2014.12.17 23:00:00.111,0.89599,0.89682,1.75,1.50
2014.12.17 23:00:00.162,0.89599,0.89682,1.75,1.50
2014.12.17 23:00:00.263,0.89599,0.89682,1.50,2.25
2014.12.17 23:00:00.313,0.89599,0.89678,3.00,1.50
2014.12.17 23:00:00.670,0.89598,0.89676,2.25,1.50
2014.12.17 23:00:00.989,0.89598,0.89679,2.25,1.50
2014.12.17 23:00:01.090,0.89598,0.89679,2.25,1.50
2014.12.17 23:00:01.191,0.89598,0.89677,2.25,1.50
2014.12.17 23:00:01.496,0.89594,0.89673,2.25,1.50
2014.12.17 23:00:01.547,0.89601,0.8968,1.87,1.00
2014.12.17 23:00:01.698,0.89601,0.8968,1.87,1.00
2014.12.17 23:00:01.748,0.89593,0.89674,3.00,1.50
2014.12.17 23:00:01.799,0.89593,0.89674,3.00,1.87
2014.12.17 23:00:01.984,0.89593,0.89674,3.00,1.50
2014.12.17 23:00:02.286,0.89592,0.89673,2.25,1.50
2014.12.17 23:00:02.494,0.89596,0.89675,2.25,1.50
2014.12.17 23:00:02.622,0.89592,0.89673,2.25,1.50
2014.12.17 23:00:02.932,0.89593,0.89671,2.25,1.50
2014.12.17 23:00:03.403,0.89597,0.89678,2.25,1.50
2014.12.17 23:00:03.643,0.89599,0.8968,2.25,2.25
2014.12.17 23:00:03.923,0.89598,0.89677,2.25,1.50
2014.12.17 23:00:04.582,0.89596,0.89675,2.25,1.50
2014.12.17 23:00:05.293,0.89593,0.89674,2.25,1.50
2014.12.17 23:00:05.833,0.89594,0.89675,2.25,1.50
2014.12.17 23:00:06.349,0.89595,0.89674,2.25,1.50
2014.12.17 23:00:06.782,0.89595,0.89676,2.25,1.50
2014.12.17 23:00:06.893,0.89598,0.89679,2.25,1.50
2014.12.17 23:00:07.045,0.89599,0.89678,2.25,1.50
2014.12.17 23:00:07.543,0.896,0.89679,2.25,1.50
2014.12.17 23:00:07.662,0.89598,0.89677,2.25,1.50
2014.12.17 23:00:08.102,0.89598,0.89679,2.25,1.50
2014.12.17 23:00:08.649,0.89599,0.89678,2.25,1.50
2014.12.17 23:00:10.632,0.89598,0.89677,2.25,1.50
2014.12.17 23:00:11.166,0.89599,0.89678,2.25,1.50
2014.12.17 23:00:11.343,0.89597,0.89678,1.87,2.25
2014.12.17 23:00:11.453,0.89598,0.89679,2.25,1.50
2014.12.17 23:00:11.554,0.89598,0.89679,2.25,1.50
2014.12.17 23:00:11.882,0.89598,0.89672,2.25,1.00
2014.12.17 23:00:12.392,0.89605,0.89672,1.87,1.00
2014.12.17 23:00:12.918,0.89606,0.89672,1.50,1.00
2014.12.17 23:00:13.574,0.89606,0.89673,1.50,2.25
2014.12.17 23:00:13.945,0.89606,0.89673,1.87,1.00
2014.12.17 23:00:15.275,0.89607,0.89673,1.87,1.37
2014.12.17 23:00:15.685,0.89607,0.89673,2.25,1.00
2014.12.17 23:00:15.887,0.89615,0.89673,1.50,1.00
2014.12.17 23:00:16.418,0.89609,0.89672,2.25,1.00
2014.12.17 23:00:16.784,0.89609,0.89672,2.25,1.00
2014.12.17 23:00:17.402,0.89608,0.89673,2.25,1.00
2014.12.17 23:00:17.722,0.89606,0.89673,2.25,2.25
2014.12.17 23:00:18.702,0.89607,0.89673,2.25,1.00
2014.12.17 23:00:18.812,0.89612,0.89673,2.25,1.00
2014.12.17 23:00:19.149,0.89615,0.89672,2.25,1.00
2014.12.17 23:00:19.652,0.89614,0.89672,1.50,1.00
2014.12.17 23:00:19.983,0.89609,0.89672,1.50,1.00
2014.12.17 23:00:20.412,0.8961,0.89672,2.25,1.00
2014.12.17 23:00:20.513,0.89612,0.89677,1.87,1.00
2014.12.17 23:00:20.614,0.89612,0.89672,1.87,1.00
2014.12.17 23:00:21.023,0.89614,0.89672,2.25,1.00
2014.12.17 23:00:21.175,0.89614,0.89672,1.87,1.00
2014.12.17 23:00:21.468,0.89608,0.89672,2.25,1.00
2014.12.17 23:00:21.929,0.89608,0.89672,2.25,1.00
2014.12.17 23:00:22.032,0.89608,0.89672,2.25,1.37
2014.12.17 23:00:22.182,0.89608,0.89673,2.25,1.00
2014.12.17 23:00:23.045,0.89616,0.89673,1.87,1.00
2014.12.17 23:00:23.548,0.8961,0.89672,1.87,1.00
2014.12.17 23:00:23.599,0.8961,0.89676,1.87,1.50
2014.12.17 23:00:23.650,0.8961,0.89676,2.25,1.50
2014.12.17 23:00:24.004,0.89616,0.89673,1.87,1.00
2014.12.17 23:00:24.333,0.89616,0.89677,1.87,1.00
2014.12.17 23:00:24.384,0.89616,0.89677,1.50,1.00
2014.12.17 23:00:24.454,0.89616,0.89677,1.87,1.00
2014.12.17 23:00:24.552,0.89616,0.89682,1.87,1.87
2014.12.17 23:00:25.082,0.89609,0.89689,2.25,1.50
2014.12.17 23:00:25.183,0.89606,0.89685,2.25,1.87
2014.12.17 23:00:25.372,0.89606,0.89683,2.25,1.50
2014.12.17 23:00:25.804,0.89602,0.89683,2.25,2.25
2014.12.17 23:00:26.571,0.89602,0.89681,2.25,2.25
2014.12.17 23:00:26.703,0.896,0.89681,3.00,2.25
2014.12.17 23:00:27.622,0.89599,0.89679,2.25,1.87
2014.12.17 23:00:27.723,0.89601,0.8968,1.87,3.00
2014.12.17 23:00:27.778,0.89601,0.8968,2.25,3.00
2014.12.17 23:00:27.980,0.89598,0.89677,1.75,1.87
2014.12.17 23:00:28.216,0.89598,0.89678,1.50,1.87
2014.12.17 23:00:28.402,0.89599,0.89678,2.25,1.87
2014.12.17 23:00:28.503,0.89599,0.89678,2.25,1.87
2014.12.17 23:00:28.585,0.89599,0.89678,2.25,1.50
2014.12.17 23:00:29.090,0.89599,0.89678,1.87,1.87
2014.12.17 23:00:29.593,0.89599,0.89678,2.25,1.87
2014.12.17 23:00:29.995,0.89599,0.89678,2.25,2.25
2014.12.17 23:00:30.096,0.89599,0.89678,2.25,1.87
2014.12.17 23:00:30.320,0.89599,0.89678,2.25,1.87
2014.12.17 23:00:30.598,0.89599,0.89678,2.25,1.50
2014.12.17 23:00:30.699,0.89599,0.8968,2.25,2.62
2014.12.17 23:00:31.447,0.89606,0.8968,2.25,1.37
2014.12.17 23:00:32.123,0.89606,0.8968,1.87,1.37
2014.12.17 23:00:32.224,0.89608,0.8968,2.25,1.00
2014.12.17 23:00:32.425,0.89611,0.89687,1.87,1.37
2014.12.17 23:00:32.608,0.89611,0.89687,2.25,1.37
2014.12.17 23:00:32.963,0.89608,0.89687,2.25,2.25
2014.12.17 23:00:33.452,0.89607,0.89686,2.25,1.87
2014.12.17 23:00:33.553,0.89603,0.89684,3.00,1.87
2014.12.17 23:00:34.114,0.89603,0.89684,3.00,2.25
2014.12.17 23:00:34.416,0.89608,0.89687,2.25,3.00
2014.12.17 23:00:35.421,0.89604,0.89683,2.25,1.50
2014.12.17 23:00:35.632,0.89603,0.89684,3.00,1.87
2014.12.17 23:00:36.773,0.89603,0.89681,1.75,1.87
2014.12.17 23:00:37.478,0.89599,0.89678,2.25,1.50
2014.12.17 23:00:37.802,0.896,0.89681,2.25,1.87
2014.12.17 23:00:37.912,0.89599,0.89678,2.25,1.50
2014.12.17 23:00:38.440,0.89599,0.89678,2.25,1.50
2014.12.17 23:00:39.147,0.89599,0.8968,2.25,1.87
2014.12.17 23:00:39.352,0.89598,0.89679,2.25,1.87
2014.12.17 23:00:39.756,0.89598,0.89675,1.87,1.37
2014.12.17 23:00:42.471,0.89596,0.89675,2.25,1.37
2014.12.17 23:00:42.978,0.89597,0.89675,2.25,1.37
2014.12.17 23:00:43.515,0.89597,0.89674,2.25,1.37
2014.12.17 23:00:43.877,0.896,0.89674,1.75,1.37
2014.12.17 23:00:43.977,0.896,0.89674,1.75,1.50
2014.12.17 23:00:44.480,0.89598,0.89675,2.25,1.75
2014.12.17 23:00:45.396,0.89599,0.89675,2.25,1.50
2014.12.17 23:00:45.486,0.89599,0.89675,2.25,1.75
2014.12.17 23:00:45.586,0.89599,0.89675,2.25,1.75
2014.12.17 23:00:46.520,0.89599,0.89675,2.25,1.75
2014.12.17 23:00:46.592,0.89599,0.89675,2.25,1.75
2014.12.17 23:00:46.693,0.89599,0.89675,2.25,1.75
2014.12.17 23:00:46.793,0.89599,0.89675,2.25,1.37
2014.12.17 23:00:48.522,0.89596,0.89675,2.25,2.62
2014.12.17 23:00:48.632,0.89598,0.89675,2.25,1.37
2014.12.17 23:00:48.951,0.89597,0.89675,2.25,1.50
2014.12.17 23:00:50.552,0.89594,0.89675,2.25,3.00
2014.12.17 23:00:50.620,0.89594,0.89675,2.25,3.00
2014.12.17 23:00:51.530,0.89595,0.89674,2.25,2.25
2014.12.17 23:00:52.235,0.89596,0.89675,2.25,3.00
2014.12.17 23:00:52.741,0.89596,0.89675,2.25,2.62
2014.12.17 23:00:53.148,0.89593,0.89674,2.25,1.87
2014.12.17 23:00:53.463,0.89591,0.8967,2.25,2.25
2014.12.17 23:00:53.692,0.89592,0.89671,2.25,1.87
2014.12.17 23:00:53.793,0.89595,0.89675,1.87,1.37
2014.12.17 23:00:54.166,0.89596,0.89675,1.87,1.75
2014.12.17 23:00:54.563,0.89597,0.89675,1.50,1.37
2014.12.17 23:00:54.665,0.89597,0.89675,1.87,1.50
2014.12.17 23:00:54.866,0.89597,0.89675,1.87,1.00
2014.12.17 23:00:55.182,0.89593,0.89674,2.25,1.87
2014.12.17 23:00:55.511,0.89593,0.89672,1.87,1.87
2014.12.17 23:00:55.571,0.89593,0.89672,2.25,1.50
2014.12.17 23:00:55.672,0.89591,0.8967,1.87,1.87
2014.12.17 23:00:55.773,0.89593,0.89672,1.50,1.87
2014.12.17 23:00:56.379,0.89593,0.89674,1.50,2.25
2014.12.17 23:00:56.430,0.89591,0.89672,1.50,2.25
2014.12.17 23:00:56.684,0.89591,0.89672,1.50,1.87
2014.12.17 23:00:56.734,0.89593,0.89672,1.50,1.87
2014.12.17 23:00:57.602,0.89593,0.89672,1.87,1.87
2014.12.17 23:00:57.791,0.89593,0.89672,1.50,1.87
2014.12.17 23:00:59.411,0.89593,0.89674,1.50,2.25
2014.12.17 23:00:59.908,0.89594,0.89673,1.87,1.87
2014.12.17 23:01:00.222,0.89594,0.89673,2.25,1.87
2014.12.17 23:01:01.921,0.89597,0.89676,1.87,2.25
2014.12.17 23:01:02.764,0.89597,0.89676,2.25,2.25
2014.12.17 23:01:02.828,0.89597,0.89676,1.50,2.25
2014.12.17 23:01:03.345,0.89596,0.89672,1.87,1.75
2014.12.17 23:01:03.644,0.89597,0.89672,2.25,1.75
2014.12.17 23:01:04.791,0.89596,0.89677,2.25,1.75
2014.12.17 23:01:06.054,0.89599,0.89677,1.50,1.75
2014.12.17 23:01:07.613,0.89599,0.89671,1.87,1.37
2014.12.17 23:01:07.764,0.89602,0.89677,1.50,2.25
2014.12.17 23:01:08.796,0.89602,0.89677,2.25,1.87
2014.12.17 23:01:11.291,0.89603,0.89682,2.25,1.75
2014.12.17 23:01:16.542,0.89598,0.89677,2.25,1.37
2014.12.17 23:01:16.643,0.89597,0.89675,2.25,2.25
2014.12.17 23:01:16.911,0.89597,0.89674,1.87,1.87
2014.12.17 23:01:17.416,0.89593,0.89672,2.25,2.25
2014.12.17 23:01:21.548,0.89592,0.89671,1.87,1.87
2014.12.17 23:01:23.852,0.89592,0.89673,2.25,1.87
2014.12.17 23:01:29.492,0.89599,0.89674,2.25,2.25
2014.12.17 23:01:29.826,0.89609,0.89661,1.37,1.00
2014.12.17 23:01:30.181,0.89609,0.89661,1.75,1.00
2014.12.17 23:01:30.231,0.89614,0.89666,1.37,1.37
2014.12.17 23:01:30.379,0.89614,0.89666,1.37,1.00
2014.12.17 23:01:30.902,0.89614,0.89666,1.37,1.37
2014.12.17 23:01:31.421,0.89614,0.89666,1.37,1.12
2014.12.17 23:01:32.184,0.89614,0.89666,1.00,1.00
2014.12.17 23:01:32.392,0.89614,0.89666,1.37,1.37
2014.12.17 23:01:32.814,0.89614,0.89666,1.00,1.75
2014.12.17 23:01:32.931,0.89614,0.89666,1.12,1.12
2014.12.17 23:01:33.421,0.89614,0.89666,1.00,1.75
2014.12.17 23:01:33.472,0.89604,0.89654,1.37,1.00
2014.12.17 23:01:33.573,0.89604,0.89654,1.00,1.00
2014.12.17 23:01:37.503,0.89604,0.89654,1.37,1.12
2014.12.17 23:01:38.431,0.89604,0.89654,1.12,1.00
2014.12.17 23:01:38.542,0.89604,0.89654,1.37,1.12
2014.12.17 23:01:39.161,0.89604,0.89654,1.12,1.00
2014.12.17 23:01:39.220,0.89604,0.89654,1.37,1.12
2014.12.17 23:01:42.381,0.89597,0.89666,1.75,1.75
2014.12.17 23:01:42.933,0.89597,0.89666,1.37,1.75
2014.12.17 23:01:43.167,0.89597,0.89666,1.50,3.00
2014.12.17 23:01:43.440,0.89597,0.89666,1.37,3.00
2014.12.17 23:01:43.583,0.89597,0.89665,1.00,2.25
2014.12.17 23:01:43.684,0.89595,0.89663,1.00,1.87
2014.12.17 23:01:43.864,0.89595,0.89663,1.00,2.25
2014.12.17 23:01:43.945,0.89595,0.89663,1.00,1.87
2014.12.17 23:01:44.680,0.89595,0.89664,1.75,2.25
2014.12.17 23:01:44.750,0.89595,0.89664,1.37,1.87
2014.12.17 23:01:44.951,0.89595,0.89664,1.50,2.25
2014.12.17 23:01:45.051,0.89595,0.89664,1.00,1.87
2014.12.17 23:01:45.601,0.89595,0.89664,1.37,2.25
2014.12.17 23:01:46.132,0.89593,0.89658,1.75,1.12
2014.12.17 23:01:46.482,0.89593,0.89658,3.00,1.00
2014.12.17 23:01:47.209,0.89593,0.89659,2.25,1.00
2014.12.17 23:01:47.670,0.89595,0.89659,1.50,1.00
2014.12.17 23:01:47.771,0.89596,0.89659,1.87,1.00
2014.12.17 23:01:48.168,0.89595,0.89658,1.50,1.12
2014.12.17 23:01:48.370,0.89594,0.89658,2.25,1.00
2014.12.17 23:01:48.510,0.89594,0.89658,1.50,1.00
2014.12.17 23:01:48.705,0.89594,0.89658,1.87,1.12
2014.12.17 23:01:48.805,0.89594,0.89658,1.50,1.00
2014.12.17 23:01:49.179,0.89594,0.89659,1.87,1.12
2014.12.17 23:01:49.481,0.89594,0.89659,1.50,1.00
2014.12.17 23:01:50.089,0.89594,0.89659,2.25,1.12
2014.12.17 23:01:50.200,0.89593,0.89659,1.50,1.37
2014.12.17 23:01:50.531,0.89594,0.89659,2.25,1.12
2014.12.17 23:01:51.635,0.89595,0.89658,1.87,1.00
2014.12.17 23:01:52.732,0.89593,0.89658,1.00,1.00
2014.12.17 23:01:53.757,0.8959,0.89659,1.87,1.00
2014.12.17 23:01:55.131,0.89591,0.89659,1.50,1.37
2014.12.17 23:01:56.140,0.89591,0.89659,1.87,1.37
2014.12.17 23:01:56.342,0.89591,0.89659,1.50,1.37
2014.12.17 23:01:56.645,0.89591,0.89659,1.87,1.37
2014.12.17 23:01:57.649,0.89591,0.89659,1.50,1.37
2014.12.17 23:01:57.993,0.89592,0.89659,2.25,1.37
2014.12.17 23:01:58.053,0.89592,0.89659,1.50,1.37
2014.12.17 23:01:58.104,0.8959,0.89659,1.87,1.37
2014.12.17 23:01:58.401,0.89592,0.89659,1.50,1.37
2014.12.17 23:01:59.868,0.89591,0.89659,1.87,1.12
2014.12.17 23:02:00.201,0.89588,0.89657,1.37,2.25
2014.12.17 23:02:00.604,0.89588,0.89657,1.87,3.00
2014.12.17 23:02:01.152,0.89588,0.89657,1.50,3.00
2014.12.17 23:02:01.584,0.89588,0.89657,1.87,3.00
2014.12.17 23:02:02.122,0.89593,0.89657,1.12,3.00
2014.12.17 23:02:04.708,0.89588,0.89657,2.25,1.75
2014.12.17 23:02:05.711,0.89587,0.89654,1.00,1.50
2014.12.17 23:02:05.930,0.89587,0.89654,1.37,1.75
2014.12.17 23:02:06.160,0.89587,0.89654,1.00,1.75
2014.12.17 23:02:07.861,0.89588,0.89654,1.00,1.75
2014.12.17 23:02:10.770,0.89588,0.89654,1.50,1.75
2014.12.17 23:02:13.741,0.89588,0.89654,1.12,1.75
2014.12.17 23:02:13.850,0.89588,0.89654,1.75,1.75
2014.12.17 23:02:13.942,0.89588,0.89654,1.37,1.75
2014.12.17 23:02:14.143,0.89588,0.89654,1.75,1.75
2014.12.17 23:02:14.243,0.89588,0.89654,1.37,1.75
2014.12.17 23:02:15.392,0.89587,0.89654,1.00,1.75
2014.12.17 23:02:15.954,0.89588,0.89654,1.37,1.75
2014.12.17 23:02:16.694,0.89589,0.89654,1.50,1.37
2014.12.17 23:02:16.794,0.89588,0.89654,2.62,1.37
2014.12.17 23:02:16.965,0.89589,0.89654,2.25,1.37
2014.12.17 23:02:17.280,0.89598,0.89654,1.00,1.37
2014.12.17 23:02:17.769,0.89598,0.89654,1.00,1.37
2014.12.17 23:02:18.656,0.89597,0.89654,1.00,1.37
2014.12.17 23:02:18.819,0.89597,0.89654,1.00,1.00
2014.12.17 23:02:19.077,0.89597,0.89654,1.00,1.37
2014.12.17 23:02:19.380,0.89597,0.89654,1.00,1.50
2014.12.17 23:02:20.051,0.89598,0.89654,1.00,1.50
2014.12.17 23:02:20.101,0.89598,0.89654,1.00,1.37
2014.12.17 23:02:20.840,0.89598,0.89654,1.00,1.00
2014.12.17 23:02:20.941,0.89598,0.89654,1.37,1.37
2014.12.17 23:02:21.703,0.89598,0.89654,1.00,1.37
2014.12.17 23:02:21.931,0.89598,0.89654,1.37,1.37
2014.12.17 23:02:22.105,0.89598,0.89654,1.00,1.37
2014.12.17 23:02:22.407,0.89597,0.89654,1.00,1.37
2014.12.17 23:02:22.525,0.89597,0.89654,1.37,1.37
2014.12.17 23:02:23.011,0.89597,0.89654,1.00,1.37
2014.12.17 23:02:23.111,0.89597,0.89654,1.37,1.37
2014.12.17 23:02:25.933,0.89584,0.89654,1.75,1.37
2014.12.17 23:02:26.829,0.89584,0.89655,1.75,1.37
2014.12.17 23:02:26.950,0.89584,0.89655,1.75,1.12
2014.12.17 23:02:27.549,0.89584,0.89655,1.75,1.37
2014.12.17 23:02:28.439,0.89584,0.89655,1.75,1.37
2014.12.17 23:02:28.843,0.89584,0.89655,1.75,1.12
2014.12.17 23:02:29.470,0.89584,0.89655,1.75,1.50
2014.12.17 23:02:29.950,0.89584,0.89655,1.75,1.37
2014.12.17 23:02:30.955,0.89584,0.89655,1.75,1.00
2014.12.17 23:02:31.055,0.89584,0.89655,1.75,1.37
2014.12.17 23:02:32.000,0.89588,0.89655,1.75,1.37
2014.12.17 23:02:32.865,0.89588,0.89655,1.75,1.37
2014.12.17 23:02:32.967,0.89588,0.89655,1.75,1.37
2014.12.17 23:02:33.871,0.89588,0.89655,1.37,1.00
2014.12.17 23:02:33.973,0.89588,0.89655,1.75,1.37
2014.12.17 23:02:34.910,0.89584,0.89655,1.50,1.00
2014.12.17 23:02:35.010,0.89584,0.89655,1.75,1.37
2014.12.17 23:02:35.211,0.89584,0.89655,1.75,1.00
2014.12.17 23:02:35.486,0.89584,0.89655,1.75,1.37
2014.12.17 23:02:35.990,0.89584,0.89655,1.37,1.37
2014.12.17 23:02:36.091,0.89584,0.89655,1.75,1.50
2014.12.17 23:02:36.293,0.89584,0.89655,1.75,1.37
2014.12.17 23:02:36.910,0.89584,0.89655,1.75,1.37
2014.12.17 23:02:37.610,0.89584,0.89655,1.50,1.00
2014.12.17 23:02:37.802,0.89584,0.89655,1.75,1.50
2014.12.17 23:02:39.407,0.89584,0.89655,1.75,1.75
2014.12.17 23:02:39.509,0.89584,0.89655,1.12,1.00
2014.12.17 23:02:39.611,0.89584,0.89655,1.75,1.50
2014.12.17 23:02:40.114,0.89585,0.89654,2.25,1.50
2014.12.17 23:02:40.214,0.89585,0.89654,1.75,1.37
2014.12.17 23:02:40.365,0.8959,0.8966,1.37,1.37
2014.12.17 23:02:40.520,0.8959,0.8966,1.75,1.50
2014.12.17 23:02:40.718,0.8959,0.8966,1.00,1.00
2014.12.17 23:02:40.819,0.8959,0.8966,1.75,1.12
2014.12.17 23:02:41.122,0.8959,0.8966,1.75,1.37
2014.12.17 23:02:41.546,0.8959,0.8966,1.75,1.37
2014.12.17 23:02:41.647,0.89595,0.89666,1.37,1.75
2014.12.17 23:02:41.726,0.89595,0.89666,1.75,1.75
2014.12.17 23:02:41.970,0.89595,0.89666,1.37,1.75
2014.12.17 23:02:42.729,0.89595,0.89666,1.37,1.75
2014.12.17 23:02:42.868,0.89595,0.89666,1.75,1.50
2014.12.17 23:02:43.424,0.89595,0.89666,1.75,1.50
2014.12.17 23:02:43.734,0.89595,0.89666,1.37,1.75
2014.12.17 23:02:44.239,0.89595,0.89666,1.50,1.75
2014.12.17 23:02:44.540,0.89595,0.89666,1.37,1.75
2014.12.17 23:02:45.644,0.89595,0.89666,1.75,1.75
2014.12.17 23:02:46.747,0.89595,0.89666,1.37,1.75
2014.12.17 23:02:46.990,0.89595,0.89666,1.00,1.37
2014.12.17 23:02:47.091,0.89595,0.89666,1.37,1.75
2014.12.17 23:02:47.402,0.89595,0.89666,1.75,1.75
2014.12.17 23:02:47.754,0.89596,0.89665,1.00,1.12
2014.12.17 23:02:47.855,0.89596,0.89665,1.37,1.37
2014.12.17 23:02:48.155,0.89596,0.89665,1.00,1.00
2014.12.17 23:02:48.279,0.89596,0.89665,1.00,1.37
2014.12.17 23:02:49.059,0.89596,0.89665,1.00,1.37
2014.12.17 23:02:49.159,0.8959,0.89659,1.00,1.00
2014.12.17 23:02:49.210,0.8959,0.89659,1.00,1.37
2014.12.17 23:02:49.739,0.8959,0.89659,1.00,1.37
2014.12.17 23:02:50.169,0.8959,0.89659,1.00,1.37
2014.12.17 23:02:50.483,0.8959,0.89659,1.00,1.00
2014.12.17 23:02:50.572,0.8959,0.89659,1.00,1.37
2014.12.17 23:02:50.699,0.8959,0.89659,1.00,1.00
2014.12.17 23:02:51.612,0.8959,0.89659,1.00,1.37
2014.12.17 23:02:53.542,0.8959,0.89659,1.00,1.37
2014.12.17 23:02:53.857,0.89589,0.89659,1.37,1.75
2014.12.17 23:02:53.907,0.89589,0.89659,1.00,1.37
2014.12.17 23:02:54.196,0.89589,0.8966,1.37,1.75
2014.12.17 23:02:54.297,0.89589,0.8966,1.00,1.37
2014.12.17 23:02:54.598,0.89589,0.8966,1.37,1.75
2014.12.17 23:02:54.699,0.89589,0.8966,1.00,1.37
2014.12.17 23:02:55.001,0.89589,0.8966,1.00,1.75
2014.12.17 23:02:56.406,0.89589,0.8966,1.37,1.75
2014.12.17 23:02:56.509,0.89589,0.89657,1.00,1.00
2014.12.17 23:02:56.767,0.89589,0.8966,1.00,1.37
2014.12.17 23:02:56.818,0.8959,0.89656,1.37,1.75
2014.12.17 23:02:57.510,0.8959,0.89656,1.00,1.75
2014.12.17 23:02:57.611,0.8959,0.89656,1.37,1.75
2014.12.17 23:02:58.515,0.8959,0.89656,1.00,1.75
2014.12.17 23:02:58.918,0.8959,0.89656,1.00,1.12
2014.12.17 23:02:59.069,0.8959,0.89656,1.00,1.75
2014.12.17 23:02:59.621,0.8959,0.89656,1.37,1.75
2014.12.17 23:03:00.269,0.8959,0.89656,1.00,1.37
2014.12.17 23:03:00.325,0.8959,0.89656,1.12,1.75
2014.12.17 23:03:01.229,0.89589,0.8966,1.00,1.37
2014.12.17 23:03:01.336,0.89589,0.8966,1.00,2.25
2014.12.17 23:03:03.415,0.8959,0.89659,1.00,1.75
2014.12.17 23:03:05.253,0.8959,0.89659,1.00,1.75
2014.12.17 23:03:05.366,0.89589,0.89659,1.00,1.50
2014.12.17 23:03:05.467,0.8959,0.89659,1.00,1.75
2014.12.17 23:03:06.208,0.8959,0.89659,1.00,1.00
2014.12.17 23:03:06.261,0.8959,0.89659,1.12,1.37
2014.12.17 23:03:06.718,0.8959,0.89659,1.00,1.75
2014.12.17 23:03:07.165,0.8959,0.89659,1.00,1.37
2014.12.17 23:03:08.038,0.8959,0.89659,1.00,1.37
2014.12.17 23:03:08.708,0.8959,0.89659,1.00,1.75
2014.12.17 23:03:09.212,0.8959,0.89659,1.00,1.37
2014.12.17 23:03:09.887,0.89588,0.89659,1.00,1.37
2014.12.17 23:03:10.280,0.89588,0.89659,1.00,1.75
2014.12.17 23:03:10.478,0.89588,0.89659,1.00,1.00
2014.12.17 23:03:10.578,0.89588,0.89659,1.00,1.75
2014.12.17 23:03:11.180,0.89588,0.89659,1.00,1.37
2014.12.17 23:03:11.979,0.89588,0.89659,1.00,1.37
2014.12.17 23:03:13.285,0.89588,0.89659,1.12,1.75
2014.12.17 23:03:13.485,0.89588,0.89659,1.12,1.12
2014.12.17 23:03:13.586,0.89588,0.89659,1.37,1.75
2014.12.17 23:03:14.019,0.89591,0.89659,1.87,1.75
2014.12.17 23:03:14.188,0.89591,0.89659,1.50,1.37
2014.12.17 23:03:14.890,0.8959,0.89659,1.50,1.00
2014.12.17 23:03:14.959,0.89588,0.89659,2.25,1.00
2014.12.17 23:03:15.010,0.89588,0.89659,2.62,1.37
2014.12.17 23:03:15.329,0.8959,0.89659,1.50,1.37
2014.12.17 23:03:15.793,0.89589,0.89659,1.50,1.37
2014.12.17 23:03:15.894,0.89589,0.89659,1.87,1.37
2014.12.17 23:03:16.797,0.89589,0.89659,1.50,1.12
2014.12.17 23:03:16.898,0.89588,0.89659,1.12,1.37
2014.12.17 23:03:17.009,0.89588,0.89659,1.00,1.37
2014.12.17 23:03:17.329,0.89588,0.89659,2.25,1.37
2014.12.17 23:03:17.928,0.89588,0.89659,1.00,1.37
2014.12.17 23:03:18.478,0.8959,0.89659,1.50,1.37
2014.12.17 23:03:18.949,0.8959,0.89659,1.50,1.50
2014.12.17 23:03:19.469,0.89588,0.89659,1.00,1.50
2014.12.17 23:03:20.329,0.89588,0.89659,1.00,1.75
2014.12.17 23:03:20.811,0.89588,0.89659,2.25,1.37
2014.12.17 23:03:20.912,0.89588,0.89659,2.25,1.75
2014.12.17 23:03:21.312,0.89589,0.89659,1.50,1.37
2014.12.17 23:03:21.888,0.89588,0.89659,2.25,1.37
2014.12.17 23:03:21.939,0.89588,0.89659,2.62,1.75
2014.12.17 23:03:22.115,0.89588,0.89659,2.25,1.37
2014.12.17 23:03:22.816,0.89589,0.89659,1.50,1.50
2014.12.17 23:03:23.209,0.8959,0.89659,1.87,1.75
2014.12.17 23:03:23.820,0.8959,0.89659,1.50,1.37
2014.12.17 23:03:23.871,0.89588,0.89659,2.25,1.37
2014.12.17 23:03:23.921,0.89588,0.89659,2.62,1.75
2014.12.17 23:03:24.321,0.8959,0.89659,1.50,1.37
2014.12.17 23:03:24.422,0.8959,0.89659,1.87,1.75
2014.12.17 23:03:24.823,0.8959,0.89659,1.50,1.37
2014.12.17 23:03:25.040,0.8959,0.89659,1.87,1.75
2014.12.17 23:03:25.826,0.89589,0.89659,1.87,1.75
2014.12.17 23:03:26.458,0.89589,0.89659,1.87,1.50
2014.12.17 23:03:26.930,0.8959,0.89659,1.87,1.50
2014.12.17 23:03:27.266,0.89589,0.89659,2.25,1.37
2014.12.17 23:03:27.367,0.89589,0.89659,1.87,1.75
2014.12.17 23:03:27.467,0.89588,0.89659,1.00,1.37
2014.12.17 23:03:28.134,0.89588,0.89659,1.00,1.00
2014.12.17 23:03:28.479,0.89594,0.89666,1.75,1.50
2014.12.17 23:03:28.838,0.89595,0.89665,1.50,1.75
2014.12.17 23:03:29.469,0.89595,0.89665,1.50,1.50
2014.12.17 23:03:30.079,0.89595,0.89662,1.87,1.75
2014.12.17 23:03:31.341,0.89595,0.89662,1.00,1.37
2014.12.17 23:03:31.542,0.89595,0.89662,1.37,1.75
2014.12.17 23:03:31.842,0.89595,0.89662,1.00,1.75
2014.12.17 23:03:32.068,0.89595,0.89662,1.37,1.75
2014.12.17 23:03:32.650,0.89595,0.89662,1.37,1.75
2014.12.17 23:03:34.479,0.89595,0.89665,1.00,1.50
2014.12.17 23:03:35.452,0.89595,0.89663,1.12,1.75
2014.12.17 23:03:36.154,0.89595,0.89663,1.00,1.37
2014.12.17 23:03:36.300,0.89595,0.89663,1.37,1.75
2014.12.17 23:03:36.757,0.89595,0.89665,1.00,1.50
2014.12.17 23:03:36.899,0.89595,0.89665,1.12,1.75
2014.12.17 23:03:37.559,0.89595,0.89665,1.00,1.50
2014.12.17 23:03:38.888,0.89595,0.89665,1.12,1.75
2014.12.17 23:03:39.464,0.89595,0.89665,1.37,1.75
2014.12.17 23:03:43.172,0.89595,0.89662,1.00,1.37
2014.12.17 23:03:43.279,0.89595,0.89662,1.00,1.37
2014.12.17 23:03:44.179,0.89595,0.89665,1.00,1.75
2014.12.17 23:03:44.280,0.89595,0.89665,1.00,1.37
2014.12.17 23:03:44.380,0.89595,0.89665,1.00,1.75
2014.12.17 23:03:44.818,0.89595,0.89665,1.00,1.37
2014.12.17 23:03:45.178,0.89595,0.89665,1.00,1.37
2014.12.17 23:03:45.279,0.89595,0.89665,1.00,1.37
2014.12.17 23:03:46.028,0.89595,0.89665,1.37,1.75
2014.12.17 23:03:46.482,0.89595,0.89665,1.00,1.37
2014.12.17 23:03:46.786,0.89595,0.89665,1.37,1.75
2014.12.17 23:03:46.883,0.89595,0.89665,1.00,1.37
2014.12.17 23:03:47.624,0.896,0.89668,1.00,1.75
2014.12.17 23:03:47.940,0.896,0.89668,1.75,1.37
2014.12.17 23:03:47.991,0.896,0.89668,1.00,1.50
2014.12.17 23:03:49.588,0.896,0.89668,1.00,1.75
2014.12.17 23:03:50.434,0.896,0.89668,1.50,1.37
2014.12.17 23:03:50.536,0.896,0.89668,1.00,1.50
2014.12.17 23:03:51.028,0.89601,0.89668,1.50,1.37
2014.12.17 23:03:51.239,0.89601,0.89668,1.00,1.50
2014.12.17 23:03:52.109,0.89601,0.89668,1.00,1.75
2014.12.17 23:03:52.210,0.89601,0.89668,1.00,1.50
2014.12.17 23:03:53.197,0.89601,0.89668,1.50,1.37
2014.12.17 23:03:53.398,0.89601,0.89668,1.00,1.50
2014.12.17 23:03:53.711,0.89601,0.89668,1.50,1.37
2014.12.17 23:03:54.137,0.89601,0.89668,1.75,1.50
2014.12.17 23:03:54.200,0.89601,0.89668,1.37,1.37
2014.12.17 23:03:54.601,0.89601,0.89668,1.75,1.50
2014.12.17 23:03:54.902,0.89601,0.89668,1.75,1.37
2014.12.17 23:03:55.404,0.89601,0.89668,1.75,1.37
2014.12.17 23:03:56.105,0.89601,0.89667,1.00,1.00
2014.12.17 23:03:56.206,0.89601,0.89667,1.00,1.37
2014.12.17 23:03:57.811,0.89601,0.89667,1.00,1.00
2014.12.17 23:03:57.912,0.89609,0.89662,1.00,1.00
2014.12.17 23:03:58.517,0.8961,0.89662,1.50,1.00
2014.12.17 23:03:59.079,0.8961,0.89668,1.50,1.00
2014.12.17 23:03:59.670,0.8961,0.89673,1.87,1.37
2014.12.17 23:03:59.878,0.89615,0.89672,1.50,1.37
2014.12.17 23:04:00.421,0.89615,0.89672,1.50,1.37
2014.12.17 23:04:00.641,0.89613,0.89677,1.87,1.75
2014.12.17 23:04:00.759,0.8961,0.89677,1.50,1.75
2014.12.17 23:04:01.028,0.89604,0.89673,1.00,1.75
2014.12.17 23:04:01.129,0.89604,0.89673,1.00,1.75
2014.12.17 23:04:01.638,0.89604,0.89673,1.00,1.75
2014.12.17 23:04:03.128,0.89604,0.89673,1.00,1.75
2014.12.17 23:04:03.656,0.89604,0.89673,1.75,1.00
2014.12.17 23:04:04.213,0.89611,0.89678,1.00,2.62
2014.12.17 23:04:04.264,0.89611,0.89678,1.37,1.00
2014.12.17 23:04:04.776,0.89611,0.89677,1.37,1.00
2014.12.17 23:04:06.551,0.89611,0.89677,1.00,1.00
2014.12.17 23:04:06.657,0.89611,0.89677,1.37,1.00
2014.12.17 23:04:06.989,0.89611,0.89673,1.37,1.00
2014.12.17 23:04:07.139,0.89611,0.89678,1.37,1.00
2014.12.17 23:04:08.567,0.89611,0.89677,1.37,1.00
2014.12.17 23:04:09.255,0.89611,0.89677,1.75,1.00
2014.12.17 23:04:10.259,0.89611,0.89677,1.37,1.00
2014.12.17 23:04:12.873,0.89611,0.89677,1.75,1.00
2014.12.17 23:04:13.778,0.89611,0.89677,1.75,1.12
2014.12.17 23:04:14.382,0.89611,0.89677,1.00,1.37
2014.12.17 23:04:14.634,0.89611,0.89677,1.00,1.12
2014.12.17 23:04:14.686,0.89611,0.89677,1.75,1.12
2014.12.17 23:04:14.918,0.89611,0.89673,1.00,1.00
2014.12.17 23:04:15.457,0.89611,0.89677,1.00,1.37
2014.12.17 23:04:15.508,0.89611,0.89677,1.75,1.00
2014.12.17 23:04:15.695,0.89611,0.89677,1.75,1.00
2014.12.17 23:04:16.097,0.89611,0.89677,1.00,1.37
2014.12.17 23:04:16.607,0.89611,0.89672,1.00,1.00
2014.12.17 23:04:16.818,0.89611,0.89678,1.00,1.37
2014.12.17 23:04:17.606,0.89611,0.89678,1.00,1.37
2014.12.17 23:04:18.149,0.89611,0.89678,1.00,1.37
2014.12.17 23:04:19.621,0.89611,0.89678,1.00,1.37
2014.12.17 23:04:19.822,0.89611,0.89678,1.00,1.37
2014.12.17 23:04:20.643,0.89611,0.89678,1.00,1.37
2014.12.17 23:04:21.131,0.89611,0.89672,1.37,1.00
2014.12.17 23:04:21.667,0.89611,0.89677,1.00,1.12
2014.12.17 23:04:23.547,0.89611,0.89677,1.00,1.37
2014.12.17 23:04:24.637,0.89608,0.89677,1.00,1.37
2014.12.17 23:04:25.467,0.89609,0.89677,1.50,1.37
2014.12.17 23:04:25.962,0.8961,0.89677,1.50,1.00
2014.12.17 23:04:26.865,0.8961,0.89677,1.87,1.12
2014.12.17 23:04:28.375,0.89609,0.89677,1.87,1.00
2014.12.17 23:04:33.390,0.89609,0.89677,1.87,1.12
2014.12.17 23:04:38.931,0.89608,0.89678,1.37,1.87
2014.12.17 23:04:39.641,0.89609,0.89678,1.87,1.87
2014.12.17 23:04:40.427,0.8961,0.89678,1.50,1.87
2014.12.17 23:04:40.845,0.89608,0.89678,1.37,1.87
2014.12.17 23:04:41.552,0.89608,0.89678,1.37,1.50
2014.12.17 23:04:42.117,0.8961,0.89672,1.50,1.00
2014.12.17 23:04:43.617,0.89609,0.89672,1.87,1.00
2014.12.17 23:04:45.427,0.89613,0.89672,1.00,1.00
2014.12.17 23:04:45.857,0.89613,0.89672,1.37,1.00
2014.12.17 23:04:46.560,0.8961,0.89672,1.87,1.00
2014.12.17 23:04:47.136,0.89612,0.89672,1.37,1.00
2014.12.17 23:04:47.407,0.89612,0.89672,1.00,1.00
2014.12.17 23:04:47.762,0.89612,0.89672,1.50,1.00
2014.12.17 23:04:48.063,0.89612,0.89672,1.37,1.00
2014.12.17 23:04:48.664,0.89612,0.89672,1.37,1.00
2014.12.17 23:04:48.866,0.89612,0.89672,1.00,1.00
2014.12.17 23:04:49.409,0.89612,0.89672,1.37,1.00
2014.12.17 23:04:55.227,0.89612,0.89677,2.62,1.12
2014.12.17 23:04:59.187,0.89612,0.89677,3.00,1.00
2014.12.17 23:05:00.990,0.89612,0.89677,2.62,1.00
2014.12.17 23:05:05.407,0.89614,0.89677,2.25,1.00
2014.12.17 23:05:09.310,0.89616,0.89678,1.37,1.00
2014.12.17 23:05:10.934,0.89616,0.89678,1.37,1.00
2014.12.17 23:05:12.389,0.89616,0.89677,1.37,1.00
2014.12.17 23:05:15.351,0.89616,0.89677,1.00,1.00
2014.12.17 23:05:16.358,0.89616,0.89677,1.37,1.00
2014.12.17 23:05:17.889,0.89616,0.89678,1.37,1.00
2014.12.17 23:05:18.490,0.89616,0.89678,1.37,1.00
2014.12.17 23:05:19.668,0.89616,0.89678,1.12,1.00
2014.12.17 23:05:20.090,0.89616,0.89673,1.37,1.00
2014.12.17 23:05:20.191,0.89613,0.89673,1.87,1.00
2014.12.17 23:05:20.394,0.89609,0.89673,2.25,1.00
2014.12.17 23:05:20.445,0.89603,0.89673,1.87,1.50
2014.12.17 23:05:20.495,0.89603,0.89673,1.87,1.87
2014.12.17 23:05:20.861,0.89601,0.89667,1.87,1.00
2014.12.17 23:05:21.198,0.89601,0.89667,2.25,1.00
2014.12.17 23:05:23.080,0.89604,0.89667,2.25,1.00
2014.12.17 23:05:23.181,0.89604,0.89667,1.87,1.00
2014.12.17 23:05:23.382,0.89606,0.89667,1.87,1.00
2014.12.17 23:05:23.641,0.89605,0.89674,2.25,1.37
2014.12.17 23:05:23.741,0.89606,0.89674,1.50,1.37
2014.12.17 23:05:23.984,0.89604,0.89674,1.50,1.37
2014.12.17 23:05:24.609,0.89603,0.89674,1.50,1.37
2014.12.17 23:05:24.886,0.89603,0.89674,1.87,1.37
2014.12.17 23:05:25.688,0.89603,0.89674,1.50,1.37
2014.12.17 23:05:26.190,0.89602,0.89674,1.50,1.37
2014.12.17 23:05:26.293,0.89604,0.89674,1.50,1.37
2014.12.17 23:05:26.588,0.89602,0.89674,1.50,1.37
2014.12.17 23:05:27.192,0.89602,0.89674,1.87,1.00
2014.12.17 23:05:28.128,0.89602,0.89674,1.87,1.37
2014.12.17 23:05:28.229,0.89601,0.89674,1.87,1.75
2014.12.17 23:05:29.600,0.89601,0.89674,2.25,1.37
2014.12.17 23:05:29.906,0.896,0.89674,1.87,1.75
2014.12.17 23:05:30.152,0.89602,0.89674,1.87,1.50
2014.12.17 23:05:30.490,0.89601,0.89674,1.87,1.75
2014.12.17 23:05:30.704,0.89601,0.89674,1.87,1.50
2014.12.17 23:05:31.807,0.89601,0.89674,1.50,1.50
2014.12.17 23:05:31.908,0.89601,0.89674,1.87,1.75
2014.12.17 23:05:32.319,0.89601,0.89674,1.87,1.37
2014.12.17 23:05:32.432,0.89601,0.89674,2.25,1.37
2014.12.17 23:05:32.729,0.89603,0.89674,1.87,1.50
2014.12.17 23:05:33.450,0.89604,0.89674,2.25,1.37
2014.12.17 23:05:33.513,0.89604,0.89674,1.87,1.37
2014.12.17 23:05:33.664,0.8961,0.89674,1.50,1.37
2014.12.17 23:05:34.014,0.89612,0.89674,1.50,1.00
2014.12.17 23:05:36.428,0.89612,0.89675,1.50,1.00
2014.12.17 23:05:36.960,0.89613,0.89675,1.50,1.12
2014.12.17 23:05:37.465,0.89612,0.89675,1.50,1.12
2014.12.17 23:05:38.029,0.89611,0.89674,1.50,1.00
2014.12.17 23:05:39.166,0.89613,0.89674,1.50,1.00
2014.12.17 23:05:39.679,0.89614,0.89674,1.50,1.00
2014.12.17 23:05:39.898,0.89612,0.89674,1.50,1.00
2014.12.17 23:05:40.515,0.89611,0.89674,1.50,1.00
2014.12.17 23:05:40.565,0.89613,0.89677,1.50,1.37
2014.12.17 23:05:42.776,0.89614,0.89672,1.50,1.00
2014.12.17 23:05:43.440,0.89606,0.89677,1.37,1.37
2014.12.17 23:05:43.641,0.89606,0.89668,1.00,1.00
2014.12.17 23:05:44.229,0.89606,0.89667,1.00,1.00
2014.12.17 23:05:44.593,0.89606,0.89667,1.37,1.00
2014.12.17 23:05:44.940,0.89606,0.89662,1.00,1.00
2014.12.17 23:05:45.060,0.89606,0.89667,1.00,1.00
2014.12.17 23:05:46.658,0.89606,0.89667,1.37,1.00
2014.12.17 23:05:47.589,0.89606,0.89662,1.37,1.00
2014.12.17 23:05:48.358,0.89606,0.89668,1.37,1.00
2014.12.17 23:05:48.885,0.89606,0.89667,1.37,1.00
2014.12.17 23:05:49.773,0.89606,0.89667,1.00,1.00
2014.12.17 23:05:50.177,0.89606,0.89667,1.37,1.00
2014.12.17 23:05:50.277,0.89606,0.89672,1.37,1.00
2014.12.17 23:05:50.328,0.89606,0.89672,1.00,1.00
2014.12.17 23:05:58.590,0.89606,0.89667,1.00,1.00
2014.12.17 23:05:58.842,0.89606,0.89673,1.00,1.00
2014.12.17 23:05:59.597,0.89606,0.89667,1.00,1.00
2014.12.17 23:06:00.631,0.89601,0.89667,2.25,1.00
2014.12.17 23:06:01.158,0.89601,0.89667,2.62,1.00
2014.12.17 23:06:02.867,0.89601,0.89667,2.62,1.00
2014.12.17 23:06:03.112,0.89601,0.8967,1.00,1.50
2014.12.17 23:06:03.162,0.89594,0.89665,1.87,1.00
2014.12.17 23:06:03.313,0.89596,0.89671,2.62,1.50
2014.12.17 23:06:03.364,0.89598,0.89663,1.87,1.00
2014.12.17 23:06:03.698,0.89602,0.89662,3.00,1.00
2014.12.17 23:06:04.281,0.8961,0.89662,1.50,1.00
2014.12.17 23:06:04.538,0.89608,0.89662,1.50,1.00
2014.12.17 23:06:04.588,0.89608,0.89662,1.87,1.00
2014.12.17 23:06:05.092,0.89608,0.89662,1.87,1.00
2014.12.17 23:06:05.598,0.89608,0.89662,1.50,1.00
2014.12.17 23:06:06.003,0.89606,0.89662,1.50,1.00
2014.12.17 23:06:06.311,0.89606,0.89662,1.87,1.00
2014.12.17 23:06:07.448,0.89607,0.89662,1.87,1.00
2014.12.17 23:06:08.124,0.89605,0.89663,1.87,1.00
2014.12.17 23:06:08.174,0.89605,0.89657,1.87,1.00
2014.12.17 23:06:08.326,0.89603,0.89657,1.50,1.00
2014.12.17 23:06:08.377,0.89603,0.89657,1.87,1.00
2014.12.17 23:06:08.477,0.89603,0.89657,1.50,1.00
2014.12.17 23:06:08.839,0.89602,0.89657,2.62,1.00
2014.12.17 23:06:09.042,0.89602,0.89657,1.37,1.00
2014.12.17 23:06:10.320,0.89602,0.89657,1.12,1.00
2014.12.17 23:06:11.257,0.89602,0.89657,1.37,1.00
2014.12.17 23:06:11.660,0.89602,0.89657,1.00,1.00
2014.12.17 23:06:11.761,0.89602,0.89657,1.37,1.00
2014.12.17 23:06:12.067,0.89602,0.89657,1.00,1.00
2014.12.17 23:06:12.168,0.89602,0.89657,1.37,1.00
2014.12.17 23:06:12.270,0.89602,0.89657,1.00,1.00
2014.12.17 23:06:12.388,0.89602,0.89657,1.37,1.00
2014.12.17 23:06:12.573,0.89602,0.89657,1.00,1.00
2014.12.17 23:06:12.674,0.89602,0.89657,1.37,1.00
2014.12.17 23:06:13.180,0.89602,0.89657,1.00,1.00
2014.12.17 23:06:13.282,0.89602,0.89657,1.50,1.00
2014.12.17 23:06:13.719,0.89602,0.89657,2.25,1.00
2014.12.17 23:06:13.790,0.89602,0.89657,2.62,1.00
2014.12.17 23:06:14.650,0.89602,0.89662,2.62,1.00
2014.12.17 23:06:15.413,0.89603,0.89662,1.87,1.00
2014.12.17 23:06:15.516,0.89603,0.89662,1.87,1.00
2014.12.17 23:06:15.821,0.89603,0.89662,1.87,1.00
2014.12.17 23:06:16.408,0.89603,0.89662,1.87,1.00
2014.12.17 23:06:16.941,0.89604,0.89663,1.87,1.00
2014.12.17 23:06:19.127,0.89605,0.89657,1.87,1.00
2014.12.17 23:06:20.367,0.89606,0.89662,1.87,1.00
2014.12.17 23:06:21.628,0.89607,0.89662,1.50,1.00
2014.12.17 23:06:22.367,0.89605,0.89662,1.87,1.00
2014.12.17 23:06:23.897,0.89607,0.89662,1.50,1.00
2014.12.17 23:06:24.667,0.89607,0.89663,1.50,1.00
2014.12.17 23:06:25.202,0.89607,0.89662,1.87,1.00
2014.12.17 23:06:25.807,0.89605,0.89662,1.50,1.00
2014.12.17 23:06:25.958,0.89606,0.89662,1.87,1.00
2014.12.17 23:06:26.950,0.89608,0.89662,1.87,1.00
2014.12.17 23:06:28.187,0.89612,0.89662,1.50,1.00
2014.12.17 23:06:28.797,0.8961,0.89662,1.87,1.00
2014.12.17 23:06:30.159,0.8961,0.89667,1.87,1.00
2014.12.17 23:06:31.501,0.89613,0.89667,1.50,1.00
2014.12.17 23:06:33.248,0.89612,0.89667,1.50,1.00
2014.12.17 23:06:33.797,0.89613,0.89667,1.50,1.00
2014.12.17 23:06:35.639,0.89613,0.89668,1.50,1.00
2014.12.17 23:06:35.997,0.89612,0.89662,1.50,1.00
2014.12.17 23:06:36.407,0.89615,0.89668,1.50,1.00
2014.12.17 23:06:36.658,0.89615,0.89662,1.50,1.00
2014.12.17 23:06:36.892,0.89618,0.89673,1.50,1.00
2014.12.17 23:06:36.993,0.89616,0.89673,1.50,1.00
2014.12.17 23:06:37.817,0.89617,0.89672,1.50,1.00
2014.12.17 23:06:38.490,0.89618,0.89672,1.50,1.00
2014.12.17 23:06:39.627,0.89617,0.89672,1.50,1.00
2014.12.17 23:06:42.157,0.89618,0.89672,1.50,1.00
2014.12.17 23:06:43.263,0.89618,0.89673,1.50,1.00
2014.12.17 23:06:45.647,0.89618,0.89672,1.50,1.00
2014.12.17 23:06:45.787,0.8962,0.89672,1.50,1.00
2014.12.17 23:06:46.117,0.89617,0.89672,1.50,1.00
2014.12.17 23:06:47.987,0.89618,0.89672,1.50,1.00
2014.12.17 23:06:49.197,0.89619,0.89672,1.50,1.00
2014.12.17 23:06:49.806,0.89618,0.89672,1.50,1.00
2014.12.17 23:06:50.928,0.89618,0.89678,1.50,1.00
2014.12.17 23:06:51.224,0.8962,0.89678,1.50,1.00
2014.12.17 23:06:51.627,0.89619,0.89672,1.50,1.00
2014.12.17 23:06:52.117,0.89617,0.89672,1.50,1.00
2014.12.17 23:06:53.607,0.89618,0.89672,1.50,1.00
2014.12.17 23:06:54.398,0.89619,0.89672,1.50,1.00
2014.12.17 23:06:55.697,0.8962,0.89672,1.50,1.00
2014.12.17 23:06:55.917,0.89618,0.89672,1.50,1.00
2014.12.17 23:06:56.290,0.8962,0.89672,1.50,1.00
2014.12.17 23:06:56.797,0.89619,0.89672,1.50,1.00
2014.12.17 23:06:56.907,0.89617,0.89672,1.50,1.00
2014.12.17 23:06:58.191,0.89615,0.89672,1.50,1.00
2014.12.17 23:06:58.826,0.89616,0.89672,1.50,1.00
2014.12.17 23:06:59.436,0.89617,0.89672,1.50,1.00
2014.12.17 23:06:59.546,0.89619,0.89672,1.50,1.00
2014.12.17 23:07:00.868,0.89618,0.89672,1.50,1.00
2014.12.17 23:07:01.661,0.89617,0.89672,1.87,1.00
2014.12.17 23:07:02.370,0.89617,0.89673,1.50,1.00
2014.12.17 23:07:02.736,0.89615,0.89673,1.87,1.00
2014.12.17 23:07:03.086,0.89613,0.89673,1.50,1.00
2014.12.17 23:07:05.936,0.89612,0.89673,1.50,1.00
2014.12.17 23:07:06.696,0.89613,0.89673,1.50,1.00
2014.12.17 23:07:07.049,0.89611,0.89673,1.50,1.00
2014.12.17 23:07:07.499,0.89614,0.89673,1.50,1.00
2014.12.17 23:07:07.797,0.89612,0.89673,1.50,1.00
2014.12.17 23:07:08.620,0.89613,0.89673,1.50,1.00
2014.12.17 23:07:09.055,0.89611,0.89673,1.50,1.00
2014.12.17 23:07:09.116,0.89615,0.89673,1.50,1.00
2014.12.17 23:07:09.997,0.89613,0.89673,1.50,1.00
2014.12.17 23:07:10.816,0.89613,0.89672,1.50,1.00
2014.12.17 23:07:11.363,0.89612,0.89672,1.50,1.00
2014.12.17 23:07:11.976,0.89614,0.89672,1.50,1.00
2014.12.17 23:07:12.966,0.89612,0.89672,1.50,1.00
2014.12.17 23:07:13.296,0.89614,0.89672,1.50,1.00
2014.12.17 23:07:13.626,0.89611,0.89672,1.50,1.00
2014.12.17 23:07:15.167,0.89613,0.89672,1.50,1.00
2014.12.17 23:07:17.106,0.89613,0.89668,1.50,1.00
2014.12.17 23:07:17.900,0.89612,0.89668,1.50,1.00
2014.12.17 23:07:18.141,0.89611,0.89673,1.50,1.00
2014.12.17 23:07:18.674,0.89612,0.89673,1.50,1.00
2014.12.17 23:07:19.677,0.89613,0.89673,1.50,1.00
2014.12.17 23:07:20.006,0.89611,0.89673,1.50,1.00
2014.12.17 23:07:20.887,0.89612,0.89673,1.50,1.00
2014.12.17 23:07:22.866,0.89614,0.89673,1.50,1.12
2014.12.17 23:07:23.416,0.89613,0.89673,1.50,1.12
2014.12.17 23:07:30.856,0.89613,0.89672,1.50,1.00
2014.12.17 23:07:31.166,0.89616,0.89672,1.50,1.00
2014.12.17 23:07:31.678,0.89615,0.89672,1.50,1.00
2014.12.17 23:07:32.216,0.89617,0.89672,1.50,1.00
2014.12.17 23:07:33.133,0.89616,0.89672,1.50,1.00
2014.12.17 23:07:33.316,0.89614,0.89673,1.50,1.00
2014.12.17 23:07:33.606,0.89614,0.89668,1.50,1.00
2014.12.17 23:07:34.156,0.89614,0.89672,1.50,1.00
2014.12.17 23:07:37.056,0.89616,0.89672,1.50,1.00
2014.12.17 23:07:37.588,0.89615,0.89672,1.50,1.00
2014.12.17 23:07:38.168,0.89614,0.89672,1.50,1.00
2014.12.17 23:07:39.476,0.89615,0.89672,1.50,1.00
2014.12.17 23:07:40.094,0.89614,0.89673,1.50,1.00
2014.12.17 23:07:40.395,0.89613,0.89673,1.50,1.37
2014.12.17 23:07:41.096,0.89613,0.89673,1.50,1.00
2014.12.17 23:07:41.455,0.89611,0.89673,1.50,1.00
2014.12.17 23:07:42.117,0.89612,0.89673,1.50,1.00
2014.12.17 23:07:43.106,0.89611,0.89673,1.50,1.37
2014.12.17 23:07:43.675,0.89612,0.89673,1.50,1.37
2014.12.17 23:07:44.976,0.89613,0.89673,1.50,1.37
2014.12.17 23:07:48.114,0.89613,0.89673,1.50,1.00
2014.12.17 23:07:48.676,0.89612,0.89673,1.50,1.00
2014.12.17 23:07:49.316,0.89612,0.89673,1.50,1.37
2014.12.17 23:07:49.863,0.89613,0.89673,1.50,1.37
2014.12.17 23:07:49.964,0.89612,0.89673,1.50,1.00
2014.12.17 23:07:50.876,0.89612,0.89672,1.50,1.00
2014.12.17 23:07:56.086,0.8961,0.89672,1.50,1.00
2014.12.17 23:07:57.296,0.89608,0.89672,1.87,1.00
2014.12.17 23:07:57.367,0.89608,0.89667,1.87,1.00
2014.12.17 23:07:58.676,0.89609,0.89667,1.50,1.00
2014.12.17 23:07:59.417,0.89603,0.89667,1.87,1.00
2014.12.17 23:07:59.518,0.89601,0.89667,1.87,2.62
2014.12.17 23:07:59.619,0.89598,0.89666,1.87,1.50
2014.12.17 23:07:59.720,0.89598,0.89666,2.25,2.25
2014.12.17 23:08:00.586,0.89598,0.89666,2.25,1.50
2014.12.17 23:08:00.637,0.89598,0.89664,2.25,1.00
2014.12.17 23:08:01.183,0.89596,0.89662,2.25,1.37
2014.12.17 23:08:01.683,0.89596,0.89665,2.25,2.25
2014.12.17 23:08:01.826,0.89596,0.89665,1.87,1.87
2014.12.17 23:08:02.091,0.89597,0.89665,1.37,2.25
2014.12.17 23:08:02.498,0.89596,0.89665,2.25,2.25
2014.12.17 23:08:03.612,0.89595,0.89663,2.25,1.75
2014.12.17 23:08:06.621,0.89595,0.89663,3.75,1.75
2014.12.17 23:08:07.125,0.89598,0.89663,1.87,1.75
2014.12.17 23:08:07.328,0.89598,0.89663,1.87,1.75
2014.12.17 23:08:07.933,0.89598,0.89663,1.50,1.75
2014.12.17 23:08:07.984,0.89595,0.89661,1.87,2.25
2014.12.17 23:08:08.084,0.89592,0.89661,1.75,2.25
2014.12.17 23:08:08.185,0.89592,0.89661,1.12,2.25
2014.12.17 23:08:08.957,0.89593,0.89658,1.00,2.25
2014.12.17 23:08:09.047,0.89593,0.89658,1.37,2.25
2014.12.17 23:08:09.457,0.89592,0.89655,1.37,2.25
2014.12.17 23:08:10.485,0.89593,0.89655,1.00,2.25
2014.12.17 23:08:10.891,0.89593,0.89649,1.00,1.75
2014.12.17 23:08:10.941,0.89588,0.89652,1.37,1.75
2014.12.17 23:08:10.992,0.89588,0.89652,1.50,1.75
2014.12.17 23:08:11.167,0.89587,0.89653,1.00,2.25
2014.12.17 23:08:11.318,0.89587,0.89652,1.00,2.25
2014.12.17 23:08:11.896,0.89587,0.8965,1.00,1.75
2014.12.17 23:08:12.255,0.89587,0.8965,1.00,1.75
2014.12.17 23:08:12.306,0.89587,0.8965,1.00,1.75
2014.12.17 23:08:12.384,0.89587,0.8965,1.00,1.75
2014.12.17 23:08:12.485,0.89587,0.8965,1.00,1.75
2014.12.17 23:08:12.627,0.89587,0.8965,1.00,1.75
2014.12.17 23:08:13.290,0.89588,0.89648,1.00,2.25
2014.12.17 23:08:13.793,0.89588,0.89648,1.00,2.25
2014.12.17 23:08:13.944,0.89588,0.89645,1.00,1.75
2014.12.17 23:08:14.280,0.89582,0.89646,1.00,2.25
2014.12.17 23:08:14.431,0.89582,0.89646,1.00,2.25
2014.12.17 23:08:15.012,0.89583,0.89646,1.00,2.25
2014.12.17 23:08:15.359,0.89583,0.89644,1.00,2.25
2014.12.17 23:08:15.621,0.89583,0.8964,1.00,1.50
2014.12.17 23:08:15.672,0.89578,0.89639,1.00,1.87
2014.12.17 23:08:16.075,0.89572,0.89639,1.37,1.87
2014.12.17 23:08:16.126,0.89572,0.89639,1.37,2.25
2014.12.17 23:08:16.431,0.89577,0.89639,1.00,1.87
2014.12.17 23:08:16.616,0.89573,0.89637,1.00,1.00
2014.12.17 23:08:17.379,0.89573,0.89637,1.37,1.75
2014.12.17 23:08:17.480,0.89573,0.89637,1.00,2.25
2014.12.17 23:08:17.638,0.89573,0.89637,1.12,2.25
2014.12.17 23:08:17.739,0.89573,0.89634,1.00,1.75
2014.12.17 23:08:17.940,0.89573,0.89637,1.37,2.25
2014.12.17 23:08:18.438,0.89572,0.89633,1.00,1.00
2014.12.17 23:08:18.956,0.89572,0.89638,1.00,1.37
2014.12.17 23:08:19.442,0.89572,0.89636,1.37,1.75
2014.12.17 23:08:19.644,0.89573,0.89634,1.00,1.12
2014.12.17 23:08:19.856,0.89573,0.89636,1.00,1.75
2014.12.17 23:08:19.957,0.89573,0.89636,1.00,1.37
2014.12.17 23:08:20.385,0.89578,0.89636,1.00,1.37
2014.12.17 23:08:20.687,0.89572,0.89635,1.00,1.00
2014.12.17 23:08:20.875,0.89573,0.89634,1.00,2.25
2014.12.17 23:08:21.126,0.89568,0.89632,1.12,1.75
2014.12.17 23:08:21.674,0.89568,0.89627,1.00,1.75
2014.12.17 23:08:22.217,0.89567,0.89627,1.00,1.00
2014.12.17 23:08:22.480,0.89567,0.89627,1.37,1.75
2014.12.17 23:08:23.226,0.89568,0.89627,1.00,1.00
2014.12.17 23:08:24.028,0.89568,0.89627,1.00,1.75
2014.12.17 23:08:24.092,0.89568,0.89627,1.00,1.00
2014.12.17 23:08:24.898,0.89568,0.89626,1.00,1.75
2014.12.17 23:08:25.101,0.89568,0.89626,1.00,1.00
2014.12.17 23:08:26.926,0.89568,0.89622,1.00,1.75
2014.12.17 23:08:27.119,0.89568,0.89622,1.00,1.00
2014.12.17 23:08:27.212,0.89568,0.89626,1.00,1.00
2014.12.17 23:08:27.835,0.89567,0.89626,1.00,1.00
2014.12.17 23:08:27.917,0.89567,0.89623,1.00,1.00
2014.12.17 23:08:28.220,0.89567,0.89626,1.00,1.75
2014.12.17 23:08:28.270,0.89567,0.89626,1.00,1.00
2014.12.17 23:08:28.923,0.89567,0.89623,1.00,1.00
2014.12.17 23:08:29.176,0.89567,0.89626,1.00,2.25
2014.12.17 23:08:29.932,0.89567,0.89623,1.00,1.00
2014.12.17 23:08:30.235,0.89567,0.89626,1.00,1.75
2014.12.17 23:08:30.286,0.89567,0.89626,1.00,1.00
2014.12.17 23:08:30.348,0.89567,0.89626,1.00,1.75
2014.12.17 23:08:31.458,0.89567,0.89626,1.00,1.75
2014.12.17 23:08:31.965,0.89567,0.89626,1.00,1.00
2014.12.17 23:08:32.105,0.89567,0.89626,1.00,1.75
2014.12.17 23:08:33.887,0.89567,0.89622,1.00,1.00
2014.12.17 23:08:33.988,0.89567,0.89622,1.12,1.75
2014.12.17 23:08:34.896,0.89567,0.89622,1.00,1.00
2014.12.17 23:08:35.098,0.89567,0.89622,1.12,1.75
2014.12.17 23:08:36.635,0.89567,0.89627,1.00,1.87
2014.12.17 23:08:36.736,0.89568,0.89632,3.00,1.75
2014.12.17 23:08:36.816,0.89568,0.89632,2.62,1.75
2014.12.17 23:08:36.867,0.89573,0.89632,1.00,1.75
2014.12.17 23:08:37.238,0.89578,0.89634,1.00,2.25
2014.12.17 23:08:37.297,0.89573,0.89634,1.00,2.25
2014.12.17 23:08:37.845,0.89572,0.89634,1.00,2.25
2014.12.17 23:08:38.285,0.8957,0.89635,1.50,2.25
2014.12.17 23:08:38.649,0.89568,0.89636,1.87,3.00
2014.12.17 23:08:39.536,0.89568,0.89636,1.50,2.25
2014.12.17 23:08:39.638,0.89568,0.89636,1.87,3.00
2014.12.17 23:08:40.546,0.89568,0.89636,1.50,2.25
2014.12.17 23:08:40.647,0.89568,0.89636,1.87,3.00
2014.12.17 23:08:40.950,0.89568,0.89636,2.25,3.00
2014.12.17 23:08:41.566,0.89569,0.89636,1.50,2.25
2014.12.17 23:08:41.656,0.89569,0.89636,1.87,3.00
2014.12.17 23:08:42.083,0.89565,0.89635,2.62,3.00
2014.12.17 23:08:42.183,0.89565,0.89634,1.37,2.25
2014.12.17 23:08:42.284,0.89565,0.89634,1.37,2.25
2014.12.17 23:08:42.564,0.89565,0.89633,1.00,1.50
2014.12.17 23:08:42.767,0.89565,0.89633,1.37,2.25
2014.12.17 23:08:43.573,0.89565,0.89632,1.00,1.50
2014.12.17 23:08:43.674,0.89565,0.89632,1.37,2.25
2014.12.17 23:08:45.578,0.89562,0.89632,2.25,1.50
2014.12.17 23:08:45.679,0.89563,0.89631,1.87,1.75
2014.12.17 23:08:46.582,0.89563,0.89631,1.50,1.00
2014.12.17 23:08:46.687,0.89563,0.89631,2.25,1.75
2014.12.17 23:08:48.590,0.89565,0.89631,1.50,1.00
2014.12.17 23:08:48.700,0.89565,0.8963,1.87,1.75
2014.12.17 23:08:49.295,0.89564,0.8963,2.25,1.75
2014.12.17 23:08:49.596,0.89565,0.8963,1.50,1.00
2014.12.17 23:08:49.706,0.89565,0.8963,1.87,1.75
2014.12.17 23:08:50.635,0.89565,0.8963,1.87,1.50
2014.12.17 23:08:50.745,0.89565,0.8963,1.87,1.75
2014.12.17 23:08:50.947,0.89562,0.89631,1.37,2.25
2014.12.17 23:08:51.048,0.89562,0.89631,1.50,2.25
2014.12.17 23:08:51.835,0.8956,0.8963,2.25,2.25
2014.12.17 23:08:52.624,0.89559,0.89628,2.25,2.25
2014.12.17 23:08:53.632,0.89561,0.89629,1.12,2.25
2014.12.17 23:08:53.737,0.8956,0.8963,3.00,2.25
2014.12.17 23:08:53.864,0.8956,0.89628,1.37,2.25
2014.12.17 23:08:54.035,0.8956,0.8963,1.00,1.50
2014.12.17 23:08:54.141,0.89559,0.8963,2.25,2.25
2014.12.17 23:08:54.889,0.89559,0.89628,2.25,1.75
2014.12.17 23:08:55.974,0.8956,0.89622,1.87,1.75
2014.12.17 23:08:58.060,0.89561,0.89622,1.87,1.75
2014.12.17 23:08:59.105,0.89559,0.89622,1.87,1.75
2014.12.17 23:08:59.870,0.89559,0.8962,1.87,1.75
2014.12.17 23:09:01.324,0.89561,0.89621,1.87,1.75
2014.12.17 23:09:01.883,0.8956,0.89621,1.87,1.75
2014.12.17 23:09:02.294,0.8956,0.89622,1.50,1.75
2014.12.17 23:09:02.395,0.8956,0.89622,1.87,1.75
2014.12.17 23:09:03.095,0.8956,0.89622,1.87,1.75
2014.12.17 23:09:04.103,0.8956,0.89618,1.87,1.37
2014.12.17 23:09:04.407,0.89561,0.89618,1.50,1.75
2014.12.17 23:09:05.120,0.89561,0.89618,1.87,1.50
2014.12.17 23:09:09.157,0.89561,0.89621,1.50,1.37
2014.12.17 23:09:09.258,0.89562,0.89621,1.87,1.75
2014.12.17 23:09:10.220,0.89562,0.89617,1.50,1.37
2014.12.17 23:09:10.896,0.89563,0.89617,1.50,1.37
2014.12.17 23:09:11.266,0.8956,0.89617,1.87,1.37
2014.12.17 23:09:11.478,0.89563,0.89617,1.50,1.37
2014.12.17 23:09:11.954,0.89563,0.89617,1.50,1.50
2014.12.17 23:09:12.030,0.89563,0.89617,1.50,1.37
2014.12.17 23:09:12.680,0.89563,0.89617,1.50,1.37
2014.12.17 23:09:15.142,0.89563,0.89618,1.50,1.75
2014.12.17 23:09:16.064,0.89562,0.89617,1.87,1.50
2014.12.17 23:09:16.145,0.89562,0.89617,1.87,1.37
2014.12.17 23:09:17.755,0.89562,0.89617,2.25,1.00
2014.12.17 23:09:17.856,0.89565,0.89622,2.25,1.50
2014.12.17 23:09:17.958,0.89565,0.89622,1.50,1.00
2014.12.17 23:09:18.044,0.89558,0.89622,2.25,1.00
2014.12.17 23:09:18.095,0.89558,0.89622,2.62,1.75
2014.12.17 23:09:18.610,0.89558,0.89624,1.50,2.25
2014.12.17 23:09:19.084,0.89556,0.89622,1.50,2.25
2014.12.17 23:09:19.492,0.89555,0.89623,1.87,2.25
2014.12.17 23:09:20.075,0.89557,0.89623,1.50,2.25
2014.12.17 23:09:20.803,0.89556,0.89623,1.87,2.25
2014.12.17 23:09:21.344,0.89556,0.89622,1.87,1.75
2014.12.17 23:09:22.198,0.89557,0.89622,1.50,1.75
2014.12.17 23:09:22.733,0.89556,0.89623,1.50,3.75
2014.12.17 23:09:23.680,0.89556,0.89623,1.87,4.50
2014.12.17 23:09:26.810,0.89555,0.89622,1.50,2.25
2014.12.17 23:09:27.504,0.89555,0.89623,1.87,2.25
2014.12.17 23:09:29.484,0.89557,0.89623,1.50,3.75
2014.12.17 23:09:30.144,0.89556,0.89623,1.87,3.75
2014.12.17 23:09:30.427,0.89556,0.89623,2.25,3.37
2014.12.17 23:09:30.629,0.89558,0.89623,1.50,1.50
2014.12.17 23:09:30.694,0.89555,0.89623,1.50,3.00
2014.12.17 23:09:30.744,0.89555,0.89623,1.87,3.00
2014.12.17 23:09:30.832,0.89555,0.89623,1.50,3.00
2014.12.17 23:09:31.134,0.89555,0.89623,1.87,3.00
2014.12.17 23:09:32.994,0.89555,0.89621,1.50,3.75
2014.12.17 23:09:33.781,0.89555,0.89621,1.50,3.75
2014.12.17 23:09:34.984,0.89556,0.89621,1.50,2.25
2014.12.17 23:09:35.799,0.89554,0.8962,1.50,1.50
2014.12.17 23:09:36.684,0.89554,0.8962,1.87,1.75
2014.12.17 23:09:36.885,0.89555,0.89619,1.50,1.50
2014.12.17 23:09:37.160,0.89555,0.89619,1.50,1.75
2014.12.17 23:09:37.211,0.89552,0.89616,1.00,2.25
2014.12.17 23:09:37.312,0.89553,0.89619,1.50,1.75
2014.12.17 23:09:37.953,0.89554,0.89619,1.50,1.50
2014.12.17 23:09:38.619,0.89553,0.89616,1.50,1.37
2014.12.17 23:09:38.670,0.89553,0.89616,1.87,1.75
2014.12.17 23:09:38.871,0.89553,0.89618,1.50,2.25
2014.12.17 23:09:39.780,0.89553,0.89616,1.87,1.75
2014.12.17 23:09:40.186,0.89553,0.89618,1.50,1.37
2014.12.17 23:09:40.794,0.89553,0.89619,1.87,2.25
2014.12.17 23:09:40.960,0.89553,0.89619,1.50,2.25
2014.12.17 23:09:41.797,0.89553,0.89618,1.50,2.25
2014.12.17 23:09:42.807,0.89553,0.89618,1.50,2.25
2014.12.17 23:09:43.608,0.89553,0.89615,1.87,1.75
2014.12.17 23:09:43.865,0.89553,0.89617,1.50,1.50
2014.12.17 23:09:44.614,0.89553,0.89619,1.50,2.25
2014.12.17 23:09:44.867,0.89553,0.89619,1.87,2.25
2014.12.17 23:09:50.878,0.89552,0.89618,2.62,3.00
2014.12.17 23:09:51.263,0.89552,0.89611,2.62,1.75
2014.12.17 23:09:51.380,0.89552,0.89611,2.25,1.37
2014.12.17 23:09:51.680,0.89552,0.89616,2.62,1.75
2014.12.17 23:09:52.383,0.89552,0.89616,1.00,1.50
2014.12.17 23:09:54.386,0.89552,0.89616,1.37,1.75
2014.12.17 23:09:54.987,0.89552,0.89614,1.00,1.37
2014.12.17 23:09:55.088,0.89552,0.89614,1.37,1.75
2014.12.17 23:09:55.734,0.89552,0.89616,1.00,1.75
2014.12.17 23:09:56.992,0.89552,0.89614,1.37,1.75
2014.12.17 23:09:57.702,0.89552,0.89618,1.00,3.00
2014.12.17 23:09:58.295,0.89552,0.89618,1.37,3.00
2014.12.17 23:09:59.097,0.89551,0.89618,2.25,2.25
2014.12.17 23:10:00.500,0.89558,0.89618,1.00,2.25
2014.12.17 23:10:00.600,0.89558,0.89618,1.12,2.25
2014.12.17 23:10:00.902,0.89558,0.8961,1.00,1.75
2014.12.17 23:10:01.574,0.89557,0.8961,1.00,1.75
2014.12.17 23:10:02.932,0.89547,0.89612,1.50,1.75
2014.12.17 23:10:03.941,0.89548,0.89613,1.37,2.25
2014.12.17 23:10:07.855,0.89548,0.89613,1.00,1.75
2014.12.17 23:10:08.056,0.89548,0.89607,1.00,2.25
2014.12.17 23:10:08.107,0.89552,0.89607,1.00,2.25
2014.12.17 23:10:08.285,0.89548,0.89609,1.00,2.25
2014.12.17 23:10:11.367,0.89547,0.89612,1.00,2.25
2014.12.17 23:10:13.531,0.89548,0.89611,1.00,2.25
2014.12.17 23:10:14.336,0.89547,0.89613,1.00,3.75
2014.12.17 23:10:14.845,0.89548,0.89613,1.00,3.75
2014.12.17 23:10:15.235,0.89553,0.89613,1.00,3.00
2014.12.17 23:10:16.644,0.89547,0.89612,1.37,1.75
2014.12.17 23:10:17.095,0.89553,0.89612,1.00,3.00
2014.12.17 23:10:17.635,0.89548,0.89612,1.12,1.75
2014.12.17 23:10:17.877,0.89552,0.89612,1.00,1.75
2014.12.17 23:10:18.205,0.89552,0.89612,1.37,1.75
2014.12.17 23:10:18.255,0.89552,0.89612,1.00,1.75
2014.12.17 23:10:18.355,0.89552,0.89612,1.00,1.75
2014.12.17 23:10:19.158,0.89552,0.89612,1.00,1.75
2014.12.17 23:10:19.394,0.89547,0.89612,1.00,1.75
2014.12.17 23:10:21.155,0.89546,0.89612,1.50,1.75
2014.12.17 23:10:21.471,0.89544,0.89612,1.37,1.75
2014.12.17 23:10:21.566,0.89544,0.89612,1.37,1.37
2014.12.17 23:10:24.374,0.89547,0.89615,1.50,1.50
2014.12.17 23:10:25.364,0.89545,0.89615,1.87,1.50
2014.12.17 23:10:25.877,0.89545,0.89615,1.87,1.50
2014.12.17 23:10:26.278,0.89545,0.89615,2.25,1.50
2014.12.17 23:10:26.624,0.89551,0.8962,1.00,2.25
2014.12.17 23:10:28.604,0.89551,0.89619,1.37,2.25
2014.12.17 23:10:30.694,0.89551,0.89621,1.37,1.75
2014.12.17 23:10:31.420,0.89546,0.8961,1.37,1.75
2014.12.17 23:10:32.694,0.89546,0.8961,1.37,1.75
2014.12.17 23:10:38.458,0.89545,0.89615,1.37,2.25
2014.12.17 23:10:38.874,0.89545,0.89615,1.12,2.25
2014.12.17 23:10:38.974,0.89545,0.89615,1.37,2.25
2014.12.17 23:10:40.168,0.89545,0.89615,1.00,2.25
2014.12.17 23:10:41.664,0.89546,0.89615,1.00,3.00
2014.12.17 23:10:41.714,0.89546,0.89615,1.37,3.00
2014.12.17 23:10:41.915,0.89546,0.89612,1.00,2.25
2014.12.17 23:10:42.723,0.89546,0.89612,1.00,2.25
2014.12.17 23:10:42.987,0.89546,0.89612,1.00,2.25
2014.12.17 23:10:43.392,0.89546,0.89612,1.00,1.50
2014.12.17 23:10:43.605,0.89546,0.89612,1.00,2.25
2014.12.17 23:10:45.441,0.89546,0.89613,1.00,2.25
2014.12.17 23:10:46.813,0.89546,0.89614,1.37,2.25
2014.12.17 23:10:47.738,0.89546,0.89612,1.00,2.25
2014.12.17 23:10:48.327,0.89545,0.89612,1.00,3.00
2014.12.17 23:10:48.668,0.89545,0.89611,1.37,1.75
2014.12.17 23:10:50.823,0.89545,0.89611,1.37,1.75
2014.12.17 23:10:50.923,0.89546,0.89613,1.00,1.50
2014.12.17 23:10:51.023,0.89546,0.89613,1.37,2.25
2014.12.17 23:10:51.825,0.89545,0.89611,1.00,1.37
2014.12.17 23:10:51.926,0.89544,0.89609,1.50,1.75
2014.12.17 23:10:53.830,0.89544,0.89612,1.00,3.00
2014.12.17 23:10:53.930,0.89543,0.89613,1.37,2.25
2014.12.17 23:10:56.847,0.89543,0.89611,1.37,2.25
2014.12.17 23:10:57.839,0.89543,0.89611,1.12,1.87
2014.12.17 23:10:57.944,0.89543,0.89611,1.37,2.25
2014.12.17 23:10:58.854,0.89539,0.89607,1.50,1.75
2014.12.17 23:10:58.959,0.89538,0.89606,1.37,2.25
2014.12.17 23:10:59.544,0.89538,0.89604,1.12,2.25
2014.12.17 23:10:59.884,0.89543,0.89606,1.00,2.25
2014.12.17 23:11:00.215,0.89542,0.89606,1.00,2.25
2014.12.17 23:11:00.533,0.89538,0.89601,1.87,2.25
2014.12.17 23:11:00.684,0.89538,0.89599,1.50,1.87
2014.12.17 23:11:00.785,0.89538,0.89596,1.37,2.25
2014.12.17 23:11:01.134,0.89543,0.89596,1.00,2.25
2014.12.17 23:11:02.263,0.89543,0.89595,1.00,2.25
2014.12.17 23:11:02.803,0.89543,0.89595,1.00,2.25
2014.12.17 23:11:02.854,0.89538,0.89595,1.00,2.25
2014.12.17 23:11:02.904,0.89538,0.89599,1.37,2.25
2014.12.17 23:11:02.955,0.89538,0.89599,1.87,1.87
2014.12.17 23:11:03.056,0.89538,0.89601,2.25,2.25
2014.12.17 23:11:03.359,0.89543,0.89597,1.00,2.25
2014.12.17 23:11:04.163,0.89542,0.89595,1.00,2.25
2014.12.17 23:11:04.654,0.89538,0.89597,1.37,2.25
2014.12.17 23:11:04.704,0.89538,0.89597,1.12,2.25
2014.12.17 23:11:05.180,0.89542,0.89597,1.00,2.25
2014.12.17 23:11:05.400,0.89537,0.89597,1.37,2.25
2014.12.17 23:11:06.915,0.89539,0.89594,1.37,2.25
2014.12.17 23:11:07.016,0.89539,0.89596,1.37,2.25
2014.12.17 23:11:07.217,0.89539,0.89604,1.75,2.25
2014.12.17 23:11:07.318,0.89542,0.89608,1.87,1.75
2014.12.17 23:11:07.619,0.89539,0.89608,1.37,1.75
2014.12.17 23:11:08.503,0.89548,0.89608,1.00,1.75
2014.12.17 23:11:08.835,0.89543,0.89608,1.12,1.75
2014.12.17 23:11:09.053,0.89548,0.89608,1.00,1.75
2014.12.17 23:11:09.406,0.89539,0.89608,1.00,1.50
2014.12.17 23:11:09.507,0.89533,0.89602,1.50,1.00
2014.12.17 23:11:09.631,0.89533,0.89602,1.87,1.50
2014.12.17 23:11:09.732,0.89533,0.89602,1.50,1.37
2014.12.17 23:11:10.103,0.89533,0.89602,1.12,1.12
2014.12.17 23:11:10.413,0.89533,0.89602,1.50,1.37
2014.12.17 23:11:10.765,0.89533,0.89602,1.87,1.75
2014.12.17 23:11:10.815,0.89533,0.89602,1.00,1.00
2014.12.17 23:11:10.916,0.89533,0.89602,1.37,1.00
2014.12.17 23:11:11.217,0.89533,0.89602,1.00,1.37
2014.12.17 23:11:11.627,0.89533,0.89602,1.00,1.12
2014.12.17 23:11:11.728,0.89533,0.89602,1.00,1.75
2014.12.17 23:11:12.393,0.89533,0.89602,1.12,1.75
2014.12.17 23:11:14.604,0.89533,0.89602,1.37,1.75
2014.12.17 23:11:15.101,0.89533,0.89602,1.75,1.75
2014.12.17 23:11:15.303,0.89533,0.89602,1.87,1.75
2014.12.17 23:11:15.544,0.89538,0.89602,1.00,1.75
2014.12.17 23:11:15.645,0.89538,0.89602,1.00,1.50
2014.12.17 23:11:15.923,0.89538,0.89602,1.37,1.75
2014.12.17 23:11:17.369,0.89533,0.89602,1.37,1.75
2014.12.17 23:11:17.943,0.89533,0.89602,1.37,1.75
2014.12.17 23:11:18.007,0.89533,0.89602,1.37,1.75
2014.12.17 23:11:18.908,0.89533,0.89602,1.37,1.75
2014.12.17 23:11:19.153,0.89533,0.89602,1.37,1.75
2014.12.17 23:11:20.032,0.89533,0.89602,1.37,1.75
2014.12.17 23:11:20.959,0.89533,0.89602,1.75,1.75
2014.12.17 23:11:21.115,0.89533,0.89602,1.50,1.75
2014.12.17 23:11:21.527,0.89537,0.89602,1.37,1.75
2014.12.17 23:11:22.017,0.89533,0.89602,1.75,1.75
2014.12.17 23:11:23.427,0.89539,0.89607,1.75,2.25
2014.12.17 23:11:24.824,0.89539,0.89607,1.37,1.75
2014.12.17 23:11:25.235,0.89536,0.89603,1.87,1.75
2014.12.17 23:11:26.154,0.89532,0.89603,3.75,1.75
2014.12.17 23:11:33.249,0.89532,0.89603,2.25,1.75
2014.12.17 23:11:33.550,0.89532,0.89603,2.25,1.75
2014.12.17 23:11:34.172,0.89538,0.896,1.00,2.25
2014.12.17 23:11:34.702,0.89537,0.89602,1.12,2.25
2014.12.17 23:11:35.257,0.89538,0.89602,1.00,2.25
2014.12.17 23:11:35.357,0.89535,0.89601,1.87,2.25
2014.12.17 23:11:41.016,0.89532,0.89601,1.37,2.25
2014.12.17 23:11:41.117,0.89532,0.896,1.12,2.25
2014.12.17 23:11:41.426,0.89527,0.89595,1.37,1.75
2014.12.17 23:11:41.712,0.89526,0.8959,1.50,1.75
2014.12.17 23:11:41.913,0.89525,0.8959,1.87,1.37
2014.12.17 23:11:42.014,0.89526,0.8959,1.87,1.75
2014.12.17 23:11:42.215,0.89527,0.8959,1.12,1.37
2014.12.17 23:11:42.895,0.89528,0.8959,1.00,1.37
2014.12.17 23:11:47.552,0.89527,0.89595,1.12,1.75
2014.12.17 23:11:48.212,0.89527,0.89595,1.37,1.75
2014.12.17 23:11:49.448,0.89527,0.89595,1.75,1.75
2014.12.17 23:11:50.669,0.89528,0.89595,1.75,1.75
2014.12.17 23:11:51.704,0.89528,0.89595,1.37,1.75
2014.12.17 23:11:52.691,0.89527,0.89595,1.75,1.75
2014.12.17 23:11:52.894,0.89528,0.89595,1.75,1.75
2014.12.17 23:11:53.224,0.89528,0.89595,2.62,1.75
2014.12.17 23:11:54.806,0.89528,0.89595,3.00,1.75
2014.12.17 23:11:55.108,0.89528,0.89595,1.87,1.75
2014.12.17 23:11:55.609,0.89528,0.89595,1.37,1.75
2014.12.17 23:11:56.714,0.89528,0.89596,1.75,2.25
2014.12.17 23:11:57.243,0.89528,0.89595,1.75,1.75
2014.12.17 23:11:57.422,0.89528,0.89595,1.37,1.75
2014.12.17 23:11:57.925,0.89528,0.89595,1.75,1.75
2014.12.17 23:11:58.732,0.89528,0.89595,1.00,1.75
2014.12.17 23:11:59.373,0.89527,0.89593,1.12,1.75
2014.12.17 23:11:59.836,0.89527,0.89593,1.37,1.75
2014.12.17 23:12:00.747,0.89528,0.89596,1.12,1.75
2014.12.17 23:12:00.847,0.89528,0.89596,1.37,1.75
2014.12.17 23:12:03.168,0.89528,0.89596,1.75,1.75
2014.12.17 23:12:03.369,0.89528,0.89596,1.37,1.75
2014.12.17 23:12:03.592,0.89528,0.89596,1.37,1.75
2014.12.17 23:12:03.873,0.89528,0.89596,1.37,1.75
2014.12.17 23:12:04.176,0.89528,0.89596,1.37,1.75
2014.12.17 23:12:04.831,0.89528,0.89596,1.37,1.75
2014.12.17 23:12:04.882,0.89528,0.89596,1.00,1.75
2014.12.17 23:12:06.890,0.89528,0.89596,1.37,1.75
2014.12.17 23:12:07.193,0.89528,0.89596,1.00,1.75
2014.12.17 23:12:07.495,0.89528,0.89599,1.37,3.00
2014.12.17 23:12:09.010,0.89528,0.89595,1.50,1.75
2014.12.17 23:12:09.115,0.89528,0.89595,1.37,1.75
2014.12.17 23:12:09.419,0.89528,0.89595,1.37,1.75
2014.12.17 23:12:09.626,0.89528,0.89595,1.37,1.75
2014.12.17 23:12:09.729,0.89528,0.89595,1.37,1.75
2014.12.17 23:12:10.137,0.89528,0.89595,1.37,1.75
2014.12.17 23:12:11.350,0.89528,0.89595,1.37,1.75
2014.12.17 23:12:11.699,0.89528,0.89594,1.12,1.75
2014.12.17 23:12:11.954,0.89528,0.89594,1.37,1.75
2014.12.17 23:12:12.183,0.89528,0.89591,1.87,1.37
2014.12.17 23:12:12.458,0.89528,0.89591,2.25,1.50
2014.12.17 23:12:12.993,0.89527,0.89591,1.37,1.00
2014.12.17 23:12:13.113,0.89527,0.89591,1.37,1.50
2014.12.17 23:12:13.367,0.89527,0.89591,1.37,1.37
2014.12.17 23:12:13.970,0.89527,0.89591,1.50,1.75
2014.12.17 23:12:15.078,0.89527,0.89591,1.37,1.37
2014.12.17 23:12:15.181,0.89527,0.89591,1.37,1.75
2014.12.17 23:12:19.058,0.89529,0.89591,1.87,1.37
2014.12.17 23:12:19.300,0.89529,0.89591,1.87,1.37
2014.12.17 23:12:20.912,0.89529,0.89591,1.87,1.75
2014.12.17 23:12:21.308,0.89529,0.89591,1.50,1.37
2014.12.17 23:12:22.292,0.89528,0.89591,1.12,1.37
2014.12.17 23:12:23.930,0.89528,0.89598,1.37,1.75
2014.12.17 23:12:29.876,0.89527,0.89597,3.00,1.75
2014.12.17 23:12:32.721,0.89528,0.89594,1.12,1.37
2014.12.17 23:12:32.822,0.89528,0.89597,1.37,2.25
2014.12.17 23:12:34.718,0.89528,0.89597,1.37,2.25
2014.12.17 23:12:34.820,0.89528,0.89597,1.37,2.25
2014.12.17 23:12:35.724,0.89528,0.89597,1.37,2.25
2014.12.17 23:12:35.826,0.89528,0.89597,1.50,2.25
2014.12.17 23:12:39.668,0.89528,0.89597,1.75,2.25
2014.12.17 23:12:40.172,0.89529,0.89597,2.25,1.75
2014.12.17 23:12:40.674,0.89528,0.89597,3.00,1.75
2014.12.17 23:12:40.876,0.89528,0.89597,3.00,1.75
2014.12.17 23:12:40.978,0.89528,0.89597,3.00,1.75
2014.12.17 23:12:41.179,0.89528,0.89597,3.00,1.75
2014.12.17 23:12:41.684,0.89528,0.89597,1.75,1.37
2014.12.17 23:12:41.821,0.89534,0.89607,1.87,1.87
2014.12.17 23:12:41.922,0.89536,0.89608,1.87,3.00
2014.12.17 23:12:42.030,0.89536,0.89608,1.50,2.25
2014.12.17 23:12:42.090,0.89536,0.89608,1.87,3.00
2014.12.17 23:12:42.432,0.89542,0.89614,2.25,1.00
2014.12.17 23:12:42.541,0.89544,0.89614,1.50,1.00
2014.12.17 23:12:42.692,0.89539,0.89614,2.25,1.00
2014.12.17 23:12:43.531,0.8954,0.89614,1.50,1.00
2014.12.17 23:12:44.008,0.8954,0.89614,1.50,1.50
2014.12.17 23:12:44.521,0.89539,0.89614,1.00,1.50
2014.12.17 23:12:44.895,0.89539,0.89614,1.00,1.75
2014.12.17 23:12:45.451,0.89539,0.89614,1.00,1.75
2014.12.17 23:12:45.617,0.89539,0.89614,1.37,1.37
2014.12.17 23:12:45.937,0.89539,0.89614,1.00,1.37
2014.12.17 23:12:46.451,0.89539,0.89614,1.37,1.00
2014.12.17 23:12:47.032,0.89539,0.89614,1.00,1.00
2014.12.17 23:12:47.634,0.89539,0.89614,1.37,1.37
2014.12.17 23:12:48.372,0.89539,0.89614,1.00,1.00
2014.12.17 23:12:48.538,0.89539,0.89614,1.37,1.37
2014.12.17 23:12:48.639,0.89539,0.89614,1.00,1.37
2014.12.17 23:12:48.840,0.89539,0.89614,1.37,1.00
2014.12.17 23:12:49.749,0.89539,0.89614,2.62,1.37
2014.12.17 23:12:50.553,0.89539,0.89614,2.62,1.50
2014.12.17 23:12:50.769,0.89539,0.89614,1.00,1.00
2014.12.17 23:12:50.856,0.89539,0.89614,1.00,1.37
2014.12.17 23:12:52.168,0.89539,0.89614,1.00,1.37
2014.12.17 23:12:52.503,0.89539,0.89614,2.25,1.37
2014.12.17 23:12:52.603,0.89539,0.89614,1.00,1.37
2014.12.17 23:12:52.673,0.89539,0.89614,1.12,1.50
2014.12.17 23:12:53.269,0.8954,0.89614,1.50,1.50
2014.12.17 23:12:54.992,0.8954,0.89614,1.50,1.00
2014.12.17 23:12:55.131,0.89539,0.89614,1.75,1.75
2014.12.17 23:12:55.395,0.89539,0.89614,1.00,1.37
2014.12.17 23:12:55.496,0.89539,0.89614,1.00,1.75
2014.12.17 23:12:56.401,0.89539,0.89614,2.25,1.00
2014.12.17 23:12:56.535,0.8954,0.89614,2.25,1.75
2014.12.17 23:12:56.636,0.8954,0.89614,1.50,1.75
2014.12.17 23:12:57.543,0.89539,0.89614,1.00,1.00
2014.12.17 23:12:57.713,0.89539,0.89614,1.12,1.37
2014.12.17 23:12:58.319,0.89539,0.89614,1.00,1.75
2014.12.17 23:12:59.427,0.89539,0.89614,2.62,1.75
2014.12.17 23:13:00.236,0.89539,0.89614,2.25,1.37
2014.12.17 23:13:00.336,0.89543,0.89614,1.00,1.37
2014.12.17 23:13:00.487,0.89543,0.89614,1.00,1.37
2014.12.17 23:13:00.588,0.89539,0.89614,1.75,1.00
2014.12.17 23:13:00.740,0.89539,0.89614,1.50,1.00
2014.12.17 23:13:01.206,0.89545,0.89621,1.00,1.50
2014.12.17 23:13:01.356,0.89545,0.89621,1.37,1.37
2014.12.17 23:13:01.457,0.89545,0.89621,1.50,1.37
2014.12.17 23:13:01.660,0.89545,0.89621,1.37,1.37
2014.12.17 23:13:01.760,0.89545,0.89621,1.75,1.00
2014.12.17 23:13:02.281,0.89545,0.89621,1.37,1.12
2014.12.17 23:13:02.653,0.89545,0.89621,1.75,1.37
2014.12.17 23:13:03.659,0.89546,0.89621,1.87,1.00
2014.12.17 23:13:03.760,0.89546,0.89621,2.25,1.37
2014.12.17 23:13:05.266,0.89545,0.89621,2.62,1.00
2014.12.17 23:13:05.367,0.89545,0.89621,3.00,1.37
2014.12.17 23:13:05.803,0.89548,0.89621,1.50,1.37
2014.12.17 23:13:06.004,0.89545,0.89621,1.00,1.37
2014.12.17 23:13:06.154,0.89548,0.89621,1.00,1.37
2014.12.17 23:13:06.305,0.89548,0.89621,2.25,1.37
2014.12.17 23:13:06.406,0.89548,0.89621,2.25,1.00
2014.12.17 23:13:06.929,0.89548,0.89621,2.25,1.37
2014.12.17 23:13:07.327,0.89551,0.89621,1.50,1.12
2014.12.17 23:13:07.428,0.89548,0.89621,1.00,1.00
2014.12.17 23:13:08.642,0.89554,0.89621,1.50,1.00
2014.12.17 23:13:08.941,0.89552,0.89621,1.50,1.00
2014.12.17 23:13:10.151,0.89551,0.89621,1.50,1.00
2014.12.17 23:13:10.261,0.89553,0.89621,1.50,1.00
2014.12.17 23:13:11.002,0.89552,0.89621,1.50,1.00
2014.12.17 23:13:11.053,0.8955,0.89621,1.50,1.00
2014.12.17 23:13:11.471,0.89548,0.89621,1.50,1.00
2014.12.17 23:13:12.161,0.89547,0.89621,1.37,1.00
2014.12.17 23:13:12.213,0.89547,0.89621,1.00,1.00
2014.12.17 23:13:12.722,0.89549,0.89621,2.25,1.00
2014.12.17 23:13:12.822,0.8955,0.89621,1.50,1.37
2014.12.17 23:13:13.370,0.89548,0.89621,1.37,1.00
2014.12.17 23:13:13.471,0.89548,0.89621,1.00,1.37
2014.12.17 23:13:13.977,0.89548,0.89621,1.00,1.00
2014.12.17 23:13:14.077,0.89548,0.89621,1.00,1.37
2014.12.17 23:13:14.661,0.89548,0.89621,1.00,1.37
2014.12.17 23:13:14.840,0.89547,0.89621,1.37,1.00
2014.12.17 23:13:15.252,0.89548,0.89621,1.87,1.00
2014.12.17 23:13:15.339,0.89548,0.89621,1.50,1.37
2014.12.17 23:13:15.861,0.89547,0.89621,1.00,1.00
2014.12.17 23:13:16.360,0.89547,0.89621,1.00,1.37
2014.12.17 23:13:16.548,0.89547,0.89621,1.00,1.00
2014.12.17 23:13:17.144,0.89552,0.89621,1.00,1.00
2014.12.17 23:13:17.917,0.8955,0.89621,1.50,1.00
2014.12.17 23:13:18.489,0.89549,0.89621,1.50,1.00
2014.12.17 23:13:18.790,0.89553,0.89621,1.00,1.00
2014.12.17 23:13:19.370,0.89553,0.89621,1.37,1.00
2014.12.17 23:13:19.620,0.89548,0.89621,1.37,1.37
2014.12.17 23:13:20.701,0.89549,0.89621,1.87,1.12
2014.12.17 23:13:23.140,0.89547,0.89622,1.37,1.37
2014.12.17 23:13:23.241,0.8955,0.89622,1.87,1.37
2014.12.17 23:13:23.496,0.8955,0.89622,1.50,1.37
2014.12.17 23:13:23.640,0.8955,0.89622,1.50,1.00
2014.12.17 23:13:23.800,0.89548,0.89622,1.50,1.37
2014.12.17 23:13:23.951,0.89547,0.89622,2.62,1.00
2014.12.17 23:13:24.002,0.89547,0.89622,2.62,1.50
2014.12.17 23:13:24.153,0.89549,0.89622,1.50,1.00
2014.12.17 23:13:24.204,0.89549,0.89622,1.87,1.37
2014.12.17 23:13:24.608,0.89551,0.89622,1.50,1.00
2014.12.17 23:13:25.440,0.8955,0.89622,1.50,1.00
2014.12.17 23:13:26.106,0.8955,0.89622,1.87,1.37
2014.12.17 23:13:26.710,0.89553,0.89622,1.00,1.37
2014.12.17 23:13:27.150,0.89553,0.89622,2.62,1.37
2014.12.17 23:13:27.631,0.89553,0.89622,2.25,1.00
2014.12.17 23:13:30.350,0.89553,0.89622,2.25,1.37
2014.12.17 23:13:31.049,0.89553,0.89622,1.00,1.37
2014.12.17 23:13:31.550,0.89553,0.89622,1.87,1.00
2014.12.17 23:13:33.690,0.89553,0.89622,2.62,1.00
2014.12.17 23:13:35.880,0.89553,0.89622,2.25,1.50
2014.12.17 23:13:36.395,0.89553,0.89622,2.25,1.00
2014.12.17 23:13:38.810,0.89558,0.89622,1.00,1.00
2014.12.17 23:13:40.450,0.89558,0.89628,1.00,1.37
2014.12.17 23:13:41.231,0.89558,0.89628,1.00,1.00
2014.12.17 23:13:42.151,0.89557,0.89628,1.00,1.12
2014.12.17 23:13:42.840,0.89558,0.89628,1.00,1.12
2014.12.17 23:13:43.150,0.89557,0.89628,1.00,1.37
2014.12.17 23:13:45.058,0.89557,0.89628,1.00,1.00
2014.12.17 23:13:45.570,0.89557,0.89628,1.00,1.37
2014.12.17 23:13:46.870,0.89557,0.89628,1.00,1.00
2014.12.17 23:13:47.074,0.89557,0.89628,1.00,1.37
2014.12.17 23:13:47.779,0.89557,0.89628,1.00,1.37
2014.12.17 23:13:48.282,0.89558,0.89628,1.00,1.37
2014.12.17 23:13:48.484,0.89558,0.89628,1.00,1.37
2014.12.17 23:13:48.610,0.89557,0.89628,1.00,1.75
2014.12.17 23:13:48.830,0.89558,0.89628,1.00,1.37
2014.12.17 23:13:52.606,0.89558,0.89628,1.00,1.37
2014.12.17 23:13:52.702,0.89558,0.89628,1.00,1.37
2014.12.17 23:13:52.779,0.89553,0.89627,1.50,1.12
2014.12.17 23:13:52.905,0.89553,0.89627,1.50,1.37
2014.12.17 23:13:53.008,0.89553,0.89627,1.50,1.12
2014.12.17 23:13:53.058,0.89553,0.89622,1.00,1.00
2014.12.17 23:13:53.365,0.89558,0.89622,1.00,1.00
2014.12.17 23:13:53.760,0.89558,0.89629,1.12,1.50
2014.12.17 23:13:53.811,0.89558,0.89629,1.00,1.75
2014.12.17 23:13:53.912,0.89554,0.89629,2.62,1.75
2014.12.17 23:13:54.100,0.89558,0.89629,1.00,1.75
2014.12.17 23:13:54.365,0.89554,0.89629,1.12,1.75
2014.12.17 23:13:54.941,0.89554,0.89629,1.75,1.37
2014.12.17 23:13:55.619,0.89554,0.89628,1.12,1.12
2014.12.17 23:13:55.755,0.89554,0.89628,1.37,1.37
2014.12.17 23:13:56.362,0.89554,0.89628,1.00,1.75
2014.12.17 23:13:56.463,0.89554,0.89629,1.00,1.75
2014.12.17 23:13:56.664,0.89558,0.89629,1.00,1.75
2014.12.17 23:13:56.849,0.89554,0.89627,1.12,1.50
2014.12.17 23:13:57.060,0.89554,0.89627,2.25,1.75
2014.12.17 23:13:57.332,0.89554,0.89629,1.37,1.75
2014.12.17 23:13:59.870,0.89554,0.89629,1.37,1.50
2014.12.17 23:14:00.090,0.89554,0.89627,1.12,1.50
2014.12.17 23:14:00.769,0.89554,0.89629,1.00,1.75
2014.12.17 23:14:01.488,0.89548,0.89622,1.50,1.12
2014.12.17 23:14:02.631,0.89547,0.89622,3.00,1.12
2014.12.17 23:14:02.787,0.89547,0.89622,1.87,1.12
2014.12.17 23:14:04.887,0.89553,0.89622,1.00,1.12
2014.12.17 23:14:05.100,0.89548,0.89622,1.37,1.12
2014.12.17 23:14:06.105,0.89548,0.89622,1.12,1.00
2014.12.17 23:14:06.350,0.89548,0.89622,1.37,1.00
2014.12.17 23:14:06.451,0.89548,0.89622,1.00,1.37
2014.12.17 23:14:06.869,0.89553,0.89622,1.00,1.37
2014.12.17 23:14:07.079,0.89548,0.89622,1.37,1.00
2014.12.17 23:14:10.421,0.89548,0.89622,1.37,1.00
2014.12.17 23:14:10.521,0.89548,0.89622,1.50,1.12
2014.12.17 23:14:11.624,0.89548,0.89622,1.37,1.00
2014.12.17 23:14:12.426,0.89548,0.89622,1.00,1.00
2014.12.17 23:14:12.930,0.89553,0.89622,1.00,1.00
2014.12.17 23:14:13.497,0.89553,0.89622,1.37,1.12
2014.12.17 23:14:13.831,0.89553,0.89622,1.00,1.37
2014.12.17 23:14:14.032,0.89553,0.89622,1.12,1.37
2014.12.17 23:14:14.340,0.89551,0.89622,1.87,1.37
2014.12.17 23:14:14.449,0.89547,0.89622,1.87,1.00
2014.12.17 23:14:14.570,0.89547,0.89622,1.87,1.00
2014.12.17 23:14:14.635,0.89547,0.89622,1.50,1.37
2014.12.17 23:14:14.919,0.89552,0.89622,1.00,1.37
2014.12.17 23:14:15.239,0.89552,0.89622,1.37,1.00
2014.12.17 23:14:17.570,0.89553,0.89622,1.37,1.37
2014.12.17 23:14:17.772,0.89553,0.89623,1.37,1.12
2014.12.17 23:14:18.679,0.89553,0.89623,1.00,1.00
2014.12.17 23:14:18.780,0.89553,0.89623,1.37,1.37
2014.12.17 23:14:19.647,0.89553,0.89623,1.00,1.00
2014.12.17 23:14:19.748,0.89553,0.89622,1.12,1.37
2014.12.17 23:14:20.649,0.89553,0.89622,1.00,1.00
2014.12.17 23:14:21.490,0.89553,0.89622,1.37,1.12
2014.12.17 23:14:21.651,0.89553,0.89622,1.00,1.00
2014.12.17 23:14:21.751,0.89553,0.89627,1.00,1.00
2014.12.17 23:14:21.851,0.89553,0.89627,1.37,1.50
2014.12.17 23:14:22.653,0.89553,0.89627,1.00,1.12
2014.12.17 23:14:22.854,0.89553,0.89627,1.37,1.50
2014.12.17 23:14:23.302,0.89553,0.89627,1.12,1.75
2014.12.17 23:14:23.470,0.89553,0.89627,1.00,1.75
2014.12.17 23:14:23.580,0.89551,0.89627,1.00,2.25
2014.12.17 23:14:23.656,0.89551,0.89627,1.00,1.50
2014.12.17 23:14:23.756,0.89551,0.89627,1.00,2.25
2014.12.17 23:14:24.781,0.89552,0.89627,1.00,1.75
2014.12.17 23:14:26.362,0.89552,0.89626,1.37,1.37
2014.12.17 23:14:26.466,0.89552,0.89626,1.50,1.75
2014.12.17 23:14:26.989,0.89552,0.89618,1.00,1.00
2014.12.17 23:14:27.140,0.89552,0.89624,1.37,1.37
2014.12.17 23:14:27.700,0.89549,0.89624,1.12,1.75
2014.12.17 23:14:29.772,0.89549,0.89624,1.00,1.12
2014.12.17 23:14:29.873,0.89549,0.89624,1.00,1.75
2014.12.17 23:14:30.374,0.89549,0.89624,1.00,1.00
2014.12.17 23:14:36.180,0.8955,0.89624,1.50,1.00
2014.12.17 23:14:37.659,0.89549,0.89624,1.00,1.00
2014.12.17 23:14:37.710,0.89549,0.89624,1.37,1.37
2014.12.17 23:14:38.499,0.89549,0.89624,1.37,1.37
2014.12.17 23:14:38.700,0.89549,0.89624,1.12,1.00
2014.12.17 23:14:38.900,0.89549,0.89624,1.37,1.37
2014.12.17 23:14:39.102,0.89549,0.89624,1.12,1.00
2014.12.17 23:14:40.406,0.89549,0.89624,1.50,1.37
2014.12.17 23:14:41.007,0.89549,0.89624,1.12,1.75
2014.12.17 23:14:43.159,0.89553,0.89624,1.00,1.75
2014.12.17 23:14:43.402,0.89549,0.89624,1.12,1.75
2014.12.17 23:14:44.949,0.89549,0.89624,1.37,1.37
2014.12.17 23:14:45.687,0.89549,0.89624,1.37,1.75
2014.12.17 23:14:46.626,0.89549,0.89624,1.00,1.00
2014.12.17 23:14:47.236,0.89548,0.89621,1.50,1.00
2014.12.17 23:14:48.609,0.89547,0.89621,3.00,1.00
2014.12.17 23:14:49.119,0.89548,0.89621,2.25,1.00
2014.12.17 23:14:51.799,0.8955,0.89621,1.50,1.00
2014.12.17 23:14:52.309,0.89548,0.89621,1.37,1.00
2014.12.17 23:14:52.899,0.8955,0.89621,1.50,1.00
2014.12.17 23:14:53.169,0.89548,0.89621,1.00,1.00
2014.12.17 23:14:54.849,0.89547,0.89621,1.75,1.00
2014.12.17 23:14:54.899,0.89555,0.89629,1.37,1.37
2014.12.17 23:14:54.950,0.89555,0.89629,1.75,1.75
2014.12.17 23:14:55.152,0.89555,0.89629,2.25,1.50
2014.12.17 23:14:55.259,0.89555,0.89629,1.00,1.00
2014.12.17 23:14:55.369,0.89547,0.89622,1.00,1.00
2014.12.17 23:14:55.470,0.89547,0.89622,1.00,1.75
2014.12.17 23:14:55.872,0.89553,0.89622,1.00,1.00
2014.12.17 23:14:56.203,0.89553,0.89614,1.00,1.12
2014.12.17 23:14:56.543,0.89548,0.89614,1.00,1.75
2014.12.17 23:14:56.954,0.89547,0.89614,1.00,1.50
2014.12.17 23:14:57.459,0.89547,0.89614,1.00,1.75
2014.12.17 23:14:58.660,0.89547,0.89614,1.00,1.50
2014.12.17 23:14:59.663,0.89548,0.89614,1.00,1.50
2014.12.17 23:15:00.968,0.89548,0.89614,1.00,1.37
2014.12.17 23:15:01.169,0.89548,0.89614,1.00,1.50
2014.12.17 23:15:01.773,0.89548,0.89614,1.00,1.37
2014.12.17 23:15:02.101,0.89548,0.89614,1.00,1.75
2014.12.17 23:15:03.880,0.89548,0.89614,1.00,1.37
2014.12.17 23:15:04.191,0.89548,0.89614,1.00,1.75
2014.12.17 23:15:04.582,0.89548,0.89614,1.00,1.00
2014.12.17 23:15:04.694,0.89548,0.89614,1.00,1.37
2014.12.17 23:15:05.001,0.89548,0.89614,1.00,1.50
2014.12.17 23:15:07.292,0.89548,0.89614,1.00,1.37
2014.12.17 23:15:07.600,0.89548,0.89614,1.00,1.75
2014.12.17 23:15:08.195,0.89548,0.89614,1.00,1.50
2014.12.17 23:15:08.701,0.89548,0.89614,1.00,1.75
2014.12.17 23:15:08.898,0.89548,0.89614,1.00,1.37
2014.12.17 23:15:08.998,0.89548,0.89614,1.00,1.75
2014.12.17 23:15:09.231,0.89548,0.89614,1.00,1.37
2014.12.17 23:15:09.700,0.89548,0.89614,1.00,1.00
2014.12.17 23:15:11.805,0.89548,0.89614,1.00,1.37
2014.12.17 23:15:11.906,0.89548,0.89614,1.00,1.00
2014.12.17 23:15:12.207,0.89548,0.89614,1.00,1.75
2014.12.17 23:15:13.308,0.89548,0.89614,1.00,1.50
2014.12.17 23:15:13.409,0.89548,0.89614,1.00,1.00
2014.12.17 23:15:13.520,0.89548,0.89614,1.00,1.37
2014.12.17 23:15:13.621,0.89548,0.89614,1.37,1.37
2014.12.17 23:15:13.810,0.89548,0.89614,1.00,1.37
2014.12.17 23:15:13.910,0.89548,0.89614,1.00,1.00
2014.12.17 23:15:14.011,0.89548,0.89613,1.00,1.37
2014.12.17 23:15:14.226,0.89548,0.89614,1.00,1.00
2014.12.17 23:15:15.721,0.89548,0.89614,1.00,1.75
2014.12.17 23:15:16.647,0.89548,0.89616,1.00,1.75
2014.12.17 23:15:16.720,0.89548,0.89616,1.00,1.75
2014.12.17 23:15:16.820,0.89548,0.89616,1.00,1.37
2014.12.17 23:15:16.951,0.89548,0.89616,1.00,1.75
2014.12.17 23:15:17.320,0.89548,0.89616,1.00,1.75
2014.12.17 23:15:17.823,0.89548,0.89616,1.37,1.37
2014.12.17 23:15:17.923,0.89548,0.89616,1.00,1.00
2014.12.17 23:15:18.025,0.89548,0.89616,1.12,1.37
2014.12.17 23:15:18.531,0.89548,0.89617,2.62,1.00
2014.12.17 23:15:18.632,0.89548,0.89617,2.62,1.37
2014.12.17 23:15:18.732,0.89549,0.89617,1.50,1.00
2014.12.17 23:15:19.040,0.89549,0.89617,1.87,1.37
2014.12.17 23:15:19.460,0.89548,0.89617,2.25,1.00
2014.12.17 23:15:19.561,0.89548,0.89617,2.25,1.75
2014.12.17 23:15:20.132,0.89547,0.89618,1.50,1.75
2014.12.17 23:15:20.230,0.89547,0.89618,1.50,1.37
2014.12.17 23:15:20.330,0.89547,0.89618,1.50,1.75
2014.12.17 23:15:20.531,0.89547,0.89618,1.50,1.37
2014.12.17 23:15:20.671,0.89547,0.89618,1.87,1.75
2014.12.17 23:15:21.133,0.89547,0.89615,1.00,1.37
2014.12.17 23:15:21.241,0.89547,0.89615,1.12,1.75
2014.12.17 23:15:21.341,0.89547,0.89615,2.25,1.00
2014.12.17 23:15:21.442,0.89547,0.89615,1.37,1.75
2014.12.17 23:15:21.835,0.89548,0.89615,1.50,1.00
2014.12.17 23:15:21.936,0.89548,0.89615,2.25,1.75
2014.12.17 23:15:22.738,0.89548,0.89615,1.00,1.37
2014.12.17 23:15:22.839,0.89548,0.89615,1.00,1.50
2014.12.17 23:15:22.940,0.89548,0.89615,1.00,1.12
2014.12.17 23:15:23.041,0.89548,0.89615,1.00,1.75
2014.12.17 23:15:23.750,0.89548,0.89615,2.25,1.00
2014.12.17 23:15:23.990,0.89548,0.89615,2.62,1.37
2014.12.17 23:15:24.143,0.8955,0.89615,1.50,1.00
2014.12.17 23:15:24.268,0.8955,0.89617,1.50,1.12
2014.12.17 23:15:24.369,0.8955,0.89617,1.87,1.50
2014.12.17 23:15:24.470,0.89549,0.89617,1.50,1.00
2014.12.17 23:15:24.545,0.89549,0.89617,2.25,1.50
2014.12.17 23:15:24.645,0.89548,0.89617,2.25,1.00
2014.12.17 23:15:25.020,0.8955,0.89617,1.50,1.00
2014.12.17 23:15:25.121,0.8955,0.89622,1.50,1.00
2014.12.17 23:15:25.260,0.89548,0.89622,1.50,1.00
2014.12.17 23:15:25.420,0.89557,0.89622,1.00,1.00
2014.12.17 23:15:25.985,0.89558,0.89622,2.25,1.00
2014.12.17 23:15:27.151,0.89558,0.89622,2.25,1.37
2014.12.17 23:15:27.898,0.89558,0.89622,1.00,1.75
2014.12.17 23:15:28.425,0.89558,0.8962,1.00,3.00
2014.12.17 23:15:30.362,0.89558,0.89621,1.00,1.87
2014.12.17 23:15:30.463,0.89557,0.89621,1.00,2.25
2014.12.17 23:15:30.590,0.89557,0.89621,1.00,2.25
2014.12.17 23:15:30.691,0.89553,0.89621,1.50,2.25
2014.12.17 23:15:30.903,0.89553,0.89621,1.50,1.87
2014.12.17 23:15:30.965,0.89553,0.89621,1.50,2.25
2014.12.17 23:15:31.066,0.89553,0.89621,1.50,1.87
2014.12.17 23:15:31.167,0.89552,0.89619,1.50,2.25
2014.12.17 23:15:31.670,0.89553,0.8962,1.87,2.25
2014.12.17 23:15:32.630,0.89555,0.89622,1.50,1.75
2014.12.17 23:15:32.933,0.89564,0.89628,1.87,1.75
2014.12.17 23:15:33.776,0.89564,0.89628,1.87,1.75
2014.12.17 23:15:38.890,0.89565,0.89628,1.87,2.25
2014.12.17 23:15:43.521,0.89565,0.89628,1.87,2.25
2014.12.17 23:15:43.605,0.89565,0.89628,1.87,2.25
2014.12.17 23:15:44.952,0.89565,0.89628,1.50,1.87
2014.12.17 23:15:45.008,0.89565,0.89628,1.87,2.25
2014.12.17 23:15:49.120,0.89565,0.89628,1.50,2.25
2014.12.17 23:15:49.470,0.8956,0.89629,1.87,3.00
2014.12.17 23:15:49.571,0.8956,0.89629,1.50,3.00
2014.12.17 23:15:49.922,0.8956,0.89628,1.87,1.37
2014.12.17 23:15:50.100,0.89562,0.89628,1.50,1.37
2014.12.17 23:15:51.200,0.89563,0.89628,1.50,1.37
2014.12.17 23:15:51.962,0.89562,0.89628,1.50,1.37
2014.12.17 23:15:52.740,0.89562,0.89628,1.50,2.25
2014.12.17 23:15:53.400,0.89561,0.89627,1.50,1.75
2014.12.17 23:15:54.059,0.8956,0.89627,1.87,1.75
2014.12.17 23:15:54.672,0.8956,0.89627,1.50,1.75
2014.12.17 23:15:55.270,0.89562,0.89627,1.50,1.75
2014.12.17 23:15:59.491,0.89562,0.89627,1.50,1.00
2014.12.17 23:15:59.591,0.89562,0.89627,1.50,1.75
2014.12.17 23:16:00.130,0.89563,0.89627,1.50,1.75
2014.12.17 23:16:00.589,0.89562,0.89627,1.50,1.00
2014.12.17 23:16:00.968,0.89563,0.89627,1.50,1.50
2014.12.17 23:16:01.369,0.89563,0.89627,1.50,1.12
2014.12.17 23:16:01.507,0.89563,0.89627,1.50,1.37
2014.12.17 23:16:02.513,0.89563,0.89627,1.50,1.75
2014.12.17 23:16:03.320,0.89561,0.89627,1.87,1.75
2014.12.17 23:16:03.421,0.89561,0.89627,1.87,1.37
2014.12.17 23:16:03.623,0.89561,0.89627,1.50,1.50
2014.12.17 23:16:04.786,0.89561,0.89627,1.87,1.37
2014.12.17 23:16:05.688,0.89561,0.89627,1.50,1.50
2014.12.17 23:16:06.037,0.89561,0.89627,1.50,1.37
2014.12.17 23:16:06.289,0.89562,0.89627,1.50,1.50
2014.12.17 23:16:06.490,0.89562,0.89627,1.87,1.37
2014.12.17 23:16:06.791,0.89562,0.89627,1.50,1.75
2014.12.17 23:16:07.092,0.89562,0.89627,1.50,1.50
2014.12.17 23:16:07.393,0.89562,0.89627,1.50,1.37
2014.12.17 23:16:07.494,0.89562,0.89627,1.50,1.75
2014.12.17 23:16:08.095,0.89562,0.89627,1.50,1.75
2014.12.17 23:16:08.396,0.89564,0.89627,1.50,1.75
2014.12.17 23:16:08.497,0.89562,0.89627,1.50,1.75
2014.12.17 23:16:08.998,0.89561,0.89627,1.50,1.50
2014.12.17 23:16:09.259,0.89564,0.89627,1.50,1.50
2014.12.17 23:16:09.429,0.89564,0.89627,1.50,1.37
2014.12.17 23:16:11.459,0.89563,0.89627,1.50,1.37
2014.12.17 23:16:12.028,0.89562,0.89627,1.50,1.37
2014.12.17 23:16:12.927,0.89562,0.89627,1.87,1.50
2014.12.17 23:16:13.439,0.89562,0.89627,1.50,1.75
2014.12.17 23:16:13.508,0.89562,0.89627,1.87,1.37
2014.12.17 23:16:13.609,0.89561,0.89627,1.87,1.75
2014.12.17 23:16:14.080,0.89563,0.89627,1.50,1.75
2014.12.17 23:16:15.529,0.89562,0.89627,1.50,1.75
2014.12.17 23:16:16.189,0.89561,0.89627,1.87,1.75
2014.12.17 23:16:16.553,0.89561,0.89627,1.50,1.00
2014.12.17 23:16:16.654,0.89563,0.89627,1.50,1.75
2014.12.17 23:16:17.620,0.89562,0.89627,1.50,1.75
2014.12.17 23:16:18.279,0.89563,0.89627,1.50,1.75
2014.12.17 23:16:19.269,0.89562,0.89627,1.50,1.75
2014.12.17 23:16:19.767,0.89561,0.89627,1.50,1.37
2014.12.17 23:16:19.867,0.89561,0.89627,1.50,1.75
2014.12.17 23:16:20.186,0.89563,0.89627,1.50,1.75
2014.12.17 23:16:21.028,0.89563,0.89627,1.50,1.37
2014.12.17 23:16:21.129,0.89564,0.89627,1.50,1.75
2014.12.17 23:16:21.629,0.89564,0.89627,1.50,1.37
2014.12.17 23:16:21.730,0.89564,0.89627,1.50,1.75
2014.12.17 23:16:21.909,0.89561,0.89627,1.50,1.75
2014.12.17 23:16:22.240,0.89563,0.89627,1.50,1.75
2014.12.17 23:16:22.450,0.89563,0.89628,1.87,1.50
2014.12.17 23:16:22.899,0.89565,0.89628,1.50,1.50
2014.12.17 23:16:23.449,0.89566,0.8963,1.50,1.75
2014.12.17 23:16:23.535,0.89566,0.8963,1.87,1.37
2014.12.17 23:16:23.737,0.89566,0.8963,1.87,1.75
2014.12.17 23:16:23.838,0.89567,0.8963,1.87,1.37
2014.12.17 23:16:27.645,0.89565,0.89629,1.87,1.50
2014.12.17 23:16:27.846,0.89565,0.89629,1.87,1.37
2014.12.17 23:16:28.247,0.89565,0.89629,1.87,1.37
2014.12.17 23:16:28.648,0.89565,0.89629,1.87,1.75
2014.12.17 23:16:28.860,0.89565,0.8963,1.87,1.37
2014.12.17 23:16:31.860,0.89565,0.89629,1.87,1.00
2014.12.17 23:16:31.984,0.89565,0.89629,1.87,1.37
2014.12.17 23:16:32.085,0.89563,0.89629,1.87,2.25
2014.12.17 23:16:33.694,0.89562,0.89627,1.12,1.75
2014.12.17 23:16:33.872,0.89562,0.89627,1.37,1.50
2014.12.17 23:16:38.103,0.89562,0.89628,1.00,1.75
2014.12.17 23:16:38.303,0.89563,0.89628,1.50,1.50
2014.12.17 23:16:39.106,0.89563,0.89628,1.87,1.75
2014.12.17 23:16:39.335,0.89563,0.89628,1.87,2.25
2014.12.17 23:16:42.147,0.89562,0.89627,1.12,1.75
2014.12.17 23:16:42.349,0.89562,0.89628,1.37,1.75
2014.12.17 23:16:45.119,0.89562,0.89628,1.37,2.25
2014.12.17 23:16:45.367,0.89562,0.89628,1.12,1.87
2014.12.17 23:16:46.129,0.89562,0.89628,1.12,2.25
2014.12.17 23:16:46.322,0.89562,0.89628,1.37,2.25
2014.12.17 23:16:47.123,0.89562,0.89628,1.12,2.25
2014.12.17 23:16:47.369,0.89562,0.89628,1.37,3.75
2014.12.17 23:16:49.127,0.89562,0.89628,1.00,3.00
2014.12.17 23:16:49.428,0.89562,0.89627,1.12,1.37
2014.12.17 23:16:49.678,0.89561,0.89625,1.87,1.75
2014.12.17 23:16:49.980,0.89559,0.89624,1.87,2.25
2014.12.17 23:16:50.398,0.89558,0.89622,2.62,2.25
2014.12.17 23:16:50.449,0.89558,0.89622,2.62,2.25
2014.12.17 23:16:51.134,0.89559,0.89623,1.87,1.75
2014.12.17 23:16:51.333,0.89559,0.89621,1.87,1.50
2014.12.17 23:16:52.036,0.89559,0.89624,1.87,2.25
2014.12.17 23:16:52.149,0.89559,0.89624,1.87,1.87
2014.12.17 23:16:52.350,0.89558,0.89623,1.50,1.87
2014.12.17 23:16:52.818,0.89559,0.89624,1.87,2.25
2014.12.17 23:16:55.888,0.89563,0.89624,1.00,2.25
2014.12.17 23:16:56.389,0.89559,0.89624,1.87,2.25
2014.12.17 23:16:57.070,0.89559,0.89624,1.50,2.25
2014.12.17 23:16:57.271,0.89559,0.89624,1.50,2.25
2014.12.17 23:16:59.630,0.89559,0.89624,1.87,2.25
2014.12.17 23:16:59.731,0.8956,0.89625,1.87,1.87
2014.12.17 23:16:59.781,0.89563,0.89626,1.50,1.50
2014.12.17 23:16:59.882,0.89561,0.89626,1.87,1.50
2014.12.17 23:16:59.932,0.89561,0.89626,1.87,1.12
2014.12.17 23:17:00.295,0.89562,0.89626,1.87,1.37
2014.12.17 23:17:00.619,0.89562,0.89627,1.87,1.75
2014.12.17 23:17:00.886,0.89564,0.89627,1.87,1.50
2014.12.17 23:17:01.887,0.89563,0.89627,1.87,1.37
2014.12.17 23:17:07.108,0.89562,0.89627,1.87,1.75
2014.12.17 23:17:07.410,0.89562,0.89627,1.87,1.37
2014.12.17 23:17:08.012,0.89563,0.89627,1.87,1.37
2014.12.17 23:17:13.030,0.89563,0.89627,1.87,1.37
2014.12.17 23:17:13.388,0.89563,0.89622,2.62,1.37
2014.12.17 23:17:14.029,0.89563,0.89622,2.62,1.37
2014.12.17 23:17:14.719,0.89563,0.89622,2.62,1.37
2014.12.17 23:17:15.968,0.89563,0.89622,1.37,1.75
2014.12.17 23:17:20.361,0.89563,0.89622,1.37,1.37
2014.12.17 23:17:23.867,0.89563,0.89622,3.00,1.12
2014.12.17 23:17:23.968,0.89564,0.89622,1.87,1.37
2014.12.17 23:17:24.489,0.89563,0.89622,3.00,1.75
2014.12.17 23:17:31.083,0.89563,0.89622,1.37,1.37
2014.12.17 23:17:31.184,0.89563,0.89622,1.50,1.75
2014.12.17 23:17:33.889,0.89564,0.89621,1.87,1.37
2014.12.17 23:17:45.849,0.89564,0.89621,1.87,1.37
2014.12.17 23:18:07.348,0.89563,0.89622,1.37,1.75
2014.12.17 23:18:14.398,0.89563,0.89622,2.62,1.75
2014.12.17 23:18:35.503,0.89563,0.89623,1.87,1.75
2014.12.17 23:18:37.236,0.89563,0.89623,1.87,1.75
2014.12.17 23:18:37.310,0.89563,0.89623,1.87,1.75
2014.12.17 23:18:37.461,0.89563,0.89623,1.37,1.75
2014.12.17 23:18:38.967,0.89564,0.89624,1.87,1.75
2014.12.17 23:18:56.578,0.89563,0.89624,2.25,1.75
2014.12.17 23:18:57.182,0.89563,0.89624,1.87,1.50
2014.12.17 23:18:58.591,0.89563,0.89624,1.50,1.75
2014.12.17 23:18:59.199,0.89563,0.89624,1.37,1.75
2014.12.17 23:19:02.736,0.89562,0.89619,1.37,1.75
2014.12.17 23:19:03.041,0.8956,0.89619,2.25,1.37
2014.12.17 23:19:07.597,0.89566,0.89623,1.87,1.50
2014.12.17 23:19:24.156,0.89568,0.89623,2.25,1.12
2014.12.17 23:19:24.538,0.89572,0.8963,2.25,1.75
2014.12.17 23:19:25.095,0.89572,0.89628,1.75,1.50
2014.12.17 23:19:27.155,0.89573,0.8963,1.37,1.37
2014.12.17 23:19:27.735,0.89573,0.8963,1.50,1.50
2014.12.17 23:19:34.179,0.89573,0.8963,1.75,1.75
2014.12.17 23:19:35.885,0.89573,0.8963,1.75,1.75
2014.12.17 23:19:35.986,0.89573,0.8963,1.37,1.75
2014.12.17 23:19:36.199,0.89573,0.8963,1.37,1.75
2014.12.17 23:19:36.300,0.89573,0.8963,1.50,1.75
2014.12.17 23:19:36.638,0.89572,0.8963,1.37,1.75
2014.12.17 23:19:40.235,0.89572,0.8963,1.37,1.75
2014.12.17 23:19:41.201,0.89573,0.8963,1.50,1.75
2014.12.17 23:19:41.501,0.89573,0.8963,1.37,1.75
2014.12.17 23:19:51.245,0.89573,0.89629,1.75,1.75
2014.12.17 23:19:54.923,0.89576,0.89632,1.75,1.75
2014.12.17 23:19:55.345,0.89577,0.89632,1.75,1.75
2014.12.17 23:19:58.449,0.89578,0.89634,1.37,2.25
2014.12.17 23:20:04.138,0.89577,0.89632,1.75,1.75
2014.12.17 23:20:04.710,0.89577,0.89633,1.75,3.00
2014.12.17 23:20:07.975,0.89577,0.89632,1.37,1.75
2014.12.17 23:20:13.759,0.89577,0.89632,1.37,1.75
2014.12.17 23:20:16.085,0.89577,0.89632,1.37,1.75
2014.12.17 23:20:16.463,0.89577,0.89632,1.75,1.50
2014.12.17 23:20:16.794,0.8958,0.89631,1.37,1.75
2014.12.17 23:20:21.585,0.8958,0.89638,1.87,3.75
2014.12.17 23:20:21.786,0.89589,0.89642,1.00,1.75
2014.12.17 23:20:21.994,0.89585,0.89644,1.00,2.25
2014.12.17 23:20:22.848,0.89581,0.89637,1.50,1.37
2014.12.17 23:20:27.707,0.89581,0.89637,1.12,1.37
2014.12.17 23:20:32.464,0.89581,0.89637,1.37,1.37
2014.12.17 23:20:32.620,0.89581,0.89637,1.37,1.37
2014.12.17 23:21:10.497,0.89583,0.89639,1.00,1.37
2014.12.17 23:21:10.598,0.89583,0.89639,1.00,1.75
2014.12.17 23:21:10.648,0.89574,0.89634,2.62,1.75
2014.12.17 23:21:10.699,0.89574,0.89633,1.12,2.25
2014.12.17 23:21:11.217,0.89569,0.8963,1.37,1.75
2014.12.17 23:21:11.625,0.8957,0.8963,2.25,1.50
2014.12.17 23:21:11.895,0.89571,0.8963,1.87,1.37
2014.12.17 23:21:13.994,0.89572,0.8963,2.25,1.37
2014.12.17 23:21:14.800,0.89571,0.8963,2.25,1.75
2014.12.17 23:21:14.905,0.89569,0.8963,1.50,1.75
2014.12.17 23:21:17.322,0.89569,0.8963,1.75,1.87
2014.12.17 23:21:17.434,0.89569,0.8963,1.75,1.87
2014.12.17 23:21:17.654,0.89569,0.8963,1.50,1.50
2014.12.17 23:21:17.963,0.89573,0.8963,1.37,1.00
2014.12.17 23:21:18.832,0.89573,0.89632,3.00,1.37
2014.12.17 23:21:19.435,0.89574,0.89632,1.87,1.37
2014.12.17 23:21:19.536,0.89573,0.89632,1.75,1.37
2014.12.17 23:21:21.064,0.89573,0.89632,1.37,1.12
2014.12.17 23:21:23.064,0.89573,0.89633,1.37,1.50
2014.12.17 23:21:27.295,0.89569,0.89629,1.12,1.75
2014.12.17 23:21:27.674,0.89568,0.8962,1.00,1.37
2014.12.17 23:21:28.104,0.89563,0.8962,1.37,1.37
2014.12.17 23:21:35.694,0.89563,0.8962,1.50,1.37
2014.12.17 23:21:36.998,0.89563,0.8962,1.37,1.37
2014.12.17 23:21:37.123,0.89563,0.8962,1.50,1.37
2014.12.17 23:21:38.922,0.89563,0.8962,1.37,1.37
2014.12.17 23:21:39.023,0.89563,0.8962,1.50,1.50
2014.12.17 23:21:45.748,0.89562,0.8962,1.50,1.37
2014.12.17 23:21:45.899,0.89562,0.8962,3.00,1.37
2014.12.17 23:21:49.371,0.89562,0.89622,3.75,1.37
2014.12.17 23:21:49.523,0.89568,0.89628,1.75,2.25
2014.12.17 23:21:49.623,0.8957,0.89628,1.87,1.87
2014.12.17 23:21:56.528,0.89569,0.89628,1.87,2.25
2014.12.17 23:21:56.629,0.89568,0.89628,1.12,2.25
2014.12.17 23:21:56.730,0.89565,0.89621,1.87,1.37
2014.12.17 23:21:57.063,0.89563,0.89621,1.50,1.37
2014.12.17 23:21:58.314,0.89563,0.89621,1.12,1.75
2014.12.17 23:22:01.034,0.89562,0.89618,1.00,1.75
2014.12.17 23:22:01.185,0.89558,0.89615,1.37,1.37
2014.12.17 23:22:01.443,0.89555,0.89612,1.37,1.37
2014.12.17 23:22:04.570,0.8955,0.8961,1.75,1.37
2014.12.17 23:22:04.902,0.8955,0.89603,1.75,1.00
2014.12.17 23:22:05.379,0.8955,0.89603,1.37,1.00
2014.12.17 23:22:05.616,0.89553,0.89607,1.37,1.37
2014.12.17 23:22:05.834,0.8955,0.89602,1.37,1.00
2014.12.17 23:22:06.404,0.8955,0.89607,1.37,1.37
2014.12.17 23:22:07.154,0.8955,0.89603,1.37,1.00
2014.12.17 23:22:07.814,0.8955,0.89602,1.37,1.00
2014.12.17 23:22:10.393,0.8955,0.8961,1.37,1.37
2014.12.17 23:22:11.667,0.8955,0.8961,1.37,1.12
2014.12.17 23:22:18.056,0.8955,0.8961,1.37,1.37
2014.12.17 23:22:22.472,0.8955,0.8961,1.37,1.75
2014.12.17 23:22:26.591,0.89547,0.89605,1.75,1.37
2014.12.17 23:22:27.797,0.89548,0.89605,1.37,1.12
2014.12.17 23:22:28.099,0.89548,0.89605,1.50,1.37
2014.12.17 23:22:29.043,0.89548,0.89605,1.37,1.37
2014.12.17 23:22:29.708,0.89548,0.89602,1.75,1.00
2014.12.17 23:22:29.859,0.8956,0.89613,1.75,1.50
2014.12.17 23:22:29.910,0.8956,0.89622,1.75,1.87
2014.12.17 23:22:29.961,0.89568,0.89621,1.75,1.00
2014.12.17 23:22:30.502,0.89573,0.8963,1.75,1.50
2014.12.17 23:22:30.552,0.89573,0.8963,1.75,1.75
2014.12.17 23:22:32.744,0.89586,0.89634,2.25,1.00
2014.12.17 23:22:32.854,0.8959,0.89637,2.25,1.00
2014.12.17 23:22:32.905,0.8959,0.89641,2.25,1.00
2014.12.17 23:22:33.006,0.8959,0.89647,1.50,1.00
2014.12.17 23:22:33.183,0.89587,0.89648,1.00,1.50
2014.12.17 23:22:33.284,0.89589,0.89648,1.50,1.50
2014.12.17 23:22:33.870,0.89589,0.89647,1.50,1.00
2014.12.17 23:22:34.462,0.89589,0.89648,1.50,1.50
2014.12.17 23:22:36.537,0.89589,0.89648,2.25,1.87
2014.12.17 23:22:38.744,0.89589,0.89648,1.87,1.87
2014.12.17 23:22:40.493,0.89588,0.89647,1.75,1.75
2014.12.17 23:22:40.594,0.89588,0.89644,1.37,1.37
2014.12.17 23:22:40.694,0.89588,0.89644,1.37,1.75
2014.12.17 23:22:40.857,0.89588,0.89644,1.75,1.37
2014.12.17 23:22:41.058,0.89587,0.89644,1.37,1.37
2014.12.17 23:22:41.209,0.89587,0.89644,1.50,1.50
2014.12.17 23:22:41.363,0.89587,0.89644,1.00,1.00
2014.12.17 23:22:41.413,0.89587,0.89638,1.00,1.00
2014.12.17 23:22:41.689,0.89583,0.89638,1.00,2.25
2014.12.17 23:22:41.745,0.89583,0.89632,1.00,1.00
2014.12.17 23:22:42.152,0.89577,0.89632,1.00,1.00
2014.12.17 23:22:42.372,0.89578,0.89632,1.37,1.75
2014.12.17 23:22:44.112,0.89583,0.89632,1.00,1.75
2014.12.17 23:22:44.682,0.89578,0.89632,1.37,2.25
2014.12.17 23:22:51.122,0.89577,0.89632,1.50,1.75
2014.12.17 23:23:00.141,0.89578,0.89632,1.37,2.25
2014.12.17 23:23:00.471,0.89578,0.89629,1.37,1.75
2014.12.17 23:23:00.632,0.89577,0.89629,1.50,1.50
2014.12.17 23:23:09.161,0.89577,0.89627,1.12,1.75
2014.12.17 23:23:09.363,0.89577,0.8963,1.00,1.37
2014.12.17 23:23:09.414,0.89573,0.8963,1.12,1.37
2014.12.17 23:23:09.665,0.89573,0.8963,1.50,1.37
2014.12.17 23:23:10.746,0.89576,0.89635,1.37,1.75
2014.12.17 23:23:20.411,0.89576,0.89634,1.37,1.75
2014.12.17 23:23:24.286,0.89578,0.89632,1.37,1.75
2014.12.17 23:23:24.811,0.89578,0.89629,1.37,1.75
2014.12.17 23:23:26.399,0.89578,0.89631,1.37,1.75
2014.12.17 23:23:27.404,0.89578,0.89631,1.37,1.75
2014.12.17 23:23:27.972,0.89578,0.89631,1.12,1.75
2014.12.17 23:23:30.411,0.89578,0.89631,1.37,1.75
2014.12.17 23:23:30.613,0.89578,0.89628,1.12,1.75
2014.12.17 23:23:31.114,0.89578,0.8963,1.37,1.75
2014.12.17 23:23:32.417,0.89578,0.89628,1.12,1.75
2014.12.17 23:23:33.520,0.89578,0.8963,1.37,1.50
2014.12.17 23:23:34.526,0.89573,0.89627,1.75,1.37
2014.12.17 23:23:36.738,0.89573,0.89627,1.75,1.37
2014.12.17 23:23:43.571,0.89577,0.89631,1.37,1.37
2014.12.17 23:23:43.672,0.89577,0.89633,2.25,1.37
2014.12.17 23:23:43.973,0.89578,0.89636,1.37,1.75
2014.12.17 23:23:44.170,0.89578,0.89636,1.37,1.75
2014.12.17 23:24:01.662,0.89578,0.89631,1.37,1.37
2014.12.17 23:24:10.075,0.89577,0.89633,1.75,1.50
2014.12.17 23:24:12.587,0.89577,0.89633,1.37,1.37
2014.12.17 23:24:16.351,0.89576,0.89635,1.75,1.50
2014.12.17 23:24:20.529,0.89576,0.89635,1.75,1.00
2014.12.17 23:24:20.630,0.89582,0.89642,1.37,1.00
2014.12.17 23:24:21.435,0.89583,0.89642,1.37,1.37
2014.12.17 23:24:21.538,0.89583,0.89642,1.37,1.37
2014.12.17 23:24:22.262,0.89583,0.89642,1.37,1.37
2014.12.17 23:24:28.189,0.89582,0.89642,1.87,1.37
2014.12.17 23:24:28.732,0.89582,0.89642,1.87,1.37
2014.12.17 23:24:29.820,0.89582,0.89642,1.87,3.00
2014.12.17 23:24:33.203,0.89582,0.89642,1.87,1.75
2014.12.17 23:24:33.403,0.89582,0.89642,1.87,1.37
2014.12.17 23:24:40.342,0.89583,0.8964,1.00,1.12
2014.12.17 23:24:40.443,0.89578,0.8964,1.50,1.37
2014.12.17 23:24:40.748,0.89577,0.8964,2.25,1.37
2014.12.17 23:24:43.029,0.89583,0.8964,1.12,1.37
2014.12.17 23:24:43.231,0.89578,0.8964,3.00,1.37
2014.12.17 23:24:43.533,0.89578,0.8964,2.25,1.37
2014.12.17 23:24:46.659,0.89582,0.89638,1.37,1.00
2014.12.17 23:24:47.317,0.89583,0.89637,1.37,1.00
2014.12.17 23:24:48.639,0.89582,0.89638,1.37,1.00
2014.12.17 23:24:56.010,0.89583,0.89637,1.37,1.00
2014.12.17 23:24:59.857,0.89583,0.89637,1.75,1.00
2014.12.17 23:25:00.300,0.89583,0.89643,1.75,2.62
2014.12.17 23:25:01.098,0.89584,0.89642,1.75,1.37
2014.12.17 23:25:01.389,0.89586,0.89642,2.25,1.00
2014.12.17 23:25:01.440,0.89589,0.89647,1.75,1.12
2014.12.17 23:25:01.956,0.89592,0.89648,1.37,1.00
2014.12.17 23:25:02.162,0.89592,0.89648,1.75,1.00
2014.12.17 23:25:02.797,0.89594,0.89647,3.00,1.00
2014.12.17 23:25:02.847,0.89594,0.89657,2.25,1.75
2014.12.17 23:25:03.101,0.89593,0.89657,1.37,3.00
2014.12.17 23:25:04.151,0.89593,0.89647,1.37,1.00
2014.12.17 23:25:18.226,0.89593,0.89647,1.37,1.00
2014.12.17 23:25:20.150,0.89593,0.89651,1.37,1.12
2014.12.17 23:25:20.251,0.89593,0.89651,1.50,1.12
2014.12.17 23:25:22.177,0.89593,0.89652,1.37,1.12
2014.12.17 23:25:22.279,0.89593,0.89651,1.75,1.37
2014.12.17 23:25:22.491,0.89593,0.89651,1.37,1.00
2014.12.17 23:25:24.681,0.89593,0.89652,1.37,1.12
2014.12.17 23:25:24.882,0.89593,0.89652,2.25,1.37
2014.12.17 23:25:26.010,0.89597,0.89658,1.75,1.50
2014.12.17 23:25:44.140,0.89598,0.89659,1.75,1.37
2014.12.17 23:25:44.694,0.89603,0.89664,1.50,1.37
2014.12.17 23:25:44.950,0.89603,0.89664,2.62,1.37
2014.12.17 23:25:45.210,0.89598,0.89658,1.37,1.00
2014.12.17 23:25:45.261,0.89597,0.89658,1.75,1.00
2014.12.17 23:25:45.361,0.89597,0.89658,1.75,1.37
2014.12.17 23:25:45.870,0.89597,0.89658,1.75,1.37
2014.12.17 23:25:48.967,0.89597,0.89658,1.37,1.37
2014.12.17 23:25:50.720,0.89597,0.89658,2.25,1.37
2014.12.17 23:25:51.033,0.89603,0.89664,2.25,1.37
2014.12.17 23:25:51.184,0.89603,0.89664,2.25,1.75
2014.12.17 23:25:51.898,0.89602,0.89664,1.75,1.37
2014.12.17 23:25:52.367,0.89612,0.89664,1.00,1.37
2014.12.17 23:25:57.860,0.89613,0.89667,1.00,1.12
2014.12.17 23:25:57.970,0.89613,0.89667,1.00,1.37
2014.12.17 23:25:58.516,0.89613,0.89665,1.00,1.37
2014.12.17 23:25:59.542,0.89613,0.89665,1.00,1.37
2014.12.17 23:26:00.646,0.89613,0.89664,1.00,1.12
2014.12.17 23:26:01.560,0.89613,0.89664,1.00,1.37
2014.12.17 23:26:02.563,0.89613,0.89665,1.00,1.00
2014.12.17 23:26:02.664,0.89613,0.89667,1.37,1.12
2014.12.17 23:26:03.010,0.89613,0.89666,1.37,1.75
2014.12.17 23:26:03.111,0.89613,0.89666,1.37,1.37
2014.12.17 23:26:03.463,0.89613,0.89666,1.12,1.37
2014.12.17 23:26:03.564,0.89617,0.89666,1.00,1.37
2014.12.17 23:26:03.910,0.89615,0.89672,2.25,1.75
2014.12.17 23:26:04.377,0.89622,0.89674,1.00,1.75
2014.12.17 23:26:05.199,0.89623,0.89674,1.00,1.75
2014.12.17 23:26:05.310,0.89617,0.89673,1.37,1.75
2014.12.17 23:26:08.831,0.89622,0.89674,1.00,1.75
2014.12.17 23:26:09.410,0.89623,0.89674,1.00,1.50
2014.12.17 23:26:10.590,0.89618,0.89672,1.37,1.37
2014.12.17 23:26:11.363,0.89622,0.89673,1.00,1.37
2014.12.17 23:26:12.480,0.89623,0.89673,1.00,1.37
2014.12.17 23:26:16.121,0.89627,0.89673,1.00,1.37
2014.12.17 23:26:16.309,0.89622,0.89673,1.00,1.37
2014.12.17 23:26:16.461,0.89622,0.89673,1.37,1.00
2014.12.17 23:26:16.669,0.89628,0.8968,1.75,1.37
2014.12.17 23:26:16.855,0.89629,0.89682,1.50,1.00
2014.12.17 23:26:16.955,0.89634,0.89686,1.50,1.00
2014.12.17 23:26:17.056,0.89634,0.89693,1.50,1.00
2014.12.17 23:26:17.290,0.89636,0.89694,1.50,1.12
2014.12.17 23:26:17.609,0.89634,0.89684,1.50,1.00
2014.12.17 23:26:18.400,0.89638,0.89684,1.00,1.00
2014.12.17 23:26:19.201,0.89637,0.89684,1.00,1.00
2014.12.17 23:26:19.729,0.89638,0.89684,1.12,1.00
2014.12.17 23:26:22.072,0.89638,0.89684,1.37,1.00
2014.12.17 23:26:22.392,0.89642,0.89684,1.00,1.00
2014.12.17 23:26:22.720,0.89648,0.89684,1.00,1.00
2014.12.17 23:26:23.909,0.89642,0.89684,1.00,1.00
2014.12.17 23:26:28.403,0.89642,0.89685,1.00,1.00
2014.12.17 23:26:28.879,0.89637,0.89685,1.37,1.00
2014.12.17 23:26:29.409,0.89638,0.89684,1.37,1.00
2014.12.17 23:26:29.705,0.89635,0.89684,1.87,1.00
2014.12.17 23:26:30.450,0.89635,0.89685,1.87,1.00
2014.12.17 23:26:34.526,0.89634,0.89685,2.25,1.00
2014.12.17 23:26:35.884,0.89632,0.89685,1.75,1.00
2014.12.17 23:26:36.149,0.89632,0.89685,1.00,1.50
2014.12.17 23:26:36.200,0.89632,0.89677,1.00,1.00
2014.12.17 23:26:36.790,0.89627,0.89678,1.37,1.00
2014.12.17 23:26:36.842,0.89627,0.89678,1.00,1.37
2014.12.17 23:26:36.893,0.89619,0.89671,1.12,1.00
2014.12.17 23:26:37.699,0.89623,0.89671,1.00,1.00
2014.12.17 23:26:38.171,0.89617,0.89671,1.12,1.37
2014.12.17 23:26:38.989,0.89618,0.89671,1.00,1.37
2014.12.17 23:26:39.281,0.89618,0.89662,1.00,1.00
2014.12.17 23:26:40.355,0.89618,0.89662,1.37,1.00
2014.12.17 23:26:40.759,0.89617,0.89662,1.12,1.12
2014.12.17 23:26:40.857,0.89617,0.89662,1.37,1.00
2014.12.17 23:26:40.999,0.89617,0.89662,1.00,1.12
2014.12.17 23:26:41.057,0.89617,0.89662,1.37,1.00
2014.12.17 23:26:41.429,0.89613,0.89662,1.37,1.12
2014.12.17 23:26:41.749,0.89618,0.89662,1.00,1.12
2014.12.17 23:26:46.809,0.89618,0.89663,1.12,1.00
2014.12.17 23:26:47.158,0.89612,0.89662,1.37,1.50
2014.12.17 23:26:47.209,0.89612,0.89662,1.37,1.00
2014.12.17 23:26:48.172,0.89613,0.89662,1.12,1.75
2014.12.17 23:26:48.273,0.89613,0.89662,1.37,1.37
2014.12.17 23:26:48.588,0.89612,0.89662,1.12,1.37
2014.12.17 23:26:48.638,0.89612,0.89657,1.12,1.00
2014.12.17 23:26:48.689,0.896,0.89657,1.75,1.37
2014.12.17 23:26:48.789,0.89599,0.89656,1.37,2.62
2014.12.17 23:26:48.890,0.896,0.89656,1.87,1.00
2014.12.17 23:26:49.189,0.89605,0.89662,1.50,1.00
2014.12.17 23:26:49.429,0.89607,0.89663,1.00,1.50
2014.12.17 23:26:50.089,0.89613,0.89663,1.00,1.00
2014.12.17 23:26:50.428,0.89607,0.89663,3.00,1.37
2014.12.17 23:26:51.729,0.89608,0.89663,1.75,1.50
2014.12.17 23:27:06.181,0.89612,0.89664,1.37,1.37
2014.12.17 23:27:06.282,0.89612,0.89664,1.50,1.50
2014.12.17 23:27:08.081,0.89612,0.89664,1.75,1.37
2014.12.17 23:27:08.182,0.89614,0.89663,1.75,1.12
2014.12.17 23:27:08.484,0.89612,0.89668,1.75,1.75
2014.12.17 23:27:08.589,0.89612,0.89668,1.75,1.37
2014.12.17 23:27:08.690,0.89608,0.8967,2.25,1.37
2014.12.17 23:27:08.891,0.89614,0.8967,2.25,1.37
2014.12.17 23:27:09.468,0.89612,0.89669,2.25,1.37
2014.12.17 23:27:10.602,0.89612,0.8967,2.25,1.37
2014.12.17 23:27:11.832,0.89609,0.89669,2.25,1.37
2014.12.17 23:27:11.981,0.89609,0.89669,2.25,1.75
2014.12.17 23:27:13.795,0.89609,0.89669,2.25,1.75
2014.12.17 23:27:22.138,0.89615,0.8967,1.75,1.50
2014.12.17 23:27:22.239,0.89617,0.8967,1.75,1.37
2014.12.17 23:27:22.618,0.89613,0.89669,1.75,1.50
2014.12.17 23:27:22.929,0.89613,0.89669,1.75,1.75
2014.12.17 23:27:28.687,0.89617,0.89671,1.12,1.12
2014.12.17 23:27:28.788,0.89618,0.89673,3.00,1.00
2014.12.17 23:27:29.108,0.89624,0.89668,1.75,1.00
2014.12.17 23:27:29.159,0.89623,0.89677,2.25,1.00
2014.12.17 23:27:29.398,0.89626,0.89677,2.25,1.00
2014.12.17 23:27:29.449,0.89626,0.89682,2.25,1.00
2014.12.17 23:27:30.348,0.89633,0.89683,1.37,1.00
2014.12.17 23:27:31.554,0.89633,0.89684,1.37,1.12
2014.12.17 23:27:32.960,0.89633,0.89684,1.37,1.12
2014.12.17 23:27:42.118,0.89628,0.89682,1.75,1.00
2014.12.17 23:27:43.101,0.89627,0.89683,1.75,1.00
2014.12.17 23:27:51.798,0.89628,0.89682,1.75,1.00
2014.12.17 23:27:55.502,0.89628,0.89682,1.75,1.00
2014.12.17 23:27:56.638,0.89627,0.89683,1.75,1.00
2014.12.17 23:27:56.947,0.89628,0.89682,1.50,1.75
2014.12.17 23:27:57.007,0.89628,0.89682,1.37,1.37
2014.12.17 23:27:57.127,0.89624,0.89685,1.87,1.75
2014.12.17 23:27:57.228,0.89618,0.89679,1.75,1.12
2014.12.17 23:27:57.790,0.89614,0.89677,3.00,1.00
2014.12.17 23:27:58.639,0.89614,0.89677,3.00,1.37
2014.12.17 23:28:00.331,0.89614,0.89677,3.00,1.37
2014.12.17 23:28:00.633,0.89619,0.89679,2.25,1.00
2014.12.17 23:28:00.734,0.89614,0.89679,3.00,2.62
2014.12.17 23:28:01.077,0.89614,0.89677,3.00,1.00
2014.12.17 23:28:01.417,0.89614,0.89667,3.00,1.00
2014.12.17 23:28:03.288,0.89621,0.89667,1.75,1.00
2014.12.17 23:28:03.952,0.89619,0.89668,1.75,1.00
2014.12.17 23:28:06.274,0.89612,0.89668,3.00,1.00
2014.12.17 23:28:06.778,0.89612,0.89668,1.75,1.00
2014.12.17 23:28:06.867,0.89615,0.89673,2.25,1.37
2014.12.17 23:28:06.918,0.89615,0.89673,2.25,1.00
2014.12.17 23:28:07.019,0.89614,0.89673,1.87,1.50
2014.12.17 23:28:07.237,0.89615,0.89677,1.37,2.25
2014.12.17 23:28:07.288,0.89613,0.89675,1.37,1.00
2014.12.17 23:28:07.741,0.89617,0.89673,1.00,1.00
2014.12.17 23:28:10.000,0.89617,0.89673,1.75,1.12
2014.12.17 23:28:10.598,0.89617,0.89673,1.75,1.75
2014.12.17 23:28:10.699,0.89612,0.89667,3.00,1.75
2014.12.17 23:28:10.800,0.89612,0.89664,1.37,2.25
2014.12.17 23:28:10.901,0.89612,0.89657,1.00,1.00
2014.12.17 23:28:11.002,0.89612,0.8966,1.00,1.50
2014.12.17 23:28:11.147,0.89612,0.89663,1.00,1.00
2014.12.17 23:28:11.198,0.89608,0.89662,1.00,1.00
2014.12.17 23:28:11.417,0.89603,0.89662,1.12,1.00
2014.12.17 23:28:11.518,0.89603,0.89657,1.12,1.00
2014.12.17 23:28:12.097,0.89603,0.89657,1.75,1.87
2014.12.17 23:28:12.639,0.89602,0.89657,1.37,3.00
2014.12.17 23:28:12.698,0.89602,0.89657,1.37,3.00
2014.12.17 23:28:12.900,0.89592,0.89651,1.75,2.25
2014.12.17 23:28:13.102,0.89592,0.89647,1.75,1.50
2014.12.17 23:28:13.203,0.89592,0.89647,1.37,1.87
2014.12.17 23:28:13.567,0.89592,0.89641,1.37,1.50
2014.12.17 23:28:13.617,0.89582,0.89644,1.75,3.00
2014.12.17 23:28:13.687,0.89582,0.89635,1.75,1.50
2014.12.17 23:28:13.959,0.89583,0.89635,1.37,1.50
2014.12.17 23:28:14.012,0.89583,0.89635,1.75,1.50
2014.12.17 23:28:14.603,0.89582,0.89637,1.75,2.62
2014.12.17 23:28:14.653,0.89582,0.89637,1.75,2.62
2014.12.17 23:28:15.927,0.89583,0.89636,1.37,1.87
2014.12.17 23:28:16.028,0.89583,0.8963,1.37,1.50
2014.12.17 23:28:16.227,0.89578,0.8963,1.50,1.50
2014.12.17 23:28:16.327,0.89578,0.89632,1.50,1.00
2014.12.17 23:28:16.437,0.89578,0.8963,1.50,1.50
2014.12.17 23:28:17.370,0.89572,0.8963,2.25,1.50
2014.12.17 23:28:17.868,0.89572,0.89628,2.25,1.00
2014.12.17 23:28:20.661,0.89572,0.89628,1.75,1.37
2014.12.17 23:28:21.169,0.89573,0.89627,1.75,1.12
2014.12.17 23:28:23.917,0.89572,0.89626,1.75,1.50
2014.12.17 23:28:24.579,0.89573,0.89627,1.75,2.62
2014.12.17 23:28:26.997,0.89572,0.89626,1.75,1.50
2014.12.17 23:28:29.688,0.89573,0.89626,1.75,1.87
2014.12.17 23:28:30.792,0.89572,0.89626,1.75,1.87
2014.12.17 23:28:30.893,0.89573,0.89626,1.75,1.50
2014.12.17 23:28:31.177,0.89572,0.89628,2.25,1.50
2014.12.17 23:28:32.722,0.89573,0.89629,1.75,1.87
2014.12.17 23:28:36.287,0.89572,0.89633,1.75,2.62
2014.12.17 23:28:45.097,0.89583,0.89632,1.00,1.87
2014.12.17 23:29:00.852,0.89583,0.89632,1.00,2.25
2014.12.17 23:29:01.138,0.89578,0.89632,1.37,2.25
2014.12.17 23:29:01.188,0.89578,0.89632,1.50,1.87
2014.12.17 23:29:06.185,0.89577,0.89633,1.75,3.75
2014.12.17 23:29:08.186,0.89577,0.89633,1.75,3.37
2014.12.17 23:29:11.076,0.89577,0.89632,1.75,2.62
2014.12.17 23:29:11.786,0.89577,0.89632,1.75,1.87
2014.12.17 23:29:11.978,0.89583,0.89632,1.37,2.25
2014.12.17 23:29:12.079,0.89583,0.89633,1.37,1.50
2014.12.17 23:29:17.017,0.89578,0.89632,1.75,1.37
2014.12.17 23:29:18.991,0.89578,0.89632,1.37,1.50
2014.12.17 23:29:19.594,0.89578,0.89632,1.37,3.75
2014.12.17 23:29:19.927,0.89583,0.89632,1.00,1.50
2014.12.17 23:29:21.358,0.89583,0.89632,1.00,1.37
2014.12.17 23:29:23.115,0.89582,0.89632,1.00,1.37
2014.12.17 23:29:23.703,0.89582,0.89632,1.00,1.75
2014.12.17 23:29:24.405,0.89582,0.89632,1.00,1.50
2014.12.17 23:29:35.328,0.89583,0.89632,1.00,3.00
2014.12.17 23:29:36.875,0.89582,0.89631,1.00,1.37
2014.12.17 23:29:56.895,0.89583,0.89632,1.00,2.25
2014.12.17 23:29:57.355,0.89583,0.89637,1.75,1.37
2014.12.17 23:29:57.456,0.89583,0.89639,1.75,1.12
2014.12.17 23:29:57.763,0.89588,0.8964,2.25,1.00
2014.12.17 23:29:57.965,0.89593,0.8965,1.75,1.37
2014.12.17 23:29:58.116,0.89603,0.8965,1.00,1.37
2014.12.17 23:29:59.107,0.89602,0.8965,1.00,1.37
2014.12.17 23:30:00.445,0.89608,0.89649,1.00,1.12
2014.12.17 23:30:01.239,0.89608,0.89654,1.00,2.25
2014.12.17 23:30:01.396,0.89603,0.89652,1.00,1.00
2014.12.17 23:30:01.641,0.89608,0.89654,1.00,2.62
2014.12.17 23:30:01.978,0.89607,0.89658,1.37,1.00
2014.12.17 23:30:02.492,0.89608,0.89657,1.37,1.00
2014.12.17 23:30:10.191,0.89608,0.89657,1.37,1.12
2014.12.17 23:30:10.893,0.89608,0.89657,1.00,1.00
2014.12.17 23:30:11.416,0.89608,0.89657,1.12,1.37
2014.12.17 23:30:12.697,0.89608,0.89657,1.75,1.00
2014.12.17 23:30:12.798,0.89608,0.89657,1.37,1.37
2014.12.17 23:30:13.398,0.89608,0.89657,1.37,1.00
2014.12.17 23:30:16.936,0.89608,0.89661,1.37,1.37
2014.12.17 23:30:27.576,0.89605,0.89657,1.87,1.00
2014.12.17 23:30:30.136,0.89607,0.89663,1.37,2.25
2014.12.17 23:30:44.949,0.89608,0.89662,1.37,1.50
2014.12.17 23:31:03.679,0.89608,0.89662,1.37,1.37
2014.12.17 23:31:17.702,0.89608,0.89662,1.37,1.75
2014.12.17 23:31:26.207,0.89612,0.89664,1.00,1.75
2014.12.17 23:31:26.468,0.89607,0.89663,1.37,1.75
2014.12.17 23:31:30.355,0.8961,0.89663,1.75,1.37
2014.12.17 23:31:30.456,0.89612,0.89668,1.75,1.87
2014.12.17 23:31:31.247,0.89612,0.89668,2.25,1.00
2014.12.17 23:31:31.348,0.89613,0.89668,1.75,1.00
2014.12.17 23:31:31.449,0.89613,0.89667,1.75,1.00
2014.12.17 23:31:31.634,0.8962,0.89672,1.87,1.12
2014.12.17 23:31:41.763,0.89619,0.89673,1.50,1.87
2014.12.17 23:31:42.295,0.89619,0.89673,2.25,1.87
2014.12.17 23:31:42.566,0.89619,0.89673,1.87,1.87
2014.12.17 23:31:42.888,0.89623,0.89678,1.75,3.00
2014.12.17 23:31:43.190,0.89628,0.89682,2.25,1.37
2014.12.17 23:31:43.784,0.89633,0.89682,1.37,1.50
2014.12.17 23:31:45.072,0.89633,0.89682,1.37,1.00
2014.12.17 23:31:50.335,0.89632,0.89683,2.62,1.00
2014.12.17 23:31:50.885,0.89638,0.89687,1.00,1.37
2014.12.17 23:31:52.645,0.89633,0.89683,1.87,1.00
2014.12.17 23:31:53.855,0.89638,0.89687,1.00,1.37
2014.12.17 23:31:54.247,0.89633,0.89682,1.37,1.00
2014.12.17 23:31:55.836,0.89638,0.89687,1.00,1.37
2014.12.17 23:31:59.299,0.89638,0.89687,1.00,1.50
2014.12.17 23:31:59.626,0.89638,0.89687,1.00,1.37
2014.12.17 23:31:59.902,0.89638,0.89687,1.00,1.00
2014.12.17 23:32:00.324,0.8964,0.89687,1.50,1.00
2014.12.17 23:32:00.755,0.89643,0.89687,1.50,1.00
2014.12.17 23:32:01.316,0.89642,0.89687,1.50,1.00
2014.12.17 23:32:01.604,0.89644,0.89693,1.50,1.00
2014.12.17 23:32:01.655,0.89644,0.89693,1.87,1.00
2014.12.17 23:32:01.987,0.89652,0.89692,1.87,1.00
2014.12.17 23:32:02.138,0.89652,0.89702,1.87,1.00
2014.12.17 23:32:02.239,0.89647,0.89707,3.00,1.87
2014.12.17 23:32:02.441,0.89652,0.89707,1.37,1.37
2014.12.17 23:32:02.745,0.89653,0.89703,1.87,1.00
2014.12.17 23:32:02.875,0.89653,0.89707,2.62,1.50
2014.12.17 23:32:02.926,0.89653,0.89707,3.00,1.00
2014.12.17 23:32:07.927,0.89653,0.89707,3.00,1.00
2014.12.17 23:32:09.136,0.89654,0.89707,1.87,1.00
2014.12.17 23:32:09.439,0.89653,0.89707,2.25,1.00
2014.12.17 23:32:10.354,0.89652,0.89708,2.25,1.12
2014.12.17 23:32:12.664,0.89652,0.89707,3.00,1.75
2014.12.17 23:32:12.864,0.89652,0.89707,1.50,1.37
2014.12.17 23:32:13.084,0.89653,0.89706,1.37,1.00
2014.12.17 23:32:27.074,0.89658,0.89706,1.00,1.00
2014.12.17 23:32:28.834,0.89653,0.89706,1.37,1.00
2014.12.17 23:32:32.152,0.89653,0.89706,1.37,1.37
2014.12.17 23:32:32.253,0.89653,0.89706,1.12,1.00
2014.12.17 23:32:33.637,0.89653,0.8971,1.12,2.62
2014.12.17 23:32:34.905,0.89653,0.89709,1.37,1.87
2014.12.17 23:32:36.490,0.89652,0.89709,1.37,1.87
2014.12.17 23:32:42.021,0.89653,0.89709,1.12,1.87
2014.12.17 23:32:46.935,0.89653,0.89709,1.37,1.87
2014.12.17 23:32:56.203,0.89652,0.89707,1.37,2.62
2014.12.17 23:33:08.797,0.89652,0.89707,1.37,2.62
2014.12.17 23:33:10.844,0.89652,0.89707,1.00,3.00
2014.12.17 23:33:10.895,0.89648,0.89693,1.37,1.00
2014.12.17 23:33:11.148,0.89643,0.89688,1.00,1.12
2014.12.17 23:33:11.404,0.89643,0.89692,1.00,1.12
2014.12.17 23:33:14.825,0.89643,0.89691,1.00,1.00
2014.12.17 23:33:18.166,0.89643,0.89692,1.00,1.00
2014.12.17 23:33:18.669,0.89643,0.89691,1.00,1.00
2014.12.17 23:33:19.358,0.89643,0.89692,1.00,1.37
2014.12.17 23:33:19.922,0.89643,0.89692,1.00,1.75
2014.12.17 23:33:20.023,0.89643,0.89692,1.00,1.50
2014.12.17 23:33:20.324,0.89638,0.89683,1.00,1.87
2014.12.17 23:33:20.524,0.89638,0.89688,1.00,1.87
2014.12.17 23:33:20.676,0.89633,0.89687,1.12,1.37
2014.12.17 23:33:21.126,0.89632,0.89686,1.12,1.87
2014.12.17 23:33:21.527,0.89632,0.89686,1.37,2.62
2014.12.17 23:33:26.112,0.89632,0.8968,1.37,1.50
2014.12.17 23:33:26.675,0.89628,0.89677,1.50,2.62
2014.12.17 23:33:31.854,0.89633,0.89676,1.00,1.87
2014.12.17 23:33:43.323,0.89628,0.89677,1.37,2.62
2014.12.17 23:33:51.728,0.89628,0.89677,1.37,2.62
2014.12.17 23:33:56.655,0.89628,0.89677,1.37,1.37
2014.12.17 23:34:06.524,0.89628,0.89677,1.37,2.62
2014.12.17 23:34:09.027,0.89628,0.89677,1.37,2.62
2014.12.17 23:34:09.933,0.89628,0.89677,1.37,1.12
2014.12.17 23:34:10.075,0.89628,0.89677,1.37,1.37
2014.12.17 23:34:14.636,0.89628,0.89677,1.37,1.37
2014.12.17 23:34:14.937,0.89627,0.89678,2.25,1.37
2014.12.17 23:34:20.834,0.89628,0.89672,1.75,1.00
2014.12.17 23:34:28.431,0.89627,0.89678,1.75,1.37
2014.12.17 23:34:29.631,0.89628,0.89672,1.75,1.00
2014.12.17 23:34:30.464,0.89628,0.89672,1.50,1.00
2014.12.17 23:34:33.390,0.89628,0.89677,1.37,1.50
2014.12.17 23:34:36.775,0.89627,0.89673,1.75,1.12
2014.12.17 23:34:36.976,0.89629,0.89677,1.75,1.12
2014.12.17 23:34:37.176,0.89633,0.89677,1.12,1.37
2014.12.17 23:34:48.882,0.89627,0.89673,1.75,1.00
2014.12.17 23:34:52.953,0.89628,0.89672,1.50,1.00
2014.12.17 23:34:53.415,0.89628,0.89672,1.37,1.00
2014.12.17 23:34:55.634,0.89628,0.89672,1.00,1.75
2014.12.17 23:34:55.936,0.89618,0.89664,1.00,2.62
2014.12.17 23:34:56.137,0.89618,0.89659,1.00,2.25
2014.12.17 23:34:56.188,0.89607,0.89659,1.75,2.25
2014.12.17 23:34:56.461,0.89612,0.89655,1.00,2.25
2014.12.17 23:34:58.337,0.89612,0.89657,1.00,1.87
2014.12.17 23:35:00.165,0.89612,0.89657,1.00,1.50
2014.12.17 23:35:03.143,0.89612,0.89655,1.00,1.50
2014.12.17 23:35:13.587,0.89612,0.89655,1.00,2.25
2014.12.17 23:35:13.852,0.89608,0.89652,1.00,1.50
2014.12.17 23:35:16.723,0.89608,0.89652,1.37,1.37
2014.12.17 23:35:17.005,0.89607,0.89653,1.12,1.75
2014.12.17 23:35:17.832,0.89607,0.89653,1.37,1.50
2014.12.17 23:35:18.161,0.89607,0.89653,1.00,2.25
2014.12.17 23:35:18.592,0.89603,0.89651,1.00,1.87
2014.12.17 23:35:19.863,0.89603,0.89647,1.00,1.37
2014.12.17 23:35:25.292,0.89598,0.89642,1.37,1.00
2014.12.17 23:35:31.912,0.89602,0.89648,1.00,1.37
2014.12.17 23:35:33.992,0.89602,0.89648,1.75,1.12
2014.12.17 23:35:34.641,0.89603,0.89647,1.50,1.00
2014.12.17 23:35:35.640,0.89602,0.89652,1.75,1.37
2014.12.17 23:35:35.690,0.89602,0.89658,1.75,3.00
2014.12.17 23:35:36.004,0.89603,0.89657,1.75,1.37
2014.12.17 23:35:36.471,0.89612,0.89658,1.00,1.87
2014.12.17 23:35:42.123,0.89608,0.89652,1.37,1.00
2014.12.17 23:35:42.892,0.89613,0.89656,1.00,1.87
2014.12.17 23:35:50.701,0.89608,0.89652,1.37,1.00
2014.12.17 23:35:57.411,0.89607,0.89653,1.37,1.00
2014.12.17 23:36:10.641,0.89607,0.89653,1.12,1.37
2014.12.17 23:36:11.296,0.89607,0.89653,1.00,2.62
2014.12.17 23:36:11.381,0.89603,0.89647,1.12,1.00
2014.12.17 23:36:13.911,0.89608,0.8965,1.00,1.87
2014.12.17 23:36:15.666,0.89608,0.89652,1.00,1.37
2014.12.17 23:36:18.380,0.89608,0.89652,1.00,1.37
2014.12.17 23:36:18.860,0.89613,0.89653,1.00,1.87
2014.12.17 23:36:19.185,0.89613,0.89655,1.00,1.87
2014.12.17 23:36:26.230,0.89607,0.89653,1.37,1.00
2014.12.17 23:36:38.880,0.89608,0.89652,1.37,1.00
2014.12.17 23:36:43.402,0.89608,0.89652,1.37,1.00
2014.12.17 23:36:44.011,0.89613,0.89657,1.00,1.37
2014.12.17 23:36:44.062,0.89608,0.89658,1.37,2.25
2014.12.17 23:36:44.213,0.89608,0.8966,1.50,1.75
2014.12.17 23:36:44.313,0.89608,0.89662,1.37,1.50
2014.12.17 23:36:45.221,0.89608,0.89657,1.75,1.00
2014.12.17 23:36:45.825,0.89608,0.89657,1.37,1.00
2014.12.17 23:36:46.031,0.89602,0.89662,1.75,2.25
2014.12.17 23:36:46.921,0.89608,0.89657,1.37,1.37
2014.12.17 23:36:47.073,0.89613,0.89662,1.00,1.52
2014.12.17 23:36:47.375,0.89612,0.89663,1.50,1.00
2014.12.17 23:36:47.892,0.89613,0.89662,1.37,1.00
2014.12.17 23:36:47.993,0.89613,0.89667,1.75,1.57
2014.12.17 23:36:48.144,0.89612,0.89668,1.75,1.37
2014.12.17 23:36:48.669,0.89612,0.89668,1.75,1.37
2014.12.17 23:36:48.737,0.89612,0.89668,1.75,1.37
2014.12.17 23:36:49.780,0.89613,0.89668,1.75,1.37
2014.12.17 23:36:49.890,0.89616,0.89668,1.75,1.37
2014.12.17 23:36:50.449,0.89613,0.89668,2.25,1.00
2014.12.17 23:36:51.157,0.89614,0.89668,2.25,1.00
2014.12.17 23:36:51.250,0.89614,0.89668,2.25,1.00
2014.12.17 23:36:51.351,0.89617,0.89668,1.75,1.00
2014.12.17 23:36:52.354,0.8962,0.89668,1.75,1.00
2014.12.17 23:36:52.454,0.89622,0.89672,1.75,1.12
2014.12.17 23:36:52.505,0.89623,0.89672,2.25,1.00
2014.12.17 23:36:53.012,0.89628,0.89672,1.37,1.00
2014.12.17 23:36:53.402,0.89633,0.89677,1.00,1.87
2014.12.17 23:36:53.620,0.89627,0.89673,1.37,1.00
2014.12.17 23:36:55.840,0.89627,0.89678,1.37,1.37
2014.12.17 23:36:55.891,0.89627,0.89678,1.75,1.00
2014.12.17 23:36:55.991,0.89628,0.89678,2.25,1.37
2014.12.17 23:36:56.399,0.89633,0.89672,1.00,1.00
2014.12.17 23:36:56.848,0.89628,0.89667,1.37,1.00
2014.12.17 23:36:57.909,0.89633,0.89672,1.00,1.00
2014.12.17 23:36:59.670,0.89628,0.89667,1.37,1.00
2014.12.17 23:37:00.331,0.89633,0.89672,1.00,1.00
2014.12.17 23:37:01.101,0.89628,0.89667,1.37,1.00
2014.12.17 23:37:07.626,0.89623,0.89667,1.75,1.00
2014.12.17 23:37:09.339,0.89623,0.89667,1.75,1.00
2014.12.17 23:37:13.889,0.89623,0.89667,1.75,1.00
2014.12.17 23:37:15.353,0.89623,0.89667,1.37,1.00
2014.12.17 23:37:17.160,0.8962,0.89662,1.75,1.00
2014.12.17 23:37:23.268,0.8962,0.89662,1.75,1.00
2014.12.17 23:37:24.070,0.8962,0.89662,1.75,1.00
2014.12.17 23:37:27.970,0.89622,0.89668,1.50,1.00
2014.12.17 23:37:51.370,0.89619,0.89662,2.25,1.00
2014.12.17 23:37:52.798,0.89623,0.89667,1.37,1.00
2014.12.17 23:37:54.149,0.89617,0.89668,1.75,1.00
2014.12.17 23:37:54.200,0.89617,0.89668,1.75,1.50
2014.12.17 23:37:54.669,0.89618,0.89657,1.50,1.00
2014.12.17 23:37:55.380,0.89615,0.89652,1.75,1.00
2014.12.17 23:38:02.086,0.89613,0.89652,1.75,1.00
2014.12.17 23:38:02.187,0.8961,0.89653,1.12,1.00
2014.12.17 23:38:02.597,0.8961,0.89657,1.37,1.00
2014.12.17 23:38:02.944,0.89603,0.89652,1.75,1.00
2014.12.17 23:38:03.208,0.89603,0.89652,1.75,1.00
2014.12.17 23:38:03.418,0.89603,0.89652,1.75,1.00
2014.12.17 23:38:04.503,0.89603,0.89652,1.75,1.00
2014.12.17 23:38:08.308,0.89603,0.89653,1.75,1.50
2014.12.17 23:38:08.398,0.89603,0.89651,1.75,1.50
2014.12.17 23:38:08.449,0.89603,0.89651,1.37,1.50
2014.12.17 23:38:10.269,0.89602,0.89652,1.50,1.87
2014.12.17 23:38:18.079,0.89597,0.8965,1.75,1.50
2014.12.17 23:38:24.460,0.89597,0.89651,1.75,1.50
2014.12.17 23:38:25.142,0.89597,0.8965,1.75,1.50
2014.12.17 23:38:27.979,0.89597,0.89649,1.75,1.50
2014.12.17 23:38:28.209,0.89598,0.89651,1.50,1.50
2014.12.17 23:38:28.401,0.89598,0.89651,1.75,1.50
2014.12.17 23:38:29.628,0.89598,0.89652,1.75,1.50
2014.12.17 23:38:30.122,0.89598,0.89652,1.75,1.87
2014.12.17 23:38:31.133,0.89598,0.89653,1.75,1.87
2014.12.17 23:38:33.888,0.89601,0.89653,1.75,1.87
2014.12.17 23:38:34.850,0.89601,0.89653,1.37,1.87
2014.12.17 23:38:35.053,0.89601,0.89653,1.00,1.50
2014.12.17 23:38:36.700,0.89598,0.89653,1.00,1.50
2014.12.17 23:38:37.108,0.89598,0.89657,1.00,2.25
2014.12.17 23:38:37.665,0.89598,0.89657,1.75,2.62
2014.12.17 23:38:47.597,0.89598,0.89657,2.25,3.00
2014.12.17 23:38:52.709,0.89598,0.89657,2.25,3.00
2014.12.17 23:38:53.458,0.89598,0.89657,1.75,1.75
2014.12.17 23:38:54.417,0.89598,0.89657,1.75,1.50
2014.12.17 23:38:54.616,0.89598,0.89657,1.75,1.75
2014.12.17 23:38:55.426,0.89598,0.89656,1.37,1.35
2014.12.17 23:38:55.824,0.89598,0.89656,1.75,1.35
2014.12.17 23:38:56.427,0.89598,0.89657,1.50,3.00
2014.12.17 23:39:02.040,0.89598,0.89652,1.50,2.25
2014.12.17 23:39:06.351,0.89598,0.89652,1.50,2.25
2014.12.17 23:39:08.857,0.89598,0.89652,1.75,1.87
2014.12.17 23:39:10.486,0.89598,0.89652,1.50,2.25
2014.12.17 23:39:13.705,0.89597,0.89652,1.75,1.87
2014.12.17 23:39:14.810,0.89597,0.89652,1.50,2.25
2014.12.17 23:39:16.038,0.89593,0.89647,1.75,1.37
2014.12.17 23:39:16.848,0.8959,0.89647,1.75,1.12
2014.12.17 23:39:16.949,0.8959,0.89646,1.75,1.87
2014.12.17 23:39:21.526,0.89588,0.89645,2.25,1.87
2014.12.17 23:39:22.261,0.89588,0.89645,1.75,1.87
2014.12.17 23:39:23.135,0.89588,0.89645,1.37,1.50
2014.12.17 23:39:23.267,0.89588,0.89645,2.25,1.87
2014.12.17 23:39:27.699,0.89588,0.89646,1.75,1.87
2014.12.17 23:39:27.876,0.89588,0.89646,1.50,2.25
2014.12.17 23:39:35.819,0.89588,0.89646,1.75,2.25
2014.12.17 23:39:36.240,0.89588,0.89646,1.50,2.25
2014.12.17 23:39:38.727,0.89588,0.89646,1.75,1.87
2014.12.17 23:39:54.141,0.89588,0.89641,1.75,1.50
2014.12.17 23:40:00.706,0.89583,0.89642,1.75,2.62
2014.12.17 23:40:00.779,0.89583,0.89642,1.75,2.62
2014.12.17 23:40:04.686,0.89588,0.89642,1.75,2.62
2014.12.17 23:40:21.438,0.89588,0.89642,1.37,1.37
2014.12.17 23:40:21.641,0.89584,0.89642,2.25,1.75
2014.12.17 23:40:24.130,0.89583,0.89641,2.25,2.25
2014.12.17 23:40:52.679,0.89583,0.89642,1.37,1.75
2014.12.17 23:40:54.782,0.89583,0.89641,1.75,1.75
2014.12.17 23:41:13.466,0.89582,0.89643,1.75,1.75
2014.12.17 23:41:20.174,0.89583,0.89643,1.75,1.75
2014.12.17 23:41:20.498,0.89583,0.89632,1.37,1.37
2014.12.17 23:41:23.037,0.89581,0.89637,1.75,1.50
2014.12.17 23:41:25.126,0.89583,0.89637,1.50,1.75
2014.12.17 23:41:25.308,0.89581,0.89638,1.75,2.25
2014.12.17 23:41:26.211,0.89578,0.89637,1.75,2.25
2014.12.17 23:41:27.464,0.89578,0.89636,2.25,1.75
2014.12.17 23:41:27.666,0.89579,0.89636,1.75,1.37
2014.12.17 23:41:27.717,0.89579,0.89636,1.75,1.50
2014.12.17 23:41:28.971,0.89578,0.89637,2.25,1.87
2014.12.17 23:41:29.072,0.89578,0.89635,1.75,1.75
2014.12.17 23:41:29.576,0.89579,0.89636,2.25,1.75
2014.12.17 23:41:29.779,0.89577,0.89636,1.37,1.75
2014.12.17 23:41:30.650,0.89575,0.89627,2.25,1.50
2014.12.17 23:41:31.068,0.89573,0.89626,1.75,1.75
2014.12.17 23:41:33.367,0.89572,0.89626,1.75,1.75
2014.12.17 23:41:41.627,0.89572,0.89626,1.75,3.00
2014.12.17 23:41:41.929,0.89573,0.89631,1.75,1.75
2014.12.17 23:41:42.506,0.89569,0.89627,1.75,1.50
2014.12.17 23:41:42.607,0.89569,0.89627,1.75,1.75
2014.12.17 23:41:42.926,0.89567,0.89623,1.75,1.75
2014.12.17 23:41:43.216,0.89567,0.89623,1.75,1.75
2014.12.17 23:41:44.720,0.89567,0.89623,1.37,3.00
2014.12.17 23:41:44.857,0.89567,0.89623,1.37,3.00
2014.12.17 23:41:45.088,0.89564,0.89612,1.75,1.00
2014.12.17 23:41:45.308,0.89563,0.89621,3.00,3.00
2014.12.17 23:41:45.358,0.89563,0.89621,3.00,1.75
2014.12.17 23:41:46.639,0.89568,0.89621,1.37,1.75
2014.12.17 23:41:50.697,0.89568,0.89621,1.37,1.75
2014.12.17 23:41:51.260,0.89568,0.89619,1.00,2.25
2014.12.17 23:41:51.463,0.89568,0.89619,1.37,1.87
2014.12.17 23:41:51.677,0.89567,0.89621,1.75,1.00
2014.12.17 23:41:51.778,0.89573,0.89623,2.25,1.37
2014.12.17 23:41:51.879,0.89573,0.89627,2.25,1.37
2014.12.17 23:41:58.016,0.89573,0.8963,1.75,1.75
2014.12.17 23:41:58.395,0.89571,0.89627,2.25,2.25
2014.12.17 23:42:00.891,0.89571,0.89627,1.75,1.50
2014.12.17 23:42:01.096,0.89573,0.89627,2.25,1.37
2014.12.17 23:42:01.796,0.89576,0.89627,2.25,1.75
2014.12.17 23:42:02.298,0.89575,0.89628,2.25,1.37
2014.12.17 23:42:08.520,0.89579,0.89627,2.25,1.12
2014.12.17 23:42:34.915,0.89577,0.89627,2.25,1.37
2014.12.17 23:43:47.078,0.89578,0.89632,1.75,1.37
2014.12.17 23:43:52.524,0.89583,0.89632,1.75,1.12
2014.12.17 23:43:52.927,0.89585,0.89638,2.25,1.37
2014.12.17 23:43:53.893,0.89584,0.89632,3.00,1.00
2014.12.17 23:43:57.605,0.89584,0.89632,3.00,1.00
2014.12.17 23:44:07.863,0.89586,0.89638,1.75,1.37
2014.12.17 23:44:13.584,0.89588,0.89638,1.75,1.37
2014.12.17 23:44:13.912,0.89589,0.89638,1.75,1.00
2014.12.17 23:44:29.613,0.89589,0.89637,2.25,1.00
2014.12.17 23:44:33.292,0.89588,0.89637,2.25,1.00
2014.12.17 23:44:33.862,0.89587,0.89638,2.25,1.00
2014.12.17 23:45:04.178,0.89588,0.89638,1.75,1.00
2014.12.17 23:45:06.185,0.89588,0.89637,1.75,1.00
2014.12.17 23:45:09.113,0.89588,0.89638,1.75,1.00
2014.12.17 23:45:12.075,0.89589,0.89643,2.25,1.37
2014.12.17 23:45:12.606,0.89589,0.89643,2.25,1.37
2014.12.17 23:45:12.907,0.89592,0.89643,2.25,1.37
2014.12.17 23:45:13.409,0.89592,0.89643,2.25,1.37
2014.12.17 23:45:19.042,0.89592,0.89648,1.75,1.75
2014.12.17 23:45:43.661,0.89592,0.89642,2.25,1.00
2014.12.17 23:45:50.600,0.89595,0.89642,1.87,1.00
2014.12.17 23:46:01.565,0.89595,0.89642,2.25,1.12
2014.12.17 23:46:01.802,0.89595,0.89642,1.87,1.00
2014.12.17 23:46:01.873,0.89595,0.89642,2.25,1.12
2014.12.17 23:46:01.975,0.89595,0.89642,1.87,1.00
2014.12.17 23:46:02.117,0.89595,0.89642,2.25,1.37
2014.12.17 23:46:02.178,0.89595,0.89642,1.87,1.00
2014.12.17 23:46:07.843,0.89595,0.89637,1.87,1.00
2014.12.17 23:46:08.817,0.89593,0.89637,2.25,1.00
2014.12.17 23:46:09.159,0.89593,0.89637,2.25,1.00
2014.12.17 23:46:16.944,0.89593,0.89637,1.37,1.00
2014.12.17 23:46:17.746,0.89593,0.89637,1.50,1.00
2014.12.17 23:46:19.386,0.89595,0.89637,1.75,1.00
2014.12.17 23:46:19.622,0.89595,0.89642,1.75,1.37
2014.12.17 23:46:20.384,0.89592,0.89642,2.25,1.12
2014.12.17 23:46:29.192,0.89592,0.89642,2.25,1.12
2014.12.17 23:46:33.042,0.89594,0.89642,2.25,1.00
2014.12.17 23:46:33.143,0.89594,0.89642,2.25,1.00
2014.12.17 23:46:33.211,0.89594,0.89642,2.25,1.00
2014.12.17 23:46:36.551,0.89592,0.89638,2.25,1.00
2014.12.17 23:46:46.891,0.89592,0.89642,2.25,1.00
2014.12.17 23:46:56.912,0.89596,0.89637,1.37,1.00
2014.12.17 23:46:57.169,0.89593,0.89642,1.75,1.00
2014.12.17 23:46:57.220,0.89593,0.89642,1.75,1.00
2014.12.17 23:46:58.217,0.89596,0.89637,1.75,1.00
2014.12.17 23:47:08.341,0.89596,0.89638,1.75,1.00
2014.12.17 23:47:08.902,0.89597,0.89638,1.75,1.00
2014.12.17 23:47:10.871,0.89596,0.89643,1.75,1.00
2014.12.17 23:47:10.922,0.89593,0.89643,2.25,1.00
2014.12.17 23:47:12.018,0.89593,0.89643,2.25,1.00
2014.12.17 23:47:12.350,0.89593,0.89643,2.25,1.37
2014.12.17 23:47:12.451,0.89599,0.89643,1.75,1.00
2014.12.17 23:47:13.007,0.896,0.89642,2.25,1.00
2014.12.17 23:47:16.521,0.89603,0.89647,1.50,1.00
2014.12.17 23:47:19.121,0.89601,0.89648,2.25,1.12
2014.12.17 23:47:19.171,0.89598,0.89648,2.25,1.37
2014.12.17 23:47:19.500,0.89598,0.89643,1.75,1.00
2014.12.17 23:47:19.561,0.89598,0.89647,1.75,1.37
2014.12.17 23:47:19.922,0.89598,0.89643,1.75,1.00
2014.12.17 23:47:25.841,0.89598,0.89642,1.75,1.00
2014.12.17 23:47:26.377,0.89598,0.89647,1.75,1.37
2014.12.17 23:47:26.821,0.89597,0.89643,1.75,1.00
2014.12.17 23:47:29.874,0.89597,0.89643,1.75,1.00
2014.12.17 23:47:30.890,0.89594,0.89638,2.25,1.00
2014.12.17 23:47:31.983,0.89592,0.89638,1.75,1.00
2014.12.17 23:47:32.324,0.89597,0.89643,1.37,1.12
2014.12.17 23:47:32.425,0.896,0.89643,1.75,1.00
2014.12.17 23:47:33.642,0.89603,0.89647,1.37,1.12
2014.12.17 23:47:38.814,0.896,0.89642,2.25,1.00
2014.12.17 23:47:42.891,0.896,0.89648,2.25,1.37
2014.12.17 23:47:42.942,0.89599,0.89648,2.25,1.37
2014.12.17 23:47:43.284,0.89599,0.89642,2.25,1.00
2014.12.17 23:47:43.435,0.89598,0.89642,1.87,1.37
2014.12.17 23:47:43.620,0.89598,0.89642,1.37,1.37
2014.12.17 23:47:43.949,0.89592,0.89638,1.75,1.00
2014.12.17 23:47:46.890,0.89594,0.89637,2.25,1.00
2014.12.17 23:48:01.274,0.89593,0.89637,1.75,1.00
2014.12.17 23:48:01.324,0.89592,0.89642,3.00,1.00
2014.12.17 23:48:01.375,0.89592,0.89642,3.00,1.00
2014.12.17 23:48:01.677,0.89607,0.89647,1.87,1.00
2014.12.17 23:48:01.870,0.89607,0.89652,1.87,1.00
2014.12.17 23:48:03.111,0.89606,0.89652,1.87,1.00
2014.12.17 23:48:03.212,0.89599,0.89652,2.25,1.37
2014.12.17 23:48:03.610,0.89599,0.89647,2.25,1.37
2014.12.17 23:48:05.091,0.89596,0.89647,2.25,1.50
2014.12.17 23:48:05.595,0.89595,0.89637,1.75,1.00
2014.12.17 23:48:06.102,0.89594,0.89637,2.25,1.00
2014.12.17 23:48:06.592,0.89594,0.89643,2.25,1.37
2014.12.17 23:48:06.743,0.8959,0.89643,2.25,1.75
2014.12.17 23:48:06.844,0.89582,0.89638,2.25,1.50
2014.12.17 23:48:06.945,0.89579,0.89638,1.12,3.00
2014.12.17 23:48:07.046,0.89578,0.89638,1.12,3.00
2014.12.17 23:48:07.147,0.89577,0.89638,1.75,2.25
2014.12.17 23:48:13.149,0.89573,0.89628,1.75,1.37
2014.12.17 23:48:13.372,0.89578,0.89628,1.75,1.00
2014.12.17 23:48:13.625,0.89578,0.89632,2.25,1.37
2014.12.17 23:48:20.880,0.89578,0.89627,2.25,1.00
2014.12.17 23:48:32.133,0.89573,0.89627,2.25,1.50
2014.12.17 23:48:32.234,0.89573,0.89621,1.37,2.25
2014.12.17 23:48:32.536,0.89568,0.89622,1.75,1.00
2014.12.17 23:48:32.737,0.89571,0.89622,1.87,1.75
2014.12.17 23:48:32.888,0.89568,0.89612,1.37,1.00
2014.12.17 23:48:32.938,0.89568,0.89612,1.37,1.37
2014.12.17 23:48:33.142,0.89568,0.89617,1.00,1.00
2014.12.17 23:48:33.611,0.89568,0.89617,1.37,1.50
2014.12.17 23:48:34.130,0.8956,0.89621,3.00,2.25
2014.12.17 23:48:40.044,0.89562,0.89623,1.75,1.75
2014.12.17 23:48:40.179,0.89563,0.89622,1.75,1.75
2014.12.17 23:48:40.651,0.89567,0.89623,2.25,3.00
2014.12.17 23:48:40.752,0.89566,0.89623,2.25,1.37
2014.12.17 23:48:42.380,0.89568,0.89627,2.62,1.75
2014.12.17 23:48:42.481,0.8957,0.89625,1.50,1.75
2014.12.17 23:48:43.048,0.89573,0.89625,1.00,1.75
2014.12.17 23:48:46.460,0.89572,0.89628,1.00,1.75
2014.12.17 23:48:47.226,0.89573,0.89627,1.00,1.75
2014.12.17 23:48:47.829,0.89572,0.89628,1.00,1.75
2014.12.17 23:48:48.711,0.89573,0.89627,1.00,1.75
2014.12.17 23:48:54.820,0.89573,0.89624,1.37,1.37
2014.12.17 23:48:54.971,0.89567,0.8962,1.00,2.25
2014.12.17 23:48:55.446,0.89558,0.89607,1.37,1.37
2014.12.17 23:48:56.641,0.89558,0.89602,1.37,1.00
2014.12.17 23:48:56.841,0.89558,0.89602,1.50,1.00
2014.12.17 23:48:56.892,0.89556,0.89612,1.75,3.00
2014.12.17 23:48:56.993,0.89556,0.89612,1.75,1.75
2014.12.17 23:48:57.645,0.89562,0.89613,1.37,2.25
2014.12.17 23:49:02.563,0.89557,0.89613,1.12,1.75
2014.12.17 23:49:04.679,0.89557,0.89613,1.00,1.75
2014.12.17 23:49:05.129,0.8956,0.89613,1.50,2.25
2014.12.17 23:49:05.364,0.8956,0.89613,1.50,1.87
2014.12.17 23:49:05.648,0.89563,0.89612,1.00,1.37
2014.12.17 23:49:06.873,0.89561,0.89617,1.50,2.25
2014.12.17 23:49:06.923,0.89553,0.89605,1.37,2.25
2014.12.17 23:49:07.074,0.89553,0.89603,1.12,2.25
2014.12.17 23:49:07.175,0.89548,0.89602,1.75,1.37
2014.12.17 23:49:07.379,0.89548,0.89602,3.00,1.75
2014.12.17 23:49:07.915,0.89552,0.89593,1.00,1.00
2014.12.17 23:49:08.267,0.89558,0.89597,1.00,1.75
2014.12.17 23:49:08.568,0.89558,0.89597,1.00,1.37
2014.12.17 23:49:08.669,0.89553,0.89604,1.37,2.25
2014.12.17 23:49:08.839,0.89558,0.89604,1.00,2.25
2014.12.17 23:49:08.970,0.89558,0.89604,1.00,1.87
2014.12.17 23:49:11.073,0.89558,0.89607,1.00,3.00
2014.12.17 23:49:11.225,0.89558,0.89607,1.00,1.37
2014.12.17 23:49:11.376,0.89563,0.89612,1.00,2.25
2014.12.17 23:49:11.477,0.89563,0.89612,1.00,2.25
2014.12.17 23:49:11.609,0.89568,0.89617,1.00,3.00
2014.12.17 23:49:11.710,0.89568,0.89617,1.00,3.00
2014.12.17 23:49:12.226,0.89568,0.89622,1.00,3.00
2014.12.17 23:49:46.231,0.89568,0.89622,1.00,1.75
2014.12.17 23:49:53.366,0.89568,0.89619,1.00,1.37
2014.12.17 23:49:53.467,0.89568,0.8962,1.00,1.75
2014.12.17 23:49:53.776,0.89568,0.8961,1.00,1.75
2014.12.17 23:49:54.157,0.89563,0.8961,1.00,1.75
2014.12.17 23:49:54.280,0.89563,0.89612,1.00,1.75
2014.12.17 23:49:54.345,0.89563,0.89612,1.00,1.75
2014.12.17 23:49:54.395,0.89567,0.89613,1.00,2.25
2014.12.17 23:49:54.597,0.89563,0.89607,1.00,1.37
2014.12.17 23:49:56.768,0.89563,0.89607,1.37,1.12
2014.12.17 23:49:57.188,0.89563,0.89612,1.00,1.75
2014.12.17 23:49:58.153,0.89568,0.89616,1.00,2.25
2014.12.17 23:49:59.329,0.89563,0.89615,1.00,2.25
2014.12.17 23:50:00.698,0.89563,0.89614,1.37,2.25
2014.12.17 23:50:00.860,0.89563,0.89614,1.00,3.00
2014.12.17 23:50:01.771,0.89562,0.8961,1.00,1.75
2014.12.17 23:50:05.302,0.89562,0.89613,1.00,1.75
2014.12.17 23:50:05.999,0.89562,0.89618,2.25,1.75
2014.12.17 23:50:10.879,0.89568,0.89619,1.00,3.00
2014.12.17 23:50:10.930,0.89568,0.89619,1.00,1.75
2014.12.17 23:50:11.099,0.89564,0.89617,1.50,1.50
2014.12.17 23:50:11.582,0.89565,0.89617,1.50,1.75
2014.12.17 23:50:15.326,0.89567,0.8962,1.50,1.75
2014.12.17 23:50:15.528,0.89568,0.89619,1.00,1.75
2014.12.17 23:50:15.629,0.89566,0.89623,1.50,1.50
2014.12.17 23:50:15.831,0.89566,0.89613,1.50,1.00
2014.12.17 23:50:15.882,0.89561,0.89613,1.50,1.00
2014.12.17 23:50:16.013,0.89563,0.89613,1.50,1.00
2014.12.17 23:50:16.064,0.89563,0.89617,2.25,1.00
2014.12.17 23:50:16.532,0.89563,0.89618,1.50,1.75
2014.12.17 23:50:35.137,0.89563,0.89618,1.50,1.75
2014.12.17 23:50:35.438,0.89562,0.89616,1.00,2.25
2014.12.17 23:50:35.488,0.89562,0.89616,1.00,2.25
2014.12.17 23:50:45.792,0.89562,0.89613,1.00,1.75
2014.12.17 23:50:47.164,0.89562,0.89613,1.00,1.37
2014.12.17 23:50:47.265,0.89563,0.89617,1.87,1.75
2014.12.17 23:50:47.366,0.89563,0.89617,1.87,1.50
2014.12.17 23:50:47.706,0.89563,0.89615,1.87,1.75
2014.12.17 23:50:47.808,0.89563,0.89618,1.50,2.25
2014.12.17 23:50:47.969,0.89563,0.89618,1.50,2.25
2014.12.17 23:50:48.318,0.89562,0.89616,1.00,2.25
2014.12.17 23:50:48.579,0.89562,0.89615,1.00,2.25
2014.12.17 23:50:49.779,0.89562,0.89617,1.12,2.25
2014.12.17 23:50:50.082,0.89562,0.89607,1.12,1.50
2014.12.17 23:50:51.298,0.89557,0.89603,1.00,2.25
2014.12.17 23:50:51.449,0.89542,0.89588,1.00,2.25
2014.12.17 23:50:51.499,0.89542,0.89581,1.00,1.87
2014.12.17 23:50:51.600,0.89527,0.89581,1.37,2.25
2014.12.17 23:50:51.701,0.89527,0.89576,1.12,2.25
2014.12.17 23:50:51.992,0.89527,0.89577,1.00,1.50
2014.12.17 23:50:52.093,0.89522,0.89577,1.00,1.50
2014.12.17 23:50:52.597,0.89522,0.89578,1.00,2.25
2014.12.17 23:50:52.894,0.89522,0.89578,1.75,1.37
2014.12.17 23:50:56.955,0.89527,0.8958,1.75,2.25
2014.12.17 23:50:57.156,0.89527,0.89582,1.75,2.25
2014.12.17 23:50:57.419,0.89528,0.89583,2.25,1.87
2014.12.17 23:50:57.820,0.89534,0.89587,2.25,1.37
2014.12.17 23:51:02.028,0.89543,0.89591,1.00,2.25
2014.12.17 23:51:03.539,0.89543,0.89593,1.75,1.87
2014.12.17 23:51:03.755,0.89543,0.89593,1.37,1.50
2014.12.17 23:51:03.856,0.89545,0.89602,2.25,1.75
2014.12.17 23:51:04.170,0.89546,0.89602,1.50,1.75
2014.12.17 23:51:06.608,0.89547,0.89603,1.00,3.00
2014.12.17 23:51:08.078,0.89552,0.89603,1.00,2.25
2014.12.17 23:51:12.367,0.89547,0.89603,1.00,3.00
2014.12.17 23:51:12.917,0.89548,0.89602,1.00,1.75
2014.12.17 23:51:13.137,0.89558,0.89602,1.00,1.75
2014.12.17 23:51:13.710,0.89558,0.89603,1.00,1.75
2014.12.17 23:51:15.114,0.89558,0.89598,1.00,1.75
2014.12.17 23:51:15.164,0.89553,0.89596,1.00,2.25
2014.12.17 23:51:15.557,0.89543,0.89594,1.37,2.25
2014.12.17 23:51:15.608,0.89543,0.89594,1.00,2.25
2014.12.17 23:51:15.709,0.89543,0.89594,1.00,2.25
2014.12.17 23:51:15.910,0.89537,0.89588,1.12,3.00
2014.12.17 23:51:16.398,0.89532,0.89585,1.75,2.25
2014.12.17 23:51:16.658,0.89532,0.89584,1.37,2.25
2014.12.17 23:51:46.693,0.89528,0.89584,2.62,2.25
2014.12.17 23:51:46.844,0.8953,0.89583,1.50,1.75
2014.12.17 23:51:47.177,0.89537,0.89586,1.00,1.75
2014.12.17 23:51:47.228,0.89537,0.89586,1.00,1.75
2014.12.17 23:51:47.329,0.89537,0.89587,1.00,1.75
2014.12.17 23:51:47.430,0.89537,0.89587,1.00,1.75
2014.12.17 23:51:54.608,0.89538,0.89592,1.00,2.25
2014.12.17 23:52:01.098,0.89537,0.89593,2.25,2.25
2014.12.17 23:52:01.198,0.89538,0.89595,1.50,2.25
2014.12.17 23:52:01.316,0.89543,0.89595,1.00,2.25
2014.12.17 23:52:02.857,0.89548,0.89595,1.00,2.25
2014.12.17 23:52:11.098,0.89548,0.89595,1.00,2.25
2014.12.17 23:52:11.627,0.89547,0.89595,1.00,1.75
2014.12.17 23:52:11.737,0.89547,0.89595,1.00,1.37
2014.12.17 23:52:12.676,0.89549,0.89599,1.50,1.75
2014.12.17 23:52:14.418,0.89549,0.89603,1.50,1.75
2014.12.17 23:52:14.469,0.89547,0.89598,1.00,2.25
2014.12.17 23:52:14.670,0.89538,0.89593,2.25,1.75
2014.12.17 23:52:14.771,0.89538,0.89575,1.00,3.00
2014.12.17 23:52:14.871,0.89532,0.89575,1.00,2.25
2014.12.17 23:52:19.134,0.89532,0.89576,1.12,1.87
2014.12.17 23:52:19.647,0.89533,0.89581,1.00,3.00
2014.12.17 23:52:21.776,0.89538,0.89583,1.00,2.25
2014.12.17 23:52:33.180,0.89538,0.89583,1.00,2.25
2014.12.17 23:52:34.537,0.89532,0.89577,1.00,1.75
2014.12.17 23:52:34.604,0.89532,0.89577,1.12,1.37
2014.12.17 23:52:34.655,0.89538,0.89577,1.00,1.37
2014.12.17 23:52:34.913,0.89533,0.89582,1.00,3.00
2014.12.17 23:52:35.433,0.89532,0.89581,1.00,2.25
2014.12.17 23:52:35.634,0.89532,0.89573,1.12,1.87
2014.12.17 23:52:35.735,0.89527,0.89578,1.75,1.37
2014.12.17 23:52:35.936,0.89528,0.89579,1.37,2.25
2014.12.17 23:52:36.038,0.89528,0.89579,1.00,2.25
2014.12.17 23:52:36.089,0.89522,0.89579,1.37,2.25
2014.12.17 23:52:36.388,0.89522,0.89578,1.00,1.50
2014.12.17 23:52:36.439,0.89518,0.89572,1.00,1.00
2014.12.17 23:52:36.647,0.89518,0.89575,1.00,1.50
2014.12.17 23:52:36.764,0.89518,0.89577,1.00,2.25
2014.12.17 23:52:36.987,0.89518,0.89575,1.00,1.50
2014.12.17 23:52:37.506,0.89518,0.89574,1.00,1.50
2014.12.17 23:52:37.833,0.89518,0.89574,1.75,2.25
2014.12.17 23:52:38.419,0.89518,0.89574,1.50,2.25
2014.12.17 23:52:40.352,0.89517,0.89573,2.25,1.75
2014.12.17 23:52:40.453,0.89513,0.89574,1.75,2.25
2014.12.17 23:52:40.918,0.89518,0.89569,1.37,2.25
2014.12.17 23:52:40.968,0.89518,0.89562,1.00,1.87
2014.12.17 23:52:41.389,0.89512,0.89561,1.00,1.87
2014.12.17 23:52:41.893,0.89512,0.89561,1.12,1.87
2014.12.17 23:52:42.196,0.89508,0.89564,1.75,2.25
2014.12.17 23:52:42.398,0.89513,0.89565,1.37,1.87
2014.12.17 23:52:42.555,0.89513,0.89565,1.37,1.87
2014.12.17 23:52:43.117,0.89517,0.89565,1.00,1.87
2014.12.17 23:52:43.887,0.89512,0.89565,1.37,1.87
2014.12.17 23:52:46.856,0.89518,0.89566,1.00,2.25
2014.12.17 23:52:47.846,0.89513,0.89566,1.37,2.25
2014.12.17 23:52:48.307,0.89518,0.89568,1.00,2.25
2014.12.17 23:52:48.584,0.89518,0.89567,1.00,1.87
2014.12.17 23:52:49.035,0.89518,0.89567,1.00,2.25
2014.12.17 23:52:49.338,0.89518,0.89567,1.00,2.25
2014.12.17 23:52:49.389,0.89518,0.89567,1.00,2.25
2014.12.17 23:52:49.846,0.89512,0.89567,1.37,2.25
2014.12.17 23:52:51.503,0.89512,0.89565,1.12,2.25
2014.12.17 23:52:54.337,0.89513,0.89566,1.00,1.75
2014.12.17 23:52:55.121,0.89513,0.89565,1.37,2.25
2014.12.17 23:52:57.665,0.89513,0.89565,1.12,2.25
2014.12.17 23:52:58.155,0.89513,0.89566,1.37,2.25
2014.12.17 23:52:59.839,0.89512,0.89567,1.37,3.00
2014.12.17 23:53:01.452,0.89512,0.89564,1.00,2.25
2014.12.17 23:53:02.654,0.89512,0.89564,1.37,2.25
2014.12.17 23:53:05.508,0.89513,0.89566,1.37,3.00
2014.12.17 23:53:05.979,0.89513,0.89566,1.00,3.00
2014.12.17 23:53:06.634,0.89513,0.89566,1.37,1.75
2014.12.17 23:53:06.876,0.89518,0.89566,1.00,1.75
2014.12.17 23:53:08.418,0.89513,0.89566,1.37,2.25
2014.12.17 23:53:09.834,0.89513,0.89565,1.00,1.75
2014.12.17 23:53:10.495,0.89512,0.89565,1.12,1.75
2014.12.17 23:53:11.557,0.89512,0.89566,1.00,1.75
2014.12.17 23:53:11.953,0.89512,0.8956,1.00,1.75
2014.12.17 23:53:13.586,0.89507,0.89563,2.25,1.75
2014.12.17 23:53:14.330,0.89507,0.89563,2.25,1.75
2014.12.17 23:53:18.395,0.89507,0.89562,1.00,2.25
2014.12.17 23:53:23.375,0.89508,0.89555,1.00,1.75
2014.12.17 23:53:23.426,0.89508,0.89555,1.00,1.37
2014.12.17 23:53:24.355,0.89507,0.89558,1.00,1.75
2014.12.17 23:53:25.016,0.89508,0.89557,1.00,1.75
2014.12.17 23:53:25.696,0.89508,0.89557,1.00,1.75
2014.12.17 23:53:26.919,0.89513,0.89557,1.00,1.75
2014.12.17 23:53:27.445,0.89512,0.89557,1.00,1.75
2014.12.17 23:53:27.827,0.89518,0.89557,1.00,1.75
2014.12.17 23:53:27.928,0.89514,0.89567,1.50,1.75
2014.12.17 23:53:28.359,0.89518,0.89575,1.00,2.25
2014.12.17 23:53:28.614,0.89518,0.89573,1.00,2.25
2014.12.17 23:53:28.665,0.89514,0.89573,1.50,3.00
2014.12.17 23:53:28.765,0.89514,0.89573,1.50,3.00
2014.12.17 23:53:28.816,0.8952,0.89573,1.50,1.75
2014.12.17 23:53:28.917,0.89522,0.89578,2.25,1.37
2014.12.17 23:53:29.018,0.89525,0.89578,1.50,1.37
2014.12.17 23:53:29.146,0.89524,0.89583,1.50,1.37
2014.12.17 23:53:29.315,0.89528,0.89584,1.00,1.37
2014.12.17 23:53:29.637,0.89531,0.8959,1.50,2.25
2014.12.17 23:53:29.966,0.89533,0.89592,2.25,1.12
2014.12.17 23:53:30.016,0.89537,0.89592,1.50,1.12
2014.12.17 23:53:30.385,0.89535,0.89592,1.50,1.12
2014.12.17 23:53:31.296,0.89535,0.89593,1.50,1.50
2014.12.17 23:53:31.466,0.89533,0.89589,2.25,2.25
2014.12.17 23:53:31.735,0.89528,0.89577,1.00,1.75
2014.12.17 23:53:31.785,0.89528,0.89577,1.00,1.75
2014.12.17 23:53:32.177,0.89525,0.89577,1.50,1.75
2014.12.17 23:53:32.454,0.89525,0.89577,1.50,1.75
2014.12.17 23:53:35.695,0.89528,0.89582,1.00,3.00
2014.12.17 23:53:38.115,0.89527,0.89582,1.00,2.25
2014.12.17 23:53:40.875,0.89527,0.89583,2.62,3.00
2014.12.17 23:53:43.582,0.89527,0.89583,2.62,3.00
2014.12.17 23:53:45.905,0.89528,0.89582,1.37,1.75
2014.12.17 23:53:46.365,0.89528,0.89581,1.12,1.75
2014.12.17 23:53:47.942,0.89528,0.89582,1.00,3.00
2014.12.17 23:53:48.144,0.89522,0.89579,2.25,2.25
2014.12.17 23:53:48.245,0.89522,0.89576,1.00,2.25
2014.12.17 23:53:48.346,0.89518,0.89572,1.12,1.75
2014.12.17 23:53:48.667,0.89523,0.89572,1.00,2.25
2014.12.17 23:53:48.946,0.89523,0.8957,1.00,1.87
2014.12.17 23:53:49.099,0.89523,0.8957,1.00,2.25
2014.12.17 23:53:49.355,0.89513,0.89567,1.37,3.00
2014.12.17 23:53:49.406,0.89513,0.89567,1.00,3.00
2014.12.17 23:53:50.083,0.89513,0.89565,1.00,2.25
2014.12.17 23:53:58.366,0.89513,0.89562,1.00,2.25
2014.12.17 23:53:58.618,0.89507,0.89558,1.37,1.87
2014.12.17 23:53:58.668,0.89507,0.89558,1.12,2.25
2014.12.17 23:53:59.434,0.89507,0.89559,1.75,2.25
2014.12.17 23:53:59.635,0.89508,0.89561,1.75,1.87
2014.12.17 23:53:59.895,0.89518,0.89565,1.00,2.25
2014.12.17 23:54:00.335,0.89518,0.89565,1.00,2.25
2014.12.17 23:54:06.145,0.89518,0.89564,1.00,2.25
2014.12.17 23:54:06.668,0.89518,0.89564,1.00,2.25
2014.12.17 23:54:08.816,0.89517,0.89564,1.00,2.25
2014.12.17 23:54:08.867,0.89517,0.89566,1.00,1.75
2014.12.17 23:54:08.968,0.89517,0.8957,1.37,2.25
2014.12.17 23:54:09.069,0.89517,0.8957,1.00,1.37
2014.12.17 23:54:09.169,0.89516,0.89572,1.50,1.75
2014.12.17 23:54:09.220,0.89513,0.89558,1.00,1.75
2014.12.17 23:54:09.351,0.89513,0.89558,1.37,1.37
2014.12.17 23:54:11.665,0.89512,0.89566,1.50,2.62
2014.12.17 23:54:11.866,0.89512,0.89568,1.75,2.62
2014.12.17 23:54:11.967,0.89514,0.8957,3.00,1.87
2014.12.17 23:54:12.169,0.89517,0.89572,1.87,1.37
2014.12.17 23:54:12.708,0.89519,0.89572,2.25,1.00
2014.12.17 23:54:12.759,0.89519,0.89572,1.87,1.00
2014.12.17 23:54:13.295,0.89519,0.89576,1.87,1.87
2014.12.17 23:54:13.660,0.89519,0.89576,2.25,1.87
2014.12.17 23:54:13.895,0.89522,0.89579,1.87,1.87
2014.12.17 23:54:13.996,0.89525,0.89582,2.25,1.37
2014.12.17 23:54:14.097,0.89528,0.89582,1.87,1.00
2014.12.17 23:54:14.197,0.89528,0.89582,2.25,1.00
2014.12.17 23:54:14.404,0.8953,0.89582,1.50,1.00
2014.12.17 23:54:14.605,0.89525,0.89582,1.87,1.00
2014.12.17 23:54:14.706,0.89527,0.89581,1.00,1.87
2014.12.17 23:54:14.907,0.89518,0.89577,2.25,1.50
2014.12.17 23:54:15.009,0.89518,0.89569,1.00,1.50
2014.12.17 23:54:15.085,0.89513,0.89567,1.00,1.00
2014.12.17 23:54:15.318,0.89513,0.89569,1.00,2.25
2014.12.17 23:54:15.368,0.89513,0.89566,1.00,1.50
2014.12.17 23:54:15.634,0.89508,0.89565,1.00,1.50
2014.12.17 23:54:16.214,0.89508,0.89562,1.00,1.50
2014.12.17 23:54:16.768,0.89508,0.89563,1.50,1.87
2014.12.17 23:54:16.895,0.89507,0.89563,1.37,2.25
2014.12.17 23:54:20.880,0.89507,0.89562,1.00,2.25
2014.12.17 23:54:21.134,0.89503,0.89558,1.87,1.75
2014.12.17 23:54:29.054,0.89508,0.89555,1.00,1.87
2014.12.17 23:54:29.501,0.89508,0.89555,1.00,2.25
2014.12.17 23:54:29.653,0.89503,0.89553,1.00,1.87
2014.12.17 23:54:30.294,0.89502,0.8955,1.00,1.87
2014.12.17 23:54:34.124,0.89496,0.89547,1.50,1.75
2014.12.17 23:54:34.175,0.89488,0.89547,1.87,1.75
2014.12.17 23:54:34.554,0.89497,0.89548,1.00,1.75
2014.12.17 23:54:34.655,0.89497,0.89548,1.00,1.37
2014.12.17 23:54:42.969,0.89497,0.89548,1.00,1.75
2014.12.17 23:54:43.373,0.89497,0.89541,1.00,1.75
2014.12.17 23:54:47.896,0.89497,0.89541,1.00,1.50
2014.12.17 23:54:48.415,0.89498,0.89542,1.00,1.75
2014.12.17 23:54:48.853,0.89492,0.89542,1.37,1.75
2014.12.17 23:54:49.944,0.89492,0.8954,1.37,1.75
2014.12.17 23:54:50.613,0.89498,0.8954,1.00,1.75
2014.12.17 23:54:55.853,0.89498,0.89548,1.00,1.75
2014.12.17 23:54:59.085,0.89503,0.89548,1.00,1.75
2014.12.17 23:55:00.752,0.89503,0.89542,1.00,1.75
2014.12.17 23:55:00.903,0.89503,0.89544,1.00,1.75
2014.12.17 23:55:01.105,0.895,0.89553,2.25,1.75
2014.12.17 23:55:01.360,0.89501,0.89553,2.25,1.37
2014.12.17 23:55:01.868,0.89508,0.89557,1.00,1.75
2014.12.17 23:55:02.675,0.89508,0.89557,1.12,1.75
2014.12.17 23:55:02.785,0.89508,0.89557,1.12,1.37
2014.12.17 23:55:04.895,0.89508,0.89557,1.37,1.75
2014.12.17 23:55:05.235,0.89508,0.8956,1.75,1.75
2014.12.17 23:55:08.873,0.89512,0.8956,1.00,1.75
2014.12.17 23:55:09.215,0.89508,0.89552,1.00,2.25
2014.12.17 23:55:09.318,0.89503,0.89547,1.37,1.37
2014.12.17 23:55:10.384,0.89502,0.89553,1.75,1.37
2014.12.17 23:55:10.734,0.89507,0.89558,1.37,1.75
2014.12.17 23:55:10.893,0.89505,0.89557,2.25,1.37
2014.12.17 23:55:25.228,0.89508,0.89562,2.62,2.25
2014.12.17 23:55:25.530,0.89505,0.89557,1.87,1.75
2014.12.17 23:55:30.853,0.89505,0.89557,1.87,2.25
2014.12.17 23:55:31.365,0.89503,0.89547,1.00,1.75
2014.12.17 23:55:31.666,0.89498,0.89547,1.12,1.75
2014.12.17 23:55:47.020,0.89493,0.89547,1.37,2.25
2014.12.17 23:55:48.434,0.89492,0.89543,1.50,1.37
2014.12.17 23:55:48.654,0.89497,0.89543,1.87,1.00
2014.12.17 23:55:48.995,0.89496,0.89542,2.25,1.00
2014.12.17 23:55:49.145,0.89497,0.89552,1.37,2.25
2014.12.17 23:55:49.538,0.89498,0.89552,1.50,1.75
2014.12.17 23:55:52.704,0.89498,0.89552,3.00,1.50
2014.12.17 23:55:53.244,0.89498,0.89552,3.00,1.37
2014.12.17 23:55:54.665,0.89498,0.89552,3.75,1.37
2014.12.17 23:55:56.688,0.89498,0.89553,2.25,1.50
2014.12.17 23:55:56.794,0.89498,0.89553,1.87,1.50
2014.12.17 23:55:57.724,0.89498,0.89549,1.37,2.25
2014.12.17 23:55:57.825,0.89498,0.89549,1.37,1.87
2014.12.17 23:55:59.235,0.89493,0.89547,1.75,1.37
2014.12.17 23:55:59.807,0.89497,0.89549,1.37,2.25
2014.12.17 23:56:01.433,0.89497,0.8955,1.37,2.25
2014.12.17 23:56:02.484,0.89497,0.8955,1.37,2.25
2014.12.17 23:56:02.639,0.89497,0.8955,1.75,2.25
2014.12.17 23:56:05.747,0.89497,0.89552,1.37,1.87
2014.12.17 23:56:05.971,0.89497,0.89552,1.75,2.25
2014.12.17 23:56:09.391,0.89502,0.89553,1.37,1.37
2014.12.17 23:56:17.125,0.89503,0.89552,1.50,1.37
2014.12.17 23:56:18.722,0.89503,0.89552,2.25,1.37
2014.12.17 23:56:20.863,0.89517,0.8956,1.00,1.75
2014.12.17 23:56:20.964,0.89517,0.89562,1.00,2.25
2014.12.17 23:56:21.126,0.89517,0.89563,1.00,2.25
2014.12.17 23:56:21.227,0.89513,0.89563,1.37,2.25
2014.12.17 23:56:22.761,0.89513,0.89563,1.12,1.75
2014.12.17 23:56:24.243,0.89513,0.89564,1.00,1.50
2014.12.17 23:56:24.333,0.89518,0.89564,1.00,1.50
2014.12.17 23:56:27.633,0.89513,0.89564,1.00,1.50
2014.12.17 23:56:28.843,0.89518,0.89564,1.00,1.50
2014.12.17 23:56:29.566,0.89518,0.89564,1.00,2.25
2014.12.17 23:56:29.833,0.89513,0.89564,1.12,3.00
2014.12.17 23:56:30.163,0.89518,0.89564,1.00,3.00
2014.12.17 23:56:32.879,0.89518,0.89565,1.00,2.25
2014.12.17 23:56:32.930,0.89512,0.89565,1.37,2.25
2014.12.17 23:56:33.133,0.89518,0.89565,1.00,2.25
2014.12.17 23:56:33.355,0.89513,0.89565,1.37,2.25
2014.12.17 23:56:46.309,0.89513,0.89564,1.37,2.25
2014.12.17 23:56:46.460,0.89519,0.89564,1.75,1.50
2014.12.17 23:56:46.511,0.89522,0.89572,1.87,1.75
2014.12.17 23:56:46.561,0.89527,0.89573,1.37,1.75
2014.12.17 23:56:46.914,0.89533,0.89575,1.00,2.25
2014.12.17 23:56:47.115,0.89528,0.89576,1.00,2.25
2014.12.17 23:56:47.327,0.89522,0.89576,1.37,2.25
2014.12.17 23:56:47.733,0.89518,0.8958,1.37,2.25
2014.12.17 23:56:50.660,0.89518,0.89571,1.00,2.62
2014.12.17 23:56:51.063,0.89513,0.89565,1.37,1.75
2014.12.17 23:56:52.052,0.89518,0.89567,1.00,2.25
2014.12.17 23:56:58.982,0.89513,0.89567,1.37,3.00
2014.12.17 23:56:59.385,0.89513,0.89565,1.00,2.25
2014.12.17 23:57:00.375,0.89513,0.89567,1.00,2.25
2014.12.17 23:57:02.752,0.89513,0.89566,1.00,1.50
2014.12.17 23:57:03.133,0.89513,0.89566,1.12,2.25
2014.12.17 23:57:07.344,0.89518,0.89565,1.00,2.25
2014.12.17 23:57:07.563,0.89512,0.89565,1.37,2.25
2014.12.17 23:57:09.012,0.89512,0.89565,1.37,2.25
2014.12.17 23:57:10.906,0.89513,0.89561,1.00,2.25
2014.12.17 23:57:11.134,0.89508,0.89561,1.75,2.62
2014.12.17 23:57:12.243,0.89509,0.89566,1.87,2.25
2014.12.17 23:57:15.644,0.89509,0.89563,1.87,1.50
2014.12.17 23:57:21.641,0.89518,0.89567,1.00,1.75
2014.12.17 23:57:23.629,0.89518,0.89567,1.12,1.50
2014.12.17 23:57:24.330,0.89518,0.89567,1.12,1.75
2014.12.17 23:57:34.347,0.89517,0.89568,1.37,1.37
2014.12.17 23:57:34.424,0.89528,0.89569,1.00,1.50
2014.12.17 23:57:34.764,0.89533,0.89576,1.00,2.25
2014.12.17 23:57:34.853,0.89533,0.89576,1.00,2.25
2014.12.17 23:57:35.122,0.89528,0.89577,1.00,1.75
2014.12.17 23:57:35.173,0.89528,0.89577,1.00,1.75
2014.12.17 23:57:35.354,0.89528,0.89577,1.00,1.75
2014.12.17 23:57:35.455,0.89532,0.89578,1.00,1.87
2014.12.17 23:57:36.808,0.89532,0.89572,1.00,1.75
2014.12.17 23:57:36.908,0.89533,0.89572,1.00,1.00
2014.12.17 23:57:37.009,0.89533,0.89579,1.00,1.12
2014.12.17 23:57:37.311,0.89528,0.89585,1.37,2.25
2014.12.17 23:57:37.391,0.89533,0.89585,1.00,2.25
2014.12.17 23:57:37.774,0.89533,0.89589,3.00,1.75
2014.12.17 23:57:38.544,0.89538,0.89589,1.12,1.75
2014.12.17 23:57:40.192,0.89538,0.89585,1.00,1.75
2014.12.17 23:57:40.714,0.89537,0.89585,1.00,1.75
2014.12.17 23:57:41.268,0.89537,0.89585,1.12,1.50
2014.12.17 23:57:41.403,0.89537,0.8959,1.00,1.87
2014.12.17 23:57:41.928,0.89538,0.89592,1.12,1.50
2014.12.17 23:57:41.978,0.89538,0.89592,1.37,1.37
2014.12.17 23:57:42.571,0.89538,0.89592,1.37,1.37
2014.12.17 23:57:43.172,0.8954,0.89592,2.25,1.37
2014.12.17 23:57:45.592,0.89542,0.89592,1.87,1.37
2014.12.17 23:57:53.912,0.89543,0.89592,1.00,1.37
2014.12.17 23:57:54.576,0.89542,0.89593,1.12,1.37
2014.12.17 23:57:55.641,0.89542,0.89593,1.37,1.50
2014.12.17 23:58:00.404,0.89542,0.89593,1.12,1.37
2014.12.17 23:58:09.673,0.89543,0.89593,1.50,1.37
2014.12.17 23:58:09.741,0.89543,0.89593,1.87,1.50
2014.12.17 23:58:10.249,0.89542,0.89592,1.87,1.50
2014.12.17 23:58:11.155,0.89542,0.89593,2.25,1.37
2014.12.17 23:58:24.829,0.89547,0.89598,1.12,1.75
2014.12.17 23:58:24.930,0.89548,0.89597,2.25,1.75
2014.12.17 23:58:25.120,0.89548,0.89589,1.00,1.37
2014.12.17 23:58:25.171,0.89543,0.89592,1.12,1.75
2014.12.17 23:58:25.350,0.89547,0.89596,1.00,1.75
2014.12.17 23:58:26.341,0.89543,0.89592,1.12,1.75
2014.12.17 23:58:28.548,0.89547,0.89596,1.00,1.75
2014.12.17 23:58:29.341,0.89547,0.89596,1.00,1.75
2014.12.17 23:58:29.640,0.89543,0.89587,1.00,1.75
2014.12.17 23:58:30.631,0.89538,0.89587,1.37,1.75
2014.12.17 23:58:30.732,0.89538,0.89592,1.37,1.75
2014.12.17 23:58:34.201,0.89539,0.89593,1.87,1.75
2014.12.17 23:58:34.372,0.89539,0.89593,2.25,1.75
2014.12.17 23:58:38.498,0.89539,0.89593,1.87,1.75
2014.12.17 23:58:42.451,0.89539,0.89593,1.87,1.50
2014.12.17 23:58:42.641,0.89545,0.89593,1.87,1.37
2014.12.17 23:58:45.351,0.89543,0.89592,1.87,1.50
2014.12.17 23:59:03.392,0.8954,0.89587,2.25,1.12
2014.12.17 23:59:26.135,0.89543,0.89597,1.37,1.75
2014.12.17 23:59:26.779,0.89543,0.89597,1.00,1.75
2014.12.17 23:59:27.161,0.89543,0.89591,1.00,1.75
2014.12.17 23:59:30.042,0.89543,0.89593,1.00,2.25
2014.12.17 23:59:31.621,0.89538,0.89595,1.37,1.12
2014.12.17 23:59:31.900,0.89548,0.89595,1.00,1.12
2014.12.17 23:59:34.194,0.89548,0.89597,1.00,1.87
2014.12.17 23:59:34.370,0.89543,0.89597,1.75,1.37
2014.12.17 23:59:34.471,0.89544,0.89601,2.25,2.25
2014.12.17 23:59:35.154,0.89548,0.89601,3.00,1.75
2014.12.17 23:59:40.370,0.89549,0.89592,2.25,1.00
2014.12.17 23:59:44.549,0.89548,0.89602,1.75,1.75
2014.12.17 23:59:46.979,0.89548,0.89602,3.00,1.75
2014.12.17 23:59:48.484,0.89548,0.89601,2.62,1.75
2014.12.17 23:59:49.810,0.89548,0.89597,1.00,1.75
2014.12.17 23:59:50.144,0.89548,0.89597,1.00,1.75
2014.12.17 23:59:50.359,0.89544,0.89597,1.87,1.75
2014.12.17 23:59:55.878,0.89548,0.89597,1.00,1.75
