2012.05.23 12:00:00.224,0.76733,0.7676,2.25,3.19
2012.05.23 12:00:00.987,0.76733,0.7676,2.25,2.44
2012.05.23 12:00:02.604,0.76733,0.7676,2.25,2.25
2012.05.23 12:00:02.929,0.76733,0.7676,3.00,2.25
2012.05.23 12:00:03.107,0.76737,0.76763,2.25,2.44
2012.05.23 12:00:05.122,0.76737,0.76763,2.44,2.25
2012.05.23 12:00:05.344,0.7674,0.76768,2.25,2.44
2012.05.23 12:00:05.404,0.7674,0.76768,2.25,3.19
2012.05.23 12:00:05.474,0.76734,0.76759,2.25,2.25
2012.05.23 12:00:05.674,0.76736,0.76764,2.25,3.19
2012.05.23 12:00:07.196,0.76736,0.76764,2.44,2.25
2012.05.23 12:00:07.543,0.76741,0.76765,2.25,1.13
2012.05.23 12:00:07.603,0.76733,0.7676,2.25,2.25
2012.05.23 12:00:07.844,0.76737,0.76763,2.25,2.44
2012.05.23 12:00:08.833,0.76747,0.76774,2.25,3.75
2012.05.23 12:00:08.947,0.76737,0.76763,2.44,2.25
2012.05.23 12:00:09.256,0.76732,0.76758,2.25,2.25
2012.05.23 12:00:10.375,0.76732,0.76758,3.00,2.63
2012.05.23 12:00:10.524,0.76735,0.76762,3.00,2.44
2012.05.23 12:00:10.795,0.76731,0.76759,3.19,2.25
2012.05.23 12:00:10.865,0.76731,0.76759,3.00,2.44
2012.05.23 12:00:11.225,0.7674,0.76769,2.25,3.00
2012.05.23 12:00:11.475,0.7674,0.76769,2.25,2.44
2012.05.23 12:00:13.467,0.7674,0.76769,2.25,2.63
2012.05.23 12:00:13.793,0.76744,0.76772,2.25,2.25
2012.05.23 12:00:13.852,0.76744,0.76773,2.25,3.38
2012.05.23 12:00:14.485,0.76744,0.76772,2.25,1.13
2012.05.23 12:00:15.953,0.76744,0.76772,2.25,1.50
2012.05.23 12:00:16.295,0.7674,0.76768,2.25,2.44
2012.05.23 12:00:16.975,0.7674,0.76768,2.25,3.19
2012.05.23 12:00:22.467,0.7674,0.76768,3.00,2.44
2012.05.23 12:00:22.756,0.76748,0.76774,2.25,3.00
2012.05.23 12:00:22.828,0.76748,0.76775,2.25,3.19
2012.05.23 12:00:23.717,0.76748,0.76775,2.44,3.00
2012.05.23 12:00:24.889,0.76748,0.76775,2.44,3.00
2012.05.23 12:00:25.575,0.76748,0.76775,2.44,3.00
2012.05.23 12:00:26.027,0.76748,0.76775,2.25,3.19
2012.05.23 12:00:27.115,0.76748,0.76775,2.25,2.44
2012.05.23 12:00:29.106,0.76748,0.76775,2.25,2.44
2012.05.23 12:00:29.302,0.76745,0.7677,2.25,2.25
2012.05.23 12:00:29.795,0.76749,0.76774,2.25,2.44
2012.05.23 12:00:29.862,0.76745,0.7677,2.25,2.25
2012.05.23 12:00:30.046,0.76748,0.76775,2.25,3.19
2012.05.23 12:00:30.372,0.76745,0.7677,2.25,2.44
2012.05.23 12:00:31.252,0.76745,0.7677,3.00,2.25
2012.05.23 12:00:31.313,0.76749,0.76774,2.25,2.25
2012.05.23 12:00:32.954,0.76749,0.76774,2.25,3.00
2012.05.23 12:00:35.155,0.76749,0.76774,2.25,2.25
2012.05.23 12:00:35.223,0.76749,0.76774,2.25,2.44
2012.05.23 12:00:35.315,0.76745,0.7677,2.25,2.25
2012.05.23 12:00:37.874,0.76745,0.76767,2.25,2.25
2012.05.23 12:00:37.945,0.76734,0.76761,2.25,2.44
2012.05.23 12:00:38.074,0.76734,0.76761,2.25,4.50
2012.05.23 12:00:38.202,0.76724,0.7675,2.44,2.25
2012.05.23 12:00:38.726,0.76721,0.76746,1.35,2.25
2012.05.23 12:00:38.796,0.76718,0.76746,3.00,2.44
2012.05.23 12:00:38.905,0.76718,0.76746,3.00,2.44
2012.05.23 12:00:39.193,0.76723,0.76749,2.25,2.63
2012.05.23 12:00:39.857,0.76718,0.76743,3.00,2.25
2012.05.23 12:00:40.412,0.76718,0.76743,2.25,2.25
2012.05.23 12:00:41.048,0.76722,0.76747,2.25,3.00
2012.05.23 12:00:41.233,0.76722,0.76747,3.00,2.44
2012.05.23 12:00:42.825,0.76718,0.76743,2.25,3.19
2012.05.23 12:00:43.042,0.76713,0.76741,2.25,2.25
2012.05.23 12:00:44.753,0.76713,0.76741,2.44,2.25
2012.05.23 12:00:44.812,0.76718,0.76746,2.25,2.44
2012.05.23 12:00:45.250,0.76714,0.7674,2.44,2.25
2012.05.23 12:00:45.326,0.76718,0.76746,2.25,2.44
2012.05.23 12:00:49.180,0.76718,0.76746,2.25,2.44
2012.05.23 12:00:50.465,0.76718,0.76746,2.25,2.44
2012.05.23 12:00:51.814,0.76723,0.76751,2.25,2.63
2012.05.23 12:00:53.324,0.76723,0.76751,2.25,2.44
2012.05.23 12:00:57.132,0.76723,0.76751,2.25,3.19
2012.05.23 12:00:57.974,0.7672,0.76747,2.25,2.25
2012.05.23 12:00:59.364,0.7672,0.76747,2.25,3.00
2012.05.23 12:00:59.555,0.76717,0.76742,2.25,2.25
2012.05.23 12:01:01.037,0.76721,0.76746,2.25,3.19
2012.05.23 12:01:01.164,0.76721,0.76746,2.25,2.44
2012.05.23 12:01:01.258,0.76716,0.76743,2.25,2.25
2012.05.23 12:01:01.523,0.76724,0.7675,2.25,3.19
2012.05.23 12:01:03.885,0.76724,0.7675,2.25,2.44
2012.05.23 12:01:04.657,0.76724,0.7675,2.25,2.63
2012.05.23 12:01:04.805,0.76713,0.76741,3.75,2.25
2012.05.23 12:01:05.645,0.76713,0.76741,3.19,2.25
2012.05.23 12:01:07.497,0.76713,0.76741,2.25,2.25
2012.05.23 12:01:07.677,0.76708,0.76737,1.50,2.25
2012.05.23 12:01:08.183,0.76706,0.76737,3.75,2.25
2012.05.23 12:01:08.246,0.76717,0.76744,2.25,2.63
2012.05.23 12:01:08.372,0.76706,0.76737,3.75,2.25
2012.05.23 12:01:08.547,0.7671,0.7674,3.19,2.25
2012.05.23 12:01:08.636,0.7671,0.7674,3.00,3.00
2012.05.23 12:01:08.822,0.76707,0.76736,3.19,2.44
2012.05.23 12:01:08.906,0.76707,0.76736,3.19,2.44
2012.05.23 12:01:09.135,0.7671,0.7674,3.00,3.00
2012.05.23 12:01:09.415,0.76706,0.76737,3.19,2.44
2012.05.23 12:01:09.695,0.7671,0.7674,3.00,3.00
2012.05.23 12:01:09.815,0.7671,0.7674,2.25,3.00
2012.05.23 12:01:09.981,0.76707,0.76736,2.44,2.44
2012.05.23 12:01:10.090,0.76707,0.76736,3.19,2.44
2012.05.23 12:01:10.727,0.7671,0.7674,3.00,2.44
2012.05.23 12:01:12.206,0.7671,0.7674,3.00,2.44
2012.05.23 12:01:13.475,0.76714,0.76744,3.00,2.44
2012.05.23 12:01:13.645,0.76714,0.76744,2.25,2.44
2012.05.23 12:01:18.996,0.76714,0.76744,3.00,2.44
2012.05.23 12:01:20.404,0.76714,0.76744,2.25,2.44
2012.05.23 12:01:21.305,0.7671,0.7674,3.19,2.25
2012.05.23 12:01:22.312,0.76713,0.76745,2.25,3.38
2012.05.23 12:01:27.333,0.76713,0.76745,2.44,3.19
2012.05.23 12:01:28.204,0.76713,0.76745,3.19,2.44
2012.05.23 12:01:29.194,0.76718,0.76747,2.25,3.23
2012.05.23 12:01:30.763,0.76718,0.76747,2.25,3.04
2012.05.23 12:01:31.247,0.76718,0.76747,2.25,4.50
2012.05.23 12:01:31.821,0.76711,0.76741,2.44,2.44
2012.05.23 12:01:33.156,0.76711,0.76741,2.25,2.44
2012.05.23 12:01:37.553,0.76711,0.76741,3.19,2.44
2012.05.23 12:01:37.875,0.76711,0.76741,3.19,2.44
2012.05.23 12:01:38.435,0.76715,0.76745,3.00,2.44
2012.05.23 12:01:39.155,0.76715,0.76745,3.00,3.04
2012.05.23 12:01:39.714,0.76715,0.76743,2.25,1.50
2012.05.23 12:01:39.853,0.76708,0.76738,1.13,2.25
2012.05.23 12:01:40.470,0.7671,0.76742,3.19,2.44
2012.05.23 12:01:40.760,0.7671,0.76742,3.19,2.44
2012.05.23 12:01:40.977,0.76713,0.76738,2.44,2.25
2012.05.23 12:01:41.104,0.76716,0.76742,2.25,2.44
2012.05.23 12:01:45.246,0.76716,0.76742,2.25,2.63
2012.05.23 12:01:45.784,0.76708,0.76735,2.44,2.25
2012.05.23 12:01:45.944,0.76708,0.76735,2.25,2.25
2012.05.23 12:01:46.050,0.76708,0.76735,3.00,2.25
2012.05.23 12:01:46.158,0.76708,0.76735,2.25,2.25
2012.05.23 12:01:46.234,0.76705,0.7673,3.19,2.25
2012.05.23 12:01:46.585,0.76705,0.7673,3.38,2.25
2012.05.23 12:01:46.670,0.76709,0.76737,3.00,2.25
2012.05.23 12:01:46.733,0.76714,0.76742,2.25,3.00
2012.05.23 12:01:47.474,0.76714,0.76742,2.25,2.44
2012.05.23 12:01:48.674,0.76712,0.76737,2.25,2.25
2012.05.23 12:01:51.329,0.76714,0.76742,2.25,3.38
2012.05.23 12:01:54.118,0.76714,0.76742,2.25,2.63
2012.05.23 12:01:58.729,0.76714,0.76742,2.25,3.38
2012.05.23 12:02:01.513,0.76714,0.76742,2.25,2.44
2012.05.23 12:02:01.899,0.76719,0.76744,2.25,3.04
2012.05.23 12:02:02.668,0.76722,0.76749,2.25,3.38
2012.05.23 12:02:03.089,0.76722,0.76749,2.25,3.38
2012.05.23 12:02:03.360,0.76722,0.76749,2.25,3.38
2012.05.23 12:02:11.243,0.76722,0.76749,2.25,3.38
2012.05.23 12:02:11.353,0.76722,0.76749,2.25,3.38
2012.05.23 12:02:11.961,0.76722,0.76749,2.25,3.19
2012.05.23 12:02:12.112,0.76719,0.76744,2.44,2.25
2012.05.23 12:02:20.778,0.76714,0.76742,2.44,2.25
2012.05.23 12:02:21.798,0.76718,0.76745,2.25,2.44
2012.05.23 12:02:23.489,0.76718,0.76745,2.63,2.25
2012.05.23 12:02:23.697,0.76721,0.76752,2.44,3.19
2012.05.23 12:02:24.282,0.76721,0.76752,2.25,2.63
2012.05.23 12:02:25.710,0.76721,0.76752,2.44,2.44
2012.05.23 12:02:26.074,0.76725,0.76754,2.25,1.13
2012.05.23 12:02:26.547,0.76725,0.76755,3.00,2.63
2012.05.23 12:02:27.522,0.76725,0.76754,2.25,1.13
2012.05.23 12:02:28.095,0.76725,0.76755,2.25,3.19
2012.05.23 12:02:30.507,0.76722,0.76751,2.63,2.25
2012.05.23 12:02:32.412,0.76722,0.76751,2.44,3.00
2012.05.23 12:02:33.059,0.76722,0.76751,2.44,3.19
2012.05.23 12:02:34.332,0.76722,0.76751,2.44,2.44
2012.05.23 12:02:35.139,0.76722,0.76751,3.19,2.25
2012.05.23 12:02:35.267,0.76724,0.76756,2.25,3.75
2012.05.23 12:02:35.908,0.76724,0.76756,2.25,3.75
2012.05.23 12:02:39.659,0.76724,0.76756,3.00,3.00
2012.05.23 12:02:39.881,0.76724,0.76756,3.19,2.44
2012.05.23 12:02:40.364,0.76724,0.76756,2.44,3.19
2012.05.23 12:02:40.553,0.76724,0.76756,3.19,2.44
2012.05.23 12:02:42.349,0.76724,0.76756,2.44,3.19
2012.05.23 12:02:44.394,0.76724,0.76756,3.19,2.44
2012.05.23 12:02:44.908,0.76724,0.76756,3.38,2.44
2012.05.23 12:02:46.399,0.76724,0.76756,3.00,2.44
2012.05.23 12:02:46.467,0.76724,0.76756,2.25,3.19
2012.05.23 12:02:46.600,0.76724,0.76756,3.00,2.44
2012.05.23 12:02:46.667,0.76724,0.76756,2.25,3.19
2012.05.23 12:02:49.460,0.76724,0.76756,2.44,3.19
2012.05.23 12:02:54.856,0.76724,0.76756,3.19,2.44
2012.05.23 12:02:55.083,0.76724,0.76756,2.44,3.19
2012.05.23 12:02:55.147,0.76724,0.76756,3.19,2.44
2012.05.23 12:02:55.566,0.76732,0.76758,2.25,1.13
2012.05.23 12:02:55.900,0.76732,0.76759,2.25,3.19
2012.05.23 12:02:57.886,0.76732,0.76759,2.25,3.19
2012.05.23 12:02:58.041,0.76732,0.76759,2.25,3.19
2012.05.23 12:02:58.283,0.76732,0.76759,2.25,3.19
2012.05.23 12:02:59.373,0.76732,0.76759,2.25,3.19
2012.05.23 12:02:59.681,0.76734,0.76754,2.25,1.50
2012.05.23 12:03:00.019,0.7672,0.76748,3.19,2.25
2012.05.23 12:03:00.355,0.76725,0.76751,2.25,3.19
2012.05.23 12:03:00.922,0.76719,0.76746,3.00,2.25
2012.05.23 12:03:01.052,0.76721,0.76749,3.19,2.25
2012.05.23 12:03:01.180,0.76725,0.76753,2.25,2.25
2012.05.23 12:03:01.597,0.76729,0.76756,2.25,3.00
2012.05.23 12:03:02.261,0.76725,0.7675,2.25,2.25
2012.05.23 12:03:02.709,0.76725,0.7675,3.00,2.25
2012.05.23 12:03:02.961,0.76724,0.76753,2.25,3.00
2012.05.23 12:03:03.030,0.76731,0.76757,2.25,2.63
2012.05.23 12:03:03.930,0.76734,0.76761,2.25,2.25
2012.05.23 12:03:04.151,0.76734,0.76763,2.25,3.00
2012.05.23 12:03:04.218,0.76731,0.76757,2.25,2.25
2012.05.23 12:03:04.879,0.76731,0.76757,2.25,3.38
2012.05.23 12:03:05.228,0.76731,0.76757,2.25,3.38
2012.05.23 12:03:05.398,0.76731,0.76757,2.25,3.38
2012.05.23 12:03:05.494,0.76731,0.76757,2.25,3.38
2012.05.23 12:03:05.559,0.76724,0.76751,2.44,3.00
2012.05.23 12:03:05.689,0.76732,0.76756,2.25,1.54
2012.05.23 12:03:05.821,0.76721,0.7675,2.44,3.00
2012.05.23 12:03:05.890,0.76721,0.7675,2.25,3.00
2012.05.23 12:03:06.429,0.76712,0.7674,2.29,2.25
2012.05.23 12:03:06.753,0.76711,0.7674,2.25,2.25
2012.05.23 12:03:07.355,0.76714,0.76744,3.00,3.04
2012.05.23 12:03:07.915,0.76716,0.76741,3.00,2.25
2012.05.23 12:03:08.228,0.7672,0.76747,2.25,2.44
2012.05.23 12:03:08.419,0.76722,0.76751,2.25,3.19
2012.05.23 12:03:08.492,0.76717,0.76744,1.13,2.25
2012.05.23 12:03:08.720,0.76717,0.76749,3.38,2.25
2012.05.23 12:03:09.368,0.76717,0.76749,3.00,2.44
2012.05.23 12:03:09.827,0.76716,0.76741,2.25,2.25
2012.05.23 12:03:10.357,0.76716,0.76741,3.00,2.25
2012.05.23 12:03:10.421,0.76718,0.76749,1.50,2.25
2012.05.23 12:03:10.490,0.76729,0.76756,2.25,2.63
2012.05.23 12:03:10.916,0.76729,0.76756,3.00,2.63
2012.05.23 12:03:10.981,0.76729,0.76756,2.25,2.63
2012.05.23 12:03:11.238,0.76726,0.76751,3.00,2.25
2012.05.23 12:03:11.461,0.76728,0.76757,2.25,2.25
2012.05.23 12:03:11.796,0.76721,0.76749,3.19,2.25
2012.05.23 12:03:12.552,0.7672,0.76751,3.19,2.44
2012.05.23 12:03:12.618,0.76724,0.76751,2.25,2.25
2012.05.23 12:03:12.983,0.76732,0.76758,3.00,3.00
2012.05.23 12:03:13.227,0.76725,0.76754,3.00,2.44
2012.05.23 12:03:13.990,0.76725,0.76754,3.00,3.00
2012.05.23 12:03:14.153,0.76725,0.76754,2.25,3.75
2012.05.23 12:03:14.803,0.76725,0.76754,3.00,2.44
2012.05.23 12:03:15.841,0.76725,0.76754,2.25,3.19
2012.05.23 12:03:16.301,0.76725,0.76754,2.25,3.79
2012.05.23 12:03:16.671,0.76725,0.76754,2.25,3.79
2012.05.23 12:03:17.574,0.76725,0.76754,2.25,3.79
2012.05.23 12:03:18.386,0.76725,0.76752,2.25,2.44
2012.05.23 12:03:18.508,0.7672,0.76747,2.63,2.25
2012.05.23 12:03:18.867,0.76715,0.76742,3.19,2.25
2012.05.23 12:03:18.927,0.76715,0.76742,3.19,2.25
2012.05.23 12:03:19.430,0.76715,0.76742,3.19,2.25
2012.05.23 12:03:19.498,0.76715,0.76742,3.19,2.25
2012.05.23 12:03:19.593,0.76715,0.76742,3.19,2.25
2012.05.23 12:03:20.068,0.76711,0.76738,3.75,2.25
2012.05.23 12:03:20.419,0.76711,0.76738,3.00,2.25
2012.05.23 12:03:20.593,0.76711,0.76738,3.00,2.25
2012.05.23 12:03:20.932,0.76711,0.76738,3.00,2.25
2012.05.23 12:03:21.240,0.76716,0.76741,2.25,2.44
2012.05.23 12:03:22.259,0.76711,0.76738,3.00,2.25
2012.05.23 12:03:22.327,0.76711,0.76738,3.00,2.25
2012.05.23 12:03:22.854,0.76711,0.76738,3.00,2.25
2012.05.23 12:03:23.243,0.76711,0.76738,3.00,2.25
2012.05.23 12:03:23.894,0.76708,0.76734,3.19,2.25
2012.05.23 12:03:23.959,0.76708,0.76734,2.25,2.25
2012.05.23 12:03:24.181,0.76708,0.76734,3.00,2.25
2012.05.23 12:03:24.248,0.76712,0.76737,2.25,2.44
2012.05.23 12:03:24.400,0.76713,0.76739,2.25,2.25
2012.05.23 12:03:24.553,0.76716,0.76744,2.25,2.44
2012.05.23 12:03:25.712,0.76716,0.76744,3.00,2.44
2012.05.23 12:03:26.264,0.76716,0.76744,3.00,2.44
2012.05.23 12:03:27.142,0.76716,0.76744,2.25,3.00
2012.05.23 12:03:27.368,0.76712,0.7674,2.25,3.00
2012.05.23 12:03:28.890,0.76712,0.7674,3.00,2.25
2012.05.23 12:03:29.842,0.76716,0.76744,2.25,2.25
2012.05.23 12:03:30.934,0.76716,0.76744,2.25,2.44
2012.05.23 12:03:31.376,0.76713,0.76739,2.25,2.25
2012.05.23 12:03:31.927,0.7671,0.76735,3.00,2.25
2012.05.23 12:03:32.799,0.7671,0.76735,3.00,2.25
2012.05.23 12:03:33.149,0.7672,0.76735,1.13,2.25
2012.05.23 12:03:33.360,0.7672,0.76746,1.13,2.25
2012.05.23 12:03:33.489,0.76721,0.76746,1.13,2.25
2012.05.23 12:03:33.560,0.76721,0.76752,1.13,2.25
2012.05.23 12:03:33.633,0.76717,0.76752,2.25,2.25
2012.05.23 12:03:33.834,0.76723,0.76757,2.44,1.54
2012.05.23 12:03:33.898,0.76717,0.7675,2.25,2.25
2012.05.23 12:03:34.062,0.76721,0.76755,1.13,2.44
2012.05.23 12:03:34.189,0.7672,0.76755,3.00,2.25
2012.05.23 12:03:34.320,0.76721,0.76758,1.13,2.10
2012.05.23 12:03:34.934,0.76722,0.76755,1.50,2.25
2012.05.23 12:03:34.998,0.76722,0.76758,1.50,1.35
2012.05.23 12:03:35.703,0.76722,0.7676,1.35,2.25
2012.05.23 12:03:35.950,0.76721,0.76756,2.44,1.13
2012.05.23 12:03:36.418,0.76726,0.76756,2.25,3.38
2012.05.23 12:03:36.831,0.76726,0.76756,2.25,2.44
2012.05.23 12:03:36.913,0.76723,0.7675,2.44,2.25
2012.05.23 12:03:37.077,0.76726,0.76756,2.25,2.44
2012.05.23 12:03:37.162,0.76726,0.76756,2.25,3.19
2012.05.23 12:03:37.483,0.76723,0.7675,2.25,2.25
2012.05.23 12:03:38.013,0.76723,0.7675,2.25,2.63
2012.05.23 12:03:38.252,0.76718,0.76745,2.25,2.25
2012.05.23 12:03:38.529,0.76715,0.76747,2.44,2.25
2012.05.23 12:03:39.224,0.76715,0.76747,2.25,3.00
2012.05.23 12:03:40.353,0.76715,0.76747,3.00,3.00
2012.05.23 12:03:41.180,0.76715,0.76747,2.44,2.44
2012.05.23 12:03:43.393,0.76715,0.76747,3.19,2.44
2012.05.23 12:03:44.543,0.76715,0.76747,2.44,2.44
2012.05.23 12:03:46.930,0.76715,0.76747,2.63,2.25
2012.05.23 12:03:47.297,0.76719,0.7675,2.25,3.19
2012.05.23 12:03:47.679,0.76719,0.7675,3.00,2.44
2012.05.23 12:03:48.272,0.76719,0.7675,2.25,3.19
2012.05.23 12:03:49.036,0.76719,0.7675,3.00,2.44
2012.05.23 12:03:49.967,0.76719,0.7675,3.19,2.25
2012.05.23 12:03:50.412,0.76719,0.7675,2.44,3.00
2012.05.23 12:03:50.631,0.76719,0.7675,3.19,2.25
2012.05.23 12:03:51.404,0.76719,0.7675,2.44,2.25
2012.05.23 12:03:51.698,0.76716,0.76746,3.19,2.25
2012.05.23 12:03:51.864,0.76716,0.76746,3.00,2.25
2012.05.23 12:03:51.928,0.76716,0.76746,3.00,2.25
2012.05.23 12:03:53.158,0.7672,0.76745,3.00,2.25
2012.05.23 12:03:54.044,0.7672,0.76745,2.25,2.25
2012.05.23 12:03:54.592,0.7672,0.76745,3.00,2.25
2012.05.23 12:03:54.751,0.76723,0.76752,2.25,2.63
2012.05.23 12:03:55.388,0.76723,0.76752,2.25,3.00
2012.05.23 12:03:55.768,0.76723,0.76752,2.25,2.25
2012.05.23 12:03:55.840,0.76719,0.76748,2.44,2.25
2012.05.23 12:03:56.181,0.76722,0.76753,2.25,2.44
2012.05.23 12:03:56.308,0.76719,0.76748,2.44,2.25
2012.05.23 12:03:57.459,0.76719,0.76748,3.00,2.25
2012.05.23 12:03:58.301,0.76719,0.76748,2.44,2.25
2012.05.23 12:04:00.691,0.76719,0.76748,3.19,2.25
2012.05.23 12:04:00.782,0.76722,0.76753,3.00,3.19
2012.05.23 12:04:01.025,0.76726,0.76756,2.25,3.75
2012.05.23 12:04:01.089,0.76726,0.76756,2.25,3.19
2012.05.23 12:04:01.828,0.76723,0.7675,2.63,2.25
2012.05.23 12:04:02.079,0.76723,0.7675,2.44,2.25
2012.05.23 12:04:02.363,0.76723,0.7675,2.44,4.35
2012.05.23 12:04:02.955,0.76706,0.76736,1.13,2.25
2012.05.23 12:04:03.153,0.76714,0.76739,2.25,2.25
2012.05.23 12:04:03.373,0.76706,0.76735,3.38,2.25
2012.05.23 12:04:03.839,0.76712,0.76744,3.19,2.44
2012.05.23 12:04:03.970,0.76712,0.76744,3.00,3.00
2012.05.23 12:04:04.289,0.76707,0.76733,3.00,2.25
2012.05.23 12:04:04.483,0.76711,0.76736,3.00,2.25
2012.05.23 12:04:04.609,0.76715,0.7674,3.00,2.25
2012.05.23 12:04:05.189,0.76715,0.7674,2.25,2.25
2012.05.23 12:04:05.647,0.76717,0.76745,2.25,2.44
2012.05.23 12:04:05.769,0.76717,0.76745,2.25,2.25
2012.05.23 12:04:07.039,0.76717,0.76745,3.00,2.44
2012.05.23 12:04:07.259,0.76714,0.76741,3.00,2.25
2012.05.23 12:04:07.813,0.76714,0.76741,3.19,2.25
2012.05.23 12:04:07.882,0.76713,0.76743,3.38,2.25
2012.05.23 12:04:08.103,0.7672,0.76748,2.25,2.44
2012.05.23 12:04:08.464,0.7672,0.76748,3.00,2.44
2012.05.23 12:04:08.892,0.7672,0.76748,2.25,2.44
2012.05.23 12:04:11.091,0.7672,0.76748,3.00,2.25
2012.05.23 12:04:11.901,0.7672,0.76748,2.25,2.25
2012.05.23 12:04:13.671,0.7672,0.76748,3.00,2.25
2012.05.23 12:04:14.452,0.7672,0.76748,3.19,2.25
2012.05.23 12:04:15.099,0.76723,0.76754,2.44,2.25
2012.05.23 12:04:16.721,0.76723,0.76754,2.25,2.44
2012.05.23 12:04:18.150,0.76723,0.76754,2.25,2.25
2012.05.23 12:04:19.927,0.76723,0.76754,3.19,2.25
2012.05.23 12:04:19.991,0.76723,0.76754,2.44,3.00
2012.05.23 12:04:20.118,0.76725,0.7675,2.25,2.25
2012.05.23 12:04:21.791,0.76728,0.76755,2.25,3.00
2012.05.23 12:04:22.096,0.7672,0.76751,3.00,2.25
2012.05.23 12:04:22.313,0.7672,0.76751,2.44,2.44
2012.05.23 12:04:22.690,0.7672,0.76751,3.19,2.44
2012.05.23 12:04:23.669,0.7672,0.76751,3.19,2.44
2012.05.23 12:04:24.230,0.76716,0.76748,3.19,2.44
2012.05.23 12:04:24.383,0.76721,0.7675,2.25,2.63
2012.05.23 12:04:26.710,0.76721,0.7675,2.25,2.63
2012.05.23 12:04:28.024,0.76721,0.7675,2.25,2.44
2012.05.23 12:04:29.793,0.76721,0.7675,2.25,2.25
2012.05.23 12:04:32.881,0.76721,0.7675,2.25,3.00
2012.05.23 12:04:33.854,0.76718,0.76744,2.44,2.25
2012.05.23 12:04:33.917,0.76718,0.76744,2.25,2.25
2012.05.23 12:04:34.889,0.76714,0.76741,3.00,2.25
2012.05.23 12:04:35.328,0.76719,0.76746,2.25,2.44
2012.05.23 12:04:35.558,0.76721,0.76747,2.25,2.25
2012.05.23 12:04:37.071,0.76716,0.76744,3.00,2.25
2012.05.23 12:04:37.211,0.76716,0.76744,3.00,2.25
2012.05.23 12:04:37.394,0.76716,0.76744,3.00,2.25
2012.05.23 12:04:37.642,0.76716,0.76744,3.00,2.25
2012.05.23 12:04:37.831,0.76719,0.7675,3.19,2.25
2012.05.23 12:04:37.959,0.76717,0.76743,2.44,2.25
2012.05.23 12:04:39.849,0.76717,0.76743,3.19,2.25
2012.05.23 12:04:40.107,0.76717,0.76743,3.04,3.00
2012.05.23 12:04:40.229,0.76717,0.76743,3.60,2.25
2012.05.23 12:04:40.469,0.76724,0.76752,2.25,2.44
2012.05.23 12:04:40.599,0.76729,0.76754,2.25,1.13
2012.05.23 12:04:40.900,0.76724,0.76752,2.25,2.25
2012.05.23 12:04:41.274,0.7673,0.76755,2.25,1.13
2012.05.23 12:04:41.769,0.76733,0.76757,2.25,1.35
2012.05.23 12:04:41.962,0.7673,0.76756,2.25,3.00
2012.05.23 12:04:45.119,0.7673,0.76756,2.25,3.00
2012.05.23 12:04:45.452,0.7673,0.76756,2.25,3.00
2012.05.23 12:04:47.432,0.7673,0.76756,2.25,3.00
2012.05.23 12:04:47.498,0.7673,0.76756,2.25,3.00
2012.05.23 12:04:47.593,0.7673,0.76756,2.25,3.00
2012.05.23 12:04:47.968,0.76734,0.76758,2.25,1.13
2012.05.23 12:04:48.242,0.76719,0.76744,3.00,2.25
2012.05.23 12:04:48.308,0.76721,0.76749,3.00,2.44
2012.05.23 12:04:48.527,0.76727,0.76754,2.25,3.00
2012.05.23 12:04:48.870,0.76716,0.76744,3.98,2.25
2012.05.23 12:04:49.670,0.76718,0.76744,1.54,2.25
2012.05.23 12:04:51.230,0.76719,0.7675,3.19,2.25
2012.05.23 12:04:52.172,0.76727,0.76753,2.25,1.54
2012.05.23 12:04:53.756,0.76727,0.76754,2.25,2.25
2012.05.23 12:04:54.633,0.76727,0.76754,2.25,3.00
2012.05.23 12:04:56.430,0.76727,0.76754,3.00,2.25
2012.05.23 12:04:56.986,0.76727,0.76754,3.00,2.25
2012.05.23 12:04:57.693,0.76727,0.76754,3.19,2.25
2012.05.23 12:04:57.760,0.76732,0.76759,2.25,3.00
2012.05.23 12:04:58.069,0.76727,0.76754,3.19,2.25
2012.05.23 12:04:58.129,0.76727,0.76754,2.44,2.25
2012.05.23 12:04:58.511,0.76733,0.76758,2.25,3.00
2012.05.23 12:04:58.842,0.76728,0.76755,2.44,2.25
2012.05.23 12:04:59.472,0.76728,0.76755,2.25,2.44
2012.05.23 12:04:59.601,0.76723,0.7675,2.25,2.25
2012.05.23 12:04:59.841,0.76723,0.7675,3.00,2.25
2012.05.23 12:05:00.181,0.76723,0.7675,2.25,2.25
2012.05.23 12:05:00.514,0.76723,0.7675,3.00,2.25
2012.05.23 12:05:00.745,0.76723,0.7675,2.25,2.25
2012.05.23 12:05:00.904,0.76723,0.7675,3.00,2.25
2012.05.23 12:05:01.290,0.76724,0.76752,3.00,2.25
2012.05.23 12:05:01.565,0.76724,0.76752,2.25,2.25
2012.05.23 12:05:02.554,0.76724,0.76752,3.00,2.25
2012.05.23 12:05:03.528,0.76724,0.76752,3.19,2.25
2012.05.23 12:05:03.597,0.76728,0.76755,2.25,2.25
2012.05.23 12:05:09.169,0.76728,0.76755,3.00,2.25
2012.05.23 12:05:09.328,0.76732,0.76759,2.25,2.25
2012.05.23 12:05:19.366,0.76732,0.76759,2.25,3.00
2012.05.23 12:05:19.544,0.76728,0.76753,2.44,2.25
2012.05.23 12:05:20.494,0.7673,0.76758,2.25,3.00
2012.05.23 12:05:20.769,0.76726,0.76752,2.25,2.25
2012.05.23 12:05:22.932,0.76726,0.76752,3.00,2.25
2012.05.23 12:05:25.438,0.7673,0.76755,2.25,2.25
2012.05.23 12:05:26.616,0.76725,0.76753,3.19,2.25
2012.05.23 12:05:27.011,0.76725,0.76753,2.44,2.25
2012.05.23 12:05:27.268,0.7673,0.76758,2.25,3.19
2012.05.23 12:05:27.340,0.7673,0.76758,2.25,3.00
2012.05.23 12:05:27.799,0.76725,0.76753,2.44,2.25
2012.05.23 12:05:28.133,0.76735,0.7676,2.25,2.25
2012.05.23 12:05:29.620,0.7673,0.76755,2.25,2.25
2012.05.23 12:05:31.218,0.7673,0.76755,2.25,3.60
2012.05.23 12:05:31.278,0.76724,0.76751,2.44,2.25
2012.05.23 12:05:31.577,0.76728,0.76755,2.25,3.79
2012.05.23 12:05:32.857,0.76728,0.76754,2.25,1.50
2012.05.23 12:05:32.993,0.76721,0.7675,2.25,3.19
2012.05.23 12:05:33.060,0.76721,0.7675,2.25,2.44
2012.05.23 12:05:35.178,0.76721,0.7675,3.00,2.25
2012.05.23 12:05:35.697,0.76721,0.7675,2.25,2.25
2012.05.23 12:05:35.758,0.76721,0.7675,2.25,2.63
2012.05.23 12:05:35.831,0.76717,0.76745,3.00,2.25
2012.05.23 12:05:36.110,0.76717,0.76745,2.25,3.00
2012.05.23 12:05:36.352,0.76717,0.76745,2.25,2.25
2012.05.23 12:05:36.622,0.76716,0.76743,3.00,2.25
2012.05.23 12:05:37.126,0.76711,0.76738,3.00,2.25
2012.05.23 12:05:39.379,0.76711,0.76738,3.00,2.25
2012.05.23 12:05:39.783,0.76716,0.76741,2.25,2.25
2012.05.23 12:05:41.287,0.76719,0.76745,2.25,3.19
2012.05.23 12:05:43.329,0.76719,0.76745,2.25,2.25
2012.05.23 12:05:43.647,0.76722,0.76749,2.25,1.54
2012.05.23 12:05:43.895,0.76722,0.76749,2.25,1.54
2012.05.23 12:05:43.959,0.76716,0.76745,2.44,2.25
2012.05.23 12:05:45.143,0.76716,0.76745,2.25,2.44
2012.05.23 12:05:49.649,0.76716,0.76745,3.00,2.44
2012.05.23 12:05:49.719,0.76717,0.76745,1.13,2.25
2012.05.23 12:05:50.117,0.76728,0.76754,2.25,3.19
2012.05.23 12:05:50.177,0.76722,0.7675,2.25,2.25
2012.05.23 12:05:50.443,0.76722,0.7675,2.25,3.19
2012.05.23 12:05:52.146,0.76722,0.7675,2.25,3.19
2012.05.23 12:05:52.414,0.76722,0.7675,2.25,3.19
2012.05.23 12:05:52.705,0.76719,0.76745,2.25,2.25
2012.05.23 12:05:53.843,0.76719,0.76745,2.63,2.25
2012.05.23 12:05:54.439,0.7673,0.76754,2.25,1.54
2012.05.23 12:05:55.159,0.7673,0.76755,2.25,3.00
2012.05.23 12:05:55.647,0.7673,0.76755,2.25,3.00
2012.05.23 12:05:55.767,0.76721,0.76749,3.00,3.00
2012.05.23 12:05:55.827,0.76721,0.76749,2.44,3.00
2012.05.23 12:05:56.360,0.76721,0.76749,2.25,3.19
2012.05.23 12:05:56.429,0.76717,0.76745,2.44,2.25
2012.05.23 12:05:57.849,0.76717,0.76745,2.25,3.00
2012.05.23 12:06:00.398,0.76717,0.76744,2.25,1.35
2012.05.23 12:06:00.464,0.76717,0.76745,3.00,2.85
2012.05.23 12:06:00.529,0.76719,0.76746,2.25,3.04
2012.05.23 12:06:00.600,0.76719,0.76746,2.25,2.44
2012.05.23 12:06:00.728,0.76716,0.76748,3.19,3.00
2012.05.23 12:06:00.930,0.76725,0.7675,2.25,3.19
2012.05.23 12:06:02.726,0.76725,0.7675,2.25,3.19
2012.05.23 12:06:02.882,0.7672,0.76745,2.25,3.00
2012.05.23 12:06:05.240,0.7672,0.76745,2.25,2.25
2012.05.23 12:06:05.412,0.7672,0.76745,2.25,3.00
2012.05.23 12:06:06.092,0.7672,0.76745,2.44,3.00
2012.05.23 12:06:06.178,0.7672,0.76745,2.44,2.25
2012.05.23 12:06:06.238,0.76726,0.76749,2.25,1.35
2012.05.23 12:06:06.481,0.76726,0.76754,2.25,3.19
2012.05.23 12:06:07.415,0.76726,0.76754,2.25,3.19
2012.05.23 12:06:07.753,0.76726,0.76754,2.25,3.19
2012.05.23 12:06:07.880,0.76721,0.76749,2.25,3.00
2012.05.23 12:06:07.976,0.76724,0.76755,2.25,3.79
2012.05.23 12:06:09.846,0.76721,0.76749,2.25,3.00
2012.05.23 12:06:10.384,0.76721,0.76749,2.25,3.19
2012.05.23 12:06:10.509,0.76721,0.76749,2.25,3.19
2012.05.23 12:06:10.743,0.76716,0.76743,2.25,2.25
2012.05.23 12:06:13.377,0.76721,0.76746,2.25,2.25
2012.05.23 12:06:18.679,0.76725,0.76752,2.25,3.23
2012.05.23 12:06:19.363,0.76725,0.76751,2.25,1.73
2012.05.23 12:06:19.428,0.7672,0.76747,2.25,2.25
2012.05.23 12:06:24.361,0.7672,0.76747,3.00,2.25
2012.05.23 12:06:24.837,0.76725,0.76752,2.25,2.85
2012.05.23 12:06:28.429,0.76725,0.76752,2.44,2.85
2012.05.23 12:06:28.640,0.76731,0.76756,2.25,2.25
2012.05.23 12:06:29.511,0.76726,0.76751,2.25,2.25
2012.05.23 12:06:30.950,0.76726,0.76751,2.25,3.00
2012.05.23 12:06:31.078,0.76721,0.76746,2.44,2.25
2012.05.23 12:06:32.337,0.76712,0.76735,2.25,2.25
2012.05.23 12:06:32.398,0.7671,0.76735,2.25,2.25
2012.05.23 12:06:33.384,0.7671,0.76735,2.63,2.25
2012.05.23 12:06:33.448,0.76712,0.7674,2.44,2.25
2012.05.23 12:06:33.747,0.76712,0.7674,2.44,3.00
2012.05.23 12:06:33.920,0.76712,0.7674,2.44,2.25
2012.05.23 12:06:36.061,0.76712,0.7674,2.44,3.00
2012.05.23 12:06:36.599,0.76712,0.7674,2.25,3.00
2012.05.23 12:06:36.720,0.76712,0.7674,2.25,2.25
2012.05.23 12:06:36.925,0.76717,0.76745,2.25,3.00
2012.05.23 12:06:37.220,0.76717,0.76745,2.25,2.44
2012.05.23 12:06:38.214,0.76717,0.76745,2.25,2.25
2012.05.23 12:06:38.772,0.76717,0.76745,2.63,2.25
2012.05.23 12:06:39.107,0.76728,0.76755,2.25,3.19
2012.05.23 12:06:40.089,0.76721,0.7675,2.25,3.00
2012.05.23 12:06:42.059,0.76717,0.76745,2.25,2.25
2012.05.23 12:06:42.884,0.76721,0.7675,2.25,3.75
2012.05.23 12:06:42.950,0.76718,0.76744,2.25,2.25
2012.05.23 12:06:43.612,0.76718,0.76744,3.00,3.00
2012.05.23 12:06:44.370,0.76715,0.7674,2.25,2.25
2012.05.23 12:06:44.438,0.76712,0.7674,3.00,2.25
2012.05.23 12:06:44.789,0.76717,0.76745,2.44,3.60
2012.05.23 12:06:45.077,0.76712,0.7674,3.00,2.25
2012.05.23 12:06:47.429,0.76718,0.76744,2.44,3.00
2012.05.23 12:06:47.498,0.76718,0.76744,2.63,3.00
2012.05.23 12:06:48.773,0.76718,0.76744,3.00,2.25
2012.05.23 12:06:51.853,0.76718,0.76744,2.63,3.00
2012.05.23 12:06:54.049,0.76718,0.76744,2.25,2.25
2012.05.23 12:06:54.117,0.76715,0.76741,1.13,2.25
2012.05.23 12:06:58.130,0.76715,0.76735,1.13,2.25
2012.05.23 12:06:58.257,0.76712,0.76735,1.13,2.25
2012.05.23 12:06:59.136,0.7671,0.76735,3.19,2.25
2012.05.23 12:06:59.549,0.76704,0.7673,3.19,2.25
2012.05.23 12:06:59.808,0.76708,0.76734,3.00,2.25
2012.05.23 12:07:02.449,0.76708,0.76734,3.00,2.25
2012.05.23 12:07:02.646,0.76703,0.76731,3.19,2.25
2012.05.23 12:07:03.878,0.76703,0.76731,3.19,2.25
2012.05.23 12:07:09.888,0.767,0.76734,3.19,2.25
2012.05.23 12:07:10.541,0.76699,0.76737,1.50,3.04
2012.05.23 12:07:10.752,0.76698,0.76737,1.50,3.23
2012.05.23 12:07:10.880,0.76698,0.76735,1.50,1.13
2012.05.23 12:07:11.748,0.76701,0.76737,1.13,3.04
2012.05.23 12:07:12.679,0.76702,0.7674,1.13,2.29
2012.05.23 12:07:14.661,0.76702,0.76738,1.13,1.54
2012.05.23 12:07:15.980,0.76703,0.7674,1.13,2.29
2012.05.23 12:07:16.199,0.76701,0.76739,3.38,1.54
2012.05.23 12:07:17.036,0.76701,0.76739,3.38,1.54
2012.05.23 12:07:17.962,0.76703,0.76741,1.13,3.00
2012.05.23 12:07:19.132,0.76706,0.76741,1.50,2.44
2012.05.23 12:07:19.560,0.76707,0.76744,2.25,1.35
2012.05.23 12:07:20.449,0.76711,0.76749,3.19,1.13
2012.05.23 12:07:20.519,0.76711,0.76747,3.00,1.50
2012.05.23 12:07:22.188,0.76708,0.76743,3.38,1.54
2012.05.23 12:07:22.689,0.76708,0.76742,2.63,1.35
2012.05.23 12:07:22.759,0.76708,0.76739,2.25,1.13
2012.05.23 12:07:23.241,0.76702,0.76739,2.10,1.13
2012.05.23 12:07:23.962,0.76702,0.76739,1.73,1.50
2012.05.23 12:07:24.620,0.76702,0.76735,1.13,3.04
2012.05.23 12:07:25.003,0.76701,0.76734,1.13,1.35
2012.05.23 12:07:25.071,0.76699,0.76734,3.19,1.54
2012.05.23 12:07:25.301,0.76698,0.76729,1.13,2.25
2012.05.23 12:07:25.601,0.76701,0.76738,1.35,1.50
2012.05.23 12:07:25.667,0.76703,0.7674,1.13,3.75
2012.05.23 12:07:26.943,0.76704,0.7674,1.13,3.19
2012.05.23 12:07:27.379,0.76705,0.76741,2.44,1.54
2012.05.23 12:07:29.570,0.76701,0.76735,1.13,3.00
2012.05.23 12:07:31.406,0.76703,0.76738,1.13,1.54
2012.05.23 12:07:37.760,0.76703,0.7674,1.13,4.54
2012.05.23 12:07:37.828,0.76703,0.76739,1.13,1.54
2012.05.23 12:07:37.976,0.76703,0.7674,1.13,2.44
2012.05.23 12:07:38.501,0.7671,0.76743,3.00,2.10
2012.05.23 12:07:38.568,0.76711,0.76743,1.13,1.35
2012.05.23 12:07:39.200,0.7671,0.76746,3.00,1.50
2012.05.23 12:07:40.167,0.76713,0.76746,2.25,1.50
2012.05.23 12:07:40.518,0.76709,0.76746,3.19,1.50
2012.05.23 12:07:40.813,0.76714,0.76747,2.25,1.35
2012.05.23 12:07:40.879,0.76714,0.76749,2.25,2.10
2012.05.23 12:07:40.949,0.76709,0.76746,3.19,1.13
2012.05.23 12:07:41.269,0.76714,0.76749,2.25,2.10
2012.05.23 12:07:42.283,0.76714,0.76747,2.25,2.85
2012.05.23 12:07:42.349,0.76709,0.76747,3.19,1.35
2012.05.23 12:07:42.512,0.76711,0.76748,1.13,3.23
2012.05.23 12:07:42.767,0.76709,0.76747,3.00,1.35
2012.05.23 12:07:42.936,0.76705,0.76743,1.13,3.19
2012.05.23 12:07:44.699,0.76706,0.76743,1.50,3.19
2012.05.23 12:07:45.632,0.76706,0.76743,1.50,2.44
2012.05.23 12:07:46.889,0.76706,0.76743,1.50,2.44
2012.05.23 12:07:47.429,0.76705,0.76743,1.50,2.63
2012.05.23 12:07:47.499,0.76705,0.76743,1.50,3.38
2012.05.23 12:07:48.064,0.76705,0.76739,1.50,2.25
2012.05.23 12:07:48.317,0.76705,0.76733,1.50,2.25
2012.05.23 12:07:48.377,0.76704,0.76733,1.13,2.25
2012.05.23 12:07:49.082,0.76701,0.76733,1.50,2.25
2012.05.23 12:07:49.599,0.76704,0.76733,1.13,2.25
2012.05.23 12:07:49.788,0.76707,0.76733,1.50,2.25
2012.05.23 12:07:49.847,0.76707,0.76741,1.50,2.10
2012.05.23 12:07:51.960,0.76707,0.76741,1.50,2.10
2012.05.23 12:08:00.041,0.76703,0.76738,3.00,1.35
2012.05.23 12:08:00.658,0.76706,0.76743,1.13,3.75
2012.05.23 12:08:01.761,0.76707,0.76743,1.13,3.19
2012.05.23 12:08:01.949,0.76704,0.76743,3.00,3.19
2012.05.23 12:08:04.729,0.76704,0.76743,3.00,3.38
2012.05.23 12:08:06.092,0.76704,0.76739,3.00,1.35
2012.05.23 12:08:07.153,0.76706,0.76739,2.25,1.35
2012.05.23 12:08:08.943,0.76704,0.76739,3.00,1.35
2012.05.23 12:08:09.126,0.76706,0.76743,1.13,2.44
2012.05.23 12:08:09.187,0.76707,0.76743,1.13,3.19
2012.05.23 12:08:09.429,0.76712,0.76746,1.13,3.19
2012.05.23 12:08:09.703,0.76712,0.76746,1.13,2.44
2012.05.23 12:08:10.497,0.76713,0.76748,1.50,2.63
2012.05.23 12:08:12.542,0.76712,0.76748,1.13,3.00
2012.05.23 12:08:12.619,0.76712,0.76747,1.13,1.50
2012.05.23 12:08:12.807,0.76709,0.76743,3.00,3.00
2012.05.23 12:08:14.849,0.76704,0.76738,1.50,2.44
2012.05.23 12:08:15.489,0.76705,0.76738,1.13,2.44
2012.05.23 12:08:17.049,0.76702,0.76738,1.50,2.44
2012.05.23 12:08:18.484,0.76702,0.76738,1.50,3.19
2012.05.23 12:08:18.589,0.767,0.76738,2.10,3.38
2012.05.23 12:08:21.134,0.76705,0.76738,1.13,3.79
2012.05.23 12:08:21.664,0.76705,0.7674,1.13,1.35
2012.05.23 12:08:21.945,0.7671,0.76745,1.13,3.00
2012.05.23 12:08:22.502,0.76711,0.76746,1.13,3.04
2012.05.23 12:08:23.736,0.76713,0.7675,1.13,3.00
2012.05.23 12:08:24.771,0.76716,0.7675,3.00,2.25
2012.05.23 12:08:25.165,0.76712,0.76748,1.13,1.50
2012.05.23 12:08:26.670,0.76712,0.76748,1.50,1.13
2012.05.23 12:08:27.040,0.76714,0.76752,2.25,1.54
2012.05.23 12:08:27.442,0.76711,0.7675,1.50,3.38
2012.05.23 12:08:29.995,0.76711,0.76749,1.13,1.50
2012.05.23 12:08:30.672,0.76713,0.76749,1.13,1.50
2012.05.23 12:08:31.290,0.76712,0.7675,1.13,3.19
2012.05.23 12:08:31.389,0.7671,0.7675,2.25,3.19
2012.05.23 12:08:31.518,0.76708,0.7674,2.25,1.73
2012.05.23 12:08:31.579,0.76701,0.76738,1.50,3.19
2012.05.23 12:08:31.650,0.76702,0.76738,1.50,2.44
2012.05.23 12:08:32.062,0.76706,0.7674,1.13,1.54
2012.05.23 12:08:33.273,0.76709,0.76745,2.63,2.10
2012.05.23 12:08:34.134,0.76708,0.76742,2.63,1.54
2012.05.23 12:08:34.758,0.76708,0.76745,2.63,1.50
2012.05.23 12:08:39.213,0.76708,0.76744,2.44,1.13
2012.05.23 12:08:39.729,0.76706,0.76744,1.50,1.13
2012.05.23 12:08:39.799,0.76706,0.76744,1.13,1.50
2012.05.23 12:08:40.836,0.76705,0.76741,2.63,1.50
2012.05.23 12:08:42.149,0.76706,0.76741,1.13,1.50
2012.05.23 12:08:42.701,0.76705,0.76741,2.63,1.50
2012.05.23 12:08:42.769,0.76702,0.7674,2.63,1.50
2012.05.23 12:08:45.479,0.76702,0.76741,2.63,3.75
2012.05.23 12:08:46.029,0.76707,0.76741,1.13,2.44
2012.05.23 12:08:46.438,0.76707,0.76745,2.63,1.50
2012.05.23 12:08:46.579,0.76707,0.7674,2.44,1.13
2012.05.23 12:08:47.466,0.76702,0.76739,3.38,1.50
2012.05.23 12:08:47.944,0.76702,0.76739,2.63,1.50
2012.05.23 12:08:48.067,0.76708,0.76743,2.44,1.54
2012.05.23 12:08:48.322,0.76708,0.76743,2.44,1.54
2012.05.23 12:08:48.389,0.76708,0.76743,2.44,1.54
2012.05.23 12:08:48.522,0.76702,0.76739,1.50,1.13
2012.05.23 12:08:48.912,0.76703,0.76737,2.44,1.13
2012.05.23 12:08:49.181,0.76701,0.76739,1.50,1.13
2012.05.23 12:08:49.458,0.76704,0.76739,3.38,1.54
2012.05.23 12:08:49.681,0.76701,0.76739,1.50,1.54
2012.05.23 12:08:50.174,0.76701,0.76739,1.50,1.73
2012.05.23 12:08:50.772,0.76701,0.76738,3.19,3.00
2012.05.23 12:08:52.222,0.76701,0.76737,3.00,1.35
2012.05.23 12:08:53.860,0.76701,0.76737,3.19,1.35
2012.05.23 12:08:54.411,0.76696,0.76732,3.19,2.25
2012.05.23 12:08:55.800,0.76689,0.7673,2.10,4.50
2012.05.23 12:08:56.110,0.76696,0.76732,3.19,1.35
2012.05.23 12:08:56.308,0.76696,0.76736,5.85,1.13
2012.05.23 12:08:57.095,0.76701,0.76736,2.44,1.13
2012.05.23 12:08:57.823,0.76697,0.76735,3.38,1.50
2012.05.23 12:09:00.287,0.76697,0.76733,3.00,3.00
2012.05.23 12:09:00.629,0.76692,0.76729,1.13,1.54
2012.05.23 12:09:01.168,0.76694,0.76727,3.19,2.44
2012.05.23 12:09:01.937,0.76694,0.76727,3.19,2.25
2012.05.23 12:09:02.057,0.767,0.76728,2.25,2.44
2012.05.23 12:09:08.051,0.767,0.76728,2.25,2.44
2012.05.23 12:09:10.731,0.767,0.76728,2.25,2.44
2012.05.23 12:09:11.413,0.767,0.76728,2.25,3.00
2012.05.23 12:09:11.592,0.76696,0.76722,2.25,2.25
2012.05.23 12:09:12.320,0.76694,0.76723,3.19,2.25
2012.05.23 12:09:14.082,0.76694,0.76723,3.19,2.25
2012.05.23 12:09:15.367,0.76701,0.76727,2.25,2.25
2012.05.23 12:09:26.254,0.76701,0.76727,2.44,2.25
2012.05.23 12:09:26.582,0.76712,0.76737,2.25,2.25
2012.05.23 12:09:28.062,0.76712,0.76737,2.25,3.00
2012.05.23 12:09:28.431,0.76712,0.76737,2.25,2.25
2012.05.23 12:09:28.922,0.76712,0.76737,2.25,3.00
2012.05.23 12:09:28.991,0.76708,0.76733,2.25,3.19
2012.05.23 12:09:29.970,0.76708,0.76733,2.25,3.19
2012.05.23 12:09:31.560,0.76708,0.76733,2.25,3.19
2012.05.23 12:09:31.630,0.76703,0.7673,2.25,3.19
2012.05.23 12:09:31.858,0.76699,0.76727,2.63,2.25
2012.05.23 12:09:33.310,0.76699,0.76727,2.44,2.25
2012.05.23 12:09:33.596,0.76703,0.7673,2.25,3.19
2012.05.23 12:09:34.770,0.76703,0.7673,2.25,2.44
2012.05.23 12:09:35.367,0.76703,0.7673,2.25,2.44
2012.05.23 12:09:35.981,0.76703,0.7673,2.25,3.19
2012.05.23 12:09:36.152,0.76703,0.7673,2.44,2.25
2012.05.23 12:09:36.369,0.76703,0.7673,2.44,3.00
2012.05.23 12:09:36.590,0.76707,0.76734,2.25,3.00
2012.05.23 12:09:37.202,0.76707,0.76734,2.25,3.00
2012.05.23 12:09:37.690,0.76707,0.76734,2.25,3.00
2012.05.23 12:09:37.913,0.76707,0.76734,2.25,3.00
2012.05.23 12:09:38.542,0.76711,0.76738,2.25,3.19
2012.05.23 12:09:40.161,0.76711,0.76738,2.25,2.44
2012.05.23 12:09:40.443,0.76711,0.76738,2.25,3.19
2012.05.23 12:09:40.568,0.76705,0.76733,2.25,3.19
2012.05.23 12:09:40.849,0.767,0.76728,2.63,2.25
2012.05.23 12:09:41.022,0.767,0.76728,2.25,2.25
2012.05.23 12:09:42.342,0.767,0.76728,2.25,3.19
2012.05.23 12:09:42.650,0.767,0.76727,2.25,2.29
2012.05.23 12:09:43.370,0.76689,0.76716,3.19,2.25
2012.05.23 12:09:45.949,0.76689,0.76716,2.44,2.25
2012.05.23 12:09:46.058,0.76689,0.76716,3.19,2.25
2012.05.23 12:09:46.162,0.76689,0.76716,2.44,2.25
2012.05.23 12:09:46.781,0.76694,0.76719,2.25,3.19
2012.05.23 12:09:48.881,0.76688,0.76715,2.63,2.25
2012.05.23 12:09:48.970,0.76688,0.76715,2.44,2.25
2012.05.23 12:09:49.321,0.76683,0.7671,4.50,2.25
2012.05.23 12:09:49.523,0.76683,0.7671,2.44,2.25
2012.05.23 12:09:50.121,0.76683,0.7671,3.19,2.25
2012.05.23 12:09:50.300,0.76686,0.76714,3.00,2.44
2012.05.23 12:09:51.618,0.7669,0.76717,2.25,2.25
2012.05.23 12:09:52.214,0.7669,0.76717,3.00,2.25
2012.05.23 12:09:52.329,0.7669,0.76717,2.25,2.25
2012.05.23 12:09:58.431,0.7669,0.76717,2.25,2.44
2012.05.23 12:09:58.671,0.76687,0.76713,3.19,2.25
2012.05.23 12:09:58.800,0.7669,0.7672,1.13,2.25
2012.05.23 12:09:59.038,0.76687,0.76716,1.50,2.25
2012.05.23 12:10:00.081,0.76686,0.76716,3.75,2.25
2012.05.23 12:10:00.703,0.76687,0.76716,1.13,2.25
2012.05.23 12:10:01.434,0.76693,0.7672,2.25,3.19
2012.05.23 12:10:01.844,0.76693,0.7672,2.25,3.75
2012.05.23 12:10:02.138,0.76689,0.76717,2.25,3.19
2012.05.23 12:10:02.653,0.76683,0.7671,2.63,2.25
2012.05.23 12:10:02.719,0.76691,0.76717,2.25,2.44
2012.05.23 12:10:04.149,0.76691,0.76717,2.25,2.44
2012.05.23 12:10:04.460,0.76691,0.76717,2.25,2.63
2012.05.23 12:10:04.529,0.76686,0.76714,3.19,2.25
2012.05.23 12:10:05.118,0.7669,0.76718,2.25,2.63
2012.05.23 12:10:05.880,0.7669,0.76718,2.25,2.44
2012.05.23 12:10:06.400,0.76686,0.76714,3.19,2.25
2012.05.23 12:10:06.838,0.76691,0.76717,2.25,2.44
2012.05.23 12:10:07.158,0.76694,0.76723,2.25,2.44
2012.05.23 12:10:08.072,0.76691,0.76717,2.25,2.44
2012.05.23 12:10:08.480,0.76687,0.76713,2.44,2.25
2012.05.23 12:10:09.389,0.76687,0.76713,3.00,2.25
2012.05.23 12:10:11.586,0.7669,0.76718,2.25,2.63
2012.05.23 12:10:11.647,0.7669,0.76718,2.25,2.44
2012.05.23 12:10:13.033,0.7669,0.76718,2.25,2.63
2012.05.23 12:10:13.358,0.76687,0.76713,3.00,2.25
2012.05.23 12:10:13.769,0.76691,0.76717,2.25,2.63
2012.05.23 12:10:13.838,0.76691,0.76717,2.25,2.25
2012.05.23 12:10:15.310,0.76687,0.76713,2.44,2.25
2012.05.23 12:10:15.877,0.7668,0.76705,3.19,2.25
2012.05.23 12:10:19.424,0.7668,0.76705,2.44,2.25
2012.05.23 12:10:24.034,0.7668,0.76705,2.63,2.25
2012.05.23 12:10:24.371,0.76687,0.76713,2.25,2.25
2012.05.23 12:10:24.439,0.76687,0.76713,2.25,3.00
2012.05.23 12:10:25.560,0.76683,0.7671,2.63,3.00
2012.05.23 12:10:26.360,0.76683,0.7671,2.44,3.00
2012.05.23 12:10:26.891,0.76683,0.7671,2.25,3.19
2012.05.23 12:10:27.407,0.76683,0.7671,2.25,2.44
2012.05.23 12:10:27.529,0.76686,0.76714,2.25,3.19
2012.05.23 12:10:27.893,0.76681,0.76709,2.63,3.00
2012.05.23 12:10:28.238,0.76686,0.76714,2.25,3.19
2012.05.23 12:10:28.377,0.76683,0.7671,2.25,3.00
2012.05.23 12:10:28.991,0.76683,0.7671,2.25,2.25
2012.05.23 12:10:30.755,0.76683,0.7671,2.44,2.25
2012.05.23 12:10:31.618,0.76683,0.7671,3.19,2.25
2012.05.23 12:10:31.938,0.76694,0.76721,2.25,3.19
2012.05.23 12:10:35.671,0.76694,0.76719,2.44,1.35
2012.05.23 12:10:36.679,0.7669,0.76718,2.25,3.04
2012.05.23 12:10:38.329,0.7669,0.76718,2.25,3.04
2012.05.23 12:10:38.822,0.76694,0.76719,2.25,1.73
2012.05.23 12:10:39.231,0.76702,0.76725,2.25,1.13
2012.05.23 12:10:39.298,0.76698,0.76725,2.25,3.38
2012.05.23 12:10:40.013,0.76698,0.76725,2.25,2.44
2012.05.23 12:10:41.551,0.76698,0.76725,2.25,3.00
2012.05.23 12:10:41.797,0.76687,0.76714,1.13,2.25
2012.05.23 12:10:42.257,0.76686,0.76714,3.19,2.25
2012.05.23 12:10:42.320,0.7669,0.76718,2.25,2.44
2012.05.23 12:10:43.541,0.7669,0.76718,2.25,2.25
2012.05.23 12:10:44.193,0.7669,0.76718,3.75,2.25
2012.05.23 12:10:44.259,0.76696,0.76722,2.25,2.25
2012.05.23 12:10:44.725,0.76694,0.76723,2.44,3.04
2012.05.23 12:10:44.790,0.76694,0.76723,2.25,2.63
2012.05.23 12:10:44.971,0.7669,0.76718,3.00,2.25
2012.05.23 12:10:45.229,0.76691,0.76718,1.13,2.25
2012.05.23 12:10:45.789,0.76691,0.76717,2.63,2.25
2012.05.23 12:10:46.909,0.76698,0.76725,2.25,3.19
2012.05.23 12:10:47.051,0.76693,0.7672,2.44,2.25
2012.05.23 12:10:48.260,0.76699,0.76724,2.25,2.63
2012.05.23 12:10:48.361,0.76699,0.76724,2.25,2.25
2012.05.23 12:10:51.579,0.76701,0.76729,2.25,3.79
2012.05.23 12:10:52.504,0.76701,0.76729,2.25,3.79
2012.05.23 12:10:54.532,0.76701,0.76729,2.44,3.60
2012.05.23 12:10:57.059,0.76701,0.76729,2.25,3.79
2012.05.23 12:10:59.779,0.76705,0.76733,2.25,3.00
2012.05.23 12:11:00.307,0.76701,0.76729,2.25,3.19
2012.05.23 12:11:01.959,0.76701,0.76729,3.00,2.25
2012.05.23 12:11:02.078,0.76709,0.76734,2.25,1.13
2012.05.23 12:11:02.271,0.76701,0.76729,2.25,3.00
2012.05.23 12:11:03.110,0.76701,0.76729,3.00,2.25
2012.05.23 12:11:03.578,0.76706,0.76732,2.25,2.25
2012.05.23 12:11:04.480,0.76709,0.76735,2.25,1.13
2012.05.23 12:11:07.259,0.76709,0.76736,2.25,2.44
2012.05.23 12:11:07.387,0.76705,0.76733,2.25,2.25
2012.05.23 12:11:10.491,0.76705,0.76733,2.25,2.44
2012.05.23 12:11:10.833,0.76702,0.76728,3.19,2.25
2012.05.23 12:11:11.160,0.76705,0.76733,2.25,2.44
2012.05.23 12:11:11.880,0.76705,0.76733,3.00,2.44
2012.05.23 12:11:11.948,0.76705,0.76733,3.19,2.25
2012.05.23 12:11:12.071,0.76709,0.76736,2.25,2.44
2012.05.23 12:11:12.204,0.76705,0.76733,3.19,2.25
2012.05.23 12:11:12.268,0.76705,0.76733,2.44,2.25
2012.05.23 12:11:14.187,0.76709,0.76736,2.25,3.19
2012.05.23 12:11:14.393,0.76705,0.76733,2.25,2.25
2012.05.23 12:11:15.845,0.76705,0.76733,2.25,2.44
2012.05.23 12:11:17.697,0.76705,0.76733,2.25,2.25
2012.05.23 12:11:17.818,0.7671,0.76735,2.25,3.19
2012.05.23 12:11:20.184,0.7671,0.76735,2.25,2.44
2012.05.23 12:11:20.345,0.76705,0.76733,2.25,2.25
2012.05.23 12:11:20.852,0.76705,0.76733,2.25,2.44
2012.05.23 12:11:22.711,0.76705,0.76733,2.25,2.25
2012.05.23 12:11:24.492,0.76705,0.76733,2.25,2.44
2012.05.23 12:11:24.829,0.7671,0.76735,2.25,3.75
2012.05.23 12:11:25.028,0.7671,0.76735,2.25,2.25
2012.05.23 12:11:29.410,0.7671,0.76735,3.00,2.25
2012.05.23 12:11:29.561,0.76716,0.76743,2.25,1.35
2012.05.23 12:11:29.780,0.76713,0.7674,2.25,2.44
2012.05.23 12:11:30.954,0.76713,0.7674,3.00,2.44
2012.05.23 12:11:31.021,0.76716,0.76744,3.00,3.23
2012.05.23 12:11:31.334,0.76714,0.76739,2.25,2.25
2012.05.23 12:11:31.541,0.76716,0.76744,3.00,3.23
2012.05.23 12:11:35.360,0.76716,0.76744,3.00,2.44
2012.05.23 12:11:36.679,0.76716,0.76744,2.25,3.75
2012.05.23 12:11:37.376,0.76716,0.76744,2.25,3.75
2012.05.23 12:11:39.369,0.76716,0.76744,2.25,3.75
2012.05.23 12:11:41.938,0.76716,0.76744,2.25,3.00
2012.05.23 12:11:42.101,0.76721,0.76747,2.25,3.00
2012.05.23 12:11:42.355,0.76721,0.76747,2.25,2.25
2012.05.23 12:11:42.905,0.76721,0.76747,2.25,2.44
2012.05.23 12:11:42.982,0.76716,0.76741,2.44,2.25
2012.05.23 12:11:43.460,0.7672,0.76748,2.25,3.00
2012.05.23 12:11:44.871,0.7672,0.76748,3.00,2.25
2012.05.23 12:11:45.903,0.76725,0.7675,2.25,2.25
2012.05.23 12:11:48.831,0.76725,0.7675,2.25,3.00
2012.05.23 12:11:49.650,0.76725,0.7675,2.25,3.00
2012.05.23 12:11:49.937,0.76725,0.7675,2.25,3.00
2012.05.23 12:11:50.209,0.76725,0.7675,2.25,3.00
2012.05.23 12:11:50.420,0.76725,0.7675,2.25,3.00
2012.05.23 12:11:51.410,0.76725,0.7675,2.25,2.25
2012.05.23 12:11:52.131,0.76725,0.7675,2.25,3.00
2012.05.23 12:11:52.400,0.76725,0.7675,2.25,2.25
2012.05.23 12:11:53.150,0.76725,0.7675,2.25,3.00
2012.05.23 12:11:53.908,0.76725,0.7675,2.25,2.25
2012.05.23 12:11:54.179,0.76725,0.7675,2.25,3.00
2012.05.23 12:11:54.401,0.76725,0.7675,2.25,2.25
2012.05.23 12:11:58.098,0.7672,0.76748,2.44,2.25
2012.05.23 12:12:02.321,0.7672,0.76748,2.25,2.44
2012.05.23 12:12:02.488,0.76714,0.76739,2.63,2.25
2012.05.23 12:12:02.670,0.76714,0.76739,2.25,2.25
2012.05.23 12:12:02.829,0.76712,0.76738,2.25,2.25
2012.05.23 12:12:03.009,0.76712,0.76738,2.25,2.63
2012.05.23 12:12:03.068,0.76709,0.76734,2.25,2.25
2012.05.23 12:12:03.188,0.76709,0.76734,3.00,2.25
2012.05.23 12:12:03.341,0.76712,0.76738,3.00,2.63
2012.05.23 12:12:03.562,0.76708,0.76735,2.25,2.25
2012.05.23 12:12:04.357,0.76705,0.76736,3.75,2.25
2012.05.23 12:12:04.620,0.76705,0.76736,3.75,2.25
2012.05.23 12:12:05.183,0.76706,0.76736,3.00,2.25
2012.05.23 12:12:05.322,0.7671,0.7674,1.13,2.25
2012.05.23 12:12:06.623,0.76709,0.7674,3.19,2.44
2012.05.23 12:12:06.688,0.76709,0.7674,2.44,3.19
2012.05.23 12:12:06.899,0.76706,0.76735,3.00,2.25
2012.05.23 12:12:07.390,0.76706,0.76735,2.44,3.00
2012.05.23 12:12:07.920,0.76706,0.76735,2.44,2.25
2012.05.23 12:12:10.173,0.76706,0.76735,2.63,2.25
2012.05.23 12:12:10.507,0.7671,0.76739,2.25,3.79
2012.05.23 12:12:11.159,0.7671,0.76739,2.25,3.98
2012.05.23 12:12:11.826,0.7671,0.76739,3.00,3.23
2012.05.23 12:12:12.268,0.7671,0.76739,3.00,3.04
2012.05.23 12:12:12.893,0.76713,0.76744,2.25,4.50
2012.05.23 12:12:13.580,0.76713,0.76744,2.25,3.00
2012.05.23 12:12:14.595,0.76713,0.76744,2.25,2.63
2012.05.23 12:12:16.447,0.76713,0.76744,2.25,3.75
2012.05.23 12:12:16.649,0.76709,0.7674,3.19,2.44
2012.05.23 12:12:16.979,0.76717,0.76743,2.25,2.63
2012.05.23 12:12:17.348,0.7671,0.76739,3.19,2.44
2012.05.23 12:12:17.877,0.7671,0.76739,3.00,2.44
2012.05.23 12:12:19.210,0.7671,0.76739,2.25,3.19
2012.05.23 12:12:20.975,0.7671,0.76739,3.00,2.44
2012.05.23 12:12:22.387,0.7671,0.76739,3.00,2.44
2012.05.23 12:12:25.115,0.76717,0.76743,2.25,3.38
2012.05.23 12:12:25.179,0.76717,0.76743,2.25,3.00
2012.05.23 12:12:28.268,0.76724,0.7675,2.25,1.54
2012.05.23 12:12:28.393,0.76724,0.7675,2.25,1.54
2012.05.23 12:12:30.109,0.76724,0.76749,2.25,1.54
2012.05.23 12:12:30.329,0.76713,0.76744,3.00,2.25
2012.05.23 12:12:30.388,0.76713,0.76744,2.25,2.44
2012.05.23 12:12:31.223,0.76713,0.76744,2.25,3.00
2012.05.23 12:12:33.193,0.76713,0.76744,2.25,3.00
2012.05.23 12:12:34.107,0.7671,0.76739,3.00,2.44
2012.05.23 12:12:34.174,0.7671,0.76739,2.25,2.44
2012.05.23 12:12:34.239,0.76714,0.76743,2.25,3.00
2012.05.23 12:12:34.536,0.76706,0.76734,3.19,2.25
2012.05.23 12:12:34.960,0.76712,0.76738,2.25,3.38
2012.05.23 12:12:35.089,0.76712,0.76738,2.25,3.00
2012.05.23 12:12:35.447,0.76716,0.76743,2.25,1.50
2012.05.23 12:12:35.859,0.76716,0.76744,2.25,3.38
2012.05.23 12:12:36.093,0.76724,0.76749,2.25,1.54
2012.05.23 12:12:36.190,0.76724,0.76749,2.25,1.54
2012.05.23 12:12:36.319,0.76721,0.76747,2.25,2.63
2012.05.23 12:12:36.810,0.76724,0.7675,2.25,1.13
2012.05.23 12:12:40.917,0.76724,0.76749,2.25,1.13
2012.05.23 12:12:41.001,0.76724,0.76749,2.25,1.50
2012.05.23 12:12:41.147,0.76721,0.76747,2.25,2.44
2012.05.23 12:12:43.759,0.76721,0.76747,2.25,2.63
2012.05.23 12:12:50.460,0.76721,0.76747,2.25,2.44
2012.05.23 12:12:52.907,0.76721,0.76747,2.25,2.25
2012.05.23 12:12:53.027,0.76724,0.7675,2.25,1.13
2012.05.23 12:12:55.403,0.76724,0.76751,2.25,3.19
2012.05.23 12:12:55.839,0.76728,0.76754,2.25,1.50
2012.05.23 12:12:55.913,0.76718,0.76744,2.63,2.25
2012.05.23 12:12:56.442,0.76711,0.76741,1.50,2.25
2012.05.23 12:12:56.753,0.7671,0.76741,3.38,2.25
2012.05.23 12:12:57.019,0.7671,0.76735,1.13,2.25
2012.05.23 12:12:57.652,0.76707,0.76735,3.19,2.25
2012.05.23 12:12:57.838,0.76718,0.76746,3.00,2.44
2012.05.23 12:12:58.511,0.76718,0.76746,3.19,2.25
2012.05.23 12:13:00.942,0.76718,0.76746,2.44,2.25
2012.05.23 12:13:01.269,0.76715,0.76742,3.38,2.25
2012.05.23 12:13:02.991,0.76715,0.76742,3.19,2.25
2012.05.23 12:13:03.112,0.76718,0.76746,2.25,2.44
2012.05.23 12:13:03.370,0.76718,0.76746,2.25,3.19
2012.05.23 12:13:03.702,0.76712,0.76737,3.19,2.25
2012.05.23 12:13:04.342,0.76716,0.76741,2.25,2.25
2012.05.23 12:13:05.191,0.76712,0.76738,1.13,2.25
2012.05.23 12:13:05.258,0.76711,0.76738,3.19,2.25
2012.05.23 12:13:05.529,0.76716,0.76741,2.25,2.44
2012.05.23 12:13:06.156,0.76716,0.76741,2.44,2.25
2012.05.23 12:13:06.737,0.76716,0.76741,2.25,2.44
2012.05.23 12:13:06.800,0.76711,0.76738,3.19,2.25
2012.05.23 12:13:07.420,0.76711,0.76738,3.00,2.25
2012.05.23 12:13:07.489,0.76707,0.76735,3.19,2.25
2012.05.23 12:13:10.978,0.76712,0.76737,2.25,2.44
2012.05.23 12:13:11.324,0.76715,0.76742,2.25,3.60
2012.05.23 12:13:11.746,0.76715,0.76742,2.25,3.04
2012.05.23 12:13:12.890,0.76715,0.76742,2.25,2.44
2012.05.23 12:13:13.462,0.76715,0.76742,2.25,3.19
2012.05.23 12:13:13.575,0.76715,0.76742,2.25,2.44
2012.05.23 12:13:13.673,0.76711,0.76738,3.00,2.25
2012.05.23 12:13:13.904,0.76708,0.76735,1.13,2.25
2012.05.23 12:13:13.970,0.76707,0.76735,2.63,2.25
2012.05.23 12:13:14.161,0.76708,0.76735,1.13,2.25
2012.05.23 12:13:14.228,0.76711,0.76738,3.00,3.04
2012.05.23 12:13:14.720,0.76711,0.76738,2.25,3.79
2012.05.23 12:13:15.749,0.76702,0.76727,2.44,2.25
2012.05.23 12:13:15.868,0.76702,0.76727,2.25,2.25
2012.05.23 12:13:15.972,0.76698,0.76724,1.13,2.25
2012.05.23 12:13:16.489,0.76698,0.76724,1.13,2.25
2012.05.23 12:13:16.552,0.76697,0.76724,2.63,2.25
2012.05.23 12:13:17.374,0.76697,0.76724,2.44,2.25
2012.05.23 12:13:24.960,0.76697,0.76724,2.63,2.25
2012.05.23 12:13:26.393,0.76694,0.76724,3.75,2.25
2012.05.23 12:13:26.918,0.76702,0.76727,2.25,2.44
2012.05.23 12:13:29.902,0.76702,0.76727,2.25,3.00
2012.05.23 12:13:30.099,0.76694,0.7672,3.00,2.25
2012.05.23 12:13:30.268,0.76697,0.76724,3.00,2.44
2012.05.23 12:13:30.999,0.76697,0.76724,3.00,2.25
2012.05.23 12:13:35.989,0.76697,0.76724,2.44,2.25
2012.05.23 12:13:39.012,0.76697,0.76724,3.19,2.25
2012.05.23 12:13:39.082,0.76701,0.76728,3.00,2.44
2012.05.23 12:13:41.228,0.76701,0.76728,3.00,2.25
2012.05.23 12:13:42.590,0.76701,0.76728,3.00,2.25
2012.05.23 12:13:42.838,0.76716,0.76743,2.25,3.04
2012.05.23 12:13:43.022,0.76711,0.76738,3.00,2.25
2012.05.23 12:13:43.323,0.76711,0.76738,2.25,3.19
2012.05.23 12:13:45.518,0.76711,0.76738,2.25,3.19
2012.05.23 12:13:53.308,0.76711,0.76738,2.25,3.23
2012.05.23 12:13:56.853,0.76711,0.76734,2.25,1.50
2012.05.23 12:13:57.073,0.76702,0.76727,2.25,2.25
2012.05.23 12:13:57.612,0.76702,0.76727,3.00,2.44
2012.05.23 12:14:00.939,0.76697,0.76724,2.44,2.25
2012.05.23 12:14:02.472,0.76697,0.76724,3.19,2.25
2012.05.23 12:14:09.352,0.76697,0.76724,3.19,2.25
2012.05.23 12:14:09.539,0.76708,0.76734,2.25,2.44
2012.05.23 12:14:09.779,0.76712,0.76739,2.25,1.50
2012.05.23 12:14:10.340,0.76708,0.76734,2.25,3.00
2012.05.23 12:14:10.760,0.76708,0.76734,2.25,2.44
2012.05.23 12:14:11.411,0.76708,0.76734,2.44,2.25
2012.05.23 12:14:11.580,0.76711,0.76739,2.25,3.38
2012.05.23 12:14:11.886,0.76706,0.76734,2.44,3.00
2012.05.23 12:14:12.022,0.76706,0.76734,2.25,3.19
2012.05.23 12:14:12.138,0.76703,0.76729,2.44,2.25
2012.05.23 12:14:13.129,0.76703,0.76729,2.44,3.00
2012.05.23 12:14:13.682,0.76703,0.76729,2.25,2.25
2012.05.23 12:14:15.440,0.76709,0.76734,2.25,3.00
2012.05.23 12:14:15.508,0.76702,0.7673,3.00,3.00
2012.05.23 12:14:15.701,0.76702,0.7673,2.25,3.00
2012.05.23 12:14:17.680,0.76702,0.76729,2.25,1.13
2012.05.23 12:14:17.809,0.76697,0.76725,3.19,2.25
2012.05.23 12:14:17.970,0.76702,0.76729,2.25,1.13
2012.05.23 12:14:18.323,0.76695,0.76722,3.19,2.25
2012.05.23 12:14:18.892,0.76695,0.76722,3.00,2.25
2012.05.23 12:14:20.651,0.76695,0.76722,3.00,2.44
2012.05.23 12:14:20.720,0.76695,0.76722,2.25,2.44
2012.05.23 12:14:20.789,0.7669,0.76717,3.79,2.25
2012.05.23 12:14:22.915,0.76696,0.76721,2.25,2.44
2012.05.23 12:14:23.916,0.76696,0.76721,3.00,2.25
2012.05.23 12:14:28.371,0.76696,0.76721,3.00,2.25
2012.05.23 12:14:28.440,0.76701,0.76726,3.00,2.25
2012.05.23 12:14:28.613,0.76696,0.76721,3.19,2.25
2012.05.23 12:14:29.613,0.76694,0.76717,1.13,2.25
2012.05.23 12:14:29.677,0.76694,0.76717,1.13,2.25
2012.05.23 12:14:31.832,0.7669,0.76717,3.19,2.25
2012.05.23 12:14:31.943,0.76688,0.76712,1.13,2.25
2012.05.23 12:14:32.329,0.76691,0.76719,3.00,2.44
2012.05.23 12:14:33.053,0.76691,0.76719,3.00,2.25
2012.05.23 12:14:33.371,0.76691,0.76719,3.00,2.25
2012.05.23 12:14:33.769,0.76695,0.76722,3.00,2.25
2012.05.23 12:14:34.179,0.767,0.76725,3.00,2.25
2012.05.23 12:14:36.100,0.76695,0.76722,3.19,2.25
2012.05.23 12:14:38.143,0.76695,0.76722,3.19,2.25
2012.05.23 12:14:38.418,0.76706,0.76732,3.00,2.44
2012.05.23 12:14:38.959,0.76706,0.76732,2.25,2.44
2012.05.23 12:14:39.018,0.76706,0.76732,2.25,2.63
2012.05.23 12:14:39.293,0.76701,0.76726,3.00,2.25
2012.05.23 12:14:39.998,0.76697,0.76722,1.73,2.25
2012.05.23 12:14:40.171,0.76695,0.76722,3.19,2.25
2012.05.23 12:14:43.528,0.76695,0.76722,2.25,2.44
2012.05.23 12:14:43.589,0.76691,0.76716,3.19,2.25
2012.05.23 12:14:44.520,0.76691,0.76716,3.19,2.25
2012.05.23 12:14:44.960,0.76691,0.76716,3.19,2.25
2012.05.23 12:14:45.633,0.76691,0.76716,3.00,2.25
2012.05.23 12:14:46.239,0.76691,0.76716,3.00,2.25
2012.05.23 12:14:46.462,0.76691,0.76716,3.00,2.25
2012.05.23 12:14:47.880,0.76691,0.76716,3.00,2.25
2012.05.23 12:14:47.982,0.76696,0.76721,3.00,2.63
2012.05.23 12:14:48.049,0.76696,0.76721,3.00,2.25
2012.05.23 12:14:51.241,0.76691,0.76719,3.19,2.25
2012.05.23 12:14:53.042,0.76691,0.76719,3.75,2.25
2012.05.23 12:14:53.282,0.76696,0.76724,2.25,2.44
2012.05.23 12:14:54.143,0.76696,0.76724,2.44,2.25
2012.05.23 12:14:54.745,0.76696,0.76724,2.44,3.00
2012.05.23 12:14:54.810,0.76693,0.7672,2.63,2.25
2012.05.23 12:14:54.921,0.76693,0.7672,2.44,2.25
2012.05.23 12:14:56.187,0.76693,0.7672,3.19,2.25
2012.05.23 12:14:56.252,0.76693,0.7672,2.44,2.25
2012.05.23 12:14:56.799,0.76687,0.76715,3.19,2.25
2012.05.23 12:14:56.920,0.76694,0.76719,2.25,2.25
2012.05.23 12:14:57.267,0.76694,0.76719,3.00,2.25
2012.05.23 12:14:57.373,0.76694,0.76719,2.25,2.25
2012.05.23 12:14:57.721,0.76688,0.76714,3.19,2.25
2012.05.23 12:14:58.103,0.76688,0.76714,3.19,2.25
2012.05.23 12:14:58.361,0.76688,0.76714,3.19,2.25
2012.05.23 12:14:58.586,0.76694,0.76719,2.25,2.44
2012.05.23 12:14:58.893,0.7669,0.76715,1.13,2.25
2012.05.23 12:14:59.647,0.76687,0.76715,3.98,2.25
2012.05.23 12:15:00.196,0.76687,0.76715,2.85,2.44
2012.05.23 12:15:00.322,0.76684,0.76706,1.13,2.25
2012.05.23 12:15:00.575,0.76681,0.76706,3.00,2.25
2012.05.23 12:15:01.728,0.76677,0.76703,3.38,2.25
2012.05.23 12:15:02.011,0.76677,0.76703,3.19,2.25
2012.05.23 12:15:02.277,0.76677,0.76703,3.19,2.25
2012.05.23 12:15:02.372,0.76682,0.76708,2.25,2.44
2012.05.23 12:15:02.501,0.76682,0.76708,2.25,3.00
2012.05.23 12:15:02.778,0.76673,0.76699,3.19,2.25
2012.05.23 12:15:02.960,0.76679,0.76704,2.25,2.25
2012.05.23 12:15:04.020,0.76682,0.76708,2.25,2.25
2012.05.23 12:15:04.300,0.76677,0.767,1.50,2.25
2012.05.23 12:15:04.435,0.76675,0.767,3.19,2.25
2012.05.23 12:15:04.618,0.76675,0.767,3.00,2.25
2012.05.23 12:15:04.738,0.76679,0.76706,3.00,2.44
2012.05.23 12:15:04.799,0.76679,0.76706,3.00,2.25
2012.05.23 12:15:04.859,0.76679,0.76706,2.25,2.25
2012.05.23 12:15:05.112,0.76679,0.76706,3.00,2.25
2012.05.23 12:15:05.471,0.76684,0.76711,2.44,2.25
2012.05.23 12:15:06.643,0.76684,0.76711,3.19,2.25
2012.05.23 12:15:06.948,0.76681,0.76707,3.19,2.25
2012.05.23 12:15:09.849,0.76685,0.7671,2.25,2.44
2012.05.23 12:15:10.471,0.76685,0.7671,3.00,2.25
2012.05.23 12:15:11.363,0.76685,0.7671,2.25,2.25
2012.05.23 12:15:13.330,0.76685,0.7671,3.00,2.25
2012.05.23 12:15:13.832,0.76685,0.7671,3.00,2.25
2012.05.23 12:15:19.041,0.76685,0.7671,3.38,2.25
2012.05.23 12:15:19.329,0.76688,0.76715,2.25,2.25
2012.05.23 12:15:19.388,0.76688,0.76715,3.00,2.25
2012.05.23 12:15:19.809,0.76692,0.76719,2.25,2.25
2012.05.23 12:15:19.868,0.76688,0.76724,3.38,3.04
2012.05.23 12:15:22.316,0.76687,0.76725,1.13,1.50
2012.05.23 12:15:23.152,0.76687,0.76726,1.13,3.75
2012.05.23 12:15:28.645,0.76687,0.76724,1.50,1.13
2012.05.23 12:15:34.528,0.76691,0.76726,1.13,2.44
2012.05.23 12:15:35.021,0.76692,0.76729,2.63,1.54
2012.05.23 12:15:43.821,0.76692,0.7673,3.75,1.50
2012.05.23 12:15:44.913,0.76696,0.76731,1.50,2.44
2012.05.23 12:15:45.571,0.76695,0.76732,1.13,3.00
2012.05.23 12:15:46.233,0.76697,0.76734,2.63,2.10
2012.05.23 12:15:47.441,0.76697,0.76733,3.19,3.60
2012.05.23 12:15:48.004,0.76696,0.76731,1.50,2.44
2012.05.23 12:15:48.418,0.76697,0.76733,3.00,1.73
2012.05.23 12:15:48.480,0.76697,0.76731,2.44,1.50
2012.05.23 12:15:49.004,0.76697,0.76734,3.00,1.73
2012.05.23 12:15:49.325,0.76695,0.76731,2.25,3.19
2012.05.23 12:15:49.613,0.76697,0.76731,1.50,2.44
2012.05.23 12:15:49.679,0.76695,0.76731,1.13,2.44
2012.05.23 12:15:50.249,0.76697,0.76733,1.50,1.54
2012.05.23 12:15:51.962,0.76697,0.76737,1.50,5.10
2012.05.23 12:15:53.160,0.76696,0.76734,3.38,1.54
2012.05.23 12:15:56.871,0.76698,0.76735,1.13,1.35
2012.05.23 12:15:57.362,0.76696,0.76734,3.38,1.54
2012.05.23 12:16:04.221,0.76696,0.76734,3.19,3.00
2012.05.23 12:16:05.104,0.76691,0.76729,3.75,1.50
2012.05.23 12:16:06.215,0.76691,0.76729,3.75,1.13
2012.05.23 12:16:06.823,0.76691,0.76728,3.75,1.13
2012.05.23 12:16:06.889,0.76691,0.76725,3.19,1.13
2012.05.23 12:16:08.078,0.76691,0.76729,3.75,3.23
2012.05.23 12:16:09.670,0.76691,0.76726,3.75,1.54
2012.05.23 12:16:11.177,0.7669,0.76725,1.50,1.13
2012.05.23 12:16:11.502,0.7669,0.76723,1.50,5.29
2012.05.23 12:16:11.922,0.76688,0.76723,1.13,5.85
2012.05.23 12:16:11.990,0.76687,0.76721,1.13,1.54
2012.05.23 12:16:12.651,0.76688,0.76723,3.38,2.85
2012.05.23 12:16:13.149,0.76689,0.76725,1.50,2.44
2012.05.23 12:16:13.929,0.76688,0.76726,3.60,1.13
2012.05.23 12:16:14.358,0.76689,0.76729,1.50,2.85
2012.05.23 12:16:15.248,0.76689,0.76729,1.50,3.60
2012.05.23 12:16:15.695,0.76689,0.76729,1.50,2.85
2012.05.23 12:16:16.037,0.76688,0.76725,1.13,1.35
2012.05.23 12:16:16.142,0.76688,0.76724,1.13,1.54
2012.05.23 12:16:16.341,0.76685,0.76723,1.13,2.25
2012.05.23 12:16:16.433,0.76685,0.76723,1.13,2.25
2012.05.23 12:16:16.645,0.76685,0.76721,1.13,3.00
2012.05.23 12:16:16.712,0.76691,0.76721,1.13,2.25
2012.05.23 12:16:16.840,0.76687,0.7672,2.25,2.10
2012.05.23 12:16:17.141,0.76693,0.7672,2.25,2.10
2012.05.23 12:16:17.270,0.76696,0.76733,3.75,1.13
2012.05.23 12:16:17.971,0.76697,0.76735,1.50,1.13
2012.05.23 12:16:21.639,0.76697,0.76732,1.50,2.25
2012.05.23 12:16:21.761,0.76693,0.76732,2.10,2.63
2012.05.23 12:16:24.418,0.76693,0.76732,1.54,3.00
2012.05.23 12:16:25.070,0.76691,0.76729,3.75,1.73
2012.05.23 12:16:26.218,0.76691,0.76728,3.19,2.25
2012.05.23 12:16:37.860,0.76691,0.76724,2.44,1.13
2012.05.23 12:16:39.849,0.76688,0.76726,2.25,3.19
2012.05.23 12:16:40.151,0.76688,0.76721,2.25,3.00
2012.05.23 12:16:40.219,0.76686,0.7672,1.54,1.13
2012.05.23 12:16:40.750,0.76687,0.76725,2.25,3.19
2012.05.23 12:16:43.782,0.76691,0.76728,2.63,1.50
2012.05.23 12:16:49.720,0.76691,0.76727,3.00,1.13
2012.05.23 12:16:50.643,0.76691,0.76729,3.75,1.73
2012.05.23 12:16:50.713,0.76691,0.76729,3.19,1.73
2012.05.23 12:16:51.131,0.76687,0.76727,2.25,3.19
2012.05.23 12:16:51.691,0.7669,0.76729,3.75,1.73
2012.05.23 12:16:52.471,0.76693,0.76729,2.63,1.54
2012.05.23 12:16:58.303,0.76693,0.76729,2.44,1.54
2012.05.23 12:16:59.361,0.76698,0.76729,2.25,1.54
2012.05.23 12:16:59.549,0.76698,0.76734,2.44,1.13
2012.05.23 12:16:59.884,0.76699,0.76734,2.25,3.00
2012.05.23 12:17:01.215,0.767,0.76737,3.75,1.13
2012.05.23 12:17:02.073,0.76696,0.76734,1.13,1.54
2012.05.23 12:17:03.172,0.76695,0.76734,3.98,2.10
2012.05.23 12:17:04.650,0.76696,0.76734,3.19,2.10
2012.05.23 12:17:05.412,0.76695,0.7673,1.54,1.13
2012.05.23 12:17:06.412,0.76693,0.7673,1.35,1.13
2012.05.23 12:17:06.922,0.76695,0.7673,1.54,1.13
2012.05.23 12:17:07.280,0.76693,0.7673,1.35,1.13
2012.05.23 12:17:08.011,0.76692,0.76731,5.48,1.50
2012.05.23 12:17:08.079,0.76695,0.76731,1.54,1.50
2012.05.23 12:17:08.419,0.76695,0.76733,1.54,3.75
2012.05.23 12:17:08.570,0.767,0.76734,3.19,1.54
2012.05.23 12:17:08.942,0.767,0.76734,2.44,1.54
2012.05.23 12:17:10.149,0.767,0.76734,2.44,1.54
2012.05.23 12:17:11.092,0.76697,0.76734,1.50,1.73
2012.05.23 12:17:11.710,0.76695,0.76734,3.60,1.73
2012.05.23 12:17:11.770,0.76696,0.76734,1.50,1.73
2012.05.23 12:17:11.868,0.76695,0.76734,3.60,1.73
2012.05.23 12:17:12.415,0.76697,0.76734,2.25,1.54
2012.05.23 12:17:12.674,0.767,0.76734,1.50,1.54
2012.05.23 12:17:13.122,0.76699,0.76735,3.00,1.13
2012.05.23 12:17:13.456,0.767,0.76735,1.50,1.13
2012.05.23 12:17:13.672,0.76699,0.76735,3.00,1.13
2012.05.23 12:17:14.173,0.76699,0.76733,2.44,1.13
2012.05.23 12:17:16.593,0.76695,0.76732,3.00,1.13
2012.05.23 12:17:18.170,0.76695,0.76729,2.44,1.13
2012.05.23 12:17:18.300,0.76695,0.76727,2.44,1.13
2012.05.23 12:17:18.842,0.7669,0.76725,3.00,1.13
2012.05.23 12:17:19.374,0.7669,0.76725,3.75,1.13
2012.05.23 12:17:19.953,0.7669,0.76725,3.00,1.13
2012.05.23 12:17:20.088,0.7669,0.76722,2.25,1.50
2012.05.23 12:17:21.183,0.76687,0.76722,1.13,1.50
2012.05.23 12:17:21.850,0.76687,0.76723,1.13,3.19
2012.05.23 12:17:21.911,0.76686,0.76723,1.50,3.19
2012.05.23 12:17:22.424,0.76692,0.7673,1.35,1.13
2012.05.23 12:17:22.703,0.76691,0.76724,3.04,1.13
2012.05.23 12:17:23.154,0.76692,0.76726,1.35,2.63
2012.05.23 12:17:23.352,0.76692,0.76726,2.10,2.44
2012.05.23 12:17:23.599,0.767,0.76731,2.25,2.25
2012.05.23 12:17:23.720,0.767,0.76733,2.44,1.54
2012.05.23 12:17:25.049,0.76698,0.76736,2.25,1.13
2012.05.23 12:17:27.106,0.76697,0.76733,3.75,1.13
2012.05.23 12:17:27.231,0.76697,0.76732,3.00,1.13
2012.05.23 12:17:27.363,0.76692,0.76725,1.13,3.19
2012.05.23 12:17:27.763,0.76692,0.76729,3.00,3.19
2012.05.23 12:17:28.459,0.76692,0.76729,2.25,3.19
2012.05.23 12:17:28.520,0.76692,0.76729,3.00,3.19
2012.05.23 12:17:29.503,0.76692,0.76729,2.25,3.19
2012.05.23 12:17:31.295,0.76692,0.76729,3.00,3.19
2012.05.23 12:17:31.358,0.76692,0.76729,2.25,3.19
2012.05.23 12:17:31.769,0.7669,0.76729,2.25,3.19
2012.05.23 12:17:32.592,0.76692,0.76729,1.13,3.19
2012.05.23 12:17:32.750,0.76692,0.76728,1.13,3.04
2012.05.23 12:17:34.845,0.76692,0.76724,1.50,1.35
2012.05.23 12:17:36.174,0.76692,0.76728,1.50,3.04
2012.05.23 12:17:37.915,0.76691,0.76728,3.00,2.29
2012.05.23 12:17:40.171,0.76689,0.76724,2.25,1.35
2012.05.23 12:17:42.649,0.76689,0.76724,2.25,1.35
2012.05.23 12:17:42.871,0.76692,0.76728,1.50,3.04
2012.05.23 12:17:45.072,0.76691,0.76724,2.25,1.35
2012.05.23 12:17:47.531,0.76689,0.76724,2.25,1.35
2012.05.23 12:17:48.095,0.76689,0.76724,2.25,1.35
2012.05.23 12:17:48.198,0.76684,0.76724,4.50,1.73
2012.05.23 12:17:48.260,0.76687,0.76724,1.50,1.73
2012.05.23 12:17:48.703,0.76684,0.76724,2.25,1.73
2012.05.23 12:17:49.032,0.76687,0.76724,3.00,1.73
2012.05.23 12:17:49.405,0.76686,0.76724,1.13,2.10
2012.05.23 12:17:49.530,0.76685,0.76724,1.50,1.35
2012.05.23 12:17:49.628,0.76696,0.76724,2.25,1.35
2012.05.23 12:17:49.899,0.76697,0.76735,3.60,1.50
2012.05.23 12:17:49.960,0.76697,0.76735,3.60,1.50
2012.05.23 12:17:50.203,0.767,0.76735,1.13,1.50
2012.05.23 12:17:50.942,0.76701,0.76739,1.13,1.50
2012.05.23 12:17:51.813,0.76701,0.76742,3.00,1.50
2012.05.23 12:17:52.152,0.76707,0.76744,3.19,2.10
2012.05.23 12:17:52.582,0.76709,0.76744,1.13,2.10
2012.05.23 12:17:53.141,0.76709,0.76744,1.13,1.35
2012.05.23 12:17:54.891,0.76707,0.76744,1.13,2.10
2012.05.23 12:17:55.002,0.76705,0.76742,1.13,1.50
2012.05.23 12:17:55.630,0.76705,0.76744,1.13,1.50
2012.05.23 12:17:55.698,0.76705,0.76742,1.13,1.50
2012.05.23 12:17:56.652,0.76705,0.76744,1.13,1.50
2012.05.23 12:17:56.819,0.76707,0.76744,1.13,1.50
2012.05.23 12:17:59.852,0.76707,0.76744,1.13,1.50
2012.05.23 12:18:00.363,0.76704,0.76744,3.00,1.50
2012.05.23 12:18:00.944,0.76704,0.76739,1.50,1.13
2012.05.23 12:18:01.163,0.76702,0.76739,1.35,1.13
2012.05.23 12:18:01.572,0.76705,0.76742,2.25,3.19
2012.05.23 12:18:02.012,0.76709,0.76747,2.25,3.19
2012.05.23 12:18:02.151,0.76703,0.76744,4.50,1.50
2012.05.23 12:18:02.811,0.76701,0.76741,2.10,3.75
2012.05.23 12:18:06.513,0.76703,0.76739,1.54,1.13
2012.05.23 12:18:06.634,0.76702,0.76739,2.10,1.13
2012.05.23 12:18:08.422,0.76702,0.76739,1.50,1.13
2012.05.23 12:18:08.810,0.76702,0.76739,1.50,1.13
2012.05.23 12:18:11.143,0.76703,0.7674,1.13,1.50
2012.05.23 12:18:11.465,0.76701,0.7674,1.13,1.50
2012.05.23 12:18:11.582,0.76703,0.7674,1.13,1.50
2012.05.23 12:18:13.409,0.76699,0.7674,4.50,1.50
2012.05.23 12:18:16.192,0.76703,0.7674,1.13,1.50
2012.05.23 12:18:16.258,0.76707,0.76741,1.13,1.54
2012.05.23 12:18:16.579,0.767,0.76739,2.25,1.50
2012.05.23 12:18:16.698,0.76701,0.76739,1.50,1.50
2012.05.23 12:18:16.902,0.76702,0.76739,2.63,1.50
2012.05.23 12:18:17.150,0.76702,0.76739,1.13,1.50
2012.05.23 12:18:17.219,0.76704,0.76739,1.13,1.50
2012.05.23 12:18:18.508,0.76701,0.76739,1.50,1.50
2012.05.23 12:18:19.663,0.76701,0.7674,3.00,1.50
2012.05.23 12:18:19.734,0.76705,0.7674,1.13,1.50
2012.05.23 12:18:19.953,0.76702,0.7674,1.50,1.50
2012.05.23 12:18:20.739,0.76698,0.76733,2.63,1.54
2012.05.23 12:18:21.180,0.76692,0.76731,2.10,2.25
2012.05.23 12:18:22.152,0.76692,0.76729,1.54,2.25
2012.05.23 12:18:22.921,0.76695,0.76732,1.13,3.00
2012.05.23 12:18:24.461,0.76696,0.76733,1.50,1.13
2012.05.23 12:18:25.688,0.76695,0.76731,3.00,1.13
2012.05.23 12:18:25.749,0.76695,0.76728,2.25,1.13
2012.05.23 12:18:26.822,0.7669,0.76731,3.75,2.25
2012.05.23 12:18:26.890,0.7669,0.76729,3.75,1.13
2012.05.23 12:18:27.370,0.7669,0.76731,3.75,2.25
2012.05.23 12:18:27.640,0.7669,0.76725,3.19,1.13
2012.05.23 12:18:29.558,0.76686,0.76724,1.13,1.50
2012.05.23 12:18:34.850,0.76687,0.76726,1.13,3.00
2012.05.23 12:18:35.370,0.76688,0.76726,1.13,3.00
2012.05.23 12:18:36.172,0.76686,0.76725,1.13,1.50
2012.05.23 12:18:36.839,0.76688,0.76726,1.13,3.00
2012.05.23 12:18:37.050,0.76689,0.76727,1.50,1.35
2012.05.23 12:18:39.232,0.76691,0.76728,1.13,2.10
2012.05.23 12:18:40.652,0.7669,0.76725,1.13,3.00
2012.05.23 12:18:41.541,0.76683,0.76722,1.50,2.25
2012.05.23 12:18:43.448,0.76683,0.76722,1.50,2.25
2012.05.23 12:18:43.523,0.76686,0.76724,1.13,1.50
2012.05.23 12:18:50.268,0.76685,0.76725,1.50,3.00
2012.05.23 12:18:50.910,0.76683,0.76722,1.50,2.25
2012.05.23 12:18:50.969,0.76683,0.76722,1.50,2.25
2012.05.23 12:18:51.148,0.76681,0.76718,2.10,1.13
2012.05.23 12:18:51.481,0.76683,0.7672,1.50,2.63
2012.05.23 12:18:51.720,0.76683,0.76717,1.50,2.44
2012.05.23 12:18:52.223,0.76687,0.76723,1.13,1.50
2012.05.23 12:18:53.533,0.76686,0.76722,1.50,2.44
2012.05.23 12:18:54.609,0.76686,0.76722,1.50,3.19
2012.05.23 12:18:55.073,0.76682,0.76719,1.13,1.50
2012.05.23 12:18:55.484,0.76682,0.76711,1.13,2.25
2012.05.23 12:18:55.810,0.76678,0.76713,1.13,1.50
2012.05.23 12:18:56.173,0.76674,0.76711,1.13,3.00
2012.05.23 12:18:56.773,0.76678,0.76711,1.50,2.25
2012.05.23 12:18:56.840,0.76678,0.76715,1.50,1.13
2012.05.23 12:18:57.142,0.76678,0.76716,1.50,2.63
2012.05.23 12:18:57.360,0.76678,0.76715,1.50,1.13
2012.05.23 12:18:58.155,0.76681,0.76719,1.50,1.73
2012.05.23 12:18:58.531,0.76677,0.76715,1.50,2.63
2012.05.23 12:18:58.677,0.76677,0.76715,1.50,2.63
2012.05.23 12:18:58.903,0.76677,0.76715,1.50,2.63
2012.05.23 12:18:58.972,0.76677,0.7671,1.50,2.25
2012.05.23 12:18:59.669,0.76675,0.76709,1.50,2.25
2012.05.23 12:18:59.925,0.7668,0.76715,1.13,2.44
2012.05.23 12:19:00.833,0.76682,0.76718,1.50,1.73
2012.05.23 12:19:01.624,0.7668,0.76716,2.25,3.19
2012.05.23 12:19:01.750,0.76676,0.76709,1.13,2.44
2012.05.23 12:19:01.939,0.76678,0.76716,1.13,4.50
2012.05.23 12:19:02.273,0.76681,0.76716,1.13,3.00
2012.05.23 12:19:02.823,0.76682,0.76718,1.50,1.54
2012.05.23 12:19:03.374,0.76678,0.76718,1.50,2.10
2012.05.23 12:19:03.771,0.76677,0.7671,1.50,2.25
2012.05.23 12:19:04.300,0.76678,0.76716,1.50,2.63
2012.05.23 12:19:04.361,0.76681,0.76716,1.50,2.44
2012.05.23 12:19:05.456,0.76677,0.76718,1.50,2.85
2012.05.23 12:19:05.801,0.76677,0.7671,1.50,2.25
2012.05.23 12:19:06.258,0.76682,0.76718,1.13,1.54
2012.05.23 12:19:06.979,0.76684,0.76721,1.13,3.00
2012.05.23 12:19:07.432,0.7668,0.76718,1.13,2.25
2012.05.23 12:19:07.721,0.7668,0.76715,1.13,3.60
2012.05.23 12:19:08.121,0.76683,0.76719,1.13,2.29
2012.05.23 12:19:08.681,0.76683,0.76715,1.13,2.25
2012.05.23 12:19:08.933,0.76682,0.7672,1.13,3.75
2012.05.23 12:19:09.161,0.76683,0.7672,1.13,3.00
2012.05.23 12:19:09.932,0.76682,0.7672,1.13,3.75
2012.05.23 12:19:10.721,0.76683,0.7672,1.13,3.00
2012.05.23 12:19:10.781,0.76689,0.7672,1.13,2.25
2012.05.23 12:19:11.286,0.76685,0.76723,1.50,2.85
2012.05.23 12:19:11.649,0.76685,0.76723,1.50,2.85
2012.05.23 12:19:11.842,0.76681,0.7672,1.50,2.25
2012.05.23 12:19:12.382,0.76679,0.76717,1.54,3.00
2012.05.23 12:19:13.262,0.7668,0.76717,1.50,2.63
2012.05.23 12:19:14.137,0.7668,0.76717,1.50,2.63
2012.05.23 12:19:14.202,0.76682,0.76717,3.00,2.44
2012.05.23 12:19:14.855,0.76682,0.76721,5.25,2.10
2012.05.23 12:19:14.922,0.76682,0.76718,3.19,1.50
2012.05.23 12:19:14.991,0.76686,0.76718,2.25,1.50
2012.05.23 12:19:15.064,0.76681,0.76717,1.13,3.19
2012.05.23 12:19:15.234,0.76681,0.76717,1.13,2.44
2012.05.23 12:19:15.549,0.76679,0.76718,2.10,2.25
2012.05.23 12:19:15.610,0.76683,0.76719,1.50,1.13
2012.05.23 12:19:16.626,0.76683,0.76721,1.50,1.35
2012.05.23 12:19:16.729,0.76683,0.76721,1.50,1.35
2012.05.23 12:19:16.916,0.76682,0.76719,3.19,1.50
2012.05.23 12:19:19.397,0.76681,0.76716,1.50,1.13
2012.05.23 12:19:20.963,0.76681,0.76719,1.50,1.50
2012.05.23 12:19:21.493,0.76682,0.76719,1.50,1.13
2012.05.23 12:19:22.343,0.76682,0.76721,1.50,2.85
2012.05.23 12:19:22.412,0.76686,0.76721,1.13,1.35
2012.05.23 12:19:23.846,0.76687,0.76723,1.13,3.04
2012.05.23 12:19:24.838,0.76685,0.76723,1.50,3.23
2012.05.23 12:19:27.691,0.76685,0.76723,1.50,3.60
2012.05.23 12:19:29.342,0.76683,0.76721,1.13,2.85
2012.05.23 12:19:31.254,0.76682,0.76718,1.13,1.50
2012.05.23 12:19:31.323,0.76681,0.76718,3.19,1.13
2012.05.23 12:19:31.915,0.76681,0.7672,3.19,2.25
2012.05.23 12:19:33.821,0.76681,0.76721,3.19,2.85
2012.05.23 12:19:34.175,0.76681,0.76719,3.19,1.13
2012.05.23 12:19:34.433,0.76681,0.76721,3.19,2.85
2012.05.23 12:19:34.927,0.76684,0.76721,1.13,1.35
2012.05.23 12:19:35.210,0.76687,0.76724,1.13,1.50
2012.05.23 12:19:35.486,0.76683,0.7672,1.73,1.50
2012.05.23 12:19:35.550,0.76683,0.76723,1.73,3.00
2012.05.23 12:19:35.891,0.76683,0.76723,1.73,2.25
2012.05.23 12:19:35.951,0.76688,0.76727,1.13,3.00
2012.05.23 12:19:37.204,0.76688,0.76725,1.13,1.50
2012.05.23 12:19:38.148,0.76688,0.76725,1.50,1.13
2012.05.23 12:19:39.333,0.76687,0.76725,1.13,3.75
2012.05.23 12:19:39.952,0.76684,0.76725,2.25,3.75
2012.05.23 12:19:40.020,0.76683,0.7672,1.35,1.13
2012.05.23 12:19:40.162,0.76683,0.76719,2.10,2.44
2012.05.23 12:19:40.440,0.76683,0.76722,1.50,2.48
2012.05.23 12:19:41.315,0.76683,0.76722,1.50,2.48
2012.05.23 12:19:42.087,0.76688,0.76719,1.50,2.85
2012.05.23 12:19:42.416,0.76684,0.76721,1.13,1.35
2012.05.23 12:19:44.984,0.76686,0.76723,1.54,1.50
2012.05.23 12:19:46.140,0.76686,0.76722,1.54,3.00
2012.05.23 12:19:47.414,0.76686,0.76722,1.54,3.00
2012.05.23 12:19:47.694,0.76686,0.76724,1.73,2.25
2012.05.23 12:19:49.382,0.76686,0.76722,1.54,2.25
2012.05.23 12:19:49.450,0.76686,0.76724,1.54,2.25
2012.05.23 12:19:49.625,0.76686,0.76723,1.54,1.50
2012.05.23 12:19:50.002,0.76681,0.76719,3.19,2.25
2012.05.23 12:19:50.271,0.7668,0.76714,1.50,2.44
2012.05.23 12:19:50.827,0.76679,0.76714,1.54,3.00
2012.05.23 12:19:51.216,0.76677,0.76714,1.13,3.00
2012.05.23 12:19:51.369,0.76682,0.76719,3.19,2.48
2012.05.23 12:19:51.653,0.76682,0.76718,3.19,1.73
2012.05.23 12:19:55.201,0.76679,0.76718,1.50,1.13
2012.05.23 12:19:56.504,0.76679,0.7672,1.50,2.25
2012.05.23 12:19:57.861,0.7668,0.76721,1.50,2.25
2012.05.23 12:19:59.395,0.76684,0.76722,1.50,3.00
2012.05.23 12:19:59.521,0.76684,0.76722,1.50,3.00
2012.05.23 12:20:00.505,0.76687,0.76724,1.13,3.00
2012.05.23 12:20:00.575,0.76687,0.76724,1.13,3.00
2012.05.23 12:20:01.395,0.76687,0.76724,1.13,3.00
2012.05.23 12:20:01.666,0.76686,0.76724,1.13,3.75
2012.05.23 12:20:02.170,0.76687,0.76724,1.13,3.00
2012.05.23 12:20:02.487,0.7669,0.76724,1.13,2.44
2012.05.23 12:20:02.696,0.7669,0.76725,1.13,1.50
2012.05.23 12:20:03.970,0.76687,0.76723,1.50,1.73
2012.05.23 12:20:04.163,0.76683,0.7672,1.54,2.25
2012.05.23 12:20:04.233,0.76681,0.76717,1.73,1.50
2012.05.23 12:20:04.682,0.76682,0.76715,1.13,2.44
2012.05.23 12:20:04.916,0.76681,0.76714,1.13,2.29
2012.05.23 12:20:04.981,0.76676,0.76714,1.50,2.48
2012.05.23 12:20:05.722,0.76674,0.76712,1.13,1.35
2012.05.23 12:20:06.047,0.76674,0.7671,1.13,2.44
2012.05.23 12:20:06.710,0.76675,0.76713,1.50,1.13
2012.05.23 12:20:09.863,0.76678,0.76713,1.13,1.50
2012.05.23 12:20:09.965,0.76678,0.76714,1.13,3.00
2012.05.23 12:20:11.252,0.76679,0.76717,1.13,1.35
2012.05.23 12:20:14.151,0.76679,0.76715,1.13,2.44
2012.05.23 12:20:14.274,0.76677,0.76715,1.50,3.00
2012.05.23 12:20:15.372,0.76676,0.76715,1.50,4.50
2012.05.23 12:20:16.903,0.76678,0.76715,1.50,2.63
2012.05.23 12:20:17.159,0.76678,0.76717,1.50,2.85
2012.05.23 12:20:18.212,0.76678,0.76717,1.50,2.85
2012.05.23 12:20:18.282,0.76676,0.76714,1.50,3.00
2012.05.23 12:20:20.096,0.76676,0.76714,1.50,3.00
2012.05.23 12:20:20.371,0.76676,0.76714,1.50,3.00
2012.05.23 12:20:20.633,0.76676,0.76714,1.50,3.00
2012.05.23 12:20:21.685,0.76676,0.76714,1.50,3.00
2012.05.23 12:20:22.027,0.76681,0.76714,1.13,2.44
2012.05.23 12:20:22.151,0.76676,0.76708,3.00,3.00
2012.05.23 12:20:22.590,0.76672,0.76709,1.13,1.35
2012.05.23 12:20:22.841,0.76677,0.76713,1.50,3.04
2012.05.23 12:20:23.063,0.76671,0.76709,1.50,2.10
2012.05.23 12:20:23.714,0.76671,0.76705,1.50,3.19
2012.05.23 12:20:24.111,0.7667,0.76705,1.13,1.50
2012.05.23 12:20:24.812,0.76665,0.76703,1.13,1.50
2012.05.23 12:20:25.190,0.76665,0.76702,1.13,1.35
2012.05.23 12:20:26.036,0.76665,0.76702,1.13,1.35
2012.05.23 12:20:26.102,0.76667,0.76704,1.50,1.73
2012.05.23 12:20:26.196,0.76667,0.76705,1.50,2.85
2012.05.23 12:20:26.461,0.76669,0.76703,1.54,1.13
2012.05.23 12:20:26.701,0.76669,0.76706,1.54,2.25
2012.05.23 12:20:26.974,0.7667,0.76706,1.50,2.63
2012.05.23 12:20:27.456,0.7667,0.76706,1.50,2.63
2012.05.23 12:20:27.630,0.7667,0.76709,1.50,2.25
2012.05.23 12:20:28.002,0.76674,0.76711,1.13,3.00
2012.05.23 12:20:28.212,0.76668,0.76709,1.50,2.25
2012.05.23 12:20:28.281,0.76668,0.76708,1.50,1.50
2012.05.23 12:20:28.464,0.76668,0.76709,1.50,2.25
2012.05.23 12:20:28.531,0.76668,0.76709,1.50,3.00
2012.05.23 12:20:29.168,0.76666,0.76704,1.13,2.25
2012.05.23 12:20:29.704,0.76665,0.76706,3.75,2.25
2012.05.23 12:20:31.206,0.76665,0.76706,1.50,2.25
2012.05.23 12:20:31.273,0.7667,0.76707,1.13,3.00
2012.05.23 12:20:31.341,0.7667,0.76707,1.13,3.00
2012.05.23 12:20:32.960,0.7667,0.76704,1.13,2.44
2012.05.23 12:20:33.766,0.76666,0.76704,1.13,4.50
2012.05.23 12:20:33.830,0.76668,0.76704,1.13,2.44
2012.05.23 12:20:33.914,0.76668,0.76704,1.13,2.44
2012.05.23 12:20:34.892,0.76668,0.76708,1.13,4.50
2012.05.23 12:20:35.232,0.76672,0.76705,1.35,3.00
2012.05.23 12:20:35.675,0.76672,0.76711,2.10,2.25
2012.05.23 12:20:36.512,0.76672,0.76708,1.54,2.25
2012.05.23 12:20:37.064,0.76673,0.7671,3.19,2.25
2012.05.23 12:20:37.322,0.76674,0.76713,1.50,5.25
2012.05.23 12:20:37.861,0.76674,0.76712,1.50,3.00
2012.05.23 12:20:38.272,0.76672,0.76709,3.79,2.25
2012.05.23 12:20:39.264,0.76677,0.76711,1.13,2.44
2012.05.23 12:20:39.378,0.76677,0.7671,1.13,2.29
2012.05.23 12:20:39.651,0.76669,0.76703,1.13,2.44
2012.05.23 12:20:39.862,0.76672,0.7671,2.10,1.50
2012.05.23 12:20:40.234,0.76672,0.76706,1.35,4.50
2012.05.23 12:20:41.185,0.76668,0.76706,1.13,5.10
2012.05.23 12:20:41.473,0.76671,0.76706,1.50,3.23
2012.05.23 12:20:42.214,0.76673,0.76709,1.54,1.50
2012.05.23 12:20:44.642,0.76673,0.7671,1.54,4.50
2012.05.23 12:20:45.915,0.76673,0.76708,1.54,1.13
2012.05.23 12:20:46.251,0.76668,0.76706,1.13,1.35
2012.05.23 12:20:47.941,0.76668,0.76705,1.13,1.50
2012.05.23 12:20:48.371,0.76666,0.76705,1.73,1.50
2012.05.23 12:20:48.447,0.76668,0.76705,1.13,1.50
2012.05.23 12:20:48.883,0.76668,0.76706,1.13,3.60
2012.05.23 12:20:49.391,0.76667,0.76706,1.54,5.10
2012.05.23 12:20:49.449,0.76667,0.76706,1.54,5.10
2012.05.23 12:20:49.692,0.76666,0.76701,1.73,2.44
2012.05.23 12:20:50.647,0.76666,0.76701,1.13,2.44
2012.05.23 12:20:51.161,0.76662,0.76698,1.50,2.44
2012.05.23 12:20:51.238,0.7667,0.76708,1.50,1.35
2012.05.23 12:20:51.303,0.7667,0.76705,1.50,1.13
2012.05.23 12:20:51.812,0.76672,0.76709,3.60,1.13
2012.05.23 12:20:51.905,0.76675,0.76711,1.54,2.63
2012.05.23 12:20:53.394,0.76672,0.76711,1.50,3.23
2012.05.23 12:20:53.654,0.76672,0.76709,1.50,3.38
2012.05.23 12:20:53.723,0.76676,0.76709,1.50,3.00
2012.05.23 12:20:54.257,0.76673,0.76712,1.50,3.23
2012.05.23 12:20:54.446,0.76671,0.7671,1.50,1.73
2012.05.23 12:20:54.511,0.76669,0.76705,1.54,1.13
2012.05.23 12:20:54.571,0.76668,0.76704,3.75,1.54
2012.05.23 12:20:54.943,0.76663,0.76697,1.50,2.44
2012.05.23 12:20:55.756,0.76663,0.76697,1.50,2.44
2012.05.23 12:21:00.502,0.76663,0.76697,1.13,2.44
2012.05.23 12:21:01.753,0.76663,0.76697,1.13,2.44
2012.05.23 12:21:02.594,0.76663,0.76697,1.13,2.44
2012.05.23 12:21:03.182,0.76663,0.76697,1.13,2.44
2012.05.23 12:21:04.842,0.76668,0.76704,1.54,3.38
2012.05.23 12:21:06.130,0.76668,0.76698,1.54,2.25
2012.05.23 12:21:07.076,0.76668,0.76698,1.54,2.44
2012.05.23 12:21:08.470,0.76668,0.76698,1.35,2.63
2012.05.23 12:21:10.773,0.76668,0.76698,1.35,2.63
2012.05.23 12:21:14.012,0.76665,0.76698,1.50,2.25
2012.05.23 12:21:14.079,0.76665,0.76703,1.50,3.23
2012.05.23 12:21:14.200,0.76668,0.76703,1.54,2.63
2012.05.23 12:21:14.733,0.7667,0.76703,1.13,2.44
2012.05.23 12:21:15.911,0.76672,0.76709,1.50,3.98
2012.05.23 12:21:16.173,0.76676,0.76709,1.13,3.60
2012.05.23 12:21:16.241,0.76677,0.76709,1.13,2.25
2012.05.23 12:21:16.637,0.76677,0.76713,1.13,2.44
2012.05.23 12:21:16.892,0.76677,0.76713,1.13,2.44
2012.05.23 12:21:16.959,0.76681,0.76713,1.13,2.44
2012.05.23 12:21:17.394,0.76675,0.76713,1.54,2.63
2012.05.23 12:21:17.652,0.76675,0.76711,1.54,1.13
2012.05.23 12:21:18.857,0.76674,0.76708,1.50,2.25
2012.05.23 12:21:19.520,0.76674,0.76708,1.50,2.44
2012.05.23 12:21:20.093,0.76671,0.76708,3.00,3.19
2012.05.23 12:21:21.400,0.76671,0.76708,3.00,2.44
2012.05.23 12:21:23.126,0.76673,0.76709,1.35,1.13
2012.05.23 12:21:23.262,0.76672,0.76704,1.35,1.13
2012.05.23 12:21:23.761,0.76667,0.767,2.10,2.25
2012.05.23 12:21:25.648,0.76667,0.767,1.54,3.00
2012.05.23 12:21:25.783,0.76669,0.76705,1.13,3.19
2012.05.23 12:21:26.812,0.76669,0.767,1.13,2.25
2012.05.23 12:21:27.453,0.76669,0.76705,1.13,3.19
2012.05.23 12:21:27.522,0.76669,0.76705,1.13,2.44
2012.05.23 12:21:28.929,0.7667,0.76705,1.50,2.63
2012.05.23 12:21:29.651,0.7667,0.76705,1.50,2.63
2012.05.23 12:21:30.161,0.76675,0.76705,1.13,2.25
2012.05.23 12:21:30.235,0.76675,0.76705,1.13,2.25
2012.05.23 12:21:30.300,0.76675,0.76705,1.13,2.25
2012.05.23 12:21:31.193,0.76675,0.7671,1.13,1.35
2012.05.23 12:21:31.585,0.76674,0.76712,1.50,2.48
2012.05.23 12:21:31.962,0.76677,0.76713,1.54,3.38
2012.05.23 12:21:32.196,0.76677,0.76711,1.54,1.13
2012.05.23 12:21:33.436,0.76676,0.76714,1.73,1.50
2012.05.23 12:21:34.127,0.76677,0.76716,1.73,3.00
2012.05.23 12:21:35.085,0.76677,0.76712,1.54,3.00
2012.05.23 12:21:35.611,0.76676,0.7671,1.54,1.50
2012.05.23 12:21:36.107,0.76676,0.76712,1.54,3.38
2012.05.23 12:21:36.394,0.76675,0.76712,1.50,3.23
2012.05.23 12:21:36.867,0.76682,0.76712,3.00,2.85
2012.05.23 12:21:37.062,0.76682,0.76721,2.25,1.50
2012.05.23 12:21:39.730,0.76685,0.76724,1.50,5.25
2012.05.23 12:21:40.540,0.76686,0.76724,3.00,3.00
2012.05.23 12:21:41.599,0.7669,0.76729,1.35,1.13
2012.05.23 12:21:42.912,0.76687,0.76728,2.48,1.50
2012.05.23 12:21:44.730,0.76687,0.76724,2.29,3.38
2012.05.23 12:21:44.992,0.76683,0.76724,1.50,3.38
2012.05.23 12:21:47.220,0.76681,0.76722,3.75,1.13
2012.05.23 12:21:47.930,0.76681,0.76722,3.75,1.13
2012.05.23 12:21:48.701,0.76684,0.7672,1.13,3.19
2012.05.23 12:21:49.435,0.76682,0.7672,1.13,3.19
2012.05.23 12:21:51.980,0.76678,0.76717,3.60,1.54
2012.05.23 12:21:53.803,0.76677,0.76717,1.73,3.79
2012.05.23 12:21:54.424,0.76679,0.76717,1.13,3.04
2012.05.23 12:21:56.475,0.76676,0.76717,1.50,3.79
2012.05.23 12:21:56.964,0.76676,0.76717,1.50,3.79
2012.05.23 12:21:57.992,0.76676,0.76713,1.13,3.19
2012.05.23 12:21:59.523,0.76676,0.76713,1.50,3.19
2012.05.23 12:22:01.072,0.76676,0.76713,1.50,3.00
2012.05.23 12:22:02.442,0.76677,0.76713,1.13,3.00
2012.05.23 12:22:02.629,0.76677,0.76712,1.13,2.10
2012.05.23 12:22:02.873,0.76674,0.76709,1.50,3.60
2012.05.23 12:22:03.653,0.76674,0.76709,1.35,3.00
2012.05.23 12:22:05.083,0.76674,0.76709,2.10,3.00
2012.05.23 12:22:05.213,0.76674,0.76709,1.35,3.00
2012.05.23 12:22:05.423,0.76674,0.76709,2.10,3.00
2012.05.23 12:22:06.902,0.76674,0.76709,1.54,3.38
2012.05.23 12:22:07.231,0.76675,0.76703,1.50,2.25
2012.05.23 12:22:07.389,0.76675,0.76708,1.50,2.85
2012.05.23 12:22:07.450,0.76675,0.76708,1.50,2.25
2012.05.23 12:22:09.151,0.76674,0.76708,1.54,3.00
2012.05.23 12:22:09.703,0.76674,0.76708,1.54,2.25
2012.05.23 12:22:09.932,0.76677,0.76712,1.50,2.44
2012.05.23 12:22:10.914,0.76676,0.76712,1.50,3.19
2012.05.23 12:22:11.411,0.7668,0.76709,2.25,3.00
2012.05.23 12:22:11.529,0.76681,0.76716,1.50,1.35
2012.05.23 12:22:11.903,0.76683,0.76718,1.50,1.54
2012.05.23 12:22:12.073,0.76687,0.76718,1.50,1.35
2012.05.23 12:22:13.483,0.76687,0.76719,1.50,3.00
2012.05.23 12:22:15.499,0.76687,0.76719,1.50,2.25
2012.05.23 12:22:16.204,0.76684,0.76719,1.50,3.19
2012.05.23 12:22:16.751,0.76681,0.76718,3.00,1.35
2012.05.23 12:22:16.983,0.76686,0.76719,1.50,3.60
2012.05.23 12:22:17.175,0.76685,0.76718,2.25,1.35
2012.05.23 12:22:17.574,0.76682,0.76718,1.50,1.35
2012.05.23 12:22:18.071,0.76679,0.76716,2.10,3.19
2012.05.23 12:22:19.383,0.76679,0.76716,1.35,3.19
2012.05.23 12:22:19.452,0.76677,0.76711,1.13,1.54
2012.05.23 12:22:20.237,0.76677,0.76711,1.13,3.04
2012.05.23 12:22:22.195,0.76677,0.76711,1.13,2.25
2012.05.23 12:22:22.455,0.76677,0.76711,1.13,2.25
2012.05.23 12:22:23.272,0.76681,0.76711,1.13,2.25
2012.05.23 12:22:25.144,0.76677,0.76711,1.50,2.25
2012.05.23 12:22:27.673,0.76681,0.76711,2.25,2.25
2012.05.23 12:22:27.861,0.76685,0.76719,1.13,1.35
2012.05.23 12:22:28.224,0.76681,0.76719,1.50,1.73
2012.05.23 12:22:28.600,0.76682,0.76718,1.54,1.13
2012.05.23 12:22:28.932,0.76682,0.76719,1.54,2.63
2012.05.23 12:22:29.128,0.76681,0.76719,2.10,3.38
2012.05.23 12:22:29.646,0.76682,0.76719,1.54,2.63
2012.05.23 12:22:29.691,0.7669,0.76719,1.50,2.25
2012.05.23 12:22:29.825,0.7669,0.76724,1.50,2.85
2012.05.23 12:22:29.951,0.7669,0.76728,1.50,1.54
2012.05.23 12:22:30.382,0.76692,0.76727,1.13,2.25
2012.05.23 12:22:30.978,0.76695,0.76728,2.25,1.35
2012.05.23 12:22:31.344,0.76696,0.76733,1.50,2.44
2012.05.23 12:22:31.478,0.76695,0.76733,2.25,3.19
2012.05.23 12:22:32.373,0.76693,0.76734,2.25,1.50
2012.05.23 12:22:32.636,0.76687,0.76727,2.10,1.73
2012.05.23 12:22:32.886,0.76687,0.76727,1.35,1.73
2012.05.23 12:22:33.173,0.76687,0.76727,1.35,1.73
2012.05.23 12:22:33.242,0.76686,0.76724,1.73,1.50
2012.05.23 12:22:34.612,0.76688,0.76722,1.54,2.44
2012.05.23 12:22:34.714,0.7669,0.76722,1.13,2.25
2012.05.23 12:22:35.116,0.76691,0.76727,1.13,3.19
2012.05.23 12:22:35.654,0.76686,0.76725,2.10,1.13
2012.05.23 12:22:36.989,0.76686,0.76722,1.13,2.44
2012.05.23 12:22:38.896,0.76686,0.76722,1.13,3.19
2012.05.23 12:22:39.232,0.76681,0.7672,1.50,3.19
2012.05.23 12:22:39.593,0.7668,0.76715,1.54,3.00
2012.05.23 12:22:40.182,0.7668,0.76715,1.54,2.25
2012.05.23 12:22:40.533,0.76682,0.76723,1.50,2.63
2012.05.23 12:22:40.622,0.76682,0.76721,1.50,1.13
2012.05.23 12:22:40.697,0.76682,0.76723,1.50,2.63
2012.05.23 12:22:41.033,0.76687,0.76723,2.10,2.44
2012.05.23 12:22:41.355,0.76687,0.76723,2.10,3.19
2012.05.23 12:22:41.586,0.76687,0.76719,1.35,1.13
2012.05.23 12:22:41.752,0.76689,0.76723,2.10,4.50
2012.05.23 12:22:42.022,0.76677,0.76715,1.50,1.13
2012.05.23 12:22:44.994,0.76677,0.76716,1.13,2.10
2012.05.23 12:22:45.374,0.76677,0.76709,1.13,2.25
2012.05.23 12:22:46.093,0.76672,0.76709,1.50,3.00
2012.05.23 12:22:46.665,0.76672,0.76709,1.13,3.75
2012.05.23 12:22:46.984,0.76673,0.76708,2.25,1.35
2012.05.23 12:22:47.360,0.76677,0.76713,1.13,3.19
2012.05.23 12:22:48.866,0.76677,0.76713,1.13,2.44
2012.05.23 12:22:49.012,0.76678,0.76713,1.13,2.44
2012.05.23 12:22:49.430,0.76678,0.76715,1.13,2.44
2012.05.23 12:22:49.491,0.76682,0.7672,1.13,2.44
2012.05.23 12:22:49.877,0.76682,0.7672,1.13,3.19
2012.05.23 12:22:49.942,0.76687,0.7672,1.13,2.25
2012.05.23 12:22:50.086,0.76687,0.76725,1.13,2.29
2012.05.23 12:22:50.224,0.76686,0.76724,1.13,1.54
2012.05.23 12:22:50.672,0.76686,0.76723,1.50,2.25
2012.05.23 12:22:52.415,0.76688,0.76723,2.25,2.25
2012.05.23 12:22:52.541,0.76691,0.7673,1.50,3.38
2012.05.23 12:22:55.355,0.76691,0.7673,3.60,3.38
2012.05.23 12:22:55.992,0.76691,0.76727,3.60,2.25
2012.05.23 12:22:56.702,0.76691,0.76727,3.23,2.44
2012.05.23 12:22:57.430,0.76693,0.76727,1.35,2.63
2012.05.23 12:22:57.490,0.76693,0.76727,1.54,2.44
2012.05.23 12:22:59.461,0.76692,0.76728,1.54,1.13
2012.05.23 12:22:59.682,0.76693,0.76728,1.54,1.13
2012.05.23 12:23:00.892,0.76693,0.7673,1.54,2.63
2012.05.23 12:23:01.050,0.76701,0.76736,1.54,1.13
2012.05.23 12:23:03.303,0.76701,0.76737,1.54,1.50
2012.05.23 12:23:04.734,0.76701,0.76734,1.35,1.13
2012.05.23 12:23:06.402,0.76698,0.76731,2.29,3.19
2012.05.23 12:23:06.495,0.76695,0.76731,1.50,3.19
2012.05.23 12:23:06.973,0.76695,0.76731,1.13,3.19
2012.05.23 12:23:12.712,0.76695,0.76731,1.50,3.19
2012.05.23 12:23:14.054,0.76695,0.76731,1.50,2.44
2012.05.23 12:23:14.164,0.76695,0.76731,1.50,3.19
2012.05.23 12:23:15.155,0.76695,0.76731,1.13,3.19
2012.05.23 12:23:15.220,0.76695,0.76731,1.13,2.44
2012.05.23 12:23:15.584,0.76699,0.76734,1.13,1.54
2012.05.23 12:23:15.652,0.76696,0.76733,1.50,1.54
2012.05.23 12:23:15.722,0.76696,0.76734,1.50,1.54
2012.05.23 12:23:16.054,0.76694,0.76732,1.73,2.44
2012.05.23 12:23:17.045,0.7669,0.76732,1.50,3.00
2012.05.23 12:23:18.772,0.76695,0.76729,1.13,2.44
2012.05.23 12:23:19.191,0.76688,0.76731,3.75,2.25
2012.05.23 12:23:19.252,0.76688,0.76727,1.50,2.63
2012.05.23 12:23:19.441,0.76688,0.76727,1.50,2.63
2012.05.23 12:23:19.642,0.76688,0.76727,1.50,2.63
2012.05.23 12:23:20.853,0.76688,0.76724,1.50,2.25
2012.05.23 12:23:22.413,0.76686,0.76724,1.50,3.19
2012.05.23 12:23:24.895,0.76688,0.76724,1.13,2.44
2012.05.23 12:23:24.961,0.76688,0.76724,1.13,3.19
2012.05.23 12:23:25.476,0.76689,0.76726,1.54,2.44
2012.05.23 12:23:27.633,0.76689,0.76726,1.54,3.19
2012.05.23 12:23:27.701,0.76689,0.76726,1.73,3.75
2012.05.23 12:23:30.732,0.76686,0.76723,1.50,2.44
2012.05.23 12:23:33.653,0.76686,0.76723,1.13,3.19
2012.05.23 12:23:35.086,0.76688,0.76723,1.13,2.44
2012.05.23 12:23:36.893,0.76687,0.76723,1.13,2.44
2012.05.23 12:23:42.653,0.76685,0.76723,1.13,3.19
2012.05.23 12:23:43.103,0.76685,0.76723,1.13,2.44
2012.05.23 12:23:43.855,0.76683,0.76722,1.54,2.25
2012.05.23 12:23:43.920,0.76683,0.76719,1.54,1.50
2012.05.23 12:23:44.682,0.76681,0.76716,1.13,3.19
2012.05.23 12:23:45.389,0.7668,0.76716,1.13,3.19
2012.05.23 12:23:46.186,0.7668,0.76716,1.13,2.44
2012.05.23 12:23:47.481,0.76679,0.76713,1.35,1.50
2012.05.23 12:23:47.761,0.76679,0.76716,1.54,2.63
2012.05.23 12:23:48.871,0.76679,0.76712,1.54,2.25
2012.05.23 12:23:48.934,0.76679,0.76712,1.54,2.25
2012.05.23 12:23:49.844,0.76679,0.76716,1.54,3.38
2012.05.23 12:23:50.250,0.76677,0.76716,1.50,3.23
2012.05.23 12:23:51.131,0.76677,0.76714,1.50,1.54
2012.05.23 12:23:51.904,0.76677,0.76716,1.50,3.23
2012.05.23 12:23:52.672,0.76677,0.76716,1.50,3.23
2012.05.23 12:23:53.301,0.76681,0.76716,1.54,2.44
2012.05.23 12:23:54.102,0.76681,0.76716,1.54,2.44
2012.05.23 12:23:54.216,0.76681,0.76716,1.54,2.44
2012.05.23 12:23:56.850,0.76681,0.76716,1.54,2.44
2012.05.23 12:23:57.071,0.76683,0.76716,1.13,2.25
2012.05.23 12:23:57.130,0.76683,0.7672,1.13,1.54
2012.05.23 12:23:57.564,0.76683,0.76721,1.13,3.04
2012.05.23 12:23:57.631,0.76683,0.7672,1.13,1.54
2012.05.23 12:23:57.727,0.76687,0.7672,1.13,1.54
2012.05.23 12:23:58.453,0.76687,0.76721,1.13,2.44
2012.05.23 12:23:59.802,0.76682,0.7672,1.50,1.54
2012.05.23 12:23:59.968,0.7668,0.76718,1.13,3.00
2012.05.23 12:24:00.267,0.76681,0.76719,1.50,1.13
2012.05.23 12:24:02.270,0.76683,0.7672,1.13,3.79
2012.05.23 12:24:03.365,0.76683,0.76718,1.13,1.50
2012.05.23 12:24:04.187,0.76684,0.76719,1.54,1.50
2012.05.23 12:24:04.792,0.76684,0.76719,1.35,1.50
2012.05.23 12:24:04.890,0.76681,0.76717,3.04,1.50
2012.05.23 12:24:04.950,0.7668,0.76717,1.13,1.50
2012.05.23 12:24:05.782,0.76676,0.76714,2.10,1.13
2012.05.23 12:24:09.620,0.76676,0.76716,2.10,3.00
2012.05.23 12:24:09.952,0.76676,0.76711,1.50,2.44
2012.05.23 12:24:11.172,0.76676,0.76711,1.50,2.63
2012.05.23 12:24:14.182,0.76675,0.76711,1.54,2.63
2012.05.23 12:24:16.457,0.76675,0.76711,1.54,2.63
2012.05.23 12:24:18.643,0.76675,0.76711,1.54,2.63
2012.05.23 12:24:19.207,0.76675,0.76711,1.54,2.63
2012.05.23 12:24:19.271,0.76675,0.76711,1.54,3.00
2012.05.23 12:24:20.083,0.76675,0.76705,1.35,2.44
2012.05.23 12:24:20.401,0.76675,0.76705,1.35,2.44
2012.05.23 12:24:20.779,0.76671,0.767,1.13,2.25
2012.05.23 12:24:20.902,0.76666,0.767,1.50,2.25
2012.05.23 12:24:20.971,0.76666,0.767,1.50,2.25
2012.05.23 12:24:21.424,0.76672,0.76709,1.13,3.00
2012.05.23 12:24:23.957,0.76671,0.76709,1.13,4.50
2012.05.23 12:24:26.615,0.7667,0.76705,1.50,2.44
2012.05.23 12:24:26.735,0.7667,0.76705,1.50,2.44
2012.05.23 12:24:27.666,0.7667,0.76709,1.50,3.38
2012.05.23 12:24:29.632,0.7667,0.76708,1.50,2.48
2012.05.23 12:24:29.961,0.76671,0.76704,1.13,2.44
2012.05.23 12:24:32.312,0.76672,0.76708,1.13,4.54
2012.05.23 12:24:32.393,0.76671,0.76706,1.13,1.54
2012.05.23 12:24:32.582,0.76667,0.767,1.73,2.44
2012.05.23 12:24:32.981,0.76672,0.76708,1.13,2.29
2012.05.23 12:24:33.761,0.76671,0.76708,1.13,2.29
2012.05.23 12:24:34.371,0.76672,0.76704,1.13,2.25
2012.05.23 12:24:34.504,0.76672,0.76704,1.13,2.25
2012.05.23 12:24:34.572,0.76672,0.76704,1.13,2.25
2012.05.23 12:24:34.883,0.76672,0.76704,1.13,2.25
2012.05.23 12:24:34.956,0.76672,0.76704,3.00,2.25
2012.05.23 12:24:35.079,0.76672,0.76708,3.00,3.04
2012.05.23 12:24:35.141,0.76672,0.76709,3.00,3.19
2012.05.23 12:24:35.834,0.76675,0.76706,1.50,2.25
2012.05.23 12:24:35.962,0.76669,0.76706,1.54,2.63
2012.05.23 12:24:37.160,0.76669,0.76704,1.54,1.13
2012.05.23 12:24:37.526,0.76669,0.76706,1.54,2.63
2012.05.23 12:24:38.551,0.76669,0.76704,1.54,1.50
2012.05.23 12:24:39.391,0.76669,0.76706,1.54,3.00
2012.05.23 12:24:39.763,0.76669,0.76704,1.54,1.50
2012.05.23 12:24:40.210,0.7667,0.76708,1.13,2.25
2012.05.23 12:24:41.253,0.76665,0.76705,1.50,1.35
2012.05.23 12:24:41.842,0.76666,0.76702,1.13,3.00
2012.05.23 12:24:41.917,0.76666,0.76704,1.13,2.85
2012.05.23 12:24:41.980,0.76666,0.76704,1.73,2.25
2012.05.23 12:24:42.260,0.76672,0.76709,1.13,3.75
2012.05.23 12:24:43.280,0.76668,0.76708,1.13,2.25
2012.05.23 12:24:43.818,0.7667,0.76708,3.19,3.00
2012.05.23 12:24:44.013,0.76671,0.76708,1.13,1.50
2012.05.23 12:24:44.238,0.76676,0.76711,1.13,1.50
2012.05.23 12:24:44.442,0.76676,0.76713,1.13,3.75
2012.05.23 12:24:46.103,0.76674,0.76711,1.54,2.25
2012.05.23 12:24:49.073,0.76674,0.76711,1.54,2.25
2012.05.23 12:24:49.415,0.76672,0.76708,1.50,1.13
2012.05.23 12:24:52.151,0.76672,0.76711,1.50,2.85
2012.05.23 12:24:52.262,0.76676,0.76711,1.13,1.35
2012.05.23 12:24:52.372,0.76676,0.76711,1.13,2.10
2012.05.23 12:24:58.385,0.76676,0.76711,1.13,1.35
2012.05.23 12:24:59.202,0.76675,0.76713,1.50,3.98
2012.05.23 12:24:59.585,0.76677,0.76713,1.13,3.19
2012.05.23 12:25:00.628,0.76677,0.76711,3.23,3.19
2012.05.23 12:25:00.753,0.76677,0.76706,1.13,2.25
2012.05.23 12:25:01.432,0.76673,0.76706,1.50,2.25
2012.05.23 12:25:02.768,0.76672,0.76706,1.13,2.44
2012.05.23 12:25:03.375,0.76672,0.76706,1.13,2.44
2012.05.23 12:25:06.686,0.76672,0.76709,1.13,1.50
2012.05.23 12:25:07.054,0.76669,0.76706,1.13,3.00
2012.05.23 12:25:07.120,0.76669,0.76704,1.13,1.50
2012.05.23 12:25:10.125,0.76668,0.767,1.50,2.25
2012.05.23 12:25:11.521,0.76668,0.76704,1.50,1.73
2012.05.23 12:25:11.774,0.76663,0.76702,1.50,2.25
2012.05.23 12:25:12.101,0.76663,0.76698,1.50,2.63
2012.05.23 12:25:12.364,0.76663,0.76702,1.50,2.25
2012.05.23 12:25:12.570,0.76665,0.76703,1.13,3.60
2012.05.23 12:25:12.653,0.76668,0.76703,1.13,3.23
2012.05.23 12:25:12.721,0.76668,0.76703,1.13,3.23
2012.05.23 12:25:12.924,0.76668,0.76703,1.13,2.63
2012.05.23 12:25:14.392,0.76666,0.76703,1.50,2.63
2012.05.23 12:25:15.528,0.76666,0.76703,1.13,3.00
2012.05.23 12:25:16.371,0.76667,0.76703,1.13,3.00
2012.05.23 12:25:16.637,0.76669,0.76703,1.13,2.25
2012.05.23 12:25:18.164,0.76667,0.76703,1.13,2.44
2012.05.23 12:25:18.697,0.76667,0.76703,1.13,2.44
2012.05.23 12:25:20.442,0.76667,0.76704,1.13,1.13
2012.05.23 12:25:20.512,0.76665,0.76703,1.50,1.13
2012.05.23 12:25:24.654,0.76667,0.76704,1.50,3.19
2012.05.23 12:25:25.692,0.76667,0.76704,1.50,2.44
2012.05.23 12:25:26.216,0.76671,0.76704,1.50,2.25
2012.05.23 12:25:31.232,0.76672,0.76704,1.13,3.00
2012.05.23 12:25:31.464,0.76673,0.76704,1.13,2.25
2012.05.23 12:25:31.795,0.76669,0.76706,1.13,2.85
2012.05.23 12:25:31.861,0.76669,0.76704,1.13,2.44
2012.05.23 12:25:32.241,0.76675,0.76709,1.13,3.04
2012.05.23 12:25:34.630,0.76675,0.76709,1.50,1.54
2012.05.23 12:25:35.034,0.76671,0.76709,1.13,2.10
2012.05.23 12:25:35.411,0.76671,0.76707,1.13,3.19
2012.05.23 12:25:35.912,0.76672,0.76705,1.50,2.10
2012.05.23 12:25:37.232,0.7667,0.76703,1.13,1.54
2012.05.23 12:25:40.743,0.76672,0.76703,1.50,1.35
2012.05.23 12:25:41.693,0.76671,0.76708,3.00,2.44
2012.05.23 12:25:44.282,0.76671,0.76708,1.50,2.63
2012.05.23 12:25:44.445,0.76671,0.76708,1.50,3.38
2012.05.23 12:25:44.816,0.76669,0.76703,1.13,3.04
2012.05.23 12:25:44.881,0.76669,0.76703,1.13,3.04
2012.05.23 12:25:45.804,0.76669,0.76703,1.13,3.04
2012.05.23 12:25:46.625,0.76669,0.76703,1.13,3.04
2012.05.23 12:25:47.207,0.7667,0.76707,1.13,1.35
2012.05.23 12:25:47.577,0.76671,0.76708,1.13,3.60
2012.05.23 12:25:48.144,0.76673,0.76708,1.13,1.35
2012.05.23 12:25:48.450,0.76675,0.7671,1.50,4.73
2012.05.23 12:25:48.960,0.76672,0.76708,3.19,1.73
2012.05.23 12:25:49.160,0.7667,0.76707,1.50,2.48
2012.05.23 12:25:49.568,0.7667,0.76703,1.50,2.85
2012.05.23 12:25:49.721,0.7667,0.76703,1.50,3.60
2012.05.23 12:25:50.067,0.7667,0.76703,1.50,2.85
2012.05.23 12:25:50.134,0.7667,0.76703,1.50,2.85
2012.05.23 12:25:50.443,0.76669,0.76703,1.13,3.79
2012.05.23 12:25:53.086,0.76669,0.76703,1.13,3.04
2012.05.23 12:25:53.195,0.7667,0.76703,1.50,3.04
2012.05.23 12:25:54.904,0.76672,0.76707,1.13,2.44
2012.05.23 12:25:55.101,0.76669,0.76703,1.50,3.00
2012.05.23 12:25:56.286,0.76667,0.76703,1.50,3.19
2012.05.23 12:25:57.326,0.76667,0.76703,1.50,5.29
2012.05.23 12:25:57.924,0.76668,0.76703,1.13,5.85
2012.05.23 12:26:00.061,0.76665,0.76703,1.50,5.85
2012.05.23 12:26:00.121,0.76665,0.76699,1.50,2.44
2012.05.23 12:26:01.530,0.76665,0.76703,1.50,5.85
2012.05.23 12:26:01.660,0.76665,0.76703,1.50,5.10
2012.05.23 12:26:01.960,0.76665,0.76703,1.50,5.85
2012.05.23 12:26:02.870,0.76665,0.76703,1.50,5.10
2012.05.23 12:26:03.616,0.76666,0.76703,1.50,4.73
2012.05.23 12:26:05.102,0.76666,0.76703,1.50,5.48
2012.05.23 12:26:05.170,0.76664,0.76702,1.50,1.35
2012.05.23 12:26:05.534,0.76662,0.76696,1.54,2.63
2012.05.23 12:26:05.862,0.76665,0.767,1.13,1.50
2012.05.23 12:26:06.251,0.76665,0.76697,1.13,2.44
2012.05.23 12:26:06.754,0.76669,0.76706,1.54,4.50
2012.05.23 12:26:07.514,0.76667,0.76703,1.73,1.50
2012.05.23 12:26:07.744,0.76663,0.76702,1.50,2.25
2012.05.23 12:26:09.721,0.76659,0.76697,3.38,2.25
2012.05.23 12:26:10.214,0.76659,0.76697,1.13,2.25
2012.05.23 12:26:10.325,0.76661,0.76698,1.50,2.63
2012.05.23 12:26:10.491,0.76661,0.76698,1.50,2.63
2012.05.23 12:26:10.654,0.76661,0.76702,3.75,2.25
2012.05.23 12:26:10.763,0.76665,0.76703,1.50,2.63
2012.05.23 12:26:12.194,0.76662,0.76702,2.25,1.13
2012.05.23 12:26:12.752,0.76665,0.767,1.50,2.44
2012.05.23 12:26:13.213,0.76662,0.767,3.00,3.19
2012.05.23 12:26:13.570,0.76666,0.767,1.50,2.25
2012.05.23 12:26:13.964,0.76666,0.767,1.50,2.44
2012.05.23 12:26:15.482,0.76666,0.767,3.00,2.25
2012.05.23 12:26:16.874,0.76666,0.76706,3.00,3.19
2012.05.23 12:26:17.191,0.76676,0.76706,1.13,2.25
2012.05.23 12:26:17.762,0.76676,0.7671,1.13,2.44
2012.05.23 12:26:18.083,0.76671,0.76706,1.50,3.38
2012.05.23 12:26:19.125,0.76674,0.76706,1.50,2.25
2012.05.23 12:26:19.292,0.76674,0.76711,1.50,3.38
2012.05.23 12:26:20.115,0.76676,0.76711,1.50,2.25
2012.05.23 12:26:20.735,0.76676,0.76714,1.50,3.98
2012.05.23 12:26:20.886,0.76674,0.76711,1.13,1.13
2012.05.23 12:26:20.965,0.76671,0.76711,1.50,1.13
2012.05.23 12:26:21.231,0.76674,0.76708,1.13,2.44
2012.05.23 12:26:21.350,0.76667,0.76707,1.73,2.25
2012.05.23 12:26:21.820,0.76671,0.76702,1.13,2.25
2012.05.23 12:26:21.881,0.76671,0.76708,1.13,1.50
2012.05.23 12:26:24.693,0.76667,0.76708,5.85,1.50
2012.05.23 12:26:24.970,0.76671,0.76709,1.50,3.75
2012.05.23 12:26:25.506,0.76667,0.76704,3.04,1.13
2012.05.23 12:26:25.570,0.76667,0.76707,3.79,2.25
2012.05.23 12:26:25.872,0.76661,0.76695,1.13,2.44
2012.05.23 12:26:26.531,0.76655,0.76694,1.54,2.25
2012.05.23 12:26:26.714,0.7666,0.76695,1.50,2.44
2012.05.23 12:26:27.750,0.7666,0.76695,1.50,2.44
2012.05.23 12:26:28.914,0.76664,0.76695,1.50,2.25
2012.05.23 12:26:29.072,0.76664,0.767,1.50,3.23
2012.05.23 12:26:29.292,0.76664,0.76695,1.50,2.25
2012.05.23 12:26:29.530,0.76664,0.767,1.50,3.23
2012.05.23 12:26:29.735,0.76664,0.76695,1.50,2.25
2012.05.23 12:26:30.109,0.76664,0.767,1.50,3.23
2012.05.23 12:26:30.233,0.76666,0.767,1.50,3.04
2012.05.23 12:26:30.851,0.76666,0.76695,1.50,2.25
2012.05.23 12:26:31.060,0.76666,0.76699,1.50,2.44
2012.05.23 12:26:31.275,0.76666,0.76695,1.50,2.25
2012.05.23 12:26:31.506,0.76666,0.76703,1.50,5.48
2012.05.23 12:26:32.000,0.76666,0.767,1.50,1.54
2012.05.23 12:26:32.961,0.76666,0.76703,1.50,3.98
2012.05.23 12:26:35.076,0.76667,0.76703,1.13,1.54
2012.05.23 12:26:36.151,0.76666,0.767,1.13,1.54
2012.05.23 12:26:36.393,0.76663,0.767,1.50,1.73
2012.05.23 12:26:37.862,0.76659,0.76698,2.10,4.50
2012.05.23 12:26:38.293,0.76662,0.76697,1.50,2.29
2012.05.23 12:26:38.403,0.76662,0.76699,1.50,3.38
2012.05.23 12:26:39.327,0.76661,0.76699,1.50,3.75
2012.05.23 12:26:42.909,0.76661,0.76698,1.50,1.13
2012.05.23 12:26:44.333,0.76661,0.76695,1.50,3.19
2012.05.23 12:26:44.424,0.76658,0.76693,1.54,1.13
2012.05.23 12:26:45.426,0.76661,0.76691,1.50,2.25
2012.05.23 12:26:45.492,0.76661,0.76695,1.50,2.44
2012.05.23 12:26:46.644,0.76662,0.76695,1.50,2.25
2012.05.23 12:26:48.569,0.76663,0.76698,1.50,1.13
2012.05.23 12:26:49.615,0.76662,0.76699,1.50,3.38
2012.05.23 12:26:53.873,0.76664,0.76699,1.13,2.44
2012.05.23 12:26:54.084,0.76664,0.76701,1.13,1.50
2012.05.23 12:26:54.312,0.76664,0.76702,1.13,1.35
2012.05.23 12:26:54.730,0.76664,0.76703,1.50,3.23
2012.05.23 12:26:54.906,0.7667,0.76703,1.50,2.25
2012.05.23 12:26:55.623,0.7667,0.76708,1.50,1.13
2012.05.23 12:26:56.895,0.7667,0.76708,1.13,3.00
2012.05.23 12:26:58.048,0.7667,0.76705,1.13,1.50
2012.05.23 12:26:58.263,0.7667,0.76707,1.13,1.35
2012.05.23 12:26:58.535,0.7667,0.76705,1.13,1.50
2012.05.23 12:26:59.192,0.7667,0.76707,1.13,1.35
2012.05.23 12:27:00.465,0.7667,0.76705,1.13,1.50
2012.05.23 12:27:02.723,0.7667,0.76707,1.13,1.35
2012.05.23 12:27:03.027,0.76671,0.76708,1.13,1.73
2012.05.23 12:27:04.688,0.76677,0.76708,1.50,1.35
2012.05.23 12:27:04.753,0.76679,0.76709,1.50,2.25
2012.05.23 12:27:04.852,0.76679,0.76716,1.50,1.13
2012.05.23 12:27:04.921,0.76678,0.76716,1.35,1.13
2012.05.23 12:27:06.231,0.76669,0.76703,1.50,2.44
2012.05.23 12:27:06.295,0.76669,0.76704,1.50,1.13
2012.05.23 12:27:06.566,0.76669,0.76707,1.50,1.35
2012.05.23 12:27:07.677,0.7667,0.76705,1.50,1.13
2012.05.23 12:27:07.784,0.7667,0.76708,1.50,4.35
2012.05.23 12:27:08.814,0.76673,0.76708,1.13,2.10
2012.05.23 12:27:10.772,0.76673,0.76708,1.50,1.73
2012.05.23 12:27:13.192,0.7667,0.76708,1.50,1.73
2012.05.23 12:27:13.933,0.7667,0.76708,1.50,1.73
2012.05.23 12:27:15.141,0.7667,0.76707,1.50,3.23
2012.05.23 12:27:15.440,0.7667,0.76707,1.13,3.60
2012.05.23 12:27:15.846,0.76672,0.76707,1.50,3.04
2012.05.23 12:27:18.263,0.76675,0.76713,1.50,1.73
2012.05.23 12:27:19.163,0.76673,0.76712,3.00,1.13
2012.05.23 12:27:19.539,0.76673,0.76712,1.50,2.25
2012.05.23 12:27:20.500,0.76676,0.76713,1.13,1.54
2012.05.23 12:27:21.163,0.76677,0.76713,1.50,1.54
2012.05.23 12:27:21.980,0.76679,0.76714,1.50,3.19
2012.05.23 12:27:22.491,0.76677,0.76713,1.50,3.00
2012.05.23 12:27:23.145,0.76676,0.76713,1.50,1.13
2012.05.23 12:27:23.211,0.76676,0.76713,1.50,1.13
2012.05.23 12:27:23.364,0.76676,0.76714,1.50,3.38
2012.05.23 12:27:23.522,0.76676,0.76709,1.50,2.25
2012.05.23 12:27:23.836,0.76671,0.76709,1.50,2.44
2012.05.23 12:27:24.580,0.76671,0.76709,1.50,3.19
2012.05.23 12:27:25.673,0.76672,0.76709,2.25,3.19
2012.05.23 12:27:27.653,0.76671,0.76709,1.50,3.38
2012.05.23 12:27:29.822,0.76672,0.76709,2.25,3.19
2012.05.23 12:27:31.069,0.76676,0.76713,1.13,3.75
2012.05.23 12:27:32.389,0.76673,0.7671,1.50,1.13
2012.05.23 12:27:32.511,0.76672,0.76707,1.50,2.10
2012.05.23 12:27:32.872,0.76669,0.76706,1.13,3.60
2012.05.23 12:27:32.941,0.76669,0.76706,1.73,3.00
2012.05.23 12:27:33.461,0.76669,0.76709,1.73,3.00
2012.05.23 12:27:34.377,0.76666,0.76705,3.00,1.54
2012.05.23 12:27:35.129,0.76667,0.76705,1.50,1.54
2012.05.23 12:27:35.375,0.76671,0.7671,1.13,1.50
2012.05.23 12:27:36.394,0.76672,0.7671,1.13,1.50
2012.05.23 12:27:36.753,0.76672,0.76709,1.13,3.19
2012.05.23 12:27:37.055,0.76669,0.7671,4.50,1.50
2012.05.23 12:27:37.608,0.76666,0.76705,1.50,1.13
2012.05.23 12:27:38.264,0.76671,0.76712,3.00,3.75
2012.05.23 12:27:38.981,0.76673,0.76712,2.25,3.19
2012.05.23 12:27:39.564,0.76673,0.76712,2.25,3.19
2012.05.23 12:27:39.672,0.76676,0.76712,1.50,2.44
2012.05.23 12:27:40.005,0.76673,0.76712,2.25,3.19
2012.05.23 12:27:40.435,0.76676,0.76712,1.50,2.44
2012.05.23 12:27:40.697,0.76675,0.76712,1.13,2.44
2012.05.23 12:27:42.933,0.76671,0.76712,3.00,3.19
2012.05.23 12:27:43.193,0.76671,0.76707,1.50,2.10
2012.05.23 12:27:43.263,0.76669,0.76703,2.25,1.54
2012.05.23 12:27:43.331,0.76665,0.76702,1.13,2.25
2012.05.23 12:27:43.472,0.76665,0.76705,1.73,3.38
2012.05.23 12:27:43.655,0.76668,0.76705,2.25,3.19
2012.05.23 12:27:45.963,0.76666,0.76705,3.00,3.38
2012.05.23 12:27:47.723,0.76666,0.76705,1.13,3.38
2012.05.23 12:27:48.165,0.76665,0.76704,1.54,1.50
2012.05.23 12:27:48.484,0.76657,0.76693,1.13,3.19
2012.05.23 12:27:48.963,0.76657,0.76694,1.50,1.54
2012.05.23 12:27:49.345,0.76658,0.76694,1.13,1.54
2012.05.23 12:27:49.685,0.76659,0.76694,2.25,1.35
2012.05.23 12:27:50.264,0.76663,0.76698,2.25,1.35
2012.05.23 12:27:50.453,0.76663,0.76704,2.25,1.50
2012.05.23 12:27:51.506,0.76665,0.76705,2.25,3.79
2012.05.23 12:27:51.941,0.76665,0.76705,2.25,3.79
2012.05.23 12:27:52.060,0.76661,0.76697,3.00,1.54
2012.05.23 12:27:52.180,0.76662,0.76698,1.50,1.54
2012.05.23 12:27:52.723,0.76662,0.76697,3.00,1.54
2012.05.23 12:27:53.483,0.76657,0.76694,2.44,1.13
2012.05.23 12:27:55.684,0.76656,0.76693,1.13,3.00
2012.05.23 12:27:57.124,0.76656,0.76693,2.25,3.19
2012.05.23 12:27:57.444,0.7666,0.76697,1.13,1.35
2012.05.23 12:27:57.573,0.7666,0.76698,1.50,3.60
2012.05.23 12:27:57.761,0.76662,0.76698,1.50,3.79
2012.05.23 12:27:58.350,0.7666,0.76697,2.25,1.35
2012.05.23 12:27:58.987,0.76657,0.76697,3.00,1.54
2012.05.23 12:27:59.384,0.7666,0.76698,1.50,3.79
2012.05.23 12:28:00.691,0.76662,0.76698,1.50,3.04
2012.05.23 12:28:01.233,0.76662,0.76701,1.50,2.44
2012.05.23 12:28:02.310,0.76666,0.76704,1.50,2.44
2012.05.23 12:28:03.067,0.76668,0.76704,2.25,2.25
2012.05.23 12:28:03.615,0.76663,0.76703,2.25,1.13
2012.05.23 12:28:05.154,0.76663,0.76703,2.25,1.13
2012.05.23 12:28:05.475,0.76665,0.76705,2.25,3.98
2012.05.23 12:28:05.543,0.76661,0.76698,3.00,1.13
2012.05.23 12:28:06.472,0.76659,0.76697,2.25,1.13
2012.05.23 12:28:07.453,0.76655,0.76694,2.25,1.50
2012.05.23 12:28:11.858,0.76652,0.76692,2.25,2.63
2012.05.23 12:28:11.923,0.76651,0.76692,1.50,2.63
2012.05.23 12:28:12.860,0.76652,0.76692,2.25,2.44
2012.05.23 12:28:14.741,0.76653,0.76692,2.25,2.44
2012.05.23 12:28:20.742,0.76658,0.76695,2.25,2.44
2012.05.23 12:28:22.764,0.76657,0.76695,2.25,2.44
2012.05.23 12:28:27.502,0.76661,0.76698,1.50,3.23
2012.05.23 12:28:32.883,0.76662,0.76698,1.13,3.23
2012.05.23 12:28:34.760,0.76657,0.76698,2.25,3.60
2012.05.23 12:28:35.083,0.76656,0.76692,1.13,2.63
2012.05.23 12:28:36.132,0.76656,0.76687,1.13,2.25
2012.05.23 12:28:36.739,0.76659,0.76696,2.25,2.44
2012.05.23 12:28:39.044,0.76657,0.76696,2.25,2.63
2012.05.23 12:28:39.122,0.76657,0.76691,2.25,2.25
2012.05.23 12:28:39.705,0.76656,0.76691,1.50,2.44
2012.05.23 12:28:40.700,0.76656,0.76696,3.00,3.04
2012.05.23 12:28:41.270,0.76661,0.76699,3.00,2.44
2012.05.23 12:28:41.690,0.76659,0.76699,2.85,3.19
2012.05.23 12:28:41.753,0.76659,0.76696,2.85,2.25
2012.05.23 12:28:42.673,0.76658,0.76696,1.35,2.44
2012.05.23 12:28:43.470,0.76656,0.76696,1.13,3.60
2012.05.23 12:28:44.214,0.76651,0.76692,1.50,3.00
2012.05.23 12:28:44.800,0.76654,0.76687,2.25,2.25
2012.05.23 12:28:46.097,0.76651,0.76687,1.50,2.44
2012.05.23 12:28:46.300,0.7665,0.76683,2.85,2.25
2012.05.23 12:28:46.533,0.76648,0.76683,1.35,2.25
2012.05.23 12:28:47.751,0.76647,0.76683,2.25,2.25
2012.05.23 12:28:49.502,0.76652,0.76683,2.25,2.25
2012.05.23 12:28:49.621,0.76652,0.76688,2.25,2.85
2012.05.23 12:28:50.372,0.76651,0.76688,1.13,3.23
2012.05.23 12:28:51.262,0.76647,0.76684,1.50,2.44
2012.05.23 12:28:54.224,0.76649,0.76684,1.50,2.44
2012.05.23 12:28:54.664,0.76647,0.76684,1.35,3.00
2012.05.23 12:28:54.732,0.76647,0.76684,1.35,3.00
2012.05.23 12:28:54.852,0.76644,0.76676,1.13,2.25
2012.05.23 12:28:56.701,0.76641,0.76676,1.50,2.44
2012.05.23 12:28:57.300,0.76641,0.76673,1.50,2.25
2012.05.23 12:28:57.664,0.76639,0.76673,1.50,2.25
2012.05.23 12:28:57.834,0.76639,0.76676,1.50,2.44
2012.05.23 12:28:58.183,0.76642,0.76676,2.25,2.25
2012.05.23 12:28:59.817,0.76642,0.76676,2.25,4.35
2012.05.23 12:28:59.945,0.76638,0.76676,2.25,4.54
2012.05.23 12:29:00.144,0.76638,0.76667,2.25,2.10
2012.05.23 12:29:00.213,0.76632,0.76667,3.00,2.10
2012.05.23 12:29:00.367,0.76632,0.76671,2.25,1.54
2012.05.23 12:29:01.337,0.76632,0.76667,2.25,2.25
2012.05.23 12:29:02.146,0.76631,0.76667,1.50,2.63
2012.05.23 12:29:03.592,0.76632,0.76667,1.50,2.63
2012.05.23 12:29:03.788,0.76634,0.76667,1.50,2.25
2012.05.23 12:29:05.471,0.76634,0.76671,1.50,3.23
2012.05.23 12:29:06.392,0.76634,0.76671,1.50,3.23
2012.05.23 12:29:06.521,0.76638,0.76671,1.50,2.44
2012.05.23 12:29:07.181,0.76637,0.76667,1.35,2.25
2012.05.23 12:29:07.972,0.76636,0.76672,1.50,2.44
2012.05.23 12:29:08.110,0.76638,0.76672,1.50,2.44
2012.05.23 12:29:08.292,0.76641,0.76676,1.50,2.63
2012.05.23 12:29:08.464,0.76646,0.76681,1.50,2.44
2012.05.23 12:29:09.983,0.76643,0.76681,2.25,3.04
2012.05.23 12:29:10.518,0.76643,0.76679,2.25,1.35
2012.05.23 12:29:11.932,0.76642,0.76682,2.25,2.48
2012.05.23 12:29:12.371,0.76647,0.76683,2.25,2.44
2012.05.23 12:29:12.872,0.76652,0.76686,1.50,2.44
2012.05.23 12:29:13.441,0.76653,0.76691,2.25,3.23
2012.05.23 12:29:14.194,0.76656,0.76694,2.25,1.54
2012.05.23 12:29:15.076,0.76658,0.76699,2.25,1.73
2012.05.23 12:29:16.280,0.76661,0.76702,2.25,1.35
2012.05.23 12:29:17.385,0.76666,0.76708,2.25,5.25
2012.05.23 12:29:19.213,0.76664,0.76707,2.25,2.25
2012.05.23 12:29:19.802,0.76668,0.76709,2.25,3.00
2012.05.23 12:29:21.015,0.76673,0.76712,2.25,2.85
2012.05.23 12:29:21.320,0.76678,0.76719,2.25,2.10
2012.05.23 12:29:21.845,0.76676,0.76717,1.35,2.25
2012.05.23 12:29:22.550,0.76671,0.76713,2.85,5.25
2012.05.23 12:29:23.160,0.76666,0.76709,2.25,1.35
2012.05.23 12:29:25.675,0.76665,0.76707,2.85,2.25
2012.05.23 12:29:26.882,0.76663,0.76702,2.25,1.35
2012.05.23 12:29:27.441,0.76658,0.767,2.25,2.48
2012.05.23 12:29:28.431,0.76662,0.76701,2.25,1.35
2012.05.23 12:29:29.425,0.76664,0.76705,2.25,2.48
2012.05.23 12:29:29.933,0.76666,0.76708,1.35,2.85
2012.05.23 12:29:30.089,0.76663,0.76708,2.10,1.35
2012.05.23 12:29:32.601,0.76669,0.76716,2.10,1.35
2012.05.23 12:29:32.939,0.76669,0.76718,2.10,2.10
2012.05.23 12:29:34.426,0.76658,0.76725,1.50,1.13
2012.05.23 12:29:35.722,0.76666,0.76733,1.13,1.50
2012.05.23 12:29:35.788,0.76668,0.76733,1.13,1.50
2012.05.23 12:29:35.963,0.76667,0.76733,1.13,1.50
2012.05.23 12:29:36.382,0.76662,0.7673,1.13,1.50
2012.05.23 12:29:36.793,0.76663,0.7673,1.13,1.50
2012.05.23 12:29:37.338,0.76659,0.76724,1.13,1.50
2012.05.23 12:29:37.919,0.76657,0.76724,1.13,1.50
2012.05.23 12:29:37.979,0.7665,0.76718,1.50,1.13
2012.05.23 12:29:38.271,0.7665,0.76718,1.50,1.13
2012.05.23 12:29:39.308,0.76654,0.76719,1.50,1.13
2012.05.23 12:29:39.696,0.76654,0.76719,1.50,1.13
2012.05.23 12:29:40.428,0.7665,0.76717,1.50,1.13
2012.05.23 12:29:42.970,0.76645,0.7671,1.50,1.13
2012.05.23 12:29:43.960,0.76649,0.76715,1.50,1.13
2012.05.23 12:29:44.457,0.76647,0.76714,1.13,1.50
2012.05.23 12:29:44.622,0.7665,0.76717,1.50,1.13
2012.05.23 12:29:46.296,0.7665,0.76717,1.50,1.13
2012.05.23 12:29:46.663,0.7665,0.76717,1.50,1.13
2012.05.23 12:29:47.728,0.76655,0.7672,1.13,1.50
2012.05.23 12:29:48.378,0.76655,0.7672,1.13,1.50
2012.05.23 12:29:48.632,0.76655,0.7672,1.13,1.50
2012.05.23 12:29:49.180,0.76655,0.7672,1.13,1.50
2012.05.23 12:29:49.403,0.76653,0.76718,1.13,1.50
2012.05.23 12:29:50.500,0.76622,0.76734,1.50,1.13
2012.05.23 12:29:50.559,0.76622,0.76734,1.50,1.13
2012.05.23 12:29:53.968,0.76617,0.76727,1.13,1.50
2012.05.23 12:29:54.692,0.76621,0.76731,1.50,1.13
2012.05.23 12:29:54.911,0.76621,0.76731,1.50,1.13
2012.05.23 12:29:56.109,0.76618,0.7673,1.50,1.13
2012.05.23 12:30:00.399,0.76624,0.76734,1.13,1.50
2012.05.23 12:30:00.760,0.76663,0.76773,1.13,1.50
2012.05.23 12:30:00.982,0.76663,0.76773,1.13,1.50
2012.05.23 12:30:01.146,0.76655,0.7677,1.13,1.13
2012.05.23 12:30:01.459,0.76664,0.76777,1.13,1.13
2012.05.23 12:30:01.758,0.76666,0.76777,1.13,1.13
2012.05.23 12:30:02.074,0.76659,0.76775,1.13,1.50
2012.05.23 12:30:02.388,0.76659,0.76775,1.13,1.50
2012.05.23 12:30:02.640,0.76659,0.76775,1.13,1.50
2012.05.23 12:30:03.051,0.76685,0.76762,2.25,1.13
2012.05.23 12:30:03.603,0.76699,0.76776,2.25,2.25
2012.05.23 12:30:03.961,0.76695,0.7677,1.13,2.25
2012.05.23 12:30:04.463,0.7669,0.76767,2.25,1.50
2012.05.23 12:30:04.528,0.76676,0.76753,1.13,1.13
2012.05.23 12:30:04.696,0.76687,0.76758,1.50,1.13
2012.05.23 12:30:05.114,0.76703,0.76757,2.25,2.25
2012.05.23 12:30:05.432,0.76698,0.76754,2.25,2.25
2012.05.23 12:30:05.651,0.7671,0.76764,2.25,2.25
2012.05.23 12:30:05.777,0.76727,0.76782,1.50,2.25
2012.05.23 12:30:05.870,0.76735,0.76789,2.25,2.25
2012.05.23 12:30:05.987,0.76716,0.76786,1.50,1.50
2012.05.23 12:30:06.114,0.76719,0.76789,1.13,2.25
2012.05.23 12:30:06.427,0.76721,0.76785,2.25,1.13
2012.05.23 12:30:06.709,0.76721,0.76785,2.25,1.13
2012.05.23 12:30:06.860,0.76733,0.76781,2.25,1.13
2012.05.23 12:30:07.411,0.76728,0.76778,2.25,1.13
2012.05.23 12:30:07.700,0.76728,0.76778,2.25,1.13
2012.05.23 12:30:07.845,0.76717,0.76774,2.25,1.13
2012.05.23 12:30:08.179,0.76726,0.76778,2.25,1.50
2012.05.23 12:30:08.519,0.76719,0.76774,2.25,1.50
2012.05.23 12:30:08.838,0.76715,0.76768,2.25,1.50
2012.05.23 12:30:09.721,0.76711,0.76767,2.25,2.25
2012.05.23 12:30:10.163,0.76715,0.76765,2.25,2.25
2012.05.23 12:30:10.581,0.76713,0.76758,2.25,3.00
2012.05.23 12:30:10.639,0.76707,0.76754,2.25,2.25
2012.05.23 12:30:10.722,0.76713,0.76758,2.25,1.50
2012.05.23 12:30:10.849,0.76701,0.7675,1.50,2.25
2012.05.23 12:30:11.490,0.76696,0.76746,2.25,2.25
2012.05.23 12:30:13.368,0.76701,0.76742,2.25,2.25
2012.05.23 12:30:13.568,0.76702,0.7675,3.00,3.00
2012.05.23 12:30:14.012,0.76706,0.76749,2.25,2.44
2012.05.23 12:30:14.457,0.76713,0.76757,2.25,3.00
2012.05.23 12:30:14.848,0.76713,0.76742,2.25,2.25
2012.05.23 12:30:14.908,0.76703,0.76742,2.25,2.25
2012.05.23 12:30:14.967,0.76703,0.76737,2.25,2.25
2012.05.23 12:30:15.027,0.76696,0.76737,2.25,2.44
2012.05.23 12:30:15.769,0.76699,0.76742,2.25,2.44
2012.05.23 12:30:16.321,0.76701,0.76742,2.25,2.25
2012.05.23 12:30:16.378,0.76701,0.76746,2.25,2.44
2012.05.23 12:30:16.700,0.76701,0.76742,2.25,2.25
2012.05.23 12:30:17.042,0.76697,0.76742,2.25,3.00
2012.05.23 12:30:17.401,0.76706,0.76752,5.25,2.25
2012.05.23 12:30:17.740,0.76718,0.76754,2.25,2.25
2012.05.23 12:30:17.798,0.76718,0.7676,2.25,2.63
2012.05.23 12:30:17.960,0.76725,0.7676,2.25,2.25
2012.05.23 12:30:18.018,0.76725,0.76769,2.25,3.00
2012.05.23 12:30:19.040,0.76729,0.76769,2.25,3.00
2012.05.23 12:30:19.380,0.76722,0.76769,3.00,3.00
2012.05.23 12:30:19.999,0.76728,0.76773,2.25,3.00
2012.05.23 12:30:20.389,0.76734,0.76775,2.25,2.44
2012.05.23 12:30:21.361,0.7673,0.76776,2.25,3.00
2012.05.23 12:30:22.152,0.76731,0.76776,2.25,3.00
2012.05.23 12:30:22.461,0.76738,0.76776,2.25,2.44
2012.05.23 12:30:22.828,0.76732,0.76775,2.25,2.63
2012.05.23 12:30:23.669,0.76737,0.76783,4.50,3.00
2012.05.23 12:30:24.661,0.76737,0.76783,2.63,3.00
2012.05.23 12:30:24.852,0.76734,0.76772,2.25,2.25
2012.05.23 12:30:25.079,0.76736,0.76784,2.63,4.50
2012.05.23 12:30:25.620,0.76734,0.76776,2.25,2.25
2012.05.23 12:30:25.678,0.76732,0.76776,2.25,2.63
2012.05.23 12:30:25.999,0.76733,0.76773,2.25,3.19
2012.05.23 12:30:26.201,0.76729,0.7677,2.25,1.13
2012.05.23 12:30:26.559,0.76726,0.76764,1.13,1.50
2012.05.23 12:30:27.404,0.76727,0.76765,1.13,3.00
2012.05.23 12:30:27.469,0.76727,0.76763,1.13,1.50
2012.05.23 12:30:27.529,0.76724,0.76763,1.13,3.00
2012.05.23 12:30:27.860,0.76724,0.76763,1.13,2.25
2012.05.23 12:30:27.961,0.76734,0.76765,1.13,2.25
2012.05.23 12:30:28.084,0.76734,0.76771,3.38,1.13
2012.05.23 12:30:28.845,0.76731,0.76768,1.13,1.13
2012.05.23 12:30:28.973,0.76727,0.76768,3.00,1.13
2012.05.23 12:30:29.301,0.76726,0.76764,1.13,1.50
2012.05.23 12:30:29.802,0.76723,0.76762,2.25,1.13
2012.05.23 12:30:30.056,0.76721,0.7676,1.13,1.13
2012.05.23 12:30:30.395,0.76723,0.76763,1.13,1.50
2012.05.23 12:30:31.473,0.76725,0.76763,1.13,1.13
2012.05.23 12:30:32.929,0.76722,0.76761,1.13,2.25
2012.05.23 12:30:33.160,0.76721,0.76759,1.50,3.38
2012.05.23 12:30:33.281,0.76716,0.76755,1.13,4.50
2012.05.23 12:30:33.697,0.7672,0.76758,1.13,3.00
2012.05.23 12:30:33.931,0.76726,0.76764,1.13,3.75
2012.05.23 12:30:34.711,0.76726,0.76764,1.13,3.75
2012.05.23 12:30:34.831,0.76723,0.76764,1.13,5.25
2012.05.23 12:30:35.418,0.76723,0.76764,1.13,4.50
2012.05.23 12:30:35.614,0.76727,0.76768,1.13,1.50
2012.05.23 12:30:35.687,0.76727,0.76764,1.13,1.13
2012.05.23 12:30:35.860,0.76727,0.76769,1.13,3.00
2012.05.23 12:30:36.136,0.76726,0.76764,1.50,1.13
2012.05.23 12:30:36.203,0.76726,0.76764,1.50,1.13
2012.05.23 12:30:36.634,0.76731,0.7677,1.50,1.13
2012.05.23 12:30:37.135,0.76729,0.7677,3.00,1.13
2012.05.23 12:30:37.201,0.76731,0.7677,1.50,1.13
2012.05.23 12:30:37.262,0.76732,0.76771,3.00,1.13
2012.05.23 12:30:38.331,0.76735,0.76774,2.25,1.13
2012.05.23 12:30:39.216,0.76736,0.76774,1.50,1.13
2012.05.23 12:30:40.403,0.76743,0.76779,2.25,3.00
2012.05.23 12:30:40.471,0.76747,0.76779,1.13,3.00
2012.05.23 12:30:40.681,0.76748,0.76789,2.25,1.13
2012.05.23 12:30:40.742,0.7674,0.76779,2.25,1.13
2012.05.23 12:30:41.175,0.76738,0.76774,3.00,1.13
2012.05.23 12:30:41.242,0.76739,0.76774,1.13,1.13
2012.05.23 12:30:41.870,0.76742,0.76779,1.13,1.13
2012.05.23 12:30:42.203,0.76738,0.76774,2.44,1.13
2012.05.23 12:30:42.273,0.76738,0.76774,3.19,1.13
2012.05.23 12:30:42.463,0.76742,0.76778,1.13,3.00
2012.05.23 12:30:42.784,0.76744,0.76781,1.13,1.13
2012.05.23 12:30:42.852,0.76747,0.76784,1.13,1.13
2012.05.23 12:30:42.948,0.76749,0.76784,1.13,1.13
2012.05.23 12:30:43.222,0.76754,0.76794,1.13,1.50
2012.05.23 12:30:43.838,0.76759,0.76796,1.13,1.13
2012.05.23 12:30:43.967,0.76755,0.76796,2.25,1.13
2012.05.23 12:30:44.496,0.76751,0.76788,3.00,1.13
2012.05.23 12:30:44.942,0.76749,0.76788,2.25,1.13
2012.05.23 12:30:45.375,0.76751,0.76792,2.25,1.13
2012.05.23 12:30:45.442,0.76755,0.76792,1.13,1.13
2012.05.23 12:30:45.632,0.76759,0.76798,2.25,1.13
2012.05.23 12:30:45.762,0.76763,0.76798,2.63,1.13
2012.05.23 12:30:46.162,0.76758,0.76793,2.85,2.25
2012.05.23 12:30:46.352,0.76751,0.76789,1.35,1.13
2012.05.23 12:30:47.574,0.76753,0.76789,2.63,1.13
2012.05.23 12:30:47.712,0.76757,0.76795,2.10,1.13
2012.05.23 12:30:48.044,0.76751,0.76788,1.13,1.13
2012.05.23 12:30:48.633,0.76754,0.76789,2.25,1.13
2012.05.23 12:30:49.004,0.76754,0.76791,2.63,1.13
2012.05.23 12:30:49.637,0.76754,0.76792,3.38,1.35
2012.05.23 12:30:49.702,0.76759,0.76799,1.13,2.10
2012.05.23 12:30:50.189,0.76758,0.76796,3.00,1.13
2012.05.23 12:30:50.353,0.76758,0.7679,2.25,1.13
2012.05.23 12:30:51.434,0.76757,0.76794,1.13,1.13
2012.05.23 12:30:51.652,0.76754,0.76794,1.35,1.13
2012.05.23 12:30:51.886,0.76756,0.76794,1.50,1.13
2012.05.23 12:30:52.094,0.76759,0.76798,2.25,1.73
2012.05.23 12:30:52.441,0.76752,0.76788,1.73,1.13
2012.05.23 12:30:52.634,0.76754,0.76791,1.54,2.25
2012.05.23 12:30:52.702,0.76754,0.76793,1.54,3.00
2012.05.23 12:30:53.193,0.76755,0.76793,1.50,1.13
2012.05.23 12:30:53.632,0.76758,0.76796,2.25,1.13
2012.05.23 12:30:54.045,0.76764,0.76803,1.35,1.13
2012.05.23 12:30:54.312,0.76767,0.76799,2.25,1.50
2012.05.23 12:30:54.394,0.7676,0.76799,2.85,1.50
2012.05.23 12:30:54.464,0.76764,0.76802,1.35,3.19
2012.05.23 12:30:55.185,0.76764,0.76803,1.35,1.13
2012.05.23 12:30:55.845,0.76763,0.76801,1.35,1.13
2012.05.23 12:30:55.971,0.76767,0.76805,1.13,1.13
2012.05.23 12:30:56.562,0.76768,0.76805,1.13,1.13
2012.05.23 12:30:56.626,0.76772,0.76807,1.50,1.35
2012.05.23 12:30:57.063,0.7677,0.76806,3.19,1.13
2012.05.23 12:30:57.833,0.76772,0.76811,1.13,3.98
2012.05.23 12:30:58.453,0.76773,0.76811,2.29,1.13
2012.05.23 12:30:58.751,0.76773,0.76815,2.85,1.13
2012.05.23 12:30:59.108,0.76777,0.76815,2.44,1.13
2012.05.23 12:30:59.421,0.76776,0.76817,1.35,1.73
2012.05.23 12:31:00.494,0.76777,0.76817,2.25,1.35
2012.05.23 12:31:01.891,0.76778,0.7682,1.35,1.13
2012.05.23 12:31:02.011,0.76781,0.76824,2.25,3.38
2012.05.23 12:31:03.361,0.7678,0.7682,3.60,1.13
2012.05.23 12:31:03.620,0.7678,0.76821,3.79,1.13
2012.05.23 12:31:03.778,0.76782,0.76825,3.00,1.73
2012.05.23 12:31:04.023,0.76786,0.76825,3.23,1.13
2012.05.23 12:31:04.234,0.76786,0.76822,2.10,1.13
2012.05.23 12:31:04.422,0.76782,0.76822,3.23,1.13
2012.05.23 12:31:04.482,0.76783,0.76827,2.25,1.73
2012.05.23 12:31:05.440,0.76788,0.76827,3.00,1.35
2012.05.23 12:31:05.508,0.76791,0.7683,2.63,1.13
2012.05.23 12:31:05.615,0.76794,0.76835,2.25,1.35
2012.05.23 12:31:05.708,0.76799,0.76835,1.13,1.35
2012.05.23 12:31:05.773,0.76804,0.76839,2.48,3.00
2012.05.23 12:31:06.313,0.76806,0.76837,2.85,1.13
2012.05.23 12:31:07.043,0.76807,0.76849,5.10,1.73
2012.05.23 12:31:07.197,0.76807,0.76849,5.10,1.73
2012.05.23 12:31:07.893,0.76807,0.76849,5.10,1.73
2012.05.23 12:31:07.961,0.76807,0.76847,3.23,1.13
2012.05.23 12:31:08.221,0.76812,0.76847,2.10,1.13
2012.05.23 12:31:09.212,0.76813,0.7685,2.85,1.13
2012.05.23 12:31:09.980,0.76814,0.76853,1.35,1.13
2012.05.23 12:31:10.451,0.76814,0.76853,1.35,1.13
2012.05.23 12:31:10.657,0.76814,0.76853,1.35,1.13
2012.05.23 12:31:10.722,0.76814,0.76853,1.35,1.13
2012.05.23 12:31:10.854,0.76814,0.76853,1.35,1.13
2012.05.23 12:31:10.996,0.76812,0.76852,4.73,1.13
2012.05.23 12:31:11.182,0.76812,0.76852,2.48,1.13
2012.05.23 12:31:11.412,0.76812,0.76851,2.48,3.19
2012.05.23 12:31:11.653,0.76815,0.76854,1.35,1.73
2012.05.23 12:31:11.983,0.76812,0.76847,4.35,1.13
2012.05.23 12:31:12.311,0.76812,0.76845,2.10,3.19
2012.05.23 12:31:12.431,0.76801,0.76841,2.48,1.13
2012.05.23 12:31:12.671,0.76801,0.76841,1.13,1.73
2012.05.23 12:31:12.921,0.76802,0.76841,1.50,1.35
2012.05.23 12:31:13.112,0.76801,0.76839,3.38,1.13
2012.05.23 12:31:13.181,0.76801,0.76839,2.63,1.13
2012.05.23 12:31:13.242,0.76801,0.76839,3.38,1.13
2012.05.23 12:31:13.408,0.76801,0.76839,3.38,1.13
2012.05.23 12:31:13.961,0.76803,0.76839,2.29,1.13
2012.05.23 12:31:14.648,0.76802,0.76843,3.60,1.54
2012.05.23 12:31:14.711,0.76804,0.76843,1.13,1.54
2012.05.23 12:31:14.924,0.76802,0.76843,4.35,1.54
2012.05.23 12:31:15.254,0.76802,0.76843,3.60,1.54
2012.05.23 12:31:15.613,0.76803,0.76843,2.25,1.54
2012.05.23 12:31:16.133,0.76803,0.76843,2.25,1.54
2012.05.23 12:31:16.275,0.76805,0.76843,2.25,1.35
2012.05.23 12:31:16.521,0.76802,0.76842,1.73,1.13
2012.05.23 12:31:17.164,0.76799,0.76839,2.48,1.13
2012.05.23 12:31:17.453,0.76798,0.76839,3.00,1.13
2012.05.23 12:31:17.754,0.76798,0.7683,3.00,1.35
2012.05.23 12:31:18.000,0.76788,0.7683,1.35,1.73
2012.05.23 12:31:18.185,0.76788,0.7683,1.35,1.73
2012.05.23 12:31:18.411,0.76792,0.7683,2.63,1.73
2012.05.23 12:31:18.945,0.76787,0.76828,4.35,1.13
2012.05.23 12:31:19.231,0.76787,0.76823,2.25,1.73
2012.05.23 12:31:19.351,0.76781,0.76823,1.13,1.73
2012.05.23 12:31:19.431,0.7678,0.76823,3.60,1.73
2012.05.23 12:31:19.560,0.76774,0.76812,1.50,1.35
2012.05.23 12:31:19.701,0.76774,0.76813,1.50,1.35
2012.05.23 12:31:19.911,0.76776,0.76812,3.19,1.35
2012.05.23 12:31:21.145,0.76781,0.76821,1.35,1.35
2012.05.23 12:31:22.181,0.76781,0.76821,2.10,1.35
2012.05.23 12:31:22.472,0.76783,0.76821,3.00,1.35
2012.05.23 12:31:22.928,0.76785,0.76824,1.13,3.04
2012.05.23 12:31:22.993,0.76785,0.76825,1.73,1.13
2012.05.23 12:31:23.424,0.76784,0.76825,1.35,1.13
2012.05.23 12:31:23.743,0.76787,0.76827,1.13,1.13
2012.05.23 12:31:23.944,0.76785,0.76827,3.23,1.13
2012.05.23 12:31:24.231,0.76783,0.76822,1.35,1.13
2012.05.23 12:31:24.603,0.76785,0.76822,1.54,1.13
2012.05.23 12:31:25.155,0.76785,0.76824,1.54,1.13
2012.05.23 12:31:25.221,0.76786,0.76825,1.50,1.13
2012.05.23 12:31:25.765,0.76791,0.7683,1.54,1.13
2012.05.23 12:31:26.679,0.76791,0.76826,1.35,1.13
2012.05.23 12:31:27.100,0.76788,0.76822,2.44,1.35
2012.05.23 12:31:27.707,0.76786,0.76822,1.13,1.35
2012.05.23 12:31:33.025,0.76783,0.76822,3.60,1.54
2012.05.23 12:31:33.331,0.76764,0.76799,1.50,1.35
2012.05.23 12:31:33.792,0.76765,0.76804,1.54,1.73
2012.05.23 12:31:33.951,0.76766,0.76804,1.50,1.35
2012.05.23 12:31:34.236,0.76763,0.76802,1.35,1.13
2012.05.23 12:31:35.407,0.76764,0.76802,1.13,1.73
2012.05.23 12:31:35.473,0.76767,0.76802,1.13,1.35
2012.05.23 12:31:36.022,0.76763,0.76805,2.25,1.13
2012.05.23 12:31:36.186,0.76766,0.76805,1.50,1.13
2012.05.23 12:31:36.254,0.76761,0.76803,3.98,1.13
2012.05.23 12:31:37.231,0.76763,0.76802,1.13,1.54
2012.05.23 12:31:37.353,0.76761,0.76802,1.13,1.54
2012.05.23 12:31:37.704,0.76763,0.76802,1.13,1.54
2012.05.23 12:31:38.365,0.76762,0.76802,1.13,1.54
2012.05.23 12:31:38.802,0.76759,0.76799,1.13,1.13
2012.05.23 12:31:39.187,0.76762,0.76802,1.13,3.98
2012.05.23 12:31:39.924,0.76758,0.76802,2.25,3.98
2012.05.23 12:31:41.597,0.76761,0.76802,1.50,1.54
2012.05.23 12:31:42.034,0.76756,0.76798,4.35,1.13
2012.05.23 12:31:42.433,0.76758,0.76796,1.13,1.54
2012.05.23 12:31:42.644,0.7676,0.76796,2.44,1.54
2012.05.23 12:31:43.252,0.76758,0.76798,1.13,1.13
2012.05.23 12:31:43.462,0.76759,0.76798,2.44,1.13
2012.05.23 12:31:43.873,0.76758,0.76798,1.13,1.13
2012.05.23 12:31:45.106,0.76762,0.768,1.13,1.13
2012.05.23 12:31:46.142,0.76762,0.76803,1.50,1.13
2012.05.23 12:31:46.472,0.76764,0.76803,1.54,1.13
2012.05.23 12:31:46.924,0.76766,0.76804,1.13,1.13
2012.05.23 12:31:47.273,0.76767,0.76801,2.25,1.13
2012.05.23 12:31:48.053,0.76764,0.76803,3.79,1.50
2012.05.23 12:31:48.197,0.76766,0.76804,1.13,1.13
2012.05.23 12:31:51.873,0.76766,0.76804,1.13,1.13
2012.05.23 12:31:52.424,0.76764,0.76804,1.35,1.13
2012.05.23 12:31:52.862,0.76764,0.76804,1.35,1.13
2012.05.23 12:31:52.922,0.76761,0.76802,3.60,1.13
2012.05.23 12:31:53.542,0.76759,0.76799,1.13,2.10
2012.05.23 12:31:53.635,0.76757,0.76797,3.38,1.13
2012.05.23 12:31:55.243,0.76757,0.76799,3.75,1.54
2012.05.23 12:31:55.311,0.76758,0.76799,1.50,1.54
2012.05.23 12:31:55.371,0.76758,0.76801,1.50,2.48
2012.05.23 12:31:55.896,0.76762,0.76801,1.54,1.13
2012.05.23 12:31:56.504,0.76765,0.76804,3.19,1.13
2012.05.23 12:31:56.563,0.76764,0.76804,1.13,1.13
2012.05.23 12:31:56.836,0.76762,0.76804,3.60,1.13
2012.05.23 12:31:57.473,0.76761,0.768,1.54,1.13
2012.05.23 12:31:57.717,0.76761,0.76799,1.35,1.50
2012.05.23 12:31:58.113,0.76762,0.76801,1.35,2.25
2012.05.23 12:31:58.243,0.76763,0.76803,1.13,3.00
2012.05.23 12:31:59.950,0.76763,0.76803,1.13,1.50
2012.05.23 12:32:00.011,0.76764,0.76803,1.13,1.13
2012.05.23 12:32:00.722,0.76764,0.76802,3.19,2.25
2012.05.23 12:32:01.674,0.76762,0.76802,1.73,2.25
2012.05.23 12:32:01.993,0.76763,0.76806,3.19,1.35
2012.05.23 12:32:02.094,0.76764,0.76807,1.13,1.35
2012.05.23 12:32:02.771,0.76768,0.76808,1.13,1.73
2012.05.23 12:32:03.415,0.76772,0.76811,1.13,3.19
2012.05.23 12:32:05.210,0.76769,0.76812,3.00,1.50
2012.05.23 12:32:05.402,0.76769,0.76812,3.00,1.50
2012.05.23 12:32:05.640,0.76766,0.76812,1.54,3.75
2012.05.23 12:32:06.392,0.76767,0.76812,1.54,3.75
2012.05.23 12:32:06.715,0.76772,0.76811,3.38,1.13
2012.05.23 12:32:09.684,0.76772,0.7681,5.29,1.13
2012.05.23 12:32:12.169,0.76769,0.76807,2.63,1.13
2012.05.23 12:32:12.712,0.7677,0.76807,1.13,1.13
2012.05.23 12:32:12.858,0.76765,0.76804,1.54,1.13
2012.05.23 12:32:13.022,0.76765,0.76803,1.54,1.13
2012.05.23 12:32:13.141,0.76765,0.76806,1.54,3.00
2012.05.23 12:32:13.202,0.76769,0.76806,1.13,2.44
2012.05.23 12:32:13.356,0.76771,0.76806,1.54,3.19
2012.05.23 12:32:13.701,0.76769,0.76806,1.13,1.54
2012.05.23 12:32:14.521,0.76766,0.76804,1.73,1.50
2012.05.23 12:32:14.933,0.76768,0.76808,1.13,1.35
2012.05.23 12:32:16.983,0.76767,0.76806,1.35,1.35
2012.05.23 12:32:17.238,0.76767,0.76803,1.35,1.13
2012.05.23 12:32:17.430,0.76767,0.76803,1.35,1.13
2012.05.23 12:32:18.116,0.76767,0.76806,3.60,1.54
2012.05.23 12:32:18.458,0.76776,0.76815,1.13,1.13
2012.05.23 12:32:18.776,0.76775,0.7681,3.79,1.13
2012.05.23 12:32:18.901,0.76775,0.76814,1.54,3.00
2012.05.23 12:32:18.961,0.7678,0.76816,1.13,3.19
2012.05.23 12:32:20.652,0.76777,0.76817,1.50,1.13
2012.05.23 12:32:20.802,0.76779,0.76819,2.85,1.13
2012.05.23 12:32:20.992,0.76782,0.76819,1.73,1.13
2012.05.23 12:32:21.425,0.76782,0.76819,1.73,1.13
2012.05.23 12:32:21.934,0.76782,0.76821,1.35,1.54
2012.05.23 12:32:23.413,0.76785,0.76824,1.13,3.23
2012.05.23 12:32:23.678,0.76789,0.76831,5.10,1.50
2012.05.23 12:32:23.950,0.76786,0.76824,1.13,1.50
2012.05.23 12:32:24.192,0.76788,0.76824,1.54,1.50
2012.05.23 12:32:24.313,0.76791,0.76826,1.13,1.13
2012.05.23 12:32:24.628,0.76792,0.76829,1.35,1.50
2012.05.23 12:32:25.379,0.76794,0.76833,1.35,1.50
2012.05.23 12:32:25.705,0.76795,0.76837,2.25,3.38
2012.05.23 12:32:25.771,0.76796,0.76837,1.50,3.38
2012.05.23 12:32:26.164,0.76796,0.76837,1.50,1.13
2012.05.23 12:32:26.233,0.76801,0.76839,2.25,1.73
2012.05.23 12:32:26.383,0.76802,0.76839,3.75,1.73
2012.05.23 12:32:26.674,0.76802,0.76839,3.00,1.73
2012.05.23 12:32:26.923,0.76802,0.76839,3.00,1.73
2012.05.23 12:32:27.194,0.76804,0.76839,2.25,1.35
2012.05.23 12:32:28.683,0.76804,0.76839,2.25,1.35
2012.05.23 12:32:28.752,0.76802,0.76839,2.25,1.35
2012.05.23 12:32:28.982,0.768,0.76836,1.50,1.13
2012.05.23 12:32:29.102,0.76804,0.76839,2.25,1.35
2012.05.23 12:32:29.511,0.76804,0.76844,2.25,1.73
2012.05.23 12:32:30.164,0.76802,0.76842,2.25,1.50
2012.05.23 12:32:32.054,0.76801,0.7684,1.73,1.13
2012.05.23 12:32:33.133,0.76801,0.7684,3.60,1.13
2012.05.23 12:32:33.467,0.76803,0.76843,2.25,3.00
2012.05.23 12:32:33.531,0.76809,0.76843,2.29,3.00
2012.05.23 12:32:33.697,0.76811,0.76851,2.85,1.73
2012.05.23 12:32:33.823,0.76811,0.76842,2.25,1.13
2012.05.23 12:32:33.911,0.76804,0.76842,1.35,1.13
2012.05.23 12:32:34.373,0.76807,0.76845,3.00,3.60
2012.05.23 12:32:34.743,0.7681,0.7685,1.35,1.13
2012.05.23 12:32:35.130,0.7681,0.76849,1.35,1.13
2012.05.23 12:32:35.997,0.76812,0.76851,2.25,1.73
2012.05.23 12:32:36.144,0.76812,0.76851,2.25,1.73
2012.05.23 12:32:36.553,0.76809,0.76847,1.35,1.13
2012.05.23 12:32:36.714,0.76809,0.76847,1.35,1.13
2012.05.23 12:32:37.094,0.76807,0.76843,1.50,1.13
2012.05.23 12:32:37.365,0.76804,0.76843,2.25,1.13
2012.05.23 12:32:37.562,0.76798,0.76837,2.85,1.73
2012.05.23 12:32:39.407,0.76797,0.76837,2.10,1.73
2012.05.23 12:32:42.221,0.76797,0.76835,1.35,1.13
2012.05.23 12:32:42.752,0.76795,0.76829,2.29,1.13
2012.05.23 12:32:43.422,0.76796,0.76829,1.54,1.13
2012.05.23 12:32:43.492,0.76798,0.76834,1.35,1.13
2012.05.23 12:32:44.477,0.76795,0.76832,2.48,1.13
2012.05.23 12:32:45.622,0.76795,0.76832,2.48,1.13
2012.05.23 12:32:45.868,0.76792,0.76829,1.13,1.13
2012.05.23 12:32:46.173,0.76794,0.76829,1.13,1.13
2012.05.23 12:32:46.241,0.76797,0.76832,1.50,3.19
2012.05.23 12:32:46.892,0.76795,0.76834,2.25,1.73
2012.05.23 12:32:47.043,0.76791,0.76831,3.00,1.13
2012.05.23 12:32:48.936,0.76792,0.76831,1.50,1.13
2012.05.23 12:32:49.002,0.76792,0.7683,1.13,1.13
2012.05.23 12:32:50.364,0.76793,0.7683,1.13,1.13
2012.05.23 12:32:50.433,0.76797,0.76832,1.13,3.00
2012.05.23 12:32:50.761,0.76795,0.76835,2.85,1.13
2012.05.23 12:32:50.855,0.76795,0.76829,2.29,1.13
2012.05.23 12:32:50.982,0.76795,0.76829,2.29,1.13
2012.05.23 12:32:51.702,0.76795,0.76829,2.29,1.13
2012.05.23 12:32:51.821,0.76792,0.76829,1.13,1.13
2012.05.23 12:32:52.873,0.7679,0.76826,2.25,1.35
2012.05.23 12:32:52.946,0.76786,0.76823,1.50,1.13
2012.05.23 12:32:53.074,0.76786,0.76824,1.50,1.13
2012.05.23 12:32:53.948,0.76784,0.76824,1.13,3.00
2012.05.23 12:32:54.415,0.76786,0.76823,1.50,1.13
2012.05.23 12:32:56.796,0.76785,0.76822,1.13,1.13
2012.05.23 12:32:57.524,0.76785,0.76822,1.13,3.23
2012.05.23 12:32:57.675,0.76783,0.76821,1.13,1.35
2012.05.23 12:32:58.222,0.76782,0.76818,1.50,1.13
2012.05.23 12:32:58.768,0.76783,0.76819,1.13,1.50
2012.05.23 12:32:59.041,0.76786,0.76823,1.13,1.13
2012.05.23 12:32:59.193,0.76786,0.76824,1.13,1.50
2012.05.23 12:33:01.556,0.76786,0.76823,1.13,1.13
2012.05.23 12:33:02.348,0.76787,0.76824,1.13,1.13
2012.05.23 12:33:02.896,0.76787,0.76823,1.13,1.13
2012.05.23 12:33:03.152,0.76787,0.76822,1.13,1.13
2012.05.23 12:33:08.872,0.76783,0.7682,2.25,1.35
2012.05.23 12:33:09.662,0.76779,0.76818,1.35,3.19
2012.05.23 12:33:10.195,0.76782,0.76818,1.13,3.19
2012.05.23 12:33:11.252,0.7678,0.76817,1.13,1.13
2012.05.23 12:33:11.405,0.7678,0.76818,1.13,3.38
2012.05.23 12:33:11.653,0.7678,0.76817,1.13,1.13
2012.05.23 12:33:12.208,0.7678,0.76818,1.13,3.38
2012.05.23 12:33:12.585,0.7678,0.76817,1.13,1.13
2012.05.23 12:33:12.968,0.7678,0.76818,1.13,3.38
2012.05.23 12:33:15.157,0.7678,0.76817,1.13,1.13
2012.05.23 12:33:18.053,0.76781,0.76816,1.13,1.13
2012.05.23 12:33:18.852,0.76781,0.76818,1.13,3.00
2012.05.23 12:33:19.082,0.76783,0.76818,1.13,2.44
2012.05.23 12:33:20.614,0.76782,0.7682,1.50,1.73
2012.05.23 12:33:21.021,0.76781,0.76818,1.13,1.13
2012.05.23 12:33:21.083,0.76781,0.76818,1.13,1.13
2012.05.23 12:33:21.217,0.76781,0.76818,1.13,1.13
2012.05.23 12:33:21.574,0.76777,0.76814,1.13,1.13
2012.05.23 12:33:22.087,0.76776,0.76814,1.50,1.13
2012.05.23 12:33:22.984,0.76777,0.76814,1.13,1.13
2012.05.23 12:33:23.363,0.76777,0.76817,1.13,3.60
2012.05.23 12:33:23.561,0.76786,0.76826,2.10,1.13
2012.05.23 12:33:23.823,0.76786,0.7682,1.35,1.13
2012.05.23 12:33:24.111,0.76786,0.76824,2.10,1.13
2012.05.23 12:33:24.316,0.76789,0.76824,1.13,1.13
2012.05.23 12:33:24.655,0.76788,0.76823,1.35,3.00
2012.05.23 12:33:25.173,0.76787,0.76819,1.35,1.13
2012.05.23 12:33:25.481,0.7678,0.76818,1.54,1.13
2012.05.23 12:33:26.102,0.76787,0.7682,1.35,1.13
2012.05.23 12:33:26.221,0.76789,0.76826,2.25,1.54
2012.05.23 12:33:26.281,0.76793,0.76828,1.13,1.73
2012.05.23 12:33:26.342,0.76791,0.76826,1.13,1.54
2012.05.23 12:33:27.073,0.76789,0.76826,1.13,3.98
2012.05.23 12:33:29.520,0.76787,0.76827,1.73,1.35
2012.05.23 12:33:29.645,0.76786,0.76824,2.10,1.13
2012.05.23 12:33:29.904,0.76787,0.76827,1.73,1.35
2012.05.23 12:33:30.373,0.76791,0.76828,1.13,1.73
2012.05.23 12:33:30.501,0.76791,0.76831,1.73,3.00
2012.05.23 12:33:30.815,0.76796,0.76833,1.13,1.13
2012.05.23 12:33:32.052,0.76792,0.7683,3.00,3.19
2012.05.23 12:33:32.115,0.76791,0.76828,1.73,1.13
2012.05.23 12:33:32.705,0.76791,0.76828,1.35,1.50
2012.05.23 12:33:33.272,0.76783,0.76822,1.13,2.63
2012.05.23 12:33:33.602,0.76781,0.76819,1.54,2.25
2012.05.23 12:33:35.382,0.76776,0.76816,1.54,2.25
2012.05.23 12:33:35.501,0.76776,0.76816,1.54,4.50
2012.05.23 12:33:35.922,0.76776,0.76816,1.54,2.25
2012.05.23 12:33:36.263,0.76783,0.7682,1.35,2.25
2012.05.23 12:33:36.472,0.76783,0.7682,1.35,2.25
2012.05.23 12:33:37.003,0.76783,0.76823,1.54,2.25
2012.05.23 12:33:37.465,0.76783,0.76823,1.54,2.25
2012.05.23 12:33:37.798,0.76785,0.76825,1.50,3.60
2012.05.23 12:33:37.866,0.76791,0.76823,2.10,1.13
2012.05.23 12:33:37.931,0.76794,0.76825,1.73,2.25
2012.05.23 12:33:38.090,0.76794,0.76833,1.73,3.00
2012.05.23 12:33:38.454,0.76794,0.76833,1.73,2.25
2012.05.23 12:33:38.794,0.76796,0.76834,1.13,1.50
2012.05.23 12:33:38.932,0.76796,0.76833,1.13,1.13
2012.05.23 12:33:39.775,0.76794,0.76829,1.54,1.13
2012.05.23 12:33:40.571,0.76796,0.76833,1.13,1.13
2012.05.23 12:33:43.184,0.76793,0.76833,1.35,1.13
2012.05.23 12:33:47.092,0.76792,0.7683,3.00,1.54
2012.05.23 12:33:47.151,0.76792,0.7683,2.25,1.54
2012.05.23 12:33:48.156,0.7679,0.7683,1.35,2.10
2012.05.23 12:33:48.474,0.76792,0.7683,1.13,2.10
2012.05.23 12:33:53.085,0.76791,0.76829,2.10,1.13
2012.05.23 12:33:55.733,0.76792,0.76831,1.13,3.23
2012.05.23 12:33:55.800,0.76791,0.76829,2.10,1.13
2012.05.23 12:33:55.914,0.76792,0.76831,1.13,3.23
2012.05.23 12:33:55.982,0.76796,0.76831,1.13,2.44
2012.05.23 12:33:56.135,0.76793,0.76835,1.35,3.75
2012.05.23 12:33:56.493,0.76796,0.76835,1.50,3.38
2012.05.23 12:33:56.639,0.76799,0.76835,2.25,3.00
2012.05.23 12:33:57.869,0.76799,0.76836,1.13,1.50
2012.05.23 12:33:58.634,0.76801,0.76834,1.50,3.00
2012.05.23 12:33:59.121,0.76799,0.76834,1.13,3.19
2012.05.23 12:34:00.705,0.76801,0.76834,1.50,3.00
2012.05.23 12:34:02.186,0.76802,0.76837,1.50,1.54
2012.05.23 12:34:02.984,0.76809,0.76839,1.13,2.25
2012.05.23 12:34:05.677,0.76805,0.76839,1.50,2.44
2012.05.23 12:34:05.742,0.76805,0.76839,1.50,3.19
2012.05.23 12:34:05.863,0.76805,0.76839,1.50,2.44
2012.05.23 12:34:06.382,0.7681,0.76845,1.13,1.50
2012.05.23 12:34:06.883,0.76808,0.76843,1.35,2.25
2012.05.23 12:34:07.984,0.76808,0.76844,1.54,3.75
2012.05.23 12:34:08.628,0.76808,0.76842,1.35,2.25
2012.05.23 12:34:08.916,0.76807,0.76838,1.54,1.13
2012.05.23 12:34:09.048,0.76808,0.76842,1.35,2.25
2012.05.23 12:34:09.849,0.76808,0.76843,1.54,1.50
2012.05.23 12:34:10.223,0.76808,0.76844,1.54,4.50
2012.05.23 12:34:10.716,0.76808,0.76843,1.54,1.50
2012.05.23 12:34:11.467,0.76806,0.7684,1.54,1.13
2012.05.23 12:34:11.726,0.76808,0.76843,1.35,1.50
2012.05.23 12:34:12.843,0.76808,0.76843,1.54,1.13
2012.05.23 12:34:16.454,0.76807,0.76841,1.54,1.13
2012.05.23 12:34:16.686,0.76808,0.76843,1.54,1.13
2012.05.23 12:34:18.833,0.76806,0.76841,1.54,1.13
2012.05.23 12:34:20.333,0.76805,0.76839,2.29,1.13
2012.05.23 12:34:20.678,0.76801,0.76838,1.54,2.25
2012.05.23 12:34:21.617,0.76799,0.76833,1.50,2.44
2012.05.23 12:34:22.194,0.76801,0.76836,1.50,3.23
2012.05.23 12:34:23.176,0.76801,0.76836,1.50,3.23
2012.05.23 12:34:24.621,0.76801,0.76836,1.50,3.23
2012.05.23 12:34:25.421,0.76802,0.76836,1.13,3.04
2012.05.23 12:34:26.163,0.76802,0.76836,1.13,3.04
2012.05.23 12:34:26.263,0.76798,0.76836,1.50,3.23
2012.05.23 12:34:27.164,0.76798,0.76833,1.13,2.44
2012.05.23 12:34:27.926,0.76797,0.76833,1.13,3.19
2012.05.23 12:34:28.418,0.768,0.76833,1.13,2.44
2012.05.23 12:34:29.156,0.768,0.76836,1.13,2.29
2012.05.23 12:34:29.463,0.76798,0.7683,1.13,2.44
2012.05.23 12:34:31.153,0.76799,0.76835,1.50,3.04
2012.05.23 12:34:31.233,0.76799,0.76835,1.50,2.44
2012.05.23 12:34:31.793,0.76798,0.76834,1.54,3.00
2012.05.23 12:34:32.385,0.76798,0.76834,1.54,3.00
2012.05.23 12:34:32.654,0.76796,0.7683,1.13,2.44
2012.05.23 12:34:32.722,0.76794,0.7683,1.13,3.00
2012.05.23 12:34:33.223,0.76796,0.7683,1.50,2.25
2012.05.23 12:34:33.644,0.76797,0.76836,1.13,3.00
2012.05.23 12:34:34.225,0.76801,0.76838,1.13,1.50
2012.05.23 12:34:35.446,0.76801,0.76839,1.13,2.85
2012.05.23 12:34:36.001,0.76801,0.76838,1.13,1.50
2012.05.23 12:34:36.163,0.76801,0.76836,1.13,3.00
2012.05.23 12:34:37.703,0.768,0.76833,1.13,2.44
2012.05.23 12:34:37.773,0.76805,0.76833,1.13,2.25
2012.05.23 12:34:37.843,0.76805,0.76843,1.13,1.50
2012.05.23 12:34:37.924,0.76805,0.76842,1.13,1.50
2012.05.23 12:34:38.023,0.76805,0.76836,1.13,2.25
2012.05.23 12:34:38.467,0.76801,0.76834,1.13,2.44
2012.05.23 12:34:39.055,0.76801,0.76834,1.13,2.44
2012.05.23 12:34:39.562,0.76801,0.76834,1.13,2.44
2012.05.23 12:34:40.903,0.76801,0.76839,1.13,2.25
2012.05.23 12:34:40.972,0.76811,0.76846,1.13,1.50
2012.05.23 12:34:41.454,0.76808,0.76846,1.35,1.50
2012.05.23 12:34:41.523,0.76805,0.7684,1.13,1.50
2012.05.23 12:34:41.670,0.76805,0.76841,1.13,1.35
2012.05.23 12:34:42.247,0.768,0.76838,1.73,2.25
2012.05.23 12:34:42.436,0.768,0.76838,1.73,2.25
2012.05.23 12:34:43.022,0.76802,0.76839,1.13,1.50
2012.05.23 12:34:44.412,0.76806,0.76842,1.35,2.25
2012.05.23 12:34:44.472,0.76809,0.76846,1.13,1.35
2012.05.23 12:34:45.013,0.76806,0.76845,1.54,4.50
2012.05.23 12:34:45.682,0.76806,0.76844,1.54,1.50
2012.05.23 12:34:45.897,0.76806,0.76844,1.54,1.50
2012.05.23 12:34:46.143,0.76804,0.7684,1.50,2.44
2012.05.23 12:34:46.491,0.76803,0.76841,1.50,1.35
2012.05.23 12:34:46.722,0.76806,0.76842,1.54,2.25
2012.05.23 12:34:47.194,0.76806,0.76844,1.73,1.50
2012.05.23 12:34:47.633,0.76801,0.7684,1.73,3.00
2012.05.23 12:34:48.651,0.76801,0.76836,1.73,2.44
2012.05.23 12:34:49.284,0.76804,0.7684,1.50,2.63
2012.05.23 12:34:49.453,0.76804,0.7684,1.50,2.63
2012.05.23 12:34:49.681,0.76804,0.76843,1.50,2.25
2012.05.23 12:34:50.716,0.76806,0.76844,1.50,2.10
2012.05.23 12:34:51.392,0.76806,0.76844,1.50,1.35
2012.05.23 12:34:52.124,0.76806,0.76844,1.50,2.10
2012.05.23 12:34:53.027,0.76805,0.76842,1.50,2.48
2012.05.23 12:34:53.793,0.76805,0.7684,1.50,1.73
2012.05.23 12:34:55.913,0.76805,0.76842,1.50,2.48
2012.05.23 12:34:59.213,0.76805,0.7684,1.13,1.54
2012.05.23 12:35:00.316,0.76802,0.76839,1.50,1.13
2012.05.23 12:35:00.715,0.76807,0.76841,2.85,2.25
2012.05.23 12:35:00.825,0.76802,0.76838,1.50,1.73
2012.05.23 12:35:00.892,0.76799,0.76837,1.73,2.25
2012.05.23 12:35:01.484,0.76805,0.76842,1.54,2.25
2012.05.23 12:35:02.615,0.76805,0.76844,1.73,3.75
2012.05.23 12:35:02.934,0.76811,0.76844,1.50,3.00
2012.05.23 12:35:03.357,0.76813,0.76849,1.50,3.23
2012.05.23 12:35:04.624,0.76812,0.76847,1.13,1.35
2012.05.23 12:35:04.714,0.76812,0.76846,1.13,1.54
2012.05.23 12:35:04.933,0.76808,0.76846,2.25,1.54
2012.05.23 12:35:05.063,0.76806,0.76843,1.13,1.50
2012.05.23 12:35:08.034,0.76806,0.76841,1.50,1.13
2012.05.23 12:35:10.654,0.76806,0.76844,1.50,3.75
2012.05.23 12:35:12.327,0.76807,0.76844,1.13,3.75
2012.05.23 12:35:19.804,0.76809,0.76847,1.50,1.35
2012.05.23 12:35:23.660,0.76809,0.76847,1.50,1.35
2012.05.23 12:35:23.723,0.76813,0.76849,1.13,5.29
2012.05.23 12:35:25.853,0.76813,0.76849,1.50,3.04
2012.05.23 12:35:25.992,0.76813,0.7685,1.50,1.13
2012.05.23 12:35:26.742,0.76813,0.76853,3.75,1.35
2012.05.23 12:35:26.802,0.76819,0.76854,1.50,1.73
2012.05.23 12:35:27.286,0.76819,0.76856,1.50,2.48
2012.05.23 12:35:27.703,0.76819,0.76853,1.50,1.54
2012.05.23 12:35:28.853,0.76822,0.76853,1.13,1.35
2012.05.23 12:35:29.003,0.76822,0.76859,1.13,3.75
2012.05.23 12:35:29.194,0.76822,0.76859,1.13,3.75
2012.05.23 12:35:29.758,0.76825,0.76861,1.13,3.79
2012.05.23 12:35:30.087,0.76827,0.76861,1.50,2.85
2012.05.23 12:35:30.211,0.76829,0.76866,1.50,3.38
2012.05.23 12:35:30.391,0.76829,0.76868,1.50,1.73
2012.05.23 12:35:30.754,0.76834,0.76869,1.50,2.48
2012.05.23 12:35:32.764,0.76836,0.76873,1.50,1.54
2012.05.23 12:35:33.057,0.76837,0.76873,1.50,1.54
2012.05.23 12:35:34.254,0.7684,0.76873,1.50,1.54
2012.05.23 12:35:34.912,0.76842,0.76873,1.50,1.35
2012.05.23 12:35:35.222,0.76846,0.76876,3.00,2.10
2012.05.23 12:35:35.282,0.76849,0.7689,1.35,1.54
2012.05.23 12:35:35.403,0.76849,0.7689,1.35,1.54
2012.05.23 12:35:35.593,0.76846,0.76882,2.29,1.13
2012.05.23 12:35:35.662,0.76846,0.76882,2.29,1.13
2012.05.23 12:35:35.854,0.76845,0.76882,1.50,2.63
2012.05.23 12:35:36.214,0.76845,0.76882,1.50,1.13
2012.05.23 12:35:36.583,0.76849,0.7688,1.54,2.25
2012.05.23 12:35:36.651,0.76849,0.76888,1.54,3.00
2012.05.23 12:35:37.625,0.76848,0.76885,1.35,1.13
2012.05.23 12:35:39.433,0.76846,0.76885,1.50,3.38
2012.05.23 12:35:39.535,0.76846,0.76884,1.50,1.50
2012.05.23 12:35:40.135,0.76849,0.76884,1.13,1.50
2012.05.23 12:35:40.706,0.76846,0.76884,1.50,1.50
2012.05.23 12:35:41.235,0.76846,0.76884,1.50,1.50
2012.05.23 12:35:41.404,0.76847,0.76887,2.25,1.54
2012.05.23 12:35:41.471,0.76847,0.76887,2.25,1.54
2012.05.23 12:35:41.611,0.76847,0.76883,3.00,3.00
2012.05.23 12:35:42.116,0.76848,0.76887,2.25,1.54
2012.05.23 12:35:43.315,0.76851,0.76886,1.50,3.19
2012.05.23 12:35:43.724,0.76848,0.76886,2.85,3.19
2012.05.23 12:35:44.039,0.76847,0.76884,1.73,1.50
2012.05.23 12:35:44.346,0.76847,0.76884,1.73,1.50
2012.05.23 12:35:44.520,0.76848,0.76886,2.85,1.13
2012.05.23 12:35:45.152,0.76851,0.76888,1.50,1.13
2012.05.23 12:35:45.623,0.76848,0.76885,1.73,1.50
2012.05.23 12:35:46.825,0.76846,0.76883,1.13,1.50
2012.05.23 12:35:48.397,0.76843,0.76879,3.19,1.13
2012.05.23 12:35:48.891,0.76844,0.76881,1.13,1.50
2012.05.23 12:35:49.424,0.76842,0.76881,1.13,1.50
2012.05.23 12:35:49.913,0.76844,0.76879,1.13,1.54
2012.05.23 12:35:50.575,0.76844,0.76881,1.13,1.50
2012.05.23 12:35:51.448,0.76843,0.7688,1.50,1.13
2012.05.23 12:35:52.944,0.76842,0.7688,2.10,1.13
2012.05.23 12:35:53.716,0.76844,0.76879,1.13,1.50
2012.05.23 12:35:54.337,0.76842,0.76878,1.13,1.54
2012.05.23 12:35:55.074,0.76841,0.76878,1.13,2.10
2012.05.23 12:35:55.780,0.76838,0.76878,1.50,2.10
2012.05.23 12:35:57.503,0.76843,0.76878,1.13,2.10
2012.05.23 12:35:57.843,0.76847,0.76878,1.13,1.35
2012.05.23 12:35:57.963,0.76847,0.76883,1.13,3.19
2012.05.23 12:35:58.963,0.76846,0.76881,1.13,1.54
2012.05.23 12:35:59.158,0.76845,0.76879,3.19,1.13
2012.05.23 12:36:04.845,0.76843,0.76881,1.50,1.35
2012.05.23 12:36:04.966,0.76843,0.76879,1.50,1.13
2012.05.23 12:36:05.444,0.76846,0.76881,3.00,1.35
2012.05.23 12:36:06.443,0.7685,0.76884,1.13,3.04
2012.05.23 12:36:06.667,0.76846,0.76881,2.25,1.35
2012.05.23 12:36:06.737,0.76839,0.76874,3.23,1.13
2012.05.23 12:36:07.169,0.7684,0.76873,1.35,3.00
2012.05.23 12:36:07.237,0.76841,0.76878,3.23,1.13
2012.05.23 12:36:07.363,0.76844,0.76879,1.35,1.50
2012.05.23 12:36:07.550,0.76846,0.76883,1.50,1.54
2012.05.23 12:36:07.614,0.76846,0.76883,1.50,1.54
2012.05.23 12:36:07.892,0.76846,0.76884,1.50,1.73
2012.05.23 12:36:08.645,0.76845,0.76883,1.13,1.35
2012.05.23 12:36:08.964,0.76845,0.76883,1.13,2.10
2012.05.23 12:36:09.222,0.76849,0.76884,1.13,1.13
2012.05.23 12:36:09.527,0.76846,0.76883,1.54,1.50
2012.05.23 12:36:09.775,0.76849,0.76883,1.13,1.35
2012.05.23 12:36:09.932,0.76849,0.76885,1.13,2.29
2012.05.23 12:36:11.255,0.76849,0.76889,1.73,2.10
2012.05.23 12:36:11.344,0.76849,0.76886,1.73,1.13
2012.05.23 12:36:13.476,0.76849,0.76883,1.35,1.13
2012.05.23 12:36:14.244,0.76849,0.76885,1.73,1.50
2012.05.23 12:36:17.435,0.76848,0.76885,1.35,1.50
2012.05.23 12:36:17.753,0.76843,0.76879,3.38,1.50
2012.05.23 12:36:18.019,0.76846,0.76883,1.13,1.54
2012.05.23 12:36:18.507,0.76846,0.76883,1.13,1.54
2012.05.23 12:36:18.833,0.76848,0.76884,1.50,1.54
2012.05.23 12:36:19.244,0.76846,0.76883,3.00,1.35
2012.05.23 12:36:19.974,0.76848,0.76883,1.50,1.35
2012.05.23 12:36:21.085,0.76848,0.76883,1.13,1.54
2012.05.23 12:36:23.783,0.76846,0.76883,1.50,1.54
2012.05.23 12:36:24.115,0.76847,0.76884,1.13,1.54
2012.05.23 12:36:24.497,0.76842,0.76882,2.10,2.25
2012.05.23 12:36:24.704,0.76842,0.76882,2.10,2.25
2012.05.23 12:36:24.835,0.76842,0.76879,1.54,3.00
2012.05.23 12:36:25.394,0.76847,0.76882,1.13,1.13
2012.05.23 12:36:25.708,0.76847,0.76883,1.13,2.10
2012.05.23 12:36:26.154,0.76847,0.76883,1.13,1.35
2012.05.23 12:36:26.488,0.76848,0.76885,1.13,1.13
2012.05.23 12:36:29.337,0.76848,0.76884,1.13,3.04
2012.05.23 12:36:30.655,0.76844,0.76882,3.38,1.35
2012.05.23 12:36:32.197,0.76845,0.76883,3.38,1.35
2012.05.23 12:36:40.248,0.76845,0.7688,3.00,2.25
2012.05.23 12:36:40.685,0.7685,0.76884,1.35,1.50
2012.05.23 12:36:40.752,0.76848,0.76882,2.10,1.13
2012.05.23 12:36:41.876,0.76844,0.76878,1.35,1.50
2012.05.23 12:36:42.666,0.76844,0.76876,1.35,2.25
2012.05.23 12:36:44.205,0.76837,0.76874,1.35,2.25
2012.05.23 12:36:44.273,0.76837,0.76874,1.35,3.00
2012.05.23 12:36:44.675,0.76837,0.7687,1.35,2.25
2012.05.23 12:36:45.099,0.76837,0.76873,1.35,2.25
2012.05.23 12:36:45.922,0.76837,0.76873,1.35,2.25
2012.05.23 12:36:51.723,0.76834,0.7687,3.38,1.35
2012.05.23 12:36:51.935,0.76834,0.7687,1.13,1.35
2012.05.23 12:36:52.019,0.76831,0.76868,1.54,2.25
2012.05.23 12:36:52.484,0.76831,0.76868,1.54,2.25
2012.05.23 12:36:52.704,0.76831,0.7687,1.54,1.35
2012.05.23 12:36:53.667,0.76831,0.76867,1.35,2.25
2012.05.23 12:36:54.374,0.76831,0.76867,1.35,2.25
2012.05.23 12:36:54.443,0.76831,0.76863,1.35,2.25
2012.05.23 12:36:54.762,0.76831,0.76863,1.35,2.25
2012.05.23 12:36:55.093,0.76831,0.76868,1.35,2.25
2012.05.23 12:36:55.462,0.76836,0.76873,1.54,4.50
2012.05.23 12:36:56.133,0.76836,0.76873,1.54,2.25
2012.05.23 12:36:56.905,0.76836,0.76873,1.54,2.25
2012.05.23 12:36:57.132,0.76836,0.76871,1.35,2.25
2012.05.23 12:36:58.332,0.76836,0.76874,1.54,2.63
2012.05.23 12:36:58.674,0.76836,0.76872,1.35,2.25
2012.05.23 12:37:01.848,0.76832,0.7687,1.13,3.00
2012.05.23 12:37:02.863,0.76834,0.76874,1.13,3.00
2012.05.23 12:37:06.907,0.76834,0.76874,1.13,3.00
2012.05.23 12:37:08.116,0.76833,0.76874,1.13,4.50
2012.05.23 12:37:10.096,0.7683,0.76871,1.13,2.25
2012.05.23 12:37:12.074,0.76833,0.76869,1.13,3.00
2012.05.23 12:37:12.594,0.76833,0.76872,1.13,2.25
2012.05.23 12:37:20.223,0.76833,0.76872,1.13,2.25
2012.05.23 12:37:20.474,0.76837,0.76872,3.00,2.25
2012.05.23 12:37:20.549,0.76839,0.7688,1.13,2.25
2012.05.23 12:37:21.204,0.76837,0.76876,3.38,2.25
2012.05.23 12:37:21.536,0.76842,0.76881,1.13,2.25
2012.05.23 12:37:21.695,0.76841,0.76879,1.13,1.50
2012.05.23 12:37:21.764,0.76837,0.76876,1.13,2.25
2012.05.23 12:37:22.904,0.76837,0.76875,1.13,3.00
2012.05.23 12:37:24.507,0.76837,0.76873,1.13,1.50
2012.05.23 12:37:25.909,0.76838,0.76873,1.13,1.13
2012.05.23 12:37:27.795,0.76838,0.76875,1.13,2.63
2012.05.23 12:37:28.665,0.76838,0.76877,1.13,2.25
2012.05.23 12:37:28.852,0.76845,0.76879,1.13,2.44
2012.05.23 12:37:28.911,0.76845,0.76882,1.13,1.35
2012.05.23 12:37:31.736,0.76845,0.76883,1.13,1.35
2012.05.23 12:37:34.793,0.76846,0.76884,1.13,1.35
2012.05.23 12:37:34.944,0.76846,0.76884,1.13,2.10
2012.05.23 12:37:35.864,0.76846,0.76884,1.50,1.73
2012.05.23 12:37:37.203,0.76846,0.76882,1.50,1.54
2012.05.23 12:37:37.554,0.7684,0.76877,1.13,1.13
2012.05.23 12:37:39.718,0.76839,0.76875,1.13,3.19
2012.05.23 12:37:40.556,0.76839,0.76874,1.13,1.54
2012.05.23 12:37:41.164,0.76837,0.76872,1.13,1.35
2012.05.23 12:37:42.354,0.76837,0.76872,1.50,1.54
2012.05.23 12:37:42.926,0.76838,0.76873,1.13,1.73
2012.05.23 12:37:45.492,0.76836,0.76872,1.13,1.54
2012.05.23 12:37:46.734,0.76836,0.76872,1.13,1.54
2012.05.23 12:37:46.851,0.76836,0.76873,1.13,1.73
2012.05.23 12:37:48.375,0.76831,0.76864,1.35,3.00
2012.05.23 12:37:48.503,0.76831,0.76868,1.54,4.50
2012.05.23 12:37:48.645,0.76831,0.76868,1.54,4.50
2012.05.23 12:37:49.415,0.76831,0.76868,1.54,5.25
2012.05.23 12:37:50.135,0.76831,0.76868,1.54,4.50
2012.05.23 12:37:50.264,0.76837,0.76875,1.50,1.13
2012.05.23 12:37:50.614,0.76837,0.76875,1.50,1.13
2012.05.23 12:37:50.673,0.76836,0.76871,1.54,1.13
2012.05.23 12:37:51.013,0.76836,0.76874,1.54,1.50
2012.05.23 12:37:53.054,0.76836,0.76873,1.54,1.13
2012.05.23 12:37:53.112,0.76836,0.76873,1.73,1.13
2012.05.23 12:37:53.172,0.76836,0.76877,1.73,2.25
2012.05.23 12:37:53.408,0.7684,0.76878,1.13,1.50
2012.05.23 12:37:54.356,0.7684,0.76877,1.13,1.13
2012.05.23 12:37:54.986,0.76839,0.76876,3.75,1.13
2012.05.23 12:37:55.396,0.76839,0.76876,3.00,1.13
2012.05.23 12:37:55.969,0.76839,0.76879,3.00,1.50
2012.05.23 12:37:57.155,0.7684,0.76879,2.48,1.50
2012.05.23 12:37:59.896,0.76845,0.76885,2.25,3.19
2012.05.23 12:38:00.559,0.76847,0.76885,2.25,3.19
2012.05.23 12:38:00.886,0.76844,0.76884,2.85,1.13
2012.05.23 12:38:03.636,0.76844,0.76883,1.35,1.13
2012.05.23 12:38:05.258,0.76844,0.76883,1.35,1.13
2012.05.23 12:38:05.384,0.76844,0.7688,1.35,1.13
2012.05.23 12:38:05.636,0.76842,0.7688,3.00,1.73
2012.05.23 12:38:05.908,0.76842,0.7688,2.25,1.73
2012.05.23 12:38:06.496,0.76839,0.7688,2.25,2.10
2012.05.23 12:38:06.938,0.76842,0.7688,1.13,2.10
2012.05.23 12:38:08.125,0.76839,0.76874,1.50,1.13
2012.05.23 12:38:08.401,0.76836,0.76874,3.00,1.13
2012.05.23 12:38:09.444,0.76839,0.76874,1.50,1.13
2012.05.23 12:38:10.354,0.76837,0.76874,1.50,1.13
2012.05.23 12:38:11.187,0.76837,0.76876,1.13,1.50
2012.05.23 12:38:14.155,0.76837,0.76877,1.50,1.50
2012.05.23 12:38:15.754,0.76836,0.76877,2.25,1.50
2012.05.23 12:38:15.830,0.76837,0.76877,1.50,1.50
2012.05.23 12:38:17.035,0.76836,0.76877,3.00,1.50
2012.05.23 12:38:21.305,0.76835,0.76872,1.35,1.13
2012.05.23 12:38:21.892,0.76831,0.76869,1.50,1.50
2012.05.23 12:38:21.954,0.7683,0.76869,2.25,1.50
2012.05.23 12:38:22.023,0.76832,0.76869,1.13,1.50
2012.05.23 12:38:22.986,0.76831,0.76868,1.13,1.50
2012.05.23 12:38:23.426,0.76827,0.76863,1.54,1.13
2012.05.23 12:38:23.494,0.76827,0.76863,1.54,1.13
2012.05.23 12:38:24.538,0.76827,0.76863,1.50,1.54
2012.05.23 12:38:25.225,0.76826,0.76863,3.00,1.54
2012.05.23 12:38:25.760,0.76828,0.76863,2.25,1.35
2012.05.23 12:38:25.886,0.76831,0.76863,1.50,1.35
2012.05.23 12:38:29.459,0.76831,0.76863,1.13,1.35
2012.05.23 12:38:30.868,0.76829,0.76863,1.13,1.54
2012.05.23 12:38:31.402,0.76827,0.76863,1.13,1.54
2012.05.23 12:38:31.506,0.76825,0.7686,1.13,1.50
2012.05.23 12:38:32.696,0.76822,0.76858,1.50,1.13
2012.05.23 12:38:32.763,0.76822,0.76857,1.50,1.13
2012.05.23 12:38:32.990,0.76822,0.76858,1.50,1.13
2012.05.23 12:38:33.494,0.76822,0.76857,1.50,1.13
2012.05.23 12:38:33.742,0.7682,0.76856,1.54,1.50
2012.05.23 12:38:33.803,0.7682,0.76858,1.54,3.75
2012.05.23 12:38:33.865,0.76824,0.76858,1.50,3.00
2012.05.23 12:38:34.130,0.76821,0.76858,3.00,3.00
2012.05.23 12:38:34.313,0.76821,0.76856,3.38,1.50
2012.05.23 12:38:34.460,0.76821,0.76858,1.13,1.50
2012.05.23 12:38:34.524,0.76826,0.76862,1.13,3.19
2012.05.23 12:38:35.018,0.76826,0.76863,1.13,1.35
2012.05.23 12:38:35.144,0.76826,0.76863,1.13,1.35
2012.05.23 12:38:35.276,0.76821,0.76862,1.50,2.25
2012.05.23 12:38:35.838,0.76821,0.76858,1.50,1.13
2012.05.23 12:38:36.164,0.7682,0.76858,1.54,1.50
2012.05.23 12:38:36.584,0.76817,0.76853,3.04,1.50
2012.05.23 12:38:36.703,0.76815,0.76853,1.13,1.50
2012.05.23 12:38:37.424,0.76815,0.76855,1.13,2.25
2012.05.23 12:38:37.613,0.76818,0.76858,1.50,2.85
2012.05.23 12:38:37.673,0.76819,0.76858,1.54,1.50
2012.05.23 12:38:38.307,0.76819,0.76855,1.35,2.25
2012.05.23 12:38:38.636,0.76815,0.76853,1.13,1.50
2012.05.23 12:38:38.869,0.76815,0.76854,1.13,1.35
2012.05.23 12:38:41.253,0.76817,0.76855,1.54,2.25
2012.05.23 12:38:45.392,0.76817,0.76851,1.54,1.13
2012.05.23 12:38:45.454,0.76817,0.76848,1.35,1.13
2012.05.23 12:38:46.208,0.76811,0.76851,2.10,1.35
2012.05.23 12:38:46.442,0.76811,0.76849,2.10,1.13
2012.05.23 12:38:47.948,0.76815,0.7685,1.13,1.54
2012.05.23 12:38:48.527,0.76815,0.76855,1.73,2.25
2012.05.23 12:38:48.735,0.76815,0.76852,1.13,1.35
2012.05.23 12:38:48.804,0.76812,0.7685,1.13,2.25
2012.05.23 12:38:49.160,0.76807,0.76844,1.13,2.10
2012.05.23 12:38:49.417,0.76807,0.76843,1.13,1.50
2012.05.23 12:38:49.658,0.76807,0.76844,1.13,3.60
2012.05.23 12:38:49.993,0.76809,0.76842,1.35,2.25
2012.05.23 12:38:50.157,0.76809,0.76847,1.54,2.25
2012.05.23 12:38:50.511,0.7681,0.76848,1.13,3.00
2012.05.23 12:38:50.992,0.7681,0.76848,1.13,3.00
2012.05.23 12:38:51.182,0.76814,0.76853,1.50,3.75
2012.05.23 12:38:52.737,0.76814,0.76853,1.50,3.00
2012.05.23 12:38:53.290,0.76817,0.76853,1.13,3.00
2012.05.23 12:38:53.354,0.76817,0.76853,1.13,3.75
2012.05.23 12:38:54.070,0.76817,0.76853,1.13,3.00
2012.05.23 12:38:54.133,0.76817,0.76853,1.13,3.75
2012.05.23 12:38:56.244,0.76816,0.76853,1.13,3.75
2012.05.23 12:38:56.441,0.76816,0.76853,1.13,3.00
2012.05.23 12:38:56.843,0.76818,0.76857,1.50,2.48
2012.05.23 12:38:57.494,0.76813,0.76852,1.50,2.25
2012.05.23 12:38:57.679,0.76821,0.76849,1.13,2.25
2012.05.23 12:38:57.803,0.76821,0.76858,1.13,2.10
2012.05.23 12:38:57.896,0.76822,0.76858,3.00,1.35
2012.05.23 12:38:58.281,0.76822,0.76858,2.25,1.35
2012.05.23 12:38:58.345,0.76819,0.76858,1.35,1.54
2012.05.23 12:38:58.460,0.76822,0.76858,1.13,1.54
2012.05.23 12:38:58.667,0.76823,0.76858,2.25,1.35
2012.05.23 12:38:59.215,0.76822,0.76858,1.13,1.54
2012.05.23 12:38:59.414,0.76824,0.76859,1.13,2.10
2012.05.23 12:38:59.796,0.76822,0.76859,1.73,1.50
2012.05.23 12:38:59.871,0.76822,0.76858,1.13,1.54
2012.05.23 12:38:59.935,0.76821,0.76856,1.13,1.35
2012.05.23 12:39:00.657,0.76815,0.76855,1.50,1.35
2012.05.23 12:39:00.964,0.76822,0.76858,1.50,3.19
2012.05.23 12:39:01.154,0.7682,0.76859,1.35,1.13
2012.05.23 12:39:01.224,0.76817,0.76854,3.23,1.50
2012.05.23 12:39:05.156,0.76821,0.76856,1.13,2.44
2012.05.23 12:39:05.223,0.76821,0.76856,1.13,2.44
2012.05.23 12:39:05.284,0.7683,0.76856,1.13,2.25
2012.05.23 12:39:05.353,0.7683,0.76861,1.13,2.44
2012.05.23 12:39:05.473,0.76826,0.76865,3.60,1.50
2012.05.23 12:39:05.597,0.76826,0.76859,1.54,1.13
2012.05.23 12:39:09.970,0.76822,0.7686,2.10,2.63
2012.05.23 12:39:11.383,0.76822,0.76862,2.10,1.35
2012.05.23 12:39:12.203,0.76831,0.76866,1.13,1.50
2012.05.23 12:39:13.146,0.76831,0.76868,1.13,4.35
2012.05.23 12:39:14.474,0.76831,0.76866,1.13,1.50
2012.05.23 12:39:15.165,0.76825,0.76863,1.13,1.50
2012.05.23 12:39:15.413,0.76825,0.76862,1.13,1.50
2012.05.23 12:39:16.058,0.76822,0.76859,1.50,1.13
2012.05.23 12:39:16.278,0.76827,0.7686,1.13,1.35
2012.05.23 12:39:16.505,0.76821,0.76859,2.10,1.13
2012.05.23 12:39:16.645,0.76822,0.76859,1.50,1.13
2012.05.23 12:39:16.844,0.76826,0.76867,3.60,1.54
2012.05.23 12:39:17.216,0.7683,0.76867,1.13,1.54
2012.05.23 12:39:17.650,0.76827,0.76867,1.50,1.54
2012.05.23 12:39:18.213,0.7683,0.76867,1.13,1.54
2012.05.23 12:39:19.482,0.7683,0.76865,2.10,1.13
2012.05.23 12:39:20.356,0.7683,0.76868,2.10,1.50
2012.05.23 12:39:20.955,0.7683,0.76868,2.10,1.50
2012.05.23 12:39:21.025,0.7683,0.76868,1.54,3.00
2012.05.23 12:39:21.384,0.76832,0.76869,1.13,1.50
2012.05.23 12:39:23.974,0.76834,0.76869,1.13,1.50
2012.05.23 12:39:24.246,0.76835,0.76872,1.50,3.38
2012.05.23 12:39:24.373,0.76835,0.76872,1.13,1.50
2012.05.23 12:39:25.246,0.76837,0.76873,3.04,3.75
2012.05.23 12:39:25.695,0.7684,0.76875,1.35,2.25
2012.05.23 12:39:25.916,0.76837,0.76874,2.29,1.50
2012.05.23 12:39:26.204,0.76837,0.76871,2.10,2.25
2012.05.23 12:39:26.585,0.76832,0.76868,2.10,1.13
2012.05.23 12:39:27.725,0.76834,0.76871,1.54,2.25
2012.05.23 12:39:29.165,0.76834,0.76871,1.54,2.25
2012.05.23 12:39:34.130,0.76834,0.76868,1.35,2.25
2012.05.23 12:39:34.741,0.76831,0.76868,3.04,2.25
2012.05.23 12:39:34.816,0.76827,0.76868,2.10,2.25
2012.05.23 12:39:35.645,0.76827,0.76865,1.54,2.25
2012.05.23 12:39:35.716,0.76826,0.76864,1.54,1.50
2012.05.23 12:39:36.920,0.76827,0.76864,1.35,1.13
2012.05.23 12:39:39.836,0.76829,0.76867,1.13,2.25
2012.05.23 12:39:41.827,0.76827,0.76864,1.54,2.25
2012.05.23 12:39:42.162,0.76822,0.76861,4.50,1.50
2012.05.23 12:39:43.024,0.76821,0.76859,1.13,1.50
2012.05.23 12:39:43.807,0.76822,0.76862,1.13,2.25
2012.05.23 12:39:44.631,0.76826,0.76864,1.13,5.85
2012.05.23 12:39:44.696,0.76821,0.76859,1.13,1.50
2012.05.23 12:39:44.848,0.76821,0.76856,1.13,2.44
2012.05.23 12:39:44.973,0.76821,0.76856,1.13,2.44
2012.05.23 12:39:45.774,0.76819,0.76858,1.54,2.25
2012.05.23 12:39:46.117,0.76821,0.76859,1.13,3.00
2012.05.23 12:39:47.264,0.76816,0.76854,1.50,1.50
2012.05.23 12:39:47.764,0.7682,0.76857,1.13,1.50
2012.05.23 12:39:49.835,0.76821,0.76859,1.73,1.50
2012.05.23 12:39:50.485,0.76822,0.76861,1.35,1.54
2012.05.23 12:39:51.636,0.76826,0.76864,2.10,3.38
2012.05.23 12:39:51.954,0.76826,0.76863,1.35,1.13
2012.05.23 12:39:52.156,0.76822,0.76859,3.00,1.13
2012.05.23 12:39:52.224,0.76822,0.76859,3.75,1.13
2012.05.23 12:39:52.377,0.76821,0.76859,1.35,1.13
2012.05.23 12:39:52.508,0.76818,0.76854,2.29,1.50
2012.05.23 12:39:53.684,0.76821,0.76854,1.35,1.50
2012.05.23 12:39:53.754,0.76821,0.76856,1.54,1.13
2012.05.23 12:39:54.053,0.76823,0.76861,2.25,1.54
2012.05.23 12:39:54.263,0.76818,0.76855,2.85,1.13
2012.05.23 12:39:54.977,0.76818,0.76855,2.85,1.13
2012.05.23 12:39:55.043,0.76814,0.76851,1.50,1.13
2012.05.23 12:39:55.995,0.76817,0.76854,1.13,1.50
2012.05.23 12:39:58.865,0.76816,0.76853,1.13,1.50
2012.05.23 12:40:00.165,0.76814,0.76852,1.13,2.25
2012.05.23 12:40:01.087,0.76814,0.76852,1.13,2.25
2012.05.23 12:40:02.475,0.76815,0.76854,1.50,4.50
2012.05.23 12:40:03.705,0.76815,0.76853,1.50,1.50
2012.05.23 12:40:03.795,0.76816,0.76853,1.50,1.13
2012.05.23 12:40:05.664,0.76817,0.76855,1.50,1.50
2012.05.23 12:40:06.129,0.76814,0.76854,1.50,1.50
2012.05.23 12:40:06.366,0.76814,0.76851,1.50,1.13
2012.05.23 12:40:06.635,0.76814,0.76853,1.50,2.48
2012.05.23 12:40:07.176,0.76814,0.7685,1.50,1.54
2012.05.23 12:40:08.454,0.76816,0.76853,1.54,2.63
2012.05.23 12:40:08.803,0.76816,0.7685,1.54,2.63
2012.05.23 12:40:08.944,0.76816,0.7685,1.54,2.63
2012.05.23 12:40:09.063,0.76817,0.76855,1.13,1.50
2012.05.23 12:40:11.974,0.76817,0.76854,1.13,1.50
2012.05.23 12:40:13.313,0.76814,0.76853,1.50,3.00
2012.05.23 12:40:14.191,0.76814,0.76853,1.50,2.25
2012.05.23 12:40:14.445,0.76814,0.76853,1.50,2.25
2012.05.23 12:40:14.655,0.76814,0.76853,1.50,2.25
2012.05.23 12:40:14.724,0.7682,0.76854,1.13,2.44
2012.05.23 12:40:17.685,0.76821,0.76858,3.04,3.00
2012.05.23 12:40:18.258,0.76816,0.76853,1.50,1.13
2012.05.23 12:40:18.872,0.76816,0.76855,1.50,2.25
2012.05.23 12:40:19.224,0.76819,0.76858,1.50,4.50
2012.05.23 12:40:20.453,0.76815,0.76856,2.10,2.25
2012.05.23 12:40:21.544,0.76815,0.76853,1.54,4.50
2012.05.23 12:40:22.667,0.76815,0.76853,1.54,5.25
2012.05.23 12:40:23.086,0.76815,0.76853,2.10,3.38
2012.05.23 12:40:28.685,0.76817,0.76853,1.13,3.75
2012.05.23 12:40:30.924,0.76816,0.76853,1.13,3.00
2012.05.23 12:40:32.903,0.76815,0.76852,1.35,1.13
2012.05.23 12:40:34.036,0.76815,0.76853,2.10,2.63
2012.05.23 12:40:40.144,0.76815,0.76853,2.10,2.63
2012.05.23 12:40:40.213,0.76819,0.76853,1.13,2.44
2012.05.23 12:40:41.156,0.76821,0.76856,1.13,3.19
2012.05.23 12:40:42.076,0.76822,0.76859,1.73,1.50
2012.05.23 12:40:42.805,0.76822,0.76859,1.73,1.50
2012.05.23 12:40:43.696,0.76823,0.76861,2.25,3.38
2012.05.23 12:40:45.776,0.76827,0.76863,1.50,1.13
2012.05.23 12:40:46.133,0.76828,0.76863,1.50,1.13
2012.05.23 12:40:46.693,0.76831,0.76866,1.50,2.48
2012.05.23 12:40:47.424,0.76832,0.76869,1.50,1.13
2012.05.23 12:40:53.829,0.76837,0.76871,2.25,1.35
2012.05.23 12:40:53.968,0.76837,0.76871,2.25,1.35
2012.05.23 12:40:54.033,0.76837,0.76872,3.00,2.85
2012.05.23 12:40:54.165,0.76839,0.76877,1.35,1.13
2012.05.23 12:40:54.344,0.7684,0.76878,1.50,2.63
2012.05.23 12:40:54.404,0.76841,0.76878,3.00,2.25
2012.05.23 12:40:56.318,0.76844,0.76881,1.35,1.13
2012.05.23 12:40:57.354,0.76845,0.76882,1.35,1.13
2012.05.23 12:40:59.683,0.76846,0.76883,3.00,3.19
2012.05.23 12:41:00.623,0.76846,0.76883,2.25,3.79
2012.05.23 12:41:01.525,0.76844,0.76882,2.25,1.13
2012.05.23 12:41:03.543,0.76847,0.76883,1.50,1.54
2012.05.23 12:41:04.954,0.76849,0.76883,1.50,1.54
2012.05.23 12:41:05.674,0.76847,0.76884,1.50,1.13
2012.05.23 12:41:14.285,0.76848,0.76888,2.25,1.54
2012.05.23 12:41:15.394,0.76847,0.76887,1.50,1.50
2012.05.23 12:41:16.413,0.7685,0.76887,1.13,1.50
2012.05.23 12:41:16.943,0.76846,0.76887,3.60,1.50
2012.05.23 12:41:17.255,0.76849,0.76887,2.25,1.13
2012.05.23 12:41:19.132,0.76846,0.76886,3.60,1.13
2012.05.23 12:41:21.261,0.76847,0.76886,1.50,1.13
2012.05.23 12:41:21.460,0.76851,0.76879,2.25,1.35
2012.05.23 12:41:21.743,0.76851,0.76886,3.00,1.35
2012.05.23 12:41:21.802,0.76851,0.76886,2.25,1.35
2012.05.23 12:41:22.093,0.76847,0.76886,2.85,1.54
2012.05.23 12:41:22.827,0.76846,0.76885,1.73,1.50
2012.05.23 12:41:23.166,0.76846,0.76879,1.13,1.35
2012.05.23 12:41:23.585,0.76839,0.76874,2.25,3.00
2012.05.23 12:41:23.714,0.76842,0.76874,1.50,3.00
2012.05.23 12:41:23.774,0.76842,0.76873,1.50,2.85
2012.05.23 12:41:24.063,0.7684,0.76871,1.50,2.85
2012.05.23 12:41:25.154,0.7684,0.76871,1.50,2.25
2012.05.23 12:41:25.304,0.76845,0.76875,1.13,2.25
2012.05.23 12:41:26.230,0.76843,0.76875,2.63,3.00
2012.05.23 12:41:26.569,0.76843,0.76875,2.44,3.38
2012.05.23 12:41:26.637,0.7684,0.76871,1.50,2.25
2012.05.23 12:41:27.454,0.76838,0.76871,1.13,3.04
2012.05.23 12:41:28.687,0.76837,0.76871,3.38,3.79
2012.05.23 12:41:29.096,0.76837,0.76871,5.25,3.60
2012.05.23 12:41:29.984,0.76837,0.76871,3.19,3.79
2012.05.23 12:41:30.102,0.76836,0.76865,1.50,2.25
2012.05.23 12:41:32.838,0.76838,0.76869,2.44,1.35
2012.05.23 12:41:33.408,0.76838,0.76869,2.63,1.35
2012.05.23 12:41:33.534,0.76831,0.76864,1.50,3.19
2012.05.23 12:41:34.049,0.76832,0.76864,2.25,3.00
2012.05.23 12:41:34.116,0.76838,0.7687,2.44,3.38
2012.05.23 12:41:34.184,0.76835,0.76863,1.50,2.25
2012.05.23 12:41:34.753,0.76831,0.76863,2.10,2.25
2012.05.23 12:41:35.266,0.76833,0.76868,3.19,2.63
2012.05.23 12:41:35.663,0.76831,0.76863,1.50,2.25
2012.05.23 12:41:35.924,0.7683,0.76863,2.63,2.44
2012.05.23 12:41:36.043,0.76827,0.76859,3.00,2.25
2012.05.23 12:41:37.124,0.76827,0.76859,2.63,2.44
2012.05.23 12:41:39.641,0.76831,0.76863,2.25,1.35
2012.05.23 12:41:39.711,0.76831,0.76864,2.44,1.54
2012.05.23 12:41:40.177,0.76835,0.76868,3.00,3.75
2012.05.23 12:41:40.652,0.76835,0.76868,3.19,3.19
2012.05.23 12:41:41.364,0.76832,0.76864,1.13,3.00
2012.05.23 12:41:41.502,0.76829,0.76864,3.75,3.38
2012.05.23 12:41:42.463,0.76829,0.76864,3.00,3.38
2012.05.23 12:41:42.894,0.76829,0.76864,3.75,3.38
2012.05.23 12:41:43.474,0.76829,0.76864,3.75,3.19
2012.05.23 12:41:45.592,0.76831,0.76864,3.00,3.00
2012.05.23 12:41:46.207,0.76837,0.76867,3.19,2.10
2012.05.23 12:41:46.744,0.76837,0.7687,3.19,1.54
2012.05.23 12:41:46.955,0.76837,0.7687,2.44,1.54
2012.05.23 12:41:47.116,0.76831,0.76863,1.73,2.25
2012.05.23 12:41:48.155,0.76835,0.76863,1.50,2.25
2012.05.23 12:41:48.465,0.76843,0.7687,2.25,1.13
2012.05.23 12:41:48.784,0.76839,0.76872,2.44,2.63
2012.05.23 12:41:49.247,0.76835,0.76864,1.50,2.25
2012.05.23 12:41:49.552,0.76831,0.76864,1.54,2.25
2012.05.23 12:41:51.546,0.76834,0.76868,1.13,4.54
2012.05.23 12:41:53.485,0.76837,0.76868,1.13,4.35
2012.05.23 12:41:53.675,0.76839,0.76868,2.29,2.25
2012.05.23 12:41:53.747,0.76842,0.76868,2.10,2.25
2012.05.23 12:41:53.854,0.76849,0.76879,2.25,1.13
2012.05.23 12:41:54.383,0.76843,0.76878,4.50,3.00
2012.05.23 12:41:54.504,0.76843,0.76876,2.44,1.13
2012.05.23 12:41:55.692,0.76839,0.76872,2.44,2.44
2012.05.23 12:41:57.600,0.76844,0.76873,2.25,1.13
2012.05.23 12:41:57.777,0.76844,0.76877,3.00,2.44
2012.05.23 12:41:58.371,0.76842,0.76872,1.50,2.25
2012.05.23 12:41:58.493,0.76839,0.76872,3.00,2.25
2012.05.23 12:41:59.974,0.76839,0.76872,3.19,2.44
2012.05.23 12:42:16.828,0.76839,0.76872,3.75,2.25
2012.05.23 12:42:17.096,0.76844,0.76877,2.25,2.63
2012.05.23 12:42:17.493,0.76844,0.76877,2.63,2.44
2012.05.23 12:42:17.816,0.76844,0.76874,2.25,1.13
2012.05.23 12:42:17.882,0.76839,0.76872,3.04,2.44
2012.05.23 12:42:19.253,0.76839,0.76872,3.60,2.25
2012.05.23 12:42:23.754,0.76844,0.76872,2.25,2.25
2012.05.23 12:42:23.823,0.76849,0.76882,2.44,3.38
2012.05.23 12:42:24.468,0.76844,0.76877,4.50,2.25
2012.05.23 12:42:24.534,0.76844,0.76877,2.63,2.44
2012.05.23 12:42:27.753,0.76844,0.76877,2.25,2.63
2012.05.23 12:42:27.893,0.7684,0.76872,1.54,2.25
2012.05.23 12:42:29.255,0.7684,0.76872,1.54,2.44
2012.05.23 12:42:30.364,0.76842,0.76872,1.50,2.25
2012.05.23 12:42:30.636,0.76844,0.76877,2.63,2.25
2012.05.23 12:42:33.004,0.76844,0.76877,2.63,2.44
2012.05.23 12:42:37.864,0.76844,0.76877,3.38,2.44
2012.05.23 12:42:37.946,0.76845,0.76877,1.50,2.25
2012.05.23 12:42:39.824,0.76848,0.7688,2.44,1.13
2012.05.23 12:42:41.608,0.76848,0.76881,3.19,2.44
2012.05.23 12:42:42.268,0.76852,0.76886,3.19,1.13
2012.05.23 12:42:42.646,0.76852,0.76886,2.44,1.13
2012.05.23 12:42:42.968,0.76852,0.76887,3.00,3.19
2012.05.23 12:42:43.634,0.76858,0.7689,2.25,1.50
2012.05.23 12:42:43.983,0.76853,0.76888,2.63,3.19
2012.05.23 12:42:45.395,0.76853,0.76888,2.63,2.44
2012.05.23 12:42:46.145,0.76853,0.76888,2.44,2.44
2012.05.23 12:42:49.425,0.76853,0.76888,2.63,3.19
2012.05.23 12:42:51.964,0.76853,0.76888,2.63,3.19
2012.05.23 12:42:52.404,0.76851,0.76883,3.60,3.00
2012.05.23 12:42:55.809,0.76853,0.76888,3.00,3.19
2012.05.23 12:42:58.337,0.76853,0.76888,3.00,3.38
2012.05.23 12:43:03.148,0.76853,0.76888,3.00,3.38
2012.05.23 12:43:03.470,0.76859,0.76888,2.25,1.13
2012.05.23 12:43:03.685,0.76853,0.76888,3.00,3.38
2012.05.23 12:43:03.753,0.76853,0.76888,4.50,3.19
2012.05.23 12:43:04.365,0.76853,0.76888,2.44,3.19
2012.05.23 12:43:09.024,0.76853,0.76888,3.00,3.38
2012.05.23 12:43:10.552,0.76853,0.76888,3.00,3.38
2012.05.23 12:43:11.113,0.76853,0.76888,3.00,3.38
2012.05.23 12:43:11.557,0.76853,0.76888,3.00,2.63
2012.05.23 12:43:11.846,0.76853,0.76888,3.00,3.38
2012.05.23 12:43:11.915,0.76853,0.76887,2.44,1.13
2012.05.23 12:43:12.045,0.76849,0.76882,3.00,2.25
2012.05.23 12:43:12.409,0.76852,0.76887,2.44,2.63
2012.05.23 12:43:12.535,0.76857,0.76889,2.44,3.19
2012.05.23 12:43:12.626,0.76857,0.76889,2.44,3.19
2012.05.23 12:43:13.181,0.76856,0.76888,3.19,2.25
2012.05.23 12:43:14.209,0.76856,0.76888,2.44,3.00
2012.05.23 12:43:14.750,0.76856,0.76888,2.25,3.19
2012.05.23 12:43:15.618,0.76856,0.76888,3.00,2.44
2012.05.23 12:43:15.684,0.76855,0.76889,4.50,3.00
2012.05.23 12:43:15.805,0.76855,0.76889,2.44,3.75
2012.05.23 12:43:20.387,0.76852,0.76884,2.44,3.19
2012.05.23 12:43:21.781,0.76852,0.76884,3.75,2.25
2012.05.23 12:43:22.984,0.76852,0.76884,2.44,3.19
2012.05.23 12:43:23.155,0.7685,0.76881,1.54,2.25
2012.05.23 12:43:23.510,0.76855,0.76889,2.44,3.98
2012.05.23 12:43:23.947,0.76863,0.76889,2.25,1.73
2012.05.23 12:43:24.214,0.76856,0.76888,2.44,3.00
2012.05.23 12:43:24.596,0.76851,0.76882,2.25,2.25
2012.05.23 12:43:24.913,0.76851,0.76882,2.25,3.00
2012.05.23 12:43:25.413,0.76851,0.76882,2.25,2.25
2012.05.23 12:43:25.637,0.7685,0.76882,1.35,2.25
2012.05.23 12:43:25.704,0.7685,0.76882,1.35,3.00
2012.05.23 12:43:27.057,0.76847,0.76879,2.85,3.00
2012.05.23 12:43:27.385,0.76846,0.76879,2.25,3.00
2012.05.23 12:43:28.046,0.76844,0.76879,4.50,3.00
2012.05.23 12:43:29.983,0.76846,0.76879,1.50,3.00
2012.05.23 12:43:30.084,0.76844,0.76879,4.50,3.00
2012.05.23 12:43:31.724,0.76846,0.76879,1.50,3.00
2012.05.23 12:43:34.558,0.76846,0.76879,1.13,3.19
2012.05.23 12:43:34.684,0.76844,0.76879,3.00,3.19
2012.05.23 12:43:40.515,0.76844,0.76879,3.00,3.38
2012.05.23 12:43:41.016,0.76842,0.76875,1.35,3.00
2012.05.23 12:43:41.179,0.76841,0.76875,3.60,3.19
2012.05.23 12:43:45.576,0.76841,0.76874,2.63,1.54
2012.05.23 12:43:47.802,0.76841,0.76874,4.50,1.35
2012.05.23 12:43:48.352,0.76841,0.76875,5.25,2.25
2012.05.23 12:43:48.667,0.76843,0.76875,2.25,2.25
2012.05.23 12:43:49.099,0.76844,0.76877,3.00,2.25
2012.05.23 12:43:49.674,0.76844,0.76877,3.00,3.00
2012.05.23 12:43:50.025,0.76844,0.76877,2.44,3.19
2012.05.23 12:43:53.175,0.76844,0.76877,2.44,2.44
2012.05.23 12:43:54.505,0.76844,0.76877,2.63,2.44
2012.05.23 12:43:55.417,0.76844,0.76877,2.63,3.19
2012.05.23 12:43:55.483,0.76844,0.76877,2.44,3.75
2012.05.23 12:43:56.250,0.76843,0.76878,2.44,2.44
2012.05.23 12:43:57.136,0.76843,0.76878,2.44,3.19
2012.05.23 12:43:57.575,0.76843,0.76878,4.50,3.00
2012.05.23 12:43:57.935,0.76847,0.76882,2.63,3.19
2012.05.23 12:43:58.835,0.76847,0.76882,2.63,3.19
2012.05.23 12:44:00.694,0.76847,0.76882,2.63,3.19
2012.05.23 12:44:02.011,0.76843,0.76878,3.00,3.19
2012.05.23 12:44:02.676,0.76843,0.76878,3.00,3.19
2012.05.23 12:44:03.053,0.76843,0.76874,2.25,1.13
2012.05.23 12:44:03.112,0.76839,0.76872,2.44,3.19
2012.05.23 12:44:05.158,0.76844,0.76874,2.25,1.13
2012.05.23 12:44:07.286,0.76839,0.76872,2.63,3.19
2012.05.23 12:44:07.629,0.76839,0.76872,2.63,3.19
2012.05.23 12:44:07.954,0.76837,0.76869,2.25,3.00
2012.05.23 12:44:08.183,0.76838,0.76873,2.44,3.19
2012.05.23 12:44:11.031,0.76838,0.76873,2.63,3.19
2012.05.23 12:44:12.577,0.76838,0.76868,2.25,1.13
2012.05.23 12:44:12.705,0.76838,0.76868,2.25,1.13
2012.05.23 12:44:14.185,0.76834,0.76867,2.25,3.19
2012.05.23 12:44:15.129,0.76834,0.76867,2.25,3.19
2012.05.23 12:44:15.239,0.76834,0.76867,2.25,3.19
2012.05.23 12:44:20.084,0.76834,0.76867,2.25,3.75
2012.05.23 12:44:20.936,0.76834,0.76867,2.63,2.25
2012.05.23 12:44:21.004,0.76844,0.76872,2.25,1.50
2012.05.23 12:44:21.175,0.76838,0.76872,2.25,1.50
2012.05.23 12:44:21.726,0.76838,0.76873,2.44,3.19
2012.05.23 12:44:23.915,0.76841,0.76873,2.25,3.00
2012.05.23 12:44:23.984,0.76841,0.76873,2.25,2.25
2012.05.23 12:44:24.204,0.76849,0.7688,2.25,1.13
2012.05.23 12:44:24.265,0.76838,0.76873,3.00,3.19
2012.05.23 12:44:24.394,0.76838,0.76873,3.00,2.44
2012.05.23 12:44:24.465,0.76844,0.76875,2.25,1.13
2012.05.23 12:44:27.216,0.76844,0.76876,2.25,1.50
2012.05.23 12:44:30.095,0.76844,0.76876,2.25,1.50
2012.05.23 12:44:30.925,0.76844,0.76876,2.25,1.50
2012.05.23 12:44:31.117,0.76844,0.76876,2.25,1.50
2012.05.23 12:44:31.277,0.76844,0.76876,2.25,1.50
2012.05.23 12:44:34.675,0.76844,0.76876,2.25,1.50
2012.05.23 12:44:34.969,0.76844,0.76876,2.25,1.50
2012.05.23 12:44:37.114,0.76844,0.76877,2.25,3.38
2012.05.23 12:44:38.869,0.76844,0.76877,2.25,2.63
2012.05.23 12:44:39.194,0.76844,0.76877,2.25,3.38
2012.05.23 12:44:39.313,0.7684,0.76873,3.19,2.25
2012.05.23 12:44:39.878,0.7684,0.76873,3.38,2.44
2012.05.23 12:44:41.217,0.7684,0.76873,2.63,3.19
2012.05.23 12:44:41.536,0.76837,0.7687,1.35,3.00
2012.05.23 12:44:41.663,0.76836,0.7687,4.54,3.75
2012.05.23 12:44:41.723,0.76836,0.7687,2.44,3.75
2012.05.23 12:44:42.033,0.76833,0.76866,3.23,3.19
2012.05.23 12:44:42.328,0.76833,0.76865,3.04,1.13
2012.05.23 12:44:49.284,0.76828,0.76863,3.04,3.19
2012.05.23 12:44:50.372,0.76828,0.76863,3.04,3.75
2012.05.23 12:44:53.548,0.76828,0.76861,3.04,1.13
2012.05.23 12:44:56.517,0.76828,0.76863,3.04,3.75
2012.05.23 12:45:00.365,0.76828,0.76863,3.04,3.38
2012.05.23 12:45:01.048,0.76828,0.76863,3.60,3.19
2012.05.23 12:45:01.811,0.76828,0.76863,3.60,3.19
2012.05.23 12:45:02.797,0.76828,0.76863,3.60,3.19
2012.05.23 12:45:05.570,0.76828,0.76863,3.60,3.19
2012.05.23 12:45:05.806,0.76828,0.76859,3.04,1.13
2012.05.23 12:45:06.209,0.76828,0.76859,2.44,1.13
2012.05.23 12:45:06.575,0.76823,0.76855,2.44,3.19
2012.05.23 12:45:09.405,0.76823,0.76855,3.19,2.44
2012.05.23 12:45:12.044,0.76823,0.76855,3.75,2.25
2012.05.23 12:45:12.364,0.76823,0.76855,3.00,3.00
2012.05.23 12:45:12.644,0.76823,0.76855,3.75,2.25
2012.05.23 12:45:13.046,0.76826,0.7686,3.19,2.44
2012.05.23 12:45:13.857,0.76826,0.7686,2.44,3.19
2012.05.23 12:45:14.565,0.76826,0.7686,2.44,3.38
2012.05.23 12:45:17.534,0.76826,0.7686,2.44,3.19
2012.05.23 12:45:20.397,0.76826,0.7686,2.63,3.19
2012.05.23 12:45:20.944,0.76826,0.76859,2.25,3.00
2012.05.23 12:45:21.275,0.76826,0.7686,2.44,3.38
2012.05.23 12:45:25.712,0.76826,0.7686,2.44,3.19
2012.05.23 12:45:26.005,0.76823,0.76855,2.44,3.19
2012.05.23 12:45:27.467,0.76823,0.76855,3.00,3.00
2012.05.23 12:45:28.455,0.76823,0.76855,2.63,3.19
2012.05.23 12:45:30.116,0.76823,0.76855,3.00,3.00
2012.05.23 12:45:30.211,0.76823,0.76855,3.00,2.25
2012.05.23 12:45:30.403,0.76827,0.76859,2.44,3.19
2012.05.23 12:45:31.924,0.76827,0.76859,2.44,3.19
2012.05.23 12:45:32.366,0.76827,0.76859,2.44,3.19
2012.05.23 12:45:32.666,0.76822,0.76856,2.63,3.19
2012.05.23 12:45:33.215,0.76826,0.76856,1.13,2.25
2012.05.23 12:45:33.345,0.76829,0.76863,2.44,1.50
2012.05.23 12:45:33.413,0.76829,0.76863,2.44,1.50
2012.05.23 12:45:33.737,0.76829,0.76863,2.44,1.50
2012.05.23 12:45:33.957,0.76826,0.7686,2.63,3.19
2012.05.23 12:45:34.214,0.76826,0.76859,2.63,1.54
2012.05.23 12:45:35.388,0.76826,0.76859,2.63,1.54
2012.05.23 12:45:35.520,0.76826,0.7686,3.00,3.19
2012.05.23 12:45:35.826,0.7683,0.76862,2.44,1.13
2012.05.23 12:45:35.895,0.76833,0.76862,2.25,1.13
2012.05.23 12:45:40.246,0.76833,0.76864,2.44,1.13
2012.05.23 12:45:40.625,0.76833,0.76864,2.44,1.13
2012.05.23 12:45:41.043,0.76829,0.76861,2.44,1.13
2012.05.23 12:45:42.106,0.7683,0.76863,2.44,3.19
2012.05.23 12:45:42.233,0.7683,0.76863,2.44,3.19
2012.05.23 12:45:42.355,0.76833,0.76866,2.25,2.10
2012.05.23 12:45:42.877,0.76833,0.76866,2.25,2.10
2012.05.23 12:45:43.223,0.7683,0.76863,2.44,3.19
2012.05.23 12:45:43.565,0.76829,0.76864,3.38,3.19
2012.05.23 12:45:43.637,0.76829,0.76864,3.19,3.75
2012.05.23 12:45:43.981,0.76834,0.76861,2.25,1.13
2012.05.23 12:45:44.298,0.76834,0.76866,2.44,1.54
2012.05.23 12:45:44.423,0.76834,0.76866,2.44,1.54
2012.05.23 12:45:44.626,0.76834,0.76866,2.44,1.54
2012.05.23 12:45:44.967,0.76834,0.76866,2.44,1.54
2012.05.23 12:45:45.735,0.76834,0.76866,2.44,1.54
2012.05.23 12:45:46.065,0.76834,0.76866,2.44,1.54
2012.05.23 12:45:47.214,0.76828,0.76856,2.25,3.00
2012.05.23 12:45:47.274,0.76822,0.76856,3.23,3.19
2012.05.23 12:45:47.894,0.76822,0.76856,2.63,3.19
2012.05.23 12:45:48.267,0.76827,0.76859,2.25,3.79
2012.05.23 12:45:48.849,0.76827,0.76854,2.25,1.35
2012.05.23 12:45:49.175,0.7682,0.76845,1.35,2.25
2012.05.23 12:45:49.347,0.7682,0.76848,1.35,3.00
2012.05.23 12:45:49.584,0.76824,0.76857,2.44,1.13
2012.05.23 12:45:49.816,0.7682,0.76854,1.54,3.19
2012.05.23 12:45:50.647,0.76819,0.76854,3.23,3.19
2012.05.23 12:45:51.245,0.76816,0.76849,3.04,3.00
2012.05.23 12:45:51.872,0.76816,0.76848,2.85,1.13
2012.05.23 12:45:51.938,0.76816,0.76848,2.25,1.13
2012.05.23 12:45:52.181,0.76816,0.76849,2.25,3.38
2012.05.23 12:45:52.304,0.76816,0.76848,2.25,1.13
2012.05.23 12:45:52.672,0.76813,0.76847,2.44,2.44
2012.05.23 12:45:53.737,0.76813,0.76847,2.44,2.44
2012.05.23 12:45:54.176,0.76813,0.76847,3.00,2.25
2012.05.23 12:45:54.602,0.76821,0.76854,2.25,5.25
2012.05.23 12:45:54.823,0.76818,0.7685,2.44,3.38
2012.05.23 12:45:55.057,0.76821,0.76854,2.25,5.25
2012.05.23 12:45:55.124,0.76821,0.76854,2.44,3.19
2012.05.23 12:45:56.146,0.76821,0.76854,2.44,3.19
2012.05.23 12:45:56.365,0.76817,0.76851,3.19,3.19
2012.05.23 12:45:58.484,0.76817,0.7685,2.44,1.13
2012.05.23 12:45:58.565,0.76814,0.76846,2.44,2.25
2012.05.23 12:45:58.906,0.76809,0.76843,2.44,1.13
2012.05.23 12:45:59.857,0.76809,0.76844,3.19,3.38
2012.05.23 12:46:00.183,0.76809,0.76843,2.44,1.13
2012.05.23 12:46:01.049,0.76809,0.76844,2.44,3.75
2012.05.23 12:46:02.366,0.76809,0.76844,3.00,3.38
2012.05.23 12:46:02.552,0.76814,0.76844,2.25,1.13
2012.05.23 12:46:03.693,0.76814,0.76848,3.04,1.50
2012.05.23 12:46:03.753,0.76819,0.76848,2.25,1.50
2012.05.23 12:46:04.457,0.76819,0.76851,2.25,1.50
2012.05.23 12:46:07.244,0.76819,0.76847,2.25,1.13
2012.05.23 12:46:07.408,0.76815,0.76847,2.44,1.13
2012.05.23 12:46:07.527,0.76815,0.76847,2.44,1.13
2012.05.23 12:46:07.708,0.76815,0.76847,2.44,1.13
2012.05.23 12:46:09.785,0.76815,0.76848,2.44,3.19
2012.05.23 12:46:09.855,0.76819,0.76849,2.25,1.54
2012.05.23 12:46:11.378,0.76819,0.76849,2.25,1.54
2012.05.23 12:46:11.926,0.76819,0.7685,2.25,1.13
2012.05.23 12:46:12.204,0.76819,0.76849,2.25,1.50
2012.05.23 12:46:12.264,0.76815,0.76848,3.19,2.44
2012.05.23 12:46:15.364,0.76815,0.76848,2.44,3.19
2012.05.23 12:46:16.642,0.76815,0.76848,2.44,2.44
2012.05.23 12:46:16.823,0.76819,0.76849,2.25,2.10
2012.05.23 12:46:19.037,0.76819,0.76851,2.25,1.50
2012.05.23 12:46:19.293,0.76815,0.76849,1.54,3.19
2012.05.23 12:46:19.375,0.76814,0.76849,3.23,3.19
2012.05.23 12:46:21.625,0.76815,0.76849,1.54,3.75
2012.05.23 12:46:22.128,0.76814,0.76849,3.23,3.75
2012.05.23 12:46:22.492,0.76816,0.76849,1.50,3.00
2012.05.23 12:46:22.916,0.76823,0.76853,2.25,1.13
2012.05.23 12:46:23.106,0.76818,0.7685,2.25,3.19
2012.05.23 12:46:24.068,0.76816,0.76848,2.44,3.19
2012.05.23 12:46:25.126,0.76816,0.76848,2.63,3.19
2012.05.23 12:46:25.192,0.76816,0.76848,3.38,2.44
2012.05.23 12:46:25.502,0.76816,0.76848,2.63,3.19
2012.05.23 12:46:26.025,0.76816,0.76847,2.25,1.13
2012.05.23 12:46:26.254,0.76812,0.76844,2.44,3.00
2012.05.23 12:46:26.846,0.76812,0.76844,3.19,2.25
2012.05.23 12:46:26.976,0.76822,0.76848,2.25,1.13
2012.05.23 12:46:27.045,0.76822,0.76855,2.44,3.75
2012.05.23 12:46:27.376,0.76816,0.76846,2.25,2.25
2012.05.23 12:46:27.444,0.76813,0.76846,3.23,2.25
2012.05.23 12:46:27.504,0.76813,0.76846,3.23,3.00
2012.05.23 12:46:30.664,0.76813,0.76846,3.00,3.19
2012.05.23 12:46:30.959,0.76812,0.76842,1.35,2.44
2012.05.23 12:46:31.472,0.76807,0.76842,2.63,3.19
2012.05.23 12:46:31.546,0.76806,0.76836,2.10,2.25
2012.05.23 12:46:31.615,0.76806,0.76836,1.54,2.25
2012.05.23 12:46:33.395,0.76806,0.76836,1.50,2.25
2012.05.23 12:46:33.539,0.76809,0.76843,2.63,1.54
2012.05.23 12:46:33.975,0.76809,0.76839,2.25,1.13
2012.05.23 12:46:35.400,0.76805,0.76838,3.19,2.44
2012.05.23 12:46:35.701,0.76802,0.76835,1.35,3.00
2012.05.23 12:46:36.105,0.76801,0.76835,2.44,3.19
2012.05.23 12:46:36.422,0.76796,0.7683,3.00,2.25
2012.05.23 12:46:36.776,0.76795,0.7683,3.60,3.19
2012.05.23 12:46:37.317,0.76798,0.7683,2.25,2.25
2012.05.23 12:46:37.603,0.76801,0.76835,3.75,2.44
2012.05.23 12:46:38.624,0.76801,0.76835,3.75,3.19
2012.05.23 12:46:38.773,0.76801,0.76835,3.19,3.38
2012.05.23 12:46:38.865,0.76798,0.7683,3.75,2.25
2012.05.23 12:46:39.305,0.76802,0.7683,1.13,2.25
2012.05.23 12:46:43.814,0.76802,0.76833,1.13,3.19
2012.05.23 12:46:44.236,0.768,0.76833,2.44,2.44
2012.05.23 12:46:44.305,0.76796,0.76829,3.75,2.25
2012.05.23 12:46:44.675,0.76793,0.76825,2.63,3.00
2012.05.23 12:46:45.335,0.76793,0.76825,2.44,3.19
2012.05.23 12:46:45.407,0.76793,0.76825,3.19,2.44
2012.05.23 12:46:47.667,0.76793,0.76825,3.19,3.04
2012.05.23 12:46:47.734,0.76791,0.76821,1.13,2.25
2012.05.23 12:46:48.004,0.76792,0.76821,1.13,2.25
2012.05.23 12:46:48.764,0.76798,0.76823,2.25,1.35
2012.05.23 12:46:52.674,0.76798,0.76823,2.25,1.35
2012.05.23 12:46:54.102,0.76798,0.76823,2.25,1.35
2012.05.23 12:46:54.163,0.76789,0.76823,3.00,1.35
2012.05.23 12:46:54.223,0.7679,0.76824,1.50,3.60
2012.05.23 12:46:54.283,0.76789,0.76824,3.19,3.98
2012.05.23 12:46:54.655,0.76789,0.76823,2.44,1.73
2012.05.23 12:46:56.344,0.76789,0.76823,2.44,1.54
2012.05.23 12:47:03.455,0.76789,0.76823,3.19,1.54
2012.05.23 12:47:03.786,0.76789,0.76823,2.44,1.54
2012.05.23 12:47:04.244,0.76789,0.76824,3.19,3.23
2012.05.23 12:47:04.425,0.76797,0.76829,3.19,1.13
2012.05.23 12:47:05.367,0.76797,0.76831,3.19,3.79
2012.05.23 12:47:06.425,0.76797,0.76831,2.44,3.79
2012.05.23 12:47:07.573,0.76797,0.7683,2.44,1.50
2012.05.23 12:47:08.565,0.76797,0.76831,2.44,3.79
2012.05.23 12:47:08.787,0.76797,0.76831,2.44,3.79
2012.05.23 12:47:08.855,0.76797,0.76831,2.44,3.79
2012.05.23 12:47:09.178,0.76797,0.76831,2.44,3.79
2012.05.23 12:47:09.509,0.76797,0.76831,2.44,3.79
2012.05.23 12:47:09.648,0.76797,0.76831,2.44,3.79
2012.05.23 12:47:09.833,0.76801,0.76831,2.25,1.54
2012.05.23 12:47:10.148,0.76798,0.76829,2.44,1.13
2012.05.23 12:47:10.633,0.76794,0.76825,3.00,1.35
2012.05.23 12:47:11.306,0.76794,0.76825,2.44,1.35
2012.05.23 12:47:11.697,0.76794,0.76825,2.44,1.35
2012.05.23 12:47:12.357,0.76794,0.76825,2.44,1.35
2012.05.23 12:47:12.603,0.76789,0.76824,3.00,3.38
2012.05.23 12:47:13.726,0.76789,0.76823,2.44,1.50
2012.05.23 12:47:15.267,0.76789,0.76824,3.19,3.75
2012.05.23 12:47:15.795,0.76792,0.76824,1.13,3.00
2012.05.23 12:47:15.935,0.76797,0.76825,2.25,1.35
2012.05.23 12:47:16.065,0.76793,0.76825,2.44,1.35
2012.05.23 12:47:16.791,0.76793,0.76827,2.25,3.23
2012.05.23 12:47:17.230,0.76795,0.76825,2.25,1.13
2012.05.23 12:47:17.417,0.76795,0.76828,3.75,2.44
2012.05.23 12:47:18.174,0.768,0.7683,2.25,1.13
2012.05.23 12:47:19.389,0.768,0.76831,2.44,1.13
2012.05.23 12:47:20.470,0.768,0.76831,2.44,1.13
2012.05.23 12:47:20.684,0.768,0.76831,2.44,1.13
2012.05.23 12:47:22.834,0.768,0.76833,2.25,4.35
2012.05.23 12:47:23.082,0.76796,0.7683,2.63,3.19
2012.05.23 12:47:23.459,0.76793,0.76825,2.44,3.19
2012.05.23 12:47:23.720,0.76793,0.76825,3.19,2.44
2012.05.23 12:47:25.045,0.76796,0.7683,3.19,2.44
2012.05.23 12:47:25.697,0.76796,0.7683,3.19,3.19
2012.05.23 12:47:26.321,0.768,0.76833,2.44,3.79
2012.05.23 12:47:26.829,0.768,0.76833,3.19,3.19
2012.05.23 12:47:27.965,0.768,0.76833,3.75,3.19
2012.05.23 12:47:28.324,0.76806,0.76838,2.44,3.79
2012.05.23 12:47:28.705,0.76806,0.76837,2.25,1.50
2012.05.23 12:47:28.908,0.768,0.76833,2.44,3.19
2012.05.23 12:47:32.495,0.768,0.76829,2.25,1.13
2012.05.23 12:47:32.656,0.76792,0.76826,3.75,3.00
2012.05.23 12:47:32.723,0.76792,0.76826,3.00,2.25
2012.05.23 12:47:32.844,0.76795,0.76826,2.25,2.25
2012.05.23 12:47:32.905,0.768,0.76831,2.44,1.35
2012.05.23 12:47:36.523,0.76797,0.76825,1.35,2.25
2012.05.23 12:47:36.734,0.76798,0.76831,2.63,3.00
2012.05.23 12:47:37.356,0.768,0.76831,1.13,2.25
2012.05.23 12:47:37.427,0.76802,0.76831,1.50,2.25
2012.05.23 12:47:37.647,0.76803,0.76836,2.44,3.00
2012.05.23 12:47:37.715,0.76803,0.76836,3.19,2.25
2012.05.23 12:47:37.841,0.76807,0.7684,2.25,1.13
2012.05.23 12:47:37.939,0.76807,0.76842,2.63,3.19
2012.05.23 12:47:38.480,0.76807,0.76842,2.63,3.19
2012.05.23 12:47:38.836,0.76802,0.76837,3.60,3.19
2012.05.23 12:47:40.177,0.76799,0.76825,2.25,2.25
2012.05.23 12:47:40.243,0.76796,0.76825,1.54,2.25
2012.05.23 12:47:41.585,0.76794,0.76825,2.29,3.00
2012.05.23 12:47:42.326,0.76793,0.76825,2.63,3.19
2012.05.23 12:47:42.584,0.76794,0.76825,1.50,2.25
2012.05.23 12:47:42.643,0.76799,0.76829,2.25,1.13
2012.05.23 12:47:42.704,0.76799,0.76831,2.44,1.35
2012.05.23 12:47:43.121,0.76806,0.76833,2.44,1.35
2012.05.23 12:47:43.269,0.76806,0.76833,2.44,1.35
2012.05.23 12:47:44.197,0.76802,0.76837,3.00,3.19
2012.05.23 12:47:44.596,0.76801,0.76831,2.25,2.25
2012.05.23 12:47:44.866,0.76798,0.76831,3.00,3.00
2012.05.23 12:47:46.509,0.76798,0.76831,2.44,3.19
2012.05.23 12:47:47.074,0.76793,0.76828,2.63,3.19
2012.05.23 12:47:47.136,0.76793,0.76828,2.63,3.19
2012.05.23 12:47:47.405,0.76791,0.76823,3.00,3.00
2012.05.23 12:47:47.615,0.76793,0.76828,3.00,3.00
2012.05.23 12:47:48.705,0.76793,0.76828,3.00,3.00
2012.05.23 12:47:48.775,0.76793,0.76828,3.00,3.00
2012.05.23 12:47:48.881,0.76793,0.76828,3.00,2.25
2012.05.23 12:47:49.148,0.76793,0.76828,3.00,3.00
2012.05.23 12:47:49.274,0.76793,0.76828,2.63,3.75
2012.05.23 12:47:49.801,0.76789,0.76823,2.25,2.25
2012.05.23 12:47:49.867,0.76786,0.76817,1.50,2.25
2012.05.23 12:47:50.075,0.76788,0.76823,2.63,3.04
2012.05.23 12:47:51.256,0.76788,0.76823,3.00,3.04
2012.05.23 12:47:51.728,0.76788,0.76823,3.00,3.79
2012.05.23 12:47:51.875,0.76787,0.76818,3.00,1.50
2012.05.23 12:47:52.075,0.76782,0.76816,3.38,3.19
2012.05.23 12:47:52.796,0.76778,0.76812,2.63,2.44
2012.05.23 12:47:53.148,0.76778,0.76812,2.63,3.19
2012.05.23 12:47:53.417,0.76778,0.76812,2.63,2.44
2012.05.23 12:47:54.445,0.76778,0.76812,3.00,2.25
2012.05.23 12:47:55.558,0.76778,0.76812,3.00,2.44
2012.05.23 12:47:56.045,0.76782,0.76812,1.13,2.25
2012.05.23 12:47:56.103,0.76784,0.76817,2.44,2.44
2012.05.23 12:47:56.937,0.76784,0.76817,2.44,3.19
2012.05.23 12:47:58.099,0.76784,0.76817,2.44,2.44
2012.05.23 12:47:58.849,0.76784,0.76817,2.44,2.44
2012.05.23 12:48:00.405,0.76784,0.76817,2.44,3.19
2012.05.23 12:48:01.222,0.76784,0.76817,2.44,2.44
2012.05.23 12:48:02.985,0.76784,0.76817,2.44,3.19
2012.05.23 12:48:05.466,0.76784,0.76817,2.44,2.44
2012.05.23 12:48:05.695,0.76784,0.76817,3.00,2.25
2012.05.23 12:48:05.767,0.76787,0.76821,2.63,3.19
2012.05.23 12:48:06.453,0.76787,0.76821,2.63,2.44
2012.05.23 12:48:06.525,0.76791,0.76824,2.25,2.10
2012.05.23 12:48:07.236,0.76791,0.76824,2.44,1.54
2012.05.23 12:48:10.079,0.76791,0.76824,2.44,1.54
2012.05.23 12:48:12.694,0.76788,0.7682,3.00,3.00
2012.05.23 12:48:14.298,0.76788,0.7682,3.00,3.00
2012.05.23 12:48:15.507,0.76788,0.7682,2.44,3.19
2012.05.23 12:48:19.724,0.76788,0.7682,2.44,2.44
2012.05.23 12:48:19.903,0.76791,0.76823,2.25,1.54
2012.05.23 12:48:20.609,0.76791,0.76823,2.44,1.54
2012.05.23 12:48:35.528,0.76789,0.76823,2.25,3.60
2012.05.23 12:48:35.883,0.76797,0.76828,2.25,1.13
2012.05.23 12:48:36.076,0.76797,0.76829,2.44,3.19
2012.05.23 12:48:36.629,0.76797,0.76829,2.44,3.19
2012.05.23 12:48:36.696,0.76797,0.76829,2.44,3.19
2012.05.23 12:48:37.406,0.76797,0.76829,2.44,3.19
2012.05.23 12:48:37.672,0.76797,0.76829,3.04,3.19
2012.05.23 12:48:37.977,0.76793,0.76825,2.25,3.00
2012.05.23 12:48:38.048,0.76791,0.76825,3.00,3.19
2012.05.23 12:48:38.687,0.76795,0.76828,2.44,3.38
2012.05.23 12:48:39.564,0.76795,0.76828,3.00,3.00
2012.05.23 12:48:40.075,0.76792,0.76822,2.25,2.25
2012.05.23 12:48:40.146,0.76788,0.76819,2.25,2.25
2012.05.23 12:48:40.485,0.76788,0.76818,2.25,1.13
2012.05.23 12:48:40.555,0.76788,0.76818,2.25,1.13
2012.05.23 12:48:41.136,0.76778,0.76806,2.25,2.25
2012.05.23 12:48:41.208,0.76781,0.76815,1.50,2.25
2012.05.23 12:48:41.479,0.76781,0.76815,1.13,2.44
2012.05.23 12:48:41.786,0.76778,0.7681,2.63,3.19
2012.05.23 12:48:41.955,0.76778,0.7681,2.63,2.44
2012.05.23 12:48:42.887,0.7678,0.76815,3.19,2.44
2012.05.23 12:48:45.660,0.7678,0.76815,2.44,3.19
2012.05.23 12:48:46.331,0.7678,0.76815,2.63,3.19
2012.05.23 12:48:47.314,0.7678,0.76814,2.44,1.13
2012.05.23 12:48:48.145,0.7678,0.76814,2.44,1.13
2012.05.23 12:48:48.476,0.76778,0.7681,2.44,3.19
2012.05.23 12:48:50.287,0.76778,0.7681,2.44,3.19
2012.05.23 12:48:51.704,0.76778,0.7681,2.44,3.19
2012.05.23 12:48:51.959,0.76778,0.7681,3.19,2.44
2012.05.23 12:48:52.138,0.76778,0.7681,2.44,3.19
2012.05.23 12:48:52.204,0.76782,0.76813,2.25,1.50
2012.05.23 12:48:52.993,0.76779,0.76816,3.00,1.73
2012.05.23 12:48:53.945,0.76779,0.76816,3.75,1.73
2012.05.23 12:48:56.475,0.76779,0.76816,3.00,1.73
2012.05.23 12:48:56.696,0.76779,0.76816,3.75,1.73
2012.05.23 12:48:56.916,0.76779,0.76816,3.00,1.73
2012.05.23 12:48:59.459,0.76779,0.76816,3.75,1.73
2012.05.23 12:49:00.732,0.76781,0.76819,1.73,3.75
2012.05.23 12:49:02.916,0.76781,0.76814,1.54,1.13
2012.05.23 12:49:05.068,0.76776,0.76813,1.50,1.73
2012.05.23 12:49:10.067,0.76776,0.76813,1.50,1.54
2012.05.23 12:49:13.610,0.76777,0.76813,1.50,1.73
2012.05.23 12:49:14.125,0.76779,0.76812,2.44,1.13
2012.05.23 12:49:14.466,0.7678,0.76815,2.10,1.13
2012.05.23 12:49:14.644,0.7678,0.76815,1.35,1.13
2012.05.23 12:49:15.186,0.7678,0.76819,1.35,3.98
2012.05.23 12:49:15.253,0.76781,0.76819,1.50,3.98
2012.05.23 12:49:16.369,0.76782,0.76819,1.50,3.98
2012.05.23 12:49:16.507,0.76783,0.76819,3.00,1.54
2012.05.23 12:49:21.681,0.76783,0.76819,2.44,1.13
2012.05.23 12:49:21.745,0.76783,0.76819,2.44,1.13
2012.05.23 12:49:22.124,0.76781,0.76819,1.50,1.13
2012.05.23 12:49:22.996,0.76783,0.76822,2.63,1.50
2012.05.23 12:49:24.426,0.76783,0.76819,2.44,1.13
2012.05.23 12:49:24.493,0.76783,0.76819,2.44,1.13
2012.05.23 12:49:27.453,0.76779,0.76815,2.25,1.35
2012.05.23 12:49:27.516,0.76776,0.76814,2.10,3.19
2012.05.23 12:49:30.467,0.76776,0.76813,2.10,1.13
2012.05.23 12:49:34.028,0.76776,0.76814,2.10,3.75
2012.05.23 12:49:35.135,0.76775,0.76812,1.35,1.13
2012.05.23 12:49:35.668,0.76776,0.76813,1.54,2.63
2012.05.23 12:49:35.911,0.76776,0.76813,3.60,2.44
2012.05.23 12:49:38.078,0.76778,0.76814,3.19,1.13
2012.05.23 12:49:39.308,0.76779,0.76817,1.50,2.63
2012.05.23 12:49:43.256,0.76778,0.76817,3.19,3.00
2012.05.23 12:49:44.418,0.76776,0.76814,1.50,3.38
2012.05.23 12:49:46.226,0.76776,0.76813,1.13,1.54
2012.05.23 12:49:47.116,0.76774,0.76813,5.10,1.54
2012.05.23 12:49:47.244,0.76772,0.76806,1.13,3.19
2012.05.23 12:49:47.455,0.76772,0.76808,1.13,1.54
2012.05.23 12:49:47.635,0.76772,0.7681,1.13,5.10
2012.05.23 12:49:48.186,0.76776,0.76806,1.50,2.25
2012.05.23 12:49:48.894,0.76781,0.76814,1.13,1.35
2012.05.23 12:49:51.174,0.76781,0.76816,1.50,1.13
2012.05.23 12:49:54.764,0.76781,0.76817,1.50,2.44
2012.05.23 12:49:56.136,0.76781,0.76819,1.50,1.13
2012.05.23 12:49:56.264,0.7678,0.76816,1.50,3.19
2012.05.23 12:50:02.194,0.76781,0.76816,1.13,3.19
2012.05.23 12:50:03.415,0.76781,0.7682,1.13,2.10
2012.05.23 12:50:05.177,0.76781,0.76819,1.13,1.50
2012.05.23 12:50:05.874,0.76781,0.76819,1.50,1.13
2012.05.23 12:50:06.760,0.76781,0.76819,3.00,1.13
2012.05.23 12:50:07.964,0.76781,0.76818,1.50,1.13
2012.05.23 12:50:09.144,0.76779,0.76816,1.35,3.19
2012.05.23 12:50:09.355,0.76781,0.76816,1.50,3.19
2012.05.23 12:50:10.268,0.76781,0.76816,1.50,3.19
2012.05.23 12:50:10.497,0.76784,0.76816,2.25,3.00
2012.05.23 12:50:10.885,0.76787,0.7682,1.13,1.54
2012.05.23 12:50:11.578,0.76784,0.7682,2.25,1.54
2012.05.23 12:50:12.317,0.76782,0.7682,2.25,1.54
2012.05.23 12:50:12.444,0.76782,0.7682,2.25,1.54
2012.05.23 12:50:12.647,0.76777,0.76812,1.50,1.35
2012.05.23 12:50:13.862,0.76775,0.76811,2.25,3.19
2012.05.23 12:50:15.185,0.76773,0.76811,1.35,3.19
2012.05.23 12:50:23.247,0.76773,0.76811,1.35,3.19
2012.05.23 12:50:26.325,0.76773,0.76811,1.35,3.19
2012.05.23 12:50:27.246,0.76774,0.76811,1.50,2.44
2012.05.23 12:50:27.731,0.76773,0.76811,1.35,3.19
2012.05.23 12:50:28.020,0.76774,0.76811,1.50,2.44
2012.05.23 12:50:28.146,0.76777,0.76815,2.10,3.19
2012.05.23 12:50:28.509,0.76787,0.76815,1.13,2.25
2012.05.23 12:50:28.577,0.76787,0.76821,1.13,3.19
2012.05.23 12:50:29.739,0.76787,0.76823,1.13,3.19
2012.05.23 12:50:30.224,0.76788,0.76826,2.25,1.54
2012.05.23 12:50:30.576,0.76791,0.76826,1.50,1.54
2012.05.23 12:50:31.206,0.76795,0.76828,2.25,3.00
2012.05.23 12:50:31.545,0.76795,0.76831,2.25,1.54
2012.05.23 12:50:31.665,0.76792,0.76828,3.23,1.50
2012.05.23 12:50:32.191,0.7679,0.76828,2.85,3.75
2012.05.23 12:50:32.694,0.76789,0.76825,2.25,3.00
2012.05.23 12:50:33.003,0.76787,0.76825,3.00,3.19
2012.05.23 12:50:33.400,0.76787,0.76825,3.00,3.19
2012.05.23 12:50:33.870,0.76789,0.76826,1.35,3.19
2012.05.23 12:50:37.039,0.7679,0.76826,1.50,3.19
2012.05.23 12:50:38.198,0.76796,0.76824,2.25,1.35
2012.05.23 12:50:38.503,0.76792,0.76824,3.38,1.35
2012.05.23 12:50:38.684,0.76792,0.76829,2.63,1.50
2012.05.23 12:50:38.746,0.76792,0.76829,2.44,1.13
2012.05.23 12:50:38.978,0.76792,0.76827,2.44,1.13
2012.05.23 12:50:39.384,0.76792,0.76825,2.25,1.50
2012.05.23 12:50:39.450,0.76787,0.76822,1.13,2.44
2012.05.23 12:50:39.635,0.76784,0.76822,2.25,3.19
2012.05.23 12:50:40.209,0.76786,0.76822,1.13,2.44
2012.05.23 12:50:40.277,0.76784,0.76822,2.25,3.19
2012.05.23 12:50:40.855,0.76786,0.76822,1.13,2.44
2012.05.23 12:50:41.142,0.76784,0.76822,2.25,3.19
2012.05.23 12:50:41.514,0.76782,0.7682,1.35,1.50
2012.05.23 12:50:43.647,0.76786,0.7682,1.13,3.19
2012.05.23 12:50:45.590,0.76782,0.7682,2.25,3.19
2012.05.23 12:50:45.655,0.76786,0.7682,1.13,3.19
2012.05.23 12:50:45.855,0.76785,0.7682,2.48,3.19
2012.05.23 12:50:48.352,0.76782,0.76819,1.50,1.54
2012.05.23 12:50:49.665,0.76793,0.7682,2.10,3.38
2012.05.23 12:50:49.734,0.76793,0.7682,2.48,3.00
2012.05.23 12:50:49.898,0.76795,0.76832,3.23,1.50
2012.05.23 12:50:50.145,0.76791,0.76826,2.25,3.00
2012.05.23 12:50:50.215,0.76787,0.76824,1.35,1.13
2012.05.23 12:50:50.703,0.7679,0.76823,2.44,1.54
2012.05.23 12:50:50.867,0.76782,0.76819,1.35,1.13
2012.05.23 12:50:51.885,0.76784,0.76819,1.50,1.13
2012.05.23 12:50:52.418,0.76787,0.76824,1.13,1.50
2012.05.23 12:50:52.857,0.76787,0.76825,1.50,1.13
2012.05.23 12:50:53.099,0.7679,0.76825,3.19,1.13
2012.05.23 12:50:53.170,0.7679,0.76825,2.44,1.13
2012.05.23 12:50:53.404,0.76786,0.76823,1.13,1.50
2012.05.23 12:50:53.464,0.76784,0.76823,2.63,1.50
2012.05.23 12:50:53.536,0.76786,0.76823,1.13,1.50
2012.05.23 12:50:54.425,0.76789,0.76823,2.10,1.50
2012.05.23 12:50:54.765,0.76791,0.76827,1.35,1.13
2012.05.23 12:50:54.928,0.76791,0.76827,1.35,1.13
2012.05.23 12:50:55.115,0.76791,0.76827,1.35,1.13
2012.05.23 12:50:55.589,0.76791,0.76825,2.85,1.50
2012.05.23 12:50:55.720,0.76786,0.76825,1.13,1.50
2012.05.23 12:50:56.235,0.76787,0.76825,1.13,1.50
2012.05.23 12:50:56.635,0.76784,0.76823,2.25,3.19
2012.05.23 12:50:56.711,0.76782,0.76823,5.10,3.75
2012.05.23 12:50:57.175,0.76781,0.76814,1.54,1.13
2012.05.23 12:50:57.245,0.76777,0.76814,1.50,1.13
2012.05.23 12:50:57.423,0.76779,0.7681,1.50,2.25
2012.05.23 12:50:57.597,0.76777,0.7681,1.50,3.00
2012.05.23 12:50:57.848,0.76779,0.76814,1.50,1.13
2012.05.23 12:50:58.895,0.76779,0.76814,2.25,3.19
2012.05.23 12:51:01.438,0.76779,0.76817,2.25,3.19
2012.05.23 12:51:01.878,0.76783,0.76817,2.48,3.19
2012.05.23 12:51:03.895,0.76783,0.76817,2.48,3.19
2012.05.23 12:51:05.604,0.76783,0.76817,2.48,3.19
2012.05.23 12:51:06.212,0.76783,0.76818,2.48,1.50
2012.05.23 12:51:07.357,0.76783,0.76819,2.48,1.50
2012.05.23 12:51:13.773,0.76783,0.7682,2.48,1.50
2012.05.23 12:51:14.388,0.76783,0.7682,2.48,1.50
2012.05.23 12:51:14.705,0.76781,0.76815,2.44,1.13
2012.05.23 12:51:14.973,0.76779,0.76813,1.35,2.44
2012.05.23 12:51:15.188,0.76779,0.76813,1.35,3.19
2012.05.23 12:51:15.716,0.76779,0.76811,1.35,3.00
2012.05.23 12:51:17.975,0.7678,0.76813,1.50,2.44
2012.05.23 12:51:18.104,0.76782,0.76818,1.50,3.38
2012.05.23 12:51:20.924,0.76782,0.76818,1.13,3.19
2012.05.23 12:51:24.951,0.7678,0.76818,2.25,3.19
2012.05.23 12:51:25.616,0.76781,0.76818,1.13,3.00
2012.05.23 12:51:26.125,0.7678,0.76815,1.13,1.50
2012.05.23 12:51:26.636,0.76782,0.76818,1.50,3.38
2012.05.23 12:51:27.163,0.76779,0.76817,4.50,1.13
2012.05.23 12:51:27.328,0.76782,0.76818,1.50,3.38
2012.05.23 12:51:32.880,0.76779,0.76817,4.50,1.13
2012.05.23 12:51:33.436,0.76781,0.76818,1.50,2.63
2012.05.23 12:51:33.648,0.76779,0.76817,4.50,1.13
2012.05.23 12:51:33.870,0.76781,0.76818,1.50,2.63
2012.05.23 12:51:34.857,0.76779,0.76817,4.50,1.13
2012.05.23 12:51:35.156,0.76779,0.76818,2.63,3.75
2012.05.23 12:51:36.054,0.76781,0.76818,1.13,3.75
2012.05.23 12:51:37.005,0.76782,0.76818,1.50,3.38
2012.05.23 12:51:38.105,0.76782,0.76818,3.00,3.19
2012.05.23 12:51:41.076,0.76782,0.76818,1.50,3.19
2012.05.23 12:51:41.195,0.76779,0.76818,5.10,3.19
2012.05.23 12:51:42.177,0.76784,0.76818,2.25,3.00
2012.05.23 12:51:42.701,0.76784,0.76822,2.25,3.38
2012.05.23 12:51:43.006,0.76787,0.76819,2.25,3.00
2012.05.23 12:51:43.557,0.76784,0.76822,3.00,1.13
2012.05.23 12:51:44.705,0.76784,0.76819,2.44,1.13
2012.05.23 12:51:45.257,0.76784,0.76823,3.00,3.38
2012.05.23 12:51:45.912,0.76783,0.76816,2.25,2.25
2012.05.23 12:51:46.038,0.76781,0.76816,1.13,3.19
2012.05.23 12:51:46.138,0.76782,0.76816,1.13,2.44
2012.05.23 12:51:46.524,0.76781,0.7682,1.13,3.75
2012.05.23 12:51:46.889,0.76783,0.7682,2.25,3.19
2012.05.23 12:51:47.137,0.76783,0.7682,2.25,3.19
2012.05.23 12:51:48.886,0.76785,0.76824,2.25,1.50
2012.05.23 12:51:49.118,0.76786,0.76824,1.50,1.50
2012.05.23 12:51:49.717,0.76786,0.76824,1.35,1.50
2012.05.23 12:51:50.155,0.76786,0.76824,1.35,1.50
2012.05.23 12:51:51.096,0.76786,0.76825,1.35,1.13
2012.05.23 12:51:52.910,0.76789,0.76825,2.44,1.13
2012.05.23 12:51:53.117,0.76786,0.76823,1.50,1.54
2012.05.23 12:51:53.751,0.76784,0.76822,4.50,1.13
2012.05.23 12:51:54.397,0.76784,0.76822,2.25,3.38
2012.05.23 12:51:55.965,0.76782,0.76822,2.25,3.38
2012.05.23 12:51:58.305,0.76784,0.76822,2.25,3.19
2012.05.23 12:52:03.885,0.76786,0.76824,1.35,1.13
2012.05.23 12:52:08.418,0.76786,0.76822,1.35,3.19
2012.05.23 12:52:08.684,0.76785,0.76822,2.25,3.19
2012.05.23 12:52:09.057,0.76782,0.76821,2.25,1.50
2012.05.23 12:52:13.407,0.76781,0.76819,3.00,1.13
2012.05.23 12:52:15.939,0.76781,0.76819,2.25,1.13
2012.05.23 12:52:17.967,0.76781,0.7682,2.25,1.50
2012.05.23 12:52:19.450,0.76782,0.7682,1.50,1.50
2012.05.23 12:52:19.624,0.76782,0.7682,3.00,1.13
2012.05.23 12:52:20.225,0.76782,0.76818,1.13,3.19
2012.05.23 12:52:20.294,0.76779,0.76818,3.00,3.19
2012.05.23 12:52:20.408,0.76779,0.76818,3.00,3.19
2012.05.23 12:52:20.815,0.76779,0.76818,3.00,3.19
2012.05.23 12:52:20.933,0.76778,0.76815,2.85,3.19
2012.05.23 12:52:21.667,0.76782,0.76819,1.13,3.75
2012.05.23 12:52:21.741,0.76782,0.76818,1.50,1.13
2012.05.23 12:52:22.199,0.7678,0.76818,2.25,1.13
2012.05.23 12:52:22.388,0.76781,0.76819,1.50,3.38
2012.05.23 12:52:25.126,0.7678,0.76818,2.25,1.13
2012.05.23 12:52:25.467,0.76781,0.76819,1.50,3.38
2012.05.23 12:52:30.926,0.76781,0.76819,2.25,3.19
2012.05.23 12:52:31.166,0.76778,0.76817,4.50,1.50
2012.05.23 12:52:31.396,0.76778,0.76817,4.50,1.50
2012.05.23 12:52:31.957,0.76782,0.76818,1.13,1.50
2012.05.23 12:52:32.025,0.76782,0.76818,1.50,1.13
2012.05.23 12:52:33.612,0.76782,0.76819,3.00,3.19
2012.05.23 12:52:34.367,0.76786,0.76824,2.25,3.19
2012.05.23 12:52:34.467,0.76786,0.76824,3.00,3.19
2012.05.23 12:52:35.896,0.76786,0.76824,2.25,3.19
2012.05.23 12:52:36.666,0.76786,0.76824,2.25,3.19
2012.05.23 12:52:39.523,0.76788,0.76824,2.25,3.19
2012.05.23 12:52:42.623,0.76786,0.76824,2.25,3.19
2012.05.23 12:52:47.876,0.76785,0.76823,2.63,1.50
2012.05.23 12:52:48.605,0.76785,0.76823,2.63,1.50
2012.05.23 12:52:48.925,0.76783,0.76823,1.13,3.75
2012.05.23 12:52:48.984,0.76782,0.76819,1.88,1.13
2012.05.23 12:52:49.532,0.76785,0.76825,3.38,1.50
2012.05.23 12:52:52.507,0.76785,0.76822,3.38,1.13
2012.05.23 12:52:52.908,0.76785,0.76822,3.38,1.13
2012.05.23 12:52:53.156,0.76781,0.76821,4.13,1.50
2012.05.23 12:52:53.667,0.76781,0.76821,3.38,1.50
2012.05.23 12:53:00.398,0.76781,0.76819,4.13,1.54
2012.05.23 12:53:00.631,0.76781,0.76819,3.75,1.54
2012.05.23 12:53:00.939,0.76778,0.76812,2.29,1.13
2012.05.23 12:53:01.007,0.76778,0.76812,2.29,1.13
2012.05.23 12:53:01.227,0.76778,0.76812,2.29,1.13
2012.05.23 12:53:01.549,0.7678,0.76815,1.35,1.13
2012.05.23 12:53:01.860,0.7678,0.76818,2.85,3.19
2012.05.23 12:53:02.311,0.76779,0.76814,1.35,3.19
2012.05.23 12:53:02.739,0.76777,0.76813,1.13,1.88
2012.05.23 12:53:04.412,0.76777,0.76813,1.13,1.13
2012.05.23 12:53:04.728,0.76783,0.76816,3.00,1.35
2012.05.23 12:53:05.399,0.76781,0.76816,3.38,1.54
2012.05.23 12:53:10.458,0.76782,0.76817,3.04,3.19
2012.05.23 12:53:10.997,0.76782,0.76816,2.44,1.54
2012.05.23 12:53:11.139,0.76782,0.76816,2.44,1.54
2012.05.23 12:53:13.448,0.76782,0.76817,3.04,3.19
2012.05.23 12:53:13.543,0.76782,0.76816,2.85,1.50
2012.05.23 12:53:13.607,0.76782,0.76816,3.60,1.50
2012.05.23 12:53:13.677,0.76782,0.76816,2.85,1.50
2012.05.23 12:53:14.996,0.76782,0.76816,3.60,1.50
2012.05.23 12:53:15.255,0.76782,0.76815,3.79,1.13
2012.05.23 12:53:17.368,0.76782,0.76815,3.04,1.13
2012.05.23 12:53:18.121,0.76776,0.76809,1.50,3.19
2012.05.23 12:53:18.389,0.76779,0.76812,2.63,3.00
2012.05.23 12:53:19.176,0.76779,0.76812,2.63,2.25
2012.05.23 12:53:19.396,0.76779,0.76812,2.63,3.00
2012.05.23 12:53:19.616,0.76779,0.76812,2.63,2.25
2012.05.23 12:53:21.376,0.76779,0.76812,2.63,3.00
2012.05.23 12:53:21.904,0.76779,0.76812,3.00,3.19
2012.05.23 12:53:22.647,0.76779,0.76812,3.60,2.44
2012.05.23 12:53:22.868,0.76779,0.76812,3.60,3.19
2012.05.23 12:53:23.217,0.76779,0.76812,3.23,3.19
2012.05.23 12:53:23.885,0.76777,0.76809,1.54,3.19
2012.05.23 12:53:27.287,0.76777,0.76809,1.54,3.38
2012.05.23 12:53:27.869,0.76776,0.76809,2.29,3.38
2012.05.23 12:53:28.698,0.76777,0.76809,1.54,3.38
2012.05.23 12:53:28.818,0.76776,0.76809,2.29,3.38
2012.05.23 12:53:29.608,0.76776,0.76809,3.04,3.38
2012.05.23 12:53:31.229,0.76776,0.76809,3.23,3.19
2012.05.23 12:53:32.278,0.76776,0.76809,1.13,3.19
2012.05.23 12:53:35.158,0.76776,0.76809,1.13,3.19
2012.05.23 12:53:35.370,0.76775,0.76809,3.23,3.19
2012.05.23 12:53:35.438,0.76776,0.76809,1.13,3.19
2012.05.23 12:53:36.300,0.76776,0.76809,3.00,3.00
2012.05.23 12:53:36.899,0.76779,0.76812,2.63,2.44
2012.05.23 12:53:39.095,0.76779,0.76812,2.63,2.25
2012.05.23 12:53:39.877,0.76779,0.76812,2.63,3.00
2012.05.23 12:53:40.088,0.76779,0.76812,2.44,3.19
2012.05.23 12:53:40.216,0.76778,0.7681,2.44,3.19
2012.05.23 12:53:40.977,0.76776,0.76807,1.13,2.25
2012.05.23 12:53:41.632,0.76775,0.76807,1.13,2.25
2012.05.23 12:53:45.170,0.76775,0.76801,1.13,2.25
2012.05.23 12:53:47.133,0.76776,0.76801,1.13,2.25
2012.05.23 12:53:47.258,0.76776,0.76807,1.50,2.25
2012.05.23 12:53:50.010,0.76777,0.76802,1.13,2.25
2012.05.23 12:53:50.259,0.76771,0.76802,1.88,2.25
2012.05.23 12:53:50.355,0.76776,0.76802,1.50,2.25
2012.05.23 12:53:50.477,0.76775,0.76804,2.63,3.00
2012.05.23 12:53:51.166,0.76773,0.76804,1.13,3.00
2012.05.23 12:53:51.429,0.76777,0.76804,1.50,2.25
2012.05.23 12:53:51.656,0.76777,0.7681,1.88,2.25
2012.05.23 12:53:54.180,0.76781,0.7681,2.10,2.25
2012.05.23 12:53:58.249,0.76781,0.7681,1.17,2.25
2012.05.23 12:53:58.375,0.76781,0.76815,1.35,3.19
2012.05.23 12:54:01.357,0.7678,0.76815,3.98,3.19
2012.05.23 12:54:06.910,0.76781,0.76815,1.13,2.44
2012.05.23 12:54:12.306,0.7678,0.76815,3.98,3.00
2012.05.23 12:54:12.899,0.7678,0.7681,1.73,2.25
2012.05.23 12:54:15.519,0.76778,0.7681,2.25,3.00
2012.05.23 12:54:16.041,0.76777,0.7681,1.50,3.19
2012.05.23 12:54:16.108,0.76777,0.76804,1.50,2.25
2012.05.23 12:54:16.236,0.76771,0.76799,1.73,2.25
2012.05.23 12:54:17.259,0.76768,0.76799,1.13,2.25
2012.05.23 12:54:18.046,0.76768,0.76793,1.13,2.25
2012.05.23 12:54:19.023,0.76768,0.76793,1.13,2.25
2012.05.23 12:54:19.140,0.76767,0.76793,1.13,2.25
2012.05.23 12:54:19.408,0.76768,0.76793,1.13,2.25
2012.05.23 12:54:19.745,0.76767,0.76797,2.48,2.25
2012.05.23 12:54:19.805,0.76767,0.76797,2.85,2.25
2012.05.23 12:54:20.116,0.76768,0.76801,3.23,2.44
2012.05.23 12:54:20.294,0.76767,0.76798,3.60,2.25
2012.05.23 12:54:21.034,0.76767,0.76798,3.00,2.25
2012.05.23 12:54:21.548,0.76771,0.76794,1.13,2.25
2012.05.23 12:54:21.795,0.76771,0.76798,1.13,2.25
2012.05.23 12:54:22.428,0.76771,0.76801,1.13,2.25
2012.05.23 12:54:24.769,0.76772,0.76801,1.13,2.25
2012.05.23 12:54:29.958,0.76771,0.76801,1.50,2.25
2012.05.23 12:54:32.890,0.76771,0.76796,1.50,2.25
2012.05.23 12:54:33.361,0.7677,0.76796,1.54,2.25
2012.05.23 12:54:33.607,0.76772,0.76796,3.00,2.25
2012.05.23 12:54:33.855,0.76776,0.76807,1.13,2.44
2012.05.23 12:54:36.658,0.76775,0.76807,1.50,2.25
2012.05.23 12:54:36.725,0.76775,0.76807,1.50,2.25
2012.05.23 12:54:37.045,0.76781,0.76813,1.35,3.00
2012.05.23 12:54:37.207,0.76781,0.76813,1.54,2.44
2012.05.23 12:54:37.926,0.76781,0.76813,1.54,2.44
2012.05.23 12:54:39.137,0.76781,0.76813,1.54,2.44
2012.05.23 12:54:39.266,0.76781,0.76813,1.54,3.00
2012.05.23 12:54:44.977,0.76781,0.76813,1.54,2.25
2012.05.23 12:54:45.345,0.76787,0.76817,1.54,2.25
2012.05.23 12:54:47.067,0.76787,0.76817,1.54,2.25
2012.05.23 12:54:49.428,0.76787,0.76817,1.73,2.25
2012.05.23 12:54:52.598,0.76785,0.76814,2.85,2.25
2012.05.23 12:54:52.893,0.76785,0.76814,2.48,2.25
2012.05.23 12:54:52.958,0.7679,0.76824,3.00,3.19
2012.05.23 12:54:53.525,0.76796,0.76828,3.23,2.44
2012.05.23 12:54:53.930,0.76795,0.76829,2.63,3.19
2012.05.23 12:54:53.995,0.76795,0.76828,2.44,1.50
2012.05.23 12:54:54.172,0.76795,0.76829,3.00,3.00
2012.05.23 12:54:54.355,0.76795,0.76829,3.00,3.00
2012.05.23 12:54:54.494,0.76794,0.76823,2.85,2.25
2012.05.23 12:54:54.757,0.76796,0.76827,1.13,2.25
2012.05.23 12:54:54.950,0.76794,0.76827,4.50,3.00
2012.05.23 12:54:55.238,0.76794,0.76827,2.44,3.19
2012.05.23 12:54:55.428,0.7679,0.76822,2.25,3.00
2012.05.23 12:54:55.967,0.76787,0.76818,1.35,2.25
2012.05.23 12:54:59.707,0.76791,0.76818,1.50,2.25
2012.05.23 12:54:59.858,0.76791,0.76823,1.50,3.00
2012.05.23 12:55:00.248,0.76792,0.76823,3.00,3.00
2012.05.23 12:55:00.794,0.76797,0.76823,1.54,2.25
2012.05.23 12:55:00.856,0.76802,0.76833,3.00,3.00
2012.05.23 12:55:01.108,0.76808,0.76841,2.44,3.75
2012.05.23 12:55:01.348,0.76808,0.76841,3.00,3.00
2012.05.23 12:55:02.227,0.76808,0.76841,3.00,3.19
2012.05.23 12:55:02.588,0.76808,0.76841,3.00,3.19
2012.05.23 12:55:03.065,0.76805,0.76832,2.25,2.25
2012.05.23 12:55:03.126,0.76797,0.76832,5.10,2.25
2012.05.23 12:55:03.661,0.76797,0.76832,3.23,2.44
2012.05.23 12:55:05.219,0.76797,0.76832,3.60,2.25
2012.05.23 12:55:07.728,0.76798,0.76832,2.25,2.25
2012.05.23 12:55:10.151,0.76797,0.76832,3.60,2.25
2012.05.23 12:55:10.700,0.76803,0.76836,3.00,2.25
2012.05.23 12:55:10.825,0.76807,0.7684,2.44,1.13
2012.05.23 12:55:13.716,0.76807,0.76842,2.44,3.19
2012.05.23 12:55:13.896,0.76797,0.7683,4.50,3.00
2012.05.23 12:55:14.088,0.768,0.76834,2.63,3.19
2012.05.23 12:55:14.177,0.768,0.76834,2.63,3.19
2012.05.23 12:55:14.961,0.76801,0.76831,1.13,2.25
2012.05.23 12:55:15.147,0.76804,0.76838,2.25,3.00
2012.05.23 12:55:15.465,0.76801,0.7683,1.13,2.25
2012.05.23 12:55:15.748,0.76799,0.7683,1.13,2.25
2012.05.23 12:55:16.107,0.76797,0.7683,3.38,3.00
2012.05.23 12:55:17.757,0.76797,0.7683,2.63,3.00
2012.05.23 12:55:18.628,0.76797,0.7683,2.63,3.00
2012.05.23 12:55:18.847,0.76801,0.76833,2.44,2.44
2012.05.23 12:55:19.448,0.76801,0.76833,2.44,3.19
2012.05.23 12:55:20.484,0.76796,0.76831,5.10,3.00
2012.05.23 12:55:20.695,0.76801,0.76833,2.44,3.19
2012.05.23 12:55:21.520,0.76801,0.76833,2.44,3.00
2012.05.23 12:55:22.197,0.76803,0.76833,1.35,2.25
2012.05.23 12:55:22.403,0.76804,0.76838,3.79,2.44
2012.05.23 12:55:23.077,0.76801,0.7683,1.50,2.25
2012.05.23 12:55:23.654,0.76811,0.76833,1.54,2.25
2012.05.23 12:55:23.723,0.76811,0.76835,1.54,2.25
2012.05.23 12:55:23.847,0.76811,0.76844,3.23,3.00
2012.05.23 12:55:24.036,0.76814,0.76846,1.54,2.44
2012.05.23 12:55:24.196,0.76816,0.76846,1.50,2.25
2012.05.23 12:55:24.378,0.76819,0.76851,1.13,2.25
2012.05.23 12:55:25.367,0.76817,0.76851,3.38,3.00
2012.05.23 12:55:27.128,0.76818,0.76851,2.48,3.00
2012.05.23 12:55:28.016,0.76817,0.76851,3.00,3.00
2012.05.23 12:55:28.488,0.76817,0.76848,3.00,1.35
2012.05.23 12:55:28.617,0.76805,0.76835,2.85,3.00
2012.05.23 12:55:28.746,0.76802,0.76834,3.60,1.13
2012.05.23 12:55:28.857,0.76802,0.76822,1.35,2.25
2012.05.23 12:55:29.085,0.76802,0.76827,1.35,2.25
2012.05.23 12:55:29.288,0.76797,0.76822,1.50,2.25
2012.05.23 12:55:29.536,0.76801,0.76828,1.13,2.25
2012.05.23 12:55:29.738,0.76798,0.7683,1.13,2.44
2012.05.23 12:55:29.838,0.76798,0.76825,1.13,2.25
2012.05.23 12:55:30.427,0.768,0.76829,1.13,2.25
2012.05.23 12:55:31.276,0.76801,0.76835,1.54,2.44
2012.05.23 12:55:31.339,0.76805,0.76835,1.13,2.25
2012.05.23 12:55:31.538,0.76807,0.76839,3.60,3.00
2012.05.23 12:55:31.785,0.76807,0.76839,1.54,2.44
2012.05.23 12:55:31.845,0.76807,0.76834,1.54,2.25
2012.05.23 12:55:33.180,0.76809,0.76834,1.13,2.25
2012.05.23 12:55:33.486,0.76802,0.76834,1.50,2.25
2012.05.23 12:55:33.719,0.76802,0.76834,1.50,2.25
2012.05.23 12:55:34.020,0.76806,0.7684,1.50,2.25
2012.05.23 12:55:34.138,0.76806,0.76834,1.50,2.25
2012.05.23 12:55:34.205,0.76806,0.76839,3.75,2.25
2012.05.23 12:55:35.105,0.76806,0.76839,3.60,3.00
2012.05.23 12:55:35.166,0.76806,0.76839,2.85,3.19
2012.05.23 12:55:35.686,0.76801,0.76834,3.38,3.00
2012.05.23 12:55:35.831,0.76799,0.7683,2.85,2.25
2012.05.23 12:55:36.049,0.76801,0.76834,3.38,2.25
2012.05.23 12:55:36.177,0.76801,0.76832,2.25,1.13
2012.05.23 12:55:36.307,0.76795,0.76827,1.50,2.25
2012.05.23 12:55:36.691,0.76795,0.76827,1.50,2.25
2012.05.23 12:55:37.137,0.76795,0.76827,1.50,2.25
2012.05.23 12:55:37.499,0.76792,0.76822,1.13,2.25
2012.05.23 12:55:37.825,0.76801,0.76822,1.50,2.25
2012.05.23 12:55:37.886,0.76798,0.76836,2.85,1.13
2012.05.23 12:55:37.947,0.76796,0.76827,1.54,2.44
2012.05.23 12:55:38.006,0.76794,0.76827,1.13,2.44
2012.05.23 12:55:38.325,0.76794,0.76822,1.13,2.25
2012.05.23 12:55:39.238,0.76793,0.76827,1.13,2.44
2012.05.23 12:55:39.886,0.76792,0.76827,1.13,3.19
2012.05.23 12:55:40.005,0.76784,0.76823,1.50,3.60
2012.05.23 12:55:40.307,0.76791,0.76817,1.54,2.25
2012.05.23 12:55:40.376,0.76791,0.7683,1.54,4.50
2012.05.23 12:55:40.548,0.76796,0.7683,1.13,2.44
2012.05.23 12:55:41.275,0.76796,0.76822,1.13,2.25
2012.05.23 12:55:41.616,0.76789,0.76817,1.50,2.25
2012.05.23 12:55:43.467,0.76788,0.76817,1.13,2.25
2012.05.23 12:55:44.657,0.76787,0.76817,1.13,2.25
2012.05.23 12:55:44.836,0.76783,0.76817,3.19,3.04
2012.05.23 12:55:45.208,0.76781,0.7681,1.13,2.25
2012.05.23 12:55:45.438,0.76781,0.7681,1.13,2.25
2012.05.23 12:55:45.877,0.76781,0.7681,1.13,2.25
2012.05.23 12:55:46.217,0.76781,0.7681,1.13,2.25
2012.05.23 12:55:46.366,0.76782,0.7681,1.50,2.25
2012.05.23 12:55:46.426,0.76782,0.76812,1.50,2.25
2012.05.23 12:55:46.986,0.7678,0.76801,1.13,2.25
2012.05.23 12:55:47.225,0.7678,0.76805,1.13,2.25
2012.05.23 12:55:47.399,0.7678,0.7681,1.13,2.25
2012.05.23 12:55:47.662,0.76782,0.7681,1.50,2.25
2012.05.23 12:55:48.361,0.76782,0.76809,1.50,2.25
2012.05.23 12:55:48.472,0.76782,0.76812,1.50,2.25
2012.05.23 12:55:48.537,0.7678,0.76812,3.19,2.25
2012.05.23 12:55:48.718,0.76778,0.76809,2.10,2.25
2012.05.23 12:55:49.120,0.76779,0.76813,3.19,2.44
2012.05.23 12:55:49.208,0.76779,0.76813,3.19,2.44
2012.05.23 12:55:49.344,0.76778,0.7681,2.10,2.25
2012.05.23 12:55:50.654,0.76778,0.7681,2.10,2.25
2012.05.23 12:55:50.875,0.76778,0.7681,2.10,2.25
2012.05.23 12:55:51.470,0.76778,0.7681,1.73,2.44
2012.05.23 12:55:51.677,0.76778,0.7681,1.54,2.25
2012.05.23 12:55:51.797,0.76776,0.76806,1.13,2.25
2012.05.23 12:55:51.866,0.76776,0.76806,1.13,2.25
2012.05.23 12:55:52.822,0.76772,0.76806,1.54,2.25
2012.05.23 12:55:52.898,0.76772,0.76806,1.54,2.25
2012.05.23 12:55:53.686,0.76772,0.76802,1.54,2.25
2012.05.23 12:55:53.747,0.76779,0.76811,3.00,2.63
2012.05.23 12:55:53.908,0.76781,0.76811,1.54,2.25
2012.05.23 12:55:53.978,0.76785,0.76818,2.25,2.63
2012.05.23 12:55:54.161,0.76785,0.76818,2.25,3.38
2012.05.23 12:55:54.291,0.76781,0.76815,1.54,3.00
2012.05.23 12:55:54.383,0.76781,0.76815,1.54,2.25
2012.05.23 12:55:54.940,0.76787,0.7682,1.35,2.44
2012.05.23 12:55:55.066,0.76791,0.76825,3.19,2.44
2012.05.23 12:55:55.370,0.76791,0.76825,3.19,3.19
2012.05.23 12:55:55.582,0.7679,0.7682,1.13,2.25
2012.05.23 12:55:55.776,0.76788,0.7682,2.44,3.19
2012.05.23 12:55:55.897,0.76788,0.76818,2.25,1.50
2012.05.23 12:55:55.967,0.76783,0.76815,3.00,2.44
2012.05.23 12:55:56.513,0.76779,0.76813,1.13,2.44
2012.05.23 12:55:56.589,0.76779,0.76813,1.13,2.44
2012.05.23 12:55:56.715,0.76789,0.76822,3.00,4.50
2012.05.23 12:55:56.775,0.76789,0.76819,2.25,1.50
2012.05.23 12:55:56.971,0.76789,0.76822,2.44,3.19
2012.05.23 12:55:57.855,0.76787,0.76818,1.50,3.00
2012.05.23 12:55:58.238,0.76788,0.76823,2.44,3.19
2012.05.23 12:55:58.517,0.76788,0.76823,3.00,3.00
2012.05.23 12:56:00.011,0.76791,0.76823,1.54,2.25
2012.05.23 12:56:00.176,0.76789,0.76823,2.29,3.19
2012.05.23 12:56:00.237,0.76788,0.76823,2.44,3.19
2012.05.23 12:56:00.560,0.76786,0.76812,1.13,2.25
2012.05.23 12:56:00.794,0.76785,0.76812,1.35,2.25
2012.05.23 12:56:00.856,0.76785,0.76817,1.35,2.44
2012.05.23 12:56:01.918,0.76784,0.76817,3.04,3.00
2012.05.23 12:56:02.050,0.76784,0.76817,3.19,2.25
2012.05.23 12:56:06.456,0.76779,0.76809,1.54,2.25
2012.05.23 12:56:08.759,0.76779,0.76809,1.54,2.25
2012.05.23 12:56:08.880,0.76779,0.76809,1.54,2.25
2012.05.23 12:56:09.312,0.76782,0.76814,3.00,3.19
2012.05.23 12:56:09.390,0.76782,0.76814,3.75,3.00
2012.05.23 12:56:09.929,0.76782,0.76814,3.75,2.25
2012.05.23 12:56:10.269,0.76786,0.76814,1.13,2.25
2012.05.23 12:56:10.337,0.76786,0.7682,3.38,3.19
2012.05.23 12:56:10.652,0.76787,0.7682,1.13,2.44
2012.05.23 12:56:11.059,0.76787,0.76812,1.13,2.25
2012.05.23 12:56:11.126,0.76785,0.76812,1.35,2.25
2012.05.23 12:56:11.372,0.76785,0.76812,2.10,2.25
2012.05.23 12:56:11.467,0.76785,0.76817,2.10,2.25
2012.05.23 12:56:11.947,0.76785,0.76817,2.10,2.25
2012.05.23 12:56:12.058,0.76785,0.76817,2.10,2.25
2012.05.23 12:56:12.198,0.7679,0.76817,1.35,2.25
2012.05.23 12:56:12.265,0.7679,0.76822,3.60,2.25
2012.05.23 12:56:12.616,0.76795,0.76827,2.85,3.19
2012.05.23 12:56:12.676,0.76797,0.76827,1.35,2.44
2012.05.23 12:56:12.928,0.76795,0.76827,2.85,3.19
2012.05.23 12:56:13.200,0.76797,0.76827,1.35,2.44
2012.05.23 12:56:13.266,0.76795,0.76827,2.85,3.19
2012.05.23 12:56:13.921,0.76795,0.76827,2.85,3.19
2012.05.23 12:56:14.725,0.76795,0.76827,2.25,3.19
2012.05.23 12:56:14.878,0.76789,0.76823,3.60,3.00
2012.05.23 12:56:15.004,0.76789,0.76823,3.60,3.00
2012.05.23 12:56:15.099,0.76789,0.76818,1.35,2.25
2012.05.23 12:56:15.749,0.76791,0.76823,1.54,2.25
2012.05.23 12:56:15.889,0.76791,0.76815,1.54,2.25
2012.05.23 12:56:16.098,0.76792,0.76825,3.19,2.25
2012.05.23 12:56:16.978,0.76792,0.76825,3.38,3.00
2012.05.23 12:56:17.904,0.76792,0.76825,3.19,3.00
2012.05.23 12:56:18.358,0.76792,0.76825,2.44,3.00
2012.05.23 12:56:18.496,0.76792,0.76825,2.25,3.38
2012.05.23 12:56:18.745,0.76786,0.76817,1.50,2.25
2012.05.23 12:56:19.165,0.76791,0.76824,3.00,1.54
2012.05.23 12:56:20.338,0.76791,0.76824,2.44,1.35
2012.05.23 12:56:20.448,0.76791,0.76824,3.19,1.35
2012.05.23 12:56:20.670,0.76791,0.76826,3.19,3.04
2012.05.23 12:56:20.886,0.76791,0.76826,5.29,3.19
2012.05.23 12:56:21.107,0.76794,0.76826,1.35,2.44
2012.05.23 12:56:21.644,0.76794,0.76826,1.54,2.25
2012.05.23 12:56:22.247,0.76795,0.7683,3.19,2.63
2012.05.23 12:56:22.641,0.76795,0.76826,1.50,2.25
2012.05.23 12:56:23.014,0.76794,0.76826,1.54,2.25
2012.05.23 12:56:23.434,0.76794,0.76826,1.54,2.25
2012.05.23 12:56:23.761,0.76802,0.76826,2.10,2.25
2012.05.23 12:56:23.827,0.76804,0.76836,2.85,3.00
2012.05.23 12:56:23.899,0.76804,0.76835,2.25,1.35
2012.05.23 12:56:23.967,0.76802,0.76835,2.44,1.35
2012.05.23 12:56:24.188,0.76801,0.76831,1.50,2.25
2012.05.23 12:56:25.364,0.76798,0.76831,1.54,2.25
2012.05.23 12:56:25.426,0.768,0.76835,2.44,3.19
2012.05.23 12:56:25.582,0.768,0.76835,3.00,3.00
2012.05.23 12:56:26.167,0.76805,0.76837,3.19,2.44
2012.05.23 12:56:26.571,0.76805,0.76837,3.00,2.44
2012.05.23 12:56:27.374,0.76805,0.76837,3.00,2.44
2012.05.23 12:56:27.708,0.76805,0.76837,3.00,2.44
2012.05.23 12:56:28.198,0.76805,0.76837,3.19,2.44
2012.05.23 12:56:28.325,0.76809,0.76841,2.25,2.63
2012.05.23 12:56:29.345,0.76805,0.76837,3.19,2.44
2012.05.23 12:56:29.750,0.76806,0.76837,1.13,2.25
2012.05.23 12:56:30.340,0.76806,0.76837,1.13,2.25
2012.05.23 12:56:30.490,0.76806,0.76837,1.13,2.25
2012.05.23 12:56:31.563,0.76805,0.76837,3.19,2.25
2012.05.23 12:56:31.970,0.76812,0.7684,2.25,1.13
2012.05.23 12:56:32.265,0.76812,0.76845,2.25,3.19
2012.05.23 12:56:32.326,0.76809,0.7684,1.13,2.25
2012.05.23 12:56:32.389,0.76811,0.76844,3.19,3.19
2012.05.23 12:56:32.578,0.76811,0.76844,3.60,3.00
2012.05.23 12:56:33.027,0.76811,0.76844,3.04,3.19
2012.05.23 12:56:34.326,0.76811,0.76844,3.04,3.19
2012.05.23 12:56:34.497,0.76811,0.76844,3.79,2.44
2012.05.23 12:56:34.627,0.76816,0.76839,1.35,2.25
2012.05.23 12:56:35.023,0.76816,0.76842,1.35,2.25
2012.05.23 12:56:35.087,0.76819,0.7685,2.25,2.25
2012.05.23 12:56:35.464,0.76815,0.76847,3.00,2.63
2012.05.23 12:56:35.708,0.76811,0.76843,1.35,3.00
2012.05.23 12:56:36.309,0.76815,0.76847,3.00,3.00
2012.05.23 12:56:37.958,0.76817,0.76845,2.25,1.50
2012.05.23 12:56:38.029,0.76814,0.76845,2.25,1.50
2012.05.23 12:56:40.653,0.76814,0.76847,3.00,3.00
2012.05.23 12:56:40.811,0.76814,0.76847,2.25,3.00
2012.05.23 12:56:41.451,0.76814,0.76844,2.25,1.13
2012.05.23 12:56:41.738,0.76814,0.76844,2.25,1.13
2012.05.23 12:56:41.806,0.76809,0.76844,3.04,3.38
2012.05.23 12:56:41.945,0.76809,0.76844,3.04,3.38
2012.05.23 12:56:42.005,0.76813,0.76844,2.25,1.13
2012.05.23 12:56:43.350,0.76813,0.76844,2.25,1.13
2012.05.23 12:56:44.420,0.76813,0.76844,2.85,1.13
2012.05.23 12:56:44.757,0.76798,0.76832,3.79,2.44
2012.05.23 12:56:44.910,0.76798,0.76832,3.04,2.44
2012.05.23 12:56:45.362,0.76798,0.76832,3.79,2.44
2012.05.23 12:56:46.100,0.76802,0.76835,2.25,1.50
2012.05.23 12:56:46.963,0.76798,0.76832,2.44,2.44
2012.05.23 12:56:47.054,0.76798,0.76832,3.19,2.44
2012.05.23 12:56:47.840,0.76798,0.76832,2.44,2.44
2012.05.23 12:56:48.397,0.76798,0.76832,3.19,2.44
2012.05.23 12:56:48.456,0.76798,0.76832,2.44,2.44
2012.05.23 12:56:49.073,0.76798,0.76832,2.44,2.44
2012.05.23 12:56:49.868,0.76798,0.76832,3.19,2.44
2012.05.23 12:56:50.324,0.76803,0.76834,2.25,1.50
2012.05.23 12:56:51.435,0.76803,0.76834,2.25,1.50
2012.05.23 12:56:51.494,0.76798,0.76832,3.19,3.00
2012.05.23 12:56:51.557,0.76799,0.76832,1.13,2.25
2012.05.23 12:56:51.706,0.76804,0.76836,3.00,3.04
2012.05.23 12:56:51.769,0.76805,0.76836,1.13,2.85
2012.05.23 12:56:52.130,0.76808,0.7684,2.25,3.19
2012.05.23 12:56:53.067,0.76808,0.76839,2.25,1.13
2012.05.23 12:56:53.997,0.76808,0.76839,2.25,1.13
2012.05.23 12:56:54.470,0.76803,0.76835,2.25,3.19
2012.05.23 12:56:55.389,0.76803,0.76834,2.25,1.13
2012.05.23 12:56:55.586,0.76799,0.76831,2.44,2.25
2012.05.23 12:56:56.378,0.76799,0.76831,3.00,2.25
2012.05.23 12:56:57.908,0.76799,0.76831,3.00,2.25
2012.05.23 12:56:58.095,0.76804,0.76836,2.44,3.00
2012.05.23 12:56:59.690,0.76804,0.76836,2.63,3.00
2012.05.23 12:57:03.776,0.76804,0.76836,2.25,3.38
2012.05.23 12:57:05.418,0.76804,0.76836,2.44,3.00
2012.05.23 12:57:05.486,0.76807,0.76839,2.25,1.13
2012.05.23 12:57:05.638,0.76807,0.76839,3.00,1.13
2012.05.23 12:57:06.256,0.76811,0.76839,2.25,1.13
2012.05.23 12:57:07.237,0.76811,0.76843,2.25,1.35
2012.05.23 12:57:08.727,0.76811,0.76844,3.38,3.00
2012.05.23 12:57:08.796,0.76822,0.76852,2.25,1.13
2012.05.23 12:57:09.145,0.76815,0.76848,2.25,3.75
2012.05.23 12:57:09.608,0.76815,0.76847,3.00,2.25
2012.05.23 12:57:09.796,0.76809,0.76844,3.00,3.75
2012.05.23 12:57:10.462,0.76811,0.76844,3.00,3.00
2012.05.23 12:57:11.589,0.76811,0.76844,2.25,3.75
2012.05.23 12:57:11.879,0.76806,0.7684,1.73,2.44
2012.05.23 12:57:12.227,0.76811,0.76844,3.00,3.60
2012.05.23 12:57:12.687,0.76811,0.76844,3.19,3.04
2012.05.23 12:57:13.571,0.76811,0.76844,3.00,3.23
2012.05.23 12:57:13.636,0.76806,0.76839,3.19,2.25
2012.05.23 12:57:13.757,0.7681,0.76843,3.00,2.63
2012.05.23 12:57:17.867,0.76811,0.76843,1.13,2.25
2012.05.23 12:57:18.267,0.76815,0.76844,2.25,1.54
2012.05.23 12:57:22.173,0.7681,0.76843,3.19,2.25
2012.05.23 12:57:22.769,0.7681,0.76843,3.19,2.25
2012.05.23 12:57:22.840,0.76817,0.7685,3.00,1.13
2012.05.23 12:57:24.649,0.76817,0.76851,3.19,2.44
2012.05.23 12:57:24.928,0.76822,0.76854,2.25,1.13
2012.05.23 12:57:26.747,0.76822,0.76856,3.00,2.63
2012.05.23 12:57:27.339,0.76822,0.76854,3.00,2.25
2012.05.23 12:57:27.406,0.76822,0.76853,3.00,1.50
2012.05.23 12:57:28.930,0.76822,0.76854,3.00,2.25
2012.05.23 12:57:29.348,0.76822,0.76856,3.00,2.44
2012.05.23 12:57:29.415,0.76822,0.76856,3.00,3.19
2012.05.23 12:57:30.688,0.76822,0.76856,2.25,3.19
2012.05.23 12:57:31.079,0.76822,0.76856,3.19,3.19
2012.05.23 12:57:32.852,0.76822,0.76854,3.00,1.13
2012.05.23 12:57:34.408,0.76822,0.76856,2.44,3.38
2012.05.23 12:57:35.669,0.76822,0.76856,2.44,3.38
2012.05.23 12:57:35.741,0.76822,0.76856,3.19,3.38
2012.05.23 12:57:35.899,0.76822,0.76856,2.44,3.38
2012.05.23 12:57:36.086,0.76823,0.76856,1.50,2.25
2012.05.23 12:57:36.175,0.76822,0.76856,3.00,3.00
2012.05.23 12:57:36.397,0.76822,0.76856,3.00,2.25
2012.05.23 12:57:36.458,0.76822,0.76853,3.00,2.10
2012.05.23 12:57:36.655,0.76823,0.76858,3.00,3.04
2012.05.23 12:57:36.715,0.76823,0.76858,2.44,3.23
2012.05.23 12:57:37.020,0.76819,0.76851,3.00,2.85
2012.05.23 12:57:37.086,0.76814,0.76849,3.19,2.25
2012.05.23 12:57:38.570,0.76814,0.76849,3.19,3.38
2012.05.23 12:57:39.409,0.76814,0.76849,3.19,2.63
2012.05.23 12:57:39.477,0.76823,0.76854,1.50,2.25
2012.05.23 12:57:39.594,0.7683,0.7686,2.25,1.13
2012.05.23 12:57:39.716,0.76821,0.76854,1.50,3.00
2012.05.23 12:57:40.043,0.76821,0.76854,1.13,3.19
2012.05.23 12:57:40.465,0.7683,0.76858,2.25,1.50
2012.05.23 12:57:40.526,0.7683,0.76861,2.25,1.54
2012.05.23 12:57:40.667,0.7683,0.76861,2.25,1.54
2012.05.23 12:57:41.307,0.76824,0.76859,2.44,3.75
2012.05.23 12:57:41.676,0.76826,0.76854,1.35,2.25
2012.05.23 12:57:41.843,0.76829,0.76864,2.44,3.75
2012.05.23 12:57:41.966,0.76829,0.76864,3.19,3.75
2012.05.23 12:57:42.087,0.76829,0.76864,2.44,3.75
2012.05.23 12:57:42.618,0.76828,0.76859,2.25,1.13
2012.05.23 12:57:42.979,0.76828,0.76859,2.25,1.13
2012.05.23 12:57:43.208,0.76823,0.76858,2.44,3.19
2012.05.23 12:57:43.573,0.76823,0.76858,2.44,3.19
2012.05.23 12:57:43.640,0.76818,0.76853,4.54,2.44
2012.05.23 12:57:43.707,0.76818,0.76849,2.25,1.50
2012.05.23 12:57:43.955,0.76811,0.76844,1.73,3.00
2012.05.23 12:57:45.319,0.76811,0.76844,1.54,3.19
2012.05.23 12:57:45.872,0.7681,0.76844,1.50,3.00
2012.05.23 12:57:45.939,0.76817,0.76844,1.50,2.25
2012.05.23 12:57:46.207,0.7682,0.76851,1.13,2.25
2012.05.23 12:57:46.332,0.76818,0.76851,3.00,2.44
2012.05.23 12:57:46.647,0.76823,0.76856,3.19,2.44
2012.05.23 12:57:47.342,0.76823,0.76856,2.44,3.19
2012.05.23 12:57:47.785,0.76823,0.76856,3.19,2.44
2012.05.23 12:57:47.846,0.76823,0.76855,2.25,1.13
2012.05.23 12:57:48.378,0.76818,0.76851,3.75,2.25
2012.05.23 12:57:49.041,0.76818,0.76851,3.19,2.25
2012.05.23 12:57:49.937,0.76822,0.76851,1.50,2.25
2012.05.23 12:57:49.997,0.76823,0.76856,3.19,2.25
2012.05.23 12:57:50.414,0.76823,0.76856,2.44,3.00
2012.05.23 12:57:50.690,0.76823,0.76855,2.25,1.50
2012.05.23 12:57:50.900,0.76818,0.76851,2.63,2.44
2012.05.23 12:57:51.215,0.76818,0.7685,1.13,2.25
2012.05.23 12:57:51.477,0.76822,0.76854,3.19,2.44
2012.05.23 12:57:51.806,0.76819,0.76849,1.50,2.25
2012.05.23 12:57:52.127,0.7682,0.76854,3.00,3.19
2012.05.23 12:57:52.476,0.76826,0.76855,2.25,1.50
2012.05.23 12:57:52.578,0.7682,0.76854,3.00,3.19
2012.05.23 12:57:52.841,0.7682,0.76854,2.25,3.19
2012.05.23 12:57:53.026,0.76817,0.76849,3.19,2.25
2012.05.23 12:57:54.405,0.76817,0.76849,3.00,2.44
2012.05.23 12:57:55.528,0.76817,0.76849,3.00,2.44
2012.05.23 12:57:57.430,0.76817,0.76849,3.19,2.25
2012.05.23 12:57:59.267,0.76817,0.76849,2.44,2.44
2012.05.23 12:57:59.646,0.76817,0.76849,3.19,2.44
2012.05.23 12:58:00.420,0.76821,0.76853,3.00,3.00
2012.05.23 12:58:00.791,0.76821,0.7685,2.25,1.50
2012.05.23 12:58:02.651,0.76821,0.76851,2.25,1.13
2012.05.23 12:58:05.217,0.76821,0.76853,2.25,3.19
2012.05.23 12:58:05.289,0.76815,0.76847,1.13,2.25
2012.05.23 12:58:06.463,0.76812,0.76847,3.60,3.00
2012.05.23 12:58:07.185,0.76812,0.76845,2.25,1.54
2012.05.23 12:58:07.450,0.76812,0.76847,3.00,3.00
2012.05.23 12:58:08.417,0.76814,0.76847,1.13,2.44
2012.05.23 12:58:08.659,0.76814,0.76847,1.13,2.44
2012.05.23 12:58:08.950,0.76817,0.76852,3.00,3.60
2012.05.23 12:58:09.209,0.76817,0.76849,2.25,1.13
2012.05.23 12:58:09.458,0.76812,0.76847,2.44,3.38
2012.05.23 12:58:09.696,0.76812,0.76847,3.19,2.63
2012.05.23 12:58:10.412,0.76812,0.76847,3.19,2.63
2012.05.23 12:58:10.852,0.76823,0.76853,2.25,1.73
2012.05.23 12:58:14.377,0.76823,0.76856,3.00,4.50
2012.05.23 12:58:15.175,0.76823,0.76853,2.25,1.50
2012.05.23 12:58:15.295,0.76818,0.76851,2.44,3.19
2012.05.23 12:58:15.446,0.76818,0.76851,3.19,2.44
2012.05.23 12:58:15.659,0.76823,0.76853,2.25,1.50
2012.05.23 12:58:15.939,0.76817,0.76852,3.79,3.19
2012.05.23 12:58:16.386,0.76817,0.76852,3.79,2.44
2012.05.23 12:58:17.028,0.76817,0.76852,3.98,2.44
2012.05.23 12:58:17.628,0.76817,0.76852,3.98,2.44
2012.05.23 12:58:17.698,0.76822,0.76854,2.44,2.25
2012.05.23 12:58:17.882,0.76822,0.76854,2.44,2.25
2012.05.23 12:58:18.384,0.7682,0.76851,1.50,2.25
2012.05.23 12:58:19.177,0.76819,0.76851,1.50,2.25
2012.05.23 12:58:19.954,0.76818,0.76851,3.19,2.25
2012.05.23 12:58:20.016,0.76818,0.76851,2.44,3.00
2012.05.23 12:58:20.181,0.76815,0.76847,1.50,2.25
2012.05.23 12:58:20.306,0.76818,0.76851,3.19,2.25
2012.05.23 12:58:23.119,0.76818,0.76851,3.19,2.44
2012.05.23 12:58:23.416,0.76823,0.76856,3.19,2.44
2012.05.23 12:58:29.163,0.76823,0.76856,2.44,3.19
2012.05.23 12:58:29.442,0.76823,0.76856,3.19,2.44
2012.05.23 12:58:30.578,0.76823,0.76856,3.19,2.44
2012.05.23 12:58:40.471,0.76827,0.7686,3.19,3.38
2012.05.23 12:58:41.692,0.76826,0.76861,3.00,3.00
2012.05.23 12:58:41.757,0.76826,0.7686,3.00,2.25
2012.05.23 12:58:42.229,0.76823,0.76855,2.44,1.54
2012.05.23 12:58:42.381,0.76823,0.76854,2.25,1.13
2012.05.23 12:58:43.134,0.76823,0.76854,2.25,1.13
2012.05.23 12:58:44.717,0.76823,0.76855,2.25,1.54
2012.05.23 12:58:44.804,0.76823,0.76855,2.25,1.54
2012.05.23 12:58:45.072,0.76823,0.76855,2.25,1.54
2012.05.23 12:58:45.137,0.76823,0.76855,2.25,1.54
2012.05.23 12:58:45.351,0.76823,0.76855,2.25,1.54
2012.05.23 12:58:45.483,0.76819,0.76853,2.44,3.19
2012.05.23 12:58:45.668,0.76819,0.76853,2.25,3.38
2012.05.23 12:58:46.565,0.76815,0.76849,3.19,3.19
2012.05.23 12:58:46.671,0.76815,0.76849,3.19,2.44
2012.05.23 12:58:46.907,0.76815,0.76849,3.19,3.19
2012.05.23 12:58:47.670,0.76815,0.76849,3.19,2.44
2012.05.23 12:58:48.200,0.76815,0.76849,3.19,2.25
2012.05.23 12:58:49.148,0.76819,0.76849,1.54,2.25
2012.05.23 12:58:49.283,0.76821,0.76853,3.00,2.44
2012.05.23 12:58:49.727,0.76821,0.76853,3.00,2.44
2012.05.23 12:58:49.797,0.76819,0.76851,1.54,2.25
2012.05.23 12:58:50.194,0.76823,0.76851,1.13,2.25
2012.05.23 12:58:50.261,0.76827,0.76855,1.13,2.25
2012.05.23 12:58:50.327,0.76827,0.7686,3.38,2.25
2012.05.23 12:58:50.396,0.76827,0.7686,2.63,3.00
2012.05.23 12:58:50.578,0.76821,0.76852,1.13,2.25
2012.05.23 12:58:50.768,0.76828,0.76859,2.25,1.50
2012.05.23 12:58:51.164,0.76824,0.76856,3.00,2.44
2012.05.23 12:58:51.329,0.76824,0.76856,2.25,3.19
2012.05.23 12:58:52.138,0.76824,0.76856,2.25,2.44
2012.05.23 12:58:52.357,0.76826,0.76858,2.25,1.50
2012.05.23 12:58:53.189,0.76826,0.76857,2.25,1.50
2012.05.23 12:58:53.527,0.76822,0.76855,2.44,3.19
2012.05.23 12:58:53.628,0.76822,0.76853,2.25,1.13
2012.05.23 12:58:55.390,0.76822,0.76854,2.25,1.50
2012.05.23 12:58:56.394,0.76822,0.76855,2.25,3.19
2012.05.23 12:58:58.956,0.76822,0.76855,2.25,3.19
2012.05.23 12:58:59.355,0.76817,0.7685,4.35,2.25
2012.05.23 12:58:59.706,0.76817,0.7685,2.44,3.19
2012.05.23 12:58:59.789,0.76815,0.76846,1.13,2.25
2012.05.23 12:59:01.681,0.76813,0.76846,3.19,2.25
2012.05.23 12:59:02.118,0.76813,0.76846,3.00,3.00
2012.05.23 12:59:02.188,0.76813,0.76844,2.25,1.13
2012.05.23 12:59:02.316,0.76811,0.76838,1.35,2.25
2012.05.23 12:59:02.873,0.76806,0.76838,3.75,3.00
2012.05.23 12:59:03.427,0.76806,0.76838,3.75,2.25
2012.05.23 12:59:03.508,0.76811,0.76843,3.00,2.63
2012.05.23 12:59:04.155,0.76811,0.76843,3.00,2.44
2012.05.23 12:59:04.374,0.76807,0.7684,2.44,2.44
2012.05.23 12:59:04.638,0.76807,0.7684,3.19,3.19
2012.05.23 12:59:04.996,0.76805,0.76836,1.13,2.25
2012.05.23 12:59:05.335,0.76811,0.76838,2.25,2.10
2012.05.23 12:59:05.396,0.76802,0.76837,3.19,2.44
2012.05.23 12:59:05.456,0.76811,0.76838,2.25,2.10
2012.05.23 12:59:05.908,0.76811,0.76834,2.25,1.50
2012.05.23 12:59:05.976,0.76803,0.76834,2.25,1.50
2012.05.23 12:59:06.456,0.768,0.76832,2.25,2.44
2012.05.23 12:59:06.738,0.768,0.76832,2.25,2.63
2012.05.23 12:59:08.216,0.768,0.76832,3.00,2.63
2012.05.23 12:59:08.276,0.768,0.76832,3.19,2.44
2012.05.23 12:59:08.723,0.76799,0.76833,2.25,3.00
2012.05.23 12:59:09.177,0.76799,0.76828,2.25,1.50
2012.05.23 12:59:09.260,0.76792,0.76822,2.85,2.25
2012.05.23 12:59:09.430,0.76789,0.76822,3.19,2.25
2012.05.23 12:59:11.038,0.76789,0.76822,3.19,2.44
2012.05.23 12:59:12.362,0.76789,0.76822,3.38,2.44
2012.05.23 12:59:12.999,0.76789,0.76822,3.75,2.25
2012.05.23 12:59:15.311,0.76789,0.76822,3.19,2.25
2012.05.23 12:59:15.818,0.76793,0.76826,2.25,2.63
2012.05.23 12:59:15.885,0.76788,0.76823,3.19,2.44
2012.05.23 12:59:15.945,0.76788,0.76823,3.19,2.44
2012.05.23 12:59:16.498,0.76792,0.76823,2.25,2.25
2012.05.23 12:59:16.848,0.76799,0.76828,1.13,2.25
2012.05.23 12:59:17.151,0.76792,0.76824,1.50,2.25
2012.05.23 12:59:18.368,0.76795,0.76827,3.75,2.25
2012.05.23 12:59:20.198,0.76795,0.76827,3.75,2.25
2012.05.23 12:59:20.447,0.76797,0.76832,3.19,2.25
2012.05.23 12:59:21.485,0.76797,0.76832,2.44,3.00
2012.05.23 12:59:22.898,0.76797,0.76832,3.19,2.25
2012.05.23 12:59:23.477,0.76797,0.76832,2.63,2.25
2012.05.23 12:59:23.537,0.76797,0.76832,3.38,2.44
2012.05.23 12:59:23.728,0.76795,0.76827,3.19,2.44
2012.05.23 12:59:24.404,0.76795,0.76827,2.25,3.00
2012.05.23 12:59:24.626,0.76791,0.76824,1.35,2.63
2012.05.23 12:59:24.747,0.76795,0.76827,2.25,3.00
2012.05.23 12:59:25.359,0.76791,0.76823,3.00,3.19
2012.05.23 12:59:26.727,0.76786,0.76817,1.35,2.44
2012.05.23 12:59:26.787,0.76782,0.76817,3.19,2.44
2012.05.23 12:59:28.019,0.76782,0.76817,3.00,3.00
2012.05.23 12:59:28.757,0.76782,0.76817,3.00,3.00
2012.05.23 12:59:29.411,0.76781,0.76813,1.35,2.63
2012.05.23 12:59:29.746,0.76775,0.76809,3.75,2.25
2012.05.23 12:59:30.150,0.76776,0.76808,3.00,2.44
2012.05.23 12:59:30.729,0.76776,0.76808,3.00,2.44
2012.05.23 12:59:31.075,0.76785,0.76819,3.19,2.63
2012.05.23 12:59:31.197,0.76785,0.76818,3.19,3.23
2012.05.23 12:59:31.511,0.7678,0.76814,3.19,2.44
2012.05.23 12:59:31.944,0.76781,0.76813,3.19,2.44
2012.05.23 12:59:32.941,0.76781,0.76813,3.19,2.44
2012.05.23 12:59:33.347,0.76786,0.76818,3.00,2.29
2012.05.23 12:59:33.477,0.76782,0.76816,1.35,3.00
2012.05.23 12:59:33.725,0.76783,0.76814,2.25,2.85
2012.05.23 12:59:34.285,0.76779,0.76811,2.63,2.44
2012.05.23 12:59:34.880,0.76779,0.76811,3.38,2.44
2012.05.23 12:59:35.337,0.76781,0.76814,3.00,2.85
2012.05.23 12:59:35.909,0.76778,0.76812,2.44,2.63
2012.05.23 12:59:36.270,0.76778,0.76812,3.19,2.63
2012.05.23 12:59:36.953,0.76782,0.76814,2.25,3.60
2012.05.23 12:59:37.579,0.76782,0.76814,2.25,2.10
2012.05.23 12:59:38.397,0.76786,0.76814,2.25,1.35
2012.05.23 12:59:38.457,0.76786,0.76818,2.25,3.23
2012.05.23 12:59:38.578,0.76782,0.76812,3.00,2.25
2012.05.23 12:59:38.817,0.76775,0.76807,3.19,2.44
2012.05.23 12:59:38.997,0.76777,0.76807,1.13,2.25
2012.05.23 12:59:39.116,0.76778,0.76812,2.63,3.04
2012.05.23 12:59:39.576,0.76774,0.76808,3.19,3.00
2012.05.23 12:59:40.341,0.76774,0.76808,2.44,3.75
2012.05.23 12:59:40.648,0.76774,0.76808,2.44,3.38
2012.05.23 12:59:40.721,0.76774,0.76803,2.25,1.13
2012.05.23 12:59:40.917,0.7677,0.76802,3.19,2.44
2012.05.23 12:59:41.050,0.76772,0.76802,1.50,2.25
2012.05.23 12:59:41.235,0.76775,0.76807,2.44,2.25
2012.05.23 12:59:41.535,0.76775,0.76807,2.25,3.00
2012.05.23 12:59:41.777,0.76774,0.76806,3.75,2.25
2012.05.23 12:59:42.319,0.76772,0.76804,3.75,2.25
2012.05.23 12:59:42.386,0.76772,0.76804,3.19,2.44
2012.05.23 12:59:43.450,0.76772,0.76804,3.75,2.25
2012.05.23 12:59:43.997,0.76772,0.76804,3.19,2.44
2012.05.23 12:59:44.147,0.76772,0.76802,3.19,2.10
2012.05.23 12:59:44.476,0.76768,0.76793,2.25,2.25
2012.05.23 12:59:44.597,0.76769,0.76803,3.00,2.25
2012.05.23 12:59:44.835,0.76777,0.76809,2.25,1.50
2012.05.23 12:59:46.077,0.76777,0.76809,2.44,1.13
2012.05.23 12:59:47.016,0.76777,0.76809,2.44,1.13
2012.05.23 12:59:47.494,0.76772,0.76807,3.75,3.38
2012.05.23 12:59:48.497,0.7677,0.76802,3.00,2.25
2012.05.23 12:59:49.486,0.76767,0.76802,3.75,2.44
2012.05.23 12:59:50.489,0.76771,0.76805,3.19,2.44
2012.05.23 12:59:51.716,0.76771,0.76805,3.19,3.19
2012.05.23 12:59:52.128,0.76767,0.76802,3.00,2.25
2012.05.23 12:59:52.468,0.76766,0.76798,1.50,2.25
2012.05.23 12:59:53.030,0.76768,0.76801,3.00,2.25
2012.05.23 12:59:53.255,0.76768,0.76801,2.44,2.44
2012.05.23 12:59:53.354,0.76765,0.76797,1.50,2.25
2012.05.23 12:59:53.926,0.76766,0.76797,3.00,2.25
2012.05.23 12:59:53.987,0.76766,0.76799,3.00,2.25
2012.05.23 12:59:54.478,0.76765,0.76794,1.13,2.25
2012.05.23 12:59:54.688,0.76765,0.76794,1.13,2.25
2012.05.23 12:59:54.845,0.76766,0.76798,3.19,2.44
2012.05.23 12:59:54.967,0.76766,0.76797,3.19,2.29
2012.05.23 12:59:55.027,0.7676,0.76783,1.13,2.25
2012.05.23 12:59:55.267,0.76761,0.76793,3.19,2.44
2012.05.23 12:59:55.327,0.76764,0.76793,1.13,2.25
2012.05.23 12:59:57.217,0.76762,0.76793,1.13,3.00
2012.05.23 12:59:57.757,0.76761,0.76793,3.75,3.60
2012.05.23 12:59:57.927,0.76761,0.7679,1.50,2.25
2012.05.23 12:59:57.987,0.76764,0.76797,2.44,2.63
2012.05.23 12:59:58.505,0.76761,0.76793,3.00,2.25
2012.05.23 12:59:58.567,0.76761,0.76793,2.25,4.50
2012.05.23 12:59:58.687,0.76754,0.76787,3.19,2.44
2012.05.23 12:59:59.015,0.76753,0.76783,1.13,2.25
2012.05.23 12:59:59.081,0.76753,0.76788,3.38,2.44
2012.05.23 12:59:59.147,0.76763,0.76794,2.25,1.54
2012.05.23 12:59:59.667,0.76759,0.76792,3.19,2.25
