2010.10.06 22:00:01.334,0.7595,0.75985,1.00,1.00
2010.10.06 22:00:03.506,0.75955,0.7599,1.00,1.00
2010.10.06 22:00:13.386,0.7596,0.75995,1.00,1.00
2010.10.06 22:00:30.752,0.7596,0.76,1.00,1.00
2010.10.06 22:00:31.353,0.75965,0.7601,1.00,1.00
2010.10.06 22:00:31.482,0.75965,0.7601,1.00,1.00
2010.10.06 22:00:32.712,0.75965,0.76005,1.00,1.00
2010.10.06 22:00:33.745,0.7597,0.76005,1.00,1.00
2010.10.06 22:00:33.805,0.7597,0.76005,1.00,1.00
2010.10.06 22:00:40.617,0.75965,0.76005,1.00,1.00
2010.10.06 22:00:40.732,0.7596,0.76005,1.00,1.00
2010.10.06 22:00:41.144,0.7596,0.76,1.00,1.00
2010.10.06 22:00:42.768,0.7596,0.75995,1.00,1.00
2010.10.06 22:00:48.356,0.75965,0.76,1.00,1.00
2010.10.06 22:00:49.051,0.7596,0.75995,1.00,1.00
2010.10.06 22:01:00.422,0.75965,0.76,1.00,1.00
2010.10.06 22:01:38.992,0.7596,0.76,1.00,1.00
2010.10.06 22:01:43.783,0.75965,0.76,1.00,1.00
2010.10.06 22:02:14.992,0.7596,0.76,1.00,1.00
2010.10.06 22:02:16.723,0.7596,0.75995,1.00,1.00
2010.10.06 22:02:16.842,0.7596,0.75995,1.00,1.00
2010.10.06 22:02:17.400,0.7596,0.76,1.00,1.00
2010.10.06 22:02:18.762,0.75965,0.76,1.00,1.00
2010.10.06 22:02:23.392,0.75965,0.76005,1.00,1.00
2010.10.06 22:02:24.801,0.7597,0.76005,1.00,1.00
2010.10.06 22:02:24.892,0.7596,0.76005,1.00,1.00
2010.10.06 22:02:24.982,0.7596,0.76005,1.00,1.00
2010.10.06 22:02:25.604,0.75955,0.76,1.00,1.00
2010.10.06 22:02:26.492,0.75955,0.75995,1.00,1.00
2010.10.06 22:02:26.692,0.75955,0.7599,1.00,1.00
2010.10.06 22:02:26.892,0.75955,0.75995,1.00,1.00
2010.10.06 22:02:27.122,0.75955,0.7599,1.00,1.00
2010.10.06 22:02:27.352,0.7595,0.7599,1.00,1.00
2010.10.06 22:02:28.035,0.75955,0.76,1.00,1.00
2010.10.06 22:02:28.784,0.7596,0.76,1.00,1.00
2010.10.06 22:02:28.952,0.75965,0.76005,1.00,1.00
2010.10.06 22:02:31.766,0.75965,0.76,1.00,1.00
2010.10.06 22:03:32.519,0.7595,0.76015,1.00,1.00
2010.10.06 22:03:44.804,0.75965,0.76005,1.00,1.00
2010.10.06 22:04:45.142,0.75955,0.7602,1.00,1.00
2010.10.06 22:05:14.260,0.75923,0.75963,1.00,1.70
2010.10.06 22:05:17.919,0.75928,0.75968,2.00,1.00
2010.10.06 22:05:53.556,0.7593,0.75975,1.00,1.00
2010.10.06 22:05:54.270,0.75932,0.75977,1.00,2.20
2010.10.06 22:05:56.050,0.75932,0.75977,1.00,1.00
2010.10.06 22:05:56.140,0.75934,0.75979,1.00,1.00
2010.10.06 22:05:56.240,0.75938,0.75983,2.00,2.10
2010.10.06 22:05:56.780,0.75939,0.75984,1.00,1.00
2010.10.06 22:05:57.420,0.75934,0.75984,1.00,1.70
2010.10.06 22:05:57.760,0.75928,0.75983,2.00,1.00
2010.10.06 22:05:58.528,0.7593,0.7598,1.00,1.00
2010.10.06 22:05:58.866,0.75932,0.75982,1.00,2.30
2010.10.06 22:05:59.207,0.75938,0.75978,1.00,1.70
2010.10.06 22:05:59.649,0.75938,0.75978,2.00,1.00
2010.10.06 22:06:20.888,0.7596,0.76005,1.00,1.00
2010.10.06 22:06:21.192,0.7596,0.76005,1.00,1.00
2010.10.06 22:06:22.095,0.75965,0.76005,1.00,1.00
2010.10.06 22:06:26.752,0.7597,0.76005,1.00,1.00
2010.10.06 22:06:32.392,0.75965,0.76005,1.00,1.00
2010.10.06 22:06:33.862,0.75965,0.76,1.00,1.00
2010.10.06 22:06:34.671,0.75965,0.76005,1.00,1.00
2010.10.06 22:07:22.592,0.75955,0.76,1.00,1.00
2010.10.06 22:07:22.792,0.75955,0.76005,1.00,1.00
2010.10.06 22:07:23.753,0.7596,0.76,1.00,1.00
2010.10.06 22:07:27.655,0.75965,0.76,1.00,1.00
2010.10.06 22:07:27.821,0.75965,0.76005,1.00,1.00
2010.10.06 22:07:28.645,0.7596,0.76,1.00,1.00
2010.10.06 22:07:33.714,0.75965,0.76005,1.00,1.00
2010.10.06 22:07:50.193,0.7596,0.76005,1.00,1.00
2010.10.06 22:07:52.773,0.7597,0.76005,1.00,1.00
2010.10.06 22:07:58.654,0.75965,0.76005,1.00,1.00
2010.10.06 22:08:42.443,0.75955,0.76005,1.00,1.00
2010.10.06 22:08:43.095,0.75955,0.76005,1.00,1.00
2010.10.06 22:08:43.131,0.75955,0.76005,1.00,1.00
2010.10.06 22:08:43.771,0.75955,0.76005,1.00,1.00
2010.10.06 22:08:44.696,0.7596,0.76005,1.00,1.00
2010.10.06 22:08:45.744,0.75965,0.76005,1.00,1.00
2010.10.06 22:08:46.674,0.75965,0.76005,1.00,1.00
2010.10.06 22:09:46.978,0.75955,0.76025,1.00,1.00
2010.10.06 22:10:00.222,0.75934,0.75989,1.00,1.00
2010.10.06 22:10:00.664,0.75939,0.75984,4.50,1.00
2010.10.06 22:10:06.431,0.7594,0.75985,1.00,1.00
2010.10.06 22:10:07.493,0.75941,0.75986,1.00,1.00
2010.10.06 22:10:08.828,0.75938,0.75988,1.00,1.00
2010.10.06 22:10:09.713,0.75939,0.75984,1.00,1.00
2010.10.06 22:10:09.951,0.75941,0.75981,1.00,1.00
2010.10.06 22:10:10.197,0.7594,0.75985,1.00,1.00
2010.10.06 22:10:10.437,0.7594,0.75985,1.00,1.00
2010.10.06 22:10:10.886,0.75946,0.75981,1.00,1.00
2010.10.06 22:10:32.105,0.75938,0.75993,1.00,1.00
2010.10.06 22:10:50.247,0.75945,0.7599,1.00,1.00
2010.10.06 22:10:51.531,0.75946,0.75991,1.00,1.00
2010.10.06 22:11:01.916,0.7594,0.75985,1.00,1.00
2010.10.06 22:11:17.765,0.75941,0.75986,1.00,1.00
2010.10.06 22:11:38.386,0.75945,0.75985,1.00,1.00
2010.10.06 22:11:39.298,0.75941,0.75991,1.00,1.00
2010.10.06 22:11:39.518,0.75942,0.75992,1.00,1.00
2010.10.06 22:11:45.414,0.75946,0.75991,1.00,1.00
2010.10.06 22:11:45.977,0.75947,0.75987,1.00,1.00
2010.10.06 22:11:48.316,0.75941,0.75991,1.00,1.00
2010.10.06 22:11:49.127,0.75942,0.75987,1.00,1.00
2010.10.06 22:11:49.296,0.7594,0.75985,1.00,1.00
2010.10.06 22:11:51.226,0.75942,0.75982,1.00,1.00
2010.10.06 22:12:00.350,0.75887,0.75927,1.00,1.00
2010.10.06 22:12:01.359,0.75895,0.75935,1.00,1.00
2010.10.06 22:12:01.972,0.75899,0.75944,1.00,1.00
2010.10.06 22:12:02.659,0.75907,0.75947,1.00,1.00
2010.10.06 22:12:02.828,0.75909,0.75954,1.00,1.00
2010.10.06 22:12:03.404,0.75914,0.75954,1.00,1.00
2010.10.06 22:12:03.885,0.75911,0.75956,2.10,1.00
2010.10.06 22:12:04.440,0.75911,0.75951,2.10,1.00
2010.10.06 22:12:07.163,0.75912,0.75952,1.00,1.00
2010.10.06 22:12:08.035,0.75919,0.75959,1.00,1.00
2010.10.06 22:12:08.079,0.75927,0.75972,2.30,1.00
2010.10.06 22:12:08.121,0.75934,0.75978,2.10,1.00
2010.10.06 22:12:08.179,0.75928,0.75973,1.00,1.00
2010.10.06 22:12:16.150,0.75926,0.75966,1.00,1.00
2010.10.06 22:12:16.405,0.75922,0.75962,2.80,1.00
2010.10.06 22:12:17.380,0.75918,0.75958,1.00,1.00
2010.10.06 22:12:20.488,0.75915,0.75955,1.00,1.00
2010.10.06 22:12:20.630,0.75914,0.75954,1.00,1.00
2010.10.06 22:12:31.379,0.75915,0.75955,1.00,1.00
2010.10.06 22:12:32.620,0.75914,0.75959,1.00,1.00
2010.10.06 22:12:34.340,0.75916,0.75956,1.00,1.00
2010.10.06 22:12:36.160,0.75914,0.75954,2.80,1.00
2010.10.06 22:12:38.507,0.75912,0.75952,1.00,1.00
2010.10.06 22:12:39.381,0.75911,0.75951,1.00,1.00
2010.10.06 22:12:53.473,0.75912,0.75952,1.00,1.00
2010.10.06 22:12:54.779,0.75913,0.75958,1.60,1.00
2010.10.06 22:12:54.919,0.75922,0.75967,1.00,1.00
2010.10.06 22:12:59.354,0.75932,0.75972,1.00,1.00
2010.10.06 22:13:45.943,0.75935,0.7604,1.60,1.60
2010.10.06 22:13:46.494,0.7596,0.76005,1.00,1.00
2010.10.06 22:13:47.722,0.75965,0.76,1.00,1.00
2010.10.06 22:13:52.734,0.75955,0.76,1.00,1.00
2010.10.06 22:13:52.927,0.75955,0.75995,1.00,1.00
2010.10.06 22:13:52.934,0.7595,0.75995,1.00,1.00
2010.10.06 22:13:52.945,0.7595,0.75995,1.00,1.00
2010.10.06 22:13:53.955,0.75955,0.7599,1.00,1.00
2010.10.06 22:13:54.295,0.75955,0.75995,1.00,1.00
2010.10.06 22:13:55.959,0.7596,0.76005,1.00,1.00
2010.10.06 22:13:58.272,0.75955,0.76005,1.00,1.00
2010.10.06 22:13:59.843,0.7596,0.75995,1.00,1.00
2010.10.06 22:14:00.783,0.75955,0.75995,1.00,1.00
2010.10.06 22:14:11.397,0.75955,0.76,1.00,1.00
2010.10.06 22:14:12.714,0.75955,0.7599,1.00,1.00
2010.10.06 22:14:40.713,0.7595,0.7599,1.00,1.00
2010.10.06 22:14:41.703,0.7595,0.75985,1.00,1.00
2010.10.06 22:14:41.832,0.7595,0.75985,1.00,1.00
2010.10.06 22:14:43.214,0.7595,0.7599,1.00,1.00
2010.10.06 22:14:44.692,0.75955,0.7599,1.00,1.00
2010.10.06 22:15:44.874,0.75945,0.7601,1.00,1.00
2010.10.06 22:16:12.393,0.75939,0.75979,4.50,1.00
2010.10.06 22:16:13.742,0.75935,0.7598,1.60,1.00
2010.10.06 22:16:16.483,0.75936,0.75976,1.00,1.00
2010.10.06 22:16:18.473,0.75935,0.75975,1.00,1.00
2010.10.06 22:16:19.406,0.75936,0.75976,2.00,1.00
2010.10.06 22:16:20.143,0.75935,0.75975,1.00,1.00
2010.10.06 22:16:22.291,0.75935,0.75975,1.00,1.60
2010.10.06 22:16:22.514,0.75934,0.75974,1.00,1.00
2010.10.06 22:16:29.283,0.75933,0.75973,2.80,1.00
2010.10.06 22:16:30.772,0.75931,0.75976,2.90,1.00
2010.10.06 22:16:31.028,0.75933,0.75978,1.00,1.00
2010.10.06 22:16:31.622,0.75933,0.75978,1.00,2.40
2010.10.06 22:16:31.861,0.75931,0.75976,1.00,1.00
2010.10.06 22:16:32.101,0.75934,0.75974,4.50,1.00
2010.10.06 22:16:32.282,0.75934,0.75974,1.00,1.00
2010.10.06 22:16:33.460,0.75933,0.75978,1.00,1.00
2010.10.06 22:16:34.094,0.7593,0.7598,1.00,1.00
2010.10.06 22:16:34.456,0.75929,0.75979,4.50,1.00
2010.10.06 22:16:35.264,0.75934,0.75974,2.80,1.00
2010.10.06 22:16:36.303,0.75933,0.75978,1.00,1.00
2010.10.06 22:16:37.233,0.75934,0.75979,1.00,1.00
2010.10.06 22:16:38.382,0.7593,0.7598,4.50,1.00
2010.10.06 22:16:39.061,0.7593,0.7598,1.00,1.00
2010.10.06 22:16:39.470,0.75927,0.75982,4.50,1.00
2010.10.06 22:16:39.815,0.75927,0.75982,1.60,1.00
2010.10.06 22:16:40.020,0.75934,0.75979,1.00,1.00
2010.10.06 22:16:40.502,0.75937,0.75977,2.80,1.00
2010.10.06 22:16:40.701,0.75934,0.75979,1.60,1.00
2010.10.06 22:16:40.998,0.75937,0.75977,1.00,1.00
2010.10.06 22:16:43.363,0.75936,0.75976,4.50,1.00
2010.10.06 22:16:44.672,0.75935,0.75975,1.00,1.00
2010.10.06 22:16:44.830,0.75932,0.75977,2.90,1.00
2010.10.06 22:16:45.149,0.75934,0.75974,1.00,1.00
2010.10.06 22:16:45.312,0.75932,0.75977,1.00,1.00
2010.10.06 22:16:45.713,0.75931,0.75976,1.00,1.00
2010.10.06 22:16:54.022,0.75934,0.75974,1.00,1.00
2010.10.06 22:16:55.433,0.75935,0.75975,1.00,1.00
2010.10.06 22:16:57.463,0.75935,0.75975,2.80,1.00
2010.10.06 22:16:57.824,0.75938,0.75973,1.00,1.00
2010.10.06 22:16:58.282,0.75934,0.75979,1.00,1.00
2010.10.06 22:16:58.624,0.75938,0.75978,1.00,1.00
2010.10.06 22:16:59.072,0.75937,0.75977,1.00,1.00
2010.10.06 22:16:59.412,0.75934,0.75974,1.00,1.00
2010.10.06 22:16:59.802,0.75933,0.75973,4.50,1.00
2010.10.06 22:17:30.044,0.7596,0.76005,1.00,1.00
2010.10.06 22:17:30.344,0.7596,0.76,1.00,1.00
2010.10.06 22:17:30.644,0.75955,0.76005,1.00,1.00
2010.10.06 22:17:31.694,0.75955,0.76005,1.00,1.00
2010.10.06 22:17:32.137,0.7596,0.7601,1.00,1.00
2010.10.06 22:17:32.573,0.75965,0.7601,1.00,1.00
2010.10.06 22:17:32.793,0.75965,0.7601,1.00,1.00
2010.10.06 22:17:33.408,0.75965,0.7601,1.00,1.00
2010.10.06 22:17:33.637,0.75965,0.76015,1.00,1.00
2010.10.06 22:17:33.864,0.75965,0.7601,1.00,1.00
2010.10.06 22:17:34.104,0.75965,0.76015,1.00,1.00
2010.10.06 22:17:34.333,0.75965,0.7601,1.00,1.00
2010.10.06 22:17:34.563,0.75965,0.76015,1.00,1.00
2010.10.06 22:17:34.794,0.75965,0.7601,1.00,1.00
2010.10.06 22:17:35.023,0.75965,0.76015,1.00,1.00
2010.10.06 22:17:35.693,0.75965,0.76015,1.00,1.00
2010.10.06 22:17:35.973,0.7597,0.76015,1.00,1.00
2010.10.06 22:17:36.253,0.75965,0.7601,1.00,1.00
2010.10.06 22:17:36.473,0.7597,0.76015,1.00,1.00
2010.10.06 22:17:36.693,0.7597,0.7601,1.00,1.00
2010.10.06 22:17:37.535,0.7597,0.76015,1.00,1.00
2010.10.06 22:17:37.754,0.7597,0.7601,1.00,1.00
2010.10.06 22:17:38.083,0.7597,0.76015,1.00,1.00
2010.10.06 22:17:38.243,0.7597,0.7601,1.00,1.00
2010.10.06 22:17:38.404,0.7597,0.76015,1.00,1.00
2010.10.06 22:17:38.754,0.7597,0.7601,1.00,1.00
2010.10.06 22:17:38.942,0.7597,0.76015,1.00,1.00
2010.10.06 22:17:39.913,0.75975,0.76015,1.00,1.00
2010.10.06 22:17:40.133,0.7597,0.76015,1.00,1.00
2010.10.06 22:17:40.852,0.75975,0.76015,1.00,1.00
2010.10.06 22:17:41.074,0.75975,0.76015,1.00,1.00
2010.10.06 22:17:41.413,0.7597,0.76015,1.00,1.00
2010.10.06 22:17:41.753,0.7597,0.76015,1.00,1.00
2010.10.06 22:17:42.093,0.75975,0.76015,1.00,1.00
2010.10.06 22:17:42.203,0.7597,0.76015,1.00,1.00
2010.10.06 22:17:42.535,0.75975,0.76015,1.00,1.00
2010.10.06 22:18:22.200,0.7598,0.7603,1.00,1.00
2010.10.06 22:18:22.386,0.7598,0.76035,2.50,1.00
2010.10.06 22:18:22.515,0.7598,0.76035,1.00,1.00
2010.10.06 22:18:22.645,0.7599,0.7603,1.00,1.00
2010.10.06 22:18:22.904,0.7599,0.76035,1.00,1.00
2010.10.06 22:18:23.163,0.7599,0.7603,1.00,1.00
2010.10.06 22:18:23.896,0.75985,0.76035,1.00,1.00
2010.10.06 22:18:24.193,0.7599,0.7603,1.00,1.00
2010.10.06 22:18:24.483,0.7599,0.76035,1.00,1.00
2010.10.06 22:18:24.773,0.75985,0.7603,1.00,1.00
2010.10.06 22:18:24.893,0.75995,0.76035,1.00,1.00
2010.10.06 22:18:25.133,0.7599,0.7603,1.00,1.00
2010.10.06 22:18:25.253,0.75985,0.7603,1.00,1.00
2010.10.06 22:18:25.372,0.7599,0.7603,1.00,1.00
2010.10.06 22:18:25.493,0.7599,0.7603,1.00,1.00
2010.10.06 22:18:25.773,0.7599,0.7603,1.00,1.00
2010.10.06 22:18:26.474,0.75995,0.76035,1.00,1.00
2010.10.06 22:18:26.753,0.7599,0.7603,1.00,1.00
2010.10.06 22:18:26.822,0.7599,0.7603,1.00,1.00
2010.10.06 22:18:26.892,0.75995,0.76035,1.00,1.00
2010.10.06 22:18:27.102,0.7599,0.7603,1.00,1.00
2010.10.06 22:18:27.242,0.75995,0.76035,1.00,1.00
2010.10.06 22:18:27.454,0.75995,0.7604,1.00,1.00
2010.10.06 22:18:27.664,0.75995,0.76035,1.00,1.00
2010.10.06 22:18:28.044,0.75995,0.7604,1.00,1.00
2010.10.06 22:18:28.769,0.7599,0.76035,1.00,1.00
2010.10.06 22:18:28.894,0.76,0.7604,1.00,1.00
2010.10.06 22:18:29.134,0.75995,0.76035,1.00,1.00
2010.10.06 22:18:29.253,0.7599,0.76035,1.00,1.00
2010.10.06 22:18:29.494,0.76,0.7604,1.00,1.00
2010.10.06 22:18:29.736,0.75995,0.76035,1.00,1.00
2010.10.06 22:18:29.865,0.76,0.7604,1.00,1.00
2010.10.06 22:18:30.634,0.75995,0.76035,1.00,1.00
2010.10.06 22:18:30.905,0.76,0.7604,1.00,1.00
2010.10.06 22:18:31.094,0.75995,0.76035,1.00,1.00
2010.10.06 22:18:31.454,0.76,0.7604,1.00,1.00
2010.10.06 22:18:31.634,0.75995,0.76035,1.00,1.00
2010.10.06 22:18:31.994,0.76,0.7604,1.00,1.00
2010.10.06 22:18:32.586,0.75995,0.76035,1.00,1.00
2010.10.06 22:18:32.925,0.76,0.7604,1.00,1.00
2010.10.06 22:18:33.173,0.75995,0.76035,1.00,1.00
2010.10.06 22:18:33.414,0.76,0.7604,1.00,1.00
2010.10.06 22:18:33.654,0.75995,0.76035,1.00,1.00
2010.10.06 22:18:33.813,0.75995,0.76035,1.00,1.00
2010.10.06 22:18:33.894,0.76,0.7604,1.00,1.00
2010.10.06 22:18:34.147,0.75995,0.76035,1.00,1.00
2010.10.06 22:18:34.414,0.76,0.7604,1.00,1.00
2010.10.06 22:18:34.684,0.75995,0.76035,1.00,1.00
2010.10.06 22:18:35.368,0.76,0.7604,1.00,1.00
2010.10.06 22:18:35.614,0.75995,0.76035,1.00,1.00
2010.10.06 22:18:35.853,0.75995,0.76035,1.00,1.00
2010.10.06 22:18:35.914,0.76,0.7604,1.00,1.00
2010.10.06 22:18:36.153,0.75995,0.76035,1.00,1.00
2010.10.06 22:18:36.393,0.76,0.7604,1.00,1.00
2010.10.06 22:18:36.725,0.75995,0.76035,1.00,1.00
2010.10.06 22:18:37.432,0.76,0.7604,1.00,1.00
2010.10.06 22:18:37.704,0.75995,0.76035,1.00,1.00
2010.10.06 22:18:37.854,0.75995,0.76035,1.00,1.00
2010.10.06 22:18:38.155,0.76,0.7604,1.00,1.00
2010.10.06 22:18:38.305,0.76,0.76045,1.00,1.00
2010.10.06 22:18:38.456,0.76,0.76045,1.00,1.00
2010.10.06 22:18:39.844,0.76,0.76045,1.00,1.00
2010.10.06 22:18:40.595,0.76005,0.76045,1.00,1.00
2010.10.06 22:18:46.685,0.76005,0.7604,1.00,1.00
2010.10.06 22:18:47.785,0.76005,0.7604,1.00,1.00
2010.10.06 22:18:48.344,0.76005,0.76045,1.00,1.00
2010.10.06 22:18:48.473,0.76005,0.76045,1.00,1.00
2010.10.06 22:18:50.024,0.7601,0.7605,1.00,1.00
2010.10.06 22:18:50.741,0.76015,0.7605,1.00,1.00
2010.10.06 22:19:17.665,0.76005,0.76045,1.00,1.00
2010.10.06 22:19:18.268,0.76005,0.76045,1.00,1.00
2010.10.06 22:19:18.794,0.76005,0.7605,1.00,1.00
2010.10.06 22:19:19.904,0.76005,0.76045,1.00,1.00
2010.10.06 22:19:22.692,0.7601,0.76045,1.00,1.00
2010.10.06 22:19:29.534,0.7601,0.7605,1.00,1.00
2010.10.06 22:19:32.719,0.76015,0.7605,1.00,1.00
2010.10.06 22:20:33.667,0.76005,0.76065,1.00,1.00
2010.10.06 22:21:08.389,0.7601,0.7605,1.00,1.00
2010.10.06 22:21:09.746,0.7601,0.76045,1.00,1.00
2010.10.06 22:21:10.575,0.76005,0.76045,1.00,1.00
2010.10.06 22:21:12.826,0.7601,0.76045,1.00,1.00
2010.10.06 22:21:19.744,0.7601,0.7605,1.00,1.00
2010.10.06 22:21:23.422,0.76015,0.7605,1.00,1.00
2010.10.06 22:22:23.869,0.76005,0.76065,1.00,1.00
2010.10.06 22:22:30.933,0.76005,0.76045,1.00,1.00
2010.10.06 22:22:31.167,0.76,0.7605,1.00,1.00
2010.10.06 22:22:31.335,0.76005,0.7605,1.00,1.00
2010.10.06 22:22:32.029,0.76005,0.76045,1.00,1.00
2010.10.06 22:22:32.116,0.76,0.76045,1.00,1.00
2010.10.06 22:22:32.455,0.76005,0.7605,1.00,1.00
2010.10.06 22:22:33.729,0.7601,0.7605,1.00,1.00
2010.10.06 22:22:34.785,0.76015,0.7605,1.00,1.00
2010.10.06 22:22:38.858,0.76005,0.76045,1.00,1.00
2010.10.06 22:22:38.961,0.75995,0.7604,1.00,1.00
2010.10.06 22:22:39.145,0.76005,0.7605,1.00,1.00
2010.10.06 22:22:39.248,0.76005,0.7605,1.00,1.00
2010.10.06 22:22:39.437,0.76005,0.7605,1.00,1.00
2010.10.06 22:22:40.466,0.76005,0.7605,1.00,1.00
2010.10.06 22:22:41.034,0.76005,0.7605,1.00,1.00
2010.10.06 22:22:41.733,0.7601,0.7605,1.00,1.00
2010.10.06 22:22:42.767,0.76015,0.7605,1.00,1.00
2010.10.06 22:23:04.854,0.76005,0.76045,1.00,1.00
2010.10.06 22:23:05.065,0.76,0.76045,1.00,1.00
2010.10.06 22:23:05.275,0.76005,0.7605,1.00,1.00
2010.10.06 22:23:05.484,0.76005,0.7605,1.00,1.00
2010.10.06 22:23:07.806,0.7601,0.7605,1.00,1.00
2010.10.06 22:23:08.797,0.7601,0.76045,1.00,1.00
2010.10.06 22:23:09.439,0.76,0.7604,1.00,1.00
2010.10.06 22:23:10.792,0.76,0.7604,1.00,1.00
2010.10.06 22:23:12.366,0.75995,0.7604,1.00,1.00
2010.10.06 22:23:12.804,0.75995,0.76035,1.00,1.00
2010.10.06 22:23:13.913,0.75995,0.7603,1.00,1.00
2010.10.06 22:23:46.544,0.7599,0.7603,1.00,1.00
2010.10.06 22:23:46.864,0.75985,0.7603,1.00,1.00
2010.10.06 22:23:47.024,0.75985,0.7603,1.00,1.00
2010.10.06 22:23:47.651,0.75985,0.76025,1.00,1.00
2010.10.06 22:23:47.994,0.75985,0.76025,1.00,1.00
2010.10.06 22:23:48.757,0.75985,0.7602,1.00,1.00
2010.10.06 22:23:50.494,0.75985,0.76025,1.00,1.00
2010.10.06 22:23:50.735,0.75985,0.76035,1.00,1.00
2010.10.06 22:23:50.854,0.75995,0.76035,1.00,1.00
2010.10.06 22:23:51.857,0.75995,0.76035,1.00,1.00
2010.10.06 22:23:52.075,0.75995,0.76035,1.00,1.00
2010.10.06 22:23:53.234,0.75995,0.7603,1.00,1.00
2010.10.06 22:23:54.985,0.7599,0.7603,1.00,1.00
2010.10.06 22:23:55.225,0.75985,0.76025,1.00,1.00
2010.10.06 22:23:55.938,0.7598,0.76025,1.00,1.00
2010.10.06 22:23:56.725,0.75985,0.7602,1.00,1.00
2010.10.06 22:24:06.406,0.75985,0.76025,1.00,1.00
2010.10.06 22:24:07.727,0.7599,0.76025,1.00,1.00
2010.10.06 22:24:11.062,0.75985,0.76025,1.00,1.00
2010.10.06 22:24:11.309,0.75985,0.76025,1.00,1.00
2010.10.06 22:24:11.525,0.75985,0.76025,1.00,1.00
2010.10.06 22:24:12.714,0.75985,0.7602,1.00,1.00
2010.10.06 22:24:15.106,0.75985,0.76025,1.00,1.00
2010.10.06 22:24:17.115,0.7599,0.76025,1.00,1.00
2010.10.06 22:24:23.736,0.75985,0.76025,1.00,1.00
2010.10.06 22:24:24.766,0.75985,0.7602,1.00,1.00
2010.10.06 22:25:14.314,0.75985,0.76025,1.00,1.00
2010.10.06 22:25:15.715,0.7599,0.76025,1.00,1.00
2010.10.06 22:26:15.652,0.7598,0.76045,1.00,1.00
2010.10.06 22:26:21.165,0.75985,0.7602,1.00,1.00
2010.10.06 22:26:22.827,0.7598,0.7602,1.00,1.00
2010.10.06 22:26:23.445,0.75985,0.76025,1.00,1.00
2010.10.06 22:26:24.398,0.7598,0.7602,1.00,1.00
2010.10.06 22:26:33.018,0.75985,0.76025,1.00,1.00
2010.10.06 22:26:49.654,0.7598,0.7602,1.00,1.00
2010.10.06 22:26:55.667,0.7598,0.76015,1.00,1.00
2010.10.06 22:27:56.443,0.7597,0.76035,1.00,1.00
2010.10.06 22:28:21.713,0.7593,0.7597,1.00,1.00
2010.10.06 22:28:22.714,0.7593,0.7597,4.50,1.00
2010.10.06 22:28:23.872,0.7593,0.7597,1.00,1.00
2010.10.06 22:28:24.112,0.75927,0.75972,1.00,1.00
2010.10.06 22:29:00.896,0.75975,0.76015,1.00,1.00
2010.10.06 22:29:02.868,0.75975,0.7601,1.00,1.00
2010.10.06 22:29:06.228,0.7597,0.7601,1.00,1.00
2010.10.06 22:29:07.777,0.75975,0.7601,1.00,1.00
2010.10.06 22:29:47.004,0.75975,0.76015,1.00,1.00
2010.10.06 22:29:47.144,0.75975,0.76015,1.00,1.00
2010.10.06 22:29:47.284,0.7598,0.7602,1.00,1.00
2010.10.06 22:29:48.789,0.7598,0.76015,1.00,1.00
2010.10.06 22:29:54.474,0.7598,0.7602,1.00,1.00
2010.10.06 22:29:54.744,0.75985,0.76025,1.00,1.00
2010.10.06 22:29:55.014,0.75985,0.76025,1.00,1.00
2010.10.06 22:29:55.745,0.75985,0.76025,1.00,1.00
2010.10.06 22:29:56.745,0.75985,0.7602,1.00,1.00
2010.10.06 22:29:58.006,0.7599,0.76035,1.00,1.00
2010.10.06 22:29:59.992,0.76,0.76035,1.00,1.00
2010.10.06 22:30:01.914,0.75995,0.7603,1.00,1.00
2010.10.06 22:31:01.934,0.75985,0.7605,1.00,1.00
2010.10.06 22:31:17.565,0.7599,0.7603,1.00,1.00
2010.10.06 22:31:18.736,0.7599,0.76025,1.00,1.00
2010.10.06 22:31:45.406,0.7599,0.7603,1.00,1.00
2010.10.06 22:31:46.764,0.75995,0.7603,1.00,1.00
2010.10.06 22:32:48.917,0.7599,0.76045,2.80,1.00
2010.10.06 22:33:12.546,0.7599,0.7603,1.00,1.00
2010.10.06 22:33:13.732,0.7599,0.76025,1.00,1.00
2010.10.06 22:33:16.275,0.7599,0.7603,1.00,1.00
2010.10.06 22:33:16.474,0.7599,0.7603,2.80,1.00
2010.10.06 22:33:17.718,0.75995,0.7603,1.00,1.00
2010.10.06 22:33:26.843,0.7599,0.7603,1.00,1.00
2010.10.06 22:33:27.729,0.7599,0.76025,1.00,1.00
2010.10.06 22:33:28.966,0.7599,0.7603,1.00,1.00
2010.10.06 22:33:29.594,0.7599,0.7603,2.80,1.00
2010.10.06 22:33:30.826,0.75995,0.7603,1.00,1.00
2010.10.06 22:33:56.789,0.7599,0.7603,1.00,1.00
2010.10.06 22:33:56.881,0.75985,0.76025,1.00,1.00
2010.10.06 22:33:57.144,0.75985,0.76025,1.00,1.00
2010.10.06 22:33:57.234,0.75985,0.7603,1.00,1.00
2010.10.06 22:33:57.324,0.75985,0.7603,1.00,1.00
2010.10.06 22:33:57.594,0.75985,0.7603,1.00,1.00
2010.10.06 22:33:59.711,0.75985,0.76025,1.00,1.00
2010.10.06 22:34:04.795,0.75985,0.7602,1.00,1.00
2010.10.06 22:34:22.744,0.7598,0.7602,2.80,1.00
2010.10.06 22:34:22.826,0.7598,0.7602,1.00,1.00
2010.10.06 22:34:23.401,0.7598,0.7602,2.80,1.00
2010.10.06 22:34:23.644,0.7598,0.76025,2.80,1.00
2010.10.06 22:34:23.975,0.75985,0.76025,1.00,1.00
2010.10.06 22:34:24.783,0.7598,0.76025,2.80,1.00
2010.10.06 22:34:24.957,0.75985,0.76025,1.00,1.00
2010.10.06 22:34:25.296,0.7598,0.76025,2.90,1.00
2010.10.06 22:34:25.807,0.75985,0.76025,1.00,1.00
2010.10.06 22:34:26.419,0.75985,0.7602,1.00,1.00
2010.10.06 22:34:26.755,0.7598,0.7602,2.90,1.00
2010.10.06 22:34:27.714,0.75985,0.76025,1.00,1.00
2010.10.06 22:34:27.894,0.7598,0.7602,2.80,1.00
2010.10.06 22:34:27.954,0.75985,0.7602,1.00,1.00
2010.10.06 22:34:28.134,0.75985,0.76025,1.00,1.00
2010.10.06 22:34:28.374,0.7598,0.7602,2.80,1.00
2010.10.06 22:34:28.494,0.75985,0.7602,1.00,1.00
2010.10.06 22:34:28.555,0.75985,0.7603,2.90,1.00
2010.10.06 22:34:29.653,0.7599,0.7603,1.00,1.00
2010.10.06 22:34:29.935,0.75985,0.76025,2.90,1.00
2010.10.06 22:34:30.215,0.7599,0.7603,1.00,1.00
2010.10.06 22:34:30.335,0.75985,0.76025,2.90,1.00
2010.10.06 22:34:30.455,0.75985,0.76025,2.80,1.00
2010.10.06 22:34:31.675,0.7599,0.76035,2.80,1.00
2010.10.06 22:34:32.015,0.75995,0.7603,1.00,1.00
2010.10.06 22:34:32.355,0.7599,0.7603,2.80,1.00
2010.10.06 22:34:32.615,0.75995,0.7603,1.00,1.00
2010.10.06 22:34:33.204,0.75995,0.76035,1.00,1.00
2010.10.06 22:34:33.834,0.75995,0.76035,1.00,1.00
2010.10.06 22:34:34.055,0.75995,0.76035,1.00,1.00
2010.10.06 22:34:35.956,0.75995,0.76035,1.00,1.00
2010.10.06 22:34:36.664,0.75995,0.76035,1.00,1.00
2010.10.06 22:34:38.525,0.75995,0.76035,1.00,1.00
2010.10.06 22:34:38.764,0.75995,0.76035,1.00,1.00
2010.10.06 22:34:38.884,0.75995,0.76035,1.00,1.00
2010.10.06 22:34:40.064,0.75995,0.76035,1.00,1.00
2010.10.06 22:34:41.176,0.7599,0.7603,1.00,1.00
2010.10.06 22:34:41.514,0.7599,0.7603,2.80,1.00
2010.10.06 22:34:43.384,0.7599,0.76035,2.80,1.00
2010.10.06 22:34:43.635,0.75995,0.76035,1.00,1.00
2010.10.06 22:34:43.735,0.7599,0.76035,2.80,1.00
2010.10.06 22:34:43.835,0.7599,0.7603,2.80,1.00
2010.10.06 22:34:43.934,0.75995,0.7603,1.00,1.00
2010.10.06 22:34:44.035,0.7599,0.7603,2.80,1.00
2010.10.06 22:34:44.234,0.7599,0.76035,2.80,1.00
2010.10.06 22:34:44.889,0.75995,0.76035,1.00,1.00
2010.10.06 22:34:45.177,0.75995,0.76035,1.00,1.00
2010.10.06 22:34:45.466,0.7599,0.76035,2.80,1.00
2010.10.06 22:34:46.764,0.75995,0.76035,1.00,1.00
2010.10.06 22:34:47.454,0.75995,0.76035,1.00,1.00
2010.10.06 22:34:47.814,0.75995,0.76035,1.00,1.00
2010.10.06 22:34:48.935,0.75995,0.76035,1.00,1.00
2010.10.06 22:34:49.156,0.75995,0.76035,1.00,1.00
2010.10.06 22:34:50.344,0.75995,0.76035,1.00,1.00
2010.10.06 22:34:50.644,0.75995,0.76035,1.00,1.00
2010.10.06 22:34:50.945,0.75995,0.7604,1.00,1.00
2010.10.06 22:34:51.244,0.75995,0.7604,1.00,1.00
2010.10.06 22:34:51.784,0.75995,0.76035,1.00,1.00
2010.10.06 22:34:57.354,0.75995,0.7603,1.00,1.00
2010.10.06 22:34:59.158,0.75995,0.76035,1.00,1.00
2010.10.06 22:34:59.424,0.75995,0.76045,1.00,1.00
2010.10.06 22:34:59.635,0.76005,0.76045,2.40,1.00
2010.10.06 22:35:00.155,0.76005,0.76045,2.80,1.00
2010.10.06 22:35:00.367,0.75995,0.76045,1.00,1.00
2010.10.06 22:35:00.577,0.75995,0.7604,1.00,1.00
2010.10.06 22:35:00.779,0.75995,0.7604,1.00,1.00
2010.10.06 22:35:03.455,0.75995,0.7604,1.00,1.00
2010.10.06 22:35:03.544,0.75995,0.7604,2.80,1.00
2010.10.06 22:35:04.656,0.76,0.76045,1.00,1.00
2010.10.06 22:35:05.407,0.76,0.7604,1.00,1.00
2010.10.06 22:35:05.594,0.75995,0.7604,2.90,1.00
2010.10.06 22:35:05.714,0.76,0.76045,1.00,1.00
2010.10.06 22:35:06.095,0.75995,0.7604,2.90,1.00
2010.10.06 22:35:06.405,0.76,0.7604,1.00,1.00
2010.10.06 22:35:06.715,0.76,0.76045,1.00,1.00
2010.10.06 22:35:07.026,0.76,0.7604,1.00,1.00
2010.10.06 22:35:07.194,0.75995,0.7604,2.90,1.00
2010.10.06 22:35:08.176,0.76005,0.76045,1.00,1.00
2010.10.06 22:35:08.415,0.76,0.7604,1.00,1.00
2010.10.06 22:35:08.604,0.75995,0.7604,2.90,1.00
2010.10.06 22:35:08.665,0.76005,0.76045,1.00,1.00
2010.10.06 22:35:08.784,0.76005,0.76045,1.00,1.00
2010.10.06 22:35:08.964,0.76,0.7604,1.00,1.00
2010.10.06 22:35:09.084,0.76,0.7604,1.00,1.00
2010.10.06 22:35:09.307,0.76005,0.76045,1.00,1.00
2010.10.06 22:35:09.526,0.76,0.7604,1.00,1.00
2010.10.06 22:35:10.230,0.76,0.7604,1.00,1.00
2010.10.06 22:35:15.720,0.76,0.76035,1.00,1.00
2010.10.06 22:36:16.097,0.75995,0.7605,2.80,1.00
2010.10.06 22:36:53.665,0.76,0.7604,1.00,1.00
2010.10.06 22:36:54.268,0.76,0.7604,1.00,1.00
2010.10.06 22:36:54.517,0.76005,0.76045,2.90,1.00
2010.10.06 22:36:55.507,0.7601,0.76045,1.00,1.00
2010.10.06 22:37:11.677,0.7601,0.7605,2.80,1.00
2010.10.06 22:37:14.376,0.76015,0.7605,1.00,1.00
2010.10.06 22:37:15.997,0.76015,0.76055,2.40,1.00
2010.10.06 22:37:16.740,0.76015,0.76055,2.80,1.00
2010.10.06 22:37:16.967,0.7602,0.76065,2.90,1.00
2010.10.06 22:37:17.196,0.76025,0.76065,2.80,1.00
2010.10.06 22:37:18.156,0.76025,0.76065,2.90,1.00
2010.10.06 22:37:18.976,0.7602,0.76065,2.90,1.00
2010.10.06 22:37:20.019,0.76025,0.7606,1.00,1.00
2010.10.06 22:37:21.537,0.7602,0.7606,1.00,1.00
2010.10.06 22:37:23.994,0.7602,0.76055,1.00,1.00
2010.10.06 22:37:45.406,0.7602,0.7606,1.00,1.00
2010.10.06 22:37:45.599,0.7602,0.7606,1.00,1.00
2010.10.06 22:37:46.240,0.7602,0.7606,1.00,1.00
2010.10.06 22:37:46.433,0.7602,0.7606,1.00,1.00
2010.10.06 22:37:47.998,0.76025,0.7606,1.00,1.00
2010.10.06 22:37:48.677,0.7602,0.7606,1.00,1.00
2010.10.06 22:37:49.793,0.7602,0.76055,1.00,1.00
2010.10.06 22:37:51.953,0.7602,0.7606,1.00,1.00
2010.10.06 22:37:52.788,0.76025,0.7606,1.00,1.00
2010.10.06 22:37:56.619,0.7602,0.7606,1.00,1.00
2010.10.06 22:37:57.036,0.7602,0.7606,1.00,1.00
2010.10.06 22:37:57.729,0.76025,0.7606,1.00,1.00
2010.10.06 22:38:00.453,0.76025,0.76065,1.00,1.00
2010.10.06 22:38:00.568,0.76025,0.76065,1.00,1.00
2010.10.06 22:38:00.685,0.76025,0.76065,2.80,1.00
2010.10.06 22:38:01.926,0.7603,0.76065,1.00,1.00
2010.10.06 22:38:20.836,0.76025,0.76065,1.00,1.00
2010.10.06 22:38:21.066,0.76025,0.76065,1.00,1.00
2010.10.06 22:38:21.743,0.76025,0.7606,1.00,1.00
2010.10.06 22:38:48.286,0.7602,0.7606,1.00,1.00
2010.10.06 22:38:48.785,0.7602,0.7606,1.00,1.00
2010.10.06 22:38:49.797,0.7602,0.76055,1.00,1.00
2010.10.06 22:38:52.828,0.76025,0.76065,1.00,1.00
2010.10.06 22:38:53.678,0.76025,0.7606,1.00,1.00
2010.10.06 22:38:54.136,0.7602,0.7606,2.80,1.00
2010.10.06 22:38:54.237,0.7602,0.7606,2.90,1.00
2010.10.06 22:38:54.385,0.7602,0.7606,1.00,1.00
2010.10.06 22:38:54.956,0.76025,0.76065,1.00,1.00
2010.10.06 22:38:55.110,0.7602,0.7606,1.00,1.00
2010.10.06 22:38:55.778,0.7602,0.76055,1.00,1.00
2010.10.06 22:39:17.117,0.7602,0.7606,1.00,1.00
2010.10.06 22:39:17.285,0.7602,0.7606,2.80,1.00
2010.10.06 22:39:18.778,0.76025,0.7606,1.00,1.00
2010.10.06 22:39:52.377,0.7602,0.7606,2.50,1.00
2010.10.06 22:39:52.646,0.7602,0.7606,1.00,1.00
2010.10.06 22:39:53.727,0.7602,0.76055,1.00,1.00
2010.10.06 22:39:57.008,0.7602,0.76055,1.00,1.00
2010.10.06 22:39:57.287,0.7602,0.7606,2.90,1.00
2010.10.06 22:39:59.700,0.76025,0.7606,1.00,1.00
2010.10.06 22:40:14.021,0.76025,0.76065,2.90,1.00
2010.10.06 22:40:16.887,0.7603,0.76065,1.00,1.00
2010.10.06 22:41:16.815,0.7602,0.7607,2.80,1.00
2010.10.06 22:41:35.299,0.76025,0.76065,1.00,1.00
2010.10.06 22:41:37.087,0.76025,0.76065,1.00,1.00
2010.10.06 22:41:37.690,0.76025,0.76065,1.00,1.00
2010.10.06 22:41:38.724,0.7603,0.76065,1.00,1.00
2010.10.06 22:42:14.716,0.7603,0.7607,1.00,1.00
2010.10.06 22:42:14.977,0.76025,0.76065,1.00,1.00
2010.10.06 22:42:15.116,0.7603,0.7607,1.00,1.00
2010.10.06 22:42:15.247,0.7603,0.7607,1.00,1.00
2010.10.06 22:42:15.506,0.7603,0.7607,1.00,1.00
2010.10.06 22:42:16.009,0.76025,0.76065,1.00,1.00
2010.10.06 22:42:16.136,0.76025,0.76065,1.00,1.00
2010.10.06 22:42:17.282,0.76025,0.76065,1.00,1.00
2010.10.06 22:42:17.567,0.7603,0.7607,1.00,1.00
2010.10.06 22:42:18.185,0.7603,0.7607,1.00,1.00
2010.10.06 22:42:18.295,0.7603,0.7607,1.00,1.00
2010.10.06 22:42:18.937,0.7603,0.7607,1.00,1.00
2010.10.06 22:42:19.241,0.7603,0.7607,1.00,1.00
2010.10.06 22:42:21.645,0.7603,0.7607,1.00,1.00
2010.10.06 22:42:21.776,0.7603,0.7607,1.00,1.00
2010.10.06 22:42:22.754,0.7603,0.7607,1.00,1.00
2010.10.06 22:42:23.117,0.7603,0.7607,1.00,1.00
2010.10.06 22:42:23.247,0.7603,0.7607,1.00,1.00
2010.10.06 22:42:23.376,0.7603,0.7607,1.00,1.00
2010.10.06 22:42:24.137,0.7603,0.7607,1.00,1.00
2010.10.06 22:42:24.476,0.7603,0.7607,1.00,1.00
2010.10.06 22:42:24.816,0.7603,0.7607,1.00,1.00
2010.10.06 22:42:25.496,0.7603,0.7607,1.00,1.00
2010.10.06 22:42:26.277,0.7603,0.7607,1.00,1.00
2010.10.06 22:42:26.465,0.7603,0.7607,1.00,1.00
2010.10.06 22:42:27.035,0.7603,0.7607,1.00,1.00
2010.10.06 22:42:27.225,0.7603,0.7607,1.00,1.00
2010.10.06 22:42:29.035,0.7603,0.7607,1.00,1.00
2010.10.06 22:42:29.473,0.7603,0.7607,1.00,1.00
2010.10.06 22:42:30.026,0.76025,0.7607,1.00,1.00
2010.10.06 22:42:30.135,0.76025,0.76065,1.00,1.00
2010.10.06 22:42:30.824,0.76025,0.76065,1.00,1.00
2010.10.06 22:42:30.926,0.76025,0.76065,1.00,1.00
2010.10.06 22:42:31.285,0.76025,0.7607,1.00,1.00
2010.10.06 22:42:31.465,0.76025,0.76065,1.00,1.00
2010.10.06 22:42:32.394,0.76025,0.76065,1.00,1.00
2010.10.06 22:42:33.130,0.76025,0.76065,1.00,1.00
2010.10.06 22:42:33.765,0.76025,0.76065,1.00,1.00
2010.10.06 22:42:34.695,0.76025,0.76065,1.00,1.00
2010.10.06 22:42:34.975,0.76025,0.76065,1.00,1.00
2010.10.06 22:42:35.115,0.76025,0.76065,1.00,1.00
2010.10.06 22:42:35.395,0.76025,0.76065,1.00,1.00
2010.10.06 22:42:36.127,0.76025,0.76065,1.00,1.00
2010.10.06 22:42:36.255,0.76025,0.76065,1.00,1.00
2010.10.06 22:42:41.695,0.76025,0.7606,1.00,1.00
2010.10.06 22:42:42.795,0.76025,0.76065,1.00,1.00
2010.10.06 22:42:42.935,0.76025,0.76065,1.00,1.00
2010.10.06 22:42:43.789,0.7603,0.76065,1.00,1.00
2010.10.06 22:43:46.286,0.7602,0.7607,2.80,1.00
2010.10.06 22:43:47.806,0.76025,0.76065,1.00,1.00
2010.10.06 22:43:49.719,0.76025,0.7606,1.00,1.00
2010.10.06 22:44:19.656,0.7602,0.7606,1.00,1.00
2010.10.06 22:44:19.747,0.7602,0.7606,1.00,1.00
2010.10.06 22:44:19.916,0.7602,0.7606,1.00,1.00
2010.10.06 22:44:21.729,0.7602,0.76055,1.00,1.00
2010.10.06 22:44:40.956,0.76015,0.76055,1.00,1.00
2010.10.06 22:44:41.148,0.76015,0.76055,1.00,1.00
2010.10.06 22:44:43.775,0.76015,0.7605,1.00,1.00
2010.10.06 22:44:45.317,0.76,0.7605,1.00,1.00
2010.10.06 22:44:45.337,0.76005,0.76045,1.00,1.00
2010.10.06 22:44:45.708,0.76,0.76045,1.00,1.00
2010.10.06 22:44:45.928,0.76005,0.76045,1.00,1.00
2010.10.06 22:44:46.880,0.76005,0.76045,1.00,1.00
2010.10.06 22:44:47.147,0.76,0.7604,1.00,1.00
2010.10.06 22:44:48.757,0.76005,0.7604,1.00,1.00
2010.10.06 22:45:01.455,0.76,0.7604,1.00,1.00
2010.10.06 22:45:02.033,0.76,0.7604,1.00,1.00
2010.10.06 22:45:02.652,0.76005,0.76045,1.00,1.00
2010.10.06 22:45:02.875,0.76005,0.76045,1.00,1.00
2010.10.06 22:45:02.986,0.76005,0.7605,1.00,1.00
2010.10.06 22:45:03.096,0.7601,0.7605,1.00,1.00
2010.10.06 22:45:03.418,0.7601,0.76055,1.00,1.00
2010.10.06 22:45:03.966,0.7601,0.76055,2.90,1.00
2010.10.06 22:45:04.286,0.7601,0.76055,2.80,1.00
2010.10.06 22:45:05.738,0.76015,0.76055,1.00,1.00
2010.10.06 22:45:06.727,0.76005,0.7605,1.00,1.00
2010.10.06 22:45:08.885,0.76005,0.76045,1.00,1.00
2010.10.06 22:45:13.546,0.76005,0.7604,1.00,1.00
2010.10.06 22:45:21.392,0.76005,0.76045,1.00,1.00
2010.10.06 22:45:24.745,0.76005,0.76045,1.00,1.00
2010.10.06 22:45:26.566,0.76005,0.76045,2.80,1.00
2010.10.06 22:45:27.737,0.7601,0.7605,2.80,1.00
2010.10.06 22:45:28.780,0.76015,0.7605,1.00,1.00
2010.10.06 22:45:35.686,0.7601,0.7605,2.80,1.00
2010.10.06 22:45:35.875,0.7601,0.7605,2.40,1.00
2010.10.06 22:45:35.905,0.7601,0.7605,1.00,1.00
2010.10.06 22:45:36.742,0.7601,0.76045,1.00,1.00
2010.10.06 22:45:46.775,0.7601,0.7605,1.00,1.00
2010.10.06 22:45:48.748,0.76015,0.7605,1.00,1.00
2010.10.06 22:46:15.016,0.76005,0.7605,2.80,1.00
2010.10.06 22:46:15.623,0.76015,0.76055,1.00,2.50
2010.10.06 22:46:15.687,0.76015,0.76055,1.00,1.00
2010.10.06 22:46:16.770,0.76015,0.7605,1.00,1.00
2010.10.06 22:46:19.007,0.76015,0.76055,1.00,1.00
2010.10.06 22:46:19.096,0.76015,0.76055,2.90,1.00
2010.10.06 22:46:19.276,0.76015,0.7606,2.50,1.00
2010.10.06 22:46:19.456,0.76015,0.76055,1.00,1.00
2010.10.06 22:46:19.545,0.76015,0.76055,1.00,1.00
2010.10.06 22:46:19.635,0.76015,0.76055,2.90,1.00
2010.10.06 22:46:19.726,0.76015,0.7606,2.80,1.00
2010.10.06 22:46:20.362,0.76015,0.7606,1.00,1.00
2010.10.06 22:46:20.699,0.76015,0.7606,1.00,1.00
2010.10.06 22:46:21.037,0.76015,0.76055,1.00,1.00
2010.10.06 22:46:21.156,0.76015,0.76055,2.80,1.00
2010.10.06 22:46:21.367,0.76015,0.76055,1.00,1.00
2010.10.06 22:46:21.425,0.7602,0.7606,1.00,1.00
2010.10.06 22:46:21.549,0.76015,0.76055,1.00,1.00
2010.10.06 22:46:21.615,0.76015,0.76055,2.80,1.00
2010.10.06 22:46:22.246,0.7602,0.7606,1.00,1.00
2010.10.06 22:46:22.558,0.76015,0.76055,1.00,1.00
2010.10.06 22:46:23.276,0.76015,0.76055,2.80,1.00
2010.10.06 22:46:23.417,0.7601,0.76055,1.00,1.00
2010.10.06 22:46:24.810,0.7601,0.7605,1.00,1.00
2010.10.06 22:46:28.649,0.7601,0.76045,1.00,1.00
2010.10.06 22:47:31.391,0.76005,0.76055,1.00,1.00
2010.10.06 22:47:51.945,0.76005,0.7606,1.00,2.80
2010.10.06 22:47:52.016,0.7601,0.7605,1.00,1.00
2010.10.06 22:47:53.507,0.76015,0.7605,1.00,1.00
2010.10.06 22:47:54.667,0.76015,0.76055,1.00,1.00
2010.10.06 22:47:55.792,0.7602,0.76055,1.00,1.00
2010.10.06 22:47:57.410,0.76015,0.76055,1.00,1.00
2010.10.06 22:47:57.596,0.76015,0.76055,1.00,1.00
2010.10.06 22:47:58.804,0.76015,0.7605,1.00,1.00
2010.10.06 22:48:10.578,0.7601,0.7605,1.00,1.00
2010.10.06 22:48:12.133,0.7601,0.76045,1.00,1.00
2010.10.06 22:48:28.156,0.7601,0.7605,1.00,1.00
2010.10.06 22:48:28.500,0.76015,0.76055,1.00,1.00
2010.10.06 22:48:29.198,0.7601,0.7605,1.00,1.00
2010.10.06 22:48:29.913,0.7601,0.76055,1.00,1.00
2010.10.06 22:48:30.017,0.7601,0.76055,1.00,2.80
2010.10.06 22:48:30.836,0.7601,0.7605,1.00,1.00
2010.10.06 22:48:31.696,0.76005,0.76045,1.00,1.00
2010.10.06 22:48:36.739,0.76005,0.7604,1.00,1.00
2010.10.06 22:48:58.007,0.76005,0.76045,1.00,1.00
2010.10.06 22:48:58.607,0.76005,0.76045,1.00,2.80
2010.10.06 22:48:59.835,0.76005,0.7604,1.00,1.00
2010.10.06 22:49:59.859,0.7599,0.76045,1.00,2.80
2010.10.06 22:50:27.506,0.76,0.7604,1.00,1.00
2010.10.06 22:50:29.838,0.76005,0.7604,1.00,1.00
2010.10.06 22:50:33.997,0.76005,0.76045,1.00,2.80
2010.10.06 22:50:35.518,0.76,0.7604,1.00,1.00
2010.10.06 22:50:37.749,0.76005,0.7604,1.00,1.00
2010.10.06 22:50:39.306,0.76005,0.76045,1.00,1.00
2010.10.06 22:50:39.458,0.76,0.7604,1.00,1.00
2010.10.06 22:50:40.796,0.76005,0.7604,1.00,1.00
2010.10.06 22:50:43.128,0.76005,0.76045,1.00,2.80
2010.10.06 22:50:44.707,0.76005,0.7604,1.00,1.00
2010.10.06 22:51:32.157,0.76,0.7604,1.00,1.00
2010.10.06 22:51:32.297,0.76,0.7604,1.00,1.00
2010.10.06 22:51:32.438,0.76,0.7604,1.00,2.90
2010.10.06 22:51:32.578,0.76005,0.7604,1.00,2.40
2010.10.06 22:51:33.208,0.76,0.7604,1.00,1.00
2010.10.06 22:51:33.457,0.76005,0.76045,1.00,2.80
2010.10.06 22:51:33.706,0.76005,0.76045,1.00,1.00
2010.10.06 22:51:34.629,0.76005,0.76045,1.00,1.00
2010.10.06 22:51:34.896,0.76005,0.76045,1.00,2.50
2010.10.06 22:51:35.156,0.76005,0.76045,1.00,2.90
2010.10.06 22:51:35.727,0.76005,0.7604,1.00,1.00
2010.10.06 22:51:35.851,0.76005,0.76045,1.00,2.80
2010.10.06 22:51:37.337,0.76005,0.7604,1.00,1.00
2010.10.06 22:51:38.837,0.76,0.7604,1.00,1.00
2010.10.06 22:51:39.086,0.76,0.7604,1.00,2.80
2010.10.06 22:51:41.168,0.76,0.7604,1.00,1.00
2010.10.06 22:51:41.299,0.76,0.7604,1.00,1.00
2010.10.06 22:51:42.926,0.76005,0.7604,1.00,1.00
2010.10.06 22:52:42.995,0.7599,0.76045,1.00,2.80
2010.10.06 22:53:04.064,0.76,0.76035,1.00,1.00
2010.10.06 22:53:05.868,0.76,0.76045,1.00,2.90
2010.10.06 22:53:06.038,0.76,0.76045,1.00,1.00
2010.10.06 22:53:06.588,0.76,0.76045,1.00,2.90
2010.10.06 22:53:07.757,0.76,0.76045,1.00,1.00
2010.10.06 22:53:07.896,0.76,0.76045,1.00,2.50
2010.10.06 22:53:08.037,0.76,0.76045,1.00,2.90
2010.10.06 22:53:08.689,0.76005,0.76045,1.00,2.80
2010.10.06 22:53:08.839,0.76005,0.7605,1.00,1.00
2010.10.06 22:53:09.147,0.76005,0.76055,1.00,1.00
2010.10.06 22:53:09.746,0.76005,0.76055,2.90,1.00
2010.10.06 22:53:09.997,0.7601,0.76055,1.00,1.00
2010.10.06 22:53:10.246,0.76015,0.7606,1.00,1.00
2010.10.06 22:53:11.967,0.7601,0.7606,1.00,1.00
2010.10.06 22:53:12.334,0.76015,0.7606,1.00,1.00
2010.10.06 22:53:12.736,0.7601,0.76055,1.00,1.00
2010.10.06 22:53:13.068,0.76005,0.76055,1.00,1.00
2010.10.06 22:53:15.807,0.7601,0.7605,1.00,1.00
2010.10.06 22:53:16.368,0.76005,0.7605,1.00,1.00
2010.10.06 22:53:16.616,0.76005,0.7605,1.00,2.80
2010.10.06 22:53:17.648,0.76005,0.7605,1.00,1.00
2010.10.06 22:53:17.868,0.76005,0.7605,1.00,2.50
2010.10.06 22:53:18.087,0.76,0.7605,1.00,2.90
2010.10.06 22:53:19.244,0.76005,0.76045,1.00,1.00
2010.10.06 22:53:19.528,0.76005,0.76045,1.00,1.00
2010.10.06 22:53:19.817,0.76005,0.76045,1.00,1.00
2010.10.06 22:53:20.650,0.76005,0.7605,1.00,2.90
2010.10.06 22:53:20.746,0.76005,0.7605,1.00,1.00
2010.10.06 22:53:20.857,0.76,0.76045,2.50,1.00
2010.10.06 22:53:21.370,0.76,0.76045,1.00,1.00
2010.10.06 22:53:22.627,0.76005,0.7605,1.00,1.00
2010.10.06 22:53:22.837,0.76005,0.7605,1.00,1.00
2010.10.06 22:53:23.653,0.7601,0.76045,1.00,1.00
2010.10.06 22:53:23.856,0.7601,0.7605,1.00,1.00
2010.10.06 22:53:26.732,0.7601,0.7605,1.00,1.00
2010.10.06 22:53:37.777,0.76005,0.7605,1.00,1.00
2010.10.06 22:53:40.722,0.76005,0.76045,1.00,1.00
2010.10.06 22:53:45.725,0.76005,0.76045,1.00,1.00
2010.10.06 22:53:49.788,0.7601,0.76045,1.00,1.00
2010.10.06 22:54:26.517,0.76005,0.76045,1.00,1.00
2010.10.06 22:54:26.727,0.76005,0.76045,1.00,1.00
2010.10.06 22:54:27.560,0.76005,0.7604,1.00,1.00
2010.10.06 22:54:28.641,0.76005,0.76045,1.00,1.00
2010.10.06 22:54:34.028,0.76,0.76045,1.00,1.00
2010.10.06 22:54:34.176,0.76,0.76045,1.00,2.80
2010.10.06 22:54:35.337,0.76,0.76045,1.00,1.00
2010.10.06 22:54:35.929,0.76,0.76045,1.00,1.00
2010.10.06 22:54:36.598,0.76005,0.76045,1.00,1.00
2010.10.06 22:54:38.384,0.76,0.7604,1.00,1.00
2010.10.06 22:54:39.562,0.76005,0.76045,1.00,1.00
2010.10.06 22:54:39.898,0.7601,0.76055,2.50,1.00
2010.10.06 22:54:39.927,0.7601,0.76055,2.40,1.00
2010.10.06 22:54:40.490,0.7601,0.76055,2.80,1.00
2010.10.06 22:54:40.518,0.76005,0.76045,1.00,1.00
2010.10.06 22:54:41.172,0.7601,0.76055,1.00,2.90
2010.10.06 22:54:41.297,0.7601,0.76055,2.90,1.00
2010.10.06 22:54:41.556,0.7601,0.76055,2.90,1.00
2010.10.06 22:54:41.687,0.7601,0.7605,2.80,1.00
2010.10.06 22:54:41.947,0.76005,0.7605,1.00,1.00
2010.10.06 22:54:42.567,0.76005,0.7605,1.00,1.00
2010.10.06 22:54:42.707,0.76005,0.76045,1.00,1.00
2010.10.06 22:54:42.988,0.76005,0.76045,1.00,1.00
2010.10.06 22:54:45.787,0.76005,0.7604,1.00,1.00
2010.10.06 22:54:48.219,0.76005,0.76045,1.00,1.00
2010.10.06 22:54:48.559,0.76005,0.76045,1.00,1.00
2010.10.06 22:54:49.916,0.7601,0.76045,1.00,1.00
2010.10.06 22:54:51.216,0.7601,0.7605,1.00,1.00
2010.10.06 22:54:52.828,0.7601,0.76045,1.00,1.00
2010.10.06 22:54:53.018,0.76005,0.76045,1.00,1.00
2010.10.06 22:54:54.780,0.7601,0.76045,1.00,1.00
2010.10.06 22:55:00.346,0.76015,0.7605,1.00,1.00
2010.10.06 22:55:01.653,0.7601,0.76045,1.00,1.00
2010.10.06 22:55:08.556,0.76015,0.7605,1.00,1.00
2010.10.06 22:55:09.738,0.7601,0.76045,1.00,1.00
2010.10.06 22:55:19.636,0.76015,0.7605,1.00,1.00
2010.10.06 22:55:20.766,0.7601,0.76045,1.00,1.00
2010.10.06 22:55:22.528,0.76005,0.76045,1.00,1.00
2010.10.06 22:55:22.695,0.76005,0.76045,1.00,1.00
2010.10.06 22:55:23.750,0.76005,0.7604,1.00,1.00
2010.10.06 22:55:27.597,0.76005,0.76045,1.00,1.00
2010.10.06 22:55:28.778,0.7601,0.76045,1.00,1.00
2010.10.06 22:55:41.847,0.76005,0.76045,1.00,1.00
2010.10.06 22:55:42.027,0.76005,0.76045,1.00,1.00
2010.10.06 22:55:43.527,0.76005,0.76045,1.00,1.00
2010.10.06 22:55:43.687,0.7601,0.76055,1.00,1.00
2010.10.06 22:55:43.848,0.7601,0.76055,1.00,1.00
2010.10.06 22:55:44.007,0.7601,0.76055,2.90,1.00
2010.10.06 22:55:45.817,0.76015,0.76055,1.00,1.00
2010.10.06 22:55:50.768,0.7602,0.76055,1.00,1.00
2010.10.06 22:55:52.656,0.76015,0.7605,1.00,1.00
2010.10.06 22:56:01.946,0.7602,0.76055,1.00,1.00
2010.10.06 22:56:02.648,0.7601,0.7605,2.80,1.00
2010.10.06 22:56:02.846,0.76015,0.76055,1.00,1.00
2010.10.06 22:56:02.887,0.76015,0.76055,1.00,1.00
2010.10.06 22:56:03.157,0.76015,0.76055,1.00,1.00
2010.10.06 22:56:06.257,0.7601,0.7605,2.90,1.00
2010.10.06 22:56:06.456,0.7601,0.7605,1.00,1.00
2010.10.06 22:56:06.575,0.7601,0.7605,1.00,1.00
2010.10.06 22:56:09.214,0.76015,0.76055,1.00,1.00
2010.10.06 22:56:09.358,0.7601,0.7605,1.00,1.00
2010.10.06 22:56:13.777,0.7601,0.76045,1.00,1.00
2010.10.06 22:57:13.789,0.76005,0.76055,1.00,1.00
2010.10.06 22:58:31.999,0.76005,0.7604,1.00,1.00
2010.10.06 22:58:32.109,0.76,0.7604,2.50,1.00
2010.10.06 22:58:32.668,0.76,0.7604,1.00,1.00
2010.10.06 22:58:32.907,0.76,0.7604,1.00,1.00
2010.10.06 22:58:33.028,0.76005,0.76045,1.00,1.00
2010.10.06 22:58:35.520,0.76005,0.76045,1.00,1.00
2010.10.06 22:58:36.919,0.76,0.7604,1.00,1.00
2010.10.06 22:58:37.017,0.76,0.7604,1.00,1.00
2010.10.06 22:58:37.197,0.76005,0.76045,1.00,1.00
2010.10.06 22:58:37.377,0.76005,0.76045,1.00,1.00
2010.10.06 22:58:38.687,0.76005,0.76045,1.00,1.00
2010.10.06 22:58:40.769,0.76005,0.7604,1.00,1.00
2010.10.06 22:59:11.177,0.76005,0.76045,1.00,1.00
2010.10.06 22:59:11.237,0.76005,0.76045,1.00,1.00
2010.10.06 22:59:11.336,0.76005,0.76045,1.00,1.00
2010.10.06 22:59:13.788,0.7601,0.76045,1.00,1.00
2010.10.06 22:59:18.738,0.76005,0.76045,1.00,1.00
2010.10.06 22:59:19.028,0.76005,0.76045,1.00,1.00
2010.10.06 22:59:19.612,0.76,0.76045,1.00,1.00
2010.10.06 22:59:19.968,0.76005,0.7605,1.00,1.00
2010.10.06 22:59:20.107,0.76005,0.7605,2.40,1.00
2010.10.06 22:59:20.247,0.76005,0.7605,2.80,1.00
2010.10.06 22:59:22.486,0.7601,0.7605,1.00,1.00
2010.10.06 22:59:25.658,0.76015,0.7605,1.00,1.00
