2011.09.26 12:00:00.057,0.79999,0.80049,3.98,1.50
2011.09.26 12:00:00.525,0.79999,0.80048,3.98,1.50
2011.09.26 12:00:01.011,0.79999,0.80048,4.35,1.50
2011.09.26 12:00:01.128,0.80004,0.80051,3.75,1.50
2011.09.26 12:00:01.347,0.80004,0.80053,3.75,1.88
2011.09.26 12:00:01.944,0.80007,0.80051,1.13,1.13
2011.09.26 12:00:02.716,0.80007,0.80053,1.13,1.50
2011.09.26 12:00:03.188,0.80007,0.80052,1.13,1.13
2011.09.26 12:00:03.525,0.80002,0.80048,1.13,1.13
2011.09.26 12:00:05.359,0.80004,0.80048,1.13,1.13
2011.09.26 12:00:07.155,0.80002,0.80048,1.13,1.88
2011.09.26 12:00:07.290,0.80004,0.80048,1.13,1.13
2011.09.26 12:00:08.900,0.79999,0.80046,1.35,1.13
2011.09.26 12:00:09.071,0.80001,0.80046,1.13,1.13
2011.09.26 12:00:09.231,0.79999,0.80046,1.35,1.13
2011.09.26 12:00:09.929,0.80001,0.80046,1.13,1.13
2011.09.26 12:00:11.687,0.80004,0.80047,1.13,1.13
2011.09.26 12:00:12.678,0.80002,0.80046,1.13,1.13
2011.09.26 12:00:14.177,0.8,0.80046,1.13,1.13
2011.09.26 12:00:16.746,0.79996,0.80044,3.75,1.50
2011.09.26 12:00:16.855,0.79994,0.80042,1.35,1.13
2011.09.26 12:00:18.165,0.79993,0.80042,1.13,1.50
2011.09.26 12:00:20.650,0.79991,0.80037,1.50,1.13
2011.09.26 12:00:21.006,0.79991,0.80036,1.50,1.50
2011.09.26 12:00:21.298,0.79988,0.80036,3.00,1.50
2011.09.26 12:00:21.571,0.79992,0.80036,1.50,1.50
2011.09.26 12:00:21.778,0.79988,0.80036,3.00,1.50
2011.09.26 12:00:22.242,0.79992,0.80036,1.50,1.50
2011.09.26 12:00:22.916,0.79992,0.80035,1.13,1.88
2011.09.26 12:00:23.400,0.79987,0.80035,1.50,1.13
2011.09.26 12:00:24.032,0.79986,0.80035,2.25,1.88
2011.09.26 12:00:24.538,0.79992,0.80035,1.13,1.13
2011.09.26 12:00:25.084,0.79986,0.80034,2.25,1.35
2011.09.26 12:00:28.165,0.79989,0.80034,1.13,1.35
2011.09.26 12:00:28.384,0.79992,0.8004,1.35,1.13
2011.09.26 12:00:28.911,0.79995,0.80036,3.00,2.10
2011.09.26 12:00:29.027,0.80004,0.8005,3.00,1.35
2011.09.26 12:00:29.144,0.80009,0.80055,1.13,4.73
2011.09.26 12:00:29.256,0.80006,0.80054,1.13,1.35
2011.09.26 12:00:29.366,0.80009,0.80055,1.35,3.00
2011.09.26 12:00:29.473,0.80009,0.80055,1.35,2.25
2011.09.26 12:00:29.583,0.80011,0.80061,1.35,1.35
2011.09.26 12:00:31.582,0.80011,0.80061,1.35,1.35
2011.09.26 12:00:31.749,0.80011,0.80063,1.35,1.35
2011.09.26 12:00:32.294,0.80012,0.80064,1.13,2.10
2011.09.26 12:00:32.915,0.80014,0.80061,1.13,1.35
2011.09.26 12:00:33.347,0.80016,0.80069,3.38,1.50
2011.09.26 12:00:33.619,0.80016,0.80069,3.38,1.50
2011.09.26 12:00:34.649,0.80016,0.80065,3.38,1.50
2011.09.26 12:00:35.878,0.80016,0.80063,2.63,1.50
2011.09.26 12:00:36.280,0.80016,0.80063,2.25,1.50
2011.09.26 12:00:36.407,0.80012,0.80063,4.35,1.50
2011.09.26 12:00:37.594,0.80012,0.80061,4.35,1.50
2011.09.26 12:00:37.815,0.80012,0.80061,4.73,1.50
2011.09.26 12:00:38.145,0.80017,0.80065,3.00,1.50
2011.09.26 12:00:38.537,0.80021,0.80065,2.63,1.88
2011.09.26 12:00:38.948,0.80018,0.80065,1.50,1.50
2011.09.26 12:00:39.309,0.8002,0.80065,3.00,1.50
2011.09.26 12:00:39.425,0.8002,0.80065,3.00,1.50
2011.09.26 12:00:39.944,0.8002,0.80064,3.00,1.50
2011.09.26 12:00:40.054,0.80017,0.80064,1.50,1.50
2011.09.26 12:00:40.168,0.80017,0.80064,1.50,1.50
2011.09.26 12:00:41.217,0.8002,0.80064,3.00,1.50
2011.09.26 12:00:42.437,0.8002,0.80064,3.00,1.50
2011.09.26 12:00:42.637,0.8002,0.80064,2.63,1.88
2011.09.26 12:00:42.779,0.8002,0.80064,2.63,1.88
2011.09.26 12:00:43.047,0.80017,0.80061,1.13,1.13
2011.09.26 12:00:43.445,0.80017,0.80061,1.13,1.13
2011.09.26 12:00:44.916,0.80017,0.80061,1.13,1.13
2011.09.26 12:00:45.369,0.80017,0.80061,1.13,1.13
2011.09.26 12:00:45.817,0.80017,0.80064,1.50,1.88
2011.09.26 12:00:45.936,0.80017,0.80061,1.13,1.13
2011.09.26 12:00:46.375,0.80017,0.80064,1.50,1.88
2011.09.26 12:00:46.647,0.80017,0.8006,1.13,1.13
2011.09.26 12:00:47.836,0.80019,0.80065,1.50,1.35
2011.09.26 12:00:47.957,0.80019,0.80065,3.75,1.35
2011.09.26 12:00:48.250,0.80019,0.80065,3.00,1.35
2011.09.26 12:00:48.370,0.80011,0.80059,4.35,1.50
2011.09.26 12:00:48.489,0.80008,0.80059,1.50,1.50
2011.09.26 12:00:49.608,0.80015,0.80057,2.25,1.50
2011.09.26 12:00:49.725,0.80015,0.80059,2.25,1.50
2011.09.26 12:00:50.986,0.80019,0.80063,2.25,1.50
2011.09.26 12:00:51.325,0.80014,0.80059,2.63,1.50
2011.09.26 12:00:51.916,0.80014,0.80059,2.63,1.88
2011.09.26 12:00:52.417,0.80012,0.80059,1.88,1.50
2011.09.26 12:00:52.536,0.80014,0.80058,2.25,1.50
2011.09.26 12:00:53.342,0.80014,0.80056,2.25,1.50
2011.09.26 12:00:53.462,0.80014,0.80059,2.25,1.50
2011.09.26 12:00:53.686,0.8001,0.80059,3.00,1.88
2011.09.26 12:00:53.805,0.80006,0.80059,2.10,1.50
2011.09.26 12:00:53.916,0.80005,0.80058,1.50,1.35
2011.09.26 12:00:54.245,0.79997,0.8005,1.50,3.00
2011.09.26 12:00:54.887,0.79997,0.8005,1.50,3.00
2011.09.26 12:00:55.277,0.79996,0.80046,1.50,1.50
2011.09.26 12:00:56.195,0.79997,0.80046,1.50,1.50
2011.09.26 12:00:56.598,0.79997,0.80044,3.38,1.50
2011.09.26 12:00:59.424,0.79997,0.80043,1.13,1.13
2011.09.26 12:00:59.754,0.79996,0.80038,1.13,1.13
2011.09.26 12:01:00.092,0.79991,0.80038,1.50,1.13
2011.09.26 12:01:00.476,0.79983,0.80036,1.35,1.35
2011.09.26 12:01:00.917,0.79983,0.80036,1.35,1.35
2011.09.26 12:01:01.996,0.79983,0.80034,1.35,1.50
2011.09.26 12:01:02.119,0.79983,0.80034,2.10,1.50
2011.09.26 12:01:02.659,0.79987,0.80033,1.50,1.50
2011.09.26 12:01:02.776,0.79992,0.80041,1.50,1.13
2011.09.26 12:01:03.027,0.79992,0.80041,2.25,1.13
2011.09.26 12:01:04.396,0.79997,0.80039,1.13,1.50
2011.09.26 12:01:04.792,0.79992,0.80039,1.50,1.50
2011.09.26 12:01:05.294,0.79991,0.80037,3.00,1.50
2011.09.26 12:01:05.407,0.79991,0.80037,3.75,1.50
2011.09.26 12:01:05.526,0.79996,0.80037,1.13,1.13
2011.09.26 12:01:05.744,0.79991,0.80037,1.50,1.88
2011.09.26 12:01:07.036,0.79987,0.80034,1.50,1.50
2011.09.26 12:01:08.188,0.79986,0.80034,3.75,1.50
2011.09.26 12:01:08.416,0.79986,0.80034,4.50,1.50
2011.09.26 12:01:09.404,0.79986,0.80034,3.00,1.50
2011.09.26 12:01:09.624,0.79983,0.80033,1.35,1.50
2011.09.26 12:01:10.151,0.79987,0.80033,4.50,1.50
2011.09.26 12:01:10.473,0.7999,0.80024,2.25,1.13
2011.09.26 12:01:10.585,0.79977,0.80022,1.88,1.13
2011.09.26 12:01:10.694,0.79977,0.80026,2.25,3.00
2011.09.26 12:01:10.805,0.79982,0.80027,1.13,1.73
2011.09.26 12:01:10.926,0.79983,0.80027,2.48,1.73
2011.09.26 12:01:11.426,0.79983,0.80027,2.48,2.48
2011.09.26 12:01:11.755,0.79984,0.80027,1.35,2.10
2011.09.26 12:01:11.867,0.79984,0.80027,1.35,2.10
2011.09.26 12:01:11.985,0.79983,0.80024,2.48,1.50
2011.09.26 12:01:12.204,0.79983,0.80023,2.48,1.50
2011.09.26 12:01:12.636,0.79977,0.80023,3.98,1.88
2011.09.26 12:01:12.967,0.7998,0.80023,1.13,1.88
2011.09.26 12:01:13.084,0.79977,0.80023,1.73,1.13
2011.09.26 12:01:13.197,0.79979,0.80024,1.35,1.50
2011.09.26 12:01:14.177,0.79981,0.80023,1.13,1.50
2011.09.26 12:01:14.856,0.79979,0.8002,1.35,1.13
2011.09.26 12:01:14.964,0.79976,0.80015,3.23,1.50
2011.09.26 12:01:15.074,0.79966,0.80015,1.50,1.50
2011.09.26 12:01:15.187,0.79964,0.80013,1.35,1.13
2011.09.26 12:01:15.297,0.79957,0.80007,1.50,1.73
2011.09.26 12:01:15.415,0.79957,0.80006,1.13,1.35
2011.09.26 12:01:15.744,0.79954,0.8,1.13,2.48
2011.09.26 12:01:16.077,0.79949,0.79998,2.10,1.35
2011.09.26 12:01:16.461,0.79952,0.79999,1.73,1.73
2011.09.26 12:01:16.821,0.79949,0.79999,3.00,1.35
2011.09.26 12:01:17.045,0.79944,0.79993,1.35,1.50
2011.09.26 12:01:17.435,0.79941,0.79989,3.38,1.35
2011.09.26 12:01:17.546,0.79941,0.79989,2.63,1.35
2011.09.26 12:01:17.655,0.79936,0.79986,1.50,2.25
2011.09.26 12:01:17.764,0.79936,0.79989,1.50,2.48
2011.09.26 12:01:18.702,0.79936,0.79989,1.50,2.10
2011.09.26 12:01:18.928,0.7994,0.79985,1.50,1.13
2011.09.26 12:01:19.046,0.7993,0.79979,1.50,1.35
2011.09.26 12:01:19.373,0.79941,0.79984,1.13,3.23
2011.09.26 12:01:19.484,0.79935,0.79987,1.35,1.13
2011.09.26 12:01:19.595,0.79929,0.79984,2.48,3.75
2011.09.26 12:01:19.703,0.79929,0.79984,2.48,3.75
2011.09.26 12:01:19.813,0.79927,0.79984,2.63,4.35
2011.09.26 12:01:20.367,0.79927,0.79984,3.38,4.35
2011.09.26 12:01:20.484,0.79931,0.79984,2.63,1.35
2011.09.26 12:01:20.992,0.79931,0.79984,2.63,1.35
2011.09.26 12:01:22.517,0.79931,0.79984,3.38,1.35
2011.09.26 12:01:22.936,0.79925,0.79982,1.13,3.00
2011.09.26 12:01:23.924,0.79923,0.79982,1.13,3.00
2011.09.26 12:01:24.646,0.79921,0.79982,3.23,3.00
2011.09.26 12:01:24.866,0.79928,0.79983,2.63,3.00
2011.09.26 12:01:25.049,0.79928,0.79983,2.63,3.00
2011.09.26 12:01:25.819,0.79928,0.79983,2.63,3.00
2011.09.26 12:01:26.477,0.79929,0.79983,1.13,3.00
2011.09.26 12:01:26.908,0.79928,0.79983,2.63,3.00
2011.09.26 12:01:27.015,0.79929,0.79983,1.13,3.00
2011.09.26 12:01:28.225,0.79928,0.79983,2.63,3.00
2011.09.26 12:01:28.647,0.79929,0.79983,1.13,3.00
2011.09.26 12:01:28.815,0.79929,0.79983,1.13,3.00
2011.09.26 12:01:30.204,0.79929,0.79983,1.13,3.00
2011.09.26 12:01:30.417,0.79936,0.7998,1.13,1.13
2011.09.26 12:01:31.187,0.79928,0.79984,2.25,2.10
2011.09.26 12:01:31.415,0.79922,0.79964,1.50,2.25
2011.09.26 12:01:31.635,0.79923,0.79973,1.35,1.13
2011.09.26 12:01:31.747,0.79925,0.79974,1.35,3.00
2011.09.26 12:01:32.351,0.79927,0.79972,1.35,2.10
2011.09.26 12:01:32.465,0.79924,0.79972,5.10,2.48
2011.09.26 12:01:32.686,0.79927,0.7997,1.35,1.73
2011.09.26 12:01:33.178,0.79922,0.79971,1.13,3.60
2011.09.26 12:01:34.475,0.79909,0.79963,1.50,4.35
2011.09.26 12:01:34.585,0.79909,0.79963,1.50,4.35
2011.09.26 12:01:34.697,0.79911,0.7996,1.13,1.35
2011.09.26 12:01:35.241,0.79914,0.7996,1.13,1.35
2011.09.26 12:01:35.451,0.79911,0.7996,1.13,1.35
2011.09.26 12:01:36.218,0.79914,0.79958,1.13,1.13
2011.09.26 12:01:36.899,0.79914,0.79955,1.13,1.13
2011.09.26 12:01:37.604,0.79912,0.79956,1.13,1.13
2011.09.26 12:01:37.714,0.79906,0.79954,2.10,1.50
2011.09.26 12:01:38.799,0.79911,0.79953,1.13,1.88
2011.09.26 12:01:39.203,0.79907,0.79957,1.13,3.60
2011.09.26 12:01:39.430,0.79907,0.79957,1.13,1.35
2011.09.26 12:01:39.813,0.79907,0.79959,1.88,1.35
2011.09.26 12:01:40.473,0.79911,0.79962,1.35,3.00
2011.09.26 12:01:40.834,0.79911,0.79962,1.35,3.00
2011.09.26 12:01:41.538,0.79911,0.79962,1.35,2.25
2011.09.26 12:01:42.137,0.79911,0.79962,1.35,3.00
2011.09.26 12:01:42.507,0.79907,0.79953,1.13,1.13
2011.09.26 12:01:43.387,0.79911,0.79953,1.13,1.13
2011.09.26 12:01:43.996,0.79911,0.79952,1.13,1.13
2011.09.26 12:01:44.449,0.79907,0.79951,1.13,1.13
2011.09.26 12:01:44.565,0.79911,0.79952,1.13,1.13
2011.09.26 12:01:44.836,0.79906,0.79952,1.88,1.13
2011.09.26 12:01:45.277,0.79906,0.79948,1.13,1.13
2011.09.26 12:01:45.839,0.79906,0.7995,1.13,1.73
2011.09.26 12:01:45.960,0.79903,0.79949,1.13,1.35
2011.09.26 12:01:46.987,0.79903,0.79949,1.13,1.35
2011.09.26 12:01:47.146,0.79903,0.79949,1.13,1.35
2011.09.26 12:01:48.234,0.79903,0.7995,1.13,1.35
2011.09.26 12:01:48.346,0.79906,0.79952,1.13,3.23
2011.09.26 12:01:49.592,0.79906,0.79952,1.13,3.23
2011.09.26 12:01:50.679,0.79906,0.79952,1.13,3.23
2011.09.26 12:01:51.313,0.79907,0.79952,1.50,2.25
2011.09.26 12:01:51.423,0.79907,0.79958,1.50,3.60
2011.09.26 12:01:51.537,0.79911,0.79958,1.50,2.85
2011.09.26 12:01:51.878,0.79916,0.79968,1.50,2.25
2011.09.26 12:01:51.998,0.79928,0.79968,1.13,2.25
2011.09.26 12:01:52.167,0.79928,0.79974,1.13,1.13
2011.09.26 12:01:52.307,0.79931,0.79974,1.13,1.13
2011.09.26 12:01:52.645,0.79933,0.79978,2.10,1.13
2011.09.26 12:01:52.756,0.79934,0.79983,1.73,1.35
2011.09.26 12:01:52.865,0.79934,0.79983,1.73,1.35
2011.09.26 12:01:54.179,0.79934,0.79988,1.73,3.00
2011.09.26 12:01:56.411,0.7994,0.79988,1.50,3.00
2011.09.26 12:01:57.043,0.79941,0.79994,1.50,1.35
2011.09.26 12:01:57.375,0.79936,0.79979,1.50,3.00
2011.09.26 12:01:59.345,0.79932,0.79979,1.50,5.10
2011.09.26 12:02:04.035,0.7994,0.79979,1.35,3.00
2011.09.26 12:02:04.270,0.7994,0.79986,1.35,2.10
2011.09.26 12:02:04.495,0.79935,0.79993,3.00,1.13
2011.09.26 12:02:04.874,0.79933,0.79988,3.38,2.25
2011.09.26 12:02:05.916,0.79944,0.79988,1.13,2.25
2011.09.26 12:02:06.434,0.79951,0.79993,1.50,3.00
2011.09.26 12:02:06.545,0.79957,0.79993,1.13,3.00
2011.09.26 12:02:07.124,0.79954,0.80005,3.38,1.35
2011.09.26 12:02:07.446,0.79957,0.80004,1.13,1.13
2011.09.26 12:02:07.666,0.79955,0.80004,1.13,3.00
2011.09.26 12:02:07.774,0.79955,0.80004,1.13,3.00
2011.09.26 12:02:08.155,0.7996,0.8001,1.35,3.00
2011.09.26 12:02:08.705,0.79954,0.8001,1.13,3.00
2011.09.26 12:02:09.266,0.79954,0.8001,1.13,3.00
2011.09.26 12:02:10.582,0.79957,0.8001,1.50,3.00
2011.09.26 12:02:10.695,0.79961,0.8001,1.50,3.00
2011.09.26 12:02:11.025,0.79956,0.8001,1.50,3.00
2011.09.26 12:02:12.766,0.79954,0.80007,1.13,1.50
2011.09.26 12:02:13.207,0.79954,0.8001,1.13,3.00
2011.09.26 12:02:13.434,0.79965,0.80017,1.35,1.50
2011.09.26 12:02:13.544,0.79968,0.80015,2.25,1.50
2011.09.26 12:02:13.655,0.79961,0.80013,1.35,2.25
2011.09.26 12:02:15.137,0.79961,0.80013,1.35,2.63
2011.09.26 12:02:15.441,0.79956,0.80013,3.75,3.23
2011.09.26 12:02:15.562,0.79953,0.80005,1.50,2.25
2011.09.26 12:02:16.229,0.79953,0.80005,1.50,2.25
2011.09.26 12:02:16.877,0.79953,0.80005,1.50,2.25
2011.09.26 12:02:17.297,0.79953,0.8,1.88,2.63
2011.09.26 12:02:18.404,0.79953,0.8,1.50,3.00
2011.09.26 12:02:21.286,0.7995,0.79997,1.13,3.00
2011.09.26 12:02:21.407,0.7995,0.79997,1.13,3.00
2011.09.26 12:02:22.217,0.7995,0.79993,1.13,1.13
2011.09.26 12:02:22.535,0.79948,0.79993,1.35,1.13
2011.09.26 12:02:23.164,0.79948,0.79992,1.50,3.23
2011.09.26 12:02:23.428,0.79946,0.79992,1.88,3.23
2011.09.26 12:02:23.548,0.79946,0.79992,1.13,3.98
2011.09.26 12:02:24.223,0.79946,0.79992,1.13,3.98
2011.09.26 12:02:27.487,0.79946,0.79988,1.88,1.13
2011.09.26 12:02:28.196,0.79946,0.79989,1.50,1.13
2011.09.26 12:02:28.706,0.79945,0.79988,1.13,1.13
2011.09.26 12:02:29.190,0.79946,0.79989,1.50,1.13
2011.09.26 12:02:29.964,0.79945,0.79988,1.50,2.63
2011.09.26 12:02:32.040,0.79945,0.79988,1.50,3.38
2011.09.26 12:02:33.082,0.7994,0.79988,1.35,3.75
2011.09.26 12:02:33.238,0.7994,0.79988,1.35,3.00
2011.09.26 12:02:33.354,0.7994,0.79993,1.35,3.60
2011.09.26 12:02:33.508,0.7994,0.79993,1.35,2.85
2011.09.26 12:02:34.560,0.7994,0.79993,1.35,2.85
2011.09.26 12:02:34.676,0.79942,0.79993,1.35,2.25
2011.09.26 12:02:34.894,0.79942,0.79993,1.35,3.00
2011.09.26 12:02:35.231,0.79942,0.79993,1.35,2.25
2011.09.26 12:02:36.253,0.79942,0.79989,1.35,2.25
2011.09.26 12:02:37.057,0.79942,0.79989,1.35,2.25
2011.09.26 12:02:37.175,0.79944,0.79989,1.13,3.00
2011.09.26 12:02:37.395,0.79945,0.79989,1.13,2.25
2011.09.26 12:02:37.506,0.79945,0.79996,1.50,1.13
2011.09.26 12:02:37.724,0.79945,0.79993,1.13,3.38
2011.09.26 12:02:38.229,0.79949,0.79997,1.50,1.13
2011.09.26 12:02:38.775,0.79953,0.8,1.35,1.88
2011.09.26 12:02:38.996,0.79952,0.79999,1.73,1.13
2011.09.26 12:02:40.637,0.79952,0.79997,1.73,1.13
2011.09.26 12:02:40.755,0.79951,0.79996,1.13,1.13
2011.09.26 12:02:41.616,0.79952,0.79997,1.13,1.13
2011.09.26 12:02:42.550,0.79952,0.79998,1.13,1.13
2011.09.26 12:02:44.267,0.79953,0.79997,1.13,1.13
2011.09.26 12:02:44.788,0.79954,0.79997,1.13,1.13
2011.09.26 12:02:45.607,0.79953,0.80001,1.13,3.38
2011.09.26 12:02:45.727,0.79952,0.80001,1.88,3.00
2011.09.26 12:02:45.957,0.79958,0.80003,2.10,1.50
2011.09.26 12:02:46.077,0.79958,0.80009,2.10,1.50
2011.09.26 12:02:46.197,0.79958,0.80006,2.10,1.50
2011.09.26 12:02:46.417,0.79958,0.80008,2.10,1.50
2011.09.26 12:02:46.535,0.7995,0.80008,3.00,1.50
2011.09.26 12:02:46.644,0.79952,0.8001,1.50,2.25
2011.09.26 12:02:46.909,0.79952,0.80018,1.50,1.35
2011.09.26 12:02:47.249,0.79964,0.8002,1.35,3.75
2011.09.26 12:02:47.346,0.7998,0.80024,1.13,1.13
2011.09.26 12:02:47.454,0.79978,0.80025,1.73,1.50
2011.09.26 12:02:48.353,0.79978,0.80028,1.73,1.50
2011.09.26 12:02:48.904,0.79977,0.80021,2.63,1.35
2011.09.26 12:02:49.017,0.79969,0.80016,1.13,1.13
2011.09.26 12:02:49.246,0.79967,0.80016,1.88,1.50
2011.09.26 12:02:49.355,0.79967,0.8001,1.13,1.13
2011.09.26 12:02:49.683,0.79963,0.80013,1.50,3.00
2011.09.26 12:02:49.796,0.79971,0.80013,2.10,3.00
2011.09.26 12:02:50.353,0.79971,0.80014,2.48,1.88
2011.09.26 12:02:51.216,0.79971,0.80014,2.48,1.88
2011.09.26 12:02:51.565,0.79968,0.80017,1.35,3.60
2011.09.26 12:02:51.676,0.79968,0.80017,1.35,1.35
2011.09.26 12:02:51.787,0.79979,0.80019,1.35,3.00
2011.09.26 12:02:53.897,0.79978,0.8003,1.13,1.50
2011.09.26 12:02:58.309,0.79976,0.80027,1.35,1.50
2011.09.26 12:02:58.428,0.79972,0.80027,1.73,1.50
2011.09.26 12:02:58.699,0.79972,0.80022,1.35,3.00
2011.09.26 12:03:00.064,0.7997,0.80026,2.10,1.13
2011.09.26 12:03:00.525,0.79972,0.80028,1.35,1.50
2011.09.26 12:03:00.746,0.79972,0.80034,1.35,1.50
2011.09.26 12:03:00.855,0.79972,0.8003,1.35,2.25
2011.09.26 12:03:02.417,0.79981,0.8003,3.00,1.50
2011.09.26 12:03:02.644,0.79976,0.8003,1.35,1.50
2011.09.26 12:03:02.756,0.79977,0.8003,1.50,1.50
2011.09.26 12:03:02.867,0.79976,0.8003,1.35,1.50
2011.09.26 12:03:03.653,0.79973,0.80027,1.35,1.50
2011.09.26 12:03:04.025,0.79973,0.80027,1.35,1.50
2011.09.26 12:03:04.207,0.79973,0.80027,1.35,1.50
2011.09.26 12:03:04.476,0.79968,0.80027,3.00,1.50
2011.09.26 12:03:04.803,0.79972,0.80027,1.50,1.50
2011.09.26 12:03:04.930,0.79968,0.80027,3.00,1.50
2011.09.26 12:03:06.225,0.79972,0.80027,1.50,1.50
2011.09.26 12:03:06.910,0.79973,0.80027,1.50,1.50
2011.09.26 12:03:08.389,0.79972,0.80028,1.50,1.50
2011.09.26 12:03:08.725,0.7999,0.80027,1.50,2.25
2011.09.26 12:03:08.944,0.7999,0.80038,1.50,1.50
2011.09.26 12:03:09.167,0.8,0.80038,1.35,1.50
2011.09.26 12:03:09.496,0.80003,0.80048,3.60,3.60
2011.09.26 12:03:10.434,0.80003,0.80044,1.35,1.35
2011.09.26 12:03:10.684,0.80003,0.80044,1.35,1.35
2011.09.26 12:03:11.367,0.80003,0.80044,1.35,1.35
2011.09.26 12:03:11.486,0.8,0.80044,1.35,1.35
2011.09.26 12:03:13.362,0.8,0.80044,1.35,1.35
2011.09.26 12:03:13.886,0.80003,0.80044,1.35,2.10
2011.09.26 12:03:15.268,0.79999,0.80044,1.35,1.50
2011.09.26 12:03:16.669,0.79999,0.80044,1.35,1.50
2011.09.26 12:03:17.689,0.79999,0.80044,1.35,1.50
2011.09.26 12:03:17.947,0.79999,0.80052,1.35,2.10
2011.09.26 12:03:18.066,0.80005,0.80046,2.25,1.50
2011.09.26 12:03:18.285,0.79997,0.8004,2.85,1.50
2011.09.26 12:03:18.396,0.79986,0.80041,5.48,1.35
2011.09.26 12:03:18.622,0.79986,0.80041,4.73,1.35
2011.09.26 12:03:18.998,0.79984,0.80039,2.63,3.00
2011.09.26 12:03:19.639,0.79995,0.80043,2.25,1.13
2011.09.26 12:03:19.760,0.79995,0.80045,2.25,1.50
2011.09.26 12:03:19.875,0.79995,0.80045,2.63,1.50
2011.09.26 12:03:19.985,0.79995,0.80045,2.25,1.50
2011.09.26 12:03:20.096,0.79991,0.80045,3.23,1.50
2011.09.26 12:03:20.425,0.79988,0.80044,1.35,1.50
2011.09.26 12:03:21.366,0.79992,0.80044,3.23,1.50
2011.09.26 12:03:21.911,0.79993,0.80047,1.73,3.00
2011.09.26 12:03:22.245,0.8001,0.80062,1.13,3.00
2011.09.26 12:03:22.355,0.80009,0.80064,3.60,3.75
2011.09.26 12:03:22.465,0.80009,0.80064,2.85,3.75
2011.09.26 12:03:22.577,0.80009,0.80064,2.85,1.50
2011.09.26 12:03:22.895,0.80006,0.80064,1.35,3.00
2011.09.26 12:03:23.250,0.80011,0.80071,2.63,1.13
2011.09.26 12:03:25.227,0.80011,0.80069,1.50,3.00
2011.09.26 12:03:25.553,0.8001,0.80069,1.50,3.00
2011.09.26 12:03:25.678,0.80015,0.8007,2.63,3.00
2011.09.26 12:03:25.797,0.80015,0.8007,3.38,2.25
2011.09.26 12:03:26.246,0.80011,0.8007,1.13,3.00
2011.09.26 12:03:26.906,0.80011,0.8007,1.13,3.00
2011.09.26 12:03:29.357,0.80012,0.8007,1.13,3.00
2011.09.26 12:03:29.725,0.80019,0.80074,2.63,3.00
2011.09.26 12:03:29.946,0.80015,0.80071,3.00,1.13
2011.09.26 12:03:30.054,0.80012,0.8007,1.50,3.00
2011.09.26 12:03:30.164,0.80011,0.8007,1.13,3.00
2011.09.26 12:03:30.863,0.80008,0.80067,1.50,2.25
2011.09.26 12:03:31.829,0.80003,0.80067,1.35,2.25
2011.09.26 12:03:32.055,0.80003,0.80067,1.35,3.00
2011.09.26 12:03:32.637,0.80007,0.80067,1.35,3.00
2011.09.26 12:03:32.934,0.80009,0.80067,1.13,3.00
2011.09.26 12:03:33.047,0.80009,0.8007,1.13,4.13
2011.09.26 12:03:33.437,0.80007,0.80069,3.60,1.50
2011.09.26 12:03:33.558,0.80005,0.80059,1.73,2.25
2011.09.26 12:03:33.784,0.80007,0.80063,1.13,3.75
2011.09.26 12:03:34.004,0.80006,0.80063,3.38,3.75
2011.09.26 12:03:34.366,0.80006,0.80063,3.38,3.00
2011.09.26 12:03:35.195,0.80008,0.80063,1.13,3.00
2011.09.26 12:03:36.176,0.80009,0.80063,1.50,3.00
2011.09.26 12:03:36.622,0.80008,0.80063,1.13,3.00
2011.09.26 12:03:37.428,0.80006,0.80063,3.75,3.00
2011.09.26 12:03:38.617,0.80006,0.80061,1.13,3.00
2011.09.26 12:03:40.169,0.80006,0.80063,3.75,3.00
2011.09.26 12:03:40.285,0.80006,0.80063,3.00,3.75
2011.09.26 12:03:41.915,0.8,0.8006,2.85,3.00
2011.09.26 12:03:42.066,0.80001,0.8006,1.35,3.00
2011.09.26 12:03:42.393,0.80002,0.8006,1.35,3.00
2011.09.26 12:03:42.619,0.80005,0.8006,1.35,3.00
2011.09.26 12:03:42.737,0.80001,0.8006,1.35,3.00
2011.09.26 12:03:45.357,0.80005,0.8006,1.35,3.75
2011.09.26 12:03:45.796,0.8,0.8006,3.75,3.75
2011.09.26 12:03:46.070,0.8,0.80058,2.25,1.50
2011.09.26 12:03:46.634,0.8,0.80058,3.00,1.50
2011.09.26 12:03:47.176,0.8,0.80058,3.00,1.50
2011.09.26 12:03:47.284,0.80002,0.80057,1.50,1.50
2011.09.26 12:03:47.616,0.8,0.80057,3.00,1.50
2011.09.26 12:03:47.724,0.80001,0.80057,1.50,1.50
2011.09.26 12:03:47.836,0.8,0.80054,2.25,1.50
2011.09.26 12:03:48.204,0.80003,0.80054,2.63,1.50
2011.09.26 12:03:48.314,0.80003,0.80054,2.25,1.50
2011.09.26 12:03:48.424,0.79993,0.80054,3.98,3.75
2011.09.26 12:03:48.534,0.79995,0.80048,1.35,1.13
2011.09.26 12:03:48.960,0.79985,0.80046,3.00,2.25
2011.09.26 12:03:49.079,0.79985,0.80046,2.25,3.00
2011.09.26 12:03:49.198,0.79972,0.80041,1.35,1.35
2011.09.26 12:03:49.425,0.79973,0.80036,3.60,2.25
2011.09.26 12:03:49.849,0.79979,0.80034,2.63,3.00
2011.09.26 12:03:50.173,0.79976,0.80034,1.13,3.38
2011.09.26 12:03:50.283,0.79973,0.80034,1.73,3.38
2011.09.26 12:03:51.147,0.79971,0.80034,4.35,2.63
2011.09.26 12:03:51.290,0.79973,0.80034,1.35,2.63
2011.09.26 12:03:51.624,0.79974,0.80033,3.00,1.50
2011.09.26 12:03:53.062,0.79973,0.80031,1.35,3.00
2011.09.26 12:03:53.173,0.79976,0.80031,1.13,2.25
2011.09.26 12:03:53.595,0.79975,0.80037,1.13,3.00
2011.09.26 12:03:53.704,0.79974,0.80034,3.38,1.13
2011.09.26 12:03:53.814,0.79974,0.8003,1.13,2.25
2011.09.26 12:03:54.076,0.79977,0.80037,2.25,3.00
2011.09.26 12:03:54.354,0.79977,0.80037,3.00,2.25
2011.09.26 12:03:55.239,0.79977,0.80037,3.00,2.25
2011.09.26 12:03:57.984,0.79977,0.80037,3.00,3.00
2011.09.26 12:04:00.226,0.79977,0.80037,3.00,3.00
2011.09.26 12:04:00.576,0.79989,0.80037,2.48,3.00
2011.09.26 12:04:00.684,0.79996,0.80057,3.23,3.00
2011.09.26 12:04:01.044,0.79993,0.8006,3.23,3.75
2011.09.26 12:04:03.195,0.79996,0.8006,1.35,3.75
2011.09.26 12:04:06.070,0.8,0.8006,2.25,1.50
2011.09.26 12:04:06.589,0.8,0.8006,3.00,1.50
2011.09.26 12:04:06.924,0.80012,0.80072,2.25,3.75
2011.09.26 12:04:07.575,0.80008,0.80069,3.60,3.00
2011.09.26 12:04:07.686,0.80008,0.80069,2.85,3.00
2011.09.26 12:04:07.793,0.80008,0.80069,2.85,3.00
2011.09.26 12:04:08.216,0.80002,0.80068,2.48,3.00
2011.09.26 12:04:09.104,0.80002,0.80068,2.48,3.75
2011.09.26 12:04:09.287,0.80002,0.80068,2.48,3.75
2011.09.26 12:04:09.608,0.80002,0.80068,2.48,3.75
2011.09.26 12:04:10.262,0.80002,0.80068,3.23,3.75
2011.09.26 12:04:10.378,0.80002,0.80068,3.23,3.75
2011.09.26 12:04:10.497,0.80019,0.80068,2.25,1.50
2011.09.26 12:04:10.966,0.80023,0.80082,2.25,1.50
2011.09.26 12:04:11.074,0.80017,0.80082,1.73,1.50
2011.09.26 12:04:11.295,0.80016,0.80079,2.25,1.13
2011.09.26 12:04:11.404,0.80008,0.80076,3.60,3.75
2011.09.26 12:04:11.745,0.80015,0.80076,2.25,3.00
2011.09.26 12:04:11.917,0.80015,0.80076,2.25,3.00
2011.09.26 12:04:12.637,0.80015,0.80076,2.25,3.00
2011.09.26 12:04:12.756,0.80021,0.80076,1.73,3.00
2011.09.26 12:04:13.085,0.80031,0.80091,2.25,1.50
2011.09.26 12:04:13.516,0.80026,0.80091,1.13,1.50
2011.09.26 12:04:13.814,0.80022,0.8009,1.73,1.13
2011.09.26 12:04:14.460,0.80017,0.80084,2.48,3.00
2011.09.26 12:04:14.579,0.80015,0.80076,3.00,2.25
2011.09.26 12:04:15.676,0.80016,0.80076,1.13,2.25
2011.09.26 12:04:15.784,0.80016,0.8008,1.13,1.50
2011.09.26 12:04:15.895,0.80016,0.8008,1.13,1.50
2011.09.26 12:04:17.117,0.80016,0.8008,1.13,1.50
2011.09.26 12:04:18.214,0.80015,0.80076,3.00,3.00
2011.09.26 12:04:18.474,0.80016,0.80076,1.13,3.00
2011.09.26 12:04:19.939,0.80016,0.80083,3.00,3.38
2011.09.26 12:04:20.925,0.80015,0.80076,3.00,3.00
2011.09.26 12:04:21.034,0.80015,0.80076,2.25,3.00
2011.09.26 12:04:22.740,0.80015,0.80076,3.00,3.00
2011.09.26 12:04:23.899,0.80015,0.80076,3.00,3.00
2011.09.26 12:04:25.197,0.80015,0.80076,3.00,3.00
2011.09.26 12:04:27.134,0.80008,0.8007,1.13,3.00
2011.09.26 12:04:27.354,0.80015,0.80072,2.25,1.35
2011.09.26 12:04:27.464,0.80015,0.80073,2.25,1.35
2011.09.26 12:04:27.791,0.80015,0.80076,3.00,1.50
2011.09.26 12:04:27.912,0.80015,0.80069,2.63,1.50
2011.09.26 12:04:28.027,0.79997,0.80058,1.73,2.25
2011.09.26 12:04:28.245,0.79997,0.80053,1.35,2.25
2011.09.26 12:04:28.575,0.79987,0.80053,1.13,3.00
2011.09.26 12:04:29.017,0.79991,0.80054,3.00,2.25
2011.09.26 12:04:30.508,0.79991,0.80054,3.00,2.25
2011.09.26 12:04:30.625,0.79986,0.80044,2.10,2.25
2011.09.26 12:04:30.734,0.79986,0.80044,2.48,2.25
2011.09.26 12:04:30.843,0.79986,0.80052,2.48,3.00
2011.09.26 12:04:31.065,0.79986,0.80045,2.10,2.25
2011.09.26 12:04:31.288,0.79992,0.80048,1.13,2.25
2011.09.26 12:04:31.517,0.79993,0.80048,1.13,2.25
2011.09.26 12:04:31.858,0.80002,0.80058,2.48,3.00
2011.09.26 12:04:32.498,0.80004,0.80063,3.23,1.35
2011.09.26 12:04:33.216,0.80008,0.80063,1.35,1.35
2011.09.26 12:04:33.716,0.80006,0.80067,1.35,3.00
2011.09.26 12:04:33.824,0.80015,0.80067,1.13,2.25
2011.09.26 12:04:33.936,0.80015,0.80072,3.38,3.00
2011.09.26 12:04:34.047,0.80022,0.80068,1.13,2.25
2011.09.26 12:04:34.165,0.80023,0.80078,2.63,3.00
2011.09.26 12:04:34.585,0.80024,0.80086,2.25,1.35
2011.09.26 12:04:34.694,0.80024,0.80086,2.63,1.73
2011.09.26 12:04:35.361,0.80022,0.80079,2.63,2.25
2011.09.26 12:04:35.899,0.80023,0.80079,1.13,3.75
2011.09.26 12:04:36.478,0.80023,0.80079,1.13,3.75
2011.09.26 12:04:36.704,0.80023,0.80079,1.13,1.50
2011.09.26 12:04:37.945,0.80024,0.80078,1.13,2.25
2011.09.26 12:04:38.056,0.80023,0.80078,3.38,2.25
2011.09.26 12:04:38.208,0.80023,0.80078,3.38,3.00
2011.09.26 12:04:38.387,0.80023,0.80078,3.38,3.00
2011.09.26 12:04:38.896,0.80023,0.80078,3.00,3.00
2011.09.26 12:04:39.366,0.80021,0.80077,1.35,3.00
2011.09.26 12:04:40.345,0.80023,0.80079,1.13,3.00
2011.09.26 12:04:41.304,0.80023,0.80079,1.13,3.00
2011.09.26 12:04:41.414,0.80023,0.80079,1.13,3.00
2011.09.26 12:04:41.634,0.80023,0.80079,1.13,3.00
2011.09.26 12:04:41.745,0.80022,0.80079,3.00,3.38
2011.09.26 12:04:41.965,0.80023,0.80078,1.13,3.00
2011.09.26 12:04:42.227,0.80033,0.80081,1.50,3.38
2011.09.26 12:04:43.006,0.80035,0.80088,3.98,1.50
2011.09.26 12:04:43.173,0.80035,0.80088,3.98,1.50
2011.09.26 12:04:43.754,0.80038,0.80094,2.85,1.35
2011.09.26 12:04:44.208,0.80034,0.80092,3.23,3.60
2011.09.26 12:04:44.736,0.80034,0.80088,2.25,1.73
2011.09.26 12:04:44.910,0.80028,0.80083,1.88,2.25
2011.09.26 12:04:45.691,0.80027,0.80085,3.00,1.35
2011.09.26 12:04:45.857,0.80027,0.80085,2.63,1.35
2011.09.26 12:04:46.116,0.80028,0.80083,3.00,2.25
2011.09.26 12:04:46.454,0.80032,0.8008,2.63,1.35
2011.09.26 12:04:46.565,0.80017,0.80071,1.13,2.25
2011.09.26 12:04:46.676,0.80017,0.80071,1.13,2.25
2011.09.26 12:04:46.927,0.8002,0.80075,2.25,3.00
2011.09.26 12:04:47.087,0.80017,0.80071,1.13,2.25
2011.09.26 12:04:47.313,0.80021,0.8008,2.63,1.35
2011.09.26 12:04:47.425,0.80021,0.8008,2.63,1.35
2011.09.26 12:04:47.535,0.80017,0.80071,1.13,2.25
2011.09.26 12:04:47.644,0.80016,0.80071,4.35,2.25
2011.09.26 12:04:47.753,0.80021,0.80076,2.63,1.50
2011.09.26 12:04:48.244,0.80023,0.80082,1.35,3.75
2011.09.26 12:04:49.449,0.80028,0.80083,3.23,3.00
2011.09.26 12:04:49.688,0.80028,0.80083,3.23,3.00
2011.09.26 12:04:50.155,0.80028,0.80083,3.23,3.00
2011.09.26 12:04:50.678,0.80029,0.80086,1.13,1.35
2011.09.26 12:04:50.962,0.80029,0.80086,1.13,1.35
2011.09.26 12:04:52.051,0.80029,0.80088,1.73,1.50
2011.09.26 12:04:52.273,0.80027,0.80088,3.23,1.13
2011.09.26 12:04:53.427,0.80027,0.80084,3.23,3.75
2011.09.26 12:04:54.488,0.80027,0.80084,3.23,3.75
2011.09.26 12:04:55.433,0.80027,0.80084,3.98,3.00
2011.09.26 12:04:55.545,0.80027,0.80084,3.23,3.00
2011.09.26 12:04:56.000,0.80028,0.80088,2.10,1.50
2011.09.26 12:04:57.236,0.80028,0.80091,2.10,3.38
2011.09.26 12:04:58.987,0.80033,0.8009,1.13,1.50
2011.09.26 12:04:59.106,0.8003,0.80087,1.73,1.50
2011.09.26 12:04:59.655,0.80025,0.80079,3.00,1.50
2011.09.26 12:04:59.767,0.80025,0.80074,2.25,1.50
2011.09.26 12:04:59.996,0.80013,0.80074,3.00,3.00
2011.09.26 12:05:00.344,0.80013,0.80074,2.25,3.00
2011.09.26 12:05:00.566,0.80012,0.80069,2.85,1.13
2011.09.26 12:05:00.896,0.80008,0.80068,1.13,1.50
2011.09.26 12:05:01.944,0.80009,0.80068,1.13,3.00
2011.09.26 12:05:02.183,0.80009,0.80065,1.13,1.50
2011.09.26 12:05:02.642,0.80009,0.80065,1.13,1.50
2011.09.26 12:05:03.058,0.80012,0.80067,2.63,3.00
2011.09.26 12:05:03.176,0.80012,0.80065,2.63,1.50
2011.09.26 12:05:04.155,0.80012,0.80066,3.38,1.50
2011.09.26 12:05:05.195,0.80012,0.80066,4.13,1.50
2011.09.26 12:05:05.693,0.80012,0.80066,1.13,1.50
2011.09.26 12:05:05.805,0.8001,0.80066,1.13,1.50
2011.09.26 12:05:05.915,0.80008,0.80065,1.13,1.50
2011.09.26 12:05:07.162,0.80008,0.80065,1.50,1.50
2011.09.26 12:05:07.700,0.80012,0.80064,3.00,1.50
2011.09.26 12:05:08.036,0.80006,0.80064,1.88,1.50
2011.09.26 12:05:08.188,0.80006,0.80061,1.50,1.13
2011.09.26 12:05:08.417,0.80002,0.80057,1.50,1.13
2011.09.26 12:05:08.755,0.80001,0.80053,1.35,3.00
2011.09.26 12:05:08.975,0.80001,0.80053,1.35,3.00
2011.09.26 12:05:10.000,0.79994,0.80051,1.35,2.25
2011.09.26 12:05:10.317,0.79994,0.80051,1.35,2.25
2011.09.26 12:05:11.248,0.79994,0.80051,1.35,2.25
2011.09.26 12:05:12.345,0.79994,0.80051,1.35,3.00
2011.09.26 12:05:12.868,0.79997,0.80051,1.13,3.00
2011.09.26 12:05:13.146,0.79997,0.80052,2.63,3.00
2011.09.26 12:05:14.396,0.79998,0.80052,1.13,3.00
2011.09.26 12:05:15.237,0.8,0.80051,1.50,1.50
2011.09.26 12:05:17.282,0.8,0.80051,1.50,1.50
2011.09.26 12:05:17.974,0.79997,0.80049,3.00,1.50
2011.09.26 12:05:18.083,0.79997,0.80049,3.00,1.50
2011.09.26 12:05:18.194,0.79995,0.80048,1.50,3.75
2011.09.26 12:05:18.308,0.79994,0.80048,1.35,3.75
2011.09.26 12:05:18.645,0.79992,0.80041,1.50,1.13
2011.09.26 12:05:18.985,0.79992,0.80043,1.50,1.13
2011.09.26 12:05:19.095,0.79992,0.80041,1.50,1.13
2011.09.26 12:05:19.384,0.79992,0.80042,1.50,1.13
2011.09.26 12:05:20.297,0.79995,0.80042,1.50,1.13
2011.09.26 12:05:21.394,0.79995,0.80044,3.75,1.50
2011.09.26 12:05:21.506,0.79995,0.80042,1.50,1.13
2011.09.26 12:05:26.273,0.79993,0.80041,1.50,1.50
2011.09.26 12:05:27.057,0.79988,0.8004,1.13,1.50
2011.09.26 12:05:27.285,0.79991,0.80042,1.13,1.50
2011.09.26 12:05:27.801,0.7999,0.80042,3.38,1.50
2011.09.26 12:05:27.915,0.7999,0.80042,3.38,1.50
2011.09.26 12:05:28.919,0.7999,0.80042,3.38,1.50
2011.09.26 12:05:29.257,0.79992,0.80044,3.23,1.50
2011.09.26 12:05:29.573,0.79997,0.80049,1.35,1.50
2011.09.26 12:05:29.688,0.79992,0.80049,2.10,1.50
2011.09.26 12:05:30.232,0.79988,0.80049,2.63,1.50
2011.09.26 12:05:30.732,0.79988,0.80045,2.63,1.50
2011.09.26 12:05:30.966,0.79988,0.80045,3.00,1.50
2011.09.26 12:05:31.497,0.79998,0.80044,2.25,1.50
2011.09.26 12:05:31.607,0.79988,0.80048,1.13,1.50
2011.09.26 12:05:32.326,0.79987,0.80048,3.38,1.50
2011.09.26 12:05:32.684,0.79982,0.80046,1.50,1.50
2011.09.26 12:05:33.287,0.79981,0.80041,1.35,3.00
2011.09.26 12:05:34.599,0.79978,0.80037,3.00,1.50
2011.09.26 12:05:36.375,0.79978,0.80035,3.00,1.50
2011.09.26 12:05:37.916,0.79979,0.80035,1.50,1.50
2011.09.26 12:05:38.133,0.79979,0.80039,1.50,1.50
2011.09.26 12:05:38.245,0.79981,0.80039,1.13,1.50
2011.09.26 12:05:38.575,0.79983,0.80038,2.63,3.00
2011.09.26 12:05:39.575,0.79983,0.80038,3.38,2.25
2011.09.26 12:05:39.685,0.79984,0.80038,1.13,2.25
2011.09.26 12:05:39.795,0.79993,0.80045,3.38,1.35
2011.09.26 12:05:39.904,0.79993,0.80045,3.75,1.35
2011.09.26 12:05:40.018,0.80004,0.80052,1.13,1.13
2011.09.26 12:05:40.135,0.80004,0.80053,1.13,1.50
2011.09.26 12:05:40.245,0.80004,0.80052,1.13,1.50
2011.09.26 12:05:40.467,0.80004,0.80055,1.13,1.35
2011.09.26 12:05:40.575,0.80004,0.80058,1.73,3.00
2011.09.26 12:05:40.906,0.80013,0.8006,1.13,1.13
2011.09.26 12:05:41.234,0.80013,0.8006,1.13,1.13
2011.09.26 12:05:42.676,0.80014,0.8006,1.13,1.13
2011.09.26 12:05:43.228,0.80014,0.8006,1.13,1.13
2011.09.26 12:05:44.227,0.80012,0.8006,1.50,1.13
2011.09.26 12:05:45.199,0.8001,0.80053,1.13,1.13
2011.09.26 12:05:45.316,0.80007,0.80053,3.98,1.13
2011.09.26 12:05:45.904,0.80007,0.80053,1.13,1.73
2011.09.26 12:05:46.197,0.80005,0.80053,1.35,2.48
2011.09.26 12:05:49.386,0.80005,0.80053,1.35,2.48
2011.09.26 12:05:51.206,0.80005,0.80053,1.35,2.48
2011.09.26 12:05:55.436,0.80005,0.80053,1.35,2.10
2011.09.26 12:05:55.875,0.80012,0.80059,1.50,1.50
2011.09.26 12:05:55.987,0.80012,0.80056,1.13,1.13
2011.09.26 12:05:58.538,0.80012,0.80056,1.13,1.13
2011.09.26 12:06:01.745,0.80011,0.8006,1.35,4.35
2011.09.26 12:06:01.965,0.80011,0.8006,1.35,1.35
2011.09.26 12:06:02.184,0.80005,0.80058,1.73,3.00
2011.09.26 12:06:02.534,0.8001,0.80063,1.13,3.00
2011.09.26 12:06:02.647,0.80008,0.80064,3.00,2.10
2011.09.26 12:06:02.767,0.80008,0.80059,2.25,1.50
2011.09.26 12:06:02.941,0.80005,0.80059,1.35,1.50
2011.09.26 12:06:03.592,0.8,0.80059,3.98,1.50
2011.09.26 12:06:03.881,0.80003,0.80059,1.35,1.50
2011.09.26 12:06:04.220,0.80008,0.80062,1.13,3.00
2011.09.26 12:06:05.205,0.80008,0.80062,1.50,3.38
2011.09.26 12:06:05.757,0.80007,0.80062,1.88,3.00
2011.09.26 12:06:06.308,0.80007,0.80061,1.13,1.50
2011.09.26 12:06:07.201,0.80007,0.80059,1.13,1.50
2011.09.26 12:06:08.126,0.80007,0.80059,1.13,1.50
2011.09.26 12:06:09.166,0.80007,0.80059,1.13,1.50
2011.09.26 12:06:10.220,0.80007,0.80058,1.88,1.50
2011.09.26 12:06:11.103,0.8001,0.80058,1.50,1.50
2011.09.26 12:06:12.094,0.80007,0.80058,1.13,1.50
2011.09.26 12:06:12.435,0.79999,0.8006,4.35,1.50
2011.09.26 12:06:12.658,0.80001,0.8006,1.50,1.50
2011.09.26 12:06:14.608,0.80008,0.80059,1.13,1.50
2011.09.26 12:06:15.549,0.80011,0.80059,1.50,1.50
2011.09.26 12:06:17.334,0.80012,0.80062,1.50,1.50
2011.09.26 12:06:17.444,0.80011,0.80062,1.13,1.50
2011.09.26 12:06:18.245,0.80011,0.80066,1.13,1.50
2011.09.26 12:06:23.342,0.80014,0.80066,1.13,1.50
2011.09.26 12:06:23.456,0.80015,0.80067,1.13,1.50
2011.09.26 12:06:23.857,0.80006,0.80067,4.50,1.50
2011.09.26 12:06:23.975,0.80006,0.80067,4.13,1.50
2011.09.26 12:06:24.199,0.80006,0.80067,3.38,1.50
2011.09.26 12:06:24.806,0.80006,0.80061,1.13,2.25
2011.09.26 12:06:25.134,0.80008,0.80055,1.13,2.63
2011.09.26 12:06:25.387,0.80006,0.80055,1.50,2.63
2011.09.26 12:06:25.505,0.79998,0.8005,1.35,3.00
2011.09.26 12:06:25.726,0.79997,0.8005,1.35,3.00
2011.09.26 12:06:26.228,0.79997,0.8005,1.35,2.25
2011.09.26 12:06:27.766,0.79997,0.8005,1.35,3.00
2011.09.26 12:06:28.120,0.80001,0.8005,1.50,3.00
2011.09.26 12:06:28.235,0.79998,0.8005,1.73,2.25
2011.09.26 12:06:28.697,0.80002,0.80063,2.85,1.50
2011.09.26 12:06:30.426,0.80001,0.8007,3.00,3.00
2011.09.26 12:06:30.565,0.80001,0.8007,3.00,3.00
2011.09.26 12:06:30.988,0.79991,0.80059,1.50,2.25
2011.09.26 12:06:31.334,0.79991,0.80061,1.50,3.00
2011.09.26 12:06:32.326,0.79991,0.80055,1.50,3.00
2011.09.26 12:06:32.957,0.79993,0.80058,1.13,1.50
2011.09.26 12:06:33.388,0.79997,0.80058,1.13,1.50
2011.09.26 12:06:34.526,0.79996,0.80064,1.50,1.50
2011.09.26 12:06:35.330,0.79998,0.80061,1.13,1.50
2011.09.26 12:06:35.706,0.80004,0.80062,3.00,1.50
2011.09.26 12:06:36.377,0.80004,0.80065,3.00,1.50
2011.09.26 12:06:36.830,0.79999,0.80059,2.25,1.50
2011.09.26 12:06:36.938,0.7999,0.80059,1.35,1.50
2011.09.26 12:06:37.056,0.79997,0.80058,2.25,2.25
2011.09.26 12:06:37.456,0.79997,0.80058,3.00,2.25
2011.09.26 12:06:37.674,0.80008,0.80071,2.25,3.00
2011.09.26 12:06:37.894,0.80005,0.80066,2.25,3.00
2011.09.26 12:06:38.113,0.8,0.80066,1.88,3.00
2011.09.26 12:06:38.695,0.8,0.80066,1.13,3.00
2011.09.26 12:06:39.075,0.79993,0.80055,3.00,3.00
2011.09.26 12:06:39.228,0.79993,0.80055,3.00,3.00
2011.09.26 12:06:40.279,0.79993,0.80055,3.00,3.00
2011.09.26 12:06:41.525,0.79997,0.80053,3.00,1.50
2011.09.26 12:06:41.634,0.79997,0.80052,3.00,1.50
2011.09.26 12:06:41.744,0.79997,0.80053,3.00,1.50
2011.09.26 12:06:41.966,0.79996,0.80052,1.13,1.50
2011.09.26 12:06:42.196,0.79996,0.80053,3.38,1.50
2011.09.26 12:06:43.877,0.79996,0.80055,3.38,1.50
2011.09.26 12:06:44.205,0.79996,0.80055,3.38,1.50
2011.09.26 12:06:49.697,0.79996,0.80054,3.38,1.50
2011.09.26 12:06:50.799,0.80004,0.80056,1.50,1.50
2011.09.26 12:06:51.030,0.80002,0.80058,1.50,1.50
2011.09.26 12:06:51.311,0.80002,0.80053,1.50,1.13
2011.09.26 12:06:51.645,0.80002,0.80051,1.35,3.00
2011.09.26 12:06:51.759,0.80001,0.80051,1.73,3.00
2011.09.26 12:06:52.666,0.80002,0.80055,1.35,3.00
2011.09.26 12:06:53.217,0.80002,0.80055,1.35,2.25
2011.09.26 12:06:53.445,0.80002,0.80055,2.48,3.00
2011.09.26 12:06:53.969,0.80002,0.8005,2.85,2.63
2011.09.26 12:06:54.436,0.80006,0.80053,1.50,2.63
2011.09.26 12:06:54.694,0.8001,0.80057,1.50,2.25
2011.09.26 12:06:55.026,0.8001,0.80058,1.50,2.10
2011.09.26 12:06:55.157,0.8001,0.80058,1.13,2.48
2011.09.26 12:06:55.385,0.80003,0.80058,1.13,2.85
2011.09.26 12:06:55.759,0.80002,0.80049,3.00,1.50
2011.09.26 12:06:55.877,0.80002,0.8005,3.00,1.35
2011.09.26 12:06:56.717,0.8,0.8005,1.50,1.35
2011.09.26 12:06:57.055,0.79997,0.80055,1.88,3.38
2011.09.26 12:06:57.768,0.79999,0.80045,1.13,1.13
2011.09.26 12:06:57.995,0.79999,0.80045,1.13,1.13
2011.09.26 12:06:58.423,0.79994,0.80044,1.50,1.13
2011.09.26 12:06:59.965,0.79993,0.80044,1.13,1.50
2011.09.26 12:07:00.638,0.79991,0.80046,3.00,1.35
2011.09.26 12:07:00.893,0.79992,0.80048,1.50,3.98
2011.09.26 12:07:01.008,0.79994,0.80043,1.13,1.13
2011.09.26 12:07:01.658,0.79995,0.80049,1.35,3.00
2011.09.26 12:07:01.994,0.79997,0.80049,1.50,2.63
2011.09.26 12:07:02.342,0.79997,0.80053,1.13,1.50
2011.09.26 12:07:02.458,0.80001,0.80054,1.13,1.50
2011.09.26 12:07:02.935,0.8,0.80058,1.13,1.35
2011.09.26 12:07:03.138,0.8,0.80058,1.50,1.73
2011.09.26 12:07:03.948,0.8001,0.80056,1.50,1.13
2011.09.26 12:07:04.793,0.8001,0.80056,1.50,1.13
2011.09.26 12:07:06.067,0.8001,0.80056,1.50,1.13
2011.09.26 12:07:07.118,0.80002,0.8006,4.13,1.13
2011.09.26 12:07:07.235,0.80002,0.8006,4.13,1.13
2011.09.26 12:07:07.719,0.80005,0.80053,1.13,1.13
2011.09.26 12:07:08.115,0.79999,0.80054,1.13,1.50
2011.09.26 12:07:08.574,0.79997,0.80057,2.48,3.38
2011.09.26 12:07:09.175,0.79997,0.80057,1.73,4.13
2011.09.26 12:07:10.269,0.79996,0.80054,1.73,1.50
2011.09.26 12:07:10.479,0.79996,0.80053,1.35,1.13
2011.09.26 12:07:11.073,0.79996,0.80049,1.35,2.25
2011.09.26 12:07:12.017,0.79994,0.80049,3.23,3.75
2011.09.26 12:07:14.778,0.79992,0.80049,1.13,1.88
2011.09.26 12:07:15.534,0.79987,0.80043,1.13,2.25
2011.09.26 12:07:15.646,0.79987,0.80043,1.13,2.25
2011.09.26 12:07:15.766,0.79987,0.80043,1.13,3.00
2011.09.26 12:07:16.196,0.79987,0.80043,1.13,3.00
2011.09.26 12:07:16.730,0.79987,0.80043,1.13,3.75
2011.09.26 12:07:16.949,0.79987,0.80043,1.13,3.00
2011.09.26 12:07:17.177,0.79987,0.80041,1.13,1.50
2011.09.26 12:07:18.166,0.79987,0.80043,1.13,3.00
2011.09.26 12:07:18.427,0.79987,0.80041,1.13,1.50
2011.09.26 12:07:20.382,0.79991,0.8004,1.50,1.50
2011.09.26 12:07:21.215,0.79992,0.80043,3.75,1.13
2011.09.26 12:07:23.187,0.79997,0.8004,1.13,1.50
2011.09.26 12:07:23.799,0.8,0.80043,1.13,1.88
2011.09.26 12:07:25.005,0.8,0.80043,1.13,1.88
2011.09.26 12:07:28.288,0.8,0.80043,1.13,1.88
2011.09.26 12:07:28.516,0.79996,0.80047,1.13,3.00
2011.09.26 12:07:30.218,0.79998,0.8005,1.13,1.50
2011.09.26 12:07:30.725,0.8,0.80048,1.13,3.00
2011.09.26 12:07:31.642,0.79997,0.80043,1.13,1.88
2011.09.26 12:07:32.469,0.79996,0.80043,1.13,1.88
2011.09.26 12:07:34.171,0.79992,0.80042,2.25,1.50
2011.09.26 12:07:34.440,0.79996,0.80042,1.13,1.50
2011.09.26 12:07:34.940,0.79992,0.80042,1.50,1.50
2011.09.26 12:07:35.744,0.79992,0.80042,1.50,1.50
2011.09.26 12:07:36.224,0.79992,0.80042,2.25,1.50
2011.09.26 12:07:39.397,0.79992,0.80042,2.25,1.50
2011.09.26 12:07:40.139,0.79996,0.80043,3.00,1.50
2011.09.26 12:07:40.934,0.79996,0.80028,2.25,1.50
2011.09.26 12:07:41.047,0.7999,0.80028,3.23,1.50
2011.09.26 12:07:41.267,0.7998,0.80026,1.50,2.85
2011.09.26 12:07:41.504,0.79964,0.80015,1.35,1.35
2011.09.26 12:07:41.619,0.79961,0.80015,1.35,1.35
2011.09.26 12:07:41.736,0.79961,0.80014,1.35,1.35
2011.09.26 12:07:41.846,0.79956,0.80012,1.35,1.35
2011.09.26 12:07:41.956,0.79957,0.80012,1.13,1.35
2011.09.26 12:07:42.506,0.7996,0.80012,2.63,1.35
2011.09.26 12:07:44.274,0.79961,0.80009,1.13,1.50
2011.09.26 12:07:45.696,0.79961,0.80008,1.13,1.50
2011.09.26 12:07:46.051,0.79961,0.80011,1.88,1.50
2011.09.26 12:07:46.164,0.79961,0.80012,1.88,1.35
2011.09.26 12:07:46.384,0.79961,0.80012,1.88,1.35
2011.09.26 12:07:46.495,0.79961,0.80012,1.88,1.35
2011.09.26 12:07:47.117,0.79964,0.80018,1.13,1.50
2011.09.26 12:07:47.860,0.79967,0.80018,1.13,1.50
2011.09.26 12:07:47.976,0.79967,0.80018,1.13,1.50
2011.09.26 12:07:49.873,0.7997,0.80018,2.63,1.50
2011.09.26 12:07:49.986,0.79975,0.80022,2.25,1.35
2011.09.26 12:07:50.095,0.79972,0.80022,1.13,1.35
2011.09.26 12:07:53.186,0.79972,0.80018,1.13,1.50
2011.09.26 12:07:54.413,0.79972,0.80022,1.13,1.35
2011.09.26 12:07:57.475,0.79971,0.80022,3.00,1.35
2011.09.26 12:07:57.929,0.79969,0.80022,1.13,1.35
2011.09.26 12:07:59.005,0.79969,0.80022,1.13,1.35
2011.09.26 12:08:00.334,0.79969,0.80022,1.13,1.35
2011.09.26 12:08:02.186,0.79969,0.80022,1.13,1.35
2011.09.26 12:08:03.546,0.79971,0.80022,1.13,3.00
2011.09.26 12:08:04.370,0.79971,0.80018,3.38,1.50
2011.09.26 12:08:05.935,0.79971,0.80019,3.38,1.50
2011.09.26 12:08:07.003,0.79971,0.80024,3.38,1.50
2011.09.26 12:08:10.116,0.79971,0.80026,3.38,3.00
2011.09.26 12:08:10.274,0.79971,0.80024,3.38,1.50
2011.09.26 12:08:10.385,0.79971,0.80026,3.38,3.00
2011.09.26 12:08:10.667,0.79971,0.80026,4.13,3.00
2011.09.26 12:08:10.887,0.79976,0.80029,1.13,1.50
2011.09.26 12:08:11.114,0.79976,0.8003,1.13,3.00
2011.09.26 12:08:11.908,0.79976,0.80028,1.13,1.50
2011.09.26 12:08:15.390,0.79976,0.80028,1.13,1.50
2011.09.26 12:08:16.977,0.79978,0.8003,1.35,3.00
2011.09.26 12:08:17.370,0.79978,0.80029,1.35,1.50
2011.09.26 12:08:18.176,0.79978,0.8003,1.35,3.00
2011.09.26 12:08:18.676,0.79984,0.8003,1.13,2.63
2011.09.26 12:08:18.785,0.79982,0.8003,1.13,2.63
2011.09.26 12:08:18.895,0.79987,0.80031,2.10,3.38
2011.09.26 12:08:19.115,0.79991,0.80043,3.23,1.50
2011.09.26 12:08:19.228,0.79995,0.80046,1.50,2.10
2011.09.26 12:08:19.456,0.79997,0.80046,3.00,2.10
2011.09.26 12:08:19.677,0.79997,0.80046,2.63,2.10
2011.09.26 12:08:20.217,0.79997,0.80046,2.63,2.10
2011.09.26 12:08:22.219,0.79997,0.80046,3.38,1.35
2011.09.26 12:08:23.276,0.79997,0.80046,3.38,1.35
2011.09.26 12:08:23.386,0.79997,0.80046,2.25,1.35
2011.09.26 12:08:23.834,0.79994,0.80043,2.63,1.50
2011.09.26 12:08:26.178,0.79995,0.80043,1.13,1.50
2011.09.26 12:08:27.278,0.79995,0.80042,1.13,1.50
2011.09.26 12:08:27.505,0.79994,0.80044,2.25,1.50
2011.09.26 12:08:27.823,0.79991,0.80044,2.10,1.50
2011.09.26 12:08:28.037,0.79991,0.80046,1.35,2.10
2011.09.26 12:08:29.133,0.79992,0.80046,1.35,2.10
2011.09.26 12:08:30.388,0.79987,0.80043,3.00,1.50
2011.09.26 12:08:30.507,0.79994,0.80044,2.63,1.50
2011.09.26 12:08:31.335,0.79994,0.80044,2.63,1.50
2011.09.26 12:08:32.258,0.79995,0.80044,1.13,1.50
2011.09.26 12:08:33.200,0.79995,0.8004,1.13,1.50
2011.09.26 12:08:34.098,0.79995,0.80043,1.13,1.50
2011.09.26 12:08:36.940,0.79995,0.80043,1.13,1.50
2011.09.26 12:08:37.379,0.79996,0.80044,1.13,1.50
2011.09.26 12:08:37.754,0.79995,0.80044,1.13,1.50
2011.09.26 12:08:37.865,0.79995,0.80044,1.13,1.50
2011.09.26 12:08:38.505,0.79997,0.80044,1.13,1.50
2011.09.26 12:08:39.116,0.79996,0.80047,1.13,1.50
2011.09.26 12:08:39.550,0.80002,0.80051,1.13,1.50
2011.09.26 12:08:40.559,0.80002,0.80051,1.13,1.50
2011.09.26 12:08:41.218,0.80002,0.80051,1.13,1.50
2011.09.26 12:08:41.380,0.80002,0.80051,1.13,1.50
2011.09.26 12:08:43.249,0.80001,0.80051,3.38,1.50
2011.09.26 12:08:47.226,0.80002,0.80053,1.13,1.50
2011.09.26 12:08:47.557,0.80005,0.80053,2.25,1.50
2011.09.26 12:08:47.665,0.80002,0.80053,1.13,1.50
2011.09.26 12:08:47.777,0.80002,0.80053,1.13,1.50
2011.09.26 12:08:49.747,0.79998,0.8005,1.13,1.50
2011.09.26 12:08:49.865,0.79998,0.80047,1.13,1.50
2011.09.26 12:08:49.977,0.79995,0.80049,3.38,1.50
2011.09.26 12:08:50.295,0.79994,0.80047,3.23,1.50
2011.09.26 12:08:51.274,0.79994,0.80044,3.23,1.50
2011.09.26 12:08:51.891,0.79994,0.80042,3.23,1.50
2011.09.26 12:08:55.444,0.79994,0.80042,3.23,1.50
2011.09.26 12:08:56.418,0.79995,0.80042,1.13,1.50
2011.09.26 12:08:56.967,0.79994,0.80042,3.23,1.50
2011.09.26 12:08:58.767,0.79995,0.80042,1.13,1.50
2011.09.26 12:08:59.088,0.79994,0.80042,3.23,1.50
2011.09.26 12:08:59.389,0.79995,0.80042,1.13,1.50
2011.09.26 12:09:00.711,0.79994,0.80041,3.23,1.50
2011.09.26 12:09:01.090,0.79995,0.80041,1.13,1.50
2011.09.26 12:09:01.205,0.79994,0.80041,3.23,1.50
2011.09.26 12:09:03.896,0.79994,0.80041,4.35,1.50
2011.09.26 12:09:04.005,0.79998,0.80045,1.13,1.50
2011.09.26 12:09:04.116,0.79998,0.80045,1.50,1.50
2011.09.26 12:09:04.246,0.79998,0.80045,1.50,1.50
2011.09.26 12:09:04.846,0.80003,0.80048,2.63,1.50
2011.09.26 12:09:05.154,0.80003,0.80048,2.63,1.50
2011.09.26 12:09:05.269,0.80003,0.80048,2.25,1.50
2011.09.26 12:09:05.677,0.80002,0.80048,2.63,1.50
2011.09.26 12:09:05.784,0.80002,0.80048,3.00,1.50
2011.09.26 12:09:06.301,0.80004,0.80051,1.13,1.50
2011.09.26 12:09:06.791,0.80004,0.80051,1.13,1.50
2011.09.26 12:09:07.232,0.80004,0.80051,1.13,1.50
2011.09.26 12:09:07.436,0.80003,0.80051,3.00,1.50
2011.09.26 12:09:07.655,0.79996,0.8005,1.13,1.50
2011.09.26 12:09:08.168,0.79996,0.8005,1.13,1.50
2011.09.26 12:09:08.664,0.79996,0.8005,1.13,1.50
2011.09.26 12:09:08.986,0.80001,0.8005,2.25,1.50
2011.09.26 12:09:09.536,0.80001,0.8005,2.25,1.50
2011.09.26 12:09:10.050,0.79994,0.80049,3.00,1.50
2011.09.26 12:09:10.277,0.79994,0.80049,2.25,1.50
2011.09.26 12:09:10.523,0.79987,0.80049,1.35,3.75
2011.09.26 12:09:10.639,0.79986,0.80044,4.35,1.50
2011.09.26 12:09:11.178,0.79986,0.80044,4.73,1.50
2011.09.26 12:09:11.295,0.7999,0.80044,2.25,1.50
2011.09.26 12:09:11.619,0.7999,0.80044,3.00,1.50
2011.09.26 12:09:11.956,0.79998,0.80048,3.00,1.50
2011.09.26 12:09:13.815,0.79988,0.80045,1.50,1.50
2011.09.26 12:09:13.926,0.79994,0.80045,2.63,1.50
2011.09.26 12:09:14.144,0.79994,0.80049,3.38,3.75
2011.09.26 12:09:14.565,0.80002,0.80049,2.25,1.50
2011.09.26 12:09:15.369,0.80003,0.80052,1.13,1.50
2011.09.26 12:09:15.596,0.79996,0.80053,1.50,1.50
2011.09.26 12:09:15.705,0.79994,0.80053,3.00,1.50
2011.09.26 12:09:16.844,0.79994,0.80051,3.00,1.50
2011.09.26 12:09:17.064,0.79994,0.80053,3.38,1.88
2011.09.26 12:09:17.175,0.79994,0.80049,3.38,2.25
2011.09.26 12:09:18.158,0.79995,0.80049,1.13,3.00
2011.09.26 12:09:18.613,0.79997,0.80048,1.50,1.50
2011.09.26 12:09:21.435,0.79996,0.80045,1.50,1.50
2011.09.26 12:09:34.439,0.80001,0.80045,1.13,1.50
2011.09.26 12:09:34.847,0.80001,0.80046,2.10,1.50
2011.09.26 12:09:35.178,0.80006,0.80051,1.50,1.50
2011.09.26 12:09:35.296,0.80006,0.80051,2.25,1.50
2011.09.26 12:09:35.705,0.80009,0.80051,1.35,1.50
2011.09.26 12:09:36.488,0.8001,0.80053,2.63,1.13
2011.09.26 12:09:36.917,0.80003,0.80049,1.13,1.35
2011.09.26 12:09:37.035,0.80003,0.80049,1.13,1.73
2011.09.26 12:09:38.349,0.80001,0.80048,1.50,1.50
2011.09.26 12:09:39.767,0.80001,0.80049,2.25,1.50
2011.09.26 12:09:39.984,0.80002,0.80049,3.75,1.50
2011.09.26 12:09:41.748,0.80002,0.80049,4.50,1.50
2011.09.26 12:09:43.839,0.80011,0.80049,1.13,1.50
2011.09.26 12:09:45.185,0.80008,0.80049,1.13,1.88
2011.09.26 12:09:45.425,0.80004,0.80045,1.13,1.13
2011.09.26 12:09:45.597,0.80002,0.80045,1.13,1.13
2011.09.26 12:09:46.696,0.80002,0.80045,1.13,1.13
2011.09.26 12:09:48.242,0.79997,0.80042,1.50,1.50
2011.09.26 12:09:48.574,0.8,0.80045,2.10,1.50
2011.09.26 12:09:48.975,0.8,0.80045,2.10,1.50
2011.09.26 12:09:49.361,0.80004,0.80048,1.13,1.13
2011.09.26 12:09:49.715,0.79997,0.80043,3.23,1.88
2011.09.26 12:09:50.221,0.79996,0.80043,1.73,1.13
2011.09.26 12:09:50.408,0.79999,0.80044,1.35,1.50
2011.09.26 12:09:51.026,0.79999,0.80047,1.35,1.13
2011.09.26 12:09:51.138,0.79992,0.80039,3.75,1.50
2011.09.26 12:09:51.257,0.7999,0.80039,1.35,3.00
2011.09.26 12:09:51.365,0.79985,0.80043,2.10,1.50
2011.09.26 12:09:51.945,0.79985,0.80044,2.10,1.50
2011.09.26 12:09:52.056,0.7998,0.80044,1.13,1.50
2011.09.26 12:09:53.272,0.79981,0.80038,1.13,1.50
2011.09.26 12:09:54.389,0.79981,0.80038,1.13,1.50
2011.09.26 12:09:55.127,0.79981,0.80039,1.13,1.50
2011.09.26 12:09:57.041,0.79981,0.80039,1.13,1.50
2011.09.26 12:09:57.729,0.79978,0.80038,3.00,1.50
2011.09.26 12:09:58.159,0.79978,0.80041,3.00,3.00
2011.09.26 12:09:58.275,0.79978,0.80038,2.25,1.50
2011.09.26 12:09:59.711,0.79978,0.80039,3.00,1.50
2011.09.26 12:10:00.208,0.79978,0.80039,3.00,1.50
2011.09.26 12:10:00.604,0.79968,0.80028,1.13,2.25
2011.09.26 12:10:00.987,0.79972,0.80032,1.13,3.00
2011.09.26 12:10:01.216,0.79972,0.80029,3.00,1.50
2011.09.26 12:10:01.767,0.79979,0.80036,2.25,1.50
2011.09.26 12:10:02.447,0.79979,0.80039,2.25,1.50
2011.09.26 12:10:02.554,0.7998,0.80039,2.63,1.50
2011.09.26 12:10:02.666,0.7998,0.80041,2.63,1.50
2011.09.26 12:10:04.955,0.79981,0.80039,1.13,1.50
2011.09.26 12:10:06.367,0.79981,0.80038,1.13,1.50
2011.09.26 12:10:07.917,0.79981,0.80038,1.13,1.50
2011.09.26 12:10:09.476,0.79981,0.80038,1.13,1.50
2011.09.26 12:10:13.668,0.79981,0.80039,1.88,1.50
2011.09.26 12:10:16.786,0.79985,0.8004,1.50,1.50
2011.09.26 12:10:17.005,0.79988,0.80048,2.63,1.50
2011.09.26 12:10:17.417,0.79988,0.80045,2.63,1.50
2011.09.26 12:10:18.170,0.79988,0.80048,2.63,1.50
2011.09.26 12:10:18.823,0.79989,0.80048,1.13,1.50
2011.09.26 12:10:20.367,0.79989,0.80048,1.88,1.50
2011.09.26 12:10:21.453,0.79989,0.80048,1.13,1.50
2011.09.26 12:10:21.945,0.79992,0.80049,1.13,1.50
2011.09.26 12:10:22.660,0.79994,0.80052,3.00,1.50
2011.09.26 12:10:23.879,0.79994,0.80049,2.25,1.50
2011.09.26 12:10:25.678,0.79994,0.80049,3.00,1.50
2011.09.26 12:10:26.951,0.79994,0.80052,2.25,1.50
2011.09.26 12:10:27.239,0.79994,0.80054,2.25,1.50
2011.09.26 12:10:27.506,0.79991,0.80049,3.75,1.50
2011.09.26 12:10:31.582,0.79988,0.80049,1.50,3.75
2011.09.26 12:10:32.626,0.79988,0.80044,1.50,1.50
2011.09.26 12:10:38.145,0.79989,0.80048,1.50,1.50
2011.09.26 12:10:39.547,0.79988,0.80049,4.13,1.50
2011.09.26 12:10:39.966,0.79988,0.80048,1.50,2.25
2011.09.26 12:10:40.119,0.79988,0.80048,1.50,2.25
2011.09.26 12:10:40.235,0.79987,0.80048,3.00,3.00
2011.09.26 12:10:40.705,0.79985,0.80047,1.50,3.00
2011.09.26 12:10:41.664,0.79985,0.80047,1.50,3.00
2011.09.26 12:10:43.670,0.79986,0.80049,3.00,3.00
2011.09.26 12:10:43.868,0.79986,0.80045,3.00,1.50
2011.09.26 12:10:44.869,0.79983,0.80045,1.50,3.00
2011.09.26 12:10:45.256,0.79987,0.80042,3.38,2.25
2011.09.26 12:10:45.366,0.79992,0.80047,3.00,3.38
2011.09.26 12:10:45.478,0.79993,0.80044,1.50,1.13
2011.09.26 12:10:47.146,0.8,0.80047,1.50,3.38
2011.09.26 12:10:47.587,0.80001,0.80051,1.50,1.73
2011.09.26 12:10:50.148,0.80002,0.80047,1.50,1.13
2011.09.26 12:10:50.592,0.80002,0.80048,1.50,1.50
2011.09.26 12:10:50.706,0.80002,0.80048,1.50,1.50
2011.09.26 12:10:50.911,0.80002,0.80048,1.13,1.88
2011.09.26 12:10:51.195,0.80006,0.80048,1.13,1.13
2011.09.26 12:10:52.416,0.80006,0.80048,1.13,1.13
2011.09.26 12:10:54.040,0.80006,0.80048,1.13,1.13
2011.09.26 12:10:54.157,0.80003,0.80044,1.13,1.13
2011.09.26 12:10:54.377,0.80001,0.80044,1.13,1.13
2011.09.26 12:10:54.633,0.79998,0.80044,1.13,1.13
2011.09.26 12:10:54.845,0.80004,0.80051,1.13,1.13
2011.09.26 12:10:56.265,0.80006,0.80051,1.13,1.13
2011.09.26 12:10:57.147,0.80008,0.80051,1.13,1.13
2011.09.26 12:11:00.267,0.80007,0.80048,1.13,1.50
2011.09.26 12:11:02.119,0.80007,0.80048,1.13,1.50
2011.09.26 12:11:03.197,0.80002,0.80041,1.13,1.35
2011.09.26 12:11:03.547,0.80002,0.80045,1.13,1.50
2011.09.26 12:11:06.391,0.80002,0.80043,1.13,1.50
2011.09.26 12:11:09.026,0.80002,0.80043,1.13,1.50
2011.09.26 12:11:10.596,0.79999,0.80043,1.13,1.88
2011.09.26 12:11:10.970,0.79997,0.80043,1.13,1.88
2011.09.26 12:11:11.666,0.79996,0.80042,1.13,1.13
2011.09.26 12:11:12.079,0.79994,0.80041,1.13,1.13
2011.09.26 12:11:12.416,0.7999,0.80036,1.13,1.13
2011.09.26 12:11:12.527,0.79987,0.80038,1.13,3.00
2011.09.26 12:11:12.647,0.80003,0.80038,2.10,2.25
2011.09.26 12:11:12.976,0.80009,0.80053,1.73,1.13
2011.09.26 12:11:13.085,0.80007,0.80051,1.73,1.13
2011.09.26 12:11:13.196,0.80007,0.80051,1.35,1.13
2011.09.26 12:11:13.307,0.80004,0.80051,1.13,1.13
2011.09.26 12:11:13.617,0.80007,0.80051,1.13,1.13
2011.09.26 12:11:14.829,0.80007,0.80051,1.13,1.88
2011.09.26 12:11:15.806,0.80006,0.80051,1.13,1.88
2011.09.26 12:11:16.208,0.80006,0.80051,1.13,1.13
2011.09.26 12:11:16.805,0.80006,0.80051,1.13,1.88
2011.09.26 12:11:16.916,0.80007,0.80051,1.13,1.13
2011.09.26 12:11:17.276,0.80006,0.80051,1.13,1.88
2011.09.26 12:11:20.195,0.80008,0.80051,1.13,1.88
2011.09.26 12:11:21.217,0.80007,0.80051,1.13,1.88
2011.09.26 12:11:21.953,0.80006,0.80051,1.50,1.50
2011.09.26 12:11:22.286,0.80003,0.80054,3.38,1.50
2011.09.26 12:11:22.706,0.79998,0.80052,1.35,1.50
2011.09.26 12:11:24.240,0.79996,0.80052,1.35,1.50
2011.09.26 12:11:24.852,0.79995,0.80052,3.60,1.50
2011.09.26 12:11:24.968,0.79995,0.80052,3.75,1.50
2011.09.26 12:11:26.288,0.79995,0.80052,3.75,1.50
2011.09.26 12:11:30.006,0.79995,0.80048,3.00,1.50
2011.09.26 12:11:30.228,0.79992,0.80048,1.13,1.50
2011.09.26 12:11:30.335,0.79995,0.80048,2.25,1.50
2011.09.26 12:11:30.444,0.79995,0.80048,3.00,1.50
2011.09.26 12:11:30.665,0.79989,0.80048,1.88,1.50
2011.09.26 12:11:31.006,0.79989,0.80046,1.88,1.50
2011.09.26 12:11:33.817,0.79989,0.80051,1.13,1.50
2011.09.26 12:11:34.688,0.79989,0.80051,1.13,1.50
2011.09.26 12:11:37.557,0.79996,0.80053,1.13,1.50
2011.09.26 12:11:37.976,0.79996,0.80053,1.88,1.50
2011.09.26 12:11:38.196,0.79995,0.80049,3.75,1.50
2011.09.26 12:11:38.666,0.79995,0.80048,1.13,1.50
2011.09.26 12:11:39.616,0.7999,0.80048,3.00,1.50
2011.09.26 12:11:40.232,0.7999,0.80049,2.25,1.50
2011.09.26 12:11:40.347,0.7999,0.80054,3.00,1.50
2011.09.26 12:11:40.457,0.7999,0.80048,3.00,1.50
2011.09.26 12:11:40.566,0.7999,0.80054,3.00,1.50
2011.09.26 12:11:40.767,0.7999,0.80048,3.00,1.50
2011.09.26 12:11:41.320,0.7999,0.80049,3.00,1.50
2011.09.26 12:11:42.318,0.7999,0.80049,2.25,1.50
2011.09.26 12:11:43.068,0.7999,0.80049,2.63,1.50
2011.09.26 12:11:43.184,0.7999,0.8005,3.38,1.50
2011.09.26 12:11:43.405,0.79994,0.80058,2.25,1.50
2011.09.26 12:11:43.734,0.79994,0.80064,2.63,1.50
2011.09.26 12:11:44.726,0.79995,0.80064,2.25,1.50
2011.09.26 12:11:45.025,0.79995,0.80064,3.00,1.50
2011.09.26 12:11:46.239,0.79995,0.80061,3.00,1.50
2011.09.26 12:11:47.256,0.79995,0.80064,3.75,1.50
2011.09.26 12:11:47.789,0.79996,0.80064,1.50,1.50
2011.09.26 12:11:48.349,0.79993,0.80059,3.38,1.50
2011.09.26 12:11:48.660,0.79996,0.80059,1.50,1.50
2011.09.26 12:11:49.028,0.80004,0.80059,2.63,1.50
2011.09.26 12:11:49.406,0.80002,0.80058,2.63,1.50
2011.09.26 12:11:50.237,0.80005,0.80059,1.13,1.50
2011.09.26 12:11:50.349,0.80005,0.80059,1.13,1.50
2011.09.26 12:11:50.919,0.80001,0.80061,2.85,1.50
2011.09.26 12:11:51.261,0.8,0.80061,2.25,1.50
2011.09.26 12:11:51.377,0.79998,0.80054,2.25,3.00
2011.09.26 12:11:51.630,0.79998,0.80054,2.25,4.13
2011.09.26 12:11:52.179,0.79996,0.80054,1.50,3.38
2011.09.26 12:11:52.517,0.80001,0.80054,1.13,3.00
2011.09.26 12:11:52.929,0.80007,0.80056,2.25,1.13
2011.09.26 12:11:53.047,0.80007,0.80056,2.25,1.88
2011.09.26 12:11:53.157,0.79998,0.80054,4.13,3.00
2011.09.26 12:11:53.615,0.80009,0.80064,2.25,3.75
2011.09.26 12:11:53.727,0.80005,0.8006,3.38,3.00
2011.09.26 12:11:54.230,0.80005,0.80059,4.13,1.50
2011.09.26 12:11:54.502,0.80005,0.80059,3.38,1.50
2011.09.26 12:11:54.835,0.80004,0.80055,3.38,1.50
2011.09.26 12:11:54.947,0.80005,0.80059,1.13,1.50
2011.09.26 12:11:56.248,0.80005,0.80055,1.13,1.50
2011.09.26 12:11:58.669,0.80006,0.80057,1.50,1.50
2011.09.26 12:12:11.656,0.80006,0.80058,1.50,1.50
2011.09.26 12:12:12.368,0.80003,0.80047,1.13,1.13
2011.09.26 12:12:12.716,0.8,0.80045,1.50,2.48
2011.09.26 12:12:12.827,0.79998,0.80043,1.88,1.73
2011.09.26 12:12:13.898,0.79998,0.80041,1.13,1.73
2011.09.26 12:12:15.457,0.79997,0.8004,1.13,1.88
2011.09.26 12:12:15.568,0.79997,0.8004,1.13,1.50
2011.09.26 12:12:15.688,0.79997,0.8004,1.50,1.50
2011.09.26 12:12:16.247,0.80001,0.80038,1.13,1.35
2011.09.26 12:12:16.581,0.79991,0.80038,3.00,2.10
2011.09.26 12:12:16.698,0.79987,0.80038,1.13,1.35
2011.09.26 12:12:17.926,0.79987,0.80038,1.13,1.35
2011.09.26 12:12:18.226,0.79987,0.80037,1.13,1.50
2011.09.26 12:12:19.709,0.79988,0.80038,1.50,1.35
2011.09.26 12:12:21.688,0.79987,0.80037,1.13,1.50
2011.09.26 12:12:22.172,0.79988,0.80038,1.50,2.10
2011.09.26 12:12:24.368,0.79988,0.80037,1.50,1.50
2011.09.26 12:12:25.356,0.79989,0.80038,1.50,2.10
2011.09.26 12:12:25.724,0.79989,0.80038,1.13,1.50
2011.09.26 12:12:26.276,0.79991,0.80044,1.13,2.10
2011.09.26 12:12:27.815,0.79991,0.80041,1.13,1.50
2011.09.26 12:12:30.941,0.79991,0.80042,2.48,1.50
2011.09.26 12:12:31.275,0.79995,0.80042,1.13,1.50
2011.09.26 12:12:31.498,0.79992,0.80038,2.85,1.50
2011.09.26 12:12:32.036,0.79979,0.80038,1.13,1.50
2011.09.26 12:12:32.145,0.7998,0.80038,1.13,1.50
2011.09.26 12:12:32.786,0.7998,0.80038,1.13,1.50
2011.09.26 12:12:33.674,0.79981,0.80038,1.13,1.50
2011.09.26 12:12:33.915,0.79982,0.80038,1.50,1.50
2011.09.26 12:12:34.110,0.79979,0.80038,3.38,1.50
2011.09.26 12:12:34.338,0.79977,0.80034,1.35,1.50
2011.09.26 12:12:34.849,0.79972,0.80034,1.35,1.50
2011.09.26 12:12:34.974,0.7997,0.80033,3.00,1.13
2011.09.26 12:12:35.195,0.7997,0.80033,2.25,1.13
2011.09.26 12:12:35.757,0.79968,0.80035,2.63,3.60
2011.09.26 12:12:36.080,0.79964,0.8003,3.38,3.00
2011.09.26 12:12:36.718,0.79964,0.80029,3.38,1.50
2011.09.26 12:12:36.835,0.79964,0.80028,3.38,1.50
2011.09.26 12:12:38.051,0.79964,0.80026,3.38,1.50
2011.09.26 12:12:38.896,0.79964,0.80026,4.13,1.50
2011.09.26 12:12:39.196,0.79966,0.80026,1.50,1.50
2011.09.26 12:12:39.660,0.79971,0.80028,2.63,1.50
2011.09.26 12:12:40.642,0.79971,0.80029,1.13,1.50
2011.09.26 12:12:41.297,0.79965,0.80024,1.13,1.50
2011.09.26 12:12:42.324,0.79965,0.80024,1.13,1.50
2011.09.26 12:12:42.797,0.79968,0.80024,1.13,1.50
2011.09.26 12:12:43.241,0.79969,0.80027,1.13,1.50
2011.09.26 12:12:43.738,0.79969,0.80027,1.13,1.50
2011.09.26 12:12:44.238,0.79969,0.80027,1.13,1.50
2011.09.26 12:12:44.948,0.79969,0.80025,1.13,1.50
2011.09.26 12:12:46.592,0.79967,0.80025,3.38,1.50
2011.09.26 12:12:46.706,0.79967,0.80025,3.00,1.50
2011.09.26 12:12:46.815,0.79967,0.80025,3.00,1.50
2011.09.26 12:12:47.156,0.79964,0.80019,3.38,1.50
2011.09.26 12:12:47.375,0.79965,0.80023,1.50,1.50
2011.09.26 12:12:47.968,0.79963,0.80019,1.35,1.50
2011.09.26 12:12:49.227,0.79963,0.80024,1.35,1.50
2011.09.26 12:12:49.409,0.79961,0.80019,2.48,1.50
2011.09.26 12:12:50.220,0.79963,0.80024,1.35,1.50
2011.09.26 12:12:50.335,0.79963,0.80024,1.35,1.50
2011.09.26 12:12:50.448,0.79964,0.80024,1.50,1.50
2011.09.26 12:12:50.888,0.79963,0.80024,1.35,1.50
2011.09.26 12:12:51.495,0.79961,0.80021,1.13,1.50
2011.09.26 12:12:52.436,0.79961,0.80022,1.13,1.50
2011.09.26 12:12:55.646,0.79966,0.80023,2.25,1.50
2011.09.26 12:12:55.876,0.79974,0.80028,1.13,3.00
2011.09.26 12:12:55.989,0.79974,0.80028,1.13,1.50
2011.09.26 12:12:58.219,0.79974,0.80026,1.13,1.50
2011.09.26 12:12:59.499,0.79974,0.80026,1.13,1.50
2011.09.26 12:13:01.356,0.79978,0.80026,1.50,1.50
2011.09.26 12:13:02.230,0.79982,0.80024,1.13,1.50
2011.09.26 12:13:03.127,0.79977,0.80024,2.25,1.50
2011.09.26 12:13:06.116,0.79981,0.80027,1.50,1.88
2011.09.26 12:13:06.448,0.79986,0.80034,1.50,1.50
2011.09.26 12:13:06.555,0.79986,0.80034,1.50,1.50
2011.09.26 12:13:06.987,0.79982,0.80031,1.73,1.50
2011.09.26 12:13:07.205,0.79988,0.80032,1.13,1.13
2011.09.26 12:13:07.429,0.7998,0.80029,1.35,1.50
2011.09.26 12:13:07.549,0.79988,0.80035,1.50,1.13
2011.09.26 12:13:07.668,0.79983,0.80029,3.38,1.13
2011.09.26 12:13:07.896,0.79983,0.80029,1.13,1.13
2011.09.26 12:13:08.691,0.79978,0.80026,2.10,1.13
2011.09.26 12:13:09.128,0.79978,0.80028,1.35,1.13
2011.09.26 12:13:09.245,0.79972,0.80025,3.00,1.35
2011.09.26 12:13:09.470,0.7997,0.80024,1.73,1.35
2011.09.26 12:13:09.695,0.79966,0.80023,1.35,1.35
2011.09.26 12:13:09.897,0.79965,0.80025,1.50,3.60
2011.09.26 12:13:10.527,0.79966,0.80024,1.50,1.50
2011.09.26 12:13:12.207,0.79961,0.80019,1.50,1.50
2011.09.26 12:13:13.398,0.79966,0.80018,1.50,1.50
2011.09.26 12:13:13.735,0.79963,0.80013,1.13,1.50
2011.09.26 12:13:13.846,0.79963,0.80012,1.13,3.75
2011.09.26 12:13:14.898,0.79962,0.80005,1.13,1.13
2011.09.26 12:13:15.549,0.79963,0.80008,1.13,1.73
2011.09.26 12:13:16.096,0.79962,0.80005,1.13,1.13
2011.09.26 12:13:16.212,0.7996,0.80003,1.50,1.13
2011.09.26 12:13:16.545,0.79959,0.80004,1.13,1.13
2011.09.26 12:13:16.657,0.7996,0.80004,1.13,1.13
2011.09.26 12:13:17.526,0.7996,0.80004,1.13,1.13
2011.09.26 12:13:19.050,0.79961,0.80004,1.13,1.13
2011.09.26 12:13:19.258,0.79958,0.80004,1.50,1.13
2011.09.26 12:13:19.548,0.79961,0.80004,1.13,1.13
2011.09.26 12:13:19.731,0.7996,0.80004,1.13,1.13
2011.09.26 12:13:21.084,0.79957,0.80003,1.88,1.88
2011.09.26 12:13:21.468,0.79953,0.79994,1.13,1.35
2011.09.26 12:13:21.785,0.79947,0.79994,1.50,1.35
2011.09.26 12:13:21.897,0.79944,0.79995,1.35,2.85
2011.09.26 12:13:22.116,0.79934,0.79994,1.35,3.00
2011.09.26 12:13:22.496,0.79933,0.79993,1.35,1.50
2011.09.26 12:13:23.205,0.79934,0.79994,1.35,1.50
2011.09.26 12:13:23.840,0.79942,0.79998,1.50,3.75
2011.09.26 12:13:24.592,0.79946,0.79994,1.13,1.88
2011.09.26 12:13:25.358,0.7995,0.79994,1.13,1.13
2011.09.26 12:13:25.696,0.79954,0.80004,3.00,1.50
2011.09.26 12:13:25.805,0.79954,0.80003,2.63,1.50
2011.09.26 12:13:26.268,0.79951,0.79999,1.88,3.00
2011.09.26 12:13:28.596,0.79951,0.79994,1.88,1.13
2011.09.26 12:13:29.779,0.79951,0.79994,1.88,1.73
2011.09.26 12:13:31.184,0.79947,0.79995,1.13,2.85
2011.09.26 12:13:34.162,0.79951,0.79994,1.13,1.35
2011.09.26 12:13:34.278,0.79951,0.79995,1.88,1.13
2011.09.26 12:13:34.565,0.79947,0.79993,1.73,1.13
2011.09.26 12:13:35.081,0.79952,0.79994,1.13,1.13
2011.09.26 12:13:35.680,0.79951,0.79993,1.50,1.73
2011.09.26 12:13:36.026,0.79948,0.79995,1.13,1.35
2011.09.26 12:13:36.406,0.79946,0.79992,1.35,1.35
2011.09.26 12:13:37.096,0.79944,0.79992,1.13,2.85
2011.09.26 12:13:37.571,0.79943,0.79988,1.50,1.35
2011.09.26 12:13:37.920,0.79941,0.79988,1.50,1.35
2011.09.26 12:13:38.255,0.79943,0.7999,1.13,1.35
2011.09.26 12:13:38.365,0.79943,0.79992,1.13,2.48
2011.09.26 12:13:38.854,0.79938,0.79987,1.73,1.50
2011.09.26 12:13:38.976,0.79942,0.79987,1.13,1.13
2011.09.26 12:13:40.278,0.79944,0.79988,1.13,1.73
2011.09.26 12:13:41.657,0.79941,0.79985,1.88,1.13
2011.09.26 12:13:41.766,0.7994,0.79984,1.73,1.13
2011.09.26 12:13:42.618,0.7994,0.79982,1.35,1.13
2011.09.26 12:13:42.735,0.79941,0.79988,1.13,2.85
2011.09.26 12:13:44.137,0.7994,0.79988,1.35,2.85
2011.09.26 12:13:44.577,0.7994,0.79986,1.35,1.50
2011.09.26 12:13:44.689,0.7994,0.79986,1.73,1.50
2011.09.26 12:13:45.676,0.79942,0.79988,1.13,2.48
2011.09.26 12:13:45.967,0.79942,0.79987,1.13,1.13
2011.09.26 12:13:46.066,0.79942,0.79989,1.13,1.73
2011.09.26 12:13:46.175,0.79941,0.79989,1.88,2.10
2011.09.26 12:13:46.475,0.79941,0.79988,1.13,2.10
2011.09.26 12:13:47.075,0.79942,0.79988,1.13,2.85
2011.09.26 12:13:48.187,0.79942,0.79984,1.13,1.13
2011.09.26 12:13:48.386,0.79946,0.79987,1.13,1.13
2011.09.26 12:13:48.495,0.79946,0.79989,1.13,2.48
2011.09.26 12:13:50.208,0.79946,0.79987,1.13,1.13
2011.09.26 12:13:52.107,0.79947,0.79988,1.13,2.48
2011.09.26 12:14:02.399,0.79942,0.79987,2.25,1.50
2011.09.26 12:14:02.844,0.79946,0.79988,1.13,1.73
2011.09.26 12:14:06.156,0.79946,0.79988,1.50,1.35
2011.09.26 12:14:06.265,0.79949,0.79993,1.35,1.50
2011.09.26 12:14:06.375,0.79951,0.79993,3.23,1.88
2011.09.26 12:14:09.888,0.79952,0.79993,1.13,3.60
2011.09.26 12:14:10.788,0.79952,0.79996,1.73,1.88
2011.09.26 12:14:12.899,0.79956,0.79998,1.13,1.73
2011.09.26 12:14:16.130,0.79956,0.80001,1.13,2.85
2011.09.26 12:14:16.351,0.79959,0.80001,1.13,2.48
2011.09.26 12:14:16.735,0.79961,0.80001,1.13,2.10
2011.09.26 12:14:16.848,0.79961,0.80004,1.13,1.73
2011.09.26 12:14:17.819,0.79958,0.80003,2.10,1.35
2011.09.26 12:14:18.374,0.79961,0.80004,1.13,1.73
2011.09.26 12:14:18.537,0.79959,0.80003,1.73,1.35
2011.09.26 12:14:19.250,0.79961,0.80004,1.13,1.73
2011.09.26 12:14:21.836,0.79959,0.80005,1.35,1.35
2011.09.26 12:14:22.620,0.79959,0.80005,1.35,1.35
2011.09.26 12:14:22.738,0.79959,0.8001,1.13,1.35
2011.09.26 12:14:23.111,0.79961,0.8001,1.13,1.35
2011.09.26 12:14:23.847,0.79962,0.80008,1.13,1.13
2011.09.26 12:14:24.308,0.7996,0.80008,1.13,1.50
2011.09.26 12:14:24.647,0.79965,0.8001,1.13,1.73
2011.09.26 12:14:24.756,0.79965,0.80013,1.13,1.73
2011.09.26 12:14:25.311,0.79965,0.8001,1.13,1.73
2011.09.26 12:14:25.986,0.79965,0.80002,1.13,1.35
2011.09.26 12:14:26.103,0.79963,0.80002,1.13,1.35
2011.09.26 12:14:26.476,0.79956,0.80002,2.10,1.35
2011.09.26 12:14:27.244,0.79952,0.80005,3.00,1.35
2011.09.26 12:14:28.115,0.79952,0.80005,3.00,1.35
2011.09.26 12:14:28.460,0.79952,0.80005,2.25,1.35
2011.09.26 12:14:29.215,0.79952,0.80005,2.25,1.35
2011.09.26 12:14:32.187,0.79952,0.79997,3.00,1.50
2011.09.26 12:14:34.507,0.79952,0.79993,3.00,1.50
2011.09.26 12:14:35.056,0.79944,0.79998,1.35,1.50
2011.09.26 12:14:35.278,0.79944,0.79992,1.73,1.13
2011.09.26 12:14:37.177,0.79944,0.79989,1.13,1.13
2011.09.26 12:14:38.260,0.79944,0.79989,1.13,1.13
2011.09.26 12:14:38.909,0.79942,0.79989,1.13,1.13
2011.09.26 12:14:40.308,0.79942,0.79989,1.13,1.13
2011.09.26 12:14:40.609,0.79941,0.7999,3.60,1.50
2011.09.26 12:14:40.805,0.79941,0.7999,2.85,1.50
2011.09.26 12:14:41.156,0.79941,0.7999,1.35,1.50
2011.09.26 12:14:41.268,0.79937,0.7999,1.50,1.50
2011.09.26 12:14:41.496,0.79936,0.79991,1.13,2.10
2011.09.26 12:14:41.604,0.79939,0.79991,2.25,2.10
2011.09.26 12:14:41.986,0.79943,0.79991,3.00,1.35
2011.09.26 12:14:42.206,0.79943,0.79999,1.13,3.00
2011.09.26 12:14:42.650,0.79947,0.80001,2.25,1.35
2011.09.26 12:14:42.769,0.79947,0.80001,2.25,1.35
2011.09.26 12:14:43.398,0.79947,0.80001,2.25,2.10
2011.09.26 12:14:43.519,0.79939,0.80001,3.60,2.10
2011.09.26 12:14:44.530,0.79939,0.80001,3.60,2.10
2011.09.26 12:14:45.235,0.79941,0.80001,3.00,2.10
2011.09.26 12:14:46.160,0.79941,0.80008,3.00,1.88
2011.09.26 12:14:46.710,0.79941,0.80002,3.00,1.50
2011.09.26 12:14:46.825,0.79941,0.80002,3.00,1.50
2011.09.26 12:14:46.936,0.79941,0.80002,1.50,1.50
2011.09.26 12:14:47.122,0.79938,0.80002,3.00,1.50
2011.09.26 12:14:47.239,0.79936,0.79997,1.50,1.50
2011.09.26 12:14:47.360,0.79934,0.79997,3.00,1.50
2011.09.26 12:14:48.379,0.79932,0.79995,1.50,1.50
2011.09.26 12:14:48.812,0.79932,0.79993,1.50,1.50
2011.09.26 12:14:48.928,0.7993,0.79997,3.00,2.10
2011.09.26 12:14:49.410,0.79931,0.79997,1.50,2.10
2011.09.26 12:14:49.620,0.79928,0.79997,1.35,2.10
2011.09.26 12:14:49.903,0.79928,0.79991,1.35,1.50
2011.09.26 12:14:50.458,0.79928,0.79991,1.35,1.50
2011.09.26 12:14:50.688,0.79928,0.79995,1.35,1.50
2011.09.26 12:14:52.096,0.79928,0.79992,1.35,1.50
2011.09.26 12:14:52.709,0.79928,0.79992,1.35,1.50
2011.09.26 12:14:52.925,0.79928,0.79992,1.35,1.50
2011.09.26 12:14:53.475,0.79928,0.79997,1.35,1.35
2011.09.26 12:14:54.504,0.79931,0.79997,1.50,1.35
2011.09.26 12:14:54.618,0.79928,0.79997,1.35,1.35
2011.09.26 12:14:55.001,0.79936,0.79997,1.50,1.35
2011.09.26 12:14:55.446,0.79932,0.79997,1.50,2.10
2011.09.26 12:14:55.732,0.79933,0.79997,1.50,2.48
2011.09.26 12:14:56.143,0.79933,0.79997,1.50,1.73
2011.09.26 12:14:56.262,0.79933,0.79997,1.50,2.48
2011.09.26 12:14:56.642,0.79936,0.79997,1.88,1.35
2011.09.26 12:14:56.976,0.79941,0.79998,1.50,3.23
2011.09.26 12:14:57.195,0.7994,0.79999,3.00,1.73
2011.09.26 12:14:57.923,0.79945,0.79997,1.50,2.85
2011.09.26 12:14:58.410,0.79941,0.80001,1.50,3.00
2011.09.26 12:14:58.526,0.79939,0.80001,1.35,2.25
2011.09.26 12:14:58.640,0.79956,0.80001,1.35,2.25
2011.09.26 12:14:59.047,0.79961,0.80001,1.13,2.25
2011.09.26 12:14:59.545,0.79961,0.79997,1.13,2.25
2011.09.26 12:14:59.676,0.79961,0.8001,1.13,2.25
2011.09.26 12:14:59.870,0.79961,0.80018,1.13,3.00
2011.09.26 12:14:59.988,0.79965,0.80022,3.00,1.13
2011.09.26 12:15:00.582,0.79964,0.80022,1.13,1.13
2011.09.26 12:15:00.990,0.79964,0.80024,1.13,1.13
2011.09.26 12:15:01.110,0.79962,0.80025,3.00,1.35
2011.09.26 12:15:02.237,0.79962,0.80024,1.50,3.75
2011.09.26 12:15:03.215,0.79961,0.80024,1.50,3.75
2011.09.26 12:15:03.330,0.79966,0.80024,1.50,3.75
2011.09.26 12:15:03.688,0.79961,0.80024,1.50,3.75
2011.09.26 12:15:03.948,0.79966,0.80024,1.50,3.75
2011.09.26 12:15:04.123,0.79961,0.80024,1.50,3.75
2011.09.26 12:15:04.456,0.79966,0.80024,1.50,3.75
2011.09.26 12:15:04.802,0.79965,0.80024,1.50,1.50
2011.09.26 12:15:04.938,0.79962,0.80024,3.00,1.50
2011.09.26 12:15:06.256,0.79962,0.80024,1.50,3.75
2011.09.26 12:15:07.210,0.79961,0.80024,1.50,3.75
2011.09.26 12:15:07.643,0.79961,0.80024,1.50,3.00
2011.09.26 12:15:08.405,0.79962,0.80025,3.00,2.10
2011.09.26 12:15:09.226,0.79962,0.80022,3.00,1.50
2011.09.26 12:15:09.736,0.79962,0.80022,3.00,1.50
2011.09.26 12:15:11.223,0.79953,0.80017,3.00,1.35
2011.09.26 12:15:12.275,0.79948,0.80017,3.00,2.85
2011.09.26 12:15:12.390,0.79948,0.80017,3.00,3.60
2011.09.26 12:15:12.936,0.79949,0.80017,1.50,3.60
2011.09.26 12:15:13.257,0.79948,0.80011,3.00,1.13
2011.09.26 12:15:13.369,0.79945,0.80008,1.50,2.25
2011.09.26 12:15:13.867,0.79953,0.80016,2.25,1.50
2011.09.26 12:15:14.520,0.79953,0.8002,3.60,3.00
2011.09.26 12:15:14.739,0.79953,0.8002,3.60,3.00
2011.09.26 12:15:16.143,0.79953,0.8002,3.98,3.00
2011.09.26 12:15:16.259,0.79956,0.8002,1.13,3.00
2011.09.26 12:15:16.687,0.79954,0.80016,1.35,1.50
2011.09.26 12:15:16.796,0.79954,0.80016,1.35,1.50
2011.09.26 12:15:16.944,0.79954,0.80016,1.35,1.50
2011.09.26 12:15:17.165,0.79954,0.80016,1.35,1.50
2011.09.26 12:15:17.387,0.79949,0.80014,1.35,1.50
2011.09.26 12:15:17.898,0.79947,0.80014,1.50,1.50
2011.09.26 12:15:18.505,0.7995,0.80016,1.13,1.50
2011.09.26 12:15:18.919,0.79953,0.80016,3.00,1.50
2011.09.26 12:15:19.704,0.79954,0.8002,1.50,2.10
2011.09.26 12:15:19.819,0.79961,0.8002,2.25,2.10
2011.09.26 12:15:20.057,0.79961,0.8002,2.25,1.35
2011.09.26 12:15:20.393,0.79961,0.8002,2.25,1.35
2011.09.26 12:15:20.931,0.79961,0.80024,2.25,1.50
2011.09.26 12:15:21.455,0.79962,0.80027,1.13,1.50
2011.09.26 12:15:21.983,0.79961,0.80021,3.38,1.50
2011.09.26 12:15:22.098,0.79961,0.80021,3.38,1.50
2011.09.26 12:15:22.329,0.79964,0.80021,2.25,1.50
2011.09.26 12:15:22.446,0.79964,0.80021,2.25,1.50
2011.09.26 12:15:22.849,0.79964,0.80021,2.25,1.50
2011.09.26 12:15:23.398,0.79959,0.8002,2.25,1.50
2011.09.26 12:15:23.515,0.79959,0.80022,3.00,1.50
2011.09.26 12:15:24.228,0.79959,0.80022,3.00,1.50
2011.09.26 12:15:26.378,0.79959,0.80022,3.00,1.50
2011.09.26 12:15:27.165,0.79959,0.80022,3.00,1.50
2011.09.26 12:15:28.143,0.79959,0.80022,3.00,1.50
2011.09.26 12:15:28.365,0.79963,0.8003,3.00,2.10
2011.09.26 12:15:28.695,0.79959,0.8003,3.00,2.10
2011.09.26 12:15:28.871,0.79959,0.80024,3.00,1.50
2011.09.26 12:15:30.277,0.79959,0.80024,3.00,1.50
2011.09.26 12:15:30.689,0.79964,0.80024,1.13,1.50
2011.09.26 12:15:31.169,0.79969,0.80028,3.00,1.50
2011.09.26 12:15:31.287,0.79969,0.80028,3.00,1.50
2011.09.26 12:15:31.835,0.79965,0.80026,3.00,1.50
2011.09.26 12:15:32.197,0.79965,0.80026,3.00,1.50
2011.09.26 12:15:32.829,0.79965,0.80026,3.00,1.50
2011.09.26 12:15:33.167,0.79962,0.80024,3.00,1.50
2011.09.26 12:15:34.216,0.79962,0.80024,3.75,1.50
2011.09.26 12:15:35.249,0.79963,0.80024,1.50,1.50
2011.09.26 12:15:36.018,0.79962,0.80024,3.75,1.50
2011.09.26 12:15:37.008,0.79963,0.80024,1.50,1.50
2011.09.26 12:15:37.352,0.79962,0.80024,3.00,1.50
2011.09.26 12:15:38.095,0.79958,0.80024,1.35,1.50
2011.09.26 12:15:38.507,0.79958,0.80024,1.35,1.50
2011.09.26 12:15:38.614,0.79958,0.8003,1.35,2.10
2011.09.26 12:15:39.186,0.79957,0.80024,1.35,1.50
2011.09.26 12:15:39.517,0.79964,0.80024,1.13,1.50
2011.09.26 12:15:39.880,0.79961,0.80023,1.13,1.50
2011.09.26 12:15:40.106,0.79958,0.80023,1.13,1.50
2011.09.26 12:15:40.638,0.79962,0.80019,2.25,1.50
2011.09.26 12:15:41.447,0.79961,0.80019,1.13,1.50
2011.09.26 12:15:41.746,0.79962,0.80024,3.00,1.50
2011.09.26 12:15:41.966,0.79963,0.80024,3.00,1.50
2011.09.26 12:15:42.185,0.79961,0.80024,1.88,1.50
2011.09.26 12:15:42.297,0.79964,0.80024,2.25,1.50
2011.09.26 12:15:42.578,0.79965,0.80025,1.13,1.50
2011.09.26 12:15:42.696,0.79968,0.80025,2.25,1.50
2011.09.26 12:15:42.843,0.79968,0.80025,2.25,1.50
2011.09.26 12:15:43.175,0.79964,0.80024,2.25,1.50
2011.09.26 12:15:43.316,0.7996,0.80024,3.75,1.50
2011.09.26 12:15:43.554,0.79961,0.80025,1.50,1.50
2011.09.26 12:15:43.843,0.79962,0.80025,1.50,1.50
2011.09.26 12:15:44.059,0.79962,0.80022,1.50,1.50
2011.09.26 12:15:44.628,0.79964,0.80023,1.50,1.50
2011.09.26 12:15:44.947,0.79961,0.80027,3.00,1.35
2011.09.26 12:15:45.055,0.79964,0.80024,1.50,1.50
2011.09.26 12:15:46.188,0.79962,0.80022,1.50,1.50
2011.09.26 12:15:47.725,0.79964,0.80021,1.50,1.50
2011.09.26 12:15:48.098,0.79959,0.80019,1.50,1.50
2011.09.26 12:15:48.271,0.79959,0.80015,1.50,1.50
2011.09.26 12:15:48.550,0.79959,0.80019,1.50,1.50
2011.09.26 12:15:48.668,0.79959,0.80015,1.50,1.50
2011.09.26 12:15:50.299,0.79962,0.80018,2.25,1.50
2011.09.26 12:15:51.026,0.79962,0.80015,2.25,1.50
2011.09.26 12:15:51.777,0.79962,0.8002,2.25,1.50
2011.09.26 12:15:53.357,0.79962,0.8002,3.00,1.50
2011.09.26 12:15:53.798,0.79962,0.80022,3.00,1.50
2011.09.26 12:15:53.915,0.79962,0.80022,2.25,1.50
2011.09.26 12:15:54.536,0.79961,0.80022,3.38,3.38
2011.09.26 12:15:54.910,0.79954,0.80019,3.60,3.75
2011.09.26 12:15:55.139,0.79955,0.80019,1.35,3.00
2011.09.26 12:15:55.588,0.79959,0.80019,1.50,1.50
2011.09.26 12:15:56.058,0.79956,0.80014,1.50,1.50
2011.09.26 12:15:57.887,0.79955,0.80014,1.35,1.50
2011.09.26 12:15:58.238,0.79955,0.80014,1.35,1.50
2011.09.26 12:15:59.335,0.79958,0.80014,2.25,1.50
2011.09.26 12:15:59.446,0.79958,0.80015,3.00,1.50
2011.09.26 12:15:59.767,0.7996,0.80019,1.50,1.50
2011.09.26 12:16:00.640,0.7996,0.80019,1.50,1.50
2011.09.26 12:16:01.152,0.7996,0.80019,1.50,1.50
2011.09.26 12:16:03.649,0.79961,0.8002,3.00,1.50
2011.09.26 12:16:04.395,0.79965,0.8002,3.00,1.50
2011.09.26 12:16:04.508,0.79965,0.80016,3.00,1.50
2011.09.26 12:16:04.810,0.79961,0.80009,2.25,1.50
2011.09.26 12:16:05.336,0.79961,0.80013,3.00,1.50
2011.09.26 12:16:05.808,0.79961,0.80013,3.00,1.50
2011.09.26 12:16:06.496,0.79961,0.80013,2.25,1.50
2011.09.26 12:16:06.725,0.79962,0.80016,3.00,1.50
2011.09.26 12:16:07.097,0.79952,0.80003,1.50,2.63
2011.09.26 12:16:07.315,0.79952,0.80006,1.50,2.63
2011.09.26 12:16:07.536,0.79952,0.8001,1.88,1.13
2011.09.26 12:16:07.662,0.79952,0.8001,1.88,1.13
2011.09.26 12:16:07.777,0.79956,0.80011,1.88,3.00
2011.09.26 12:16:08.275,0.79957,0.80011,1.50,1.88
2011.09.26 12:16:10.076,0.79954,0.80009,1.73,1.50
2011.09.26 12:16:10.299,0.79956,0.80008,1.35,1.50
2011.09.26 12:16:11.448,0.79959,0.80008,1.13,1.50
2011.09.26 12:16:11.887,0.79958,0.80013,3.38,1.50
2011.09.26 12:16:12.260,0.79959,0.80013,1.13,1.50
2011.09.26 12:16:14.798,0.79958,0.80009,1.50,1.50
2011.09.26 12:16:17.567,0.79958,0.80008,1.50,1.50
2011.09.26 12:16:18.728,0.79956,0.80006,2.10,1.50
2011.09.26 12:16:18.845,0.79959,0.80006,1.50,1.50
2011.09.26 12:16:19.061,0.79957,0.80006,1.50,1.50
2011.09.26 12:16:19.592,0.79959,0.80006,1.50,1.50
2011.09.26 12:16:28.520,0.79958,0.8001,1.50,1.50
2011.09.26 12:16:29.951,0.79958,0.8001,1.50,1.50
2011.09.26 12:16:34.165,0.79962,0.80008,1.13,1.13
2011.09.26 12:16:34.386,0.7996,0.80008,1.50,1.13
2011.09.26 12:16:34.599,0.79965,0.80008,2.48,1.13
2011.09.26 12:16:35.007,0.79965,0.80023,2.10,1.50
2011.09.26 12:16:35.898,0.79965,0.80024,2.10,2.10
2011.09.26 12:16:36.541,0.7997,0.80024,1.35,2.10
2011.09.26 12:16:37.327,0.79967,0.80023,1.35,1.50
2011.09.26 12:16:40.219,0.79968,0.8002,1.35,1.50
2011.09.26 12:16:40.942,0.79964,0.80017,1.50,1.50
2011.09.26 12:16:41.055,0.79964,0.80019,1.50,1.13
2011.09.26 12:16:41.167,0.79961,0.80019,1.13,1.13
2011.09.26 12:16:41.488,0.7997,0.80017,1.35,1.13
2011.09.26 12:16:41.610,0.79972,0.80033,2.25,1.50
2011.09.26 12:16:41.727,0.79972,0.8003,2.63,1.13
2011.09.26 12:16:42.409,0.79969,0.80031,3.23,3.00
2011.09.26 12:16:42.845,0.79972,0.80033,3.00,1.50
2011.09.26 12:16:42.961,0.79972,0.80034,3.00,1.50
2011.09.26 12:16:44.227,0.79972,0.80034,2.25,1.50
2011.09.26 12:16:46.507,0.79972,0.80034,3.00,1.50
2011.09.26 12:16:46.866,0.79979,0.80036,2.63,1.50
2011.09.26 12:16:47.085,0.79986,0.80041,1.50,1.50
2011.09.26 12:16:47.307,0.79989,0.80049,3.38,1.50
2011.09.26 12:16:47.638,0.7999,0.80053,2.25,1.50
2011.09.26 12:16:47.868,0.79986,0.80049,2.25,1.50
2011.09.26 12:16:49.147,0.79986,0.80051,2.25,3.00
2011.09.26 12:16:49.519,0.79986,0.80043,3.00,1.50
2011.09.26 12:16:49.918,0.79986,0.80042,3.00,1.50
2011.09.26 12:16:52.210,0.79986,0.80049,3.75,1.50
2011.09.26 12:16:52.327,0.7999,0.80049,2.85,1.50
2011.09.26 12:16:52.968,0.79993,0.80055,2.25,1.50
2011.09.26 12:16:53.321,0.79993,0.80055,2.25,1.50
2011.09.26 12:16:53.697,0.79993,0.80046,2.25,1.50
2011.09.26 12:16:54.210,0.79993,0.80046,2.25,1.50
2011.09.26 12:16:54.703,0.79993,0.80046,2.25,1.50
2011.09.26 12:16:57.158,0.79993,0.80039,2.63,1.50
2011.09.26 12:16:57.497,0.79986,0.80034,2.25,1.50
2011.09.26 12:16:59.515,0.79986,0.80034,2.25,1.50
2011.09.26 12:16:59.689,0.79986,0.80034,2.25,1.50
2011.09.26 12:17:00.135,0.79982,0.80033,2.25,1.50
2011.09.26 12:17:00.248,0.79977,0.80033,3.00,1.50
2011.09.26 12:17:00.366,0.79974,0.80033,3.00,1.50
2011.09.26 12:17:00.953,0.79974,0.80038,3.75,2.10
2011.09.26 12:17:01.066,0.79974,0.80034,3.00,1.50
2011.09.26 12:17:02.277,0.79974,0.80031,2.25,1.13
2011.09.26 12:17:02.385,0.79968,0.8003,1.35,3.00
2011.09.26 12:17:02.498,0.79965,0.80017,1.13,1.50
2011.09.26 12:17:02.725,0.79961,0.80016,1.50,3.00
2011.09.26 12:17:02.835,0.79956,0.8001,1.50,2.25
2011.09.26 12:17:03.196,0.79956,0.8001,1.50,2.25
2011.09.26 12:17:04.087,0.79956,0.8001,1.50,2.25
2011.09.26 12:17:04.959,0.79958,0.8001,1.50,3.00
2011.09.26 12:17:06.940,0.79958,0.80004,1.50,1.50
2011.09.26 12:17:08.199,0.79957,0.8001,1.50,3.00
2011.09.26 12:17:09.472,0.79957,0.80014,1.50,1.50
2011.09.26 12:17:09.692,0.79957,0.80008,1.50,1.50
2011.09.26 12:17:10.031,0.79955,0.80014,1.50,1.50
2011.09.26 12:17:10.740,0.79955,0.80009,1.50,1.50
2011.09.26 12:17:11.029,0.79959,0.80009,1.50,1.50
2011.09.26 12:17:11.255,0.79961,0.80007,1.50,1.13
2011.09.26 12:17:11.481,0.79966,0.80014,1.50,1.88
2011.09.26 12:17:11.706,0.79965,0.80023,1.73,3.00
2011.09.26 12:17:11.928,0.79969,0.80027,1.13,1.13
2011.09.26 12:17:12.591,0.79969,0.80027,1.13,1.13
2011.09.26 12:17:12.816,0.79967,0.80024,2.10,2.63
2011.09.26 12:17:13.200,0.7997,0.80018,1.13,1.50
2011.09.26 12:17:13.318,0.79967,0.80018,1.73,1.50
2011.09.26 12:17:13.436,0.79967,0.80024,1.73,3.00
2011.09.26 12:17:13.656,0.79967,0.80023,2.10,1.13
2011.09.26 12:17:13.770,0.79967,0.80026,1.35,3.38
2011.09.26 12:17:13.997,0.79975,0.80028,1.73,1.50
2011.09.26 12:17:14.106,0.79977,0.80027,3.60,1.13
2011.09.26 12:17:19.322,0.7998,0.80027,1.35,1.13
2011.09.26 12:17:19.436,0.79977,0.80024,3.23,1.13
2011.09.26 12:17:20.360,0.79975,0.80024,1.35,1.50
2011.09.26 12:17:20.475,0.79972,0.80021,2.85,1.50
2011.09.26 12:17:20.633,0.79972,0.80024,2.85,1.50
2011.09.26 12:17:20.745,0.79972,0.80021,2.85,1.50
2011.09.26 12:17:20.966,0.79972,0.80023,1.35,1.50
2011.09.26 12:17:21.229,0.7997,0.80021,2.10,1.50
2011.09.26 12:17:21.884,0.79971,0.80021,1.35,1.50
2011.09.26 12:17:22.690,0.7997,0.80024,2.10,1.50
2011.09.26 12:17:23.252,0.7997,0.80024,2.10,1.50
2011.09.26 12:17:24.020,0.79971,0.80024,1.35,1.50
2011.09.26 12:17:24.684,0.7997,0.80024,2.10,1.50
2011.09.26 12:17:25.063,0.79972,0.80024,1.35,1.50
2011.09.26 12:17:27.087,0.7997,0.80024,2.10,1.50
2011.09.26 12:17:28.844,0.79972,0.80024,1.35,1.50
2011.09.26 12:17:29.010,0.7997,0.80024,2.10,1.50
2011.09.26 12:17:29.399,0.79971,0.80024,1.35,1.50
2011.09.26 12:17:31.969,0.7997,0.80022,2.10,1.50
2011.09.26 12:17:34.343,0.79971,0.8002,1.35,1.50
2011.09.26 12:17:34.829,0.7997,0.8002,2.10,1.50
2011.09.26 12:17:34.948,0.79972,0.8002,1.35,1.50
2011.09.26 12:17:35.222,0.7997,0.8002,2.10,1.50
2011.09.26 12:17:35.661,0.79971,0.80023,1.35,1.50
2011.09.26 12:17:35.888,0.79975,0.80022,1.35,1.13
2011.09.26 12:17:36.115,0.79975,0.80022,2.10,1.88
2011.09.26 12:17:36.384,0.79975,0.80022,2.10,1.13
2011.09.26 12:17:37.468,0.79975,0.80022,2.10,1.88
2011.09.26 12:17:40.199,0.79975,0.80022,1.35,1.88
2011.09.26 12:17:40.425,0.79973,0.8002,1.35,1.50
2011.09.26 12:17:41.420,0.79972,0.8002,1.50,1.50
2011.09.26 12:17:41.851,0.79964,0.80021,1.35,1.50
2011.09.26 12:17:42.020,0.79964,0.80021,1.35,1.50
2011.09.26 12:17:42.632,0.79961,0.80016,1.35,1.50
2011.09.26 12:17:45.498,0.79961,0.80014,1.50,1.50
2011.09.26 12:17:51.957,0.79959,0.80011,3.00,1.50
2011.09.26 12:17:52.295,0.79959,0.80006,3.38,1.13
2011.09.26 12:17:52.866,0.79946,0.80005,1.35,1.35
2011.09.26 12:17:53.407,0.79955,0.80005,1.13,1.35
2011.09.26 12:17:53.516,0.79955,0.80005,1.13,1.35
2011.09.26 12:17:55.183,0.79955,0.80005,1.88,1.35
2011.09.26 12:17:55.301,0.79946,0.80004,2.10,1.50
2011.09.26 12:17:55.768,0.79937,0.79992,1.50,1.13
2011.09.26 12:17:56.170,0.79934,0.79988,1.35,1.50
2011.09.26 12:17:56.505,0.79933,0.7998,3.98,1.13
2011.09.26 12:17:56.966,0.79934,0.79982,1.35,1.13
2011.09.26 12:17:58.255,0.79936,0.79983,1.50,1.13
2011.09.26 12:17:58.367,0.79934,0.79987,1.73,1.35
2011.09.26 12:18:00.109,0.79936,0.79989,1.13,1.50
2011.09.26 12:18:00.310,0.79937,0.79989,1.13,1.50
2011.09.26 12:18:01.230,0.79935,0.79993,3.00,1.13
2011.09.26 12:18:02.225,0.79933,0.79988,1.13,1.50
2011.09.26 12:18:02.968,0.79933,0.79988,1.13,1.50
2011.09.26 12:18:03.156,0.79933,0.79984,1.13,1.50
2011.09.26 12:18:04.070,0.79929,0.79985,2.48,1.50
2011.09.26 12:18:04.618,0.7993,0.7999,1.88,3.00
2011.09.26 12:18:05.504,0.7993,0.79993,4.13,1.50
2011.09.26 12:18:06.128,0.7993,0.79995,4.13,1.35
2011.09.26 12:18:06.405,0.7993,0.79995,4.13,1.35
2011.09.26 12:18:07.170,0.7993,0.79991,4.13,1.50
2011.09.26 12:18:07.989,0.79929,0.79994,1.35,3.75
2011.09.26 12:18:10.147,0.79929,0.79988,1.35,1.50
2011.09.26 12:18:11.462,0.79926,0.79984,1.35,3.00
2011.09.26 12:18:11.888,0.7993,0.79988,1.13,1.88
2011.09.26 12:18:12.098,0.7993,0.79988,1.13,1.88
2011.09.26 12:18:12.759,0.79933,0.79985,3.38,1.50
2011.09.26 12:18:12.876,0.79933,0.79985,3.38,1.50
2011.09.26 12:18:13.095,0.79937,0.79992,1.13,3.75
2011.09.26 12:18:13.206,0.79938,0.79992,1.13,1.50
2011.09.26 12:18:13.466,0.79938,0.79994,1.13,1.50
2011.09.26 12:18:14.451,0.79938,0.79994,1.13,1.50
2011.09.26 12:18:14.787,0.79942,0.79992,1.13,1.50
2011.09.26 12:18:15.115,0.79944,0.79992,1.13,1.50
2011.09.26 12:18:15.339,0.79943,0.79992,3.00,1.50
2011.09.26 12:18:15.566,0.79935,0.79991,3.38,1.50
2011.09.26 12:18:15.820,0.79928,0.7999,1.35,1.50
2011.09.26 12:18:16.079,0.79926,0.79988,2.85,1.50
2011.09.26 12:18:16.415,0.79933,0.79988,2.63,1.50
2011.09.26 12:18:16.861,0.79933,0.79983,3.00,1.13
2011.09.26 12:18:18.596,0.7993,0.79981,1.50,1.13
2011.09.26 12:18:18.706,0.79927,0.79984,3.00,1.73
2011.09.26 12:18:18.815,0.79927,0.79984,3.00,1.73
2011.09.26 12:18:19.035,0.7993,0.79984,1.50,1.73
2011.09.26 12:18:20.389,0.79936,0.79983,1.35,1.13
2011.09.26 12:18:22.624,0.79936,0.79983,2.10,1.88
2011.09.26 12:18:26.485,0.79933,0.79977,3.23,1.13
2011.09.26 12:18:26.599,0.79933,0.79976,2.25,1.13
2011.09.26 12:18:26.935,0.79926,0.7997,1.73,1.13
2011.09.26 12:18:27.587,0.79926,0.7997,1.13,1.73
2011.09.26 12:18:27.696,0.79921,0.7997,1.50,1.35
2011.09.26 12:18:27.807,0.79919,0.79969,1.50,1.35
2011.09.26 12:18:28.597,0.79917,0.79969,1.35,1.35
2011.09.26 12:18:31.464,0.79917,0.79969,1.35,1.35
2011.09.26 12:18:31.983,0.79917,0.79963,1.35,1.50
2011.09.26 12:18:32.105,0.79917,0.79964,1.35,1.50
2011.09.26 12:18:32.756,0.79916,0.79969,2.10,1.50
2011.09.26 12:18:32.866,0.79926,0.79971,1.50,2.25
2011.09.26 12:18:33.085,0.79926,0.79979,1.50,1.35
2011.09.26 12:18:33.196,0.79927,0.79982,2.85,3.00
2011.09.26 12:18:33.311,0.79936,0.79986,2.25,1.13
2011.09.26 12:18:33.536,0.79937,0.7999,1.50,1.13
2011.09.26 12:18:33.757,0.79942,0.79993,1.35,1.13
2011.09.26 12:18:33.868,0.79947,0.79993,1.73,1.13
2011.09.26 12:18:33.988,0.79952,0.80008,1.13,1.50
2011.09.26 12:18:34.326,0.79954,0.80009,3.00,1.13
2011.09.26 12:18:35.751,0.79961,0.80005,1.13,1.13
2011.09.26 12:18:35.978,0.79958,0.80011,1.35,1.50
2011.09.26 12:18:36.101,0.79957,0.80011,1.35,1.50
2011.09.26 12:18:38.168,0.79957,0.80011,1.35,1.50
2011.09.26 12:18:40.990,0.79957,0.8001,1.35,1.50
2011.09.26 12:18:42.153,0.79958,0.80009,1.35,1.13
2011.09.26 12:18:42.971,0.79964,0.80009,1.13,1.13
2011.09.26 12:18:43.125,0.79963,0.80006,1.13,1.13
2011.09.26 12:18:43.498,0.79958,0.80008,1.35,1.50
2011.09.26 12:18:43.716,0.79959,0.80007,3.38,1.50
2011.09.26 12:18:44.051,0.79963,0.80019,2.10,1.50
2011.09.26 12:18:44.278,0.79966,0.80021,3.23,1.35
2011.09.26 12:18:44.386,0.79966,0.80023,2.63,1.50
2011.09.26 12:18:46.151,0.79966,0.80023,2.63,1.50
2011.09.26 12:18:47.178,0.79966,0.80023,3.38,1.50
2011.09.26 12:18:49.229,0.79966,0.80019,3.38,1.50
2011.09.26 12:18:56.403,0.79966,0.80018,3.38,1.50
2011.09.26 12:18:56.517,0.79966,0.80018,4.13,1.50
2011.09.26 12:18:56.852,0.79966,0.80018,3.38,1.50
2011.09.26 12:18:57.286,0.79961,0.80014,3.38,1.50
2011.09.26 12:18:57.396,0.79961,0.80014,3.00,1.50
2011.09.26 12:18:57.787,0.79967,0.80015,1.50,1.88
2011.09.26 12:18:59.518,0.79963,0.80013,3.75,1.50
2011.09.26 12:18:59.626,0.79963,0.80008,1.13,1.88
2011.09.26 12:18:59.917,0.79963,0.80008,1.50,1.50
2011.09.26 12:19:00.177,0.79963,0.80008,1.13,1.88
2011.09.26 12:19:00.286,0.7996,0.80007,1.35,1.13
2011.09.26 12:19:00.507,0.79955,0.80005,3.00,1.35
2011.09.26 12:19:00.726,0.79951,0.80004,1.73,1.50
2011.09.26 12:19:01.178,0.7995,0.80001,5.48,1.50
2011.09.26 12:19:02.241,0.79951,0.80004,1.73,1.50
2011.09.26 12:19:02.554,0.79952,0.80004,1.35,1.50
2011.09.26 12:19:03.008,0.79955,0.80004,3.23,1.50
2011.09.26 12:19:03.368,0.79957,0.80008,1.35,1.50
2011.09.26 12:19:03.475,0.79957,0.80008,1.73,1.50
2011.09.26 12:19:03.808,0.79961,0.80014,2.63,1.50
2011.09.26 12:19:03.916,0.79961,0.80014,3.60,1.50
2011.09.26 12:19:05.077,0.79962,0.80018,1.73,1.50
2011.09.26 12:19:05.899,0.79962,0.80018,1.73,1.50
2011.09.26 12:19:06.233,0.79962,0.80018,1.73,1.50
2011.09.26 12:19:06.673,0.79966,0.80018,2.63,1.50
2011.09.26 12:19:07.605,0.79966,0.80018,3.38,1.50
2011.09.26 12:19:07.717,0.79966,0.80018,4.13,1.50
2011.09.26 12:19:08.249,0.79966,0.80018,3.38,1.50
2011.09.26 12:19:08.717,0.79962,0.80014,2.10,3.00
2011.09.26 12:19:09.116,0.79957,0.80009,1.13,1.50
2011.09.26 12:19:09.420,0.79958,0.80014,1.50,3.75
2011.09.26 12:19:09.578,0.79957,0.80009,1.88,1.50
2011.09.26 12:19:10.414,0.79957,0.80009,1.13,1.50
2011.09.26 12:19:10.526,0.7996,0.80013,1.13,1.50
2011.09.26 12:19:11.958,0.79961,0.80013,3.23,1.50
2011.09.26 12:19:12.616,0.79963,0.80014,1.13,1.50
2011.09.26 12:19:14.325,0.79961,0.80012,2.10,1.50
2011.09.26 12:19:14.438,0.79961,0.80013,2.10,1.50
2011.09.26 12:19:14.545,0.79961,0.80012,1.35,1.50
2011.09.26 12:19:15.201,0.79961,0.80012,1.35,1.50
2011.09.26 12:19:16.787,0.79957,0.80014,1.50,1.50
2011.09.26 12:19:17.733,0.79955,0.80009,1.13,1.50
2011.09.26 12:19:17.950,0.79956,0.80009,1.50,1.50
2011.09.26 12:19:18.137,0.79957,0.80009,1.50,1.50
2011.09.26 12:19:18.747,0.79959,0.80004,1.13,1.73
2011.09.26 12:19:18.968,0.79954,0.80003,1.73,1.35
2011.09.26 12:19:19.087,0.7995,0.79997,1.73,1.13
2011.09.26 12:19:19.437,0.7995,0.79997,1.13,1.13
2011.09.26 12:19:20.820,0.79948,0.79995,1.50,1.13
2011.09.26 12:19:21.003,0.79948,0.79993,1.13,1.13
2011.09.26 12:19:21.118,0.79949,0.79993,1.13,1.13
2011.09.26 12:19:21.237,0.79948,0.79993,1.13,1.13
2011.09.26 12:19:22.157,0.79949,0.79993,1.13,1.13
2011.09.26 12:19:23.148,0.79948,0.79993,1.13,1.13
2011.09.26 12:19:23.397,0.79948,0.79995,1.50,1.13
2011.09.26 12:19:24.166,0.79949,0.79995,3.60,1.13
2011.09.26 12:19:25.228,0.79946,0.79995,1.35,1.13
2011.09.26 12:19:25.617,0.79942,0.79986,1.73,1.13
2011.09.26 12:19:26.854,0.79942,0.79989,1.73,1.13
2011.09.26 12:19:27.076,0.79941,0.79991,2.85,2.25
2011.09.26 12:19:27.419,0.79946,0.79996,2.10,1.35
2011.09.26 12:19:27.755,0.79948,0.79994,1.13,1.13
2011.09.26 12:19:28.245,0.79948,0.79997,1.50,1.13
2011.09.26 12:19:28.465,0.79948,0.79994,1.13,1.13
2011.09.26 12:19:29.647,0.79948,0.79993,1.50,1.50
2011.09.26 12:19:29.756,0.79943,0.79988,2.25,1.13
2011.09.26 12:19:30.277,0.79944,0.79989,1.13,1.73
2011.09.26 12:19:30.385,0.79944,0.79989,1.50,1.73
2011.09.26 12:19:31.388,0.79947,0.79995,1.50,1.13
2011.09.26 12:19:32.179,0.7995,0.79995,1.50,1.50
2011.09.26 12:19:33.345,0.7995,0.79994,1.13,1.13
2011.09.26 12:19:35.658,0.79948,0.79993,1.13,1.13
2011.09.26 12:19:35.987,0.79946,0.79993,1.50,1.13
2011.09.26 12:19:37.499,0.7995,0.79997,1.50,1.50
2011.09.26 12:19:38.268,0.79951,0.79997,1.13,1.50
2011.09.26 12:19:39.460,0.79953,0.79997,1.35,1.50
2011.09.26 12:19:39.686,0.79953,0.8,2.10,1.50
2011.09.26 12:19:40.437,0.79953,0.8,1.35,1.50
2011.09.26 12:19:41.377,0.79948,0.79999,2.10,1.50
2011.09.26 12:19:41.845,0.79944,0.79993,2.10,1.88
2011.09.26 12:19:42.340,0.79944,0.79992,2.10,1.13
2011.09.26 12:19:42.907,0.79944,0.79994,2.10,1.50
2011.09.26 12:19:43.399,0.79945,0.79995,1.50,1.73
2011.09.26 12:19:43.770,0.79945,0.79995,1.50,1.73
2011.09.26 12:19:44.729,0.79942,0.79991,3.00,1.35
2011.09.26 12:19:44.846,0.79942,0.79991,3.00,1.35
2011.09.26 12:19:45.065,0.7993,0.79994,3.38,1.50
2011.09.26 12:19:45.854,0.7993,0.79994,3.38,1.50
2011.09.26 12:19:46.187,0.79935,0.79994,2.25,1.50
2011.09.26 12:19:46.296,0.79935,0.79994,2.25,1.50
2011.09.26 12:19:46.707,0.79928,0.79992,1.50,1.13
2011.09.26 12:19:46.817,0.79925,0.7999,3.00,3.00
2011.09.26 12:19:46.926,0.79924,0.79981,1.13,2.25
2011.09.26 12:19:47.036,0.79923,0.79981,3.38,2.25
2011.09.26 12:19:48.246,0.79923,0.79981,3.00,3.00
2011.09.26 12:19:48.575,0.79924,0.79981,1.13,3.38
2011.09.26 12:19:49.438,0.79924,0.79981,1.13,3.00
2011.09.26 12:19:49.820,0.79926,0.79985,1.13,2.10
2011.09.26 12:19:49.938,0.79926,0.79985,1.13,2.10
2011.09.26 12:19:50.137,0.79926,0.79985,1.13,2.10
2011.09.26 12:19:52.428,0.79927,0.79985,1.50,1.35
2011.09.26 12:19:53.276,0.7993,0.79986,1.50,1.13
2011.09.26 12:19:54.418,0.79932,0.79986,1.50,1.13
2011.09.26 12:19:55.077,0.79938,0.79995,1.13,1.35
2011.09.26 12:19:55.209,0.79938,0.79995,1.13,1.35
2011.09.26 12:19:55.924,0.79939,0.79996,1.35,1.50
2011.09.26 12:19:56.399,0.7994,0.79997,1.35,1.50
2011.09.26 12:19:57.191,0.7994,0.79997,1.35,1.50
2011.09.26 12:19:58.289,0.7994,0.79997,1.35,1.50
2011.09.26 12:19:59.477,0.7994,0.79996,1.35,1.50
2011.09.26 12:20:00.138,0.79937,0.79998,3.23,3.38
2011.09.26 12:20:00.466,0.79926,0.79979,1.50,2.25
2011.09.26 12:20:00.578,0.79927,0.79979,1.50,2.63
2011.09.26 12:20:00.696,0.79927,0.79979,1.13,3.00
2011.09.26 12:20:00.807,0.79927,0.79979,1.13,3.00
2011.09.26 12:20:01.926,0.79928,0.79985,1.35,1.13
2011.09.26 12:20:02.038,0.79928,0.79986,1.35,1.13
2011.09.26 12:20:02.589,0.79933,0.79987,2.25,1.50
2011.09.26 12:20:03.406,0.79926,0.79987,2.25,1.50
2011.09.26 12:20:03.625,0.79919,0.79983,1.35,1.50
2011.09.26 12:20:03.737,0.79919,0.79983,2.10,1.50
2011.09.26 12:20:04.880,0.79926,0.79983,2.63,1.50
2011.09.26 12:20:05.786,0.7993,0.79984,2.25,1.50
2011.09.26 12:20:06.381,0.7993,0.79978,2.25,1.50
2011.09.26 12:20:06.607,0.7992,0.79978,1.35,1.50
2011.09.26 12:20:06.937,0.79922,0.79978,3.38,1.50
2011.09.26 12:20:07.260,0.79925,0.79979,2.63,1.50
2011.09.26 12:20:07.486,0.79922,0.79979,3.00,1.50
2011.09.26 12:20:08.178,0.79922,0.79978,3.75,1.50
2011.09.26 12:20:11.179,0.79922,0.7998,3.00,1.50
2011.09.26 12:20:11.692,0.79922,0.79982,3.75,1.50
2011.09.26 12:20:17.285,0.79922,0.79982,2.25,1.50
2011.09.26 12:20:17.869,0.79923,0.79979,2.25,1.50
2011.09.26 12:20:18.001,0.79923,0.79979,2.25,1.50
2011.09.26 12:20:19.159,0.79923,0.79979,2.25,1.50
2011.09.26 12:20:25.659,0.79921,0.79982,1.13,1.50
2011.09.26 12:20:25.778,0.79923,0.79972,2.25,1.50
2011.09.26 12:20:26.199,0.79923,0.79972,3.00,1.13
2011.09.26 12:20:26.650,0.79912,0.79969,1.50,3.00
2011.09.26 12:20:26.765,0.79912,0.79969,1.50,3.75
2011.09.26 12:20:27.244,0.7991,0.79968,3.38,1.50
2011.09.26 12:20:28.013,0.79909,0.79964,1.50,1.50
2011.09.26 12:20:28.793,0.7991,0.79965,1.13,1.35
2011.09.26 12:20:29.287,0.7991,0.79965,1.88,1.35
2011.09.26 12:20:30.103,0.79912,0.79969,2.63,1.50
2011.09.26 12:20:30.216,0.79913,0.79969,1.13,1.50
2011.09.26 12:20:30.342,0.79913,0.79969,1.13,1.50
2011.09.26 12:20:33.246,0.79914,0.79969,1.13,1.50
2011.09.26 12:20:34.185,0.79912,0.79969,3.38,1.50
2011.09.26 12:20:34.354,0.79912,0.79969,3.00,1.50
2011.09.26 12:20:34.465,0.79912,0.79969,3.00,1.50
2011.09.26 12:20:36.159,0.79907,0.79969,2.10,1.50
2011.09.26 12:20:37.270,0.79907,0.79969,1.35,1.50
2011.09.26 12:20:39.930,0.79912,0.79968,1.13,1.50
2011.09.26 12:20:40.177,0.79912,0.79968,1.13,1.50
2011.09.26 12:20:40.919,0.79911,0.79968,2.25,1.50
2011.09.26 12:20:41.421,0.7991,0.79968,3.38,1.50
2011.09.26 12:20:41.827,0.7991,0.79968,3.38,1.50
2011.09.26 12:20:42.685,0.7991,0.79964,3.38,1.50
2011.09.26 12:20:43.358,0.7991,0.79964,3.38,1.50
2011.09.26 12:20:44.392,0.79906,0.79962,1.73,1.50
2011.09.26 12:20:47.916,0.79907,0.79963,1.35,1.50
2011.09.26 12:20:49.840,0.79907,0.79963,1.73,1.50
2011.09.26 12:20:50.848,0.79906,0.79964,1.73,1.50
2011.09.26 12:20:52.218,0.79906,0.79963,1.73,1.50
2011.09.26 12:20:53.199,0.79906,0.79964,2.85,1.50
2011.09.26 12:20:53.319,0.79911,0.79964,1.13,1.50
2011.09.26 12:20:53.547,0.79911,0.79966,1.50,1.88
2011.09.26 12:20:53.766,0.79911,0.79966,1.50,1.50
2011.09.26 12:20:55.237,0.79911,0.79966,1.50,1.50
2011.09.26 12:20:58.378,0.7991,0.79967,1.88,1.50
2011.09.26 12:21:00.383,0.79911,0.79966,1.50,1.88
2011.09.26 12:21:00.512,0.79907,0.79964,2.10,1.50
2011.09.26 12:21:01.018,0.79907,0.79964,1.35,1.50
2011.09.26 12:21:05.237,0.79907,0.79964,1.35,1.50
2011.09.26 12:21:07.847,0.79907,0.79962,1.35,1.50
2011.09.26 12:21:08.207,0.7991,0.79963,1.88,1.50
2011.09.26 12:21:09.155,0.79914,0.79963,1.50,1.50
2011.09.26 12:21:09.546,0.79912,0.79963,1.50,1.50
2011.09.26 12:21:09.807,0.7991,0.79963,1.13,1.50
2011.09.26 12:21:10.167,0.79907,0.79963,2.48,1.50
2011.09.26 12:21:10.959,0.79911,0.79963,1.50,1.50
2011.09.26 12:21:11.077,0.79911,0.79965,1.50,1.13
2011.09.26 12:21:12.010,0.79911,0.79964,1.50,1.50
2011.09.26 12:21:13.119,0.79911,0.79965,1.88,1.50
2011.09.26 12:21:14.157,0.79914,0.79965,1.50,1.50
2011.09.26 12:21:15.685,0.79912,0.79966,1.50,1.50
2011.09.26 12:21:15.796,0.79911,0.79966,1.50,1.88
2011.09.26 12:21:15.906,0.79911,0.79964,1.50,1.50
2011.09.26 12:21:17.683,0.79911,0.79966,1.50,1.13
2011.09.26 12:21:17.827,0.79911,0.79964,1.50,1.50
2011.09.26 12:21:18.482,0.79911,0.79964,1.50,1.50
2011.09.26 12:21:21.613,0.79915,0.79966,1.50,1.13
2011.09.26 12:21:21.999,0.79912,0.79962,1.50,1.13
2011.09.26 12:21:23.038,0.79912,0.79962,1.50,3.00
2011.09.26 12:21:23.259,0.79905,0.79962,1.50,3.00
2011.09.26 12:21:24.207,0.79905,0.79962,1.50,3.00
2011.09.26 12:21:24.428,0.79904,0.79962,1.50,3.00
2011.09.26 12:21:24.980,0.79904,0.79962,1.50,3.00
2011.09.26 12:21:28.227,0.79904,0.79959,1.50,1.50
2011.09.26 12:21:28.628,0.79904,0.79962,1.50,3.00
2011.09.26 12:21:29.528,0.79897,0.79957,3.00,1.13
2011.09.26 12:21:29.789,0.79895,0.79955,1.35,3.00
2011.09.26 12:21:29.907,0.79895,0.79952,1.35,1.13
2011.09.26 12:21:30.016,0.79895,0.79951,1.35,3.00
2011.09.26 12:21:30.979,0.79894,0.79951,1.50,2.25
2011.09.26 12:21:31.499,0.79894,0.79951,1.50,2.25
2011.09.26 12:21:31.745,0.79894,0.79951,1.50,2.25
2011.09.26 12:21:31.856,0.79894,0.79959,1.50,3.38
2011.09.26 12:21:33.229,0.79894,0.79959,1.50,3.38
2011.09.26 12:21:33.444,0.79894,0.79959,1.50,3.38
2011.09.26 12:21:34.379,0.79894,0.79956,1.50,1.13
2011.09.26 12:21:35.059,0.79893,0.79956,1.50,1.13
2011.09.26 12:21:35.375,0.79893,0.79946,1.50,2.25
2011.09.26 12:21:37.776,0.79892,0.7995,1.50,3.00
2011.09.26 12:21:38.121,0.79893,0.7995,1.50,3.00
2011.09.26 12:21:38.238,0.79893,0.7995,1.50,3.00
2011.09.26 12:21:38.346,0.79893,0.79952,1.50,1.13
2011.09.26 12:21:39.196,0.79893,0.79954,1.50,3.75
2011.09.26 12:21:39.343,0.79896,0.79954,1.50,3.75
2011.09.26 12:21:41.448,0.79896,0.79954,1.50,3.00
2011.09.26 12:21:44.580,0.79896,0.79952,1.50,1.50
2011.09.26 12:21:46.612,0.79894,0.79951,1.50,1.50
2011.09.26 12:21:49.701,0.79893,0.7995,1.50,1.50
2011.09.26 12:21:50.908,0.79896,0.79954,1.50,1.50
2011.09.26 12:21:51.718,0.79896,0.79958,1.50,1.50
2011.09.26 12:21:52.033,0.79896,0.79958,1.50,1.50
2011.09.26 12:21:52.159,0.79896,0.79956,1.50,1.50
2011.09.26 12:21:53.544,0.79896,0.79956,1.50,1.50
2011.09.26 12:21:53.960,0.79896,0.79959,1.50,1.50
2011.09.26 12:21:54.079,0.79896,0.79956,1.50,1.50
2011.09.26 12:21:55.029,0.79893,0.79956,1.50,1.50
2011.09.26 12:21:56.620,0.79897,0.79957,3.00,1.50
2011.09.26 12:21:56.736,0.79897,0.79957,3.00,1.50
2011.09.26 12:21:57.389,0.79898,0.79957,1.50,1.50
2011.09.26 12:21:57.749,0.79897,0.79957,3.60,1.50
2011.09.26 12:21:58.288,0.79898,0.79958,1.50,1.50
2011.09.26 12:21:58.901,0.79897,0.79958,4.35,1.50
2011.09.26 12:22:00.049,0.79897,0.7996,3.60,1.50
2011.09.26 12:22:00.519,0.79897,0.7996,3.60,1.50
2011.09.26 12:22:00.697,0.79897,0.7996,3.60,1.50
2011.09.26 12:22:00.806,0.79897,0.7996,3.60,1.50
2011.09.26 12:22:01.745,0.79897,0.79953,3.60,1.50
2011.09.26 12:22:01.859,0.79897,0.79953,1.35,3.75
2011.09.26 12:22:01.978,0.79896,0.7995,1.50,1.50
2011.09.26 12:22:02.169,0.79896,0.79953,1.50,3.00
2011.09.26 12:22:02.620,0.79896,0.79948,1.50,1.50
2011.09.26 12:22:03.067,0.79894,0.79944,2.25,1.50
2011.09.26 12:22:03.179,0.7989,0.79944,1.50,1.50
2011.09.26 12:22:03.296,0.7989,0.79949,1.50,1.50
2011.09.26 12:22:03.911,0.79894,0.79944,3.38,1.50
2011.09.26 12:22:05.302,0.79895,0.79943,1.13,1.50
2011.09.26 12:22:05.907,0.79895,0.79939,1.13,1.50
2011.09.26 12:22:06.661,0.79896,0.79939,1.35,1.50
2011.09.26 12:22:06.778,0.79898,0.79948,3.00,1.50
2011.09.26 12:22:07.119,0.79894,0.79949,1.35,4.13
2011.09.26 12:22:07.915,0.79896,0.79949,1.35,1.50
2011.09.26 12:22:09.327,0.79896,0.79945,1.35,1.50
2011.09.26 12:22:09.737,0.79896,0.79944,1.35,1.50
2011.09.26 12:22:10.950,0.79893,0.79944,1.50,1.50
2011.09.26 12:22:11.199,0.79892,0.79943,1.50,1.50
2011.09.26 12:22:12.501,0.79893,0.79949,1.50,1.50
2011.09.26 12:22:12.681,0.79892,0.79943,1.50,1.50
2011.09.26 12:22:12.845,0.79893,0.79948,1.50,1.50
2011.09.26 12:22:13.232,0.79893,0.79942,1.50,1.50
2011.09.26 12:22:14.288,0.79891,0.79944,1.88,1.50
2011.09.26 12:22:15.270,0.79893,0.79949,1.50,1.88
2011.09.26 12:22:16.209,0.79893,0.79949,1.50,1.88
2011.09.26 12:22:17.179,0.79893,0.79943,1.50,1.50
2011.09.26 12:22:18.620,0.79893,0.79942,1.50,1.50
2011.09.26 12:22:24.136,0.79892,0.79941,1.50,1.50
2011.09.26 12:22:26.348,0.7989,0.79939,1.50,1.50
2011.09.26 12:22:28.180,0.7989,0.79939,1.50,1.50
2011.09.26 12:22:31.188,0.79891,0.79942,1.88,1.50
2011.09.26 12:22:44.220,0.79892,0.79941,1.50,1.50
2011.09.26 12:22:46.220,0.79892,0.79941,1.50,1.50
2011.09.26 12:22:46.647,0.79892,0.79941,1.50,1.50
2011.09.26 12:22:47.688,0.79892,0.79941,1.50,1.50
2011.09.26 12:22:48.410,0.79892,0.79941,1.50,1.50
2011.09.26 12:22:49.963,0.79892,0.79941,1.50,1.50
2011.09.26 12:22:51.410,0.79896,0.79941,1.50,1.50
2011.09.26 12:22:51.872,0.79899,0.79944,1.50,1.50
2011.09.26 12:22:53.046,0.79899,0.79944,1.50,1.50
2011.09.26 12:22:53.159,0.79901,0.79944,1.13,1.50
2011.09.26 12:22:55.653,0.79901,0.79944,1.13,1.50
2011.09.26 12:22:57.198,0.79897,0.79942,2.25,1.50
2011.09.26 12:23:06.196,0.79901,0.79944,1.13,1.50
2011.09.26 12:23:06.416,0.799,0.79943,1.13,1.50
2011.09.26 12:23:06.896,0.79901,0.79944,1.13,1.50
2011.09.26 12:23:07.527,0.79898,0.79944,1.50,1.50
2011.09.26 12:23:08.006,0.79887,0.79942,1.35,1.50
2011.09.26 12:23:09.482,0.79886,0.79937,1.35,1.50
2011.09.26 12:23:09.978,0.79891,0.79937,1.13,1.50
2011.09.26 12:23:10.720,0.79883,0.79943,2.85,1.50
2011.09.26 12:23:10.941,0.79883,0.79943,3.00,1.50
2011.09.26 12:23:11.058,0.79883,0.79943,2.25,1.50
2011.09.26 12:23:12.149,0.79886,0.79943,1.50,1.50
2011.09.26 12:23:12.657,0.79883,0.79943,3.00,1.50
2011.09.26 12:23:12.907,0.79886,0.79938,3.38,1.50
2011.09.26 12:23:14.162,0.79886,0.79934,3.38,1.50
2011.09.26 12:23:15.779,0.79886,0.79936,3.38,1.50
2011.09.26 12:23:15.940,0.79887,0.79936,1.50,1.50
2011.09.26 12:23:16.561,0.79887,0.79936,1.50,1.50
2011.09.26 12:23:18.432,0.79888,0.79936,1.50,1.50
2011.09.26 12:23:19.296,0.79888,0.79936,1.50,1.50
2011.09.26 12:23:20.940,0.79886,0.79934,3.38,1.50
2011.09.26 12:23:21.336,0.79887,0.79934,1.50,1.50
2011.09.26 12:23:21.886,0.79885,0.79951,1.50,3.00
2011.09.26 12:23:23.018,0.79885,0.79951,1.50,3.00
2011.09.26 12:23:23.369,0.79888,0.79956,1.50,3.00
2011.09.26 12:23:23.604,0.79888,0.79953,1.50,1.50
2011.09.26 12:23:24.805,0.79892,0.79953,1.50,1.50
2011.09.26 12:23:26.853,0.79892,0.79951,1.50,3.00
2011.09.26 12:23:29.320,0.79892,0.79951,1.50,3.00
2011.09.26 12:23:30.196,0.79892,0.79951,1.50,3.00
2011.09.26 12:23:30.427,0.79891,0.79951,1.50,3.00
2011.09.26 12:23:30.539,0.79897,0.79951,1.50,2.25
2011.09.26 12:23:30.657,0.79897,0.7996,1.50,1.35
2011.09.26 12:23:30.989,0.79916,0.79963,1.13,1.50
2011.09.26 12:23:31.853,0.79916,0.7997,3.38,1.50
2011.09.26 12:23:33.387,0.79916,0.7997,4.13,1.50
2011.09.26 12:23:33.555,0.79916,0.7997,4.13,1.50
2011.09.26 12:23:33.775,0.79916,0.7997,4.13,1.50
2011.09.26 12:23:34.588,0.79917,0.79969,1.50,1.50
2011.09.26 12:23:38.279,0.79917,0.79968,1.50,1.50
2011.09.26 12:23:38.672,0.79917,0.79968,1.50,1.50
2011.09.26 12:23:40.257,0.79921,0.79969,1.13,1.50
2011.09.26 12:23:40.366,0.79921,0.79969,1.13,1.50
2011.09.26 12:23:41.017,0.79921,0.79969,1.73,1.50
2011.09.26 12:23:43.045,0.79922,0.79973,1.35,1.50
2011.09.26 12:23:43.207,0.79923,0.79973,1.35,1.50
2011.09.26 12:24:00.509,0.79923,0.79975,1.35,1.50
2011.09.26 12:24:01.391,0.79923,0.79975,1.35,1.50
2011.09.26 12:24:06.401,0.79923,0.79976,1.35,1.50
2011.09.26 12:24:06.802,0.79923,0.79976,1.35,3.38
2011.09.26 12:24:08.216,0.79923,0.79975,1.35,1.13
2011.09.26 12:24:09.279,0.79923,0.79974,1.35,1.50
2011.09.26 12:24:13.007,0.79923,0.79979,3.98,1.50
2011.09.26 12:24:13.788,0.79922,0.79975,2.10,1.50
2011.09.26 12:24:13.896,0.79923,0.79979,1.35,3.00
2011.09.26 12:24:14.273,0.79923,0.79979,1.35,3.00
2011.09.26 12:24:14.710,0.79923,0.79978,1.35,1.50
2011.09.26 12:24:15.149,0.79923,0.79979,1.35,3.00
2011.09.26 12:24:15.270,0.79923,0.79975,1.35,1.50
2011.09.26 12:24:17.466,0.79926,0.79978,1.50,1.50
2011.09.26 12:24:17.967,0.79923,0.79974,2.10,1.50
2011.09.26 12:24:18.733,0.79923,0.79978,2.10,1.50
2011.09.26 12:24:19.417,0.79923,0.79974,2.10,1.50
2011.09.26 12:24:20.258,0.79923,0.79974,2.10,1.50
2011.09.26 12:24:20.918,0.79923,0.79974,2.10,1.50
2011.09.26 12:24:21.863,0.79923,0.79976,2.10,1.50
2011.09.26 12:24:23.408,0.79924,0.79977,1.50,1.50
2011.09.26 12:24:24.597,0.79923,0.79974,1.35,1.50
2011.09.26 12:24:27.185,0.79923,0.79974,2.10,1.50
2011.09.26 12:24:28.876,0.79923,0.79974,1.35,1.50
2011.09.26 12:24:31.147,0.79923,0.79973,1.35,1.50
2011.09.26 12:24:34.536,0.79923,0.79975,1.35,1.50
2011.09.26 12:24:35.481,0.79926,0.79975,1.50,1.50
2011.09.26 12:24:35.808,0.79938,0.7998,1.73,1.13
2011.09.26 12:24:36.027,0.79938,0.7998,1.73,1.13
2011.09.26 12:24:37.460,0.79938,0.7998,1.73,1.13
2011.09.26 12:24:38.256,0.79938,0.7998,1.73,1.13
2011.09.26 12:24:39.161,0.79937,0.79976,1.35,1.13
2011.09.26 12:24:39.278,0.79937,0.79979,1.35,1.13
2011.09.26 12:24:41.359,0.79936,0.79976,1.73,1.13
2011.09.26 12:24:42.469,0.79936,0.79978,1.73,1.13
2011.09.26 12:24:43.134,0.79938,0.79979,1.35,1.50
2011.09.26 12:24:43.707,0.79939,0.79983,1.73,1.13
2011.09.26 12:24:43.811,0.79937,0.79983,1.35,1.13
2011.09.26 12:24:44.037,0.79936,0.79977,1.35,1.73
2011.09.26 12:24:46.305,0.79938,0.79977,1.35,1.73
2011.09.26 12:24:49.435,0.79938,0.79977,1.35,1.73
2011.09.26 12:24:49.897,0.7994,0.79994,1.35,3.00
2011.09.26 12:24:50.119,0.79941,0.8,1.35,2.10
2011.09.26 12:24:50.348,0.79951,0.8001,2.10,1.35
2011.09.26 12:24:51.170,0.79951,0.80009,2.10,1.50
2011.09.26 12:24:52.578,0.79951,0.80009,2.10,1.50
2011.09.26 12:24:53.289,0.79946,0.80009,2.10,1.50
2011.09.26 12:24:53.736,0.79946,0.80009,2.10,1.50
2011.09.26 12:24:56.262,0.79946,0.8001,2.10,1.50
2011.09.26 12:24:57.147,0.79947,0.8001,1.50,1.50
2011.09.26 12:24:57.479,0.79953,0.8001,1.13,1.50
2011.09.26 12:24:57.599,0.79953,0.8001,1.13,1.50
2011.09.26 12:24:57.939,0.79957,0.80018,2.25,1.50
2011.09.26 12:24:58.057,0.79957,0.80018,2.25,1.50
2011.09.26 12:24:58.280,0.79957,0.80017,2.25,1.50
2011.09.26 12:24:58.830,0.79956,0.80013,2.25,1.50
2011.09.26 12:24:59.403,0.79956,0.80011,2.25,1.50
2011.09.26 12:25:00.170,0.79956,0.80011,2.25,1.50
2011.09.26 12:25:00.771,0.79956,0.80011,2.25,1.50
2011.09.26 12:25:00.888,0.79956,0.80011,3.00,1.50
2011.09.26 12:25:02.155,0.79956,0.80011,3.00,1.50
2011.09.26 12:25:03.203,0.79956,0.80011,3.00,1.50
2011.09.26 12:25:03.751,0.79956,0.80011,3.00,1.50
2011.09.26 12:25:06.146,0.79952,0.80012,3.00,1.50
2011.09.26 12:25:06.523,0.79953,0.80012,1.50,1.50
2011.09.26 12:25:07.366,0.79952,0.80012,3.75,1.50
2011.09.26 12:25:09.051,0.79952,0.80009,3.00,1.50
2011.09.26 12:25:09.169,0.79952,0.80009,2.25,1.50
2011.09.26 12:25:09.289,0.79952,0.80009,2.25,1.50
2011.09.26 12:25:09.409,0.79948,0.80009,3.00,1.50
2011.09.26 12:25:09.762,0.79948,0.80009,3.00,1.50
2011.09.26 12:25:09.877,0.79948,0.80007,2.25,1.50
2011.09.26 12:25:09.987,0.79948,0.80007,2.25,1.50
2011.09.26 12:25:13.020,0.79948,0.80005,2.25,1.50
2011.09.26 12:25:14.226,0.79948,0.80005,2.25,1.50
2011.09.26 12:25:14.337,0.79948,0.80005,2.25,1.50
2011.09.26 12:25:15.285,0.79948,0.80005,2.25,1.50
2011.09.26 12:25:15.868,0.79942,0.80001,1.35,1.50
2011.09.26 12:25:16.089,0.79941,0.80001,1.50,1.50
2011.09.26 12:25:16.208,0.79942,0.80008,1.50,1.13
2011.09.26 12:25:17.217,0.79943,0.80003,2.63,1.13
2011.09.26 12:25:17.333,0.79941,0.8,1.50,3.38
2011.09.26 12:25:17.447,0.79941,0.8,1.50,3.38
2011.09.26 12:25:17.940,0.7995,0.80004,3.00,1.13
2011.09.26 12:25:18.056,0.7995,0.80008,3.38,1.50
2011.09.26 12:25:18.710,0.7995,0.80004,3.98,1.50
2011.09.26 12:25:19.110,0.79955,0.8001,1.13,1.50
2011.09.26 12:25:19.309,0.79956,0.80013,1.50,3.38
2011.09.26 12:25:19.538,0.79954,0.80009,2.25,1.50
2011.09.26 12:25:20.039,0.79947,0.80001,1.50,1.13
2011.09.26 12:25:20.379,0.79946,0.80001,2.10,3.38
2011.09.26 12:25:20.499,0.79946,0.80001,1.35,3.00
2011.09.26 12:25:21.280,0.79946,0.79996,1.35,1.13
2011.09.26 12:25:21.589,0.79946,0.79997,2.10,1.13
2011.09.26 12:25:21.909,0.79954,0.80004,1.35,1.50
2011.09.26 12:25:22.241,0.79962,0.80004,1.13,1.13
2011.09.26 12:25:22.360,0.79962,0.80004,1.13,1.13
2011.09.26 12:25:24.678,0.79957,0.80003,2.10,1.88
2011.09.26 12:25:26.311,0.79957,0.80002,2.10,1.50
2011.09.26 12:25:27.129,0.79957,0.80002,2.10,1.50
2011.09.26 12:25:31.973,0.79955,0.80001,1.50,1.50
2011.09.26 12:25:32.238,0.79953,0.80001,3.00,1.50
2011.09.26 12:25:32.350,0.79951,0.79998,1.35,1.50
2011.09.26 12:25:32.467,0.79951,0.79999,1.35,1.50
2011.09.26 12:25:33.402,0.79952,0.80003,1.35,1.50
2011.09.26 12:25:33.675,0.79952,0.80003,1.35,1.50
2011.09.26 12:25:33.998,0.7995,0.80003,1.35,1.50
2011.09.26 12:25:34.659,0.7995,0.80004,1.35,1.50
2011.09.26 12:25:34.998,0.7995,0.80004,1.35,1.50
2011.09.26 12:25:35.430,0.7995,0.80007,1.35,3.38
2011.09.26 12:25:35.773,0.79952,0.80008,1.13,1.50
2011.09.26 12:25:36.342,0.79956,0.80008,1.13,1.50
2011.09.26 12:25:38.089,0.79952,0.80003,1.13,1.50
2011.09.26 12:25:38.906,0.79952,0.80002,1.13,1.50
2011.09.26 12:25:40.221,0.79952,0.80002,1.13,1.50
2011.09.26 12:25:42.523,0.79952,0.80002,1.88,1.50
2011.09.26 12:25:43.084,0.79952,0.80003,1.13,1.50
2011.09.26 12:25:48.701,0.79952,0.80001,1.13,1.50
2011.09.26 12:25:49.229,0.79951,0.80001,3.00,1.50
2011.09.26 12:25:49.567,0.79947,0.79996,2.25,1.50
2011.09.26 12:25:49.898,0.79945,0.79999,1.35,1.50
2011.09.26 12:25:51.231,0.79954,0.79999,1.13,1.50
2011.09.26 12:25:52.890,0.79954,0.79998,1.35,1.13
2011.09.26 12:25:53.226,0.79949,0.79992,3.23,1.13
2011.09.26 12:25:54.089,0.79949,0.79992,1.88,1.13
2011.09.26 12:25:54.645,0.79946,0.79992,1.88,1.13
2011.09.26 12:25:54.750,0.79946,0.79991,1.13,1.50
2011.09.26 12:25:54.905,0.79946,0.79992,1.13,1.13
2011.09.26 12:25:55.017,0.79942,0.79988,1.73,1.13
2011.09.26 12:25:56.383,0.79942,0.79988,1.73,1.50
2011.09.26 12:25:56.609,0.79943,0.79993,1.35,1.35
2011.09.26 12:25:56.727,0.79943,0.7999,1.73,1.13
2011.09.26 12:25:56.947,0.79943,0.79993,1.35,1.35
2011.09.26 12:25:57.307,0.79945,0.79994,2.25,1.50
2011.09.26 12:25:57.416,0.79945,0.79997,2.25,1.50
2011.09.26 12:25:57.652,0.79943,0.79999,1.35,1.50
2011.09.26 12:25:57.766,0.79943,0.79997,1.35,1.50
2011.09.26 12:25:58.202,0.79943,0.79999,1.35,1.50
2011.09.26 12:25:59.241,0.79943,0.79997,1.35,1.50
2011.09.26 12:26:00.621,0.79944,0.79998,1.73,1.50
2011.09.26 12:26:01.000,0.79945,0.79998,2.63,1.50
2011.09.26 12:26:01.368,0.79946,0.8,1.13,1.50
2011.09.26 12:26:01.911,0.79953,0.79995,2.25,1.50
2011.09.26 12:26:02.214,0.7995,0.79995,2.63,1.50
2011.09.26 12:26:02.371,0.7995,0.79993,2.63,1.50
2011.09.26 12:26:02.932,0.7995,0.79993,2.63,1.50
2011.09.26 12:26:03.200,0.79944,0.7999,4.35,1.13
2011.09.26 12:26:03.318,0.79944,0.7999,1.35,1.13
2011.09.26 12:26:03.428,0.79942,0.79985,1.88,1.13
2011.09.26 12:26:03.916,0.79936,0.79985,1.50,1.13
2011.09.26 12:26:05.946,0.79936,0.79984,1.50,1.50
2011.09.26 12:26:06.407,0.79938,0.79983,1.13,1.50
2011.09.26 12:26:06.516,0.7994,0.79984,2.63,1.50
2011.09.26 12:26:06.710,0.7994,0.79984,2.63,1.50
2011.09.26 12:26:07.743,0.79938,0.79983,1.13,1.13
2011.09.26 12:26:08.086,0.79938,0.79981,1.13,1.13
2011.09.26 12:26:08.198,0.79937,0.79987,1.13,2.10
2011.09.26 12:26:08.416,0.79938,0.79983,2.48,1.13
2011.09.26 12:26:09.380,0.79939,0.79985,1.35,1.13
2011.09.26 12:26:10.071,0.79939,0.79981,1.35,1.50
2011.09.26 12:26:13.585,0.79942,0.79985,1.73,1.88
2011.09.26 12:26:14.110,0.79944,0.79987,1.13,1.50
2011.09.26 12:26:14.457,0.79943,0.79987,1.35,1.50
2011.09.26 12:26:14.574,0.79948,0.7999,1.13,1.13
2011.09.26 12:26:14.687,0.79948,0.79994,2.10,1.50
2011.09.26 12:26:15.017,0.79948,0.79994,1.35,1.50
2011.09.26 12:26:15.859,0.79948,0.79993,1.73,1.50
2011.09.26 12:26:16.345,0.79948,0.79991,1.73,1.50
2011.09.26 12:26:16.631,0.79947,0.79991,1.13,1.50
2011.09.26 12:26:17.199,0.79947,0.79995,3.38,1.35
2011.09.26 12:26:19.670,0.79947,0.79995,4.50,1.35
2011.09.26 12:26:19.898,0.79957,0.80002,1.13,1.50
2011.09.26 12:26:20.659,0.79958,0.80009,3.38,1.50
2011.09.26 12:26:20.888,0.79958,0.80009,3.38,1.50
2011.09.26 12:26:22.050,0.79958,0.80009,3.38,1.50
2011.09.26 12:26:22.169,0.79958,0.80009,3.38,1.50
2011.09.26 12:26:23.027,0.79958,0.80009,3.38,1.50
2011.09.26 12:26:23.201,0.79959,0.80009,1.13,1.50
2011.09.26 12:26:23.907,0.79962,0.80017,1.50,3.00
2011.09.26 12:26:24.889,0.79968,0.80019,1.13,1.35
2011.09.26 12:26:26.281,0.79968,0.80019,1.13,1.35
2011.09.26 12:26:28.158,0.79967,0.80008,3.75,1.13
2011.09.26 12:26:28.266,0.79959,0.80004,1.13,1.13
2011.09.26 12:26:28.429,0.79957,0.80002,1.50,1.13
2011.09.26 12:26:28.766,0.79956,0.80002,1.13,1.73
2011.09.26 12:26:28.877,0.79955,0.79998,1.13,1.35
2011.09.26 12:26:30.620,0.79955,0.79997,1.13,1.35
2011.09.26 12:26:31.056,0.79953,0.79996,1.13,1.50
2011.09.26 12:26:34.897,0.79951,0.79994,2.10,1.50
2011.09.26 12:26:35.006,0.79949,0.79992,1.73,1.50
2011.09.26 12:26:35.226,0.79947,0.79989,1.13,1.73
2011.09.26 12:26:35.667,0.79945,0.79988,1.73,2.48
2011.09.26 12:26:37.495,0.79945,0.79987,1.73,1.13
2011.09.26 12:26:38.062,0.79952,0.79992,1.35,1.50
2011.09.26 12:26:38.287,0.79964,0.8001,2.10,1.35
2011.09.26 12:26:38.726,0.7996,0.80003,1.13,1.50
2011.09.26 12:26:39.569,0.7996,0.80003,1.13,1.50
2011.09.26 12:26:43.325,0.79954,0.79997,1.73,1.13
2011.09.26 12:26:43.436,0.79954,0.79995,1.73,1.13
2011.09.26 12:26:43.766,0.79948,0.79993,1.35,1.50
2011.09.26 12:26:44.390,0.79946,0.79989,1.73,1.13
2011.09.26 12:26:45.038,0.79946,0.79989,1.13,1.13
2011.09.26 12:26:45.148,0.79946,0.79988,1.13,1.13
2011.09.26 12:26:46.122,0.79946,0.79988,1.13,1.13
2011.09.26 12:26:46.778,0.79945,0.79988,1.13,1.88
2011.09.26 12:26:46.901,0.79945,0.79988,1.13,1.88
2011.09.26 12:26:47.018,0.7994,0.79983,1.13,1.88
2011.09.26 12:26:47.237,0.79939,0.79983,1.35,2.25
2011.09.26 12:26:47.699,0.79936,0.79979,1.13,1.88
2011.09.26 12:26:48.368,0.79936,0.79977,1.13,1.13
2011.09.26 12:26:50.237,0.79936,0.79977,1.13,1.13
2011.09.26 12:26:51.329,0.7993,0.79981,1.35,1.50
2011.09.26 12:26:51.447,0.7993,0.79976,1.35,1.50
2011.09.26 12:26:52.019,0.79917,0.79973,3.00,1.50
2011.09.26 12:26:52.648,0.79914,0.79973,3.00,1.50
2011.09.26 12:26:52.756,0.79914,0.79964,2.25,1.50
2011.09.26 12:26:53.190,0.79914,0.79965,3.00,1.50
2011.09.26 12:26:53.419,0.79914,0.79965,2.25,1.50
2011.09.26 12:26:53.639,0.7991,0.79965,2.10,1.50
2011.09.26 12:26:53.747,0.79914,0.79965,2.25,1.50
2011.09.26 12:26:54.102,0.79914,0.79965,2.25,1.50
2011.09.26 12:26:54.210,0.79914,0.79969,2.25,1.50
2011.09.26 12:26:55.079,0.7991,0.79969,2.10,1.50
2011.09.26 12:26:55.687,0.79914,0.79973,1.50,1.50
2011.09.26 12:26:56.135,0.79922,0.7997,1.50,1.13
2011.09.26 12:26:56.776,0.79919,0.79969,3.00,1.50
2011.09.26 12:27:04.650,0.79921,0.79964,1.13,1.50
2011.09.26 12:27:05.179,0.79922,0.79965,1.13,1.13
2011.09.26 12:27:05.368,0.7992,0.79962,1.13,1.13
2011.09.26 12:27:05.728,0.79916,0.79962,1.13,1.13
2011.09.26 12:27:06.036,0.79916,0.79959,1.13,1.13
2011.09.26 12:27:06.146,0.79911,0.79959,1.35,1.13
2011.09.26 12:27:07.172,0.79912,0.79958,1.35,1.13
2011.09.26 12:27:08.594,0.79916,0.79958,1.13,1.73
2011.09.26 12:27:11.129,0.79911,0.79958,1.50,1.73
2011.09.26 12:27:14.098,0.79911,0.79958,1.50,1.73
2011.09.26 12:27:17.399,0.79911,0.79958,1.50,1.73
2011.09.26 12:27:17.627,0.79911,0.79958,1.50,1.35
2011.09.26 12:27:20.068,0.79917,0.79958,1.13,2.10
2011.09.26 12:27:20.177,0.79912,0.79957,1.50,1.50
2011.09.26 12:27:20.501,0.79917,0.79958,1.13,2.10
2011.09.26 12:27:25.985,0.79917,0.79958,1.13,1.50
2011.09.26 12:27:28.599,0.79915,0.79956,1.35,1.50
2011.09.26 12:27:28.885,0.79912,0.79956,1.73,1.50
2011.09.26 12:27:28.999,0.79911,0.79957,3.23,1.13
2011.09.26 12:27:29.118,0.79915,0.79959,1.35,1.50
2011.09.26 12:27:30.132,0.79915,0.79957,1.35,1.50
2011.09.26 12:27:30.794,0.79917,0.79958,1.13,1.50
2011.09.26 12:27:30.906,0.79915,0.79957,1.35,1.50
2011.09.26 12:27:35.876,0.79915,0.79959,1.35,1.50
2011.09.26 12:27:36.539,0.79915,0.79961,1.35,1.88
2011.09.26 12:27:38.458,0.79915,0.79961,1.35,1.88
2011.09.26 12:27:40.209,0.79915,0.79961,2.10,1.13
2011.09.26 12:27:43.296,0.79916,0.79961,1.50,1.13
2011.09.26 12:27:46.188,0.79915,0.79962,1.35,1.50
2011.09.26 12:27:46.436,0.79916,0.79962,1.50,1.50
2011.09.26 12:27:46.767,0.7992,0.79966,1.50,1.35
2011.09.26 12:27:47.658,0.7992,0.79966,1.50,1.35
2011.09.26 12:27:51.157,0.79923,0.79966,1.50,1.35
2011.09.26 12:27:51.640,0.79924,0.79969,2.10,1.88
2011.09.26 12:27:53.181,0.79925,0.79969,2.48,1.88
2011.09.26 12:27:53.298,0.7993,0.79978,1.35,3.00
2011.09.26 12:27:53.408,0.79931,0.79974,2.25,1.13
2011.09.26 12:27:53.638,0.79919,0.79969,1.35,1.35
2011.09.26 12:27:53.747,0.79933,0.79969,1.13,1.35
2011.09.26 12:27:54.286,0.7993,0.79972,1.35,1.50
2011.09.26 12:27:54.796,0.79931,0.79978,1.73,1.13
2011.09.26 12:27:54.906,0.79931,0.79976,1.73,1.50
2011.09.26 12:27:55.775,0.79931,0.79978,1.73,1.13
2011.09.26 12:27:56.213,0.79931,0.79976,2.48,1.50
2011.09.26 12:27:58.839,0.79935,0.79978,1.13,1.13
2011.09.26 12:28:00.358,0.79935,0.79978,1.13,1.13
2011.09.26 12:28:01.792,0.79935,0.79978,1.13,1.88
2011.09.26 12:28:02.216,0.79931,0.79975,1.73,1.50
2011.09.26 12:28:02.496,0.79931,0.79979,3.98,1.50
2011.09.26 12:28:02.606,0.79931,0.79978,3.98,1.13
2011.09.26 12:28:02.936,0.79931,0.79978,1.73,1.13
2011.09.26 12:28:03.268,0.79928,0.79973,2.10,1.50
2011.09.26 12:28:03.486,0.79925,0.79979,1.50,1.50
2011.09.26 12:28:04.332,0.79925,0.79973,1.50,1.50
2011.09.26 12:28:05.420,0.79925,0.7997,1.50,1.50
2011.09.26 12:28:07.753,0.79925,0.79973,1.50,1.50
2011.09.26 12:28:07.866,0.79925,0.79971,1.50,1.50
2011.09.26 12:28:08.024,0.79925,0.79973,1.50,1.50
2011.09.26 12:28:09.049,0.79924,0.79973,1.50,1.50
2011.09.26 12:28:09.693,0.79932,0.79973,1.13,1.50
2011.09.26 12:28:10.028,0.79927,0.79973,2.63,1.13
2011.09.26 12:28:10.467,0.79922,0.79969,2.10,1.13
2011.09.26 12:28:10.959,0.79929,0.79969,1.13,1.13
2011.09.26 12:28:11.377,0.79929,0.79969,1.13,1.13
2011.09.26 12:28:11.701,0.79927,0.79968,1.13,1.50
2011.09.26 12:28:14.379,0.79927,0.79965,1.13,1.50
2011.09.26 12:28:15.709,0.79927,0.79968,1.13,1.50
2011.09.26 12:28:19.099,0.79924,0.79966,1.13,1.13
2011.09.26 12:28:19.206,0.79918,0.79959,3.60,1.13
2011.09.26 12:28:19.317,0.79918,0.79959,3.00,1.13
2011.09.26 12:28:20.778,0.79922,0.79966,1.13,1.73
2011.09.26 12:28:22.369,0.79918,0.79966,1.35,2.48
2011.09.26 12:28:24.613,0.79917,0.79966,1.50,1.50
2011.09.26 12:28:25.123,0.79921,0.79969,1.50,2.48
2011.09.26 12:28:25.401,0.79919,0.79966,3.75,1.50
2011.09.26 12:28:26.104,0.79926,0.79969,1.13,2.48
2011.09.26 12:28:27.436,0.79922,0.79966,2.10,1.50
2011.09.26 12:28:28.189,0.79922,0.79966,1.35,1.50
2011.09.26 12:28:29.238,0.79922,0.79966,1.35,1.50
2011.09.26 12:28:29.396,0.79921,0.79966,2.10,1.50
2011.09.26 12:28:30.469,0.79919,0.79969,1.50,1.50
2011.09.26 12:28:32.661,0.79914,0.79965,1.88,1.50
2011.09.26 12:28:41.159,0.79914,0.79966,1.13,1.50
2011.09.26 12:28:42.369,0.79922,0.79964,1.13,1.13
2011.09.26 12:28:42.720,0.79913,0.79956,3.38,1.13
2011.09.26 12:28:43.409,0.79911,0.79956,1.13,1.13
2011.09.26 12:28:43.528,0.79911,0.79952,1.13,1.35
2011.09.26 12:28:45.489,0.79907,0.79951,1.50,1.35
2011.09.26 12:28:45.778,0.79911,0.79954,1.73,1.88
2011.09.26 12:28:47.168,0.79911,0.79952,1.35,1.13
2011.09.26 12:28:47.497,0.79911,0.79955,1.73,1.13
2011.09.26 12:28:47.848,0.79908,0.79955,2.48,1.13
2011.09.26 12:28:48.638,0.79911,0.79954,1.73,1.50
2011.09.26 12:28:48.941,0.79911,0.79953,1.35,1.13
2011.09.26 12:28:49.278,0.79904,0.79949,2.10,1.35
2011.09.26 12:28:49.387,0.79908,0.79952,1.35,1.35
2011.09.26 12:28:50.180,0.79908,0.79952,1.35,1.35
2011.09.26 12:28:53.231,0.79912,0.79953,1.13,2.10
2011.09.26 12:28:54.401,0.79908,0.79952,1.35,1.35
2011.09.26 12:28:54.628,0.79912,0.79953,1.13,2.10
2011.09.26 12:28:58.611,0.79913,0.79953,1.13,1.35
2011.09.26 12:29:01.149,0.79911,0.79953,1.73,1.35
2011.09.26 12:29:02.889,0.79911,0.79954,2.10,2.10
2011.09.26 12:29:03.315,0.79913,0.79957,1.35,1.35
2011.09.26 12:29:03.821,0.79913,0.79957,1.35,1.35
2011.09.26 12:29:06.348,0.79917,0.79959,1.13,1.13
2011.09.26 12:29:06.708,0.79918,0.79963,1.13,2.48
2011.09.26 12:29:07.478,0.79916,0.79959,1.13,1.13
2011.09.26 12:29:12.760,0.79918,0.79959,1.13,1.13
2011.09.26 12:29:13.498,0.79913,0.79954,1.13,1.13
2011.09.26 12:29:13.609,0.79915,0.79958,1.50,1.13
2011.09.26 12:29:14.061,0.79909,0.79954,1.13,1.13
2011.09.26 12:29:14.179,0.79902,0.79954,3.38,1.35
2011.09.26 12:29:14.298,0.79902,0.79954,3.38,1.35
2011.09.26 12:29:14.971,0.79898,0.79954,1.35,1.35
2011.09.26 12:29:15.602,0.79893,0.79955,3.00,2.10
2011.09.26 12:29:15.716,0.79893,0.79955,3.00,2.10
2011.09.26 12:29:15.828,0.79893,0.79951,3.00,1.50
2011.09.26 12:29:16.094,0.79894,0.79953,1.50,1.50
2011.09.26 12:29:16.209,0.79893,0.79951,3.00,1.50
2011.09.26 12:29:16.509,0.79893,0.79951,3.00,1.50
2011.09.26 12:29:16.887,0.79897,0.79955,3.00,2.10
2011.09.26 12:29:16.996,0.79897,0.79955,3.75,2.10
2011.09.26 12:29:17.435,0.79894,0.79955,3.00,2.10
2011.09.26 12:29:17.613,0.79896,0.79955,1.50,2.10
2011.09.26 12:29:17.880,0.79894,0.79954,3.75,1.50
2011.09.26 12:29:19.151,0.79894,0.79952,3.75,1.50
2011.09.26 12:29:19.878,0.79897,0.79952,1.50,1.50
2011.09.26 12:29:21.409,0.79902,0.79954,3.38,1.50
2011.09.26 12:29:21.630,0.79902,0.79954,3.38,1.50
2011.09.26 12:29:22.006,0.79904,0.79953,1.50,1.50
2011.09.26 12:29:22.675,0.79904,0.79959,1.50,1.50
2011.09.26 12:29:23.642,0.79904,0.79954,1.50,1.50
2011.09.26 12:29:24.403,0.79904,0.79958,1.50,1.50
2011.09.26 12:29:25.240,0.79904,0.79954,1.50,1.50
2011.09.26 12:29:25.358,0.79904,0.79958,1.50,1.50
2011.09.26 12:29:25.472,0.79904,0.79954,1.50,1.50
2011.09.26 12:29:26.020,0.79905,0.79959,1.50,1.50
2011.09.26 12:29:26.453,0.79902,0.79959,3.38,1.50
2011.09.26 12:29:27.049,0.79902,0.79954,3.38,1.50
2011.09.26 12:29:28.006,0.79902,0.79954,3.38,1.50
2011.09.26 12:29:28.288,0.79905,0.79954,2.63,1.50
2011.09.26 12:29:28.618,0.79901,0.79959,2.25,1.50
2011.09.26 12:29:28.837,0.79898,0.79951,1.35,1.13
2011.09.26 12:29:28.950,0.79893,0.79943,2.63,1.35
2011.09.26 12:29:29.069,0.79892,0.79937,1.13,1.13
2011.09.26 12:29:30.829,0.79892,0.79938,1.13,1.13
2011.09.26 12:29:32.418,0.79896,0.79938,1.13,1.88
2011.09.26 12:29:34.389,0.79897,0.79938,1.50,1.50
2011.09.26 12:29:35.121,0.799,0.79942,1.13,1.13
2011.09.26 12:29:35.904,0.799,0.79942,1.13,1.13
2011.09.26 12:29:36.019,0.799,0.79942,1.13,1.13
2011.09.26 12:29:38.197,0.799,0.79942,1.13,1.13
2011.09.26 12:29:39.238,0.799,0.79942,1.13,1.13
2011.09.26 12:29:41.078,0.799,0.79942,1.13,1.13
2011.09.26 12:29:42.111,0.79897,0.7994,1.13,1.50
2011.09.26 12:29:42.728,0.799,0.79942,1.13,1.13
2011.09.26 12:29:44.188,0.79902,0.79943,1.50,2.10
2011.09.26 12:29:44.298,0.79905,0.79946,1.35,1.50
2011.09.26 12:29:44.407,0.79904,0.79946,3.23,1.50
2011.09.26 12:29:44.628,0.79903,0.79948,1.50,1.35
2011.09.26 12:29:45.211,0.79902,0.79948,1.50,1.35
2011.09.26 12:29:45.327,0.79898,0.79948,2.10,1.35
2011.09.26 12:29:45.609,0.79898,0.79948,1.35,1.35
2011.09.26 12:29:46.239,0.79898,0.79948,1.35,1.35
2011.09.26 12:29:46.999,0.79897,0.79947,1.50,1.35
2011.09.26 12:29:47.107,0.79883,0.79944,1.35,2.10
2011.09.26 12:29:47.608,0.79883,0.79942,1.35,3.00
2011.09.26 12:29:48.471,0.79886,0.79942,1.50,3.00
2011.09.26 12:29:49.098,0.79886,0.79936,1.50,1.35
2011.09.26 12:29:49.208,0.79886,0.79936,1.50,1.35
2011.09.26 12:29:49.535,0.79883,0.79934,1.50,1.35
2011.09.26 12:29:50.369,0.79883,0.79933,1.50,1.50
2011.09.26 12:29:50.587,0.79886,0.79933,1.50,1.50
2011.09.26 12:29:51.148,0.79883,0.79934,3.00,1.35
2011.09.26 12:29:51.258,0.79883,0.79934,2.25,1.35
2011.09.26 12:29:51.790,0.79872,0.79922,2.10,2.10
2011.09.26 12:29:51.912,0.79874,0.79933,3.00,3.00
2011.09.26 12:29:52.414,0.79878,0.79933,2.25,1.50
2011.09.26 12:29:53.300,0.79878,0.79929,2.25,1.50
2011.09.26 12:29:53.882,0.79868,0.7993,2.10,3.00
2011.09.26 12:29:53.990,0.79874,0.79928,2.25,1.50
2011.09.26 12:29:54.171,0.79868,0.79928,2.10,1.50
2011.09.26 12:29:54.292,0.79868,0.7992,1.50,1.35
2011.09.26 12:29:54.649,0.79864,0.7992,1.50,3.60
2011.09.26 12:29:54.758,0.79868,0.7992,1.50,3.60
2011.09.26 12:29:54.912,0.79875,0.7992,1.50,3.60
2011.09.26 12:29:55.031,0.79871,0.7992,1.50,3.00
2011.09.26 12:29:55.542,0.79887,0.79929,2.25,1.50
2011.09.26 12:29:55.659,0.79887,0.79935,2.25,1.50
2011.09.26 12:29:55.889,0.79887,0.7994,3.00,1.50
2011.09.26 12:29:56.150,0.79887,0.79944,3.00,1.35
2011.09.26 12:29:56.430,0.7989,0.79946,1.35,3.00
2011.09.26 12:29:57.998,0.7989,0.79944,1.50,1.50
2011.09.26 12:29:59.160,0.7989,0.7994,1.50,1.50
2011.09.26 12:30:00.139,0.79887,0.79939,3.00,1.50
2011.09.26 12:30:01.716,0.79889,0.79944,1.50,1.50
2011.09.26 12:30:02.379,0.79888,0.79946,3.00,1.50
2011.09.26 12:30:02.749,0.79891,0.79955,1.35,1.50
2011.09.26 12:30:03.099,0.79891,0.79955,1.35,1.50
2011.09.26 12:30:03.221,0.79891,0.79954,1.35,1.50
2011.09.26 12:30:03.824,0.79887,0.79956,1.50,1.35
2011.09.26 12:30:04.338,0.79881,0.79951,1.50,3.00
2011.09.26 12:30:04.580,0.79888,0.79951,1.50,3.00
2011.09.26 12:30:05.120,0.79892,0.79956,1.50,3.60
2011.09.26 12:30:05.567,0.799,0.79953,2.25,1.50
2011.09.26 12:30:06.209,0.799,0.79958,3.00,3.00
2011.09.26 12:30:06.987,0.799,0.79954,2.25,1.50
2011.09.26 12:30:07.682,0.799,0.79954,3.00,1.50
2011.09.26 12:30:07.799,0.79905,0.79958,1.50,3.75
2011.09.26 12:30:08.019,0.79905,0.79958,1.35,3.00
2011.09.26 12:30:08.559,0.79906,0.79967,1.35,3.00
2011.09.26 12:30:08.668,0.79905,0.79966,1.50,1.35
2011.09.26 12:30:10.402,0.79902,0.79965,1.50,1.50
2011.09.26 12:30:11.274,0.79902,0.79965,1.50,1.50
2011.09.26 12:30:14.267,0.79903,0.79964,1.50,1.50
2011.09.26 12:30:15.889,0.79903,0.79964,1.50,1.50
2011.09.26 12:30:19.842,0.79902,0.79964,1.50,1.50
2011.09.26 12:30:21.373,0.799,0.79965,3.00,1.50
2011.09.26 12:30:23.678,0.79902,0.79966,1.50,2.10
2011.09.26 12:30:24.151,0.79905,0.79959,1.50,3.00
2011.09.26 12:30:25.157,0.79898,0.79958,3.60,1.50
2011.09.26 12:30:25.596,0.79898,0.79958,3.60,1.50
2011.09.26 12:30:25.708,0.799,0.79958,1.50,1.50
2011.09.26 12:30:26.210,0.79902,0.79956,2.25,1.13
2011.09.26 12:30:26.428,0.79891,0.79945,1.50,1.13
2011.09.26 12:30:26.537,0.79887,0.79945,1.13,1.13
2011.09.26 12:30:27.905,0.79886,0.79944,3.38,1.50
2011.09.26 12:30:28.128,0.79887,0.79945,1.13,1.73
2011.09.26 12:30:29.241,0.79887,0.79944,1.13,1.50
2011.09.26 12:30:30.218,0.79887,0.7994,1.88,1.50
2011.09.26 12:30:35.667,0.79891,0.79944,1.13,1.50
2011.09.26 12:30:35.879,0.79891,0.79945,1.13,1.35
2011.09.26 12:30:37.640,0.79891,0.79945,1.13,1.35
2011.09.26 12:30:37.938,0.79891,0.79945,1.13,1.35
2011.09.26 12:30:38.047,0.79891,0.79943,1.13,1.50
2011.09.26 12:30:38.192,0.79891,0.79945,1.13,1.35
2011.09.26 12:30:38.666,0.79886,0.79945,3.38,1.35
2011.09.26 12:30:39.856,0.79891,0.79945,1.13,1.35
2011.09.26 12:30:40.180,0.79891,0.79945,1.13,1.35
2011.09.26 12:30:40.409,0.7989,0.7993,2.25,1.13
2011.09.26 12:30:40.573,0.7989,0.79936,2.25,1.50
2011.09.26 12:30:40.689,0.79886,0.79936,1.50,1.13
2011.09.26 12:30:40.798,0.79879,0.79936,2.25,1.35
2011.09.26 12:30:40.909,0.79871,0.79936,1.50,1.35
2011.09.26 12:30:41.019,0.79869,0.79934,1.13,2.10
2011.09.26 12:30:42.489,0.79869,0.7993,3.38,3.38
2011.09.26 12:30:43.199,0.79872,0.79929,1.50,1.13
2011.09.26 12:30:43.771,0.79872,0.79929,1.50,1.13
2011.09.26 12:30:43.919,0.79874,0.79929,1.50,1.13
2011.09.26 12:30:44.188,0.79874,0.79929,1.50,1.13
2011.09.26 12:30:44.296,0.79876,0.79929,1.50,1.13
2011.09.26 12:30:45.429,0.79876,0.79929,1.50,1.13
2011.09.26 12:30:46.194,0.79882,0.7993,1.50,2.25
2011.09.26 12:30:46.508,0.79876,0.79925,1.50,2.25
2011.09.26 12:30:46.619,0.79876,0.79939,1.50,2.85
2011.09.26 12:30:47.574,0.79876,0.7994,1.50,3.00
2011.09.26 12:30:48.175,0.79876,0.79942,1.50,3.00
2011.09.26 12:30:48.697,0.79871,0.79942,1.50,3.75
2011.09.26 12:30:50.588,0.79876,0.79942,1.50,3.75
2011.09.26 12:30:51.368,0.79876,0.7994,1.50,1.50
2011.09.26 12:30:51.477,0.79876,0.7994,1.50,1.50
2011.09.26 12:30:52.683,0.79884,0.79942,1.50,3.00
2011.09.26 12:30:54.219,0.7988,0.79942,1.50,3.00
2011.09.26 12:30:55.239,0.7988,0.79939,1.50,1.50
2011.09.26 12:30:56.960,0.79886,0.79939,1.13,1.50
2011.09.26 12:30:58.008,0.79887,0.79939,1.13,1.50
2011.09.26 12:30:59.212,0.79892,0.79938,1.50,1.50
2011.09.26 12:31:00.598,0.79895,0.79947,1.50,3.00
2011.09.26 12:31:00.712,0.79897,0.79947,1.50,2.25
2011.09.26 12:31:00.833,0.79894,0.79946,1.13,3.00
2011.09.26 12:31:00.948,0.79892,0.79948,1.13,1.35
2011.09.26 12:31:01.061,0.79894,0.79948,3.38,1.35
2011.09.26 12:31:01.768,0.79901,0.79953,1.13,2.25
2011.09.26 12:31:01.877,0.79902,0.79953,1.13,2.25
2011.09.26 12:31:01.989,0.79911,0.7998,1.35,1.73
2011.09.26 12:31:02.208,0.79917,0.79979,1.35,3.00
2011.09.26 12:31:05.011,0.79911,0.79974,1.50,1.50
2011.09.26 12:31:05.240,0.79911,0.79974,1.50,1.50
2011.09.26 12:31:06.327,0.79917,0.79978,1.50,1.50
2011.09.26 12:31:07.449,0.79916,0.79974,1.50,3.00
2011.09.26 12:31:07.997,0.79907,0.79973,1.50,1.50
2011.09.26 12:31:08.195,0.79907,0.79973,1.50,1.50
2011.09.26 12:31:09.421,0.79917,0.79979,1.50,3.00
2011.09.26 12:31:10.816,0.79916,0.79979,1.50,3.75
2011.09.26 12:31:11.430,0.79911,0.79973,1.50,1.50
2011.09.26 12:31:12.011,0.79911,0.79971,1.50,1.13
2011.09.26 12:31:12.241,0.79916,0.79968,1.50,3.00
2011.09.26 12:31:12.829,0.79912,0.79968,1.50,3.00
2011.09.26 12:31:13.745,0.79906,0.79964,1.50,1.50
2011.09.26 12:31:13.860,0.79908,0.79962,1.13,3.75
2011.09.26 12:31:13.984,0.79906,0.79956,1.13,1.50
2011.09.26 12:31:14.190,0.79904,0.79956,1.50,1.13
2011.09.26 12:31:14.418,0.79904,0.79956,1.13,3.75
2011.09.26 12:31:14.758,0.799,0.79955,3.00,1.13
2011.09.26 12:31:14.977,0.79897,0.79954,1.35,1.50
2011.09.26 12:31:16.792,0.79897,0.79954,1.35,1.88
2011.09.26 12:31:18.498,0.79903,0.79957,1.50,1.13
2011.09.26 12:31:19.090,0.79902,0.79953,1.50,1.50
2011.09.26 12:31:20.190,0.79908,0.79957,1.50,1.13
2011.09.26 12:31:21.349,0.79902,0.79954,1.13,1.50
2011.09.26 12:31:21.680,0.79906,0.79956,1.13,1.50
2011.09.26 12:31:21.798,0.79906,0.79959,1.13,1.50
2011.09.26 12:31:21.910,0.79902,0.79954,1.13,3.00
2011.09.26 12:31:22.029,0.79896,0.79954,1.50,3.00
2011.09.26 12:31:22.274,0.79896,0.79946,1.50,2.25
2011.09.26 12:31:22.500,0.79887,0.79946,3.75,3.38
2011.09.26 12:31:23.589,0.79895,0.79946,1.50,3.38
2011.09.26 12:31:24.240,0.79895,0.79944,1.50,1.13
2011.09.26 12:31:24.578,0.79894,0.79942,1.50,1.13
2011.09.26 12:31:25.579,0.79891,0.79942,1.50,1.13
2011.09.26 12:31:27.367,0.79891,0.79942,1.50,1.13
2011.09.26 12:31:28.858,0.79891,0.79936,1.50,1.13
2011.09.26 12:31:28.968,0.79891,0.79936,1.50,1.73
2011.09.26 12:31:33.237,0.79888,0.79935,1.50,3.38
2011.09.26 12:31:35.179,0.79888,0.79935,1.50,3.00
2011.09.26 12:31:35.288,0.79888,0.79937,1.50,1.13
2011.09.26 12:31:35.396,0.79887,0.79937,1.50,1.13
2011.09.26 12:31:36.161,0.79888,0.79937,1.50,1.13
2011.09.26 12:31:37.149,0.79888,0.79937,1.50,1.13
2011.09.26 12:31:37.488,0.79888,0.79937,1.50,1.13
2011.09.26 12:31:37.596,0.7989,0.79937,1.50,1.13
2011.09.26 12:31:37.752,0.7989,0.79937,1.50,1.13
2011.09.26 12:31:38.087,0.7989,0.79937,1.50,1.13
2011.09.26 12:31:38.408,0.7989,0.79937,1.50,1.13
2011.09.26 12:31:39.018,0.7989,0.79935,1.50,1.13
2011.09.26 12:31:39.132,0.79886,0.79935,1.50,1.13
2011.09.26 12:31:39.661,0.79886,0.79934,1.50,1.13
2011.09.26 12:31:39.999,0.79887,0.79934,1.50,1.13
2011.09.26 12:31:43.448,0.79887,0.79938,1.50,4.13
2011.09.26 12:31:44.837,0.79889,0.79938,1.50,3.38
2011.09.26 12:31:45.389,0.79889,0.79936,1.50,1.13
2011.09.26 12:31:45.826,0.79887,0.79936,1.50,3.00
2011.09.26 12:31:47.419,0.79888,0.79937,1.50,1.13
2011.09.26 12:31:49.078,0.79891,0.79938,1.50,1.13
2011.09.26 12:31:50.443,0.79891,0.79938,1.50,1.13
2011.09.26 12:31:54.797,0.79891,0.79937,1.50,1.13
2011.09.26 12:31:56.558,0.79891,0.79938,1.50,1.13
2011.09.26 12:31:59.050,0.79894,0.79942,1.50,3.38
2011.09.26 12:31:59.190,0.79894,0.79941,1.50,1.13
2011.09.26 12:31:59.309,0.79894,0.79939,1.50,2.63
2011.09.26 12:31:59.969,0.79892,0.79938,1.50,1.13
2011.09.26 12:32:01.230,0.79891,0.79938,1.50,1.13
2011.09.26 12:32:02.169,0.79893,0.79939,1.50,3.38
2011.09.26 12:32:05.907,0.79895,0.79939,1.50,3.00
2011.09.26 12:32:06.348,0.79896,0.79948,1.50,1.50
2011.09.26 12:32:06.457,0.79897,0.79948,1.50,1.13
2011.09.26 12:32:08.991,0.79896,0.79947,1.50,2.63
2011.09.26 12:32:09.879,0.79897,0.79945,1.50,1.13
2011.09.26 12:32:11.259,0.79897,0.79945,1.50,1.13
2011.09.26 12:32:11.367,0.79891,0.79945,1.50,1.13
2011.09.26 12:32:11.608,0.79891,0.79947,1.88,3.00
2011.09.26 12:32:12.120,0.79895,0.79951,3.00,1.35
2011.09.26 12:32:15.039,0.79891,0.79949,1.88,1.13
2011.09.26 12:32:15.699,0.79891,0.79945,1.50,1.13
2011.09.26 12:32:15.957,0.79892,0.79947,1.50,2.25
2011.09.26 12:32:16.090,0.79892,0.79951,1.50,1.35
2011.09.26 12:32:16.208,0.79892,0.79948,1.50,1.13
2011.09.26 12:32:17.360,0.79897,0.79945,1.50,1.13
2011.09.26 12:32:18.178,0.79897,0.7995,1.50,1.50
2011.09.26 12:32:18.621,0.79896,0.79951,1.50,1.35
2011.09.26 12:32:19.316,0.79902,0.7995,1.50,1.50
2011.09.26 12:32:22.119,0.79902,0.79948,1.50,1.13
2011.09.26 12:32:22.336,0.79896,0.79946,1.50,2.63
2011.09.26 12:32:23.399,0.79901,0.79946,1.50,2.63
2011.09.26 12:32:24.326,0.79901,0.79946,1.50,3.38
2011.09.26 12:32:27.400,0.79901,0.79944,1.88,1.13
2011.09.26 12:32:27.740,0.79897,0.7995,1.13,1.50
2011.09.26 12:32:28.188,0.79907,0.79952,1.13,1.13
2011.09.26 12:32:28.378,0.79906,0.79953,1.13,1.50
2011.09.26 12:32:28.486,0.79906,0.7996,1.13,1.50
2011.09.26 12:32:28.846,0.79911,0.79966,1.35,3.38
2011.09.26 12:32:29.337,0.79911,0.79966,1.35,3.38
2011.09.26 12:32:29.991,0.79917,0.79963,1.50,1.50
2011.09.26 12:32:30.490,0.79918,0.79963,1.50,1.50
2011.09.26 12:32:31.940,0.79917,0.79963,1.50,1.50
2011.09.26 12:32:32.278,0.79917,0.79966,1.50,3.38
2011.09.26 12:32:32.390,0.79917,0.79965,1.50,2.25
2011.09.26 12:32:32.969,0.79911,0.79969,1.35,1.50
2011.09.26 12:32:36.888,0.79921,0.79971,1.50,3.00
2011.09.26 12:32:39.248,0.79917,0.79968,1.50,1.50
2011.09.26 12:32:41.376,0.79917,0.79971,1.50,1.50
2011.09.26 12:32:41.772,0.79924,0.79969,1.13,1.13
2011.09.26 12:32:42.197,0.79924,0.79971,1.50,1.50
2011.09.26 12:32:42.328,0.79928,0.79978,1.13,1.50
2011.09.26 12:32:42.438,0.79928,0.7998,3.38,1.50
2011.09.26 12:32:42.993,0.79928,0.79983,3.38,1.50
2011.09.26 12:32:43.107,0.79928,0.79983,3.38,1.50
2011.09.26 12:32:45.181,0.79932,0.79986,1.35,1.13
2011.09.26 12:32:45.298,0.79932,0.79986,1.35,1.88
2011.09.26 12:32:45.691,0.79932,0.79986,1.35,1.88
2011.09.26 12:32:46.232,0.79932,0.79986,1.35,1.88
2011.09.26 12:32:46.349,0.79932,0.79983,1.35,1.50
2011.09.26 12:32:46.739,0.79932,0.79983,1.35,1.50
2011.09.26 12:32:46.859,0.79932,0.79983,1.35,1.50
2011.09.26 12:32:48.378,0.79926,0.79982,1.50,1.13
2011.09.26 12:32:49.248,0.79926,0.79982,1.50,1.13
2011.09.26 12:32:50.300,0.79926,0.79982,1.50,1.13
2011.09.26 12:32:51.489,0.79926,0.79982,1.50,1.13
2011.09.26 12:32:51.599,0.79928,0.79983,3.00,1.35
2011.09.26 12:32:51.744,0.79928,0.79983,3.00,1.35
2011.09.26 12:32:52.867,0.79928,0.79983,3.00,2.10
2011.09.26 12:32:54.864,0.79928,0.79983,3.00,1.35
2011.09.26 12:32:56.251,0.79931,0.79983,1.50,1.35
2011.09.26 12:32:56.369,0.79931,0.79983,1.50,2.10
2011.09.26 12:32:56.861,0.79928,0.79983,3.00,2.10
2011.09.26 12:32:57.218,0.79931,0.79983,3.38,2.10
2011.09.26 12:32:57.960,0.79931,0.79982,3.38,1.50
2011.09.26 12:32:58.078,0.79931,0.79974,2.63,1.50
2011.09.26 12:32:58.298,0.79918,0.79969,3.23,1.50
2011.09.26 12:32:58.738,0.7991,0.79968,1.50,1.50
2011.09.26 12:32:58.847,0.7991,0.79962,1.50,1.13
2011.09.26 12:32:59.123,0.7991,0.79958,1.50,1.13
2011.09.26 12:33:00.820,0.79915,0.7996,1.13,1.13
2011.09.26 12:33:00.940,0.79915,0.7996,1.73,1.13
2011.09.26 12:33:01.282,0.79919,0.79966,1.13,2.48
2011.09.26 12:33:01.630,0.79912,0.79958,2.85,2.85
2011.09.26 12:33:02.105,0.79901,0.79947,1.35,2.10
2011.09.26 12:33:02.221,0.79892,0.79951,1.13,3.23
2011.09.26 12:33:03.437,0.79892,0.79948,1.13,1.35
2011.09.26 12:33:03.659,0.7989,0.79948,3.60,1.35
2011.09.26 12:33:03.768,0.7989,0.79943,3.60,1.13
2011.09.26 12:33:03.879,0.7989,0.79943,1.35,1.13
2011.09.26 12:33:04.284,0.7989,0.79936,1.35,2.25
2011.09.26 12:33:04.413,0.7989,0.79943,1.73,3.00
2011.09.26 12:33:04.531,0.7989,0.79944,2.10,1.50
2011.09.26 12:33:04.764,0.79895,0.79946,1.35,1.13
2011.09.26 12:33:05.320,0.79886,0.79945,3.98,2.25
2011.09.26 12:33:05.559,0.79891,0.79949,1.13,2.48
2011.09.26 12:33:05.778,0.79889,0.79946,1.13,3.00
2011.09.26 12:33:06.168,0.79887,0.79943,1.50,1.50
2011.09.26 12:33:06.303,0.79886,0.79939,1.35,1.13
2011.09.26 12:33:06.423,0.79892,0.79938,1.13,1.13
2011.09.26 12:33:08.977,0.79896,0.79942,1.35,3.38
2011.09.26 12:33:09.087,0.79896,0.79943,1.35,1.88
2011.09.26 12:33:10.028,0.79893,0.79945,1.35,3.00
2011.09.26 12:33:10.580,0.79896,0.79945,1.35,3.00
2011.09.26 12:33:10.698,0.79893,0.79945,1.35,2.25
2011.09.26 12:33:11.316,0.79896,0.79945,1.35,2.63
2011.09.26 12:33:12.218,0.79897,0.79947,1.50,1.35
2011.09.26 12:33:12.834,0.79897,0.79953,1.13,2.85
2011.09.26 12:33:12.948,0.79897,0.79954,1.88,3.00
2011.09.26 12:33:13.462,0.79898,0.7996,3.00,1.50
2011.09.26 12:33:14.078,0.79895,0.79956,2.10,3.00
2011.09.26 12:33:14.190,0.79895,0.79956,2.10,3.00
2011.09.26 12:33:15.189,0.79895,0.79956,2.10,3.75
2011.09.26 12:33:17.219,0.79895,0.79956,2.10,3.75
2011.09.26 12:33:17.765,0.79895,0.79956,1.50,3.75
2011.09.26 12:33:18.770,0.79896,0.79955,1.13,1.50
2011.09.26 12:33:19.153,0.79899,0.79955,2.25,1.50
2011.09.26 12:33:19.627,0.79893,0.79955,3.38,1.50
2011.09.26 12:33:19.737,0.79895,0.79955,1.50,1.50
2011.09.26 12:33:20.250,0.79893,0.79954,2.63,1.50
2011.09.26 12:33:20.639,0.79899,0.79948,2.25,1.50
2011.09.26 12:33:20.748,0.7989,0.79948,2.25,1.50
2011.09.26 12:33:20.972,0.7989,0.79948,2.25,1.13
2011.09.26 12:33:21.088,0.79882,0.79944,1.35,3.00
2011.09.26 12:33:21.460,0.79886,0.79944,2.85,1.13
2011.09.26 12:33:21.578,0.79881,0.79943,1.13,3.23
2011.09.26 12:33:21.688,0.79883,0.79943,1.13,3.23
2011.09.26 12:33:23.916,0.79883,0.79943,1.13,3.23
2011.09.26 12:33:24.278,0.79883,0.79938,1.50,1.13
2011.09.26 12:33:24.884,0.7988,0.79938,1.35,3.00
2011.09.26 12:33:24.998,0.7988,0.79943,1.35,2.10
2011.09.26 12:33:25.344,0.7988,0.79943,1.35,2.48
2011.09.26 12:33:26.139,0.7988,0.79943,1.35,2.48
2011.09.26 12:33:26.670,0.79883,0.79942,1.50,1.13
2011.09.26 12:33:27.066,0.79882,0.79941,1.50,1.50
2011.09.26 12:33:27.288,0.79878,0.79938,1.13,3.38
2011.09.26 12:33:27.769,0.79881,0.79938,1.50,2.63
2011.09.26 12:33:27.931,0.79878,0.79938,1.13,3.38
2011.09.26 12:33:28.460,0.79882,0.79938,1.50,4.13
2011.09.26 12:33:29.218,0.79882,0.79938,1.50,4.13
2011.09.26 12:33:31.270,0.79882,0.79936,1.50,1.50
2011.09.26 12:33:32.039,0.79882,0.79936,1.13,1.50
2011.09.26 12:33:32.417,0.79878,0.79935,3.00,1.50
2011.09.26 12:33:32.542,0.79874,0.79938,1.35,1.50
2011.09.26 12:33:32.659,0.79873,0.79931,3.23,1.50
2011.09.26 12:33:32.768,0.79873,0.79934,3.23,1.50
2011.09.26 12:33:33.241,0.79873,0.79931,3.23,1.50
2011.09.26 12:33:33.680,0.79874,0.79933,1.35,1.50
2011.09.26 12:33:33.804,0.79873,0.79931,3.23,1.50
2011.09.26 12:33:34.358,0.79873,0.79933,2.63,1.50
2011.09.26 12:33:35.359,0.79873,0.79933,3.38,1.50
2011.09.26 12:33:35.968,0.7987,0.79934,3.00,1.50
2011.09.26 12:33:36.394,0.79873,0.79936,1.50,3.00
2011.09.26 12:33:37.556,0.79873,0.79933,1.50,1.50
2011.09.26 12:33:37.667,0.79873,0.79936,1.50,3.00
2011.09.26 12:33:38.759,0.79875,0.79932,1.50,1.13
2011.09.26 12:33:39.652,0.79882,0.79936,1.50,3.00
2011.09.26 12:33:39.770,0.79882,0.79936,1.50,2.25
2011.09.26 12:33:40.168,0.79878,0.79939,1.13,1.35
2011.09.26 12:33:40.278,0.79878,0.79943,1.73,1.50
2011.09.26 12:33:40.498,0.7989,0.79946,1.13,3.00
2011.09.26 12:33:40.610,0.79891,0.79949,3.00,1.35
2011.09.26 12:33:42.376,0.79891,0.79954,3.75,1.50
2011.09.26 12:33:42.971,0.79897,0.79956,1.50,3.00
2011.09.26 12:33:43.089,0.79897,0.79958,1.50,1.50
2011.09.26 12:33:43.202,0.79895,0.79958,1.13,1.50
2011.09.26 12:33:43.739,0.79903,0.79964,3.38,1.73
2011.09.26 12:33:43.863,0.79901,0.7996,3.38,2.85
2011.09.26 12:33:43.977,0.79906,0.79954,1.13,1.50
2011.09.26 12:33:44.198,0.79896,0.79955,3.00,3.38
2011.09.26 12:33:45.481,0.79904,0.79958,1.13,3.00
2011.09.26 12:33:45.602,0.79904,0.7996,1.13,1.35
2011.09.26 12:33:45.719,0.79906,0.79963,1.73,3.00
2011.09.26 12:33:46.049,0.79906,0.79964,2.10,3.00
2011.09.26 12:33:46.848,0.79906,0.79964,2.10,3.00
2011.09.26 12:33:47.960,0.79908,0.79963,1.13,1.50
2011.09.26 12:33:48.640,0.79908,0.79963,1.13,1.50
2011.09.26 12:33:49.028,0.79909,0.79963,3.38,1.50
2011.09.26 12:33:49.169,0.79909,0.79963,3.00,1.50
2011.09.26 12:33:49.277,0.79908,0.79963,1.35,1.50
2011.09.26 12:33:50.247,0.79908,0.79963,1.35,1.50
2011.09.26 12:33:50.577,0.79912,0.79968,1.13,1.50
2011.09.26 12:33:50.828,0.79915,0.79968,2.63,1.50
2011.09.26 12:33:52.909,0.79911,0.79966,3.00,1.50
2011.09.26 12:33:53.238,0.79911,0.79961,3.00,1.35
2011.09.26 12:33:53.618,0.79904,0.7996,1.50,1.50
2011.09.26 12:33:54.332,0.79906,0.7996,3.75,1.50
2011.09.26 12:33:54.440,0.79911,0.79964,1.13,1.35
2011.09.26 12:33:55.049,0.79908,0.79964,1.88,1.35
2011.09.26 12:33:55.308,0.7991,0.79961,2.63,1.35
2011.09.26 12:33:56.160,0.79912,0.79961,1.13,1.35
2011.09.26 12:33:57.167,0.79907,0.79961,3.38,1.35
2011.09.26 12:33:57.869,0.79907,0.79961,2.63,1.35
2011.09.26 12:33:57.978,0.7991,0.79961,2.25,1.35
2011.09.26 12:33:58.087,0.79906,0.79962,1.50,1.35
2011.09.26 12:33:58.197,0.79905,0.79961,1.13,1.35
2011.09.26 12:33:58.530,0.79904,0.79961,1.13,1.35
2011.09.26 12:33:58.650,0.79907,0.79962,3.38,1.35
2011.09.26 12:33:59.246,0.79908,0.79962,1.13,1.35
2011.09.26 12:33:59.931,0.7991,0.79958,1.50,1.13
2011.09.26 12:34:02.427,0.79915,0.79962,2.10,1.13
2011.09.26 12:34:02.539,0.79915,0.79961,2.10,1.50
2011.09.26 12:34:02.757,0.79912,0.79962,1.35,3.00
2011.09.26 12:34:02.869,0.79913,0.79962,1.35,1.13
2011.09.26 12:34:03.440,0.79916,0.79961,1.13,1.73
2011.09.26 12:34:03.559,0.79909,0.7996,1.35,1.35
2011.09.26 12:34:03.668,0.79909,0.79959,1.35,1.35
2011.09.26 12:34:05.401,0.79909,0.79957,1.35,1.35
2011.09.26 12:34:06.477,0.79911,0.79959,2.63,1.35
2011.09.26 12:34:07.107,0.79902,0.79958,2.10,1.50
2011.09.26 12:34:08.982,0.79907,0.79962,1.50,1.50
2011.09.26 12:34:09.470,0.79903,0.79954,1.50,1.13
2011.09.26 12:34:09.817,0.79903,0.79955,3.75,1.13
2011.09.26 12:34:10.521,0.79908,0.79956,1.50,1.13
2011.09.26 12:34:11.700,0.79912,0.79955,1.13,1.13
2011.09.26 12:34:12.979,0.79909,0.79953,1.88,1.13
2011.09.26 12:34:13.382,0.79907,0.79953,1.13,1.13
2011.09.26 12:34:13.961,0.79906,0.7996,1.13,3.60
2011.09.26 12:34:14.188,0.79907,0.79954,1.13,1.13
2011.09.26 12:34:14.801,0.79905,0.7996,1.88,1.35
2011.09.26 12:34:15.367,0.79908,0.79964,1.35,1.50
2011.09.26 12:34:15.795,0.79909,0.79958,1.13,1.13
2011.09.26 12:34:16.310,0.79909,0.79958,1.13,3.23
2011.09.26 12:34:16.431,0.79906,0.79955,1.13,1.35
2011.09.26 12:34:17.077,0.79904,0.79956,2.25,1.35
2011.09.26 12:34:17.501,0.79904,0.79958,3.00,2.10
2011.09.26 12:34:17.618,0.79901,0.79967,2.10,3.00
2011.09.26 12:34:17.922,0.79901,0.79967,2.10,3.75
2011.09.26 12:34:18.262,0.79901,0.79967,2.10,3.00
2011.09.26 12:34:18.483,0.79901,0.79967,2.10,3.00
2011.09.26 12:34:18.878,0.79904,0.79967,1.50,3.00
2011.09.26 12:34:19.323,0.79904,0.79961,1.50,2.25
2011.09.26 12:34:19.472,0.79904,0.79965,1.50,2.25
2011.09.26 12:34:19.641,0.79903,0.79965,1.50,3.00
2011.09.26 12:34:19.987,0.79903,0.79961,1.50,2.25
2011.09.26 12:34:21.509,0.79904,0.79964,1.50,3.00
2011.09.26 12:34:21.952,0.79904,0.79966,1.50,1.50
2011.09.26 12:34:22.951,0.79904,0.79966,1.50,1.50
2011.09.26 12:34:23.460,0.79904,0.79963,1.50,1.13
2011.09.26 12:34:23.802,0.799,0.79959,1.50,1.73
2011.09.26 12:34:23.919,0.79894,0.79958,3.75,2.10
2011.09.26 12:34:24.140,0.79894,0.79951,1.50,2.25
2011.09.26 12:34:24.599,0.79898,0.79951,1.13,2.25
2011.09.26 12:34:24.713,0.799,0.79962,1.13,1.50
2011.09.26 12:34:25.368,0.79902,0.79958,1.13,1.50
2011.09.26 12:34:26.800,0.79902,0.79959,1.13,4.35
2011.09.26 12:34:26.918,0.79902,0.79959,1.88,4.35
2011.09.26 12:34:27.463,0.79902,0.79959,1.88,3.60
2011.09.26 12:34:28.219,0.79902,0.79959,1.13,1.35
2011.09.26 12:34:28.549,0.79902,0.79959,1.13,2.10
2011.09.26 12:34:29.087,0.79897,0.79953,1.50,1.13
2011.09.26 12:34:29.198,0.79901,0.79952,1.50,2.25
2011.09.26 12:34:29.982,0.79902,0.79952,1.50,2.25
2011.09.26 12:34:30.750,0.79901,0.79959,1.13,1.35
2011.09.26 12:34:34.216,0.79906,0.79959,1.50,1.35
2011.09.26 12:34:34.698,0.79901,0.79959,1.88,1.35
2011.09.26 12:34:36.906,0.79906,0.79959,1.50,1.35
2011.09.26 12:34:37.128,0.79906,0.79959,1.13,1.35
2011.09.26 12:34:37.548,0.79903,0.79959,2.25,1.35
2011.09.26 12:34:37.658,0.79897,0.79959,1.50,1.35
2011.09.26 12:34:38.217,0.799,0.79959,1.50,1.35
2011.09.26 12:34:39.215,0.799,0.79959,1.50,1.35
2011.09.26 12:34:41.962,0.799,0.79959,1.50,1.35
2011.09.26 12:34:42.309,0.79899,0.79959,1.50,2.48
2011.09.26 12:34:42.419,0.79897,0.79944,1.50,1.13
2011.09.26 12:34:42.528,0.79896,0.79944,1.50,3.38
2011.09.26 12:34:44.676,0.79897,0.79944,1.50,4.13
2011.09.26 12:34:45.199,0.79896,0.79944,1.50,4.13
2011.09.26 12:34:45.810,0.79896,0.79944,1.50,4.13
2011.09.26 12:34:53.917,0.79902,0.79952,1.13,1.35
2011.09.26 12:34:54.510,0.79905,0.79953,1.13,1.35
2011.09.26 12:34:56.441,0.79906,0.79954,1.50,1.35
2011.09.26 12:34:58.913,0.79905,0.79952,1.88,1.35
2011.09.26 12:34:59.753,0.79903,0.79956,1.50,1.73
2011.09.26 12:34:59.976,0.79899,0.79952,1.13,1.35
2011.09.26 12:35:00.198,0.79897,0.79952,1.13,1.35
2011.09.26 12:35:00.309,0.79895,0.7995,1.35,3.38
2011.09.26 12:35:00.440,0.79894,0.79949,1.35,1.13
2011.09.26 12:35:01.268,0.79895,0.79952,1.35,2.85
2011.09.26 12:35:02.968,0.79895,0.79952,1.35,2.85
2011.09.26 12:35:03.708,0.79897,0.79952,1.13,1.35
2011.09.26 12:35:04.036,0.79901,0.79959,1.73,3.00
2011.09.26 12:35:06.221,0.79903,0.79959,1.35,3.00
2011.09.26 12:35:09.349,0.79903,0.79959,1.35,3.00
2011.09.26 12:35:11.577,0.79902,0.79959,2.10,3.00
2011.09.26 12:35:11.879,0.79903,0.79959,1.35,3.00
2011.09.26 12:35:13.315,0.79902,0.79959,1.35,3.00
2011.09.26 12:35:13.641,0.79903,0.79959,1.35,3.00
2011.09.26 12:35:14.918,0.79896,0.79955,3.00,1.35
2011.09.26 12:35:15.139,0.79894,0.79962,1.50,1.50
2011.09.26 12:35:15.292,0.79894,0.79963,1.50,3.00
2011.09.26 12:35:15.519,0.7989,0.79963,2.10,3.00
2011.09.26 12:35:15.959,0.79892,0.79963,1.50,2.25
2011.09.26 12:35:16.180,0.79895,0.79963,1.50,2.25
2011.09.26 12:35:16.640,0.7991,0.79967,1.13,1.50
2011.09.26 12:35:16.977,0.79913,0.79969,3.38,1.50
2011.09.26 12:35:17.850,0.79913,0.79967,3.38,1.50
2011.09.26 12:35:18.949,0.79913,0.79967,3.00,1.50
2011.09.26 12:35:19.286,0.79904,0.79965,1.35,1.35
2011.09.26 12:35:19.811,0.799,0.79965,1.35,1.35
2011.09.26 12:35:19.928,0.79896,0.79966,2.10,1.50
2011.09.26 12:35:20.788,0.799,0.79966,1.50,1.50
2011.09.26 12:35:21.246,0.79896,0.7997,1.35,3.00
2011.09.26 12:35:22.141,0.79896,0.7997,1.35,3.00
2011.09.26 12:35:24.618,0.79896,0.7997,1.35,3.00
2011.09.26 12:35:25.170,0.79896,0.7997,1.35,3.00
2011.09.26 12:35:27.154,0.79896,0.7997,1.35,3.00
2011.09.26 12:35:29.959,0.79896,0.79969,3.60,3.00
2011.09.26 12:35:30.447,0.79896,0.79969,3.60,3.00
2011.09.26 12:35:31.237,0.79898,0.79973,3.00,1.13
2011.09.26 12:35:32.161,0.79896,0.79969,3.60,3.00
2011.09.26 12:35:33.527,0.79896,0.79969,3.60,3.00
2011.09.26 12:35:35.180,0.79896,0.79969,3.60,3.00
2011.09.26 12:35:46.679,0.79896,0.79969,3.60,3.00
2011.09.26 12:35:47.117,0.79896,0.79967,1.35,2.25
2011.09.26 12:35:47.229,0.79896,0.79967,1.35,3.00
2011.09.26 12:35:47.449,0.79883,0.7996,1.35,2.63
2011.09.26 12:35:47.900,0.79883,0.79954,1.35,2.25
2011.09.26 12:35:48.445,0.79883,0.79954,1.35,2.25
2011.09.26 12:35:48.561,0.79883,0.79952,1.35,2.25
2011.09.26 12:35:48.679,0.79883,0.79952,1.35,2.25
2011.09.26 12:35:48.788,0.79883,0.79952,1.35,2.25
2011.09.26 12:35:48.896,0.79883,0.79955,1.35,2.25
2011.09.26 12:35:50.261,0.79883,0.79955,1.35,2.25
2011.09.26 12:35:52.179,0.79883,0.79955,1.35,2.25
2011.09.26 12:35:53.228,0.79883,0.79955,1.35,2.25
2011.09.26 12:35:53.938,0.79883,0.79955,1.35,2.25
2011.09.26 12:35:55.219,0.79883,0.79955,1.35,3.00
2011.09.26 12:36:01.217,0.79883,0.79955,1.35,3.00
2011.09.26 12:36:01.444,0.79881,0.79955,1.35,3.00
2011.09.26 12:36:01.559,0.79881,0.79955,2.10,3.00
2011.09.26 12:36:01.886,0.79883,0.79959,3.23,3.00
2011.09.26 12:36:02.579,0.79883,0.79959,3.98,3.00
2011.09.26 12:36:03.744,0.79883,0.79959,3.23,3.00
2011.09.26 12:36:04.018,0.79883,0.79959,3.98,3.00
2011.09.26 12:36:05.610,0.79883,0.79959,3.98,3.00
2011.09.26 12:36:11.380,0.79883,0.79959,3.98,3.00
2011.09.26 12:36:14.950,0.79883,0.79959,3.98,3.00
2011.09.26 12:36:15.068,0.79883,0.79954,1.35,2.25
2011.09.26 12:36:17.617,0.79883,0.79954,1.35,3.00
2011.09.26 12:36:17.837,0.79883,0.79954,1.73,3.00
2011.09.26 12:36:17.947,0.79883,0.79959,3.98,3.00
2011.09.26 12:36:18.289,0.7989,0.79965,3.38,1.35
2011.09.26 12:36:18.754,0.7989,0.79965,2.63,1.35
2011.09.26 12:36:19.472,0.79883,0.79959,3.60,3.00
2011.09.26 12:36:19.654,0.79883,0.79959,3.60,3.00
2011.09.26 12:36:20.041,0.79887,0.79962,3.00,1.13
2011.09.26 12:36:21.069,0.79891,0.79965,2.63,1.35
2011.09.26 12:36:21.286,0.79891,0.79961,3.00,1.13
2011.09.26 12:36:21.506,0.79883,0.79959,3.98,3.00
2011.09.26 12:36:23.047,0.79883,0.79959,3.98,3.00
2011.09.26 12:36:24.162,0.79883,0.79959,3.98,3.00
2011.09.26 12:36:24.765,0.79883,0.79955,1.35,2.25
2011.09.26 12:36:25.199,0.79883,0.79955,1.35,2.25
2011.09.26 12:36:26.143,0.79883,0.79955,1.35,3.00
2011.09.26 12:36:26.786,0.79883,0.79955,1.35,3.00
2011.09.26 12:36:27.117,0.79883,0.79947,1.35,2.25
2011.09.26 12:36:27.448,0.79891,0.79947,1.13,2.25
2011.09.26 12:36:27.560,0.79891,0.79952,3.38,2.25
2011.09.26 12:36:27.680,0.79891,0.79952,3.75,2.25
2011.09.26 12:36:28.018,0.79895,0.79956,3.23,2.63
2011.09.26 12:36:29.220,0.79898,0.79956,1.73,2.63
2011.09.26 12:36:29.886,0.79901,0.79956,1.13,2.25
2011.09.26 12:36:30.106,0.79901,0.79959,1.13,3.00
2011.09.26 12:36:31.150,0.79902,0.79959,1.13,3.00
2011.09.26 12:36:33.131,0.79901,0.79959,1.13,3.00
2011.09.26 12:36:34.279,0.79902,0.79959,1.13,3.00
2011.09.26 12:36:34.607,0.79907,0.79962,2.63,1.35
2011.09.26 12:36:35.101,0.79907,0.79955,1.35,3.38
2011.09.26 12:36:35.228,0.79902,0.79955,1.13,3.00
2011.09.26 12:36:35.738,0.799,0.79962,3.00,3.00
2011.09.26 12:36:36.214,0.79905,0.79964,2.63,3.00
2011.09.26 12:36:36.589,0.79897,0.79957,3.23,3.00
2011.09.26 12:36:37.159,0.79897,0.79957,3.98,3.00
2011.09.26 12:36:37.268,0.79894,0.79954,1.13,3.38
2011.09.26 12:36:37.905,0.79895,0.79954,1.13,3.00
2011.09.26 12:36:40.337,0.79892,0.7995,1.35,3.00
2011.09.26 12:36:40.702,0.79892,0.7995,1.35,3.00
2011.09.26 12:36:41.038,0.79891,0.79947,1.13,2.10
2011.09.26 12:36:41.696,0.79887,0.79946,1.35,2.25
2011.09.26 12:36:41.808,0.79887,0.79951,1.35,2.63
2011.09.26 12:36:41.916,0.79887,0.79951,1.35,2.25
2011.09.26 12:36:42.731,0.79891,0.79951,1.35,2.25
2011.09.26 12:36:43.190,0.79884,0.79941,1.13,2.25
2011.09.26 12:36:43.417,0.79884,0.79941,1.13,2.25
2011.09.26 12:36:43.850,0.79886,0.79941,1.13,2.25
2011.09.26 12:36:43.986,0.79886,0.79945,3.38,3.00
2011.09.26 12:36:44.688,0.79886,0.79945,3.38,3.00
2011.09.26 12:36:46.153,0.79886,0.79945,2.63,3.00
2011.09.26 12:36:46.797,0.79886,0.79943,2.63,2.10
2011.09.26 12:36:47.018,0.79876,0.79942,1.35,2.85
2011.09.26 12:36:47.142,0.79879,0.79942,1.35,2.85
2011.09.26 12:36:49.239,0.79875,0.79942,1.35,3.00
2011.09.26 12:36:49.567,0.79873,0.79939,2.85,1.13
2011.09.26 12:36:49.677,0.79875,0.79937,1.35,3.00
2011.09.26 12:36:50.063,0.79867,0.79924,1.35,2.25
2011.09.26 12:36:50.709,0.79867,0.79924,1.35,3.00
2011.09.26 12:36:52.207,0.7987,0.79929,1.13,3.60
2011.09.26 12:36:53.458,0.79866,0.79925,1.73,1.13
2011.09.26 12:36:57.320,0.79867,0.79921,1.35,2.25
2011.09.26 12:36:57.608,0.79867,0.79921,1.35,2.25
2011.09.26 12:36:58.190,0.79867,0.79921,1.35,3.00
2011.09.26 12:37:01.175,0.79867,0.79921,1.35,3.00
2011.09.26 12:37:02.578,0.79867,0.79925,1.73,1.13
2011.09.26 12:37:02.686,0.79867,0.79925,1.73,1.13
2011.09.26 12:37:03.743,0.79868,0.79929,2.63,3.60
2011.09.26 12:37:04.956,0.7987,0.79929,1.13,3.60
2011.09.26 12:37:06.378,0.79868,0.79929,2.63,3.60
2011.09.26 12:37:06.487,0.79868,0.79926,2.25,1.13
2011.09.26 12:37:06.737,0.79867,0.79924,1.35,1.13
2011.09.26 12:37:08.215,0.79867,0.79921,1.35,3.38
2011.09.26 12:37:08.469,0.79866,0.79921,1.35,3.38
2011.09.26 12:37:09.348,0.79867,0.79921,1.35,3.38
2011.09.26 12:37:11.228,0.79867,0.79921,1.35,3.38
2011.09.26 12:37:14.357,0.79867,0.79924,1.73,3.00
2011.09.26 12:37:15.333,0.79867,0.79924,1.73,3.00
2011.09.26 12:37:16.326,0.79867,0.79924,1.73,3.00
2011.09.26 12:37:17.419,0.79867,0.79924,1.73,3.00
2011.09.26 12:37:17.987,0.79867,0.79924,1.35,3.00
2011.09.26 12:37:18.207,0.79867,0.79921,1.35,3.00
2011.09.26 12:37:21.687,0.79867,0.79921,1.35,3.38
2011.09.26 12:37:27.496,0.79867,0.79921,1.73,3.00
2011.09.26 12:37:27.875,0.79867,0.79925,1.73,3.38
2011.09.26 12:37:28.323,0.79866,0.79925,1.73,3.38
2011.09.26 12:37:28.547,0.79866,0.79926,1.73,3.00
2011.09.26 12:37:30.007,0.79868,0.79929,2.63,3.60
2011.09.26 12:37:31.179,0.79868,0.79926,2.25,1.13
2011.09.26 12:37:31.286,0.79868,0.79926,3.00,1.13
2011.09.26 12:37:31.697,0.79866,0.79921,1.35,3.00
2011.09.26 12:37:33.649,0.79867,0.79921,1.35,3.00
2011.09.26 12:37:34.054,0.79867,0.79921,1.35,2.25
2011.09.26 12:37:36.061,0.79867,0.79929,1.35,3.60
2011.09.26 12:37:36.287,0.79867,0.79921,1.35,2.25
2011.09.26 12:37:37.168,0.79867,0.79921,1.35,2.25
2011.09.26 12:37:37.572,0.79867,0.79921,1.35,3.00
2011.09.26 12:37:38.330,0.79867,0.79921,1.35,3.00
2011.09.26 12:37:41.748,0.79867,0.79921,1.35,2.25
2011.09.26 12:37:41.858,0.79867,0.79929,1.35,3.60
2011.09.26 12:37:41.968,0.79867,0.79923,1.35,1.13
2011.09.26 12:37:43.323,0.79867,0.79924,1.35,3.00
2011.09.26 12:37:43.951,0.79866,0.79924,1.73,3.00
2011.09.26 12:37:44.204,0.79867,0.79924,1.35,3.00
2011.09.26 12:37:44.760,0.79867,0.79924,1.35,3.00
2011.09.26 12:37:45.333,0.79866,0.79924,1.73,3.00
2011.09.26 12:37:45.448,0.79868,0.79929,2.63,3.60
2011.09.26 12:37:45.557,0.79866,0.79926,1.73,1.13
2011.09.26 12:37:45.868,0.79866,0.79927,1.73,3.00
2011.09.26 12:37:46.119,0.79866,0.79922,1.35,1.13
2011.09.26 12:37:46.230,0.79869,0.79928,3.00,3.00
2011.09.26 12:37:46.850,0.79867,0.7992,1.35,2.25
2011.09.26 12:37:47.217,0.79867,0.7992,1.35,3.00
2011.09.26 12:37:49.481,0.79867,0.7992,1.35,2.25
2011.09.26 12:37:49.601,0.79867,0.79929,1.35,3.60
2011.09.26 12:37:49.717,0.79866,0.79921,1.35,3.00
2011.09.26 12:37:51.253,0.79863,0.79921,1.13,3.00
2011.09.26 12:37:51.758,0.79863,0.79921,1.13,3.00
2011.09.26 12:37:52.240,0.79863,0.79921,1.13,3.00
2011.09.26 12:37:52.859,0.79863,0.79921,1.13,2.25
2011.09.26 12:37:52.970,0.79866,0.79921,1.50,2.25
2011.09.26 12:37:53.197,0.79881,0.79933,2.25,1.13
2011.09.26 12:37:53.307,0.79873,0.79932,2.63,3.00
2011.09.26 12:37:55.046,0.79871,0.79929,1.13,3.38
2011.09.26 12:37:56.050,0.79868,0.79929,2.25,3.00
2011.09.26 12:37:56.489,0.79877,0.79936,2.63,3.00
2011.09.26 12:37:56.938,0.79877,0.79936,2.25,3.00
2011.09.26 12:37:57.160,0.79872,0.79935,2.10,3.00
2011.09.26 12:37:57.388,0.79872,0.79935,2.10,3.00
2011.09.26 12:37:58.949,0.79874,0.79935,1.35,3.00
2011.09.26 12:37:59.388,0.79877,0.79936,3.60,3.00
2011.09.26 12:37:59.738,0.79884,0.7994,2.63,1.35
2011.09.26 12:38:00.172,0.79884,0.7994,2.63,1.35
2011.09.26 12:38:00.342,0.79884,0.7994,2.63,1.35
2011.09.26 12:38:01.211,0.79884,0.7994,2.63,1.35
2011.09.26 12:38:02.200,0.79884,0.7994,2.63,1.35
2011.09.26 12:38:02.482,0.79886,0.7994,1.13,1.35
2011.09.26 12:38:02.967,0.79884,0.79933,3.00,1.13
2011.09.26 12:38:03.412,0.79878,0.79931,3.60,1.13
2011.09.26 12:38:03.528,0.79878,0.79928,1.35,1.13
2011.09.26 12:38:03.928,0.79877,0.79928,1.13,1.50
2011.09.26 12:38:04.159,0.79875,0.79928,1.35,1.13
2011.09.26 12:38:04.268,0.7987,0.79923,2.10,3.00
2011.09.26 12:38:04.490,0.79865,0.79923,1.13,3.00
2011.09.26 12:38:05.169,0.79865,0.79923,1.13,3.00
2011.09.26 12:38:06.199,0.79865,0.79923,1.13,3.00
2011.09.26 12:38:06.570,0.79869,0.79923,1.13,3.00
2011.09.26 12:38:06.837,0.79866,0.79923,1.13,2.25
2011.09.26 12:38:06.947,0.79867,0.79925,2.25,1.73
2011.09.26 12:38:08.414,0.79865,0.79924,1.13,3.00
2011.09.26 12:38:11.710,0.79865,0.79924,1.13,3.00
2011.09.26 12:38:13.887,0.79876,0.79921,1.13,1.13
2011.09.26 12:38:13.997,0.79872,0.79923,1.50,1.13
2011.09.26 12:38:15.122,0.79876,0.79921,1.13,1.13
2011.09.26 12:38:16.149,0.79876,0.79925,1.50,1.35
2011.09.26 12:38:16.476,0.79882,0.79934,1.35,1.50
2011.09.26 12:38:16.696,0.79881,0.79934,1.73,1.50
2011.09.26 12:38:17.040,0.79883,0.79934,1.35,1.50
2011.09.26 12:38:18.251,0.79888,0.79933,1.13,1.50
2011.09.26 12:38:18.476,0.79887,0.79928,1.13,1.13
2011.09.26 12:38:21.136,0.79887,0.79933,1.13,1.13
2011.09.26 12:38:21.469,0.79881,0.79936,1.73,1.35
2011.09.26 12:38:22.489,0.79884,0.79934,1.35,1.13
2011.09.26 12:38:24.580,0.79879,0.79939,3.23,3.00
2011.09.26 12:38:24.697,0.79882,0.79939,1.73,3.00
2011.09.26 12:38:25.817,0.79882,0.79938,1.13,2.85
2011.09.26 12:38:26.157,0.79882,0.79933,1.13,2.10
2011.09.26 12:38:27.170,0.79878,0.79926,1.35,1.13
2011.09.26 12:38:28.353,0.79876,0.79923,1.73,1.13
2011.09.26 12:38:28.900,0.79878,0.79926,1.35,1.13
2011.09.26 12:38:29.129,0.79881,0.79926,1.13,1.13
2011.09.26 12:38:29.457,0.79877,0.79923,1.13,3.38
2011.09.26 12:38:29.863,0.79871,0.79922,1.50,1.13
2011.09.26 12:38:30.267,0.79876,0.79924,1.50,1.13
2011.09.26 12:38:30.379,0.79873,0.79924,1.13,1.50
2011.09.26 12:38:30.599,0.79869,0.79919,2.63,1.13
2011.09.26 12:38:30.711,0.79862,0.79923,4.35,3.00
2011.09.26 12:38:31.928,0.79865,0.79925,1.35,1.35
2011.09.26 12:38:32.338,0.79868,0.79925,2.63,1.35
2011.09.26 12:38:32.449,0.79868,0.79919,3.00,1.13
2011.09.26 12:38:32.667,0.79867,0.79918,1.13,1.50
2011.09.26 12:38:33.667,0.79865,0.79913,1.35,1.13
2011.09.26 12:38:35.989,0.79862,0.79909,1.35,1.13
2011.09.26 12:38:37.922,0.79861,0.79908,1.50,1.13
2011.09.26 12:38:38.144,0.79866,0.79909,1.13,1.13
2011.09.26 12:38:39.905,0.79862,0.79908,1.50,1.13
2011.09.26 12:38:40.020,0.79867,0.79908,1.13,1.13
2011.09.26 12:38:40.247,0.79861,0.79909,1.13,1.50
2011.09.26 12:38:40.466,0.79861,0.79909,1.13,1.13
2011.09.26 12:38:41.408,0.79861,0.79909,1.50,1.13
2011.09.26 12:38:42.671,0.79857,0.79908,1.50,1.13
2011.09.26 12:38:43.268,0.79857,0.79904,1.50,1.13
2011.09.26 12:38:43.379,0.79857,0.79904,1.50,1.13
2011.09.26 12:38:45.885,0.79857,0.79903,1.13,1.13
2011.09.26 12:38:46.219,0.79856,0.79909,1.13,2.25
2011.09.26 12:38:46.327,0.79856,0.79914,1.13,3.38
2011.09.26 12:38:46.441,0.79853,0.79914,3.23,3.38
2011.09.26 12:38:46.659,0.79856,0.79914,1.13,3.38
2011.09.26 12:38:46.895,0.79856,0.79914,1.13,3.38
2011.09.26 12:38:47.702,0.79861,0.79914,1.50,1.13
2011.09.26 12:38:48.248,0.79861,0.79914,3.75,1.13
2011.09.26 12:38:49.188,0.79867,0.79914,1.50,1.13
2011.09.26 12:38:49.789,0.79867,0.79923,1.35,3.38
2011.09.26 12:38:50.193,0.79864,0.79922,2.10,3.00
2011.09.26 12:38:50.309,0.79864,0.79922,2.10,3.00
2011.09.26 12:38:51.477,0.79862,0.79927,2.25,3.00
2011.09.26 12:38:52.538,0.79862,0.7992,3.00,1.13
2011.09.26 12:38:52.648,0.79862,0.79918,1.13,3.75
2011.09.26 12:38:55.951,0.79858,0.79905,1.35,1.13
2011.09.26 12:38:57.104,0.79857,0.79905,1.50,1.13
2011.09.26 12:38:57.310,0.79862,0.79905,1.13,1.13
2011.09.26 12:38:59.136,0.79857,0.79905,1.50,1.13
2011.09.26 12:39:02.437,0.79857,0.79898,1.13,1.13
2011.09.26 12:39:03.079,0.79855,0.79905,2.10,2.25
2011.09.26 12:39:03.188,0.7986,0.79908,1.35,1.35
2011.09.26 12:39:03.408,0.79857,0.7991,1.35,1.35
2011.09.26 12:39:04.680,0.79851,0.79909,3.75,1.13
2011.09.26 12:39:05.188,0.79857,0.79909,1.50,1.13
2011.09.26 12:39:06.432,0.79862,0.79913,1.50,1.13
2011.09.26 12:39:06.761,0.79861,0.79914,2.10,1.13
2011.09.26 12:39:06.871,0.79861,0.79916,2.10,1.35
2011.09.26 12:39:07.587,0.79863,0.79916,3.00,1.35
2011.09.26 12:39:09.042,0.79863,0.79916,3.00,1.35
2011.09.26 12:39:09.181,0.79863,0.79904,2.63,1.13
2011.09.26 12:39:09.608,0.79861,0.79908,1.35,1.13
2011.09.26 12:39:12.388,0.79862,0.79908,1.50,1.13
2011.09.26 12:39:14.731,0.79866,0.79908,1.13,1.13
2011.09.26 12:39:15.357,0.79861,0.79912,2.10,1.13
2011.09.26 12:39:15.681,0.79861,0.79912,1.35,1.13
2011.09.26 12:39:16.449,0.79861,0.79908,1.35,1.13
2011.09.26 12:39:18.259,0.79861,0.79908,2.10,1.13
2011.09.26 12:39:21.097,0.79861,0.79911,1.35,1.13
2011.09.26 12:39:21.472,0.79861,0.79911,1.35,3.38
2011.09.26 12:39:22.271,0.79857,0.79911,1.35,3.38
2011.09.26 12:39:23.517,0.79857,0.79911,1.35,3.38
2011.09.26 12:39:23.628,0.79854,0.79911,1.13,3.38
2011.09.26 12:39:23.846,0.79857,0.79903,1.13,1.50
2011.09.26 12:39:24.188,0.79857,0.79903,1.13,1.50
2011.09.26 12:39:26.211,0.79852,0.79898,1.50,1.13
2011.09.26 12:39:27.186,0.79857,0.79898,1.13,1.13
2011.09.26 12:39:27.946,0.79851,0.79898,1.50,1.13
2011.09.26 12:39:30.828,0.79856,0.79899,1.13,1.73
2011.09.26 12:39:32.111,0.79852,0.79898,1.50,1.13
2011.09.26 12:39:32.226,0.79857,0.79898,1.13,1.13
2011.09.26 12:39:32.339,0.79852,0.79898,1.50,1.13
2011.09.26 12:39:40.400,0.79852,0.79899,1.50,1.35
2011.09.26 12:39:40.798,0.79857,0.79905,1.35,1.73
2011.09.26 12:39:45.707,0.79857,0.79905,2.10,1.73
2011.09.26 12:39:53.078,0.79857,0.79905,1.35,1.73
2011.09.26 12:39:53.411,0.79857,0.79905,2.10,1.73
2011.09.26 12:39:53.681,0.79857,0.79905,1.35,1.73
2011.09.26 12:39:54.001,0.79857,0.79905,1.35,1.73
2011.09.26 12:39:55.393,0.79865,0.79905,2.48,1.13
2011.09.26 12:39:55.728,0.79864,0.79904,3.00,1.35
2011.09.26 12:39:56.060,0.79842,0.79904,2.85,1.13
2011.09.26 12:39:57.129,0.79844,0.79903,3.23,3.00
2011.09.26 12:39:57.239,0.79844,0.79902,2.25,1.35
2011.09.26 12:39:57.347,0.79837,0.79902,1.35,3.60
2011.09.26 12:39:57.458,0.79838,0.79902,1.35,3.60
2011.09.26 12:39:57.788,0.79848,0.79902,2.63,1.35
2011.09.26 12:39:58.107,0.79848,0.79902,2.63,1.35
2011.09.26 12:39:58.244,0.79848,0.79902,2.63,1.35
2011.09.26 12:39:58.383,0.79848,0.79902,2.63,1.35
2011.09.26 12:39:58.757,0.79848,0.79907,3.60,3.00
2011.09.26 12:40:00.298,0.79851,0.79909,2.63,1.35
2011.09.26 12:40:01.702,0.79851,0.79909,2.63,1.35
2011.09.26 12:40:01.818,0.79851,0.79909,2.63,1.35
2011.09.26 12:40:02.171,0.79851,0.79909,2.63,1.35
2011.09.26 12:40:02.299,0.79851,0.79909,2.63,1.35
2011.09.26 12:40:02.629,0.79854,0.79909,3.00,1.35
2011.09.26 12:40:02.850,0.79852,0.79909,2.25,1.35
2011.09.26 12:40:03.707,0.79852,0.79909,2.25,1.35
2011.09.26 12:40:04.205,0.79852,0.79909,2.25,1.35
2011.09.26 12:40:04.989,0.79852,0.79909,2.25,1.35
2011.09.26 12:40:05.290,0.79852,0.79917,2.63,3.00
2011.09.26 12:40:05.629,0.79856,0.79898,2.25,1.73
2011.09.26 12:40:05.741,0.79852,0.79898,3.23,1.73
2011.09.26 12:40:05.970,0.79852,0.79898,1.35,1.73
2011.09.26 12:40:08.021,0.79852,0.79898,1.35,1.73
2011.09.26 12:40:08.401,0.79852,0.79898,1.35,1.73
2011.09.26 12:40:08.518,0.7985,0.79893,3.23,1.13
2011.09.26 12:40:09.424,0.79849,0.79894,2.48,1.13
2011.09.26 12:40:09.872,0.79849,0.79893,2.48,1.13
2011.09.26 12:40:14.109,0.79849,0.79898,2.48,1.35
2011.09.26 12:40:14.217,0.79856,0.79901,2.63,1.13
2011.09.26 12:40:15.226,0.79854,0.79902,1.35,1.13
2011.09.26 12:40:17.191,0.79854,0.79902,1.35,1.13
2011.09.26 12:40:19.461,0.79857,0.79902,1.13,1.13
2011.09.26 12:40:20.780,0.79856,0.79902,1.13,1.13
2011.09.26 12:40:20.899,0.79854,0.79902,1.35,1.13
2011.09.26 12:40:21.267,0.79856,0.79902,1.13,1.13
2011.09.26 12:40:21.652,0.79854,0.79902,1.35,1.13
2011.09.26 12:40:21.935,0.79856,0.79902,1.13,1.13
2011.09.26 12:40:22.398,0.79855,0.79899,1.13,1.13
2011.09.26 12:40:22.627,0.79854,0.79899,1.35,1.50
2011.09.26 12:40:22.737,0.79851,0.79894,1.73,1.13
2011.09.26 12:40:23.069,0.79847,0.79894,1.13,1.13
2011.09.26 12:40:24.191,0.79851,0.79898,1.13,1.73
2011.09.26 12:40:25.187,0.79851,0.79894,1.13,1.13
2011.09.26 12:40:25.747,0.79843,0.79896,2.85,1.13
2011.09.26 12:40:28.247,0.79842,0.79896,1.35,1.13
2011.09.26 12:40:29.474,0.79844,0.79896,1.35,1.13
2011.09.26 12:40:29.900,0.79839,0.79896,2.48,1.13
2011.09.26 12:40:31.671,0.79842,0.79896,1.35,1.13
2011.09.26 12:40:31.899,0.79844,0.79896,1.35,1.13
2011.09.26 12:40:32.110,0.79841,0.79896,1.35,1.13
2011.09.26 12:40:32.438,0.79844,0.79896,1.35,1.13
2011.09.26 12:40:32.650,0.79842,0.79896,1.35,1.13
2011.09.26 12:40:37.326,0.79844,0.79896,1.35,1.13
2011.09.26 12:40:37.885,0.79842,0.79896,1.35,1.13
2011.09.26 12:40:39.574,0.79842,0.79898,1.73,1.35
2011.09.26 12:40:39.982,0.79846,0.79898,2.25,1.35
2011.09.26 12:40:40.098,0.79846,0.79898,2.25,1.35
2011.09.26 12:40:40.487,0.79846,0.79898,2.25,1.35
2011.09.26 12:40:41.179,0.79846,0.79898,2.25,1.35
2011.09.26 12:40:42.899,0.79846,0.79898,3.00,1.35
2011.09.26 12:40:44.211,0.79846,0.79898,3.00,1.35
2011.09.26 12:40:44.604,0.79846,0.79898,3.00,1.35
2011.09.26 12:40:45.299,0.79845,0.79898,3.60,1.13
2011.09.26 12:40:45.691,0.79847,0.79898,1.50,1.13
2011.09.26 12:40:46.103,0.79847,0.79908,1.50,1.35
2011.09.26 12:40:46.220,0.79852,0.79908,1.13,1.35
2011.09.26 12:40:46.820,0.79851,0.79913,3.60,3.00
2011.09.26 12:40:46.932,0.79852,0.79913,1.35,3.00
2011.09.26 12:40:47.142,0.79851,0.79913,3.60,3.00
2011.09.26 12:40:47.780,0.79852,0.79917,2.85,3.00
2011.09.26 12:40:48.007,0.79853,0.79917,3.00,1.13
2011.09.26 12:40:48.475,0.79856,0.79917,1.13,3.38
2011.09.26 12:40:48.936,0.79863,0.79914,3.00,1.13
2011.09.26 12:40:49.258,0.79863,0.79914,3.00,1.13
2011.09.26 12:40:49.870,0.79863,0.79918,2.25,1.13
2011.09.26 12:40:50.088,0.79858,0.79918,3.38,1.13
2011.09.26 12:40:50.198,0.79861,0.79917,1.35,1.35
2011.09.26 12:40:52.130,0.79864,0.79915,1.35,1.13
2011.09.26 12:40:52.579,0.79864,0.79915,1.35,1.13
2011.09.26 12:40:53.606,0.79864,0.79915,1.35,1.13
2011.09.26 12:40:54.357,0.79866,0.79915,1.50,1.13
2011.09.26 12:40:54.882,0.79864,0.79909,1.73,1.13
2011.09.26 12:40:54.998,0.79863,0.79913,3.23,1.50
2011.09.26 12:40:56.698,0.79856,0.79907,3.75,1.13
2011.09.26 12:40:56.807,0.79856,0.79909,3.00,1.73
2011.09.26 12:40:56.918,0.79855,0.79909,1.35,1.73
2011.09.26 12:40:57.027,0.79851,0.79909,3.38,1.73
2011.09.26 12:40:57.353,0.79851,0.79908,3.38,1.35
2011.09.26 12:40:58.396,0.79851,0.79908,3.38,1.35
2011.09.26 12:41:00.537,0.79851,0.79908,2.63,1.35
2011.09.26 12:41:00.960,0.79851,0.79908,2.63,1.35
2011.09.26 12:41:01.286,0.79846,0.79906,3.98,1.13
2011.09.26 12:41:01.758,0.79846,0.79906,3.98,1.13
2011.09.26 12:41:02.154,0.79851,0.79908,2.25,1.35
2011.09.26 12:41:02.609,0.79842,0.79899,1.35,3.38
2011.09.26 12:41:02.717,0.7984,0.79898,3.00,1.35
2011.09.26 12:41:02.827,0.79837,0.79898,3.38,1.35
2011.09.26 12:41:03.050,0.79837,0.79898,3.75,1.35
2011.09.26 12:41:03.779,0.79842,0.79897,2.25,1.35
2011.09.26 12:41:03.888,0.79838,0.79895,2.25,1.13
2011.09.26 12:41:04.024,0.79836,0.79895,2.25,3.38
2011.09.26 12:41:04.536,0.79836,0.79895,3.00,3.38
2011.09.26 12:41:05.189,0.79836,0.7989,3.00,2.10
2011.09.26 12:41:05.408,0.79827,0.79883,3.00,1.13
2011.09.26 12:41:05.807,0.79827,0.79886,1.13,2.85
2011.09.26 12:41:05.916,0.79827,0.79888,3.38,3.98
2011.09.26 12:41:06.413,0.79827,0.79888,3.00,3.60
2011.09.26 12:41:07.187,0.79846,0.79891,1.35,3.00
2011.09.26 12:41:07.297,0.79846,0.79891,1.35,2.25
2011.09.26 12:41:07.432,0.7985,0.79906,2.63,1.35
2011.09.26 12:41:07.549,0.7985,0.79906,2.63,1.35
2011.09.26 12:41:07.777,0.79854,0.79906,2.63,1.35
2011.09.26 12:41:07.940,0.79854,0.79914,3.23,1.13
2011.09.26 12:41:08.799,0.79859,0.79915,2.63,1.35
2011.09.26 12:41:09.398,0.79859,0.79915,2.63,1.35
2011.09.26 12:41:11.149,0.79859,0.79915,2.63,1.35
2011.09.26 12:41:11.694,0.79859,0.79915,2.63,1.35
2011.09.26 12:41:12.162,0.79867,0.79915,2.25,1.35
2011.09.26 12:41:12.279,0.79867,0.79915,2.25,1.35
2011.09.26 12:41:12.389,0.79867,0.79915,2.25,1.35
2011.09.26 12:41:12.498,0.79859,0.79924,2.25,3.00
2011.09.26 12:41:13.323,0.79859,0.79924,2.25,3.00
2011.09.26 12:41:16.240,0.79859,0.79924,2.25,3.00
2011.09.26 12:41:17.169,0.79859,0.79924,2.25,3.00
2011.09.26 12:41:19.710,0.79859,0.79924,2.25,3.00
2011.09.26 12:41:19.830,0.79859,0.79924,3.00,3.00
2011.09.26 12:41:20.356,0.79859,0.79924,2.25,3.38
2011.09.26 12:41:20.467,0.79859,0.79924,3.00,3.38
2011.09.26 12:41:22.244,0.79859,0.79924,2.25,3.38
2011.09.26 12:41:22.916,0.79859,0.79924,3.00,3.38
2011.09.26 12:41:23.028,0.79859,0.79924,2.25,3.38
2011.09.26 12:41:23.673,0.79859,0.79924,3.00,3.38
2011.09.26 12:41:24.428,0.79859,0.79924,2.25,3.38
2011.09.26 12:41:24.991,0.79859,0.79924,2.25,3.38
2011.09.26 12:41:25.107,0.79859,0.79924,3.00,3.38
2011.09.26 12:41:25.812,0.79859,0.79924,2.25,3.38
2011.09.26 12:41:26.516,0.79859,0.79924,3.00,3.38
2011.09.26 12:41:35.948,0.79859,0.79922,3.00,1.13
2011.09.26 12:41:38.300,0.79856,0.79921,1.35,3.38
2011.09.26 12:41:38.648,0.79858,0.79925,2.25,3.98
2011.09.26 12:41:39.230,0.79858,0.79925,3.00,3.98
2011.09.26 12:41:40.229,0.79858,0.79925,2.25,3.98
2011.09.26 12:41:41.220,0.79858,0.79925,3.00,3.98
2011.09.26 12:41:42.169,0.79858,0.79925,3.00,3.98
2011.09.26 12:41:42.811,0.79858,0.79918,3.00,1.35
2011.09.26 12:41:43.027,0.79858,0.79914,2.25,1.73
2011.09.26 12:41:43.148,0.79858,0.79914,3.00,2.10
2011.09.26 12:41:45.431,0.79864,0.79908,1.13,1.13
2011.09.26 12:41:47.043,0.79864,0.79914,1.13,1.50
2011.09.26 12:41:47.252,0.79864,0.79908,1.13,1.13
2011.09.26 12:41:47.933,0.79861,0.79908,1.13,1.50
2011.09.26 12:41:48.328,0.79856,0.79904,1.13,1.35
2011.09.26 12:41:48.884,0.79856,0.79904,1.13,1.35
2011.09.26 12:41:49.569,0.79849,0.79903,3.60,1.73
2011.09.26 12:41:51.913,0.79852,0.79899,1.13,1.13
2011.09.26 12:41:52.402,0.79852,0.79902,1.50,1.35
2011.09.26 12:41:52.518,0.79863,0.79911,1.35,1.13
2011.09.26 12:41:52.962,0.79863,0.79914,1.35,1.35
2011.09.26 12:41:53.080,0.79864,0.79914,3.00,1.35
2011.09.26 12:41:56.734,0.79867,0.79914,1.50,1.35
2011.09.26 12:41:57.067,0.79872,0.79921,1.35,1.13
2011.09.26 12:41:57.414,0.79872,0.79921,1.35,1.13
2011.09.26 12:41:57.671,0.79871,0.79918,3.60,1.13
2011.09.26 12:41:57.898,0.79871,0.79918,4.35,1.13
2011.09.26 12:41:58.007,0.79871,0.79914,1.73,1.13
2011.09.26 12:42:05.210,0.79877,0.79922,2.10,3.00
2011.09.26 12:42:05.595,0.79877,0.79927,2.10,1.13
2011.09.26 12:42:05.709,0.79877,0.79935,2.85,1.35
2011.09.26 12:42:05.818,0.79877,0.79927,2.85,2.25
2011.09.26 12:42:06.039,0.79877,0.79935,2.10,1.35
2011.09.26 12:42:07.280,0.79872,0.79937,1.35,3.00
2011.09.26 12:42:11.241,0.79872,0.79937,1.35,3.00
2011.09.26 12:42:13.095,0.79872,0.79933,1.35,3.00
2011.09.26 12:42:13.209,0.79872,0.79937,1.35,2.25
2011.09.26 12:42:14.667,0.79874,0.79941,3.00,3.38
2011.09.26 12:42:14.817,0.79874,0.79941,3.00,3.38
2011.09.26 12:42:15.257,0.79874,0.79941,3.00,3.38
2011.09.26 12:42:15.480,0.79885,0.79939,1.35,1.13
2011.09.26 12:42:16.137,0.79889,0.79943,3.00,1.13
2011.09.26 12:42:16.543,0.799,0.79948,1.35,1.13
2011.09.26 12:42:17.675,0.799,0.79948,1.35,1.13
2011.09.26 12:42:18.269,0.79902,0.79948,1.13,1.13
2011.09.26 12:42:19.212,0.799,0.79948,1.35,1.13
2011.09.26 12:42:21.443,0.79902,0.79949,1.50,1.35
2011.09.26 12:42:21.898,0.79901,0.79949,1.35,1.35
2011.09.26 12:42:23.127,0.79901,0.79949,1.35,1.35
2011.09.26 12:42:23.501,0.79901,0.79949,1.35,1.35
2011.09.26 12:42:24.220,0.79901,0.79949,1.35,1.35
2011.09.26 12:42:24.871,0.79901,0.79949,1.35,1.35
2011.09.26 12:42:24.987,0.79899,0.79949,2.85,1.35
2011.09.26 12:42:25.210,0.79892,0.79942,1.73,1.35
2011.09.26 12:42:27.400,0.7989,0.79935,1.35,1.13
2011.09.26 12:42:29.446,0.79891,0.79939,1.73,1.13
2011.09.26 12:42:29.562,0.7989,0.79935,1.35,1.13
2011.09.26 12:42:29.679,0.79887,0.79933,1.13,1.13
2011.09.26 12:42:32.192,0.79891,0.79933,1.13,1.13
2011.09.26 12:42:32.684,0.79887,0.79932,1.13,1.13
2011.09.26 12:42:32.799,0.79891,0.79933,1.13,1.13
2011.09.26 12:42:32.907,0.79886,0.79932,1.50,1.13
2011.09.26 12:42:34.219,0.79891,0.79934,1.13,1.13
2011.09.26 12:42:34.557,0.79891,0.79932,1.13,1.13
2011.09.26 12:42:34.777,0.79886,0.79935,1.50,1.13
2011.09.26 12:42:36.721,0.79886,0.7994,1.50,1.13
2011.09.26 12:42:38.174,0.79892,0.7994,1.50,1.13
2011.09.26 12:42:41.541,0.79896,0.7994,1.13,1.13
2011.09.26 12:42:42.351,0.79892,0.7994,1.35,1.13
2011.09.26 12:42:43.958,0.79891,0.79934,1.35,1.50
2011.09.26 12:42:44.505,0.79882,0.79933,1.50,1.73
2011.09.26 12:42:47.196,0.7989,0.79934,1.13,1.73
2011.09.26 12:42:48.229,0.7989,0.79933,1.13,1.73
2011.09.26 12:42:49.221,0.79887,0.79933,1.13,1.73
2011.09.26 12:42:50.498,0.7989,0.79934,1.13,1.73
2011.09.26 12:42:54.377,0.79886,0.79933,1.13,1.73
2011.09.26 12:42:57.681,0.79886,0.79933,1.50,1.35
2011.09.26 12:42:57.997,0.79886,0.79934,1.50,1.35
2011.09.26 12:42:58.108,0.79886,0.79934,1.50,1.73
2011.09.26 12:42:58.439,0.79887,0.79932,1.13,1.13
2011.09.26 12:42:59.681,0.79891,0.79933,1.13,1.73
2011.09.26 12:43:00.122,0.79887,0.79932,1.13,1.13
2011.09.26 12:43:00.389,0.79891,0.79933,1.13,1.73
2011.09.26 12:43:01.331,0.79891,0.79932,1.13,1.13
2011.09.26 12:43:02.479,0.79887,0.79932,1.13,1.13
2011.09.26 12:43:02.801,0.79886,0.79932,1.50,1.13
2011.09.26 12:43:09.092,0.7988,0.79929,3.60,1.50
2011.09.26 12:43:09.891,0.79883,0.79928,1.13,2.48
2011.09.26 12:43:10.160,0.79876,0.79928,1.50,2.48
2011.09.26 12:43:12.354,0.79883,0.79928,1.13,3.23
2011.09.26 12:43:12.799,0.79883,0.79923,1.13,1.35
2011.09.26 12:43:15.221,0.79883,0.79923,1.13,1.35
2011.09.26 12:43:16.527,0.79883,0.79924,1.13,1.73
2011.09.26 12:43:18.638,0.79883,0.79924,1.13,1.35
2011.09.26 12:43:18.969,0.79882,0.79929,1.13,1.13
2011.09.26 12:43:20.240,0.79882,0.79925,1.88,1.13
2011.09.26 12:43:23.979,0.79882,0.79925,1.13,1.13
2011.09.26 12:43:24.919,0.79882,0.79925,1.13,1.13
2011.09.26 12:43:25.471,0.79882,0.79925,1.13,1.13
2011.09.26 12:43:27.835,0.7988,0.79925,1.13,1.13
2011.09.26 12:43:27.950,0.79881,0.79925,1.13,1.13
2011.09.26 12:43:29.621,0.79882,0.79925,1.13,1.13
2011.09.26 12:43:32.927,0.79883,0.79929,1.50,1.88
2011.09.26 12:43:33.280,0.79889,0.79932,1.13,1.73
2011.09.26 12:43:36.309,0.7989,0.79932,1.13,1.73
2011.09.26 12:43:38.882,0.79887,0.79928,1.50,1.13
2011.09.26 12:43:38.999,0.79881,0.79924,2.63,1.35
2011.09.26 12:43:39.108,0.79881,0.79924,2.25,1.73
2011.09.26 12:43:39.329,0.79876,0.79922,1.88,1.13
2011.09.26 12:43:41.243,0.79876,0.79921,1.88,1.13
2011.09.26 12:43:43.922,0.79876,0.79921,1.88,1.13
2011.09.26 12:43:44.453,0.79874,0.79917,1.13,1.13
2011.09.26 12:43:44.571,0.79874,0.79918,1.13,2.48
2011.09.26 12:43:44.692,0.79872,0.79917,1.50,1.35
2011.09.26 12:43:44.809,0.79871,0.79913,1.13,1.13
2011.09.26 12:43:45.459,0.79869,0.79913,1.13,1.13
2011.09.26 12:43:47.130,0.79871,0.79914,1.13,1.35
2011.09.26 12:43:47.988,0.79872,0.79916,1.13,1.35
2011.09.26 12:43:48.719,0.79876,0.7992,1.13,1.88
2011.09.26 12:43:49.325,0.79876,0.7992,1.13,1.88
2011.09.26 12:43:50.050,0.79876,0.7992,1.13,1.88
2011.09.26 12:43:50.652,0.79876,0.7992,1.13,1.88
2011.09.26 12:43:51.020,0.79876,0.7992,1.13,1.88
2011.09.26 12:43:51.522,0.79876,0.7992,1.13,1.88
2011.09.26 12:43:54.497,0.79876,0.7992,1.88,1.88
2011.09.26 12:43:57.580,0.79877,0.7992,1.13,1.13
2011.09.26 12:43:58.042,0.79877,0.7992,1.13,1.13
2011.09.26 12:43:58.406,0.79879,0.7992,1.13,1.13
2011.09.26 12:43:58.833,0.79881,0.79926,2.10,1.50
2011.09.26 12:43:59.107,0.79884,0.79929,1.13,1.13
2011.09.26 12:44:01.500,0.79884,0.79929,1.13,1.13
2011.09.26 12:44:02.666,0.79884,0.79929,1.13,1.13
2011.09.26 12:44:04.250,0.79884,0.79929,1.13,1.13
2011.09.26 12:44:04.970,0.79884,0.79929,1.13,1.13
2011.09.26 12:44:05.257,0.79882,0.79925,2.48,1.13
2011.09.26 12:44:05.479,0.79882,0.79925,1.73,1.13
2011.09.26 12:44:05.759,0.79882,0.79921,1.35,1.13
2011.09.26 12:44:05.978,0.79877,0.79921,3.98,1.88
2011.09.26 12:44:07.911,0.79882,0.79925,1.73,1.13
2011.09.26 12:44:08.364,0.79883,0.79927,1.13,1.13
2011.09.26 12:44:08.478,0.79883,0.79927,1.13,1.13
2011.09.26 12:44:08.700,0.79886,0.79928,1.73,1.13
2011.09.26 12:44:08.820,0.79889,0.79933,1.35,1.50
2011.09.26 12:44:08.929,0.79886,0.79932,4.35,1.13
2011.09.26 12:44:09.150,0.79886,0.79933,2.10,1.13
2011.09.26 12:44:09.727,0.79889,0.79936,1.35,1.50
2011.09.26 12:44:09.963,0.79892,0.79936,1.13,1.88
2011.09.26 12:44:10.712,0.79892,0.79936,1.13,1.13
2011.09.26 12:44:11.252,0.79892,0.79936,1.13,1.88
2011.09.26 12:44:13.550,0.79892,0.79936,1.13,1.88
2011.09.26 12:44:14.653,0.79892,0.79936,1.50,1.50
2011.09.26 12:44:14.770,0.79896,0.79939,1.13,1.73
2011.09.26 12:44:15.231,0.79891,0.79936,1.50,1.50
2011.09.26 12:44:15.674,0.79891,0.79934,1.13,1.13
2011.09.26 12:44:16.033,0.79893,0.79941,1.13,1.50
2011.09.26 12:44:16.563,0.799,0.79935,2.25,1.13
2011.09.26 12:44:16.681,0.79888,0.79935,1.35,1.50
2011.09.26 12:44:17.146,0.79886,0.79934,1.13,1.50
2011.09.26 12:44:17.282,0.79884,0.79932,1.13,1.13
2011.09.26 12:44:18.532,0.79884,0.79929,1.13,1.13
2011.09.26 12:44:19.140,0.79877,0.79929,3.00,1.13
2011.09.26 12:44:19.250,0.79877,0.79928,2.25,1.50
2011.09.26 12:44:19.680,0.7987,0.79928,1.35,1.50
2011.09.26 12:44:20.585,0.7987,0.79925,1.35,1.50
2011.09.26 12:44:20.700,0.7987,0.79928,1.35,1.88
2011.09.26 12:44:20.811,0.79869,0.79924,2.25,1.35
2011.09.26 12:44:21.150,0.7986,0.79924,3.00,1.35
2011.09.26 12:44:21.261,0.79865,0.79923,1.13,2.85
2011.09.26 12:44:22.603,0.7987,0.79926,3.00,1.35
2011.09.26 12:44:24.195,0.79871,0.79922,1.50,1.35
2011.09.26 12:44:25.510,0.7987,0.79925,3.00,1.73
2011.09.26 12:44:25.673,0.7987,0.79924,3.00,1.73
2011.09.26 12:44:26.345,0.7987,0.79923,3.38,1.35
2011.09.26 12:44:26.902,0.7987,0.79922,2.63,1.35
2011.09.26 12:44:27.225,0.79867,0.79912,1.88,1.13
2011.09.26 12:44:27.671,0.79868,0.79912,1.50,1.13
2011.09.26 12:44:28.851,0.79868,0.79912,1.50,3.23
2011.09.26 12:44:29.778,0.79871,0.79923,1.50,1.50
2011.09.26 12:44:29.892,0.79871,0.79926,1.50,1.35
2011.09.26 12:44:30.750,0.79872,0.79926,1.50,1.35
2011.09.26 12:44:31.364,0.79872,0.79926,1.50,1.35
2011.09.26 12:44:33.480,0.79875,0.79926,1.50,1.35
2011.09.26 12:44:36.245,0.79868,0.79926,1.35,1.35
2011.09.26 12:44:36.412,0.79867,0.79927,1.35,1.35
2011.09.26 12:44:36.681,0.79868,0.79926,1.35,1.35
2011.09.26 12:44:37.721,0.79868,0.79927,1.35,1.35
2011.09.26 12:44:38.058,0.79869,0.79933,1.50,1.50
2011.09.26 12:44:38.168,0.79867,0.79933,3.00,1.50
2011.09.26 12:44:38.788,0.79862,0.79934,1.50,1.88
2011.09.26 12:44:40.174,0.79862,0.79927,1.50,1.50
2011.09.26 12:44:40.864,0.79862,0.79921,1.50,2.25
2011.09.26 12:44:41.523,0.79861,0.79921,1.50,3.00
2011.09.26 12:44:42.051,0.79862,0.79921,1.50,3.00
2011.09.26 12:44:42.279,0.79862,0.79926,1.50,1.13
2011.09.26 12:44:42.611,0.79862,0.79926,1.50,1.13
2011.09.26 12:44:42.731,0.79864,0.79927,1.50,2.10
2011.09.26 12:44:43.970,0.79866,0.79927,1.50,1.35
2011.09.26 12:44:44.212,0.79867,0.79928,1.50,1.35
2011.09.26 12:44:44.590,0.79867,0.79927,1.50,1.35
2011.09.26 12:44:45.612,0.79867,0.79927,1.13,1.35
2011.09.26 12:44:47.523,0.79867,0.79931,1.88,1.50
2011.09.26 12:44:47.676,0.79868,0.79931,1.50,1.50
2011.09.26 12:44:51.701,0.79868,0.79923,1.50,1.50
2011.09.26 12:44:51.929,0.7987,0.79928,1.50,1.50
2011.09.26 12:44:52.158,0.7987,0.79928,3.00,1.50
2011.09.26 12:44:53.191,0.7987,0.79928,3.38,1.50
2011.09.26 12:44:53.307,0.7987,0.79929,3.38,1.50
2011.09.26 12:44:54.733,0.7987,0.79929,3.38,1.50
2011.09.26 12:44:56.433,0.7987,0.7993,3.38,1.50
2011.09.26 12:44:57.189,0.79875,0.7993,1.50,1.50
2011.09.26 12:44:57.410,0.79877,0.79931,1.50,1.50
2011.09.26 12:44:57.847,0.79876,0.79931,1.50,1.50
2011.09.26 12:44:57.958,0.79875,0.7993,1.50,1.50
2011.09.26 12:44:59.161,0.79875,0.7993,1.50,1.50
2011.09.26 12:45:01.739,0.79872,0.7993,1.50,1.50
2011.09.26 12:45:02.141,0.79875,0.7993,1.50,1.50
2011.09.26 12:45:02.760,0.79876,0.79932,1.50,1.50
2011.09.26 12:45:03.087,0.79876,0.79932,1.50,1.50
2011.09.26 12:45:03.454,0.79877,0.79933,1.50,1.50
2011.09.26 12:45:04.568,0.79874,0.79933,1.50,1.50
2011.09.26 12:45:05.800,0.79874,0.79931,1.50,1.50
2011.09.26 12:45:07.741,0.79874,0.79931,1.50,1.50
2011.09.26 12:45:08.750,0.7987,0.79928,3.00,1.50
2011.09.26 12:45:09.335,0.79867,0.79933,1.50,3.75
2011.09.26 12:45:09.741,0.79864,0.79926,3.75,1.13
2011.09.26 12:45:09.970,0.79864,0.79923,1.50,1.13
2011.09.26 12:45:10.446,0.79858,0.7992,1.50,2.25
2011.09.26 12:45:11.208,0.79858,0.7992,1.50,2.25
2011.09.26 12:45:13.799,0.79862,0.7992,1.50,2.25
2011.09.26 12:45:13.909,0.79862,0.7992,1.50,3.00
2011.09.26 12:45:14.260,0.79862,0.7992,1.50,3.00
2011.09.26 12:45:14.478,0.79864,0.79924,3.00,1.50
2011.09.26 12:45:14.808,0.79863,0.79924,1.50,1.88
2011.09.26 12:45:14.919,0.79863,0.79921,1.50,2.25
2011.09.26 12:45:15.248,0.79868,0.79929,3.00,2.48
2011.09.26 12:45:15.436,0.79866,0.79924,1.50,2.25
2011.09.26 12:45:15.798,0.79863,0.79921,1.50,2.25
2011.09.26 12:45:16.039,0.79863,0.79921,1.50,2.25
2011.09.26 12:45:17.659,0.79871,0.79921,1.50,2.25
2011.09.26 12:45:17.877,0.79881,0.79927,1.13,1.13
2011.09.26 12:45:18.239,0.79882,0.79929,1.35,1.88
2011.09.26 12:45:18.351,0.79884,0.79929,1.13,1.13
2011.09.26 12:45:18.471,0.79884,0.7993,1.50,1.35
2011.09.26 12:45:18.701,0.79884,0.7993,1.13,1.35
2011.09.26 12:45:18.818,0.79888,0.7993,2.25,1.35
2011.09.26 12:45:18.930,0.79885,0.7993,2.63,1.35
2011.09.26 12:45:19.074,0.79885,0.7993,3.38,1.35
2011.09.26 12:45:19.409,0.79892,0.79941,1.13,1.50
2011.09.26 12:45:19.910,0.79892,0.79941,3.38,1.50
2011.09.26 12:45:20.033,0.79892,0.79941,1.13,1.50
2011.09.26 12:45:20.140,0.79892,0.79941,1.50,1.50
2011.09.26 12:45:20.370,0.79889,0.79943,3.00,1.35
2011.09.26 12:45:20.481,0.79889,0.7994,2.25,1.50
2011.09.26 12:45:20.599,0.79885,0.7994,1.73,1.50
2011.09.26 12:45:21.150,0.79884,0.79933,1.35,1.13
2011.09.26 12:45:23.790,0.79886,0.79931,1.13,1.13
2011.09.26 12:45:26.071,0.79885,0.79934,2.10,1.88
2011.09.26 12:45:26.193,0.79885,0.79931,1.73,1.13
2011.09.26 12:45:27.693,0.79885,0.79931,1.35,1.50
2011.09.26 12:45:27.810,0.79885,0.79934,1.35,1.50
2011.09.26 12:45:27.931,0.79885,0.79929,1.35,1.50
2011.09.26 12:45:29.303,0.79877,0.7993,1.50,1.50
2011.09.26 12:45:29.421,0.79876,0.79928,1.13,1.50
2011.09.26 12:45:29.531,0.79883,0.7993,1.50,1.13
2011.09.26 12:45:29.702,0.79877,0.79933,1.50,1.88
2011.09.26 12:45:29.820,0.79879,0.7993,2.25,1.50
2011.09.26 12:45:30.089,0.79874,0.7993,1.35,1.50
2011.09.26 12:45:30.199,0.79873,0.7993,1.35,1.50
2011.09.26 12:45:30.309,0.79873,0.7993,1.35,1.50
2011.09.26 12:45:31.101,0.79869,0.79929,1.50,1.50
2011.09.26 12:45:31.219,0.79869,0.79929,1.50,1.50
2011.09.26 12:45:33.295,0.79869,0.79929,1.50,1.50
2011.09.26 12:45:34.537,0.79869,0.79928,1.50,2.25
2011.09.26 12:45:34.652,0.79867,0.79928,1.50,3.00
2011.09.26 12:45:35.840,0.79867,0.79928,1.50,3.00
2011.09.26 12:45:37.830,0.79865,0.79928,1.50,3.75
2011.09.26 12:45:38.238,0.79865,0.79927,1.50,1.50
2011.09.26 12:45:40.990,0.79865,0.79925,1.50,1.50
2011.09.26 12:45:42.250,0.79865,0.79925,1.50,1.50
2011.09.26 12:45:44.022,0.79864,0.79923,3.00,1.50
2011.09.26 12:45:46.099,0.79864,0.79923,3.00,1.50
2011.09.26 12:45:46.510,0.79867,0.79925,1.50,1.50
2011.09.26 12:45:46.721,0.79867,0.79928,1.50,1.50
2011.09.26 12:45:47.510,0.79867,0.79929,1.50,1.50
2011.09.26 12:45:49.019,0.79869,0.79933,1.13,3.75
2011.09.26 12:45:50.039,0.79869,0.79933,1.50,3.75
2011.09.26 12:45:51.002,0.79871,0.7993,3.00,1.50
2011.09.26 12:45:51.249,0.79871,0.79933,3.00,1.50
2011.09.26 12:45:51.761,0.79871,0.79933,3.00,1.50
2011.09.26 12:45:52.422,0.79871,0.79933,3.00,1.50
2011.09.26 12:45:52.529,0.7987,0.79933,1.50,3.75
2011.09.26 12:45:54.269,0.7987,0.79933,1.50,3.75
2011.09.26 12:45:55.433,0.79873,0.79933,1.50,3.75
2011.09.26 12:45:56.117,0.79873,0.79933,1.50,3.00
2011.09.26 12:46:01.992,0.79872,0.79933,1.50,3.00
2011.09.26 12:46:03.679,0.79871,0.79934,1.50,1.50
2011.09.26 12:46:04.253,0.79873,0.79937,1.50,3.00
2011.09.26 12:46:04.568,0.79873,0.79937,1.50,3.75
2011.09.26 12:46:04.684,0.79873,0.79937,1.50,3.75
2011.09.26 12:46:07.397,0.7987,0.79933,1.50,3.00
2011.09.26 12:46:07.516,0.79866,0.79922,3.00,1.13
2011.09.26 12:46:08.765,0.79864,0.79921,1.50,2.25
2011.09.26 12:46:09.096,0.79861,0.79921,1.35,3.00
2011.09.26 12:46:09.777,0.79861,0.7992,1.35,2.25
2011.09.26 12:46:10.520,0.79864,0.7992,1.13,2.25
2011.09.26 12:46:10.631,0.7987,0.79928,1.50,1.50
2011.09.26 12:46:10.750,0.7987,0.79928,1.50,1.13
2011.09.26 12:46:10.902,0.79867,0.79927,3.00,1.13
2011.09.26 12:46:11.498,0.7987,0.7993,1.50,1.50
2011.09.26 12:46:12.149,0.79873,0.79933,1.35,1.50
2011.09.26 12:46:13.100,0.79873,0.79933,2.10,1.50
2011.09.26 12:46:13.930,0.79873,0.79933,2.10,1.50
2011.09.26 12:46:17.031,0.79873,0.79928,1.35,2.25
2011.09.26 12:46:17.491,0.79864,0.79921,1.50,2.25
2011.09.26 12:46:18.443,0.79864,0.79921,1.50,2.25
2011.09.26 12:46:22.603,0.79865,0.79923,1.50,1.50
2011.09.26 12:46:22.828,0.79865,0.7992,1.50,2.25
2011.09.26 12:46:24.235,0.79863,0.7992,1.50,3.75
2011.09.26 12:46:24.455,0.79863,0.7992,1.50,3.00
2011.09.26 12:46:25.881,0.79861,0.7992,1.50,3.00
2011.09.26 12:46:28.541,0.79861,0.79919,1.50,1.50
2011.09.26 12:46:28.662,0.79861,0.79919,1.50,1.50
2011.09.26 12:46:34.140,0.79871,0.7992,1.50,3.75
2011.09.26 12:46:34.470,0.79879,0.79924,1.13,1.88
2011.09.26 12:46:34.690,0.79879,0.79924,1.13,1.88
2011.09.26 12:46:36.201,0.79879,0.79924,1.50,1.50
2011.09.26 12:46:36.308,0.79887,0.79929,1.73,1.73
2011.09.26 12:46:36.597,0.79889,0.79929,2.10,1.13
2011.09.26 12:46:36.711,0.79889,0.79935,3.23,2.48
2011.09.26 12:46:37.461,0.79889,0.79935,3.23,2.48
2011.09.26 12:46:39.142,0.79889,0.7993,3.23,1.13
2011.09.26 12:46:39.481,0.79884,0.79928,1.35,1.35
2011.09.26 12:46:39.944,0.79891,0.79933,2.48,1.13
2011.09.26 12:46:40.278,0.79884,0.79925,1.35,2.48
2011.09.26 12:46:40.388,0.79884,0.79925,1.35,2.48
2011.09.26 12:46:40.839,0.79883,0.79928,1.13,1.13
2011.09.26 12:46:40.948,0.79875,0.79929,3.00,1.50
2011.09.26 12:46:41.062,0.79873,0.7993,1.35,2.48
2011.09.26 12:46:41.178,0.79873,0.7993,1.35,2.48
2011.09.26 12:46:41.288,0.79874,0.79921,1.13,1.50
2011.09.26 12:46:43.727,0.79874,0.79919,1.13,1.13
2011.09.26 12:46:43.953,0.79875,0.79927,1.13,3.00
2011.09.26 12:46:44.180,0.79877,0.79919,1.13,1.13
2011.09.26 12:46:44.778,0.7987,0.79919,1.35,1.50
2011.09.26 12:46:44.941,0.79871,0.79919,1.35,1.88
2011.09.26 12:46:45.710,0.79876,0.7992,1.13,1.13
2011.09.26 12:46:46.220,0.79876,0.79919,1.13,1.13
2011.09.26 12:46:46.655,0.79876,0.79919,1.13,1.13
2011.09.26 12:46:46.768,0.79876,0.79923,1.50,1.13
2011.09.26 12:46:47.148,0.79882,0.79928,1.13,1.88
2011.09.26 12:46:47.498,0.79882,0.79928,1.50,1.50
2011.09.26 12:46:47.900,0.79881,0.79928,1.35,1.50
2011.09.26 12:46:48.380,0.79878,0.79927,1.35,1.50
2011.09.26 12:46:48.494,0.79878,0.79928,1.35,1.50
2011.09.26 12:46:49.227,0.79876,0.79928,2.48,1.50
2011.09.26 12:46:49.483,0.79876,0.79926,2.48,1.50
2011.09.26 12:46:49.828,0.79875,0.79926,3.38,1.50
2011.09.26 12:46:51.495,0.7988,0.7993,2.25,1.50
2011.09.26 12:46:51.828,0.79871,0.7993,1.35,1.50
2011.09.26 12:46:51.973,0.79871,0.7993,1.35,1.50
2011.09.26 12:46:52.412,0.7987,0.7993,3.98,1.50
2011.09.26 12:46:53.069,0.7987,0.79924,3.98,1.50
2011.09.26 12:46:53.641,0.79871,0.79924,1.35,1.50
2011.09.26 12:46:53.758,0.7988,0.79925,2.63,1.50
2011.09.26 12:46:54.709,0.7988,0.79929,2.63,1.50
2011.09.26 12:46:54.947,0.7988,0.79929,3.38,1.50
2011.09.26 12:46:55.062,0.7988,0.79928,3.38,1.50
2011.09.26 12:46:55.440,0.7988,0.79928,3.00,1.50
2011.09.26 12:46:55.847,0.79876,0.79926,1.13,1.50
2011.09.26 12:46:56.468,0.79876,0.79926,1.13,1.50
2011.09.26 12:46:57.387,0.79876,0.79928,1.13,1.50
2011.09.26 12:46:57.661,0.79877,0.79928,1.13,1.50
2011.09.26 12:46:58.770,0.79876,0.79928,1.13,1.50
2011.09.26 12:47:00.384,0.79877,0.79928,1.13,1.50
2011.09.26 12:47:00.782,0.79874,0.79928,2.25,1.50
2011.09.26 12:47:00.934,0.7988,0.79928,2.25,1.50
2011.09.26 12:47:01.095,0.7987,0.79928,2.85,1.50
2011.09.26 12:47:02.272,0.79871,0.79928,1.35,1.50
2011.09.26 12:47:04.589,0.79871,0.79929,1.35,1.50
2011.09.26 12:47:04.742,0.79871,0.79928,1.35,1.50
2011.09.26 12:47:05.019,0.79871,0.79928,1.35,1.50
2011.09.26 12:47:05.634,0.79871,0.79928,1.35,1.50
2011.09.26 12:47:07.003,0.79871,0.7993,1.35,1.50
2011.09.26 12:47:07.336,0.79871,0.7993,1.35,1.50
2011.09.26 12:47:08.261,0.79871,0.7993,1.35,1.50
2011.09.26 12:47:09.358,0.79871,0.7993,1.35,1.50
2011.09.26 12:47:10.685,0.79871,0.79929,1.35,1.50
2011.09.26 12:47:11.192,0.79871,0.79918,2.10,1.13
2011.09.26 12:47:11.655,0.79867,0.79921,1.50,1.13
2011.09.26 12:47:11.774,0.79866,0.79921,2.25,1.13
2011.09.26 12:47:11.892,0.79858,0.79921,1.35,1.13
2011.09.26 12:47:12.889,0.79863,0.79921,1.13,1.13
2011.09.26 12:47:13.332,0.79863,0.79921,1.13,1.13
2011.09.26 12:47:13.970,0.79865,0.79919,1.50,1.50
2011.09.26 12:47:14.495,0.79863,0.79919,1.13,1.50
2011.09.26 12:47:14.719,0.79862,0.79918,1.50,1.13
2011.09.26 12:47:14.938,0.79862,0.79917,1.50,2.25
2011.09.26 12:47:15.579,0.79858,0.79914,3.98,1.50
2011.09.26 12:47:15.692,0.79858,0.79914,3.00,1.88
2011.09.26 12:47:15.918,0.79856,0.79914,1.50,1.88
2011.09.26 12:47:16.299,0.79855,0.79908,1.35,1.13
2011.09.26 12:47:16.829,0.79847,0.79903,1.50,3.38
2011.09.26 12:47:17.573,0.79847,0.79903,1.50,3.38
2011.09.26 12:47:18.177,0.79847,0.79903,1.50,3.38
2011.09.26 12:47:18.288,0.79847,0.79903,1.50,3.38
2011.09.26 12:47:19.222,0.79847,0.79903,1.50,3.38
2011.09.26 12:47:19.337,0.79847,0.79903,1.50,3.38
2011.09.26 12:47:20.279,0.79849,0.79907,1.50,2.63
2011.09.26 12:47:24.284,0.79849,0.79907,1.50,2.63
2011.09.26 12:47:31.542,0.79855,0.79907,1.13,3.00
2011.09.26 12:47:31.659,0.79853,0.79907,1.50,2.25
2011.09.26 12:47:31.792,0.79853,0.79902,1.50,2.25
2011.09.26 12:47:31.909,0.79857,0.7991,2.10,3.00
2011.09.26 12:47:32.213,0.79859,0.7991,1.50,3.00
2011.09.26 12:47:32.517,0.79874,0.79921,1.13,1.50
2011.09.26 12:47:32.632,0.79874,0.79925,1.13,1.35
2011.09.26 12:47:32.793,0.79874,0.79929,1.13,1.35
2011.09.26 12:47:33.019,0.79874,0.79929,1.13,1.50
2011.09.26 12:47:33.372,0.79874,0.79929,1.13,1.50
2011.09.26 12:47:33.698,0.79871,0.79929,1.13,1.88
2011.09.26 12:47:34.451,0.79871,0.79929,1.13,1.88
2011.09.26 12:47:34.981,0.79871,0.79929,1.13,1.13
2011.09.26 12:47:35.342,0.79871,0.79924,1.13,1.50
2011.09.26 12:47:35.766,0.79884,0.79926,2.85,3.00
2011.09.26 12:47:35.894,0.79891,0.79935,1.13,1.13
2011.09.26 12:47:36.011,0.79889,0.79938,1.35,1.50
2011.09.26 12:47:36.233,0.79892,0.79945,2.10,1.50
2011.09.26 12:47:36.693,0.7989,0.79944,1.13,1.35
2011.09.26 12:47:37.902,0.7989,0.79942,1.13,1.35
2011.09.26 12:47:38.920,0.7989,0.7995,1.13,1.88
2011.09.26 12:47:39.846,0.7989,0.79947,1.13,1.50
2011.09.26 12:47:41.525,0.7989,0.79947,1.13,1.50
2011.09.26 12:47:42.809,0.7989,0.79947,1.13,1.50
2011.09.26 12:47:44.670,0.7989,0.79947,1.13,1.50
2011.09.26 12:47:45.072,0.79891,0.7995,1.50,1.13
2011.09.26 12:47:45.317,0.7989,0.7995,1.13,1.13
2011.09.26 12:47:45.430,0.7989,0.79946,1.13,1.50
2011.09.26 12:47:45.773,0.7989,0.79946,1.13,1.50
2011.09.26 12:47:46.724,0.7989,0.79946,1.13,1.50
2011.09.26 12:47:47.773,0.7989,0.79946,1.13,1.50
2011.09.26 12:47:47.889,0.7989,0.79945,1.13,1.50
2011.09.26 12:47:48.470,0.7989,0.79945,1.13,1.50
2011.09.26 12:47:49.533,0.7989,0.79945,1.13,1.50
2011.09.26 12:47:49.648,0.7989,0.79945,1.13,1.50
2011.09.26 12:47:50.133,0.7989,0.79945,1.13,1.50
2011.09.26 12:47:50.878,0.79875,0.79944,1.35,2.25
2011.09.26 12:47:51.210,0.79874,0.79933,1.35,1.13
2011.09.26 12:47:51.661,0.79874,0.79933,3.38,3.38
2011.09.26 12:47:52.427,0.79875,0.79933,1.13,3.38
2011.09.26 12:47:52.887,0.79875,0.7993,1.13,1.50
2011.09.26 12:47:53.394,0.79875,0.7993,1.13,1.50
2011.09.26 12:47:53.771,0.79879,0.79933,1.13,1.50
2011.09.26 12:47:53.885,0.79879,0.79935,1.13,1.50
2011.09.26 12:47:54.002,0.79875,0.79933,2.25,1.50
2011.09.26 12:47:54.119,0.79875,0.79933,3.23,1.50
2011.09.26 12:47:54.450,0.79878,0.79934,1.13,2.25
2011.09.26 12:47:55.424,0.79871,0.79929,3.00,1.13
2011.09.26 12:47:55.539,0.79871,0.79926,3.00,1.13
2011.09.26 12:47:55.774,0.79868,0.79925,1.13,1.50
2011.09.26 12:47:55.891,0.79868,0.79925,1.13,1.50
2011.09.26 12:47:56.219,0.79877,0.79923,1.13,1.13
2011.09.26 12:47:57.490,0.79877,0.79919,1.13,1.13
2011.09.26 12:48:00.281,0.79878,0.79919,1.13,1.13
2011.09.26 12:48:01.651,0.79878,0.79923,1.13,1.13
2011.09.26 12:48:01.758,0.79878,0.79923,1.73,1.13
2011.09.26 12:48:02.248,0.79878,0.79923,1.73,1.13
2011.09.26 12:48:02.623,0.79878,0.79923,1.35,1.13
2011.09.26 12:48:04.562,0.79875,0.7992,2.48,1.13
2011.09.26 12:48:05.613,0.79876,0.79923,1.73,1.13
2011.09.26 12:48:06.331,0.79876,0.7992,1.73,1.13
2011.09.26 12:48:07.192,0.7988,0.7992,1.35,1.13
2011.09.26 12:48:08.703,0.7988,0.79928,1.35,1.50
2011.09.26 12:48:08.822,0.7988,0.79929,1.35,1.13
2011.09.26 12:48:08.943,0.79871,0.79929,1.88,1.13
2011.09.26 12:48:09.063,0.79871,0.79929,1.13,1.13
2011.09.26 12:48:09.598,0.79869,0.79924,1.50,1.13
2011.09.26 12:48:10.061,0.79866,0.79926,1.50,3.75
2011.09.26 12:48:10.319,0.79867,0.79921,1.50,2.25
2011.09.26 12:48:10.428,0.79867,0.79931,1.50,1.35
2011.09.26 12:48:10.609,0.79867,0.79931,1.50,1.35
2011.09.26 12:48:10.847,0.79867,0.79933,1.50,1.35
2011.09.26 12:48:11.987,0.79867,0.79933,1.50,1.35
2011.09.26 12:48:13.101,0.79867,0.79931,1.50,1.35
2011.09.26 12:48:13.438,0.79875,0.79935,3.00,1.50
2011.09.26 12:48:13.922,0.79882,0.79935,3.38,1.50
2011.09.26 12:48:15.291,0.79882,0.7994,3.98,1.50
2011.09.26 12:48:16.231,0.79883,0.7994,1.13,1.50
2011.09.26 12:48:17.221,0.79883,0.7994,1.13,1.50
2011.09.26 12:48:17.887,0.79883,0.79938,1.88,1.50
2011.09.26 12:48:18.547,0.79886,0.79939,1.50,1.50
2011.09.26 12:48:19.040,0.79895,0.79943,1.50,1.13
2011.09.26 12:48:19.259,0.79891,0.79944,3.00,2.10
2011.09.26 12:48:19.370,0.79886,0.79942,1.13,1.50
2011.09.26 12:48:19.634,0.79887,0.79942,1.50,1.50
2011.09.26 12:48:20.510,0.79886,0.7994,1.13,1.50
2011.09.26 12:48:21.211,0.79886,0.7994,1.13,1.50
2011.09.26 12:48:23.022,0.79886,0.7994,1.13,1.50
2011.09.26 12:48:25.242,0.79886,0.79944,1.88,1.35
2011.09.26 12:48:26.122,0.79886,0.79941,1.13,1.50
2011.09.26 12:48:26.238,0.79887,0.79941,1.50,1.50
2011.09.26 12:48:26.572,0.79894,0.79942,1.50,1.88
2011.09.26 12:48:31.349,0.79895,0.79939,1.50,1.50
2011.09.26 12:48:31.460,0.79892,0.79933,2.25,1.13
2011.09.26 12:48:31.863,0.79892,0.79938,1.88,1.73
2011.09.26 12:48:31.980,0.79896,0.79942,1.35,1.88
2011.09.26 12:48:32.354,0.79896,0.79942,1.35,1.88
2011.09.26 12:48:32.471,0.79892,0.79942,1.35,1.50
2011.09.26 12:48:32.578,0.79888,0.79942,1.35,1.35
2011.09.26 12:48:34.211,0.79888,0.79942,1.35,1.35
2011.09.26 12:48:38.191,0.79888,0.79941,1.35,3.00
2011.09.26 12:48:38.763,0.79888,0.79941,1.35,3.38
2011.09.26 12:48:39.020,0.79888,0.79939,1.35,3.38
2011.09.26 12:48:39.460,0.79879,0.79939,1.88,3.38
2011.09.26 12:48:39.969,0.79879,0.79938,4.13,3.00
2011.09.26 12:48:40.200,0.79879,0.79938,4.13,3.75
2011.09.26 12:48:40.393,0.79881,0.79938,1.50,3.00
2011.09.26 12:48:41.840,0.79881,0.79938,1.50,2.25
2011.09.26 12:48:42.942,0.79881,0.79938,1.50,3.00
2011.09.26 12:48:43.290,0.79884,0.79938,1.50,2.25
2011.09.26 12:48:43.492,0.79884,0.79938,1.50,3.00
2011.09.26 12:48:43.820,0.79884,0.79938,1.50,3.00
2011.09.26 12:48:44.817,0.79884,0.79938,1.50,3.00
2011.09.26 12:48:46.313,0.79881,0.79938,1.50,3.00
2011.09.26 12:48:46.660,0.79891,0.79934,1.13,1.13
2011.09.26 12:48:47.279,0.79883,0.79939,3.00,1.13
2011.09.26 12:48:47.391,0.79883,0.79938,1.50,3.00
2011.09.26 12:48:48.228,0.79883,0.79937,1.50,3.00
2011.09.26 12:48:51.926,0.79881,0.79937,1.50,3.00
2011.09.26 12:48:55.283,0.79883,0.79937,1.50,3.00
2011.09.26 12:48:55.402,0.79883,0.79929,1.50,1.13
2011.09.26 12:48:55.738,0.79882,0.79928,1.88,1.13
2011.09.26 12:48:56.104,0.79882,0.79925,1.13,1.13
2011.09.26 12:48:56.729,0.79877,0.79926,1.50,3.00
2011.09.26 12:48:57.341,0.79878,0.79925,1.13,1.13
2011.09.26 12:48:57.861,0.79878,0.79925,1.13,1.13
2011.09.26 12:48:58.232,0.79878,0.79925,1.13,1.13
2011.09.26 12:48:59.321,0.79882,0.79925,1.13,1.13
2011.09.26 12:48:59.705,0.79882,0.79928,1.13,1.73
2011.09.26 12:49:00.408,0.79882,0.79927,2.10,1.13
2011.09.26 12:49:00.629,0.79881,0.79929,3.23,1.13
2011.09.26 12:49:00.903,0.79881,0.79925,2.48,1.13
2011.09.26 12:49:03.923,0.79881,0.79925,3.23,1.13
2011.09.26 12:49:04.365,0.79881,0.79925,1.13,1.13
2011.09.26 12:49:05.752,0.79878,0.79921,1.13,1.13
2011.09.26 12:49:05.873,0.79878,0.79925,1.13,1.13
2011.09.26 12:49:07.999,0.79882,0.79925,1.13,1.13
2011.09.26 12:49:09.210,0.79879,0.79925,1.13,1.13
2011.09.26 12:49:14.723,0.79881,0.79925,1.13,1.13
2011.09.26 12:49:15.249,0.79878,0.79923,1.13,1.13
2011.09.26 12:49:15.652,0.79881,0.79924,1.13,1.88
2011.09.26 12:49:16.242,0.79881,0.79928,1.35,1.50
2011.09.26 12:49:16.360,0.79879,0.79933,5.48,1.35
2011.09.26 12:49:16.471,0.79881,0.79926,1.13,1.13
2011.09.26 12:49:17.204,0.79879,0.79924,1.13,1.13
2011.09.26 12:49:17.321,0.79875,0.79926,1.13,1.50
2011.09.26 12:49:17.891,0.79875,0.79932,1.13,1.50
2011.09.26 12:49:19.924,0.79877,0.79937,3.38,3.00
2011.09.26 12:49:20.040,0.79877,0.79937,3.38,3.00
2011.09.26 12:49:20.368,0.79877,0.79937,4.13,3.00
2011.09.26 12:49:20.562,0.79877,0.79937,3.38,3.00
2011.09.26 12:49:21.510,0.79877,0.79937,3.38,3.00
2011.09.26 12:49:21.841,0.79879,0.79937,1.13,3.75
2011.09.26 12:49:21.948,0.79879,0.79937,1.13,3.75
2011.09.26 12:49:22.982,0.79882,0.7994,1.13,1.50
2011.09.26 12:49:23.720,0.79877,0.79938,1.88,4.13
2011.09.26 12:49:26.277,0.79877,0.79934,1.50,1.13
2011.09.26 12:49:26.393,0.79877,0.79932,1.13,1.50
2011.09.26 12:49:27.031,0.79877,0.79937,1.13,1.13
2011.09.26 12:49:29.441,0.79877,0.79937,1.88,1.13
2011.09.26 12:49:31.660,0.79881,0.79938,1.13,3.00
2011.09.26 12:49:32.243,0.7988,0.79932,2.25,1.50
2011.09.26 12:49:32.364,0.79876,0.79932,1.50,1.50
2011.09.26 12:49:32.622,0.79876,0.79932,1.88,1.50
2011.09.26 12:49:33.081,0.79878,0.79937,1.13,1.88
2011.09.26 12:49:36.253,0.7988,0.79936,1.13,1.50
2011.09.26 12:49:37.141,0.79881,0.79936,1.13,1.50
2011.09.26 12:49:37.529,0.79881,0.79939,3.38,1.50
2011.09.26 12:49:38.682,0.79881,0.79934,3.00,1.13
2011.09.26 12:49:38.799,0.79877,0.79933,1.50,1.50
2011.09.26 12:49:38.911,0.79877,0.79933,1.88,1.50
2011.09.26 12:49:39.023,0.79877,0.79933,1.13,1.50
2011.09.26 12:49:40.212,0.79878,0.79935,1.13,1.50
2011.09.26 12:49:40.952,0.79878,0.79935,1.13,1.50
2011.09.26 12:49:41.425,0.7988,0.79937,1.13,4.13
2011.09.26 12:49:41.791,0.79883,0.79931,1.50,1.13
2011.09.26 12:49:42.128,0.79883,0.79934,1.50,1.13
2011.09.26 12:49:42.240,0.79883,0.79934,1.50,1.13
2011.09.26 12:49:42.460,0.79889,0.79939,1.50,1.88
2011.09.26 12:49:42.680,0.79891,0.79939,1.35,1.88
2011.09.26 12:49:42.792,0.79889,0.79938,1.73,1.13
2011.09.26 12:49:43.867,0.79894,0.79938,2.25,1.13
2011.09.26 12:49:44.200,0.79895,0.79939,1.13,1.13
2011.09.26 12:49:44.663,0.79889,0.79937,1.13,1.50
2011.09.26 12:49:44.780,0.79887,0.79937,1.88,1.50
2011.09.26 12:49:44.906,0.79887,0.79937,2.25,1.13
2011.09.26 12:49:45.234,0.79887,0.79937,1.88,1.50
2011.09.26 12:49:45.569,0.79887,0.79937,2.25,1.13
2011.09.26 12:49:46.580,0.79892,0.79939,2.48,1.13
2011.09.26 12:49:47.281,0.79892,0.79939,3.23,1.13
2011.09.26 12:49:50.530,0.79896,0.79939,1.73,1.13
2011.09.26 12:49:51.590,0.79893,0.79939,1.73,1.13
2011.09.26 12:49:54.044,0.79892,0.79939,3.98,1.13
2011.09.26 12:49:54.166,0.79897,0.79939,1.13,1.13
2011.09.26 12:49:54.712,0.79895,0.79943,1.35,1.35
2011.09.26 12:49:54.821,0.79895,0.79943,1.35,1.35
2011.09.26 12:49:54.933,0.79894,0.79943,2.85,1.35
2011.09.26 12:49:55.053,0.79892,0.79945,3.60,1.35
2011.09.26 12:49:55.170,0.79892,0.79943,2.85,1.35
2011.09.26 12:49:55.723,0.79885,0.79948,1.13,1.50
2011.09.26 12:49:57.172,0.79884,0.79944,1.35,1.50
2011.09.26 12:49:58.146,0.79885,0.79944,1.50,1.50
2011.09.26 12:49:58.263,0.79891,0.7994,1.13,1.50
2011.09.26 12:49:58.820,0.79892,0.79945,1.13,1.50
2011.09.26 12:49:59.424,0.79892,0.79945,1.13,1.50
2011.09.26 12:50:00.149,0.79894,0.79945,1.50,1.50
2011.09.26 12:50:00.481,0.79902,0.79955,3.60,1.50
2011.09.26 12:50:00.698,0.79905,0.79958,3.60,1.88
2011.09.26 12:50:01.610,0.79898,0.79954,5.48,1.50
2011.09.26 12:50:02.436,0.79898,0.79953,5.48,1.50
2011.09.26 12:50:02.569,0.79894,0.79951,1.13,1.50
2011.09.26 12:50:02.681,0.79893,0.79949,3.23,1.50
2011.09.26 12:50:03.060,0.79897,0.79946,1.13,1.13
2011.09.26 12:50:03.389,0.79897,0.79945,1.13,1.35
2011.09.26 12:50:04.846,0.79899,0.79947,1.13,3.60
2011.09.26 12:50:05.280,0.79904,0.79948,1.13,1.13
2011.09.26 12:50:05.811,0.79904,0.79951,1.50,1.50
2011.09.26 12:50:06.170,0.7991,0.79955,1.13,1.13
2011.09.26 12:50:06.279,0.7991,0.79957,1.50,1.50
2011.09.26 12:50:07.022,0.79911,0.79963,1.35,1.88
2011.09.26 12:50:07.363,0.79906,0.79962,2.10,1.50
2011.09.26 12:50:07.712,0.79915,0.79963,1.50,1.13
2011.09.26 12:50:07.830,0.79915,0.79959,1.13,1.13
2011.09.26 12:50:09.540,0.79914,0.79959,1.13,1.13
2011.09.26 12:50:09.656,0.79914,0.79959,1.13,1.13
2011.09.26 12:50:09.772,0.79913,0.79959,1.13,1.13
2011.09.26 12:50:10.316,0.79911,0.79956,1.73,1.13
2011.09.26 12:50:10.432,0.79911,0.79958,1.73,1.13
2011.09.26 12:50:10.691,0.79911,0.79955,1.35,1.13
2011.09.26 12:50:11.262,0.79907,0.79955,2.10,1.50
2011.09.26 12:50:11.664,0.79906,0.79953,1.73,1.13
2011.09.26 12:50:15.101,0.79906,0.79954,1.35,1.50
2011.09.26 12:50:16.310,0.79906,0.79948,1.35,1.13
2011.09.26 12:50:17.485,0.79902,0.79948,1.13,1.13
2011.09.26 12:50:17.961,0.79905,0.79949,1.13,1.13
2011.09.26 12:50:18.401,0.79901,0.79948,2.48,1.13
2011.09.26 12:50:18.682,0.79905,0.79949,1.13,1.13
2011.09.26 12:50:20.221,0.79901,0.79948,2.48,1.13
2011.09.26 12:50:21.760,0.79904,0.79951,1.50,1.13
2011.09.26 12:50:21.981,0.79904,0.79951,1.50,1.13
2011.09.26 12:50:23.745,0.79907,0.79955,1.50,1.35
2011.09.26 12:50:24.964,0.79911,0.79955,1.13,1.35
2011.09.26 12:50:27.220,0.79912,0.79955,2.63,1.35
2011.09.26 12:50:28.764,0.79912,0.79954,2.25,1.13
2011.09.26 12:50:29.111,0.79901,0.79944,2.10,2.25
2011.09.26 12:50:29.222,0.79897,0.79944,1.50,2.25
2011.09.26 12:50:29.341,0.79897,0.79949,1.50,3.60
2011.09.26 12:50:29.451,0.79896,0.79948,1.50,1.35
2011.09.26 12:50:29.779,0.79896,0.7994,1.13,2.63
2011.09.26 12:50:31.453,0.79896,0.79938,1.88,1.13
2011.09.26 12:50:31.900,0.79894,0.79938,1.73,1.13
2011.09.26 12:50:32.011,0.79893,0.79938,3.00,2.10
2011.09.26 12:50:32.231,0.79889,0.79933,2.25,1.13
2011.09.26 12:50:32.339,0.79887,0.79931,4.13,2.63
2011.09.26 12:50:32.449,0.79887,0.79926,2.25,1.13
2011.09.26 12:50:32.559,0.79881,0.79923,2.10,2.63
2011.09.26 12:50:33.125,0.79881,0.79923,1.50,2.63
2011.09.26 12:50:33.672,0.79879,0.79923,3.00,3.75
2011.09.26 12:50:34.018,0.7988,0.79923,1.13,3.38
2011.09.26 12:50:34.972,0.79879,0.79923,2.63,3.38
2011.09.26 12:50:35.963,0.79879,0.79922,2.25,1.50
2011.09.26 12:50:36.300,0.7988,0.79924,1.13,2.63
2011.09.26 12:50:36.912,0.79878,0.79924,3.00,3.00
2011.09.26 12:50:37.018,0.79878,0.79919,2.25,1.13
2011.09.26 12:50:37.130,0.79876,0.79919,1.35,3.75
2011.09.26 12:50:37.729,0.79875,0.79912,1.73,2.25
2011.09.26 12:50:37.842,0.79877,0.79919,2.85,2.63
2011.09.26 12:50:37.961,0.79882,0.79921,2.25,1.50
2011.09.26 12:50:38.069,0.79882,0.79927,3.75,1.35
2011.09.26 12:50:38.181,0.79882,0.79927,3.38,1.73
2011.09.26 12:50:38.509,0.79878,0.79922,1.73,2.63
2011.09.26 12:50:39.390,0.79878,0.79922,1.73,3.00
2011.09.26 12:50:39.722,0.79881,0.79926,1.35,1.50
2011.09.26 12:50:40.030,0.79881,0.79923,1.35,2.63
2011.09.26 12:50:40.454,0.79881,0.79922,1.35,1.13
2011.09.26 12:50:41.103,0.7988,0.79922,1.35,1.13
2011.09.26 12:50:41.331,0.79881,0.79925,1.13,1.13
2011.09.26 12:50:41.439,0.79882,0.79927,1.13,2.63
2011.09.26 12:50:41.683,0.79883,0.79927,1.50,2.63
2011.09.26 12:50:41.805,0.79886,0.79927,1.13,2.25
2011.09.26 12:50:41.921,0.79888,0.79929,2.25,1.73
2011.09.26 12:50:42.660,0.79888,0.79932,2.63,1.13
2011.09.26 12:50:43.173,0.79892,0.79935,1.73,1.13
2011.09.26 12:50:43.400,0.79894,0.79939,1.13,1.13
2011.09.26 12:50:43.512,0.79896,0.7994,1.13,3.38
2011.09.26 12:50:43.905,0.79896,0.7994,3.38,1.13
2011.09.26 12:50:46.920,0.79896,0.79942,3.00,3.00
2011.09.26 12:50:47.033,0.79896,0.79942,3.00,2.25
2011.09.26 12:50:47.154,0.79896,0.79939,1.13,1.13
2011.09.26 12:50:47.851,0.79896,0.7994,1.13,3.00
2011.09.26 12:50:47.969,0.79894,0.79942,1.13,2.25
2011.09.26 12:50:48.080,0.79894,0.79942,1.13,3.00
2011.09.26 12:50:48.409,0.79897,0.79947,2.25,1.35
2011.09.26 12:50:48.523,0.79889,0.79947,1.35,1.35
2011.09.26 12:50:48.641,0.79884,0.79943,1.13,1.35
2011.09.26 12:50:48.969,0.79886,0.79933,1.13,2.63
2011.09.26 12:50:50.085,0.79888,0.79932,1.13,1.13
2011.09.26 12:50:50.627,0.79891,0.79929,1.13,1.35
2011.09.26 12:50:50.854,0.7988,0.79933,3.00,2.85
2011.09.26 12:50:51.534,0.7988,0.79933,3.00,2.85
2011.09.26 12:50:51.722,0.7988,0.79933,3.00,2.25
2011.09.26 12:50:52.237,0.7988,0.79933,3.00,3.00
2011.09.26 12:50:52.724,0.79877,0.79932,1.35,1.13
2011.09.26 12:50:52.841,0.79876,0.79932,1.35,1.88
2011.09.26 12:50:52.950,0.79888,0.79932,2.25,1.88
2011.09.26 12:50:53.443,0.79888,0.79933,3.38,1.88
2011.09.26 12:50:54.213,0.79888,0.79933,3.38,1.88
2011.09.26 12:50:55.310,0.79889,0.79933,1.13,1.13
2011.09.26 12:50:55.652,0.79889,0.79933,1.13,1.13
2011.09.26 12:50:56.170,0.79888,0.79929,2.25,1.13
2011.09.26 12:50:56.390,0.79883,0.79928,1.13,1.13
2011.09.26 12:50:57.506,0.79883,0.79926,1.13,2.63
2011.09.26 12:50:57.995,0.79884,0.79926,1.50,2.63
2011.09.26 12:50:58.545,0.79882,0.79924,3.38,1.13
2011.09.26 12:50:59.253,0.79883,0.79926,1.13,3.38
2011.09.26 12:51:00.512,0.79882,0.79924,3.38,1.13
2011.09.26 12:51:00.685,0.79882,0.79924,2.63,1.13
2011.09.26 12:51:00.852,0.79882,0.79924,2.63,1.13
2011.09.26 12:51:01.054,0.79882,0.79924,2.63,1.13
2011.09.26 12:51:01.879,0.79883,0.79926,1.13,2.63
2011.09.26 12:51:07.643,0.79884,0.79926,1.50,2.25
2011.09.26 12:51:07.816,0.79884,0.79933,1.50,1.50
2011.09.26 12:51:07.930,0.79882,0.79933,3.00,1.50
2011.09.26 12:51:08.149,0.79882,0.79928,4.13,1.13
2011.09.26 12:51:09.221,0.79882,0.79925,3.38,1.13
2011.09.26 12:51:10.211,0.79882,0.79925,3.38,1.13
2011.09.26 12:51:14.122,0.79882,0.79925,3.38,1.13
2011.09.26 12:51:14.240,0.79882,0.79921,2.25,1.13
2011.09.26 12:51:14.680,0.79881,0.79925,3.38,1.73
2011.09.26 12:51:15.075,0.79882,0.79925,1.73,1.13
2011.09.26 12:51:16.709,0.79882,0.79925,1.73,1.13
2011.09.26 12:51:17.073,0.79884,0.79925,1.35,1.13
2011.09.26 12:51:17.990,0.79887,0.79925,1.35,1.13
2011.09.26 12:51:18.105,0.79889,0.79933,2.63,1.13
2011.09.26 12:51:18.333,0.79887,0.79933,1.35,3.00
2011.09.26 12:51:18.450,0.79887,0.79933,1.35,3.00
2011.09.26 12:51:18.561,0.7989,0.79933,1.13,1.13
2011.09.26 12:51:19.631,0.7989,0.79933,1.13,1.13
2011.09.26 12:51:20.514,0.7989,0.79933,1.13,1.13
2011.09.26 12:51:23.702,0.79891,0.79934,1.50,1.13
2011.09.26 12:51:23.973,0.7989,0.79933,1.13,1.13
2011.09.26 12:51:24.533,0.79892,0.79933,1.50,1.13
2011.09.26 12:51:24.697,0.7989,0.79933,1.13,1.13
2011.09.26 12:51:26.405,0.79893,0.79935,1.13,3.00
2011.09.26 12:51:26.853,0.79893,0.79934,3.00,1.13
2011.09.26 12:51:26.971,0.79894,0.79935,1.13,3.00
2011.09.26 12:51:28.122,0.79894,0.79937,1.13,1.13
2011.09.26 12:51:29.041,0.79894,0.79937,1.13,1.13
2011.09.26 12:51:29.381,0.79894,0.79937,1.13,1.13
2011.09.26 12:51:31.083,0.79894,0.79937,1.13,1.13
2011.09.26 12:51:31.683,0.79892,0.79933,1.50,1.13
2011.09.26 12:51:31.801,0.79892,0.79933,1.50,1.13
2011.09.26 12:51:33.401,0.79892,0.79933,1.50,1.13
2011.09.26 12:51:34.442,0.7989,0.79933,1.13,1.13
2011.09.26 12:51:34.832,0.79892,0.79933,1.50,1.13
2011.09.26 12:51:36.151,0.79892,0.79933,1.50,1.13
2011.09.26 12:51:38.442,0.79888,0.79933,3.75,1.50
2011.09.26 12:51:38.741,0.7989,0.79931,1.13,2.25
2011.09.26 12:51:39.058,0.7989,0.79933,1.13,1.13
2011.09.26 12:51:39.582,0.79892,0.79934,1.13,3.00
2011.09.26 12:51:39.941,0.79888,0.79934,2.63,1.13
2011.09.26 12:51:40.188,0.79888,0.79934,3.00,1.50
2011.09.26 12:51:40.716,0.79897,0.79941,2.63,4.73
2011.09.26 12:51:46.180,0.79897,0.79941,3.38,4.73
2011.09.26 12:51:46.371,0.79897,0.79938,3.00,1.13
2011.09.26 12:51:47.142,0.79897,0.79938,1.13,1.50
2011.09.26 12:51:47.584,0.79896,0.79937,2.63,1.50
2011.09.26 12:51:47.811,0.79897,0.7994,1.13,1.13
2011.09.26 12:51:48.363,0.799,0.79939,1.50,2.25
2011.09.26 12:51:48.480,0.799,0.79943,1.50,1.73
2011.09.26 12:51:50.720,0.799,0.79942,1.50,1.35
2011.09.26 12:51:50.940,0.79897,0.79938,1.50,1.13
2011.09.26 12:51:51.049,0.79897,0.79938,1.50,1.13
2011.09.26 12:51:53.044,0.79895,0.79937,1.13,1.13
2011.09.26 12:51:55.291,0.79896,0.79939,1.13,1.13
2011.09.26 12:51:56.901,0.79895,0.79937,1.13,1.13
2011.09.26 12:52:01.560,0.79896,0.79937,1.13,1.13
2011.09.26 12:52:02.731,0.79897,0.79938,1.50,1.13
2011.09.26 12:52:03.121,0.79896,0.79937,1.13,1.13
2011.09.26 12:52:03.569,0.79896,0.79939,1.13,1.13
2011.09.26 12:52:03.901,0.79893,0.79939,1.50,1.50
2011.09.26 12:52:04.222,0.79892,0.79938,1.13,2.25
2011.09.26 12:52:04.722,0.79893,0.79938,1.13,1.73
2011.09.26 12:52:05.221,0.79899,0.79939,2.63,2.25
2011.09.26 12:52:05.440,0.79902,0.79946,2.63,1.13
2011.09.26 12:52:05.934,0.79902,0.79945,2.25,1.13
2011.09.26 12:52:06.050,0.79898,0.79943,2.63,2.63
2011.09.26 12:52:06.213,0.79898,0.79943,3.00,2.25
2011.09.26 12:52:06.334,0.79901,0.79945,2.63,1.13
2011.09.26 12:52:08.072,0.79901,0.79945,2.63,1.88
2011.09.26 12:52:08.289,0.79901,0.79945,2.63,1.13
2011.09.26 12:52:08.551,0.79904,0.79945,1.13,1.13
2011.09.26 12:52:08.937,0.79901,0.79941,3.00,1.13
2011.09.26 12:52:09.053,0.79901,0.79948,3.00,2.25
2011.09.26 12:52:09.175,0.79906,0.79944,1.35,2.63
2011.09.26 12:52:09.510,0.79917,0.79944,1.13,2.25
2011.09.26 12:52:09.622,0.79913,0.79963,1.13,3.00
2011.09.26 12:52:09.846,0.79916,0.79973,3.00,1.35
2011.09.26 12:52:10.433,0.79916,0.79969,3.00,3.38
2011.09.26 12:52:10.550,0.79916,0.79968,2.25,1.13
2011.09.26 12:52:10.662,0.79913,0.79968,1.13,3.00
2011.09.26 12:52:10.779,0.79916,0.79969,2.25,3.75
2011.09.26 12:52:11.236,0.79916,0.79968,2.25,1.50
2011.09.26 12:52:11.572,0.79916,0.79969,3.38,3.00
2011.09.26 12:52:12.274,0.7992,0.7997,3.00,1.50
2011.09.26 12:52:12.911,0.7992,0.7997,3.00,1.50
2011.09.26 12:52:13.171,0.7992,0.7997,3.00,1.50
2011.09.26 12:52:14.214,0.79923,0.79972,3.00,1.50
2011.09.26 12:52:14.431,0.79923,0.79969,3.00,1.50
2011.09.26 12:52:15.151,0.79923,0.79968,1.13,2.63
2011.09.26 12:52:15.682,0.79923,0.79968,1.50,3.00
2011.09.26 12:52:16.020,0.79924,0.79965,1.13,1.13
2011.09.26 12:52:16.290,0.79923,0.79965,3.38,1.13
2011.09.26 12:52:16.462,0.79923,0.79964,3.00,1.13
2011.09.26 12:52:17.161,0.7992,0.79963,1.13,2.63
2011.09.26 12:52:18.277,0.7992,0.79961,1.13,1.13
2011.09.26 12:52:19.370,0.7992,0.79963,1.13,3.00
2011.09.26 12:52:22.066,0.79923,0.79966,1.13,1.13
2011.09.26 12:52:22.422,0.79922,0.79966,2.63,1.73
2011.09.26 12:52:22.544,0.79922,0.79964,2.25,1.50
2011.09.26 12:52:22.773,0.79922,0.79964,1.13,3.00
2011.09.26 12:52:23.003,0.79921,0.79964,1.13,1.13
2011.09.26 12:52:23.232,0.79919,0.79959,2.25,1.35
2011.09.26 12:52:23.341,0.79911,0.79959,3.00,1.35
2011.09.26 12:52:23.454,0.79911,0.79963,3.00,1.50
2011.09.26 12:52:23.603,0.79911,0.79963,3.00,1.50
2011.09.26 12:52:24.423,0.79911,0.7996,3.00,1.50
2011.09.26 12:52:25.080,0.79911,0.79959,2.25,1.50
2011.09.26 12:52:25.191,0.79906,0.79959,3.60,1.50
2011.09.26 12:52:25.413,0.79911,0.79964,3.00,3.00
2011.09.26 12:52:25.696,0.79911,0.79964,3.00,3.00
2011.09.26 12:52:26.241,0.79911,0.79964,2.25,3.00
2011.09.26 12:52:26.351,0.79906,0.79963,1.35,3.00
2011.09.26 12:52:27.129,0.79902,0.79963,3.75,3.00
2011.09.26 12:52:27.246,0.79902,0.79963,3.00,3.00
2011.09.26 12:52:27.986,0.79902,0.7996,2.25,1.50
2011.09.26 12:52:28.427,0.79902,0.7996,3.00,1.50
2011.09.26 12:52:28.652,0.7991,0.7996,2.25,1.50
2011.09.26 12:52:28.769,0.7991,0.7996,2.25,1.50
2011.09.26 12:52:30.158,0.7991,0.79959,2.25,1.50
2011.09.26 12:52:31.195,0.7991,0.79959,2.25,1.50
2011.09.26 12:52:32.183,0.7991,0.7996,2.25,1.50
2011.09.26 12:52:32.302,0.7991,0.7996,2.25,1.50
2011.09.26 12:52:32.641,0.79903,0.79956,3.75,2.25
2011.09.26 12:52:33.085,0.79903,0.79956,3.00,3.00
2011.09.26 12:52:34.223,0.79903,0.79953,3.00,1.50
2011.09.26 12:52:34.930,0.79903,0.79956,3.75,3.00
2011.09.26 12:52:35.163,0.79903,0.79954,3.75,1.50
2011.09.26 12:52:36.414,0.79904,0.79953,1.50,1.50
2011.09.26 12:52:39.006,0.79907,0.79947,2.85,2.25
2011.09.26 12:52:39.232,0.79909,0.79955,3.00,3.00
2011.09.26 12:52:39.340,0.79909,0.79955,2.25,3.00
2011.09.26 12:52:39.449,0.79913,0.79956,2.25,1.50
2011.09.26 12:52:39.773,0.79911,0.79957,1.13,3.38
2011.09.26 12:52:40.110,0.79911,0.79954,1.13,1.13
2011.09.26 12:52:42.221,0.79909,0.79953,2.63,1.13
2011.09.26 12:52:42.872,0.79911,0.79953,1.13,1.13
2011.09.26 12:52:44.278,0.79911,0.79953,1.13,1.13
2011.09.26 12:52:44.443,0.79911,0.79953,1.13,1.13
2011.09.26 12:52:45.544,0.79911,0.79955,1.88,2.63
2011.09.26 12:52:45.750,0.79911,0.79953,1.88,1.13
2011.09.26 12:52:45.930,0.79911,0.79955,1.88,2.63
2011.09.26 12:52:47.464,0.79911,0.79954,1.88,1.13
2011.09.26 12:52:49.164,0.7991,0.79953,1.13,1.13
2011.09.26 12:52:54.047,0.79911,0.79953,1.13,1.13
2011.09.26 12:52:57.500,0.79911,0.79955,1.88,2.63
2011.09.26 12:52:57.735,0.79911,0.79953,1.13,1.13
2011.09.26 12:52:57.850,0.79911,0.79953,1.88,1.13
2011.09.26 12:52:58.310,0.79911,0.79955,1.13,2.63
2011.09.26 12:52:58.419,0.79911,0.79953,1.13,1.13
2011.09.26 12:52:58.529,0.79911,0.79955,1.13,2.63
2011.09.26 12:52:59.264,0.79911,0.79954,1.13,1.13
2011.09.26 12:53:02.013,0.79911,0.79954,1.88,1.13
2011.09.26 12:53:02.408,0.79911,0.79953,1.13,1.13
2011.09.26 12:53:02.674,0.79912,0.79953,1.88,1.13
2011.09.26 12:53:03.212,0.79912,0.79954,1.50,1.13
2011.09.26 12:53:03.743,0.79909,0.79955,3.00,3.00
2011.09.26 12:53:03.867,0.79907,0.79954,2.10,3.00
2011.09.26 12:53:03.985,0.79911,0.79953,1.13,1.13
2011.09.26 12:53:05.381,0.7991,0.79952,2.63,1.13
2011.09.26 12:53:06.202,0.7991,0.79952,2.63,1.13
2011.09.26 12:53:11.362,0.7991,0.79952,3.38,1.13
2011.09.26 12:53:12.022,0.79912,0.79952,1.13,1.13
2011.09.26 12:53:12.139,0.79912,0.79952,1.13,1.13
2011.09.26 12:53:12.359,0.79913,0.79954,1.13,3.00
2011.09.26 12:53:12.472,0.7991,0.79954,3.00,3.00
2011.09.26 12:53:12.700,0.79907,0.79949,1.35,1.13
2011.09.26 12:53:13.250,0.79907,0.79952,3.60,2.25
2011.09.26 12:53:13.362,0.79907,0.79958,1.35,1.50
2011.09.26 12:53:13.484,0.79912,0.79958,1.50,1.88
2011.09.26 12:53:13.951,0.79914,0.79958,2.25,1.50
2011.09.26 12:53:14.171,0.79908,0.79958,1.35,1.50
2011.09.26 12:53:14.392,0.79905,0.79956,2.25,1.50
2011.09.26 12:53:14.615,0.79897,0.79956,1.35,1.50
2011.09.26 12:53:14.735,0.79903,0.79955,1.13,1.50
2011.09.26 12:53:15.323,0.79906,0.79955,3.00,1.50
2011.09.26 12:53:16.913,0.79906,0.79955,3.75,1.50
2011.09.26 12:53:17.633,0.79906,0.79955,3.75,1.50
2011.09.26 12:53:18.350,0.79906,0.79955,3.00,1.50
2011.09.26 12:53:19.643,0.79908,0.79955,1.50,1.50
2011.09.26 12:53:20.434,0.79907,0.79955,1.50,1.50
2011.09.26 12:53:22.350,0.79907,0.79958,2.10,1.50
2011.09.26 12:53:23.922,0.79907,0.79957,2.10,1.50
2011.09.26 12:53:24.385,0.79908,0.79957,1.50,1.50
2011.09.26 12:53:25.477,0.79907,0.79959,1.35,3.75
2011.09.26 12:53:25.741,0.79909,0.79959,1.50,3.75
2011.09.26 12:53:26.681,0.79907,0.79959,2.10,3.75
2011.09.26 12:53:27.793,0.79907,0.79962,3.98,1.50
2011.09.26 12:53:28.142,0.79913,0.79962,3.75,1.50
2011.09.26 12:53:28.369,0.79921,0.79966,2.25,1.50
2011.09.26 12:53:28.884,0.79921,0.79968,2.25,1.50
2011.09.26 12:53:29.459,0.79917,0.79969,3.00,1.50
2011.09.26 12:53:30.081,0.79917,0.79965,3.00,1.50
2011.09.26 12:53:31.596,0.79917,0.79965,3.00,1.50
2011.09.26 12:53:38.235,0.79917,0.79967,3.00,1.50
2011.09.26 12:53:38.637,0.79918,0.79967,1.50,1.50
2011.09.26 12:53:41.639,0.79917,0.79967,3.00,1.50
2011.09.26 12:53:42.289,0.79914,0.79965,3.00,1.50
2011.09.26 12:53:43.102,0.79917,0.79965,2.25,1.50
2011.09.26 12:53:43.636,0.79917,0.79965,2.63,1.50
2011.09.26 12:53:43.752,0.79921,0.79968,2.25,2.10
2011.09.26 12:53:44.112,0.79922,0.79977,1.13,1.35
2011.09.26 12:53:44.821,0.79922,0.79973,1.13,1.50
2011.09.26 12:53:45.309,0.79922,0.79973,1.13,1.50
2011.09.26 12:53:46.109,0.79922,0.79973,1.13,1.50
2011.09.26 12:53:47.462,0.79922,0.79975,1.13,1.50
2011.09.26 12:53:49.335,0.79922,0.79975,1.88,1.50
2011.09.26 12:53:49.641,0.79922,0.79975,1.13,1.50
2011.09.26 12:53:50.090,0.79921,0.79974,3.00,1.50
2011.09.26 12:53:50.199,0.79919,0.79974,3.98,3.75
2011.09.26 12:53:51.512,0.79919,0.79974,3.98,3.75
2011.09.26 12:53:52.520,0.79919,0.79972,3.98,1.50
2011.09.26 12:53:52.920,0.79921,0.79972,1.50,1.50
2011.09.26 12:53:54.394,0.7993,0.79974,1.13,3.38
2011.09.26 12:53:56.153,0.79931,0.79974,1.13,3.38
2011.09.26 12:53:56.563,0.79937,0.79981,1.13,1.13
2011.09.26 12:53:56.892,0.79937,0.79981,1.13,1.13
2011.09.26 12:53:57.671,0.79936,0.7998,3.38,1.50
2011.09.26 12:53:58.094,0.79936,0.79979,3.00,1.50
2011.09.26 12:53:58.543,0.79931,0.79974,1.13,2.63
2011.09.26 12:53:58.770,0.79931,0.79977,1.13,1.50
2011.09.26 12:54:00.202,0.7993,0.79978,3.00,2.48
2011.09.26 12:54:01.241,0.7993,0.79978,3.00,2.48
2011.09.26 12:54:01.353,0.7993,0.79974,2.63,1.13
2011.09.26 12:54:01.985,0.79929,0.79974,2.63,3.38
2011.09.26 12:54:02.961,0.79929,0.79974,2.63,4.13
2011.09.26 12:54:04.622,0.79929,0.7997,2.63,1.50
2011.09.26 12:54:06.477,0.79929,0.7997,2.63,1.50
2011.09.26 12:54:06.814,0.79929,0.7997,2.63,1.50
2011.09.26 12:54:08.462,0.79931,0.79973,1.13,1.50
2011.09.26 12:54:08.581,0.79931,0.79973,1.13,1.50
2011.09.26 12:54:09.963,0.79929,0.79972,2.63,1.50
2011.09.26 12:54:10.178,0.79931,0.79973,1.13,1.50
2011.09.26 12:54:10.671,0.79931,0.79973,1.13,1.50
2011.09.26 12:54:11.980,0.79929,0.7997,2.63,1.50
2011.09.26 12:54:12.412,0.79929,0.79968,2.25,1.13
2011.09.26 12:54:12.752,0.79922,0.79966,2.10,1.13
2011.09.26 12:54:13.306,0.7992,0.79967,4.35,2.63
2011.09.26 12:54:14.661,0.79924,0.79967,1.35,2.25
2011.09.26 12:54:14.989,0.79928,0.79969,2.63,2.25
2011.09.26 12:54:15.943,0.79928,0.79969,2.63,3.00
2011.09.26 12:54:16.123,0.79928,0.79969,3.00,3.00
2011.09.26 12:54:16.350,0.79931,0.79976,2.63,1.13
2011.09.26 12:54:16.983,0.79933,0.79976,1.73,1.13
2011.09.26 12:54:17.371,0.79935,0.79978,1.35,3.60
2011.09.26 12:54:17.811,0.79935,0.79977,1.35,3.00
2011.09.26 12:54:18.064,0.79935,0.79977,1.35,3.75
2011.09.26 12:54:18.392,0.79932,0.79977,3.98,4.13
2011.09.26 12:54:18.613,0.79932,0.79977,3.38,4.73
2011.09.26 12:54:20.204,0.79932,0.79975,2.63,1.50
2011.09.26 12:54:21.900,0.79932,0.79975,2.63,1.50
2011.09.26 12:54:23.429,0.79932,0.79977,3.00,2.25
2011.09.26 12:54:23.701,0.79933,0.79978,2.63,1.88
2011.09.26 12:54:25.214,0.79931,0.79976,3.23,1.13
2011.09.26 12:54:27.681,0.79931,0.79976,3.23,1.13
2011.09.26 12:54:27.960,0.79931,0.79977,2.25,2.10
2011.09.26 12:54:28.070,0.79927,0.79974,1.50,1.50
2011.09.26 12:54:28.231,0.79924,0.79974,1.35,1.50
2011.09.26 12:54:28.559,0.79925,0.79979,1.13,1.35
2011.09.26 12:54:28.844,0.79926,0.79981,1.35,1.50
2011.09.26 12:54:29.071,0.79929,0.79981,3.38,1.50
2011.09.26 12:54:29.660,0.79929,0.79983,3.38,1.50
2011.09.26 12:54:35.510,0.79932,0.79983,1.50,1.50
2011.09.26 12:54:38.184,0.79934,0.79981,1.50,1.50
2011.09.26 12:54:38.590,0.7994,0.79983,2.63,1.13
2011.09.26 12:54:38.699,0.7994,0.79984,2.63,1.13
2011.09.26 12:54:38.811,0.7994,0.79985,2.25,3.75
2011.09.26 12:54:39.892,0.79936,0.79985,1.50,3.00
2011.09.26 12:54:40.012,0.79937,0.79985,1.13,3.00
2011.09.26 12:54:40.252,0.79937,0.79988,3.00,1.73
2011.09.26 12:54:40.381,0.79931,0.79984,1.50,2.25
2011.09.26 12:54:41.011,0.79931,0.79984,1.50,2.25
2011.09.26 12:54:41.593,0.79937,0.79986,3.38,1.50
2011.09.26 12:54:41.714,0.79937,0.79989,3.00,1.73
2011.09.26 12:54:41.837,0.79931,0.79984,1.50,2.25
2011.09.26 12:54:41.951,0.79931,0.79984,1.50,3.00
2011.09.26 12:54:42.212,0.79936,0.79984,1.50,3.38
2011.09.26 12:54:44.690,0.79955,0.79986,1.35,2.25
2011.09.26 12:54:44.947,0.79952,0.79985,1.35,2.25
2011.09.26 12:54:45.060,0.7996,0.8,2.25,1.13
2011.09.26 12:54:45.279,0.79957,0.8,2.63,1.13
2011.09.26 12:54:45.528,0.79957,0.8,2.63,1.13
2011.09.26 12:54:45.861,0.79953,0.79995,2.63,1.13
2011.09.26 12:54:45.970,0.79953,0.79997,2.63,3.38
2011.09.26 12:54:47.071,0.79953,0.79996,2.25,1.50
2011.09.26 12:54:47.183,0.79947,0.79993,1.88,3.00
2011.09.26 12:54:47.700,0.79945,0.79986,1.50,2.63
2011.09.26 12:54:47.814,0.79942,0.79986,1.88,2.63
2011.09.26 12:54:48.045,0.79939,0.79979,1.35,2.63
2011.09.26 12:54:48.161,0.79934,0.79979,1.13,3.38
2011.09.26 12:54:48.842,0.79932,0.79979,3.38,3.38
2011.09.26 12:54:49.321,0.79932,0.79977,2.63,1.13
2011.09.26 12:54:50.680,0.79932,0.79977,4.13,1.13
2011.09.26 12:54:52.327,0.79932,0.79977,4.13,1.88
2011.09.26 12:54:52.878,0.79934,0.79977,1.13,1.13
2011.09.26 12:54:52.991,0.79936,0.79979,1.13,3.75
2011.09.26 12:54:53.324,0.79938,0.79979,1.13,2.25
2011.09.26 12:54:53.546,0.79938,0.79984,1.13,1.13
2011.09.26 12:54:54.202,0.79941,0.79985,3.00,2.25
2011.09.26 12:54:54.672,0.79932,0.79984,1.35,1.50
2011.09.26 12:54:55.949,0.79942,0.79984,1.13,1.13
2011.09.26 12:54:57.059,0.79941,0.79984,1.13,1.13
2011.09.26 12:54:57.374,0.7994,0.79981,2.25,1.13
2011.09.26 12:54:57.711,0.79945,0.79987,2.63,1.13
2011.09.26 12:54:59.687,0.79945,0.79987,2.63,1.88
2011.09.26 12:55:01.233,0.79945,0.79987,2.63,1.88
2011.09.26 12:55:01.402,0.79945,0.79984,2.25,1.13
2011.09.26 12:55:01.511,0.79942,0.79984,1.73,1.13
2011.09.26 12:55:02.335,0.7994,0.79984,3.23,1.88
2011.09.26 12:55:03.036,0.79941,0.79984,1.73,1.88
2011.09.26 12:55:03.343,0.79941,0.79984,1.73,1.88
2011.09.26 12:55:03.856,0.7994,0.7998,2.25,1.13
2011.09.26 12:55:04.359,0.79939,0.79982,1.13,3.38
2011.09.26 12:55:05.233,0.79937,0.7998,3.38,1.13
2011.09.26 12:55:05.947,0.79937,0.7998,2.63,1.13
2011.09.26 12:55:06.065,0.79937,0.7998,3.38,1.13
2011.09.26 12:55:07.503,0.79937,0.79978,3.38,1.13
2011.09.26 12:55:07.730,0.79937,0.79978,3.00,2.25
2011.09.26 12:55:08.061,0.79928,0.79975,1.73,1.13
2011.09.26 12:55:09.965,0.79926,0.79973,3.38,1.13
2011.09.26 12:55:10.080,0.79926,0.79973,3.38,1.13
2011.09.26 12:55:10.239,0.79926,0.79973,3.38,1.13
2011.09.26 12:55:10.582,0.79931,0.79971,1.50,2.25
2011.09.26 12:55:10.689,0.79931,0.79976,1.13,1.13
2011.09.26 12:55:10.944,0.79931,0.79976,1.13,1.13
2011.09.26 12:55:11.170,0.79932,0.79976,2.25,3.75
2011.09.26 12:55:11.453,0.79927,0.79973,1.13,1.13
2011.09.26 12:55:12.690,0.79927,0.79974,1.13,1.13
2011.09.26 12:55:13.241,0.79927,0.79975,1.88,3.00
2011.09.26 12:55:13.570,0.79923,0.79967,1.50,3.00
2011.09.26 12:55:13.680,0.7992,0.79966,1.13,1.13
2011.09.26 12:55:13.873,0.79921,0.79966,1.13,1.13
2011.09.26 12:55:16.651,0.79921,0.79969,1.50,1.88
2011.09.26 12:55:16.979,0.7992,0.79969,1.50,1.13
2011.09.26 12:55:17.299,0.79926,0.79973,1.13,1.13
2011.09.26 12:55:17.959,0.79926,0.79974,1.50,1.88
2011.09.26 12:55:18.829,0.79931,0.79974,1.13,1.13
2011.09.26 12:55:19.271,0.79926,0.79971,1.35,3.00
2011.09.26 12:55:19.620,0.79922,0.79969,1.13,1.13
2011.09.26 12:55:19.866,0.79922,0.7997,1.50,1.13
2011.09.26 12:55:20.220,0.79925,0.79969,1.13,1.13
2011.09.26 12:55:24.463,0.79924,0.79969,1.13,1.13
2011.09.26 12:55:25.617,0.79923,0.79965,1.13,1.13
2011.09.26 12:55:27.597,0.79925,0.79968,1.13,1.13
2011.09.26 12:55:28.902,0.79921,0.79968,1.50,1.50
2011.09.26 12:55:29.129,0.79921,0.79967,1.50,2.63
2011.09.26 12:55:29.673,0.79921,0.79967,1.50,2.25
2011.09.26 12:55:31.348,0.79922,0.7997,1.50,1.50
2011.09.26 12:55:32.191,0.79923,0.7997,1.50,1.50
2011.09.26 12:55:37.811,0.79921,0.79968,1.50,1.50
2011.09.26 12:55:38.897,0.79921,0.79967,1.50,3.00
2011.09.26 12:55:40.262,0.79921,0.79966,1.50,1.50
2011.09.26 12:55:42.510,0.7992,0.79967,1.50,2.25
2011.09.26 12:55:43.270,0.79918,0.7997,3.00,1.50
2011.09.26 12:55:43.600,0.79922,0.79974,3.75,1.50
2011.09.26 12:55:44.111,0.79922,0.79971,1.50,1.50
2011.09.26 12:55:44.254,0.79922,0.79972,1.50,3.00
2011.09.26 12:55:46.232,0.79922,0.79971,1.50,1.50
2011.09.26 12:55:47.605,0.79922,0.79971,1.50,1.50
2011.09.26 12:55:48.152,0.79922,0.79972,1.50,3.00
2011.09.26 12:55:48.260,0.79922,0.79972,1.50,2.25
2011.09.26 12:55:48.665,0.79924,0.79973,1.35,1.50
2011.09.26 12:55:49.072,0.79926,0.79973,3.38,1.13
2011.09.26 12:55:49.291,0.7993,0.79971,1.13,2.25
2011.09.26 12:55:49.401,0.7993,0.79975,1.13,1.13
2011.09.26 12:55:50.680,0.7993,0.79973,1.13,1.13
2011.09.26 12:55:50.905,0.7993,0.79974,1.13,1.13
2011.09.26 12:55:51.023,0.79926,0.79971,1.13,2.63
2011.09.26 12:55:54.380,0.79926,0.79969,1.13,1.73
2011.09.26 12:55:54.711,0.79926,0.7997,1.13,1.13
2011.09.26 12:55:54.949,0.79926,0.79971,1.50,3.00
2011.09.26 12:55:55.064,0.79931,0.79975,2.63,1.13
2011.09.26 12:55:55.426,0.79931,0.79976,2.25,1.50
2011.09.26 12:55:55.542,0.79932,0.79976,2.85,1.50
2011.09.26 12:55:55.651,0.79933,0.79982,1.73,1.50
2011.09.26 12:55:58.463,0.79932,0.79975,3.23,1.13
2011.09.26 12:55:59.425,0.79932,0.79975,2.63,1.13
2011.09.26 12:56:00.509,0.79932,0.79975,2.63,1.13
2011.09.26 12:56:00.840,0.7993,0.79971,1.50,1.13
2011.09.26 12:56:01.344,0.79929,0.79971,1.13,1.13
2011.09.26 12:56:01.460,0.79927,0.79971,3.23,1.13
2011.09.26 12:56:03.050,0.79927,0.79971,3.98,1.88
2011.09.26 12:56:05.460,0.79927,0.79973,3.60,2.25
2011.09.26 12:56:05.570,0.79928,0.79976,3.00,1.35
2011.09.26 12:56:05.679,0.79929,0.79976,1.50,1.35
2011.09.26 12:56:06.281,0.79929,0.79976,1.50,1.35
2011.09.26 12:56:06.782,0.7993,0.79983,1.13,3.00
2011.09.26 12:56:07.503,0.79929,0.79982,2.85,3.00
2011.09.26 12:56:08.201,0.79929,0.7999,3.60,2.10
2011.09.26 12:56:08.309,0.79929,0.7999,3.60,2.10
2011.09.26 12:56:09.169,0.79929,0.7999,4.35,2.10
2011.09.26 12:56:09.502,0.79934,0.79989,2.25,1.50
2011.09.26 12:56:10.210,0.79934,0.79989,2.25,1.50
2011.09.26 12:56:11.248,0.79937,0.79989,2.25,1.50
2011.09.26 12:56:11.364,0.79934,0.79989,2.25,1.50
2011.09.26 12:56:12.134,0.79934,0.79989,3.00,1.50
2011.09.26 12:56:12.249,0.79934,0.79989,2.25,1.50
2011.09.26 12:56:13.103,0.79938,0.79989,2.25,1.50
2011.09.26 12:56:13.458,0.79938,0.79989,2.25,1.50
2011.09.26 12:56:13.722,0.79938,0.79989,2.25,1.50
2011.09.26 12:56:14.301,0.79935,0.79989,1.50,1.50
2011.09.26 12:56:16.204,0.79935,0.79989,1.50,1.50
2011.09.26 12:56:21.049,0.79938,0.79989,2.25,1.50
2011.09.26 12:56:21.365,0.79938,0.79989,2.25,1.50
2011.09.26 12:56:21.917,0.79938,0.79989,2.25,1.50
2011.09.26 12:56:23.271,0.79938,0.79989,2.25,1.50
2011.09.26 12:56:27.601,0.79938,0.79995,3.00,1.50
2011.09.26 12:56:27.832,0.79938,0.79995,3.00,1.50
2011.09.26 12:56:28.822,0.79942,0.79995,2.25,1.50
2011.09.26 12:56:28.933,0.79942,0.79995,3.00,1.50
2011.09.26 12:56:29.544,0.79942,0.79996,3.00,1.50
2011.09.26 12:56:30.224,0.79942,0.79996,3.00,1.50
2011.09.26 12:56:30.341,0.79942,0.79996,3.00,1.50
2011.09.26 12:56:32.302,0.79942,0.79996,3.75,1.50
2011.09.26 12:56:32.572,0.79942,0.79997,3.75,1.50
2011.09.26 12:56:32.680,0.79946,0.79997,2.25,1.50
2011.09.26 12:56:32.901,0.79942,0.79997,1.50,1.50
2011.09.26 12:56:35.061,0.79945,0.79997,2.25,1.50
2011.09.26 12:56:37.360,0.79942,0.79998,3.75,1.50
2011.09.26 12:56:38.790,0.79944,0.79999,1.50,1.50
2011.09.26 12:56:40.246,0.79945,0.79999,2.25,1.50
2011.09.26 12:56:40.360,0.79945,0.79999,3.00,1.50
2011.09.26 12:56:41.889,0.79945,0.79999,3.00,1.50
2011.09.26 12:56:48.483,0.79945,0.80004,3.00,1.50
2011.09.26 12:56:50.093,0.79945,0.80004,3.00,1.50
2011.09.26 12:56:50.430,0.79944,0.80003,1.50,3.00
2011.09.26 12:56:52.187,0.79942,0.80002,3.75,1.50
2011.09.26 12:56:56.433,0.79944,0.80003,1.50,3.75
2011.09.26 12:56:56.552,0.79946,0.80006,1.88,1.50
2011.09.26 12:56:57.029,0.79946,0.80002,3.75,1.50
2011.09.26 12:56:57.872,0.79946,0.80002,3.75,1.50
2011.09.26 12:56:57.990,0.79946,0.80004,4.50,1.50
2011.09.26 12:56:58.212,0.79954,0.80004,2.25,1.50
2011.09.26 12:56:59.545,0.79954,0.80002,2.25,1.50
2011.09.26 12:57:00.105,0.79955,0.80002,1.50,1.50
2011.09.26 12:57:12.674,0.79956,0.8,1.13,1.13
2011.09.26 12:57:12.904,0.79951,0.79999,1.13,1.13
2011.09.26 12:57:13.023,0.79956,0.79996,2.25,1.13
2011.09.26 12:57:13.450,0.79951,0.79996,1.73,1.13
2011.09.26 12:57:13.561,0.79952,0.79998,1.35,1.50
2011.09.26 12:57:14.011,0.79956,0.79998,2.63,1.50
2011.09.26 12:57:16.542,0.79956,0.79997,2.63,1.50
2011.09.26 12:57:16.759,0.79952,0.79997,1.35,1.50
2011.09.26 12:57:17.395,0.79947,0.79995,2.10,1.50
2011.09.26 12:57:18.193,0.79946,0.79995,3.00,1.50
2011.09.26 12:57:18.426,0.79947,0.79996,1.50,1.13
2011.09.26 12:57:18.709,0.79951,0.79997,3.38,1.13
2011.09.26 12:57:18.906,0.79951,0.79996,3.38,1.13
2011.09.26 12:57:20.271,0.79952,0.79998,2.10,3.00
2011.09.26 12:57:21.043,0.79956,0.79999,2.63,1.50
2011.09.26 12:57:21.276,0.79956,0.79999,2.63,1.50
2011.09.26 12:57:22.095,0.79956,0.8,3.75,1.50
2011.09.26 12:57:22.209,0.79956,0.80001,3.75,3.00
2011.09.26 12:57:22.531,0.79957,0.80004,3.00,1.73
2011.09.26 12:57:26.684,0.79957,0.80003,3.00,1.88
2011.09.26 12:57:26.892,0.79961,0.80003,1.13,1.13
2011.09.26 12:57:27.480,0.79959,0.80003,1.13,1.13
2011.09.26 12:57:30.874,0.79959,0.80003,1.13,1.13
2011.09.26 12:57:48.703,0.79959,0.80007,1.50,1.88
2011.09.26 12:57:54.033,0.79964,0.80008,3.00,3.00
2011.09.26 12:57:54.609,0.79967,0.80004,2.25,1.13
2011.09.26 12:57:54.724,0.79961,0.80002,4.73,2.63
2011.09.26 12:57:55.152,0.79961,0.80002,2.63,3.23
2011.09.26 12:57:55.260,0.79961,0.80001,2.63,1.13
2011.09.26 12:57:55.651,0.79961,0.80002,3.38,3.23
2011.09.26 12:57:56.865,0.79958,0.80004,1.13,1.13
2011.09.26 12:57:56.981,0.79958,0.80004,1.13,1.13
2011.09.26 12:57:57.585,0.79958,0.80004,1.13,1.13
2011.09.26 12:57:58.261,0.79956,0.80004,3.75,2.48
2011.09.26 12:57:58.480,0.79956,0.80002,1.13,2.63
2011.09.26 12:57:59.976,0.79957,0.8,1.13,1.13
2011.09.26 12:58:02.191,0.79955,0.79998,3.00,1.13
2011.09.26 12:58:02.853,0.79954,0.79997,1.13,3.38
2011.09.26 12:58:03.240,0.79958,0.79997,1.13,2.25
2011.09.26 12:58:03.350,0.7996,0.8,2.25,2.25
2011.09.26 12:58:03.461,0.79962,0.80003,2.63,1.50
2011.09.26 12:58:04.598,0.79967,0.80003,2.25,1.35
2011.09.26 12:58:05.388,0.79967,0.80008,2.63,1.50
2011.09.26 12:58:05.771,0.79967,0.8001,3.38,1.13
2011.09.26 12:58:05.990,0.79969,0.8001,2.63,1.13
2011.09.26 12:58:06.133,0.79969,0.8001,2.63,1.13
2011.09.26 12:58:06.491,0.79969,0.8001,2.63,1.13
2011.09.26 12:58:07.326,0.79969,0.8001,2.63,1.13
2011.09.26 12:58:08.100,0.79969,0.8001,2.25,1.13
2011.09.26 12:58:08.212,0.79969,0.80008,2.25,1.13
2011.09.26 12:58:09.373,0.79967,0.80005,2.25,1.35
2011.09.26 12:58:10.516,0.79962,0.80003,4.35,1.13
2011.09.26 12:58:11.271,0.79967,0.80005,2.25,1.35
2011.09.26 12:58:11.770,0.79967,0.80005,2.25,1.35
2011.09.26 12:58:12.144,0.79967,0.80005,2.63,1.35
2011.09.26 12:58:12.651,0.7997,0.80005,2.63,1.35
2011.09.26 12:58:12.970,0.79967,0.80005,3.00,1.35
2011.09.26 12:58:13.627,0.79967,0.80005,2.63,1.35
2011.09.26 12:58:14.236,0.79969,0.80005,2.25,1.35
2011.09.26 12:58:17.191,0.79969,0.80004,2.25,1.13
2011.09.26 12:58:17.300,0.79967,0.80004,2.25,1.13
2011.09.26 12:58:17.412,0.79972,0.80007,2.10,3.00
2011.09.26 12:58:17.523,0.79972,0.80007,2.10,2.25
2011.09.26 12:58:17.641,0.79973,0.80012,2.85,1.50
2011.09.26 12:58:17.864,0.79977,0.80014,2.25,1.35
2011.09.26 12:58:17.986,0.79977,0.80013,2.25,1.13
2011.09.26 12:58:18.539,0.79973,0.80013,3.98,2.25
2011.09.26 12:58:18.653,0.7998,0.8003,2.10,1.35
2011.09.26 12:58:18.770,0.79976,0.8002,1.73,2.63
2011.09.26 12:58:19.349,0.79976,0.80022,3.60,1.50
2011.09.26 12:58:19.751,0.79976,0.80023,3.60,1.35
2011.09.26 12:58:20.374,0.79976,0.80028,3.00,2.10
2011.09.26 12:58:21.551,0.79976,0.80027,2.25,1.50
2011.09.26 12:58:22.318,0.79973,0.80023,2.25,1.50
2011.09.26 12:58:24.126,0.79973,0.80025,3.00,3.00
2011.09.26 12:58:24.987,0.79973,0.80023,3.00,1.50
2011.09.26 12:58:26.096,0.79973,0.80023,3.00,1.50
2011.09.26 12:58:26.522,0.79973,0.80021,3.00,1.50
2011.09.26 12:58:26.916,0.79973,0.80021,3.00,1.50
2011.09.26 12:58:27.671,0.79973,0.80021,3.75,1.88
2011.09.26 12:58:27.892,0.79979,0.80021,1.13,1.13
2011.09.26 12:58:28.549,0.79979,0.80022,1.50,3.00
2011.09.26 12:58:30.594,0.79982,0.80021,2.25,1.13
2011.09.26 12:58:30.821,0.79979,0.80021,1.13,1.13
2011.09.26 12:58:30.930,0.7998,0.80022,1.13,3.00
2011.09.26 12:58:34.143,0.79982,0.80025,3.38,1.13
2011.09.26 12:58:34.607,0.79982,0.80025,3.38,1.13
2011.09.26 12:58:34.818,0.79982,0.80025,3.38,1.13
2011.09.26 12:58:35.824,0.79982,0.80025,2.63,1.13
2011.09.26 12:58:36.384,0.79982,0.8002,2.25,1.13
2011.09.26 12:58:36.503,0.79982,0.8002,2.25,1.13
2011.09.26 12:58:36.623,0.79979,0.8002,1.13,1.13
2011.09.26 12:58:36.730,0.79979,0.8002,1.13,1.13
2011.09.26 12:58:37.165,0.79981,0.80025,2.63,1.88
2011.09.26 12:58:37.282,0.79981,0.80025,2.63,1.88
2011.09.26 12:58:39.803,0.79981,0.80025,3.38,1.13
2011.09.26 12:58:41.322,0.79983,0.80025,1.13,1.13
2011.09.26 12:58:41.872,0.79981,0.80025,3.38,1.13
2011.09.26 12:58:42.650,0.79981,0.80027,3.75,3.75
2011.09.26 12:58:43.236,0.79985,0.8003,1.50,1.50
2011.09.26 12:58:43.460,0.79982,0.80033,1.35,3.60
2011.09.26 12:58:43.854,0.79981,0.80033,1.35,3.60
2011.09.26 12:58:44.225,0.79981,0.80033,1.35,3.60
2011.09.26 12:58:45.432,0.7998,0.80033,3.00,3.60
2011.09.26 12:58:48.292,0.79973,0.80026,1.13,3.75
2011.09.26 12:58:48.790,0.7998,0.8003,3.00,1.50
2011.09.26 12:58:50.462,0.7998,0.8003,3.00,1.50
2011.09.26 12:58:54.182,0.7998,0.80033,3.00,3.60
2011.09.26 12:58:55.392,0.7998,0.80032,3.00,1.50
2011.09.26 12:58:56.592,0.79981,0.80032,1.50,1.50
2011.09.26 12:58:56.852,0.7998,0.80032,3.00,1.50
2011.09.26 12:58:57.972,0.7998,0.80033,3.00,3.60
2011.09.26 12:58:58.118,0.79981,0.80033,1.50,3.60
2011.09.26 12:59:00.362,0.7998,0.80032,3.75,1.50
2011.09.26 12:59:02.611,0.7998,0.8003,1.50,3.00
2011.09.26 12:59:02.831,0.7999,0.80032,2.63,1.13
2011.09.26 12:59:08.401,0.7999,0.80029,2.25,1.13
2011.09.26 12:59:08.509,0.7999,0.80029,2.25,1.13
2011.09.26 12:59:08.620,0.79986,0.80029,1.13,1.13
2011.09.26 12:59:09.212,0.79986,0.80029,1.13,1.13
2011.09.26 12:59:11.352,0.79986,0.80029,1.13,1.13
2011.09.26 12:59:12.272,0.79986,0.80029,1.13,1.13
2011.09.26 12:59:13.177,0.79986,0.80029,1.13,1.13
2011.09.26 12:59:14.913,0.79986,0.80029,1.13,1.13
2011.09.26 12:59:15.193,0.79986,0.80029,1.88,1.13
2011.09.26 12:59:15.480,0.79986,0.80031,1.50,3.00
2011.09.26 12:59:15.590,0.79989,0.80039,2.10,1.50
2011.09.26 12:59:15.700,0.79992,0.80039,1.35,1.13
2011.09.26 12:59:16.410,0.79995,0.80039,3.38,1.13
2011.09.26 12:59:16.952,0.79995,0.80039,3.38,1.13
2011.09.26 12:59:18.212,0.79995,0.80039,3.38,1.13
2011.09.26 12:59:20.371,0.79995,0.80039,3.38,1.13
2011.09.26 12:59:21.144,0.79995,0.80035,3.00,1.13
2011.09.26 12:59:22.025,0.79992,0.80035,1.73,1.13
2011.09.26 12:59:22.253,0.79991,0.80037,2.63,1.73
2011.09.26 12:59:22.373,0.79996,0.80036,2.25,3.60
2011.09.26 12:59:22.493,0.7999,0.80034,1.13,2.63
2011.09.26 12:59:23.987,0.7999,0.80034,1.13,3.38
2011.09.26 12:59:24.439,0.79996,0.80036,2.25,3.98
2011.09.26 12:59:26.224,0.79997,0.80036,2.10,3.38
2011.09.26 12:59:27.427,0.79997,0.80036,2.85,3.38
2011.09.26 12:59:27.542,0.79997,0.80035,3.60,1.13
2011.09.26 12:59:27.655,0.79997,0.80033,1.50,1.35
2011.09.26 12:59:27.773,0.79999,0.80034,2.25,2.10
2011.09.26 12:59:27.891,0.79996,0.80034,1.13,2.10
2011.09.26 12:59:28.223,0.79995,0.80038,2.25,1.73
2011.09.26 12:59:28.341,0.79991,0.80038,1.13,3.98
2011.09.26 12:59:29.939,0.79991,0.80034,1.13,1.73
2011.09.26 12:59:30.053,0.79991,0.80034,1.13,1.73
2011.09.26 12:59:30.281,0.79988,0.80038,3.38,3.98
2011.09.26 12:59:32.513,0.79988,0.80034,3.38,1.73
2011.09.26 12:59:34.910,0.79988,0.80032,1.13,2.25
2011.09.26 12:59:35.023,0.79988,0.80032,1.13,2.63
2011.09.26 12:59:36.941,0.79988,0.80032,1.13,2.25
2011.09.26 12:59:37.419,0.79991,0.80038,1.13,1.73
2011.09.26 12:59:37.770,0.79995,0.80038,1.13,1.13
2011.09.26 12:59:38.371,0.79995,0.80039,2.63,3.38
2011.09.26 12:59:38.602,0.79995,0.80038,2.63,1.13
2011.09.26 12:59:38.766,0.79995,0.80039,2.63,3.38
2011.09.26 12:59:39.704,0.79995,0.80038,2.63,1.13
2011.09.26 12:59:40.085,0.79995,0.80038,2.63,1.13
2011.09.26 12:59:40.226,0.79995,0.80034,2.25,1.13
2011.09.26 12:59:40.452,0.79984,0.80032,5.85,1.13
2011.09.26 12:59:40.567,0.79986,0.80031,1.35,1.13
2011.09.26 12:59:40.684,0.7999,0.80036,1.13,1.13
2011.09.26 12:59:40.923,0.79989,0.80036,1.35,1.50
2011.09.26 12:59:41.041,0.79989,0.80036,1.35,3.75
2011.09.26 12:59:41.423,0.79983,0.80031,3.00,1.35
2011.09.26 12:59:42.114,0.79983,0.80032,3.00,1.35
2011.09.26 12:59:43.212,0.79983,0.80031,3.00,1.35
2011.09.26 12:59:46.181,0.79987,0.80031,1.50,1.35
2011.09.26 12:59:46.618,0.79983,0.80033,3.00,1.35
2011.09.26 12:59:46.732,0.79986,0.80033,1.50,1.35
2011.09.26 12:59:47.061,0.79981,0.80033,1.35,1.50
2011.09.26 12:59:48.312,0.79983,0.80033,3.00,1.50
2011.09.26 12:59:49.121,0.79983,0.80034,3.00,1.50
2011.09.26 12:59:49.982,0.79984,0.80034,1.50,1.50
2011.09.26 12:59:50.090,0.79986,0.80036,1.50,3.75
2011.09.26 12:59:51.009,0.79983,0.80026,1.13,2.63
2011.09.26 12:59:52.332,0.79986,0.80025,1.50,1.13
2011.09.26 12:59:53.202,0.79983,0.80025,1.13,1.13
2011.09.26 12:59:53.311,0.79983,0.80025,1.13,1.13
2011.09.26 12:59:53.479,0.79983,0.80025,1.13,1.13
2011.09.26 12:59:54.037,0.79982,0.80025,2.63,1.13
2011.09.26 12:59:59.352,0.79983,0.80025,1.13,1.13
2011.09.26 12:59:59.460,0.79984,0.80026,1.13,3.00
2011.09.26 12:59:59.571,0.79984,0.80026,1.13,2.25
2011.09.26 12:59:59.681,0.79984,0.80033,2.10,1.88
