2018.02.14 17:00:00.024,0.92128,0.92151,1.00,1.00
2018.02.14 17:00:00.688,0.92125,0.92147,1.50,1.00
2018.02.14 17:00:01.177,0.92124,0.92149,1.00,1.00
2018.02.14 17:00:01.329,0.92124,0.92146,1.00,1.00
2018.02.14 17:00:01.534,0.92122,0.92145,1.00,1.00
2018.02.14 17:00:01.723,0.9212,0.92144,1.00,1.00
2018.02.14 17:00:03.259,0.92122,0.92147,1.00,1.12
2018.02.14 17:00:03.594,0.92124,0.92149,1.00,1.12
2018.02.14 17:00:04.126,0.92126,0.92148,1.00,1.00
2018.02.14 17:00:04.678,0.92125,0.92148,1.00,1.00
2018.02.14 17:00:06.139,0.92127,0.92149,1.00,1.00
2018.02.14 17:00:06.192,0.92129,0.92153,1.00,1.00
2018.02.14 17:00:06.243,0.92131,0.92155,1.00,1.50
2018.02.14 17:00:06.547,0.92134,0.92156,1.00,1.00
2018.02.14 17:00:11.502,0.92132,0.92157,1.00,1.00
2018.02.14 17:00:12.048,0.92131,0.92156,1.00,1.00
2018.02.14 17:00:13.433,0.92132,0.92157,1.00,1.00
2018.02.14 17:00:13.659,0.92132,0.92154,1.00,1.00
2018.02.14 17:00:13.761,0.9213,0.92153,1.00,1.00
2018.02.14 17:00:14.002,0.92128,0.92153,1.50,1.00
2018.02.14 17:00:14.053,0.92125,0.92145,1.00,1.00
2018.02.14 17:00:14.104,0.9212,0.92145,1.00,1.00
2018.02.14 17:00:15.443,0.92125,0.92147,1.00,1.00
2018.02.14 17:00:15.979,0.92126,0.92148,1.00,1.00
2018.02.14 17:00:16.488,0.92125,0.92148,1.00,1.00
2018.02.14 17:00:17.698,0.92124,0.92147,1.00,1.00
2018.02.14 17:00:18.589,0.92124,0.92148,1.00,1.00
2018.02.14 17:00:19.657,0.92124,0.92147,1.00,1.00
2018.02.14 17:00:20.240,0.92128,0.92151,1.00,1.00
2018.02.14 17:00:21.100,0.92126,0.92151,1.00,1.00
2018.02.14 17:00:21.150,0.92126,0.92149,1.00,1.00
2018.02.14 17:00:21.252,0.92123,0.92147,1.00,1.00
2018.02.14 17:00:21.817,0.92124,0.92146,1.00,1.00
2018.02.14 17:00:21.925,0.92121,0.92145,1.00,1.00
2018.02.14 17:00:21.976,0.9212,0.92143,1.50,1.00
2018.02.14 17:00:22.753,0.92122,0.92144,1.00,1.00
2018.02.14 17:00:22.854,0.92119,0.92144,1.00,1.00
2018.02.14 17:00:23.569,0.92123,0.92145,1.00,1.00
2018.02.14 17:00:23.671,0.92121,0.92146,1.00,1.00
2018.02.14 17:00:26.406,0.92123,0.92146,1.00,1.00
2018.02.14 17:00:27.081,0.92123,0.92145,1.00,1.00
2018.02.14 17:00:33.676,0.92121,0.92145,1.00,1.00
2018.02.14 17:00:34.188,0.92122,0.92146,1.00,1.00
2018.02.14 17:00:35.417,0.92124,0.92146,1.00,1.00
2018.02.14 17:00:37.942,0.92124,0.92148,1.00,1.00
2018.02.14 17:00:39.642,0.92126,0.92148,1.00,1.00
2018.02.14 17:00:41.610,0.92126,0.92149,1.00,1.00
2018.02.14 17:00:42.599,0.92126,0.9215,1.00,1.00
2018.02.14 17:00:43.767,0.92132,0.92156,1.00,2.25
2018.02.14 17:00:44.275,0.92134,0.92156,1.00,1.00
2018.02.14 17:00:45.114,0.92134,0.92157,1.00,1.00
2018.02.14 17:00:46.054,0.92135,0.92158,1.00,1.00
2018.02.14 17:00:46.561,0.92134,0.92157,1.00,1.00
2018.02.14 17:00:47.154,0.92135,0.92158,1.00,1.00
2018.02.14 17:00:48.304,0.92134,0.92159,1.00,1.00
2018.02.14 17:00:48.848,0.92135,0.9216,1.00,1.00
2018.02.14 17:00:49.160,0.9214,0.92163,1.00,1.00
2018.02.14 17:00:49.717,0.92138,0.92163,1.00,1.00
2018.02.14 17:00:50.255,0.92137,0.92163,1.00,1.00
2018.02.14 17:00:52.568,0.92139,0.92163,1.00,1.00
2018.02.14 17:00:53.135,0.92138,0.92162,1.00,1.00
2018.02.14 17:00:53.386,0.92138,0.92164,1.00,1.00
2018.02.14 17:00:54.268,0.92139,0.92164,1.00,1.00
2018.02.14 17:00:55.661,0.92139,0.92167,1.50,1.00
2018.02.14 17:00:56.330,0.9214,0.92168,1.50,1.00
2018.02.14 17:00:56.649,0.9214,0.92163,1.00,1.00
2018.02.14 17:00:56.699,0.92137,0.92162,1.00,1.00
2018.02.14 17:00:56.953,0.92139,0.92162,1.00,1.00
2018.02.14 17:00:57.473,0.92137,0.9216,1.00,1.00
2018.02.14 17:00:58.601,0.92138,0.92161,1.00,1.00
2018.02.14 17:00:59.216,0.92139,0.92164,1.00,1.00
2018.02.14 17:00:59.353,0.92142,0.92164,1.00,1.00
2018.02.14 17:00:59.404,0.92141,0.92166,1.00,1.00
2018.02.14 17:00:59.455,0.92143,0.92166,1.00,1.00
2018.02.14 17:00:59.618,0.92141,0.92166,1.00,1.00
2018.02.14 17:01:01.977,0.9214,0.92165,1.00,1.00
2018.02.14 17:01:02.078,0.92142,0.92165,1.00,1.00
2018.02.14 17:01:02.715,0.92143,0.92166,1.00,1.00
2018.02.14 17:01:05.118,0.92143,0.92168,1.00,1.00
2018.02.14 17:01:05.243,0.92141,0.92165,1.00,1.00
2018.02.14 17:01:05.545,0.92141,0.92167,1.00,1.00
2018.02.14 17:01:05.596,0.92143,0.92168,1.00,1.00
2018.02.14 17:01:05.899,0.92145,0.9217,1.00,1.00
2018.02.14 17:01:06.206,0.92142,0.92169,1.50,1.00
2018.02.14 17:01:06.257,0.92145,0.92169,1.00,1.00
2018.02.14 17:01:07.259,0.92146,0.92171,1.00,1.00
2018.02.14 17:01:08.168,0.92145,0.9217,1.00,1.00
2018.02.14 17:01:12.067,0.92147,0.9217,1.00,1.00
2018.02.14 17:01:15.361,0.92145,0.92168,1.00,1.00
2018.02.14 17:01:17.197,0.92146,0.92169,1.00,1.00
2018.02.14 17:01:19.030,0.92149,0.92173,1.00,1.00
2018.02.14 17:01:19.081,0.92152,0.92177,1.00,1.00
2018.02.14 17:01:19.183,0.92152,0.92174,1.00,1.00
2018.02.14 17:01:19.234,0.92149,0.92174,1.50,1.00
2018.02.14 17:01:19.703,0.92149,0.92172,1.00,1.00
2018.02.14 17:01:20.574,0.92148,0.92171,1.00,1.00
2018.02.14 17:01:21.181,0.92145,0.92168,1.00,1.00
2018.02.14 17:01:23.131,0.92145,0.9217,1.00,1.00
2018.02.14 17:01:24.124,0.92146,0.92171,1.00,1.00
2018.02.14 17:01:24.733,0.92147,0.92172,1.00,1.00
2018.02.14 17:01:24.783,0.92147,0.9217,1.00,1.00
2018.02.14 17:01:28.091,0.92148,0.92171,1.00,1.00
2018.02.14 17:01:28.406,0.92146,0.92171,1.00,1.00
2018.02.14 17:01:30.992,0.92146,0.92169,1.00,1.00
2018.02.14 17:01:31.295,0.9214,0.92163,1.00,1.00
2018.02.14 17:01:32.394,0.92139,0.92162,1.00,1.00
2018.02.14 17:01:34.306,0.92137,0.92162,1.00,1.00
2018.02.14 17:01:34.807,0.92137,0.9216,1.00,1.00
2018.02.14 17:01:35.700,0.92142,0.92167,1.00,1.00
2018.02.14 17:01:36.359,0.9214,0.92163,1.00,1.00
2018.02.14 17:01:36.694,0.92142,0.92167,1.00,2.25
2018.02.14 17:01:38.568,0.9214,0.92165,1.00,1.00
2018.02.14 17:01:38.948,0.92143,0.92165,1.00,1.00
2018.02.14 17:01:39.055,0.9214,0.92165,1.00,1.00
2018.02.14 17:01:39.361,0.92148,0.9217,1.00,1.00
2018.02.14 17:01:39.462,0.92149,0.92172,1.00,1.50
2018.02.14 17:01:39.514,0.92147,0.92172,1.50,1.00
2018.02.14 17:01:39.633,0.92147,0.92169,1.00,1.00
2018.02.14 17:01:39.958,0.92144,0.92169,1.00,1.00
2018.02.14 17:01:40.350,0.92143,0.92166,1.50,1.00
2018.02.14 17:01:40.690,0.9214,0.92163,1.00,1.00
2018.02.14 17:01:41.248,0.92138,0.92163,1.50,1.00
2018.02.14 17:01:41.384,0.9214,0.92163,1.00,1.00
2018.02.14 17:01:41.435,0.92141,0.92166,1.00,1.00
2018.02.14 17:01:41.999,0.92143,0.92166,1.00,1.00
2018.02.14 17:01:42.120,0.92141,0.92166,1.00,1.00
2018.02.14 17:01:42.728,0.92144,0.92169,1.00,1.00
2018.02.14 17:01:43.053,0.92146,0.92171,1.00,1.00
2018.02.14 17:01:43.362,0.9215,0.92173,1.00,1.00
2018.02.14 17:01:43.565,0.92145,0.92171,1.50,1.00
2018.02.14 17:01:44.377,0.92147,0.92171,1.00,1.00
2018.02.14 17:01:44.654,0.92147,0.92173,1.00,1.00
2018.02.14 17:01:45.036,0.92149,0.92174,1.00,1.00
2018.02.14 17:01:45.403,0.92151,0.92175,1.00,1.00
2018.02.14 17:01:45.583,0.92149,0.92175,1.00,1.00
2018.02.14 17:01:45.734,0.92148,0.92172,1.00,1.00
2018.02.14 17:01:46.026,0.9215,0.92175,1.00,1.00
2018.02.14 17:01:46.534,0.9215,0.92174,1.00,1.00
2018.02.14 17:01:47.931,0.92146,0.92167,1.00,1.00
2018.02.14 17:01:48.033,0.92147,0.9217,1.00,1.00
2018.02.14 17:01:48.721,0.92145,0.9217,1.00,1.00
2018.02.14 17:01:49.238,0.92144,0.92169,1.00,1.00
2018.02.14 17:01:49.533,0.92144,0.92167,1.00,1.00
2018.02.14 17:01:50.918,0.92145,0.92168,1.00,1.00
2018.02.14 17:01:51.196,0.92143,0.92168,1.00,1.00
2018.02.14 17:01:51.247,0.92143,0.92166,1.00,1.00
2018.02.14 17:01:51.297,0.92143,0.92168,1.00,1.00
2018.02.14 17:01:51.684,0.92145,0.92168,1.00,1.00
2018.02.14 17:01:53.491,0.92142,0.92166,2.25,1.00
2018.02.14 17:01:53.708,0.92141,0.92164,1.50,1.00
2018.02.14 17:01:54.297,0.92142,0.92165,1.00,1.00
2018.02.14 17:01:54.829,0.92141,0.92166,1.50,1.00
2018.02.14 17:01:55.165,0.92141,0.92164,1.00,1.00
2018.02.14 17:01:55.368,0.92143,0.92168,1.00,1.00
2018.02.14 17:01:55.571,0.9214,0.92165,1.00,1.00
2018.02.14 17:01:56.110,0.92139,0.92164,1.00,1.00
2018.02.14 17:01:56.708,0.9214,0.92164,1.00,1.00
2018.02.14 17:01:57.010,0.9214,0.92162,1.00,1.00
2018.02.14 17:01:57.206,0.92141,0.92166,1.00,1.00
2018.02.14 17:01:57.380,0.92139,0.92165,1.00,1.60
2018.02.14 17:01:57.684,0.92136,0.92159,1.00,1.00
2018.02.14 17:01:57.864,0.92134,0.92159,1.00,1.00
2018.02.14 17:01:58.413,0.92135,0.92159,1.00,1.00
2018.02.14 17:01:59.215,0.92137,0.92162,1.00,1.00
2018.02.14 17:01:59.367,0.92135,0.92159,1.00,1.00
2018.02.14 17:01:59.671,0.92131,0.92155,2.25,1.00
2018.02.14 17:02:00.059,0.92129,0.92147,1.00,1.00
2018.02.14 17:02:00.110,0.92125,0.92147,1.00,1.00
2018.02.14 17:02:00.312,0.92126,0.92149,1.00,1.00
2018.02.14 17:02:00.643,0.92124,0.92147,1.00,1.00
2018.02.14 17:02:01.713,0.92127,0.9215,1.00,1.00
2018.02.14 17:02:01.966,0.92123,0.92148,2.25,1.00
2018.02.14 17:02:03.484,0.92122,0.92147,1.00,1.00
2018.02.14 17:02:03.643,0.92121,0.92144,1.00,1.00
2018.02.14 17:02:03.860,0.92119,0.92144,2.25,1.00
2018.02.14 17:02:04.876,0.92121,0.92144,1.00,1.00
2018.02.14 17:02:04.927,0.92123,0.92148,1.00,1.00
2018.02.14 17:02:05.079,0.92125,0.92148,1.00,1.00
2018.02.14 17:02:06.397,0.92124,0.9215,1.00,1.00
2018.02.14 17:02:08.556,0.92124,0.92149,1.00,1.00
2018.02.14 17:02:08.815,0.92128,0.92151,1.00,1.00
2018.02.14 17:02:08.957,0.92124,0.92149,1.50,1.00
2018.02.14 17:02:09.672,0.92127,0.92151,1.00,1.00
2018.02.14 17:02:10.014,0.9212,0.92143,1.00,1.00
2018.02.14 17:02:10.438,0.92123,0.92146,1.00,1.00
2018.02.14 17:02:10.488,0.92124,0.92149,1.00,1.00
2018.02.14 17:02:11.286,0.92124,0.92147,1.00,1.00
2018.02.14 17:02:11.400,0.92122,0.92147,1.00,1.00
2018.02.14 17:02:11.450,0.92124,0.92147,1.00,1.00
2018.02.14 17:02:12.025,0.92123,0.92146,1.00,1.00
2018.02.14 17:02:17.158,0.92124,0.92147,1.00,1.00
2018.02.14 17:02:17.509,0.92126,0.92149,1.00,1.00
2018.02.14 17:02:18.017,0.92127,0.9215,1.00,1.00
2018.02.14 17:02:18.784,0.92125,0.9215,1.00,1.00
2018.02.14 17:02:18.975,0.92123,0.92146,1.00,1.00
2018.02.14 17:02:19.487,0.92122,0.92147,1.00,1.00
2018.02.14 17:02:19.822,0.92124,0.92149,1.00,1.00
2018.02.14 17:02:20.186,0.92126,0.92149,1.00,1.00
2018.02.14 17:02:26.513,0.92127,0.9215,1.00,1.00
2018.02.14 17:02:27.033,0.92126,0.92151,1.00,1.00
2018.02.14 17:02:28.905,0.92125,0.92148,1.00,1.00
2018.02.14 17:02:33.444,0.92126,0.92149,1.00,1.00
2018.02.14 17:02:35.447,0.92125,0.92148,1.00,1.00
2018.02.14 17:02:35.550,0.92123,0.92148,1.00,1.00
2018.02.14 17:02:35.601,0.92125,0.92148,1.00,1.00
2018.02.14 17:02:37.436,0.92126,0.92149,1.00,1.00
2018.02.14 17:02:37.596,0.92124,0.92149,1.00,1.00
2018.02.14 17:02:37.756,0.92124,0.92147,1.00,1.00
2018.02.14 17:02:38.712,0.92125,0.92148,1.00,1.00
2018.02.14 17:02:39.638,0.92125,0.9215,1.00,1.00
2018.02.14 17:02:40.386,0.92124,0.92147,1.00,1.00
2018.02.14 17:02:40.855,0.92126,0.92148,1.00,1.00
2018.02.14 17:02:41.852,0.92124,0.92149,1.00,1.00
2018.02.14 17:02:44.595,0.92126,0.92149,1.00,1.00
2018.02.14 17:02:47.296,0.92127,0.9215,1.00,1.00
2018.02.14 17:02:47.347,0.92127,0.92152,1.00,1.50
2018.02.14 17:02:47.398,0.9213,0.92153,1.00,1.00
2018.02.14 17:02:47.842,0.92127,0.92152,1.00,1.00
2018.02.14 17:02:47.893,0.92127,0.9215,1.00,1.00
2018.02.14 17:02:49.365,0.92128,0.92151,1.00,1.00
2018.02.14 17:02:50.569,0.92128,0.9215,1.00,1.00
2018.02.14 17:02:50.707,0.92128,0.92153,1.50,1.00
2018.02.14 17:02:51.356,0.92129,0.92154,1.00,1.00
2018.02.14 17:02:51.582,0.9213,0.92152,1.00,1.00
2018.02.14 17:02:55.315,0.9213,0.92155,1.12,1.00
2018.02.14 17:02:55.865,0.92129,0.92154,1.50,1.00
2018.02.14 17:02:56.152,0.92127,0.9215,1.75,1.00
2018.02.14 17:02:56.271,0.92128,0.9215,1.00,1.00
2018.02.14 17:02:56.496,0.92129,0.92152,1.00,1.00
2018.02.14 17:02:57.002,0.9213,0.92153,1.00,1.00
2018.02.14 17:02:57.599,0.92131,0.92154,1.00,1.00
2018.02.14 17:02:58.313,0.9213,0.92153,1.00,1.00
2018.02.14 17:02:59.229,0.92133,0.92158,1.00,1.50
2018.02.14 17:03:00.225,0.92135,0.92158,1.00,1.00
2018.02.14 17:03:00.672,0.92135,0.9216,1.00,1.00
2018.02.14 17:03:01.198,0.92134,0.92159,1.00,1.00
2018.02.14 17:03:01.300,0.92134,0.92157,1.00,1.00
2018.02.14 17:03:02.946,0.92131,0.92156,1.00,1.00
2018.02.14 17:03:02.997,0.92133,0.92156,1.00,1.00
2018.02.14 17:03:03.534,0.92132,0.92155,1.00,1.00
2018.02.14 17:03:04.115,0.92134,0.92157,1.00,1.00
2018.02.14 17:03:05.224,0.92131,0.92156,1.00,1.00
2018.02.14 17:03:05.375,0.92133,0.92158,1.00,1.00
2018.02.14 17:03:05.719,0.92132,0.92155,1.00,1.00
2018.02.14 17:03:06.069,0.92133,0.92158,1.00,1.00
2018.02.14 17:03:07.511,0.92131,0.92156,1.00,1.00
2018.02.14 17:03:07.988,0.92134,0.92156,1.00,1.00
2018.02.14 17:03:09.073,0.92137,0.92156,1.00,1.00
2018.02.14 17:03:09.821,0.92137,0.92157,1.00,1.00
2018.02.14 17:03:10.172,0.92139,0.92157,1.00,1.00
2018.02.14 17:03:11.030,0.92138,0.92157,1.00,1.00
2018.02.14 17:03:11.630,0.92138,0.92156,1.00,1.00
2018.02.14 17:03:12.993,0.9214,0.92156,1.00,1.00
2018.02.14 17:03:13.991,0.92139,0.92156,1.00,1.00
2018.02.14 17:03:14.992,0.92138,0.92156,1.00,1.00
2018.02.14 17:03:17.003,0.92141,0.92156,1.00,1.00
2018.02.14 17:03:18.480,0.92141,0.92157,1.00,1.00
2018.02.14 17:03:19.295,0.92143,0.92158,1.00,1.00
2018.02.14 17:03:19.565,0.92143,0.9216,1.00,1.00
2018.02.14 17:03:19.616,0.92143,0.92157,1.00,1.00
2018.02.14 17:03:19.667,0.92143,0.9216,1.00,1.00
2018.02.14 17:03:19.718,0.92137,0.9216,1.00,1.00
2018.02.14 17:03:20.246,0.92138,0.92161,1.00,1.00
2018.02.14 17:03:20.971,0.92139,0.92161,1.00,1.00
2018.02.14 17:03:21.117,0.92136,0.92161,1.00,1.00
2018.02.14 17:03:21.219,0.92136,0.92159,1.00,1.00
2018.02.14 17:03:21.863,0.92139,0.92159,1.00,1.00
2018.02.14 17:03:23.202,0.92139,0.92158,1.00,1.00
2018.02.14 17:03:24.332,0.92139,0.92157,1.00,1.00
2018.02.14 17:03:24.885,0.92134,0.92157,7.50,1.00
2018.02.14 17:03:25.111,0.92136,0.92159,1.75,1.00
2018.02.14 17:03:25.211,0.92136,0.92159,1.50,1.00
2018.02.14 17:03:26.521,0.92138,0.92161,1.00,1.00
2018.02.14 17:03:26.572,0.92138,0.92163,1.00,1.00
2018.02.14 17:03:26.683,0.9214,0.92163,1.00,1.00
2018.02.14 17:03:27.223,0.92143,0.92163,1.00,1.00
2018.02.14 17:03:27.391,0.92143,0.92165,1.00,1.00
2018.02.14 17:03:28.006,0.92144,0.92165,1.00,1.00
2018.02.14 17:03:28.815,0.92142,0.92165,1.75,1.00
2018.02.14 17:03:28.956,0.92142,0.92167,1.75,1.00
2018.02.14 17:03:29.698,0.92145,0.92168,1.12,1.00
2018.02.14 17:03:29.750,0.92145,0.9217,1.12,1.00
2018.02.14 17:03:30.832,0.92147,0.9217,1.00,1.00
2018.02.14 17:03:31.161,0.9214,0.92162,2.25,1.00
2018.02.14 17:03:31.212,0.92141,0.92164,1.00,1.00
2018.02.14 17:03:31.377,0.9214,0.92161,1.00,1.00
2018.02.14 17:03:31.532,0.92138,0.9216,1.00,1.00
2018.02.14 17:03:31.740,0.92138,0.92162,1.00,1.00
2018.02.14 17:03:31.791,0.92138,0.92159,1.00,1.00
2018.02.14 17:03:31.844,0.92138,0.92161,1.00,1.00
2018.02.14 17:03:32.128,0.92138,0.92156,1.00,1.00
2018.02.14 17:03:32.459,0.92134,0.92157,1.00,1.00
2018.02.14 17:03:32.560,0.92134,0.92159,1.00,1.00
2018.02.14 17:03:34.420,0.92136,0.92159,1.00,1.00
2018.02.14 17:03:36.422,0.92135,0.92159,3.00,1.00
2018.02.14 17:03:37.873,0.92137,0.92159,1.00,1.00
2018.02.14 17:03:38.873,0.92138,0.92159,1.00,1.00
2018.02.14 17:03:39.874,0.92136,0.92159,2.25,1.00
2018.02.14 17:03:40.194,0.92136,0.92162,3.00,1.00
2018.02.14 17:03:40.245,0.92138,0.92161,1.00,1.00
2018.02.14 17:03:40.876,0.92139,0.92162,1.00,1.00
2018.02.14 17:03:41.926,0.92139,0.92163,1.00,1.00
2018.02.14 17:03:42.454,0.92139,0.92161,1.00,1.00
2018.02.14 17:03:44.914,0.9214,0.92161,1.00,1.00
2018.02.14 17:03:45.935,0.9214,0.92162,1.00,1.00
2018.02.14 17:03:46.876,0.92137,0.92162,3.00,1.00
2018.02.14 17:03:47.591,0.92137,0.9216,2.25,1.00
2018.02.14 17:03:47.641,0.92135,0.9216,1.00,1.00
2018.02.14 17:03:47.743,0.92134,0.92157,1.00,1.00
2018.02.14 17:03:48.066,0.92139,0.92157,1.00,1.00
2018.02.14 17:03:49.420,0.92139,0.92158,1.00,1.00
2018.02.14 17:03:50.058,0.92139,0.92157,1.00,1.00
2018.02.14 17:03:50.428,0.92139,0.9216,1.00,1.00
2018.02.14 17:03:50.529,0.92139,0.92156,1.00,1.00
2018.02.14 17:03:50.680,0.92139,0.92158,1.00,1.00
2018.02.14 17:03:51.209,0.92138,0.92158,1.00,1.00
2018.02.14 17:03:51.423,0.92135,0.92158,1.50,1.00
2018.02.14 17:03:51.828,0.92135,0.92156,1.00,1.00
2018.02.14 17:03:52.358,0.92135,0.92155,1.00,1.00
2018.02.14 17:03:54.781,0.92135,0.92153,1.00,1.00
2018.02.14 17:03:54.832,0.92128,0.92153,1.00,1.00
2018.02.14 17:03:55.034,0.9213,0.92155,1.00,1.00
2018.02.14 17:03:55.713,0.92134,0.92156,1.00,1.00
2018.02.14 17:03:56.351,0.92134,0.92154,1.00,1.00
2018.02.14 17:03:56.402,0.92134,0.92157,1.50,1.00
2018.02.14 17:03:56.452,0.92134,0.92155,1.00,1.00
2018.02.14 17:03:58.442,0.92134,0.92153,1.00,1.00
2018.02.14 17:03:58.772,0.92134,0.92151,1.00,1.00
2018.02.14 17:03:59.374,0.92133,0.9215,1.00,1.00
2018.02.14 17:03:59.825,0.92133,0.92152,1.00,1.00
2018.02.14 17:04:00.173,0.92131,0.92152,1.00,1.00
2018.02.14 17:04:00.244,0.92131,0.92149,1.00,1.00
2018.02.14 17:04:00.418,0.9212,0.92143,4.50,1.00
2018.02.14 17:04:00.519,0.92123,0.92146,1.00,1.00
2018.02.14 17:04:00.808,0.9212,0.92145,4.50,1.00
2018.02.14 17:04:00.968,0.92125,0.92145,1.00,1.00
2018.02.14 17:04:01.933,0.92127,0.92146,1.00,1.00
2018.02.14 17:04:03.385,0.9212,0.92141,1.00,1.00
2018.02.14 17:04:03.437,0.92119,0.92139,1.00,1.00
2018.02.14 17:04:03.972,0.92114,0.92136,1.00,1.00
2018.02.14 17:04:04.073,0.92114,0.92133,1.00,1.00
2018.02.14 17:04:04.498,0.92114,0.92135,1.00,1.00
2018.02.14 17:04:05.188,0.92114,0.92133,1.00,1.00
2018.02.14 17:04:06.956,0.92112,0.92133,1.00,1.00
2018.02.14 17:04:08.127,0.92112,0.92136,1.00,1.00
2018.02.14 17:04:08.278,0.92112,0.92132,1.00,1.00
2018.02.14 17:04:08.734,0.92112,0.9213,1.00,1.00
2018.02.14 17:04:08.836,0.92107,0.9213,2.25,1.00
2018.02.14 17:04:09.047,0.92107,0.92128,2.25,1.00
2018.02.14 17:04:09.523,0.92107,0.92126,2.25,1.00
2018.02.14 17:04:10.174,0.92106,0.92126,2.25,1.00
2018.02.14 17:04:10.828,0.92107,0.92126,2.25,1.00
2018.02.14 17:04:12.311,0.92107,0.92128,2.25,1.00
2018.02.14 17:04:12.829,0.92105,0.92127,2.25,1.00
2018.02.14 17:04:14.116,0.92104,0.92127,1.00,1.00
2018.02.14 17:04:16.477,0.92104,0.92125,1.00,1.00
2018.02.14 17:04:16.739,0.92103,0.92127,2.25,1.00
2018.02.14 17:04:16.902,0.92103,0.92125,2.25,1.00
2018.02.14 17:04:17.482,0.92105,0.92125,2.25,1.00
2018.02.14 17:04:18.074,0.92105,0.92121,2.25,1.00
2018.02.14 17:04:18.125,0.92098,0.92121,1.00,1.00
2018.02.14 17:04:18.378,0.921,0.92122,1.00,1.00
2018.02.14 17:04:18.681,0.92098,0.92121,1.00,1.00
2018.02.14 17:04:18.782,0.92098,0.92119,1.00,1.00
2018.02.14 17:04:19.697,0.92097,0.92119,1.50,1.00
2018.02.14 17:04:19.748,0.921,0.92125,4.50,1.00
2018.02.14 17:04:19.798,0.921,0.92123,4.50,1.00
2018.02.14 17:04:19.922,0.921,0.92125,3.75,1.00
2018.02.14 17:04:20.185,0.92102,0.92125,1.00,1.00
2018.02.14 17:04:20.683,0.92103,0.92121,2.25,1.00
2018.02.14 17:04:21.039,0.921,0.92121,1.00,1.00
2018.02.14 17:04:21.819,0.92099,0.92121,1.00,1.00
2018.02.14 17:04:23.383,0.92097,0.92121,1.00,1.00
2018.02.14 17:04:23.896,0.92096,0.92119,1.50,1.00
2018.02.14 17:04:24.497,0.92096,0.92118,1.00,1.00
2018.02.14 17:04:24.549,0.92096,0.9212,1.00,1.00
2018.02.14 17:04:25.380,0.92097,0.9212,1.00,1.00
2018.02.14 17:04:25.431,0.92102,0.92123,1.00,1.00
2018.02.14 17:04:26.271,0.92102,0.92124,1.00,1.00
2018.02.14 17:04:26.322,0.92098,0.92123,1.00,1.00
2018.02.14 17:04:26.525,0.92097,0.9212,1.00,1.00
2018.02.14 17:04:27.183,0.92096,0.9212,1.00,1.00
2018.02.14 17:04:27.484,0.92096,0.92116,1.00,1.00
2018.02.14 17:04:27.947,0.9209,0.92115,1.50,1.00
2018.02.14 17:04:28.010,0.92092,0.92117,1.00,1.00
2018.02.14 17:04:28.453,0.92095,0.92118,1.00,1.00
2018.02.14 17:04:29.561,0.92096,0.9212,1.00,1.00
2018.02.14 17:04:34.666,0.92096,0.92119,1.00,1.00
2018.02.14 17:04:35.217,0.92095,0.92119,1.50,1.00
2018.02.14 17:04:36.761,0.92095,0.92118,1.00,1.00
2018.02.14 17:04:38.881,0.92091,0.92114,1.50,1.00
2018.02.14 17:04:39.330,0.92087,0.92108,1.00,1.00
2018.02.14 17:04:40.061,0.92084,0.92106,1.00,1.00
2018.02.14 17:04:40.113,0.92086,0.92111,1.00,1.00
2018.02.14 17:04:40.164,0.92088,0.92111,1.00,1.00
2018.02.14 17:04:40.732,0.92089,0.92111,1.00,1.00
2018.02.14 17:04:40.996,0.9209,0.92114,1.00,1.00
2018.02.14 17:04:41.804,0.9209,0.92113,1.00,1.00
2018.02.14 17:04:42.533,0.92089,0.92112,1.00,1.00
2018.02.14 17:04:42.780,0.92087,0.9211,1.00,1.00
2018.02.14 17:04:43.084,0.9209,0.92112,1.50,1.00
2018.02.14 17:04:43.135,0.9209,0.92114,1.00,1.00
2018.02.14 17:04:43.287,0.92088,0.92113,1.00,1.00
2018.02.14 17:04:43.439,0.92089,0.92111,1.00,1.00
2018.02.14 17:04:44.983,0.92089,0.9211,1.00,1.00
2018.02.14 17:04:45.033,0.92086,0.9211,1.00,1.00
2018.02.14 17:04:45.460,0.92088,0.9211,1.00,1.00
2018.02.14 17:04:45.749,0.92086,0.92111,1.00,1.00
2018.02.14 17:04:47.711,0.92091,0.92114,1.00,1.50
2018.02.14 17:04:47.813,0.92087,0.92112,1.00,1.00
2018.02.14 17:04:49.269,0.92089,0.92111,1.00,1.00
2018.02.14 17:04:50.198,0.92089,0.92112,1.00,1.00
2018.02.14 17:04:50.746,0.92091,0.92114,1.00,1.00
2018.02.14 17:04:55.764,0.9209,0.92113,1.00,1.00
2018.02.14 17:04:56.327,0.9209,0.92111,1.00,1.00
2018.02.14 17:04:56.378,0.9209,0.92114,1.00,1.00
2018.02.14 17:04:57.570,0.92089,0.92114,1.50,1.00
2018.02.14 17:04:58.172,0.92089,0.92114,1.50,1.00
2018.02.14 17:04:59.281,0.92089,0.92114,1.00,1.00
2018.02.14 17:04:59.828,0.92091,0.92115,1.00,1.00
2018.02.14 17:05:00.374,0.92096,0.92119,1.00,1.00
2018.02.14 17:05:00.726,0.92092,0.92114,1.00,1.00
2018.02.14 17:05:02.129,0.9209,0.92113,1.00,1.00
2018.02.14 17:05:02.727,0.92091,0.92114,1.00,1.00
2018.02.14 17:05:03.541,0.92093,0.92114,1.00,1.00
2018.02.14 17:05:04.059,0.92094,0.92117,1.00,1.50
2018.02.14 17:05:04.161,0.92094,0.92119,1.00,1.00
2018.02.14 17:05:04.726,0.92095,0.92119,1.00,1.00
2018.02.14 17:05:05.251,0.92094,0.9212,1.00,1.00
2018.02.14 17:05:05.836,0.92096,0.92118,1.00,1.00
2018.02.14 17:05:05.887,0.92099,0.92122,1.00,2.25
2018.02.14 17:05:09.465,0.92098,0.92121,1.00,1.00
2018.02.14 17:05:11.042,0.92096,0.9212,1.00,1.00
2018.02.14 17:05:11.143,0.92094,0.92117,1.50,1.00
2018.02.14 17:05:11.532,0.92093,0.92119,3.00,1.00
2018.02.14 17:05:12.064,0.92093,0.92118,3.00,1.00
2018.02.14 17:05:12.350,0.92097,0.9212,1.00,1.00
2018.02.14 17:05:12.848,0.92098,0.9212,3.00,1.50
2018.02.14 17:05:14.398,0.92101,0.9212,1.00,1.00
2018.02.14 17:05:14.769,0.92101,0.92122,1.00,1.00
2018.02.14 17:05:14.871,0.92101,0.92125,1.50,1.00
2018.02.14 17:05:15.381,0.92102,0.92125,1.00,1.00
2018.02.14 17:05:15.859,0.92098,0.92122,1.12,1.00
2018.02.14 17:05:15.910,0.921,0.92123,1.00,1.00
2018.02.14 17:05:17.004,0.92099,0.92122,1.00,1.00
2018.02.14 17:05:17.316,0.92099,0.9212,1.00,1.00
2018.02.14 17:05:18.035,0.92096,0.9212,1.00,1.00
2018.02.14 17:05:18.155,0.92103,0.92121,1.00,1.50
2018.02.14 17:05:18.256,0.92102,0.92124,1.00,1.00
2018.02.14 17:05:18.659,0.92104,0.92125,1.00,1.00
2018.02.14 17:05:19.133,0.92104,0.92123,1.00,1.00
2018.02.14 17:05:19.335,0.92097,0.92122,1.75,1.00
2018.02.14 17:05:20.024,0.921,0.92123,1.00,1.00
2018.02.14 17:05:20.586,0.92101,0.92123,1.00,1.00
2018.02.14 17:05:22.754,0.92093,0.92116,3.00,1.00
2018.02.14 17:05:22.805,0.92092,0.92116,1.75,1.00
2018.02.14 17:05:23.857,0.92095,0.92116,1.00,1.00
2018.02.14 17:05:24.628,0.92096,0.9212,1.00,1.00
2018.02.14 17:05:25.138,0.92098,0.92121,1.00,2.25
2018.02.14 17:05:25.976,0.92098,0.9212,1.50,1.00
2018.02.14 17:05:26.913,0.921,0.92125,1.00,1.00
2018.02.14 17:05:27.137,0.921,0.92123,1.00,1.00
2018.02.14 17:05:27.811,0.92102,0.92124,1.00,1.00
2018.02.14 17:05:27.899,0.92102,0.92126,1.00,1.00
2018.02.14 17:05:28.001,0.921,0.92127,1.00,1.00
2018.02.14 17:05:28.433,0.92103,0.92127,1.00,1.00
2018.02.14 17:05:29.199,0.92102,0.92126,1.00,1.00
2018.02.14 17:05:29.607,0.921,0.92124,1.00,1.00
2018.02.14 17:05:29.658,0.92098,0.92123,1.00,1.00
2018.02.14 17:05:29.760,0.92098,0.92121,1.00,1.00
2018.02.14 17:05:30.061,0.921,0.92123,1.00,1.00
2018.02.14 17:05:30.162,0.92101,0.92125,1.00,1.00
2018.02.14 17:05:30.213,0.92105,0.92129,1.00,1.50
2018.02.14 17:05:30.314,0.92103,0.92128,1.00,1.00
2018.02.14 17:05:30.717,0.92103,0.92126,1.00,1.00
2018.02.14 17:05:31.248,0.92099,0.92126,1.00,1.00
2018.02.14 17:05:31.725,0.92106,0.9213,1.00,2.25
2018.02.14 17:05:32.061,0.92106,0.92128,1.00,1.00
2018.02.14 17:05:32.154,0.92106,0.92131,1.00,1.00
2018.02.14 17:05:35.338,0.92107,0.92129,1.00,1.00
2018.02.14 17:05:36.290,0.92108,0.92132,1.00,1.00
2018.02.14 17:05:36.343,0.92107,0.9213,1.00,1.00
2018.02.14 17:05:36.802,0.92109,0.92131,1.00,1.00
2018.02.14 17:05:42.205,0.92108,0.92133,1.00,1.00
2018.02.14 17:05:42.756,0.92109,0.92132,1.00,1.00
2018.02.14 17:05:44.902,0.92109,0.92131,1.00,1.00
2018.02.14 17:05:45.768,0.9211,0.92132,1.00,1.00
2018.02.14 17:05:48.761,0.92112,0.92136,1.00,1.00
2018.02.14 17:05:48.812,0.92111,0.92133,1.00,1.00
2018.02.14 17:05:48.863,0.92108,0.92133,1.00,1.00
2018.02.14 17:05:49.417,0.9211,0.92134,1.00,1.00
2018.02.14 17:05:49.960,0.9211,0.92135,1.00,1.00
2018.02.14 17:05:50.357,0.92114,0.92136,1.00,1.00
2018.02.14 17:05:50.664,0.92113,0.92138,1.00,1.00
2018.02.14 17:05:51.160,0.92116,0.92139,1.00,2.25
2018.02.14 17:05:51.561,0.92114,0.92139,1.00,1.00
2018.02.14 17:05:52.315,0.92114,0.92141,1.00,1.00
2018.02.14 17:05:52.366,0.92116,0.9214,1.00,1.00
2018.02.14 17:05:52.738,0.92114,0.92139,1.00,1.00
2018.02.14 17:05:52.797,0.92116,0.92139,1.00,1.00
2018.02.14 17:05:52.898,0.92111,0.92136,1.00,1.00
2018.02.14 17:05:53.001,0.92111,0.92134,1.00,1.00
2018.02.14 17:05:53.327,0.92108,0.92133,1.00,1.00
2018.02.14 17:05:53.378,0.92109,0.92131,1.00,1.00
2018.02.14 17:05:53.580,0.9211,0.92133,1.00,1.00
2018.02.14 17:05:55.774,0.92111,0.92133,1.00,1.00
2018.02.14 17:05:56.276,0.92112,0.92135,1.00,1.00
2018.02.14 17:05:56.425,0.92112,0.92137,1.00,1.50
2018.02.14 17:05:56.476,0.92112,0.92135,1.00,1.00
2018.02.14 17:05:57.282,0.92113,0.92135,1.00,1.00
2018.02.14 17:05:59.611,0.92111,0.92136,1.00,1.00
2018.02.14 17:06:00.290,0.9211,0.92135,1.00,1.00
2018.02.14 17:06:00.761,0.9211,0.92137,1.12,1.00
2018.02.14 17:06:01.248,0.92117,0.9214,1.00,1.50
2018.02.14 17:06:01.400,0.92118,0.92143,1.00,1.00
2018.02.14 17:06:01.726,0.92121,0.92144,1.00,1.00
2018.02.14 17:06:02.037,0.92123,0.92143,1.00,1.00
2018.02.14 17:06:02.397,0.92121,0.92143,1.00,1.00
2018.02.14 17:06:03.651,0.92122,0.92144,1.00,1.00
2018.02.14 17:06:04.846,0.92121,0.92145,1.00,1.00
2018.02.14 17:06:06.164,0.92125,0.92147,1.00,1.00
2018.02.14 17:06:06.365,0.92123,0.92146,1.00,1.00
2018.02.14 17:06:06.468,0.92121,0.92145,1.00,1.00
2018.02.14 17:06:06.525,0.9212,0.92142,1.00,1.00
2018.02.14 17:06:06.677,0.92119,0.92144,1.75,1.00
2018.02.14 17:06:06.829,0.92123,0.92147,1.00,1.00
2018.02.14 17:06:07.372,0.92123,0.92148,1.00,1.00
2018.02.14 17:06:07.811,0.92121,0.92146,1.00,1.00
2018.02.14 17:06:08.370,0.92122,0.92146,1.00,1.00
2018.02.14 17:06:10.849,0.92123,0.92146,1.00,1.00
2018.02.14 17:06:13.837,0.92122,0.92144,1.00,1.00
2018.02.14 17:06:14.437,0.92123,0.92145,1.00,1.00
2018.02.14 17:06:15.210,0.92123,0.92147,1.00,1.00
2018.02.14 17:06:15.850,0.92122,0.92147,1.00,1.00
2018.02.14 17:06:15.901,0.92122,0.92145,1.00,1.00
2018.02.14 17:06:16.557,0.92124,0.92147,1.00,1.00
2018.02.14 17:06:16.785,0.92122,0.92146,1.00,1.00
2018.02.14 17:06:19.876,0.92121,0.92146,1.00,1.00
2018.02.14 17:06:20.377,0.92123,0.92145,1.00,1.00
2018.02.14 17:06:23.609,0.92124,0.92149,1.00,1.00
2018.02.14 17:06:24.143,0.92123,0.92148,1.75,1.00
2018.02.14 17:06:25.519,0.92125,0.9215,1.12,1.50
2018.02.14 17:06:33.302,0.92119,0.92144,1.00,1.00
2018.02.14 17:06:33.604,0.92119,0.92141,1.00,1.00
2018.02.14 17:06:34.531,0.92117,0.92141,1.00,1.00
2018.02.14 17:06:35.407,0.92117,0.92139,1.00,1.00
2018.02.14 17:06:35.509,0.92115,0.92138,1.00,1.00
2018.02.14 17:06:36.261,0.92114,0.92138,1.00,1.00
2018.02.14 17:06:37.420,0.92115,0.92138,1.00,1.00
2018.02.14 17:06:38.904,0.92114,0.92138,1.00,1.00
2018.02.14 17:06:41.186,0.92116,0.92138,1.00,1.00
2018.02.14 17:06:41.585,0.92116,0.9214,1.00,1.00
2018.02.14 17:06:42.356,0.92115,0.92139,1.00,1.00
2018.02.14 17:06:44.282,0.92118,0.92141,1.00,1.00
2018.02.14 17:06:46.125,0.92116,0.92142,1.00,1.00
2018.02.14 17:06:47.202,0.92119,0.92142,1.00,1.00
2018.02.14 17:06:47.898,0.92116,0.92142,1.00,1.00
2018.02.14 17:06:48.681,0.9212,0.92141,1.00,1.00
2018.02.14 17:06:49.252,0.9212,0.92142,1.00,1.00
2018.02.14 17:06:49.859,0.92119,0.92142,1.00,1.00
2018.02.14 17:06:50.407,0.92119,0.92143,1.50,1.00
2018.02.14 17:06:52.977,0.92118,0.92142,1.50,1.00
2018.02.14 17:06:53.189,0.92109,0.92134,1.00,1.00
2018.02.14 17:06:53.960,0.92106,0.9213,1.00,1.00
2018.02.14 17:06:54.438,0.92108,0.92128,1.00,1.00
2018.02.14 17:06:54.590,0.92109,0.92133,1.00,1.50
2018.02.14 17:06:54.691,0.92103,0.92128,1.00,1.00
2018.02.14 17:06:54.742,0.92105,0.92128,1.00,1.00
2018.02.14 17:06:55.545,0.92106,0.92129,1.00,1.00
2018.02.14 17:06:56.452,0.92108,0.92133,1.00,2.25
2018.02.14 17:06:56.503,0.92114,0.92132,1.00,1.00
2018.02.14 17:06:56.555,0.92106,0.92128,1.00,1.00
2018.02.14 17:06:57.310,0.92106,0.92129,1.50,1.00
2018.02.14 17:06:57.362,0.92106,0.92127,1.00,1.00
2018.02.14 17:06:58.097,0.92106,0.92129,1.00,1.00
2018.02.14 17:06:58.610,0.92106,0.9213,1.00,1.00
2018.02.14 17:06:58.712,0.92109,0.92131,1.00,1.00
2018.02.14 17:06:59.063,0.92112,0.92133,1.00,1.00
2018.02.14 17:06:59.854,0.92109,0.92133,1.00,1.00
2018.02.14 17:07:01.286,0.92108,0.92133,1.00,1.00
2018.02.14 17:07:01.337,0.92107,0.9213,1.00,1.00
2018.02.14 17:07:02.277,0.92108,0.9213,1.00,1.00
2018.02.14 17:07:02.809,0.9211,0.9213,1.00,1.00
2018.02.14 17:07:03.966,0.92111,0.92133,1.00,1.00
2018.02.14 17:07:04.017,0.9211,0.9213,1.00,1.00
2018.02.14 17:07:04.452,0.92108,0.9213,1.00,1.00
2018.02.14 17:07:04.740,0.92106,0.92128,1.00,1.00
2018.02.14 17:07:04.964,0.92105,0.92131,1.50,1.00
2018.02.14 17:07:05.582,0.92107,0.92131,1.00,1.00
2018.02.14 17:07:07.946,0.92109,0.92131,3.75,1.00
2018.02.14 17:07:08.950,0.92108,0.92131,1.12,1.00
2018.02.14 17:07:09.825,0.92107,0.9213,4.50,1.00
2018.02.14 17:07:10.850,0.92113,0.9213,2.25,1.00
2018.02.14 17:07:10.952,0.92113,0.92133,2.25,1.00
2018.02.14 17:07:11.003,0.92113,0.9213,2.25,1.00
2018.02.14 17:07:11.677,0.92113,0.92129,2.25,1.00
2018.02.14 17:07:11.853,0.9211,0.92129,3.75,1.00
2018.02.14 17:07:12.390,0.9211,0.9213,3.75,1.00
2018.02.14 17:07:12.891,0.9211,0.9213,3.75,1.00
2018.02.14 17:07:15.012,0.9211,0.92128,2.25,1.00
2018.02.14 17:07:15.377,0.92106,0.92128,1.00,1.00
2018.02.14 17:07:15.880,0.92108,0.92128,2.25,1.00
2018.02.14 17:07:16.718,0.92106,0.92128,1.00,1.00
2018.02.14 17:07:16.769,0.92103,0.92128,1.00,1.00
2018.02.14 17:07:17.087,0.92104,0.92126,1.00,1.00
2018.02.14 17:07:17.461,0.92106,0.92126,2.25,1.00
2018.02.14 17:07:17.695,0.92106,0.92128,2.25,1.00
2018.02.14 17:07:18.445,0.92108,0.92127,3.75,1.00
2018.02.14 17:07:19.445,0.92105,0.92127,2.25,1.00
2018.02.14 17:07:20.445,0.92106,0.92127,3.75,1.00
2018.02.14 17:07:21.053,0.92106,0.92128,3.75,1.00
2018.02.14 17:07:21.573,0.92107,0.92127,3.75,1.00
2018.02.14 17:07:22.446,0.92105,0.92127,3.75,1.00
2018.02.14 17:07:23.447,0.92107,0.92127,3.75,1.00
2018.02.14 17:07:24.484,0.92105,0.92127,3.75,1.00
2018.02.14 17:07:24.535,0.92105,0.92125,3.75,1.00
2018.02.14 17:07:26.312,0.92105,0.92127,3.00,1.00
2018.02.14 17:07:26.450,0.92107,0.92127,2.25,1.00
2018.02.14 17:07:28.763,0.92107,0.92126,3.75,1.00
2018.02.14 17:07:29.013,0.92104,0.92127,2.25,1.00
2018.02.14 17:07:29.600,0.92104,0.92128,2.25,1.00
2018.02.14 17:07:29.650,0.921,0.92123,4.50,1.00
2018.02.14 17:07:30.104,0.92102,0.92125,1.00,1.00
2018.02.14 17:07:30.615,0.92104,0.92125,7.50,1.00
2018.02.14 17:07:31.259,0.92105,0.92124,7.50,1.00
2018.02.14 17:07:32.065,0.92101,0.92124,7.50,1.00
2018.02.14 17:07:33.065,0.92103,0.92124,7.50,1.00
2018.02.14 17:07:34.013,0.92106,0.92126,3.75,1.00
2018.02.14 17:07:34.569,0.92106,0.92125,3.75,1.00
2018.02.14 17:07:34.958,0.92103,0.92125,7.50,1.00
2018.02.14 17:07:35.600,0.92103,0.92124,7.50,1.00
2018.02.14 17:07:36.117,0.92103,0.92125,7.50,1.00
2018.02.14 17:07:36.620,0.92108,0.92125,7.50,1.00
2018.02.14 17:07:38.158,0.92108,0.92126,3.75,1.00
2018.02.14 17:07:38.659,0.92104,0.92125,2.25,1.00
2018.02.14 17:07:38.711,0.92105,0.92127,1.00,1.00
2018.02.14 17:07:39.251,0.92107,0.92127,2.25,1.00
2018.02.14 17:07:40.296,0.92108,0.92127,2.25,1.00
2018.02.14 17:07:40.489,0.92106,0.92127,2.25,1.00
2018.02.14 17:07:41.483,0.92107,0.92127,1.00,1.00
2018.02.14 17:07:42.122,0.92107,0.92126,1.00,1.00
2018.02.14 17:07:42.463,0.92105,0.92127,1.00,1.00
2018.02.14 17:07:43.273,0.92107,0.92128,1.00,1.00
2018.02.14 17:07:43.781,0.92107,0.92129,1.00,1.00
2018.02.14 17:07:44.573,0.92106,0.92129,1.00,1.00
2018.02.14 17:07:45.687,0.92106,0.92126,1.00,1.00
2018.02.14 17:07:45.738,0.92106,0.92128,1.50,1.00
2018.02.14 17:07:46.176,0.92104,0.92128,1.00,1.00
2018.02.14 17:07:46.415,0.92106,0.92128,1.00,1.00
2018.02.14 17:07:47.636,0.92108,0.92128,1.00,1.00
2018.02.14 17:07:48.178,0.92108,0.92125,1.00,1.00
2018.02.14 17:07:48.280,0.92108,0.92128,1.00,1.00
2018.02.14 17:07:49.014,0.92107,0.92128,1.00,1.00
2018.02.14 17:07:49.262,0.92104,0.92128,1.00,1.00
2018.02.14 17:07:49.313,0.92102,0.92125,1.00,1.00
2018.02.14 17:07:49.621,0.92096,0.92119,1.00,1.00
2018.02.14 17:07:49.990,0.92101,0.92119,1.00,1.00
2018.02.14 17:07:50.559,0.92101,0.9212,1.00,1.00
2018.02.14 17:07:50.778,0.92097,0.9212,1.00,1.00
2018.02.14 17:07:51.244,0.92102,0.9212,1.00,1.00
2018.02.14 17:07:52.238,0.921,0.9212,1.00,1.00
2018.02.14 17:07:53.154,0.92105,0.92122,2.25,1.00
2018.02.14 17:07:53.678,0.92105,0.9212,2.25,1.00
2018.02.14 17:07:53.833,0.92098,0.9212,1.50,1.00
2018.02.14 17:07:54.815,0.921,0.9212,1.00,1.00
2018.02.14 17:07:55.239,0.92093,0.92116,1.00,1.00
2018.02.14 17:07:55.290,0.92094,0.92118,1.00,1.00
2018.02.14 17:07:55.340,0.92093,0.92116,1.00,1.00
2018.02.14 17:07:55.689,0.92093,0.92114,1.00,1.00
2018.02.14 17:07:56.169,0.9209,0.92114,1.00,1.00
2018.02.14 17:07:56.313,0.9209,0.92112,1.00,1.00
2018.02.14 17:07:57.115,0.92092,0.92112,2.25,1.00
2018.02.14 17:07:57.925,0.92092,0.92115,2.25,1.00
2018.02.14 17:07:58.115,0.92094,0.92115,1.00,1.00
2018.02.14 17:07:58.579,0.92092,0.92114,1.00,1.00
2018.02.14 17:07:58.630,0.92102,0.92119,2.25,1.00
2018.02.14 17:07:58.681,0.92093,0.92116,1.00,1.00
2018.02.14 17:07:58.732,0.92095,0.92117,1.00,1.00
2018.02.14 17:07:59.057,0.92097,0.92121,1.00,1.00
2018.02.14 17:07:59.260,0.92101,0.92122,1.00,1.00
2018.02.14 17:07:59.492,0.92097,0.92122,1.00,1.00
2018.02.14 17:07:59.543,0.92097,0.92119,1.00,1.00
2018.02.14 17:08:00.031,0.92099,0.92119,1.00,1.00
2018.02.14 17:08:00.189,0.92099,0.92121,1.50,1.00
2018.02.14 17:08:00.240,0.92101,0.92123,1.00,1.00
2018.02.14 17:08:00.291,0.92099,0.92123,1.00,1.00
2018.02.14 17:08:00.341,0.92099,0.92121,1.00,1.00
2018.02.14 17:08:00.392,0.92099,0.92123,1.50,1.00
2018.02.14 17:08:00.443,0.92101,0.92124,1.00,1.00
2018.02.14 17:08:00.928,0.92103,0.92125,1.00,1.00
2018.02.14 17:08:01.130,0.92101,0.92125,1.00,1.00
2018.02.14 17:08:01.653,0.92101,0.92126,1.00,1.00
2018.02.14 17:08:01.902,0.92105,0.92126,1.00,1.00
2018.02.14 17:08:02.641,0.92105,0.92124,1.00,1.00
2018.02.14 17:08:02.742,0.92105,0.92127,1.00,1.00
2018.02.14 17:08:02.844,0.92107,0.92127,2.25,1.00
2018.02.14 17:08:03.167,0.92107,0.92125,2.25,1.00
2018.02.14 17:08:03.883,0.92103,0.92125,3.00,1.00
2018.02.14 17:08:04.884,0.92105,0.92127,1.00,1.00
2018.02.14 17:08:05.137,0.92106,0.9213,1.00,1.00
2018.02.14 17:08:06.193,0.92107,0.9213,1.00,1.00
2018.02.14 17:08:06.367,0.92108,0.92132,1.00,1.00
2018.02.14 17:08:06.470,0.92108,0.9213,1.00,1.00
2018.02.14 17:08:07.697,0.92107,0.9213,3.00,1.00
2018.02.14 17:08:08.849,0.92106,0.9213,1.12,1.00
2018.02.14 17:08:11.164,0.92108,0.92131,1.00,1.00
2018.02.14 17:08:11.403,0.9211,0.92134,1.00,1.00
2018.02.14 17:08:13.056,0.9211,0.92135,1.00,1.00
2018.02.14 17:08:16.604,0.92107,0.92132,1.00,1.00
2018.02.14 17:08:16.951,0.92116,0.92138,1.00,2.25
2018.02.14 17:08:17.284,0.92113,0.92137,1.00,1.00
2018.02.14 17:08:20.617,0.92113,0.92135,1.00,1.00
2018.02.14 17:08:21.713,0.92112,0.92135,1.00,1.00
2018.02.14 17:08:21.814,0.9211,0.92134,1.00,1.00
2018.02.14 17:08:21.865,0.92112,0.92135,1.00,1.00
2018.02.14 17:08:22.382,0.92111,0.92135,1.00,1.00
2018.02.14 17:08:22.717,0.92113,0.92135,1.00,1.00
2018.02.14 17:08:23.066,0.92111,0.92135,1.00,1.00
2018.02.14 17:08:23.489,0.92113,0.92135,1.00,1.00
2018.02.14 17:08:24.661,0.92113,0.92138,1.00,1.00
2018.02.14 17:08:24.712,0.92118,0.92141,1.50,2.25
2018.02.14 17:08:25.220,0.92119,0.92141,1.00,1.00
2018.02.14 17:08:27.171,0.92118,0.9214,1.00,1.00
2018.02.14 17:08:27.424,0.92123,0.92147,1.00,1.00
2018.02.14 17:08:27.770,0.92122,0.92145,1.00,1.00
2018.02.14 17:08:27.822,0.92124,0.92148,1.00,1.00
2018.02.14 17:08:27.873,0.9212,0.92143,1.50,1.00
2018.02.14 17:08:28.779,0.92119,0.92144,1.00,1.00
2018.02.14 17:08:29.773,0.92122,0.92145,1.00,1.00
2018.02.14 17:08:30.831,0.9212,0.92145,1.00,1.00
2018.02.14 17:08:31.381,0.92119,0.92142,3.75,1.00
2018.02.14 17:08:31.635,0.9212,0.92144,1.00,1.00
2018.02.14 17:08:31.850,0.9212,0.92142,1.00,1.00
2018.02.14 17:08:32.158,0.92117,0.9214,1.00,1.00
2018.02.14 17:08:32.259,0.92115,0.9214,1.00,1.00
2018.02.14 17:08:32.399,0.92115,0.92137,1.00,1.00
2018.02.14 17:08:32.909,0.92116,0.92138,1.00,1.00
2018.02.14 17:08:33.649,0.92122,0.92142,1.00,1.00
2018.02.14 17:08:33.902,0.92122,0.92144,1.00,1.00
2018.02.14 17:08:34.125,0.92119,0.92141,1.00,1.00
2018.02.14 17:08:34.226,0.92119,0.92143,1.00,1.00
2018.02.14 17:08:34.549,0.9212,0.92145,1.00,1.00
2018.02.14 17:08:34.650,0.92121,0.92147,1.00,1.50
2018.02.14 17:08:34.701,0.9212,0.92143,1.00,1.00
2018.02.14 17:08:35.044,0.92123,0.92145,1.00,1.00
2018.02.14 17:08:35.333,0.92123,0.92148,1.12,1.00
2018.02.14 17:08:35.908,0.92124,0.92148,1.00,1.00
2018.02.14 17:08:36.365,0.92126,0.92148,1.00,1.00
2018.02.14 17:08:37.657,0.92123,0.92146,1.00,1.00
2018.02.14 17:08:37.708,0.92126,0.92149,1.00,1.00
2018.02.14 17:08:37.896,0.92126,0.92151,1.00,1.00
2018.02.14 17:08:37.948,0.92124,0.92148,1.00,1.00
2018.02.14 17:08:38.774,0.92125,0.92148,1.00,1.00
2018.02.14 17:08:39.279,0.92125,0.92149,1.00,1.00
2018.02.14 17:08:39.655,0.92127,0.9215,1.00,1.00
2018.02.14 17:08:40.198,0.92125,0.92148,1.00,1.00
2018.02.14 17:08:40.300,0.92126,0.92151,1.00,1.00
2018.02.14 17:08:40.489,0.92126,0.92148,1.00,1.00
2018.02.14 17:08:40.992,0.92125,0.92147,1.00,1.00
2018.02.14 17:08:41.311,0.92124,0.92145,1.00,1.00
2018.02.14 17:08:41.480,0.92124,0.92149,1.50,1.00
2018.02.14 17:08:42.131,0.92125,0.92149,2.25,1.00
2018.02.14 17:08:42.713,0.92125,0.92147,2.25,1.00
2018.02.14 17:08:43.122,0.92128,0.9215,1.00,1.00
2018.02.14 17:08:43.294,0.92129,0.92152,1.00,1.00
2018.02.14 17:08:43.345,0.9213,0.92155,1.00,1.00
2018.02.14 17:08:43.395,0.92132,0.92157,1.00,1.00
2018.02.14 17:08:43.782,0.92132,0.92154,1.00,1.00
2018.02.14 17:08:43.934,0.92126,0.92149,1.00,1.00
2018.02.14 17:08:44.088,0.92126,0.92147,1.00,1.00
2018.02.14 17:08:44.240,0.92122,0.92145,1.00,1.00
2018.02.14 17:08:44.470,0.92127,0.92144,1.00,1.00
2018.02.14 17:08:44.521,0.92127,0.92146,1.00,1.00
2018.02.14 17:08:44.572,0.92129,0.92152,1.00,1.00
2018.02.14 17:08:44.673,0.92131,0.92154,1.00,1.00
2018.02.14 17:08:44.842,0.92131,0.92156,1.00,1.00
2018.02.14 17:08:45.327,0.92133,0.92156,1.00,1.00
2018.02.14 17:08:45.734,0.92133,0.92152,1.00,1.00
2018.02.14 17:08:45.785,0.9213,0.92152,1.00,1.00
2018.02.14 17:08:45.836,0.92126,0.9215,1.00,1.00
2018.02.14 17:08:45.988,0.92126,0.92146,1.00,1.00
2018.02.14 17:08:46.039,0.92126,0.92148,1.00,1.00
2018.02.14 17:08:46.211,0.92126,0.92146,1.00,1.00
2018.02.14 17:08:46.276,0.92126,0.92148,1.00,1.00
2018.02.14 17:08:46.575,0.92122,0.92145,1.00,1.00
2018.02.14 17:08:47.182,0.92123,0.92145,1.00,1.00
2018.02.14 17:08:47.785,0.92123,0.92146,1.50,1.00
2018.02.14 17:08:47.836,0.92125,0.92147,1.00,1.00
2018.02.14 17:08:47.937,0.92127,0.9215,1.00,1.00
2018.02.14 17:08:48.135,0.9212,0.92143,2.25,1.00
2018.02.14 17:08:48.236,0.92121,0.92146,1.00,1.00
2018.02.14 17:08:48.287,0.92124,0.92147,1.00,1.00
2018.02.14 17:08:48.338,0.92125,0.9215,1.00,1.00
2018.02.14 17:08:48.439,0.92127,0.92149,1.00,1.00
2018.02.14 17:08:49.488,0.92128,0.92151,1.00,1.00
2018.02.14 17:08:49.738,0.92128,0.92154,1.00,1.00
2018.02.14 17:08:50.727,0.92129,0.92152,1.00,1.00
2018.02.14 17:08:53.304,0.9213,0.92153,1.00,1.00
2018.02.14 17:08:53.792,0.92128,0.92152,1.00,1.00
2018.02.14 17:08:53.845,0.9213,0.92153,1.00,1.00
2018.02.14 17:08:54.738,0.9213,0.92152,1.00,1.00
2018.02.14 17:08:55.246,0.9213,0.92149,1.00,1.00
2018.02.14 17:08:55.300,0.92127,0.9215,1.50,1.00
2018.02.14 17:08:55.839,0.92124,0.92149,1.00,1.00
2018.02.14 17:08:55.889,0.92122,0.92146,1.00,1.00
2018.02.14 17:08:56.542,0.92121,0.92145,1.00,1.00
2018.02.14 17:08:57.102,0.92121,0.92143,1.00,1.00
2018.02.14 17:08:57.551,0.92119,0.92141,1.00,1.00
2018.02.14 17:08:58.101,0.92118,0.92141,1.50,1.00
2018.02.14 17:08:58.794,0.92119,0.92141,1.00,1.00
2018.02.14 17:08:58.889,0.9212,0.92143,1.00,1.00
2018.02.14 17:08:59.192,0.92122,0.92146,1.00,1.00
2018.02.14 17:08:59.398,0.92122,0.92144,1.00,1.00
2018.02.14 17:09:00.082,0.92123,0.92144,2.25,1.00
2018.02.14 17:09:00.133,0.92124,0.92147,1.00,1.00
2018.02.14 17:09:02.338,0.92125,0.92147,1.00,1.00
2018.02.14 17:09:03.050,0.92125,0.92148,1.00,1.00
2018.02.14 17:09:03.161,0.92124,0.92146,2.25,1.00
2018.02.14 17:09:03.750,0.92123,0.92146,3.00,1.00
2018.02.14 17:09:04.781,0.92126,0.9215,1.00,1.00
2018.02.14 17:09:04.933,0.92129,0.92149,2.25,1.00
2018.02.14 17:09:04.984,0.92129,0.92151,2.25,1.00
2018.02.14 17:09:05.201,0.92129,0.92146,2.25,1.00
2018.02.14 17:09:05.252,0.92123,0.92145,1.00,1.00
2018.02.14 17:09:05.479,0.92126,0.92149,1.00,1.00
2018.02.14 17:09:05.686,0.92123,0.92148,1.00,1.00
2018.02.14 17:09:05.787,0.92123,0.92145,1.00,1.00
2018.02.14 17:09:06.127,0.92121,0.92144,1.00,1.00
2018.02.14 17:09:06.228,0.92123,0.92146,1.00,1.00
2018.02.14 17:09:06.602,0.92125,0.92148,1.00,1.00
2018.02.14 17:09:07.107,0.92126,0.92151,1.00,1.00
2018.02.14 17:09:07.158,0.92125,0.92148,1.00,1.00
2018.02.14 17:09:08.731,0.92124,0.92148,1.00,1.00
2018.02.14 17:09:09.062,0.92127,0.92145,1.00,1.00
2018.02.14 17:09:09.910,0.92122,0.92145,1.50,1.00
2018.02.14 17:09:10.343,0.92127,0.92149,1.00,1.00
2018.02.14 17:09:12.628,0.92126,0.9215,2.25,1.00
2018.02.14 17:09:13.132,0.92127,0.9215,1.00,1.00
2018.02.14 17:09:15.189,0.92127,0.92151,1.00,1.00
2018.02.14 17:09:16.166,0.92126,0.92151,1.00,1.00
2018.02.14 17:09:16.508,0.92125,0.92149,2.25,1.00
2018.02.14 17:09:17.286,0.92127,0.92149,1.00,1.00
2018.02.14 17:09:18.186,0.92127,0.92151,1.00,1.00
2018.02.14 17:09:18.237,0.92131,0.92151,1.00,1.00
2018.02.14 17:09:18.288,0.92131,0.92153,1.00,1.00
2018.02.14 17:09:18.814,0.92131,0.92152,1.00,1.00
2018.02.14 17:09:19.214,0.92128,0.92152,1.00,1.00
2018.02.14 17:09:20.265,0.92129,0.92152,1.00,1.00
2018.02.14 17:09:20.751,0.92127,0.9215,3.00,1.00
2018.02.14 17:09:23.346,0.92127,0.92149,1.00,1.00
2018.02.14 17:09:24.016,0.92128,0.9215,1.00,1.00
2018.02.14 17:09:25.574,0.92129,0.92152,1.00,1.00
2018.02.14 17:09:25.808,0.92131,0.92154,1.00,1.00
2018.02.14 17:09:26.115,0.92137,0.92151,1.00,1.00
2018.02.14 17:09:26.267,0.9213,0.92151,1.00,1.00
2018.02.14 17:09:27.232,0.92132,0.92151,1.00,1.00
2018.02.14 17:09:28.212,0.92129,0.92151,1.00,1.00
2018.02.14 17:09:28.312,0.9213,0.92154,1.00,1.00
2018.02.14 17:09:29.848,0.9213,0.92155,1.00,1.00
2018.02.14 17:09:30.259,0.92127,0.92149,1.75,1.00
2018.02.14 17:09:30.310,0.92129,0.92151,1.12,1.00
2018.02.14 17:09:30.411,0.92124,0.92148,1.00,1.00
2018.02.14 17:09:30.814,0.92125,0.92149,1.75,1.00
2018.02.14 17:09:31.244,0.92127,0.92151,1.75,1.00
2018.02.14 17:09:31.821,0.92129,0.92151,1.12,1.00
2018.02.14 17:09:32.905,0.92129,0.92152,1.12,1.00
2018.02.14 17:09:33.521,0.92128,0.92151,4.50,1.00
2018.02.14 17:09:33.824,0.9213,0.92152,2.25,1.00
2018.02.14 17:09:34.810,0.92132,0.92152,2.25,1.00
2018.02.14 17:09:34.860,0.92132,0.92154,2.25,1.00
2018.02.14 17:09:36.095,0.9213,0.92154,2.25,1.00
2018.02.14 17:09:36.146,0.9213,0.92152,2.25,1.00
2018.02.14 17:09:36.775,0.9213,0.92153,2.25,1.00
2018.02.14 17:09:36.825,0.9213,0.92155,2.25,1.00
2018.02.14 17:09:37.054,0.92135,0.92158,1.00,1.00
2018.02.14 17:09:37.206,0.92137,0.92161,1.00,1.00
2018.02.14 17:09:37.308,0.92139,0.92161,1.00,1.00
2018.02.14 17:09:37.581,0.92139,0.92163,1.50,1.00
2018.02.14 17:09:38.129,0.9214,0.92163,1.00,1.00
2018.02.14 17:09:38.677,0.92141,0.92163,1.00,1.00
2018.02.14 17:09:39.031,0.92141,0.92161,1.00,1.00
2018.02.14 17:09:39.082,0.92138,0.92161,1.00,1.00
2018.02.14 17:09:39.133,0.9214,0.92163,1.00,1.00
2018.02.14 17:09:39.700,0.92139,0.92162,1.00,1.00
2018.02.14 17:09:40.970,0.92141,0.92165,1.50,1.00
2018.02.14 17:09:41.071,0.92143,0.92166,1.00,1.00
2018.02.14 17:09:41.753,0.92142,0.92165,1.00,1.00
2018.02.14 17:09:42.145,0.92145,0.92168,1.00,1.00
2018.02.14 17:09:42.400,0.92136,0.9216,1.00,1.00
2018.02.14 17:09:42.889,0.92138,0.9216,1.00,1.00
2018.02.14 17:09:43.731,0.92137,0.92159,1.00,1.00
2018.02.14 17:09:44.263,0.92138,0.9216,1.00,1.00
2018.02.14 17:09:47.135,0.92139,0.92161,1.00,1.00
2018.02.14 17:09:50.296,0.92138,0.92161,1.00,1.00
2018.02.14 17:09:54.185,0.92139,0.92161,1.00,1.00
2018.02.14 17:09:54.286,0.92139,0.92163,1.00,1.00
2018.02.14 17:09:57.670,0.92138,0.92163,1.00,1.00
2018.02.14 17:09:59.180,0.9214,0.92164,1.00,1.00
2018.02.14 17:09:59.870,0.92139,0.92162,1.00,1.00
2018.02.14 17:10:00.600,0.92138,0.92162,1.00,1.00
2018.02.14 17:10:01.863,0.92137,0.92161,1.00,1.00
2018.02.14 17:10:02.543,0.92137,0.92161,1.50,1.00
2018.02.14 17:10:03.092,0.92137,0.92162,1.50,1.00
2018.02.14 17:10:03.507,0.92136,0.92161,1.00,1.00
2018.02.14 17:10:03.558,0.92135,0.92158,1.00,1.00
2018.02.14 17:10:03.662,0.92136,0.9216,1.00,1.00
2018.02.14 17:10:04.602,0.92137,0.9216,1.00,1.00
2018.02.14 17:10:05.595,0.92136,0.92158,1.50,1.00
2018.02.14 17:10:07.976,0.92136,0.92161,1.00,1.00
2018.02.14 17:10:08.706,0.92139,0.92161,1.00,1.00
2018.02.14 17:10:09.274,0.92136,0.92161,1.00,1.00
2018.02.14 17:10:09.625,0.92135,0.92159,1.00,1.00
2018.02.14 17:10:09.832,0.92136,0.92161,1.00,1.00
2018.02.14 17:10:10.781,0.92136,0.92161,1.50,1.00
2018.02.14 17:10:11.083,0.92139,0.92161,1.00,1.00
2018.02.14 17:10:20.287,0.92137,0.92161,1.12,1.00
2018.02.14 17:10:20.906,0.92137,0.9216,1.12,1.00
2018.02.14 17:10:21.251,0.92138,0.92162,1.00,1.00
2018.02.14 17:10:21.751,0.92138,0.92158,1.00,1.00
2018.02.14 17:10:21.802,0.92136,0.9216,1.00,1.00
2018.02.14 17:10:21.853,0.92135,0.92158,1.00,1.00
2018.02.14 17:10:22.410,0.92134,0.92158,1.00,1.00
2018.02.14 17:10:22.967,0.92133,0.92158,1.00,1.00
2018.02.14 17:10:23.636,0.92138,0.9216,1.00,1.00
2018.02.14 17:10:23.687,0.92138,0.92163,1.50,1.50
2018.02.14 17:10:24.572,0.92139,0.92164,1.00,1.00
2018.02.14 17:10:24.623,0.92135,0.92158,1.00,1.00
2018.02.14 17:10:24.926,0.92139,0.92162,1.00,1.00
2018.02.14 17:10:25.019,0.92139,0.92164,1.00,1.00
2018.02.14 17:10:25.171,0.92142,0.92166,1.00,1.00
2018.02.14 17:10:25.324,0.92143,0.92168,1.00,1.00
2018.02.14 17:10:26.318,0.92145,0.92168,1.00,1.00
2018.02.14 17:10:27.119,0.92144,0.92168,1.00,1.00
2018.02.14 17:10:28.231,0.92145,0.92168,1.00,1.00
2018.02.14 17:10:30.254,0.92146,0.92169,1.00,1.00
2018.02.14 17:10:30.561,0.92139,0.92164,1.00,1.00
2018.02.14 17:10:31.380,0.92139,0.92162,1.00,1.00
2018.02.14 17:10:31.912,0.92139,0.92162,1.75,1.00
2018.02.14 17:10:32.225,0.92145,0.92166,1.00,1.00
2018.02.14 17:10:32.376,0.92145,0.92169,1.00,1.00
2018.02.14 17:10:33.220,0.92146,0.92169,1.00,1.00
2018.02.14 17:10:34.220,0.92144,0.92169,1.00,1.00
2018.02.14 17:10:35.887,0.92146,0.92169,1.00,1.00
2018.02.14 17:10:36.816,0.92144,0.92167,1.00,1.00
2018.02.14 17:10:37.328,0.92145,0.92168,1.00,1.00
2018.02.14 17:10:37.915,0.92144,0.92167,1.50,1.00
2018.02.14 17:10:38.230,0.92147,0.92169,1.00,1.00
2018.02.14 17:10:38.778,0.92146,0.92169,1.00,1.00
2018.02.14 17:10:39.296,0.92145,0.92168,1.00,1.00
2018.02.14 17:10:40.033,0.92144,0.92167,1.50,1.00
2018.02.14 17:10:41.927,0.92144,0.92169,1.00,1.00
2018.02.14 17:10:42.500,0.92145,0.92168,1.00,1.00
2018.02.14 17:10:42.551,0.92144,0.92166,1.00,1.00
2018.02.14 17:10:42.631,0.92145,0.92168,1.00,1.00
2018.02.14 17:10:43.122,0.92145,0.9217,1.00,1.00
2018.02.14 17:10:43.173,0.92148,0.92171,1.00,1.00
2018.02.14 17:10:43.274,0.9215,0.92174,1.00,1.00
2018.02.14 17:10:43.677,0.92151,0.92176,1.00,1.00
2018.02.14 17:10:46.169,0.92151,0.92174,1.00,1.00
2018.02.14 17:10:46.612,0.9215,0.92172,1.00,1.00
2018.02.14 17:10:46.875,0.92149,0.92174,1.50,1.00
2018.02.14 17:10:47.043,0.92151,0.92174,1.00,1.00
2018.02.14 17:10:47.094,0.92151,0.92176,1.00,2.25
2018.02.14 17:10:47.592,0.9215,0.92174,1.00,1.00
2018.02.14 17:10:47.934,0.92148,0.92171,1.00,1.00
2018.02.14 17:10:48.053,0.92149,0.92173,1.00,1.00
2018.02.14 17:10:49.782,0.92147,0.92172,1.00,1.00
2018.02.14 17:10:49.832,0.9215,0.92172,1.00,1.00
2018.02.14 17:10:50.665,0.92148,0.9217,1.00,1.00
2018.02.14 17:10:50.790,0.92148,0.92172,1.00,1.00
2018.02.14 17:10:50.942,0.92148,0.9217,1.00,1.50
2018.02.14 17:10:51.535,0.92148,0.92169,1.00,1.00
2018.02.14 17:10:52.265,0.92149,0.92169,1.00,1.00
2018.02.14 17:10:52.600,0.92149,0.92172,1.00,1.50
2018.02.14 17:10:53.844,0.92147,0.9217,1.00,1.50
2018.02.14 17:10:54.639,0.92147,0.92169,1.00,1.00
2018.02.14 17:10:54.690,0.92145,0.9217,1.00,2.25
2018.02.14 17:10:55.036,0.92143,0.92168,1.12,1.00
2018.02.14 17:10:57.606,0.92146,0.92169,1.00,2.25
2018.02.14 17:10:57.992,0.92144,0.92166,1.00,1.00
2018.02.14 17:10:58.564,0.92145,0.92167,1.00,1.00
2018.02.14 17:10:58.907,0.9214,0.92162,1.00,1.00
2018.02.14 17:10:59.462,0.92139,0.92161,1.00,1.00
2018.02.14 17:10:59.854,0.92141,0.92165,1.00,1.00
2018.02.14 17:10:59.956,0.92143,0.92168,1.00,2.25
2018.02.14 17:11:00.868,0.92145,0.92168,1.00,2.25
2018.02.14 17:11:01.436,0.92144,0.92168,1.50,1.00
2018.02.14 17:11:02.242,0.92145,0.92169,1.00,1.00
2018.02.14 17:11:02.585,0.92147,0.92169,1.00,1.00
2018.02.14 17:11:02.890,0.92139,0.92161,1.12,1.00
2018.02.14 17:11:03.615,0.92136,0.92161,1.00,1.00
2018.02.14 17:11:04.195,0.92135,0.9216,1.12,1.50
2018.02.14 17:11:05.519,0.92135,0.9216,1.50,1.50
2018.02.14 17:11:06.520,0.92135,0.9216,1.12,2.25
2018.02.14 17:11:07.630,0.92135,0.92158,1.50,1.00
2018.02.14 17:11:07.965,0.92138,0.92159,1.00,1.00
2018.02.14 17:11:08.433,0.92138,0.92162,1.00,1.00
2018.02.14 17:11:08.484,0.9214,0.92162,1.00,1.00
2018.02.14 17:11:08.656,0.92138,0.92162,1.00,1.00
2018.02.14 17:11:09.287,0.92138,0.92161,1.00,1.00
2018.02.14 17:11:09.902,0.92136,0.92157,2.25,1.00
2018.02.14 17:11:09.953,0.92136,0.92159,3.00,1.00
2018.02.14 17:11:10.249,0.92136,0.92159,1.00,1.00
2018.02.14 17:11:10.300,0.92134,0.92156,1.00,1.00
2018.02.14 17:11:11.092,0.92136,0.92156,1.00,1.00
2018.02.14 17:11:11.207,0.92136,0.92158,1.00,1.00
2018.02.14 17:11:12.081,0.92135,0.92157,1.00,1.00
2018.02.14 17:11:12.132,0.92133,0.92157,1.00,1.00
2018.02.14 17:11:12.488,0.92134,0.92156,1.50,1.00
2018.02.14 17:11:13.005,0.92133,0.92158,1.75,2.25
2018.02.14 17:11:13.735,0.9213,0.92154,1.00,1.00
2018.02.14 17:11:14.372,0.92131,0.92154,1.00,1.00
2018.02.14 17:11:15.118,0.92129,0.92154,1.00,1.50
2018.02.14 17:11:16.222,0.9213,0.92154,1.00,1.00
2018.02.14 17:11:16.760,0.9213,0.92155,1.00,1.00
2018.02.14 17:11:17.810,0.9213,0.92153,1.00,1.00
2018.02.14 17:11:18.161,0.92127,0.92152,1.00,1.00
2018.02.14 17:11:18.623,0.9213,0.92152,1.00,1.00
2018.02.14 17:11:19.015,0.92131,0.92155,1.00,1.50
2018.02.14 17:11:19.066,0.92134,0.92156,1.00,1.00
2018.02.14 17:11:19.269,0.9213,0.92153,1.00,1.00
2018.02.14 17:11:19.785,0.92132,0.92154,1.00,1.00
2018.02.14 17:11:20.302,0.9213,0.92153,1.00,1.00
2018.02.14 17:11:21.108,0.92131,0.92153,1.00,1.00
2018.02.14 17:11:21.492,0.9213,0.92155,1.00,1.00
2018.02.14 17:11:21.544,0.9213,0.92153,1.00,1.00
2018.02.14 17:11:21.863,0.92134,0.92156,1.00,1.00
2018.02.14 17:11:22.339,0.92136,0.92158,1.00,1.00
2018.02.14 17:11:22.492,0.92134,0.92157,1.00,1.00
2018.02.14 17:11:23.038,0.92133,0.92157,1.00,1.00
2018.02.14 17:11:24.836,0.92133,0.92155,1.00,1.00
2018.02.14 17:11:26.419,0.92132,0.92157,1.00,1.00
2018.02.14 17:11:27.698,0.92132,0.92154,1.00,1.00
2018.02.14 17:11:28.965,0.92132,0.92157,1.00,1.00
2018.02.14 17:11:29.517,0.92131,0.92156,1.00,1.50
2018.02.14 17:11:30.160,0.92131,0.92154,1.00,1.00
2018.02.14 17:11:32.938,0.92129,0.92151,1.00,1.00
2018.02.14 17:11:33.621,0.92128,0.92151,1.00,1.00
2018.02.14 17:11:34.962,0.92128,0.92153,1.00,1.00
2018.02.14 17:11:35.012,0.9213,0.92153,1.00,1.00
2018.02.14 17:11:35.581,0.9213,0.92154,1.00,1.00
2018.02.14 17:11:36.039,0.9213,0.92152,1.00,1.00
2018.02.14 17:11:36.499,0.92128,0.92152,1.00,1.00
2018.02.14 17:11:38.106,0.92128,0.9215,1.00,1.00
2018.02.14 17:11:39.223,0.92126,0.92151,1.00,1.00
2018.02.14 17:11:39.325,0.92128,0.92153,1.00,1.00
2018.02.14 17:11:39.626,0.92127,0.9215,1.00,1.00
2018.02.14 17:11:39.878,0.92127,0.92152,1.00,1.00
2018.02.14 17:11:40.476,0.92128,0.92152,1.00,1.00
2018.02.14 17:11:41.846,0.92129,0.92151,1.00,1.00
2018.02.14 17:11:42.882,0.92127,0.92151,1.00,1.00
2018.02.14 17:11:44.983,0.92129,0.92154,1.00,1.00
2018.02.14 17:11:45.111,0.92132,0.92155,1.00,1.00
2018.02.14 17:11:45.481,0.92134,0.92156,1.00,1.00
2018.02.14 17:11:46.545,0.92134,0.92159,1.00,2.25
2018.02.14 17:11:46.599,0.92134,0.92157,1.00,1.00
2018.02.14 17:11:47.120,0.92136,0.9216,1.00,1.00
2018.02.14 17:11:47.755,0.92136,0.92159,1.00,1.00
2018.02.14 17:11:47.876,0.92134,0.92157,1.00,1.00
2018.02.14 17:11:48.432,0.92135,0.92158,1.00,1.00
2018.02.14 17:11:49.480,0.92135,0.92157,1.00,1.00
2018.02.14 17:11:49.531,0.92133,0.92157,1.00,1.00
2018.02.14 17:11:49.916,0.92128,0.92153,1.00,1.00
2018.02.14 17:11:50.017,0.9213,0.92154,1.00,1.00
2018.02.14 17:11:50.068,0.92125,0.9215,1.00,1.00
2018.02.14 17:11:50.119,0.92128,0.92151,1.00,1.00
2018.02.14 17:11:50.581,0.92126,0.9215,1.00,1.00
2018.02.14 17:11:52.809,0.92125,0.92149,1.00,1.00
2018.02.14 17:11:52.860,0.92127,0.9215,1.00,1.00
2018.02.14 17:11:53.392,0.92127,0.92149,1.00,1.00
2018.02.14 17:11:53.572,0.92127,0.92151,1.00,1.00
2018.02.14 17:11:54.549,0.92126,0.92151,1.00,1.00
2018.02.14 17:11:54.783,0.92128,0.92151,1.00,1.00
2018.02.14 17:11:55.196,0.92126,0.9215,1.00,1.00
2018.02.14 17:11:55.247,0.92127,0.92152,1.00,1.00
2018.02.14 17:11:56.851,0.92126,0.92149,1.00,1.00
2018.02.14 17:11:57.197,0.92124,0.92147,1.00,1.00
2018.02.14 17:11:57.344,0.92125,0.9215,1.00,1.00
2018.02.14 17:12:00.096,0.92128,0.92152,1.00,1.00
2018.02.14 17:12:00.198,0.9213,0.92155,1.00,1.00
2018.02.14 17:12:00.249,0.92129,0.92151,1.00,1.00
2018.02.14 17:12:00.737,0.9213,0.92153,1.00,1.00
2018.02.14 17:12:01.245,0.92131,0.92154,1.00,1.00
2018.02.14 17:12:01.725,0.92133,0.92155,1.00,1.00
2018.02.14 17:12:05.566,0.92133,0.92156,1.00,1.00
2018.02.14 17:12:06.099,0.92132,0.92155,1.00,1.00
2018.02.14 17:12:07.360,0.92132,0.92154,1.00,1.00
2018.02.14 17:12:07.537,0.9213,0.92155,1.00,1.00
2018.02.14 17:12:08.137,0.92133,0.92155,1.00,1.00
2018.02.14 17:12:08.317,0.92131,0.92154,1.00,1.00
2018.02.14 17:12:08.419,0.92129,0.92152,1.00,1.00
2018.02.14 17:12:08.520,0.92127,0.92152,1.00,1.00
2018.02.14 17:12:08.971,0.92129,0.92152,1.00,1.00
2018.02.14 17:12:10.002,0.92128,0.9215,1.00,1.00
2018.02.14 17:12:10.053,0.92128,0.92153,1.00,1.00
2018.02.14 17:12:10.203,0.92125,0.92149,1.00,1.00
2018.02.14 17:12:10.253,0.92122,0.92147,1.50,1.00
2018.02.14 17:12:10.304,0.92125,0.92147,1.00,1.00
2018.02.14 17:12:11.678,0.92125,0.9215,1.00,1.00
2018.02.14 17:12:11.739,0.92124,0.92148,1.00,1.00
2018.02.14 17:12:13.123,0.92125,0.92149,1.00,1.00
2018.02.14 17:12:13.825,0.92123,0.92148,1.00,1.00
2018.02.14 17:12:19.722,0.92122,0.92147,1.00,1.00
2018.02.14 17:12:19.774,0.92118,0.92143,1.00,1.00
2018.02.14 17:12:20.079,0.92115,0.92138,1.00,1.00
2018.02.14 17:12:20.589,0.92115,0.92137,1.00,1.00
2018.02.14 17:12:21.129,0.92114,0.92137,1.00,1.00
2018.02.14 17:12:22.819,0.92115,0.92139,1.00,1.00
2018.02.14 17:12:23.594,0.92116,0.9214,1.00,1.00
2018.02.14 17:12:24.112,0.92116,0.92139,1.00,1.00
2018.02.14 17:12:26.566,0.92117,0.9214,1.00,1.00
2018.02.14 17:12:30.186,0.92116,0.92139,1.00,1.00
2018.02.14 17:12:32.282,0.92118,0.92143,1.00,1.00
2018.02.14 17:12:32.333,0.92121,0.92143,1.00,1.00
2018.02.14 17:12:32.776,0.92117,0.92139,1.00,1.00
2018.02.14 17:12:32.978,0.92119,0.92143,1.00,1.00
2018.02.14 17:12:33.768,0.92119,0.92142,1.00,1.00
2018.02.14 17:12:34.374,0.92117,0.92139,1.50,1.00
2018.02.14 17:12:34.577,0.92118,0.92141,1.00,1.00
2018.02.14 17:12:35.080,0.92117,0.92142,1.00,1.00
2018.02.14 17:12:37.791,0.92119,0.92142,1.00,1.00
2018.02.14 17:12:38.088,0.92119,0.92144,1.00,1.00
2018.02.14 17:12:38.259,0.92122,0.92144,1.00,1.00
2018.02.14 17:12:38.835,0.92123,0.92146,1.00,1.00
2018.02.14 17:12:39.550,0.92125,0.92147,1.00,1.00
2018.02.14 17:12:40.472,0.92123,0.92147,1.00,1.00
2018.02.14 17:12:41.056,0.92124,0.92147,1.00,1.00
2018.02.14 17:12:42.055,0.92123,0.92147,1.00,1.00
2018.02.14 17:12:43.000,0.92123,0.92146,1.00,1.00
2018.02.14 17:12:43.516,0.92124,0.92146,1.00,1.00
2018.02.14 17:12:45.232,0.92121,0.92146,1.00,1.00
2018.02.14 17:12:46.309,0.9212,0.92144,1.00,1.00
2018.02.14 17:12:46.507,0.92118,0.92143,1.00,1.00
2018.02.14 17:12:47.236,0.92121,0.92143,1.00,1.00
2018.02.14 17:12:48.016,0.9212,0.92143,1.00,1.00
2018.02.14 17:12:48.401,0.92121,0.92145,1.00,1.00
2018.02.14 17:12:48.502,0.92121,0.92143,1.00,1.00
2018.02.14 17:12:48.783,0.92119,0.92142,1.00,1.00
2018.02.14 17:12:50.243,0.92121,0.92143,1.00,1.00
2018.02.14 17:12:50.881,0.92119,0.92142,1.00,1.00
2018.02.14 17:12:50.932,0.92117,0.92142,1.50,1.00
2018.02.14 17:12:51.053,0.92118,0.9214,1.00,1.00
2018.02.14 17:12:51.375,0.92116,0.9214,1.00,1.00
2018.02.14 17:12:51.465,0.92115,0.92138,1.00,1.00
2018.02.14 17:12:51.621,0.92112,0.92137,1.00,1.00
2018.02.14 17:12:51.672,0.92112,0.92135,1.00,1.00
2018.02.14 17:12:52.327,0.92114,0.92136,1.00,1.00
2018.02.14 17:12:52.428,0.92115,0.92138,1.00,1.00
2018.02.14 17:12:52.529,0.92113,0.92138,1.00,1.00
2018.02.14 17:12:52.913,0.92116,0.92138,1.00,1.00
2018.02.14 17:12:56.095,0.92113,0.92138,1.00,1.00
2018.02.14 17:12:58.531,0.92114,0.92139,1.00,1.00
2018.02.14 17:12:58.880,0.92113,0.92137,1.00,1.00
2018.02.14 17:13:02.252,0.92114,0.92138,1.00,1.00
2018.02.14 17:13:02.681,0.92116,0.92139,1.00,1.00
2018.02.14 17:13:03.340,0.92118,0.92141,1.00,1.00
2018.02.14 17:13:04.653,0.92117,0.92139,1.00,1.00
2018.02.14 17:13:06.099,0.92118,0.9214,1.00,1.00
2018.02.14 17:13:06.604,0.92117,0.92139,1.00,1.00
2018.02.14 17:13:09.635,0.92116,0.92139,1.00,1.00
2018.02.14 17:13:09.686,0.92116,0.92141,1.00,1.00
2018.02.14 17:13:11.040,0.92119,0.92141,1.00,1.00
2018.02.14 17:13:11.091,0.9212,0.92143,1.00,1.00
2018.02.14 17:13:12.506,0.92117,0.92141,1.00,1.00
2018.02.14 17:13:12.557,0.92118,0.92143,1.00,1.00
2018.02.14 17:13:12.828,0.9212,0.92143,1.00,1.00
2018.02.14 17:13:13.801,0.92122,0.92144,1.00,1.00
2018.02.14 17:13:13.953,0.92124,0.92149,1.00,1.50
2018.02.14 17:13:15.938,0.92125,0.9215,1.00,1.00
2018.02.14 17:13:18.392,0.92125,0.92147,1.00,1.00
2018.02.14 17:13:20.322,0.92126,0.92149,1.00,1.00
2018.02.14 17:13:20.982,0.92126,0.9215,1.00,1.00
2018.02.14 17:13:21.851,0.92125,0.92149,1.00,1.00
2018.02.14 17:13:22.622,0.92126,0.92149,1.00,1.00
2018.02.14 17:13:23.182,0.92124,0.92147,1.00,1.00
2018.02.14 17:13:23.489,0.92122,0.92144,1.00,1.00
2018.02.14 17:13:24.557,0.92123,0.92146,1.00,1.00
2018.02.14 17:13:24.856,0.92122,0.92144,1.00,1.00
2018.02.14 17:13:25.141,0.9212,0.92145,1.00,1.00
2018.02.14 17:13:25.242,0.9212,0.92143,1.00,1.00
2018.02.14 17:13:25.474,0.9212,0.92145,1.00,1.00
2018.02.14 17:13:27.925,0.92121,0.92146,1.00,1.00
2018.02.14 17:13:28.158,0.92123,0.92147,1.00,2.25
2018.02.14 17:13:28.835,0.92126,0.92148,1.00,1.00
2018.02.14 17:13:29.254,0.92124,0.92149,1.00,1.00
2018.02.14 17:13:29.920,0.92123,0.92148,1.00,1.00
2018.02.14 17:13:30.022,0.92122,0.92145,1.00,1.00
2018.02.14 17:13:30.226,0.92122,0.92147,1.00,1.50
2018.02.14 17:13:30.277,0.92122,0.92144,1.00,1.00
2018.02.14 17:13:30.371,0.9212,0.92145,1.00,1.00
2018.02.14 17:13:30.880,0.92119,0.92144,1.00,1.00
2018.02.14 17:13:31.579,0.92121,0.92144,1.00,1.00
2018.02.14 17:13:31.882,0.92124,0.92146,1.00,1.00
2018.02.14 17:13:32.320,0.92124,0.92148,1.00,1.00
2018.02.14 17:13:32.829,0.92124,0.92147,1.00,1.50
2018.02.14 17:13:35.796,0.92124,0.92146,1.00,1.00
2018.02.14 17:13:35.954,0.92124,0.92148,1.00,2.25
2018.02.14 17:13:36.006,0.92126,0.92147,1.00,1.00
2018.02.14 17:13:36.107,0.92126,0.92151,1.00,1.00
2018.02.14 17:13:37.815,0.92124,0.92149,1.00,1.00
2018.02.14 17:13:38.282,0.92124,0.92146,1.00,1.00
2018.02.14 17:13:39.057,0.92117,0.9214,1.00,1.00
2018.02.14 17:13:40.334,0.92122,0.92142,1.00,1.00
2018.02.14 17:13:40.385,0.92122,0.92144,1.00,1.00
2018.02.14 17:13:41.990,0.92126,0.92148,1.00,1.00
2018.02.14 17:13:42.515,0.92125,0.92148,1.00,1.00
2018.02.14 17:13:42.836,0.92127,0.9215,1.00,1.00
2018.02.14 17:13:43.671,0.92127,0.92151,1.00,1.00
2018.02.14 17:13:44.165,0.92129,0.92152,1.00,2.25
2018.02.14 17:13:44.419,0.92127,0.92152,1.00,1.50
2018.02.14 17:13:46.165,0.92128,0.92151,1.00,1.00
2018.02.14 17:13:46.687,0.92129,0.92153,1.00,1.00
2018.02.14 17:13:47.089,0.9213,0.92155,1.00,1.50
2018.02.14 17:13:47.596,0.92129,0.92152,1.00,1.00
2018.02.14 17:13:49.996,0.9213,0.92153,1.00,1.00
2018.02.14 17:13:50.593,0.92131,0.92154,1.00,1.00
2018.02.14 17:13:51.277,0.9213,0.92153,1.00,1.00
2018.02.14 17:13:52.085,0.9213,0.92152,1.00,1.50
2018.02.14 17:13:52.187,0.92126,0.92152,1.00,2.25
2018.02.14 17:13:52.237,0.92126,0.92149,1.00,1.00
2018.02.14 17:13:52.379,0.92124,0.92148,1.00,1.00
2018.02.14 17:13:54.762,0.92122,0.92148,1.00,1.00
2018.02.14 17:13:56.981,0.92122,0.92145,1.00,1.00
2018.02.14 17:13:57.032,0.92119,0.92144,1.12,1.00
2018.02.14 17:13:57.184,0.92118,0.92142,1.50,1.50
2018.02.14 17:13:57.695,0.92118,0.92142,1.12,1.00
2018.02.14 17:13:58.316,0.92119,0.92142,1.00,1.00
2018.02.14 17:13:58.950,0.92119,0.92141,1.00,1.00
2018.02.14 17:14:01.083,0.92119,0.92142,1.00,1.00
2018.02.14 17:14:04.978,0.92119,0.92144,1.00,1.00
2018.02.14 17:14:07.511,0.92121,0.92144,1.00,1.00
2018.02.14 17:14:23.836,0.9212,0.92143,1.00,1.00
2018.02.14 17:14:24.017,0.92118,0.92143,1.00,1.00
2018.02.14 17:14:25.085,0.92114,0.92138,1.00,1.00
2018.02.14 17:14:25.322,0.92112,0.92137,1.00,1.00
2018.02.14 17:14:25.973,0.92113,0.92135,1.00,1.00
2018.02.14 17:14:26.833,0.92112,0.92135,1.00,1.00
2018.02.14 17:14:27.841,0.92114,0.92136,1.00,1.00
2018.02.14 17:14:28.210,0.92112,0.92137,1.00,1.00
2018.02.14 17:14:29.141,0.9211,0.92135,1.00,1.00
2018.02.14 17:14:29.524,0.9211,0.92132,1.00,1.00
2018.02.14 17:14:29.575,0.92108,0.92131,1.00,1.00
2018.02.14 17:14:30.108,0.92109,0.92133,1.00,1.00
2018.02.14 17:14:31.280,0.9211,0.92134,1.00,1.00
2018.02.14 17:14:31.994,0.92112,0.92134,1.00,1.00
2018.02.14 17:14:35.290,0.92111,0.92136,1.00,1.00
2018.02.14 17:14:35.867,0.92113,0.92135,1.00,1.00
2018.02.14 17:14:36.418,0.92112,0.92134,1.00,1.00
2018.02.14 17:14:43.065,0.9211,0.92134,1.00,1.00
2018.02.14 17:14:43.666,0.9211,0.92133,1.00,1.00
2018.02.14 17:14:44.200,0.92112,0.92134,1.00,1.00
2018.02.14 17:14:45.057,0.92113,0.92135,1.00,1.00
2018.02.14 17:14:47.784,0.92114,0.92136,1.00,1.00
2018.02.14 17:14:48.195,0.92115,0.92138,1.00,1.00
2018.02.14 17:14:48.431,0.92119,0.92143,1.00,1.00
2018.02.14 17:14:48.481,0.92118,0.92141,1.00,1.00
2018.02.14 17:14:48.785,0.92111,0.92134,1.00,1.00
2018.02.14 17:14:50.896,0.92111,0.92133,1.00,1.00
2018.02.14 17:14:51.397,0.92109,0.92134,1.00,1.00
2018.02.14 17:14:52.088,0.9211,0.92134,1.00,1.00
2018.02.14 17:14:52.667,0.92108,0.92133,1.00,1.00
2018.02.14 17:14:53.882,0.92111,0.92133,1.00,1.00
2018.02.14 17:14:54.188,0.92113,0.92138,1.00,1.00
2018.02.14 17:14:54.239,0.92115,0.92138,1.00,1.00
2018.02.14 17:14:54.347,0.92115,0.9214,1.00,1.00
2018.02.14 17:14:55.028,0.92115,0.92138,1.00,1.00
2018.02.14 17:14:55.357,0.92114,0.92136,1.00,1.00
2018.02.14 17:14:55.460,0.92111,0.92136,1.00,1.00
2018.02.14 17:14:55.512,0.92112,0.92134,1.00,1.00
2018.02.14 17:14:57.435,0.92112,0.92135,1.00,1.00
2018.02.14 17:14:59.240,0.92114,0.92136,1.00,1.00
2018.02.14 17:14:59.764,0.92114,0.92137,1.00,1.00
2018.02.14 17:15:00.057,0.92112,0.92137,1.00,1.00
2018.02.14 17:15:02.260,0.92113,0.92137,1.00,1.00
2018.02.14 17:15:02.835,0.92119,0.92141,1.00,1.00
2018.02.14 17:15:02.937,0.92119,0.92144,1.00,1.00
2018.02.14 17:15:03.526,0.9212,0.92145,1.00,1.00
2018.02.14 17:15:03.721,0.92124,0.92148,1.00,1.00
2018.02.14 17:15:05.926,0.92124,0.92147,1.00,1.00
2018.02.14 17:15:08.672,0.92122,0.92145,1.00,1.00
2018.02.14 17:15:09.069,0.9212,0.92144,1.00,1.00
2018.02.14 17:15:09.915,0.92119,0.92144,1.00,1.00
2018.02.14 17:15:10.970,0.92119,0.92142,1.00,1.00
2018.02.14 17:15:11.209,0.92116,0.92142,1.00,1.00
2018.02.14 17:15:13.349,0.92118,0.92141,1.00,1.00
2018.02.14 17:15:13.690,0.92123,0.92145,1.00,1.00
2018.02.14 17:15:13.877,0.92126,0.92149,1.00,1.00
2018.02.14 17:15:13.928,0.92131,0.92154,1.00,1.00
2018.02.14 17:15:14.232,0.92133,0.92158,1.00,2.25
2018.02.14 17:15:14.282,0.92135,0.92158,1.00,2.25
2018.02.14 17:15:18.240,0.92134,0.92159,1.00,1.00
2018.02.14 17:15:18.551,0.92128,0.92153,1.00,1.00
2018.02.14 17:15:19.124,0.92131,0.92154,1.00,1.12
2018.02.14 17:15:19.609,0.92131,0.92156,1.00,1.00
2018.02.14 17:15:19.941,0.92133,0.92157,1.00,1.00
2018.02.14 17:15:20.956,0.92133,0.92156,1.00,1.00
2018.02.14 17:15:21.457,0.92132,0.92157,1.00,1.00
2018.02.14 17:15:22.004,0.92133,0.92158,1.00,1.00
2018.02.14 17:15:22.734,0.92133,0.92157,1.00,1.00
2018.02.14 17:15:23.177,0.92135,0.92159,1.00,1.00
2018.02.14 17:15:25.746,0.92134,0.92157,1.00,1.00
2018.02.14 17:15:26.282,0.92133,0.92156,1.00,1.00
2018.02.14 17:15:26.841,0.92134,0.92157,1.00,1.00
2018.02.14 17:15:27.048,0.92132,0.92157,1.00,1.00
2018.02.14 17:15:28.225,0.92135,0.92157,1.00,1.00
2018.02.14 17:15:28.629,0.92133,0.92155,1.00,1.00
2018.02.14 17:15:28.933,0.92128,0.92149,1.00,1.00
2018.02.14 17:15:29.342,0.92123,0.92148,1.50,1.00
2018.02.14 17:15:30.358,0.92122,0.92146,1.00,1.00
2018.02.14 17:15:31.135,0.92126,0.92149,1.00,1.00
2018.02.14 17:15:31.684,0.92125,0.9215,1.00,1.00
2018.02.14 17:15:32.446,0.92125,0.92151,1.00,1.00
2018.02.14 17:15:33.098,0.92129,0.92153,1.00,1.00
2018.02.14 17:15:33.686,0.92131,0.92154,1.00,1.00
2018.02.14 17:15:33.996,0.92123,0.92146,1.00,1.00
2018.02.14 17:15:35.516,0.92121,0.92144,1.00,1.00
2018.02.14 17:15:35.904,0.92124,0.92147,1.00,1.00
2018.02.14 17:15:36.507,0.92125,0.92147,1.00,1.00
2018.02.14 17:15:36.660,0.92123,0.92146,1.00,1.00
2018.02.14 17:15:37.225,0.92124,0.92147,1.00,1.00
2018.02.14 17:15:37.377,0.92126,0.92149,1.00,1.00
2018.02.14 17:15:37.510,0.92123,0.92148,1.00,1.00
2018.02.14 17:15:40.810,0.92124,0.92146,1.00,1.00
2018.02.14 17:15:41.893,0.92126,0.92148,1.00,1.00
2018.02.14 17:15:42.394,0.9212,0.92146,2.25,1.00
2018.02.14 17:15:43.861,0.92122,0.92144,1.00,1.00
2018.02.14 17:15:44.809,0.92122,0.92147,1.00,1.00
2018.02.14 17:15:44.995,0.9212,0.92145,1.00,1.00
2018.02.14 17:15:45.415,0.92122,0.92145,1.00,1.00
2018.02.14 17:15:45.948,0.92121,0.92145,1.00,1.00
2018.02.14 17:15:46.102,0.92124,0.92149,1.00,1.00
2018.02.14 17:15:46.203,0.92126,0.9215,1.00,1.00
2018.02.14 17:15:47.074,0.92124,0.92147,1.00,1.00
2018.02.14 17:15:47.124,0.92122,0.92147,1.00,1.00
2018.02.14 17:15:47.277,0.92124,0.92149,1.00,1.00
2018.02.14 17:15:47.927,0.92123,0.92148,1.00,1.00
2018.02.14 17:15:48.665,0.92124,0.92149,1.00,1.00
2018.02.14 17:15:49.324,0.92125,0.92149,1.00,1.00
2018.02.14 17:15:51.031,0.92125,0.9215,1.00,1.00
2018.02.14 17:15:51.568,0.92126,0.92149,1.00,1.00
2018.02.14 17:15:52.482,0.92126,0.92151,1.00,1.00
2018.02.14 17:15:53.062,0.92126,0.9215,1.00,1.00
2018.02.14 17:15:54.967,0.92123,0.92149,1.50,1.00
2018.02.14 17:15:55.943,0.92126,0.92148,1.00,1.00
2018.02.14 17:15:56.221,0.92122,0.92147,1.00,1.00
2018.02.14 17:15:56.624,0.92124,0.92147,1.00,1.00
2018.02.14 17:15:58.200,0.92126,0.92149,1.00,1.00
2018.02.14 17:15:58.996,0.92127,0.9215,1.00,1.00
2018.02.14 17:15:59.937,0.92128,0.92151,1.00,1.00
2018.02.14 17:16:00.910,0.92127,0.9215,1.00,1.00
2018.02.14 17:16:01.497,0.92126,0.92149,1.00,1.00
2018.02.14 17:16:01.679,0.92124,0.92148,1.00,1.00
2018.02.14 17:16:01.733,0.92126,0.92149,1.00,1.00
2018.02.14 17:16:02.320,0.92126,0.9215,1.00,1.00
2018.02.14 17:16:02.372,0.92132,0.92158,1.00,2.25
2018.02.14 17:16:02.422,0.92135,0.92158,1.00,1.50
2018.02.14 17:16:02.871,0.92137,0.92162,1.00,1.00
2018.02.14 17:16:03.150,0.92139,0.92163,1.00,1.00
2018.02.14 17:16:06.046,0.9214,0.92163,1.00,1.00
2018.02.14 17:16:09.087,0.92139,0.92162,1.00,1.00
2018.02.14 17:16:09.625,0.92137,0.92161,1.00,1.00
2018.02.14 17:16:10.363,0.92136,0.92161,1.00,1.00
2018.02.14 17:16:11.161,0.92138,0.92163,1.00,1.00
2018.02.14 17:16:12.502,0.9214,0.92163,1.00,1.00
2018.02.14 17:16:13.487,0.92138,0.9216,1.00,1.00
2018.02.14 17:16:13.537,0.9214,0.92163,1.00,1.00
2018.02.14 17:16:14.084,0.92141,0.92165,1.00,1.00
2018.02.14 17:16:15.039,0.9214,0.92163,1.00,1.00
2018.02.14 17:16:15.968,0.92139,0.92162,1.00,1.00
2018.02.14 17:16:16.989,0.92138,0.92162,1.00,1.00
2018.02.14 17:16:19.087,0.92139,0.92162,1.00,1.00
2018.02.14 17:16:20.411,0.92138,0.92161,1.00,1.00
2018.02.14 17:16:21.076,0.92138,0.92163,1.00,1.00
2018.02.14 17:16:21.490,0.9214,0.92163,1.00,1.00
2018.02.14 17:16:22.090,0.92139,0.92163,1.00,1.00
2018.02.14 17:16:23.185,0.92138,0.92163,1.00,1.00
2018.02.14 17:16:24.884,0.92142,0.92164,1.00,1.00
2018.02.14 17:16:25.036,0.9215,0.92173,1.00,1.12
2018.02.14 17:16:25.314,0.92148,0.92171,1.00,1.00
2018.02.14 17:16:25.474,0.92144,0.92169,1.00,1.00
2018.02.14 17:16:25.612,0.92144,0.92167,1.00,1.00
2018.02.14 17:16:26.136,0.92143,0.92166,1.00,1.00
2018.02.14 17:16:26.489,0.92145,0.92167,1.00,1.00
2018.02.14 17:16:27.358,0.92145,0.92168,1.00,1.12
2018.02.14 17:16:28.030,0.92145,0.92168,1.00,1.50
2018.02.14 17:16:28.951,0.92144,0.92169,1.00,1.12
2018.02.14 17:16:29.236,0.92142,0.92167,1.00,1.00
2018.02.14 17:16:29.642,0.92139,0.92161,1.00,1.00
2018.02.14 17:16:30.011,0.92142,0.92164,1.00,1.00
2018.02.14 17:16:30.062,0.92143,0.92166,1.00,1.00
2018.02.14 17:16:30.648,0.92144,0.92167,1.00,1.00
2018.02.14 17:16:30.725,0.92141,0.92167,1.00,1.00
2018.02.14 17:16:31.062,0.92144,0.92166,1.00,1.00
2018.02.14 17:16:31.163,0.92142,0.92165,1.00,1.00
2018.02.14 17:16:31.669,0.9214,0.92164,1.00,1.00
2018.02.14 17:16:31.720,0.92141,0.92166,1.00,1.00
2018.02.14 17:16:32.091,0.92143,0.92165,1.00,1.00
2018.02.14 17:16:32.192,0.92143,0.92168,1.00,1.00
2018.02.14 17:16:32.343,0.92141,0.92166,1.00,1.00
2018.02.14 17:16:32.854,0.92142,0.92166,1.00,1.00
2018.02.14 17:16:34.476,0.92144,0.92166,1.00,1.00
2018.02.14 17:16:34.668,0.92139,0.92162,1.00,1.00
2018.02.14 17:16:34.719,0.92136,0.92159,1.00,1.00
2018.02.14 17:16:35.257,0.92135,0.92159,1.00,1.00
2018.02.14 17:16:36.055,0.92136,0.92159,1.00,1.00
2018.02.14 17:16:36.856,0.92136,0.92158,1.00,1.00
2018.02.14 17:16:36.998,0.92129,0.92154,1.00,1.00
2018.02.14 17:16:37.549,0.92134,0.92159,1.00,1.50
2018.02.14 17:16:37.852,0.92131,0.92153,1.50,1.00
2018.02.14 17:16:38.652,0.92132,0.92154,1.00,1.00
2018.02.14 17:16:38.703,0.92133,0.92157,1.00,1.00
2018.02.14 17:16:38.855,0.92132,0.92155,1.00,1.00
2018.02.14 17:16:39.456,0.92132,0.92154,1.00,1.00
2018.02.14 17:16:41.206,0.92133,0.92156,1.00,1.00
2018.02.14 17:16:41.257,0.92134,0.92158,1.00,1.00
2018.02.14 17:16:42.850,0.92132,0.92156,1.00,1.00
2018.02.14 17:16:43.160,0.92134,0.92157,1.00,1.00
2018.02.14 17:16:44.029,0.92135,0.92157,1.00,1.00
2018.02.14 17:16:45.220,0.92131,0.92156,1.00,1.00
2018.02.14 17:16:45.715,0.92133,0.92155,1.00,1.00
2018.02.14 17:16:45.767,0.92134,0.92158,1.00,1.00
2018.02.14 17:16:46.276,0.92134,0.92156,1.00,1.00
2018.02.14 17:16:46.327,0.92134,0.92159,1.00,1.00
2018.02.14 17:16:46.681,0.92136,0.92159,1.00,1.00
2018.02.14 17:16:47.187,0.92137,0.9216,1.00,1.00
2018.02.14 17:16:48.959,0.92136,0.92158,1.00,1.00
2018.02.14 17:16:49.464,0.92132,0.92154,1.00,1.00
2018.02.14 17:16:50.524,0.9213,0.92153,1.00,1.00
2018.02.14 17:16:50.947,0.9213,0.92155,1.00,1.00
2018.02.14 17:16:51.286,0.92132,0.92155,1.00,1.00
2018.02.14 17:16:51.607,0.92135,0.92158,1.00,1.00
2018.02.14 17:16:52.625,0.92136,0.92159,1.00,1.00
2018.02.14 17:16:53.225,0.92134,0.92159,1.00,1.00
2018.02.14 17:16:53.499,0.92135,0.92157,1.00,1.00
2018.02.14 17:16:54.716,0.92136,0.92158,1.00,1.00
2018.02.14 17:16:56.468,0.92134,0.92158,1.00,1.00
2018.02.14 17:16:57.591,0.92135,0.9216,1.00,1.00
2018.02.14 17:16:58.510,0.92136,0.92161,1.00,1.00
2018.02.14 17:16:59.011,0.92136,0.9216,1.00,1.00
2018.02.14 17:17:00.326,0.92135,0.92158,1.00,1.00
2018.02.14 17:17:00.681,0.92136,0.92161,1.00,1.00
2018.02.14 17:17:00.852,0.92138,0.92161,1.00,1.00
2018.02.14 17:17:01.004,0.92139,0.92163,1.00,1.00
2018.02.14 17:17:01.055,0.92136,0.92161,1.00,1.00
2018.02.14 17:17:01.270,0.92138,0.92161,1.00,1.00
2018.02.14 17:17:02.335,0.92138,0.92162,1.00,1.00
2018.02.14 17:17:04.013,0.92136,0.92159,1.00,1.00
2018.02.14 17:17:04.114,0.92136,0.92161,1.00,1.00
2018.02.14 17:17:04.820,0.92137,0.92162,1.00,2.25
2018.02.14 17:17:05.470,0.92137,0.92159,1.00,1.00
2018.02.14 17:17:06.015,0.92138,0.9216,1.00,1.00
2018.02.14 17:17:06.066,0.92136,0.92159,1.00,1.00
2018.02.14 17:17:06.117,0.92136,0.92161,1.00,1.00
2018.02.14 17:17:06.268,0.92136,0.92159,1.00,1.00
2018.02.14 17:17:06.423,0.92134,0.92158,1.00,1.00
2018.02.14 17:17:07.094,0.92136,0.92159,1.00,1.00
2018.02.14 17:17:08.370,0.92132,0.92157,1.00,1.00
2018.02.14 17:17:08.572,0.92132,0.92155,1.00,1.00
2018.02.14 17:17:08.871,0.92127,0.92151,1.00,1.00
2018.02.14 17:17:08.922,0.92126,0.92148,1.00,1.00
2018.02.14 17:17:09.521,0.92125,0.92147,1.00,1.00
2018.02.14 17:17:09.673,0.92125,0.9215,1.00,1.00
2018.02.14 17:17:10.175,0.92127,0.9215,1.00,1.00
2018.02.14 17:17:11.037,0.92125,0.92149,1.00,1.00
2018.02.14 17:17:11.290,0.92125,0.92147,1.00,1.00
2018.02.14 17:17:11.715,0.92125,0.92149,1.00,1.00
2018.02.14 17:17:13.418,0.92119,0.92143,1.00,1.00
2018.02.14 17:17:13.748,0.92121,0.92144,1.00,1.00
2018.02.14 17:17:13.913,0.92119,0.92144,1.00,1.00
2018.02.14 17:17:14.014,0.92121,0.92144,1.00,1.00
2018.02.14 17:17:14.491,0.92122,0.92146,1.00,1.00
2018.02.14 17:17:14.593,0.92123,0.92149,1.00,1.00
2018.02.14 17:17:15.628,0.92125,0.92149,1.00,1.00
2018.02.14 17:17:15.973,0.92124,0.92147,1.00,1.00
2018.02.14 17:17:16.024,0.92122,0.92146,1.00,1.00
2018.02.14 17:17:16.225,0.9212,0.92145,1.00,1.00
2018.02.14 17:17:16.951,0.92118,0.92143,1.00,1.00
2018.02.14 17:17:17.283,0.92119,0.92141,1.00,1.00
2018.02.14 17:17:17.507,0.92121,0.92144,1.00,1.00
2018.02.14 17:17:17.618,0.92123,0.92145,1.00,1.00
2018.02.14 17:17:18.136,0.92122,0.92144,1.00,1.00
2018.02.14 17:17:18.288,0.92123,0.92146,1.00,1.00
2018.02.14 17:17:19.176,0.92124,0.92148,1.00,1.00
2018.02.14 17:17:19.227,0.92126,0.92149,1.00,1.00
2018.02.14 17:17:21.014,0.92121,0.92146,1.00,1.00
2018.02.14 17:17:21.116,0.92119,0.92142,1.00,1.00
2018.02.14 17:17:21.697,0.92117,0.92142,1.00,1.00
2018.02.14 17:17:22.018,0.9212,0.92143,1.00,1.00
2018.02.14 17:17:22.682,0.9212,0.92144,1.00,1.00
2018.02.14 17:17:23.183,0.92119,0.92143,1.00,1.00
2018.02.14 17:17:27.633,0.92121,0.92144,1.00,1.00
2018.02.14 17:17:27.734,0.92119,0.92143,1.00,1.00
2018.02.14 17:17:27.936,0.92123,0.92146,1.00,1.00
2018.02.14 17:17:28.638,0.92122,0.92145,1.00,1.00
2018.02.14 17:17:29.227,0.92122,0.92147,1.00,1.00
2018.02.14 17:17:31.991,0.92125,0.92148,1.00,1.00
2018.02.14 17:17:32.391,0.92123,0.92147,1.00,1.00
2018.02.14 17:17:36.226,0.92122,0.92147,1.00,1.00
2018.02.14 17:17:36.829,0.92124,0.92146,1.00,1.00
2018.02.14 17:17:38.488,0.92123,0.92146,1.00,1.00
2018.02.14 17:17:38.947,0.92125,0.92148,1.00,1.00
2018.02.14 17:17:41.189,0.92125,0.9215,1.00,1.00
2018.02.14 17:17:41.415,0.92123,0.92148,1.00,1.00
2018.02.14 17:17:41.747,0.92122,0.92144,1.00,1.00
2018.02.14 17:17:43.171,0.92123,0.92146,1.00,1.00
2018.02.14 17:17:46.886,0.92122,0.92144,1.00,1.00
2018.02.14 17:17:48.142,0.9212,0.92143,1.00,1.00
2018.02.14 17:17:48.578,0.9212,0.92145,1.00,1.00
2018.02.14 17:17:48.628,0.92123,0.92145,1.00,1.00
2018.02.14 17:17:51.268,0.92121,0.92146,1.00,1.00
2018.02.14 17:17:51.807,0.92123,0.92147,1.00,1.00
2018.02.14 17:17:58.332,0.92125,0.92148,1.00,1.00
2018.02.14 17:17:59.131,0.92125,0.92149,1.00,1.00
2018.02.14 17:18:00.266,0.92124,0.92147,1.00,1.00
2018.02.14 17:18:00.915,0.92125,0.92148,1.00,1.00
2018.02.14 17:18:01.119,0.92119,0.92144,1.50,1.00
2018.02.14 17:18:01.221,0.92122,0.92144,1.00,1.12
2018.02.14 17:18:01.406,0.9212,0.92143,1.00,1.00
2018.02.14 17:18:01.946,0.92121,0.92143,1.00,1.00
2018.02.14 17:18:02.468,0.92122,0.92144,1.00,1.00
2018.02.14 17:18:03.002,0.92124,0.92146,1.00,1.00
2018.02.14 17:18:03.424,0.9212,0.92145,1.00,1.00
2018.02.14 17:18:03.599,0.92119,0.92143,1.00,1.00
2018.02.14 17:18:04.932,0.92119,0.92141,1.00,1.00
2018.02.14 17:18:06.322,0.92118,0.92141,1.00,1.00
2018.02.14 17:18:06.838,0.92119,0.92141,1.00,1.00
2018.02.14 17:18:08.769,0.9212,0.92142,1.00,1.00
2018.02.14 17:18:08.992,0.92116,0.92139,1.00,1.00
2018.02.14 17:18:09.044,0.92111,0.92134,1.00,1.00
2018.02.14 17:18:09.298,0.92116,0.9214,1.00,1.00
2018.02.14 17:18:11.440,0.92114,0.92139,1.00,1.00
2018.02.14 17:18:11.730,0.92109,0.92131,1.50,1.00
2018.02.14 17:18:12.129,0.92106,0.9213,1.00,1.00
2018.02.14 17:18:12.729,0.92106,0.92129,1.00,1.00
2018.02.14 17:18:18.467,0.92104,0.92129,1.00,1.00
2018.02.14 17:18:19.084,0.92104,0.92127,1.00,1.00
2018.02.14 17:18:19.236,0.92104,0.9213,1.00,1.00
2018.02.14 17:18:19.588,0.92106,0.92131,1.00,1.00
2018.02.14 17:18:21.399,0.92107,0.92131,1.00,1.00
2018.02.14 17:18:23.569,0.92109,0.92131,1.00,1.00
2018.02.14 17:18:24.185,0.9211,0.92134,1.00,1.00
2018.02.14 17:18:24.306,0.92112,0.92134,1.00,1.00
2018.02.14 17:18:24.630,0.92108,0.92131,1.00,1.00
2018.02.14 17:18:24.738,0.92107,0.92129,1.00,1.00
2018.02.14 17:18:24.789,0.92108,0.92131,1.00,1.00
2018.02.14 17:18:25.902,0.92109,0.92133,1.00,1.00
2018.02.14 17:18:26.117,0.92113,0.92135,1.00,1.00
2018.02.14 17:18:26.717,0.92113,0.92136,1.00,1.00
2018.02.14 17:18:28.419,0.92112,0.92135,1.00,1.00
2018.02.14 17:18:28.746,0.9211,0.92132,1.00,1.75
2018.02.14 17:18:28.926,0.9211,0.92132,1.00,1.00
2018.02.14 17:18:31.467,0.92102,0.92128,1.50,1.50
2018.02.14 17:18:32.187,0.92102,0.92128,1.00,1.00
2018.02.14 17:18:32.240,0.92107,0.92129,1.00,1.00
2018.02.14 17:18:32.442,0.92108,0.92131,1.00,1.00
2018.02.14 17:18:32.944,0.92109,0.92132,1.00,1.00
2018.02.14 17:18:34.864,0.92111,0.92133,1.00,1.00
2018.02.14 17:18:34.915,0.92111,0.92136,1.00,1.12
2018.02.14 17:18:35.359,0.9211,0.92134,1.00,1.00
2018.02.14 17:18:35.946,0.92109,0.92132,1.00,1.00
2018.02.14 17:18:36.567,0.9211,0.92132,1.00,1.00
2018.02.14 17:18:38.051,0.9211,0.92135,1.00,1.00
2018.02.14 17:18:38.600,0.92111,0.92136,1.00,1.00
2018.02.14 17:18:38.780,0.92107,0.92132,1.00,1.00
2018.02.14 17:18:39.088,0.92112,0.92135,1.00,1.00
2018.02.14 17:18:40.696,0.92107,0.9213,1.00,1.00
2018.02.14 17:18:41.184,0.92107,0.92132,1.00,1.00
2018.02.14 17:18:42.592,0.92108,0.92133,1.00,1.00
2018.02.14 17:18:43.104,0.92108,0.92132,1.00,1.00
2018.02.14 17:18:43.479,0.9211,0.92132,1.00,1.00
2018.02.14 17:18:43.720,0.92109,0.92134,1.00,1.00
2018.02.14 17:18:44.060,0.92111,0.92135,1.00,1.00
2018.02.14 17:18:44.384,0.92109,0.92133,1.00,1.00
2018.02.14 17:18:44.891,0.92109,0.92132,1.00,1.00
2018.02.14 17:18:48.985,0.92109,0.92133,1.00,1.00
2018.02.14 17:18:49.325,0.92111,0.92134,1.00,1.00
2018.02.14 17:18:50.201,0.92109,0.92133,1.00,1.00
2018.02.14 17:18:51.376,0.92109,0.92134,1.00,1.00
2018.02.14 17:18:51.494,0.92109,0.92131,1.00,1.00
2018.02.14 17:18:52.697,0.92109,0.92132,1.00,1.00
2018.02.14 17:18:53.115,0.92111,0.92134,1.00,1.00
2018.02.14 17:18:53.319,0.92112,0.92137,1.00,1.00
2018.02.14 17:18:54.946,0.92113,0.92138,1.00,1.00
2018.02.14 17:18:55.129,0.92115,0.92138,1.00,1.00
2018.02.14 17:18:55.864,0.92116,0.92139,1.00,1.00
2018.02.14 17:18:55.966,0.92117,0.92141,1.00,1.00
2018.02.14 17:18:56.624,0.92117,0.92142,1.00,1.00
2018.02.14 17:18:56.675,0.92119,0.92144,1.00,1.00
2018.02.14 17:18:57.770,0.92122,0.92144,1.00,1.00
2018.02.14 17:18:58.754,0.92122,0.92145,1.00,1.00
2018.02.14 17:18:59.354,0.92125,0.92147,1.00,1.00
2018.02.14 17:18:59.935,0.92124,0.92147,1.00,1.00
2018.02.14 17:18:59.986,0.92124,0.92149,1.00,1.00
2018.02.14 17:19:00.119,0.92129,0.92151,1.00,1.00
2018.02.14 17:19:00.401,0.92126,0.9215,1.00,1.00
2018.02.14 17:19:02.255,0.92127,0.92151,1.00,1.00
2018.02.14 17:19:03.512,0.9213,0.92152,1.00,1.00
2018.02.14 17:19:06.406,0.92129,0.92154,1.00,1.00
2018.02.14 17:19:06.907,0.92129,0.92152,1.00,1.00
2018.02.14 17:19:07.456,0.9213,0.92153,1.00,1.00
2018.02.14 17:19:07.941,0.92131,0.92155,1.00,1.00
2018.02.14 17:19:08.314,0.92133,0.92156,1.00,1.00
2018.02.14 17:19:08.828,0.92134,0.92157,1.00,1.00
2018.02.14 17:19:09.134,0.92129,0.92152,1.00,1.00
2018.02.14 17:19:09.728,0.92128,0.92152,1.00,1.00
2018.02.14 17:19:11.310,0.92128,0.92153,1.00,1.50
2018.02.14 17:19:12.614,0.9213,0.92154,1.00,1.00
2018.02.14 17:19:13.780,0.9213,0.92153,1.00,1.00
2018.02.14 17:19:14.348,0.92131,0.92154,1.00,1.00
2018.02.14 17:19:14.891,0.9213,0.92152,1.00,1.00
2018.02.14 17:19:15.042,0.92137,0.9216,1.00,1.00
2018.02.14 17:19:15.733,0.92136,0.92159,1.00,1.00
2018.02.14 17:19:16.280,0.92137,0.92159,1.00,1.00
2018.02.14 17:19:16.964,0.92136,0.92158,1.00,1.00
2018.02.14 17:19:17.696,0.92133,0.92157,1.00,1.00
2018.02.14 17:19:17.747,0.92131,0.92155,1.00,1.00
2018.02.14 17:19:18.156,0.92129,0.92154,1.00,1.00
2018.02.14 17:19:18.330,0.92129,0.92152,1.00,1.00
2018.02.14 17:19:18.482,0.92127,0.92151,1.00,1.00
2018.02.14 17:19:18.533,0.92127,0.92149,1.00,1.00
2018.02.14 17:19:18.732,0.92125,0.9215,1.00,1.00
2018.02.14 17:19:19.384,0.92125,0.92148,1.00,1.00
2018.02.14 17:19:19.435,0.92126,0.9215,1.00,1.00
2018.02.14 17:19:19.710,0.92127,0.92152,1.00,1.00
2018.02.14 17:19:19.862,0.92127,0.9215,1.00,1.00
2018.02.14 17:19:20.381,0.92124,0.92149,1.00,1.00
2018.02.14 17:19:20.433,0.92126,0.92149,1.00,1.00
2018.02.14 17:19:20.765,0.9212,0.92145,1.00,1.00
2018.02.14 17:19:20.818,0.92121,0.92143,1.00,1.00
2018.02.14 17:19:21.004,0.92119,0.92141,1.00,1.00
2018.02.14 17:19:21.554,0.92118,0.92141,1.00,1.00
2018.02.14 17:19:21.987,0.92118,0.92143,1.00,1.00
2018.02.14 17:19:22.391,0.92121,0.92144,1.00,1.00
2018.02.14 17:19:24.029,0.9212,0.92142,1.00,1.00
2018.02.14 17:19:24.081,0.92115,0.92138,1.00,1.00
2018.02.14 17:19:27.390,0.92112,0.92136,1.00,1.00
2018.02.14 17:19:28.810,0.92111,0.92136,1.00,1.00
2018.02.14 17:19:29.311,0.9211,0.92134,1.00,1.00
2018.02.14 17:19:29.809,0.92114,0.92138,1.00,1.00
2018.02.14 17:19:30.137,0.9211,0.92134,1.00,1.00
2018.02.14 17:19:31.192,0.92111,0.92136,1.00,1.00
2018.02.14 17:19:31.294,0.92113,0.92137,1.00,1.00
2018.02.14 17:19:31.609,0.92114,0.92139,1.00,1.00
2018.02.14 17:19:33.203,0.92113,0.92135,1.00,1.00
2018.02.14 17:19:34.477,0.9211,0.92134,1.00,1.00
2018.02.14 17:19:34.528,0.92114,0.92136,1.00,1.00
2018.02.14 17:19:34.578,0.92111,0.92136,1.00,1.00
2018.02.14 17:19:34.924,0.92115,0.92138,1.00,1.00
2018.02.14 17:19:35.452,0.92116,0.92139,1.00,1.00
2018.02.14 17:19:37.005,0.92116,0.92141,1.00,1.00
2018.02.14 17:19:37.552,0.92115,0.9214,1.00,1.00
2018.02.14 17:19:38.086,0.92117,0.92139,1.00,1.00
2018.02.14 17:19:38.137,0.92116,0.92141,1.00,1.00
2018.02.14 17:19:38.188,0.92118,0.92141,1.00,1.00
2018.02.14 17:19:39.111,0.92117,0.92142,1.00,1.00
2018.02.14 17:19:39.413,0.92114,0.92137,1.00,1.00
2018.02.14 17:19:40.520,0.92112,0.92136,1.00,1.00
2018.02.14 17:19:40.621,0.92111,0.92134,1.00,1.00
2018.02.14 17:19:40.809,0.92109,0.92133,1.00,1.00
2018.02.14 17:19:41.159,0.92111,0.92134,1.00,1.00
2018.02.14 17:19:42.073,0.92112,0.92135,1.00,1.00
2018.02.14 17:19:42.611,0.92112,0.92137,1.00,1.00
2018.02.14 17:19:42.764,0.92115,0.92137,1.00,1.00
2018.02.14 17:19:42.815,0.92114,0.92139,1.00,1.50
2018.02.14 17:19:43.113,0.92113,0.92136,1.00,1.00
2018.02.14 17:19:43.891,0.92115,0.92139,1.00,1.00
2018.02.14 17:19:44.043,0.92117,0.9214,1.00,1.00
2018.02.14 17:19:44.513,0.92115,0.92138,1.00,1.00
2018.02.14 17:19:44.564,0.92115,0.9214,1.00,1.00
2018.02.14 17:19:44.614,0.92111,0.92136,1.00,1.00
2018.02.14 17:19:44.917,0.92112,0.92134,1.00,1.00
2018.02.14 17:19:45.018,0.92113,0.92137,1.00,1.00
2018.02.14 17:19:45.441,0.92116,0.92138,1.00,1.00
2018.02.14 17:19:45.644,0.92113,0.92136,1.12,1.00
2018.02.14 17:19:46.560,0.9211,0.92136,1.00,1.00
2018.02.14 17:19:46.661,0.92113,0.92139,1.00,2.25
2018.02.14 17:19:47.006,0.92118,0.9214,1.00,1.00
2018.02.14 17:19:48.066,0.92117,0.9214,1.00,1.00
2018.02.14 17:19:48.724,0.92115,0.9214,1.00,1.00
2018.02.14 17:19:49.638,0.92117,0.92141,1.00,1.00
2018.02.14 17:19:50.178,0.92118,0.92142,1.00,1.00
2018.02.14 17:19:50.669,0.92117,0.9214,1.00,1.00
2018.02.14 17:19:51.016,0.9212,0.92143,1.00,1.00
2018.02.14 17:19:51.219,0.92121,0.92145,1.00,1.00
2018.02.14 17:19:51.270,0.9212,0.92143,1.00,1.00
2018.02.14 17:19:51.497,0.92121,0.92145,1.00,1.00
2018.02.14 17:19:51.600,0.92122,0.92147,1.00,1.00
2018.02.14 17:19:53.403,0.92124,0.92147,1.00,1.00
2018.02.14 17:19:53.505,0.92121,0.92145,1.00,1.00
2018.02.14 17:19:54.268,0.9212,0.92145,1.00,1.00
2018.02.14 17:19:54.921,0.92124,0.92147,1.00,1.50
2018.02.14 17:19:54.972,0.92125,0.9215,1.00,1.00
2018.02.14 17:19:55.023,0.92126,0.92148,1.00,1.00
2018.02.14 17:19:55.570,0.92125,0.92147,1.00,1.00
2018.02.14 17:19:55.866,0.92119,0.92144,1.00,1.00
2018.02.14 17:19:55.917,0.92121,0.92146,1.00,1.00
2018.02.14 17:19:56.371,0.92119,0.92143,1.00,1.00
2018.02.14 17:19:59.397,0.9212,0.92142,1.00,1.00
2018.02.14 17:19:59.499,0.92115,0.92139,1.00,1.00
2018.02.14 17:19:59.601,0.92117,0.9214,1.00,1.00
2018.02.14 17:19:59.654,0.92117,0.92142,1.00,1.00
2018.02.14 17:19:59.706,0.92119,0.92142,1.00,1.00
2018.02.14 17:20:00.016,0.92121,0.92143,1.00,1.00
2018.02.14 17:20:00.678,0.9212,0.92142,1.00,1.00
2018.02.14 17:20:01.221,0.92117,0.92142,1.00,1.00
2018.02.14 17:20:01.273,0.92119,0.92141,1.00,1.00
2018.02.14 17:20:01.434,0.9212,0.92143,1.00,1.00
2018.02.14 17:20:01.485,0.92121,0.92146,1.00,1.00
2018.02.14 17:20:02.272,0.92123,0.92146,1.00,1.00
2018.02.14 17:20:03.372,0.92118,0.92143,1.00,1.00
2018.02.14 17:20:04.377,0.92122,0.92144,1.00,1.00
2018.02.14 17:20:04.529,0.92124,0.92147,1.00,1.00
2018.02.14 17:20:05.480,0.92123,0.92145,1.00,1.00
2018.02.14 17:20:05.653,0.92119,0.92144,1.00,1.00
2018.02.14 17:20:06.526,0.92119,0.92143,1.00,1.00
2018.02.14 17:20:06.747,0.92121,0.92143,1.00,1.00
2018.02.14 17:20:06.799,0.92119,0.92142,1.00,1.00
2018.02.14 17:20:06.857,0.92121,0.92143,1.00,1.00
2018.02.14 17:20:07.112,0.92121,0.92146,1.00,1.00
2018.02.14 17:20:07.266,0.92121,0.92144,1.00,1.00
2018.02.14 17:20:07.413,0.92123,0.92148,1.00,1.00
2018.02.14 17:20:07.515,0.92127,0.92147,1.00,1.00
2018.02.14 17:20:07.565,0.92128,0.92151,1.00,1.00
2018.02.14 17:20:07.616,0.9213,0.92152,1.00,1.00
2018.02.14 17:20:07.960,0.92128,0.9215,1.00,1.00
2018.02.14 17:20:08.355,0.92126,0.9215,1.00,1.00
2018.02.14 17:20:10.772,0.92127,0.92152,1.00,1.00
2018.02.14 17:20:11.336,0.92127,0.9215,1.00,1.00
2018.02.14 17:20:12.528,0.92131,0.92154,1.00,1.00
2018.02.14 17:20:12.680,0.92128,0.92152,1.00,1.00
2018.02.14 17:20:13.187,0.9213,0.92152,1.00,1.00
2018.02.14 17:20:13.352,0.92131,0.92154,1.00,1.00
2018.02.14 17:20:13.604,0.92131,0.92156,1.00,1.00
2018.02.14 17:20:13.756,0.92131,0.92154,1.00,1.00
2018.02.14 17:20:14.084,0.92128,0.9215,1.00,1.00
2018.02.14 17:20:14.789,0.92128,0.92151,1.00,1.00
2018.02.14 17:20:14.839,0.92126,0.92151,1.00,1.00
2018.02.14 17:20:14.890,0.92126,0.92148,1.00,1.00
2018.02.14 17:20:15.436,0.9213,0.92152,1.00,1.00
2018.02.14 17:20:15.745,0.92132,0.92156,1.00,1.00
2018.02.14 17:20:15.901,0.92129,0.92153,1.00,1.00
2018.02.14 17:20:16.589,0.92132,0.92154,1.00,1.00
2018.02.14 17:20:16.905,0.92125,0.9215,2.25,1.00
2018.02.14 17:20:17.057,0.92128,0.92152,1.00,1.00
2018.02.14 17:20:17.456,0.92129,0.92154,1.00,1.00
2018.02.14 17:20:19.350,0.92131,0.92154,1.00,1.00
2018.02.14 17:20:19.956,0.92133,0.92157,1.00,1.00
2018.02.14 17:20:21.571,0.92133,0.92156,1.00,1.00
2018.02.14 17:20:22.134,0.92133,0.92157,1.00,1.00
2018.02.14 17:20:22.845,0.92132,0.92157,1.00,1.00
2018.02.14 17:20:22.896,0.92136,0.92158,1.00,1.00
2018.02.14 17:20:22.998,0.92137,0.9216,1.00,1.00
2018.02.14 17:20:23.195,0.92135,0.92159,1.00,1.00
2018.02.14 17:20:23.246,0.92137,0.92159,1.00,1.00
2018.02.14 17:20:25.439,0.92134,0.92159,1.00,1.00
2018.02.14 17:20:25.647,0.92129,0.92152,1.00,1.00
2018.02.14 17:20:26.212,0.92129,0.92151,1.00,1.00
2018.02.14 17:20:26.263,0.92129,0.92153,1.00,1.00
2018.02.14 17:20:27.614,0.92129,0.92152,1.00,1.00
2018.02.14 17:20:29.354,0.92129,0.92154,1.00,1.12
2018.02.14 17:20:29.431,0.92129,0.92152,1.00,1.00
2018.02.14 17:20:29.872,0.92127,0.92152,1.00,1.00
2018.02.14 17:20:30.035,0.9213,0.92153,1.00,1.00
2018.02.14 17:20:30.755,0.92129,0.92153,1.00,1.00
2018.02.14 17:20:31.091,0.92131,0.92153,1.00,1.00
2018.02.14 17:20:31.205,0.92132,0.92155,1.00,1.00
2018.02.14 17:20:31.256,0.92129,0.92154,1.00,1.50
2018.02.14 17:20:32.902,0.92135,0.92156,1.00,1.50
2018.02.14 17:20:33.082,0.92137,0.92159,1.00,1.00
2018.02.14 17:20:33.360,0.92136,0.92161,1.00,1.00
2018.02.14 17:20:33.411,0.92136,0.92158,1.00,1.00
2018.02.14 17:20:33.733,0.92136,0.9216,1.00,1.00
2018.02.14 17:20:33.784,0.92138,0.92162,1.00,1.00
2018.02.14 17:20:34.261,0.92138,0.9216,1.00,1.00
2018.02.14 17:20:34.568,0.92139,0.92162,1.00,1.00
2018.02.14 17:20:38.286,0.92136,0.92161,1.00,1.00
2018.02.14 17:20:38.560,0.92138,0.9216,1.00,1.00
2018.02.14 17:20:41.125,0.92139,0.92161,1.00,1.00
2018.02.14 17:20:42.461,0.92137,0.92161,1.00,1.00
2018.02.14 17:20:42.641,0.92135,0.92159,1.00,1.00
2018.02.14 17:20:42.981,0.92139,0.92161,1.00,1.00
2018.02.14 17:20:43.093,0.92139,0.92163,1.00,1.00
2018.02.14 17:20:43.604,0.92139,0.92162,1.00,1.00
2018.02.14 17:20:43.655,0.92136,0.92161,1.00,1.00
2018.02.14 17:20:43.808,0.92139,0.92163,1.00,1.50
2018.02.14 17:20:44.368,0.92139,0.92164,1.00,1.00
2018.02.14 17:20:45.268,0.9214,0.92165,1.00,1.00
2018.02.14 17:20:46.668,0.92142,0.92165,1.00,1.00
2018.02.14 17:20:48.574,0.92143,0.92166,1.00,1.00
2018.02.14 17:20:48.675,0.92144,0.92169,1.00,2.25
2018.02.14 17:20:48.728,0.92147,0.9217,1.00,1.00
2018.02.14 17:20:48.884,0.92148,0.92173,1.00,1.00
2018.02.14 17:20:49.928,0.92143,0.92166,1.00,1.00
2018.02.14 17:20:50.528,0.92143,0.92168,1.00,2.25
2018.02.14 17:20:51.125,0.92144,0.92169,1.00,1.00
2018.02.14 17:20:51.229,0.92147,0.92172,1.00,1.00
2018.02.14 17:20:51.628,0.92143,0.92168,1.50,1.00
2018.02.14 17:20:52.127,0.9215,0.92175,1.00,1.00
2018.02.14 17:20:53.682,0.92151,0.92177,1.00,1.00
2018.02.14 17:20:55.144,0.92151,0.92174,1.00,1.00
2018.02.14 17:20:55.195,0.92145,0.9217,1.00,1.00
2018.02.14 17:20:55.246,0.92147,0.9217,1.00,1.00
2018.02.14 17:20:55.769,0.92148,0.92171,1.00,1.00
2018.02.14 17:20:57.225,0.92144,0.92169,1.00,1.00
2018.02.14 17:20:57.327,0.92146,0.92169,1.00,1.00
2018.02.14 17:20:58.017,0.92144,0.92167,1.00,1.00
2018.02.14 17:20:58.320,0.92149,0.92172,1.00,1.00
2018.02.14 17:20:58.421,0.9215,0.92175,1.00,1.00
2018.02.14 17:20:58.839,0.92152,0.92175,1.00,1.00
2018.02.14 17:20:59.343,0.92152,0.92174,1.00,1.00
2018.02.14 17:20:59.491,0.9215,0.92175,1.00,1.00
2018.02.14 17:21:00.064,0.92148,0.92171,1.00,1.00
2018.02.14 17:21:00.166,0.92148,0.92173,1.00,1.00
2018.02.14 17:21:00.537,0.92145,0.9217,1.00,1.00
2018.02.14 17:21:01.035,0.92147,0.92172,1.00,1.00
2018.02.14 17:21:01.537,0.92146,0.92171,1.00,1.00
2018.02.14 17:21:02.020,0.92146,0.92169,1.00,1.00
2018.02.14 17:21:02.338,0.92148,0.92173,1.00,1.00
2018.02.14 17:21:02.490,0.9215,0.92175,1.00,1.00
2018.02.14 17:21:03.985,0.92146,0.92168,1.50,1.00
2018.02.14 17:21:04.036,0.92148,0.92171,1.00,1.00
2018.02.14 17:21:04.087,0.92146,0.92169,1.00,1.00
2018.02.14 17:21:05.182,0.92148,0.9217,1.00,1.00
2018.02.14 17:21:05.314,0.92146,0.92169,1.00,1.00
2018.02.14 17:21:05.466,0.92151,0.92174,1.00,1.00
2018.02.14 17:21:10.821,0.92152,0.92175,1.00,1.00
2018.02.14 17:21:13.019,0.92149,0.92174,1.00,1.00
2018.02.14 17:21:20.062,0.92152,0.92175,1.00,1.00
2018.02.14 17:21:20.113,0.92153,0.92178,1.00,1.00
2018.02.14 17:21:20.214,0.92156,0.92181,1.00,1.00
2018.02.14 17:21:21.572,0.92159,0.92182,1.00,1.00
2018.02.14 17:21:21.625,0.92157,0.92182,1.00,1.00
2018.02.14 17:21:21.769,0.92159,0.92182,1.00,1.00
2018.02.14 17:21:21.871,0.92156,0.92181,1.00,1.00
2018.02.14 17:21:22.179,0.92158,0.92181,1.00,1.00
2018.02.14 17:21:23.506,0.92157,0.9218,1.00,1.00
2018.02.14 17:21:23.769,0.92153,0.92177,1.00,1.00
2018.02.14 17:21:23.824,0.92151,0.92174,1.00,1.00
2018.02.14 17:21:24.106,0.92152,0.92177,1.00,1.00
2018.02.14 17:21:24.157,0.92155,0.92178,1.00,1.00
2018.02.14 17:21:24.258,0.92152,0.92177,1.00,1.00
2018.02.14 17:21:24.309,0.92148,0.92171,1.00,1.00
2018.02.14 17:21:25.264,0.92147,0.9217,1.00,1.00
2018.02.14 17:21:26.395,0.92148,0.92171,1.00,1.00
2018.02.14 17:21:26.496,0.92146,0.92171,1.00,1.00
2018.02.14 17:21:28.570,0.92151,0.92176,1.00,1.00
2018.02.14 17:21:28.872,0.92148,0.92173,1.00,1.00
2018.02.14 17:21:29.207,0.92151,0.92174,1.00,1.00
2018.02.14 17:21:29.354,0.92147,0.92171,1.50,1.00
2018.02.14 17:21:29.405,0.92146,0.92169,1.00,1.00
2018.02.14 17:21:29.636,0.92142,0.92167,1.00,1.00
2018.02.14 17:21:30.753,0.92143,0.92168,1.00,1.00
2018.02.14 17:21:31.199,0.92146,0.92169,1.00,1.00
2018.02.14 17:21:31.862,0.92145,0.92168,1.00,1.00
2018.02.14 17:21:32.802,0.92141,0.92166,1.00,1.00
2018.02.14 17:21:32.853,0.9214,0.92163,1.00,1.00
2018.02.14 17:21:33.648,0.92141,0.92164,1.00,1.00
2018.02.14 17:21:33.973,0.92142,0.92167,1.00,1.00
2018.02.14 17:21:34.279,0.92141,0.92164,1.00,1.00
2018.02.14 17:21:34.583,0.92139,0.92162,1.00,1.00
2018.02.14 17:21:34.942,0.9214,0.92165,1.00,1.00
2018.02.14 17:21:36.902,0.92139,0.92164,1.00,1.00
2018.02.14 17:21:38.107,0.9214,0.92163,1.00,1.00
2018.02.14 17:21:38.626,0.92139,0.92162,1.00,1.00
2018.02.14 17:21:42.072,0.9214,0.92165,1.00,1.00
2018.02.14 17:21:43.547,0.92142,0.92165,1.00,1.00
2018.02.14 17:21:43.657,0.92139,0.92164,1.00,1.00
2018.02.14 17:21:43.759,0.92143,0.92166,1.00,1.00
2018.02.14 17:21:43.861,0.92143,0.92168,1.00,1.00
2018.02.14 17:21:44.067,0.92145,0.92168,1.00,1.00
2018.02.14 17:21:44.631,0.92143,0.92168,1.00,1.00
2018.02.14 17:21:44.933,0.92143,0.92166,1.00,1.00
2018.02.14 17:21:46.221,0.92143,0.92168,1.00,1.00
2018.02.14 17:21:49.112,0.92143,0.92166,1.00,1.00
2018.02.14 17:21:49.164,0.92141,0.92166,1.00,1.00
2018.02.14 17:21:49.369,0.92144,0.92167,1.00,1.00
2018.02.14 17:21:49.419,0.92144,0.92169,1.00,1.00
2018.02.14 17:21:49.528,0.92144,0.92167,1.00,1.00
2018.02.14 17:21:49.937,0.92142,0.92167,1.00,1.00
2018.02.14 17:21:52.559,0.9214,0.92164,1.00,1.00
2018.02.14 17:21:52.710,0.92141,0.92166,1.00,1.00
2018.02.14 17:21:54.525,0.92143,0.92168,1.00,1.00
2018.02.14 17:21:55.404,0.92146,0.92169,1.00,1.00
2018.02.14 17:21:55.506,0.92144,0.92169,1.00,1.00
2018.02.14 17:21:55.786,0.92143,0.92166,1.00,1.00
2018.02.14 17:21:57.293,0.92142,0.92165,1.00,1.00
2018.02.14 17:22:00.251,0.92146,0.92169,1.00,1.00
2018.02.14 17:22:01.929,0.92143,0.92166,1.00,1.00
2018.02.14 17:22:02.208,0.92141,0.92167,1.00,1.12
2018.02.14 17:22:02.488,0.92148,0.92171,1.00,1.50
2018.02.14 17:22:03.335,0.92147,0.9217,1.00,1.00
2018.02.14 17:22:04.599,0.92145,0.92168,1.00,1.00
2018.02.14 17:22:05.207,0.92143,0.92166,1.00,1.00
2018.02.14 17:22:05.558,0.9214,0.92165,1.00,1.00
2018.02.14 17:22:06.613,0.92142,0.92165,1.00,1.00
2018.02.14 17:22:07.267,0.92143,0.92166,1.00,1.00
2018.02.14 17:22:07.817,0.92142,0.92167,1.00,1.00
2018.02.14 17:22:08.174,0.92145,0.92168,1.00,1.00
2018.02.14 17:22:09.314,0.92146,0.92169,1.00,1.00
2018.02.14 17:22:09.631,0.92148,0.92171,1.00,1.00
2018.02.14 17:22:09.939,0.92143,0.92166,1.00,1.00
2018.02.14 17:22:14.140,0.92144,0.92167,1.00,1.00
2018.02.14 17:22:14.641,0.92144,0.92166,1.00,1.00
2018.02.14 17:22:15.132,0.92142,0.92167,1.00,1.00
2018.02.14 17:22:16.081,0.92143,0.92166,1.00,1.00
2018.02.14 17:22:16.567,0.92145,0.92168,1.00,1.00
2018.02.14 17:22:16.618,0.92139,0.92164,1.50,1.00
2018.02.14 17:22:16.772,0.92141,0.92166,1.00,1.00
2018.02.14 17:22:17.100,0.92144,0.92167,1.00,1.00
2018.02.14 17:22:17.410,0.92142,0.92165,1.00,1.00
2018.02.14 17:22:22.605,0.92142,0.92167,1.00,1.00
2018.02.14 17:22:22.919,0.92145,0.92168,1.00,1.00
2018.02.14 17:22:25.132,0.92146,0.92171,1.00,2.25
2018.02.14 17:22:27.212,0.92148,0.92171,1.00,1.50
2018.02.14 17:22:29.321,0.92149,0.92172,1.00,1.00
2018.02.14 17:22:29.373,0.92152,0.92177,1.00,1.00
2018.02.14 17:22:29.423,0.92155,0.92178,1.00,1.50
2018.02.14 17:22:29.575,0.92157,0.92181,1.00,1.00
2018.02.14 17:22:29.757,0.92158,0.92183,1.00,1.00
2018.02.14 17:22:33.135,0.92157,0.92182,1.00,1.00
2018.02.14 17:22:33.829,0.92157,0.9218,1.00,1.00
2018.02.14 17:22:33.880,0.92154,0.92179,1.00,1.00
2018.02.14 17:22:33.931,0.92152,0.92175,1.00,1.00
2018.02.14 17:22:34.032,0.92149,0.92174,1.00,1.00
2018.02.14 17:22:34.083,0.92149,0.92172,1.00,1.00
2018.02.14 17:22:35.077,0.92146,0.92171,1.00,1.00
2018.02.14 17:22:35.533,0.92148,0.92173,1.00,1.00
2018.02.14 17:22:37.053,0.92146,0.92171,1.00,1.00
2018.02.14 17:22:43.213,0.92149,0.92172,1.00,1.00
2018.02.14 17:22:43.411,0.92147,0.92172,1.00,1.00
2018.02.14 17:22:43.462,0.92147,0.9217,1.00,1.00
2018.02.14 17:22:44.031,0.92152,0.92175,1.00,1.00
2018.02.14 17:22:44.538,0.92152,0.92174,1.00,1.00
2018.02.14 17:22:44.935,0.92152,0.92177,1.00,1.00
2018.02.14 17:22:47.395,0.92148,0.92168,1.00,1.00
2018.02.14 17:22:47.545,0.92146,0.92169,1.00,1.00
2018.02.14 17:22:47.747,0.92148,0.92171,1.00,1.00
2018.02.14 17:22:48.394,0.92147,0.9217,1.00,1.00
2018.02.14 17:22:49.911,0.92147,0.92169,1.00,1.00
2018.02.14 17:22:50.483,0.92145,0.92168,1.00,1.00
2018.02.14 17:22:51.020,0.92146,0.92169,1.00,1.00
2018.02.14 17:22:51.288,0.92147,0.92172,1.00,1.00
2018.02.14 17:22:51.897,0.92147,0.9217,1.00,1.00
2018.02.14 17:22:52.926,0.92144,0.92167,1.00,1.00
2018.02.14 17:22:55.940,0.92144,0.92169,1.00,1.00
2018.02.14 17:22:55.991,0.92144,0.92167,1.00,1.00
2018.02.14 17:22:56.143,0.92142,0.92167,1.00,1.00
2018.02.14 17:22:56.194,0.9214,0.92165,1.00,1.00
2018.02.14 17:22:58.760,0.92139,0.92162,1.00,1.00
2018.02.14 17:22:59.529,0.92141,0.92164,1.00,1.00
2018.02.14 17:23:00.128,0.9214,0.92163,1.00,1.00
2018.02.14 17:23:00.440,0.92142,0.92165,1.00,1.00
2018.02.14 17:23:01.204,0.92144,0.92169,1.00,1.50
2018.02.14 17:23:01.255,0.92144,0.92167,1.00,1.00
2018.02.14 17:23:01.306,0.92144,0.92169,1.00,1.00
2018.02.14 17:23:01.356,0.92146,0.92169,1.00,1.00
2018.02.14 17:23:02.804,0.92142,0.92165,1.00,1.00
2018.02.14 17:23:03.355,0.92139,0.92162,1.00,1.00
2018.02.14 17:23:05.510,0.92141,0.92164,1.00,1.00
2018.02.14 17:23:06.860,0.92138,0.92163,1.00,1.00
2018.02.14 17:23:07.387,0.92139,0.92164,1.00,1.00
2018.02.14 17:23:08.050,0.9214,0.92165,1.00,1.00
2018.02.14 17:23:08.165,0.92139,0.92162,1.00,1.00
2018.02.14 17:23:12.584,0.92137,0.92162,1.00,1.00
2018.02.14 17:23:12.635,0.92139,0.92162,1.00,1.00
2018.02.14 17:23:13.294,0.92144,0.92167,1.00,1.00
2018.02.14 17:23:13.345,0.92147,0.92171,1.00,1.00
2018.02.14 17:23:13.837,0.92148,0.92173,1.00,1.00
2018.02.14 17:23:14.314,0.9215,0.92173,1.00,1.00
2018.02.14 17:23:15.667,0.92149,0.92172,1.00,1.00
2018.02.14 17:23:16.345,0.92151,0.92174,1.00,1.00
2018.02.14 17:23:16.864,0.9215,0.92173,1.00,1.00
2018.02.14 17:23:17.994,0.92148,0.92171,1.00,1.00
2018.02.14 17:23:18.293,0.92146,0.92171,1.00,1.00
2018.02.14 17:23:18.950,0.92145,0.92168,1.00,1.00
2018.02.14 17:23:19.408,0.9214,0.92164,1.00,1.00
2018.02.14 17:23:20.188,0.92139,0.92164,1.00,1.00
2018.02.14 17:23:20.239,0.92146,0.92169,1.00,1.00
2018.02.14 17:23:20.553,0.92147,0.92172,1.00,1.00
2018.02.14 17:23:20.763,0.92149,0.92174,1.00,1.00
2018.02.14 17:23:21.670,0.92151,0.92174,1.00,1.00
2018.02.14 17:23:22.417,0.92149,0.92172,1.00,1.00
2018.02.14 17:23:24.708,0.92146,0.92171,1.00,1.00
2018.02.14 17:23:24.759,0.92147,0.92169,1.00,1.00
2018.02.14 17:23:25.661,0.92145,0.92168,1.00,1.00
2018.02.14 17:23:26.083,0.92142,0.92165,1.00,1.00
2018.02.14 17:23:27.074,0.92143,0.92166,1.00,1.00
2018.02.14 17:23:27.377,0.92145,0.92168,1.00,1.00
2018.02.14 17:23:27.687,0.92148,0.92171,1.00,1.00
2018.02.14 17:23:28.309,0.92149,0.92172,1.00,1.00
2018.02.14 17:23:28.360,0.92146,0.92171,1.00,1.00
2018.02.14 17:23:28.411,0.92145,0.92168,1.00,1.00
2018.02.14 17:23:29.278,0.92146,0.92169,1.00,1.00
2018.02.14 17:23:30.458,0.92145,0.92168,1.00,1.00
2018.02.14 17:23:31.847,0.92145,0.9217,1.00,1.00
2018.02.14 17:23:36.741,0.92147,0.92172,1.00,1.00
2018.02.14 17:23:37.863,0.92146,0.92171,1.00,1.00
2018.02.14 17:23:38.362,0.92148,0.92171,1.00,1.00
2018.02.14 17:23:38.884,0.92146,0.92169,1.00,1.00
2018.02.14 17:23:40.462,0.92148,0.92169,1.00,1.00
2018.02.14 17:23:40.981,0.92147,0.92168,1.00,1.00
2018.02.14 17:23:44.235,0.92148,0.92169,1.00,1.00
2018.02.14 17:23:46.474,0.92146,0.92169,1.00,1.00
2018.02.14 17:23:46.526,0.92144,0.92167,1.00,1.00
2018.02.14 17:23:49.128,0.92144,0.92165,1.00,1.00
2018.02.14 17:23:49.432,0.92162,0.92185,1.00,1.00
2018.02.14 17:23:50.157,0.92163,0.92184,1.00,1.00
2018.02.14 17:23:50.258,0.92163,0.92186,1.00,1.00
2018.02.14 17:23:51.513,0.92162,0.92185,1.00,1.00
2018.02.14 17:23:52.527,0.92164,0.92185,1.00,1.00
2018.02.14 17:23:54.546,0.92161,0.92184,1.00,1.00
2018.02.14 17:23:54.794,0.9216,0.9218,1.00,1.00
2018.02.14 17:23:54.947,0.92157,0.9218,1.50,1.00
2018.02.14 17:23:55.282,0.9216,0.92181,1.00,1.00
2018.02.14 17:23:58.243,0.92163,0.92184,1.00,1.00
2018.02.14 17:23:59.350,0.92164,0.92185,1.00,1.00
2018.02.14 17:24:00.210,0.92163,0.92184,1.00,1.00
2018.02.14 17:24:02.257,0.92162,0.92183,1.00,1.00
2018.02.14 17:24:05.505,0.92164,0.92185,1.00,1.00
2018.02.14 17:24:07.557,0.92165,0.92186,1.00,1.00
2018.02.14 17:24:11.718,0.92166,0.92187,1.00,1.00
2018.02.14 17:24:12.370,0.92166,0.92188,1.00,1.00
2018.02.14 17:24:12.869,0.92167,0.9219,1.00,1.00
2018.02.14 17:24:14.094,0.92169,0.92191,1.00,1.00
2018.02.14 17:24:14.634,0.9217,0.92193,1.00,1.00
2018.02.14 17:24:15.826,0.92169,0.9219,1.00,1.00
2018.02.14 17:24:16.674,0.92168,0.92189,1.00,1.00
2018.02.14 17:24:17.024,0.92166,0.92187,1.00,1.00
2018.02.14 17:24:17.125,0.92164,0.92187,1.00,1.00
2018.02.14 17:24:17.226,0.92163,0.92184,1.00,1.00
2018.02.14 17:24:17.887,0.92164,0.92187,1.00,1.00
2018.02.14 17:24:19.712,0.92176,0.92194,1.00,1.00
2018.02.14 17:24:19.763,0.92176,0.92196,1.00,1.00
2018.02.14 17:24:19.916,0.92173,0.92196,1.50,1.00
2018.02.14 17:24:20.328,0.92177,0.92198,1.00,1.00
2018.02.14 17:24:21.045,0.92179,0.922,1.00,1.00
2018.02.14 17:24:21.580,0.9218,0.92201,1.00,1.00
2018.02.14 17:24:22.098,0.92179,0.922,1.00,1.00
2018.02.14 17:24:22.589,0.92177,0.922,1.00,1.00
2018.02.14 17:24:24.299,0.92183,0.92204,1.00,1.00
2018.02.14 17:24:24.349,0.92184,0.92206,1.00,1.00
2018.02.14 17:24:24.400,0.92183,0.92204,1.00,1.00
2018.02.14 17:24:24.565,0.9218,0.92203,1.00,1.00
2018.02.14 17:24:24.636,0.92179,0.92201,1.00,1.00
2018.02.14 17:24:24.800,0.92177,0.922,1.00,1.00
2018.02.14 17:24:25.279,0.92175,0.92198,1.50,1.00
2018.02.14 17:24:25.693,0.92175,0.92196,1.00,1.00
2018.02.14 17:24:26.498,0.92171,0.92194,1.00,1.00
2018.02.14 17:24:26.548,0.92173,0.92194,1.00,1.00
2018.02.14 17:24:26.601,0.92171,0.92194,1.00,1.00
2018.02.14 17:24:26.702,0.92169,0.9219,1.00,1.00
2018.02.14 17:24:27.037,0.92167,0.92188,2.25,1.00
2018.02.14 17:24:27.239,0.92169,0.92192,1.00,1.00
2018.02.14 17:24:28.076,0.92171,0.92192,1.00,1.00
2018.02.14 17:24:28.182,0.92169,0.92191,1.00,1.00
2018.02.14 17:24:28.233,0.92171,0.92192,1.00,1.00
2018.02.14 17:24:28.838,0.92173,0.92194,1.00,1.00
2018.02.14 17:24:29.100,0.92168,0.92191,1.00,1.00
2018.02.14 17:24:29.663,0.92172,0.92193,1.00,1.00
2018.02.14 17:24:29.714,0.92173,0.92195,1.00,1.00
2018.02.14 17:24:30.236,0.92173,0.92196,1.00,1.00
2018.02.14 17:24:31.490,0.92176,0.92197,1.00,1.00
2018.02.14 17:24:31.887,0.92173,0.92196,1.00,1.00
2018.02.14 17:24:31.989,0.92173,0.92194,1.00,1.00
2018.02.14 17:24:33.083,0.92174,0.92195,1.00,1.00
2018.02.14 17:24:33.410,0.92172,0.92193,1.00,1.00
2018.02.14 17:24:34.652,0.92175,0.92196,1.00,1.00
2018.02.14 17:24:34.933,0.92172,0.92195,1.00,1.00
2018.02.14 17:24:35.137,0.92176,0.92197,1.00,1.00
2018.02.14 17:24:36.288,0.92175,0.92197,1.00,1.00
2018.02.14 17:24:37.586,0.92175,0.92199,1.00,1.00
2018.02.14 17:24:43.127,0.92175,0.92196,1.00,1.00
2018.02.14 17:24:43.283,0.92175,0.92199,1.00,1.00
2018.02.14 17:24:43.666,0.92174,0.92196,1.00,1.00
2018.02.14 17:24:46.135,0.92172,0.92193,2.25,1.00
2018.02.14 17:24:46.337,0.92168,0.92191,1.00,1.00
2018.02.14 17:24:46.566,0.9217,0.92192,1.00,1.00
2018.02.14 17:24:46.880,0.9217,0.92194,1.00,1.00
2018.02.14 17:24:47.072,0.92172,0.92195,1.00,1.00
2018.02.14 17:24:47.644,0.92172,0.92194,1.00,1.00
2018.02.14 17:24:49.124,0.92171,0.92192,1.00,1.00
2018.02.14 17:24:49.225,0.92169,0.92192,1.00,1.00
2018.02.14 17:24:49.657,0.92171,0.92193,1.00,1.00
2018.02.14 17:24:49.957,0.92171,0.92195,1.00,1.00
2018.02.14 17:24:50.008,0.92175,0.92197,1.00,1.00
2018.02.14 17:24:50.564,0.92173,0.92195,1.00,1.00
2018.02.14 17:24:50.716,0.92175,0.92199,1.00,1.00
2018.02.14 17:24:50.869,0.92177,0.922,1.00,1.00
2018.02.14 17:24:51.296,0.92176,0.92198,1.00,1.00
2018.02.14 17:24:51.347,0.92176,0.922,1.00,1.00
2018.02.14 17:24:51.894,0.92175,0.92199,1.00,1.00
2018.02.14 17:24:52.059,0.92177,0.92199,1.00,1.00
2018.02.14 17:24:52.655,0.92178,0.922,1.00,1.00
2018.02.14 17:24:54.573,0.92179,0.92203,1.00,1.00
2018.02.14 17:24:54.676,0.92183,0.92205,1.00,1.00
2018.02.14 17:24:54.983,0.92185,0.92207,1.00,1.00
2018.02.14 17:24:55.324,0.92187,0.92208,1.00,1.00
2018.02.14 17:24:55.497,0.92185,0.92207,1.00,1.00
2018.02.14 17:24:57.257,0.92185,0.92209,1.00,1.00
2018.02.14 17:24:57.602,0.92184,0.92207,1.00,1.00
2018.02.14 17:24:58.201,0.92183,0.92205,1.00,1.00
2018.02.14 17:24:58.410,0.92184,0.92207,1.00,1.00
2018.02.14 17:24:59.470,0.92184,0.92209,1.00,1.00
2018.02.14 17:25:00.020,0.92186,0.92209,1.00,1.00
2018.02.14 17:25:00.957,0.92185,0.92208,1.00,1.00
2018.02.14 17:25:01.286,0.92179,0.92202,1.00,1.00
2018.02.14 17:25:02.329,0.92179,0.92204,1.00,1.00
2018.02.14 17:25:03.067,0.92178,0.92203,1.00,1.00
2018.02.14 17:25:03.511,0.9218,0.92203,1.00,1.00
2018.02.14 17:25:04.356,0.92179,0.92204,1.00,1.00
2018.02.14 17:25:07.043,0.92182,0.92205,1.00,1.00
2018.02.14 17:25:07.679,0.92184,0.92207,1.00,1.00
2018.02.14 17:25:07.831,0.92185,0.9221,1.00,1.00
2018.02.14 17:25:08.322,0.92187,0.9221,1.00,1.00
2018.02.14 17:25:08.377,0.92185,0.9221,1.00,1.00
2018.02.14 17:25:09.056,0.92184,0.92209,1.00,1.00
2018.02.14 17:25:10.133,0.92187,0.9221,1.00,1.00
2018.02.14 17:25:10.184,0.92184,0.92209,1.00,1.00
2018.02.14 17:25:10.236,0.92182,0.92205,1.00,1.00
2018.02.14 17:25:10.631,0.92185,0.92208,1.00,1.00
2018.02.14 17:25:10.808,0.92182,0.92207,1.00,1.00
2018.02.14 17:25:12.053,0.92184,0.92209,1.00,1.50
2018.02.14 17:25:12.563,0.92186,0.92209,1.00,1.00
2018.02.14 17:25:14.500,0.92187,0.9221,1.00,1.00
2018.02.14 17:25:14.834,0.92185,0.92208,1.00,1.00
2018.02.14 17:25:15.598,0.92186,0.9221,1.00,1.00
2018.02.14 17:25:15.698,0.92188,0.92213,1.00,1.00
2018.02.14 17:25:16.093,0.92186,0.92211,1.00,1.00
2018.02.14 17:25:17.202,0.92186,0.92209,1.00,1.00
2018.02.14 17:25:17.303,0.92188,0.92213,1.00,1.00
2018.02.14 17:25:18.032,0.92186,0.92211,1.00,1.00
2018.02.14 17:25:19.742,0.92185,0.9221,1.00,1.00
2018.02.14 17:25:20.779,0.92186,0.92211,1.00,1.00
2018.02.14 17:25:21.283,0.92184,0.92207,1.00,1.00
2018.02.14 17:25:21.666,0.92179,0.92204,1.00,1.00
2018.02.14 17:25:22.596,0.9218,0.92205,1.00,1.00
2018.02.14 17:25:22.657,0.9218,0.92203,1.00,1.00
2018.02.14 17:25:22.884,0.9218,0.92205,1.00,1.00
2018.02.14 17:25:25.221,0.9218,0.92203,1.00,1.00
2018.02.14 17:25:25.271,0.92182,0.92207,1.00,1.00
2018.02.14 17:25:25.812,0.92183,0.92208,1.00,1.00
2018.02.14 17:25:26.824,0.92181,0.92204,1.00,1.00
2018.02.14 17:25:27.002,0.92182,0.92207,1.00,1.00
2018.02.14 17:25:27.053,0.92184,0.92207,1.00,1.00
2018.02.14 17:25:27.513,0.92182,0.92205,1.00,1.00
2018.02.14 17:25:27.716,0.92183,0.92207,1.00,1.00
2018.02.14 17:25:27.768,0.92186,0.92209,1.00,1.00
2018.02.14 17:25:31.034,0.92189,0.92212,1.00,1.00
2018.02.14 17:25:31.311,0.92187,0.92212,1.00,1.00
2018.02.14 17:25:31.842,0.92186,0.92211,1.00,1.00
2018.02.14 17:25:31.893,0.92188,0.92213,1.00,1.00
2018.02.14 17:25:32.198,0.9219,0.92215,1.00,1.00
2018.02.14 17:25:32.545,0.92185,0.9221,1.00,1.00
2018.02.14 17:25:32.914,0.92187,0.9221,1.00,1.00
2018.02.14 17:25:33.499,0.92186,0.92209,1.00,1.00
2018.02.14 17:25:33.803,0.92185,0.92207,1.00,1.00
2018.02.14 17:25:33.854,0.92183,0.92208,1.00,1.00
2018.02.14 17:25:34.107,0.92181,0.92206,1.00,1.00
2018.02.14 17:25:36.282,0.92181,0.92205,1.00,1.00
2018.02.14 17:25:37.030,0.9218,0.92204,1.00,1.00
2018.02.14 17:25:37.630,0.92179,0.92203,1.00,1.00
2018.02.14 17:25:37.938,0.92177,0.92201,1.00,1.00
2018.02.14 17:25:38.865,0.92179,0.92202,1.00,1.00
2018.02.14 17:25:38.966,0.92181,0.92205,1.00,1.00
2018.02.14 17:25:40.575,0.92182,0.92207,1.00,1.00
2018.02.14 17:25:40.676,0.92185,0.92208,1.00,1.00
2018.02.14 17:25:40.777,0.92186,0.92211,1.00,1.00
2018.02.14 17:25:41.136,0.92184,0.9221,1.00,1.00
2018.02.14 17:25:41.187,0.92182,0.92205,1.00,1.00
2018.02.14 17:25:42.036,0.92179,0.92205,1.50,1.00
2018.02.14 17:25:42.137,0.92178,0.92203,1.00,1.00
2018.02.14 17:25:42.900,0.92179,0.92204,1.00,1.00
2018.02.14 17:25:43.837,0.92178,0.92202,1.00,1.00
2018.02.14 17:25:44.049,0.92176,0.92202,1.00,1.00
2018.02.14 17:25:44.560,0.92178,0.92201,1.00,1.00
2018.02.14 17:25:45.095,0.92178,0.92202,1.00,1.00
2018.02.14 17:25:45.540,0.92177,0.922,1.00,1.00
2018.02.14 17:25:46.565,0.92178,0.92202,1.00,1.00
2018.02.14 17:25:47.454,0.92176,0.922,1.00,1.00
2018.02.14 17:25:49.754,0.92175,0.92201,1.00,1.00
2018.02.14 17:25:50.196,0.9218,0.92204,1.00,1.00
2018.02.14 17:25:50.400,0.92178,0.92204,1.00,1.00
2018.02.14 17:25:51.053,0.92182,0.92207,1.00,1.00
2018.02.14 17:25:51.104,0.9218,0.92206,1.00,1.00
2018.02.14 17:25:51.796,0.9218,0.92204,1.00,1.00
2018.02.14 17:25:52.149,0.92182,0.92206,1.00,1.00
2018.02.14 17:25:54.252,0.92182,0.92205,1.00,1.00
2018.02.14 17:25:55.253,0.92182,0.92208,1.00,1.00
2018.02.14 17:25:55.586,0.92182,0.92205,1.00,1.00
2018.02.14 17:25:56.340,0.92184,0.92205,1.00,1.00
2018.02.14 17:25:57.005,0.92184,0.92207,1.00,1.00
2018.02.14 17:25:57.862,0.92183,0.92204,1.00,1.00
2018.02.14 17:25:57.913,0.92184,0.92207,1.00,1.00
2018.02.14 17:25:58.097,0.92184,0.92205,1.00,1.00
2018.02.14 17:25:58.198,0.92184,0.92207,1.00,1.00
2018.02.14 17:25:59.807,0.92183,0.92204,1.00,1.00
2018.02.14 17:25:59.858,0.92181,0.92204,1.00,1.00
2018.02.14 17:26:00.230,0.92184,0.92207,1.00,1.00
2018.02.14 17:26:00.532,0.92188,0.92209,1.00,1.00
2018.02.14 17:26:00.737,0.92187,0.92211,1.00,1.00
2018.02.14 17:26:00.788,0.92188,0.92209,1.00,1.00
2018.02.14 17:26:01.458,0.92187,0.9221,1.00,1.00
2018.02.14 17:26:01.958,0.92189,0.9221,1.00,1.00
2018.02.14 17:26:02.515,0.9219,0.92211,1.00,1.00
2018.02.14 17:26:03.723,0.92189,0.9221,1.00,1.00
2018.02.14 17:26:07.295,0.92188,0.92209,1.00,1.00
2018.02.14 17:26:07.850,0.92187,0.92208,1.00,1.00
2018.02.14 17:26:08.381,0.92186,0.92207,1.00,1.00
2018.02.14 17:26:09.167,0.92185,0.92206,1.00,1.00
2018.02.14 17:26:09.768,0.92187,0.92208,1.00,1.00
2018.02.14 17:26:10.498,0.92186,0.92207,1.00,1.00
2018.02.14 17:26:11.018,0.92188,0.92209,1.00,1.00
2018.02.14 17:26:11.737,0.92185,0.92208,1.00,1.00
2018.02.14 17:26:11.889,0.92185,0.92206,1.00,1.00
2018.02.14 17:26:12.402,0.92185,0.92208,1.00,1.00
2018.02.14 17:26:12.917,0.92185,0.92206,1.00,1.00
2018.02.14 17:26:13.519,0.92186,0.92207,1.00,1.00
2018.02.14 17:26:13.690,0.92186,0.92209,1.00,1.00
2018.02.14 17:26:14.335,0.92185,0.92208,1.00,1.00
2018.02.14 17:26:19.619,0.92181,0.92202,1.00,1.00
2018.02.14 17:26:19.923,0.92179,0.922,1.00,1.00
2018.02.14 17:26:20.218,0.9218,0.92203,1.00,1.00
2018.02.14 17:26:20.269,0.92182,0.92203,1.00,1.00
2018.02.14 17:26:20.989,0.92183,0.92204,1.00,1.00
2018.02.14 17:26:22.777,0.92184,0.92205,1.00,1.00
2018.02.14 17:26:23.568,0.92182,0.92205,1.00,1.00
2018.02.14 17:26:23.829,0.92182,0.92203,1.00,1.00
2018.02.14 17:26:23.931,0.92182,0.92205,1.00,1.00
2018.02.14 17:26:24.199,0.92184,0.92205,1.00,1.00
2018.02.14 17:26:24.530,0.92182,0.92205,1.00,1.00
2018.02.14 17:26:24.782,0.92185,0.92206,1.00,1.00
2018.02.14 17:26:25.381,0.92186,0.92207,1.00,1.00
2018.02.14 17:26:26.234,0.92184,0.92207,1.00,1.00
2018.02.14 17:26:27.147,0.92185,0.92208,1.00,1.00
2018.02.14 17:26:27.971,0.92184,0.92205,1.00,1.00
2018.02.14 17:26:28.022,0.92181,0.92204,1.00,1.00
2018.02.14 17:26:28.279,0.92181,0.92202,1.00,1.00
2018.02.14 17:26:28.878,0.92182,0.92203,1.00,1.00
2018.02.14 17:26:31.081,0.92181,0.92202,1.00,1.00
2018.02.14 17:26:31.586,0.92182,0.92203,1.00,1.00
2018.02.14 17:26:35.181,0.92183,0.92204,1.00,1.00
2018.02.14 17:26:35.334,0.92179,0.92202,2.25,1.00
2018.02.14 17:26:35.846,0.92179,0.922,1.00,1.00
2018.02.14 17:26:36.159,0.92182,0.92203,1.00,1.00
2018.02.14 17:26:36.753,0.92181,0.92202,1.00,1.00
2018.02.14 17:26:36.865,0.92181,0.92204,1.00,1.00
2018.02.14 17:26:37.108,0.92183,0.92206,1.00,1.00
2018.02.14 17:26:37.751,0.92181,0.92204,1.00,1.00
2018.02.14 17:26:38.059,0.92183,0.92205,1.00,1.00
2018.02.14 17:26:38.746,0.92182,0.92205,1.00,1.00
2018.02.14 17:26:39.917,0.92181,0.92203,1.00,1.00
2018.02.14 17:26:40.445,0.92181,0.92202,1.00,1.00
2018.02.14 17:26:40.946,0.9218,0.92203,1.00,1.00
2018.02.14 17:26:41.135,0.92183,0.92207,1.00,1.00
2018.02.14 17:26:41.185,0.92182,0.92205,2.25,1.00
2018.02.14 17:26:41.487,0.92184,0.92206,1.00,1.00
2018.02.14 17:26:41.938,0.92183,0.92204,1.00,1.00
2018.02.14 17:26:44.932,0.92181,0.92202,1.00,1.00
2018.02.14 17:26:49.825,0.92181,0.92204,1.00,1.00
2018.02.14 17:26:51.895,0.9218,0.92203,1.00,1.00
2018.02.14 17:26:52.104,0.9218,0.92201,1.00,1.00
2018.02.14 17:26:52.418,0.92177,0.922,1.50,1.00
2018.02.14 17:26:53.579,0.92177,0.92198,1.00,1.00
2018.02.14 17:26:53.630,0.92177,0.922,1.00,1.00
2018.02.14 17:27:01.990,0.92179,0.92202,1.00,1.00
2018.02.14 17:27:03.238,0.92183,0.92206,1.00,1.00
2018.02.14 17:27:03.962,0.92185,0.92208,1.00,1.00
2018.02.14 17:27:04.307,0.92183,0.92204,1.00,1.00
2018.02.14 17:27:05.321,0.92182,0.92203,1.00,1.00
2018.02.14 17:27:06.845,0.92181,0.92204,1.00,1.00
2018.02.14 17:27:07.148,0.92188,0.92211,1.00,1.00
2018.02.14 17:27:07.662,0.92189,0.92212,1.00,1.00
2018.02.14 17:27:08.030,0.92189,0.9221,1.00,1.00
2018.02.14 17:27:08.360,0.92186,0.92206,1.00,1.00
2018.02.14 17:27:08.654,0.92184,0.92207,1.00,1.00
2018.02.14 17:27:08.811,0.92188,0.92209,1.00,1.00
2018.02.14 17:27:09.279,0.92184,0.92205,1.00,1.00
2018.02.14 17:27:09.619,0.92186,0.92207,1.00,1.00
2018.02.14 17:27:09.930,0.92188,0.92209,1.00,1.00
2018.02.14 17:27:10.081,0.92189,0.92212,1.00,1.00
2018.02.14 17:27:10.765,0.9219,0.92213,1.00,1.00
2018.02.14 17:27:11.903,0.9219,0.92211,1.00,1.00
2018.02.14 17:27:13.625,0.92188,0.9221,2.25,1.00
2018.02.14 17:27:13.920,0.9219,0.92211,1.00,1.00
2018.02.14 17:27:14.072,0.9219,0.92213,1.00,1.00
2018.02.14 17:27:14.480,0.92188,0.92212,1.00,1.00
2018.02.14 17:27:14.989,0.92189,0.92213,1.00,1.00
2018.02.14 17:27:15.039,0.92189,0.9221,1.00,1.00
2018.02.14 17:27:15.342,0.92183,0.92204,1.00,1.00
2018.02.14 17:27:15.445,0.92185,0.92208,1.00,1.00
2018.02.14 17:27:15.935,0.92184,0.92205,1.00,1.00
2018.02.14 17:27:16.262,0.92186,0.92207,1.00,1.00
2018.02.14 17:27:16.774,0.92185,0.92206,1.00,1.00
2018.02.14 17:27:17.080,0.92183,0.92204,1.00,1.00
2018.02.14 17:27:18.686,0.92183,0.92206,1.00,1.00
2018.02.14 17:27:22.341,0.92185,0.92208,1.00,1.00
2018.02.14 17:27:22.697,0.92184,0.92205,1.00,1.00
2018.02.14 17:27:23.240,0.92181,0.92202,1.50,1.00
2018.02.14 17:27:23.762,0.9218,0.92201,1.00,1.00
2018.02.14 17:27:24.343,0.92181,0.92202,1.00,1.00
2018.02.14 17:27:24.819,0.92176,0.92198,2.25,1.00
2018.02.14 17:27:25.014,0.92177,0.922,1.00,1.00
2018.02.14 17:27:25.065,0.92179,0.922,1.00,1.00
2018.02.14 17:27:25.747,0.92174,0.92197,1.00,1.00
2018.02.14 17:27:26.928,0.92171,0.92194,1.50,1.00
2018.02.14 17:27:27.295,0.9217,0.92191,1.00,1.00
2018.02.14 17:27:28.748,0.92168,0.92191,1.00,1.00
2018.02.14 17:27:29.260,0.9217,0.92193,1.00,1.00
2018.02.14 17:27:29.588,0.92173,0.92196,1.00,1.00
2018.02.14 17:27:30.113,0.92171,0.92193,1.00,1.00
2018.02.14 17:27:30.746,0.92173,0.92194,1.00,1.00
2018.02.14 17:27:31.376,0.92177,0.92198,1.00,1.00
2018.02.14 17:27:31.477,0.92178,0.92201,1.00,1.00
2018.02.14 17:27:31.629,0.92177,0.92198,1.00,1.00
2018.02.14 17:27:33.315,0.92175,0.92196,1.00,1.00
2018.02.14 17:27:36.003,0.92177,0.922,1.00,1.00
2018.02.14 17:27:38.044,0.92176,0.92199,1.00,1.00
2018.02.14 17:27:40.639,0.92176,0.92197,1.00,1.00
2018.02.14 17:27:40.976,0.92177,0.922,1.00,1.00
2018.02.14 17:27:41.396,0.92181,0.92202,1.00,1.00
2018.02.14 17:27:41.448,0.92178,0.92201,1.00,1.00
2018.02.14 17:27:41.701,0.92177,0.92198,1.00,1.00
2018.02.14 17:27:42.076,0.92175,0.92196,1.00,1.00
2018.02.14 17:27:42.903,0.92174,0.92195,1.00,1.00
2018.02.14 17:27:43.292,0.92171,0.92194,1.00,1.00
2018.02.14 17:27:45.887,0.9217,0.92193,1.00,1.00
2018.02.14 17:27:46.439,0.9217,0.92191,1.00,1.00
2018.02.14 17:27:46.490,0.9217,0.92193,1.00,1.00
2018.02.14 17:27:47.657,0.92171,0.92194,1.00,1.00
2018.02.14 17:27:50.212,0.9217,0.92193,1.00,1.00
2018.02.14 17:27:50.890,0.92171,0.92195,1.00,1.00
2018.02.14 17:27:51.624,0.92172,0.92197,1.00,1.00
2018.02.14 17:27:51.675,0.92174,0.92197,1.00,1.00
2018.02.14 17:27:52.192,0.92175,0.92198,1.00,1.00
2018.02.14 17:27:52.957,0.92173,0.92199,1.00,1.00
2018.02.14 17:27:53.872,0.92175,0.92199,1.00,1.00
2018.02.14 17:27:54.154,0.92176,0.92201,1.00,1.00
2018.02.14 17:27:54.205,0.92176,0.92199,1.00,1.00
2018.02.14 17:27:55.185,0.92176,0.92202,1.00,1.00
2018.02.14 17:27:55.235,0.92176,0.922,1.00,1.00
2018.02.14 17:27:56.052,0.92174,0.92199,1.00,1.00
2018.02.14 17:27:56.103,0.92177,0.922,1.00,1.00
2018.02.14 17:27:56.701,0.92175,0.92198,1.00,1.00
2018.02.14 17:27:56.854,0.92176,0.922,1.00,1.00
2018.02.14 17:27:56.956,0.92178,0.92201,1.00,1.00
2018.02.14 17:27:57.007,0.92174,0.92199,1.00,1.00
2018.02.14 17:27:57.058,0.92172,0.92198,1.50,1.00
2018.02.14 17:27:58.500,0.92173,0.92196,1.00,1.00
2018.02.14 17:27:59.169,0.92172,0.92196,1.00,1.00
2018.02.14 17:27:59.472,0.9217,0.92195,1.00,1.00
2018.02.14 17:28:00.116,0.92168,0.92194,1.00,1.00
2018.02.14 17:28:00.458,0.92168,0.92192,1.00,1.00
2018.02.14 17:28:01.325,0.9217,0.92195,1.00,1.00
2018.02.14 17:28:01.376,0.92171,0.92197,1.00,1.00
2018.02.14 17:28:01.716,0.92169,0.92192,2.25,1.00
2018.02.14 17:28:02.262,0.9217,0.92195,1.00,1.00
2018.02.14 17:28:02.414,0.92173,0.92197,1.00,1.00
2018.02.14 17:28:02.839,0.92172,0.92195,1.00,1.00
2018.02.14 17:28:03.411,0.9217,0.92193,1.00,1.00
2018.02.14 17:28:03.512,0.92167,0.92191,1.00,1.00
2018.02.14 17:28:03.563,0.92168,0.92194,1.00,1.00
2018.02.14 17:28:04.121,0.92167,0.92193,1.00,1.00
2018.02.14 17:28:04.172,0.92169,0.92194,1.00,1.00
2018.02.14 17:28:04.975,0.92169,0.92192,1.00,1.00
2018.02.14 17:28:05.527,0.92169,0.92195,1.00,1.00
2018.02.14 17:28:05.629,0.92171,0.92196,1.00,1.00
2018.02.14 17:28:06.025,0.9217,0.92194,1.00,1.00
2018.02.14 17:28:06.336,0.92177,0.92201,1.00,1.00
2018.02.14 17:28:08.030,0.92176,0.922,1.00,1.00
2018.02.14 17:28:09.053,0.92174,0.92199,1.00,1.00
2018.02.14 17:28:09.104,0.92173,0.92197,1.00,1.00
2018.02.14 17:28:10.279,0.92173,0.92199,1.00,1.00
2018.02.14 17:28:10.929,0.92169,0.92195,1.00,1.00
2018.02.14 17:28:11.530,0.92168,0.92194,1.00,1.00
2018.02.14 17:28:12.195,0.92171,0.92196,1.00,1.00
2018.02.14 17:28:12.730,0.92173,0.92196,1.00,1.00
2018.02.14 17:28:14.140,0.92174,0.92197,1.00,1.00
2018.02.14 17:28:15.144,0.9217,0.92194,1.00,1.00
2018.02.14 17:28:15.651,0.92169,0.92193,1.00,1.00
2018.02.14 17:28:16.312,0.92171,0.92195,1.00,1.00
2018.02.14 17:28:16.635,0.92174,0.92197,1.00,1.00
2018.02.14 17:28:17.368,0.92169,0.92193,1.00,1.00
2018.02.14 17:28:17.470,0.92167,0.92191,1.00,1.00
2018.02.14 17:28:18.368,0.92168,0.92192,1.00,1.00
2018.02.14 17:28:18.706,0.92172,0.92195,1.00,1.00
2018.02.14 17:28:18.910,0.92166,0.92192,1.00,1.00
2018.02.14 17:28:20.042,0.92169,0.92193,1.00,1.00
2018.02.14 17:28:20.372,0.92171,0.92194,1.00,1.00
2018.02.14 17:28:20.476,0.92171,0.92196,1.00,1.00
2018.02.14 17:28:21.559,0.9217,0.92195,1.00,1.00
2018.02.14 17:28:22.390,0.92169,0.92193,1.00,1.00
2018.02.14 17:28:22.992,0.92169,0.92192,1.00,1.00
2018.02.14 17:28:23.802,0.92169,0.92193,1.00,1.00
2018.02.14 17:28:24.114,0.92174,0.92197,1.00,1.00
2018.02.14 17:28:24.166,0.92175,0.92199,1.00,1.50
2018.02.14 17:28:24.785,0.92174,0.92198,1.00,1.00
2018.02.14 17:28:25.450,0.92173,0.92197,1.00,1.00
2018.02.14 17:28:26.312,0.92173,0.92199,1.00,1.00
2018.02.14 17:28:26.444,0.92175,0.92199,1.00,1.00
2018.02.14 17:28:27.259,0.92176,0.922,1.00,1.00
2018.02.14 17:28:27.934,0.92175,0.92199,1.00,1.00
2018.02.14 17:28:28.035,0.92176,0.92202,1.00,1.00
2018.02.14 17:28:28.389,0.92178,0.92202,1.00,1.00
2018.02.14 17:28:28.814,0.9218,0.92203,1.00,1.00
2018.02.14 17:28:29.769,0.9218,0.92206,1.00,1.00
2018.02.14 17:28:29.820,0.92179,0.92202,1.00,1.00
2018.02.14 17:28:29.973,0.92176,0.92202,1.00,1.00
2018.02.14 17:28:30.163,0.92177,0.922,1.00,1.00
2018.02.14 17:28:30.662,0.92178,0.92203,1.00,1.00
2018.02.14 17:28:31.680,0.92178,0.92202,1.00,1.00
2018.02.14 17:28:31.781,0.92176,0.92202,1.00,1.00
2018.02.14 17:28:31.881,0.92179,0.92203,1.00,1.00
2018.02.14 17:28:32.363,0.92181,0.92204,1.00,1.00
2018.02.14 17:28:32.489,0.92179,0.92204,1.00,1.00
2018.02.14 17:28:33.353,0.92175,0.922,1.12,1.00
2018.02.14 17:28:33.699,0.92179,0.92202,1.00,1.00
2018.02.14 17:28:34.299,0.92178,0.92201,1.00,1.00
2018.02.14 17:28:34.403,0.92181,0.92205,1.00,1.50
2018.02.14 17:28:34.504,0.9218,0.92203,1.00,1.00
2018.02.14 17:28:34.555,0.92176,0.92202,1.50,1.00
2018.02.14 17:28:35.101,0.92178,0.92202,1.00,1.00
2018.02.14 17:28:36.659,0.92177,0.92201,1.00,1.00
2018.02.14 17:28:36.833,0.92178,0.92203,1.00,1.00
2018.02.14 17:28:38.047,0.92178,0.92204,1.00,1.00
2018.02.14 17:28:39.487,0.92175,0.92201,1.00,1.00
2018.02.14 17:28:39.796,0.92175,0.92198,1.00,1.00
2018.02.14 17:28:40.048,0.92176,0.92202,1.00,1.00
2018.02.14 17:28:40.552,0.92175,0.92201,1.00,1.00
2018.02.14 17:28:41.169,0.92174,0.922,1.00,1.00
2018.02.14 17:28:41.272,0.92175,0.92198,1.00,1.00
2018.02.14 17:28:41.323,0.92172,0.92198,1.00,1.00
2018.02.14 17:28:41.525,0.92174,0.922,1.00,1.00
2018.02.14 17:28:42.028,0.92175,0.922,1.00,1.00
2018.02.14 17:28:42.543,0.92175,0.92198,1.00,1.00
2018.02.14 17:28:43.207,0.92176,0.92199,1.00,1.00
2018.02.14 17:28:43.390,0.92177,0.92201,1.00,1.00
2018.02.14 17:28:43.441,0.92178,0.92203,1.00,1.00
2018.02.14 17:28:43.554,0.92177,0.922,1.00,1.00
2018.02.14 17:28:44.906,0.92177,0.92203,1.00,1.00
2018.02.14 17:28:44.957,0.92176,0.922,1.00,1.00
2018.02.14 17:28:45.007,0.92177,0.92202,1.00,1.00
2018.02.14 17:28:45.058,0.92179,0.92202,1.00,1.00
2018.02.14 17:28:45.109,0.92178,0.92204,1.00,1.00
2018.02.14 17:28:45.686,0.92178,0.92203,1.00,1.00
2018.02.14 17:28:46.083,0.92178,0.92201,1.00,1.00
2018.02.14 17:28:46.227,0.92176,0.92201,1.00,1.00
2018.02.14 17:28:46.328,0.92174,0.922,1.00,1.00
2018.02.14 17:28:46.378,0.92177,0.92201,1.00,1.00
2018.02.14 17:28:46.930,0.92178,0.92202,1.00,1.00
2018.02.14 17:28:47.256,0.92176,0.92201,1.00,1.00
2018.02.14 17:28:49.010,0.92176,0.92202,1.00,1.00
2018.02.14 17:28:49.711,0.92175,0.92201,1.00,1.00
2018.02.14 17:28:50.314,0.92174,0.922,1.00,1.00
2018.02.14 17:28:50.522,0.92176,0.922,1.00,1.00
2018.02.14 17:28:51.065,0.92177,0.92201,1.00,1.00
2018.02.14 17:28:51.408,0.92175,0.92199,1.00,1.00
2018.02.14 17:28:51.513,0.92173,0.92199,1.00,1.00
2018.02.14 17:28:51.614,0.92173,0.92197,1.00,1.00
2018.02.14 17:28:52.185,0.92174,0.92197,1.00,1.00
2018.02.14 17:28:54.451,0.92172,0.92195,1.00,1.00
2018.02.14 17:28:54.501,0.92169,0.92194,1.00,1.00
2018.02.14 17:28:54.603,0.92167,0.92192,1.00,1.00
2018.02.14 17:28:55.209,0.92171,0.92196,1.00,1.00
2018.02.14 17:28:55.715,0.92171,0.92197,1.00,1.00
2018.02.14 17:28:56.149,0.92171,0.92195,1.00,1.00
2018.02.14 17:28:56.420,0.92173,0.92198,1.00,2.25
2018.02.14 17:28:56.471,0.92168,0.92194,2.25,1.00
2018.02.14 17:28:56.522,0.92169,0.92192,1.00,1.00
2018.02.14 17:28:56.826,0.9217,0.92194,1.00,1.00
2018.02.14 17:28:57.821,0.92171,0.92195,1.00,1.00
2018.02.14 17:28:59.130,0.92173,0.92197,1.00,1.00
2018.02.14 17:29:00.771,0.92169,0.92193,1.00,1.00
2018.02.14 17:29:00.823,0.9217,0.92196,1.00,1.00
2018.02.14 17:29:01.152,0.9217,0.92194,1.00,1.00
2018.02.14 17:29:01.455,0.92176,0.922,1.00,1.00
2018.02.14 17:29:01.996,0.92175,0.92199,1.00,1.00
2018.02.14 17:29:02.353,0.92175,0.92201,1.00,1.00
2018.02.14 17:29:02.455,0.9217,0.92193,1.00,1.00
2018.02.14 17:29:02.556,0.92169,0.92195,1.00,1.00
2018.02.14 17:29:03.541,0.92171,0.92195,1.00,1.00
2018.02.14 17:29:03.593,0.92166,0.92192,1.00,1.00
2018.02.14 17:29:05.391,0.92166,0.92191,1.00,1.00
2018.02.14 17:29:05.922,0.92165,0.92191,1.00,1.00
2018.02.14 17:29:06.374,0.92167,0.92193,1.00,1.00
2018.02.14 17:29:09.311,0.92166,0.92191,1.00,1.00
2018.02.14 17:29:10.074,0.92168,0.92192,1.00,1.00
2018.02.14 17:29:11.840,0.92166,0.92191,1.00,1.00
2018.02.14 17:29:11.942,0.92165,0.92189,1.00,1.00
2018.02.14 17:29:12.042,0.92165,0.92191,1.00,1.00
2018.02.14 17:29:12.211,0.92167,0.92191,1.00,1.00
2018.02.14 17:29:12.595,0.92165,0.92191,1.00,1.00
2018.02.14 17:29:13.128,0.92166,0.92192,1.00,1.00
2018.02.14 17:29:14.013,0.92168,0.92192,1.00,1.00
2018.02.14 17:29:14.184,0.92164,0.92189,1.50,1.00
2018.02.14 17:29:14.933,0.92166,0.92192,1.00,1.00
2018.02.14 17:29:17.409,0.92164,0.9219,1.00,1.00
2018.02.14 17:29:17.990,0.92165,0.9219,1.00,1.00
2018.02.14 17:29:18.302,0.92163,0.92189,1.00,1.00
2018.02.14 17:29:18.541,0.92166,0.9219,1.00,1.00
2018.02.14 17:29:20.395,0.92167,0.92191,1.00,1.00
2018.02.14 17:29:20.981,0.92166,0.92189,1.00,1.00
2018.02.14 17:29:21.848,0.92165,0.92191,1.00,1.00
2018.02.14 17:29:23.163,0.92167,0.9219,1.00,1.00
2018.02.14 17:29:24.214,0.92166,0.92189,1.00,1.00
2018.02.14 17:29:24.539,0.92167,0.92192,1.00,1.00
2018.02.14 17:29:24.590,0.92165,0.92191,1.00,1.00
2018.02.14 17:29:24.692,0.92164,0.92188,1.00,1.00
2018.02.14 17:29:25.567,0.92164,0.9219,1.00,1.00
2018.02.14 17:29:25.939,0.92166,0.9219,1.00,1.00
2018.02.14 17:29:28.446,0.92165,0.92189,1.00,1.00
2018.02.14 17:29:30.511,0.92165,0.92191,1.00,1.50
2018.02.14 17:29:32.002,0.92163,0.92187,1.00,1.00
2018.02.14 17:29:32.103,0.92158,0.92183,1.00,1.00
2018.02.14 17:29:32.204,0.92159,0.92185,1.00,1.00
2018.02.14 17:29:33.514,0.92166,0.92189,1.00,1.00
2018.02.14 17:29:33.673,0.92161,0.92185,1.00,1.00
2018.02.14 17:29:33.724,0.92158,0.92185,1.00,1.00
2018.02.14 17:29:34.211,0.92161,0.92185,1.00,1.00
2018.02.14 17:29:36.933,0.92164,0.92188,1.00,1.00
2018.02.14 17:29:37.817,0.92167,0.9219,1.00,1.00
2018.02.14 17:29:37.872,0.92165,0.92191,1.00,1.00
2018.02.14 17:29:37.974,0.92167,0.92191,1.00,1.00
2018.02.14 17:29:38.513,0.92167,0.9219,1.00,1.00
2018.02.14 17:29:38.665,0.92167,0.92192,1.00,1.00
2018.02.14 17:29:39.218,0.92168,0.92193,1.00,1.00
2018.02.14 17:29:39.761,0.92167,0.92191,1.00,1.00
2018.02.14 17:29:40.808,0.92167,0.9219,1.00,1.00
2018.02.14 17:29:42.214,0.92166,0.92189,1.00,1.00
2018.02.14 17:29:42.964,0.92165,0.92191,1.00,1.50
2018.02.14 17:29:43.107,0.92165,0.92188,1.00,1.00
2018.02.14 17:29:43.258,0.9217,0.92194,1.00,1.50
2018.02.14 17:29:43.410,0.9217,0.92196,1.00,1.00
2018.02.14 17:29:43.572,0.92173,0.92196,1.00,1.00
2018.02.14 17:29:44.258,0.92174,0.92197,1.00,1.00
2018.02.14 17:29:45.040,0.92174,0.92198,1.00,1.00
2018.02.14 17:29:45.520,0.92175,0.922,1.00,1.00
2018.02.14 17:29:46.086,0.92172,0.92198,1.00,1.00
2018.02.14 17:29:46.137,0.92173,0.92196,1.00,1.00
2018.02.14 17:29:46.459,0.92173,0.92198,1.00,1.00
2018.02.14 17:29:46.992,0.92172,0.92196,1.00,1.00
2018.02.14 17:29:49.950,0.92173,0.92197,1.00,1.00
2018.02.14 17:29:50.795,0.92173,0.92198,1.00,1.00
2018.02.14 17:29:51.136,0.92171,0.92198,1.00,1.50
2018.02.14 17:29:51.186,0.92169,0.92194,1.00,1.00
2018.02.14 17:29:51.386,0.92167,0.92194,1.00,1.00
2018.02.14 17:29:52.735,0.92168,0.92194,1.00,1.00
2018.02.14 17:29:53.197,0.92168,0.92192,1.00,1.00
2018.02.14 17:29:53.919,0.92167,0.92191,1.00,1.00
2018.02.14 17:29:55.586,0.92163,0.92189,1.00,1.00
2018.02.14 17:29:55.750,0.92165,0.92189,1.00,1.00
2018.02.14 17:29:55.931,0.92163,0.92188,1.00,1.00
2018.02.14 17:29:56.201,0.92162,0.92186,1.00,1.00
2018.02.14 17:29:56.303,0.9216,0.92185,1.00,1.00
2018.02.14 17:29:56.404,0.92159,0.92182,1.00,1.00
2018.02.14 17:29:56.515,0.9216,0.92185,1.00,1.50
2018.02.14 17:29:56.566,0.92164,0.92189,1.00,1.00
2018.02.14 17:29:56.617,0.92162,0.92188,1.00,1.00
2018.02.14 17:29:56.667,0.92161,0.92185,1.00,1.00
2018.02.14 17:29:57.219,0.9216,0.92184,1.00,1.00
2018.02.14 17:29:57.521,0.92162,0.92185,1.00,1.00
2018.02.14 17:29:57.709,0.92163,0.92187,1.00,1.00
2018.02.14 17:29:58.174,0.92158,0.92186,1.00,1.00
2018.02.14 17:29:58.225,0.92159,0.92183,1.00,1.00
2018.02.14 17:29:58.528,0.92161,0.92185,1.00,1.00
2018.02.14 17:29:58.794,0.92165,0.9219,1.00,1.00
2018.02.14 17:29:59.163,0.92167,0.9219,1.00,1.00
2018.02.14 17:29:59.264,0.92162,0.9219,1.00,1.00
2018.02.14 17:29:59.316,0.92163,0.92188,1.00,1.00
2018.02.14 17:29:59.367,0.9216,0.92188,1.00,1.00
2018.02.14 17:29:59.418,0.92161,0.92186,1.00,1.00
2018.02.14 17:29:59.762,0.92158,0.92181,1.00,1.00
2018.02.14 17:30:00.172,0.9216,0.92184,1.00,1.00
2018.02.14 17:30:00.400,0.92163,0.92187,1.00,1.00
2018.02.14 17:30:00.604,0.92165,0.9219,1.00,1.00
2018.02.14 17:30:00.848,0.92167,0.92191,1.00,1.00
2018.02.14 17:30:01.153,0.92171,0.92196,1.00,1.00
2018.02.14 17:30:01.347,0.92173,0.92199,1.00,1.00
2018.02.14 17:30:01.451,0.9217,0.92197,1.00,1.00
2018.02.14 17:30:01.552,0.92168,0.92196,1.00,1.00
2018.02.14 17:30:01.603,0.92174,0.92197,1.00,2.25
2018.02.14 17:30:01.755,0.92172,0.92197,1.00,1.00
2018.02.14 17:30:01.805,0.92171,0.92195,1.00,1.00
2018.02.14 17:30:01.926,0.92172,0.92198,1.00,1.00
2018.02.14 17:30:02.276,0.92175,0.922,1.00,1.00
2018.02.14 17:30:02.377,0.92176,0.92202,1.00,1.00
2018.02.14 17:30:02.595,0.92176,0.922,1.00,1.00
2018.02.14 17:30:02.646,0.92174,0.922,1.00,1.00
2018.02.14 17:30:03.171,0.92173,0.92198,1.00,1.00
2018.02.14 17:30:03.376,0.9217,0.92196,1.00,1.00
2018.02.14 17:30:03.427,0.92172,0.92198,1.00,1.00
2018.02.14 17:30:03.741,0.92174,0.92197,1.00,1.00
2018.02.14 17:30:04.251,0.92172,0.92198,1.00,1.00
2018.02.14 17:30:04.354,0.92172,0.92196,1.00,1.00
2018.02.14 17:30:04.874,0.92177,0.922,1.00,1.00
2018.02.14 17:30:04.975,0.9218,0.92204,1.00,1.00
2018.02.14 17:30:05.160,0.92177,0.92204,1.00,1.00
2018.02.14 17:30:05.211,0.92176,0.92202,1.00,1.00
2018.02.14 17:30:05.534,0.92174,0.92202,1.00,1.00
2018.02.14 17:30:05.997,0.92176,0.92202,1.00,1.00
2018.02.14 17:30:06.347,0.92173,0.92197,1.00,1.00
2018.02.14 17:30:06.972,0.92173,0.92198,1.00,1.00
2018.02.14 17:30:07.073,0.92173,0.922,1.00,1.00
2018.02.14 17:30:07.729,0.92174,0.92198,1.00,1.00
2018.02.14 17:30:07.780,0.92172,0.92199,1.00,1.00
2018.02.14 17:30:08.080,0.92174,0.92197,1.00,1.00
2018.02.14 17:30:08.289,0.92175,0.92201,1.00,1.00
2018.02.14 17:30:08.339,0.92178,0.92202,1.00,1.50
2018.02.14 17:30:08.491,0.92173,0.92201,1.50,1.00
2018.02.14 17:30:08.592,0.92171,0.92195,1.00,1.00
2018.02.14 17:30:08.643,0.92173,0.92199,1.00,1.00
2018.02.14 17:30:08.748,0.92175,0.92199,1.00,1.00
2018.02.14 17:30:08.850,0.92178,0.92203,1.00,2.25
2018.02.14 17:30:08.901,0.92177,0.92201,1.00,1.00
2018.02.14 17:30:09.119,0.92171,0.92196,2.25,1.00
2018.02.14 17:30:10.294,0.92173,0.92199,1.00,1.00
2018.02.14 17:30:10.637,0.92175,0.922,1.00,1.00
2018.02.14 17:30:10.948,0.92172,0.92196,1.00,1.00
2018.02.14 17:30:11.306,0.92174,0.92199,1.00,1.00
2018.02.14 17:30:11.357,0.92175,0.92201,1.00,1.00
2018.02.14 17:30:11.653,0.92173,0.92197,1.00,1.00
2018.02.14 17:30:11.704,0.92171,0.92197,1.00,1.00
2018.02.14 17:30:12.161,0.92174,0.92198,1.00,1.00
2018.02.14 17:30:13.689,0.92171,0.92196,1.50,1.00
2018.02.14 17:30:15.100,0.92172,0.92197,1.00,1.00
2018.02.14 17:30:15.602,0.92172,0.92196,1.00,1.00
2018.02.14 17:30:16.600,0.92173,0.92196,1.00,1.00
2018.02.14 17:30:17.774,0.92173,0.92197,1.00,1.00
2018.02.14 17:30:18.036,0.92174,0.92199,1.00,1.00
2018.02.14 17:30:19.723,0.92173,0.92199,1.00,1.00
2018.02.14 17:30:19.832,0.92175,0.92199,1.00,1.00
2018.02.14 17:30:20.810,0.92172,0.92196,1.00,1.00
2018.02.14 17:30:22.150,0.92171,0.92195,1.00,1.00
2018.02.14 17:30:22.543,0.92173,0.92196,1.00,1.00
2018.02.14 17:30:23.257,0.92173,0.92197,1.00,1.00
2018.02.14 17:30:24.611,0.92174,0.92198,1.00,1.00
2018.02.14 17:30:25.382,0.92175,0.92199,1.00,1.00
2018.02.14 17:30:26.250,0.92176,0.92199,1.00,1.00
2018.02.14 17:30:26.807,0.92175,0.92199,1.00,1.00
2018.02.14 17:30:27.293,0.92171,0.92195,1.00,1.00
2018.02.14 17:30:28.636,0.92173,0.92197,1.00,1.00
2018.02.14 17:30:28.687,0.92175,0.922,1.00,2.25
2018.02.14 17:30:28.738,0.92174,0.92198,1.00,1.00
2018.02.14 17:30:30.184,0.92175,0.92198,1.00,1.00
2018.02.14 17:30:30.336,0.92174,0.922,1.00,1.00
2018.02.14 17:30:31.484,0.92175,0.922,1.00,1.00
2018.02.14 17:30:32.414,0.92177,0.92201,1.00,1.00
2018.02.14 17:30:32.516,0.92178,0.92203,1.00,1.00
2018.02.14 17:30:33.495,0.92176,0.92202,1.00,1.00
2018.02.14 17:30:33.670,0.92178,0.92203,1.00,1.00
2018.02.14 17:30:37.786,0.92178,0.92204,1.00,1.00
2018.02.14 17:30:38.287,0.92178,0.92203,1.00,1.00
2018.02.14 17:30:38.852,0.92179,0.92203,1.00,1.00
2018.02.14 17:30:39.053,0.92175,0.92201,1.00,1.00
2018.02.14 17:30:39.327,0.92172,0.92198,1.00,1.00
2018.02.14 17:30:41.168,0.92173,0.92197,1.00,1.00
2018.02.14 17:30:41.974,0.92173,0.92196,1.00,1.00
2018.02.14 17:30:42.591,0.9217,0.92196,1.00,1.00
2018.02.14 17:30:44.306,0.9217,0.92197,1.00,1.00
2018.02.14 17:30:44.357,0.9217,0.92194,1.00,1.00
2018.02.14 17:30:45.160,0.92171,0.92194,1.00,1.00
2018.02.14 17:30:45.711,0.92171,0.92195,1.00,1.00
2018.02.14 17:30:49.010,0.92174,0.92198,1.00,1.00
2018.02.14 17:30:50.387,0.92172,0.92196,1.00,1.00
2018.02.14 17:30:51.118,0.92168,0.92194,1.00,1.00
2018.02.14 17:30:51.424,0.9217,0.92195,1.00,1.00
2018.02.14 17:30:52.340,0.9217,0.92194,1.00,1.00
2018.02.14 17:30:54.654,0.92171,0.92196,1.00,1.00
2018.02.14 17:30:55.596,0.9217,0.92196,1.00,1.00
2018.02.14 17:30:56.773,0.9217,0.92194,1.00,1.00
2018.02.14 17:30:57.212,0.92175,0.92199,1.00,1.00
2018.02.14 17:30:58.063,0.92174,0.92198,1.00,1.00
2018.02.14 17:30:58.792,0.92172,0.92197,1.50,1.00
2018.02.14 17:30:58.893,0.9217,0.92197,1.00,1.00
2018.02.14 17:30:59.580,0.92169,0.92193,1.50,1.00
2018.02.14 17:31:01.204,0.92168,0.92192,1.00,1.00
2018.02.14 17:31:02.312,0.92168,0.92194,1.00,1.00
2018.02.14 17:31:04.478,0.92169,0.92194,1.00,1.00
2018.02.14 17:31:07.583,0.9217,0.92194,1.00,1.00
2018.02.14 17:31:08.347,0.9217,0.92196,1.00,1.00
2018.02.14 17:31:13.708,0.92168,0.92194,1.00,1.00
2018.02.14 17:31:15.096,0.92169,0.92195,1.00,1.00
2018.02.14 17:31:16.004,0.9217,0.92194,1.00,1.00
2018.02.14 17:31:19.176,0.92169,0.92195,1.00,1.00
2018.02.14 17:31:19.480,0.92168,0.92193,1.00,1.00
2018.02.14 17:31:21.213,0.92169,0.92195,1.00,1.00
2018.02.14 17:31:21.637,0.92171,0.92195,1.00,1.00
2018.02.14 17:31:22.165,0.92174,0.92197,1.00,1.00
2018.02.14 17:31:22.317,0.92175,0.92199,1.00,1.00
2018.02.14 17:31:22.368,0.92177,0.92201,1.00,1.00
2018.02.14 17:31:23.396,0.92177,0.92202,1.00,1.00
2018.02.14 17:31:23.925,0.92175,0.922,1.00,1.00
2018.02.14 17:31:24.835,0.92175,0.92201,1.00,1.00
2018.02.14 17:31:25.224,0.92177,0.92203,1.00,1.00
2018.02.14 17:31:26.276,0.92176,0.92201,1.00,1.00
2018.02.14 17:31:26.926,0.92178,0.92201,1.00,1.00
2018.02.14 17:31:27.244,0.92179,0.92203,1.00,1.00
2018.02.14 17:31:28.009,0.9218,0.92206,1.00,1.50
2018.02.14 17:31:28.112,0.92179,0.92202,1.00,1.00
2018.02.14 17:31:28.801,0.92178,0.92204,1.00,1.00
2018.02.14 17:31:29.054,0.9218,0.92203,1.00,1.00
2018.02.14 17:31:29.592,0.92181,0.92204,1.00,1.00
2018.02.14 17:31:30.312,0.92182,0.92205,1.00,1.00
2018.02.14 17:31:30.881,0.92181,0.92204,1.00,1.00
2018.02.14 17:31:31.786,0.92182,0.92206,1.00,1.00
2018.02.14 17:31:34.164,0.92182,0.92208,1.00,1.00
2018.02.14 17:31:34.639,0.92181,0.92205,1.00,1.00
2018.02.14 17:31:35.636,0.92179,0.92205,1.00,1.00
2018.02.14 17:31:35.694,0.9218,0.92203,1.00,1.00
2018.02.14 17:31:36.136,0.92177,0.92201,1.00,1.00
2018.02.14 17:31:36.377,0.92179,0.92203,1.00,1.00
2018.02.14 17:31:37.276,0.9218,0.92204,1.00,1.00
2018.02.14 17:31:38.396,0.92178,0.92202,1.00,1.00
2018.02.14 17:31:42.153,0.92179,0.92203,1.00,1.00
2018.02.14 17:31:43.196,0.92179,0.92204,1.00,1.00
2018.02.14 17:31:43.829,0.92178,0.92202,1.00,1.00
2018.02.14 17:31:44.365,0.92178,0.92203,1.00,1.00
2018.02.14 17:31:44.872,0.9218,0.92204,1.00,1.00
2018.02.14 17:31:45.138,0.92178,0.92203,1.00,1.00
2018.02.14 17:31:52.953,0.92178,0.92202,1.00,1.00
2018.02.14 17:31:54.631,0.92178,0.92204,1.00,1.00
2018.02.14 17:32:05.703,0.92178,0.92201,1.00,1.00
2018.02.14 17:32:09.343,0.92177,0.92198,1.00,1.00
2018.02.14 17:32:09.546,0.92172,0.92194,1.00,1.00
2018.02.14 17:32:13.621,0.92173,0.92196,1.00,1.00
2018.02.14 17:32:15.892,0.92173,0.92194,1.00,1.00
2018.02.14 17:32:16.078,0.9217,0.92193,1.00,1.00
2018.02.14 17:32:16.273,0.92173,0.92194,1.00,1.00
2018.02.14 17:32:23.164,0.92176,0.92197,1.00,1.00
2018.02.14 17:32:23.667,0.92177,0.92198,1.00,1.00
2018.02.14 17:32:24.981,0.92178,0.92199,1.00,1.00
2018.02.14 17:32:30.415,0.92176,0.92199,1.00,1.00
2018.02.14 17:32:30.468,0.92176,0.92197,1.00,1.00
2018.02.14 17:32:30.886,0.92176,0.92199,1.00,1.00
2018.02.14 17:32:32.426,0.92177,0.922,1.00,1.00
2018.02.14 17:32:32.478,0.92179,0.922,1.00,1.00
2018.02.14 17:32:32.680,0.9218,0.92203,1.00,1.00
2018.02.14 17:32:33.892,0.92182,0.92205,1.00,1.00
2018.02.14 17:32:34.226,0.92185,0.92206,1.00,1.00
2018.02.14 17:32:34.855,0.92183,0.92206,1.00,1.00
2018.02.14 17:32:35.643,0.9218,0.92203,1.00,1.00
2018.02.14 17:32:36.030,0.92182,0.92203,1.00,1.00
2018.02.14 17:32:36.438,0.92177,0.922,1.00,1.00
2018.02.14 17:32:37.168,0.92178,0.92199,1.00,1.00
2018.02.14 17:32:38.166,0.92177,0.92198,1.00,1.00
2018.02.14 17:32:39.428,0.9218,0.92203,1.00,1.00
2018.02.14 17:32:39.509,0.92182,0.92203,1.00,1.00
2018.02.14 17:32:41.490,0.92181,0.92202,1.00,1.00
2018.02.14 17:32:43.241,0.92177,0.92198,1.00,1.00
2018.02.14 17:32:45.450,0.92175,0.92198,1.00,1.00
2018.02.14 17:32:46.015,0.92174,0.92197,1.00,1.00
2018.02.14 17:32:47.642,0.92175,0.92198,1.00,1.00
2018.02.14 17:32:48.161,0.92174,0.92197,1.00,1.00
2018.02.14 17:32:48.358,0.92171,0.92194,1.00,1.00
2018.02.14 17:32:48.839,0.92171,0.92192,1.00,1.00
2018.02.14 17:32:49.505,0.9217,0.92191,1.00,1.00
2018.02.14 17:32:50.633,0.92172,0.92194,1.00,1.00
2018.02.14 17:32:50.684,0.92174,0.92195,1.00,1.00
2018.02.14 17:32:51.306,0.92176,0.92197,1.00,1.00
2018.02.14 17:32:51.407,0.92176,0.92199,1.00,1.00
2018.02.14 17:32:51.790,0.92178,0.92199,1.00,1.00
2018.02.14 17:32:53.607,0.92176,0.92199,1.00,1.00
2018.02.14 17:32:53.786,0.92176,0.92197,1.00,1.00
2018.02.14 17:32:53.952,0.92174,0.92197,1.00,1.00
2018.02.14 17:32:58.362,0.92175,0.92198,1.00,1.00
2018.02.14 17:32:58.715,0.92175,0.92196,1.00,1.00
2018.02.14 17:32:59.095,0.92177,0.92198,1.00,1.00
2018.02.14 17:32:59.258,0.92178,0.92201,1.00,1.00
2018.02.14 17:32:59.764,0.9218,0.92201,1.00,1.00
2018.02.14 17:32:59.815,0.9218,0.92203,1.00,1.00
2018.02.14 17:33:00.363,0.92181,0.92202,1.00,1.00
2018.02.14 17:33:00.814,0.92178,0.92199,1.00,1.00
2018.02.14 17:33:01.281,0.9218,0.92201,1.00,1.00
2018.02.14 17:33:02.116,0.92178,0.92201,1.00,1.00
2018.02.14 17:33:02.714,0.92177,0.922,1.00,1.00
2018.02.14 17:33:05.274,0.92178,0.922,1.00,1.00
2018.02.14 17:33:06.376,0.9218,0.92201,1.00,1.00
2018.02.14 17:33:06.884,0.92181,0.92204,1.00,1.00
2018.02.14 17:33:06.936,0.92181,0.92202,1.00,1.00
2018.02.14 17:33:07.346,0.92179,0.922,1.00,1.00
2018.02.14 17:33:08.086,0.92178,0.92199,1.00,1.00
2018.02.14 17:33:10.092,0.92178,0.922,1.00,1.00
2018.02.14 17:33:10.451,0.92179,0.92202,1.00,1.00
2018.02.14 17:33:12.229,0.92179,0.922,1.00,1.00
2018.02.14 17:33:12.280,0.92176,0.92199,1.00,1.00
2018.02.14 17:33:14.045,0.92175,0.92198,1.00,1.00
2018.02.14 17:33:14.096,0.92177,0.92198,1.00,1.00
2018.02.14 17:33:14.399,0.92179,0.922,1.00,1.00
2018.02.14 17:33:15.510,0.92178,0.92199,1.00,1.00
2018.02.14 17:33:16.010,0.92177,0.92201,1.00,1.00
2018.02.14 17:33:17.764,0.92178,0.92199,1.00,1.00
2018.02.14 17:33:18.712,0.92179,0.922,1.00,1.00
2018.02.14 17:33:19.489,0.92178,0.92199,1.00,1.00
2018.02.14 17:33:23.617,0.92176,0.92199,1.00,1.00
2018.02.14 17:33:24.993,0.92177,0.922,1.00,1.00
2018.02.14 17:33:25.044,0.92184,0.92204,1.00,1.50
2018.02.14 17:33:25.195,0.92186,0.92209,1.00,1.00
2018.02.14 17:33:35.369,0.92185,0.92206,1.00,1.00
2018.02.14 17:33:36.592,0.92183,0.92206,1.00,1.00
2018.02.14 17:33:36.889,0.92181,0.92204,1.00,1.00
2018.02.14 17:33:37.513,0.92177,0.92198,1.00,1.00
2018.02.14 17:33:37.960,0.92178,0.92201,1.00,1.00
2018.02.14 17:33:38.064,0.9218,0.92201,1.00,1.00
2018.02.14 17:33:38.165,0.9218,0.92203,1.00,1.00
2018.02.14 17:33:38.781,0.92181,0.92204,1.00,1.00
2018.02.14 17:33:39.583,0.92176,0.92198,1.50,1.00
2018.02.14 17:33:40.150,0.92176,0.92199,1.00,1.00
2018.02.14 17:33:40.564,0.92179,0.92202,1.00,1.00
2018.02.14 17:33:41.241,0.92178,0.92201,1.00,1.00
2018.02.14 17:33:42.476,0.92179,0.922,1.00,1.00
2018.02.14 17:33:42.804,0.92177,0.92198,1.00,1.00
2018.02.14 17:33:42.919,0.92178,0.92201,1.00,1.00
2018.02.14 17:33:43.766,0.9218,0.92202,1.00,1.00
2018.02.14 17:33:44.418,0.92182,0.92203,1.00,1.00
2018.02.14 17:33:49.971,0.92188,0.92209,1.00,1.00
2018.02.14 17:33:50.080,0.92192,0.92215,1.00,1.00
2018.02.14 17:33:50.283,0.92188,0.92211,1.00,1.00
2018.02.14 17:33:51.076,0.92187,0.92208,1.00,1.00
2018.02.14 17:33:52.418,0.92188,0.92209,1.00,1.00
2018.02.14 17:33:54.181,0.92187,0.92208,1.00,1.00
2018.02.14 17:33:55.541,0.92181,0.92204,1.50,1.00
2018.02.14 17:33:55.592,0.92186,0.92207,1.00,1.00
2018.02.14 17:33:56.430,0.92182,0.92203,1.00,1.00
2018.02.14 17:33:57.127,0.92181,0.92202,1.00,1.00
2018.02.14 17:34:00.550,0.92181,0.92204,1.00,1.00
2018.02.14 17:34:01.081,0.92181,0.92202,1.00,1.00
2018.02.14 17:34:01.304,0.92185,0.92208,1.00,1.00
2018.02.14 17:34:01.357,0.92181,0.92202,1.00,1.00
2018.02.14 17:34:01.408,0.92183,0.92206,1.00,1.00
2018.02.14 17:34:01.884,0.92187,0.92208,1.00,1.00
2018.02.14 17:34:01.937,0.92181,0.92203,1.00,1.00
2018.02.14 17:34:02.732,0.9218,0.92203,1.00,1.00
2018.02.14 17:34:03.259,0.92182,0.92205,1.00,1.00
2018.02.14 17:34:03.695,0.9218,0.92201,1.00,1.00
2018.02.14 17:34:04.513,0.92182,0.92205,1.00,1.00
2018.02.14 17:34:04.726,0.9218,0.92203,1.00,1.00
2018.02.14 17:34:08.433,0.92183,0.92204,1.00,1.00
2018.02.14 17:34:08.692,0.92185,0.92208,1.00,1.00
2018.02.14 17:34:08.743,0.92187,0.9221,1.00,1.00
2018.02.14 17:34:10.695,0.92186,0.92207,1.00,1.00
2018.02.14 17:34:12.095,0.92183,0.92204,1.00,1.00
2018.02.14 17:34:12.349,0.92184,0.92207,1.00,1.00
2018.02.14 17:34:12.552,0.92186,0.92209,1.00,1.00
2018.02.14 17:34:13.360,0.92187,0.92208,1.00,1.00
2018.02.14 17:34:13.461,0.92188,0.92211,1.00,1.00
2018.02.14 17:34:13.777,0.92191,0.92212,1.00,1.00
2018.02.14 17:34:14.450,0.9219,0.92211,1.00,1.00
2018.02.14 17:34:14.935,0.92192,0.92213,1.00,1.00
2018.02.14 17:34:14.985,0.9219,0.92213,1.00,1.00
2018.02.14 17:34:15.707,0.9219,0.92211,1.00,1.00
2018.02.14 17:34:16.115,0.92191,0.92214,1.00,1.00
2018.02.14 17:34:17.863,0.92199,0.9222,1.00,1.00
2018.02.14 17:34:18.288,0.92202,0.92223,1.00,1.00
2018.02.14 17:34:21.071,0.92204,0.92225,1.00,1.00
2018.02.14 17:34:21.810,0.92202,0.92225,1.00,1.00
2018.02.14 17:34:22.087,0.92204,0.92225,1.00,1.00
2018.02.14 17:34:22.808,0.92203,0.92224,1.00,1.00
2018.02.14 17:34:23.395,0.92201,0.92223,1.00,1.00
2018.02.14 17:34:23.773,0.92204,0.92226,1.00,1.00
2018.02.14 17:34:27.030,0.92201,0.92222,1.00,1.00
2018.02.14 17:34:27.153,0.92199,0.92222,1.00,1.00
2018.02.14 17:34:27.950,0.92198,0.92219,1.00,1.00
2018.02.14 17:34:28.921,0.92201,0.92222,1.00,1.00
2018.02.14 17:34:28.972,0.92198,0.92221,1.00,1.00
2018.02.14 17:34:29.023,0.922,0.92221,1.00,1.00
2018.02.14 17:34:29.127,0.922,0.92223,1.00,1.00
2018.02.14 17:34:29.667,0.92201,0.92222,1.00,1.00
2018.02.14 17:34:30.165,0.92198,0.92219,1.00,1.00
2018.02.14 17:34:30.524,0.92198,0.92221,1.00,1.00
2018.02.14 17:34:30.576,0.922,0.92223,1.00,1.00
2018.02.14 17:34:33.054,0.92199,0.92222,1.00,1.00
2018.02.14 17:34:34.621,0.92201,0.92222,1.00,1.00
2018.02.14 17:34:37.696,0.922,0.92221,1.00,1.00
2018.02.14 17:34:37.747,0.92201,0.92223,1.00,1.00
2018.02.14 17:34:37.798,0.92202,0.92225,1.00,1.00
2018.02.14 17:34:39.800,0.922,0.92224,1.00,1.00
2018.02.14 17:34:40.172,0.92203,0.92224,1.00,1.00
2018.02.14 17:34:40.700,0.92202,0.92223,1.00,1.00
2018.02.14 17:34:42.228,0.92203,0.92226,1.00,1.00
2018.02.14 17:34:43.595,0.92202,0.92223,1.00,1.00
2018.02.14 17:34:44.413,0.92202,0.92225,1.00,1.00
2018.02.14 17:34:47.839,0.92201,0.92224,1.00,1.00
2018.02.14 17:34:49.186,0.92203,0.92224,1.00,1.00
2018.02.14 17:34:49.238,0.92204,0.92227,1.00,1.00
2018.02.14 17:34:50.161,0.92203,0.92226,1.00,1.00
2018.02.14 17:34:50.300,0.92202,0.92223,1.00,1.00
2018.02.14 17:34:52.199,0.92201,0.92223,1.00,1.00
2018.02.14 17:34:52.503,0.92203,0.92224,1.00,1.00
2018.02.14 17:34:52.814,0.92196,0.92219,1.50,1.00
2018.02.14 17:34:54.506,0.92198,0.92222,1.00,1.00
2018.02.14 17:34:55.706,0.92196,0.92217,1.00,1.00
2018.02.14 17:34:55.909,0.92196,0.92219,1.00,1.00
2018.02.14 17:34:55.960,0.92198,0.92219,1.00,1.00
2018.02.14 17:34:57.575,0.92197,0.92218,1.00,1.00
2018.02.14 17:34:58.088,0.92196,0.92217,1.00,1.00
2018.02.14 17:34:58.674,0.92197,0.92218,1.00,1.00
2018.02.14 17:35:00.720,0.92197,0.9222,1.00,1.00
2018.02.14 17:35:00.954,0.92195,0.92218,1.00,1.00
2018.02.14 17:35:01.839,0.92197,0.92218,1.00,1.00
2018.02.14 17:35:13.486,0.92196,0.92217,1.00,1.00
2018.02.14 17:35:14.066,0.92198,0.92219,1.00,1.00
2018.02.14 17:35:16.201,0.92197,0.92219,1.00,1.00
2018.02.14 17:35:16.908,0.92198,0.92221,1.00,1.00
2018.02.14 17:35:17.645,0.922,0.92221,1.00,1.00
2018.02.14 17:35:18.147,0.92198,0.92221,1.00,1.00
2018.02.14 17:35:20.856,0.922,0.92221,1.00,1.00
2018.02.14 17:35:22.441,0.92198,0.92221,1.00,1.00
2018.02.14 17:35:23.857,0.92198,0.92219,1.00,1.00
2018.02.14 17:35:24.365,0.92199,0.9222,1.00,1.00
2018.02.14 17:35:26.290,0.922,0.92221,1.00,1.00
2018.02.14 17:35:27.110,0.92198,0.9222,1.00,1.00
2018.02.14 17:35:27.482,0.92196,0.92219,1.00,1.12
2018.02.14 17:35:27.686,0.92196,0.92217,1.00,1.00
2018.02.14 17:35:28.262,0.92197,0.92218,1.00,1.00
2018.02.14 17:35:29.262,0.92196,0.92217,1.00,1.00
2018.02.14 17:35:30.204,0.92191,0.92214,1.00,1.00
2018.02.14 17:35:30.998,0.92192,0.92214,1.00,1.00
2018.02.14 17:35:31.685,0.92192,0.92213,1.00,1.00
2018.02.14 17:35:34.620,0.92191,0.92212,1.00,1.00
2018.02.14 17:35:34.679,0.92189,0.92212,1.00,1.00
2018.02.14 17:35:34.935,0.92188,0.92209,1.00,1.00
2018.02.14 17:35:34.986,0.92186,0.92209,1.00,1.00
2018.02.14 17:35:36.192,0.92188,0.92209,1.00,1.00
2018.02.14 17:35:36.669,0.92188,0.92211,1.00,1.00
2018.02.14 17:35:37.620,0.92187,0.92208,1.00,1.00
2018.02.14 17:35:38.127,0.92188,0.92209,1.00,1.00
2018.02.14 17:35:38.530,0.92189,0.92212,1.00,1.00
2018.02.14 17:35:38.632,0.92191,0.92212,1.00,1.00
2018.02.14 17:35:39.167,0.92193,0.92214,1.00,1.00
2018.02.14 17:35:39.506,0.92188,0.92211,1.00,1.00
2018.02.14 17:35:39.608,0.92192,0.92215,1.00,1.00
2018.02.14 17:35:39.951,0.9219,0.92213,1.00,1.00
2018.02.14 17:35:40.255,0.92186,0.92209,1.00,1.00
2018.02.14 17:35:40.820,0.92185,0.92208,1.00,1.00
2018.02.14 17:35:41.171,0.92187,0.92208,1.00,1.00
2018.02.14 17:35:42.333,0.92189,0.9221,1.00,1.00
2018.02.14 17:35:42.918,0.92185,0.92209,1.00,1.00
2018.02.14 17:35:43.422,0.92185,0.92208,1.00,1.00
2018.02.14 17:35:44.732,0.92185,0.92206,1.00,1.00
2018.02.14 17:35:45.326,0.92186,0.92207,1.00,1.00
2018.02.14 17:35:45.775,0.92184,0.92207,1.00,1.00
2018.02.14 17:35:46.408,0.92186,0.92209,1.00,1.00
2018.02.14 17:35:46.712,0.92183,0.92204,1.00,1.00
2018.02.14 17:35:47.016,0.92185,0.92206,1.00,1.00
2018.02.14 17:35:47.599,0.92184,0.92205,1.00,1.00
2018.02.14 17:35:48.328,0.92185,0.92206,1.00,1.00
2018.02.14 17:35:48.786,0.92185,0.92208,1.00,1.00
2018.02.14 17:35:48.837,0.92185,0.92206,1.00,1.00
2018.02.14 17:35:49.418,0.92185,0.92207,1.00,1.00
2018.02.14 17:35:49.469,0.92183,0.92207,1.00,1.00
2018.02.14 17:35:52.998,0.92185,0.92206,1.00,1.00
2018.02.14 17:35:53.967,0.92186,0.92207,1.00,1.00
2018.02.14 17:35:54.215,0.92184,0.92207,1.00,1.00
2018.02.14 17:35:54.730,0.92185,0.92208,1.00,1.00
2018.02.14 17:35:59.666,0.92184,0.92205,1.00,1.00
2018.02.14 17:36:00.194,0.92183,0.92204,1.00,1.00
2018.02.14 17:36:00.790,0.92184,0.92205,1.00,1.00
2018.02.14 17:36:02.012,0.92184,0.92206,1.00,1.00
2018.02.14 17:36:02.607,0.92183,0.92206,1.00,1.00
2018.02.14 17:36:07.409,0.9218,0.92203,1.00,1.00
2018.02.14 17:36:07.718,0.92185,0.92206,1.00,1.00
2018.02.14 17:36:08.405,0.92183,0.92206,1.00,1.00
2018.02.14 17:36:08.947,0.92184,0.92207,1.00,1.00
2018.02.14 17:36:09.598,0.92185,0.92208,1.00,1.00
2018.02.14 17:36:09.650,0.92184,0.92205,1.00,1.00
2018.02.14 17:36:10.088,0.92184,0.92207,1.00,1.00
2018.02.14 17:36:10.640,0.92185,0.92208,1.00,1.00
2018.02.14 17:36:11.094,0.92185,0.92206,1.00,1.00
2018.02.14 17:36:11.575,0.92186,0.92209,1.00,1.00
2018.02.14 17:36:13.019,0.92184,0.92208,1.00,1.00
2018.02.14 17:36:14.713,0.92184,0.92205,1.00,1.00
2018.02.14 17:36:15.252,0.92183,0.92204,1.00,1.00
2018.02.14 17:36:15.789,0.92184,0.92205,1.00,1.00
2018.02.14 17:36:17.911,0.92185,0.92206,1.00,1.00
2018.02.14 17:36:18.828,0.92186,0.92207,1.00,1.00
2018.02.14 17:36:19.353,0.92187,0.92208,1.00,1.00
2018.02.14 17:36:19.925,0.92188,0.92209,1.00,1.00
2018.02.14 17:36:20.637,0.92189,0.9221,1.00,1.00
2018.02.14 17:36:21.264,0.92188,0.92209,1.00,1.00
2018.02.14 17:36:23.978,0.92188,0.9221,1.00,1.00
2018.02.14 17:36:24.454,0.92187,0.92208,1.00,1.00
2018.02.14 17:36:24.959,0.92188,0.92209,1.00,1.00
2018.02.14 17:36:28.705,0.92187,0.92208,1.00,1.00
2018.02.14 17:36:30.850,0.92188,0.92209,1.00,1.00
2018.02.14 17:36:31.351,0.92186,0.92209,1.00,1.00
2018.02.14 17:36:33.000,0.92188,0.92209,1.00,1.00
2018.02.14 17:36:36.264,0.92184,0.92205,1.00,1.00
2018.02.14 17:36:36.934,0.92184,0.92207,1.00,1.00
2018.02.14 17:36:37.995,0.92183,0.92206,1.00,1.00
2018.02.14 17:36:38.570,0.92184,0.92205,1.00,1.00
2018.02.14 17:36:39.323,0.92183,0.92205,1.00,1.00
2018.02.14 17:36:39.668,0.92176,0.92197,1.00,1.00
2018.02.14 17:36:39.719,0.92176,0.92199,1.00,1.00
2018.02.14 17:36:39.820,0.92178,0.92201,1.00,1.00
2018.02.14 17:36:46.249,0.92177,0.92198,1.00,1.00
2018.02.14 17:36:47.426,0.92179,0.922,1.00,1.00
2018.02.14 17:36:47.764,0.92179,0.92202,1.00,1.00
2018.02.14 17:36:53.536,0.92179,0.922,1.00,1.00
2018.02.14 17:36:54.037,0.92178,0.92199,1.00,1.00
2018.02.14 17:36:57.153,0.92177,0.92198,1.00,1.00
2018.02.14 17:36:59.207,0.92179,0.922,1.00,1.00
2018.02.14 17:37:02.232,0.92181,0.92205,1.00,1.00
2018.02.14 17:37:02.283,0.92183,0.92204,1.00,1.00
2018.02.14 17:37:04.038,0.92181,0.92202,1.00,1.00
2018.02.14 17:37:04.298,0.92179,0.92202,1.00,1.00
2018.02.14 17:37:04.463,0.92179,0.922,1.00,1.00
2018.02.14 17:37:05.095,0.92181,0.92202,1.00,1.00
2018.02.14 17:37:07.743,0.92184,0.92205,1.00,1.00
2018.02.14 17:37:08.640,0.92183,0.92207,1.00,1.00
2018.02.14 17:37:09.150,0.92183,0.92206,1.00,1.00
2018.02.14 17:37:09.693,0.92182,0.92205,1.00,1.00
2018.02.14 17:37:11.418,0.92182,0.92206,1.00,1.00
2018.02.14 17:37:11.469,0.92186,0.92207,1.00,1.00
2018.02.14 17:37:11.672,0.92183,0.92206,1.00,1.00
2018.02.14 17:37:11.723,0.92183,0.92204,1.00,1.00
2018.02.14 17:37:12.210,0.92183,0.92206,1.00,1.00
2018.02.14 17:37:13.597,0.92182,0.92203,1.00,1.00
2018.02.14 17:37:13.698,0.92179,0.92202,1.00,1.00
2018.02.14 17:37:14.696,0.92182,0.92203,1.00,1.00
2018.02.14 17:37:14.806,0.92182,0.92205,1.00,1.00
2018.02.14 17:37:15.675,0.92185,0.92206,1.00,1.00
2018.02.14 17:37:18.883,0.92183,0.92206,1.00,1.00
2018.02.14 17:37:19.569,0.92184,0.92207,1.00,1.00
2018.02.14 17:37:19.619,0.92183,0.92205,1.00,1.00
2018.02.14 17:37:19.942,0.92181,0.92204,1.00,1.00
2018.02.14 17:37:20.121,0.92179,0.92201,1.00,1.00
2018.02.14 17:37:20.478,0.92177,0.92198,1.00,1.00
2018.02.14 17:37:20.529,0.92175,0.92198,1.00,1.00
2018.02.14 17:37:21.665,0.92178,0.92199,1.00,1.00
2018.02.14 17:37:24.776,0.9218,0.92201,1.00,1.00
2018.02.14 17:37:25.038,0.92178,0.92201,1.00,1.00
2018.02.14 17:37:25.212,0.9218,0.92201,1.00,1.00
2018.02.14 17:37:26.314,0.92179,0.922,1.00,1.00
2018.02.14 17:37:26.728,0.92181,0.92202,1.00,1.00
2018.02.14 17:37:30.970,0.92179,0.92202,1.00,1.00
2018.02.14 17:37:31.471,0.9218,0.92203,1.00,1.00
2018.02.14 17:37:37.755,0.92178,0.92201,1.00,1.00
2018.02.14 17:37:38.065,0.92178,0.92199,1.00,1.00
2018.02.14 17:37:39.101,0.92179,0.922,1.00,1.00
2018.02.14 17:37:39.152,0.92179,0.92202,1.00,1.00
2018.02.14 17:37:39.304,0.92181,0.92202,1.00,1.00
2018.02.14 17:37:42.323,0.9218,0.92201,1.00,1.00
2018.02.14 17:37:43.420,0.92181,0.92202,1.00,1.00
2018.02.14 17:37:45.064,0.92181,0.92204,1.00,1.00
2018.02.14 17:37:45.114,0.92183,0.92204,1.00,1.00
2018.02.14 17:37:45.639,0.92182,0.92204,1.00,1.00
2018.02.14 17:37:46.165,0.92183,0.92204,1.00,1.00
2018.02.14 17:37:49.883,0.92181,0.92204,1.00,1.00
2018.02.14 17:37:51.338,0.92179,0.92196,1.50,1.00
2018.02.14 17:37:51.439,0.92175,0.92196,1.00,1.00
2018.02.14 17:37:52.355,0.92173,0.92194,1.00,1.00
2018.02.14 17:37:52.405,0.92173,0.92196,1.00,1.00
2018.02.14 17:37:53.304,0.92174,0.92195,1.00,1.00
2018.02.14 17:37:54.745,0.92172,0.92193,1.00,1.00
2018.02.14 17:37:54.796,0.9217,0.92193,1.00,1.00
2018.02.14 17:37:55.319,0.92171,0.92194,1.00,1.00
2018.02.14 17:38:00.181,0.92172,0.92193,1.00,1.00
2018.02.14 17:38:00.232,0.92172,0.92195,1.00,1.00
2018.02.14 17:38:00.746,0.92172,0.92194,1.00,1.00
2018.02.14 17:38:01.502,0.92173,0.92194,1.00,1.00
2018.02.14 17:38:02.790,0.92174,0.92195,1.00,1.00
2018.02.14 17:38:03.705,0.92173,0.92194,1.00,1.00
2018.02.14 17:38:03.806,0.92174,0.92196,1.00,1.00
2018.02.14 17:38:03.857,0.92176,0.92197,1.00,1.00
2018.02.14 17:38:04.015,0.92176,0.92199,1.00,1.00
2018.02.14 17:38:04.117,0.92178,0.92199,1.00,1.00
2018.02.14 17:38:07.177,0.92177,0.92198,1.00,1.00
2018.02.14 17:38:07.571,0.92174,0.92195,1.00,1.00
2018.02.14 17:38:07.622,0.92174,0.92197,1.00,1.00
2018.02.14 17:38:09.236,0.92174,0.92195,1.00,1.00
2018.02.14 17:38:16.293,0.92175,0.92198,1.00,1.00
2018.02.14 17:38:16.946,0.92174,0.92195,1.00,1.00
2018.02.14 17:38:23.898,0.92172,0.92195,1.00,1.00
2018.02.14 17:38:23.999,0.92175,0.92196,1.00,1.00
2018.02.14 17:38:24.705,0.92176,0.92197,1.00,1.00
2018.02.14 17:38:25.006,0.92174,0.92195,1.00,1.00
2018.02.14 17:38:26.457,0.92175,0.92196,1.00,1.00
2018.02.14 17:38:28.289,0.92173,0.92196,1.00,1.00
2018.02.14 17:38:29.127,0.92174,0.92197,1.00,1.00
2018.02.14 17:38:29.960,0.92174,0.92195,1.00,1.00
2018.02.14 17:38:30.429,0.92178,0.92199,1.00,1.00
2018.02.14 17:38:30.835,0.92181,0.92204,1.00,1.00
2018.02.14 17:38:31.641,0.92182,0.92205,1.00,1.00
2018.02.14 17:38:35.705,0.92182,0.92203,1.00,1.00
2018.02.14 17:38:36.447,0.92183,0.92204,1.00,1.00
2018.02.14 17:38:38.616,0.92184,0.92205,1.00,1.00
2018.02.14 17:38:38.721,0.92182,0.92205,1.00,1.00
2018.02.14 17:38:38.772,0.92185,0.92206,1.00,1.00
2018.02.14 17:38:38.953,0.92187,0.9221,1.00,1.00
2018.02.14 17:38:41.690,0.92186,0.92207,1.00,1.00
2018.02.14 17:38:41.914,0.92186,0.92209,1.00,1.00
2018.02.14 17:38:41.964,0.92188,0.92209,1.00,1.00
2018.02.14 17:38:43.173,0.92188,0.92211,1.00,1.00
2018.02.14 17:38:45.052,0.92191,0.92212,1.00,1.00
2018.02.14 17:38:45.719,0.92192,0.92213,1.00,1.00
2018.02.14 17:38:46.652,0.92192,0.92215,1.00,1.00
2018.02.14 17:38:47.162,0.92193,0.92216,1.00,1.00
2018.02.14 17:38:47.667,0.92194,0.92217,1.00,1.00
2018.02.14 17:38:48.850,0.92196,0.92219,1.00,1.00
2018.02.14 17:38:49.155,0.92193,0.92216,1.00,1.00
2018.02.14 17:38:49.539,0.92193,0.92214,1.00,1.00
2018.02.14 17:38:50.428,0.92191,0.92214,1.50,1.00
2018.02.14 17:38:51.071,0.92192,0.92215,1.00,1.00
2018.02.14 17:38:51.660,0.92193,0.92216,1.00,1.00
2018.02.14 17:38:52.105,0.92192,0.92214,1.00,1.00
2018.02.14 17:38:52.614,0.92194,0.92216,1.00,1.00
2018.02.14 17:38:52.930,0.92192,0.92213,1.00,1.00
2018.02.14 17:38:54.325,0.92192,0.92215,1.00,1.00
2018.02.14 17:38:55.318,0.92191,0.92212,1.00,1.00
2018.02.14 17:38:55.419,0.92188,0.92211,1.00,1.00
2018.02.14 17:38:55.722,0.9219,0.92211,1.00,1.00
2018.02.14 17:38:56.787,0.92191,0.92212,1.00,1.00
2018.02.14 17:38:57.633,0.92189,0.9221,1.00,1.00
2018.02.14 17:38:58.584,0.9219,0.92211,1.00,1.00
2018.02.14 17:39:01.176,0.92189,0.9221,1.00,1.00
2018.02.14 17:39:02.437,0.92189,0.92211,1.00,1.00
2018.02.14 17:39:05.589,0.9219,0.92213,1.00,1.00
2018.02.14 17:39:06.311,0.92192,0.92213,1.00,1.00
2018.02.14 17:39:06.659,0.92195,0.92216,1.00,1.00
2018.02.14 17:39:07.289,0.92194,0.92215,1.00,1.00
2018.02.14 17:39:07.846,0.92194,0.92217,1.00,1.00
2018.02.14 17:39:07.947,0.92196,0.92219,1.00,1.00
2018.02.14 17:39:08.630,0.92199,0.9222,1.00,1.00
2018.02.14 17:39:09.467,0.92197,0.9222,1.00,1.00
2018.02.14 17:39:09.569,0.92199,0.9222,1.00,1.00
2018.02.14 17:39:09.839,0.92201,0.92224,1.00,1.00
2018.02.14 17:39:10.204,0.92201,0.92226,1.00,1.00
2018.02.14 17:39:10.934,0.922,0.92225,1.00,1.00
2018.02.14 17:39:11.086,0.92198,0.92223,1.00,1.00
2018.02.14 17:39:11.419,0.92196,0.92219,1.00,1.00
2018.02.14 17:39:11.853,0.92198,0.92221,1.00,1.00
2018.02.14 17:39:12.709,0.92199,0.92222,1.00,1.00
2018.02.14 17:39:14.252,0.92201,0.92223,1.00,1.00
2018.02.14 17:39:15.745,0.92196,0.92221,1.00,1.00
2018.02.14 17:39:15.797,0.92192,0.92215,1.50,1.00
2018.02.14 17:39:16.178,0.9219,0.92213,1.00,1.00
2018.02.14 17:39:16.228,0.9219,0.92215,1.00,1.00
2018.02.14 17:39:17.281,0.92191,0.92216,1.00,1.00
2018.02.14 17:39:17.872,0.92193,0.92218,1.00,1.00
2018.02.14 17:39:18.215,0.92195,0.92218,1.00,1.00
2018.02.14 17:39:18.983,0.92194,0.92219,1.00,1.00
2018.02.14 17:39:19.534,0.92196,0.92219,1.00,1.00
2018.02.14 17:39:21.992,0.92195,0.92218,1.00,1.00
2018.02.14 17:39:22.226,0.9219,0.92215,1.00,1.00
2018.02.14 17:39:22.554,0.92192,0.92215,1.00,1.00
2018.02.14 17:39:23.343,0.92193,0.92216,1.00,1.00
2018.02.14 17:39:27.808,0.92192,0.92215,1.00,1.00
2018.02.14 17:39:28.350,0.92191,0.92214,1.00,1.00
2018.02.14 17:39:28.626,0.92196,0.92221,1.00,1.00
2018.02.14 17:39:29.168,0.92197,0.9222,1.00,1.00
2018.02.14 17:39:29.269,0.92198,0.92223,1.00,1.00
2018.02.14 17:39:29.519,0.92198,0.92221,1.00,1.00
2018.02.14 17:39:30.071,0.92199,0.92222,1.00,1.00
2018.02.14 17:39:31.655,0.92197,0.9222,1.00,1.00
2018.02.14 17:39:32.553,0.92198,0.92221,1.00,1.00
2018.02.14 17:39:35.347,0.92195,0.9222,1.00,1.00
2018.02.14 17:39:35.592,0.92197,0.92222,1.00,1.00
2018.02.14 17:39:36.561,0.92199,0.92221,1.00,1.00
2018.02.14 17:39:37.109,0.92202,0.92225,1.00,1.00
2018.02.14 17:39:37.160,0.922,0.92224,1.00,1.00
2018.02.14 17:39:37.262,0.92198,0.92223,1.00,1.00
2018.02.14 17:39:37.313,0.922,0.92224,1.00,1.00
2018.02.14 17:39:37.414,0.92204,0.92229,1.00,1.00
2018.02.14 17:39:37.465,0.92204,0.92227,1.00,1.00
2018.02.14 17:39:37.795,0.92201,0.92224,1.00,1.00
2018.02.14 17:39:39.187,0.92199,0.92224,1.00,1.00
2018.02.14 17:39:40.859,0.92201,0.92224,1.00,1.00
2018.02.14 17:39:41.677,0.92202,0.92225,1.00,1.00
2018.02.14 17:39:41.778,0.92193,0.92218,1.00,1.00
2018.02.14 17:39:42.322,0.92191,0.92216,1.00,1.00
2018.02.14 17:39:42.813,0.92194,0.92217,1.00,1.00
2018.02.14 17:39:43.759,0.92193,0.92216,1.00,1.00
2018.02.14 17:39:44.214,0.9219,0.92215,1.00,1.00
2018.02.14 17:39:44.421,0.92192,0.92215,1.00,1.00
2018.02.14 17:39:46.791,0.92193,0.92218,1.00,1.00
2018.02.14 17:39:47.458,0.92192,0.92215,1.00,1.00
2018.02.14 17:39:48.383,0.92191,0.92214,1.00,1.00
2018.02.14 17:39:48.484,0.92189,0.92214,1.00,1.00
2018.02.14 17:39:48.535,0.92191,0.92214,1.00,1.00
2018.02.14 17:39:48.587,0.92194,0.92219,1.00,2.25
2018.02.14 17:39:48.688,0.92191,0.92215,1.00,1.00
2018.02.14 17:39:49.040,0.9219,0.92213,1.00,1.00
2018.02.14 17:39:49.142,0.92188,0.92213,1.00,1.00
2018.02.14 17:39:49.864,0.92189,0.92214,1.00,1.00
2018.02.14 17:39:50.004,0.92191,0.92214,1.00,1.00
2018.02.14 17:39:50.195,0.92189,0.92214,1.00,1.00
2018.02.14 17:39:51.569,0.92192,0.92215,1.00,1.00
2018.02.14 17:39:51.688,0.9219,0.92215,1.00,1.00
2018.02.14 17:39:51.738,0.9219,0.92213,1.00,1.00
2018.02.14 17:39:51.789,0.92188,0.92213,1.00,1.00
2018.02.14 17:39:51.891,0.92188,0.92211,1.00,1.00
2018.02.14 17:39:52.262,0.9219,0.92213,1.00,1.00
2018.02.14 17:39:54.429,0.92189,0.92212,1.00,1.00
2018.02.14 17:39:54.626,0.92186,0.92211,1.00,1.00
2018.02.14 17:39:54.677,0.92189,0.92214,1.00,1.00
2018.02.14 17:39:54.979,0.92192,0.92217,1.00,1.00
2018.02.14 17:39:55.328,0.92194,0.92217,1.00,1.00
2018.02.14 17:39:56.088,0.92193,0.92216,1.00,1.00
2018.02.14 17:39:59.717,0.92191,0.92216,1.00,1.00
2018.02.14 17:39:59.767,0.92189,0.92212,2.25,1.00
2018.02.14 17:40:00.235,0.9219,0.92215,1.00,1.00
2018.02.14 17:40:00.871,0.92191,0.92216,1.00,1.00
2018.02.14 17:40:01.821,0.92193,0.92216,1.00,1.00
2018.02.14 17:40:01.872,0.9219,0.92215,1.00,1.00
2018.02.14 17:40:01.923,0.92187,0.9221,1.00,1.00
2018.02.14 17:40:02.249,0.92184,0.92206,1.00,1.00
2018.02.14 17:40:02.718,0.92186,0.92209,1.00,1.00
2018.02.14 17:40:02.988,0.92181,0.92204,1.00,1.00
2018.02.14 17:40:03.293,0.92184,0.92207,1.00,1.00
2018.02.14 17:40:03.676,0.92182,0.92208,1.00,1.00
2018.02.14 17:40:04.239,0.92182,0.92207,1.00,1.00
2018.02.14 17:40:04.516,0.92181,0.92205,1.00,1.00
2018.02.14 17:40:04.820,0.92177,0.92199,1.00,1.00
2018.02.14 17:40:05.313,0.92176,0.92201,1.00,1.00
2018.02.14 17:40:05.365,0.92177,0.92199,1.00,1.00
2018.02.14 17:40:05.415,0.92178,0.92202,1.00,1.00
2018.02.14 17:40:05.466,0.9218,0.92203,1.00,1.00
2018.02.14 17:40:05.965,0.92182,0.92204,1.00,1.00
2018.02.14 17:40:06.017,0.92182,0.92206,1.00,1.00
2018.02.14 17:40:06.351,0.92183,0.92208,1.00,1.00
2018.02.14 17:40:07.229,0.92183,0.92206,1.00,1.00
2018.02.14 17:40:07.330,0.92177,0.92202,1.00,1.00
2018.02.14 17:40:07.381,0.92177,0.92199,1.00,1.00
2018.02.14 17:40:07.431,0.92175,0.92199,1.00,1.00
2018.02.14 17:40:07.583,0.92177,0.92199,1.00,1.00
2018.02.14 17:40:07.735,0.92175,0.92198,1.00,1.00
2018.02.14 17:40:07.837,0.92172,0.92196,1.50,1.00
2018.02.14 17:40:08.039,0.92174,0.92199,1.00,1.00
2018.02.14 17:40:08.934,0.92175,0.92197,1.00,1.00
2018.02.14 17:40:09.428,0.92174,0.92199,1.00,1.00
2018.02.14 17:40:09.661,0.92177,0.92199,1.00,1.00
2018.02.14 17:40:10.061,0.92175,0.92197,1.00,1.00
2018.02.14 17:40:10.339,0.92176,0.922,1.00,1.00
2018.02.14 17:40:10.390,0.92169,0.9219,1.00,1.00
2018.02.14 17:40:10.440,0.9217,0.92192,1.00,1.00
2018.02.14 17:40:10.642,0.92168,0.92191,1.00,1.00
2018.02.14 17:40:11.205,0.92169,0.92192,1.00,1.00
2018.02.14 17:40:11.923,0.92168,0.9219,1.00,1.00
2018.02.14 17:40:12.360,0.9217,0.92192,1.00,1.00
2018.02.14 17:40:12.414,0.92176,0.922,1.00,1.00
2018.02.14 17:40:12.466,0.92173,0.92196,1.00,1.00
2018.02.14 17:40:13.009,0.92172,0.92196,1.00,1.00
2018.02.14 17:40:13.347,0.92172,0.92194,1.00,1.00
2018.02.14 17:40:13.691,0.92173,0.92196,1.00,1.00
2018.02.14 17:40:13.792,0.92173,0.92198,1.00,1.00
2018.02.14 17:40:13.944,0.92172,0.92196,1.00,1.00
2018.02.14 17:40:14.129,0.92173,0.92198,1.00,1.00
2018.02.14 17:40:14.181,0.92168,0.92193,1.00,1.00
2018.02.14 17:40:14.697,0.9217,0.92193,1.00,1.00
2018.02.14 17:40:14.901,0.92172,0.92196,1.00,1.00
2018.02.14 17:40:15.645,0.92173,0.92196,1.00,1.00
2018.02.14 17:40:15.696,0.92176,0.922,1.00,1.50
2018.02.14 17:40:15.911,0.92174,0.92199,1.00,1.00
2018.02.14 17:40:15.962,0.92171,0.92195,1.50,1.00
2018.02.14 17:40:16.356,0.92171,0.92193,1.00,1.00
2018.02.14 17:40:16.407,0.92169,0.92193,1.00,1.00
2018.02.14 17:40:16.594,0.92171,0.92193,1.00,1.00
2018.02.14 17:40:17.450,0.92172,0.92194,1.00,1.00
2018.02.14 17:40:21.652,0.9217,0.92192,1.00,1.00
2018.02.14 17:40:22.836,0.92171,0.92194,1.00,1.00
2018.02.14 17:40:23.445,0.92172,0.92195,1.00,1.00
2018.02.14 17:40:24.265,0.92173,0.92196,1.00,1.00
2018.02.14 17:40:24.634,0.92173,0.92198,1.00,1.00
2018.02.14 17:40:24.836,0.92176,0.92199,1.00,1.00
2018.02.14 17:40:26.270,0.92172,0.92197,1.00,1.00
2018.02.14 17:40:26.321,0.9217,0.92192,1.50,1.00
2018.02.14 17:40:27.455,0.9217,0.92195,1.00,1.00
2018.02.14 17:40:27.992,0.92171,0.92196,1.00,1.50
2018.02.14 17:40:28.776,0.9217,0.92193,1.00,1.00
2018.02.14 17:40:30.637,0.92169,0.92191,1.00,1.00
2018.02.14 17:40:31.088,0.92169,0.92194,1.00,1.00
2018.02.14 17:40:31.475,0.92171,0.92193,1.00,1.00
2018.02.14 17:40:31.663,0.9217,0.92195,1.00,1.00
2018.02.14 17:40:31.819,0.92167,0.92191,1.00,1.00
2018.02.14 17:40:31.870,0.92165,0.92191,1.00,1.00
2018.02.14 17:40:31.921,0.92169,0.92192,1.00,1.50
2018.02.14 17:40:32.095,0.92166,0.92191,1.00,1.00
2018.02.14 17:40:33.351,0.92169,0.92191,1.00,1.00
2018.02.14 17:40:33.590,0.92169,0.92194,1.00,1.00
2018.02.14 17:40:33.691,0.92172,0.92195,1.00,1.00
2018.02.14 17:40:34.285,0.92172,0.92194,1.00,1.00
2018.02.14 17:40:34.837,0.92171,0.92194,1.00,1.00
2018.02.14 17:40:36.308,0.92173,0.92195,1.00,1.00
2018.02.14 17:40:38.756,0.92172,0.92194,1.00,1.00
2018.02.14 17:40:39.323,0.92171,0.92193,1.00,1.00
2018.02.14 17:40:40.063,0.92168,0.92191,1.00,1.00
2018.02.14 17:40:41.568,0.92169,0.92192,1.00,1.00
2018.02.14 17:40:43.761,0.92167,0.92192,1.00,1.00
2018.02.14 17:40:44.682,0.9217,0.92193,1.00,1.00
2018.02.14 17:40:45.019,0.92173,0.92195,1.00,1.00
2018.02.14 17:40:48.912,0.92173,0.92197,1.00,1.00
2018.02.14 17:40:50.155,0.92172,0.92195,1.00,1.00
2018.02.14 17:40:50.335,0.92173,0.92197,1.00,1.00
2018.02.14 17:40:51.388,0.92175,0.92197,1.00,1.00
2018.02.14 17:40:51.438,0.9217,0.92195,1.00,1.00
2018.02.14 17:40:51.489,0.92172,0.92197,1.00,1.00
2018.02.14 17:40:52.089,0.92172,0.92195,1.00,1.00
2018.02.14 17:40:53.706,0.9217,0.92192,1.00,1.00
2018.02.14 17:40:54.049,0.92166,0.92189,1.00,1.00
2018.02.14 17:40:55.164,0.92167,0.9219,1.00,1.00
2018.02.14 17:40:55.587,0.9217,0.92195,1.00,1.00
2018.02.14 17:40:56.438,0.92172,0.92194,1.00,1.00
2018.02.14 17:40:56.794,0.92173,0.92198,1.00,1.00
2018.02.14 17:40:56.973,0.92175,0.92199,1.00,1.00
2018.02.14 17:40:57.295,0.92173,0.92198,1.00,1.00
2018.02.14 17:40:57.632,0.92177,0.92199,1.00,1.00
2018.02.14 17:40:57.709,0.92176,0.92201,1.00,1.00
2018.02.14 17:40:57.810,0.92179,0.92201,1.00,1.00
2018.02.14 17:40:58.941,0.92176,0.92202,1.00,1.00
2018.02.14 17:40:58.992,0.92178,0.92201,1.00,1.00
2018.02.14 17:41:00.218,0.92179,0.92203,1.00,1.00
2018.02.14 17:41:00.319,0.92184,0.92206,1.00,1.50
2018.02.14 17:41:00.674,0.92184,0.92209,1.00,1.00
2018.02.14 17:41:00.724,0.92184,0.92207,1.00,1.00
2018.02.14 17:41:01.313,0.92182,0.92206,1.00,1.00
2018.02.14 17:41:01.465,0.9218,0.92205,1.00,1.00
2018.02.14 17:41:01.516,0.92183,0.92205,1.00,1.00
2018.02.14 17:41:01.664,0.92179,0.92204,1.00,1.00
2018.02.14 17:41:01.715,0.92183,0.92205,1.00,1.00
2018.02.14 17:41:02.083,0.92183,0.92208,1.00,1.00
2018.02.14 17:41:02.256,0.92185,0.92208,1.00,1.00
2018.02.14 17:41:02.570,0.92183,0.92205,1.00,1.00
2018.02.14 17:41:03.238,0.92183,0.92207,1.00,1.00
2018.02.14 17:41:03.901,0.92183,0.92206,1.00,1.00
2018.02.14 17:41:04.374,0.92183,0.92208,1.00,1.00
2018.02.14 17:41:04.425,0.9218,0.92202,1.00,1.00
2018.02.14 17:41:04.476,0.9218,0.92204,1.00,1.00
2018.02.14 17:41:04.527,0.92182,0.92204,1.00,1.00
2018.02.14 17:41:07.321,0.92183,0.92206,1.00,1.00
2018.02.14 17:41:07.373,0.92185,0.92207,1.00,1.00
2018.02.14 17:41:08.164,0.92184,0.92207,1.00,1.00
2018.02.14 17:41:08.922,0.92184,0.92206,1.00,1.00
2018.02.14 17:41:09.977,0.92182,0.92205,1.00,1.00
2018.02.14 17:41:10.079,0.92185,0.92207,1.00,1.00
2018.02.14 17:41:11.557,0.92186,0.92209,1.00,1.00
2018.02.14 17:41:11.989,0.92188,0.92212,1.00,1.00
2018.02.14 17:41:12.040,0.92189,0.92214,1.00,1.00
2018.02.14 17:41:12.353,0.92191,0.92214,1.00,1.00
2018.02.14 17:41:12.883,0.92189,0.92211,1.00,1.00
2018.02.14 17:41:14.092,0.9219,0.92212,1.00,1.00
2018.02.14 17:41:15.966,0.92188,0.92211,1.00,1.00
2018.02.14 17:41:16.263,0.92186,0.92211,1.00,1.00
2018.02.14 17:41:16.365,0.92188,0.92211,1.00,1.00
2018.02.14 17:41:16.711,0.92186,0.92208,1.00,1.00
2018.02.14 17:41:16.763,0.92187,0.9221,1.00,1.00
2018.02.14 17:41:17.813,0.92186,0.92208,1.00,1.00
2018.02.14 17:41:18.190,0.92188,0.9221,1.00,1.00
2018.02.14 17:41:26.473,0.92187,0.92209,1.00,1.00
2018.02.14 17:41:28.025,0.92185,0.92207,1.00,1.00
2018.02.14 17:41:28.076,0.92184,0.92209,1.00,1.00
2018.02.14 17:41:28.177,0.92187,0.9221,1.00,1.00
2018.02.14 17:41:28.228,0.92185,0.9221,1.00,1.00
2018.02.14 17:41:28.279,0.92186,0.92208,1.00,1.00
2018.02.14 17:41:28.904,0.92185,0.92208,1.00,1.00
2018.02.14 17:41:29.056,0.92182,0.92206,1.00,1.00
2018.02.14 17:41:29.107,0.92184,0.92207,1.00,1.00
2018.02.14 17:41:30.537,0.92184,0.92208,1.00,1.00
2018.02.14 17:41:30.588,0.92186,0.92211,1.00,1.00
2018.02.14 17:41:30.639,0.92188,0.92212,1.00,1.00
2018.02.14 17:41:30.690,0.92189,0.92214,1.00,1.00
2018.02.14 17:41:30.741,0.92187,0.9221,1.00,1.00
2018.02.14 17:41:31.400,0.92188,0.92211,1.00,1.00
2018.02.14 17:41:32.001,0.92189,0.92211,1.00,1.00
2018.02.14 17:41:35.761,0.92188,0.92213,1.00,1.00
2018.02.14 17:41:36.435,0.92191,0.92215,1.00,1.00
2018.02.14 17:41:37.202,0.92192,0.92215,1.00,1.00
2018.02.14 17:41:39.155,0.92192,0.92214,1.00,1.00
2018.02.14 17:41:39.656,0.92193,0.92215,1.00,1.00
2018.02.14 17:41:41.092,0.92191,0.92216,1.00,1.00
2018.02.14 17:41:41.194,0.9219,0.92212,1.00,1.00
2018.02.14 17:41:41.434,0.92187,0.92212,1.00,1.00
2018.02.14 17:41:42.326,0.9219,0.92213,1.00,1.00
2018.02.14 17:41:43.913,0.92191,0.92215,1.00,1.00
2018.02.14 17:41:44.287,0.92196,0.92218,1.00,1.00
2018.02.14 17:41:46.481,0.92196,0.92219,1.00,1.00
2018.02.14 17:41:47.032,0.92196,0.92221,1.00,1.00
2018.02.14 17:41:47.082,0.92198,0.9222,1.00,1.00
2018.02.14 17:41:48.305,0.92197,0.92222,1.00,1.00
2018.02.14 17:41:52.737,0.92198,0.9222,1.00,1.00
2018.02.14 17:41:52.868,0.92191,0.92216,1.00,1.00
2018.02.14 17:41:53.025,0.92192,0.92214,1.00,1.00
2018.02.14 17:41:53.189,0.92189,0.92214,1.00,1.00
2018.02.14 17:41:54.136,0.9219,0.92214,1.00,1.00
2018.02.14 17:41:54.238,0.92192,0.92214,1.00,1.00
2018.02.14 17:41:54.440,0.9219,0.92214,1.00,1.00
2018.02.14 17:41:55.109,0.92189,0.92214,1.00,1.00
2018.02.14 17:41:56.844,0.92192,0.92214,1.00,1.00
2018.02.14 17:41:56.946,0.92192,0.92217,1.00,1.00
2018.02.14 17:41:58.354,0.92192,0.92214,1.00,1.00
2018.02.14 17:41:58.405,0.92189,0.92214,1.00,1.00
2018.02.14 17:41:59.507,0.92191,0.92214,1.00,1.00
2018.02.14 17:42:02.169,0.92193,0.92215,1.00,1.00
2018.02.14 17:42:02.475,0.92191,0.92213,1.00,1.00
2018.02.14 17:42:06.009,0.92192,0.92215,1.00,1.00
2018.02.14 17:42:06.364,0.92193,0.92217,1.00,1.00
2018.02.14 17:42:09.166,0.92193,0.92218,1.00,1.00
2018.02.14 17:42:10.996,0.92196,0.92219,1.00,1.00
2018.02.14 17:42:11.047,0.92192,0.92217,1.00,1.00
2018.02.14 17:42:11.809,0.92191,0.92213,1.00,1.00
2018.02.14 17:42:14.151,0.9219,0.92213,1.00,1.00
2018.02.14 17:42:14.682,0.9219,0.92214,1.00,1.00
2018.02.14 17:42:14.998,0.9219,0.92212,1.00,1.00
2018.02.14 17:42:15.158,0.92193,0.92217,1.00,1.00
2018.02.14 17:42:17.042,0.92195,0.92218,1.00,1.00
2018.02.14 17:42:22.260,0.92193,0.92215,1.00,1.00
2018.02.14 17:42:22.699,0.92191,0.92215,1.00,1.00
2018.02.14 17:42:23.012,0.92193,0.92215,1.00,1.00
2018.02.14 17:42:23.165,0.92193,0.92218,1.00,1.00
2018.02.14 17:42:23.719,0.92191,0.92217,1.00,1.00
2018.02.14 17:42:23.771,0.92194,0.92217,1.00,1.00
2018.02.14 17:42:24.322,0.92192,0.92216,1.00,1.00
2018.02.14 17:42:27.897,0.92193,0.92216,1.00,1.00
2018.02.14 17:42:29.329,0.92195,0.92217,1.00,1.50
2018.02.14 17:42:29.525,0.92197,0.9222,1.00,1.00
2018.02.14 17:42:29.576,0.92196,0.92218,1.00,1.00
2018.02.14 17:42:30.146,0.92197,0.92219,1.00,1.00
2018.02.14 17:42:30.980,0.92197,0.92221,1.00,1.00
2018.02.14 17:42:31.082,0.92199,0.92221,1.00,1.00
2018.02.14 17:42:31.505,0.92197,0.92219,1.00,1.00
2018.02.14 17:42:31.556,0.92192,0.92217,1.00,1.00
2018.02.14 17:42:31.838,0.92194,0.92218,1.00,1.00
2018.02.14 17:42:33.426,0.92193,0.92217,1.00,1.00
2018.02.14 17:42:39.275,0.92193,0.92216,1.00,1.00
2018.02.14 17:42:39.381,0.92191,0.92215,1.00,1.00
2018.02.14 17:42:39.499,0.9219,0.92213,1.00,1.00
2018.02.14 17:42:39.854,0.92192,0.92214,1.00,1.00
2018.02.14 17:42:39.905,0.9219,0.92213,1.00,1.00
2018.02.14 17:42:40.108,0.92187,0.92212,1.00,1.00
2018.02.14 17:42:40.310,0.9219,0.92212,1.00,1.00
2018.02.14 17:42:40.695,0.9219,0.92214,1.00,1.00
2018.02.14 17:42:41.863,0.9219,0.92212,1.00,1.00
2018.02.14 17:42:42.352,0.9219,0.92215,1.00,1.00
2018.02.14 17:42:42.454,0.92193,0.92216,1.00,1.00
2018.02.14 17:42:43.164,0.92192,0.92215,1.00,1.00
2018.02.14 17:42:43.230,0.9219,0.92215,1.00,1.00
2018.02.14 17:42:44.268,0.92188,0.9221,1.00,1.00
2018.02.14 17:42:44.381,0.92189,0.92214,1.00,1.00
2018.02.14 17:42:45.200,0.92188,0.92213,1.00,1.00
2018.02.14 17:42:45.301,0.92188,0.9221,1.00,1.00
2018.02.14 17:42:45.565,0.92188,0.92212,1.00,1.00
2018.02.14 17:42:46.126,0.92186,0.92209,1.00,1.00
2018.02.14 17:42:46.177,0.92184,0.92208,1.00,1.00
2018.02.14 17:42:46.279,0.92186,0.92209,1.00,1.00
2018.02.14 17:42:46.817,0.92187,0.92209,1.00,1.00
2018.02.14 17:42:46.918,0.92187,0.92211,1.00,1.00
2018.02.14 17:42:47.762,0.92186,0.9221,1.00,1.00
2018.02.14 17:42:48.817,0.9219,0.92212,1.00,1.00
2018.02.14 17:42:49.320,0.9219,0.92213,1.00,1.00
2018.02.14 17:42:50.734,0.92189,0.92212,1.00,1.00
2018.02.14 17:42:51.311,0.92187,0.9221,1.00,1.00
2018.02.14 17:42:51.412,0.92184,0.92208,1.00,1.00
2018.02.14 17:42:52.325,0.92184,0.92207,1.00,1.00
2018.02.14 17:42:53.145,0.92183,0.92206,1.00,1.00
2018.02.14 17:42:53.764,0.92181,0.92204,1.00,1.00
2018.02.14 17:42:53.865,0.92179,0.92203,1.00,1.00
2018.02.14 17:42:54.132,0.92177,0.92202,1.00,1.00
2018.02.14 17:42:54.233,0.92176,0.92198,1.00,1.00
2018.02.14 17:42:54.285,0.92173,0.92197,1.00,1.00
2018.02.14 17:42:54.424,0.92171,0.92196,1.00,1.00
2018.02.14 17:42:54.476,0.92171,0.92194,1.00,1.00
2018.02.14 17:42:56.439,0.92166,0.92188,1.00,1.00
2018.02.14 17:42:56.540,0.92159,0.92184,1.00,1.00
2018.02.14 17:42:56.733,0.92158,0.92181,1.00,1.00
2018.02.14 17:42:57.284,0.92158,0.9218,1.00,1.00
2018.02.14 17:42:57.671,0.92155,0.9218,1.00,1.00
2018.02.14 17:42:58.067,0.92152,0.92175,1.50,1.00
2018.02.14 17:42:58.477,0.92151,0.92173,1.00,1.00
2018.02.14 17:42:59.096,0.92148,0.92173,1.00,1.00
2018.02.14 17:43:00.084,0.92148,0.92171,1.00,1.00
2018.02.14 17:43:00.156,0.92149,0.92173,1.00,1.00
2018.02.14 17:43:00.257,0.92149,0.92171,1.00,1.00
2018.02.14 17:43:00.411,0.92149,0.92173,1.00,1.00
2018.02.14 17:43:00.512,0.92147,0.92172,1.00,1.00
2018.02.14 17:43:01.079,0.92148,0.92171,1.00,1.00
2018.02.14 17:43:02.182,0.92147,0.9217,1.00,1.00
2018.02.14 17:43:07.394,0.92144,0.92167,1.00,1.00
2018.02.14 17:43:07.844,0.92142,0.92164,1.00,1.00
2018.02.14 17:43:08.184,0.9214,0.92162,1.00,1.00
2018.02.14 17:43:09.286,0.92139,0.92164,1.00,1.00
2018.02.14 17:43:09.390,0.92141,0.92163,1.00,1.00
2018.02.14 17:43:10.341,0.92144,0.92168,1.00,1.00
2018.02.14 17:43:10.467,0.92146,0.92169,1.00,1.00
2018.02.14 17:43:12.435,0.92147,0.9217,1.00,1.00
2018.02.14 17:43:13.114,0.92144,0.92169,1.00,1.00
2018.02.14 17:43:13.421,0.92144,0.92167,1.00,1.00
2018.02.14 17:43:15.247,0.92145,0.9217,1.00,1.00
2018.02.14 17:43:15.298,0.92145,0.92168,1.00,1.00
2018.02.14 17:43:15.538,0.92149,0.92173,1.00,1.00
2018.02.14 17:43:16.086,0.92151,0.92173,1.00,1.00
2018.02.14 17:43:16.136,0.92152,0.92175,1.00,1.00
2018.02.14 17:43:16.187,0.92154,0.92176,1.00,1.00
2018.02.14 17:43:16.389,0.92156,0.92179,1.00,1.00
2018.02.14 17:43:16.490,0.92152,0.92175,1.00,1.00
2018.02.14 17:43:17.006,0.92153,0.92176,1.00,1.00
2018.02.14 17:43:17.312,0.92155,0.92177,1.00,1.00
2018.02.14 17:43:17.362,0.92156,0.92179,1.00,1.00
2018.02.14 17:43:17.599,0.92154,0.92177,1.00,1.00
2018.02.14 17:43:17.973,0.92156,0.92179,1.00,1.00
2018.02.14 17:43:20.755,0.92154,0.92181,1.00,1.00
2018.02.14 17:43:21.319,0.9216,0.92183,1.00,1.50
2018.02.14 17:43:21.370,0.92163,0.92187,1.00,1.00
2018.02.14 17:43:21.420,0.92166,0.92189,1.00,1.00
2018.02.14 17:43:21.625,0.92174,0.92199,1.00,1.00
2018.02.14 17:43:23.440,0.92174,0.92196,1.00,1.00
2018.02.14 17:43:23.490,0.92174,0.92199,1.00,1.00
2018.02.14 17:43:24.395,0.9217,0.92195,2.25,1.00
2018.02.14 17:43:24.739,0.92171,0.92193,1.00,1.00
2018.02.14 17:43:25.564,0.92171,0.92194,1.00,1.00
2018.02.14 17:43:25.906,0.92171,0.92196,1.00,1.00
2018.02.14 17:43:26.108,0.92179,0.92201,1.00,1.00
2018.02.14 17:43:26.350,0.9218,0.92203,1.00,1.00
2018.02.14 17:43:26.401,0.9218,0.92205,1.00,1.00
2018.02.14 17:43:26.452,0.92183,0.92208,1.00,2.25
2018.02.14 17:43:26.811,0.92182,0.92205,1.00,1.00
2018.02.14 17:43:26.991,0.92178,0.92203,1.00,1.00
2018.02.14 17:43:27.343,0.92177,0.922,1.00,1.00
2018.02.14 17:43:27.647,0.9218,0.92203,1.00,1.00
2018.02.14 17:43:28.065,0.9218,0.92205,1.00,1.00
2018.02.14 17:43:28.116,0.92183,0.92208,1.00,1.00
2018.02.14 17:43:28.642,0.92181,0.92205,1.00,1.00
2018.02.14 17:43:28.973,0.92185,0.92207,1.00,1.00
2018.02.14 17:43:30.160,0.92187,0.92209,1.00,1.00
2018.02.14 17:43:30.211,0.9219,0.92213,1.00,1.00
2018.02.14 17:43:30.978,0.92189,0.92211,1.00,1.00
2018.02.14 17:43:31.080,0.92187,0.9221,1.00,1.00
2018.02.14 17:43:31.555,0.92184,0.92209,1.00,1.00
2018.02.14 17:43:32.191,0.92186,0.92208,1.00,1.00
2018.02.14 17:43:32.894,0.92186,0.9221,1.00,1.00
2018.02.14 17:43:34.846,0.92187,0.92211,1.00,1.00
2018.02.14 17:43:34.972,0.92183,0.92207,1.00,1.00
2018.02.14 17:43:35.123,0.92179,0.92204,1.00,1.00
2018.02.14 17:43:35.396,0.92181,0.92204,1.00,1.00
2018.02.14 17:43:35.447,0.92178,0.92203,1.00,1.00
2018.02.14 17:43:37.076,0.92179,0.92204,1.00,1.00
2018.02.14 17:43:37.600,0.92179,0.92203,1.00,1.00
2018.02.14 17:43:37.702,0.9218,0.92205,1.00,1.00
2018.02.14 17:43:37.752,0.92179,0.92202,1.00,1.00
2018.02.14 17:43:38.060,0.92177,0.92201,1.00,1.00
2018.02.14 17:43:38.411,0.92179,0.92202,1.00,1.00
2018.02.14 17:43:39.037,0.92178,0.92201,1.00,1.00
2018.02.14 17:43:39.812,0.92176,0.92201,1.00,1.00
2018.02.14 17:43:39.862,0.92177,0.92199,1.00,1.00
2018.02.14 17:43:39.913,0.92175,0.922,1.00,1.00
2018.02.14 17:43:43.764,0.92174,0.92198,1.00,1.00
2018.02.14 17:43:44.812,0.92175,0.92197,1.00,1.00
2018.02.14 17:43:45.200,0.92173,0.92197,1.00,1.00
2018.02.14 17:43:46.063,0.92172,0.92197,1.00,1.00
2018.02.14 17:43:46.525,0.92174,0.92199,1.00,1.00
2018.02.14 17:43:46.831,0.92176,0.92199,1.00,1.00
2018.02.14 17:43:47.665,0.92177,0.922,1.00,1.00
2018.02.14 17:43:48.754,0.92176,0.92201,1.00,1.00
2018.02.14 17:43:49.061,0.92178,0.92202,1.00,1.00
2018.02.14 17:43:49.666,0.92179,0.92201,1.00,1.00
2018.02.14 17:43:50.142,0.92176,0.92199,1.00,1.00
2018.02.14 17:43:52.351,0.92184,0.92205,1.00,1.00
2018.02.14 17:43:52.454,0.92185,0.92209,1.00,1.00
2018.02.14 17:43:52.961,0.92184,0.92209,1.00,1.00
2018.02.14 17:43:53.143,0.92187,0.92211,1.00,1.00
2018.02.14 17:43:53.244,0.92188,0.92213,1.00,1.00
2018.02.14 17:43:53.296,0.92186,0.92208,1.00,1.00
2018.02.14 17:43:53.347,0.92187,0.9221,1.00,1.00
2018.02.14 17:43:53.409,0.92186,0.92212,1.00,1.00
2018.02.14 17:43:53.459,0.92186,0.9221,1.00,1.00
2018.02.14 17:43:53.896,0.92186,0.92208,1.00,1.00
2018.02.14 17:43:54.225,0.92184,0.92208,1.00,1.00
2018.02.14 17:43:54.775,0.92183,0.92208,1.00,1.00
2018.02.14 17:43:54.876,0.92181,0.92206,1.00,1.00
2018.02.14 17:43:55.179,0.92181,0.92204,1.00,1.00
2018.02.14 17:43:55.341,0.92179,0.92203,1.00,1.00
2018.02.14 17:43:55.496,0.92181,0.92205,1.00,1.00
2018.02.14 17:43:55.886,0.92183,0.92205,1.00,1.00
2018.02.14 17:43:56.575,0.92184,0.92206,1.00,1.00
2018.02.14 17:43:56.944,0.92182,0.92205,1.00,1.00
2018.02.14 17:43:58.090,0.92184,0.92208,1.00,1.00
2018.02.14 17:43:58.192,0.9218,0.92205,1.00,1.00
2018.02.14 17:43:58.243,0.92182,0.92206,1.00,1.00
2018.02.14 17:43:58.529,0.92184,0.92209,1.00,1.00
2018.02.14 17:43:58.580,0.92184,0.92206,1.00,1.00
2018.02.14 17:43:58.683,0.92182,0.92207,1.00,1.00
2018.02.14 17:43:59.820,0.92182,0.92205,1.00,1.00
2018.02.14 17:43:59.921,0.92179,0.92204,1.00,1.00
2018.02.14 17:44:00.827,0.9218,0.92203,1.00,1.00
2018.02.14 17:44:00.878,0.92182,0.92204,1.00,1.00
2018.02.14 17:44:00.929,0.9218,0.92205,1.00,1.00
2018.02.14 17:44:00.980,0.92183,0.92205,1.00,1.00
2018.02.14 17:44:01.277,0.92185,0.92209,1.00,1.12
2018.02.14 17:44:01.801,0.92185,0.92208,1.00,1.00
2018.02.14 17:44:02.068,0.92185,0.9221,1.00,1.00
2018.02.14 17:44:05.757,0.92185,0.92209,1.00,1.00
2018.02.14 17:44:07.728,0.92183,0.92208,1.00,1.00
2018.02.14 17:44:07.891,0.92185,0.92208,1.00,1.00
2018.02.14 17:44:08.481,0.92186,0.92209,1.00,1.00
2018.02.14 17:44:09.195,0.92185,0.92208,1.00,1.00
2018.02.14 17:44:09.246,0.92183,0.92208,1.00,1.00
2018.02.14 17:44:09.907,0.92184,0.92206,1.00,1.00
2018.02.14 17:44:12.522,0.92185,0.92208,1.00,1.00
2018.02.14 17:44:13.122,0.92184,0.92207,1.00,1.00
2018.02.14 17:44:13.244,0.92186,0.92208,1.00,1.00
2018.02.14 17:44:13.821,0.92184,0.92207,1.00,1.00
2018.02.14 17:44:16.028,0.92184,0.92209,1.00,1.00
2018.02.14 17:44:18.982,0.92184,0.92206,1.00,1.00
2018.02.14 17:44:19.369,0.92182,0.92206,1.00,1.00
2018.02.14 17:44:19.474,0.92182,0.92204,1.00,1.00
2018.02.14 17:44:20.322,0.92186,0.92208,1.00,1.00
2018.02.14 17:44:20.373,0.92188,0.92211,1.00,1.00
2018.02.14 17:44:20.884,0.92189,0.92211,1.00,1.00
2018.02.14 17:44:23.241,0.92188,0.92211,1.00,1.00
2018.02.14 17:44:23.293,0.92186,0.92213,1.00,1.00
2018.02.14 17:44:23.346,0.92192,0.92214,1.00,1.00
2018.02.14 17:44:23.397,0.92189,0.92214,1.00,1.00
2018.02.14 17:44:23.448,0.92191,0.92215,1.00,1.00
2018.02.14 17:44:23.758,0.92199,0.92223,1.00,1.50
2018.02.14 17:44:24.176,0.92202,0.92226,1.00,1.00
2018.02.14 17:44:24.427,0.922,0.92226,1.00,1.00
2018.02.14 17:44:24.478,0.92203,0.92226,1.00,1.00
2018.02.14 17:44:24.582,0.92199,0.92227,1.00,1.00
2018.02.14 17:44:24.715,0.92198,0.92225,1.00,1.00
2018.02.14 17:44:24.765,0.92196,0.92224,1.00,1.00
2018.02.14 17:44:24.867,0.92196,0.92222,1.00,1.00
2018.02.14 17:44:25.245,0.92197,0.92219,1.00,1.00
2018.02.14 17:44:25.296,0.922,0.92224,1.00,1.50
2018.02.14 17:44:25.447,0.922,0.92228,1.00,1.50
2018.02.14 17:44:25.854,0.92192,0.9222,1.00,1.00
2018.02.14 17:44:26.169,0.92194,0.92217,1.00,1.00
2018.02.14 17:44:26.550,0.92205,0.92228,1.00,1.00
2018.02.14 17:44:26.701,0.92202,0.92227,1.00,1.00
2018.02.14 17:44:26.752,0.92202,0.92225,1.00,1.00
2018.02.14 17:44:29.456,0.92203,0.92225,1.00,1.00
2018.02.14 17:44:30.550,0.92196,0.92219,1.50,1.00
2018.02.14 17:44:30.764,0.92196,0.92221,1.00,1.00
2018.02.14 17:44:30.865,0.92202,0.92224,1.00,1.50
2018.02.14 17:44:31.017,0.92203,0.92227,1.00,1.00
2018.02.14 17:44:31.603,0.92202,0.92225,1.00,1.00
2018.02.14 17:44:32.627,0.92202,0.92226,1.00,1.00
2018.02.14 17:44:32.778,0.92202,0.92228,1.00,1.00
2018.02.14 17:44:33.057,0.92202,0.92226,1.00,1.00
2018.02.14 17:44:33.759,0.92196,0.92219,2.25,1.00
2018.02.14 17:44:34.063,0.92198,0.9222,1.00,1.00
2018.02.14 17:44:34.392,0.92193,0.92215,1.00,1.00
2018.02.14 17:44:34.813,0.92191,0.92216,1.00,1.00
2018.02.14 17:44:36.048,0.92192,0.92216,1.00,1.00
2018.02.14 17:44:36.468,0.92193,0.92218,1.00,1.00
2018.02.14 17:44:37.429,0.92193,0.92216,1.00,1.00
2018.02.14 17:44:37.734,0.92196,0.92219,1.00,1.00
2018.02.14 17:44:38.610,0.92195,0.92218,1.00,1.00
2018.02.14 17:44:39.783,0.92195,0.92221,1.00,1.00
2018.02.14 17:44:39.834,0.922,0.92225,1.00,1.00
2018.02.14 17:44:40.038,0.92197,0.92223,1.00,1.00
2018.02.14 17:44:40.282,0.92196,0.92221,1.00,1.00
2018.02.14 17:44:40.593,0.92198,0.92221,1.00,1.00
2018.02.14 17:44:41.265,0.92198,0.92223,1.00,1.00
2018.02.14 17:44:41.316,0.92198,0.92221,1.00,1.00
2018.02.14 17:44:41.585,0.92196,0.9222,1.00,1.00
2018.02.14 17:44:42.412,0.92197,0.92221,1.00,1.00
2018.02.14 17:44:42.514,0.92195,0.9222,1.00,1.00
2018.02.14 17:44:42.565,0.92198,0.92221,1.00,1.50
2018.02.14 17:44:42.762,0.92199,0.92223,1.00,1.00
2018.02.14 17:44:45.152,0.92202,0.92224,1.00,1.00
2018.02.14 17:44:45.244,0.92199,0.92224,1.00,1.00
2018.02.14 17:44:45.449,0.92201,0.92226,1.00,1.00
2018.02.14 17:44:46.869,0.92201,0.92224,1.00,1.00
2018.02.14 17:44:47.392,0.92201,0.92225,1.00,1.00
2018.02.14 17:44:49.722,0.92199,0.92221,1.00,1.00
2018.02.14 17:44:50.044,0.92197,0.92221,1.00,1.00
2018.02.14 17:44:50.487,0.92199,0.92224,1.00,1.00
2018.02.14 17:44:51.144,0.92198,0.92223,1.00,1.00
2018.02.14 17:44:53.556,0.922,0.92224,1.00,1.00
2018.02.14 17:44:53.860,0.92197,0.92221,1.00,1.00
2018.02.14 17:44:54.496,0.92197,0.92222,1.00,1.00
2018.02.14 17:44:54.997,0.92196,0.92221,1.00,1.00
2018.02.14 17:44:55.884,0.92194,0.9222,1.00,1.00
2018.02.14 17:44:56.170,0.92196,0.92222,1.00,1.00
2018.02.14 17:44:56.577,0.92198,0.92222,1.00,1.00
2018.02.14 17:44:56.879,0.92196,0.92219,1.00,1.00
2018.02.14 17:45:00.685,0.9219,0.92216,1.00,1.00
2018.02.14 17:45:00.736,0.92187,0.92212,2.25,1.00
2018.02.14 17:45:01.040,0.92187,0.92209,1.00,1.00
2018.02.14 17:45:01.091,0.92185,0.92208,1.00,1.00
2018.02.14 17:45:01.142,0.92186,0.92211,1.00,1.00
2018.02.14 17:45:01.344,0.92189,0.92212,1.00,1.00
2018.02.14 17:45:01.918,0.92188,0.92212,1.00,1.00
2018.02.14 17:45:02.371,0.92189,0.92214,1.00,1.00
2018.02.14 17:45:03.138,0.92188,0.92213,1.00,1.00
2018.02.14 17:45:03.683,0.92187,0.92212,1.00,1.00
2018.02.14 17:45:04.004,0.92187,0.92209,1.00,1.00
2018.02.14 17:45:04.339,0.92179,0.92202,1.00,1.00
2018.02.14 17:45:04.507,0.92179,0.92204,1.00,1.00
2018.02.14 17:45:05.340,0.92178,0.92203,1.00,1.00
2018.02.14 17:45:06.394,0.9218,0.92204,1.00,1.00
2018.02.14 17:45:06.799,0.92182,0.92204,1.00,1.00
2018.02.14 17:45:07.196,0.92184,0.92206,1.00,1.00
2018.02.14 17:45:07.449,0.92184,0.92209,1.00,1.00
2018.02.14 17:45:08.917,0.92184,0.92208,1.00,1.00
2018.02.14 17:45:09.069,0.92183,0.92206,1.00,1.00
2018.02.14 17:45:09.120,0.92187,0.92212,1.00,1.00
2018.02.14 17:45:09.564,0.92189,0.92214,1.00,1.00
2018.02.14 17:45:10.094,0.92189,0.92213,1.00,1.00
2018.02.14 17:45:10.437,0.92195,0.92217,1.00,1.00
2018.02.14 17:45:12.105,0.92196,0.92219,1.00,1.00
2018.02.14 17:45:12.862,0.92188,0.9221,2.25,1.00
2018.02.14 17:45:13.461,0.92187,0.9221,1.00,1.00
2018.02.14 17:45:16.167,0.92185,0.9221,1.00,1.00
2018.02.14 17:45:16.370,0.92182,0.92207,1.00,1.00
2018.02.14 17:45:16.742,0.92184,0.92208,1.00,1.00
2018.02.14 17:45:17.401,0.92183,0.92207,1.00,1.00
2018.02.14 17:45:18.096,0.92179,0.92203,1.50,1.00
2018.02.14 17:45:20.233,0.92181,0.92204,1.00,1.00
2018.02.14 17:45:20.284,0.92178,0.92203,1.00,1.00
2018.02.14 17:45:20.335,0.92178,0.92201,1.00,1.00
2018.02.14 17:45:20.654,0.9218,0.92203,1.00,1.00
2018.02.14 17:45:20.981,0.92182,0.92204,1.00,1.00
2018.02.14 17:45:21.555,0.92183,0.92205,1.00,1.00
2018.02.14 17:45:21.805,0.92179,0.92202,1.00,1.00
2018.02.14 17:45:22.012,0.92177,0.92199,1.00,1.00
2018.02.14 17:45:22.518,0.92177,0.92201,1.00,1.00
2018.02.14 17:45:22.656,0.92175,0.922,1.00,1.00
2018.02.14 17:45:22.757,0.92177,0.922,1.50,1.00
2018.02.14 17:45:23.405,0.92177,0.92199,1.00,1.00
2018.02.14 17:45:23.907,0.92176,0.92198,1.00,1.00
2018.02.14 17:45:23.958,0.92174,0.92198,1.00,1.00
2018.02.14 17:45:24.243,0.92171,0.92194,1.00,1.00
2018.02.14 17:45:24.758,0.9217,0.92194,1.00,1.00
2018.02.14 17:45:24.998,0.92167,0.92192,1.00,1.00
2018.02.14 17:45:25.049,0.92167,0.9219,1.00,1.00
2018.02.14 17:45:25.100,0.92165,0.9219,1.00,1.00
2018.02.14 17:45:25.493,0.92163,0.92186,1.00,1.00
2018.02.14 17:45:25.804,0.92167,0.92189,1.00,1.00
2018.02.14 17:45:27.584,0.92166,0.92191,1.00,1.00
2018.02.14 17:45:27.736,0.92169,0.92192,1.00,1.00
2018.02.14 17:45:28.737,0.92168,0.92191,1.00,1.00
2018.02.14 17:45:29.311,0.92168,0.92192,1.00,1.00
2018.02.14 17:45:30.872,0.92169,0.92192,1.00,1.00
2018.02.14 17:45:31.649,0.92167,0.92192,1.00,1.00
2018.02.14 17:45:31.801,0.92165,0.9219,1.00,1.00
2018.02.14 17:45:32.419,0.92166,0.92191,1.00,1.00
2018.02.14 17:45:32.726,0.92168,0.92191,1.00,1.00
2018.02.14 17:45:33.236,0.92167,0.92191,1.00,1.00
2018.02.14 17:45:33.584,0.92169,0.92192,1.00,1.00
2018.02.14 17:45:34.167,0.92171,0.92193,1.00,1.00
2018.02.14 17:45:34.923,0.9217,0.92192,1.00,1.00
2018.02.14 17:45:35.243,0.92168,0.9219,1.00,1.00
2018.02.14 17:45:36.243,0.92166,0.92189,1.00,1.00
2018.02.14 17:45:36.791,0.92167,0.92189,1.00,1.00
2018.02.14 17:45:38.517,0.92168,0.92191,1.00,1.00
2018.02.14 17:45:39.636,0.92167,0.92191,1.00,1.00
2018.02.14 17:45:40.063,0.92169,0.92191,1.00,1.00
2018.02.14 17:45:40.576,0.92168,0.92191,1.00,1.00
2018.02.14 17:45:41.101,0.92166,0.92191,1.00,1.00
2018.02.14 17:45:41.202,0.92167,0.92189,1.00,1.00
2018.02.14 17:45:41.252,0.92168,0.92192,1.00,1.00
2018.02.14 17:45:41.353,0.9217,0.92192,1.00,1.00
2018.02.14 17:45:45.853,0.92169,0.92191,1.00,1.00
2018.02.14 17:45:45.905,0.9217,0.92193,1.00,1.00
2018.02.14 17:45:46.039,0.92168,0.92191,1.00,1.00
2018.02.14 17:45:46.354,0.92164,0.92187,1.00,1.00
2018.02.14 17:45:46.776,0.92162,0.92185,1.00,1.00
2018.02.14 17:45:47.455,0.92163,0.92186,1.00,1.00
2018.02.14 17:45:47.976,0.92163,0.92187,1.00,1.00
2018.02.14 17:45:48.278,0.92165,0.92187,1.00,1.00
2018.02.14 17:45:48.561,0.92166,0.92189,1.00,1.00
2018.02.14 17:45:49.194,0.92167,0.9219,1.00,1.00
2018.02.14 17:45:50.891,0.92165,0.9219,1.00,1.00
2018.02.14 17:45:51.181,0.92168,0.9219,1.00,1.00
2018.02.14 17:45:51.342,0.92164,0.92189,1.00,1.00
2018.02.14 17:45:51.933,0.92165,0.9219,1.00,1.00
2018.02.14 17:45:51.985,0.92161,0.92186,2.25,1.00
2018.02.14 17:45:52.973,0.92162,0.92185,1.00,1.00
2018.02.14 17:45:53.225,0.92162,0.92189,1.00,1.00
2018.02.14 17:45:53.276,0.92162,0.92186,1.00,1.00
2018.02.14 17:45:54.616,0.92162,0.92188,1.00,1.00
2018.02.14 17:45:55.117,0.92163,0.92189,1.00,1.00
2018.02.14 17:45:55.291,0.92165,0.92187,1.00,1.00
2018.02.14 17:45:55.341,0.92163,0.92186,1.00,1.00
2018.02.14 17:45:55.393,0.92161,0.92186,1.00,1.00
2018.02.14 17:45:56.029,0.92162,0.92186,1.00,1.00
2018.02.14 17:45:56.080,0.92161,0.92184,1.00,1.00
2018.02.14 17:45:56.270,0.92161,0.9219,1.00,1.00
2018.02.14 17:45:56.604,0.92161,0.92188,1.00,1.00
2018.02.14 17:45:56.916,0.92164,0.92188,1.00,1.00
2018.02.14 17:45:59.846,0.92166,0.92188,1.00,1.00
2018.02.14 17:46:00.293,0.92163,0.92188,1.00,1.00
2018.02.14 17:46:01.324,0.92162,0.92187,1.00,1.00
2018.02.14 17:46:02.155,0.92164,0.92187,1.00,1.00
2018.02.14 17:46:02.684,0.92163,0.92188,1.00,1.00
2018.02.14 17:46:03.189,0.92165,0.92188,1.00,1.00
2018.02.14 17:46:05.396,0.92164,0.92187,1.00,1.00
2018.02.14 17:46:05.942,0.92163,0.92186,1.00,1.00
2018.02.14 17:46:06.449,0.92162,0.92185,1.00,1.00
2018.02.14 17:46:08.677,0.92159,0.92184,1.00,1.00
2018.02.14 17:46:08.923,0.92162,0.92187,1.00,2.25
2018.02.14 17:46:09.247,0.92161,0.92184,1.00,1.00
2018.02.14 17:46:09.661,0.92163,0.92186,1.00,1.00
2018.02.14 17:46:10.121,0.9216,0.92187,1.00,1.00
2018.02.14 17:46:10.495,0.92161,0.92184,1.00,1.00
2018.02.14 17:46:10.898,0.92163,0.92186,1.00,1.00
2018.02.14 17:46:10.999,0.92159,0.92184,1.00,1.00
2018.02.14 17:46:11.101,0.92161,0.92184,1.00,1.00
2018.02.14 17:46:11.152,0.92163,0.92188,1.00,1.00
2018.02.14 17:46:11.259,0.92163,0.92186,1.00,1.00
2018.02.14 17:46:11.600,0.92161,0.92184,1.00,1.00
2018.02.14 17:46:14.534,0.92159,0.92184,1.00,1.00
2018.02.14 17:46:14.686,0.92159,0.92182,1.00,1.00
2018.02.14 17:46:15.650,0.9216,0.92183,1.00,1.00
2018.02.14 17:46:16.409,0.92161,0.92184,1.00,1.00
2018.02.14 17:46:17.315,0.9216,0.92183,1.00,1.00
2018.02.14 17:46:17.598,0.92158,0.92182,1.00,1.00
2018.02.14 17:46:17.649,0.92157,0.9218,1.50,1.00
2018.02.14 17:46:17.751,0.92158,0.92184,1.00,1.00
2018.02.14 17:46:17.875,0.92158,0.92186,1.00,1.50
2018.02.14 17:46:18.489,0.92163,0.92186,1.00,1.00
2018.02.14 17:46:19.135,0.9216,0.92184,1.00,1.00
2018.02.14 17:46:19.186,0.9216,0.92182,1.50,1.00
2018.02.14 17:46:19.656,0.92158,0.9218,1.00,1.00
2018.02.14 17:46:21.208,0.92161,0.92186,1.00,1.00
2018.02.14 17:46:21.259,0.92164,0.92187,1.00,1.00
2018.02.14 17:46:21.809,0.92165,0.92188,1.00,1.00
2018.02.14 17:46:22.349,0.92164,0.92187,1.00,1.00
2018.02.14 17:46:23.864,0.92165,0.92188,1.00,1.00
2018.02.14 17:46:25.217,0.92166,0.92189,1.00,1.00
2018.02.14 17:46:25.737,0.92165,0.92188,1.00,1.00
2018.02.14 17:46:28.267,0.92165,0.9219,1.00,1.00
2018.02.14 17:46:29.376,0.92166,0.92191,1.00,1.00
2018.02.14 17:46:31.157,0.92165,0.9219,1.00,1.00
2018.02.14 17:46:31.208,0.92163,0.92188,1.50,1.00
2018.02.14 17:46:31.572,0.92163,0.92186,1.00,1.00
2018.02.14 17:46:31.905,0.9216,0.92183,1.00,1.00
2018.02.14 17:46:32.347,0.92162,0.92185,1.00,1.00
2018.02.14 17:46:33.587,0.92163,0.92186,1.00,1.00
2018.02.14 17:46:36.361,0.92162,0.92185,1.00,1.00
2018.02.14 17:46:37.671,0.92163,0.92186,1.00,1.00
2018.02.14 17:46:38.809,0.92162,0.92185,1.00,1.00
2018.02.14 17:46:39.020,0.92158,0.92183,1.00,1.00
2018.02.14 17:46:40.232,0.9216,0.92183,1.00,1.00
2018.02.14 17:46:40.671,0.9216,0.92187,1.00,1.00
2018.02.14 17:46:40.728,0.92158,0.92183,1.00,1.00
2018.02.14 17:46:41.278,0.92159,0.92184,1.00,1.00
2018.02.14 17:46:41.726,0.92161,0.92184,1.37,1.00
2018.02.14 17:46:41.878,0.92157,0.92184,1.00,1.00
2018.02.14 17:46:41.929,0.92156,0.92181,1.00,1.00
2018.02.14 17:46:42.331,0.92154,0.92182,1.00,1.00
2018.02.14 17:46:42.437,0.92156,0.92182,1.00,1.00
2018.02.14 17:46:42.739,0.92167,0.9219,1.00,1.00
2018.02.14 17:46:44.062,0.92169,0.92192,1.00,1.00
2018.02.14 17:46:44.733,0.92168,0.92191,1.00,1.00
2018.02.14 17:46:45.079,0.92166,0.92189,1.00,1.00
2018.02.14 17:46:45.180,0.92168,0.92193,1.00,1.00
2018.02.14 17:46:45.605,0.92171,0.92195,1.00,1.00
2018.02.14 17:46:47.096,0.92171,0.92196,1.00,1.00
2018.02.14 17:46:47.512,0.92169,0.92196,1.00,1.00
2018.02.14 17:46:47.582,0.92171,0.92196,1.00,1.00
2018.02.14 17:46:47.633,0.9217,0.92198,1.00,1.00
2018.02.14 17:46:47.683,0.92172,0.92198,1.00,1.00
2018.02.14 17:46:50.825,0.9217,0.92195,1.00,1.00
2018.02.14 17:46:50.926,0.92168,0.92194,2.25,1.00
2018.02.14 17:46:52.011,0.92172,0.92197,1.00,1.00
2018.02.14 17:46:52.314,0.92168,0.92191,1.00,1.00
2018.02.14 17:46:52.420,0.92167,0.92193,1.00,1.00
2018.02.14 17:46:52.619,0.92169,0.92194,1.00,1.00
2018.02.14 17:46:53.071,0.92164,0.9219,1.50,1.00
2018.02.14 17:46:53.122,0.92163,0.92189,1.00,1.00
2018.02.14 17:46:53.224,0.92166,0.92189,1.00,1.00
2018.02.14 17:46:53.376,0.92167,0.92191,1.00,1.00
2018.02.14 17:46:54.276,0.92168,0.92191,1.00,1.00
2018.02.14 17:46:54.978,0.92168,0.92193,1.00,1.00
2018.02.14 17:46:56.389,0.92169,0.92194,1.00,1.00
2018.02.14 17:46:58.182,0.92168,0.92192,1.00,1.00
2018.02.14 17:46:58.233,0.92161,0.92186,1.50,1.00
2018.02.14 17:46:58.284,0.92164,0.9219,1.00,1.00
2018.02.14 17:46:58.336,0.92164,0.92187,1.00,1.00
2018.02.14 17:46:58.437,0.92161,0.92185,1.00,1.00
2018.02.14 17:46:58.640,0.92158,0.92186,1.00,1.00
2018.02.14 17:46:58.798,0.92161,0.92186,1.00,1.00
2018.02.14 17:46:59.331,0.92161,0.92187,1.00,1.00
2018.02.14 17:46:59.634,0.92157,0.92183,1.00,1.00
2018.02.14 17:47:00.441,0.92157,0.9218,1.00,1.00
2018.02.14 17:47:00.541,0.92157,0.92183,1.00,1.00
2018.02.14 17:47:00.592,0.92157,0.92181,1.00,1.00
2018.02.14 17:47:00.970,0.92159,0.92183,1.00,1.00
2018.02.14 17:47:01.286,0.92157,0.92181,1.00,1.00
2018.02.14 17:47:01.543,0.92154,0.9218,1.00,1.00
2018.02.14 17:47:01.644,0.92157,0.92181,1.00,1.00
2018.02.14 17:47:02.252,0.92156,0.92181,1.00,1.00
2018.02.14 17:47:03.026,0.92157,0.92183,1.00,1.00
2018.02.14 17:47:03.710,0.92157,0.92181,1.00,1.00
2018.02.14 17:47:04.215,0.92157,0.92183,1.00,1.00
2018.02.14 17:47:05.266,0.92159,0.92183,1.00,1.00
2018.02.14 17:47:05.826,0.9216,0.92185,1.00,1.50
2018.02.14 17:47:07.134,0.92159,0.92184,1.00,1.00
2018.02.14 17:47:07.295,0.92158,0.92182,1.00,1.00
2018.02.14 17:47:07.401,0.9216,0.92185,1.00,1.00
2018.02.14 17:47:07.452,0.92165,0.92191,1.00,2.25
2018.02.14 17:47:07.684,0.92168,0.92191,1.00,1.00
2018.02.14 17:47:07.735,0.9216,0.92186,1.00,1.00
2018.02.14 17:47:09.142,0.92162,0.92188,1.00,1.00
2018.02.14 17:47:09.456,0.92164,0.9219,1.00,1.00
2018.02.14 17:47:09.767,0.92163,0.92192,1.00,1.50
2018.02.14 17:47:10.318,0.92163,0.92189,1.00,1.00
2018.02.14 17:47:11.965,0.92167,0.9219,1.00,1.00
2018.02.14 17:47:12.067,0.92168,0.92192,1.00,1.00
2018.02.14 17:47:12.169,0.9217,0.92194,1.00,1.00
2018.02.14 17:47:12.714,0.92171,0.92194,1.00,1.00
2018.02.14 17:47:13.692,0.9217,0.92194,1.00,1.00
2018.02.14 17:47:13.891,0.9217,0.92197,1.00,1.00
2018.02.14 17:47:13.941,0.9217,0.92194,1.00,1.00
2018.02.14 17:47:14.606,0.92171,0.92198,1.00,1.00
2018.02.14 17:47:14.657,0.9217,0.92196,1.00,1.00
2018.02.14 17:47:15.014,0.92172,0.92197,1.00,1.00
2018.02.14 17:47:15.960,0.92174,0.922,1.00,1.00
2018.02.14 17:47:16.011,0.92174,0.92197,1.00,1.00
2018.02.14 17:47:16.062,0.92174,0.922,1.00,1.00
2018.02.14 17:47:16.265,0.92176,0.922,1.00,1.00
2018.02.14 17:47:16.417,0.92178,0.92203,1.00,1.00
2018.02.14 17:47:16.927,0.92179,0.92204,1.00,1.00
2018.02.14 17:47:17.277,0.92181,0.92205,1.00,1.50
2018.02.14 17:47:17.641,0.92179,0.92205,1.00,1.50
2018.02.14 17:47:18.072,0.92179,0.92203,1.00,1.00
2018.02.14 17:47:18.521,0.92181,0.92204,1.00,1.00
2018.02.14 17:47:18.600,0.92181,0.92206,1.00,1.00
2018.02.14 17:47:18.800,0.92183,0.92206,1.00,1.00
2018.02.14 17:47:19.140,0.92181,0.92207,1.00,1.00
2018.02.14 17:47:21.037,0.9218,0.92206,1.00,1.00
2018.02.14 17:47:21.138,0.92183,0.92207,1.00,1.00
2018.02.14 17:47:21.664,0.92183,0.92209,1.00,1.00
2018.02.14 17:47:21.948,0.92179,0.92205,1.00,1.00
2018.02.14 17:47:22.252,0.92171,0.92195,1.00,1.00
2018.02.14 17:47:22.432,0.92163,0.92189,1.50,1.00
2018.02.14 17:47:22.826,0.92164,0.92187,1.00,1.00
2018.02.14 17:47:23.086,0.92164,0.92189,1.00,1.00
2018.02.14 17:47:23.137,0.9217,0.92193,1.00,1.00
2018.02.14 17:47:23.446,0.92173,0.92196,1.00,1.00
2018.02.14 17:47:23.961,0.92174,0.92198,1.00,1.00
2018.02.14 17:47:24.123,0.92172,0.92196,1.00,1.00
2018.02.14 17:47:24.624,0.92171,0.92196,1.00,1.00
2018.02.14 17:47:25.297,0.92172,0.92197,1.00,1.00
2018.02.14 17:47:25.500,0.92168,0.92194,1.00,1.00
2018.02.14 17:47:25.653,0.92165,0.92189,1.50,1.00
2018.02.14 17:47:25.754,0.92162,0.92189,1.00,1.00
2018.02.14 17:47:25.855,0.92164,0.92189,1.00,1.00
2018.02.14 17:47:26.275,0.92163,0.92192,1.00,1.00
2018.02.14 17:47:26.808,0.92163,0.92193,1.00,1.00
2018.02.14 17:47:27.267,0.92167,0.92192,1.00,1.00
2018.02.14 17:47:27.553,0.92167,0.92195,1.00,1.00
2018.02.14 17:47:27.604,0.92174,0.92196,1.00,1.50
2018.02.14 17:47:27.857,0.92172,0.92197,1.00,1.00
2018.02.14 17:47:29.236,0.92175,0.92199,1.00,1.00
2018.02.14 17:47:29.626,0.92174,0.92197,1.00,1.00
2018.02.14 17:47:29.773,0.92172,0.92197,1.00,1.00
2018.02.14 17:47:32.170,0.92173,0.92197,1.00,1.00
2018.02.14 17:47:32.721,0.92173,0.92199,1.00,1.00
2018.02.14 17:47:33.282,0.92174,0.92199,1.00,1.00
2018.02.14 17:47:33.333,0.92173,0.92197,1.00,1.00
2018.02.14 17:47:34.496,0.92173,0.92198,1.00,1.00
2018.02.14 17:47:36.229,0.92174,0.922,1.00,1.00
2018.02.14 17:47:36.280,0.92178,0.92201,1.00,1.00
2018.02.14 17:47:36.431,0.92174,0.92198,1.00,1.00
2018.02.14 17:47:36.583,0.92172,0.92197,1.00,1.00
2018.02.14 17:47:37.296,0.92173,0.92198,1.00,1.00
2018.02.14 17:47:37.482,0.92176,0.922,1.00,1.00
2018.02.14 17:47:37.584,0.92174,0.92199,1.00,1.00
2018.02.14 17:47:38.536,0.92173,0.92199,1.00,1.00
2018.02.14 17:47:40.327,0.92174,0.92197,1.00,1.00
2018.02.14 17:47:42.045,0.9217,0.92192,1.00,1.00
2018.02.14 17:47:45.305,0.92164,0.92189,1.00,1.00
2018.02.14 17:47:45.476,0.92166,0.92189,1.00,1.00
2018.02.14 17:47:46.150,0.92167,0.92189,1.00,1.00
2018.02.14 17:47:46.311,0.92168,0.92191,1.00,1.00
2018.02.14 17:47:47.701,0.92167,0.92193,1.00,1.00
2018.02.14 17:47:48.927,0.92169,0.92194,1.00,1.00
2018.02.14 17:47:50.622,0.92166,0.92193,1.00,1.00
2018.02.14 17:47:50.673,0.92167,0.92191,1.00,1.00
2018.02.14 17:47:50.724,0.92165,0.92191,1.00,1.00
2018.02.14 17:47:50.825,0.92165,0.92189,1.00,1.00
2018.02.14 17:47:51.616,0.92166,0.9219,1.00,1.00
2018.02.14 17:47:51.940,0.92168,0.92192,1.00,1.00
2018.02.14 17:47:52.719,0.92167,0.92199,1.60,2.25
2018.02.14 17:47:52.771,0.92175,0.92202,1.00,1.00
2018.02.14 17:47:53.118,0.92184,0.92209,1.00,1.00
2018.02.14 17:47:53.220,0.92182,0.92209,1.00,1.00
2018.02.14 17:47:53.270,0.92184,0.92209,1.00,1.00
2018.02.14 17:47:53.372,0.92182,0.92209,1.00,1.00
2018.02.14 17:47:53.423,0.92182,0.92205,1.00,1.00
2018.02.14 17:47:53.525,0.92179,0.92204,1.00,1.00
2018.02.14 17:47:54.110,0.92178,0.92203,1.00,1.00
2018.02.14 17:47:54.937,0.92179,0.92204,1.00,1.00
2018.02.14 17:47:55.628,0.92179,0.92203,1.00,1.00
2018.02.14 17:47:56.304,0.9218,0.92205,1.00,1.00
2018.02.14 17:47:56.356,0.92182,0.92205,1.00,1.00
2018.02.14 17:47:56.791,0.92184,0.92207,1.00,1.00
2018.02.14 17:47:57.303,0.92183,0.92206,1.00,1.00
2018.02.14 17:47:57.608,0.9218,0.92201,1.00,1.00
2018.02.14 17:47:58.112,0.92179,0.922,1.00,1.00
2018.02.14 17:47:58.528,0.92177,0.922,1.00,1.00
2018.02.14 17:48:00.259,0.92179,0.92201,1.00,1.00
2018.02.14 17:48:02.731,0.92178,0.922,1.00,1.00
2018.02.14 17:48:02.997,0.92179,0.92202,1.00,1.00
2018.02.14 17:48:03.107,0.92183,0.92204,1.00,1.00
2018.02.14 17:48:03.638,0.92184,0.92205,1.00,1.00
2018.02.14 17:48:05.379,0.92185,0.92206,1.00,1.00
2018.02.14 17:48:05.757,0.92188,0.92209,1.00,1.00
2018.02.14 17:48:06.270,0.92187,0.92208,1.00,1.00
2018.02.14 17:48:06.321,0.92187,0.9221,1.00,1.00
2018.02.14 17:48:06.838,0.92187,0.92208,1.00,1.00
2018.02.14 17:48:09.812,0.92184,0.92205,1.00,1.00
2018.02.14 17:48:09.863,0.92184,0.92208,1.00,1.00
2018.02.14 17:48:09.914,0.92186,0.92207,1.00,1.00
2018.02.14 17:48:10.164,0.92186,0.92209,1.00,1.00
2018.02.14 17:48:10.437,0.92186,0.92207,1.00,1.00
2018.02.14 17:48:13.199,0.92187,0.92208,1.00,1.00
2018.02.14 17:48:13.524,0.92188,0.92212,1.00,1.00
2018.02.14 17:48:13.575,0.92191,0.92212,1.00,1.00
2018.02.14 17:48:14.284,0.92192,0.92213,1.00,1.00
2018.02.14 17:48:14.887,0.92191,0.92212,1.00,1.00
2018.02.14 17:48:15.619,0.9219,0.92211,1.00,1.00
2018.02.14 17:48:15.669,0.92188,0.92211,1.00,1.00
2018.02.14 17:48:16.226,0.92187,0.9221,1.00,1.00
2018.02.14 17:48:17.084,0.92187,0.92209,1.00,1.00
2018.02.14 17:48:17.185,0.92186,0.92207,1.00,1.00
2018.02.14 17:48:17.613,0.92182,0.92203,1.00,1.00
2018.02.14 17:48:17.663,0.92179,0.92203,1.00,1.00
2018.02.14 17:48:17.872,0.9218,0.92201,1.00,1.00
2018.02.14 17:48:18.412,0.92181,0.92202,1.00,1.00
2018.02.14 17:48:18.513,0.92182,0.92204,1.00,1.00
2018.02.14 17:48:19.147,0.92184,0.92205,1.00,1.00
2018.02.14 17:48:19.739,0.92183,0.92204,1.00,1.00
2018.02.14 17:48:19.927,0.92182,0.92206,1.00,1.00
2018.02.14 17:48:23.281,0.92184,0.92205,1.00,1.00
2018.02.14 17:48:23.913,0.92182,0.92203,1.00,1.00
2018.02.14 17:48:24.593,0.92182,0.92205,1.00,1.00
2018.02.14 17:48:24.831,0.92184,0.92205,1.00,1.00
2018.02.14 17:48:25.502,0.92184,0.92207,1.00,1.00
2018.02.14 17:48:25.786,0.92181,0.92205,1.00,1.00
2018.02.14 17:48:25.837,0.92182,0.92203,1.00,1.00
2018.02.14 17:48:26.089,0.92177,0.92199,1.00,1.00
2018.02.14 17:48:26.140,0.92176,0.92197,1.00,1.00
2018.02.14 17:48:26.191,0.92174,0.92197,1.00,1.00
2018.02.14 17:48:27.010,0.92176,0.92197,1.00,1.00
2018.02.14 17:48:28.182,0.92174,0.92198,1.00,1.00
2018.02.14 17:48:29.390,0.92176,0.92198,1.00,1.00
2018.02.14 17:48:29.695,0.92175,0.92196,1.00,1.00
2018.02.14 17:48:30.356,0.92173,0.92195,1.00,1.00
2018.02.14 17:48:31.956,0.92173,0.92197,1.00,1.00
2018.02.14 17:48:32.690,0.92174,0.92196,1.00,1.00
2018.02.14 17:48:33.891,0.92173,0.92196,1.00,1.00
2018.02.14 17:48:34.683,0.92174,0.92197,1.00,1.00
2018.02.14 17:48:34.784,0.92174,0.92195,1.00,1.00
2018.02.14 17:48:34.961,0.92175,0.92198,1.00,1.00
2018.02.14 17:48:35.073,0.92175,0.92196,1.00,1.00
2018.02.14 17:48:35.124,0.92173,0.92195,1.00,1.00
2018.02.14 17:48:35.414,0.92175,0.92198,1.00,1.00
2018.02.14 17:48:36.088,0.92176,0.92198,1.00,1.00
2018.02.14 17:48:36.378,0.92177,0.922,1.00,1.00
2018.02.14 17:48:39.252,0.92178,0.922,1.00,1.00
2018.02.14 17:48:39.946,0.92178,0.92201,1.00,1.00
2018.02.14 17:48:41.977,0.92177,0.92199,1.00,1.00
2018.02.14 17:48:42.254,0.92179,0.92203,1.00,1.00
2018.02.14 17:48:42.461,0.9218,0.92201,1.00,1.00
2018.02.14 17:48:43.334,0.92178,0.922,1.00,1.00
2018.02.14 17:48:43.600,0.92176,0.922,1.00,1.00
2018.02.14 17:48:43.785,0.92179,0.92201,1.00,1.00
2018.02.14 17:48:43.937,0.92177,0.92201,1.00,1.00
2018.02.14 17:48:44.053,0.92178,0.92199,1.00,1.00
2018.02.14 17:48:44.301,0.92182,0.92204,1.00,1.00
2018.02.14 17:48:44.604,0.9218,0.92204,1.00,1.00
2018.02.14 17:48:45.569,0.92181,0.92204,1.00,1.00
2018.02.14 17:48:45.670,0.92182,0.92206,1.00,1.00
2018.02.14 17:48:45.721,0.92182,0.92204,1.00,1.00
2018.02.14 17:48:46.096,0.92184,0.92205,1.00,1.00
2018.02.14 17:48:46.149,0.92181,0.92203,1.00,1.00
2018.02.14 17:48:46.768,0.92184,0.92205,1.00,1.00
2018.02.14 17:48:47.320,0.92181,0.92205,1.00,1.00
2018.02.14 17:48:47.547,0.92181,0.92202,1.00,1.00
2018.02.14 17:48:47.655,0.92182,0.92204,1.00,1.00
2018.02.14 17:48:47.859,0.92181,0.92202,1.00,1.00
2018.02.14 17:48:49.561,0.92179,0.92201,1.00,1.00
2018.02.14 17:48:49.743,0.92179,0.92203,1.00,1.00
2018.02.14 17:48:51.290,0.92178,0.92202,1.00,1.00
2018.02.14 17:48:52.538,0.9218,0.92202,1.00,1.00
2018.02.14 17:48:53.084,0.92179,0.922,1.00,1.00
2018.02.14 17:48:53.419,0.92181,0.92202,1.00,1.00
2018.02.14 17:48:53.985,0.92179,0.922,1.00,1.00
2018.02.14 17:48:54.087,0.92179,0.92202,1.00,1.00
2018.02.14 17:48:54.976,0.92179,0.92201,1.00,1.00
2018.02.14 17:48:55.614,0.92179,0.922,1.00,1.00
2018.02.14 17:48:56.684,0.92177,0.92201,1.00,1.00
2018.02.14 17:48:57.213,0.92178,0.92199,1.00,1.00
2018.02.14 17:48:57.264,0.92176,0.922,1.00,1.00
2018.02.14 17:48:57.314,0.92178,0.92202,1.00,1.00
2018.02.14 17:48:57.617,0.92181,0.92202,1.00,1.00
2018.02.14 17:48:57.677,0.92179,0.92202,1.00,1.00
2018.02.14 17:48:57.728,0.92177,0.92201,1.00,1.00
2018.02.14 17:48:57.853,0.9218,0.92201,1.00,1.00
2018.02.14 17:48:57.904,0.92177,0.92201,1.00,1.00
2018.02.14 17:48:58.116,0.9218,0.92201,1.00,1.00
2018.02.14 17:48:58.435,0.92178,0.922,1.00,1.00
2018.02.14 17:48:58.486,0.9218,0.92201,1.00,1.00
2018.02.14 17:48:59.217,0.92181,0.92202,1.00,1.00
2018.02.14 17:49:00.466,0.92179,0.922,1.00,1.00
2018.02.14 17:49:01.169,0.92176,0.92197,1.00,1.00
2018.02.14 17:49:01.520,0.92177,0.92199,1.00,1.00
2018.02.14 17:49:02.028,0.92176,0.92198,1.00,1.00
2018.02.14 17:49:02.129,0.92171,0.92195,1.00,1.00
2018.02.14 17:49:02.332,0.92173,0.92197,1.00,1.00
2018.02.14 17:49:03.528,0.92173,0.92194,1.00,1.00
2018.02.14 17:49:03.960,0.92174,0.92197,1.00,1.00
2018.02.14 17:49:04.475,0.92174,0.92198,1.00,1.00
2018.02.14 17:49:04.560,0.92174,0.92196,1.00,1.00
2018.02.14 17:49:05.175,0.92175,0.92197,1.00,1.00
2018.02.14 17:49:05.991,0.92177,0.92201,1.00,1.00
2018.02.14 17:49:06.042,0.9218,0.92201,1.00,1.00
2018.02.14 17:49:06.516,0.92177,0.92198,1.00,1.00
2018.02.14 17:49:06.567,0.92174,0.92197,1.00,1.00
2018.02.14 17:49:06.750,0.92173,0.92195,1.00,1.00
2018.02.14 17:49:07.377,0.92171,0.92192,1.00,1.00
2018.02.14 17:49:08.857,0.92164,0.92185,2.25,1.00
2018.02.14 17:49:08.958,0.92162,0.92185,1.00,1.00
2018.02.14 17:49:09.009,0.92158,0.92178,1.00,1.00
2018.02.14 17:49:09.515,0.92155,0.92179,1.12,1.00
2018.02.14 17:49:09.667,0.92152,0.92179,1.00,1.00
2018.02.14 17:49:09.720,0.92151,0.92177,2.62,1.00
2018.02.14 17:49:10.087,0.92151,0.92171,1.00,1.00
2018.02.14 17:49:10.376,0.9215,0.92174,1.00,1.00
2018.02.14 17:49:10.591,0.92151,0.92172,1.00,1.00
2018.02.14 17:49:10.642,0.92149,0.92172,1.00,1.00
2018.02.14 17:49:10.693,0.92148,0.9217,1.00,1.00
2018.02.14 17:49:15.992,0.92155,0.92178,1.00,1.00
2018.02.14 17:49:16.144,0.92158,0.92179,1.00,1.00
2018.02.14 17:49:16.973,0.92159,0.9218,1.00,1.00
2018.02.14 17:49:17.075,0.92157,0.92181,1.00,1.00
2018.02.14 17:49:17.737,0.92159,0.92181,1.00,1.00
2018.02.14 17:49:17.889,0.92155,0.92178,1.50,1.00
2018.02.14 17:49:19.157,0.92156,0.92179,1.00,1.00
2018.02.14 17:49:19.638,0.92158,0.92179,1.00,1.00
2018.02.14 17:49:24.596,0.92157,0.92179,1.00,1.00
2018.02.14 17:49:25.254,0.92156,0.92178,1.50,1.00
2018.02.14 17:49:25.706,0.92158,0.9218,1.00,1.00
2018.02.14 17:49:26.298,0.92157,0.92179,1.00,1.00
2018.02.14 17:49:26.762,0.92154,0.92178,1.00,1.00
2018.02.14 17:49:26.813,0.92154,0.92175,1.00,1.00
2018.02.14 17:49:27.015,0.92151,0.92174,1.00,1.00
2018.02.14 17:49:27.065,0.92153,0.92174,1.00,1.00
2018.02.14 17:49:27.709,0.92152,0.92174,1.00,1.00
2018.02.14 17:49:27.760,0.9215,0.92174,1.00,1.00
2018.02.14 17:49:28.197,0.92152,0.92175,1.00,1.00
2018.02.14 17:49:28.807,0.92152,0.92176,1.00,1.00
2018.02.14 17:49:31.735,0.92151,0.92176,1.00,1.00
2018.02.14 17:49:32.410,0.92152,0.92176,1.00,1.00
2018.02.14 17:49:32.912,0.92152,0.92175,1.00,1.00
2018.02.14 17:49:35.846,0.92153,0.92175,1.00,1.00
2018.02.14 17:49:37.261,0.92155,0.92176,1.00,1.00
2018.02.14 17:49:37.383,0.92154,0.92178,1.00,1.00
2018.02.14 17:49:38.358,0.92155,0.92178,1.00,1.00
2018.02.14 17:49:40.599,0.9216,0.92183,1.00,1.00
2018.02.14 17:49:41.413,0.92161,0.92184,1.00,1.00
2018.02.14 17:49:41.831,0.92159,0.92182,1.00,1.00
2018.02.14 17:49:42.617,0.92161,0.92183,1.00,1.00
2018.02.14 17:49:42.668,0.92156,0.9218,1.00,1.00
2018.02.14 17:49:42.718,0.92158,0.92179,1.00,1.00
2018.02.14 17:49:42.823,0.92159,0.92182,1.00,1.00
2018.02.14 17:49:42.920,0.92161,0.92182,1.00,1.00
2018.02.14 17:49:43.021,0.92156,0.9218,1.12,1.00
2018.02.14 17:49:43.642,0.92155,0.92182,1.00,1.00
2018.02.14 17:49:44.168,0.92154,0.92181,1.00,1.00
2018.02.14 17:49:44.227,0.92157,0.92181,1.00,1.00
2018.02.14 17:49:44.613,0.92154,0.9218,1.00,1.00
2018.02.14 17:49:44.714,0.92154,0.92178,1.00,1.00
2018.02.14 17:49:45.283,0.92154,0.92177,1.00,1.00
2018.02.14 17:49:45.863,0.92153,0.92179,1.00,1.00
2018.02.14 17:49:46.733,0.92155,0.92179,1.00,1.00
2018.02.14 17:49:47.490,0.92154,0.92175,1.00,1.00
2018.02.14 17:49:47.863,0.92151,0.92172,1.00,1.00
2018.02.14 17:49:48.199,0.92152,0.92175,1.00,1.00
2018.02.14 17:49:48.903,0.92152,0.92173,1.00,1.00
2018.02.14 17:49:49.056,0.92152,0.92177,1.00,1.00
2018.02.14 17:49:49.157,0.92152,0.92174,1.00,1.00
2018.02.14 17:49:50.748,0.92153,0.92175,1.00,1.00
2018.02.14 17:49:51.316,0.92152,0.92174,1.00,1.00
2018.02.14 17:49:52.308,0.92153,0.92175,1.00,1.00
2018.02.14 17:49:52.750,0.92153,0.92177,1.00,1.00
2018.02.14 17:49:53.421,0.92154,0.92178,1.00,1.00
2018.02.14 17:49:53.777,0.92154,0.92175,1.00,1.00
2018.02.14 17:49:54.509,0.92153,0.92174,1.00,1.00
2018.02.14 17:49:55.180,0.92152,0.92178,1.00,1.00
2018.02.14 17:49:55.431,0.92152,0.92175,1.00,1.00
2018.02.14 17:49:56.140,0.92154,0.92177,1.00,1.00
2018.02.14 17:49:56.412,0.92154,0.9218,1.00,1.00
2018.02.14 17:49:56.633,0.92155,0.92176,1.00,1.00
2018.02.14 17:49:57.506,0.92155,0.92178,1.00,1.00
2018.02.14 17:49:59.472,0.92156,0.92178,1.00,1.00
2018.02.14 17:50:00.071,0.92155,0.92182,1.00,1.00
2018.02.14 17:50:00.485,0.92156,0.92179,1.00,1.00
2018.02.14 17:50:00.725,0.92154,0.92178,1.00,1.00
2018.02.14 17:50:00.776,0.92154,0.92176,1.00,1.00
2018.02.14 17:50:01.671,0.92155,0.92177,1.00,1.00
2018.02.14 17:50:02.575,0.92156,0.92179,1.00,1.00
2018.02.14 17:50:03.112,0.92162,0.92182,1.00,1.50
2018.02.14 17:50:03.308,0.92164,0.92185,1.00,1.00
2018.02.14 17:50:04.179,0.92163,0.92187,1.00,1.00
2018.02.14 17:50:04.679,0.92165,0.92189,1.00,1.00
2018.02.14 17:50:05.014,0.92168,0.9219,1.00,1.00
2018.02.14 17:50:05.065,0.92165,0.9219,1.00,1.00
2018.02.14 17:50:05.222,0.92171,0.92194,1.00,1.00
2018.02.14 17:50:05.476,0.92173,0.92197,1.00,1.00
2018.02.14 17:50:05.607,0.9217,0.92193,1.00,1.00
2018.02.14 17:50:05.940,0.92165,0.92187,1.00,1.00
2018.02.14 17:50:06.041,0.92163,0.92188,1.00,1.00
2018.02.14 17:50:08.355,0.92164,0.92186,1.00,1.00
2018.02.14 17:50:08.616,0.92162,0.92186,1.00,1.00
2018.02.14 17:50:08.888,0.92167,0.92191,1.00,1.00
2018.02.14 17:50:09.192,0.92164,0.92188,1.00,1.00
2018.02.14 17:50:09.562,0.92166,0.92189,1.00,1.00
2018.02.14 17:50:10.519,0.92165,0.92189,1.00,1.00
2018.02.14 17:50:10.895,0.92167,0.92189,1.00,1.00
2018.02.14 17:50:11.193,0.92165,0.92189,1.00,1.00
2018.02.14 17:50:11.493,0.92163,0.92187,1.00,1.00
2018.02.14 17:50:12.085,0.92164,0.92189,1.00,1.00
2018.02.14 17:50:12.775,0.92165,0.92189,1.00,1.00
2018.02.14 17:50:12.978,0.92166,0.92191,1.00,1.00
2018.02.14 17:50:13.654,0.92168,0.92191,1.00,1.00
2018.02.14 17:50:14.437,0.92167,0.92191,1.00,1.00
2018.02.14 17:50:16.191,0.92167,0.92193,1.00,1.00
2018.02.14 17:50:16.450,0.92165,0.92192,1.00,1.00
2018.02.14 17:50:17.211,0.92168,0.92192,1.00,1.00
2018.02.14 17:50:17.576,0.9217,0.92194,1.00,1.00
2018.02.14 17:50:18.002,0.9217,0.92192,1.00,1.00
2018.02.14 17:50:18.653,0.92168,0.92192,1.00,1.00
2018.02.14 17:50:20.391,0.9217,0.92192,1.00,1.00
2018.02.14 17:50:20.979,0.92169,0.92193,1.00,1.00
2018.02.14 17:50:24.425,0.92169,0.92191,1.00,1.00
2018.02.14 17:50:24.476,0.9217,0.92194,1.00,1.00
2018.02.14 17:50:24.620,0.9217,0.92192,1.00,1.00
2018.02.14 17:50:24.984,0.92171,0.92194,1.00,1.00
2018.02.14 17:50:25.610,0.9217,0.92194,1.00,1.00
2018.02.14 17:50:25.771,0.92173,0.92194,1.00,1.00
2018.02.14 17:50:25.821,0.92171,0.92195,1.00,1.00
2018.02.14 17:50:25.872,0.92171,0.92193,1.00,1.00
2018.02.14 17:50:25.976,0.92176,0.922,1.00,1.00
2018.02.14 17:50:26.252,0.92179,0.92201,1.00,1.00
2018.02.14 17:50:26.636,0.92176,0.92198,1.00,1.00
2018.02.14 17:50:27.404,0.92175,0.92197,1.00,1.00
2018.02.14 17:50:27.937,0.92176,0.92199,1.00,1.00
2018.02.14 17:50:28.440,0.92176,0.92198,1.00,1.00
2018.02.14 17:50:28.542,0.92174,0.92198,1.00,1.00
2018.02.14 17:50:28.797,0.92176,0.922,1.00,1.00
2018.02.14 17:50:29.098,0.92176,0.92198,1.00,1.00
2018.02.14 17:50:30.406,0.92174,0.92198,1.00,1.00
2018.02.14 17:50:32.814,0.92174,0.92195,1.00,1.00
2018.02.14 17:50:33.059,0.92172,0.92194,1.00,1.00
2018.02.14 17:50:33.387,0.9217,0.92192,1.00,1.00
2018.02.14 17:50:33.438,0.9217,0.92194,1.00,1.00
2018.02.14 17:50:34.305,0.92172,0.92196,1.00,1.00
2018.02.14 17:50:34.619,0.92178,0.92202,1.00,1.00
2018.02.14 17:50:35.158,0.9218,0.92203,1.00,1.00
2018.02.14 17:50:35.612,0.92175,0.922,2.25,1.00
2018.02.14 17:50:35.728,0.92173,0.92198,1.00,1.00
2018.02.14 17:50:36.129,0.92175,0.92198,1.00,1.00
2018.02.14 17:50:36.712,0.92174,0.92197,1.00,1.00
2018.02.14 17:50:37.064,0.92172,0.92195,1.00,1.00
2018.02.14 17:50:38.087,0.9217,0.92195,1.00,1.00
2018.02.14 17:50:38.138,0.92169,0.92192,1.00,1.00
2018.02.14 17:50:38.967,0.92167,0.9219,1.00,1.00
2018.02.14 17:50:39.018,0.92165,0.9219,1.00,1.00
2018.02.14 17:50:39.069,0.92163,0.92188,1.00,1.00
2018.02.14 17:50:39.371,0.92165,0.92187,1.00,1.00
2018.02.14 17:50:39.911,0.92164,0.92186,1.00,1.00
2018.02.14 17:50:40.786,0.92163,0.92186,1.00,1.00
2018.02.14 17:50:41.296,0.92163,0.92189,1.00,1.00
2018.02.14 17:50:41.826,0.92163,0.92188,1.00,1.00
2018.02.14 17:50:42.363,0.92164,0.92188,1.00,1.00
2018.02.14 17:50:42.990,0.92164,0.92187,1.00,1.00
2018.02.14 17:50:43.092,0.92162,0.92186,1.00,1.00
2018.02.14 17:50:43.143,0.92159,0.92182,1.00,1.00
2018.02.14 17:50:43.489,0.92157,0.9218,1.00,1.00
2018.02.14 17:50:44.912,0.92159,0.92182,1.00,1.00
2018.02.14 17:50:45.217,0.92162,0.92186,1.00,1.75
2018.02.14 17:50:45.318,0.9216,0.92185,1.00,1.50
2018.02.14 17:50:45.765,0.92162,0.92185,1.00,1.00
2018.02.14 17:50:45.816,0.92159,0.92183,1.00,1.00
2018.02.14 17:50:45.918,0.92159,0.92185,1.00,1.00
2018.02.14 17:50:46.019,0.92159,0.92182,1.00,1.00
2018.02.14 17:50:47.611,0.92159,0.92183,1.00,1.00
2018.02.14 17:50:48.112,0.9216,0.92184,1.00,1.00
2018.02.14 17:50:48.839,0.9216,0.92186,1.00,1.00
2018.02.14 17:50:49.674,0.92161,0.92186,1.00,1.00
2018.02.14 17:50:55.267,0.92161,0.92185,1.00,1.00
2018.02.14 17:50:56.544,0.9216,0.92185,1.00,1.00
2018.02.14 17:50:59.366,0.92161,0.92185,1.00,1.00
2018.02.14 17:51:00.015,0.92163,0.92186,1.00,1.00
2018.02.14 17:51:00.602,0.92161,0.92186,1.00,1.00
2018.02.14 17:51:01.135,0.92162,0.92186,1.00,1.00
2018.02.14 17:51:01.366,0.92164,0.92188,1.00,1.00
2018.02.14 17:51:01.668,0.92161,0.92185,1.00,1.00
2018.02.14 17:51:01.820,0.92159,0.92184,1.00,1.00
2018.02.14 17:51:03.091,0.92159,0.92183,1.00,1.00
2018.02.14 17:51:03.470,0.9216,0.92185,1.00,1.00
2018.02.14 17:51:04.210,0.92161,0.92185,1.00,1.00
2018.02.14 17:51:06.979,0.92164,0.92188,1.00,1.00
2018.02.14 17:51:07.657,0.92166,0.92189,1.00,1.00
2018.02.14 17:51:08.055,0.92166,0.92191,1.00,1.00
2018.02.14 17:51:10.796,0.92165,0.92191,1.00,1.00
2018.02.14 17:51:11.235,0.92168,0.92192,1.00,1.00
2018.02.14 17:51:12.179,0.92167,0.92191,1.00,1.00
2018.02.14 17:51:15.036,0.92168,0.92192,1.00,1.00
2018.02.14 17:51:16.842,0.9217,0.92193,1.00,1.00
2018.02.14 17:51:17.776,0.92168,0.92193,1.00,1.00
2018.02.14 17:51:17.827,0.9217,0.92194,1.00,1.00
2018.02.14 17:51:18.360,0.9217,0.92193,1.00,1.00
2018.02.14 17:51:19.756,0.92168,0.92192,1.00,1.00
2018.02.14 17:51:20.952,0.92168,0.92194,1.00,1.00
2018.02.14 17:51:21.196,0.92167,0.92192,1.00,1.00
2018.02.14 17:51:21.297,0.92163,0.92189,1.00,1.00
2018.02.14 17:51:21.970,0.92165,0.92189,1.00,1.00
2018.02.14 17:51:22.038,0.92163,0.92188,1.00,1.00
2018.02.14 17:51:22.088,0.92166,0.9219,1.00,1.50
2018.02.14 17:51:22.189,0.92167,0.92192,1.00,1.00
2018.02.14 17:51:22.498,0.92166,0.9219,1.00,1.00
2018.02.14 17:51:23.611,0.92164,0.9219,1.00,1.00
2018.02.14 17:51:23.662,0.92166,0.9219,1.00,1.00
2018.02.14 17:51:23.814,0.92164,0.92189,1.00,1.00
2018.02.14 17:51:24.035,0.92164,0.92187,1.00,1.00
2018.02.14 17:51:24.085,0.92164,0.9219,1.00,1.00
2018.02.14 17:51:24.137,0.92166,0.9219,1.00,1.00
2018.02.14 17:51:24.652,0.92168,0.92193,1.00,1.00
2018.02.14 17:51:24.753,0.92166,0.9219,1.00,1.00
2018.02.14 17:51:25.030,0.92161,0.92186,1.00,1.00
2018.02.14 17:51:25.083,0.9216,0.92184,1.00,1.00
2018.02.14 17:51:25.777,0.92159,0.92184,1.00,1.00
2018.02.14 17:51:26.162,0.92161,0.92185,1.00,1.00
2018.02.14 17:51:26.264,0.92159,0.92185,1.00,1.00
2018.02.14 17:51:26.314,0.92157,0.92183,1.00,1.00
2018.02.14 17:51:26.690,0.92161,0.92185,1.00,1.00
2018.02.14 17:51:27.032,0.92158,0.92184,1.00,1.00
2018.02.14 17:51:28.465,0.92162,0.92186,1.00,1.00
2018.02.14 17:51:28.566,0.92163,0.92188,1.00,1.00
2018.02.14 17:51:28.768,0.92159,0.92185,1.50,1.00
2018.02.14 17:51:29.145,0.92162,0.92187,1.00,1.00
2018.02.14 17:51:29.768,0.92162,0.92186,1.00,1.00
2018.02.14 17:51:30.446,0.92164,0.92187,1.00,1.00
2018.02.14 17:51:32.493,0.92165,0.92189,1.00,1.00
2018.02.14 17:51:32.549,0.92167,0.9219,1.00,1.00
2018.02.14 17:51:32.599,0.92165,0.9219,1.00,1.00
2018.02.14 17:51:32.650,0.92164,0.92188,1.00,1.00
2018.02.14 17:51:32.953,0.92167,0.9219,1.00,1.00
2018.02.14 17:51:34.705,0.92168,0.92192,1.00,1.00
2018.02.14 17:51:35.020,0.92166,0.9219,1.00,1.00
2018.02.14 17:51:35.121,0.92167,0.92193,1.00,1.00
2018.02.14 17:51:35.171,0.92169,0.92193,1.00,1.00
2018.02.14 17:51:35.222,0.92169,0.92197,1.00,1.00
2018.02.14 17:51:35.674,0.92173,0.92197,1.00,1.00
2018.02.14 17:51:36.290,0.92174,0.922,1.00,1.00
2018.02.14 17:51:36.441,0.92175,0.92198,1.00,1.00
2018.02.14 17:51:37.304,0.92175,0.922,1.00,1.00
2018.02.14 17:51:40.307,0.92176,0.92199,1.00,1.00
2018.02.14 17:51:40.595,0.92176,0.92201,1.00,1.00
2018.02.14 17:51:40.696,0.92173,0.92198,1.00,1.00
2018.02.14 17:51:41.257,0.92174,0.92199,1.00,1.00
2018.02.14 17:51:41.623,0.92173,0.92196,1.00,1.00
2018.02.14 17:51:42.967,0.92171,0.92195,1.00,1.00
2018.02.14 17:51:43.570,0.92172,0.92196,1.00,1.00
2018.02.14 17:51:44.699,0.9217,0.92195,1.00,1.00
2018.02.14 17:51:44.817,0.92173,0.92196,1.00,1.00
2018.02.14 17:51:45.358,0.92176,0.92199,1.00,1.00
2018.02.14 17:51:45.409,0.92175,0.92201,1.00,1.00
2018.02.14 17:51:45.690,0.92175,0.92198,1.00,1.00
2018.02.14 17:51:48.225,0.92174,0.922,1.00,1.00
2018.02.14 17:51:48.276,0.92172,0.92196,1.00,1.00
2018.02.14 17:51:49.124,0.92172,0.92195,1.00,1.00
2018.02.14 17:51:49.526,0.92174,0.92197,1.00,1.00
2018.02.14 17:51:50.138,0.92173,0.92196,1.00,1.00
2018.02.14 17:51:50.847,0.92173,0.92198,1.00,1.00
2018.02.14 17:51:51.024,0.92171,0.92194,1.00,1.00
2018.02.14 17:51:51.490,0.92172,0.92197,1.00,1.00
2018.02.14 17:51:52.137,0.92173,0.92199,1.00,1.00
2018.02.14 17:51:52.257,0.92175,0.922,1.00,1.00
2018.02.14 17:51:52.982,0.92174,0.92199,1.00,1.00
2018.02.14 17:51:53.093,0.92175,0.92201,1.00,1.00
2018.02.14 17:51:53.144,0.92176,0.92199,1.00,1.00
2018.02.14 17:51:53.983,0.92176,0.92198,1.00,1.00
2018.02.14 17:51:55.670,0.92175,0.922,1.00,1.00
2018.02.14 17:51:55.907,0.92175,0.92198,1.00,1.00
2018.02.14 17:51:56.078,0.92175,0.922,1.00,1.00
2018.02.14 17:51:57.318,0.92174,0.92197,1.00,1.00
2018.02.14 17:51:57.369,0.92174,0.92199,1.00,1.00
2018.02.14 17:51:57.419,0.92173,0.92196,1.50,1.00
2018.02.14 17:51:57.470,0.92173,0.92198,1.00,1.00
2018.02.14 17:51:57.521,0.92176,0.92199,1.00,1.00
2018.02.14 17:51:57.572,0.92176,0.92201,1.00,1.00
2018.02.14 17:51:57.723,0.92176,0.92199,1.00,1.00
2018.02.14 17:51:58.130,0.92176,0.92201,1.00,1.00
2018.02.14 17:51:58.334,0.92178,0.92201,1.00,1.00
2018.02.14 17:51:58.541,0.92173,0.92198,1.00,1.00
2018.02.14 17:51:58.744,0.92173,0.92196,1.00,1.00
2018.02.14 17:51:59.366,0.92171,0.92194,1.00,1.00
2018.02.14 17:51:59.468,0.92169,0.92194,1.00,1.00
2018.02.14 17:51:59.670,0.92169,0.92192,1.00,1.00
2018.02.14 17:52:00.318,0.92168,0.92191,1.00,1.00
2018.02.14 17:52:00.629,0.92165,0.92188,1.00,1.00
2018.02.14 17:52:03.005,0.92165,0.9219,1.00,1.00
2018.02.14 17:52:03.106,0.9216,0.92191,1.50,1.00
2018.02.14 17:52:03.158,0.92164,0.92187,1.00,1.00
2018.02.14 17:52:03.260,0.92162,0.92187,1.00,1.00
2018.02.14 17:52:03.679,0.92164,0.92187,1.00,1.00
2018.02.14 17:52:05.290,0.92165,0.92188,1.00,1.00
2018.02.14 17:52:05.933,0.92163,0.92188,1.00,1.00
2018.02.14 17:52:06.748,0.92162,0.92185,1.00,1.00
2018.02.14 17:52:07.091,0.92153,0.92176,1.00,1.00
2018.02.14 17:52:08.489,0.92152,0.92179,1.00,1.00
2018.02.14 17:52:08.593,0.92152,0.92177,1.00,1.00
2018.02.14 17:52:09.015,0.92152,0.92175,1.00,1.00
2018.02.14 17:52:11.860,0.92152,0.92177,1.00,1.00
2018.02.14 17:52:12.066,0.92152,0.92175,1.00,1.00
2018.02.14 17:52:12.339,0.9215,0.92175,1.00,1.00
2018.02.14 17:52:12.592,0.9215,0.92173,1.00,1.00
2018.02.14 17:52:12.743,0.92148,0.92173,1.00,1.00
2018.02.14 17:52:13.373,0.9215,0.92173,1.00,1.00
2018.02.14 17:52:13.712,0.92153,0.92178,1.00,1.00
2018.02.14 17:52:13.763,0.92153,0.92175,1.00,1.00
2018.02.14 17:52:15.600,0.9215,0.92175,1.00,1.00
2018.02.14 17:52:15.658,0.9215,0.92173,1.00,1.00
2018.02.14 17:52:16.208,0.92149,0.92172,1.00,1.00
2018.02.14 17:52:16.536,0.92155,0.92178,1.00,1.00
2018.02.14 17:52:17.218,0.92156,0.92179,1.00,1.00
2018.02.14 17:52:17.738,0.92158,0.92181,1.00,1.00
2018.02.14 17:52:18.241,0.92157,0.92181,1.00,1.00
2018.02.14 17:52:18.554,0.92156,0.92179,1.00,1.00
2018.02.14 17:52:18.605,0.92154,0.92179,1.00,1.00
2018.02.14 17:52:18.758,0.92152,0.92177,1.00,1.00
2018.02.14 17:52:19.088,0.92154,0.92177,1.00,1.00
2018.02.14 17:52:21.230,0.92152,0.92177,1.50,1.00
2018.02.14 17:52:21.332,0.92154,0.92177,1.00,1.00
2018.02.14 17:52:21.848,0.92156,0.92179,1.00,1.00
2018.02.14 17:52:22.115,0.92167,0.92192,1.00,1.50
2018.02.14 17:52:23.025,0.92168,0.92191,1.00,1.00
2018.02.14 17:52:23.351,0.92165,0.9219,1.00,1.00
2018.02.14 17:52:24.080,0.92168,0.92191,1.00,1.00
2018.02.14 17:52:24.371,0.92162,0.92186,1.00,1.00
2018.02.14 17:52:24.523,0.92163,0.92188,1.00,1.00
2018.02.14 17:52:25.686,0.92166,0.92189,1.00,1.00
2018.02.14 17:52:26.740,0.92161,0.92186,1.00,1.00
2018.02.14 17:52:26.891,0.92161,0.92184,1.00,1.00
2018.02.14 17:52:27.042,0.92158,0.92184,1.00,1.00
2018.02.14 17:52:27.093,0.92158,0.92182,1.00,1.00
2018.02.14 17:52:27.703,0.92157,0.9218,1.00,1.00
2018.02.14 17:52:28.578,0.92161,0.92184,1.00,1.00
2018.02.14 17:52:29.065,0.92164,0.92187,1.00,1.00
2018.02.14 17:52:29.381,0.92156,0.92179,1.00,1.00
2018.02.14 17:52:29.706,0.92162,0.92184,1.00,1.00
2018.02.14 17:52:29.824,0.92159,0.92182,1.00,1.00
2018.02.14 17:52:29.926,0.92156,0.92179,1.00,1.50
2018.02.14 17:52:30.248,0.92159,0.92179,1.00,1.50
2018.02.14 17:52:30.354,0.92159,0.92182,1.00,1.00
2018.02.14 17:52:31.248,0.92162,0.92184,1.00,1.00
2018.02.14 17:52:31.299,0.92162,0.92187,1.00,1.50
2018.02.14 17:52:31.554,0.92165,0.92188,1.00,1.00
2018.02.14 17:52:31.606,0.92163,0.92188,1.00,1.00
2018.02.14 17:52:31.788,0.92163,0.92186,1.00,1.00
2018.02.14 17:52:32.107,0.92165,0.92188,1.00,1.00
2018.02.14 17:52:32.658,0.92164,0.92187,1.00,1.00
2018.02.14 17:52:33.112,0.92166,0.92189,1.00,1.00
2018.02.14 17:52:33.651,0.92167,0.9219,1.00,1.00
2018.02.14 17:52:37.643,0.92166,0.92189,1.00,1.00
2018.02.14 17:52:37.897,0.92169,0.92194,1.00,1.00
2018.02.14 17:52:38.411,0.92168,0.92193,1.00,1.00
2018.02.14 17:52:39.887,0.92166,0.92191,1.00,1.00
2018.02.14 17:52:40.194,0.92162,0.92187,1.00,1.00
2018.02.14 17:52:40.750,0.92161,0.92186,1.00,1.00
2018.02.14 17:52:41.395,0.92165,0.92188,1.00,1.00
2018.02.14 17:52:41.757,0.92166,0.92191,1.00,1.00
2018.02.14 17:52:42.279,0.92171,0.92194,1.00,2.25
2018.02.14 17:52:42.584,0.92169,0.92194,1.00,2.25
2018.02.14 17:52:44.589,0.92171,0.92196,1.00,1.00
2018.02.14 17:52:44.894,0.92173,0.92196,1.00,1.00
2018.02.14 17:52:45.592,0.92173,0.92198,1.00,1.00
2018.02.14 17:52:46.044,0.92172,0.92196,1.00,1.00
2018.02.14 17:52:46.567,0.92171,0.92195,1.00,1.00
2018.02.14 17:52:47.083,0.92172,0.92196,1.00,1.00
2018.02.14 17:52:47.800,0.92173,0.92196,1.00,1.00
2018.02.14 17:52:48.661,0.92172,0.92195,1.00,1.00
2018.02.14 17:52:48.712,0.92172,0.92197,1.00,1.00
2018.02.14 17:52:48.814,0.92172,0.92195,1.00,1.00
2018.02.14 17:52:49.271,0.9217,0.92193,1.00,1.00
2018.02.14 17:52:49.852,0.92168,0.92191,1.00,1.00
2018.02.14 17:52:49.903,0.92168,0.92193,1.00,1.00
2018.02.14 17:52:49.954,0.9217,0.92193,1.00,1.00
2018.02.14 17:52:50.310,0.92173,0.92196,1.00,1.00
2018.02.14 17:52:50.789,0.9217,0.92194,1.00,1.00
2018.02.14 17:52:51.418,0.92171,0.92194,1.00,1.00
2018.02.14 17:52:53.085,0.92169,0.92194,1.00,1.00
2018.02.14 17:52:55.958,0.9217,0.92195,1.00,1.00
2018.02.14 17:52:57.622,0.92172,0.92195,1.00,1.00
2018.02.14 17:52:58.234,0.9217,0.92193,1.00,1.00
2018.02.14 17:52:58.577,0.92172,0.92195,1.00,1.00
2018.02.14 17:52:59.591,0.92175,0.92198,1.00,1.00
2018.02.14 17:53:00.992,0.92185,0.92201,1.00,1.50
2018.02.14 17:53:01.042,0.92183,0.92201,1.00,1.00
2018.02.14 17:53:01.094,0.92187,0.9221,1.00,1.00
2018.02.14 17:53:01.246,0.92187,0.92212,1.00,1.12
2018.02.14 17:53:01.348,0.92187,0.9221,1.00,1.00
2018.02.14 17:53:01.618,0.92184,0.92208,1.00,1.00
2018.02.14 17:53:01.719,0.92184,0.92206,1.00,1.00
2018.02.14 17:53:01.971,0.92188,0.92211,1.00,1.50
2018.02.14 17:53:02.123,0.92188,0.92209,1.00,1.00
2018.02.14 17:53:02.224,0.92188,0.92211,1.00,1.00
2018.02.14 17:53:02.325,0.92188,0.92209,1.00,1.00
2018.02.14 17:53:02.375,0.92185,0.92208,1.00,1.00
2018.02.14 17:53:02.526,0.92187,0.92208,1.00,1.00
2018.02.14 17:53:02.761,0.92184,0.92208,1.00,1.00
2018.02.14 17:53:03.422,0.92186,0.92207,1.00,1.00
2018.02.14 17:53:03.882,0.92186,0.9221,1.00,1.00
2018.02.14 17:53:04.085,0.92188,0.92211,1.00,1.00
2018.02.14 17:53:04.789,0.9219,0.92211,1.00,1.00
2018.02.14 17:53:05.034,0.92188,0.9221,1.00,1.00
2018.02.14 17:53:06.137,0.92188,0.92209,1.00,1.00
2018.02.14 17:53:06.934,0.92187,0.92209,1.00,1.00
2018.02.14 17:53:07.460,0.92186,0.92208,1.00,1.00
2018.02.14 17:53:09.979,0.92186,0.92207,1.00,1.00
2018.02.14 17:53:10.867,0.92185,0.92206,1.00,1.00
2018.02.14 17:53:12.230,0.92185,0.92209,1.00,1.00
2018.02.14 17:53:12.331,0.92185,0.92207,1.00,1.00
2018.02.14 17:53:12.634,0.92182,0.92204,1.00,1.00
2018.02.14 17:53:13.164,0.92181,0.92204,1.00,1.00
2018.02.14 17:53:13.503,0.9218,0.92201,1.00,1.00
2018.02.14 17:53:13.664,0.92177,0.922,1.00,1.00
2018.02.14 17:53:13.766,0.92177,0.92198,1.00,1.00
2018.02.14 17:53:13.867,0.92175,0.92198,1.00,1.00
2018.02.14 17:53:14.372,0.92176,0.92199,1.00,1.00
2018.02.14 17:53:14.572,0.92176,0.92197,1.00,1.00
2018.02.14 17:53:14.738,0.92173,0.92196,1.00,1.00
2018.02.14 17:53:14.792,0.92173,0.92194,1.00,1.00
2018.02.14 17:53:15.331,0.92174,0.92195,1.00,1.00
2018.02.14 17:53:15.906,0.92178,0.92199,1.00,1.00
2018.02.14 17:53:15.957,0.92178,0.92202,1.00,1.00
2018.02.14 17:53:16.287,0.92181,0.92202,1.00,1.00
2018.02.14 17:53:16.590,0.92183,0.92204,1.00,1.00
2018.02.14 17:53:16.905,0.92181,0.92204,1.00,1.00
2018.02.14 17:53:17.860,0.92181,0.92203,1.00,1.00
2018.02.14 17:53:21.328,0.9218,0.92203,1.00,1.00
2018.02.14 17:53:22.851,0.92182,0.92203,1.00,1.00
2018.02.14 17:53:23.304,0.92181,0.92205,1.00,1.00
2018.02.14 17:53:23.851,0.92182,0.92205,1.00,1.00
2018.02.14 17:53:24.853,0.92184,0.92205,1.00,1.00
2018.02.14 17:53:25.716,0.92183,0.92207,1.00,1.00
2018.02.14 17:53:26.056,0.92184,0.92205,1.00,1.00
2018.02.14 17:53:27.167,0.92183,0.92204,1.00,1.00
2018.02.14 17:53:28.386,0.92184,0.92205,1.00,1.00
2018.02.14 17:53:29.710,0.92184,0.92208,1.00,1.00
2018.02.14 17:53:30.438,0.92184,0.92206,1.00,1.00
2018.02.14 17:53:31.993,0.92181,0.92205,1.00,1.00
2018.02.14 17:53:32.044,0.92184,0.92205,1.00,1.00
2018.02.14 17:53:35.279,0.92184,0.92208,1.00,1.00
2018.02.14 17:53:35.476,0.92186,0.92207,1.00,1.00
2018.02.14 17:53:35.714,0.92183,0.92207,1.00,1.00
2018.02.14 17:53:36.112,0.92187,0.92208,1.00,1.00
2018.02.14 17:53:36.867,0.92186,0.92207,1.00,1.00
2018.02.14 17:53:37.120,0.92187,0.9221,1.00,1.00
2018.02.14 17:53:37.414,0.92187,0.92208,1.00,1.00
2018.02.14 17:53:37.515,0.92185,0.92209,1.00,1.00
2018.02.14 17:53:37.702,0.92187,0.92208,1.00,1.00
2018.02.14 17:53:37.753,0.92185,0.92207,1.00,1.00
2018.02.14 17:53:38.473,0.92186,0.92208,1.00,1.00
2018.02.14 17:53:39.494,0.92186,0.92207,1.00,1.00
2018.02.14 17:53:39.545,0.92184,0.92206,1.00,1.00
2018.02.14 17:53:39.796,0.92182,0.92204,1.00,1.00
2018.02.14 17:53:40.308,0.92182,0.92203,1.00,1.00
2018.02.14 17:53:43.911,0.92183,0.92204,1.00,1.00
2018.02.14 17:53:45.068,0.92184,0.92205,1.00,1.00
2018.02.14 17:53:46.838,0.92183,0.92204,1.00,1.00
2018.02.14 17:53:47.313,0.92181,0.92202,1.00,1.00
2018.02.14 17:53:47.363,0.92179,0.92201,1.00,1.00
2018.02.14 17:53:47.415,0.92176,0.92198,1.00,1.00
2018.02.14 17:53:47.929,0.92176,0.92197,1.00,1.00
2018.02.14 17:53:48.387,0.92173,0.92197,1.00,1.00
2018.02.14 17:53:49.836,0.92178,0.922,1.00,1.00
2018.02.14 17:53:49.988,0.92175,0.92198,1.00,1.00
2018.02.14 17:53:50.138,0.92177,0.922,1.00,1.00
2018.02.14 17:53:50.875,0.92178,0.92199,1.00,1.00
2018.02.14 17:53:51.026,0.92176,0.92198,1.00,1.00
2018.02.14 17:53:51.127,0.92179,0.922,1.00,1.00
2018.02.14 17:53:51.434,0.92175,0.92198,1.00,1.00
2018.02.14 17:53:53.832,0.92174,0.92197,1.00,1.00
2018.02.14 17:53:54.337,0.92175,0.92198,1.00,1.00
2018.02.14 17:53:56.117,0.92176,0.92199,1.00,1.00
2018.02.14 17:53:59.746,0.92175,0.92198,1.00,1.00
2018.02.14 17:54:00.204,0.92178,0.92199,1.00,1.00
2018.02.14 17:54:04.785,0.92178,0.92202,1.00,1.00
2018.02.14 17:54:04.836,0.9218,0.92201,1.00,1.00
2018.02.14 17:54:04.887,0.9218,0.92203,1.00,1.00
2018.02.14 17:54:04.938,0.9218,0.92201,1.00,1.00
2018.02.14 17:54:04.989,0.92181,0.92204,1.00,1.00
2018.02.14 17:54:05.786,0.9218,0.92203,1.00,1.00
2018.02.14 17:54:08.443,0.92179,0.92203,1.00,1.00
2018.02.14 17:54:09.794,0.92178,0.92202,1.00,1.00
2018.02.14 17:54:09.845,0.92176,0.922,1.00,1.00
2018.02.14 17:54:10.645,0.92176,0.92199,1.00,1.00
2018.02.14 17:54:11.157,0.92178,0.92199,1.00,1.00
2018.02.14 17:54:11.739,0.92179,0.922,1.00,1.00
2018.02.14 17:54:11.841,0.92181,0.92203,1.00,1.00
2018.02.14 17:54:12.343,0.92181,0.92204,1.00,1.00
2018.02.14 17:54:12.627,0.92179,0.92203,1.00,1.00
2018.02.14 17:54:14.812,0.92178,0.92202,1.00,1.00
2018.02.14 17:54:14.864,0.92175,0.92196,1.00,1.00
2018.02.14 17:54:15.987,0.92176,0.92197,1.00,1.00
2018.02.14 17:54:16.185,0.92176,0.922,1.00,1.00
2018.02.14 17:54:16.340,0.92175,0.92197,1.00,1.00
2018.02.14 17:54:16.441,0.92173,0.92196,1.00,1.00
2018.02.14 17:54:17.148,0.92174,0.92195,1.00,1.00
2018.02.14 17:54:17.369,0.92175,0.92197,1.00,1.00
2018.02.14 17:54:18.639,0.92177,0.922,1.00,1.00
2018.02.14 17:54:18.706,0.92175,0.92198,1.00,1.00
2018.02.14 17:54:19.465,0.92175,0.92196,1.00,1.00
2018.02.14 17:54:21.224,0.92175,0.92199,1.00,1.00
2018.02.14 17:54:21.274,0.92177,0.922,1.00,1.00
2018.02.14 17:54:22.651,0.92178,0.92201,1.00,1.00
2018.02.14 17:54:22.957,0.92178,0.92199,1.00,1.00
2018.02.14 17:54:23.058,0.92176,0.92198,1.00,1.00
2018.02.14 17:54:23.413,0.92177,0.922,1.00,1.00
2018.02.14 17:54:23.465,0.92176,0.92197,1.00,1.00
2018.02.14 17:54:24.075,0.92175,0.92196,1.00,1.00
2018.02.14 17:54:24.126,0.92176,0.92198,1.00,1.00
2018.02.14 17:54:25.619,0.92177,0.92198,1.00,1.00
2018.02.14 17:54:25.670,0.92177,0.922,1.00,1.00
2018.02.14 17:54:25.722,0.92179,0.92201,1.00,1.00
2018.02.14 17:54:26.886,0.92178,0.92201,1.00,1.00
2018.02.14 17:54:27.898,0.92176,0.92197,1.50,1.00
2018.02.14 17:54:28.189,0.92174,0.92197,1.50,1.00
2018.02.14 17:54:28.240,0.92177,0.92198,1.00,1.00
2018.02.14 17:54:29.526,0.92175,0.92196,1.00,1.00
2018.02.14 17:54:30.237,0.92173,0.92196,1.00,1.00
2018.02.14 17:54:30.814,0.92172,0.92195,1.00,1.00
2018.02.14 17:54:31.018,0.92175,0.92196,1.00,1.00
2018.02.14 17:54:32.061,0.92174,0.92198,1.00,1.00
2018.02.14 17:54:33.108,0.92175,0.92198,1.00,1.00
2018.02.14 17:54:33.533,0.92175,0.92196,1.00,1.00
2018.02.14 17:54:34.261,0.92175,0.92197,1.00,1.00
2018.02.14 17:54:34.367,0.92173,0.92196,2.25,1.00
2018.02.14 17:54:35.835,0.92172,0.92195,1.00,1.00
2018.02.14 17:54:35.886,0.92174,0.92196,1.00,1.00
2018.02.14 17:54:36.342,0.92172,0.92193,1.00,1.00
2018.02.14 17:54:36.629,0.92173,0.92195,1.00,1.00
2018.02.14 17:54:37.134,0.92173,0.92196,1.00,1.00
2018.02.14 17:54:37.757,0.92173,0.92194,1.00,1.00
2018.02.14 17:54:37.808,0.92174,0.92196,1.00,1.00
2018.02.14 17:54:37.859,0.92175,0.92198,1.00,1.00
2018.02.14 17:54:37.960,0.92173,0.92197,1.00,1.00
2018.02.14 17:54:41.167,0.92175,0.92196,1.00,1.00
2018.02.14 17:54:42.914,0.92174,0.92195,1.00,1.00
2018.02.14 17:54:43.403,0.92174,0.92197,1.00,1.00
2018.02.14 17:54:43.685,0.92176,0.92197,1.00,1.00
2018.02.14 17:54:44.302,0.92175,0.92196,1.00,1.00
2018.02.14 17:54:48.040,0.92174,0.92198,1.00,1.00
2018.02.14 17:54:48.580,0.92175,0.92196,1.00,1.00
2018.02.14 17:54:49.094,0.92176,0.92197,1.00,1.00
2018.02.14 17:54:49.246,0.92179,0.92201,1.00,1.00
2018.02.14 17:54:49.297,0.9218,0.92203,1.00,1.00
2018.02.14 17:54:49.511,0.92183,0.92204,1.00,1.00
2018.02.14 17:54:50.236,0.92182,0.92206,1.00,1.00
2018.02.14 17:54:53.194,0.92183,0.92207,1.00,1.00
2018.02.14 17:54:54.152,0.92182,0.92205,1.00,1.00
2018.02.14 17:54:54.519,0.92186,0.92207,1.00,1.00
2018.02.14 17:54:55.656,0.92183,0.92207,1.00,1.00
2018.02.14 17:54:55.707,0.92185,0.92206,1.00,1.00
2018.02.14 17:54:57.204,0.92185,0.92209,1.00,1.00
2018.02.14 17:54:57.785,0.92187,0.92209,1.00,1.00
2018.02.14 17:54:57.888,0.92188,0.92211,1.00,1.00
2018.02.14 17:54:58.040,0.92188,0.92209,1.00,1.00
2018.02.14 17:54:58.503,0.92191,0.92212,1.00,1.00
2018.02.14 17:54:58.557,0.92189,0.92212,1.00,1.00
2018.02.14 17:54:59.988,0.9219,0.92212,1.00,1.00
2018.02.14 17:55:00.521,0.9219,0.92213,1.00,1.00
2018.02.14 17:55:01.122,0.9219,0.92212,1.00,1.00
2018.02.14 17:55:05.405,0.92191,0.92212,1.00,1.00
2018.02.14 17:55:10.777,0.9219,0.92214,1.00,1.00
2018.02.14 17:55:11.228,0.92191,0.92212,1.00,1.00
2018.02.14 17:55:12.309,0.92189,0.92213,1.00,1.00
2018.02.14 17:55:12.359,0.92191,0.92212,1.00,1.00
2018.02.14 17:55:13.190,0.92191,0.92213,1.00,1.00
2018.02.14 17:55:13.731,0.92191,0.92212,1.00,1.00
2018.02.14 17:55:13.833,0.92189,0.92212,1.00,1.00
2018.02.14 17:55:13.935,0.92191,0.92212,1.00,1.00
2018.02.14 17:55:14.236,0.92189,0.9221,1.00,1.00
2018.02.14 17:55:16.836,0.92187,0.9221,1.00,1.00
2018.02.14 17:55:17.816,0.92187,0.92209,1.00,1.00
2018.02.14 17:55:18.604,0.92187,0.92208,1.00,1.00
2018.02.14 17:55:19.012,0.92184,0.92205,1.00,1.00
2018.02.14 17:55:19.518,0.92185,0.92206,1.00,1.00
2018.02.14 17:55:19.620,0.92183,0.92206,1.00,1.00
2018.02.14 17:55:19.974,0.92181,0.92205,1.00,1.00
2018.02.14 17:55:21.475,0.92182,0.92205,1.00,1.00
2018.02.14 17:55:22.837,0.92183,0.92206,1.00,1.00
2018.02.14 17:55:22.938,0.92182,0.92203,1.00,1.00
2018.02.14 17:55:23.242,0.92184,0.92205,1.00,1.00
2018.02.14 17:55:23.293,0.92184,0.92207,1.00,1.00
2018.02.14 17:55:25.338,0.92182,0.92206,1.00,1.00
2018.02.14 17:55:25.494,0.92184,0.92207,1.00,1.00
2018.02.14 17:55:25.545,0.92182,0.92206,1.00,1.00
2018.02.14 17:55:26.049,0.92183,0.92207,1.00,1.00
2018.02.14 17:55:26.852,0.92182,0.92205,1.00,1.00
2018.02.14 17:55:27.629,0.92183,0.92207,1.00,1.00
2018.02.14 17:55:31.274,0.92183,0.92204,1.00,1.00
2018.02.14 17:55:33.180,0.92183,0.92205,1.00,1.00
2018.02.14 17:55:34.256,0.92183,0.92206,1.00,1.00
2018.02.14 17:55:34.766,0.92183,0.92205,1.00,1.00
2018.02.14 17:55:34.817,0.92183,0.92207,1.00,1.00
2018.02.14 17:55:35.258,0.92186,0.92207,1.00,1.00
2018.02.14 17:55:35.756,0.92183,0.92204,1.00,1.00
2018.02.14 17:55:36.306,0.92182,0.92204,1.00,1.00
2018.02.14 17:55:38.625,0.9218,0.92201,1.00,1.00
2018.02.14 17:55:38.727,0.92178,0.922,1.00,1.00
2018.02.14 17:55:40.811,0.92177,0.922,1.00,1.00
2018.02.14 17:55:40.950,0.92182,0.92203,1.00,1.00
2018.02.14 17:55:41.155,0.92179,0.92201,1.00,1.00
2018.02.14 17:55:41.695,0.92178,0.92202,1.00,1.00
2018.02.14 17:55:44.030,0.92179,0.92202,1.00,1.00
2018.02.14 17:55:45.905,0.92182,0.92203,1.00,1.00
2018.02.14 17:55:46.046,0.92182,0.92205,1.00,1.00
2018.02.14 17:55:48.208,0.92181,0.92205,1.00,1.00
2018.02.14 17:55:48.647,0.92181,0.92202,1.00,1.00
2018.02.14 17:55:49.158,0.92181,0.92204,1.00,1.00
2018.02.14 17:55:51.455,0.9218,0.92201,1.00,1.00
2018.02.14 17:55:54.236,0.92177,0.92201,1.00,1.00
2018.02.14 17:55:55.816,0.92178,0.92199,1.00,1.00
2018.02.14 17:55:56.367,0.92178,0.92201,1.00,1.00
2018.02.14 17:55:59.615,0.92176,0.92199,1.00,1.00
2018.02.14 17:55:59.918,0.92179,0.922,1.00,1.00
2018.02.14 17:56:00.471,0.92178,0.92201,1.00,1.00
2018.02.14 17:56:03.088,0.92176,0.92199,1.00,1.00
2018.02.14 17:56:03.565,0.92176,0.92197,1.00,1.00
2018.02.14 17:56:04.066,0.92175,0.92196,1.00,1.00
2018.02.14 17:56:04.258,0.92176,0.92198,1.00,1.00
2018.02.14 17:56:04.411,0.92174,0.92195,1.00,1.00
2018.02.14 17:56:04.464,0.92172,0.92195,1.00,1.00
2018.02.14 17:56:04.616,0.92174,0.92195,1.00,1.00
2018.02.14 17:56:05.232,0.92174,0.92197,1.00,1.00
2018.02.14 17:56:08.993,0.92176,0.92197,1.00,1.00
2018.02.14 17:56:09.044,0.92174,0.92197,1.00,1.00
2018.02.14 17:56:11.397,0.92176,0.92197,1.00,1.00
2018.02.14 17:56:12.661,0.92175,0.92199,1.00,1.00
2018.02.14 17:56:13.238,0.92176,0.92199,1.00,1.00
2018.02.14 17:56:13.418,0.92176,0.92197,1.00,1.00
2018.02.14 17:56:13.661,0.92174,0.92197,1.00,1.00
2018.02.14 17:56:14.673,0.92174,0.92195,1.00,1.00
2018.02.14 17:56:15.393,0.92175,0.92196,1.00,1.00
2018.02.14 17:56:15.444,0.92172,0.92196,1.00,1.00
2018.02.14 17:56:17.567,0.92173,0.92194,1.00,1.00
2018.02.14 17:56:18.221,0.92171,0.92195,1.00,1.00
2018.02.14 17:56:18.722,0.92174,0.92195,1.00,1.00
2018.02.14 17:56:20.215,0.92173,0.92194,1.00,1.00
2018.02.14 17:56:22.904,0.92173,0.92196,1.00,1.00
2018.02.14 17:56:23.411,0.92174,0.92197,1.00,1.00
2018.02.14 17:56:24.333,0.92171,0.92195,1.00,1.00
2018.02.14 17:56:24.714,0.92172,0.92193,1.00,1.00
2018.02.14 17:56:24.990,0.92172,0.92196,1.00,1.00
2018.02.14 17:56:25.509,0.92172,0.92193,1.00,1.00
2018.02.14 17:56:25.818,0.92175,0.92198,1.00,1.00
2018.02.14 17:56:25.869,0.92175,0.92196,1.00,1.00
2018.02.14 17:56:25.920,0.92175,0.92199,1.00,1.00
2018.02.14 17:56:26.421,0.92175,0.92198,1.00,1.00
2018.02.14 17:56:26.750,0.92174,0.92195,1.00,1.00
2018.02.14 17:56:27.386,0.92175,0.92196,1.00,1.00
2018.02.14 17:56:29.202,0.92174,0.92198,1.00,1.00
2018.02.14 17:56:29.949,0.92171,0.92193,1.00,1.00
2018.02.14 17:56:30.259,0.92174,0.92196,1.00,1.00
2018.02.14 17:56:30.310,0.92174,0.92198,1.00,1.00
2018.02.14 17:56:30.411,0.92176,0.92197,1.00,1.00
2018.02.14 17:56:30.563,0.92176,0.922,1.00,1.00
2018.02.14 17:56:31.127,0.92176,0.92197,1.00,1.00
2018.02.14 17:56:31.846,0.92175,0.92197,1.00,1.00
2018.02.14 17:56:33.292,0.92175,0.92199,1.00,1.00
2018.02.14 17:56:33.427,0.92176,0.92197,1.00,1.00
2018.02.14 17:56:34.929,0.92174,0.92197,1.00,1.00
2018.02.14 17:56:35.441,0.92173,0.92196,1.00,1.00
2018.02.14 17:56:40.114,0.92175,0.92196,1.00,1.00
2018.02.14 17:56:40.165,0.92175,0.92198,1.00,1.00
2018.02.14 17:56:40.713,0.92173,0.92196,1.00,1.00
2018.02.14 17:56:41.253,0.92174,0.92197,1.00,1.00
2018.02.14 17:56:43.179,0.92174,0.92196,1.00,1.00
2018.02.14 17:56:45.058,0.92174,0.92195,1.00,1.00
2018.02.14 17:56:45.862,0.92178,0.92201,1.00,1.00
2018.02.14 17:56:47.363,0.92177,0.92198,1.00,1.00
2018.02.14 17:56:48.137,0.92176,0.92198,1.00,1.00
2018.02.14 17:56:48.717,0.92174,0.92196,1.00,1.00
2018.02.14 17:56:48.823,0.92175,0.92198,1.00,1.00
2018.02.14 17:56:48.874,0.92173,0.92196,1.00,1.00
2018.02.14 17:56:48.975,0.92171,0.92195,1.00,1.00
2018.02.14 17:56:49.509,0.9217,0.92192,1.00,1.00
2018.02.14 17:56:50.828,0.92168,0.92192,1.00,1.00
2018.02.14 17:56:51.232,0.92167,0.9219,1.00,1.00
2018.02.14 17:56:51.944,0.92166,0.92189,1.00,1.00
2018.02.14 17:56:52.356,0.92168,0.92189,1.00,1.00
2018.02.14 17:56:53.032,0.92169,0.92191,1.00,1.00
2018.02.14 17:56:53.331,0.92167,0.9219,1.00,1.00
2018.02.14 17:56:54.027,0.92168,0.92191,1.00,1.00
2018.02.14 17:56:54.964,0.92169,0.92193,1.00,1.00
2018.02.14 17:56:55.418,0.9217,0.92191,1.00,1.00
2018.02.14 17:56:56.091,0.9217,0.92193,1.00,1.00
2018.02.14 17:56:57.521,0.92169,0.92192,1.00,1.00
2018.02.14 17:56:59.990,0.92171,0.92192,1.00,1.00
2018.02.14 17:57:00.563,0.92172,0.92193,1.00,1.00
2018.02.14 17:57:01.357,0.92172,0.92195,1.00,1.00
2018.02.14 17:57:02.053,0.92176,0.92197,1.00,1.00
2018.02.14 17:57:02.250,0.92179,0.92203,1.00,1.00
2018.02.14 17:57:02.300,0.92178,0.92199,1.00,1.00
2018.02.14 17:57:03.141,0.92179,0.922,1.00,1.00
2018.02.14 17:57:03.195,0.92176,0.92199,1.00,1.00
2018.02.14 17:57:05.996,0.92181,0.92204,1.00,1.00
2018.02.14 17:57:08.899,0.92182,0.92206,1.00,1.00
2018.02.14 17:57:10.245,0.9218,0.92203,1.00,1.00
2018.02.14 17:57:10.573,0.92177,0.922,1.00,1.00
2018.02.14 17:57:11.124,0.92177,0.92201,1.00,1.00
2018.02.14 17:57:12.128,0.92177,0.922,1.00,1.00
2018.02.14 17:57:16.686,0.92178,0.922,1.00,1.00
2018.02.14 17:57:18.884,0.92178,0.92199,1.00,1.00
2018.02.14 17:57:20.193,0.92177,0.92198,1.00,1.00
2018.02.14 17:57:20.928,0.92177,0.92202,1.00,1.00
2018.02.14 17:57:21.688,0.92177,0.922,1.00,1.00
2018.02.14 17:57:22.814,0.92176,0.92199,1.00,1.00
2018.02.14 17:57:23.392,0.92177,0.922,1.00,1.00
2018.02.14 17:57:24.343,0.92175,0.92199,1.00,1.00
2018.02.14 17:57:24.445,0.92177,0.922,1.00,1.00
2018.02.14 17:57:25.737,0.92174,0.92199,1.00,1.00
2018.02.14 17:57:26.042,0.92176,0.922,1.00,1.00
2018.02.14 17:57:26.497,0.92178,0.92199,1.00,1.00
2018.02.14 17:57:26.685,0.92175,0.92198,1.00,1.00
2018.02.14 17:57:26.736,0.92177,0.92199,1.00,1.00
2018.02.14 17:57:27.247,0.92177,0.92198,1.00,1.00
2018.02.14 17:57:27.473,0.92175,0.92197,1.00,1.00
2018.02.14 17:57:27.686,0.92177,0.92198,1.00,1.00
2018.02.14 17:57:28.787,0.92173,0.92196,1.00,1.00
2018.02.14 17:57:28.839,0.92175,0.92197,1.00,1.00
2018.02.14 17:57:29.382,0.92178,0.92199,1.00,1.00
2018.02.14 17:57:30.110,0.92179,0.922,1.00,1.00
2018.02.14 17:57:30.822,0.92176,0.92198,1.00,1.00
2018.02.14 17:57:31.340,0.92176,0.92197,1.00,1.00
2018.02.14 17:57:31.412,0.92175,0.922,1.00,1.00
2018.02.14 17:57:31.966,0.92177,0.922,1.00,1.00
2018.02.14 17:57:32.272,0.92174,0.92199,1.00,1.00
2018.02.14 17:57:32.323,0.92177,0.92202,1.00,1.00
2018.02.14 17:57:33.077,0.9218,0.92203,1.00,1.00
2018.02.14 17:57:33.232,0.9218,0.92205,1.00,1.00
2018.02.14 17:57:33.283,0.92179,0.92202,1.00,1.00
2018.02.14 17:57:35.447,0.92177,0.92202,1.00,1.00
2018.02.14 17:57:35.498,0.92174,0.922,1.00,1.00
2018.02.14 17:57:36.032,0.92175,0.92201,1.00,1.00
2018.02.14 17:57:37.143,0.92175,0.92198,1.00,1.00
2018.02.14 17:57:38.965,0.92174,0.92199,1.00,1.00
2018.02.14 17:57:39.346,0.92172,0.92197,1.00,1.00
2018.02.14 17:57:39.910,0.92172,0.92195,1.00,1.00
2018.02.14 17:57:41.568,0.92172,0.92196,1.00,1.00
2018.02.14 17:57:43.160,0.92174,0.92197,1.00,1.00
2018.02.14 17:57:44.096,0.92173,0.92198,1.00,1.00
2018.02.14 17:57:44.793,0.92172,0.92197,1.00,1.00
2018.02.14 17:57:45.265,0.92175,0.92198,1.00,1.00
2018.02.14 17:57:46.449,0.92174,0.92197,1.00,1.00
2018.02.14 17:57:46.500,0.92175,0.922,1.00,1.00
2018.02.14 17:57:46.738,0.92173,0.92196,1.00,1.00
2018.02.14 17:57:47.087,0.92178,0.92201,1.00,1.00
2018.02.14 17:57:48.174,0.92179,0.92202,1.00,1.00
2018.02.14 17:57:48.617,0.92177,0.922,1.00,1.00
2018.02.14 17:57:49.167,0.92176,0.92199,1.00,1.00
2018.02.14 17:57:49.943,0.92175,0.92198,1.00,1.00
2018.02.14 17:57:52.667,0.92174,0.92197,1.00,1.00
2018.02.14 17:57:53.208,0.92173,0.92196,1.00,1.00
2018.02.14 17:57:54.419,0.92177,0.922,1.00,1.00
2018.02.14 17:57:54.780,0.92175,0.92198,1.00,1.00
2018.02.14 17:57:54.831,0.92173,0.92198,1.00,1.00
2018.02.14 17:57:54.964,0.9217,0.92193,1.00,1.00
2018.02.14 17:57:56.558,0.92168,0.92193,1.00,1.00
2018.02.14 17:57:59.205,0.92172,0.92195,1.00,1.00
2018.02.14 17:57:59.256,0.92172,0.92197,1.00,1.00
2018.02.14 17:57:59.432,0.9217,0.92195,1.00,1.00
2018.02.14 17:58:00.057,0.92173,0.92196,1.00,1.00
2018.02.14 17:58:00.108,0.92173,0.92198,1.00,1.00
2018.02.14 17:58:00.258,0.92171,0.92194,1.00,1.00
2018.02.14 17:58:00.809,0.9217,0.92193,1.00,1.00
2018.02.14 17:58:01.176,0.92168,0.92193,1.00,1.00
2018.02.14 17:58:01.997,0.92171,0.92194,1.00,1.00
2018.02.14 17:58:02.535,0.9217,0.92193,1.00,1.00
2018.02.14 17:58:03.115,0.9217,0.92195,1.00,1.00
2018.02.14 17:58:05.732,0.92172,0.92195,1.00,1.00
2018.02.14 17:58:06.883,0.92171,0.92194,1.00,1.00
2018.02.14 17:58:09.338,0.92172,0.92195,1.00,1.00
2018.02.14 17:58:09.389,0.92173,0.92198,1.00,1.00
2018.02.14 17:58:09.441,0.92173,0.92196,1.00,1.00
2018.02.14 17:58:09.544,0.92174,0.92199,1.00,1.00
2018.02.14 17:58:10.296,0.92175,0.922,1.00,1.00
2018.02.14 17:58:11.638,0.92174,0.92199,1.00,1.00
2018.02.14 17:58:12.537,0.92177,0.922,1.00,1.00
2018.02.14 17:58:12.759,0.92175,0.922,1.00,1.00
2018.02.14 17:58:13.140,0.92174,0.92197,1.00,1.00
2018.02.14 17:58:14.558,0.92175,0.922,1.00,1.00
2018.02.14 17:58:14.929,0.92173,0.92198,1.00,1.00
2018.02.14 17:58:15.288,0.92173,0.92196,1.00,1.00
2018.02.14 17:58:15.339,0.92174,0.92199,1.00,1.00
2018.02.14 17:58:15.390,0.92174,0.92197,1.00,1.00
2018.02.14 17:58:16.114,0.92172,0.92197,1.00,1.00
2018.02.14 17:58:16.330,0.92175,0.92198,1.00,1.00
2018.02.14 17:58:16.431,0.92172,0.92197,1.00,1.00
2018.02.14 17:58:17.236,0.92174,0.92197,1.00,1.00
2018.02.14 17:58:17.338,0.92174,0.92199,1.00,1.00
2018.02.14 17:58:17.389,0.92174,0.92197,1.00,1.00
2018.02.14 17:58:17.928,0.92172,0.92195,1.00,1.00
2018.02.14 17:58:18.962,0.92173,0.92198,1.00,1.00
2018.02.14 17:58:20.617,0.92171,0.92196,1.00,1.00
2018.02.14 17:58:21.197,0.92172,0.92197,1.00,1.00
2018.02.14 17:58:22.049,0.92174,0.92199,1.00,1.00
2018.02.14 17:58:22.570,0.92173,0.92198,1.00,1.00
2018.02.14 17:58:22.889,0.92176,0.92199,1.00,1.00
2018.02.14 17:58:25.191,0.92176,0.92201,1.00,1.00
2018.02.14 17:58:25.487,0.92178,0.92201,1.00,1.00
2018.02.14 17:58:25.798,0.92186,0.92208,1.00,1.50
2018.02.14 17:58:25.899,0.92183,0.92208,1.00,1.00
2018.02.14 17:58:28.076,0.92184,0.92209,1.00,1.00
2018.02.14 17:58:30.282,0.92186,0.92211,1.00,1.00
2018.02.14 17:58:31.982,0.92185,0.92208,1.00,1.00
2018.02.14 17:58:32.516,0.92182,0.92207,1.00,1.00
2018.02.14 17:58:33.062,0.92183,0.92208,1.00,1.00
2018.02.14 17:58:33.163,0.92185,0.92208,1.00,1.00
2018.02.14 17:58:33.467,0.9218,0.92203,1.00,1.00
2018.02.14 17:58:33.518,0.92178,0.92203,1.00,1.00
2018.02.14 17:58:34.041,0.92179,0.92204,1.00,1.00
2018.02.14 17:58:34.748,0.92177,0.92203,1.00,1.00
2018.02.14 17:58:35.265,0.92177,0.92202,1.00,1.00
2018.02.14 17:58:35.316,0.92177,0.922,1.00,1.00
2018.02.14 17:58:36.012,0.92181,0.92206,1.00,2.25
2018.02.14 17:58:36.063,0.92181,0.92206,1.00,1.50
2018.02.14 17:58:36.165,0.92183,0.92206,1.00,1.00
2018.02.14 17:58:36.216,0.92181,0.92206,1.00,1.00
2018.02.14 17:58:36.746,0.92182,0.92207,1.00,1.00
2018.02.14 17:58:38.912,0.9218,0.92203,1.00,1.00
2018.02.14 17:58:39.438,0.92179,0.92202,1.00,1.00
2018.02.14 17:58:41.195,0.92179,0.92204,1.00,1.00
2018.02.14 17:58:41.246,0.92177,0.922,1.00,1.00
2018.02.14 17:58:44.491,0.92178,0.922,1.00,1.00
2018.02.14 17:58:44.624,0.92175,0.922,1.00,1.00
2018.02.14 17:58:44.840,0.92175,0.92198,1.00,1.00
2018.02.14 17:58:45.791,0.92174,0.92197,1.00,1.00
2018.02.14 17:58:46.340,0.92176,0.92199,1.00,1.00
2018.02.14 17:58:48.986,0.92176,0.92201,1.00,1.00
2018.02.14 17:58:49.138,0.92178,0.92203,1.00,1.00
2018.02.14 17:58:49.696,0.92179,0.92202,1.00,1.00
2018.02.14 17:58:50.270,0.92176,0.92201,1.00,1.00
2018.02.14 17:58:50.321,0.92178,0.92203,1.00,1.00
2018.02.14 17:58:51.764,0.92177,0.92202,1.00,1.00
2018.02.14 17:58:52.328,0.92176,0.92201,1.00,1.00
2018.02.14 17:58:53.519,0.92175,0.922,1.00,1.00
2018.02.14 17:59:00.080,0.92177,0.922,1.00,1.00
2018.02.14 17:59:00.131,0.92174,0.922,1.00,1.00
2018.02.14 17:59:00.182,0.92176,0.92199,1.00,1.00
2018.02.14 17:59:00.374,0.92176,0.92201,1.00,1.00
2018.02.14 17:59:00.475,0.92178,0.92203,1.00,1.00
2018.02.14 17:59:00.979,0.92177,0.92202,1.00,1.00
2018.02.14 17:59:01.531,0.92178,0.92203,1.00,1.00
2018.02.14 17:59:01.850,0.9218,0.92203,1.00,1.00
2018.02.14 17:59:02.081,0.92178,0.92203,1.00,1.00
2018.02.14 17:59:02.437,0.92181,0.92204,1.00,1.00
2018.02.14 17:59:03.591,0.92182,0.92205,1.00,1.00
2018.02.14 17:59:04.226,0.92183,0.92206,1.00,1.00
2018.02.14 17:59:04.677,0.92183,0.92208,1.00,1.00
2018.02.14 17:59:04.960,0.92186,0.92209,1.00,1.00
2018.02.14 17:59:05.736,0.92187,0.9221,1.00,1.00
2018.02.14 17:59:05.787,0.92188,0.92213,1.00,1.00
2018.02.14 17:59:05.888,0.9219,0.92215,1.00,1.00
2018.02.14 17:59:06.562,0.92189,0.92214,1.00,1.00
2018.02.14 17:59:07.191,0.92188,0.92213,1.00,1.00
2018.02.14 17:59:07.493,0.9219,0.92213,1.00,1.00
2018.02.14 17:59:13.011,0.92191,0.92214,1.00,1.00
2018.02.14 17:59:13.585,0.92191,0.92216,1.00,1.50
2018.02.14 17:59:14.400,0.92193,0.92216,1.00,1.00
2018.02.14 17:59:15.354,0.92194,0.92217,1.00,1.00
2018.02.14 17:59:15.480,0.92194,0.92219,1.00,1.00
2018.02.14 17:59:16.976,0.92194,0.92217,1.00,1.00
2018.02.14 17:59:17.078,0.92194,0.92219,1.00,1.00
2018.02.14 17:59:20.103,0.92194,0.92217,1.00,1.00
2018.02.14 17:59:21.458,0.92193,0.92216,1.00,1.00
2018.02.14 17:59:21.783,0.9219,0.92215,1.00,1.00
2018.02.14 17:59:23.259,0.92192,0.92215,1.00,1.00
2018.02.14 17:59:25.315,0.92192,0.92217,1.00,1.00
2018.02.14 17:59:26.171,0.92192,0.92215,1.00,1.00
2018.02.14 17:59:26.765,0.92192,0.92217,1.00,1.00
2018.02.14 17:59:28.623,0.9219,0.92215,1.00,1.00
2018.02.14 17:59:30.936,0.92191,0.92214,1.00,1.00
2018.02.14 17:59:31.522,0.92192,0.92215,1.00,1.00
2018.02.14 17:59:32.395,0.92189,0.92214,1.00,1.00
2018.02.14 17:59:33.079,0.92191,0.92214,1.00,1.00
2018.02.14 17:59:33.621,0.9219,0.92213,1.00,1.00
2018.02.14 17:59:34.347,0.92189,0.92212,1.00,1.00
2018.02.14 17:59:36.079,0.92189,0.92214,1.00,1.00
2018.02.14 17:59:36.231,0.92188,0.92211,1.00,1.00
2018.02.14 17:59:38.173,0.92189,0.92212,1.00,1.00
2018.02.14 17:59:41.768,0.92189,0.92214,1.00,1.00
2018.02.14 17:59:42.039,0.92192,0.92215,1.00,1.00
2018.02.14 17:59:42.793,0.9219,0.92215,1.00,1.00
2018.02.14 17:59:42.844,0.92192,0.92215,1.00,1.00
2018.02.14 17:59:43.712,0.92193,0.92216,1.00,1.00
2018.02.14 17:59:43.838,0.92191,0.92216,1.00,1.00
2018.02.14 17:59:43.889,0.92191,0.92214,1.00,1.00
2018.02.14 17:59:48.044,0.92193,0.92216,1.00,1.00
2018.02.14 17:59:48.689,0.92192,0.92215,1.00,1.00
2018.02.14 17:59:49.141,0.92192,0.92217,1.00,1.00
2018.02.14 17:59:50.096,0.92193,0.92218,1.00,1.00
2018.02.14 17:59:50.272,0.92192,0.92215,1.00,1.00
2018.02.14 17:59:50.874,0.92193,0.92218,1.00,1.00
2018.02.14 17:59:51.087,0.92193,0.92214,1.00,1.00
2018.02.14 17:59:51.296,0.92191,0.92215,1.00,1.00
2018.02.14 17:59:51.347,0.92191,0.92213,1.00,1.00
2018.02.14 17:59:52.534,0.92191,0.92215,1.00,1.00
2018.02.14 17:59:54.586,0.92191,0.92212,1.00,1.00
2018.02.14 17:59:55.030,0.9219,0.92214,1.00,1.00
2018.02.14 17:59:55.316,0.9219,0.92212,1.00,1.00
2018.02.14 17:59:56.299,0.9219,0.92211,1.00,1.00
2018.02.14 17:59:56.831,0.9219,0.92214,1.00,1.00
2018.02.14 17:59:57.520,0.9219,0.92213,1.00,1.00
2018.02.14 17:59:58.062,0.92187,0.92211,1.00,1.00
2018.02.14 17:59:59.269,0.92184,0.9221,2.25,1.00
