2013.07.15 21:00:08.955,0.81392,0.81417,0.75,0.55
2013.07.15 21:00:10.786,0.81397,0.81417,0.75,0.55
2013.07.15 21:00:14.746,0.81391,0.81417,0.75,0.55
2013.07.15 21:00:19.165,0.81401,0.81417,0.75,0.55
2013.07.15 21:00:20.476,0.81401,0.81447,0.75,0.29
2013.07.15 21:00:21.168,0.81401,0.81469,0.75,0.75
2013.07.15 21:00:22.276,0.81401,0.81447,0.75,0.35
2013.07.15 21:00:23.106,0.81406,0.81447,0.75,0.35
2013.07.15 21:00:23.656,0.81402,0.81447,0.75,0.35
2013.07.15 21:00:27.736,0.81406,0.81447,0.75,0.35
2013.07.15 21:00:30.806,0.81407,0.81447,0.75,0.35
2013.07.15 21:00:37.736,0.81411,0.81447,0.75,0.35
2013.07.15 21:00:42.916,0.81407,0.81447,0.75,0.35
2013.07.15 21:00:55.716,0.81402,0.81447,0.75,0.35
2013.07.15 21:00:58.746,0.81401,0.81447,0.75,0.35
2013.07.15 21:01:07.572,0.81396,0.81447,0.75,0.35
2013.07.15 21:01:09.691,0.81397,0.81447,0.75,0.35
2013.07.15 21:01:12.226,0.81393,0.81447,0.38,0.35
2013.07.15 21:01:12.748,0.81392,0.81447,0.75,0.35
2013.07.15 21:02:12.250,0.81384,0.81447,0.38,0.35
2013.07.15 21:02:16.736,0.81381,0.81447,0.75,0.35
2013.07.15 21:02:17.437,0.81382,0.81447,0.75,0.35
2013.07.15 21:02:26.746,0.81387,0.81447,0.75,0.35
2013.07.15 21:02:27.746,0.81381,0.81447,0.75,0.35
2013.07.15 21:02:28.670,0.81382,0.81447,0.75,0.35
2013.07.15 21:03:08.107,0.81386,0.81447,0.75,0.35
2013.07.15 21:03:21.748,0.81392,0.81447,0.75,0.35
2013.07.15 21:03:34.427,0.81397,0.81445,0.75,0.45
2013.07.15 21:03:39.847,0.81399,0.81447,0.38,0.35
2013.07.15 21:03:40.190,0.81406,0.81447,0.75,0.35
2013.07.15 21:03:41.827,0.81411,0.81447,0.75,0.35
2013.07.15 21:03:45.757,0.81416,0.81447,0.75,0.35
2013.07.15 21:03:48.617,0.81421,0.81447,0.75,0.35
2013.07.15 21:03:49.277,0.81422,0.81448,0.75,0.35
2013.07.15 21:03:49.827,0.81422,0.81477,0.75,0.38
2013.07.15 21:03:51.168,0.81422,0.81483,0.75,0.38
2013.07.15 21:03:52.833,0.81422,0.81497,0.75,0.38
2013.07.15 21:03:54.337,0.81427,0.81497,0.75,0.38
2013.07.15 21:03:55.791,0.81427,0.815,0.75,0.38
2013.07.15 21:03:58.760,0.81427,0.81496,0.75,0.38
2013.07.15 21:04:00.636,0.81427,0.81526,0.75,0.38
2013.07.15 21:04:01.730,0.81427,0.81497,0.75,0.38
2013.07.15 21:04:03.737,0.8141,0.8151,1.13,1.50
2013.07.15 21:04:04.700,0.8141,0.81507,1.13,1.50
2013.07.15 21:04:12.587,0.8141,0.81507,1.13,1.50
2013.07.15 21:04:12.966,0.81366,0.81507,1.54,1.50
2013.07.15 21:04:13.306,0.81353,0.8151,1.14,1.50
2013.07.15 21:04:23.416,0.81353,0.81501,1.14,1.50
2013.07.15 21:04:26.368,0.81353,0.81507,1.14,1.50
2013.07.15 21:04:28.767,0.81353,0.81499,1.14,1.50
2013.07.15 21:04:30.727,0.81353,0.81499,1.14,1.50
2013.07.15 21:04:33.776,0.81356,0.81497,1.75,1.50
2013.07.15 21:04:35.758,0.81356,0.81497,1.75,1.50
2013.07.15 21:04:36.797,0.81356,0.81497,1.75,1.50
2013.07.15 21:04:37.044,0.81356,0.81514,1.75,1.13
2013.07.15 21:04:37.787,0.81356,0.81514,1.75,1.13
2013.07.15 21:04:38.338,0.81356,0.81528,1.75,1.50
2013.07.15 21:04:39.897,0.81359,0.81528,1.38,1.13
2013.07.15 21:04:40.736,0.81359,0.81529,1.38,1.13
2013.07.15 21:04:45.769,0.81359,0.81529,1.38,1.13
2013.07.15 21:04:49.156,0.8138,0.81518,1.13,1.13
2013.07.15 21:04:49.486,0.8138,0.81512,1.13,1.13
2013.07.15 21:04:50.756,0.8138,0.81512,1.13,1.13
2013.07.15 21:04:51.699,0.8138,0.81512,1.13,1.13
2013.07.15 21:04:52.436,0.8138,0.81512,1.13,1.13
2013.07.15 21:04:53.737,0.8138,0.81512,1.13,1.13
2013.07.15 21:04:57.836,0.8138,0.81504,1.13,1.50
2013.07.15 21:04:58.569,0.8138,0.81504,1.13,1.50
2013.07.15 21:04:59.847,0.8138,0.81503,1.13,1.50
2013.07.15 21:05:01.487,0.8138,0.81503,1.13,1.50
2013.07.15 21:05:03.299,0.8138,0.8149,1.17,1.50
2013.07.15 21:05:05.216,0.81373,0.8149,1.17,1.50
2013.07.15 21:05:08.807,0.81373,0.8149,1.17,1.50
2013.07.15 21:05:14.197,0.81361,0.81498,1.10,1.50
2013.07.15 21:05:14.257,0.81361,0.81498,1.10,2.25
2013.07.15 21:05:17.160,0.81361,0.81481,1.10,1.50
2013.07.15 21:05:19.138,0.81361,0.81441,1.10,1.50
2013.07.15 21:05:29.038,0.81356,0.81437,1.10,1.13
2013.07.15 21:05:30.667,0.81352,0.81437,1.10,1.13
2013.07.15 21:05:31.048,0.8135,0.81423,1.05,1.50
2013.07.15 21:05:35.419,0.8135,0.81423,1.05,1.13
2013.07.15 21:05:35.966,0.81357,0.81429,1.04,1.50
2013.07.15 21:05:36.316,0.81357,0.81458,1.04,1.50
2013.07.15 21:05:37.628,0.81361,0.81463,1.04,1.50
2013.07.15 21:05:37.747,0.81382,0.81473,1.13,1.65
2013.07.15 21:05:38.197,0.81382,0.81473,1.13,1.65
2013.07.15 21:05:39.087,0.81397,0.81475,1.50,1.28
2013.07.15 21:05:40.437,0.81402,0.81484,1.13,1.50
2013.07.15 21:05:41.029,0.81405,0.81484,1.13,1.13
2013.07.15 21:05:41.198,0.81405,0.81486,1.13,1.35
2013.07.15 21:05:42.727,0.81412,0.81518,1.13,1.50
2013.07.15 21:05:49.614,0.81411,0.81507,1.13,1.50
2013.07.15 21:05:49.952,0.81411,0.81507,1.13,1.50
2013.07.15 21:05:53.967,0.81411,0.81498,1.13,1.50
2013.07.15 21:05:54.267,0.81402,0.81501,1.13,1.13
2013.07.15 21:06:01.418,0.81402,0.8152,1.13,1.50
2013.07.15 21:06:01.768,0.81402,0.8152,1.13,1.50
2013.07.15 21:06:03.685,0.81403,0.81504,1.13,1.50
2013.07.15 21:06:06.648,0.81398,0.81498,1.13,1.50
2013.07.15 21:06:09.728,0.81397,0.81499,1.13,1.50
2013.07.15 21:06:11.342,0.81397,0.81499,1.13,1.50
2013.07.15 21:06:11.397,0.8141,0.81504,1.13,1.50
2013.07.15 21:06:12.777,0.8141,0.81504,1.13,1.50
2013.07.15 21:06:14.458,0.8141,0.81508,1.13,1.50
2013.07.15 21:06:14.587,0.8141,0.81508,1.13,1.50
2013.07.15 21:06:15.358,0.8141,0.81508,1.13,1.50
2013.07.15 21:06:16.117,0.81396,0.81511,1.13,1.50
2013.07.15 21:06:21.747,0.81402,0.8151,1.13,1.50
2013.07.15 21:06:25.947,0.81387,0.81492,1.13,1.50
2013.07.15 21:06:34.148,0.81387,0.81491,1.13,1.50
2013.07.15 21:06:36.677,0.81392,0.81501,1.28,1.50
2013.07.15 21:06:39.867,0.81396,0.81518,1.28,1.50
2013.07.15 21:06:42.557,0.81395,0.81509,1.28,1.50
2013.07.15 21:06:45.477,0.81394,0.8151,1.28,1.50
2013.07.15 21:06:51.527,0.81395,0.81509,1.28,1.50
2013.07.15 21:06:54.497,0.81394,0.8151,1.28,1.50
2013.07.15 21:07:00.107,0.81395,0.81523,1.28,1.50
2013.07.15 21:07:01.897,0.81397,0.81531,1.17,1.13
2013.07.15 21:07:01.957,0.81396,0.81516,1.17,1.50
2013.07.15 21:07:04.917,0.81395,0.81517,1.17,1.50
2013.07.15 21:07:07.897,0.81396,0.81516,1.17,1.50
2013.07.15 21:07:10.687,0.81387,0.81491,1.27,1.50
2013.07.15 21:07:10.747,0.81387,0.81491,1.27,1.50
2013.07.15 21:07:13.708,0.81392,0.81485,1.37,1.50
2013.07.15 21:07:14.748,0.81392,0.81485,1.37,1.50
2013.07.15 21:07:16.571,0.81392,0.81485,1.37,1.50
2013.07.15 21:07:17.717,0.814,0.8151,1.17,1.50
2013.07.15 21:07:23.616,0.81399,0.81511,1.17,1.50
2013.07.15 21:07:28.667,0.81399,0.81511,1.17,1.50
2013.07.15 21:07:28.929,0.81415,0.81513,1.13,1.50
2013.07.15 21:07:30.347,0.814,0.8151,1.17,1.50
2013.07.15 21:07:31.406,0.814,0.8151,1.17,1.50
2013.07.15 21:07:32.856,0.81409,0.8151,1.13,1.50
2013.07.15 21:07:35.886,0.81409,0.8151,1.13,1.50
2013.07.15 21:07:38.236,0.8141,0.81527,1.13,1.50
2013.07.15 21:07:39.668,0.81409,0.81509,1.13,1.50
2013.07.15 21:07:45.618,0.8141,0.81508,1.13,1.50
2013.07.15 21:07:48.038,0.81399,0.815,1.17,1.50
2013.07.15 21:07:51.008,0.814,0.81499,1.17,1.50
2013.07.15 21:08:00.702,0.81402,0.81521,1.17,1.13
2013.07.15 21:08:02.027,0.81407,0.815,1.13,1.50
2013.07.15 21:08:04.964,0.81399,0.81496,1.27,1.50
2013.07.15 21:08:13.241,0.81399,0.81515,1.27,1.50
2013.07.15 21:08:16.308,0.81403,0.81517,1.27,1.50
2013.07.15 21:08:19.285,0.81412,0.81515,1.17,1.50
2013.07.15 21:08:20.777,0.81412,0.81515,1.17,1.50
2013.07.15 21:08:21.658,0.81412,0.81515,1.17,1.50
2013.07.15 21:08:22.199,0.81418,0.81515,1.13,1.50
2013.07.15 21:08:22.797,0.81418,0.81515,1.13,1.50
2013.07.15 21:08:23.418,0.81418,0.81515,1.13,1.50
2013.07.15 21:08:24.078,0.81416,0.81515,1.13,1.50
2013.07.15 21:08:24.197,0.8141,0.81498,1.17,1.50
2013.07.15 21:08:26.816,0.81404,0.81498,1.68,1.50
2013.07.15 21:08:31.222,0.81405,0.81506,1.17,1.50
2013.07.15 21:08:31.787,0.81405,0.81506,1.17,1.50
2013.07.15 21:08:32.707,0.81405,0.81506,1.17,1.50
2013.07.15 21:08:33.965,0.81404,0.81497,1.17,1.50
2013.07.15 21:08:36.936,0.81406,0.815,1.17,1.50
2013.07.15 21:08:39.905,0.81405,0.81506,1.17,1.50
2013.07.15 21:08:43.107,0.81405,0.81499,1.17,1.50
2013.07.15 21:08:44.635,0.81406,0.81517,1.17,1.50
2013.07.15 21:08:44.818,0.81406,0.81517,1.17,1.50
2013.07.15 21:08:46.097,0.81416,0.81525,1.50,1.50
2013.07.15 21:08:47.487,0.81406,0.81524,1.17,1.50
2013.07.15 21:08:53.357,0.81404,0.81523,1.24,1.50
2013.07.15 21:08:56.398,0.81404,0.8152,1.24,1.50
2013.07.15 21:08:56.752,0.81404,0.8152,1.24,1.50
2013.07.15 21:08:59.265,0.81401,0.81528,1.24,1.50
2013.07.15 21:09:01.031,0.81404,0.81547,1.13,2.25
2013.07.15 21:09:01.278,0.81404,0.81557,1.13,1.13
2013.07.15 21:09:01.898,0.81406,0.81557,1.03,1.13
2013.07.15 21:09:02.229,0.81406,0.81519,1.03,1.50
2013.07.15 21:09:05.137,0.81409,0.81521,1.31,1.50
2013.07.15 21:09:13.798,0.81409,0.81521,1.31,1.50
2013.07.15 21:09:16.237,0.81409,0.81522,1.31,1.50
2013.07.15 21:09:17.704,0.81409,0.81522,1.31,1.50
2013.07.15 21:09:18.844,0.81417,0.81517,1.17,1.50
2013.07.15 21:09:21.918,0.81411,0.81517,1.31,1.50
2013.07.15 21:09:27.728,0.81419,0.81516,1.17,1.50
2013.07.15 21:09:28.089,0.81419,0.81509,1.17,1.50
2013.07.15 21:09:28.147,0.81419,0.81509,1.17,1.50
2013.07.15 21:09:29.598,0.81419,0.81509,1.17,1.50
2013.07.15 21:09:29.657,0.81432,0.81522,2.25,1.50
2013.07.15 21:09:30.725,0.81441,0.81508,1.50,1.50
2013.07.15 21:09:31.818,0.81427,0.81499,1.50,1.50
2013.07.15 21:09:35.349,0.81436,0.8151,1.50,1.50
2013.07.15 21:09:37.687,0.81431,0.81503,1.50,1.50
2013.07.15 21:09:39.584,0.81431,0.81516,1.13,1.50
2013.07.15 21:09:40.764,0.81433,0.81516,1.13,1.50
2013.07.15 21:09:48.947,0.81426,0.81517,1.13,1.50
2013.07.15 21:09:51.817,0.81419,0.81518,1.17,1.50
2013.07.15 21:09:56.317,0.81418,0.81527,1.17,1.50
2013.07.15 21:09:56.827,0.81418,0.81527,1.17,1.50
2013.07.15 21:09:57.844,0.8142,0.81555,1.17,1.50
2013.07.15 21:10:01.039,0.81423,0.81573,1.17,2.25
2013.07.15 21:10:01.210,0.81423,0.81589,1.17,1.13
2013.07.15 21:10:02.349,0.81419,0.8155,1.13,1.50
2013.07.15 21:10:02.768,0.81419,0.8155,1.47,1.50
2013.07.15 21:10:05.377,0.8142,0.81549,1.34,1.50
2013.07.15 21:10:28.116,0.81421,0.81547,1.34,1.50
2013.07.15 21:10:31.084,0.81422,0.81545,1.34,1.50
2013.07.15 21:10:38.560,0.81441,0.81539,1.50,1.50
2013.07.15 21:10:39.162,0.81446,0.81539,1.13,1.50
2013.07.15 21:10:39.888,0.81446,0.81539,1.13,1.50
2013.07.15 21:10:41.603,0.81446,0.81539,1.13,1.50
2013.07.15 21:10:43.738,0.81446,0.81539,1.13,1.50
2013.07.15 21:10:44.618,0.81438,0.81539,1.54,1.50
2013.07.15 21:10:44.737,0.81419,0.81548,1.10,1.50
2013.07.15 21:10:53.987,0.81424,0.81545,1.34,1.50
2013.07.15 21:10:56.918,0.81419,0.8155,1.10,1.50
2013.07.15 21:10:59.783,0.81419,0.81551,1.10,1.50
2013.07.15 21:11:00.723,0.81417,0.81551,1.13,1.50
2013.07.15 21:11:01.401,0.81424,0.81584,1.13,1.13
2013.07.15 21:11:01.728,0.81424,0.81589,1.13,1.50
2013.07.15 21:11:02.188,0.81435,0.81589,1.12,1.50
2013.07.15 21:11:02.628,0.81435,0.81545,1.12,1.50
2013.07.15 21:11:04.807,0.81435,0.81534,1.12,1.50
2013.07.15 21:11:07.768,0.81435,0.81532,1.12,1.50
2013.07.15 21:11:10.848,0.81435,0.81533,1.12,1.50
2013.07.15 21:11:13.378,0.81435,0.81551,1.12,1.50
2013.07.15 21:11:24.537,0.81435,0.81555,1.12,1.50
2013.07.15 21:11:27.352,0.81425,0.81546,1.10,1.50
2013.07.15 21:11:31.447,0.81425,0.81536,1.10,1.50
2013.07.15 21:11:35.053,0.81435,0.81531,1.08,1.50
2013.07.15 21:11:37.693,0.81435,0.81534,1.08,1.50
2013.07.15 21:11:40.773,0.81426,0.81524,1.08,1.50
2013.07.15 21:11:43.743,0.81426,0.81524,1.01,1.50
2013.07.15 21:11:46.713,0.81426,0.81519,1.12,1.50
2013.07.15 21:11:49.788,0.81435,0.81525,1.09,1.50
2013.07.15 21:11:59.697,0.81435,0.81527,1.09,1.50
2013.07.15 21:12:01.138,0.81435,0.81549,1.09,2.25
2013.07.15 21:12:01.348,0.81435,0.81579,1.09,1.50
2013.07.15 21:12:01.508,0.81425,0.81579,1.13,1.50
2013.07.15 21:12:02.078,0.81433,0.81541,1.50,1.50
2013.07.15 21:12:02.568,0.81436,0.81541,1.09,1.50
2013.07.15 21:12:05.249,0.81436,0.81537,1.09,1.50
2013.07.15 21:12:08.228,0.81436,0.81535,1.09,1.50
2013.07.15 21:12:11.198,0.81436,0.81528,1.09,1.50
2013.07.15 21:12:14.168,0.81436,0.81525,1.09,1.50
2013.07.15 21:12:15.397,0.81437,0.81525,1.14,1.50
2013.07.15 21:12:16.152,0.81437,0.81538,1.14,1.50
2013.07.15 21:12:23.778,0.81438,0.81549,1.04,1.50
2013.07.15 21:12:26.557,0.81439,0.81549,1.10,1.50
2013.07.15 21:12:29.047,0.81442,0.81549,1.02,1.50
2013.07.15 21:12:30.609,0.81436,0.81559,1.14,1.13
2013.07.15 21:12:37.588,0.81426,0.81566,1.22,1.50
2013.07.15 21:12:37.708,0.81425,0.81544,1.13,1.35
2013.07.15 21:12:37.768,0.81419,0.81537,1.13,1.73
2013.07.15 21:12:38.298,0.81419,0.81548,1.13,1.50
2013.07.15 21:12:38.372,0.81426,0.81561,1.13,1.50
2013.07.15 21:12:39.791,0.81426,0.81566,1.13,1.50
2013.07.15 21:12:42.487,0.81425,0.81545,1.13,1.13
2013.07.15 21:12:44.738,0.81425,0.81545,1.13,1.88
2013.07.15 21:12:45.171,0.81425,0.81538,1.13,1.35
2013.07.15 21:12:45.228,0.81425,0.81534,1.13,1.35
2013.07.15 21:12:47.722,0.81437,0.81534,1.50,1.35
2013.07.15 21:12:48.068,0.81437,0.81534,1.50,1.35
2013.07.15 21:12:48.768,0.81437,0.81534,1.50,1.35
2013.07.15 21:12:49.746,0.81437,0.81534,1.50,1.35
2013.07.15 21:12:51.780,0.81437,0.81534,1.50,1.35
2013.07.15 21:12:54.748,0.81437,0.81534,1.50,1.50
2013.07.15 21:12:57.828,0.8142,0.81534,1.13,1.88
2013.07.15 21:13:00.717,0.81417,0.81527,1.13,1.22
2013.07.15 21:13:00.779,0.8141,0.81527,1.13,1.22
2013.07.15 21:13:00.957,0.8141,0.81527,1.13,1.22
2013.07.15 21:13:01.071,0.8141,0.81527,1.13,1.22
2013.07.15 21:13:02.786,0.8141,0.8153,1.13,1.13
2013.07.15 21:13:08.719,0.8141,0.81527,1.13,1.07
2013.07.15 21:13:09.378,0.81407,0.81518,1.13,1.11
2013.07.15 21:13:09.987,0.81405,0.81518,1.28,1.08
2013.07.15 21:13:10.517,0.81405,0.81519,1.13,1.44
2013.07.15 21:13:11.809,0.81413,0.81519,1.50,1.07
2013.07.15 21:13:15.759,0.81413,0.81519,1.50,1.07
2013.07.15 21:13:16.419,0.81413,0.81519,1.50,1.07
2013.07.15 21:13:23.218,0.81404,0.81513,1.13,1.50
2013.07.15 21:13:27.748,0.81404,0.81513,1.13,1.50
2013.07.15 21:13:35.778,0.81427,0.81513,1.50,1.50
2013.07.15 21:13:38.627,0.8141,0.81513,1.13,1.50
2013.07.15 21:13:58.240,0.81412,0.81514,1.13,1.50
2013.07.15 21:14:01.101,0.81412,0.81514,1.13,1.50
2013.07.15 21:14:04.070,0.81412,0.81514,1.13,1.50
2013.07.15 21:14:18.199,0.81426,0.81514,1.50,1.50
2013.07.15 21:14:21.339,0.81425,0.81514,1.50,1.50
2013.07.15 21:14:26.296,0.81417,0.81511,1.50,1.28
2013.07.15 21:14:27.821,0.81417,0.81514,1.50,1.50
2013.07.15 21:14:28.627,0.81398,0.81514,1.13,1.13
2013.07.15 21:14:39.198,0.81409,0.81519,1.13,1.07
2013.07.15 21:14:41.838,0.81415,0.81522,1.50,1.13
2013.07.15 21:14:50.789,0.81417,0.81521,1.50,1.13
2013.07.15 21:14:52.017,0.81409,0.81521,1.13,1.13
2013.07.15 21:15:29.628,0.8141,0.81521,1.13,1.13
2013.07.15 21:15:29.747,0.81412,0.81521,1.50,1.13
2013.07.15 21:15:32.589,0.81417,0.81521,1.13,1.13
2013.07.15 21:15:33.869,0.81417,0.81521,1.13,1.13
2013.07.15 21:15:34.909,0.81417,0.81521,1.13,1.13
2013.07.15 21:15:39.748,0.81411,0.8152,1.13,1.13
2013.07.15 21:16:21.879,0.81395,0.8152,1.28,1.13
2013.07.15 21:16:22.001,0.81382,0.81499,2.25,1.50
2013.07.15 21:16:22.224,0.81376,0.81493,1.13,1.13
2013.07.15 21:16:22.348,0.81376,0.81493,1.50,1.13
2013.07.15 21:16:23.838,0.81382,0.81499,1.13,1.50
2013.07.15 21:16:24.415,0.81386,0.81499,1.13,1.13
2013.07.15 21:16:27.769,0.8139,0.81494,1.13,1.13
2013.07.15 21:16:28.858,0.81387,0.81493,1.13,1.13
2013.07.15 21:16:29.198,0.81387,0.81493,1.13,1.13
2013.07.15 21:16:29.799,0.81387,0.81493,1.13,1.13
2013.07.15 21:16:33.055,0.81382,0.81488,1.13,1.50
2013.07.15 21:16:33.118,0.81376,0.81484,1.13,1.13
2013.07.15 21:16:33.178,0.81375,0.81484,1.13,1.13
2013.07.15 21:16:33.872,0.81375,0.81483,1.13,1.13
2013.07.15 21:16:36.160,0.81373,0.81488,1.13,1.13
2013.07.15 21:16:37.779,0.81373,0.81488,1.13,1.13
2013.07.15 21:16:42.958,0.81376,0.8149,1.50,1.13
2013.07.15 21:16:45.808,0.81376,0.81486,1.50,1.13
2013.07.15 21:16:47.848,0.814,0.81487,1.50,1.13
2013.07.15 21:16:48.748,0.814,0.81487,1.50,1.13
2013.07.15 21:16:49.328,0.81412,0.81481,1.50,1.13
2013.07.15 21:16:57.748,0.81382,0.81479,1.50,1.13
2013.07.15 21:16:58.698,0.81382,0.81479,1.50,1.13
2013.07.15 21:17:00.798,0.81376,0.8148,1.50,1.13
2013.07.15 21:17:08.708,0.81444,0.81496,1.50,1.50
2013.07.15 21:17:08.828,0.81388,0.81479,1.50,1.13
2013.07.15 21:17:09.889,0.81376,0.81474,1.50,1.13
2013.07.15 21:17:14.788,0.81397,0.81477,1.50,1.13
2013.07.15 21:17:16.268,0.81409,0.81478,1.50,1.13
2013.07.15 21:17:20.819,0.81409,0.81478,1.50,1.13
2013.07.15 21:17:20.938,0.81422,0.81481,1.50,1.13
2013.07.15 21:17:24.668,0.81382,0.81486,2.25,1.13
2013.07.15 21:17:24.978,0.81387,0.81486,1.50,1.13
2013.07.15 21:17:25.158,0.81386,0.81486,1.50,1.13
2013.07.15 21:17:27.168,0.81388,0.81496,2.25,1.50
2013.07.15 21:17:28.816,0.81395,0.81495,1.50,1.50
2013.07.15 21:17:28.938,0.81396,0.81504,1.50,2.45
2013.07.15 21:17:28.998,0.81396,0.81521,1.50,1.13
2013.07.15 21:17:31.708,0.81412,0.81521,1.13,1.13
2013.07.15 21:17:31.779,0.81413,0.81521,1.50,1.13
2013.07.15 21:17:34.768,0.81416,0.81522,1.50,1.13
2013.07.15 21:17:35.858,0.81416,0.81522,1.50,1.13
2013.07.15 21:17:37.288,0.81407,0.8152,1.50,1.13
2013.07.15 21:17:37.348,0.81407,0.8152,1.50,1.13
2013.07.15 21:17:37.649,0.81398,0.8152,1.13,1.13
2013.07.15 21:17:38.828,0.81401,0.81521,1.50,1.13
2013.07.15 21:17:41.787,0.81409,0.81522,1.50,1.13
2013.07.15 21:17:43.409,0.81409,0.81522,1.50,1.13
2013.07.15 21:17:43.649,0.8141,0.81506,1.50,1.13
2013.07.15 21:17:45.198,0.81393,0.81505,1.13,1.13
2013.07.15 21:17:46.077,0.81406,0.81506,1.50,1.13
2013.07.15 21:17:46.769,0.81406,0.81506,1.50,1.13
2013.07.15 21:17:48.739,0.81392,0.81505,1.13,1.13
2013.07.15 21:17:50.778,0.81392,0.81505,1.88,1.13
2013.07.15 21:17:54.799,0.81396,0.81505,1.13,1.13
2013.07.15 21:17:54.938,0.81397,0.81506,1.88,1.13
2013.07.15 21:17:57.478,0.81395,0.81506,1.13,1.13
2013.07.15 21:18:00.789,0.81394,0.81504,1.13,1.13
2013.07.15 21:18:02.878,0.81413,0.81507,1.50,1.13
2013.07.15 21:18:05.487,0.81423,0.81507,1.50,1.13
2013.07.15 21:18:12.899,0.81397,0.81505,1.13,1.13
2013.07.15 21:18:14.858,0.81397,0.81507,2.63,1.13
2013.07.15 21:18:16.909,0.81401,0.81507,1.50,1.13
2013.07.15 21:18:17.696,0.81402,0.81509,1.50,1.13
2013.07.15 21:18:19.162,0.81395,0.81505,1.13,1.13
2013.07.15 21:18:21.747,0.81395,0.81505,1.13,1.13
2013.07.15 21:18:26.728,0.81414,0.81508,1.50,1.13
2013.07.15 21:18:29.576,0.81409,0.81512,1.50,1.13
2013.07.15 21:18:31.756,0.81409,0.81512,1.50,1.13
2013.07.15 21:18:35.626,0.81409,0.81515,1.50,1.13
2013.07.15 21:18:36.621,0.81392,0.81511,1.50,1.13
2013.07.15 21:19:14.681,0.81413,0.81515,1.50,1.13
2013.07.15 21:19:17.749,0.81414,0.81514,1.50,1.13
2013.07.15 21:19:24.808,0.81392,0.81512,1.88,1.13
2013.07.15 21:19:27.749,0.81392,0.81511,1.50,1.13
2013.07.15 21:19:32.858,0.81389,0.81526,1.13,1.28
2013.07.15 21:19:33.689,0.81389,0.81526,1.13,1.28
2013.07.15 21:19:38.678,0.81408,0.81526,1.50,1.28
2013.07.15 21:19:41.720,0.81408,0.81526,1.50,2.03
2013.07.15 21:19:48.788,0.8139,0.81526,1.13,2.03
2013.07.15 21:19:51.729,0.81389,0.81526,1.13,1.28
2013.07.15 21:19:53.024,0.81389,0.81526,1.13,1.28
2013.07.15 21:19:54.695,0.81388,0.81526,1.13,1.28
2013.07.15 21:20:04.049,0.81389,0.81526,1.13,1.28
2013.07.15 21:20:07.020,0.81388,0.81516,1.13,1.28
2013.07.15 21:20:08.094,0.81388,0.81516,1.13,1.28
2013.07.15 21:20:09.990,0.81389,0.81516,1.13,1.28
2013.07.15 21:20:13.070,0.81388,0.81515,1.13,1.13
2013.07.15 21:20:14.369,0.81388,0.81516,1.13,1.28
2013.07.15 21:20:14.918,0.81388,0.81516,1.13,1.28
2013.07.15 21:20:16.040,0.81389,0.81516,1.13,1.28
2013.07.15 21:20:22.599,0.81388,0.81522,1.13,2.40
2013.07.15 21:20:24.915,0.81389,0.81522,1.13,2.40
2013.07.15 21:20:27.893,0.81389,0.81522,1.13,2.40
2013.07.15 21:20:28.838,0.81389,0.81522,1.13,2.40
2013.07.15 21:20:33.935,0.8139,0.81522,1.13,2.40
2013.07.15 21:20:37.010,0.81391,0.81522,1.13,2.40
2013.07.15 21:20:39.877,0.81392,0.81522,1.13,2.40
2013.07.15 21:20:44.358,0.81392,0.81522,1.13,2.40
2013.07.15 21:20:46.527,0.8139,0.81522,1.13,2.40
2013.07.15 21:20:49.000,0.81389,0.81522,1.13,2.40
2013.07.15 21:20:51.970,0.81388,0.81522,1.13,2.40
2013.07.15 21:20:53.638,0.8141,0.81522,1.50,1.65
2013.07.15 21:20:56.728,0.81409,0.81524,1.50,1.65
2013.07.15 21:21:03.768,0.8139,0.8152,1.13,1.65
2013.07.15 21:21:07.040,0.81389,0.8152,1.13,1.65
2013.07.15 21:21:08.198,0.81386,0.81503,1.13,1.13
2013.07.15 21:21:09.354,0.81386,0.81489,1.13,1.13
2013.07.15 21:21:10.801,0.81386,0.81486,1.13,1.13
2013.07.15 21:21:11.592,0.81386,0.81487,1.13,1.13
2013.07.15 21:21:13.769,0.81387,0.81487,1.13,1.13
2013.07.15 21:21:15.749,0.81387,0.81487,1.13,1.13
2013.07.15 21:21:17.719,0.81408,0.81489,1.50,1.13
2013.07.15 21:21:18.779,0.81408,0.81489,1.50,1.13
2013.07.15 21:21:20.408,0.81408,0.81498,2.25,1.65
2013.07.15 21:21:20.469,0.81408,0.81515,1.50,1.50
2013.07.15 21:21:20.529,0.81415,0.81525,1.50,2.25
2013.07.15 21:21:20.733,0.81415,0.81527,1.50,3.00
2013.07.15 21:21:20.954,0.81415,0.81527,1.50,1.50
2013.07.15 21:21:21.209,0.81415,0.8153,1.50,1.13
2013.07.15 21:21:21.268,0.81416,0.81549,2.25,1.50
2013.07.15 21:21:21.449,0.81417,0.8155,1.50,1.50
2013.07.15 21:21:22.698,0.81421,0.81504,1.50,1.50
2013.07.15 21:21:22.758,0.81408,0.81504,1.50,1.50
2013.07.15 21:21:23.578,0.81416,0.81523,1.50,1.13
2013.07.15 21:21:24.969,0.81415,0.81519,1.50,1.13
2013.07.15 21:21:26.364,0.81415,0.81519,1.50,1.13
2013.07.15 21:21:27.091,0.81412,0.81519,1.50,1.13
2013.07.15 21:21:27.899,0.81393,0.81516,1.13,1.13
2013.07.15 21:21:28.408,0.81391,0.81516,1.13,1.50
2013.07.15 21:21:28.468,0.81387,0.81515,1.13,1.50
2013.07.15 21:21:29.829,0.81388,0.81515,1.50,1.50
2013.07.15 21:21:30.769,0.81388,0.81515,1.50,1.50
2013.07.15 21:21:31.788,0.81388,0.81515,1.50,1.50
2013.07.15 21:21:32.198,0.81421,0.81515,1.50,1.50
2013.07.15 21:21:32.730,0.81426,0.81516,1.13,1.50
2013.07.15 21:21:35.769,0.81423,0.81516,1.13,1.50
2013.07.15 21:21:36.765,0.81426,0.81516,1.13,1.50
2013.07.15 21:21:38.439,0.81427,0.81516,1.13,1.50
2013.07.15 21:21:44.218,0.81423,0.81508,1.13,1.13
2013.07.15 21:21:53.229,0.81431,0.81542,1.13,1.50
2013.07.15 21:21:53.289,0.81427,0.81543,1.13,1.50
2013.07.15 21:21:53.418,0.81427,0.81558,1.13,1.50
2013.07.15 21:21:56.064,0.81426,0.81559,1.13,1.50
2013.07.15 21:21:59.738,0.81436,0.81559,1.50,1.50
2013.07.15 21:22:00.179,0.81432,0.81568,1.50,1.50
2013.07.15 21:22:01.800,0.81432,0.81568,1.50,1.50
2013.07.15 21:22:04.858,0.81436,0.8156,1.50,1.50
2013.07.15 21:22:09.529,0.81431,0.8156,1.50,1.50
2013.07.15 21:22:11.079,0.81427,0.81559,1.50,1.50
2013.07.15 21:22:11.492,0.81425,0.81531,1.13,1.50
2013.07.15 21:22:12.721,0.81427,0.81531,1.13,1.50
2013.07.15 21:22:23.708,0.81432,0.81527,1.13,1.13
2013.07.15 21:22:24.473,0.81432,0.81527,1.13,1.13
2013.07.15 21:22:28.737,0.81432,0.81527,1.13,1.13
2013.07.15 21:22:33.689,0.81427,0.81522,1.13,1.13
2013.07.15 21:22:39.779,0.81427,0.81522,1.13,1.13
2013.07.15 21:22:42.702,0.81427,0.81522,1.13,1.13
2013.07.15 21:22:45.789,0.81422,0.81522,1.88,1.13
2013.07.15 21:22:47.688,0.81432,0.81525,1.13,1.13
2013.07.15 21:22:50.627,0.81432,0.81527,1.13,1.13
2013.07.15 21:22:53.318,0.81422,0.81522,1.88,1.13
2013.07.15 21:22:57.662,0.81427,0.81522,1.13,1.13
2013.07.15 21:23:02.181,0.81425,0.81522,1.50,1.13
2013.07.15 21:23:04.102,0.81427,0.81522,1.13,1.13
2013.07.15 21:23:05.599,0.81427,0.81522,1.13,1.13
2013.07.15 21:23:05.952,0.8143,0.81525,1.13,1.13
2013.07.15 21:23:08.720,0.8143,0.81528,1.88,1.28
2013.07.15 21:23:11.583,0.81432,0.81528,1.13,1.28
2013.07.15 21:23:15.798,0.81427,0.81522,1.13,1.13
2013.07.15 21:23:41.626,0.8143,0.81525,1.13,1.13
2013.07.15 21:23:44.800,0.81428,0.81526,1.50,1.13
2013.07.15 21:23:47.770,0.81431,0.81528,1.50,1.28
2013.07.15 21:23:51.668,0.81432,0.81537,1.50,1.50
2013.07.15 21:23:51.789,0.81432,0.81543,1.50,1.50
2013.07.15 21:23:51.921,0.81432,0.81547,1.50,1.50
2013.07.15 21:23:53.932,0.81428,0.81552,1.13,1.88
2013.07.15 21:23:54.809,0.81427,0.81552,1.13,1.88
2013.07.15 21:23:57.721,0.81428,0.81552,1.13,1.88
2013.07.15 21:24:01.681,0.81428,0.81552,1.13,1.13
2013.07.15 21:24:57.639,0.81417,0.81558,1.50,1.50
2013.07.15 21:24:57.999,0.81427,0.81542,1.13,3.00
2013.07.15 21:24:58.220,0.81427,0.81543,1.13,1.50
2013.07.15 21:24:59.811,0.81427,0.81549,1.13,1.13
2013.07.15 21:25:03.799,0.81428,0.8155,1.13,1.50
2013.07.15 21:25:11.779,0.81427,0.8155,1.88,1.50
2013.07.15 21:25:14.360,0.81432,0.8155,1.13,1.50
2013.07.15 21:25:14.484,0.81439,0.8155,1.13,1.50
2013.07.15 21:25:15.909,0.81439,0.81544,1.13,2.25
2013.07.15 21:25:18.865,0.81438,0.81543,1.13,1.50
2013.07.15 21:25:20.219,0.81449,0.81545,1.13,1.50
2013.07.15 21:25:22.820,0.81448,0.81544,1.13,1.50
2013.07.15 21:25:24.709,0.81447,0.81535,1.13,1.50
2013.07.15 21:25:25.206,0.81447,0.81529,1.13,1.50
2013.07.15 21:25:27.239,0.81447,0.81513,3.75,1.35
2013.07.15 21:25:27.310,0.81431,0.8151,1.13,1.50
2013.07.15 21:25:27.431,0.81429,0.81509,1.13,1.50
2013.07.15 21:25:28.430,0.81429,0.81527,1.13,1.13
2013.07.15 21:25:37.170,0.81429,0.81523,1.13,1.50
2013.07.15 21:25:38.780,0.81429,0.81519,1.13,1.13
2013.07.15 21:25:39.219,0.81428,0.81531,1.13,1.13
2013.07.15 21:25:39.279,0.81427,0.81534,1.50,1.50
2013.07.15 21:25:39.897,0.81428,0.81535,1.13,1.50
2013.07.15 21:25:41.630,0.81427,0.81541,1.88,1.13
2013.07.15 21:25:47.183,0.81432,0.81541,1.13,1.13
2013.07.15 21:25:50.459,0.81427,0.81539,1.13,1.50
2013.07.15 21:25:50.519,0.81427,0.8154,4.50,1.50
2013.07.15 21:25:50.790,0.81433,0.81536,3.75,1.13
2013.07.15 21:25:51.499,0.81427,0.81534,1.13,1.13
2013.07.15 21:25:52.810,0.81427,0.81526,1.13,1.13
2013.07.15 21:25:53.181,0.81427,0.81519,1.13,1.13
2013.07.15 21:25:56.010,0.81427,0.81518,1.13,1.50
2013.07.15 21:25:56.069,0.81435,0.81518,3.75,1.50
2013.07.15 21:26:01.540,0.81427,0.81511,1.50,1.13
2013.07.15 21:26:01.989,0.81424,0.81512,1.13,1.13
2013.07.15 21:26:02.899,0.81433,0.81509,1.50,1.13
2013.07.15 21:26:03.209,0.81443,0.81508,1.13,1.13
2013.07.15 21:26:04.040,0.81445,0.81508,1.50,1.13
2013.07.15 21:26:12.840,0.81437,0.81504,1.13,1.50
2013.07.15 21:26:26.700,0.81446,0.81505,1.13,1.50
2013.07.15 21:26:29.450,0.81438,0.81503,1.13,1.50
2013.07.15 21:26:30.550,0.81446,0.81505,1.13,1.13
2013.07.15 21:26:36.719,0.81438,0.81503,1.13,1.50
2013.07.15 21:26:41.291,0.81438,0.81503,1.13,1.88
2013.07.15 21:26:42.721,0.81438,0.81501,1.13,1.13
2013.07.15 21:26:50.317,0.81433,0.81502,1.50,1.13
2013.07.15 21:26:50.809,0.81442,0.81503,1.50,1.13
2013.07.15 21:26:52.800,0.81442,0.81503,1.50,1.13
2013.07.15 21:26:54.549,0.81433,0.81502,1.50,1.13
2013.07.15 21:26:57.059,0.8144,0.81503,1.50,1.13
2013.07.15 21:27:00.029,0.81441,0.81503,1.50,1.13
2013.07.15 21:27:00.909,0.81432,0.81499,1.13,1.13
2013.07.15 21:27:01.570,0.81431,0.815,1.13,1.13
2013.07.15 21:27:06.476,0.81442,0.81497,1.13,1.13
2013.07.15 21:27:11.830,0.81442,0.81503,1.13,1.13
2013.07.15 21:27:11.949,0.81442,0.81504,1.13,1.50
2013.07.15 21:27:14.789,0.81447,0.81504,1.13,1.50
2013.07.15 21:27:24.739,0.81442,0.81504,1.13,1.50
2013.07.15 21:27:28.590,0.81442,0.81497,1.13,1.13
2013.07.15 21:27:28.889,0.81402,0.81495,1.50,1.13
2013.07.15 21:27:31.751,0.81396,0.81494,1.50,1.13
2013.07.15 21:27:32.659,0.81453,0.81504,1.50,1.13
2013.07.15 21:27:32.719,0.81453,0.81504,1.50,1.13
2013.07.15 21:27:32.810,0.81457,0.81509,1.13,1.50
2013.07.15 21:27:34.039,0.81457,0.81504,1.13,1.13
2013.07.15 21:27:34.319,0.81412,0.81496,1.50,1.13
2013.07.15 21:27:34.499,0.81412,0.81496,1.13,1.13
2013.07.15 21:27:36.488,0.81405,0.81495,1.13,1.13
2013.07.15 21:27:37.390,0.81405,0.81498,1.13,1.13
2013.07.15 21:27:38.799,0.81412,0.81502,1.50,1.13
2013.07.15 21:27:41.520,0.8142,0.81505,1.13,1.50
2013.07.15 21:27:41.659,0.8142,0.81531,1.13,1.13
2013.07.15 21:27:47.949,0.81419,0.81505,1.13,1.50
2013.07.15 21:27:48.740,0.81419,0.81506,1.13,2.25
2013.07.15 21:27:50.010,0.81408,0.81506,1.13,2.25
2013.07.15 21:27:52.882,0.81408,0.81506,1.13,1.50
2013.07.15 21:27:53.723,0.81408,0.81508,1.13,1.13
2013.07.15 21:27:55.299,0.81408,0.81505,1.13,1.50
2013.07.15 21:27:57.539,0.81408,0.81497,1.13,1.13
2013.07.15 21:28:02.740,0.81408,0.81497,1.13,1.13
2013.07.15 21:28:04.200,0.81417,0.81498,1.50,1.13
2013.07.15 21:28:05.191,0.81418,0.81504,1.50,1.50
2013.07.15 21:28:05.589,0.81411,0.81504,1.13,1.50
2013.07.15 21:28:05.968,0.81426,0.81504,1.50,1.50
2013.07.15 21:28:07.659,0.81412,0.81504,1.13,1.50
2013.07.15 21:28:07.948,0.81429,0.81504,1.50,1.50
2013.07.15 21:28:08.489,0.81429,0.815,1.50,1.13
2013.07.15 21:28:08.938,0.81412,0.81498,2.25,2.25
2013.07.15 21:28:11.263,0.8141,0.81499,1.13,1.13
2013.07.15 21:28:11.551,0.8141,0.81499,1.13,1.13
2013.07.15 21:28:13.109,0.81404,0.81515,1.50,1.13
2013.07.15 21:28:13.560,0.81406,0.81515,1.50,1.13
2013.07.15 21:28:13.879,0.81411,0.81515,1.50,1.13
2013.07.15 21:28:15.819,0.81417,0.81517,1.50,1.13
2013.07.15 21:28:16.400,0.81443,0.81537,1.35,1.13
2013.07.15 21:28:16.459,0.81443,0.81537,1.35,1.13
2013.07.15 21:28:17.610,0.81438,0.81534,1.35,1.50
2013.07.15 21:28:17.729,0.8143,0.81534,1.50,1.50
2013.07.15 21:28:17.800,0.81427,0.81534,1.50,1.50
2013.07.15 21:28:21.670,0.81432,0.81533,1.50,1.50
2013.07.15 21:28:21.924,0.81432,0.81533,1.50,1.50
2013.07.15 21:28:28.759,0.81435,0.8154,1.50,1.50
2013.07.15 21:28:31.250,0.81443,0.81533,1.50,1.50
2013.07.15 21:28:44.601,0.81426,0.81538,1.50,1.50
2013.07.15 21:28:53.399,0.81439,0.81538,1.50,1.50
2013.07.15 21:28:53.729,0.81423,0.81538,1.50,1.50
2013.07.15 21:28:53.801,0.81423,0.81543,1.50,1.50
2013.07.15 21:28:54.769,0.81445,0.81538,1.50,1.50
2013.07.15 21:28:56.369,0.81444,0.81537,1.50,1.13
2013.07.15 21:28:56.970,0.81423,0.81532,1.50,1.13
2013.07.15 21:28:57.671,0.81423,0.81532,1.50,1.50
2013.07.15 21:28:58.090,0.81423,0.81528,1.50,1.13
2013.07.15 21:29:01.189,0.81452,0.81533,1.13,1.50
2013.07.15 21:29:04.911,0.81442,0.81522,1.13,1.13
2013.07.15 21:29:06.520,0.81442,0.81528,1.13,1.65
2013.07.15 21:29:08.629,0.81441,0.81524,1.13,1.50
2013.07.15 21:29:12.889,0.81454,0.81518,3.75,1.13
2013.07.15 21:29:12.949,0.81437,0.81518,1.88,1.13
2013.07.15 21:29:15.800,0.81437,0.81516,1.13,1.13
2013.07.15 21:29:23.160,0.81436,0.81514,1.50,1.13
2013.07.15 21:29:25.234,0.81436,0.81514,1.50,1.13
2013.07.15 21:29:26.746,0.81437,0.81513,1.50,1.13
2013.07.15 21:29:32.300,0.81437,0.81513,1.13,1.13
2013.07.15 21:29:45.040,0.81437,0.81511,1.13,1.13
2013.07.15 21:29:46.241,0.81437,0.81509,1.13,1.13
2013.07.15 21:29:58.860,0.81437,0.81509,1.50,1.13
2013.07.15 21:29:59.200,0.81464,0.81528,1.35,1.13
2013.07.15 21:30:00.351,0.81459,0.81539,2.10,2.03
2013.07.15 21:30:00.412,0.81436,0.81515,1.50,1.13
2013.07.15 21:30:00.684,0.81436,0.81515,1.50,1.13
2013.07.15 21:30:02.749,0.81436,0.81515,1.13,1.13
2013.07.15 21:30:03.019,0.81436,0.81515,1.13,1.13
2013.07.15 21:30:03.910,0.81436,0.81515,1.13,1.13
2013.07.15 21:30:07.121,0.81436,0.81515,1.13,1.13
2013.07.15 21:30:07.706,0.81436,0.81515,1.13,1.13
2013.07.15 21:30:10.419,0.81436,0.81515,1.13,1.13
2013.07.15 21:30:15.769,0.81439,0.81513,2.25,1.13
2013.07.15 21:30:19.857,0.81439,0.81509,2.25,1.50
2013.07.15 21:30:20.457,0.81439,0.81509,2.25,1.50
2013.07.15 21:30:20.699,0.81439,0.81509,1.88,1.50
2013.07.15 21:30:21.633,0.81439,0.81509,2.25,1.50
2013.07.15 21:30:22.375,0.81448,0.81513,1.13,1.13
2013.07.15 21:30:25.749,0.81445,0.81513,1.13,1.13
2013.07.15 21:30:26.712,0.81439,0.81513,2.63,1.13
2013.07.15 21:30:28.659,0.81439,0.81509,2.25,1.13
2013.07.15 21:30:28.720,0.81439,0.81509,1.88,1.13
2013.07.15 21:30:29.379,0.81439,0.81509,1.88,1.13
2013.07.15 21:30:29.969,0.81436,0.81509,1.13,1.13
2013.07.15 21:30:30.640,0.8144,0.81509,4.50,1.13
2013.07.15 21:30:30.801,0.81436,0.81509,1.13,1.13
2013.07.15 21:30:30.979,0.81436,0.81509,1.13,1.13
2013.07.15 21:30:31.039,0.81436,0.81509,1.13,1.13
2013.07.15 21:30:33.279,0.81436,0.81509,1.13,1.13
2013.07.15 21:30:34.552,0.81436,0.81509,1.13,2.25
2013.07.15 21:30:34.779,0.81432,0.81504,1.88,1.50
2013.07.15 21:30:34.880,0.81436,0.81504,1.13,1.50
2013.07.15 21:30:36.560,0.81432,0.81504,1.13,1.50
2013.07.15 21:30:37.090,0.81431,0.81499,1.13,1.50
2013.07.15 21:30:37.280,0.81413,0.81499,1.13,1.50
2013.07.15 21:30:37.629,0.81422,0.81499,1.13,1.50
2013.07.15 21:30:39.929,0.81435,0.81508,1.50,1.50
2013.07.15 21:30:39.989,0.81435,0.81524,1.50,1.13
2013.07.15 21:30:40.049,0.81441,0.81528,1.13,1.50
2013.07.15 21:30:40.339,0.81441,0.81533,1.13,1.50
2013.07.15 21:30:40.833,0.81451,0.81534,1.50,1.50
2013.07.15 21:30:42.819,0.81451,0.81534,1.50,1.13
2013.07.15 21:30:46.201,0.81451,0.81538,2.25,1.50
2013.07.15 21:30:46.439,0.81451,0.81535,1.50,1.13
2013.07.15 21:30:49.679,0.81451,0.81533,1.50,1.50
2013.07.15 21:30:49.799,0.81438,0.81518,1.50,2.25
2013.07.15 21:30:52.729,0.81438,0.81518,1.50,1.50
2013.07.15 21:30:53.535,0.81438,0.81518,2.25,1.50
2013.07.15 21:30:53.900,0.81451,0.81534,1.50,1.50
2013.07.15 21:30:54.235,0.81451,0.81535,1.50,1.50
2013.07.15 21:30:55.238,0.81453,0.81535,1.50,1.50
2013.07.15 21:30:55.579,0.81453,0.81542,2.25,1.50
2013.07.15 21:30:57.205,0.81453,0.81544,2.25,1.13
2013.07.15 21:31:14.750,0.81457,0.81548,1.50,1.50
2013.07.15 21:31:23.199,0.81458,0.81543,2.25,1.50
2013.07.15 21:31:23.713,0.81456,0.81538,2.25,1.50
2013.07.15 21:31:24.485,0.81456,0.81538,2.25,1.50
2013.07.15 21:31:30.176,0.81457,0.81538,2.25,1.50
2013.07.15 21:31:44.218,0.81461,0.81538,1.88,1.50
2013.07.15 21:31:58.071,0.81461,0.81538,2.25,1.50
2013.07.15 21:32:01.051,0.81461,0.81538,1.50,1.50
2013.07.15 21:32:04.130,0.81461,0.81538,2.25,1.50
2013.07.15 21:32:04.800,0.81461,0.81538,2.25,1.50
2013.07.15 21:32:12.791,0.81461,0.81538,2.25,1.50
2013.07.15 21:32:18.909,0.81461,0.81545,2.25,2.63
2013.07.15 21:32:19.029,0.81463,0.81549,2.25,1.50
2013.07.15 21:32:22.849,0.81463,0.81549,2.25,1.50
2013.07.15 21:32:28.331,0.81464,0.81549,2.25,1.50
2013.07.15 21:32:29.300,0.8146,0.81549,1.50,1.50
2013.07.15 21:32:32.400,0.81461,0.81549,2.25,1.50
2013.07.15 21:32:37.640,0.81461,0.81545,2.25,1.13
2013.07.15 21:32:37.699,0.81461,0.8153,1.88,1.13
2013.07.15 21:32:37.879,0.81461,0.8153,1.88,1.13
2013.07.15 21:32:38.453,0.8146,0.81549,2.25,1.50
2013.07.15 21:32:39.023,0.81465,0.81553,1.13,1.50
2013.07.15 21:32:39.407,0.81479,0.81553,1.50,1.50
2013.07.15 21:32:44.251,0.81479,0.81553,1.50,1.88
2013.07.15 21:32:51.033,0.81481,0.81553,1.50,1.50
2013.07.15 21:32:53.790,0.81479,0.81553,1.50,1.50
2013.07.15 21:32:54.620,0.8148,0.81553,1.50,1.50
2013.07.15 21:33:22.509,0.81479,0.81553,1.50,1.13
2013.07.15 21:33:31.450,0.81479,0.81553,1.50,1.13
2013.07.15 21:33:31.939,0.81479,0.81554,1.50,1.13
2013.07.15 21:33:31.999,0.81481,0.81558,1.50,1.50
2013.07.15 21:33:33.833,0.81481,0.81557,2.25,1.13
2013.07.15 21:33:38.159,0.81481,0.81557,2.25,1.13
2013.07.15 21:33:40.340,0.81481,0.81558,2.25,2.25
2013.07.15 21:33:42.292,0.81481,0.81557,2.25,1.13
2013.07.15 21:33:42.649,0.81479,0.8155,2.25,1.13
2013.07.15 21:33:45.490,0.81479,0.8155,2.25,1.13
2013.07.15 21:33:51.040,0.81479,0.81549,2.25,1.13
2013.07.15 21:34:46.512,0.81479,0.81543,2.25,1.50
2013.07.15 21:34:49.142,0.81479,0.81543,2.25,1.50
2013.07.15 21:35:01.791,0.81479,0.81543,2.25,1.50
2013.07.15 21:35:06.961,0.81479,0.81544,2.25,1.13
2013.07.15 21:35:17.741,0.81478,0.81539,1.50,1.50
2013.07.15 21:35:18.320,0.81475,0.81539,2.25,1.50
2013.07.15 21:35:37.490,0.81476,0.81539,1.88,1.88
2013.07.15 21:35:42.631,0.81476,0.81536,1.88,1.13
2013.07.15 21:35:47.520,0.81473,0.8154,1.50,1.13
2013.07.15 21:35:47.801,0.81478,0.81542,2.25,1.13
2013.07.15 21:36:03.331,0.81478,0.81541,2.25,1.13
2013.07.15 21:36:12.461,0.81478,0.81542,2.25,1.13
2013.07.15 21:36:32.961,0.81478,0.81541,2.25,1.13
2013.07.15 21:36:36.041,0.81478,0.81542,2.25,1.13
2013.07.15 21:36:53.641,0.81468,0.81545,2.25,1.13
2013.07.15 21:36:56.720,0.81467,0.81545,1.13,1.13
2013.07.15 21:37:04.631,0.81468,0.81544,1.13,1.13
2013.07.15 21:37:07.611,0.81468,0.81544,1.13,1.13
2013.07.15 21:37:07.812,0.81465,0.81544,2.25,1.13
2013.07.15 21:37:09.743,0.81468,0.81544,1.13,1.13
2013.07.15 21:37:10.541,0.81468,0.81544,1.13,1.13
2013.07.15 21:37:26.870,0.81467,0.81545,1.13,1.13
2013.07.15 21:37:27.221,0.81489,0.81551,1.50,1.50
2013.07.15 21:37:29.242,0.81487,0.81544,1.88,1.50
2013.07.15 21:37:32.211,0.81486,0.8154,1.13,1.50
2013.07.15 21:37:35.191,0.81482,0.81539,1.50,1.50
2013.07.15 21:37:47.890,0.81486,0.8154,1.13,1.50
2013.07.15 21:37:53.492,0.81485,0.8154,1.13,1.50
2013.07.15 21:37:55.461,0.81486,0.8154,1.13,1.50
2013.07.15 21:37:56.451,0.81486,0.8154,1.13,1.50
2013.07.15 21:37:57.456,0.81486,0.8154,1.13,1.50
2013.07.15 21:37:57.840,0.81485,0.8154,1.13,1.50
2013.07.15 21:38:15.821,0.81486,0.81541,1.13,1.50
2013.07.15 21:38:21.580,0.81485,0.8154,1.50,1.50
2013.07.15 21:38:41.400,0.81486,0.81541,1.13,1.50
2013.07.15 21:38:47.741,0.81482,0.81539,1.50,1.50
2013.07.15 21:39:01.691,0.81482,0.81541,1.50,1.50
2013.07.15 21:39:02.099,0.81486,0.81541,1.13,1.50
2013.07.15 21:39:02.971,0.81497,0.81549,1.13,1.50
2013.07.15 21:39:07.246,0.81497,0.81549,1.50,1.50
2013.07.15 21:39:09.061,0.81497,0.81549,1.50,1.50
2013.07.15 21:39:09.961,0.81497,0.81549,1.13,1.50
2013.07.15 21:39:16.281,0.81497,0.81553,1.50,1.50
2013.07.15 21:39:18.267,0.81499,0.81553,1.50,1.13
2013.07.15 21:39:27.621,0.81499,0.81553,1.50,1.50
2013.07.15 21:39:27.980,0.8147,0.8155,1.50,1.50
2013.07.15 21:39:29.135,0.8146,0.81548,1.88,1.50
2013.07.15 21:39:30.911,0.8146,0.81546,1.13,1.13
2013.07.15 21:39:32.500,0.81458,0.81546,1.50,1.13
2013.07.15 21:39:33.737,0.81458,0.81546,1.50,1.88
2013.07.15 21:39:37.292,0.81459,0.81546,1.13,1.50
2013.07.15 21:39:40.161,0.81459,0.81546,1.50,1.88
2013.07.15 21:39:40.535,0.81459,0.81543,1.50,1.50
2013.07.15 21:39:55.921,0.8146,0.81543,1.50,1.50
2013.07.15 21:39:56.032,0.8146,0.81543,1.50,1.50
2013.07.15 21:39:56.902,0.8146,0.81543,1.13,1.50
2013.07.15 21:39:57.825,0.8146,0.81543,1.13,1.50
2013.07.15 21:40:03.751,0.8146,0.81544,1.50,1.50
2013.07.15 21:40:03.861,0.81459,0.81543,1.50,1.50
2013.07.15 21:40:04.645,0.81459,0.81543,1.50,1.50
2013.07.15 21:40:05.522,0.81459,0.81543,2.25,1.50
2013.07.15 21:40:06.670,0.81459,0.81543,1.50,1.50
2013.07.15 21:40:13.311,0.8146,0.81543,1.50,1.50
2013.07.15 21:40:13.370,0.8146,0.81543,1.50,1.50
2013.07.15 21:40:20.151,0.81462,0.81544,1.13,1.50
2013.07.15 21:40:24.667,0.81464,0.81543,1.13,1.50
2013.07.15 21:40:33.927,0.8146,0.81547,1.50,1.13
2013.07.15 21:40:33.990,0.81459,0.81547,1.50,1.13
2013.07.15 21:40:37.149,0.81459,0.81547,1.50,1.13
2013.07.15 21:40:42.300,0.8146,0.81546,1.50,1.13
2013.07.15 21:40:45.711,0.8146,0.81545,1.50,1.13
2013.07.15 21:40:46.270,0.81458,0.81545,1.50,1.13
2013.07.15 21:40:46.810,0.8146,0.81545,1.50,1.13
2013.07.15 21:40:49.910,0.81458,0.81545,1.50,1.13
2013.07.15 21:40:51.761,0.81458,0.81546,1.50,1.13
2013.07.15 21:40:52.942,0.8146,0.81546,1.50,1.13
2013.07.15 21:40:53.051,0.8146,0.81546,1.50,1.13
2013.07.15 21:41:01.338,0.81459,0.81546,1.50,1.13
2013.07.15 21:41:01.464,0.81459,0.81546,1.50,1.13
2013.07.15 21:41:10.101,0.81462,0.81546,1.88,1.13
2013.07.15 21:41:10.457,0.81462,0.81548,1.88,1.13
2013.07.15 21:41:13.101,0.8146,0.81546,1.50,1.13
2013.07.15 21:41:21.491,0.81459,0.8154,1.50,1.13
2013.07.15 21:41:22.571,0.81459,0.8154,1.50,1.13
2013.07.15 21:41:27.000,0.81459,0.8154,1.88,1.13
2013.07.15 21:41:30.470,0.81462,0.81539,1.13,1.13
2013.07.15 21:41:33.422,0.81467,0.81538,1.13,1.50
2013.07.15 21:41:36.631,0.81458,0.81538,1.50,1.50
2013.07.15 21:41:49.940,0.8146,0.81539,1.50,1.88
2013.07.15 21:41:52.853,0.8146,0.81539,1.50,1.50
2013.07.15 21:41:58.795,0.81463,0.81539,1.13,1.50
2013.07.15 21:42:00.042,0.81467,0.81539,1.13,1.50
2013.07.15 21:42:00.641,0.8146,0.81539,1.50,1.50
2013.07.15 21:42:03.191,0.8146,0.81539,1.50,1.88
2013.07.15 21:42:10.191,0.81459,0.81539,1.50,1.88
2013.07.15 21:42:12.381,0.81459,0.81539,1.50,1.88
2013.07.15 21:42:14.911,0.81459,0.81539,1.50,1.88
2013.07.15 21:42:16.811,0.8146,0.81539,1.88,1.88
2013.07.15 21:42:20.980,0.81463,0.81539,1.13,1.88
2013.07.15 21:42:35.591,0.81461,0.81541,1.50,1.13
2013.07.15 21:42:38.562,0.8146,0.8154,2.25,1.13
2013.07.15 21:42:40.461,0.8146,0.81542,1.88,1.13
2013.07.15 21:42:41.531,0.81461,0.81542,1.88,1.13
2013.07.15 21:42:44.394,0.81466,0.81543,1.13,1.88
2013.07.15 21:42:47.590,0.8146,0.81543,1.50,1.13
2013.07.15 21:42:50.551,0.81459,0.81542,2.25,1.13
2013.07.15 21:42:57.262,0.8146,0.81542,1.50,1.13
2013.07.15 21:43:00.231,0.8146,0.81542,1.50,1.88
2013.07.15 21:43:01.883,0.81457,0.8154,1.50,1.13
2013.07.15 21:43:02.002,0.81456,0.81539,1.50,1.50
2013.07.15 21:43:02.273,0.81447,0.81539,1.50,1.50
2013.07.15 21:43:02.365,0.81451,0.8154,1.13,1.88
2013.07.15 21:43:02.632,0.81462,0.8154,1.50,1.50
2013.07.15 21:43:02.891,0.81466,0.81544,1.50,1.13
2013.07.15 21:43:03.698,0.81466,0.81548,2.25,1.50
2013.07.15 21:43:05.131,0.81466,0.81552,1.50,1.13
2013.07.15 21:43:05.802,0.81466,0.81551,1.50,1.50
2013.07.15 21:43:06.792,0.81466,0.81551,1.50,1.50
2013.07.15 21:43:07.781,0.81466,0.81552,1.50,1.13
2013.07.15 21:43:08.772,0.81466,0.81551,1.50,1.50
2013.07.15 21:43:09.800,0.81469,0.8155,1.50,1.50
2013.07.15 21:43:11.071,0.81469,0.8155,1.50,1.50
2013.07.15 21:43:11.741,0.81469,0.81553,1.50,1.50
2013.07.15 21:43:11.853,0.81467,0.81556,1.50,1.13
2013.07.15 21:43:13.902,0.81466,0.81556,1.50,1.13
2013.07.15 21:43:13.960,0.81466,0.81554,1.50,1.13
2013.07.15 21:43:14.941,0.81466,0.81554,1.50,1.13
2013.07.15 21:43:17.040,0.81466,0.81554,1.50,1.13
2013.07.15 21:43:17.792,0.81466,0.81554,1.50,1.13
2013.07.15 21:43:20.761,0.81466,0.81554,1.50,1.13
2013.07.15 21:43:21.709,0.81466,0.81554,2.25,1.88
2013.07.15 21:43:22.617,0.81466,0.81553,2.25,1.13
2013.07.15 21:43:23.883,0.81466,0.81549,2.25,1.50
2013.07.15 21:43:25.821,0.81466,0.8155,1.50,1.50
2013.07.15 21:43:28.710,0.81472,0.81554,1.50,1.50
2013.07.15 21:43:29.444,0.81472,0.81556,1.50,1.50
2013.07.15 21:43:32.413,0.81473,0.81556,1.50,1.88
2013.07.15 21:43:35.773,0.81473,0.81556,1.50,1.88
2013.07.15 21:43:38.352,0.81473,0.81556,1.50,1.50
2013.07.15 21:43:42.524,0.81473,0.81556,1.50,1.88
2013.07.15 21:43:50.282,0.81472,0.81553,1.50,1.50
2013.07.15 21:43:53.252,0.81472,0.81553,1.50,1.50
2013.07.15 21:44:01.062,0.81471,0.81554,1.50,1.50
2013.07.15 21:44:06.892,0.81471,0.81554,1.50,1.50
2013.07.15 21:44:09.971,0.81471,0.81554,1.50,1.50
2013.07.15 21:44:10.180,0.81472,0.81553,1.50,1.50
2013.07.15 21:44:26.581,0.81478,0.81553,1.13,1.50
2013.07.15 21:44:31.451,0.81477,0.81555,1.13,1.88
2013.07.15 21:44:36.231,0.81477,0.81555,1.13,1.13
2013.07.15 21:44:37.940,0.81477,0.81557,1.13,1.13
2013.07.15 21:44:40.891,0.81477,0.81555,1.13,1.50
2013.07.15 21:44:43.633,0.81477,0.81555,1.13,1.50
2013.07.15 21:44:52.697,0.81475,0.81549,1.13,1.13
2013.07.15 21:44:53.281,0.81475,0.81549,1.13,1.13
2013.07.15 21:45:00.087,0.81475,0.81548,1.13,1.73
2013.07.15 21:45:21.083,0.81476,0.81548,1.13,1.88
2013.07.15 21:45:22.322,0.81476,0.81548,1.13,1.88
2013.07.15 21:45:25.292,0.8147,0.81548,1.50,1.13
2013.07.15 21:45:28.266,0.81471,0.81548,1.50,1.88
2013.07.15 21:45:32.136,0.81471,0.81548,1.50,1.50
2013.07.15 21:45:33.262,0.81477,0.81548,1.13,1.50
2013.07.15 21:45:35.542,0.81478,0.81548,1.13,1.88
2013.07.15 21:45:40.162,0.81476,0.81548,1.13,1.50
2013.07.15 21:45:43.242,0.81469,0.81548,1.50,2.25
2013.07.15 21:45:45.080,0.8147,0.81546,1.50,1.13
2013.07.15 21:45:46.102,0.8147,0.81543,1.50,1.88
2013.07.15 21:45:47.295,0.81466,0.81543,1.50,1.88
2013.07.15 21:45:49.071,0.81466,0.81542,1.50,1.13
2013.07.15 21:45:52.261,0.81466,0.81543,1.50,1.88
2013.07.15 21:45:55.122,0.81466,0.81543,1.50,1.88
2013.07.15 21:45:59.302,0.81466,0.81542,1.50,1.50
2013.07.15 21:46:01.340,0.81461,0.81542,1.13,1.50
2013.07.15 21:46:01.570,0.81457,0.81542,2.25,1.50
2013.07.15 21:46:01.902,0.81447,0.81536,1.50,1.13
2013.07.15 21:46:02.080,0.81428,0.81532,1.50,1.13
2013.07.15 21:46:02.140,0.81428,0.81532,1.50,1.13
2013.07.15 21:46:02.323,0.81428,0.81538,1.50,1.13
2013.07.15 21:46:02.450,0.81427,0.81536,1.13,1.50
2013.07.15 21:46:02.861,0.81462,0.81536,2.25,2.25
2013.07.15 21:46:03.710,0.81467,0.8154,1.50,1.13
2013.07.15 21:46:09.313,0.81467,0.81551,1.50,1.13
2013.07.15 21:46:12.405,0.81467,0.81549,1.50,1.50
2013.07.15 21:46:15.361,0.81469,0.81551,1.50,1.13
2013.07.15 21:46:19.482,0.81469,0.81551,2.25,1.13
2013.07.15 21:46:22.482,0.81468,0.81549,1.50,1.50
2013.07.15 21:46:22.600,0.81468,0.81549,1.50,1.13
2013.07.15 21:46:22.701,0.81469,0.81551,2.25,1.13
2013.07.15 21:46:28.742,0.81469,0.81552,2.25,1.13
2013.07.15 21:46:37.322,0.81469,0.81553,2.25,1.88
2013.07.15 21:46:43.372,0.81469,0.81551,1.50,1.88
2013.07.15 21:46:50.281,0.81469,0.81552,1.50,1.50
2013.07.15 21:46:50.450,0.81469,0.81551,1.50,1.50
2013.07.15 21:46:53.430,0.81468,0.81548,1.50,1.50
2013.07.15 21:47:01.720,0.81468,0.81545,1.50,1.13
2013.07.15 21:47:02.433,0.81469,0.81547,1.50,1.13
2013.07.15 21:47:04.781,0.81468,0.81545,1.50,1.13
2013.07.15 21:47:07.792,0.81467,0.81543,1.50,1.13
2013.07.15 21:47:10.762,0.81467,0.81544,1.50,1.13
2013.07.15 21:47:21.607,0.81466,0.81545,1.50,1.13
2013.07.15 21:47:24.571,0.81468,0.81546,1.50,1.50
2013.07.15 21:47:27.747,0.81468,0.81545,1.50,1.13
2013.07.15 21:47:38.092,0.81468,0.81546,1.50,1.13
2013.07.15 21:47:47.112,0.81466,0.81545,1.50,1.13
2013.07.15 21:47:53.932,0.81466,0.81545,1.50,1.13
2013.07.15 21:47:57.012,0.81466,0.81545,1.50,1.13
2013.07.15 21:48:02.556,0.81466,0.81546,1.50,1.13
2013.07.15 21:48:04.531,0.81467,0.81547,1.50,1.13
2013.07.15 21:48:07.462,0.81466,0.81546,1.50,1.13
2013.07.15 21:48:10.543,0.81466,0.81546,1.50,1.13
2013.07.15 21:48:13.952,0.81463,0.81546,2.63,1.13
2013.07.15 21:48:16.921,0.81465,0.81546,1.88,1.88
2013.07.15 21:48:20.002,0.81467,0.81546,1.50,1.88
2013.07.15 21:48:24.122,0.81463,0.81546,2.25,1.88
2013.07.15 21:48:27.202,0.81463,0.81545,1.50,1.50
2013.07.15 21:48:32.934,0.81466,0.81545,1.50,1.50
2013.07.15 21:48:36.002,0.81466,0.81545,1.50,1.50
2013.07.15 21:48:38.973,0.81466,0.81544,1.50,1.50
2013.07.15 21:48:49.752,0.81466,0.81545,1.50,1.50
2013.07.15 21:48:52.595,0.81466,0.81545,1.50,1.50
2013.07.15 21:48:56.840,0.81466,0.81545,1.50,2.25
2013.07.15 21:49:02.842,0.81466,0.81545,2.25,2.25
2013.07.15 21:49:05.709,0.81468,0.81544,1.88,1.50
2013.07.15 21:49:22.252,0.81467,0.81543,1.50,1.50
2013.07.15 21:49:25.332,0.81468,0.81544,1.13,1.13
2013.07.15 21:49:27.194,0.81468,0.81547,1.50,1.50
2013.07.15 21:49:28.198,0.81471,0.81547,1.50,1.50
2013.07.15 21:49:31.168,0.81471,0.81547,1.50,1.50
2013.07.15 21:49:32.599,0.81471,0.81554,2.25,1.13
2013.07.15 21:49:33.222,0.81477,0.81566,1.50,1.13
2013.07.15 21:49:35.732,0.81477,0.81569,1.50,1.13
2013.07.15 21:49:36.952,0.81481,0.81569,1.13,1.13
2013.07.15 21:49:38.538,0.81481,0.81569,1.50,1.13
2013.07.15 21:49:44.588,0.81481,0.81569,1.50,1.13
2013.07.15 21:49:45.702,0.81485,0.81573,1.13,1.50
2013.07.15 21:49:47.558,0.81486,0.81573,1.13,1.50
2013.07.15 21:49:50.205,0.81486,0.81578,1.13,1.50
2013.07.15 21:49:50.532,0.81487,0.81578,1.13,1.50
2013.07.15 21:49:53.732,0.81487,0.81573,1.13,1.13
2013.07.15 21:49:54.382,0.81485,0.81572,1.13,1.13
2013.07.15 21:49:54.924,0.81485,0.81572,1.13,1.13
2013.07.15 21:49:55.813,0.81495,0.81572,1.50,1.13
2013.07.15 21:49:56.352,0.81487,0.81573,1.13,1.50
2013.07.15 21:49:59.176,0.81479,0.8157,1.50,1.13
2013.07.15 21:50:00.262,0.81477,0.81569,3.00,1.13
2013.07.15 21:50:01.984,0.81477,0.81569,1.50,1.13
2013.07.15 21:50:03.372,0.8148,0.81569,2.25,1.13
2013.07.15 21:50:03.509,0.8148,0.81569,2.25,1.13
2013.07.15 21:50:05.292,0.8148,0.81569,2.25,1.13
2013.07.15 21:50:07.028,0.8148,0.81569,2.25,1.13
2013.07.15 21:50:08.574,0.8149,0.8157,1.50,1.13
2013.07.15 21:50:08.972,0.81493,0.81573,1.50,1.50
2013.07.15 21:50:16.302,0.81495,0.81572,1.50,1.50
2013.07.15 21:50:17.211,0.81489,0.81559,1.50,1.13
2013.07.15 21:50:17.957,0.81484,0.81559,1.50,1.13
2013.07.15 21:50:27.441,0.81492,0.81559,1.13,1.88
2013.07.15 21:50:28.126,0.8148,0.81559,1.50,1.13
2013.07.15 21:50:29.091,0.8148,0.81558,1.50,1.50
2013.07.15 21:50:32.262,0.81472,0.81553,2.25,1.50
2013.07.15 21:50:39.101,0.81472,0.81553,2.25,1.50
2013.07.15 21:50:41.170,0.8148,0.81558,1.50,1.50
2013.07.15 21:50:42.023,0.8148,0.81558,1.50,1.50
2013.07.15 21:50:47.107,0.81478,0.81558,1.50,1.50
2013.07.15 21:50:50.651,0.8148,0.81558,1.50,1.50
2013.07.15 21:50:53.181,0.8148,0.81558,1.50,1.50
2013.07.15 21:50:56.231,0.8148,0.81558,1.50,1.50
2013.07.15 21:50:58.603,0.8148,0.81558,1.50,1.50
2013.07.15 21:51:00.183,0.81481,0.81558,1.50,1.50
2013.07.15 21:51:00.702,0.81481,0.81558,1.50,1.50
2013.07.15 21:51:01.242,0.81481,0.81558,1.50,1.50
2013.07.15 21:51:01.757,0.81481,0.81558,1.50,1.50
2013.07.15 21:51:01.957,0.81472,0.81558,2.25,1.88
2013.07.15 21:51:03.442,0.81479,0.81558,1.50,1.88
2013.07.15 21:51:04.927,0.81479,0.81558,2.25,1.50
2013.07.15 21:51:08.882,0.8148,0.81558,1.50,1.50
2013.07.15 21:51:09.824,0.8148,0.81558,1.50,1.50
2013.07.15 21:51:21.381,0.8148,0.8156,2.25,1.50
2013.07.15 21:51:25.961,0.8148,0.81559,1.50,1.13
2013.07.15 21:51:29.992,0.8148,0.81559,2.25,1.50
2013.07.15 21:51:31.302,0.8148,0.81559,1.50,1.50
2013.07.15 21:51:32.963,0.81479,0.81559,1.50,1.13
2013.07.15 21:51:40.321,0.8148,0.81559,1.50,1.13
2013.07.15 21:51:43.412,0.81481,0.81559,2.25,1.13
2013.07.15 21:51:46.383,0.81481,0.81559,1.50,1.13
2013.07.15 21:51:49.136,0.8148,0.81549,1.50,1.50
2013.07.15 21:51:54.991,0.81471,0.81549,1.50,1.50
2013.07.15 21:51:58.483,0.81471,0.81549,1.50,1.50
2013.07.15 21:52:01.681,0.81471,0.81547,1.13,1.50
2013.07.15 21:52:04.312,0.81471,0.81546,1.50,1.50
2013.07.15 21:52:09.372,0.81471,0.81546,2.25,1.50
2013.07.15 21:52:12.351,0.81471,0.81547,1.50,1.50
2013.07.15 21:52:20.123,0.81471,0.81544,1.50,1.13
2013.07.15 21:52:20.183,0.81462,0.81539,1.54,1.50
2013.07.15 21:52:20.301,0.81468,0.81539,1.13,1.50
2013.07.15 21:52:21.912,0.81471,0.81543,2.25,1.13
2013.07.15 21:52:24.925,0.81469,0.81539,1.13,1.50
2013.07.15 21:52:24.991,0.81461,0.8154,1.54,1.50
2013.07.15 21:52:27.617,0.81469,0.8154,1.13,1.50
2013.07.15 21:52:27.741,0.81472,0.81544,1.50,1.13
2013.07.15 21:52:28.452,0.81472,0.81547,1.50,1.50
2013.07.15 21:52:30.465,0.81477,0.81549,1.50,1.13
2013.07.15 21:52:34.921,0.81477,0.81548,1.50,1.13
2013.07.15 21:52:36.593,0.81476,0.81548,1.50,1.13
2013.07.15 21:52:39.553,0.81475,0.81548,1.50,1.88
2013.07.15 21:52:39.792,0.81461,0.8154,1.54,1.50
2013.07.15 21:52:48.942,0.81461,0.8154,1.54,1.50
2013.07.15 21:52:50.651,0.81468,0.8154,1.13,1.50
2013.07.15 21:52:50.981,0.81472,0.81544,1.50,1.13
2013.07.15 21:52:53.565,0.81475,0.81549,1.50,1.13
2013.07.15 21:52:55.780,0.81475,0.81549,1.50,1.13
2013.07.15 21:52:56.642,0.81475,0.81548,1.50,1.13
2013.07.15 21:52:59.921,0.81474,0.81548,1.13,1.13
2013.07.15 21:52:59.981,0.81474,0.81546,1.13,1.50
2013.07.15 21:53:01.251,0.81471,0.81542,1.50,1.13
2013.07.15 21:53:01.842,0.81467,0.81542,2.25,1.13
2013.07.15 21:53:01.925,0.81467,0.8154,1.50,1.50
2013.07.15 21:53:02.231,0.8147,0.81539,1.13,1.50
2013.07.15 21:53:03.245,0.81473,0.81539,1.50,1.13
2013.07.15 21:53:06.432,0.81473,0.81539,1.50,1.50
2013.07.15 21:53:10.845,0.81473,0.81539,1.50,1.13
2013.07.15 21:53:13.772,0.81473,0.81546,1.50,1.50
2013.07.15 21:53:20.705,0.8148,0.81546,1.13,2.25
2013.07.15 21:53:23.542,0.8148,0.81546,1.13,2.25
2013.07.15 21:53:23.893,0.8148,0.81546,1.13,2.25
2013.07.15 21:53:24.655,0.81473,0.81546,1.50,2.25
2013.07.15 21:53:27.642,0.81472,0.81547,1.50,1.88
2013.07.15 21:53:30.713,0.81473,0.81546,1.50,2.25
2013.07.15 21:53:41.603,0.81473,0.81546,1.50,2.25
2013.07.15 21:53:45.342,0.81472,0.81547,1.50,1.88
2013.07.15 21:53:48.318,0.81472,0.81546,1.50,1.13
2013.07.15 21:53:58.213,0.81472,0.81546,1.50,1.13
2013.07.15 21:54:00.971,0.81472,0.81546,1.13,1.13
2013.07.15 21:54:01.518,0.81466,0.81541,1.92,1.50
2013.07.15 21:54:02.615,0.81472,0.81546,2.25,1.13
2013.07.15 21:54:14.512,0.81474,0.81547,1.13,1.88
2013.07.15 21:54:17.593,0.81474,0.81547,1.50,1.13
2013.07.15 21:54:20.454,0.81471,0.81545,1.50,1.50
2013.07.15 21:54:28.631,0.81473,0.81545,1.50,1.50
2013.07.15 21:54:34.643,0.81471,0.81546,1.50,1.50
2013.07.15 21:54:37.613,0.81472,0.81546,1.50,1.50
2013.07.15 21:54:39.373,0.81479,0.81547,1.50,1.13
2013.07.15 21:54:42.143,0.81479,0.81551,1.50,1.88
2013.07.15 21:54:43.133,0.8148,0.81551,1.50,1.13
2013.07.15 21:54:50.392,0.8148,0.8155,1.50,1.50
2013.07.15 21:54:51.092,0.81479,0.81546,1.50,1.50
2013.07.15 21:55:02.323,0.81479,0.81541,1.50,1.13
2013.07.15 21:55:04.172,0.81482,0.81541,1.50,1.50
2013.07.15 21:55:08.902,0.81481,0.8154,1.50,1.13
2013.07.15 21:55:12.203,0.81484,0.8154,1.50,1.13
2013.07.15 21:55:19.903,0.81483,0.8154,1.50,1.13
2013.07.15 21:55:25.761,0.81483,0.81543,1.50,1.13
2013.07.15 21:55:26.605,0.81483,0.81543,1.50,1.13
2013.07.15 21:55:33.983,0.81484,0.81543,1.50,1.13
2013.07.15 21:55:45.451,0.81482,0.81549,1.50,1.50
2013.07.15 21:55:48.060,0.81482,0.81549,1.50,1.50
2013.07.15 21:55:48.393,0.81483,0.81549,1.50,1.88
2013.07.15 21:55:51.472,0.81482,0.81549,1.50,2.25
2013.07.15 21:55:54.402,0.81482,0.81549,1.50,1.50
2013.07.15 21:56:01.889,0.81481,0.81549,1.50,1.13
2013.07.15 21:56:18.731,0.81481,0.81549,1.50,1.50
2013.07.15 21:56:21.672,0.81482,0.81549,1.50,1.50
2013.07.15 21:56:34.623,0.81481,0.81546,1.50,1.13
2013.07.15 21:56:40.783,0.81482,0.81546,1.50,1.13
2013.07.15 21:56:44.635,0.81482,0.81547,1.50,1.50
2013.07.15 21:56:51.275,0.81482,0.81547,1.50,1.50
2013.07.15 21:56:53.603,0.81482,0.81547,1.50,1.50
2013.07.15 21:56:59.482,0.81481,0.81547,1.50,1.13
2013.07.15 21:57:02.553,0.81482,0.81547,1.50,1.50
2013.07.15 21:57:08.251,0.81482,0.81547,1.50,1.50
2013.07.15 21:57:09.260,0.81482,0.81547,1.50,1.13
2013.07.15 21:57:11.782,0.81481,0.81547,1.50,1.13
2013.07.15 21:57:15.214,0.81481,0.81547,1.50,1.13
2013.07.15 21:57:18.504,0.81481,0.81547,1.50,1.50
2013.07.15 21:57:29.393,0.81482,0.81547,1.50,1.13
2013.07.15 21:57:32.491,0.81481,0.81548,1.50,1.50
2013.07.15 21:57:37.639,0.81481,0.81547,1.50,1.13
2013.07.15 21:57:38.652,0.81482,0.81539,1.50,1.50
2013.07.15 21:57:40.723,0.81482,0.81538,1.50,1.50
2013.07.15 21:57:43.189,0.81482,0.81538,2.25,1.50
2013.07.15 21:57:43.712,0.81481,0.81539,2.25,1.50
2013.07.15 21:57:44.103,0.81481,0.81539,2.25,1.50
2013.07.15 21:57:45.123,0.81481,0.81539,2.25,1.50
2013.07.15 21:57:46.675,0.81482,0.81538,2.25,1.50
2013.07.15 21:57:49.212,0.81488,0.81547,1.50,1.13
2013.07.15 21:57:53.042,0.81489,0.81546,1.50,1.13
2013.07.15 21:57:59.215,0.81489,0.81548,1.50,1.50
2013.07.15 21:58:00.977,0.81488,0.81549,1.50,1.13
2013.07.15 21:58:01.833,0.81488,0.81548,1.50,1.13
2013.07.15 21:58:01.952,0.81488,0.81548,1.50,1.50
2013.07.15 21:58:02.012,0.81465,0.81543,1.50,1.50
2013.07.15 21:58:02.084,0.81465,0.81543,1.50,1.50
2013.07.15 21:58:02.321,0.81465,0.81544,1.50,1.13
2013.07.15 21:58:02.441,0.81467,0.81549,1.50,1.50
2013.07.15 21:58:02.932,0.81465,0.81544,1.54,1.13
2013.07.15 21:58:03.332,0.8149,0.8155,1.50,1.13
2013.07.15 21:58:04.051,0.81489,0.81559,1.50,1.65
2013.07.15 21:58:06.743,0.81489,0.81559,1.50,1.65
2013.07.15 21:58:07.733,0.81487,0.81559,1.50,1.65
2013.07.15 21:58:08.812,0.81487,0.81559,1.50,1.65
2013.07.15 21:58:09.822,0.81487,0.81559,1.50,1.65
2013.07.15 21:58:10.812,0.81488,0.81559,1.50,1.65
2013.07.15 21:58:13.832,0.81488,0.81559,1.50,1.65
2013.07.15 21:58:14.773,0.81486,0.81559,1.50,1.65
2013.07.15 21:58:15.763,0.81486,0.81559,1.50,1.65
2013.07.15 21:58:17.183,0.81487,0.81559,1.50,1.65
2013.07.15 21:58:17.742,0.81487,0.81559,1.50,1.65
2013.07.15 21:58:25.773,0.81487,0.81559,1.50,1.65
2013.07.15 21:58:26.762,0.81487,0.81559,1.50,1.65
2013.07.15 21:58:29.732,0.81487,0.81559,1.50,1.65
2013.07.15 21:58:30.383,0.81487,0.81559,1.50,1.65
2013.07.15 21:58:36.324,0.81487,0.81559,1.50,1.65
2013.07.15 21:58:38.821,0.81487,0.81559,1.50,1.65
2013.07.15 21:59:00.762,0.81475,0.81559,2.25,1.65
2013.07.15 21:59:00.822,0.81475,0.81559,2.25,1.65
2013.07.15 21:59:01.135,0.81472,0.81553,1.50,1.50
2013.07.15 21:59:01.253,0.81472,0.81553,1.50,1.50
2013.07.15 21:59:01.612,0.81472,0.81539,1.54,1.50
2013.07.15 21:59:01.872,0.8148,0.81549,1.50,1.13
2013.07.15 21:59:01.992,0.8149,0.81549,1.50,1.13
2013.07.15 21:59:04.689,0.81495,0.81546,0.75,0.38
2013.07.15 21:59:19.108,0.81495,0.81551,0.75,0.38
2013.07.15 21:59:19.193,0.81495,0.81554,0.75,1.13
2013.07.15 21:59:19.734,0.81495,0.81553,0.75,0.75
2013.07.15 21:59:21.713,0.81495,0.81552,0.75,0.75
2013.07.15 21:59:24.733,0.81495,0.81549,0.75,0.75
2013.07.15 21:59:26.189,0.81494,0.81549,0.75,0.75
2013.07.15 21:59:30.782,0.81494,0.81552,0.75,0.75
2013.07.15 21:59:34.713,0.81494,0.81553,0.75,1.50
2013.07.15 21:59:34.772,0.81491,0.81553,0.75,1.50
2013.07.15 21:59:39.930,0.81491,0.81552,0.75,0.75
2013.07.15 21:59:40.672,0.81493,0.81552,0.38,0.75
2013.07.15 21:59:42.273,0.81493,0.81547,0.38,0.75
