2018.03.08 14:00:00.297,0.93835,0.93856,1.00,1.00
2018.03.08 14:00:02.499,0.93826,0.93851,1.00,1.00
2018.03.08 14:00:02.627,0.93825,0.93848,1.50,1.00
2018.03.08 14:00:02.678,0.93823,0.93847,1.50,1.00
2018.03.08 14:00:03.221,0.93822,0.93846,1.00,1.00
2018.03.08 14:00:03.354,0.93825,0.93848,1.00,1.00
2018.03.08 14:00:03.859,0.93824,0.93847,1.00,1.00
2018.03.08 14:00:04.660,0.93825,0.93849,1.00,1.00
2018.03.08 14:00:04.711,0.93824,0.93847,1.00,1.00
2018.03.08 14:00:05.029,0.93823,0.93845,1.00,1.00
2018.03.08 14:00:05.380,0.93825,0.93847,1.00,1.50
2018.03.08 14:00:06.501,0.93822,0.93848,1.00,1.00
2018.03.08 14:00:06.652,0.93822,0.93846,1.00,1.00
2018.03.08 14:00:07.129,0.93823,0.93848,1.00,1.00
2018.03.08 14:00:07.735,0.93822,0.93847,1.00,1.00
2018.03.08 14:00:07.844,0.93821,0.93845,1.00,1.00
2018.03.08 14:00:08.448,0.93822,0.93846,1.00,1.00
2018.03.08 14:00:08.791,0.93824,0.93848,1.00,1.12
2018.03.08 14:00:09.346,0.93823,0.93846,1.00,1.00
2018.03.08 14:00:09.851,0.93822,0.93846,1.00,1.00
2018.03.08 14:00:10.161,0.93824,0.93848,1.00,1.00
2018.03.08 14:00:10.921,0.93829,0.93853,1.00,2.25
2018.03.08 14:00:11.123,0.93822,0.93848,1.50,1.00
2018.03.08 14:00:11.174,0.93825,0.93847,1.00,1.00
2018.03.08 14:00:11.247,0.93822,0.93848,1.00,1.00
2018.03.08 14:00:11.298,0.93825,0.93847,1.00,1.00
2018.03.08 14:00:11.439,0.93821,0.93848,1.00,1.00
2018.03.08 14:00:11.542,0.93824,0.93849,1.00,1.00
2018.03.08 14:00:11.982,0.93823,0.93847,1.00,1.00
2018.03.08 14:00:12.467,0.93823,0.93845,1.00,1.00
2018.03.08 14:00:12.995,0.93824,0.93846,1.00,1.00
2018.03.08 14:00:13.146,0.93818,0.93843,1.50,1.50
2018.03.08 14:00:13.197,0.9382,0.93842,1.00,1.00
2018.03.08 14:00:13.398,0.93817,0.9384,1.00,1.00
2018.03.08 14:00:13.900,0.93816,0.93839,1.00,1.00
2018.03.08 14:00:14.014,0.93814,0.93839,1.00,1.00
2018.03.08 14:00:14.911,0.93817,0.93839,1.00,1.00
2018.03.08 14:00:14.962,0.93813,0.93837,1.00,1.00
2018.03.08 14:00:15.013,0.9381,0.93834,1.00,1.00
2018.03.08 14:00:15.452,0.93813,0.93836,1.00,1.00
2018.03.08 14:00:15.556,0.9381,0.93836,1.00,1.00
2018.03.08 14:00:16.136,0.93813,0.93837,1.00,1.00
2018.03.08 14:00:16.238,0.93814,0.93839,1.00,1.00
2018.03.08 14:00:16.288,0.93816,0.93839,1.00,1.00
2018.03.08 14:00:16.390,0.93813,0.93837,1.00,1.50
2018.03.08 14:00:16.483,0.93807,0.93833,1.50,1.00
2018.03.08 14:00:16.534,0.93809,0.93832,1.00,1.00
2018.03.08 14:00:16.585,0.93806,0.93832,1.00,1.00
2018.03.08 14:00:16.635,0.93804,0.93829,1.12,1.00
2018.03.08 14:00:17.131,0.93807,0.93831,1.00,1.00
2018.03.08 14:00:17.284,0.93805,0.93831,1.00,1.00
2018.03.08 14:00:18.310,0.93806,0.93832,1.00,1.00
2018.03.08 14:00:18.467,0.93809,0.93834,1.00,1.00
2018.03.08 14:00:18.568,0.93807,0.93835,1.00,1.00
2018.03.08 14:00:19.158,0.93808,0.93836,1.00,1.00
2018.03.08 14:00:19.502,0.9381,0.93836,1.00,1.00
2018.03.08 14:00:21.082,0.93812,0.93836,1.00,1.00
2018.03.08 14:00:21.516,0.93808,0.93833,1.00,1.00
2018.03.08 14:00:23.055,0.9381,0.93835,1.00,1.00
2018.03.08 14:00:23.106,0.93812,0.93838,1.00,1.00
2018.03.08 14:00:23.157,0.9381,0.93837,1.00,1.00
2018.03.08 14:00:23.266,0.93812,0.93836,1.00,1.00
2018.03.08 14:00:23.418,0.93815,0.9384,1.00,1.00
2018.03.08 14:00:23.571,0.93811,0.93833,1.50,1.00
2018.03.08 14:00:23.623,0.93808,0.93832,1.50,1.00
2018.03.08 14:00:23.810,0.93806,0.9383,1.00,1.00
2018.03.08 14:00:24.208,0.93813,0.93834,1.00,1.50
2018.03.08 14:00:24.259,0.9381,0.93834,1.00,1.00
2018.03.08 14:00:24.411,0.93806,0.93832,1.00,1.12
2018.03.08 14:00:24.462,0.9381,0.93833,1.00,1.50
2018.03.08 14:00:24.592,0.93808,0.93832,1.00,1.12
2018.03.08 14:00:24.839,0.93807,0.9383,1.00,1.00
2018.03.08 14:00:24.993,0.93805,0.93831,1.00,1.00
2018.03.08 14:00:25.043,0.93807,0.93831,1.00,1.00
2018.03.08 14:00:26.699,0.93808,0.93832,1.00,1.00
2018.03.08 14:00:26.918,0.93805,0.9383,1.00,1.00
2018.03.08 14:00:27.968,0.93804,0.93828,1.00,1.00
2018.03.08 14:00:28.441,0.93802,0.93828,1.50,1.00
2018.03.08 14:00:29.106,0.93804,0.93827,1.00,1.00
2018.03.08 14:00:29.288,0.93803,0.93829,1.00,1.00
2018.03.08 14:00:29.340,0.93807,0.93831,1.00,1.00
2018.03.08 14:00:29.819,0.9381,0.93833,1.00,1.00
2018.03.08 14:00:29.946,0.93811,0.93835,1.00,1.00
2018.03.08 14:00:29.997,0.93808,0.93831,1.00,1.00
2018.03.08 14:00:30.048,0.93808,0.93834,1.00,1.00
2018.03.08 14:00:30.099,0.9381,0.93834,1.00,1.00
2018.03.08 14:00:30.200,0.9381,0.93836,1.00,2.25
2018.03.08 14:00:30.472,0.9381,0.93833,1.00,1.00
2018.03.08 14:00:30.675,0.93808,0.93834,1.00,1.00
2018.03.08 14:00:30.776,0.93809,0.93832,1.00,1.00
2018.03.08 14:00:31.914,0.93808,0.93832,1.00,1.00
2018.03.08 14:00:32.065,0.93804,0.9383,1.12,1.00
2018.03.08 14:00:32.116,0.93806,0.9383,1.00,1.00
2018.03.08 14:00:32.433,0.93809,0.93833,1.00,1.00
2018.03.08 14:00:32.981,0.93807,0.9383,1.00,1.00
2018.03.08 14:00:34.271,0.93807,0.93833,1.00,1.00
2018.03.08 14:00:34.423,0.9381,0.93836,1.00,1.00
2018.03.08 14:00:34.772,0.93814,0.93838,1.00,1.00
2018.03.08 14:00:34.825,0.93814,0.9384,1.00,1.00
2018.03.08 14:00:34.875,0.93817,0.93841,1.00,1.00
2018.03.08 14:00:35.861,0.93815,0.93841,1.00,1.00
2018.03.08 14:00:35.963,0.93819,0.93842,1.00,1.00
2018.03.08 14:00:36.827,0.93818,0.93841,1.00,1.00
2018.03.08 14:00:36.877,0.93819,0.93843,1.00,1.00
2018.03.08 14:00:36.928,0.93817,0.9384,1.00,1.00
2018.03.08 14:00:37.788,0.93817,0.93841,1.00,1.00
2018.03.08 14:00:37.890,0.93818,0.93843,1.00,1.00
2018.03.08 14:00:38.023,0.93821,0.93844,1.00,1.00
2018.03.08 14:00:38.176,0.93817,0.93842,2.25,1.00
2018.03.08 14:00:38.440,0.93817,0.9384,1.50,1.00
2018.03.08 14:00:38.559,0.93817,0.93843,1.00,1.00
2018.03.08 14:00:38.661,0.93817,0.9384,1.00,1.00
2018.03.08 14:00:38.712,0.93817,0.93842,1.00,1.00
2018.03.08 14:00:38.914,0.93819,0.93843,1.00,1.00
2018.03.08 14:00:39.088,0.93815,0.93841,1.00,1.00
2018.03.08 14:00:39.139,0.93814,0.93839,1.12,1.00
2018.03.08 14:00:39.451,0.93816,0.9384,1.12,1.00
2018.03.08 14:00:39.838,0.93814,0.9384,1.00,1.00
2018.03.08 14:00:40.195,0.93816,0.93839,1.00,1.00
2018.03.08 14:00:40.245,0.93814,0.9384,1.00,1.00
2018.03.08 14:00:40.296,0.93814,0.93837,1.00,1.00
2018.03.08 14:00:41.940,0.93816,0.93839,1.00,1.00
2018.03.08 14:00:42.605,0.93815,0.93838,1.00,1.00
2018.03.08 14:00:42.850,0.93813,0.93838,1.00,1.00
2018.03.08 14:00:43.764,0.93813,0.93837,1.00,1.00
2018.03.08 14:00:44.036,0.93811,0.93837,1.12,1.00
2018.03.08 14:00:45.038,0.93812,0.93836,1.00,1.00
2018.03.08 14:00:45.818,0.93811,0.93835,1.12,1.00
2018.03.08 14:00:45.869,0.93811,0.93835,2.25,1.00
2018.03.08 14:00:45.975,0.93812,0.93837,1.50,1.00
2018.03.08 14:00:46.375,0.93811,0.93836,1.00,1.00
2018.03.08 14:00:46.723,0.9381,0.93833,1.00,1.00
2018.03.08 14:00:46.825,0.93808,0.93832,1.00,1.00
2018.03.08 14:00:46.926,0.93806,0.93831,1.12,1.00
2018.03.08 14:00:47.502,0.93806,0.9383,1.12,1.00
2018.03.08 14:00:48.038,0.93806,0.93832,1.00,1.50
2018.03.08 14:00:48.355,0.93808,0.93832,1.00,1.00
2018.03.08 14:00:48.893,0.93809,0.93833,1.00,1.00
2018.03.08 14:00:48.944,0.93809,0.93835,1.12,1.00
2018.03.08 14:00:49.069,0.93807,0.93832,3.00,1.00
2018.03.08 14:00:49.171,0.93806,0.9383,1.00,1.00
2018.03.08 14:00:51.617,0.93807,0.93833,1.00,1.00
2018.03.08 14:00:52.310,0.93808,0.93832,1.00,1.00
2018.03.08 14:00:52.366,0.93811,0.93835,1.00,1.00
2018.03.08 14:00:52.938,0.93809,0.93832,1.00,1.00
2018.03.08 14:00:53.370,0.9381,0.93836,1.00,1.00
2018.03.08 14:00:53.422,0.93811,0.93834,1.00,1.00
2018.03.08 14:00:53.473,0.93808,0.93833,1.50,1.00
2018.03.08 14:00:53.578,0.93806,0.93832,2.25,1.00
2018.03.08 14:00:53.949,0.93808,0.93833,1.00,1.00
2018.03.08 14:00:54.446,0.93806,0.93832,1.00,1.00
2018.03.08 14:00:54.602,0.93808,0.93832,1.00,1.00
2018.03.08 14:00:55.248,0.93806,0.93829,1.00,1.00
2018.03.08 14:00:55.299,0.93804,0.9383,1.00,1.00
2018.03.08 14:00:55.349,0.93806,0.93832,1.00,1.00
2018.03.08 14:00:55.671,0.9381,0.93836,1.00,1.00
2018.03.08 14:00:55.986,0.93807,0.93832,1.00,1.00
2018.03.08 14:00:56.616,0.93809,0.93833,1.00,1.00
2018.03.08 14:00:57.240,0.93809,0.93832,1.00,1.00
2018.03.08 14:00:57.291,0.93809,0.93834,1.00,1.00
2018.03.08 14:00:57.808,0.93807,0.93833,1.50,1.00
2018.03.08 14:00:58.082,0.9381,0.93834,1.00,1.00
2018.03.08 14:00:58.392,0.93809,0.93836,1.00,1.00
2018.03.08 14:00:58.443,0.9381,0.93834,1.00,1.00
2018.03.08 14:00:58.939,0.93812,0.93835,1.00,1.00
2018.03.08 14:00:59.092,0.93809,0.93834,1.00,1.00
2018.03.08 14:00:59.643,0.9381,0.93834,1.00,1.00
2018.03.08 14:01:00.180,0.93812,0.93836,1.00,1.00
2018.03.08 14:01:00.589,0.93813,0.93838,1.00,1.00
2018.03.08 14:01:01.290,0.93815,0.93839,1.00,1.00
2018.03.08 14:01:01.342,0.93813,0.93839,1.00,1.00
2018.03.08 14:01:01.563,0.93813,0.93837,1.00,1.00
2018.03.08 14:01:01.717,0.93814,0.9384,1.00,1.00
2018.03.08 14:01:01.769,0.93813,0.93838,1.00,1.00
2018.03.08 14:01:02.137,0.93817,0.9384,1.00,1.00
2018.03.08 14:01:02.407,0.93815,0.93841,1.00,1.00
2018.03.08 14:01:03.144,0.93813,0.93836,1.50,1.00
2018.03.08 14:01:03.297,0.93812,0.93839,1.12,1.00
2018.03.08 14:01:03.401,0.93814,0.93839,1.00,1.00
2018.03.08 14:01:03.552,0.93812,0.93839,1.50,1.00
2018.03.08 14:01:03.603,0.93815,0.93838,1.00,1.00
2018.03.08 14:01:03.756,0.93815,0.9384,1.00,1.00
2018.03.08 14:01:03.958,0.93817,0.9384,1.00,1.00
2018.03.08 14:01:04.178,0.93816,0.93842,1.00,1.00
2018.03.08 14:01:04.748,0.93817,0.93842,1.00,1.00
2018.03.08 14:01:04.799,0.93819,0.93844,1.00,1.00
2018.03.08 14:01:05.165,0.93819,0.93842,1.00,1.00
2018.03.08 14:01:05.433,0.93818,0.93845,1.00,1.50
2018.03.08 14:01:05.501,0.93818,0.93842,1.00,1.00
2018.03.08 14:01:06.050,0.93819,0.93843,1.00,1.00
2018.03.08 14:01:06.551,0.93818,0.93843,1.00,1.00
2018.03.08 14:01:06.655,0.93815,0.93842,1.00,1.00
2018.03.08 14:01:06.757,0.93816,0.93839,1.00,1.00
2018.03.08 14:01:06.858,0.93814,0.93838,1.00,1.00
2018.03.08 14:01:06.970,0.93816,0.9384,1.00,1.00
2018.03.08 14:01:07.594,0.93817,0.9384,1.00,1.00
2018.03.08 14:01:07.645,0.93815,0.93841,1.00,1.00
2018.03.08 14:01:08.196,0.93814,0.9384,1.00,1.00
2018.03.08 14:01:08.247,0.9381,0.93834,1.00,1.00
2018.03.08 14:01:08.298,0.9381,0.93836,1.00,1.00
2018.03.08 14:01:08.845,0.93812,0.93837,1.00,1.00
2018.03.08 14:01:08.896,0.93813,0.93839,1.00,1.00
2018.03.08 14:01:08.948,0.93811,0.93836,1.00,1.00
2018.03.08 14:01:09.482,0.93813,0.93837,1.00,1.00
2018.03.08 14:01:09.584,0.93811,0.93838,1.00,1.00
2018.03.08 14:01:10.107,0.9381,0.93837,1.12,1.00
2018.03.08 14:01:10.218,0.93812,0.93836,1.00,1.00
2018.03.08 14:01:10.538,0.93816,0.93839,1.00,1.00
2018.03.08 14:01:10.589,0.93813,0.93839,1.00,1.00
2018.03.08 14:01:10.640,0.93815,0.9384,1.00,1.00
2018.03.08 14:01:11.057,0.93817,0.93842,1.00,1.37
2018.03.08 14:01:11.758,0.93817,0.93842,1.00,1.00
2018.03.08 14:01:12.306,0.93816,0.93841,1.00,1.00
2018.03.08 14:01:12.721,0.93816,0.93839,1.00,1.00
2018.03.08 14:01:12.772,0.93814,0.93838,1.00,1.00
2018.03.08 14:01:12.925,0.93812,0.93836,1.00,1.00
2018.03.08 14:01:13.410,0.93814,0.93837,1.00,1.00
2018.03.08 14:01:13.562,0.93812,0.93837,1.00,1.00
2018.03.08 14:01:14.136,0.93813,0.93837,1.00,1.00
2018.03.08 14:01:14.186,0.93812,0.93835,1.00,1.00
2018.03.08 14:01:14.287,0.93809,0.93835,1.00,1.00
2018.03.08 14:01:14.860,0.93811,0.93835,1.00,1.00
2018.03.08 14:01:14.911,0.93812,0.93837,1.12,1.50
2018.03.08 14:01:15.076,0.93807,0.9383,1.00,1.00
2018.03.08 14:01:15.127,0.93805,0.93829,1.12,1.00
2018.03.08 14:01:15.380,0.93805,0.93831,1.12,1.00
2018.03.08 14:01:15.599,0.93807,0.93831,1.00,1.00
2018.03.08 14:01:16.018,0.93806,0.93829,2.25,1.00
2018.03.08 14:01:16.568,0.93808,0.93833,1.00,1.00
2018.03.08 14:01:16.625,0.93806,0.9383,1.50,1.00
2018.03.08 14:01:16.828,0.93802,0.93828,1.00,1.00
2018.03.08 14:01:16.879,0.93804,0.93828,1.00,1.00
2018.03.08 14:01:17.514,0.93803,0.93827,1.00,1.00
2018.03.08 14:01:18.152,0.93804,0.93829,1.00,1.00
2018.03.08 14:01:18.706,0.93805,0.93828,1.00,1.00
2018.03.08 14:01:18.910,0.93803,0.93827,1.00,1.00
2018.03.08 14:01:20.257,0.93804,0.93829,1.00,1.00
2018.03.08 14:01:20.307,0.93807,0.93831,1.00,1.00
2018.03.08 14:01:20.616,0.93809,0.93833,1.00,1.00
2018.03.08 14:01:20.939,0.9381,0.93835,1.00,1.00
2018.03.08 14:01:20.991,0.9381,0.93833,1.00,1.00
2018.03.08 14:01:21.042,0.9381,0.93835,1.00,1.00
2018.03.08 14:01:22.387,0.93813,0.93837,1.00,1.00
2018.03.08 14:01:22.438,0.93811,0.93836,1.12,1.00
2018.03.08 14:01:22.488,0.93813,0.93838,1.00,1.00
2018.03.08 14:01:22.539,0.93814,0.9384,1.00,1.12
2018.03.08 14:01:22.590,0.93812,0.93838,1.00,1.00
2018.03.08 14:01:22.741,0.93813,0.9384,1.00,1.12
2018.03.08 14:01:23.057,0.93816,0.93841,1.00,1.00
2018.03.08 14:01:23.259,0.93814,0.93841,1.00,1.00
2018.03.08 14:01:23.535,0.93815,0.93839,1.00,1.00
2018.03.08 14:01:23.585,0.93816,0.93841,1.00,1.00
2018.03.08 14:01:23.636,0.93815,0.93838,1.00,1.00
2018.03.08 14:01:23.738,0.93814,0.93841,1.00,1.00
2018.03.08 14:01:23.790,0.93814,0.93839,1.00,1.00
2018.03.08 14:01:24.314,0.93815,0.9384,1.00,1.00
2018.03.08 14:01:24.836,0.93814,0.93841,1.00,1.00
2018.03.08 14:01:25.144,0.93814,0.93839,1.00,1.00
2018.03.08 14:01:25.365,0.93809,0.93839,1.00,1.00
2018.03.08 14:01:25.417,0.93811,0.93838,1.00,1.00
2018.03.08 14:01:25.519,0.93811,0.9384,1.00,1.00
2018.03.08 14:01:25.841,0.93815,0.93839,1.00,1.00
2018.03.08 14:01:25.892,0.93811,0.93839,1.00,1.00
2018.03.08 14:01:26.056,0.93814,0.93838,1.00,1.00
2018.03.08 14:01:26.367,0.93811,0.93838,1.00,1.00
2018.03.08 14:01:26.418,0.93814,0.93839,1.00,1.12
2018.03.08 14:01:26.569,0.93811,0.93838,1.00,1.00
2018.03.08 14:01:26.848,0.93816,0.9384,1.00,1.00
2018.03.08 14:01:26.898,0.93811,0.93841,2.25,1.00
2018.03.08 14:01:26.949,0.93814,0.93841,1.00,1.00
2018.03.08 14:01:27.050,0.93812,0.93841,1.50,1.00
2018.03.08 14:01:27.566,0.93816,0.93842,1.00,1.00
2018.03.08 14:01:27.799,0.93813,0.93841,1.00,1.00
2018.03.08 14:01:27.951,0.93817,0.93843,1.00,1.00
2018.03.08 14:01:28.007,0.93815,0.93844,1.00,1.00
2018.03.08 14:01:28.100,0.93813,0.93841,1.00,1.00
2018.03.08 14:01:28.407,0.93816,0.9384,1.00,1.00
2018.03.08 14:01:28.458,0.93811,0.93841,1.00,1.00
2018.03.08 14:01:28.600,0.93811,0.93835,1.00,1.00
2018.03.08 14:01:28.937,0.93816,0.93839,1.00,1.00
2018.03.08 14:01:29.533,0.93815,0.93839,1.00,1.00
2018.03.08 14:01:29.635,0.9381,0.93836,1.37,1.00
2018.03.08 14:01:29.738,0.93809,0.93833,1.50,1.00
2018.03.08 14:01:29.789,0.93809,0.93835,1.00,1.00
2018.03.08 14:01:30.071,0.9381,0.93837,1.12,1.00
2018.03.08 14:01:30.472,0.93814,0.93838,1.00,1.00
2018.03.08 14:01:30.776,0.93813,0.9384,1.00,1.00
2018.03.08 14:01:30.935,0.93814,0.93838,1.00,1.00
2018.03.08 14:01:31.173,0.93814,0.9384,1.00,1.00
2018.03.08 14:01:31.275,0.93812,0.93835,1.00,1.00
2018.03.08 14:01:31.557,0.93812,0.93837,1.00,1.00
2018.03.08 14:01:31.661,0.93813,0.93839,1.00,1.00
2018.03.08 14:01:31.874,0.93815,0.9384,1.00,1.00
2018.03.08 14:01:32.176,0.93818,0.93841,1.00,1.00
2018.03.08 14:01:32.328,0.93818,0.93843,1.00,1.00
2018.03.08 14:01:32.429,0.93819,0.93845,1.00,1.00
2018.03.08 14:01:32.482,0.93815,0.93841,3.00,1.00
2018.03.08 14:01:32.901,0.93814,0.93839,2.25,1.00
2018.03.08 14:01:33.002,0.93818,0.93844,1.00,1.00
2018.03.08 14:01:33.286,0.93818,0.93842,1.00,1.00
2018.03.08 14:01:33.387,0.93817,0.93844,1.00,1.00
2018.03.08 14:01:33.488,0.93816,0.93841,1.50,1.00
2018.03.08 14:01:34.115,0.93817,0.93838,1.00,1.00
2018.03.08 14:01:34.166,0.93815,0.93838,1.00,1.00
2018.03.08 14:01:34.217,0.93813,0.93836,1.00,1.00
2018.03.08 14:01:34.268,0.93814,0.9384,1.00,1.12
2018.03.08 14:01:34.319,0.93817,0.93841,1.00,1.50
2018.03.08 14:01:34.370,0.93817,0.93842,1.00,1.00
2018.03.08 14:01:34.915,0.93818,0.93841,1.00,1.00
2018.03.08 14:01:36.425,0.93817,0.9384,1.00,1.00
2018.03.08 14:01:37.066,0.93817,0.93841,1.00,1.00
2018.03.08 14:01:38.520,0.93815,0.93841,1.00,1.00
2018.03.08 14:01:38.648,0.93814,0.93838,1.00,1.00
2018.03.08 14:01:38.699,0.93814,0.9384,1.00,1.00
2018.03.08 14:01:38.800,0.93816,0.9384,1.00,1.00
2018.03.08 14:01:39.138,0.93818,0.93842,1.00,1.00
2018.03.08 14:01:39.241,0.93815,0.93842,1.00,1.00
2018.03.08 14:01:39.292,0.93818,0.93841,1.00,1.00
2018.03.08 14:01:39.410,0.93816,0.93841,1.00,1.00
2018.03.08 14:01:39.511,0.93818,0.93841,1.00,1.00
2018.03.08 14:01:39.562,0.93818,0.93843,1.00,1.00
2018.03.08 14:01:40.130,0.93816,0.9384,2.25,1.00
2018.03.08 14:01:40.336,0.93814,0.9384,1.00,1.00
2018.03.08 14:01:40.818,0.93816,0.93839,1.00,1.00
2018.03.08 14:01:40.919,0.93817,0.93841,1.00,1.00
2018.03.08 14:01:41.180,0.93816,0.93839,1.00,1.00
2018.03.08 14:01:41.484,0.93816,0.93841,1.00,1.00
2018.03.08 14:01:42.134,0.93816,0.93842,1.00,1.00
2018.03.08 14:01:43.342,0.93814,0.9384,1.00,1.00
2018.03.08 14:01:43.525,0.93812,0.9384,1.50,1.00
2018.03.08 14:01:43.626,0.93813,0.93838,1.00,1.00
2018.03.08 14:01:43.897,0.93813,0.9384,1.00,1.00
2018.03.08 14:01:44.100,0.93816,0.93841,1.00,1.50
2018.03.08 14:01:44.530,0.93817,0.93843,1.00,1.00
2018.03.08 14:01:44.782,0.93819,0.93842,1.00,1.00
2018.03.08 14:01:45.036,0.93817,0.93842,1.00,1.00
2018.03.08 14:01:45.087,0.93815,0.9384,1.00,1.00
2018.03.08 14:01:45.309,0.93817,0.93843,1.00,1.00
2018.03.08 14:01:45.360,0.93817,0.93841,1.00,1.00
2018.03.08 14:01:45.614,0.93813,0.93838,1.00,1.00
2018.03.08 14:01:45.900,0.93815,0.93839,1.00,1.00
2018.03.08 14:01:46.219,0.93817,0.93841,1.00,1.00
2018.03.08 14:01:47.297,0.93815,0.93838,1.00,1.00
2018.03.08 14:01:47.445,0.93812,0.93836,1.00,1.00
2018.03.08 14:01:47.498,0.93813,0.9384,1.00,1.50
2018.03.08 14:01:47.550,0.93813,0.93838,1.00,1.00
2018.03.08 14:01:47.857,0.93815,0.9384,1.00,1.00
2018.03.08 14:01:48.376,0.93816,0.93839,1.00,1.00
2018.03.08 14:01:48.887,0.93814,0.93838,1.00,1.00
2018.03.08 14:01:49.479,0.93816,0.93841,1.00,1.00
2018.03.08 14:01:49.783,0.93816,0.93839,1.00,1.00
2018.03.08 14:01:49.834,0.93818,0.93842,1.00,2.25
2018.03.08 14:01:50.478,0.93818,0.93843,1.00,1.00
2018.03.08 14:01:50.672,0.93816,0.93842,1.00,1.00
2018.03.08 14:01:50.772,0.93816,0.9384,1.00,1.00
2018.03.08 14:01:51.167,0.93813,0.93839,1.00,1.00
2018.03.08 14:01:51.383,0.93811,0.93837,1.00,1.00
2018.03.08 14:01:51.734,0.93816,0.9384,1.00,1.00
2018.03.08 14:01:51.835,0.93817,0.93842,1.00,1.00
2018.03.08 14:01:51.936,0.93815,0.93841,1.00,1.00
2018.03.08 14:01:51.987,0.93814,0.93838,1.00,1.00
2018.03.08 14:01:52.190,0.93815,0.93841,1.00,1.00
2018.03.08 14:01:52.328,0.93813,0.93837,1.00,1.00
2018.03.08 14:01:52.429,0.93814,0.93839,1.00,1.00
2018.03.08 14:01:52.480,0.93812,0.93841,1.00,2.25
2018.03.08 14:01:52.532,0.93816,0.9384,1.00,1.00
2018.03.08 14:01:52.583,0.93817,0.93842,1.00,1.00
2018.03.08 14:01:52.734,0.93816,0.9384,1.00,1.00
2018.03.08 14:01:53.567,0.93812,0.93836,1.00,1.00
2018.03.08 14:01:53.618,0.93813,0.93838,1.00,1.00
2018.03.08 14:01:53.786,0.93811,0.93836,1.00,1.00
2018.03.08 14:01:54.052,0.93805,0.93831,1.00,1.00
2018.03.08 14:01:54.103,0.9381,0.93834,1.00,1.50
2018.03.08 14:01:54.305,0.93805,0.93831,1.00,1.00
2018.03.08 14:01:54.356,0.93807,0.93833,1.00,1.00
2018.03.08 14:01:54.676,0.93809,0.93833,1.00,1.50
2018.03.08 14:01:55.190,0.9381,0.93833,1.00,1.00
2018.03.08 14:01:55.316,0.93809,0.93835,1.00,1.00
2018.03.08 14:01:55.567,0.93808,0.93833,1.00,1.00
2018.03.08 14:01:56.096,0.93809,0.93832,1.00,1.00
2018.03.08 14:01:56.147,0.93806,0.93832,2.25,1.00
2018.03.08 14:01:56.249,0.93809,0.93832,1.00,1.00
2018.03.08 14:01:57.510,0.9381,0.93834,1.00,1.00
2018.03.08 14:01:57.713,0.93812,0.93835,1.00,1.00
2018.03.08 14:01:57.765,0.93809,0.93835,1.50,1.00
2018.03.08 14:01:58.447,0.93808,0.93833,1.00,1.00
2018.03.08 14:01:58.988,0.93809,0.93833,1.00,1.00
2018.03.08 14:01:59.307,0.93808,0.93831,1.00,1.00
2018.03.08 14:02:00.072,0.9381,0.93836,1.00,1.50
2018.03.08 14:02:00.174,0.93813,0.93838,1.00,1.00
2018.03.08 14:02:00.588,0.93812,0.93836,1.00,1.00
2018.03.08 14:02:00.987,0.93813,0.93839,1.00,1.00
2018.03.08 14:02:01.044,0.93813,0.93837,1.00,1.00
2018.03.08 14:02:01.096,0.93811,0.93837,1.00,1.00
2018.03.08 14:02:01.321,0.9381,0.93835,1.00,1.00
2018.03.08 14:02:01.657,0.93811,0.93837,1.00,2.62
2018.03.08 14:02:02.272,0.93811,0.93837,1.00,1.50
2018.03.08 14:02:02.800,0.93812,0.93838,1.00,1.75
2018.03.08 14:02:03.148,0.93812,0.93838,1.00,1.00
2018.03.08 14:02:03.362,0.93814,0.93839,1.00,1.00
2018.03.08 14:02:03.808,0.93814,0.93837,1.00,1.00
2018.03.08 14:02:04.567,0.93814,0.93834,1.00,1.00
2018.03.08 14:02:04.618,0.93812,0.93834,1.00,1.00
2018.03.08 14:02:04.841,0.9381,0.93833,1.00,1.00
2018.03.08 14:02:05.179,0.93811,0.93835,1.00,1.00
2018.03.08 14:02:05.416,0.93812,0.93838,1.00,1.00
2018.03.08 14:02:05.467,0.93814,0.93837,1.00,1.00
2018.03.08 14:02:05.568,0.93812,0.93836,1.00,1.00
2018.03.08 14:02:05.947,0.93812,0.93838,1.00,1.00
2018.03.08 14:02:06.106,0.93812,0.93836,1.00,1.00
2018.03.08 14:02:06.758,0.93813,0.93837,1.00,1.00
2018.03.08 14:02:08.642,0.93816,0.9384,1.00,1.00
2018.03.08 14:02:08.739,0.93814,0.9384,1.00,1.00
2018.03.08 14:02:09.305,0.93815,0.93841,1.00,1.00
2018.03.08 14:02:09.356,0.93812,0.93837,1.00,1.00
2018.03.08 14:02:10.050,0.93811,0.93836,1.00,1.00
2018.03.08 14:02:10.354,0.93808,0.93833,1.00,1.00
2018.03.08 14:02:10.756,0.93811,0.93834,1.00,1.00
2018.03.08 14:02:10.807,0.93811,0.93837,1.00,2.25
2018.03.08 14:02:11.402,0.9381,0.93836,1.00,1.00
2018.03.08 14:02:11.485,0.9381,0.93834,1.00,1.00
2018.03.08 14:02:11.742,0.93813,0.93839,1.00,1.00
2018.03.08 14:02:11.798,0.93816,0.93841,1.00,1.00
2018.03.08 14:02:12.299,0.93817,0.93842,1.00,1.12
2018.03.08 14:02:12.610,0.93815,0.93839,1.00,1.00
2018.03.08 14:02:14.098,0.93816,0.93839,1.00,1.00
2018.03.08 14:02:14.391,0.93813,0.93837,1.00,1.00
2018.03.08 14:02:14.442,0.93811,0.93837,1.00,1.00
2018.03.08 14:02:14.495,0.93811,0.93835,1.00,1.50
2018.03.08 14:02:14.597,0.93809,0.93835,1.00,1.50
2018.03.08 14:02:15.146,0.93809,0.93835,1.00,1.00
2018.03.08 14:02:15.197,0.93809,0.93833,1.00,1.00
2018.03.08 14:02:15.402,0.93807,0.93832,1.00,1.00
2018.03.08 14:02:15.945,0.93806,0.93831,1.00,1.00
2018.03.08 14:02:16.102,0.93809,0.93833,1.00,1.00
2018.03.08 14:02:16.407,0.93806,0.9383,1.50,1.00
2018.03.08 14:02:16.711,0.93808,0.93832,1.00,1.00
2018.03.08 14:02:16.820,0.93809,0.93834,1.00,1.00
2018.03.08 14:02:17.369,0.93811,0.93835,1.00,1.00
2018.03.08 14:02:17.848,0.93809,0.93836,1.00,1.00
2018.03.08 14:02:17.899,0.93807,0.93834,1.00,1.00
2018.03.08 14:02:18.210,0.93806,0.9383,1.00,1.00
2018.03.08 14:02:18.664,0.93806,0.93832,1.00,1.00
2018.03.08 14:02:18.715,0.93805,0.9383,1.00,1.00
2018.03.08 14:02:18.867,0.93807,0.93833,1.00,1.00
2018.03.08 14:02:18.918,0.93806,0.93831,1.12,1.00
2018.03.08 14:02:19.448,0.93808,0.93832,1.00,1.00
2018.03.08 14:02:19.984,0.93805,0.9383,1.00,1.00
2018.03.08 14:02:20.949,0.93807,0.9383,1.00,1.00
2018.03.08 14:02:21.205,0.93806,0.93832,1.00,1.50
2018.03.08 14:02:21.373,0.93808,0.93832,1.00,1.00
2018.03.08 14:02:21.424,0.93806,0.93832,1.00,1.00
2018.03.08 14:02:21.625,0.93808,0.93831,1.00,1.00
2018.03.08 14:02:22.156,0.93808,0.93832,1.00,1.00
2018.03.08 14:02:23.444,0.93808,0.93834,1.00,1.50
2018.03.08 14:02:23.798,0.9381,0.93833,1.00,1.00
2018.03.08 14:02:23.986,0.93807,0.93833,1.00,1.00
2018.03.08 14:02:24.087,0.93808,0.93831,1.00,1.00
2018.03.08 14:02:24.299,0.93808,0.93833,1.00,1.00
2018.03.08 14:02:24.350,0.9381,0.93833,1.00,1.00
2018.03.08 14:02:24.653,0.93806,0.93831,1.00,1.00
2018.03.08 14:02:24.704,0.93804,0.93831,1.12,1.00
2018.03.08 14:02:24.996,0.93806,0.9383,1.00,1.00
2018.03.08 14:02:25.047,0.93805,0.93832,1.00,1.00
2018.03.08 14:02:25.587,0.93805,0.93831,1.00,1.00
2018.03.08 14:02:26.173,0.93805,0.9383,1.00,1.00
2018.03.08 14:02:26.274,0.93805,0.93828,1.00,1.00
2018.03.08 14:02:26.816,0.93805,0.93829,1.00,1.00
2018.03.08 14:02:27.230,0.93805,0.93827,1.00,1.00
2018.03.08 14:02:27.280,0.93805,0.93829,1.00,1.00
2018.03.08 14:02:27.921,0.93804,0.93828,1.00,1.12
2018.03.08 14:02:28.326,0.93805,0.9383,1.00,1.00
2018.03.08 14:02:28.428,0.93807,0.9383,1.00,1.00
2018.03.08 14:02:28.741,0.93809,0.93831,1.00,1.00
2018.03.08 14:02:29.042,0.93808,0.93829,1.00,2.25
2018.03.08 14:02:29.305,0.93809,0.93832,1.00,1.00
2018.03.08 14:02:29.729,0.93809,0.93831,1.00,2.25
2018.03.08 14:02:30.345,0.93808,0.93831,1.00,3.00
2018.03.08 14:02:30.446,0.93806,0.93829,1.00,1.12
2018.03.08 14:02:31.036,0.93805,0.9383,1.00,1.50
2018.03.08 14:02:31.744,0.93805,0.93828,1.00,2.25
2018.03.08 14:02:31.845,0.93806,0.93829,1.00,1.00
2018.03.08 14:02:32.379,0.93807,0.93831,1.00,1.50
2018.03.08 14:02:32.430,0.93806,0.93829,1.00,1.00
2018.03.08 14:02:32.946,0.93807,0.93831,1.00,1.50
2018.03.08 14:02:33.002,0.93805,0.9383,1.00,1.00
2018.03.08 14:02:33.281,0.93807,0.9383,1.00,1.00
2018.03.08 14:02:33.520,0.93805,0.9383,1.00,1.00
2018.03.08 14:02:33.572,0.93803,0.93829,1.00,1.00
2018.03.08 14:02:33.624,0.93805,0.9383,1.00,1.00
2018.03.08 14:02:33.930,0.93807,0.9383,1.00,1.00
2018.03.08 14:02:34.242,0.93809,0.93832,1.00,1.00
2018.03.08 14:02:34.755,0.93809,0.93832,1.00,1.50
2018.03.08 14:02:35.016,0.93807,0.93831,1.00,1.12
2018.03.08 14:02:35.188,0.93806,0.93829,1.00,1.00
2018.03.08 14:02:35.239,0.93803,0.9383,1.00,1.00
2018.03.08 14:02:35.340,0.93807,0.9383,1.00,1.00
2018.03.08 14:02:35.390,0.93804,0.93831,1.00,2.25
2018.03.08 14:02:35.623,0.93805,0.93828,1.00,1.00
2018.03.08 14:02:36.206,0.93806,0.93828,1.00,1.00
2018.03.08 14:02:36.307,0.93806,0.93831,1.00,1.00
2018.03.08 14:02:36.478,0.93806,0.93829,1.00,1.00
2018.03.08 14:02:36.841,0.93803,0.93826,1.00,1.50
2018.03.08 14:02:37.274,0.93804,0.93828,1.00,1.00
2018.03.08 14:02:37.325,0.93802,0.93828,1.00,1.00
2018.03.08 14:02:37.615,0.93804,0.93828,1.00,1.00
2018.03.08 14:02:38.122,0.93803,0.93829,1.00,1.00
2018.03.08 14:02:38.575,0.93803,0.93827,1.00,1.00
2018.03.08 14:02:39.124,0.93802,0.93827,1.00,1.00
2018.03.08 14:02:39.504,0.93802,0.93822,1.00,1.00
2018.03.08 14:02:39.606,0.938,0.93822,1.00,1.00
2018.03.08 14:02:39.704,0.938,0.93825,1.00,1.00
2018.03.08 14:02:40.164,0.93801,0.93822,1.00,1.00
2018.03.08 14:02:40.533,0.93802,0.93826,1.00,1.00
2018.03.08 14:02:40.706,0.93804,0.93827,1.00,1.00
2018.03.08 14:02:40.888,0.93804,0.93829,1.00,1.00
2018.03.08 14:02:40.939,0.93807,0.9383,1.00,1.00
2018.03.08 14:02:41.091,0.9381,0.93835,1.00,1.00
2018.03.08 14:02:41.316,0.93808,0.9383,1.50,1.00
2018.03.08 14:02:41.474,0.93806,0.93829,1.00,1.00
2018.03.08 14:02:41.575,0.93807,0.93827,1.00,2.25
2018.03.08 14:02:41.627,0.93805,0.93831,1.00,1.00
2018.03.08 14:02:41.678,0.93805,0.93829,1.00,1.00
2018.03.08 14:02:42.010,0.93807,0.93828,1.00,1.00
2018.03.08 14:02:42.071,0.93807,0.93832,1.00,1.00
2018.03.08 14:02:42.444,0.93809,0.93832,1.00,1.00
2018.03.08 14:02:42.916,0.93806,0.93831,1.00,1.00
2018.03.08 14:02:43.078,0.93809,0.93834,1.00,1.87
2018.03.08 14:02:43.383,0.93807,0.9383,1.00,1.00
2018.03.08 14:02:44.092,0.93809,0.93832,1.00,3.00
2018.03.08 14:02:44.374,0.93809,0.93832,1.00,1.00
2018.03.08 14:02:44.918,0.9381,0.93833,1.00,1.50
2018.03.08 14:02:45.851,0.93809,0.93832,1.00,1.00
2018.03.08 14:02:46.743,0.93812,0.93837,1.00,1.00
2018.03.08 14:02:46.940,0.93807,0.93832,1.00,1.00
2018.03.08 14:02:47.272,0.93805,0.93828,1.00,1.00
2018.03.08 14:02:47.803,0.93807,0.93829,1.00,1.00
2018.03.08 14:02:48.239,0.93805,0.93828,1.00,1.00
2018.03.08 14:02:48.341,0.93802,0.93827,1.00,1.00
2018.03.08 14:02:48.481,0.93806,0.93829,1.00,1.00
2018.03.08 14:02:48.632,0.93806,0.93831,1.00,1.00
2018.03.08 14:02:49.159,0.93808,0.93833,1.00,1.00
2018.03.08 14:02:49.611,0.93808,0.93831,1.00,1.00
2018.03.08 14:02:49.762,0.93808,0.93833,1.00,1.12
2018.03.08 14:02:49.936,0.9381,0.93833,1.00,1.00
2018.03.08 14:02:52.088,0.93811,0.93834,1.00,1.00
2018.03.08 14:02:52.138,0.93811,0.93836,1.00,1.00
2018.03.08 14:02:52.290,0.9381,0.93834,1.00,1.00
2018.03.08 14:02:52.592,0.93809,0.93832,1.00,1.00
2018.03.08 14:02:53.307,0.93809,0.93834,1.00,1.00
2018.03.08 14:02:53.592,0.93811,0.93835,1.00,1.00
2018.03.08 14:02:53.935,0.93809,0.93832,1.00,1.00
2018.03.08 14:02:54.037,0.93805,0.93829,1.00,1.00
2018.03.08 14:02:54.188,0.93807,0.9383,1.00,1.00
2018.03.08 14:02:54.238,0.93808,0.93833,1.00,1.50
2018.03.08 14:02:54.289,0.93811,0.93834,1.00,3.00
2018.03.08 14:02:54.401,0.93809,0.93834,1.00,2.25
2018.03.08 14:02:54.452,0.93807,0.93832,1.00,1.12
2018.03.08 14:02:54.502,0.93809,0.93832,1.00,1.12
2018.03.08 14:02:54.805,0.93804,0.93826,1.00,1.00
2018.03.08 14:02:55.045,0.93804,0.93829,1.00,1.00
2018.03.08 14:02:55.095,0.93808,0.93831,1.00,1.00
2018.03.08 14:02:55.348,0.93804,0.93829,1.00,1.00
2018.03.08 14:02:55.399,0.93799,0.93826,1.50,1.00
2018.03.08 14:02:55.537,0.93801,0.93827,1.00,1.00
2018.03.08 14:02:55.857,0.93805,0.93831,1.00,1.00
2018.03.08 14:02:56.486,0.93807,0.93831,1.00,1.00
2018.03.08 14:02:56.670,0.93808,0.93835,1.00,1.00
2018.03.08 14:02:56.922,0.93809,0.93832,1.00,1.00
2018.03.08 14:02:57.379,0.9381,0.93834,1.00,1.50
2018.03.08 14:02:57.769,0.93808,0.93833,1.00,1.00
2018.03.08 14:02:58.087,0.93808,0.93831,1.00,1.00
2018.03.08 14:02:58.596,0.93809,0.93832,1.00,1.00
2018.03.08 14:02:59.453,0.93809,0.93833,1.00,1.00
2018.03.08 14:02:59.776,0.93806,0.93827,1.00,1.00
2018.03.08 14:02:59.827,0.93803,0.93826,1.00,1.00
2018.03.08 14:03:00.487,0.93802,0.93825,1.00,1.00
2018.03.08 14:03:01.041,0.93803,0.93826,1.00,1.00
2018.03.08 14:03:01.453,0.93803,0.93824,1.00,1.00
2018.03.08 14:03:01.504,0.93801,0.93824,1.00,1.00
2018.03.08 14:03:02.510,0.938,0.93823,1.00,1.00
2018.03.08 14:03:02.561,0.93801,0.93821,1.00,1.00
2018.03.08 14:03:02.662,0.93799,0.93821,1.00,1.00
2018.03.08 14:03:02.763,0.938,0.93825,1.00,1.00
2018.03.08 14:03:03.111,0.93798,0.93824,1.00,1.00
2018.03.08 14:03:03.213,0.938,0.93823,1.00,1.00
2018.03.08 14:03:03.685,0.93797,0.93818,1.00,1.00
2018.03.08 14:03:03.798,0.93795,0.93818,1.00,1.00
2018.03.08 14:03:03.849,0.93797,0.93818,1.00,1.00
2018.03.08 14:03:04.001,0.93799,0.93824,1.00,1.00
2018.03.08 14:03:04.411,0.93801,0.93824,1.00,1.00
2018.03.08 14:03:04.802,0.938,0.9382,1.00,1.00
2018.03.08 14:03:05.577,0.93802,0.9382,1.00,1.00
2018.03.08 14:03:06.018,0.93804,0.93821,1.00,1.00
2018.03.08 14:03:06.131,0.93804,0.93827,1.00,1.00
2018.03.08 14:03:06.870,0.93804,0.93827,1.00,1.50
2018.03.08 14:03:07.446,0.93804,0.93822,1.00,1.00
2018.03.08 14:03:07.877,0.938,0.93821,1.00,1.00
2018.03.08 14:03:07.928,0.93803,0.93821,1.00,1.00
2018.03.08 14:03:08.238,0.93805,0.93821,1.00,1.00
2018.03.08 14:03:08.715,0.93805,0.93824,1.00,1.00
2018.03.08 14:03:09.681,0.93805,0.93825,1.00,1.00
2018.03.08 14:03:10.147,0.93803,0.93825,1.00,1.00
2018.03.08 14:03:10.678,0.93803,0.93824,1.00,2.25
2018.03.08 14:03:11.245,0.93804,0.93824,1.00,2.25
2018.03.08 14:03:11.665,0.93804,0.93825,1.00,1.00
2018.03.08 14:03:12.184,0.93805,0.93825,1.00,1.00
2018.03.08 14:03:12.596,0.93805,0.93827,1.00,1.00
2018.03.08 14:03:13.015,0.93805,0.9383,1.00,1.00
2018.03.08 14:03:13.472,0.93805,0.93828,1.00,1.00
2018.03.08 14:03:14.023,0.93805,0.93829,1.00,1.00
2018.03.08 14:03:14.431,0.93806,0.93831,1.00,1.00
2018.03.08 14:03:15.804,0.93806,0.93827,1.00,1.00
2018.03.08 14:03:16.391,0.93804,0.93827,1.00,1.00
2018.03.08 14:03:16.764,0.93804,0.93829,1.00,1.00
2018.03.08 14:03:16.976,0.93809,0.93829,1.00,1.00
2018.03.08 14:03:17.245,0.93806,0.93829,1.00,1.00
2018.03.08 14:03:17.296,0.93808,0.93829,1.00,1.00
2018.03.08 14:03:17.347,0.93807,0.93831,1.00,1.00
2018.03.08 14:03:17.398,0.93805,0.93831,1.00,1.00
2018.03.08 14:03:17.538,0.93807,0.93831,1.00,1.00
2018.03.08 14:03:17.927,0.93807,0.93827,1.00,1.00
2018.03.08 14:03:18.288,0.93805,0.93827,1.00,1.00
2018.03.08 14:03:18.424,0.93808,0.93827,1.00,1.00
2018.03.08 14:03:19.362,0.93808,0.93825,1.00,1.00
2018.03.08 14:03:19.468,0.93805,0.93825,1.00,1.00
2018.03.08 14:03:19.807,0.93807,0.93825,1.00,1.00
2018.03.08 14:03:20.355,0.93806,0.93825,1.00,1.00
2018.03.08 14:03:20.405,0.93806,0.93828,1.00,2.25
2018.03.08 14:03:20.893,0.93807,0.93832,1.00,1.00
2018.03.08 14:03:21.017,0.93805,0.93832,1.00,1.00
2018.03.08 14:03:21.198,0.93807,0.93832,1.00,1.00
2018.03.08 14:03:21.645,0.93806,0.93829,1.00,2.25
2018.03.08 14:03:22.240,0.93808,0.93829,1.00,2.25
2018.03.08 14:03:22.841,0.93807,0.93829,1.00,2.25
2018.03.08 14:03:23.677,0.93806,0.93828,1.00,2.25
2018.03.08 14:03:24.574,0.93807,0.93825,1.00,1.00
2018.03.08 14:03:24.989,0.93807,0.93832,1.00,1.50
2018.03.08 14:03:25.614,0.93808,0.93832,1.00,1.50
2018.03.08 14:03:25.665,0.93808,0.93828,1.00,2.25
2018.03.08 14:03:25.968,0.938,0.93824,1.00,3.00
2018.03.08 14:03:26.163,0.93798,0.93824,1.50,3.00
2018.03.08 14:03:26.644,0.938,0.93827,1.00,1.00
2018.03.08 14:03:26.886,0.93799,0.93825,1.00,1.00
2018.03.08 14:03:27.495,0.938,0.93825,1.00,1.00
2018.03.08 14:03:28.094,0.938,0.93826,1.00,1.50
2018.03.08 14:03:28.902,0.93799,0.93826,1.00,1.00
2018.03.08 14:03:29.404,0.938,0.93826,1.00,1.00
2018.03.08 14:03:29.946,0.93801,0.93825,1.00,1.00
2018.03.08 14:03:32.478,0.938,0.93825,1.00,1.00
2018.03.08 14:03:32.805,0.93802,0.93828,1.00,1.50
2018.03.08 14:03:33.074,0.938,0.93823,1.00,1.00
2018.03.08 14:03:33.896,0.938,0.93824,1.00,1.00
2018.03.08 14:03:34.604,0.938,0.93822,1.00,1.00
2018.03.08 14:03:35.178,0.93799,0.93822,1.00,1.00
2018.03.08 14:03:35.228,0.93797,0.93823,1.00,1.00
2018.03.08 14:03:35.329,0.938,0.93824,1.00,1.50
2018.03.08 14:03:36.175,0.938,0.93825,1.00,1.50
2018.03.08 14:03:36.342,0.93798,0.93824,1.00,1.00
2018.03.08 14:03:36.445,0.93797,0.93818,1.00,1.00
2018.03.08 14:03:36.640,0.93794,0.93817,1.00,1.00
2018.03.08 14:03:37.148,0.93794,0.93818,1.00,1.00
2018.03.08 14:03:37.649,0.93794,0.93819,1.00,1.50
2018.03.08 14:03:38.078,0.93796,0.93819,1.00,1.50
2018.03.08 14:03:38.319,0.93796,0.93821,1.00,1.00
2018.03.08 14:03:38.450,0.93796,0.93819,1.00,1.00
2018.03.08 14:03:38.951,0.93793,0.93818,1.00,1.00
2018.03.08 14:03:39.428,0.93794,0.93821,1.00,1.00
2018.03.08 14:03:40.473,0.93794,0.93818,1.00,1.00
2018.03.08 14:03:41.501,0.93796,0.93819,1.00,1.00
2018.03.08 14:03:41.736,0.93794,0.93819,1.00,1.00
2018.03.08 14:03:41.786,0.93793,0.93817,1.00,1.00
2018.03.08 14:03:41.938,0.9379,0.93815,1.00,1.00
2018.03.08 14:03:42.149,0.93793,0.93813,1.00,1.00
2018.03.08 14:03:42.200,0.93791,0.93813,1.00,1.00
2018.03.08 14:03:42.790,0.93787,0.93813,1.00,1.00
2018.03.08 14:03:42.892,0.93786,0.93812,1.00,3.00
2018.03.08 14:03:43.044,0.93786,0.93812,1.00,1.00
2018.03.08 14:03:43.146,0.9379,0.93813,1.00,1.00
2018.03.08 14:03:43.473,0.9379,0.93812,1.00,2.25
2018.03.08 14:03:43.587,0.93789,0.93812,1.00,1.00
2018.03.08 14:03:44.434,0.93789,0.93813,1.00,1.00
2018.03.08 14:03:44.484,0.93791,0.93813,1.00,1.00
2018.03.08 14:03:45.053,0.9379,0.93812,1.00,1.00
2018.03.08 14:03:45.477,0.93791,0.93812,1.00,2.25
2018.03.08 14:03:45.656,0.93791,0.93813,1.00,1.00
2018.03.08 14:03:46.236,0.9379,0.93814,1.00,1.12
2018.03.08 14:03:46.337,0.93793,0.93815,1.00,1.00
2018.03.08 14:03:46.653,0.93792,0.93814,1.00,3.00
2018.03.08 14:03:47.195,0.93791,0.93813,1.00,1.50
2018.03.08 14:03:47.502,0.93792,0.93811,1.00,2.25
2018.03.08 14:03:48.175,0.93791,0.93811,1.00,2.25
2018.03.08 14:03:48.757,0.93792,0.93811,1.00,1.00
2018.03.08 14:03:48.808,0.93792,0.93814,1.00,1.00
2018.03.08 14:03:49.041,0.93793,0.93817,1.00,1.50
2018.03.08 14:03:49.093,0.93792,0.93814,1.00,1.00
2018.03.08 14:03:49.637,0.93794,0.93817,1.00,1.00
2018.03.08 14:03:49.740,0.93792,0.93816,1.00,1.00
2018.03.08 14:03:50.104,0.93792,0.93814,1.00,1.00
2018.03.08 14:03:50.708,0.93792,0.93816,1.00,1.00
2018.03.08 14:03:50.861,0.93792,0.93814,1.00,1.00
2018.03.08 14:03:51.308,0.93791,0.93813,1.00,1.50
2018.03.08 14:03:51.809,0.93793,0.93815,1.00,1.00
2018.03.08 14:03:51.859,0.93793,0.93811,1.00,1.00
2018.03.08 14:03:52.012,0.93791,0.93813,1.00,1.00
2018.03.08 14:03:52.152,0.93791,0.93812,1.00,2.25
2018.03.08 14:03:52.202,0.93793,0.93815,1.00,1.50
2018.03.08 14:03:52.253,0.93791,0.93814,1.00,1.00
2018.03.08 14:03:52.458,0.93789,0.93811,1.00,1.00
2018.03.08 14:03:52.509,0.9379,0.93814,1.00,1.00
2018.03.08 14:03:52.559,0.93789,0.93811,1.00,1.00
2018.03.08 14:03:52.734,0.93789,0.93813,1.00,1.00
2018.03.08 14:03:52.987,0.93791,0.93813,1.00,1.00
2018.03.08 14:03:53.837,0.93792,0.93813,1.00,1.00
2018.03.08 14:03:54.139,0.93794,0.93814,1.00,2.25
2018.03.08 14:03:54.263,0.93792,0.93814,1.00,2.25
2018.03.08 14:03:54.788,0.93793,0.93814,1.00,2.25
2018.03.08 14:03:55.211,0.93791,0.93813,1.00,3.00
2018.03.08 14:03:56.134,0.93791,0.93813,1.00,1.12
2018.03.08 14:03:56.941,0.93792,0.93814,1.00,2.25
2018.03.08 14:03:57.502,0.9379,0.93812,1.00,1.00
2018.03.08 14:03:58.256,0.9379,0.93814,1.00,1.50
2018.03.08 14:03:58.820,0.93793,0.93814,1.00,1.00
2018.03.08 14:03:59.115,0.93789,0.93811,1.00,1.50
2018.03.08 14:03:59.492,0.93791,0.93811,1.00,1.00
2018.03.08 14:03:59.747,0.93789,0.93811,1.00,1.00
2018.03.08 14:03:59.919,0.93789,0.9381,1.00,2.25
2018.03.08 14:04:00.072,0.9379,0.93812,1.00,1.00
2018.03.08 14:04:00.126,0.93792,0.93814,1.00,1.00
2018.03.08 14:04:00.553,0.93796,0.93818,1.00,2.25
2018.03.08 14:04:00.604,0.93794,0.93818,1.00,1.00
2018.03.08 14:04:00.898,0.93794,0.93816,1.00,1.00
2018.03.08 14:04:00.949,0.93791,0.93815,1.00,1.12
2018.03.08 14:04:01.171,0.93794,0.93816,1.00,1.50
2018.03.08 14:04:01.474,0.93797,0.93818,1.00,1.00
2018.03.08 14:04:02.071,0.93797,0.93819,1.00,1.00
2018.03.08 14:04:02.469,0.93799,0.93821,1.00,1.00
2018.03.08 14:04:02.636,0.93799,0.93823,1.00,1.00
2018.03.08 14:04:03.035,0.93801,0.93824,1.00,1.50
2018.03.08 14:04:03.585,0.93803,0.93823,1.00,1.00
2018.03.08 14:04:03.686,0.93801,0.93823,1.00,1.00
2018.03.08 14:04:04.253,0.938,0.93823,1.00,1.50
2018.03.08 14:04:04.397,0.93797,0.93819,1.00,1.00
2018.03.08 14:04:04.701,0.93795,0.93817,1.00,1.12
2018.03.08 14:04:04.752,0.93793,0.93817,1.00,1.12
2018.03.08 14:04:04.922,0.93796,0.93818,1.00,3.00
2018.03.08 14:04:05.410,0.93794,0.93815,1.00,2.25
2018.03.08 14:04:05.721,0.93796,0.93815,1.00,2.25
2018.03.08 14:04:06.326,0.93795,0.93813,1.00,2.25
2018.03.08 14:04:06.413,0.93795,0.93816,1.00,1.00
2018.03.08 14:04:06.879,0.93795,0.93813,1.00,2.25
2018.03.08 14:04:07.081,0.93793,0.93813,1.00,2.25
2018.03.08 14:04:08.878,0.93793,0.93812,1.00,1.00
2018.03.08 14:04:09.414,0.93793,0.93815,1.00,1.00
2018.03.08 14:04:09.861,0.93794,0.93812,1.00,1.00
2018.03.08 14:04:09.962,0.93792,0.93812,1.00,1.00
2018.03.08 14:04:10.063,0.93793,0.93817,1.00,1.50
2018.03.08 14:04:11.028,0.93793,0.93816,1.00,1.00
2018.03.08 14:04:11.313,0.93792,0.93814,1.00,1.00
2018.03.08 14:04:11.630,0.93792,0.93813,1.00,3.00
2018.03.08 14:04:11.917,0.93792,0.93813,1.00,1.00
2018.03.08 14:04:12.447,0.93792,0.93816,1.00,3.75
2018.03.08 14:04:12.651,0.93793,0.93813,1.00,2.25
2018.03.08 14:04:13.167,0.93792,0.93813,1.00,2.25
2018.03.08 14:04:13.532,0.93792,0.9381,1.00,2.25
2018.03.08 14:04:13.989,0.93792,0.93814,1.00,2.25
2018.03.08 14:04:14.309,0.93794,0.93814,1.00,2.25
2018.03.08 14:04:14.410,0.93789,0.93807,1.00,1.00
2018.03.08 14:04:14.722,0.93789,0.93811,1.00,1.00
2018.03.08 14:04:14.974,0.93791,0.93813,1.00,3.00
2018.03.08 14:04:15.025,0.93789,0.93813,1.00,3.00
2018.03.08 14:04:15.076,0.93791,0.93813,1.00,2.25
2018.03.08 14:04:15.383,0.93789,0.93808,1.00,1.00
2018.03.08 14:04:15.535,0.93788,0.9381,1.00,1.00
2018.03.08 14:04:16.013,0.9379,0.93811,1.00,1.00
2018.03.08 14:04:16.844,0.93789,0.93808,1.00,2.25
2018.03.08 14:04:17.245,0.93787,0.93808,1.00,2.25
2018.03.08 14:04:17.296,0.93787,0.93811,1.00,1.12
2018.03.08 14:04:17.801,0.9379,0.93812,1.00,1.00
2018.03.08 14:04:18.146,0.93788,0.93811,1.00,1.00
2018.03.08 14:04:18.498,0.93789,0.93813,1.00,1.00
2018.03.08 14:04:18.647,0.93788,0.9381,1.00,3.00
2018.03.08 14:04:18.975,0.93792,0.93814,1.00,1.00
2018.03.08 14:04:19.296,0.93792,0.93812,1.00,2.25
2018.03.08 14:04:19.398,0.93792,0.93814,1.00,1.00
2018.03.08 14:04:19.869,0.9379,0.93816,1.00,1.00
2018.03.08 14:04:19.920,0.93791,0.9381,1.00,1.00
2018.03.08 14:04:20.039,0.93789,0.9381,1.00,1.00
2018.03.08 14:04:20.141,0.93791,0.9381,1.00,1.00
2018.03.08 14:04:20.337,0.9379,0.93812,1.00,1.00
2018.03.08 14:04:20.439,0.93792,0.93815,1.00,3.00
2018.03.08 14:04:20.630,0.9379,0.93814,1.00,1.50
2018.03.08 14:04:20.731,0.9379,0.9381,1.00,2.25
2018.03.08 14:04:20.783,0.93791,0.93813,1.00,1.00
2018.03.08 14:04:21.013,0.9379,0.93811,1.00,1.00
2018.03.08 14:04:21.722,0.93791,0.93813,1.00,1.00
2018.03.08 14:04:21.875,0.93793,0.93815,1.00,1.50
2018.03.08 14:04:21.926,0.93791,0.93813,1.00,1.00
2018.03.08 14:04:22.249,0.93788,0.93809,1.00,1.00
2018.03.08 14:04:22.503,0.93793,0.93815,1.00,1.00
2018.03.08 14:04:22.640,0.93795,0.93818,1.00,2.62
2018.03.08 14:04:22.694,0.93791,0.93814,1.00,1.00
2018.03.08 14:04:23.227,0.9379,0.93814,1.00,1.00
2018.03.08 14:04:23.537,0.93792,0.93815,1.00,1.00
2018.03.08 14:04:23.893,0.93788,0.93811,1.00,1.00
2018.03.08 14:04:24.212,0.9379,0.93814,1.00,1.00
2018.03.08 14:04:24.364,0.93792,0.93815,1.00,1.00
2018.03.08 14:04:24.750,0.9379,0.93815,1.00,1.00
2018.03.08 14:04:24.801,0.93788,0.93813,1.00,1.00
2018.03.08 14:04:25.103,0.93794,0.93816,1.00,1.00
2018.03.08 14:04:25.406,0.93793,0.93813,1.00,1.00
2018.03.08 14:04:26.107,0.93794,0.93813,1.00,2.25
2018.03.08 14:04:26.391,0.93794,0.93817,1.00,1.00
2018.03.08 14:04:26.575,0.93794,0.93812,1.00,1.00
2018.03.08 14:04:27.039,0.93793,0.93818,1.00,1.50
2018.03.08 14:04:27.190,0.93791,0.93814,1.00,1.00
2018.03.08 14:04:27.240,0.93789,0.93814,1.00,1.00
2018.03.08 14:04:27.502,0.93789,0.93812,1.00,1.00
2018.03.08 14:04:27.754,0.93792,0.93816,1.00,1.00
2018.03.08 14:04:28.670,0.93792,0.93812,1.00,1.00
2018.03.08 14:04:29.523,0.93791,0.93812,1.00,1.00
2018.03.08 14:04:29.676,0.93787,0.9381,1.00,1.00
2018.03.08 14:04:30.177,0.93787,0.93812,1.00,1.00
2018.03.08 14:04:30.278,0.93789,0.93813,1.00,1.50
2018.03.08 14:04:30.765,0.93792,0.93815,1.00,1.00
2018.03.08 14:04:30.905,0.93787,0.93811,1.00,1.00
2018.03.08 14:04:31.015,0.93789,0.93812,1.00,1.00
2018.03.08 14:04:31.541,0.93789,0.93811,1.00,1.00
2018.03.08 14:04:31.594,0.93786,0.93813,1.00,1.00
2018.03.08 14:04:31.800,0.93788,0.93811,1.00,1.00
2018.03.08 14:04:32.092,0.93785,0.93811,1.00,1.00
2018.03.08 14:04:32.305,0.93787,0.9381,1.00,1.00
2018.03.08 14:04:32.758,0.93786,0.9381,1.00,2.25
2018.03.08 14:04:33.147,0.93786,0.93811,1.00,1.12
2018.03.08 14:04:33.349,0.93785,0.93809,1.00,1.00
2018.03.08 14:04:33.718,0.93786,0.93811,1.00,1.12
2018.03.08 14:04:34.201,0.93786,0.93811,1.00,3.00
2018.03.08 14:04:34.597,0.93783,0.93808,1.00,1.00
2018.03.08 14:04:34.647,0.93785,0.93809,1.00,1.00
2018.03.08 14:04:34.743,0.93786,0.93812,1.00,1.00
2018.03.08 14:04:35.102,0.93789,0.93812,1.00,1.00
2018.03.08 14:04:35.668,0.93789,0.93812,1.00,1.50
2018.03.08 14:04:36.269,0.93789,0.93812,1.00,1.00
2018.03.08 14:04:37.008,0.93785,0.93808,1.00,1.00
2018.03.08 14:04:37.554,0.93784,0.93808,1.00,1.00
2018.03.08 14:04:37.911,0.93785,0.93806,1.00,1.00
2018.03.08 14:04:39.544,0.93785,0.93806,1.00,2.25
2018.03.08 14:04:40.181,0.93788,0.93811,1.00,1.00
2018.03.08 14:04:40.233,0.93782,0.93808,1.50,2.25
2018.03.08 14:04:40.337,0.93786,0.93808,1.00,2.25
2018.03.08 14:04:40.388,0.93784,0.9381,1.00,1.00
2018.03.08 14:04:40.440,0.93784,0.93808,1.00,1.00
2018.03.08 14:04:41.072,0.93784,0.93807,1.00,2.25
2018.03.08 14:04:41.667,0.93784,0.93808,1.00,1.12
2018.03.08 14:04:41.770,0.93782,0.93806,1.00,1.00
2018.03.08 14:04:42.071,0.93785,0.93806,1.00,2.25
2018.03.08 14:04:42.362,0.93783,0.93806,1.00,2.25
2018.03.08 14:04:42.413,0.93785,0.93808,1.00,1.00
2018.03.08 14:04:42.464,0.93782,0.93808,1.00,1.00
2018.03.08 14:04:42.633,0.93784,0.93807,1.00,1.00
2018.03.08 14:04:42.889,0.93782,0.93807,2.25,1.00
2018.03.08 14:04:42.994,0.93782,0.93811,1.50,1.00
2018.03.08 14:04:43.057,0.93787,0.9381,1.00,1.00
2018.03.08 14:04:43.365,0.93789,0.93812,1.00,1.50
2018.03.08 14:04:43.831,0.93789,0.93814,1.00,1.00
2018.03.08 14:04:44.063,0.93791,0.93813,1.00,1.00
2018.03.08 14:04:44.488,0.93792,0.93815,1.00,1.50
2018.03.08 14:04:44.758,0.93791,0.93814,1.00,3.00
2018.03.08 14:04:45.735,0.93791,0.93811,1.00,1.00
2018.03.08 14:04:46.325,0.93791,0.93814,1.00,1.12
2018.03.08 14:04:46.565,0.93789,0.93812,1.00,1.00
2018.03.08 14:04:46.972,0.93789,0.93814,1.00,1.12
2018.03.08 14:04:47.023,0.93789,0.93814,1.00,3.00
2018.03.08 14:04:47.785,0.93789,0.93814,1.00,1.50
2018.03.08 14:04:48.216,0.93791,0.93809,1.00,2.25
2018.03.08 14:04:49.481,0.93789,0.93814,1.00,3.00
2018.03.08 14:04:49.633,0.93787,0.9381,1.00,1.00
2018.03.08 14:04:50.007,0.93784,0.93807,1.00,1.50
2018.03.08 14:04:50.320,0.93786,0.93809,1.00,1.00
2018.03.08 14:04:50.604,0.93788,0.93811,1.00,1.50
2018.03.08 14:04:50.655,0.93785,0.93811,1.00,2.25
2018.03.08 14:04:50.705,0.93788,0.93811,1.00,1.00
2018.03.08 14:04:51.014,0.9379,0.93812,1.00,2.25
2018.03.08 14:04:51.064,0.93787,0.93812,1.00,2.25
2018.03.08 14:04:51.165,0.93789,0.93812,1.00,2.25
2018.03.08 14:04:51.279,0.93789,0.93814,1.00,1.00
2018.03.08 14:04:51.330,0.93788,0.93811,1.00,1.00
2018.03.08 14:04:52.236,0.9379,0.93812,1.00,1.00
2018.03.08 14:04:52.592,0.93791,0.93814,1.00,1.00
2018.03.08 14:04:52.643,0.93787,0.93812,1.00,1.00
2018.03.08 14:04:53.031,0.9379,0.93813,1.00,1.00
2018.03.08 14:04:53.894,0.93791,0.93814,1.00,1.12
2018.03.08 14:04:54.245,0.93793,0.93816,1.00,3.00
2018.03.08 14:04:54.769,0.93792,0.93814,1.00,1.12
2018.03.08 14:04:54.933,0.93794,0.93818,1.00,2.25
2018.03.08 14:04:55.036,0.93792,0.93813,1.00,2.25
2018.03.08 14:04:55.142,0.93794,0.93817,1.00,1.00
2018.03.08 14:04:55.876,0.93794,0.93815,1.00,1.00
2018.03.08 14:04:55.981,0.93791,0.93815,1.00,1.50
2018.03.08 14:04:56.259,0.93791,0.93812,1.00,2.25
2018.03.08 14:04:56.569,0.93793,0.93812,1.00,2.25
2018.03.08 14:04:56.620,0.93793,0.93816,1.00,1.00
2018.03.08 14:04:56.671,0.93791,0.93814,1.00,1.00
2018.03.08 14:04:57.035,0.93791,0.9381,1.00,1.00
2018.03.08 14:04:57.086,0.93788,0.9381,1.00,1.00
2018.03.08 14:04:57.621,0.93787,0.9381,1.00,1.00
2018.03.08 14:04:57.797,0.93789,0.9381,1.00,1.00
2018.03.08 14:04:57.847,0.93789,0.93812,1.00,1.12
2018.03.08 14:04:57.898,0.93786,0.93812,1.00,1.12
2018.03.08 14:04:57.999,0.93788,0.93813,1.00,1.50
2018.03.08 14:04:58.251,0.93788,0.93814,1.00,1.00
2018.03.08 14:04:58.402,0.9379,0.93814,1.00,1.00
2018.03.08 14:04:58.935,0.93791,0.93815,1.00,1.00
2018.03.08 14:04:58.985,0.93788,0.93815,1.50,1.00
2018.03.08 14:04:59.036,0.93792,0.93813,1.00,2.25
2018.03.08 14:04:59.547,0.93791,0.93813,1.00,2.25
2018.03.08 14:05:00.089,0.93791,0.93815,1.00,2.25
2018.03.08 14:05:00.472,0.93793,0.93815,1.00,2.25
2018.03.08 14:05:00.523,0.93794,0.93817,1.00,1.12
2018.03.08 14:05:01.208,0.93794,0.93816,1.00,1.00
2018.03.08 14:05:01.974,0.93794,0.93816,1.00,1.50
2018.03.08 14:05:02.140,0.93791,0.93816,1.00,1.00
2018.03.08 14:05:02.288,0.93792,0.93814,1.00,2.25
2018.03.08 14:05:02.765,0.93793,0.93818,1.00,3.00
2018.03.08 14:05:03.353,0.93793,0.93813,1.00,1.00
2018.03.08 14:05:03.703,0.9379,0.93813,1.00,1.00
2018.03.08 14:05:04.298,0.9379,0.93813,1.00,1.75
2018.03.08 14:05:04.861,0.9379,0.93815,1.00,1.00
2018.03.08 14:05:05.373,0.93791,0.93816,1.00,1.50
2018.03.08 14:05:05.574,0.93791,0.93813,1.00,2.25
2018.03.08 14:05:06.073,0.93791,0.93814,1.00,1.00
2018.03.08 14:05:06.227,0.93788,0.93813,1.00,1.00
2018.03.08 14:05:06.481,0.93788,0.93811,1.00,1.00
2018.03.08 14:05:06.618,0.93788,0.93813,1.00,1.12
2018.03.08 14:05:06.672,0.93788,0.93811,1.00,1.00
2018.03.08 14:05:06.994,0.93788,0.93813,1.00,2.25
2018.03.08 14:05:07.228,0.9379,0.93815,1.00,1.00
2018.03.08 14:05:07.532,0.93789,0.93812,1.00,1.00
2018.03.08 14:05:07.678,0.93785,0.93811,1.00,1.00
2018.03.08 14:05:07.937,0.93785,0.93808,1.00,1.00
2018.03.08 14:05:08.353,0.93787,0.93811,1.00,1.50
2018.03.08 14:05:08.536,0.93786,0.93813,1.00,1.00
2018.03.08 14:05:08.586,0.93787,0.93811,1.00,1.00
2018.03.08 14:05:08.989,0.93785,0.93809,1.00,1.00
2018.03.08 14:05:09.311,0.93786,0.93811,1.00,1.00
2018.03.08 14:05:09.412,0.93786,0.93809,1.00,1.00
2018.03.08 14:05:09.728,0.93793,0.93818,1.00,2.25
2018.03.08 14:05:09.946,0.93794,0.93816,1.00,1.00
2018.03.08 14:05:10.291,0.93795,0.93818,1.00,1.00
2018.03.08 14:05:10.949,0.93791,0.93814,1.00,1.00
2018.03.08 14:05:11.000,0.93787,0.93815,1.50,1.00
2018.03.08 14:05:11.566,0.93791,0.93814,1.00,1.00
2018.03.08 14:05:12.878,0.9379,0.93813,1.00,1.00
2018.03.08 14:05:13.931,0.93791,0.93814,1.00,1.00
2018.03.08 14:05:14.520,0.93788,0.93813,1.00,1.00
2018.03.08 14:05:14.571,0.93787,0.9381,1.00,1.00
2018.03.08 14:05:14.739,0.93785,0.93809,1.00,1.00
2018.03.08 14:05:14.842,0.93785,0.93811,1.00,2.25
2018.03.08 14:05:15.361,0.93785,0.93812,1.00,1.00
2018.03.08 14:05:15.487,0.93788,0.93813,1.00,1.00
2018.03.08 14:05:16.372,0.93786,0.93811,1.00,1.00
2018.03.08 14:05:16.932,0.93787,0.93812,1.00,1.00
2018.03.08 14:05:17.476,0.93786,0.93811,1.00,1.50
2018.03.08 14:05:17.793,0.93792,0.93815,1.00,1.00
2018.03.08 14:05:18.313,0.93793,0.93816,1.00,1.00
2018.03.08 14:05:18.663,0.93786,0.93811,1.00,1.00
2018.03.08 14:05:18.720,0.93786,0.93808,1.00,1.00
2018.03.08 14:05:18.822,0.93791,0.93814,1.00,1.50
2018.03.08 14:05:19.077,0.93795,0.93818,1.00,1.00
2018.03.08 14:05:21.204,0.93797,0.9382,1.00,1.00
2018.03.08 14:05:21.305,0.93795,0.9382,1.00,1.00
2018.03.08 14:05:21.809,0.93794,0.93819,1.00,1.00
2018.03.08 14:05:21.860,0.93791,0.9381,1.00,1.00
2018.03.08 14:05:21.961,0.93787,0.9381,1.00,1.00
2018.03.08 14:05:23.760,0.93787,0.9381,1.00,1.50
2018.03.08 14:05:24.439,0.93787,0.9381,1.00,1.00
2018.03.08 14:05:25.677,0.93788,0.93813,1.00,1.00
2018.03.08 14:05:27.096,0.93787,0.93812,1.00,1.00
2018.03.08 14:05:27.146,0.93789,0.93812,1.00,1.12
2018.03.08 14:05:27.247,0.93786,0.93811,1.00,1.00
2018.03.08 14:05:27.398,0.93789,0.93812,1.00,1.00
2018.03.08 14:05:27.778,0.93792,0.93815,1.00,1.00
2018.03.08 14:05:27.879,0.93793,0.93817,1.00,1.50
2018.03.08 14:05:28.143,0.93795,0.93818,1.00,1.00
2018.03.08 14:05:28.304,0.93795,0.9382,1.00,1.00
2018.03.08 14:05:29.644,0.93795,0.93818,1.00,1.00
2018.03.08 14:05:30.219,0.93792,0.93815,1.00,1.00
2018.03.08 14:05:30.561,0.93792,0.93817,1.00,1.00
2018.03.08 14:05:31.727,0.93794,0.93817,1.00,1.12
2018.03.08 14:05:31.907,0.93792,0.93817,1.00,1.12
2018.03.08 14:05:32.297,0.93794,0.93817,1.00,1.12
2018.03.08 14:05:33.214,0.93792,0.93818,1.00,1.00
2018.03.08 14:05:33.503,0.93794,0.93819,1.00,3.00
2018.03.08 14:05:33.604,0.93796,0.93821,1.00,1.00
2018.03.08 14:05:33.732,0.93796,0.93818,1.00,2.25
2018.03.08 14:05:33.783,0.93794,0.93817,1.00,1.50
2018.03.08 14:05:34.209,0.93792,0.93815,1.00,1.00
2018.03.08 14:05:34.378,0.93794,0.93817,1.00,1.00
2018.03.08 14:05:34.503,0.93791,0.93816,1.00,1.00
2018.03.08 14:05:34.554,0.93794,0.93817,1.00,1.00
2018.03.08 14:05:34.856,0.93791,0.93817,1.00,1.50
2018.03.08 14:05:35.419,0.93793,0.93816,1.00,1.00
2018.03.08 14:05:35.470,0.93794,0.93819,1.00,1.00
2018.03.08 14:05:35.521,0.93792,0.93816,1.00,1.00
2018.03.08 14:05:36.212,0.93793,0.93817,1.00,1.00
2018.03.08 14:05:36.739,0.93794,0.93815,1.00,1.00
2018.03.08 14:05:36.841,0.93794,0.93817,1.00,1.00
2018.03.08 14:05:36.892,0.93797,0.9382,1.00,1.00
2018.03.08 14:05:37.298,0.93799,0.93822,1.00,1.12
2018.03.08 14:05:37.601,0.93796,0.93822,1.00,3.00
2018.03.08 14:05:37.652,0.93798,0.93822,1.00,2.25
2018.03.08 14:05:37.879,0.93795,0.93822,1.00,3.00
2018.03.08 14:05:37.980,0.93797,0.9382,1.00,1.12
2018.03.08 14:05:38.031,0.93795,0.9382,1.00,1.12
2018.03.08 14:05:38.761,0.93797,0.9382,1.00,1.00
2018.03.08 14:05:39.308,0.93798,0.93821,1.00,1.00
2018.03.08 14:05:39.836,0.93797,0.9382,1.00,1.00
2018.03.08 14:05:40.339,0.93797,0.93822,1.00,1.00
2018.03.08 14:05:40.390,0.93797,0.93822,1.00,3.00
2018.03.08 14:05:40.513,0.93794,0.93817,1.00,1.00
2018.03.08 14:05:40.716,0.9379,0.93814,1.00,1.00
2018.03.08 14:05:40.766,0.93792,0.93815,1.00,1.50
2018.03.08 14:05:41.162,0.93792,0.93814,1.00,2.25
2018.03.08 14:05:41.641,0.93792,0.93815,1.00,1.00
2018.03.08 14:05:41.693,0.9379,0.93814,1.00,1.00
2018.03.08 14:05:42.490,0.93791,0.93814,1.00,1.12
2018.03.08 14:05:42.542,0.93789,0.93812,1.00,1.00
2018.03.08 14:05:42.744,0.93786,0.93811,1.00,1.00
2018.03.08 14:05:42.795,0.93785,0.93808,1.50,1.00
2018.03.08 14:05:43.930,0.93786,0.93811,1.00,1.00
2018.03.08 14:05:44.462,0.93787,0.93812,1.00,1.00
2018.03.08 14:05:44.674,0.93789,0.93812,1.00,1.00
2018.03.08 14:05:45.248,0.9379,0.93813,1.00,1.00
2018.03.08 14:05:45.733,0.93792,0.93815,1.00,1.00
2018.03.08 14:05:45.784,0.93792,0.93817,1.00,1.00
2018.03.08 14:05:46.245,0.93792,0.93815,1.00,1.00
2018.03.08 14:05:46.603,0.93789,0.93814,1.00,1.50
2018.03.08 14:05:46.654,0.93791,0.93814,1.00,1.00
2018.03.08 14:05:46.856,0.9379,0.93816,1.00,1.00
2018.03.08 14:05:46.907,0.93793,0.93816,1.00,1.00
2018.03.08 14:05:47.555,0.93793,0.93816,1.00,1.50
2018.03.08 14:05:47.605,0.93791,0.93814,1.00,1.00
2018.03.08 14:05:48.056,0.93787,0.93812,1.12,1.00
2018.03.08 14:05:48.285,0.93789,0.93812,1.00,1.00
2018.03.08 14:05:49.929,0.9379,0.93813,1.00,1.00
2018.03.08 14:05:50.265,0.93792,0.93815,1.00,1.12
2018.03.08 14:05:51.536,0.93791,0.93814,1.00,1.00
2018.03.08 14:05:52.050,0.9379,0.93813,1.00,1.00
2018.03.08 14:05:55.614,0.93792,0.93814,1.00,1.00
2018.03.08 14:05:55.769,0.93792,0.93817,1.00,1.00
2018.03.08 14:05:55.900,0.93792,0.93817,1.00,1.75
2018.03.08 14:05:56.246,0.93794,0.93817,1.00,1.75
2018.03.08 14:05:56.542,0.93795,0.93818,1.00,1.00
2018.03.08 14:05:56.644,0.93792,0.93817,1.00,1.00
2018.03.08 14:05:57.115,0.93794,0.93819,1.00,1.00
2018.03.08 14:05:57.490,0.93796,0.93819,1.00,1.00
2018.03.08 14:05:57.603,0.93793,0.93818,1.00,1.00
2018.03.08 14:05:59.005,0.93793,0.93816,1.00,1.00
2018.03.08 14:05:59.515,0.93792,0.93815,1.00,1.00
2018.03.08 14:06:00.061,0.93793,0.93816,1.00,1.00
2018.03.08 14:06:00.756,0.93794,0.93817,1.00,1.00
2018.03.08 14:06:01.777,0.93795,0.93818,1.00,1.00
2018.03.08 14:06:02.345,0.93794,0.93817,1.00,1.00
2018.03.08 14:06:02.652,0.93797,0.9382,1.00,1.00
2018.03.08 14:06:03.101,0.93798,0.93823,1.00,1.50
2018.03.08 14:06:03.438,0.93796,0.93821,1.00,1.00
2018.03.08 14:06:03.783,0.93793,0.93818,1.00,1.00
2018.03.08 14:06:05.028,0.93791,0.93814,1.50,1.00
2018.03.08 14:06:05.180,0.93791,0.93816,1.50,1.00
2018.03.08 14:06:05.733,0.93792,0.93815,1.00,1.00
2018.03.08 14:06:06.242,0.93793,0.93816,1.00,1.00
2018.03.08 14:06:06.419,0.93791,0.93815,1.00,1.00
2018.03.08 14:06:06.927,0.9379,0.93814,1.00,1.00
2018.03.08 14:06:07.425,0.9379,0.93816,1.00,1.00
2018.03.08 14:06:07.476,0.9379,0.93813,1.00,1.00
2018.03.08 14:06:08.330,0.93791,0.93814,1.00,1.00
2018.03.08 14:06:08.820,0.93793,0.93816,1.00,1.00
2018.03.08 14:06:09.168,0.9379,0.93813,1.00,1.00
2018.03.08 14:06:09.219,0.93791,0.93815,1.00,1.00
2018.03.08 14:06:09.371,0.93793,0.93816,1.00,1.00
2018.03.08 14:06:09.879,0.93792,0.93817,1.00,1.00
2018.03.08 14:06:10.421,0.9379,0.93815,1.00,1.00
2018.03.08 14:06:10.765,0.93792,0.93817,1.00,1.00
2018.03.08 14:06:11.077,0.93794,0.93817,1.00,1.00
2018.03.08 14:06:11.178,0.93792,0.93818,1.00,1.00
2018.03.08 14:06:11.395,0.93793,0.93816,1.00,1.00
2018.03.08 14:06:11.861,0.93793,0.93818,1.00,1.00
2018.03.08 14:06:11.963,0.93795,0.93818,1.00,1.00
2018.03.08 14:06:12.142,0.93793,0.93819,1.00,1.00
2018.03.08 14:06:12.402,0.93794,0.93816,1.00,1.00
2018.03.08 14:06:12.453,0.93792,0.93815,1.00,1.00
2018.03.08 14:06:12.568,0.93792,0.93817,1.00,1.00
2018.03.08 14:06:12.921,0.93794,0.93817,1.00,1.00
2018.03.08 14:06:12.971,0.93795,0.9382,1.00,1.00
2018.03.08 14:06:13.240,0.93793,0.93818,1.50,1.00
2018.03.08 14:06:13.806,0.93794,0.93819,1.00,1.00
2018.03.08 14:06:14.232,0.93796,0.93818,1.00,1.00
2018.03.08 14:06:14.383,0.93793,0.93818,1.00,1.00
2018.03.08 14:06:14.892,0.93795,0.93817,1.00,1.00
2018.03.08 14:06:14.943,0.93796,0.93821,1.00,1.50
2018.03.08 14:06:15.176,0.93795,0.93818,1.00,1.00
2018.03.08 14:06:15.262,0.93796,0.93821,1.00,1.00
2018.03.08 14:06:15.316,0.93795,0.93819,1.00,1.00
2018.03.08 14:06:15.629,0.93797,0.9382,1.00,1.00
2018.03.08 14:06:16.219,0.93798,0.93821,1.00,1.00
2018.03.08 14:06:16.490,0.93789,0.93813,1.00,1.00
2018.03.08 14:06:16.679,0.93784,0.93808,1.00,1.00
2018.03.08 14:06:17.131,0.93786,0.93808,1.00,1.00
2018.03.08 14:06:17.232,0.93784,0.93808,1.00,1.00
2018.03.08 14:06:17.449,0.93783,0.9381,1.00,1.00
2018.03.08 14:06:17.500,0.93786,0.93811,1.12,1.00
2018.03.08 14:06:17.813,0.93784,0.93809,1.00,1.00
2018.03.08 14:06:18.447,0.93786,0.9381,1.00,1.00
2018.03.08 14:06:18.842,0.9379,0.93814,1.00,1.00
2018.03.08 14:06:18.899,0.93788,0.93814,1.00,1.00
2018.03.08 14:06:18.950,0.93791,0.93814,1.00,1.00
2018.03.08 14:06:19.542,0.9379,0.93813,1.12,1.00
2018.03.08 14:06:19.592,0.93789,0.93815,1.50,1.00
2018.03.08 14:06:19.990,0.9379,0.93813,1.00,1.00
2018.03.08 14:06:20.312,0.93791,0.93817,1.00,1.00
2018.03.08 14:06:20.384,0.93791,0.93814,1.00,1.00
2018.03.08 14:06:20.435,0.93789,0.93814,1.00,1.00
2018.03.08 14:06:20.637,0.93784,0.93809,1.00,1.00
2018.03.08 14:06:20.941,0.93789,0.93814,1.00,1.00
2018.03.08 14:06:21.586,0.93788,0.93812,1.00,1.00
2018.03.08 14:06:22.054,0.93789,0.93815,1.00,1.00
2018.03.08 14:06:24.215,0.9379,0.93813,1.00,1.00
2018.03.08 14:06:25.137,0.9379,0.93815,1.12,1.00
2018.03.08 14:06:25.334,0.93792,0.93815,1.00,1.00
2018.03.08 14:06:26.210,0.93791,0.93814,1.00,1.00
2018.03.08 14:06:26.713,0.93792,0.93815,1.00,1.00
2018.03.08 14:06:26.764,0.9379,0.93815,1.00,1.00
2018.03.08 14:06:28.698,0.93794,0.93817,1.00,1.50
2018.03.08 14:06:29.003,0.93788,0.93811,1.00,1.00
2018.03.08 14:06:29.931,0.93789,0.93811,1.00,1.00
2018.03.08 14:06:30.438,0.93789,0.93812,1.00,1.00
2018.03.08 14:06:32.167,0.93788,0.93811,1.00,1.00
2018.03.08 14:06:33.321,0.93786,0.93811,1.00,1.00
2018.03.08 14:06:33.372,0.93786,0.93809,1.00,1.00
2018.03.08 14:06:33.675,0.93786,0.93811,1.00,1.00
2018.03.08 14:06:33.776,0.93788,0.93811,1.00,1.00
2018.03.08 14:06:34.142,0.9379,0.93813,1.00,1.00
2018.03.08 14:06:35.327,0.93789,0.93812,1.00,1.00
2018.03.08 14:06:39.975,0.93787,0.93812,1.00,1.00
2018.03.08 14:06:40.177,0.93783,0.93808,2.25,1.00
2018.03.08 14:06:40.542,0.93781,0.93806,1.00,1.00
2018.03.08 14:06:40.847,0.93781,0.93803,1.50,1.00
2018.03.08 14:06:40.898,0.93783,0.93807,1.00,1.00
2018.03.08 14:06:41.053,0.93783,0.93809,1.00,1.00
2018.03.08 14:06:41.370,0.93781,0.93804,1.00,1.00
2018.03.08 14:06:41.471,0.93782,0.93808,1.50,1.00
2018.03.08 14:06:41.736,0.93783,0.93805,1.00,1.00
2018.03.08 14:06:41.893,0.93781,0.93804,1.00,1.00
2018.03.08 14:06:42.366,0.93781,0.93807,1.00,1.50
2018.03.08 14:06:42.903,0.93782,0.93805,1.00,1.00
2018.03.08 14:06:43.184,0.93783,0.93807,1.00,1.00
2018.03.08 14:06:43.938,0.9378,0.93806,1.00,1.50
2018.03.08 14:06:43.989,0.93778,0.93804,1.00,1.00
2018.03.08 14:06:44.493,0.93779,0.93804,1.00,1.00
2018.03.08 14:06:44.809,0.93782,0.93805,1.00,1.00
2018.03.08 14:06:45.840,0.93784,0.93807,1.00,1.00
2018.03.08 14:06:46.150,0.93782,0.93807,1.00,1.00
2018.03.08 14:06:46.843,0.93784,0.93807,1.00,1.00
2018.03.08 14:06:46.893,0.93781,0.93806,1.00,1.00
2018.03.08 14:06:47.424,0.9378,0.93803,1.00,1.00
2018.03.08 14:06:47.592,0.93778,0.93803,1.00,1.00
2018.03.08 14:06:47.693,0.9378,0.93803,1.00,1.00
2018.03.08 14:06:47.845,0.93777,0.93802,1.00,1.00
2018.03.08 14:06:47.896,0.93777,0.938,1.00,1.00
2018.03.08 14:06:47.997,0.93773,0.93798,1.00,1.00
2018.03.08 14:06:48.366,0.93779,0.93802,1.00,1.00
2018.03.08 14:06:48.618,0.93781,0.93806,1.87,1.00
2018.03.08 14:06:50.602,0.93783,0.93808,1.00,1.00
2018.03.08 14:06:51.295,0.93782,0.93805,1.00,1.00
2018.03.08 14:06:51.383,0.93784,0.93809,1.00,1.00
2018.03.08 14:06:51.434,0.93785,0.93811,1.00,1.00
2018.03.08 14:06:51.499,0.93785,0.93808,1.00,1.00
2018.03.08 14:06:51.652,0.93785,0.9381,1.00,1.00
2018.03.08 14:06:51.960,0.93787,0.9381,1.00,1.00
2018.03.08 14:06:52.330,0.93789,0.93812,1.00,1.00
2018.03.08 14:06:52.381,0.93787,0.93812,1.00,1.00
2018.03.08 14:06:52.431,0.93787,0.9381,1.00,1.00
2018.03.08 14:06:52.734,0.93789,0.93812,1.00,1.00
2018.03.08 14:06:53.262,0.93788,0.93811,1.00,1.00
2018.03.08 14:06:54.076,0.93788,0.93813,1.00,1.00
2018.03.08 14:06:54.127,0.9379,0.93813,1.00,1.00
2018.03.08 14:06:54.178,0.93791,0.93815,1.00,1.00
2018.03.08 14:06:54.524,0.93788,0.93813,1.50,1.00
2018.03.08 14:06:54.575,0.93788,0.93811,1.00,1.00
2018.03.08 14:06:54.728,0.93786,0.93811,1.00,1.00
2018.03.08 14:06:54.831,0.93785,0.93809,1.00,1.00
2018.03.08 14:06:55.192,0.93783,0.93808,1.00,1.00
2018.03.08 14:06:55.394,0.93786,0.93809,1.00,1.00
2018.03.08 14:06:55.722,0.93784,0.93807,1.00,1.00
2018.03.08 14:06:57.870,0.93782,0.93807,1.00,1.00
2018.03.08 14:06:57.920,0.93782,0.93805,1.00,1.00
2018.03.08 14:06:58.166,0.93779,0.93805,1.00,1.00
2018.03.08 14:06:58.715,0.93782,0.93805,1.00,1.00
2018.03.08 14:06:59.087,0.93784,0.93807,1.00,1.00
2018.03.08 14:06:59.625,0.93783,0.93807,1.00,1.00
2018.03.08 14:06:59.727,0.93779,0.93804,1.00,1.00
2018.03.08 14:06:59.828,0.93781,0.93808,1.00,1.00
2018.03.08 14:06:59.879,0.93783,0.93807,1.00,1.00
2018.03.08 14:06:59.981,0.93783,0.93809,1.00,1.50
2018.03.08 14:07:00.244,0.93786,0.9381,1.00,1.00
2018.03.08 14:07:00.958,0.93784,0.9381,1.00,1.00
2018.03.08 14:07:01.888,0.93786,0.93809,1.00,1.00
2018.03.08 14:07:02.097,0.93783,0.9381,1.00,1.00
2018.03.08 14:07:02.158,0.93786,0.93809,1.00,1.00
2018.03.08 14:07:02.937,0.93784,0.9381,1.00,1.00
2018.03.08 14:07:03.407,0.93786,0.9381,1.00,1.00
2018.03.08 14:07:03.883,0.93788,0.93813,1.00,1.00
2018.03.08 14:07:03.989,0.9379,0.93812,1.00,1.00
2018.03.08 14:07:04.490,0.9379,0.93813,1.00,1.00
2018.03.08 14:07:05.132,0.93791,0.93814,1.00,1.00
2018.03.08 14:07:05.412,0.93789,0.93813,1.00,1.00
2018.03.08 14:07:06.210,0.93791,0.93813,1.00,1.00
2018.03.08 14:07:06.796,0.93789,0.93813,1.00,1.00
2018.03.08 14:07:07.912,0.93789,0.93812,1.00,1.00
2018.03.08 14:07:08.064,0.9379,0.93815,1.00,1.00
2018.03.08 14:07:08.583,0.93791,0.93815,1.00,1.00
2018.03.08 14:07:08.793,0.9379,0.93813,1.00,1.00
2018.03.08 14:07:08.845,0.93791,0.93815,1.00,1.00
2018.03.08 14:07:09.647,0.93792,0.93815,1.00,1.00
2018.03.08 14:07:09.774,0.93789,0.93814,1.00,1.00
2018.03.08 14:07:09.825,0.93791,0.93813,1.00,1.00
2018.03.08 14:07:09.940,0.93792,0.93815,1.00,1.00
2018.03.08 14:07:10.041,0.9379,0.93816,1.00,1.00
2018.03.08 14:07:10.092,0.93789,0.93814,1.00,1.00
2018.03.08 14:07:10.193,0.9379,0.93816,1.00,1.00
2018.03.08 14:07:10.317,0.9379,0.93813,1.00,1.00
2018.03.08 14:07:10.635,0.93792,0.93815,1.00,1.00
2018.03.08 14:07:10.888,0.93789,0.93814,1.00,1.00
2018.03.08 14:07:12.099,0.93786,0.93809,1.00,1.00
2018.03.08 14:07:12.201,0.93783,0.93808,1.00,1.00
2018.03.08 14:07:13.191,0.93781,0.93806,1.00,1.00
2018.03.08 14:07:14.903,0.93782,0.93804,1.00,1.00
2018.03.08 14:07:15.400,0.93782,0.93807,1.00,1.00
2018.03.08 14:07:15.789,0.93785,0.93808,1.00,1.00
2018.03.08 14:07:15.840,0.93785,0.93811,1.00,1.00
2018.03.08 14:07:16.270,0.9379,0.93814,1.00,1.50
2018.03.08 14:07:16.814,0.93789,0.93814,1.00,1.00
2018.03.08 14:07:17.299,0.93792,0.93815,1.00,1.00
2018.03.08 14:07:17.462,0.93789,0.93814,1.00,1.00
2018.03.08 14:07:17.969,0.93791,0.93814,1.00,1.00
2018.03.08 14:07:18.223,0.93789,0.93814,1.00,1.00
2018.03.08 14:07:18.469,0.93789,0.93812,1.00,1.00
2018.03.08 14:07:18.891,0.93786,0.9381,1.00,1.00
2018.03.08 14:07:18.993,0.93785,0.93808,1.50,1.00
2018.03.08 14:07:19.338,0.93784,0.9381,1.50,1.00
2018.03.08 14:07:21.516,0.93785,0.9381,1.00,1.00
2018.03.08 14:07:22.146,0.93787,0.9381,1.00,1.00
2018.03.08 14:07:23.679,0.93788,0.93813,1.00,1.00
2018.03.08 14:07:24.925,0.9379,0.93813,1.00,1.00
2018.03.08 14:07:25.868,0.93791,0.93814,1.00,1.00
2018.03.08 14:07:26.675,0.9379,0.93815,1.00,1.00
2018.03.08 14:07:27.026,0.93787,0.93811,1.50,1.00
2018.03.08 14:07:27.714,0.93788,0.93811,1.00,1.00
2018.03.08 14:07:28.611,0.93789,0.93812,1.00,1.00
2018.03.08 14:07:28.959,0.93789,0.93814,1.00,1.00
2018.03.08 14:07:29.679,0.93791,0.93814,1.00,1.00
2018.03.08 14:07:30.206,0.93792,0.93815,1.00,1.00
2018.03.08 14:07:31.158,0.9379,0.93813,1.50,1.00
2018.03.08 14:07:32.213,0.93789,0.93814,1.00,1.00
2018.03.08 14:07:32.895,0.93793,0.93815,1.00,1.00
2018.03.08 14:07:33.453,0.93792,0.93815,1.00,1.00
2018.03.08 14:07:33.726,0.93793,0.93817,1.00,1.00
2018.03.08 14:07:33.777,0.93791,0.93816,1.00,1.00
2018.03.08 14:07:33.879,0.93791,0.93813,1.00,1.00
2018.03.08 14:07:33.980,0.93793,0.93816,1.00,1.00
2018.03.08 14:07:34.152,0.93795,0.93818,1.00,1.00
2018.03.08 14:07:34.282,0.9379,0.93817,2.25,1.00
2018.03.08 14:07:34.587,0.93795,0.93818,1.00,1.00
2018.03.08 14:07:35.132,0.93796,0.93819,1.00,1.00
2018.03.08 14:07:35.683,0.93795,0.93818,1.00,1.00
2018.03.08 14:07:35.886,0.93797,0.93822,1.00,1.00
2018.03.08 14:07:36.425,0.93798,0.93821,1.00,1.00
2018.03.08 14:07:36.815,0.938,0.93823,1.00,1.00
2018.03.08 14:07:37.353,0.93798,0.93824,1.00,1.00
2018.03.08 14:07:37.449,0.93797,0.93822,1.00,1.00
2018.03.08 14:07:38.309,0.93797,0.93821,1.00,1.00
2018.03.08 14:07:38.857,0.93797,0.93822,1.00,1.00
2018.03.08 14:07:39.374,0.93796,0.93823,1.00,1.00
2018.03.08 14:07:39.714,0.93795,0.93821,1.00,1.00
2018.03.08 14:07:40.222,0.93796,0.93821,1.00,1.00
2018.03.08 14:07:40.540,0.93798,0.93821,1.00,1.00
2018.03.08 14:07:40.724,0.93799,0.93824,1.00,1.00
2018.03.08 14:07:40.962,0.93797,0.93822,1.00,1.00
2018.03.08 14:07:41.752,0.93797,0.9382,1.00,1.00
2018.03.08 14:07:41.803,0.93791,0.93816,1.50,1.00
2018.03.08 14:07:42.013,0.93791,0.93814,1.50,1.00
2018.03.08 14:07:43.473,0.93792,0.93815,1.00,1.00
2018.03.08 14:07:44.001,0.93794,0.93819,1.00,1.00
2018.03.08 14:07:44.054,0.93797,0.9382,1.00,1.00
2018.03.08 14:07:44.104,0.93793,0.93821,1.50,1.00
2018.03.08 14:07:44.206,0.93796,0.93819,1.00,1.00
2018.03.08 14:07:44.913,0.93795,0.93819,1.00,1.00
2018.03.08 14:07:45.216,0.93792,0.93814,1.50,1.00
2018.03.08 14:07:45.784,0.93791,0.93814,1.00,1.00
2018.03.08 14:07:46.087,0.93786,0.93808,1.00,1.00
2018.03.08 14:07:46.221,0.93785,0.93811,1.00,1.00
2018.03.08 14:07:46.484,0.93787,0.93811,1.00,1.00
2018.03.08 14:07:46.714,0.93787,0.93815,1.00,1.00
2018.03.08 14:07:46.839,0.93789,0.93814,1.00,1.00
2018.03.08 14:07:46.942,0.9379,0.93816,1.00,1.00
2018.03.08 14:07:47.412,0.93792,0.93816,1.00,1.00
2018.03.08 14:07:47.983,0.93791,0.93816,1.00,1.00
2018.03.08 14:07:48.185,0.93789,0.93815,1.50,1.00
2018.03.08 14:07:48.694,0.9379,0.93814,1.00,1.00
2018.03.08 14:07:49.195,0.9379,0.93813,1.00,1.00
2018.03.08 14:07:49.913,0.93789,0.93814,1.00,1.00
2018.03.08 14:07:50.065,0.9379,0.93812,1.00,1.00
2018.03.08 14:07:50.357,0.9379,0.93814,1.50,1.00
2018.03.08 14:07:50.460,0.93792,0.93815,1.00,1.00
2018.03.08 14:07:50.629,0.9379,0.93815,1.50,1.00
2018.03.08 14:07:50.797,0.93792,0.93815,1.00,1.00
2018.03.08 14:07:51.028,0.93793,0.93817,1.00,1.00
2018.03.08 14:07:51.079,0.9379,0.93815,1.50,1.00
2018.03.08 14:07:51.518,0.93791,0.93817,1.00,1.00
2018.03.08 14:07:51.817,0.93794,0.93818,1.00,1.00
2018.03.08 14:07:52.766,0.93793,0.93818,1.50,1.00
2018.03.08 14:07:53.542,0.93793,0.93817,1.00,1.00
2018.03.08 14:07:53.884,0.93792,0.93815,1.00,1.00
2018.03.08 14:07:55.014,0.9379,0.93814,1.50,1.00
2018.03.08 14:07:57.039,0.93791,0.93816,1.00,1.00
2018.03.08 14:07:57.142,0.93792,0.93818,1.00,1.00
2018.03.08 14:07:57.193,0.93792,0.93815,1.50,1.00
2018.03.08 14:07:57.409,0.9379,0.93815,1.00,1.00
2018.03.08 14:07:58.101,0.93789,0.93812,1.00,1.00
2018.03.08 14:07:58.153,0.93786,0.93811,2.25,1.00
2018.03.08 14:07:58.703,0.93786,0.9381,1.00,1.00
2018.03.08 14:07:59.516,0.93786,0.93811,1.00,1.00
2018.03.08 14:07:59.939,0.93786,0.93814,1.00,1.00
2018.03.08 14:07:59.990,0.93786,0.93812,1.00,1.00
2018.03.08 14:08:00.494,0.93786,0.93811,1.00,1.00
2018.03.08 14:08:01.031,0.93787,0.9381,1.00,1.00
2018.03.08 14:08:01.987,0.93785,0.93812,1.00,1.00
2018.03.08 14:08:02.311,0.93785,0.93808,1.00,1.00
2018.03.08 14:08:02.868,0.93784,0.93807,1.00,1.00
2018.03.08 14:08:03.169,0.93782,0.93807,1.00,1.00
2018.03.08 14:08:03.977,0.93785,0.93807,1.00,1.00
2018.03.08 14:08:04.534,0.93786,0.93807,1.00,1.00
2018.03.08 14:08:04.750,0.93785,0.93809,1.00,1.00
2018.03.08 14:08:04.908,0.93787,0.93809,1.00,1.00
2018.03.08 14:08:06.312,0.93788,0.93811,1.00,1.00
2018.03.08 14:08:06.887,0.93787,0.9381,1.00,1.00
2018.03.08 14:08:07.765,0.93786,0.93809,1.00,1.00
2018.03.08 14:08:09.010,0.93782,0.93806,1.50,1.00
2018.03.08 14:08:09.061,0.93787,0.93809,1.00,1.00
2018.03.08 14:08:09.757,0.93785,0.93809,1.00,1.00
2018.03.08 14:08:09.910,0.93783,0.93807,1.00,1.00
2018.03.08 14:08:10.437,0.93784,0.93805,1.00,1.00
2018.03.08 14:08:11.061,0.93783,0.93805,1.00,1.00
2018.03.08 14:08:11.362,0.93787,0.93808,1.00,1.00
2018.03.08 14:08:12.111,0.93786,0.93807,1.00,1.00
2018.03.08 14:08:14.514,0.93785,0.93809,1.00,1.00
2018.03.08 14:08:14.973,0.93786,0.93807,1.00,1.00
2018.03.08 14:08:15.461,0.93787,0.9381,1.00,1.00
2018.03.08 14:08:15.511,0.93786,0.93808,1.00,1.00
2018.03.08 14:08:15.715,0.93786,0.93811,1.00,1.00
2018.03.08 14:08:16.057,0.93785,0.93809,1.00,1.00
2018.03.08 14:08:16.347,0.93783,0.93808,1.00,1.00
2018.03.08 14:08:16.612,0.93785,0.93809,1.00,1.00
2018.03.08 14:08:17.590,0.93784,0.93808,1.00,1.00
2018.03.08 14:08:18.145,0.93785,0.93808,1.00,1.00
2018.03.08 14:08:18.664,0.93786,0.93808,1.00,1.00
2018.03.08 14:08:19.169,0.93788,0.93809,1.00,1.00
2018.03.08 14:08:20.505,0.93789,0.93811,1.00,1.00
2018.03.08 14:08:20.557,0.93787,0.93809,1.00,1.00
2018.03.08 14:08:20.659,0.93784,0.93808,1.00,1.00
2018.03.08 14:08:21.742,0.93784,0.93808,1.50,1.00
2018.03.08 14:08:22.178,0.93787,0.93808,1.00,1.00
2018.03.08 14:08:22.230,0.93787,0.93811,1.00,1.00
2018.03.08 14:08:22.774,0.93787,0.9381,1.00,1.00
2018.03.08 14:08:23.188,0.93789,0.93812,1.00,1.00
2018.03.08 14:08:23.239,0.93786,0.9381,1.00,1.00
2018.03.08 14:08:23.464,0.93789,0.93811,1.00,1.00
2018.03.08 14:08:26.025,0.93787,0.93811,1.00,1.00
2018.03.08 14:08:26.480,0.93785,0.93809,1.00,1.00
2018.03.08 14:08:27.045,0.93784,0.93806,1.00,1.00
2018.03.08 14:08:27.311,0.93785,0.93808,1.00,1.00
2018.03.08 14:08:28.000,0.93784,0.93808,1.00,1.00
2018.03.08 14:08:28.195,0.93787,0.93808,1.00,1.00
2018.03.08 14:08:28.946,0.93786,0.93809,1.00,1.00
2018.03.08 14:08:29.578,0.93784,0.93808,1.00,1.00
2018.03.08 14:08:30.052,0.93786,0.93807,1.00,1.00
2018.03.08 14:08:30.379,0.93786,0.93809,1.00,1.00
2018.03.08 14:08:30.774,0.93783,0.93805,1.00,1.00
2018.03.08 14:08:30.825,0.9378,0.93804,1.50,1.00
2018.03.08 14:08:30.926,0.93782,0.93804,1.00,1.00
2018.03.08 14:08:30.977,0.9378,0.93804,1.00,1.00
2018.03.08 14:08:31.322,0.93783,0.93805,1.00,1.00
2018.03.08 14:08:31.837,0.93782,0.93806,1.00,1.00
2018.03.08 14:08:32.166,0.93783,0.93804,1.00,1.00
2018.03.08 14:08:32.217,0.93781,0.93803,1.00,1.00
2018.03.08 14:08:32.510,0.93779,0.93803,1.00,1.00
2018.03.08 14:08:32.936,0.9378,0.93801,1.00,1.00
2018.03.08 14:08:33.579,0.93779,0.93801,1.00,1.00
2018.03.08 14:08:35.138,0.93777,0.93801,1.00,1.00
2018.03.08 14:08:36.118,0.93777,0.938,1.00,1.00
2018.03.08 14:08:37.309,0.93778,0.93802,1.00,1.00
2018.03.08 14:08:37.978,0.93777,0.93801,1.00,1.00
2018.03.08 14:08:39.633,0.9378,0.93801,1.00,1.00
2018.03.08 14:08:40.397,0.9378,0.93802,1.00,1.00
2018.03.08 14:08:40.875,0.9378,0.93804,1.00,1.00
2018.03.08 14:08:40.976,0.93782,0.93804,1.00,1.00
2018.03.08 14:08:41.596,0.93783,0.93804,1.00,1.00
2018.03.08 14:08:42.088,0.93783,0.93806,1.00,1.00
2018.03.08 14:08:42.742,0.93783,0.93807,1.00,1.00
2018.03.08 14:08:42.793,0.93782,0.93805,1.00,1.00
2018.03.08 14:08:44.513,0.93783,0.93805,1.00,1.00
2018.03.08 14:08:44.900,0.93782,0.93803,1.00,1.00
2018.03.08 14:08:46.775,0.93783,0.93805,1.00,1.00
2018.03.08 14:08:46.826,0.93781,0.93805,1.00,1.00
2018.03.08 14:08:46.877,0.93781,0.93802,1.00,1.00
2018.03.08 14:08:46.927,0.93781,0.93804,1.00,1.00
2018.03.08 14:08:47.079,0.93781,0.93802,1.00,1.00
2018.03.08 14:08:47.604,0.9378,0.93802,1.00,1.00
2018.03.08 14:08:48.603,0.93781,0.93802,1.00,1.00
2018.03.08 14:08:49.721,0.93782,0.93803,1.00,1.00
2018.03.08 14:08:49.772,0.93782,0.93806,1.00,1.50
2018.03.08 14:08:49.823,0.93784,0.93805,1.00,1.00
2018.03.08 14:08:50.166,0.93782,0.93805,1.00,1.00
2018.03.08 14:08:50.698,0.93783,0.93804,1.00,1.00
2018.03.08 14:08:50.850,0.93784,0.93806,1.00,1.00
2018.03.08 14:08:51.035,0.93781,0.93804,1.00,1.00
2018.03.08 14:08:51.539,0.93782,0.93804,1.00,1.00
2018.03.08 14:08:52.247,0.9378,0.93803,1.00,1.00
2018.03.08 14:08:52.927,0.93782,0.93805,1.00,1.00
2018.03.08 14:08:53.231,0.93778,0.93799,1.00,1.00
2018.03.08 14:08:53.281,0.93776,0.938,1.00,1.00
2018.03.08 14:08:53.397,0.93779,0.93801,1.00,1.00
2018.03.08 14:08:53.700,0.93777,0.93799,1.00,1.00
2018.03.08 14:08:54.598,0.93779,0.938,1.00,1.00
2018.03.08 14:08:55.576,0.93777,0.93799,1.00,1.00
2018.03.08 14:08:55.902,0.93779,0.938,1.00,1.00
2018.03.08 14:08:56.198,0.93777,0.938,1.00,1.00
2018.03.08 14:08:56.249,0.93776,0.93797,1.00,1.00
2018.03.08 14:08:56.672,0.93772,0.93798,1.00,1.00
2018.03.08 14:08:56.775,0.93772,0.93796,1.00,1.00
2018.03.08 14:08:58.287,0.93771,0.93795,1.00,1.00
2018.03.08 14:08:58.438,0.93768,0.93795,2.25,1.00
2018.03.08 14:08:58.489,0.93767,0.93792,1.00,1.00
2018.03.08 14:08:59.032,0.93766,0.93792,1.00,1.00
2018.03.08 14:08:59.563,0.93766,0.93791,1.00,1.00
2018.03.08 14:09:00.114,0.93765,0.9379,1.50,1.00
2018.03.08 14:09:00.266,0.93762,0.93789,1.00,1.00
2018.03.08 14:09:00.547,0.93764,0.9379,1.00,1.00
2018.03.08 14:09:01.875,0.93764,0.9379,1.50,1.00
2018.03.08 14:09:02.464,0.93765,0.93791,1.12,1.00
2018.03.08 14:09:03.054,0.93765,0.93787,1.00,1.00
2018.03.08 14:09:03.683,0.93763,0.93787,1.00,1.00
2018.03.08 14:09:04.639,0.93765,0.93787,1.00,1.00
2018.03.08 14:09:04.760,0.93766,0.93789,1.00,1.00
2018.03.08 14:09:05.102,0.93768,0.93789,1.00,1.00
2018.03.08 14:09:05.204,0.93765,0.93789,1.00,1.00
2018.03.08 14:09:05.255,0.9377,0.93792,1.00,1.00
2018.03.08 14:09:05.306,0.9377,0.93794,1.00,1.00
2018.03.08 14:09:05.887,0.9377,0.93791,1.00,1.00
2018.03.08 14:09:06.259,0.93766,0.9379,1.50,1.00
2018.03.08 14:09:06.525,0.93769,0.93792,1.00,1.12
2018.03.08 14:09:07.388,0.93768,0.93791,1.00,1.00
2018.03.08 14:09:07.740,0.93766,0.93787,1.00,1.00
2018.03.08 14:09:07.857,0.93767,0.93791,1.00,1.00
2018.03.08 14:09:08.060,0.93766,0.93788,1.00,1.00
2018.03.08 14:09:08.212,0.93762,0.93785,1.00,1.00
2018.03.08 14:09:09.527,0.93763,0.93787,1.00,1.00
2018.03.08 14:09:09.629,0.93761,0.93784,1.00,1.00
2018.03.08 14:09:09.679,0.93762,0.93786,1.12,1.00
2018.03.08 14:09:09.730,0.9376,0.93784,1.75,1.00
2018.03.08 14:09:10.031,0.93763,0.93787,1.00,1.00
2018.03.08 14:09:10.185,0.93763,0.93785,1.00,1.00
2018.03.08 14:09:10.489,0.93766,0.93787,1.00,1.00
2018.03.08 14:09:11.155,0.93764,0.93788,1.00,1.00
2018.03.08 14:09:12.029,0.93762,0.93784,1.12,1.00
2018.03.08 14:09:12.286,0.93762,0.93786,1.00,1.00
2018.03.08 14:09:12.338,0.93764,0.93786,1.00,1.00
2018.03.08 14:09:12.414,0.93762,0.93786,1.00,1.00
2018.03.08 14:09:12.667,0.93764,0.93788,1.00,1.00
2018.03.08 14:09:13.060,0.93766,0.93787,1.00,1.00
2018.03.08 14:09:13.110,0.93768,0.9379,1.00,1.00
2018.03.08 14:09:13.648,0.93769,0.93791,1.00,1.00
2018.03.08 14:09:14.256,0.93768,0.93792,1.00,1.00
2018.03.08 14:09:14.758,0.93767,0.93791,1.00,1.00
2018.03.08 14:09:14.809,0.93773,0.93794,1.00,1.00
2018.03.08 14:09:14.860,0.93773,0.93796,1.00,1.00
2018.03.08 14:09:15.607,0.93774,0.93795,1.00,1.00
2018.03.08 14:09:16.581,0.93774,0.93797,1.00,1.00
2018.03.08 14:09:16.820,0.93773,0.93794,1.00,1.00
2018.03.08 14:09:16.872,0.93773,0.93796,1.00,1.00
2018.03.08 14:09:17.376,0.93774,0.93796,1.00,1.00
2018.03.08 14:09:17.599,0.93777,0.93799,1.00,1.00
2018.03.08 14:09:18.100,0.9378,0.93802,1.00,1.50
2018.03.08 14:09:18.305,0.93776,0.938,1.00,1.00
2018.03.08 14:09:18.860,0.93777,0.93801,1.00,1.00
2018.03.08 14:09:19.050,0.93779,0.93802,1.00,1.00
2018.03.08 14:09:19.151,0.9378,0.93804,1.00,1.00
2018.03.08 14:09:19.426,0.93779,0.93802,1.00,1.00
2018.03.08 14:09:19.970,0.9378,0.93804,1.00,1.50
2018.03.08 14:09:20.496,0.9378,0.93802,1.00,1.00
2018.03.08 14:09:20.597,0.9378,0.93805,1.00,1.00
2018.03.08 14:09:20.725,0.93779,0.93803,1.00,1.00
2018.03.08 14:09:21.035,0.9377,0.93792,1.00,1.00
2018.03.08 14:09:21.353,0.93772,0.93794,1.00,1.00
2018.03.08 14:09:21.488,0.93772,0.93796,1.00,1.87
2018.03.08 14:09:21.592,0.93773,0.93798,1.00,1.00
2018.03.08 14:09:21.693,0.93775,0.93798,1.00,1.00
2018.03.08 14:09:21.872,0.9377,0.93795,1.50,1.00
2018.03.08 14:09:22.005,0.93777,0.93801,1.00,1.00
2018.03.08 14:09:22.258,0.93783,0.93808,1.00,1.00
2018.03.08 14:09:22.308,0.93786,0.93809,1.00,1.00
2018.03.08 14:09:22.614,0.93784,0.93807,1.00,1.00
2018.03.08 14:09:22.918,0.93783,0.93805,1.00,1.00
2018.03.08 14:09:23.446,0.93784,0.93806,1.00,1.00
2018.03.08 14:09:23.699,0.9378,0.93804,1.00,1.00
2018.03.08 14:09:23.750,0.9378,0.93802,1.00,1.00
2018.03.08 14:09:23.906,0.93778,0.93802,1.00,1.00
2018.03.08 14:09:24.367,0.9378,0.93802,1.00,1.00
2018.03.08 14:09:26.912,0.93778,0.93801,1.00,1.00
2018.03.08 14:09:27.889,0.93779,0.93801,1.00,1.00
2018.03.08 14:09:28.360,0.93779,0.93803,1.00,1.00
2018.03.08 14:09:28.522,0.93778,0.93801,1.00,1.00
2018.03.08 14:09:28.828,0.93778,0.93799,1.00,1.00
2018.03.08 14:09:28.949,0.93776,0.93798,1.00,1.00
2018.03.08 14:09:29.000,0.93773,0.93794,1.00,1.00
2018.03.08 14:09:29.051,0.93771,0.93793,1.00,1.00
2018.03.08 14:09:29.623,0.93772,0.93794,1.00,1.00
2018.03.08 14:09:30.115,0.93772,0.93796,1.00,1.00
2018.03.08 14:09:30.166,0.93774,0.93797,1.00,1.00
2018.03.08 14:09:30.644,0.93774,0.93795,1.00,1.00
2018.03.08 14:09:30.696,0.93772,0.93794,1.00,1.00
2018.03.08 14:09:30.849,0.93769,0.93791,1.00,1.00
2018.03.08 14:09:31.220,0.93772,0.93793,1.00,1.00
2018.03.08 14:09:31.272,0.93774,0.93797,1.00,1.00
2018.03.08 14:09:31.545,0.93772,0.93794,1.00,1.00
2018.03.08 14:09:31.696,0.93772,0.93796,1.00,1.00
2018.03.08 14:09:32.734,0.93774,0.93796,1.00,1.00
2018.03.08 14:09:33.284,0.93775,0.93797,1.00,1.00
2018.03.08 14:09:33.436,0.93775,0.93799,1.00,1.00
2018.03.08 14:09:33.486,0.93777,0.93799,1.00,1.00
2018.03.08 14:09:33.987,0.93776,0.93799,1.00,1.00
2018.03.08 14:09:34.332,0.93778,0.93801,1.00,1.00
2018.03.08 14:09:34.722,0.9378,0.93802,1.00,1.50
2018.03.08 14:09:35.115,0.93777,0.93801,1.00,1.50
2018.03.08 14:09:35.203,0.93775,0.93798,1.00,1.00
2018.03.08 14:09:35.462,0.93776,0.938,1.00,1.00
2018.03.08 14:09:36.092,0.93779,0.93801,1.00,1.00
2018.03.08 14:09:36.508,0.93774,0.93797,1.00,1.00
2018.03.08 14:09:36.609,0.93773,0.93795,1.00,1.00
2018.03.08 14:09:37.025,0.93775,0.93797,1.00,1.00
2018.03.08 14:09:37.177,0.93771,0.93795,1.00,1.00
2018.03.08 14:09:37.279,0.93774,0.93795,1.00,1.00
2018.03.08 14:09:37.586,0.93775,0.93797,1.00,1.00
2018.03.08 14:09:38.130,0.93774,0.93796,1.00,1.00
2018.03.08 14:09:38.343,0.93772,0.93795,1.00,1.00
2018.03.08 14:09:38.449,0.93774,0.93795,1.00,1.00
2018.03.08 14:09:39.502,0.93778,0.93799,1.00,1.00
2018.03.08 14:09:39.604,0.93776,0.938,1.00,1.00
2018.03.08 14:09:39.655,0.93776,0.93798,1.00,1.00
2018.03.08 14:09:40.332,0.93776,0.93797,1.00,1.00
2018.03.08 14:09:41.130,0.93775,0.93799,1.00,1.00
2018.03.08 14:09:41.586,0.93778,0.93801,1.00,1.50
2018.03.08 14:09:41.991,0.9378,0.93801,1.00,1.50
2018.03.08 14:09:42.296,0.93776,0.93798,1.00,1.00
2018.03.08 14:09:42.347,0.93773,0.93796,1.00,1.00
2018.03.08 14:09:42.397,0.93775,0.93798,1.00,1.50
2018.03.08 14:09:42.973,0.93777,0.93798,1.00,1.50
2018.03.08 14:09:43.663,0.93773,0.93796,1.00,1.50
2018.03.08 14:09:43.764,0.93772,0.93794,1.00,1.00
2018.03.08 14:09:44.091,0.9377,0.93794,1.00,1.00
2018.03.08 14:09:44.142,0.93772,0.93793,1.00,1.00
2018.03.08 14:09:44.253,0.9377,0.93792,1.00,1.00
2018.03.08 14:09:44.303,0.93773,0.93794,1.00,1.00
2018.03.08 14:09:44.612,0.93773,0.93797,1.00,1.00
2018.03.08 14:09:45.143,0.93776,0.93798,1.00,1.50
2018.03.08 14:09:46.193,0.93776,0.938,1.00,1.00
2018.03.08 14:09:46.335,0.93775,0.93797,1.00,1.00
2018.03.08 14:09:46.655,0.93776,0.938,1.00,1.00
2018.03.08 14:09:47.171,0.93775,0.93797,1.00,1.00
2018.03.08 14:09:47.538,0.93776,0.93799,1.00,1.00
2018.03.08 14:09:48.043,0.93776,0.93798,1.00,1.00
2018.03.08 14:09:49.643,0.93777,0.93799,1.00,1.00
2018.03.08 14:09:50.524,0.93776,0.93797,1.00,1.00
2018.03.08 14:09:50.575,0.93777,0.93801,1.00,1.50
2018.03.08 14:09:50.677,0.93776,0.93799,1.00,1.00
2018.03.08 14:09:51.087,0.93778,0.93799,1.00,1.00
2018.03.08 14:09:51.188,0.93776,0.93798,1.00,1.00
2018.03.08 14:09:51.393,0.93773,0.93795,1.00,1.00
2018.03.08 14:09:51.951,0.93772,0.93796,1.00,1.00
2018.03.08 14:09:52.651,0.93774,0.93797,1.00,1.00
2018.03.08 14:09:53.589,0.93775,0.93797,1.00,1.00
2018.03.08 14:09:53.802,0.93775,0.93799,1.00,2.25
2018.03.08 14:09:54.321,0.93772,0.93796,1.00,1.00
2018.03.08 14:09:54.644,0.93774,0.93797,1.00,1.00
2018.03.08 14:09:55.157,0.93773,0.93797,1.00,1.00
2018.03.08 14:09:55.459,0.93776,0.93798,1.00,1.00
2018.03.08 14:09:55.840,0.93774,0.93798,1.12,1.00
2018.03.08 14:09:55.941,0.93774,0.93796,1.12,1.00
2018.03.08 14:09:56.258,0.93776,0.93798,1.00,1.00
2018.03.08 14:09:56.789,0.93777,0.93799,1.00,1.00
2018.03.08 14:09:57.330,0.93778,0.93801,1.00,1.00
2018.03.08 14:09:57.431,0.93776,0.938,1.00,1.00
2018.03.08 14:09:57.964,0.93778,0.938,1.00,1.00
2018.03.08 14:09:58.066,0.93779,0.93803,1.00,1.00
2018.03.08 14:09:58.268,0.93776,0.938,1.00,1.00
2018.03.08 14:09:58.767,0.93778,0.93801,1.00,1.00
2018.03.08 14:09:58.818,0.93778,0.93803,1.00,1.00
2018.03.08 14:09:59.357,0.93779,0.93803,1.00,1.00
2018.03.08 14:09:59.795,0.93777,0.93801,1.00,1.00
2018.03.08 14:10:00.145,0.93776,0.93797,1.00,1.00
2018.03.08 14:10:00.246,0.93775,0.93799,1.00,1.00
2018.03.08 14:10:00.841,0.93774,0.93798,1.00,1.00
2018.03.08 14:10:01.357,0.93775,0.93799,1.00,1.50
2018.03.08 14:10:02.198,0.93777,0.93799,1.00,1.00
2018.03.08 14:10:02.528,0.93779,0.938,1.00,1.00
2018.03.08 14:10:03.211,0.93777,0.93799,1.00,1.00
2018.03.08 14:10:03.262,0.93778,0.93802,1.00,1.00
2018.03.08 14:10:03.766,0.93779,0.93802,1.00,1.00
2018.03.08 14:10:04.002,0.93777,0.93801,1.00,1.00
2018.03.08 14:10:04.103,0.93775,0.938,1.00,1.00
2018.03.08 14:10:04.383,0.93775,0.93797,1.00,1.00
2018.03.08 14:10:04.961,0.93776,0.93797,1.00,1.00
2018.03.08 14:10:06.042,0.93775,0.93797,1.00,1.00
2018.03.08 14:10:06.552,0.93774,0.93796,1.00,1.00
2018.03.08 14:10:07.116,0.93773,0.93795,1.00,1.00
2018.03.08 14:10:07.290,0.93771,0.93795,1.00,1.00
2018.03.08 14:10:07.659,0.93773,0.93795,1.00,1.00
2018.03.08 14:10:07.710,0.93776,0.938,1.00,1.50
2018.03.08 14:10:07.761,0.93779,0.93801,1.00,1.00
2018.03.08 14:10:08.087,0.93776,0.93798,1.00,1.00
2018.03.08 14:10:08.504,0.93779,0.938,1.00,2.25
2018.03.08 14:10:09.258,0.93779,0.93801,1.00,1.00
2018.03.08 14:10:09.575,0.93781,0.93803,1.00,2.62
2018.03.08 14:10:10.127,0.9378,0.93803,1.00,1.00
2018.03.08 14:10:11.291,0.93781,0.93804,1.00,1.00
2018.03.08 14:10:11.342,0.93781,0.93806,1.00,2.25
2018.03.08 14:10:11.443,0.93784,0.93806,1.00,1.00
2018.03.08 14:10:11.954,0.93783,0.93805,1.00,1.00
2018.03.08 14:10:12.157,0.93781,0.93805,1.00,1.00
2018.03.08 14:10:12.359,0.93785,0.93807,1.00,1.00
2018.03.08 14:10:12.543,0.93782,0.93807,1.00,1.00
2018.03.08 14:10:12.663,0.93785,0.93808,1.00,1.00
2018.03.08 14:10:12.766,0.93782,0.93807,1.00,1.00
2018.03.08 14:10:12.868,0.93781,0.93805,1.00,1.00
2018.03.08 14:10:13.333,0.93783,0.93806,1.00,1.00
2018.03.08 14:10:14.119,0.93784,0.93806,1.00,1.00
2018.03.08 14:10:14.948,0.93783,0.93806,1.00,1.00
2018.03.08 14:10:15.205,0.93783,0.93808,1.00,1.50
2018.03.08 14:10:15.523,0.93785,0.93806,1.00,1.00
2018.03.08 14:10:15.575,0.93786,0.93808,1.00,1.00
2018.03.08 14:10:16.074,0.93785,0.93806,1.00,1.00
2018.03.08 14:10:16.537,0.93785,0.93808,1.00,1.00
2018.03.08 14:10:16.588,0.93782,0.93807,1.00,1.00
2018.03.08 14:10:16.655,0.93782,0.93804,1.00,1.00
2018.03.08 14:10:16.836,0.93782,0.93807,1.00,1.00
2018.03.08 14:10:16.886,0.93782,0.93804,1.00,1.00
2018.03.08 14:10:17.089,0.93783,0.93806,1.00,1.00
2018.03.08 14:10:18.555,0.93786,0.93808,1.00,1.00
2018.03.08 14:10:19.094,0.93784,0.93807,1.00,1.00
2018.03.08 14:10:19.430,0.93785,0.93809,1.00,1.00
2018.03.08 14:10:19.531,0.93786,0.93807,1.00,1.00
2018.03.08 14:10:19.582,0.93785,0.93809,1.00,1.00
2018.03.08 14:10:20.128,0.93785,0.93807,1.00,1.00
2018.03.08 14:10:20.671,0.93786,0.93808,1.00,1.00
2018.03.08 14:10:21.331,0.93787,0.93809,1.00,1.00
2018.03.08 14:10:21.865,0.93785,0.93807,1.00,1.00
2018.03.08 14:10:22.535,0.93786,0.93808,1.00,1.00
2018.03.08 14:10:22.586,0.93786,0.93811,1.00,1.00
2018.03.08 14:10:23.575,0.93786,0.93809,1.00,1.00
2018.03.08 14:10:24.227,0.93783,0.93807,1.00,1.00
2018.03.08 14:10:24.756,0.93785,0.93808,1.00,1.00
2018.03.08 14:10:24.857,0.93782,0.93806,1.00,1.00
2018.03.08 14:10:25.205,0.93785,0.93806,1.00,1.00
2018.03.08 14:10:25.337,0.93782,0.93805,1.00,1.00
2018.03.08 14:10:25.496,0.93785,0.93806,1.00,1.00
2018.03.08 14:10:25.726,0.93786,0.93809,1.00,1.00
2018.03.08 14:10:26.354,0.93787,0.9381,1.00,1.00
2018.03.08 14:10:26.404,0.93778,0.93799,1.00,1.00
2018.03.08 14:10:26.616,0.93779,0.93802,1.00,1.00
2018.03.08 14:10:26.718,0.93782,0.93804,1.00,1.00
2018.03.08 14:10:26.769,0.9378,0.93804,1.00,1.00
2018.03.08 14:10:27.081,0.93779,0.93801,1.00,1.00
2018.03.08 14:10:27.950,0.9378,0.93802,1.00,1.00
2018.03.08 14:10:28.157,0.93778,0.93802,1.00,1.00
2018.03.08 14:10:29.310,0.9378,0.93802,1.00,1.00
2018.03.08 14:10:29.838,0.9378,0.93803,1.00,1.00
2018.03.08 14:10:30.401,0.93779,0.93803,1.00,1.00
2018.03.08 14:10:30.967,0.93778,0.93801,1.00,1.00
2018.03.08 14:10:31.289,0.93781,0.93803,1.00,1.00
2018.03.08 14:10:32.170,0.93778,0.93801,1.00,1.00
2018.03.08 14:10:32.480,0.9378,0.93802,1.00,1.50
2018.03.08 14:10:32.783,0.93782,0.93804,1.00,1.00
2018.03.08 14:10:33.005,0.93779,0.93802,1.00,1.00
2018.03.08 14:10:33.057,0.93774,0.93798,1.00,1.00
2018.03.08 14:10:33.209,0.93778,0.93798,1.00,1.00
2018.03.08 14:10:33.260,0.93776,0.938,1.00,1.00
2018.03.08 14:10:33.361,0.93775,0.93798,1.00,1.00
2018.03.08 14:10:33.969,0.93774,0.93796,1.00,1.00
2018.03.08 14:10:34.020,0.93775,0.93798,1.00,1.00
2018.03.08 14:10:34.172,0.93776,0.938,1.00,1.00
2018.03.08 14:10:34.677,0.93775,0.93798,1.00,1.00
2018.03.08 14:10:35.024,0.93777,0.93799,1.00,1.00
2018.03.08 14:10:36.950,0.93779,0.938,1.00,1.00
2018.03.08 14:10:38.066,0.9378,0.93801,1.00,1.00
2018.03.08 14:10:38.168,0.93776,0.93798,1.00,1.00
2018.03.08 14:10:38.263,0.93778,0.93799,1.00,1.00
2018.03.08 14:10:38.913,0.93778,0.938,1.00,1.00
2018.03.08 14:10:39.263,0.93776,0.93801,1.00,1.50
2018.03.08 14:10:39.313,0.93777,0.93799,1.00,1.00
2018.03.08 14:10:39.821,0.93776,0.93801,1.00,1.50
2018.03.08 14:10:40.024,0.93777,0.93799,1.00,1.00
2018.03.08 14:10:40.619,0.93776,0.93799,1.00,1.00
2018.03.08 14:10:41.077,0.93777,0.93801,1.00,1.00
2018.03.08 14:10:41.612,0.93782,0.93802,1.00,1.00
2018.03.08 14:10:42.345,0.93782,0.93803,1.00,1.00
2018.03.08 14:10:44.383,0.9378,0.93803,1.00,1.00
2018.03.08 14:10:45.288,0.93779,0.93803,1.00,1.00
2018.03.08 14:10:45.844,0.93777,0.93801,1.00,1.00
2018.03.08 14:10:46.209,0.93781,0.93802,1.00,1.00
2018.03.08 14:10:46.311,0.93782,0.93804,1.00,1.00
2018.03.08 14:10:46.447,0.93783,0.93807,1.00,1.00
2018.03.08 14:10:48.858,0.93784,0.93808,1.00,1.00
2018.03.08 14:10:52.240,0.93785,0.93809,1.00,1.00
2018.03.08 14:10:52.291,0.93787,0.93809,1.00,1.00
2018.03.08 14:10:52.638,0.93782,0.93804,1.50,2.25
2018.03.08 14:10:52.689,0.9378,0.938,1.00,1.00
2018.03.08 14:10:53.205,0.93779,0.938,1.00,1.00
2018.03.08 14:10:53.414,0.93779,0.93803,1.00,1.00
2018.03.08 14:10:53.710,0.93782,0.93804,1.00,1.50
2018.03.08 14:10:53.811,0.93782,0.93806,1.00,1.00
2018.03.08 14:10:56.248,0.93782,0.93804,1.00,1.00
2018.03.08 14:10:57.205,0.93782,0.93806,1.00,1.00
2018.03.08 14:10:57.763,0.93782,0.93804,1.00,1.00
2018.03.08 14:11:00.303,0.9378,0.93804,1.00,1.00
2018.03.08 14:11:00.890,0.93781,0.93802,1.00,1.00
2018.03.08 14:11:01.975,0.9378,0.93802,1.00,1.00
2018.03.08 14:11:03.572,0.93781,0.93803,1.00,1.00
2018.03.08 14:11:03.674,0.93781,0.93805,1.00,1.00
2018.03.08 14:11:03.725,0.93783,0.93805,1.00,1.00
2018.03.08 14:11:03.776,0.93783,0.93807,1.00,1.00
2018.03.08 14:11:03.827,0.93781,0.93803,1.00,1.00
2018.03.08 14:11:04.029,0.93777,0.93801,1.50,1.00
2018.03.08 14:11:04.425,0.9378,0.93802,1.00,1.00
2018.03.08 14:11:04.671,0.93776,0.938,1.00,1.00
2018.03.08 14:11:04.772,0.93775,0.93797,1.00,1.00
2018.03.08 14:11:05.161,0.93773,0.93797,1.00,1.00
2018.03.08 14:11:05.630,0.93776,0.93797,1.00,1.00
2018.03.08 14:11:05.681,0.93773,0.93796,1.00,1.00
2018.03.08 14:11:05.807,0.93772,0.93794,1.00,1.00
2018.03.08 14:11:05.908,0.9377,0.93793,1.00,1.00
2018.03.08 14:11:08.241,0.93773,0.93795,1.00,1.00
2018.03.08 14:11:08.558,0.93771,0.93795,1.00,1.00
2018.03.08 14:11:09.840,0.93773,0.93795,1.00,1.00
2018.03.08 14:11:10.172,0.93769,0.93791,1.00,1.00
2018.03.08 14:11:10.259,0.93769,0.93793,1.00,1.00
2018.03.08 14:11:10.411,0.93769,0.9379,1.00,1.00
2018.03.08 14:11:10.589,0.93772,0.93794,1.00,1.00
2018.03.08 14:11:10.877,0.9377,0.93793,1.00,1.00
2018.03.08 14:11:10.979,0.93772,0.93796,1.00,1.00
2018.03.08 14:11:11.081,0.93771,0.93793,1.00,1.00
2018.03.08 14:11:11.220,0.93772,0.93796,1.00,1.00
2018.03.08 14:11:11.494,0.9377,0.93794,1.00,1.00
2018.03.08 14:11:11.881,0.93772,0.93794,1.00,1.00
2018.03.08 14:11:12.366,0.9377,0.93792,1.00,1.00
2018.03.08 14:11:12.417,0.93768,0.93792,1.00,1.00
2018.03.08 14:11:12.468,0.93768,0.93789,1.00,1.00
2018.03.08 14:11:12.616,0.93768,0.93792,1.00,1.50
2018.03.08 14:11:12.717,0.9377,0.93792,1.00,1.00
2018.03.08 14:11:12.768,0.93768,0.93792,1.00,1.00
2018.03.08 14:11:13.635,0.93768,0.9379,1.00,1.00
2018.03.08 14:11:14.055,0.9377,0.93791,1.00,1.00
2018.03.08 14:11:14.590,0.93769,0.93791,1.00,1.00
2018.03.08 14:11:15.220,0.9377,0.93793,1.00,1.00
2018.03.08 14:11:15.529,0.93773,0.93794,1.00,1.00
2018.03.08 14:11:15.632,0.9377,0.93792,1.00,1.00
2018.03.08 14:11:16.037,0.9377,0.93794,1.00,1.00
2018.03.08 14:11:16.087,0.93772,0.93794,1.00,1.00
2018.03.08 14:11:16.543,0.93774,0.93795,1.00,1.00
2018.03.08 14:11:16.594,0.93772,0.93796,1.00,1.50
2018.03.08 14:11:16.645,0.93774,0.93796,1.00,1.00
2018.03.08 14:11:17.180,0.93773,0.93795,1.00,1.00
2018.03.08 14:11:17.493,0.93775,0.93796,1.00,1.00
2018.03.08 14:11:18.017,0.93775,0.93797,1.00,1.00
2018.03.08 14:11:18.411,0.93774,0.93795,1.00,1.00
2018.03.08 14:11:18.527,0.93772,0.93794,1.00,1.00
2018.03.08 14:11:19.065,0.93774,0.93796,1.00,2.25
2018.03.08 14:11:19.482,0.93776,0.93798,1.00,1.00
2018.03.08 14:11:19.999,0.93777,0.93799,1.00,1.00
2018.03.08 14:11:20.151,0.93776,0.93802,1.00,1.00
2018.03.08 14:11:20.830,0.93778,0.93803,1.00,3.00
2018.03.08 14:11:21.152,0.93776,0.93798,1.00,1.00
2018.03.08 14:11:21.202,0.93776,0.938,1.00,1.00
2018.03.08 14:11:21.478,0.93779,0.938,1.00,1.00
2018.03.08 14:11:21.579,0.9378,0.93803,1.00,1.00
2018.03.08 14:11:21.800,0.9378,0.93801,1.00,1.00
2018.03.08 14:11:22.100,0.93777,0.93801,1.00,1.00
2018.03.08 14:11:22.534,0.93779,0.93801,1.00,1.00
2018.03.08 14:11:23.636,0.93779,0.93802,1.00,1.00
2018.03.08 14:11:23.965,0.93781,0.93802,1.00,1.00
2018.03.08 14:11:24.122,0.93782,0.93804,1.00,1.00
2018.03.08 14:11:24.380,0.9378,0.93803,1.00,1.00
2018.03.08 14:11:24.739,0.93777,0.938,1.00,1.00
2018.03.08 14:11:25.614,0.93778,0.93801,1.00,1.12
2018.03.08 14:11:25.816,0.93772,0.93797,1.00,1.50
2018.03.08 14:11:25.867,0.93771,0.93794,1.12,1.00
2018.03.08 14:11:26.079,0.93771,0.93797,1.12,1.00
2018.03.08 14:11:26.131,0.93768,0.93793,1.00,1.00
2018.03.08 14:11:26.437,0.93775,0.93799,1.00,1.00
2018.03.08 14:11:26.594,0.93772,0.93797,1.00,1.00
2018.03.08 14:11:26.645,0.93774,0.93799,1.00,1.00
2018.03.08 14:11:26.946,0.93776,0.93799,1.00,1.00
2018.03.08 14:11:27.676,0.93775,0.93801,1.00,1.00
2018.03.08 14:11:27.777,0.93777,0.938,1.00,1.00
2018.03.08 14:11:27.827,0.93775,0.93799,1.00,1.00
2018.03.08 14:11:29.141,0.93776,0.93799,1.00,1.00
2018.03.08 14:11:29.691,0.93777,0.938,1.00,1.00
2018.03.08 14:11:29.742,0.93775,0.938,1.00,1.00
2018.03.08 14:11:29.793,0.93777,0.938,1.00,1.00
2018.03.08 14:11:30.298,0.93776,0.938,1.00,1.00
2018.03.08 14:11:31.288,0.93777,0.93801,1.00,1.00
2018.03.08 14:11:32.278,0.93777,0.93802,1.00,1.00
2018.03.08 14:11:32.329,0.93775,0.93801,1.00,1.00
2018.03.08 14:11:32.746,0.93778,0.93801,1.00,1.00
2018.03.08 14:11:33.274,0.93777,0.938,1.00,1.00
2018.03.08 14:11:33.935,0.93777,0.93802,1.00,1.00
2018.03.08 14:11:34.975,0.93776,0.93799,1.00,1.00
2018.03.08 14:11:35.439,0.93773,0.93798,1.00,1.00
2018.03.08 14:11:35.985,0.93774,0.93799,1.00,1.00
2018.03.08 14:11:36.314,0.93774,0.93797,1.00,1.00
2018.03.08 14:11:36.934,0.93774,0.93799,1.00,1.50
2018.03.08 14:11:37.035,0.93772,0.93797,1.00,1.00
2018.03.08 14:11:37.238,0.93774,0.938,1.50,1.00
2018.03.08 14:11:37.289,0.93777,0.93802,1.00,1.00
2018.03.08 14:11:37.593,0.93774,0.93797,1.00,1.00
2018.03.08 14:11:37.644,0.93773,0.93799,1.00,1.00
2018.03.08 14:11:37.695,0.93773,0.93796,1.00,1.00
2018.03.08 14:11:38.058,0.93774,0.93799,1.00,1.00
2018.03.08 14:11:38.388,0.93777,0.938,1.00,1.00
2018.03.08 14:11:38.500,0.93777,0.93802,1.00,1.00
2018.03.08 14:11:38.659,0.93775,0.938,1.00,1.00
2018.03.08 14:11:39.793,0.93773,0.93799,1.00,1.00
2018.03.08 14:11:40.261,0.93775,0.938,1.00,1.00
2018.03.08 14:11:40.893,0.93777,0.93801,1.00,1.00
2018.03.08 14:11:40.944,0.93773,0.93799,1.00,1.00
2018.03.08 14:11:41.424,0.93775,0.93798,1.00,1.00
2018.03.08 14:11:41.577,0.93776,0.93801,1.00,1.00
2018.03.08 14:11:42.080,0.93777,0.93802,1.00,1.00
2018.03.08 14:11:42.545,0.93779,0.93802,1.00,1.00
2018.03.08 14:11:42.949,0.9378,0.93805,1.00,1.00
2018.03.08 14:11:43.109,0.93779,0.93802,1.00,1.00
2018.03.08 14:11:43.326,0.93775,0.938,1.00,1.00
2018.03.08 14:11:43.376,0.93772,0.93797,2.25,1.00
2018.03.08 14:11:43.987,0.93772,0.93795,1.00,1.00
2018.03.08 14:11:44.555,0.93773,0.93797,1.00,1.00
2018.03.08 14:11:44.822,0.93768,0.93797,1.00,2.25
2018.03.08 14:11:44.873,0.93772,0.93796,1.00,1.00
2018.03.08 14:11:44.976,0.93769,0.93796,1.00,1.00
2018.03.08 14:11:45.027,0.93771,0.93797,1.00,1.50
2018.03.08 14:11:45.597,0.93774,0.93798,1.00,1.00
2018.03.08 14:11:45.808,0.93772,0.93798,1.00,1.00
2018.03.08 14:11:45.859,0.93776,0.93798,1.00,1.00
2018.03.08 14:11:46.075,0.93774,0.93799,1.00,1.00
2018.03.08 14:11:46.126,0.93771,0.93796,1.00,1.00
2018.03.08 14:11:46.314,0.93775,0.93801,1.00,1.00
2018.03.08 14:11:46.365,0.93773,0.938,1.00,1.00
2018.03.08 14:11:46.415,0.93774,0.93798,1.00,1.00
2018.03.08 14:11:46.466,0.93772,0.93797,1.00,1.00
2018.03.08 14:11:46.989,0.93773,0.93797,1.00,1.00
2018.03.08 14:11:47.938,0.93773,0.93796,1.00,1.00
2018.03.08 14:11:48.090,0.93768,0.93797,1.50,1.00
2018.03.08 14:11:48.141,0.93771,0.93798,1.00,1.00
2018.03.08 14:11:48.456,0.93776,0.93799,1.00,1.00
2018.03.08 14:11:48.507,0.93774,0.93799,1.00,1.00
2018.03.08 14:11:48.558,0.93772,0.93795,1.00,1.00
2018.03.08 14:11:48.897,0.93777,0.938,1.00,1.00
2018.03.08 14:11:49.316,0.93774,0.93797,1.00,1.00
2018.03.08 14:11:49.368,0.93774,0.938,1.00,1.00
2018.03.08 14:11:49.533,0.93773,0.93797,1.00,1.00
2018.03.08 14:11:49.635,0.93775,0.938,1.00,1.00
2018.03.08 14:11:49.737,0.93772,0.938,1.00,1.00
2018.03.08 14:11:49.845,0.93776,0.93799,1.00,1.00
2018.03.08 14:11:50.381,0.93775,0.93798,1.00,1.00
2018.03.08 14:11:50.958,0.93776,0.93799,1.00,1.00
2018.03.08 14:11:52.307,0.93778,0.93801,1.00,1.00
2018.03.08 14:11:52.611,0.93775,0.93802,2.25,1.00
2018.03.08 14:11:52.662,0.9378,0.93803,1.00,1.00
2018.03.08 14:11:53.082,0.93782,0.93804,1.00,1.00
2018.03.08 14:11:53.376,0.9378,0.93803,1.00,1.00
2018.03.08 14:11:54.034,0.93778,0.93803,1.00,1.00
2018.03.08 14:11:54.085,0.93781,0.93804,1.00,1.50
2018.03.08 14:11:54.403,0.93779,0.93802,1.00,1.00
2018.03.08 14:11:56.614,0.93781,0.93804,1.00,1.00
2018.03.08 14:11:57.388,0.93779,0.93804,1.00,1.00
2018.03.08 14:11:57.731,0.93779,0.93801,1.00,1.00
2018.03.08 14:11:57.832,0.93777,0.938,1.00,1.00
2018.03.08 14:11:57.943,0.93774,0.93799,1.00,1.00
2018.03.08 14:11:58.096,0.93771,0.93799,1.00,1.00
2018.03.08 14:11:58.147,0.93771,0.93797,1.00,1.00
2018.03.08 14:11:58.616,0.93774,0.93798,1.00,1.00
2018.03.08 14:11:59.140,0.9377,0.93797,1.00,1.00
2018.03.08 14:11:59.191,0.93773,0.93798,1.00,1.00
2018.03.08 14:11:59.504,0.93771,0.93796,1.00,1.00
2018.03.08 14:11:59.922,0.93773,0.93795,1.00,1.00
2018.03.08 14:12:00.114,0.9377,0.93795,1.00,1.00
2018.03.08 14:12:00.165,0.93772,0.93795,1.00,1.00
2018.03.08 14:12:00.806,0.93774,0.93797,1.00,1.00
2018.03.08 14:12:02.393,0.93775,0.93798,1.00,1.00
2018.03.08 14:12:02.699,0.93769,0.93798,1.00,1.00
2018.03.08 14:12:02.750,0.93775,0.93798,1.00,1.00
2018.03.08 14:12:02.801,0.93771,0.93797,1.00,1.00
2018.03.08 14:12:02.852,0.93774,0.93797,1.00,1.00
2018.03.08 14:12:03.106,0.9377,0.93798,1.00,1.00
2018.03.08 14:12:03.157,0.93774,0.93799,1.00,1.12
2018.03.08 14:12:03.488,0.93779,0.93802,1.00,1.00
2018.03.08 14:12:03.589,0.93779,0.93804,1.00,1.00
2018.03.08 14:12:03.641,0.93779,0.93802,1.00,1.00
2018.03.08 14:12:04.367,0.9378,0.93805,1.00,1.12
2018.03.08 14:12:05.006,0.93779,0.93804,1.00,1.00
2018.03.08 14:12:05.068,0.93778,0.93802,1.00,1.00
2018.03.08 14:12:05.599,0.93779,0.93804,1.00,1.00
2018.03.08 14:12:06.782,0.93777,0.93802,1.00,1.00
2018.03.08 14:12:07.232,0.9378,0.93803,1.00,1.12
2018.03.08 14:12:08.513,0.93778,0.93801,1.00,1.00
2018.03.08 14:12:09.114,0.93777,0.93799,1.00,1.00
2018.03.08 14:12:09.440,0.93779,0.93801,1.00,1.00
2018.03.08 14:12:10.283,0.93777,0.938,1.00,1.00
2018.03.08 14:12:11.336,0.93775,0.938,1.00,1.00
2018.03.08 14:12:11.438,0.93774,0.93797,1.00,1.00
2018.03.08 14:12:11.820,0.93776,0.93799,1.00,1.00
2018.03.08 14:12:11.870,0.93773,0.93799,1.00,1.00
2018.03.08 14:12:13.068,0.93775,0.93801,1.00,1.37
2018.03.08 14:12:13.765,0.93775,0.93801,1.00,1.00
2018.03.08 14:12:14.319,0.93773,0.93799,1.00,1.00
2018.03.08 14:12:15.177,0.93774,0.93796,1.00,1.00
2018.03.08 14:12:15.242,0.93771,0.93794,2.25,1.00
2018.03.08 14:12:15.293,0.93772,0.93797,1.50,1.00
2018.03.08 14:12:15.444,0.93773,0.93799,1.00,1.00
2018.03.08 14:12:15.545,0.93771,0.93798,1.00,1.00
2018.03.08 14:12:15.595,0.93774,0.93798,1.00,1.00
2018.03.08 14:12:15.865,0.93771,0.93797,1.37,1.00
2018.03.08 14:12:16.402,0.9377,0.93797,1.00,1.00
2018.03.08 14:12:16.453,0.93769,0.93793,1.00,1.00
2018.03.08 14:12:16.716,0.93771,0.93796,1.00,1.87
2018.03.08 14:12:17.046,0.93774,0.93797,1.00,1.00
2018.03.08 14:12:17.198,0.93772,0.93797,1.50,1.00
2018.03.08 14:12:17.395,0.93776,0.93799,1.00,1.37
2018.03.08 14:12:17.446,0.93774,0.93798,1.00,1.12
2018.03.08 14:12:18.523,0.93775,0.93798,1.00,1.12
2018.03.08 14:12:19.107,0.93776,0.93802,1.00,1.00
2018.03.08 14:12:19.158,0.93775,0.938,1.00,1.00
2018.03.08 14:12:19.473,0.93777,0.93802,1.00,1.00
2018.03.08 14:12:19.787,0.93774,0.93796,1.00,1.00
2018.03.08 14:12:20.440,0.93774,0.93797,1.00,1.00
2018.03.08 14:12:21.154,0.93776,0.93799,1.00,1.00
2018.03.08 14:12:21.205,0.93774,0.93799,1.00,1.00
2018.03.08 14:12:21.306,0.93773,0.93796,1.50,1.00
2018.03.08 14:12:21.613,0.93776,0.93799,1.00,1.00
2018.03.08 14:12:22.136,0.93774,0.93799,1.00,1.12
2018.03.08 14:12:22.279,0.93776,0.93799,1.00,1.00
2018.03.08 14:12:22.613,0.93773,0.93796,1.50,1.00
2018.03.08 14:12:22.974,0.93768,0.93792,2.25,1.00
2018.03.08 14:12:23.062,0.93775,0.93797,1.00,1.00
2018.03.08 14:12:23.653,0.93773,0.93796,1.00,1.00
2018.03.08 14:12:24.241,0.93774,0.93797,1.00,1.00
2018.03.08 14:12:24.913,0.93773,0.93796,1.00,1.00
2018.03.08 14:12:25.065,0.93774,0.93798,1.00,1.00
2018.03.08 14:12:25.164,0.93776,0.93799,1.00,1.00
2018.03.08 14:12:25.572,0.93772,0.93795,2.25,1.00
2018.03.08 14:12:25.910,0.93777,0.93801,1.00,1.50
2018.03.08 14:12:26.114,0.93779,0.93802,1.00,1.00
2018.03.08 14:12:26.427,0.93781,0.93806,1.00,1.00
2018.03.08 14:12:26.528,0.93779,0.93805,1.00,1.00
2018.03.08 14:12:26.630,0.93781,0.93804,1.00,1.00
2018.03.08 14:12:26.936,0.93783,0.93806,1.00,1.00
2018.03.08 14:12:27.045,0.93781,0.93808,1.00,1.00
2018.03.08 14:12:27.248,0.93784,0.93807,1.00,1.00
2018.03.08 14:12:27.752,0.93784,0.93806,1.00,1.00
2018.03.08 14:12:28.365,0.93781,0.93806,1.00,1.00
2018.03.08 14:12:28.416,0.93778,0.93801,1.00,1.00
2018.03.08 14:12:28.466,0.93775,0.938,2.25,1.00
2018.03.08 14:12:28.619,0.93778,0.93801,1.00,1.00
2018.03.08 14:12:28.824,0.93779,0.93804,1.00,1.12
2018.03.08 14:12:29.028,0.93782,0.93805,1.00,1.00
2018.03.08 14:12:29.338,0.93779,0.93804,1.00,1.50
2018.03.08 14:12:29.490,0.93777,0.93803,1.00,1.00
2018.03.08 14:12:29.541,0.93777,0.938,1.00,1.00
2018.03.08 14:12:30.060,0.93776,0.93799,1.00,1.00
2018.03.08 14:12:30.363,0.93776,0.93801,1.00,1.00
2018.03.08 14:12:30.627,0.93778,0.93801,1.00,1.00
2018.03.08 14:12:30.737,0.93776,0.93801,1.00,1.00
2018.03.08 14:12:30.846,0.93776,0.93799,1.00,1.00
2018.03.08 14:12:31.200,0.93773,0.93798,1.00,1.00
2018.03.08 14:12:31.782,0.93774,0.93798,1.00,1.00
2018.03.08 14:12:32.238,0.93771,0.93796,1.00,1.00
2018.03.08 14:12:32.774,0.9377,0.93795,1.00,1.00
2018.03.08 14:12:32.824,0.93773,0.93796,1.00,1.00
2018.03.08 14:12:33.151,0.93771,0.93794,1.00,1.00
2018.03.08 14:12:33.491,0.93773,0.93795,1.00,1.00
2018.03.08 14:12:34.437,0.93772,0.93795,1.00,1.50
2018.03.08 14:12:34.539,0.9377,0.93794,1.00,1.50
2018.03.08 14:12:35.093,0.9377,0.93793,1.00,1.00
2018.03.08 14:12:35.904,0.93767,0.93792,1.00,1.00
2018.03.08 14:12:36.210,0.93765,0.93791,1.00,1.00
2018.03.08 14:12:36.701,0.93768,0.93793,1.00,1.00
2018.03.08 14:12:37.071,0.93766,0.93791,1.00,1.00
2018.03.08 14:12:37.459,0.93769,0.93792,1.00,1.00
2018.03.08 14:12:37.760,0.93771,0.93794,1.00,1.00
2018.03.08 14:12:38.666,0.93771,0.93795,1.00,1.00
2018.03.08 14:12:38.716,0.93769,0.93794,1.00,1.00
2018.03.08 14:12:38.878,0.93768,0.93792,1.00,1.00
2018.03.08 14:12:39.030,0.9377,0.93795,1.00,1.00
2018.03.08 14:12:39.182,0.93769,0.93792,1.00,1.00
2018.03.08 14:12:39.515,0.93767,0.9379,1.00,1.00
2018.03.08 14:12:39.666,0.93763,0.93789,1.00,1.00
2018.03.08 14:12:39.717,0.93766,0.9379,1.00,1.00
2018.03.08 14:12:39.793,0.93763,0.9379,1.00,1.50
2018.03.08 14:12:39.843,0.93767,0.9379,1.00,1.50
2018.03.08 14:12:40.159,0.9377,0.93793,1.00,1.50
2018.03.08 14:12:40.465,0.93766,0.93789,1.00,1.00
2018.03.08 14:12:40.784,0.93766,0.93791,1.00,1.00
2018.03.08 14:12:40.970,0.93765,0.93789,1.00,1.00
2018.03.08 14:12:41.387,0.93768,0.93791,1.00,1.00
2018.03.08 14:12:41.935,0.93769,0.93792,1.00,1.00
2018.03.08 14:12:42.733,0.93768,0.93791,1.00,1.00
2018.03.08 14:12:42.783,0.93765,0.9379,1.00,1.00
2018.03.08 14:12:42.985,0.9376,0.93783,1.50,1.00
2018.03.08 14:12:43.135,0.93763,0.93788,1.00,1.50
2018.03.08 14:12:43.187,0.93765,0.93788,1.00,1.50
2018.03.08 14:12:43.391,0.93763,0.93788,1.00,1.00
2018.03.08 14:12:43.781,0.93767,0.9379,1.00,1.00
2018.03.08 14:12:44.085,0.93766,0.93788,1.00,1.00
2018.03.08 14:12:44.187,0.93767,0.9379,1.00,1.50
2018.03.08 14:12:45.544,0.93766,0.93789,1.00,1.00
2018.03.08 14:12:45.667,0.93766,0.93791,1.00,1.00
2018.03.08 14:12:45.718,0.93768,0.93791,1.00,1.00
2018.03.08 14:12:45.921,0.93765,0.9379,1.00,1.00
2018.03.08 14:12:46.393,0.93768,0.93791,1.00,1.00
2018.03.08 14:12:48.147,0.93769,0.93792,1.00,1.00
2018.03.08 14:12:48.648,0.9377,0.93793,1.00,1.00
2018.03.08 14:12:49.048,0.93768,0.93793,1.00,1.12
2018.03.08 14:12:49.149,0.93771,0.93794,1.00,1.50
2018.03.08 14:12:49.250,0.93769,0.93792,1.00,1.00
2018.03.08 14:12:49.351,0.93766,0.93791,1.00,1.00
2018.03.08 14:12:50.093,0.93765,0.9379,1.00,1.00
2018.03.08 14:12:50.143,0.93765,0.93787,1.00,1.00
2018.03.08 14:12:51.177,0.93761,0.93787,1.00,1.00
2018.03.08 14:12:51.258,0.93763,0.93788,1.00,1.00
2018.03.08 14:12:51.365,0.93761,0.93787,1.00,1.00
2018.03.08 14:12:51.415,0.93763,0.93788,1.00,1.00
2018.03.08 14:12:52.015,0.93759,0.93785,1.00,1.00
2018.03.08 14:12:52.192,0.93762,0.93785,1.00,1.00
2018.03.08 14:12:52.256,0.93761,0.93788,1.00,1.00
2018.03.08 14:12:52.306,0.93764,0.93788,1.00,1.00
2018.03.08 14:12:52.357,0.9376,0.93787,1.00,1.00
2018.03.08 14:12:52.878,0.93765,0.9379,1.00,2.25
2018.03.08 14:12:53.194,0.93762,0.93788,1.00,1.00
2018.03.08 14:12:53.244,0.93764,0.93789,1.00,1.00
2018.03.08 14:12:54.455,0.93764,0.93787,1.00,1.00
2018.03.08 14:12:54.558,0.93764,0.93789,1.50,1.00
2018.03.08 14:12:55.523,0.93764,0.93789,1.00,1.00
2018.03.08 14:12:57.426,0.93767,0.9379,1.00,1.00
2018.03.08 14:12:57.864,0.93765,0.93788,1.00,1.00
2018.03.08 14:12:58.209,0.93767,0.9379,1.00,1.00
2018.03.08 14:12:59.547,0.93767,0.93789,1.00,1.00
2018.03.08 14:13:00.065,0.93763,0.93788,1.00,1.00
2018.03.08 14:13:00.347,0.93765,0.93788,1.00,1.00
2018.03.08 14:13:00.979,0.93765,0.9379,1.00,1.00
2018.03.08 14:13:01.547,0.93768,0.93791,1.00,1.00
2018.03.08 14:13:01.938,0.93763,0.93791,1.12,1.00
2018.03.08 14:13:01.989,0.93763,0.93787,1.12,1.00
2018.03.08 14:13:02.618,0.93764,0.93787,1.00,1.00
2018.03.08 14:13:03.414,0.93765,0.93789,1.00,1.00
2018.03.08 14:13:03.640,0.93767,0.93788,1.00,1.00
2018.03.08 14:13:03.690,0.93765,0.93787,1.00,1.00
2018.03.08 14:13:03.741,0.93766,0.93789,1.00,1.00
2018.03.08 14:13:03.792,0.93766,0.93787,1.00,1.00
2018.03.08 14:13:03.949,0.93762,0.93787,1.00,1.00
2018.03.08 14:13:04.571,0.93764,0.93787,1.00,1.00
2018.03.08 14:13:04.963,0.93762,0.93787,1.00,1.00
2018.03.08 14:13:05.014,0.93766,0.93787,1.00,1.00
2018.03.08 14:13:05.425,0.93764,0.93786,1.00,1.00
2018.03.08 14:13:05.907,0.93766,0.93787,1.00,1.00
2018.03.08 14:13:06.446,0.93763,0.93787,1.00,1.00
2018.03.08 14:13:06.498,0.93765,0.93789,1.00,1.50
2018.03.08 14:13:07.058,0.93765,0.93787,1.50,1.00
2018.03.08 14:13:07.591,0.93765,0.93786,1.00,1.00
2018.03.08 14:13:07.742,0.93766,0.93788,1.00,1.00
2018.03.08 14:13:09.834,0.93767,0.9379,1.00,1.00
2018.03.08 14:13:15.114,0.93768,0.9379,1.00,1.00
2018.03.08 14:13:18.918,0.93766,0.93788,1.00,1.00
2018.03.08 14:13:21.282,0.93767,0.93791,1.00,1.00
2018.03.08 14:13:25.034,0.93766,0.93788,1.00,1.00
2018.03.08 14:13:25.692,0.93764,0.93785,1.00,1.00
2018.03.08 14:13:25.844,0.93762,0.93784,1.00,1.00
2018.03.08 14:13:27.395,0.93763,0.93787,1.75,1.00
2018.03.08 14:13:28.161,0.93763,0.93787,1.00,1.00
2018.03.08 14:13:28.861,0.93763,0.93787,3.00,1.00
2018.03.08 14:13:29.201,0.93763,0.93787,1.00,1.00
2018.03.08 14:13:29.892,0.93764,0.93787,2.25,1.00
2018.03.08 14:13:29.942,0.93763,0.93787,1.12,1.00
2018.03.08 14:13:30.461,0.93763,0.93786,1.00,1.00
2018.03.08 14:13:31.029,0.93761,0.93784,1.00,1.00
2018.03.08 14:13:31.343,0.9376,0.93782,1.00,1.00
2018.03.08 14:13:33.694,0.93761,0.93783,1.00,1.50
2018.03.08 14:13:33.943,0.93762,0.93786,1.00,1.00
2018.03.08 14:13:34.370,0.9376,0.93784,1.00,1.00
2018.03.08 14:13:34.839,0.93758,0.93782,1.00,1.00
2018.03.08 14:13:35.159,0.93761,0.93785,1.00,1.00
2018.03.08 14:13:35.462,0.93761,0.93783,1.00,1.50
2018.03.08 14:13:35.513,0.93757,0.93781,1.00,1.00
2018.03.08 14:13:38.414,0.93755,0.93777,1.00,1.00
2018.03.08 14:13:41.321,0.93757,0.93779,1.00,1.00
2018.03.08 14:13:42.515,0.93758,0.9378,1.00,1.00
2018.03.08 14:13:43.044,0.93759,0.93783,1.00,1.00
2018.03.08 14:13:44.376,0.93755,0.93778,1.00,1.50
2018.03.08 14:13:44.756,0.93757,0.93779,1.00,1.00
2018.03.08 14:13:45.301,0.93754,0.93777,1.00,1.00
2018.03.08 14:13:45.616,0.93755,0.93779,1.00,1.00
2018.03.08 14:13:45.910,0.93757,0.93781,1.00,1.00
2018.03.08 14:13:46.104,0.93754,0.93779,1.50,1.00
2018.03.08 14:13:46.205,0.93757,0.93779,1.00,1.00
2018.03.08 14:13:46.597,0.93755,0.93778,1.00,1.00
2018.03.08 14:13:46.709,0.93757,0.93779,1.00,1.00
2018.03.08 14:13:46.847,0.93754,0.93778,1.00,1.00
2018.03.08 14:13:46.898,0.93754,0.93776,1.00,1.00
2018.03.08 14:13:46.949,0.93752,0.93776,1.00,1.00
2018.03.08 14:13:47.187,0.93754,0.93776,1.00,1.00
2018.03.08 14:13:47.401,0.93749,0.93773,1.00,1.00
2018.03.08 14:13:47.452,0.93751,0.93772,1.00,1.00
2018.03.08 14:13:47.770,0.93752,0.93775,1.00,1.00
2018.03.08 14:13:47.821,0.93754,0.93776,1.00,1.00
2018.03.08 14:13:48.210,0.93752,0.93774,1.00,1.00
2018.03.08 14:13:48.614,0.93754,0.93776,1.00,1.00
2018.03.08 14:13:48.952,0.93754,0.93778,1.00,1.00
2018.03.08 14:13:49.336,0.93757,0.93779,1.00,1.00
2018.03.08 14:13:49.663,0.93754,0.93779,1.00,1.00
2018.03.08 14:13:49.714,0.93756,0.93778,1.00,1.00
2018.03.08 14:13:50.045,0.93752,0.93774,1.00,1.00
2018.03.08 14:13:50.096,0.9375,0.93773,1.50,1.00
2018.03.08 14:13:50.248,0.93754,0.93775,1.00,1.00
2018.03.08 14:13:50.664,0.9375,0.93772,1.00,1.00
2018.03.08 14:13:50.815,0.93748,0.9377,1.00,1.00
2018.03.08 14:13:50.917,0.93749,0.93773,1.00,1.00
2018.03.08 14:13:51.384,0.93751,0.93774,1.00,1.00
2018.03.08 14:13:51.435,0.93752,0.93776,1.00,1.00
2018.03.08 14:13:51.536,0.93754,0.93776,1.00,1.00
2018.03.08 14:13:52.057,0.93753,0.93775,1.00,1.00
2018.03.08 14:13:52.480,0.93756,0.93778,1.00,1.00
2018.03.08 14:13:53.162,0.93755,0.93777,1.00,1.00
2018.03.08 14:13:53.374,0.93755,0.93779,1.00,1.00
2018.03.08 14:13:53.424,0.93755,0.93777,1.00,1.00
2018.03.08 14:13:53.950,0.93756,0.93778,1.00,1.00
2018.03.08 14:13:54.177,0.93756,0.9378,1.00,1.00
2018.03.08 14:13:54.461,0.93759,0.93781,1.00,1.00
2018.03.08 14:13:54.806,0.93761,0.93783,1.00,1.00
2018.03.08 14:13:56.024,0.9376,0.93782,1.00,1.00
2018.03.08 14:13:56.074,0.93757,0.93781,1.00,1.00
2018.03.08 14:13:57.450,0.93759,0.93781,1.00,1.00
2018.03.08 14:13:57.536,0.93756,0.9378,1.00,1.00
2018.03.08 14:13:57.587,0.93758,0.9378,1.00,1.00
2018.03.08 14:13:57.688,0.93758,0.93782,1.00,1.50
2018.03.08 14:13:57.842,0.93761,0.93783,1.00,1.00
2018.03.08 14:13:58.876,0.93761,0.93786,1.00,1.00
2018.03.08 14:13:59.079,0.9376,0.93784,1.00,1.00
2018.03.08 14:13:59.992,0.93762,0.93785,1.00,1.00
2018.03.08 14:14:00.042,0.9376,0.93784,1.00,1.00
2018.03.08 14:14:00.173,0.93763,0.93785,1.00,1.00
2018.03.08 14:14:00.844,0.93764,0.93786,1.00,1.00
2018.03.08 14:14:03.155,0.9376,0.93782,1.00,1.00
2018.03.08 14:14:03.689,0.93759,0.93783,1.00,1.00
2018.03.08 14:14:04.222,0.93758,0.93782,1.00,1.00
2018.03.08 14:14:04.577,0.9376,0.93784,1.50,1.00
2018.03.08 14:14:04.913,0.93762,0.93786,1.00,1.00
2018.03.08 14:14:05.265,0.93762,0.93784,1.00,1.00
2018.03.08 14:14:05.623,0.93764,0.93786,1.00,1.00
2018.03.08 14:14:06.098,0.93765,0.93789,1.00,1.00
2018.03.08 14:14:06.149,0.93764,0.93787,1.00,1.00
2018.03.08 14:14:06.690,0.93763,0.93785,1.00,1.00
2018.03.08 14:14:06.824,0.93763,0.93787,1.00,1.00
2018.03.08 14:14:07.359,0.93762,0.93784,1.00,1.00
2018.03.08 14:14:07.889,0.93762,0.93785,1.00,1.00
2018.03.08 14:14:08.296,0.93763,0.93787,1.00,1.00
2018.03.08 14:14:08.881,0.93763,0.93785,1.00,1.00
2018.03.08 14:14:09.068,0.93763,0.93787,1.00,1.00
2018.03.08 14:14:09.121,0.93765,0.93787,1.00,1.00
2018.03.08 14:14:12.362,0.93763,0.93786,1.00,1.00
2018.03.08 14:14:13.409,0.93761,0.93787,1.00,1.00
2018.03.08 14:14:13.886,0.93764,0.93786,1.00,1.00
2018.03.08 14:14:14.120,0.93764,0.93788,1.00,1.00
2018.03.08 14:14:14.222,0.93766,0.9379,1.00,1.00
2018.03.08 14:14:14.574,0.93766,0.93788,1.00,1.00
2018.03.08 14:14:16.732,0.93768,0.9379,1.00,1.00
2018.03.08 14:14:17.239,0.93767,0.93789,1.00,1.00
2018.03.08 14:14:19.267,0.93766,0.93788,1.00,1.00
2018.03.08 14:14:20.129,0.93766,0.9379,1.00,1.00
2018.03.08 14:14:21.798,0.93766,0.93788,1.00,1.00
2018.03.08 14:14:22.210,0.93764,0.93786,1.00,1.00
2018.03.08 14:14:22.491,0.93765,0.93789,1.00,1.00
2018.03.08 14:14:22.857,0.93767,0.93789,1.00,1.00
2018.03.08 14:14:22.907,0.93765,0.93789,1.00,1.00
2018.03.08 14:14:23.059,0.93764,0.93786,1.00,1.00
2018.03.08 14:14:26.785,0.93765,0.93789,1.00,1.00
2018.03.08 14:14:27.285,0.93767,0.93789,1.00,1.00
2018.03.08 14:14:27.846,0.93766,0.93788,1.00,1.00
2018.03.08 14:14:31.196,0.93763,0.93787,1.00,1.00
2018.03.08 14:14:31.247,0.93762,0.93784,1.00,1.00
2018.03.08 14:14:32.504,0.93762,0.93786,1.00,1.00
2018.03.08 14:14:32.555,0.93765,0.93787,1.00,1.00
2018.03.08 14:14:32.910,0.93765,0.93789,1.00,1.00
2018.03.08 14:14:33.454,0.93767,0.93789,1.00,1.00
2018.03.08 14:14:34.214,0.93767,0.93791,1.00,1.00
2018.03.08 14:14:38.145,0.93768,0.93792,1.00,1.00
2018.03.08 14:14:41.165,0.9377,0.93792,1.00,1.00
2018.03.08 14:14:42.021,0.93769,0.93791,1.00,1.00
2018.03.08 14:14:44.967,0.9377,0.93792,1.00,1.00
2018.03.08 14:14:45.535,0.93769,0.93791,1.00,1.00
2018.03.08 14:14:47.213,0.93768,0.9379,1.00,1.00
2018.03.08 14:14:47.415,0.93768,0.93792,1.00,1.00
2018.03.08 14:14:47.652,0.93766,0.93788,1.00,1.00
2018.03.08 14:14:48.590,0.93763,0.93787,1.00,1.00
2018.03.08 14:14:48.641,0.93766,0.93788,1.00,1.00
2018.03.08 14:14:49.008,0.93764,0.93786,1.00,1.00
2018.03.08 14:14:49.346,0.93762,0.93786,1.00,1.00
2018.03.08 14:14:49.595,0.9376,0.93784,1.00,1.00
2018.03.08 14:14:50.872,0.93763,0.93785,1.00,1.00
2018.03.08 14:14:51.219,0.93761,0.93783,1.00,1.00
2018.03.08 14:14:51.722,0.93762,0.93784,1.00,1.00
2018.03.08 14:14:52.468,0.93763,0.93786,1.00,1.00
2018.03.08 14:14:52.765,0.93761,0.93785,1.00,1.00
2018.03.08 14:14:53.314,0.93762,0.93786,1.00,1.00
2018.03.08 14:14:54.714,0.93763,0.93789,1.00,1.00
2018.03.08 14:14:56.015,0.93764,0.93789,1.00,1.00
2018.03.08 14:14:56.614,0.93764,0.93786,1.00,1.00
2018.03.08 14:14:58.182,0.93765,0.93789,1.00,1.00
2018.03.08 14:15:00.703,0.93765,0.93788,1.00,1.00
2018.03.08 14:15:01.292,0.93765,0.93787,1.00,1.00
2018.03.08 14:15:01.344,0.93764,0.93785,1.00,1.00
2018.03.08 14:15:01.675,0.93765,0.93787,1.00,1.00
2018.03.08 14:15:02.016,0.93764,0.93785,1.00,1.00
2018.03.08 14:15:02.539,0.93763,0.93785,1.00,1.00
2018.03.08 14:15:02.590,0.93766,0.9379,1.00,1.00
2018.03.08 14:15:02.776,0.93764,0.9379,1.00,1.00
2018.03.08 14:15:03.439,0.93763,0.93789,1.00,1.00
2018.03.08 14:15:04.863,0.93768,0.9379,1.00,1.00
2018.03.08 14:15:07.894,0.93767,0.93791,1.00,1.00
2018.03.08 14:15:08.356,0.93766,0.93787,1.00,1.00
2018.03.08 14:15:08.508,0.93762,0.93788,1.50,1.00
2018.03.08 14:15:08.675,0.93764,0.93787,1.00,1.00
2018.03.08 14:15:09.588,0.93763,0.93786,1.00,1.00
2018.03.08 14:15:10.437,0.93762,0.93784,1.00,1.00
2018.03.08 14:15:10.729,0.9376,0.93788,1.00,1.12
2018.03.08 14:15:11.047,0.93761,0.93784,1.00,1.00
2018.03.08 14:15:11.593,0.93762,0.93785,1.00,1.00
2018.03.08 14:15:14.296,0.93762,0.93787,1.00,1.00
2018.03.08 14:15:14.347,0.93764,0.93787,1.00,1.00
2018.03.08 14:15:14.594,0.93762,0.93787,1.00,1.00
2018.03.08 14:15:15.115,0.93761,0.93786,1.00,1.00
2018.03.08 14:15:15.594,0.93761,0.93789,1.00,1.12
2018.03.08 14:15:15.732,0.93763,0.93789,1.00,1.12
2018.03.08 14:15:16.244,0.93762,0.93788,1.00,1.00
2018.03.08 14:15:16.552,0.9376,0.93782,1.00,1.00
2018.03.08 14:15:17.313,0.93759,0.93781,1.00,1.00
2018.03.08 14:15:19.433,0.9376,0.93782,1.00,1.00
2018.03.08 14:15:19.691,0.93757,0.93781,1.00,1.00
2018.03.08 14:15:19.792,0.93755,0.93778,1.00,1.00
2018.03.08 14:15:19.843,0.93753,0.93779,2.25,1.00
2018.03.08 14:15:20.096,0.9375,0.93778,1.00,1.00
2018.03.08 14:15:20.737,0.93755,0.93777,1.00,1.00
2018.03.08 14:15:21.306,0.93756,0.93778,1.00,1.00
2018.03.08 14:15:21.769,0.93756,0.9378,1.00,1.00
2018.03.08 14:15:24.801,0.93758,0.9378,1.00,1.00
2018.03.08 14:15:25.032,0.93756,0.9378,1.00,1.00
2018.03.08 14:15:26.350,0.93754,0.93779,1.00,1.00
2018.03.08 14:15:27.338,0.93752,0.93778,1.50,1.00
2018.03.08 14:15:27.562,0.9375,0.93776,1.00,1.00
2018.03.08 14:15:28.217,0.9375,0.93778,1.00,1.00
2018.03.08 14:15:29.755,0.93754,0.93778,1.00,1.00
2018.03.08 14:15:30.391,0.93753,0.93777,1.00,1.00
2018.03.08 14:15:30.645,0.93755,0.9378,1.00,1.00
2018.03.08 14:15:31.149,0.93754,0.93779,1.00,1.00
2018.03.08 14:15:33.815,0.93755,0.9378,1.00,1.00
2018.03.08 14:15:34.414,0.93757,0.93779,1.00,1.00
2018.03.08 14:15:34.722,0.93759,0.93781,1.00,1.00
2018.03.08 14:15:34.973,0.93753,0.93778,1.00,1.00
2018.03.08 14:15:35.456,0.93751,0.93777,1.00,1.00
2018.03.08 14:15:38.040,0.93751,0.93779,1.00,1.00
2018.03.08 14:15:38.091,0.93753,0.93779,1.00,1.00
2018.03.08 14:15:38.192,0.93751,0.93778,1.00,1.00
2018.03.08 14:15:39.491,0.93749,0.93777,1.50,1.00
2018.03.08 14:15:39.626,0.93753,0.93777,1.00,1.00
2018.03.08 14:15:41.412,0.93754,0.93778,1.00,1.00
2018.03.08 14:15:41.965,0.93753,0.93777,1.00,1.00
2018.03.08 14:15:43.216,0.93751,0.93776,1.00,1.00
2018.03.08 14:15:43.731,0.93752,0.93777,1.00,1.00
2018.03.08 14:15:44.330,0.93754,0.93778,1.00,1.00
2018.03.08 14:15:44.843,0.93753,0.93777,1.00,1.00
2018.03.08 14:15:45.278,0.93753,0.93775,1.00,1.00
2018.03.08 14:15:46.534,0.93753,0.93777,1.00,1.00
2018.03.08 14:15:47.073,0.93752,0.93776,1.00,1.00
2018.03.08 14:15:48.928,0.93753,0.93776,1.00,1.00
2018.03.08 14:15:51.164,0.93752,0.93775,1.00,1.00
2018.03.08 14:15:51.872,0.93749,0.93774,1.00,1.00
2018.03.08 14:15:51.973,0.93749,0.93772,1.00,1.00
2018.03.08 14:15:52.074,0.93749,0.93775,1.00,1.00
2018.03.08 14:15:52.270,0.93752,0.93774,1.00,1.00
2018.03.08 14:15:56.896,0.93753,0.93775,1.00,1.00
2018.03.08 14:15:57.065,0.9375,0.93775,1.00,1.00
2018.03.08 14:15:58.837,0.93751,0.93775,1.00,1.00
2018.03.08 14:16:00.953,0.9375,0.93774,1.00,1.00
2018.03.08 14:16:02.826,0.9375,0.93775,1.00,1.00
2018.03.08 14:16:03.663,0.93754,0.93776,1.00,1.00
2018.03.08 14:16:03.932,0.93758,0.93782,1.00,1.00
2018.03.08 14:16:03.982,0.9376,0.93782,1.00,1.00
2018.03.08 14:16:04.134,0.93762,0.93786,1.00,1.00
2018.03.08 14:16:04.236,0.93764,0.93786,1.00,1.00
2018.03.08 14:16:04.759,0.9376,0.93784,1.00,1.00
2018.03.08 14:16:05.166,0.93758,0.93784,1.00,1.00
2018.03.08 14:16:05.281,0.93757,0.93782,1.00,1.00
2018.03.08 14:16:05.590,0.93759,0.93783,1.00,1.00
2018.03.08 14:16:06.251,0.9376,0.93786,1.00,1.00
2018.03.08 14:16:06.407,0.9376,0.93783,1.00,1.00
2018.03.08 14:16:06.758,0.93758,0.93781,1.00,1.00
2018.03.08 14:16:07.391,0.93757,0.93783,1.00,1.00
2018.03.08 14:16:08.867,0.93757,0.9378,1.00,1.00
2018.03.08 14:16:10.085,0.93759,0.93782,1.00,1.00
2018.03.08 14:16:10.603,0.9376,0.93783,1.00,1.00
2018.03.08 14:16:10.757,0.93758,0.93782,1.00,1.00
2018.03.08 14:16:12.031,0.93759,0.93784,1.00,1.00
2018.03.08 14:16:15.432,0.93759,0.93785,1.00,1.00
2018.03.08 14:16:15.758,0.93761,0.93784,1.00,1.00
2018.03.08 14:16:16.517,0.93757,0.93783,1.12,1.00
2018.03.08 14:16:16.567,0.93755,0.93781,1.00,1.00
2018.03.08 14:16:17.334,0.93756,0.93782,1.00,1.00
2018.03.08 14:16:17.495,0.93753,0.9378,1.00,1.00
2018.03.08 14:16:18.439,0.93752,0.9378,1.87,1.00
2018.03.08 14:16:18.489,0.93755,0.93778,1.00,1.00
2018.03.08 14:16:18.540,0.93751,0.93777,2.25,1.00
2018.03.08 14:16:18.688,0.93754,0.93778,1.00,1.00
2018.03.08 14:16:19.504,0.93753,0.93777,1.00,1.00
2018.03.08 14:16:25.508,0.93755,0.93778,1.00,1.00
2018.03.08 14:16:25.705,0.93757,0.93782,1.00,1.00
2018.03.08 14:16:26.236,0.93759,0.93782,1.00,1.00
2018.03.08 14:16:29.128,0.93757,0.93783,1.00,1.00
2018.03.08 14:16:30.513,0.93757,0.93782,1.00,1.00
2018.03.08 14:16:31.068,0.93758,0.93783,1.00,1.00
2018.03.08 14:16:31.495,0.93755,0.93779,1.00,1.00
2018.03.08 14:16:31.546,0.93753,0.93778,1.00,1.00
2018.03.08 14:16:31.810,0.93753,0.93776,1.00,1.00
2018.03.08 14:16:31.862,0.93751,0.93776,1.00,1.00
2018.03.08 14:16:33.776,0.93753,0.93777,1.00,1.00
2018.03.08 14:16:34.028,0.9375,0.93775,1.00,1.00
2018.03.08 14:16:34.232,0.93753,0.93777,1.00,1.00
2018.03.08 14:16:34.466,0.9375,0.93776,1.00,1.00
2018.03.08 14:16:34.516,0.93749,0.93772,1.00,1.00
2018.03.08 14:16:34.567,0.93751,0.93775,1.00,1.00
2018.03.08 14:16:34.669,0.93749,0.93775,1.00,1.00
2018.03.08 14:16:35.211,0.93748,0.93774,1.00,1.00
2018.03.08 14:16:36.012,0.93749,0.93774,1.00,1.00
2018.03.08 14:16:36.296,0.93751,0.93775,1.00,1.00
2018.03.08 14:16:37.021,0.93752,0.93776,1.00,1.50
2018.03.08 14:16:37.666,0.9375,0.93775,1.00,1.12
2018.03.08 14:16:38.224,0.93751,0.93774,1.00,1.00
2018.03.08 14:16:38.729,0.93752,0.93775,1.00,1.00
2018.03.08 14:16:39.256,0.93752,0.93778,1.00,1.00
2018.03.08 14:16:39.873,0.93751,0.93777,1.00,1.00
2018.03.08 14:16:39.924,0.93754,0.93777,1.50,1.00
2018.03.08 14:16:40.076,0.93755,0.93781,1.00,1.00
2018.03.08 14:16:40.188,0.93755,0.93779,1.00,1.00
2018.03.08 14:16:40.340,0.93757,0.93783,1.00,1.50
2018.03.08 14:16:42.554,0.93759,0.93784,1.00,1.00
2018.03.08 14:16:43.783,0.93759,0.93782,1.00,1.00
2018.03.08 14:16:44.681,0.9376,0.93783,1.00,1.00
2018.03.08 14:16:45.492,0.93759,0.93782,1.00,1.00
2018.03.08 14:16:45.994,0.93758,0.93784,1.00,1.00
2018.03.08 14:16:46.461,0.93756,0.93782,1.00,1.00
2018.03.08 14:16:46.799,0.93756,0.9378,1.00,1.00
2018.03.08 14:16:47.683,0.93752,0.93777,1.50,1.00
2018.03.08 14:16:47.785,0.9375,0.93776,1.00,1.00
2018.03.08 14:16:48.333,0.93752,0.93776,1.00,1.00
2018.03.08 14:16:48.384,0.93752,0.93778,1.00,1.00
2018.03.08 14:16:48.536,0.93754,0.93778,1.00,1.00
2018.03.08 14:16:48.785,0.93756,0.93781,1.00,1.00
2018.03.08 14:16:48.937,0.93754,0.93781,1.00,1.00
2018.03.08 14:16:48.987,0.93757,0.9378,1.00,1.00
2018.03.08 14:16:49.038,0.93754,0.93781,1.00,1.00
2018.03.08 14:16:49.090,0.93757,0.9378,1.00,1.00
2018.03.08 14:16:49.140,0.93754,0.93781,1.00,1.00
2018.03.08 14:16:49.242,0.93757,0.9378,1.00,1.00
2018.03.08 14:16:49.372,0.93755,0.9378,1.00,1.00
2018.03.08 14:16:49.514,0.93757,0.9378,1.00,1.00
2018.03.08 14:16:50.938,0.93755,0.9378,1.00,1.00
2018.03.08 14:16:51.040,0.93754,0.93777,1.00,1.00
2018.03.08 14:16:51.316,0.93753,0.93779,1.00,1.00
2018.03.08 14:16:51.369,0.93751,0.93775,1.00,1.00
2018.03.08 14:16:51.921,0.93752,0.93776,1.00,1.00
2018.03.08 14:16:52.693,0.93756,0.9378,1.00,1.00
2018.03.08 14:16:53.875,0.93754,0.93778,1.00,1.00
2018.03.08 14:16:53.926,0.93754,0.9378,1.00,1.00
2018.03.08 14:16:53.978,0.93756,0.9378,1.00,1.00
2018.03.08 14:16:54.785,0.93755,0.9378,1.00,1.00
2018.03.08 14:16:55.406,0.93755,0.93782,1.00,1.00
2018.03.08 14:16:56.455,0.93755,0.93781,1.00,1.00
2018.03.08 14:16:57.149,0.93756,0.93782,1.00,1.00
2018.03.08 14:16:58.143,0.93756,0.9378,1.00,1.00
2018.03.08 14:16:58.294,0.93753,0.93779,1.00,1.00
2018.03.08 14:16:58.347,0.93753,0.93777,1.00,1.00
2018.03.08 14:16:59.169,0.93752,0.93777,1.00,1.00
2018.03.08 14:16:59.691,0.93752,0.93776,1.00,1.00
2018.03.08 14:17:00.486,0.93752,0.93778,1.00,1.00
2018.03.08 14:17:00.689,0.93752,0.93775,1.00,1.00
2018.03.08 14:17:00.978,0.93749,0.93775,1.12,1.00
2018.03.08 14:17:01.239,0.93752,0.93776,1.00,1.00
2018.03.08 14:17:01.497,0.9375,0.93775,1.00,1.00
2018.03.08 14:17:01.732,0.93752,0.93775,1.00,1.00
2018.03.08 14:17:03.169,0.93752,0.93776,1.00,1.00
2018.03.08 14:17:03.743,0.93753,0.93777,1.00,1.00
2018.03.08 14:17:04.293,0.93753,0.93776,1.00,1.00
2018.03.08 14:17:04.469,0.93751,0.93777,1.00,1.00
2018.03.08 14:17:04.747,0.93753,0.93777,1.00,1.00
2018.03.08 14:17:05.524,0.93754,0.93777,1.00,1.00
2018.03.08 14:17:05.962,0.93751,0.93775,1.00,1.00
2018.03.08 14:17:06.014,0.93749,0.93773,1.00,1.00
2018.03.08 14:17:06.450,0.93747,0.9377,1.00,1.00
2018.03.08 14:17:07.039,0.93748,0.93771,1.00,1.00
2018.03.08 14:17:07.091,0.93746,0.9377,1.00,1.00
2018.03.08 14:17:07.142,0.93744,0.93768,1.00,1.00
2018.03.08 14:17:08.904,0.93745,0.93771,1.00,1.00
2018.03.08 14:17:11.270,0.93745,0.93769,1.00,1.00
2018.03.08 14:17:12.209,0.93745,0.93771,1.00,1.00
2018.03.08 14:17:14.705,0.93747,0.93771,1.00,1.00
2018.03.08 14:17:15.266,0.93748,0.93772,1.00,1.00
2018.03.08 14:17:17.152,0.9375,0.93773,1.00,1.50
2018.03.08 14:17:17.463,0.93747,0.93773,1.00,1.00
2018.03.08 14:17:18.455,0.93749,0.93775,1.00,1.00
2018.03.08 14:17:18.756,0.93749,0.93772,1.00,1.00
2018.03.08 14:17:19.673,0.93749,0.93774,1.00,1.50
2018.03.08 14:17:20.191,0.9375,0.93774,1.00,1.50
2018.03.08 14:17:21.700,0.93749,0.93773,1.00,1.12
2018.03.08 14:17:22.763,0.93748,0.93772,1.00,1.00
2018.03.08 14:17:22.814,0.93749,0.93775,1.00,1.00
2018.03.08 14:17:23.063,0.93749,0.93772,1.00,1.00
2018.03.08 14:17:23.723,0.93748,0.93774,1.00,1.00
2018.03.08 14:17:23.875,0.93748,0.93772,1.00,1.00
2018.03.08 14:17:24.662,0.93748,0.93772,1.00,1.50
2018.03.08 14:17:24.922,0.93748,0.93773,1.00,1.12
2018.03.08 14:17:25.722,0.93751,0.93777,1.00,1.37
2018.03.08 14:17:26.069,0.93753,0.93774,1.00,1.00
2018.03.08 14:17:26.288,0.9375,0.93774,1.00,1.50
2018.03.08 14:17:26.389,0.93748,0.93773,1.00,1.00
2018.03.08 14:17:26.490,0.93748,0.93771,1.00,1.00
2018.03.08 14:17:26.577,0.93749,0.93773,1.00,1.00
2018.03.08 14:17:29.132,0.93749,0.93775,1.00,1.00
2018.03.08 14:17:30.017,0.93749,0.93774,1.00,1.00
2018.03.08 14:17:31.084,0.93749,0.93773,1.00,1.00
2018.03.08 14:17:33.333,0.93747,0.93772,1.00,1.00
2018.03.08 14:17:34.153,0.93748,0.93772,1.00,1.00
2018.03.08 14:17:34.737,0.9375,0.93773,1.00,1.00
2018.03.08 14:17:34.789,0.93748,0.93772,1.00,1.00
2018.03.08 14:17:34.947,0.93749,0.93774,1.00,1.00
2018.03.08 14:17:35.152,0.93748,0.93772,1.00,1.00
2018.03.08 14:17:35.815,0.93749,0.93772,1.00,1.00
2018.03.08 14:17:35.916,0.9375,0.93774,1.00,1.00
2018.03.08 14:17:36.240,0.93749,0.93772,1.00,1.00
2018.03.08 14:17:36.617,0.93748,0.93774,1.00,1.00
2018.03.08 14:17:36.706,0.9375,0.93774,1.00,1.00
2018.03.08 14:17:37.135,0.9375,0.93776,1.00,1.00
2018.03.08 14:17:37.801,0.93751,0.93777,1.00,1.00
2018.03.08 14:17:40.983,0.93752,0.93778,1.00,1.00
2018.03.08 14:17:41.034,0.93751,0.93776,1.00,1.00
2018.03.08 14:17:41.429,0.93749,0.93775,1.50,1.00
2018.03.08 14:17:41.517,0.93753,0.93776,1.00,1.00
2018.03.08 14:17:41.825,0.93749,0.93775,1.50,1.00
2018.03.08 14:17:42.334,0.93753,0.93777,1.00,1.00
2018.03.08 14:17:42.480,0.93751,0.93777,1.00,1.00
2018.03.08 14:17:43.808,0.9375,0.93776,1.00,1.00
2018.03.08 14:17:44.083,0.9375,0.93774,1.00,1.00
2018.03.08 14:17:44.382,0.93745,0.9377,1.00,1.00
2018.03.08 14:17:44.483,0.93743,0.93767,1.00,1.00
2018.03.08 14:17:44.976,0.93745,0.93769,1.00,1.00
2018.03.08 14:17:45.077,0.93745,0.93771,1.00,1.00
2018.03.08 14:17:45.613,0.93745,0.93772,1.00,1.00
2018.03.08 14:17:45.694,0.93748,0.93772,1.00,1.00
2018.03.08 14:17:46.236,0.93748,0.93773,1.00,1.00
2018.03.08 14:17:46.601,0.9375,0.93774,1.00,1.00
2018.03.08 14:17:46.880,0.93748,0.93774,1.00,1.00
2018.03.08 14:17:47.039,0.93749,0.93772,1.00,1.00
2018.03.08 14:17:47.090,0.93748,0.93775,1.00,1.50
2018.03.08 14:17:47.191,0.93749,0.93772,1.00,1.00
2018.03.08 14:17:47.541,0.93747,0.9377,1.00,1.00
2018.03.08 14:17:47.592,0.93746,0.93772,1.00,1.00
2018.03.08 14:17:47.694,0.93749,0.93773,1.00,1.00
2018.03.08 14:17:48.401,0.9375,0.93773,1.00,1.00
2018.03.08 14:17:48.606,0.9375,0.93775,1.00,1.00
2018.03.08 14:17:48.894,0.93751,0.93777,1.00,1.00
2018.03.08 14:17:49.684,0.9375,0.93776,1.00,1.00
2018.03.08 14:17:50.163,0.9375,0.93773,1.00,1.00
2018.03.08 14:17:50.375,0.9375,0.93775,1.00,1.00
2018.03.08 14:17:52.985,0.93751,0.93776,1.00,1.00
2018.03.08 14:17:53.689,0.93751,0.93774,1.00,1.00
2018.03.08 14:17:54.727,0.93752,0.93775,1.00,1.00
2018.03.08 14:17:55.159,0.93752,0.93775,1.00,1.75
2018.03.08 14:17:55.209,0.93749,0.93774,1.00,1.50
2018.03.08 14:17:55.476,0.93747,0.93771,1.50,1.00
2018.03.08 14:17:55.994,0.93746,0.9377,1.00,1.00
2018.03.08 14:17:56.505,0.93747,0.93771,1.00,1.00
2018.03.08 14:17:58.156,0.93745,0.93769,1.00,1.00
2018.03.08 14:17:58.276,0.93745,0.93771,1.00,1.00
2018.03.08 14:17:58.552,0.93745,0.93768,1.00,4.50
2018.03.08 14:17:59.038,0.93743,0.93768,1.50,1.00
2018.03.08 14:17:59.658,0.93744,0.93769,1.00,1.00
2018.03.08 14:18:00.238,0.93746,0.93769,1.00,1.00
2018.03.08 14:18:00.709,0.93747,0.93771,1.00,1.00
2018.03.08 14:18:01.383,0.93745,0.93769,1.00,1.00
2018.03.08 14:18:01.434,0.93742,0.93767,1.50,1.00
2018.03.08 14:18:01.710,0.9374,0.93764,2.25,1.00
2018.03.08 14:18:02.170,0.93741,0.93766,1.00,1.00
2018.03.08 14:18:02.311,0.93741,0.9376,1.00,1.00
2018.03.08 14:18:02.414,0.93739,0.9376,1.00,1.00
2018.03.08 14:18:02.471,0.93739,0.93764,1.00,1.00
2018.03.08 14:18:03.434,0.93741,0.93764,1.00,1.00
2018.03.08 14:18:03.978,0.93741,0.93765,1.00,1.00
2018.03.08 14:18:04.548,0.93742,0.93767,1.00,1.00
2018.03.08 14:18:04.599,0.93743,0.93766,1.00,2.25
2018.03.08 14:18:04.988,0.93744,0.93769,1.00,1.50
2018.03.08 14:18:05.989,0.93744,0.93769,1.00,1.00
2018.03.08 14:18:06.091,0.93746,0.93771,1.00,1.50
2018.03.08 14:18:06.713,0.93749,0.93771,1.00,1.00
2018.03.08 14:18:07.214,0.93749,0.93772,1.00,1.50
2018.03.08 14:18:07.990,0.93749,0.93771,1.00,1.00
2018.03.08 14:18:08.990,0.93749,0.93772,1.00,1.00
2018.03.08 14:18:09.630,0.93749,0.93773,1.00,1.00
2018.03.08 14:18:10.664,0.9375,0.93773,1.00,1.50
2018.03.08 14:18:12.044,0.93748,0.93773,1.00,1.00
2018.03.08 14:18:12.250,0.9375,0.93773,1.00,1.00
2018.03.08 14:18:12.301,0.93748,0.93774,1.50,1.12
2018.03.08 14:18:12.352,0.93748,0.93772,1.50,1.00
2018.03.08 14:18:12.873,0.93746,0.93769,1.00,1.00
2018.03.08 14:18:13.417,0.93745,0.93769,1.00,1.00
2018.03.08 14:18:15.476,0.93746,0.9377,1.00,1.00
2018.03.08 14:18:15.528,0.93747,0.93772,1.00,1.00
2018.03.08 14:18:16.174,0.93749,0.93772,1.00,1.00
2018.03.08 14:18:19.283,0.93747,0.93773,1.50,1.00
2018.03.08 14:18:19.882,0.93749,0.93773,1.00,1.00
2018.03.08 14:18:25.713,0.93749,0.93772,1.00,2.25
2018.03.08 14:18:25.889,0.93747,0.9377,1.00,1.12
2018.03.08 14:18:25.990,0.93744,0.93767,1.00,1.00
2018.03.08 14:18:26.080,0.93742,0.93767,2.25,1.00
2018.03.08 14:18:26.758,0.93743,0.93766,1.00,1.00
2018.03.08 14:18:27.482,0.93747,0.93769,1.00,1.00
2018.03.08 14:18:28.179,0.93747,0.93772,1.00,1.50
2018.03.08 14:18:28.637,0.93749,0.93772,1.00,1.50
2018.03.08 14:18:29.201,0.93749,0.93772,1.00,1.00
2018.03.08 14:18:29.939,0.93747,0.93772,1.50,1.00
2018.03.08 14:18:31.186,0.93746,0.93771,1.00,1.00
2018.03.08 14:18:31.292,0.93744,0.93769,1.00,1.00
2018.03.08 14:18:32.669,0.93743,0.93771,2.25,2.25
2018.03.08 14:18:32.996,0.93745,0.93771,1.00,2.25
2018.03.08 14:18:33.536,0.93746,0.93771,1.00,2.25
2018.03.08 14:18:33.689,0.93746,0.93771,1.50,1.00
2018.03.08 14:18:33.740,0.93748,0.93771,1.00,1.50
2018.03.08 14:18:34.245,0.93747,0.9377,1.00,1.00
2018.03.08 14:18:34.347,0.93744,0.9377,1.00,1.00
2018.03.08 14:18:35.246,0.93745,0.9377,1.00,1.00
2018.03.08 14:18:35.909,0.93747,0.9377,1.00,1.00
2018.03.08 14:18:37.409,0.93749,0.93772,1.00,1.00
2018.03.08 14:18:37.754,0.93753,0.93776,1.00,1.00
2018.03.08 14:18:37.805,0.93755,0.9378,1.00,1.00
2018.03.08 14:18:37.949,0.93754,0.93777,1.00,1.00
2018.03.08 14:18:38.259,0.93752,0.93775,1.00,1.00
2018.03.08 14:18:38.435,0.93755,0.93779,1.00,1.50
2018.03.08 14:18:38.587,0.93758,0.9378,1.00,1.00
2018.03.08 14:18:39.452,0.93758,0.93781,1.00,1.00
2018.03.08 14:18:39.969,0.93759,0.93782,1.00,1.00
2018.03.08 14:18:40.517,0.93758,0.93781,1.00,1.00
2018.03.08 14:18:40.812,0.93758,0.93784,1.00,1.00
2018.03.08 14:18:40.863,0.93762,0.93785,1.00,1.50
2018.03.08 14:18:40.965,0.93757,0.93782,1.00,1.00
2018.03.08 14:18:41.016,0.93755,0.9378,1.00,1.00
2018.03.08 14:18:41.117,0.9375,0.93776,1.00,1.00
2018.03.08 14:18:41.230,0.93749,0.93774,1.00,1.00
2018.03.08 14:18:41.535,0.93748,0.93772,1.00,1.00
2018.03.08 14:18:41.746,0.93746,0.93771,1.00,1.00
2018.03.08 14:18:41.846,0.93744,0.93772,1.00,1.00
2018.03.08 14:18:42.310,0.93748,0.93771,1.00,1.00
2018.03.08 14:18:42.361,0.93743,0.93772,1.00,1.00
2018.03.08 14:18:42.462,0.93746,0.93772,1.00,1.00
2018.03.08 14:18:43.586,0.93748,0.93771,1.00,1.00
2018.03.08 14:18:44.266,0.93746,0.93771,1.00,1.00
2018.03.08 14:18:44.317,0.93749,0.93771,1.00,1.00
2018.03.08 14:18:44.798,0.9375,0.93775,1.00,2.25
2018.03.08 14:18:44.849,0.93746,0.93773,1.00,1.00
2018.03.08 14:18:44.987,0.93751,0.93776,1.00,1.00
2018.03.08 14:18:45.546,0.93752,0.93777,1.00,1.00
2018.03.08 14:18:45.907,0.93755,0.93778,1.00,1.00
2018.03.08 14:18:46.590,0.93754,0.93777,1.00,1.00
2018.03.08 14:18:47.171,0.93755,0.93778,1.00,1.00
2018.03.08 14:18:47.412,0.93757,0.93782,1.00,1.00
2018.03.08 14:18:47.612,0.93756,0.93779,1.00,1.00
2018.03.08 14:18:47.663,0.93753,0.93778,1.00,1.00
2018.03.08 14:18:48.191,0.93754,0.93777,1.00,1.00
2018.03.08 14:18:48.558,0.93754,0.93779,1.00,1.00
2018.03.08 14:18:49.032,0.93754,0.93777,1.00,1.00
2018.03.08 14:18:49.389,0.93756,0.93779,1.00,1.00
2018.03.08 14:18:50.510,0.93754,0.93779,1.00,1.00
2018.03.08 14:18:51.139,0.93755,0.9378,1.00,1.00
2018.03.08 14:18:51.617,0.93752,0.93779,1.00,1.00
2018.03.08 14:18:51.669,0.93757,0.9378,1.00,1.00
2018.03.08 14:18:52.173,0.93755,0.93778,1.00,1.00
2018.03.08 14:18:52.274,0.93753,0.93777,1.00,1.00
2018.03.08 14:18:53.661,0.93751,0.93776,1.00,1.00
2018.03.08 14:18:54.051,0.93754,0.93777,1.00,1.00
2018.03.08 14:18:54.586,0.93753,0.93776,1.00,1.00
2018.03.08 14:18:55.096,0.93752,0.93775,1.00,1.00
2018.03.08 14:18:55.152,0.93753,0.93778,1.00,1.00
2018.03.08 14:18:55.399,0.93751,0.93776,1.00,1.00
2018.03.08 14:18:55.724,0.93753,0.93776,1.00,1.00
2018.03.08 14:18:57.312,0.9375,0.93775,1.00,1.00
2018.03.08 14:18:58.009,0.93749,0.93772,1.00,1.00
2018.03.08 14:18:58.425,0.93751,0.93774,1.00,1.00
2018.03.08 14:18:58.730,0.93749,0.93772,1.00,1.00
2018.03.08 14:18:59.061,0.93753,0.93778,1.00,1.00
2018.03.08 14:18:59.776,0.93751,0.93775,1.00,1.00
2018.03.08 14:18:59.904,0.93752,0.93777,1.00,1.00
2018.03.08 14:18:59.955,0.93755,0.93778,1.00,1.00
2018.03.08 14:19:00.258,0.93757,0.9378,1.00,1.00
2018.03.08 14:19:00.410,0.93757,0.93782,1.00,1.00
2018.03.08 14:19:01.139,0.93756,0.93779,1.00,1.00
2018.03.08 14:19:01.356,0.93754,0.93779,1.00,1.00
2018.03.08 14:19:01.933,0.93755,0.9378,1.00,1.00
2018.03.08 14:19:02.364,0.93754,0.93777,1.00,1.00
2018.03.08 14:19:02.668,0.93752,0.93775,1.00,1.00
2018.03.08 14:19:02.875,0.93749,0.93774,1.00,1.00
2018.03.08 14:19:02.926,0.93748,0.9377,1.00,1.00
2018.03.08 14:19:03.077,0.93751,0.93774,1.00,1.00
2018.03.08 14:19:03.755,0.93748,0.93773,1.00,1.00
2018.03.08 14:19:03.857,0.9375,0.93773,1.00,1.00
2018.03.08 14:19:04.189,0.93754,0.93777,1.00,1.00
2018.03.08 14:19:04.240,0.93752,0.93777,1.00,1.00
2018.03.08 14:19:04.392,0.93753,0.93775,1.00,1.00
2018.03.08 14:19:04.638,0.9375,0.93775,1.00,1.00
2018.03.08 14:19:05.079,0.93752,0.93775,1.00,1.00
2018.03.08 14:19:05.337,0.9375,0.93775,1.00,1.00
2018.03.08 14:19:05.577,0.93752,0.93777,1.00,1.00
2018.03.08 14:19:05.628,0.9375,0.93776,1.00,1.00
2018.03.08 14:19:06.332,0.93751,0.93776,1.00,1.00
2018.03.08 14:19:06.777,0.93753,0.93778,1.00,1.00
2018.03.08 14:19:07.924,0.93755,0.93778,1.00,1.00
2018.03.08 14:19:08.236,0.93757,0.9378,1.00,1.00
2018.03.08 14:19:16.293,0.93757,0.93782,1.00,1.00
2018.03.08 14:19:17.841,0.9376,0.93782,1.00,1.00
2018.03.08 14:19:19.362,0.9376,0.93783,1.00,1.00
2018.03.08 14:19:19.413,0.9376,0.93785,1.00,1.00
2018.03.08 14:19:19.514,0.9376,0.93783,1.00,1.00
2018.03.08 14:19:19.853,0.93757,0.9378,1.00,1.00
2018.03.08 14:19:20.095,0.93755,0.9378,1.00,1.00
2018.03.08 14:19:20.196,0.93757,0.93782,1.00,2.25
2018.03.08 14:19:20.523,0.93757,0.9378,1.00,1.00
2018.03.08 14:19:21.051,0.93758,0.93781,1.00,1.00
2018.03.08 14:19:22.053,0.93759,0.93781,1.00,1.00
2018.03.08 14:19:22.426,0.9376,0.93783,1.00,1.00
2018.03.08 14:19:22.946,0.93761,0.93784,1.00,1.00
2018.03.08 14:19:23.450,0.93762,0.93785,1.00,1.00
2018.03.08 14:19:23.601,0.93764,0.93788,1.00,1.00
2018.03.08 14:19:23.652,0.93762,0.93787,1.00,1.00
2018.03.08 14:19:23.703,0.93762,0.93785,1.00,1.00
2018.03.08 14:19:23.754,0.93759,0.93784,1.00,1.00
2018.03.08 14:19:23.815,0.93761,0.93784,1.00,1.00
2018.03.08 14:19:24.067,0.93761,0.93786,1.00,1.00
2018.03.08 14:19:24.229,0.93761,0.93784,1.00,1.00
2018.03.08 14:19:24.625,0.9376,0.93786,1.00,1.00
2018.03.08 14:19:24.810,0.93763,0.93786,1.00,1.00
2018.03.08 14:19:25.347,0.93762,0.93787,1.00,1.00
2018.03.08 14:19:26.036,0.93764,0.93787,1.00,1.00
2018.03.08 14:19:27.666,0.93759,0.93784,1.00,3.00
2018.03.08 14:19:27.970,0.93761,0.93783,1.00,1.00
2018.03.08 14:19:28.702,0.93757,0.93781,1.00,1.00
2018.03.08 14:19:28.903,0.9376,0.93783,1.00,3.00
2018.03.08 14:19:28.953,0.9376,0.93783,1.00,1.00
2018.03.08 14:19:29.290,0.93759,0.93783,1.00,2.25
2018.03.08 14:19:29.442,0.93756,0.93782,1.00,1.50
2018.03.08 14:19:29.683,0.93757,0.93783,1.00,1.00
2018.03.08 14:19:29.857,0.93759,0.93784,1.00,1.50
2018.03.08 14:19:30.185,0.93758,0.93781,1.00,1.00
2018.03.08 14:19:30.413,0.93759,0.93784,1.00,1.50
2018.03.08 14:19:30.601,0.93757,0.93783,1.00,1.00
2018.03.08 14:19:30.652,0.93761,0.93784,1.00,1.00
2018.03.08 14:19:31.009,0.93756,0.93779,1.00,1.00
2018.03.08 14:19:31.324,0.93756,0.93781,1.00,1.00
2018.03.08 14:19:31.531,0.93756,0.93781,1.00,3.00
2018.03.08 14:19:31.766,0.93754,0.93779,1.00,1.12
2018.03.08 14:19:32.298,0.93755,0.93777,1.00,1.00
2018.03.08 14:19:32.804,0.93755,0.9378,1.00,2.62
2018.03.08 14:19:33.624,0.93755,0.93779,1.00,1.00
2018.03.08 14:19:34.441,0.93755,0.93778,1.00,1.00
2018.03.08 14:19:35.788,0.93754,0.93777,1.00,1.00
2018.03.08 14:19:36.413,0.93755,0.93778,1.00,1.00
2018.03.08 14:19:38.111,0.93756,0.93779,1.00,1.00
2018.03.08 14:19:39.269,0.93756,0.93778,1.00,1.00
2018.03.08 14:19:39.595,0.93757,0.9378,1.00,1.00
2018.03.08 14:19:39.646,0.93757,0.93778,1.00,1.00
2018.03.08 14:19:39.700,0.93755,0.93778,1.00,1.00
2018.03.08 14:19:40.202,0.93759,0.93782,1.00,1.50
2018.03.08 14:19:40.784,0.93756,0.93782,1.00,1.50
2018.03.08 14:19:40.972,0.9376,0.93783,1.00,1.00
2018.03.08 14:19:41.964,0.93756,0.93782,1.00,1.00
2018.03.08 14:19:42.015,0.93763,0.93784,1.00,1.00
2018.03.08 14:19:42.554,0.93761,0.93784,1.00,1.50
2018.03.08 14:19:43.613,0.93757,0.93779,1.00,1.00
2018.03.08 14:19:43.715,0.93753,0.93776,1.00,1.00
2018.03.08 14:19:44.257,0.93754,0.93777,1.00,1.00
2018.03.08 14:19:44.562,0.93754,0.93779,1.00,1.00
2018.03.08 14:19:44.613,0.93756,0.93781,1.00,1.00
2018.03.08 14:19:45.115,0.93755,0.9378,1.00,1.00
2018.03.08 14:19:45.425,0.93758,0.93781,1.00,1.00
2018.03.08 14:19:45.573,0.93755,0.93781,1.00,1.00
2018.03.08 14:19:45.674,0.93758,0.93783,1.00,1.50
2018.03.08 14:19:46.372,0.93757,0.93782,1.00,1.00
2018.03.08 14:19:46.873,0.93758,0.93783,1.00,1.50
2018.03.08 14:19:48.198,0.93757,0.93781,1.00,1.00
2018.03.08 14:19:48.724,0.93756,0.93782,1.00,1.50
2018.03.08 14:19:49.234,0.93756,0.93782,1.00,1.00
2018.03.08 14:19:49.628,0.93759,0.93782,1.00,1.00
2018.03.08 14:19:50.110,0.93757,0.9378,1.00,1.00
2018.03.08 14:19:51.121,0.93755,0.9378,1.00,1.00
2018.03.08 14:19:51.172,0.93755,0.9378,1.00,3.00
2018.03.08 14:19:51.525,0.93757,0.9378,1.00,3.00
2018.03.08 14:19:51.940,0.93756,0.93776,1.00,1.00
2018.03.08 14:19:51.991,0.93754,0.93776,1.00,1.00
2018.03.08 14:19:52.642,0.93755,0.9378,1.00,1.87
2018.03.08 14:19:53.577,0.93755,0.93779,1.00,1.00
2018.03.08 14:19:54.172,0.93755,0.93778,1.00,1.00
2018.03.08 14:19:55.432,0.93755,0.93775,1.00,1.00
2018.03.08 14:19:55.904,0.93755,0.93778,1.00,1.00
2018.03.08 14:19:56.570,0.93755,0.93777,1.00,1.00
2018.03.08 14:19:57.305,0.93755,0.93778,1.00,1.00
2018.03.08 14:19:57.960,0.93755,0.93777,1.00,1.00
2018.03.08 14:19:58.113,0.93752,0.93777,1.00,1.00
2018.03.08 14:19:58.831,0.93752,0.93778,1.00,3.00
2018.03.08 14:19:59.390,0.93752,0.93778,1.00,1.00
2018.03.08 14:19:59.850,0.93752,0.93778,1.00,3.00
2018.03.08 14:20:00.298,0.93754,0.93779,1.00,1.00
2018.03.08 14:20:00.399,0.93753,0.93776,1.00,1.00
2018.03.08 14:20:00.743,0.93755,0.93778,1.00,1.00
2018.03.08 14:20:01.316,0.93754,0.93777,1.00,1.00
2018.03.08 14:20:01.713,0.93754,0.93775,1.00,1.00
2018.03.08 14:20:02.170,0.93754,0.93779,1.00,1.00
2018.03.08 14:20:03.089,0.93754,0.93779,1.00,1.75
2018.03.08 14:20:03.723,0.93755,0.9378,1.00,1.00
2018.03.08 14:20:03.776,0.93757,0.9378,1.00,1.00
2018.03.08 14:20:04.208,0.93755,0.9378,1.00,1.00
2018.03.08 14:20:04.660,0.93754,0.93777,1.00,1.00
2018.03.08 14:20:04.763,0.93752,0.93776,1.00,1.00
2018.03.08 14:20:04.869,0.93752,0.93777,1.00,3.00
2018.03.08 14:20:05.324,0.9375,0.93775,1.00,1.50
2018.03.08 14:20:05.938,0.9375,0.93775,1.00,1.00
2018.03.08 14:20:05.989,0.9375,0.93772,1.00,1.00
2018.03.08 14:20:06.622,0.93748,0.93771,1.00,1.00
2018.03.08 14:20:06.854,0.9375,0.93774,1.00,1.00
2018.03.08 14:20:06.974,0.93748,0.93772,1.00,1.00
2018.03.08 14:20:07.025,0.93747,0.93774,1.00,1.00
2018.03.08 14:20:07.076,0.93746,0.93771,1.00,1.00
2018.03.08 14:20:07.484,0.93749,0.93772,1.00,1.00
2018.03.08 14:20:08.683,0.9375,0.93773,1.00,1.00
2018.03.08 14:20:08.784,0.93752,0.93776,1.00,1.00
2018.03.08 14:20:08.992,0.93754,0.93777,1.00,2.62
2018.03.08 14:20:10.653,0.93754,0.93778,1.00,1.50
2018.03.08 14:20:11.231,0.93754,0.93777,1.00,1.00
2018.03.08 14:20:12.586,0.93754,0.93778,1.00,1.75
2018.03.08 14:20:14.294,0.93754,0.93778,1.00,1.00
2018.03.08 14:20:15.175,0.93754,0.93778,1.00,1.50
2018.03.08 14:20:16.434,0.93755,0.93779,1.00,3.00
2018.03.08 14:20:17.175,0.93755,0.93779,1.00,1.50
2018.03.08 14:20:17.672,0.93757,0.93779,1.00,1.00
2018.03.08 14:20:17.927,0.93755,0.9378,1.00,1.00
2018.03.08 14:20:18.032,0.93757,0.9378,1.00,1.00
2018.03.08 14:20:18.183,0.93752,0.93777,1.50,1.00
2018.03.08 14:20:18.491,0.93754,0.93779,1.00,1.00
2018.03.08 14:20:18.913,0.93754,0.93777,1.00,1.00
2018.03.08 14:20:19.374,0.9375,0.93775,1.00,1.00
2018.03.08 14:20:19.424,0.93753,0.93775,1.00,1.00
2018.03.08 14:20:19.475,0.93751,0.93774,1.00,1.00
2018.03.08 14:20:19.526,0.93753,0.93775,1.00,1.00
2018.03.08 14:20:19.663,0.93753,0.93778,1.00,1.00
2018.03.08 14:20:19.713,0.93752,0.93776,1.00,1.00
2018.03.08 14:20:20.780,0.93748,0.93773,1.00,1.00
2018.03.08 14:20:20.831,0.9375,0.93775,1.00,1.00
2018.03.08 14:20:21.298,0.93753,0.93776,1.00,1.12
2018.03.08 14:20:21.368,0.9375,0.93775,1.00,1.00
2018.03.08 14:20:21.419,0.93748,0.93773,1.00,1.00
2018.03.08 14:20:21.743,0.93751,0.93774,1.00,1.00
2018.03.08 14:20:22.048,0.93753,0.93776,1.00,1.00
2018.03.08 14:20:22.563,0.93752,0.93775,1.00,1.00
2018.03.08 14:20:23.460,0.93754,0.93777,1.00,1.00
2018.03.08 14:20:23.757,0.9375,0.93775,1.00,1.00
2018.03.08 14:20:24.099,0.93748,0.93774,1.00,1.00
2018.03.08 14:20:24.150,0.9375,0.93774,1.00,1.00
2018.03.08 14:20:24.201,0.93747,0.93772,1.50,1.00
2018.03.08 14:20:24.252,0.93747,0.9377,1.00,1.00
2018.03.08 14:20:26.082,0.93748,0.93772,1.00,1.00
2018.03.08 14:20:26.413,0.93751,0.93774,1.00,1.12
2018.03.08 14:20:26.593,0.93749,0.93774,1.00,1.12
2018.03.08 14:20:26.644,0.93751,0.93774,1.00,1.12
2018.03.08 14:20:26.946,0.93753,0.93774,1.00,2.25
2018.03.08 14:20:27.116,0.93752,0.93775,1.00,1.00
2018.03.08 14:20:27.217,0.9375,0.93773,1.00,1.00
2018.03.08 14:20:27.769,0.93748,0.93773,1.00,1.00
2018.03.08 14:20:27.820,0.93747,0.93771,1.00,1.00
2018.03.08 14:20:27.923,0.93745,0.9377,1.00,1.00
2018.03.08 14:20:28.444,0.93746,0.93769,1.00,1.00
2018.03.08 14:20:29.110,0.93747,0.93771,1.00,1.00
2018.03.08 14:20:29.548,0.93748,0.93771,1.00,1.75
2018.03.08 14:20:30.489,0.93747,0.9377,1.00,1.00
2018.03.08 14:20:30.540,0.93745,0.9377,1.00,1.00
2018.03.08 14:20:30.917,0.93747,0.9377,1.00,1.00
2018.03.08 14:20:31.403,0.93747,0.93771,1.00,2.25
2018.03.08 14:20:32.314,0.93746,0.93769,1.00,1.50
2018.03.08 14:20:32.551,0.93744,0.93767,1.00,1.00
2018.03.08 14:20:32.653,0.93746,0.93769,1.00,1.50
2018.03.08 14:20:32.805,0.93744,0.93767,1.00,1.00
2018.03.08 14:20:33.004,0.9374,0.93766,1.00,1.00
2018.03.08 14:20:33.541,0.9374,0.93765,1.00,1.00
2018.03.08 14:20:33.811,0.93743,0.93766,1.00,1.00
2018.03.08 14:20:34.079,0.9374,0.93765,1.00,1.00
2018.03.08 14:20:34.180,0.93742,0.93768,1.00,1.50
2018.03.08 14:20:34.350,0.9374,0.93767,1.00,1.00
2018.03.08 14:20:34.451,0.9374,0.93764,1.00,1.00
2018.03.08 14:20:34.711,0.93741,0.93767,1.00,1.00
2018.03.08 14:20:35.230,0.93742,0.93766,1.00,1.00
2018.03.08 14:20:35.881,0.93743,0.93767,1.00,1.00
2018.03.08 14:20:37.190,0.93746,0.93769,1.00,1.00
2018.03.08 14:20:37.710,0.93747,0.9377,1.00,1.00
2018.03.08 14:20:39.683,0.93748,0.93773,1.00,1.00
2018.03.08 14:20:40.014,0.93747,0.9377,1.00,1.00
2018.03.08 14:20:40.477,0.93749,0.93771,1.00,1.00
2018.03.08 14:20:40.578,0.93748,0.93773,1.00,1.00
2018.03.08 14:20:40.831,0.9375,0.93773,1.00,1.00
2018.03.08 14:20:40.939,0.93748,0.93772,1.00,1.00
2018.03.08 14:20:41.041,0.9375,0.93774,1.00,1.00
2018.03.08 14:20:41.365,0.9375,0.93774,1.00,1.50
2018.03.08 14:20:41.702,0.93748,0.93772,1.00,1.12
2018.03.08 14:20:42.194,0.9375,0.93773,1.00,1.00
2018.03.08 14:20:42.524,0.93752,0.93775,1.00,1.00
2018.03.08 14:20:42.870,0.93753,0.9378,1.00,1.00
2018.03.08 14:20:42.972,0.93753,0.93778,1.00,1.00
2018.03.08 14:20:43.325,0.93756,0.93779,1.00,1.00
2018.03.08 14:20:43.772,0.9376,0.93783,1.00,1.00
2018.03.08 14:20:43.823,0.93758,0.93783,1.00,1.00
2018.03.08 14:20:44.326,0.93758,0.93783,1.00,1.50
2018.03.08 14:20:44.989,0.93758,0.93783,1.00,1.00
2018.03.08 14:20:46.454,0.93755,0.9378,1.00,1.00
2018.03.08 14:20:47.671,0.93758,0.93781,1.00,1.00
2018.03.08 14:20:47.773,0.93756,0.93781,1.00,1.00
2018.03.08 14:20:48.284,0.93757,0.93782,1.00,1.00
2018.03.08 14:20:48.553,0.93759,0.93782,1.00,1.00
2018.03.08 14:20:48.655,0.93759,0.93785,1.00,1.50
2018.03.08 14:20:48.705,0.93758,0.93781,1.00,1.00
2018.03.08 14:20:48.807,0.93754,0.9378,1.00,1.00
2018.03.08 14:20:49.091,0.93758,0.93782,1.00,1.50
2018.03.08 14:20:49.294,0.93759,0.93785,1.00,1.50
2018.03.08 14:20:49.623,0.93758,0.93783,1.00,1.00
2018.03.08 14:20:50.289,0.93757,0.93782,1.00,1.00
2018.03.08 14:20:50.848,0.93758,0.93783,1.00,1.00
2018.03.08 14:20:51.153,0.93756,0.93782,1.00,1.00
2018.03.08 14:20:51.203,0.93758,0.93783,1.00,1.00
2018.03.08 14:20:53.141,0.93758,0.93783,1.00,1.50
2018.03.08 14:20:53.882,0.93758,0.93783,1.00,1.00
2018.03.08 14:20:57.455,0.9376,0.93783,1.00,1.00
2018.03.08 14:20:57.831,0.93762,0.93785,1.00,2.25
2018.03.08 14:20:57.882,0.93761,0.93785,1.00,1.00
2018.03.08 14:20:58.084,0.93759,0.93782,1.00,1.00
2018.03.08 14:20:58.389,0.93759,0.93784,1.00,1.00
2018.03.08 14:20:59.631,0.93762,0.93785,1.00,1.00
2018.03.08 14:21:00.030,0.9376,0.93783,1.00,1.00
2018.03.08 14:21:00.519,0.9376,0.93785,1.00,1.00
2018.03.08 14:21:01.032,0.93761,0.93786,1.00,1.50
2018.03.08 14:21:01.747,0.93761,0.93786,1.00,1.00
2018.03.08 14:21:03.885,0.93757,0.93782,1.00,1.00
2018.03.08 14:21:04.190,0.93756,0.93779,1.00,1.00
2018.03.08 14:21:04.522,0.9376,0.93783,1.00,1.00
2018.03.08 14:21:05.084,0.93761,0.93784,1.00,1.00
2018.03.08 14:21:05.135,0.93759,0.93784,1.00,1.00
2018.03.08 14:21:05.529,0.93761,0.93784,1.00,1.12
2018.03.08 14:21:06.393,0.93758,0.93782,1.00,1.00
2018.03.08 14:21:06.444,0.9376,0.93783,1.00,1.00
2018.03.08 14:21:06.687,0.93756,0.93783,1.50,1.00
2018.03.08 14:21:07.284,0.9376,0.93783,1.00,1.00
2018.03.08 14:21:07.953,0.93759,0.93784,1.00,1.00
2018.03.08 14:21:08.354,0.93764,0.93789,1.00,1.12
2018.03.08 14:21:08.886,0.93765,0.9379,1.00,1.50
2018.03.08 14:21:09.361,0.93764,0.93787,1.00,1.00
2018.03.08 14:21:09.865,0.93763,0.93787,1.00,1.00
2018.03.08 14:21:10.342,0.93765,0.93788,1.00,1.00
2018.03.08 14:21:11.353,0.93762,0.93785,1.00,1.00
2018.03.08 14:21:11.992,0.93759,0.93784,1.00,1.00
2018.03.08 14:21:12.537,0.93761,0.93786,1.00,1.00
2018.03.08 14:21:12.855,0.93759,0.93782,1.00,1.00
2018.03.08 14:21:14.298,0.93761,0.93784,1.00,1.00
2018.03.08 14:21:15.151,0.93759,0.93782,1.00,1.00
2018.03.08 14:21:15.695,0.93761,0.93784,1.00,1.00
2018.03.08 14:21:16.483,0.93759,0.93783,1.00,1.00
2018.03.08 14:21:16.534,0.93761,0.93784,1.00,1.00
2018.03.08 14:21:17.129,0.9376,0.93782,1.00,1.00
2018.03.08 14:21:17.180,0.9376,0.93785,1.00,1.00
2018.03.08 14:21:17.727,0.9376,0.93782,1.00,1.00
2018.03.08 14:21:18.195,0.9376,0.93785,1.00,1.00
2018.03.08 14:21:18.296,0.93763,0.93786,1.00,1.12
2018.03.08 14:21:18.348,0.93763,0.93788,1.00,1.50
2018.03.08 14:21:21.935,0.93763,0.93786,1.00,1.00
2018.03.08 14:21:22.048,0.93763,0.93788,1.00,1.00
2018.03.08 14:21:22.099,0.93766,0.93789,1.00,1.00
2018.03.08 14:21:22.854,0.93765,0.9379,1.00,1.00
2018.03.08 14:21:24.339,0.93767,0.93792,1.00,1.87
2018.03.08 14:21:24.645,0.93762,0.93785,1.00,1.00
2018.03.08 14:21:24.851,0.93759,0.93783,1.00,1.00
2018.03.08 14:21:25.398,0.93759,0.93784,1.00,1.50
2018.03.08 14:21:26.080,0.93758,0.93779,1.00,1.00
2018.03.08 14:21:26.245,0.93758,0.93783,1.00,1.00
2018.03.08 14:21:26.455,0.93755,0.93777,1.00,1.00
2018.03.08 14:21:26.506,0.93753,0.93777,1.00,1.00
2018.03.08 14:21:26.658,0.93751,0.93775,1.00,1.00
2018.03.08 14:21:27.164,0.93748,0.93774,1.00,1.00
2018.03.08 14:21:27.406,0.93751,0.93774,1.00,1.00
2018.03.08 14:21:27.816,0.93748,0.93774,1.00,1.00
2018.03.08 14:21:28.187,0.93747,0.93772,1.00,1.00
2018.03.08 14:21:28.541,0.93751,0.93774,1.00,1.00
2018.03.08 14:21:28.643,0.93748,0.93774,1.00,1.00
2018.03.08 14:21:30.265,0.93752,0.93775,1.00,1.00
2018.03.08 14:21:30.366,0.9375,0.93776,1.00,1.00
2018.03.08 14:21:30.467,0.93748,0.93773,1.00,1.00
2018.03.08 14:21:31.063,0.93748,0.93772,1.00,1.00
2018.03.08 14:21:31.614,0.93747,0.93772,1.00,1.00
2018.03.08 14:21:33.683,0.93747,0.93771,1.00,1.00
2018.03.08 14:21:34.684,0.93747,0.93772,1.00,3.00
2018.03.08 14:21:35.116,0.93744,0.93767,1.00,1.00
2018.03.08 14:21:35.640,0.93746,0.93769,1.00,1.00
2018.03.08 14:21:36.178,0.93747,0.93771,1.00,1.00
2018.03.08 14:21:36.229,0.93746,0.93773,1.00,1.00
2018.03.08 14:21:36.280,0.93747,0.93771,1.00,1.00
2018.03.08 14:21:36.969,0.93744,0.93767,1.00,1.00
2018.03.08 14:21:37.020,0.93742,0.93768,1.00,1.12
2018.03.08 14:21:37.228,0.93743,0.9377,1.00,1.00
2018.03.08 14:21:37.278,0.93745,0.93771,1.00,1.00
2018.03.08 14:21:37.819,0.93745,0.9377,1.00,1.00
2018.03.08 14:21:38.209,0.93747,0.9377,1.00,1.00
2018.03.08 14:21:43.865,0.93748,0.93771,1.00,1.00
2018.03.08 14:21:44.186,0.93743,0.93768,1.50,3.00
2018.03.08 14:21:44.736,0.93743,0.93768,1.00,1.00
2018.03.08 14:21:45.147,0.93745,0.9377,1.00,1.00
2018.03.08 14:21:45.820,0.93747,0.9377,1.00,1.00
2018.03.08 14:21:48.049,0.93749,0.93771,1.00,1.00
2018.03.08 14:21:48.777,0.93749,0.93774,1.00,1.00
2018.03.08 14:21:49.168,0.93752,0.93775,1.00,1.00
2018.03.08 14:21:49.486,0.9375,0.93773,1.00,1.00
2018.03.08 14:21:50.067,0.93751,0.93774,1.00,1.00
2018.03.08 14:21:50.714,0.9375,0.93773,1.00,1.00
2018.03.08 14:21:51.226,0.9375,0.93775,1.00,1.00
2018.03.08 14:21:52.612,0.93753,0.93776,1.00,1.00
2018.03.08 14:21:52.919,0.93751,0.93774,1.00,1.00
2018.03.08 14:21:55.217,0.93751,0.93776,1.00,1.00
2018.03.08 14:21:57.764,0.93749,0.93773,1.00,1.00
2018.03.08 14:21:58.279,0.93749,0.93774,1.00,1.00
2018.03.08 14:21:58.969,0.93748,0.93771,1.00,1.00
2018.03.08 14:22:00.326,0.93749,0.93774,1.00,1.00
2018.03.08 14:22:00.377,0.93747,0.93772,1.00,1.00
2018.03.08 14:22:00.691,0.9375,0.93773,1.00,1.00
2018.03.08 14:22:01.625,0.93748,0.93771,1.12,1.00
2018.03.08 14:22:01.982,0.9375,0.93772,1.00,1.00
2018.03.08 14:22:02.230,0.9375,0.93775,1.00,1.00
2018.03.08 14:22:04.231,0.93748,0.93774,1.00,1.00
2018.03.08 14:22:04.693,0.9375,0.93773,1.00,1.00
2018.03.08 14:22:05.194,0.9375,0.93775,1.00,1.00
2018.03.08 14:22:06.133,0.9375,0.93775,1.75,1.00
2018.03.08 14:22:06.284,0.93755,0.93779,1.00,1.00
2018.03.08 14:22:06.334,0.93757,0.9378,1.00,1.50
2018.03.08 14:22:06.385,0.93758,0.93783,1.00,1.00
2018.03.08 14:22:06.948,0.93757,0.93782,1.00,1.00
2018.03.08 14:22:07.213,0.93756,0.93779,1.00,1.00
2018.03.08 14:22:07.713,0.93753,0.93778,1.00,1.00
2018.03.08 14:22:09.286,0.93755,0.9378,1.00,1.50
2018.03.08 14:22:10.356,0.93754,0.93779,1.00,1.50
2018.03.08 14:22:10.696,0.9376,0.93783,1.00,1.50
2018.03.08 14:22:10.747,0.93758,0.93783,1.00,1.00
2018.03.08 14:22:11.177,0.9376,0.93785,1.00,1.00
2018.03.08 14:22:11.537,0.93763,0.93786,1.00,1.00
2018.03.08 14:22:12.213,0.93763,0.93786,1.00,1.50
2018.03.08 14:22:12.740,0.93763,0.93786,1.00,1.00
2018.03.08 14:22:13.311,0.93763,0.93788,1.00,1.00
2018.03.08 14:22:16.380,0.93766,0.93791,1.00,1.50
2018.03.08 14:22:16.897,0.93765,0.9379,1.00,1.00
2018.03.08 14:22:17.314,0.93763,0.93788,1.00,1.00
2018.03.08 14:22:17.685,0.93763,0.93786,1.00,1.00
2018.03.08 14:22:18.115,0.93764,0.93788,1.00,1.00
2018.03.08 14:22:18.216,0.93766,0.93789,1.00,1.00
2018.03.08 14:22:18.962,0.93765,0.93788,1.00,1.00
2018.03.08 14:22:19.805,0.93763,0.93787,1.00,1.00
2018.03.08 14:22:20.784,0.93762,0.93785,1.00,1.00
2018.03.08 14:22:20.884,0.93763,0.93788,1.00,1.00
2018.03.08 14:22:20.935,0.93765,0.93788,1.00,1.00
2018.03.08 14:22:21.316,0.93763,0.93786,1.00,1.00
2018.03.08 14:22:21.468,0.93761,0.93786,1.00,1.00
2018.03.08 14:22:23.369,0.93762,0.93788,1.00,1.00
2018.03.08 14:22:26.122,0.93761,0.93786,1.00,1.00
2018.03.08 14:22:26.525,0.9376,0.93784,1.00,1.00
2018.03.08 14:22:26.577,0.9376,0.93786,1.00,1.00
2018.03.08 14:22:26.680,0.93763,0.93787,1.00,1.00
2018.03.08 14:22:26.812,0.93765,0.9379,1.00,1.00
2018.03.08 14:22:27.009,0.93763,0.93788,1.00,1.00
2018.03.08 14:22:29.253,0.93765,0.93789,1.00,1.00
2018.03.08 14:22:30.564,0.93765,0.93788,1.00,1.00
2018.03.08 14:22:31.733,0.93764,0.93787,1.00,1.00
2018.03.08 14:22:33.811,0.93765,0.93788,1.00,1.00
2018.03.08 14:22:33.863,0.93763,0.93788,1.00,1.00
2018.03.08 14:22:34.298,0.93765,0.93788,1.00,1.00
2018.03.08 14:22:34.356,0.93763,0.93788,1.00,1.00
2018.03.08 14:22:34.877,0.93764,0.93788,1.00,1.00
2018.03.08 14:22:35.136,0.93765,0.93791,1.00,1.00
2018.03.08 14:22:35.253,0.93765,0.93789,1.00,1.00
2018.03.08 14:22:35.917,0.93764,0.93789,1.00,1.00
2018.03.08 14:22:36.397,0.93766,0.9379,1.00,1.00
2018.03.08 14:22:37.360,0.93764,0.9379,1.00,1.00
2018.03.08 14:22:37.569,0.93766,0.93788,1.00,1.00
2018.03.08 14:22:37.705,0.93764,0.93789,1.00,1.00
2018.03.08 14:22:38.323,0.93765,0.9379,1.00,1.00
2018.03.08 14:22:41.439,0.93768,0.93791,1.00,1.00
2018.03.08 14:22:42.386,0.93765,0.93789,1.00,1.00
2018.03.08 14:22:42.499,0.93767,0.9379,1.00,1.00
2018.03.08 14:22:42.550,0.93765,0.93789,1.00,1.00
2018.03.08 14:22:42.727,0.93767,0.9379,1.00,1.00
2018.03.08 14:22:43.061,0.93765,0.93788,1.00,1.00
2018.03.08 14:22:46.764,0.93765,0.9379,1.00,1.00
2018.03.08 14:22:47.315,0.93766,0.93789,1.00,1.00
2018.03.08 14:22:47.416,0.93763,0.93788,1.00,1.00
2018.03.08 14:22:47.555,0.93766,0.93789,1.00,1.00
2018.03.08 14:22:47.873,0.93768,0.93791,1.00,1.00
2018.03.08 14:22:48.626,0.93769,0.93792,1.00,1.00
2018.03.08 14:22:49.053,0.93767,0.93792,1.00,1.00
2018.03.08 14:22:49.511,0.9377,0.93795,1.00,1.50
2018.03.08 14:22:49.815,0.93766,0.93791,1.50,1.00
2018.03.08 14:22:50.658,0.93768,0.93791,1.00,1.00
2018.03.08 14:22:51.104,0.9377,0.93792,1.00,1.00
2018.03.08 14:22:51.880,0.93769,0.93794,1.00,1.00
2018.03.08 14:22:52.130,0.93767,0.93792,1.00,1.00
2018.03.08 14:22:52.667,0.93768,0.93793,1.00,1.00
2018.03.08 14:22:53.461,0.93768,0.93791,1.00,1.00
2018.03.08 14:22:53.614,0.93765,0.93789,1.50,1.00
2018.03.08 14:22:53.715,0.93767,0.9379,1.00,1.50
2018.03.08 14:22:53.880,0.93768,0.93792,1.00,1.00
2018.03.08 14:22:53.981,0.93766,0.93791,1.00,1.00
2018.03.08 14:22:54.757,0.93765,0.9379,1.00,1.00
2018.03.08 14:22:54.860,0.9377,0.93792,1.00,1.00
2018.03.08 14:22:54.962,0.93768,0.93791,1.00,1.00
2018.03.08 14:22:55.469,0.93767,0.9379,1.00,1.00
2018.03.08 14:22:55.934,0.93765,0.93788,1.00,1.00
2018.03.08 14:22:56.387,0.93761,0.93782,1.00,1.00
2018.03.08 14:22:56.538,0.93755,0.93778,1.50,1.00
2018.03.08 14:22:56.690,0.93752,0.93779,1.12,1.00
2018.03.08 14:22:56.740,0.93757,0.93779,1.00,1.00
2018.03.08 14:22:57.046,0.93757,0.93776,1.00,1.00
2018.03.08 14:22:57.253,0.93754,0.93776,1.00,1.00
2018.03.08 14:22:57.705,0.93755,0.93778,1.00,1.00
2018.03.08 14:22:58.335,0.93754,0.93777,2.25,1.00
2018.03.08 14:22:58.751,0.93756,0.93778,1.00,1.00
2018.03.08 14:22:59.105,0.93758,0.93781,1.00,1.00
2018.03.08 14:22:59.288,0.93756,0.93778,4.50,1.00
2018.03.08 14:22:59.440,0.93754,0.93778,1.00,1.00
2018.03.08 14:22:59.541,0.93753,0.93776,1.50,1.00
2018.03.08 14:22:59.878,0.93759,0.93778,2.25,1.00
2018.03.08 14:23:00.237,0.93759,0.9378,2.25,1.00
2018.03.08 14:23:00.626,0.93758,0.9378,2.25,1.00
2018.03.08 14:23:00.995,0.93758,0.93776,2.25,1.00
2018.03.08 14:23:01.618,0.93756,0.93776,3.75,1.00
2018.03.08 14:23:02.276,0.93756,0.93777,3.75,1.00
2018.03.08 14:23:02.862,0.93757,0.93777,2.25,1.00
2018.03.08 14:23:03.619,0.93758,0.93777,1.00,1.00
2018.03.08 14:23:04.362,0.93758,0.93778,1.00,1.00
2018.03.08 14:23:04.625,0.93757,0.93776,2.25,1.00
2018.03.08 14:23:05.116,0.93757,0.93779,2.25,1.00
2018.03.08 14:23:05.167,0.93757,0.93776,2.25,1.00
2018.03.08 14:23:05.364,0.93757,0.93779,2.25,1.00
2018.03.08 14:23:05.415,0.93755,0.93779,1.00,1.00
2018.03.08 14:23:06.018,0.93756,0.93779,3.75,1.00
2018.03.08 14:23:06.551,0.93758,0.9378,1.00,1.00
2018.03.08 14:23:06.652,0.93756,0.93781,6.00,1.00
2018.03.08 14:23:06.749,0.93762,0.93782,1.00,1.00
2018.03.08 14:23:06.800,0.93762,0.93784,1.00,1.00
2018.03.08 14:23:07.506,0.93762,0.93785,1.00,1.00
2018.03.08 14:23:07.938,0.93766,0.93785,2.25,1.00
2018.03.08 14:23:08.288,0.93761,0.93785,1.00,1.00
2018.03.08 14:23:08.690,0.93764,0.93784,1.00,1.00
2018.03.08 14:23:09.391,0.93761,0.93784,1.00,1.00
2018.03.08 14:23:09.803,0.93766,0.93784,2.25,1.00
2018.03.08 14:23:10.354,0.93763,0.93784,1.00,1.00
2018.03.08 14:23:11.253,0.93759,0.93781,1.00,1.00
2018.03.08 14:23:11.453,0.93765,0.93778,1.00,1.00
2018.03.08 14:23:11.505,0.93765,0.9378,1.00,1.00
2018.03.08 14:23:11.773,0.93765,0.93782,1.00,1.00
2018.03.08 14:23:11.976,0.9376,0.93782,2.25,1.00
2018.03.08 14:23:12.395,0.9376,0.93784,3.00,1.00
2018.03.08 14:23:12.952,0.93761,0.93784,2.25,1.00
2018.03.08 14:23:13.951,0.93762,0.93784,2.25,1.00
2018.03.08 14:23:14.952,0.93764,0.93784,1.00,1.00
2018.03.08 14:23:15.802,0.93764,0.93784,3.75,1.00
2018.03.08 14:23:15.903,0.93764,0.93786,3.75,1.00
2018.03.08 14:23:16.752,0.93762,0.93785,1.00,1.00
2018.03.08 14:23:17.740,0.93764,0.93786,3.00,1.00
2018.03.08 14:23:17.791,0.93764,0.93788,3.00,1.00
2018.03.08 14:23:18.559,0.93764,0.93787,2.25,1.00
2018.03.08 14:23:18.610,0.93762,0.93786,1.50,1.00
2018.03.08 14:23:18.712,0.9376,0.93784,1.00,1.00
2018.03.08 14:23:19.320,0.93759,0.93783,1.50,1.00
2018.03.08 14:23:19.777,0.93762,0.93783,1.00,1.00
2018.03.08 14:23:19.979,0.93757,0.93782,1.50,1.00
2018.03.08 14:23:20.348,0.93761,0.93782,1.00,1.00
2018.03.08 14:23:20.717,0.93758,0.9378,1.00,1.00
2018.03.08 14:23:20.919,0.93761,0.93781,1.00,1.00
2018.03.08 14:23:21.584,0.93758,0.9378,1.00,1.00
2018.03.08 14:23:22.000,0.93761,0.9378,1.00,1.00
2018.03.08 14:23:22.260,0.93759,0.93781,1.00,1.00
2018.03.08 14:23:22.800,0.93758,0.9378,1.00,1.00
2018.03.08 14:23:24.242,0.9376,0.9378,1.00,1.00
2018.03.08 14:23:24.468,0.9376,0.93782,1.00,1.00
2018.03.08 14:23:24.519,0.9376,0.9378,1.00,1.00
2018.03.08 14:23:24.800,0.93758,0.9378,1.00,1.00
2018.03.08 14:23:25.189,0.93756,0.9378,1.50,1.00
2018.03.08 14:23:25.619,0.93754,0.93778,1.00,1.00
2018.03.08 14:23:27.188,0.93759,0.93778,1.00,1.00
2018.03.08 14:23:27.614,0.93754,0.93778,1.50,1.00
2018.03.08 14:23:28.437,0.93756,0.93777,1.00,1.00
2018.03.08 14:23:29.007,0.93755,0.93776,1.00,1.00
2018.03.08 14:23:29.612,0.93757,0.93776,1.00,1.00
2018.03.08 14:23:30.202,0.93754,0.93776,1.00,1.00
2018.03.08 14:23:30.533,0.93754,0.93778,1.00,1.00
2018.03.08 14:23:30.584,0.93759,0.93778,1.00,1.00
2018.03.08 14:23:31.357,0.93759,0.93777,1.00,1.00
2018.03.08 14:23:31.981,0.93758,0.93777,1.00,1.00
2018.03.08 14:23:33.506,0.93755,0.93777,1.50,1.00
2018.03.08 14:23:34.544,0.93759,0.93777,1.00,1.00
2018.03.08 14:23:35.386,0.93759,0.93779,1.00,1.00
2018.03.08 14:23:35.437,0.9376,0.93784,1.50,1.00
2018.03.08 14:23:35.488,0.9376,0.93782,1.50,1.00
2018.03.08 14:23:36.077,0.93761,0.93783,1.00,1.00
2018.03.08 14:23:37.807,0.93762,0.93785,1.00,1.00
2018.03.08 14:23:38.340,0.93763,0.93785,1.00,1.00
2018.03.08 14:23:38.915,0.93764,0.93786,1.00,1.00
2018.03.08 14:23:39.952,0.93765,0.93787,1.00,1.00
2018.03.08 14:23:40.542,0.93765,0.93789,1.00,1.00
2018.03.08 14:23:45.105,0.93765,0.93787,1.00,1.00
2018.03.08 14:23:45.493,0.93764,0.93785,1.00,1.00
2018.03.08 14:23:45.816,0.93766,0.93786,1.00,1.00
2018.03.08 14:23:46.507,0.93764,0.93786,1.00,1.00
2018.03.08 14:23:46.927,0.93762,0.93783,1.50,1.00
2018.03.08 14:23:47.218,0.93754,0.93776,1.00,1.00
2018.03.08 14:23:47.621,0.93752,0.93774,1.50,1.00
2018.03.08 14:23:47.958,0.93749,0.93771,1.50,1.00
2018.03.08 14:23:50.784,0.9375,0.93771,1.00,1.00
2018.03.08 14:23:51.712,0.93749,0.93771,1.00,1.00
2018.03.08 14:23:53.737,0.93747,0.93768,1.00,1.00
2018.03.08 14:23:53.815,0.93747,0.93771,1.50,1.00
2018.03.08 14:23:54.055,0.93747,0.93768,1.00,1.00
2018.03.08 14:23:54.106,0.9375,0.93773,1.50,1.00
2018.03.08 14:23:54.464,0.93754,0.93774,1.00,1.00
2018.03.08 14:23:54.836,0.9375,0.93774,3.00,1.00
2018.03.08 14:23:55.246,0.93755,0.93774,1.00,1.00
2018.03.08 14:23:55.744,0.93752,0.93774,1.00,1.00
2018.03.08 14:23:56.211,0.93755,0.93774,1.00,1.00
2018.03.08 14:23:56.786,0.93752,0.93774,1.00,1.00
2018.03.08 14:23:57.424,0.93753,0.93774,1.00,1.00
2018.03.08 14:23:58.047,0.93752,0.93774,1.00,1.00
2018.03.08 14:23:58.475,0.93756,0.93774,1.00,1.00
2018.03.08 14:23:58.996,0.93752,0.93774,1.00,1.00
2018.03.08 14:23:59.525,0.93754,0.93774,1.00,1.00
2018.03.08 14:24:00.141,0.93754,0.93776,1.00,1.00
2018.03.08 14:24:00.244,0.93752,0.93776,1.00,1.00
2018.03.08 14:24:00.742,0.93755,0.93776,1.00,1.00
2018.03.08 14:24:01.356,0.93752,0.93776,1.50,1.00
2018.03.08 14:24:01.981,0.93752,0.93774,1.50,1.00
2018.03.08 14:24:02.523,0.93749,0.93773,1.50,1.00
2018.03.08 14:24:02.574,0.93749,0.9377,1.00,1.00
2018.03.08 14:24:02.625,0.93747,0.93769,1.50,1.00
2018.03.08 14:24:03.147,0.93746,0.93768,1.00,1.00
2018.03.08 14:24:03.198,0.93749,0.93768,1.00,1.00
2018.03.08 14:24:03.936,0.93746,0.93768,1.00,1.00
2018.03.08 14:24:04.594,0.93745,0.93767,1.00,1.00
2018.03.08 14:24:05.435,0.93746,0.93767,1.00,1.00
2018.03.08 14:24:05.681,0.93743,0.93765,1.00,1.00
2018.03.08 14:24:06.114,0.93741,0.93764,1.00,1.00
2018.03.08 14:24:06.218,0.93743,0.93767,1.50,1.00
2018.03.08 14:24:06.748,0.93743,0.93766,1.00,1.00
2018.03.08 14:24:07.073,0.93745,0.93766,1.00,1.00
2018.03.08 14:24:07.125,0.93743,0.93765,1.00,1.00
2018.03.08 14:24:07.314,0.93742,0.93763,1.00,1.00
2018.03.08 14:24:07.620,0.9374,0.93762,1.00,1.00
2018.03.08 14:24:07.774,0.93744,0.93765,1.00,1.00
2018.03.08 14:24:07.826,0.93744,0.93767,1.00,1.00
2018.03.08 14:24:08.059,0.93744,0.93763,1.00,1.00
2018.03.08 14:24:08.159,0.93744,0.93765,1.00,1.00
2018.03.08 14:24:08.678,0.93743,0.93766,1.00,1.00
2018.03.08 14:24:09.151,0.93745,0.93766,1.00,1.00
2018.03.08 14:24:09.472,0.93745,0.93763,1.00,1.00
2018.03.08 14:24:09.679,0.93739,0.93759,3.75,1.00
2018.03.08 14:24:09.731,0.93739,0.93761,4.50,1.00
2018.03.08 14:24:10.261,0.93739,0.93762,3.75,1.00
2018.03.08 14:24:10.795,0.9374,0.93762,2.25,1.00
2018.03.08 14:24:11.239,0.9374,0.93764,2.25,1.00
2018.03.08 14:24:11.290,0.93747,0.93766,1.00,1.00
2018.03.08 14:24:11.391,0.93747,0.93768,1.00,1.00
2018.03.08 14:24:11.695,0.93742,0.93768,1.00,1.00
2018.03.08 14:24:11.897,0.93744,0.93768,1.00,1.00
2018.03.08 14:24:12.233,0.93746,0.93768,1.00,1.00
2018.03.08 14:24:12.546,0.93746,0.93765,1.00,1.00
2018.03.08 14:24:12.597,0.9374,0.93763,3.75,1.00
2018.03.08 14:24:12.648,0.93741,0.93765,1.12,1.00
2018.03.08 14:24:12.749,0.93744,0.93765,1.00,1.00
2018.03.08 14:24:13.223,0.93747,0.93769,3.75,1.00
2018.03.08 14:24:13.630,0.93751,0.93769,1.00,1.00
2018.03.08 14:24:13.732,0.93745,0.93769,1.50,1.00
2018.03.08 14:24:13.783,0.93745,0.93767,1.00,1.00
2018.03.08 14:24:14.159,0.93745,0.93765,1.00,1.00
2018.03.08 14:24:14.267,0.93745,0.93768,1.00,1.00
2018.03.08 14:24:14.318,0.93745,0.93765,1.00,1.00
2018.03.08 14:24:14.497,0.93745,0.93768,1.00,1.00
2018.03.08 14:24:14.549,0.93743,0.93768,1.00,1.00
2018.03.08 14:24:14.599,0.93744,0.93765,1.00,1.00
2018.03.08 14:24:15.585,0.93742,0.93764,1.00,1.00
2018.03.08 14:24:15.934,0.93743,0.93767,1.00,1.00
2018.03.08 14:24:16.446,0.93744,0.93768,1.00,1.00
2018.03.08 14:24:16.765,0.93743,0.93765,1.00,1.00
2018.03.08 14:24:17.194,0.93745,0.93766,1.00,1.00
2018.03.08 14:24:18.359,0.93744,0.93766,1.00,1.00
2018.03.08 14:24:18.685,0.93748,0.93771,1.00,1.00
2018.03.08 14:24:19.328,0.93747,0.9377,1.00,1.00
2018.03.08 14:24:19.473,0.93749,0.9377,1.00,1.00
2018.03.08 14:24:19.574,0.9375,0.93772,1.00,1.00
2018.03.08 14:24:20.233,0.93751,0.93772,1.00,1.00
2018.03.08 14:24:20.384,0.93749,0.93772,1.00,1.00
2018.03.08 14:24:20.540,0.93751,0.93772,1.00,1.00
2018.03.08 14:24:21.362,0.93749,0.93772,1.00,1.00
2018.03.08 14:24:21.413,0.93746,0.93769,1.00,1.00
2018.03.08 14:24:22.001,0.93745,0.93766,1.00,1.00
2018.03.08 14:24:23.213,0.93743,0.93767,1.00,1.00
2018.03.08 14:24:23.485,0.93745,0.93767,1.00,1.00
2018.03.08 14:24:24.163,0.93744,0.93766,1.00,1.00
2018.03.08 14:24:24.862,0.93745,0.93767,1.00,1.00
2018.03.08 14:24:25.202,0.93743,0.93765,1.00,1.00
2018.03.08 14:24:25.743,0.93745,0.93766,1.00,1.00
2018.03.08 14:24:25.997,0.93742,0.93765,1.00,1.00
2018.03.08 14:24:27.063,0.93742,0.93764,1.00,1.00
2018.03.08 14:24:27.576,0.93743,0.93764,1.00,1.00
2018.03.08 14:24:27.818,0.93742,0.93766,1.00,1.00
2018.03.08 14:24:28.133,0.93743,0.93764,1.00,1.00
2018.03.08 14:24:28.944,0.93742,0.93763,1.00,1.00
2018.03.08 14:24:29.531,0.93742,0.93765,1.00,1.00
2018.03.08 14:24:30.593,0.93744,0.93766,1.00,1.00
2018.03.08 14:24:31.230,0.93742,0.93765,1.00,1.00
2018.03.08 14:24:31.759,0.9374,0.93763,1.00,1.00
2018.03.08 14:24:32.066,0.93736,0.93757,1.00,1.00
2018.03.08 14:24:32.301,0.93737,0.93759,1.00,1.00
2018.03.08 14:24:32.838,0.93737,0.93758,1.00,1.00
2018.03.08 14:24:34.820,0.93736,0.93758,1.00,1.00
2018.03.08 14:24:35.494,0.93735,0.93757,1.00,1.00
2018.03.08 14:24:36.072,0.93732,0.93753,1.00,1.00
2018.03.08 14:24:36.324,0.93733,0.93755,1.00,1.00
2018.03.08 14:24:36.890,0.93734,0.93755,1.00,1.00
2018.03.08 14:24:36.941,0.93731,0.93754,1.00,1.00
2018.03.08 14:24:37.521,0.93731,0.93755,1.00,1.00
2018.03.08 14:24:37.809,0.93731,0.93752,1.00,1.00
2018.03.08 14:24:37.860,0.93732,0.93754,1.00,1.00
2018.03.08 14:24:38.411,0.93731,0.93755,1.00,1.00
2018.03.08 14:24:38.512,0.9373,0.93751,1.00,1.00
2018.03.08 14:24:38.820,0.93732,0.93753,1.00,1.00
2018.03.08 14:24:38.922,0.93731,0.93755,1.00,1.00
2018.03.08 14:24:39.074,0.93733,0.93754,1.00,1.00
2018.03.08 14:24:39.571,0.9373,0.93754,1.00,1.00
2018.03.08 14:24:39.622,0.9373,0.93752,1.00,1.00
2018.03.08 14:24:40.120,0.93726,0.93749,1.50,1.00
2018.03.08 14:24:40.173,0.93729,0.93751,1.00,1.00
2018.03.08 14:24:40.693,0.93728,0.93751,1.00,1.00
2018.03.08 14:24:41.143,0.9373,0.93751,1.00,1.00
2018.03.08 14:24:41.295,0.9373,0.93753,1.00,1.00
2018.03.08 14:24:42.076,0.93732,0.93753,1.00,1.00
2018.03.08 14:24:42.726,0.93731,0.93752,1.00,1.00
2018.03.08 14:24:43.255,0.93732,0.93754,1.00,1.00
2018.03.08 14:24:43.788,0.93731,0.93754,1.00,1.00
2018.03.08 14:24:46.452,0.93731,0.93753,1.00,1.00
2018.03.08 14:24:46.953,0.9373,0.93753,1.00,1.00
2018.03.08 14:24:47.597,0.93731,0.93754,1.00,1.00
2018.03.08 14:24:48.252,0.93733,0.93754,1.00,1.00
2018.03.08 14:24:50.523,0.93731,0.93754,1.00,1.00
2018.03.08 14:24:51.783,0.93733,0.93754,1.00,1.00
2018.03.08 14:24:52.284,0.93732,0.93753,1.00,1.00
2018.03.08 14:24:52.788,0.93733,0.93754,1.00,1.00
2018.03.08 14:24:52.839,0.93731,0.93754,1.00,1.00
2018.03.08 14:24:52.935,0.93733,0.93754,1.00,1.00
2018.03.08 14:24:53.174,0.93731,0.93754,1.00,1.00
2018.03.08 14:24:54.025,0.93733,0.93754,1.00,1.00
2018.03.08 14:24:54.189,0.93731,0.93754,1.00,1.00
2018.03.08 14:24:55.145,0.9373,0.93754,1.00,1.00
2018.03.08 14:24:56.048,0.93732,0.93753,1.00,1.00
2018.03.08 14:24:56.780,0.93732,0.93756,1.00,1.12
2018.03.08 14:24:57.065,0.93734,0.93755,1.00,1.00
2018.03.08 14:24:58.753,0.93733,0.93755,1.00,1.00
2018.03.08 14:25:01.533,0.93734,0.93755,1.00,1.00
2018.03.08 14:25:02.844,0.93734,0.93756,1.00,1.00
2018.03.08 14:25:02.895,0.93732,0.93755,1.00,1.00
2018.03.08 14:25:03.583,0.93736,0.93757,1.00,1.00
2018.03.08 14:25:03.840,0.93737,0.93759,1.00,1.00
2018.03.08 14:25:04.390,0.93739,0.93761,1.00,1.00
2018.03.08 14:25:04.964,0.93739,0.93762,1.00,1.00
2018.03.08 14:25:05.554,0.9374,0.93763,1.00,1.00
2018.03.08 14:25:10.828,0.9374,0.93761,1.00,1.00
2018.03.08 14:25:11.538,0.9374,0.93762,1.00,1.00
2018.03.08 14:25:14.069,0.93742,0.93763,1.00,1.00
2018.03.08 14:25:14.489,0.93744,0.93765,1.00,1.00
2018.03.08 14:25:15.660,0.93745,0.93766,1.00,1.00
2018.03.08 14:25:16.176,0.93746,0.93767,1.00,1.00
2018.03.08 14:25:16.402,0.93742,0.93765,1.00,1.00
2018.03.08 14:25:16.961,0.93741,0.93764,1.00,1.00
2018.03.08 14:25:17.013,0.93743,0.93766,1.00,1.00
2018.03.08 14:25:17.168,0.93744,0.93768,1.00,1.00
2018.03.08 14:25:17.270,0.93746,0.93769,1.00,1.00
2018.03.08 14:25:17.911,0.93747,0.93769,1.00,1.00
2018.03.08 14:25:19.494,0.93748,0.93769,1.00,1.00
2018.03.08 14:25:20.015,0.93749,0.9377,1.00,1.00
2018.03.08 14:25:20.218,0.93751,0.93774,1.00,1.00
2018.03.08 14:25:22.569,0.93753,0.93774,1.00,1.00
2018.03.08 14:25:22.872,0.93757,0.93779,1.00,1.50
2018.03.08 14:25:23.191,0.93758,0.93781,1.00,1.00
2018.03.08 14:25:23.676,0.93758,0.9378,1.00,2.25
2018.03.08 14:25:24.419,0.93758,0.9378,1.00,1.00
2018.03.08 14:25:26.072,0.93758,0.9378,1.00,3.00
2018.03.08 14:25:26.174,0.93756,0.93779,1.00,1.50
2018.03.08 14:25:26.906,0.93756,0.93779,1.00,1.00
2018.03.08 14:25:27.392,0.93755,0.93776,1.00,1.00
2018.03.08 14:25:27.544,0.93757,0.93779,1.00,1.00
2018.03.08 14:25:28.068,0.93758,0.9378,1.00,1.00
2018.03.08 14:25:28.789,0.93758,0.93781,1.00,1.00
2018.03.08 14:25:29.096,0.9376,0.93779,1.00,1.00
2018.03.08 14:25:29.550,0.9376,0.93781,1.00,1.00
2018.03.08 14:25:30.474,0.93761,0.93782,1.00,1.12
2018.03.08 14:25:31.266,0.9376,0.93781,1.00,1.00
2018.03.08 14:25:31.926,0.9376,0.93782,1.00,1.00
2018.03.08 14:25:32.159,0.93759,0.93781,1.00,1.50
2018.03.08 14:25:32.743,0.93756,0.93781,1.00,1.50
2018.03.08 14:25:33.334,0.93756,0.93781,1.00,1.00
2018.03.08 14:25:33.529,0.93758,0.9378,1.00,1.00
2018.03.08 14:25:33.609,0.93756,0.93779,1.00,1.00
2018.03.08 14:25:33.837,0.93757,0.93781,1.00,1.00
2018.03.08 14:25:35.077,0.93757,0.93779,1.00,1.00
2018.03.08 14:25:35.217,0.93757,0.93781,1.00,1.00
2018.03.08 14:25:35.446,0.93759,0.93782,1.00,1.12
2018.03.08 14:25:35.776,0.93756,0.93779,1.00,1.00
2018.03.08 14:25:36.277,0.93755,0.93779,1.00,1.00
2018.03.08 14:25:36.618,0.93757,0.93777,1.00,1.00
2018.03.08 14:25:37.178,0.93757,0.93779,1.00,1.00
2018.03.08 14:25:39.656,0.93756,0.93778,1.00,1.00
2018.03.08 14:25:40.386,0.93756,0.9378,1.00,1.00
2018.03.08 14:25:40.590,0.93754,0.93778,1.50,1.50
2018.03.08 14:25:41.786,0.93754,0.93774,1.00,1.00
2018.03.08 14:25:41.837,0.93751,0.93774,1.00,1.00
2018.03.08 14:25:42.375,0.93751,0.93773,1.00,1.00
2018.03.08 14:25:42.577,0.93751,0.93775,1.00,1.00
2018.03.08 14:25:44.302,0.93748,0.93775,1.00,1.00
2018.03.08 14:25:44.353,0.93747,0.93769,1.00,1.00
2018.03.08 14:25:44.408,0.93748,0.93772,1.00,1.00
2018.03.08 14:25:44.459,0.93747,0.9377,1.00,1.00
2018.03.08 14:25:44.828,0.93749,0.93771,1.00,1.00
2018.03.08 14:25:45.335,0.93749,0.93772,1.00,1.00
2018.03.08 14:25:45.386,0.93749,0.93774,1.00,1.00
2018.03.08 14:25:45.505,0.9375,0.93771,1.00,1.00
2018.03.08 14:25:45.813,0.93748,0.9377,1.00,1.00
2018.03.08 14:25:45.865,0.9375,0.93771,1.00,1.00
2018.03.08 14:25:46.219,0.93748,0.9377,1.00,1.00
2018.03.08 14:25:46.749,0.93747,0.93769,1.00,1.00
2018.03.08 14:25:47.034,0.93747,0.93771,1.00,1.00
2018.03.08 14:25:47.580,0.93748,0.93771,1.00,1.00
2018.03.08 14:25:48.332,0.93749,0.9377,1.00,1.00
2018.03.08 14:25:48.442,0.93747,0.9377,1.00,1.00
2018.03.08 14:25:49.349,0.93748,0.93771,1.00,1.50
2018.03.08 14:25:49.777,0.93747,0.93769,1.00,1.00
2018.03.08 14:25:50.104,0.93745,0.93768,1.00,1.00
2018.03.08 14:25:50.206,0.93743,0.93768,1.00,1.00
2018.03.08 14:25:50.585,0.93741,0.93765,1.50,1.00
2018.03.08 14:25:50.942,0.93741,0.93767,2.25,1.00
2018.03.08 14:25:51.119,0.93742,0.93764,1.00,1.00
2018.03.08 14:25:51.220,0.93742,0.93766,1.00,1.00
2018.03.08 14:25:51.372,0.93742,0.93764,1.00,1.00
2018.03.08 14:25:51.568,0.9374,0.93764,1.00,1.00
2018.03.08 14:25:51.821,0.93739,0.9376,1.00,1.00
2018.03.08 14:25:52.314,0.93737,0.93762,1.00,1.00
2018.03.08 14:25:52.607,0.93739,0.93762,1.00,1.00
2018.03.08 14:25:52.709,0.93737,0.93763,1.50,1.00
2018.03.08 14:25:53.054,0.93737,0.93761,1.00,1.00
2018.03.08 14:25:53.562,0.93741,0.93763,1.00,1.00
2018.03.08 14:25:53.716,0.93742,0.93766,1.00,1.00
2018.03.08 14:25:54.029,0.93739,0.93765,1.00,1.00
2018.03.08 14:25:54.180,0.93741,0.93764,1.00,1.00
2018.03.08 14:25:54.875,0.93743,0.93765,1.00,1.00
2018.03.08 14:25:55.250,0.93741,0.93765,1.00,1.00
2018.03.08 14:25:55.301,0.93741,0.93762,1.00,1.00
2018.03.08 14:25:55.352,0.93741,0.93764,1.00,1.00
2018.03.08 14:25:55.404,0.93742,0.93766,1.00,1.00
2018.03.08 14:25:55.505,0.9374,0.93764,2.25,1.00
2018.03.08 14:25:56.401,0.9374,0.93763,1.00,1.00
2018.03.08 14:25:56.690,0.9374,0.93765,1.00,1.00
2018.03.08 14:25:57.067,0.93739,0.93763,1.50,1.00
2018.03.08 14:25:57.393,0.93742,0.93766,1.00,1.00
2018.03.08 14:25:57.911,0.93744,0.93768,1.00,1.00
2018.03.08 14:25:58.440,0.93745,0.93767,1.00,1.00
2018.03.08 14:25:58.545,0.93738,0.93762,1.50,1.00
2018.03.08 14:25:58.697,0.93737,0.93759,1.00,1.00
2018.03.08 14:25:58.900,0.93734,0.93759,1.00,1.00
2018.03.08 14:25:58.950,0.93738,0.93759,1.00,1.00
2018.03.08 14:25:59.052,0.93735,0.93758,1.00,1.00
2018.03.08 14:25:59.150,0.93738,0.93759,1.00,1.00
2018.03.08 14:25:59.205,0.93736,0.93758,1.00,1.00
2018.03.08 14:25:59.416,0.93738,0.93762,1.00,1.00
2018.03.08 14:25:59.886,0.93739,0.9376,1.00,1.00
2018.03.08 14:26:00.095,0.9374,0.93762,1.00,1.00
2018.03.08 14:26:00.146,0.93736,0.93761,1.00,1.00
2018.03.08 14:26:00.198,0.9374,0.93762,1.00,1.00
2018.03.08 14:26:00.308,0.93737,0.93761,1.00,1.00
2018.03.08 14:26:00.517,0.93741,0.93764,1.00,1.00
2018.03.08 14:26:01.060,0.93742,0.93763,1.00,1.00
2018.03.08 14:26:01.162,0.9374,0.93762,1.12,1.00
2018.03.08 14:26:01.313,0.93742,0.93765,1.00,1.00
2018.03.08 14:26:01.364,0.9374,0.93763,1.00,1.00
2018.03.08 14:26:01.468,0.93742,0.93766,1.00,1.00
2018.03.08 14:26:01.519,0.93744,0.93768,1.00,1.00
2018.03.08 14:26:01.853,0.93742,0.93764,1.00,1.00
2018.03.08 14:26:02.442,0.93744,0.93765,1.00,1.00
2018.03.08 14:26:02.494,0.93742,0.93766,1.00,1.00
2018.03.08 14:26:02.545,0.93744,0.93766,1.00,1.00
2018.03.08 14:26:02.696,0.93737,0.93764,1.00,1.00
2018.03.08 14:26:02.747,0.93737,0.93762,1.00,1.00
2018.03.08 14:26:03.188,0.93739,0.93763,1.00,1.00
2018.03.08 14:26:03.617,0.93741,0.93762,1.00,1.00
2018.03.08 14:26:03.962,0.93736,0.93764,1.00,1.00
2018.03.08 14:26:04.064,0.9374,0.93765,1.00,1.00
2018.03.08 14:26:04.394,0.93742,0.93764,1.00,1.00
2018.03.08 14:26:04.669,0.93738,0.93763,1.00,1.00
2018.03.08 14:26:04.719,0.93742,0.93765,1.00,1.00
2018.03.08 14:26:05.051,0.93738,0.93764,1.00,1.00
2018.03.08 14:26:05.101,0.93742,0.93764,1.00,1.00
2018.03.08 14:26:05.152,0.93743,0.93767,1.00,1.00
2018.03.08 14:26:05.333,0.93739,0.93765,1.00,1.00
2018.03.08 14:26:05.384,0.93743,0.93768,1.00,1.00
2018.03.08 14:26:05.711,0.93739,0.93766,1.00,1.00
2018.03.08 14:26:05.984,0.93744,0.93765,1.00,1.00
2018.03.08 14:26:06.224,0.9374,0.93764,1.00,1.00
2018.03.08 14:26:06.275,0.93744,0.93765,1.00,1.00
2018.03.08 14:26:06.455,0.93739,0.93765,1.00,1.00
2018.03.08 14:26:06.632,0.93744,0.93765,1.00,1.00
2018.03.08 14:26:06.839,0.9374,0.93765,1.00,1.00
2018.03.08 14:26:07.024,0.93744,0.93765,1.00,1.00
2018.03.08 14:26:07.163,0.9374,0.93767,1.00,1.00
2018.03.08 14:26:07.665,0.93743,0.93768,1.00,1.00
2018.03.08 14:26:08.414,0.93744,0.93768,1.00,1.00
2018.03.08 14:26:08.808,0.93746,0.93769,1.00,1.00
2018.03.08 14:26:08.859,0.93742,0.93768,1.00,1.00
2018.03.08 14:26:08.910,0.93747,0.93769,1.00,1.00
2018.03.08 14:26:08.961,0.93742,0.93766,1.00,1.00
2018.03.08 14:26:09.090,0.93746,0.93767,1.00,1.00
2018.03.08 14:26:09.142,0.93745,0.93769,1.00,1.00
2018.03.08 14:26:09.415,0.93746,0.93771,1.00,1.00
2018.03.08 14:26:10.076,0.93747,0.93772,1.00,1.00
2018.03.08 14:26:10.177,0.93745,0.93771,1.00,1.00
2018.03.08 14:26:10.693,0.93747,0.93769,1.00,1.00
2018.03.08 14:26:11.347,0.93746,0.93768,1.00,1.00
2018.03.08 14:26:11.705,0.93748,0.9377,1.00,1.00
2018.03.08 14:26:11.842,0.93749,0.93772,1.00,1.00
2018.03.08 14:26:12.123,0.93746,0.93772,1.00,1.00
2018.03.08 14:26:12.356,0.93748,0.93772,1.00,1.00
2018.03.08 14:26:12.407,0.93748,0.93774,1.00,1.00
2018.03.08 14:26:12.916,0.93747,0.93773,1.00,1.00
2018.03.08 14:26:13.220,0.93749,0.93773,1.00,1.00
2018.03.08 14:26:13.537,0.93751,0.93775,1.00,1.00
2018.03.08 14:26:14.331,0.93749,0.93774,1.00,1.00
2018.03.08 14:26:14.861,0.93752,0.93775,1.00,1.00
2018.03.08 14:26:15.245,0.9375,0.93773,1.00,1.00
2018.03.08 14:26:15.563,0.93749,0.93771,1.00,1.00
2018.03.08 14:26:15.614,0.93747,0.93771,1.00,1.00
2018.03.08 14:26:15.817,0.93744,0.93765,1.00,1.00
2018.03.08 14:26:15.868,0.93742,0.93765,1.00,1.50
2018.03.08 14:26:15.919,0.93737,0.93762,1.00,2.25
2018.03.08 14:26:15.969,0.93739,0.93762,1.00,1.00
2018.03.08 14:26:16.514,0.93738,0.93761,1.00,1.00
2018.03.08 14:26:17.018,0.93739,0.93762,1.00,2.25
2018.03.08 14:26:17.228,0.93736,0.93762,1.00,1.50
2018.03.08 14:26:17.330,0.9374,0.93762,1.00,1.00
2018.03.08 14:26:17.380,0.93737,0.93761,1.00,1.00
2018.03.08 14:26:17.782,0.9374,0.93762,1.00,1.00
2018.03.08 14:26:17.832,0.9374,0.93765,1.00,1.50
2018.03.08 14:26:17.883,0.93739,0.93763,1.00,1.00
2018.03.08 14:26:17.934,0.9374,0.93765,1.00,1.00
2018.03.08 14:26:18.081,0.93742,0.93765,1.00,1.00
2018.03.08 14:26:18.438,0.9374,0.93763,1.00,1.00
2018.03.08 14:26:18.539,0.9374,0.93765,1.00,1.00
2018.03.08 14:26:18.934,0.93743,0.93765,1.00,1.50
2018.03.08 14:26:19.263,0.93738,0.93763,1.00,1.00
2018.03.08 14:26:19.856,0.93739,0.93763,1.00,1.00
2018.03.08 14:26:20.013,0.93738,0.93761,1.00,1.00
2018.03.08 14:26:20.704,0.93738,0.93762,1.00,1.00
2018.03.08 14:26:21.017,0.93735,0.93758,1.00,1.00
2018.03.08 14:26:21.070,0.93737,0.93761,1.00,1.50
2018.03.08 14:26:21.333,0.93737,0.93758,1.00,1.00
2018.03.08 14:26:21.645,0.93738,0.93761,1.00,1.50
2018.03.08 14:26:22.384,0.93737,0.93761,1.00,2.25
2018.03.08 14:26:22.890,0.93738,0.93761,1.00,1.50
2018.03.08 14:26:23.138,0.93736,0.9376,1.00,1.00
2018.03.08 14:26:23.656,0.93735,0.93759,1.00,1.50
2018.03.08 14:26:24.084,0.93737,0.9376,1.00,1.00
2018.03.08 14:26:24.430,0.9374,0.93762,1.00,1.00
2018.03.08 14:26:24.585,0.9374,0.93765,1.00,1.00
2018.03.08 14:26:25.120,0.9374,0.93766,1.00,1.00
2018.03.08 14:26:25.231,0.9374,0.93762,1.00,1.00
2018.03.08 14:26:25.541,0.93741,0.93766,1.00,1.00
2018.03.08 14:26:25.663,0.93741,0.93764,1.00,1.00
2018.03.08 14:26:25.764,0.93739,0.93763,1.00,1.00
2018.03.08 14:26:26.270,0.93739,0.93764,1.00,1.00
2018.03.08 14:26:26.658,0.93741,0.93766,1.00,1.00
2018.03.08 14:26:26.969,0.93744,0.93769,1.00,1.00
2018.03.08 14:26:27.496,0.93747,0.9377,1.00,1.50
2018.03.08 14:26:27.648,0.93742,0.93766,1.50,1.00
2018.03.08 14:26:27.699,0.93747,0.93768,1.00,1.00
2018.03.08 14:26:27.838,0.93747,0.9377,1.00,1.00
2018.03.08 14:26:27.889,0.93744,0.93768,1.00,1.00
2018.03.08 14:26:27.990,0.93746,0.93769,1.00,1.12
2018.03.08 14:26:28.243,0.93744,0.93771,1.00,3.00
2018.03.08 14:26:28.649,0.93746,0.93771,1.00,1.00
2018.03.08 14:26:28.961,0.93748,0.9377,1.00,1.00
2018.03.08 14:26:29.247,0.93743,0.93767,1.00,1.00
2018.03.08 14:26:29.298,0.93745,0.93769,1.00,1.00
2018.03.08 14:26:29.639,0.93743,0.93766,1.00,1.00
2018.03.08 14:26:29.691,0.93744,0.93768,1.00,1.00
2018.03.08 14:26:30.016,0.93747,0.93771,1.00,1.00
2018.03.08 14:26:30.118,0.93745,0.93772,1.00,1.00
2018.03.08 14:26:30.177,0.93744,0.93769,1.00,1.00
2018.03.08 14:26:31.156,0.93744,0.93769,1.00,3.75
2018.03.08 14:26:31.207,0.9374,0.93767,1.00,1.00
2018.03.08 14:26:31.258,0.93743,0.93766,1.00,1.00
2018.03.08 14:26:31.566,0.93741,0.93765,1.00,1.00
2018.03.08 14:26:31.718,0.93737,0.93764,1.00,1.00
2018.03.08 14:26:31.772,0.93741,0.93765,1.00,1.12
2018.03.08 14:26:31.974,0.93743,0.93768,1.00,1.00
2018.03.08 14:26:32.189,0.93741,0.93765,1.00,1.00
2018.03.08 14:26:32.492,0.93743,0.93766,1.00,1.00
2018.03.08 14:26:32.593,0.93739,0.93767,1.50,1.00
2018.03.08 14:26:33.124,0.93741,0.93767,1.00,1.00
2018.03.08 14:26:33.226,0.93739,0.93766,1.50,1.00
2018.03.08 14:26:33.327,0.93741,0.93767,1.00,1.00
2018.03.08 14:26:33.479,0.93739,0.93766,1.50,1.00
2018.03.08 14:26:33.530,0.93742,0.93766,1.00,1.00
2018.03.08 14:26:33.811,0.93739,0.93767,1.50,1.00
2018.03.08 14:26:34.013,0.93744,0.93769,1.00,1.00
2018.03.08 14:26:34.350,0.93741,0.9377,1.00,1.00
2018.03.08 14:26:34.401,0.93743,0.9377,1.00,1.00
2018.03.08 14:26:34.705,0.93743,0.93768,1.00,1.00
2018.03.08 14:26:34.828,0.93741,0.9377,1.00,1.00
2018.03.08 14:26:34.879,0.93744,0.93767,1.00,1.00
2018.03.08 14:26:34.930,0.93743,0.93769,1.00,1.00
2018.03.08 14:26:34.980,0.93744,0.93767,1.00,1.00
2018.03.08 14:26:35.364,0.93746,0.9377,1.00,1.00
2018.03.08 14:26:35.467,0.93744,0.93771,1.00,1.12
2018.03.08 14:26:36.074,0.93743,0.93771,1.00,1.00
2018.03.08 14:26:36.354,0.93745,0.93772,1.00,1.00
2018.03.08 14:26:36.658,0.93745,0.93768,1.00,1.00
2018.03.08 14:26:36.817,0.93742,0.93769,1.00,1.00
2018.03.08 14:26:36.868,0.93743,0.93766,1.00,1.00
2018.03.08 14:26:36.969,0.93741,0.93766,1.00,1.00
2018.03.08 14:26:37.497,0.93739,0.93766,1.00,1.00
2018.03.08 14:26:37.547,0.93739,0.93762,1.00,1.00
2018.03.08 14:26:37.598,0.93739,0.93765,1.00,1.00
2018.03.08 14:26:37.649,0.93738,0.93762,1.00,1.00
2018.03.08 14:26:38.277,0.93738,0.93761,1.00,1.00
2018.03.08 14:26:38.798,0.93739,0.93762,1.00,1.00
2018.03.08 14:26:38.937,0.93739,0.93764,1.00,1.50
2018.03.08 14:26:39.778,0.93739,0.93763,1.00,1.00
2018.03.08 14:26:40.304,0.93739,0.93764,1.00,1.00
2018.03.08 14:26:40.355,0.93742,0.93764,1.00,1.00
2018.03.08 14:26:41.329,0.93741,0.93764,1.00,1.00
2018.03.08 14:26:41.481,0.93739,0.93764,1.00,1.00
2018.03.08 14:26:42.282,0.93739,0.93766,1.00,2.25
2018.03.08 14:26:42.792,0.9374,0.93765,1.00,1.00
2018.03.08 14:26:43.600,0.93738,0.93763,1.00,1.00
2018.03.08 14:26:44.268,0.93737,0.93762,1.00,1.00
2018.03.08 14:26:44.993,0.93738,0.93763,1.00,1.00
2018.03.08 14:26:45.439,0.93736,0.93762,1.00,1.00
2018.03.08 14:26:45.978,0.93735,0.93762,1.00,1.00
2018.03.08 14:26:46.484,0.93736,0.93763,1.00,1.50
2018.03.08 14:26:46.535,0.93738,0.93762,1.00,1.00
2018.03.08 14:26:46.678,0.93735,0.93762,1.00,1.00
2018.03.08 14:26:46.729,0.93737,0.93761,1.00,1.00
2018.03.08 14:26:46.985,0.93722,0.93748,1.00,1.00
2018.03.08 14:26:47.087,0.9372,0.93746,1.50,1.00
2018.03.08 14:26:47.514,0.93722,0.93745,1.00,1.00
2018.03.08 14:26:47.687,0.93722,0.93747,1.00,3.00
2018.03.08 14:26:48.416,0.93722,0.93745,1.00,2.25
2018.03.08 14:26:48.969,0.93721,0.93745,1.00,2.25
2018.03.08 14:26:49.368,0.93721,0.93745,1.00,1.00
2018.03.08 14:26:50.368,0.93721,0.93746,1.00,1.50
2018.03.08 14:26:51.422,0.93723,0.93746,1.00,1.00
2018.03.08 14:26:51.775,0.93721,0.93746,1.00,1.00
2018.03.08 14:26:52.707,0.93723,0.93745,1.00,1.00
2018.03.08 14:26:53.946,0.93723,0.93743,1.00,1.00
2018.03.08 14:26:54.060,0.93718,0.93743,1.00,1.50
2018.03.08 14:26:54.111,0.93716,0.93739,1.00,1.00
2018.03.08 14:26:54.853,0.93714,0.93738,1.00,1.00
2018.03.08 14:26:56.404,0.93715,0.93741,1.00,1.00
2018.03.08 14:26:56.987,0.9372,0.93743,1.00,1.00
2018.03.08 14:26:57.296,0.93718,0.93743,1.00,1.00
2018.03.08 14:26:57.347,0.93723,0.93746,1.00,1.00
2018.03.08 14:26:57.548,0.93723,0.93748,1.00,1.00
2018.03.08 14:26:57.650,0.93725,0.93748,1.00,1.00
2018.03.08 14:26:58.880,0.93725,0.9375,1.00,1.00
2018.03.08 14:26:59.246,0.93715,0.93746,1.35,1.00
2018.03.08 14:26:59.297,0.93715,0.93741,1.00,1.00
2018.03.08 14:26:59.399,0.93712,0.93739,1.00,1.00
2018.03.08 14:26:59.450,0.93716,0.9374,1.00,1.00
2018.03.08 14:26:59.551,0.93712,0.93741,1.00,1.50
2018.03.08 14:26:59.708,0.93715,0.93741,1.00,1.50
2018.03.08 14:27:00.037,0.93717,0.9374,1.00,1.00
2018.03.08 14:27:00.088,0.93715,0.93741,1.00,1.00
2018.03.08 14:27:00.139,0.93717,0.9374,1.00,1.00
2018.03.08 14:27:00.441,0.93712,0.93739,1.50,1.00
2018.03.08 14:27:00.492,0.93716,0.93739,1.00,1.00
2018.03.08 14:27:00.705,0.93717,0.93743,1.00,1.00
2018.03.08 14:27:00.856,0.93715,0.93741,1.00,1.00
2018.03.08 14:27:01.420,0.93716,0.93739,1.00,1.00
2018.03.08 14:27:01.470,0.93713,0.93739,1.00,1.00
2018.03.08 14:27:01.521,0.93715,0.9374,1.00,1.00
2018.03.08 14:27:01.832,0.93712,0.93734,1.00,1.00
2018.03.08 14:27:02.314,0.93711,0.93732,1.00,1.00
2018.03.08 14:27:02.365,0.93709,0.93732,1.00,1.00
2018.03.08 14:27:03.303,0.9371,0.93733,1.00,1.00
2018.03.08 14:27:03.355,0.93711,0.93735,1.00,1.00
2018.03.08 14:27:03.492,0.93709,0.93731,1.00,1.00
2018.03.08 14:27:03.694,0.9371,0.93733,1.00,1.00
2018.03.08 14:27:04.294,0.93701,0.93725,1.00,1.00
2018.03.08 14:27:04.346,0.93701,0.93722,1.00,1.00
2018.03.08 14:27:04.549,0.93706,0.93729,1.00,1.00
2018.03.08 14:27:04.650,0.93708,0.93732,1.00,1.00
2018.03.08 14:27:04.852,0.9371,0.93732,1.00,1.00
2018.03.08 14:27:05.202,0.93712,0.93733,1.00,1.00
2018.03.08 14:27:05.737,0.93713,0.93734,1.00,1.00
2018.03.08 14:27:05.890,0.9371,0.93733,1.00,1.00
2018.03.08 14:27:05.969,0.93709,0.93731,1.00,1.00
2018.03.08 14:27:06.287,0.93712,0.93733,1.00,1.00
2018.03.08 14:27:06.338,0.9371,0.93735,1.50,1.00
2018.03.08 14:27:06.556,0.93714,0.93737,1.00,1.00
2018.03.08 14:27:07.514,0.93713,0.93735,1.00,1.00
2018.03.08 14:27:07.808,0.93711,0.93735,1.50,1.00
2018.03.08 14:27:07.858,0.93712,0.93733,1.00,1.00
2018.03.08 14:27:08.311,0.93706,0.93729,1.00,1.00
2018.03.08 14:27:08.412,0.93702,0.93729,1.00,1.00
2018.03.08 14:27:08.463,0.93701,0.93726,2.25,1.00
2018.03.08 14:27:08.677,0.93702,0.93728,1.50,1.00
2018.03.08 14:27:08.888,0.93702,0.93725,1.50,1.00
2018.03.08 14:27:09.180,0.93703,0.93727,1.00,1.00
2018.03.08 14:27:09.732,0.93704,0.93726,1.00,1.00
2018.03.08 14:27:10.147,0.93702,0.93726,1.00,1.00
2018.03.08 14:27:11.246,0.93703,0.93726,1.00,1.00
2018.03.08 14:27:11.328,0.93701,0.93726,1.50,1.00
2018.03.08 14:27:11.379,0.93702,0.93724,1.00,1.00
2018.03.08 14:27:11.430,0.93702,0.93727,1.50,1.00
2018.03.08 14:27:11.531,0.93701,0.93724,1.00,1.00
2018.03.08 14:27:11.581,0.93701,0.93726,1.00,1.00
2018.03.08 14:27:11.733,0.93704,0.93726,1.00,1.00
2018.03.08 14:27:12.085,0.93702,0.93725,1.00,1.00
2018.03.08 14:27:12.489,0.93703,0.93727,1.00,1.00
2018.03.08 14:27:13.033,0.93709,0.9373,1.00,1.00
2018.03.08 14:27:13.184,0.93704,0.9373,1.00,1.00
2018.03.08 14:27:13.958,0.93703,0.93728,1.00,1.00
2018.03.08 14:27:14.494,0.93704,0.93728,1.00,1.00
2018.03.08 14:27:15.241,0.93705,0.93729,1.00,1.00
2018.03.08 14:27:15.511,0.93707,0.93732,1.00,1.00
2018.03.08 14:27:15.716,0.93711,0.93734,1.00,1.00
2018.03.08 14:27:15.766,0.93711,0.93736,1.00,1.00
2018.03.08 14:27:16.008,0.93714,0.93738,1.00,1.00
2018.03.08 14:27:16.554,0.93715,0.93737,1.00,1.00
2018.03.08 14:27:16.949,0.93713,0.93736,1.00,1.00
2018.03.08 14:27:16.999,0.93712,0.93733,1.50,1.00
2018.03.08 14:27:17.050,0.93713,0.93735,1.00,1.00
2018.03.08 14:27:18.114,0.93715,0.93736,1.00,1.00
2018.03.08 14:27:18.753,0.93716,0.93739,1.00,1.00
2018.03.08 14:27:18.854,0.93715,0.93737,1.00,1.00
2018.03.08 14:27:18.905,0.93713,0.93737,1.00,1.00
2018.03.08 14:27:18.955,0.93715,0.93738,1.00,1.00
2018.03.08 14:27:19.335,0.93713,0.93738,1.00,1.00
2018.03.08 14:27:19.421,0.93712,0.93735,1.50,1.00
2018.03.08 14:27:19.738,0.93708,0.93733,1.00,1.00
2018.03.08 14:27:19.922,0.93711,0.93733,1.00,1.00
2018.03.08 14:27:20.024,0.93708,0.93733,2.25,1.00
2018.03.08 14:27:20.373,0.93708,0.93735,1.00,1.00
2018.03.08 14:27:20.516,0.93711,0.93733,1.00,1.00
2018.03.08 14:27:20.660,0.93708,0.93735,1.00,1.00
2018.03.08 14:27:20.819,0.93712,0.93733,1.00,1.00
2018.03.08 14:27:20.871,0.93709,0.93732,1.00,1.00
2018.03.08 14:27:21.019,0.93714,0.93737,1.00,1.00
2018.03.08 14:27:21.328,0.93713,0.93734,1.00,1.00
2018.03.08 14:27:21.700,0.93709,0.93733,1.00,1.00
2018.03.08 14:27:21.752,0.93707,0.93728,2.25,1.00
2018.03.08 14:27:22.266,0.93706,0.93728,1.00,1.00
2018.03.08 14:27:22.531,0.93707,0.9373,1.00,1.00
2018.03.08 14:27:22.582,0.93705,0.93728,1.00,1.00
2018.03.08 14:27:23.857,0.93707,0.93729,1.00,1.00
2018.03.08 14:27:24.239,0.93708,0.93731,1.00,1.00
2018.03.08 14:27:24.290,0.9371,0.93734,1.00,1.00
2018.03.08 14:27:24.821,0.93711,0.93734,1.00,1.00
2018.03.08 14:27:25.058,0.93709,0.93733,1.00,1.00
2018.03.08 14:27:25.109,0.93712,0.93733,1.00,1.00
2018.03.08 14:27:25.716,0.93713,0.93734,1.00,1.00
2018.03.08 14:27:26.059,0.93714,0.93738,1.00,1.50
2018.03.08 14:27:26.109,0.93715,0.93736,1.00,1.00
2018.03.08 14:27:26.160,0.93716,0.93738,1.00,1.00
2018.03.08 14:27:26.312,0.93716,0.9374,1.00,1.00
2018.03.08 14:27:26.380,0.93716,0.93737,1.00,1.00
2018.03.08 14:27:26.889,0.93717,0.93738,1.00,1.00
2018.03.08 14:27:27.615,0.93714,0.93737,1.00,1.00
2018.03.08 14:27:27.716,0.93719,0.9374,1.00,1.00
2018.03.08 14:27:27.969,0.93709,0.93734,1.50,1.00
2018.03.08 14:27:28.020,0.93711,0.93735,1.00,1.00
2018.03.08 14:27:28.373,0.93715,0.93739,1.00,1.00
2018.03.08 14:27:28.678,0.93711,0.93734,1.00,1.00
2018.03.08 14:27:29.016,0.93714,0.93735,1.00,1.00
2018.03.08 14:27:29.169,0.9371,0.93735,1.00,1.00
2018.03.08 14:27:29.220,0.93715,0.93737,1.00,1.00
2018.03.08 14:27:29.273,0.93713,0.93736,1.00,1.00
2018.03.08 14:27:29.374,0.93713,0.93738,1.00,1.00
2018.03.08 14:27:29.560,0.93716,0.93738,1.00,1.00
2018.03.08 14:27:29.712,0.93713,0.93737,1.00,1.00
2018.03.08 14:27:29.896,0.93716,0.93737,1.00,1.00
2018.03.08 14:27:29.997,0.93714,0.93738,1.00,1.00
2018.03.08 14:27:30.151,0.93716,0.93737,1.00,1.00
2018.03.08 14:27:30.202,0.93717,0.9374,1.00,1.00
2018.03.08 14:27:30.253,0.93714,0.93741,1.00,1.00
2018.03.08 14:27:30.303,0.93718,0.93739,1.00,1.00
2018.03.08 14:27:30.354,0.93716,0.93738,1.00,1.00
2018.03.08 14:27:31.327,0.93717,0.93741,1.00,1.00
2018.03.08 14:27:31.378,0.93719,0.93743,1.00,1.00
2018.03.08 14:27:31.529,0.9372,0.93745,1.00,1.00
2018.03.08 14:27:31.652,0.93719,0.93742,1.00,1.00
2018.03.08 14:27:31.703,0.93717,0.93742,1.50,1.00
2018.03.08 14:27:32.283,0.93718,0.9374,1.00,1.00
2018.03.08 14:27:32.385,0.93719,0.93742,1.00,1.00
2018.03.08 14:27:32.578,0.93717,0.93741,1.00,1.00
2018.03.08 14:27:32.965,0.93717,0.93737,1.00,1.00
2018.03.08 14:27:33.066,0.93717,0.93739,1.00,1.00
2018.03.08 14:27:33.116,0.93717,0.93737,1.50,1.00
2018.03.08 14:27:33.268,0.93715,0.93737,1.00,1.00
2018.03.08 14:27:33.419,0.93716,0.93739,1.00,1.00
2018.03.08 14:27:34.629,0.93715,0.93738,1.00,1.00
2018.03.08 14:27:34.735,0.93713,0.93737,1.00,1.00
2018.03.08 14:27:34.836,0.93713,0.93734,1.00,1.00
2018.03.08 14:27:37.493,0.93712,0.93733,1.00,1.00
2018.03.08 14:27:38.053,0.93709,0.93732,1.00,1.00
2018.03.08 14:27:38.428,0.93713,0.93734,1.00,1.00
2018.03.08 14:27:38.583,0.9371,0.93734,1.00,1.00
2018.03.08 14:27:38.924,0.93712,0.93733,1.00,1.00
2018.03.08 14:27:39.121,0.93709,0.93735,1.50,1.00
2018.03.08 14:27:39.275,0.93712,0.93735,1.00,1.00
2018.03.08 14:27:39.626,0.93709,0.93735,1.50,1.00
2018.03.08 14:27:40.539,0.93709,0.93733,1.50,1.00
2018.03.08 14:27:40.959,0.9371,0.93731,1.00,1.00
2018.03.08 14:27:42.986,0.93711,0.93732,1.00,1.00
2018.03.08 14:27:43.138,0.93711,0.93734,1.00,1.00
2018.03.08 14:27:43.579,0.93713,0.93734,1.00,1.00
2018.03.08 14:27:43.873,0.93711,0.93733,1.00,1.00
2018.03.08 14:27:43.975,0.93708,0.93729,2.25,1.00
2018.03.08 14:27:44.504,0.93709,0.93732,1.00,1.00
2018.03.08 14:27:44.729,0.93712,0.93733,1.00,1.00
2018.03.08 14:27:45.831,0.9371,0.93733,2.25,1.00
2018.03.08 14:27:45.882,0.93711,0.9373,1.00,1.00
2018.03.08 14:27:46.034,0.93702,0.93725,1.00,1.00
2018.03.08 14:27:46.492,0.93706,0.93727,1.00,1.00
2018.03.08 14:27:46.645,0.93703,0.93726,1.50,1.00
2018.03.08 14:27:47.314,0.93702,0.93726,1.00,1.00
2018.03.08 14:27:48.242,0.93705,0.93726,1.00,1.00
2018.03.08 14:27:48.367,0.93702,0.93726,2.25,1.00
2018.03.08 14:27:50.735,0.93703,0.93725,1.00,1.00
2018.03.08 14:27:51.689,0.93705,0.93727,1.00,1.00
2018.03.08 14:27:51.791,0.93705,0.93729,1.00,1.00
2018.03.08 14:27:52.060,0.93707,0.9373,1.00,1.00
2018.03.08 14:27:52.293,0.93709,0.93735,1.00,1.00
2018.03.08 14:27:52.456,0.93709,0.93731,1.00,1.00
2018.03.08 14:27:57.802,0.93711,0.93732,1.00,1.00
2018.03.08 14:27:58.752,0.93708,0.93732,1.00,1.00
2018.03.08 14:27:59.493,0.9371,0.93733,1.00,1.00
2018.03.08 14:28:00.136,0.93711,0.93732,1.00,1.00
2018.03.08 14:28:01.089,0.93712,0.93734,1.00,1.00
2018.03.08 14:28:01.140,0.93714,0.93737,1.00,1.00
2018.03.08 14:28:01.894,0.93713,0.93734,1.00,1.00
2018.03.08 14:28:02.124,0.93711,0.93735,1.00,1.00
2018.03.08 14:28:02.990,0.93709,0.93733,1.00,1.00
2018.03.08 14:28:03.317,0.93712,0.93734,1.00,1.00
2018.03.08 14:28:04.416,0.93711,0.93734,1.00,1.00
2018.03.08 14:28:05.041,0.9371,0.93732,1.00,1.00
2018.03.08 14:28:05.092,0.93711,0.93734,1.00,1.50
2018.03.08 14:28:05.925,0.93712,0.93735,1.00,1.00
2018.03.08 14:28:06.327,0.9371,0.93732,1.00,1.00
2018.03.08 14:28:06.902,0.9371,0.93731,1.00,1.00
2018.03.08 14:28:07.003,0.93711,0.93734,1.00,1.00
2018.03.08 14:28:07.607,0.9371,0.93731,1.00,1.00
2018.03.08 14:28:08.060,0.93712,0.93733,1.00,1.00
2018.03.08 14:28:09.160,0.93712,0.93735,1.00,1.00
2018.03.08 14:28:09.420,0.93712,0.93733,1.00,1.00
2018.03.08 14:28:10.508,0.93709,0.93733,1.00,1.00
2018.03.08 14:28:10.611,0.93712,0.93734,1.00,1.00
2018.03.08 14:28:11.479,0.93713,0.93734,1.00,1.00
2018.03.08 14:28:12.064,0.93712,0.93733,1.00,1.00
2018.03.08 14:28:12.749,0.93709,0.93733,1.00,1.00
2018.03.08 14:28:12.799,0.93711,0.93734,1.00,1.00
2018.03.08 14:28:12.868,0.93709,0.93733,1.00,1.00
2018.03.08 14:28:12.919,0.93711,0.93734,1.00,1.00
2018.03.08 14:28:13.553,0.93712,0.93733,1.00,1.00
2018.03.08 14:28:14.008,0.9371,0.93734,1.00,1.00
2018.03.08 14:28:14.564,0.93709,0.93733,1.00,1.00
2018.03.08 14:28:14.971,0.93713,0.93734,1.00,1.00
2018.03.08 14:28:15.809,0.93711,0.93733,1.00,1.00
2018.03.08 14:28:16.047,0.93713,0.93735,1.00,1.00
2018.03.08 14:28:16.571,0.93712,0.93736,1.00,1.00
2018.03.08 14:28:16.873,0.93714,0.93735,1.00,1.00
2018.03.08 14:28:17.039,0.9371,0.93734,1.00,1.00
2018.03.08 14:28:17.090,0.93714,0.93735,1.00,1.00
2018.03.08 14:28:17.837,0.93709,0.93733,1.00,1.00
2018.03.08 14:28:17.888,0.93708,0.9373,1.00,1.00
2018.03.08 14:28:18.414,0.93708,0.93731,1.00,1.50
2018.03.08 14:28:19.177,0.93707,0.9373,1.00,1.00
2018.03.08 14:28:19.248,0.93708,0.93732,1.00,1.00
2018.03.08 14:28:19.299,0.93708,0.9373,1.00,1.00
2018.03.08 14:28:19.925,0.93707,0.9373,1.00,1.00
2018.03.08 14:28:20.476,0.93707,0.93731,1.00,1.00
2018.03.08 14:28:20.876,0.93708,0.93729,1.00,1.00
2018.03.08 14:28:24.398,0.93708,0.93729,1.00,1.50
2018.03.08 14:28:24.516,0.93706,0.93727,1.00,1.00
2018.03.08 14:28:25.045,0.93704,0.93728,1.00,1.00
2018.03.08 14:28:25.147,0.93707,0.93729,1.00,1.00
2018.03.08 14:28:25.466,0.93705,0.93728,1.00,1.00
2018.03.08 14:28:27.070,0.93705,0.93729,1.00,1.50
2018.03.08 14:28:27.171,0.93705,0.93727,1.00,1.00
2018.03.08 14:28:27.476,0.93707,0.9373,1.00,1.00
2018.03.08 14:28:27.836,0.93706,0.93728,1.00,1.00
2018.03.08 14:28:28.192,0.93705,0.93726,1.00,1.00
2018.03.08 14:28:28.242,0.93707,0.93731,1.00,1.50
2018.03.08 14:28:28.293,0.93705,0.93729,1.00,1.00
2018.03.08 14:28:28.893,0.93706,0.93729,1.00,1.00
2018.03.08 14:28:30.189,0.93705,0.93727,1.00,1.00
2018.03.08 14:28:30.293,0.93706,0.9373,1.00,1.00
2018.03.08 14:28:30.343,0.93706,0.93728,1.00,1.00
2018.03.08 14:28:30.798,0.93704,0.93728,1.00,1.00
2018.03.08 14:28:30.876,0.93704,0.93726,1.00,1.00
2018.03.08 14:28:31.749,0.93704,0.93728,1.00,1.00
2018.03.08 14:28:31.839,0.93704,0.93726,1.00,1.00
2018.03.08 14:28:32.092,0.93704,0.93728,1.00,1.00
2018.03.08 14:28:32.672,0.93705,0.93726,1.00,1.00
2018.03.08 14:28:32.874,0.93702,0.93726,1.50,1.00
2018.03.08 14:28:33.483,0.93701,0.93725,1.00,1.00
2018.03.08 14:28:33.678,0.93703,0.93725,1.00,1.00
2018.03.08 14:28:34.215,0.93704,0.93727,1.00,1.00
2018.03.08 14:28:34.266,0.93703,0.93725,1.00,1.00
2018.03.08 14:28:34.577,0.93705,0.93726,1.00,1.00
2018.03.08 14:28:34.836,0.93706,0.93728,1.00,1.00
2018.03.08 14:28:34.889,0.93703,0.93725,1.00,1.00
2018.03.08 14:28:35.160,0.93705,0.93729,1.00,1.00
2018.03.08 14:28:35.390,0.93702,0.93726,1.50,1.00
2018.03.08 14:28:35.739,0.93705,0.93727,1.00,1.00
2018.03.08 14:28:36.100,0.93704,0.93725,1.00,1.00
2018.03.08 14:28:36.305,0.93705,0.93727,1.00,1.00
2018.03.08 14:28:36.842,0.93704,0.93728,1.00,1.00
2018.03.08 14:28:37.018,0.93704,0.93728,1.00,3.00
2018.03.08 14:28:37.300,0.93704,0.93728,1.00,1.00
2018.03.08 14:28:37.351,0.93706,0.93727,1.00,1.00
2018.03.08 14:28:37.518,0.93703,0.93729,1.00,1.00
2018.03.08 14:28:37.582,0.93704,0.93726,1.00,1.00
2018.03.08 14:28:37.633,0.93704,0.93729,1.00,1.00
2018.03.08 14:28:38.160,0.93703,0.93727,1.00,1.00
2018.03.08 14:28:38.211,0.93701,0.93726,1.00,1.00
2018.03.08 14:28:38.262,0.93703,0.93724,1.00,1.00
2018.03.08 14:28:38.366,0.93701,0.93725,1.00,1.00
2018.03.08 14:28:38.623,0.93703,0.93725,1.00,1.00
2018.03.08 14:28:38.821,0.937,0.93728,1.50,1.50
2018.03.08 14:28:39.052,0.93703,0.93725,1.00,1.00
2018.03.08 14:28:39.528,0.93701,0.93725,1.00,1.00
2018.03.08 14:28:39.878,0.93702,0.93728,1.00,1.00
2018.03.08 14:28:40.548,0.93702,0.93728,1.00,1.50
2018.03.08 14:28:40.884,0.93702,0.93724,1.00,1.00
2018.03.08 14:28:41.392,0.93703,0.93725,1.00,1.00
2018.03.08 14:28:42.052,0.937,0.93723,1.00,1.00
2018.03.08 14:28:44.306,0.93702,0.93725,1.00,1.00
2018.03.08 14:28:45.251,0.93701,0.93726,1.00,1.00
2018.03.08 14:28:45.666,0.93704,0.93727,1.00,1.50
2018.03.08 14:28:46.933,0.93705,0.93727,1.00,1.00
2018.03.08 14:28:47.349,0.93703,0.93726,1.00,1.00
2018.03.08 14:28:47.551,0.93704,0.93728,1.00,1.00
2018.03.08 14:28:48.451,0.93705,0.93728,1.00,1.12
2018.03.08 14:28:48.802,0.93703,0.93726,1.00,1.00
2018.03.08 14:28:49.231,0.93705,0.93727,1.00,1.00
2018.03.08 14:28:49.427,0.93702,0.93725,1.00,1.00
2018.03.08 14:28:49.478,0.937,0.93725,1.00,1.00
2018.03.08 14:28:50.029,0.93703,0.93726,1.00,1.12
2018.03.08 14:28:50.563,0.93702,0.93726,1.00,1.00
2018.03.08 14:28:50.614,0.93703,0.93728,1.00,1.00
2018.03.08 14:28:51.070,0.93703,0.93728,1.00,3.00
2018.03.08 14:28:51.451,0.93705,0.93728,1.00,2.25
2018.03.08 14:28:51.761,0.93705,0.9373,1.00,1.00
2018.03.08 14:28:51.812,0.93702,0.93728,1.00,1.00
2018.03.08 14:28:51.891,0.93704,0.93728,1.00,1.00
2018.03.08 14:28:53.739,0.93702,0.93728,1.00,1.50
2018.03.08 14:28:54.020,0.93705,0.93727,1.00,1.00
2018.03.08 14:28:54.203,0.93701,0.93728,1.50,1.50
2018.03.08 14:28:55.261,0.93702,0.93729,1.50,1.00
2018.03.08 14:28:55.312,0.93707,0.93732,1.00,1.00
2018.03.08 14:28:55.690,0.93708,0.9373,1.00,1.00
2018.03.08 14:28:55.741,0.93709,0.93732,1.00,1.50
2018.03.08 14:28:56.163,0.93707,0.93729,1.00,1.00
2018.03.08 14:28:56.214,0.93708,0.93732,1.00,1.00
2018.03.08 14:28:56.571,0.93708,0.9373,1.00,1.00
2018.03.08 14:28:57.114,0.93708,0.93732,1.00,1.00
2018.03.08 14:28:57.970,0.93708,0.93732,1.00,1.50
2018.03.08 14:28:58.540,0.93708,0.93732,1.00,1.00
2018.03.08 14:28:58.836,0.93708,0.93734,1.50,1.00
2018.03.08 14:28:59.345,0.9371,0.93733,1.00,1.00
2018.03.08 14:28:59.562,0.93708,0.93733,1.00,1.00
2018.03.08 14:28:59.743,0.93708,0.93735,1.50,1.50
2018.03.08 14:28:59.844,0.9371,0.93735,1.00,1.50
2018.03.08 14:29:00.314,0.93709,0.93731,1.00,1.00
2018.03.08 14:29:01.014,0.93709,0.93734,1.00,1.50
2018.03.08 14:29:01.314,0.93708,0.93731,1.00,1.00
2018.03.08 14:29:01.643,0.93709,0.93735,1.00,1.00
2018.03.08 14:29:01.694,0.93708,0.93731,1.00,1.00
2018.03.08 14:29:02.225,0.93707,0.93731,1.00,1.00
2018.03.08 14:29:02.276,0.93708,0.93733,1.00,1.50
2018.03.08 14:29:02.864,0.93708,0.93731,1.00,1.00
2018.03.08 14:29:03.413,0.93706,0.93731,1.00,1.00
2018.03.08 14:29:03.712,0.93707,0.93729,1.00,1.00
2018.03.08 14:29:04.194,0.93707,0.93732,1.00,1.00
2018.03.08 14:29:04.499,0.93709,0.93731,1.00,1.00
2018.03.08 14:29:04.803,0.93713,0.93735,1.00,1.00
2018.03.08 14:29:05.701,0.93713,0.93735,1.00,1.50
2018.03.08 14:29:06.135,0.93712,0.93737,1.00,1.00
2018.03.08 14:29:06.438,0.93716,0.93741,1.00,3.00
2018.03.08 14:29:06.981,0.9372,0.93742,1.00,1.00
2018.03.08 14:29:07.082,0.93718,0.93742,1.00,1.00
2018.03.08 14:29:07.133,0.9372,0.93742,1.00,1.00
2018.03.08 14:29:07.234,0.93717,0.9374,1.00,1.00
2018.03.08 14:29:07.538,0.93715,0.93739,1.00,1.00
2018.03.08 14:29:07.673,0.93716,0.93741,1.00,1.00
2018.03.08 14:29:08.143,0.93715,0.93739,1.00,1.00
2018.03.08 14:29:08.820,0.93716,0.9374,1.00,1.00
2018.03.08 14:29:09.188,0.93718,0.9374,1.00,1.00
2018.03.08 14:29:09.522,0.93718,0.93742,1.00,1.00
2018.03.08 14:29:10.148,0.93719,0.93742,1.00,1.00
2018.03.08 14:29:10.504,0.93716,0.9374,1.00,1.00
2018.03.08 14:29:10.635,0.93714,0.93739,1.00,1.00
2018.03.08 14:29:11.133,0.93717,0.9374,1.00,1.00
2018.03.08 14:29:11.540,0.93714,0.93738,1.00,1.00
2018.03.08 14:29:11.591,0.93716,0.93739,1.00,1.12
2018.03.08 14:29:11.642,0.93713,0.93738,1.00,1.00
2018.03.08 14:29:11.752,0.93715,0.93738,1.00,1.00
2018.03.08 14:29:11.967,0.93716,0.93741,1.00,1.00
2018.03.08 14:29:12.073,0.93714,0.93738,1.00,1.00
2018.03.08 14:29:12.653,0.93716,0.93742,1.00,2.25
2018.03.08 14:29:12.704,0.9372,0.93742,1.00,1.00
2018.03.08 14:29:12.805,0.9372,0.93744,1.00,1.00
2018.03.08 14:29:12.906,0.93717,0.93743,1.00,1.00
2018.03.08 14:29:12.956,0.93719,0.93743,1.00,1.00
2018.03.08 14:29:13.557,0.93719,0.9374,1.00,1.00
2018.03.08 14:29:13.777,0.93719,0.93743,1.00,1.00
2018.03.08 14:29:13.828,0.9372,0.93746,1.00,1.50
2018.03.08 14:29:14.060,0.93718,0.93743,1.00,1.00
2018.03.08 14:29:14.636,0.93719,0.93743,1.00,1.00
2018.03.08 14:29:14.940,0.93717,0.93739,1.00,1.00
2018.03.08 14:29:15.305,0.93718,0.93741,1.00,1.00
2018.03.08 14:29:15.862,0.93719,0.93742,1.00,1.00
2018.03.08 14:29:15.992,0.93717,0.93741,1.00,1.00
2018.03.08 14:29:16.093,0.93716,0.93738,1.00,1.50
2018.03.08 14:29:16.143,0.93714,0.93737,1.00,1.00
2018.03.08 14:29:16.194,0.93714,0.93735,1.50,1.00
2018.03.08 14:29:16.295,0.93714,0.93737,1.00,1.00
2018.03.08 14:29:16.950,0.93713,0.93737,1.00,1.00
2018.03.08 14:29:17.041,0.9371,0.93738,2.25,1.00
2018.03.08 14:29:17.142,0.93713,0.93737,1.00,1.00
2018.03.08 14:29:17.195,0.9371,0.93737,1.00,1.00
2018.03.08 14:29:17.671,0.93711,0.93739,1.00,1.00
2018.03.08 14:29:17.721,0.93714,0.93736,1.00,1.00
2018.03.08 14:29:17.820,0.93711,0.93737,1.00,1.00
2018.03.08 14:29:17.871,0.93713,0.93739,1.00,1.00
2018.03.08 14:29:18.219,0.9371,0.93733,1.00,2.25
2018.03.08 14:29:18.271,0.9371,0.93735,1.00,1.00
2018.03.08 14:29:18.481,0.93708,0.93731,1.00,1.00
2018.03.08 14:29:18.870,0.93705,0.93731,1.00,1.00
2018.03.08 14:29:19.327,0.93709,0.93731,1.00,1.00
2018.03.08 14:29:19.647,0.93705,0.93732,1.00,2.25
2018.03.08 14:29:19.940,0.93705,0.93733,1.50,1.00
2018.03.08 14:29:20.125,0.93708,0.93733,1.00,1.00
2018.03.08 14:29:20.464,0.93707,0.93731,1.00,1.00
2018.03.08 14:29:20.799,0.9371,0.93732,1.00,2.25
2018.03.08 14:29:20.855,0.93708,0.93734,1.00,1.00
2018.03.08 14:29:20.906,0.93707,0.93731,1.00,1.00
2018.03.08 14:29:21.007,0.93705,0.9373,1.00,1.00
2018.03.08 14:29:21.058,0.93707,0.93731,1.00,1.00
2018.03.08 14:29:21.108,0.93707,0.93734,1.00,1.00
2018.03.08 14:29:21.275,0.9371,0.93732,1.00,1.00
2018.03.08 14:29:21.377,0.93707,0.93733,1.00,2.25
2018.03.08 14:29:21.427,0.9371,0.93733,1.00,3.00
2018.03.08 14:29:21.657,0.93707,0.93733,1.00,3.00
2018.03.08 14:29:22.126,0.93709,0.93735,1.00,1.00
2018.03.08 14:29:22.177,0.93709,0.93733,1.00,1.00
2018.03.08 14:29:22.774,0.93708,0.93732,1.00,1.12
2018.03.08 14:29:23.437,0.93707,0.93733,1.00,1.50
2018.03.08 14:29:24.425,0.93708,0.93733,1.00,1.00
2018.03.08 14:29:24.774,0.93701,0.93726,1.00,1.00
2018.03.08 14:29:25.093,0.93705,0.93727,1.00,1.00
2018.03.08 14:29:25.263,0.93704,0.93729,1.00,1.00
2018.03.08 14:29:25.530,0.93706,0.93729,1.00,1.00
2018.03.08 14:29:25.891,0.93704,0.93726,1.00,1.00
2018.03.08 14:29:26.434,0.93705,0.93727,1.00,1.00
2018.03.08 14:29:27.023,0.93702,0.93726,1.00,1.00
2018.03.08 14:29:27.124,0.93704,0.93727,1.00,1.12
2018.03.08 14:29:27.175,0.93702,0.93726,1.00,1.00
2018.03.08 14:29:27.922,0.93704,0.93727,1.00,1.12
2018.03.08 14:29:28.023,0.93701,0.93726,1.00,1.00
2018.03.08 14:29:28.236,0.93703,0.93727,1.00,1.00
2018.03.08 14:29:29.427,0.93702,0.93726,1.00,1.00
2018.03.08 14:29:30.867,0.93701,0.93723,1.00,1.00
2018.03.08 14:29:32.321,0.93701,0.93726,1.00,1.00
2018.03.08 14:29:34.735,0.93703,0.93725,1.00,1.00
2018.03.08 14:29:35.539,0.93703,0.93726,1.00,1.00
2018.03.08 14:29:35.971,0.93705,0.93727,1.00,1.00
2018.03.08 14:29:36.491,0.93706,0.93728,1.00,1.00
2018.03.08 14:29:36.889,0.93706,0.93732,1.00,1.00
2018.03.08 14:29:38.217,0.93708,0.93731,1.00,1.00
2018.03.08 14:29:39.006,0.93705,0.9373,2.25,1.00
2018.03.08 14:29:39.229,0.93706,0.93732,1.00,1.00
2018.03.08 14:29:39.852,0.93708,0.93733,1.00,1.00
2018.03.08 14:29:40.153,0.93707,0.93731,1.00,1.00
2018.03.08 14:29:40.272,0.93706,0.93735,1.00,1.00
2018.03.08 14:29:40.765,0.9371,0.93733,1.00,1.00
2018.03.08 14:29:40.938,0.93706,0.93732,1.00,1.00
2018.03.08 14:29:40.989,0.93706,0.93734,1.00,1.00
2018.03.08 14:29:41.338,0.93709,0.93732,1.00,1.00
2018.03.08 14:29:41.439,0.93706,0.93732,1.00,1.00
2018.03.08 14:29:41.490,0.93709,0.93732,1.00,1.00
2018.03.08 14:29:41.541,0.93709,0.93734,1.00,1.00
2018.03.08 14:29:41.699,0.93707,0.93733,1.00,1.00
2018.03.08 14:29:41.800,0.93707,0.93736,1.00,1.00
2018.03.08 14:29:41.876,0.93709,0.93736,1.00,1.00
2018.03.08 14:29:42.848,0.93713,0.93736,1.00,1.00
2018.03.08 14:29:43.567,0.93712,0.93736,1.00,1.00
2018.03.08 14:29:45.343,0.9371,0.93736,1.00,1.00
2018.03.08 14:29:45.493,0.93712,0.93734,1.00,1.00
2018.03.08 14:29:45.648,0.93713,0.93739,1.00,1.00
2018.03.08 14:29:45.777,0.9371,0.93738,1.50,1.00
2018.03.08 14:29:45.828,0.93713,0.93739,1.00,1.00
2018.03.08 14:29:46.143,0.93711,0.93738,1.00,1.00
2018.03.08 14:29:46.346,0.93713,0.93739,1.00,1.00
2018.03.08 14:29:46.434,0.9371,0.93737,1.00,1.00
2018.03.08 14:29:46.558,0.9371,0.93735,1.00,1.00
2018.03.08 14:29:46.867,0.93712,0.93735,1.00,1.00
2018.03.08 14:29:47.416,0.93712,0.93734,1.00,1.00
2018.03.08 14:29:47.517,0.93709,0.93733,1.50,1.00
2018.03.08 14:29:48.078,0.9371,0.93734,1.00,1.00
2018.03.08 14:29:48.129,0.93712,0.93734,1.00,1.00
2018.03.08 14:29:48.659,0.93711,0.93733,1.00,1.00
2018.03.08 14:29:49.256,0.93712,0.93735,1.00,1.00
2018.03.08 14:29:49.473,0.93714,0.93736,1.00,1.00
2018.03.08 14:29:49.524,0.93714,0.93738,1.00,1.00
2018.03.08 14:29:49.575,0.9371,0.93735,1.00,1.00
2018.03.08 14:29:49.626,0.93713,0.93736,1.00,1.00
2018.03.08 14:29:49.677,0.9371,0.93736,1.00,1.00
2018.03.08 14:29:50.178,0.93708,0.93735,1.50,1.00
2018.03.08 14:29:50.229,0.93708,0.93733,1.00,1.00
2018.03.08 14:29:50.584,0.9371,0.93733,1.00,1.00
2018.03.08 14:29:50.767,0.93707,0.93732,1.00,1.00
2018.03.08 14:29:51.417,0.93709,0.93732,1.00,1.00
2018.03.08 14:29:51.467,0.93706,0.93733,1.00,1.00
2018.03.08 14:29:51.663,0.93709,0.93732,1.00,1.00
2018.03.08 14:29:51.764,0.93706,0.93733,1.00,1.00
2018.03.08 14:29:52.034,0.93709,0.93732,1.00,1.00
2018.03.08 14:29:52.085,0.93707,0.93732,1.00,1.00
2018.03.08 14:29:52.633,0.93708,0.93733,1.00,1.00
2018.03.08 14:29:52.808,0.9371,0.93736,1.00,1.50
2018.03.08 14:29:53.008,0.93708,0.93734,1.50,1.00
2018.03.08 14:29:53.670,0.9371,0.93735,1.00,1.00
2018.03.08 14:29:53.800,0.93708,0.93735,1.00,1.00
2018.03.08 14:29:54.319,0.93708,0.93733,1.00,1.00
2018.03.08 14:29:54.662,0.93709,0.93735,1.00,1.00
2018.03.08 14:29:54.913,0.93711,0.93735,1.00,1.00
2018.03.08 14:29:54.964,0.93709,0.93735,1.00,1.00
2018.03.08 14:29:55.410,0.93711,0.93735,1.00,1.00
2018.03.08 14:29:55.461,0.93708,0.93735,1.00,1.00
2018.03.08 14:29:55.562,0.93709,0.93733,1.00,1.00
2018.03.08 14:29:55.613,0.9371,0.93735,1.00,1.00
2018.03.08 14:29:55.663,0.93709,0.93733,1.00,1.00
2018.03.08 14:29:55.880,0.9371,0.93735,1.00,1.00
2018.03.08 14:29:56.065,0.93708,0.93735,1.00,1.00
2018.03.08 14:29:56.400,0.9371,0.93735,1.00,1.00
2018.03.08 14:29:56.719,0.93709,0.93732,1.00,1.00
2018.03.08 14:29:57.108,0.93707,0.93732,1.00,1.00
2018.03.08 14:29:57.159,0.93709,0.93734,1.00,1.00
2018.03.08 14:29:57.464,0.93709,0.93732,1.00,1.00
2018.03.08 14:29:57.535,0.93706,0.93733,1.50,1.00
2018.03.08 14:29:57.682,0.93709,0.93732,1.00,1.00
2018.03.08 14:29:57.816,0.93707,0.93732,1.00,1.00
2018.03.08 14:29:57.866,0.93709,0.93732,1.00,1.00
2018.03.08 14:29:57.967,0.93706,0.93733,1.50,1.00
2018.03.08 14:29:58.022,0.93709,0.93732,1.00,1.00
2018.03.08 14:29:58.123,0.93706,0.93733,1.50,1.00
2018.03.08 14:29:58.650,0.93709,0.93732,1.00,1.00
2018.03.08 14:29:58.702,0.93706,0.93733,1.50,1.00
2018.03.08 14:29:58.966,0.93708,0.93733,1.00,1.00
2018.03.08 14:29:59.222,0.93706,0.93733,1.00,1.00
2018.03.08 14:29:59.274,0.93709,0.93732,1.00,1.00
2018.03.08 14:29:59.375,0.93707,0.93732,1.00,1.00
2018.03.08 14:29:59.481,0.93709,0.93732,1.00,1.00
2018.03.08 14:29:59.544,0.93707,0.93732,1.00,1.00
2018.03.08 14:29:59.595,0.93708,0.93734,1.00,1.00
2018.03.08 14:29:59.847,0.9371,0.93732,1.00,1.00
2018.03.08 14:29:59.950,0.93709,0.93734,1.00,1.00
2018.03.08 14:30:00.001,0.93708,0.93732,1.00,1.00
2018.03.08 14:30:00.388,0.93709,0.93734,1.00,1.00
2018.03.08 14:30:00.489,0.93709,0.93732,1.00,1.00
2018.03.08 14:30:00.540,0.93707,0.93733,1.50,1.00
2018.03.08 14:30:00.863,0.93706,0.93731,1.00,1.00
2018.03.08 14:30:01.321,0.93708,0.93733,1.00,1.00
2018.03.08 14:30:01.548,0.93706,0.93734,1.00,1.00
2018.03.08 14:30:01.601,0.93709,0.93731,1.00,1.00
2018.03.08 14:30:02.134,0.93707,0.93731,1.00,1.00
2018.03.08 14:30:02.395,0.93709,0.93733,1.00,1.00
2018.03.08 14:30:02.446,0.93706,0.93732,1.00,1.00
2018.03.08 14:30:02.739,0.93709,0.93734,1.00,1.00
2018.03.08 14:30:02.850,0.93706,0.93732,1.00,2.25
2018.03.08 14:30:03.537,0.93706,0.93734,1.00,1.00
2018.03.08 14:30:03.588,0.93709,0.93734,1.00,1.00
2018.03.08 14:30:04.269,0.93708,0.93734,2.25,1.00
2018.03.08 14:30:04.586,0.9371,0.93734,1.00,1.00
2018.03.08 14:30:05.062,0.93712,0.93735,1.00,1.00
2018.03.08 14:30:05.587,0.93712,0.93736,1.00,1.00
2018.03.08 14:30:06.154,0.93711,0.93736,1.00,1.00
2018.03.08 14:30:06.583,0.93709,0.93734,1.50,1.00
2018.03.08 14:30:06.634,0.93711,0.93737,1.00,1.00
2018.03.08 14:30:06.831,0.9371,0.93735,1.00,1.00
2018.03.08 14:30:07.140,0.93712,0.93735,1.00,1.00
2018.03.08 14:30:07.191,0.93708,0.93734,1.00,1.00
2018.03.08 14:30:07.315,0.93713,0.93735,1.00,10.12
2018.03.08 14:30:07.517,0.9371,0.93737,1.50,1.00
2018.03.08 14:30:07.567,0.93713,0.93737,1.00,1.00
2018.03.08 14:30:07.668,0.9371,0.93735,2.25,1.00
2018.03.08 14:30:07.719,0.93712,0.93737,1.00,1.00
2018.03.08 14:30:08.081,0.9371,0.93735,1.50,1.00
2018.03.08 14:30:08.489,0.93711,0.93737,1.00,1.00
2018.03.08 14:30:08.879,0.9371,0.93732,1.50,1.00
2018.03.08 14:30:08.980,0.93707,0.93732,1.00,1.00
2018.03.08 14:30:09.519,0.93707,0.9373,1.00,1.00
2018.03.08 14:30:10.059,0.93708,0.9373,1.00,1.00
2018.03.08 14:30:10.443,0.93706,0.9373,1.00,1.00
2018.03.08 14:30:10.887,0.93705,0.93725,1.00,2.25
2018.03.08 14:30:11.305,0.93705,0.9372,1.00,1.00
2018.03.08 14:30:11.488,0.93705,0.93727,1.00,1.00
2018.03.08 14:30:11.923,0.93705,0.93724,1.00,2.25
2018.03.08 14:30:12.767,0.93705,0.93725,1.00,1.00
2018.03.08 14:30:13.404,0.93703,0.93728,1.00,1.00
2018.03.08 14:30:13.455,0.93701,0.93723,1.00,3.75
2018.03.08 14:30:14.131,0.93701,0.93723,1.00,1.00
2018.03.08 14:30:15.654,0.93701,0.9372,1.00,2.25
2018.03.08 14:30:15.907,0.93698,0.93721,1.00,1.00
2018.03.08 14:30:15.962,0.93696,0.93721,1.50,1.00
2018.03.08 14:30:16.114,0.93695,0.93718,1.00,1.50
2018.03.08 14:30:16.422,0.93693,0.93716,1.00,1.00
2018.03.08 14:30:16.524,0.93693,0.93718,1.00,1.50
2018.03.08 14:30:16.951,0.93696,0.93718,1.00,1.00
2018.03.08 14:30:17.514,0.93696,0.93718,1.00,2.25
2018.03.08 14:30:18.031,0.93695,0.93717,1.00,1.12
2018.03.08 14:30:18.874,0.93694,0.93716,1.00,1.00
2018.03.08 14:30:20.335,0.93695,0.93718,1.00,1.00
2018.03.08 14:30:20.543,0.93693,0.93716,1.00,1.00
2018.03.08 14:30:21.140,0.93693,0.93717,1.00,1.00
2018.03.08 14:30:21.462,0.93693,0.93716,1.00,3.00
2018.03.08 14:30:21.980,0.93694,0.93716,1.00,2.25
2018.03.08 14:30:22.031,0.93696,0.9372,1.00,1.00
2018.03.08 14:30:22.481,0.93695,0.93715,1.00,1.00
2018.03.08 14:30:22.895,0.93696,0.93719,1.00,1.00
2018.03.08 14:30:22.946,0.93699,0.93721,1.00,1.00
2018.03.08 14:30:23.226,0.937,0.93724,1.00,1.00
2018.03.08 14:30:23.556,0.93701,0.9372,1.00,2.25
2018.03.08 14:30:23.789,0.93701,0.93725,1.00,1.00
2018.03.08 14:30:24.020,0.93698,0.93719,1.00,3.75
2018.03.08 14:30:24.242,0.93695,0.93719,1.00,4.50
2018.03.08 14:30:24.735,0.93694,0.93713,1.00,1.00
2018.03.08 14:30:25.008,0.93694,0.93717,1.00,1.00
2018.03.08 14:30:25.328,0.93694,0.93714,1.00,2.25
2018.03.08 14:30:26.069,0.93693,0.93714,1.00,2.25
2018.03.08 14:30:26.364,0.93693,0.93716,1.00,2.25
2018.03.08 14:30:26.416,0.9369,0.93707,1.00,3.75
2018.03.08 14:30:26.467,0.93688,0.93707,1.50,3.75
2018.03.08 14:30:26.861,0.93688,0.9371,1.00,1.00
2018.03.08 14:30:28.860,0.93688,0.9371,1.00,3.00
2018.03.08 14:30:29.653,0.93689,0.9371,1.00,2.25
2018.03.08 14:30:30.288,0.93687,0.93709,1.00,1.00
2018.03.08 14:30:30.339,0.93683,0.93703,2.25,1.00
2018.03.08 14:30:30.642,0.93684,0.93709,1.00,3.00
2018.03.08 14:30:30.693,0.93682,0.93709,1.00,3.00
2018.03.08 14:30:30.795,0.93685,0.93708,1.00,1.00
2018.03.08 14:30:30.846,0.93682,0.93709,1.00,3.00
2018.03.08 14:30:30.969,0.93684,0.93707,1.00,1.00
2018.03.08 14:30:31.147,0.93679,0.93704,1.00,1.00
2018.03.08 14:30:31.198,0.93684,0.93704,1.00,1.00
2018.03.08 14:30:31.301,0.93682,0.93704,1.00,1.00
2018.03.08 14:30:31.469,0.93684,0.93704,1.00,1.00
2018.03.08 14:30:31.711,0.93684,0.93707,1.00,2.25
2018.03.08 14:30:32.219,0.93685,0.93707,1.00,2.25
2018.03.08 14:30:32.320,0.93683,0.93706,1.00,1.00
2018.03.08 14:30:32.371,0.93683,0.93703,1.00,1.00
2018.03.08 14:30:32.866,0.93681,0.93703,1.00,1.00
2018.03.08 14:30:32.990,0.93679,0.93703,1.00,1.00
2018.03.08 14:30:33.158,0.93678,0.93701,1.00,1.00
2018.03.08 14:30:33.464,0.9368,0.93703,1.00,1.00
2018.03.08 14:30:33.811,0.93683,0.93705,1.00,1.00
2018.03.08 14:30:33.913,0.93682,0.93707,1.00,4.50
2018.03.08 14:30:34.073,0.93685,0.93707,1.00,4.50
2018.03.08 14:30:34.124,0.93683,0.93706,1.00,1.00
2018.03.08 14:30:34.686,0.93684,0.93707,1.00,1.50
2018.03.08 14:30:35.767,0.93685,0.93707,1.00,1.00
2018.03.08 14:30:36.315,0.93685,0.93708,1.00,1.00
2018.03.08 14:30:36.889,0.93686,0.93708,1.00,1.00
2018.03.08 14:30:37.441,0.93686,0.93709,1.00,1.00
2018.03.08 14:30:38.330,0.93686,0.9371,1.00,2.25
2018.03.08 14:30:38.557,0.93689,0.93704,1.00,2.25
2018.03.08 14:30:38.618,0.93686,0.93704,1.00,2.25
2018.03.08 14:30:38.669,0.93686,0.93708,1.00,1.00
2018.03.08 14:30:38.769,0.93684,0.93707,1.00,1.00
2018.03.08 14:30:38.820,0.93682,0.93709,2.25,1.00
2018.03.08 14:30:39.155,0.93683,0.93707,1.00,1.00
2018.03.08 14:30:39.697,0.93684,0.93707,1.00,1.00
2018.03.08 14:30:40.127,0.93683,0.9371,1.00,1.50
2018.03.08 14:30:40.179,0.93685,0.9371,1.00,1.50
2018.03.08 14:30:40.512,0.93685,0.93708,1.00,1.00
2018.03.08 14:30:40.614,0.93684,0.9371,1.00,1.50
2018.03.08 14:30:40.665,0.93686,0.93709,1.00,1.00
2018.03.08 14:30:40.968,0.93686,0.93705,1.00,2.25
2018.03.08 14:30:41.169,0.93686,0.93709,1.00,1.00
2018.03.08 14:30:41.832,0.93683,0.9371,1.00,1.00
2018.03.08 14:30:42.233,0.93685,0.93707,1.00,2.25
2018.03.08 14:30:42.434,0.93683,0.93707,1.00,2.25
2018.03.08 14:30:42.535,0.93688,0.93707,1.00,2.25
2018.03.08 14:30:42.686,0.93688,0.93711,1.00,3.75
2018.03.08 14:30:43.556,0.93688,0.93713,1.00,1.00
2018.03.08 14:30:43.607,0.9369,0.93714,1.00,2.25
2018.03.08 14:30:43.993,0.93688,0.93708,1.00,2.25
2018.03.08 14:30:44.043,0.93686,0.93708,1.00,2.25
2018.03.08 14:30:44.685,0.93686,0.9371,1.00,1.00
2018.03.08 14:30:44.838,0.93683,0.93708,1.00,1.00
2018.03.08 14:30:44.889,0.93686,0.93709,1.00,1.00
2018.03.08 14:30:45.191,0.9369,0.93711,1.00,2.25
2018.03.08 14:30:45.701,0.9369,0.93709,1.00,2.25
2018.03.08 14:30:46.740,0.93687,0.93711,1.00,3.00
2018.03.08 14:30:46.842,0.93685,0.93709,1.00,1.00
2018.03.08 14:30:47.147,0.93689,0.93711,1.00,2.25
2018.03.08 14:30:47.674,0.93688,0.93711,1.00,2.25
2018.03.08 14:30:49.687,0.93688,0.93712,1.00,2.25
2018.03.08 14:30:51.243,0.9369,0.93712,1.00,3.00
2018.03.08 14:30:51.774,0.9369,0.93711,1.00,2.25
2018.03.08 14:30:52.600,0.93688,0.93711,1.00,3.00
2018.03.08 14:30:53.150,0.93686,0.93711,1.00,3.00
2018.03.08 14:30:53.340,0.93686,0.93705,1.00,2.25
2018.03.08 14:30:54.022,0.93687,0.93705,1.00,2.25
2018.03.08 14:30:54.073,0.93685,0.93705,1.00,2.25
2018.03.08 14:30:54.463,0.93683,0.93705,1.00,2.25
2018.03.08 14:30:54.820,0.93682,0.93701,1.00,3.75
2018.03.08 14:30:55.185,0.9368,0.93701,1.00,3.75
2018.03.08 14:30:55.236,0.93678,0.93701,1.00,3.75
2018.03.08 14:30:55.338,0.93679,0.93696,1.00,2.25
2018.03.08 14:30:55.492,0.93677,0.93696,1.00,2.25
2018.03.08 14:30:55.726,0.93679,0.93696,1.00,2.25
2018.03.08 14:30:56.921,0.93678,0.93696,1.00,2.25
2018.03.08 14:30:57.036,0.93678,0.937,1.00,2.25
2018.03.08 14:30:57.680,0.93679,0.93696,1.00,2.25
2018.03.08 14:30:58.236,0.93678,0.93699,1.00,2.25
2018.03.08 14:30:58.758,0.93679,0.93699,1.00,2.25
2018.03.08 14:30:58.915,0.93677,0.93699,1.00,2.25
2018.03.08 14:30:59.640,0.93678,0.93699,1.00,2.25
2018.03.08 14:31:00.294,0.93676,0.937,1.00,3.75
2018.03.08 14:31:00.345,0.93674,0.93697,1.00,1.00
2018.03.08 14:31:00.397,0.93671,0.93696,1.50,1.00
2018.03.08 14:31:00.448,0.93673,0.93693,1.00,2.25
2018.03.08 14:31:01.066,0.93671,0.93693,1.00,2.25
2018.03.08 14:31:01.222,0.93672,0.93696,1.00,1.00
2018.03.08 14:31:01.636,0.93671,0.93693,1.00,1.00
2018.03.08 14:31:02.179,0.93669,0.93693,1.00,1.00
2018.03.08 14:31:02.280,0.93673,0.93694,1.00,3.75
2018.03.08 14:31:02.703,0.93674,0.93697,1.00,1.00
2018.03.08 14:31:03.314,0.93673,0.93697,1.00,1.00
2018.03.08 14:31:04.714,0.93674,0.93698,1.00,1.00
2018.03.08 14:31:04.983,0.93672,0.93694,1.00,1.00
2018.03.08 14:31:05.084,0.93672,0.93696,1.00,1.00
2018.03.08 14:31:05.213,0.93674,0.93697,1.00,1.00
2018.03.08 14:31:05.315,0.93672,0.93696,1.00,1.00
2018.03.08 14:31:05.467,0.93672,0.93698,1.00,1.00
2018.03.08 14:31:05.888,0.93674,0.93698,1.00,1.00
2018.03.08 14:31:06.166,0.93671,0.93696,1.00,8.25
2018.03.08 14:31:06.217,0.93664,0.93688,1.00,1.00
2018.03.08 14:31:06.369,0.93663,0.9369,1.00,1.00
2018.03.08 14:31:06.652,0.93665,0.93691,1.00,1.00
2018.03.08 14:31:06.961,0.93668,0.93691,1.00,7.50
2018.03.08 14:31:07.240,0.93668,0.93694,1.00,1.00
2018.03.08 14:31:07.345,0.9367,0.93695,1.00,2.25
2018.03.08 14:31:07.895,0.93668,0.93694,1.00,1.00
2018.03.08 14:31:09.307,0.93668,0.9369,1.00,1.00
2018.03.08 14:31:10.588,0.93669,0.93693,1.00,1.00
2018.03.08 14:31:10.821,0.93671,0.93691,1.00,2.25
2018.03.08 14:31:10.872,0.93669,0.93691,1.00,2.25
2018.03.08 14:31:11.667,0.93669,0.93692,1.00,1.00
2018.03.08 14:31:11.769,0.93667,0.93692,1.00,1.00
2018.03.08 14:31:12.317,0.93667,0.93691,1.00,3.00
2018.03.08 14:31:13.014,0.93669,0.93691,1.00,3.75
2018.03.08 14:31:13.325,0.93664,0.93688,1.00,1.00
2018.03.08 14:31:13.492,0.93667,0.93689,1.00,1.00
2018.03.08 14:31:13.543,0.93668,0.93692,1.00,3.00
2018.03.08 14:31:13.695,0.93665,0.9369,1.00,1.00
2018.03.08 14:31:14.207,0.93664,0.93687,1.00,1.00
2018.03.08 14:31:14.410,0.93659,0.93683,1.00,1.00
2018.03.08 14:31:14.461,0.93663,0.93685,1.00,1.00
2018.03.08 14:31:14.512,0.9366,0.93685,1.00,8.25
2018.03.08 14:31:14.597,0.93658,0.93683,1.00,1.00
2018.03.08 14:31:14.913,0.93659,0.93686,1.00,1.50
2018.03.08 14:31:15.325,0.9366,0.93683,1.00,2.25
2018.03.08 14:31:15.482,0.93657,0.93681,1.00,1.00
2018.03.08 14:31:15.533,0.93659,0.93682,1.00,2.25
2018.03.08 14:31:16.076,0.93659,0.93683,1.00,1.00
2018.03.08 14:31:16.256,0.93659,0.93685,1.00,3.00
2018.03.08 14:31:16.307,0.93659,0.93682,1.00,1.00
2018.03.08 14:31:16.357,0.93659,0.93685,1.00,3.00
2018.03.08 14:31:16.560,0.93659,0.93682,1.00,3.00
2018.03.08 14:31:17.164,0.93659,0.93683,1.00,1.00
2018.03.08 14:31:17.838,0.93658,0.93683,1.00,1.00
2018.03.08 14:31:18.329,0.93658,0.93681,1.00,1.00
2018.03.08 14:31:18.672,0.93657,0.93678,1.00,2.25
2018.03.08 14:31:18.724,0.93654,0.93678,1.00,2.25
2018.03.08 14:31:19.031,0.93657,0.93678,1.00,2.25
2018.03.08 14:31:19.133,0.93655,0.93678,1.00,2.25
2018.03.08 14:31:19.729,0.93655,0.93679,1.00,2.25
2018.03.08 14:31:20.305,0.93654,0.93679,1.00,3.00
2018.03.08 14:31:20.356,0.93653,0.93676,1.00,1.00
2018.03.08 14:31:20.703,0.93652,0.93674,1.00,2.25
2018.03.08 14:31:21.231,0.93654,0.93676,1.00,2.25
2018.03.08 14:31:22.026,0.93655,0.93678,1.00,1.00
2018.03.08 14:31:22.076,0.93652,0.93674,1.00,1.00
2018.03.08 14:31:22.360,0.9365,0.93674,1.00,1.00
2018.03.08 14:31:22.461,0.93648,0.93672,1.00,1.00
2018.03.08 14:31:22.819,0.93653,0.93677,1.00,1.00
2018.03.08 14:31:23.087,0.93654,0.93679,1.00,1.00
2018.03.08 14:31:23.138,0.93656,0.93679,1.00,1.00
2018.03.08 14:31:23.501,0.9366,0.93682,1.00,1.00
2018.03.08 14:31:24.065,0.93661,0.93682,1.00,1.00
2018.03.08 14:31:24.347,0.93661,0.93685,1.00,2.25
2018.03.08 14:31:24.587,0.93659,0.93684,1.00,1.00
2018.03.08 14:31:25.046,0.93658,0.93682,1.00,2.25
2018.03.08 14:31:25.885,0.93658,0.93683,1.00,1.00
2018.03.08 14:31:26.278,0.93658,0.93679,1.00,2.25
2018.03.08 14:31:26.961,0.93658,0.93681,1.00,1.00
2018.03.08 14:31:27.614,0.9366,0.93683,1.00,1.00
2018.03.08 14:31:27.817,0.9366,0.93685,1.00,1.00
2018.03.08 14:31:28.061,0.93659,0.93682,1.00,1.00
2018.03.08 14:31:28.763,0.93659,0.93683,1.00,1.00
2018.03.08 14:31:29.217,0.9366,0.93685,1.00,1.00
2018.03.08 14:31:29.319,0.9366,0.93683,1.00,1.00
2018.03.08 14:31:29.927,0.93655,0.93679,1.00,1.50
2018.03.08 14:31:30.080,0.93654,0.93677,1.00,1.00
2018.03.08 14:31:30.300,0.93655,0.93679,1.00,1.50
2018.03.08 14:31:30.351,0.93655,0.93677,1.00,1.00
2018.03.08 14:31:30.816,0.93654,0.93679,1.00,1.00
2018.03.08 14:31:30.867,0.93656,0.93678,1.00,1.00
2018.03.08 14:31:31.048,0.93656,0.9368,1.00,2.25
2018.03.08 14:31:31.588,0.93656,0.93681,1.00,8.25
2018.03.08 14:31:32.118,0.93655,0.93681,1.00,8.25
2018.03.08 14:31:32.270,0.93655,0.93679,1.00,1.00
2018.03.08 14:31:32.610,0.93653,0.93677,1.00,1.00
2018.03.08 14:31:32.939,0.93649,0.9367,1.00,2.25
2018.03.08 14:31:33.778,0.93649,0.93673,1.00,4.50
2018.03.08 14:31:34.073,0.93652,0.93673,1.00,3.75
2018.03.08 14:31:34.789,0.93652,0.93674,1.00,2.25
2018.03.08 14:31:35.162,0.9365,0.93673,1.00,1.00
2018.03.08 14:31:35.538,0.9365,0.93669,1.00,2.25
2018.03.08 14:31:35.821,0.93648,0.93673,1.00,1.00
2018.03.08 14:31:35.976,0.9365,0.93672,1.00,1.00
2018.03.08 14:31:36.027,0.93648,0.93672,1.00,1.00
2018.03.08 14:31:36.077,0.93651,0.93673,1.00,1.00
2018.03.08 14:31:36.278,0.93652,0.93675,1.00,3.00
2018.03.08 14:31:36.729,0.93653,0.93678,1.00,1.00
2018.03.08 14:31:36.831,0.93656,0.93678,1.00,1.00
2018.03.08 14:31:37.374,0.93652,0.93675,1.00,3.75
2018.03.08 14:31:37.426,0.93651,0.93673,1.00,1.00
2018.03.08 14:31:37.477,0.9365,0.93675,1.00,4.50
2018.03.08 14:31:37.529,0.9365,0.93673,1.00,1.00
2018.03.08 14:31:37.891,0.9365,0.93671,1.00,1.00
2018.03.08 14:31:38.481,0.93648,0.93671,1.00,1.00
2018.03.08 14:31:38.884,0.93648,0.93667,1.00,1.00
2018.03.08 14:31:39.732,0.93648,0.9367,1.00,1.00
2018.03.08 14:31:39.993,0.93647,0.93668,1.00,1.00
2018.03.08 14:31:40.094,0.93645,0.93667,1.00,1.00
2018.03.08 14:31:40.145,0.93644,0.93664,1.00,7.50
2018.03.08 14:31:40.297,0.93646,0.93669,1.00,1.50
2018.03.08 14:31:40.637,0.93644,0.93667,1.00,1.50
2018.03.08 14:31:40.851,0.93642,0.93666,1.00,1.00
2018.03.08 14:31:41.055,0.93645,0.93666,1.00,1.00
2018.03.08 14:31:41.156,0.93643,0.93666,1.00,1.00
2018.03.08 14:31:41.206,0.93642,0.93664,1.00,1.00
2018.03.08 14:31:41.257,0.93643,0.93667,1.00,1.50
2018.03.08 14:31:41.421,0.93646,0.93669,1.00,1.00
2018.03.08 14:31:41.773,0.9365,0.93671,1.00,1.12
2018.03.08 14:31:42.150,0.93649,0.93668,1.00,2.25
2018.03.08 14:31:42.303,0.93647,0.93668,1.00,2.25
2018.03.08 14:31:42.354,0.9365,0.93668,1.00,2.25
2018.03.08 14:31:42.562,0.9365,0.93672,1.00,1.00
2018.03.08 14:31:42.856,0.93652,0.93673,1.00,3.00
2018.03.08 14:31:43.343,0.9365,0.93672,1.00,1.00
2018.03.08 14:31:43.846,0.9365,0.93673,1.00,2.25
2018.03.08 14:31:43.897,0.93652,0.93669,1.00,3.75
2018.03.08 14:31:44.081,0.93648,0.93669,1.50,3.75
2018.03.08 14:31:44.133,0.93645,0.93667,1.50,1.00
2018.03.08 14:31:44.401,0.93646,0.93669,1.00,3.75
2018.03.08 14:31:44.714,0.93647,0.93667,1.00,3.75
2018.03.08 14:31:44.967,0.93648,0.93671,1.00,3.00
2018.03.08 14:31:45.304,0.93646,0.93671,1.00,3.00
2018.03.08 14:31:45.355,0.93646,0.93666,1.00,2.25
2018.03.08 14:31:45.909,0.93639,0.93662,2.25,2.25
2018.03.08 14:31:46.011,0.93637,0.93662,1.00,3.00
2018.03.08 14:31:46.214,0.93639,0.93662,1.00,2.25
2018.03.08 14:31:46.550,0.93639,0.93658,1.00,3.75
2018.03.08 14:31:46.847,0.9364,0.93662,1.00,3.00
2018.03.08 14:31:47.403,0.93641,0.93662,1.00,2.25
2018.03.08 14:31:47.620,0.93641,0.93665,1.00,1.50
2018.03.08 14:31:47.960,0.93638,0.93664,1.00,1.00
2018.03.08 14:31:48.234,0.93638,0.9366,1.00,2.25
2018.03.08 14:31:49.039,0.9364,0.9366,1.00,2.25
2018.03.08 14:31:49.090,0.9364,0.93663,1.00,1.50
2018.03.08 14:31:49.952,0.93641,0.93665,1.00,1.00
2018.03.08 14:31:50.104,0.93643,0.93666,1.00,1.00
2018.03.08 14:31:50.552,0.93641,0.93665,1.00,1.00
2018.03.08 14:31:50.604,0.9364,0.93663,1.00,1.00
2018.03.08 14:31:50.656,0.9364,0.93665,1.00,1.00
2018.03.08 14:31:50.807,0.93642,0.93666,1.00,1.00
2018.03.08 14:31:51.180,0.93642,0.93664,1.00,1.00
2018.03.08 14:31:51.907,0.93643,0.93664,1.00,1.00
2018.03.08 14:31:52.072,0.93641,0.93666,1.00,1.00
2018.03.08 14:31:52.755,0.93641,0.93663,1.00,1.00
2018.03.08 14:31:53.304,0.93641,0.93666,1.00,1.00
2018.03.08 14:31:53.415,0.93645,0.93668,1.00,1.00
2018.03.08 14:31:53.726,0.93643,0.93665,1.00,1.00
2018.03.08 14:31:54.035,0.93645,0.93667,1.00,1.00
2018.03.08 14:31:54.488,0.93641,0.93666,1.00,1.00
2018.03.08 14:31:56.555,0.93643,0.93667,1.00,1.00
2018.03.08 14:31:56.889,0.93636,0.9366,1.00,1.00
2018.03.08 14:31:57.585,0.93637,0.93661,1.00,1.00
2018.03.08 14:31:58.064,0.93639,0.93662,1.00,1.00
2018.03.08 14:31:58.444,0.93643,0.93663,1.00,1.00
2018.03.08 14:31:58.885,0.93638,0.93659,1.00,1.00
2018.03.08 14:31:58.990,0.93637,0.93657,1.00,1.00
2018.03.08 14:31:59.297,0.93635,0.93655,1.00,1.00
2018.03.08 14:31:59.564,0.93634,0.93657,1.00,1.00
2018.03.08 14:31:59.801,0.93632,0.93655,1.00,1.00
2018.03.08 14:32:00.566,0.93633,0.93654,1.00,1.00
2018.03.08 14:32:00.868,0.93636,0.93657,1.00,1.00
2018.03.08 14:32:00.919,0.93634,0.93657,1.00,1.00
2018.03.08 14:32:01.041,0.93636,0.93657,1.00,1.00
2018.03.08 14:32:02.846,0.93637,0.93657,1.00,1.00
2018.03.08 14:32:03.113,0.93632,0.93654,1.00,1.00
2018.03.08 14:32:03.620,0.93638,0.93661,1.00,1.00
2018.03.08 14:32:03.773,0.93641,0.93661,1.00,1.00
2018.03.08 14:32:04.513,0.93639,0.9366,1.00,1.00
2018.03.08 14:32:05.353,0.93637,0.93658,1.00,1.00
2018.03.08 14:32:05.963,0.93636,0.93658,1.00,1.00
2018.03.08 14:32:06.476,0.93635,0.93657,1.00,1.00
2018.03.08 14:32:07.369,0.93635,0.93655,1.00,1.00
2018.03.08 14:32:07.420,0.93632,0.93655,1.00,1.00
2018.03.08 14:32:07.470,0.93634,0.93655,1.00,1.00
2018.03.08 14:32:07.855,0.93632,0.93655,1.00,1.00
2018.03.08 14:32:08.707,0.93634,0.93655,1.00,1.00
2018.03.08 14:32:08.809,0.93636,0.93659,1.00,1.00
2018.03.08 14:32:08.910,0.93638,0.93661,1.00,1.50
2018.03.08 14:32:09.430,0.9364,0.93661,1.00,1.50
2018.03.08 14:32:12.051,0.93638,0.93659,1.00,1.00
2018.03.08 14:32:12.404,0.93641,0.93662,1.00,1.00
2018.03.08 14:32:12.713,0.93639,0.93662,1.00,1.00
2018.03.08 14:32:13.109,0.93643,0.93666,1.00,1.00
2018.03.08 14:32:13.666,0.9364,0.93663,1.00,1.00
2018.03.08 14:32:14.053,0.93643,0.93664,1.00,1.00
2018.03.08 14:32:14.357,0.93635,0.93656,1.00,1.00
2018.03.08 14:32:14.784,0.93633,0.93655,1.00,3.00
2018.03.08 14:32:14.835,0.93635,0.93654,1.00,1.00
2018.03.08 14:32:15.277,0.93637,0.93655,1.00,2.25
2018.03.08 14:32:15.777,0.93634,0.93651,1.00,2.25
2018.03.08 14:32:16.311,0.93632,0.93651,1.00,2.25
2018.03.08 14:32:16.878,0.93633,0.93651,1.00,3.75
2018.03.08 14:32:17.424,0.93634,0.93651,1.00,3.75
2018.03.08 14:32:18.102,0.93632,0.93651,1.00,1.00
2018.03.08 14:32:18.342,0.93634,0.93651,1.00,1.00
2018.03.08 14:32:18.393,0.93631,0.93651,1.00,1.00
2018.03.08 14:32:18.603,0.9363,0.93649,1.00,2.25
2018.03.08 14:32:19.130,0.93631,0.93651,1.00,1.00
2018.03.08 14:32:19.239,0.93633,0.93654,1.00,3.00
2018.03.08 14:32:19.445,0.93635,0.93654,1.00,3.00
2018.03.08 14:32:19.548,0.93631,0.93651,1.00,1.00
2018.03.08 14:32:19.650,0.93629,0.93649,1.00,2.25
2018.03.08 14:32:19.967,0.93634,0.93653,1.00,1.00
2018.03.08 14:32:20.941,0.93635,0.93654,1.00,3.00
2018.03.08 14:32:21.710,0.93636,0.93655,1.00,1.00
2018.03.08 14:32:22.386,0.93636,0.93654,1.00,2.25
2018.03.08 14:32:22.530,0.93631,0.93653,1.00,4.50
2018.03.08 14:32:22.581,0.93631,0.93651,1.00,1.00
2018.03.08 14:32:23.099,0.93631,0.9365,1.00,1.00
2018.03.08 14:32:23.149,0.93632,0.93652,1.00,1.00
2018.03.08 14:32:23.313,0.9363,0.93651,1.00,1.00
2018.03.08 14:32:23.775,0.93628,0.9365,1.00,1.00
2018.03.08 14:32:23.926,0.93627,0.93645,1.00,1.00
2018.03.08 14:32:24.233,0.93629,0.93645,1.00,1.00
2018.03.08 14:32:24.334,0.93632,0.93651,1.00,1.00
2018.03.08 14:32:24.437,0.9363,0.9365,1.00,1.00
2018.03.08 14:32:24.640,0.93629,0.93646,1.00,2.25
2018.03.08 14:32:24.809,0.93626,0.93646,1.00,2.25
2018.03.08 14:32:25.022,0.93629,0.93646,1.00,2.25
2018.03.08 14:32:25.377,0.93628,0.93649,1.00,3.00
2018.03.08 14:32:25.479,0.9363,0.93649,1.00,2.25
2018.03.08 14:32:25.922,0.93626,0.93643,1.00,2.25
2018.03.08 14:32:26.439,0.93624,0.93643,1.00,2.25
2018.03.08 14:32:26.554,0.93625,0.93645,1.00,1.00
2018.03.08 14:32:27.092,0.93624,0.93644,1.00,2.25
2018.03.08 14:32:27.218,0.93621,0.93642,1.00,1.00
2018.03.08 14:32:27.269,0.93618,0.9364,1.00,1.00
2018.03.08 14:32:27.371,0.93617,0.93637,1.00,3.00
2018.03.08 14:32:27.874,0.93618,0.93638,1.00,1.00
2018.03.08 14:32:28.511,0.93616,0.93638,1.00,1.00
2018.03.08 14:32:28.613,0.93617,0.93641,1.00,1.00
2018.03.08 14:32:28.902,0.93616,0.93643,1.00,1.50
2018.03.08 14:32:29.080,0.93616,0.93638,1.00,1.00
2018.03.08 14:32:29.334,0.93618,0.93643,1.00,1.00
2018.03.08 14:32:29.808,0.93621,0.93642,1.00,1.00
2018.03.08 14:32:29.972,0.93612,0.93635,2.25,1.00
2018.03.08 14:32:30.074,0.93609,0.93632,1.00,1.00
2018.03.08 14:32:30.652,0.9361,0.93636,1.00,1.00
2018.03.08 14:32:30.703,0.93613,0.93637,1.00,1.00
2018.03.08 14:32:31.247,0.93614,0.93638,1.00,1.50
2018.03.08 14:32:31.951,0.93614,0.93639,1.00,1.00
2018.03.08 14:32:32.500,0.93615,0.93639,1.00,1.00
2018.03.08 14:32:32.840,0.93613,0.93636,1.00,1.00
2018.03.08 14:32:33.017,0.93609,0.93635,1.00,1.00
2018.03.08 14:32:33.119,0.93608,0.93631,1.00,1.00
2018.03.08 14:32:33.271,0.93606,0.93631,1.00,1.00
2018.03.08 14:32:33.423,0.93608,0.93632,1.00,2.25
2018.03.08 14:32:33.742,0.93593,0.93617,1.00,1.00
2018.03.08 14:32:33.845,0.93591,0.93617,1.00,1.50
2018.03.08 14:32:34.081,0.93595,0.93617,1.00,1.00
2018.03.08 14:32:34.131,0.93593,0.9362,1.50,1.00
2018.03.08 14:32:34.283,0.93593,0.93618,1.00,1.00
2018.03.08 14:32:34.629,0.93592,0.93616,1.00,1.50
2018.03.08 14:32:35.143,0.93591,0.93616,1.00,1.00
2018.03.08 14:32:35.448,0.93587,0.93609,1.00,1.00
2018.03.08 14:32:35.499,0.93584,0.93609,1.50,1.00
2018.03.08 14:32:35.550,0.93584,0.93612,2.25,1.00
2018.03.08 14:32:35.669,0.93586,0.93612,1.00,1.00
2018.03.08 14:32:35.902,0.93584,0.93612,2.25,1.00
2018.03.08 14:32:36.467,0.93587,0.93614,1.00,1.00
2018.03.08 14:32:36.998,0.93588,0.93613,1.00,1.00
2018.03.08 14:32:37.500,0.93588,0.93612,1.00,1.00
2018.03.08 14:32:38.088,0.93588,0.93613,1.00,1.00
2018.03.08 14:32:38.189,0.93591,0.93618,1.00,1.00
2018.03.08 14:32:38.240,0.93594,0.93619,1.00,1.00
2018.03.08 14:32:38.790,0.93595,0.9362,1.00,1.00
2018.03.08 14:32:39.352,0.93594,0.93619,1.00,1.00
2018.03.08 14:32:39.402,0.93592,0.93619,1.00,1.00
2018.03.08 14:32:39.453,0.93595,0.93622,1.00,1.00
2018.03.08 14:32:39.765,0.93597,0.93622,1.00,1.00
2018.03.08 14:32:39.816,0.93594,0.93621,1.00,1.00
2018.03.08 14:32:40.001,0.93591,0.93617,1.50,1.00
2018.03.08 14:32:40.304,0.93587,0.93613,1.00,1.00
2018.03.08 14:32:40.354,0.93588,0.93615,1.00,1.00
2018.03.08 14:32:40.810,0.93592,0.93617,1.00,1.00
2018.03.08 14:32:40.862,0.93592,0.93619,1.00,1.00
2018.03.08 14:32:40.913,0.93595,0.9362,1.00,3.75
2018.03.08 14:32:41.096,0.93589,0.93615,1.00,1.00
2018.03.08 14:32:41.307,0.93588,0.93613,1.00,1.00
2018.03.08 14:32:41.853,0.93591,0.93616,1.00,1.00
2018.03.08 14:32:42.376,0.9359,0.93617,1.00,1.00
2018.03.08 14:32:42.890,0.9359,0.93616,1.00,1.00
2018.03.08 14:32:43.412,0.93591,0.93615,1.00,1.00
2018.03.08 14:32:43.463,0.93591,0.93617,1.00,1.00
2018.03.08 14:32:43.976,0.93589,0.93616,1.50,1.00
2018.03.08 14:32:44.111,0.9359,0.93613,1.50,1.00
2018.03.08 14:32:44.314,0.93583,0.93609,1.00,1.00
2018.03.08 14:32:44.397,0.93584,0.93607,1.00,1.00
2018.03.08 14:32:44.548,0.9358,0.93605,1.00,1.00
2018.03.08 14:32:44.604,0.93574,0.93598,1.00,2.25
2018.03.08 14:32:44.715,0.93572,0.93597,1.00,1.50
2018.03.08 14:32:44.766,0.93573,0.93598,1.00,1.00
2018.03.08 14:32:44.818,0.93573,0.93596,1.00,1.00
2018.03.08 14:32:45.144,0.93579,0.93602,1.00,1.00
2018.03.08 14:32:45.482,0.93577,0.93602,1.00,1.00
2018.03.08 14:32:45.532,0.9358,0.93603,1.00,1.00
2018.03.08 14:32:45.835,0.93575,0.93598,1.00,1.00
2018.03.08 14:32:45.906,0.93573,0.93598,1.00,1.00
2018.03.08 14:32:45.957,0.93575,0.93599,1.00,1.00
2018.03.08 14:32:46.261,0.93577,0.936,1.00,1.00
2018.03.08 14:32:46.464,0.93579,0.93603,1.00,1.00
2018.03.08 14:32:46.918,0.93581,0.93605,1.00,1.00
2018.03.08 14:32:47.273,0.93582,0.93607,1.00,1.00
2018.03.08 14:32:47.323,0.9358,0.93607,1.00,1.00
2018.03.08 14:32:47.374,0.93582,0.93607,1.00,1.00
2018.03.08 14:32:47.771,0.93584,0.93607,1.00,1.00
2018.03.08 14:32:48.338,0.93584,0.9361,1.00,1.00
2018.03.08 14:32:48.440,0.93583,0.93608,1.50,1.00
2018.03.08 14:32:48.497,0.93585,0.93611,1.00,1.00
2018.03.08 14:32:48.548,0.93584,0.93608,1.00,1.00
2018.03.08 14:32:48.599,0.93584,0.9361,1.00,1.00
2018.03.08 14:32:48.700,0.93587,0.93611,1.00,1.00
2018.03.08 14:32:48.751,0.93585,0.93611,1.00,1.00
2018.03.08 14:32:48.802,0.93585,0.93609,1.00,1.00
2018.03.08 14:32:48.998,0.93586,0.93612,1.00,1.00
2018.03.08 14:32:49.048,0.93586,0.9361,1.00,1.00
2018.03.08 14:32:49.330,0.93587,0.93615,1.00,1.00
2018.03.08 14:32:49.431,0.93591,0.93617,1.00,1.00
2018.03.08 14:32:49.816,0.93589,0.93615,2.25,1.00
2018.03.08 14:32:50.155,0.93591,0.93616,1.00,1.00
2018.03.08 14:32:50.523,0.9359,0.93614,1.00,1.00
2018.03.08 14:32:51.296,0.9359,0.93613,1.00,1.00
2018.03.08 14:32:51.524,0.93591,0.93617,1.00,1.00
2018.03.08 14:32:51.768,0.93589,0.93615,1.00,1.00
2018.03.08 14:32:53.224,0.93592,0.93616,1.00,1.00
2018.03.08 14:32:53.275,0.93589,0.93615,1.00,1.00
2018.03.08 14:32:53.376,0.93591,0.93614,1.00,1.00
2018.03.08 14:32:53.519,0.93591,0.93616,1.00,1.00
2018.03.08 14:32:53.752,0.93593,0.93617,1.00,1.00
2018.03.08 14:32:53.803,0.93589,0.93614,1.50,1.00
2018.03.08 14:32:53.854,0.93592,0.93617,1.00,1.00
2018.03.08 14:32:54.163,0.93595,0.93618,1.00,1.00
2018.03.08 14:32:54.214,0.93595,0.93621,1.00,1.00
2018.03.08 14:32:55.821,0.93596,0.93621,1.00,1.00
2018.03.08 14:32:56.455,0.93597,0.93619,1.00,1.00
2018.03.08 14:32:57.223,0.93597,0.93622,1.00,1.00
2018.03.08 14:32:57.502,0.93597,0.93619,1.00,1.00
2018.03.08 14:32:57.849,0.93604,0.93626,1.00,1.00
2018.03.08 14:32:58.066,0.93604,0.93628,1.00,1.00
2018.03.08 14:32:58.367,0.93603,0.93626,1.00,1.00
2018.03.08 14:32:58.669,0.93605,0.93627,1.00,1.00
2018.03.08 14:32:59.194,0.93606,0.93628,1.00,1.00
2018.03.08 14:32:59.556,0.93605,0.93626,1.00,1.00
2018.03.08 14:32:59.607,0.93603,0.93627,1.00,1.00
2018.03.08 14:32:59.658,0.93605,0.93629,1.00,1.00
2018.03.08 14:33:00.101,0.93602,0.93624,1.00,1.00
2018.03.08 14:33:00.828,0.93604,0.93626,1.00,1.00
2018.03.08 14:33:01.113,0.93605,0.93629,1.00,1.00
2018.03.08 14:33:01.305,0.93607,0.93631,1.00,1.00
2018.03.08 14:33:01.609,0.93606,0.93628,1.00,1.00
2018.03.08 14:33:01.860,0.93606,0.9363,1.00,1.00
2018.03.08 14:33:01.979,0.93608,0.93632,1.00,1.00
2018.03.08 14:33:02.283,0.9361,0.93632,1.00,1.00
2018.03.08 14:33:02.662,0.9361,0.93634,1.00,1.00
2018.03.08 14:33:03.101,0.93607,0.93633,1.50,1.00
2018.03.08 14:33:03.373,0.93609,0.93633,1.00,1.00
2018.03.08 14:33:03.424,0.93607,0.93632,2.25,1.00
2018.03.08 14:33:03.651,0.93606,0.9363,1.00,1.00
2018.03.08 14:33:04.405,0.93606,0.93631,1.00,1.00
2018.03.08 14:33:04.755,0.9361,0.93633,1.00,1.00
2018.03.08 14:33:04.853,0.93609,0.93635,1.00,1.00
2018.03.08 14:33:04.916,0.93613,0.93636,1.00,1.00
2018.03.08 14:33:05.067,0.9361,0.93636,1.00,1.00
2018.03.08 14:33:05.276,0.93609,0.93632,1.50,1.00
2018.03.08 14:33:05.429,0.93608,0.93634,1.00,1.00
2018.03.08 14:33:05.731,0.9361,0.93634,1.00,1.00
2018.03.08 14:33:06.264,0.9361,0.93633,1.00,2.25
2018.03.08 14:33:06.317,0.93608,0.93633,1.00,2.25
2018.03.08 14:33:06.367,0.93611,0.93633,1.00,2.25
2018.03.08 14:33:06.905,0.93609,0.93635,1.00,1.00
2018.03.08 14:33:07.277,0.93611,0.93634,1.00,1.00
2018.03.08 14:33:07.328,0.93609,0.93634,1.00,2.25
2018.03.08 14:33:07.378,0.93611,0.93634,1.00,3.00
2018.03.08 14:33:07.696,0.93609,0.93634,1.00,2.25
2018.03.08 14:33:07.857,0.93612,0.93634,1.00,2.25
2018.03.08 14:33:08.105,0.93612,0.93635,1.00,1.00
2018.03.08 14:33:08.892,0.93616,0.93638,1.00,1.00
2018.03.08 14:33:09.101,0.93614,0.93639,1.00,1.00
2018.03.08 14:33:09.498,0.93617,0.93639,1.00,1.00
2018.03.08 14:33:09.554,0.93614,0.93637,1.00,1.00
2018.03.08 14:33:09.605,0.93612,0.93633,1.00,1.00
2018.03.08 14:33:09.656,0.93609,0.93633,1.00,1.00
2018.03.08 14:33:09.746,0.93607,0.93631,1.00,1.00
2018.03.08 14:33:10.049,0.9361,0.9363,1.00,1.00
2018.03.08 14:33:10.099,0.9361,0.93633,1.00,1.00
2018.03.08 14:33:10.252,0.93611,0.93635,1.00,1.00
2018.03.08 14:33:10.373,0.93613,0.93637,1.00,1.00
2018.03.08 14:33:10.575,0.93608,0.93634,1.50,1.00
2018.03.08 14:33:10.626,0.93613,0.93635,1.00,1.00
2018.03.08 14:33:10.676,0.93611,0.93634,1.00,1.00
2018.03.08 14:33:10.727,0.93613,0.93635,1.00,1.00
2018.03.08 14:33:10.828,0.93611,0.93634,1.00,1.00
2018.03.08 14:33:10.878,0.93617,0.9364,1.00,1.00
2018.03.08 14:33:11.577,0.93619,0.93638,1.00,2.25
2018.03.08 14:33:11.834,0.93617,0.93638,1.00,2.25
2018.03.08 14:33:11.986,0.93615,0.93631,1.00,1.00
2018.03.08 14:33:12.832,0.93614,0.93631,1.00,1.00
2018.03.08 14:33:12.967,0.93614,0.93636,1.00,1.50
2018.03.08 14:33:13.553,0.93615,0.93636,1.00,1.00
2018.03.08 14:33:13.604,0.93613,0.93636,1.00,1.00
2018.03.08 14:33:13.865,0.93616,0.93636,1.00,1.00
2018.03.08 14:33:13.966,0.93615,0.93638,1.00,1.12
2018.03.08 14:33:14.685,0.93613,0.93637,1.00,1.00
2018.03.08 14:33:15.276,0.93616,0.93637,1.00,1.00
2018.03.08 14:33:15.479,0.93618,0.93641,1.00,1.00
2018.03.08 14:33:15.767,0.93614,0.93642,1.00,1.00
2018.03.08 14:33:15.818,0.93616,0.9364,1.00,1.00
2018.03.08 14:33:16.340,0.93613,0.93637,1.00,1.00
2018.03.08 14:33:16.690,0.93617,0.9364,1.00,1.00
2018.03.08 14:33:16.741,0.93617,0.93642,1.00,1.00
2018.03.08 14:33:17.402,0.93615,0.93641,1.00,1.00
2018.03.08 14:33:17.473,0.93617,0.9364,1.00,1.00
2018.03.08 14:33:17.601,0.93618,0.93643,1.00,1.50
2018.03.08 14:33:17.981,0.93618,0.9364,1.00,2.25
2018.03.08 14:33:18.032,0.93616,0.93639,1.50,1.50
2018.03.08 14:33:18.739,0.93616,0.93641,1.00,1.00
2018.03.08 14:33:19.052,0.93618,0.93641,1.00,1.00
2018.03.08 14:33:19.215,0.93613,0.93641,1.00,1.00
2018.03.08 14:33:19.317,0.93618,0.93641,1.00,1.00
2018.03.08 14:33:19.368,0.93616,0.93642,1.00,1.00
2018.03.08 14:33:19.517,0.93618,0.93643,1.00,1.00
2018.03.08 14:33:20.219,0.93621,0.93643,1.00,1.00
2018.03.08 14:33:20.333,0.93619,0.93643,1.00,1.00
2018.03.08 14:33:20.384,0.93619,0.93641,1.00,1.00
2018.03.08 14:33:20.585,0.93619,0.93643,1.00,1.12
2018.03.08 14:33:20.636,0.93616,0.93642,1.00,1.00
2018.03.08 14:33:20.774,0.93619,0.93641,1.00,1.00
2018.03.08 14:33:20.825,0.93616,0.93642,1.00,1.00
2018.03.08 14:33:20.996,0.93616,0.9364,1.00,1.00
2018.03.08 14:33:21.377,0.93614,0.9364,1.00,1.00
2018.03.08 14:33:22.034,0.93616,0.93642,1.00,1.12
2018.03.08 14:33:23.101,0.93617,0.93642,1.00,1.00
2018.03.08 14:33:23.151,0.93615,0.93642,1.00,1.00
2018.03.08 14:33:23.485,0.9362,0.93643,1.00,1.00
2018.03.08 14:33:23.536,0.93618,0.93643,1.00,1.00
2018.03.08 14:33:23.997,0.93618,0.93641,1.00,1.00
2018.03.08 14:33:24.317,0.93618,0.93643,1.00,1.00
2018.03.08 14:33:24.497,0.93618,0.93641,1.00,1.00
2018.03.08 14:33:24.716,0.93619,0.93643,1.00,1.00
2018.03.08 14:33:25.367,0.93621,0.93644,1.00,1.12
2018.03.08 14:33:25.593,0.93619,0.93645,1.00,1.00
2018.03.08 14:33:25.899,0.93621,0.93646,1.00,1.00
2018.03.08 14:33:26.216,0.93618,0.93643,1.00,1.00
2018.03.08 14:33:26.757,0.93618,0.93644,1.00,1.00
2018.03.08 14:33:27.296,0.9362,0.93643,1.00,1.00
2018.03.08 14:33:27.816,0.93619,0.93642,1.00,1.00
2018.03.08 14:33:28.205,0.93617,0.93641,1.00,1.00
2018.03.08 14:33:30.361,0.93618,0.93644,1.00,1.00
2018.03.08 14:33:30.411,0.93621,0.93647,1.00,1.00
2018.03.08 14:33:30.714,0.93618,0.93644,1.00,1.00
2018.03.08 14:33:31.060,0.9362,0.93644,1.00,1.00
2018.03.08 14:33:31.595,0.93619,0.93643,1.00,1.00
2018.03.08 14:33:32.390,0.93622,0.93645,1.00,1.00
2018.03.08 14:33:32.859,0.93623,0.93647,1.00,1.00
2018.03.08 14:33:32.910,0.93621,0.93647,1.00,1.00
2018.03.08 14:33:33.489,0.93623,0.93647,1.00,1.00
2018.03.08 14:33:34.333,0.93625,0.93649,1.00,1.00
2018.03.08 14:33:35.139,0.93626,0.93649,1.00,1.00
2018.03.08 14:33:36.469,0.93624,0.93649,1.00,1.00
2018.03.08 14:33:36.891,0.93623,0.93647,1.00,1.00
2018.03.08 14:33:37.473,0.93622,0.93646,1.00,1.00
2018.03.08 14:33:37.917,0.93619,0.93645,1.00,1.00
2018.03.08 14:33:37.968,0.93618,0.93641,1.00,1.00
2018.03.08 14:33:38.172,0.93613,0.93638,1.00,1.00
2018.03.08 14:33:38.223,0.93612,0.93636,1.00,1.00
2018.03.08 14:33:38.428,0.93616,0.93641,1.00,1.00
2018.03.08 14:33:38.529,0.9362,0.93643,1.00,1.00
2018.03.08 14:33:38.580,0.93621,0.93645,1.00,1.00
2018.03.08 14:33:38.946,0.9362,0.93643,1.00,1.00
2018.03.08 14:33:39.560,0.93621,0.93644,1.00,1.00
2018.03.08 14:33:39.683,0.93622,0.93647,1.00,1.50
2018.03.08 14:33:40.311,0.93621,0.93646,1.00,1.00
2018.03.08 14:33:40.559,0.93619,0.93644,1.00,1.00
2018.03.08 14:33:41.714,0.93617,0.93644,1.00,1.00
2018.03.08 14:33:41.816,0.93616,0.93641,1.00,1.00
2018.03.08 14:33:42.121,0.93619,0.93643,1.00,1.00
2018.03.08 14:33:42.645,0.9362,0.93641,1.00,1.00
2018.03.08 14:33:42.747,0.93621,0.93643,1.00,1.00
2018.03.08 14:33:42.949,0.9362,0.93645,1.00,1.00
2018.03.08 14:33:43.059,0.93624,0.93645,1.00,1.00
2018.03.08 14:33:43.163,0.93619,0.93643,1.00,1.00
2018.03.08 14:33:43.682,0.93619,0.93642,1.00,1.00
2018.03.08 14:33:43.813,0.9362,0.93644,1.00,1.00
2018.03.08 14:33:43.966,0.93624,0.93645,1.00,1.00
2018.03.08 14:33:44.125,0.93621,0.93644,1.00,1.00
2018.03.08 14:33:44.175,0.93626,0.93648,1.00,1.00
2018.03.08 14:33:44.227,0.93626,0.9365,1.00,1.00
2018.03.08 14:33:45.312,0.93626,0.93647,1.00,1.00
2018.03.08 14:33:45.464,0.93623,0.93646,1.00,1.00
2018.03.08 14:33:45.801,0.93626,0.93648,1.00,1.00
2018.03.08 14:33:46.225,0.93628,0.9365,1.00,1.00
2018.03.08 14:33:46.763,0.93627,0.93649,1.00,1.00
2018.03.08 14:33:46.865,0.93622,0.93645,1.00,1.00
2018.03.08 14:33:46.916,0.93626,0.93647,1.00,1.00
2018.03.08 14:33:47.945,0.93626,0.93649,1.00,1.00
2018.03.08 14:33:48.047,0.93626,0.93647,1.00,1.00
2018.03.08 14:33:49.085,0.93624,0.93648,1.00,1.00
2018.03.08 14:33:49.460,0.93626,0.93648,1.00,1.00
2018.03.08 14:33:49.612,0.93624,0.93647,1.00,1.00
2018.03.08 14:33:50.268,0.93627,0.93647,1.00,1.00
2018.03.08 14:33:51.175,0.93626,0.93646,1.00,1.00
2018.03.08 14:33:51.296,0.93626,0.93648,1.00,1.00
2018.03.08 14:33:51.939,0.93627,0.93649,1.00,1.00
2018.03.08 14:33:52.330,0.93626,0.93646,1.00,1.00
2018.03.08 14:33:52.380,0.93627,0.93649,1.00,1.00
2018.03.08 14:33:52.762,0.93629,0.93649,1.00,1.00
2018.03.08 14:33:52.975,0.93629,0.93652,1.00,1.50
2018.03.08 14:33:53.077,0.93632,0.93652,1.00,1.00
2018.03.08 14:33:53.128,0.9363,0.93652,1.00,1.00
2018.03.08 14:33:53.347,0.93629,0.93649,1.00,1.00
2018.03.08 14:33:53.398,0.93624,0.93646,1.00,1.00
2018.03.08 14:33:53.498,0.93626,0.93648,1.00,1.00
2018.03.08 14:33:53.549,0.93624,0.93647,1.12,1.00
2018.03.08 14:33:53.805,0.93627,0.93648,1.00,1.00
2018.03.08 14:33:53.951,0.93623,0.93648,1.00,1.00
2018.03.08 14:33:54.002,0.93626,0.93648,1.00,1.00
2018.03.08 14:33:54.307,0.93629,0.93651,1.00,1.00
2018.03.08 14:33:54.826,0.9363,0.9365,1.00,1.00
2018.03.08 14:33:55.851,0.93632,0.93652,1.00,1.00
2018.03.08 14:33:55.902,0.93629,0.93651,1.00,1.00
2018.03.08 14:33:55.953,0.93628,0.93648,1.00,1.00
2018.03.08 14:33:56.564,0.93627,0.93647,1.00,1.00
2018.03.08 14:33:57.075,0.93625,0.93645,1.00,1.00
2018.03.08 14:33:58.203,0.93626,0.93648,1.00,1.00
2018.03.08 14:33:58.536,0.93628,0.93648,1.00,1.00
2018.03.08 14:33:59.489,0.93627,0.93647,1.00,1.00
2018.03.08 14:33:59.674,0.93627,0.93649,1.00,1.00
2018.03.08 14:34:01.460,0.93628,0.9365,1.00,1.00
2018.03.08 14:34:02.163,0.93629,0.93651,1.00,1.00
2018.03.08 14:34:02.671,0.93628,0.9365,1.00,1.00
2018.03.08 14:34:02.810,0.93626,0.93646,1.00,1.00
2018.03.08 14:34:02.963,0.93627,0.93649,1.00,1.00
2018.03.08 14:34:03.563,0.93628,0.9365,1.00,1.00
2018.03.08 14:34:04.371,0.93629,0.93651,1.00,1.00
2018.03.08 14:34:05.239,0.93629,0.93649,1.00,1.37
2018.03.08 14:34:05.441,0.93629,0.93651,1.00,1.00
2018.03.08 14:34:06.581,0.93627,0.93649,1.00,1.00
2018.03.08 14:34:07.290,0.93628,0.93648,1.00,1.00
2018.03.08 14:34:07.495,0.93631,0.93653,1.00,1.50
2018.03.08 14:34:09.688,0.93635,0.93655,1.00,1.00
2018.03.08 14:34:10.237,0.93638,0.93658,1.00,1.00
2018.03.08 14:34:10.615,0.93636,0.93656,1.00,1.00
2018.03.08 14:34:10.666,0.93636,0.93658,1.00,1.00
2018.03.08 14:34:11.041,0.93638,0.93658,1.00,1.00
2018.03.08 14:34:11.144,0.93636,0.93658,1.00,1.12
2018.03.08 14:34:11.358,0.93636,0.93656,1.00,1.00
2018.03.08 14:34:11.576,0.93636,0.93658,1.00,1.12
2018.03.08 14:34:11.944,0.93636,0.93656,1.00,1.00
2018.03.08 14:34:12.236,0.93634,0.93655,1.00,1.00
2018.03.08 14:34:12.775,0.93635,0.93656,1.00,1.00
2018.03.08 14:34:13.285,0.93636,0.93656,1.00,1.00
2018.03.08 14:34:14.234,0.93636,0.93658,1.00,1.00
2018.03.08 14:34:14.418,0.93638,0.93658,1.00,1.00
2018.03.08 14:34:15.010,0.93643,0.93663,1.00,1.00
2018.03.08 14:34:15.334,0.93641,0.93661,1.00,1.00
2018.03.08 14:34:15.681,0.93642,0.93664,1.00,1.00
2018.03.08 14:34:15.866,0.93644,0.93666,1.00,1.00
2018.03.08 14:34:16.211,0.93647,0.93667,1.00,1.00
2018.03.08 14:34:16.930,0.93644,0.93666,1.00,1.00
2018.03.08 14:34:18.337,0.93646,0.93666,1.00,1.00
2018.03.08 14:34:18.951,0.93647,0.93667,1.00,1.00
2018.03.08 14:34:20.375,0.93646,0.93669,1.00,1.00
2018.03.08 14:34:20.578,0.93648,0.93668,1.00,1.00
2018.03.08 14:34:20.801,0.93646,0.93669,1.00,1.00
2018.03.08 14:34:21.110,0.93648,0.9367,1.00,1.00
2018.03.08 14:34:21.413,0.93651,0.93671,1.00,1.00
2018.03.08 14:34:22.500,0.9365,0.9367,1.00,1.00
2018.03.08 14:34:23.042,0.93649,0.93669,1.00,1.00
2018.03.08 14:34:23.512,0.93646,0.93667,1.00,1.00
2018.03.08 14:34:24.036,0.93647,0.93669,1.00,1.00
2018.03.08 14:34:24.087,0.93648,0.93671,1.00,1.00
2018.03.08 14:34:24.595,0.93647,0.9367,1.00,1.00
2018.03.08 14:34:24.885,0.93649,0.9367,1.00,1.00
2018.03.08 14:34:24.989,0.9365,0.93673,1.00,1.00
2018.03.08 14:34:25.040,0.93652,0.93673,1.00,1.00
2018.03.08 14:34:25.291,0.9365,0.93672,1.00,1.00
2018.03.08 14:34:25.834,0.93649,0.93671,1.00,1.00
2018.03.08 14:34:25.988,0.93651,0.93671,1.00,1.00
2018.03.08 14:34:26.619,0.93653,0.93673,1.00,1.00
2018.03.08 14:34:26.722,0.93651,0.93674,1.00,1.00
2018.03.08 14:34:26.773,0.93653,0.93674,1.00,1.00
2018.03.08 14:34:27.271,0.93655,0.93675,1.00,1.00
2018.03.08 14:34:27.321,0.93653,0.93674,1.00,1.00
2018.03.08 14:34:27.624,0.93654,0.93676,1.00,1.00
2018.03.08 14:34:27.675,0.93653,0.93674,1.00,1.00
2018.03.08 14:34:28.203,0.93654,0.93675,1.00,1.00
2018.03.08 14:34:28.542,0.93649,0.93671,1.00,1.00
2018.03.08 14:34:28.643,0.93647,0.93668,1.00,1.00
2018.03.08 14:34:28.796,0.93645,0.93667,1.00,1.00
2018.03.08 14:34:29.100,0.93647,0.93667,1.00,1.00
2018.03.08 14:34:29.696,0.93646,0.93667,1.00,1.50
2018.03.08 14:34:30.200,0.93647,0.93667,1.00,1.00
2018.03.08 14:34:30.250,0.93645,0.93667,1.00,1.00
2018.03.08 14:34:30.352,0.93647,0.93667,1.00,1.00
2018.03.08 14:34:30.982,0.93645,0.93667,1.00,1.00
2018.03.08 14:34:31.628,0.93646,0.93667,1.00,1.00
2018.03.08 14:34:31.755,0.93646,0.93669,1.00,1.00
2018.03.08 14:34:31.857,0.93644,0.93665,1.00,1.00
2018.03.08 14:34:32.153,0.93642,0.93664,1.00,1.00
2018.03.08 14:34:32.310,0.9364,0.93662,1.00,1.00
2018.03.08 14:34:33.038,0.93641,0.93663,1.00,1.00
2018.03.08 14:34:33.389,0.93643,0.93665,1.00,1.00
2018.03.08 14:34:33.607,0.9364,0.93663,1.00,1.00
2018.03.08 14:34:33.750,0.93642,0.93665,1.00,1.00
2018.03.08 14:34:34.299,0.93642,0.93664,1.00,1.00
2018.03.08 14:34:35.061,0.93645,0.93665,1.00,1.00
2018.03.08 14:34:35.345,0.93642,0.93664,1.00,1.00
2018.03.08 14:34:35.398,0.93649,0.93669,1.00,1.00
2018.03.08 14:34:35.567,0.93644,0.93665,1.12,1.00
2018.03.08 14:34:35.618,0.93646,0.93668,1.00,1.00
2018.03.08 14:34:35.719,0.93644,0.93665,1.12,1.00
2018.03.08 14:34:35.821,0.93645,0.93668,1.00,1.00
2018.03.08 14:34:35.872,0.93644,0.93665,1.12,1.00
2018.03.08 14:34:35.972,0.93646,0.93668,1.00,1.00
2018.03.08 14:34:36.023,0.9365,0.93671,1.00,1.00
2018.03.08 14:34:36.108,0.93648,0.93671,1.00,1.00
2018.03.08 14:34:36.281,0.93649,0.93669,1.00,1.00
2018.03.08 14:34:36.561,0.93646,0.93667,1.00,1.00
2018.03.08 14:34:36.662,0.93649,0.93669,1.00,1.00
2018.03.08 14:34:37.570,0.93651,0.93671,1.00,1.00
2018.03.08 14:34:37.621,0.93652,0.93673,1.00,1.00
2018.03.08 14:34:37.671,0.9365,0.93671,1.00,1.00
2018.03.08 14:34:38.045,0.93649,0.93669,1.00,1.00
2018.03.08 14:34:38.163,0.9365,0.93672,1.00,1.00
2018.03.08 14:34:38.214,0.93646,0.93668,1.00,1.00
2018.03.08 14:34:38.316,0.93645,0.9367,1.00,1.00
2018.03.08 14:34:38.565,0.93649,0.93672,1.00,1.00
2018.03.08 14:34:38.667,0.93645,0.9367,1.00,1.00
2018.03.08 14:34:38.868,0.93648,0.93671,1.00,1.00
2018.03.08 14:34:39.071,0.93644,0.93669,1.50,1.00
2018.03.08 14:34:39.122,0.93648,0.93671,1.00,1.00
2018.03.08 14:34:39.425,0.9365,0.93672,1.00,1.00
2018.03.08 14:34:40.059,0.93648,0.93669,1.00,1.00
2018.03.08 14:34:40.362,0.9365,0.9367,1.00,1.00
2018.03.08 14:34:41.326,0.93651,0.93671,1.00,1.00
2018.03.08 14:34:41.534,0.93652,0.93673,1.00,1.00
2018.03.08 14:34:42.054,0.93653,0.93673,1.00,1.00
2018.03.08 14:34:42.210,0.93651,0.93674,1.00,1.00
2018.03.08 14:34:42.441,0.93651,0.93671,1.00,1.00
2018.03.08 14:34:42.716,0.93647,0.93668,1.00,1.00
2018.03.08 14:34:42.767,0.93646,0.93666,1.00,1.00
2018.03.08 14:34:42.931,0.93654,0.93676,1.00,1.00
2018.03.08 14:34:42.982,0.93652,0.93673,1.00,1.00
2018.03.08 14:34:43.539,0.93654,0.93675,1.00,1.00
2018.03.08 14:34:44.064,0.93653,0.93676,1.00,1.00
2018.03.08 14:34:44.472,0.93653,0.93673,1.00,1.00
2018.03.08 14:34:44.854,0.93651,0.93671,1.00,1.00
2018.03.08 14:34:45.110,0.93651,0.93673,1.00,1.00
2018.03.08 14:34:45.162,0.9365,0.93671,1.00,1.00
2018.03.08 14:34:46.141,0.93651,0.93673,1.00,3.00
2018.03.08 14:34:46.577,0.93654,0.93673,1.00,1.00
2018.03.08 14:34:46.951,0.93655,0.93675,1.00,1.00
2018.03.08 14:34:47.053,0.93656,0.93678,1.00,1.00
2018.03.08 14:34:47.105,0.93656,0.93676,1.00,1.00
2018.03.08 14:34:47.206,0.93654,0.93677,1.00,1.00
2018.03.08 14:34:47.372,0.93657,0.93679,1.00,1.00
2018.03.08 14:34:47.423,0.93655,0.93678,1.00,1.00
2018.03.08 14:34:47.591,0.93657,0.93679,1.00,1.00
2018.03.08 14:34:47.982,0.93655,0.93678,1.00,1.00
2018.03.08 14:34:48.546,0.93656,0.93678,1.00,1.00
2018.03.08 14:34:49.172,0.93656,0.93677,1.00,1.50
2018.03.08 14:34:49.324,0.93658,0.93678,1.00,1.00
2018.03.08 14:34:50.092,0.93658,0.9368,1.00,1.00
2018.03.08 14:34:50.143,0.93653,0.93677,1.00,1.00
2018.03.08 14:34:50.368,0.93656,0.93677,1.00,1.00
2018.03.08 14:34:51.137,0.93658,0.93681,1.00,1.50
2018.03.08 14:34:51.238,0.93656,0.93679,1.00,1.00
2018.03.08 14:34:51.747,0.93658,0.93679,1.00,1.00
2018.03.08 14:34:51.915,0.93655,0.93679,1.00,1.00
2018.03.08 14:34:51.969,0.93658,0.9368,1.00,1.00
2018.03.08 14:34:52.405,0.93658,0.93678,1.00,1.00
2018.03.08 14:34:53.722,0.93655,0.93676,1.00,1.00
2018.03.08 14:34:53.836,0.93652,0.93676,1.00,1.00
2018.03.08 14:34:55.178,0.93655,0.93678,1.00,1.00
2018.03.08 14:34:55.397,0.93652,0.93676,1.00,1.00
2018.03.08 14:34:55.449,0.93655,0.93678,1.00,1.00
2018.03.08 14:34:55.799,0.93652,0.93678,1.00,1.00
2018.03.08 14:34:55.850,0.93656,0.93678,1.00,1.00
2018.03.08 14:34:55.901,0.93653,0.93677,1.00,1.00
2018.03.08 14:34:56.074,0.93657,0.93678,1.00,1.50
2018.03.08 14:34:56.269,0.93654,0.93677,1.00,1.12
2018.03.08 14:34:56.372,0.93658,0.93678,1.00,1.50
2018.03.08 14:34:56.424,0.93656,0.93679,1.00,3.00
2018.03.08 14:34:56.475,0.93654,0.93677,1.00,1.00
2018.03.08 14:34:56.525,0.93657,0.93678,1.00,1.00
2018.03.08 14:34:56.714,0.93654,0.93677,1.00,1.00
2018.03.08 14:34:56.765,0.93657,0.93678,1.00,1.00
2018.03.08 14:34:56.816,0.93652,0.93676,1.00,1.00
2018.03.08 14:34:56.894,0.93656,0.93676,1.00,1.00
2018.03.08 14:34:56.944,0.9366,0.93681,1.00,1.00
2018.03.08 14:34:56.995,0.93662,0.93681,1.00,1.00
2018.03.08 14:34:57.045,0.93662,0.93683,1.00,1.00
2018.03.08 14:34:57.247,0.93662,0.93685,1.00,1.50
2018.03.08 14:34:57.298,0.93664,0.93684,1.00,1.00
2018.03.08 14:34:57.499,0.93661,0.93683,1.00,1.00
2018.03.08 14:34:58.254,0.93661,0.93681,1.00,1.00
2018.03.08 14:34:58.777,0.93662,0.93682,1.00,1.00
2018.03.08 14:34:59.227,0.93658,0.9368,1.00,1.00
2018.03.08 14:34:59.554,0.93655,0.93681,1.00,1.00
2018.03.08 14:34:59.606,0.93659,0.9368,1.00,1.00
2018.03.08 14:35:00.022,0.93663,0.93684,1.00,1.00
2018.03.08 14:35:00.401,0.93661,0.93682,1.00,1.00
2018.03.08 14:35:00.978,0.93657,0.93677,1.00,1.00
2018.03.08 14:35:01.093,0.93658,0.93679,1.00,1.00
2018.03.08 14:35:01.144,0.93657,0.93677,1.00,1.00
2018.03.08 14:35:01.289,0.93657,0.9368,1.00,1.00
2018.03.08 14:35:01.792,0.93658,0.9368,1.00,1.00
2018.03.08 14:35:01.842,0.93658,0.93678,1.00,1.00
2018.03.08 14:35:02.061,0.93659,0.93682,1.00,1.00
2018.03.08 14:35:02.265,0.93662,0.93682,1.00,1.00
2018.03.08 14:35:02.317,0.93658,0.9368,1.00,1.00
2018.03.08 14:35:02.368,0.93656,0.93678,1.00,1.00
2018.03.08 14:35:02.643,0.93654,0.93677,1.00,1.00
2018.03.08 14:35:02.797,0.93657,0.93677,1.00,1.00
2018.03.08 14:35:02.975,0.93657,0.93679,1.00,1.00
2018.03.08 14:35:03.177,0.93656,0.93676,1.00,1.00
2018.03.08 14:35:03.408,0.93653,0.93674,1.00,1.00
2018.03.08 14:35:03.610,0.93653,0.93676,1.00,1.00
2018.03.08 14:35:03.661,0.93653,0.93674,1.00,1.00
2018.03.08 14:35:03.762,0.9365,0.93673,1.00,1.00
2018.03.08 14:35:04.059,0.9365,0.93671,1.00,1.00
2018.03.08 14:35:04.159,0.93648,0.93671,1.00,1.00
2018.03.08 14:35:04.303,0.93645,0.93668,1.00,1.00
2018.03.08 14:35:04.753,0.93646,0.9367,1.00,1.00
2018.03.08 14:35:05.229,0.93648,0.93671,1.00,1.00
2018.03.08 14:35:05.542,0.93648,0.93669,1.00,1.00
2018.03.08 14:35:05.708,0.93649,0.93671,1.00,1.00
2018.03.08 14:35:06.146,0.93648,0.93669,1.00,1.00
2018.03.08 14:35:06.344,0.93649,0.93672,1.00,1.00
2018.03.08 14:35:07.061,0.93651,0.93675,1.00,1.00
2018.03.08 14:35:07.162,0.93654,0.93675,1.00,1.00
2018.03.08 14:35:07.532,0.93652,0.93673,1.00,1.00
2018.03.08 14:35:08.064,0.93651,0.93672,1.00,1.00
2018.03.08 14:35:08.515,0.93651,0.93674,1.00,1.00
2018.03.08 14:35:08.698,0.93651,0.93672,1.00,1.00
2018.03.08 14:35:08.854,0.93649,0.93673,1.00,1.00
2018.03.08 14:35:09.128,0.93651,0.93674,1.00,1.00
2018.03.08 14:35:09.337,0.93653,0.93677,1.00,1.00
2018.03.08 14:35:09.439,0.93655,0.93676,1.00,1.00
2018.03.08 14:35:09.859,0.93659,0.93682,1.00,1.00
2018.03.08 14:35:09.909,0.93658,0.93679,1.00,1.00
2018.03.08 14:35:10.254,0.93661,0.93682,1.00,1.00
2018.03.08 14:35:11.513,0.93656,0.93677,1.00,1.00
2018.03.08 14:35:11.845,0.93657,0.9368,1.00,1.00
2018.03.08 14:35:12.204,0.9366,0.93681,1.00,1.00
2018.03.08 14:35:12.805,0.93659,0.9368,1.00,1.00
2018.03.08 14:35:13.413,0.93658,0.93681,1.00,1.00
2018.03.08 14:35:13.784,0.9366,0.93679,1.00,1.00
2018.03.08 14:35:14.285,0.9366,0.9368,1.00,1.00
2018.03.08 14:35:14.455,0.93657,0.93678,1.00,1.00
2018.03.08 14:35:14.506,0.93658,0.93681,1.00,1.00
2018.03.08 14:35:14.654,0.93657,0.93678,1.00,1.00
2018.03.08 14:35:15.076,0.9366,0.9368,1.00,1.00
2018.03.08 14:35:15.205,0.93661,0.93682,1.00,1.00
2018.03.08 14:35:15.308,0.93659,0.9368,1.00,1.00
2018.03.08 14:35:15.409,0.9366,0.93682,1.00,1.00
2018.03.08 14:35:15.512,0.93659,0.9368,1.00,1.00
2018.03.08 14:35:15.563,0.9366,0.93683,1.00,1.00
2018.03.08 14:35:15.679,0.93658,0.93681,1.00,1.00
2018.03.08 14:35:16.018,0.9366,0.93682,1.12,1.00
2018.03.08 14:35:16.359,0.93658,0.93679,1.00,1.00
2018.03.08 14:35:16.672,0.93661,0.93682,1.00,1.00
2018.03.08 14:35:16.723,0.93658,0.93681,1.12,1.00
2018.03.08 14:35:17.226,0.9366,0.93681,1.00,1.00
2018.03.08 14:35:17.416,0.93662,0.93684,1.00,1.00
2018.03.08 14:35:17.945,0.93663,0.93686,1.00,1.00
2018.03.08 14:35:18.094,0.93665,0.93688,1.00,1.00
2018.03.08 14:35:18.400,0.93663,0.93684,1.00,1.00
2018.03.08 14:35:18.747,0.93663,0.93686,1.00,1.00
2018.03.08 14:35:18.798,0.93663,0.93684,1.00,1.00
2018.03.08 14:35:20.090,0.93661,0.93683,1.00,1.00
2018.03.08 14:35:20.141,0.93666,0.93687,1.00,1.00
2018.03.08 14:35:20.529,0.9366,0.93684,1.00,1.00
2018.03.08 14:35:20.580,0.93662,0.93685,1.00,1.00
2018.03.08 14:35:21.333,0.93662,0.93683,1.00,1.00
2018.03.08 14:35:21.383,0.93662,0.93686,1.00,1.00
2018.03.08 14:35:21.540,0.93662,0.93684,1.00,1.00
2018.03.08 14:35:22.173,0.93663,0.93684,1.00,1.00
2018.03.08 14:35:22.957,0.93662,0.93683,1.00,1.00
2018.03.08 14:35:23.759,0.9366,0.93683,1.00,1.00
2018.03.08 14:35:24.299,0.93661,0.93684,1.00,1.00
2018.03.08 14:35:24.642,0.93661,0.93682,1.00,1.00
2018.03.08 14:35:25.523,0.93662,0.93683,1.00,1.00
2018.03.08 14:35:26.590,0.93661,0.93683,1.00,1.00
2018.03.08 14:35:26.704,0.93662,0.93685,1.00,1.00
2018.03.08 14:35:27.238,0.93663,0.93686,1.00,1.00
2018.03.08 14:35:28.081,0.93665,0.93686,1.00,1.00
2018.03.08 14:35:28.910,0.93663,0.93684,1.00,1.00
2018.03.08 14:35:29.342,0.93665,0.93685,1.00,1.00
2018.03.08 14:35:29.883,0.93666,0.93688,1.00,1.00
2018.03.08 14:35:30.686,0.93668,0.9369,1.00,1.00
2018.03.08 14:35:31.048,0.93668,0.93688,1.00,1.00
2018.03.08 14:35:31.354,0.93668,0.9369,1.00,1.00
2018.03.08 14:35:31.591,0.93667,0.93687,1.00,1.00
2018.03.08 14:35:31.971,0.93668,0.9369,1.00,1.00
2018.03.08 14:35:32.179,0.9367,0.9369,1.00,1.00
2018.03.08 14:35:32.510,0.93665,0.93685,1.00,1.00
2018.03.08 14:35:32.762,0.93667,0.93689,1.00,1.00
2018.03.08 14:35:33.269,0.9367,0.9369,1.00,1.00
2018.03.08 14:35:33.571,0.93672,0.93692,1.00,1.00
2018.03.08 14:35:33.622,0.93672,0.93694,1.00,1.00
2018.03.08 14:35:33.673,0.93674,0.93694,1.00,1.00
2018.03.08 14:35:33.787,0.93672,0.93694,1.00,1.00
2018.03.08 14:35:33.888,0.9367,0.93694,1.00,1.00
2018.03.08 14:35:34.834,0.9367,0.93692,1.00,1.00
2018.03.08 14:35:35.400,0.93671,0.93693,1.00,1.00
2018.03.08 14:35:36.119,0.93674,0.93694,1.00,1.00
2018.03.08 14:35:36.641,0.93673,0.93693,1.00,1.00
2018.03.08 14:35:37.488,0.93674,0.93695,1.00,1.00
2018.03.08 14:35:37.589,0.93672,0.93694,1.00,1.00
2018.03.08 14:35:37.849,0.93668,0.93692,1.00,1.00
2018.03.08 14:35:38.202,0.93667,0.93689,1.00,1.00
2018.03.08 14:35:38.560,0.93669,0.93691,1.00,1.00
2018.03.08 14:35:39.092,0.93667,0.93689,1.00,1.00
2018.03.08 14:35:39.627,0.93668,0.93689,1.00,1.00
2018.03.08 14:35:39.678,0.93669,0.93692,1.00,1.00
2018.03.08 14:35:39.779,0.93671,0.93692,1.00,1.00
2018.03.08 14:35:40.202,0.93669,0.9369,1.12,1.00
2018.03.08 14:35:40.657,0.93672,0.93692,1.00,1.00
2018.03.08 14:35:41.918,0.93674,0.93695,1.00,1.00
2018.03.08 14:35:42.473,0.93675,0.93695,1.00,1.00
2018.03.08 14:35:42.621,0.93672,0.93694,1.00,1.00
2018.03.08 14:35:42.723,0.9367,0.93692,1.00,1.00
2018.03.08 14:35:42.976,0.93666,0.93689,1.00,1.00
2018.03.08 14:35:43.404,0.93668,0.93689,1.00,1.00
2018.03.08 14:35:43.787,0.93672,0.93693,1.50,1.00
2018.03.08 14:35:44.410,0.93673,0.93696,1.00,1.00
2018.03.08 14:35:44.656,0.93671,0.93694,1.00,1.00
2018.03.08 14:35:45.196,0.93671,0.93693,1.00,1.00
2018.03.08 14:35:45.505,0.93673,0.93695,1.00,1.00
2018.03.08 14:35:45.756,0.93671,0.93694,1.00,1.00
2018.03.08 14:35:47.807,0.93671,0.93691,1.00,1.00
2018.03.08 14:35:48.090,0.93669,0.93691,1.00,1.00
2018.03.08 14:35:48.242,0.93671,0.93691,1.00,1.00
2018.03.08 14:35:48.556,0.93664,0.93687,1.00,1.00
2018.03.08 14:35:49.619,0.93667,0.93689,1.00,1.00
2018.03.08 14:35:49.947,0.93665,0.93687,1.00,1.00
2018.03.08 14:35:50.485,0.93664,0.93687,1.00,1.00
2018.03.08 14:35:51.261,0.93664,0.93687,1.50,1.00
2018.03.08 14:35:51.613,0.93663,0.93686,1.50,1.00
2018.03.08 14:35:51.747,0.93666,0.93686,1.00,1.00
2018.03.08 14:35:51.876,0.93664,0.93685,1.00,1.00
2018.03.08 14:35:51.977,0.93663,0.93683,1.00,1.00
2018.03.08 14:35:52.029,0.93661,0.93683,1.00,1.00
2018.03.08 14:35:52.079,0.93659,0.93681,1.50,1.00
2018.03.08 14:35:52.425,0.93662,0.93684,1.00,1.00
2018.03.08 14:35:52.476,0.93661,0.93681,1.00,1.00
2018.03.08 14:35:52.628,0.93656,0.93678,1.00,1.00
2018.03.08 14:35:52.679,0.93658,0.93678,1.00,1.00
2018.03.08 14:35:52.925,0.93655,0.93677,1.00,1.00
2018.03.08 14:35:52.975,0.93657,0.93679,1.00,1.00
2018.03.08 14:35:53.356,0.93656,0.93676,1.00,1.00
2018.03.08 14:35:53.406,0.93652,0.93673,1.00,1.00
2018.03.08 14:35:53.457,0.93656,0.93676,1.00,1.00
2018.03.08 14:35:53.508,0.93651,0.93675,1.00,1.00
2018.03.08 14:35:53.886,0.93651,0.93673,1.00,1.00
2018.03.08 14:35:54.213,0.93654,0.93674,1.00,1.00
2018.03.08 14:35:54.817,0.93653,0.93673,1.00,1.00
2018.03.08 14:35:55.365,0.93654,0.93674,1.00,1.00
2018.03.08 14:35:55.634,0.93653,0.93676,1.00,1.00
2018.03.08 14:35:56.058,0.93652,0.93673,1.50,1.00
2018.03.08 14:35:56.617,0.93654,0.93674,1.00,1.00
2018.03.08 14:35:56.667,0.93654,0.93676,1.00,1.00
2018.03.08 14:35:56.970,0.93653,0.93673,1.00,1.00
2018.03.08 14:35:57.391,0.93655,0.93677,1.00,1.00
2018.03.08 14:35:57.543,0.93657,0.93677,1.00,1.00
2018.03.08 14:35:57.844,0.93657,0.93679,1.00,1.00
2018.03.08 14:35:58.788,0.93658,0.9368,1.00,1.00
2018.03.08 14:36:00.381,0.93657,0.93679,1.00,1.00
2018.03.08 14:36:00.432,0.93659,0.93681,1.00,1.00
2018.03.08 14:36:00.964,0.9366,0.9368,1.00,1.00
2018.03.08 14:36:01.594,0.93659,0.93679,1.00,1.00
2018.03.08 14:36:01.895,0.93661,0.93681,1.00,1.00
2018.03.08 14:36:02.414,0.9366,0.9368,1.00,1.00
2018.03.08 14:36:03.340,0.93657,0.93679,1.00,1.00
2018.03.08 14:36:03.441,0.93657,0.93677,1.00,1.00
2018.03.08 14:36:03.542,0.93654,0.93678,1.00,1.00
2018.03.08 14:36:04.029,0.93654,0.93675,1.00,1.00
2018.03.08 14:36:04.607,0.93655,0.93676,1.00,1.00
2018.03.08 14:36:05.640,0.93656,0.93679,1.00,1.00
2018.03.08 14:36:06.920,0.93658,0.9368,1.00,1.00
2018.03.08 14:36:07.244,0.93659,0.93682,1.00,1.00
2018.03.08 14:36:07.978,0.93658,0.93681,1.00,1.00
2018.03.08 14:36:08.029,0.93659,0.93679,1.00,1.00
2018.03.08 14:36:08.507,0.93657,0.93678,1.00,1.00
2018.03.08 14:36:08.609,0.93656,0.93676,1.00,1.00
2018.03.08 14:36:09.311,0.93653,0.93674,1.00,1.00
2018.03.08 14:36:09.525,0.93656,0.93677,1.00,1.00
2018.03.08 14:36:11.324,0.93655,0.93675,1.00,1.00
2018.03.08 14:36:11.426,0.93653,0.93674,1.00,1.00
2018.03.08 14:36:11.477,0.93656,0.93676,1.00,1.00
2018.03.08 14:36:11.662,0.93652,0.93674,1.00,1.00
2018.03.08 14:36:11.814,0.9365,0.93673,1.00,1.00
2018.03.08 14:36:11.866,0.93655,0.93678,1.00,1.00
2018.03.08 14:36:12.191,0.9365,0.93673,1.00,1.50
2018.03.08 14:36:12.808,0.9365,0.93671,1.00,1.00
2018.03.08 14:36:13.775,0.93648,0.9367,1.00,1.00
2018.03.08 14:36:13.826,0.93646,0.9367,1.00,1.00
2018.03.08 14:36:14.256,0.93649,0.93671,1.00,1.00
2018.03.08 14:36:14.358,0.93647,0.9367,1.00,1.00
2018.03.08 14:36:14.459,0.93643,0.93666,1.00,1.00
2018.03.08 14:36:14.981,0.93642,0.93667,1.50,1.00
2018.03.08 14:36:15.702,0.93642,0.93665,1.00,1.00
2018.03.08 14:36:16.221,0.93642,0.93666,1.00,1.00
2018.03.08 14:36:16.613,0.93644,0.93666,1.00,1.00
2018.03.08 14:36:16.967,0.93642,0.93664,1.00,1.00
2018.03.08 14:36:18.805,0.93641,0.93662,1.00,1.00
2018.03.08 14:36:19.335,0.9364,0.93661,1.00,1.00
2018.03.08 14:36:19.775,0.93638,0.93662,1.50,1.00
2018.03.08 14:36:19.875,0.93638,0.9366,1.50,1.00
2018.03.08 14:36:20.178,0.9364,0.93662,1.00,1.00
2018.03.08 14:36:20.701,0.9364,0.93663,1.00,1.00
2018.03.08 14:36:21.476,0.9364,0.93662,1.00,1.00
2018.03.08 14:36:21.757,0.93644,0.93668,1.00,1.00
2018.03.08 14:36:21.808,0.93648,0.93669,1.00,1.00
2018.03.08 14:36:21.909,0.93644,0.93668,1.00,1.00
2018.03.08 14:36:22.006,0.93645,0.93666,1.00,1.00
2018.03.08 14:36:22.057,0.93643,0.93667,1.00,1.00
2018.03.08 14:36:23.499,0.93644,0.93666,1.00,1.00
2018.03.08 14:36:24.113,0.93644,0.93665,1.00,1.00
2018.03.08 14:36:24.218,0.93642,0.93664,1.00,1.00
2018.03.08 14:36:24.764,0.93643,0.93665,1.00,1.00
2018.03.08 14:36:26.097,0.93641,0.93664,1.00,1.00
2018.03.08 14:36:26.517,0.93638,0.93662,1.00,1.00
2018.03.08 14:36:26.719,0.93636,0.9366,1.50,1.00
2018.03.08 14:36:27.141,0.93638,0.93661,1.00,1.00
2018.03.08 14:36:27.473,0.93638,0.93659,1.00,1.00
2018.03.08 14:36:27.606,0.93635,0.93659,1.00,1.50
2018.03.08 14:36:28.142,0.93635,0.93657,1.00,1.00
2018.03.08 14:36:28.193,0.93635,0.93659,1.00,1.00
2018.03.08 14:36:28.332,0.93637,0.93659,1.00,1.50
2018.03.08 14:36:28.453,0.93637,0.93661,1.00,1.00
2018.03.08 14:36:28.683,0.93639,0.93662,1.00,1.50
2018.03.08 14:36:29.194,0.93638,0.93662,1.00,1.50
2018.03.08 14:36:29.701,0.93639,0.93662,1.00,1.00
2018.03.08 14:36:30.013,0.93639,0.93659,1.00,1.00
2018.03.08 14:36:30.372,0.93639,0.93662,1.00,1.00
2018.03.08 14:36:30.650,0.93641,0.93663,1.00,1.00
2018.03.08 14:36:31.112,0.93641,0.93662,1.00,3.75
2018.03.08 14:36:31.588,0.93641,0.93663,1.00,1.00
2018.03.08 14:36:32.913,0.9364,0.93663,1.00,1.00
2018.03.08 14:36:33.367,0.9364,0.93665,1.00,1.00
2018.03.08 14:36:33.520,0.9364,0.93665,1.00,4.50
2018.03.08 14:36:33.995,0.9364,0.93665,1.00,1.00
2018.03.08 14:36:34.595,0.93641,0.93666,1.00,1.00
2018.03.08 14:36:35.704,0.93643,0.93665,1.00,1.00
2018.03.08 14:36:35.755,0.93643,0.93667,1.00,1.00
2018.03.08 14:36:35.908,0.93645,0.93666,1.00,1.00
2018.03.08 14:36:36.288,0.93642,0.93664,1.00,1.00
2018.03.08 14:36:36.391,0.9364,0.93663,1.00,1.00
2018.03.08 14:36:36.917,0.93641,0.93663,1.00,1.00
2018.03.08 14:36:36.967,0.93642,0.93665,1.00,1.00
2018.03.08 14:36:37.026,0.93641,0.93663,1.00,1.00
2018.03.08 14:36:37.448,0.93639,0.93662,1.00,1.00
2018.03.08 14:36:37.651,0.93636,0.9366,1.00,1.00
2018.03.08 14:36:37.769,0.93636,0.93658,1.00,1.00
2018.03.08 14:36:37.820,0.9363,0.93654,1.00,1.00
2018.03.08 14:36:37.871,0.93629,0.93652,1.00,1.00
2018.03.08 14:36:38.184,0.93628,0.9365,1.00,1.00
2018.03.08 14:36:38.799,0.93627,0.93651,1.00,1.00
2018.03.08 14:36:39.143,0.9363,0.93654,1.00,1.00
2018.03.08 14:36:39.446,0.93633,0.93657,1.00,1.00
2018.03.08 14:36:39.752,0.93627,0.93651,1.00,1.00
2018.03.08 14:36:40.253,0.93627,0.93649,1.00,1.00
2018.03.08 14:36:42.327,0.93622,0.93644,1.00,3.75
2018.03.08 14:36:42.648,0.93617,0.93638,1.00,2.25
2018.03.08 14:36:42.964,0.93617,0.93641,1.00,1.00
2018.03.08 14:36:43.764,0.93616,0.93639,1.00,1.00
2018.03.08 14:36:43.866,0.93614,0.93638,1.00,1.00
2018.03.08 14:36:43.969,0.93616,0.93638,1.00,1.00
2018.03.08 14:36:44.427,0.93619,0.93638,1.00,1.00
2018.03.08 14:36:44.479,0.93617,0.93638,1.00,1.00
2018.03.08 14:36:44.530,0.93617,0.9364,1.00,1.00
2018.03.08 14:36:44.581,0.93616,0.93638,1.00,1.00
2018.03.08 14:36:44.691,0.93618,0.93642,1.00,1.50
2018.03.08 14:36:44.950,0.93617,0.93639,1.00,1.00
2018.03.08 14:36:45.607,0.93616,0.93638,1.00,1.00
2018.03.08 14:36:46.363,0.93618,0.93639,1.00,1.00
2018.03.08 14:36:46.414,0.93616,0.93639,1.00,1.00
2018.03.08 14:36:46.807,0.93617,0.93641,1.00,1.00
2018.03.08 14:36:47.467,0.9362,0.93642,1.00,1.00
2018.03.08 14:36:48.420,0.93618,0.93642,1.00,1.00
2018.03.08 14:36:48.766,0.93619,0.9364,1.00,1.00
2018.03.08 14:36:48.817,0.9362,0.93642,1.00,1.12
2018.03.08 14:36:49.074,0.9362,0.93644,1.00,1.00
2018.03.08 14:36:49.580,0.93619,0.93641,1.00,1.00
2018.03.08 14:36:50.095,0.93618,0.93641,1.00,1.00
2018.03.08 14:36:50.646,0.93618,0.9364,1.00,1.00
2018.03.08 14:36:51.149,0.93617,0.9364,1.00,1.00
2018.03.08 14:36:51.520,0.93619,0.93641,1.00,1.00
2018.03.08 14:36:51.778,0.93616,0.9364,1.00,1.00
2018.03.08 14:36:52.090,0.93618,0.9364,1.00,1.00
2018.03.08 14:36:52.604,0.93617,0.93639,1.00,1.00
2018.03.08 14:36:53.209,0.93617,0.93641,1.00,1.00
2018.03.08 14:36:53.751,0.93618,0.9364,1.00,1.00
2018.03.08 14:36:53.988,0.93615,0.93638,1.00,1.00
2018.03.08 14:36:54.040,0.93619,0.93638,1.00,1.00
2018.03.08 14:36:54.145,0.93619,0.93641,1.00,1.00
2018.03.08 14:36:54.694,0.9362,0.93641,1.00,1.00
2018.03.08 14:36:55.418,0.9362,0.93644,1.00,1.50
2018.03.08 14:36:56.012,0.93619,0.93642,1.00,1.00
2018.03.08 14:36:56.062,0.93615,0.93637,1.00,1.00
2018.03.08 14:36:56.214,0.93608,0.93632,1.50,1.00
2018.03.08 14:36:56.316,0.93611,0.93631,1.00,1.00
2018.03.08 14:36:56.736,0.93612,0.93634,1.00,1.00
2018.03.08 14:36:56.787,0.93611,0.93632,1.00,1.00
2018.03.08 14:36:57.111,0.93611,0.93635,1.00,1.00
2018.03.08 14:36:57.498,0.93614,0.93634,1.00,1.00
2018.03.08 14:36:57.549,0.93611,0.93634,1.00,1.00
2018.03.08 14:36:57.600,0.93613,0.93634,1.00,1.50
2018.03.08 14:36:57.746,0.93611,0.93633,1.00,1.00
2018.03.08 14:36:57.998,0.93609,0.93635,1.00,1.50
2018.03.08 14:36:58.149,0.93612,0.93635,1.00,1.00
2018.03.08 14:36:58.436,0.93616,0.9364,1.00,1.50
2018.03.08 14:36:58.591,0.93618,0.93641,1.00,1.00
2018.03.08 14:36:58.926,0.93622,0.93645,1.00,1.12
2018.03.08 14:36:59.437,0.93622,0.93646,1.00,1.00
2018.03.08 14:36:59.924,0.9362,0.93645,1.00,1.00
2018.03.08 14:37:00.291,0.93623,0.93646,1.00,1.00
2018.03.08 14:37:00.737,0.93624,0.93649,1.00,1.00
2018.03.08 14:37:00.788,0.93627,0.93651,1.00,1.00
2018.03.08 14:37:01.106,0.93631,0.93653,1.00,1.00
2018.03.08 14:37:01.743,0.9363,0.93654,1.00,1.00
2018.03.08 14:37:02.109,0.93632,0.93653,1.00,1.00
2018.03.08 14:37:02.262,0.93629,0.93654,2.25,1.00
2018.03.08 14:37:02.313,0.93632,0.93653,1.00,1.00
2018.03.08 14:37:02.463,0.93629,0.93654,2.25,1.00
2018.03.08 14:37:02.666,0.93631,0.93653,1.00,1.00
2018.03.08 14:37:03.188,0.9363,0.93652,1.00,1.00
2018.03.08 14:37:03.508,0.93631,0.93654,1.00,1.00
2018.03.08 14:37:03.559,0.93629,0.93653,1.00,1.00
2018.03.08 14:37:03.714,0.93631,0.93654,1.00,1.00
2018.03.08 14:37:03.765,0.93629,0.93653,1.00,1.00
2018.03.08 14:37:03.867,0.93631,0.93654,1.00,1.00
2018.03.08 14:37:04.330,0.93629,0.93653,1.00,1.00
2018.03.08 14:37:04.431,0.93632,0.93654,1.00,1.00
2018.03.08 14:37:04.501,0.93629,0.93653,1.00,1.00
2018.03.08 14:37:04.552,0.93631,0.93655,1.00,1.00
2018.03.08 14:37:04.862,0.93631,0.93657,1.00,1.00
2018.03.08 14:37:04.913,0.93633,0.93656,1.00,1.00
2018.03.08 14:37:05.073,0.93635,0.93659,1.00,1.00
2018.03.08 14:37:05.631,0.93633,0.93657,1.00,1.00
2018.03.08 14:37:06.036,0.93635,0.93658,1.00,1.00
2018.03.08 14:37:07.027,0.93636,0.93658,1.00,1.00
2018.03.08 14:37:07.596,0.93635,0.93656,1.00,1.00
2018.03.08 14:37:07.748,0.93631,0.93654,1.00,1.00
2018.03.08 14:37:07.799,0.93633,0.93654,1.00,1.00
2018.03.08 14:37:07.850,0.93631,0.93654,1.00,1.00
2018.03.08 14:37:08.422,0.93631,0.93653,1.00,1.00
2018.03.08 14:37:08.926,0.93632,0.93653,1.00,1.00
2018.03.08 14:37:09.224,0.93629,0.93653,1.00,1.00
2018.03.08 14:37:09.489,0.93631,0.93652,1.00,1.00
2018.03.08 14:37:09.574,0.93629,0.93653,1.00,1.00
2018.03.08 14:37:09.737,0.93632,0.93653,1.00,1.00
2018.03.08 14:37:09.787,0.9363,0.93652,1.00,1.00
2018.03.08 14:37:09.939,0.93632,0.93653,1.00,1.00
2018.03.08 14:37:09.990,0.9363,0.93652,1.00,1.00
2018.03.08 14:37:10.122,0.93632,0.93653,1.00,1.00
2018.03.08 14:37:10.176,0.9363,0.93652,1.00,1.00
2018.03.08 14:37:10.277,0.93632,0.93653,1.00,1.00
2018.03.08 14:37:10.536,0.93629,0.93653,1.00,1.00
2018.03.08 14:37:10.639,0.93632,0.93654,1.00,1.00
2018.03.08 14:37:11.016,0.93637,0.93658,1.00,1.00
2018.03.08 14:37:11.776,0.9364,0.93661,1.00,1.50
2018.03.08 14:37:11.826,0.9364,0.93663,1.00,1.50
2018.03.08 14:37:11.877,0.93642,0.93663,1.00,1.00
2018.03.08 14:37:11.974,0.93643,0.93667,1.00,1.00
2018.03.08 14:37:12.230,0.93639,0.93662,1.00,3.00
2018.03.08 14:37:12.731,0.93641,0.93662,1.00,3.00
2018.03.08 14:37:13.231,0.93639,0.93661,1.00,1.00
2018.03.08 14:37:13.521,0.93638,0.93659,1.00,1.00
2018.03.08 14:37:13.854,0.93636,0.93658,1.00,2.25
2018.03.08 14:37:13.962,0.93634,0.93657,1.00,1.00
2018.03.08 14:37:14.065,0.93634,0.93655,1.00,1.00
2018.03.08 14:37:14.564,0.93634,0.93658,1.00,1.00
2018.03.08 14:37:14.614,0.93636,0.93658,1.00,1.00
2018.03.08 14:37:14.665,0.93634,0.93659,1.00,1.00
2018.03.08 14:37:14.965,0.93633,0.93655,1.00,1.00
2018.03.08 14:37:15.644,0.93634,0.93657,1.00,1.00
2018.03.08 14:37:17.253,0.93635,0.93659,1.00,1.00
2018.03.08 14:37:17.304,0.93637,0.93659,1.00,1.00
2018.03.08 14:37:17.534,0.93637,0.93661,1.00,1.00
2018.03.08 14:37:18.503,0.93639,0.9366,1.00,1.00
2018.03.08 14:37:18.747,0.93636,0.9366,1.00,1.00
2018.03.08 14:37:19.195,0.93639,0.93661,1.00,1.00
2018.03.08 14:37:19.583,0.9364,0.93663,1.00,1.00
2018.03.08 14:37:19.634,0.9364,0.93661,1.00,1.00
2018.03.08 14:37:19.735,0.93636,0.93658,1.00,1.00
2018.03.08 14:37:19.837,0.93633,0.93655,1.00,1.00
2018.03.08 14:37:20.789,0.93633,0.93657,1.00,1.00
2018.03.08 14:37:20.941,0.93635,0.93658,1.00,1.00
2018.03.08 14:37:21.262,0.93637,0.93659,1.00,1.00
2018.03.08 14:37:21.422,0.93634,0.93659,1.00,1.00
2018.03.08 14:37:21.746,0.93633,0.93657,1.00,1.00
2018.03.08 14:37:21.969,0.93631,0.93656,1.00,1.00
2018.03.08 14:37:22.151,0.93635,0.93656,1.00,1.00
2018.03.08 14:37:22.253,0.93637,0.93659,1.00,1.00
2018.03.08 14:37:22.419,0.93635,0.93659,1.00,1.00
2018.03.08 14:37:22.736,0.93637,0.9366,1.00,1.00
2018.03.08 14:37:23.645,0.93636,0.93658,1.00,1.00
2018.03.08 14:37:23.950,0.9364,0.93662,1.00,1.00
2018.03.08 14:37:24.001,0.93638,0.93661,1.00,1.00
2018.03.08 14:37:24.052,0.93638,0.93659,1.00,1.00
2018.03.08 14:37:24.372,0.9364,0.93661,1.00,1.00
2018.03.08 14:37:24.775,0.93638,0.93661,1.00,1.00
2018.03.08 14:37:24.826,0.93637,0.93659,1.00,1.00
2018.03.08 14:37:25.157,0.93639,0.9366,1.00,1.00
2018.03.08 14:37:25.463,0.93636,0.9366,1.00,1.00
2018.03.08 14:37:25.514,0.93636,0.93657,1.00,1.00
2018.03.08 14:37:25.768,0.93637,0.93659,1.00,1.00
2018.03.08 14:37:27.131,0.93636,0.93657,1.00,1.00
2018.03.08 14:37:27.183,0.93634,0.93658,1.00,1.00
2018.03.08 14:37:27.745,0.93633,0.93657,1.00,1.00
2018.03.08 14:37:28.342,0.93632,0.93654,1.00,1.00
2018.03.08 14:37:30.097,0.93631,0.93654,1.00,1.00
2018.03.08 14:37:30.422,0.93627,0.93651,1.00,1.00
2018.03.08 14:37:30.523,0.93627,0.93649,1.00,1.00
2018.03.08 14:37:31.100,0.93626,0.93649,1.00,1.00
2018.03.08 14:37:31.515,0.93628,0.9365,1.00,1.00
2018.03.08 14:37:31.566,0.93629,0.93652,1.00,1.00
2018.03.08 14:37:32.101,0.93628,0.93651,1.00,1.00
2018.03.08 14:37:32.653,0.9363,0.93652,1.00,1.00
2018.03.08 14:37:33.206,0.93629,0.93651,1.00,1.00
2018.03.08 14:37:33.710,0.9363,0.93651,1.00,1.00
2018.03.08 14:37:34.425,0.93631,0.93654,1.00,1.00
2018.03.08 14:37:34.644,0.9363,0.93652,1.00,1.00
2018.03.08 14:37:35.163,0.93631,0.93653,1.00,1.00
2018.03.08 14:37:35.214,0.93629,0.93653,1.00,1.00
2018.03.08 14:37:35.268,0.93627,0.93651,1.50,1.00
2018.03.08 14:37:35.658,0.93629,0.93652,1.00,1.00
2018.03.08 14:37:35.968,0.93631,0.93653,1.00,1.00
2018.03.08 14:37:37.059,0.93629,0.93654,1.00,1.00
2018.03.08 14:37:37.330,0.93632,0.93654,1.00,1.00
2018.03.08 14:37:37.664,0.93633,0.93656,1.00,1.00
2018.03.08 14:37:37.715,0.93634,0.93658,1.00,1.00
2018.03.08 14:37:38.303,0.93636,0.93657,1.00,1.00
2018.03.08 14:37:38.503,0.93637,0.93659,1.00,1.00
2018.03.08 14:37:38.936,0.93632,0.93653,1.00,1.00
2018.03.08 14:37:38.993,0.93629,0.93653,1.00,1.00
2018.03.08 14:37:39.197,0.93627,0.93654,1.00,1.00
2018.03.08 14:37:39.416,0.93632,0.93654,1.00,1.00
2018.03.08 14:37:39.543,0.93628,0.93654,1.00,1.00
2018.03.08 14:37:39.594,0.93634,0.93656,1.00,1.00
2018.03.08 14:37:39.746,0.93629,0.93655,1.00,1.00
2018.03.08 14:37:39.797,0.93634,0.93656,1.00,1.00
2018.03.08 14:37:39.848,0.93629,0.93655,1.00,1.00
2018.03.08 14:37:40.201,0.93633,0.93657,1.00,1.00
2018.03.08 14:37:41.048,0.93635,0.93656,1.00,1.00
2018.03.08 14:37:41.192,0.93635,0.93659,1.00,1.00
2018.03.08 14:37:41.242,0.93633,0.93657,1.00,1.00
2018.03.08 14:37:41.859,0.93633,0.93656,1.00,1.00
2018.03.08 14:37:42.113,0.93631,0.93655,1.00,1.00
2018.03.08 14:37:42.247,0.93632,0.93653,1.00,1.00
2018.03.08 14:37:42.450,0.93632,0.93655,1.00,1.00
2018.03.08 14:37:42.777,0.93629,0.93651,1.00,1.00
2018.03.08 14:37:42.828,0.93629,0.93653,1.00,1.00
2018.03.08 14:37:43.146,0.93632,0.93653,1.00,1.12
2018.03.08 14:37:43.197,0.93628,0.93652,1.50,1.00
2018.03.08 14:37:43.248,0.93631,0.93655,1.00,1.00
2018.03.08 14:37:43.586,0.9363,0.93652,1.00,1.12
2018.03.08 14:37:43.738,0.93631,0.93655,1.00,1.00
2018.03.08 14:37:43.789,0.93631,0.93653,1.00,1.00
2018.03.08 14:37:44.145,0.93628,0.93653,1.50,1.00
2018.03.08 14:37:44.651,0.9363,0.93654,1.00,1.00
2018.03.08 14:37:45.463,0.93629,0.93653,1.00,1.00
2018.03.08 14:37:46.269,0.9363,0.93654,1.00,1.00
2018.03.08 14:37:46.600,0.93626,0.93647,1.00,1.00
2018.03.08 14:37:47.177,0.93625,0.93647,1.00,1.00
2018.03.08 14:37:47.650,0.93626,0.93649,1.00,1.00
2018.03.08 14:37:47.910,0.93628,0.9365,1.00,1.00
2018.03.08 14:37:48.362,0.93631,0.93651,1.00,1.00
2018.03.08 14:37:48.764,0.93631,0.93653,1.00,1.00
2018.03.08 14:37:49.008,0.93634,0.93654,1.00,1.00
2018.03.08 14:37:49.114,0.93629,0.9365,1.00,1.00
2018.03.08 14:37:49.267,0.93633,0.93655,1.00,1.00
2018.03.08 14:37:49.496,0.93635,0.93657,1.00,1.50
2018.03.08 14:37:49.598,0.9363,0.93655,1.50,1.00
2018.03.08 14:37:49.700,0.9363,0.93652,1.00,1.12
2018.03.08 14:37:50.077,0.93631,0.93655,1.00,1.00
2018.03.08 14:37:50.289,0.93631,0.93653,1.00,1.00
2018.03.08 14:37:50.721,0.93628,0.93653,1.00,1.00
2018.03.08 14:37:50.772,0.93628,0.9365,1.00,1.00
2018.03.08 14:37:51.984,0.93629,0.9365,1.00,1.00
2018.03.08 14:37:52.718,0.93628,0.9365,1.00,1.00
2018.03.08 14:37:53.069,0.9363,0.93654,1.00,1.00
2018.03.08 14:37:53.349,0.93635,0.93659,1.00,1.00
2018.03.08 14:37:53.654,0.93629,0.93651,1.00,1.00
2018.03.08 14:37:53.906,0.93631,0.93654,1.00,1.50
2018.03.08 14:37:54.863,0.93631,0.93652,1.00,1.00
2018.03.08 14:37:55.347,0.93629,0.93651,1.00,1.00
2018.03.08 14:37:55.450,0.93631,0.93652,1.00,1.00
2018.03.08 14:37:55.521,0.93629,0.93651,1.00,1.00
2018.03.08 14:37:58.089,0.93629,0.9365,1.00,1.00
2018.03.08 14:37:58.140,0.93627,0.93649,1.00,1.00
2018.03.08 14:37:58.191,0.93623,0.93645,2.25,1.00
2018.03.08 14:37:58.671,0.93621,0.93643,1.00,1.00
2018.03.08 14:37:59.444,0.93622,0.93644,1.00,1.00
2018.03.08 14:37:59.890,0.93625,0.93647,1.00,1.00
2018.03.08 14:38:00.242,0.93627,0.93649,1.00,1.00
2018.03.08 14:38:00.629,0.93626,0.93647,1.00,1.00
2018.03.08 14:38:00.682,0.93626,0.93651,1.00,1.12
2018.03.08 14:38:00.788,0.93626,0.93649,1.00,1.00
2018.03.08 14:38:01.268,0.93622,0.93646,1.00,1.00
2018.03.08 14:38:01.521,0.93622,0.93644,1.50,1.00
2018.03.08 14:38:02.028,0.93622,0.93644,1.00,1.00
2018.03.08 14:38:02.341,0.93626,0.93647,2.25,1.00
2018.03.08 14:38:02.392,0.93623,0.93646,1.00,1.00
2018.03.08 14:38:02.443,0.93622,0.93644,1.00,1.00
2018.03.08 14:38:02.621,0.93623,0.93647,1.00,1.00
2018.03.08 14:38:02.672,0.93624,0.93647,2.25,1.00
2018.03.08 14:38:03.014,0.93624,0.93644,2.25,1.00
2018.03.08 14:38:03.064,0.93624,0.93646,2.25,1.00
2018.03.08 14:38:03.465,0.93629,0.93646,1.00,1.00
2018.03.08 14:38:03.515,0.93629,0.93651,1.00,1.00
2018.03.08 14:38:03.670,0.93629,0.93648,1.00,1.00
2018.03.08 14:38:03.721,0.93624,0.93648,1.00,1.00
2018.03.08 14:38:04.285,0.93623,0.93647,1.50,1.00
2018.03.08 14:38:04.401,0.93625,0.93647,1.00,1.00
2018.03.08 14:38:04.610,0.93626,0.9365,1.00,2.25
2018.03.08 14:38:04.661,0.93629,0.93649,1.00,1.00
2018.03.08 14:38:04.813,0.9363,0.93651,1.00,1.00
2018.03.08 14:38:05.184,0.93631,0.93653,1.00,1.00
2018.03.08 14:38:05.777,0.9363,0.93654,1.00,1.00
2018.03.08 14:38:06.612,0.9363,0.93652,1.12,1.00
2018.03.08 14:38:07.133,0.9363,0.93653,1.12,1.00
2018.03.08 14:38:07.637,0.93633,0.93655,1.00,1.00
2018.03.08 14:38:07.736,0.9363,0.93654,1.12,1.00
2018.03.08 14:38:07.786,0.93632,0.93656,1.00,1.00
2018.03.08 14:38:08.326,0.93631,0.93655,1.50,1.00
2018.03.08 14:38:08.995,0.9363,0.93652,1.50,1.00
2018.03.08 14:38:09.712,0.93626,0.93648,1.12,1.00
2018.03.08 14:38:10.451,0.93625,0.93648,1.00,1.00
2018.03.08 14:38:11.246,0.93623,0.93645,1.00,1.00
2018.03.08 14:38:11.297,0.93624,0.93647,1.00,1.00
2018.03.08 14:38:11.738,0.93619,0.93643,1.00,1.00
2018.03.08 14:38:11.789,0.93618,0.9364,1.00,1.00
2018.03.08 14:38:12.119,0.93615,0.93637,1.50,1.00
2018.03.08 14:38:12.598,0.93616,0.93639,1.00,1.00
2018.03.08 14:38:13.298,0.93615,0.93637,1.12,1.00
2018.03.08 14:38:13.702,0.93617,0.93638,1.00,1.00
2018.03.08 14:38:13.804,0.93613,0.93635,1.00,1.00
2018.03.08 14:38:13.855,0.93611,0.93636,1.00,1.00
2018.03.08 14:38:13.906,0.93614,0.93636,1.00,1.00
2018.03.08 14:38:14.007,0.93613,0.93638,1.00,1.00
2018.03.08 14:38:14.058,0.93613,0.93636,1.00,1.00
2018.03.08 14:38:14.590,0.93612,0.93635,1.50,1.00
2018.03.08 14:38:17.076,0.93612,0.93635,1.50,1.00
2018.03.08 14:38:17.390,0.93617,0.93639,2.25,1.50
2018.03.08 14:38:17.605,0.93616,0.93639,1.00,1.00
2018.03.08 14:38:18.267,0.93616,0.93641,1.00,1.00
2018.03.08 14:38:19.491,0.93618,0.9364,1.00,1.00
2018.03.08 14:38:20.345,0.93617,0.93642,1.00,1.00
2018.03.08 14:38:21.645,0.93619,0.93642,1.00,1.00
2018.03.08 14:38:22.751,0.93619,0.93643,1.00,1.00
2018.03.08 14:38:24.920,0.93621,0.93644,1.00,1.00
2018.03.08 14:38:25.071,0.93621,0.93646,1.00,1.00
2018.03.08 14:38:25.302,0.93624,0.93647,1.00,1.00
2018.03.08 14:38:25.581,0.93614,0.93639,1.12,1.00
2018.03.08 14:38:25.763,0.93616,0.93641,1.00,1.50
2018.03.08 14:38:26.068,0.93613,0.93637,1.50,1.00
2018.03.08 14:38:26.344,0.93614,0.93639,1.12,1.00
2018.03.08 14:38:26.496,0.93615,0.93637,1.12,1.00
2018.03.08 14:38:26.923,0.93613,0.93638,1.00,1.00
2018.03.08 14:38:27.440,0.93612,0.93635,1.00,1.00
2018.03.08 14:38:28.340,0.9361,0.93633,1.50,1.00
2018.03.08 14:38:29.149,0.9361,0.93633,1.00,1.00
2018.03.08 14:38:29.684,0.93609,0.93634,1.12,1.00
2018.03.08 14:38:30.105,0.93613,0.93636,2.25,1.00
2018.03.08 14:38:30.565,0.93611,0.93636,1.12,1.00
2018.03.08 14:38:30.786,0.93613,0.93636,1.00,1.00
2018.03.08 14:38:30.997,0.93613,0.93638,1.00,1.00
2018.03.08 14:38:31.465,0.93615,0.93637,1.00,1.00
2018.03.08 14:38:32.157,0.93614,0.93638,1.00,1.00
2018.03.08 14:38:32.436,0.93615,0.9364,1.00,1.50
2018.03.08 14:38:33.149,0.93616,0.9364,1.00,1.00
2018.03.08 14:38:33.529,0.93618,0.9364,2.25,1.00
2018.03.08 14:38:33.863,0.93618,0.93641,1.00,1.00
2018.03.08 14:38:34.354,0.93618,0.93643,1.00,1.00
2018.03.08 14:38:34.600,0.9362,0.93643,1.00,1.00
2018.03.08 14:38:34.802,0.93617,0.93642,1.00,1.00
2018.03.08 14:38:34.853,0.93614,0.93637,1.00,1.00
2018.03.08 14:38:35.185,0.93619,0.93642,1.00,1.00
2018.03.08 14:38:35.512,0.93617,0.9364,1.00,1.00
2018.03.08 14:38:35.724,0.93613,0.93638,1.50,1.00
2018.03.08 14:38:35.825,0.93615,0.9364,1.00,1.00
2018.03.08 14:38:36.317,0.93612,0.93639,1.00,1.00
2018.03.08 14:38:36.370,0.93615,0.9364,1.00,1.00
2018.03.08 14:38:36.699,0.93613,0.93639,1.00,1.00
2018.03.08 14:38:36.800,0.93618,0.93643,1.00,1.00
2018.03.08 14:38:37.127,0.93616,0.93639,1.00,1.00
2018.03.08 14:38:37.329,0.93617,0.93642,1.00,1.00
2018.03.08 14:38:37.380,0.93619,0.93644,1.12,1.00
2018.03.08 14:38:37.913,0.9362,0.93645,1.00,1.00
2018.03.08 14:38:38.241,0.93618,0.93643,1.50,1.00
2018.03.08 14:38:38.914,0.93618,0.93643,1.00,1.00
2018.03.08 14:38:39.628,0.93624,0.93649,1.00,1.00
2018.03.08 14:38:39.931,0.93629,0.93653,1.87,1.00
2018.03.08 14:38:39.981,0.93632,0.93657,1.00,1.00
2018.03.08 14:38:40.094,0.93636,0.93658,2.25,1.00
2018.03.08 14:38:40.196,0.93636,0.9366,2.25,1.00
2018.03.08 14:38:40.499,0.93634,0.93661,1.00,1.00
2018.03.08 14:38:40.622,0.93635,0.93659,1.00,1.00
2018.03.08 14:38:40.673,0.93635,0.93661,1.00,1.00
2018.03.08 14:38:40.827,0.93634,0.93659,3.00,1.00
2018.03.08 14:38:40.879,0.93636,0.93663,1.12,1.00
2018.03.08 14:38:40.930,0.9364,0.93664,1.00,1.00
2018.03.08 14:38:41.514,0.93638,0.93661,3.75,1.00
2018.03.08 14:38:41.616,0.93638,0.93661,1.00,1.00
2018.03.08 14:38:41.863,0.93638,0.93659,1.50,1.00
2018.03.08 14:38:41.914,0.93636,0.93659,1.00,1.00
2018.03.08 14:38:42.259,0.93636,0.93661,1.00,1.00
2018.03.08 14:38:42.361,0.9364,0.93664,1.00,1.00
2018.03.08 14:38:42.692,0.93637,0.9366,1.00,1.00
2018.03.08 14:38:43.119,0.93635,0.93658,1.00,1.00
2018.03.08 14:38:43.277,0.9364,0.93665,1.00,1.00
2018.03.08 14:38:43.378,0.9364,0.93663,1.00,1.00
2018.03.08 14:38:43.687,0.93637,0.93661,1.00,1.00
2018.03.08 14:38:43.842,0.93638,0.93663,1.00,1.00
2018.03.08 14:38:44.282,0.93638,0.93661,1.00,1.00
2018.03.08 14:38:44.334,0.9364,0.93665,1.00,1.00
2018.03.08 14:38:44.547,0.93638,0.93663,1.00,1.00
2018.03.08 14:38:45.109,0.93637,0.93662,1.00,1.00
2018.03.08 14:38:45.449,0.9364,0.93663,1.00,1.00
2018.03.08 14:38:45.939,0.93641,0.93666,1.00,1.00
2018.03.08 14:38:46.526,0.9364,0.93663,1.00,1.00
2018.03.08 14:38:46.715,0.93641,0.93666,1.00,1.00
2018.03.08 14:38:46.766,0.93643,0.93666,1.50,1.00
2018.03.08 14:38:47.383,0.93646,0.93669,1.00,1.50
2018.03.08 14:38:47.769,0.93643,0.93666,1.12,1.00
2018.03.08 14:38:48.290,0.93644,0.93667,1.00,1.00
2018.03.08 14:38:48.506,0.93642,0.93667,1.00,1.00
2018.03.08 14:38:49.038,0.93642,0.93666,1.00,1.00
2018.03.08 14:38:49.439,0.93644,0.93668,1.00,1.00
2018.03.08 14:38:49.742,0.93648,0.93671,1.00,1.00
2018.03.08 14:38:50.046,0.93646,0.93668,1.00,1.00
2018.03.08 14:38:50.574,0.93647,0.93668,1.00,1.00
2018.03.08 14:38:51.210,0.93647,0.93669,1.00,1.50
2018.03.08 14:38:51.631,0.93645,0.93668,1.00,1.50
2018.03.08 14:38:51.941,0.93644,0.9367,1.00,1.00
2018.03.08 14:38:52.206,0.93646,0.93669,1.00,1.00
2018.03.08 14:38:52.928,0.93646,0.93671,1.50,1.50
2018.03.08 14:38:52.979,0.93648,0.93671,1.00,1.00
2018.03.08 14:38:53.030,0.93646,0.9367,1.50,1.00
2018.03.08 14:38:53.081,0.93646,0.93668,1.00,1.00
2018.03.08 14:38:53.872,0.93645,0.93669,1.00,1.00
2018.03.08 14:38:54.926,0.93645,0.9367,1.00,2.25
2018.03.08 14:38:55.267,0.93647,0.9367,1.00,1.00
2018.03.08 14:38:56.627,0.93646,0.93671,1.00,1.00
2018.03.08 14:38:56.982,0.93646,0.93669,1.00,1.00
2018.03.08 14:38:57.327,0.93648,0.93671,1.00,1.00
2018.03.08 14:38:57.729,0.93644,0.93668,1.00,1.00
2018.03.08 14:38:58.095,0.93648,0.93669,1.00,1.00
2018.03.08 14:38:58.196,0.93648,0.93671,1.00,1.00
2018.03.08 14:38:58.808,0.93647,0.9367,1.00,1.00
2018.03.08 14:38:59.462,0.93648,0.93671,1.00,1.00
2018.03.08 14:39:00.125,0.93649,0.93672,1.00,1.50
2018.03.08 14:39:00.209,0.93648,0.9367,1.00,1.00
2018.03.08 14:39:00.519,0.93646,0.93669,1.00,1.00
2018.03.08 14:39:00.773,0.93644,0.93667,1.75,1.00
2018.03.08 14:39:00.952,0.93644,0.93667,1.00,1.00
2018.03.08 14:39:02.330,0.93644,0.93669,1.00,1.00
2018.03.08 14:39:02.431,0.93646,0.9367,1.00,1.00
2018.03.08 14:39:02.635,0.93648,0.93673,1.00,1.00
2018.03.08 14:39:02.876,0.93646,0.93669,1.00,1.00
2018.03.08 14:39:03.032,0.93644,0.9367,1.12,1.00
2018.03.08 14:39:03.191,0.93642,0.93668,1.00,1.00
2018.03.08 14:39:03.299,0.93643,0.9367,1.00,1.00
2018.03.08 14:39:03.402,0.93645,0.93671,1.50,1.00
2018.03.08 14:39:03.453,0.93646,0.93673,1.00,1.00
2018.03.08 14:39:03.556,0.93649,0.93672,1.00,1.00
2018.03.08 14:39:03.707,0.93647,0.93674,1.00,1.00
2018.03.08 14:39:03.759,0.9365,0.93672,1.00,1.00
2018.03.08 14:39:03.860,0.93645,0.93673,1.00,1.00
2018.03.08 14:39:03.961,0.93643,0.9367,1.00,1.00
2018.03.08 14:39:04.289,0.93646,0.93668,1.00,1.00
2018.03.08 14:39:04.492,0.93647,0.93671,1.00,1.00
2018.03.08 14:39:05.068,0.93647,0.93672,1.00,1.00
2018.03.08 14:39:05.118,0.93647,0.9367,1.00,1.00
2018.03.08 14:39:05.238,0.93648,0.93672,1.00,1.00
2018.03.08 14:39:05.785,0.9365,0.93672,1.00,1.00
2018.03.08 14:39:06.756,0.93649,0.93672,1.00,1.00
2018.03.08 14:39:07.286,0.93648,0.93672,1.00,1.00
2018.03.08 14:39:07.971,0.9365,0.93673,1.00,1.00
2018.03.08 14:39:08.539,0.9365,0.93674,1.00,1.00
2018.03.08 14:39:08.840,0.93649,0.93671,1.00,1.00
2018.03.08 14:39:08.930,0.93647,0.93672,1.00,1.00
2018.03.08 14:39:09.247,0.9365,0.93672,1.00,1.00
2018.03.08 14:39:09.890,0.9365,0.93673,1.00,1.00
2018.03.08 14:39:10.356,0.93649,0.93671,1.00,1.00
2018.03.08 14:39:10.862,0.93649,0.93673,1.00,1.00
2018.03.08 14:39:11.659,0.93648,0.93671,1.00,1.00
2018.03.08 14:39:11.923,0.93642,0.93666,1.00,1.00
2018.03.08 14:39:11.974,0.93639,0.93663,2.25,1.00
2018.03.08 14:39:12.280,0.93639,0.93665,1.00,1.00
2018.03.08 14:39:12.914,0.9364,0.93665,1.00,1.00
2018.03.08 14:39:13.096,0.93642,0.93664,1.00,1.00
2018.03.08 14:39:13.375,0.9364,0.93665,1.00,1.00
2018.03.08 14:39:13.656,0.93641,0.93667,1.00,1.00
2018.03.08 14:39:13.708,0.93638,0.93667,1.00,1.00
2018.03.08 14:39:13.759,0.93638,0.93664,1.00,1.00
2018.03.08 14:39:14.065,0.93638,0.93661,1.00,1.00
2018.03.08 14:39:14.161,0.93636,0.93661,1.00,1.00
2018.03.08 14:39:14.212,0.93635,0.93659,1.00,1.00
2018.03.08 14:39:14.264,0.93633,0.93659,1.00,1.00
2018.03.08 14:39:14.779,0.93629,0.93654,1.50,1.00
2018.03.08 14:39:14.880,0.93631,0.93657,1.00,1.00
2018.03.08 14:39:15.413,0.93631,0.93656,1.00,1.00
2018.03.08 14:39:15.514,0.93634,0.93657,1.00,1.00
2018.03.08 14:39:15.813,0.93632,0.93657,1.00,1.00
2018.03.08 14:39:16.000,0.93635,0.93657,1.00,1.00
2018.03.08 14:39:16.051,0.93631,0.93657,1.00,1.00
2018.03.08 14:39:16.257,0.93636,0.93659,1.00,1.00
2018.03.08 14:39:16.464,0.93636,0.93661,1.00,1.00
2018.03.08 14:39:16.565,0.93634,0.9366,1.00,1.00
2018.03.08 14:39:16.762,0.93633,0.93655,1.00,1.00
2018.03.08 14:39:16.813,0.93632,0.93657,1.00,1.00
2018.03.08 14:39:17.338,0.93633,0.93656,1.00,1.00
2018.03.08 14:39:17.440,0.93631,0.93656,1.00,1.00
2018.03.08 14:39:17.961,0.93631,0.93653,1.00,1.00
2018.03.08 14:39:18.441,0.93627,0.93654,1.00,1.00
2018.03.08 14:39:18.633,0.93631,0.93655,1.00,1.00
2018.03.08 14:39:19.817,0.93634,0.93657,1.00,1.00
2018.03.08 14:39:20.053,0.9363,0.93655,1.00,1.00
2018.03.08 14:39:20.154,0.93628,0.93655,1.50,1.00
2018.03.08 14:39:20.340,0.93634,0.93657,1.00,1.50
2018.03.08 14:39:20.588,0.93636,0.9366,1.00,1.00
2018.03.08 14:39:20.891,0.93633,0.93658,1.00,1.00
2018.03.08 14:39:20.941,0.93635,0.9366,1.00,1.00
2018.03.08 14:39:21.346,0.93633,0.93659,1.00,1.00
2018.03.08 14:39:22.318,0.93634,0.93659,1.00,1.00
2018.03.08 14:39:22.611,0.93638,0.93661,1.00,1.00
2018.03.08 14:39:22.661,0.93636,0.9366,1.00,1.00
2018.03.08 14:39:22.712,0.93632,0.93659,1.00,1.00
2018.03.08 14:39:22.763,0.93635,0.93657,1.00,1.00
2018.03.08 14:39:22.813,0.93633,0.93658,1.00,1.00
2018.03.08 14:39:22.864,0.93637,0.93659,1.00,1.00
2018.03.08 14:39:22.993,0.93632,0.93656,1.00,1.00
2018.03.08 14:39:23.095,0.93632,0.93654,1.00,1.00
2018.03.08 14:39:23.145,0.93632,0.93656,1.00,1.00
2018.03.08 14:39:23.674,0.93633,0.93656,1.00,1.00
2018.03.08 14:39:23.725,0.93635,0.9366,1.00,2.25
2018.03.08 14:39:23.926,0.93635,0.93658,1.00,1.00
2018.03.08 14:39:24.209,0.93633,0.93658,1.00,1.00
2018.03.08 14:39:24.416,0.93634,0.93656,1.00,1.00
2018.03.08 14:39:25.021,0.93633,0.93657,1.00,1.00
2018.03.08 14:39:25.523,0.93635,0.93659,1.00,1.00
2018.03.08 14:39:25.871,0.93633,0.93658,1.00,1.00
2018.03.08 14:39:25.930,0.93634,0.93656,1.00,1.00
2018.03.08 14:39:27.132,0.93634,0.93659,1.00,1.00
2018.03.08 14:39:27.480,0.93634,0.93656,1.00,1.00
2018.03.08 14:39:27.532,0.93633,0.93658,1.00,1.00
2018.03.08 14:39:28.372,0.93635,0.93658,1.00,1.00
2018.03.08 14:39:28.742,0.93632,0.93656,1.00,1.00
2018.03.08 14:39:28.793,0.93636,0.9366,1.00,1.50
2018.03.08 14:39:31.200,0.93632,0.93657,1.00,1.00
2018.03.08 14:39:31.301,0.9363,0.93655,1.00,1.00
2018.03.08 14:39:31.831,0.93631,0.93655,1.00,1.00
2018.03.08 14:39:32.162,0.93633,0.93655,1.00,1.00
2018.03.08 14:39:32.378,0.93633,0.93659,1.00,1.00
2018.03.08 14:39:32.429,0.93629,0.93656,1.00,1.00
2018.03.08 14:39:32.666,0.93631,0.93655,1.00,1.00
2018.03.08 14:39:32.874,0.93629,0.93654,1.00,1.00
2018.03.08 14:39:32.979,0.9363,0.93656,1.00,1.00
2018.03.08 14:39:33.080,0.93632,0.93657,1.00,1.00
2018.03.08 14:39:33.598,0.93631,0.93656,1.00,1.00
2018.03.08 14:39:33.973,0.93629,0.93654,1.00,1.00
2018.03.08 14:39:34.479,0.93633,0.93656,1.00,1.00
2018.03.08 14:39:35.268,0.93629,0.93656,1.00,1.50
2018.03.08 14:39:35.610,0.93631,0.93656,1.00,1.00
2018.03.08 14:39:36.289,0.9363,0.93655,1.00,1.00
2018.03.08 14:39:36.743,0.9363,0.93652,1.00,1.00
2018.03.08 14:39:36.844,0.93629,0.93654,1.00,1.50
2018.03.08 14:39:36.996,0.93631,0.93653,1.00,1.00
2018.03.08 14:39:37.164,0.93633,0.93657,1.00,1.50
2018.03.08 14:39:37.386,0.93635,0.93657,1.00,2.25
2018.03.08 14:39:37.537,0.93636,0.93659,1.00,1.00
2018.03.08 14:39:38.085,0.93637,0.93659,1.00,1.00
2018.03.08 14:39:38.234,0.93635,0.93658,1.00,1.00
2018.03.08 14:39:38.736,0.93633,0.93658,1.00,1.00
2018.03.08 14:39:38.947,0.93635,0.9366,1.00,1.50
2018.03.08 14:39:39.262,0.93635,0.93657,1.00,1.00
2018.03.08 14:39:39.888,0.93637,0.93658,1.00,1.00
2018.03.08 14:39:39.939,0.93634,0.93658,1.00,1.50
2018.03.08 14:39:41.104,0.93637,0.9366,1.00,1.00
2018.03.08 14:39:41.308,0.93635,0.93659,1.00,1.00
2018.03.08 14:39:41.579,0.93643,0.93661,1.00,1.00
2018.03.08 14:39:41.680,0.93641,0.93662,1.00,1.00
2018.03.08 14:39:41.731,0.93641,0.93664,1.00,1.00
2018.03.08 14:39:41.832,0.93639,0.93662,1.00,1.00
2018.03.08 14:39:42.164,0.93644,0.93667,1.00,1.00
2018.03.08 14:39:42.836,0.93645,0.93667,1.00,1.00
2018.03.08 14:39:43.100,0.93646,0.93669,1.00,1.00
2018.03.08 14:39:44.920,0.93644,0.93669,1.00,1.50
2018.03.08 14:39:45.328,0.93644,0.93666,1.00,1.00
2018.03.08 14:39:45.511,0.93639,0.93662,1.00,1.00
2018.03.08 14:39:45.613,0.93643,0.93666,1.00,2.25
2018.03.08 14:39:45.801,0.93638,0.93663,1.00,1.00
2018.03.08 14:39:47.144,0.93644,0.93667,1.00,1.00
2018.03.08 14:39:47.297,0.93638,0.93665,1.00,1.00
2018.03.08 14:39:47.574,0.93639,0.93663,1.00,1.00
2018.03.08 14:39:47.888,0.9364,0.93665,1.00,1.00
2018.03.08 14:39:47.939,0.93637,0.93664,1.00,1.00
2018.03.08 14:39:47.990,0.93642,0.93664,1.00,1.00
2018.03.08 14:39:48.193,0.93638,0.93665,1.00,1.00
2018.03.08 14:39:48.363,0.93642,0.93664,1.00,1.00
2018.03.08 14:39:48.591,0.93643,0.93666,1.00,1.00
2018.03.08 14:39:48.743,0.93642,0.93668,1.00,1.00
2018.03.08 14:39:49.239,0.93644,0.93669,1.00,1.00
2018.03.08 14:39:49.552,0.93649,0.93672,1.00,1.00
2018.03.08 14:39:50.348,0.93648,0.93672,1.00,1.00
2018.03.08 14:39:50.748,0.9365,0.93673,1.00,1.00
2018.03.08 14:39:50.902,0.93653,0.93677,1.00,1.00
2018.03.08 14:39:51.295,0.93647,0.93665,1.00,1.00
2018.03.08 14:39:51.346,0.93644,0.93669,1.00,1.50
2018.03.08 14:39:51.397,0.93643,0.93666,1.00,1.00
2018.03.08 14:39:51.725,0.93647,0.9367,1.00,2.25
2018.03.08 14:39:51.776,0.93647,0.9367,1.00,1.00
2018.03.08 14:39:51.899,0.93649,0.93671,1.00,1.00
2018.03.08 14:39:51.950,0.93646,0.93669,1.00,1.00
2018.03.08 14:39:52.051,0.93643,0.93666,1.00,1.00
2018.03.08 14:39:52.397,0.93641,0.93666,1.00,1.00
2018.03.08 14:39:52.448,0.93643,0.93666,1.00,1.00
2018.03.08 14:39:52.499,0.93638,0.93666,1.00,1.00
2018.03.08 14:39:52.645,0.93646,0.93669,1.00,2.25
2018.03.08 14:39:53.686,0.93642,0.93664,1.00,1.00
2018.03.08 14:39:53.738,0.93638,0.93666,1.00,1.00
2018.03.08 14:39:53.789,0.93642,0.93664,1.00,1.00
2018.03.08 14:39:53.905,0.9364,0.93665,1.00,1.00
2018.03.08 14:39:53.956,0.93637,0.93663,1.00,1.50
2018.03.08 14:39:54.482,0.93638,0.93662,1.00,2.25
2018.03.08 14:39:54.680,0.9364,0.93665,1.00,1.50
2018.03.08 14:39:54.882,0.93642,0.93665,1.00,1.50
2018.03.08 14:39:55.435,0.93641,0.93665,1.00,1.50
2018.03.08 14:39:56.487,0.93643,0.93665,1.00,1.50
2018.03.08 14:39:57.047,0.93643,0.93666,1.00,1.00
2018.03.08 14:39:57.098,0.93645,0.93669,1.00,2.25
2018.03.08 14:39:57.155,0.93643,0.93668,1.00,1.00
2018.03.08 14:39:57.206,0.93647,0.93669,1.00,1.00
2018.03.08 14:39:57.307,0.93645,0.93669,1.00,1.00
2018.03.08 14:39:57.530,0.93643,0.93668,1.00,1.00
2018.03.08 14:39:57.733,0.93645,0.93669,1.00,1.50
2018.03.08 14:39:58.078,0.93643,0.93667,1.00,1.00
2018.03.08 14:39:58.839,0.93645,0.93667,1.00,1.00
2018.03.08 14:39:59.644,0.93644,0.93667,1.00,1.00
2018.03.08 14:39:59.695,0.93644,0.93669,1.00,1.00
2018.03.08 14:39:59.746,0.93646,0.93668,1.00,1.00
2018.03.08 14:39:59.797,0.93639,0.93664,1.00,1.00
2018.03.08 14:40:00.191,0.93641,0.93665,1.00,1.50
2018.03.08 14:40:00.633,0.93643,0.93665,1.00,1.00
2018.03.08 14:40:00.996,0.93646,0.93671,1.00,1.00
2018.03.08 14:40:01.502,0.93647,0.93671,1.00,1.00
2018.03.08 14:40:02.132,0.93649,0.93671,1.00,1.00
2018.03.08 14:40:02.738,0.9365,0.93673,1.00,1.50
2018.03.08 14:40:03.070,0.93648,0.93671,1.00,1.00
2018.03.08 14:40:03.221,0.93649,0.93673,1.00,1.00
2018.03.08 14:40:03.338,0.93647,0.93672,1.00,1.00
2018.03.08 14:40:03.871,0.9365,0.93672,1.00,1.00
2018.03.08 14:40:04.120,0.93647,0.93672,1.00,1.00
2018.03.08 14:40:04.872,0.9365,0.93673,1.00,1.00
2018.03.08 14:40:05.114,0.93646,0.93671,1.50,1.00
2018.03.08 14:40:05.165,0.93648,0.93671,1.00,1.00
2018.03.08 14:40:05.535,0.93647,0.93669,1.00,1.00
2018.03.08 14:40:06.183,0.93649,0.93671,1.00,1.00
2018.03.08 14:40:06.528,0.93651,0.93674,1.00,1.00
2018.03.08 14:40:07.032,0.9365,0.93674,1.00,1.00
2018.03.08 14:40:07.281,0.93646,0.93669,1.50,1.00
2018.03.08 14:40:07.497,0.93644,0.93669,1.00,1.00
2018.03.08 14:40:07.548,0.93642,0.9367,1.00,1.00
2018.03.08 14:40:07.600,0.93645,0.9367,1.00,1.00
2018.03.08 14:40:07.946,0.93643,0.93666,1.00,1.00
2018.03.08 14:40:08.664,0.93641,0.93665,1.00,1.00
2018.03.08 14:40:08.877,0.9364,0.93663,1.00,1.00
2018.03.08 14:40:09.688,0.93642,0.93665,1.00,1.00
2018.03.08 14:40:09.894,0.93637,0.93662,2.25,1.00
2018.03.08 14:40:09.946,0.9364,0.93663,1.00,1.00
2018.03.08 14:40:10.261,0.93636,0.93661,1.00,1.00
2018.03.08 14:40:10.446,0.93635,0.93659,1.00,1.00
2018.03.08 14:40:10.724,0.93636,0.93661,1.00,1.00
2018.03.08 14:40:10.974,0.93634,0.93659,1.00,1.00
2018.03.08 14:40:11.572,0.93636,0.93659,1.00,1.00
2018.03.08 14:40:13.105,0.93638,0.9366,1.00,1.00
2018.03.08 14:40:13.431,0.93635,0.9366,1.00,1.00
2018.03.08 14:40:14.065,0.93634,0.93659,1.00,1.00
2018.03.08 14:40:14.714,0.93635,0.93662,1.00,1.50
2018.03.08 14:40:14.765,0.93635,0.93659,1.00,1.00
2018.03.08 14:40:15.943,0.93639,0.93662,1.00,2.25
2018.03.08 14:40:16.046,0.9364,0.93664,1.00,1.00
2018.03.08 14:40:16.249,0.93636,0.93658,1.00,1.00
2018.03.08 14:40:17.473,0.93641,0.93663,1.00,1.00
2018.03.08 14:40:17.680,0.93642,0.93667,1.00,1.00
2018.03.08 14:40:17.731,0.93647,0.93669,1.00,1.00
2018.03.08 14:40:17.832,0.93645,0.93669,1.00,1.00
2018.03.08 14:40:17.883,0.93647,0.93669,1.00,1.00
2018.03.08 14:40:18.086,0.93643,0.93667,1.00,1.00
2018.03.08 14:40:19.034,0.93644,0.93668,1.00,1.00
2018.03.08 14:40:19.240,0.93644,0.93666,1.00,1.00
2018.03.08 14:40:19.550,0.93646,0.93667,1.00,1.00
2018.03.08 14:40:20.016,0.93648,0.9367,1.00,1.00
2018.03.08 14:40:20.211,0.93646,0.93671,1.00,1.00
2018.03.08 14:40:20.516,0.93649,0.93672,1.00,1.00
2018.03.08 14:40:21.700,0.93644,0.93668,1.00,1.00
2018.03.08 14:40:21.890,0.93647,0.93669,1.00,1.00
2018.03.08 14:40:22.045,0.93645,0.93673,1.00,1.50
2018.03.08 14:40:22.096,0.9365,0.93672,1.00,1.00
2018.03.08 14:40:22.401,0.93648,0.9367,1.00,1.00
2018.03.08 14:40:22.881,0.93645,0.93669,1.00,1.00
2018.03.08 14:40:22.932,0.93647,0.93671,1.00,1.00
2018.03.08 14:40:23.209,0.93645,0.93671,1.00,1.00
2018.03.08 14:40:23.473,0.93645,0.93668,1.00,1.00
2018.03.08 14:40:23.576,0.93646,0.93671,1.00,1.00
2018.03.08 14:40:23.627,0.9365,0.93672,1.00,1.00
2018.03.08 14:40:23.766,0.93652,0.93675,1.00,1.00
2018.03.08 14:40:24.211,0.9365,0.93674,1.00,1.00
2018.03.08 14:40:24.262,0.93652,0.93674,1.00,1.00
2018.03.08 14:40:24.825,0.93651,0.93673,1.00,1.00
2018.03.08 14:40:25.358,0.93649,0.93672,1.00,1.00
2018.03.08 14:40:25.668,0.93651,0.93673,1.00,1.00
2018.03.08 14:40:27.075,0.93649,0.93671,1.00,1.00
2018.03.08 14:40:27.409,0.93647,0.93669,1.00,1.50
2018.03.08 14:40:27.560,0.93645,0.93668,1.00,1.00
2018.03.08 14:40:27.610,0.93647,0.93669,1.00,1.00
2018.03.08 14:40:27.787,0.93649,0.93673,1.00,1.50
2018.03.08 14:40:28.115,0.93649,0.9367,1.00,1.00
2018.03.08 14:40:29.258,0.93646,0.9367,1.00,1.00
2018.03.08 14:40:29.390,0.93649,0.93672,1.00,2.25
2018.03.08 14:40:29.738,0.93646,0.93669,1.00,1.00
2018.03.08 14:40:30.124,0.9365,0.93671,1.00,1.00
2018.03.08 14:40:30.752,0.9365,0.93674,1.00,1.00
2018.03.08 14:40:32.179,0.93653,0.93675,1.00,1.00
2018.03.08 14:40:32.555,0.93651,0.93675,1.00,1.00
2018.03.08 14:40:33.092,0.9365,0.93674,1.00,1.00
2018.03.08 14:40:33.370,0.93647,0.93672,1.00,1.00
2018.03.08 14:40:33.421,0.93647,0.9367,1.00,1.00
2018.03.08 14:40:33.802,0.93646,0.93668,1.00,1.00
2018.03.08 14:40:33.905,0.93648,0.93671,1.00,1.00
2018.03.08 14:40:34.050,0.93646,0.93668,1.00,1.00
2018.03.08 14:40:34.100,0.93644,0.93668,1.00,1.00
2018.03.08 14:40:34.205,0.93645,0.93666,1.00,1.00
2018.03.08 14:40:34.463,0.93646,0.93668,1.00,1.00
2018.03.08 14:40:35.432,0.93644,0.93666,1.00,1.00
2018.03.08 14:40:35.973,0.93645,0.93669,1.00,1.50
2018.03.08 14:40:36.306,0.93645,0.93666,1.00,1.00
2018.03.08 14:40:36.565,0.93646,0.93668,1.00,1.00
2018.03.08 14:40:36.682,0.93644,0.93667,1.00,1.00
2018.03.08 14:40:36.816,0.93645,0.93669,1.00,1.00
2018.03.08 14:40:36.917,0.93646,0.93667,1.00,1.00
2018.03.08 14:40:37.185,0.93643,0.93666,1.00,1.00
2018.03.08 14:40:38.736,0.93645,0.93667,1.00,1.00
2018.03.08 14:40:39.116,0.93647,0.93668,1.00,1.00
2018.03.08 14:40:39.217,0.93651,0.93673,1.00,2.25
2018.03.08 14:40:39.368,0.93649,0.93672,1.00,1.00
2018.03.08 14:40:39.519,0.93645,0.93671,1.00,1.00
2018.03.08 14:40:39.661,0.93651,0.93673,1.00,2.25
2018.03.08 14:40:40.301,0.9365,0.93673,1.00,1.00
2018.03.08 14:40:40.606,0.93653,0.93675,1.00,1.00
2018.03.08 14:40:41.178,0.93652,0.93676,1.00,1.00
2018.03.08 14:40:41.679,0.93653,0.93674,1.00,1.00
2018.03.08 14:40:41.881,0.93654,0.9368,1.00,1.00
2018.03.08 14:40:41.933,0.93656,0.93678,1.00,1.00
2018.03.08 14:40:42.458,0.93656,0.93679,1.00,1.00
2018.03.08 14:40:42.759,0.93657,0.93681,1.00,1.50
2018.03.08 14:40:43.659,0.93657,0.93678,1.00,1.00
2018.03.08 14:40:43.762,0.93657,0.93681,1.00,1.50
2018.03.08 14:40:44.132,0.93656,0.93678,1.00,1.00
2018.03.08 14:40:44.638,0.93657,0.93679,1.00,1.00
2018.03.08 14:40:44.977,0.93653,0.93677,1.00,1.00
2018.03.08 14:40:45.582,0.93652,0.93676,1.00,1.00
2018.03.08 14:40:45.738,0.93656,0.93678,1.00,1.00
2018.03.08 14:40:46.470,0.93655,0.93678,1.00,1.00
2018.03.08 14:40:46.902,0.93654,0.93675,1.00,1.00
2018.03.08 14:40:46.953,0.93651,0.93675,1.00,1.00
2018.03.08 14:40:47.534,0.93652,0.93674,1.00,1.00
2018.03.08 14:40:47.760,0.93656,0.93678,1.00,1.00
2018.03.08 14:40:48.064,0.93658,0.9368,1.00,1.00
2018.03.08 14:40:48.115,0.93658,0.93682,1.00,1.00
2018.03.08 14:40:48.202,0.93653,0.9368,1.00,1.00
2018.03.08 14:40:48.252,0.93654,0.93678,1.00,1.00
2018.03.08 14:40:48.591,0.93654,0.93676,1.00,1.00
2018.03.08 14:40:48.642,0.9365,0.93674,1.00,1.00
2018.03.08 14:40:48.703,0.93653,0.93674,1.00,1.00
2018.03.08 14:40:48.805,0.93651,0.93673,1.00,1.00
2018.03.08 14:40:48.922,0.93656,0.93677,1.00,1.00
2018.03.08 14:40:51.605,0.9366,0.93681,1.00,1.00
2018.03.08 14:40:51.656,0.93662,0.93684,1.00,1.00
2018.03.08 14:40:51.757,0.9366,0.93681,1.00,1.00
2018.03.08 14:40:52.238,0.93658,0.93681,1.00,1.00
2018.03.08 14:40:52.658,0.93656,0.93679,1.00,1.00
2018.03.08 14:40:53.467,0.93658,0.9368,1.00,1.00
2018.03.08 14:40:55.010,0.93657,0.93678,1.00,1.00
2018.03.08 14:40:55.112,0.93655,0.93681,1.00,1.00
2018.03.08 14:40:55.213,0.93654,0.93679,1.00,1.00
2018.03.08 14:40:55.547,0.93654,0.93676,1.00,1.00
2018.03.08 14:40:55.886,0.93655,0.93679,1.00,1.00
2018.03.08 14:40:55.937,0.93657,0.9368,1.00,1.12
2018.03.08 14:40:56.534,0.93656,0.93679,1.00,1.00
2018.03.08 14:40:57.249,0.93655,0.93679,1.00,1.00
2018.03.08 14:40:57.757,0.93655,0.93678,1.00,1.00
2018.03.08 14:40:58.035,0.93652,0.93676,1.00,1.00
2018.03.08 14:40:58.866,0.93655,0.93677,1.00,1.00
2018.03.08 14:40:59.612,0.93655,0.93679,1.00,1.50
2018.03.08 14:40:59.942,0.93655,0.93676,1.00,1.00
2018.03.08 14:40:59.993,0.93653,0.93675,1.00,1.00
2018.03.08 14:41:00.094,0.93651,0.93673,1.00,1.00
2018.03.08 14:41:00.449,0.93652,0.93675,1.00,2.25
2018.03.08 14:41:00.550,0.93652,0.93673,1.00,1.00
2018.03.08 14:41:01.096,0.93653,0.93674,1.00,1.00
2018.03.08 14:41:01.403,0.93655,0.93677,1.00,1.00
2018.03.08 14:41:01.708,0.93651,0.93673,1.00,1.00
2018.03.08 14:41:01.810,0.93649,0.93672,1.00,1.00
2018.03.08 14:41:02.314,0.93649,0.93673,1.00,1.00
2018.03.08 14:41:02.722,0.93651,0.93672,1.00,1.00
2018.03.08 14:41:02.875,0.93653,0.93676,1.00,1.50
2018.03.08 14:41:02.926,0.93657,0.93676,1.00,1.00
2018.03.08 14:41:02.977,0.93659,0.93681,1.00,1.00
2018.03.08 14:41:03.374,0.93654,0.93677,1.00,1.00
2018.03.08 14:41:03.425,0.93648,0.93669,1.00,1.00
2018.03.08 14:41:03.628,0.93645,0.93669,1.00,1.50
2018.03.08 14:41:03.679,0.93644,0.93666,1.00,1.00
2018.03.08 14:41:04.196,0.93643,0.93666,1.00,1.00
2018.03.08 14:41:04.522,0.9364,0.93663,1.00,2.62
2018.03.08 14:41:04.887,0.93642,0.93663,1.00,1.50
2018.03.08 14:41:04.938,0.93638,0.93661,1.00,1.00
2018.03.08 14:41:05.338,0.93635,0.9366,1.00,1.00
2018.03.08 14:41:05.388,0.93636,0.93658,1.00,1.00
2018.03.08 14:41:05.490,0.93634,0.93657,1.00,1.00
2018.03.08 14:41:05.912,0.93635,0.93659,1.00,1.00
2018.03.08 14:41:05.963,0.93637,0.9366,1.00,1.00
2018.03.08 14:41:06.014,0.93637,0.93662,1.00,1.00
2018.03.08 14:41:06.356,0.93639,0.93663,1.00,2.25
2018.03.08 14:41:06.694,0.93639,0.93661,1.00,1.00
2018.03.08 14:41:07.229,0.9364,0.93661,1.00,1.00
2018.03.08 14:41:07.330,0.93638,0.93663,1.00,1.00
2018.03.08 14:41:07.432,0.9364,0.93661,1.00,1.00
2018.03.08 14:41:07.592,0.93638,0.93661,1.00,1.00
2018.03.08 14:41:08.111,0.9364,0.93661,1.00,1.00
2018.03.08 14:41:08.162,0.9364,0.93664,1.00,1.50
2018.03.08 14:41:08.263,0.93646,0.93669,1.00,2.62
2018.03.08 14:41:08.611,0.93637,0.93658,1.00,1.00
2018.03.08 14:41:08.943,0.93635,0.93657,1.00,1.00
2018.03.08 14:41:09.445,0.93634,0.93657,1.00,1.00
2018.03.08 14:41:09.932,0.93636,0.93657,1.00,1.00
2018.03.08 14:41:10.519,0.93635,0.93657,1.00,1.00
2018.03.08 14:41:11.112,0.93633,0.93657,1.00,1.00
2018.03.08 14:41:12.190,0.93635,0.93656,1.00,1.00
2018.03.08 14:41:12.811,0.93636,0.93658,1.00,1.00
2018.03.08 14:41:13.564,0.93636,0.93659,1.00,1.00
2018.03.08 14:41:14.318,0.93637,0.93658,1.00,1.50
2018.03.08 14:41:14.810,0.93642,0.93662,1.00,1.00
2018.03.08 14:41:14.912,0.93638,0.93661,1.00,1.00
2018.03.08 14:41:14.964,0.9364,0.93662,1.00,1.00
2018.03.08 14:41:15.175,0.93641,0.93664,1.00,1.00
2018.03.08 14:41:16.624,0.93641,0.93662,1.00,2.25
2018.03.08 14:41:16.674,0.93636,0.93657,1.00,1.00
2018.03.08 14:41:16.725,0.93633,0.93654,1.00,1.00
2018.03.08 14:41:17.215,0.9363,0.93652,1.00,1.00
2018.03.08 14:41:18.416,0.93628,0.93651,1.00,1.00
2018.03.08 14:41:18.468,0.93622,0.93645,1.00,1.00
2018.03.08 14:41:18.885,0.9362,0.93644,1.00,1.00
2018.03.08 14:41:20.029,0.93623,0.93647,1.00,1.87
2018.03.08 14:41:20.333,0.93621,0.93644,1.00,1.00
2018.03.08 14:41:21.237,0.93625,0.93647,1.00,1.00
2018.03.08 14:41:21.565,0.93624,0.93645,1.00,1.00
2018.03.08 14:41:21.718,0.93622,0.93645,1.00,1.00
2018.03.08 14:41:21.826,0.93621,0.93642,1.00,1.00
2018.03.08 14:41:22.035,0.93623,0.93647,1.00,1.00
2018.03.08 14:41:22.506,0.93623,0.93645,1.00,1.00
2018.03.08 14:41:25.120,0.93622,0.93643,1.00,1.00
2018.03.08 14:41:25.171,0.9362,0.93643,1.00,1.00
2018.03.08 14:41:25.297,0.93618,0.93641,1.00,1.00
2018.03.08 14:41:25.398,0.93618,0.93643,1.00,1.00
2018.03.08 14:41:25.904,0.93617,0.93638,1.00,1.00
2018.03.08 14:41:26.206,0.93619,0.9364,1.00,1.00
2018.03.08 14:41:26.718,0.9362,0.93641,1.00,1.00
2018.03.08 14:41:27.117,0.93622,0.93643,1.00,1.00
2018.03.08 14:41:27.711,0.93621,0.93644,1.00,1.00
2018.03.08 14:41:28.109,0.93621,0.93642,1.00,1.00
2018.03.08 14:41:28.773,0.9362,0.93642,1.00,1.00
2018.03.08 14:41:30.150,0.93615,0.9364,1.00,1.00
2018.03.08 14:41:30.201,0.93615,0.93638,1.00,1.00
2018.03.08 14:41:30.673,0.93613,0.93638,1.00,1.00
2018.03.08 14:41:30.725,0.93612,0.93635,1.00,1.00
2018.03.08 14:41:30.776,0.93612,0.93637,1.00,1.00
2018.03.08 14:41:30.979,0.93612,0.93639,1.00,1.00
2018.03.08 14:41:31.030,0.9361,0.93637,1.00,1.00
2018.03.08 14:41:31.410,0.93609,0.93635,1.00,1.00
2018.03.08 14:41:32.229,0.93609,0.93632,1.00,1.00
2018.03.08 14:41:32.629,0.93609,0.93637,1.00,1.50
2018.03.08 14:41:32.731,0.93611,0.93634,1.00,1.00
2018.03.08 14:41:32.883,0.9361,0.93636,1.00,1.00
2018.03.08 14:41:33.057,0.9361,0.93638,1.00,1.00
2018.03.08 14:41:33.938,0.93617,0.9364,1.00,2.25
2018.03.08 14:41:34.118,0.93612,0.93637,1.12,1.00
2018.03.08 14:41:34.989,0.93611,0.93634,1.00,1.00
2018.03.08 14:41:35.039,0.93608,0.93633,1.50,1.00
2018.03.08 14:41:35.289,0.93609,0.93637,1.00,1.50
2018.03.08 14:41:36.618,0.93612,0.93635,1.00,1.00
2018.03.08 14:41:36.933,0.93616,0.93639,1.00,1.50
2018.03.08 14:41:37.035,0.93611,0.93639,1.00,1.00
2018.03.08 14:41:37.534,0.9361,0.93637,1.50,1.00
2018.03.08 14:41:39.614,0.93612,0.93637,1.00,1.00
2018.03.08 14:41:39.959,0.93617,0.9364,1.00,1.00
2018.03.08 14:41:41.231,0.93617,0.93642,1.00,1.50
2018.03.08 14:41:45.678,0.93615,0.93639,1.00,1.00
2018.03.08 14:41:45.990,0.93613,0.93635,1.00,1.00
2018.03.08 14:41:46.589,0.93615,0.93637,1.00,1.00
2018.03.08 14:41:47.816,0.93614,0.93636,1.00,1.00
2018.03.08 14:41:48.075,0.93614,0.93639,1.00,1.00
2018.03.08 14:41:48.126,0.93617,0.93639,1.00,1.50
2018.03.08 14:41:49.115,0.93617,0.9364,1.00,1.00
2018.03.08 14:41:50.089,0.93618,0.9364,1.00,1.00
2018.03.08 14:41:50.139,0.93618,0.93642,1.00,1.50
2018.03.08 14:41:50.677,0.93619,0.93642,1.00,1.00
2018.03.08 14:41:51.281,0.93617,0.9364,1.00,1.00
2018.03.08 14:41:51.498,0.93618,0.93642,1.00,1.00
2018.03.08 14:41:51.696,0.93619,0.93644,1.00,1.50
2018.03.08 14:41:52.234,0.9362,0.93642,1.00,1.00
2018.03.08 14:41:52.565,0.93617,0.93642,1.00,1.00
2018.03.08 14:41:52.617,0.93616,0.9364,1.00,1.00
2018.03.08 14:41:53.145,0.93616,0.93639,1.00,1.00
2018.03.08 14:41:53.247,0.93617,0.93642,1.00,1.00
2018.03.08 14:41:53.298,0.93619,0.93642,1.00,1.00
2018.03.08 14:41:53.983,0.93619,0.93641,1.00,1.00
2018.03.08 14:41:54.537,0.93617,0.93644,1.00,1.00
2018.03.08 14:41:55.399,0.93617,0.93642,1.00,1.00
2018.03.08 14:41:55.869,0.93619,0.93643,1.00,1.00
2018.03.08 14:41:56.922,0.9362,0.93645,1.00,1.00
2018.03.08 14:41:56.973,0.93622,0.93645,1.00,1.00
2018.03.08 14:41:57.313,0.93621,0.93643,1.00,1.50
2018.03.08 14:41:57.761,0.93622,0.93645,1.00,1.00
2018.03.08 14:41:58.520,0.93623,0.93646,1.00,1.50
2018.03.08 14:41:58.673,0.93624,0.93649,1.00,1.00
2018.03.08 14:41:58.777,0.93622,0.93646,1.00,1.00
2018.03.08 14:41:59.569,0.93622,0.93647,1.00,1.50
2018.03.08 14:42:00.188,0.93619,0.93643,1.00,1.00
2018.03.08 14:42:00.533,0.93617,0.93641,1.00,1.00
2018.03.08 14:42:00.713,0.93617,0.93643,1.00,1.00
2018.03.08 14:42:01.013,0.93617,0.93641,1.00,1.00
2018.03.08 14:42:01.624,0.93623,0.93647,1.00,1.50
2018.03.08 14:42:01.824,0.93624,0.93649,1.00,1.00
2018.03.08 14:42:02.308,0.93624,0.93647,1.00,1.00
2018.03.08 14:42:03.524,0.93623,0.93647,1.00,1.00
2018.03.08 14:42:04.023,0.93625,0.93647,1.00,1.00
2018.03.08 14:42:05.451,0.93623,0.93645,1.00,1.00
2018.03.08 14:42:07.594,0.93624,0.93646,1.00,1.00
2018.03.08 14:42:08.175,0.93624,0.93647,1.00,1.00
2018.03.08 14:42:08.689,0.93626,0.93648,1.00,1.00
2018.03.08 14:42:08.891,0.93626,0.93651,1.00,1.00
2018.03.08 14:42:10.561,0.93627,0.93651,1.00,1.00
2018.03.08 14:42:10.762,0.93626,0.93649,1.00,1.00
2018.03.08 14:42:12.390,0.93629,0.93652,1.00,1.00
2018.03.08 14:42:12.542,0.93627,0.93651,1.00,1.00
2018.03.08 14:42:13.316,0.93627,0.93651,1.00,2.25
2018.03.08 14:42:14.489,0.93626,0.93648,1.00,1.00
2018.03.08 14:42:14.540,0.93623,0.93647,1.00,1.50
2018.03.08 14:42:14.592,0.9362,0.93644,1.00,1.00
2018.03.08 14:42:14.643,0.9362,0.93642,1.00,1.00
2018.03.08 14:42:15.399,0.93619,0.93642,1.00,1.00
2018.03.08 14:42:15.701,0.93617,0.93639,1.00,1.00
2018.03.08 14:42:15.853,0.93617,0.93641,1.00,1.00
2018.03.08 14:42:16.408,0.93618,0.93641,1.00,1.00
2018.03.08 14:42:16.712,0.9362,0.93642,1.00,1.87
2018.03.08 14:42:16.955,0.93618,0.93641,1.00,1.00
2018.03.08 14:42:17.663,0.93616,0.9364,1.00,1.00
2018.03.08 14:42:17.715,0.93618,0.93641,1.00,1.00
2018.03.08 14:42:17.817,0.93616,0.93641,1.00,1.00
2018.03.08 14:42:18.474,0.93618,0.93642,1.00,1.00
2018.03.08 14:42:19.056,0.93617,0.93641,1.00,1.12
2018.03.08 14:42:20.004,0.93619,0.93642,1.00,1.00
2018.03.08 14:42:20.423,0.93618,0.9364,1.00,1.00
2018.03.08 14:42:21.075,0.93618,0.93641,1.00,1.00
2018.03.08 14:42:21.462,0.93619,0.93643,1.00,1.00
2018.03.08 14:42:22.133,0.93618,0.9364,1.00,1.00
2018.03.08 14:42:22.563,0.93618,0.93642,1.00,1.00
2018.03.08 14:42:22.614,0.93619,0.93644,1.00,1.50
2018.03.08 14:42:22.665,0.93619,0.93642,1.00,1.00
2018.03.08 14:42:22.845,0.93613,0.93637,1.00,1.00
2018.03.08 14:42:22.896,0.93615,0.93638,1.00,1.50
2018.03.08 14:42:23.050,0.93615,0.9364,1.00,1.00
2018.03.08 14:42:23.151,0.93614,0.93638,1.00,1.00
2018.03.08 14:42:23.345,0.93616,0.93641,1.00,1.00
2018.03.08 14:42:23.395,0.93613,0.93638,1.00,1.00
2018.03.08 14:42:23.699,0.93612,0.93634,1.00,1.12
2018.03.08 14:42:23.923,0.93613,0.93636,1.00,1.00
2018.03.08 14:42:24.755,0.93614,0.93637,1.00,1.00
2018.03.08 14:42:24.806,0.93614,0.93639,1.00,1.00
2018.03.08 14:42:24.856,0.93614,0.93637,1.00,1.00
2018.03.08 14:42:25.193,0.93617,0.9364,1.00,1.00
2018.03.08 14:42:25.259,0.93615,0.9364,1.00,1.00
2018.03.08 14:42:25.411,0.93615,0.93638,1.00,1.00
2018.03.08 14:42:25.462,0.93612,0.93637,1.00,1.12
2018.03.08 14:42:25.582,0.93614,0.93637,1.00,1.12
2018.03.08 14:42:25.734,0.93611,0.93637,1.00,1.12
2018.03.08 14:42:25.785,0.93613,0.93636,1.00,1.00
2018.03.08 14:42:26.441,0.93612,0.93636,1.00,1.00
2018.03.08 14:42:26.679,0.9361,0.93635,1.00,1.00
2018.03.08 14:42:26.970,0.93609,0.93633,1.00,1.00
2018.03.08 14:42:27.022,0.93607,0.93632,1.00,1.00
2018.03.08 14:42:27.944,0.93614,0.93636,1.00,1.00
2018.03.08 14:42:28.242,0.93615,0.93638,1.00,1.00
2018.03.08 14:42:28.785,0.93615,0.93637,1.00,1.00
2018.03.08 14:42:29.065,0.93613,0.93638,1.00,1.12
2018.03.08 14:42:29.360,0.93615,0.93638,1.00,1.12
2018.03.08 14:42:29.554,0.93613,0.93638,1.00,1.12
2018.03.08 14:42:29.812,0.93613,0.93636,1.00,1.00
2018.03.08 14:42:30.199,0.93614,0.93639,1.00,1.00
2018.03.08 14:42:30.384,0.93614,0.93637,1.00,1.00
2018.03.08 14:42:30.586,0.93611,0.93635,1.00,1.00
2018.03.08 14:42:31.384,0.93608,0.93631,1.00,1.50
2018.03.08 14:42:31.438,0.936,0.93624,1.50,1.00
2018.03.08 14:42:31.489,0.93597,0.93623,1.00,1.50
2018.03.08 14:42:31.593,0.936,0.93623,1.00,1.00
2018.03.08 14:42:31.887,0.93598,0.93622,1.00,1.00
2018.03.08 14:42:32.089,0.93599,0.93624,1.00,1.00
2018.03.08 14:42:32.689,0.936,0.93624,1.00,1.00
2018.03.08 14:42:33.040,0.93602,0.93625,1.00,1.00
2018.03.08 14:42:33.565,0.93604,0.93625,1.00,1.00
2018.03.08 14:42:33.755,0.93606,0.93628,1.00,1.00
2018.03.08 14:42:33.859,0.93606,0.9363,1.00,1.50
2018.03.08 14:42:33.961,0.93606,0.93628,1.00,1.00
2018.03.08 14:42:34.321,0.93609,0.9363,1.00,1.00
2018.03.08 14:42:34.634,0.9361,0.93632,1.00,1.00
2018.03.08 14:42:34.685,0.93608,0.93632,1.00,1.12
2018.03.08 14:42:34.929,0.93607,0.9363,1.00,1.00
2018.03.08 14:42:35.260,0.93612,0.93635,1.00,1.00
2018.03.08 14:42:35.465,0.93607,0.93633,1.00,1.00
2018.03.08 14:42:35.573,0.93607,0.9363,1.00,1.00
2018.03.08 14:42:35.881,0.93609,0.93632,1.00,1.00
2018.03.08 14:42:36.270,0.93609,0.93634,1.00,1.00
2018.03.08 14:42:36.358,0.93611,0.93636,1.00,1.50
2018.03.08 14:42:37.031,0.93611,0.93637,1.00,1.00
2018.03.08 14:42:37.353,0.93615,0.93641,1.00,1.00
2018.03.08 14:42:37.696,0.9362,0.93643,1.00,1.00
2018.03.08 14:42:37.811,0.93621,0.93646,1.00,1.12
2018.03.08 14:42:37.862,0.93624,0.93646,1.00,1.00
2018.03.08 14:42:39.345,0.93623,0.93645,1.00,1.00
2018.03.08 14:42:39.697,0.9362,0.93645,1.00,1.00
2018.03.08 14:42:39.748,0.93618,0.93643,1.00,1.00
2018.03.08 14:42:40.144,0.93616,0.93641,1.00,1.00
2018.03.08 14:42:40.707,0.93618,0.93642,1.00,1.00
2018.03.08 14:42:41.690,0.93618,0.9364,1.00,1.00
2018.03.08 14:42:42.175,0.93619,0.93642,1.00,1.00
2018.03.08 14:42:42.870,0.9362,0.93645,1.00,1.00
2018.03.08 14:42:42.972,0.93623,0.93645,1.00,1.00
2018.03.08 14:42:43.344,0.93623,0.93648,1.00,1.00
2018.03.08 14:42:43.395,0.93626,0.93649,1.00,1.00
2018.03.08 14:42:43.735,0.93625,0.93647,1.00,1.00
2018.03.08 14:42:44.202,0.93623,0.93648,1.00,1.00
2018.03.08 14:42:44.496,0.93622,0.93644,1.00,1.00
2018.03.08 14:42:44.988,0.93622,0.93647,1.00,1.00
2018.03.08 14:42:45.142,0.93622,0.93645,1.00,1.00
2018.03.08 14:42:45.457,0.93619,0.93644,1.00,1.00
2018.03.08 14:42:45.509,0.93621,0.93645,1.00,1.00
2018.03.08 14:42:45.853,0.93618,0.93639,1.00,1.00
2018.03.08 14:42:46.057,0.93617,0.93641,1.00,1.00
2018.03.08 14:42:46.350,0.93619,0.93641,1.00,1.00
2018.03.08 14:42:46.863,0.93618,0.9364,1.00,1.12
2018.03.08 14:42:47.430,0.93617,0.93639,1.00,1.00
2018.03.08 14:42:47.532,0.93615,0.93638,1.00,1.00
2018.03.08 14:42:48.056,0.93616,0.93638,1.00,1.00
2018.03.08 14:42:48.427,0.93618,0.9364,1.00,1.50
2018.03.08 14:42:48.478,0.93618,0.93643,1.00,3.00
2018.03.08 14:42:48.532,0.93621,0.93643,1.00,2.25
2018.03.08 14:42:48.900,0.93623,0.93645,1.00,1.00
2018.03.08 14:42:49.937,0.93623,0.93647,1.00,1.50
2018.03.08 14:42:49.988,0.93629,0.93648,1.00,1.00
2018.03.08 14:42:50.090,0.93629,0.93651,1.00,1.00
2018.03.08 14:42:52.156,0.93627,0.93649,1.00,1.00
2018.03.08 14:42:52.207,0.93626,0.93651,1.00,1.00
2018.03.08 14:42:52.258,0.93629,0.93651,1.00,1.00
2018.03.08 14:42:53.552,0.93629,0.93652,1.00,1.00
2018.03.08 14:42:54.065,0.9363,0.93652,1.00,1.00
2018.03.08 14:42:55.341,0.93629,0.93651,1.00,1.00
2018.03.08 14:42:59.293,0.93632,0.93654,1.00,1.00
2018.03.08 14:42:59.395,0.93632,0.93657,1.00,1.00
2018.03.08 14:42:59.564,0.93631,0.93655,1.00,1.00
2018.03.08 14:42:59.614,0.93628,0.93653,1.00,1.00
2018.03.08 14:42:59.665,0.93632,0.93656,1.00,1.00
2018.03.08 14:42:59.969,0.93632,0.93654,1.00,1.00
2018.03.08 14:43:00.020,0.9363,0.93655,1.00,1.00
2018.03.08 14:43:00.071,0.93634,0.93656,1.00,1.00
2018.03.08 14:43:00.440,0.93632,0.93656,1.00,1.00
2018.03.08 14:43:01.357,0.93635,0.93657,1.00,1.00
2018.03.08 14:43:01.700,0.93632,0.93657,1.00,1.00
2018.03.08 14:43:01.938,0.93635,0.93658,1.00,1.00
2018.03.08 14:43:02.039,0.93635,0.9366,1.00,1.00
2018.03.08 14:43:02.090,0.93637,0.9366,1.00,1.00
2018.03.08 14:43:02.256,0.93637,0.93662,1.00,1.00
2018.03.08 14:43:02.307,0.9364,0.93662,1.00,1.00
2018.03.08 14:43:02.939,0.9364,0.93663,1.00,1.00
2018.03.08 14:43:03.422,0.93636,0.93661,1.00,1.00
2018.03.08 14:43:03.473,0.93632,0.93655,1.00,1.00
2018.03.08 14:43:03.778,0.9364,0.93665,1.00,1.50
2018.03.08 14:43:04.145,0.93641,0.93663,1.00,1.00
2018.03.08 14:43:06.959,0.9364,0.93662,1.00,1.00
2018.03.08 14:43:08.714,0.93637,0.93662,1.00,1.00
2018.03.08 14:43:08.765,0.93637,0.9366,1.00,1.00
2018.03.08 14:43:08.916,0.93642,0.93666,1.00,1.00
2018.03.08 14:43:12.195,0.93643,0.93665,1.00,1.00
2018.03.08 14:43:12.246,0.93644,0.93667,1.00,1.00
2018.03.08 14:43:12.637,0.93642,0.93667,1.00,1.00
2018.03.08 14:43:12.736,0.93642,0.93664,1.00,1.00
2018.03.08 14:43:13.217,0.9364,0.93663,1.00,1.00
2018.03.08 14:43:13.433,0.93638,0.93662,1.00,1.00
2018.03.08 14:43:15.013,0.9364,0.93662,1.00,1.00
2018.03.08 14:43:15.515,0.93639,0.93661,1.00,1.00
2018.03.08 14:43:15.670,0.93637,0.93661,1.00,1.00
2018.03.08 14:43:16.926,0.93636,0.93661,1.00,1.00
2018.03.08 14:43:17.383,0.93638,0.9366,1.00,1.00
2018.03.08 14:43:17.604,0.93635,0.93659,1.00,1.00
2018.03.08 14:43:17.655,0.93637,0.9366,1.00,1.00
2018.03.08 14:43:18.281,0.93636,0.9366,1.00,1.00
2018.03.08 14:43:18.802,0.93636,0.93659,1.00,1.00
2018.03.08 14:43:19.185,0.93633,0.93657,1.00,1.00
2018.03.08 14:43:19.445,0.93635,0.93657,1.00,1.00
2018.03.08 14:43:20.101,0.93631,0.93656,1.00,1.00
2018.03.08 14:43:20.152,0.93633,0.93658,1.00,1.00
2018.03.08 14:43:20.861,0.93632,0.93657,1.00,1.00
2018.03.08 14:43:21.243,0.93635,0.93657,1.00,1.00
2018.03.08 14:43:21.805,0.93633,0.93657,1.00,1.00
2018.03.08 14:43:22.295,0.93635,0.93658,1.00,1.00
2018.03.08 14:43:22.346,0.93633,0.93658,1.00,1.00
2018.03.08 14:43:22.456,0.93637,0.9366,1.00,1.00
2018.03.08 14:43:22.660,0.93633,0.93658,1.00,1.00
2018.03.08 14:43:23.994,0.93638,0.9366,1.00,1.00
2018.03.08 14:43:24.095,0.93639,0.93662,1.00,1.00
2018.03.08 14:43:24.569,0.93637,0.93661,1.00,1.00
2018.03.08 14:43:25.031,0.93638,0.93664,1.00,1.00
2018.03.08 14:43:25.402,0.93638,0.93661,1.00,1.00
2018.03.08 14:43:25.713,0.93638,0.93661,1.00,3.00
2018.03.08 14:43:25.765,0.93635,0.93658,1.00,1.00
2018.03.08 14:43:25.815,0.93637,0.9366,1.00,1.50
2018.03.08 14:43:26.439,0.93637,0.93662,1.00,1.00
2018.03.08 14:43:26.541,0.93637,0.93664,1.00,1.00
2018.03.08 14:43:26.592,0.93639,0.93662,1.00,1.00
2018.03.08 14:43:26.705,0.93637,0.93662,1.00,1.00
2018.03.08 14:43:27.199,0.93639,0.93662,1.00,1.00
2018.03.08 14:43:27.831,0.93641,0.93663,1.00,1.00
2018.03.08 14:43:27.983,0.93638,0.93663,1.50,1.00
2018.03.08 14:43:28.380,0.9364,0.93664,1.00,1.00
2018.03.08 14:43:30.107,0.9364,0.93665,1.00,1.00
2018.03.08 14:43:31.711,0.93642,0.93667,1.00,1.00
2018.03.08 14:43:32.025,0.93647,0.9367,1.00,1.00
2018.03.08 14:43:32.814,0.93646,0.93669,1.50,1.00
2018.03.08 14:43:32.965,0.93642,0.93666,1.00,1.00
2018.03.08 14:43:33.093,0.93642,0.93663,1.00,1.00
2018.03.08 14:43:33.143,0.9364,0.93663,1.00,1.00
2018.03.08 14:43:33.194,0.9364,0.93665,1.00,1.00
2018.03.08 14:43:33.703,0.93642,0.93665,1.00,1.00
2018.03.08 14:43:34.511,0.93641,0.93665,1.00,1.00
2018.03.08 14:43:35.516,0.93639,0.93664,1.50,1.00
2018.03.08 14:43:35.567,0.93642,0.93664,1.00,1.00
2018.03.08 14:43:36.161,0.93641,0.93666,1.00,1.50
2018.03.08 14:43:36.262,0.93642,0.93667,1.00,1.00
2018.03.08 14:43:36.520,0.93642,0.93665,1.00,1.00
2018.03.08 14:43:37.759,0.93641,0.93664,1.00,1.00
2018.03.08 14:43:39.187,0.93642,0.93666,1.00,1.00
2018.03.08 14:43:39.484,0.93644,0.93667,1.00,1.00
2018.03.08 14:43:39.833,0.93642,0.93665,1.00,1.00
2018.03.08 14:43:40.241,0.9364,0.93665,1.00,1.00
2018.03.08 14:43:40.362,0.93642,0.93665,1.00,1.00
2018.03.08 14:43:40.902,0.93644,0.93667,1.00,2.25
2018.03.08 14:43:41.088,0.93644,0.93669,1.00,1.00
2018.03.08 14:43:41.385,0.93646,0.93669,1.00,1.00
2018.03.08 14:43:41.936,0.93642,0.93667,1.00,1.00
2018.03.08 14:43:42.088,0.93645,0.93668,1.00,1.00
2018.03.08 14:43:42.587,0.93647,0.9367,1.00,1.00
2018.03.08 14:43:42.872,0.9365,0.93674,1.00,1.00
2018.03.08 14:43:43.394,0.93651,0.93674,1.00,1.00
2018.03.08 14:43:44.516,0.93647,0.9367,1.00,1.00
2018.03.08 14:43:44.722,0.93647,0.93672,1.00,1.00
2018.03.08 14:43:44.774,0.93648,0.9367,1.00,1.00
2018.03.08 14:43:45.292,0.93647,0.93669,1.00,1.00
2018.03.08 14:43:45.840,0.93646,0.93669,1.00,1.00
2018.03.08 14:43:46.121,0.93646,0.93671,1.00,1.00
2018.03.08 14:43:46.173,0.93646,0.93669,1.00,1.00
2018.03.08 14:43:46.944,0.93647,0.93669,1.00,1.00
2018.03.08 14:43:47.062,0.93644,0.9367,1.00,1.50
2018.03.08 14:43:47.510,0.93643,0.93667,1.00,1.00
2018.03.08 14:43:47.861,0.93642,0.93665,1.00,1.00
2018.03.08 14:43:47.912,0.93642,0.93667,1.00,1.00
2018.03.08 14:43:48.079,0.93645,0.93669,1.00,1.75
2018.03.08 14:43:48.436,0.93648,0.9367,1.00,3.00
2018.03.08 14:43:48.822,0.93647,0.9367,1.00,1.50
2018.03.08 14:43:49.144,0.93645,0.93669,1.00,1.00
2018.03.08 14:43:49.286,0.93643,0.93667,1.00,1.00
2018.03.08 14:43:49.816,0.93643,0.93665,1.00,1.00
2018.03.08 14:43:49.867,0.9364,0.93664,1.00,1.00
2018.03.08 14:43:51.447,0.9364,0.93662,1.00,1.00
2018.03.08 14:43:51.673,0.93639,0.93664,1.00,1.00
2018.03.08 14:43:51.724,0.93641,0.93663,1.00,1.00
2018.03.08 14:43:52.246,0.93641,0.93664,1.00,1.00
2018.03.08 14:43:52.298,0.93639,0.93664,1.00,1.00
2018.03.08 14:43:52.923,0.93641,0.93663,1.00,1.00
2018.03.08 14:43:54.097,0.93638,0.93663,1.00,1.00
2018.03.08 14:43:54.900,0.93639,0.93664,1.00,1.12
2018.03.08 14:43:55.384,0.93641,0.9366,1.00,1.00
2018.03.08 14:43:55.635,0.93643,0.93666,1.00,1.00
2018.03.08 14:43:56.140,0.93644,0.93662,1.00,1.00
2018.03.08 14:43:56.552,0.93642,0.93662,1.00,1.00
2018.03.08 14:43:56.817,0.93639,0.93662,1.00,1.00
2018.03.08 14:43:57.069,0.93639,0.93664,1.00,1.00
2018.03.08 14:43:57.529,0.93639,0.9366,1.00,1.00
2018.03.08 14:43:57.946,0.93639,0.93664,1.00,1.12
2018.03.08 14:43:58.314,0.93639,0.9366,1.00,2.25
2018.03.08 14:43:58.602,0.93639,0.93664,1.00,1.00
2018.03.08 14:43:59.103,0.9364,0.93664,1.00,1.00
2018.03.08 14:43:59.241,0.93642,0.93664,1.00,1.00
2018.03.08 14:43:59.657,0.93644,0.93666,1.00,1.00
2018.03.08 14:43:59.708,0.93641,0.93666,1.00,1.00
2018.03.08 14:44:00.279,0.93642,0.93666,1.00,1.00
2018.03.08 14:44:00.680,0.93644,0.93667,1.00,1.00
2018.03.08 14:44:01.108,0.93644,0.93669,1.00,1.00
2018.03.08 14:44:01.159,0.93646,0.9367,1.00,1.00
2018.03.08 14:44:02.052,0.93647,0.93672,1.00,1.00
2018.03.08 14:44:02.622,0.93649,0.93672,1.00,1.00
2018.03.08 14:44:02.724,0.93644,0.93668,1.50,1.00
2018.03.08 14:44:02.826,0.93641,0.93664,1.00,1.00
2018.03.08 14:44:03.147,0.93645,0.93662,1.00,2.25
2018.03.08 14:44:03.198,0.93643,0.93662,1.00,2.25
2018.03.08 14:44:03.299,0.93641,0.93662,1.00,2.25
2018.03.08 14:44:03.492,0.93641,0.93664,1.00,1.00
2018.03.08 14:44:04.050,0.93641,0.93663,1.00,2.25
2018.03.08 14:44:04.757,0.93642,0.93663,1.00,2.25
2018.03.08 14:44:05.079,0.93644,0.93665,1.00,1.00
2018.03.08 14:44:05.233,0.93648,0.9367,1.00,1.00
2018.03.08 14:44:05.788,0.93647,0.93669,1.00,1.00
2018.03.08 14:44:06.138,0.93645,0.9367,1.00,1.00
2018.03.08 14:44:06.244,0.93648,0.9367,1.00,1.00
2018.03.08 14:44:06.295,0.93648,0.93672,1.00,1.00
2018.03.08 14:44:06.347,0.9365,0.93675,1.00,1.00
2018.03.08 14:44:06.398,0.93649,0.93671,1.00,1.00
2018.03.08 14:44:06.448,0.9365,0.93674,1.00,1.00
2018.03.08 14:44:06.499,0.93649,0.93672,1.00,1.00
2018.03.08 14:44:07.008,0.9365,0.93672,1.00,1.00
2018.03.08 14:44:07.844,0.93649,0.93674,1.00,1.00
2018.03.08 14:44:07.951,0.93651,0.93673,1.00,1.00
2018.03.08 14:44:08.468,0.93651,0.93674,1.00,1.00
2018.03.08 14:44:08.782,0.9365,0.93672,1.00,1.00
2018.03.08 14:44:09.507,0.93649,0.93671,1.00,1.00
2018.03.08 14:44:13.303,0.93649,0.93674,1.00,1.00
2018.03.08 14:44:13.354,0.9365,0.93672,1.00,1.00
2018.03.08 14:44:13.894,0.9365,0.93673,1.00,1.00
2018.03.08 14:44:14.198,0.93649,0.93671,1.00,1.00
2018.03.08 14:44:14.391,0.93647,0.9367,1.00,1.00
2018.03.08 14:44:15.276,0.93647,0.93672,1.00,1.00
2018.03.08 14:44:15.327,0.93645,0.93668,2.25,1.00
2018.03.08 14:44:15.888,0.93646,0.93669,1.00,1.00
2018.03.08 14:44:16.486,0.93642,0.93669,1.00,1.00
2018.03.08 14:44:16.595,0.93641,0.93665,1.00,1.00
2018.03.08 14:44:16.970,0.9364,0.93663,1.00,1.00
2018.03.08 14:44:17.486,0.93639,0.93662,1.00,1.00
2018.03.08 14:44:19.294,0.93639,0.93663,1.00,1.00
2018.03.08 14:44:24.364,0.93639,0.93662,1.00,1.00
2018.03.08 14:44:24.894,0.93642,0.93664,1.00,1.00
2018.03.08 14:44:24.946,0.93642,0.93667,1.00,1.00
2018.03.08 14:44:25.048,0.93643,0.93665,1.00,1.00
2018.03.08 14:44:25.099,0.93644,0.93667,1.00,1.00
2018.03.08 14:44:25.282,0.93646,0.93669,1.00,1.00
2018.03.08 14:44:26.198,0.93646,0.9367,1.00,1.00
2018.03.08 14:44:27.014,0.93643,0.93666,1.00,1.00
2018.03.08 14:44:27.347,0.93647,0.93669,1.00,1.00
2018.03.08 14:44:28.346,0.93647,0.9367,1.00,1.00
2018.03.08 14:44:29.987,0.93649,0.93674,1.00,1.00
2018.03.08 14:44:30.089,0.93651,0.93675,1.00,1.00
2018.03.08 14:44:31.395,0.93649,0.93671,1.00,1.00
2018.03.08 14:44:31.548,0.9365,0.93673,1.00,1.00
2018.03.08 14:44:31.686,0.93651,0.93675,1.00,1.00
2018.03.08 14:44:32.385,0.93652,0.93675,1.00,1.00
2018.03.08 14:44:33.235,0.93652,0.93674,1.00,1.00
2018.03.08 14:44:33.435,0.93648,0.93671,1.00,1.00
2018.03.08 14:44:33.565,0.93643,0.93668,1.00,1.00
2018.03.08 14:44:33.621,0.93642,0.93665,1.00,1.00
2018.03.08 14:44:33.773,0.93642,0.93667,1.00,1.00
2018.03.08 14:44:33.824,0.93645,0.93668,1.00,1.00
2018.03.08 14:44:34.137,0.93649,0.93671,1.00,1.00
2018.03.08 14:44:36.943,0.93649,0.93672,1.00,1.00
2018.03.08 14:44:37.894,0.93649,0.93673,1.00,1.00
2018.03.08 14:44:38.573,0.93651,0.93674,1.00,1.00
2018.03.08 14:44:39.186,0.93651,0.93675,1.00,1.00
2018.03.08 14:44:39.704,0.93651,0.93674,1.00,1.00
2018.03.08 14:44:40.041,0.93646,0.93668,1.50,1.00
2018.03.08 14:44:40.092,0.93644,0.93668,1.00,1.00
2018.03.08 14:44:40.272,0.93643,0.93666,1.00,1.00
2018.03.08 14:44:41.238,0.93646,0.93669,1.00,1.00
2018.03.08 14:44:43.359,0.93646,0.93671,1.00,1.00
2018.03.08 14:44:45.040,0.93644,0.93677,1.00,1.75
2018.03.08 14:44:45.278,0.93642,0.93675,1.50,1.12
2018.03.08 14:44:45.434,0.93643,0.93675,1.00,3.00
2018.03.08 14:44:46.045,0.93642,0.93675,1.00,3.75
2018.03.08 14:44:47.476,0.93642,0.93674,1.00,1.50
2018.03.08 14:44:48.557,0.93641,0.93674,1.00,1.50
2018.03.08 14:44:50.289,0.93641,0.93674,1.00,1.00
2018.03.08 14:44:50.836,0.93641,0.93675,1.00,1.00
2018.03.08 14:44:51.144,0.93638,0.93671,1.50,2.10
2018.03.08 14:44:51.369,0.93642,0.93675,1.50,1.50
2018.03.08 14:44:51.895,0.93642,0.93675,1.00,2.10
2018.03.08 14:44:52.444,0.93641,0.93676,1.87,2.10
2018.03.08 14:44:52.994,0.93642,0.93675,1.50,2.47
2018.03.08 14:44:53.564,0.93642,0.93674,1.50,2.25
2018.03.08 14:44:53.823,0.93639,0.93671,1.00,1.50
2018.03.08 14:44:53.876,0.93638,0.93665,1.50,1.00
2018.03.08 14:44:54.029,0.93636,0.93665,1.00,1.00
2018.03.08 14:44:54.088,0.93636,0.93669,1.00,1.50
2018.03.08 14:44:54.705,0.93636,0.93669,1.00,2.25
2018.03.08 14:44:55.166,0.93635,0.93665,1.00,2.25
2018.03.08 14:44:55.269,0.93631,0.93664,1.00,1.75
2018.03.08 14:44:55.370,0.93631,0.93664,1.00,1.00
2018.03.08 14:44:55.783,0.93633,0.93664,1.00,1.00
2018.03.08 14:44:55.833,0.93634,0.93667,1.00,1.00
2018.03.08 14:44:56.497,0.93634,0.93667,1.00,1.50
2018.03.08 14:44:57.045,0.93634,0.93667,1.50,1.50
2018.03.08 14:44:58.158,0.93634,0.93666,1.50,1.00
2018.03.08 14:44:58.309,0.93638,0.9367,1.00,1.00
2018.03.08 14:44:58.842,0.93637,0.93672,1.75,1.50
2018.03.08 14:44:58.944,0.9364,0.93669,1.00,1.00
2018.03.08 14:44:59.172,0.93637,0.93669,1.50,1.00
2018.03.08 14:44:59.668,0.93638,0.93671,1.00,1.00
2018.03.08 14:44:59.769,0.93638,0.93667,1.50,1.00
2018.03.08 14:44:59.820,0.93639,0.93671,1.00,1.50
2018.03.08 14:45:00.214,0.9364,0.93674,1.50,1.00
2018.03.08 14:45:00.776,0.93641,0.93674,1.00,1.50
2018.03.08 14:45:01.615,0.93641,0.93674,1.00,1.50
2018.03.08 14:45:01.811,0.93643,0.93674,1.00,1.00
2018.03.08 14:45:02.316,0.93642,0.93675,1.00,1.50
2018.03.08 14:45:02.508,0.9364,0.93674,1.00,1.00
2018.03.08 14:45:03.060,0.93641,0.93673,1.00,1.00
2018.03.08 14:45:03.646,0.93641,0.93674,1.00,1.50
2018.03.08 14:45:03.849,0.93639,0.93671,1.00,1.00
2018.03.08 14:45:04.224,0.93637,0.93671,1.00,1.00
2018.03.08 14:45:04.275,0.93639,0.93672,1.00,1.00
2018.03.08 14:45:04.734,0.93643,0.93671,1.00,1.00
2018.03.08 14:45:04.936,0.93642,0.93675,1.00,1.50
2018.03.08 14:45:05.448,0.93645,0.93672,1.00,1.00
2018.03.08 14:45:05.773,0.93643,0.93672,1.00,1.00
2018.03.08 14:45:06.198,0.93642,0.93674,1.50,1.00
2018.03.08 14:45:06.878,0.93642,0.93675,2.25,1.00
2018.03.08 14:45:07.078,0.93645,0.93676,1.00,1.00
2018.03.08 14:45:07.925,0.93644,0.93676,1.00,1.00
2018.03.08 14:45:08.437,0.93645,0.93676,1.00,1.00
2018.03.08 14:45:08.996,0.93644,0.93676,1.00,1.75
2018.03.08 14:45:09.097,0.93641,0.93673,1.50,1.00
2018.03.08 14:45:09.545,0.93645,0.93674,1.00,1.00
2018.03.08 14:45:09.747,0.93641,0.93674,1.12,1.00
2018.03.08 14:45:10.134,0.93639,0.93669,1.00,1.00
2018.03.08 14:45:10.438,0.93641,0.93669,1.00,1.00
2018.03.08 14:45:10.602,0.93641,0.93674,1.00,1.75
2018.03.08 14:45:10.706,0.93641,0.93665,1.00,1.00
2018.03.08 14:45:10.756,0.93635,0.93665,1.00,1.00
2018.03.08 14:45:11.212,0.93631,0.93661,2.10,1.00
2018.03.08 14:45:11.263,0.93633,0.93665,2.25,1.00
2018.03.08 14:45:11.432,0.93632,0.93665,1.50,3.75
2018.03.08 14:45:11.533,0.93634,0.93665,1.00,1.50
2018.03.08 14:45:11.951,0.93631,0.93665,1.00,1.12
2018.03.08 14:45:12.004,0.93629,0.93661,1.00,1.00
2018.03.08 14:45:12.105,0.93629,0.93663,1.00,1.00
2018.03.08 14:45:12.156,0.93632,0.93665,1.00,1.87
2018.03.08 14:45:12.472,0.93637,0.93659,1.00,1.00
2018.03.08 14:45:12.683,0.93632,0.93657,1.00,1.00
2018.03.08 14:45:12.785,0.93634,0.93657,1.00,1.00
2018.03.08 14:45:12.836,0.93636,0.9366,1.00,1.00
2018.03.08 14:45:12.937,0.93635,0.93658,1.00,1.00
2018.03.08 14:45:12.988,0.93633,0.93657,1.00,1.00
2018.03.08 14:45:13.409,0.93635,0.93659,1.00,1.00
2018.03.08 14:45:13.930,0.93635,0.9366,1.00,1.00
2018.03.08 14:45:14.794,0.93637,0.93659,1.00,1.00
2018.03.08 14:45:15.248,0.9364,0.93661,1.00,1.00
2018.03.08 14:45:15.304,0.93637,0.93661,1.00,1.00
2018.03.08 14:45:15.623,0.9364,0.93661,1.00,1.00
2018.03.08 14:45:15.783,0.93638,0.9366,1.00,1.00
2018.03.08 14:45:16.137,0.93636,0.93658,1.00,1.00
2018.03.08 14:45:16.281,0.93634,0.93658,1.00,1.00
2018.03.08 14:45:16.918,0.93635,0.93659,1.00,1.00
2018.03.08 14:45:16.969,0.93635,0.93657,1.00,1.00
2018.03.08 14:45:17.076,0.93634,0.93659,1.00,1.00
2018.03.08 14:45:17.743,0.93635,0.9366,1.00,1.00
2018.03.08 14:45:18.850,0.93636,0.93661,1.00,1.00
2018.03.08 14:45:18.901,0.93637,0.93659,1.00,1.00
2018.03.08 14:45:18.954,0.93635,0.9366,1.00,1.00
2018.03.08 14:45:19.235,0.93637,0.93661,1.00,1.00
2018.03.08 14:45:19.549,0.93635,0.9366,1.00,1.00
2018.03.08 14:45:20.087,0.93634,0.93659,1.00,1.00
2018.03.08 14:45:20.138,0.93637,0.93659,1.00,1.00
2018.03.08 14:45:20.997,0.93634,0.93658,1.00,1.00
2018.03.08 14:45:22.272,0.93637,0.93661,1.00,1.00
2018.03.08 14:45:22.623,0.93636,0.93659,1.00,1.00
2018.03.08 14:45:23.006,0.93638,0.9366,1.00,1.00
2018.03.08 14:45:23.519,0.93639,0.93661,1.00,1.00
2018.03.08 14:45:24.300,0.93637,0.9366,1.00,1.00
2018.03.08 14:45:24.536,0.93636,0.93658,1.00,1.00
2018.03.08 14:45:24.901,0.93634,0.93657,1.00,1.00
2018.03.08 14:45:25.433,0.93634,0.93659,1.00,1.00
2018.03.08 14:45:25.994,0.93632,0.93656,1.00,1.00
2018.03.08 14:45:26.301,0.93634,0.93658,1.00,1.00
2018.03.08 14:45:28.701,0.93634,0.93659,1.00,1.00
2018.03.08 14:45:29.411,0.93633,0.93658,1.00,1.00
2018.03.08 14:45:29.771,0.93635,0.9366,1.00,1.00
2018.03.08 14:45:30.155,0.93629,0.93654,1.00,1.00
2018.03.08 14:45:30.508,0.93626,0.93651,1.00,1.00
2018.03.08 14:45:30.830,0.93631,0.93654,1.00,1.00
2018.03.08 14:45:31.195,0.93635,0.93656,1.00,1.00
2018.03.08 14:45:31.644,0.93632,0.93653,1.00,1.00
2018.03.08 14:45:31.984,0.93627,0.93651,1.00,1.00
2018.03.08 14:45:32.151,0.93631,0.93654,1.00,1.00
2018.03.08 14:45:32.490,0.9363,0.93651,1.00,1.00
2018.03.08 14:45:33.004,0.93628,0.93649,1.00,1.00
2018.03.08 14:45:33.339,0.9363,0.93651,1.00,1.00
2018.03.08 14:45:33.466,0.9363,0.93653,1.00,1.00
2018.03.08 14:45:33.682,0.93627,0.93648,1.00,1.00
2018.03.08 14:45:33.785,0.93626,0.9365,1.00,1.00
2018.03.08 14:45:33.835,0.93629,0.93652,1.00,1.00
2018.03.08 14:45:34.265,0.93627,0.93648,1.00,1.00
2018.03.08 14:45:34.416,0.93625,0.93647,1.00,1.00
2018.03.08 14:45:34.647,0.93627,0.93648,1.00,1.00
2018.03.08 14:45:35.016,0.93625,0.93649,1.00,1.00
2018.03.08 14:45:35.144,0.93627,0.9365,1.00,1.00
2018.03.08 14:45:35.452,0.93623,0.93644,1.00,1.00
2018.03.08 14:45:35.638,0.93624,0.93646,1.00,1.00
2018.03.08 14:45:35.916,0.93623,0.93644,1.00,1.00
2018.03.08 14:45:36.621,0.93623,0.93647,1.00,1.00
2018.03.08 14:45:36.672,0.93623,0.93644,1.00,1.00
2018.03.08 14:45:37.213,0.93623,0.93647,1.00,1.00
2018.03.08 14:45:37.768,0.93626,0.93647,1.00,1.00
2018.03.08 14:45:38.173,0.93628,0.93649,1.00,1.00
2018.03.08 14:45:39.387,0.93629,0.93652,1.00,1.00
2018.03.08 14:45:39.626,0.93632,0.93653,1.00,1.00
2018.03.08 14:45:39.727,0.93634,0.93656,1.00,1.00
2018.03.08 14:45:40.105,0.93635,0.93658,1.00,1.00
2018.03.08 14:45:40.737,0.93635,0.93656,1.00,1.00
2018.03.08 14:45:40.873,0.93631,0.93654,1.00,1.00
2018.03.08 14:45:40.976,0.93629,0.93653,1.00,1.00
2018.03.08 14:45:41.109,0.93631,0.93654,1.00,1.00
2018.03.08 14:45:41.415,0.93631,0.93652,1.00,1.00
2018.03.08 14:45:41.699,0.93628,0.93652,1.00,1.00
2018.03.08 14:45:41.749,0.93631,0.93653,1.00,1.00
2018.03.08 14:45:41.901,0.93632,0.93655,1.00,1.00
2018.03.08 14:45:41.951,0.93632,0.93653,1.00,1.00
2018.03.08 14:45:43.623,0.93631,0.93652,1.00,1.00
2018.03.08 14:45:43.964,0.93629,0.9365,1.00,1.00
2018.03.08 14:45:44.115,0.93627,0.93649,1.00,1.00
2018.03.08 14:45:45.880,0.93624,0.93647,1.00,1.00
2018.03.08 14:45:45.932,0.93622,0.93645,1.00,1.00
2018.03.08 14:45:45.983,0.93619,0.93643,1.00,1.00
2018.03.08 14:45:46.053,0.93617,0.9364,1.00,1.00
2018.03.08 14:45:46.384,0.9362,0.93644,1.00,1.00
2018.03.08 14:45:46.739,0.93622,0.93643,1.00,1.00
2018.03.08 14:45:46.790,0.93623,0.93646,1.00,1.00
2018.03.08 14:45:47.141,0.93617,0.93641,1.50,1.00
2018.03.08 14:45:47.196,0.9362,0.93641,1.00,1.00
2018.03.08 14:45:48.126,0.93621,0.93642,1.00,1.00
2018.03.08 14:45:48.177,0.93621,0.93644,1.00,1.00
2018.03.08 14:45:48.264,0.93623,0.93644,1.00,1.00
2018.03.08 14:45:48.451,0.93627,0.93649,1.00,1.00
2018.03.08 14:45:49.522,0.93627,0.93648,1.00,1.00
2018.03.08 14:45:49.941,0.93627,0.93651,1.00,1.00
2018.03.08 14:45:50.219,0.93629,0.9365,1.00,1.00
2018.03.08 14:45:50.763,0.93625,0.93646,1.00,1.00
2018.03.08 14:45:50.865,0.93623,0.93646,1.00,1.00
2018.03.08 14:45:51.021,0.93623,0.93644,1.00,1.00
2018.03.08 14:45:52.084,0.93626,0.93647,1.00,1.00
2018.03.08 14:45:52.135,0.93626,0.9365,1.00,1.00
2018.03.08 14:45:52.387,0.93629,0.93651,1.00,1.00
2018.03.08 14:45:53.042,0.93629,0.93652,1.00,1.00
2018.03.08 14:45:53.563,0.93628,0.93649,1.00,1.00
2018.03.08 14:45:53.665,0.93625,0.93649,1.00,1.00
2018.03.08 14:45:54.132,0.93628,0.93651,1.00,1.00
2018.03.08 14:45:54.438,0.93635,0.93656,1.00,1.00
2018.03.08 14:45:55.299,0.93634,0.93656,1.00,1.00
2018.03.08 14:45:55.383,0.93632,0.93655,1.00,1.00
2018.03.08 14:45:56.846,0.93637,0.93658,1.00,1.00
2018.03.08 14:45:57.036,0.93631,0.93654,1.50,1.00
2018.03.08 14:45:57.288,0.93633,0.93655,1.00,1.00
2018.03.08 14:45:58.244,0.93632,0.93656,1.00,1.00
2018.03.08 14:45:58.729,0.93635,0.93657,1.00,1.00
2018.03.08 14:45:59.073,0.93632,0.93653,1.00,1.00
2018.03.08 14:45:59.608,0.93631,0.93654,1.00,1.00
2018.03.08 14:45:59.986,0.9363,0.93652,1.00,1.00
2018.03.08 14:46:00.309,0.93634,0.93657,1.00,1.00
2018.03.08 14:46:00.361,0.93639,0.93661,1.00,1.50
2018.03.08 14:46:00.462,0.93636,0.9366,1.00,1.00
2018.03.08 14:46:00.513,0.93635,0.93657,1.00,1.00
2018.03.08 14:46:00.847,0.93636,0.93659,1.00,1.00
2018.03.08 14:46:00.898,0.9364,0.93661,1.00,1.00
2018.03.08 14:46:00.949,0.93641,0.93663,1.00,1.00
2018.03.08 14:46:01.325,0.93638,0.93661,1.00,1.00
2018.03.08 14:46:01.427,0.9364,0.93663,1.00,1.00
2018.03.08 14:46:02.151,0.93638,0.93662,1.00,1.00
2018.03.08 14:46:02.256,0.93641,0.93662,1.00,1.50
2018.03.08 14:46:02.579,0.93643,0.93664,1.00,1.00
2018.03.08 14:46:03.241,0.93644,0.93665,1.00,1.00
2018.03.08 14:46:03.698,0.93641,0.93665,1.00,1.00
2018.03.08 14:46:04.366,0.93642,0.93666,1.00,1.00
2018.03.08 14:46:04.417,0.93644,0.93668,1.00,1.50
2018.03.08 14:46:04.718,0.93647,0.93671,1.00,1.00
2018.03.08 14:46:05.592,0.93648,0.93672,1.00,1.50
2018.03.08 14:46:06.176,0.93648,0.93672,1.00,1.00
2018.03.08 14:46:06.522,0.93652,0.93673,1.00,1.00
2018.03.08 14:46:07.092,0.93651,0.93673,1.00,1.00
2018.03.08 14:46:07.595,0.9365,0.93672,1.00,1.00
2018.03.08 14:46:07.907,0.9365,0.9367,1.00,1.00
2018.03.08 14:46:08.431,0.93651,0.93671,1.00,1.00
2018.03.08 14:46:08.539,0.93648,0.9367,1.00,1.00
2018.03.08 14:46:08.681,0.93647,0.93668,1.00,1.00
2018.03.08 14:46:08.733,0.93645,0.93667,1.00,1.00
2018.03.08 14:46:09.259,0.93646,0.93668,1.00,1.00
2018.03.08 14:46:09.794,0.93647,0.93669,1.00,1.00
2018.03.08 14:46:10.096,0.93649,0.9367,1.00,1.00
2018.03.08 14:46:10.523,0.93652,0.93671,1.00,1.00
2018.03.08 14:46:10.574,0.93649,0.93671,1.00,1.00
2018.03.08 14:46:10.685,0.93651,0.93672,1.00,1.00
2018.03.08 14:46:12.625,0.93652,0.93672,1.00,1.00
2018.03.08 14:46:13.026,0.9365,0.93672,1.00,1.00
2018.03.08 14:46:13.219,0.93652,0.93671,1.00,1.00
2018.03.08 14:46:14.688,0.93653,0.93672,1.00,1.00
2018.03.08 14:46:14.739,0.93651,0.93672,1.00,1.00
2018.03.08 14:46:15.303,0.93651,0.9367,1.00,1.00
2018.03.08 14:46:15.512,0.93651,0.93672,1.00,1.00
2018.03.08 14:46:16.508,0.93653,0.93673,1.00,1.00
2018.03.08 14:46:17.903,0.93651,0.93672,1.00,1.00
2018.03.08 14:46:18.352,0.93652,0.93674,1.00,1.00
2018.03.08 14:46:18.463,0.93652,0.93671,1.00,1.00
2018.03.08 14:46:19.192,0.93651,0.93672,1.00,1.00
2018.03.08 14:46:19.607,0.93653,0.93673,1.00,1.00
2018.03.08 14:46:20.524,0.93652,0.93672,1.00,1.00
2018.03.08 14:46:20.802,0.93654,0.93676,1.00,1.00
2018.03.08 14:46:20.914,0.93656,0.93676,1.00,1.00
2018.03.08 14:46:22.158,0.93657,0.93676,1.00,1.00
2018.03.08 14:46:23.235,0.93657,0.93678,1.00,1.00
2018.03.08 14:46:23.667,0.93655,0.93677,1.00,1.00
2018.03.08 14:46:23.797,0.93657,0.93678,1.00,1.00
2018.03.08 14:46:24.658,0.93659,0.93678,1.00,1.00
2018.03.08 14:46:24.759,0.93656,0.93676,1.00,1.00
2018.03.08 14:46:25.626,0.93658,0.93677,1.00,1.00
2018.03.08 14:46:26.114,0.93659,0.93679,1.00,1.00
2018.03.08 14:46:26.215,0.93662,0.93681,1.00,1.00
2018.03.08 14:46:26.746,0.93661,0.9368,1.00,1.00
2018.03.08 14:46:26.847,0.93661,0.93683,1.00,1.00
2018.03.08 14:46:26.898,0.9366,0.93681,1.00,1.00
2018.03.08 14:46:27.587,0.93661,0.93682,1.00,1.00
2018.03.08 14:46:28.112,0.93662,0.93683,1.00,1.00
2018.03.08 14:46:30.381,0.93658,0.93679,1.00,1.00
2018.03.08 14:46:30.769,0.93657,0.93677,1.00,1.00
2018.03.08 14:46:31.451,0.93656,0.93678,1.00,1.00
2018.03.08 14:46:32.068,0.93658,0.93677,1.00,1.00
2018.03.08 14:46:34.279,0.93659,0.93679,1.00,1.00
2018.03.08 14:46:34.502,0.93658,0.93677,1.00,1.00
2018.03.08 14:46:34.553,0.93659,0.93679,1.00,1.00
2018.03.08 14:46:34.610,0.93657,0.93678,1.00,1.00
2018.03.08 14:46:34.769,0.93659,0.93679,1.00,1.00
2018.03.08 14:46:34.870,0.93656,0.93677,1.00,1.00
2018.03.08 14:46:35.111,0.93656,0.93675,1.00,1.00
2018.03.08 14:46:35.831,0.93656,0.93676,1.00,1.00
2018.03.08 14:46:36.177,0.93658,0.93677,1.00,1.00
2018.03.08 14:46:36.808,0.93659,0.93678,1.00,1.00
2018.03.08 14:46:37.913,0.93656,0.93678,1.00,1.00
2018.03.08 14:46:39.004,0.93659,0.93678,1.00,1.00
2018.03.08 14:46:40.284,0.93657,0.93677,1.00,1.00
2018.03.08 14:46:40.564,0.93659,0.93678,1.00,1.00
2018.03.08 14:46:41.186,0.93657,0.93677,1.00,1.00
2018.03.08 14:46:41.359,0.93658,0.93679,1.00,1.00
2018.03.08 14:46:41.593,0.93657,0.93677,1.00,1.00
2018.03.08 14:46:42.010,0.93659,0.93678,1.00,1.00
2018.03.08 14:46:42.576,0.9366,0.93679,1.00,1.00
2018.03.08 14:46:42.903,0.93658,0.93677,1.00,1.00
2018.03.08 14:46:43.406,0.93659,0.93678,1.00,1.00
2018.03.08 14:46:43.684,0.93659,0.93681,1.00,1.00
2018.03.08 14:46:43.735,0.93661,0.9368,1.00,1.00
2018.03.08 14:46:44.268,0.9366,0.93679,1.00,1.00
2018.03.08 14:46:45.104,0.93661,0.9368,1.00,1.00
2018.03.08 14:46:45.183,0.9366,0.93682,1.00,1.00
2018.03.08 14:46:45.486,0.93662,0.93683,1.00,1.00
2018.03.08 14:46:45.805,0.93661,0.93681,1.00,1.00
2018.03.08 14:46:46.337,0.9366,0.9368,1.00,1.00
2018.03.08 14:46:46.634,0.93658,0.93679,1.00,1.00
2018.03.08 14:46:47.243,0.93659,0.93678,1.00,1.00
2018.03.08 14:46:47.846,0.93659,0.9368,1.00,1.00
2018.03.08 14:46:49.122,0.9366,0.9368,1.00,1.00
2018.03.08 14:46:49.652,0.9366,0.93681,1.00,1.00
2018.03.08 14:46:51.395,0.93662,0.93684,1.00,1.00
2018.03.08 14:46:51.497,0.93662,0.93682,1.00,1.00
2018.03.08 14:46:52.022,0.93662,0.93681,1.00,1.00
2018.03.08 14:46:52.795,0.93662,0.93684,1.00,1.00
2018.03.08 14:46:52.846,0.93664,0.93684,1.00,1.00
2018.03.08 14:46:53.246,0.93665,0.93687,1.00,1.00
2018.03.08 14:46:53.399,0.93667,0.93686,1.00,1.00
2018.03.08 14:46:53.551,0.93665,0.93685,1.00,1.00
2018.03.08 14:46:54.414,0.93663,0.93685,1.00,1.00
2018.03.08 14:46:54.465,0.93665,0.93685,1.00,1.00
2018.03.08 14:46:54.846,0.93666,0.93689,1.00,1.00
2018.03.08 14:46:57.361,0.93666,0.93689,1.37,1.00
2018.03.08 14:46:57.866,0.93666,0.93689,1.00,1.00
2018.03.08 14:46:58.214,0.93668,0.9369,1.00,1.00
2018.03.08 14:46:58.716,0.93669,0.9369,1.00,1.00
2018.03.08 14:46:59.286,0.93668,0.93689,1.00,1.00
2018.03.08 14:46:59.793,0.93667,0.93688,1.00,1.00
2018.03.08 14:47:00.286,0.93663,0.93686,1.00,1.00
2018.03.08 14:47:00.420,0.93663,0.93682,1.00,1.00
2018.03.08 14:47:00.470,0.93661,0.93682,1.00,1.00
2018.03.08 14:47:00.718,0.93662,0.93684,1.00,1.00
2018.03.08 14:47:00.874,0.93661,0.93682,1.00,1.00
2018.03.08 14:47:01.193,0.93664,0.93685,1.00,1.00
2018.03.08 14:47:01.686,0.93665,0.93687,1.00,1.00
2018.03.08 14:47:02.152,0.93662,0.93685,1.50,1.00
2018.03.08 14:47:02.378,0.93665,0.93688,1.00,1.00
2018.03.08 14:47:02.429,0.93667,0.93688,1.00,1.00
2018.03.08 14:47:02.530,0.93668,0.93691,1.00,1.00
2018.03.08 14:47:02.811,0.93666,0.93688,1.37,1.00
2018.03.08 14:47:03.014,0.93664,0.93686,1.00,1.00
2018.03.08 14:47:03.115,0.93665,0.93688,1.00,1.00
2018.03.08 14:47:03.202,0.93662,0.93685,1.00,1.00
2018.03.08 14:47:03.510,0.93662,0.93683,1.00,1.00
2018.03.08 14:47:04.035,0.93657,0.93678,1.00,1.00
2018.03.08 14:47:04.090,0.93657,0.9368,1.00,1.00
2018.03.08 14:47:04.287,0.93659,0.9368,1.00,1.00
2018.03.08 14:47:04.388,0.93657,0.93679,1.00,1.00
2018.03.08 14:47:04.489,0.93659,0.9368,1.00,1.00
2018.03.08 14:47:04.680,0.93656,0.9368,1.00,1.00
2018.03.08 14:47:04.883,0.93658,0.93681,1.00,1.00
2018.03.08 14:47:05.189,0.9366,0.93681,1.00,1.00
2018.03.08 14:47:05.290,0.93661,0.93684,1.00,1.00
2018.03.08 14:47:05.971,0.93662,0.93683,1.00,1.00
2018.03.08 14:47:06.400,0.93659,0.93682,1.00,1.00
2018.03.08 14:47:06.502,0.93662,0.93683,1.00,1.00
2018.03.08 14:47:07.035,0.93661,0.93683,2.25,1.00
2018.03.08 14:47:07.286,0.93661,0.93682,1.50,1.00
2018.03.08 14:47:07.391,0.93662,0.93685,1.00,1.00
2018.03.08 14:47:07.442,0.93665,0.93686,1.00,1.00
2018.03.08 14:47:09.013,0.93664,0.93685,1.00,1.00
2018.03.08 14:47:09.835,0.93664,0.93685,1.50,1.00
2018.03.08 14:47:10.220,0.9366,0.9368,1.00,1.00
2018.03.08 14:47:10.271,0.93658,0.93681,1.87,1.00
2018.03.08 14:47:10.817,0.93657,0.93681,1.00,1.00
2018.03.08 14:47:10.868,0.93659,0.9368,1.00,1.00
2018.03.08 14:47:10.918,0.93657,0.93681,1.00,1.00
2018.03.08 14:47:11.069,0.9366,0.93681,1.00,1.00
2018.03.08 14:47:11.528,0.93661,0.93684,1.00,1.00
2018.03.08 14:47:11.629,0.93663,0.93684,1.00,1.00
2018.03.08 14:47:11.780,0.93664,0.93687,1.00,1.00
2018.03.08 14:47:11.881,0.93666,0.93687,1.00,1.00
2018.03.08 14:47:12.041,0.93667,0.9369,1.00,1.00
2018.03.08 14:47:12.293,0.93667,0.93688,1.00,1.00
2018.03.08 14:47:13.830,0.93666,0.93689,1.00,1.00
2018.03.08 14:47:14.468,0.93668,0.93689,1.00,1.00
2018.03.08 14:47:14.856,0.93666,0.93689,1.00,1.00
2018.03.08 14:47:15.135,0.93666,0.93687,1.00,1.00
2018.03.08 14:47:16.692,0.93668,0.93689,1.00,1.00
2018.03.08 14:47:17.095,0.93669,0.93692,1.00,1.00
2018.03.08 14:47:17.285,0.93669,0.9369,1.00,1.00
2018.03.08 14:47:17.387,0.93666,0.9369,1.00,1.00
2018.03.08 14:47:17.488,0.93668,0.93689,1.00,1.00
2018.03.08 14:47:17.539,0.93665,0.93689,1.00,1.00
2018.03.08 14:47:18.047,0.93666,0.93689,1.00,1.00
2018.03.08 14:47:18.303,0.93668,0.93689,1.00,1.00
2018.03.08 14:47:19.193,0.93669,0.9369,1.00,1.00
2018.03.08 14:47:19.387,0.93667,0.9369,1.00,1.00
2018.03.08 14:47:20.243,0.93669,0.9369,1.00,1.00
2018.03.08 14:47:20.903,0.93671,0.93694,3.00,1.00
2018.03.08 14:47:21.068,0.93678,0.93699,1.12,1.00
2018.03.08 14:47:21.120,0.93681,0.93703,1.00,1.00
2018.03.08 14:47:21.621,0.93681,0.93704,1.00,1.00
2018.03.08 14:47:22.022,0.93679,0.93702,1.00,1.00
2018.03.08 14:47:22.227,0.93675,0.93699,1.00,1.00
2018.03.08 14:47:22.278,0.93676,0.93697,1.00,1.00
2018.03.08 14:47:22.744,0.93674,0.93696,2.25,1.00
2018.03.08 14:47:22.896,0.93674,0.93694,1.00,1.00
2018.03.08 14:47:23.002,0.93671,0.93693,1.00,1.00
2018.03.08 14:47:23.138,0.93669,0.93692,1.00,1.00
2018.03.08 14:47:23.340,0.93668,0.9369,1.50,1.00
2018.03.08 14:47:23.491,0.93666,0.93689,1.50,1.00
2018.03.08 14:47:24.553,0.93666,0.9369,1.50,1.00
2018.03.08 14:47:24.604,0.93666,0.93687,1.50,1.00
2018.03.08 14:47:25.145,0.93665,0.93687,1.00,1.00
2018.03.08 14:47:25.550,0.93664,0.93685,1.00,1.00
2018.03.08 14:47:26.390,0.93662,0.93683,1.00,1.00
2018.03.08 14:47:26.908,0.93664,0.93688,1.00,1.00
2018.03.08 14:47:27.009,0.93666,0.93687,1.00,1.00
2018.03.08 14:47:27.094,0.93664,0.93688,1.00,1.00
2018.03.08 14:47:27.400,0.93665,0.93686,1.00,1.00
2018.03.08 14:47:28.277,0.93665,0.93688,1.00,1.00
2018.03.08 14:47:28.678,0.93665,0.93686,1.00,1.00
2018.03.08 14:47:28.779,0.93666,0.93688,1.00,1.00
2018.03.08 14:47:29.014,0.93669,0.9369,1.00,1.00
2018.03.08 14:47:29.175,0.93668,0.93692,1.00,1.00
2018.03.08 14:47:29.278,0.93667,0.9369,1.50,1.00
2018.03.08 14:47:29.581,0.9367,0.93692,1.00,1.00
2018.03.08 14:47:30.201,0.9367,0.93694,1.00,1.00
2018.03.08 14:47:30.714,0.93669,0.93693,1.00,1.00
2018.03.08 14:47:30.857,0.9367,0.93691,1.00,1.00
2018.03.08 14:47:31.529,0.93669,0.93691,1.00,1.00
2018.03.08 14:47:32.052,0.9367,0.93691,1.00,1.00
2018.03.08 14:47:34.332,0.93671,0.93694,1.00,1.00
2018.03.08 14:47:35.029,0.93672,0.93695,1.00,1.00
2018.03.08 14:47:35.081,0.9367,0.93693,1.00,1.00
2018.03.08 14:47:38.302,0.93671,0.93694,1.00,1.00
2018.03.08 14:47:39.207,0.93672,0.93696,1.00,1.00
2018.03.08 14:47:39.685,0.93674,0.93695,1.00,1.00
2018.03.08 14:47:39.886,0.93673,0.93697,1.00,1.00
2018.03.08 14:47:39.937,0.93676,0.93697,1.00,1.00
2018.03.08 14:47:40.053,0.93678,0.937,1.00,1.00
2018.03.08 14:47:40.554,0.93678,0.93699,1.00,1.00
2018.03.08 14:47:43.404,0.93675,0.93699,1.00,1.00
2018.03.08 14:47:47.108,0.93676,0.93699,1.00,1.00
2018.03.08 14:47:47.613,0.93677,0.93698,1.00,1.00
2018.03.08 14:47:48.339,0.93678,0.93699,1.00,1.00
2018.03.08 14:47:48.876,0.93678,0.937,1.00,1.00
2018.03.08 14:47:49.397,0.93679,0.937,1.00,1.00
2018.03.08 14:47:49.623,0.93677,0.937,1.00,1.00
2018.03.08 14:47:50.223,0.93678,0.93699,1.00,1.00
2018.03.08 14:47:50.906,0.93678,0.93701,1.00,1.00
2018.03.08 14:47:53.389,0.93679,0.93702,1.00,1.00
2018.03.08 14:47:53.440,0.93682,0.93703,1.00,1.00
2018.03.08 14:47:53.592,0.93682,0.93705,1.00,1.00
2018.03.08 14:47:58.465,0.93679,0.93702,3.00,1.00
2018.03.08 14:47:58.601,0.93679,0.93702,1.00,1.00
2018.03.08 14:47:58.711,0.93677,0.937,1.00,1.00
2018.03.08 14:47:59.015,0.93682,0.93703,1.75,1.00
2018.03.08 14:47:59.184,0.93682,0.93703,1.00,1.00
2018.03.08 14:47:59.693,0.93681,0.93702,1.00,1.00
2018.03.08 14:48:00.600,0.93682,0.93705,1.00,1.00
2018.03.08 14:48:01.700,0.93683,0.93705,1.00,1.00
2018.03.08 14:48:04.741,0.93684,0.93707,1.00,1.00
2018.03.08 14:48:05.097,0.93686,0.93709,1.00,1.00
2018.03.08 14:48:05.400,0.93683,0.93704,1.00,1.00
2018.03.08 14:48:06.431,0.93684,0.93705,1.00,1.00
2018.03.08 14:48:08.218,0.93685,0.93706,1.00,1.00
2018.03.08 14:48:09.481,0.93684,0.93705,1.00,1.00
2018.03.08 14:48:10.017,0.93683,0.93706,1.00,1.00
2018.03.08 14:48:11.612,0.93682,0.93703,1.00,1.00
2018.03.08 14:48:12.008,0.93683,0.93705,1.12,1.00
2018.03.08 14:48:12.547,0.93684,0.93706,1.00,1.00
2018.03.08 14:48:12.598,0.93682,0.93707,1.00,1.00
2018.03.08 14:48:12.949,0.93685,0.93706,1.00,1.00
2018.03.08 14:48:13.090,0.93685,0.93708,1.00,1.00
2018.03.08 14:48:13.219,0.93684,0.93706,1.00,1.00
2018.03.08 14:48:13.320,0.93685,0.93708,1.00,1.00
2018.03.08 14:48:13.452,0.93683,0.93707,1.12,1.00
2018.03.08 14:48:13.554,0.93685,0.93708,1.00,1.00
2018.03.08 14:48:14.007,0.93683,0.93706,1.00,1.00
2018.03.08 14:48:14.456,0.93685,0.93708,1.00,1.00
2018.03.08 14:48:14.779,0.93684,0.93706,1.00,1.00
2018.03.08 14:48:17.565,0.93686,0.93707,1.00,1.00
2018.03.08 14:48:18.255,0.93685,0.93707,1.00,1.00
2018.03.08 14:48:18.773,0.93684,0.93707,1.00,1.00
2018.03.08 14:48:19.246,0.93682,0.93705,1.00,1.00
2018.03.08 14:48:19.748,0.93684,0.93707,1.00,1.00
2018.03.08 14:48:20.257,0.93682,0.93705,1.12,1.00
2018.03.08 14:48:20.735,0.93685,0.93706,1.00,1.00
2018.03.08 14:48:21.278,0.93684,0.93707,1.00,1.00
2018.03.08 14:48:21.976,0.93683,0.93706,1.00,1.00
2018.03.08 14:48:22.292,0.93683,0.93704,1.00,1.00
2018.03.08 14:48:22.466,0.93681,0.93705,1.50,1.00
2018.03.08 14:48:22.567,0.93683,0.93706,1.00,1.00
2018.03.08 14:48:23.555,0.93687,0.93709,1.00,1.00
2018.03.08 14:48:23.661,0.93682,0.93705,1.00,1.00
2018.03.08 14:48:23.711,0.93685,0.93706,1.00,1.00
2018.03.08 14:48:23.762,0.93683,0.93707,1.00,1.00
2018.03.08 14:48:24.839,0.93686,0.93707,1.00,1.00
2018.03.08 14:48:26.930,0.93686,0.9371,1.50,1.00
2018.03.08 14:48:27.435,0.93686,0.93709,1.50,1.00
2018.03.08 14:48:27.486,0.93685,0.93707,1.00,1.00
2018.03.08 14:48:27.902,0.93686,0.93709,1.00,1.00
2018.03.08 14:48:28.554,0.93687,0.9371,1.00,1.00
2018.03.08 14:48:29.342,0.93689,0.9371,1.00,1.00
2018.03.08 14:48:31.866,0.93695,0.93719,1.00,1.00
2018.03.08 14:48:31.990,0.93692,0.93716,1.00,1.00
2018.03.08 14:48:32.520,0.93692,0.93715,1.00,1.00
2018.03.08 14:48:33.275,0.93693,0.93716,1.00,1.00
2018.03.08 14:48:33.961,0.93694,0.93716,1.00,1.00
2018.03.08 14:48:34.012,0.93692,0.93715,1.50,1.00
2018.03.08 14:48:34.217,0.93692,0.93713,1.00,1.00
2018.03.08 14:48:34.853,0.93692,0.93714,1.00,1.00
2018.03.08 14:48:35.204,0.93694,0.93715,1.00,1.00
2018.03.08 14:48:36.254,0.93695,0.93717,1.00,1.00
2018.03.08 14:48:36.800,0.93694,0.93717,1.00,1.00
2018.03.08 14:48:36.851,0.93694,0.93715,1.00,1.00
2018.03.08 14:48:36.952,0.93691,0.93714,1.00,1.00
2018.03.08 14:48:37.656,0.93692,0.93716,1.00,1.00
2018.03.08 14:48:37.873,0.93694,0.93715,1.00,1.00
2018.03.08 14:48:38.420,0.93693,0.93714,1.00,1.00
2018.03.08 14:48:39.365,0.93694,0.93715,1.00,1.00
2018.03.08 14:48:39.668,0.93692,0.93713,1.00,1.00
2018.03.08 14:48:40.180,0.9369,0.93713,1.00,1.00
2018.03.08 14:48:40.281,0.9369,0.93713,1.75,1.00
2018.03.08 14:48:40.684,0.93689,0.93712,1.00,1.00
2018.03.08 14:48:40.985,0.93692,0.93713,1.12,1.00
2018.03.08 14:48:42.146,0.93692,0.93715,1.00,1.00
2018.03.08 14:48:43.298,0.93694,0.93715,1.00,1.00
2018.03.08 14:48:43.400,0.93694,0.93717,1.00,1.00
2018.03.08 14:48:43.556,0.93692,0.93715,1.00,1.00
2018.03.08 14:48:43.658,0.9369,0.93714,1.00,1.00
2018.03.08 14:48:45.357,0.93692,0.93713,1.00,1.00
2018.03.08 14:48:45.861,0.93693,0.93714,1.00,1.00
2018.03.08 14:48:46.345,0.93691,0.93714,1.00,1.00
2018.03.08 14:48:46.639,0.93691,0.93712,1.00,1.00
2018.03.08 14:48:47.922,0.93691,0.93714,1.00,1.00
2018.03.08 14:48:52.572,0.93691,0.93715,1.00,1.00
2018.03.08 14:48:52.789,0.93692,0.93713,1.00,1.00
2018.03.08 14:48:53.094,0.9369,0.93711,1.00,1.00
2018.03.08 14:48:53.612,0.93685,0.93708,1.00,1.00
2018.03.08 14:48:53.714,0.93682,0.93703,1.00,1.00
2018.03.08 14:48:54.049,0.93685,0.93706,1.00,1.00
2018.03.08 14:48:54.564,0.93687,0.9371,1.00,1.00
2018.03.08 14:48:54.615,0.93686,0.93707,1.00,1.00
2018.03.08 14:48:54.959,0.93684,0.93705,1.00,1.00
2018.03.08 14:48:56.424,0.93686,0.93707,1.00,1.00
2018.03.08 14:48:56.475,0.93684,0.93706,1.00,1.00
2018.03.08 14:48:56.718,0.93685,0.93708,1.00,1.00
2018.03.08 14:48:56.833,0.93684,0.93706,1.00,1.00
2018.03.08 14:48:57.633,0.93683,0.93706,1.00,1.00
2018.03.08 14:48:57.734,0.93684,0.93708,1.50,1.00
2018.03.08 14:48:59.240,0.93684,0.93708,1.50,1.00
2018.03.08 14:49:00.210,0.93684,0.93708,1.00,1.00
2018.03.08 14:49:00.358,0.93686,0.93709,1.00,1.00
2018.03.08 14:49:00.684,0.93685,0.93706,1.00,1.00
2018.03.08 14:49:01.146,0.93685,0.93705,2.25,1.00
2018.03.08 14:49:01.197,0.93684,0.93705,1.00,1.00
2018.03.08 14:49:01.298,0.93686,0.93707,1.00,1.00
2018.03.08 14:49:01.703,0.93682,0.93703,1.12,1.00
2018.03.08 14:49:01.754,0.93682,0.93705,1.12,1.00
2018.03.08 14:49:02.794,0.93684,0.93705,1.00,1.00
2018.03.08 14:49:03.284,0.93685,0.93708,1.00,1.00
2018.03.08 14:49:03.800,0.93686,0.93708,1.00,1.00
2018.03.08 14:49:03.914,0.93682,0.93707,1.00,1.00
2018.03.08 14:49:04.336,0.93682,0.93705,1.00,1.00
2018.03.08 14:49:04.853,0.93685,0.93707,1.00,1.00
2018.03.08 14:49:06.148,0.93682,0.93706,1.00,1.00
2018.03.08 14:49:07.981,0.93684,0.93705,1.00,1.00
2018.03.08 14:49:08.644,0.93685,0.93707,1.00,1.00
2018.03.08 14:49:09.090,0.93687,0.93709,1.00,1.00
2018.03.08 14:49:09.241,0.93696,0.93719,1.00,1.00
2018.03.08 14:49:15.509,0.93696,0.93717,1.50,1.00
2018.03.08 14:49:15.663,0.93692,0.93715,1.50,1.00
2018.03.08 14:49:15.714,0.93695,0.93716,1.00,1.00
2018.03.08 14:49:16.683,0.93692,0.93715,1.00,1.00
2018.03.08 14:49:16.921,0.93694,0.93715,1.00,1.00
2018.03.08 14:49:17.023,0.93694,0.93718,1.00,1.00
2018.03.08 14:49:17.599,0.93693,0.93717,1.00,1.00
2018.03.08 14:49:17.808,0.93694,0.93715,1.00,1.00
2018.03.08 14:49:19.893,0.93692,0.93715,2.25,1.00
2018.03.08 14:49:20.247,0.93694,0.93717,1.00,1.00
2018.03.08 14:49:21.009,0.93693,0.93717,1.00,1.00
2018.03.08 14:49:22.323,0.93695,0.93716,1.00,1.00
2018.03.08 14:49:22.909,0.93693,0.93716,1.00,1.00
2018.03.08 14:49:22.960,0.93692,0.93712,1.00,1.00
2018.03.08 14:49:23.095,0.93695,0.93716,1.00,1.00
2018.03.08 14:49:23.247,0.93696,0.93719,1.00,1.00
2018.03.08 14:49:24.219,0.93693,0.93714,2.25,1.00
2018.03.08 14:49:24.270,0.93693,0.93716,1.00,1.00
2018.03.08 14:49:24.326,0.93691,0.93713,1.00,1.00
2018.03.08 14:49:24.841,0.93692,0.93714,1.00,1.00
2018.03.08 14:49:27.879,0.93692,0.93716,1.00,1.00
2018.03.08 14:49:27.930,0.93698,0.93719,1.00,1.00
2018.03.08 14:49:28.082,0.93698,0.93721,1.00,1.00
2018.03.08 14:49:28.234,0.937,0.93722,1.12,1.00
2018.03.08 14:49:28.557,0.93699,0.9372,1.00,1.00
2018.03.08 14:49:29.357,0.937,0.93721,1.00,1.00
2018.03.08 14:49:29.955,0.93696,0.93717,2.25,1.00
2018.03.08 14:49:30.006,0.93694,0.93717,1.00,1.00
2018.03.08 14:49:30.158,0.93692,0.93715,1.00,1.00
2018.03.08 14:49:30.480,0.9369,0.93714,1.00,1.00
2018.03.08 14:49:30.749,0.93689,0.93712,1.00,1.00
2018.03.08 14:49:31.072,0.93695,0.93716,1.00,1.00
2018.03.08 14:49:31.667,0.93696,0.93717,1.00,1.00
2018.03.08 14:49:32.589,0.93695,0.93716,1.00,1.00
2018.03.08 14:49:33.918,0.93694,0.93716,1.50,1.00
2018.03.08 14:49:34.346,0.93695,0.93718,1.00,1.00
2018.03.08 14:49:34.474,0.93698,0.93719,1.00,1.00
2018.03.08 14:49:34.861,0.93696,0.9372,1.00,1.00
2018.03.08 14:49:34.936,0.93702,0.93726,1.00,1.00
2018.03.08 14:49:35.243,0.93699,0.9372,1.00,1.00
2018.03.08 14:49:35.973,0.93699,0.93721,1.00,1.00
2018.03.08 14:49:37.527,0.937,0.93721,1.00,1.00
2018.03.08 14:49:38.496,0.93701,0.93722,1.00,1.00
2018.03.08 14:49:38.700,0.93702,0.93725,1.00,1.00
2018.03.08 14:49:38.752,0.93705,0.93726,1.00,1.00
2018.03.08 14:49:39.164,0.93703,0.93724,1.00,1.00
2018.03.08 14:49:39.912,0.93704,0.93726,1.00,1.00
2018.03.08 14:49:41.976,0.93704,0.93724,1.00,1.00
2018.03.08 14:49:42.238,0.93702,0.93724,1.00,1.00
2018.03.08 14:49:44.170,0.93704,0.93724,1.00,1.00
2018.03.08 14:49:44.897,0.93704,0.93725,1.00,1.00
2018.03.08 14:49:47.815,0.93701,0.93718,1.00,1.00
2018.03.08 14:49:47.866,0.93697,0.93718,1.50,1.00
2018.03.08 14:49:47.968,0.9369,0.93709,1.50,1.00
2018.03.08 14:49:48.120,0.9369,0.93712,1.00,1.00
2018.03.08 14:49:48.170,0.93688,0.93709,1.00,1.00
2018.03.08 14:49:48.712,0.93687,0.93709,1.00,1.00
2018.03.08 14:49:49.286,0.93689,0.9371,1.00,1.00
2018.03.08 14:49:49.835,0.93687,0.9371,1.00,1.00
2018.03.08 14:49:50.633,0.93688,0.93711,1.00,1.00
2018.03.08 14:49:50.684,0.9369,0.93713,1.00,1.00
2018.03.08 14:49:50.937,0.93691,0.93717,1.00,1.00
2018.03.08 14:49:50.987,0.93697,0.93718,1.00,1.00
2018.03.08 14:49:51.534,0.93695,0.93717,1.00,1.00
2018.03.08 14:49:52.286,0.93696,0.93717,1.00,1.00
2018.03.08 14:49:52.337,0.93699,0.9372,1.00,1.00
2018.03.08 14:49:52.389,0.93697,0.9372,1.00,1.00
2018.03.08 14:49:52.490,0.93699,0.93722,1.00,1.00
2018.03.08 14:49:52.824,0.93703,0.93724,1.00,1.00
2018.03.08 14:49:53.126,0.93701,0.93723,1.00,1.00
2018.03.08 14:49:53.227,0.93699,0.93721,1.00,1.00
2018.03.08 14:49:53.342,0.93696,0.93719,1.00,1.00
2018.03.08 14:49:53.500,0.93692,0.93708,1.00,1.00
2018.03.08 14:49:53.552,0.93689,0.93708,1.50,1.00
2018.03.08 14:49:53.603,0.93689,0.9371,1.00,1.00
2018.03.08 14:49:53.654,0.93686,0.9371,1.00,1.00
2018.03.08 14:49:54.027,0.93686,0.93707,1.00,1.00
2018.03.08 14:49:54.229,0.93688,0.93711,1.00,1.00
2018.03.08 14:49:54.556,0.93691,0.93711,1.00,1.00
2018.03.08 14:49:58.284,0.93691,0.93713,1.00,1.00
2018.03.08 14:49:59.004,0.93696,0.93717,1.00,1.50
2018.03.08 14:49:59.105,0.93698,0.93722,1.00,1.00
2018.03.08 14:49:59.155,0.93704,0.93724,1.00,1.00
2018.03.08 14:49:59.306,0.93702,0.93723,1.00,1.00
2018.03.08 14:49:59.357,0.937,0.93722,1.00,1.00
2018.03.08 14:49:59.992,0.93698,0.9372,1.00,1.00
2018.03.08 14:50:00.607,0.93697,0.9372,1.00,1.00
2018.03.08 14:50:00.990,0.93704,0.93725,1.00,1.00
2018.03.08 14:50:01.212,0.937,0.93723,1.50,1.00
2018.03.08 14:50:01.313,0.93697,0.93722,1.00,1.00
2018.03.08 14:50:01.503,0.93692,0.93712,1.00,1.00
2018.03.08 14:50:01.554,0.93688,0.93711,1.00,1.00
2018.03.08 14:50:02.583,0.93691,0.93712,1.00,1.00
2018.03.08 14:50:05.033,0.93689,0.9371,1.00,1.00
2018.03.08 14:50:06.096,0.93689,0.93712,1.00,1.00
2018.03.08 14:50:06.147,0.93692,0.93712,1.00,1.00
2018.03.08 14:50:06.276,0.93694,0.93715,1.00,1.00
2018.03.08 14:50:06.428,0.93694,0.93717,1.00,1.00
2018.03.08 14:50:06.579,0.93697,0.93718,1.00,1.00
2018.03.08 14:50:08.202,0.93697,0.93719,1.00,1.00
2018.03.08 14:50:10.897,0.93696,0.93717,1.00,1.00
2018.03.08 14:50:11.049,0.93693,0.93716,1.00,1.00
2018.03.08 14:50:11.404,0.93695,0.93715,1.00,1.00
2018.03.08 14:50:11.455,0.93694,0.93717,1.00,1.00
2018.03.08 14:50:11.657,0.93696,0.93716,1.00,1.00
2018.03.08 14:50:12.034,0.93694,0.93715,1.00,1.00
2018.03.08 14:50:12.140,0.93695,0.93718,1.00,1.00
2018.03.08 14:50:12.292,0.93697,0.93718,1.00,1.00
2018.03.08 14:50:13.002,0.93696,0.93717,1.00,1.00
2018.03.08 14:50:20.015,0.93696,0.93716,1.00,1.00
2018.03.08 14:50:28.771,0.93701,0.93722,1.00,1.00
2018.03.08 14:50:29.313,0.93702,0.93723,1.00,1.00
2018.03.08 14:50:31.704,0.93696,0.93715,1.00,1.00
2018.03.08 14:50:31.755,0.93693,0.93713,1.00,1.00
2018.03.08 14:50:32.565,0.9369,0.93713,1.00,1.00
2018.03.08 14:50:32.759,0.93694,0.93713,1.00,1.00
2018.03.08 14:50:33.825,0.9369,0.93713,1.50,1.00
2018.03.08 14:50:35.044,0.93692,0.93712,1.00,1.00
2018.03.08 14:50:36.215,0.93692,0.93712,3.00,1.00
2018.03.08 14:50:36.569,0.93696,0.93716,1.00,1.00
2018.03.08 14:50:36.671,0.937,0.93721,1.00,1.00
2018.03.08 14:50:36.773,0.93699,0.93719,1.00,1.00
2018.03.08 14:50:37.491,0.93702,0.93721,1.00,1.00
2018.03.08 14:50:38.168,0.93702,0.93722,1.50,1.00
2018.03.08 14:50:38.820,0.93703,0.93723,1.00,1.00
2018.03.08 14:50:40.642,0.93702,0.93722,1.00,1.00
2018.03.08 14:50:41.224,0.93701,0.93721,1.00,1.00
2018.03.08 14:50:41.326,0.937,0.93723,1.00,1.00
2018.03.08 14:50:41.427,0.937,0.9372,1.00,1.00
2018.03.08 14:50:41.946,0.93702,0.93722,1.00,1.00
2018.03.08 14:50:43.746,0.93702,0.93725,1.00,1.00
2018.03.08 14:50:46.340,0.93702,0.93727,1.00,1.00
2018.03.08 14:50:49.576,0.93704,0.93727,1.00,1.00
2018.03.08 14:50:52.026,0.93702,0.93725,1.00,1.00
2018.03.08 14:50:53.645,0.93701,0.93727,1.50,1.00
2018.03.08 14:50:54.091,0.937,0.93725,1.12,1.00
2018.03.08 14:50:54.988,0.93699,0.93724,1.50,1.00
2018.03.08 14:50:55.468,0.93699,0.93722,1.00,1.00
2018.03.08 14:50:55.940,0.937,0.93724,1.00,1.00
2018.03.08 14:50:56.444,0.93701,0.93724,1.00,1.00
2018.03.08 14:50:56.561,0.93699,0.93724,1.00,1.00
2018.03.08 14:50:56.818,0.93701,0.93724,1.00,1.00
2018.03.08 14:50:56.869,0.93701,0.93726,1.50,1.00
2018.03.08 14:51:01.854,0.93696,0.93718,1.50,1.00
2018.03.08 14:51:02.271,0.93694,0.93716,1.00,1.00
2018.03.08 14:51:02.817,0.93695,0.93716,1.00,1.00
2018.03.08 14:51:03.251,0.93693,0.93716,1.00,1.00
2018.03.08 14:51:04.653,0.93693,0.93717,1.00,1.00
2018.03.08 14:51:05.126,0.93692,0.93715,1.50,1.00
2018.03.08 14:51:05.452,0.93693,0.93717,1.00,1.00
2018.03.08 14:51:05.658,0.93696,0.93719,1.00,1.00
2018.03.08 14:51:06.251,0.93701,0.93724,1.00,1.00
2018.03.08 14:51:06.999,0.937,0.93723,1.00,1.00
2018.03.08 14:51:09.787,0.93697,0.9372,1.00,1.00
2018.03.08 14:51:10.263,0.93693,0.93715,1.00,1.00
2018.03.08 14:51:11.262,0.93692,0.93715,1.75,1.00
2018.03.08 14:51:12.266,0.93692,0.93715,1.50,1.00
2018.03.08 14:51:13.265,0.93692,0.93715,1.50,1.00
2018.03.08 14:51:13.767,0.93692,0.93715,1.00,1.00
2018.03.08 14:51:13.868,0.93689,0.93715,1.35,1.00
2018.03.08 14:51:14.020,0.93692,0.93716,1.00,1.00
2018.03.08 14:51:14.218,0.93696,0.93721,1.00,1.00
2018.03.08 14:51:14.269,0.93696,0.93719,1.00,1.00
2018.03.08 14:51:17.383,0.93695,0.93718,1.12,1.00
2018.03.08 14:51:17.939,0.93694,0.93717,1.00,1.00
2018.03.08 14:51:18.682,0.93693,0.93716,1.00,1.00
2018.03.08 14:51:18.954,0.93691,0.93716,1.50,1.00
2018.03.08 14:51:19.684,0.9369,0.93716,1.00,1.00
2018.03.08 14:51:20.849,0.93692,0.93715,1.00,1.00
2018.03.08 14:51:20.901,0.9369,0.93715,1.50,1.00
2018.03.08 14:51:21.142,0.9369,0.93713,1.00,1.00
2018.03.08 14:51:21.193,0.93692,0.93716,1.00,1.00
2018.03.08 14:51:21.244,0.9369,0.93716,1.00,1.00
2018.03.08 14:51:22.562,0.9369,0.93715,1.00,1.00
2018.03.08 14:51:22.664,0.93691,0.93717,1.00,1.00
2018.03.08 14:51:23.189,0.9369,0.93713,1.00,1.00
2018.03.08 14:51:23.292,0.93687,0.93713,1.00,1.00
2018.03.08 14:51:23.748,0.93686,0.93711,1.00,1.00
2018.03.08 14:51:24.354,0.93687,0.93711,1.00,1.00
2018.03.08 14:51:24.655,0.93684,0.9371,1.00,1.00
2018.03.08 14:51:24.705,0.93686,0.9371,1.00,1.00
2018.03.08 14:51:28.569,0.93683,0.93708,1.50,1.00
2018.03.08 14:51:28.823,0.93675,0.937,1.00,1.00
2018.03.08 14:51:29.014,0.93678,0.93701,1.00,1.00
2018.03.08 14:51:29.716,0.93676,0.937,1.00,1.00
2018.03.08 14:51:29.817,0.93674,0.93699,1.00,1.00
2018.03.08 14:51:29.918,0.93675,0.93701,1.00,1.00
2018.03.08 14:51:30.317,0.93675,0.93698,1.00,1.00
2018.03.08 14:51:30.820,0.93674,0.93697,1.00,1.00
2018.03.08 14:51:31.072,0.93674,0.93699,1.00,1.00
2018.03.08 14:51:32.986,0.93676,0.93699,1.00,1.00
2018.03.08 14:51:34.394,0.93676,0.93701,1.00,2.25
2018.03.08 14:51:34.537,0.93674,0.93699,1.00,1.00
2018.03.08 14:51:35.084,0.93675,0.93698,1.00,1.00
2018.03.08 14:51:35.134,0.93674,0.937,1.00,1.00
2018.03.08 14:51:35.185,0.93675,0.93698,1.00,1.00
2018.03.08 14:51:35.236,0.93673,0.93698,1.00,1.00
2018.03.08 14:51:35.900,0.93674,0.93698,1.00,1.00
2018.03.08 14:51:36.168,0.93676,0.93699,1.00,1.00
2018.03.08 14:51:36.219,0.93677,0.93701,1.00,1.00
2018.03.08 14:51:36.269,0.93679,0.93701,1.00,1.00
2018.03.08 14:51:36.320,0.93679,0.93703,1.00,1.00
2018.03.08 14:51:36.371,0.93673,0.93698,1.00,1.00
2018.03.08 14:51:36.643,0.93673,0.93699,3.00,1.00
2018.03.08 14:51:36.694,0.93679,0.93703,1.00,1.00
2018.03.08 14:51:37.570,0.9368,0.93703,1.00,1.00
2018.03.08 14:51:37.985,0.93678,0.93702,1.00,1.00
2018.03.08 14:51:38.036,0.93677,0.937,1.00,1.00
2018.03.08 14:51:38.340,0.93681,0.93703,1.00,1.00
2018.03.08 14:51:38.889,0.93681,0.93706,1.00,1.00
2018.03.08 14:51:39.110,0.9368,0.93704,1.00,1.00
2018.03.08 14:51:42.123,0.93683,0.93704,1.00,1.00
2018.03.08 14:51:42.174,0.93683,0.93707,1.00,1.00
2018.03.08 14:51:42.290,0.93686,0.9371,1.00,1.00
2018.03.08 14:51:42.340,0.93684,0.9371,1.00,1.00
2018.03.08 14:51:42.391,0.93687,0.9371,1.00,1.00
2018.03.08 14:51:42.492,0.93685,0.9371,1.00,1.00
2018.03.08 14:51:42.764,0.93687,0.93711,1.00,1.00
2018.03.08 14:51:42.896,0.93685,0.9371,1.00,1.00
2018.03.08 14:51:42.948,0.93685,0.93711,1.75,1.00
2018.03.08 14:51:43.154,0.93688,0.93714,1.00,1.00
2018.03.08 14:51:43.364,0.9369,0.93714,1.00,1.00
2018.03.08 14:51:43.844,0.93689,0.93712,1.00,1.00
2018.03.08 14:51:43.995,0.93689,0.93715,1.00,1.00
2018.03.08 14:51:44.046,0.93688,0.93712,1.12,1.00
2018.03.08 14:51:44.408,0.9369,0.93714,1.00,1.00
2018.03.08 14:51:44.950,0.93689,0.93713,1.00,1.00
2018.03.08 14:51:45.695,0.93691,0.93714,1.00,1.00
2018.03.08 14:51:45.977,0.93689,0.93713,1.00,1.00
2018.03.08 14:51:46.718,0.93689,0.93714,1.50,1.00
2018.03.08 14:51:46.769,0.9369,0.93716,1.00,1.00
2018.03.08 14:51:46.931,0.9369,0.93713,1.00,1.00
2018.03.08 14:51:47.528,0.93689,0.93713,1.00,1.00
2018.03.08 14:51:48.079,0.93688,0.93712,1.12,1.00
2018.03.08 14:51:48.655,0.93688,0.93711,1.00,1.00
2018.03.08 14:51:48.890,0.93689,0.93714,1.00,1.00
2018.03.08 14:51:49.122,0.93688,0.93712,1.00,1.00
2018.03.08 14:51:49.685,0.93688,0.93713,1.00,1.00
2018.03.08 14:51:49.759,0.93686,0.93713,1.00,1.00
2018.03.08 14:51:49.991,0.93689,0.93713,1.00,1.00
2018.03.08 14:51:50.510,0.93688,0.93712,1.50,1.00
2018.03.08 14:51:50.562,0.93686,0.93712,1.00,1.00
2018.03.08 14:51:51.139,0.93685,0.93709,1.00,1.00
2018.03.08 14:51:51.509,0.93686,0.93711,1.00,1.00
2018.03.08 14:51:51.775,0.93685,0.93709,1.50,1.00
2018.03.08 14:51:52.190,0.93683,0.93709,1.00,1.00
2018.03.08 14:51:52.534,0.93685,0.93709,1.00,1.00
2018.03.08 14:51:53.764,0.93684,0.93707,1.00,1.00
2018.03.08 14:51:53.865,0.93685,0.93709,1.00,1.00
2018.03.08 14:51:54.094,0.93684,0.93707,1.50,1.00
2018.03.08 14:51:54.370,0.93685,0.93709,1.00,1.00
2018.03.08 14:51:54.421,0.93684,0.93707,1.50,1.00
2018.03.08 14:51:54.473,0.93685,0.93709,1.00,1.00
2018.03.08 14:51:54.523,0.93684,0.93707,1.00,1.00
2018.03.08 14:51:54.574,0.93685,0.93709,1.00,1.00
2018.03.08 14:51:55.827,0.93685,0.93708,1.00,1.00
2018.03.08 14:51:56.295,0.93683,0.93708,1.50,1.00
2018.03.08 14:51:56.877,0.93685,0.93708,1.00,1.00
2018.03.08 14:51:57.079,0.93687,0.93712,1.00,1.00
2018.03.08 14:51:57.282,0.93688,0.93714,1.00,1.00
2018.03.08 14:51:58.538,0.93687,0.93712,1.00,1.00
2018.03.08 14:52:00.114,0.93687,0.9371,1.00,1.00
2018.03.08 14:52:02.579,0.93692,0.93715,1.00,1.00
2018.03.08 14:52:04.773,0.93692,0.93716,1.00,1.00
2018.03.08 14:52:05.385,0.93694,0.93717,1.00,1.00
2018.03.08 14:52:08.794,0.93693,0.93717,1.00,1.00
2018.03.08 14:52:12.564,0.93692,0.93716,1.00,1.00
2018.03.08 14:52:13.188,0.93692,0.93715,1.50,1.00
2018.03.08 14:52:13.525,0.93694,0.9372,1.00,1.00
2018.03.08 14:52:13.656,0.93697,0.93721,1.00,1.35
2018.03.08 14:52:13.858,0.937,0.93725,1.12,1.00
2018.03.08 14:52:14.982,0.93699,0.93723,1.00,1.00
2018.03.08 14:52:17.671,0.93703,0.93726,1.00,2.25
2018.03.08 14:52:17.775,0.93697,0.93723,1.00,1.00
2018.03.08 14:52:17.828,0.937,0.93724,1.00,1.00
2018.03.08 14:52:18.388,0.93701,0.93725,1.00,1.00
2018.03.08 14:52:18.439,0.93702,0.93727,1.00,1.00
2018.03.08 14:52:18.490,0.93704,0.93728,1.00,1.00
2018.03.08 14:52:18.826,0.93701,0.93727,1.50,1.00
2018.03.08 14:52:18.878,0.93698,0.93723,1.50,1.00
2018.03.08 14:52:19.235,0.93703,0.93727,1.00,1.00
2018.03.08 14:52:20.254,0.93702,0.93726,1.00,1.00
2018.03.08 14:52:20.788,0.93703,0.93728,1.00,1.00
2018.03.08 14:52:22.776,0.93701,0.93727,1.00,1.00
2018.03.08 14:52:24.033,0.93703,0.93729,1.00,1.00
2018.03.08 14:52:32.415,0.93702,0.93726,1.00,1.00
2018.03.08 14:52:33.621,0.93705,0.9373,1.00,1.00
2018.03.08 14:52:34.878,0.93704,0.93728,1.00,1.00
2018.03.08 14:52:38.853,0.93705,0.93729,1.00,1.00
2018.03.08 14:52:39.550,0.93705,0.9373,1.00,1.00
2018.03.08 14:52:40.647,0.93704,0.93727,1.00,1.00
2018.03.08 14:52:40.748,0.93699,0.93723,1.00,1.00
2018.03.08 14:52:40.799,0.93696,0.93722,1.00,1.00
2018.03.08 14:52:40.850,0.93699,0.93723,1.00,1.00
2018.03.08 14:52:41.610,0.93697,0.93723,1.00,1.00
2018.03.08 14:52:41.927,0.93698,0.93721,1.00,1.00
2018.03.08 14:52:42.522,0.93697,0.9372,1.00,1.00
2018.03.08 14:52:42.573,0.93697,0.93722,1.00,1.00
2018.03.08 14:52:44.328,0.93696,0.93721,1.00,1.00
2018.03.08 14:52:44.480,0.93698,0.93721,1.00,1.00
2018.03.08 14:52:44.531,0.93697,0.93723,1.00,1.00
2018.03.08 14:52:44.722,0.93699,0.93722,1.00,1.00
2018.03.08 14:52:44.919,0.93702,0.93726,1.00,1.50
2018.03.08 14:52:45.435,0.93703,0.93727,1.00,1.00
2018.03.08 14:52:45.866,0.937,0.93726,1.00,1.00
2018.03.08 14:52:45.917,0.93704,0.93727,1.00,1.00
2018.03.08 14:52:47.222,0.93702,0.93727,1.00,1.00
2018.03.08 14:52:47.324,0.93702,0.93725,1.00,1.00
2018.03.08 14:52:47.597,0.93702,0.93727,1.00,1.00
2018.03.08 14:52:47.708,0.93698,0.93724,1.00,1.00
2018.03.08 14:52:48.035,0.937,0.93723,1.00,1.00
2018.03.08 14:52:48.086,0.93701,0.93725,1.00,1.00
2018.03.08 14:52:48.137,0.93703,0.93726,1.00,1.00
2018.03.08 14:52:49.978,0.93702,0.93725,1.00,1.00
2018.03.08 14:52:50.314,0.937,0.93726,1.00,1.00
2018.03.08 14:52:51.177,0.93701,0.93727,1.00,1.00
2018.03.08 14:52:51.228,0.93701,0.93725,1.00,1.00
2018.03.08 14:52:51.533,0.93703,0.93727,1.00,1.00
2018.03.08 14:52:53.102,0.93701,0.93727,1.00,1.50
2018.03.08 14:52:53.394,0.93704,0.93728,1.00,1.50
2018.03.08 14:52:53.761,0.93701,0.93725,1.00,1.00
2018.03.08 14:52:56.121,0.93702,0.93726,1.00,1.00
2018.03.08 14:52:57.018,0.93704,0.93728,1.00,1.00
2018.03.08 14:52:57.119,0.93702,0.93727,1.00,1.00
2018.03.08 14:52:57.239,0.93704,0.93728,1.00,1.00
2018.03.08 14:52:57.393,0.93702,0.93729,1.00,1.00
2018.03.08 14:52:57.742,0.93702,0.93726,1.00,1.00
2018.03.08 14:52:59.837,0.93703,0.93728,1.00,1.12
2018.03.08 14:53:00.193,0.93705,0.93728,1.00,1.00
2018.03.08 14:53:01.450,0.93701,0.93727,1.00,1.00
2018.03.08 14:53:01.782,0.93703,0.93727,1.00,1.00
2018.03.08 14:53:02.399,0.93702,0.93726,1.00,1.00
2018.03.08 14:53:02.975,0.93699,0.93725,1.00,1.00
2018.03.08 14:53:03.481,0.93698,0.93724,1.00,1.00
2018.03.08 14:53:04.057,0.93701,0.93724,1.00,1.00
2018.03.08 14:53:04.702,0.93703,0.93727,1.00,1.00
2018.03.08 14:53:04.753,0.93701,0.93727,1.00,1.00
2018.03.08 14:53:05.021,0.93703,0.93727,1.00,1.00
2018.03.08 14:53:05.527,0.93702,0.93728,1.00,1.00
2018.03.08 14:53:05.901,0.93701,0.93726,1.00,1.00
2018.03.08 14:53:06.417,0.93703,0.93729,1.00,1.00
2018.03.08 14:53:06.518,0.93707,0.93731,1.00,1.00
2018.03.08 14:53:06.762,0.93707,0.93733,1.00,1.00
2018.03.08 14:53:08.462,0.93708,0.93733,1.00,1.00
2018.03.08 14:53:09.130,0.93707,0.93732,1.00,1.00
2018.03.08 14:53:09.835,0.93706,0.93732,1.00,1.00
2018.03.08 14:53:09.936,0.93706,0.9373,1.00,1.00
2018.03.08 14:53:10.514,0.93707,0.93731,1.00,1.00
2018.03.08 14:53:10.947,0.9371,0.93733,1.00,1.00
2018.03.08 14:53:11.375,0.93706,0.9373,1.00,1.00
2018.03.08 14:53:11.577,0.93707,0.93732,1.00,1.00
2018.03.08 14:53:12.103,0.93708,0.93733,1.00,1.00
2018.03.08 14:53:13.905,0.93706,0.93732,1.00,1.00
2018.03.08 14:53:15.495,0.93706,0.93732,1.00,3.00
2018.03.08 14:53:15.596,0.93703,0.93727,1.00,1.00
2018.03.08 14:53:15.748,0.93705,0.93731,1.00,1.12
2018.03.08 14:53:16.543,0.93703,0.93728,1.00,1.00
2018.03.08 14:53:17.056,0.93704,0.93727,1.00,1.00
2018.03.08 14:53:19.209,0.93702,0.93726,1.00,1.00
2018.03.08 14:53:19.873,0.93702,0.93727,1.00,1.12
2018.03.08 14:53:21.120,0.93702,0.93728,1.00,2.25
2018.03.08 14:53:22.076,0.93702,0.93728,1.00,3.00
2018.03.08 14:53:23.611,0.937,0.93724,1.00,1.00
2018.03.08 14:53:24.529,0.93699,0.93722,1.12,1.00
2018.03.08 14:53:25.262,0.93699,0.93722,1.50,1.00
2018.03.08 14:53:25.724,0.93701,0.93724,1.00,1.00
2018.03.08 14:53:25.774,0.93697,0.9372,1.00,1.50
2018.03.08 14:53:25.905,0.93695,0.93718,1.00,1.00
2018.03.08 14:53:25.956,0.93695,0.93721,1.00,1.00
2018.03.08 14:53:26.157,0.93697,0.9372,1.00,1.00
2018.03.08 14:53:26.779,0.93692,0.93715,1.00,1.00
2018.03.08 14:53:26.830,0.93694,0.93718,1.00,1.00
2018.03.08 14:53:27.037,0.93692,0.93715,1.00,1.00
2018.03.08 14:53:27.140,0.93692,0.93718,1.00,1.00
2018.03.08 14:53:27.191,0.93691,0.93716,1.00,1.00
2018.03.08 14:53:28.017,0.93692,0.93717,1.00,1.00
2018.03.08 14:53:28.321,0.9369,0.93715,1.00,1.00
2018.03.08 14:53:28.925,0.9369,0.93715,1.00,1.37
2018.03.08 14:53:29.468,0.93689,0.93713,1.00,1.00
2018.03.08 14:53:29.996,0.93688,0.93713,1.00,1.00
2018.03.08 14:53:30.348,0.93688,0.93711,1.00,1.00
2018.03.08 14:53:33.940,0.93686,0.93711,1.00,1.00
2018.03.08 14:53:34.802,0.93688,0.93712,1.00,1.00
2018.03.08 14:53:35.403,0.93687,0.93711,1.00,1.00
2018.03.08 14:53:35.776,0.93688,0.93713,1.00,1.00
2018.03.08 14:53:36.967,0.93687,0.93711,1.00,1.00
2018.03.08 14:53:37.557,0.93685,0.93709,1.00,1.00
2018.03.08 14:53:37.765,0.93682,0.93708,1.00,1.00
2018.03.08 14:53:38.975,0.93681,0.93707,1.00,1.00
2018.03.08 14:53:39.563,0.93682,0.93707,1.00,1.00
2018.03.08 14:53:40.138,0.93681,0.93707,1.00,1.00
2018.03.08 14:53:41.827,0.93685,0.93708,1.00,1.00
2018.03.08 14:53:41.878,0.93683,0.93707,1.00,1.00
2018.03.08 14:53:42.562,0.93685,0.93711,1.00,1.00
2018.03.08 14:53:43.351,0.93687,0.93711,1.00,1.00
2018.03.08 14:53:43.615,0.93682,0.93708,1.00,1.00
2018.03.08 14:53:43.800,0.93684,0.93709,1.00,1.00
2018.03.08 14:53:46.637,0.93683,0.93706,1.00,1.00
2018.03.08 14:53:49.986,0.93683,0.93705,1.00,1.00
2018.03.08 14:53:50.882,0.93684,0.93706,1.00,1.00
2018.03.08 14:53:51.389,0.93683,0.93706,1.00,1.00
2018.03.08 14:53:51.807,0.93682,0.93704,1.00,1.00
2018.03.08 14:53:52.336,0.93681,0.93703,1.00,1.00
2018.03.08 14:53:53.555,0.93682,0.93703,1.00,1.00
2018.03.08 14:53:54.900,0.9368,0.93701,1.00,1.00
2018.03.08 14:53:54.951,0.93678,0.937,1.00,1.00
2018.03.08 14:53:55.142,0.93675,0.93699,1.00,1.00
2018.03.08 14:53:55.194,0.93675,0.93697,1.00,1.00
2018.03.08 14:53:55.550,0.93678,0.937,1.00,1.00
2018.03.08 14:53:55.602,0.93675,0.93699,1.00,1.00
2018.03.08 14:53:55.978,0.93677,0.93699,1.00,1.00
2018.03.08 14:53:56.308,0.93675,0.93697,1.00,1.00
2018.03.08 14:53:56.690,0.93674,0.93695,1.00,1.00
2018.03.08 14:53:56.740,0.93674,0.93697,1.00,1.00
2018.03.08 14:53:57.168,0.93672,0.93696,1.00,1.00
2018.03.08 14:53:57.723,0.93671,0.93695,1.00,1.00
2018.03.08 14:53:58.065,0.93673,0.93694,1.00,1.00
2018.03.08 14:53:58.447,0.93676,0.93699,1.00,1.00
2018.03.08 14:53:58.598,0.93676,0.93697,1.00,1.00
2018.03.08 14:53:58.701,0.93679,0.93703,1.00,1.00
2018.03.08 14:53:58.753,0.93682,0.93703,1.00,1.00
2018.03.08 14:53:59.269,0.93677,0.93699,1.00,1.00
2018.03.08 14:53:59.322,0.93678,0.93701,1.00,1.00
2018.03.08 14:53:59.849,0.93678,0.937,1.00,1.00
2018.03.08 14:54:00.096,0.9368,0.93702,1.12,1.00
2018.03.08 14:54:00.147,0.93681,0.93705,1.00,1.00
2018.03.08 14:54:00.198,0.93683,0.93705,1.00,1.00
2018.03.08 14:54:02.262,0.93682,0.93704,1.00,1.00
2018.03.08 14:54:02.879,0.93682,0.93706,1.00,1.00
2018.03.08 14:54:02.981,0.93684,0.93708,1.00,1.00
2018.03.08 14:54:03.300,0.9369,0.93711,1.00,1.00
2018.03.08 14:54:03.506,0.93694,0.93716,1.00,1.00
2018.03.08 14:54:03.609,0.93688,0.93712,3.00,1.00
2018.03.08 14:54:04.507,0.93688,0.93712,1.50,1.00
2018.03.08 14:54:05.113,0.93689,0.93713,1.75,1.00
2018.03.08 14:54:05.347,0.93689,0.93712,1.00,1.00
2018.03.08 14:54:05.398,0.93687,0.93711,1.00,1.00
2018.03.08 14:54:05.500,0.93687,0.93709,1.00,1.00
2018.03.08 14:54:05.856,0.93689,0.9371,1.50,1.00
2018.03.08 14:54:06.389,0.93688,0.93711,3.00,1.00
2018.03.08 14:54:06.641,0.93692,0.93714,1.00,1.00
2018.03.08 14:54:06.691,0.93694,0.93715,1.50,1.00
2018.03.08 14:54:06.792,0.93695,0.93717,1.12,1.00
2018.03.08 14:54:07.000,0.93696,0.93719,1.00,1.00
2018.03.08 14:54:07.051,0.93696,0.93721,1.00,1.00
2018.03.08 14:54:07.455,0.93697,0.93718,1.00,1.00
2018.03.08 14:54:08.632,0.93696,0.93718,1.00,1.00
2018.03.08 14:54:09.165,0.93696,0.93719,1.00,1.00
2018.03.08 14:54:09.978,0.93698,0.93719,1.00,1.00
2018.03.08 14:54:10.081,0.93698,0.93722,1.00,1.00
2018.03.08 14:54:10.132,0.937,0.93724,1.50,1.00
2018.03.08 14:54:10.658,0.93702,0.93726,1.00,1.00
2018.03.08 14:54:10.961,0.93699,0.93722,1.00,1.00
2018.03.08 14:54:11.303,0.93702,0.93723,1.00,1.00
2018.03.08 14:54:11.890,0.93703,0.93724,1.00,1.00
2018.03.08 14:54:11.992,0.93701,0.93723,1.00,1.00
2018.03.08 14:54:12.043,0.93704,0.93726,1.00,1.00
2018.03.08 14:54:12.591,0.93704,0.93725,1.00,1.00
2018.03.08 14:54:12.896,0.93703,0.93727,1.00,1.00
2018.03.08 14:54:13.082,0.93705,0.93729,1.00,1.00
2018.03.08 14:54:13.412,0.93701,0.93724,1.00,1.00
2018.03.08 14:54:13.724,0.93705,0.93729,1.00,1.50
2018.03.08 14:54:13.775,0.93705,0.93727,1.00,1.00
2018.03.08 14:54:14.278,0.93704,0.93728,1.00,1.00
2018.03.08 14:54:14.591,0.93708,0.9373,1.00,1.00
2018.03.08 14:54:14.700,0.93706,0.93729,1.00,1.00
2018.03.08 14:54:15.009,0.93708,0.9373,1.00,1.00
2018.03.08 14:54:15.285,0.93713,0.93737,1.00,1.50
2018.03.08 14:54:15.503,0.93713,0.93735,1.00,1.00
2018.03.08 14:54:15.913,0.93713,0.93737,1.00,1.00
2018.03.08 14:54:16.018,0.9371,0.93735,1.12,1.00
2018.03.08 14:54:16.148,0.9371,0.93733,1.12,1.00
2018.03.08 14:54:16.613,0.9371,0.93735,1.12,1.00
2018.03.08 14:54:16.823,0.93708,0.93733,1.75,1.00
2018.03.08 14:54:17.164,0.93714,0.93738,1.12,1.00
2018.03.08 14:54:17.215,0.93719,0.93741,1.00,1.00
2018.03.08 14:54:17.416,0.93715,0.93739,1.00,1.00
2018.03.08 14:54:17.959,0.93718,0.93742,1.12,1.00
2018.03.08 14:54:18.299,0.93714,0.93737,1.75,1.00
2018.03.08 14:54:18.660,0.93712,0.93733,1.00,1.00
2018.03.08 14:54:18.711,0.93713,0.93736,1.00,1.00
2018.03.08 14:54:19.065,0.93718,0.93739,1.00,1.00
2018.03.08 14:54:20.118,0.93719,0.93739,1.00,1.00
2018.03.08 14:54:20.339,0.93717,0.93739,1.00,1.00
2018.03.08 14:54:20.775,0.93716,0.93737,1.00,1.00
2018.03.08 14:54:20.991,0.9371,0.93732,1.00,1.00
2018.03.08 14:54:21.145,0.93713,0.93734,1.00,1.00
2018.03.08 14:54:21.759,0.93713,0.93735,1.00,1.00
2018.03.08 14:54:22.303,0.93715,0.93739,1.00,1.50
2018.03.08 14:54:22.404,0.93716,0.93737,1.00,1.00
2018.03.08 14:54:22.506,0.93716,0.9374,1.00,1.00
2018.03.08 14:54:22.829,0.93711,0.93733,1.00,1.00
2018.03.08 14:54:22.930,0.93711,0.93736,1.00,1.00
2018.03.08 14:54:23.156,0.93715,0.93736,1.00,1.00
2018.03.08 14:54:23.598,0.93712,0.93734,1.00,1.00
2018.03.08 14:54:23.649,0.9371,0.93734,1.12,1.00
2018.03.08 14:54:23.837,0.93708,0.93732,1.75,1.00
2018.03.08 14:54:24.190,0.93712,0.93734,1.00,1.00
2018.03.08 14:54:24.494,0.93713,0.93736,1.00,1.00
2018.03.08 14:54:24.708,0.93715,0.93737,1.00,1.00
2018.03.08 14:54:25.169,0.93717,0.93738,1.00,1.00
2018.03.08 14:54:25.341,0.93717,0.9374,1.00,1.50
2018.03.08 14:54:26.175,0.93718,0.93742,1.00,1.00
2018.03.08 14:54:26.233,0.93726,0.93744,1.00,1.00
2018.03.08 14:54:26.284,0.93726,0.93746,1.00,1.00
2018.03.08 14:54:26.336,0.93727,0.9375,1.00,1.00
2018.03.08 14:54:26.437,0.93729,0.93752,1.00,1.00
2018.03.08 14:54:26.785,0.93728,0.9375,1.00,1.50
2018.03.08 14:54:26.990,0.93729,0.93752,1.00,1.00
2018.03.08 14:54:27.125,0.93725,0.93748,1.00,1.00
2018.03.08 14:54:27.532,0.93729,0.93752,1.00,1.00
2018.03.08 14:54:28.049,0.9373,0.93751,1.00,1.00
2018.03.08 14:54:28.446,0.93728,0.9375,1.00,1.00
2018.03.08 14:54:28.779,0.93726,0.93748,1.00,1.00
2018.03.08 14:54:29.402,0.93727,0.9375,1.00,1.00
2018.03.08 14:54:29.453,0.93732,0.93752,1.00,1.50
2018.03.08 14:54:29.504,0.93726,0.93749,1.50,1.00
2018.03.08 14:54:29.617,0.93727,0.93751,1.00,1.50
2018.03.08 14:54:29.930,0.93726,0.93749,1.50,1.00
2018.03.08 14:54:30.466,0.93726,0.9375,1.50,1.00
2018.03.08 14:54:31.103,0.93726,0.93749,1.50,1.00
2018.03.08 14:54:31.256,0.93733,0.93758,1.00,1.50
2018.03.08 14:54:31.357,0.93736,0.93758,1.00,1.50
2018.03.08 14:54:31.408,0.93734,0.93757,1.00,1.00
2018.03.08 14:54:31.459,0.93734,0.93759,1.00,1.00
2018.03.08 14:54:31.561,0.93732,0.93756,1.00,1.00
2018.03.08 14:54:32.212,0.93733,0.93754,1.00,1.00
2018.03.08 14:54:32.516,0.93724,0.93745,1.00,1.35
2018.03.08 14:54:32.568,0.93717,0.93739,1.00,1.00
2018.03.08 14:54:32.758,0.93715,0.93737,1.00,1.00
2018.03.08 14:54:32.985,0.93713,0.93736,1.12,1.00
2018.03.08 14:54:33.035,0.93716,0.93737,1.00,1.00
2018.03.08 14:54:33.187,0.93729,0.93752,1.00,1.00
2018.03.08 14:54:33.311,0.93731,0.93753,1.00,1.00
2018.03.08 14:54:33.462,0.93732,0.93756,1.00,1.00
2018.03.08 14:54:33.993,0.93733,0.93756,1.00,1.00
2018.03.08 14:54:34.504,0.93731,0.93756,3.00,1.00
2018.03.08 14:54:34.735,0.93734,0.93758,1.12,1.00
2018.03.08 14:54:35.426,0.93735,0.93758,1.50,1.00
2018.03.08 14:54:35.551,0.93735,0.93756,1.00,1.00
2018.03.08 14:54:35.948,0.93731,0.93755,1.00,1.00
2018.03.08 14:54:36.298,0.93731,0.93753,1.00,1.00
2018.03.08 14:54:36.401,0.93732,0.93755,1.00,1.00
2018.03.08 14:54:36.602,0.93732,0.93757,1.00,1.00
2018.03.08 14:54:36.704,0.93731,0.93754,1.00,1.00
2018.03.08 14:54:37.030,0.93734,0.93757,3.00,1.00
2018.03.08 14:54:37.230,0.93733,0.93757,1.00,1.00
2018.03.08 14:54:37.736,0.93734,0.93756,1.00,1.00
2018.03.08 14:54:37.787,0.93734,0.93759,1.00,1.00
2018.03.08 14:54:37.837,0.93733,0.93756,1.00,1.00
2018.03.08 14:54:38.088,0.93733,0.93758,1.00,1.00
2018.03.08 14:54:38.590,0.93734,0.93758,1.00,1.00
2018.03.08 14:54:39.137,0.93735,0.93758,1.00,1.00
2018.03.08 14:54:39.692,0.93738,0.93761,1.00,1.00
2018.03.08 14:54:39.746,0.93735,0.9376,1.12,1.00
2018.03.08 14:54:39.797,0.93743,0.93764,3.00,1.00
2018.03.08 14:54:39.848,0.93743,0.93766,3.00,1.00
2018.03.08 14:54:39.899,0.93743,0.93766,1.00,1.00
2018.03.08 14:54:39.950,0.9374,0.93765,1.00,1.00
2018.03.08 14:54:40.002,0.9374,0.93763,1.00,1.00
2018.03.08 14:54:40.351,0.93736,0.93759,1.00,1.00
2018.03.08 14:54:40.760,0.93734,0.93759,1.00,1.00
2018.03.08 14:54:40.912,0.93736,0.93761,1.00,1.00
2018.03.08 14:54:41.239,0.93735,0.93758,3.00,1.00
2018.03.08 14:54:41.443,0.93736,0.9376,1.50,1.00
2018.03.08 14:54:41.719,0.93742,0.93765,1.00,1.00
2018.03.08 14:54:42.073,0.93741,0.93763,1.00,1.00
2018.03.08 14:54:42.624,0.93743,0.93765,1.00,1.00
2018.03.08 14:54:42.770,0.93743,0.93767,1.00,1.00
2018.03.08 14:54:42.820,0.93746,0.93767,1.00,1.00
2018.03.08 14:54:43.765,0.93745,0.93766,1.00,1.00
2018.03.08 14:54:44.161,0.93747,0.93768,1.00,1.00
2018.03.08 14:54:44.265,0.93745,0.93769,1.00,1.00
2018.03.08 14:54:44.418,0.93745,0.93767,1.00,1.00
2018.03.08 14:54:44.805,0.93742,0.93764,1.00,1.00
2018.03.08 14:54:45.108,0.93744,0.93765,1.00,1.00
2018.03.08 14:54:45.597,0.93745,0.93767,1.00,1.00
2018.03.08 14:54:45.647,0.93747,0.93768,1.00,1.00
2018.03.08 14:54:45.948,0.93744,0.93767,1.00,1.00
2018.03.08 14:54:46.102,0.93747,0.93768,1.00,1.00
2018.03.08 14:54:46.359,0.93745,0.93767,1.00,1.00
2018.03.08 14:54:46.409,0.93744,0.93764,1.00,1.00
2018.03.08 14:54:46.736,0.93747,0.93767,1.00,1.00
2018.03.08 14:54:47.092,0.93745,0.93767,1.00,1.00
2018.03.08 14:54:47.551,0.93745,0.93765,1.00,1.00
2018.03.08 14:54:47.703,0.93741,0.93764,1.00,1.00
2018.03.08 14:54:47.831,0.93736,0.93759,1.00,1.00
2018.03.08 14:54:48.134,0.93733,0.93753,1.00,1.00
2018.03.08 14:54:48.493,0.93731,0.93753,1.00,1.00
2018.03.08 14:54:48.544,0.93733,0.93755,1.00,1.00
2018.03.08 14:54:48.748,0.93728,0.93751,1.00,1.00
2018.03.08 14:54:48.799,0.93726,0.93749,1.00,1.00
2018.03.08 14:54:49.144,0.9373,0.93751,1.00,1.00
2018.03.08 14:54:49.644,0.93732,0.93753,1.00,1.00
2018.03.08 14:54:49.948,0.93729,0.93752,1.00,1.00
2018.03.08 14:54:50.050,0.93729,0.9375,1.00,1.00
2018.03.08 14:54:50.489,0.93729,0.93752,1.00,1.00
2018.03.08 14:54:50.540,0.93731,0.93752,1.00,1.00
2018.03.08 14:54:50.591,0.93731,0.93754,1.00,1.00
2018.03.08 14:54:51.189,0.93729,0.9375,1.00,1.00
2018.03.08 14:54:51.544,0.93726,0.93749,1.00,1.00
2018.03.08 14:54:51.645,0.93728,0.93751,1.00,1.00
2018.03.08 14:54:51.958,0.93732,0.93754,1.00,1.00
2018.03.08 14:54:52.400,0.93734,0.93754,1.00,1.00
2018.03.08 14:54:53.099,0.9373,0.93753,1.00,1.00
2018.03.08 14:54:53.150,0.93732,0.93752,1.00,1.00
2018.03.08 14:54:53.202,0.93734,0.93756,1.00,1.00
2018.03.08 14:54:53.339,0.93732,0.93755,1.00,1.00
2018.03.08 14:54:53.492,0.93732,0.93753,1.00,1.00
2018.03.08 14:54:54.048,0.93728,0.93751,1.00,1.00
2018.03.08 14:54:54.344,0.93728,0.93749,1.00,1.00
2018.03.08 14:54:54.496,0.93727,0.93751,1.00,1.00
2018.03.08 14:54:54.546,0.93729,0.93752,1.00,1.00
2018.03.08 14:54:54.934,0.93727,0.9375,1.00,1.00
2018.03.08 14:54:55.641,0.93732,0.93754,1.00,1.00
2018.03.08 14:54:55.982,0.93727,0.93746,1.50,1.00
2018.03.08 14:54:56.083,0.93724,0.93747,1.00,1.00
2018.03.08 14:54:56.134,0.93723,0.93745,1.00,1.00
2018.03.08 14:54:56.541,0.93723,0.93749,1.00,1.00
2018.03.08 14:54:56.591,0.93725,0.93747,1.00,1.00
2018.03.08 14:54:56.963,0.93724,0.93745,1.00,1.00
2018.03.08 14:54:57.064,0.93722,0.93746,1.00,1.00
2018.03.08 14:54:57.850,0.93724,0.93746,1.00,1.00
2018.03.08 14:54:58.474,0.93725,0.93747,1.00,1.00
2018.03.08 14:54:58.821,0.93723,0.93747,1.00,1.00
2018.03.08 14:54:58.922,0.93726,0.9375,1.00,1.00
2018.03.08 14:54:59.301,0.93729,0.93753,1.00,1.00
2018.03.08 14:55:00.100,0.9373,0.93752,1.00,1.00
2018.03.08 14:55:00.405,0.93733,0.93754,1.00,1.00
2018.03.08 14:55:00.457,0.93733,0.93756,1.00,1.00
2018.03.08 14:55:00.815,0.93732,0.93754,1.00,1.00
2018.03.08 14:55:01.133,0.93734,0.93756,1.00,1.00
2018.03.08 14:55:01.528,0.93731,0.93752,1.00,1.00
2018.03.08 14:55:01.579,0.93728,0.93752,1.50,1.00
2018.03.08 14:55:01.632,0.93727,0.9375,1.00,1.00
2018.03.08 14:55:01.989,0.93717,0.93742,1.00,1.00
2018.03.08 14:55:02.161,0.93717,0.9374,1.00,1.00
2018.03.08 14:55:02.673,0.93715,0.9374,1.00,1.00
2018.03.08 14:55:02.724,0.93717,0.9374,1.00,1.00
2018.03.08 14:55:03.241,0.93715,0.9374,1.00,1.00
2018.03.08 14:55:03.396,0.93715,0.93738,1.00,1.00
2018.03.08 14:55:04.032,0.93716,0.93739,1.00,1.00
2018.03.08 14:55:04.343,0.93714,0.93736,1.00,1.00
2018.03.08 14:55:04.688,0.93716,0.93738,1.00,1.00
2018.03.08 14:55:05.062,0.93713,0.93737,1.00,1.00
2018.03.08 14:55:05.163,0.93711,0.93735,1.50,1.00
2018.03.08 14:55:05.513,0.93713,0.93735,1.00,1.00
2018.03.08 14:55:05.817,0.93715,0.93736,1.00,1.00
2018.03.08 14:55:05.986,0.93716,0.93738,1.00,1.00
2018.03.08 14:55:06.509,0.93715,0.93739,1.00,1.00
2018.03.08 14:55:06.611,0.93717,0.9374,1.00,1.00
2018.03.08 14:55:06.914,0.93714,0.93735,1.00,1.00
2018.03.08 14:55:07.093,0.93714,0.93738,1.00,1.00
2018.03.08 14:55:07.145,0.93713,0.93734,1.00,1.00
2018.03.08 14:55:07.200,0.93711,0.93734,1.50,1.00
2018.03.08 14:55:07.344,0.93712,0.93736,1.00,1.00
2018.03.08 14:55:08.340,0.93713,0.93737,1.00,1.00
2018.03.08 14:55:08.720,0.93713,0.93734,1.00,1.00
2018.03.08 14:55:08.810,0.93709,0.93731,1.00,1.00
2018.03.08 14:55:08.865,0.93711,0.93733,1.00,1.00
2018.03.08 14:55:09.199,0.93711,0.93735,1.00,1.00
2018.03.08 14:55:09.709,0.93709,0.93733,1.00,1.00
2018.03.08 14:55:10.252,0.93709,0.93732,1.00,1.00
2018.03.08 14:55:10.842,0.93709,0.93733,1.00,1.00
2018.03.08 14:55:11.356,0.93709,0.93731,1.00,1.00
2018.03.08 14:55:11.559,0.93707,0.9373,1.00,1.00
2018.03.08 14:55:12.115,0.93706,0.9373,1.00,1.00
2018.03.08 14:55:13.352,0.93706,0.93728,1.00,1.00
2018.03.08 14:55:13.573,0.93706,0.9373,1.00,1.00
2018.03.08 14:55:13.785,0.93708,0.9373,1.00,1.00
2018.03.08 14:55:14.305,0.93706,0.93729,1.00,1.00
2018.03.08 14:55:15.260,0.9371,0.93731,1.00,1.00
2018.03.08 14:55:16.086,0.93712,0.93733,1.00,1.00
2018.03.08 14:55:16.138,0.93712,0.93735,1.00,1.00
2018.03.08 14:55:16.239,0.93714,0.93735,1.00,1.00
2018.03.08 14:55:16.290,0.93714,0.93738,1.00,1.00
2018.03.08 14:55:17.013,0.93716,0.93738,1.00,1.00
2018.03.08 14:55:17.215,0.93714,0.93737,1.00,1.00
2018.03.08 14:55:18.448,0.93712,0.93735,1.00,1.00
2018.03.08 14:55:18.788,0.93709,0.93731,1.00,1.00
2018.03.08 14:55:19.437,0.93708,0.93729,1.00,1.00
2018.03.08 14:55:19.965,0.93706,0.93729,1.00,1.00
2018.03.08 14:55:20.123,0.93708,0.93729,1.00,1.00
2018.03.08 14:55:20.174,0.93707,0.93731,1.00,1.00
2018.03.08 14:55:20.740,0.93707,0.9373,1.00,1.00
2018.03.08 14:55:21.477,0.93706,0.93729,1.00,1.00
2018.03.08 14:55:22.205,0.93707,0.9373,1.00,1.00
2018.03.08 14:55:22.746,0.93708,0.93729,1.00,1.00
2018.03.08 14:55:24.403,0.9371,0.93731,1.00,1.00
2018.03.08 14:55:24.454,0.93708,0.93731,1.00,1.00
2018.03.08 14:55:26.075,0.93707,0.93728,1.00,1.00
2018.03.08 14:55:26.592,0.93709,0.9373,1.00,1.00
2018.03.08 14:55:26.643,0.93709,0.93732,1.00,1.00
2018.03.08 14:55:27.156,0.9371,0.93732,1.00,1.00
2018.03.08 14:55:27.559,0.93711,0.93735,1.00,1.00
2018.03.08 14:55:27.660,0.93708,0.93732,1.00,1.00
2018.03.08 14:55:28.075,0.93707,0.93728,1.00,1.00
2018.03.08 14:55:28.626,0.93706,0.93727,1.00,1.00
2018.03.08 14:55:29.128,0.93707,0.93728,1.00,1.00
2018.03.08 14:55:29.725,0.93706,0.93727,1.00,1.00
2018.03.08 14:55:31.738,0.93698,0.93722,1.00,1.00
2018.03.08 14:55:31.889,0.93697,0.9372,1.00,1.00
2018.03.08 14:55:32.263,0.93699,0.93722,1.00,1.00
2018.03.08 14:55:32.574,0.93702,0.93725,1.00,1.00
2018.03.08 14:55:32.745,0.9371,0.93735,1.00,1.00
2018.03.08 14:55:33.183,0.9371,0.93733,1.00,1.00
2018.03.08 14:55:33.551,0.9371,0.93731,1.00,1.00
2018.03.08 14:55:35.060,0.93709,0.93732,1.00,1.00
2018.03.08 14:55:35.364,0.93711,0.93732,1.00,1.00
2018.03.08 14:55:35.731,0.93714,0.93735,1.00,1.00
2018.03.08 14:55:36.071,0.93718,0.93739,1.00,1.00
2018.03.08 14:55:36.423,0.93718,0.93741,1.00,1.00
2018.03.08 14:55:37.555,0.93718,0.93739,1.00,1.00
2018.03.08 14:55:39.038,0.93717,0.93738,1.00,1.00
2018.03.08 14:55:39.464,0.93715,0.93738,1.00,1.00
2018.03.08 14:55:39.649,0.9372,0.93741,1.00,1.00
2018.03.08 14:55:39.700,0.93717,0.9374,1.00,1.00
2018.03.08 14:55:41.033,0.93716,0.93739,1.00,1.00
2018.03.08 14:55:41.837,0.93714,0.93737,1.00,1.00
2018.03.08 14:55:42.177,0.93716,0.93739,1.00,1.00
2018.03.08 14:55:42.695,0.93719,0.9374,1.00,1.00
2018.03.08 14:55:42.836,0.93717,0.93739,1.00,1.00
2018.03.08 14:55:43.925,0.93713,0.93735,1.00,1.00
2018.03.08 14:55:45.454,0.93716,0.93737,1.00,1.00
2018.03.08 14:55:46.184,0.93714,0.93737,1.00,1.00
2018.03.08 14:55:46.546,0.93715,0.93739,1.00,1.00
2018.03.08 14:55:46.877,0.93716,0.93737,1.00,1.00
2018.03.08 14:55:47.071,0.93714,0.93737,1.00,1.00
2018.03.08 14:55:47.123,0.93713,0.93735,1.50,1.00
2018.03.08 14:55:47.174,0.93711,0.93735,1.00,1.00
2018.03.08 14:55:47.225,0.93712,0.93733,1.00,1.00
2018.03.08 14:55:47.578,0.93713,0.93736,1.00,1.00
2018.03.08 14:55:47.679,0.93711,0.93735,1.00,1.00
2018.03.08 14:55:48.038,0.93713,0.93735,1.00,1.00
2018.03.08 14:55:49.725,0.93712,0.93733,1.00,1.00
2018.03.08 14:55:50.300,0.93712,0.93736,1.00,1.00
2018.03.08 14:55:50.399,0.93714,0.93737,1.00,1.00
2018.03.08 14:55:50.703,0.9371,0.93734,1.00,1.00
2018.03.08 14:55:50.754,0.9371,0.93732,1.00,1.00
2018.03.08 14:55:50.991,0.93708,0.93731,1.00,1.00
2018.03.08 14:55:51.337,0.93708,0.93733,1.00,1.00
2018.03.08 14:55:51.557,0.9371,0.93732,1.00,1.00
2018.03.08 14:55:51.924,0.93707,0.9373,1.00,1.00
2018.03.08 14:55:52.449,0.93709,0.93733,1.00,1.00
2018.03.08 14:55:52.501,0.93711,0.93732,1.00,1.00
2018.03.08 14:55:53.037,0.9371,0.93732,1.00,1.00
2018.03.08 14:55:53.508,0.93714,0.93735,1.00,1.00
2018.03.08 14:55:54.244,0.93712,0.93736,1.00,1.00
2018.03.08 14:55:54.968,0.93714,0.93736,1.00,1.00
2018.03.08 14:55:55.126,0.93715,0.9374,1.00,1.00
2018.03.08 14:55:55.227,0.93719,0.9374,1.00,1.00
2018.03.08 14:55:55.329,0.93719,0.93742,1.00,1.00
2018.03.08 14:55:55.639,0.93726,0.93747,1.00,1.00
2018.03.08 14:55:55.740,0.93727,0.9375,1.00,1.00
2018.03.08 14:55:56.498,0.93726,0.9375,1.00,1.00
2018.03.08 14:55:56.752,0.93724,0.93746,1.00,1.00
2018.03.08 14:55:56.803,0.93721,0.93744,1.00,1.00
2018.03.08 14:55:56.984,0.93723,0.93746,1.00,1.00
2018.03.08 14:55:57.567,0.93724,0.93745,1.00,1.00
2018.03.08 14:55:57.618,0.93724,0.93747,1.00,1.00
2018.03.08 14:55:58.074,0.93724,0.93745,1.00,1.00
2018.03.08 14:55:58.804,0.93725,0.93746,1.00,1.00
2018.03.08 14:55:58.855,0.93721,0.93743,1.00,1.00
2018.03.08 14:55:58.956,0.9372,0.93741,1.00,1.00
2018.03.08 14:55:59.263,0.93718,0.93741,1.00,1.00
2018.03.08 14:56:00.163,0.93716,0.93737,1.00,1.00
2018.03.08 14:56:00.214,0.93716,0.93739,1.00,1.00
2018.03.08 14:56:01.696,0.93718,0.93741,1.00,1.00
2018.03.08 14:56:01.997,0.93721,0.93744,1.00,1.00
2018.03.08 14:56:03.071,0.93719,0.93742,1.00,1.00
2018.03.08 14:56:03.535,0.93721,0.93744,1.00,1.00
2018.03.08 14:56:03.841,0.93723,0.93745,1.00,1.00
2018.03.08 14:56:05.647,0.93722,0.93743,1.00,1.00
2018.03.08 14:56:05.698,0.9372,0.93742,1.00,1.00
2018.03.08 14:56:05.983,0.93722,0.93743,1.00,1.00
2018.03.08 14:56:06.568,0.93721,0.93743,1.00,1.00
2018.03.08 14:56:07.149,0.93722,0.93745,1.00,1.00
2018.03.08 14:56:07.201,0.93724,0.93745,1.00,3.00
2018.03.08 14:56:07.351,0.93725,0.93746,1.00,1.12
2018.03.08 14:56:07.454,0.93722,0.9374,1.00,1.00
2018.03.08 14:56:07.608,0.93717,0.93739,1.50,1.00
2018.03.08 14:56:08.861,0.93714,0.93735,1.00,1.00
2018.03.08 14:56:11.487,0.93714,0.93737,1.00,1.00
2018.03.08 14:56:11.589,0.93715,0.93735,1.00,1.00
2018.03.08 14:56:12.545,0.93713,0.93734,1.00,1.00
2018.03.08 14:56:12.596,0.93711,0.93733,1.00,1.00
2018.03.08 14:56:14.524,0.93714,0.93736,1.00,1.00
2018.03.08 14:56:15.217,0.93715,0.93737,1.00,1.00
2018.03.08 14:56:15.593,0.93714,0.93735,1.00,1.00
2018.03.08 14:56:15.694,0.93708,0.93732,1.00,1.00
2018.03.08 14:56:15.746,0.93712,0.93732,1.00,1.00
2018.03.08 14:56:15.944,0.93709,0.93732,1.00,1.00
2018.03.08 14:56:16.745,0.93713,0.93735,1.00,1.00
2018.03.08 14:56:17.318,0.93713,0.93736,1.00,1.00
2018.03.08 14:56:17.624,0.93692,0.93715,1.00,1.00
2018.03.08 14:56:17.944,0.93694,0.93716,1.00,1.00
2018.03.08 14:56:18.146,0.93695,0.93718,1.00,1.00
2018.03.08 14:56:18.197,0.93698,0.93721,1.00,1.00
2018.03.08 14:56:18.544,0.93699,0.93719,1.00,1.00
2018.03.08 14:56:18.669,0.937,0.93721,1.00,1.00
2018.03.08 14:56:18.799,0.93695,0.93718,1.00,1.00
2018.03.08 14:56:19.008,0.93698,0.93719,1.00,1.00
2018.03.08 14:56:19.323,0.93701,0.93721,1.00,1.00
2018.03.08 14:56:19.425,0.93698,0.93721,1.00,1.00
2018.03.08 14:56:19.527,0.93694,0.93715,1.50,1.00
2018.03.08 14:56:19.877,0.93696,0.93717,1.00,1.00
2018.03.08 14:56:20.113,0.93697,0.9372,1.00,1.00
2018.03.08 14:56:21.050,0.93699,0.93721,1.00,1.00
2018.03.08 14:56:21.417,0.93698,0.93719,1.00,1.00
2018.03.08 14:56:21.671,0.93697,0.93721,1.00,1.00
2018.03.08 14:56:21.724,0.937,0.93721,1.00,1.00
2018.03.08 14:56:22.069,0.93698,0.93719,1.12,1.00
2018.03.08 14:56:22.350,0.93696,0.93719,1.00,1.00
2018.03.08 14:56:22.469,0.93698,0.9372,1.00,1.00
2018.03.08 14:56:23.043,0.937,0.9372,1.00,1.00
2018.03.08 14:56:23.181,0.93698,0.9372,1.00,1.00
2018.03.08 14:56:23.232,0.93696,0.93718,1.50,1.00
2018.03.08 14:56:23.538,0.93701,0.93721,1.00,1.00
2018.03.08 14:56:24.125,0.93701,0.93719,1.00,1.00
2018.03.08 14:56:24.200,0.93699,0.93719,1.00,1.00
2018.03.08 14:56:24.304,0.93699,0.93721,1.00,1.00
2018.03.08 14:56:24.850,0.93699,0.93722,1.00,1.00
2018.03.08 14:56:25.032,0.93701,0.93721,1.00,1.00
2018.03.08 14:56:25.083,0.93699,0.93721,1.00,1.00
2018.03.08 14:56:25.133,0.93701,0.93721,1.00,1.00
2018.03.08 14:56:25.674,0.93702,0.93722,1.00,1.00
2018.03.08 14:56:26.229,0.93703,0.93723,1.00,1.00
2018.03.08 14:56:26.727,0.93699,0.93722,1.00,1.00
2018.03.08 14:56:27.113,0.93701,0.93723,1.00,1.00
2018.03.08 14:56:28.628,0.937,0.93721,1.00,1.00
2018.03.08 14:56:29.192,0.93699,0.9372,1.00,1.00
2018.03.08 14:56:29.694,0.93698,0.93719,1.00,1.00
2018.03.08 14:56:29.864,0.93699,0.93721,1.00,1.00
2018.03.08 14:56:29.914,0.93699,0.93719,1.00,1.00
2018.03.08 14:56:29.965,0.93697,0.93719,1.00,1.00
2018.03.08 14:56:30.016,0.93696,0.93716,1.00,1.00
2018.03.08 14:56:30.487,0.93697,0.93718,1.00,1.00
2018.03.08 14:56:30.640,0.93699,0.93719,1.00,1.00
2018.03.08 14:56:30.965,0.93701,0.93724,1.00,1.00
2018.03.08 14:56:31.674,0.93704,0.93724,1.00,1.00
2018.03.08 14:56:31.876,0.93702,0.93723,1.00,1.00
2018.03.08 14:56:32.424,0.93703,0.93724,1.00,1.00
2018.03.08 14:56:32.890,0.93701,0.93721,1.00,1.00
2018.03.08 14:56:33.196,0.93704,0.93724,1.00,1.00
2018.03.08 14:56:33.339,0.93704,0.93727,1.00,1.00
2018.03.08 14:56:34.147,0.93704,0.93729,1.00,1.00
2018.03.08 14:56:35.312,0.93705,0.93727,1.00,1.00
2018.03.08 14:56:35.414,0.93706,0.9373,1.00,1.00
2018.03.08 14:56:35.465,0.93708,0.9373,1.00,1.00
2018.03.08 14:56:35.753,0.93706,0.9373,1.00,1.00
2018.03.08 14:56:35.938,0.93708,0.9373,1.00,1.00
2018.03.08 14:56:36.014,0.93706,0.9373,1.00,1.00
2018.03.08 14:56:36.494,0.93708,0.93731,1.00,1.00
2018.03.08 14:56:36.892,0.9371,0.93732,1.00,1.00
2018.03.08 14:56:37.412,0.93716,0.93736,1.00,1.00
2018.03.08 14:56:37.514,0.93719,0.93743,1.00,1.00
2018.03.08 14:56:37.565,0.93719,0.93741,1.00,1.00
2018.03.08 14:56:38.833,0.93718,0.93743,1.00,1.50
2018.03.08 14:56:39.374,0.9372,0.93742,1.00,1.00
2018.03.08 14:56:39.976,0.93719,0.93741,1.00,1.00
2018.03.08 14:56:40.644,0.93719,0.93742,1.00,1.00
2018.03.08 14:56:40.694,0.93717,0.93741,1.00,1.00
2018.03.08 14:56:40.795,0.93714,0.93737,1.00,1.00
2018.03.08 14:56:41.098,0.93712,0.93735,1.00,1.00
2018.03.08 14:56:42.190,0.93711,0.93734,1.00,1.00
2018.03.08 14:56:43.375,0.93711,0.93735,1.00,1.00
2018.03.08 14:56:43.757,0.93713,0.93735,1.00,1.00
2018.03.08 14:56:44.269,0.93713,0.93737,1.00,1.00
2018.03.08 14:56:44.320,0.93713,0.93735,1.00,1.00
2018.03.08 14:56:44.787,0.93715,0.93738,1.00,1.00
2018.03.08 14:56:45.017,0.93716,0.93741,1.00,1.00
2018.03.08 14:56:45.118,0.93717,0.93739,1.00,1.00
2018.03.08 14:56:45.273,0.93717,0.93741,1.00,1.00
2018.03.08 14:56:45.596,0.93717,0.93739,1.00,1.00
2018.03.08 14:56:45.942,0.93723,0.93745,1.00,1.50
2018.03.08 14:56:46.075,0.93719,0.93742,1.00,1.00
2018.03.08 14:56:46.229,0.93721,0.93743,1.00,1.00
2018.03.08 14:56:46.382,0.93723,0.93746,1.00,1.00
2018.03.08 14:56:46.822,0.93719,0.93744,1.00,1.00
2018.03.08 14:56:46.923,0.9372,0.93742,1.00,1.00
2018.03.08 14:56:50.293,0.93719,0.93741,1.00,1.00
2018.03.08 14:56:50.727,0.93716,0.9374,1.00,1.00
2018.03.08 14:56:50.928,0.93715,0.93737,1.00,1.00
2018.03.08 14:56:51.085,0.93713,0.93737,1.00,1.00
2018.03.08 14:56:51.136,0.93712,0.93734,1.00,1.00
2018.03.08 14:56:51.562,0.93709,0.93733,1.00,1.00
2018.03.08 14:56:51.998,0.93708,0.9373,1.00,1.00
2018.03.08 14:56:52.539,0.93709,0.9373,1.00,1.00
2018.03.08 14:56:52.934,0.93711,0.93735,1.00,1.50
2018.03.08 14:56:52.986,0.93713,0.93735,1.00,1.50
2018.03.08 14:56:53.494,0.93712,0.93734,1.00,1.00
2018.03.08 14:56:53.606,0.9371,0.93734,1.00,1.00
2018.03.08 14:56:53.970,0.93714,0.93737,1.00,1.00
2018.03.08 14:56:54.135,0.93716,0.9374,1.00,1.00
2018.03.08 14:56:54.493,0.93714,0.9374,1.00,1.00
2018.03.08 14:56:54.908,0.93713,0.93737,1.00,1.00
2018.03.08 14:56:55.375,0.9371,0.93736,1.00,1.00
2018.03.08 14:56:55.427,0.93712,0.93739,1.00,1.50
2018.03.08 14:56:55.478,0.93708,0.93732,1.00,1.00
2018.03.08 14:56:55.529,0.9371,0.93736,1.00,1.00
2018.03.08 14:56:55.580,0.93712,0.93736,1.00,1.00
2018.03.08 14:56:55.631,0.9371,0.93736,1.00,1.50
2018.03.08 14:56:55.682,0.93708,0.93734,1.00,1.00
2018.03.08 14:56:56.192,0.93709,0.93735,1.00,1.50
2018.03.08 14:56:57.088,0.93711,0.93735,1.00,1.50
2018.03.08 14:56:57.623,0.93711,0.93734,1.00,1.00
2018.03.08 14:56:57.676,0.93707,0.93733,1.00,1.00
2018.03.08 14:56:57.829,0.93707,0.9373,1.00,1.00
2018.03.08 14:56:57.930,0.93705,0.9373,1.00,1.00
2018.03.08 14:56:58.101,0.93707,0.93731,1.00,1.00
2018.03.08 14:56:58.493,0.93712,0.93735,1.00,1.00
2018.03.08 14:56:58.771,0.93709,0.93734,1.00,1.00
2018.03.08 14:57:00.244,0.93711,0.93735,1.00,1.50
2018.03.08 14:57:00.640,0.93714,0.93736,1.00,1.00
2018.03.08 14:57:00.741,0.93714,0.93738,1.00,1.00
2018.03.08 14:57:00.841,0.93712,0.93736,1.00,1.00
2018.03.08 14:57:01.220,0.93714,0.93738,1.00,1.00
2018.03.08 14:57:01.857,0.93715,0.93738,1.00,1.00
2018.03.08 14:57:02.339,0.93713,0.93735,1.00,1.00
2018.03.08 14:57:02.840,0.93715,0.93735,1.00,1.00
2018.03.08 14:57:02.891,0.93718,0.93741,1.00,1.50
2018.03.08 14:57:02.993,0.93715,0.9374,1.00,1.00
2018.03.08 14:57:03.095,0.93719,0.93743,1.00,1.00
2018.03.08 14:57:03.247,0.93717,0.93742,1.00,1.00
2018.03.08 14:57:03.530,0.93718,0.9374,1.00,1.00
2018.03.08 14:57:03.710,0.9372,0.93743,1.00,1.00
2018.03.08 14:57:03.761,0.93722,0.93746,1.00,2.25
2018.03.08 14:57:04.286,0.93723,0.93746,1.00,1.00
2018.03.08 14:57:04.932,0.93724,0.93747,1.00,1.00
2018.03.08 14:57:05.765,0.93724,0.93748,1.00,1.00
2018.03.08 14:57:05.968,0.93726,0.93748,1.00,1.00
2018.03.08 14:57:06.019,0.93727,0.93751,1.00,1.50
2018.03.08 14:57:06.127,0.93728,0.93754,1.00,1.00
2018.03.08 14:57:06.355,0.93725,0.9375,1.00,1.00
2018.03.08 14:57:06.817,0.93727,0.93751,1.00,1.00
2018.03.08 14:57:07.813,0.93727,0.9375,1.00,1.00
2018.03.08 14:57:07.914,0.93728,0.93752,1.00,1.00
2018.03.08 14:57:08.119,0.9373,0.93752,1.00,1.00
2018.03.08 14:57:08.170,0.93729,0.93754,1.00,1.00
2018.03.08 14:57:08.472,0.93735,0.93756,1.00,1.00
2018.03.08 14:57:08.580,0.93738,0.93761,1.00,1.00
2018.03.08 14:57:08.745,0.93735,0.93758,1.00,1.00
2018.03.08 14:57:08.846,0.93734,0.9376,1.00,1.00
2018.03.08 14:57:08.897,0.93737,0.9376,1.00,1.00
2018.03.08 14:57:09.048,0.93735,0.93759,1.00,1.00
2018.03.08 14:57:09.633,0.93735,0.93758,1.00,1.00
2018.03.08 14:57:10.091,0.93734,0.9376,1.00,1.00
2018.03.08 14:57:10.192,0.93734,0.93758,1.00,1.00
2018.03.08 14:57:10.592,0.93732,0.93755,1.00,1.00
2018.03.08 14:57:10.852,0.93733,0.93757,1.00,1.00
2018.03.08 14:57:10.999,0.93735,0.93758,1.00,1.00
2018.03.08 14:57:11.434,0.93734,0.93756,1.00,1.00
2018.03.08 14:57:11.583,0.93734,0.93758,1.00,1.00
2018.03.08 14:57:11.757,0.93736,0.93758,1.00,1.00
2018.03.08 14:57:12.251,0.93734,0.93758,1.00,1.00
2018.03.08 14:57:12.785,0.93735,0.93759,1.00,1.00
2018.03.08 14:57:13.079,0.93737,0.93759,1.00,1.00
2018.03.08 14:57:13.387,0.93735,0.93757,1.00,1.00
2018.03.08 14:57:14.118,0.93733,0.93757,1.00,1.00
2018.03.08 14:57:14.169,0.93735,0.93757,1.00,1.00
2018.03.08 14:57:14.271,0.93733,0.93758,1.00,1.00
2018.03.08 14:57:14.752,0.93736,0.93759,1.00,1.00
2018.03.08 14:57:14.803,0.93737,0.93762,1.00,1.50
2018.03.08 14:57:15.186,0.93739,0.93761,1.00,1.00
2018.03.08 14:57:15.500,0.93746,0.93768,1.00,1.00
2018.03.08 14:57:15.552,0.93737,0.93761,2.25,1.00
2018.03.08 14:57:15.603,0.93737,0.93759,1.00,1.00
2018.03.08 14:57:15.654,0.93735,0.93759,1.00,1.00
2018.03.08 14:57:15.946,0.9373,0.93754,1.00,1.00
2018.03.08 14:57:16.497,0.93733,0.93756,1.00,1.00
2018.03.08 14:57:16.838,0.93737,0.93759,1.00,1.50
2018.03.08 14:57:17.090,0.93738,0.93763,1.00,1.00
2018.03.08 14:57:17.216,0.93738,0.93761,1.00,1.00
2018.03.08 14:57:17.267,0.93739,0.93763,1.00,1.00
2018.03.08 14:57:17.318,0.93738,0.9376,1.00,1.00
2018.03.08 14:57:17.369,0.93736,0.93761,1.00,1.00
2018.03.08 14:57:17.573,0.93738,0.93763,1.00,1.50
2018.03.08 14:57:17.892,0.93742,0.93764,1.00,1.00
2018.03.08 14:57:17.993,0.93739,0.93763,1.00,1.00
2018.03.08 14:57:18.044,0.93741,0.93765,1.00,1.00
2018.03.08 14:57:18.425,0.93744,0.93769,1.00,1.50
2018.03.08 14:57:18.527,0.93744,0.93766,1.00,1.00
2018.03.08 14:57:18.577,0.93741,0.93766,1.00,1.00
2018.03.08 14:57:18.678,0.93741,0.93764,1.00,1.00
2018.03.08 14:57:18.954,0.93738,0.93762,1.00,1.00
2018.03.08 14:57:19.531,0.93738,0.93763,1.00,1.00
2018.03.08 14:57:19.582,0.9374,0.93764,1.00,1.00
2018.03.08 14:57:19.949,0.9374,0.93762,1.00,1.00
2018.03.08 14:57:20.108,0.9374,0.93764,1.00,1.00
2018.03.08 14:57:20.269,0.93742,0.93764,1.00,1.00
2018.03.08 14:57:20.370,0.93742,0.93766,1.00,1.00
2018.03.08 14:57:20.734,0.93743,0.93768,1.00,1.00
2018.03.08 14:57:20.784,0.93745,0.93768,1.00,1.00
2018.03.08 14:57:21.097,0.9374,0.93764,1.00,1.00
2018.03.08 14:57:23.759,0.9374,0.93762,1.00,1.00
2018.03.08 14:57:23.810,0.93744,0.93767,1.00,1.00
2018.03.08 14:57:23.862,0.93747,0.93767,1.00,1.00
2018.03.08 14:57:23.913,0.93753,0.93775,1.00,1.00
2018.03.08 14:57:24.015,0.93747,0.9377,1.00,1.00
2018.03.08 14:57:24.181,0.93745,0.9377,1.00,1.00
2018.03.08 14:57:24.239,0.93747,0.93771,1.00,1.00
2018.03.08 14:57:24.553,0.9375,0.93772,1.00,1.00
2018.03.08 14:57:24.960,0.93746,0.93768,1.00,1.00
2018.03.08 14:57:25.062,0.93744,0.93768,1.00,1.00
2018.03.08 14:57:25.719,0.93745,0.93768,1.00,1.00
2018.03.08 14:57:25.769,0.93747,0.93769,1.00,1.00
2018.03.08 14:57:26.076,0.93744,0.93766,1.00,1.00
2018.03.08 14:57:26.732,0.93745,0.93769,1.00,1.00
2018.03.08 14:57:27.309,0.93744,0.93768,1.00,1.00
2018.03.08 14:57:27.526,0.93746,0.93768,1.00,1.00
2018.03.08 14:57:27.728,0.93747,0.93771,1.00,1.00
2018.03.08 14:57:27.779,0.93744,0.93768,1.00,1.00
2018.03.08 14:57:28.365,0.93743,0.93768,1.00,1.00
2018.03.08 14:57:28.752,0.93743,0.93765,1.00,1.00
2018.03.08 14:57:29.297,0.93741,0.93765,1.00,1.00
2018.03.08 14:57:29.398,0.93743,0.93767,1.00,1.00
2018.03.08 14:57:29.746,0.93746,0.9377,1.00,1.00
2018.03.08 14:57:30.001,0.93747,0.93772,1.00,1.00
2018.03.08 14:57:30.153,0.93749,0.93771,1.00,1.00
2018.03.08 14:57:30.584,0.93746,0.93768,1.00,1.00
2018.03.08 14:57:30.685,0.93749,0.93773,1.00,1.00
2018.03.08 14:57:30.821,0.93751,0.93773,1.00,1.00
2018.03.08 14:57:30.923,0.93748,0.93773,1.00,1.00
2018.03.08 14:57:30.974,0.93752,0.93774,1.00,1.00
2018.03.08 14:57:31.025,0.93749,0.93774,1.00,1.00
2018.03.08 14:57:31.373,0.93751,0.93775,1.00,1.00
2018.03.08 14:57:31.750,0.93749,0.93774,1.50,1.00
2018.03.08 14:57:31.974,0.93746,0.93773,1.00,1.00
2018.03.08 14:57:32.891,0.93748,0.93773,1.00,1.00
2018.03.08 14:57:33.422,0.93747,0.93772,1.00,1.00
2018.03.08 14:57:33.893,0.93749,0.93773,1.00,1.00
2018.03.08 14:57:34.531,0.93746,0.93772,1.00,1.00
2018.03.08 14:57:34.633,0.93746,0.93774,1.00,1.00
2018.03.08 14:57:34.952,0.9375,0.93773,1.00,1.00
2018.03.08 14:57:35.262,0.93747,0.93771,1.00,1.00
2018.03.08 14:57:35.363,0.93746,0.93769,1.50,1.00
2018.03.08 14:57:35.609,0.93741,0.93765,1.00,1.00
2018.03.08 14:57:35.664,0.93743,0.93767,1.00,1.00
2018.03.08 14:57:36.122,0.93746,0.9377,1.00,1.00
2018.03.08 14:57:36.454,0.9374,0.93766,1.00,1.00
2018.03.08 14:57:36.633,0.93741,0.93764,1.00,1.00
2018.03.08 14:57:37.250,0.93741,0.93766,1.00,1.00
2018.03.08 14:57:37.695,0.93743,0.93766,1.00,1.00
2018.03.08 14:57:38.430,0.9374,0.93766,1.00,1.00
2018.03.08 14:57:38.481,0.93737,0.9376,1.00,1.00
2018.03.08 14:57:38.632,0.93738,0.93762,1.00,1.00
2018.03.08 14:57:38.694,0.93735,0.93761,1.00,1.00
2018.03.08 14:57:38.851,0.93738,0.93763,1.00,1.12
2018.03.08 14:57:39.288,0.93737,0.9376,1.00,1.00
2018.03.08 14:57:39.491,0.93738,0.93762,1.00,1.00
2018.03.08 14:57:39.791,0.93736,0.93759,1.00,1.00
2018.03.08 14:57:39.893,0.93731,0.93757,1.50,1.00
2018.03.08 14:57:39.996,0.93732,0.93755,1.00,1.00
2018.03.08 14:57:40.212,0.93728,0.93752,1.50,1.00
2018.03.08 14:57:40.263,0.93728,0.93754,1.00,1.00
2018.03.08 14:57:40.314,0.93726,0.93753,1.00,1.00
2018.03.08 14:57:40.415,0.93725,0.93749,1.00,1.00
2018.03.08 14:57:40.466,0.93725,0.93751,1.00,1.00
2018.03.08 14:57:40.777,0.93728,0.93751,1.00,1.00
2018.03.08 14:57:41.080,0.93728,0.93755,1.00,1.00
2018.03.08 14:57:41.130,0.9373,0.93756,1.00,2.25
2018.03.08 14:57:41.281,0.93728,0.93755,1.00,1.00
2018.03.08 14:57:41.332,0.93725,0.93749,1.00,1.00
2018.03.08 14:57:41.747,0.93727,0.93753,1.00,1.50
2018.03.08 14:57:41.798,0.93727,0.93751,1.00,1.00
2018.03.08 14:57:41.975,0.93723,0.93748,1.50,1.00
2018.03.08 14:57:42.026,0.93723,0.93746,1.00,1.00
2018.03.08 14:57:42.240,0.93724,0.93748,1.00,1.00
2018.03.08 14:57:42.619,0.93726,0.93751,1.00,1.00
2018.03.08 14:57:42.669,0.93731,0.93751,1.00,1.00
2018.03.08 14:57:42.720,0.93731,0.93753,1.00,1.00
2018.03.08 14:57:42.821,0.93731,0.93755,1.00,1.50
2018.03.08 14:57:42.973,0.93732,0.93757,1.00,1.00
2018.03.08 14:57:43.380,0.93734,0.93759,1.00,1.00
2018.03.08 14:57:43.919,0.93733,0.93759,1.00,1.00
2018.03.08 14:57:44.468,0.93734,0.93758,1.00,1.00
2018.03.08 14:57:44.519,0.93734,0.9376,1.00,1.00
2018.03.08 14:57:44.584,0.9373,0.93753,1.00,1.00
2018.03.08 14:57:44.635,0.93731,0.93755,1.00,1.00
2018.03.08 14:57:44.687,0.93728,0.93753,1.00,1.00
2018.03.08 14:57:44.820,0.93731,0.93754,1.00,1.00
2018.03.08 14:57:44.871,0.93731,0.93757,1.00,1.00
2018.03.08 14:57:45.024,0.9373,0.9376,1.00,1.00
2018.03.08 14:57:45.165,0.93732,0.9376,1.00,1.00
2018.03.08 14:57:45.546,0.93732,0.93757,1.00,1.00
2018.03.08 14:57:45.908,0.9373,0.93754,1.00,1.00
2018.03.08 14:57:46.215,0.93732,0.93756,1.00,1.00
2018.03.08 14:57:46.317,0.93742,0.93767,1.00,1.00
2018.03.08 14:57:46.830,0.93741,0.93768,1.00,1.00
2018.03.08 14:57:46.933,0.93746,0.9377,1.00,1.00
2018.03.08 14:57:47.060,0.93744,0.93772,1.00,1.00
2018.03.08 14:57:47.263,0.93743,0.9377,1.00,1.00
2018.03.08 14:57:47.611,0.93746,0.9377,1.00,1.00
2018.03.08 14:57:47.764,0.93746,0.93773,1.00,2.25
2018.03.08 14:57:47.865,0.93748,0.93771,1.00,1.00
2018.03.08 14:57:50.069,0.93749,0.93772,1.00,1.00
2018.03.08 14:57:50.120,0.93745,0.9377,1.00,1.00
2018.03.08 14:57:50.170,0.93745,0.93768,1.00,1.00
2018.03.08 14:57:50.299,0.93745,0.93772,1.00,1.00
2018.03.08 14:57:50.400,0.93745,0.93769,1.00,1.00
2018.03.08 14:57:50.552,0.93743,0.93769,1.00,1.00
2018.03.08 14:57:50.798,0.93743,0.93767,1.00,1.00
2018.03.08 14:57:51.101,0.93745,0.93768,1.00,2.25
2018.03.08 14:57:51.418,0.93748,0.93771,1.00,1.00
2018.03.08 14:57:51.469,0.93745,0.93772,1.00,1.50
2018.03.08 14:57:51.985,0.93746,0.93771,1.00,1.00
2018.03.08 14:57:52.328,0.93745,0.93773,1.00,1.50
2018.03.08 14:57:52.380,0.93747,0.93772,1.00,1.00
2018.03.08 14:57:53.200,0.93747,0.93771,1.00,1.00
2018.03.08 14:57:53.534,0.93751,0.93772,1.00,1.50
2018.03.08 14:57:53.585,0.93749,0.93772,1.00,1.50
2018.03.08 14:57:53.687,0.9375,0.93774,1.00,1.00
2018.03.08 14:57:53.839,0.93752,0.93775,1.00,1.00
2018.03.08 14:57:54.165,0.93753,0.93778,1.00,1.50
2018.03.08 14:57:54.220,0.93752,0.93775,1.00,1.00
2018.03.08 14:57:54.325,0.93749,0.93774,1.00,1.00
2018.03.08 14:57:54.702,0.93747,0.93773,1.00,2.25
2018.03.08 14:57:55.272,0.93748,0.93773,1.00,1.00
2018.03.08 14:57:55.373,0.9375,0.93774,1.00,1.50
2018.03.08 14:57:55.474,0.93749,0.93776,1.00,1.50
2018.03.08 14:57:55.576,0.93752,0.93776,1.00,1.50
2018.03.08 14:57:55.665,0.93748,0.93774,1.00,1.00
2018.03.08 14:57:55.716,0.9375,0.93774,1.00,1.00
2018.03.08 14:57:55.767,0.93746,0.93772,1.00,1.00
2018.03.08 14:57:55.918,0.93748,0.93771,1.00,1.50
2018.03.08 14:57:56.277,0.93747,0.9377,1.00,1.00
2018.03.08 14:57:56.803,0.93747,0.93771,1.00,1.50
2018.03.08 14:57:56.854,0.93747,0.93773,1.00,1.00
2018.03.08 14:57:56.958,0.93752,0.93774,1.00,1.00
2018.03.08 14:57:57.009,0.93753,0.93776,1.00,1.87
2018.03.08 14:57:57.247,0.93756,0.9378,1.00,1.50
2018.03.08 14:57:57.298,0.93758,0.93779,1.00,1.00
2018.03.08 14:57:57.400,0.93755,0.9378,1.00,1.50
2018.03.08 14:57:57.723,0.93755,0.93778,1.00,1.00
2018.03.08 14:57:57.774,0.93754,0.9378,1.00,1.00
2018.03.08 14:57:58.085,0.93755,0.93778,1.00,1.00
2018.03.08 14:57:58.499,0.93753,0.93778,1.00,1.00
2018.03.08 14:57:59.128,0.93753,0.93777,1.00,1.00
2018.03.08 14:57:59.301,0.93751,0.93777,1.00,1.00
2018.03.08 14:57:59.433,0.93747,0.93772,1.00,1.00
2018.03.08 14:58:00.263,0.9375,0.93773,1.00,1.00
2018.03.08 14:58:00.466,0.93752,0.93776,1.00,2.25
2018.03.08 14:58:00.665,0.93744,0.93767,1.50,1.00
2018.03.08 14:58:00.918,0.93748,0.93772,1.00,1.00
2018.03.08 14:58:01.328,0.93746,0.9377,1.00,1.00
2018.03.08 14:58:01.827,0.93746,0.93772,1.00,1.50
2018.03.08 14:58:01.931,0.93748,0.93772,1.00,2.25
2018.03.08 14:58:02.082,0.93748,0.93774,1.00,1.00
2018.03.08 14:58:02.230,0.9375,0.93775,1.00,1.00
2018.03.08 14:58:02.603,0.93749,0.93773,1.00,1.00
2018.03.08 14:58:03.158,0.93749,0.93775,1.00,1.50
2018.03.08 14:58:03.450,0.93747,0.93772,1.00,1.00
2018.03.08 14:58:04.617,0.93749,0.93775,1.00,1.00
2018.03.08 14:58:04.769,0.93746,0.93774,1.00,1.00
2018.03.08 14:58:04.870,0.93749,0.93775,1.00,1.50
2018.03.08 14:58:05.242,0.93748,0.93773,1.00,1.00
2018.03.08 14:58:05.444,0.93746,0.93772,1.00,1.50
2018.03.08 14:58:05.546,0.93748,0.93773,1.00,1.00
2018.03.08 14:58:06.011,0.93748,0.93775,1.00,1.00
2018.03.08 14:58:06.112,0.93751,0.93775,1.00,1.00
2018.03.08 14:58:06.163,0.93749,0.93774,1.00,1.00
2018.03.08 14:58:06.644,0.93747,0.93773,1.00,1.50
2018.03.08 14:58:06.695,0.93746,0.93771,1.00,1.00
2018.03.08 14:58:06.911,0.93747,0.93773,1.00,2.25
2018.03.08 14:58:06.963,0.93747,0.9377,1.00,1.00
2018.03.08 14:58:07.136,0.93748,0.93772,1.00,1.00
2018.03.08 14:58:08.202,0.93747,0.93771,1.00,1.00
2018.03.08 14:58:08.253,0.93745,0.9377,1.00,1.00
2018.03.08 14:58:08.842,0.93747,0.93771,1.00,1.00
2018.03.08 14:58:09.083,0.93744,0.9377,1.00,1.00
2018.03.08 14:58:09.189,0.93746,0.93771,1.00,1.00
2018.03.08 14:58:09.750,0.93744,0.93768,1.00,1.00
2018.03.08 14:58:09.801,0.9374,0.93766,1.00,1.00
2018.03.08 14:58:10.248,0.93742,0.93766,1.00,1.00
2018.03.08 14:58:10.657,0.93739,0.93764,1.00,1.50
2018.03.08 14:58:11.076,0.93737,0.93761,1.00,1.00
2018.03.08 14:58:11.422,0.93735,0.93758,1.00,1.00
2018.03.08 14:58:11.526,0.9373,0.93754,1.00,1.00
2018.03.08 14:58:11.578,0.93728,0.93754,1.00,1.00
2018.03.08 14:58:11.852,0.9373,0.93754,1.00,1.00
2018.03.08 14:58:12.168,0.93729,0.93752,1.00,1.00
2018.03.08 14:58:12.509,0.93732,0.93755,1.00,1.00
2018.03.08 14:58:12.560,0.9373,0.93754,1.00,1.00
2018.03.08 14:58:12.611,0.93732,0.93755,1.00,1.00
2018.03.08 14:58:12.763,0.93733,0.93759,1.00,1.00
2018.03.08 14:58:13.899,0.93732,0.93758,1.00,1.00
2018.03.08 14:58:13.950,0.93731,0.93756,1.00,1.00
2018.03.08 14:58:14.471,0.93731,0.93753,1.00,1.00
2018.03.08 14:58:14.627,0.93731,0.93755,1.00,1.00
2018.03.08 14:58:15.119,0.9373,0.93752,1.00,1.00
2018.03.08 14:58:16.091,0.93729,0.93754,1.00,1.00
2018.03.08 14:58:16.142,0.9373,0.93752,1.00,1.00
2018.03.08 14:58:16.193,0.93727,0.93751,1.00,1.00
2018.03.08 14:58:16.326,0.93724,0.93748,1.00,1.00
2018.03.08 14:58:16.660,0.93718,0.93742,1.00,1.00
2018.03.08 14:58:16.710,0.93718,0.93744,1.00,1.00
2018.03.08 14:58:17.415,0.9372,0.93742,1.00,1.00
2018.03.08 14:58:17.742,0.93722,0.93744,1.00,1.00
2018.03.08 14:58:18.025,0.93722,0.93746,1.00,1.00
2018.03.08 14:58:18.075,0.93726,0.93749,1.00,1.00
2018.03.08 14:58:18.473,0.93723,0.93749,1.00,1.00
2018.03.08 14:58:18.523,0.93723,0.93747,1.00,1.00
2018.03.08 14:58:19.072,0.93722,0.93748,1.00,1.00
2018.03.08 14:58:19.416,0.93722,0.93746,1.00,1.00
2018.03.08 14:58:19.763,0.93723,0.93748,1.00,1.00
2018.03.08 14:58:19.914,0.93723,0.93746,1.00,1.00
2018.03.08 14:58:20.440,0.93724,0.93747,1.00,1.00
2018.03.08 14:58:20.975,0.93723,0.93747,1.00,1.00
2018.03.08 14:58:21.381,0.93725,0.93747,1.00,1.00
2018.03.08 14:58:22.183,0.93723,0.93747,1.00,1.00
2018.03.08 14:58:22.334,0.93723,0.93745,1.00,1.00
2018.03.08 14:58:22.745,0.93723,0.93747,1.00,1.00
2018.03.08 14:58:23.249,0.93724,0.93746,1.00,1.00
2018.03.08 14:58:24.042,0.93723,0.93746,1.00,1.00
2018.03.08 14:58:24.473,0.93719,0.93744,1.00,1.00
2018.03.08 14:58:24.658,0.93731,0.93748,1.00,1.00
2018.03.08 14:58:24.712,0.93726,0.93749,1.00,1.00
2018.03.08 14:58:24.813,0.93729,0.93753,1.00,1.00
2018.03.08 14:58:25.019,0.93731,0.93753,1.00,1.00
2018.03.08 14:58:25.206,0.9373,0.93756,1.00,1.00
2018.03.08 14:58:25.257,0.93732,0.93755,1.00,1.00
2018.03.08 14:58:25.581,0.9373,0.93754,1.00,1.00
2018.03.08 14:58:25.632,0.93728,0.93752,1.50,1.00
2018.03.08 14:58:25.733,0.93729,0.93754,1.00,1.00
2018.03.08 14:58:25.835,0.93731,0.93754,1.00,1.00
2018.03.08 14:58:26.376,0.9373,0.93755,1.00,1.00
2018.03.08 14:58:26.728,0.93728,0.93753,1.00,1.00
2018.03.08 14:58:27.159,0.93731,0.93754,1.00,1.00
2018.03.08 14:58:27.646,0.93729,0.93753,1.00,1.00
2018.03.08 14:58:27.932,0.93731,0.93754,1.00,1.00
2018.03.08 14:58:28.415,0.93731,0.93756,1.00,1.00
2018.03.08 14:58:28.631,0.9373,0.93753,1.00,1.00
2018.03.08 14:58:28.736,0.93728,0.93753,1.00,1.00
2018.03.08 14:58:28.787,0.9373,0.93755,1.00,1.00
2018.03.08 14:58:28.940,0.93731,0.93757,1.00,1.00
2018.03.08 14:58:29.407,0.93731,0.93754,1.00,1.00
2018.03.08 14:58:29.813,0.93732,0.93756,1.00,1.00
2018.03.08 14:58:30.209,0.93729,0.93754,1.00,1.00
2018.03.08 14:58:30.412,0.93731,0.93754,1.00,1.00
2018.03.08 14:58:30.744,0.93744,0.93761,1.00,1.00
2018.03.08 14:58:30.795,0.93744,0.93768,1.00,1.00
2018.03.08 14:58:30.847,0.93749,0.93772,1.00,1.50
2018.03.08 14:58:31.141,0.93743,0.93768,2.25,1.00
2018.03.08 14:58:31.638,0.93746,0.9377,1.00,1.00
2018.03.08 14:58:31.946,0.93744,0.9377,1.00,1.00
2018.03.08 14:58:32.188,0.93742,0.93766,2.25,1.00
2018.03.08 14:58:33.042,0.93742,0.93767,1.00,1.00
2018.03.08 14:58:34.069,0.93744,0.93768,1.00,1.00
2018.03.08 14:58:34.645,0.93741,0.93766,1.00,1.00
2018.03.08 14:58:34.696,0.93744,0.93767,1.00,1.00
2018.03.08 14:58:34.877,0.93745,0.93769,1.00,1.00
2018.03.08 14:58:35.288,0.93745,0.93771,1.00,1.50
2018.03.08 14:58:35.712,0.93742,0.93768,1.00,1.00
2018.03.08 14:58:36.013,0.93744,0.93769,1.00,1.00
2018.03.08 14:58:36.393,0.93744,0.93771,1.00,1.00
2018.03.08 14:58:36.535,0.93746,0.93771,1.00,1.00
2018.03.08 14:58:36.997,0.93745,0.93768,1.00,1.00
2018.03.08 14:58:37.511,0.93742,0.93765,1.00,1.00
2018.03.08 14:58:37.713,0.93738,0.93765,1.00,1.00
2018.03.08 14:58:37.814,0.93737,0.93762,1.00,1.00
2018.03.08 14:58:37.914,0.93735,0.93761,1.00,1.00
2018.03.08 14:58:38.471,0.93735,0.9376,1.00,1.00
2018.03.08 14:58:38.572,0.93737,0.93762,1.00,1.00
2018.03.08 14:58:39.126,0.93738,0.93763,1.00,1.00
2018.03.08 14:58:39.432,0.93738,0.93761,1.00,1.00
2018.03.08 14:58:39.961,0.93737,0.93762,1.00,1.00
2018.03.08 14:58:40.444,0.93734,0.93758,1.00,1.00
2018.03.08 14:58:40.546,0.93732,0.93757,1.00,1.00
2018.03.08 14:58:41.062,0.93733,0.93758,1.00,1.00
2018.03.08 14:58:41.194,0.93728,0.93753,1.00,1.00
2018.03.08 14:58:41.972,0.93731,0.93754,1.00,1.00
2018.03.08 14:58:42.197,0.93732,0.93756,1.00,1.00
2018.03.08 14:58:42.248,0.9373,0.93756,1.00,1.00
2018.03.08 14:58:42.466,0.9373,0.93754,1.00,1.00
2018.03.08 14:58:42.808,0.93734,0.93757,1.00,1.00
2018.03.08 14:58:43.063,0.93732,0.93758,1.00,1.12
2018.03.08 14:58:43.260,0.93727,0.93753,1.00,1.00
2018.03.08 14:58:43.727,0.93729,0.93754,1.00,1.00
2018.03.08 14:58:44.030,0.93724,0.93751,1.50,1.75
2018.03.08 14:58:44.549,0.93725,0.93752,1.00,2.25
2018.03.08 14:58:44.853,0.93725,0.93748,1.00,1.75
2018.03.08 14:58:45.367,0.93725,0.93748,1.00,1.00
2018.03.08 14:58:45.962,0.93724,0.93747,1.00,1.00
2018.03.08 14:58:46.479,0.93725,0.93748,1.00,1.00
2018.03.08 14:58:46.898,0.93723,0.93747,1.00,1.00
2018.03.08 14:58:47.237,0.93723,0.93747,1.00,1.75
2018.03.08 14:58:47.472,0.93721,0.93746,1.00,1.50
2018.03.08 14:58:47.695,0.93724,0.93747,1.00,1.75
2018.03.08 14:58:47.746,0.93724,0.93747,1.00,1.00
2018.03.08 14:58:47.906,0.93726,0.93749,1.00,1.00
2018.03.08 14:58:48.171,0.93723,0.93751,1.00,1.50
2018.03.08 14:58:48.222,0.93726,0.93749,1.00,1.00
2018.03.08 14:58:48.581,0.9373,0.93753,1.00,1.00
2018.03.08 14:58:48.703,0.93731,0.93756,1.00,1.00
2018.03.08 14:58:49.215,0.93732,0.93756,1.00,1.00
2018.03.08 14:58:49.416,0.93734,0.93757,1.00,1.00
2018.03.08 14:58:49.618,0.93739,0.93763,1.00,1.00
2018.03.08 14:58:49.725,0.93737,0.93763,1.00,1.00
2018.03.08 14:58:50.512,0.93737,0.93761,1.00,1.00
2018.03.08 14:58:50.563,0.93731,0.93758,1.00,1.00
2018.03.08 14:58:50.614,0.93731,0.93756,1.00,1.00
2018.03.08 14:58:50.716,0.93732,0.93758,1.00,1.00
2018.03.08 14:58:51.036,0.9373,0.93756,1.00,1.00
2018.03.08 14:58:51.536,0.93732,0.93756,1.00,1.00
2018.03.08 14:58:52.272,0.93732,0.93757,1.00,1.00
2018.03.08 14:58:52.580,0.93739,0.93758,1.00,1.50
2018.03.08 14:58:52.631,0.93739,0.9376,1.00,1.00
2018.03.08 14:58:52.733,0.9374,0.93763,1.00,1.00
2018.03.08 14:58:53.213,0.93738,0.93763,1.00,1.00
2018.03.08 14:58:53.264,0.93736,0.93762,1.00,1.00
2018.03.08 14:58:53.456,0.93733,0.93756,1.00,1.00
2018.03.08 14:58:53.507,0.9374,0.93764,1.00,1.00
2018.03.08 14:58:53.980,0.93741,0.93766,1.00,1.00
2018.03.08 14:58:54.603,0.9374,0.93765,1.00,1.00
2018.03.08 14:58:54.705,0.93741,0.93767,1.00,1.87
2018.03.08 14:58:55.804,0.93742,0.93767,1.00,1.00
2018.03.08 14:58:56.895,0.93744,0.93767,1.00,1.00
2018.03.08 14:58:57.085,0.93744,0.9377,1.00,1.00
2018.03.08 14:58:57.135,0.93742,0.93768,1.00,1.00
2018.03.08 14:58:57.473,0.93743,0.93766,1.00,1.00
2018.03.08 14:58:57.523,0.93744,0.93768,1.00,1.50
2018.03.08 14:58:57.769,0.93742,0.93766,1.00,1.00
2018.03.08 14:58:58.064,0.93743,0.93768,1.00,1.00
2018.03.08 14:58:59.338,0.93743,0.93766,1.00,1.00
2018.03.08 14:59:00.138,0.93744,0.93769,1.00,2.25
2018.03.08 14:59:00.360,0.93747,0.93769,1.00,1.50
2018.03.08 14:59:00.411,0.93748,0.93771,1.00,1.50
2018.03.08 14:59:00.733,0.93749,0.93774,1.00,1.50
2018.03.08 14:59:00.983,0.93749,0.93772,1.00,1.00
2018.03.08 14:59:01.085,0.93751,0.93775,1.00,1.50
2018.03.08 14:59:01.186,0.93753,0.93774,1.00,1.00
2018.03.08 14:59:01.361,0.93753,0.93779,1.00,1.00
2018.03.08 14:59:01.493,0.93754,0.93777,1.00,1.00
2018.03.08 14:59:01.594,0.93754,0.9378,1.00,1.50
2018.03.08 14:59:01.761,0.93756,0.9378,1.00,1.50
2018.03.08 14:59:02.064,0.93759,0.93783,1.00,1.50
2018.03.08 14:59:02.840,0.93758,0.93784,1.00,1.12
2018.03.08 14:59:03.430,0.93757,0.93783,1.00,1.75
2018.03.08 14:59:03.632,0.93754,0.9378,1.00,1.00
2018.03.08 14:59:03.733,0.93751,0.9378,1.00,1.00
2018.03.08 14:59:03.925,0.93758,0.93782,1.00,1.00
2018.03.08 14:59:04.292,0.93759,0.93784,1.00,1.00
2018.03.08 14:59:04.994,0.93758,0.93784,1.00,1.50
2018.03.08 14:59:05.053,0.93753,0.93781,1.00,1.00
2018.03.08 14:59:05.154,0.93755,0.93783,1.00,1.00
2018.03.08 14:59:05.519,0.9376,0.93784,1.00,1.00
2018.03.08 14:59:05.721,0.93754,0.93784,1.50,1.00
2018.03.08 14:59:05.772,0.93758,0.93782,1.00,1.00
2018.03.08 14:59:05.984,0.93755,0.93785,1.00,1.00
2018.03.08 14:59:06.035,0.93755,0.93783,1.00,1.00
2018.03.08 14:59:06.338,0.93753,0.93777,1.00,1.00
2018.03.08 14:59:07.029,0.93754,0.93778,1.00,1.00
2018.03.08 14:59:07.079,0.93758,0.93783,1.00,1.50
2018.03.08 14:59:07.300,0.93757,0.93781,1.00,1.00
2018.03.08 14:59:07.630,0.93756,0.93779,1.00,1.00
2018.03.08 14:59:08.174,0.93756,0.93778,1.00,1.00
2018.03.08 14:59:09.041,0.93756,0.93779,1.00,1.00
2018.03.08 14:59:09.143,0.93754,0.9378,1.00,1.00
2018.03.08 14:59:09.193,0.93754,0.93778,1.00,1.00
2018.03.08 14:59:09.736,0.93753,0.93778,1.00,1.00
2018.03.08 14:59:10.213,0.93751,0.93775,1.00,1.00
2018.03.08 14:59:11.867,0.9375,0.93774,1.00,1.00
2018.03.08 14:59:12.141,0.93746,0.93771,1.00,1.00
2018.03.08 14:59:12.191,0.93746,0.93769,1.00,1.00
2018.03.08 14:59:14.291,0.93743,0.93768,1.00,1.00
2018.03.08 14:59:14.342,0.93739,0.93762,1.00,1.00
2018.03.08 14:59:14.393,0.93739,0.93764,1.00,1.00
2018.03.08 14:59:14.443,0.93739,0.93762,1.00,1.00
2018.03.08 14:59:14.710,0.93743,0.93767,1.00,2.25
2018.03.08 14:59:14.811,0.93745,0.93768,1.00,1.00
2018.03.08 14:59:15.425,0.93744,0.93767,1.00,1.00
2018.03.08 14:59:15.629,0.93742,0.93767,1.00,1.00
2018.03.08 14:59:15.680,0.93742,0.93765,1.00,1.00
2018.03.08 14:59:16.248,0.93742,0.93766,1.00,1.00
2018.03.08 14:59:16.576,0.93742,0.93769,1.00,1.50
2018.03.08 14:59:16.627,0.93741,0.93765,1.00,1.00
2018.03.08 14:59:17.011,0.93738,0.93761,1.00,1.00
2018.03.08 14:59:17.113,0.93737,0.93763,1.00,1.00
2018.03.08 14:59:17.166,0.93739,0.93762,1.00,1.00
2018.03.08 14:59:17.217,0.93739,0.93764,1.00,1.87
2018.03.08 14:59:17.267,0.93741,0.93764,1.00,2.62
2018.03.08 14:59:17.526,0.93738,0.93764,1.00,1.87
2018.03.08 14:59:17.978,0.9374,0.93763,1.00,1.00
2018.03.08 14:59:19.051,0.93741,0.93764,1.00,1.00
2018.03.08 14:59:19.673,0.9374,0.93763,1.00,1.00
2018.03.08 14:59:19.914,0.9374,0.93765,1.00,1.00
2018.03.08 14:59:20.586,0.9374,0.93766,1.00,1.00
2018.03.08 14:59:20.732,0.93744,0.93767,1.00,1.50
2018.03.08 14:59:20.783,0.93741,0.93766,1.00,1.00
2018.03.08 14:59:21.316,0.93742,0.93765,1.00,1.00
2018.03.08 14:59:21.390,0.9374,0.93765,1.00,1.00
2018.03.08 14:59:21.556,0.93739,0.93762,1.00,1.00
2018.03.08 14:59:21.909,0.93741,0.93764,1.00,1.12
2018.03.08 14:59:23.682,0.93742,0.93765,1.00,1.50
2018.03.08 14:59:24.214,0.93741,0.93764,1.00,1.12
2018.03.08 14:59:24.740,0.93741,0.93766,1.00,1.50
2018.03.08 14:59:25.296,0.9374,0.93765,1.00,1.12
2018.03.08 14:59:25.621,0.93742,0.93765,1.00,1.00
2018.03.08 14:59:25.672,0.9374,0.93764,1.00,1.00
2018.03.08 14:59:25.823,0.93751,0.93767,1.00,1.00
2018.03.08 14:59:25.960,0.93749,0.93767,1.00,1.00
2018.03.08 14:59:26.011,0.93755,0.93772,1.00,1.00
2018.03.08 14:59:26.214,0.93763,0.93786,1.00,1.00
2018.03.08 14:59:26.315,0.93761,0.93787,1.00,1.00
2018.03.08 14:59:26.582,0.93761,0.93785,1.00,1.00
2018.03.08 14:59:26.908,0.93763,0.93785,1.00,1.00
2018.03.08 14:59:27.472,0.93763,0.93789,1.00,1.00
2018.03.08 14:59:27.870,0.93765,0.93789,1.00,1.00
2018.03.08 14:59:29.034,0.93763,0.93788,1.00,1.00
2018.03.08 14:59:29.085,0.93765,0.9379,1.00,2.25
2018.03.08 14:59:29.419,0.93767,0.93783,1.00,1.00
2018.03.08 14:59:29.471,0.93765,0.93784,1.00,1.00
2018.03.08 14:59:29.523,0.93766,0.93787,1.00,1.50
2018.03.08 14:59:29.799,0.93763,0.9379,1.00,1.50
2018.03.08 14:59:29.850,0.93768,0.93792,1.00,1.00
2018.03.08 14:59:29.953,0.93764,0.9379,1.00,1.00
2018.03.08 14:59:30.004,0.93764,0.93788,1.00,1.00
2018.03.08 14:59:30.247,0.93761,0.93788,1.00,1.50
2018.03.08 14:59:30.527,0.93763,0.93788,1.00,1.00
2018.03.08 14:59:30.962,0.93765,0.93787,1.00,1.00
2018.03.08 14:59:32.489,0.93765,0.93788,1.00,1.50
2018.03.08 14:59:33.472,0.93766,0.9379,1.00,1.50
2018.03.08 14:59:34.254,0.93765,0.93789,1.00,1.00
2018.03.08 14:59:34.885,0.93764,0.93789,1.00,1.00
2018.03.08 14:59:35.044,0.93766,0.93788,1.00,1.00
2018.03.08 14:59:35.145,0.93764,0.93789,1.00,1.00
2018.03.08 14:59:35.274,0.93768,0.9379,1.00,1.00
2018.03.08 14:59:35.325,0.93769,0.93793,1.00,1.00
2018.03.08 14:59:35.477,0.93773,0.93795,1.00,1.00
2018.03.08 14:59:36.124,0.93771,0.93793,1.00,1.00
2018.03.08 14:59:37.020,0.93772,0.93796,1.00,1.00
2018.03.08 14:59:37.567,0.93771,0.93796,1.00,1.00
2018.03.08 14:59:37.769,0.9377,0.93793,1.00,1.00
2018.03.08 14:59:38.095,0.93764,0.93787,1.00,1.00
2018.03.08 14:59:38.985,0.93763,0.93786,1.00,1.00
2018.03.08 14:59:39.487,0.93763,0.93785,1.00,1.00
2018.03.08 14:59:40.025,0.93763,0.93786,1.00,1.00
2018.03.08 14:59:40.360,0.93761,0.93786,1.00,1.00
2018.03.08 14:59:40.542,0.93764,0.93786,1.00,1.00
2018.03.08 14:59:40.593,0.93764,0.93789,1.00,1.00
2018.03.08 14:59:40.644,0.93765,0.93787,1.00,1.00
2018.03.08 14:59:41.740,0.93765,0.93789,1.00,1.00
2018.03.08 14:59:42.126,0.93767,0.93789,1.00,1.00
2018.03.08 14:59:42.469,0.93765,0.93788,1.00,1.00
2018.03.08 14:59:42.643,0.93762,0.93783,1.00,1.00
2018.03.08 14:59:42.694,0.93761,0.93785,1.00,1.00
2018.03.08 14:59:42.876,0.93763,0.93785,1.00,1.00
2018.03.08 14:59:42.926,0.93759,0.93783,1.00,1.00
2018.03.08 14:59:42.977,0.93758,0.9378,1.00,1.00
2018.03.08 14:59:43.639,0.93756,0.93778,1.00,1.00
2018.03.08 14:59:43.866,0.93754,0.93778,1.00,1.00
2018.03.08 14:59:44.433,0.93753,0.93777,1.00,1.00
2018.03.08 14:59:44.601,0.93753,0.93775,1.00,1.00
2018.03.08 14:59:44.905,0.93755,0.93777,1.00,1.00
2018.03.08 14:59:45.104,0.93758,0.93781,1.00,1.00
2018.03.08 14:59:46.281,0.93753,0.93775,1.00,1.00
2018.03.08 14:59:46.498,0.93751,0.93774,1.00,1.00
2018.03.08 14:59:47.125,0.93753,0.93776,1.00,1.00
2018.03.08 14:59:47.227,0.93754,0.93779,1.00,1.00
2018.03.08 14:59:47.479,0.93753,0.93777,1.00,1.00
2018.03.08 14:59:47.789,0.93755,0.93779,1.00,1.00
2018.03.08 14:59:48.957,0.93754,0.93776,1.00,1.00
2018.03.08 14:59:49.978,0.93756,0.9378,1.00,1.00
2018.03.08 14:59:50.404,0.93754,0.93778,1.00,1.00
2018.03.08 14:59:50.621,0.93751,0.93776,1.00,1.00
2018.03.08 14:59:50.672,0.9375,0.93773,1.00,1.00
2018.03.08 14:59:50.884,0.93748,0.93773,1.00,1.00
2018.03.08 14:59:51.023,0.93747,0.93771,1.00,1.00
2018.03.08 14:59:51.327,0.93752,0.93775,1.00,1.00
2018.03.08 14:59:51.378,0.9375,0.93774,1.00,1.00
2018.03.08 14:59:51.636,0.93752,0.93775,1.00,1.00
2018.03.08 14:59:52.204,0.93751,0.93775,1.00,1.00
2018.03.08 14:59:52.721,0.9375,0.93774,1.00,1.00
2018.03.08 14:59:53.159,0.93747,0.93775,1.50,1.00
2018.03.08 14:59:53.209,0.9375,0.93773,1.00,1.00
2018.03.08 14:59:53.587,0.93752,0.93774,1.00,1.00
2018.03.08 14:59:53.860,0.93753,0.93776,1.00,1.00
2018.03.08 14:59:53.911,0.93752,0.93779,1.00,1.00
2018.03.08 14:59:54.092,0.93751,0.93776,1.00,1.00
2018.03.08 14:59:54.143,0.93751,0.93779,1.00,1.00
2018.03.08 14:59:54.193,0.93751,0.93777,1.00,1.00
2018.03.08 14:59:54.493,0.93751,0.93779,1.00,1.00
2018.03.08 14:59:54.645,0.93752,0.93777,1.00,1.00
2018.03.08 14:59:54.696,0.93752,0.93779,1.00,1.00
2018.03.08 14:59:54.848,0.93752,0.93776,1.00,1.00
2018.03.08 14:59:55.201,0.93752,0.93778,1.00,1.00
2018.03.08 14:59:55.252,0.93754,0.93778,1.00,1.00
2018.03.08 14:59:55.560,0.93753,0.93776,1.00,1.00
2018.03.08 14:59:56.043,0.93755,0.93778,1.00,1.00
2018.03.08 14:59:56.638,0.93755,0.93779,1.00,1.00
2018.03.08 14:59:57.152,0.93756,0.93778,1.00,1.00
2018.03.08 14:59:57.304,0.93756,0.9378,1.00,1.12
2018.03.08 14:59:57.886,0.9376,0.93781,1.00,1.50
2018.03.08 14:59:57.988,0.9376,0.93784,1.00,1.00
2018.03.08 14:59:58.038,0.93759,0.93782,1.00,1.00
2018.03.08 14:59:58.368,0.93758,0.9378,1.00,1.00
2018.03.08 14:59:58.426,0.93756,0.93779,1.00,1.00
2018.03.08 14:59:59.065,0.93757,0.93779,1.00,1.50
2018.03.08 14:59:59.116,0.93755,0.93777,1.00,1.00
2018.03.08 14:59:59.166,0.93751,0.93777,1.00,1.00
2018.03.08 14:59:59.217,0.93749,0.93772,1.00,1.00
2018.03.08 14:59:59.407,0.93742,0.93766,1.00,1.00
2018.03.08 14:59:59.932,0.93742,0.93765,1.00,1.00
