2015.10.16 09:00:00.998,0.87702,0.87743,1.00,1.00
2015.10.16 09:00:01.386,0.87708,0.87747,1.00,1.00
2015.10.16 09:00:03.208,0.87707,0.87748,1.00,1.00
2015.10.16 09:00:07.381,0.87702,0.87743,1.00,1.00
2015.10.16 09:00:07.852,0.87708,0.87747,1.00,1.00
2015.10.16 09:00:08.370,0.87703,0.87742,1.00,1.00
2015.10.16 09:00:09.145,0.87707,0.87748,1.00,1.00
2015.10.16 09:00:09.580,0.87702,0.87743,1.50,1.00
2015.10.16 09:00:10.599,0.87708,0.87747,1.00,1.00
2015.10.16 09:00:12.085,0.87703,0.8775,1.00,1.00
2015.10.16 09:00:12.136,0.87707,0.8775,1.00,1.00
2015.10.16 09:00:13.100,0.87707,0.87753,1.00,1.50
2015.10.16 09:00:14.325,0.87713,0.87757,1.00,1.00
2015.10.16 09:00:15.209,0.87713,0.87753,1.00,1.00
2015.10.16 09:00:15.491,0.87708,0.87753,1.00,1.00
2015.10.16 09:00:15.542,0.87707,0.87748,1.00,1.00
2015.10.16 09:00:16.068,0.87708,0.87747,1.00,1.00
2015.10.16 09:00:16.868,0.87703,0.87752,1.00,1.50
2015.10.16 09:00:17.059,0.87713,0.87752,1.00,1.50
2015.10.16 09:00:18.026,0.87712,0.87753,1.00,1.00
2015.10.16 09:00:18.167,0.87712,0.87756,1.00,1.00
2015.10.16 09:00:18.488,0.87713,0.87752,1.00,1.00
2015.10.16 09:00:24.538,0.87712,0.87753,1.00,1.00
2015.10.16 09:00:25.043,0.87713,0.87752,1.00,1.00
2015.10.16 09:00:27.288,0.87712,0.87753,1.00,1.00
2015.10.16 09:00:29.708,0.87708,0.87747,1.00,1.00
2015.10.16 09:00:30.811,0.87713,0.87752,1.00,1.50
2015.10.16 09:00:35.100,0.87712,0.87753,1.00,1.00
2015.10.16 09:00:36.311,0.87713,0.87752,1.00,1.00
2015.10.16 09:00:46.576,0.87713,0.87754,1.00,1.00
2015.10.16 09:00:46.627,0.87713,0.87756,1.00,1.00
2015.10.16 09:00:47.186,0.87713,0.87757,1.00,1.50
2015.10.16 09:00:49.893,0.87713,0.87756,1.00,1.00
2015.10.16 09:00:50.394,0.87713,0.87753,1.00,1.00
2015.10.16 09:00:55.310,0.87713,0.87754,1.00,1.00
2015.10.16 09:00:57.015,0.87704,0.87753,1.60,1.00
2015.10.16 09:00:57.116,0.87707,0.87752,1.00,1.00
2015.10.16 09:00:57.627,0.87707,0.87753,1.00,1.50
2015.10.16 09:00:58.237,0.87707,0.87752,1.00,1.00
2015.10.16 09:01:00.059,0.87707,0.87751,1.00,1.00
2015.10.16 09:01:00.123,0.87707,0.87753,1.00,1.50
2015.10.16 09:01:00.773,0.87708,0.87752,1.00,1.00
2015.10.16 09:01:01.389,0.87712,0.87753,1.00,1.00
2015.10.16 09:01:01.947,0.87707,0.87753,1.00,1.50
2015.10.16 09:01:04.582,0.87712,0.87754,1.00,1.00
2015.10.16 09:01:05.021,0.87707,0.87753,1.00,1.00
2015.10.16 09:01:05.464,0.87713,0.87754,1.00,1.00
2015.10.16 09:01:05.729,0.87707,0.87753,1.00,1.00
2015.10.16 09:01:10.339,0.87713,0.87753,1.00,1.00
2015.10.16 09:01:11.375,0.87708,0.87752,1.00,1.00
2015.10.16 09:01:22.175,0.87708,0.87749,1.00,1.00
2015.10.16 09:01:22.375,0.87708,0.87751,1.00,1.00
2015.10.16 09:01:22.475,0.87708,0.87744,1.00,1.00
2015.10.16 09:01:22.776,0.87703,0.87741,1.60,1.00
2015.10.16 09:01:23.207,0.87702,0.87743,1.00,1.00
2015.10.16 09:01:23.887,0.87708,0.87744,1.00,1.00
2015.10.16 09:01:27.057,0.87702,0.87743,1.00,1.00
2015.10.16 09:01:27.387,0.87708,0.87744,1.00,1.00
2015.10.16 09:01:28.565,0.87702,0.87743,1.00,1.00
2015.10.16 09:01:30.357,0.87707,0.87744,1.00,1.00
2015.10.16 09:01:31.095,0.87707,0.87743,1.00,1.00
2015.10.16 09:01:31.347,0.87703,0.87742,1.00,1.00
2015.10.16 09:01:31.806,0.87707,0.87747,1.00,1.00
2015.10.16 09:01:32.369,0.87707,0.87748,1.00,1.00
2015.10.16 09:01:33.128,0.87713,0.8775,1.00,1.00
2015.10.16 09:01:33.736,0.87713,0.87749,1.00,1.00
2015.10.16 09:01:34.296,0.87713,0.8775,1.00,1.00
2015.10.16 09:01:34.397,0.87713,0.87752,1.00,1.50
2015.10.16 09:01:36.500,0.87713,0.8775,1.00,1.00
2015.10.16 09:01:37.195,0.87713,0.87751,1.00,1.00
2015.10.16 09:01:37.836,0.87713,0.87746,1.00,1.00
2015.10.16 09:01:37.902,0.87713,0.8775,1.00,1.00
2015.10.16 09:01:38.102,0.87713,0.87752,1.00,1.50
2015.10.16 09:01:39.389,0.87708,0.87747,1.00,1.00
2015.10.16 09:01:41.356,0.87703,0.87752,1.60,1.50
2015.10.16 09:01:41.917,0.87707,0.87752,1.00,1.00
2015.10.16 09:01:42.787,0.87713,0.87752,1.00,1.00
2015.10.16 09:01:43.319,0.87713,0.87754,1.00,1.00
2015.10.16 09:01:44.002,0.87718,0.87757,1.00,1.00
2015.10.16 09:01:44.366,0.87718,0.87762,1.00,1.00
2015.10.16 09:01:44.936,0.87717,0.87763,1.00,1.50
2015.10.16 09:01:45.667,0.87718,0.87762,1.00,1.00
2015.10.16 09:01:47.636,0.87717,0.87763,1.00,1.00
2015.10.16 09:01:48.462,0.87718,0.87762,1.00,1.00
2015.10.16 09:01:52.291,0.87723,0.87763,1.00,1.00
2015.10.16 09:01:52.597,0.87717,0.87763,1.12,1.50
2015.10.16 09:01:55.795,0.87717,0.87763,1.50,1.50
2015.10.16 09:01:57.827,0.87717,0.87763,1.00,1.50
2015.10.16 09:01:58.651,0.87723,0.87763,1.00,1.00
2015.10.16 09:01:59.726,0.87718,0.87762,1.00,1.00
2015.10.16 09:02:00.058,0.87723,0.87763,1.00,1.00
2015.10.16 09:02:02.835,0.87718,0.87762,1.00,1.00
2015.10.16 09:02:15.390,0.87723,0.87764,1.00,1.00
2015.10.16 09:02:17.326,0.87718,0.87762,1.00,1.00
2015.10.16 09:02:18.154,0.87722,0.87765,1.00,1.00
2015.10.16 09:02:18.696,0.87723,0.87764,1.00,1.00
2015.10.16 09:02:18.756,0.87718,0.87762,1.00,1.00
2015.10.16 09:02:24.807,0.87723,0.87765,1.00,1.00
2015.10.16 09:02:24.958,0.87723,0.87767,1.00,1.50
2015.10.16 09:02:25.310,0.87723,0.87765,1.00,1.00
2015.10.16 09:02:27.975,0.87723,0.87767,1.00,1.50
2015.10.16 09:02:28.495,0.87723,0.87766,1.00,1.00
2015.10.16 09:02:29.017,0.87723,0.87767,1.00,1.50
2015.10.16 09:02:29.536,0.87728,0.87767,1.00,1.00
2015.10.16 09:02:29.875,0.87732,0.8777,1.00,1.00
2015.10.16 09:02:32.345,0.87732,0.87773,1.00,1.00
2015.10.16 09:02:32.707,0.87737,0.87775,1.00,1.00
2015.10.16 09:02:32.757,0.87737,0.87778,1.00,2.10
2015.10.16 09:02:32.858,0.87732,0.87778,1.00,1.00
2015.10.16 09:02:33.078,0.87738,0.87778,1.00,1.00
2015.10.16 09:02:33.385,0.87738,0.87776,1.00,1.00
2015.10.16 09:02:33.688,0.87738,0.87774,1.00,1.00
2015.10.16 09:02:34.116,0.87737,0.87776,1.00,1.00
2015.10.16 09:02:34.726,0.87737,0.87777,1.00,1.00
2015.10.16 09:02:35.860,0.87738,0.87777,1.00,1.00
2015.10.16 09:02:36.470,0.87737,0.87776,1.00,1.00
2015.10.16 09:02:36.855,0.87737,0.87783,1.00,1.00
2015.10.16 09:02:37.555,0.87738,0.87782,1.00,1.00
2015.10.16 09:02:37.609,0.87748,0.87786,1.00,1.00
2015.10.16 09:02:37.876,0.87748,0.87795,1.00,1.00
2015.10.16 09:02:37.977,0.87748,0.87797,1.00,1.00
2015.10.16 09:02:38.115,0.87752,0.87798,1.00,1.50
2015.10.16 09:02:38.795,0.87753,0.87797,1.00,1.00
2015.10.16 09:02:38.897,0.87748,0.87798,1.00,1.00
2015.10.16 09:02:38.998,0.8775,0.87798,1.00,1.00
2015.10.16 09:02:39.326,0.87753,0.87797,1.00,1.00
2015.10.16 09:02:40.071,0.87752,0.87798,1.00,1.00
2015.10.16 09:02:40.414,0.87753,0.87796,1.00,1.00
2015.10.16 09:02:40.755,0.87753,0.87794,1.00,1.00
2015.10.16 09:02:42.398,0.87753,0.87792,1.00,1.00
2015.10.16 09:02:42.625,0.87748,0.87792,1.00,1.00
2015.10.16 09:02:43.068,0.87753,0.87791,1.00,1.00
2015.10.16 09:02:43.640,0.87753,0.8779,1.00,1.00
2015.10.16 09:02:46.158,0.87737,0.87787,1.00,2.10
2015.10.16 09:02:46.265,0.87737,0.87783,1.00,1.00
2015.10.16 09:02:46.316,0.87737,0.87778,1.00,1.00
2015.10.16 09:02:46.618,0.87742,0.87789,1.00,1.00
2015.10.16 09:02:46.878,0.87742,0.87786,1.00,1.00
2015.10.16 09:02:46.980,0.87742,0.87789,1.00,1.00
2015.10.16 09:02:47.369,0.87737,0.87787,1.00,1.00
2015.10.16 09:02:47.956,0.87738,0.87786,1.00,1.00
2015.10.16 09:02:48.835,0.87737,0.87786,1.00,1.00
2015.10.16 09:02:48.886,0.87737,0.87784,1.00,1.00
2015.10.16 09:02:49.025,0.87737,0.87786,1.00,1.00
2015.10.16 09:02:49.165,0.87743,0.87782,1.00,1.00
2015.10.16 09:02:50.400,0.87748,0.87785,1.00,1.60
2015.10.16 09:02:50.925,0.87748,0.87782,1.00,1.00
2015.10.16 09:02:51.126,0.87748,0.87792,1.00,2.25
2015.10.16 09:02:51.358,0.87753,0.87791,1.00,1.00
2015.10.16 09:02:52.635,0.87748,0.87791,1.00,1.00
2015.10.16 09:02:52.691,0.87748,0.87789,1.00,1.00
2015.10.16 09:02:53.305,0.87748,0.87787,1.00,1.00
2015.10.16 09:02:53.894,0.87747,0.87788,1.00,1.00
2015.10.16 09:02:54.229,0.87743,0.87781,1.00,1.35
2015.10.16 09:02:54.330,0.87738,0.87781,1.00,1.00
2015.10.16 09:02:55.055,0.87738,0.87782,1.00,1.00
2015.10.16 09:02:55.106,0.87737,0.87791,1.00,1.00
2015.10.16 09:02:55.430,0.87747,0.87791,1.00,1.00
2015.10.16 09:02:57.525,0.87747,0.87791,1.00,1.60
2015.10.16 09:02:57.911,0.87748,0.87787,1.00,1.00
2015.10.16 09:02:58.593,0.87747,0.87788,1.00,1.00
2015.10.16 09:02:59.488,0.87752,0.87793,1.00,1.60
2015.10.16 09:02:59.590,0.87756,0.878,1.35,1.00
2015.10.16 09:02:59.690,0.87756,0.87802,1.35,1.00
2015.10.16 09:02:59.791,0.87759,0.87807,2.10,1.50
2015.10.16 09:03:00.094,0.87766,0.87807,2.10,1.00
2015.10.16 09:03:00.145,0.87766,0.87812,2.10,1.00
2015.10.16 09:03:00.345,0.87777,0.87815,1.00,1.00
2015.10.16 09:03:00.457,0.87773,0.87812,1.00,1.50
2015.10.16 09:03:00.796,0.87767,0.87811,1.00,1.00
2015.10.16 09:03:01.127,0.87762,0.87808,2.25,1.00
2015.10.16 09:03:01.545,0.87768,0.87807,1.00,1.00
2015.10.16 09:03:02.791,0.87763,0.87802,1.75,1.00
2015.10.16 09:03:03.164,0.87762,0.87803,1.00,1.00
2015.10.16 09:03:06.871,0.87762,0.87798,1.00,1.00
2015.10.16 09:03:09.379,0.87757,0.87803,1.60,1.00
2015.10.16 09:03:09.574,0.87762,0.87803,1.00,1.00
2015.10.16 09:03:11.432,0.87762,0.87802,1.00,1.00
2015.10.16 09:03:11.987,0.87762,0.87803,1.00,1.00
2015.10.16 09:03:15.532,0.87763,0.87802,1.00,1.00
2015.10.16 09:03:27.714,0.87762,0.87803,1.00,1.00
2015.10.16 09:03:28.254,0.87763,0.87802,1.00,1.00
2015.10.16 09:03:31.384,0.87757,0.878,1.00,1.00
2015.10.16 09:03:31.485,0.87757,0.87795,1.00,1.00
2015.10.16 09:03:31.586,0.87752,0.87794,1.00,1.00
2015.10.16 09:03:32.377,0.87752,0.87793,1.00,1.00
2015.10.16 09:03:42.664,0.87752,0.87793,1.00,1.37
2015.10.16 09:03:43.675,0.87753,0.87792,1.00,1.12
2015.10.16 09:03:44.685,0.87753,0.87792,1.00,1.37
2015.10.16 09:03:48.603,0.87753,0.87792,1.00,1.75
2015.10.16 09:03:54.774,0.87753,0.87792,1.00,1.37
2015.10.16 09:03:55.284,0.87752,0.87793,1.00,1.37
2015.10.16 09:03:57.103,0.87758,0.87797,1.00,3.75
2015.10.16 09:03:57.733,0.87758,0.87797,1.00,1.87
2015.10.16 09:03:58.482,0.87758,0.87796,1.00,1.00
2015.10.16 09:04:03.697,0.87758,0.87796,1.00,1.37
2015.10.16 09:04:06.583,0.87753,0.87792,1.00,1.00
2015.10.16 09:04:06.805,0.87758,0.87796,1.00,1.12
2015.10.16 09:04:08.863,0.87753,0.87792,1.00,1.00
2015.10.16 09:04:13.164,0.87752,0.87793,1.00,1.00
2015.10.16 09:04:14.583,0.87758,0.87797,1.00,1.87
2015.10.16 09:04:16.453,0.87753,0.87792,1.00,1.00
2015.10.16 09:04:17.328,0.87758,0.87797,1.00,1.87
2015.10.16 09:04:19.396,0.87758,0.87794,1.00,1.00
2015.10.16 09:04:19.447,0.87753,0.87794,1.00,1.00
2015.10.16 09:04:19.548,0.87758,0.87795,1.00,1.00
2015.10.16 09:04:19.599,0.87758,0.87797,1.00,1.00
2015.10.16 09:04:20.085,0.87752,0.87793,1.35,1.00
2015.10.16 09:04:20.304,0.87758,0.87797,1.00,1.00
2015.10.16 09:04:20.566,0.87757,0.87803,1.00,1.87
2015.10.16 09:04:20.954,0.87763,0.87802,1.00,1.37
2015.10.16 09:04:22.655,0.87758,0.87802,1.00,1.00
2015.10.16 09:04:24.103,0.87758,0.87801,1.00,1.00
2015.10.16 09:04:24.405,0.87758,0.87796,1.00,1.00
2015.10.16 09:04:24.610,0.87753,0.87795,1.00,1.37
2015.10.16 09:04:25.178,0.87752,0.87793,1.00,1.50
2015.10.16 09:04:27.436,0.87752,0.87793,1.00,1.75
2015.10.16 09:04:32.974,0.87747,0.87793,1.00,1.75
2015.10.16 09:04:33.565,0.87753,0.87792,1.00,1.75
2015.10.16 09:04:34.217,0.87753,0.87792,1.60,1.75
2015.10.16 09:04:35.903,0.87753,0.87792,1.60,1.37
2015.10.16 09:04:36.035,0.87749,0.87793,1.60,1.37
2015.10.16 09:04:36.393,0.87753,0.87797,1.00,3.00
2015.10.16 09:04:37.794,0.87749,0.87793,1.60,1.37
2015.10.16 09:04:37.902,0.87752,0.87793,1.00,1.37
2015.10.16 09:04:38.872,0.87752,0.87793,1.00,1.37
2015.10.16 09:04:40.653,0.87753,0.87797,1.00,2.25
2015.10.16 09:04:41.260,0.87752,0.87793,1.00,1.37
2015.10.16 09:04:41.842,0.87752,0.87793,1.00,1.75
2015.10.16 09:04:47.362,0.87753,0.87792,1.00,1.75
2015.10.16 09:04:49.690,0.87752,0.87793,1.00,1.75
2015.10.16 09:04:52.212,0.87752,0.87793,1.00,1.75
2015.10.16 09:04:54.762,0.87752,0.8779,1.00,1.35
2015.10.16 09:04:55.084,0.87742,0.87781,1.00,2.25
2015.10.16 09:04:55.603,0.87742,0.87783,1.60,1.00
2015.10.16 09:04:55.703,0.87742,0.87788,1.60,1.00
2015.10.16 09:04:56.035,0.87748,0.87787,1.00,1.00
2015.10.16 09:04:56.524,0.87752,0.87793,1.00,1.37
2015.10.16 09:04:57.261,0.87747,0.87793,1.00,1.37
2015.10.16 09:04:57.778,0.87748,0.87794,1.00,1.37
2015.10.16 09:04:57.936,0.87744,0.87793,1.00,1.37
2015.10.16 09:04:58.144,0.87742,0.87787,1.60,1.00
2015.10.16 09:04:58.468,0.87748,0.87792,1.00,1.37
2015.10.16 09:04:59.129,0.87748,0.87792,1.00,1.50
2015.10.16 09:05:01.560,0.87748,0.87792,1.00,1.37
2015.10.16 09:05:05.414,0.87743,0.87787,1.35,1.00
2015.10.16 09:05:05.624,0.87748,0.87792,1.00,2.25
2015.10.16 09:05:07.555,0.87743,0.87787,1.35,1.00
2015.10.16 09:05:17.072,0.87738,0.87787,1.00,1.00
2015.10.16 09:05:17.436,0.87738,0.87782,1.00,1.00
2015.10.16 09:05:19.266,0.87737,0.87783,1.00,1.37
2015.10.16 09:05:22.348,0.87737,0.87783,1.00,1.37
2015.10.16 09:05:24.996,0.87737,0.87783,1.00,1.00
2015.10.16 09:05:25.320,0.87739,0.87783,1.00,1.00
2015.10.16 09:05:27.877,0.87738,0.87783,1.00,1.00
2015.10.16 09:05:28.743,0.87739,0.87783,1.00,1.00
2015.10.16 09:05:30.266,0.87737,0.87783,1.50,1.00
2015.10.16 09:05:31.145,0.87737,0.87788,1.50,1.12
2015.10.16 09:05:31.196,0.87739,0.87788,1.00,1.12
2015.10.16 09:05:31.720,0.87743,0.87787,1.00,1.00
2015.10.16 09:05:32.375,0.87742,0.87788,1.00,1.12
2015.10.16 09:05:35.092,0.87743,0.87787,1.00,1.00
2015.10.16 09:05:35.618,0.87743,0.87786,1.00,1.00
2015.10.16 09:05:35.669,0.87738,0.87786,1.35,1.00
2015.10.16 09:05:35.820,0.87738,0.87784,1.35,1.00
2015.10.16 09:05:36.601,0.87738,0.87782,1.00,1.00
2015.10.16 09:05:37.896,0.87728,0.87778,1.00,1.00
2015.10.16 09:05:38.075,0.87733,0.87781,1.00,1.00
2015.10.16 09:05:38.403,0.87733,0.87772,1.00,1.00
2015.10.16 09:05:42.473,0.87732,0.87773,1.00,1.00
2015.10.16 09:05:48.983,0.87733,0.87772,1.00,1.00
2015.10.16 09:05:49.502,0.87732,0.87773,1.00,1.00
2015.10.16 09:05:51.824,0.87733,0.87772,1.00,1.00
2015.10.16 09:05:53.253,0.87738,0.87775,1.00,1.00
2015.10.16 09:05:54.219,0.87738,0.87777,1.00,1.87
2015.10.16 09:05:55.423,0.87733,0.87772,1.00,1.00
2015.10.16 09:05:55.924,0.87733,0.8777,1.00,1.00
2015.10.16 09:05:56.143,0.87727,0.87767,1.00,1.00
2015.10.16 09:05:56.224,0.87733,0.87767,1.00,1.00
2015.10.16 09:05:56.498,0.87728,0.87768,1.00,1.00
2015.10.16 09:05:57.072,0.87728,0.87767,1.00,1.00
2015.10.16 09:05:58.094,0.87723,0.87762,1.00,1.00
2015.10.16 09:05:58.574,0.87727,0.87764,1.00,1.00
2015.10.16 09:06:00.313,0.87722,0.87764,1.35,1.00
2015.10.16 09:06:00.414,0.87728,0.87764,1.00,1.00
2015.10.16 09:06:00.465,0.87728,0.87766,1.00,1.00
2015.10.16 09:06:01.431,0.87723,0.87762,1.00,1.00
2015.10.16 09:06:03.816,0.87728,0.87766,1.00,1.00
2015.10.16 09:06:04.516,0.87728,0.87765,1.00,1.00
2015.10.16 09:06:06.750,0.87728,0.87765,1.00,1.37
2015.10.16 09:06:10.233,0.87728,0.87765,1.00,1.12
2015.10.16 09:06:10.523,0.87723,0.87762,1.00,1.00
2015.10.16 09:06:11.293,0.87727,0.87765,1.00,1.12
2015.10.16 09:06:12.953,0.87722,0.87763,1.35,1.00
2015.10.16 09:06:13.054,0.87728,0.87764,1.00,1.00
2015.10.16 09:06:13.960,0.87728,0.87763,1.00,1.00
2015.10.16 09:06:14.331,0.87722,0.87763,1.35,1.50
2015.10.16 09:06:16.573,0.87723,0.87762,1.00,1.00
2015.10.16 09:06:19.195,0.87723,0.87761,1.00,1.00
2015.10.16 09:06:21.889,0.87723,0.87758,1.00,1.00
2015.10.16 09:06:22.040,0.87718,0.87758,1.00,1.00
2015.10.16 09:06:22.091,0.87717,0.87756,1.72,1.00
2015.10.16 09:06:22.775,0.87718,0.87755,1.00,1.00
2015.10.16 09:06:23.536,0.87718,0.87756,1.00,1.00
2015.10.16 09:06:24.095,0.87718,0.87757,1.00,1.50
2015.10.16 09:06:26.410,0.87717,0.87757,1.00,1.00
2015.10.16 09:06:28.105,0.87717,0.87755,1.00,1.00
2015.10.16 09:06:31.211,0.87717,0.87756,1.00,1.00
2015.10.16 09:06:32.080,0.87717,0.87754,1.00,1.00
2015.10.16 09:06:32.632,0.87712,0.87753,1.72,1.00
2015.10.16 09:06:32.963,0.87718,0.87754,1.00,1.00
2015.10.16 09:06:35.843,0.87713,0.87752,1.60,1.00
2015.10.16 09:06:36.043,0.87718,0.87753,1.00,1.00
2015.10.16 09:06:36.593,0.87712,0.87753,1.72,1.50
2015.10.16 09:06:38.593,0.87713,0.87752,1.60,1.00
2015.10.16 09:06:51.442,0.87712,0.87753,1.60,1.00
2015.10.16 09:06:52.442,0.87718,0.87754,1.00,1.00
2015.10.16 09:06:56.062,0.87712,0.87753,1.72,1.00
2015.10.16 09:06:57.053,0.87718,0.87755,1.00,1.00
2015.10.16 09:06:57.274,0.87713,0.87754,1.60,1.00
2015.10.16 09:06:57.951,0.87712,0.87753,1.60,1.00
2015.10.16 09:06:58.372,0.87717,0.87754,1.00,1.00
2015.10.16 09:07:00.673,0.87717,0.87756,1.00,1.12
2015.10.16 09:07:00.957,0.87712,0.87753,1.60,1.00
2015.10.16 09:07:01.285,0.87718,0.87756,1.00,1.12
2015.10.16 09:07:02.882,0.87712,0.87753,1.60,1.00
2015.10.16 09:07:06.543,0.87718,0.87756,1.00,1.00
2015.10.16 09:07:07.322,0.87718,0.87756,1.00,1.50
2015.10.16 09:07:08.931,0.87713,0.87752,1.60,1.00
2015.10.16 09:07:18.113,0.87713,0.87751,1.60,1.00
2015.10.16 09:07:19.467,0.87712,0.8775,1.60,1.00
2015.10.16 09:07:21.051,0.87712,0.87751,1.60,1.00
2015.10.16 09:07:21.119,0.87712,0.87753,1.60,1.00
2015.10.16 09:07:22.511,0.87712,0.87753,1.60,1.50
2015.10.16 09:07:25.871,0.87713,0.87752,1.35,1.00
2015.10.16 09:07:29.941,0.87712,0.87753,1.60,1.00
2015.10.16 09:07:31.812,0.87713,0.87752,1.35,1.00
2015.10.16 09:07:33.024,0.87712,0.87753,1.60,1.00
2015.10.16 09:07:52.630,0.87712,0.87753,1.60,1.50
2015.10.16 09:07:57.331,0.87713,0.87752,1.60,1.00
2015.10.16 09:08:01.495,0.87707,0.87753,1.12,1.00
2015.10.16 09:08:02.105,0.87708,0.87752,1.00,1.00
2015.10.16 09:08:08.331,0.87707,0.87753,1.00,1.50
2015.10.16 09:08:08.462,0.87703,0.87752,1.00,1.00
2015.10.16 09:08:08.563,0.87703,0.87747,1.00,1.00
2015.10.16 09:08:09.210,0.87708,0.87752,1.00,1.00
2015.10.16 09:08:09.541,0.87702,0.87748,1.50,1.00
2015.10.16 09:08:10.460,0.87708,0.87752,1.00,1.00
2015.10.16 09:08:10.970,0.87703,0.87747,1.00,1.00
2015.10.16 09:08:11.080,0.87707,0.87753,1.00,1.50
2015.10.16 09:08:13.800,0.87707,0.87752,1.00,1.00
2015.10.16 09:08:15.115,0.87708,0.87752,1.00,1.50
2015.10.16 09:08:17.130,0.87703,0.87752,1.50,1.50
2015.10.16 09:08:17.408,0.87706,0.87752,1.00,1.00
2015.10.16 09:08:17.710,0.87714,0.87758,1.35,1.00
2015.10.16 09:08:18.124,0.87717,0.87763,1.00,1.37
2015.10.16 09:08:18.232,0.87713,0.87763,1.00,1.37
2015.10.16 09:08:18.385,0.87713,0.87757,1.00,1.00
2015.10.16 09:08:18.687,0.87722,0.87763,1.00,1.37
2015.10.16 09:08:18.770,0.87722,0.87763,1.00,1.00
2015.10.16 09:08:19.369,0.87723,0.87762,1.00,1.00
2015.10.16 09:08:19.921,0.87722,0.87763,1.00,1.00
2015.10.16 09:08:20.021,0.87719,0.87762,1.00,1.00
2015.10.16 09:08:20.072,0.87719,0.87762,1.60,1.00
2015.10.16 09:08:20.123,0.87719,0.87773,1.60,2.25
2015.10.16 09:08:20.223,0.8772,0.87773,1.60,1.50
2015.10.16 09:08:20.274,0.87719,0.87773,1.00,1.00
2015.10.16 09:08:20.325,0.87723,0.87772,1.00,1.00
2015.10.16 09:08:20.727,0.87723,0.87767,1.00,1.00
2015.10.16 09:08:20.890,0.87718,0.87767,2.10,1.00
2015.10.16 09:08:21.090,0.87727,0.87767,1.00,1.00
2015.10.16 09:08:21.320,0.87723,0.87767,1.00,1.00
2015.10.16 09:08:21.552,0.87723,0.87769,1.00,1.00
2015.10.16 09:08:21.660,0.87722,0.87772,1.00,1.00
2015.10.16 09:08:21.770,0.87719,0.87767,1.00,1.00
2015.10.16 09:08:21.860,0.87723,0.87772,1.00,1.50
2015.10.16 09:08:24.080,0.87727,0.87774,1.00,1.00
2015.10.16 09:08:24.280,0.87722,0.87773,1.00,1.00
2015.10.16 09:08:24.872,0.87726,0.87777,1.00,1.00
2015.10.16 09:08:24.985,0.87723,0.87778,1.00,1.12
2015.10.16 09:08:25.086,0.87728,0.87777,1.00,1.00
2015.10.16 09:08:25.417,0.87738,0.87777,1.00,1.00
2015.10.16 09:08:25.611,0.87733,0.87779,1.00,1.37
2015.10.16 09:08:25.839,0.87728,0.87772,1.00,1.00
2015.10.16 09:08:26.375,0.87733,0.87777,1.00,1.50
2015.10.16 09:08:26.591,0.87727,0.87773,1.00,1.00
2015.10.16 09:08:29.038,0.87728,0.87772,1.00,1.00
2015.10.16 09:08:29.369,0.87724,0.87773,1.00,1.00
2015.10.16 09:08:29.579,0.87728,0.87777,1.00,1.00
2015.10.16 09:08:29.910,0.87728,0.87772,1.00,1.00
2015.10.16 09:08:31.352,0.87724,0.87773,1.00,1.00
2015.10.16 09:08:31.681,0.87732,0.87773,1.00,1.00
2015.10.16 09:08:32.264,0.87732,0.87777,1.00,1.00
2015.10.16 09:08:33.176,0.87732,0.87776,1.00,1.00
2015.10.16 09:08:33.300,0.87727,0.87773,1.00,1.00
2015.10.16 09:08:37.260,0.87733,0.87777,1.00,1.00
2015.10.16 09:08:37.501,0.87727,0.87778,1.50,1.50
2015.10.16 09:08:37.720,0.87733,0.87772,1.00,1.00
2015.10.16 09:08:39.009,0.87733,0.87772,1.00,1.60
2015.10.16 09:08:39.350,0.87727,0.87768,1.00,3.75
2015.10.16 09:08:40.152,0.87723,0.87762,1.00,1.12
2015.10.16 09:08:43.880,0.87728,0.87767,1.00,1.00
2015.10.16 09:08:44.712,0.87727,0.87768,1.00,1.00
2015.10.16 09:08:44.766,0.87726,0.87777,1.60,1.50
2015.10.16 09:08:44.891,0.87738,0.87777,1.00,1.50
2015.10.16 09:08:45.531,0.87738,0.87777,1.00,1.00
2015.10.16 09:08:47.209,0.87728,0.87773,1.37,1.00
2015.10.16 09:08:47.381,0.87732,0.87774,1.00,1.00
2015.10.16 09:08:47.510,0.87727,0.87773,2.47,1.00
2015.10.16 09:08:48.019,0.87728,0.87772,1.37,1.00
2015.10.16 09:08:48.809,0.87728,0.87772,1.00,1.00
2015.10.16 09:08:49.315,0.87727,0.87773,1.00,1.00
2015.10.16 09:08:50.962,0.87723,0.87767,1.00,1.00
2015.10.16 09:08:51.770,0.87723,0.87767,1.60,1.00
2015.10.16 09:08:52.295,0.87732,0.87773,1.00,1.00
2015.10.16 09:08:52.809,0.87733,0.87772,1.00,1.00
2015.10.16 09:09:03.340,0.87733,0.87771,1.00,1.00
2015.10.16 09:09:03.863,0.87733,0.87772,1.35,1.50
2015.10.16 09:09:03.964,0.87733,0.87777,1.35,1.50
2015.10.16 09:09:04.126,0.87737,0.87778,1.00,1.00
2015.10.16 09:09:04.753,0.87738,0.87777,1.00,1.00
2015.10.16 09:09:06.293,0.87742,0.87782,1.00,1.00
2015.10.16 09:09:06.839,0.87742,0.87783,1.00,1.50
2015.10.16 09:09:08.969,0.87738,0.87777,1.00,1.00
2015.10.16 09:09:16.013,0.87733,0.87776,1.00,1.00
2015.10.16 09:09:16.174,0.87733,0.87779,1.00,1.00
2015.10.16 09:09:16.225,0.87732,0.87773,1.00,1.00
2015.10.16 09:09:16.326,0.87732,0.87778,1.60,1.00
2015.10.16 09:09:16.577,0.87734,0.87777,1.00,1.00
2015.10.16 09:09:16.678,0.87738,0.87782,1.00,1.00
2015.10.16 09:09:16.780,0.87743,0.87784,1.00,1.37
2015.10.16 09:09:16.859,0.87737,0.87783,1.00,1.12
2015.10.16 09:09:18.348,0.87738,0.87781,1.00,2.25
2015.10.16 09:09:19.765,0.87737,0.87778,1.00,1.75
2015.10.16 09:09:21.810,0.87733,0.87777,1.00,1.75
2015.10.16 09:09:21.934,0.87733,0.87773,1.00,1.00
2015.10.16 09:09:22.441,0.87742,0.87772,1.00,2.25
2015.10.16 09:09:22.609,0.87742,0.87778,1.00,1.00
2015.10.16 09:09:23.190,0.87732,0.87778,1.72,1.00
2015.10.16 09:09:23.351,0.87732,0.87773,1.72,1.00
2015.10.16 09:09:23.943,0.87733,0.87772,1.35,1.00
2015.10.16 09:09:24.269,0.8773,0.87774,1.37,2.10
2015.10.16 09:09:24.370,0.87728,0.87767,1.00,1.00
2015.10.16 09:09:24.594,0.87725,0.87767,1.35,1.00
2015.10.16 09:09:24.695,0.87727,0.87767,1.00,1.00
2015.10.16 09:09:25.241,0.87733,0.87772,1.00,1.75
2015.10.16 09:09:26.088,0.87733,0.87772,1.00,1.00
2015.10.16 09:09:26.241,0.87733,0.87777,1.00,1.75
2015.10.16 09:09:26.428,0.87737,0.87778,1.00,2.10
2015.10.16 09:09:29.090,0.87737,0.87778,1.00,2.10
2015.10.16 09:09:30.749,0.87738,0.87777,1.00,1.75
2015.10.16 09:09:30.857,0.87738,0.87782,1.60,1.37
2015.10.16 09:09:31.158,0.87743,0.87782,1.00,1.37
2015.10.16 09:09:33.490,0.87738,0.87782,1.00,1.37
2015.10.16 09:09:33.829,0.87742,0.87783,1.00,1.37
2015.10.16 09:09:34.767,0.87738,0.87777,1.00,1.00
2015.10.16 09:09:38.083,0.87737,0.87778,1.00,1.37
2015.10.16 09:09:40.718,0.87737,0.87778,1.00,1.12
2015.10.16 09:09:41.969,0.87738,0.87784,1.00,2.25
2015.10.16 09:09:42.081,0.87737,0.87783,1.35,1.00
2015.10.16 09:09:43.634,0.87743,0.87786,1.00,1.00
2015.10.16 09:09:44.168,0.87737,0.87783,1.35,1.00
2015.10.16 09:09:44.787,0.87738,0.87782,1.00,1.00
2015.10.16 09:09:46.448,0.87737,0.87782,1.00,1.00
2015.10.16 09:09:50.346,0.87737,0.87783,1.00,1.00
2015.10.16 09:09:54.478,0.87738,0.87782,1.00,1.00
2015.10.16 09:09:55.407,0.87737,0.87783,1.00,1.00
2015.10.16 09:09:56.015,0.87738,0.87782,1.00,1.00
2015.10.16 09:09:56.823,0.87737,0.87784,1.00,1.00
2015.10.16 09:09:56.924,0.87742,0.87784,1.00,1.00
2015.10.16 09:09:57.025,0.87738,0.87782,1.00,1.00
2015.10.16 09:09:57.228,0.87743,0.87782,1.00,1.50
2015.10.16 09:09:58.468,0.87738,0.87782,1.35,1.00
2015.10.16 09:09:58.813,0.87742,0.87783,1.00,1.00
2015.10.16 09:09:59.462,0.87743,0.87782,1.00,1.00
2015.10.16 09:09:59.770,0.87748,0.87784,1.00,1.00
2015.10.16 09:09:59.871,0.87743,0.87782,1.00,1.00
2015.10.16 09:10:00.088,0.87748,0.87784,1.00,1.00
2015.10.16 09:10:00.310,0.87743,0.87782,1.00,1.00
2015.10.16 09:10:01.100,0.87738,0.87782,1.12,1.00
2015.10.16 09:10:01.336,0.87738,0.87777,1.12,1.00
2015.10.16 09:10:01.745,0.87738,0.87787,2.25,1.00
2015.10.16 09:10:01.851,0.87748,0.87787,1.00,1.00
2015.10.16 09:10:02.100,0.87742,0.87788,1.00,1.00
2015.10.16 09:10:02.405,0.87743,0.87782,1.00,1.00
2015.10.16 09:10:03.219,0.87747,0.87788,1.00,1.00
2015.10.16 09:10:03.927,0.87747,0.87786,1.00,1.00
2015.10.16 09:10:04.446,0.87744,0.87782,2.25,1.00
2015.10.16 09:10:04.970,0.87744,0.87783,2.25,1.00
2015.10.16 09:10:05.040,0.87744,0.87787,2.25,1.00
2015.10.16 09:10:05.149,0.87748,0.87787,1.00,1.50
2015.10.16 09:10:05.614,0.87744,0.87782,2.25,1.00
2015.10.16 09:10:06.059,0.87747,0.87787,1.00,1.00
2015.10.16 09:10:07.596,0.87747,0.87784,1.00,1.00
2015.10.16 09:10:07.706,0.87743,0.87782,1.12,1.00
2015.10.16 09:10:08.440,0.87738,0.87782,1.00,1.50
2015.10.16 09:10:10.350,0.87733,0.87782,1.72,1.50
2015.10.16 09:10:11.049,0.87734,0.87782,1.00,1.00
2015.10.16 09:10:11.100,0.87741,0.87785,1.00,1.00
2015.10.16 09:10:11.696,0.87743,0.87782,1.00,1.00
2015.10.16 09:10:12.850,0.87742,0.87783,1.00,1.00
2015.10.16 09:10:15.461,0.87742,0.87784,1.12,1.00
2015.10.16 09:10:15.668,0.87732,0.87778,1.75,1.00
2015.10.16 09:10:16.621,0.87733,0.87782,1.50,1.50
2015.10.16 09:10:16.842,0.87743,0.87782,1.00,1.00
2015.10.16 09:10:18.170,0.87737,0.87783,1.60,1.50
2015.10.16 09:10:18.221,0.87739,0.87783,2.25,1.50
2015.10.16 09:10:18.712,0.87743,0.87782,1.00,1.00
2015.10.16 09:10:19.830,0.87739,0.87783,2.25,2.10
2015.10.16 09:10:20.139,0.87739,0.87777,2.25,1.00
2015.10.16 09:10:20.574,0.87739,0.87782,2.25,1.00
2015.10.16 09:10:21.109,0.87742,0.87783,1.00,1.00
2015.10.16 09:10:21.160,0.87743,0.87786,1.00,1.60
2015.10.16 09:10:21.739,0.87743,0.87782,1.00,1.00
2015.10.16 09:10:22.560,0.87742,0.87783,1.00,1.00
2015.10.16 09:10:22.870,0.87742,0.87785,1.00,1.00
2015.10.16 09:10:22.999,0.87747,0.87785,1.00,1.00
2015.10.16 09:10:25.626,0.87747,0.87785,1.00,1.60
2015.10.16 09:10:25.676,0.87743,0.87785,1.00,1.60
2015.10.16 09:10:26.236,0.87742,0.87783,1.00,1.00
2015.10.16 09:10:27.210,0.87743,0.87785,1.00,1.35
2015.10.16 09:10:27.399,0.87748,0.87785,1.00,1.35
2015.10.16 09:10:28.652,0.87742,0.87783,1.00,1.00
2015.10.16 09:10:30.179,0.87742,0.87785,1.00,1.60
2015.10.16 09:10:30.478,0.87743,0.87782,1.00,1.00
2015.10.16 09:10:31.689,0.87738,0.87783,2.85,1.00
2015.10.16 09:10:32.161,0.87742,0.87783,1.00,1.00
2015.10.16 09:10:34.667,0.87743,0.87784,1.00,1.00
2015.10.16 09:10:35.099,0.87743,0.87782,1.00,1.00
2015.10.16 09:10:41.072,0.87743,0.87781,1.00,1.00
2015.10.16 09:10:41.809,0.87738,0.87777,1.00,1.00
2015.10.16 09:10:58.536,0.87733,0.87772,2.10,1.00
2015.10.16 09:10:58.858,0.87738,0.87777,1.00,1.00
2015.10.16 09:10:59.520,0.87738,0.87776,1.00,1.00
2015.10.16 09:11:00.161,0.87737,0.87778,1.00,1.00
2015.10.16 09:11:00.365,0.87738,0.87778,2.25,1.00
2015.10.16 09:11:00.574,0.87743,0.87782,1.00,1.00
2015.10.16 09:11:02.048,0.87742,0.87783,1.00,1.00
2015.10.16 09:11:04.441,0.87743,0.87782,1.00,1.60
2015.10.16 09:11:07.278,0.87743,0.87782,1.00,1.60
2015.10.16 09:11:07.329,0.87738,0.87782,1.50,1.60
2015.10.16 09:11:07.679,0.87738,0.87782,1.50,1.00
2015.10.16 09:11:07.730,0.87732,0.87775,1.00,1.00
2015.10.16 09:11:07.879,0.87727,0.87773,1.00,1.00
2015.10.16 09:11:08.014,0.87733,0.87775,1.00,1.00
2015.10.16 09:11:08.116,0.87727,0.87773,1.00,1.00
2015.10.16 09:11:09.890,0.87728,0.87772,1.00,1.00
2015.10.16 09:11:10.648,0.87727,0.87773,1.00,1.00
2015.10.16 09:11:11.086,0.87731,0.87773,1.35,1.00
2015.10.16 09:11:11.195,0.8773,0.87778,1.60,1.00
2015.10.16 09:11:11.290,0.87738,0.87777,1.00,1.00
2015.10.16 09:11:11.979,0.87737,0.87778,1.00,1.50
2015.10.16 09:11:13.933,0.87738,0.87782,1.00,1.50
2015.10.16 09:11:14.039,0.87734,0.87777,1.00,1.00
2015.10.16 09:11:14.190,0.87737,0.87783,1.00,1.50
2015.10.16 09:11:15.509,0.87734,0.87782,1.00,1.00
2015.10.16 09:11:15.839,0.87738,0.87777,1.00,1.00
2015.10.16 09:11:16.676,0.87737,0.87778,1.00,1.00
2015.10.16 09:11:17.347,0.87738,0.87777,1.00,1.00
2015.10.16 09:11:18.548,0.87738,0.87779,1.00,1.00
2015.10.16 09:11:18.599,0.87738,0.87781,1.00,1.00
2015.10.16 09:11:18.982,0.87732,0.87778,1.60,1.00
2015.10.16 09:11:20.222,0.87738,0.87777,1.00,1.00
2015.10.16 09:11:20.639,0.87737,0.87779,1.00,1.00
2015.10.16 09:11:21.298,0.87743,0.87779,1.00,1.00
2015.10.16 09:11:21.780,0.87737,0.87778,1.00,1.00
2015.10.16 09:11:22.948,0.87738,0.87781,1.00,1.00
2015.10.16 09:11:23.394,0.87733,0.87777,1.60,1.00
2015.10.16 09:11:23.804,0.87738,0.87781,1.00,1.00
2015.10.16 09:11:24.184,0.87738,0.87779,1.00,1.00
2015.10.16 09:11:24.515,0.87732,0.87778,1.60,1.00
2015.10.16 09:11:25.299,0.87733,0.87777,1.60,1.00
2015.10.16 09:11:25.913,0.87732,0.87778,1.60,1.50
2015.10.16 09:11:26.385,0.87732,0.87776,1.60,1.00
2015.10.16 09:11:28.389,0.87732,0.87777,1.60,1.00
2015.10.16 09:11:28.767,0.87732,0.87775,1.60,1.00
2015.10.16 09:11:33.335,0.87733,0.87777,1.60,1.50
2015.10.16 09:11:37.442,0.87733,0.87773,1.60,1.00
2015.10.16 09:11:38.058,0.87733,0.87772,1.00,1.00
2015.10.16 09:11:38.716,0.87732,0.87773,1.00,1.50
2015.10.16 09:11:39.778,0.87733,0.87772,1.00,1.00
2015.10.16 09:11:40.555,0.87728,0.87772,1.50,1.00
2015.10.16 09:11:40.767,0.87732,0.87773,1.00,1.50
2015.10.16 09:11:41.495,0.87733,0.87772,1.00,1.00
2015.10.16 09:11:42.217,0.87728,0.87773,1.60,1.00
2015.10.16 09:11:42.268,0.87733,0.87772,1.00,1.00
2015.10.16 09:11:43.078,0.87732,0.87773,1.00,1.00
2015.10.16 09:11:44.968,0.87728,0.87772,1.50,1.00
2015.10.16 09:11:45.277,0.87728,0.87767,1.50,1.00
2015.10.16 09:11:46.377,0.87728,0.87768,1.00,1.00
2015.10.16 09:11:49.597,0.87728,0.87767,1.50,1.00
2015.10.16 09:11:51.597,0.87727,0.87767,2.10,1.00
2015.10.16 09:11:53.446,0.87727,0.87765,1.35,1.00
2015.10.16 09:11:53.794,0.87723,0.87762,1.00,2.10
2015.10.16 09:11:53.895,0.87712,0.87756,1.00,1.67
2015.10.16 09:11:53.997,0.87707,0.87754,1.00,1.37
2015.10.16 09:11:54.123,0.87713,0.87752,1.00,1.00
2015.10.16 09:11:54.628,0.87708,0.87747,1.00,1.00
2015.10.16 09:11:55.642,0.87703,0.87749,1.00,1.37
2015.10.16 09:11:55.839,0.87707,0.87749,1.00,1.37
2015.10.16 09:11:56.202,0.87703,0.8775,1.00,1.50
2015.10.16 09:11:56.645,0.87712,0.87752,1.00,1.75
2015.10.16 09:11:56.877,0.87712,0.87752,1.00,1.00
2015.10.16 09:11:59.057,0.87712,0.8775,1.00,1.00
2015.10.16 09:11:59.502,0.87707,0.87744,1.00,1.00
2015.10.16 09:11:59.553,0.87702,0.87744,1.00,1.00
2015.10.16 09:11:59.777,0.87697,0.87743,1.00,1.60
2015.10.16 09:11:59.878,0.87698,0.8774,1.00,3.00
2015.10.16 09:12:00.361,0.87692,0.8774,1.00,2.25
2015.10.16 09:12:01.072,0.87693,0.87737,1.00,1.00
2015.10.16 09:12:01.391,0.87693,0.87734,1.00,1.00
2015.10.16 09:12:01.448,0.87688,0.87734,1.00,1.00
2015.10.16 09:12:01.664,0.87688,0.87729,1.00,1.00
2015.10.16 09:12:02.176,0.87687,0.87728,1.00,1.00
2015.10.16 09:12:02.786,0.87687,0.87727,1.00,1.00
2015.10.16 09:12:03.495,0.87687,0.87729,1.00,1.00
2015.10.16 09:12:04.020,0.87688,0.87729,1.00,1.00
2015.10.16 09:12:04.220,0.87683,0.87729,1.00,1.00
2015.10.16 09:12:04.962,0.87692,0.87729,1.00,1.00
2015.10.16 09:12:07.083,0.87685,0.87729,2.10,1.00
2015.10.16 09:12:07.134,0.87683,0.87729,2.47,1.00
2015.10.16 09:12:07.185,0.87692,0.87729,1.00,1.00
2015.10.16 09:12:07.320,0.87692,0.87731,1.00,1.00
2015.10.16 09:12:07.973,0.87693,0.87731,1.00,1.00
2015.10.16 09:12:12.617,0.87693,0.87729,1.00,1.00
2015.10.16 09:12:13.939,0.87693,0.8773,1.00,1.00
2015.10.16 09:12:14.590,0.87693,0.87729,1.00,1.00
2015.10.16 09:12:23.551,0.87693,0.87727,1.00,1.00
2015.10.16 09:12:29.416,0.87693,0.87728,1.00,1.00
2015.10.16 09:12:31.476,0.87688,0.87727,1.35,1.00
2015.10.16 09:12:35.377,0.87688,0.87727,1.35,2.25
2015.10.16 09:12:35.768,0.87683,0.87724,1.60,1.37
2015.10.16 09:12:36.206,0.87687,0.87724,1.00,1.37
2015.10.16 09:12:41.391,0.87689,0.8773,2.10,1.75
2015.10.16 09:12:42.966,0.87697,0.87732,2.10,1.75
2015.10.16 09:12:43.017,0.87697,0.87732,2.10,1.00
2015.10.16 09:12:43.068,0.87697,0.87737,2.10,1.75
2015.10.16 09:12:43.575,0.87703,0.8774,1.00,3.00
2015.10.16 09:12:44.790,0.87703,0.87742,1.00,2.25
2015.10.16 09:12:46.202,0.87697,0.87735,1.60,1.00
2015.10.16 09:12:46.252,0.87697,0.87735,1.00,1.50
2015.10.16 09:12:46.533,0.87702,0.87734,2.10,1.37
2015.10.16 09:12:46.646,0.87702,0.87746,2.47,1.00
2015.10.16 09:12:46.902,0.87702,0.87748,3.22,1.87
2015.10.16 09:12:47.532,0.87708,0.87747,1.35,1.00
2015.10.16 09:12:48.026,0.8771,0.87747,2.10,1.00
2015.10.16 09:12:48.305,0.8771,0.87752,2.10,1.50
2015.10.16 09:12:50.550,0.87708,0.87748,1.30,1.00
2015.10.16 09:13:11.052,0.87707,0.87748,2.85,1.00
2015.10.16 09:13:11.103,0.87707,0.87751,2.85,1.00
2015.10.16 09:13:11.498,0.87707,0.87748,2.85,1.00
2015.10.16 09:13:20.320,0.87707,0.87748,1.00,1.50
2015.10.16 09:13:20.775,0.87702,0.87745,1.00,1.00
2015.10.16 09:13:20.826,0.87702,0.87742,1.00,1.00
2015.10.16 09:13:20.876,0.87697,0.87742,1.00,1.00
2015.10.16 09:13:21.326,0.87698,0.87741,1.00,1.35
2015.10.16 09:13:21.635,0.87698,0.87737,1.00,1.00
2015.10.16 09:13:21.856,0.87692,0.87741,1.50,1.75
2015.10.16 09:13:22.225,0.87699,0.87743,2.10,1.75
2015.10.16 09:13:22.286,0.87699,0.87743,2.47,1.00
2015.10.16 09:13:22.337,0.87701,0.87749,1.35,1.00
2015.10.16 09:13:22.438,0.87707,0.87752,1.00,1.12
2015.10.16 09:13:22.553,0.87701,0.87749,1.35,1.00
2015.10.16 09:13:22.624,0.877,0.87751,1.72,1.00
2015.10.16 09:13:22.674,0.87703,0.87747,1.00,1.00
2015.10.16 09:13:24.175,0.87702,0.87745,1.00,1.00
2015.10.16 09:13:24.327,0.87698,0.87745,1.00,1.00
2015.10.16 09:13:24.495,0.87708,0.87746,1.00,1.12
2015.10.16 09:13:25.165,0.87702,0.87743,1.00,1.00
2015.10.16 09:13:25.375,0.87708,0.87746,1.00,1.12
2015.10.16 09:13:29.089,0.87708,0.87747,1.00,1.50
2015.10.16 09:13:32.463,0.87708,0.87751,1.00,1.00
2015.10.16 09:13:33.484,0.87708,0.87752,1.00,1.87
2015.10.16 09:13:33.636,0.87702,0.87752,1.00,1.12
2015.10.16 09:13:33.845,0.87713,0.87752,1.00,1.87
2015.10.16 09:13:36.605,0.87708,0.87752,1.00,1.00
2015.10.16 09:13:37.587,0.87708,0.87753,1.00,1.00
2015.10.16 09:13:37.809,0.87703,0.87752,1.12,1.00
2015.10.16 09:13:38.025,0.87707,0.87753,1.00,1.00
2015.10.16 09:13:40.665,0.87707,0.87752,1.00,1.00
2015.10.16 09:13:41.214,0.87708,0.87752,1.00,1.50
2015.10.16 09:13:41.551,0.87712,0.87754,1.00,1.00
2015.10.16 09:13:42.124,0.87708,0.87754,1.00,1.00
2015.10.16 09:13:42.225,0.87713,0.87752,1.00,1.00
2015.10.16 09:13:44.195,0.87707,0.87748,1.00,1.00
2015.10.16 09:13:48.508,0.87708,0.87747,1.00,1.00
2015.10.16 09:14:02.912,0.87708,0.87744,1.00,1.00
2015.10.16 09:14:03.362,0.87702,0.87743,1.12,1.00
2015.10.16 09:14:03.876,0.87697,0.87743,1.50,1.35
2015.10.16 09:14:04.236,0.87697,0.87737,1.50,1.00
2015.10.16 09:14:04.287,0.87697,0.87737,1.00,1.00
2015.10.16 09:14:10.087,0.87697,0.87738,1.00,1.12
2015.10.16 09:14:12.927,0.87697,0.87737,1.00,1.00
2015.10.16 09:14:13.473,0.87698,0.87737,1.00,1.87
2015.10.16 09:14:14.064,0.87697,0.87737,1.00,1.12
2015.10.16 09:14:16.074,0.87697,0.87738,1.00,1.87
2015.10.16 09:14:19.044,0.87697,0.87738,1.00,1.37
2015.10.16 09:14:20.334,0.87698,0.87737,1.00,1.12
2015.10.16 09:14:22.124,0.87698,0.87737,1.00,1.37
2015.10.16 09:14:24.014,0.87698,0.87737,1.00,3.22
2015.10.16 09:14:24.349,0.87683,0.87726,1.50,1.00
2015.10.16 09:14:24.627,0.87679,0.87717,2.25,1.00
2015.10.16 09:14:24.677,0.87678,0.87717,1.00,1.00
2015.10.16 09:14:27.694,0.87678,0.87717,1.00,3.00
2015.10.16 09:14:28.504,0.87678,0.87717,1.00,1.12
2015.10.16 09:14:29.609,0.87677,0.87718,1.00,1.50
2015.10.16 09:14:30.345,0.87678,0.87717,1.00,1.12
2015.10.16 09:14:31.224,0.87677,0.87718,1.00,1.50
2015.10.16 09:14:31.887,0.87677,0.87718,1.00,1.00
2015.10.16 09:14:34.706,0.87677,0.87717,1.00,1.00
2015.10.16 09:14:34.906,0.87672,0.87717,1.00,1.00
2015.10.16 09:14:35.074,0.87672,0.87713,1.00,1.00
2015.10.16 09:14:35.764,0.87672,0.87709,1.00,1.00
2015.10.16 09:14:36.103,0.87677,0.87709,1.00,1.00
2015.10.16 09:14:36.977,0.87678,0.87717,1.00,1.00
2015.10.16 09:14:39.740,0.87683,0.87722,1.00,1.50
2015.10.16 09:14:41.272,0.87678,0.87717,1.00,1.00
2015.10.16 09:14:43.984,0.87683,0.87722,1.00,1.12
2015.10.16 09:14:45.773,0.87683,0.87722,1.00,1.75
2015.10.16 09:14:48.743,0.87683,0.87722,1.00,3.00
2015.10.16 09:14:51.063,0.87678,0.87722,1.35,3.00
2015.10.16 09:14:51.270,0.87682,0.87722,1.00,2.25
2015.10.16 09:14:51.372,0.87678,0.87722,1.60,2.25
2015.10.16 09:14:51.755,0.87678,0.87716,1.60,2.25
2015.10.16 09:14:55.027,0.87677,0.87716,1.60,2.25
2015.10.16 09:14:57.269,0.87677,0.87716,1.60,2.25
2015.10.16 09:14:58.022,0.87682,0.87716,1.00,2.25
2015.10.16 09:14:58.072,0.87682,0.87719,1.00,1.00
2015.10.16 09:15:00.955,0.87682,0.87717,1.00,1.00
2015.10.16 09:15:02.135,0.87692,0.87717,1.00,1.00
2015.10.16 09:15:03.971,0.87692,0.8772,1.00,2.25
2015.10.16 09:15:04.115,0.87688,0.8772,1.00,2.25
2015.10.16 09:15:09.206,0.87688,0.87718,1.00,2.25
2015.10.16 09:15:09.285,0.87682,0.87718,1.00,2.25
2015.10.16 09:15:15.235,0.87682,0.87717,1.00,1.00
2015.10.16 09:15:19.516,0.87682,0.87717,1.60,1.00
2015.10.16 09:15:20.858,0.87682,0.87722,1.60,1.00
2015.10.16 09:15:25.222,0.87682,0.87724,1.00,2.25
2015.10.16 09:15:25.345,0.87682,0.87718,1.00,1.00
2015.10.16 09:15:25.795,0.87682,0.87715,1.00,1.00
2015.10.16 09:15:29.391,0.87678,0.87715,1.00,1.00
2015.10.16 09:15:29.816,0.87678,0.87712,1.00,1.00
2015.10.16 09:15:29.897,0.87673,0.87715,1.60,1.00
2015.10.16 09:15:29.947,0.87679,0.87715,1.00,1.00
2015.10.16 09:15:30.436,0.87683,0.87715,1.00,1.00
2015.10.16 09:15:36.675,0.87678,0.87715,1.00,1.00
2015.10.16 09:15:36.726,0.87683,0.87715,1.00,1.00
2015.10.16 09:15:37.895,0.87683,0.87717,1.00,1.00
2015.10.16 09:15:43.452,0.87678,0.87717,2.10,1.00
2015.10.16 09:15:43.658,0.87688,0.87717,1.00,1.00
2015.10.16 09:15:43.884,0.87683,0.8772,1.00,2.25
2015.10.16 09:15:47.275,0.87687,0.8772,1.00,2.25
2015.10.16 09:15:48.944,0.87683,0.8772,1.00,2.25
2015.10.16 09:15:49.576,0.87682,0.8772,1.35,2.25
2015.10.16 09:15:49.694,0.87687,0.8772,1.00,2.25
2015.10.16 09:15:50.237,0.87687,0.87719,1.00,1.00
2015.10.16 09:15:51.348,0.87682,0.87719,1.35,1.00
2015.10.16 09:15:51.674,0.87688,0.87719,1.00,1.00
2015.10.16 09:15:52.045,0.87682,0.87719,1.35,1.00
2015.10.16 09:15:52.587,0.87683,0.87719,1.00,1.00
2015.10.16 09:15:52.994,0.87688,0.87719,1.00,1.00
2015.10.16 09:15:53.672,0.87682,0.87719,1.00,1.00
2015.10.16 09:15:55.985,0.87682,0.8772,1.00,1.00
2015.10.16 09:15:56.624,0.87683,0.8772,1.00,1.00
2015.10.16 09:15:58.076,0.87687,0.8772,1.00,1.00
2015.10.16 09:15:58.276,0.87683,0.8772,1.50,1.00
2015.10.16 09:15:58.795,0.87683,0.87722,1.50,1.00
2015.10.16 09:15:58.975,0.87685,0.87722,1.00,1.00
2015.10.16 09:15:59.376,0.87692,0.87722,1.00,1.00
2015.10.16 09:16:00.075,0.87688,0.87722,1.00,1.00
2015.10.16 09:16:01.876,0.87688,0.87718,1.00,1.00
2015.10.16 09:16:06.104,0.87682,0.87718,1.00,1.00
2015.10.16 09:16:13.959,0.87682,0.8772,1.00,1.00
2015.10.16 09:16:15.058,0.87683,0.8772,1.00,1.00
2015.10.16 09:16:16.833,0.87683,0.87721,1.00,1.00
2015.10.16 09:16:18.865,0.87682,0.87721,1.00,1.00
2015.10.16 09:16:19.283,0.87688,0.87721,1.00,1.00
2015.10.16 09:16:19.952,0.87688,0.87721,1.00,2.25
2015.10.16 09:16:21.064,0.87682,0.87721,1.00,2.25
2015.10.16 09:16:21.407,0.87688,0.87721,1.00,2.25
2015.10.16 09:16:22.027,0.87682,0.87721,1.00,2.25
2015.10.16 09:16:22.884,0.87682,0.87719,1.00,2.25
2015.10.16 09:16:27.094,0.87683,0.87719,1.00,2.25
2015.10.16 09:16:29.044,0.87683,0.87718,1.00,1.00
2015.10.16 09:16:34.305,0.87676,0.8772,2.10,2.25
2015.10.16 09:16:34.356,0.87672,0.8772,1.60,3.00
2015.10.16 09:16:34.457,0.87672,0.87713,1.60,2.25
2015.10.16 09:16:35.064,0.87678,0.87713,1.00,2.25
2015.10.16 09:16:37.424,0.87678,0.87715,1.00,1.00
2015.10.16 09:16:40.013,0.87678,0.87715,1.60,1.00
2015.10.16 09:16:40.064,0.87678,0.87717,1.60,1.00
2015.10.16 09:16:40.316,0.87678,0.87724,1.00,2.25
2015.10.16 09:16:40.845,0.87683,0.87722,1.00,1.12
2015.10.16 09:16:41.173,0.87678,0.87717,1.00,1.00
2015.10.16 09:16:41.479,0.87683,0.87713,1.00,1.00
2015.10.16 09:16:42.960,0.87678,0.87713,1.60,1.00
2015.10.16 09:16:43.277,0.87688,0.87713,1.00,1.00
2015.10.16 09:16:43.503,0.87688,0.87721,1.00,2.25
2015.10.16 09:16:48.844,0.87688,0.87722,1.00,1.00
2015.10.16 09:16:49.113,0.87683,0.87727,2.85,1.50
2015.10.16 09:16:52.096,0.87688,0.87727,1.35,1.50
2015.10.16 09:16:52.743,0.87683,0.87722,2.85,1.00
2015.10.16 09:16:53.953,0.87683,0.87723,2.10,1.00
2015.10.16 09:16:57.064,0.87689,0.87727,2.10,1.50
2015.10.16 09:16:58.094,0.87693,0.87727,1.35,1.00
2015.10.16 09:16:58.602,0.87692,0.87728,1.60,1.00
2015.10.16 09:16:59.561,0.87692,0.87728,1.00,1.00
2015.10.16 09:16:59.611,0.87688,0.87728,1.72,1.00
2015.10.16 09:16:59.893,0.87693,0.87727,1.00,1.00
2015.10.16 09:17:07.993,0.87688,0.87731,1.00,2.25
2015.10.16 09:17:14.966,0.87687,0.87728,1.50,1.50
2015.10.16 09:17:15.634,0.8769,0.87728,1.00,1.50
2015.10.16 09:17:16.219,0.87693,0.87731,1.00,2.25
2015.10.16 09:17:22.563,0.87689,0.87737,1.00,1.37
2015.10.16 09:17:22.753,0.87694,0.87737,1.00,1.37
2015.10.16 09:17:23.213,0.87696,0.87742,1.00,2.25
2015.10.16 09:17:23.323,0.87696,0.87743,1.00,1.00
2015.10.16 09:17:23.537,0.87698,0.87747,1.00,1.00
2015.10.16 09:17:23.757,0.87702,0.87747,1.00,1.00
2015.10.16 09:17:24.738,0.87703,0.87752,1.50,1.12
2015.10.16 09:17:24.915,0.87705,0.87753,1.00,1.37
2015.10.16 09:17:25.313,0.87708,0.87757,1.00,1.75
2015.10.16 09:17:25.903,0.87707,0.87752,1.00,1.12
2015.10.16 09:17:26.244,0.87712,0.87753,1.00,1.37
2015.10.16 09:17:26.674,0.87708,0.87757,1.00,1.00
2015.10.16 09:17:26.842,0.87708,0.87752,1.00,1.00
2015.10.16 09:17:30.262,0.87708,0.87743,1.00,2.10
2015.10.16 09:17:30.521,0.87693,0.87735,1.00,1.30
2015.10.16 09:17:30.572,0.87693,0.8774,1.60,2.25
2015.10.16 09:17:31.022,0.87702,0.87743,1.72,1.00
2015.10.16 09:17:35.862,0.87702,0.87743,1.60,1.37
2015.10.16 09:17:36.371,0.87698,0.87743,1.35,1.37
2015.10.16 09:17:36.526,0.87703,0.87742,1.00,1.12
2015.10.16 09:17:37.072,0.87698,0.87738,1.35,1.00
2015.10.16 09:17:37.123,0.87702,0.87743,1.00,1.37
2015.10.16 09:17:38.613,0.87702,0.87743,1.00,1.00
2015.10.16 09:17:40.313,0.87703,0.87746,1.00,1.12
2015.10.16 09:17:40.591,0.87702,0.87743,1.00,1.00
2015.10.16 09:17:43.061,0.87702,0.87743,1.60,1.00
2015.10.16 09:17:43.363,0.87708,0.87747,1.00,1.37
2015.10.16 09:17:44.014,0.87708,0.87747,1.00,1.00
2015.10.16 09:17:44.711,0.87702,0.87743,1.60,1.00
2015.10.16 09:17:45.024,0.87702,0.87743,1.35,1.00
2015.10.16 09:17:45.102,0.87702,0.8775,1.35,1.35
2015.10.16 09:17:45.321,0.87702,0.87743,1.35,1.00
2015.10.16 09:17:46.763,0.87702,0.87743,1.60,1.00
2015.10.16 09:17:46.872,0.87702,0.87748,1.60,1.50
2015.10.16 09:17:46.973,0.87702,0.87748,1.60,1.00
2015.10.16 09:17:47.092,0.87703,0.87742,1.35,1.00
2015.10.16 09:17:49.272,0.87713,0.87742,2.10,1.00
2015.10.16 09:17:49.322,0.87713,0.87747,2.10,1.00
2015.10.16 09:17:49.735,0.87707,0.8775,1.35,1.00
2015.10.16 09:17:49.785,0.87705,0.8775,2.25,1.60
2015.10.16 09:17:49.836,0.87703,0.87742,1.00,1.00
2015.10.16 09:17:50.272,0.87699,0.87738,1.35,1.00
2015.10.16 09:17:50.613,0.87697,0.87743,2.10,1.00
2015.10.16 09:17:51.178,0.87703,0.87742,1.00,1.00
2015.10.16 09:17:51.928,0.87702,0.87747,1.00,1.00
2015.10.16 09:17:52.178,0.87698,0.87742,1.60,1.00
2015.10.16 09:17:52.514,0.87702,0.87748,1.00,1.00
2015.10.16 09:17:52.702,0.87703,0.87742,1.00,1.00
2015.10.16 09:17:54.024,0.87712,0.87742,2.10,1.00
2015.10.16 09:17:54.126,0.87712,0.87748,2.10,1.00
2015.10.16 09:17:54.283,0.87717,0.87752,2.10,1.00
2015.10.16 09:17:54.383,0.87717,0.87757,2.10,1.00
2015.10.16 09:17:54.961,0.87717,0.87758,2.85,1.00
2015.10.16 09:17:55.572,0.87718,0.87757,1.97,1.00
2015.10.16 09:17:56.138,0.87718,0.87756,1.97,1.00
2015.10.16 09:17:56.902,0.87718,0.87757,1.97,1.00
2015.10.16 09:18:09.522,0.87718,0.87757,1.00,1.00
2015.10.16 09:18:09.622,0.8771,0.87758,1.00,1.50
2015.10.16 09:18:09.673,0.87708,0.87757,1.00,1.00
2015.10.16 09:18:09.852,0.87707,0.87753,1.00,1.00
2015.10.16 09:18:10.090,0.87707,0.87755,1.00,1.00
2015.10.16 09:18:10.192,0.87703,0.87747,1.00,1.00
2015.10.16 09:18:10.428,0.87701,0.87748,1.30,1.00
2015.10.16 09:18:10.529,0.87702,0.8775,1.00,1.00
2015.10.16 09:18:10.631,0.87698,0.87748,1.37,1.00
2015.10.16 09:18:11.072,0.87699,0.87747,1.00,1.00
2015.10.16 09:18:11.173,0.87702,0.87747,1.00,1.00
2015.10.16 09:18:11.282,0.87703,0.87752,1.00,1.00
2015.10.16 09:18:12.907,0.87703,0.87753,1.00,1.00
2015.10.16 09:18:14.576,0.87704,0.87753,1.00,1.00
2015.10.16 09:18:14.811,0.87701,0.87752,1.00,1.00
2015.10.16 09:18:15.278,0.87708,0.87751,1.00,1.00
2015.10.16 09:18:15.696,0.87707,0.87753,1.00,1.50
2015.10.16 09:18:16.343,0.87713,0.87757,1.00,1.50
2015.10.16 09:18:17.270,0.87708,0.87752,1.00,1.00
2015.10.16 09:18:17.561,0.87707,0.87758,1.00,1.87
2015.10.16 09:18:18.430,0.87713,0.87758,1.00,1.00
2015.10.16 09:18:20.642,0.87713,0.87762,1.00,1.00
2015.10.16 09:18:21.861,0.87717,0.87763,1.00,1.50
2015.10.16 09:18:22.461,0.87718,0.87762,1.00,1.00
2015.10.16 09:18:24.275,0.87718,0.87764,1.00,1.00
2015.10.16 09:18:24.701,0.87713,0.87757,1.60,1.00
2015.10.16 09:18:25.061,0.87718,0.87757,1.00,1.00
2015.10.16 09:18:27.690,0.87717,0.87758,1.00,1.00
2015.10.16 09:18:29.871,0.87718,0.87757,1.00,1.00
2015.10.16 09:18:33.831,0.87717,0.87758,1.00,1.00
2015.10.16 09:18:34.097,0.87713,0.87757,1.60,1.00
2015.10.16 09:18:34.611,0.87708,0.87752,1.60,1.00
2015.10.16 09:18:35.032,0.87708,0.87752,1.00,1.00
2015.10.16 09:18:36.481,0.87712,0.87757,1.00,1.12
2015.10.16 09:18:37.124,0.87708,0.87752,1.00,1.00
2015.10.16 09:18:41.420,0.87713,0.87757,1.00,1.37
2015.10.16 09:18:43.851,0.87713,0.87757,1.00,1.50
2015.10.16 09:18:46.371,0.87713,0.87757,1.00,1.00
2015.10.16 09:18:47.207,0.87719,0.87762,1.00,1.50
2015.10.16 09:18:47.258,0.87719,0.87762,1.00,1.00
2015.10.16 09:18:47.472,0.87718,0.87767,1.50,1.00
2015.10.16 09:18:47.581,0.87718,0.87763,1.00,1.00
2015.10.16 09:18:47.811,0.87716,0.87762,1.00,1.00
2015.10.16 09:18:48.132,0.87718,0.87762,1.00,1.00
2015.10.16 09:19:00.891,0.87723,0.87767,1.00,1.00
2015.10.16 09:19:01.770,0.87718,0.87762,1.87,1.00
2015.10.16 09:19:03.415,0.87719,0.87762,1.00,1.00
2015.10.16 09:19:03.465,0.87722,0.87768,1.00,1.00
2015.10.16 09:19:03.520,0.87722,0.87768,2.85,1.00
2015.10.16 09:19:03.760,0.87724,0.87773,1.97,1.75
2015.10.16 09:19:03.861,0.87732,0.87773,1.00,1.75
2015.10.16 09:19:04.850,0.87733,0.87772,1.00,1.75
2015.10.16 09:19:10.351,0.87728,0.87767,1.35,1.00
2015.10.16 09:19:15.849,0.87727,0.87768,1.60,1.12
2015.10.16 09:19:16.402,0.87727,0.87767,1.60,1.00
2015.10.16 09:19:18.060,0.87728,0.87767,1.35,2.25
2015.10.16 09:19:23.123,0.87728,0.87767,1.35,1.00
2015.10.16 09:19:23.223,0.87732,0.87768,1.00,1.00
2015.10.16 09:19:23.450,0.87728,0.87772,1.00,2.85
2015.10.16 09:19:23.951,0.87727,0.87768,1.00,1.00
2015.10.16 09:19:24.515,0.87732,0.87773,1.00,1.00
2015.10.16 09:19:25.898,0.87737,0.87778,1.35,1.00
2015.10.16 09:19:26.020,0.87734,0.87778,2.25,1.00
2015.10.16 09:19:26.171,0.87734,0.87774,2.25,1.00
2015.10.16 09:19:26.272,0.87733,0.87774,1.00,1.00
2015.10.16 09:19:26.323,0.87733,0.87772,1.00,1.00
2015.10.16 09:19:27.740,0.87732,0.87773,1.00,1.00
2015.10.16 09:19:28.070,0.87732,0.87777,2.85,1.50
2015.10.16 09:19:28.424,0.87738,0.87777,1.00,1.50
2015.10.16 09:19:28.942,0.87737,0.87778,1.00,1.75
2015.10.16 09:19:29.273,0.87743,0.87781,1.00,2.25
2015.10.16 09:19:30.372,0.87743,0.87782,1.00,1.75
2015.10.16 09:19:31.810,0.87743,0.87787,1.00,1.50
2015.10.16 09:19:32.129,0.87743,0.87782,1.00,1.00
2015.10.16 09:19:36.423,0.87748,0.87786,1.00,1.00
2015.10.16 09:19:37.065,0.87748,0.87787,1.00,1.00
2015.10.16 09:19:38.042,0.87748,0.87787,1.60,1.00
2015.10.16 09:19:38.093,0.87747,0.87793,2.10,1.00
2015.10.16 09:19:38.228,0.87747,0.87788,2.10,1.00
2015.10.16 09:19:38.328,0.87748,0.87791,1.00,1.00
2015.10.16 09:19:38.629,0.87747,0.87788,1.00,1.00
2015.10.16 09:19:43.489,0.87747,0.87787,1.00,1.00
2015.10.16 09:19:44.712,0.87747,0.87788,1.00,1.50
2015.10.16 09:19:47.979,0.87748,0.87788,1.00,1.50
2015.10.16 09:19:49.079,0.87748,0.87787,1.50,1.00
2015.10.16 09:19:49.840,0.87748,0.87782,1.00,1.00
2015.10.16 09:19:50.397,0.87743,0.87782,1.00,1.00
2015.10.16 09:19:53.635,0.87743,0.87787,1.00,1.00
2015.10.16 09:19:55.050,0.87748,0.87792,1.00,1.50
2015.10.16 09:19:55.519,0.87753,0.87792,1.00,1.50
2015.10.16 09:19:57.321,0.87753,0.87787,1.00,1.00
2015.10.16 09:20:02.586,0.87752,0.87787,1.00,1.00
2015.10.16 09:20:02.636,0.87752,0.87792,1.50,1.00
2015.10.16 09:20:02.711,0.87752,0.87787,1.00,1.00
2015.10.16 09:20:03.396,0.87752,0.87788,1.00,1.00
2015.10.16 09:20:03.739,0.87752,0.87785,1.00,1.00
2015.10.16 09:20:03.871,0.87752,0.87787,1.00,1.00
2015.10.16 09:20:04.697,0.87752,0.87788,1.00,1.00
2015.10.16 09:20:05.021,0.87752,0.87792,1.35,1.00
2015.10.16 09:20:05.436,0.87752,0.87787,1.35,1.00
2015.10.16 09:20:07.149,0.87752,0.87786,1.00,1.00
2015.10.16 09:20:07.720,0.87752,0.87787,1.00,1.00
2015.10.16 09:20:08.971,0.87752,0.87786,1.00,1.00
2015.10.16 09:20:09.599,0.87752,0.87782,1.00,1.00
2015.10.16 09:20:09.650,0.87743,0.87782,1.00,1.00
2015.10.16 09:20:13.507,0.87741,0.87783,2.25,1.00
2015.10.16 09:20:14.121,0.87743,0.87782,1.12,1.00
2015.10.16 09:20:14.919,0.87742,0.87783,1.50,1.00
2015.10.16 09:20:15.475,0.87743,0.87782,1.12,1.00
2015.10.16 09:20:16.171,0.87743,0.87782,1.50,1.00
2015.10.16 09:20:16.799,0.87743,0.87782,1.00,1.50
2015.10.16 09:20:17.070,0.87742,0.87783,1.50,1.50
2015.10.16 09:20:20.383,0.87742,0.87782,1.50,1.00
2015.10.16 09:20:20.631,0.87745,0.87782,1.60,1.00
2015.10.16 09:20:20.732,0.87745,0.87788,1.60,1.50
2015.10.16 09:20:21.165,0.87748,0.87787,1.00,1.00
2015.10.16 09:20:21.623,0.87753,0.87791,1.00,1.00
2015.10.16 09:20:22.199,0.87754,0.87791,1.00,1.00
2015.10.16 09:20:22.690,0.87754,0.87788,1.00,1.00
2015.10.16 09:20:25.204,0.87754,0.87792,1.00,1.00
2015.10.16 09:20:25.350,0.87754,0.87788,1.00,1.00
2015.10.16 09:20:26.090,0.87754,0.87792,1.00,1.00
2015.10.16 09:20:27.850,0.87754,0.87787,1.00,1.00
2015.10.16 09:20:28.332,0.87754,0.87792,1.00,1.00
2015.10.16 09:20:29.753,0.87754,0.87788,1.00,1.00
2015.10.16 09:20:31.371,0.87754,0.87791,1.00,1.00
2015.10.16 09:20:31.632,0.87754,0.87788,1.00,1.00
2015.10.16 09:20:31.811,0.87754,0.87791,1.00,1.00
2015.10.16 09:20:33.020,0.87754,0.87787,1.00,1.00
2015.10.16 09:20:33.529,0.87753,0.87787,1.00,1.00
2015.10.16 09:20:33.862,0.87753,0.87792,1.50,1.50
2015.10.16 09:20:34.672,0.87753,0.87787,1.00,1.00
2015.10.16 09:20:36.906,0.87753,0.87792,1.50,1.00
2015.10.16 09:20:40.833,0.87753,0.87788,1.00,1.00
2015.10.16 09:20:43.031,0.87753,0.87792,1.00,1.00
2015.10.16 09:20:45.647,0.87753,0.8779,1.00,1.00
2015.10.16 09:20:46.488,0.87753,0.87791,1.00,1.00
2015.10.16 09:20:48.853,0.87753,0.87793,1.00,1.50
2015.10.16 09:20:58.869,0.87753,0.87787,1.00,1.00
2015.10.16 09:20:59.322,0.87752,0.8779,1.00,1.00
2015.10.16 09:20:59.528,0.87752,0.87788,1.00,1.00
2015.10.16 09:20:59.749,0.87752,0.8779,1.00,1.00
2015.10.16 09:21:00.450,0.87752,0.87789,1.00,1.00
2015.10.16 09:21:01.133,0.87752,0.87788,1.00,1.00
2015.10.16 09:21:01.639,0.87747,0.87788,1.50,1.00
2015.10.16 09:21:02.100,0.87748,0.87792,1.00,1.50
2015.10.16 09:21:04.719,0.87749,0.87792,1.00,1.50
2015.10.16 09:21:05.985,0.87749,0.87791,1.00,1.00
2015.10.16 09:21:06.994,0.87743,0.87779,1.00,1.00
2015.10.16 09:21:07.095,0.87742,0.87789,1.00,1.00
2015.10.16 09:21:07.195,0.87739,0.87787,1.00,1.00
2015.10.16 09:21:07.359,0.87747,0.87788,1.00,1.00
2015.10.16 09:21:07.569,0.87743,0.87789,1.00,1.00
2015.10.16 09:21:07.721,0.87743,0.87791,1.00,1.00
2015.10.16 09:21:07.789,0.87743,0.87789,1.00,1.00
2015.10.16 09:21:08.202,0.87743,0.87786,1.00,1.00
2015.10.16 09:21:08.538,0.87743,0.87784,1.00,1.00
2015.10.16 09:21:08.739,0.87743,0.87787,1.00,1.00
2015.10.16 09:21:09.529,0.87742,0.87788,1.00,1.00
2015.10.16 09:21:10.189,0.87743,0.87787,1.00,1.00
2015.10.16 09:21:12.751,0.87742,0.8779,1.00,1.00
2015.10.16 09:21:13.186,0.87743,0.87787,1.00,1.00
2015.10.16 09:21:17.586,0.87742,0.87788,1.00,1.00
2015.10.16 09:21:18.846,0.87742,0.87789,1.00,1.00
2015.10.16 09:21:19.185,0.87743,0.87787,1.00,1.00
2015.10.16 09:21:20.225,0.87742,0.87789,1.00,1.00
2015.10.16 09:21:20.440,0.87743,0.87782,1.00,1.00
2015.10.16 09:21:21.894,0.87747,0.87788,1.00,1.50
2015.10.16 09:21:22.643,0.87742,0.87783,1.00,1.00
2015.10.16 09:21:23.071,0.87748,0.87787,1.00,1.00
2015.10.16 09:21:23.747,0.87743,0.87782,1.00,1.00
2015.10.16 09:21:25.328,0.87747,0.87788,1.00,1.50
2015.10.16 09:21:27.908,0.87743,0.87782,1.00,1.00
2015.10.16 09:21:28.019,0.87742,0.87788,1.00,1.50
2015.10.16 09:21:28.238,0.87742,0.87785,1.00,1.00
2015.10.16 09:21:28.788,0.87742,0.87783,1.00,1.00
2015.10.16 09:21:31.279,0.87742,0.8778,1.00,1.00
2015.10.16 09:21:31.595,0.87742,0.87777,1.00,1.00
2015.10.16 09:21:31.646,0.87742,0.8778,1.00,1.00
2015.10.16 09:21:31.747,0.87743,0.87782,1.00,1.00
2015.10.16 09:21:32.355,0.87742,0.87783,1.00,1.00
2015.10.16 09:21:48.140,0.87747,0.87787,1.00,1.00
2015.10.16 09:21:49.400,0.87743,0.87782,1.00,1.00
2015.10.16 09:21:59.165,0.87738,0.87782,1.00,1.00
2015.10.16 09:21:59.720,0.87737,0.87783,1.00,1.00
2015.10.16 09:22:00.245,0.87737,0.87782,1.00,1.00
2015.10.16 09:22:00.905,0.87738,0.87782,1.00,1.50
2015.10.16 09:22:02.228,0.87737,0.87782,1.00,1.00
2015.10.16 09:22:05.528,0.87737,0.87783,1.00,1.50
2015.10.16 09:22:13.027,0.87737,0.87782,1.00,1.00
2015.10.16 09:22:14.437,0.87738,0.87782,1.00,1.50
2015.10.16 09:22:15.097,0.87737,0.87782,1.00,1.00
2015.10.16 09:22:15.609,0.87737,0.87783,1.00,1.50
2015.10.16 09:22:20.126,0.87738,0.87782,1.00,1.00
2015.10.16 09:22:20.835,0.87737,0.87783,1.00,1.00
2015.10.16 09:22:21.377,0.87741,0.87783,1.00,1.00
2015.10.16 09:22:21.478,0.87741,0.87785,1.00,1.00
2015.10.16 09:22:21.587,0.87743,0.87782,1.00,1.00
2015.10.16 09:22:22.137,0.87748,0.87787,1.00,1.00
2015.10.16 09:22:22.705,0.87742,0.87783,1.00,1.00
2015.10.16 09:22:25.002,0.87743,0.87782,1.00,1.00
2015.10.16 09:22:26.548,0.87743,0.87791,1.00,1.00
2015.10.16 09:22:26.617,0.87743,0.87791,1.75,1.00
2015.10.16 09:22:27.193,0.87747,0.87791,1.00,1.00
2015.10.16 09:22:27.501,0.87747,0.87789,1.00,1.00
2015.10.16 09:22:27.602,0.87747,0.87793,1.00,1.00
2015.10.16 09:22:28.138,0.87753,0.87795,1.00,1.00
2015.10.16 09:22:28.407,0.87748,0.87792,1.00,1.00
2015.10.16 09:22:29.587,0.87748,0.87792,1.37,1.00
2015.10.16 09:22:34.195,0.87752,0.87795,1.00,1.00
2015.10.16 09:22:37.927,0.87752,0.87795,1.00,1.60
2015.10.16 09:22:38.028,0.87748,0.87794,1.00,1.35
2015.10.16 09:22:38.080,0.87748,0.87792,1.00,1.00
2015.10.16 09:22:38.576,0.87747,0.87789,1.00,1.00
2015.10.16 09:22:39.291,0.87747,0.87788,1.00,1.00
2015.10.16 09:22:57.027,0.87747,0.87792,1.00,1.00
2015.10.16 09:22:57.688,0.87748,0.87792,1.00,1.00
2015.10.16 09:22:57.823,0.87752,0.87796,1.00,1.00
2015.10.16 09:22:58.153,0.87747,0.87793,1.00,1.00
2015.10.16 09:23:04.263,0.87752,0.87796,1.00,1.00
2015.10.16 09:23:04.508,0.87748,0.87796,1.00,1.00
2015.10.16 09:23:04.707,0.87758,0.87796,1.00,1.00
2015.10.16 09:23:05.305,0.87758,0.87795,1.00,1.00
2015.10.16 09:23:05.588,0.87753,0.87792,1.00,1.00
2015.10.16 09:23:06.397,0.87748,0.8779,1.00,1.00
2015.10.16 09:23:07.007,0.87748,0.87791,1.00,1.00
2015.10.16 09:23:08.044,0.87748,0.87789,1.00,1.00
2015.10.16 09:23:08.557,0.87742,0.87788,1.00,1.00
2015.10.16 09:23:09.246,0.87742,0.87787,1.00,1.00
2015.10.16 09:23:12.517,0.87748,0.87787,1.00,1.00
2015.10.16 09:23:12.847,0.87742,0.87787,1.00,1.00
2015.10.16 09:23:15.230,0.87748,0.87787,1.00,1.00
2015.10.16 09:23:15.677,0.87748,0.87789,1.00,1.00
2015.10.16 09:23:17.807,0.87748,0.87792,1.00,1.37
2015.10.16 09:23:17.920,0.87748,0.87795,1.00,1.00
2015.10.16 09:23:18.314,0.87752,0.87796,1.00,1.00
2015.10.16 09:23:19.316,0.87748,0.87795,1.00,1.00
2015.10.16 09:23:19.538,0.87753,0.87795,1.00,1.00
2015.10.16 09:23:20.284,0.87753,0.87794,1.00,1.00
2015.10.16 09:23:20.335,0.87755,0.87797,1.00,1.00
2015.10.16 09:23:20.436,0.87754,0.87802,1.35,1.00
2015.10.16 09:23:20.616,0.87757,0.87803,1.00,1.00
2015.10.16 09:23:21.492,0.87758,0.87802,1.00,1.00
2015.10.16 09:23:23.192,0.8776,0.87802,1.00,1.00
2015.10.16 09:23:23.257,0.87762,0.87808,1.00,1.00
2015.10.16 09:23:23.775,0.87763,0.87807,1.50,1.00
2015.10.16 09:23:24.489,0.87768,0.87812,1.00,1.00
2015.10.16 09:23:25.605,0.87765,0.87808,1.00,1.00
2015.10.16 09:23:26.136,0.87767,0.87813,1.00,1.00
2015.10.16 09:23:26.350,0.87764,0.87813,1.00,1.00
2015.10.16 09:23:26.596,0.87767,0.87813,1.00,1.00
2015.10.16 09:23:28.573,0.87764,0.87812,1.00,1.00
2015.10.16 09:23:28.865,0.87764,0.87807,1.00,1.00
2015.10.16 09:23:29.890,0.87763,0.87807,1.00,1.00
2015.10.16 09:23:31.837,0.87762,0.87808,1.50,1.00
2015.10.16 09:23:32.496,0.87763,0.87807,1.00,1.00
2015.10.16 09:23:39.798,0.87762,0.87808,1.50,1.00
2015.10.16 09:23:39.900,0.8776,0.87811,1.00,1.00
2015.10.16 09:23:39.950,0.87759,0.87809,1.00,1.00
2015.10.16 09:23:40.068,0.87757,0.87808,1.00,1.00
2015.10.16 09:23:40.440,0.87768,0.87807,1.00,1.50
2015.10.16 09:23:41.085,0.87768,0.87807,1.00,1.75
2015.10.16 09:23:41.919,0.87767,0.87808,1.00,2.25
2015.10.16 09:23:44.055,0.87767,0.87808,1.00,2.25
2015.10.16 09:23:46.906,0.87762,0.87803,1.00,1.12
2015.10.16 09:23:47.932,0.87767,0.87808,1.00,1.75
2015.10.16 09:23:48.338,0.87763,0.87802,1.00,1.00
2015.10.16 09:23:49.020,0.87762,0.87807,1.00,1.75
2015.10.16 09:23:49.448,0.87768,0.87807,1.00,1.75
2015.10.16 09:23:50.447,0.87768,0.87807,1.00,1.12
2015.10.16 09:23:52.776,0.87779,0.87807,2.10,1.00
2015.10.16 09:23:52.877,0.87779,0.87822,2.10,1.75
2015.10.16 09:23:53.675,0.87783,0.87822,1.60,1.00
2015.10.16 09:23:53.923,0.87779,0.87825,2.10,1.00
2015.10.16 09:23:53.974,0.87777,0.87825,1.00,1.00
2015.10.16 09:23:54.055,0.87778,0.87822,1.00,1.00
2015.10.16 09:23:55.046,0.87777,0.87823,1.00,1.00
2015.10.16 09:24:23.225,0.87778,0.87822,1.00,1.00
2015.10.16 09:24:23.326,0.87778,0.87827,1.60,1.00
2015.10.16 09:24:23.427,0.87782,0.87828,1.00,1.50
2015.10.16 09:24:23.814,0.87777,0.87823,1.00,1.00
2015.10.16 09:24:24.519,0.87778,0.87822,1.00,1.00
2015.10.16 09:24:38.929,0.87778,0.87824,1.00,1.00
2015.10.16 09:24:38.980,0.87773,0.87817,1.35,1.00
2015.10.16 09:24:40.364,0.87772,0.87813,1.00,1.00
2015.10.16 09:24:41.025,0.87773,0.87817,1.00,1.50
2015.10.16 09:24:42.364,0.87768,0.87816,1.00,1.00
2015.10.16 09:24:42.455,0.87768,0.87812,1.00,1.00
2015.10.16 09:24:42.784,0.87773,0.87812,1.00,1.00
2015.10.16 09:24:57.806,0.87768,0.87807,1.00,1.00
2015.10.16 09:24:58.143,0.87768,0.87804,1.00,1.00
2015.10.16 09:24:58.395,0.87762,0.87803,1.00,1.00
2015.10.16 09:24:58.945,0.87762,0.87802,1.00,1.00
2015.10.16 09:24:59.825,0.87763,0.87802,1.00,1.50
2015.10.16 09:25:00.898,0.87763,0.87801,1.00,1.00
2015.10.16 09:25:05.213,0.87763,0.87799,1.00,1.00
2015.10.16 09:25:05.914,0.87763,0.878,1.00,1.00
2015.10.16 09:25:06.438,0.87763,0.87799,1.00,1.00
2015.10.16 09:25:08.319,0.87763,0.87797,1.00,1.00
2015.10.16 09:25:11.510,0.87758,0.87797,1.60,1.00
2015.10.16 09:25:11.563,0.87767,0.87803,1.60,1.50
2015.10.16 09:25:11.888,0.87767,0.87808,1.00,1.37
2015.10.16 09:25:12.577,0.87768,0.87807,1.00,1.12
2015.10.16 09:25:12.908,0.87762,0.87808,2.85,1.00
2015.10.16 09:25:12.959,0.87762,0.87807,1.00,1.00
2015.10.16 09:25:22.666,0.87763,0.87807,1.00,1.50
2015.10.16 09:25:22.987,0.87762,0.87804,1.00,1.00
2015.10.16 09:25:28.016,0.87762,0.87804,1.00,1.60
2015.10.16 09:25:28.325,0.87758,0.87798,1.00,1.12
2015.10.16 09:25:28.826,0.87758,0.87797,1.00,1.00
2015.10.16 09:25:29.926,0.87758,0.87801,1.00,1.50
2015.10.16 09:25:30.427,0.87758,0.87797,1.00,1.35
2015.10.16 09:25:31.220,0.87758,0.87797,1.00,2.10
2015.10.16 09:25:35.137,0.87758,0.87802,1.00,2.10
2015.10.16 09:25:35.662,0.87762,0.87803,1.00,3.00
2015.10.16 09:25:36.129,0.87758,0.87797,1.60,1.12
2015.10.16 09:25:36.867,0.87758,0.87796,1.60,1.00
2015.10.16 09:25:40.376,0.87757,0.87796,1.00,1.00
2015.10.16 09:25:41.168,0.87753,0.87792,1.35,1.00
2015.10.16 09:25:58.636,0.87758,0.87796,1.00,1.00
2015.10.16 09:26:00.528,0.87758,0.87797,1.00,1.50
2015.10.16 09:26:01.137,0.87758,0.87796,1.00,1.00
2015.10.16 09:26:03.366,0.87752,0.87793,1.60,1.00
2015.10.16 09:26:06.252,0.87753,0.87792,1.35,1.00
2015.10.16 09:26:06.910,0.87752,0.87793,1.60,1.00
2015.10.16 09:26:07.108,0.87757,0.87797,1.00,1.00
2015.10.16 09:26:08.043,0.87753,0.87792,1.35,1.00
2015.10.16 09:26:11.505,0.87758,0.87797,1.00,1.50
2015.10.16 09:26:11.556,0.87752,0.87793,1.35,1.00
2015.10.16 09:26:15.295,0.87753,0.87793,1.00,1.00
2015.10.16 09:26:15.356,0.87757,0.87798,1.00,1.00
2015.10.16 09:26:17.055,0.87757,0.87796,1.00,1.00
2015.10.16 09:26:17.872,0.87753,0.87792,1.50,1.00
2015.10.16 09:26:18.376,0.87752,0.87793,2.10,1.00
2015.10.16 09:26:19.036,0.87757,0.87796,1.00,1.00
2015.10.16 09:26:19.317,0.87753,0.87792,1.50,1.00
2015.10.16 09:26:20.508,0.87753,0.87792,1.00,1.00
2015.10.16 09:26:24.047,0.87757,0.87797,1.00,1.00
2015.10.16 09:26:24.815,0.87752,0.87793,1.72,1.00
2015.10.16 09:26:26.385,0.87757,0.87797,1.00,1.00
2015.10.16 09:26:27.979,0.87757,0.87798,1.00,1.00
2015.10.16 09:26:34.286,0.87757,0.87806,1.60,1.50
2015.10.16 09:26:34.365,0.87757,0.87806,1.60,1.00
2015.10.16 09:26:34.416,0.87759,0.87808,1.00,1.00
2015.10.16 09:26:34.607,0.87763,0.87807,1.00,1.00
2015.10.16 09:26:37.311,0.87767,0.87813,1.00,1.00
2015.10.16 09:26:37.798,0.87764,0.87807,1.00,1.00
2015.10.16 09:26:38.399,0.87768,0.87812,1.00,1.00
2015.10.16 09:26:40.216,0.8777,0.87812,1.00,1.00
2015.10.16 09:26:40.367,0.87769,0.87817,1.00,1.12
2015.10.16 09:26:40.417,0.87771,0.87817,1.00,1.12
2015.10.16 09:26:41.099,0.87777,0.87821,1.00,1.50
2015.10.16 09:26:41.204,0.87773,0.87817,1.00,1.12
2015.10.16 09:26:42.415,0.87778,0.8782,1.00,1.00
2015.10.16 09:26:45.090,0.87773,0.8782,1.00,1.00
2015.10.16 09:26:45.141,0.87773,0.87815,1.00,1.60
2015.10.16 09:26:45.191,0.87767,0.87815,1.00,1.60
2015.10.16 09:26:45.384,0.87767,0.87803,1.00,1.00
2015.10.16 09:26:46.096,0.87773,0.87807,1.00,1.00
2015.10.16 09:26:46.792,0.87768,0.87802,1.00,1.00
2015.10.16 09:26:47.402,0.87773,0.87807,1.00,1.00
2015.10.16 09:26:48.411,0.87767,0.87803,1.00,1.00
2015.10.16 09:26:50.364,0.87772,0.87808,1.00,1.00
2015.10.16 09:26:53.026,0.87768,0.87802,1.00,1.00
2015.10.16 09:26:54.137,0.87772,0.87808,1.00,1.00
2015.10.16 09:26:54.481,0.87767,0.87803,1.00,1.00
2015.10.16 09:26:55.142,0.87768,0.87811,1.00,1.37
2015.10.16 09:26:55.334,0.87768,0.87807,1.00,1.00
2015.10.16 09:26:56.146,0.87772,0.87813,1.00,1.75
2015.10.16 09:26:56.199,0.87773,0.87817,1.00,1.00
2015.10.16 09:26:56.305,0.87777,0.87821,1.00,1.00
2015.10.16 09:26:56.461,0.87777,0.87823,1.00,1.50
2015.10.16 09:26:58.504,0.87773,0.87817,1.50,1.00
2015.10.16 09:26:58.766,0.87773,0.8782,1.00,1.00
2015.10.16 09:26:58.817,0.87773,0.87818,1.00,1.12
2015.10.16 09:26:59.326,0.87773,0.87817,1.00,1.00
2015.10.16 09:27:00.274,0.87773,0.87817,1.00,1.60
2015.10.16 09:27:00.375,0.87767,0.87813,1.00,1.35
2015.10.16 09:27:00.978,0.87768,0.87807,1.00,1.00
2015.10.16 09:27:01.371,0.87772,0.87813,1.00,2.85
2015.10.16 09:27:01.585,0.87768,0.87807,1.00,1.00
2015.10.16 09:27:06.367,0.87773,0.87812,1.00,1.75
2015.10.16 09:27:07.347,0.87768,0.87807,1.00,1.00
2015.10.16 09:27:10.938,0.87767,0.87813,1.00,2.85
2015.10.16 09:27:11.495,0.87767,0.87808,1.00,1.35
2015.10.16 09:27:13.803,0.87767,0.87808,1.00,1.72
2015.10.16 09:27:14.894,0.87768,0.87807,1.00,1.12
2015.10.16 09:27:15.931,0.87767,0.87808,1.00,1.72
2015.10.16 09:27:16.457,0.87768,0.87807,1.00,1.12
2015.10.16 09:27:16.825,0.87768,0.87807,1.00,1.37
2015.10.16 09:27:20.564,0.87768,0.87801,1.00,1.35
2015.10.16 09:27:20.615,0.87762,0.87801,1.00,1.35
2015.10.16 09:27:20.966,0.8776,0.87805,2.85,2.25
2015.10.16 09:27:21.316,0.87768,0.87802,1.00,1.75
2015.10.16 09:27:21.366,0.87768,0.87802,1.00,1.00
2015.10.16 09:27:23.074,0.87762,0.87808,1.00,1.60
2015.10.16 09:27:23.363,0.87762,0.87803,1.00,1.00
2015.10.16 09:27:23.671,0.87758,0.87797,1.60,1.00
2015.10.16 09:27:23.814,0.87758,0.87802,1.00,1.50
2015.10.16 09:27:24.437,0.87758,0.87797,1.00,1.00
2015.10.16 09:27:25.125,0.87757,0.87798,1.00,1.00
2015.10.16 09:27:25.674,0.87758,0.87797,1.00,1.00
2015.10.16 09:27:26.178,0.87757,0.87798,1.00,1.00
2015.10.16 09:27:26.335,0.87755,0.87802,2.10,1.00
2015.10.16 09:27:26.554,0.87763,0.87802,1.00,1.00
2015.10.16 09:27:26.814,0.87758,0.87802,1.00,1.00
2015.10.16 09:27:27.103,0.87758,0.87797,1.00,1.00
2015.10.16 09:27:27.875,0.87757,0.87798,1.00,1.00
2015.10.16 09:27:29.114,0.87755,0.87802,2.10,1.00
2015.10.16 09:27:29.305,0.87762,0.87803,1.00,1.00
2015.10.16 09:27:30.671,0.87757,0.87798,1.60,1.00
2015.10.16 09:27:30.774,0.87757,0.87798,1.00,1.00
2015.10.16 09:27:30.844,0.87757,0.87803,1.00,1.50
2015.10.16 09:27:31.055,0.87757,0.87801,1.00,1.00
2015.10.16 09:27:31.364,0.87758,0.87797,1.00,1.00
2015.10.16 09:27:32.003,0.87757,0.87798,1.00,1.00
2015.10.16 09:27:32.060,0.87754,0.87802,2.10,1.50
2015.10.16 09:27:32.428,0.87762,0.87803,1.00,1.00
2015.10.16 09:27:32.714,0.87757,0.87806,1.60,1.00
2015.10.16 09:27:32.815,0.87757,0.87805,1.60,2.25
2015.10.16 09:27:33.597,0.87758,0.87797,1.00,1.00
2015.10.16 09:27:36.508,0.87762,0.87799,1.00,1.30
2015.10.16 09:27:43.400,0.87763,0.87801,1.00,1.75
2015.10.16 09:27:43.773,0.87763,0.87801,1.00,1.00
2015.10.16 09:27:45.064,0.87762,0.87803,1.00,1.00
2015.10.16 09:27:45.165,0.87768,0.87807,1.00,1.50
2015.10.16 09:27:45.415,0.87762,0.87808,1.00,1.00
2015.10.16 09:27:45.515,0.87763,0.87806,1.00,1.00
2015.10.16 09:27:45.818,0.87763,0.878,1.00,1.00
2015.10.16 09:27:46.064,0.87752,0.878,2.10,1.00
2015.10.16 09:27:46.115,0.87752,0.878,1.50,1.00
2015.10.16 09:27:46.183,0.87752,0.87798,1.00,1.00
2015.10.16 09:27:46.833,0.87753,0.87797,1.00,1.00
2015.10.16 09:27:54.055,0.87748,0.87797,1.00,1.50
2015.10.16 09:27:54.407,0.87758,0.87797,1.00,1.50
2015.10.16 09:27:58.943,0.87758,0.87796,1.00,1.00
2015.10.16 09:27:59.462,0.87758,0.87797,1.00,1.00
2015.10.16 09:28:11.384,0.87752,0.87793,1.00,1.00
2015.10.16 09:28:11.664,0.87758,0.87797,1.00,1.00
2015.10.16 09:28:12.326,0.87757,0.87798,1.00,1.50
2015.10.16 09:28:13.633,0.87758,0.87797,1.00,1.00
2015.10.16 09:28:13.894,0.87752,0.878,1.00,1.00
2015.10.16 09:28:14.225,0.87752,0.87802,2.10,1.00
2015.10.16 09:28:14.403,0.87763,0.87802,1.00,1.50
2015.10.16 09:28:14.929,0.87757,0.87797,1.00,1.00
2015.10.16 09:28:15.283,0.87753,0.87792,1.35,1.00
2015.10.16 09:28:15.641,0.87748,0.87796,1.97,1.00
2015.10.16 09:28:15.742,0.87748,0.87793,1.00,1.00
2015.10.16 09:28:15.843,0.87744,0.87792,1.60,1.00
2015.10.16 09:28:15.978,0.87747,0.87795,1.00,1.00
2015.10.16 09:28:16.052,0.87752,0.87795,1.00,1.00
2015.10.16 09:28:17.031,0.87752,0.87795,1.60,1.00
2015.10.16 09:28:17.383,0.87757,0.87795,1.00,1.00
2015.10.16 09:28:19.373,0.87753,0.87794,1.00,1.00
2015.10.16 09:28:19.459,0.87753,0.87792,1.00,1.00
2015.10.16 09:28:20.083,0.87752,0.87791,1.35,1.00
2015.10.16 09:28:20.766,0.87753,0.87791,1.00,1.00
2015.10.16 09:28:21.294,0.87752,0.87792,1.35,1.00
2015.10.16 09:28:23.533,0.87753,0.87792,1.00,1.50
2015.10.16 09:28:32.414,0.87753,0.87788,1.00,1.00
2015.10.16 09:28:32.566,0.87743,0.87786,1.75,1.60
2015.10.16 09:28:32.883,0.87742,0.87783,1.75,1.00
2015.10.16 09:28:33.204,0.87742,0.87783,1.00,1.00
2015.10.16 09:28:34.262,0.87742,0.87783,1.60,1.00
2015.10.16 09:28:34.474,0.87743,0.87787,1.35,1.00
2015.10.16 09:28:34.770,0.87747,0.87788,1.00,1.00
2015.10.16 09:28:35.742,0.87748,0.87787,1.00,1.00
2015.10.16 09:28:43.836,0.87747,0.87788,1.00,1.00
2015.10.16 09:28:44.762,0.87748,0.87787,1.00,1.00
2015.10.16 09:28:47.294,0.87752,0.87793,1.00,1.00
2015.10.16 09:28:49.611,0.87753,0.87792,1.00,1.00
2015.10.16 09:28:53.648,0.87748,0.87787,1.00,1.00
2015.10.16 09:28:57.414,0.87752,0.87792,1.00,1.00
2015.10.16 09:28:57.661,0.87748,0.87787,1.00,1.00
2015.10.16 09:29:03.243,0.87747,0.87788,1.00,1.50
2015.10.16 09:29:03.792,0.87748,0.87787,1.00,1.50
2015.10.16 09:29:05.443,0.87747,0.87787,1.00,1.00
2015.10.16 09:29:06.649,0.87747,0.87788,1.00,1.50
2015.10.16 09:29:07.645,0.87748,0.87787,1.00,1.00
2015.10.16 09:29:10.422,0.87747,0.87788,1.00,1.50
2015.10.16 09:29:12.925,0.87742,0.87783,1.60,1.00
2015.10.16 09:29:13.263,0.87748,0.87787,1.00,1.00
2015.10.16 09:29:20.953,0.87747,0.87787,1.00,1.00
2015.10.16 09:29:22.053,0.87748,0.87787,1.00,1.50
2015.10.16 09:29:22.821,0.87747,0.87787,1.00,1.00
2015.10.16 09:29:25.501,0.87748,0.87787,1.00,1.00
2015.10.16 09:29:32.831,0.87747,0.87788,1.00,1.00
2015.10.16 09:29:36.415,0.87747,0.87786,1.00,1.00
2015.10.16 09:29:37.121,0.87748,0.87786,1.00,1.00
2015.10.16 09:29:37.654,0.87748,0.87785,1.00,1.00
2015.10.16 09:29:38.321,0.87748,0.87784,1.00,1.00
2015.10.16 09:29:38.372,0.87742,0.87783,1.60,1.00
2015.10.16 09:29:38.739,0.87742,0.8778,1.00,1.00
2015.10.16 09:29:38.789,0.87737,0.8778,1.72,1.00
2015.10.16 09:29:39.116,0.87743,0.8778,1.00,1.00
2015.10.16 09:29:39.575,0.87737,0.87778,1.72,1.00
2015.10.16 09:29:41.440,0.87743,0.8778,1.00,1.00
2015.10.16 09:29:41.769,0.87737,0.87778,1.60,1.00
2015.10.16 09:29:44.631,0.87743,0.8778,1.00,1.00
2015.10.16 09:29:44.821,0.87738,0.87777,1.35,1.00
2015.10.16 09:29:46.589,0.87737,0.87778,1.60,1.50
2015.10.16 09:29:48.242,0.87737,0.87777,1.60,1.00
2015.10.16 09:29:48.757,0.87737,0.87778,1.60,1.50
2015.10.16 09:29:49.253,0.87743,0.87778,1.00,1.00
2015.10.16 09:29:49.331,0.87737,0.87778,1.60,1.50
2015.10.16 09:29:50.166,0.87738,0.87776,1.00,1.00
2015.10.16 09:29:50.737,0.87737,0.87775,1.00,1.00
2015.10.16 09:29:51.549,0.87737,0.87774,1.00,1.00
2015.10.16 09:29:52.092,0.87737,0.87773,1.00,1.00
2015.10.16 09:29:54.610,0.87738,0.87773,1.00,1.00
2015.10.16 09:29:56.257,0.87738,0.87777,1.00,1.00
2015.10.16 09:29:56.414,0.87743,0.87782,1.00,1.00
2015.10.16 09:29:57.128,0.87744,0.87792,1.75,1.50
2015.10.16 09:29:57.179,0.87757,0.87792,1.00,1.00
2015.10.16 09:29:57.783,0.87757,0.87791,1.00,1.00
2015.10.16 09:29:57.834,0.87752,0.87791,1.35,1.00
2015.10.16 09:29:57.961,0.87753,0.87789,1.00,1.00
2015.10.16 09:29:58.295,0.87752,0.87787,1.35,1.00
2015.10.16 09:29:58.841,0.87753,0.87788,1.00,1.00
2015.10.16 09:29:59.464,0.87753,0.87787,1.00,1.00
2015.10.16 09:30:00.538,0.87747,0.87787,3.22,1.00
2015.10.16 09:30:01.918,0.87747,0.87786,3.22,1.00
2015.10.16 09:30:02.052,0.87747,0.87786,1.37,1.00
2015.10.16 09:30:02.673,0.87748,0.87787,1.12,1.00
2015.10.16 09:30:02.783,0.87743,0.87782,1.12,1.00
2015.10.16 09:30:02.906,0.87737,0.87784,3.00,1.00
2015.10.16 09:30:03.074,0.87737,0.87781,3.00,1.00
2015.10.16 09:30:03.401,0.87738,0.87777,1.75,1.00
2015.10.16 09:30:03.510,0.87738,0.87777,1.00,1.00
2015.10.16 09:30:04.060,0.87737,0.87778,1.00,1.00
2015.10.16 09:30:06.402,0.87738,0.87777,1.00,1.00
2015.10.16 09:30:09.682,0.87737,0.87778,1.00,1.00
2015.10.16 09:30:10.244,0.87729,0.87779,1.60,1.00
2015.10.16 09:30:10.295,0.87739,0.87782,1.35,1.00
2015.10.16 09:30:10.653,0.87748,0.87789,1.00,1.00
2015.10.16 09:30:10.704,0.87748,0.87792,1.60,1.87
2015.10.16 09:30:11.189,0.87753,0.87792,1.00,1.37
2015.10.16 09:30:12.192,0.87753,0.87792,1.00,1.00
2015.10.16 09:30:13.093,0.87748,0.87787,1.60,1.00
2015.10.16 09:30:19.272,0.87749,0.87787,2.10,1.00
2015.10.16 09:30:19.612,0.87753,0.87797,1.00,1.50
2015.10.16 09:30:19.803,0.87752,0.87793,1.35,1.00
2015.10.16 09:30:20.462,0.87757,0.87796,1.00,1.00
2015.10.16 09:30:25.014,0.87757,0.87798,1.00,2.10
2015.10.16 09:30:25.303,0.87753,0.87792,1.00,1.00
2015.10.16 09:30:27.305,0.87757,0.87798,1.00,2.10
2015.10.16 09:30:27.356,0.87757,0.87796,1.00,1.00
2015.10.16 09:30:28.843,0.87752,0.87797,1.60,1.00
2015.10.16 09:30:29.152,0.87763,0.87797,1.00,1.00
2015.10.16 09:30:36.631,0.87762,0.87798,1.00,1.00
2015.10.16 09:30:37.187,0.87763,0.87797,1.00,1.00
2015.10.16 09:30:39.772,0.87763,0.87797,1.60,1.00
2015.10.16 09:30:39.822,0.87759,0.87801,2.10,1.00
2015.10.16 09:30:40.042,0.87763,0.87803,1.60,1.00
2015.10.16 09:30:40.199,0.87767,0.87803,1.00,1.00
2015.10.16 09:30:43.349,0.87763,0.87802,1.60,1.00
2015.10.16 09:30:44.884,0.87767,0.87807,1.00,1.00
2015.10.16 09:30:45.096,0.87767,0.87805,1.00,1.00
2015.10.16 09:30:45.348,0.87758,0.87802,1.00,1.12
2015.10.16 09:30:45.541,0.87763,0.87802,1.00,1.12
2015.10.16 09:30:46.042,0.87762,0.87805,1.00,1.50
2015.10.16 09:30:46.367,0.87768,0.87805,1.00,1.50
2015.10.16 09:30:47.941,0.87768,0.87804,1.00,1.00
2015.10.16 09:30:48.449,0.87768,0.87803,1.00,1.00
2015.10.16 09:30:49.151,0.87768,0.87804,1.00,1.00
2015.10.16 09:30:51.593,0.87768,0.87802,1.00,1.00
2015.10.16 09:30:51.811,0.87758,0.87802,1.60,1.00
2015.10.16 09:30:52.085,0.87763,0.87807,1.00,1.50
2015.10.16 09:30:52.135,0.87763,0.87807,1.00,1.00
2015.10.16 09:30:52.186,0.87772,0.87808,1.00,1.00
2015.10.16 09:30:52.779,0.87773,0.87807,1.00,1.00
2015.10.16 09:30:56.323,0.87778,0.87811,1.00,1.00
2015.10.16 09:30:56.851,0.87778,0.87812,1.00,1.00
2015.10.16 09:31:00.171,0.87772,0.87808,1.00,1.00
2015.10.16 09:31:01.412,0.87773,0.87813,1.00,1.00
2015.10.16 09:31:01.603,0.87778,0.87813,1.00,1.00
2015.10.16 09:31:02.269,0.87777,0.87813,1.00,1.00
2015.10.16 09:31:07.118,0.87777,0.87814,1.00,1.00
2015.10.16 09:31:08.420,0.87777,0.87813,1.00,1.00
2015.10.16 09:31:09.191,0.87778,0.87813,1.00,1.00
2015.10.16 09:31:10.401,0.87773,0.87812,1.00,1.00
2015.10.16 09:31:14.162,0.87772,0.87813,1.00,1.50
2015.10.16 09:31:14.213,0.87772,0.87811,1.00,1.00
2015.10.16 09:31:14.771,0.87772,0.87811,1.60,1.00
2015.10.16 09:31:14.923,0.87773,0.87817,1.60,1.12
2015.10.16 09:31:15.032,0.87773,0.87817,1.00,1.12
2015.10.16 09:31:15.183,0.87773,0.87813,1.00,1.00
2015.10.16 09:31:15.552,0.87768,0.8781,1.75,1.00
2015.10.16 09:31:15.873,0.87768,0.87806,1.00,1.00
2015.10.16 09:31:16.412,0.87768,0.87807,1.00,1.50
2015.10.16 09:31:16.564,0.87763,0.87807,1.60,1.00
2015.10.16 09:31:16.918,0.87768,0.87807,1.00,1.00
2015.10.16 09:31:17.841,0.87767,0.87808,1.00,1.00
2015.10.16 09:31:18.147,0.87772,0.87813,1.00,1.97
2015.10.16 09:31:18.503,0.87773,0.87817,1.00,1.87
2015.10.16 09:31:19.044,0.87772,0.87816,1.00,1.37
2015.10.16 09:31:20.321,0.87772,0.87815,1.00,1.00
2015.10.16 09:31:20.372,0.87769,0.87817,1.00,1.37
2015.10.16 09:31:20.591,0.87778,0.87817,1.00,1.87
2015.10.16 09:31:21.121,0.87777,0.87817,1.00,1.37
2015.10.16 09:31:22.021,0.87778,0.87817,1.00,1.87
2015.10.16 09:31:23.361,0.87778,0.87817,1.00,1.50
2015.10.16 09:31:24.051,0.87777,0.87817,1.00,1.00
2015.10.16 09:31:26.575,0.87777,0.87817,1.00,1.37
2015.10.16 09:31:27.109,0.87778,0.87817,1.00,1.37
2015.10.16 09:31:27.620,0.87777,0.87813,1.00,1.00
2015.10.16 09:31:28.275,0.87778,0.87812,1.00,1.00
2015.10.16 09:31:32.051,0.87772,0.87816,1.00,1.00
2015.10.16 09:31:32.211,0.87772,0.87818,1.00,1.87
2015.10.16 09:31:32.262,0.87777,0.87818,1.00,1.12
2015.10.16 09:31:32.930,0.87778,0.87817,1.00,1.00
2015.10.16 09:31:34.481,0.87777,0.87818,1.00,1.87
2015.10.16 09:31:37.179,0.87777,0.87817,1.00,1.00
2015.10.16 09:31:37.830,0.87778,0.87817,1.00,1.50
2015.10.16 09:31:41.050,0.87777,0.87817,1.00,1.12
2015.10.16 09:31:41.411,0.87777,0.87812,1.00,1.00
2015.10.16 09:31:41.992,0.87778,0.87812,1.00,1.50
2015.10.16 09:31:47.237,0.87778,0.8781,1.00,1.00
2015.10.16 09:31:48.090,0.87773,0.87807,1.00,1.00
2015.10.16 09:31:48.592,0.87772,0.87808,1.00,1.12
2015.10.16 09:31:48.643,0.87768,0.87809,1.00,1.37
2015.10.16 09:31:48.861,0.87763,0.87807,1.35,1.50
2015.10.16 09:31:49.081,0.87768,0.87809,1.00,1.37
2015.10.16 09:31:49.643,0.87767,0.87808,1.00,1.12
2015.10.16 09:31:50.337,0.87773,0.87809,1.00,1.37
2015.10.16 09:31:51.329,0.87767,0.87808,1.00,1.12
2015.10.16 09:31:53.474,0.87768,0.87807,1.00,1.00
2015.10.16 09:31:57.573,0.87767,0.87808,1.00,1.37
2015.10.16 09:31:58.456,0.87768,0.87807,1.00,1.00
2015.10.16 09:32:00.300,0.87767,0.87808,1.00,1.50
2015.10.16 09:32:01.857,0.87767,0.87807,1.00,1.00
2015.10.16 09:32:02.080,0.87767,0.87805,1.00,1.00
2015.10.16 09:32:02.817,0.87768,0.87805,1.00,1.00
2015.10.16 09:32:04.379,0.87768,0.87801,1.00,1.00
2015.10.16 09:32:04.631,0.87763,0.878,1.00,1.00
2015.10.16 09:32:04.832,0.87757,0.878,1.37,1.00
2015.10.16 09:32:04.883,0.87757,0.87803,1.37,1.00
2015.10.16 09:32:05.154,0.87763,0.87802,1.00,1.50
2015.10.16 09:32:05.380,0.87757,0.87801,1.00,1.00
2015.10.16 09:32:05.910,0.87757,0.878,1.00,1.00
2015.10.16 09:32:05.960,0.87757,0.87798,1.00,1.00
2015.10.16 09:32:06.020,0.87753,0.87797,1.00,1.00
2015.10.16 09:32:06.570,0.87758,0.87798,1.00,1.00
2015.10.16 09:32:07.444,0.87758,0.87799,1.00,1.00
2015.10.16 09:32:07.775,0.87757,0.87797,1.00,1.00
2015.10.16 09:32:08.254,0.87757,0.87799,1.00,1.00
2015.10.16 09:32:09.960,0.87757,0.87797,1.00,1.00
2015.10.16 09:32:10.542,0.87758,0.87797,1.00,1.00
2015.10.16 09:32:16.273,0.87758,0.87798,1.00,1.00
2015.10.16 09:32:16.812,0.87758,0.87799,1.00,1.00
2015.10.16 09:32:22.283,0.87758,0.87798,1.00,1.00
2015.10.16 09:32:22.539,0.87752,0.87798,1.00,1.00
2015.10.16 09:32:22.683,0.87752,0.87801,1.00,1.00
2015.10.16 09:32:23.016,0.87752,0.87799,1.00,1.00
2015.10.16 09:32:23.320,0.87757,0.87798,1.00,1.00
2015.10.16 09:32:23.529,0.87753,0.87799,1.37,1.00
2015.10.16 09:32:23.585,0.87753,0.87801,1.37,1.00
2015.10.16 09:32:23.636,0.87758,0.87801,1.00,1.00
2015.10.16 09:32:24.015,0.87758,0.87797,1.00,1.00
2015.10.16 09:32:24.688,0.87758,0.87795,1.00,1.00
2015.10.16 09:32:24.989,0.87758,0.87791,1.00,1.00
2015.10.16 09:32:25.051,0.87752,0.87791,1.00,1.00
2015.10.16 09:32:25.571,0.87753,0.87791,1.00,1.00
2015.10.16 09:32:26.311,0.87753,0.8779,1.00,1.00
2015.10.16 09:32:27.580,0.87752,0.8779,1.00,1.00
2015.10.16 09:32:28.132,0.87752,0.87791,1.00,1.00
2015.10.16 09:32:28.571,0.87748,0.87791,1.00,1.00
2015.10.16 09:32:28.621,0.87748,0.87789,1.00,1.00
2015.10.16 09:32:28.731,0.87748,0.87792,1.00,1.50
2015.10.16 09:32:28.790,0.87753,0.87792,1.00,1.00
2015.10.16 09:32:29.117,0.87757,0.87793,1.00,1.00
2015.10.16 09:32:30.100,0.87757,0.8779,1.00,1.00
2015.10.16 09:32:30.251,0.87753,0.87789,1.00,1.00
2015.10.16 09:32:30.930,0.87753,0.87787,1.00,1.00
2015.10.16 09:32:31.257,0.87753,0.87785,1.00,1.00
2015.10.16 09:32:31.412,0.87753,0.87788,1.00,1.00
2015.10.16 09:32:35.829,0.87747,0.87788,1.00,1.50
2015.10.16 09:32:36.417,0.87747,0.87786,1.00,1.00
2015.10.16 09:32:37.094,0.87748,0.87785,1.00,1.00
2015.10.16 09:32:40.875,0.87747,0.87783,1.00,1.00
2015.10.16 09:32:41.522,0.87748,0.87783,1.00,1.00
2015.10.16 09:32:46.544,0.87747,0.87783,1.00,1.00
2015.10.16 09:32:48.006,0.87747,0.87784,1.00,1.00
2015.10.16 09:32:48.817,0.87747,0.87788,1.00,1.00
2015.10.16 09:32:49.379,0.87747,0.87786,1.00,1.00
2015.10.16 09:32:50.217,0.87748,0.87786,1.00,1.00
2015.10.16 09:32:50.879,0.87748,0.87787,1.00,1.50
2015.10.16 09:32:52.009,0.87748,0.87786,1.00,1.00
2015.10.16 09:32:52.996,0.87748,0.87787,1.00,1.00
2015.10.16 09:32:53.788,0.87747,0.87788,1.00,1.50
2015.10.16 09:32:55.565,0.87747,0.87785,1.00,1.00
2015.10.16 09:32:58.380,0.87748,0.87785,1.00,1.00
2015.10.16 09:32:59.369,0.87742,0.87785,1.00,1.00
2015.10.16 09:32:59.420,0.87742,0.87783,1.00,1.00
2015.10.16 09:32:59.778,0.87742,0.8778,1.00,1.00
2015.10.16 09:33:00.177,0.87738,0.87777,1.00,1.00
2015.10.16 09:33:00.359,0.87743,0.87778,1.00,1.00
2015.10.16 09:33:00.819,0.87738,0.87778,1.00,1.00
2015.10.16 09:33:01.377,0.87738,0.87777,1.00,1.50
2015.10.16 09:33:01.916,0.87737,0.87776,1.00,1.00
2015.10.16 09:33:02.216,0.87737,0.87778,1.00,1.50
2015.10.16 09:33:02.768,0.87738,0.87777,1.60,1.00
2015.10.16 09:33:03.030,0.87738,0.87782,1.00,1.00
2015.10.16 09:33:03.131,0.87743,0.87782,1.00,1.00
2015.10.16 09:33:03.866,0.87748,0.87786,1.00,1.37
2015.10.16 09:33:05.108,0.87748,0.87786,1.00,1.00
2015.10.16 09:33:07.437,0.87748,0.87785,1.00,1.00
2015.10.16 09:33:08.691,0.87748,0.87781,1.00,1.00
2015.10.16 09:33:08.989,0.87743,0.87779,1.00,1.00
2015.10.16 09:33:09.601,0.87737,0.87779,1.00,1.00
2015.10.16 09:33:09.819,0.87743,0.87779,1.00,1.00
2015.10.16 09:33:10.588,0.87738,0.87779,1.00,1.00
2015.10.16 09:33:10.809,0.87743,0.87779,1.00,1.00
2015.10.16 09:33:12.608,0.87743,0.8778,1.00,1.00
2015.10.16 09:33:13.176,0.87737,0.87778,1.00,1.00
2015.10.16 09:33:13.327,0.87737,0.87775,1.00,1.00
2015.10.16 09:33:13.829,0.87738,0.87774,1.00,1.00
2015.10.16 09:33:15.371,0.87738,0.87775,1.00,1.00
2015.10.16 09:33:16.423,0.87738,0.87776,1.00,1.00
2015.10.16 09:33:16.753,0.87738,0.87773,1.00,1.00
2015.10.16 09:33:17.106,0.87737,0.87776,1.00,1.00
2015.10.16 09:33:17.636,0.87738,0.87776,1.00,1.00
2015.10.16 09:33:18.312,0.87738,0.87777,1.00,1.50
2015.10.16 09:33:18.619,0.87733,0.87777,1.00,1.50
2015.10.16 09:33:18.670,0.87733,0.87777,1.60,1.50
2015.10.16 09:33:18.821,0.87737,0.87779,1.35,1.00
2015.10.16 09:33:18.872,0.87743,0.87779,1.00,1.00
2015.10.16 09:33:19.154,0.87738,0.87781,1.35,1.00
2015.10.16 09:33:19.205,0.87742,0.87781,1.00,1.00
2015.10.16 09:33:19.718,0.87743,0.87781,1.00,1.00
2015.10.16 09:33:20.378,0.87743,0.87782,1.00,1.50
2015.10.16 09:33:23.020,0.87742,0.87782,1.00,1.00
2015.10.16 09:33:24.026,0.87742,0.87781,1.00,1.00
2015.10.16 09:33:24.673,0.87743,0.87781,1.00,1.00
2015.10.16 09:33:26.632,0.87743,0.87782,1.00,1.00
2015.10.16 09:33:27.308,0.87742,0.87783,1.00,1.50
2015.10.16 09:33:32.865,0.87742,0.87782,1.00,1.00
2015.10.16 09:33:33.313,0.87748,0.87782,1.00,1.00
2015.10.16 09:33:34.788,0.87743,0.87782,1.00,1.50
2015.10.16 09:33:38.639,0.87748,0.87783,1.00,1.00
2015.10.16 09:33:40.770,0.87743,0.87782,1.00,1.00
2015.10.16 09:33:42.399,0.87747,0.87788,1.00,1.37
2015.10.16 09:33:42.807,0.87753,0.87791,1.00,1.35
2015.10.16 09:33:43.141,0.87756,0.87803,1.72,1.00
2015.10.16 09:33:43.308,0.8775,0.87803,3.00,1.50
2015.10.16 09:33:43.368,0.87758,0.87803,1.00,1.00
2015.10.16 09:33:43.700,0.87753,0.87796,1.00,1.00
2015.10.16 09:33:44.076,0.87753,0.87794,1.00,1.00
2015.10.16 09:33:45.128,0.87748,0.87792,1.00,1.00
2015.10.16 09:33:45.918,0.87747,0.87793,1.00,1.50
2015.10.16 09:33:46.518,0.87747,0.87792,1.00,1.00
2015.10.16 09:33:47.072,0.87748,0.87791,1.00,1.00
2015.10.16 09:33:48.383,0.87748,0.87791,1.00,1.50
2015.10.16 09:33:48.663,0.87748,0.87787,1.00,1.00
2015.10.16 09:33:53.843,0.87743,0.87787,1.60,1.00
2015.10.16 09:33:54.068,0.87747,0.87788,1.00,1.00
2015.10.16 09:33:56.379,0.87748,0.87787,1.00,1.00
2015.10.16 09:33:56.788,0.87748,0.87792,1.00,2.10
2015.10.16 09:33:56.924,0.87748,0.87789,1.00,1.00
2015.10.16 09:33:57.557,0.87748,0.87787,1.00,1.00
2015.10.16 09:33:58.333,0.87742,0.87788,1.60,1.00
2015.10.16 09:33:58.547,0.87747,0.87788,1.00,1.00
2015.10.16 09:34:00.869,0.87747,0.87786,1.00,1.00
2015.10.16 09:34:01.878,0.87747,0.87787,1.00,1.00
2015.10.16 09:34:02.378,0.87747,0.87785,1.00,1.00
2015.10.16 09:34:03.141,0.87748,0.87785,1.00,1.00
2015.10.16 09:34:04.407,0.87747,0.87785,1.00,1.00
2015.10.16 09:34:06.948,0.87747,0.87786,1.00,1.00
2015.10.16 09:34:07.940,0.87748,0.87786,1.00,1.00
2015.10.16 09:34:08.441,0.87747,0.87779,1.00,1.00
2015.10.16 09:34:08.492,0.87742,0.87779,1.00,1.00
2015.10.16 09:34:08.593,0.87742,0.87778,1.00,1.60
2015.10.16 09:34:08.693,0.87738,0.87773,1.00,1.00
2015.10.16 09:34:08.794,0.87738,0.87773,1.00,1.60
2015.10.16 09:34:08.895,0.87733,0.87774,1.00,1.60
2015.10.16 09:34:09.028,0.87733,0.87772,1.00,1.60
2015.10.16 09:34:09.129,0.87728,0.87769,1.00,1.35
2015.10.16 09:34:09.884,0.87723,0.87767,1.00,1.12
2015.10.16 09:34:10.099,0.87727,0.87769,1.00,1.50
2015.10.16 09:34:10.474,0.87727,0.87773,1.00,1.00
2015.10.16 09:34:10.575,0.87732,0.87777,1.00,1.12
2015.10.16 09:34:10.772,0.87728,0.87775,1.00,1.00
2015.10.16 09:34:11.004,0.87722,0.87773,1.00,1.50
2015.10.16 09:34:11.114,0.87728,0.87772,1.00,1.00
2015.10.16 09:34:12.838,0.87728,0.87771,1.00,1.00
2015.10.16 09:34:13.837,0.87722,0.87768,1.00,1.00
2015.10.16 09:34:14.827,0.87728,0.87772,1.00,1.50
2015.10.16 09:34:16.385,0.87723,0.87767,1.00,1.00
2015.10.16 09:34:16.727,0.87728,0.8777,1.00,1.00
2015.10.16 09:34:17.045,0.87727,0.87772,1.00,1.00
2015.10.16 09:34:17.577,0.87727,0.87773,1.00,1.00
2015.10.16 09:34:18.348,0.87728,0.87772,1.00,1.00
2015.10.16 09:34:22.637,0.87733,0.87775,1.00,1.00
2015.10.16 09:34:22.857,0.87728,0.87772,1.00,1.00
2015.10.16 09:34:24.397,0.87733,0.87775,1.00,1.00
2015.10.16 09:34:24.498,0.87733,0.87777,1.00,1.00
2015.10.16 09:34:24.649,0.87727,0.87781,1.50,1.00
2015.10.16 09:34:24.851,0.87737,0.87781,1.00,1.00
2015.10.16 09:34:25.490,0.87737,0.87782,1.00,1.00
2015.10.16 09:34:26.021,0.87738,0.87783,1.00,1.00
2015.10.16 09:34:26.597,0.87737,0.87783,1.00,1.00
2015.10.16 09:34:27.412,0.87738,0.87783,1.00,1.00
2015.10.16 09:34:28.025,0.87737,0.87783,1.00,1.00
2015.10.16 09:34:29.787,0.87733,0.87782,1.00,1.00
2015.10.16 09:34:32.018,0.87733,0.87781,1.00,1.00
2015.10.16 09:34:32.896,0.87733,0.87782,1.00,1.00
2015.10.16 09:34:33.747,0.87738,0.87783,1.00,1.00
2015.10.16 09:34:34.631,0.87737,0.87783,1.00,1.00
2015.10.16 09:34:35.013,0.87738,0.8778,1.00,1.00
2015.10.16 09:34:35.067,0.87732,0.8778,1.00,1.00
2015.10.16 09:34:35.622,0.87732,0.87781,1.00,1.00
2015.10.16 09:34:36.582,0.87732,0.87783,1.00,1.00
2015.10.16 09:34:36.884,0.87732,0.87781,1.00,1.00
2015.10.16 09:34:37.377,0.87732,0.87783,1.00,1.50
2015.10.16 09:34:39.415,0.87732,0.87782,1.00,1.00
2015.10.16 09:34:40.591,0.87732,0.87781,1.00,1.00
2015.10.16 09:34:41.092,0.87733,0.87781,1.00,1.00
2015.10.16 09:34:41.226,0.87732,0.87778,1.00,1.00
2015.10.16 09:34:42.446,0.87727,0.87778,1.00,1.50
2015.10.16 09:34:42.797,0.87732,0.8778,1.00,1.00
2015.10.16 09:34:42.897,0.87732,0.87782,1.00,1.00
2015.10.16 09:34:43.486,0.87733,0.87782,1.00,1.50
2015.10.16 09:34:47.708,0.87733,0.87781,1.00,1.00
2015.10.16 09:34:48.311,0.87733,0.8778,1.00,1.00
2015.10.16 09:34:49.681,0.87733,0.87782,1.00,1.50
2015.10.16 09:34:50.797,0.87738,0.87783,1.00,1.00
2015.10.16 09:34:51.127,0.87733,0.87782,1.00,1.00
2015.10.16 09:34:51.486,0.87738,0.87781,1.00,1.00
2015.10.16 09:34:51.587,0.87733,0.87781,1.00,1.00
2015.10.16 09:34:52.116,0.87732,0.87781,1.00,1.00
2015.10.16 09:34:52.268,0.87732,0.87783,1.00,1.50
2015.10.16 09:34:52.446,0.87738,0.87782,1.00,1.50
2015.10.16 09:34:53.323,0.87743,0.87782,1.00,1.00
2015.10.16 09:34:53.986,0.87742,0.87783,1.00,1.50
2015.10.16 09:34:54.537,0.87743,0.87783,1.00,1.00
2015.10.16 09:34:54.587,0.87743,0.87786,1.00,1.37
2015.10.16 09:34:58.362,0.87743,0.87784,1.00,1.00
2015.10.16 09:35:02.043,0.87742,0.87784,1.00,1.00
2015.10.16 09:35:02.653,0.87742,0.87783,1.00,1.00
2015.10.16 09:35:03.807,0.87742,0.8778,1.00,1.00
2015.10.16 09:35:04.107,0.87738,0.8778,1.00,1.00
2015.10.16 09:35:05.787,0.87737,0.8778,1.00,1.00
2015.10.16 09:35:07.208,0.87737,0.87781,1.00,1.00
2015.10.16 09:35:07.717,0.87737,0.8778,1.00,1.00
2015.10.16 09:35:08.288,0.87738,0.8778,1.00,1.00
2015.10.16 09:35:10.404,0.87738,0.87779,1.00,1.00
2015.10.16 09:35:10.749,0.87732,0.87778,1.00,1.00
2015.10.16 09:35:11.115,0.87733,0.8778,1.00,1.00
2015.10.16 09:35:11.395,0.87738,0.87777,1.00,1.00
2015.10.16 09:35:12.196,0.87737,0.87778,1.00,1.00
2015.10.16 09:35:15.444,0.87738,0.87777,1.00,1.00
2015.10.16 09:35:15.780,0.87733,0.87777,1.00,1.00
2015.10.16 09:35:16.381,0.87732,0.87778,1.00,1.00
2015.10.16 09:35:16.432,0.87728,0.87777,1.60,1.00
2015.10.16 09:35:16.662,0.87738,0.87777,1.00,1.00
2015.10.16 09:35:19.622,0.87733,0.87775,1.00,1.00
2015.10.16 09:35:19.842,0.87733,0.87773,1.00,1.00
2015.10.16 09:35:20.709,0.87733,0.87772,1.00,1.00
2015.10.16 09:35:21.358,0.87732,0.87773,1.00,1.50
2015.10.16 09:35:22.037,0.87733,0.87772,1.00,1.00
2015.10.16 09:35:23.806,0.87733,0.87771,1.00,1.00
2015.10.16 09:35:24.711,0.87733,0.87772,1.00,1.50
2015.10.16 09:35:24.818,0.87728,0.8777,1.00,1.00
2015.10.16 09:35:25.348,0.87727,0.87769,1.00,1.00
2015.10.16 09:35:25.856,0.87727,0.8777,1.00,1.00
2015.10.16 09:35:29.070,0.87728,0.8777,1.00,1.00
2015.10.16 09:35:29.919,0.87728,0.87769,1.00,1.00
2015.10.16 09:35:31.622,0.87728,0.87768,1.00,1.00
2015.10.16 09:35:32.635,0.87728,0.87769,1.00,1.00
2015.10.16 09:35:32.686,0.87723,0.87767,1.00,1.50
2015.10.16 09:35:36.058,0.87722,0.87766,1.00,1.00
2015.10.16 09:35:36.566,0.87723,0.87766,1.00,1.00
2015.10.16 09:35:36.617,0.87723,0.87762,1.00,1.00
2015.10.16 09:35:37.136,0.87727,0.87768,1.00,1.50
2015.10.16 09:35:47.586,0.87728,0.87767,1.00,1.00
2015.10.16 09:35:50.708,0.87728,0.87766,1.00,1.00
2015.10.16 09:35:51.436,0.87727,0.87766,1.00,1.00
2015.10.16 09:35:51.785,0.87723,0.87765,1.00,1.00
2015.10.16 09:35:51.886,0.87727,0.87765,1.00,1.00
2015.10.16 09:35:52.250,0.87727,0.87763,1.00,1.00
2015.10.16 09:35:52.806,0.87728,0.87764,1.00,1.00
2015.10.16 09:35:54.766,0.87728,0.87766,1.00,1.00
2015.10.16 09:35:55.367,0.87727,0.87766,1.00,1.00
2015.10.16 09:36:01.680,0.87727,0.87765,1.00,1.00
2015.10.16 09:36:02.183,0.87727,0.87766,1.00,1.00
2015.10.16 09:36:02.830,0.87727,0.87768,1.35,1.00
2015.10.16 09:36:02.931,0.87725,0.87773,1.60,1.72
2015.10.16 09:36:03.320,0.87733,0.87777,1.00,3.00
2015.10.16 09:36:03.635,0.87738,0.87777,1.00,3.00
2015.10.16 09:36:04.138,0.87737,0.87777,1.00,2.25
2015.10.16 09:36:04.715,0.87737,0.87778,1.00,1.50
2015.10.16 09:36:05.266,0.87738,0.87777,1.00,1.00
2015.10.16 09:36:06.056,0.87732,0.87773,1.00,1.00
2015.10.16 09:36:06.792,0.87732,0.87773,1.00,1.60
2015.10.16 09:36:07.026,0.87728,0.8777,1.00,1.30
2015.10.16 09:36:07.669,0.87723,0.87762,1.60,1.00
2015.10.16 09:36:08.319,0.87723,0.87762,1.00,1.00
2015.10.16 09:36:19.345,0.87718,0.87767,1.60,1.72
2015.10.16 09:36:19.607,0.87728,0.87767,1.00,1.72
2015.10.16 09:36:22.337,0.87728,0.87767,1.00,1.72
2015.10.16 09:36:25.732,0.87732,0.87767,1.00,1.30
2015.10.16 09:36:33.205,0.87727,0.87767,1.00,1.30
2015.10.16 09:36:37.325,0.87728,0.87767,1.00,1.72
2015.10.16 09:36:47.096,0.87727,0.87767,1.00,1.30
2015.10.16 09:36:47.597,0.87727,0.87768,1.00,1.97
2015.10.16 09:36:47.880,0.87723,0.87767,1.00,1.72
2015.10.16 09:36:48.032,0.87723,0.87767,1.00,1.97
2015.10.16 09:36:48.365,0.87723,0.87761,1.00,1.00
2015.10.16 09:36:48.736,0.87728,0.87764,1.00,1.00
2015.10.16 09:36:49.848,0.87722,0.87763,1.00,1.00
2015.10.16 09:36:59.055,0.87723,0.87762,1.00,1.00
2015.10.16 09:37:03.895,0.87727,0.87765,1.00,1.35
2015.10.16 09:37:05.326,0.87728,0.87767,1.00,2.10
2015.10.16 09:37:06.592,0.87728,0.87772,1.00,1.00
2015.10.16 09:37:06.864,0.87732,0.87773,1.00,1.00
2015.10.16 09:37:11.594,0.87733,0.87772,1.00,1.00
2015.10.16 09:37:15.912,0.87732,0.87773,1.00,1.00
2015.10.16 09:37:17.996,0.87733,0.87772,1.00,1.00
2015.10.16 09:37:22.015,0.87733,0.87777,1.00,1.12
2015.10.16 09:37:22.065,0.87728,0.87772,1.00,1.00
2015.10.16 09:37:22.405,0.87733,0.87772,1.00,1.00
2015.10.16 09:37:24.054,0.87735,0.87772,1.00,1.00
2015.10.16 09:37:24.356,0.87737,0.87772,1.00,1.00
2015.10.16 09:37:24.596,0.87743,0.87787,1.00,1.50
2015.10.16 09:37:24.884,0.87748,0.87787,1.00,1.00
2015.10.16 09:37:25.194,0.87748,0.87797,1.00,1.00
2015.10.16 09:37:25.312,0.87748,0.87792,1.00,1.00
2015.10.16 09:37:26.090,0.87745,0.87792,1.35,1.00
2015.10.16 09:37:26.294,0.87752,0.87793,1.00,1.00
2015.10.16 09:37:28.734,0.87753,0.87792,1.00,1.00
2015.10.16 09:37:29.409,0.87747,0.87795,1.00,1.00
2015.10.16 09:37:29.595,0.87748,0.87792,1.00,1.00
2015.10.16 09:37:32.749,0.87747,0.87793,1.00,1.00
2015.10.16 09:37:36.315,0.87742,0.87793,1.00,1.00
2015.10.16 09:37:36.662,0.87748,0.87787,1.00,1.00
2015.10.16 09:37:37.216,0.87747,0.87793,1.37,1.00
2015.10.16 09:37:37.268,0.87747,0.87793,1.97,1.00
2015.10.16 09:37:37.602,0.87757,0.87793,1.00,1.00
2015.10.16 09:37:40.486,0.87758,0.87792,1.00,1.00
2015.10.16 09:37:41.143,0.87757,0.87793,1.00,1.00
2015.10.16 09:37:44.813,0.87753,0.87797,1.60,1.00
2015.10.16 09:37:45.324,0.87758,0.87797,1.00,1.00
2015.10.16 09:38:15.433,0.87758,0.87797,2.85,1.00
2015.10.16 09:38:15.794,0.87763,0.87802,1.00,1.50
2015.10.16 09:38:16.989,0.87763,0.878,1.00,1.00
2015.10.16 09:38:17.490,0.87763,0.87801,1.00,1.00
2015.10.16 09:38:22.525,0.87763,0.87802,1.00,1.50
2015.10.16 09:38:23.010,0.87763,0.878,1.00,1.00
2015.10.16 09:38:27.483,0.87758,0.87797,2.85,1.00
2015.10.16 09:38:31.852,0.87762,0.878,1.35,1.00
2015.10.16 09:38:34.222,0.87762,0.87798,1.35,1.00
2015.10.16 09:38:34.423,0.87752,0.87795,1.00,1.00
2015.10.16 09:38:34.525,0.87752,0.87788,1.00,2.10
2015.10.16 09:38:34.772,0.87742,0.87788,1.37,2.10
2015.10.16 09:38:34.823,0.87742,0.87783,1.00,1.35
2015.10.16 09:38:35.628,0.87742,0.87782,1.00,1.00
2015.10.16 09:38:35.855,0.87737,0.87782,1.60,1.00
2015.10.16 09:38:36.324,0.87743,0.87782,1.00,1.50
2015.10.16 09:38:36.846,0.87742,0.87783,1.00,1.00
2015.10.16 09:38:36.950,0.87737,0.87785,1.00,1.00
2015.10.16 09:38:37.051,0.87738,0.87783,1.00,1.00
2015.10.16 09:38:37.354,0.87743,0.87787,1.00,1.50
2015.10.16 09:38:37.910,0.87742,0.87783,1.00,1.00
2015.10.16 09:38:40.102,0.87742,0.87785,1.00,1.00
2015.10.16 09:38:40.341,0.87737,0.87783,1.00,1.00
2015.10.16 09:38:42.909,0.87738,0.87782,1.00,1.00
2015.10.16 09:38:43.842,0.87737,0.87783,1.00,1.50
2015.10.16 09:38:47.159,0.87742,0.87788,1.00,1.00
2015.10.16 09:38:47.410,0.87743,0.8779,1.00,1.00
2015.10.16 09:38:47.461,0.87743,0.87792,1.00,1.50
2015.10.16 09:38:47.612,0.87743,0.87795,1.00,1.00
2015.10.16 09:38:48.163,0.87752,0.87795,1.00,1.00
2015.10.16 09:38:48.264,0.87748,0.87792,1.00,1.00
2015.10.16 09:38:48.572,0.87742,0.87793,1.00,1.50
2015.10.16 09:38:48.651,0.87742,0.87791,1.00,1.00
2015.10.16 09:38:49.586,0.87742,0.87793,1.00,1.00
2015.10.16 09:38:51.129,0.87743,0.87792,1.00,1.00
2015.10.16 09:38:53.309,0.87742,0.87793,1.00,1.50
2015.10.16 09:38:55.612,0.87743,0.87792,1.00,1.00
2015.10.16 09:38:56.872,0.87743,0.87788,1.00,1.00
2015.10.16 09:38:57.182,0.87738,0.87786,1.00,1.00
2015.10.16 09:38:57.513,0.87738,0.87782,1.00,1.00
2015.10.16 09:39:01.552,0.87737,0.87783,1.00,1.00
2015.10.16 09:39:03.531,0.87738,0.87782,1.00,1.00
2015.10.16 09:39:05.744,0.87737,0.87783,1.00,1.00
2015.10.16 09:39:07.602,0.87738,0.87782,1.00,1.00
2015.10.16 09:39:08.389,0.87737,0.87783,1.00,1.00
2015.10.16 09:39:11.180,0.87733,0.87777,1.50,1.00
2015.10.16 09:39:11.342,0.87728,0.87774,1.00,1.00
2015.10.16 09:39:11.392,0.87728,0.87769,1.00,1.00
2015.10.16 09:39:11.792,0.87728,0.87767,1.00,1.00
2015.10.16 09:39:12.342,0.87728,0.87766,1.00,1.00
2015.10.16 09:39:12.668,0.87727,0.87768,1.00,1.00
2015.10.16 09:39:12.771,0.87727,0.87767,1.00,2.10
2015.10.16 09:39:12.882,0.87722,0.87767,1.00,2.10
2015.10.16 09:39:13.133,0.87722,0.87758,1.00,1.00
2015.10.16 09:39:13.547,0.87722,0.87749,1.00,2.10
2015.10.16 09:39:13.698,0.87708,0.87749,1.00,2.10
2015.10.16 09:39:14.144,0.87702,0.87748,1.35,1.60
2015.10.16 09:39:14.311,0.87702,0.87748,1.35,1.00
2015.10.16 09:39:14.362,0.87713,0.87752,1.00,1.87
2015.10.16 09:39:14.549,0.87708,0.87753,1.00,1.50
2015.10.16 09:39:14.650,0.87708,0.87757,1.00,1.50
2015.10.16 09:39:14.873,0.87712,0.87758,1.00,1.00
2015.10.16 09:39:15.623,0.87707,0.8775,1.00,1.00
2015.10.16 09:39:17.299,0.87708,0.8775,1.00,1.00
2015.10.16 09:39:17.637,0.87707,0.87748,1.00,1.00
2015.10.16 09:39:18.508,0.87707,0.87749,1.00,1.00
2015.10.16 09:39:20.211,0.87707,0.87747,1.00,1.00
2015.10.16 09:39:20.312,0.87707,0.87749,1.00,1.00
2015.10.16 09:39:20.413,0.87707,0.87751,1.00,1.00
2015.10.16 09:39:21.003,0.87708,0.87751,1.00,1.35
2015.10.16 09:39:21.131,0.87707,0.87748,1.00,1.00
2015.10.16 09:39:21.572,0.87703,0.87751,1.00,1.00
2015.10.16 09:39:21.901,0.87707,0.87751,1.00,1.00
2015.10.16 09:39:22.368,0.87707,0.87749,1.00,1.00
2015.10.16 09:39:22.891,0.87707,0.87748,1.00,1.00
2015.10.16 09:39:23.362,0.87707,0.87752,1.00,1.60
2015.10.16 09:39:23.513,0.87707,0.87752,1.00,1.00
2015.10.16 09:39:23.564,0.87703,0.87752,1.00,1.50
2015.10.16 09:39:23.723,0.87703,0.87749,1.00,1.00
2015.10.16 09:39:24.079,0.87708,0.87749,1.00,1.00
2015.10.16 09:39:24.650,0.87707,0.87749,1.00,1.00
2015.10.16 09:39:25.091,0.87708,0.87747,1.00,1.00
2015.10.16 09:39:26.081,0.87707,0.87747,1.00,1.00
2015.10.16 09:39:26.622,0.87707,0.87748,1.00,1.00
2015.10.16 09:39:29.911,0.87707,0.87748,1.00,1.60
2015.10.16 09:39:29.961,0.87703,0.87747,1.00,1.60
2015.10.16 09:39:30.357,0.87697,0.87743,1.00,1.50
2015.10.16 09:39:30.409,0.87703,0.87742,1.00,1.60
2015.10.16 09:39:30.610,0.87703,0.87742,1.00,1.00
2015.10.16 09:39:30.772,0.87712,0.87742,2.10,1.00
2015.10.16 09:39:30.823,0.87704,0.87752,1.35,1.00
2015.10.16 09:39:31.062,0.87711,0.87752,1.00,1.00
2015.10.16 09:39:31.189,0.87711,0.87757,1.00,1.00
2015.10.16 09:39:31.606,0.87712,0.87762,1.00,1.00
2015.10.16 09:39:31.739,0.87708,0.87762,1.50,1.00
2015.10.16 09:39:31.840,0.87714,0.87767,1.00,1.50
2015.10.16 09:39:32.172,0.87714,0.87762,1.00,1.00
2015.10.16 09:39:32.290,0.87717,0.87767,1.00,1.00
2015.10.16 09:39:32.488,0.87722,0.87767,1.00,1.00
2015.10.16 09:39:32.589,0.87723,0.87773,1.00,1.00
2015.10.16 09:39:33.267,0.87724,0.87773,1.00,1.00
2015.10.16 09:39:33.368,0.87727,0.87773,1.00,1.00
2015.10.16 09:39:34.234,0.87728,0.87772,1.00,1.00
2015.10.16 09:39:35.321,0.87727,0.87773,1.00,1.00
2015.10.16 09:39:35.888,0.87728,0.87772,1.00,1.00
2015.10.16 09:39:37.521,0.87723,0.87767,1.00,1.00
2015.10.16 09:39:38.108,0.87713,0.87763,1.00,1.35
2015.10.16 09:39:38.432,0.87713,0.87757,1.00,1.00
2015.10.16 09:39:40.508,0.87712,0.87758,1.00,1.00
2015.10.16 09:39:42.873,0.87713,0.87757,1.00,1.00
2015.10.16 09:39:43.341,0.87718,0.8776,1.00,1.00
2015.10.16 09:39:43.392,0.87712,0.87758,1.00,1.00
2015.10.16 09:39:43.508,0.87718,0.8776,1.00,1.00
2015.10.16 09:39:44.271,0.87717,0.87761,1.00,1.00
2015.10.16 09:39:44.892,0.87718,0.8776,1.00,1.00
2015.10.16 09:39:45.112,0.87712,0.87758,1.00,1.00
2015.10.16 09:39:51.168,0.87717,0.87763,1.00,1.35
2015.10.16 09:39:51.275,0.87713,0.87762,1.00,1.00
2015.10.16 09:39:51.491,0.87717,0.87765,1.00,1.00
2015.10.16 09:39:51.605,0.87718,0.87767,1.00,1.50
2015.10.16 09:39:54.790,0.87718,0.87766,1.00,1.00
2015.10.16 09:39:55.392,0.87717,0.87766,1.00,1.00
2015.10.16 09:39:55.953,0.87718,0.87766,1.00,1.00
2015.10.16 09:39:56.522,0.87718,0.87767,1.00,1.50
2015.10.16 09:39:56.893,0.87718,0.87765,1.00,1.00
2015.10.16 09:39:58.203,0.87717,0.87765,1.00,1.00
2015.10.16 09:39:59.098,0.87717,0.87766,1.00,1.00
2015.10.16 09:40:00.902,0.87717,0.87765,1.00,1.00
2015.10.16 09:40:01.754,0.87718,0.87766,1.00,1.00
2015.10.16 09:40:02.385,0.87717,0.87766,1.00,1.00
2015.10.16 09:40:03.260,0.87717,0.87765,1.00,1.00
2015.10.16 09:40:07.735,0.87717,0.87767,1.00,1.00
2015.10.16 09:40:08.330,0.87717,0.87766,1.00,1.00
2015.10.16 09:40:08.599,0.87717,0.87768,1.00,1.50
2015.10.16 09:40:09.314,0.87718,0.87767,1.00,1.00
2015.10.16 09:40:15.272,0.87717,0.87768,1.00,1.00
2015.10.16 09:40:15.804,0.87718,0.87767,1.00,1.00
2015.10.16 09:40:16.274,0.87723,0.87767,1.00,1.00
2015.10.16 09:40:22.625,0.87717,0.87768,1.60,1.00
2015.10.16 09:40:22.676,0.8772,0.87768,1.00,1.00
2015.10.16 09:40:22.999,0.87728,0.87767,1.00,1.00
2015.10.16 09:40:23.992,0.87727,0.87768,1.00,1.00
2015.10.16 09:40:27.763,0.87727,0.87768,1.00,1.60
2015.10.16 09:40:28.057,0.87722,0.87768,1.00,1.37
2015.10.16 09:40:28.353,0.87727,0.87768,1.00,1.37
2015.10.16 09:40:29.164,0.87727,0.87768,1.00,1.00
2015.10.16 09:40:35.743,0.87723,0.87767,1.00,1.00
2015.10.16 09:40:36.345,0.87722,0.87768,1.00,1.00
2015.10.16 09:40:36.594,0.87727,0.8777,1.00,1.00
2015.10.16 09:40:36.814,0.87723,0.87767,1.00,1.00
2015.10.16 09:40:37.584,0.87722,0.87768,1.00,1.00
2015.10.16 09:40:39.563,0.87723,0.87767,1.00,1.00
2015.10.16 09:40:46.390,0.87728,0.87771,1.00,1.00
2015.10.16 09:40:47.033,0.87727,0.87771,1.00,1.00
2015.10.16 09:40:47.692,0.87728,0.87771,1.00,1.00
2015.10.16 09:40:47.844,0.87723,0.87767,1.00,1.00
2015.10.16 09:40:47.924,0.87728,0.8777,1.00,1.00
2015.10.16 09:40:47.994,0.87728,0.87772,1.00,1.00
2015.10.16 09:40:48.045,0.87722,0.87773,1.00,1.50
2015.10.16 09:40:48.787,0.87727,0.87768,1.00,1.00
2015.10.16 09:40:49.117,0.87732,0.87773,1.00,1.00
2015.10.16 09:40:49.448,0.87728,0.87767,1.00,1.00
2015.10.16 09:40:49.600,0.87722,0.87768,1.00,1.00
2015.10.16 09:40:50.105,0.87723,0.87767,1.00,1.00
2015.10.16 09:40:52.573,0.87722,0.87767,1.00,1.00
2015.10.16 09:40:52.880,0.87718,0.87767,1.00,1.50
2015.10.16 09:40:53.131,0.87723,0.87767,1.00,1.50
2015.10.16 09:40:54.313,0.87722,0.87767,1.00,1.00
2015.10.16 09:40:54.559,0.87718,0.87766,1.00,1.00
2015.10.16 09:40:54.609,0.87718,0.87764,1.00,1.00
2015.10.16 09:40:55.085,0.87722,0.87764,1.00,1.00
2015.10.16 09:40:55.622,0.87722,0.87763,1.00,1.00
2015.10.16 09:40:56.503,0.87723,0.87762,1.00,1.00
2015.10.16 09:40:57.096,0.87723,0.87761,1.00,1.00
2015.10.16 09:40:57.273,0.87717,0.87758,1.00,1.00
2015.10.16 09:40:57.926,0.87718,0.87757,1.00,1.00
2015.10.16 09:41:00.813,0.87712,0.87761,1.00,1.00
2015.10.16 09:41:00.864,0.87712,0.87759,1.00,1.00
2015.10.16 09:41:01.171,0.87707,0.87758,1.00,1.00
2015.10.16 09:41:01.342,0.87718,0.87757,1.00,1.00
2015.10.16 09:41:06.419,0.87717,0.87758,1.00,1.50
2015.10.16 09:41:07.175,0.87718,0.87757,1.00,1.00
2015.10.16 09:41:22.048,0.87722,0.87763,1.00,1.00
2015.10.16 09:41:22.572,0.87723,0.87762,1.00,1.50
2015.10.16 09:41:28.907,0.8772,0.87768,1.00,1.00
2015.10.16 09:41:29.008,0.87722,0.87767,1.00,1.00
2015.10.16 09:41:29.400,0.87728,0.87767,1.00,1.00
2015.10.16 09:41:29.772,0.87733,0.87772,1.00,1.97
2015.10.16 09:41:30.331,0.87733,0.87772,1.00,1.60
2015.10.16 09:41:30.863,0.87728,0.87778,1.00,1.00
2015.10.16 09:41:31.151,0.87733,0.87777,1.00,1.00
2015.10.16 09:41:31.871,0.87729,0.87777,1.60,1.00
2015.10.16 09:41:32.358,0.87732,0.87777,1.00,1.00
2015.10.16 09:41:32.691,0.87733,0.87772,1.00,1.00
2015.10.16 09:41:32.948,0.87728,0.87772,1.50,1.60
2015.10.16 09:41:33.318,0.87729,0.87772,1.00,1.00
2015.10.16 09:41:33.509,0.87733,0.87772,1.00,1.00
2015.10.16 09:41:34.342,0.87738,0.87777,1.00,1.72
2015.10.16 09:41:34.833,0.87737,0.8778,1.00,1.35
2015.10.16 09:41:35.376,0.87738,0.87777,1.00,1.00
2015.10.16 09:41:35.553,0.87737,0.87782,1.50,1.35
2015.10.16 09:41:35.881,0.87743,0.87782,1.00,2.10
2015.10.16 09:41:36.872,0.87737,0.87778,1.50,1.00
2015.10.16 09:41:37.202,0.87743,0.87782,1.00,2.10
2015.10.16 09:41:41.602,0.87738,0.87777,1.00,1.00
2015.10.16 09:41:44.132,0.87743,0.87781,1.00,1.35
2015.10.16 09:41:45.122,0.87737,0.87778,1.00,1.00
2015.10.16 09:41:51.090,0.87738,0.87782,1.00,1.50
2015.10.16 09:41:51.649,0.87742,0.87783,1.00,1.75
2015.10.16 09:41:51.951,0.87742,0.87783,1.00,1.00
2015.10.16 09:41:52.602,0.87743,0.87782,1.00,1.00
2015.10.16 09:41:55.126,0.87737,0.87786,1.00,1.00
2015.10.16 09:41:55.176,0.87737,0.87784,1.00,1.00
2015.10.16 09:41:55.241,0.87732,0.87783,1.00,1.00
2015.10.16 09:41:55.351,0.87733,0.87777,1.00,1.00
2015.10.16 09:41:55.822,0.87733,0.87781,1.00,1.35
2015.10.16 09:41:55.949,0.87733,0.87778,1.00,1.00
2015.10.16 09:41:56.289,0.87732,0.87773,1.00,1.00
2015.10.16 09:41:57.123,0.87733,0.87772,1.00,1.00
2015.10.16 09:41:57.371,0.87723,0.87772,1.00,1.00
2015.10.16 09:41:57.551,0.87723,0.87767,1.00,1.00
2015.10.16 09:41:58.211,0.87722,0.87768,1.00,1.00
2015.10.16 09:41:58.728,0.87723,0.87767,1.00,1.00
2015.10.16 09:41:59.321,0.87722,0.87768,1.00,1.00
2015.10.16 09:42:00.302,0.87723,0.87767,1.00,1.00
2015.10.16 09:42:02.306,0.87722,0.87768,1.00,1.00
2015.10.16 09:42:03.060,0.87723,0.87767,1.00,1.00
2015.10.16 09:42:08.221,0.87722,0.87768,1.00,1.00
2015.10.16 09:42:10.641,0.87723,0.87767,1.00,1.00
2015.10.16 09:42:11.202,0.87722,0.87768,1.00,1.00
2015.10.16 09:42:15.151,0.87723,0.87767,1.00,1.00
2015.10.16 09:42:17.437,0.87722,0.87768,1.00,1.00
2015.10.16 09:42:21.531,0.87723,0.87767,1.00,1.00
2015.10.16 09:42:22.851,0.87717,0.87768,1.00,2.10
2015.10.16 09:42:22.915,0.87717,0.87763,1.00,1.00
2015.10.16 09:42:23.216,0.87718,0.87757,1.00,1.00
2015.10.16 09:42:24.630,0.87717,0.87758,1.00,1.00
2015.10.16 09:42:28.571,0.87718,0.87757,1.00,1.00
2015.10.16 09:42:29.658,0.87719,0.87757,1.00,1.00
2015.10.16 09:42:29.925,0.8772,0.87767,1.35,1.00
2015.10.16 09:42:30.114,0.87727,0.87768,1.00,1.00
2015.10.16 09:42:30.613,0.87728,0.87767,1.00,1.60
2015.10.16 09:42:30.664,0.87722,0.87771,1.00,2.10
2015.10.16 09:42:30.787,0.87718,0.87767,1.00,1.60
2015.10.16 09:42:30.887,0.87718,0.87767,1.00,1.00
2015.10.16 09:42:31.101,0.87728,0.87767,1.00,1.00
2015.10.16 09:42:42.252,0.87727,0.87768,1.00,1.00
2015.10.16 09:42:45.765,0.87722,0.87763,1.00,1.00
2015.10.16 09:42:49.582,0.87723,0.87762,1.00,1.00
2015.10.16 09:43:01.372,0.87722,0.87763,1.00,1.00
2015.10.16 09:43:02.001,0.87722,0.87762,1.00,1.00
2015.10.16 09:43:02.160,0.87717,0.87758,1.00,1.00
2015.10.16 09:43:02.509,0.87713,0.87761,1.00,1.00
2015.10.16 09:43:02.867,0.87712,0.87758,1.00,1.50
2015.10.16 09:43:03.206,0.87714,0.87757,1.00,1.00
2015.10.16 09:43:03.357,0.87716,0.87762,1.00,1.00
2015.10.16 09:43:03.796,0.87723,0.87762,1.00,1.00
2015.10.16 09:43:04.110,0.8773,0.87767,1.00,1.00
2015.10.16 09:43:04.409,0.87728,0.87767,1.00,1.00
2015.10.16 09:43:04.963,0.87723,0.87767,1.00,1.00
2015.10.16 09:43:05.121,0.87723,0.87762,1.00,1.00
2015.10.16 09:43:05.631,0.87722,0.87763,1.00,1.00
2015.10.16 09:43:06.357,0.87723,0.87762,1.00,1.00
2015.10.16 09:43:06.915,0.87722,0.87763,1.00,1.00
2015.10.16 09:43:07.869,0.87723,0.87762,1.00,1.00
2015.10.16 09:43:11.143,0.87717,0.87758,1.00,1.00
2015.10.16 09:43:12.949,0.87722,0.87763,1.00,1.00
2015.10.16 09:43:17.520,0.87723,0.87762,1.00,1.00
2015.10.16 09:43:24.808,0.87723,0.87759,1.00,1.00
2015.10.16 09:43:25.110,0.87718,0.87757,1.00,1.00
2015.10.16 09:43:36.879,0.87717,0.87758,1.00,1.50
2015.10.16 09:43:39.169,0.87717,0.87757,1.00,1.00
2015.10.16 09:43:41.084,0.87713,0.87757,1.00,1.00
2015.10.16 09:43:41.417,0.87713,0.87752,1.00,1.00
2015.10.16 09:43:42.821,0.87712,0.87753,1.00,1.00
2015.10.16 09:43:43.782,0.87712,0.87753,1.00,1.60
2015.10.16 09:43:44.095,0.87708,0.87747,1.00,2.10
2015.10.16 09:43:44.146,0.87702,0.87747,1.00,2.10
2015.10.16 09:43:44.279,0.87702,0.87751,1.00,1.12
2015.10.16 09:43:44.821,0.87697,0.87743,1.75,1.00
2015.10.16 09:43:44.872,0.87697,0.87743,1.00,1.00
2015.10.16 09:43:45.001,0.87697,0.87741,1.00,1.00
2015.10.16 09:43:45.352,0.87698,0.87737,1.00,1.00
2015.10.16 09:43:47.436,0.87697,0.87741,1.00,1.00
2015.10.16 09:43:47.487,0.87697,0.87739,1.00,1.97
2015.10.16 09:43:47.785,0.87692,0.87733,1.00,1.00
2015.10.16 09:43:48.539,0.87697,0.87738,1.00,2.47
2015.10.16 09:43:50.019,0.87697,0.87738,1.00,1.87
2015.10.16 09:43:50.120,0.87692,0.87738,1.00,1.50
2015.10.16 09:43:50.353,0.87698,0.87737,1.00,1.00
2015.10.16 09:43:50.879,0.87698,0.87746,2.10,1.00
2015.10.16 09:43:50.930,0.87702,0.87747,1.00,1.00
2015.10.16 09:43:51.296,0.87707,0.8775,1.00,1.00
2015.10.16 09:43:51.653,0.87707,0.87748,1.00,1.00
2015.10.16 09:43:53.819,0.87708,0.87747,1.00,1.00
2015.10.16 09:43:54.747,0.87708,0.87745,1.00,1.00
2015.10.16 09:43:54.848,0.87702,0.87742,1.00,1.00
2015.10.16 09:43:54.949,0.87698,0.87743,1.00,1.00
2015.10.16 09:43:55.070,0.87698,0.87739,1.00,1.00
2015.10.16 09:43:55.697,0.87697,0.87738,1.00,1.50
2015.10.16 09:43:56.395,0.87698,0.87737,1.00,1.00
2015.10.16 09:43:57.339,0.87697,0.87738,1.00,1.00
2015.10.16 09:43:57.683,0.87693,0.87729,1.00,1.00
2015.10.16 09:43:57.890,0.87688,0.87729,1.00,1.00
2015.10.16 09:43:58.414,0.87687,0.87728,1.00,1.00
2015.10.16 09:43:58.921,0.87688,0.87727,1.00,1.00
2015.10.16 09:43:59.530,0.87688,0.87726,1.00,1.00
2015.10.16 09:44:01.519,0.87683,0.87722,1.60,1.00
2015.10.16 09:44:03.200,0.87688,0.87727,1.00,1.50
2015.10.16 09:44:03.719,0.87687,0.87727,1.00,1.00
2015.10.16 09:44:04.593,0.87687,0.87728,1.00,1.50
2015.10.16 09:44:05.253,0.87688,0.87727,1.00,1.00
2015.10.16 09:44:09.219,0.87688,0.87726,1.00,1.00
2015.10.16 09:44:10.238,0.87687,0.87727,1.00,1.00
2015.10.16 09:44:10.321,0.87683,0.87722,1.60,1.00
2015.10.16 09:44:10.540,0.87688,0.87727,1.00,1.50
2015.10.16 09:44:21.772,0.87683,0.87727,1.60,1.50
2015.10.16 09:44:21.823,0.87683,0.87725,1.00,1.60
2015.10.16 09:44:22.139,0.87683,0.87722,1.60,1.00
2015.10.16 09:44:22.240,0.87682,0.87727,1.60,1.35
2015.10.16 09:44:22.457,0.87688,0.87726,1.00,1.00
2015.10.16 09:44:23.148,0.87688,0.87725,1.00,1.00
2015.10.16 09:44:23.205,0.87682,0.87726,1.00,1.00
2015.10.16 09:44:23.349,0.87683,0.87726,1.60,1.00
2015.10.16 09:44:23.713,0.87688,0.87727,1.00,1.50
2015.10.16 09:44:24.288,0.87688,0.87726,1.00,1.00
2015.10.16 09:44:24.846,0.87683,0.87722,1.60,1.00
2015.10.16 09:44:25.169,0.87688,0.87726,1.00,1.00
2015.10.16 09:44:25.503,0.87683,0.87722,1.60,1.00
2015.10.16 09:44:26.390,0.87687,0.87725,1.00,1.00
2015.10.16 09:44:26.817,0.87687,0.87727,1.00,1.00
2015.10.16 09:44:30.008,0.87688,0.87727,1.00,1.50
2015.10.16 09:44:31.001,0.87682,0.87723,1.60,1.00
2015.10.16 09:44:31.808,0.87682,0.87723,1.00,1.00
2015.10.16 09:44:31.909,0.87683,0.87727,1.00,1.50
2015.10.16 09:44:32.114,0.87683,0.87722,1.00,1.00
2015.10.16 09:44:33.133,0.87687,0.87728,1.00,1.72
2015.10.16 09:44:33.833,0.87688,0.87727,1.00,1.00
2015.10.16 09:44:35.289,0.87687,0.87728,1.00,2.47
2015.10.16 09:44:36.389,0.87688,0.87727,1.00,1.00
2015.10.16 09:44:40.596,0.87692,0.8773,1.00,1.35
2015.10.16 09:44:41.118,0.87693,0.87732,1.00,2.10
2015.10.16 09:44:43.217,0.87692,0.87733,1.00,2.10
2015.10.16 09:44:43.318,0.87692,0.87738,1.35,1.37
2015.10.16 09:44:43.369,0.87687,0.87732,1.00,1.00
2015.10.16 09:44:43.636,0.87693,0.87732,1.00,1.00
2015.10.16 09:44:43.869,0.87693,0.8774,1.00,1.75
2015.10.16 09:44:44.179,0.87693,0.87742,1.00,1.00
2015.10.16 09:44:44.329,0.87698,0.87744,1.00,1.00
2015.10.16 09:44:45.152,0.87698,0.87746,1.00,1.00
2015.10.16 09:44:47.949,0.87698,0.87745,1.00,1.00
2015.10.16 09:44:48.627,0.87698,0.87744,1.00,1.00
2015.10.16 09:44:49.014,0.87697,0.87746,1.00,1.00
2015.10.16 09:44:49.503,0.87702,0.87747,1.00,1.00
2015.10.16 09:44:49.810,0.87698,0.87737,1.00,1.00
2015.10.16 09:44:50.163,0.87698,0.87735,1.00,1.00
2015.10.16 09:44:50.615,0.87692,0.87733,1.00,1.00
2015.10.16 09:44:51.349,0.87693,0.87732,1.00,1.00
2015.10.16 09:44:53.108,0.87692,0.87733,1.00,1.60
2015.10.16 09:44:53.687,0.87688,0.87732,1.00,1.35
2015.10.16 09:44:53.738,0.87692,0.87733,1.00,1.00
2015.10.16 09:44:56.631,0.87688,0.87735,1.00,1.00
2015.10.16 09:44:56.682,0.87688,0.87735,1.00,2.10
2015.10.16 09:44:57.195,0.87692,0.87733,1.00,1.72
2015.10.16 09:44:59.793,0.87692,0.87732,1.00,1.72
2015.10.16 09:45:00.600,0.87688,0.87727,1.00,1.00
2015.10.16 09:45:07.411,0.87687,0.87728,1.00,1.00
2015.10.16 09:45:07.674,0.87683,0.87725,1.00,1.00
2015.10.16 09:45:08.009,0.87683,0.87722,1.00,1.00
2015.10.16 09:45:08.620,0.87682,0.87723,1.00,1.50
2015.10.16 09:45:08.929,0.87683,0.87721,1.00,1.00
2015.10.16 09:45:13.397,0.87677,0.87721,1.00,1.00
2015.10.16 09:45:13.569,0.87683,0.87721,1.00,1.00
2015.10.16 09:45:14.729,0.87683,0.87722,1.00,1.00
2015.10.16 09:45:16.539,0.87682,0.87723,1.00,1.00
2015.10.16 09:45:19.994,0.87683,0.87722,1.00,1.00
2015.10.16 09:45:22.809,0.87682,0.87723,1.00,1.00
2015.10.16 09:45:23.559,0.87682,0.87722,1.00,1.00
2015.10.16 09:45:24.167,0.87682,0.87721,1.00,1.00
2015.10.16 09:45:28.735,0.87682,0.87723,1.00,1.50
2015.10.16 09:45:29.345,0.87683,0.87723,1.00,1.00
2015.10.16 09:45:29.872,0.87683,0.87724,1.00,1.00
2015.10.16 09:45:32.879,0.87683,0.87725,1.00,1.00
2015.10.16 09:45:33.422,0.87683,0.87724,1.00,1.00
2015.10.16 09:45:35.019,0.87682,0.87724,1.00,1.00
2015.10.16 09:45:35.529,0.87682,0.87727,1.00,1.35
2015.10.16 09:45:38.399,0.87682,0.87725,1.00,1.00
2015.10.16 09:45:38.928,0.87682,0.87727,1.00,1.35
2015.10.16 09:45:43.475,0.87683,0.87727,1.00,2.10
2015.10.16 09:45:55.825,0.87683,0.87734,1.12,1.00
2015.10.16 09:45:56.205,0.87693,0.87737,1.00,1.00
2015.10.16 09:45:56.520,0.87692,0.87734,1.00,1.00
2015.10.16 09:45:56.813,0.87683,0.8773,1.12,1.00
2015.10.16 09:45:57.670,0.87683,0.87729,1.00,1.00
2015.10.16 09:46:00.593,0.87683,0.87727,1.00,1.00
2015.10.16 09:46:01.083,0.87683,0.87725,1.00,1.00
2015.10.16 09:46:01.135,0.87677,0.87723,1.00,1.00
2015.10.16 09:46:12.464,0.87677,0.87722,1.00,1.00
2015.10.16 09:46:12.638,0.87683,0.87724,1.00,1.00
2015.10.16 09:46:12.748,0.87678,0.87723,1.00,1.00
2015.10.16 09:46:13.051,0.87677,0.8771,1.00,1.00
2015.10.16 09:46:13.205,0.87662,0.87698,1.00,1.35
2015.10.16 09:46:13.265,0.87662,0.87696,1.00,1.00
2015.10.16 09:46:13.416,0.87652,0.87694,1.00,2.47
2015.10.16 09:46:13.466,0.87652,0.87686,1.00,1.00
2015.10.16 09:46:13.518,0.87648,0.87686,1.00,1.00
2015.10.16 09:46:13.898,0.87647,0.87683,1.00,1.00
2015.10.16 09:46:14.313,0.87648,0.87685,1.00,1.00
2015.10.16 09:46:14.768,0.87648,0.87681,1.00,1.00
2015.10.16 09:46:14.838,0.87643,0.87681,1.00,1.00
2015.10.16 09:46:15.527,0.87642,0.87681,1.00,1.60
2015.10.16 09:46:19.861,0.87643,0.8768,1.00,1.00
2015.10.16 09:46:20.218,0.87643,0.87682,1.00,1.00
2015.10.16 09:46:20.278,0.87643,0.87684,1.00,1.00
2015.10.16 09:46:20.388,0.87643,0.87681,1.00,1.00
2015.10.16 09:46:20.589,0.87637,0.87677,1.00,1.00
2015.10.16 09:46:21.168,0.87638,0.87677,1.00,1.00
2015.10.16 09:46:22.758,0.87637,0.87678,1.00,1.35
2015.10.16 09:46:22.808,0.87637,0.87667,1.00,1.60
2015.10.16 09:46:22.909,0.87623,0.87665,1.00,1.60
2015.10.16 09:46:23.707,0.87623,0.87658,1.00,1.00
2015.10.16 09:46:24.377,0.87618,0.87658,1.00,1.00
2015.10.16 09:46:25.693,0.87618,0.87657,1.00,1.00
2015.10.16 09:46:27.417,0.87618,0.8766,1.00,1.00
2015.10.16 09:46:32.907,0.87618,0.87659,1.00,1.00
2015.10.16 09:46:33.918,0.87613,0.87662,1.00,2.25
2015.10.16 09:46:34.088,0.87627,0.87662,1.00,1.75
2015.10.16 09:46:35.079,0.87628,0.87664,1.00,3.00
2015.10.16 09:46:36.617,0.87628,0.87654,1.00,1.00
2015.10.16 09:46:36.728,0.87622,0.87649,1.00,1.00
2015.10.16 09:46:36.779,0.87622,0.87645,1.00,2.10
2015.10.16 09:46:36.880,0.87613,0.87645,1.00,2.10
2015.10.16 09:46:37.306,0.87613,0.87648,1.00,1.12
2015.10.16 09:46:37.424,0.87613,0.87653,1.00,1.60
2015.10.16 09:46:37.630,0.87618,0.87652,1.00,1.35
2015.10.16 09:46:38.299,0.87617,0.87655,1.00,1.60
2015.10.16 09:46:40.907,0.87618,0.87652,1.00,1.35
2015.10.16 09:46:41.660,0.87612,0.8766,1.00,1.00
2015.10.16 09:46:41.789,0.87618,0.8766,1.00,1.00
2015.10.16 09:46:42.331,0.87617,0.8766,1.00,1.00
2015.10.16 09:46:42.947,0.87618,0.8766,1.00,1.00
2015.10.16 09:46:47.946,0.87618,0.87659,1.00,1.00
2015.10.16 09:46:48.487,0.87618,0.8766,1.00,1.00
2015.10.16 09:46:49.767,0.87618,0.8766,1.00,2.85
2015.10.16 09:46:50.587,0.87617,0.87658,1.00,1.60
2015.10.16 09:46:51.285,0.87618,0.87657,1.00,1.60
2015.10.16 09:46:53.327,0.87622,0.8766,1.00,2.10
2015.10.16 09:46:54.813,0.87612,0.87661,1.00,2.10
2015.10.16 09:46:55.097,0.87622,0.87661,1.00,2.47
2015.10.16 09:46:55.587,0.87623,0.8766,1.00,2.47
2015.10.16 09:46:58.527,0.87623,0.8766,1.00,2.10
2015.10.16 09:46:58.619,0.87618,0.8766,1.00,2.10
2015.10.16 09:46:58.838,0.87628,0.8766,1.00,2.10
2015.10.16 09:46:59.904,0.87628,0.87651,1.00,1.00
2015.10.16 09:46:59.955,0.87618,0.87651,1.00,1.12
2015.10.16 09:47:00.017,0.87618,0.8764,1.00,2.10
2015.10.16 09:47:00.067,0.87608,0.8764,1.00,2.10
2015.10.16 09:47:00.319,0.87608,0.87647,1.00,1.00
2015.10.16 09:47:00.426,0.87608,0.87649,1.00,1.00
2015.10.16 09:47:01.077,0.87603,0.87652,1.00,1.37
2015.10.16 09:47:01.368,0.87613,0.87652,1.00,1.37
2015.10.16 09:47:02.200,0.87613,0.87652,1.00,1.00
2015.10.16 09:47:02.401,0.87613,0.87662,1.00,3.22
2015.10.16 09:47:02.577,0.87623,0.87662,1.00,3.22
2015.10.16 09:47:05.108,0.87622,0.87662,1.00,2.47
2015.10.16 09:47:05.277,0.87622,0.87663,1.00,1.37
2015.10.16 09:47:05.328,0.87622,0.87663,1.00,1.00
2015.10.16 09:47:05.429,0.87622,0.87672,1.00,1.00
2015.10.16 09:47:05.580,0.87627,0.87673,1.00,1.50
2015.10.16 09:47:05.927,0.87633,0.87676,1.00,1.60
2015.10.16 09:47:06.363,0.87642,0.87679,1.00,1.60
2015.10.16 09:47:06.917,0.87643,0.87682,1.00,1.60
2015.10.16 09:47:07.018,0.87642,0.87683,1.00,1.00
2015.10.16 09:47:07.089,0.87638,0.87684,1.00,1.00
2015.10.16 09:47:07.197,0.87638,0.87687,1.00,1.87
2015.10.16 09:47:07.306,0.87643,0.87687,1.00,1.87
2015.10.16 09:47:08.127,0.87643,0.87687,1.00,1.50
2015.10.16 09:47:09.022,0.87643,0.87685,1.00,1.00
2015.10.16 09:47:09.617,0.87642,0.87685,1.00,1.00
2015.10.16 09:47:09.937,0.87643,0.87677,1.00,1.00
2015.10.16 09:47:09.987,0.87638,0.87677,1.00,1.00
2015.10.16 09:47:10.239,0.87638,0.87675,1.00,1.00
2015.10.16 09:47:10.388,0.87632,0.87673,1.00,1.00
2015.10.16 09:47:10.927,0.87633,0.87672,1.00,1.00
2015.10.16 09:47:11.139,0.87633,0.87669,1.00,1.00
2015.10.16 09:47:11.378,0.87623,0.87669,1.00,1.60
2015.10.16 09:47:11.929,0.87622,0.87662,1.00,1.00
2015.10.16 09:47:12.530,0.87622,0.87663,1.00,1.00
2015.10.16 09:47:13.036,0.87623,0.87662,1.00,1.00
2015.10.16 09:47:13.382,0.87618,0.87665,1.35,1.00
2015.10.16 09:47:13.616,0.87627,0.87668,1.00,1.60
2015.10.16 09:47:14.291,0.87627,0.87668,1.00,1.00
2015.10.16 09:47:14.396,0.87627,0.87671,1.00,1.00
2015.10.16 09:47:14.567,0.87633,0.87672,1.00,1.50
2015.10.16 09:47:18.973,0.87633,0.87676,1.00,1.60
2015.10.16 09:47:19.099,0.87628,0.87677,1.00,2.10
2015.10.16 09:47:19.297,0.87633,0.87672,1.00,1.00
2015.10.16 09:47:19.660,0.87638,0.87676,1.00,1.60
2015.10.16 09:47:23.476,0.87628,0.87667,1.00,1.00
2015.10.16 09:47:23.967,0.87633,0.87672,1.00,1.00
2015.10.16 09:47:24.202,0.87632,0.87677,1.00,1.60
2015.10.16 09:47:24.253,0.87632,0.87677,1.00,1.00
2015.10.16 09:47:24.356,0.8763,0.87677,1.00,1.00
2015.10.16 09:47:24.407,0.87633,0.87677,1.00,1.00
2015.10.16 09:47:25.916,0.87632,0.87678,1.00,1.00
2015.10.16 09:47:26.127,0.87628,0.87677,1.00,1.00
2015.10.16 09:47:26.336,0.87627,0.87668,1.00,1.00
2015.10.16 09:47:26.850,0.87628,0.87667,1.00,1.00
2015.10.16 09:47:27.406,0.87627,0.87668,1.00,1.00
2015.10.16 09:47:27.936,0.87628,0.87667,1.00,1.00
2015.10.16 09:47:28.427,0.87632,0.87673,1.00,1.00
2015.10.16 09:47:29.306,0.87628,0.87667,1.00,1.00
2015.10.16 09:47:34.808,0.87627,0.87668,1.00,1.00
2015.10.16 09:47:39.316,0.87623,0.87672,1.00,1.60
2015.10.16 09:47:39.645,0.87623,0.87662,1.00,1.00
2015.10.16 09:47:40.392,0.87622,0.87668,1.00,1.00
2015.10.16 09:47:40.635,0.87628,0.87667,1.00,1.00
2015.10.16 09:47:41.400,0.87627,0.87668,1.00,1.00
2015.10.16 09:47:46.773,0.87628,0.87667,1.00,1.00
2015.10.16 09:47:47.126,0.87633,0.87672,1.00,1.00
2015.10.16 09:47:47.346,0.87628,0.87677,1.50,1.00
2015.10.16 09:47:47.565,0.87633,0.87677,1.00,1.00
2015.10.16 09:47:48.377,0.87638,0.87682,1.00,1.00
2015.10.16 09:47:48.886,0.87639,0.87682,1.00,1.00
2015.10.16 09:47:49.353,0.87642,0.87683,1.00,1.00
2015.10.16 09:47:49.682,0.87648,0.87687,1.00,1.00
2015.10.16 09:47:50.884,0.87643,0.87693,1.00,1.00
2015.10.16 09:47:51.123,0.87648,0.87692,1.00,1.00
2015.10.16 09:47:51.774,0.87647,0.87693,1.00,1.00
2015.10.16 09:47:55.819,0.87653,0.87692,1.00,1.00
2015.10.16 09:47:56.806,0.87652,0.87693,1.00,1.00
2015.10.16 09:48:03.077,0.87658,0.87697,1.00,1.00
2015.10.16 09:48:03.899,0.87653,0.87692,1.00,1.00
2015.10.16 09:48:12.130,0.87657,0.87698,1.00,1.00
2015.10.16 09:48:12.343,0.87653,0.87702,2.10,1.00
2015.10.16 09:48:12.393,0.87659,0.87702,1.00,1.00
2015.10.16 09:48:12.696,0.87663,0.87706,1.00,1.37
2015.10.16 09:48:12.756,0.87658,0.87706,1.00,1.37
2015.10.16 09:48:12.807,0.87658,0.87706,1.00,1.97
2015.10.16 09:48:13.408,0.87651,0.87692,1.00,1.00
2015.10.16 09:48:13.470,0.87644,0.87692,1.00,1.00
2015.10.16 09:48:14.063,0.87644,0.87693,1.00,1.00
2015.10.16 09:48:14.846,0.87644,0.87692,1.00,1.00
2015.10.16 09:48:15.175,0.87644,0.87687,1.00,1.00
2015.10.16 09:48:15.638,0.87647,0.87693,1.00,1.00
2015.10.16 09:48:16.194,0.87648,0.87693,1.00,1.00
2015.10.16 09:48:16.245,0.87651,0.87698,1.00,1.00
2015.10.16 09:48:16.396,0.87653,0.87698,1.00,1.00
2015.10.16 09:48:16.927,0.87653,0.87697,1.50,1.00
2015.10.16 09:48:18.193,0.87654,0.87697,1.00,1.00
2015.10.16 09:48:18.694,0.87653,0.87697,1.50,1.00
2015.10.16 09:48:18.957,0.87655,0.87702,1.00,1.00
2015.10.16 09:48:19.292,0.87658,0.87702,1.00,1.00
2015.10.16 09:48:22.721,0.87663,0.87702,1.00,1.00
2015.10.16 09:48:23.318,0.87662,0.87703,1.00,1.00
2015.10.16 09:48:23.814,0.87659,0.87702,1.00,1.00
2015.10.16 09:48:24.025,0.87661,0.87702,1.00,1.00
2015.10.16 09:48:24.087,0.87661,0.87707,1.00,1.00
2015.10.16 09:48:24.138,0.87663,0.87707,1.00,1.00
2015.10.16 09:48:24.306,0.87663,0.87712,1.50,1.00
2015.10.16 09:48:28.107,0.87667,0.87715,1.00,1.60
2015.10.16 09:48:28.158,0.87667,0.87716,1.00,1.35
2015.10.16 09:48:28.214,0.87667,0.87714,1.00,1.00
2015.10.16 09:48:28.265,0.87663,0.87712,1.00,1.00
2015.10.16 09:48:28.374,0.87663,0.87702,1.00,1.00
2015.10.16 09:48:28.595,0.87663,0.87707,1.00,1.00
2015.10.16 09:48:28.866,0.87663,0.87702,1.00,1.00
2015.10.16 09:48:29.632,0.87662,0.87713,1.00,1.00
2015.10.16 09:48:29.805,0.87662,0.87708,1.00,1.00
2015.10.16 09:48:30.515,0.87663,0.87712,1.00,1.00
2015.10.16 09:48:31.154,0.87661,0.87707,1.00,1.00
2015.10.16 09:48:32.225,0.87661,0.87708,1.00,1.00
2015.10.16 09:48:35.135,0.87661,0.87712,1.00,1.00
2015.10.16 09:48:35.304,0.87661,0.87702,1.00,1.00
2015.10.16 09:48:39.236,0.87659,0.87702,1.00,1.00
2015.10.16 09:48:41.721,0.8766,0.87702,1.00,1.00
2015.10.16 09:48:44.475,0.87659,0.87707,1.35,1.00
2015.10.16 09:48:45.096,0.87663,0.87712,1.00,1.00
2015.10.16 09:48:45.315,0.87662,0.87708,1.00,1.00
2015.10.16 09:48:46.571,0.87662,0.87707,1.00,1.00
2015.10.16 09:48:46.886,0.87668,0.87712,1.00,1.00
2015.10.16 09:48:47.203,0.87673,0.87717,1.60,1.00
2015.10.16 09:48:47.814,0.87677,0.87718,1.00,1.00
2015.10.16 09:48:49.471,0.87673,0.87712,1.60,1.00
2015.10.16 09:48:49.525,0.87673,0.87712,1.00,1.00
2015.10.16 09:48:49.655,0.87673,0.87717,1.00,1.00
2015.10.16 09:48:50.518,0.87672,0.87718,1.00,1.00
2015.10.16 09:48:50.568,0.87671,0.87713,1.00,1.00
2015.10.16 09:48:51.791,0.8767,0.87712,1.00,1.00
2015.10.16 09:48:52.269,0.87668,0.87712,1.00,1.00
2015.10.16 09:48:52.320,0.87667,0.87712,1.00,1.35
2015.10.16 09:48:52.522,0.87663,0.87715,1.60,1.75
2015.10.16 09:48:52.986,0.87669,0.87713,1.60,1.75
2015.10.16 09:48:53.384,0.87672,0.87713,1.00,1.00
2015.10.16 09:48:53.615,0.87669,0.87712,1.37,1.00
2015.10.16 09:48:53.944,0.87667,0.87713,1.00,1.00
2015.10.16 09:48:54.824,0.87663,0.87707,2.10,1.00
2015.10.16 09:48:55.364,0.87668,0.87712,1.00,1.00
2015.10.16 09:48:55.622,0.87662,0.87713,1.00,1.50
2015.10.16 09:48:55.815,0.87663,0.87702,1.00,1.00
2015.10.16 09:48:56.266,0.87662,0.87713,1.35,1.50
2015.10.16 09:48:56.364,0.87663,0.87707,1.00,1.00
2015.10.16 09:48:57.878,0.87662,0.87703,1.35,1.00
2015.10.16 09:48:58.345,0.8766,0.87708,1.00,1.00
2015.10.16 09:48:58.396,0.87662,0.87708,1.00,1.00
2015.10.16 09:48:58.565,0.87663,0.87712,1.00,1.00
2015.10.16 09:48:58.675,0.87663,0.87712,1.00,1.37
2015.10.16 09:48:59.135,0.87662,0.87703,1.00,1.00
2015.10.16 09:49:00.106,0.87663,0.87702,1.00,1.00
2015.10.16 09:49:00.622,0.87662,0.87702,1.60,1.00
2015.10.16 09:49:00.926,0.87662,0.87701,2.25,2.10
2015.10.16 09:49:00.984,0.87655,0.87701,1.00,2.85
2015.10.16 09:49:01.035,0.87655,0.87704,1.00,1.35
2015.10.16 09:49:01.096,0.87655,0.87692,1.00,1.00
2015.10.16 09:49:01.356,0.87652,0.87697,1.00,1.00
2015.10.16 09:49:01.406,0.87655,0.87697,1.00,1.00
2015.10.16 09:49:01.806,0.87655,0.87702,1.00,1.00
2015.10.16 09:49:01.908,0.87655,0.87692,1.00,1.00
2015.10.16 09:49:02.086,0.87658,0.87697,1.00,1.00
2015.10.16 09:49:02.324,0.87657,0.87703,1.00,1.00
2015.10.16 09:49:03.092,0.87658,0.87702,1.00,1.00
2015.10.16 09:49:03.435,0.8766,0.87703,1.00,1.00
2015.10.16 09:49:03.832,0.87657,0.87703,1.50,1.00
2015.10.16 09:49:04.523,0.87657,0.87702,1.00,1.00
2015.10.16 09:49:04.574,0.87659,0.87702,1.60,1.00
2015.10.16 09:49:04.625,0.87668,0.87707,1.00,1.00
2015.10.16 09:49:05.184,0.87668,0.87707,1.37,1.00
2015.10.16 09:49:06.121,0.87667,0.87708,1.37,1.00
2015.10.16 09:49:06.175,0.87659,0.87708,1.00,1.00
2015.10.16 09:49:06.375,0.87659,0.87703,1.00,1.00
2015.10.16 09:49:06.645,0.8766,0.87707,1.00,1.60
2015.10.16 09:49:06.831,0.87662,0.87703,1.00,1.00
2015.10.16 09:49:07.490,0.87664,0.87708,1.00,1.00
2015.10.16 09:49:08.102,0.87664,0.87707,1.00,1.00
2015.10.16 09:49:08.994,0.87665,0.87707,1.00,1.00
2015.10.16 09:49:09.616,0.87666,0.87707,1.00,1.00
2015.10.16 09:49:14.313,0.87666,0.87708,1.00,1.00
2015.10.16 09:49:17.689,0.87666,0.87707,1.00,1.00
2015.10.16 09:49:17.814,0.87667,0.87713,1.00,1.00
2015.10.16 09:49:20.454,0.87665,0.87708,1.00,1.00
2015.10.16 09:49:21.010,0.87667,0.87708,1.00,1.00
2015.10.16 09:49:21.886,0.87667,0.87712,1.00,1.00
2015.10.16 09:49:21.999,0.87665,0.87712,1.00,1.00
2015.10.16 09:49:22.272,0.87661,0.87703,1.00,1.00
2015.10.16 09:49:22.564,0.87657,0.87703,1.50,1.00
2015.10.16 09:49:24.308,0.87657,0.87702,1.00,1.00
2015.10.16 09:49:24.416,0.87658,0.87707,1.50,1.00
2015.10.16 09:49:24.466,0.87661,0.87707,1.00,1.00
2015.10.16 09:49:24.967,0.87665,0.87707,1.00,1.00
2015.10.16 09:49:25.019,0.87663,0.87707,1.50,1.00
2015.10.16 09:49:25.077,0.87663,0.87703,1.00,1.00
2015.10.16 09:49:25.348,0.87663,0.87707,1.50,1.00
2015.10.16 09:49:25.404,0.87663,0.87703,1.00,1.00
2015.10.16 09:49:25.624,0.87663,0.87707,1.50,1.00
2015.10.16 09:49:27.065,0.87662,0.87707,1.00,1.00
2015.10.16 09:49:27.156,0.87666,0.87707,1.00,1.00
2015.10.16 09:49:27.781,0.87668,0.87707,1.50,1.00
2015.10.16 09:49:29.175,0.87662,0.87712,1.50,2.10
2015.10.16 09:49:29.366,0.87664,0.87712,1.00,2.10
2015.10.16 09:49:29.699,0.87664,0.87703,1.00,1.00
2015.10.16 09:49:31.020,0.87664,0.87702,1.00,1.00
2015.10.16 09:49:33.120,0.87664,0.87707,1.00,1.35
2015.10.16 09:49:33.171,0.87662,0.87707,2.10,1.00
2015.10.16 09:49:33.682,0.87668,0.87708,1.00,1.00
2015.10.16 09:49:34.325,0.87669,0.87708,1.00,1.00
2015.10.16 09:49:34.644,0.87668,0.87712,1.50,1.00
2015.10.16 09:49:34.803,0.87672,0.87712,1.00,1.00
2015.10.16 09:49:35.461,0.87672,0.87713,1.00,1.00
2015.10.16 09:49:36.423,0.87669,0.87712,1.00,1.00
2015.10.16 09:49:37.303,0.87671,0.87712,1.00,1.00
2015.10.16 09:49:37.414,0.87673,0.87718,1.00,1.00
2015.10.16 09:49:37.942,0.87674,0.87717,1.00,1.00
2015.10.16 09:49:39.294,0.87673,0.87717,1.00,1.00
2015.10.16 09:49:40.255,0.87672,0.87718,1.50,1.00
2015.10.16 09:49:41.403,0.87673,0.87717,1.00,1.00
2015.10.16 09:49:55.563,0.87675,0.87717,1.00,1.00
2015.10.16 09:49:57.901,0.87675,0.87718,1.00,1.00
2015.10.16 09:49:58.332,0.87677,0.87718,1.00,1.00
2015.10.16 09:49:58.433,0.87673,0.87718,1.00,1.00
2015.10.16 09:49:58.534,0.87676,0.87722,1.00,1.60
2015.10.16 09:49:59.322,0.87676,0.87718,1.00,1.00
2015.10.16 09:49:59.655,0.87679,0.87718,1.00,1.00
2015.10.16 09:50:00.353,0.87678,0.87718,1.00,1.00
2015.10.16 09:50:00.873,0.87678,0.87717,1.00,1.00
2015.10.16 09:50:01.221,0.87681,0.87717,1.00,1.00
2015.10.16 09:50:02.095,0.87683,0.87722,1.00,1.00
2015.10.16 09:50:02.587,0.87681,0.87722,1.00,1.00
2015.10.16 09:50:02.953,0.87682,0.87723,1.00,1.60
2015.10.16 09:50:03.065,0.87678,0.87718,1.00,1.00
2015.10.16 09:50:03.283,0.87679,0.87722,1.00,1.60
2015.10.16 09:50:03.819,0.8768,0.87722,1.00,1.00
2015.10.16 09:50:03.870,0.87682,0.87723,1.00,1.00
2015.10.16 09:50:04.584,0.87681,0.87722,1.00,1.00
2015.10.16 09:50:04.894,0.87683,0.87722,1.00,1.00
2015.10.16 09:50:05.237,0.87681,0.87717,1.00,1.00
2015.10.16 09:50:06.875,0.87683,0.87722,1.00,1.00
2015.10.16 09:50:06.954,0.87685,0.87722,1.00,1.00
2015.10.16 09:50:07.617,0.87685,0.87723,1.00,1.00
2015.10.16 09:50:10.161,0.87686,0.87723,1.00,1.00
2015.10.16 09:50:11.770,0.87683,0.87722,1.50,1.00
2015.10.16 09:50:12.086,0.87683,0.87717,1.00,1.00
2015.10.16 09:50:12.663,0.87682,0.87717,1.00,1.00
2015.10.16 09:50:12.825,0.87683,0.87722,1.00,1.00
2015.10.16 09:50:13.474,0.87682,0.87723,1.00,1.12
2015.10.16 09:50:14.152,0.87683,0.87722,1.00,1.00
2015.10.16 09:50:18.898,0.87684,0.87722,1.00,1.00
2015.10.16 09:50:22.615,0.87686,0.87723,1.00,1.00
2015.10.16 09:50:23.158,0.87687,0.87723,1.00,1.00
2015.10.16 09:50:23.815,0.87684,0.87717,1.00,1.00
2015.10.16 09:50:24.405,0.87683,0.87717,1.50,1.00
2015.10.16 09:50:24.858,0.87688,0.87722,1.00,1.00
2015.10.16 09:50:26.569,0.87682,0.87728,1.60,1.00
2015.10.16 09:50:26.914,0.87682,0.87723,2.10,1.00
2015.10.16 09:50:27.260,0.87685,0.87727,1.00,1.00
2015.10.16 09:50:27.776,0.87684,0.87727,1.12,1.00
2015.10.16 09:50:30.615,0.87683,0.87727,1.00,1.00
2015.10.16 09:50:31.209,0.87688,0.87727,1.00,1.00
2015.10.16 09:50:33.164,0.8769,0.87727,2.10,1.00
2015.10.16 09:50:33.215,0.8769,0.87733,2.10,1.00
2015.10.16 09:50:33.316,0.8769,0.87737,2.10,1.50
2015.10.16 09:50:33.685,0.87689,0.87728,1.00,1.00
2015.10.16 09:50:34.288,0.87688,0.87727,1.50,1.00
2015.10.16 09:50:35.805,0.87688,0.87728,1.00,1.00
2015.10.16 09:50:36.726,0.87688,0.87727,1.00,1.00
2015.10.16 09:50:37.058,0.87688,0.87728,1.60,1.00
2015.10.16 09:50:37.564,0.87688,0.87727,2.10,1.00
2015.10.16 09:50:39.545,0.87689,0.87728,1.72,1.00
2015.10.16 09:50:40.165,0.87687,0.87728,2.10,1.00
2015.10.16 09:50:40.318,0.87687,0.87733,2.10,1.00
2015.10.16 09:50:40.527,0.87689,0.87732,1.35,1.00
2015.10.16 09:50:41.092,0.87689,0.87727,1.35,1.00
2015.10.16 09:50:41.314,0.87687,0.87733,2.25,1.00
2015.10.16 09:50:41.489,0.87682,0.87732,1.12,1.00
2015.10.16 09:50:41.540,0.87682,0.87732,1.12,1.60
2015.10.16 09:50:41.876,0.87674,0.87717,3.00,1.00
2015.10.16 09:50:42.120,0.87673,0.87723,1.00,1.12
2015.10.16 09:50:42.171,0.87672,0.87723,1.50,1.72
2015.10.16 09:50:42.274,0.87672,0.87723,1.50,1.12
2015.10.16 09:50:42.325,0.87678,0.87717,1.00,1.00
2015.10.16 09:50:42.846,0.87673,0.87722,1.00,1.60
2015.10.16 09:50:43.084,0.87673,0.87712,1.00,1.00
2015.10.16 09:50:44.315,0.8767,0.87713,1.37,1.00
2015.10.16 09:50:44.366,0.87668,0.87713,1.00,1.00
2015.10.16 09:50:44.653,0.87668,0.87707,1.00,1.00
2015.10.16 09:50:45.264,0.87663,0.87707,1.12,1.00
2015.10.16 09:50:46.614,0.87663,0.87707,1.72,1.00
2015.10.16 09:50:47.143,0.87668,0.87707,1.00,1.00
2015.10.16 09:50:47.361,0.87663,0.87712,1.87,1.00
2015.10.16 09:50:47.484,0.87663,0.87707,1.37,1.00
2015.10.16 09:50:47.816,0.87668,0.87707,1.00,1.00
2015.10.16 09:50:48.152,0.87663,0.87712,1.00,1.72
2015.10.16 09:50:48.274,0.87663,0.87712,1.00,3.22
2015.10.16 09:50:48.654,0.87662,0.87703,1.00,1.00
2015.10.16 09:50:48.964,0.87658,0.87697,1.87,1.00
2015.10.16 09:50:49.115,0.87662,0.87703,1.00,1.00
2015.10.16 09:50:49.660,0.87658,0.87698,1.37,1.00
2015.10.16 09:50:49.724,0.87658,0.87698,1.00,1.00
2015.10.16 09:50:50.434,0.87658,0.87697,1.00,1.00
2015.10.16 09:50:50.954,0.87657,0.87698,1.00,1.00
2015.10.16 09:50:51.005,0.8766,0.87698,1.00,1.00
2015.10.16 09:50:51.338,0.8766,0.87702,1.00,1.00
2015.10.16 09:50:51.649,0.87661,0.87707,1.00,1.00
2015.10.16 09:50:51.884,0.87658,0.87712,1.00,2.10
2015.10.16 09:50:52.011,0.87657,0.87702,1.00,1.00
2015.10.16 09:50:52.374,0.87661,0.87702,1.00,1.00
2015.10.16 09:50:53.864,0.87661,0.87708,1.00,1.60
2015.10.16 09:50:54.076,0.87657,0.87698,1.50,1.00
2015.10.16 09:50:54.944,0.87656,0.87697,1.00,1.00
2015.10.16 09:50:56.651,0.87657,0.87698,1.00,1.00
2015.10.16 09:50:57.372,0.87658,0.87697,1.00,1.00
2015.10.16 09:50:58.793,0.87655,0.87692,1.00,1.00
2015.10.16 09:50:59.502,0.87654,0.87698,1.00,1.00
2015.10.16 09:51:00.028,0.87653,0.87693,1.00,1.00
2015.10.16 09:51:01.014,0.87653,0.87698,1.00,1.00
2015.10.16 09:51:01.181,0.8765,0.87698,1.12,1.00
2015.10.16 09:51:01.232,0.87652,0.87693,1.00,1.00
2015.10.16 09:51:01.963,0.87648,0.87692,1.00,1.00
2015.10.16 09:51:02.021,0.87648,0.87687,1.00,1.00
2015.10.16 09:51:02.534,0.87647,0.87688,1.00,1.00
2015.10.16 09:51:03.214,0.87643,0.87692,2.10,1.00
2015.10.16 09:51:03.315,0.87643,0.87687,1.60,1.00
2015.10.16 09:51:04.027,0.87644,0.87687,1.35,1.00
2015.10.16 09:51:04.345,0.87644,0.87682,1.35,1.00
2015.10.16 09:51:05.699,0.87648,0.87687,1.00,1.00
2015.10.16 09:51:07.191,0.87644,0.87682,1.35,1.00
2015.10.16 09:51:07.393,0.87647,0.87688,1.00,1.00
2015.10.16 09:51:09.043,0.87646,0.87687,1.60,1.00
2015.10.16 09:51:09.941,0.87647,0.87688,1.60,1.00
2015.10.16 09:51:12.013,0.87647,0.87688,1.00,1.00
2015.10.16 09:51:12.623,0.87648,0.87687,1.00,1.00
2015.10.16 09:51:13.644,0.87646,0.87682,1.00,1.00
2015.10.16 09:51:14.073,0.87645,0.87692,1.00,1.00
2015.10.16 09:51:14.124,0.87648,0.87692,1.00,1.00
2015.10.16 09:51:14.324,0.87648,0.87697,1.00,1.60
2015.10.16 09:51:14.633,0.87648,0.87687,1.00,1.00
2015.10.16 09:51:14.874,0.87647,0.87693,1.00,1.00
2015.10.16 09:51:15.623,0.87647,0.87688,1.50,1.00
2015.10.16 09:51:16.085,0.87647,0.87682,1.00,1.00
2015.10.16 09:51:18.446,0.87645,0.87682,1.00,1.00
2015.10.16 09:51:18.985,0.87646,0.87682,1.00,1.00
2015.10.16 09:51:19.036,0.87647,0.87688,1.00,1.00
2015.10.16 09:51:19.137,0.87651,0.87688,1.00,1.00
2015.10.16 09:51:19.368,0.87649,0.87687,1.00,1.00
2015.10.16 09:51:20.072,0.87648,0.87688,1.00,1.00
2015.10.16 09:51:20.587,0.87648,0.87687,1.50,1.00
2015.10.16 09:51:21.707,0.87643,0.87682,1.87,1.00
2015.10.16 09:51:22.335,0.87643,0.87683,1.37,1.00
2015.10.16 09:51:22.903,0.87643,0.87682,1.87,1.00
2015.10.16 09:51:23.674,0.87645,0.87688,1.00,1.00
2015.10.16 09:51:24.073,0.87649,0.87687,1.60,1.00
2015.10.16 09:51:24.424,0.87649,0.87693,1.60,1.00
2015.10.16 09:51:24.974,0.87646,0.87692,2.85,1.00
2015.10.16 09:51:25.154,0.87643,0.87692,1.75,1.35
2015.10.16 09:51:25.255,0.87643,0.87692,1.00,1.35
2015.10.16 09:51:25.406,0.87645,0.87687,1.00,1.00
2015.10.16 09:51:25.761,0.87643,0.87688,1.00,1.00
2015.10.16 09:51:26.325,0.87642,0.87688,1.87,1.00
2015.10.16 09:51:26.376,0.87643,0.87692,1.00,1.00
2015.10.16 09:51:26.475,0.87643,0.87687,1.00,1.00
2015.10.16 09:51:29.777,0.87642,0.87682,1.00,1.00
2015.10.16 09:51:30.333,0.87641,0.87682,1.00,1.00
2015.10.16 09:51:31.267,0.8764,0.87682,1.00,1.00
2015.10.16 09:51:32.196,0.87643,0.87687,1.00,1.00
2015.10.16 09:51:32.487,0.87646,0.87687,1.00,1.00
2015.10.16 09:51:33.080,0.87645,0.87688,1.00,1.00
2015.10.16 09:51:34.031,0.87646,0.87688,1.00,1.00
2015.10.16 09:51:35.434,0.87647,0.87688,1.00,1.00
2015.10.16 09:51:35.686,0.87641,0.87683,1.00,1.00
2015.10.16 09:51:35.888,0.87634,0.87682,1.12,1.00
2015.10.16 09:51:36.360,0.87634,0.87673,1.12,1.00
2015.10.16 09:51:37.144,0.87633,0.87678,1.37,1.00
2015.10.16 09:51:37.743,0.87631,0.87672,1.35,1.00
2015.10.16 09:51:38.134,0.87632,0.87678,1.00,1.00
2015.10.16 09:51:38.869,0.87635,0.87677,1.00,1.00
2015.10.16 09:51:39.236,0.87639,0.87678,1.00,1.00
2015.10.16 09:51:39.613,0.87638,0.87687,2.10,1.50
2015.10.16 09:51:39.723,0.8764,0.87688,1.00,1.75
2015.10.16 09:51:39.995,0.87642,0.87693,1.50,1.00
2015.10.16 09:51:40.333,0.87643,0.87687,1.00,1.00
2015.10.16 09:51:44.953,0.87641,0.87683,1.00,1.00
2015.10.16 09:51:45.813,0.8764,0.87683,1.00,1.00
2015.10.16 09:51:47.093,0.8764,0.87682,1.00,1.00
2015.10.16 09:51:47.923,0.87642,0.87688,1.00,1.00
2015.10.16 09:51:48.584,0.8764,0.87683,1.00,1.00
2015.10.16 09:51:49.124,0.87639,0.87683,1.00,1.00
2015.10.16 09:51:49.905,0.87642,0.87688,1.00,1.00
2015.10.16 09:51:50.016,0.87639,0.87682,1.00,1.00
2015.10.16 09:51:52.324,0.87639,0.87683,1.00,1.00
2015.10.16 09:51:54.140,0.8764,0.87683,1.00,1.00
2015.10.16 09:51:54.656,0.87639,0.87683,1.00,1.00
2015.10.16 09:51:55.033,0.87639,0.87692,1.00,1.50
2015.10.16 09:51:55.184,0.87639,0.87687,1.00,1.00
2015.10.16 09:51:55.495,0.87643,0.87687,1.00,1.00
2015.10.16 09:51:55.624,0.87644,0.87692,1.00,1.00
2015.10.16 09:51:55.734,0.87644,0.87682,1.00,1.00
2015.10.16 09:51:55.895,0.87642,0.87682,1.00,1.00
2015.10.16 09:51:56.216,0.87639,0.87682,1.35,1.00
2015.10.16 09:51:56.671,0.87641,0.87682,1.00,1.00
2015.10.16 09:51:56.834,0.87642,0.87688,1.00,1.00
2015.10.16 09:52:00.863,0.87644,0.87688,1.00,1.00
2015.10.16 09:52:01.395,0.87644,0.87687,1.00,1.00
2015.10.16 09:52:03.566,0.87645,0.87687,1.00,1.00
2015.10.16 09:52:04.168,0.87644,0.87687,1.00,1.00
2015.10.16 09:52:07.321,0.87649,0.87687,1.00,1.00
2015.10.16 09:52:07.423,0.87647,0.87693,1.00,1.00
2015.10.16 09:52:07.727,0.87648,0.87697,1.00,1.00
2015.10.16 09:52:07.833,0.87647,0.87692,1.00,1.00
2015.10.16 09:52:08.400,0.87649,0.87692,1.00,1.00
2015.10.16 09:52:08.451,0.87647,0.87692,1.00,1.00
2015.10.16 09:52:09.060,0.87648,0.87693,1.00,1.00
2015.10.16 09:52:09.682,0.87647,0.87693,1.00,1.00
2015.10.16 09:52:10.273,0.87646,0.87693,1.00,1.00
2015.10.16 09:52:10.645,0.87643,0.87693,1.00,1.00
2015.10.16 09:52:11.213,0.87643,0.87692,1.50,1.00
2015.10.16 09:52:11.355,0.87642,0.87687,1.00,1.00
2015.10.16 09:52:11.573,0.87642,0.87693,1.00,1.00
2015.10.16 09:52:11.792,0.87642,0.87682,1.00,1.00
2015.10.16 09:52:12.673,0.87642,0.87683,1.00,1.00
2015.10.16 09:52:13.393,0.87638,0.87683,1.00,1.00
2015.10.16 09:52:14.002,0.87637,0.87683,1.35,1.00
2015.10.16 09:52:15.655,0.87635,0.87677,1.60,1.00
2015.10.16 09:52:17.452,0.87632,0.87678,1.60,1.00
2015.10.16 09:52:17.693,0.87633,0.87681,1.12,1.00
2015.10.16 09:52:17.846,0.87633,0.87672,1.12,1.00
2015.10.16 09:52:18.493,0.87637,0.87673,2.10,1.00
2015.10.16 09:52:19.812,0.87634,0.87673,1.60,1.00
2015.10.16 09:52:20.413,0.87633,0.87672,2.47,1.00
2015.10.16 09:52:31.221,0.87638,0.87682,1.35,1.00
2015.10.16 09:52:31.392,0.87633,0.87683,1.67,1.00
2015.10.16 09:52:31.600,0.87635,0.87677,1.30,1.00
2015.10.16 09:52:31.892,0.87638,0.87682,1.00,1.00
2015.10.16 09:52:32.072,0.87638,0.87687,1.50,1.97
2015.10.16 09:52:32.395,0.87637,0.87682,1.00,1.00
2015.10.16 09:52:32.747,0.87639,0.87682,1.00,1.00
2015.10.16 09:52:32.974,0.87637,0.87683,1.50,1.00
2015.10.16 09:52:33.576,0.87638,0.87682,1.00,1.00
2015.10.16 09:52:34.173,0.87639,0.87682,1.00,1.00
2015.10.16 09:52:35.655,0.8764,0.87682,1.00,1.00
2015.10.16 09:52:36.657,0.87638,0.87682,1.50,1.00
2015.10.16 09:52:38.084,0.87634,0.87678,1.00,1.00
2015.10.16 09:52:38.743,0.87637,0.87683,1.00,1.00
2015.10.16 09:52:38.895,0.87642,0.87687,1.00,1.00
2015.10.16 09:52:39.844,0.87642,0.87688,1.00,1.50
2015.10.16 09:52:40.439,0.87638,0.87687,1.00,1.00
2015.10.16 09:52:40.612,0.87643,0.87682,1.00,1.00
2015.10.16 09:52:41.823,0.87642,0.87683,1.00,1.00
2015.10.16 09:52:42.846,0.87643,0.87682,1.00,1.00
2015.10.16 09:52:43.184,0.87643,0.8768,1.00,1.00
2015.10.16 09:52:43.432,0.87632,0.87678,1.60,1.00
2015.10.16 09:52:43.691,0.87638,0.87677,1.00,1.00
2015.10.16 09:52:44.623,0.87642,0.8768,1.00,1.00
2015.10.16 09:52:44.674,0.87642,0.87682,1.00,1.30
2015.10.16 09:52:44.822,0.87638,0.87687,1.00,2.25
2015.10.16 09:52:44.923,0.87638,0.87687,1.00,1.00
2015.10.16 09:52:45.122,0.87643,0.87687,1.00,1.00
2015.10.16 09:52:45.916,0.87643,0.87686,1.00,1.00
2015.10.16 09:52:46.223,0.87638,0.87682,1.00,1.00
2015.10.16 09:52:48.759,0.87642,0.87684,1.00,1.00
2015.10.16 09:52:49.122,0.87637,0.87683,1.00,1.00
2015.10.16 09:52:51.101,0.87638,0.87682,1.00,1.00
2015.10.16 09:52:52.383,0.87637,0.87683,1.00,1.50
2015.10.16 09:52:53.936,0.87638,0.87682,1.00,1.00
2015.10.16 09:52:54.472,0.87633,0.87677,1.60,1.00
2015.10.16 09:52:54.623,0.87632,0.87678,1.00,1.50
2015.10.16 09:52:54.724,0.87627,0.87676,1.00,1.00
2015.10.16 09:52:54.911,0.87627,0.87673,1.00,1.00
2015.10.16 09:52:55.023,0.87625,0.87675,1.37,1.00
2015.10.16 09:52:55.074,0.87624,0.87677,1.37,1.00
2015.10.16 09:52:55.132,0.87628,0.87677,1.00,1.50
2015.10.16 09:52:55.747,0.87628,0.87675,1.00,1.00
2015.10.16 09:52:56.087,0.87633,0.87677,1.00,1.50
2015.10.16 09:52:57.333,0.87628,0.87672,1.00,1.00
2015.10.16 09:52:57.773,0.87633,0.87677,1.00,1.50
2015.10.16 09:53:00.523,0.87628,0.87672,1.00,1.00
2015.10.16 09:53:02.520,0.87627,0.87673,1.00,1.50
2015.10.16 09:53:02.842,0.87627,0.87668,1.00,1.00
2015.10.16 09:53:04.048,0.87628,0.87667,1.00,1.00
2015.10.16 09:53:04.638,0.87627,0.87668,1.00,1.00
2015.10.16 09:53:05.811,0.87627,0.87674,1.00,1.75
2015.10.16 09:53:05.913,0.87627,0.87675,1.00,1.00
2015.10.16 09:53:06.164,0.87633,0.87675,1.00,1.00
2015.10.16 09:53:06.352,0.87627,0.87673,1.00,1.00
2015.10.16 09:53:06.504,0.87632,0.87675,1.00,1.00
2015.10.16 09:53:07.154,0.87627,0.87673,1.00,1.00
2015.10.16 09:53:08.243,0.87628,0.87672,1.00,1.00
2015.10.16 09:53:12.840,0.87627,0.87673,1.00,1.00
2015.10.16 09:53:16.862,0.87628,0.87672,1.00,1.00
2015.10.16 09:53:17.360,0.87628,0.87676,1.00,1.35
2015.10.16 09:53:17.410,0.87628,0.87676,1.00,1.35
2015.10.16 09:53:17.743,0.87628,0.87667,1.00,1.00
2015.10.16 09:53:17.793,0.87622,0.87663,1.60,1.00
2015.10.16 09:53:19.881,0.87623,0.87662,1.35,1.00
2015.10.16 09:53:20.762,0.87627,0.87668,1.00,1.00
2015.10.16 09:53:21.454,0.87622,0.87668,1.00,1.00
2015.10.16 09:53:22.867,0.87623,0.87667,1.00,1.00
2015.10.16 09:53:24.611,0.87622,0.87668,1.00,1.00
2015.10.16 09:53:25.131,0.87623,0.87667,1.00,1.00
2015.10.16 09:53:25.182,0.87628,0.87667,1.00,1.00
2015.10.16 09:53:25.888,0.87627,0.87668,1.00,1.00
2015.10.16 09:53:26.698,0.87622,0.87668,1.00,1.50
2015.10.16 09:53:27.015,0.87623,0.8766,1.00,1.00
2015.10.16 09:53:27.145,0.87623,0.87663,1.00,1.00
2015.10.16 09:53:27.196,0.87618,0.87662,2.10,1.00
2015.10.16 09:53:27.365,0.87623,0.87662,1.00,1.00
2015.10.16 09:53:27.600,0.87618,0.87662,1.35,1.00
2015.10.16 09:53:27.651,0.87613,0.87662,1.00,1.50
2015.10.16 09:53:27.803,0.87612,0.87658,1.00,1.00
2015.10.16 09:53:28.156,0.87618,0.8766,1.00,1.00
2015.10.16 09:53:28.814,0.87613,0.87658,1.00,2.25
2015.10.16 09:53:29.159,0.87612,0.87648,1.00,1.00
2015.10.16 09:53:29.625,0.87612,0.87656,1.00,2.10
2015.10.16 09:53:30.709,0.87612,0.87653,1.00,1.00
2015.10.16 09:53:30.935,0.87615,0.87652,2.10,1.00
2015.10.16 09:53:31.038,0.87609,0.87657,2.10,1.00
2015.10.16 09:53:31.438,0.87618,0.87657,1.00,1.00
2015.10.16 09:53:32.535,0.87617,0.87658,1.35,1.00
2015.10.16 09:53:33.070,0.87618,0.87657,1.00,1.00
2015.10.16 09:53:36.387,0.87617,0.87658,1.35,1.00
2015.10.16 09:53:37.076,0.87611,0.87652,1.35,1.00
2015.10.16 09:53:37.178,0.87616,0.87657,1.30,1.00
2015.10.16 09:53:37.716,0.87617,0.87658,1.00,1.00
2015.10.16 09:53:38.377,0.87618,0.87657,1.00,1.00
2015.10.16 09:53:40.895,0.87618,0.87657,1.37,1.00
2015.10.16 09:53:41.438,0.87613,0.8766,2.25,1.00
2015.10.16 09:53:41.490,0.87613,0.87663,2.25,1.00
2015.10.16 09:53:41.605,0.87613,0.87658,2.25,1.00
2015.10.16 09:53:41.993,0.87613,0.87652,1.00,1.00
2015.10.16 09:53:42.764,0.87608,0.87647,1.60,1.00
2015.10.16 09:53:46.284,0.87613,0.87652,1.00,1.00
2015.10.16 09:53:47.602,0.87608,0.87647,1.60,1.00
2015.10.16 09:53:48.264,0.87612,0.87653,1.35,1.00
2015.10.16 09:53:49.411,0.87612,0.87652,1.35,1.00
2015.10.16 09:53:51.750,0.87612,0.8765,1.35,1.00
2015.10.16 09:53:51.951,0.87598,0.87646,1.00,2.25
2015.10.16 09:53:52.330,0.87602,0.87644,1.00,1.75
2015.10.16 09:53:53.275,0.87603,0.87642,1.00,1.75
2015.10.16 09:53:53.694,0.87603,0.87642,1.00,1.00
2015.10.16 09:53:54.481,0.87598,0.87637,1.00,1.00
2015.10.16 09:53:56.022,0.87603,0.87642,1.00,1.50
2015.10.16 09:53:56.627,0.87602,0.87643,1.00,1.50
2015.10.16 09:53:59.213,0.87597,0.87638,1.35,1.00
2015.10.16 09:53:59.543,0.87597,0.87643,1.00,2.85
2015.10.16 09:53:59.649,0.87597,0.87633,1.00,1.00
2015.10.16 09:54:00.341,0.87603,0.87637,1.00,1.00
2015.10.16 09:54:01.318,0.87598,0.87632,1.00,1.00
2015.10.16 09:54:02.213,0.87603,0.87637,1.00,1.00
2015.10.16 09:54:02.731,0.87598,0.87632,1.00,1.00
2015.10.16 09:54:04.380,0.87597,0.87633,1.00,1.00
2015.10.16 09:54:05.810,0.87593,0.87627,1.00,1.00
2015.10.16 09:54:18.623,0.87588,0.87635,1.00,1.60
2015.10.16 09:54:18.674,0.87588,0.87628,1.00,1.00
2015.10.16 09:54:18.976,0.87572,0.87618,1.35,1.00
2015.10.16 09:54:19.571,0.87567,0.87611,1.50,1.60
2015.10.16 09:54:19.942,0.87564,0.87607,2.25,1.00
2015.10.16 09:54:20.292,0.87564,0.87602,2.25,1.00
2015.10.16 09:54:20.393,0.87562,0.87603,1.72,1.00
2015.10.16 09:54:20.682,0.87563,0.87602,1.60,1.00
2015.10.16 09:54:21.058,0.87563,0.87602,1.00,1.00
2015.10.16 09:54:21.269,0.87557,0.87603,1.00,1.00
2015.10.16 09:54:21.370,0.87562,0.87603,1.00,1.00
2015.10.16 09:54:22.018,0.87558,0.87597,1.00,1.00
2015.10.16 09:54:22.677,0.87557,0.87603,1.00,1.00
2015.10.16 09:54:22.977,0.87552,0.87598,1.00,1.00
2015.10.16 09:54:23.464,0.87554,0.87598,1.00,1.00
2015.10.16 09:54:24.325,0.87554,0.87597,1.00,1.00
2015.10.16 09:54:24.839,0.87553,0.87598,1.00,1.00
2015.10.16 09:54:25.527,0.87552,0.87598,1.50,1.00
2015.10.16 09:54:26.063,0.8755,0.87597,2.85,1.00
2015.10.16 09:54:26.916,0.87558,0.87597,1.00,1.00
2015.10.16 09:54:30.148,0.87557,0.87603,1.00,1.00
2015.10.16 09:54:30.499,0.87562,0.87608,1.00,1.87
2015.10.16 09:54:30.844,0.87568,0.87607,1.00,1.37
2015.10.16 09:54:30.894,0.87562,0.87612,1.00,1.75
2015.10.16 09:54:30.949,0.87562,0.87612,1.00,1.00
2015.10.16 09:54:31.150,0.87568,0.87611,1.00,1.00
2015.10.16 09:54:31.360,0.87563,0.87607,1.00,1.00
2015.10.16 09:54:31.882,0.87563,0.87602,1.00,1.00
2015.10.16 09:54:33.640,0.87562,0.87603,1.00,1.00
2015.10.16 09:54:34.519,0.87563,0.87602,1.00,1.00
2015.10.16 09:54:35.536,0.87562,0.87603,1.00,1.00
2015.10.16 09:54:36.217,0.87563,0.87602,1.00,1.00
2015.10.16 09:54:38.356,0.87562,0.87603,1.00,1.00
2015.10.16 09:54:38.582,0.87563,0.8761,1.00,1.00
2015.10.16 09:54:38.729,0.87563,0.87612,1.00,1.50
2015.10.16 09:54:39.021,0.87562,0.87608,1.00,1.00
2015.10.16 09:54:39.869,0.87563,0.87607,1.00,1.00
2015.10.16 09:54:41.130,0.87562,0.8761,1.00,1.00
2015.10.16 09:54:41.299,0.87563,0.87602,1.00,1.00
2015.10.16 09:54:42.609,0.87563,0.87602,1.60,1.00
2015.10.16 09:54:43.117,0.87562,0.87603,1.60,1.00
2015.10.16 09:54:43.169,0.87568,0.87607,1.00,1.00
2015.10.16 09:54:44.709,0.87563,0.87602,1.60,1.00
2015.10.16 09:54:45.509,0.87563,0.87602,1.60,1.00
2015.10.16 09:54:45.610,0.87564,0.87607,1.60,1.00
2015.10.16 09:54:45.839,0.87563,0.87613,1.12,1.00
2015.10.16 09:54:46.145,0.87563,0.87607,1.87,1.00
2015.10.16 09:54:46.843,0.87563,0.87608,1.12,1.00
2015.10.16 09:54:48.930,0.87564,0.87608,1.00,1.00
2015.10.16 09:54:49.530,0.87562,0.87608,1.50,1.00
2015.10.16 09:54:50.683,0.87563,0.87607,1.00,1.00
2015.10.16 09:54:51.293,0.87564,0.87607,1.00,1.00
2015.10.16 09:54:52.759,0.87564,0.87607,1.60,1.00
2015.10.16 09:54:52.891,0.87565,0.87613,1.60,1.50
2015.10.16 09:54:53.069,0.87568,0.87607,1.00,1.00
2015.10.16 09:54:56.042,0.87568,0.87612,1.00,1.00
2015.10.16 09:54:56.522,0.87572,0.87613,1.00,1.00
2015.10.16 09:54:57.029,0.87573,0.87612,1.35,1.00
2015.10.16 09:54:58.019,0.87569,0.87613,1.00,1.00
2015.10.16 09:54:58.152,0.87567,0.87613,1.12,1.00
2015.10.16 09:54:58.258,0.87567,0.87613,1.72,1.00
2015.10.16 09:54:58.861,0.87573,0.87612,1.00,1.00
2015.10.16 09:55:00.220,0.87572,0.87613,1.00,1.00
2015.10.16 09:55:01.209,0.87572,0.87613,1.60,1.00
2015.10.16 09:55:01.867,0.87573,0.87612,1.35,1.00
2015.10.16 09:55:04.330,0.87573,0.87617,1.35,1.00
2015.10.16 09:55:04.540,0.87573,0.87612,1.35,1.00
2015.10.16 09:55:06.491,0.87572,0.87613,1.00,1.00
2015.10.16 09:55:07.372,0.87573,0.87612,1.00,1.00
2015.10.16 09:55:07.913,0.87572,0.87613,1.50,1.00
2015.10.16 09:55:10.671,0.87573,0.87612,1.00,1.00
2015.10.16 09:55:11.916,0.87578,0.87617,1.00,1.12
2015.10.16 09:55:14.960,0.87577,0.87618,1.00,1.37
2015.10.16 09:55:15.761,0.87578,0.87617,1.50,1.12
2015.10.16 09:55:16.064,0.87584,0.87627,1.00,1.00
2015.10.16 09:55:16.115,0.87587,0.87627,1.00,1.00
2015.10.16 09:55:16.656,0.87588,0.87627,1.00,1.00
2015.10.16 09:55:17.402,0.87588,0.87632,1.00,1.00
2015.10.16 09:55:18.396,0.87588,0.87633,1.00,1.00
2015.10.16 09:55:19.502,0.87589,0.87633,1.00,1.00
2015.10.16 09:55:20.193,0.87587,0.87633,1.00,1.00
2015.10.16 09:55:20.904,0.87588,0.87632,1.00,1.00
2015.10.16 09:55:21.410,0.87591,0.87632,2.10,1.00
2015.10.16 09:55:21.461,0.87591,0.8764,2.47,1.00
2015.10.16 09:55:21.764,0.87591,0.87642,2.47,1.00
2015.10.16 09:55:21.865,0.87597,0.87646,1.00,1.00
2015.10.16 09:55:21.915,0.87598,0.87642,1.00,1.00
2015.10.16 09:55:22.144,0.87588,0.87638,1.50,1.00
2015.10.16 09:55:22.650,0.87587,0.87638,1.00,1.00
2015.10.16 09:55:25.818,0.87586,0.87627,1.00,1.00
2015.10.16 09:55:26.219,0.87584,0.87627,1.00,1.00
2015.10.16 09:55:26.320,0.87586,0.87627,1.00,1.00
2015.10.16 09:55:27.613,0.87586,0.87632,1.00,1.00
2015.10.16 09:55:28.343,0.87587,0.87632,1.00,1.00
2015.10.16 09:55:28.394,0.87581,0.87623,1.00,1.00
2015.10.16 09:55:28.455,0.87572,0.87623,2.47,1.00
2015.10.16 09:55:28.591,0.87572,0.87623,1.72,1.00
2015.10.16 09:55:28.982,0.87578,0.87622,1.00,1.00
2015.10.16 09:55:29.825,0.87573,0.87617,1.50,1.00
2015.10.16 09:55:30.233,0.87578,0.87617,1.60,1.00
2015.10.16 09:55:30.581,0.87578,0.87617,1.60,1.00
2015.10.16 09:55:30.631,0.87578,0.87622,1.60,1.00
2015.10.16 09:55:30.732,0.87583,0.87627,1.00,1.00
2015.10.16 09:55:30.844,0.87587,0.87628,1.00,1.00
2015.10.16 09:55:31.587,0.87588,0.87627,1.00,1.00
2015.10.16 09:55:31.955,0.87583,0.87627,1.00,1.00
2015.10.16 09:55:32.061,0.87591,0.87628,1.00,1.00
2015.10.16 09:55:32.234,0.87592,0.87632,1.00,1.00
2015.10.16 09:55:32.790,0.87587,0.87633,1.00,1.00
2015.10.16 09:55:33.123,0.87583,0.87627,1.00,1.00
2015.10.16 09:55:33.926,0.87587,0.87633,1.00,1.00
2015.10.16 09:55:34.151,0.87583,0.87627,1.00,1.00
2015.10.16 09:55:34.330,0.87582,0.87633,1.50,1.35
2015.10.16 09:55:34.700,0.87582,0.87623,1.50,1.00
2015.10.16 09:55:35.312,0.87583,0.87622,1.00,1.00
2015.10.16 09:55:36.529,0.87582,0.87633,1.00,1.35
2015.10.16 09:55:36.629,0.8759,0.87633,1.00,1.00
2015.10.16 09:55:36.743,0.8759,0.87638,1.00,1.37
2015.10.16 09:55:36.794,0.87592,0.87638,1.00,1.37
2015.10.16 09:55:37.105,0.87598,0.87637,1.00,1.12
2015.10.16 09:55:37.691,0.87597,0.87638,1.00,1.37
2015.10.16 09:55:38.407,0.87598,0.87647,1.00,2.10
2015.10.16 09:55:38.515,0.87602,0.87648,1.00,1.75
2015.10.16 09:55:39.042,0.87603,0.87647,1.00,1.50
2015.10.16 09:55:39.092,0.87597,0.87648,1.00,1.75
2015.10.16 09:55:39.395,0.87594,0.87642,1.00,1.00
2015.10.16 09:55:39.931,0.87597,0.87648,1.00,1.00
2015.10.16 09:55:40.779,0.87595,0.87643,1.00,1.00
2015.10.16 09:55:41.166,0.87593,0.87642,1.50,1.00
2015.10.16 09:55:41.567,0.87595,0.87643,1.00,1.00
2015.10.16 09:55:42.240,0.87595,0.87642,1.00,1.00
2015.10.16 09:55:42.670,0.87593,0.87642,1.50,1.00
2015.10.16 09:55:44.375,0.87593,0.87641,1.00,1.00
2015.10.16 09:55:44.875,0.87593,0.87644,1.00,1.60
2015.10.16 09:55:44.926,0.87593,0.87637,1.00,1.00
2015.10.16 09:55:45.100,0.87592,0.87643,1.50,1.00
2015.10.16 09:55:45.793,0.87593,0.87642,1.00,1.00
2015.10.16 09:55:46.639,0.87593,0.87644,1.00,1.60
2015.10.16 09:55:46.690,0.87593,0.8764,1.00,1.00
2015.10.16 09:55:47.164,0.87589,0.87632,1.00,1.00
2015.10.16 09:55:47.215,0.8759,0.87637,1.00,1.00
2015.10.16 09:55:47.412,0.87593,0.87642,1.00,1.00
2015.10.16 09:55:49.769,0.87592,0.87643,1.50,1.00
2015.10.16 09:55:50.434,0.87593,0.87643,1.00,1.00
2015.10.16 09:55:51.031,0.87592,0.87643,1.50,1.00
2015.10.16 09:55:51.592,0.87594,0.87643,1.00,1.00
2015.10.16 09:55:52.455,0.87592,0.87643,1.50,1.00
2015.10.16 09:55:53.021,0.87593,0.87645,1.00,1.00
2015.10.16 09:55:53.072,0.87593,0.87633,1.00,2.10
2015.10.16 09:55:53.122,0.87588,0.87633,1.00,2.10
2015.10.16 09:55:53.296,0.87588,0.87636,1.00,1.60
2015.10.16 09:55:53.576,0.87588,0.87636,1.00,1.00
2015.10.16 09:55:53.635,0.87598,0.87637,1.00,1.00
2015.10.16 09:55:54.350,0.87593,0.87642,1.00,1.60
2015.10.16 09:55:54.716,0.87593,0.87637,1.00,1.00
2015.10.16 09:55:55.225,0.87592,0.87638,1.00,1.00
2015.10.16 09:55:55.651,0.87591,0.87633,1.00,1.00
2015.10.16 09:55:56.282,0.87591,0.87632,1.00,1.00
2015.10.16 09:55:56.833,0.87591,0.87633,1.00,1.00
2015.10.16 09:55:56.884,0.87592,0.87638,1.00,1.00
2015.10.16 09:55:57.404,0.8759,0.87638,1.00,1.00
2015.10.16 09:55:57.455,0.87593,0.87643,1.00,1.60
2015.10.16 09:55:57.659,0.87592,0.87643,1.50,1.00
2015.10.16 09:55:57.709,0.87594,0.87643,1.00,1.00
2015.10.16 09:55:58.010,0.87596,0.87643,1.00,1.00
2015.10.16 09:55:59.071,0.87596,0.87642,1.00,1.00
2015.10.16 09:55:59.693,0.87603,0.87647,1.00,1.00
2015.10.16 09:55:59.985,0.87597,0.87648,1.50,1.00
2015.10.16 09:56:00.086,0.87596,0.87643,1.00,1.00
2015.10.16 09:56:00.650,0.87595,0.87643,1.00,1.00
2015.10.16 09:56:01.174,0.87599,0.87648,1.00,1.00
2015.10.16 09:56:01.375,0.87603,0.87647,1.00,1.00
2015.10.16 09:56:01.782,0.87599,0.87642,1.00,1.00
2015.10.16 09:56:02.621,0.87598,0.87642,1.50,1.00
2015.10.16 09:56:03.143,0.87599,0.87642,1.00,1.00
2015.10.16 09:56:04.088,0.87598,0.87647,1.00,1.00
2015.10.16 09:56:04.300,0.87598,0.87642,1.00,1.00
2015.10.16 09:56:05.514,0.87598,0.87647,1.00,1.00
2015.10.16 09:56:06.169,0.87602,0.87648,1.00,1.00
2015.10.16 09:56:06.547,0.87598,0.87647,1.00,1.00
2015.10.16 09:56:06.720,0.87598,0.87642,1.00,1.00
2015.10.16 09:56:07.604,0.87597,0.87643,1.00,1.00
2015.10.16 09:56:08.158,0.87598,0.87642,1.00,1.00
2015.10.16 09:56:08.597,0.87596,0.87642,1.00,1.00
2015.10.16 09:56:08.809,0.87598,0.87642,1.00,1.00
2015.10.16 09:56:13.870,0.87603,0.87647,1.00,1.00
2015.10.16 09:56:15.740,0.87598,0.87642,1.00,1.00
2015.10.16 09:56:16.301,0.87592,0.87643,1.50,1.00
2015.10.16 09:56:16.840,0.87593,0.87644,1.00,1.00
2015.10.16 09:56:17.098,0.87592,0.87633,1.00,1.00
2015.10.16 09:56:17.199,0.8759,0.87633,1.00,1.00
2015.10.16 09:56:17.643,0.87593,0.87637,1.00,1.00
2015.10.16 09:56:18.070,0.87597,0.87643,1.00,1.37
2015.10.16 09:56:18.671,0.87597,0.87648,1.50,1.00
2015.10.16 09:56:18.954,0.87599,0.87643,1.00,1.00
2015.10.16 09:56:19.369,0.87603,0.87647,1.00,1.00
2015.10.16 09:56:21.812,0.87602,0.87648,1.00,1.00
2015.10.16 09:56:22.380,0.87603,0.87647,1.00,1.00
2015.10.16 09:56:22.997,0.87602,0.87648,1.00,1.00
2015.10.16 09:56:24.606,0.87603,0.87647,1.00,1.00
2015.10.16 09:56:26.080,0.87603,0.87648,1.00,1.00
2015.10.16 09:56:26.320,0.876,0.87647,1.00,1.00
2015.10.16 09:56:26.729,0.87598,0.87648,1.00,1.00
2015.10.16 09:56:27.424,0.87599,0.87647,1.00,1.00
2015.10.16 09:56:28.039,0.87598,0.87647,1.50,1.00
2015.10.16 09:56:30.052,0.87596,0.87642,1.00,1.00
2015.10.16 09:56:30.398,0.87598,0.87643,1.00,1.00
2015.10.16 09:56:30.626,0.87602,0.87653,1.00,1.00
2015.10.16 09:56:30.727,0.87605,0.87653,1.00,1.00
2015.10.16 09:56:31.199,0.87603,0.87652,1.00,1.00
2015.10.16 09:56:31.469,0.876,0.87648,1.00,1.00
2015.10.16 09:56:31.899,0.87599,0.87643,1.00,1.00
2015.10.16 09:56:32.159,0.87602,0.87648,1.00,1.00
2015.10.16 09:56:32.350,0.876,0.87642,1.00,1.00
2015.10.16 09:56:32.402,0.87598,0.87642,1.50,1.00
2015.10.16 09:56:32.923,0.87599,0.87642,1.00,1.00
2015.10.16 09:56:33.431,0.87598,0.87642,1.50,1.00
2015.10.16 09:56:33.539,0.876,0.87642,1.00,1.00
2015.10.16 09:56:34.207,0.87599,0.87642,1.00,1.00
2015.10.16 09:56:36.419,0.87599,0.87643,1.00,1.00
2015.10.16 09:56:37.518,0.87598,0.87643,1.00,1.00
2015.10.16 09:56:37.569,0.87598,0.87648,1.00,1.00
2015.10.16 09:56:37.630,0.87598,0.87642,1.00,1.00
2015.10.16 09:56:37.739,0.87598,0.87648,1.00,1.00
2015.10.16 09:56:38.070,0.87598,0.87642,1.50,1.00
2015.10.16 09:56:40.131,0.87599,0.87642,1.00,1.00
2015.10.16 09:56:42.282,0.87599,0.87643,1.00,1.00
2015.10.16 09:56:44.670,0.87602,0.87648,1.00,1.00
2015.10.16 09:56:45.329,0.87599,0.87642,1.00,1.00
2015.10.16 09:56:46.573,0.87603,0.87647,1.00,1.00
2015.10.16 09:56:46.878,0.87599,0.87642,1.00,1.00
2015.10.16 09:56:47.860,0.87599,0.87643,1.00,1.00
2015.10.16 09:56:48.391,0.87598,0.87642,1.00,1.00
2015.10.16 09:56:48.871,0.87596,0.87638,1.37,1.00
2015.10.16 09:56:49.180,0.87598,0.87642,1.00,1.60
2015.10.16 09:56:49.555,0.87598,0.87642,1.00,1.00
2015.10.16 09:56:50.212,0.87599,0.87642,1.00,1.00
2015.10.16 09:56:50.660,0.87593,0.87642,1.37,1.00
2015.10.16 09:56:50.711,0.87593,0.87642,1.00,1.00
2015.10.16 09:56:50.761,0.87595,0.87642,1.00,1.00
2015.10.16 09:56:51.100,0.87593,0.87632,1.00,1.00
2015.10.16 09:56:51.160,0.87588,0.87632,2.25,1.00
2015.10.16 09:56:51.725,0.87588,0.87633,1.50,1.00
2015.10.16 09:56:52.459,0.87589,0.87632,1.37,1.00
2015.10.16 09:56:52.763,0.87593,0.87637,1.00,1.60
2015.10.16 09:56:53.028,0.8759,0.87633,1.37,1.00
2015.10.16 09:56:53.539,0.8759,0.87633,1.00,1.00
2015.10.16 09:56:54.365,0.87589,0.87633,1.00,1.00
2015.10.16 09:56:55.489,0.8759,0.87633,1.00,1.00
2015.10.16 09:56:56.099,0.8759,0.87632,1.00,1.00
2015.10.16 09:56:59.289,0.8759,0.87633,1.00,1.00
2015.10.16 09:57:02.089,0.8759,0.87632,1.00,1.00
2015.10.16 09:57:02.648,0.87591,0.87632,1.00,1.00
2015.10.16 09:57:04.190,0.87592,0.87632,1.00,1.00
2015.10.16 09:57:05.993,0.87591,0.87632,1.00,1.00
2015.10.16 09:57:06.405,0.87587,0.87633,1.37,1.60
2015.10.16 09:57:06.557,0.87584,0.87626,1.37,2.10
2015.10.16 09:57:07.472,0.87583,0.87623,1.00,1.60
2015.10.16 09:57:09.719,0.87582,0.87623,1.50,1.60
2015.10.16 09:57:10.354,0.87584,0.87623,1.00,1.60
2015.10.16 09:57:15.679,0.87583,0.87622,1.00,1.35
2015.10.16 09:57:23.619,0.87587,0.87627,1.00,2.10
2015.10.16 09:57:23.830,0.87583,0.87622,1.00,1.00
2015.10.16 09:57:24.379,0.87582,0.87623,1.00,1.35
2015.10.16 09:57:30.375,0.8758,0.87617,1.00,1.00
2015.10.16 09:57:30.784,0.87579,0.87622,1.00,1.00
2015.10.16 09:57:30.857,0.87581,0.87622,1.00,1.00
2015.10.16 09:57:31.199,0.87582,0.87618,1.00,1.00
2015.10.16 09:57:31.852,0.87582,0.87617,1.00,1.00
2015.10.16 09:57:32.059,0.87579,0.87617,1.00,1.00
2015.10.16 09:57:34.349,0.8758,0.87617,1.00,1.00
2015.10.16 09:57:39.653,0.87579,0.87617,1.00,1.00
2015.10.16 09:57:40.277,0.8758,0.87617,1.00,1.00
2015.10.16 09:57:41.105,0.8758,0.87618,1.00,1.00
2015.10.16 09:57:41.179,0.87578,0.87618,1.00,1.00
2015.10.16 09:57:41.612,0.87578,0.87612,1.00,1.00
2015.10.16 09:57:41.665,0.87575,0.87612,1.00,1.00
2015.10.16 09:57:41.716,0.87573,0.87612,1.00,1.00
2015.10.16 09:57:42.117,0.87578,0.87617,1.00,1.00
2015.10.16 09:57:42.327,0.87573,0.87619,1.00,2.47
2015.10.16 09:57:42.641,0.87573,0.87612,1.00,1.00
2015.10.16 09:57:43.587,0.87578,0.87612,1.00,1.00
2015.10.16 09:57:43.637,0.87578,0.87617,1.00,1.00
2015.10.16 09:57:44.432,0.87582,0.87623,1.50,1.00
2015.10.16 09:57:44.608,0.87584,0.87623,1.00,1.00
2015.10.16 09:57:44.910,0.87591,0.87623,1.00,1.00
2015.10.16 09:57:45.011,0.87577,0.87628,1.00,2.85
2015.10.16 09:57:45.607,0.87583,0.87627,1.00,1.60
2015.10.16 09:57:45.930,0.87587,0.87628,1.00,1.00
2015.10.16 09:57:46.182,0.87589,0.87633,1.00,1.00
2015.10.16 09:57:46.723,0.87588,0.87632,1.50,1.00
2015.10.16 09:57:46.774,0.87588,0.87627,1.50,1.00
2015.10.16 09:57:48.910,0.87589,0.87627,1.00,1.00
2015.10.16 09:57:49.812,0.87588,0.87627,1.00,1.00
2015.10.16 09:57:51.160,0.87587,0.87628,1.50,1.00
2015.10.16 09:57:54.627,0.87588,0.87627,1.00,1.00
2015.10.16 09:57:56.086,0.87587,0.87628,1.50,1.00
2015.10.16 09:57:58.010,0.87588,0.87627,1.00,1.00
2015.10.16 09:57:58.670,0.87587,0.87628,1.50,1.00
2015.10.16 09:58:01.157,0.87583,0.87632,1.00,1.00
2015.10.16 09:58:01.258,0.8758,0.87628,1.12,1.00
2015.10.16 09:58:01.594,0.87578,0.87623,1.37,1.00
2015.10.16 09:58:02.283,0.87578,0.87622,1.87,1.00
2015.10.16 09:58:02.597,0.87579,0.87627,1.37,1.60
2015.10.16 09:58:02.898,0.87579,0.87617,1.37,1.00
2015.10.16 09:58:03.950,0.87581,0.87617,1.00,1.00
2015.10.16 09:58:04.467,0.87583,0.87622,1.50,1.00
2015.10.16 09:58:04.833,0.87583,0.87617,1.00,1.00
2015.10.16 09:58:06.042,0.87582,0.87617,1.00,1.00
2015.10.16 09:58:06.727,0.87582,0.87618,1.00,1.00
2015.10.16 09:58:07.023,0.87583,0.87622,1.00,1.00
2015.10.16 09:58:07.074,0.87582,0.87617,1.00,1.00
2015.10.16 09:58:08.977,0.87582,0.87623,1.50,1.00
2015.10.16 09:58:09.087,0.87582,0.87617,1.00,1.00
2015.10.16 09:58:09.765,0.87581,0.87617,1.00,1.00
2015.10.16 09:58:10.357,0.87582,0.87617,1.00,1.00
2015.10.16 09:58:10.678,0.8758,0.87618,1.00,1.00
2015.10.16 09:58:11.227,0.87581,0.87618,1.00,1.00
2015.10.16 09:58:11.865,0.87581,0.87617,1.00,1.00
2015.10.16 09:58:11.916,0.87578,0.87617,1.50,1.00
2015.10.16 09:58:19.956,0.87579,0.87617,1.00,1.00
2015.10.16 09:58:24.108,0.87579,0.87618,1.00,1.00
2015.10.16 09:58:25.171,0.87579,0.87617,1.00,1.00
2015.10.16 09:58:25.834,0.87578,0.87617,1.50,1.00
2015.10.16 09:58:30.941,0.87578,0.87618,1.00,1.00
2015.10.16 09:58:33.127,0.87578,0.87613,1.00,1.00
2015.10.16 09:58:33.346,0.87578,0.87617,1.50,1.00
2015.10.16 09:58:37.026,0.87579,0.87617,1.00,1.00
2015.10.16 09:58:37.624,0.87583,0.87617,1.00,1.00
2015.10.16 09:58:38.012,0.87585,0.87627,1.00,1.00
2015.10.16 09:58:38.063,0.87583,0.87627,1.00,1.60
2015.10.16 09:58:38.390,0.8758,0.87622,1.00,1.00
2015.10.16 09:58:38.627,0.87578,0.87622,1.50,1.00
2015.10.16 09:58:38.728,0.87579,0.87627,1.00,1.60
2015.10.16 09:58:38.877,0.87575,0.87622,1.37,1.00
2015.10.16 09:58:39.477,0.87574,0.87617,1.00,1.00
2015.10.16 09:58:40.030,0.87573,0.87617,1.00,1.00
2015.10.16 09:58:40.609,0.87574,0.87617,1.00,1.00
2015.10.16 09:58:42.870,0.87577,0.87617,1.00,1.00
2015.10.16 09:58:43.480,0.87577,0.87623,1.00,1.60
2015.10.16 09:58:43.530,0.87577,0.87622,1.00,2.10
2015.10.16 09:58:43.905,0.87576,0.87612,1.00,1.00
2015.10.16 09:58:44.671,0.87578,0.87617,1.00,1.35
2015.10.16 09:58:46.328,0.87577,0.87617,1.00,1.00
2015.10.16 09:58:46.847,0.87578,0.87617,1.00,1.00
2015.10.16 09:58:47.086,0.87584,0.87617,1.00,1.00
2015.10.16 09:58:47.137,0.87584,0.87622,1.00,1.00
2015.10.16 09:58:47.674,0.87586,0.87627,1.00,1.00
2015.10.16 09:58:48.091,0.87586,0.87622,1.00,1.00
2015.10.16 09:58:48.309,0.87586,0.87627,1.00,1.00
2015.10.16 09:58:48.410,0.87588,0.87627,1.00,1.00
2015.10.16 09:58:48.646,0.87588,0.87632,1.00,1.60
2015.10.16 09:58:48.747,0.87587,0.87633,1.00,1.00
2015.10.16 09:58:48.906,0.87589,0.87632,1.00,1.00
2015.10.16 09:58:49.401,0.87587,0.87633,1.00,1.00
2015.10.16 09:58:49.487,0.87584,0.87633,1.00,1.00
2015.10.16 09:58:49.538,0.87584,0.87632,1.00,1.60
2015.10.16 09:58:49.849,0.87583,0.87623,1.12,1.00
2015.10.16 09:58:50.189,0.87585,0.87622,1.00,1.00
2015.10.16 09:58:50.390,0.87583,0.87622,1.12,1.00
2015.10.16 09:58:51.108,0.87583,0.87627,1.12,1.00
2015.10.16 09:58:51.447,0.87583,0.87617,1.12,1.00
2015.10.16 09:58:52.119,0.87583,0.87622,1.00,1.00
2015.10.16 09:58:52.170,0.87581,0.87622,1.00,1.00
2015.10.16 09:58:52.780,0.87582,0.87623,1.00,1.00
2015.10.16 09:58:53.916,0.87582,0.87622,1.00,1.00
2015.10.16 09:58:54.685,0.87583,0.87622,1.00,1.00
2015.10.16 09:58:56.217,0.87583,0.87623,1.00,1.00
2015.10.16 09:58:57.276,0.87583,0.87622,1.00,1.00
2015.10.16 09:58:58.836,0.87582,0.87622,1.00,1.00
2015.10.16 09:59:00.082,0.87582,0.87623,1.00,1.00
2015.10.16 09:59:00.647,0.87581,0.87623,1.00,1.00
2015.10.16 09:59:01.336,0.87581,0.87622,1.00,1.00
2015.10.16 09:59:04.258,0.87581,0.87627,1.00,1.00
2015.10.16 09:59:04.586,0.87582,0.87617,1.00,1.00
2015.10.16 09:59:05.148,0.87581,0.87617,1.00,1.00
2015.10.16 09:59:05.688,0.87582,0.87617,1.00,1.00
2015.10.16 09:59:07.886,0.87582,0.87618,1.00,1.00
2015.10.16 09:59:09.345,0.87581,0.87618,1.00,1.00
2015.10.16 09:59:09.948,0.87583,0.87618,1.00,1.00
2015.10.16 09:59:10.525,0.87582,0.87618,1.00,1.00
2015.10.16 09:59:12.489,0.87582,0.87617,1.00,1.00
2015.10.16 09:59:13.150,0.87581,0.87617,1.00,1.00
2015.10.16 09:59:13.254,0.87578,0.87617,1.87,1.00
2015.10.16 09:59:13.530,0.87578,0.87622,1.12,1.35
2015.10.16 09:59:13.808,0.87578,0.87617,1.12,1.00
2015.10.16 09:59:14.376,0.87578,0.87622,1.12,1.60
2015.10.16 09:59:14.525,0.87578,0.87622,1.12,1.00
2015.10.16 09:59:14.630,0.87578,0.87618,1.12,1.00
2015.10.16 09:59:15.165,0.87578,0.87617,1.00,1.00
2015.10.16 09:59:15.416,0.87578,0.87623,1.00,1.60
2015.10.16 09:59:15.562,0.8758,0.87623,1.00,1.60
2015.10.16 09:59:15.999,0.8758,0.87617,1.00,1.00
2015.10.16 09:59:17.575,0.8758,0.87618,1.00,1.00
2015.10.16 09:59:18.116,0.87587,0.87617,1.00,1.00
2015.10.16 09:59:18.167,0.87587,0.87628,1.00,1.00
2015.10.16 09:59:18.268,0.87585,0.87627,1.00,2.85
2015.10.16 09:59:18.419,0.87578,0.87627,1.87,2.85
2015.10.16 09:59:18.606,0.87578,0.87617,1.87,1.00
2015.10.16 09:59:19.298,0.87573,0.87617,1.00,1.35
2015.10.16 09:59:19.595,0.87573,0.87612,1.00,1.00
2015.10.16 09:59:22.439,0.87573,0.87613,1.00,1.00
2015.10.16 09:59:22.632,0.87573,0.87617,1.50,1.35
2015.10.16 09:59:23.128,0.87579,0.87623,1.00,1.00
2015.10.16 09:59:23.641,0.87578,0.87623,1.00,1.00
2015.10.16 09:59:24.103,0.8758,0.87622,1.00,1.00
2015.10.16 09:59:24.434,0.87577,0.87623,1.00,1.00
2015.10.16 09:59:25.046,0.87578,0.87622,1.00,1.00
2015.10.16 09:59:25.376,0.87573,0.87618,1.00,1.00
2015.10.16 09:59:25.949,0.87572,0.87617,1.00,1.00
2015.10.16 09:59:26.325,0.87571,0.87617,1.00,1.60
2015.10.16 09:59:26.649,0.87571,0.87613,1.00,1.00
2015.10.16 09:59:26.699,0.87569,0.87613,1.00,1.00
2015.10.16 09:59:27.096,0.87571,0.87613,1.00,1.00
2015.10.16 09:59:27.717,0.87572,0.87613,1.00,1.00
2015.10.16 09:59:27.826,0.87572,0.87618,1.00,1.00
2015.10.16 09:59:28.125,0.87573,0.87622,1.00,1.00
2015.10.16 09:59:28.760,0.87574,0.87618,1.00,1.00
2015.10.16 09:59:30.570,0.87574,0.87622,1.00,1.00
2015.10.16 09:59:30.900,0.87573,0.87617,1.50,1.00
2015.10.16 09:59:31.652,0.87574,0.87617,1.00,1.00
2015.10.16 09:59:31.704,0.87572,0.87617,1.00,1.00
2015.10.16 09:59:31.804,0.87574,0.87617,1.00,1.00
2015.10.16 09:59:33.628,0.87574,0.87618,1.00,1.00
2015.10.16 09:59:34.036,0.87574,0.87623,1.00,1.00
2015.10.16 09:59:34.697,0.87573,0.87623,1.00,1.00
2015.10.16 09:59:34.775,0.87573,0.87623,1.00,2.85
2015.10.16 09:59:35.374,0.87573,0.87617,1.00,1.00
2015.10.16 09:59:35.425,0.87573,0.87623,1.00,1.00
2015.10.16 09:59:36.035,0.87574,0.87623,1.00,1.00
2015.10.16 09:59:36.906,0.87572,0.87623,1.50,1.00
2015.10.16 09:59:37.520,0.87574,0.87623,1.00,1.00
2015.10.16 09:59:38.162,0.87578,0.87623,1.00,1.00
2015.10.16 09:59:38.513,0.87582,0.87622,1.00,1.00
2015.10.16 09:59:39.067,0.87578,0.87622,1.00,1.00
2015.10.16 09:59:39.124,0.8758,0.87622,1.00,1.00
2015.10.16 09:59:39.705,0.8758,0.87623,1.00,1.00
2015.10.16 09:59:40.443,0.87581,0.87622,1.00,1.00
2015.10.16 09:59:41.028,0.87582,0.87623,1.00,1.00
2015.10.16 09:59:41.330,0.87582,0.87628,1.50,1.00
2015.10.16 09:59:41.572,0.87583,0.87622,1.00,1.00
2015.10.16 09:59:41.674,0.87583,0.87627,1.50,1.00
2015.10.16 09:59:42.048,0.87583,0.87623,1.00,1.00
2015.10.16 09:59:42.432,0.87585,0.87622,1.00,1.00
2015.10.16 09:59:42.535,0.87585,0.87627,1.00,1.00
2015.10.16 09:59:42.683,0.87586,0.87622,1.00,1.00
2015.10.16 09:59:42.784,0.87588,0.87627,1.00,1.00
2015.10.16 09:59:43.241,0.87587,0.87632,1.00,1.00
2015.10.16 09:59:43.459,0.8759,0.87632,1.00,1.00
2015.10.16 09:59:43.634,0.87588,0.87632,1.00,1.00
2015.10.16 09:59:43.685,0.87588,0.87627,1.00,1.00
2015.10.16 09:59:43.736,0.87586,0.87627,1.00,1.00
2015.10.16 09:59:44.075,0.87586,0.87633,1.00,1.35
2015.10.16 09:59:44.910,0.87585,0.87632,1.00,1.00
2015.10.16 09:59:44.961,0.87588,0.87632,1.00,1.00
2015.10.16 09:59:45.238,0.87585,0.87632,1.00,1.00
2015.10.16 09:59:45.339,0.87583,0.87632,1.00,1.00
2015.10.16 09:59:45.395,0.87582,0.87628,1.00,1.00
2015.10.16 09:59:45.626,0.87585,0.87632,1.00,1.00
2015.10.16 09:59:46.274,0.87584,0.87632,1.00,1.00
2015.10.16 09:59:46.376,0.87587,0.87633,1.00,1.00
2015.10.16 09:59:46.656,0.87585,0.87632,1.00,1.00
2015.10.16 09:59:47.234,0.87585,0.87628,1.00,1.00
2015.10.16 09:59:47.284,0.87585,0.87632,1.00,1.00
2015.10.16 09:59:47.385,0.87582,0.87633,1.50,1.50
2015.10.16 09:59:47.444,0.87582,0.87631,1.00,1.00
2015.10.16 09:59:47.755,0.87583,0.87622,1.00,1.00
2015.10.16 09:59:47.856,0.87582,0.87628,1.00,1.60
2015.10.16 09:59:48.230,0.87583,0.87623,1.00,1.00
2015.10.16 09:59:48.892,0.87584,0.87623,1.00,1.00
2015.10.16 09:59:48.942,0.87584,0.87628,1.00,1.00
2015.10.16 09:59:48.993,0.87581,0.87628,1.00,1.00
2015.10.16 09:59:49.043,0.87581,0.87622,1.00,1.00
2015.10.16 09:59:49.443,0.87585,0.87622,1.00,1.00
2015.10.16 09:59:49.815,0.87585,0.87628,1.00,1.35
2015.10.16 09:59:50.156,0.87584,0.87623,1.00,1.00
2015.10.16 09:59:50.254,0.87582,0.87623,1.00,1.00
2015.10.16 09:59:50.825,0.87581,0.87628,1.00,1.60
2015.10.16 09:59:50.926,0.87579,0.87628,1.00,1.60
2015.10.16 09:59:51.127,0.87578,0.87623,1.00,1.00
2015.10.16 09:59:51.444,0.87584,0.87622,1.00,1.00
2015.10.16 09:59:52.099,0.87585,0.87622,1.00,1.00
2015.10.16 09:59:52.215,0.87588,0.87627,1.00,1.00
2015.10.16 09:59:52.265,0.8759,0.87627,1.00,1.00
2015.10.16 09:59:52.366,0.8759,0.87633,1.00,1.60
2015.10.16 09:59:53.205,0.87592,0.87632,1.00,1.60
2015.10.16 09:59:53.434,0.87592,0.87632,1.00,1.00
2015.10.16 09:59:53.543,0.87591,0.87628,1.00,1.00
2015.10.16 09:59:53.645,0.8759,0.87633,1.00,1.60
2015.10.16 09:59:55.265,0.87594,0.87632,1.00,1.35
2015.10.16 09:59:55.316,0.87594,0.87638,1.00,1.00
2015.10.16 09:59:55.366,0.87599,0.87638,1.00,1.00
2015.10.16 09:59:55.417,0.87599,0.87642,1.00,1.00
2015.10.16 09:59:55.956,0.87598,0.87642,1.50,1.00
2015.10.16 09:59:56.015,0.87598,0.87642,1.50,1.60
2015.10.16 09:59:56.394,0.87597,0.87638,1.00,1.00
2015.10.16 09:59:57.165,0.87594,0.87632,1.00,1.00
2015.10.16 09:59:58.121,0.87593,0.87632,1.50,1.00
