2016.09.01 08:00:00.116,0.95218,0.95249,1.00,1.00
2016.09.01 08:00:00.308,0.95215,0.95249,1.00,1.00
2016.09.01 08:00:00.518,0.95218,0.95251,1.00,1.12
2016.09.01 08:00:00.569,0.95218,0.95251,1.00,1.00
2016.09.01 08:00:00.619,0.95216,0.95251,1.00,1.00
2016.09.01 08:00:00.886,0.95218,0.95251,1.00,1.00
2016.09.01 08:00:01.236,0.95224,0.95252,1.00,1.00
2016.09.01 08:00:01.337,0.95222,0.95251,1.00,1.00
2016.09.01 08:00:01.438,0.95219,0.95252,1.00,1.00
2016.09.01 08:00:01.707,0.95218,0.95256,1.00,1.12
2016.09.01 08:00:01.758,0.95218,0.95256,1.00,1.00
2016.09.01 08:00:01.839,0.95218,0.95256,1.00,1.00
2016.09.01 08:00:02.095,0.95218,0.95256,1.00,1.00
2016.09.01 08:00:02.146,0.95218,0.95254,1.00,1.00
2016.09.01 08:00:03.054,0.95218,0.95252,1.00,1.00
2016.09.01 08:00:03.965,0.95217,0.95251,1.87,1.00
2016.09.01 08:00:04.015,0.95218,0.95251,1.00,1.00
2016.09.01 08:00:04.217,0.95217,0.95249,1.00,1.37
2016.09.01 08:00:04.267,0.95216,0.95247,1.12,1.12
2016.09.01 08:00:04.318,0.95216,0.95247,1.00,1.12
2016.09.01 08:00:04.375,0.95215,0.95247,1.87,1.00
2016.09.01 08:00:04.608,0.95215,0.95247,1.37,1.00
2016.09.01 08:00:04.658,0.95216,0.95248,1.12,1.00
2016.09.01 08:00:04.759,0.95218,0.95248,1.00,1.00
2016.09.01 08:00:04.810,0.95218,0.95248,1.00,1.37
2016.09.01 08:00:05.009,0.95218,0.95247,1.00,1.12
2016.09.01 08:00:05.098,0.95218,0.95247,1.00,1.37
2016.09.01 08:00:05.149,0.95217,0.95244,1.00,1.00
2016.09.01 08:00:06.131,0.95217,0.95246,1.00,1.00
2016.09.01 08:00:06.233,0.95217,0.95246,1.00,1.00
2016.09.01 08:00:06.363,0.95216,0.95247,1.50,1.12
2016.09.01 08:00:06.482,0.95216,0.95243,1.00,1.00
2016.09.01 08:00:06.533,0.95213,0.95242,1.00,1.00
2016.09.01 08:00:06.584,0.95213,0.95242,1.00,1.00
2016.09.01 08:00:06.638,0.95214,0.95243,1.00,1.12
2016.09.01 08:00:06.790,0.95214,0.95243,1.00,1.00
2016.09.01 08:00:07.026,0.95215,0.9524,1.00,1.00
2016.09.01 08:00:09.942,0.95214,0.9524,1.00,1.00
2016.09.01 08:00:10.472,0.95215,0.9524,1.00,1.00
2016.09.01 08:00:15.585,0.95216,0.9524,1.00,1.00
2016.09.01 08:00:16.462,0.95214,0.9524,1.00,1.00
2016.09.01 08:00:16.963,0.95214,0.95238,1.00,1.00
2016.09.01 08:00:17.370,0.95217,0.95241,1.00,1.00
2016.09.01 08:00:17.614,0.95218,0.95244,1.00,1.00
2016.09.01 08:00:18.321,0.95218,0.95244,1.37,1.00
2016.09.01 08:00:18.371,0.95216,0.95242,1.37,1.00
2016.09.01 08:00:18.422,0.95214,0.95242,1.37,1.00
2016.09.01 08:00:18.523,0.95214,0.95238,1.00,1.00
2016.09.01 08:00:18.574,0.95212,0.95236,1.37,1.00
2016.09.01 08:00:18.667,0.95212,0.95236,1.37,1.00
2016.09.01 08:00:18.717,0.95212,0.95236,1.00,1.00
2016.09.01 08:00:18.818,0.95212,0.95236,1.37,1.00
2016.09.01 08:00:19.010,0.9521,0.95234,1.37,1.00
2016.09.01 08:00:19.399,0.9521,0.95234,1.37,1.00
2016.09.01 08:00:20.570,0.95211,0.95235,1.37,1.00
2016.09.01 08:00:20.661,0.95211,0.95235,1.37,1.00
2016.09.01 08:00:20.902,0.95211,0.95235,1.37,1.00
2016.09.01 08:00:22.406,0.95212,0.95235,1.37,1.00
2016.09.01 08:00:23.474,0.95212,0.95236,1.37,1.00
2016.09.01 08:00:24.618,0.95212,0.95236,1.12,1.00
2016.09.01 08:00:24.719,0.95212,0.95236,1.37,1.00
2016.09.01 08:00:25.015,0.95212,0.95237,1.37,1.00
2016.09.01 08:00:25.632,0.95212,0.95238,1.37,1.00
2016.09.01 08:00:28.322,0.95212,0.95238,1.12,1.00
2016.09.01 08:00:28.719,0.95212,0.95238,1.37,1.00
2016.09.01 08:00:29.121,0.95212,0.95238,1.12,1.00
2016.09.01 08:00:29.321,0.95212,0.95238,1.12,1.00
2016.09.01 08:00:29.504,0.95211,0.95237,1.37,1.00
2016.09.01 08:00:29.658,0.95211,0.95237,1.12,1.00
2016.09.01 08:00:29.734,0.95211,0.95237,1.00,1.00
2016.09.01 08:00:29.936,0.95211,0.95235,1.00,1.00
2016.09.01 08:00:30.973,0.95211,0.95235,1.12,1.00
2016.09.01 08:00:31.798,0.95211,0.95237,1.12,1.00
2016.09.01 08:00:31.899,0.95208,0.95232,1.87,1.00
2016.09.01 08:00:31.950,0.95208,0.95232,1.37,1.00
2016.09.01 08:00:32.001,0.95214,0.95238,1.00,1.00
2016.09.01 08:00:32.051,0.95214,0.95238,1.37,1.00
2016.09.01 08:00:32.186,0.95213,0.95237,1.37,1.00
2016.09.01 08:00:32.237,0.95208,0.95234,1.87,1.00
2016.09.01 08:00:32.338,0.95209,0.95234,1.37,1.00
2016.09.01 08:00:32.389,0.95209,0.95234,1.37,1.00
2016.09.01 08:00:32.439,0.9521,0.95235,1.37,1.00
2016.09.01 08:00:33.603,0.9521,0.95237,1.37,1.00
2016.09.01 08:00:33.779,0.9521,0.95237,1.37,1.00
2016.09.01 08:00:34.104,0.95209,0.95235,1.37,1.00
2016.09.01 08:00:34.932,0.95213,0.95237,1.37,1.00
2016.09.01 08:00:35.134,0.95213,0.95239,1.37,1.00
2016.09.01 08:00:35.236,0.95215,0.95239,1.37,1.00
2016.09.01 08:00:35.338,0.95215,0.95239,1.37,1.00
2016.09.01 08:00:35.439,0.95213,0.95239,1.37,1.00
2016.09.01 08:00:36.404,0.95214,0.95238,1.37,1.00
2016.09.01 08:00:37.715,0.95212,0.95236,1.37,1.00
2016.09.01 08:00:37.816,0.95213,0.95238,1.37,1.00
2016.09.01 08:00:37.936,0.95213,0.95238,1.00,1.00
2016.09.01 08:00:38.051,0.95213,0.95236,1.12,1.00
2016.09.01 08:00:38.152,0.95207,0.95235,1.87,1.00
2016.09.01 08:00:38.253,0.95208,0.95236,1.37,1.00
2016.09.01 08:00:38.741,0.95208,0.95236,1.37,1.00
2016.09.01 08:00:38.842,0.95208,0.95234,1.37,1.00
2016.09.01 08:00:39.466,0.95208,0.95236,1.37,1.00
2016.09.01 08:00:40.520,0.95209,0.95235,1.37,1.00
2016.09.01 08:00:40.992,0.95209,0.95236,1.37,1.00
2016.09.01 08:00:41.434,0.95209,0.95235,1.37,1.00
2016.09.01 08:00:41.484,0.95209,0.95235,1.37,1.00
2016.09.01 08:00:41.667,0.95209,0.95235,1.37,1.00
2016.09.01 08:00:41.768,0.95209,0.95235,1.37,1.00
2016.09.01 08:00:41.822,0.95209,0.95237,1.37,1.00
2016.09.01 08:00:42.044,0.95207,0.95234,1.37,1.00
2016.09.01 08:00:42.094,0.95207,0.95234,1.37,1.00
2016.09.01 08:00:42.462,0.95208,0.95237,1.37,1.00
2016.09.01 08:00:42.663,0.95208,0.95237,1.37,1.00
2016.09.01 08:00:43.096,0.95208,0.95237,1.37,1.00
2016.09.01 08:00:43.656,0.95208,0.95234,1.37,1.00
2016.09.01 08:00:44.225,0.95209,0.95235,1.37,1.00
2016.09.01 08:00:44.449,0.95209,0.95237,1.37,1.00
2016.09.01 08:00:46.203,0.95209,0.95237,1.37,1.00
2016.09.01 08:00:46.645,0.95215,0.95241,1.00,1.50
2016.09.01 08:00:46.796,0.95215,0.95241,1.37,1.00
2016.09.01 08:00:47.150,0.95215,0.95245,1.37,1.50
2016.09.01 08:00:47.201,0.95215,0.95245,1.37,1.00
2016.09.01 08:00:47.637,0.95216,0.95242,1.37,1.00
2016.09.01 08:00:47.893,0.95216,0.95242,1.12,1.00
2016.09.01 08:00:47.954,0.95216,0.95242,1.00,1.00
2016.09.01 08:00:48.492,0.95215,0.95241,1.00,1.00
2016.09.01 08:00:48.803,0.95215,0.95241,1.12,1.00
2016.09.01 08:00:49.005,0.95215,0.95241,1.00,1.00
2016.09.01 08:00:49.942,0.95214,0.9524,1.12,1.00
2016.09.01 08:00:50.073,0.95214,0.9524,1.00,1.00
2016.09.01 08:00:50.377,0.95217,0.95242,1.00,1.00
2016.09.01 08:00:50.919,0.95216,0.9524,1.00,1.00
2016.09.01 08:00:51.867,0.95213,0.95242,1.50,1.00
2016.09.01 08:00:51.968,0.95213,0.95239,1.00,1.00
2016.09.01 08:00:52.171,0.95211,0.95239,1.12,1.00
2016.09.01 08:00:52.221,0.95211,0.95239,1.12,1.00
2016.09.01 08:00:52.272,0.95211,0.95239,1.37,1.00
2016.09.01 08:00:52.322,0.95211,0.95239,1.37,1.00
2016.09.01 08:00:52.373,0.95211,0.95239,1.00,1.00
2016.09.01 08:00:52.674,0.95211,0.95239,1.00,1.00
2016.09.01 08:00:52.763,0.95211,0.95239,1.37,1.00
2016.09.01 08:00:52.894,0.95212,0.95242,1.37,1.00
2016.09.01 08:00:52.995,0.95211,0.95241,1.00,1.00
2016.09.01 08:00:53.097,0.95211,0.95241,1.12,1.00
2016.09.01 08:00:53.276,0.95211,0.95241,1.00,1.00
2016.09.01 08:00:54.347,0.95212,0.95241,1.00,1.00
2016.09.01 08:00:54.561,0.95211,0.95241,1.00,1.00
2016.09.01 08:00:54.955,0.95213,0.95239,1.00,1.00
2016.09.01 08:00:55.349,0.95213,0.95239,1.50,1.00
2016.09.01 08:00:55.568,0.95213,0.9524,1.00,1.00
2016.09.01 08:00:55.885,0.95216,0.95243,1.00,1.00
2016.09.01 08:00:55.986,0.95218,0.95245,1.00,1.00
2016.09.01 08:00:56.087,0.95219,0.95243,1.00,1.00
2016.09.01 08:00:56.188,0.95217,0.95242,1.00,1.00
2016.09.01 08:00:56.296,0.95213,0.95241,1.50,1.00
2016.09.01 08:00:56.425,0.95212,0.95237,1.00,1.60
2016.09.01 08:00:56.477,0.95209,0.95237,1.00,1.60
2016.09.01 08:00:56.652,0.95209,0.95237,1.00,1.60
2016.09.01 08:00:56.854,0.95209,0.95237,1.00,1.00
2016.09.01 08:00:56.904,0.95209,0.95235,1.00,1.00
2016.09.01 08:00:57.072,0.95209,0.95237,1.00,1.00
2016.09.01 08:00:57.654,0.95209,0.95237,1.00,1.00
2016.09.01 08:00:57.890,0.95209,0.95237,1.00,1.00
2016.09.01 08:00:57.960,0.95214,0.95239,1.00,1.60
2016.09.01 08:00:58.294,0.95214,0.95241,1.00,1.60
2016.09.01 08:00:58.344,0.95214,0.95241,1.00,1.00
2016.09.01 08:00:58.395,0.95214,0.95241,1.00,1.00
2016.09.01 08:01:00.164,0.95213,0.95239,1.00,1.00
2016.09.01 08:01:00.458,0.95213,0.95239,1.00,1.00
2016.09.01 08:01:00.559,0.95213,0.95239,1.50,1.00
2016.09.01 08:01:00.610,0.95215,0.9524,1.00,1.00
2016.09.01 08:01:00.711,0.95215,0.9524,1.12,1.00
2016.09.01 08:01:00.812,0.95215,0.9524,1.00,1.00
2016.09.01 08:01:01.376,0.95217,0.95244,1.00,1.00
2016.09.01 08:01:01.579,0.95218,0.95246,1.00,1.00
2016.09.01 08:01:01.680,0.95218,0.95246,1.00,1.00
2016.09.01 08:01:01.781,0.95218,0.95246,1.00,1.00
2016.09.01 08:01:02.030,0.95218,0.95246,1.00,1.00
2016.09.01 08:01:02.361,0.95218,0.95246,1.50,1.00
2016.09.01 08:01:03.172,0.9522,0.95244,1.00,1.00
2016.09.01 08:01:03.679,0.9522,0.95246,1.00,1.00
2016.09.01 08:01:07.189,0.95217,0.95243,1.50,1.00
2016.09.01 08:01:07.290,0.95217,0.95241,1.50,1.00
2016.09.01 08:01:07.341,0.95217,0.95241,1.00,1.00
2016.09.01 08:01:08.681,0.95218,0.95242,1.00,1.00
2016.09.01 08:01:09.986,0.95217,0.95241,1.00,1.00
2016.09.01 08:01:10.909,0.95216,0.9524,1.00,1.00
2016.09.01 08:01:11.942,0.95216,0.9524,1.12,1.00
2016.09.01 08:01:12.493,0.95215,0.95239,1.37,1.00
2016.09.01 08:01:12.705,0.95215,0.95241,1.37,1.00
2016.09.01 08:01:12.756,0.95215,0.95241,1.37,1.00
2016.09.01 08:01:12.806,0.9522,0.95244,1.00,1.00
2016.09.01 08:01:12.907,0.9522,0.95244,1.12,1.00
2016.09.01 08:01:13.110,0.95214,0.9524,1.37,1.00
2016.09.01 08:01:13.211,0.95214,0.9524,1.00,1.00
2016.09.01 08:01:13.312,0.95214,0.95238,1.00,1.00
2016.09.01 08:01:13.704,0.95214,0.95238,1.12,1.00
2016.09.01 08:01:13.797,0.95216,0.95242,1.00,1.00
2016.09.01 08:01:13.949,0.95216,0.95242,1.12,1.00
2016.09.01 08:01:14.028,0.95216,0.95242,1.37,1.00
2016.09.01 08:01:15.808,0.95218,0.95242,1.00,1.00
2016.09.01 08:01:15.907,0.95216,0.95242,1.37,1.00
2016.09.01 08:01:16.109,0.95216,0.95242,1.12,1.00
2016.09.01 08:01:16.311,0.95216,0.95242,1.37,1.00
2016.09.01 08:01:17.962,0.95217,0.95243,1.37,1.00
2016.09.01 08:01:18.739,0.95219,0.95242,1.37,1.00
2016.09.01 08:01:18.840,0.95218,0.95244,1.87,1.00
2016.09.01 08:01:20.841,0.95218,0.95241,1.37,1.00
2016.09.01 08:01:20.942,0.95218,0.95241,1.12,1.00
2016.09.01 08:01:21.021,0.95218,0.95241,1.37,1.00
2016.09.01 08:01:21.173,0.95215,0.95241,1.37,1.00
2016.09.01 08:01:21.819,0.95214,0.9524,1.37,1.00
2016.09.01 08:01:22.036,0.95214,0.9524,1.37,1.00
2016.09.01 08:01:22.434,0.95214,0.9524,1.37,1.00
2016.09.01 08:01:22.634,0.95214,0.9524,1.37,1.00
2016.09.01 08:01:22.734,0.95214,0.9524,1.37,1.00
2016.09.01 08:01:22.959,0.95214,0.9524,1.37,1.00
2016.09.01 08:01:23.130,0.95213,0.95239,1.87,1.00
2016.09.01 08:01:23.435,0.95213,0.95239,1.37,1.00
2016.09.01 08:01:24.137,0.95213,0.95239,1.87,1.00
2016.09.01 08:01:25.375,0.95214,0.9524,1.37,1.00
2016.09.01 08:01:26.703,0.95214,0.9524,1.37,1.00
2016.09.01 08:01:26.765,0.95214,0.9524,1.37,1.00
2016.09.01 08:01:26.982,0.95214,0.9524,1.37,1.00
2016.09.01 08:01:27.380,0.95215,0.95239,1.37,1.00
2016.09.01 08:01:27.932,0.95215,0.95241,1.37,1.00
2016.09.01 08:01:28.967,0.95215,0.95241,1.00,1.00
2016.09.01 08:01:29.579,0.95214,0.9524,1.37,1.00
2016.09.01 08:01:29.680,0.95213,0.95237,1.37,1.00
2016.09.01 08:01:30.244,0.95212,0.95236,1.37,1.00
2016.09.01 08:01:31.866,0.95213,0.95236,1.37,1.00
2016.09.01 08:01:32.511,0.95212,0.95236,1.37,1.00
2016.09.01 08:01:33.139,0.95212,0.95236,1.00,1.00
2016.09.01 08:01:33.190,0.95212,0.95236,1.00,1.00
2016.09.01 08:01:33.504,0.95214,0.95237,1.00,1.00
2016.09.01 08:01:33.884,0.95215,0.95239,1.00,1.00
2016.09.01 08:01:34.086,0.95216,0.95242,1.00,1.00
2016.09.01 08:01:34.960,0.95219,0.95242,1.00,1.00
2016.09.01 08:01:37.659,0.95219,0.95242,1.00,1.00
2016.09.01 08:01:37.709,0.95219,0.95242,1.00,1.00
2016.09.01 08:01:38.755,0.95219,0.95242,1.00,1.00
2016.09.01 08:01:39.056,0.95219,0.95242,1.00,1.00
2016.09.01 08:01:40.108,0.95218,0.95242,1.00,1.00
2016.09.01 08:01:47.085,0.9522,0.95244,1.00,1.00
2016.09.01 08:01:55.229,0.95218,0.95242,1.00,1.00
2016.09.01 08:01:55.330,0.95218,0.95242,1.00,1.60
2016.09.01 08:01:55.431,0.95215,0.95238,1.00,1.00
2016.09.01 08:01:55.483,0.95214,0.95238,1.37,1.00
2016.09.01 08:01:55.997,0.95213,0.95237,1.37,1.00
2016.09.01 08:01:57.436,0.95213,0.95237,1.37,1.00
2016.09.01 08:01:57.981,0.95214,0.95238,1.37,1.00
2016.09.01 08:01:58.032,0.95212,0.95238,1.37,1.00
2016.09.01 08:01:59.435,0.95214,0.95238,1.37,1.00
2016.09.01 08:02:00.537,0.95213,0.95236,1.37,1.00
2016.09.01 08:02:00.855,0.95212,0.95238,1.37,1.00
2016.09.01 08:02:00.957,0.95214,0.95238,1.37,1.00
2016.09.01 08:02:01.058,0.95214,0.95238,1.37,1.00
2016.09.01 08:02:02.254,0.95214,0.95238,1.37,1.00
2016.09.01 08:02:05.246,0.95212,0.95238,1.87,1.00
2016.09.01 08:02:05.445,0.95212,0.95238,1.37,1.00
2016.09.01 08:02:05.496,0.95212,0.95238,1.37,1.00
2016.09.01 08:02:05.761,0.95212,0.95238,1.37,1.00
2016.09.01 08:02:05.920,0.95212,0.95238,1.87,1.00
2016.09.01 08:02:06.161,0.95212,0.95238,1.87,1.00
2016.09.01 08:02:06.263,0.95214,0.9524,1.37,1.00
2016.09.01 08:02:06.364,0.95214,0.9524,1.37,1.00
2016.09.01 08:02:06.863,0.95216,0.9524,1.37,1.00
2016.09.01 08:02:06.965,0.95213,0.95236,1.37,1.00
2016.09.01 08:02:07.167,0.95212,0.95236,1.37,1.00
2016.09.01 08:02:07.449,0.95212,0.95236,1.87,1.00
2016.09.01 08:02:07.500,0.95212,0.95234,1.37,1.00
2016.09.01 08:02:07.761,0.9521,0.95234,1.37,1.00
2016.09.01 08:02:08.064,0.95214,0.95238,1.37,1.00
2016.09.01 08:02:08.115,0.95214,0.95238,1.00,1.00
2016.09.01 08:02:08.216,0.95214,0.95238,1.37,1.00
2016.09.01 08:02:08.523,0.95216,0.9524,1.37,1.00
2016.09.01 08:02:08.574,0.95217,0.9524,1.37,1.00
2016.09.01 08:02:09.081,0.95218,0.9524,1.37,1.00
2016.09.01 08:02:09.396,0.95218,0.9524,1.37,1.00
2016.09.01 08:02:09.653,0.95216,0.9524,1.37,1.00
2016.09.01 08:02:09.704,0.95221,0.95245,1.00,1.00
2016.09.01 08:02:09.805,0.95224,0.95248,1.00,1.00
2016.09.01 08:02:09.906,0.95226,0.9525,1.00,1.00
2016.09.01 08:02:10.162,0.95223,0.9525,1.12,1.00
2016.09.01 08:02:10.212,0.95222,0.95247,1.00,1.00
2016.09.01 08:02:10.428,0.95223,0.95247,1.00,1.00
2016.09.01 08:02:10.529,0.9522,0.95246,1.00,1.00
2016.09.01 08:02:10.902,0.95222,0.95247,1.00,1.00
2016.09.01 08:02:10.953,0.95222,0.95247,1.50,1.00
2016.09.01 08:02:11.003,0.95227,0.95254,1.00,1.12
2016.09.01 08:02:11.054,0.95227,0.95254,1.00,1.00
2016.09.01 08:02:11.104,0.95223,0.95249,1.00,1.00
2016.09.01 08:02:11.425,0.95222,0.95256,1.00,1.12
2016.09.01 08:02:12.072,0.95223,0.95256,1.00,1.12
2016.09.01 08:02:12.122,0.95223,0.95256,1.50,1.12
2016.09.01 08:02:12.223,0.95225,0.95254,1.00,1.00
2016.09.01 08:02:12.324,0.95226,0.95255,1.00,1.00
2016.09.01 08:02:12.613,0.95223,0.95254,1.50,1.00
2016.09.01 08:02:12.916,0.95223,0.95254,2.25,1.00
2016.09.01 08:02:12.967,0.95223,0.95254,1.50,1.00
2016.09.01 08:02:13.018,0.95224,0.95255,1.00,1.12
2016.09.01 08:02:13.510,0.95224,0.95255,1.00,1.00
2016.09.01 08:02:13.610,0.95224,0.95255,1.00,1.12
2016.09.01 08:02:13.710,0.95224,0.95255,1.00,1.00
2016.09.01 08:02:14.312,0.95226,0.95255,1.00,1.00
2016.09.01 08:02:14.363,0.95226,0.95255,1.00,1.00
2016.09.01 08:02:14.413,0.95227,0.95253,1.00,1.00
2016.09.01 08:02:15.013,0.95226,0.95251,1.50,1.00
2016.09.01 08:02:15.117,0.95226,0.95251,1.00,1.00
2016.09.01 08:02:15.217,0.95224,0.95251,1.00,1.00
2016.09.01 08:02:15.270,0.95224,0.95251,1.00,1.00
2016.09.01 08:02:15.736,0.95224,0.95251,1.00,1.00
2016.09.01 08:02:15.837,0.95226,0.95251,1.00,1.00
2016.09.01 08:02:18.008,0.95227,0.95252,1.00,1.00
2016.09.01 08:02:18.210,0.95225,0.95253,1.00,1.00
2016.09.01 08:02:18.395,0.95226,0.95254,1.00,1.12
2016.09.01 08:02:18.446,0.95226,0.95254,1.00,1.00
2016.09.01 08:02:18.497,0.95227,0.95252,1.00,1.00
2016.09.01 08:02:20.447,0.95222,0.95249,1.00,1.00
2016.09.01 08:02:20.498,0.95222,0.95249,1.00,1.00
2016.09.01 08:02:20.548,0.95219,0.95246,1.00,1.00
2016.09.01 08:02:20.700,0.9522,0.95246,1.00,1.00
2016.09.01 08:02:21.214,0.95222,0.95247,1.00,1.00
2016.09.01 08:02:21.315,0.95222,0.95249,1.00,1.00
2016.09.01 08:02:21.416,0.95219,0.95246,1.00,1.00
2016.09.01 08:02:21.517,0.95218,0.9525,1.50,1.00
2016.09.01 08:02:22.000,0.95218,0.9525,1.50,1.00
2016.09.01 08:02:22.119,0.9522,0.95247,1.00,1.00
2016.09.01 08:02:22.541,0.9522,0.95247,1.00,1.00
2016.09.01 08:02:23.454,0.9522,0.95245,1.00,1.00
2016.09.01 08:02:23.504,0.95219,0.95244,1.00,1.00
2016.09.01 08:02:23.555,0.95219,0.95244,1.50,1.00
2016.09.01 08:02:23.605,0.95219,0.95242,1.00,1.00
2016.09.01 08:02:23.656,0.95217,0.95242,1.00,1.00
2016.09.01 08:02:23.805,0.95215,0.95242,1.00,1.00
2016.09.01 08:02:23.855,0.95213,0.95238,1.00,1.00
2016.09.01 08:02:23.906,0.95213,0.95238,1.00,1.00
2016.09.01 08:02:23.957,0.95211,0.95238,1.00,1.00
2016.09.01 08:02:24.108,0.95214,0.9524,1.00,1.00
2016.09.01 08:02:24.557,0.95214,0.9524,1.00,1.00
2016.09.01 08:02:25.308,0.95215,0.95241,1.00,1.00
2016.09.01 08:02:25.851,0.95215,0.95242,1.00,1.00
2016.09.01 08:02:26.155,0.95217,0.95242,1.00,1.00
2016.09.01 08:02:27.354,0.95217,0.95242,1.50,1.00
2016.09.01 08:02:29.261,0.95213,0.9524,1.00,1.00
2016.09.01 08:02:29.731,0.95212,0.95238,1.00,1.00
2016.09.01 08:02:30.253,0.95215,0.95241,1.00,1.00
2016.09.01 08:02:30.563,0.95217,0.95242,1.00,1.00
2016.09.01 08:02:32.029,0.95215,0.9524,1.00,1.00
2016.09.01 08:02:32.231,0.95216,0.95243,1.00,1.00
2016.09.01 08:02:33.650,0.95216,0.95241,1.00,1.00
2016.09.01 08:02:34.003,0.95212,0.95237,1.00,1.00
2016.09.01 08:02:34.162,0.95213,0.95237,1.00,1.00
2016.09.01 08:02:35.927,0.95213,0.9524,1.00,1.00
2016.09.01 08:02:36.615,0.95212,0.9524,1.00,1.00
2016.09.01 08:02:36.729,0.9521,0.95236,1.00,1.00
2016.09.01 08:02:36.779,0.9521,0.95236,1.00,1.00
2016.09.01 08:02:36.830,0.95212,0.95238,1.00,1.00
2016.09.01 08:02:36.931,0.95212,0.95237,1.50,1.00
2016.09.01 08:02:37.130,0.95212,0.95234,1.00,1.00
2016.09.01 08:02:37.447,0.9521,0.95235,1.00,1.00
2016.09.01 08:02:37.548,0.95208,0.95233,1.50,1.00
2016.09.01 08:02:38.318,0.95213,0.95233,1.00,1.00
2016.09.01 08:02:38.368,0.95213,0.95235,1.00,1.00
2016.09.01 08:02:38.419,0.9521,0.95235,1.00,1.00
2016.09.01 08:02:38.469,0.95208,0.95235,1.00,1.00
2016.09.01 08:02:38.842,0.95207,0.95233,1.00,1.00
2016.09.01 08:02:38.892,0.95206,0.95233,1.00,1.00
2016.09.01 08:02:38.943,0.95206,0.95231,1.00,1.00
2016.09.01 08:02:39.470,0.95203,0.95229,1.50,1.00
2016.09.01 08:02:39.571,0.95203,0.9523,1.00,1.00
2016.09.01 08:02:39.674,0.95205,0.95232,1.00,1.00
2016.09.01 08:02:39.939,0.95204,0.95229,1.50,1.00
2016.09.01 08:02:39.989,0.95204,0.95229,1.00,1.00
2016.09.01 08:02:40.041,0.95204,0.95229,1.00,1.00
2016.09.01 08:02:41.802,0.952,0.9523,1.00,1.00
2016.09.01 08:02:41.852,0.952,0.95223,1.00,1.00
2016.09.01 08:02:41.903,0.95198,0.95223,1.00,1.00
2016.09.01 08:02:42.005,0.95198,0.95225,1.00,1.00
2016.09.01 08:02:42.055,0.95198,0.95223,1.50,1.00
2016.09.01 08:02:42.773,0.95199,0.95227,1.00,1.00
2016.09.01 08:02:42.876,0.95201,0.95228,1.00,1.00
2016.09.01 08:02:43.348,0.95201,0.95226,1.00,1.00
2016.09.01 08:02:49.685,0.95204,0.9523,1.00,1.00
2016.09.01 08:02:49.851,0.95206,0.95231,1.00,1.00
2016.09.01 08:02:50.159,0.95204,0.95229,1.00,1.00
2016.09.01 08:02:50.210,0.95204,0.95229,1.00,1.00
2016.09.01 08:02:51.088,0.95201,0.95228,1.00,1.00
2016.09.01 08:02:51.406,0.95202,0.95229,1.00,1.12
2016.09.01 08:02:51.456,0.95202,0.95223,1.00,1.00
2016.09.01 08:02:51.508,0.95198,0.95223,1.00,1.00
2016.09.01 08:02:51.609,0.95196,0.95222,1.00,1.00
2016.09.01 08:02:51.660,0.95194,0.95229,1.00,1.12
2016.09.01 08:02:51.710,0.95194,0.95229,1.37,1.12
2016.09.01 08:02:51.812,0.95194,0.95229,1.37,1.00
2016.09.01 08:02:51.916,0.95196,0.95231,1.00,1.12
2016.09.01 08:02:51.967,0.95196,0.95231,1.00,1.12
2016.09.01 08:02:52.018,0.95196,0.95231,1.00,1.37
2016.09.01 08:02:52.367,0.95196,0.95231,1.00,1.37
2016.09.01 08:02:52.468,0.95196,0.95231,1.00,1.37
2016.09.01 08:02:52.718,0.95197,0.95231,1.00,1.37
2016.09.01 08:02:53.101,0.95197,0.95224,1.50,1.00
2016.09.01 08:02:53.268,0.95198,0.95225,1.00,1.00
2016.09.01 08:02:55.772,0.952,0.95225,1.00,1.00
2016.09.01 08:02:56.195,0.95204,0.95231,1.00,1.00
2016.09.01 08:02:56.273,0.95204,0.95232,1.00,1.87
2016.09.01 08:02:56.324,0.95204,0.95232,1.00,1.00
2016.09.01 08:02:56.975,0.95204,0.95231,1.00,1.00
2016.09.01 08:02:57.278,0.95204,0.95229,1.00,1.00
2016.09.01 08:02:57.591,0.95202,0.95229,1.50,1.00
2016.09.01 08:02:58.076,0.95202,0.95227,1.00,1.00
2016.09.01 08:02:58.177,0.95201,0.95225,1.00,1.00
2016.09.01 08:02:58.434,0.95199,0.95224,1.00,1.00
2016.09.01 08:02:58.485,0.95201,0.95226,1.00,1.00
2016.09.01 08:02:58.694,0.95198,0.95225,1.50,1.00
2016.09.01 08:02:58.878,0.95198,0.95222,1.00,1.00
2016.09.01 08:02:59.047,0.95196,0.95222,1.00,1.00
2016.09.01 08:02:59.299,0.95195,0.95222,1.00,1.00
2016.09.01 08:02:59.400,0.95195,0.9522,1.00,1.00
2016.09.01 08:03:00.414,0.95196,0.95221,1.00,1.00
2016.09.01 08:03:00.506,0.95196,0.95223,1.00,1.00
2016.09.01 08:03:00.914,0.95195,0.95222,1.00,1.00
2016.09.01 08:03:01.016,0.95194,0.95221,1.50,1.00
2016.09.01 08:03:01.082,0.95194,0.95219,1.50,1.00
2016.09.01 08:03:01.385,0.95195,0.95221,1.00,1.00
2016.09.01 08:03:03.586,0.95194,0.95219,1.00,1.00
2016.09.01 08:03:03.637,0.95194,0.95219,1.50,1.00
2016.09.01 08:03:04.184,0.95194,0.95219,1.50,1.60
2016.09.01 08:03:04.235,0.95189,0.95214,1.50,1.00
2016.09.01 08:03:04.337,0.95185,0.9521,1.00,1.60
2016.09.01 08:03:04.438,0.95183,0.95211,1.50,1.00
2016.09.01 08:03:04.488,0.95185,0.95212,1.00,1.35
2016.09.01 08:03:04.655,0.95188,0.95212,1.00,1.00
2016.09.01 08:03:04.706,0.95191,0.95217,1.00,1.00
2016.09.01 08:03:04.807,0.95191,0.95217,1.00,1.00
2016.09.01 08:03:04.924,0.95192,0.95219,1.00,1.00
2016.09.01 08:03:05.039,0.95192,0.95218,1.00,1.00
2016.09.01 08:03:05.140,0.95192,0.95218,1.00,1.00
2016.09.01 08:03:05.194,0.95192,0.95218,1.00,1.00
2016.09.01 08:03:05.244,0.95192,0.95218,1.50,1.00
2016.09.01 08:03:05.930,0.95193,0.9522,1.00,1.00
2016.09.01 08:03:05.981,0.95193,0.9522,1.00,1.00
2016.09.01 08:03:06.032,0.95193,0.9522,1.50,1.00
2016.09.01 08:03:06.133,0.95193,0.95218,1.50,1.00
2016.09.01 08:03:06.195,0.95193,0.95218,1.50,1.00
2016.09.01 08:03:09.212,0.95193,0.95218,1.00,1.00
2016.09.01 08:03:10.296,0.95194,0.95217,1.00,1.00
2016.09.01 08:03:10.797,0.95193,0.95219,1.00,1.00
2016.09.01 08:03:11.107,0.95195,0.95219,1.00,1.00
2016.09.01 08:03:11.309,0.95192,0.95216,2.25,1.00
2016.09.01 08:03:11.359,0.95192,0.95216,1.50,1.00
2016.09.01 08:03:11.510,0.95193,0.95217,1.00,1.00
2016.09.01 08:03:11.920,0.95192,0.95217,1.50,1.00
2016.09.01 08:03:12.300,0.95192,0.95217,1.00,1.00
2016.09.01 08:03:12.401,0.95196,0.95223,1.00,1.37
2016.09.01 08:03:12.452,0.95196,0.95223,1.00,1.12
2016.09.01 08:03:12.502,0.95199,0.95224,1.00,1.37
2016.09.01 08:03:12.628,0.95201,0.95229,1.00,1.12
2016.09.01 08:03:12.830,0.95202,0.95229,1.00,1.00
2016.09.01 08:03:13.334,0.95203,0.95228,1.00,1.00
2016.09.01 08:03:13.435,0.95204,0.9523,1.00,1.12
2016.09.01 08:03:14.034,0.95204,0.9523,1.00,1.00
2016.09.01 08:03:14.321,0.95204,0.9523,1.00,1.37
2016.09.01 08:03:14.523,0.95203,0.9523,1.50,1.12
2016.09.01 08:03:14.874,0.95203,0.9523,1.00,1.12
2016.09.01 08:03:15.505,0.95203,0.95232,1.50,1.37
2016.09.01 08:03:15.606,0.95203,0.95231,1.00,1.37
2016.09.01 08:03:16.515,0.95203,0.95231,1.00,1.37
2016.09.01 08:03:16.607,0.95203,0.95231,1.50,1.37
2016.09.01 08:03:17.208,0.95203,0.95229,1.50,1.00
2016.09.01 08:03:17.259,0.95203,0.95229,1.50,1.12
2016.09.01 08:03:17.309,0.95203,0.9523,1.00,1.37
2016.09.01 08:03:17.360,0.95203,0.9523,1.00,1.00
2016.09.01 08:03:17.410,0.95204,0.9523,1.00,1.00
2016.09.01 08:03:17.609,0.95202,0.9523,2.25,1.00
2016.09.01 08:03:18.117,0.95202,0.9523,2.25,1.00
2016.09.01 08:03:18.168,0.95202,0.9523,1.50,1.00
2016.09.01 08:03:18.410,0.95204,0.95229,1.00,1.00
2016.09.01 08:03:19.221,0.95204,0.9523,1.00,1.00
2016.09.01 08:03:19.423,0.95203,0.95229,1.00,1.00
2016.09.01 08:03:19.765,0.95202,0.95229,1.50,1.00
2016.09.01 08:03:19.919,0.95203,0.9523,1.00,1.00
2016.09.01 08:03:21.173,0.95204,0.95231,1.00,1.00
2016.09.01 08:03:21.224,0.95203,0.9523,1.00,1.00
2016.09.01 08:03:21.420,0.95203,0.9523,1.50,1.00
2016.09.01 08:03:21.532,0.95203,0.9523,1.50,1.37
2016.09.01 08:03:21.748,0.95203,0.9523,1.50,1.12
2016.09.01 08:03:21.824,0.95203,0.95229,1.00,1.00
2016.09.01 08:03:22.075,0.95203,0.9523,1.00,1.12
2016.09.01 08:03:22.209,0.95203,0.9523,1.00,1.00
2016.09.01 08:03:22.265,0.95203,0.9523,1.00,1.37
2016.09.01 08:03:23.831,0.95203,0.95228,1.50,1.12
2016.09.01 08:03:24.058,0.95203,0.95228,1.50,1.00
2016.09.01 08:03:24.257,0.95203,0.95228,1.00,1.12
2016.09.01 08:03:24.334,0.95203,0.95229,1.50,1.37
2016.09.01 08:03:24.436,0.95203,0.95228,1.00,1.12
2016.09.01 08:03:24.524,0.95202,0.95228,1.50,1.12
2016.09.01 08:03:25.456,0.95202,0.95228,1.50,1.37
2016.09.01 08:03:25.507,0.95202,0.95228,1.00,1.37
2016.09.01 08:03:25.558,0.95203,0.95228,1.00,1.12
2016.09.01 08:03:25.640,0.95204,0.9523,1.00,1.37
2016.09.01 08:03:25.741,0.95203,0.95228,1.00,1.12
2016.09.01 08:03:25.886,0.95204,0.95229,1.00,1.00
2016.09.01 08:03:26.237,0.95203,0.95228,1.50,1.00
2016.09.01 08:03:26.445,0.95204,0.9523,1.00,1.00
2016.09.01 08:03:26.588,0.95202,0.9523,1.00,1.12
2016.09.01 08:03:26.639,0.95202,0.9523,1.00,1.12
2016.09.01 08:03:26.938,0.95202,0.9523,1.00,1.12
2016.09.01 08:03:27.042,0.95202,0.9523,1.00,1.00
2016.09.01 08:03:27.243,0.95202,0.9523,1.00,1.12
2016.09.01 08:03:27.294,0.95204,0.9523,1.00,1.12
2016.09.01 08:03:27.492,0.95202,0.95229,1.00,1.00
2016.09.01 08:03:27.593,0.95202,0.95229,1.00,1.37
2016.09.01 08:03:28.291,0.95203,0.9523,1.00,1.37
2016.09.01 08:03:28.370,0.95203,0.9523,1.00,1.37
2016.09.01 08:03:28.892,0.95202,0.95229,1.00,1.37
2016.09.01 08:03:29.330,0.95203,0.95229,1.00,1.37
2016.09.01 08:03:29.380,0.95206,0.95231,1.00,1.37
2016.09.01 08:03:29.481,0.95204,0.9523,1.00,1.12
2016.09.01 08:03:29.532,0.95208,0.9523,1.00,1.12
2016.09.01 08:03:29.582,0.95208,0.95235,1.00,1.37
2016.09.01 08:03:29.633,0.95206,0.95235,1.00,1.37
2016.09.01 08:03:29.683,0.95203,0.95238,1.00,1.37
2016.09.01 08:03:29.770,0.95202,0.95235,1.00,1.37
2016.09.01 08:03:29.892,0.95202,0.95235,1.12,1.37
2016.09.01 08:03:29.948,0.95202,0.95236,1.00,1.37
2016.09.01 08:03:30.049,0.95202,0.95235,1.00,1.37
2016.09.01 08:03:30.182,0.95203,0.95235,1.00,1.37
2016.09.01 08:03:30.283,0.95202,0.95239,1.50,1.87
2016.09.01 08:03:30.434,0.95203,0.95234,1.00,1.30
2016.09.01 08:03:30.484,0.95203,0.95234,1.00,1.30
2016.09.01 08:03:30.950,0.95203,0.95234,1.50,1.30
2016.09.01 08:03:31.451,0.95203,0.95238,1.50,1.97
2016.09.01 08:03:31.952,0.95203,0.95238,1.87,1.97
2016.09.01 08:03:32.023,0.95203,0.95238,1.87,1.37
2016.09.01 08:03:32.074,0.95203,0.95238,1.12,1.37
2016.09.01 08:03:32.175,0.95208,0.95233,1.00,1.00
2016.09.01 08:03:33.201,0.95207,0.95232,1.00,1.00
2016.09.01 08:03:33.252,0.95207,0.95232,1.00,1.00
2016.09.01 08:03:33.503,0.95203,0.95232,1.50,1.00
2016.09.01 08:03:33.604,0.95203,0.95232,1.50,1.12
2016.09.01 08:03:33.654,0.95203,0.95232,1.50,1.12
2016.09.01 08:03:34.084,0.95203,0.95232,1.50,1.00
2016.09.01 08:03:38.667,0.95203,0.95232,1.50,1.00
2016.09.01 08:03:39.197,0.95204,0.9523,1.00,1.00
2016.09.01 08:03:39.578,0.95204,0.95231,1.00,1.00
2016.09.01 08:03:39.780,0.95204,0.95231,1.00,1.00
2016.09.01 08:03:39.831,0.95203,0.95231,2.25,1.00
2016.09.01 08:03:39.881,0.95203,0.95231,1.50,1.00
2016.09.01 08:03:40.154,0.95203,0.95231,2.25,1.00
2016.09.01 08:03:40.517,0.95203,0.95231,2.25,1.00
2016.09.01 08:03:40.690,0.95203,0.95231,1.50,1.00
2016.09.01 08:03:40.804,0.95204,0.95229,1.00,1.00
2016.09.01 08:03:40.855,0.95204,0.95229,1.00,1.00
2016.09.01 08:03:41.017,0.95204,0.95231,1.00,1.00
2016.09.01 08:03:41.525,0.95206,0.95232,1.00,1.00
2016.09.01 08:03:42.047,0.95203,0.95232,2.25,1.00
2016.09.01 08:03:42.148,0.95205,0.9523,1.00,1.00
2016.09.01 08:03:43.715,0.95205,0.95231,1.00,1.00
2016.09.01 08:03:43.816,0.95206,0.95234,1.00,1.00
2016.09.01 08:03:43.917,0.95206,0.95234,1.00,1.12
2016.09.01 08:03:44.041,0.95206,0.95232,1.00,1.00
2016.09.01 08:03:45.413,0.95206,0.95233,1.00,1.00
2016.09.01 08:03:46.864,0.95205,0.95231,1.00,1.00
2016.09.01 08:03:46.914,0.95205,0.95231,1.00,1.00
2016.09.01 08:03:47.015,0.95205,0.95231,1.00,1.00
2016.09.01 08:03:47.553,0.95206,0.95231,1.00,1.00
2016.09.01 08:03:47.832,0.95204,0.95232,1.50,1.00
2016.09.01 08:03:47.883,0.95204,0.95232,1.00,1.00
2016.09.01 08:03:48.526,0.95205,0.9523,1.00,1.00
2016.09.01 08:03:49.431,0.95206,0.95231,1.00,1.00
2016.09.01 08:03:49.532,0.95207,0.95233,1.00,1.00
2016.09.01 08:03:49.987,0.95208,0.95233,1.00,1.12
2016.09.01 08:03:50.090,0.95208,0.95233,1.00,1.00
2016.09.01 08:03:50.141,0.95205,0.95233,1.00,1.00
2016.09.01 08:03:50.688,0.95206,0.95232,1.00,1.00
2016.09.01 08:03:52.959,0.95203,0.95229,1.12,1.00
2016.09.01 08:03:53.010,0.95202,0.95229,1.00,1.00
2016.09.01 08:03:53.111,0.95202,0.95229,1.00,1.00
2016.09.01 08:03:53.161,0.95201,0.95226,1.00,1.00
2016.09.01 08:03:53.262,0.95199,0.95226,1.37,1.00
2016.09.01 08:03:53.403,0.95199,0.95226,1.37,1.00
2016.09.01 08:03:53.462,0.95199,0.95226,1.37,1.00
2016.09.01 08:03:53.616,0.95198,0.95226,2.62,1.00
2016.09.01 08:03:53.750,0.952,0.95226,1.00,1.00
2016.09.01 08:03:54.054,0.95202,0.95227,1.00,1.00
2016.09.01 08:03:54.358,0.95203,0.95229,1.00,1.00
2016.09.01 08:03:54.456,0.95203,0.95229,1.00,1.00
2016.09.01 08:03:54.659,0.95204,0.95229,1.00,1.00
2016.09.01 08:03:55.353,0.95203,0.95231,1.00,1.00
2016.09.01 08:03:55.965,0.95203,0.95231,1.50,1.00
2016.09.01 08:03:56.093,0.95203,0.95231,1.87,1.00
2016.09.01 08:03:56.366,0.95203,0.95231,1.37,1.00
2016.09.01 08:03:56.544,0.95203,0.95231,1.37,1.00
2016.09.01 08:03:56.595,0.95207,0.95232,1.00,1.00
2016.09.01 08:03:58.003,0.95207,0.95232,1.50,1.00
2016.09.01 08:03:58.272,0.95208,0.95232,1.00,1.00
2016.09.01 08:03:58.469,0.95208,0.95232,1.00,1.00
2016.09.01 08:03:59.170,0.95208,0.95232,1.50,1.00
2016.09.01 08:03:59.271,0.95208,0.95232,1.00,1.00
2016.09.01 08:03:59.387,0.95209,0.95235,1.00,1.00
2016.09.01 08:03:59.579,0.95211,0.95236,1.00,1.00
2016.09.01 08:04:00.102,0.9521,0.95236,1.00,1.00
2016.09.01 08:04:00.211,0.95209,0.95235,1.00,1.00
2016.09.01 08:04:00.444,0.95209,0.95235,1.00,1.00
2016.09.01 08:04:00.773,0.95209,0.95237,1.00,1.12
2016.09.01 08:04:00.902,0.95209,0.95237,1.00,1.37
2016.09.01 08:04:01.003,0.95209,0.95234,1.00,1.00
2016.09.01 08:04:01.381,0.95208,0.95234,1.50,1.00
2016.09.01 08:04:01.432,0.95208,0.95234,1.50,1.00
2016.09.01 08:04:01.622,0.95208,0.95234,1.50,1.00
2016.09.01 08:04:01.673,0.9521,0.95236,1.00,1.00
2016.09.01 08:04:01.774,0.95208,0.95234,1.00,1.00
2016.09.01 08:04:01.824,0.95208,0.95234,1.00,1.00
2016.09.01 08:04:02.129,0.95207,0.95232,1.00,1.00
2016.09.01 08:04:02.907,0.95205,0.95232,1.00,1.00
2016.09.01 08:04:03.075,0.95205,0.9523,1.00,1.00
2016.09.01 08:04:03.617,0.95204,0.9523,1.00,1.00
2016.09.01 08:04:04.278,0.95204,0.9523,1.00,1.00
2016.09.01 08:04:04.609,0.95204,0.95229,1.00,1.00
2016.09.01 08:04:05.118,0.95205,0.9523,1.00,1.00
2016.09.01 08:04:06.994,0.95203,0.95229,1.00,1.00
2016.09.01 08:04:07.299,0.95204,0.95231,1.00,1.00
2016.09.01 08:04:07.400,0.95204,0.95229,1.00,1.00
2016.09.01 08:04:09.014,0.95201,0.95226,1.12,1.00
2016.09.01 08:04:09.064,0.95201,0.95226,1.00,1.00
2016.09.01 08:04:09.341,0.95202,0.95227,1.50,1.00
2016.09.01 08:04:09.878,0.95202,0.95227,1.00,1.00
2016.09.01 08:04:09.929,0.952,0.95227,1.00,1.00
2016.09.01 08:04:09.979,0.95199,0.95226,1.00,1.00
2016.09.01 08:04:10.115,0.95199,0.95226,1.50,1.00
2016.09.01 08:04:10.166,0.95199,0.95226,1.00,1.00
2016.09.01 08:04:10.718,0.95199,0.95226,1.00,1.00
2016.09.01 08:04:11.179,0.95202,0.95228,1.00,1.00
2016.09.01 08:04:11.381,0.95204,0.95233,1.00,1.37
2016.09.01 08:04:11.432,0.95204,0.95233,1.00,1.12
2016.09.01 08:04:11.483,0.95203,0.9523,1.00,1.00
2016.09.01 08:04:11.634,0.95203,0.9523,1.00,1.37
2016.09.01 08:04:11.685,0.95203,0.95228,1.00,1.00
2016.09.01 08:04:11.736,0.95203,0.95228,1.00,1.12
2016.09.01 08:04:11.896,0.95198,0.95226,1.00,1.00
2016.09.01 08:04:11.947,0.95198,0.95226,1.00,1.12
2016.09.01 08:04:12.024,0.95198,0.95226,1.00,1.00
2016.09.01 08:04:12.367,0.95198,0.95226,1.00,1.00
2016.09.01 08:04:13.173,0.95198,0.95226,1.00,1.12
2016.09.01 08:04:13.886,0.95199,0.95224,1.00,1.00
2016.09.01 08:04:14.307,0.95195,0.9522,1.00,1.00
2016.09.01 08:04:18.597,0.95195,0.95221,1.00,1.00
2016.09.01 08:04:19.126,0.95196,0.95221,1.00,1.00
2016.09.01 08:04:19.617,0.95198,0.95222,1.00,1.00
2016.09.01 08:04:21.733,0.95198,0.95222,1.00,1.00
2016.09.01 08:04:23.735,0.95198,0.95222,1.00,1.00
2016.09.01 08:04:24.022,0.95198,0.95224,1.00,1.00
2016.09.01 08:04:24.692,0.95198,0.95224,1.00,1.00
2016.09.01 08:04:25.591,0.95198,0.95224,1.00,1.00
2016.09.01 08:04:25.928,0.952,0.95224,1.00,1.00
2016.09.01 08:04:28.937,0.95197,0.95224,1.00,1.00
2016.09.01 08:04:28.988,0.95197,0.95224,1.00,1.12
2016.09.01 08:04:29.086,0.95197,0.95224,1.00,1.00
2016.09.01 08:04:29.190,0.952,0.95226,1.00,1.72
2016.09.01 08:04:29.267,0.95202,0.95226,1.00,1.00
2016.09.01 08:04:29.592,0.952,0.95224,1.00,1.00
2016.09.01 08:04:29.643,0.952,0.95229,1.00,1.37
2016.09.01 08:04:30.679,0.952,0.95229,1.00,1.00
2016.09.01 08:04:31.056,0.952,0.95229,1.00,1.37
2016.09.01 08:04:32.853,0.95199,0.95227,1.00,1.00
2016.09.01 08:04:33.177,0.95202,0.95228,1.00,1.00
2016.09.01 08:04:34.107,0.95203,0.95229,1.00,1.00
2016.09.01 08:04:34.659,0.95202,0.95228,1.00,1.00
2016.09.01 08:04:34.992,0.952,0.95226,1.00,1.00
2016.09.01 08:04:39.621,0.952,0.95227,1.00,1.00
2016.09.01 08:04:41.019,0.95201,0.95224,1.00,1.00
2016.09.01 08:04:42.909,0.95201,0.95226,1.00,1.00
2016.09.01 08:04:44.127,0.952,0.95224,1.00,1.00
2016.09.01 08:04:44.630,0.95201,0.95225,1.00,1.00
2016.09.01 08:04:44.730,0.95201,0.95227,1.00,1.00
2016.09.01 08:04:45.161,0.95203,0.95227,1.00,1.00
2016.09.01 08:04:45.262,0.95201,0.95227,1.00,1.00
2016.09.01 08:04:45.414,0.95201,0.95225,1.00,1.00
2016.09.01 08:04:46.532,0.952,0.95224,1.00,1.00
2016.09.01 08:04:47.022,0.95198,0.95224,1.50,1.00
2016.09.01 08:04:47.183,0.95198,0.95224,1.00,1.00
2016.09.01 08:04:47.284,0.95198,0.95224,1.50,1.00
2016.09.01 08:04:47.598,0.95198,0.95222,1.50,1.00
2016.09.01 08:04:48.079,0.95198,0.95222,1.00,1.00
2016.09.01 08:04:48.130,0.95199,0.95223,1.00,1.00
2016.09.01 08:04:48.386,0.95199,0.95223,1.00,1.00
2016.09.01 08:04:49.020,0.95198,0.95223,1.00,1.00
2016.09.01 08:04:49.139,0.95198,0.95224,1.50,1.00
2016.09.01 08:04:49.668,0.95198,0.95224,1.00,1.00
2016.09.01 08:04:50.069,0.95198,0.95224,1.50,1.00
2016.09.01 08:04:50.119,0.952,0.95224,1.00,1.00
2016.09.01 08:04:50.571,0.95199,0.95226,1.00,1.00
2016.09.01 08:04:50.622,0.95199,0.95226,1.00,1.12
2016.09.01 08:04:50.672,0.95198,0.95224,1.50,1.00
2016.09.01 08:04:50.770,0.95198,0.95224,1.00,1.00
2016.09.01 08:04:51.271,0.95198,0.95223,1.00,1.00
2016.09.01 08:04:51.372,0.95199,0.95223,1.00,1.00
2016.09.01 08:04:53.445,0.95198,0.95222,1.00,1.00
2016.09.01 08:04:55.190,0.95201,0.95225,1.00,1.00
2016.09.01 08:04:55.342,0.95203,0.95225,1.00,1.00
2016.09.01 08:04:55.872,0.95201,0.95225,1.00,1.00
2016.09.01 08:04:56.170,0.95199,0.95223,1.00,1.00
2016.09.01 08:05:00.206,0.95198,0.95222,1.50,1.00
2016.09.01 08:05:04.134,0.95198,0.95222,1.00,1.00
2016.09.01 08:05:04.735,0.95198,0.95222,1.50,1.00
2016.09.01 08:05:05.594,0.95198,0.95224,1.50,1.00
2016.09.01 08:05:06.303,0.95198,0.95222,1.50,1.00
2016.09.01 08:05:06.405,0.95198,0.95219,1.00,1.00
2016.09.01 08:05:06.637,0.95195,0.95219,1.00,1.00
2016.09.01 08:05:06.788,0.95193,0.95219,1.50,1.00
2016.09.01 08:05:07.248,0.95193,0.95219,1.50,1.12
2016.09.01 08:05:07.399,0.95195,0.95219,1.00,1.12
2016.09.01 08:05:07.450,0.95195,0.95219,1.00,1.00
2016.09.01 08:05:07.841,0.95195,0.95221,1.00,1.00
2016.09.01 08:05:07.892,0.95195,0.95221,1.00,1.37
2016.09.01 08:05:08.049,0.95195,0.95221,1.00,1.12
2016.09.01 08:05:08.769,0.95195,0.95221,1.00,1.00
2016.09.01 08:05:08.820,0.95199,0.95223,1.00,1.37
2016.09.01 08:05:08.870,0.95199,0.95223,1.00,1.00
2016.09.01 08:05:08.989,0.95199,0.95223,1.00,1.12
2016.09.01 08:05:09.071,0.95194,0.95223,1.00,1.37
2016.09.01 08:05:09.422,0.95195,0.95221,1.00,1.12
2016.09.01 08:05:09.552,0.95195,0.95221,1.00,1.00
2016.09.01 08:05:09.603,0.95195,0.95221,1.00,1.00
2016.09.01 08:05:09.864,0.95195,0.95221,1.00,1.12
2016.09.01 08:05:09.915,0.95193,0.95221,1.50,1.12
2016.09.01 08:05:10.067,0.95195,0.95221,1.00,1.00
2016.09.01 08:05:10.118,0.95195,0.95219,1.50,1.00
2016.09.01 08:05:10.168,0.95195,0.95219,1.50,1.00
2016.09.01 08:05:10.253,0.95195,0.95219,1.00,1.00
2016.09.01 08:05:10.354,0.95195,0.95223,1.00,1.37
2016.09.01 08:05:10.455,0.95194,0.9522,1.00,1.00
2016.09.01 08:05:11.013,0.95196,0.9522,1.00,1.00
2016.09.01 08:05:11.333,0.95196,0.95222,1.00,1.12
2016.09.01 08:05:11.384,0.95196,0.95222,1.00,1.00
2016.09.01 08:05:11.435,0.95199,0.95222,1.00,1.00
2016.09.01 08:05:11.536,0.95197,0.95222,1.00,1.00
2016.09.01 08:05:12.058,0.95198,0.95223,1.00,1.00
2016.09.01 08:05:13.926,0.95198,0.95222,1.00,1.00
2016.09.01 08:05:13.977,0.95198,0.95222,1.00,1.12
2016.09.01 08:05:14.286,0.95198,0.95222,1.00,1.00
2016.09.01 08:05:14.336,0.95196,0.95224,1.50,1.37
2016.09.01 08:05:15.372,0.95197,0.95223,1.00,1.37
2016.09.01 08:05:15.810,0.95195,0.95223,1.50,1.37
2016.09.01 08:05:15.911,0.95196,0.95223,1.00,1.37
2016.09.01 08:05:16.572,0.95198,0.95222,1.00,1.00
2016.09.01 08:05:16.774,0.95197,0.95221,1.00,1.00
2016.09.01 08:05:16.967,0.95197,0.95221,1.00,1.00
2016.09.01 08:05:17.179,0.95198,0.95223,1.00,1.12
2016.09.01 08:05:17.552,0.95198,0.95223,1.00,1.12
2016.09.01 08:05:17.952,0.95198,0.95223,1.00,1.12
2016.09.01 08:05:18.088,0.95198,0.95223,1.50,1.12
2016.09.01 08:05:18.499,0.95198,0.95223,1.00,1.12
2016.09.01 08:05:18.550,0.95198,0.95222,1.00,1.00
2016.09.01 08:05:18.600,0.95198,0.95222,1.00,1.00
2016.09.01 08:05:18.753,0.95198,0.95222,1.00,1.00
2016.09.01 08:05:20.236,0.95197,0.95221,1.00,1.00
2016.09.01 08:05:20.287,0.95197,0.95221,1.50,1.00
2016.09.01 08:05:20.340,0.95198,0.95222,1.00,1.00
2016.09.01 08:05:23.158,0.95198,0.95222,1.00,1.00
2016.09.01 08:05:23.359,0.95199,0.95225,1.00,1.37
2016.09.01 08:05:23.410,0.95199,0.95225,1.00,1.00
2016.09.01 08:05:23.460,0.95202,0.95225,1.00,1.00
2016.09.01 08:05:23.561,0.95201,0.95227,1.00,1.00
2016.09.01 08:05:23.662,0.95199,0.95225,1.00,1.00
2016.09.01 08:05:23.713,0.95199,0.95225,1.00,1.12
2016.09.01 08:05:23.814,0.95199,0.95225,1.00,1.37
2016.09.01 08:05:24.961,0.95199,0.95225,1.00,1.37
2016.09.01 08:05:25.099,0.95199,0.95225,1.00,1.37
2016.09.01 08:05:25.712,0.95199,0.95225,1.00,1.00
2016.09.01 08:05:26.698,0.95199,0.95225,1.00,1.12
2016.09.01 08:05:27.005,0.95199,0.95225,1.00,1.00
2016.09.01 08:05:27.106,0.95198,0.95224,1.00,1.37
2016.09.01 08:05:27.304,0.95197,0.95221,1.00,1.00
2016.09.01 08:05:27.532,0.95197,0.95221,1.00,1.00
2016.09.01 08:05:27.641,0.95197,0.95221,1.00,1.00
2016.09.01 08:05:28.284,0.95197,0.95221,1.00,1.12
2016.09.01 08:05:28.901,0.95197,0.95224,1.00,1.12
2016.09.01 08:05:29.002,0.95199,0.95226,1.00,1.12
2016.09.01 08:05:29.094,0.95202,0.95225,1.00,1.00
2016.09.01 08:05:29.903,0.95198,0.95226,1.00,1.00
2016.09.01 08:05:30.004,0.95198,0.95226,1.50,1.00
2016.09.01 08:05:30.336,0.95198,0.95226,1.00,1.00
2016.09.01 08:05:30.905,0.95201,0.95225,1.00,1.00
2016.09.01 08:05:31.418,0.952,0.95224,1.00,1.00
2016.09.01 08:05:35.807,0.95198,0.95224,1.50,1.00
2016.09.01 08:05:35.996,0.95198,0.95224,1.00,1.00
2016.09.01 08:05:37.233,0.952,0.95224,1.00,1.00
2016.09.01 08:05:37.761,0.95198,0.95222,1.00,1.00
2016.09.01 08:05:38.300,0.95199,0.95223,1.00,1.00
2016.09.01 08:05:39.453,0.95197,0.95223,1.00,1.00
2016.09.01 08:05:39.655,0.95197,0.95223,1.00,1.00
2016.09.01 08:05:39.857,0.95197,0.95223,1.00,1.00
2016.09.01 08:05:39.978,0.95199,0.95223,1.00,1.00
2016.09.01 08:05:43.045,0.952,0.95224,1.00,1.00
2016.09.01 08:05:44.044,0.95201,0.95226,1.00,1.00
2016.09.01 08:05:44.762,0.95201,0.95228,1.00,1.00
2016.09.01 08:05:46.015,0.95201,0.95228,1.00,1.12
2016.09.01 08:05:46.199,0.95201,0.95228,1.00,1.00
2016.09.01 08:05:47.219,0.95201,0.95228,1.00,1.12
2016.09.01 08:05:47.320,0.95201,0.95228,1.00,1.00
2016.09.01 08:05:47.684,0.95202,0.95225,1.00,1.00
2016.09.01 08:05:49.090,0.95202,0.95228,1.00,1.00
2016.09.01 08:05:52.080,0.95201,0.95227,1.00,1.00
2016.09.01 08:05:52.215,0.95201,0.95227,1.00,1.00
2016.09.01 08:05:53.325,0.95201,0.95225,1.00,1.00
2016.09.01 08:05:53.428,0.95202,0.95228,1.00,1.00
2016.09.01 08:05:53.529,0.952,0.95224,1.00,1.00
2016.09.01 08:05:53.579,0.952,0.95224,1.00,1.00
2016.09.01 08:05:53.630,0.95197,0.95225,1.00,1.00
2016.09.01 08:05:54.755,0.95197,0.95225,1.00,1.00
2016.09.01 08:05:56.093,0.95197,0.95224,1.00,1.00
2016.09.01 08:05:56.278,0.95197,0.95224,1.00,1.00
2016.09.01 08:05:56.379,0.95198,0.95225,1.00,1.00
2016.09.01 08:05:56.430,0.95202,0.95226,1.00,1.00
2016.09.01 08:05:56.540,0.95203,0.95226,1.00,1.00
2016.09.01 08:05:58.622,0.95202,0.95226,1.00,1.00
2016.09.01 08:05:59.550,0.95203,0.95226,1.00,1.00
2016.09.01 08:05:59.731,0.95205,0.95231,1.00,1.00
2016.09.01 08:06:00.241,0.95206,0.9523,1.00,1.00
2016.09.01 08:06:02.344,0.95208,0.95232,1.00,1.00
2016.09.01 08:06:02.645,0.9521,0.95234,1.00,1.00
2016.09.01 08:06:03.055,0.95211,0.95237,1.00,1.00
2016.09.01 08:06:03.156,0.95215,0.95239,1.00,1.00
2016.09.01 08:06:03.257,0.95217,0.95243,1.00,1.00
2016.09.01 08:06:03.407,0.95217,0.95243,1.00,1.00
2016.09.01 08:06:03.657,0.95219,0.95245,1.00,1.00
2016.09.01 08:06:03.909,0.95219,0.95245,1.00,1.00
2016.09.01 08:06:04.180,0.95219,0.95246,1.00,1.12
2016.09.01 08:06:04.612,0.95219,0.95246,1.00,1.12
2016.09.01 08:06:04.662,0.95218,0.95245,1.00,1.12
2016.09.01 08:06:04.763,0.9522,0.95245,1.00,1.00
2016.09.01 08:06:05.660,0.95219,0.95244,1.00,1.00
2016.09.01 08:06:05.719,0.95219,0.95244,1.00,1.00
2016.09.01 08:06:05.921,0.95219,0.95244,1.00,1.00
2016.09.01 08:06:06.184,0.95221,0.95245,1.00,1.00
2016.09.01 08:06:06.285,0.95219,0.95246,1.00,1.12
2016.09.01 08:06:06.487,0.95221,0.95246,1.00,1.00
2016.09.01 08:06:07.101,0.9522,0.95245,1.00,1.00
2016.09.01 08:06:07.753,0.9522,0.95245,1.00,1.12
2016.09.01 08:06:07.803,0.95221,0.95246,1.00,1.37
2016.09.01 08:06:08.661,0.95219,0.95246,1.00,1.37
2016.09.01 08:06:08.765,0.95221,0.95246,1.00,1.12
2016.09.01 08:06:09.054,0.95221,0.95246,1.00,1.00
2016.09.01 08:06:10.718,0.95219,0.95246,1.00,1.00
2016.09.01 08:06:11.559,0.95219,0.95246,1.00,1.12
2016.09.01 08:06:11.780,0.95219,0.95246,1.00,1.37
2016.09.01 08:06:15.694,0.9522,0.95246,1.00,1.37
2016.09.01 08:06:15.900,0.95219,0.95245,1.00,1.12
2016.09.01 08:06:16.138,0.95221,0.95245,1.00,1.12
2016.09.01 08:06:16.239,0.9522,0.95246,1.00,1.37
2016.09.01 08:06:17.297,0.9522,0.95244,1.00,1.12
2016.09.01 08:06:17.505,0.9522,0.95245,1.00,1.37
2016.09.01 08:06:18.198,0.95219,0.95244,1.00,1.12
2016.09.01 08:06:18.299,0.95219,0.95244,1.00,1.00
2016.09.01 08:06:18.822,0.9522,0.95244,1.00,1.00
2016.09.01 08:06:19.304,0.95218,0.95245,1.00,1.12
2016.09.01 08:06:19.405,0.95219,0.95246,1.00,1.37
2016.09.01 08:06:19.506,0.95219,0.95244,1.00,1.00
2016.09.01 08:06:20.608,0.95217,0.95244,1.00,1.00
2016.09.01 08:06:20.709,0.95217,0.95242,1.00,1.12
2016.09.01 08:06:20.848,0.95214,0.95241,1.00,1.00
2016.09.01 08:06:20.898,0.95214,0.95241,1.00,1.12
2016.09.01 08:06:21.050,0.95214,0.95241,1.00,1.12
2016.09.01 08:06:21.230,0.9521,0.95234,1.00,1.00
2016.09.01 08:06:21.331,0.95208,0.95233,1.00,1.00
2016.09.01 08:06:21.381,0.95208,0.95233,1.00,1.00
2016.09.01 08:06:21.496,0.9521,0.95237,1.00,1.12
2016.09.01 08:06:21.648,0.95208,0.95235,1.00,1.00
2016.09.01 08:06:21.698,0.95208,0.95235,1.00,1.12
2016.09.01 08:06:21.749,0.95207,0.95234,1.00,1.00
2016.09.01 08:06:21.850,0.95207,0.95234,1.00,1.00
2016.09.01 08:06:22.414,0.95207,0.95234,1.00,1.00
2016.09.01 08:06:22.651,0.95208,0.95233,1.00,1.00
2016.09.01 08:06:22.757,0.95208,0.95233,1.00,1.00
2016.09.01 08:06:23.079,0.95207,0.95231,1.00,1.00
2016.09.01 08:06:23.539,0.95207,0.95232,1.00,1.00
2016.09.01 08:06:23.716,0.95207,0.95232,1.00,1.00
2016.09.01 08:06:23.831,0.95207,0.95232,1.00,1.00
2016.09.01 08:06:23.912,0.95207,0.95232,1.50,1.00
2016.09.01 08:06:23.963,0.95207,0.95232,1.50,1.00
2016.09.01 08:06:24.014,0.95208,0.95232,1.00,1.00
2016.09.01 08:06:24.891,0.95207,0.95232,1.50,1.00
2016.09.01 08:06:25.395,0.95207,0.95232,1.00,1.00
2016.09.01 08:06:25.445,0.95207,0.95232,1.00,1.00
2016.09.01 08:06:25.546,0.95207,0.95232,1.00,1.00
2016.09.01 08:06:25.720,0.95207,0.95233,1.00,1.00
2016.09.01 08:06:26.055,0.95207,0.95233,1.00,1.00
2016.09.01 08:06:26.156,0.95208,0.95233,1.00,1.00
2016.09.01 08:06:27.375,0.95205,0.95234,1.00,1.00
2016.09.01 08:06:27.425,0.95205,0.95234,1.50,1.12
2016.09.01 08:06:27.606,0.95205,0.95234,1.50,1.37
2016.09.01 08:06:27.802,0.95205,0.95234,1.50,1.12
2016.09.01 08:06:28.188,0.95205,0.95234,1.50,1.37
2016.09.01 08:06:28.326,0.95205,0.95234,1.50,1.37
2016.09.01 08:06:28.388,0.95205,0.95234,1.00,1.00
2016.09.01 08:06:28.737,0.95209,0.95233,1.00,1.00
2016.09.01 08:06:29.070,0.95209,0.95235,1.00,1.12
2016.09.01 08:06:29.171,0.95209,0.95234,1.00,1.00
2016.09.01 08:06:29.221,0.95209,0.95234,1.00,1.12
2016.09.01 08:06:29.841,0.95208,0.95234,1.00,1.12
2016.09.01 08:06:31.266,0.95208,0.95232,1.00,1.00
2016.09.01 08:06:31.784,0.95205,0.95233,1.00,1.00
2016.09.01 08:06:31.834,0.95204,0.95233,1.00,3.22
2016.09.01 08:06:31.885,0.95204,0.9523,1.00,1.60
2016.09.01 08:06:31.936,0.95204,0.9523,1.00,2.47
2016.09.01 08:06:32.037,0.95204,0.9523,1.00,1.97
2016.09.01 08:06:32.151,0.95204,0.9523,1.00,1.97
2016.09.01 08:06:33.150,0.95206,0.9523,1.00,1.97
2016.09.01 08:06:34.258,0.95202,0.95228,1.00,1.72
2016.09.01 08:06:34.550,0.95202,0.95228,1.00,1.72
2016.09.01 08:06:34.874,0.95204,0.95228,1.00,1.72
2016.09.01 08:06:35.286,0.95203,0.95227,1.00,1.12
2016.09.01 08:06:35.387,0.95203,0.95227,1.00,1.12
2016.09.01 08:06:35.437,0.95203,0.95227,1.00,1.37
2016.09.01 08:06:35.558,0.95203,0.95227,1.00,1.37
2016.09.01 08:06:36.065,0.95204,0.95228,1.00,1.72
2016.09.01 08:06:36.547,0.95204,0.95228,1.00,1.35
2016.09.01 08:06:36.603,0.95204,0.95228,1.00,1.72
2016.09.01 08:06:36.997,0.95204,0.95228,1.00,1.72
2016.09.01 08:06:37.047,0.95204,0.95228,1.00,1.72
2016.09.01 08:06:37.148,0.95204,0.95228,1.00,1.72
2016.09.01 08:06:37.199,0.95203,0.95227,1.00,1.37
2016.09.01 08:06:38.097,0.95204,0.95228,1.00,1.72
2016.09.01 08:06:38.747,0.95204,0.95228,1.00,1.72
2016.09.01 08:06:40.251,0.95204,0.95228,1.00,1.72
2016.09.01 08:06:40.361,0.95204,0.95228,1.00,1.72
2016.09.01 08:06:40.512,0.95204,0.95228,1.00,1.35
2016.09.01 08:06:41.112,0.95204,0.95228,1.00,1.72
2016.09.01 08:06:41.163,0.95204,0.95228,1.00,1.72
2016.09.01 08:06:41.214,0.95204,0.95227,1.00,1.37
2016.09.01 08:06:43.519,0.95198,0.95222,1.00,1.00
2016.09.01 08:06:43.570,0.95196,0.95222,1.00,1.37
2016.09.01 08:06:43.620,0.95194,0.95218,1.00,1.00
2016.09.01 08:06:43.671,0.95194,0.95218,1.00,1.00
2016.09.01 08:06:43.721,0.95196,0.9522,1.00,1.12
2016.09.01 08:06:43.822,0.95196,0.9522,1.00,1.00
2016.09.01 08:06:48.447,0.95194,0.9522,1.50,1.00
2016.09.01 08:06:48.603,0.95194,0.95219,1.00,1.00
2016.09.01 08:06:48.733,0.95193,0.95219,1.50,1.00
2016.09.01 08:06:49.044,0.95193,0.95219,1.00,1.00
2016.09.01 08:06:49.616,0.95194,0.9522,1.00,1.00
2016.09.01 08:06:50.206,0.95195,0.95221,1.00,1.00
2016.09.01 08:06:51.632,0.95195,0.95221,1.00,1.37
2016.09.01 08:06:52.133,0.95195,0.95221,1.00,1.12
2016.09.01 08:06:52.794,0.95195,0.95221,1.00,1.12
2016.09.01 08:06:52.845,0.95195,0.95219,1.00,1.12
2016.09.01 08:06:52.946,0.95195,0.95219,1.00,1.37
2016.09.01 08:06:53.686,0.95195,0.95219,1.00,1.37
2016.09.01 08:06:53.737,0.95195,0.95221,1.00,1.37
2016.09.01 08:06:53.787,0.95195,0.95221,1.00,1.37
2016.09.01 08:06:53.872,0.95195,0.95221,1.00,1.37
2016.09.01 08:06:53.923,0.95195,0.95221,1.00,1.37
2016.09.01 08:06:54.282,0.95195,0.95221,1.00,1.37
2016.09.01 08:06:54.333,0.95196,0.9522,1.00,1.12
2016.09.01 08:06:54.384,0.95196,0.9522,1.00,1.37
2016.09.01 08:06:54.685,0.95196,0.9522,1.00,1.37
2016.09.01 08:06:55.301,0.95196,0.9522,1.00,1.37
2016.09.01 08:06:55.865,0.95195,0.95219,1.00,1.37
2016.09.01 08:06:56.425,0.95194,0.95218,1.00,1.37
2016.09.01 08:06:56.526,0.95192,0.95218,1.00,1.37
2016.09.01 08:06:56.684,0.95192,0.95218,1.00,1.37
2016.09.01 08:06:56.785,0.95192,0.95218,1.00,1.37
2016.09.01 08:06:56.942,0.95192,0.95218,1.00,1.12
2016.09.01 08:06:57.342,0.95192,0.95218,1.00,1.37
2016.09.01 08:06:58.124,0.95194,0.95218,1.00,1.37
2016.09.01 08:06:58.835,0.95195,0.95221,1.00,1.37
2016.09.01 08:06:59.398,0.95195,0.95221,1.00,1.37
2016.09.01 08:06:59.738,0.95195,0.95221,1.00,1.37
2016.09.01 08:06:59.798,0.95195,0.95221,1.00,1.37
2016.09.01 08:06:59.896,0.95195,0.95221,1.00,1.37
2016.09.01 08:07:00.104,0.95195,0.95221,1.00,1.37
2016.09.01 08:07:00.642,0.95195,0.95221,1.00,1.37
2016.09.01 08:07:00.692,0.95195,0.95221,1.00,1.00
2016.09.01 08:07:00.793,0.95195,0.95221,1.00,1.00
2016.09.01 08:07:01.298,0.95195,0.95221,1.00,1.00
2016.09.01 08:07:01.477,0.95194,0.9522,1.00,1.12
2016.09.01 08:07:01.549,0.95194,0.9522,1.00,1.37
2016.09.01 08:07:01.650,0.95193,0.95218,1.00,1.00
2016.09.01 08:07:01.784,0.95194,0.9522,1.00,1.37
2016.09.01 08:07:02.047,0.95193,0.95217,1.00,1.00
2016.09.01 08:07:02.098,0.95193,0.95217,1.50,1.00
2016.09.01 08:07:02.198,0.95193,0.95217,1.50,1.00
2016.09.01 08:07:02.251,0.95193,0.95217,1.00,1.00
2016.09.01 08:07:02.963,0.95194,0.9522,1.00,1.00
2016.09.01 08:07:03.248,0.95199,0.95223,1.00,1.37
2016.09.01 08:07:03.299,0.95199,0.95223,1.00,1.37
2016.09.01 08:07:03.350,0.95197,0.95223,1.00,1.37
2016.09.01 08:07:03.454,0.95197,0.95223,1.00,1.12
2016.09.01 08:07:03.555,0.95197,0.95223,1.00,1.00
2016.09.01 08:07:04.066,0.95196,0.95222,1.00,1.00
2016.09.01 08:07:04.607,0.95196,0.95222,1.00,1.00
2016.09.01 08:07:04.866,0.95199,0.95222,1.00,1.00
2016.09.01 08:07:06.855,0.95198,0.95224,1.00,1.12
2016.09.01 08:07:06.906,0.95198,0.95224,1.00,1.00
2016.09.01 08:07:09.322,0.95198,0.95224,1.00,1.00
2016.09.01 08:07:09.433,0.952,0.95224,1.00,1.00
2016.09.01 08:07:09.483,0.952,0.95224,1.00,1.12
2016.09.01 08:07:09.585,0.952,0.95224,1.00,1.37
2016.09.01 08:07:09.686,0.95195,0.95219,2.25,1.00
2016.09.01 08:07:09.744,0.95196,0.9522,1.00,1.00
2016.09.01 08:07:10.280,0.95195,0.95219,1.87,1.00
2016.09.01 08:07:10.331,0.95195,0.95219,1.87,1.00
2016.09.01 08:07:10.382,0.95196,0.95221,1.12,1.00
2016.09.01 08:07:10.483,0.95195,0.95221,1.37,1.00
2016.09.01 08:07:10.685,0.95195,0.95221,1.00,1.00
2016.09.01 08:07:11.241,0.95194,0.9522,1.12,1.00
2016.09.01 08:07:11.368,0.95194,0.9522,1.00,1.00
2016.09.01 08:07:11.691,0.95194,0.9522,1.12,1.00
2016.09.01 08:07:11.792,0.95194,0.9522,1.37,1.00
2016.09.01 08:07:11.842,0.95193,0.95219,1.37,1.00
2016.09.01 08:07:11.943,0.95195,0.95219,1.12,1.00
2016.09.01 08:07:11.993,0.95195,0.95219,1.00,1.00
2016.09.01 08:07:13.377,0.95195,0.95219,1.37,1.00
2016.09.01 08:07:13.579,0.95195,0.95219,1.12,1.00
2016.09.01 08:07:13.974,0.95195,0.95219,1.00,1.00
2016.09.01 08:07:14.274,0.95194,0.95218,1.12,1.00
2016.09.01 08:07:14.374,0.95196,0.95222,1.12,1.00
2016.09.01 08:07:14.475,0.95196,0.95222,1.37,1.00
2016.09.01 08:07:14.576,0.952,0.95224,1.00,1.00
2016.09.01 08:07:14.877,0.95199,0.95222,1.00,1.00
2016.09.01 08:07:15.319,0.95199,0.95222,1.12,1.00
2016.09.01 08:07:15.576,0.95199,0.95222,1.00,1.00
2016.09.01 08:07:16.276,0.95195,0.95221,1.37,1.00
2016.09.01 08:07:16.381,0.95195,0.95221,1.12,1.00
2016.09.01 08:07:16.830,0.95195,0.95219,1.12,1.00
2016.09.01 08:07:16.881,0.95195,0.95219,1.00,1.00
2016.09.01 08:07:18.079,0.95197,0.9522,1.00,1.00
2016.09.01 08:07:18.292,0.952,0.95224,1.00,1.00
2016.09.01 08:07:18.831,0.95201,0.95225,1.00,1.00
2016.09.01 08:07:18.882,0.95199,0.95225,1.00,1.00
2016.09.01 08:07:19.490,0.95198,0.95224,1.00,1.00
2016.09.01 08:07:20.081,0.95199,0.95225,1.00,1.00
2016.09.01 08:07:20.284,0.95203,0.95227,1.00,1.00
2016.09.01 08:07:20.393,0.95201,0.95226,1.37,1.00
2016.09.01 08:07:20.499,0.95201,0.95226,1.00,1.00
2016.09.01 08:07:20.884,0.95201,0.95226,1.12,1.00
2016.09.01 08:07:21.112,0.95199,0.95227,1.37,1.00
2016.09.01 08:07:21.414,0.95199,0.95227,1.00,1.00
2016.09.01 08:07:21.464,0.95199,0.95227,1.00,1.00
2016.09.01 08:07:21.544,0.95199,0.95227,1.00,1.00
2016.09.01 08:07:22.009,0.95199,0.95227,1.12,1.00
2016.09.01 08:07:22.110,0.95199,0.95227,1.37,1.00
2016.09.01 08:07:22.413,0.95201,0.95227,1.00,1.00
2016.09.01 08:07:22.802,0.95201,0.95227,1.12,1.00
2016.09.01 08:07:23.100,0.95201,0.95227,1.37,1.00
2016.09.01 08:07:23.151,0.95201,0.95227,1.37,1.00
2016.09.01 08:07:23.252,0.95201,0.95227,1.37,1.00
2016.09.01 08:07:23.839,0.952,0.95226,1.37,1.00
2016.09.01 08:07:23.889,0.95202,0.95228,1.00,1.00
2016.09.01 08:07:23.940,0.95202,0.95228,1.12,1.00
2016.09.01 08:07:23.991,0.95203,0.95229,1.37,1.00
2016.09.01 08:07:24.116,0.95202,0.95226,1.37,1.00
2016.09.01 08:07:24.167,0.95202,0.95226,1.37,1.00
2016.09.01 08:07:24.217,0.95201,0.95226,1.37,1.00
2016.09.01 08:07:24.354,0.95201,0.95226,1.00,1.00
2016.09.01 08:07:24.505,0.95199,0.95224,1.00,1.00
2016.09.01 08:07:24.879,0.95204,0.9523,1.00,1.37
2016.09.01 08:07:24.930,0.95204,0.9523,1.00,1.00
2016.09.01 08:07:24.981,0.95204,0.95232,1.00,1.00
2016.09.01 08:07:25.031,0.95204,0.95232,1.12,1.00
2016.09.01 08:07:25.082,0.95204,0.95232,1.12,1.00
2016.09.01 08:07:25.233,0.95204,0.9523,1.00,1.00
2016.09.01 08:07:25.994,0.95203,0.95229,1.00,1.00
2016.09.01 08:07:26.860,0.95203,0.95229,1.00,1.00
2016.09.01 08:07:27.609,0.95204,0.95231,1.00,1.00
2016.09.01 08:07:28.976,0.95206,0.95231,1.00,1.00
2016.09.01 08:07:29.280,0.95204,0.95231,1.00,1.00
2016.09.01 08:07:30.121,0.95204,0.95231,1.37,1.00
2016.09.01 08:07:30.701,0.95201,0.95229,1.37,1.00
2016.09.01 08:07:31.003,0.95204,0.95228,1.37,1.00
2016.09.01 08:07:31.268,0.95204,0.95228,1.37,1.00
2016.09.01 08:07:31.603,0.95205,0.95231,1.37,1.00
2016.09.01 08:07:32.121,0.95204,0.9523,1.37,1.00
2016.09.01 08:07:32.569,0.95204,0.9523,1.37,1.00
2016.09.01 08:07:33.397,0.95206,0.9523,1.37,1.00
2016.09.01 08:07:33.607,0.95207,0.95233,1.37,1.00
2016.09.01 08:07:33.708,0.95209,0.95233,1.37,1.00
2016.09.01 08:07:34.131,0.95207,0.95231,1.00,1.00
2016.09.01 08:07:35.765,0.95207,0.95233,1.00,1.00
2016.09.01 08:07:36.843,0.95209,0.95233,1.00,1.00
2016.09.01 08:07:38.138,0.95209,0.95235,1.00,1.00
2016.09.01 08:07:38.939,0.95208,0.95234,1.00,1.00
2016.09.01 08:07:39.118,0.95208,0.95232,1.00,1.00
2016.09.01 08:07:39.315,0.95209,0.95235,1.00,1.00
2016.09.01 08:07:39.416,0.95212,0.95236,1.00,1.00
2016.09.01 08:07:42.746,0.95212,0.95236,1.00,1.12
2016.09.01 08:07:42.848,0.95208,0.95232,1.00,1.00
2016.09.01 08:07:42.899,0.95208,0.95232,1.00,1.00
2016.09.01 08:07:42.949,0.95208,0.95232,1.00,1.12
2016.09.01 08:07:43.050,0.95208,0.95232,1.00,1.37
2016.09.01 08:07:46.224,0.95206,0.95232,1.00,1.37
2016.09.01 08:07:48.512,0.95206,0.95231,1.00,1.37
2016.09.01 08:07:50.616,0.95206,0.95232,1.00,1.37
2016.09.01 08:07:56.325,0.95207,0.95233,1.00,1.37
2016.09.01 08:07:57.170,0.95207,0.95233,1.00,1.00
2016.09.01 08:07:58.901,0.95207,0.95233,1.00,1.37
2016.09.01 08:08:00.141,0.95209,0.95232,1.00,1.37
2016.09.01 08:08:00.531,0.95212,0.95236,1.00,1.37
2016.09.01 08:08:00.632,0.95214,0.95238,1.00,1.37
2016.09.01 08:08:00.682,0.95214,0.95238,1.00,1.37
2016.09.01 08:08:00.733,0.95212,0.95238,1.00,1.87
2016.09.01 08:08:00.783,0.95212,0.95238,1.00,1.37
2016.09.01 08:08:01.411,0.95212,0.95237,1.00,1.37
2016.09.01 08:08:02.635,0.95213,0.95238,1.00,1.37
2016.09.01 08:08:02.838,0.95209,0.95236,1.50,1.37
2016.09.01 08:08:02.939,0.95213,0.95238,1.00,1.37
2016.09.01 08:08:03.536,0.95214,0.95239,1.00,1.37
2016.09.01 08:08:03.587,0.95214,0.95239,1.00,1.00
2016.09.01 08:08:03.922,0.95217,0.95241,1.00,1.00
2016.09.01 08:08:03.972,0.95217,0.95241,1.00,1.00
2016.09.01 08:08:04.074,0.95216,0.95242,1.00,1.00
2016.09.01 08:08:04.559,0.95216,0.95242,1.00,1.50
2016.09.01 08:08:04.960,0.95215,0.95241,1.00,1.00
2016.09.01 08:08:06.541,0.95217,0.95241,1.00,1.00
2016.09.01 08:08:06.641,0.95216,0.9524,1.00,1.00
2016.09.01 08:08:07.222,0.95216,0.9524,1.00,1.37
2016.09.01 08:08:07.474,0.95215,0.95239,1.00,1.37
2016.09.01 08:08:07.575,0.95215,0.95239,1.00,1.37
2016.09.01 08:08:08.212,0.95216,0.9524,1.00,1.37
2016.09.01 08:08:08.671,0.95217,0.95241,1.00,1.37
2016.09.01 08:08:08.973,0.95217,0.95241,1.00,1.37
2016.09.01 08:08:09.101,0.95217,0.95241,1.00,1.00
2016.09.01 08:08:09.189,0.95217,0.95243,1.00,1.00
2016.09.01 08:08:09.575,0.95218,0.95244,1.00,1.12
2016.09.01 08:08:09.707,0.95218,0.95244,1.00,1.00
2016.09.01 08:08:10.094,0.95218,0.95244,1.00,1.12
2016.09.01 08:08:10.195,0.95219,0.95245,1.00,1.37
2016.09.01 08:08:11.059,0.95219,0.95245,1.00,1.37
2016.09.01 08:08:11.360,0.95219,0.95245,1.00,1.37
2016.09.01 08:08:13.363,0.95219,0.95245,1.00,1.37
2016.09.01 08:08:14.264,0.95219,0.95245,1.00,1.37
2016.09.01 08:08:14.989,0.95219,0.95245,1.00,1.37
2016.09.01 08:08:15.166,0.95219,0.95245,1.00,1.37
2016.09.01 08:08:15.354,0.95219,0.95243,1.00,1.12
2016.09.01 08:08:15.405,0.95219,0.95243,1.00,1.00
2016.09.01 08:08:16.061,0.95219,0.95243,1.00,1.37
2016.09.01 08:08:19.697,0.95218,0.95242,1.00,1.12
2016.09.01 08:08:21.094,0.95218,0.95242,1.00,1.00
2016.09.01 08:08:21.293,0.95218,0.95242,1.00,1.12
2016.09.01 08:08:21.418,0.95216,0.95242,1.00,1.12
2016.09.01 08:08:21.995,0.95216,0.95242,1.00,1.00
2016.09.01 08:08:23.932,0.95216,0.95242,1.00,1.12
2016.09.01 08:08:24.832,0.95216,0.95242,1.00,1.37
2016.09.01 08:08:24.909,0.95216,0.9524,1.00,1.00
2016.09.01 08:08:27.732,0.95215,0.95242,1.00,1.37
2016.09.01 08:08:27.933,0.95215,0.95242,1.00,1.00
2016.09.01 08:08:28.438,0.95217,0.95241,1.00,1.00
2016.09.01 08:08:32.898,0.95217,0.95241,1.00,1.00
2016.09.01 08:08:33.049,0.95217,0.95241,1.00,1.12
2016.09.01 08:08:33.615,0.95217,0.95241,1.00,1.00
2016.09.01 08:08:34.032,0.95217,0.95241,1.00,1.00
2016.09.01 08:08:34.349,0.95216,0.95241,1.00,1.12
2016.09.01 08:08:34.923,0.95216,0.95241,1.00,1.00
2016.09.01 08:08:37.314,0.95216,0.9524,1.00,1.00
2016.09.01 08:08:39.468,0.95216,0.9524,1.00,1.12
2016.09.01 08:08:40.212,0.95216,0.95242,1.00,1.37
2016.09.01 08:08:40.913,0.95216,0.95241,1.00,1.37
2016.09.01 08:08:41.170,0.95216,0.95241,1.00,1.00
2016.09.01 08:08:41.516,0.95217,0.95243,1.00,1.00
2016.09.01 08:08:42.113,0.95218,0.95244,1.00,1.00
2016.09.01 08:08:42.764,0.9522,0.95246,1.00,1.37
2016.09.01 08:08:42.865,0.95221,0.95247,1.00,1.50
2016.09.01 08:08:42.926,0.95221,0.95247,1.00,1.50
2016.09.01 08:08:43.027,0.95221,0.95247,1.00,1.00
2016.09.01 08:08:43.439,0.95221,0.95247,1.00,1.12
2016.09.01 08:08:43.514,0.95221,0.95247,1.00,1.12
2016.09.01 08:08:44.482,0.95221,0.95247,1.00,1.37
2016.09.01 08:08:44.740,0.95221,0.95247,1.00,1.00
2016.09.01 08:08:44.953,0.95221,0.95247,1.00,1.37
2016.09.01 08:08:46.666,0.95221,0.95247,1.00,1.12
2016.09.01 08:08:46.891,0.95221,0.95247,1.00,1.37
2016.09.01 08:08:47.043,0.95221,0.95247,1.00,1.87
2016.09.01 08:08:47.327,0.95221,0.95247,1.00,1.37
2016.09.01 08:08:48.648,0.95221,0.95247,1.00,1.37
2016.09.01 08:08:49.049,0.95221,0.95247,1.00,1.00
2016.09.01 08:08:49.521,0.95221,0.95247,1.00,1.00
2016.09.01 08:08:50.494,0.95221,0.95247,1.00,1.37
2016.09.01 08:08:53.025,0.95221,0.95247,1.00,1.87
2016.09.01 08:08:53.431,0.95221,0.95246,1.00,1.37
2016.09.01 08:08:53.853,0.95221,0.95246,1.00,1.37
2016.09.01 08:08:53.954,0.95224,0.95247,1.00,1.37
2016.09.01 08:08:54.215,0.95224,0.95248,1.00,1.87
2016.09.01 08:08:54.268,0.95225,0.95249,1.00,1.37
2016.09.01 08:08:54.470,0.95225,0.95251,1.00,1.37
2016.09.01 08:08:54.591,0.95225,0.95251,1.00,1.37
2016.09.01 08:08:54.702,0.95225,0.95251,1.00,1.37
2016.09.01 08:08:54.755,0.95225,0.95251,1.00,1.37
2016.09.01 08:08:55.357,0.95224,0.95251,1.00,1.37
2016.09.01 08:08:55.528,0.95227,0.95251,1.00,1.37
2016.09.01 08:08:55.645,0.95224,0.95251,1.00,1.37
2016.09.01 08:08:56.346,0.95227,0.95251,1.00,1.37
2016.09.01 08:08:57.048,0.95225,0.9525,1.00,1.37
2016.09.01 08:08:58.256,0.95226,0.9525,1.00,1.37
2016.09.01 08:08:58.463,0.95226,0.95247,1.00,1.12
2016.09.01 08:08:58.909,0.95226,0.95247,1.00,1.00
2016.09.01 08:08:59.132,0.95226,0.9525,1.00,1.37
2016.09.01 08:08:59.231,0.95226,0.9525,1.00,1.12
2016.09.01 08:08:59.483,0.95226,0.9525,1.00,1.37
2016.09.01 08:09:00.753,0.95225,0.9525,1.00,1.37
2016.09.01 08:09:00.804,0.95225,0.9525,1.00,1.37
2016.09.01 08:09:00.854,0.95225,0.95249,1.00,1.37
2016.09.01 08:09:01.459,0.95225,0.95251,1.00,1.37
2016.09.01 08:09:01.560,0.95225,0.95248,1.00,1.37
2016.09.01 08:09:01.661,0.95225,0.95251,1.00,1.37
2016.09.01 08:09:01.868,0.95225,0.95251,1.00,1.00
2016.09.01 08:09:02.337,0.95225,0.95247,1.00,1.00
2016.09.01 08:09:02.867,0.95226,0.95247,1.00,1.00
2016.09.01 08:09:03.096,0.95226,0.95247,1.00,1.12
2016.09.01 08:09:03.146,0.95226,0.95252,1.00,1.37
2016.09.01 08:09:03.198,0.95226,0.95252,1.00,1.37
2016.09.01 08:09:03.338,0.95226,0.95252,1.00,1.87
2016.09.01 08:09:03.539,0.95226,0.95252,1.00,1.37
2016.09.01 08:09:03.640,0.95226,0.95252,1.00,1.87
2016.09.01 08:09:03.979,0.95228,0.95252,1.00,1.87
2016.09.01 08:09:04.624,0.95228,0.95252,1.00,1.87
2016.09.01 08:09:04.675,0.95226,0.95252,1.00,1.87
2016.09.01 08:09:05.004,0.95225,0.95251,1.00,1.37
2016.09.01 08:09:05.054,0.95225,0.95247,1.00,1.37
2016.09.01 08:09:05.375,0.95225,0.95247,1.00,1.12
2016.09.01 08:09:05.641,0.95225,0.95251,1.00,1.37
2016.09.01 08:09:05.868,0.95225,0.95251,1.00,1.37
2016.09.01 08:09:05.921,0.95225,0.95251,1.00,1.00
2016.09.01 08:09:05.976,0.95225,0.95251,1.00,1.37
2016.09.01 08:09:06.689,0.95225,0.95251,1.00,1.37
2016.09.01 08:09:07.042,0.95225,0.95247,1.00,1.37
2016.09.01 08:09:07.518,0.95226,0.95247,1.00,1.12
2016.09.01 08:09:07.618,0.95226,0.95247,1.00,1.37
2016.09.01 08:09:08.678,0.95226,0.95248,1.00,1.37
2016.09.01 08:09:08.994,0.95226,0.95248,1.00,1.00
2016.09.01 08:09:11.593,0.95226,0.9525,1.00,1.00
2016.09.01 08:09:13.572,0.95226,0.95247,1.00,1.00
2016.09.01 08:09:13.649,0.95226,0.9525,1.00,1.00
2016.09.01 08:09:14.190,0.95227,0.95251,1.00,1.37
2016.09.01 08:09:14.291,0.95227,0.95251,1.00,1.37
2016.09.01 08:09:14.979,0.95227,0.95252,1.00,1.37
2016.09.01 08:09:15.223,0.95227,0.95251,1.00,1.37
2016.09.01 08:09:15.273,0.95227,0.95251,1.00,1.37
2016.09.01 08:09:16.354,0.95227,0.95251,1.00,1.37
2016.09.01 08:09:16.782,0.95225,0.95249,1.00,1.37
2016.09.01 08:09:19.046,0.95225,0.95249,1.00,1.12
2016.09.01 08:09:19.207,0.95224,0.95248,1.00,1.00
2016.09.01 08:09:19.486,0.95225,0.95249,1.00,1.12
2016.09.01 08:09:20.014,0.95224,0.95249,1.00,1.37
2016.09.01 08:09:20.115,0.95221,0.95245,1.00,1.00
2016.09.01 08:09:20.165,0.95221,0.95245,1.00,1.00
2016.09.01 08:09:20.317,0.95221,0.95247,1.00,1.12
2016.09.01 08:09:20.600,0.95221,0.95247,1.00,1.00
2016.09.01 08:09:20.769,0.95221,0.95247,1.00,1.00
2016.09.01 08:09:20.870,0.95221,0.95247,1.00,1.00
2016.09.01 08:09:21.441,0.95221,0.95247,1.00,1.12
2016.09.01 08:09:21.911,0.95221,0.95247,1.00,1.00
2016.09.01 08:09:23.456,0.9522,0.95246,1.00,1.00
2016.09.01 08:09:24.097,0.95221,0.95247,1.00,1.00
2016.09.01 08:09:24.607,0.95222,0.95247,1.00,1.00
2016.09.01 08:09:25.924,0.95222,0.95246,1.00,1.00
2016.09.01 08:09:26.598,0.95228,0.9525,1.00,1.12
2016.09.01 08:09:26.649,0.95228,0.95252,1.00,1.12
2016.09.01 08:09:26.699,0.95226,0.95252,1.00,1.12
2016.09.01 08:09:26.750,0.95226,0.95252,1.00,1.00
2016.09.01 08:09:26.851,0.95226,0.95252,1.00,1.00
2016.09.01 08:09:26.902,0.95229,0.95253,1.00,1.00
2016.09.01 08:09:27.225,0.95229,0.95253,1.00,1.50
2016.09.01 08:09:28.026,0.95229,0.95253,1.00,1.00
2016.09.01 08:09:28.915,0.95229,0.95253,1.00,1.12
2016.09.01 08:09:29.046,0.95229,0.95252,1.00,1.00
2016.09.01 08:09:29.629,0.95229,0.95253,1.00,1.12
2016.09.01 08:09:29.716,0.95229,0.95253,1.00,1.00
2016.09.01 08:09:29.827,0.95229,0.95253,1.00,1.12
2016.09.01 08:09:30.723,0.95229,0.95253,1.00,1.00
2016.09.01 08:09:31.251,0.95228,0.95252,1.00,1.00
2016.09.01 08:09:33.523,0.95228,0.95252,1.00,1.37
2016.09.01 08:09:33.624,0.9522,0.95245,1.00,1.12
2016.09.01 08:09:33.675,0.9522,0.95245,1.00,1.12
2016.09.01 08:09:33.725,0.95223,0.95247,1.00,1.37
2016.09.01 08:09:33.827,0.95222,0.95249,1.00,1.37
2016.09.01 08:09:34.130,0.95224,0.95249,1.00,1.37
2016.09.01 08:09:34.735,0.95223,0.95249,1.00,1.37
2016.09.01 08:09:35.636,0.95223,0.95247,1.00,1.00
2016.09.01 08:09:35.737,0.95222,0.95247,1.00,1.87
2016.09.01 08:09:36.354,0.95221,0.95247,1.00,1.87
2016.09.01 08:09:40.152,0.95223,0.95247,1.00,1.87
2016.09.01 08:09:40.253,0.95223,0.95247,1.00,1.37
2016.09.01 08:09:40.622,0.95224,0.95248,1.00,1.87
2016.09.01 08:09:41.555,0.95223,0.95247,1.00,1.37
2016.09.01 08:09:42.758,0.95221,0.95248,1.00,1.87
2016.09.01 08:09:42.859,0.95223,0.95249,1.00,1.37
2016.09.01 08:09:43.323,0.95223,0.95247,1.00,1.12
2016.09.01 08:09:43.373,0.95223,0.95247,1.00,1.37
2016.09.01 08:09:44.392,0.95223,0.95247,1.00,1.37
2016.09.01 08:09:44.594,0.95223,0.95247,1.00,1.37
2016.09.01 08:09:47.128,0.95225,0.95249,1.00,1.37
2016.09.01 08:09:47.179,0.95225,0.95249,1.00,1.12
2016.09.01 08:09:47.229,0.95226,0.9525,1.00,1.37
2016.09.01 08:09:49.374,0.95225,0.9525,1.00,1.37
2016.09.01 08:09:49.884,0.95225,0.95251,1.00,1.37
2016.09.01 08:09:54.680,0.95225,0.95251,1.00,1.37
2016.09.01 08:09:54.986,0.95225,0.95251,1.00,1.12
2016.09.01 08:09:55.564,0.95225,0.95251,1.00,1.12
2016.09.01 08:09:56.165,0.95225,0.95251,1.00,1.12
2016.09.01 08:09:56.262,0.95225,0.95251,1.00,1.00
2016.09.01 08:09:56.699,0.95225,0.95251,1.00,1.12
2016.09.01 08:09:56.844,0.95225,0.9525,1.00,1.00
2016.09.01 08:09:56.895,0.95225,0.9525,1.00,1.12
2016.09.01 08:09:58.008,0.95225,0.9525,1.00,1.37
2016.09.01 08:09:59.166,0.95225,0.9525,1.00,1.00
2016.09.01 08:09:59.768,0.95225,0.9525,1.00,1.12
2016.09.01 08:09:59.970,0.95225,0.9525,1.00,1.37
2016.09.01 08:10:00.882,0.95225,0.9525,1.00,1.00
2016.09.01 08:10:00.983,0.95225,0.95251,1.00,1.00
2016.09.01 08:10:01.299,0.95225,0.95251,1.00,1.37
2016.09.01 08:10:01.882,0.95225,0.95249,1.00,1.37
2016.09.01 08:10:01.983,0.95225,0.95249,1.00,1.00
2016.09.01 08:10:02.576,0.95225,0.95249,1.00,1.12
2016.09.01 08:10:02.857,0.95226,0.9525,1.00,1.37
2016.09.01 08:10:02.907,0.95226,0.9525,1.00,1.00
2016.09.01 08:10:03.423,0.95225,0.95249,1.00,1.00
2016.09.01 08:10:04.064,0.95226,0.9525,1.00,1.00
2016.09.01 08:10:04.278,0.95227,0.95251,1.00,1.12
2016.09.01 08:10:04.329,0.95227,0.95251,1.00,1.00
2016.09.01 08:10:05.180,0.95231,0.95256,1.00,1.37
2016.09.01 08:10:05.231,0.95231,0.95256,1.00,1.00
2016.09.01 08:10:05.281,0.95232,0.95256,1.00,1.37
2016.09.01 08:10:05.332,0.95232,0.95256,1.00,1.37
2016.09.01 08:10:05.515,0.95232,0.95256,1.00,1.00
2016.09.01 08:10:05.616,0.95232,0.95256,1.00,1.00
2016.09.01 08:10:05.984,0.9523,0.95256,1.00,1.00
2016.09.01 08:10:06.085,0.95229,0.95254,1.00,1.00
2016.09.01 08:10:06.669,0.95227,0.95252,1.00,1.00
2016.09.01 08:10:07.266,0.95225,0.95249,1.00,1.00
2016.09.01 08:10:07.367,0.95223,0.95249,1.50,1.00
2016.09.01 08:10:07.468,0.95223,0.95247,1.00,1.00
2016.09.01 08:10:07.619,0.95221,0.95247,1.00,1.00
2016.09.01 08:10:07.670,0.95222,0.95251,1.00,1.37
2016.09.01 08:10:07.720,0.95222,0.95251,1.00,1.12
2016.09.01 08:10:08.119,0.95222,0.95251,1.00,1.12
2016.09.01 08:10:08.281,0.95221,0.9525,1.00,1.00
2016.09.01 08:10:08.382,0.95221,0.95247,1.00,1.00
2016.09.01 08:10:09.521,0.95221,0.95247,1.00,1.50
2016.09.01 08:10:13.125,0.95221,0.95247,1.00,1.00
2016.09.01 08:10:13.341,0.95221,0.95247,1.00,1.50
2016.09.01 08:10:13.812,0.95221,0.95247,1.00,1.87
2016.09.01 08:10:13.862,0.95221,0.95247,1.00,1.12
2016.09.01 08:10:13.913,0.9522,0.95246,1.00,1.00
2016.09.01 08:10:15.501,0.95221,0.95247,1.00,1.00
2016.09.01 08:10:15.653,0.95221,0.95247,1.00,1.00
2016.09.01 08:10:15.704,0.95221,0.95247,1.00,1.12
2016.09.01 08:10:15.805,0.95223,0.95247,1.00,1.00
2016.09.01 08:10:15.906,0.95224,0.95248,1.00,1.50
2016.09.01 08:10:16.099,0.95222,0.95248,1.00,1.50
2016.09.01 08:10:16.150,0.95222,0.95248,1.00,1.00
2016.09.01 08:10:16.200,0.95221,0.95246,1.00,1.00
2016.09.01 08:10:16.750,0.95221,0.95246,1.00,1.00
2016.09.01 08:10:16.801,0.9522,0.95247,1.50,1.37
2016.09.01 08:10:16.852,0.9522,0.95247,1.50,1.37
2016.09.01 08:10:16.903,0.9522,0.95247,1.00,1.37
2016.09.01 08:10:16.954,0.9522,0.95247,1.00,1.37
2016.09.01 08:10:17.348,0.95221,0.95247,1.00,1.12
2016.09.01 08:10:17.449,0.95221,0.95247,1.00,1.87
2016.09.01 08:10:17.500,0.95221,0.95247,1.00,1.87
2016.09.01 08:10:17.552,0.95221,0.95247,1.00,1.87
2016.09.01 08:10:17.803,0.9522,0.95246,1.00,1.12
2016.09.01 08:10:17.854,0.9522,0.95246,1.00,1.12
2016.09.01 08:10:17.936,0.9522,0.95246,1.50,1.37
2016.09.01 08:10:18.037,0.9522,0.95246,1.00,1.37
2016.09.01 08:10:18.159,0.95222,0.95246,1.00,1.00
2016.09.01 08:10:18.395,0.95219,0.95247,1.50,1.00
2016.09.01 08:10:18.446,0.95219,0.95247,1.50,1.12
2016.09.01 08:10:18.496,0.9522,0.95248,1.00,1.37
2016.09.01 08:10:18.703,0.9522,0.95248,1.50,1.12
2016.09.01 08:10:18.804,0.9522,0.95248,1.50,1.37
2016.09.01 08:10:19.055,0.9522,0.95248,1.50,1.37
2016.09.01 08:10:19.356,0.9522,0.95248,1.50,1.37
2016.09.01 08:10:19.406,0.95221,0.95249,1.00,1.37
2016.09.01 08:10:19.942,0.9522,0.95246,1.50,1.37
2016.09.01 08:10:20.043,0.9522,0.95246,1.00,1.37
2016.09.01 08:10:21.313,0.9522,0.95246,1.00,1.00
2016.09.01 08:10:22.102,0.95221,0.95247,1.00,1.12
2016.09.01 08:10:22.512,0.95221,0.95247,1.00,1.37
2016.09.01 08:10:22.613,0.95221,0.95247,1.00,1.00
2016.09.01 08:10:22.904,0.95221,0.95247,1.00,1.12
2016.09.01 08:10:23.114,0.95221,0.95247,1.00,1.37
2016.09.01 08:10:23.511,0.95221,0.95247,1.00,1.00
2016.09.01 08:10:24.109,0.95222,0.95246,1.00,1.00
2016.09.01 08:10:24.517,0.9522,0.95246,1.50,1.00
2016.09.01 08:10:24.644,0.9522,0.95246,1.50,1.00
2016.09.01 08:10:24.695,0.95222,0.95246,1.00,1.00
2016.09.01 08:10:26.517,0.95222,0.95246,1.00,1.37
2016.09.01 08:10:26.717,0.95222,0.95246,1.00,1.00
2016.09.01 08:10:26.821,0.95222,0.95246,1.00,1.12
2016.09.01 08:10:28.019,0.95222,0.95246,1.00,1.00
2016.09.01 08:10:28.146,0.95222,0.95246,1.00,1.00
2016.09.01 08:10:29.025,0.95222,0.95246,1.00,1.12
2016.09.01 08:10:29.146,0.95222,0.95246,1.00,1.00
2016.09.01 08:10:29.247,0.95223,0.95249,1.00,1.00
2016.09.01 08:10:29.426,0.95224,0.95251,1.00,1.12
2016.09.01 08:10:29.629,0.95224,0.95251,1.00,1.00
2016.09.01 08:10:31.075,0.95224,0.95251,1.00,1.00
2016.09.01 08:10:31.127,0.95224,0.95248,1.00,1.00
2016.09.01 08:10:31.269,0.95222,0.95248,1.00,1.00
2016.09.01 08:10:31.319,0.95222,0.95248,1.00,1.00
2016.09.01 08:10:31.370,0.95222,0.95248,1.00,1.12
2016.09.01 08:10:31.526,0.95222,0.95248,1.00,1.00
2016.09.01 08:10:32.052,0.95222,0.95248,1.00,1.12
2016.09.01 08:10:32.155,0.95222,0.95248,1.00,1.37
2016.09.01 08:10:32.256,0.95225,0.95249,1.00,1.37
2016.09.01 08:10:32.358,0.95227,0.95251,1.00,1.37
2016.09.01 08:10:32.976,0.95227,0.95251,1.00,1.12
2016.09.01 08:10:33.130,0.95227,0.95251,1.00,1.37
2016.09.01 08:10:33.328,0.95225,0.95251,1.00,1.37
2016.09.01 08:10:33.931,0.95225,0.95251,1.00,1.00
2016.09.01 08:10:34.892,0.95225,0.95251,1.00,1.00
2016.09.01 08:10:34.943,0.95227,0.95251,1.00,1.00
2016.09.01 08:10:36.335,0.95226,0.9525,1.00,1.00
2016.09.01 08:10:36.436,0.95226,0.9525,1.00,1.37
2016.09.01 08:10:38.338,0.95226,0.9525,1.00,1.00
2016.09.01 08:10:38.583,0.95224,0.95249,1.00,1.00
2016.09.01 08:10:38.890,0.95225,0.95252,1.00,1.87
2016.09.01 08:10:39.080,0.95225,0.95252,1.00,1.50
2016.09.01 08:10:39.859,0.95225,0.95252,1.00,1.37
2016.09.01 08:10:40.185,0.95225,0.95252,1.00,1.37
2016.09.01 08:10:40.363,0.95225,0.95252,1.00,1.87
2016.09.01 08:10:40.864,0.95225,0.95252,1.00,1.37
2016.09.01 08:10:41.044,0.95225,0.95252,1.00,1.37
2016.09.01 08:10:41.095,0.95222,0.95246,1.00,1.37
2016.09.01 08:10:41.145,0.95222,0.95246,1.00,1.37
2016.09.01 08:10:41.686,0.95219,0.95243,1.00,1.12
2016.09.01 08:10:41.737,0.95219,0.95243,1.00,1.12
2016.09.01 08:10:41.787,0.95219,0.95243,1.00,1.37
2016.09.01 08:10:42.285,0.9522,0.95244,1.00,1.12
2016.09.01 08:10:42.487,0.9522,0.95246,1.00,1.37
2016.09.01 08:10:43.167,0.9522,0.95246,1.00,1.37
2016.09.01 08:10:43.267,0.9522,0.95246,1.00,1.37
2016.09.01 08:10:43.984,0.95219,0.95246,1.00,1.37
2016.09.01 08:10:44.085,0.95219,0.95246,1.00,1.12
2016.09.01 08:10:45.053,0.95219,0.95246,1.00,1.37
2016.09.01 08:10:46.144,0.95222,0.95246,1.00,1.37
2016.09.01 08:10:46.195,0.95225,0.95249,1.00,1.37
2016.09.01 08:10:47.272,0.95225,0.95248,1.00,1.37
2016.09.01 08:10:48.346,0.95225,0.95248,1.00,1.37
2016.09.01 08:10:48.922,0.95225,0.95249,1.00,1.37
2016.09.01 08:10:48.972,0.95222,0.95249,1.00,1.37
2016.09.01 08:10:49.141,0.95222,0.95249,1.00,1.37
2016.09.01 08:10:49.192,0.95223,0.9525,1.00,1.37
2016.09.01 08:10:49.701,0.95223,0.95249,1.00,1.37
2016.09.01 08:10:50.212,0.95224,0.9525,1.00,1.37
2016.09.01 08:10:51.063,0.95224,0.9525,1.00,1.37
2016.09.01 08:10:51.114,0.95224,0.95248,1.00,1.37
2016.09.01 08:10:51.366,0.95219,0.95249,1.50,1.37
2016.09.01 08:10:51.467,0.9522,0.95244,1.00,1.37
2016.09.01 08:10:51.669,0.95219,0.95244,1.00,1.37
2016.09.01 08:10:51.770,0.95216,0.95244,1.00,1.37
2016.09.01 08:10:51.871,0.95216,0.95244,1.50,1.37
2016.09.01 08:10:54.578,0.95216,0.95244,1.00,1.37
2016.09.01 08:10:54.679,0.95218,0.95244,1.00,1.37
2016.09.01 08:10:56.408,0.95218,0.95242,1.00,1.37
2016.09.01 08:10:56.508,0.95219,0.95244,1.00,1.37
2016.09.01 08:10:56.609,0.95219,0.95244,1.00,1.12
2016.09.01 08:10:56.696,0.9522,0.95245,1.00,1.37
2016.09.01 08:10:56.747,0.9522,0.95245,1.00,1.37
2016.09.01 08:10:57.283,0.95221,0.95245,1.00,1.37
2016.09.01 08:10:57.477,0.9522,0.95244,1.00,1.12
2016.09.01 08:10:58.271,0.9522,0.95244,1.00,1.37
2016.09.01 08:10:58.672,0.9522,0.95244,1.00,1.12
2016.09.01 08:10:59.396,0.9522,0.95244,1.00,1.37
2016.09.01 08:10:59.497,0.95215,0.95239,1.00,1.00
2016.09.01 08:10:59.597,0.95215,0.95241,1.00,1.12
2016.09.01 08:10:59.648,0.95215,0.95241,1.00,1.12
2016.09.01 08:10:59.879,0.95215,0.95241,1.00,1.37
2016.09.01 08:10:59.930,0.95214,0.95249,1.00,1.97
2016.09.01 08:11:00.041,0.95214,0.95248,1.00,3.22
2016.09.01 08:11:00.095,0.95213,0.95248,1.00,3.22
2016.09.01 08:11:00.145,0.95213,0.95245,1.00,1.87
2016.09.01 08:11:00.196,0.95214,0.95242,1.00,1.37
2016.09.01 08:11:00.297,0.9521,0.95242,1.12,1.37
2016.09.01 08:11:00.549,0.9521,0.95242,1.12,1.37
2016.09.01 08:11:00.600,0.95211,0.95242,1.00,1.37
2016.09.01 08:11:00.753,0.95211,0.95242,1.00,1.37
2016.09.01 08:11:01.396,0.9521,0.95242,1.12,1.37
2016.09.01 08:11:01.631,0.9521,0.95242,1.00,1.37
2016.09.01 08:11:02.350,0.95211,0.95242,1.00,1.37
2016.09.01 08:11:03.060,0.95211,0.95242,1.00,1.37
2016.09.01 08:11:03.111,0.9521,0.95242,1.00,1.37
2016.09.01 08:11:03.390,0.9521,0.95242,1.00,1.37
2016.09.01 08:11:04.414,0.95214,0.9524,1.00,1.37
2016.09.01 08:11:06.997,0.95212,0.9524,1.00,1.37
2016.09.01 08:11:09.914,0.95212,0.95238,1.00,1.12
2016.09.01 08:11:10.015,0.95212,0.95238,1.00,1.00
2016.09.01 08:11:10.116,0.95209,0.95234,1.00,1.00
2016.09.01 08:11:10.217,0.95205,0.95233,1.00,1.37
2016.09.01 08:11:10.327,0.95206,0.95234,1.00,1.12
2016.09.01 08:11:10.378,0.95206,0.95234,1.00,1.12
2016.09.01 08:11:10.428,0.95207,0.95233,1.00,1.00
2016.09.01 08:11:10.529,0.95208,0.95236,1.00,1.00
2016.09.01 08:11:10.630,0.95207,0.95242,1.00,1.97
2016.09.01 08:11:10.681,0.95207,0.95242,1.00,1.97
2016.09.01 08:11:10.731,0.95205,0.95237,1.00,1.37
2016.09.01 08:11:10.782,0.95205,0.95237,1.00,1.37
2016.09.01 08:11:10.833,0.95204,0.95236,1.00,1.37
2016.09.01 08:11:10.883,0.95204,0.95236,1.00,1.37
2016.09.01 08:11:10.934,0.95201,0.95236,1.00,1.87
2016.09.01 08:11:11.027,0.952,0.95236,1.00,1.37
2016.09.01 08:11:11.078,0.952,0.95236,1.00,1.37
2016.09.01 08:11:11.580,0.952,0.95236,1.00,1.37
2016.09.01 08:11:11.631,0.95203,0.95236,1.00,1.37
2016.09.01 08:11:11.748,0.95204,0.95236,1.00,1.37
2016.09.01 08:11:11.799,0.95202,0.95235,1.00,1.37
2016.09.01 08:11:11.850,0.952,0.95235,1.00,1.37
2016.09.01 08:11:11.901,0.952,0.95235,1.00,1.37
2016.09.01 08:11:11.971,0.952,0.95235,1.00,1.37
2016.09.01 08:11:12.022,0.95199,0.95236,1.00,1.87
2016.09.01 08:11:12.072,0.95199,0.95236,1.00,1.87
2016.09.01 08:11:12.173,0.95199,0.95236,1.00,1.87
2016.09.01 08:11:12.224,0.952,0.95235,1.00,1.37
2016.09.01 08:11:12.274,0.952,0.95235,1.00,1.37
2016.09.01 08:11:12.325,0.95199,0.95236,1.00,1.87
2016.09.01 08:11:12.375,0.95199,0.95236,1.00,1.87
2016.09.01 08:11:12.732,0.952,0.95235,1.00,1.37
2016.09.01 08:11:13.797,0.95199,0.95236,1.00,1.87
2016.09.01 08:11:13.848,0.95205,0.95231,1.00,1.12
2016.09.01 08:11:14.401,0.95206,0.95232,1.00,1.37
2016.09.01 08:11:14.502,0.95207,0.95233,1.00,1.12
2016.09.01 08:11:14.553,0.95207,0.95235,1.00,1.37
2016.09.01 08:11:14.778,0.95206,0.95234,1.00,1.37
2016.09.01 08:11:14.978,0.95206,0.95234,1.00,1.37
2016.09.01 08:11:15.485,0.95207,0.95235,1.00,1.37
2016.09.01 08:11:19.412,0.95208,0.95236,1.00,1.37
2016.09.01 08:11:20.659,0.9521,0.95234,1.00,1.37
2016.09.01 08:11:21.630,0.95208,0.95234,1.00,1.37
2016.09.01 08:11:21.742,0.95208,0.95236,1.00,1.37
2016.09.01 08:11:22.045,0.9521,0.95236,1.00,1.37
2016.09.01 08:11:22.146,0.95213,0.95239,1.00,1.37
2016.09.01 08:11:22.197,0.95213,0.95239,1.00,1.37
2016.09.01 08:11:22.248,0.9521,0.95238,1.00,1.37
2016.09.01 08:11:22.436,0.95211,0.9524,1.00,1.37
2016.09.01 08:11:22.494,0.95211,0.9524,1.00,1.37
2016.09.01 08:11:22.544,0.95213,0.95239,1.00,1.37
2016.09.01 08:11:22.595,0.95213,0.95239,1.00,1.37
2016.09.01 08:11:22.898,0.9521,0.95236,1.00,1.37
2016.09.01 08:11:23.414,0.95209,0.95235,1.00,1.37
2016.09.01 08:11:23.699,0.95209,0.95235,1.00,1.37
2016.09.01 08:11:23.800,0.95209,0.95235,1.00,1.37
2016.09.01 08:11:23.901,0.95209,0.95235,1.00,1.37
2016.09.01 08:11:24.122,0.95209,0.95235,1.00,1.37
2016.09.01 08:11:24.263,0.9521,0.95236,1.00,1.37
2016.09.01 08:11:24.314,0.9521,0.95236,1.00,1.37
2016.09.01 08:11:24.661,0.95212,0.95238,1.00,1.37
2016.09.01 08:11:24.762,0.95209,0.95237,1.00,1.37
2016.09.01 08:11:24.933,0.95212,0.95238,1.00,1.37
2016.09.01 08:11:24.984,0.9521,0.95238,1.00,1.37
2016.09.01 08:11:25.035,0.9521,0.95238,1.00,1.12
2016.09.01 08:11:25.263,0.9521,0.95238,1.00,1.37
2016.09.01 08:11:25.364,0.9521,0.95238,1.50,1.37
2016.09.01 08:11:25.465,0.95212,0.95238,1.00,1.37
2016.09.01 08:11:26.724,0.9521,0.95238,1.00,1.37
2016.09.01 08:11:27.634,0.95212,0.95238,1.00,1.37
2016.09.01 08:11:27.736,0.95212,0.9524,1.00,1.37
2016.09.01 08:11:27.851,0.95214,0.9524,1.00,1.37
2016.09.01 08:11:28.459,0.95212,0.95238,1.00,1.37
2016.09.01 08:11:29.962,0.95212,0.9524,1.00,1.37
2016.09.01 08:11:30.276,0.95212,0.95238,1.00,1.37
2016.09.01 08:11:30.926,0.95212,0.95238,1.00,1.12
2016.09.01 08:11:31.737,0.95212,0.95238,1.00,1.00
2016.09.01 08:11:32.128,0.95212,0.95238,1.00,1.12
2016.09.01 08:11:32.279,0.9521,0.95238,1.50,1.12
2016.09.01 08:11:32.704,0.9521,0.95238,1.50,1.12
2016.09.01 08:11:32.755,0.95212,0.95238,1.00,1.12
2016.09.01 08:11:32.972,0.95214,0.9524,1.00,1.37
2016.09.01 08:11:33.073,0.95212,0.9524,1.00,1.37
2016.09.01 08:11:33.174,0.95211,0.95238,1.00,1.37
2016.09.01 08:11:33.230,0.95211,0.95238,1.00,1.12
2016.09.01 08:11:33.680,0.95213,0.95239,1.00,1.00
2016.09.01 08:11:33.731,0.95213,0.95239,1.00,1.12
2016.09.01 08:11:34.532,0.95213,0.95239,1.00,1.00
2016.09.01 08:11:34.583,0.95213,0.95239,1.50,1.00
2016.09.01 08:11:34.838,0.95213,0.95239,1.00,1.00
2016.09.01 08:11:34.951,0.95213,0.95241,1.00,1.12
2016.09.01 08:11:35.940,0.95213,0.95241,1.00,1.00
2016.09.01 08:11:36.334,0.95213,0.95241,1.00,1.37
2016.09.01 08:11:36.669,0.95213,0.95241,1.00,1.12
2016.09.01 08:11:36.781,0.95212,0.95238,1.00,1.00
2016.09.01 08:11:36.831,0.95212,0.95238,1.00,1.00
2016.09.01 08:11:37.135,0.95214,0.9524,1.00,1.00
2016.09.01 08:11:37.185,0.95214,0.95242,1.00,1.00
2016.09.01 08:11:37.236,0.95214,0.95242,1.12,1.00
2016.09.01 08:11:37.287,0.95215,0.95243,1.00,1.00
2016.09.01 08:11:37.683,0.95215,0.95241,1.00,1.00
2016.09.01 08:11:37.784,0.95213,0.9524,1.00,1.00
2016.09.01 08:11:37.834,0.95213,0.9524,1.00,1.00
2016.09.01 08:11:37.885,0.95214,0.9524,1.00,1.00
2016.09.01 08:11:38.087,0.95216,0.95242,1.00,1.00
2016.09.01 08:11:38.470,0.95217,0.95243,1.00,1.12
2016.09.01 08:11:38.585,0.95217,0.95243,1.00,1.00
2016.09.01 08:11:38.944,0.95213,0.95241,1.00,1.00
2016.09.01 08:11:39.045,0.95213,0.95241,1.00,1.12
2016.09.01 08:11:39.578,0.95215,0.95241,1.00,1.12
2016.09.01 08:11:39.640,0.95215,0.95241,1.00,1.00
2016.09.01 08:11:39.993,0.95213,0.95239,1.00,1.00
2016.09.01 08:11:40.180,0.95213,0.95239,1.50,1.00
2016.09.01 08:11:40.690,0.95215,0.95242,1.00,1.37
2016.09.01 08:11:40.791,0.95215,0.95242,1.00,1.00
2016.09.01 08:11:40.842,0.95215,0.95242,1.00,1.00
2016.09.01 08:11:40.892,0.95216,0.95244,1.00,1.00
2016.09.01 08:11:41.748,0.95218,0.95244,1.00,1.00
2016.09.01 08:11:47.654,0.95218,0.95244,1.37,1.00
2016.09.01 08:11:49.584,0.95218,0.95244,1.12,1.00
2016.09.01 08:11:50.195,0.95218,0.95243,1.12,1.00
2016.09.01 08:11:50.301,0.95218,0.95244,1.37,1.00
2016.09.01 08:11:50.574,0.95217,0.95243,1.37,1.00
2016.09.01 08:11:50.746,0.95219,0.95243,1.37,1.00
2016.09.01 08:11:50.961,0.9522,0.95245,1.37,1.00
2016.09.01 08:11:51.211,0.95218,0.95245,1.37,1.00
2016.09.01 08:11:51.261,0.95218,0.95245,1.37,1.00
2016.09.01 08:11:51.962,0.95218,0.95245,1.37,1.00
2016.09.01 08:11:52.063,0.9522,0.95244,1.37,1.00
2016.09.01 08:11:53.064,0.9522,0.95244,1.00,1.00
2016.09.01 08:11:55.215,0.95219,0.95243,1.00,1.00
2016.09.01 08:11:56.870,0.9522,0.95244,1.00,1.00
2016.09.01 08:11:57.206,0.95222,0.95246,1.00,1.00
2016.09.01 08:12:01.111,0.95221,0.95246,1.00,1.00
2016.09.01 08:12:02.025,0.95222,0.95247,1.00,1.12
2016.09.01 08:12:02.126,0.95222,0.95249,1.00,1.00
2016.09.01 08:12:02.583,0.95222,0.95246,1.00,1.00
2016.09.01 08:12:03.133,0.95221,0.95247,1.00,1.00
2016.09.01 08:12:04.528,0.9522,0.95247,1.00,1.00
2016.09.01 08:12:04.906,0.9522,0.95247,1.00,1.37
2016.09.01 08:12:05.587,0.95222,0.95248,1.00,1.37
2016.09.01 08:12:05.897,0.95225,0.95249,1.00,1.37
2016.09.01 08:12:06.226,0.95223,0.95249,1.00,1.37
2016.09.01 08:12:07.742,0.95222,0.95249,1.00,1.37
2016.09.01 08:12:07.927,0.95226,0.95253,1.00,1.37
2016.09.01 08:12:08.245,0.95228,0.95254,1.00,1.37
2016.09.01 08:12:08.346,0.95226,0.95253,1.00,1.97
2016.09.01 08:12:08.396,0.95226,0.95253,1.00,1.97
2016.09.01 08:12:08.503,0.95223,0.95247,1.00,1.37
2016.09.01 08:12:08.604,0.95214,0.95247,1.50,1.37
2016.09.01 08:12:08.705,0.95213,0.95247,1.37,1.37
2016.09.01 08:12:08.806,0.95213,0.95247,1.00,1.37
2016.09.01 08:12:08.907,0.95213,0.95247,1.00,1.37
2016.09.01 08:12:09.008,0.95213,0.95247,1.00,1.87
2016.09.01 08:12:09.520,0.95213,0.95247,1.00,1.87
2016.09.01 08:12:09.697,0.95213,0.95247,1.00,1.87
2016.09.01 08:12:10.699,0.95213,0.95247,1.00,1.87
2016.09.01 08:12:10.749,0.95216,0.9524,1.00,1.00
2016.09.01 08:12:10.850,0.95218,0.95243,1.00,1.37
2016.09.01 08:12:10.901,0.95218,0.95243,1.00,1.00
2016.09.01 08:12:10.951,0.95219,0.95245,1.00,1.37
2016.09.01 08:12:11.440,0.95218,0.95243,1.00,1.12
2016.09.01 08:12:11.745,0.95217,0.95244,1.00,1.37
2016.09.01 08:12:13.626,0.95217,0.95244,1.50,1.37
2016.09.01 08:12:13.742,0.95217,0.95244,1.00,1.37
2016.09.01 08:12:13.843,0.95217,0.95244,1.50,1.37
2016.09.01 08:12:14.243,0.95217,0.95244,1.50,1.37
2016.09.01 08:12:14.350,0.95217,0.95244,1.50,1.37
2016.09.01 08:12:14.800,0.95217,0.95244,1.00,1.12
2016.09.01 08:12:14.901,0.95217,0.95244,1.00,1.37
2016.09.01 08:12:15.702,0.95217,0.95244,1.00,1.12
2016.09.01 08:12:19.524,0.95218,0.95244,1.00,1.12
2016.09.01 08:12:19.608,0.95218,0.95244,1.50,1.12
2016.09.01 08:12:19.908,0.95218,0.95244,1.00,1.00
2016.09.01 08:12:20.074,0.95217,0.95243,1.50,1.00
2016.09.01 08:12:20.125,0.95218,0.95243,1.00,1.00
2016.09.01 08:12:20.659,0.95217,0.95243,1.00,1.00
2016.09.01 08:12:20.710,0.95217,0.95243,1.50,1.00
2016.09.01 08:12:20.761,0.95218,0.95244,1.00,1.00
2016.09.01 08:12:20.912,0.95218,0.95244,1.50,1.00
2016.09.01 08:12:21.219,0.95218,0.95244,1.00,1.00
2016.09.01 08:12:21.320,0.95218,0.95244,1.50,1.00
2016.09.01 08:12:22.712,0.95218,0.95244,1.00,1.00
2016.09.01 08:12:22.763,0.95217,0.95243,1.50,1.00
2016.09.01 08:12:23.113,0.95218,0.95243,1.00,1.00
2016.09.01 08:12:25.817,0.95217,0.95243,1.50,1.00
2016.09.01 08:12:25.940,0.95218,0.95243,1.00,1.00
2016.09.01 08:12:26.067,0.95217,0.95243,1.00,1.00
2016.09.01 08:12:26.418,0.95218,0.95244,1.50,1.00
2016.09.01 08:12:26.519,0.95218,0.95244,1.50,1.12
2016.09.01 08:12:26.620,0.95218,0.95244,1.50,1.00
2016.09.01 08:12:26.721,0.95218,0.95244,1.50,1.12
2016.09.01 08:12:26.844,0.95218,0.95243,1.00,1.00
2016.09.01 08:12:29.544,0.95217,0.95243,1.00,1.00
2016.09.01 08:12:29.594,0.95216,0.95242,1.00,1.00
2016.09.01 08:12:29.695,0.95217,0.95242,1.00,1.00
2016.09.01 08:12:30.175,0.95221,0.95248,1.00,1.12
2016.09.01 08:12:30.353,0.95223,0.95248,1.00,1.00
2016.09.01 08:12:30.404,0.95224,0.95248,1.00,1.00
2016.09.01 08:12:30.518,0.95224,0.95248,1.00,1.50
2016.09.01 08:12:32.200,0.95222,0.95248,1.00,1.50
2016.09.01 08:12:32.251,0.95222,0.95248,1.00,1.87
2016.09.01 08:12:32.301,0.9522,0.95243,1.00,1.00
2016.09.01 08:12:32.403,0.95219,0.95242,1.00,1.00
2016.09.01 08:12:32.483,0.95217,0.95242,1.00,1.00
2016.09.01 08:12:32.535,0.95216,0.9524,1.00,1.00
2016.09.01 08:12:34.643,0.95215,0.9524,1.00,1.00
2016.09.01 08:12:35.617,0.95217,0.95242,1.00,1.00
2016.09.01 08:12:35.820,0.95216,0.95241,1.50,1.00
2016.09.01 08:12:35.871,0.95216,0.95241,1.00,1.00
2016.09.01 08:12:35.921,0.95216,0.9524,1.00,1.00
2016.09.01 08:12:35.972,0.95216,0.9524,1.00,1.00
2016.09.01 08:12:36.318,0.95217,0.95242,1.00,1.50
2016.09.01 08:12:36.369,0.95217,0.95242,1.00,1.00
2016.09.01 08:12:36.426,0.95217,0.95242,1.00,1.50
2016.09.01 08:12:36.514,0.95215,0.95242,1.00,1.00
2016.09.01 08:12:36.566,0.95215,0.95243,1.00,1.00
2016.09.01 08:12:36.617,0.95215,0.95243,1.00,1.00
2016.09.01 08:12:36.669,0.95215,0.95243,1.50,1.00
2016.09.01 08:12:36.968,0.95216,0.95243,1.00,1.00
2016.09.01 08:12:37.028,0.95216,0.95242,1.00,1.00
2016.09.01 08:12:37.286,0.95216,0.95242,1.00,1.12
2016.09.01 08:12:37.338,0.95216,0.95242,1.00,1.12
2016.09.01 08:12:37.570,0.95216,0.95242,1.00,1.12
2016.09.01 08:12:37.671,0.95216,0.95242,1.00,1.00
2016.09.01 08:12:39.305,0.95218,0.95242,1.00,1.50
2016.09.01 08:12:39.836,0.95221,0.95242,1.00,1.00
2016.09.01 08:12:39.937,0.9522,0.95245,1.00,1.12
2016.09.01 08:12:39.987,0.9522,0.95245,1.00,1.00
2016.09.01 08:12:40.038,0.95221,0.95247,1.00,1.87
2016.09.01 08:12:40.193,0.95219,0.95247,1.00,1.87
2016.09.01 08:12:40.733,0.95219,0.95247,1.00,1.12
2016.09.01 08:12:40.843,0.95219,0.95247,1.00,1.00
2016.09.01 08:12:41.078,0.95219,0.95247,1.00,1.12
2016.09.01 08:12:41.397,0.95221,0.95245,1.00,1.00
2016.09.01 08:12:41.926,0.9522,0.95245,1.00,1.00
2016.09.01 08:12:43.732,0.9522,0.95244,1.00,1.00
2016.09.01 08:12:49.643,0.95218,0.95243,1.00,1.00
2016.09.01 08:12:49.730,0.95217,0.95243,1.50,1.00
2016.09.01 08:12:49.781,0.95218,0.95243,1.00,1.00
2016.09.01 08:12:49.882,0.95219,0.95243,1.00,1.00
2016.09.01 08:12:50.084,0.95217,0.95243,1.00,1.00
2016.09.01 08:12:50.134,0.9522,0.95244,1.00,1.00
2016.09.01 08:12:51.740,0.95218,0.95244,1.00,1.00
2016.09.01 08:12:52.004,0.95218,0.95244,1.00,1.00
2016.09.01 08:12:52.339,0.95218,0.95242,1.00,1.00
2016.09.01 08:12:52.641,0.95218,0.95245,1.00,1.37
2016.09.01 08:12:52.742,0.95218,0.95243,1.00,1.12
2016.09.01 08:12:52.793,0.95218,0.95242,1.00,1.00
2016.09.01 08:12:53.090,0.95217,0.95243,1.00,1.50
2016.09.01 08:12:53.365,0.95217,0.95241,1.00,1.00
2016.09.01 08:12:53.466,0.95216,0.9524,1.00,1.37
2016.09.01 08:12:53.567,0.95216,0.9524,1.00,1.00
2016.09.01 08:12:53.852,0.95216,0.95243,1.00,1.12
2016.09.01 08:12:53.903,0.95216,0.95243,1.00,1.37
2016.09.01 08:12:54.240,0.95216,0.95242,1.00,1.12
2016.09.01 08:12:54.291,0.95216,0.95242,1.00,1.00
2016.09.01 08:12:54.342,0.95217,0.95243,1.00,1.12
2016.09.01 08:12:54.392,0.95217,0.95243,1.00,1.37
2016.09.01 08:12:54.494,0.95216,0.95242,1.00,1.00
2016.09.01 08:12:54.567,0.95216,0.95242,1.00,1.12
2016.09.01 08:12:55.945,0.95217,0.95245,1.00,1.37
2016.09.01 08:12:56.262,0.95215,0.95241,1.00,1.37
2016.09.01 08:12:56.481,0.95215,0.95241,1.00,1.37
2016.09.01 08:12:56.998,0.95214,0.95242,1.00,1.87
2016.09.01 08:12:57.957,0.95215,0.95242,1.00,1.37
2016.09.01 08:12:59.075,0.95215,0.95243,1.00,1.37
2016.09.01 08:13:02.269,0.95215,0.95242,1.00,1.37
2016.09.01 08:13:02.402,0.95217,0.95241,1.00,1.37
2016.09.01 08:13:02.505,0.95216,0.95244,1.00,1.37
2016.09.01 08:13:02.606,0.95216,0.95244,1.00,1.12
2016.09.01 08:13:02.981,0.95216,0.95244,1.00,1.00
2016.09.01 08:13:03.707,0.95215,0.9524,1.00,1.00
2016.09.01 08:13:03.758,0.95215,0.9524,1.00,1.00
2016.09.01 08:13:03.809,0.95213,0.95241,1.00,1.12
2016.09.01 08:13:03.961,0.95213,0.95241,1.00,1.12
2016.09.01 08:13:04.012,0.95213,0.95241,1.00,1.12
2016.09.01 08:13:04.202,0.95212,0.9524,1.50,1.00
2016.09.01 08:13:04.984,0.95212,0.9524,1.00,1.00
2016.09.01 08:13:07.688,0.95212,0.9524,1.00,1.12
2016.09.01 08:13:08.089,0.95212,0.9524,1.50,1.37
2016.09.01 08:13:08.669,0.95212,0.95237,1.50,1.00
2016.09.01 08:13:08.770,0.95212,0.9524,1.50,1.37
2016.09.01 08:13:08.821,0.95218,0.95244,1.00,1.37
2016.09.01 08:13:08.872,0.95218,0.95242,1.00,1.12
2016.09.01 08:13:08.922,0.95216,0.95242,1.00,1.50
2016.09.01 08:13:09.023,0.95214,0.95242,1.00,1.50
2016.09.01 08:13:09.200,0.95214,0.95242,1.00,1.37
2016.09.01 08:13:09.715,0.95213,0.95241,1.00,1.37
2016.09.01 08:13:11.509,0.95214,0.95241,1.00,1.37
2016.09.01 08:13:12.591,0.95214,0.95237,1.00,1.00
2016.09.01 08:13:12.718,0.95214,0.95237,1.00,1.12
2016.09.01 08:13:15.721,0.95215,0.95237,1.00,1.12
2016.09.01 08:13:15.902,0.95215,0.95237,1.00,1.00
2016.09.01 08:13:16.818,0.95214,0.95237,1.00,1.00
2016.09.01 08:13:17.552,0.9521,0.95235,1.00,1.00
2016.09.01 08:13:17.732,0.95208,0.95232,1.35,1.00
2016.09.01 08:13:17.833,0.95204,0.9523,1.00,1.00
2016.09.01 08:13:17.934,0.95202,0.95229,1.00,1.00
2016.09.01 08:13:17.985,0.95202,0.95229,1.00,1.00
2016.09.01 08:13:18.036,0.95202,0.95229,1.00,1.12
2016.09.01 08:13:18.853,0.95204,0.95229,1.00,1.00
2016.09.01 08:13:20.065,0.95206,0.95231,1.00,1.37
2016.09.01 08:13:20.115,0.95206,0.95231,1.00,1.00
2016.09.01 08:13:20.346,0.95205,0.95232,1.50,1.12
2016.09.01 08:13:20.447,0.95204,0.95229,1.00,1.00
2016.09.01 08:13:20.631,0.95202,0.95229,1.50,1.00
2016.09.01 08:13:20.732,0.95202,0.95229,1.00,1.00
2016.09.01 08:13:21.416,0.95202,0.95229,1.50,1.00
2016.09.01 08:13:21.466,0.95203,0.9523,1.00,1.00
2016.09.01 08:13:23.866,0.95202,0.95229,1.50,1.00
2016.09.01 08:13:23.994,0.95202,0.95229,1.00,1.00
2016.09.01 08:13:25.236,0.95202,0.95227,1.00,1.00
2016.09.01 08:13:25.569,0.95204,0.95229,1.00,1.00
2016.09.01 08:13:26.181,0.95203,0.95228,1.00,1.00
2016.09.01 08:13:26.500,0.95205,0.9523,1.00,1.00
2016.09.01 08:13:27.878,0.95203,0.95228,1.00,1.00
2016.09.01 08:13:28.492,0.95204,0.9523,1.00,1.00
2016.09.01 08:13:28.821,0.95204,0.95227,1.00,1.00
2016.09.01 08:13:29.013,0.95202,0.95227,1.00,1.50
2016.09.01 08:13:33.426,0.95202,0.95227,1.00,1.00
2016.09.01 08:13:33.736,0.95202,0.95227,1.37,1.00
2016.09.01 08:13:33.786,0.95203,0.95228,1.12,1.00
2016.09.01 08:13:34.154,0.95203,0.95228,1.87,1.00
2016.09.01 08:13:34.742,0.95203,0.95228,1.00,1.00
2016.09.01 08:13:34.792,0.95204,0.95231,1.00,1.00
2016.09.01 08:13:34.894,0.95204,0.95231,1.00,1.00
2016.09.01 08:13:34.944,0.95204,0.95231,1.00,1.00
2016.09.01 08:13:36.069,0.95204,0.95229,1.00,1.00
2016.09.01 08:13:36.203,0.95203,0.95229,1.12,1.00
2016.09.01 08:13:36.253,0.95203,0.95229,1.00,1.00
2016.09.01 08:13:36.460,0.95202,0.95229,1.50,1.00
2016.09.01 08:13:36.661,0.95203,0.9523,1.87,1.00
2016.09.01 08:13:37.455,0.95203,0.9523,1.12,1.00
2016.09.01 08:13:37.505,0.95203,0.9523,1.12,1.00
2016.09.01 08:13:37.556,0.95203,0.9523,1.87,1.00
2016.09.01 08:13:38.363,0.95204,0.95231,1.37,1.00
2016.09.01 08:13:38.532,0.95204,0.95231,1.37,1.00
2016.09.01 08:13:38.832,0.95204,0.95231,1.37,1.00
2016.09.01 08:13:39.445,0.95204,0.95231,1.12,1.00
2016.09.01 08:13:39.546,0.95204,0.95231,1.37,1.00
2016.09.01 08:13:41.048,0.95204,0.95231,1.12,1.00
2016.09.01 08:13:41.099,0.95203,0.95228,1.87,1.00
2016.09.01 08:13:41.150,0.95203,0.95228,1.50,1.00
2016.09.01 08:13:41.389,0.95203,0.9523,1.12,1.00
2016.09.01 08:13:41.490,0.95203,0.9523,1.87,1.00
2016.09.01 08:13:41.540,0.95203,0.9523,1.87,1.00
2016.09.01 08:13:41.667,0.95205,0.9523,1.12,1.00
2016.09.01 08:13:42.349,0.95205,0.9523,1.00,1.00
2016.09.01 08:13:43.502,0.95203,0.9523,1.00,1.00
2016.09.01 08:13:43.552,0.95203,0.9523,1.50,1.00
2016.09.01 08:13:43.949,0.95203,0.9523,1.50,1.00
2016.09.01 08:13:44.000,0.95202,0.95229,1.50,1.00
2016.09.01 08:13:44.270,0.95202,0.95228,1.00,1.00
2016.09.01 08:13:44.353,0.95203,0.95228,1.00,1.00
2016.09.01 08:13:44.454,0.95203,0.95229,1.37,1.00
2016.09.01 08:13:44.504,0.95203,0.9523,1.87,1.00
2016.09.01 08:13:44.677,0.95205,0.9523,1.00,1.00
2016.09.01 08:13:45.319,0.95205,0.95232,1.00,1.50
2016.09.01 08:13:46.167,0.95205,0.95232,1.00,1.00
2016.09.01 08:13:46.582,0.95204,0.95229,1.00,1.00
2016.09.01 08:13:47.108,0.95203,0.95228,1.00,1.00
2016.09.01 08:13:47.509,0.95202,0.95231,1.00,1.00
2016.09.01 08:13:47.560,0.95202,0.95231,1.00,1.00
2016.09.01 08:13:47.614,0.95202,0.95231,1.00,1.00
2016.09.01 08:13:47.665,0.95202,0.95231,1.37,1.00
2016.09.01 08:13:47.738,0.95202,0.95231,1.37,1.00
2016.09.01 08:13:47.976,0.95205,0.9523,1.00,1.00
2016.09.01 08:13:49.464,0.95205,0.9523,1.12,1.00
2016.09.01 08:13:49.515,0.95208,0.95233,1.00,1.00
2016.09.01 08:13:49.616,0.95208,0.95235,1.00,1.00
2016.09.01 08:13:49.949,0.95206,0.95234,1.00,1.00
2016.09.01 08:13:50.496,0.95206,0.95235,1.00,1.00
2016.09.01 08:13:53.021,0.95209,0.95234,1.00,1.00
2016.09.01 08:13:53.941,0.95208,0.95233,1.00,1.00
2016.09.01 08:13:56.033,0.95206,0.95233,1.50,1.00
2016.09.01 08:13:56.084,0.95206,0.95233,1.00,1.00
2016.09.01 08:13:56.135,0.95205,0.95232,1.00,1.00
2016.09.01 08:13:56.433,0.95205,0.95232,1.00,1.00
2016.09.01 08:13:56.806,0.95212,0.95237,1.00,1.37
2016.09.01 08:13:56.907,0.95212,0.95239,1.00,1.00
2016.09.01 08:13:56.958,0.95212,0.95239,1.00,1.00
2016.09.01 08:13:57.059,0.95216,0.95241,1.00,1.00
2016.09.01 08:13:57.187,0.95216,0.95241,1.00,1.12
2016.09.01 08:13:57.591,0.95214,0.95241,1.00,1.12
2016.09.01 08:13:57.793,0.95213,0.95242,1.00,1.00
2016.09.01 08:13:58.438,0.95213,0.95242,1.00,1.00
2016.09.01 08:13:58.488,0.95215,0.95242,1.00,1.00
2016.09.01 08:13:58.638,0.95215,0.95242,1.00,1.00
2016.09.01 08:13:58.689,0.95215,0.95242,1.00,1.37
2016.09.01 08:13:58.739,0.95215,0.9524,1.00,1.12
2016.09.01 08:13:58.790,0.95215,0.9524,1.00,1.00
2016.09.01 08:13:58.841,0.95215,0.95242,1.00,1.00
2016.09.01 08:13:58.995,0.95214,0.95242,1.00,1.00
2016.09.01 08:13:59.582,0.95215,0.95242,1.00,1.12
2016.09.01 08:13:59.734,0.95215,0.95241,1.00,1.00
2016.09.01 08:13:59.785,0.95212,0.95241,1.00,1.00
2016.09.01 08:13:59.841,0.95212,0.95241,1.00,1.00
2016.09.01 08:13:59.891,0.95215,0.95241,1.00,1.00
2016.09.01 08:13:59.942,0.95215,0.95243,1.00,1.12
2016.09.01 08:14:00.985,0.95215,0.95243,1.00,1.37
2016.09.01 08:14:01.398,0.95215,0.95242,1.50,1.37
2016.09.01 08:14:01.500,0.95215,0.95241,1.00,1.12
2016.09.01 08:14:01.601,0.95215,0.95241,1.00,1.00
2016.09.01 08:14:01.946,0.95215,0.95241,1.00,1.00
2016.09.01 08:14:02.046,0.95215,0.95241,1.00,1.00
2016.09.01 08:14:02.347,0.95217,0.95242,1.00,1.12
2016.09.01 08:14:02.916,0.95217,0.95242,1.00,1.00
2016.09.01 08:14:03.017,0.95217,0.95242,1.00,1.12
2016.09.01 08:14:03.296,0.95217,0.95242,1.00,1.00
2016.09.01 08:14:03.503,0.95217,0.95242,1.00,1.37
2016.09.01 08:14:03.604,0.95215,0.95241,1.00,1.12
2016.09.01 08:14:03.705,0.95216,0.95241,1.00,1.00
2016.09.01 08:14:04.115,0.95215,0.95242,1.00,1.37
2016.09.01 08:14:04.165,0.95215,0.95243,1.00,1.37
2016.09.01 08:14:04.216,0.95211,0.95242,1.50,1.00
2016.09.01 08:14:04.317,0.95212,0.95242,1.00,1.37
2016.09.01 08:14:04.368,0.95212,0.95242,1.00,1.37
2016.09.01 08:14:04.418,0.95212,0.95242,1.00,1.12
2016.09.01 08:14:04.519,0.95212,0.95242,1.00,1.37
2016.09.01 08:14:04.752,0.95212,0.95242,1.00,1.37
2016.09.01 08:14:04.914,0.95211,0.95242,1.50,1.37
2016.09.01 08:14:04.965,0.95211,0.95242,1.50,1.37
2016.09.01 08:14:05.015,0.95208,0.95236,1.00,1.00
2016.09.01 08:14:05.066,0.95208,0.95236,1.00,1.00
2016.09.01 08:14:05.117,0.95206,0.95234,1.00,1.00
2016.09.01 08:14:05.167,0.95206,0.95234,1.00,1.00
2016.09.01 08:14:06.155,0.95206,0.95234,1.00,1.00
2016.09.01 08:14:06.206,0.95206,0.95234,1.00,1.12
2016.09.01 08:14:06.256,0.95208,0.95234,1.00,1.12
2016.09.01 08:14:06.307,0.95208,0.95234,1.00,1.37
2016.09.01 08:14:06.613,0.95208,0.95234,1.00,1.00
2016.09.01 08:14:07.007,0.95208,0.95234,1.00,1.37
2016.09.01 08:14:07.368,0.95208,0.95234,1.00,1.12
2016.09.01 08:14:07.419,0.95206,0.95234,1.00,1.00
2016.09.01 08:14:07.520,0.95206,0.95234,1.00,1.37
2016.09.01 08:14:07.571,0.95206,0.95234,1.00,1.37
2016.09.01 08:14:07.658,0.95206,0.95234,1.00,1.37
2016.09.01 08:14:09.163,0.95206,0.95234,1.00,1.37
2016.09.01 08:14:10.965,0.95206,0.95234,1.00,1.37
2016.09.01 08:14:11.016,0.95205,0.95233,1.50,1.37
2016.09.01 08:14:11.174,0.95205,0.95232,1.50,1.37
2016.09.01 08:14:12.066,0.95205,0.95232,1.50,1.37
2016.09.01 08:14:12.116,0.95205,0.95232,1.50,1.00
2016.09.01 08:14:12.167,0.95208,0.95232,1.00,1.00
2016.09.01 08:14:12.806,0.95208,0.95232,1.00,1.12
2016.09.01 08:14:12.945,0.95208,0.95232,1.00,1.00
2016.09.01 08:14:12.995,0.95208,0.95234,1.00,1.37
2016.09.01 08:14:13.046,0.95208,0.95234,1.00,1.12
2016.09.01 08:14:13.662,0.95208,0.95236,1.00,1.37
2016.09.01 08:14:14.977,0.95208,0.95236,1.00,1.37
2016.09.01 08:14:15.027,0.95208,0.95236,1.00,1.37
2016.09.01 08:14:15.281,0.95208,0.95235,1.00,1.37
2016.09.01 08:14:17.330,0.9521,0.95235,1.00,1.00
2016.09.01 08:14:17.481,0.95214,0.95239,1.00,1.00
2016.09.01 08:14:17.835,0.95212,0.95238,1.00,1.00
2016.09.01 08:14:19.934,0.95212,0.9524,1.00,1.00
2016.09.01 08:14:20.035,0.95216,0.95243,1.50,1.00
2016.09.01 08:14:20.136,0.95215,0.95242,1.50,1.00
2016.09.01 08:14:21.721,0.95216,0.95242,1.00,1.00
2016.09.01 08:14:22.021,0.95216,0.95242,1.00,1.12
2016.09.01 08:14:22.788,0.95216,0.95242,1.00,1.12
2016.09.01 08:14:22.839,0.95217,0.95242,1.00,1.00
2016.09.01 08:14:22.981,0.95216,0.95242,1.00,1.00
2016.09.01 08:14:23.374,0.95216,0.95243,1.50,1.00
2016.09.01 08:14:23.724,0.95216,0.95243,1.00,1.00
2016.09.01 08:14:23.925,0.95216,0.95243,1.00,1.12
2016.09.01 08:14:24.079,0.95216,0.95243,1.00,1.37
2016.09.01 08:14:25.278,0.95215,0.95243,1.00,1.37
2016.09.01 08:14:25.329,0.95221,0.95243,1.00,1.00
2016.09.01 08:14:25.379,0.95222,0.95247,1.00,1.00
2016.09.01 08:14:25.430,0.95222,0.95247,1.87,1.00
2016.09.01 08:14:25.481,0.95225,0.95252,1.00,1.50
2016.09.01 08:14:25.532,0.95225,0.95252,1.00,1.00
2016.09.01 08:14:25.618,0.9523,0.95255,1.00,1.00
2016.09.01 08:14:25.668,0.9523,0.95255,1.00,1.12
2016.09.01 08:14:25.861,0.95227,0.95257,1.00,1.37
2016.09.01 08:14:25.911,0.95227,0.95252,1.00,1.00
2016.09.01 08:14:25.962,0.95223,0.95252,1.00,1.37
2016.09.01 08:14:26.013,0.95223,0.95257,1.00,1.37
2016.09.01 08:14:26.164,0.95222,0.95255,1.00,1.37
2016.09.01 08:14:26.215,0.95222,0.95255,1.00,1.37
2016.09.01 08:14:26.508,0.95222,0.95255,1.00,1.37
2016.09.01 08:14:26.609,0.95222,0.95255,1.00,1.37
2016.09.01 08:14:26.660,0.95225,0.9525,1.00,1.00
2016.09.01 08:14:27.332,0.95225,0.9525,1.00,1.12
2016.09.01 08:14:27.781,0.95227,0.95252,1.00,1.37
2016.09.01 08:14:27.919,0.95224,0.95251,1.00,1.12
2016.09.01 08:14:28.071,0.95222,0.9525,1.00,1.00
2016.09.01 08:14:28.273,0.95222,0.9525,1.00,1.37
2016.09.01 08:14:28.475,0.95223,0.95249,1.00,1.00
2016.09.01 08:14:29.253,0.95224,0.95252,1.00,1.00
2016.09.01 08:14:29.304,0.95224,0.95252,1.00,1.00
2016.09.01 08:14:29.556,0.95224,0.9525,1.00,1.37
2016.09.01 08:14:29.940,0.95224,0.9525,1.00,1.12
2016.09.01 08:14:30.052,0.95224,0.9525,1.00,1.37
2016.09.01 08:14:30.338,0.95224,0.9525,1.00,1.00
2016.09.01 08:14:31.337,0.95224,0.9525,1.00,1.00
2016.09.01 08:14:33.209,0.95224,0.9525,1.00,1.00
2016.09.01 08:14:33.462,0.95226,0.95253,1.00,1.12
2016.09.01 08:14:33.563,0.95226,0.95253,1.00,1.00
2016.09.01 08:14:33.664,0.95228,0.95253,1.00,1.00
2016.09.01 08:14:34.078,0.95228,0.95255,1.00,1.12
2016.09.01 08:14:35.068,0.95228,0.95255,1.00,1.37
2016.09.01 08:14:35.169,0.95228,0.95255,1.00,1.12
2016.09.01 08:14:37.266,0.95228,0.95255,1.00,1.00
2016.09.01 08:14:37.367,0.95228,0.95255,1.00,1.12
2016.09.01 08:14:39.552,0.95228,0.95255,1.00,1.37
2016.09.01 08:14:39.799,0.95227,0.95252,1.50,1.00
2016.09.01 08:14:39.849,0.95227,0.95252,1.50,1.00
2016.09.01 08:14:39.900,0.95227,0.95252,1.00,1.37
2016.09.01 08:14:40.170,0.95227,0.95252,1.00,1.12
2016.09.01 08:14:40.295,0.95227,0.95254,1.00,1.37
2016.09.01 08:14:40.345,0.95227,0.95254,1.00,1.12
2016.09.01 08:14:40.396,0.95227,0.95254,1.00,1.00
2016.09.01 08:14:40.598,0.95228,0.95254,1.00,1.12
2016.09.01 08:14:41.102,0.95227,0.95254,1.00,1.37
2016.09.01 08:14:41.203,0.95226,0.95253,1.50,1.12
2016.09.01 08:14:41.405,0.95226,0.95253,1.00,1.12
2016.09.01 08:14:41.456,0.95226,0.95253,1.50,1.37
2016.09.01 08:14:41.863,0.95226,0.95253,1.50,1.37
2016.09.01 08:14:41.975,0.95226,0.95253,1.00,1.37
2016.09.01 08:14:42.026,0.95226,0.95251,1.00,1.00
2016.09.01 08:14:42.077,0.95226,0.95251,1.00,1.12
2016.09.01 08:14:42.127,0.95224,0.95249,1.00,1.00
2016.09.01 08:14:42.279,0.95219,0.95244,1.50,1.12
2016.09.01 08:14:42.329,0.95219,0.95244,1.50,1.12
2016.09.01 08:14:42.380,0.95217,0.95246,1.50,1.37
2016.09.01 08:14:42.431,0.95217,0.95246,1.50,1.37
2016.09.01 08:14:42.481,0.95217,0.95244,1.50,1.12
2016.09.01 08:14:42.582,0.95217,0.95244,1.50,1.37
2016.09.01 08:14:43.205,0.95216,0.95247,1.00,1.12
2016.09.01 08:14:43.255,0.95216,0.95247,1.00,1.12
2016.09.01 08:14:43.320,0.95217,0.95251,1.00,1.72
2016.09.01 08:14:43.371,0.95217,0.95251,1.00,1.72
2016.09.01 08:14:43.511,0.95219,0.95247,1.00,1.00
2016.09.01 08:14:43.563,0.95219,0.95247,1.00,1.37
2016.09.01 08:14:43.680,0.95219,0.95247,1.00,1.00
2016.09.01 08:14:44.378,0.95219,0.95247,1.12,1.00
2016.09.01 08:14:44.431,0.95219,0.95247,1.12,1.00
2016.09.01 08:14:44.867,0.95219,0.95247,1.00,1.00
2016.09.01 08:14:44.932,0.95219,0.95247,1.00,1.00
2016.09.01 08:14:45.933,0.95219,0.95247,1.00,1.00
2016.09.01 08:14:45.984,0.95219,0.95247,1.37,1.00
2016.09.01 08:14:48.190,0.95221,0.95248,1.00,1.00
2016.09.01 08:14:49.110,0.95223,0.95249,1.00,1.00
2016.09.01 08:14:49.412,0.95224,0.95251,1.00,1.00
2016.09.01 08:14:49.463,0.95224,0.95251,1.00,1.00
2016.09.01 08:14:49.615,0.95227,0.95252,1.12,1.00
2016.09.01 08:14:49.666,0.95227,0.95252,1.12,1.00
2016.09.01 08:14:49.717,0.95227,0.95254,1.00,1.00
2016.09.01 08:14:50.021,0.95232,0.95256,1.00,1.00
2016.09.01 08:14:50.554,0.95233,0.95257,1.00,1.00
2016.09.01 08:14:50.866,0.95235,0.95259,1.00,1.00
2016.09.01 08:14:53.834,0.95231,0.95255,1.00,1.00
2016.09.01 08:14:53.936,0.95232,0.95256,1.00,1.00
2016.09.01 08:14:54.092,0.95231,0.95257,1.00,1.50
2016.09.01 08:14:54.155,0.95229,0.95257,1.00,1.50
2016.09.01 08:14:54.931,0.95229,0.95257,1.00,1.00
2016.09.01 08:14:55.009,0.9523,0.95256,1.00,1.00
2016.09.01 08:14:55.059,0.9523,0.95256,1.00,1.00
2016.09.01 08:14:55.160,0.95231,0.95258,1.00,1.00
2016.09.01 08:14:55.211,0.95233,0.95259,1.00,1.00
2016.09.01 08:14:55.312,0.95229,0.95257,1.00,1.00
2016.09.01 08:14:55.412,0.95232,0.95258,1.00,1.00
2016.09.01 08:14:55.513,0.95229,0.95258,1.50,1.00
2016.09.01 08:14:55.824,0.95229,0.95258,1.00,1.00
2016.09.01 08:14:55.982,0.95229,0.95258,1.50,1.00
2016.09.01 08:14:57.215,0.95231,0.95257,1.00,1.00
2016.09.01 08:14:59.539,0.95229,0.95253,1.00,1.00
2016.09.01 08:14:59.640,0.95226,0.95254,1.50,1.00
2016.09.01 08:14:59.690,0.95226,0.95254,1.50,1.00
2016.09.01 08:14:59.812,0.95226,0.95254,1.00,1.00
2016.09.01 08:14:59.963,0.95226,0.95254,1.00,1.00
2016.09.01 08:15:00.022,0.95225,0.95252,1.00,1.00
2016.09.01 08:15:00.613,0.95226,0.95252,1.00,1.00
2016.09.01 08:15:00.967,0.95226,0.95254,1.00,1.00
2016.09.01 08:15:01.495,0.95227,0.95254,1.00,1.00
2016.09.01 08:15:01.772,0.95228,0.95256,1.00,1.00
2016.09.01 08:15:01.823,0.95228,0.95256,1.12,1.00
2016.09.01 08:15:01.903,0.95228,0.95256,1.37,1.00
2016.09.01 08:15:01.954,0.95233,0.95259,1.00,1.00
2016.09.01 08:15:02.004,0.95233,0.95259,1.50,1.00
2016.09.01 08:15:02.156,0.95233,0.95259,1.00,1.00
2016.09.01 08:15:02.489,0.95234,0.95258,1.00,1.00
2016.09.01 08:15:02.816,0.95232,0.95258,1.00,1.00
2016.09.01 08:15:02.944,0.95232,0.95259,1.00,1.00
2016.09.01 08:15:04.061,0.95232,0.95257,1.00,1.00
2016.09.01 08:15:04.187,0.95232,0.95259,1.00,1.00
2016.09.01 08:15:04.849,0.95234,0.95258,1.00,1.00
2016.09.01 08:15:05.334,0.95231,0.95259,1.12,1.00
2016.09.01 08:15:05.389,0.95231,0.95259,1.00,1.00
2016.09.01 08:15:06.118,0.95231,0.95258,1.00,1.00
2016.09.01 08:15:06.831,0.95231,0.95258,1.37,1.00
2016.09.01 08:15:13.202,0.95231,0.95258,1.00,1.00
2016.09.01 08:15:13.337,0.9523,0.95257,1.12,1.50
2016.09.01 08:15:13.759,0.95229,0.95256,1.37,1.00
2016.09.01 08:15:13.995,0.95229,0.95256,1.37,1.00
2016.09.01 08:15:15.156,0.95229,0.95256,1.37,1.00
2016.09.01 08:15:15.207,0.95229,0.95256,1.00,1.00
2016.09.01 08:15:15.258,0.9523,0.95254,1.00,1.00
2016.09.01 08:15:15.464,0.95228,0.95254,1.35,1.00
2016.09.01 08:15:15.716,0.95228,0.95254,1.00,1.00
2016.09.01 08:15:16.040,0.95224,0.95248,1.00,1.00
2016.09.01 08:15:16.243,0.95224,0.95249,1.12,1.00
2016.09.01 08:15:17.209,0.95224,0.95249,1.00,1.00
2016.09.01 08:15:19.861,0.95225,0.95249,1.00,1.00
2016.09.01 08:15:20.663,0.95224,0.95251,1.00,1.00
2016.09.01 08:15:20.734,0.95224,0.95251,1.37,1.00
2016.09.01 08:15:20.835,0.95224,0.9525,1.00,1.00
2016.09.01 08:15:21.215,0.95223,0.95249,1.12,1.00
2016.09.01 08:15:21.515,0.95223,0.95249,1.00,1.00
2016.09.01 08:15:21.616,0.95223,0.95249,1.12,1.00
2016.09.01 08:15:21.667,0.95224,0.95249,1.00,1.00
2016.09.01 08:15:21.717,0.95224,0.95249,1.12,1.00
2016.09.01 08:15:21.768,0.95224,0.95251,1.12,1.00
2016.09.01 08:15:22.165,0.95226,0.95253,1.00,1.00
2016.09.01 08:15:33.022,0.95225,0.95252,1.00,1.00
2016.09.01 08:15:36.495,0.95225,0.95252,1.35,1.00
2016.09.01 08:15:36.790,0.95227,0.95253,1.00,1.00
2016.09.01 08:15:37.298,0.95228,0.95254,1.00,1.00
2016.09.01 08:15:43.529,0.95229,0.95255,1.00,1.00
2016.09.01 08:15:43.655,0.95229,0.95255,1.00,1.12
2016.09.01 08:15:43.967,0.95229,0.95255,1.00,1.37
2016.09.01 08:15:44.523,0.9523,0.95256,1.00,1.37
2016.09.01 08:15:44.697,0.9523,0.95256,1.00,1.37
2016.09.01 08:15:44.748,0.9523,0.95256,1.00,1.00
2016.09.01 08:15:44.799,0.9523,0.95256,1.00,1.37
2016.09.01 08:15:45.721,0.95231,0.95258,1.00,1.37
2016.09.01 08:15:45.772,0.95231,0.95258,1.00,1.00
2016.09.01 08:15:45.822,0.95234,0.95258,1.00,1.00
2016.09.01 08:15:46.232,0.95232,0.95257,1.00,1.00
2016.09.01 08:15:46.434,0.95227,0.95251,1.00,1.00
2016.09.01 08:15:46.484,0.95228,0.95251,1.00,1.00
2016.09.01 08:15:46.535,0.95228,0.95253,1.50,1.00
2016.09.01 08:15:46.585,0.95228,0.95253,1.00,1.00
2016.09.01 08:15:46.687,0.95224,0.95252,1.00,1.00
2016.09.01 08:15:48.578,0.95224,0.95252,1.00,1.12
2016.09.01 08:15:48.705,0.95224,0.95248,1.00,1.00
2016.09.01 08:15:49.118,0.95222,0.95248,1.00,1.00
2016.09.01 08:15:50.121,0.95224,0.95248,1.00,1.00
2016.09.01 08:15:50.421,0.95222,0.9525,1.00,1.00
2016.09.01 08:15:50.951,0.95224,0.9525,1.00,1.00
2016.09.01 08:15:51.230,0.95224,0.9525,1.00,1.00
2016.09.01 08:15:51.784,0.95224,0.9525,1.00,1.00
2016.09.01 08:15:52.226,0.95222,0.95249,1.00,1.00
2016.09.01 08:15:52.336,0.9522,0.95248,1.00,1.00
2016.09.01 08:15:55.679,0.9522,0.95248,1.12,1.00
2016.09.01 08:15:56.380,0.9522,0.95248,1.00,1.00
2016.09.01 08:15:56.499,0.9522,0.95248,1.12,1.00
2016.09.01 08:15:58.301,0.9522,0.95248,1.00,1.00
2016.09.01 08:15:58.351,0.95218,0.95244,1.72,1.00
2016.09.01 08:15:58.402,0.95218,0.95244,1.35,1.00
2016.09.01 08:15:58.452,0.95222,0.95246,1.00,1.00
2016.09.01 08:15:58.553,0.9522,0.95244,1.00,1.00
2016.09.01 08:15:58.855,0.95219,0.95243,1.35,1.00
2016.09.01 08:15:58.905,0.95219,0.95243,1.72,1.00
2016.09.01 08:15:59.057,0.95219,0.95245,1.30,1.00
2016.09.01 08:15:59.109,0.95218,0.95245,1.97,1.00
2016.09.01 08:15:59.160,0.95222,0.95246,1.00,1.00
2016.09.01 08:15:59.413,0.95222,0.95242,1.00,1.00
2016.09.01 08:16:00.540,0.95221,0.95245,1.12,1.00
2016.09.01 08:16:00.738,0.95224,0.95247,1.00,1.00
2016.09.01 08:16:00.816,0.95224,0.95248,1.00,1.00
2016.09.01 08:16:00.917,0.95227,0.95247,1.12,1.00
2016.09.01 08:16:01.132,0.95227,0.95248,1.00,1.00
2016.09.01 08:16:01.406,0.95227,0.95248,1.37,1.00
2016.09.01 08:16:01.456,0.95229,0.95248,1.00,1.00
2016.09.01 08:16:02.668,0.95226,0.95247,1.37,1.00
2016.09.01 08:16:02.769,0.95227,0.95247,1.12,1.00
2016.09.01 08:16:02.870,0.95226,0.95247,1.37,1.00
2016.09.01 08:16:02.921,0.95226,0.95247,1.12,1.00
2016.09.01 08:16:03.359,0.95227,0.95247,1.00,1.00
2016.09.01 08:16:03.410,0.95227,0.95247,1.37,1.00
2016.09.01 08:16:03.643,0.95227,0.95253,1.37,1.50
2016.09.01 08:16:03.893,0.95225,0.95252,1.37,1.00
2016.09.01 08:16:04.198,0.95225,0.95247,1.37,1.00
2016.09.01 08:16:05.262,0.95228,0.95247,1.12,1.00
2016.09.01 08:16:05.313,0.95228,0.95247,1.37,1.00
2016.09.01 08:16:05.363,0.95228,0.95247,1.37,1.00
2016.09.01 08:16:05.781,0.9523,0.95247,1.00,1.00
2016.09.01 08:16:06.238,0.9523,0.95247,1.12,1.00
2016.09.01 08:16:06.777,0.9523,0.95248,1.12,1.00
2016.09.01 08:16:07.424,0.9523,0.95247,1.12,1.00
2016.09.01 08:16:08.125,0.9523,0.95248,1.12,1.00
2016.09.01 08:16:08.401,0.9523,0.95248,1.00,1.00
2016.09.01 08:16:09.015,0.9523,0.95247,1.00,1.00
2016.09.01 08:16:12.340,0.95229,0.95247,1.00,1.00
2016.09.01 08:16:12.625,0.95229,0.95247,1.00,1.00
2016.09.01 08:16:12.675,0.9523,0.95247,1.00,1.00
2016.09.01 08:16:12.726,0.9523,0.95247,1.12,1.00
2016.09.01 08:16:13.714,0.9523,0.95247,1.00,1.00
2016.09.01 08:16:14.224,0.9523,0.95247,1.12,1.00
2016.09.01 08:16:14.416,0.9523,0.95247,1.00,1.00
2016.09.01 08:16:15.133,0.9523,0.95248,1.00,1.00
2016.09.01 08:16:15.748,0.9523,0.95247,1.00,1.00
2016.09.01 08:16:16.312,0.95228,0.95247,1.12,1.00
2016.09.01 08:16:16.363,0.95228,0.95247,1.00,1.00
2016.09.01 08:16:16.836,0.95228,0.95247,1.37,1.00
2016.09.01 08:16:17.378,0.95227,0.95247,1.37,1.00
2016.09.01 08:16:17.534,0.95227,0.95248,1.37,1.00
2016.09.01 08:16:18.104,0.95227,0.95247,1.37,1.00
2016.09.01 08:16:18.658,0.95227,0.95248,1.37,1.00
2016.09.01 08:16:19.137,0.95227,0.95248,1.37,1.00
2016.09.01 08:16:19.187,0.95229,0.95247,1.35,1.00
2016.09.01 08:16:19.238,0.95229,0.95253,1.72,1.00
2016.09.01 08:16:19.345,0.95231,0.95253,1.37,1.00
2016.09.01 08:16:19.395,0.95233,0.95253,1.12,1.00
2016.09.01 08:16:19.547,0.95233,0.95252,1.00,1.00
2016.09.01 08:16:19.598,0.95231,0.95252,1.12,1.00
2016.09.01 08:16:19.649,0.95231,0.95252,1.00,1.00
2016.09.01 08:16:20.178,0.95229,0.95247,1.37,1.00
2016.09.01 08:16:20.629,0.95229,0.95247,1.00,1.00
2016.09.01 08:16:20.860,0.95229,0.95247,1.12,1.00
2016.09.01 08:16:21.240,0.95229,0.95247,1.00,1.00
2016.09.01 08:16:21.341,0.95229,0.95252,1.00,1.00
2016.09.01 08:16:23.555,0.95229,0.95247,1.00,1.00
2016.09.01 08:16:24.986,0.9523,0.95247,1.00,1.00
2016.09.01 08:16:26.390,0.95229,0.95252,1.00,1.00
2016.09.01 08:16:26.441,0.95229,0.95252,1.00,1.37
2016.09.01 08:16:26.570,0.95224,0.95254,1.35,1.37
2016.09.01 08:16:26.620,0.95223,0.95247,1.00,1.00
2016.09.01 08:16:26.671,0.9522,0.95249,1.12,1.00
2016.09.01 08:16:26.772,0.95219,0.95247,1.00,1.00
2016.09.01 08:16:26.873,0.95221,0.95247,1.00,1.00
2016.09.01 08:16:27.075,0.95221,0.95247,1.12,1.00
2016.09.01 08:16:27.335,0.95221,0.95247,1.00,1.00
2016.09.01 08:16:30.296,0.95221,0.95246,1.00,1.00
2016.09.01 08:16:30.998,0.95217,0.95242,1.12,1.00
2016.09.01 08:16:31.048,0.95216,0.95242,1.00,1.00
2016.09.01 08:16:31.099,0.9522,0.95247,1.00,1.00
2016.09.01 08:16:31.200,0.95219,0.95247,1.00,1.00
2016.09.01 08:16:31.250,0.95219,0.95247,1.37,1.00
2016.09.01 08:16:31.301,0.95223,0.95251,1.00,1.00
2016.09.01 08:16:31.406,0.95223,0.95251,1.00,1.00
2016.09.01 08:16:31.608,0.95223,0.95251,1.00,1.00
2016.09.01 08:16:32.073,0.95221,0.95249,1.87,1.00
2016.09.01 08:16:32.174,0.95221,0.95249,1.00,1.00
2016.09.01 08:16:32.275,0.95221,0.95249,1.12,1.00
2016.09.01 08:16:33.160,0.95221,0.95249,1.00,1.00
2016.09.01 08:16:33.352,0.95221,0.95249,1.12,1.00
2016.09.01 08:16:33.581,0.95221,0.95249,1.00,1.00
2016.09.01 08:16:33.671,0.95221,0.95249,1.00,1.00
2016.09.01 08:16:33.819,0.95221,0.95249,1.00,1.00
2016.09.01 08:16:33.870,0.95221,0.95249,1.12,1.00
2016.09.01 08:16:33.972,0.95221,0.95249,1.12,1.00
2016.09.01 08:16:34.072,0.95221,0.95249,1.12,1.00
2016.09.01 08:16:34.956,0.95221,0.95249,1.37,1.00
2016.09.01 08:16:35.403,0.95221,0.95249,1.12,1.00
2016.09.01 08:16:35.658,0.95221,0.95249,1.00,1.00
2016.09.01 08:16:35.758,0.95221,0.95249,1.12,1.00
2016.09.01 08:16:37.597,0.95221,0.95249,1.37,1.00
2016.09.01 08:16:41.885,0.95223,0.95247,1.12,1.00
2016.09.01 08:16:41.986,0.95223,0.95247,1.00,1.00
2016.09.01 08:16:46.278,0.95223,0.95247,1.12,1.00
2016.09.01 08:16:46.496,0.95224,0.95248,1.00,1.00
2016.09.01 08:16:46.547,0.95224,0.95248,1.35,1.00
2016.09.01 08:16:46.598,0.95226,0.95252,1.12,1.50
2016.09.01 08:16:46.689,0.95226,0.95252,1.12,1.00
2016.09.01 08:16:46.740,0.95227,0.95252,1.00,1.00
2016.09.01 08:16:46.873,0.95227,0.95252,1.00,1.00
2016.09.01 08:16:47.894,0.95227,0.95251,1.00,1.00
2016.09.01 08:16:50.295,0.95227,0.95251,1.12,1.00
2016.09.01 08:16:51.886,0.95227,0.95251,1.37,1.00
2016.09.01 08:16:51.987,0.95227,0.95252,1.12,1.00
2016.09.01 08:16:52.600,0.95227,0.95251,1.12,1.00
2016.09.01 08:16:52.834,0.95227,0.95251,1.00,1.00
2016.09.01 08:16:53.388,0.95227,0.95251,1.37,1.00
2016.09.01 08:16:53.489,0.95227,0.95251,1.00,1.00
2016.09.01 08:16:54.055,0.95227,0.95252,1.00,1.00
2016.09.01 08:16:54.111,0.95227,0.95252,1.12,1.00
2016.09.01 08:16:54.590,0.95227,0.95252,1.00,1.00
2016.09.01 08:16:55.193,0.95227,0.95252,1.12,1.00
2016.09.01 08:16:55.294,0.95227,0.95252,1.37,1.00
2016.09.01 08:16:56.705,0.95228,0.95253,1.12,1.00
2016.09.01 08:16:56.921,0.95228,0.95253,1.00,1.00
2016.09.01 08:16:57.733,0.95228,0.95252,1.00,1.00
2016.09.01 08:16:58.543,0.95228,0.95252,1.12,1.00
2016.09.01 08:16:58.644,0.95228,0.95254,1.12,1.00
2016.09.01 08:16:58.745,0.95228,0.95253,1.00,1.00
2016.09.01 08:16:58.846,0.95228,0.95253,1.12,1.00
2016.09.01 08:16:59.059,0.95228,0.95252,1.00,1.00
2016.09.01 08:17:00.026,0.95226,0.95252,1.12,1.00
2016.09.01 08:17:00.127,0.95226,0.95252,1.00,1.00
2016.09.01 08:17:00.228,0.95226,0.95252,1.00,1.00
2016.09.01 08:17:00.517,0.95224,0.95252,1.00,1.00
2016.09.01 08:17:00.618,0.95223,0.95248,1.37,1.00
2016.09.01 08:17:00.719,0.95224,0.95249,1.12,1.00
2016.09.01 08:17:00.820,0.95225,0.9525,1.00,1.00
2016.09.01 08:17:01.038,0.95227,0.95251,1.00,1.00
2016.09.01 08:17:01.309,0.95227,0.95253,1.12,1.00
2016.09.01 08:17:01.410,0.95227,0.95253,1.00,1.00
2016.09.01 08:17:02.035,0.95227,0.95251,1.00,1.00
2016.09.01 08:17:02.859,0.95226,0.9525,1.00,1.00
2016.09.01 08:17:09.370,0.95225,0.95249,1.00,1.00
2016.09.01 08:17:10.000,0.95225,0.9525,1.00,1.00
2016.09.01 08:17:11.975,0.95225,0.95249,1.00,1.00
2016.09.01 08:17:15.936,0.95225,0.9525,1.00,1.00
2016.09.01 08:17:17.638,0.95226,0.9525,1.00,1.00
2016.09.01 08:17:20.642,0.95224,0.9525,1.00,1.00
2016.09.01 08:17:20.743,0.95221,0.9525,1.12,1.00
2016.09.01 08:17:20.794,0.95221,0.9525,1.12,1.00
2016.09.01 08:17:21.369,0.95221,0.9525,1.37,1.00
2016.09.01 08:17:23.762,0.95223,0.9525,1.00,1.00
2016.09.01 08:17:23.819,0.95223,0.9525,1.50,1.00
2016.09.01 08:17:23.937,0.95228,0.95254,1.00,1.00
2016.09.01 08:17:23.988,0.9523,0.95254,1.00,1.00
2016.09.01 08:17:24.089,0.9523,0.95258,1.12,1.00
2016.09.01 08:17:24.244,0.9523,0.95258,1.00,1.00
2016.09.01 08:17:24.855,0.95229,0.95257,1.00,1.00
2016.09.01 08:17:26.167,0.95227,0.95253,1.00,1.00
2016.09.01 08:17:26.674,0.95226,0.95252,1.00,1.00
2016.09.01 08:17:27.463,0.95223,0.95252,1.37,1.00
2016.09.01 08:17:27.524,0.95223,0.95252,1.87,1.00
2016.09.01 08:17:29.477,0.95225,0.95251,1.12,1.00
2016.09.01 08:17:29.578,0.95225,0.95251,1.00,1.00
2016.09.01 08:17:29.697,0.95228,0.95254,1.37,1.00
2016.09.01 08:17:29.801,0.95228,0.95254,1.12,1.00
2016.09.01 08:17:29.879,0.95228,0.95256,1.00,1.00
2016.09.01 08:17:30.179,0.95228,0.95256,1.37,1.00
2016.09.01 08:17:30.280,0.95231,0.95255,1.00,1.00
2016.09.01 08:17:30.474,0.95228,0.95255,1.12,1.00
2016.09.01 08:17:30.856,0.95228,0.95255,1.00,1.00
2016.09.01 08:17:31.410,0.95228,0.95256,1.00,1.00
2016.09.01 08:17:31.809,0.95228,0.95254,1.00,1.00
2016.09.01 08:17:32.206,0.95228,0.95254,1.12,1.00
2016.09.01 08:17:33.360,0.95228,0.95254,1.00,1.00
2016.09.01 08:17:34.116,0.95228,0.95253,1.00,1.00
2016.09.01 08:17:35.185,0.95228,0.95252,1.00,1.00
2016.09.01 08:17:35.714,0.95227,0.95251,1.00,1.00
2016.09.01 08:17:36.177,0.95224,0.95248,1.72,1.00
2016.09.01 08:17:36.278,0.95221,0.95247,1.50,1.00
2016.09.01 08:17:36.489,0.95221,0.95248,1.00,1.00
2016.09.01 08:17:36.591,0.95223,0.9525,1.00,1.50
2016.09.01 08:17:36.643,0.95223,0.9525,1.00,1.50
2016.09.01 08:17:36.695,0.95223,0.9525,1.00,1.00
2016.09.01 08:17:37.017,0.95221,0.95248,1.12,1.00
2016.09.01 08:17:37.067,0.95221,0.95248,1.00,1.00
2016.09.01 08:17:37.597,0.95221,0.95249,1.00,1.00
2016.09.01 08:17:38.166,0.9522,0.95249,1.00,1.00
2016.09.01 08:17:38.790,0.9522,0.95248,1.00,1.00
2016.09.01 08:17:39.094,0.95223,0.95248,1.00,1.12
2016.09.01 08:17:39.195,0.95224,0.95249,1.00,1.00
2016.09.01 08:17:39.296,0.95221,0.95256,1.00,1.72
2016.09.01 08:17:39.346,0.95221,0.95253,1.00,1.30
2016.09.01 08:17:39.397,0.95221,0.95256,1.00,1.37
2016.09.01 08:17:39.472,0.95224,0.9526,1.00,1.37
2016.09.01 08:17:39.634,0.95224,0.9526,1.00,1.37
2016.09.01 08:17:39.704,0.95225,0.9526,1.00,1.87
2016.09.01 08:17:39.805,0.95224,0.9526,1.00,1.37
2016.09.01 08:17:39.906,0.95225,0.9526,1.12,1.87
2016.09.01 08:17:40.031,0.95225,0.9526,1.12,1.87
2016.09.01 08:17:40.654,0.95225,0.9526,1.12,1.87
2016.09.01 08:17:41.708,0.95225,0.9526,1.12,1.87
2016.09.01 08:17:41.776,0.95225,0.9526,1.00,1.87
2016.09.01 08:17:41.826,0.95225,0.9526,1.00,1.87
2016.09.01 08:17:41.909,0.95225,0.9526,1.00,1.87
2016.09.01 08:17:42.010,0.95225,0.95253,1.50,1.00
2016.09.01 08:17:42.109,0.95225,0.95253,1.50,1.00
2016.09.01 08:17:42.210,0.95228,0.95253,1.00,1.00
2016.09.01 08:17:46.336,0.95229,0.95254,1.00,1.00
2016.09.01 08:17:46.709,0.9523,0.95257,1.12,1.00
2016.09.01 08:17:46.760,0.9523,0.95257,1.12,1.00
2016.09.01 08:17:46.810,0.9523,0.95257,1.00,1.00
2016.09.01 08:17:46.911,0.95228,0.95257,1.12,1.00
2016.09.01 08:17:47.012,0.95228,0.95257,1.00,1.00
2016.09.01 08:17:47.163,0.95228,0.95257,1.50,1.00
2016.09.01 08:17:47.214,0.95228,0.95257,1.87,1.00
2016.09.01 08:17:47.655,0.9523,0.95257,1.00,1.00
2016.09.01 08:17:48.209,0.95228,0.95257,1.87,1.00
2016.09.01 08:17:48.518,0.95231,0.95256,1.00,1.00
2016.09.01 08:17:48.812,0.95229,0.95256,1.00,1.00
2016.09.01 08:17:52.167,0.95229,0.95256,1.00,1.00
2016.09.01 08:17:52.268,0.95232,0.95256,1.00,1.00
2016.09.01 08:17:52.521,0.9523,0.95256,1.00,1.00
2016.09.01 08:17:53.132,0.95229,0.95255,1.00,1.00
2016.09.01 08:17:53.182,0.95229,0.95255,1.00,1.00
2016.09.01 08:17:53.721,0.95228,0.95254,1.00,1.00
2016.09.01 08:17:54.931,0.95229,0.95257,1.00,1.00
2016.09.01 08:17:55.048,0.95226,0.95261,2.10,1.12
2016.09.01 08:17:55.099,0.95226,0.9526,2.10,1.00
2016.09.01 08:17:55.149,0.95232,0.95258,1.12,1.00
2016.09.01 08:17:55.200,0.95232,0.95258,1.00,1.00
2016.09.01 08:17:55.857,0.95232,0.95258,1.12,1.00
2016.09.01 08:17:56.246,0.95231,0.95257,1.37,1.00
2016.09.01 08:17:56.300,0.95231,0.95257,1.12,1.00
2016.09.01 08:17:56.530,0.95231,0.95257,1.00,1.00
2016.09.01 08:17:56.580,0.95232,0.95257,1.00,1.00
2016.09.01 08:17:57.052,0.95232,0.95258,1.50,1.00
2016.09.01 08:17:57.103,0.95232,0.95258,1.00,1.00
2016.09.01 08:17:57.304,0.95232,0.95258,1.37,1.00
2016.09.01 08:17:57.355,0.95243,0.95267,1.00,1.50
2016.09.01 08:17:57.406,0.95243,0.95267,1.00,1.00
2016.09.01 08:17:57.456,0.9524,0.95268,1.87,1.00
2016.09.01 08:17:57.648,0.95241,0.95266,1.00,1.00
2016.09.01 08:17:57.749,0.95241,0.95266,1.12,1.00
2016.09.01 08:17:57.803,0.95241,0.95266,1.37,1.00
2016.09.01 08:17:58.004,0.95241,0.95266,1.12,1.00
2016.09.01 08:18:00.216,0.95241,0.95266,1.00,1.00
2016.09.01 08:18:00.267,0.95238,0.95266,1.87,1.00
2016.09.01 08:18:00.547,0.95238,0.95266,1.37,1.00
2016.09.01 08:18:00.859,0.95238,0.95266,1.87,1.00
2016.09.01 08:18:01.060,0.95246,0.95269,1.00,1.00
2016.09.01 08:18:01.161,0.95244,0.95269,1.37,1.00
2016.09.01 08:18:01.458,0.95245,0.9527,1.00,1.00
2016.09.01 08:18:01.559,0.95245,0.9527,1.37,1.00
2016.09.01 08:18:02.494,0.95244,0.95269,1.12,1.00
2016.09.01 08:18:02.544,0.95244,0.95269,1.37,1.00
2016.09.01 08:18:02.748,0.95242,0.95269,1.37,1.00
2016.09.01 08:18:02.799,0.95242,0.95269,1.37,1.00
2016.09.01 08:18:02.850,0.95241,0.95267,1.37,1.00
2016.09.01 08:18:02.900,0.95241,0.95267,1.37,1.00
2016.09.01 08:18:03.001,0.95241,0.95267,1.37,1.00
2016.09.01 08:18:03.052,0.95249,0.95272,1.00,1.00
2016.09.01 08:18:03.247,0.95244,0.95272,1.37,1.00
2016.09.01 08:18:03.348,0.95245,0.95279,1.37,1.35
2016.09.01 08:18:03.399,0.95245,0.95279,1.37,1.00
2016.09.01 08:18:03.500,0.9525,0.95282,1.37,1.00
2016.09.01 08:18:03.551,0.95248,0.95282,1.37,1.50
2016.09.01 08:18:03.601,0.95248,0.95282,1.37,1.50
2016.09.01 08:18:03.753,0.95248,0.95282,1.37,1.00
2016.09.01 08:18:03.803,0.95248,0.95282,1.37,1.00
2016.09.01 08:18:03.854,0.95247,0.95282,1.87,1.50
2016.09.01 08:18:04.153,0.95251,0.95279,1.37,1.00
2016.09.01 08:18:04.254,0.95253,0.95279,1.12,1.00
2016.09.01 08:18:04.317,0.95253,0.95279,1.37,1.00
2016.09.01 08:18:04.539,0.95253,0.95279,1.00,1.00
2016.09.01 08:18:04.590,0.95251,0.95279,1.37,1.00
2016.09.01 08:18:04.790,0.95251,0.95279,1.37,1.00
2016.09.01 08:18:04.841,0.95251,0.95279,1.00,1.00
2016.09.01 08:18:04.891,0.95251,0.95279,1.00,1.00
2016.09.01 08:18:04.942,0.95251,0.95279,1.37,1.00
2016.09.01 08:18:05.245,0.95253,0.95279,1.12,1.00
2016.09.01 08:18:05.550,0.95252,0.95278,1.37,1.00
2016.09.01 08:18:05.651,0.95251,0.95277,1.00,1.00
2016.09.01 08:18:05.954,0.95253,0.95278,1.00,1.00
2016.09.01 08:18:06.121,0.95253,0.95278,1.37,1.00
2016.09.01 08:18:06.302,0.95251,0.95278,1.37,1.00
2016.09.01 08:18:06.454,0.95251,0.95276,1.37,1.00
2016.09.01 08:18:06.556,0.95251,0.95276,1.00,1.00
2016.09.01 08:18:06.657,0.95251,0.95276,1.12,1.00
2016.09.01 08:18:06.758,0.95252,0.95279,1.12,1.00
2016.09.01 08:18:06.860,0.9525,0.95278,1.37,1.00
2016.09.01 08:18:06.997,0.9525,0.95278,1.37,1.00
2016.09.01 08:18:07.048,0.95253,0.95279,1.37,1.00
2016.09.01 08:18:07.258,0.95253,0.95277,1.12,1.00
2016.09.01 08:18:07.464,0.95252,0.95277,1.37,1.00
2016.09.01 08:18:07.625,0.95252,0.95277,1.12,1.00
2016.09.01 08:18:08.165,0.95252,0.95276,1.12,1.00
2016.09.01 08:18:08.266,0.9525,0.95276,1.37,1.00
2016.09.01 08:18:08.367,0.95248,0.95277,1.87,1.00
2016.09.01 08:18:08.468,0.95253,0.95277,1.00,1.00
2016.09.01 08:18:08.827,0.95253,0.95276,1.12,1.00
2016.09.01 08:18:08.878,0.95251,0.95278,1.37,1.00
2016.09.01 08:18:09.080,0.95253,0.95278,1.00,1.00
2016.09.01 08:18:09.591,0.95253,0.95277,1.00,1.00
2016.09.01 08:18:10.671,0.9525,0.95277,1.37,1.00
2016.09.01 08:18:11.634,0.9525,0.95277,1.12,1.00
2016.09.01 08:18:11.853,0.9525,0.95277,1.37,1.00
2016.09.01 08:18:11.954,0.9525,0.95277,1.12,1.00
2016.09.01 08:18:12.354,0.9525,0.95277,1.37,1.00
2016.09.01 08:18:12.455,0.9525,0.95277,1.12,1.00
2016.09.01 08:18:12.556,0.9525,0.95277,1.37,1.00
2016.09.01 08:18:12.657,0.95253,0.95277,1.37,1.00
2016.09.01 08:18:12.759,0.95251,0.95276,1.37,1.00
2016.09.01 08:18:12.809,0.95252,0.95277,1.37,1.00
2016.09.01 08:18:12.910,0.95253,0.95278,1.12,1.00
2016.09.01 08:18:13.041,0.95253,0.95279,1.37,1.00
2016.09.01 08:18:13.276,0.95253,0.95279,1.37,1.00
2016.09.01 08:18:14.179,0.95253,0.95279,1.87,1.00
2016.09.01 08:18:14.489,0.95253,0.95279,1.37,1.00
2016.09.01 08:18:14.591,0.95254,0.95281,1.37,1.00
2016.09.01 08:18:14.864,0.95254,0.95281,1.37,1.00
2016.09.01 08:18:14.966,0.95254,0.95281,1.00,1.00
2016.09.01 08:18:15.067,0.95255,0.95282,1.12,1.00
2016.09.01 08:18:15.118,0.95254,0.95279,1.37,1.00
2016.09.01 08:18:15.168,0.95254,0.95279,1.00,1.00
2016.09.01 08:18:15.421,0.95252,0.95279,1.12,1.00
2016.09.01 08:18:15.568,0.95252,0.95279,1.00,1.00
2016.09.01 08:18:15.619,0.95251,0.95277,1.00,1.00
2016.09.01 08:18:15.669,0.95251,0.95277,1.37,1.00
2016.09.01 08:18:15.720,0.95253,0.95279,1.00,1.00
2016.09.01 08:18:16.023,0.95251,0.95276,1.00,1.00
2016.09.01 08:18:16.442,0.95251,0.95276,1.12,1.00
2016.09.01 08:18:17.244,0.95251,0.95276,1.00,1.00
2016.09.01 08:18:17.345,0.95252,0.95277,1.37,1.00
2016.09.01 08:18:17.886,0.95252,0.95277,1.12,1.00
2016.09.01 08:18:18.946,0.95252,0.95277,1.00,1.00
2016.09.01 08:18:19.680,0.95252,0.95277,1.12,1.00
2016.09.01 08:18:19.731,0.95252,0.95279,1.12,1.00
2016.09.01 08:18:19.832,0.95254,0.95279,1.00,1.00
2016.09.01 08:18:19.983,0.95254,0.95279,1.12,1.00
2016.09.01 08:18:20.248,0.95254,0.95279,1.00,1.00
2016.09.01 08:18:20.299,0.95254,0.95279,1.00,1.00
2016.09.01 08:18:20.613,0.95254,0.95279,1.00,1.00
2016.09.01 08:18:20.664,0.95254,0.95279,1.00,1.00
2016.09.01 08:18:20.714,0.95252,0.95279,1.12,1.00
2016.09.01 08:18:20.765,0.95253,0.95279,1.12,1.00
2016.09.01 08:18:20.967,0.95252,0.9528,1.37,1.00
2016.09.01 08:18:21.018,0.95255,0.9528,1.00,1.00
2016.09.01 08:18:21.096,0.95255,0.95282,1.00,1.00
2016.09.01 08:18:21.197,0.95255,0.9528,1.00,1.00
2016.09.01 08:18:21.412,0.95251,0.95279,1.37,1.00
2016.09.01 08:18:21.970,0.95251,0.95279,1.12,1.00
2016.09.01 08:18:22.072,0.95251,0.95279,1.00,1.00
2016.09.01 08:18:22.553,0.9525,0.95278,1.12,1.00
2016.09.01 08:18:22.603,0.95251,0.95278,1.00,1.00
2016.09.01 08:18:22.654,0.95251,0.95278,1.37,1.00
2016.09.01 08:18:22.755,0.95251,0.95278,1.00,1.00
2016.09.01 08:18:22.953,0.95251,0.95278,1.12,1.00
2016.09.01 08:18:23.155,0.95251,0.95278,1.00,1.00
2016.09.01 08:18:23.253,0.95251,0.95278,1.12,1.00
2016.09.01 08:18:23.754,0.95251,0.95278,1.00,1.00
2016.09.01 08:18:23.855,0.95251,0.95278,1.37,1.00
2016.09.01 08:18:23.956,0.95251,0.95278,1.00,1.00
2016.09.01 08:18:24.282,0.95251,0.95278,1.00,1.37
2016.09.01 08:18:24.332,0.95248,0.95278,1.00,1.37
2016.09.01 08:18:24.434,0.95244,0.95266,1.00,1.00
2016.09.01 08:18:24.484,0.95241,0.95266,1.35,1.00
2016.09.01 08:18:24.535,0.95242,0.95268,1.00,1.00
2016.09.01 08:18:24.636,0.95244,0.95269,1.00,1.00
2016.09.01 08:18:25.227,0.95243,0.95268,1.00,1.00
2016.09.01 08:18:25.761,0.95244,0.95269,1.00,1.00
2016.09.01 08:18:25.812,0.95245,0.95271,1.00,1.00
2016.09.01 08:18:26.009,0.95245,0.95271,1.00,1.00
2016.09.01 08:18:26.145,0.95243,0.95271,1.00,1.00
2016.09.01 08:18:26.447,0.95242,0.95269,1.00,1.00
2016.09.01 08:18:26.837,0.95244,0.95269,1.00,1.00
2016.09.01 08:18:26.938,0.95242,0.95269,1.00,1.00
2016.09.01 08:18:27.611,0.95244,0.95269,1.00,1.00
2016.09.01 08:18:30.013,0.95245,0.9527,1.00,1.00
2016.09.01 08:18:30.265,0.95243,0.95271,1.00,1.00
2016.09.01 08:18:30.841,0.95244,0.95271,1.00,1.00
2016.09.01 08:18:31.666,0.95243,0.95271,1.00,1.00
2016.09.01 08:18:33.167,0.95247,0.95272,1.00,1.00
2016.09.01 08:18:33.678,0.95245,0.95272,1.00,1.00
2016.09.01 08:18:33.880,0.95245,0.9527,1.00,1.00
2016.09.01 08:18:34.336,0.95243,0.95271,1.00,1.00
2016.09.01 08:18:35.786,0.95245,0.9527,1.00,1.00
2016.09.01 08:18:38.265,0.95244,0.95269,1.00,1.00
2016.09.01 08:18:39.072,0.95245,0.9527,1.00,1.00
2016.09.01 08:18:42.175,0.95245,0.95269,1.00,1.00
2016.09.01 08:18:50.276,0.95245,0.9527,1.00,1.00
2016.09.01 08:18:55.815,0.95245,0.9527,1.12,1.00
2016.09.01 08:18:56.031,0.95245,0.9527,1.00,1.00
2016.09.01 08:18:57.642,0.95246,0.95272,1.00,1.00
2016.09.01 08:18:57.692,0.95246,0.95272,1.00,1.00
2016.09.01 08:18:57.820,0.95246,0.95272,1.12,1.00
2016.09.01 08:18:57.870,0.95247,0.95271,1.00,1.00
2016.09.01 08:18:58.123,0.95245,0.95271,1.12,1.00
2016.09.01 08:18:58.275,0.95244,0.9527,1.12,1.00
2016.09.01 08:18:58.822,0.95244,0.9527,1.00,1.00
2016.09.01 08:18:58.873,0.95244,0.9527,1.00,1.00
2016.09.01 08:18:58.923,0.95246,0.95272,1.00,1.00
2016.09.01 08:18:59.176,0.95246,0.95272,1.00,1.00
2016.09.01 08:18:59.339,0.95247,0.95271,1.00,1.00
2016.09.01 08:18:59.641,0.95245,0.95273,1.00,1.00
2016.09.01 08:18:59.692,0.95245,0.95273,1.00,1.00
2016.09.01 08:18:59.742,0.95245,0.9527,1.50,1.00
2016.09.01 08:18:59.979,0.95245,0.9527,1.50,1.00
2016.09.01 08:19:00.030,0.95245,0.9527,1.00,1.00
2016.09.01 08:19:00.210,0.95246,0.9527,1.00,1.00
2016.09.01 08:19:01.252,0.95243,0.95269,1.50,1.00
2016.09.01 08:19:01.548,0.95243,0.95269,1.00,1.00
2016.09.01 08:19:01.799,0.95243,0.95269,1.00,1.00
2016.09.01 08:19:02.580,0.95243,0.95269,1.00,1.00
2016.09.01 08:19:02.681,0.95243,0.95269,1.00,1.00
2016.09.01 08:19:04.432,0.95246,0.95272,1.00,1.12
2016.09.01 08:19:04.483,0.95246,0.95272,1.00,1.00
2016.09.01 08:19:05.024,0.95245,0.95269,1.00,1.00
2016.09.01 08:19:05.826,0.95243,0.95269,1.00,1.00
2016.09.01 08:19:05.925,0.95243,0.95269,1.00,1.00
2016.09.01 08:19:05.976,0.95243,0.95269,1.00,1.00
2016.09.01 08:19:08.568,0.95238,0.95262,1.35,1.00
2016.09.01 08:19:08.619,0.95238,0.95262,1.00,1.00
2016.09.01 08:19:08.695,0.95236,0.95262,1.00,1.00
2016.09.01 08:19:08.746,0.95232,0.95259,2.10,1.00
2016.09.01 08:19:08.797,0.95232,0.95259,1.35,1.00
2016.09.01 08:19:08.847,0.95227,0.95261,1.37,1.00
2016.09.01 08:19:08.898,0.95227,0.95261,1.37,1.00
2016.09.01 08:19:08.999,0.95225,0.9526,1.72,1.00
2016.09.01 08:19:09.050,0.95227,0.95262,1.37,1.37
2016.09.01 08:19:09.118,0.95227,0.95262,1.87,1.37
2016.09.01 08:19:09.245,0.95224,0.95257,1.12,1.12
2016.09.01 08:19:09.296,0.95224,0.95257,1.12,1.12
2016.09.01 08:19:09.347,0.95224,0.95257,1.37,1.00
2016.09.01 08:19:09.548,0.95224,0.95257,1.37,1.12
2016.09.01 08:19:09.599,0.95224,0.95257,1.37,1.12
2016.09.01 08:19:09.751,0.95225,0.95259,1.37,1.00
2016.09.01 08:19:09.801,0.95225,0.95259,1.37,1.00
2016.09.01 08:19:09.852,0.95224,0.95258,1.12,1.12
2016.09.01 08:19:09.902,0.95224,0.95258,1.12,1.12
2016.09.01 08:19:10.003,0.95224,0.95258,1.12,1.12
2016.09.01 08:19:10.054,0.95224,0.95257,1.12,1.37
2016.09.01 08:19:10.135,0.95224,0.95257,1.12,1.37
2016.09.01 08:19:10.185,0.95227,0.95257,1.00,1.37
2016.09.01 08:19:10.696,0.95228,0.95257,1.00,1.37
2016.09.01 08:19:10.747,0.95228,0.9526,1.00,1.37
2016.09.01 08:19:10.848,0.95228,0.95261,1.37,1.00
2016.09.01 08:19:10.899,0.95233,0.95261,1.00,1.00
2016.09.01 08:19:10.949,0.95233,0.95262,1.00,1.37
2016.09.01 08:19:11.045,0.95231,0.95262,1.00,1.37
2016.09.01 08:19:11.095,0.95231,0.95262,1.00,1.37
2016.09.01 08:19:11.229,0.95231,0.95262,1.00,1.37
2016.09.01 08:19:11.381,0.95228,0.95262,1.00,1.87
2016.09.01 08:19:11.431,0.95228,0.95262,1.00,1.87
2016.09.01 08:19:11.768,0.95227,0.9526,1.00,1.37
2016.09.01 08:19:11.947,0.95227,0.95259,1.12,1.37
2016.09.01 08:19:12.239,0.95229,0.95257,1.00,1.00
2016.09.01 08:19:12.849,0.95229,0.95258,1.00,1.00
2016.09.01 08:19:13.090,0.95229,0.95258,1.00,1.12
2016.09.01 08:19:13.148,0.95229,0.95258,1.00,1.37
2016.09.01 08:19:13.317,0.95229,0.95258,1.00,1.37
2016.09.01 08:19:13.367,0.95228,0.95257,1.50,1.12
2016.09.01 08:19:13.468,0.95228,0.95257,1.00,1.12
2016.09.01 08:19:13.749,0.95228,0.95257,1.00,1.00
2016.09.01 08:19:13.978,0.95228,0.95257,1.50,1.00
2016.09.01 08:19:14.155,0.9523,0.95257,1.00,1.00
2016.09.01 08:19:15.459,0.95232,0.95257,1.00,1.00
2016.09.01 08:19:15.560,0.95228,0.95255,1.00,1.00
2016.09.01 08:19:15.611,0.95228,0.95255,1.50,1.00
2016.09.01 08:19:15.762,0.95229,0.95254,1.00,1.00
2016.09.01 08:19:16.156,0.9523,0.95255,1.00,1.00
2016.09.01 08:19:17.547,0.95228,0.95255,1.00,1.00
2016.09.01 08:19:17.750,0.95229,0.95256,1.00,1.00
2016.09.01 08:19:17.801,0.95229,0.95256,1.00,1.00
2016.09.01 08:19:18.449,0.95229,0.95255,1.00,1.00
2016.09.01 08:19:18.772,0.9523,0.95255,1.00,1.00
2016.09.01 08:19:21.450,0.95229,0.95257,1.12,1.00
2016.09.01 08:19:21.500,0.95231,0.95257,1.00,1.00
2016.09.01 08:19:22.154,0.9523,0.95257,1.00,1.00
2016.09.01 08:19:25.485,0.9523,0.95255,1.00,1.00
2016.09.01 08:19:25.586,0.95225,0.95252,1.60,1.00
2016.09.01 08:19:25.883,0.95224,0.95249,1.60,1.00
2016.09.01 08:19:25.934,0.95224,0.95249,1.00,1.00
2016.09.01 08:19:26.267,0.95224,0.95249,1.00,1.00
2016.09.01 08:19:26.517,0.95224,0.95249,1.00,1.00
2016.09.01 08:19:27.288,0.95223,0.95249,1.00,1.00
2016.09.01 08:19:27.518,0.95223,0.95249,1.50,1.00
2016.09.01 08:19:27.670,0.95223,0.95249,1.50,1.00
2016.09.01 08:19:27.846,0.95223,0.95247,1.00,1.00
2016.09.01 08:19:27.896,0.95222,0.95246,1.50,1.00
2016.09.01 08:19:28.219,0.95222,0.95246,1.00,1.00
2016.09.01 08:19:28.329,0.95223,0.95246,1.00,1.00
2016.09.01 08:19:29.028,0.95223,0.95249,1.50,1.00
2016.09.01 08:19:29.383,0.95225,0.95249,1.00,1.00
2016.09.01 08:19:29.729,0.95228,0.95252,1.00,1.00
2016.09.01 08:19:29.831,0.95228,0.95252,1.00,1.00
2016.09.01 08:19:30.069,0.95226,0.9525,1.00,1.00
2016.09.01 08:19:30.120,0.95224,0.95249,1.00,1.00
2016.09.01 08:19:30.221,0.95223,0.95249,1.50,1.00
2016.09.01 08:19:30.271,0.95223,0.95249,1.50,1.00
2016.09.01 08:19:30.422,0.95223,0.95249,1.00,1.00
2016.09.01 08:19:30.775,0.95223,0.95249,1.00,1.00
2016.09.01 08:19:30.923,0.95223,0.95249,1.50,1.00
2016.09.01 08:19:31.024,0.95223,0.95249,1.00,1.00
2016.09.01 08:19:31.075,0.95223,0.95249,1.00,1.00
2016.09.01 08:19:31.282,0.9523,0.95254,1.00,1.72
2016.09.01 08:19:31.333,0.9523,0.95254,1.00,1.12
2016.09.01 08:19:31.383,0.95232,0.95256,1.00,1.00
2016.09.01 08:19:31.485,0.95232,0.95258,1.00,1.37
2016.09.01 08:19:31.657,0.95233,0.95258,1.00,1.37
2016.09.01 08:19:31.759,0.95232,0.95258,1.50,1.37
2016.09.01 08:19:31.810,0.95232,0.95258,1.00,1.00
2016.09.01 08:19:32.012,0.95232,0.95258,1.50,1.00
2016.09.01 08:19:32.748,0.95232,0.95258,1.50,1.00
2016.09.01 08:19:34.151,0.95232,0.95258,1.50,1.00
2016.09.01 08:19:35.394,0.95233,0.95259,1.00,1.00
2016.09.01 08:19:35.586,0.95233,0.95259,1.00,1.00
2016.09.01 08:19:35.687,0.95233,0.95259,1.00,1.00
2016.09.01 08:19:37.733,0.95236,0.9526,1.00,1.00
2016.09.01 08:19:39.642,0.95233,0.95259,1.00,1.00
2016.09.01 08:19:41.764,0.95233,0.95259,1.00,1.00
2016.09.01 08:19:42.398,0.95233,0.95259,1.00,1.37
2016.09.01 08:19:42.711,0.95232,0.95258,1.50,1.12
2016.09.01 08:19:42.882,0.95232,0.95258,2.25,1.00
2016.09.01 08:19:42.935,0.95234,0.95258,1.00,1.00
2016.09.01 08:19:42.986,0.95234,0.95258,1.00,1.00
2016.09.01 08:19:43.088,0.95234,0.95258,1.00,1.00
2016.09.01 08:19:43.412,0.95235,0.95259,1.00,1.00
2016.09.01 08:19:43.937,0.95233,0.95259,1.50,1.00
2016.09.01 08:19:43.988,0.95233,0.95259,1.00,1.00
2016.09.01 08:19:44.089,0.95233,0.95257,1.00,1.00
2016.09.01 08:19:45.727,0.95233,0.95257,1.00,1.37
2016.09.01 08:19:45.920,0.95232,0.95256,1.00,1.12
2016.09.01 08:19:46.021,0.95229,0.95257,1.50,1.37
2016.09.01 08:19:46.122,0.95234,0.95258,1.00,1.37
2016.09.01 08:19:46.337,0.95234,0.95266,1.00,1.37
2016.09.01 08:19:46.388,0.95234,0.95266,1.00,1.37
2016.09.01 08:19:47.076,0.95234,0.95266,1.00,1.37
2016.09.01 08:19:47.127,0.95238,0.95262,1.00,1.00
2016.09.01 08:19:47.178,0.95238,0.95262,1.00,1.00
2016.09.01 08:19:47.279,0.95238,0.95264,1.00,1.00
2016.09.01 08:19:47.330,0.95238,0.95264,1.12,1.00
2016.09.01 08:19:47.757,0.95238,0.95264,1.12,1.00
2016.09.01 08:19:47.808,0.95238,0.95264,1.00,1.00
2016.09.01 08:19:48.078,0.95238,0.95264,1.00,1.00
2016.09.01 08:19:48.297,0.95238,0.95264,1.00,1.00
2016.09.01 08:19:48.348,0.95237,0.95264,1.50,1.00
2016.09.01 08:19:48.693,0.95237,0.95264,1.50,1.00
2016.09.01 08:19:48.795,0.95237,0.95264,1.50,1.00
2016.09.01 08:19:48.845,0.95239,0.95263,1.00,1.00
2016.09.01 08:19:50.243,0.9524,0.95264,1.00,1.00
2016.09.01 08:19:50.344,0.95242,0.95266,1.00,1.00
2016.09.01 08:19:50.678,0.9524,0.95266,1.00,1.00
2016.09.01 08:19:53.891,0.9524,0.95266,1.00,1.00
2016.09.01 08:19:54.026,0.9524,0.95266,1.00,1.00
2016.09.01 08:19:54.291,0.9524,0.95266,1.00,1.00
2016.09.01 08:19:57.264,0.95241,0.95265,1.00,1.00
2016.09.01 08:19:57.596,0.95241,0.95265,1.00,1.00
2016.09.01 08:19:58.975,0.9524,0.95264,1.12,1.00
2016.09.01 08:19:59.026,0.9524,0.95264,1.12,1.00
2016.09.01 08:19:59.128,0.9524,0.95264,1.37,1.00
2016.09.01 08:19:59.291,0.95239,0.95263,1.12,1.00
2016.09.01 08:19:59.341,0.95239,0.95263,1.37,1.00
2016.09.01 08:19:59.392,0.9524,0.95264,1.37,1.00
2016.09.01 08:19:59.442,0.9524,0.95264,1.00,1.00
2016.09.01 08:19:59.622,0.9524,0.95264,1.37,1.00
2016.09.01 08:19:59.674,0.9524,0.95266,1.37,1.00
2016.09.01 08:19:59.902,0.9524,0.95266,1.37,1.00
2016.09.01 08:20:00.503,0.9524,0.95266,1.37,1.00
2016.09.01 08:20:00.554,0.9524,0.95266,1.12,1.00
2016.09.01 08:20:00.682,0.9524,0.95264,1.12,1.00
2016.09.01 08:20:00.873,0.9524,0.95264,1.00,1.00
2016.09.01 08:20:01.427,0.95241,0.95267,1.00,1.00
2016.09.01 08:20:02.126,0.95243,0.95267,1.00,1.00
2016.09.01 08:20:02.642,0.95242,0.95266,1.00,1.00
2016.09.01 08:20:03.178,0.95241,0.95265,1.00,1.00
2016.09.01 08:20:03.229,0.95241,0.95267,1.00,1.00
2016.09.01 08:20:03.380,0.95241,0.95267,1.00,1.00
2016.09.01 08:20:03.532,0.95242,0.95268,1.00,1.00
2016.09.01 08:20:03.633,0.95242,0.95268,1.12,1.00
2016.09.01 08:20:03.733,0.95242,0.95268,1.00,1.00
2016.09.01 08:20:03.834,0.95242,0.95268,1.12,1.00
2016.09.01 08:20:04.142,0.95242,0.95268,1.00,1.00
2016.09.01 08:20:04.792,0.95243,0.95269,1.00,1.00
2016.09.01 08:20:04.938,0.95243,0.95269,1.37,1.00
2016.09.01 08:20:04.989,0.95245,0.95269,1.00,1.00
2016.09.01 08:20:06.091,0.95244,0.95268,1.12,1.00
2016.09.01 08:20:06.543,0.95244,0.95268,1.00,1.00
2016.09.01 08:20:06.908,0.95244,0.95268,1.12,1.00
2016.09.01 08:20:07.009,0.95244,0.95268,1.00,1.00
2016.09.01 08:20:10.024,0.95244,0.95268,1.60,1.00
2016.09.01 08:20:10.125,0.95249,0.95275,1.00,1.00
2016.09.01 08:20:10.175,0.95249,0.95275,1.00,1.00
2016.09.01 08:20:10.226,0.95251,0.95277,1.00,1.00
2016.09.01 08:20:10.556,0.9525,0.95275,1.00,1.00
2016.09.01 08:20:10.748,0.9525,0.95275,1.00,1.00
2016.09.01 08:20:10.951,0.9525,0.95274,1.00,1.00
2016.09.01 08:20:11.329,0.9525,0.95274,1.50,1.00
2016.09.01 08:20:11.430,0.9525,0.95274,1.87,1.00
2016.09.01 08:20:12.809,0.9525,0.95276,1.87,1.00
2016.09.01 08:20:13.856,0.95251,0.95277,1.00,1.00
2016.09.01 08:20:13.956,0.95252,0.95278,1.00,1.00
2016.09.01 08:20:14.057,0.95254,0.95278,1.00,1.00
2016.09.01 08:20:14.856,0.95254,0.95278,1.00,1.00
2016.09.01 08:20:15.159,0.95254,0.9528,1.00,1.00
2016.09.01 08:20:15.260,0.95253,0.95279,1.50,1.00
2016.09.01 08:20:15.414,0.95252,0.95279,1.00,1.00
2016.09.01 08:20:15.515,0.95252,0.95279,1.00,1.37
2016.09.01 08:20:15.566,0.95251,0.95273,1.00,1.00
2016.09.01 08:20:15.617,0.95248,0.95273,1.00,1.00
2016.09.01 08:20:15.667,0.9525,0.95273,1.00,1.00
2016.09.01 08:20:16.135,0.95249,0.95275,1.00,1.00
2016.09.01 08:20:16.492,0.9525,0.95276,1.00,1.00
2016.09.01 08:20:16.941,0.95252,0.95276,1.00,1.00
2016.09.01 08:20:17.042,0.95252,0.9528,1.00,1.00
2016.09.01 08:20:17.093,0.95252,0.9528,1.00,1.00
2016.09.01 08:20:17.144,0.95253,0.95281,1.00,1.12
2016.09.01 08:20:17.245,0.95253,0.95281,1.00,1.00
2016.09.01 08:20:17.915,0.95254,0.95282,1.00,1.00
2016.09.01 08:20:18.016,0.95254,0.95282,1.00,1.12
2016.09.01 08:20:18.117,0.95254,0.95282,1.00,1.00
2016.09.01 08:20:18.566,0.95254,0.95282,1.00,1.12
2016.09.01 08:20:18.744,0.95254,0.9528,1.00,1.00
2016.09.01 08:20:20.528,0.95255,0.9528,1.00,1.00
2016.09.01 08:20:20.898,0.95255,0.9528,1.00,1.12
2016.09.01 08:20:21.049,0.95253,0.9528,1.00,1.12
2016.09.01 08:20:21.100,0.95253,0.9528,1.00,1.12
2016.09.01 08:20:21.221,0.95253,0.9528,1.00,1.00
2016.09.01 08:20:21.272,0.95253,0.9528,1.00,1.00
2016.09.01 08:20:21.493,0.95253,0.9528,1.00,1.00
2016.09.01 08:20:22.550,0.95251,0.95279,1.00,1.00
2016.09.01 08:20:22.600,0.95249,0.95279,1.00,1.37
2016.09.01 08:20:22.651,0.95249,0.95276,1.00,1.37
2016.09.01 08:20:22.752,0.95247,0.95275,1.00,1.00
2016.09.01 08:20:23.126,0.95247,0.95275,1.00,1.12
2016.09.01 08:20:23.346,0.95247,0.95275,1.00,1.00
2016.09.01 08:20:24.479,0.95249,0.95273,1.00,1.00
2016.09.01 08:20:25.148,0.95245,0.95269,1.00,1.00
2016.09.01 08:20:25.199,0.95245,0.95269,1.00,1.00
2016.09.01 08:20:25.249,0.95244,0.95268,1.00,1.00
2016.09.01 08:20:25.300,0.95244,0.95268,1.00,1.00
2016.09.01 08:20:32.342,0.95244,0.95268,1.12,1.00
2016.09.01 08:20:34.954,0.95244,0.95268,1.00,1.00
2016.09.01 08:20:36.776,0.95245,0.95269,1.00,1.00
2016.09.01 08:20:37.303,0.95244,0.95268,1.00,1.00
2016.09.01 08:20:40.577,0.95242,0.95268,1.87,1.00
2016.09.01 08:20:40.627,0.95242,0.95268,1.87,1.00
2016.09.01 08:20:40.867,0.95242,0.95268,1.00,1.00
2016.09.01 08:20:40.918,0.95242,0.95268,1.00,1.00
2016.09.01 08:20:41.056,0.95242,0.95268,1.87,1.00
2016.09.01 08:20:41.575,0.95242,0.95268,1.37,1.00
2016.09.01 08:20:42.898,0.95243,0.95269,1.37,1.00
2016.09.01 08:20:43.053,0.95243,0.95269,1.37,1.00
2016.09.01 08:20:43.205,0.95242,0.95266,1.12,1.00
2016.09.01 08:20:43.255,0.95242,0.95266,1.12,1.00
2016.09.01 08:20:43.413,0.95242,0.95266,1.37,1.00
2016.09.01 08:20:43.463,0.95248,0.95273,1.37,1.00
2016.09.01 08:20:43.616,0.95251,0.95276,1.00,1.00
2016.09.01 08:20:45.006,0.95249,0.95275,1.12,1.00
2016.09.01 08:20:45.057,0.95249,0.95275,1.12,1.00
2016.09.01 08:20:45.107,0.95248,0.95275,1.12,1.00
2016.09.01 08:20:46.423,0.95248,0.95275,1.12,1.00
2016.09.01 08:20:46.473,0.95248,0.95275,1.00,1.00
2016.09.01 08:20:48.119,0.95246,0.95274,1.12,1.00
2016.09.01 08:20:48.372,0.95246,0.95274,1.37,1.00
2016.09.01 08:20:48.422,0.95249,0.95273,1.00,1.00
2016.09.01 08:20:48.473,0.95249,0.95273,1.00,1.00
2016.09.01 08:20:48.526,0.95249,0.95273,1.00,1.00
2016.09.01 08:20:48.626,0.95249,0.95273,1.00,1.00
2016.09.01 08:20:48.814,0.9525,0.95276,1.00,1.00
2016.09.01 08:20:49.016,0.9525,0.95276,1.12,1.00
2016.09.01 08:20:49.242,0.9525,0.95275,1.00,1.00
2016.09.01 08:20:49.429,0.9525,0.95275,1.00,1.00
2016.09.01 08:20:49.530,0.9525,0.95275,1.00,1.00
2016.09.01 08:20:49.581,0.9525,0.95275,1.37,1.00
2016.09.01 08:20:49.830,0.9525,0.95275,1.37,1.00
2016.09.01 08:20:49.977,0.9525,0.95275,1.12,1.00
2016.09.01 08:20:50.616,0.95252,0.95276,1.00,1.00
2016.09.01 08:20:50.717,0.95253,0.95279,1.00,1.00
2016.09.01 08:20:51.121,0.95253,0.95279,1.12,1.00
2016.09.01 08:20:54.109,0.95251,0.95277,1.37,1.00
2016.09.01 08:20:54.181,0.9525,0.95277,1.37,1.00
2016.09.01 08:20:54.231,0.95249,0.95274,1.37,1.00
2016.09.01 08:20:56.355,0.95249,0.95276,1.37,1.00
2016.09.01 08:20:56.406,0.95249,0.95276,1.12,1.00
2016.09.01 08:20:56.534,0.95249,0.95276,1.12,1.00
2016.09.01 08:20:57.584,0.95249,0.95276,1.37,1.00
2016.09.01 08:20:57.911,0.95251,0.95275,1.37,1.00
2016.09.01 08:20:58.445,0.9525,0.95274,1.37,1.00
2016.09.01 08:20:58.546,0.9525,0.95276,1.37,1.00
2016.09.01 08:21:00.134,0.95249,0.95275,1.37,1.00
2016.09.01 08:21:00.239,0.9525,0.95276,1.12,1.00
2016.09.01 08:21:00.290,0.9525,0.95276,1.37,1.00
2016.09.01 08:21:02.204,0.9525,0.95274,1.12,1.00
2016.09.01 08:21:02.304,0.9525,0.95277,1.37,1.00
2016.09.01 08:21:02.355,0.95252,0.95276,1.37,1.00
2016.09.01 08:21:02.456,0.95253,0.95279,1.37,1.00
2016.09.01 08:21:03.397,0.95253,0.95279,1.12,1.00
2016.09.01 08:21:03.447,0.95251,0.95279,1.87,1.00
2016.09.01 08:21:03.498,0.95251,0.95279,1.37,1.00
2016.09.01 08:21:03.599,0.95251,0.95278,1.00,1.00
2016.09.01 08:21:03.700,0.95251,0.95278,1.00,1.00
2016.09.01 08:21:03.751,0.9525,0.95276,1.00,1.00
2016.09.01 08:21:05.522,0.95249,0.95275,1.00,1.00
2016.09.01 08:21:05.635,0.9525,0.95276,1.00,1.00
2016.09.01 08:21:05.823,0.95249,0.95275,1.00,1.00
2016.09.01 08:21:06.254,0.95249,0.95273,1.00,1.00
2016.09.01 08:21:06.636,0.95249,0.95275,1.00,1.00
2016.09.01 08:21:07.984,0.95249,0.95275,1.00,1.00
2016.09.01 08:21:09.821,0.95253,0.95275,2.10,1.00
2016.09.01 08:21:09.871,0.95258,0.95281,1.00,1.37
2016.09.01 08:21:09.922,0.95258,0.95286,1.12,1.00
2016.09.01 08:21:09.972,0.95262,0.95286,1.00,1.00
2016.09.01 08:21:10.023,0.95262,0.95286,1.00,1.00
2016.09.01 08:21:10.225,0.95262,0.95286,1.00,1.00
2016.09.01 08:21:10.275,0.95263,0.95286,1.00,1.00
2016.09.01 08:21:11.781,0.95263,0.95286,1.00,1.00
2016.09.01 08:21:11.831,0.95262,0.95286,1.12,1.00
2016.09.01 08:21:12.628,0.95262,0.95286,1.87,1.00
2016.09.01 08:21:12.734,0.95264,0.95288,1.00,1.00
2016.09.01 08:21:13.966,0.95262,0.95286,1.00,1.00
2016.09.01 08:21:14.414,0.95262,0.95286,1.37,1.00
2016.09.01 08:21:14.882,0.95259,0.9529,1.37,1.00
2016.09.01 08:21:14.932,0.95262,0.9529,1.37,1.00
2016.09.01 08:21:14.983,0.95263,0.95292,1.37,1.00
2016.09.01 08:21:15.154,0.95264,0.9529,1.12,1.00
2016.09.01 08:21:15.390,0.95264,0.9529,1.12,1.00
2016.09.01 08:21:15.440,0.95265,0.95291,1.00,1.00
2016.09.01 08:21:16.351,0.95265,0.95289,1.00,1.00
2016.09.01 08:21:17.648,0.95263,0.95288,1.00,1.00
2016.09.01 08:21:18.287,0.95264,0.95289,1.00,1.00
2016.09.01 08:21:20.756,0.9526,0.95287,1.00,1.00
2016.09.01 08:21:20.858,0.9526,0.95285,1.00,1.00
2016.09.01 08:21:20.909,0.9526,0.95285,1.00,1.00
2016.09.01 08:21:20.960,0.95259,0.95284,1.12,1.00
2016.09.01 08:21:21.163,0.9526,0.95285,1.00,1.00
2016.09.01 08:21:21.351,0.9526,0.95285,1.12,1.00
2016.09.01 08:21:21.470,0.9526,0.95285,1.00,1.00
2016.09.01 08:21:21.894,0.95259,0.95283,1.00,1.00
2016.09.01 08:21:22.560,0.95267,0.9529,1.00,1.00
2016.09.01 08:21:22.661,0.95271,0.95297,1.00,1.00
2016.09.01 08:21:22.762,0.95272,0.95299,1.00,1.00
2016.09.01 08:21:22.863,0.9527,0.95297,1.00,1.00
2016.09.01 08:21:23.164,0.95273,0.95298,1.00,1.00
2016.09.01 08:21:23.366,0.95271,0.95297,1.00,1.00
2016.09.01 08:21:23.872,0.9527,0.95296,1.00,1.00
2016.09.01 08:21:24.129,0.9527,0.95296,1.00,1.00
2016.09.01 08:21:24.179,0.9527,0.95296,1.50,1.00
2016.09.01 08:21:24.230,0.9527,0.95296,1.50,1.00
2016.09.01 08:21:24.280,0.9527,0.95296,1.00,1.00
2016.09.01 08:21:24.482,0.9527,0.95296,1.37,1.00
2016.09.01 08:21:24.533,0.9527,0.95296,1.12,1.00
2016.09.01 08:21:24.584,0.95271,0.95297,1.00,1.00
2016.09.01 08:21:24.634,0.95271,0.95297,1.00,1.00
2016.09.01 08:21:24.871,0.95268,0.95296,1.00,1.00
2016.09.01 08:21:24.921,0.95268,0.95296,1.00,1.00
2016.09.01 08:21:24.972,0.95268,0.95296,1.37,1.00
2016.09.01 08:21:25.254,0.9527,0.95296,1.37,1.00
2016.09.01 08:21:25.830,0.9527,0.95296,1.12,1.00
2016.09.01 08:21:25.881,0.9527,0.95296,1.00,1.00
2016.09.01 08:21:26.033,0.9527,0.95296,1.00,1.00
2016.09.01 08:21:26.188,0.95272,0.95298,1.00,1.00
2016.09.01 08:21:26.289,0.95274,0.953,1.00,1.00
2016.09.01 08:21:26.390,0.95271,0.95299,1.00,1.00
2016.09.01 08:21:27.958,0.95271,0.95297,1.00,1.00
2016.09.01 08:21:28.271,0.95269,0.95295,1.00,1.00
2016.09.01 08:21:28.490,0.95269,0.95297,1.00,1.00
2016.09.01 08:21:28.592,0.95271,0.95297,1.00,1.00
2016.09.01 08:21:29.073,0.95269,0.95297,1.00,1.00
2016.09.01 08:21:29.174,0.95271,0.95297,1.00,1.00
2016.09.01 08:21:29.580,0.95269,0.95297,1.00,1.12
2016.09.01 08:21:30.073,0.95269,0.95297,1.00,1.00
2016.09.01 08:21:30.681,0.9527,0.95298,1.00,1.00
2016.09.01 08:21:31.293,0.95269,0.95297,1.00,1.00
2016.09.01 08:21:31.833,0.95268,0.95296,1.00,1.00
2016.09.01 08:21:32.150,0.9527,0.95296,1.00,1.00
2016.09.01 08:21:37.185,0.95271,0.95297,1.00,1.00
2016.09.01 08:21:39.293,0.9527,0.95296,1.00,1.00
2016.09.01 08:21:40.712,0.95271,0.95297,1.00,1.00
2016.09.01 08:21:40.907,0.9527,0.95296,1.87,1.00
2016.09.01 08:21:40.959,0.9527,0.95296,1.00,1.00
2016.09.01 08:21:41.009,0.95271,0.95297,1.00,1.00
2016.09.01 08:21:43.004,0.9527,0.95296,1.00,1.00
2016.09.01 08:21:44.194,0.95271,0.95299,1.00,1.00
2016.09.01 08:21:44.714,0.95271,0.95299,1.12,1.00
2016.09.01 08:21:44.898,0.95271,0.95299,1.00,1.00
2016.09.01 08:21:45.064,0.95271,0.95299,1.00,1.00
2016.09.01 08:21:46.216,0.9527,0.95298,1.50,1.00
2016.09.01 08:21:46.418,0.9527,0.95298,1.00,1.00
2016.09.01 08:21:47.272,0.9527,0.95298,1.87,1.00
2016.09.01 08:21:47.373,0.9527,0.95298,1.00,1.00
2016.09.01 08:21:47.499,0.9527,0.95298,1.12,1.00
2016.09.01 08:21:47.614,0.95272,0.95298,1.00,1.00
2016.09.01 08:21:49.702,0.95271,0.95297,1.00,1.00
2016.09.01 08:21:50.145,0.95271,0.95299,1.00,1.00
2016.09.01 08:21:50.195,0.95271,0.95299,1.12,1.00
2016.09.01 08:21:50.304,0.95271,0.95299,1.12,1.00
2016.09.01 08:21:50.405,0.95273,0.95299,1.00,1.00
2016.09.01 08:21:50.622,0.95278,0.95305,1.00,1.87
2016.09.01 08:21:50.724,0.95278,0.95305,1.00,1.00
2016.09.01 08:21:51.302,0.95277,0.95305,1.00,1.00
2016.09.01 08:21:51.631,0.95277,0.95303,1.00,1.00
2016.09.01 08:21:52.030,0.95277,0.95305,1.00,1.00
2016.09.01 08:21:52.730,0.95277,0.95303,1.00,1.00
2016.09.01 08:21:52.932,0.95277,0.95303,1.12,1.00
2016.09.01 08:21:53.131,0.95278,0.95304,1.00,1.00
2016.09.01 08:21:54.261,0.95277,0.95303,1.12,1.00
2016.09.01 08:21:54.312,0.95277,0.95303,1.37,1.00
2016.09.01 08:21:54.413,0.95277,0.95303,1.12,1.00
2016.09.01 08:21:54.499,0.95277,0.95303,1.00,1.00
2016.09.01 08:21:54.885,0.95277,0.95303,1.37,1.00
2016.09.01 08:21:54.986,0.95277,0.95303,1.12,1.00
2016.09.01 08:21:55.112,0.95277,0.95303,1.37,1.00
2016.09.01 08:21:55.213,0.95277,0.95303,1.00,1.00
2016.09.01 08:21:55.486,0.95277,0.95303,1.37,1.00
2016.09.01 08:21:55.646,0.95277,0.95303,1.12,1.00
2016.09.01 08:21:55.837,0.95277,0.95303,1.00,1.00
2016.09.01 08:21:55.988,0.95277,0.95303,1.37,1.00
2016.09.01 08:21:56.087,0.95277,0.95303,1.37,1.00
2016.09.01 08:21:56.138,0.95278,0.95304,1.00,1.00
2016.09.01 08:21:56.720,0.95277,0.95303,1.12,1.00
2016.09.01 08:21:56.821,0.95277,0.95305,1.12,1.00
2016.09.01 08:21:56.990,0.95277,0.95305,1.37,1.00
2016.09.01 08:21:57.089,0.95277,0.95305,1.37,1.00
2016.09.01 08:21:57.215,0.95277,0.95305,1.37,1.00
2016.09.01 08:21:58.039,0.95277,0.95303,1.12,1.00
2016.09.01 08:21:58.141,0.95277,0.95303,1.00,1.00
2016.09.01 08:21:58.725,0.95278,0.95304,1.00,1.00
2016.09.01 08:21:58.892,0.95278,0.95304,1.12,1.00
2016.09.01 08:21:59.530,0.95284,0.9531,1.00,1.50
2016.09.01 08:21:59.631,0.95285,0.95311,1.00,1.00
2016.09.01 08:21:59.695,0.95285,0.95311,1.37,1.00
2016.09.01 08:21:59.745,0.95286,0.95314,1.12,1.00
2016.09.01 08:21:59.899,0.95286,0.95314,1.37,1.00
2016.09.01 08:22:00.051,0.95285,0.95311,1.37,1.00
2016.09.01 08:22:00.853,0.95285,0.95313,1.37,1.00
2016.09.01 08:22:01.147,0.95285,0.95313,1.00,1.00
2016.09.01 08:22:01.998,0.95285,0.95313,1.37,1.00
2016.09.01 08:22:02.153,0.95285,0.95311,1.37,1.00
2016.09.01 08:22:02.204,0.95285,0.95311,1.87,1.00
2016.09.01 08:22:02.304,0.95285,0.95311,1.00,1.00
2016.09.01 08:22:02.431,0.95285,0.95311,1.87,1.00
2016.09.01 08:22:02.752,0.95285,0.9531,1.37,1.00
2016.09.01 08:22:02.802,0.95285,0.9531,1.00,1.00
2016.09.01 08:22:02.853,0.95285,0.95312,1.00,1.00
2016.09.01 08:22:02.903,0.95284,0.95312,1.87,1.00
2016.09.01 08:22:03.004,0.95284,0.95312,1.87,1.00
2016.09.01 08:22:03.301,0.95285,0.95312,1.37,1.00
2016.09.01 08:22:03.830,0.95284,0.95312,1.87,1.00
2016.09.01 08:22:03.931,0.95284,0.95312,1.87,1.00
2016.09.01 08:22:04.001,0.95285,0.95312,1.37,1.00
2016.09.01 08:22:04.052,0.95285,0.95312,1.37,1.00
2016.09.01 08:22:04.225,0.95285,0.95312,1.37,1.00
2016.09.01 08:22:05.304,0.95284,0.95312,1.87,1.00
2016.09.01 08:22:05.354,0.95284,0.95312,1.87,1.00
2016.09.01 08:22:05.411,0.95284,0.95312,1.87,1.00
2016.09.01 08:22:05.548,0.95285,0.95312,1.37,1.00
2016.09.01 08:22:05.906,0.95285,0.95312,1.37,1.00
2016.09.01 08:22:06.406,0.95285,0.95312,1.12,1.00
2016.09.01 08:22:06.649,0.95285,0.9531,1.12,1.00
2016.09.01 08:22:06.844,0.95284,0.9531,1.87,1.00
2016.09.01 08:22:07.831,0.95284,0.9531,1.50,1.00
2016.09.01 08:22:07.942,0.95285,0.9531,1.37,1.00
2016.09.01 08:22:08.045,0.95284,0.9531,1.37,1.00
2016.09.01 08:22:08.517,0.95284,0.9531,1.37,1.00
2016.09.01 08:22:08.610,0.95284,0.9531,1.12,1.00
2016.09.01 08:22:09.233,0.95284,0.9531,1.37,1.00
2016.09.01 08:22:10.129,0.95284,0.9531,1.12,1.00
2016.09.01 08:22:10.412,0.95284,0.9531,1.37,1.00
2016.09.01 08:22:10.515,0.95284,0.9531,1.37,1.00
2016.09.01 08:22:10.663,0.95284,0.9531,1.37,1.00
2016.09.01 08:22:10.901,0.95285,0.95313,1.37,1.00
2016.09.01 08:22:11.064,0.95285,0.95313,1.37,1.00
2016.09.01 08:22:11.165,0.95286,0.95313,1.37,1.00
2016.09.01 08:22:11.365,0.95286,0.95312,1.37,1.00
2016.09.01 08:22:11.417,0.95286,0.95312,1.37,1.00
2016.09.01 08:22:12.149,0.95285,0.95312,1.12,1.00
2016.09.01 08:22:12.319,0.95285,0.95312,1.12,1.00
2016.09.01 08:22:12.717,0.95286,0.95312,1.00,1.00
2016.09.01 08:22:12.840,0.95286,0.95312,1.12,1.00
2016.09.01 08:22:13.118,0.95286,0.95312,1.37,1.00
2016.09.01 08:22:13.169,0.95289,0.95315,1.00,1.00
2016.09.01 08:22:13.219,0.95289,0.95315,1.37,1.00
2016.09.01 08:22:13.444,0.95289,0.95315,1.37,1.00
2016.09.01 08:22:13.545,0.95289,0.95315,1.12,1.00
2016.09.01 08:22:13.922,0.95289,0.95315,1.12,1.00
2016.09.01 08:22:14.623,0.95289,0.95315,1.12,1.00
2016.09.01 08:22:14.724,0.95289,0.95315,1.00,1.00
2016.09.01 08:22:14.825,0.95289,0.95315,1.12,1.00
2016.09.01 08:22:15.421,0.95289,0.95315,1.37,1.00
2016.09.01 08:22:15.472,0.95289,0.95317,1.37,1.00
2016.09.01 08:22:15.566,0.95287,0.95315,1.87,1.00
2016.09.01 08:22:15.887,0.95287,0.95315,1.12,1.00
2016.09.01 08:22:16.224,0.95287,0.95315,1.37,1.00
2016.09.01 08:22:16.275,0.95286,0.95313,1.37,1.00
2016.09.01 08:22:16.531,0.95285,0.95313,1.37,1.00
2016.09.01 08:22:16.581,0.95287,0.95315,1.12,1.00
2016.09.01 08:22:16.945,0.95287,0.95315,1.37,1.00
2016.09.01 08:22:20.429,0.95287,0.95315,1.00,1.00
2016.09.01 08:22:20.530,0.95287,0.95315,1.37,1.00
2016.09.01 08:22:20.774,0.95289,0.95314,1.00,1.00
2016.09.01 08:22:23.795,0.95286,0.9531,1.50,1.00
2016.09.01 08:22:23.845,0.95287,0.9531,1.00,1.00
2016.09.01 08:22:24.101,0.95285,0.95309,1.12,1.00
2016.09.01 08:22:24.253,0.95285,0.95309,1.00,1.00
2016.09.01 08:22:24.353,0.95285,0.95309,1.12,1.00
2016.09.01 08:22:26.741,0.95285,0.95309,1.00,1.00
2016.09.01 08:22:26.792,0.95291,0.95316,1.00,1.37
2016.09.01 08:22:26.842,0.95291,0.95316,1.00,1.00
2016.09.01 08:22:26.994,0.95294,0.95321,1.00,1.87
2016.09.01 08:22:27.044,0.95294,0.95321,1.00,1.00
2016.09.01 08:22:27.095,0.95297,0.95321,1.00,1.00
2016.09.01 08:22:27.246,0.95297,0.95321,1.00,1.12
2016.09.01 08:22:27.569,0.95297,0.95321,1.00,1.37
2016.09.01 08:22:27.619,0.95295,0.95321,1.00,1.37
2016.09.01 08:22:27.670,0.95295,0.95321,1.00,1.12
2016.09.01 08:22:28.122,0.95295,0.95319,1.00,1.00
2016.09.01 08:22:31.302,0.95294,0.95318,1.00,1.00
2016.09.01 08:22:32.115,0.95295,0.95319,1.00,1.00
2016.09.01 08:22:32.402,0.95295,0.95322,1.00,1.00
2016.09.01 08:22:32.453,0.95295,0.95322,1.12,1.00
2016.09.01 08:22:32.652,0.95295,0.95322,1.00,1.00
2016.09.01 08:22:33.117,0.95295,0.9532,1.00,1.00
2016.09.01 08:22:35.841,0.95296,0.95322,1.00,1.00
2016.09.01 08:22:36.299,0.95295,0.9532,1.00,1.00
2016.09.01 08:22:36.859,0.95295,0.9532,1.12,1.00
2016.09.01 08:22:37.561,0.95295,0.9532,1.00,1.00
2016.09.01 08:22:38.438,0.95295,0.95325,1.35,1.00
2016.09.01 08:22:38.489,0.95295,0.95325,1.72,1.00
2016.09.01 08:22:38.540,0.953,0.95324,1.00,1.00
2016.09.01 08:22:38.830,0.95292,0.95319,1.87,1.00
2016.09.01 08:22:38.904,0.95292,0.95319,1.00,1.00
2016.09.01 08:22:38.954,0.9529,0.95316,1.37,1.00
2016.09.01 08:22:39.005,0.9529,0.95316,1.00,1.00
2016.09.01 08:22:39.106,0.9529,0.95316,1.12,1.00
2016.09.01 08:22:39.567,0.9529,0.95316,1.00,1.00
2016.09.01 08:22:39.719,0.95289,0.95315,1.00,1.00
2016.09.01 08:22:39.820,0.95291,0.95315,1.00,1.00
2016.09.01 08:22:40.357,0.95292,0.95316,1.00,1.00
2016.09.01 08:22:40.617,0.9529,0.95315,1.00,1.00
2016.09.01 08:22:41.448,0.9529,0.95316,1.00,1.00
2016.09.01 08:22:41.953,0.95288,0.95316,1.50,1.00
2016.09.01 08:22:42.003,0.95288,0.95316,1.00,1.00
2016.09.01 08:22:42.636,0.95287,0.95315,1.00,1.00
2016.09.01 08:22:43.311,0.95289,0.95314,1.00,1.00
2016.09.01 08:22:45.840,0.95287,0.95312,1.12,1.00
2016.09.01 08:22:45.891,0.95287,0.95312,1.00,1.00
2016.09.01 08:22:47.228,0.95286,0.95311,1.00,1.00
2016.09.01 08:22:48.436,0.95286,0.95313,1.00,1.00
2016.09.01 08:22:48.486,0.95286,0.95313,1.12,1.00
2016.09.01 08:22:48.780,0.95286,0.95313,1.00,1.00
2016.09.01 08:22:48.831,0.95289,0.95314,1.00,1.00
2016.09.01 08:22:49.388,0.9529,0.95315,1.00,1.00
2016.09.01 08:22:50.832,0.9529,0.95314,1.00,1.00
2016.09.01 08:22:52.150,0.95288,0.95314,1.50,1.00
2016.09.01 08:22:52.280,0.95287,0.95312,1.50,1.00
2016.09.01 08:22:52.331,0.95287,0.95312,1.00,1.00
2016.09.01 08:22:52.383,0.95288,0.95314,1.00,1.00
2016.09.01 08:22:52.961,0.95287,0.95311,1.00,1.00
2016.09.01 08:22:53.271,0.95289,0.95313,1.00,1.00
2016.09.01 08:22:54.289,0.95293,0.9532,1.00,1.87
2016.09.01 08:22:54.340,0.95293,0.9532,1.00,1.12
2016.09.01 08:22:54.391,0.95296,0.9532,1.00,1.00
2016.09.01 08:22:54.441,0.95296,0.9532,1.00,1.00
2016.09.01 08:22:54.492,0.95295,0.95323,1.00,1.12
2016.09.01 08:22:54.651,0.95295,0.95323,1.00,1.12
2016.09.01 08:22:54.702,0.95295,0.95323,1.00,1.37
2016.09.01 08:22:55.228,0.95295,0.95323,1.00,1.37
2016.09.01 08:22:55.329,0.95295,0.95323,1.00,1.12
2016.09.01 08:22:55.441,0.95295,0.95323,1.00,1.37
2016.09.01 08:22:55.712,0.95295,0.95323,1.00,1.37
2016.09.01 08:22:55.763,0.95292,0.95313,1.00,1.00
2016.09.01 08:22:55.813,0.95287,0.95313,1.00,1.37
2016.09.01 08:22:55.864,0.95285,0.95311,1.00,1.12
2016.09.01 08:22:55.915,0.95285,0.95311,1.00,1.00
2016.09.01 08:22:56.016,0.95285,0.95311,1.00,1.12
2016.09.01 08:22:56.494,0.95285,0.95311,1.00,1.00
2016.09.01 08:22:56.596,0.95285,0.95311,1.00,1.12
2016.09.01 08:22:57.396,0.95285,0.95311,1.00,1.37
2016.09.01 08:22:57.598,0.95285,0.95311,1.00,1.12
2016.09.01 08:22:57.699,0.95285,0.95312,1.00,1.37
2016.09.01 08:22:58.155,0.95286,0.9531,1.00,1.00
2016.09.01 08:23:00.000,0.95286,0.9531,1.00,1.12
2016.09.01 08:23:00.901,0.95286,0.9531,1.00,1.37
2016.09.01 08:23:01.002,0.95283,0.9531,1.00,1.37
2016.09.01 08:23:01.349,0.95283,0.9531,1.00,1.12
2016.09.01 08:23:02.767,0.95286,0.95311,1.00,1.37
2016.09.01 08:23:02.925,0.95286,0.95311,1.00,1.37
2016.09.01 08:23:03.702,0.95286,0.95312,1.00,1.37
2016.09.01 08:23:03.802,0.95288,0.95312,1.00,1.37
2016.09.01 08:23:03.903,0.95286,0.9531,1.00,1.12
2016.09.01 08:23:04.142,0.95286,0.9531,1.00,1.00
2016.09.01 08:23:04.223,0.95286,0.9531,1.00,1.37
2016.09.01 08:23:04.433,0.95286,0.9531,1.00,1.12
2016.09.01 08:23:04.633,0.95286,0.9531,1.00,1.00
2016.09.01 08:23:04.908,0.95286,0.9531,1.00,1.12
2016.09.01 08:23:05.309,0.95286,0.9531,1.00,1.00
2016.09.01 08:23:05.419,0.95289,0.95315,1.00,1.37
2016.09.01 08:23:05.521,0.95288,0.95314,1.00,1.00
2016.09.01 08:23:05.572,0.95288,0.95314,1.00,1.00
2016.09.01 08:23:05.623,0.95288,0.95314,1.00,1.12
2016.09.01 08:23:05.676,0.95288,0.95312,1.00,1.00
2016.09.01 08:23:06.045,0.95288,0.95312,1.00,1.12
2016.09.01 08:23:06.225,0.95285,0.95311,1.00,1.12
2016.09.01 08:23:06.899,0.95283,0.95311,1.00,1.12
2016.09.01 08:23:07.049,0.95283,0.95311,1.00,1.12
2016.09.01 08:23:07.100,0.95283,0.95311,1.50,1.37
2016.09.01 08:23:07.151,0.95283,0.95311,1.50,1.37
2016.09.01 08:23:07.914,0.95283,0.95311,1.00,1.00
2016.09.01 08:23:08.615,0.95283,0.95311,1.50,1.37
2016.09.01 08:23:08.716,0.95285,0.95309,1.00,1.00
2016.09.01 08:23:08.918,0.95285,0.95309,1.00,1.12
2016.09.01 08:23:09.019,0.95285,0.95309,1.00,1.00
2016.09.01 08:23:09.896,0.95283,0.95309,1.50,1.00
2016.09.01 08:23:09.962,0.95283,0.95309,1.50,1.12
2016.09.01 08:23:10.017,0.95283,0.95309,1.50,1.00
2016.09.01 08:23:10.258,0.95284,0.9531,1.00,1.37
2016.09.01 08:23:10.317,0.95283,0.95318,1.00,1.37
2016.09.01 08:23:10.368,0.95282,0.95319,1.12,1.37
2016.09.01 08:23:10.420,0.95291,0.95317,1.00,1.12
2016.09.01 08:23:10.521,0.95294,0.9532,1.00,1.12
2016.09.01 08:23:10.622,0.95294,0.9532,1.00,1.00
2016.09.01 08:23:10.819,0.95294,0.9532,1.00,1.12
2016.09.01 08:23:11.053,0.95294,0.9532,1.00,1.37
2016.09.01 08:23:11.312,0.95292,0.9532,1.50,1.37
2016.09.01 08:23:11.363,0.95292,0.9532,1.00,1.37
2016.09.01 08:23:11.413,0.95291,0.95319,1.00,1.12
2016.09.01 08:23:11.464,0.95291,0.95319,1.00,1.37
2016.09.01 08:23:12.121,0.95291,0.95319,1.00,1.00
2016.09.01 08:23:12.289,0.95291,0.95319,1.00,1.00
2016.09.01 08:23:12.339,0.95291,0.95319,1.00,1.37
2016.09.01 08:23:12.390,0.95291,0.95319,1.00,1.37
2016.09.01 08:23:13.603,0.95293,0.95319,1.00,1.37
2016.09.01 08:23:13.704,0.95291,0.95319,1.00,1.37
2016.09.01 08:23:14.272,0.95291,0.95319,1.00,1.12
2016.09.01 08:23:15.707,0.9529,0.95318,1.00,1.00
2016.09.01 08:23:15.757,0.9529,0.95318,1.00,1.37
2016.09.01 08:23:15.909,0.95289,0.95317,1.50,1.12
2016.09.01 08:23:16.571,0.95289,0.95317,1.50,1.00
2016.09.01 08:23:16.628,0.95289,0.95317,1.00,1.00
2016.09.01 08:23:16.797,0.95292,0.95318,1.00,1.00
2016.09.01 08:23:16.898,0.95288,0.95315,1.00,1.00
2016.09.01 08:23:17.000,0.95288,0.95314,1.50,1.00
2016.09.01 08:23:17.050,0.95289,0.95314,1.00,1.00
2016.09.01 08:23:17.161,0.95288,0.95314,1.00,1.12
2016.09.01 08:23:17.212,0.95284,0.95318,1.00,1.37
2016.09.01 08:23:17.262,0.95284,0.95318,1.00,1.37
2016.09.01 08:23:17.368,0.95284,0.95318,1.00,1.37
2016.09.01 08:23:17.477,0.95282,0.95317,1.12,1.37
2016.09.01 08:23:17.527,0.9528,0.95317,1.87,1.37
2016.09.01 08:23:17.578,0.95281,0.95316,1.37,1.37
2016.09.01 08:23:17.679,0.95281,0.95316,1.37,1.37
2016.09.01 08:23:17.815,0.95281,0.95316,1.12,1.37
2016.09.01 08:23:17.867,0.95281,0.95316,1.12,1.37
2016.09.01 08:23:17.979,0.95281,0.95316,1.37,1.37
2016.09.01 08:23:18.080,0.9528,0.95317,1.87,1.87
2016.09.01 08:23:18.233,0.95283,0.95311,1.00,1.00
2016.09.01 08:23:18.824,0.95284,0.95312,1.00,1.00
2016.09.01 08:23:19.976,0.95284,0.95312,1.00,1.00
2016.09.01 08:23:20.026,0.95292,0.95316,1.00,1.37
2016.09.01 08:23:20.077,0.95292,0.95318,1.00,1.00
2016.09.01 08:23:20.127,0.95295,0.95321,1.00,1.50
2016.09.01 08:23:20.178,0.95295,0.95321,1.00,1.00
2016.09.01 08:23:20.480,0.95292,0.95318,1.00,1.00
2016.09.01 08:23:23.583,0.95292,0.95318,1.00,1.12
2016.09.01 08:23:23.633,0.9529,0.95316,1.00,1.00
2016.09.01 08:23:23.684,0.9529,0.95316,1.00,1.37
2016.09.01 08:23:23.842,0.95287,0.95315,1.00,1.12
2016.09.01 08:23:23.893,0.95287,0.95315,1.00,1.12
2016.09.01 08:23:24.385,0.95287,0.95315,1.00,1.00
2016.09.01 08:23:25.037,0.9529,0.95316,1.00,1.00
2016.09.01 08:23:25.436,0.95293,0.95319,1.00,1.00
2016.09.01 08:23:26.050,0.95293,0.95318,1.00,1.00
2016.09.01 08:23:27.160,0.95293,0.95317,1.00,1.00
2016.09.01 08:23:27.690,0.95292,0.95316,1.00,1.00
2016.09.01 08:23:27.741,0.95292,0.95319,1.00,1.00
2016.09.01 08:23:28.072,0.95292,0.95316,1.00,1.00
2016.09.01 08:23:28.716,0.95288,0.95313,1.00,1.00
2016.09.01 08:23:28.774,0.95288,0.95313,1.00,1.00
2016.09.01 08:23:28.976,0.95288,0.95313,1.00,1.12
2016.09.01 08:23:29.132,0.95288,0.95315,1.00,1.37
2016.09.01 08:23:29.183,0.95288,0.95315,1.50,1.12
2016.09.01 08:23:29.349,0.95288,0.95315,1.00,1.12
2016.09.01 08:23:29.452,0.95288,0.95315,1.00,1.37
2016.09.01 08:23:29.867,0.95285,0.95309,1.00,1.00
2016.09.01 08:23:29.976,0.95288,0.95316,1.00,1.87
2016.09.01 08:23:30.026,0.95288,0.95316,1.00,1.87
2016.09.01 08:23:30.078,0.95288,0.95316,1.00,1.12
2016.09.01 08:23:30.128,0.95288,0.95316,1.00,1.12
2016.09.01 08:23:31.046,0.95288,0.95316,1.00,1.12
2016.09.01 08:23:31.097,0.95288,0.95316,1.00,1.00
2016.09.01 08:23:31.198,0.95288,0.95316,1.00,1.37
2016.09.01 08:23:32.659,0.95291,0.95317,1.00,1.37
2016.09.01 08:23:32.943,0.95289,0.95315,1.00,1.12
2016.09.01 08:23:32.994,0.95289,0.95315,1.00,1.37
2016.09.01 08:23:35.842,0.9529,0.95314,1.00,1.12
2016.09.01 08:23:36.772,0.9529,0.95314,1.00,1.37
2016.09.01 08:23:37.380,0.9529,0.95314,1.00,1.00
2016.09.01 08:23:37.481,0.9529,0.95314,1.00,1.12
2016.09.01 08:23:37.660,0.9529,0.95316,1.00,1.37
2016.09.01 08:23:37.710,0.9529,0.95316,1.00,1.12
2016.09.01 08:23:37.947,0.95292,0.95317,1.00,1.37
2016.09.01 08:23:37.998,0.95292,0.95317,1.00,1.00
2016.09.01 08:23:38.266,0.95292,0.95317,1.00,1.12
2016.09.01 08:23:38.806,0.95292,0.95317,1.00,1.00
2016.09.01 08:23:39.668,0.95292,0.95317,1.00,1.37
2016.09.01 08:23:39.912,0.95292,0.95317,1.00,1.00
2016.09.01 08:23:39.968,0.95292,0.95317,1.00,1.12
2016.09.01 08:23:41.553,0.9529,0.95317,1.00,1.12
2016.09.01 08:23:41.603,0.9529,0.95317,1.00,1.37
2016.09.01 08:23:41.749,0.95289,0.95316,1.00,1.12
2016.09.01 08:23:42.215,0.9529,0.95316,1.00,1.00
2016.09.01 08:23:43.175,0.9529,0.95316,1.00,1.12
2016.09.01 08:23:44.018,0.9529,0.95316,1.00,1.00
2016.09.01 08:23:45.960,0.95291,0.95317,1.00,1.00
2016.09.01 08:23:46.962,0.95295,0.95321,1.00,1.37
2016.09.01 08:23:47.063,0.95295,0.95322,1.00,1.87
2016.09.01 08:23:47.164,0.95297,0.95321,1.00,1.12
2016.09.01 08:23:47.215,0.95297,0.95321,1.00,1.00
2016.09.01 08:23:47.266,0.95294,0.95321,1.00,1.00
2016.09.01 08:23:48.083,0.95292,0.95322,2.25,1.12
2016.09.01 08:23:48.184,0.95292,0.95319,1.00,1.37
2016.09.01 08:23:48.386,0.95291,0.95319,1.00,1.00
2016.09.01 08:23:48.513,0.95292,0.95321,1.00,1.00
2016.09.01 08:23:48.564,0.95292,0.95321,1.00,1.00
2016.09.01 08:23:48.614,0.95295,0.9532,1.00,1.00
2016.09.01 08:23:50.568,0.95297,0.95321,1.00,1.00
2016.09.01 08:23:53.628,0.95296,0.9532,1.00,1.00
2016.09.01 08:23:53.943,0.95298,0.95322,1.00,1.00
2016.09.01 08:23:54.457,0.95298,0.95323,1.00,1.00
2016.09.01 08:23:54.608,0.95294,0.95329,1.37,1.37
2016.09.01 08:23:54.709,0.95293,0.9533,1.37,1.87
2016.09.01 08:23:54.760,0.95293,0.95327,1.37,1.00
2016.09.01 08:23:55.294,0.95294,0.95327,1.37,1.00
2016.09.01 08:23:55.344,0.95294,0.95327,1.37,1.12
2016.09.01 08:23:55.397,0.95293,0.95327,1.37,1.00
2016.09.01 08:23:55.777,0.95297,0.95322,1.00,1.00
2016.09.01 08:23:56.080,0.95292,0.95317,1.00,1.00
2016.09.01 08:23:56.191,0.95291,0.95316,1.50,1.00
2016.09.01 08:23:56.242,0.95291,0.95316,1.00,1.00
2016.09.01 08:23:56.292,0.95289,0.95316,1.00,1.00
2016.09.01 08:23:56.494,0.95288,0.95313,1.00,1.00
2016.09.01 08:23:56.595,0.95285,0.95312,1.00,1.00
2016.09.01 08:23:56.645,0.95284,0.95312,1.50,1.00
2016.09.01 08:23:56.701,0.95284,0.95312,1.00,1.00
2016.09.01 08:23:56.812,0.95286,0.95312,1.00,1.00
2016.09.01 08:23:57.041,0.95285,0.95313,1.00,1.37
2016.09.01 08:23:57.426,0.95285,0.95313,1.00,1.12
2016.09.01 08:23:57.604,0.95285,0.95313,1.00,1.37
2016.09.01 08:23:57.786,0.95286,0.95311,1.00,1.00
2016.09.01 08:23:58.508,0.95284,0.95309,1.00,1.00
2016.09.01 08:23:58.896,0.95285,0.9531,1.00,1.12
2016.09.01 08:23:58.997,0.95285,0.95312,1.00,1.37
2016.09.01 08:23:59.048,0.95285,0.95312,1.00,1.12
2016.09.01 08:23:59.228,0.95285,0.95312,1.00,1.00
2016.09.01 08:23:59.329,0.95285,0.95312,1.60,1.00
2016.09.01 08:23:59.479,0.95287,0.95316,2.10,1.00
2016.09.01 08:23:59.530,0.95291,0.95316,1.00,1.00
2016.09.01 08:23:59.833,0.9529,0.95318,1.00,1.12
2016.09.01 08:24:00.328,0.95292,0.95318,1.00,1.12
2016.09.01 08:24:00.797,0.95291,0.95317,1.00,1.00
2016.09.01 08:24:01.318,0.95293,0.95318,1.00,1.00
2016.09.01 08:24:01.520,0.95295,0.95321,1.00,1.00
2016.09.01 08:24:01.621,0.95295,0.95323,1.00,1.37
2016.09.01 08:24:01.723,0.95294,0.95322,1.00,1.12
2016.09.01 08:24:01.774,0.95294,0.95322,1.00,1.12
2016.09.01 08:24:02.085,0.95294,0.95322,1.00,1.37
2016.09.01 08:24:02.137,0.95294,0.9532,1.00,1.00
2016.09.01 08:24:02.720,0.95294,0.95319,1.00,1.00
2016.09.01 08:24:03.930,0.95291,0.95319,1.00,1.00
2016.09.01 08:24:05.527,0.95291,0.95319,1.12,1.00
2016.09.01 08:24:06.213,0.95293,0.95319,1.00,1.00
2016.09.01 08:24:06.760,0.95295,0.9532,1.00,1.00
2016.09.01 08:24:12.826,0.95294,0.9532,1.00,1.00
2016.09.01 08:24:13.338,0.95296,0.9532,1.00,1.00
2016.09.01 08:24:13.439,0.95293,0.95319,1.00,1.00
2016.09.01 08:24:13.733,0.95296,0.9532,1.00,1.00
2016.09.01 08:24:14.069,0.95293,0.95317,1.00,1.00
2016.09.01 08:24:14.131,0.95295,0.95321,1.00,1.00
2016.09.01 08:24:14.753,0.95292,0.95318,1.00,1.00
2016.09.01 08:24:15.263,0.95291,0.95317,1.00,1.00
2016.09.01 08:24:15.537,0.95298,0.95322,1.00,1.37
2016.09.01 08:24:15.638,0.95303,0.95322,1.00,1.37
2016.09.01 08:24:15.765,0.95303,0.95327,1.00,1.00
2016.09.01 08:24:15.818,0.95303,0.95327,1.00,1.00
2016.09.01 08:24:15.969,0.95301,0.95327,1.00,1.12
2016.09.01 08:24:16.071,0.95304,0.9533,1.00,1.00
2016.09.01 08:24:16.459,0.953,0.95336,1.00,1.37
2016.09.01 08:24:16.560,0.953,0.95335,1.50,1.37
2016.09.01 08:24:16.661,0.953,0.95333,1.00,1.37
2016.09.01 08:24:16.762,0.95296,0.9533,1.00,1.37
2016.09.01 08:24:16.812,0.95296,0.9533,1.00,1.37
2016.09.01 08:24:16.863,0.95294,0.95329,2.10,1.37
2016.09.01 08:24:16.914,0.95294,0.95329,2.10,1.37
2016.09.01 08:24:17.013,0.95294,0.95329,2.10,1.37
2016.09.01 08:24:17.358,0.95294,0.9533,1.35,1.87
2016.09.01 08:24:17.459,0.95296,0.9533,1.00,1.37
2016.09.01 08:24:17.509,0.95296,0.9533,1.00,1.37
2016.09.01 08:24:17.560,0.95299,0.95326,1.00,1.00
2016.09.01 08:24:18.109,0.95299,0.95325,1.00,1.00
2016.09.01 08:24:18.716,0.95299,0.95325,1.35,1.00
2016.09.01 08:24:18.767,0.95299,0.95328,1.35,1.00
2016.09.01 08:24:18.818,0.95299,0.95328,1.60,1.00
2016.09.01 08:24:18.869,0.95304,0.95329,1.00,1.00
2016.09.01 08:24:18.970,0.95302,0.95329,1.50,1.00
2016.09.01 08:24:19.021,0.95302,0.95329,1.50,1.00
2016.09.01 08:24:19.071,0.95302,0.95329,1.00,1.00
2016.09.01 08:24:19.380,0.953,0.95326,1.00,1.00
2016.09.01 08:24:19.925,0.95299,0.95325,1.00,1.00
2016.09.01 08:24:22.587,0.95299,0.95326,1.00,1.00
2016.09.01 08:24:23.089,0.95298,0.95325,1.00,1.00
2016.09.01 08:24:23.613,0.95297,0.95325,1.00,1.00
2016.09.01 08:24:23.959,0.95297,0.95323,1.00,1.00
2016.09.01 08:24:24.161,0.95301,0.95327,1.00,1.37
2016.09.01 08:24:24.212,0.95301,0.95328,1.00,1.50
2016.09.01 08:24:24.262,0.95296,0.95324,1.12,1.00
2016.09.01 08:24:24.313,0.95296,0.95324,1.00,1.00
2016.09.01 08:24:24.645,0.95294,0.95319,1.00,1.00
2016.09.01 08:24:24.998,0.95291,0.95319,1.00,1.00
2016.09.01 08:24:26.260,0.9529,0.95318,1.00,1.00
2016.09.01 08:24:27.259,0.95293,0.9532,1.00,1.00
2016.09.01 08:24:27.310,0.95289,0.95317,1.00,1.00
2016.09.01 08:24:27.411,0.95286,0.95314,1.00,1.00
2016.09.01 08:24:27.461,0.95286,0.95314,1.00,1.00
2016.09.01 08:24:27.613,0.95288,0.95315,1.00,1.00
2016.09.01 08:24:27.916,0.9529,0.95316,1.00,1.00
2016.09.01 08:24:28.293,0.95291,0.95319,1.00,1.00
2016.09.01 08:24:30.083,0.95293,0.95319,1.00,1.00
2016.09.01 08:24:30.571,0.95293,0.95321,1.00,1.00
2016.09.01 08:24:30.722,0.95296,0.95323,1.00,1.12
2016.09.01 08:24:30.823,0.95296,0.95323,1.00,1.37
2016.09.01 08:24:30.874,0.95288,0.95314,1.87,1.00
2016.09.01 08:24:30.924,0.95288,0.95314,1.50,1.12
2016.09.01 08:24:30.975,0.95288,0.95314,1.00,1.12
2016.09.01 08:24:31.073,0.95286,0.95314,1.00,1.00
2016.09.01 08:24:31.175,0.95286,0.95314,1.00,1.00
2016.09.01 08:24:31.225,0.9529,0.95321,1.00,1.87
2016.09.01 08:24:31.276,0.95289,0.9532,1.00,1.12
2016.09.01 08:24:31.327,0.95289,0.9532,1.12,1.00
2016.09.01 08:24:31.377,0.95291,0.95321,1.00,1.00
2016.09.01 08:24:31.579,0.95292,0.95323,1.50,1.37
2016.09.01 08:24:31.680,0.95293,0.95324,1.00,1.37
2016.09.01 08:24:31.818,0.95295,0.95325,1.00,1.37
2016.09.01 08:24:31.975,0.95295,0.95325,1.00,1.37
2016.09.01 08:24:32.076,0.95295,0.95325,1.00,1.37
2016.09.01 08:24:32.127,0.95296,0.95325,1.00,1.00
2016.09.01 08:24:32.177,0.95296,0.95324,1.00,1.00
2016.09.01 08:24:32.284,0.95296,0.95325,1.00,1.00
2016.09.01 08:24:32.335,0.95295,0.95325,1.50,1.00
2016.09.01 08:24:32.510,0.95296,0.95325,1.00,1.12
2016.09.01 08:24:33.236,0.95296,0.95325,1.00,1.12
2016.09.01 08:24:33.288,0.95296,0.95324,1.00,1.00
2016.09.01 08:24:33.339,0.95295,0.95324,1.00,1.12
2016.09.01 08:24:33.509,0.95292,0.95323,1.00,1.00
2016.09.01 08:24:33.738,0.95291,0.95323,1.12,1.00
2016.09.01 08:24:33.940,0.95291,0.95323,1.00,1.37
2016.09.01 08:24:34.457,0.95291,0.95323,1.00,1.37
2016.09.01 08:24:34.932,0.95291,0.95323,1.50,1.37
2016.09.01 08:24:34.983,0.95291,0.95323,1.50,1.37
2016.09.01 08:24:35.985,0.95293,0.95321,1.00,1.12
2016.09.01 08:24:36.894,0.95293,0.95321,1.00,1.00
2016.09.01 08:24:38.233,0.95295,0.9532,1.00,1.00
2016.09.01 08:24:38.630,0.95299,0.95325,1.00,1.12
2016.09.01 08:24:38.731,0.95298,0.95324,1.00,1.00
2016.09.01 08:24:39.303,0.95295,0.95321,1.00,1.00
2016.09.01 08:24:39.615,0.95295,0.95323,1.00,1.00
2016.09.01 08:24:40.301,0.95295,0.95323,1.00,1.12
2016.09.01 08:24:40.491,0.95294,0.95322,1.00,1.00
2016.09.01 08:24:40.643,0.95294,0.95322,1.00,1.12
2016.09.01 08:24:40.693,0.95295,0.95323,1.00,1.37
2016.09.01 08:24:40.744,0.95295,0.95323,1.00,1.00
2016.09.01 08:24:40.795,0.95296,0.95324,1.00,1.12
2016.09.01 08:24:40.845,0.95296,0.95324,1.00,1.00
2016.09.01 08:24:40.896,0.95299,0.95327,1.00,1.87
2016.09.01 08:24:40.997,0.95299,0.95327,1.00,1.87
2016.09.01 08:24:41.351,0.95299,0.95327,1.00,1.00
2016.09.01 08:24:43.696,0.95299,0.95325,1.00,1.00
2016.09.01 08:24:44.302,0.95299,0.95327,1.00,1.00
2016.09.01 08:24:44.403,0.95297,0.95326,1.00,1.00
2016.09.01 08:24:44.555,0.95297,0.95326,1.00,1.12
2016.09.01 08:24:44.656,0.95297,0.95326,1.00,1.00
2016.09.01 08:24:44.706,0.95299,0.95325,1.00,1.00
2016.09.01 08:24:45.297,0.953,0.95326,1.00,1.00
2016.09.01 08:24:46.925,0.95298,0.95325,1.00,1.00
2016.09.01 08:24:47.224,0.95297,0.95325,1.00,1.00
2016.09.01 08:24:48.317,0.95297,0.95325,1.00,1.37
2016.09.01 08:24:50.637,0.953,0.95324,1.00,1.37
2016.09.01 08:24:50.738,0.953,0.95324,1.00,1.00
2016.09.01 08:24:51.019,0.953,0.95324,1.00,1.37
2016.09.01 08:24:51.509,0.95298,0.95325,1.00,1.37
2016.09.01 08:24:51.629,0.95299,0.95323,1.00,1.12
2016.09.01 08:24:51.921,0.95299,0.95323,1.00,1.00
2016.09.01 08:24:52.130,0.95299,0.95323,1.00,1.12
2016.09.01 08:24:52.422,0.95299,0.95323,1.00,1.00
2016.09.01 08:24:53.331,0.95299,0.95323,1.00,1.37
2016.09.01 08:24:56.439,0.95299,0.95323,1.00,1.12
2016.09.01 08:24:57.630,0.95299,0.95323,1.00,1.37
2016.09.01 08:24:57.841,0.95299,0.95323,1.00,1.12
2016.09.01 08:24:58.171,0.95299,0.95323,1.00,1.37
2016.09.01 08:24:58.272,0.95299,0.95323,1.00,1.12
2016.09.01 08:24:58.443,0.95299,0.95323,1.00,1.37
2016.09.01 08:24:58.544,0.95298,0.95322,1.00,1.00
2016.09.01 08:24:58.595,0.95298,0.95322,1.00,1.00
2016.09.01 08:24:58.645,0.95296,0.95316,1.00,1.12
2016.09.01 08:24:58.696,0.95296,0.95316,1.00,1.12
2016.09.01 08:24:58.839,0.95292,0.95315,2.10,1.00
2016.09.01 08:24:58.940,0.95294,0.9532,1.60,1.37
2016.09.01 08:24:58.991,0.95294,0.9532,1.00,1.37
2016.09.01 08:24:59.042,0.95288,0.95323,1.00,1.37
2016.09.01 08:24:59.480,0.95288,0.95323,3.22,1.37
2016.09.01 08:24:59.531,0.95295,0.95323,1.60,1.37
2016.09.01 08:24:59.581,0.95297,0.95324,2.10,1.00
2016.09.01 08:24:59.632,0.95297,0.95324,2.10,1.00
2016.09.01 08:24:59.683,0.95297,0.9533,3.22,1.37
2016.09.01 08:24:59.733,0.95297,0.9533,3.22,1.37
2016.09.01 08:24:59.784,0.953,0.9533,1.60,1.37
2016.09.01 08:24:59.834,0.953,0.9533,1.60,1.37
2016.09.01 08:25:00.138,0.953,0.9533,2.85,1.37
2016.09.01 08:25:00.196,0.953,0.9533,2.85,1.37
2016.09.01 08:25:00.247,0.953,0.9533,2.85,1.12
2016.09.01 08:25:00.348,0.953,0.9533,1.00,1.37
2016.09.01 08:25:00.399,0.953,0.9533,1.00,1.37
2016.09.01 08:25:00.449,0.95297,0.9533,1.72,1.37
2016.09.01 08:25:00.500,0.95297,0.9533,1.72,1.37
2016.09.01 08:25:00.637,0.95297,0.9533,1.60,1.37
2016.09.01 08:25:00.798,0.95297,0.9533,1.60,1.37
2016.09.01 08:25:00.924,0.95301,0.95327,1.00,1.12
2016.09.01 08:25:01.139,0.95301,0.95327,1.00,1.37
2016.09.01 08:25:02.131,0.95303,0.95329,1.00,1.37
2016.09.01 08:25:02.379,0.95301,0.95327,1.00,1.37
2016.09.01 08:25:04.443,0.953,0.95326,1.00,1.12
2016.09.01 08:25:04.856,0.953,0.95324,1.00,1.00
2016.09.01 08:25:05.884,0.95299,0.95323,1.00,1.00
2016.09.01 08:25:06.086,0.95301,0.95324,1.00,1.12
2016.09.01 08:25:06.187,0.95301,0.95324,1.00,1.00
2016.09.01 08:25:06.538,0.95299,0.95324,1.00,1.00
2016.09.01 08:25:08.165,0.95299,0.95324,1.00,1.37
2016.09.01 08:25:08.409,0.95299,0.95324,1.00,1.12
2016.09.01 08:25:09.786,0.95299,0.95324,1.00,1.00
2016.09.01 08:25:09.988,0.95302,0.95327,1.00,1.37
2016.09.01 08:25:10.089,0.953,0.95326,1.00,1.12
2016.09.01 08:25:10.190,0.953,0.95326,1.00,1.00
2016.09.01 08:25:10.291,0.95302,0.95327,1.00,1.12
2016.09.01 08:25:11.792,0.95304,0.95328,1.00,1.37
2016.09.01 08:25:11.893,0.95304,0.95328,1.00,1.12
2016.09.01 08:25:11.994,0.95304,0.95331,1.00,1.37
2016.09.01 08:25:12.196,0.95304,0.95328,1.00,1.00
2016.09.01 08:25:12.298,0.95301,0.95325,1.00,1.00
2016.09.01 08:25:12.399,0.95301,0.95325,1.00,1.12
2016.09.01 08:25:12.449,0.95299,0.95323,1.00,1.00
2016.09.01 08:25:13.243,0.95299,0.95323,1.00,1.00
2016.09.01 08:25:13.294,0.953,0.95326,1.00,1.00
2016.09.01 08:25:13.844,0.953,0.95325,1.00,1.00
2016.09.01 08:25:14.567,0.95297,0.95321,1.00,1.00
2016.09.01 08:25:14.698,0.95294,0.9532,1.00,1.00
2016.09.01 08:25:14.758,0.95297,0.95321,1.00,1.00
2016.09.01 08:25:14.809,0.95297,0.95321,1.00,1.37
2016.09.01 08:25:15.112,0.95297,0.95321,1.00,1.12
2016.09.01 08:25:15.163,0.95297,0.95323,1.00,1.37
2016.09.01 08:25:15.306,0.95297,0.95323,1.00,1.00
2016.09.01 08:25:15.674,0.95297,0.95321,1.00,1.00
2016.09.01 08:25:16.178,0.95298,0.95322,1.00,1.00
2016.09.01 08:25:16.558,0.95297,0.95324,1.00,1.00
2016.09.01 08:25:16.609,0.95297,0.95324,1.00,1.00
2016.09.01 08:25:17.056,0.95299,0.95324,1.00,1.00
2016.09.01 08:25:17.411,0.95298,0.95325,1.00,1.12
2016.09.01 08:25:17.461,0.95296,0.95324,1.00,1.00
2016.09.01 08:25:17.566,0.95296,0.95324,1.00,1.37
2016.09.01 08:25:17.768,0.95297,0.95322,1.00,1.12
2016.09.01 08:25:17.818,0.95297,0.95322,1.00,1.00
2016.09.01 08:25:18.097,0.95295,0.95321,1.00,1.00
2016.09.01 08:25:18.198,0.95297,0.95322,1.00,1.00
2016.09.01 08:25:18.362,0.95298,0.95323,1.00,1.12
2016.09.01 08:25:18.414,0.95298,0.95323,1.00,1.00
2016.09.01 08:25:18.464,0.95296,0.95324,1.00,1.12
2016.09.01 08:25:18.515,0.95296,0.95324,1.00,1.37
2016.09.01 08:25:18.768,0.95294,0.95322,1.00,1.37
2016.09.01 08:25:19.303,0.95293,0.95321,1.00,1.37
2016.09.01 08:25:19.366,0.95291,0.95318,1.00,1.37
2016.09.01 08:25:19.416,0.95291,0.95318,1.00,1.37
2016.09.01 08:25:19.998,0.95293,0.95321,1.00,1.37
2016.09.01 08:25:21.571,0.95295,0.95321,1.00,1.37
2016.09.01 08:25:22.502,0.95295,0.95319,1.00,1.00
2016.09.01 08:25:23.079,0.95296,0.95321,1.00,1.00
2016.09.01 08:25:23.276,0.95295,0.95323,1.00,1.00
2016.09.01 08:25:24.506,0.95295,0.95321,1.00,1.00
2016.09.01 08:25:24.807,0.95298,0.95323,1.00,1.00
2016.09.01 08:25:25.345,0.95296,0.95321,1.00,1.00
2016.09.01 08:25:28.013,0.95297,0.95321,1.00,1.00
2016.09.01 08:25:28.563,0.95298,0.95322,1.00,1.00
2016.09.01 08:25:28.614,0.95302,0.95326,1.00,1.00
2016.09.01 08:25:28.781,0.95304,0.95328,1.00,1.87
2016.09.01 08:25:28.831,0.95302,0.95328,1.00,1.00
2016.09.01 08:25:28.933,0.95302,0.95328,1.00,1.12
2016.09.01 08:25:29.034,0.95302,0.95328,1.00,1.00
2016.09.01 08:25:29.110,0.95302,0.95328,1.00,1.12
2016.09.01 08:25:29.232,0.95301,0.95327,1.00,1.00
2016.09.01 08:25:29.807,0.953,0.95329,1.00,1.12
2016.09.01 08:25:29.909,0.95303,0.95328,1.00,1.00
2016.09.01 08:25:30.243,0.953,0.95326,1.00,1.00
2016.09.01 08:25:30.345,0.95299,0.95324,1.00,1.00
2016.09.01 08:25:30.618,0.95294,0.95329,1.35,1.37
2016.09.01 08:25:30.807,0.95294,0.95328,1.72,1.37
2016.09.01 08:25:31.208,0.95294,0.95329,1.35,1.12
2016.09.01 08:25:31.419,0.95295,0.95323,1.00,1.00
2016.09.01 08:25:31.823,0.95297,0.95323,1.00,1.00
2016.09.01 08:25:32.036,0.95295,0.95323,1.00,1.00
2016.09.01 08:25:32.109,0.95297,0.95323,1.00,1.00
2016.09.01 08:25:33.864,0.95295,0.95321,1.00,1.00
2016.09.01 08:25:34.340,0.95297,0.95323,1.00,1.00
2016.09.01 08:25:35.367,0.95294,0.95321,1.35,1.00
2016.09.01 08:25:35.418,0.95294,0.95321,1.72,1.00
2016.09.01 08:25:35.469,0.95295,0.95326,1.12,1.00
2016.09.01 08:25:35.519,0.95295,0.95326,1.00,1.50
2016.09.01 08:25:35.620,0.95295,0.95326,1.00,1.00
2016.09.01 08:25:35.968,0.95296,0.95321,1.00,1.00
2016.09.01 08:25:36.069,0.95294,0.9532,1.35,1.00
2016.09.01 08:25:36.661,0.95293,0.95322,1.72,1.00
2016.09.01 08:25:37.120,0.95293,0.95322,1.60,1.00
2016.09.01 08:25:37.721,0.95294,0.95322,1.30,1.00
2016.09.01 08:25:37.821,0.95293,0.95322,1.60,1.00
2016.09.01 08:25:38.327,0.95293,0.95322,1.72,1.00
2016.09.01 08:25:38.733,0.95294,0.95322,1.30,1.00
2016.09.01 08:25:38.968,0.95293,0.95322,1.60,1.00
2016.09.01 08:25:39.135,0.95293,0.95322,1.72,1.00
2016.09.01 08:25:39.274,0.95296,0.95324,1.00,1.00
2016.09.01 08:25:39.325,0.953,0.95324,1.30,1.00
2016.09.01 08:25:39.375,0.953,0.95326,1.72,1.00
2016.09.01 08:25:39.426,0.953,0.95328,1.72,1.00
2016.09.01 08:25:39.477,0.953,0.95328,1.30,1.00
2016.09.01 08:25:39.578,0.953,0.95328,1.30,1.00
2016.09.01 08:25:39.628,0.95299,0.95328,1.72,1.00
2016.09.01 08:25:39.777,0.95299,0.95328,1.97,1.00
2016.09.01 08:25:39.831,0.95299,0.95328,1.97,1.00
2016.09.01 08:25:39.882,0.95299,0.95328,1.97,1.00
2016.09.01 08:25:39.983,0.95302,0.95328,1.00,1.00
2016.09.01 08:25:40.375,0.953,0.95325,1.72,1.00
2016.09.01 08:25:40.455,0.95301,0.95327,1.00,1.00
2016.09.01 08:25:40.506,0.95301,0.95327,1.12,1.00
2016.09.01 08:25:40.557,0.953,0.95326,1.72,1.00
2016.09.01 08:25:40.626,0.953,0.95326,1.35,1.00
2016.09.01 08:25:40.728,0.953,0.95326,1.72,1.00
2016.09.01 08:25:40.779,0.953,0.95328,1.72,1.00
2016.09.01 08:25:41.687,0.95302,0.95328,1.00,1.00
2016.09.01 08:25:42.395,0.953,0.95328,1.72,1.00
2016.09.01 08:25:42.446,0.95302,0.95328,1.00,1.00
2016.09.01 08:25:42.530,0.95302,0.95328,1.12,1.00
2016.09.01 08:25:42.631,0.95302,0.95328,1.00,1.00
2016.09.01 08:25:42.993,0.95301,0.95327,1.12,1.00
2016.09.01 08:25:43.933,0.95301,0.95327,1.00,1.00
2016.09.01 08:25:46.888,0.95299,0.95325,1.60,1.00
2016.09.01 08:25:46.998,0.95299,0.95325,1.60,1.00
2016.09.01 08:25:47.248,0.95299,0.95325,1.60,1.00
2016.09.01 08:25:47.348,0.95299,0.95325,1.60,1.00
2016.09.01 08:25:47.949,0.95299,0.95325,1.60,1.00
2016.09.01 08:25:48.040,0.95299,0.95325,1.72,1.00
2016.09.01 08:25:49.301,0.95299,0.95328,1.72,1.00
2016.09.01 08:25:49.651,0.95299,0.95328,1.72,1.00
2016.09.01 08:25:49.752,0.95299,0.95328,1.60,1.00
2016.09.01 08:25:50.243,0.95299,0.95328,1.72,1.00
2016.09.01 08:25:50.294,0.95301,0.95328,1.00,1.00
2016.09.01 08:25:51.704,0.95303,0.95328,1.00,1.00
2016.09.01 08:25:52.305,0.95301,0.95326,1.00,1.00
2016.09.01 08:25:52.406,0.953,0.95326,1.35,1.00
2016.09.01 08:25:52.456,0.953,0.95326,1.72,1.00
2016.09.01 08:25:52.613,0.953,0.95324,1.30,1.00
2016.09.01 08:25:52.663,0.95299,0.95324,1.60,1.00
2016.09.01 08:25:52.714,0.95299,0.95326,1.60,1.37
2016.09.01 08:25:52.764,0.95299,0.95326,1.60,1.12
2016.09.01 08:25:53.055,0.95299,0.95326,1.60,1.12
2016.09.01 08:25:53.106,0.953,0.95327,1.35,1.37
2016.09.01 08:25:53.207,0.953,0.95327,1.35,1.37
2016.09.01 08:25:55.953,0.953,0.95327,1.35,1.00
2016.09.01 08:25:56.003,0.95303,0.95328,1.00,1.12
2016.09.01 08:25:56.138,0.953,0.95326,1.35,1.00
2016.09.01 08:25:56.188,0.95303,0.95329,1.00,1.00
2016.09.01 08:25:56.303,0.95307,0.95331,1.00,1.37
2016.09.01 08:25:56.610,0.95307,0.95331,1.00,1.37
2016.09.01 08:25:56.711,0.95307,0.95333,1.00,1.37
2016.09.01 08:25:56.812,0.95309,0.95334,1.00,1.37
2016.09.01 08:25:56.916,0.95308,0.95336,1.00,1.37
2016.09.01 08:25:56.989,0.95307,0.95334,1.00,1.37
2016.09.01 08:25:57.105,0.95305,0.95332,1.00,1.12
2016.09.01 08:25:57.206,0.95305,0.95332,1.00,1.12
2016.09.01 08:25:57.256,0.95305,0.95332,1.00,1.37
2016.09.01 08:25:57.307,0.95305,0.95332,1.00,1.37
2016.09.01 08:25:57.667,0.95305,0.95332,1.00,1.37
2016.09.01 08:25:58.012,0.95307,0.95331,1.00,1.37
2016.09.01 08:25:58.514,0.95306,0.9533,1.00,1.37
2016.09.01 08:25:58.820,0.95306,0.95329,1.00,1.12
2016.09.01 08:25:59.487,0.95306,0.9533,1.00,1.37
2016.09.01 08:26:00.423,0.95305,0.95329,1.00,1.12
2016.09.01 08:26:00.723,0.95305,0.95331,1.00,1.37
2016.09.01 08:26:00.974,0.95305,0.95331,1.00,1.37
2016.09.01 08:26:01.024,0.95304,0.9533,1.00,1.37
2016.09.01 08:26:01.132,0.95306,0.9533,1.00,1.37
2016.09.01 08:26:01.425,0.95305,0.95329,1.00,1.12
2016.09.01 08:26:01.962,0.95305,0.95329,1.00,1.00
2016.09.01 08:26:03.472,0.95305,0.95329,1.00,1.12
2016.09.01 08:26:03.825,0.95303,0.95329,1.00,1.12
2016.09.01 08:26:03.876,0.95303,0.95329,1.00,1.37
2016.09.01 08:26:04.266,0.95302,0.95328,1.00,1.12
2016.09.01 08:26:04.520,0.95303,0.95329,1.00,1.37
2016.09.01 08:26:07.023,0.95302,0.95328,1.00,1.12
2016.09.01 08:26:07.073,0.95302,0.95328,1.00,1.37
2016.09.01 08:26:07.371,0.95302,0.95328,1.00,1.00
2016.09.01 08:26:07.422,0.95303,0.95329,1.00,1.12
2016.09.01 08:26:07.473,0.95303,0.95329,1.00,1.00
2016.09.01 08:26:07.523,0.95304,0.9533,1.00,1.12
2016.09.01 08:26:07.674,0.95304,0.9533,1.00,1.37
2016.09.01 08:26:09.502,0.95306,0.9533,1.00,1.37
2016.09.01 08:26:10.180,0.95306,0.9533,1.00,1.12
2016.09.01 08:26:10.683,0.95306,0.9533,1.00,1.00
2016.09.01 08:26:12.143,0.95307,0.95331,1.00,1.00
2016.09.01 08:26:12.194,0.95307,0.95331,1.00,1.12
2016.09.01 08:26:12.509,0.95304,0.95328,1.00,1.37
2016.09.01 08:26:12.610,0.95304,0.95328,1.00,1.37
2016.09.01 08:26:12.807,0.95305,0.95329,1.00,1.37
2016.09.01 08:26:13.009,0.95305,0.95329,1.00,1.37
2016.09.01 08:26:13.496,0.95305,0.95329,1.00,1.37
2016.09.01 08:26:13.547,0.95303,0.95329,1.00,1.37
2016.09.01 08:26:14.429,0.95303,0.95327,1.00,1.12
2016.09.01 08:26:14.799,0.95303,0.95327,1.00,1.37
2016.09.01 08:26:15.000,0.95303,0.95327,1.00,1.12
2016.09.01 08:26:15.101,0.95303,0.95327,1.00,1.37
2016.09.01 08:26:15.808,0.95303,0.95327,1.00,1.37
2016.09.01 08:26:16.241,0.95303,0.95327,1.60,1.12
2016.09.01 08:26:16.559,0.95302,0.95326,1.60,1.00
2016.09.01 08:26:16.609,0.95302,0.95326,1.60,1.12
2016.09.01 08:26:16.796,0.95302,0.95326,1.60,1.37
2016.09.01 08:26:16.948,0.95302,0.95326,1.60,1.37
2016.09.01 08:26:17.033,0.95302,0.95326,1.60,1.12
2016.09.01 08:26:17.173,0.95302,0.95326,1.60,1.37
2016.09.01 08:26:17.223,0.95302,0.95328,1.60,1.37
2016.09.01 08:26:18.104,0.95302,0.95328,1.60,1.37
2016.09.01 08:26:18.326,0.95304,0.95331,1.35,1.37
2016.09.01 08:26:18.629,0.95303,0.95326,1.60,1.00
2016.09.01 08:26:19.700,0.95303,0.95326,1.60,1.37
2016.09.01 08:26:19.916,0.95303,0.95326,1.60,1.12
2016.09.01 08:26:19.967,0.95302,0.95329,1.60,1.37
2016.09.01 08:26:20.018,0.95302,0.95329,1.60,1.37
2016.09.01 08:26:20.100,0.95302,0.95329,1.60,1.12
2016.09.01 08:26:20.151,0.95305,0.95333,1.00,1.37
2016.09.01 08:26:20.353,0.95305,0.95329,1.00,1.12
2016.09.01 08:26:20.446,0.95305,0.95332,1.00,1.37
2016.09.01 08:26:20.547,0.95305,0.9533,1.00,1.37
2016.09.01 08:26:21.437,0.953,0.95327,1.00,1.37
2016.09.01 08:26:21.539,0.95299,0.95326,1.00,1.12
2016.09.01 08:26:21.662,0.95302,0.95328,1.00,1.37
2016.09.01 08:26:21.923,0.95302,0.95328,1.00,1.37
2016.09.01 08:26:22.426,0.95303,0.95327,1.00,1.00
2016.09.01 08:26:22.975,0.95303,0.95327,1.00,1.37
2016.09.01 08:26:24.418,0.95303,0.95327,1.00,1.12
2016.09.01 08:26:24.469,0.95303,0.9533,1.00,1.37
2016.09.01 08:26:24.867,0.95302,0.95328,1.00,1.37
2016.09.01 08:26:25.310,0.95302,0.95328,1.00,1.12
2016.09.01 08:26:25.360,0.95302,0.95328,1.00,1.12
2016.09.01 08:26:26.546,0.95302,0.95328,1.00,1.00
2016.09.01 08:26:26.596,0.95305,0.95329,1.00,1.12
2016.09.01 08:26:26.647,0.95305,0.95329,1.00,1.12
2016.09.01 08:26:26.913,0.95305,0.95329,1.00,1.37
2016.09.01 08:26:28.065,0.95303,0.95327,1.00,1.37
2016.09.01 08:26:28.116,0.95303,0.95327,1.00,1.12
2016.09.01 08:26:28.415,0.95303,0.95327,1.00,1.00
2016.09.01 08:26:32.221,0.95303,0.95327,1.00,1.12
2016.09.01 08:26:32.322,0.95303,0.95327,1.00,1.00
2016.09.01 08:26:32.923,0.95304,0.95328,1.00,1.00
2016.09.01 08:26:33.452,0.95303,0.95327,1.00,1.00
2016.09.01 08:26:34.190,0.95304,0.95328,1.00,1.00
2016.09.01 08:26:35.628,0.95305,0.95329,1.00,1.00
2016.09.01 08:26:35.731,0.95305,0.95331,1.00,1.12
2016.09.01 08:26:35.848,0.95305,0.95331,1.00,1.12
2016.09.01 08:26:36.429,0.95304,0.9533,1.00,1.00
2016.09.01 08:26:36.479,0.95304,0.9533,1.00,1.00
2016.09.01 08:26:36.750,0.95304,0.9533,1.00,1.12
2016.09.01 08:26:36.801,0.95303,0.95329,1.00,1.00
2016.09.01 08:26:40.734,0.95302,0.95326,1.00,1.00
2016.09.01 08:26:46.719,0.95303,0.95327,1.00,1.00
2016.09.01 08:26:48.721,0.95304,0.95328,1.00,1.00
2016.09.01 08:26:49.134,0.95302,0.95328,1.00,1.00
2016.09.01 08:26:50.326,0.95304,0.95328,1.00,1.00
2016.09.01 08:26:50.427,0.95307,0.95333,1.00,1.50
2016.09.01 08:26:50.553,0.95309,0.95333,1.00,1.00
2016.09.01 08:26:51.057,0.95309,0.95335,1.00,1.00
2016.09.01 08:26:51.265,0.95309,0.95335,1.00,1.37
2016.09.01 08:26:51.802,0.95309,0.95335,1.00,1.37
2016.09.01 08:26:51.951,0.95309,0.95334,1.00,1.37
2016.09.01 08:26:52.004,0.95309,0.95334,1.00,1.37
2016.09.01 08:26:52.156,0.95307,0.95331,1.00,1.37
2016.09.01 08:26:52.257,0.95306,0.95333,1.00,1.37
2016.09.01 08:26:52.813,0.95306,0.95333,1.00,1.37
2016.09.01 08:26:53.284,0.95306,0.95333,1.00,1.37
2016.09.01 08:26:53.462,0.95306,0.9533,1.00,1.37
2016.09.01 08:26:53.664,0.95307,0.95332,1.00,1.12
2016.09.01 08:26:53.767,0.95307,0.95332,1.00,1.37
2016.09.01 08:26:54.146,0.95307,0.95332,1.00,1.12
2016.09.01 08:26:54.209,0.95307,0.95332,1.00,1.37
2016.09.01 08:26:55.854,0.95308,0.95332,1.00,1.37
2016.09.01 08:26:56.362,0.95308,0.95332,1.00,1.12
2016.09.01 08:26:56.685,0.95307,0.95332,1.00,1.12
2016.09.01 08:26:56.735,0.95308,0.95333,1.00,1.37
2016.09.01 08:26:56.901,0.95308,0.95333,1.00,1.37
2016.09.01 08:26:57.265,0.95308,0.95333,1.00,1.12
2016.09.01 08:26:57.366,0.95308,0.95335,1.00,1.37
2016.09.01 08:26:57.748,0.95309,0.95336,1.00,1.37
2016.09.01 08:26:58.107,0.95309,0.95336,1.00,1.37
2016.09.01 08:26:58.652,0.95311,0.95337,1.00,1.37
2016.09.01 08:26:59.314,0.9531,0.95336,1.00,1.37
2016.09.01 08:27:00.924,0.9531,0.95336,1.00,1.37
2016.09.01 08:27:00.975,0.9531,0.95337,1.00,1.00
2016.09.01 08:27:01.254,0.9531,0.95334,1.00,1.00
2016.09.01 08:27:01.493,0.9531,0.95334,1.00,1.12
2016.09.01 08:27:01.543,0.95309,0.95333,1.00,1.00
2016.09.01 08:27:01.644,0.95309,0.95335,1.00,1.37
2016.09.01 08:27:01.745,0.95306,0.95332,1.00,1.12
2016.09.01 08:27:01.796,0.95306,0.95332,1.00,1.37
2016.09.01 08:27:01.918,0.95306,0.95332,1.00,1.37
2016.09.01 08:27:02.019,0.95307,0.95331,1.00,1.37
2016.09.01 08:27:02.322,0.95306,0.9533,1.00,1.12
2016.09.01 08:27:02.777,0.95306,0.9533,1.00,1.37
2016.09.01 08:27:02.935,0.95304,0.9533,1.00,1.37
2016.09.01 08:27:03.103,0.95304,0.9533,1.00,1.12
2016.09.01 08:27:03.536,0.95306,0.9533,1.00,1.12
2016.09.01 08:27:03.976,0.95306,0.9533,1.00,1.00
2016.09.01 08:27:11.626,0.95306,0.9533,1.00,1.12
2016.09.01 08:27:11.727,0.95306,0.9533,1.00,1.37
2016.09.01 08:27:13.153,0.95306,0.95329,1.00,1.12
2016.09.01 08:27:13.591,0.95306,0.95329,1.00,1.00
2016.09.01 08:27:13.692,0.95304,0.9533,1.00,1.37
2016.09.01 08:27:14.334,0.95304,0.9533,1.00,1.00
2016.09.01 08:27:16.259,0.95306,0.9533,1.00,1.00
2016.09.01 08:27:21.897,0.95306,0.95331,1.00,1.00
2016.09.01 08:27:22.398,0.95307,0.95331,1.00,1.00
2016.09.01 08:27:26.029,0.95304,0.95331,1.00,1.12
2016.09.01 08:27:27.819,0.95304,0.95331,1.00,1.00
2016.09.01 08:27:28.021,0.95304,0.95331,1.00,1.12
2016.09.01 08:27:28.320,0.95304,0.95331,1.00,1.00
2016.09.01 08:27:28.622,0.95307,0.95334,1.00,1.00
2016.09.01 08:27:30.007,0.95306,0.95332,1.00,1.00
2016.09.01 08:27:34.803,0.95308,0.95332,1.00,1.00
2016.09.01 08:27:35.297,0.95306,0.9533,1.00,1.00
2016.09.01 08:27:35.806,0.95308,0.95331,1.00,1.00
2016.09.01 08:27:35.907,0.95308,0.95333,1.00,1.00
2016.09.01 08:27:36.908,0.95309,0.95334,1.00,1.00
2016.09.01 08:27:37.409,0.95307,0.95333,1.00,1.00
2016.09.01 08:27:37.509,0.9531,0.95333,1.00,1.00
2016.09.01 08:27:38.121,0.9531,0.95334,1.00,1.00
2016.09.01 08:27:38.434,0.95304,0.95329,1.00,1.00
2016.09.01 08:27:38.484,0.95303,0.95329,1.35,1.00
2016.09.01 08:27:38.571,0.95303,0.95329,1.35,1.12
2016.09.01 08:27:38.622,0.95303,0.95327,1.00,1.00
2016.09.01 08:27:40.416,0.95302,0.95325,1.00,1.00
2016.09.01 08:27:42.018,0.95301,0.95324,1.00,1.00
2016.09.01 08:27:42.725,0.95301,0.95324,1.00,1.12
2016.09.01 08:27:43.262,0.95301,0.95324,1.00,1.37
2016.09.01 08:27:43.363,0.95301,0.95324,1.00,1.00
2016.09.01 08:27:43.585,0.95301,0.95324,1.00,1.12
2016.09.01 08:27:43.636,0.95296,0.9532,1.00,1.00
2016.09.01 08:27:43.687,0.95296,0.9532,1.00,1.00
2016.09.01 08:27:43.834,0.95297,0.95321,1.00,1.12
2016.09.01 08:27:43.935,0.95295,0.95321,1.00,1.12
2016.09.01 08:27:46.548,0.95295,0.95321,1.00,1.37
2016.09.01 08:27:47.700,0.95295,0.95321,1.00,1.37
2016.09.01 08:27:48.495,0.95296,0.95322,1.00,1.37
2016.09.01 08:27:48.546,0.95295,0.95321,1.00,1.37
2016.09.01 08:27:48.902,0.95295,0.95321,1.00,1.37
2016.09.01 08:27:49.094,0.95295,0.95321,1.00,1.37
2016.09.01 08:27:51.352,0.95295,0.95319,1.00,1.37
2016.09.01 08:27:58.508,0.95295,0.95319,1.00,1.37
2016.09.01 08:27:59.555,0.95295,0.95319,1.00,1.37
2016.09.01 08:28:00.973,0.95295,0.95319,1.00,1.12
2016.09.01 08:28:01.976,0.95295,0.95319,1.00,1.37
2016.09.01 08:28:04.137,0.95295,0.95319,1.00,1.12
2016.09.01 08:28:04.780,0.95295,0.95319,1.00,1.00
2016.09.01 08:28:05.080,0.95295,0.95319,1.00,1.37
2016.09.01 08:28:06.550,0.95295,0.95319,1.00,1.12
2016.09.01 08:28:06.883,0.95295,0.95319,1.00,1.37
2016.09.01 08:28:13.919,0.95295,0.95319,1.00,1.12
2016.09.01 08:28:14.909,0.95295,0.95319,1.00,1.00
2016.09.01 08:28:15.098,0.95295,0.95319,1.00,1.37
2016.09.01 08:28:15.474,0.95295,0.95319,1.00,1.37
2016.09.01 08:28:15.525,0.95287,0.95311,1.50,1.00
2016.09.01 08:28:15.626,0.95286,0.95312,1.00,1.37
2016.09.01 08:28:15.677,0.95286,0.95312,1.00,1.37
2016.09.01 08:28:16.027,0.95284,0.9531,1.37,1.37
2016.09.01 08:28:16.390,0.95284,0.9531,1.00,1.37
2016.09.01 08:28:18.307,0.95286,0.9531,1.00,1.37
2016.09.01 08:28:18.507,0.95286,0.9531,1.00,1.12
2016.09.01 08:28:18.608,0.95288,0.95312,1.00,1.37
2016.09.01 08:28:19.132,0.95289,0.95313,1.00,1.37
2016.09.01 08:28:19.410,0.95289,0.95313,1.00,1.12
2016.09.01 08:28:19.511,0.95287,0.95313,1.00,1.12
2016.09.01 08:28:21.516,0.95288,0.95312,1.00,1.00
2016.09.01 08:28:22.519,0.95288,0.95312,1.00,1.12
2016.09.01 08:28:22.707,0.95286,0.95312,1.00,1.12
2016.09.01 08:28:23.622,0.95286,0.95312,1.00,1.37
2016.09.01 08:28:23.723,0.95286,0.95312,1.00,1.12
2016.09.01 08:28:23.824,0.95286,0.9531,1.00,1.12
2016.09.01 08:28:23.950,0.95286,0.9531,1.00,1.00
2016.09.01 08:28:24.000,0.95288,0.95311,1.00,1.12
2016.09.01 08:28:24.399,0.95292,0.95316,1.00,1.37
2016.09.01 08:28:24.450,0.95292,0.95318,1.00,1.37
2016.09.01 08:28:24.501,0.95295,0.95319,1.00,1.37
2016.09.01 08:28:24.551,0.95295,0.95319,1.00,1.87
2016.09.01 08:28:24.602,0.95295,0.95319,1.00,1.87
2016.09.01 08:28:24.652,0.95295,0.95319,1.00,1.00
2016.09.01 08:28:25.221,0.95296,0.9532,1.00,1.00
2016.09.01 08:28:26.030,0.95296,0.9532,1.00,1.12
2016.09.01 08:28:26.931,0.95296,0.9532,1.00,1.00
2016.09.01 08:28:28.310,0.95295,0.95319,1.00,1.00
2016.09.01 08:28:28.812,0.95295,0.95321,1.00,1.00
2016.09.01 08:28:32.118,0.95294,0.9532,1.00,1.00
2016.09.01 08:28:35.929,0.95296,0.95323,1.00,1.00
2016.09.01 08:28:36.529,0.95296,0.95322,1.00,1.00
2016.09.01 08:28:39.038,0.95294,0.9532,1.00,1.00
2016.09.01 08:28:42.448,0.95292,0.95316,1.00,1.00
2016.09.01 08:28:42.549,0.9529,0.95314,1.00,1.00
2016.09.01 08:28:42.650,0.95289,0.95313,1.00,1.00
2016.09.01 08:28:43.368,0.95289,0.95315,1.00,1.00
2016.09.01 08:28:46.566,0.95291,0.95317,1.00,1.00
2016.09.01 08:28:47.167,0.9529,0.95316,1.00,1.00
2016.09.01 08:28:50.470,0.95289,0.95317,1.00,1.00
2016.09.01 08:28:51.976,0.95291,0.95317,1.00,1.00
2016.09.01 08:28:52.977,0.95291,0.95317,1.00,1.12
2016.09.01 08:28:55.080,0.95291,0.95317,1.00,1.37
2016.09.01 08:28:56.708,0.95291,0.95317,1.00,1.12
2016.09.01 08:28:57.483,0.95291,0.95317,1.00,1.37
2016.09.01 08:28:57.985,0.95291,0.95317,1.00,1.12
2016.09.01 08:28:58.886,0.95291,0.95317,1.00,1.37
2016.09.01 08:28:59.487,0.95291,0.95317,1.00,1.12
2016.09.01 08:28:59.587,0.95291,0.95317,1.00,1.37
2016.09.01 08:29:00.690,0.95291,0.95317,1.00,1.12
2016.09.01 08:29:00.892,0.95291,0.95317,1.00,1.37
2016.09.01 08:29:03.158,0.95289,0.95315,1.00,1.37
2016.09.01 08:29:05.409,0.95289,0.95315,1.00,1.12
2016.09.01 08:29:07.328,0.9529,0.95316,1.00,1.37
2016.09.01 08:29:07.379,0.9529,0.95316,1.00,1.37
2016.09.01 08:29:13.439,0.9529,0.95314,1.00,1.37
2016.09.01 08:29:15.565,0.95288,0.95314,1.00,1.37
2016.09.01 08:29:15.666,0.95285,0.9531,2.10,1.00
2016.09.01 08:29:15.716,0.95285,0.9531,2.10,1.00
2016.09.01 08:29:15.767,0.95285,0.9531,1.35,1.12
2016.09.01 08:29:15.818,0.95285,0.9531,1.35,1.00
2016.09.01 08:29:15.868,0.95285,0.9531,1.00,1.00
2016.09.01 08:29:16.370,0.95285,0.95312,1.00,1.12
2016.09.01 08:29:16.850,0.95285,0.9531,1.00,1.00
2016.09.01 08:29:17.977,0.95287,0.95311,1.00,1.00
2016.09.01 08:29:18.197,0.95291,0.95315,1.00,1.12
2016.09.01 08:29:18.247,0.95291,0.95315,1.00,1.00
2016.09.01 08:29:18.399,0.95295,0.95319,1.00,1.37
2016.09.01 08:29:18.500,0.95295,0.95321,1.00,1.37
2016.09.01 08:29:18.790,0.95294,0.9532,1.00,1.37
2016.09.01 08:29:18.941,0.95294,0.95321,1.00,1.37
2016.09.01 08:29:18.998,0.95294,0.95321,1.00,1.37
2016.09.01 08:29:19.099,0.95294,0.95321,1.00,1.37
2016.09.01 08:29:19.321,0.95294,0.95321,1.00,1.37
2016.09.01 08:29:19.371,0.95294,0.95321,1.00,1.37
2016.09.01 08:29:20.124,0.95294,0.95321,1.00,1.37
2016.09.01 08:29:20.302,0.95295,0.95322,1.00,1.37
2016.09.01 08:29:20.482,0.95295,0.9532,1.00,1.37
2016.09.01 08:29:21.960,0.95295,0.9532,1.00,1.00
2016.09.01 08:29:22.061,0.95295,0.9532,1.00,1.37
2016.09.01 08:29:22.262,0.95295,0.9532,1.00,1.00
2016.09.01 08:29:22.479,0.95295,0.9532,1.00,1.12
2016.09.01 08:29:22.650,0.95295,0.9532,1.00,1.00
2016.09.01 08:29:22.856,0.95295,0.9532,1.00,1.37
2016.09.01 08:29:22.907,0.95293,0.95319,1.00,1.12
2016.09.01 08:29:24.493,0.95292,0.95319,1.00,1.12
2016.09.01 08:29:24.955,0.95292,0.95319,1.00,1.00
2016.09.01 08:29:25.504,0.95291,0.95318,1.00,1.00
2016.09.01 08:29:25.605,0.95287,0.95313,1.00,1.00
2016.09.01 08:29:25.656,0.95287,0.95313,1.00,1.37
2016.09.01 08:29:25.757,0.95287,0.95313,1.00,1.37
2016.09.01 08:29:25.858,0.95288,0.95314,1.00,1.00
2016.09.01 08:29:29.005,0.95289,0.95317,1.00,1.12
2016.09.01 08:29:29.348,0.95289,0.95317,1.00,1.37
2016.09.01 08:29:29.840,0.95289,0.95317,1.00,1.87
2016.09.01 08:29:30.088,0.95289,0.95315,1.00,1.00
2016.09.01 08:29:30.391,0.95289,0.95317,1.00,1.12
2016.09.01 08:29:30.577,0.95289,0.95317,1.00,1.00
2016.09.01 08:29:31.294,0.95293,0.95317,1.00,1.00
2016.09.01 08:29:34.224,0.95295,0.95319,1.00,1.00
2016.09.01 08:29:34.527,0.95296,0.95321,1.00,1.00
2016.09.01 08:29:36.638,0.95296,0.95322,1.00,1.00
2016.09.01 08:29:37.247,0.95295,0.95322,1.00,1.00
2016.09.01 08:29:40.213,0.95294,0.95319,1.00,1.00
2016.09.01 08:29:40.264,0.95294,0.95319,1.00,1.00
2016.09.01 08:29:40.546,0.95294,0.95319,1.00,1.00
2016.09.01 08:29:40.597,0.95294,0.95319,1.00,1.00
2016.09.01 08:29:40.698,0.95294,0.95319,1.00,1.00
2016.09.01 08:29:40.749,0.95292,0.95318,1.00,1.00
2016.09.01 08:29:41.117,0.95293,0.95316,1.00,1.00
2016.09.01 08:29:41.167,0.95291,0.95316,1.00,1.00
2016.09.01 08:29:41.263,0.95293,0.95316,1.00,1.00
2016.09.01 08:29:41.935,0.95292,0.95316,1.00,1.00
2016.09.01 08:29:42.594,0.95293,0.95316,1.00,1.00
2016.09.01 08:29:43.163,0.95291,0.95316,1.00,1.00
2016.09.01 08:29:43.702,0.9529,0.95316,1.00,1.00
2016.09.01 08:29:44.031,0.95292,0.95316,1.00,1.00
2016.09.01 08:29:44.303,0.95292,0.95316,1.50,1.37
2016.09.01 08:29:44.753,0.95292,0.95316,1.50,1.37
2016.09.01 08:29:45.141,0.95292,0.95319,1.00,1.37
2016.09.01 08:29:46.266,0.95293,0.95319,1.00,1.37
2016.09.01 08:29:46.648,0.95293,0.95317,1.00,1.37
2016.09.01 08:29:46.833,0.95287,0.95317,1.50,1.37
2016.09.01 08:29:47.067,0.95287,0.95317,1.00,1.37
2016.09.01 08:29:47.309,0.95287,0.95317,1.50,1.37
2016.09.01 08:29:47.411,0.95288,0.95317,1.00,1.37
2016.09.01 08:29:47.640,0.95288,0.9532,1.00,1.37
2016.09.01 08:29:47.691,0.95288,0.9532,1.00,1.37
2016.09.01 08:29:47.969,0.95287,0.9532,1.50,1.37
2016.09.01 08:29:48.170,0.95288,0.9532,1.00,1.37
2016.09.01 08:29:48.912,0.95293,0.9532,1.00,1.37
2016.09.01 08:29:49.663,0.95292,0.9532,1.00,1.37
2016.09.01 08:29:50.816,0.95293,0.9532,1.00,1.37
2016.09.01 08:29:50.975,0.95288,0.9532,1.00,1.37
2016.09.01 08:29:51.076,0.95288,0.9532,1.00,1.37
2016.09.01 08:29:51.384,0.95288,0.9532,1.00,1.37
2016.09.01 08:29:52.145,0.95288,0.95318,1.00,1.37
2016.09.01 08:29:52.326,0.95287,0.95318,1.50,1.37
2016.09.01 08:29:52.377,0.95288,0.95319,1.00,1.37
2016.09.01 08:29:52.877,0.95287,0.95319,1.50,1.37
2016.09.01 08:29:53.421,0.95287,0.95318,1.50,1.37
2016.09.01 08:29:54.287,0.95287,0.95318,1.00,1.37
2016.09.01 08:29:54.468,0.95287,0.95319,1.00,1.87
2016.09.01 08:29:54.924,0.95292,0.95319,1.00,1.87
2016.09.01 08:29:55.174,0.95292,0.95319,1.00,1.37
2016.09.01 08:29:55.225,0.95287,0.95319,1.00,1.37
2016.09.01 08:29:55.855,0.95287,0.95317,1.00,1.37
2016.09.01 08:29:56.416,0.95288,0.95317,1.00,1.37
2016.09.01 08:29:56.982,0.95287,0.95317,1.00,1.37
2016.09.01 08:29:57.136,0.95287,0.95317,1.00,1.00
2016.09.01 08:29:57.187,0.95287,0.9532,1.00,1.00
2016.09.01 08:29:57.679,0.95293,0.9532,1.00,1.00
2016.09.01 08:29:57.730,0.95288,0.9532,1.00,1.37
2016.09.01 08:29:57.881,0.95288,0.95318,1.00,1.12
2016.09.01 08:29:58.464,0.95287,0.95318,1.00,1.12
2016.09.01 08:29:58.594,0.95287,0.95318,1.00,1.37
2016.09.01 08:29:58.694,0.95287,0.95318,1.00,1.00
2016.09.01 08:29:58.885,0.95283,0.95318,2.10,1.00
2016.09.01 08:29:59.013,0.95288,0.95318,1.00,1.00
2016.09.01 08:29:59.682,0.95288,0.95317,1.00,1.00
2016.09.01 08:30:00.185,0.95289,0.95317,2.10,1.00
2016.09.01 08:30:00.235,0.95289,0.95317,2.10,1.00
2016.09.01 08:30:00.286,0.95289,0.95317,2.10,1.00
2016.09.01 08:30:00.401,0.95293,0.95317,1.72,1.00
2016.09.01 08:30:00.455,0.95293,0.95317,1.37,1.00
2016.09.01 08:30:00.607,0.95287,0.95317,2.47,1.00
2016.09.01 08:30:00.968,0.95298,0.95317,1.00,1.00
2016.09.01 08:30:01.291,0.95293,0.95317,1.72,1.00
2016.09.01 08:30:01.372,0.95293,0.95317,1.12,1.00
2016.09.01 08:30:01.520,0.95303,0.95317,1.00,1.00
2016.09.01 08:30:01.793,0.95303,0.95321,1.37,1.00
2016.09.01 08:30:02.038,0.95303,0.95322,1.97,1.00
2016.09.01 08:30:02.139,0.95308,0.95325,1.00,1.00
2016.09.01 08:30:02.211,0.95308,0.95327,2.85,1.00
2016.09.01 08:30:02.263,0.95308,0.95326,2.10,1.00
2016.09.01 08:30:02.314,0.95308,0.95356,2.10,1.50
2016.09.01 08:30:02.364,0.95308,0.95357,2.10,1.00
2016.09.01 08:30:02.415,0.95318,0.95357,1.00,1.50
2016.09.01 08:30:02.752,0.95318,0.95357,1.50,1.50
2016.09.01 08:30:02.853,0.95318,0.95357,1.50,1.50
2016.09.01 08:30:02.937,0.95318,0.95357,1.50,1.50
2016.09.01 08:30:03.038,0.95318,0.95352,1.00,1.00
2016.09.01 08:30:03.139,0.95318,0.95357,1.00,1.00
2016.09.01 08:30:03.341,0.95318,0.95357,1.00,1.50
2016.09.01 08:30:03.571,0.9532,0.95349,1.00,1.00
2016.09.01 08:30:03.672,0.9532,0.95349,1.00,1.00
2016.09.01 08:30:05.353,0.9532,0.95349,1.50,1.00
2016.09.01 08:30:05.731,0.9532,0.9535,1.50,1.00
2016.09.01 08:30:06.250,0.9532,0.9535,1.50,1.00
2016.09.01 08:30:06.323,0.9532,0.9535,1.00,1.00
2016.09.01 08:30:07.003,0.95323,0.95352,1.00,1.50
2016.09.01 08:30:07.055,0.95323,0.95352,1.00,1.50
2016.09.01 08:30:07.105,0.95324,0.95353,1.00,1.00
2016.09.01 08:30:07.301,0.95326,0.95356,1.00,1.50
2016.09.01 08:30:07.485,0.95326,0.95356,1.50,1.00
2016.09.01 08:30:07.671,0.95326,0.95356,1.00,1.00
2016.09.01 08:30:07.721,0.95324,0.95354,1.00,1.00
2016.09.01 08:30:07.823,0.95322,0.95353,1.00,1.00
2016.09.01 08:30:07.873,0.95322,0.95353,1.00,1.00
2016.09.01 08:30:08.286,0.95322,0.95351,1.00,1.00
2016.09.01 08:30:08.337,0.95323,0.95353,1.00,1.00
2016.09.01 08:30:08.818,0.95322,0.95354,1.00,1.50
2016.09.01 08:30:08.952,0.95322,0.95354,1.00,1.50
2016.09.01 08:30:09.219,0.95325,0.95354,1.00,1.50
2016.09.01 08:30:09.282,0.95325,0.95354,1.00,1.00
2016.09.01 08:30:10.161,0.95325,0.95356,1.00,1.00
2016.09.01 08:30:10.262,0.95325,0.95356,1.00,1.00
2016.09.01 08:30:10.313,0.95327,0.95358,1.00,1.50
2016.09.01 08:30:10.364,0.95327,0.95358,1.00,1.50
2016.09.01 08:30:11.034,0.95326,0.95356,1.00,1.00
2016.09.01 08:30:11.413,0.95323,0.95355,1.00,1.00
2016.09.01 08:30:12.088,0.95324,0.95355,1.00,1.00
2016.09.01 08:30:12.188,0.95321,0.95355,1.00,1.00
2016.09.01 08:30:12.525,0.95323,0.95355,1.00,1.00
2016.09.01 08:30:12.829,0.95313,0.95345,1.00,1.00
2016.09.01 08:30:13.068,0.95313,0.95342,1.50,1.00
2016.09.01 08:30:13.428,0.95313,0.95342,2.25,1.00
2016.09.01 08:30:13.633,0.95313,0.95342,1.50,1.00
2016.09.01 08:30:13.837,0.95314,0.95343,1.00,1.00
2016.09.01 08:30:14.211,0.95315,0.95345,1.00,1.00
2016.09.01 08:30:14.439,0.95313,0.95343,1.00,1.00
2016.09.01 08:30:14.490,0.95313,0.95343,1.00,1.00
2016.09.01 08:30:14.591,0.95313,0.95343,1.00,1.00
2016.09.01 08:30:14.641,0.95317,0.95346,1.00,1.00
2016.09.01 08:30:14.742,0.95317,0.95349,1.00,1.00
2016.09.01 08:30:14.933,0.95319,0.9535,1.00,1.00
2016.09.01 08:30:15.387,0.9532,0.95351,1.00,1.00
2016.09.01 08:30:15.675,0.9532,0.9535,1.00,1.00
2016.09.01 08:30:16.226,0.95321,0.95351,1.00,1.00
2016.09.01 08:30:16.277,0.95321,0.95351,1.00,1.00
2016.09.01 08:30:16.378,0.95321,0.95351,1.00,1.00
2016.09.01 08:30:16.479,0.95321,0.95351,1.00,1.00
2016.09.01 08:30:16.529,0.95322,0.95353,1.00,1.50
2016.09.01 08:30:16.580,0.95322,0.95353,1.00,1.00
2016.09.01 08:30:16.936,0.95322,0.95351,1.00,1.00
2016.09.01 08:30:17.511,0.95322,0.95351,1.50,1.00
2016.09.01 08:30:17.599,0.95322,0.95351,1.50,1.00
2016.09.01 08:30:19.013,0.95322,0.95351,1.50,1.00
2016.09.01 08:30:19.391,0.95322,0.95348,1.00,1.00
2016.09.01 08:30:19.442,0.95314,0.95345,1.35,1.00
2016.09.01 08:30:19.547,0.95313,0.95343,1.00,1.00
2016.09.01 08:30:19.598,0.95308,0.95343,1.00,2.10
2016.09.01 08:30:19.649,0.95308,0.95338,1.50,1.00
2016.09.01 08:30:19.800,0.95308,0.95338,1.00,1.00
2016.09.01 08:30:20.288,0.95308,0.95338,1.00,1.00
2016.09.01 08:30:20.339,0.95306,0.95337,1.00,1.00
2016.09.01 08:30:20.389,0.95306,0.95337,1.00,1.00
2016.09.01 08:30:20.593,0.95306,0.95337,1.00,1.00
2016.09.01 08:30:21.087,0.95307,0.95336,1.00,1.00
2016.09.01 08:30:21.138,0.9531,0.95338,1.00,1.00
2016.09.01 08:30:21.188,0.9531,0.95338,1.00,1.00
2016.09.01 08:30:21.239,0.95307,0.95338,1.00,1.50
2016.09.01 08:30:21.478,0.95309,0.95337,1.00,1.00
2016.09.01 08:30:21.528,0.95307,0.95336,1.00,1.00
2016.09.01 08:30:21.579,0.95307,0.95336,1.00,1.00
2016.09.01 08:30:21.795,0.95307,0.95331,1.00,1.00
2016.09.01 08:30:21.846,0.95298,0.95327,1.00,1.00
2016.09.01 08:30:21.897,0.95298,0.95327,1.00,1.00
2016.09.01 08:30:21.947,0.95297,0.95328,1.00,1.50
2016.09.01 08:30:22.034,0.95295,0.95324,1.00,1.00
2016.09.01 08:30:22.540,0.95295,0.95323,1.00,1.00
2016.09.01 08:30:22.652,0.95297,0.95323,1.00,1.00
2016.09.01 08:30:22.706,0.95297,0.95326,1.00,1.50
2016.09.01 08:30:22.757,0.9529,0.9532,1.00,1.00
2016.09.01 08:30:22.909,0.95287,0.95316,1.00,1.50
2016.09.01 08:30:22.959,0.95285,0.95316,1.00,1.00
2016.09.01 08:30:23.013,0.95283,0.95316,1.00,1.00
2016.09.01 08:30:23.232,0.95283,0.95316,1.00,1.00
2016.09.01 08:30:23.333,0.95287,0.95314,1.00,1.00
2016.09.01 08:30:23.481,0.95287,0.95314,1.00,1.00
2016.09.01 08:30:23.715,0.95285,0.95314,1.00,1.00
2016.09.01 08:30:23.901,0.95285,0.95314,1.00,1.00
2016.09.01 08:30:23.952,0.95288,0.95314,1.00,1.00
2016.09.01 08:30:24.053,0.95283,0.95316,1.50,1.00
2016.09.01 08:30:24.103,0.95283,0.95316,1.50,1.00
2016.09.01 08:30:24.204,0.95283,0.95311,1.50,1.00
2016.09.01 08:30:24.255,0.95282,0.95311,1.00,1.00
2016.09.01 08:30:24.589,0.95278,0.95307,1.50,1.00
2016.09.01 08:30:25.024,0.95282,0.95308,1.00,1.00
2016.09.01 08:30:25.131,0.95282,0.95311,1.00,1.00
2016.09.01 08:30:25.468,0.95284,0.95311,1.00,1.00
2016.09.01 08:30:25.519,0.95284,0.95315,1.00,1.00
2016.09.01 08:30:25.620,0.95284,0.95315,1.00,1.00
2016.09.01 08:30:25.891,0.95284,0.95317,1.00,1.50
2016.09.01 08:30:26.087,0.95284,0.95317,1.00,1.50
2016.09.01 08:30:26.138,0.95284,0.95317,1.00,1.00
2016.09.01 08:30:26.289,0.95284,0.95317,1.00,1.00
2016.09.01 08:30:26.340,0.95284,0.95319,1.00,1.50
2016.09.01 08:30:26.721,0.95292,0.95319,1.00,1.00
2016.09.01 08:30:26.822,0.95294,0.95319,1.00,1.00
2016.09.01 08:30:26.923,0.95294,0.95323,1.00,1.00
2016.09.01 08:30:27.206,0.95294,0.95328,1.00,1.00
2016.09.01 08:30:27.257,0.95293,0.95327,1.00,1.00
2016.09.01 08:30:27.307,0.95293,0.95327,1.00,1.00
2016.09.01 08:30:27.358,0.95298,0.95327,1.00,1.00
2016.09.01 08:30:27.408,0.95298,0.95327,1.00,1.00
2016.09.01 08:30:27.459,0.95298,0.95328,1.00,1.50
2016.09.01 08:30:27.833,0.95301,0.95328,1.00,1.00
2016.09.01 08:30:27.934,0.95306,0.95328,1.00,1.00
2016.09.01 08:30:28.035,0.95306,0.95328,1.00,1.00
2016.09.01 08:30:28.136,0.95306,0.95336,1.00,1.00
2016.09.01 08:30:28.187,0.95308,0.95336,1.00,1.00
2016.09.01 08:30:28.365,0.95301,0.95334,1.50,1.00
2016.09.01 08:30:28.452,0.95298,0.95329,1.00,1.00
2016.09.01 08:30:28.503,0.95296,0.95327,1.00,1.00
2016.09.01 08:30:28.554,0.9529,0.95325,1.00,2.85
2016.09.01 08:30:28.604,0.95289,0.9532,1.00,1.35
2016.09.01 08:30:28.655,0.95286,0.95312,1.00,1.00
2016.09.01 08:30:28.706,0.95279,0.95312,1.00,1.00
2016.09.01 08:30:28.836,0.95278,0.95313,1.00,1.00
2016.09.01 08:30:28.886,0.95278,0.95313,1.00,1.00
2016.09.01 08:30:28.937,0.95275,0.9531,1.00,1.00
2016.09.01 08:30:28.987,0.95277,0.9531,1.00,1.00
2016.09.01 08:30:29.089,0.95272,0.95307,1.50,1.00
2016.09.01 08:30:29.143,0.95272,0.95307,1.50,1.00
2016.09.01 08:30:29.245,0.95276,0.95311,1.00,1.00
2016.09.01 08:30:29.502,0.95278,0.95311,1.00,1.00
2016.09.01 08:30:30.008,0.95277,0.95311,1.00,1.00
2016.09.01 08:30:30.058,0.9528,0.95311,1.00,1.00
2016.09.01 08:30:30.529,0.95283,0.95311,1.00,1.00
2016.09.01 08:30:30.693,0.95283,0.95311,1.00,1.00
2016.09.01 08:30:30.744,0.95281,0.95311,1.00,1.00
2016.09.01 08:30:30.966,0.95282,0.95311,1.00,1.00
2016.09.01 08:30:31.016,0.95282,0.95314,1.00,1.00
2016.09.01 08:30:31.067,0.95281,0.95314,1.00,1.00
2016.09.01 08:30:31.385,0.9528,0.95314,1.00,1.00
2016.09.01 08:30:31.436,0.95282,0.95314,1.00,1.00
2016.09.01 08:30:31.538,0.95284,0.95311,1.00,1.00
2016.09.01 08:30:31.641,0.95284,0.95313,1.00,1.00
2016.09.01 08:30:31.742,0.95281,0.95313,1.00,1.00
2016.09.01 08:30:31.843,0.95281,0.95313,1.00,1.00
2016.09.01 08:30:32.052,0.95281,0.95313,1.00,1.00
2016.09.01 08:30:32.574,0.9528,0.95313,1.00,1.00
2016.09.01 08:30:33.596,0.9528,0.95312,1.00,1.00
2016.09.01 08:30:33.647,0.95282,0.95312,1.00,1.00
2016.09.01 08:30:33.697,0.95282,0.95313,1.00,1.00
2016.09.01 08:30:34.006,0.9528,0.95313,1.00,1.00
2016.09.01 08:30:34.060,0.95278,0.95313,1.50,1.50
2016.09.01 08:30:34.111,0.95278,0.9531,1.00,1.00
2016.09.01 08:30:34.162,0.95281,0.9531,1.00,1.00
2016.09.01 08:30:34.318,0.95281,0.95314,1.00,1.00
2016.09.01 08:30:34.716,0.95281,0.95315,1.00,1.00
2016.09.01 08:30:34.817,0.95281,0.95312,1.00,1.00
2016.09.01 08:30:35.070,0.95279,0.95312,1.00,1.00
2016.09.01 08:30:35.121,0.95279,0.95312,1.00,1.00
2016.09.01 08:30:35.288,0.95279,0.95312,1.00,1.00
2016.09.01 08:30:35.640,0.95282,0.95312,1.00,1.00
2016.09.01 08:30:35.872,0.95279,0.95312,1.00,1.00
2016.09.01 08:30:35.955,0.95277,0.95312,2.25,1.00
2016.09.01 08:30:36.005,0.95281,0.95313,1.00,1.00
2016.09.01 08:30:36.056,0.95281,0.95314,1.00,1.00
2016.09.01 08:30:36.157,0.95278,0.95311,1.50,1.50
2016.09.01 08:30:36.208,0.95278,0.95311,1.00,1.50
2016.09.01 08:30:36.459,0.95279,0.95311,1.00,1.00
2016.09.01 08:30:36.578,0.95279,0.95311,1.00,1.00
2016.09.01 08:30:36.691,0.95279,0.95311,1.00,1.00
2016.09.01 08:30:36.745,0.95282,0.95311,1.00,1.50
2016.09.01 08:30:38.389,0.95281,0.9531,1.00,1.00
2016.09.01 08:30:38.578,0.95283,0.95311,1.00,1.50
2016.09.01 08:30:39.788,0.9528,0.95311,1.00,1.50
2016.09.01 08:30:39.889,0.95284,0.95311,1.00,1.00
2016.09.01 08:30:39.990,0.95284,0.95311,1.00,1.00
2016.09.01 08:30:40.141,0.95284,0.95314,1.00,1.00
2016.09.01 08:30:40.226,0.95284,0.95314,1.00,1.00
2016.09.01 08:30:40.505,0.95284,0.95313,1.00,1.00
2016.09.01 08:30:41.129,0.95284,0.95313,1.00,1.00
2016.09.01 08:30:41.179,0.95287,0.95313,1.00,1.00
2016.09.01 08:30:41.337,0.95287,0.95315,1.00,1.00
2016.09.01 08:30:41.488,0.95286,0.95315,1.00,1.50
2016.09.01 08:30:41.589,0.95285,0.95314,1.00,1.00
2016.09.01 08:30:41.690,0.95286,0.95315,1.00,1.50
2016.09.01 08:30:41.741,0.95286,0.95311,1.00,1.00
2016.09.01 08:30:41.893,0.95284,0.95311,1.00,1.00
2016.09.01 08:30:41.944,0.95284,0.95311,1.00,1.00
2016.09.01 08:30:42.269,0.95286,0.95315,1.00,1.00
2016.09.01 08:30:43.134,0.95286,0.95315,1.00,1.00
2016.09.01 08:30:43.588,0.95284,0.95315,1.00,1.00
2016.09.01 08:30:43.639,0.95284,0.95315,1.00,1.00
2016.09.01 08:30:43.724,0.95284,0.95315,1.00,1.00
2016.09.01 08:30:43.825,0.95284,0.9531,1.00,1.00
2016.09.01 08:30:44.339,0.95283,0.9531,1.00,1.00
2016.09.01 08:30:44.424,0.95283,0.95312,1.00,1.00
2016.09.01 08:30:44.474,0.95283,0.95312,1.00,1.00
2016.09.01 08:30:44.892,0.95285,0.95313,1.00,1.00
2016.09.01 08:30:45.264,0.95283,0.95312,1.00,1.00
2016.09.01 08:30:46.894,0.95284,0.95313,1.00,1.00
2016.09.01 08:30:47.152,0.95285,0.95315,1.00,1.00
2016.09.01 08:30:48.369,0.95288,0.95314,1.00,1.00
2016.09.01 08:30:48.670,0.95284,0.95314,1.00,1.00
2016.09.01 08:30:48.736,0.95284,0.95314,1.00,1.00
2016.09.01 08:30:48.786,0.95285,0.95316,1.00,1.50
2016.09.01 08:30:48.888,0.95284,0.95313,1.00,1.00
2016.09.01 08:30:49.278,0.95288,0.95319,1.00,1.60
2016.09.01 08:30:49.610,0.95287,0.95316,1.00,1.00
2016.09.01 08:30:50.301,0.9529,0.95319,1.00,1.60
2016.09.01 08:30:50.352,0.9529,0.95319,1.00,1.00
2016.09.01 08:30:50.728,0.95293,0.95322,1.00,1.00
2016.09.01 08:30:51.675,0.95293,0.95322,1.00,1.00
2016.09.01 08:30:51.726,0.95288,0.95319,1.00,1.00
2016.09.01 08:30:51.777,0.95288,0.95319,1.00,1.00
2016.09.01 08:30:51.883,0.95288,0.95319,1.00,1.50
2016.09.01 08:30:51.984,0.95286,0.95315,1.00,1.00
2016.09.01 08:30:54.100,0.95292,0.95316,1.00,1.00
2016.09.01 08:30:54.173,0.95292,0.95321,1.00,1.00
2016.09.01 08:30:54.274,0.9529,0.9532,1.00,1.00
2016.09.01 08:30:54.325,0.95292,0.95321,1.00,1.50
2016.09.01 08:30:55.661,0.95292,0.95321,1.00,1.00
2016.09.01 08:30:55.711,0.9529,0.95319,1.00,1.00
2016.09.01 08:30:55.812,0.95288,0.95319,1.00,1.00
2016.09.01 08:30:55.914,0.95288,0.95319,1.00,1.00
2016.09.01 08:30:56.216,0.95286,0.95317,1.50,1.00
2016.09.01 08:30:56.365,0.95286,0.95317,1.50,1.00
2016.09.01 08:30:56.416,0.95286,0.95315,1.00,1.00
2016.09.01 08:30:56.517,0.95284,0.95313,1.00,1.00
2016.09.01 08:30:56.763,0.95284,0.95313,1.00,1.00
2016.09.01 08:30:56.898,0.95286,0.95314,1.00,1.00
2016.09.01 08:30:57.333,0.95286,0.95314,1.60,1.00
2016.09.01 08:30:57.434,0.9529,0.95319,1.00,1.50
2016.09.01 08:30:57.536,0.95292,0.95319,1.00,1.00
2016.09.01 08:30:57.660,0.95292,0.9532,1.00,1.00
2016.09.01 08:30:57.711,0.95292,0.9532,1.00,1.00
2016.09.01 08:30:57.987,0.95289,0.9532,1.00,1.00
2016.09.01 08:30:58.088,0.95289,0.9532,1.00,1.00
2016.09.01 08:30:58.139,0.95289,0.9532,1.00,1.00
2016.09.01 08:30:58.189,0.95289,0.9532,1.00,1.00
2016.09.01 08:30:58.479,0.95289,0.9532,1.00,1.00
2016.09.01 08:30:58.530,0.95291,0.9532,1.00,1.00
2016.09.01 08:30:59.022,0.95289,0.9532,1.00,1.00
2016.09.01 08:30:59.179,0.95289,0.95315,1.00,1.00
2016.09.01 08:30:59.286,0.95289,0.95315,1.00,1.00
2016.09.01 08:30:59.337,0.95287,0.95315,1.00,1.00
2016.09.01 08:30:59.432,0.95286,0.95315,1.35,1.00
2016.09.01 08:30:59.680,0.95288,0.95315,1.00,1.00
2016.09.01 08:31:00.150,0.95288,0.95317,1.00,1.00
2016.09.01 08:31:00.200,0.95288,0.95317,1.00,1.00
2016.09.01 08:31:00.301,0.95287,0.95315,1.00,1.00
2016.09.01 08:31:00.531,0.95287,0.95316,1.00,1.00
2016.09.01 08:31:00.581,0.95287,0.95316,1.00,1.00
2016.09.01 08:31:00.633,0.95288,0.95317,1.00,1.00
2016.09.01 08:31:00.814,0.95288,0.95317,1.00,1.00
2016.09.01 08:31:01.133,0.95291,0.9532,1.00,1.00
2016.09.01 08:31:01.488,0.95291,0.9532,1.00,1.00
2016.09.01 08:31:01.538,0.95288,0.95319,1.50,1.00
2016.09.01 08:31:01.639,0.95288,0.95317,1.00,1.00
2016.09.01 08:31:01.771,0.95285,0.95313,1.00,1.00
2016.09.01 08:31:01.922,0.95285,0.95313,1.00,1.00
2016.09.01 08:31:02.023,0.95285,0.95313,1.00,1.00
2016.09.01 08:31:02.281,0.95285,0.95313,1.00,1.00
2016.09.01 08:31:02.571,0.95285,0.95313,1.00,1.00
2016.09.01 08:31:02.782,0.95287,0.95318,1.00,1.50
2016.09.01 08:31:02.933,0.95286,0.95315,1.00,1.00
2016.09.01 08:31:04.221,0.95288,0.95317,1.00,1.00
2016.09.01 08:31:04.779,0.95289,0.95318,1.00,1.00
2016.09.01 08:31:04.830,0.95291,0.9532,1.00,1.50
2016.09.01 08:31:05.032,0.95291,0.9532,1.00,1.50
2016.09.01 08:31:05.135,0.95291,0.9532,1.00,1.50
2016.09.01 08:31:05.244,0.95292,0.9532,1.00,1.00
2016.09.01 08:31:06.009,0.9529,0.95319,1.00,1.00
2016.09.01 08:31:06.110,0.95291,0.9532,1.00,1.50
2016.09.01 08:31:06.720,0.95291,0.9532,1.00,1.00
2016.09.01 08:31:07.314,0.95291,0.95321,1.00,1.00
2016.09.01 08:31:07.915,0.95292,0.95321,1.00,1.50
2016.09.01 08:31:08.100,0.95292,0.95321,1.00,1.50
2016.09.01 08:31:08.516,0.9529,0.95319,1.00,1.00
2016.09.01 08:31:08.744,0.95291,0.95321,1.00,1.00
2016.09.01 08:31:08.917,0.95292,0.95323,1.00,1.00
2016.09.01 08:31:08.969,0.95293,0.95323,1.00,1.00
2016.09.01 08:31:09.043,0.95292,0.95323,1.50,1.00
2016.09.01 08:31:09.249,0.95294,0.95323,1.00,1.00
2016.09.01 08:31:09.299,0.95294,0.95323,1.50,1.00
2016.09.01 08:31:09.350,0.953,0.95329,1.00,1.00
2016.09.01 08:31:09.451,0.95297,0.95328,1.00,1.00
2016.09.01 08:31:09.502,0.95297,0.95328,1.00,1.00
2016.09.01 08:31:09.606,0.95301,0.95329,1.00,1.00
2016.09.01 08:31:09.707,0.95301,0.95331,1.00,1.00
2016.09.01 08:31:09.758,0.95303,0.95332,1.00,1.00
2016.09.01 08:31:10.060,0.95301,0.9533,1.00,1.00
2016.09.01 08:31:10.219,0.95299,0.95332,1.00,1.00
2016.09.01 08:31:10.270,0.95301,0.95338,1.00,2.10
2016.09.01 08:31:10.404,0.95304,0.95333,1.00,1.00
2016.09.01 08:31:10.505,0.95306,0.95333,1.00,1.00
2016.09.01 08:31:10.606,0.95306,0.95336,1.00,1.00
2016.09.01 08:31:10.657,0.95303,0.95335,1.50,1.00
2016.09.01 08:31:10.767,0.95303,0.95335,1.00,1.50
2016.09.01 08:31:11.204,0.95303,0.95335,1.00,1.50
2016.09.01 08:31:11.356,0.95302,0.95332,1.00,1.00
2016.09.01 08:31:11.422,0.95302,0.95334,1.00,1.00
2016.09.01 08:31:11.523,0.95305,0.95335,1.00,1.00
2016.09.01 08:31:12.049,0.95304,0.95334,1.00,1.00
2016.09.01 08:31:12.200,0.95304,0.95334,1.00,1.35
2016.09.01 08:31:12.251,0.95302,0.95332,1.00,1.00
2016.09.01 08:31:12.658,0.95303,0.95335,1.00,1.50
2016.09.01 08:31:12.708,0.95303,0.95332,1.00,1.00
2016.09.01 08:31:12.759,0.95305,0.95332,1.00,1.00
2016.09.01 08:31:12.810,0.95305,0.95336,1.00,1.50
2016.09.01 08:31:12.860,0.95308,0.95336,1.00,1.00
2016.09.01 08:31:12.911,0.95308,0.95338,1.00,1.50
2016.09.01 08:31:12.962,0.95306,0.95336,1.00,1.00
2016.09.01 08:31:13.160,0.95307,0.95338,1.00,1.00
2016.09.01 08:31:13.755,0.95307,0.95339,1.00,1.00
2016.09.01 08:31:14.266,0.95309,0.9534,1.00,1.00
2016.09.01 08:31:14.599,0.95312,0.95342,1.00,1.00
2016.09.01 08:31:14.650,0.9531,0.95341,1.00,1.00
2016.09.01 08:31:14.766,0.95311,0.95342,1.00,1.50
2016.09.01 08:31:14.817,0.95311,0.95342,1.50,1.00
2016.09.01 08:31:14.868,0.95318,0.95346,1.00,1.00
2016.09.01 08:31:15.004,0.95318,0.95349,1.00,1.00
2016.09.01 08:31:15.317,0.95318,0.95349,1.00,1.00
2016.09.01 08:31:15.368,0.9532,0.95351,1.00,1.00
2016.09.01 08:31:15.670,0.9532,0.95351,1.00,1.00
2016.09.01 08:31:16.022,0.9532,0.95351,1.00,1.60
2016.09.01 08:31:16.073,0.95317,0.95347,1.00,1.00
2016.09.01 08:31:16.205,0.95313,0.95344,1.00,1.00
2016.09.01 08:31:16.256,0.95314,0.95344,1.00,1.00
2016.09.01 08:31:17.975,0.95314,0.95345,1.00,1.00
2016.09.01 08:31:18.376,0.95314,0.95345,1.00,1.50
2016.09.01 08:31:18.582,0.95314,0.95345,1.00,1.00
2016.09.01 08:31:18.632,0.95314,0.95345,1.00,1.00
2016.09.01 08:31:18.683,0.95313,0.95345,1.00,1.50
2016.09.01 08:31:19.044,0.95315,0.95345,1.00,1.50
2016.09.01 08:31:19.153,0.95315,0.95345,1.00,1.50
2016.09.01 08:31:19.283,0.95315,0.95345,1.00,1.00
2016.09.01 08:31:20.847,0.95313,0.95345,1.00,1.00
2016.09.01 08:31:21.192,0.95313,0.95345,1.00,1.00
2016.09.01 08:31:21.394,0.95312,0.95344,1.50,1.00
2016.09.01 08:31:21.495,0.95313,0.95345,1.00,1.00
2016.09.01 08:31:21.691,0.95312,0.95342,1.00,1.00
2016.09.01 08:31:21.792,0.9531,0.95342,1.00,1.00
2016.09.01 08:31:21.937,0.9531,0.9534,1.00,1.00
2016.09.01 08:31:21.988,0.95312,0.95339,1.00,1.00
2016.09.01 08:31:22.593,0.95313,0.9534,1.00,1.00
2016.09.01 08:31:28.060,0.95312,0.95339,1.00,1.00
2016.09.01 08:31:28.364,0.95314,0.95339,1.00,1.00
2016.09.01 08:31:28.714,0.95312,0.95337,1.00,1.00
2016.09.01 08:31:29.337,0.95312,0.95338,1.00,1.00
2016.09.01 08:31:30.003,0.95312,0.9534,1.00,1.00
2016.09.01 08:31:30.197,0.95314,0.9534,1.00,1.00
2016.09.01 08:31:30.500,0.95312,0.95339,1.00,1.00
2016.09.01 08:31:31.089,0.95306,0.95337,1.00,1.00
2016.09.01 08:31:31.140,0.95304,0.95335,1.00,1.00
2016.09.01 08:31:31.191,0.95304,0.95329,1.00,1.00
2016.09.01 08:31:31.292,0.95304,0.95329,1.00,1.00
2016.09.01 08:31:31.393,0.95305,0.95331,1.00,1.00
2016.09.01 08:31:31.525,0.95305,0.95333,1.00,1.00
2016.09.01 08:31:31.576,0.95305,0.95333,1.00,1.00
2016.09.01 08:31:31.908,0.95303,0.95332,1.00,1.00
2016.09.01 08:31:32.009,0.95301,0.95329,1.00,1.00
2016.09.01 08:31:32.110,0.953,0.9533,1.50,1.00
2016.09.01 08:31:32.161,0.953,0.9533,1.50,1.00
2016.09.01 08:31:32.211,0.953,0.9533,1.00,1.00
2016.09.01 08:31:32.483,0.95302,0.95328,1.00,1.00
2016.09.01 08:31:32.913,0.95299,0.95327,1.00,1.00
2016.09.01 08:31:33.231,0.95301,0.95327,1.00,1.00
2016.09.01 08:31:33.687,0.953,0.95325,1.00,1.00
2016.09.01 08:31:34.234,0.95301,0.95326,1.00,1.00
2016.09.01 08:31:34.827,0.95301,0.95326,1.00,1.00
2016.09.01 08:31:35.059,0.95301,0.95326,1.00,1.00
2016.09.01 08:31:35.313,0.95299,0.95326,1.00,1.00
2016.09.01 08:31:35.539,0.95301,0.95326,1.00,1.00
2016.09.01 08:31:35.818,0.95299,0.95325,1.00,1.00
2016.09.01 08:31:36.126,0.95296,0.95322,1.00,1.00
2016.09.01 08:31:37.333,0.95296,0.95326,1.00,1.00
2016.09.01 08:31:37.946,0.95296,0.95326,1.00,1.00
2016.09.01 08:31:38.306,0.95296,0.95326,1.00,1.00
2016.09.01 08:31:38.357,0.95296,0.95326,1.00,1.00
2016.09.01 08:31:39.157,0.95296,0.95326,1.00,1.00
2016.09.01 08:31:39.245,0.95296,0.95326,1.00,1.00
2016.09.01 08:31:39.295,0.95296,0.95326,1.00,1.00
2016.09.01 08:31:39.677,0.95296,0.95326,1.00,1.00
2016.09.01 08:31:39.727,0.95296,0.95323,1.00,1.00
2016.09.01 08:31:41.230,0.95299,0.95324,1.00,1.00
2016.09.01 08:31:41.741,0.953,0.95325,1.00,1.00
2016.09.01 08:31:42.935,0.95294,0.95318,1.00,1.00
2016.09.01 08:31:43.049,0.95287,0.95312,1.00,1.00
2016.09.01 08:31:43.101,0.95287,0.95312,1.00,1.00
2016.09.01 08:31:43.587,0.95288,0.95313,1.50,1.00
2016.09.01 08:31:44.013,0.95289,0.95314,1.00,1.00
2016.09.01 08:31:44.258,0.95288,0.95313,1.50,1.00
2016.09.01 08:31:44.358,0.95286,0.95311,1.00,1.00
2016.09.01 08:31:46.362,0.95287,0.95314,1.00,1.00
2016.09.01 08:31:49.668,0.95288,0.95312,1.00,1.00
2016.09.01 08:31:50.527,0.95286,0.95312,1.00,1.00
2016.09.01 08:31:51.155,0.95294,0.95317,1.00,1.00
2016.09.01 08:31:51.458,0.95296,0.95319,1.00,1.00
2016.09.01 08:31:51.559,0.95297,0.95322,1.00,1.00
2016.09.01 08:31:51.833,0.95294,0.95321,1.00,1.00
2016.09.01 08:31:52.036,0.95294,0.95319,1.00,1.00
2016.09.01 08:31:52.436,0.95296,0.95321,1.00,1.00
2016.09.01 08:31:52.850,0.95298,0.95321,1.00,1.00
2016.09.01 08:31:54.157,0.95296,0.9532,1.00,1.00
2016.09.01 08:31:55.774,0.95295,0.95318,1.00,1.00
2016.09.01 08:31:56.266,0.95296,0.9532,1.00,1.00
2016.09.01 08:31:57.482,0.95296,0.95322,1.00,1.00
2016.09.01 08:31:57.583,0.95298,0.95321,1.00,1.00
2016.09.01 08:31:58.153,0.95299,0.95323,1.00,1.00
2016.09.01 08:31:58.457,0.95297,0.95322,1.00,1.00
2016.09.01 08:32:00.319,0.95295,0.9532,1.00,1.00
2016.09.01 08:32:00.674,0.95294,0.95318,1.00,1.00
2016.09.01 08:32:01.364,0.95293,0.95318,1.00,1.00
2016.09.01 08:32:01.856,0.95293,0.95316,1.00,1.00
2016.09.01 08:32:02.787,0.95293,0.95318,1.00,1.00
2016.09.01 08:32:02.888,0.95295,0.95318,1.00,1.00
2016.09.01 08:32:03.439,0.95294,0.95317,1.00,1.00
2016.09.01 08:32:03.675,0.95295,0.95322,1.00,1.00
2016.09.01 08:32:03.776,0.95297,0.95322,1.00,1.00
2016.09.01 08:32:04.649,0.95292,0.95322,1.50,1.00
2016.09.01 08:32:06.874,0.95292,0.95322,1.50,1.00
2016.09.01 08:32:06.946,0.95292,0.95322,1.50,1.00
2016.09.01 08:32:07.366,0.95295,0.95322,1.00,1.00
2016.09.01 08:32:07.426,0.95295,0.95322,1.00,1.00
2016.09.01 08:32:07.537,0.95295,0.95322,1.00,1.50
2016.09.01 08:32:07.588,0.95293,0.9532,1.00,1.00
2016.09.01 08:32:07.918,0.95291,0.95318,1.00,1.00
2016.09.01 08:32:08.456,0.9529,0.95317,1.00,1.00
2016.09.01 08:32:08.507,0.9529,0.95317,1.00,1.50
2016.09.01 08:32:08.729,0.9529,0.95317,1.00,1.00
2016.09.01 08:32:09.235,0.95291,0.95318,1.00,1.00
2016.09.01 08:32:09.285,0.95291,0.95318,1.50,1.00
2016.09.01 08:32:10.098,0.95291,0.95318,1.50,1.00
2016.09.01 08:32:10.884,0.95292,0.95318,1.00,1.00
2016.09.01 08:32:11.009,0.95292,0.95321,1.00,1.00
2016.09.01 08:32:11.335,0.95292,0.95321,1.00,1.00
2016.09.01 08:32:11.385,0.95292,0.95317,1.00,1.00
2016.09.01 08:32:13.789,0.95291,0.95317,1.50,1.00
2016.09.01 08:32:14.015,0.95291,0.95317,1.00,1.00
2016.09.01 08:32:14.316,0.95293,0.95317,1.00,1.00
2016.09.01 08:32:16.120,0.95293,0.95319,1.00,1.00
2016.09.01 08:32:17.195,0.95293,0.95317,1.00,1.00
2016.09.01 08:32:18.925,0.95293,0.95319,1.00,1.00
2016.09.01 08:32:19.155,0.9529,0.95316,1.00,1.00
2016.09.01 08:32:19.474,0.95286,0.95312,1.00,1.00
2016.09.01 08:32:19.780,0.95291,0.95314,1.00,1.00
2016.09.01 08:32:19.831,0.95289,0.95313,1.00,1.00
2016.09.01 08:32:20.044,0.95289,0.95313,1.60,1.00
2016.09.01 08:32:20.094,0.95297,0.95319,1.00,1.00
2016.09.01 08:32:20.195,0.95299,0.95323,1.00,1.00
2016.09.01 08:32:20.631,0.953,0.95325,1.00,1.00
2016.09.01 08:32:21.297,0.953,0.95328,1.00,1.00
2016.09.01 08:32:21.499,0.953,0.95326,1.00,1.00
2016.09.01 08:32:22.007,0.95302,0.95328,1.00,1.00
2016.09.01 08:32:22.365,0.95302,0.95325,1.00,1.00
2016.09.01 08:32:22.903,0.95301,0.95327,1.00,1.00
2016.09.01 08:32:24.823,0.95303,0.95328,1.00,1.00
2016.09.01 08:32:25.164,0.953,0.95323,1.00,1.00
2016.09.01 08:32:26.002,0.95299,0.95322,1.00,1.00
2016.09.01 08:32:27.323,0.95299,0.95324,1.00,1.00
2016.09.01 08:32:28.806,0.95299,0.95323,1.00,1.00
2016.09.01 08:32:33.516,0.95299,0.95325,1.00,1.00
2016.09.01 08:32:35.452,0.95298,0.95323,1.00,1.00
2016.09.01 08:32:35.920,0.95298,0.95321,1.00,1.00
2016.09.01 08:32:37.422,0.95297,0.9532,1.00,1.00
2016.09.01 08:32:40.065,0.95291,0.95315,1.00,1.60
2016.09.01 08:32:40.160,0.95291,0.95312,1.00,1.35
2016.09.01 08:32:40.215,0.95286,0.95312,1.00,1.35
2016.09.01 08:32:40.265,0.95286,0.95308,1.00,1.00
2016.09.01 08:32:40.366,0.95281,0.95306,1.00,1.00
2016.09.01 08:32:40.467,0.95281,0.95306,1.00,1.00
2016.09.01 08:32:40.519,0.95281,0.95306,1.00,1.00
2016.09.01 08:32:41.267,0.95283,0.95306,1.00,1.00
2016.09.01 08:32:41.368,0.95283,0.95309,1.00,1.00
2016.09.01 08:32:42.933,0.95284,0.95308,1.00,1.00
2016.09.01 08:32:43.782,0.95283,0.95309,1.00,1.00
2016.09.01 08:32:44.404,0.95283,0.9531,1.00,1.00
2016.09.01 08:32:44.777,0.95281,0.95309,1.00,1.00
2016.09.01 08:32:45.539,0.95284,0.95309,1.00,1.00
2016.09.01 08:32:46.140,0.95283,0.95311,1.00,1.00
2016.09.01 08:32:48.919,0.95284,0.9531,1.00,1.00
2016.09.01 08:32:50.678,0.95283,0.95308,1.00,1.00
2016.09.01 08:32:51.600,0.95282,0.95307,1.00,1.00
2016.09.01 08:32:52.007,0.95281,0.95305,1.00,1.00
2016.09.01 08:32:52.159,0.95278,0.95301,1.00,1.00
2016.09.01 08:32:52.278,0.9527,0.95294,1.00,1.00
2016.09.01 08:32:52.586,0.95272,0.953,1.00,1.00
2016.09.01 08:32:52.687,0.9527,0.95305,1.00,1.00
2016.09.01 08:32:52.806,0.9527,0.95305,1.00,1.00
2016.09.01 08:32:52.940,0.95274,0.95305,1.00,1.00
2016.09.01 08:32:53.041,0.95274,0.95305,1.60,1.00
2016.09.01 08:32:53.092,0.95276,0.95309,1.35,1.00
2016.09.01 08:32:53.143,0.9528,0.9531,1.00,1.00
2016.09.01 08:32:53.193,0.9528,0.9531,1.00,1.00
2016.09.01 08:32:53.309,0.9528,0.9531,1.00,1.00
2016.09.01 08:32:53.487,0.95284,0.95307,1.00,1.00
2016.09.01 08:32:53.703,0.95284,0.9531,1.00,1.00
2016.09.01 08:32:53.996,0.95284,0.95308,1.00,1.00
2016.09.01 08:32:57.011,0.95284,0.95313,1.00,1.00
2016.09.01 08:32:57.062,0.95284,0.95313,1.50,1.00
2016.09.01 08:32:57.112,0.95288,0.95313,1.00,1.00
2016.09.01 08:32:57.221,0.95288,0.95316,1.00,1.00
2016.09.01 08:32:58.123,0.95291,0.95316,1.00,1.00
2016.09.01 08:32:58.454,0.95293,0.95318,1.00,1.00
2016.09.01 08:32:59.307,0.95291,0.95317,1.00,1.00
2016.09.01 08:32:59.510,0.95289,0.95315,1.00,1.00
2016.09.01 08:32:59.941,0.95291,0.95315,1.00,1.00
2016.09.01 08:33:00.482,0.95292,0.95316,1.00,1.00
2016.09.01 08:33:01.303,0.95292,0.95318,1.00,1.00
2016.09.01 08:33:03.938,0.95293,0.95318,1.00,1.00
2016.09.01 08:33:04.607,0.95292,0.95316,1.00,1.00
2016.09.01 08:33:06.343,0.95294,0.95319,1.00,1.00
2016.09.01 08:33:06.511,0.95297,0.95321,1.00,1.00
2016.09.01 08:33:07.019,0.95297,0.9532,1.00,1.00
2016.09.01 08:33:07.619,0.95295,0.95319,1.00,1.00
2016.09.01 08:33:07.720,0.95293,0.9532,1.00,1.00
2016.09.01 08:33:10.252,0.95292,0.95312,1.00,1.00
2016.09.01 08:33:10.302,0.95289,0.95312,1.00,1.00
2016.09.01 08:33:10.353,0.95287,0.95311,1.00,1.00
2016.09.01 08:33:10.403,0.95285,0.95311,1.00,1.00
2016.09.01 08:33:10.454,0.9529,0.95313,1.00,1.00
2016.09.01 08:33:11.857,0.95283,0.95312,1.00,1.00
2016.09.01 08:33:12.059,0.95281,0.95308,1.50,1.00
2016.09.01 08:33:12.273,0.95281,0.9531,1.50,1.00
2016.09.01 08:33:12.418,0.95284,0.95311,1.00,1.00
2016.09.01 08:33:12.520,0.95284,0.95311,1.00,1.00
2016.09.01 08:33:12.571,0.95288,0.95316,1.35,1.00
2016.09.01 08:33:12.622,0.95288,0.95316,1.35,1.00
2016.09.01 08:33:12.673,0.95291,0.95321,1.00,1.50
2016.09.01 08:33:12.774,0.95295,0.95324,1.00,1.00
2016.09.01 08:33:12.861,0.95297,0.95324,1.00,1.00
2016.09.01 08:33:13.250,0.95294,0.95317,1.00,1.00
2016.09.01 08:33:13.301,0.95289,0.95317,1.00,1.00
2016.09.01 08:33:13.402,0.95288,0.95317,1.00,1.00
2016.09.01 08:33:13.782,0.95287,0.95315,1.00,1.00
2016.09.01 08:33:14.385,0.95286,0.95315,1.00,1.00
2016.09.01 08:33:16.681,0.95285,0.95314,1.00,1.00
2016.09.01 08:33:17.282,0.95285,0.95315,1.00,1.00
2016.09.01 08:33:18.050,0.95289,0.95317,1.00,1.00
2016.09.01 08:33:18.150,0.95291,0.95318,1.00,1.50
2016.09.01 08:33:18.251,0.95292,0.95318,1.00,1.00
2016.09.01 08:33:18.302,0.95293,0.95321,1.00,1.00
2016.09.01 08:33:18.453,0.95293,0.95322,1.50,1.00
2016.09.01 08:33:18.600,0.95295,0.95322,1.00,1.00
2016.09.01 08:33:18.678,0.95301,0.95327,1.00,1.00
2016.09.01 08:33:18.729,0.95302,0.95327,2.10,1.00
2016.09.01 08:33:18.780,0.95306,0.95327,1.35,1.00
2016.09.01 08:33:18.830,0.95306,0.95327,1.35,1.00
2016.09.01 08:33:18.881,0.95302,0.95337,2.85,1.00
2016.09.01 08:33:18.982,0.95305,0.95338,1.60,1.00
2016.09.01 08:33:19.032,0.95307,0.95341,1.00,1.50
2016.09.01 08:33:19.083,0.95307,0.95334,1.00,1.00
2016.09.01 08:33:19.133,0.95302,0.95334,2.10,1.00
2016.09.01 08:33:19.306,0.95305,0.95341,1.60,1.50
2016.09.01 08:33:19.357,0.95308,0.95341,1.00,1.50
2016.09.01 08:33:19.458,0.95305,0.95341,1.60,1.50
2016.09.01 08:33:19.611,0.95308,0.95341,1.00,1.50
2016.09.01 08:33:19.827,0.95305,0.95341,1.60,1.50
2016.09.01 08:33:19.953,0.95305,0.95341,1.00,1.50
2016.09.01 08:33:20.004,0.95307,0.95336,1.00,1.00
2016.09.01 08:33:20.054,0.95303,0.95336,1.00,1.00
2016.09.01 08:33:20.163,0.95303,0.95336,1.00,1.00
2016.09.01 08:33:20.438,0.95302,0.95336,1.00,1.00
2016.09.01 08:33:20.664,0.95303,0.95332,1.00,1.00
2016.09.01 08:33:20.756,0.95305,0.95334,1.00,1.00
2016.09.01 08:33:21.365,0.95306,0.95335,1.00,1.00
2016.09.01 08:33:21.817,0.95306,0.95333,1.00,1.00
2016.09.01 08:33:22.485,0.95307,0.95334,1.00,1.00
2016.09.01 08:33:22.535,0.95308,0.95334,1.00,1.00
2016.09.01 08:33:22.637,0.95305,0.95334,1.00,1.00
2016.09.01 08:33:23.920,0.95307,0.95334,1.00,1.00
2016.09.01 08:33:24.221,0.95305,0.95334,1.00,1.00
2016.09.01 08:33:24.423,0.95313,0.95341,1.00,1.00
2016.09.01 08:33:24.474,0.95313,0.95341,1.00,1.00
2016.09.01 08:33:24.524,0.95313,0.95341,1.50,1.00
2016.09.01 08:33:24.626,0.95313,0.95341,1.00,1.00
2016.09.01 08:33:24.941,0.95313,0.95341,1.50,1.00
2016.09.01 08:33:24.992,0.95313,0.95341,1.00,1.00
2016.09.01 08:33:25.043,0.95311,0.95341,1.00,1.00
2016.09.01 08:33:25.474,0.95309,0.95334,1.00,1.00
2016.09.01 08:33:25.525,0.95309,0.95334,1.00,1.00
2016.09.01 08:33:25.626,0.95307,0.95334,1.00,1.00
2016.09.01 08:33:25.677,0.95305,0.95335,1.00,1.00
2016.09.01 08:33:25.778,0.95305,0.95332,1.00,1.00
2016.09.01 08:33:25.979,0.95305,0.95335,1.00,1.00
2016.09.01 08:33:26.030,0.95305,0.95335,1.35,1.00
2016.09.01 08:33:26.081,0.95305,0.95335,1.35,1.00
2016.09.01 08:33:26.131,0.95308,0.95335,1.00,1.00
2016.09.01 08:33:26.927,0.95307,0.95335,1.00,1.00
2016.09.01 08:33:27.468,0.95308,0.95335,1.00,1.00
2016.09.01 08:33:27.528,0.95308,0.95335,1.50,1.00
2016.09.01 08:33:27.729,0.95308,0.95335,1.00,1.00
2016.09.01 08:33:27.870,0.95308,0.95335,1.50,1.00
2016.09.01 08:33:28.269,0.95309,0.95336,1.00,1.00
2016.09.01 08:33:29.268,0.95309,0.95336,1.00,1.00
2016.09.01 08:33:29.656,0.95309,0.95336,1.00,1.00
2016.09.01 08:33:29.732,0.95309,0.95336,1.00,1.00
2016.09.01 08:33:30.006,0.95307,0.95335,1.00,1.00
2016.09.01 08:33:30.195,0.95305,0.95335,1.00,1.00
2016.09.01 08:33:30.246,0.95307,0.95335,1.00,1.00
2016.09.01 08:33:30.834,0.95308,0.95335,1.00,1.00
2016.09.01 08:33:31.235,0.95304,0.95334,1.00,1.00
2016.09.01 08:33:31.558,0.95308,0.95334,1.00,1.00
2016.09.01 08:33:31.675,0.95308,0.95331,1.50,1.00
2016.09.01 08:33:31.912,0.95308,0.95331,1.00,1.00
2016.09.01 08:33:32.037,0.95308,0.95331,1.00,1.00
2016.09.01 08:33:32.875,0.95308,0.95331,1.50,1.00
2016.09.01 08:33:33.855,0.95308,0.95339,1.50,1.00
2016.09.01 08:33:33.925,0.95308,0.95334,1.50,1.00
2016.09.01 08:33:34.126,0.95309,0.95335,1.00,1.00
2016.09.01 08:33:34.227,0.95311,0.95335,1.00,1.00
2016.09.01 08:33:34.328,0.95312,0.95338,1.00,1.00
2016.09.01 08:33:34.480,0.95314,0.95338,1.00,1.00
2016.09.01 08:33:34.809,0.95312,0.95338,1.00,1.00
2016.09.01 08:33:35.043,0.95313,0.95338,1.00,1.00
2016.09.01 08:33:35.865,0.95312,0.95338,1.00,1.00
2016.09.01 08:33:36.247,0.95313,0.95338,1.00,1.00
2016.09.01 08:33:37.084,0.95313,0.95338,1.50,1.00
2016.09.01 08:33:38.068,0.95313,0.95338,1.35,1.00
2016.09.01 08:33:38.119,0.95318,0.95341,1.00,1.50
2016.09.01 08:33:38.220,0.95321,0.95344,1.00,1.00
2016.09.01 08:33:38.351,0.95316,0.95339,1.00,1.00
2016.09.01 08:33:38.503,0.95313,0.95336,1.50,1.00
2016.09.01 08:33:38.554,0.95313,0.95336,1.00,1.00
2016.09.01 08:33:38.605,0.95308,0.95341,1.00,1.00
2016.09.01 08:33:39.076,0.95307,0.95341,1.00,1.00
2016.09.01 08:33:39.275,0.95308,0.95341,1.00,1.00
2016.09.01 08:33:39.507,0.95308,0.95341,1.00,1.00
2016.09.01 08:33:39.608,0.95308,0.95336,1.00,1.00
2016.09.01 08:33:39.659,0.95308,0.95336,1.50,1.00
2016.09.01 08:33:39.889,0.95312,0.95341,1.00,1.50
2016.09.01 08:33:39.940,0.95312,0.95341,1.60,1.50
2016.09.01 08:33:40.009,0.95319,0.95343,1.00,1.00
2016.09.01 08:33:40.060,0.95319,0.95346,1.00,1.50
2016.09.01 08:33:40.110,0.9532,0.95347,1.00,1.00
2016.09.01 08:33:40.227,0.95323,0.9535,1.00,1.00
2016.09.01 08:33:40.624,0.95323,0.9535,1.00,1.00
2016.09.01 08:33:40.862,0.95324,0.95351,1.00,1.00
2016.09.01 08:33:41.030,0.95323,0.95354,1.00,1.00
2016.09.01 08:33:41.131,0.95321,0.95352,1.60,1.00
2016.09.01 08:33:41.232,0.9532,0.95349,2.10,1.00
2016.09.01 08:33:41.447,0.9532,0.95349,1.50,1.00
2016.09.01 08:33:42.310,0.95324,0.95353,1.00,1.00
2016.09.01 08:33:42.512,0.95321,0.9535,1.60,1.00
2016.09.01 08:33:42.562,0.95321,0.9535,1.00,1.00
2016.09.01 08:33:42.768,0.95323,0.9535,1.00,1.00
2016.09.01 08:33:43.019,0.95321,0.9535,1.00,1.00
2016.09.01 08:33:43.346,0.95323,0.9535,1.00,1.00
2016.09.01 08:33:43.396,0.95324,0.95353,1.00,1.00
2016.09.01 08:33:44.199,0.95323,0.95352,1.00,1.00
2016.09.01 08:33:44.250,0.95323,0.95352,1.00,1.00
2016.09.01 08:33:44.651,0.95321,0.95351,1.00,1.00
2016.09.01 08:33:44.701,0.95323,0.95352,1.00,1.00
2016.09.01 08:33:45.028,0.95326,0.95353,1.00,1.00
2016.09.01 08:33:45.138,0.95323,0.9535,1.50,1.00
2016.09.01 08:33:45.824,0.95323,0.9535,1.00,1.00
2016.09.01 08:33:46.204,0.95324,0.95351,1.00,1.00
2016.09.01 08:33:47.466,0.95324,0.95351,1.60,1.00
2016.09.01 08:33:47.556,0.95324,0.95351,1.60,1.00
2016.09.01 08:33:47.607,0.95326,0.95355,1.00,1.00
2016.09.01 08:33:47.830,0.95323,0.95352,1.50,1.00
2016.09.01 08:33:48.678,0.95323,0.95352,1.00,1.00
2016.09.01 08:33:48.931,0.95323,0.95353,1.50,1.00
2016.09.01 08:33:49.644,0.95323,0.95352,1.50,1.00
2016.09.01 08:33:50.233,0.95323,0.95352,1.00,1.00
2016.09.01 08:33:50.515,0.95324,0.9535,1.00,1.00
2016.09.01 08:33:50.881,0.95324,0.9535,1.00,1.00
2016.09.01 08:33:51.235,0.95324,0.9535,1.00,1.00
2016.09.01 08:33:51.351,0.95318,0.95346,1.00,1.00
2016.09.01 08:33:51.553,0.95317,0.95346,1.00,1.00
2016.09.01 08:33:51.942,0.95315,0.95344,1.00,1.00
2016.09.01 08:33:52.422,0.95317,0.95342,1.00,1.00
2016.09.01 08:33:52.756,0.95313,0.95343,1.50,1.00
2016.09.01 08:33:52.971,0.95314,0.95343,1.00,1.00
2016.09.01 08:33:53.022,0.95314,0.95343,1.00,1.00
2016.09.01 08:33:53.173,0.95314,0.95343,1.00,1.00
2016.09.01 08:33:53.740,0.95318,0.95343,1.00,1.00
2016.09.01 08:33:54.042,0.95318,0.95341,1.00,1.00
2016.09.01 08:33:54.742,0.95316,0.95341,1.00,1.00
2016.09.01 08:33:55.458,0.9532,0.95343,1.00,1.00
2016.09.01 08:33:55.560,0.95319,0.95346,1.00,1.00
2016.09.01 08:33:55.614,0.95319,0.95346,1.00,1.00
2016.09.01 08:33:55.766,0.95317,0.95346,1.00,1.00
2016.09.01 08:33:55.867,0.95318,0.95348,1.00,1.00
2016.09.01 08:33:56.029,0.95316,0.9535,1.35,1.00
2016.09.01 08:33:56.079,0.95317,0.9535,1.00,1.00
2016.09.01 08:33:56.946,0.95322,0.9535,1.00,1.00
2016.09.01 08:33:57.357,0.95322,0.95348,1.00,1.00
2016.09.01 08:33:57.459,0.95321,0.95345,1.00,1.00
2016.09.01 08:33:57.948,0.95322,0.95345,1.00,1.00
2016.09.01 08:33:58.449,0.95321,0.95345,1.00,1.00
2016.09.01 08:33:58.752,0.95319,0.95344,1.00,1.00
2016.09.01 08:33:58.853,0.95319,0.95344,1.00,1.00
2016.09.01 08:33:58.965,0.95319,0.95344,1.00,1.00
2016.09.01 08:33:59.738,0.95321,0.95346,1.00,1.00
2016.09.01 08:33:59.839,0.9532,0.95347,1.35,1.00
2016.09.01 08:34:00.041,0.9532,0.95347,1.00,1.00
2016.09.01 08:34:00.142,0.95318,0.95344,1.50,1.00
2016.09.01 08:34:00.331,0.95319,0.95345,1.00,1.00
2016.09.01 08:34:00.583,0.9532,0.95346,1.00,1.00
2016.09.01 08:34:00.923,0.95322,0.95346,1.00,1.00
2016.09.01 08:34:00.974,0.95317,0.95342,1.00,1.00
2016.09.01 08:34:01.077,0.95317,0.95344,1.00,1.00
2016.09.01 08:34:01.495,0.95317,0.95344,1.50,1.00
2016.09.01 08:34:01.545,0.95326,0.95351,1.00,1.00
2016.09.01 08:34:01.647,0.95322,0.95357,1.00,1.00
2016.09.01 08:34:01.779,0.95323,0.95357,1.00,1.00
2016.09.01 08:34:02.250,0.95328,0.95357,1.00,1.00
2016.09.01 08:34:02.541,0.95322,0.95357,1.50,1.00
2016.09.01 08:34:02.650,0.95323,0.95357,1.00,1.00
2016.09.01 08:34:02.715,0.95322,0.95357,1.50,1.00
2016.09.01 08:34:03.959,0.95328,0.95357,1.00,1.50
2016.09.01 08:34:04.060,0.9533,0.95361,1.00,1.50
2016.09.01 08:34:04.156,0.95331,0.95361,1.00,1.50
2016.09.01 08:34:04.257,0.95331,0.9536,1.00,1.00
2016.09.01 08:34:04.459,0.9533,0.95361,1.00,1.00
2016.09.01 08:34:04.577,0.9533,0.95361,1.00,1.00
2016.09.01 08:34:04.630,0.9533,0.95361,1.00,1.00
2016.09.01 08:34:04.725,0.9533,0.95361,1.00,1.00
2016.09.01 08:34:04.776,0.9533,0.95361,1.00,1.00
2016.09.01 08:34:04.965,0.95332,0.95361,1.00,1.00
2016.09.01 08:34:05.468,0.95333,0.95361,1.00,1.00
2016.09.01 08:34:05.621,0.95332,0.95361,1.50,1.00
2016.09.01 08:34:05.674,0.95332,0.95361,1.00,1.00
2016.09.01 08:34:05.935,0.95332,0.95361,1.00,1.00
2016.09.01 08:34:06.227,0.95328,0.95359,1.60,1.00
2016.09.01 08:34:06.277,0.95327,0.95356,2.25,1.00
2016.09.01 08:34:06.479,0.95327,0.95356,1.50,1.00
2016.09.01 08:34:06.673,0.95328,0.95356,1.00,1.00
2016.09.01 08:34:06.924,0.95327,0.95356,1.00,1.00
2016.09.01 08:34:07.475,0.95326,0.95355,1.00,1.00
2016.09.01 08:34:08.040,0.95327,0.95354,1.00,1.00
2016.09.01 08:34:08.540,0.95326,0.95355,1.00,1.00
2016.09.01 08:34:09.655,0.95326,0.95353,1.00,1.00
2016.09.01 08:34:10.697,0.95324,0.95353,1.00,1.00
2016.09.01 08:34:10.798,0.95323,0.95353,1.00,1.00
2016.09.01 08:34:10.959,0.95326,0.95353,1.00,1.00
2016.09.01 08:34:11.177,0.95325,0.9535,1.00,1.00
2016.09.01 08:34:11.286,0.95323,0.95351,1.50,1.00
2016.09.01 08:34:11.388,0.95324,0.95354,1.00,1.00
2016.09.01 08:34:11.489,0.95326,0.95354,1.00,1.00
2016.09.01 08:34:11.806,0.95328,0.95353,1.00,1.00
2016.09.01 08:34:12.928,0.95328,0.95353,1.50,1.00
2016.09.01 08:34:12.981,0.95326,0.9535,1.00,1.00
2016.09.01 08:34:13.033,0.95328,0.9535,1.00,1.00
2016.09.01 08:34:13.654,0.95328,0.95351,1.00,1.00
2016.09.01 08:34:13.962,0.95328,0.95349,1.00,1.00
2016.09.01 08:34:14.235,0.95324,0.95349,1.00,1.00
2016.09.01 08:34:14.498,0.95324,0.95351,1.00,1.00
2016.09.01 08:34:15.800,0.95326,0.95351,1.00,1.00
2016.09.01 08:34:15.901,0.95326,0.95351,1.00,1.00
2016.09.01 08:34:15.990,0.95326,0.95351,1.00,1.00
2016.09.01 08:34:16.091,0.95326,0.95351,1.00,1.00
2016.09.01 08:34:16.589,0.95326,0.95351,1.00,1.00
2016.09.01 08:34:17.544,0.95326,0.95342,1.00,1.00
2016.09.01 08:34:17.647,0.95325,0.95347,1.00,1.00
2016.09.01 08:34:18.149,0.95326,0.95347,1.00,1.00
2016.09.01 08:34:18.561,0.95325,0.95342,1.00,1.00
2016.09.01 08:34:19.427,0.95325,0.95342,1.60,1.00
2016.09.01 08:34:19.478,0.95325,0.9535,1.60,1.00
2016.09.01 08:34:19.681,0.95323,0.9535,1.60,1.00
2016.09.01 08:34:19.851,0.95323,0.9535,2.10,1.00
2016.09.01 08:34:19.902,0.95323,0.9535,1.50,1.00
2016.09.01 08:34:20.045,0.95323,0.9535,1.00,1.00
2016.09.01 08:34:20.146,0.95323,0.9535,1.00,1.00
2016.09.01 08:34:20.354,0.95323,0.9535,1.50,1.00
2016.09.01 08:34:21.448,0.95323,0.9535,1.00,1.00
2016.09.01 08:34:22.180,0.95325,0.95349,1.00,1.00
2016.09.01 08:34:23.501,0.95324,0.95347,1.00,1.00
2016.09.01 08:34:23.826,0.95319,0.95345,1.50,1.00
2016.09.01 08:34:23.877,0.95319,0.95345,1.00,1.00
2016.09.01 08:34:23.927,0.9532,0.95345,1.00,1.00
2016.09.01 08:34:24.313,0.95315,0.95339,1.00,1.00
2016.09.01 08:34:24.516,0.95313,0.95338,1.00,1.00
2016.09.01 08:34:24.566,0.95313,0.95338,1.60,1.00
2016.09.01 08:34:24.617,0.95317,0.95338,1.00,1.00
2016.09.01 08:34:24.718,0.95319,0.95346,1.00,1.00
2016.09.01 08:34:24.826,0.95313,0.95349,2.10,1.00
2016.09.01 08:34:24.877,0.95317,0.95351,1.00,1.00
2016.09.01 08:34:24.928,0.95317,0.95351,1.00,1.00
2016.09.01 08:34:25.060,0.95317,0.95351,1.00,1.00
2016.09.01 08:34:25.111,0.95317,0.95351,1.00,1.00
2016.09.01 08:34:25.221,0.95313,0.95345,2.10,1.00
2016.09.01 08:34:25.331,0.95312,0.95345,1.00,1.00
2016.09.01 08:34:25.484,0.95313,0.95345,1.00,1.00
2016.09.01 08:34:26.014,0.95315,0.95342,1.00,1.00
2016.09.01 08:34:26.264,0.95315,0.95342,1.60,1.00
2016.09.01 08:34:26.315,0.95319,0.95348,1.00,1.00
2016.09.01 08:34:26.421,0.95321,0.95348,1.00,1.00
2016.09.01 08:34:26.634,0.9532,0.95347,1.00,1.00
2016.09.01 08:34:26.937,0.95318,0.95345,1.00,1.00
2016.09.01 08:34:26.988,0.95318,0.95344,1.00,1.00
2016.09.01 08:34:27.038,0.95314,0.95343,1.00,1.00
2016.09.01 08:34:27.239,0.95314,0.95343,1.00,1.00
2016.09.01 08:34:28.193,0.95313,0.95341,1.50,1.00
2016.09.01 08:34:28.244,0.95313,0.95341,1.00,1.00
2016.09.01 08:34:28.995,0.95314,0.95341,1.00,1.00
2016.09.01 08:34:31.445,0.95312,0.95339,1.00,1.00
2016.09.01 08:34:31.823,0.95313,0.95339,1.00,1.00
2016.09.01 08:34:32.161,0.95312,0.95339,1.00,1.00
2016.09.01 08:34:32.323,0.95313,0.95339,1.00,1.00
2016.09.01 08:34:32.923,0.95313,0.95338,1.00,1.00
2016.09.01 08:34:33.849,0.95309,0.95338,1.00,1.00
2016.09.01 08:34:33.900,0.95308,0.95338,1.50,1.00
2016.09.01 08:34:34.001,0.95308,0.95338,1.50,1.00
2016.09.01 08:34:34.052,0.95309,0.9534,1.35,1.00
2016.09.01 08:34:34.113,0.9531,0.95337,1.00,1.00
2016.09.01 08:34:34.214,0.95308,0.95335,2.10,1.00
2016.09.01 08:34:34.347,0.95308,0.95333,1.60,1.00
2016.09.01 08:34:34.448,0.95307,0.95333,1.00,1.00
2016.09.01 08:34:34.551,0.95306,0.95333,1.00,1.00
2016.09.01 08:34:34.609,0.95309,0.95336,1.00,1.00
2016.09.01 08:34:34.861,0.95309,0.95336,1.00,1.00
2016.09.01 08:34:35.654,0.95308,0.95334,1.00,1.00
2016.09.01 08:34:35.863,0.95307,0.95334,1.00,1.00
2016.09.01 08:34:36.529,0.95307,0.95334,1.50,1.00
2016.09.01 08:34:37.016,0.95307,0.95337,1.50,1.00
2016.09.01 08:34:37.108,0.95307,0.95337,1.50,1.00
2016.09.01 08:34:37.259,0.95311,0.95338,1.00,1.00
2016.09.01 08:34:37.310,0.95311,0.95341,1.00,1.50
2016.09.01 08:34:37.435,0.95315,0.95343,1.00,1.00
2016.09.01 08:34:37.536,0.95312,0.9534,1.50,1.00
2016.09.01 08:34:37.659,0.95309,0.9534,1.50,1.00
2016.09.01 08:34:37.710,0.95309,0.9534,1.50,1.00
2016.09.01 08:34:37.761,0.95309,0.95339,1.00,1.00
2016.09.01 08:34:37.812,0.95308,0.95339,2.10,1.00
2016.09.01 08:34:37.862,0.95308,0.95339,1.50,1.00
2016.09.01 08:34:38.154,0.95308,0.95339,1.00,1.00
2016.09.01 08:34:38.360,0.9531,0.9534,1.00,1.00
2016.09.01 08:34:38.462,0.9531,0.9534,1.00,1.00
2016.09.01 08:34:38.647,0.9531,0.95341,1.00,1.00
2016.09.01 08:34:38.698,0.9531,0.95341,1.50,1.00
2016.09.01 08:34:38.748,0.9531,0.95341,1.50,1.00
2016.09.01 08:34:39.721,0.9531,0.95341,1.50,1.00
2016.09.01 08:34:39.956,0.9531,0.95339,1.50,1.00
2016.09.01 08:34:41.177,0.95313,0.95339,1.00,1.00
2016.09.01 08:34:41.378,0.95309,0.95338,1.00,1.00
2016.09.01 08:34:41.479,0.95309,0.95338,1.00,1.00
2016.09.01 08:34:42.133,0.95307,0.95337,1.00,1.00
2016.09.01 08:34:43.736,0.95309,0.95334,1.00,1.00
2016.09.01 08:34:44.036,0.95311,0.95334,1.00,1.00
2016.09.01 08:34:45.084,0.95308,0.95333,1.00,1.00
2016.09.01 08:34:45.387,0.95306,0.95334,1.00,1.00
2016.09.01 08:34:45.437,0.95306,0.95334,1.00,1.00
2016.09.01 08:34:45.488,0.95307,0.95332,1.00,1.00
2016.09.01 08:34:45.589,0.95303,0.95331,1.00,1.00
2016.09.01 08:34:45.690,0.95299,0.95328,1.00,1.00
2016.09.01 08:34:45.875,0.95304,0.95331,1.00,1.00
2016.09.01 08:34:45.981,0.953,0.95332,1.00,1.00
2016.09.01 08:34:46.031,0.95301,0.95336,1.00,1.00
2016.09.01 08:34:46.082,0.95303,0.95336,1.00,1.00
2016.09.01 08:34:46.239,0.95303,0.9534,1.50,1.50
2016.09.01 08:34:46.317,0.95303,0.9534,1.50,2.10
2016.09.01 08:34:46.368,0.95303,0.9534,1.50,2.10
2016.09.01 08:34:46.418,0.95303,0.95336,1.00,1.00
2016.09.01 08:34:46.469,0.95307,0.95336,1.00,1.00
2016.09.01 08:34:46.565,0.95302,0.95336,1.00,1.00
2016.09.01 08:34:46.615,0.95305,0.9534,1.00,1.50
2016.09.01 08:34:46.839,0.95305,0.9534,1.00,2.10
2016.09.01 08:34:46.940,0.95303,0.95335,1.00,1.00
2016.09.01 08:34:46.990,0.95303,0.95329,1.00,1.00
2016.09.01 08:34:47.262,0.95302,0.95331,1.50,1.00
2016.09.01 08:34:47.396,0.95302,0.95328,1.00,1.00
2016.09.01 08:34:47.749,0.953,0.95328,1.50,1.00
2016.09.01 08:34:48.549,0.95302,0.95331,1.00,1.00
2016.09.01 08:34:48.650,0.953,0.95329,1.50,1.00
2016.09.01 08:34:49.047,0.95301,0.95331,1.00,1.00
2016.09.01 08:34:49.381,0.953,0.9533,1.50,1.00
2016.09.01 08:34:49.481,0.953,0.95328,1.50,1.00
2016.09.01 08:34:49.532,0.953,0.95328,1.00,1.00
2016.09.01 08:34:49.851,0.95297,0.95328,1.00,1.00
2016.09.01 08:34:50.514,0.95298,0.95329,1.00,1.00
2016.09.01 08:34:50.565,0.95296,0.95327,1.50,1.00
2016.09.01 08:34:50.735,0.95299,0.95328,1.00,1.00
2016.09.01 08:34:51.262,0.95297,0.95325,1.00,1.00
2016.09.01 08:34:51.448,0.95297,0.95326,1.00,1.00
2016.09.01 08:34:51.498,0.953,0.95329,1.00,1.00
2016.09.01 08:34:51.599,0.95297,0.95328,1.00,1.00
2016.09.01 08:34:52.197,0.95297,0.95326,1.00,1.00
2016.09.01 08:34:52.579,0.953,0.95328,1.00,1.00
2016.09.01 08:34:54.358,0.95298,0.95327,1.00,1.00
2016.09.01 08:34:54.802,0.95299,0.95326,1.00,1.00
2016.09.01 08:34:54.904,0.95296,0.95324,1.00,1.00
2016.09.01 08:34:55.159,0.95298,0.95324,1.00,1.00
2016.09.01 08:34:55.561,0.95298,0.95325,1.50,1.00
2016.09.01 08:34:56.167,0.95298,0.95324,1.00,1.00
2016.09.01 08:34:56.304,0.95298,0.95326,1.00,1.00
2016.09.01 08:34:56.362,0.95299,0.95328,1.00,1.00
2016.09.01 08:34:57.106,0.95298,0.95326,1.00,1.00
2016.09.01 08:34:57.362,0.95298,0.95326,1.50,1.00
2016.09.01 08:34:57.490,0.95295,0.95322,1.00,1.00
2016.09.01 08:34:57.694,0.95294,0.95322,1.00,1.00
2016.09.01 08:34:57.807,0.95292,0.95321,1.00,1.00
2016.09.01 08:34:57.963,0.95292,0.95321,1.50,1.00
2016.09.01 08:34:58.064,0.95292,0.95321,1.00,1.00
2016.09.01 08:34:58.166,0.95289,0.9532,1.00,1.00
2016.09.01 08:34:58.352,0.9529,0.95321,1.00,1.00
2016.09.01 08:34:59.191,0.9529,0.95321,1.00,1.00
2016.09.01 08:34:59.292,0.9529,0.95321,1.00,1.00
2016.09.01 08:35:00.391,0.95292,0.95323,1.50,1.50
2016.09.01 08:35:00.632,0.95292,0.95323,1.50,1.50
2016.09.01 08:35:00.683,0.95292,0.95323,1.50,1.50
2016.09.01 08:35:01.169,0.95292,0.95323,1.00,1.50
2016.09.01 08:35:01.219,0.9529,0.95321,1.00,1.00
2016.09.01 08:35:01.271,0.95289,0.95319,1.00,1.00
2016.09.01 08:35:01.628,0.95288,0.95318,2.25,1.00
2016.09.01 08:35:01.678,0.95288,0.95318,1.50,1.50
2016.09.01 08:35:01.729,0.95288,0.95316,1.00,1.00
2016.09.01 08:35:01.930,0.95288,0.95318,1.00,1.00
2016.09.01 08:35:01.981,0.95287,0.95318,1.50,1.00
2016.09.01 08:35:02.082,0.95288,0.95318,1.00,1.00
2016.09.01 08:35:02.305,0.95288,0.95317,1.50,1.00
2016.09.01 08:35:02.407,0.95286,0.95317,1.50,1.00
2016.09.01 08:35:02.457,0.95286,0.95317,1.00,1.00
2016.09.01 08:35:03.038,0.95286,0.95315,1.00,1.00
2016.09.01 08:35:03.130,0.95287,0.95315,1.00,1.00
2016.09.01 08:35:03.308,0.95287,0.95316,1.50,1.00
2016.09.01 08:35:04.109,0.95287,0.95316,1.00,1.00
2016.09.01 08:35:04.177,0.95286,0.95316,1.00,1.00
2016.09.01 08:35:04.382,0.95283,0.95314,1.50,1.00
2016.09.01 08:35:04.433,0.95283,0.95308,1.00,1.00
2016.09.01 08:35:04.623,0.95278,0.95307,1.00,1.00
2016.09.01 08:35:04.724,0.95277,0.95303,1.00,1.00
2016.09.01 08:35:04.931,0.95277,0.95305,1.00,1.00
2016.09.01 08:35:05.582,0.95278,0.95305,1.00,1.00
2016.09.01 08:35:06.815,0.95278,0.95304,1.00,1.00
2016.09.01 08:35:06.916,0.95273,0.95304,1.50,1.00
2016.09.01 08:35:07.182,0.95278,0.95304,1.00,1.00
2016.09.01 08:35:07.233,0.95278,0.95301,1.00,1.00
2016.09.01 08:35:07.331,0.95278,0.95303,1.00,1.00
2016.09.01 08:35:07.432,0.95274,0.95303,1.00,1.00
2016.09.01 08:35:08.384,0.95277,0.95303,1.00,1.00
2016.09.01 08:35:08.584,0.95274,0.95303,1.00,1.00
2016.09.01 08:35:09.540,0.95273,0.95303,1.00,1.00
2016.09.01 08:35:09.716,0.95273,0.95303,1.50,1.00
2016.09.01 08:35:09.871,0.95273,0.95303,1.00,1.00
2016.09.01 08:35:10.426,0.95274,0.95301,1.00,1.00
2016.09.01 08:35:10.888,0.95274,0.95301,1.00,1.00
2016.09.01 08:35:11.490,0.95274,0.95301,1.00,1.00
2016.09.01 08:35:11.991,0.95274,0.95301,1.00,1.00
2016.09.01 08:35:13.227,0.95275,0.95298,1.00,1.00
2016.09.01 08:35:14.200,0.95275,0.95299,1.00,1.00
2016.09.01 08:35:14.996,0.95276,0.95299,1.00,1.00
2016.09.01 08:35:16.367,0.95275,0.95298,1.00,1.00
2016.09.01 08:35:17.758,0.95276,0.95299,1.00,1.00
2016.09.01 08:35:18.838,0.95277,0.953,1.00,1.00
2016.09.01 08:35:22.448,0.95275,0.953,1.00,1.00
2016.09.01 08:35:22.665,0.95278,0.95301,1.00,1.00
2016.09.01 08:35:22.766,0.95277,0.95303,1.00,1.00
2016.09.01 08:35:23.567,0.95275,0.953,1.00,1.00
2016.09.01 08:35:23.869,0.95278,0.95302,1.00,1.00
2016.09.01 08:35:24.172,0.9528,0.95303,1.00,1.00
2016.09.01 08:35:24.457,0.95282,0.95307,1.00,1.00
2016.09.01 08:35:25.857,0.95281,0.95306,1.00,1.00
2016.09.01 08:35:26.511,0.95282,0.95305,1.00,1.00
2016.09.01 08:35:29.178,0.95282,0.95307,1.00,1.00
2016.09.01 08:35:29.688,0.95281,0.95306,1.00,1.00
2016.09.01 08:35:30.667,0.95283,0.95307,1.00,1.00
2016.09.01 08:35:30.768,0.95283,0.95309,1.00,1.00
2016.09.01 08:35:31.968,0.95283,0.95306,1.00,1.00
2016.09.01 08:35:32.882,0.95287,0.95312,1.00,1.00
2016.09.01 08:35:32.983,0.95285,0.95311,1.00,1.00
2016.09.01 08:35:33.034,0.95285,0.95311,1.00,1.00
2016.09.01 08:35:33.085,0.95288,0.95311,1.00,1.00
2016.09.01 08:35:33.673,0.95285,0.9531,1.00,1.00
2016.09.01 08:35:33.873,0.95283,0.95309,1.00,1.00
2016.09.01 08:35:33.973,0.95286,0.95309,1.00,1.00
2016.09.01 08:35:34.175,0.95286,0.95312,1.00,1.00
2016.09.01 08:35:37.091,0.95286,0.9531,1.00,1.00
2016.09.01 08:35:37.998,0.95287,0.9531,1.00,1.00
2016.09.01 08:35:44.189,0.95287,0.95311,1.00,1.00
2016.09.01 08:35:44.690,0.95289,0.95313,1.00,1.00
2016.09.01 08:35:45.212,0.9529,0.95313,1.00,1.00
2016.09.01 08:35:45.501,0.95289,0.95316,1.00,1.00
2016.09.01 08:35:46.093,0.95293,0.95317,1.00,1.00
2016.09.01 08:35:46.472,0.95295,0.95319,1.00,1.00
2016.09.01 08:35:47.018,0.95298,0.95323,1.00,1.00
2016.09.01 08:35:48.631,0.953,0.95323,1.00,1.00
2016.09.01 08:35:48.833,0.95294,0.95318,1.00,1.00
2016.09.01 08:35:48.919,0.95288,0.95318,1.12,1.00
2016.09.01 08:35:48.969,0.95288,0.95318,1.12,1.00
2016.09.01 08:35:49.020,0.95282,0.95318,2.25,2.10
2016.09.01 08:35:49.121,0.95282,0.95318,1.50,2.10
2016.09.01 08:35:49.272,0.95282,0.95318,1.50,2.10
2016.09.01 08:35:49.724,0.95282,0.95318,1.50,2.10
2016.09.01 08:35:49.819,0.95282,0.95318,1.50,1.50
2016.09.01 08:35:49.870,0.95283,0.95318,1.00,1.50
2016.09.01 08:35:50.124,0.95283,0.95318,1.00,1.50
2016.09.01 08:35:50.238,0.95284,0.95312,1.00,1.00
2016.09.01 08:35:50.384,0.95284,0.95312,1.00,1.00
2016.09.01 08:35:50.846,0.95284,0.95312,1.00,1.00
2016.09.01 08:35:50.901,0.95285,0.95313,1.00,1.00
2016.09.01 08:35:51.269,0.95285,0.95313,1.00,1.00
2016.09.01 08:35:51.320,0.95288,0.95313,1.00,1.00
2016.09.01 08:35:52.403,0.95289,0.95312,1.00,1.00
2016.09.01 08:35:55.576,0.95285,0.95312,1.00,1.00
2016.09.01 08:35:56.614,0.95284,0.95309,1.00,1.00
2016.09.01 08:35:56.665,0.95284,0.95309,1.00,1.00
2016.09.01 08:35:56.816,0.95285,0.95311,1.00,1.00
2016.09.01 08:35:57.516,0.95287,0.95312,1.00,1.00
2016.09.01 08:35:59.519,0.95296,0.95316,1.00,1.00
2016.09.01 08:35:59.569,0.95296,0.95319,1.00,1.00
2016.09.01 08:35:59.620,0.95297,0.9532,1.00,1.00
2016.09.01 08:35:59.670,0.95297,0.95321,1.00,1.00
2016.09.01 08:35:59.955,0.95296,0.95319,1.00,1.00
2016.09.01 08:36:00.221,0.95292,0.95316,1.00,1.00
2016.09.01 08:36:00.921,0.95292,0.95318,1.00,1.00
2016.09.01 08:36:02.323,0.95293,0.95316,1.00,1.00
2016.09.01 08:36:02.424,0.9529,0.95314,1.00,1.00
2016.09.01 08:36:02.525,0.95286,0.95313,1.00,1.00
2016.09.01 08:36:03.636,0.95286,0.95313,1.50,1.00
2016.09.01 08:36:04.477,0.95286,0.95313,1.00,1.00
2016.09.01 08:36:05.828,0.95285,0.95313,1.00,1.00
2016.09.01 08:36:07.932,0.95286,0.95312,1.00,1.00
2016.09.01 08:36:08.939,0.95286,0.95309,1.00,1.00
2016.09.01 08:36:09.040,0.95285,0.95311,1.00,1.00
2016.09.01 08:36:09.765,0.95284,0.95309,1.00,1.00
2016.09.01 08:36:09.895,0.95284,0.95309,1.00,1.00
2016.09.01 08:36:14.051,0.95286,0.9531,1.00,1.00
2016.09.01 08:36:14.557,0.95287,0.9531,1.00,1.00
2016.09.01 08:36:14.776,0.95286,0.95312,1.00,1.00
2016.09.01 08:36:16.552,0.95289,0.95312,1.00,1.00
2016.09.01 08:36:16.867,0.95297,0.95323,1.00,1.00
2016.09.01 08:36:16.918,0.95297,0.95323,1.00,1.00
2016.09.01 08:36:17.251,0.95301,0.95324,1.00,1.00
2016.09.01 08:36:17.652,0.95302,0.95326,1.00,1.00
2016.09.01 08:36:17.955,0.95299,0.95325,1.00,1.00
2016.09.01 08:36:19.240,0.95299,0.95325,1.00,1.00
2016.09.01 08:36:20.737,0.95299,0.95325,1.00,1.00
2016.09.01 08:36:20.787,0.95299,0.95322,1.00,1.00
2016.09.01 08:36:20.939,0.95299,0.95322,1.00,1.00
2016.09.01 08:36:21.592,0.95299,0.95322,1.00,1.00
2016.09.01 08:36:21.828,0.95299,0.95322,1.00,1.00
2016.09.01 08:36:22.439,0.95298,0.95321,1.00,1.00
2016.09.01 08:36:27.176,0.95298,0.95322,1.00,1.00
2016.09.01 08:36:27.277,0.95302,0.95326,1.00,1.00
2016.09.01 08:36:27.328,0.95302,0.95326,1.00,1.00
2016.09.01 08:36:27.479,0.95302,0.95329,1.00,1.00
2016.09.01 08:36:28.224,0.95303,0.95326,1.00,1.00
2016.09.01 08:36:28.981,0.95301,0.95326,1.00,1.00
2016.09.01 08:36:29.482,0.95302,0.95328,1.00,1.00
2016.09.01 08:36:31.507,0.95302,0.95325,1.00,1.00
2016.09.01 08:36:32.389,0.95301,0.95325,1.00,1.00
2016.09.01 08:36:33.288,0.953,0.95323,1.00,1.00
2016.09.01 08:36:33.389,0.95297,0.95321,1.00,1.00
2016.09.01 08:36:33.629,0.95302,0.95326,1.00,1.50
2016.09.01 08:36:33.685,0.95302,0.95326,1.00,1.00
2016.09.01 08:36:33.789,0.95302,0.95329,1.00,1.00
2016.09.01 08:36:35.714,0.95304,0.95327,1.00,1.00
2016.09.01 08:36:37.515,0.95303,0.9533,1.00,1.00
2016.09.01 08:36:37.898,0.95306,0.95332,1.00,1.00
2016.09.01 08:36:37.948,0.95306,0.95332,1.00,1.00
2016.09.01 08:36:37.999,0.95308,0.95333,1.00,1.00
2016.09.01 08:36:38.100,0.9531,0.95336,1.00,1.00
2016.09.01 08:36:38.278,0.95313,0.95336,1.00,1.00
2016.09.01 08:36:39.142,0.95315,0.95339,1.00,1.00
2016.09.01 08:36:39.342,0.95315,0.95341,1.00,1.00
2016.09.01 08:36:39.521,0.95314,0.95337,1.00,1.00
2016.09.01 08:36:39.903,0.95312,0.95336,1.00,1.00
2016.09.01 08:36:43.650,0.95311,0.95334,1.00,1.00
2016.09.01 08:36:43.752,0.95309,0.95333,1.00,1.00
2016.09.01 08:36:43.852,0.95307,0.95331,1.00,1.00
2016.09.01 08:36:44.326,0.95309,0.95334,1.00,1.00
2016.09.01 08:36:44.730,0.95309,0.95336,1.00,1.00
2016.09.01 08:36:44.831,0.95312,0.95336,1.00,1.00
2016.09.01 08:36:44.882,0.95312,0.95336,1.00,1.00
2016.09.01 08:36:45.238,0.95308,0.95333,1.00,1.00
2016.09.01 08:36:45.339,0.95307,0.9533,1.00,1.00
2016.09.01 08:36:45.934,0.95307,0.95331,1.00,1.00
2016.09.01 08:36:48.120,0.95308,0.95333,1.00,1.00
2016.09.01 08:36:48.221,0.95308,0.95331,1.00,1.00
2016.09.01 08:36:48.803,0.95309,0.95332,1.00,1.00
2016.09.01 08:36:49.111,0.95307,0.9533,1.00,1.00
2016.09.01 08:36:49.723,0.95307,0.95333,1.00,1.00
2016.09.01 08:36:49.925,0.95308,0.95331,1.00,1.00
2016.09.01 08:36:52.427,0.95306,0.95332,1.00,1.00
2016.09.01 08:36:52.861,0.95309,0.95333,1.00,1.00
2016.09.01 08:36:53.562,0.95308,0.95332,1.00,1.00
2016.09.01 08:36:54.063,0.95309,0.95332,1.00,1.00
2016.09.01 08:36:54.738,0.95313,0.95337,1.00,1.12
2016.09.01 08:36:54.840,0.95315,0.95338,1.00,1.00
2016.09.01 08:36:55.455,0.95316,0.95339,1.00,1.00
2016.09.01 08:36:56.834,0.95316,0.95341,1.00,1.12
2016.09.01 08:36:59.029,0.95316,0.95341,1.00,1.00
2016.09.01 08:36:59.839,0.95315,0.95339,1.00,1.00
2016.09.01 08:37:00.368,0.95314,0.95338,1.00,1.00
2016.09.01 08:37:00.571,0.9531,0.95335,1.00,1.00
2016.09.01 08:37:00.672,0.9531,0.95335,1.00,1.12
2016.09.01 08:37:00.773,0.95309,0.95335,1.00,1.00
2016.09.01 08:37:01.019,0.95311,0.95334,1.00,1.00
2016.09.01 08:37:01.070,0.95305,0.95338,1.00,1.00
2016.09.01 08:37:01.171,0.95307,0.95338,1.00,1.00
2016.09.01 08:37:01.222,0.95307,0.95338,1.00,1.00
2016.09.01 08:37:01.325,0.95307,0.95341,1.00,1.87
2016.09.01 08:37:01.375,0.95307,0.95341,1.00,1.87
2016.09.01 08:37:01.426,0.95307,0.9534,1.00,1.12
2016.09.01 08:37:01.879,0.95309,0.95336,1.00,1.00
2016.09.01 08:37:02.380,0.9531,0.95335,1.00,1.00
2016.09.01 08:37:02.521,0.9531,0.95337,1.00,1.12
2016.09.01 08:37:02.572,0.95307,0.95334,1.00,1.00
2016.09.01 08:37:04.984,0.95307,0.95333,1.00,1.00
2016.09.01 08:37:05.477,0.95307,0.9533,1.00,1.00
2016.09.01 08:37:06.028,0.95308,0.95331,1.00,1.00
2016.09.01 08:37:06.734,0.95307,0.9533,1.00,1.00
2016.09.01 08:37:07.307,0.95309,0.95334,1.00,1.00
2016.09.01 08:37:07.358,0.95311,0.95336,1.00,1.00
2016.09.01 08:37:07.411,0.95311,0.95336,1.00,1.00
2016.09.01 08:37:07.462,0.95309,0.95334,1.00,1.00
2016.09.01 08:37:07.764,0.95309,0.95336,1.12,1.00
2016.09.01 08:37:07.898,0.95307,0.9534,1.37,1.37
2016.09.01 08:37:07.951,0.95307,0.95341,1.00,1.37
2016.09.01 08:37:08.001,0.95306,0.95341,1.12,1.37
2016.09.01 08:37:08.052,0.95306,0.9534,1.00,1.37
2016.09.01 08:37:08.305,0.95305,0.95337,1.00,1.37
2016.09.01 08:37:08.355,0.95302,0.95337,1.12,1.50
2016.09.01 08:37:08.562,0.95303,0.95337,1.00,1.50
2016.09.01 08:37:08.663,0.95303,0.95337,1.12,1.87
2016.09.01 08:37:08.933,0.95304,0.95337,2.10,1.87
2016.09.01 08:37:08.983,0.95314,0.95339,1.00,1.37
2016.09.01 08:37:09.084,0.95315,0.95342,1.00,1.50
2016.09.01 08:37:09.169,0.95315,0.95342,1.00,1.00
2016.09.01 08:37:09.531,0.95318,0.95342,1.00,1.00
2016.09.01 08:37:10.968,0.95314,0.95341,1.00,1.00
2016.09.01 08:37:11.295,0.95314,0.95339,1.00,1.00
2016.09.01 08:37:11.396,0.95314,0.95339,1.00,1.00
2016.09.01 08:37:11.847,0.95314,0.95339,1.12,1.00
2016.09.01 08:37:11.897,0.95315,0.95342,1.00,1.00
2016.09.01 08:37:12.246,0.95315,0.9534,1.00,1.00
2016.09.01 08:37:12.398,0.95313,0.9534,1.87,1.00
2016.09.01 08:37:12.449,0.95313,0.9534,1.50,1.00
2016.09.01 08:37:12.600,0.95313,0.9534,1.00,1.00
2016.09.01 08:37:13.960,0.95313,0.9534,1.37,1.00
2016.09.01 08:37:14.010,0.95316,0.95341,1.00,1.00
2016.09.01 08:37:15.085,0.95314,0.95339,1.00,1.00
2016.09.01 08:37:16.595,0.95314,0.95338,1.00,1.00
2016.09.01 08:37:17.107,0.95314,0.95337,1.00,1.00
2016.09.01 08:37:17.684,0.95314,0.95337,1.00,1.50
2016.09.01 08:37:17.735,0.95314,0.95337,1.00,1.00
2016.09.01 08:37:17.836,0.95313,0.95337,1.00,1.00
2016.09.01 08:37:17.937,0.95313,0.95337,1.00,1.50
2016.09.01 08:37:18.038,0.95313,0.95337,1.00,1.00
2016.09.01 08:37:18.207,0.95313,0.95337,1.00,1.50
2016.09.01 08:37:19.110,0.95311,0.95334,1.00,1.00
2016.09.01 08:37:19.390,0.95311,0.95336,1.00,1.00
2016.09.01 08:37:19.701,0.95308,0.95331,1.00,1.00
2016.09.01 08:37:20.230,0.95308,0.95331,1.00,1.00
2016.09.01 08:37:21.396,0.95309,0.95332,1.00,1.50
2016.09.01 08:37:21.718,0.95309,0.95332,1.00,1.00
2016.09.01 08:37:22.452,0.95309,0.95332,1.00,1.50
2016.09.01 08:37:22.716,0.95308,0.95331,1.00,1.00
2016.09.01 08:37:23.922,0.9531,0.95334,1.00,1.00
2016.09.01 08:37:24.225,0.95312,0.95337,1.00,1.00
2016.09.01 08:37:24.819,0.9531,0.95336,1.00,1.00
2016.09.01 08:37:24.870,0.9531,0.95336,1.00,1.00
2016.09.01 08:37:25.041,0.9531,0.95336,1.00,1.00
2016.09.01 08:37:25.826,0.95312,0.95335,1.00,1.00
2016.09.01 08:37:26.532,0.95311,0.95334,1.00,1.00
2016.09.01 08:37:26.835,0.9531,0.95336,1.00,1.00
2016.09.01 08:37:27.026,0.9531,0.95336,1.00,1.00
2016.09.01 08:37:27.328,0.95309,0.95333,1.00,1.00
2016.09.01 08:37:27.429,0.95306,0.95329,1.50,1.00
2016.09.01 08:37:27.480,0.95306,0.95329,1.00,1.00
2016.09.01 08:37:27.631,0.95309,0.95333,1.00,1.00
2016.09.01 08:37:28.292,0.95309,0.95334,1.00,1.00
2016.09.01 08:37:29.433,0.95308,0.95333,1.00,1.00
2016.09.01 08:37:29.492,0.95308,0.95333,1.12,1.00
2016.09.01 08:37:29.543,0.95311,0.95335,1.00,1.00
2016.09.01 08:37:29.644,0.95309,0.95334,1.12,1.00
2016.09.01 08:37:29.908,0.9531,0.95336,1.00,1.00
2016.09.01 08:37:30.451,0.9531,0.95336,1.00,1.00
2016.09.01 08:37:30.750,0.9531,0.95336,1.00,1.00
2016.09.01 08:37:30.851,0.95309,0.95333,1.00,1.00
2016.09.01 08:37:31.144,0.9531,0.95335,1.00,1.00
2016.09.01 08:37:32.128,0.95308,0.95334,1.00,1.00
2016.09.01 08:37:32.833,0.95307,0.9533,1.00,1.00
2016.09.01 08:37:32.935,0.95308,0.95332,1.00,1.00
2016.09.01 08:37:32.985,0.95308,0.95333,1.00,1.00
2016.09.01 08:37:33.137,0.95306,0.95332,1.37,1.00
2016.09.01 08:37:33.187,0.95306,0.95332,1.00,1.00
2016.09.01 08:37:33.363,0.95308,0.95335,1.00,1.00
2016.09.01 08:37:33.464,0.95308,0.95332,1.00,1.00
2016.09.01 08:37:33.616,0.95308,0.95335,1.00,1.00
2016.09.01 08:37:33.666,0.95308,0.95333,1.00,1.00
2016.09.01 08:37:33.717,0.9531,0.95333,1.00,1.50
2016.09.01 08:37:33.941,0.9531,0.95335,1.00,1.00
2016.09.01 08:37:34.042,0.95311,0.95336,1.00,1.00
2016.09.01 08:37:34.143,0.95312,0.95337,1.00,1.50
2016.09.01 08:37:34.244,0.95311,0.95332,1.00,1.00
2016.09.01 08:37:34.761,0.95312,0.95332,1.00,1.00
2016.09.01 08:37:35.761,0.9531,0.95333,1.00,1.00
2016.09.01 08:37:36.305,0.95311,0.95333,1.00,1.00
2016.09.01 08:37:36.941,0.9531,0.95333,1.00,1.00
2016.09.01 08:37:37.449,0.9531,0.95332,1.00,1.00
2016.09.01 08:37:38.042,0.95309,0.95332,1.00,1.00
2016.09.01 08:37:38.465,0.95307,0.95332,1.00,1.00
2016.09.01 08:37:38.566,0.95306,0.95331,1.00,1.00
2016.09.01 08:37:38.667,0.95306,0.95331,1.00,1.00
2016.09.01 08:37:38.768,0.95307,0.95333,1.00,1.00
2016.09.01 08:37:39.064,0.95307,0.95332,1.00,1.50
2016.09.01 08:37:39.191,0.95307,0.95332,1.00,1.00
2016.09.01 08:37:39.292,0.95307,0.95332,1.00,1.50
2016.09.01 08:37:39.443,0.95305,0.95332,1.00,1.50
2016.09.01 08:37:41.402,0.95305,0.95332,1.00,1.87
2016.09.01 08:37:41.618,0.95305,0.95332,1.00,1.50
2016.09.01 08:37:41.771,0.95307,0.95333,1.00,1.12
2016.09.01 08:37:41.821,0.95307,0.95333,1.00,1.37
2016.09.01 08:37:41.872,0.95307,0.95331,1.00,1.12
2016.09.01 08:37:41.923,0.95307,0.95331,1.00,1.00
2016.09.01 08:37:42.075,0.95307,0.95331,1.00,1.00
2016.09.01 08:37:42.126,0.95307,0.95331,1.00,1.87
2016.09.01 08:37:42.376,0.95307,0.95331,1.00,1.87
2016.09.01 08:37:42.426,0.95307,0.95331,1.00,1.12
2016.09.01 08:37:42.705,0.95307,0.95331,1.00,1.00
2016.09.01 08:37:43.021,0.95309,0.95333,1.00,1.50
2016.09.01 08:37:43.071,0.95309,0.95332,1.00,1.00
2016.09.01 08:37:43.475,0.95308,0.95332,1.00,1.50
2016.09.01 08:37:43.634,0.95305,0.9533,1.00,1.00
2016.09.01 08:37:44.037,0.95306,0.95332,1.00,1.50
2016.09.01 08:37:44.165,0.95306,0.95327,1.00,1.00
2016.09.01 08:37:44.286,0.95306,0.95332,1.00,1.00
2016.09.01 08:37:44.388,0.95306,0.95332,1.00,1.00
2016.09.01 08:37:44.489,0.95304,0.95331,1.00,1.00
2016.09.01 08:37:44.766,0.95304,0.95327,1.00,1.00
2016.09.01 08:37:45.142,0.95304,0.95331,1.00,1.00
2016.09.01 08:37:45.327,0.95304,0.95327,1.00,1.00
2016.09.01 08:37:45.755,0.95306,0.95327,1.00,1.00
2016.09.01 08:37:46.630,0.95306,0.95331,1.00,1.00
2016.09.01 08:37:47.449,0.95307,0.95332,1.00,1.50
2016.09.01 08:37:47.551,0.95307,0.95327,1.00,1.00
2016.09.01 08:37:47.877,0.95307,0.95333,1.00,1.00
2016.09.01 08:37:48.133,0.95307,0.95332,1.00,1.00
2016.09.01 08:37:48.650,0.95306,0.95331,1.00,1.00
2016.09.01 08:37:48.751,0.95307,0.95332,1.00,1.50
2016.09.01 08:37:48.852,0.95307,0.95332,1.00,1.00
2016.09.01 08:37:49.363,0.95307,0.95332,1.00,1.00
2016.09.01 08:37:49.464,0.95307,0.95327,1.00,1.00
2016.09.01 08:37:49.565,0.95306,0.95331,1.00,1.00
2016.09.01 08:37:49.922,0.95305,0.95332,1.00,1.87
2016.09.01 08:37:49.973,0.95303,0.95327,1.00,1.00
2016.09.01 08:37:50.456,0.95306,0.95327,1.00,1.00
2016.09.01 08:37:51.241,0.95306,0.95328,1.00,1.00
2016.09.01 08:37:51.766,0.95305,0.95327,1.00,1.00
2016.09.01 08:37:52.189,0.95307,0.95327,1.00,1.00
2016.09.01 08:37:52.379,0.95305,0.95327,1.00,1.00
2016.09.01 08:37:52.674,0.95303,0.95328,1.00,1.00
2016.09.01 08:37:52.895,0.95302,0.95328,1.00,1.50
2016.09.01 08:37:53.033,0.95299,0.95326,1.00,1.00
2016.09.01 08:37:53.184,0.953,0.95327,1.00,1.50
2016.09.01 08:37:53.285,0.953,0.95325,1.00,1.00
2016.09.01 08:37:53.386,0.95301,0.95326,1.00,1.00
2016.09.01 08:37:53.544,0.95301,0.95326,1.12,1.00
2016.09.01 08:37:53.762,0.95302,0.95327,1.00,1.00
2016.09.01 08:37:54.863,0.95301,0.95326,1.12,1.00
2016.09.01 08:37:55.065,0.95301,0.95326,1.00,1.00
2016.09.01 08:37:55.228,0.95301,0.95326,1.12,1.00
2016.09.01 08:37:55.279,0.95301,0.95326,1.12,1.00
2016.09.01 08:37:55.597,0.95302,0.95329,1.00,1.00
2016.09.01 08:37:55.699,0.95301,0.95326,1.12,1.00
2016.09.01 08:37:55.850,0.95301,0.95323,1.12,1.00
2016.09.01 08:37:55.929,0.95301,0.95323,1.00,1.00
2016.09.01 08:37:56.252,0.95301,0.95326,1.00,1.00
2016.09.01 08:37:56.369,0.95301,0.95326,1.37,1.00
2016.09.01 08:37:56.433,0.95301,0.95326,1.00,1.00
2016.09.01 08:37:56.484,0.95299,0.95324,1.37,1.00
2016.09.01 08:37:56.534,0.95299,0.95324,1.37,1.00
2016.09.01 08:37:56.585,0.953,0.95327,1.12,1.50
2016.09.01 08:37:56.636,0.953,0.95327,1.00,1.50
2016.09.01 08:37:56.788,0.953,0.95327,1.00,1.00
2016.09.01 08:37:56.889,0.953,0.95327,1.00,1.50
2016.09.01 08:37:57.132,0.953,0.95327,1.12,1.50
2016.09.01 08:37:57.270,0.953,0.95327,1.00,1.50
2016.09.01 08:37:57.477,0.953,0.95327,1.12,1.50
2016.09.01 08:37:57.679,0.95299,0.95326,1.37,1.00
2016.09.01 08:37:57.762,0.95299,0.95326,1.00,1.00
2016.09.01 08:37:58.558,0.95299,0.95326,1.00,1.00
2016.09.01 08:37:58.775,0.95299,0.95326,1.00,1.00
2016.09.01 08:37:58.876,0.95305,0.95329,1.00,1.00
2016.09.01 08:37:59.078,0.95307,0.95332,1.00,1.00
2016.09.01 08:37:59.276,0.95308,0.95333,1.00,1.50
2016.09.01 08:37:59.572,0.95309,0.95333,1.00,1.00
2016.09.01 08:37:59.673,0.95307,0.95333,1.37,1.00
2016.09.01 08:37:59.774,0.95307,0.95337,1.87,1.00
2016.09.01 08:37:59.921,0.95307,0.95337,1.87,1.00
2016.09.01 08:38:00.027,0.95307,0.95337,1.87,1.00
2016.09.01 08:38:00.182,0.95307,0.95337,1.12,1.00
2016.09.01 08:38:00.347,0.95307,0.95337,1.00,1.00
2016.09.01 08:38:00.461,0.95307,0.95337,1.87,1.00
2016.09.01 08:38:01.609,0.95309,0.95334,1.12,1.00
2016.09.01 08:38:01.811,0.9531,0.95335,1.00,1.00
2016.09.01 08:38:01.963,0.9531,0.95335,1.12,1.00
2016.09.01 08:38:02.013,0.95312,0.95337,1.00,1.50
2016.09.01 08:38:02.265,0.95312,0.95337,1.00,1.00
2016.09.01 08:38:02.424,0.95311,0.95335,1.00,1.00
2016.09.01 08:38:03.592,0.95309,0.95336,1.00,1.00
2016.09.01 08:38:04.830,0.95308,0.95335,1.00,1.00
2016.09.01 08:38:04.881,0.95308,0.95335,1.12,1.00
2016.09.01 08:38:04.932,0.95311,0.95336,1.00,1.00
2016.09.01 08:38:05.185,0.95307,0.95334,1.00,1.00
2016.09.01 08:38:05.376,0.95303,0.95329,1.00,1.00
2016.09.01 08:38:05.427,0.95301,0.95328,1.00,1.00
2016.09.01 08:38:06.027,0.95303,0.95328,1.00,1.00
2016.09.01 08:38:06.517,0.95301,0.95326,1.00,1.00
2016.09.01 08:38:06.964,0.953,0.95325,1.37,1.00
2016.09.01 08:38:07.298,0.95302,0.95327,1.00,1.00
2016.09.01 08:38:07.400,0.95302,0.95327,1.12,1.00
2016.09.01 08:38:07.601,0.95302,0.95327,1.00,1.00
2016.09.01 08:38:08.498,0.95301,0.95326,1.00,1.00
2016.09.01 08:38:09.331,0.95301,0.95329,1.00,1.00
2016.09.01 08:38:10.119,0.953,0.95327,1.00,1.00
2016.09.01 08:38:10.422,0.953,0.95325,1.00,1.00
2016.09.01 08:38:10.728,0.953,0.95327,1.00,1.00
2016.09.01 08:38:11.293,0.95301,0.95328,1.00,1.00
2016.09.01 08:38:13.311,0.95301,0.95325,1.00,1.00
2016.09.01 08:38:14.413,0.95299,0.95325,1.00,1.00
2016.09.01 08:38:14.588,0.95299,0.95325,1.12,1.00
2016.09.01 08:38:14.639,0.95301,0.95325,1.00,1.00
2016.09.01 08:38:14.943,0.953,0.95323,1.00,1.00
2016.09.01 08:38:15.429,0.95298,0.95323,1.00,1.00
2016.09.01 08:38:15.641,0.95301,0.95326,1.00,1.00
2016.09.01 08:38:15.925,0.95301,0.95326,1.00,1.00
2016.09.01 08:38:16.030,0.95301,0.95326,1.00,1.00
2016.09.01 08:38:16.332,0.95299,0.95324,1.00,1.00
2016.09.01 08:38:17.122,0.95299,0.95324,1.12,1.00
2016.09.01 08:38:17.285,0.95299,0.95324,1.00,1.00
2016.09.01 08:38:18.695,0.95299,0.95324,1.12,1.00
2016.09.01 08:38:19.126,0.95299,0.95324,1.72,1.00
2016.09.01 08:38:19.228,0.95299,0.95324,1.97,1.00
2016.09.01 08:38:19.279,0.95304,0.95328,1.00,1.00
2016.09.01 08:38:19.806,0.95304,0.95328,1.37,1.00
2016.09.01 08:38:20.598,0.95304,0.95328,1.00,1.00
2016.09.01 08:38:21.918,0.95304,0.95328,1.00,1.50
2016.09.01 08:38:22.005,0.95304,0.95328,1.00,1.00
2016.09.01 08:38:22.201,0.95305,0.95332,1.00,1.00
2016.09.01 08:38:22.303,0.95308,0.95333,1.37,1.00
2016.09.01 08:38:22.353,0.9531,0.95332,1.00,1.00
2016.09.01 08:38:22.455,0.95308,0.95333,1.12,1.00
2016.09.01 08:38:22.505,0.95308,0.95333,1.00,1.00
2016.09.01 08:38:22.556,0.95307,0.95332,1.87,1.00
2016.09.01 08:38:22.606,0.95307,0.95332,1.50,1.00
2016.09.01 08:38:22.657,0.95307,0.95332,1.50,1.00
2016.09.01 08:38:22.708,0.95307,0.95332,1.00,1.00
2016.09.01 08:38:22.907,0.95307,0.95332,1.00,1.50
2016.09.01 08:38:23.238,0.95307,0.95332,1.00,1.00
2016.09.01 08:38:23.709,0.95307,0.95332,1.00,1.50
2016.09.01 08:38:25.349,0.95307,0.95332,1.00,1.00
2016.09.01 08:38:25.678,0.95311,0.95332,1.00,1.00
2016.09.01 08:38:25.728,0.95311,0.95337,1.00,1.00
2016.09.01 08:38:25.779,0.95307,0.95334,1.12,1.00
2016.09.01 08:38:25.829,0.95307,0.95334,1.00,1.00
2016.09.01 08:38:26.007,0.95308,0.95333,1.00,1.00
2016.09.01 08:38:26.133,0.95308,0.95335,1.00,1.37
2016.09.01 08:38:26.235,0.95308,0.95335,1.00,1.87
2016.09.01 08:38:26.285,0.95305,0.95332,1.00,1.00
2016.09.01 08:38:26.585,0.95307,0.95332,1.00,1.00
2016.09.01 08:38:26.686,0.95305,0.95332,1.00,1.00
2016.09.01 08:38:27.226,0.95304,0.95331,1.00,1.00
2016.09.01 08:38:27.986,0.95305,0.95331,1.00,1.00
2016.09.01 08:38:28.492,0.95306,0.95331,1.00,1.00
2016.09.01 08:38:31.809,0.95308,0.95333,1.00,1.12
2016.09.01 08:38:31.859,0.95308,0.95333,1.00,1.00
2016.09.01 08:38:32.211,0.95306,0.95333,1.00,1.00
2016.09.01 08:38:32.261,0.95306,0.95333,1.00,1.37
2016.09.01 08:38:33.378,0.95307,0.9533,1.00,1.00
2016.09.01 08:38:36.602,0.95306,0.9533,1.00,1.00
2016.09.01 08:38:36.703,0.95305,0.95328,1.00,1.00
2016.09.01 08:38:37.119,0.95301,0.95326,1.00,1.00
2016.09.01 08:38:37.332,0.95301,0.95326,1.00,1.00
2016.09.01 08:38:37.952,0.95301,0.95326,1.00,1.00
2016.09.01 08:38:38.287,0.95302,0.95329,1.00,1.00
2016.09.01 08:38:38.888,0.95302,0.95328,1.00,1.00
2016.09.01 08:38:40.032,0.95305,0.95329,1.00,1.00
2016.09.01 08:38:40.542,0.95305,0.9533,1.00,1.00
2016.09.01 08:38:41.117,0.95304,0.95329,1.00,1.00
2016.09.01 08:38:42.435,0.95302,0.95327,1.00,1.00
2016.09.01 08:38:43.436,0.95303,0.95328,1.00,1.00
2016.09.01 08:38:44.438,0.95302,0.95328,1.00,1.00
2016.09.01 08:38:44.818,0.95304,0.95328,1.00,1.00
2016.09.01 08:38:45.141,0.95306,0.9533,1.00,1.00
2016.09.01 08:38:46.141,0.95305,0.95334,1.97,1.00
2016.09.01 08:38:46.253,0.95312,0.95337,1.00,1.00
2016.09.01 08:38:46.413,0.95309,0.95334,1.12,1.00
2016.09.01 08:38:46.464,0.95309,0.95334,1.00,1.00
2016.09.01 08:38:46.514,0.95307,0.95332,1.12,1.00
2016.09.01 08:38:46.565,0.95307,0.95332,1.00,1.00
2016.09.01 08:38:46.717,0.95305,0.95332,1.37,1.00
2016.09.01 08:38:47.023,0.95308,0.95335,1.00,1.50
2016.09.01 08:38:47.074,0.95308,0.95335,1.37,1.00
2016.09.01 08:38:47.124,0.95311,0.95336,1.12,1.00
2016.09.01 08:38:47.226,0.95312,0.95338,1.00,1.00
2016.09.01 08:38:47.544,0.9531,0.95335,1.00,1.00
2016.09.01 08:38:48.554,0.95308,0.95335,1.12,1.00
2016.09.01 08:38:48.655,0.95308,0.95335,1.00,1.00
2016.09.01 08:38:49.174,0.95308,0.95335,1.12,1.00
2016.09.01 08:38:49.452,0.9531,0.95335,1.00,1.00
2016.09.01 08:38:49.553,0.95311,0.95337,1.00,1.00
2016.09.01 08:38:49.697,0.95311,0.95335,1.00,1.00
2016.09.01 08:38:49.749,0.95309,0.95335,1.12,1.00
2016.09.01 08:38:49.949,0.95309,0.95335,1.00,1.00
2016.09.01 08:38:51.335,0.9531,0.95335,1.00,1.00
2016.09.01 08:38:51.929,0.95312,0.95337,1.00,1.00
2016.09.01 08:38:51.979,0.95312,0.95337,1.00,1.00
2016.09.01 08:38:52.733,0.95313,0.95338,1.00,1.00
2016.09.01 08:38:53.235,0.95311,0.95336,1.00,1.00
2016.09.01 08:38:53.736,0.95308,0.95335,1.00,1.00
2016.09.01 08:38:53.838,0.95308,0.95333,1.00,1.00
2016.09.01 08:38:53.939,0.95305,0.95332,1.00,1.00
2016.09.01 08:38:54.489,0.95304,0.95331,1.00,1.00
2016.09.01 08:38:54.708,0.95304,0.95327,1.00,1.00
2016.09.01 08:38:55.084,0.95304,0.95327,1.12,1.00
2016.09.01 08:38:55.559,0.95304,0.95327,1.00,1.00
2016.09.01 08:38:55.910,0.95304,0.95328,1.00,1.50
2016.09.01 08:38:56.644,0.95306,0.95328,1.00,1.00
2016.09.01 08:38:56.845,0.95303,0.95328,1.72,1.50
2016.09.01 08:38:57.069,0.95303,0.95328,1.35,1.50
2016.09.01 08:38:57.794,0.95301,0.95328,1.60,1.50
2016.09.01 08:38:57.865,0.95301,0.95327,1.60,1.00
2016.09.01 08:38:57.966,0.95301,0.95328,1.60,1.00
2016.09.01 08:38:58.076,0.95303,0.95328,1.35,1.00
2016.09.01 08:38:59.046,0.95303,0.95328,1.72,1.00
2016.09.01 08:38:59.096,0.95303,0.95328,1.35,1.00
2016.09.01 08:38:59.554,0.95304,0.95327,1.00,1.00
2016.09.01 08:38:59.968,0.95304,0.95327,1.00,1.50
2016.09.01 08:39:00.071,0.95301,0.95327,1.12,1.00
2016.09.01 08:39:00.374,0.95302,0.95328,1.12,1.50
2016.09.01 08:39:00.669,0.95302,0.95328,1.12,1.00
2016.09.01 08:39:00.770,0.95302,0.95327,1.12,1.00
2016.09.01 08:39:00.903,0.95302,0.95325,1.00,1.00
2016.09.01 08:39:01.005,0.95298,0.95321,1.50,1.00
2016.09.01 08:39:01.107,0.95295,0.95321,1.00,1.00
2016.09.01 08:39:01.621,0.95296,0.95322,1.00,1.00
2016.09.01 08:39:01.672,0.95296,0.9532,1.00,1.00
2016.09.01 08:39:01.874,0.95288,0.95321,1.72,1.00
2016.09.01 08:39:01.925,0.95288,0.95321,1.00,1.00
2016.09.01 08:39:01.976,0.95288,0.95322,1.00,2.62
2016.09.01 08:39:02.078,0.95288,0.95321,1.00,1.00
2016.09.01 08:39:02.128,0.95288,0.95321,1.00,1.00
2016.09.01 08:39:02.284,0.95289,0.95322,1.00,1.50
2016.09.01 08:39:02.385,0.95289,0.95322,1.00,1.00
2016.09.01 08:39:02.663,0.95293,0.95318,1.00,1.00
2016.09.01 08:39:02.970,0.9529,0.95317,1.00,1.00
2016.09.01 08:39:03.717,0.95289,0.95314,1.00,1.00
2016.09.01 08:39:04.026,0.95286,0.9531,1.00,1.00
2016.09.01 08:39:04.578,0.95289,0.95314,1.00,1.00
2016.09.01 08:39:04.679,0.95291,0.95317,1.00,1.50
2016.09.01 08:39:04.780,0.95291,0.95316,1.00,1.00
2016.09.01 08:39:04.978,0.95291,0.95316,1.00,1.00
2016.09.01 08:39:06.380,0.95293,0.95316,1.00,1.00
2016.09.01 08:39:06.481,0.95291,0.95316,1.00,1.00
2016.09.01 08:39:06.683,0.9529,0.95313,1.00,1.00
2016.09.01 08:39:07.232,0.95291,0.95312,1.00,1.00
2016.09.01 08:39:07.599,0.95292,0.95315,1.00,1.00
2016.09.01 08:39:07.700,0.95292,0.95317,1.00,1.50
2016.09.01 08:39:07.801,0.95289,0.95316,1.00,1.00
2016.09.01 08:39:08.205,0.95288,0.95312,1.00,1.00
2016.09.01 08:39:08.361,0.95288,0.95315,1.00,1.00
2016.09.01 08:39:08.514,0.95286,0.95317,1.00,1.12
2016.09.01 08:39:08.626,0.95284,0.95315,1.00,1.50
2016.09.01 08:39:08.985,0.95282,0.95313,1.00,1.00
2016.09.01 08:39:09.036,0.95282,0.95313,1.00,1.00
2016.09.01 08:39:09.086,0.95285,0.95316,1.00,1.87
2016.09.01 08:39:09.261,0.95285,0.95316,1.00,1.50
2016.09.01 08:39:09.312,0.95287,0.95316,1.00,1.50
2016.09.01 08:39:10.104,0.95285,0.95315,1.00,1.00
2016.09.01 08:39:10.435,0.95287,0.95315,1.00,1.00
2016.09.01 08:39:10.536,0.95287,0.95315,1.00,1.37
2016.09.01 08:39:10.637,0.95291,0.95318,1.00,1.12
2016.09.01 08:39:10.738,0.95291,0.95318,1.00,1.00
2016.09.01 08:39:11.256,0.95291,0.95317,1.00,1.00
2016.09.01 08:39:11.307,0.95287,0.95317,1.00,1.12
2016.09.01 08:39:11.516,0.95287,0.95318,1.00,1.37
2016.09.01 08:39:12.095,0.95287,0.95317,1.00,1.12
2016.09.01 08:39:12.196,0.95287,0.95318,1.00,1.50
2016.09.01 08:39:13.096,0.95287,0.95317,1.12,1.00
2016.09.01 08:39:14.030,0.9529,0.95315,1.00,1.00
2016.09.01 08:39:14.586,0.95292,0.95315,1.00,1.00
2016.09.01 08:39:14.687,0.95288,0.95317,1.00,1.50
2016.09.01 08:39:14.738,0.95288,0.95317,1.12,1.00
2016.09.01 08:39:15.027,0.95288,0.95317,1.12,1.00
2016.09.01 08:39:15.128,0.95288,0.95315,1.00,1.00
2016.09.01 08:39:15.187,0.95286,0.95315,1.37,1.00
2016.09.01 08:39:15.307,0.95286,0.95315,1.12,1.00
2016.09.01 08:39:15.360,0.95286,0.95313,1.12,1.00
2016.09.01 08:39:15.788,0.95289,0.95313,1.00,1.00
2016.09.01 08:39:16.393,0.95291,0.95313,1.00,1.00
2016.09.01 08:39:16.443,0.95291,0.95316,1.00,1.37
2016.09.01 08:39:16.544,0.95291,0.95316,1.00,1.12
2016.09.01 08:39:17.358,0.95291,0.95316,1.00,1.12
2016.09.01 08:39:17.408,0.95291,0.95316,1.00,1.00
2016.09.01 08:39:18.104,0.95291,0.95316,1.00,1.12
2016.09.01 08:39:18.193,0.9529,0.95315,1.00,1.00
2016.09.01 08:39:18.244,0.9529,0.95315,1.00,1.37
2016.09.01 08:39:18.295,0.95288,0.95313,1.00,1.12
2016.09.01 08:39:18.345,0.95288,0.95313,1.00,1.00
2016.09.01 08:39:18.446,0.95289,0.95315,1.00,1.00
2016.09.01 08:39:18.798,0.95294,0.95319,1.00,1.00
2016.09.01 08:39:19.507,0.95294,0.95319,1.12,1.00
2016.09.01 08:39:19.601,0.95293,0.95318,1.37,1.00
2016.09.01 08:39:19.652,0.95293,0.95318,1.12,1.00
2016.09.01 08:39:19.702,0.95292,0.95317,1.37,1.00
2016.09.01 08:39:19.854,0.95292,0.95317,1.00,1.00
2016.09.01 08:39:20.106,0.9529,0.95315,1.12,1.00
2016.09.01 08:39:20.332,0.95291,0.95316,1.00,1.00
2016.09.01 08:39:20.404,0.95289,0.95316,1.37,1.00
2016.09.01 08:39:20.505,0.9529,0.95317,1.12,1.00
2016.09.01 08:39:20.933,0.9529,0.95315,1.12,1.00
2016.09.01 08:39:21.006,0.9529,0.95317,1.12,1.00
2016.09.01 08:39:21.106,0.95289,0.95316,1.37,1.00
2016.09.01 08:39:21.236,0.9529,0.95317,1.00,1.00
2016.09.01 08:39:21.809,0.9529,0.95315,1.00,1.00
2016.09.01 08:39:22.312,0.95289,0.95316,1.00,1.00
2016.09.01 08:39:22.842,0.9529,0.95317,1.00,1.00
2016.09.01 08:39:23.181,0.95293,0.95318,1.00,1.00
2016.09.01 08:39:23.514,0.95293,0.95318,1.37,1.00
2016.09.01 08:39:23.960,0.95292,0.95317,1.12,1.00
2016.09.01 08:39:24.662,0.95292,0.95317,1.37,1.00
2016.09.01 08:39:24.864,0.95292,0.95317,1.00,1.00
2016.09.01 08:39:25.118,0.95292,0.95317,1.12,1.00
2016.09.01 08:39:25.427,0.95293,0.95318,1.00,1.00
2016.09.01 08:39:26.071,0.95293,0.9532,1.00,1.00
2016.09.01 08:39:26.943,0.95293,0.95318,1.00,1.00
2016.09.01 08:39:27.585,0.95294,0.95319,1.00,1.00
2016.09.01 08:39:29.145,0.95292,0.95319,1.00,1.00
2016.09.01 08:39:29.693,0.95293,0.9532,1.00,1.00
2016.09.01 08:39:30.147,0.95297,0.95322,1.00,1.00
2016.09.01 08:39:30.198,0.95297,0.95322,1.00,1.00
2016.09.01 08:39:30.339,0.95299,0.95326,1.00,1.00
2016.09.01 08:39:30.390,0.95303,0.95327,1.00,1.00
2016.09.01 08:39:30.491,0.95304,0.95329,1.00,1.00
2016.09.01 08:39:30.542,0.95304,0.95329,1.00,1.37
2016.09.01 08:39:30.592,0.95296,0.95331,1.00,1.37
2016.09.01 08:39:30.693,0.95296,0.95331,1.00,1.37
2016.09.01 08:39:30.744,0.95295,0.95327,1.00,1.37
2016.09.01 08:39:30.794,0.9529,0.95325,1.60,1.37
2016.09.01 08:39:30.955,0.95291,0.95325,1.00,1.37
2016.09.01 08:39:31.107,0.9529,0.95325,1.00,1.37
2016.09.01 08:39:31.158,0.9529,0.95325,1.00,1.12
2016.09.01 08:39:31.451,0.9529,0.95325,1.00,1.00
2016.09.01 08:39:31.735,0.95291,0.95325,1.00,1.37
2016.09.01 08:39:32.154,0.95296,0.95321,1.00,1.00
2016.09.01 08:39:32.553,0.95298,0.95325,1.00,1.00
2016.09.01 08:39:32.604,0.95298,0.95325,1.00,1.00
2016.09.01 08:39:33.143,0.95299,0.95326,1.00,1.12
2016.09.01 08:39:33.194,0.95299,0.95324,1.00,1.00
2016.09.01 08:39:33.590,0.95297,0.95324,1.00,1.00
2016.09.01 08:39:33.983,0.95299,0.95325,1.00,1.00
2016.09.01 08:39:34.292,0.953,0.95328,1.00,1.12
2016.09.01 08:39:34.342,0.953,0.95328,1.00,1.00
2016.09.01 08:39:34.654,0.95302,0.95328,1.00,1.00
2016.09.01 08:39:34.942,0.95302,0.95327,1.00,1.12
2016.09.01 08:39:34.993,0.95298,0.95325,1.00,1.00
2016.09.01 08:39:35.317,0.95296,0.95323,1.00,1.00
2016.09.01 08:39:35.648,0.95298,0.95323,1.00,1.00
2016.09.01 08:39:35.977,0.953,0.95325,1.00,1.00
2016.09.01 08:39:36.265,0.95299,0.95327,1.00,1.12
2016.09.01 08:39:36.366,0.95299,0.95327,1.00,1.37
2016.09.01 08:39:36.495,0.95299,0.95323,1.00,1.00
2016.09.01 08:39:36.996,0.95298,0.95325,1.00,1.12
2016.09.01 08:39:37.094,0.95298,0.95323,1.00,1.00
2016.09.01 08:39:37.412,0.95296,0.95321,1.00,1.00
2016.09.01 08:39:37.747,0.95294,0.95319,1.00,1.00
2016.09.01 08:39:37.899,0.95294,0.95322,1.00,1.37
2016.09.01 08:39:38.250,0.95294,0.95322,1.00,1.00
2016.09.01 08:39:38.359,0.95294,0.95322,1.00,1.12
2016.09.01 08:39:38.460,0.95296,0.95322,1.00,1.00
2016.09.01 08:39:38.991,0.95295,0.95321,1.00,1.00
2016.09.01 08:39:40.275,0.95295,0.95321,1.00,1.12
2016.09.01 08:39:40.325,0.95295,0.95321,1.00,1.12
2016.09.01 08:39:40.376,0.95295,0.95321,1.00,1.50
2016.09.01 08:39:40.653,0.95295,0.95321,1.00,1.00
2016.09.01 08:39:42.362,0.95295,0.95321,1.00,1.37
2016.09.01 08:39:43.666,0.95295,0.95321,1.00,1.00
2016.09.01 08:39:43.950,0.95295,0.95321,1.00,1.12
2016.09.01 08:39:44.002,0.953,0.95326,1.00,1.00
2016.09.01 08:39:44.310,0.95302,0.95326,1.00,1.00
2016.09.01 08:39:45.184,0.953,0.95325,1.00,1.00
2016.09.01 08:39:45.912,0.95301,0.95326,1.00,1.00
2016.09.01 08:39:46.707,0.95299,0.95324,1.00,1.00
2016.09.01 08:39:48.316,0.95298,0.95323,1.00,1.00
2016.09.01 08:39:49.222,0.95297,0.95322,1.00,1.00
2016.09.01 08:39:49.303,0.95297,0.95322,1.12,1.00
2016.09.01 08:39:49.404,0.95297,0.95324,1.12,1.00
2016.09.01 08:39:49.506,0.95299,0.95324,1.12,1.00
2016.09.01 08:39:49.612,0.95299,0.95324,1.37,1.00
2016.09.01 08:39:49.713,0.953,0.95325,1.00,1.00
2016.09.01 08:39:49.814,0.953,0.95325,1.12,1.00
2016.09.01 08:39:50.115,0.95298,0.95325,1.37,1.00
2016.09.01 08:39:50.170,0.95298,0.95325,1.12,1.00
2016.09.01 08:39:50.370,0.95298,0.95325,1.37,1.00
2016.09.01 08:39:50.553,0.95298,0.95325,1.12,1.00
2016.09.01 08:39:50.603,0.95299,0.95326,1.00,1.00
2016.09.01 08:39:51.314,0.95302,0.95327,1.00,1.00
2016.09.01 08:39:54.728,0.95301,0.95326,1.00,1.00
2016.09.01 08:39:55.816,0.95302,0.95328,1.00,1.00
2016.09.01 08:39:56.049,0.953,0.95327,1.00,1.00
2016.09.01 08:39:58.248,0.953,0.95325,1.00,1.00
2016.09.01 08:39:58.937,0.95301,0.95326,1.00,1.00
2016.09.01 08:39:59.439,0.95302,0.95326,1.00,1.00
2016.09.01 08:39:59.717,0.953,0.95326,1.00,1.00
2016.09.01 08:39:59.988,0.953,0.95326,1.12,1.00
2016.09.01 08:40:00.253,0.95302,0.95326,1.00,1.00
2016.09.01 08:40:00.828,0.95297,0.95322,1.37,1.00
2016.09.01 08:40:00.929,0.95295,0.95321,1.12,1.00
2016.09.01 08:40:01.030,0.95293,0.95317,1.00,1.00
2016.09.01 08:40:05.457,0.95293,0.95318,1.00,1.00
2016.09.01 08:40:05.807,0.95293,0.95318,1.12,1.00
2016.09.01 08:40:05.858,0.95294,0.95318,1.00,1.00
2016.09.01 08:40:07.876,0.95294,0.9532,1.00,1.00
2016.09.01 08:40:08.452,0.95293,0.95319,1.00,1.00
2016.09.01 08:40:09.443,0.95295,0.95319,1.00,1.00
2016.09.01 08:40:10.569,0.95293,0.95318,1.00,1.00
2016.09.01 08:40:10.734,0.95291,0.95317,1.00,1.00
2016.09.01 08:40:10.785,0.9529,0.95314,1.00,1.00
2016.09.01 08:40:11.047,0.9529,0.95314,1.12,1.00
2016.09.01 08:40:11.098,0.95291,0.95316,1.00,1.00
2016.09.01 08:40:11.148,0.95291,0.95316,1.12,1.00
2016.09.01 08:40:11.199,0.95291,0.95317,1.12,1.50
2016.09.01 08:40:11.250,0.95291,0.95317,1.37,1.00
2016.09.01 08:40:11.300,0.95292,0.95316,1.12,1.00
2016.09.01 08:40:11.401,0.95291,0.95315,1.37,1.00
2016.09.01 08:40:11.511,0.95291,0.95315,1.00,1.00
2016.09.01 08:40:11.562,0.95291,0.95317,1.00,1.00
2016.09.01 08:40:11.663,0.9529,0.95316,1.12,1.00
2016.09.01 08:40:11.765,0.95289,0.95322,1.37,1.00
2016.09.01 08:40:11.866,0.95287,0.95321,1.37,1.00
2016.09.01 08:40:11.967,0.95287,0.95322,1.37,1.50
2016.09.01 08:40:12.019,0.95287,0.95321,1.37,1.00
2016.09.01 08:40:12.598,0.95291,0.95315,1.00,1.00
2016.09.01 08:40:13.972,0.95291,0.95317,1.00,1.00
2016.09.01 08:40:14.122,0.95291,0.95317,1.12,1.00
2016.09.01 08:40:14.761,0.95291,0.95315,1.12,1.00
2016.09.01 08:40:15.307,0.95288,0.95314,1.87,1.00
2016.09.01 08:40:15.358,0.95288,0.95314,1.37,1.00
2016.09.01 08:40:15.459,0.9529,0.95316,1.00,1.00
2016.09.01 08:40:15.656,0.9529,0.95314,1.37,1.00
2016.09.01 08:40:15.758,0.9529,0.95314,1.00,1.00
2016.09.01 08:40:15.809,0.95288,0.95312,1.37,1.00
2016.09.01 08:40:15.859,0.95288,0.95312,1.12,1.00
2016.09.01 08:40:16.670,0.95288,0.95314,1.12,1.00
2016.09.01 08:40:16.911,0.95293,0.95318,1.00,1.50
2016.09.01 08:40:16.962,0.95293,0.95318,1.00,1.00
2016.09.01 08:40:17.012,0.95292,0.95317,1.12,1.00
2016.09.01 08:40:17.063,0.95292,0.95317,1.00,1.00
2016.09.01 08:40:17.463,0.95292,0.95317,1.12,1.00
2016.09.01 08:40:18.073,0.95293,0.9532,1.00,1.00
2016.09.01 08:40:18.174,0.95293,0.95318,1.00,1.00
2016.09.01 08:40:19.917,0.95293,0.95321,1.00,1.00
2016.09.01 08:40:22.894,0.95295,0.95319,1.00,1.00
2016.09.01 08:40:27.101,0.95293,0.95319,1.00,1.00
2016.09.01 08:40:30.038,0.95295,0.95319,1.00,1.00
2016.09.01 08:40:30.340,0.95293,0.95317,1.00,1.00
2016.09.01 08:40:30.675,0.95291,0.95315,1.00,1.00
2016.09.01 08:40:35.017,0.95289,0.95315,1.00,1.00
2016.09.01 08:40:35.618,0.95288,0.95313,1.00,1.00
2016.09.01 08:40:36.553,0.95292,0.95317,1.00,1.00
2016.09.01 08:40:36.672,0.95292,0.95316,1.00,1.00
2016.09.01 08:40:37.007,0.95294,0.95318,1.00,1.00
2016.09.01 08:40:37.226,0.95291,0.95317,1.00,1.00
2016.09.01 08:40:37.492,0.95291,0.95317,1.00,1.00
2016.09.01 08:40:37.543,0.9529,0.95315,1.00,1.00
2016.09.01 08:40:38.119,0.95291,0.95315,1.00,1.00
2016.09.01 08:40:40.240,0.95293,0.95317,1.00,1.50
2016.09.01 08:40:40.290,0.95293,0.95317,1.00,1.00
2016.09.01 08:40:40.537,0.95293,0.95323,1.00,1.00
2016.09.01 08:40:40.588,0.95297,0.95323,1.00,1.00
2016.09.01 08:40:40.748,0.95298,0.95325,1.00,1.00
2016.09.01 08:40:41.361,0.95298,0.95322,1.00,1.00
2016.09.01 08:40:41.761,0.95296,0.9532,1.00,1.00
2016.09.01 08:40:42.261,0.95296,0.95321,1.00,1.00
2016.09.01 08:40:42.362,0.95294,0.95322,1.00,1.00
2016.09.01 08:40:42.564,0.95292,0.9532,1.00,1.00
2016.09.01 08:40:42.882,0.95294,0.9532,1.00,1.00
2016.09.01 08:40:43.414,0.95295,0.9532,1.00,1.00
2016.09.01 08:40:43.465,0.95294,0.95322,1.00,1.00
2016.09.01 08:40:43.663,0.95294,0.95322,1.00,1.50
2016.09.01 08:40:44.264,0.95294,0.95322,1.00,1.00
2016.09.01 08:40:44.430,0.95295,0.95319,1.00,1.00
2016.09.01 08:40:44.582,0.95294,0.95322,1.00,1.50
2016.09.01 08:40:45.065,0.95294,0.95322,1.00,1.00
2016.09.01 08:40:45.540,0.95292,0.95318,1.00,1.60
2016.09.01 08:40:45.591,0.95287,0.95313,1.00,1.00
2016.09.01 08:40:45.918,0.95287,0.95311,1.00,1.00
2016.09.01 08:40:46.372,0.95288,0.95314,1.00,1.60
2016.09.01 08:40:46.543,0.95288,0.95314,1.00,1.00
2016.09.01 08:40:47.269,0.95291,0.95315,1.00,1.00
2016.09.01 08:40:47.661,0.95289,0.95315,1.00,1.00
2016.09.01 08:40:48.314,0.9529,0.95316,1.00,1.00
2016.09.01 08:40:49.472,0.9529,0.9532,1.00,2.47
2016.09.01 08:40:49.523,0.9529,0.95318,1.00,1.12
2016.09.01 08:40:49.634,0.9529,0.95319,1.00,1.37
2016.09.01 08:40:49.684,0.95292,0.95317,1.00,1.00
2016.09.01 08:40:49.837,0.95292,0.95317,1.00,1.00
2016.09.01 08:40:49.938,0.95292,0.95317,1.00,1.00
2016.09.01 08:40:50.174,0.95292,0.95319,1.00,1.00
2016.09.01 08:40:50.225,0.95292,0.95319,1.00,1.12
2016.09.01 08:40:50.400,0.95291,0.95318,1.00,1.00
2016.09.01 08:40:50.679,0.95293,0.95318,1.00,1.00
2016.09.01 08:40:50.930,0.95292,0.95317,1.00,1.50
2016.09.01 08:40:51.079,0.9529,0.95317,1.00,1.00
2016.09.01 08:40:51.525,0.9529,0.95318,1.00,1.00
2016.09.01 08:40:52.940,0.9529,0.95318,1.00,1.50
2016.09.01 08:40:52.990,0.95292,0.95316,1.00,1.00
2016.09.01 08:40:53.389,0.95293,0.95319,1.00,1.00
2016.09.01 08:40:53.490,0.95295,0.9532,1.00,1.12
2016.09.01 08:40:53.540,0.95295,0.9532,1.00,1.00
2016.09.01 08:40:53.977,0.95289,0.95316,1.00,1.00
2016.09.01 08:40:54.027,0.95287,0.95315,1.00,1.00
2016.09.01 08:40:54.142,0.95287,0.95315,1.00,1.00
2016.09.01 08:40:54.493,0.95288,0.95313,1.00,1.00
2016.09.01 08:40:55.144,0.95286,0.95313,1.00,1.00
2016.09.01 08:40:55.196,0.95285,0.95311,1.00,1.00
2016.09.01 08:40:55.700,0.95284,0.9531,1.00,1.00
2016.09.01 08:40:56.900,0.95285,0.95313,1.00,1.00
2016.09.01 08:40:57.849,0.95293,0.95316,1.00,1.00
2016.09.01 08:40:57.953,0.95294,0.95318,1.00,1.00
2016.09.01 08:40:58.055,0.95292,0.95318,1.00,1.00
2016.09.01 08:40:58.106,0.95292,0.95318,1.50,1.00
2016.09.01 08:40:58.207,0.95292,0.95318,1.00,1.00
2016.09.01 08:40:58.715,0.95293,0.95319,1.00,1.00
2016.09.01 08:41:00.313,0.95292,0.95319,1.00,1.00
2016.09.01 08:41:00.859,0.95294,0.95319,1.00,1.00
2016.09.01 08:41:01.610,0.95295,0.95319,1.00,1.00
2016.09.01 08:41:02.122,0.95294,0.95318,1.00,1.00
2016.09.01 08:41:02.662,0.95293,0.95318,1.00,1.00
2016.09.01 08:41:04.961,0.95292,0.95317,1.00,1.00
2016.09.01 08:41:05.724,0.95291,0.95316,1.00,1.00
2016.09.01 08:41:06.763,0.95291,0.95316,1.12,1.00
2016.09.01 08:41:06.819,0.95291,0.95316,1.00,1.00
2016.09.01 08:41:07.425,0.95291,0.95316,1.12,1.00
2016.09.01 08:41:08.152,0.95291,0.95316,1.00,1.00
2016.09.01 08:41:08.672,0.95292,0.95317,1.00,1.00
2016.09.01 08:41:08.826,0.95292,0.95317,1.12,1.00
2016.09.01 08:41:08.983,0.95293,0.95318,1.00,1.00
2016.09.01 08:41:09.586,0.95294,0.95319,1.00,1.00
2016.09.01 08:41:10.689,0.95294,0.95318,1.00,1.00
2016.09.01 08:41:15.255,0.95294,0.95318,1.12,1.00
2016.09.01 08:41:15.305,0.95293,0.95318,1.37,1.00
2016.09.01 08:41:15.356,0.95293,0.95318,1.00,1.00
2016.09.01 08:41:15.406,0.95292,0.95317,1.12,1.00
2016.09.01 08:41:15.457,0.95292,0.95317,1.00,1.00
2016.09.01 08:41:17.289,0.95292,0.95319,1.00,1.00
2016.09.01 08:41:18.560,0.95292,0.95319,1.12,1.00
2016.09.01 08:41:18.641,0.95292,0.95319,1.00,1.00
2016.09.01 08:41:19.625,0.95292,0.95319,1.12,1.00
2016.09.01 08:41:19.943,0.95292,0.95319,1.00,1.00
2016.09.01 08:41:19.994,0.95294,0.95319,1.00,1.00
2016.09.01 08:41:20.286,0.95294,0.95319,1.12,1.00
2016.09.01 08:41:20.585,0.95295,0.9532,1.00,1.00
2016.09.01 08:41:22.490,0.95292,0.95319,1.12,1.00
2016.09.01 08:41:22.767,0.95292,0.95319,1.37,1.00
2016.09.01 08:41:23.268,0.95292,0.95319,1.12,1.00
2016.09.01 08:41:23.391,0.95292,0.95319,1.00,1.00
2016.09.01 08:41:27.357,0.95292,0.95319,1.00,1.12
2016.09.01 08:41:27.457,0.95292,0.95319,1.00,1.00
2016.09.01 08:41:27.507,0.95292,0.95319,1.00,1.00
2016.09.01 08:41:27.657,0.95292,0.95319,1.00,1.12
2016.09.01 08:41:27.708,0.95292,0.95319,1.00,1.12
2016.09.01 08:41:27.758,0.95292,0.95319,1.50,1.37
2016.09.01 08:41:28.011,0.95294,0.95319,1.00,1.37
2016.09.01 08:41:28.694,0.95295,0.9532,1.00,1.37
2016.09.01 08:41:29.125,0.95293,0.95318,1.00,1.00
2016.09.01 08:41:29.175,0.95293,0.95318,1.00,1.37
2016.09.01 08:41:29.894,0.95293,0.95318,1.00,1.12
2016.09.01 08:41:30.799,0.95293,0.95318,1.00,1.37
2016.09.01 08:41:32.437,0.95292,0.95317,1.50,1.37
2016.09.01 08:41:32.538,0.95292,0.95317,1.50,1.37
2016.09.01 08:41:33.301,0.95292,0.95317,1.50,1.00
2016.09.01 08:41:33.593,0.95292,0.95317,1.00,1.00
2016.09.01 08:41:33.908,0.95293,0.95318,1.00,1.12
2016.09.01 08:41:34.009,0.95294,0.9532,1.00,1.37
2016.09.01 08:41:34.211,0.95294,0.9532,1.00,1.00
2016.09.01 08:41:34.571,0.95293,0.95318,1.00,1.00
2016.09.01 08:41:34.972,0.95293,0.95318,1.00,1.37
2016.09.01 08:41:36.395,0.95293,0.95318,1.00,1.00
2016.09.01 08:41:36.754,0.95293,0.95318,1.00,1.00
2016.09.01 08:41:36.855,0.95294,0.95322,1.00,1.12
2016.09.01 08:41:37.047,0.95294,0.95319,1.00,1.00
2016.09.01 08:41:37.148,0.95294,0.95319,1.00,1.00
2016.09.01 08:41:38.565,0.95295,0.95321,1.00,1.12
2016.09.01 08:41:38.929,0.95296,0.95322,1.00,1.37
2016.09.01 08:41:39.081,0.95296,0.95322,1.00,1.00
2016.09.01 08:41:39.170,0.95298,0.95324,1.00,1.12
2016.09.01 08:41:39.221,0.95298,0.95324,1.00,1.00
2016.09.01 08:41:39.742,0.953,0.95324,1.00,1.00
2016.09.01 08:41:40.345,0.95299,0.95323,1.00,1.00
2016.09.01 08:41:40.564,0.95304,0.95329,1.00,1.12
2016.09.01 08:41:40.615,0.95304,0.95329,1.00,1.00
2016.09.01 08:41:40.767,0.95305,0.9533,1.00,1.00
2016.09.01 08:41:41.020,0.95306,0.9533,1.00,1.00
2016.09.01 08:41:41.070,0.95306,0.95331,1.50,1.00
2016.09.01 08:41:41.121,0.95306,0.95331,1.50,1.00
2016.09.01 08:41:41.309,0.95307,0.95331,1.00,1.00
2016.09.01 08:41:41.884,0.95306,0.95331,1.50,1.00
2016.09.01 08:41:42.084,0.95307,0.95331,1.00,1.00
2016.09.01 08:41:42.986,0.95306,0.95331,1.00,1.00
2016.09.01 08:41:43.165,0.95308,0.95334,1.00,1.37
2016.09.01 08:41:43.417,0.95308,0.95334,1.00,1.12
2016.09.01 08:41:43.619,0.95306,0.95334,1.50,1.37
2016.09.01 08:41:43.670,0.95306,0.95333,1.00,1.37
2016.09.01 08:41:43.772,0.95308,0.95332,1.00,1.12
2016.09.01 08:41:44.025,0.95308,0.95332,1.00,1.00
2016.09.01 08:41:44.075,0.95309,0.95333,1.00,1.12
2016.09.01 08:41:44.168,0.95309,0.95335,1.00,1.37
2016.09.01 08:41:44.801,0.9531,0.95334,1.00,1.37
2016.09.01 08:41:45.190,0.9531,0.95334,1.00,1.12
2016.09.01 08:41:45.930,0.95309,0.95334,1.00,1.12
2016.09.01 08:41:46.031,0.95308,0.95334,1.00,1.37
2016.09.01 08:41:46.183,0.95308,0.95332,1.00,1.12
2016.09.01 08:41:46.443,0.95309,0.95333,1.00,1.37
2016.09.01 08:41:46.794,0.95303,0.95328,1.50,1.37
2016.09.01 08:41:46.845,0.95303,0.95328,1.50,1.72
2016.09.01 08:41:46.895,0.95303,0.95328,1.00,1.72
2016.09.01 08:41:46.946,0.95301,0.95327,1.00,1.12
2016.09.01 08:41:46.996,0.95301,0.95327,1.50,1.37
2016.09.01 08:41:47.047,0.95301,0.95324,1.00,1.00
2016.09.01 08:41:47.097,0.95298,0.95324,1.00,1.00
2016.09.01 08:41:47.249,0.95296,0.95331,1.60,1.87
2016.09.01 08:41:47.299,0.95296,0.9533,1.72,1.12
2016.09.01 08:41:47.350,0.95296,0.9533,1.12,1.12
2016.09.01 08:41:47.401,0.95299,0.95327,1.00,2.47
2016.09.01 08:41:47.538,0.95296,0.95327,1.00,2.47
2016.09.01 08:41:47.640,0.95296,0.95327,1.00,1.72
2016.09.01 08:41:47.741,0.95296,0.95324,1.00,1.37
2016.09.01 08:41:48.156,0.95296,0.95327,1.00,1.72
2016.09.01 08:41:49.250,0.95295,0.95319,1.00,1.00
2016.09.01 08:41:50.191,0.95296,0.95322,1.00,1.00
2016.09.01 08:41:50.466,0.95298,0.95323,1.00,1.00
2016.09.01 08:41:50.893,0.953,0.95325,1.00,1.00
2016.09.01 08:41:51.475,0.953,0.95326,1.00,1.00
2016.09.01 08:41:51.576,0.95302,0.95329,1.00,1.12
2016.09.01 08:41:51.627,0.95302,0.95329,1.00,1.37
2016.09.01 08:41:51.678,0.953,0.95327,1.00,1.00
2016.09.01 08:41:52.020,0.95303,0.95329,1.00,1.00
2016.09.01 08:41:52.172,0.95303,0.95331,1.00,1.00
2016.09.01 08:41:52.501,0.95305,0.95331,1.00,1.00
2016.09.01 08:41:52.602,0.95306,0.95332,1.00,2.10
2016.09.01 08:41:52.827,0.95306,0.95332,1.00,1.35
2016.09.01 08:41:52.965,0.95303,0.95328,1.00,1.00
2016.09.01 08:41:53.473,0.95302,0.95327,1.00,1.00
2016.09.01 08:41:53.574,0.953,0.95327,1.00,1.00
2016.09.01 08:41:53.676,0.95303,0.95328,1.00,1.00
2016.09.01 08:41:54.172,0.95301,0.95328,1.00,1.00
2016.09.01 08:41:54.323,0.95302,0.95327,1.00,1.12
2016.09.01 08:41:54.445,0.95302,0.95327,1.00,2.47
2016.09.01 08:41:54.495,0.95292,0.95326,1.00,1.97
2016.09.01 08:41:54.546,0.95292,0.95326,1.00,1.37
2016.09.01 08:41:54.748,0.95291,0.95326,1.00,1.37
2016.09.01 08:41:55.054,0.95291,0.95326,1.00,1.37
2016.09.01 08:41:55.396,0.95291,0.95326,1.00,1.37
2016.09.01 08:41:55.497,0.95292,0.95326,1.00,1.37
2016.09.01 08:41:56.736,0.95291,0.95326,1.00,1.37
2016.09.01 08:41:56.903,0.95291,0.95326,1.00,1.37
2016.09.01 08:41:57.007,0.95297,0.95322,1.00,1.37
2016.09.01 08:41:57.516,0.95295,0.9532,1.00,1.00
2016.09.01 08:41:57.666,0.95295,0.95322,1.00,1.37
2016.09.01 08:41:57.720,0.95294,0.95319,1.00,1.00
2016.09.01 08:41:58.217,0.95294,0.95321,1.00,1.00
2016.09.01 08:41:58.613,0.95293,0.95318,1.00,1.00
2016.09.01 08:41:59.230,0.95291,0.95318,1.00,1.00
2016.09.01 08:41:59.818,0.95291,0.95318,1.00,1.37
2016.09.01 08:42:00.116,0.95293,0.95321,1.00,1.37
2016.09.01 08:42:00.996,0.95294,0.95322,1.00,1.37
2016.09.01 08:42:01.986,0.95294,0.95322,1.00,1.37
2016.09.01 08:42:02.473,0.95294,0.95322,1.00,1.37
2016.09.01 08:42:03.634,0.95295,0.95321,1.00,1.37
2016.09.01 08:42:03.705,0.95294,0.95319,1.00,1.37
2016.09.01 08:42:03.975,0.95294,0.95319,1.00,1.00
2016.09.01 08:42:04.026,0.95294,0.95319,1.00,1.12
2016.09.01 08:42:05.164,0.95294,0.95319,1.12,1.00
2016.09.01 08:42:06.169,0.95294,0.95319,1.00,1.00
2016.09.01 08:42:06.219,0.95291,0.95319,1.37,1.00
2016.09.01 08:42:06.371,0.95291,0.95319,1.12,1.00
2016.09.01 08:42:06.472,0.95291,0.95319,1.37,1.00
2016.09.01 08:42:07.534,0.95291,0.95319,1.12,1.00
2016.09.01 08:42:08.121,0.95292,0.95319,1.00,1.00
2016.09.01 08:42:08.335,0.95292,0.95319,1.37,1.00
2016.09.01 08:42:08.660,0.95294,0.95319,1.00,1.00
2016.09.01 08:42:08.936,0.95294,0.95319,1.12,1.00
2016.09.01 08:42:09.677,0.95295,0.95323,1.37,1.00
2016.09.01 08:42:10.079,0.95293,0.95321,1.12,1.00
2016.09.01 08:42:10.434,0.95293,0.95318,1.12,1.00
2016.09.01 08:42:10.640,0.95293,0.95318,1.00,1.00
2016.09.01 08:42:10.872,0.95297,0.95322,1.00,1.00
2016.09.01 08:42:10.922,0.95297,0.95322,1.00,1.00
2016.09.01 08:42:11.027,0.95297,0.95324,1.00,1.00
2016.09.01 08:42:11.078,0.95297,0.95324,1.00,1.12
2016.09.01 08:42:11.347,0.95298,0.95325,1.00,1.37
2016.09.01 08:42:11.448,0.95298,0.95325,1.00,1.12
2016.09.01 08:42:11.549,0.95299,0.95324,1.00,1.00
2016.09.01 08:42:12.082,0.95298,0.95323,1.00,1.00
2016.09.01 08:42:12.459,0.95295,0.95322,1.00,1.00
2016.09.01 08:42:12.786,0.95288,0.95313,1.60,1.00
2016.09.01 08:42:12.871,0.95287,0.95313,1.87,1.00
2016.09.01 08:42:12.921,0.95287,0.95313,1.87,1.00
2016.09.01 08:42:12.972,0.95287,0.95313,1.00,1.00
2016.09.01 08:42:13.603,0.95287,0.95313,1.00,1.00
2016.09.01 08:42:13.654,0.95287,0.95313,1.50,1.00
2016.09.01 08:42:13.754,0.95289,0.95315,1.00,1.00
2016.09.01 08:42:14.974,0.95294,0.95322,1.00,1.00
2016.09.01 08:42:15.025,0.95294,0.95322,1.00,1.00
2016.09.01 08:42:15.075,0.95295,0.95323,1.12,1.00
2016.09.01 08:42:15.227,0.95295,0.95323,1.12,1.00
2016.09.01 08:42:15.278,0.95298,0.95326,1.00,1.00
2016.09.01 08:42:15.520,0.95298,0.95326,1.00,1.00
2016.09.01 08:42:15.571,0.95299,0.95326,1.00,1.00
2016.09.01 08:42:15.749,0.953,0.95327,1.00,1.12
2016.09.01 08:42:15.849,0.95299,0.95325,1.50,1.00
2016.09.01 08:42:16.955,0.95299,0.95325,1.00,1.00
2016.09.01 08:42:17.980,0.95298,0.95324,1.00,1.00
2016.09.01 08:42:18.630,0.95298,0.95324,1.00,1.00
2016.09.01 08:42:18.866,0.95298,0.95324,1.50,1.00
2016.09.01 08:42:19.295,0.95299,0.95324,1.00,1.00
2016.09.01 08:42:19.345,0.95301,0.95326,1.00,1.00
2016.09.01 08:42:19.497,0.95301,0.95328,1.00,1.00
2016.09.01 08:42:19.867,0.95301,0.95325,1.00,1.00
2016.09.01 08:42:20.005,0.95299,0.95324,1.00,1.00
2016.09.01 08:42:21.071,0.95299,0.95324,1.00,1.37
2016.09.01 08:42:21.297,0.95299,0.95324,1.00,1.00
2016.09.01 08:42:22.098,0.953,0.95327,1.00,1.00
2016.09.01 08:42:22.200,0.953,0.95327,1.50,1.00
2016.09.01 08:42:22.252,0.953,0.95327,1.50,1.00
2016.09.01 08:42:22.369,0.95303,0.95328,1.00,1.50
2016.09.01 08:42:22.736,0.95303,0.95328,1.00,1.00
2016.09.01 08:42:23.231,0.95301,0.95329,1.00,1.12
2016.09.01 08:42:23.468,0.95301,0.95329,1.00,1.00
2016.09.01 08:42:23.689,0.953,0.95325,1.00,1.00
2016.09.01 08:42:23.791,0.953,0.95325,1.50,1.00
2016.09.01 08:42:24.178,0.95301,0.95327,1.00,1.00
2016.09.01 08:42:25.638,0.95306,0.95333,1.00,1.37
2016.09.01 08:42:25.689,0.95309,0.95333,1.00,1.00
2016.09.01 08:42:25.993,0.95307,0.95331,1.00,1.00
2016.09.01 08:42:26.094,0.95307,0.95333,1.00,1.00
2016.09.01 08:42:27.120,0.95307,0.95333,1.00,1.60
2016.09.01 08:42:27.272,0.95305,0.95332,1.00,1.72
2016.09.01 08:42:27.328,0.953,0.95326,1.00,1.00
2016.09.01 08:42:27.379,0.95299,0.95324,1.00,1.00
2016.09.01 08:42:27.580,0.95297,0.95326,1.00,1.12
2016.09.01 08:42:27.686,0.95297,0.95326,1.00,1.00
2016.09.01 08:42:27.737,0.95297,0.95326,1.00,1.00
2016.09.01 08:42:27.788,0.95299,0.95328,1.00,1.37
2016.09.01 08:42:27.889,0.95297,0.95328,1.00,1.37
2016.09.01 08:42:28.034,0.95297,0.95328,1.00,1.37
2016.09.01 08:42:28.327,0.95299,0.95326,1.00,1.00
2016.09.01 08:42:30.000,0.95299,0.95325,1.00,1.00
2016.09.01 08:42:30.214,0.95299,0.95325,1.00,1.37
2016.09.01 08:42:30.536,0.95301,0.95326,1.00,1.37
2016.09.01 08:42:31.301,0.95301,0.95327,1.00,1.37
2016.09.01 08:42:31.607,0.95299,0.95324,1.00,1.37
2016.09.01 08:42:33.606,0.953,0.95327,1.00,1.37
2016.09.01 08:42:35.742,0.95299,0.95326,1.00,1.37
2016.09.01 08:42:36.631,0.95302,0.95326,1.00,1.37
2016.09.01 08:42:37.042,0.95299,0.95326,1.00,1.37
2016.09.01 08:42:37.522,0.95298,0.95325,1.50,1.37
2016.09.01 08:42:37.623,0.95298,0.95324,1.00,1.37
2016.09.01 08:42:37.704,0.95297,0.95324,1.00,1.12
2016.09.01 08:42:37.805,0.95297,0.95324,1.00,1.37
2016.09.01 08:42:40.948,0.95297,0.95322,1.00,1.00
2016.09.01 08:42:42.213,0.95297,0.95322,1.00,1.37
2016.09.01 08:42:42.600,0.95297,0.95322,1.00,1.00
2016.09.01 08:42:42.813,0.95297,0.95324,1.00,1.12
2016.09.01 08:42:43.142,0.95299,0.95323,1.00,1.00
2016.09.01 08:42:43.683,0.95299,0.95324,1.00,1.00
2016.09.01 08:42:43.936,0.95299,0.95325,1.00,1.12
2016.09.01 08:42:44.213,0.95299,0.95325,1.00,1.00
2016.09.01 08:42:44.317,0.95299,0.95325,1.00,1.37
2016.09.01 08:42:44.533,0.953,0.95325,1.00,1.00
2016.09.01 08:42:44.634,0.953,0.95325,1.00,1.37
2016.09.01 08:42:45.016,0.953,0.95324,1.00,1.12
2016.09.01 08:42:47.639,0.953,0.95324,1.00,1.00
2016.09.01 08:42:47.740,0.95302,0.95327,1.00,1.00
2016.09.01 08:42:47.841,0.953,0.95327,1.00,1.00
2016.09.01 08:42:48.460,0.95301,0.95328,1.00,1.12
2016.09.01 08:42:48.610,0.95301,0.95328,1.00,1.00
2016.09.01 08:42:49.527,0.95301,0.95326,1.00,1.00
2016.09.01 08:42:50.852,0.95301,0.95326,1.00,1.12
2016.09.01 08:42:51.547,0.95301,0.95326,1.00,1.00
2016.09.01 08:42:53.668,0.953,0.95325,1.00,1.00
2016.09.01 08:42:53.769,0.95298,0.95324,1.00,1.00
2016.09.01 08:42:54.023,0.95298,0.95324,1.00,1.00
2016.09.01 08:42:54.351,0.953,0.95325,1.00,1.00
2016.09.01 08:42:54.687,0.95302,0.95326,1.00,1.00
2016.09.01 08:42:54.829,0.95302,0.95326,1.00,1.12
2016.09.01 08:42:55.053,0.95298,0.95324,1.35,1.00
2016.09.01 08:42:55.254,0.95299,0.95325,1.00,1.00
2016.09.01 08:42:55.405,0.95299,0.95325,1.00,1.00
2016.09.01 08:42:55.506,0.953,0.95325,1.00,1.00
2016.09.01 08:42:55.557,0.953,0.95327,1.00,1.00
2016.09.01 08:42:55.659,0.95302,0.95328,1.00,1.00
2016.09.01 08:42:57.098,0.95302,0.95326,1.00,1.00
2016.09.01 08:42:57.469,0.95303,0.95329,1.00,1.12
2016.09.01 08:42:57.570,0.953,0.95329,1.50,1.37
2016.09.01 08:42:57.671,0.953,0.95329,1.00,1.37
2016.09.01 08:42:57.874,0.95307,0.95332,1.00,1.87
2016.09.01 08:42:57.924,0.95307,0.95332,1.00,1.37
2016.09.01 08:42:58.105,0.95307,0.95331,1.00,1.00
2016.09.01 08:42:58.156,0.95309,0.95335,1.00,1.00
2016.09.01 08:42:58.257,0.95309,0.95333,1.00,1.00
2016.09.01 08:42:59.336,0.95309,0.95333,1.00,1.12
2016.09.01 08:43:00.558,0.95309,0.95335,1.00,1.37
2016.09.01 08:43:01.270,0.9531,0.95335,1.00,1.37
2016.09.01 08:43:01.798,0.95307,0.95333,1.00,1.37
2016.09.01 08:43:01.899,0.95307,0.95331,1.00,1.00
2016.09.01 08:43:02.051,0.95307,0.95331,1.00,1.12
2016.09.01 08:43:02.102,0.95306,0.9533,1.00,1.00
2016.09.01 08:43:02.152,0.95306,0.9533,1.00,1.12
2016.09.01 08:43:02.203,0.95307,0.95332,1.00,1.37
2016.09.01 08:43:02.791,0.95305,0.9533,1.00,1.37
2016.09.01 08:43:02.954,0.95305,0.9533,1.00,1.12
2016.09.01 08:43:03.055,0.95306,0.9533,1.00,1.37
2016.09.01 08:43:03.105,0.95304,0.9533,1.00,1.37
2016.09.01 08:43:03.242,0.95304,0.9533,1.00,1.00
2016.09.01 08:43:03.292,0.95302,0.95328,1.35,1.00
2016.09.01 08:43:03.393,0.953,0.95324,1.60,1.00
2016.09.01 08:43:03.545,0.953,0.95324,1.00,1.00
2016.09.01 08:43:04.052,0.95301,0.95325,1.00,1.00
2016.09.01 08:43:04.103,0.95298,0.95322,1.00,1.00
2016.09.01 08:43:04.175,0.95296,0.95322,1.00,1.00
2016.09.01 08:43:04.590,0.95299,0.95323,1.00,1.00
2016.09.01 08:43:04.691,0.953,0.95327,1.00,1.12
2016.09.01 08:43:04.742,0.953,0.95327,1.00,1.50
2016.09.01 08:43:04.792,0.95302,0.95327,1.00,1.00
2016.09.01 08:43:04.843,0.95302,0.95329,1.00,1.00
2016.09.01 08:43:05.597,0.95303,0.95331,1.00,1.00
2016.09.01 08:43:07.445,0.95303,0.95331,1.00,1.12
2016.09.01 08:43:07.875,0.95301,0.95327,1.00,1.00
2016.09.01 08:43:11.040,0.95301,0.95327,1.00,1.00
2016.09.01 08:43:11.976,0.95301,0.95327,1.00,1.00
2016.09.01 08:43:12.027,0.953,0.95326,1.00,1.00
2016.09.01 08:43:12.077,0.953,0.95326,1.00,1.00
2016.09.01 08:43:12.128,0.953,0.95324,1.00,1.00
2016.09.01 08:43:12.330,0.95302,0.95327,1.00,1.12
2016.09.01 08:43:12.481,0.95302,0.95327,1.00,1.37
2016.09.01 08:43:12.582,0.95302,0.95327,1.00,1.12
2016.09.01 08:43:12.671,0.95306,0.95331,1.00,1.12
2016.09.01 08:43:12.722,0.95308,0.95332,1.00,1.37
2016.09.01 08:43:12.773,0.95308,0.95332,1.00,1.00
2016.09.01 08:43:12.824,0.95309,0.95333,1.00,1.50
2016.09.01 08:43:12.875,0.95309,0.95333,1.00,1.00
2016.09.01 08:43:13.178,0.95311,0.95334,1.00,1.00
2016.09.01 08:43:13.412,0.95307,0.95333,1.50,1.00
2016.09.01 08:43:13.463,0.95307,0.95333,1.50,1.00
2016.09.01 08:43:13.564,0.95307,0.95331,1.00,1.00
2016.09.01 08:43:13.716,0.95308,0.95334,1.00,1.00
2016.09.01 08:43:14.737,0.95309,0.95335,1.00,1.00
2016.09.01 08:43:15.121,0.95309,0.95333,1.00,1.00
2016.09.01 08:43:15.222,0.95307,0.95335,1.00,1.00
2016.09.01 08:43:15.323,0.95309,0.95335,1.00,1.00
2016.09.01 08:43:15.764,0.95309,0.95335,1.00,1.12
2016.09.01 08:43:15.815,0.95311,0.95336,1.00,1.37
2016.09.01 08:43:15.866,0.95311,0.95336,1.00,1.00
2016.09.01 08:43:16.348,0.95313,0.95338,1.00,1.00
2016.09.01 08:43:16.720,0.95311,0.95336,1.00,1.00
2016.09.01 08:43:17.923,0.9531,0.95335,1.00,1.00
2016.09.01 08:43:18.315,0.9531,0.95337,1.00,1.12
2016.09.01 08:43:18.366,0.9531,0.95337,1.00,1.00
2016.09.01 08:43:18.565,0.9531,0.95336,1.00,1.12
2016.09.01 08:43:18.794,0.9531,0.95336,1.00,1.00
2016.09.01 08:43:19.134,0.95308,0.95334,1.00,1.12
2016.09.01 08:43:19.184,0.95308,0.95334,1.00,1.37
2016.09.01 08:43:19.718,0.95307,0.95334,1.00,1.37
2016.09.01 08:43:21.413,0.95307,0.95333,1.00,1.37
2016.09.01 08:43:21.615,0.95307,0.95333,1.00,1.00
2016.09.01 08:43:21.802,0.95312,0.95338,1.00,1.12
2016.09.01 08:43:21.903,0.9531,0.95336,1.00,1.00
2016.09.01 08:43:22.004,0.95308,0.95337,1.00,1.00
2016.09.01 08:43:22.105,0.95307,0.95337,1.00,1.37
2016.09.01 08:43:22.206,0.95308,0.95335,1.00,1.00
2016.09.01 08:43:22.446,0.95312,0.95339,1.00,1.12
2016.09.01 08:43:22.496,0.95312,0.95339,1.00,1.00
2016.09.01 08:43:22.648,0.95309,0.95342,1.60,1.87
2016.09.01 08:43:22.698,0.95307,0.95339,2.47,1.00
2016.09.01 08:43:22.799,0.95307,0.95339,2.10,1.12
2016.09.01 08:43:22.875,0.95307,0.95339,2.47,1.00
2016.09.01 08:43:23.208,0.95311,0.95336,1.00,1.00
2016.09.01 08:43:23.727,0.9531,0.95335,1.35,1.00
2016.09.01 08:43:24.527,0.95309,0.95335,1.60,1.00
2016.09.01 08:43:26.231,0.9531,0.95336,1.35,1.00
2016.09.01 08:43:26.460,0.95311,0.95338,1.00,1.00
2016.09.01 08:43:26.833,0.9531,0.95335,1.35,1.00
2016.09.01 08:43:26.883,0.9531,0.95335,1.00,1.00
2016.09.01 08:43:26.934,0.95306,0.95333,1.00,1.00
2016.09.01 08:43:27.035,0.95306,0.95331,1.00,1.00
2016.09.01 08:43:27.158,0.95309,0.95335,1.00,1.00
2016.09.01 08:43:27.228,0.95307,0.95335,1.00,1.00
2016.09.01 08:43:27.584,0.95307,0.95335,1.00,1.12
2016.09.01 08:43:27.785,0.95307,0.95335,1.00,1.37
2016.09.01 08:43:27.959,0.95304,0.95337,1.00,1.37
2016.09.01 08:43:28.010,0.95303,0.95337,1.00,1.37
2016.09.01 08:43:28.314,0.95306,0.95333,1.00,1.00
2016.09.01 08:43:29.318,0.95307,0.95334,1.00,1.00
2016.09.01 08:43:32.248,0.95303,0.95331,1.00,1.00
2016.09.01 08:43:32.299,0.95302,0.95331,1.00,1.12
2016.09.01 08:43:32.350,0.95309,0.95335,1.60,1.87
2016.09.01 08:43:32.433,0.9531,0.95335,1.35,1.37
2016.09.01 08:43:32.534,0.95312,0.95336,1.00,1.00
2016.09.01 08:43:32.595,0.95312,0.95339,1.00,1.00
2016.09.01 08:43:33.147,0.95312,0.95337,1.00,1.00
2016.09.01 08:43:33.248,0.95312,0.95339,1.00,1.00
2016.09.01 08:43:33.425,0.95311,0.95336,1.00,1.00
2016.09.01 08:43:34.673,0.9531,0.95335,1.35,1.00
2016.09.01 08:43:34.950,0.95309,0.95334,1.60,1.00
2016.09.01 08:43:35.428,0.95311,0.95336,1.00,1.00
2016.09.01 08:43:35.570,0.95312,0.95338,1.00,1.00
2016.09.01 08:43:37.204,0.95312,0.95338,1.37,1.00
2016.09.01 08:43:37.255,0.95323,0.95344,1.60,1.00
2016.09.01 08:43:37.306,0.95323,0.95348,1.60,1.00
2016.09.01 08:43:37.356,0.95322,0.95351,2.85,1.50
2016.09.01 08:43:37.407,0.95322,0.95351,3.60,1.00
2016.09.01 08:43:37.512,0.95322,0.95354,3.60,1.37
2016.09.01 08:43:37.664,0.95322,0.95352,3.60,1.37
2016.09.01 08:43:37.714,0.95322,0.95352,2.85,1.37
2016.09.01 08:43:37.765,0.95324,0.95353,1.60,1.37
2016.09.01 08:43:37.866,0.95324,0.95353,1.60,1.37
2016.09.01 08:43:38.569,0.95325,0.95352,1.35,1.37
2016.09.01 08:43:38.632,0.95327,0.95352,1.00,1.37
2016.09.01 08:43:40.058,0.95325,0.95352,1.35,1.37
2016.09.01 08:43:40.225,0.95325,0.95352,2.10,1.37
2016.09.01 08:43:40.555,0.95325,0.95352,1.35,1.37
2016.09.01 08:43:41.311,0.95325,0.95352,2.10,1.37
2016.09.01 08:43:41.361,0.95327,0.95351,1.00,1.37
2016.09.01 08:43:42.913,0.95327,0.95351,1.00,1.12
2016.09.01 08:43:43.542,0.95327,0.95351,1.00,1.37
2016.09.01 08:43:44.561,0.95327,0.95351,1.00,1.00
2016.09.01 08:43:44.768,0.95327,0.95352,1.00,1.12
2016.09.01 08:43:44.869,0.95327,0.95354,1.00,1.37
2016.09.01 08:43:45.646,0.95329,0.95354,1.00,1.37
2016.09.01 08:43:52.129,0.95329,0.95354,1.00,1.00
2016.09.01 08:43:53.131,0.95329,0.95354,1.00,1.12
2016.09.01 08:43:53.281,0.95329,0.95355,1.00,1.37
2016.09.01 08:43:54.378,0.95335,0.9536,1.00,1.37
2016.09.01 08:43:54.433,0.95335,0.9536,1.00,1.87
2016.09.01 08:43:54.484,0.95338,0.9536,1.00,1.12
2016.09.01 08:43:54.534,0.95338,0.95364,1.00,1.00
2016.09.01 08:43:54.585,0.9534,0.95365,1.00,1.12
2016.09.01 08:43:54.635,0.9534,0.95365,1.00,1.37
2016.09.01 08:43:55.228,0.9534,0.95366,1.00,1.37
2016.09.01 08:43:55.435,0.9534,0.95366,1.00,1.00
2016.09.01 08:43:56.559,0.9534,0.95366,1.00,1.00
2016.09.01 08:43:56.609,0.95341,0.95368,1.00,1.12
2016.09.01 08:43:56.764,0.95343,0.95368,1.00,1.00
2016.09.01 08:43:58.112,0.95345,0.9537,1.00,1.00
2016.09.01 08:43:58.278,0.95345,0.9537,1.00,1.37
2016.09.01 08:43:58.485,0.9534,0.95366,1.00,1.00
2016.09.01 08:43:58.586,0.95341,0.95368,1.00,1.00
2016.09.01 08:43:58.687,0.95344,0.95369,1.00,1.12
2016.09.01 08:43:58.788,0.95349,0.95373,1.00,1.87
2016.09.01 08:43:58.890,0.95352,0.95379,1.00,1.12
2016.09.01 08:43:58.991,0.95351,0.95375,1.00,1.00
2016.09.01 08:43:59.167,0.95351,0.95375,1.00,1.12
2016.09.01 08:43:59.279,0.95349,0.95373,1.50,1.00
2016.09.01 08:43:59.329,0.95349,0.95373,1.50,1.00
2016.09.01 08:43:59.380,0.95349,0.95374,1.00,1.00
2016.09.01 08:43:59.482,0.95346,0.95373,1.50,1.37
2016.09.01 08:43:59.664,0.95347,0.95371,1.00,1.00
2016.09.01 08:44:00.217,0.95346,0.95372,1.00,1.00
2016.09.01 08:44:00.318,0.95347,0.95374,1.00,1.12
2016.09.01 08:44:00.506,0.95351,0.95375,1.00,1.00
2016.09.01 08:44:01.747,0.95351,0.95375,1.00,1.12
2016.09.01 08:44:01.798,0.95347,0.95371,1.00,1.00
2016.09.01 08:44:02.000,0.95349,0.95373,1.00,1.00
2016.09.01 08:44:02.536,0.95348,0.95372,1.00,1.00
2016.09.01 08:44:02.586,0.95345,0.95371,1.00,1.00
2016.09.01 08:44:02.687,0.95345,0.95368,1.00,1.00
2016.09.01 08:44:02.788,0.95344,0.95368,1.35,1.00
2016.09.01 08:44:02.940,0.95344,0.95368,1.35,1.00
2016.09.01 08:44:02.990,0.95347,0.95372,1.00,1.00
2016.09.01 08:44:03.212,0.95346,0.95374,1.35,1.00
2016.09.01 08:44:03.313,0.95347,0.95374,1.00,1.00
2016.09.01 08:44:03.787,0.95347,0.95372,1.00,1.00
2016.09.01 08:44:05.027,0.95349,0.95373,1.00,1.00
2016.09.01 08:44:05.654,0.95348,0.95373,1.00,1.00
2016.09.01 08:44:06.381,0.95348,0.95373,1.00,1.37
2016.09.01 08:44:06.432,0.95346,0.95371,1.00,1.12
2016.09.01 08:44:06.640,0.95346,0.95371,1.00,1.00
2016.09.01 08:44:07.180,0.95345,0.95372,1.00,1.00
2016.09.01 08:44:08.388,0.95346,0.9537,1.00,1.00
2016.09.01 08:44:08.906,0.95347,0.95371,1.00,1.00
2016.09.01 08:44:09.209,0.95345,0.95369,1.00,1.00
2016.09.01 08:44:10.451,0.95347,0.9537,1.00,1.00
2016.09.01 08:44:11.493,0.95347,0.95372,1.00,1.00
2016.09.01 08:44:14.182,0.95347,0.95372,1.00,1.12
2016.09.01 08:44:14.283,0.95347,0.95372,1.00,1.00
2016.09.01 08:44:14.478,0.95347,0.95372,1.00,1.37
2016.09.01 08:44:15.020,0.95348,0.95372,1.00,1.37
2016.09.01 08:44:15.121,0.9535,0.95374,1.00,1.37
2016.09.01 08:44:15.447,0.95349,0.95372,1.00,1.37
2016.09.01 08:44:15.629,0.95343,0.95365,1.00,1.00
2016.09.01 08:44:15.680,0.9534,0.95365,1.35,1.37
2016.09.01 08:44:15.831,0.95338,0.95364,1.00,1.12
2016.09.01 08:44:16.033,0.95337,0.95363,1.00,1.00
2016.09.01 08:44:16.380,0.95337,0.9536,1.00,1.00
2016.09.01 08:44:16.431,0.95338,0.95362,1.00,1.00
2016.09.01 08:44:17.304,0.95337,0.95361,1.00,1.00
2016.09.01 08:44:19.383,0.95337,0.95361,1.00,1.37
2016.09.01 08:44:19.880,0.95337,0.95361,1.00,1.00
2016.09.01 08:44:20.431,0.95336,0.9536,1.00,1.00
2016.09.01 08:44:20.837,0.95341,0.95365,1.00,1.37
2016.09.01 08:44:20.888,0.95341,0.95365,1.00,1.00
2016.09.01 08:44:20.939,0.95343,0.95367,1.00,1.37
2016.09.01 08:44:21.040,0.95341,0.95366,1.00,1.37
2016.09.01 08:44:21.141,0.95342,0.95369,1.00,1.37
2016.09.01 08:44:21.312,0.95342,0.95367,1.00,1.37
2016.09.01 08:44:21.959,0.95342,0.95365,1.00,1.12
2016.09.01 08:44:22.009,0.95342,0.95365,1.00,1.00
2016.09.01 08:44:22.060,0.9534,0.95364,1.00,1.00
2016.09.01 08:44:22.262,0.95341,0.95366,1.00,1.37
2016.09.01 08:44:22.313,0.95337,0.95363,1.00,1.12
2016.09.01 08:44:23.015,0.95337,0.95363,1.00,1.37
2016.09.01 08:44:23.285,0.95337,0.95363,1.00,1.00
2016.09.01 08:44:23.727,0.95337,0.95363,1.00,1.12
2016.09.01 08:44:24.128,0.95337,0.95363,1.00,1.00
2016.09.01 08:44:24.187,0.95337,0.95363,1.00,1.37
2016.09.01 08:44:24.288,0.95337,0.95363,1.00,1.00
2016.09.01 08:44:24.387,0.95337,0.95363,1.00,1.12
2016.09.01 08:44:24.565,0.95339,0.95363,1.00,1.12
2016.09.01 08:44:24.618,0.95339,0.95365,1.00,1.37
2016.09.01 08:44:25.163,0.95338,0.95364,1.00,1.37
2016.09.01 08:44:25.517,0.9534,0.95364,1.00,1.37
2016.09.01 08:44:25.719,0.9534,0.95367,1.00,1.37
2016.09.01 08:44:26.117,0.9534,0.95367,1.00,1.37
2016.09.01 08:44:26.201,0.95339,0.95366,1.00,1.37
2016.09.01 08:44:26.252,0.9534,0.95367,1.00,1.37
2016.09.01 08:44:26.403,0.9534,0.95367,1.00,1.37
2016.09.01 08:44:26.556,0.95342,0.95367,1.00,1.37
2016.09.01 08:44:26.726,0.95342,0.95367,1.00,1.12
2016.09.01 08:44:26.936,0.95342,0.95367,1.00,1.37
2016.09.01 08:44:27.427,0.95337,0.95365,1.00,1.37
2016.09.01 08:44:27.528,0.95337,0.95365,1.00,1.12
2016.09.01 08:44:27.639,0.95338,0.95363,1.00,1.37
2016.09.01 08:44:27.854,0.95337,0.95362,1.00,1.12
2016.09.01 08:44:27.905,0.95337,0.95362,1.00,1.37
2016.09.01 08:44:28.523,0.95338,0.95364,1.00,1.37
2016.09.01 08:44:28.624,0.95336,0.95364,1.00,1.12
2016.09.01 08:44:28.799,0.95336,0.95364,1.00,1.37
2016.09.01 08:44:29.046,0.95336,0.95363,1.00,1.37
2016.09.01 08:44:29.097,0.95336,0.95363,1.00,1.00
2016.09.01 08:44:29.661,0.95338,0.95363,1.00,1.00
2016.09.01 08:44:29.863,0.95338,0.95364,1.00,1.12
2016.09.01 08:44:29.914,0.95338,0.95364,1.00,1.00
2016.09.01 08:44:29.965,0.95335,0.95362,1.00,1.00
2016.09.01 08:44:30.066,0.95334,0.95361,1.00,1.00
2016.09.01 08:44:30.117,0.95333,0.95361,1.00,1.37
2016.09.01 08:44:30.354,0.95335,0.95362,1.00,1.37
2016.09.01 08:44:30.934,0.95334,0.95362,1.00,1.37
2016.09.01 08:44:31.027,0.95334,0.95362,1.00,1.87
2016.09.01 08:44:32.202,0.95334,0.95362,1.00,1.50
2016.09.01 08:44:33.724,0.95334,0.95362,1.00,1.87
2016.09.01 08:44:34.765,0.95334,0.95362,1.00,1.12
2016.09.01 08:44:35.908,0.95334,0.95362,1.00,1.00
2016.09.01 08:44:36.363,0.95334,0.9536,1.00,1.00
2016.09.01 08:44:36.609,0.95334,0.9536,1.00,1.12
2016.09.01 08:44:36.763,0.95333,0.95359,1.00,1.00
2016.09.01 08:44:38.514,0.95333,0.95359,1.00,1.37
2016.09.01 08:44:38.565,0.95332,0.95357,1.00,1.00
2016.09.01 08:44:38.667,0.9533,0.95357,1.00,1.00
2016.09.01 08:44:38.773,0.9533,0.95357,1.00,1.12
2016.09.01 08:44:38.826,0.9533,0.95357,1.00,1.00
2016.09.01 08:44:38.978,0.95333,0.95356,1.00,1.00
2016.09.01 08:44:39.181,0.95332,0.95358,1.00,1.00
2016.09.01 08:44:39.842,0.95332,0.95356,1.00,1.00
2016.09.01 08:44:40.374,0.95333,0.95357,1.00,1.00
2016.09.01 08:44:40.543,0.95331,0.95357,1.00,1.00
2016.09.01 08:44:40.818,0.95331,0.95357,1.00,1.12
2016.09.01 08:44:41.520,0.95331,0.95357,1.00,1.00
2016.09.01 08:44:44.047,0.95333,0.95357,1.00,1.00
2016.09.01 08:44:44.375,0.95331,0.95357,1.00,1.00
2016.09.01 08:44:44.531,0.95332,0.95357,2.10,1.00
2016.09.01 08:44:44.582,0.95335,0.95361,1.35,1.12
2016.09.01 08:44:44.633,0.95335,0.95361,1.35,1.00
2016.09.01 08:44:44.684,0.95336,0.95362,1.00,1.00
2016.09.01 08:44:44.786,0.95335,0.95361,1.35,1.00
2016.09.01 08:44:44.887,0.95334,0.95359,1.35,1.00
2016.09.01 08:44:45.017,0.95335,0.95359,1.00,1.00
2016.09.01 08:44:45.067,0.95333,0.95359,1.50,1.00
2016.09.01 08:44:45.407,0.95333,0.95359,1.50,1.00
2016.09.01 08:44:45.458,0.95332,0.95357,1.00,1.00
2016.09.01 08:44:45.559,0.95332,0.95357,1.50,1.00
2016.09.01 08:44:45.609,0.95332,0.95357,1.50,1.00
2016.09.01 08:44:45.660,0.95333,0.95357,1.00,1.00
2016.09.01 08:44:46.279,0.95333,0.95359,1.00,1.00
2016.09.01 08:44:47.010,0.95332,0.95358,1.00,1.00
2016.09.01 08:44:51.388,0.95336,0.95359,1.00,1.00
2016.09.01 08:44:53.041,0.95336,0.95359,1.00,1.12
2016.09.01 08:44:53.779,0.95336,0.95359,1.00,1.00
2016.09.01 08:44:54.601,0.95335,0.95359,1.00,1.00
2016.09.01 08:44:55.445,0.95335,0.95359,1.00,1.12
2016.09.01 08:44:56.282,0.95332,0.95358,1.00,1.00
2016.09.01 08:44:56.347,0.95332,0.95358,1.00,1.37
2016.09.01 08:44:56.516,0.95332,0.95356,1.00,1.00
2016.09.01 08:44:57.264,0.95332,0.95356,1.00,1.12
2016.09.01 08:44:57.449,0.95332,0.95356,1.00,1.00
2016.09.01 08:45:00.968,0.95332,0.95356,1.00,1.37
2016.09.01 08:45:03.537,0.95333,0.95357,1.00,1.37
2016.09.01 08:45:03.588,0.95333,0.95357,1.00,1.12
2016.09.01 08:45:03.689,0.95333,0.95357,1.00,1.37
2016.09.01 08:45:03.741,0.95331,0.95357,1.00,1.37
2016.09.01 08:45:04.291,0.9533,0.95356,1.00,1.37
2016.09.01 08:45:06.699,0.9533,0.95353,1.00,1.12
2016.09.01 08:45:06.800,0.9533,0.95353,1.00,1.00
2016.09.01 08:45:07.556,0.9533,0.95353,1.00,1.12
2016.09.01 08:45:07.734,0.9533,0.95353,1.00,1.00
2016.09.01 08:45:07.835,0.95334,0.95357,1.00,1.37
2016.09.01 08:45:07.936,0.9533,0.95355,1.00,1.00
2016.09.01 08:45:08.036,0.95332,0.95355,1.00,1.37
2016.09.01 08:45:08.545,0.95331,0.95354,1.00,1.37
2016.09.01 08:45:10.197,0.95331,0.95354,1.00,1.12
2016.09.01 08:45:12.000,0.95331,0.95354,1.00,1.00
2016.09.01 08:45:12.526,0.95331,0.95354,1.00,1.37
2016.09.01 08:45:12.879,0.95328,0.95353,1.00,1.37
2016.09.01 08:45:13.030,0.95327,0.95352,1.00,1.00
2016.09.01 08:45:13.203,0.95327,0.95352,1.00,1.37
2016.09.01 08:45:13.256,0.95329,0.95352,1.00,1.37
2016.09.01 08:45:13.904,0.95329,0.95352,1.00,1.12
2016.09.01 08:45:14.005,0.95329,0.95352,1.00,1.00
2016.09.01 08:45:14.303,0.95329,0.95352,1.00,1.37
2016.09.01 08:45:14.904,0.95329,0.95352,1.00,1.12
2016.09.01 08:45:15.004,0.95329,0.95352,1.00,1.00
2016.09.01 08:45:15.682,0.95328,0.95352,1.00,1.00
2016.09.01 08:45:16.637,0.95328,0.95354,1.00,1.37
2016.09.01 08:45:16.918,0.95328,0.95354,1.00,1.00
2016.09.01 08:45:17.221,0.9533,0.95354,1.00,1.00
2016.09.01 08:45:20.462,0.95335,0.9536,1.00,1.37
2016.09.01 08:45:20.563,0.95335,0.9536,1.00,1.00
2016.09.01 08:45:20.620,0.95335,0.9536,1.00,1.12
2016.09.01 08:45:20.670,0.95332,0.95356,1.50,1.00
2016.09.01 08:45:20.721,0.95332,0.95356,1.00,1.00
2016.09.01 08:45:21.028,0.95331,0.95354,1.00,1.00
2016.09.01 08:45:23.269,0.9533,0.95353,1.00,1.00
2016.09.01 08:45:23.572,0.95332,0.95357,1.00,1.00
2016.09.01 08:45:23.673,0.95333,0.95358,1.00,1.12
2016.09.01 08:45:23.774,0.95333,0.95358,1.00,1.37
2016.09.01 08:45:24.329,0.95332,0.95358,1.00,1.00
2016.09.01 08:45:24.530,0.95332,0.95358,1.00,1.12
2016.09.01 08:45:24.861,0.95332,0.95358,1.00,1.00
2016.09.01 08:45:25.395,0.95334,0.9536,1.00,1.00
2016.09.01 08:45:25.720,0.95332,0.95357,1.00,1.00
2016.09.01 08:45:27.290,0.95333,0.95359,1.00,1.00
2016.09.01 08:45:27.855,0.95336,0.9536,1.00,1.00
2016.09.01 08:45:28.378,0.95335,0.95361,1.00,1.00
2016.09.01 08:45:29.337,0.95338,0.95361,1.00,1.00
2016.09.01 08:45:30.790,0.95337,0.95363,1.00,1.00
2016.09.01 08:45:30.891,0.95339,0.95362,1.00,1.00
2016.09.01 08:45:31.093,0.95333,0.95357,1.00,1.00
2016.09.01 08:45:31.144,0.95333,0.95357,1.00,1.00
2016.09.01 08:45:31.505,0.95331,0.95356,1.00,1.00
2016.09.01 08:45:32.195,0.9533,0.95355,1.00,1.00
2016.09.01 08:45:32.804,0.95331,0.95355,1.00,1.00
2016.09.01 08:45:33.340,0.9533,0.95355,1.00,1.00
2016.09.01 08:45:33.787,0.95331,0.95357,1.00,1.12
2016.09.01 08:45:33.888,0.95332,0.95358,1.00,1.37
2016.09.01 08:45:33.989,0.9533,0.95358,1.00,1.37
2016.09.01 08:45:36.904,0.95332,0.95358,1.00,1.37
2016.09.01 08:45:38.484,0.95332,0.95359,1.00,1.37
2016.09.01 08:45:39.002,0.95333,0.95358,1.00,1.37
2016.09.01 08:45:40.491,0.95333,0.95357,1.00,1.37
2016.09.01 08:45:43.485,0.95333,0.95357,1.00,1.00
2016.09.01 08:45:43.536,0.95334,0.95359,1.00,1.37
2016.09.01 08:45:43.587,0.95334,0.95359,1.00,1.12
2016.09.01 08:45:43.769,0.95334,0.95359,1.00,1.37
2016.09.01 08:45:44.787,0.95334,0.95359,1.00,1.12
2016.09.01 08:45:44.837,0.95334,0.95357,1.00,1.00
2016.09.01 08:45:45.001,0.95334,0.95357,1.00,1.12
2016.09.01 08:45:45.564,0.95333,0.95357,1.00,1.12
2016.09.01 08:45:45.788,0.95333,0.95357,1.00,1.00
2016.09.01 08:45:46.541,0.95332,0.95356,1.00,1.00
2016.09.01 08:45:47.002,0.95332,0.95358,1.00,1.00
2016.09.01 08:45:47.204,0.95334,0.9536,1.00,1.00
2016.09.01 08:45:47.593,0.95334,0.9536,1.00,1.12
2016.09.01 08:45:47.793,0.95334,0.9536,1.00,1.37
2016.09.01 08:45:47.894,0.95334,0.9536,1.00,1.00
2016.09.01 08:45:48.493,0.95334,0.9536,1.00,1.37
2016.09.01 08:45:48.895,0.95334,0.9536,1.00,1.12
2016.09.01 08:45:49.098,0.95334,0.9536,1.00,1.00
2016.09.01 08:45:51.808,0.95333,0.95359,1.00,1.00
2016.09.01 08:45:51.919,0.95333,0.95359,1.00,1.12
2016.09.01 08:45:52.020,0.95333,0.95359,1.00,1.00
2016.09.01 08:45:52.609,0.95334,0.95358,1.00,1.00
2016.09.01 08:45:52.811,0.95335,0.9536,1.00,1.00
2016.09.01 08:45:54.015,0.95336,0.95361,1.00,1.00
2016.09.01 08:45:54.855,0.95334,0.9536,1.00,1.00
2016.09.01 08:45:54.998,0.95335,0.95358,1.00,1.00
2016.09.01 08:45:55.919,0.95337,0.95361,1.00,1.00
2016.09.01 08:45:56.223,0.95335,0.95361,1.00,1.00
2016.09.01 08:45:58.121,0.95335,0.95361,1.00,1.12
2016.09.01 08:45:58.569,0.95335,0.9536,1.00,1.00
2016.09.01 08:45:58.671,0.95333,0.95357,1.00,1.00
2016.09.01 08:45:58.721,0.95333,0.9536,1.00,1.00
2016.09.01 08:45:58.822,0.95337,0.95361,1.00,1.12
2016.09.01 08:45:59.657,0.95336,0.95359,1.00,1.00
2016.09.01 08:45:59.826,0.95336,0.95359,1.00,1.12
2016.09.01 08:46:00.218,0.95336,0.95359,1.00,1.00
2016.09.01 08:46:00.770,0.95335,0.95359,1.00,1.00
2016.09.01 08:46:00.930,0.95336,0.95362,1.00,1.00
2016.09.01 08:46:01.031,0.95336,0.95362,1.00,1.12
2016.09.01 08:46:01.132,0.95336,0.95362,1.00,1.00
2016.09.01 08:46:01.525,0.95338,0.95361,1.00,1.00
2016.09.01 08:46:01.575,0.95338,0.95361,1.50,1.00
2016.09.01 08:46:01.826,0.95339,0.95366,1.00,1.37
2016.09.01 08:46:01.876,0.95339,0.95366,1.00,1.37
2016.09.01 08:46:01.927,0.95339,0.95366,1.00,1.12
2016.09.01 08:46:02.028,0.95343,0.95369,1.00,1.00
2016.09.01 08:46:02.385,0.95347,0.9537,1.00,1.00
2016.09.01 08:46:02.928,0.95348,0.95371,1.00,1.00
2016.09.01 08:46:04.701,0.95348,0.95371,1.00,1.37
2016.09.01 08:46:05.443,0.95348,0.95372,1.00,1.37
2016.09.01 08:46:06.555,0.95348,0.95371,1.00,1.37
2016.09.01 08:46:07.384,0.95345,0.9537,1.00,1.37
2016.09.01 08:46:07.485,0.95348,0.95371,1.00,1.37
2016.09.01 08:46:07.682,0.95343,0.95366,1.00,1.00
2016.09.01 08:46:07.764,0.95341,0.95365,1.00,1.12
2016.09.01 08:46:07.814,0.95341,0.95365,1.00,1.37
2016.09.01 08:46:07.915,0.95341,0.95365,1.00,1.00
2016.09.01 08:46:07.966,0.95342,0.95367,1.00,1.12
2016.09.01 08:46:08.016,0.95342,0.95367,1.00,1.00
2016.09.01 08:46:08.117,0.95342,0.95367,1.00,1.12
2016.09.01 08:46:08.301,0.95341,0.95366,1.00,1.37
2016.09.01 08:46:08.840,0.95342,0.95367,1.00,1.37
2016.09.01 08:46:08.945,0.95342,0.95367,1.50,1.37
2016.09.01 08:46:09.043,0.95342,0.95367,1.00,1.37
2016.09.01 08:46:09.217,0.95342,0.95367,1.00,1.12
2016.09.01 08:46:09.470,0.95346,0.9537,1.00,1.37
2016.09.01 08:46:09.520,0.95346,0.9537,1.00,1.00
2016.09.01 08:46:09.571,0.95348,0.95372,1.00,1.37
2016.09.01 08:46:09.622,0.95348,0.95372,1.00,1.00
2016.09.01 08:46:09.913,0.95348,0.95374,1.00,1.37
2016.09.01 08:46:10.039,0.95348,0.95374,1.00,1.12
2016.09.01 08:46:10.090,0.95353,0.95376,1.00,1.37
2016.09.01 08:46:10.443,0.9535,0.95374,1.00,1.37
2016.09.01 08:46:10.544,0.95346,0.95371,1.00,1.37
2016.09.01 08:46:13.067,0.95345,0.95369,1.00,1.12
2016.09.01 08:46:13.117,0.95345,0.95369,1.00,1.37
2016.09.01 08:46:13.168,0.95341,0.95364,1.00,1.00
2016.09.01 08:46:13.269,0.95341,0.95366,1.00,1.00
2016.09.01 08:46:13.518,0.95341,0.95366,1.00,1.37
2016.09.01 08:46:13.619,0.95341,0.95366,1.00,1.12
2016.09.01 08:46:14.343,0.95341,0.95366,1.00,1.00
2016.09.01 08:46:14.434,0.95341,0.95366,1.00,1.37
2016.09.01 08:46:15.460,0.9534,0.95366,1.00,1.37
2016.09.01 08:46:15.992,0.95342,0.95365,1.00,1.12
2016.09.01 08:46:19.830,0.95342,0.95365,1.00,1.00
2016.09.01 08:46:20.918,0.95343,0.95366,1.00,1.12
2016.09.01 08:46:20.969,0.95343,0.95366,1.00,1.00
2016.09.01 08:46:21.020,0.95344,0.95368,1.00,1.00
2016.09.01 08:46:21.369,0.95344,0.95368,1.00,1.37
2016.09.01 08:46:21.483,0.95343,0.95366,1.00,1.37
2016.09.01 08:46:21.534,0.95343,0.95366,1.00,1.00
2016.09.01 08:46:21.584,0.95343,0.95368,1.00,1.12
2016.09.01 08:46:22.035,0.95343,0.95368,1.00,1.00
2016.09.01 08:46:22.265,0.95343,0.95368,1.00,1.12
2016.09.01 08:46:22.442,0.95343,0.95368,1.00,1.37
2016.09.01 08:46:23.341,0.95343,0.95368,1.00,1.00
2016.09.01 08:46:23.923,0.95343,0.95368,1.00,1.37
2016.09.01 08:46:24.291,0.95341,0.95366,1.00,1.37
2016.09.01 08:46:24.494,0.95341,0.95366,1.00,1.37
2016.09.01 08:46:29.214,0.95341,0.95366,1.00,1.37
2016.09.01 08:46:29.264,0.95341,0.95366,1.00,1.12
2016.09.01 08:46:29.481,0.95341,0.95366,1.00,1.37
2016.09.01 08:46:30.583,0.95341,0.95366,1.00,1.00
2016.09.01 08:46:30.896,0.95341,0.95366,1.00,1.00
2016.09.01 08:46:30.946,0.95341,0.95366,1.00,1.00
2016.09.01 08:46:31.284,0.95343,0.95366,1.00,1.00
2016.09.01 08:46:32.828,0.95343,0.9537,1.00,1.12
2016.09.01 08:46:32.975,0.95343,0.9537,1.00,1.00
2016.09.01 08:46:33.955,0.95343,0.9537,1.00,1.12
2016.09.01 08:46:34.890,0.95343,0.9537,1.00,1.37
2016.09.01 08:46:35.323,0.95343,0.95368,1.00,1.12
2016.09.01 08:46:35.699,0.95343,0.95368,1.00,1.00
2016.09.01 08:46:36.240,0.95345,0.9537,1.00,1.00
2016.09.01 08:46:36.813,0.95347,0.95373,1.00,1.00
2016.09.01 08:46:37.542,0.95347,0.9537,1.00,1.00
2016.09.01 08:46:37.643,0.95345,0.95369,1.00,1.00
2016.09.01 08:46:37.947,0.95342,0.95367,1.00,1.00
2016.09.01 08:46:38.048,0.9534,0.95367,1.50,1.00
2016.09.01 08:46:38.149,0.9534,0.95366,1.00,1.00
2016.09.01 08:46:38.969,0.95341,0.95366,1.00,1.00
2016.09.01 08:46:39.279,0.95341,0.95366,1.00,1.12
2016.09.01 08:46:43.626,0.95342,0.95367,1.00,1.37
2016.09.01 08:46:43.677,0.95342,0.95367,1.00,1.00
2016.09.01 08:46:45.530,0.95344,0.95367,1.00,1.00
2016.09.01 08:46:46.356,0.95344,0.95368,1.00,1.00
2016.09.01 08:46:46.457,0.95345,0.9537,1.00,1.12
2016.09.01 08:46:46.508,0.95345,0.9537,1.00,1.00
2016.09.01 08:46:46.822,0.95347,0.95371,1.00,1.00
2016.09.01 08:46:48.578,0.95347,0.95371,1.00,1.12
2016.09.01 08:46:48.701,0.95347,0.95371,1.00,1.00
2016.09.01 08:46:48.779,0.95347,0.95371,1.00,1.12
2016.09.01 08:46:48.979,0.95347,0.95371,1.00,1.00
2016.09.01 08:46:49.181,0.95343,0.9537,1.00,1.00
2016.09.01 08:46:51.140,0.95346,0.95371,1.00,1.00
2016.09.01 08:46:53.593,0.95346,0.95369,1.00,1.00
2016.09.01 08:46:54.191,0.95345,0.95369,1.00,1.00
2016.09.01 08:46:55.291,0.95346,0.9537,1.00,1.00
2016.09.01 08:46:55.894,0.95344,0.9537,1.00,1.00
2016.09.01 08:46:56.096,0.95355,0.95377,1.00,1.00
2016.09.01 08:46:56.197,0.95355,0.95381,1.00,1.00
2016.09.01 08:46:56.303,0.95355,0.95381,1.12,1.00
2016.09.01 08:46:56.354,0.95359,0.95383,1.00,1.00
2016.09.01 08:46:56.707,0.95359,0.95383,1.00,1.12
2016.09.01 08:46:56.997,0.95359,0.95383,1.00,1.00
2016.09.01 08:46:57.145,0.95359,0.95383,1.00,1.12
2016.09.01 08:46:57.196,0.95359,0.95383,1.00,1.37
2016.09.01 08:46:57.297,0.9536,0.95387,1.00,1.87
2016.09.01 08:46:57.548,0.9536,0.95387,1.00,1.37
2016.09.01 08:46:57.671,0.95362,0.95386,1.00,1.12
2016.09.01 08:46:58.035,0.95362,0.95386,1.00,1.00
2016.09.01 08:46:58.586,0.95362,0.95385,1.00,1.00
2016.09.01 08:46:58.788,0.95359,0.95385,1.00,1.00
2016.09.01 08:46:59.182,0.95359,0.95385,1.00,1.12
2016.09.01 08:46:59.325,0.95359,0.95385,1.00,1.37
2016.09.01 08:47:00.190,0.95358,0.95384,1.00,1.12
2016.09.01 08:47:00.240,0.95358,0.95384,1.00,1.37
2016.09.01 08:47:00.442,0.95358,0.95384,1.00,1.12
2016.09.01 08:47:00.800,0.95358,0.95384,1.00,1.37
2016.09.01 08:47:01.916,0.95359,0.95382,1.00,1.00
2016.09.01 08:47:01.968,0.95358,0.95384,1.00,1.37
2016.09.01 08:47:02.069,0.9536,0.95383,1.00,1.12
2016.09.01 08:47:02.359,0.95358,0.95383,1.00,1.12
2016.09.01 08:47:02.410,0.95358,0.95383,1.00,1.37
2016.09.01 08:47:02.460,0.95357,0.95383,1.00,1.37
2016.09.01 08:47:02.511,0.95357,0.95383,1.00,1.37
2016.09.01 08:47:03.144,0.95357,0.95384,1.00,1.37
2016.09.01 08:47:03.306,0.95357,0.95384,1.00,1.12
2016.09.01 08:47:03.407,0.9536,0.95385,1.00,1.37
2016.09.01 08:47:04.568,0.95358,0.95383,1.00,1.12
2016.09.01 08:47:04.629,0.95358,0.95383,1.00,1.37
2016.09.01 08:47:05.164,0.95357,0.95382,1.00,1.37
2016.09.01 08:47:05.974,0.9536,0.95383,1.00,1.37
2016.09.01 08:47:06.025,0.9536,0.95383,1.00,1.12
2016.09.01 08:47:06.075,0.9536,0.95385,1.00,1.37
2016.09.01 08:47:06.239,0.9536,0.95385,1.00,1.37
2016.09.01 08:47:06.290,0.95359,0.95383,1.00,1.72
2016.09.01 08:47:06.341,0.95356,0.95383,1.00,1.37
2016.09.01 08:47:06.442,0.95356,0.95383,1.00,1.87
2016.09.01 08:47:06.493,0.9536,0.95383,1.00,1.37
2016.09.01 08:47:06.543,0.9536,0.95387,1.00,1.87
2016.09.01 08:47:06.594,0.95358,0.95385,1.00,1.37
2016.09.01 08:47:07.515,0.95358,0.95383,1.00,1.12
2016.09.01 08:47:07.616,0.95358,0.95383,1.00,1.37
2016.09.01 08:47:07.935,0.95358,0.95383,1.00,1.00
2016.09.01 08:47:08.516,0.95358,0.95383,1.00,1.37
2016.09.01 08:47:09.087,0.95359,0.95384,1.00,1.37
2016.09.01 08:47:11.464,0.95359,0.95384,1.00,1.12
2016.09.01 08:47:11.615,0.9536,0.95386,1.00,1.37
2016.09.01 08:47:12.235,0.9536,0.95385,1.00,1.37
2016.09.01 08:47:13.063,0.9536,0.95385,1.00,1.00
2016.09.01 08:47:13.123,0.9536,0.95385,1.00,1.37
2016.09.01 08:47:13.448,0.9536,0.95386,1.00,1.12
2016.09.01 08:47:13.770,0.9536,0.95386,1.00,1.37
2016.09.01 08:47:13.821,0.95358,0.95385,1.00,1.12
2016.09.01 08:47:13.872,0.95358,0.95385,1.00,1.00
2016.09.01 08:47:13.922,0.9536,0.95384,1.00,1.00
2016.09.01 08:47:14.101,0.95361,0.95387,1.00,1.37
2016.09.01 08:47:14.187,0.95361,0.95387,1.00,1.12
2016.09.01 08:47:14.288,0.9536,0.95385,1.00,1.00
2016.09.01 08:47:14.439,0.9536,0.95385,1.00,1.12
2016.09.01 08:47:14.489,0.95359,0.95383,1.00,1.00
2016.09.01 08:47:16.090,0.95358,0.95383,1.00,1.00
2016.09.01 08:47:16.598,0.95359,0.95384,1.00,1.00
2016.09.01 08:47:17.238,0.95359,0.95386,1.00,1.12
2016.09.01 08:47:17.397,0.95359,0.95386,1.00,1.12
2016.09.01 08:47:17.448,0.95359,0.95386,1.00,1.00
2016.09.01 08:47:17.498,0.95362,0.95387,1.00,1.12
2016.09.01 08:47:17.549,0.95362,0.95387,1.00,1.37
2016.09.01 08:47:17.701,0.95362,0.95386,1.00,1.12
2016.09.01 08:47:18.057,0.95362,0.95386,1.00,1.12
2016.09.01 08:47:19.896,0.9536,0.95384,1.00,1.00
2016.09.01 08:47:20.267,0.95357,0.95382,1.00,1.00
2016.09.01 08:47:20.369,0.95357,0.95383,1.00,1.72
2016.09.01 08:47:20.420,0.95356,0.9538,1.00,1.00
2016.09.01 08:47:20.961,0.95357,0.95381,1.00,1.00
2016.09.01 08:47:21.539,0.95356,0.9538,1.00,1.00
2016.09.01 08:47:21.643,0.95356,0.95377,1.00,1.00
2016.09.01 08:47:21.856,0.95356,0.9538,1.00,1.00
2016.09.01 08:47:22.025,0.95357,0.95383,1.00,1.87
2016.09.01 08:47:22.076,0.95357,0.95383,1.00,1.50
2016.09.01 08:47:22.227,0.95357,0.95382,1.00,1.00
2016.09.01 08:47:22.768,0.95357,0.95383,1.00,1.00
2016.09.01 08:47:23.070,0.95355,0.95379,1.00,1.00
2016.09.01 08:47:23.708,0.95355,0.95381,1.00,1.00
2016.09.01 08:47:23.758,0.95355,0.95381,1.00,1.00
2016.09.01 08:47:23.809,0.95358,0.95382,1.00,1.00
2016.09.01 08:47:23.859,0.95358,0.95382,1.00,1.00
2016.09.01 08:47:23.910,0.9536,0.95386,1.00,1.12
2016.09.01 08:47:24.011,0.95359,0.95383,1.00,1.00
2016.09.01 08:47:24.162,0.95359,0.95383,1.00,1.12
2016.09.01 08:47:24.343,0.95359,0.95382,1.00,1.00
2016.09.01 08:47:24.929,0.95359,0.95383,1.00,1.00
2016.09.01 08:47:25.162,0.95359,0.95383,1.00,1.12
2016.09.01 08:47:25.355,0.95359,0.95383,1.00,1.87
2016.09.01 08:47:26.035,0.95359,0.95382,1.00,1.12
2016.09.01 08:47:26.086,0.95359,0.95382,1.00,1.37
2016.09.01 08:47:26.264,0.95359,0.95383,1.00,1.50
2016.09.01 08:47:26.315,0.9536,0.95383,1.00,1.00
2016.09.01 08:47:26.831,0.9536,0.95382,1.00,1.00
2016.09.01 08:47:28.065,0.95358,0.95382,1.00,1.50
2016.09.01 08:47:28.166,0.95358,0.95384,1.00,1.12
2016.09.01 08:47:28.299,0.95357,0.95383,1.00,1.00
2016.09.01 08:47:28.761,0.95359,0.95383,1.00,1.00
2016.09.01 08:47:29.945,0.9536,0.95384,1.00,1.00
2016.09.01 08:47:31.128,0.95359,0.95383,1.00,1.00
2016.09.01 08:47:31.909,0.95358,0.95383,1.00,1.00
2016.09.01 08:47:32.239,0.95357,0.95381,1.00,1.00
2016.09.01 08:47:32.377,0.95358,0.95384,1.00,1.00
2016.09.01 08:47:32.634,0.95362,0.95388,1.00,2.47
2016.09.01 08:47:32.684,0.95362,0.95388,1.00,1.35
2016.09.01 08:47:32.863,0.95362,0.95388,1.00,1.00
2016.09.01 08:47:33.382,0.95362,0.95388,1.00,1.00
2016.09.01 08:47:33.997,0.95362,0.95388,1.00,1.00
2016.09.01 08:47:35.841,0.95363,0.95389,1.00,1.00
2016.09.01 08:47:36.049,0.95362,0.95388,1.00,1.00
2016.09.01 08:47:36.142,0.95364,0.95388,1.00,1.00
2016.09.01 08:47:37.243,0.9536,0.95386,1.12,1.00
2016.09.01 08:47:37.294,0.9536,0.95386,1.00,1.00
2016.09.01 08:47:37.502,0.95359,0.95387,1.00,1.00
2016.09.01 08:47:37.552,0.95361,0.95389,1.00,1.37
2016.09.01 08:47:37.603,0.95361,0.95389,1.00,1.12
2016.09.01 08:47:37.895,0.95364,0.95389,1.00,1.00
2016.09.01 08:47:38.246,0.95362,0.95387,1.00,1.00
2016.09.01 08:47:38.296,0.95362,0.95387,1.00,1.00
2016.09.01 08:47:38.398,0.95362,0.95387,1.00,1.12
2016.09.01 08:47:38.448,0.95362,0.95388,1.00,1.37
2016.09.01 08:47:38.499,0.95362,0.95388,1.00,1.00
2016.09.01 08:47:38.549,0.95362,0.95389,1.00,1.12
2016.09.01 08:47:38.600,0.95362,0.95389,1.00,1.00
2016.09.01 08:47:38.669,0.95362,0.95389,1.00,1.37
2016.09.01 08:47:38.847,0.9536,0.95387,1.00,1.12
2016.09.01 08:47:38.924,0.9536,0.95387,1.00,1.87
2016.09.01 08:47:38.976,0.95361,0.95387,1.00,1.37
2016.09.01 08:47:39.077,0.95361,0.95388,1.00,1.87
2016.09.01 08:47:39.248,0.9536,0.95388,1.00,2.62
2016.09.01 08:47:39.590,0.9536,0.95388,1.00,2.62
2016.09.01 08:47:39.949,0.95361,0.95388,1.00,1.87
2016.09.01 08:47:40.550,0.95361,0.95387,1.00,1.12
2016.09.01 08:47:40.677,0.95361,0.95387,1.00,1.00
2016.09.01 08:47:41.058,0.95361,0.95388,1.00,1.12
2016.09.01 08:47:41.109,0.95361,0.95388,1.00,1.00
2016.09.01 08:47:41.173,0.95361,0.95388,1.00,1.37
2016.09.01 08:47:42.277,0.95361,0.95387,1.00,1.00
2016.09.01 08:47:42.433,0.9536,0.95385,1.00,1.00
2016.09.01 08:47:42.484,0.95358,0.95385,1.00,1.00
2016.09.01 08:47:44.105,0.9536,0.95385,1.00,1.00
2016.09.01 08:47:44.192,0.95359,0.95385,1.12,1.00
2016.09.01 08:47:44.294,0.95357,0.95385,1.37,1.00
2016.09.01 08:47:44.738,0.95357,0.95385,1.12,1.00
2016.09.01 08:47:44.789,0.95358,0.95383,1.12,1.00
2016.09.01 08:47:44.959,0.95357,0.95383,1.37,1.00
2016.09.01 08:47:45.298,0.95355,0.95382,1.37,1.00
2016.09.01 08:47:45.857,0.95355,0.95383,1.37,1.00
2016.09.01 08:47:45.907,0.95357,0.95383,1.12,1.00
2016.09.01 08:47:45.981,0.95357,0.95383,1.37,1.00
2016.09.01 08:47:46.083,0.95357,0.95383,1.12,1.00
2016.09.01 08:47:46.983,0.95357,0.95383,1.37,1.00
2016.09.01 08:47:47.058,0.95357,0.95383,1.37,1.50
2016.09.01 08:47:47.109,0.95355,0.95383,1.12,1.50
2016.09.01 08:47:47.559,0.95355,0.95382,1.12,1.00
2016.09.01 08:47:47.691,0.95356,0.95382,1.37,1.00
2016.09.01 08:47:47.792,0.95358,0.95382,1.12,1.00
2016.09.01 08:47:47.893,0.95358,0.95382,1.00,1.00
2016.09.01 08:47:47.959,0.95358,0.95384,1.00,1.00
2016.09.01 08:47:48.284,0.95356,0.95381,1.00,1.00
2016.09.01 08:47:48.813,0.95356,0.95382,1.12,1.00
2016.09.01 08:47:48.914,0.95355,0.95381,1.00,1.00
2016.09.01 08:47:49.387,0.95355,0.95381,1.12,1.00
2016.09.01 08:47:49.530,0.95355,0.95381,1.00,1.00
2016.09.01 08:47:49.999,0.95355,0.95383,1.00,1.12
2016.09.01 08:47:50.521,0.95357,0.95384,1.00,1.00
2016.09.01 08:47:50.690,0.95357,0.95384,1.00,1.12
2016.09.01 08:47:50.990,0.95357,0.95384,1.00,1.00
2016.09.01 08:47:52.015,0.95357,0.95384,1.37,1.00
2016.09.01 08:47:52.092,0.95357,0.95384,1.12,1.00
2016.09.01 08:47:52.194,0.95358,0.95384,1.37,1.00
2016.09.01 08:47:52.295,0.95358,0.95384,1.12,1.00
2016.09.01 08:47:53.017,0.95358,0.95382,1.00,1.00
2016.09.01 08:47:53.174,0.95356,0.95383,1.00,1.00
2016.09.01 08:47:53.696,0.95357,0.95383,1.00,1.00
2016.09.01 08:47:55.014,0.95358,0.95384,1.00,1.00
2016.09.01 08:47:55.115,0.95358,0.95384,1.00,1.12
2016.09.01 08:47:55.577,0.95358,0.95384,1.00,1.00
2016.09.01 08:47:55.698,0.95358,0.95384,1.00,1.12
2016.09.01 08:47:55.781,0.95358,0.95383,1.00,1.00
2016.09.01 08:47:56.200,0.95358,0.95383,1.00,1.12
2016.09.01 08:47:56.423,0.95358,0.95383,1.00,1.37
2016.09.01 08:47:56.524,0.95358,0.95383,1.00,1.00
2016.09.01 08:47:56.575,0.95358,0.95383,1.00,1.00
2016.09.01 08:47:56.626,0.95359,0.95386,1.00,1.37
2016.09.01 08:47:56.813,0.95357,0.95384,1.00,1.37
2016.09.01 08:47:58.081,0.95357,0.95384,1.00,1.12
2016.09.01 08:47:58.328,0.95356,0.9538,1.00,1.37
2016.09.01 08:47:58.429,0.95354,0.9538,1.00,1.12
2016.09.01 08:47:58.480,0.95354,0.9538,1.00,1.12
2016.09.01 08:47:58.631,0.95354,0.9538,1.00,1.37
2016.09.01 08:47:58.804,0.95354,0.9538,1.00,1.12
2016.09.01 08:47:58.938,0.95354,0.9538,1.00,1.37
2016.09.01 08:47:59.689,0.95354,0.95377,1.00,1.00
2016.09.01 08:48:00.491,0.95354,0.95378,1.00,1.12
2016.09.01 08:48:00.542,0.95354,0.95378,1.00,1.37
2016.09.01 08:48:01.214,0.95354,0.95379,1.00,1.37
2016.09.01 08:48:03.914,0.95352,0.95377,1.00,1.37
2016.09.01 08:48:04.322,0.95352,0.95377,1.00,1.37
2016.09.01 08:48:05.023,0.95352,0.95378,1.00,1.37
2016.09.01 08:48:05.797,0.95352,0.95379,1.00,1.37
2016.09.01 08:48:06.098,0.95352,0.95378,1.00,1.12
2016.09.01 08:48:07.032,0.95352,0.95378,1.00,1.37
2016.09.01 08:48:07.235,0.95352,0.95378,1.00,1.12
2016.09.01 08:48:08.815,0.95354,0.95377,1.00,1.00
2016.09.01 08:48:09.066,0.95354,0.95377,1.00,1.12
2016.09.01 08:48:10.126,0.95354,0.95377,1.00,1.00
2016.09.01 08:48:10.226,0.95354,0.95377,1.00,1.37
2016.09.01 08:48:10.769,0.95353,0.95377,1.00,1.37
2016.09.01 08:48:11.267,0.95353,0.95377,1.00,1.12
2016.09.01 08:48:11.528,0.95353,0.95377,1.00,1.00
2016.09.01 08:48:11.629,0.95353,0.95376,1.00,1.00
2016.09.01 08:48:11.730,0.95351,0.95377,1.00,1.37
2016.09.01 08:48:12.130,0.95351,0.95377,1.00,1.12
2016.09.01 08:48:12.194,0.95351,0.95377,1.00,1.87
2016.09.01 08:48:12.244,0.95351,0.95377,1.00,1.12
2016.09.01 08:48:12.295,0.95351,0.95379,1.00,1.37
2016.09.01 08:48:12.346,0.95354,0.95377,1.00,1.00
2016.09.01 08:48:13.267,0.95353,0.95376,1.00,1.12
2016.09.01 08:48:13.337,0.95353,0.95376,1.00,1.37
2016.09.01 08:48:13.396,0.95353,0.95376,1.00,1.37
2016.09.01 08:48:13.573,0.95353,0.95372,1.00,1.00
2016.09.01 08:48:13.796,0.95353,0.95376,1.00,1.37
2016.09.01 08:48:14.619,0.95353,0.95372,1.00,1.00
2016.09.01 08:48:15.219,0.95353,0.95376,1.00,1.37
2016.09.01 08:48:15.541,0.95352,0.95376,1.00,1.12
2016.09.01 08:48:15.743,0.95352,0.95372,1.00,1.00
2016.09.01 08:48:15.844,0.95352,0.95372,1.00,1.35
2016.09.01 08:48:16.016,0.9535,0.95372,1.00,1.30
2016.09.01 08:48:16.099,0.9535,0.95372,1.00,1.30
2016.09.01 08:48:16.150,0.9535,0.95373,1.00,2.47
2016.09.01 08:48:16.336,0.9535,0.95373,1.00,1.97
2016.09.01 08:48:16.757,0.9535,0.95372,1.00,1.30
2016.09.01 08:48:17.250,0.9535,0.95373,1.00,1.97
2016.09.01 08:48:17.337,0.95349,0.95373,1.00,2.47
2016.09.01 08:48:17.401,0.95349,0.95373,1.00,1.97
2016.09.01 08:48:17.601,0.95349,0.95373,1.00,2.47
2016.09.01 08:48:17.911,0.95349,0.95373,1.00,1.97
2016.09.01 08:48:18.302,0.95349,0.95373,1.00,2.47
2016.09.01 08:48:18.940,0.9535,0.95373,1.00,1.97
2016.09.01 08:48:18.991,0.9535,0.95372,1.00,1.30
2016.09.01 08:48:19.483,0.9535,0.95372,1.00,1.30
2016.09.01 08:48:19.894,0.9535,0.95373,1.00,1.97
2016.09.01 08:48:20.306,0.9535,0.95372,1.00,1.72
2016.09.01 08:48:21.633,0.9535,0.95373,1.00,2.47
2016.09.01 08:48:21.684,0.9535,0.95373,1.00,1.97
2016.09.01 08:48:21.807,0.9535,0.95372,1.00,1.72
2016.09.01 08:48:22.864,0.95349,0.95372,1.00,2.47
2016.09.01 08:48:23.856,0.95349,0.95372,1.00,1.72
2016.09.01 08:48:24.367,0.95349,0.95373,1.00,1.97
2016.09.01 08:48:25.026,0.95349,0.95373,1.00,1.37
2016.09.01 08:48:25.076,0.95349,0.95373,1.00,1.00
2016.09.01 08:48:25.127,0.95349,0.95374,1.00,1.00
2016.09.01 08:48:26.462,0.9535,0.95375,1.00,1.12
2016.09.01 08:48:26.563,0.95352,0.95375,1.00,1.00
2016.09.01 08:48:26.765,0.9535,0.95374,1.00,1.00
2016.09.01 08:48:29.319,0.9535,0.95374,1.00,1.60
2016.09.01 08:48:29.369,0.95349,0.95372,1.00,1.37
2016.09.01 08:48:29.470,0.95346,0.95372,1.00,1.12
2016.09.01 08:48:29.571,0.95345,0.9537,1.00,1.37
2016.09.01 08:48:29.759,0.95345,0.95367,1.00,1.00
2016.09.01 08:48:31.321,0.95345,0.9537,1.00,1.00
2016.09.01 08:48:32.489,0.95348,0.95371,1.00,1.00
2016.09.01 08:48:33.407,0.95351,0.95374,1.00,1.00
2016.09.01 08:48:34.102,0.9535,0.95373,1.00,1.00
2016.09.01 08:48:34.375,0.95351,0.95377,1.00,1.00
2016.09.01 08:48:35.727,0.95353,0.95377,1.00,1.00
2016.09.01 08:48:38.983,0.95354,0.95377,1.00,1.00
2016.09.01 08:48:40.185,0.95355,0.95378,1.00,1.00
2016.09.01 08:48:40.385,0.95353,0.95379,1.00,1.00
2016.09.01 08:48:42.088,0.95353,0.95376,1.00,1.00
2016.09.01 08:48:43.321,0.95353,0.95378,1.00,1.00
2016.09.01 08:48:43.881,0.95352,0.95378,1.00,1.00
2016.09.01 08:48:45.670,0.95352,0.95378,1.00,1.12
2016.09.01 08:48:46.200,0.95352,0.95376,1.00,1.00
2016.09.01 08:48:46.679,0.95352,0.95375,1.00,1.00
2016.09.01 08:48:46.730,0.95344,0.95367,1.00,1.00
2016.09.01 08:48:47.044,0.95344,0.95367,1.00,1.50
2016.09.01 08:48:48.146,0.95343,0.95366,1.00,1.00
2016.09.01 08:48:49.326,0.95343,0.95367,1.00,1.00
2016.09.01 08:48:50.943,0.95343,0.95366,1.00,1.00
2016.09.01 08:48:52.854,0.95343,0.95367,1.00,1.00
2016.09.01 08:48:54.275,0.9534,0.95366,1.00,1.00
2016.09.01 08:48:56.336,0.95342,0.95365,1.00,1.00
2016.09.01 08:48:58.828,0.95343,0.95366,1.00,1.00
2016.09.01 08:48:59.071,0.9534,0.95366,1.00,1.00
2016.09.01 08:48:59.148,0.95342,0.95367,1.00,1.50
2016.09.01 08:49:00.779,0.9534,0.95366,1.00,1.00
2016.09.01 08:49:00.931,0.9534,0.95366,1.00,1.12
2016.09.01 08:49:01.056,0.9534,0.95366,1.00,1.00
2016.09.01 08:49:01.161,0.9534,0.95363,1.00,1.00
2016.09.01 08:49:02.077,0.95342,0.95365,1.00,1.00
2016.09.01 08:49:02.654,0.95339,0.95363,1.00,1.00
2016.09.01 08:49:04.136,0.95339,0.95363,1.00,1.12
2016.09.01 08:49:04.187,0.95339,0.95365,1.00,1.37
2016.09.01 08:49:04.719,0.95341,0.95366,1.00,1.37
2016.09.01 08:49:04.770,0.95341,0.95366,1.00,1.12
2016.09.01 08:49:05.183,0.95341,0.95366,1.00,1.37
2016.09.01 08:49:05.284,0.95339,0.95365,1.00,1.37
2016.09.01 08:49:06.185,0.95338,0.95361,1.00,1.00
2016.09.01 08:49:06.528,0.95338,0.95361,1.00,1.00
2016.09.01 08:49:07.140,0.95338,0.95361,1.00,1.12
2016.09.01 08:49:07.810,0.95338,0.95361,1.00,1.12
2016.09.01 08:49:07.997,0.95331,0.95354,1.00,1.00
2016.09.01 08:49:08.048,0.95331,0.95354,1.00,1.12
2016.09.01 08:49:08.162,0.95331,0.95354,1.00,1.37
2016.09.01 08:49:08.216,0.95328,0.95354,1.00,1.37
2016.09.01 08:49:08.266,0.95328,0.95354,1.00,1.00
2016.09.01 08:49:08.317,0.9533,0.95352,1.00,1.00
2016.09.01 08:49:08.418,0.95327,0.95352,1.00,1.00
2016.09.01 08:49:08.738,0.95327,0.95352,1.00,1.00
2016.09.01 08:49:08.920,0.95327,0.95352,1.00,1.12
2016.09.01 08:49:09.391,0.95328,0.95351,1.00,1.00
2016.09.01 08:49:09.442,0.95328,0.95351,1.00,1.00
2016.09.01 08:49:10.197,0.95327,0.95351,1.00,1.00
2016.09.01 08:49:10.707,0.95327,0.9535,1.00,1.00
2016.09.01 08:49:11.685,0.95329,0.95352,1.00,1.00
2016.09.01 08:49:11.837,0.95329,0.95352,1.00,1.50
2016.09.01 08:49:11.997,0.95331,0.95352,1.00,1.00
2016.09.01 08:49:12.048,0.95331,0.95354,1.00,1.12
2016.09.01 08:49:12.098,0.95329,0.95354,1.00,1.00
2016.09.01 08:49:12.149,0.95329,0.95354,1.00,1.00
2016.09.01 08:49:12.200,0.95333,0.95357,1.00,1.00
2016.09.01 08:49:12.250,0.95333,0.95357,1.00,1.87
2016.09.01 08:49:12.301,0.95331,0.95356,1.00,1.37
2016.09.01 08:49:12.418,0.95329,0.95362,1.00,1.72
2016.09.01 08:49:12.469,0.95328,0.95362,1.87,1.35
2016.09.01 08:49:12.520,0.95328,0.95362,1.87,2.10
2016.09.01 08:49:12.571,0.95329,0.95362,1.12,2.10
2016.09.01 08:49:12.621,0.95329,0.95362,1.12,2.10
2016.09.01 08:49:12.750,0.95329,0.95362,1.37,2.10
2016.09.01 08:49:13.022,0.95329,0.95362,1.00,2.10
2016.09.01 08:49:13.133,0.95329,0.95362,1.00,1.35
2016.09.01 08:49:13.183,0.95329,0.95362,1.00,1.72
2016.09.01 08:49:13.234,0.95333,0.95359,1.00,1.00
2016.09.01 08:49:13.335,0.95332,0.95357,1.00,1.00
2016.09.01 08:49:13.853,0.95333,0.95358,1.00,1.00
2016.09.01 08:49:15.811,0.95332,0.95358,1.00,1.00
2016.09.01 08:49:16.337,0.95333,0.95356,1.00,1.00
2016.09.01 08:49:18.524,0.95332,0.95356,1.00,1.00
2016.09.01 08:49:19.735,0.95334,0.95357,1.00,1.00
2016.09.01 08:49:20.128,0.95332,0.95357,1.00,1.00
2016.09.01 08:49:21.630,0.95335,0.95358,1.00,1.00
2016.09.01 08:49:21.972,0.95339,0.95364,1.00,1.00
2016.09.01 08:49:22.023,0.95339,0.95364,1.00,1.00
2016.09.01 08:49:22.163,0.95337,0.95361,1.00,1.00
2016.09.01 08:49:22.264,0.95336,0.95359,1.00,1.00
2016.09.01 08:49:22.618,0.95336,0.9536,1.00,1.60
2016.09.01 08:49:22.669,0.95328,0.95363,1.37,2.85
2016.09.01 08:49:22.720,0.95328,0.95363,1.00,3.22
2016.09.01 08:49:22.936,0.95328,0.95357,1.00,1.00
2016.09.01 08:49:22.987,0.95328,0.95357,1.00,1.00
2016.09.01 08:49:23.722,0.95328,0.95358,1.00,1.00
2016.09.01 08:49:24.050,0.95334,0.95357,1.00,1.00
2016.09.01 08:49:24.510,0.95334,0.95357,1.00,1.50
2016.09.01 08:49:24.561,0.95334,0.95357,1.00,1.00
2016.09.01 08:49:24.611,0.95334,0.9536,1.00,1.00
2016.09.01 08:49:25.095,0.95334,0.95357,1.00,1.00
2016.09.01 08:49:25.279,0.95334,0.95359,1.00,1.00
2016.09.01 08:49:25.830,0.95335,0.95358,1.00,1.00
2016.09.01 08:49:26.061,0.95332,0.95356,1.00,1.00
2016.09.01 08:49:26.566,0.95331,0.95356,1.00,1.00
2016.09.01 08:49:29.144,0.95331,0.95355,1.00,1.00
2016.09.01 08:49:29.268,0.95334,0.95358,1.00,1.00
2016.09.01 08:49:29.319,0.95334,0.95358,1.00,1.50
2016.09.01 08:49:29.369,0.95334,0.95358,1.00,1.50
2016.09.01 08:49:29.420,0.95334,0.95358,1.00,1.00
2016.09.01 08:49:29.470,0.95333,0.9536,1.00,1.00
2016.09.01 08:49:29.571,0.95331,0.95358,1.00,1.00
2016.09.01 08:49:30.106,0.9533,0.95357,1.00,1.00
2016.09.01 08:49:31.395,0.95333,0.95358,1.00,1.00
2016.09.01 08:49:31.937,0.95332,0.95357,1.00,1.00
2016.09.01 08:49:33.076,0.9533,0.95355,1.00,1.00
2016.09.01 08:49:33.612,0.95331,0.95355,1.00,1.00
2016.09.01 08:49:33.801,0.95329,0.95354,1.00,1.00
2016.09.01 08:49:34.351,0.9533,0.95355,1.00,1.00
2016.09.01 08:49:35.695,0.9533,0.95363,1.00,1.00
2016.09.01 08:49:35.796,0.95337,0.95362,1.00,1.00
2016.09.01 08:49:35.874,0.95327,0.95362,1.12,1.00
2016.09.01 08:49:35.925,0.95327,0.95362,1.00,1.00
2016.09.01 08:49:35.975,0.95327,0.95362,1.00,1.00
2016.09.01 08:49:36.026,0.95326,0.95358,1.00,1.00
2016.09.01 08:49:36.177,0.95326,0.95358,1.00,1.00
2016.09.01 08:49:36.278,0.95326,0.95359,1.00,1.00
2016.09.01 08:49:36.328,0.95326,0.95358,1.00,1.00
2016.09.01 08:49:36.379,0.95326,0.95358,1.00,1.00
2016.09.01 08:49:36.480,0.95326,0.95358,1.00,1.00
2016.09.01 08:49:37.088,0.95326,0.95358,1.00,1.00
2016.09.01 08:49:37.139,0.95326,0.95359,1.00,2.25
2016.09.01 08:49:37.559,0.95326,0.95359,1.00,2.25
2016.09.01 08:49:37.696,0.95326,0.95359,1.00,1.00
2016.09.01 08:49:38.225,0.95326,0.95358,1.00,1.00
2016.09.01 08:49:38.560,0.95327,0.95355,1.00,1.00
2016.09.01 08:49:39.063,0.95327,0.95355,1.00,1.00
2016.09.01 08:49:39.462,0.95327,0.95353,1.00,1.00
2016.09.01 08:49:40.163,0.95327,0.95354,1.00,1.00
2016.09.01 08:49:40.669,0.95326,0.95353,1.00,1.00
2016.09.01 08:49:41.002,0.95326,0.95351,1.00,1.00
2016.09.01 08:49:41.509,0.95327,0.95352,1.00,1.00
2016.09.01 08:49:42.790,0.95325,0.95352,1.00,1.00
2016.09.01 08:49:42.891,0.95327,0.95352,1.00,1.00
2016.09.01 08:49:43.492,0.95325,0.95352,1.00,1.00
2016.09.01 08:49:43.819,0.95327,0.95354,1.00,1.00
2016.09.01 08:49:44.170,0.95327,0.95352,1.00,1.00
2016.09.01 08:49:45.677,0.95326,0.95351,1.00,1.00
2016.09.01 08:49:46.114,0.95323,0.95348,1.50,1.00
2016.09.01 08:49:46.215,0.95321,0.95346,1.00,1.00
2016.09.01 08:49:46.316,0.95319,0.95346,1.00,1.00
2016.09.01 08:49:46.418,0.95321,0.95346,1.00,1.00
2016.09.01 08:49:48.235,0.95322,0.95347,1.00,1.00
2016.09.01 08:49:48.485,0.95322,0.95347,1.00,1.00
2016.09.01 08:49:48.637,0.95319,0.95346,1.00,1.00
2016.09.01 08:49:50.162,0.95319,0.95346,1.00,1.00
2016.09.01 08:49:50.389,0.9532,0.95347,1.00,1.00
2016.09.01 08:49:50.591,0.9532,0.95345,1.00,1.00
2016.09.01 08:49:50.895,0.95318,0.95344,1.00,1.00
2016.09.01 08:49:52.093,0.95317,0.95344,1.00,1.00
2016.09.01 08:49:53.927,0.95315,0.95341,1.00,1.00
2016.09.01 08:49:54.312,0.95316,0.95343,1.00,1.00
2016.09.01 08:49:54.413,0.95315,0.9534,1.00,1.00
2016.09.01 08:49:55.210,0.95315,0.95342,1.00,1.00
2016.09.01 08:49:55.412,0.95315,0.9534,1.00,1.00
2016.09.01 08:49:55.827,0.95313,0.9534,1.00,1.00
2016.09.01 08:49:57.131,0.95315,0.9534,1.00,1.00
2016.09.01 08:49:57.410,0.95315,0.95342,1.00,1.00
2016.09.01 08:49:57.511,0.95318,0.95343,1.00,1.00
2016.09.01 08:49:57.611,0.95317,0.95341,1.00,1.00
2016.09.01 08:49:57.907,0.9532,0.95345,1.00,1.00
2016.09.01 08:49:59.509,0.95317,0.95344,1.00,1.00
2016.09.01 08:49:59.720,0.95317,0.95342,1.00,1.00
2016.09.01 08:49:59.972,0.95315,0.9534,1.00,1.00
2016.09.01 08:50:00.023,0.95316,0.95341,1.00,1.00
2016.09.01 08:50:03.862,0.95317,0.95341,1.00,1.00
2016.09.01 08:50:05.024,0.95316,0.9534,1.00,1.00
2016.09.01 08:50:05.125,0.95313,0.9534,1.50,1.00
2016.09.01 08:50:05.175,0.95313,0.9534,1.00,1.00
2016.09.01 08:50:05.504,0.95313,0.95338,1.00,1.00
2016.09.01 08:50:06.372,0.9531,0.95336,1.00,1.00
2016.09.01 08:50:07.053,0.9531,0.95335,1.00,1.00
2016.09.01 08:50:09.053,0.9531,0.95337,1.00,1.00
2016.09.01 08:50:10.464,0.95309,0.95334,1.50,1.00
2016.09.01 08:50:10.566,0.95309,0.95334,1.00,1.00
2016.09.01 08:50:11.080,0.9531,0.95335,1.00,1.00
2016.09.01 08:50:12.939,0.9531,0.95336,1.00,1.00
2016.09.01 08:50:13.175,0.95309,0.95334,1.00,1.00
2016.09.01 08:50:13.452,0.95307,0.95334,1.00,1.00
2016.09.01 08:50:14.345,0.95309,0.95335,1.00,1.00
2016.09.01 08:50:14.649,0.95311,0.95335,1.00,1.00
2016.09.01 08:50:15.156,0.95309,0.95334,1.00,1.00
2016.09.01 08:50:15.257,0.95307,0.95334,1.00,1.00
2016.09.01 08:50:16.357,0.9531,0.95334,1.00,1.00
2016.09.01 08:50:16.692,0.95314,0.9534,1.00,1.00
2016.09.01 08:50:16.794,0.9531,0.95337,1.00,1.00
2016.09.01 08:50:16.895,0.9531,0.95337,1.00,1.00
2016.09.01 08:50:16.954,0.95308,0.95335,1.00,1.00
2016.09.01 08:50:17.454,0.9531,0.95337,1.00,1.00
2016.09.01 08:50:17.707,0.95312,0.95337,1.00,1.00
2016.09.01 08:50:17.959,0.9531,0.95337,1.00,1.00
2016.09.01 08:50:18.160,0.9531,0.95334,1.00,1.00
2016.09.01 08:50:18.375,0.95308,0.95334,1.50,1.00
2016.09.01 08:50:18.476,0.95307,0.95334,1.00,1.00
2016.09.01 08:50:18.577,0.95307,0.95334,1.00,1.00
2016.09.01 08:50:19.366,0.95307,0.95334,1.00,1.00
2016.09.01 08:50:20.679,0.9531,0.95335,1.00,1.00
2016.09.01 08:50:20.939,0.9531,0.95337,1.00,1.00
2016.09.01 08:50:21.662,0.95309,0.95334,1.00,1.00
2016.09.01 08:50:21.762,0.95307,0.95334,1.00,1.00
2016.09.01 08:50:22.970,0.95306,0.95333,1.00,1.00
2016.09.01 08:50:23.970,0.95309,0.95336,1.00,1.00
2016.09.01 08:50:24.280,0.95309,0.95334,1.00,1.00
2016.09.01 08:50:24.381,0.95307,0.95334,1.00,1.00
2016.09.01 08:50:24.700,0.95309,0.95336,1.00,1.00
2016.09.01 08:50:25.002,0.95311,0.95336,1.00,1.00
2016.09.01 08:50:25.683,0.9531,0.95335,1.00,1.00
2016.09.01 08:50:26.192,0.95308,0.95335,1.00,1.00
2016.09.01 08:50:26.482,0.9531,0.95335,1.00,1.00
2016.09.01 08:50:27.034,0.95309,0.95336,1.00,1.00
2016.09.01 08:50:27.672,0.9531,0.95335,1.00,1.00
2016.09.01 08:50:28.976,0.9531,0.95337,1.00,1.00
2016.09.01 08:50:30.978,0.9531,0.95336,1.00,1.00
2016.09.01 08:50:31.480,0.95309,0.95336,1.00,1.00
2016.09.01 08:50:33.409,0.95309,0.95334,1.00,1.00
2016.09.01 08:50:33.782,0.95312,0.95338,1.00,1.00
2016.09.01 08:50:33.833,0.95312,0.95338,1.35,1.00
2016.09.01 08:50:33.984,0.95318,0.95342,1.00,1.00
2016.09.01 08:50:34.086,0.95321,0.95346,1.00,1.50
2016.09.01 08:50:34.183,0.95318,0.95345,1.00,1.00
2016.09.01 08:50:35.097,0.9532,0.95347,1.00,1.00
2016.09.01 08:50:35.198,0.9532,0.95345,1.00,1.00
2016.09.01 08:50:35.385,0.9532,0.95347,1.00,1.00
2016.09.01 08:50:35.485,0.95319,0.95346,1.00,1.00
2016.09.01 08:50:36.059,0.95319,0.95346,1.00,1.00
2016.09.01 08:50:36.111,0.9532,0.95347,1.00,1.50
2016.09.01 08:50:36.212,0.9532,0.95345,1.00,1.00
2016.09.01 08:50:37.623,0.95318,0.95345,1.00,1.00
2016.09.01 08:50:38.130,0.95317,0.95344,1.00,1.00
2016.09.01 08:50:38.290,0.9532,0.95345,1.00,1.00
2016.09.01 08:50:38.807,0.95318,0.95343,1.00,1.00
2016.09.01 08:50:39.409,0.95317,0.95342,1.00,1.00
2016.09.01 08:50:40.126,0.95316,0.95341,1.00,1.00
2016.09.01 08:50:46.512,0.95316,0.95339,1.00,1.00
2016.09.01 08:50:47.043,0.95313,0.95339,1.00,1.00
2016.09.01 08:50:48.507,0.95314,0.95339,1.00,1.00
2016.09.01 08:50:48.708,0.95316,0.95341,1.00,1.00
2016.09.01 08:50:49.230,0.95317,0.95341,1.00,1.00
2016.09.01 08:50:49.331,0.95314,0.95339,1.50,1.00
2016.09.01 08:50:49.432,0.95315,0.95339,1.00,1.00
2016.09.01 08:50:50.535,0.95315,0.95341,1.00,1.35
2016.09.01 08:50:50.636,0.95316,0.95342,1.00,2.10
2016.09.01 08:50:50.737,0.95316,0.95342,1.00,1.60
2016.09.01 08:50:51.146,0.95316,0.95342,1.00,1.00
2016.09.01 08:50:54.856,0.95318,0.95342,1.00,1.00
2016.09.01 08:51:00.527,0.95319,0.95345,1.00,1.00
2016.09.01 08:51:00.579,0.95321,0.95345,1.00,1.00
2016.09.01 08:51:01.116,0.9532,0.95344,1.00,1.00
2016.09.01 08:51:01.221,0.9532,0.95346,1.00,1.00
2016.09.01 08:51:01.376,0.95322,0.95346,1.00,1.00
2016.09.01 08:51:01.477,0.95322,0.95346,1.00,1.00
2016.09.01 08:51:02.949,0.95322,0.95346,1.00,1.00
2016.09.01 08:51:08.062,0.9532,0.95344,1.00,1.00
2016.09.01 08:51:08.471,0.95318,0.95342,1.00,1.00
2016.09.01 08:51:08.572,0.95321,0.95347,1.00,1.00
2016.09.01 08:51:08.673,0.95321,0.95347,1.00,1.00
2016.09.01 08:51:09.019,0.9532,0.95344,1.00,1.00
2016.09.01 08:51:09.171,0.95321,0.95346,1.00,1.00
2016.09.01 08:51:09.543,0.95323,0.95346,1.00,1.00
2016.09.01 08:51:11.147,0.95323,0.95347,1.00,1.00
2016.09.01 08:51:11.557,0.95325,0.95348,1.00,1.00
2016.09.01 08:51:13.551,0.95326,0.95349,1.00,1.00
2016.09.01 08:51:13.852,0.95324,0.95347,1.00,1.00
2016.09.01 08:51:14.283,0.95323,0.95346,1.00,1.00
2016.09.01 08:51:14.558,0.9532,0.95346,1.00,1.00
2016.09.01 08:51:15.382,0.95328,0.95351,1.00,1.00
2016.09.01 08:51:15.483,0.95328,0.95353,1.00,1.00
2016.09.01 08:51:15.786,0.95331,0.95354,1.00,1.00
2016.09.01 08:51:17.309,0.95329,0.95354,1.00,1.00
2016.09.01 08:51:17.837,0.9533,0.95355,1.00,1.00
2016.09.01 08:51:19.213,0.95329,0.95354,1.00,1.00
2016.09.01 08:51:21.286,0.95328,0.95352,1.00,1.00
2016.09.01 08:51:26.822,0.95325,0.95351,1.00,1.00
2016.09.01 08:51:27.024,0.95327,0.9535,1.00,1.00
2016.09.01 08:51:29.807,0.95326,0.95349,1.00,1.00
2016.09.01 08:51:30.409,0.95323,0.95348,1.00,1.00
2016.09.01 08:51:31.002,0.95324,0.9535,1.00,1.00
2016.09.01 08:51:31.533,0.95325,0.9535,1.00,1.00
2016.09.01 08:51:33.508,0.95328,0.95351,1.00,1.00
2016.09.01 08:51:36.157,0.95324,0.95348,1.00,1.00
2016.09.01 08:51:36.840,0.95325,0.95351,1.00,1.00
2016.09.01 08:51:37.441,0.95327,0.95351,1.00,1.00
2016.09.01 08:51:38.172,0.95327,0.95351,1.00,1.00
2016.09.01 08:51:39.797,0.95326,0.9535,1.00,1.00
2016.09.01 08:51:41.643,0.95325,0.95349,1.00,1.00
2016.09.01 08:51:41.993,0.95325,0.95347,1.00,1.00
2016.09.01 08:51:43.227,0.95323,0.95347,1.00,1.00
2016.09.01 08:51:43.329,0.95323,0.95349,1.00,1.00
2016.09.01 08:51:43.430,0.95327,0.9535,1.00,1.35
2016.09.01 08:51:43.531,0.95327,0.9535,1.00,1.00
2016.09.01 08:51:44.174,0.95324,0.9535,1.00,1.00
2016.09.01 08:51:44.435,0.95324,0.95347,1.00,1.00
2016.09.01 08:51:45.040,0.95325,0.95349,1.00,1.00
2016.09.01 08:51:45.145,0.95324,0.95347,1.00,1.00
2016.09.01 08:51:45.195,0.95324,0.95347,1.00,1.50
2016.09.01 08:51:45.246,0.95322,0.95347,1.00,1.50
2016.09.01 08:51:45.296,0.95322,0.95347,1.00,1.00
2016.09.01 08:51:45.347,0.95321,0.95346,1.00,1.00
2016.09.01 08:51:45.569,0.95321,0.95344,1.00,1.00
2016.09.01 08:51:45.919,0.95319,0.95342,1.00,1.00
2016.09.01 08:51:51.582,0.9532,0.95343,1.00,1.00
2016.09.01 08:51:51.786,0.95317,0.95343,1.00,1.00
2016.09.01 08:51:51.937,0.95317,0.95342,1.00,1.00
2016.09.01 08:51:52.164,0.95317,0.95343,1.00,1.50
2016.09.01 08:51:54.251,0.95319,0.95342,1.00,1.00
2016.09.01 08:51:54.378,0.95319,0.95342,1.00,1.00
2016.09.01 08:51:55.167,0.95321,0.95345,1.00,1.00
2016.09.01 08:51:55.268,0.9532,0.95343,1.00,1.00
2016.09.01 08:51:55.451,0.95321,0.95345,1.00,1.00
2016.09.01 08:51:55.604,0.95323,0.95346,1.00,1.00
2016.09.01 08:51:56.056,0.95318,0.95343,1.00,1.00
2016.09.01 08:51:56.957,0.95316,0.95342,1.00,1.00
2016.09.01 08:51:58.685,0.95317,0.95342,1.00,1.00
2016.09.01 08:52:01.207,0.95319,0.95342,1.00,1.00
2016.09.01 08:52:01.666,0.95319,0.95345,1.00,1.00
2016.09.01 08:52:01.767,0.95322,0.95345,1.00,1.00
2016.09.01 08:52:04.713,0.95321,0.95347,1.00,1.00
2016.09.01 08:52:04.820,0.9532,0.95345,1.00,1.00
2016.09.01 08:52:05.202,0.9532,0.95343,1.00,1.00
2016.09.01 08:52:05.303,0.9532,0.95343,1.00,1.12
2016.09.01 08:52:05.404,0.95317,0.95342,1.00,1.00
2016.09.01 08:52:05.707,0.95319,0.95342,1.00,1.00
2016.09.01 08:52:06.323,0.95319,0.95343,1.00,1.00
2016.09.01 08:52:09.786,0.95318,0.95343,1.00,1.00
2016.09.01 08:52:10.388,0.95318,0.95342,1.00,1.00
2016.09.01 08:52:10.925,0.9532,0.95343,1.00,1.00
2016.09.01 08:52:11.228,0.95317,0.9534,1.00,1.00
2016.09.01 08:52:11.527,0.95318,0.95343,1.00,1.00
2016.09.01 08:52:11.729,0.95317,0.95341,1.00,1.00
2016.09.01 08:52:13.376,0.95317,0.9534,1.00,1.00
2016.09.01 08:52:13.426,0.95317,0.95342,1.00,1.00
2016.09.01 08:52:13.527,0.9532,0.95344,1.00,1.00
2016.09.01 08:52:14.044,0.95319,0.95343,1.00,1.00
2016.09.01 08:52:14.941,0.95318,0.95343,1.00,1.00
2016.09.01 08:52:15.413,0.95319,0.95345,1.00,1.00
2016.09.01 08:52:16.107,0.9532,0.95343,1.00,1.00
2016.09.01 08:52:16.607,0.9532,0.95345,1.00,1.00
2016.09.01 08:52:17.147,0.9532,0.95343,1.00,1.00
2016.09.01 08:52:17.692,0.95319,0.95342,1.00,1.00
2016.09.01 08:52:19.449,0.9532,0.95343,1.00,1.00
2016.09.01 08:52:19.665,0.95321,0.95345,1.00,1.00
2016.09.01 08:52:20.265,0.95319,0.95345,1.00,1.00
2016.09.01 08:52:20.938,0.95318,0.95343,1.00,1.00
2016.09.01 08:52:21.635,0.95317,0.95342,1.00,1.00
2016.09.01 08:52:21.736,0.95318,0.95345,1.00,1.00
2016.09.01 08:52:21.837,0.95318,0.95342,1.00,1.00
2016.09.01 08:52:22.426,0.95318,0.95341,1.00,1.00
2016.09.01 08:52:25.365,0.95318,0.95343,1.00,1.00
2016.09.01 08:52:25.903,0.95319,0.95343,1.00,1.00
2016.09.01 08:52:26.565,0.9532,0.95343,1.00,1.00
2016.09.01 08:52:27.141,0.95318,0.95343,1.00,1.00
2016.09.01 08:52:27.560,0.95319,0.95345,1.00,1.00
2016.09.01 08:52:28.158,0.95319,0.95344,1.00,1.00
2016.09.01 08:52:31.977,0.95318,0.95342,1.00,1.00
2016.09.01 08:52:35.587,0.95318,0.95341,1.00,1.00
2016.09.01 08:52:35.688,0.95315,0.95341,1.00,1.00
2016.09.01 08:52:36.078,0.95319,0.95344,1.00,1.00
2016.09.01 08:52:36.550,0.95318,0.95343,1.00,1.12
2016.09.01 08:52:36.601,0.95315,0.9534,1.00,1.00
2016.09.01 08:52:36.984,0.95313,0.95338,1.00,1.00
2016.09.01 08:52:37.406,0.95315,0.95338,1.00,1.00
2016.09.01 08:52:38.186,0.95313,0.95336,1.00,1.00
2016.09.01 08:52:38.474,0.9531,0.95335,1.00,1.00
2016.09.01 08:52:38.686,0.9531,0.95333,1.00,1.00
2016.09.01 08:52:39.295,0.95311,0.95334,1.00,1.00
2016.09.01 08:52:39.879,0.9531,0.95333,1.00,1.00
2016.09.01 08:52:40.947,0.9531,0.95333,1.12,1.00
2016.09.01 08:52:41.039,0.9531,0.95333,1.00,1.00
2016.09.01 08:52:41.712,0.95307,0.95333,1.87,1.00
2016.09.01 08:52:41.763,0.95307,0.95333,1.50,1.00
2016.09.01 08:52:41.814,0.9531,0.95333,1.00,1.00
2016.09.01 08:52:41.915,0.95311,0.95335,1.00,1.00
2016.09.01 08:52:42.016,0.95309,0.95332,1.00,1.00
2016.09.01 08:52:42.130,0.9531,0.95334,1.00,1.00
2016.09.01 08:52:42.231,0.95312,0.95336,1.00,1.00
2016.09.01 08:52:43.595,0.95308,0.95333,1.37,1.00
2016.09.01 08:52:43.645,0.95308,0.95333,1.00,1.00
2016.09.01 08:52:43.847,0.95307,0.95333,1.00,1.00
2016.09.01 08:52:44.296,0.95312,0.95336,1.00,1.00
2016.09.01 08:52:44.697,0.95306,0.9533,1.00,1.00
2016.09.01 08:52:44.798,0.95309,0.95334,1.00,1.00
2016.09.01 08:52:44.848,0.95309,0.95334,1.00,1.35
2016.09.01 08:52:44.899,0.95309,0.95334,1.00,1.00
2016.09.01 08:52:44.950,0.95309,0.95334,1.00,1.00
2016.09.01 08:52:45.130,0.95304,0.95338,1.12,1.60
2016.09.01 08:52:45.182,0.95305,0.95338,1.00,1.97
2016.09.01 08:52:45.650,0.95305,0.95335,1.00,1.30
2016.09.01 08:52:45.850,0.95305,0.95338,1.00,1.37
2016.09.01 08:52:45.901,0.95307,0.95334,1.00,1.00
2016.09.01 08:52:45.951,0.95307,0.95334,1.50,1.00
2016.09.01 08:52:46.260,0.95307,0.95334,1.00,1.00
2016.09.01 08:52:46.361,0.95307,0.95334,1.00,1.12
2016.09.01 08:52:46.411,0.95304,0.95331,1.00,1.00
2016.09.01 08:52:46.547,0.95303,0.95328,1.00,1.00
2016.09.01 08:52:46.597,0.95299,0.9533,1.50,1.12
2016.09.01 08:52:46.698,0.953,0.95331,1.00,1.87
2016.09.01 08:52:46.800,0.95302,0.95333,1.00,1.72
2016.09.01 08:52:46.951,0.95303,0.95333,1.00,1.35
2016.09.01 08:52:47.130,0.95302,0.95333,1.87,1.35
2016.09.01 08:52:47.181,0.95302,0.95336,1.37,1.12
2016.09.01 08:52:47.232,0.95302,0.95336,1.37,1.12
2016.09.01 08:52:47.282,0.95298,0.95335,2.47,1.00
2016.09.01 08:52:47.333,0.95298,0.95335,2.62,1.00
2016.09.01 08:52:47.383,0.95299,0.95334,1.37,1.37
2016.09.01 08:52:47.434,0.95299,0.95334,1.37,1.97
2016.09.01 08:52:47.484,0.95298,0.95331,1.50,1.37
2016.09.01 08:52:47.535,0.95298,0.95331,1.50,1.37
2016.09.01 08:52:47.586,0.95298,0.9533,1.50,1.12
2016.09.01 08:52:47.842,0.95298,0.9533,1.00,1.12
2016.09.01 08:52:47.892,0.95298,0.9533,1.00,1.00
2016.09.01 08:52:48.155,0.95298,0.9533,1.00,1.00
2016.09.01 08:52:48.213,0.95298,0.9533,1.00,1.00
2016.09.01 08:52:48.741,0.95298,0.95329,1.00,1.00
2016.09.01 08:52:48.854,0.95298,0.95329,1.00,1.12
2016.09.01 08:52:49.397,0.95298,0.95329,1.00,1.00
2016.09.01 08:52:49.447,0.95298,0.95329,1.00,1.00
2016.09.01 08:52:49.720,0.95303,0.95331,1.00,1.12
2016.09.01 08:52:49.771,0.95303,0.9533,1.00,1.00
2016.09.01 08:52:49.872,0.95303,0.95334,1.00,1.00
2016.09.01 08:52:49.923,0.95303,0.95332,1.00,1.00
2016.09.01 08:52:50.074,0.95303,0.95332,1.00,1.00
2016.09.01 08:52:50.125,0.95304,0.95334,1.00,1.30
2016.09.01 08:52:50.250,0.95304,0.95332,1.00,1.00
2016.09.01 08:52:50.420,0.95304,0.95332,1.12,1.00
2016.09.01 08:52:50.471,0.95304,0.95332,1.12,1.00
2016.09.01 08:52:50.525,0.95304,0.95332,1.12,1.00
2016.09.01 08:52:51.560,0.95311,0.95337,1.00,1.00
2016.09.01 08:52:51.661,0.95312,0.95341,1.00,1.00
2016.09.01 08:52:52.619,0.9531,0.95339,1.00,1.00
2016.09.01 08:52:53.961,0.95311,0.95341,1.00,1.00
2016.09.01 08:52:55.425,0.95314,0.95337,1.00,1.00
2016.09.01 08:52:55.963,0.95313,0.95336,1.00,1.00
2016.09.01 08:52:57.231,0.95314,0.9534,1.00,1.00
2016.09.01 08:52:57.737,0.95314,0.95338,1.00,1.00
2016.09.01 08:52:57.972,0.95315,0.9534,1.00,1.00
2016.09.01 08:52:58.343,0.95316,0.95342,1.00,1.50
2016.09.01 08:52:58.394,0.95316,0.95342,1.00,1.00
2016.09.01 08:52:58.444,0.95319,0.95342,1.00,1.00
2016.09.01 08:52:58.545,0.95318,0.95344,1.00,1.00
2016.09.01 08:52:58.672,0.95319,0.95342,1.00,1.00
2016.09.01 08:52:58.874,0.95315,0.95341,1.00,1.00
2016.09.01 08:52:59.152,0.95317,0.95342,1.00,1.00
2016.09.01 08:52:59.572,0.9532,0.95345,1.00,1.00
2016.09.01 08:52:59.774,0.95319,0.95343,1.00,1.60
2016.09.01 08:52:59.825,0.95319,0.95343,1.00,1.97
2016.09.01 08:52:59.875,0.95316,0.95343,1.00,1.97
2016.09.01 08:52:59.976,0.95317,0.95341,1.00,1.72
2016.09.01 08:53:00.178,0.95317,0.9534,1.00,1.37
2016.09.01 08:53:00.472,0.95311,0.95338,1.00,1.37
2016.09.01 08:53:00.573,0.95311,0.95337,1.00,1.37
2016.09.01 08:53:00.654,0.95309,0.95337,1.00,1.37
2016.09.01 08:53:00.755,0.95309,0.95338,1.00,1.37
2016.09.01 08:53:00.977,0.9531,0.95339,1.00,1.37
2016.09.01 08:53:01.465,0.95308,0.95338,1.50,1.37
2016.09.01 08:53:01.667,0.9531,0.95337,1.00,1.37
2016.09.01 08:53:01.774,0.9531,0.95339,1.00,1.37
2016.09.01 08:53:02.312,0.95311,0.95338,1.00,1.37
2016.09.01 08:53:06.171,0.95311,0.95335,1.00,1.12
2016.09.01 08:53:06.266,0.95311,0.95335,1.00,1.37
2016.09.01 08:53:06.705,0.95309,0.95335,1.00,1.37
2016.09.01 08:53:07.287,0.95311,0.95334,1.00,1.12
2016.09.01 08:53:07.388,0.95311,0.95336,1.00,1.37
2016.09.01 08:53:07.438,0.95311,0.95336,1.00,1.00
2016.09.01 08:53:07.598,0.95312,0.95337,1.00,1.12
2016.09.01 08:53:07.690,0.95312,0.95337,1.00,1.37
2016.09.01 08:53:08.989,0.9531,0.95336,1.00,1.37
2016.09.01 08:53:09.165,0.95313,0.95337,1.00,1.37
2016.09.01 08:53:09.216,0.9531,0.95336,1.00,1.00
2016.09.01 08:53:09.328,0.9531,0.95335,1.00,1.12
2016.09.01 08:53:09.379,0.95309,0.95334,1.00,1.00
2016.09.01 08:53:09.696,0.95311,0.95336,1.00,1.00
2016.09.01 08:53:10.291,0.95312,0.95337,1.00,1.00
2016.09.01 08:53:10.443,0.95312,0.95337,1.00,1.12
2016.09.01 08:53:10.494,0.95312,0.95338,1.00,1.37
2016.09.01 08:53:10.544,0.95312,0.95338,1.00,1.00
2016.09.01 08:53:10.645,0.95312,0.95338,1.00,1.12
2016.09.01 08:53:11.208,0.95311,0.95336,1.00,1.00
2016.09.01 08:53:13.478,0.95313,0.95339,1.00,1.00
2016.09.01 08:53:13.589,0.95315,0.9534,1.00,1.12
2016.09.01 08:53:13.640,0.95315,0.9534,1.00,1.00
2016.09.01 08:53:13.690,0.95315,0.95338,1.00,1.00
2016.09.01 08:53:14.338,0.95316,0.9534,1.00,1.00
2016.09.01 08:53:14.902,0.95316,0.95339,1.00,1.00
2016.09.01 08:53:16.391,0.95318,0.95342,1.00,1.00
2016.09.01 08:53:16.593,0.95316,0.95341,1.00,1.00
2016.09.01 08:53:16.694,0.95315,0.95339,1.00,1.00
2016.09.01 08:53:18.272,0.95313,0.95338,1.00,1.00
2016.09.01 08:53:20.033,0.95311,0.95337,1.00,1.00
2016.09.01 08:53:20.224,0.95311,0.95334,1.00,1.00
2016.09.01 08:53:20.739,0.95308,0.95332,1.00,1.00
2016.09.01 08:53:21.897,0.95305,0.95331,1.00,1.00
2016.09.01 08:53:22.245,0.95307,0.95331,1.00,1.00
2016.09.01 08:53:22.712,0.95305,0.95329,1.00,1.00
2016.09.01 08:53:23.016,0.95307,0.9533,1.00,1.00
2016.09.01 08:53:25.007,0.95308,0.95331,1.00,1.00
2016.09.01 08:53:28.020,0.95309,0.95332,1.00,1.00
2016.09.01 08:53:28.248,0.95309,0.95334,1.00,1.00
2016.09.01 08:53:28.349,0.95307,0.95332,1.00,1.00
2016.09.01 08:53:30.640,0.95306,0.95331,1.00,1.00
2016.09.01 08:53:31.321,0.95307,0.95331,1.00,1.00
2016.09.01 08:53:31.823,0.95307,0.9533,1.00,1.00
2016.09.01 08:53:34.070,0.95308,0.95331,1.00,1.00
2016.09.01 08:53:34.656,0.95308,0.95332,1.00,1.00
2016.09.01 08:53:35.247,0.95308,0.95333,1.00,1.00
2016.09.01 08:53:35.553,0.95305,0.95329,1.00,1.00
2016.09.01 08:53:36.237,0.95305,0.95328,1.00,1.00
2016.09.01 08:53:36.765,0.95303,0.95326,1.00,1.00
2016.09.01 08:53:40.046,0.95304,0.95327,1.00,1.00
2016.09.01 08:53:40.822,0.95304,0.95327,1.00,1.00
2016.09.01 08:53:40.873,0.95298,0.95323,1.00,1.00
2016.09.01 08:53:41.044,0.95295,0.95321,1.00,1.00
2016.09.01 08:53:41.196,0.95298,0.95322,1.00,1.00
2016.09.01 08:53:41.737,0.95299,0.95323,1.00,1.00
2016.09.01 08:53:42.637,0.95304,0.95328,1.00,1.50
2016.09.01 08:53:42.688,0.95306,0.95332,1.00,1.50
2016.09.01 08:53:42.738,0.95306,0.95332,1.00,1.50
2016.09.01 08:53:42.789,0.95306,0.95332,1.00,1.00
2016.09.01 08:53:43.091,0.95309,0.95335,1.00,1.00
2016.09.01 08:53:43.488,0.95305,0.95329,1.00,1.00
2016.09.01 08:53:43.798,0.95303,0.95327,1.00,1.00
2016.09.01 08:53:44.699,0.95304,0.9533,1.00,1.00
2016.09.01 08:53:44.800,0.95306,0.9533,1.00,1.00
2016.09.01 08:53:45.371,0.95303,0.95327,1.00,1.00
2016.09.01 08:53:45.807,0.95306,0.9533,1.00,1.00
2016.09.01 08:53:46.071,0.95305,0.95332,1.00,1.00
2016.09.01 08:53:46.631,0.95304,0.95331,1.00,1.00
2016.09.01 08:53:47.304,0.95304,0.95329,1.00,1.00
2016.09.01 08:53:48.004,0.95305,0.9533,1.00,1.00
2016.09.01 08:53:48.321,0.95301,0.95326,1.00,1.00
2016.09.01 08:53:49.003,0.95303,0.95326,1.00,1.00
2016.09.01 08:53:50.387,0.953,0.95326,1.00,1.00
2016.09.01 08:53:51.377,0.95298,0.95325,1.00,1.00
2016.09.01 08:53:51.428,0.95297,0.95323,1.00,1.00
2016.09.01 08:53:54.047,0.95294,0.95316,1.00,1.35
2016.09.01 08:53:54.099,0.95293,0.95315,1.00,1.00
2016.09.01 08:53:54.176,0.95289,0.95315,1.00,1.00
2016.09.01 08:53:54.227,0.95291,0.95314,1.00,1.00
2016.09.01 08:53:54.277,0.95291,0.95314,1.12,1.00
2016.09.01 08:53:54.328,0.95291,0.95316,1.12,1.35
2016.09.01 08:53:54.379,0.95291,0.95316,1.37,1.00
2016.09.01 08:53:54.480,0.95291,0.95316,1.00,1.00
2016.09.01 08:53:55.024,0.9529,0.95316,1.00,1.00
2016.09.01 08:53:55.425,0.95292,0.95317,1.00,1.00
2016.09.01 08:53:56.327,0.95292,0.95318,1.00,1.00
2016.09.01 08:53:56.972,0.95292,0.95317,1.00,1.00
2016.09.01 08:53:59.506,0.95294,0.95317,1.00,1.00
2016.09.01 08:53:59.607,0.95293,0.95319,1.00,1.00
2016.09.01 08:53:59.736,0.95295,0.95318,1.00,1.00
2016.09.01 08:54:00.039,0.95298,0.95321,1.00,1.00
2016.09.01 08:54:00.357,0.95295,0.95319,1.00,1.00
2016.09.01 08:54:00.591,0.95292,0.95318,1.00,1.00
2016.09.01 08:54:01.821,0.95294,0.95318,1.00,1.00
2016.09.01 08:54:02.123,0.95293,0.95316,1.00,1.00
2016.09.01 08:54:03.524,0.95296,0.95319,1.00,1.00
2016.09.01 08:54:03.625,0.95297,0.95321,1.00,1.00
2016.09.01 08:54:03.676,0.95297,0.95321,1.00,1.00
2016.09.01 08:54:03.726,0.95296,0.95321,1.50,1.00
2016.09.01 08:54:03.827,0.95297,0.95323,1.00,1.00
2016.09.01 08:54:03.878,0.95297,0.95323,1.00,1.00
2016.09.01 08:54:04.017,0.95297,0.95323,1.12,1.00
2016.09.01 08:54:04.118,0.95297,0.95323,1.00,1.00
2016.09.01 08:54:04.334,0.95296,0.95319,1.50,1.00
2016.09.01 08:54:04.434,0.95293,0.95325,1.37,1.00
2016.09.01 08:54:04.727,0.95293,0.95325,1.12,1.00
2016.09.01 08:54:06.421,0.95293,0.95325,1.00,1.00
2016.09.01 08:54:06.496,0.95292,0.95325,1.12,1.00
2016.09.01 08:54:06.646,0.95296,0.95321,1.00,1.00
2016.09.01 08:54:07.197,0.95296,0.95322,1.00,1.00
2016.09.01 08:54:07.247,0.95298,0.95322,1.00,1.00
2016.09.01 08:54:07.651,0.95296,0.95322,1.00,1.00
2016.09.01 08:54:07.702,0.95296,0.95322,1.00,1.00
2016.09.01 08:54:08.131,0.95298,0.95323,1.00,1.00
2016.09.01 08:54:08.333,0.95298,0.95325,1.00,1.00
2016.09.01 08:54:09.086,0.95298,0.95325,1.00,1.00
2016.09.01 08:54:09.952,0.95298,0.95325,1.50,1.00
2016.09.01 08:54:10.053,0.95298,0.95325,1.00,1.00
2016.09.01 08:54:10.662,0.95296,0.95321,1.00,1.00
2016.09.01 08:54:11.233,0.95298,0.95321,1.00,1.00
2016.09.01 08:54:11.845,0.95299,0.95323,1.00,1.00
2016.09.01 08:54:13.370,0.95297,0.95322,1.00,1.00
2016.09.01 08:54:13.946,0.95299,0.95325,1.00,1.00
2016.09.01 08:54:14.666,0.95298,0.95324,1.00,1.00
2016.09.01 08:54:16.529,0.95299,0.95322,1.00,1.00
2016.09.01 08:54:16.742,0.953,0.95325,1.00,1.00
2016.09.01 08:54:20.163,0.95302,0.95325,1.00,1.00
2016.09.01 08:54:20.712,0.95303,0.95326,1.00,1.00
2016.09.01 08:54:25.280,0.95301,0.95325,1.00,1.00
2016.09.01 08:54:26.381,0.95302,0.95326,1.00,1.00
2016.09.01 08:54:27.136,0.95303,0.95326,1.00,1.00
2016.09.01 08:54:27.746,0.95303,0.95327,1.00,1.00
2016.09.01 08:54:31.996,0.95304,0.95327,1.00,1.00
2016.09.01 08:54:32.749,0.95304,0.95327,1.00,1.00
2016.09.01 08:54:32.881,0.95304,0.9533,1.00,1.00
2016.09.01 08:54:33.035,0.95308,0.95329,1.00,1.00
2016.09.01 08:54:33.242,0.95303,0.95329,1.50,1.00
2016.09.01 08:54:36.647,0.95303,0.95329,1.87,1.00
2016.09.01 08:54:36.758,0.95307,0.9533,1.00,1.00
2016.09.01 08:54:38.374,0.95307,0.9533,1.50,1.00
2016.09.01 08:54:38.425,0.95307,0.9533,1.00,1.00
2016.09.01 08:54:39.694,0.95306,0.9533,1.00,1.00
2016.09.01 08:54:40.009,0.95304,0.95328,1.00,1.00
2016.09.01 08:54:40.727,0.95304,0.95328,1.00,1.00
2016.09.01 08:54:42.930,0.95304,0.95328,1.00,1.00
2016.09.01 08:54:43.331,0.95301,0.95326,1.50,1.00
2016.09.01 08:54:43.382,0.95301,0.95326,1.00,1.00
2016.09.01 08:54:46.988,0.95301,0.95327,1.00,1.00
2016.09.01 08:54:47.199,0.95303,0.95327,1.00,1.00
2016.09.01 08:54:47.301,0.95298,0.95323,1.00,1.00
2016.09.01 08:54:47.453,0.95296,0.95322,1.50,1.00
2016.09.01 08:54:47.503,0.95296,0.95322,1.00,1.00
2016.09.01 08:54:47.998,0.95294,0.95327,1.87,1.30
2016.09.01 08:54:48.673,0.95294,0.95328,1.50,1.72
2016.09.01 08:54:49.038,0.95297,0.95328,1.00,1.72
2016.09.01 08:54:49.151,0.95294,0.95328,1.50,1.72
2016.09.01 08:54:49.203,0.95304,0.95327,1.00,1.35
2016.09.01 08:54:49.354,0.95304,0.95327,1.00,1.00
2016.09.01 08:54:49.405,0.95304,0.9533,1.00,1.00
2016.09.01 08:54:50.312,0.95304,0.95327,1.00,1.00
2016.09.01 08:54:54.643,0.95301,0.95322,1.00,1.00
2016.09.01 08:54:54.693,0.95298,0.95322,1.00,1.00
2016.09.01 08:54:55.037,0.953,0.95324,1.00,1.00
2016.09.01 08:54:55.545,0.953,0.95323,1.00,1.00
2016.09.01 08:54:56.059,0.95301,0.95324,1.00,1.00
2016.09.01 08:54:57.638,0.953,0.95324,1.00,1.00
2016.09.01 08:54:57.885,0.95296,0.95321,1.00,1.00
2016.09.01 08:54:58.450,0.95297,0.95321,1.00,1.00
2016.09.01 08:54:58.622,0.95294,0.95319,1.00,1.00
2016.09.01 08:54:58.672,0.95294,0.95319,1.00,1.00
2016.09.01 08:55:00.844,0.95295,0.9532,1.00,1.00
2016.09.01 08:55:02.015,0.95294,0.95319,1.00,1.00
2016.09.01 08:55:02.554,0.95293,0.95319,1.00,1.00
2016.09.01 08:55:04.857,0.95293,0.95319,1.00,1.00
2016.09.01 08:55:05.037,0.95296,0.95324,1.00,1.00
2016.09.01 08:55:05.088,0.95297,0.95323,1.00,1.00
2016.09.01 08:55:05.138,0.95302,0.95327,1.00,1.72
2016.09.01 08:55:05.189,0.95302,0.95327,1.00,1.60
2016.09.01 08:55:05.240,0.95301,0.95325,1.00,1.35
2016.09.01 08:55:05.341,0.95301,0.95325,1.00,1.00
2016.09.01 08:55:05.831,0.95297,0.95321,1.50,1.00
2016.09.01 08:55:05.888,0.95297,0.95321,1.00,1.00
2016.09.01 08:55:06.872,0.95299,0.95323,1.00,1.00
2016.09.01 08:55:09.728,0.95297,0.95324,1.00,1.00
2016.09.01 08:55:10.229,0.95299,0.95322,1.00,1.00
2016.09.01 08:55:11.148,0.95299,0.95323,1.00,1.00
2016.09.01 08:55:12.252,0.95299,0.95324,1.00,1.00
2016.09.01 08:55:13.854,0.95304,0.95327,1.00,1.00
2016.09.01 08:55:14.936,0.95304,0.95328,1.00,1.00
2016.09.01 08:55:15.679,0.953,0.95325,1.50,1.00
2016.09.01 08:55:15.730,0.953,0.95325,1.00,1.00
2016.09.01 08:55:15.781,0.95299,0.95323,1.00,1.00
2016.09.01 08:55:15.883,0.95297,0.95322,1.00,1.00
2016.09.01 08:55:16.085,0.95297,0.9532,1.00,1.00
2016.09.01 08:55:25.061,0.95297,0.95322,1.00,1.00
2016.09.01 08:55:25.162,0.95301,0.95325,1.00,1.12
2016.09.01 08:55:25.212,0.95301,0.95325,1.00,1.00
2016.09.01 08:55:25.414,0.95301,0.95323,1.00,1.00
2016.09.01 08:55:25.465,0.95296,0.95319,1.00,1.00
2016.09.01 08:55:25.584,0.95294,0.95317,1.00,1.00
2016.09.01 08:55:25.877,0.95295,0.9532,1.00,1.00
2016.09.01 08:55:26.100,0.95302,0.95325,1.00,1.00
2016.09.01 08:55:26.201,0.95297,0.95331,1.50,1.37
2016.09.01 08:55:26.302,0.95297,0.95331,1.87,1.00
2016.09.01 08:55:26.352,0.95298,0.95331,1.12,1.00
2016.09.01 08:55:26.500,0.95298,0.95331,1.00,1.00
2016.09.01 08:55:26.550,0.95298,0.95331,1.12,1.00
2016.09.01 08:55:26.802,0.95298,0.95331,1.00,1.00
2016.09.01 08:55:26.966,0.95302,0.95327,1.00,1.00
2016.09.01 08:55:31.526,0.95302,0.95326,1.00,1.00
2016.09.01 08:55:32.035,0.95303,0.95326,1.00,1.00
2016.09.01 08:55:35.438,0.95301,0.95325,1.00,1.00
2016.09.01 08:55:37.517,0.953,0.95325,1.00,1.00
2016.09.01 08:55:39.635,0.95302,0.95326,1.00,1.00
2016.09.01 08:55:39.837,0.953,0.95325,1.00,1.00
2016.09.01 08:55:39.938,0.953,0.95323,1.00,1.00
2016.09.01 08:55:40.509,0.95299,0.95323,1.00,1.00
2016.09.01 08:55:41.928,0.95298,0.95321,1.00,1.00
2016.09.01 08:55:43.535,0.95299,0.95322,1.00,1.00
2016.09.01 08:55:44.412,0.95295,0.95318,1.00,1.00
2016.09.01 08:55:44.514,0.9529,0.95315,1.50,1.00
2016.09.01 08:55:44.564,0.95292,0.95315,1.00,1.00
2016.09.01 08:55:44.615,0.95292,0.95317,1.00,1.00
2016.09.01 08:55:44.666,0.95291,0.95317,1.00,1.00
2016.09.01 08:55:44.716,0.95294,0.9532,1.00,1.00
2016.09.01 08:55:45.055,0.95297,0.9532,1.00,1.00
2016.09.01 08:55:45.419,0.95298,0.95322,1.00,1.00
2016.09.01 08:55:45.927,0.95298,0.95323,1.00,1.00
2016.09.01 08:55:46.615,0.95299,0.95323,1.00,1.00
2016.09.01 08:55:47.824,0.95299,0.95322,1.00,1.00
2016.09.01 08:55:48.118,0.95296,0.95321,1.00,1.00
2016.09.01 08:55:48.219,0.95295,0.9532,1.50,1.00
2016.09.01 08:55:48.270,0.95295,0.9532,1.00,1.00
2016.09.01 08:55:49.324,0.95295,0.95321,1.00,1.00
2016.09.01 08:55:49.940,0.95298,0.95322,1.00,1.00
2016.09.01 08:55:50.458,0.95299,0.95323,1.00,1.00
2016.09.01 08:55:51.169,0.95298,0.95322,1.00,1.00
2016.09.01 08:55:53.026,0.95296,0.95321,1.00,1.00
2016.09.01 08:55:53.127,0.95296,0.95319,1.00,1.00
2016.09.01 08:55:53.431,0.95294,0.95319,1.00,1.00
2016.09.01 08:55:53.627,0.95296,0.95319,1.00,1.00
2016.09.01 08:55:54.428,0.95292,0.95312,1.00,1.00
2016.09.01 08:55:54.600,0.95287,0.95312,1.00,1.00
2016.09.01 08:55:54.651,0.95285,0.95306,1.00,1.00
2016.09.01 08:55:54.753,0.95278,0.9531,1.37,1.00
2016.09.01 08:55:54.803,0.95275,0.9531,2.85,1.00
2016.09.01 08:55:54.854,0.95275,0.9531,2.25,1.00
2016.09.01 08:55:55.005,0.95276,0.9531,1.12,1.00
2016.09.01 08:55:55.056,0.95276,0.9531,1.50,1.00
2016.09.01 08:55:55.157,0.95276,0.9531,1.12,1.00
2016.09.01 08:55:55.207,0.95276,0.9531,1.00,1.00
2016.09.01 08:55:55.431,0.95277,0.95311,1.00,1.00
2016.09.01 08:55:55.483,0.95277,0.95312,1.37,1.00
2016.09.01 08:55:55.662,0.95282,0.95317,1.37,1.00
2016.09.01 08:55:55.762,0.95286,0.95318,1.00,1.00
2016.09.01 08:55:55.863,0.95286,0.95321,1.37,1.00
2016.09.01 08:55:56.015,0.95287,0.95321,1.12,1.00
2016.09.01 08:55:56.283,0.95288,0.95322,1.00,1.00
2016.09.01 08:55:56.349,0.95289,0.95324,1.00,1.50
2016.09.01 08:55:56.400,0.95289,0.95324,1.00,1.50
2016.09.01 08:55:56.551,0.9529,0.95319,1.00,1.00
2016.09.01 08:55:56.661,0.9529,0.95319,1.00,1.00
2016.09.01 08:55:56.770,0.9529,0.95319,1.12,1.00
2016.09.01 08:55:56.871,0.9529,0.95321,1.37,1.00
2016.09.01 08:55:57.026,0.95293,0.95321,1.00,1.00
2016.09.01 08:55:57.255,0.95289,0.95317,1.50,1.00
2016.09.01 08:55:57.357,0.9529,0.95319,1.00,1.00
2016.09.01 08:55:59.438,0.9529,0.95317,1.00,1.00
2016.09.01 08:56:00.084,0.95289,0.95317,1.37,1.00
2016.09.01 08:56:00.189,0.95288,0.95319,1.37,1.00
2016.09.01 08:56:00.245,0.9529,0.95319,1.12,1.00
2016.09.01 08:56:00.295,0.9529,0.95319,1.00,1.00
2016.09.01 08:56:00.409,0.9529,0.95319,1.00,1.35
2016.09.01 08:56:00.492,0.95289,0.95316,1.00,1.00
2016.09.01 08:56:00.558,0.9529,0.95321,1.00,1.00
2016.09.01 08:56:00.609,0.9529,0.95321,1.00,1.50
2016.09.01 08:56:00.659,0.95297,0.95322,1.00,1.00
2016.09.01 08:56:00.760,0.95293,0.95328,1.37,1.60
2016.09.01 08:56:00.811,0.95293,0.95328,1.50,1.60
2016.09.01 08:56:00.862,0.95296,0.95331,1.37,1.00
2016.09.01 08:56:00.912,0.95296,0.95331,1.37,1.00
2016.09.01 08:56:00.963,0.95298,0.95332,1.00,1.00
2016.09.01 08:56:01.197,0.95295,0.95332,1.00,1.50
2016.09.01 08:56:01.465,0.95296,0.95331,1.00,1.00
2016.09.01 08:56:01.685,0.95299,0.95328,1.00,1.00
2016.09.01 08:56:02.144,0.95297,0.95328,1.00,1.00
2016.09.01 08:56:02.513,0.95297,0.95328,1.00,1.00
2016.09.01 08:56:03.246,0.95298,0.95325,1.00,1.00
2016.09.01 08:56:04.588,0.953,0.95326,1.00,1.00
2016.09.01 08:56:04.929,0.953,0.95324,1.00,1.00
2016.09.01 08:56:06.070,0.953,0.95323,1.00,1.00
2016.09.01 08:56:07.053,0.953,0.95325,1.00,1.00
2016.09.01 08:56:07.592,0.95299,0.95324,1.00,1.00
2016.09.01 08:56:10.365,0.953,0.95325,1.00,1.00
2016.09.01 08:56:10.978,0.953,0.95323,1.00,1.00
2016.09.01 08:56:11.165,0.95299,0.95325,1.00,1.00
2016.09.01 08:56:11.660,0.95301,0.95324,1.00,1.00
2016.09.01 08:56:13.093,0.95301,0.95325,1.00,1.00
2016.09.01 08:56:13.567,0.95299,0.95324,1.00,1.00
2016.09.01 08:56:14.100,0.95296,0.9532,1.50,1.00
2016.09.01 08:56:14.151,0.95296,0.9532,1.50,1.00
2016.09.01 08:56:14.262,0.95296,0.95319,1.50,1.00
2016.09.01 08:56:14.313,0.95296,0.95319,1.50,1.00
2016.09.01 08:56:14.500,0.95296,0.95319,1.00,1.00
2016.09.01 08:56:15.166,0.95297,0.9532,1.00,1.00
2016.09.01 08:56:16.497,0.95294,0.95321,1.00,1.00
2016.09.01 08:56:16.598,0.95294,0.95318,1.00,1.00
2016.09.01 08:56:20.543,0.95294,0.95318,1.50,1.00
2016.09.01 08:56:21.796,0.95294,0.95318,1.00,1.00
2016.09.01 08:56:22.122,0.95296,0.95319,1.00,1.00
2016.09.01 08:56:22.660,0.95295,0.95318,1.00,1.00
2016.09.01 08:56:23.211,0.95296,0.95321,1.00,1.00
2016.09.01 08:56:23.313,0.95298,0.95322,1.00,1.00
2016.09.01 08:56:24.937,0.95299,0.95322,1.00,1.00
2016.09.01 08:56:25.097,0.95298,0.95324,1.00,1.00
2016.09.01 08:56:27.316,0.95297,0.95323,1.00,1.00
2016.09.01 08:56:28.601,0.95298,0.95324,1.00,1.00
2016.09.01 08:56:31.109,0.95298,0.95325,1.00,1.00
2016.09.01 08:56:31.210,0.953,0.95325,1.00,1.00
2016.09.01 08:56:32.211,0.95301,0.95326,1.00,1.00
2016.09.01 08:56:32.361,0.95298,0.95326,1.00,1.00
2016.09.01 08:56:32.411,0.95298,0.95326,1.00,1.00
2016.09.01 08:56:32.773,0.95298,0.95326,1.00,1.00
2016.09.01 08:56:33.173,0.95298,0.95326,1.00,1.00
2016.09.01 08:56:33.374,0.95298,0.95326,1.00,1.00
2016.09.01 08:56:33.515,0.953,0.95326,1.00,1.00
2016.09.01 08:56:35.967,0.95301,0.95327,1.00,1.00
2016.09.01 08:56:36.830,0.953,0.95325,1.00,1.00
2016.09.01 08:56:37.864,0.95301,0.95325,1.00,1.00
2016.09.01 08:56:38.170,0.953,0.95323,1.00,1.00
2016.09.01 08:56:40.439,0.953,0.95326,1.00,1.00
2016.09.01 08:56:41.470,0.95302,0.95325,1.00,1.00
2016.09.01 08:56:43.279,0.953,0.95325,1.00,1.00
2016.09.01 08:56:43.380,0.95298,0.95323,1.00,1.00
2016.09.01 08:56:45.269,0.95297,0.95323,1.00,1.00
2016.09.01 08:56:45.370,0.95297,0.95323,1.50,1.00
2016.09.01 08:56:45.749,0.95298,0.95323,1.00,1.12
2016.09.01 08:56:45.800,0.95295,0.95318,1.00,1.00
2016.09.01 08:56:45.901,0.95294,0.95318,1.00,1.00
2016.09.01 08:56:46.154,0.95296,0.95319,1.12,1.00
2016.09.01 08:56:46.261,0.95297,0.9532,1.00,1.00
2016.09.01 08:56:46.874,0.95297,0.95321,1.00,1.00
2016.09.01 08:56:52.670,0.95298,0.95321,1.00,1.00
2016.09.01 08:56:52.771,0.95299,0.95323,1.00,1.00
2016.09.01 08:56:53.296,0.95301,0.95324,1.00,1.00
2016.09.01 08:56:54.971,0.953,0.95324,1.00,1.00
2016.09.01 08:56:55.510,0.953,0.95326,1.00,1.00
2016.09.01 08:56:55.611,0.953,0.95324,1.00,1.00
2016.09.01 08:57:00.936,0.95297,0.95322,1.00,1.00
2016.09.01 08:57:01.468,0.95296,0.95321,1.00,1.00
2016.09.01 08:57:02.184,0.95296,0.9532,1.00,1.00
2016.09.01 08:57:03.786,0.95296,0.95319,1.00,1.00
2016.09.01 08:57:05.612,0.95297,0.9532,1.00,1.00
2016.09.01 08:57:05.813,0.95295,0.95321,1.00,1.00
2016.09.01 08:57:06.363,0.95296,0.9532,1.00,1.00
2016.09.01 08:57:06.917,0.95295,0.9532,1.00,1.00
2016.09.01 08:57:09.138,0.95297,0.9532,1.00,1.00
2016.09.01 08:57:09.670,0.95297,0.95321,1.00,1.00
2016.09.01 08:57:10.291,0.95298,0.95321,1.00,1.00
2016.09.01 08:57:10.342,0.95296,0.95322,1.00,1.00
2016.09.01 08:57:10.897,0.953,0.95323,1.00,1.00
2016.09.01 08:57:10.998,0.95299,0.95325,1.00,1.00
2016.09.01 08:57:11.521,0.953,0.95325,1.00,1.00
2016.09.01 08:57:12.122,0.95297,0.95323,1.00,1.00
2016.09.01 08:57:12.721,0.95296,0.95322,1.00,1.00
2016.09.01 08:57:12.822,0.95295,0.9532,1.00,1.00
2016.09.01 08:57:16.751,0.95296,0.9532,1.00,1.00
2016.09.01 08:57:17.257,0.95296,0.95319,1.00,1.00
2016.09.01 08:57:25.175,0.95298,0.95321,1.00,1.00
2016.09.01 08:57:25.625,0.95299,0.95323,1.00,1.00
2016.09.01 08:57:33.139,0.95295,0.95321,1.50,1.00
2016.09.01 08:57:33.341,0.95295,0.95321,1.00,1.00
2016.09.01 08:57:38.450,0.95294,0.9532,1.00,1.00
2016.09.01 08:57:38.646,0.95294,0.9532,1.00,1.00
2016.09.01 08:57:40.288,0.95294,0.95317,1.00,1.00
2016.09.01 08:57:40.455,0.95297,0.95321,1.00,1.00
2016.09.01 08:57:41.557,0.95295,0.95322,1.00,1.00
2016.09.01 08:57:43.936,0.95294,0.95319,1.00,1.00
2016.09.01 08:57:44.290,0.95294,0.9532,1.00,1.00
2016.09.01 08:57:44.860,0.95294,0.9532,1.00,1.00
2016.09.01 08:57:47.368,0.95295,0.95318,1.00,1.00
2016.09.01 08:57:48.212,0.95298,0.95321,1.00,1.00
2016.09.01 08:57:48.528,0.95301,0.95324,1.00,1.00
2016.09.01 08:57:48.578,0.95296,0.95324,1.00,1.12
2016.09.01 08:57:48.629,0.95296,0.95324,1.00,1.72
2016.09.01 08:57:48.679,0.95298,0.95321,1.00,1.00
2016.09.01 08:57:48.781,0.95295,0.95321,1.00,1.00
2016.09.01 08:57:49.060,0.95297,0.95321,1.00,1.00
2016.09.01 08:57:49.111,0.95293,0.95326,1.00,1.97
2016.09.01 08:57:49.258,0.95293,0.95326,1.00,1.97
2016.09.01 08:57:49.328,0.95293,0.95322,1.00,1.30
2016.09.01 08:57:49.378,0.95293,0.95326,1.00,1.97
2016.09.01 08:57:49.658,0.95293,0.95322,1.00,1.30
2016.09.01 08:57:50.280,0.95295,0.9532,1.00,1.00
2016.09.01 08:57:51.278,0.95294,0.95319,1.00,1.00
2016.09.01 08:57:51.584,0.95292,0.95319,1.00,1.00
2016.09.01 08:57:51.980,0.95293,0.95316,1.00,1.00
2016.09.01 08:57:53.730,0.95292,0.95316,1.00,1.00
2016.09.01 08:57:55.387,0.95291,0.95314,1.00,1.00
2016.09.01 08:57:55.488,0.95294,0.95318,1.00,1.00
2016.09.01 08:57:55.690,0.95295,0.9532,1.00,1.00
2016.09.01 08:57:56.689,0.95295,0.95318,1.00,1.00
2016.09.01 08:57:57.467,0.95294,0.95317,1.00,1.00
2016.09.01 08:58:00.019,0.95295,0.95318,1.00,1.00
2016.09.01 08:58:00.532,0.95292,0.95318,1.00,1.00
2016.09.01 08:58:02.295,0.95294,0.95317,1.00,1.00
2016.09.01 08:58:07.108,0.95291,0.95317,1.00,1.00
2016.09.01 08:58:07.648,0.95293,0.95319,1.00,1.00
2016.09.01 08:58:17.341,0.95294,0.95319,1.00,1.00
2016.09.01 08:58:17.917,0.95294,0.9532,1.00,1.00
2016.09.01 08:58:19.320,0.95292,0.95316,1.00,1.00
2016.09.01 08:58:21.823,0.95291,0.95315,1.00,1.00
2016.09.01 08:58:22.168,0.95294,0.95317,1.00,1.00
2016.09.01 08:58:22.724,0.95294,0.95319,1.00,1.00
2016.09.01 08:58:27.932,0.95294,0.95325,1.00,2.47
2016.09.01 08:58:28.033,0.95291,0.95316,1.00,1.00
2016.09.01 08:58:28.083,0.95291,0.95316,1.50,1.00
2016.09.01 08:58:28.187,0.95291,0.95316,1.00,1.00
2016.09.01 08:58:28.688,0.9529,0.95315,1.00,1.00
2016.09.01 08:58:29.745,0.95287,0.95312,1.00,1.00
2016.09.01 08:58:29.846,0.95288,0.95313,1.00,1.00
2016.09.01 08:58:30.046,0.95289,0.95315,1.00,1.00
2016.09.01 08:58:30.148,0.95292,0.95316,1.00,1.00
2016.09.01 08:58:30.521,0.9529,0.95314,1.00,1.00
2016.09.01 08:58:30.735,0.9529,0.95316,1.00,1.00
2016.09.01 08:58:30.927,0.95292,0.95316,1.00,1.00
2016.09.01 08:58:32.438,0.95293,0.95317,1.00,1.00
2016.09.01 08:58:35.649,0.95292,0.95316,1.00,1.00
2016.09.01 08:58:36.044,0.95289,0.95315,1.00,1.00
2016.09.01 08:58:37.051,0.95293,0.95317,1.00,1.00
2016.09.01 08:58:42.776,0.95291,0.95314,1.00,1.00
2016.09.01 08:58:43.857,0.9529,0.95316,1.00,1.00
2016.09.01 08:58:45.660,0.95289,0.95314,1.00,1.00
2016.09.01 08:58:48.408,0.95287,0.95312,1.50,1.00
2016.09.01 08:58:48.458,0.95287,0.95312,1.50,1.00
2016.09.01 08:58:48.602,0.95288,0.95312,1.00,1.00
2016.09.01 08:58:50.673,0.9529,0.95313,1.00,1.00
2016.09.01 08:58:50.789,0.95291,0.95317,1.00,1.00
2016.09.01 08:58:51.434,0.95291,0.95318,1.00,1.00
2016.09.01 08:58:55.028,0.95291,0.95315,1.00,1.00
2016.09.01 08:58:55.724,0.95292,0.95316,1.00,1.00
2016.09.01 08:58:57.095,0.9529,0.95314,1.00,1.00
2016.09.01 08:58:57.706,0.95291,0.95315,1.00,1.00
2016.09.01 08:59:00.335,0.95291,0.95316,1.00,1.00
2016.09.01 08:59:01.808,0.95291,0.95314,1.00,1.00
2016.09.01 08:59:02.358,0.9529,0.95314,1.00,1.00
2016.09.01 08:59:02.984,0.9529,0.95315,1.00,1.00
2016.09.01 08:59:03.734,0.95288,0.95313,1.00,1.00
2016.09.01 08:59:03.785,0.95288,0.95313,1.00,1.00
2016.09.01 08:59:03.835,0.9529,0.95316,1.00,1.00
2016.09.01 08:59:04.356,0.95291,0.95317,1.00,1.00
2016.09.01 08:59:08.814,0.95291,0.95314,1.00,1.00
2016.09.01 08:59:09.808,0.95292,0.95314,1.00,1.00
2016.09.01 08:59:09.858,0.95299,0.95323,1.00,1.37
2016.09.01 08:59:09.909,0.95299,0.95325,1.12,1.00
2016.09.01 08:59:09.960,0.95309,0.95328,1.00,1.00
2016.09.01 08:59:10.011,0.95309,0.95334,1.00,1.00
2016.09.01 08:59:10.062,0.95302,0.95336,1.97,1.00
2016.09.01 08:59:10.112,0.95302,0.95336,2.10,1.37
2016.09.01 08:59:10.272,0.95302,0.95336,2.10,1.37
2016.09.01 08:59:10.323,0.95302,0.95336,2.85,1.37
2016.09.01 08:59:10.607,0.95303,0.95336,1.30,1.12
2016.09.01 08:59:11.049,0.95302,0.95336,2.62,1.12
2016.09.01 08:59:11.108,0.95302,0.95336,2.62,1.37
2016.09.01 08:59:11.211,0.95304,0.95327,1.00,1.00
2016.09.01 08:59:11.262,0.95302,0.95329,1.50,1.00
2016.09.01 08:59:11.313,0.95302,0.95329,1.00,1.00
2016.09.01 08:59:11.364,0.95304,0.95332,1.00,1.00
2016.09.01 08:59:11.878,0.95305,0.95332,1.00,1.00
2016.09.01 08:59:12.030,0.95303,0.95332,1.12,1.00
2016.09.01 08:59:12.207,0.95305,0.95332,1.00,1.00
2016.09.01 08:59:13.924,0.95306,0.95329,1.00,1.00
2016.09.01 08:59:15.135,0.95305,0.9533,1.00,1.00
2016.09.01 08:59:15.438,0.95304,0.95328,1.37,1.00
2016.09.01 08:59:15.539,0.95305,0.9533,1.00,1.00
2016.09.01 08:59:15.640,0.95305,0.95332,1.00,1.00
2016.09.01 08:59:15.745,0.95305,0.95332,1.12,1.00
2016.09.01 08:59:15.915,0.95305,0.95332,1.00,1.00
2016.09.01 08:59:16.528,0.95307,0.95332,1.00,1.00
2016.09.01 08:59:17.059,0.95309,0.95332,1.00,1.00
2016.09.01 08:59:17.587,0.95308,0.95331,1.00,1.00
2016.09.01 08:59:17.749,0.95308,0.95333,1.00,1.00
2016.09.01 08:59:18.316,0.95309,0.95334,1.00,1.00
2016.09.01 08:59:18.367,0.95309,0.95334,1.00,1.00
2016.09.01 08:59:18.468,0.95311,0.95334,1.00,1.00
2016.09.01 08:59:18.626,0.95311,0.95336,1.00,1.00
2016.09.01 08:59:21.336,0.95311,0.95335,1.00,1.00
2016.09.01 08:59:25.743,0.95312,0.95335,1.00,1.00
2016.09.01 08:59:26.344,0.95312,0.95337,1.00,1.00
2016.09.01 08:59:27.164,0.95316,0.95339,1.00,1.00
2016.09.01 08:59:27.945,0.95317,0.9534,1.00,1.00
2016.09.01 08:59:28.450,0.95317,0.95341,1.00,1.00
2016.09.01 08:59:31.484,0.95316,0.9534,1.00,1.00
2016.09.01 08:59:32.601,0.95316,0.95339,1.00,1.00
2016.09.01 08:59:33.186,0.95315,0.95338,1.00,1.00
2016.09.01 08:59:33.404,0.95312,0.95338,1.00,1.00
2016.09.01 08:59:34.658,0.9531,0.95335,1.00,1.00
2016.09.01 08:59:34.776,0.95311,0.95337,1.00,1.00
2016.09.01 08:59:35.334,0.9531,0.95336,1.00,1.00
2016.09.01 08:59:35.385,0.9531,0.95334,1.00,1.00
2016.09.01 08:59:36.963,0.95311,0.95335,1.00,1.00
2016.09.01 08:59:37.541,0.95312,0.95336,1.00,1.00
2016.09.01 08:59:37.971,0.9531,0.95334,1.00,1.00
2016.09.01 08:59:38.531,0.95309,0.95333,1.00,1.00
2016.09.01 08:59:40.312,0.95308,0.95332,1.00,1.00
2016.09.01 08:59:40.816,0.95311,0.95335,1.00,1.00
2016.09.01 08:59:41.532,0.9531,0.95334,1.00,1.00
2016.09.01 08:59:42.110,0.95311,0.95335,1.00,1.00
2016.09.01 08:59:42.261,0.95314,0.95338,1.00,1.00
2016.09.01 08:59:42.466,0.95314,0.95338,1.00,1.00
2016.09.01 08:59:43.199,0.95312,0.95337,1.00,1.00
2016.09.01 08:59:43.301,0.9531,0.95337,1.00,1.00
2016.09.01 08:59:43.402,0.95309,0.95336,1.00,1.00
2016.09.01 08:59:43.503,0.95311,0.95336,1.00,1.00
2016.09.01 08:59:43.917,0.95313,0.95338,1.00,1.00
2016.09.01 08:59:46.326,0.95314,0.95338,1.00,1.00
2016.09.01 08:59:46.526,0.95311,0.95338,1.00,1.00
2016.09.01 08:59:46.901,0.95311,0.95335,1.00,1.00
2016.09.01 08:59:47.609,0.95312,0.95337,1.00,1.00
2016.09.01 08:59:47.710,0.95314,0.95338,1.00,1.00
2016.09.01 08:59:48.249,0.95315,0.95339,1.00,1.00
2016.09.01 08:59:48.807,0.95313,0.95337,1.00,1.00
2016.09.01 08:59:52.315,0.95313,0.95337,1.35,1.00
2016.09.01 08:59:52.365,0.95313,0.95337,1.72,1.00
2016.09.01 08:59:52.416,0.95313,0.95345,2.10,1.00
2016.09.01 08:59:52.517,0.95318,0.95342,1.00,1.00
2016.09.01 08:59:53.216,0.95317,0.95341,1.00,1.00
2016.09.01 08:59:53.768,0.95316,0.9534,1.00,1.00
2016.09.01 08:59:54.272,0.95317,0.95341,1.00,1.00
2016.09.01 08:59:54.322,0.95315,0.95341,1.00,1.00
2016.09.01 08:59:54.423,0.95314,0.95339,1.00,1.00
2016.09.01 08:59:55.224,0.95315,0.95339,1.00,1.00
2016.09.01 08:59:55.802,0.95316,0.9534,1.00,1.00
2016.09.01 08:59:58.830,0.95317,0.95343,1.00,1.00
2016.09.01 08:59:59.032,0.95319,0.95343,1.00,1.00
2016.09.01 08:59:59.133,0.9532,0.95345,1.00,1.00
