2016.09.22 04:00:00.541,0.95965,0.9599,1.00,1.00
2016.09.22 04:00:00.944,0.95965,0.95996,1.00,1.00
2016.09.22 04:00:01.003,0.95965,0.95992,1.00,1.00
2016.09.22 04:00:01.104,0.95965,0.95996,1.00,1.50
2016.09.22 04:00:01.748,0.95962,0.95992,1.00,1.00
2016.09.22 04:00:02.006,0.95962,0.95995,1.00,1.00
2016.09.22 04:00:02.644,0.95962,0.95995,1.00,1.50
2016.09.22 04:00:04.146,0.95962,0.95995,1.00,1.87
2016.09.22 04:00:06.402,0.95962,0.95995,1.00,1.87
2016.09.22 04:00:06.599,0.95962,0.95995,1.00,1.87
2016.09.22 04:00:06.797,0.95963,0.95995,1.00,1.50
2016.09.22 04:00:07.346,0.95964,0.95995,1.00,1.50
2016.09.22 04:00:10.153,0.95964,0.95995,1.00,1.00
2016.09.22 04:00:11.139,0.95964,0.95995,1.00,1.00
2016.09.22 04:00:13.759,0.95964,0.95995,1.00,1.50
2016.09.22 04:00:17.249,0.95963,0.95995,1.00,1.50
2016.09.22 04:00:19.467,0.95963,0.95995,1.00,1.00
2016.09.22 04:00:20.566,0.95965,0.9599,1.00,1.00
2016.09.22 04:00:20.768,0.95963,0.95989,1.00,1.00
2016.09.22 04:00:20.970,0.95963,0.95989,1.50,1.00
2016.09.22 04:00:21.561,0.95964,0.9599,1.00,1.00
2016.09.22 04:00:24.171,0.95963,0.95988,1.50,1.00
2016.09.22 04:00:24.373,0.95963,0.95988,1.00,1.00
2016.09.22 04:00:28.587,0.95963,0.95988,1.50,1.00
2016.09.22 04:00:28.688,0.95966,0.95992,1.00,1.00
2016.09.22 04:00:29.087,0.95967,0.95992,1.00,1.00
2016.09.22 04:00:29.650,0.95967,0.95993,1.50,1.00
2016.09.22 04:00:30.772,0.95967,0.95993,1.00,1.00
2016.09.22 04:00:31.753,0.95968,0.95993,1.00,1.00
2016.09.22 04:00:32.266,0.95967,0.95992,1.00,1.00
2016.09.22 04:00:35.677,0.95968,0.95992,1.00,1.00
2016.09.22 04:00:35.862,0.95968,0.95996,1.00,1.00
2016.09.22 04:00:36.163,0.95968,0.95991,1.00,1.00
2016.09.22 04:00:36.264,0.95968,0.95996,1.00,1.00
2016.09.22 04:00:36.400,0.95968,0.95991,1.00,1.00
2016.09.22 04:00:37.589,0.95964,0.95991,1.00,1.00
2016.09.22 04:00:38.467,0.95965,0.95992,1.00,1.00
2016.09.22 04:00:39.369,0.95965,0.9599,1.00,1.00
2016.09.22 04:00:39.571,0.95964,0.95989,1.00,1.00
2016.09.22 04:00:40.095,0.95966,0.95992,1.00,1.00
2016.09.22 04:00:40.479,0.95967,0.95994,1.00,1.00
2016.09.22 04:00:42.775,0.95967,0.95991,1.00,1.00
2016.09.22 04:00:44.891,0.95964,0.9599,1.00,1.00
2016.09.22 04:00:45.601,0.95964,0.95988,1.00,1.00
2016.09.22 04:00:49.713,0.95961,0.95987,1.00,1.00
2016.09.22 04:00:49.813,0.95958,0.95981,1.00,1.00
2016.09.22 04:00:50.116,0.95958,0.95979,1.00,1.00
2016.09.22 04:00:50.396,0.95953,0.95979,1.00,1.00
2016.09.22 04:00:50.490,0.95954,0.95982,1.00,1.00
2016.09.22 04:00:50.541,0.95954,0.95986,1.00,1.00
2016.09.22 04:00:50.591,0.95957,0.95981,1.00,1.00
2016.09.22 04:00:50.793,0.95957,0.95984,1.00,1.00
2016.09.22 04:00:50.844,0.95957,0.95984,1.50,1.00
2016.09.22 04:00:51.207,0.95952,0.95978,1.00,1.00
2016.09.22 04:00:51.308,0.95951,0.95978,1.50,1.00
2016.09.22 04:00:51.412,0.95951,0.95978,1.00,1.60
2016.09.22 04:00:51.463,0.95944,0.95965,1.00,1.00
2016.09.22 04:00:51.513,0.95944,0.95966,1.00,1.00
2016.09.22 04:00:51.614,0.95942,0.95966,1.00,1.00
2016.09.22 04:00:51.816,0.95937,0.95964,1.50,1.00
2016.09.22 04:00:51.917,0.95937,0.95964,1.50,1.00
2016.09.22 04:00:52.018,0.95937,0.95964,1.00,1.00
2016.09.22 04:00:52.120,0.95935,0.9596,1.00,1.00
2016.09.22 04:00:52.310,0.95937,0.9596,1.00,1.00
2016.09.22 04:00:53.821,0.95938,0.95965,1.00,1.00
2016.09.22 04:00:53.922,0.95942,0.95965,1.00,1.00
2016.09.22 04:00:53.972,0.95942,0.9597,1.00,1.00
2016.09.22 04:00:54.124,0.95939,0.95969,1.00,1.00
2016.09.22 04:00:54.225,0.95938,0.95968,1.50,1.00
2016.09.22 04:00:55.044,0.95939,0.95967,1.00,1.00
2016.09.22 04:00:55.304,0.95941,0.95965,1.00,1.00
2016.09.22 04:00:56.139,0.95938,0.95967,1.50,1.00
2016.09.22 04:00:56.240,0.95937,0.95966,1.00,1.00
2016.09.22 04:00:56.631,0.95939,0.95965,1.00,1.00
2016.09.22 04:00:56.841,0.95942,0.95968,1.00,1.00
2016.09.22 04:00:57.234,0.9594,0.95966,1.00,1.00
2016.09.22 04:00:58.137,0.95938,0.95964,1.00,1.00
2016.09.22 04:00:58.457,0.95939,0.95968,1.00,1.00
2016.09.22 04:00:58.507,0.95939,0.95968,1.00,1.00
2016.09.22 04:00:58.558,0.95943,0.95971,1.00,1.00
2016.09.22 04:00:58.810,0.95943,0.95971,1.00,1.00
2016.09.22 04:00:59.547,0.95942,0.9597,1.00,1.00
2016.09.22 04:01:01.248,0.95942,0.9597,1.50,1.00
2016.09.22 04:01:01.821,0.95943,0.95969,1.00,1.00
2016.09.22 04:01:02.322,0.95942,0.9597,1.50,1.00
2016.09.22 04:01:02.923,0.95943,0.95969,1.00,1.00
2016.09.22 04:01:03.561,0.95942,0.95967,1.00,1.00
2016.09.22 04:01:03.611,0.95942,0.95967,1.00,1.00
2016.09.22 04:01:03.662,0.95933,0.95957,1.00,1.00
2016.09.22 04:01:03.763,0.95928,0.95957,1.00,1.00
2016.09.22 04:01:03.814,0.95928,0.95957,1.00,1.00
2016.09.22 04:01:03.864,0.95925,0.95953,1.00,1.50
2016.09.22 04:01:03.915,0.95925,0.95953,1.00,1.50
2016.09.22 04:01:03.965,0.95933,0.95956,1.00,1.00
2016.09.22 04:01:04.016,0.95933,0.95957,1.00,1.00
2016.09.22 04:01:04.066,0.95933,0.95964,1.00,1.00
2016.09.22 04:01:04.221,0.95938,0.95964,1.00,1.00
2016.09.22 04:01:04.647,0.95937,0.95966,1.00,1.00
2016.09.22 04:01:04.928,0.95937,0.95964,1.00,1.00
2016.09.22 04:01:05.169,0.95934,0.95964,1.00,1.00
2016.09.22 04:01:05.220,0.95934,0.95964,1.00,1.00
2016.09.22 04:01:05.545,0.95934,0.95964,1.00,1.00
2016.09.22 04:01:05.957,0.95933,0.95963,1.50,1.00
2016.09.22 04:01:06.058,0.95934,0.95965,1.00,1.00
2016.09.22 04:01:06.171,0.95934,0.95965,1.00,1.50
2016.09.22 04:01:06.256,0.95934,0.95965,1.00,1.00
2016.09.22 04:01:07.035,0.95936,0.95964,1.00,1.00
2016.09.22 04:01:07.336,0.95934,0.95964,1.00,1.00
2016.09.22 04:01:09.840,0.95934,0.95962,1.00,1.00
2016.09.22 04:01:10.167,0.95936,0.95962,1.00,1.00
2016.09.22 04:01:16.850,0.95936,0.95963,1.00,1.00
2016.09.22 04:01:17.794,0.95936,0.9596,1.00,1.00
2016.09.22 04:01:21.858,0.95935,0.9596,1.00,1.00
2016.09.22 04:01:21.979,0.95936,0.95962,1.00,1.00
2016.09.22 04:01:22.259,0.95935,0.9596,1.00,1.00
2016.09.22 04:01:22.961,0.95936,0.95961,1.00,1.00
2016.09.22 04:01:28.509,0.95935,0.95959,1.00,1.00
2016.09.22 04:01:28.702,0.95934,0.95958,1.00,1.00
2016.09.22 04:01:29.465,0.95934,0.95958,1.00,1.00
2016.09.22 04:01:31.878,0.95935,0.95959,1.00,1.00
2016.09.22 04:01:32.389,0.95933,0.95958,1.00,1.00
2016.09.22 04:01:36.984,0.95933,0.95959,1.00,1.00
2016.09.22 04:01:47.426,0.95935,0.95959,1.00,1.00
2016.09.22 04:02:02.425,0.95934,0.95958,1.00,1.00
2016.09.22 04:02:03.728,0.95934,0.9596,1.00,1.00
2016.09.22 04:02:12.268,0.95933,0.95958,1.00,1.00
2016.09.22 04:02:12.319,0.95933,0.95958,1.00,1.00
2016.09.22 04:02:12.584,0.95933,0.95958,1.00,1.00
2016.09.22 04:02:13.117,0.95934,0.95958,1.00,1.00
2016.09.22 04:02:13.268,0.95933,0.95957,1.50,1.00
2016.09.22 04:02:13.319,0.95933,0.95957,1.00,1.00
2016.09.22 04:02:13.581,0.95933,0.95957,1.50,1.00
2016.09.22 04:02:13.742,0.95933,0.95959,1.50,1.00
2016.09.22 04:02:14.285,0.95933,0.95959,1.00,1.00
2016.09.22 04:02:14.582,0.95933,0.95958,1.00,1.00
2016.09.22 04:02:14.744,0.95933,0.95959,1.50,1.00
2016.09.22 04:02:15.274,0.95933,0.95957,1.50,1.00
2016.09.22 04:02:15.324,0.95933,0.95957,1.00,1.00
2016.09.22 04:02:15.583,0.95933,0.95957,1.00,1.00
2016.09.22 04:02:15.777,0.95936,0.9596,1.00,1.00
2016.09.22 04:02:18.288,0.95934,0.95961,1.00,1.00
2016.09.22 04:02:18.650,0.95938,0.95961,1.00,1.00
2016.09.22 04:02:18.767,0.95936,0.95961,1.00,1.00
2016.09.22 04:02:20.798,0.95933,0.95959,1.50,1.00
2016.09.22 04:02:21.253,0.95935,0.95959,1.00,1.00
2016.09.22 04:02:34.878,0.95934,0.95958,1.00,1.00
2016.09.22 04:02:36.982,0.95933,0.9596,1.50,1.00
2016.09.22 04:02:37.985,0.95934,0.9596,1.00,1.00
2016.09.22 04:02:45.509,0.95936,0.9596,1.00,1.00
2016.09.22 04:02:47.502,0.95934,0.95961,1.00,1.00
2016.09.22 04:03:00.221,0.95935,0.9596,1.00,1.00
2016.09.22 04:03:02.524,0.95936,0.9596,1.00,1.00
2016.09.22 04:03:05.654,0.95934,0.95959,1.00,1.00
2016.09.22 04:03:05.760,0.95935,0.95962,1.00,1.00
2016.09.22 04:03:06.536,0.95934,0.95959,1.00,1.00
2016.09.22 04:03:06.830,0.95936,0.9596,1.00,1.00
2016.09.22 04:03:06.933,0.95938,0.9596,1.00,1.00
2016.09.22 04:03:07.531,0.95938,0.95959,1.00,1.00
2016.09.22 04:03:11.036,0.95938,0.95961,1.00,1.00
2016.09.22 04:03:22.158,0.95938,0.95962,1.00,1.00
2016.09.22 04:03:23.160,0.95938,0.95963,1.00,1.00
2016.09.22 04:03:32.373,0.95938,0.95961,1.00,1.00
2016.09.22 04:03:34.056,0.95935,0.95961,1.00,1.00
2016.09.22 04:03:38.687,0.95934,0.95959,1.00,1.00
2016.09.22 04:03:47.094,0.95935,0.95959,1.00,1.00
2016.09.22 04:03:47.195,0.95936,0.95961,1.00,1.00
2016.09.22 04:03:47.396,0.95933,0.95959,1.00,1.00
2016.09.22 04:03:48.097,0.95935,0.95961,1.00,1.00
2016.09.22 04:03:52.701,0.95935,0.95962,1.00,1.00
2016.09.22 04:03:53.554,0.95935,0.95962,1.00,1.00
2016.09.22 04:03:53.604,0.95934,0.95958,1.00,1.00
2016.09.22 04:03:55.074,0.95934,0.95958,1.00,1.00
2016.09.22 04:04:02.124,0.95933,0.95959,1.00,1.00
2016.09.22 04:04:02.688,0.95934,0.95959,1.00,1.00
2016.09.22 04:04:03.626,0.95935,0.95959,1.00,1.00
2016.09.22 04:04:07.732,0.95934,0.95959,1.00,1.00
2016.09.22 04:04:08.386,0.95934,0.95959,1.00,1.00
2016.09.22 04:04:13.966,0.95933,0.95957,1.00,1.00
2016.09.22 04:04:14.067,0.95932,0.95962,1.00,1.00
2016.09.22 04:04:14.243,0.95929,0.95953,1.00,1.00
2016.09.22 04:04:14.294,0.95929,0.95953,1.00,1.00
2016.09.22 04:04:14.395,0.95926,0.95952,1.00,1.00
2016.09.22 04:04:14.620,0.95928,0.95951,1.00,1.00
2016.09.22 04:04:14.671,0.95928,0.95954,1.50,1.00
2016.09.22 04:04:14.902,0.95928,0.95958,1.00,1.00
2016.09.22 04:04:14.952,0.95927,0.95954,1.00,1.00
2016.09.22 04:04:15.141,0.95926,0.95959,1.00,1.50
2016.09.22 04:04:15.795,0.95927,0.95959,1.00,1.50
2016.09.22 04:04:15.846,0.95927,0.95959,1.00,1.00
2016.09.22 04:04:16.139,0.95926,0.95959,1.00,1.50
2016.09.22 04:04:16.262,0.9593,0.95954,1.00,1.00
2016.09.22 04:04:16.363,0.95929,0.95956,1.00,1.00
2016.09.22 04:04:17.661,0.9593,0.95956,1.00,1.00
2016.09.22 04:04:18.846,0.9593,0.95954,1.00,1.00
2016.09.22 04:04:19.399,0.95931,0.95955,1.00,1.00
2016.09.22 04:04:19.864,0.95927,0.95954,1.00,1.00
2016.09.22 04:04:21.288,0.95928,0.95955,1.00,1.00
2016.09.22 04:04:21.339,0.95928,0.95955,1.50,1.00
2016.09.22 04:04:21.564,0.95928,0.95954,1.00,1.00
2016.09.22 04:04:21.716,0.95928,0.95954,1.00,1.00
2016.09.22 04:04:22.003,0.95928,0.95954,1.00,1.00
2016.09.22 04:04:22.054,0.95928,0.95959,1.00,1.50
2016.09.22 04:04:22.155,0.95933,0.95957,1.00,1.00
2016.09.22 04:04:22.256,0.95931,0.95958,1.00,1.00
2016.09.22 04:04:22.386,0.95931,0.95956,1.00,1.00
2016.09.22 04:04:22.594,0.95929,0.95956,1.00,1.00
2016.09.22 04:04:22.755,0.95928,0.95954,1.00,1.00
2016.09.22 04:04:23.601,0.95926,0.95955,1.00,1.00
2016.09.22 04:04:24.155,0.95925,0.95954,1.00,1.00
2016.09.22 04:04:28.382,0.95928,0.95953,1.00,1.00
2016.09.22 04:04:28.485,0.95928,0.95955,1.00,1.00
2016.09.22 04:04:28.535,0.95928,0.95955,1.50,1.00
2016.09.22 04:04:29.264,0.95928,0.95958,1.00,1.00
2016.09.22 04:04:29.315,0.95927,0.95958,1.00,1.00
2016.09.22 04:04:29.365,0.95931,0.95956,1.00,1.00
2016.09.22 04:04:29.677,0.95931,0.9596,1.00,1.00
2016.09.22 04:04:30.477,0.95934,0.95961,1.00,1.00
2016.09.22 04:04:31.865,0.95931,0.9596,1.00,1.00
2016.09.22 04:04:32.666,0.95933,0.95961,1.00,1.00
2016.09.22 04:04:32.988,0.95933,0.95959,1.00,1.00
2016.09.22 04:04:33.139,0.95934,0.9596,1.00,1.00
2016.09.22 04:04:33.824,0.95934,0.9596,1.00,1.00
2016.09.22 04:04:34.184,0.95932,0.9596,1.50,1.00
2016.09.22 04:04:34.764,0.95932,0.9596,1.00,1.00
2016.09.22 04:04:35.129,0.95933,0.9596,1.00,1.00
2016.09.22 04:04:35.270,0.95933,0.95961,1.50,1.00
2016.09.22 04:04:35.764,0.95933,0.95961,1.00,1.00
2016.09.22 04:04:36.161,0.95934,0.9596,1.00,1.00
2016.09.22 04:04:36.865,0.95934,0.9596,1.00,1.00
2016.09.22 04:04:36.915,0.95932,0.9596,1.00,1.00
2016.09.22 04:04:37.137,0.95933,0.9596,1.00,1.00
2016.09.22 04:04:37.774,0.95934,0.9596,1.00,1.00
2016.09.22 04:04:39.377,0.95933,0.95959,1.50,1.00
2016.09.22 04:04:40.178,0.95933,0.95961,1.50,1.00
2016.09.22 04:04:40.578,0.95935,0.95961,1.00,1.00
2016.09.22 04:04:40.782,0.95934,0.9596,1.00,1.00
2016.09.22 04:04:41.580,0.95935,0.95961,1.00,1.00
2016.09.22 04:04:47.285,0.95936,0.9596,1.00,1.00
2016.09.22 04:04:58.665,0.95936,0.9596,1.00,1.00
2016.09.22 04:04:58.716,0.95936,0.95957,1.00,1.00
2016.09.22 04:04:58.767,0.95936,0.95957,1.00,1.00
2016.09.22 04:04:58.817,0.95936,0.9596,1.00,1.00
2016.09.22 04:04:58.938,0.95929,0.95953,1.00,1.00
2016.09.22 04:04:59.140,0.95927,0.95953,1.00,1.00
2016.09.22 04:04:59.243,0.95928,0.95953,1.00,1.00
2016.09.22 04:04:59.573,0.95929,0.95953,1.00,1.00
2016.09.22 04:04:59.841,0.95929,0.95953,1.00,1.00
2016.09.22 04:05:00.066,0.95929,0.95953,1.00,1.00
2016.09.22 04:05:00.117,0.95929,0.95952,1.00,1.00
2016.09.22 04:05:00.918,0.95929,0.95953,1.00,1.00
2016.09.22 04:05:02.314,0.95928,0.95954,1.00,1.00
2016.09.22 04:05:02.815,0.95929,0.95953,1.00,1.00
2016.09.22 04:05:11.355,0.95929,0.95953,1.00,1.00
2016.09.22 04:05:11.627,0.95926,0.9595,1.00,1.00
2016.09.22 04:05:11.728,0.95923,0.95947,1.50,1.00
2016.09.22 04:05:11.778,0.95923,0.95947,1.00,1.00
2016.09.22 04:05:12.070,0.9592,0.95946,1.00,1.00
2016.09.22 04:05:12.120,0.9592,0.95946,1.00,1.35
2016.09.22 04:05:12.171,0.95913,0.95939,1.00,1.00
2016.09.22 04:05:12.272,0.95909,0.95936,1.37,1.00
2016.09.22 04:05:12.397,0.95909,0.95936,1.37,1.00
2016.09.22 04:05:12.447,0.95909,0.95936,1.00,1.00
2016.09.22 04:05:12.498,0.95909,0.95936,1.00,1.00
2016.09.22 04:05:12.548,0.95913,0.95939,1.00,1.00
2016.09.22 04:05:13.568,0.95913,0.95939,1.00,1.00
2016.09.22 04:05:15.018,0.95913,0.95939,1.00,1.00
2016.09.22 04:05:15.319,0.95913,0.95939,1.50,1.00
2016.09.22 04:05:15.836,0.95911,0.95937,1.00,1.00
2016.09.22 04:05:16.147,0.95911,0.95935,1.00,1.00
2016.09.22 04:05:16.437,0.95909,0.95934,1.00,1.00
2016.09.22 04:05:17.860,0.9591,0.95934,1.00,1.00
2016.09.22 04:05:18.189,0.9591,0.95936,1.00,1.00
2016.09.22 04:05:21.044,0.95909,0.95934,1.00,1.00
2016.09.22 04:05:21.253,0.95909,0.95934,1.00,1.00
2016.09.22 04:05:22.346,0.95908,0.95934,1.00,1.00
2016.09.22 04:05:22.877,0.9591,0.95934,1.00,1.00
2016.09.22 04:05:28.077,0.95909,0.95933,1.00,1.00
2016.09.22 04:05:28.154,0.95909,0.95935,1.00,1.00
2016.09.22 04:05:29.269,0.95907,0.95931,1.00,1.00
2016.09.22 04:05:32.361,0.95908,0.95932,1.00,1.00
2016.09.22 04:05:36.968,0.95905,0.95931,1.00,1.00
2016.09.22 04:05:37.069,0.95905,0.95929,1.00,1.00
2016.09.22 04:05:38.069,0.95904,0.95931,1.00,1.00
2016.09.22 04:05:38.782,0.95907,0.95931,1.00,1.00
2016.09.22 04:05:41.185,0.95908,0.95932,1.00,1.00
2016.09.22 04:05:41.488,0.95906,0.9593,1.00,1.00
2016.09.22 04:05:41.792,0.95901,0.95925,1.00,1.00
2016.09.22 04:05:42.095,0.95904,0.95928,1.00,1.00
2016.09.22 04:05:42.297,0.95904,0.95928,1.00,1.00
2016.09.22 04:05:49.893,0.95905,0.95931,1.00,1.00
2016.09.22 04:05:52.396,0.95904,0.95929,1.00,1.00
2016.09.22 04:05:52.497,0.95906,0.95932,1.00,1.00
2016.09.22 04:05:52.699,0.95904,0.9593,1.00,1.00
2016.09.22 04:05:52.801,0.95906,0.95932,1.00,1.00
2016.09.22 04:05:53.424,0.95909,0.95933,1.00,1.50
2016.09.22 04:05:53.475,0.95909,0.95933,1.00,1.00
2016.09.22 04:05:53.715,0.9591,0.95935,1.00,1.00
2016.09.22 04:05:53.931,0.95908,0.95935,1.50,1.00
2016.09.22 04:05:54.095,0.9591,0.95937,1.00,1.00
2016.09.22 04:05:54.295,0.95909,0.95934,1.00,1.00
2016.09.22 04:05:54.707,0.9591,0.95937,1.00,1.00
2016.09.22 04:06:00.345,0.9591,0.95937,1.00,1.00
2016.09.22 04:06:02.911,0.9591,0.95936,1.00,1.00
2016.09.22 04:06:03.664,0.95911,0.95935,1.00,1.00
2016.09.22 04:06:03.870,0.95908,0.95934,1.00,1.00
2016.09.22 04:06:04.097,0.95909,0.95935,1.00,1.00
2016.09.22 04:06:04.714,0.95909,0.95933,1.00,1.00
2016.09.22 04:06:05.318,0.9591,0.95934,1.00,1.00
2016.09.22 04:06:05.749,0.95907,0.95933,1.00,1.00
2016.09.22 04:06:06.110,0.95908,0.95934,1.00,1.00
2016.09.22 04:06:06.287,0.95908,0.95934,1.00,1.00
2016.09.22 04:06:06.709,0.95908,0.95934,1.50,1.00
2016.09.22 04:06:07.074,0.95908,0.95934,1.00,1.00
2016.09.22 04:06:07.384,0.95908,0.95934,1.00,1.00
2016.09.22 04:06:07.455,0.9591,0.95934,1.00,1.00
2016.09.22 04:06:15.730,0.95908,0.95933,1.00,1.00
2016.09.22 04:06:15.932,0.95905,0.95931,1.00,1.00
2016.09.22 04:06:16.234,0.95907,0.95933,1.00,1.00
2016.09.22 04:06:16.839,0.95909,0.95934,1.00,1.00
2016.09.22 04:06:17.182,0.95908,0.95932,1.00,1.00
2016.09.22 04:06:17.232,0.95908,0.95935,1.00,1.00
2016.09.22 04:06:18.232,0.95909,0.95935,1.00,1.00
2016.09.22 04:06:32.451,0.95909,0.95934,1.00,1.00
2016.09.22 04:06:32.952,0.9591,0.95934,1.00,1.00
2016.09.22 04:06:34.854,0.95908,0.95933,1.00,1.00
2016.09.22 04:06:37.957,0.95909,0.95933,1.00,1.00
2016.09.22 04:06:39.875,0.95906,0.9593,1.00,1.00
2016.09.22 04:06:47.970,0.95904,0.95931,1.00,1.00
2016.09.22 04:06:48.295,0.95904,0.95931,1.00,1.00
2016.09.22 04:06:48.396,0.95907,0.95933,1.00,1.00
2016.09.22 04:06:48.696,0.95909,0.95933,1.00,1.00
2016.09.22 04:06:54.314,0.95907,0.95931,1.00,1.00
2016.09.22 04:06:57.522,0.95906,0.9593,1.00,1.00
2016.09.22 04:06:58.529,0.95905,0.95929,1.00,1.00
2016.09.22 04:06:59.410,0.95906,0.9593,1.00,1.00
2016.09.22 04:06:59.511,0.95904,0.9593,1.00,1.00
2016.09.22 04:07:02.490,0.95905,0.9593,1.00,1.00
2016.09.22 04:07:02.916,0.95904,0.95928,1.00,1.00
2016.09.22 04:07:07.832,0.95904,0.95928,1.00,1.00
2016.09.22 04:07:09.300,0.95906,0.9593,1.00,1.00
2016.09.22 04:07:09.603,0.95909,0.95933,1.00,1.00
2016.09.22 04:07:22.642,0.95907,0.95933,1.00,1.00
2016.09.22 04:07:26.825,0.95907,0.95932,1.00,1.00
2016.09.22 04:07:32.532,0.95907,0.95933,1.00,1.00
2016.09.22 04:07:48.053,0.95906,0.95933,1.00,1.00
2016.09.22 04:07:49.193,0.95905,0.95932,1.00,1.00
2016.09.22 04:07:52.363,0.95907,0.95932,1.00,1.00
2016.09.22 04:07:57.885,0.95909,0.95934,1.00,1.00
2016.09.22 04:07:58.607,0.95908,0.95934,1.00,1.00
2016.09.22 04:07:58.876,0.95908,0.95934,1.50,1.00
2016.09.22 04:07:58.976,0.95908,0.95934,1.00,1.00
2016.09.22 04:08:00.193,0.95908,0.95933,1.00,1.00
2016.09.22 04:08:01.670,0.95909,0.95933,1.00,1.00
2016.09.22 04:08:02.313,0.95909,0.95935,1.00,1.00
2016.09.22 04:08:03.172,0.95908,0.95935,1.00,1.00
2016.09.22 04:08:04.212,0.95909,0.95933,1.00,1.00
2016.09.22 04:08:07.727,0.95909,0.95934,1.00,1.00
2016.09.22 04:08:08.679,0.95909,0.95935,1.00,1.00
2016.09.22 04:08:17.102,0.95909,0.95933,1.00,1.00
2016.09.22 04:08:17.527,0.95907,0.95931,1.50,1.00
2016.09.22 04:08:17.628,0.95905,0.95929,1.00,1.00
2016.09.22 04:08:17.729,0.95907,0.95932,1.00,1.00
2016.09.22 04:08:17.830,0.95911,0.95935,1.00,1.00
2016.09.22 04:08:17.987,0.95912,0.95938,1.00,1.00
2016.09.22 04:08:18.046,0.95915,0.95943,1.00,1.00
2016.09.22 04:08:18.109,0.95917,0.95942,1.00,1.00
2016.09.22 04:08:18.310,0.95916,0.95949,1.00,1.00
2016.09.22 04:08:18.411,0.9592,0.95949,1.00,1.00
2016.09.22 04:08:18.512,0.9592,0.95953,1.00,1.00
2016.09.22 04:08:18.613,0.9592,0.95954,1.00,1.50
2016.09.22 04:08:18.764,0.9592,0.95954,1.00,1.50
2016.09.22 04:08:18.983,0.9592,0.95953,1.00,1.00
2016.09.22 04:08:19.225,0.9592,0.95951,1.00,1.00
2016.09.22 04:08:19.525,0.9592,0.95951,1.00,1.00
2016.09.22 04:08:19.783,0.9592,0.95951,1.00,1.50
2016.09.22 04:08:20.234,0.95921,0.95951,1.00,1.00
2016.09.22 04:08:20.631,0.95923,0.95955,1.00,1.00
2016.09.22 04:08:20.732,0.95927,0.95955,1.00,1.00
2016.09.22 04:08:20.833,0.95927,0.95958,1.00,1.00
2016.09.22 04:08:21.128,0.95927,0.95958,1.00,1.00
2016.09.22 04:08:21.230,0.95927,0.95958,1.00,1.00
2016.09.22 04:08:21.328,0.95927,0.95958,1.00,1.00
2016.09.22 04:08:21.528,0.95927,0.95958,1.00,1.00
2016.09.22 04:08:22.706,0.95928,0.95958,1.00,1.00
2016.09.22 04:08:23.704,0.95927,0.95958,1.00,1.00
2016.09.22 04:08:28.049,0.95927,0.95958,1.00,1.00
2016.09.22 04:08:28.151,0.95927,0.95958,1.00,1.00
2016.09.22 04:08:28.620,0.95923,0.95948,2.25,1.00
2016.09.22 04:08:28.670,0.95923,0.95948,1.00,1.00
2016.09.22 04:08:28.721,0.95926,0.9595,1.00,1.00
2016.09.22 04:08:28.822,0.95922,0.9595,1.50,1.00
2016.09.22 04:08:28.923,0.95926,0.95954,1.00,1.00
2016.09.22 04:08:28.974,0.95926,0.95954,1.00,1.00
2016.09.22 04:08:29.125,0.95931,0.95955,1.00,1.00
2016.09.22 04:08:29.249,0.95928,0.95955,1.00,1.00
2016.09.22 04:08:29.815,0.95925,0.95954,1.00,1.00
2016.09.22 04:08:29.910,0.95928,0.95954,1.00,1.00
2016.09.22 04:08:30.015,0.95928,0.95954,1.50,1.00
2016.09.22 04:08:30.116,0.95928,0.95954,1.00,1.00
2016.09.22 04:08:31.919,0.95928,0.95952,1.00,1.00
2016.09.22 04:08:32.680,0.95928,0.95953,1.00,1.00
2016.09.22 04:08:32.731,0.95928,0.95953,1.50,1.00
2016.09.22 04:08:33.857,0.95928,0.95953,1.00,1.00
2016.09.22 04:08:33.964,0.95928,0.95952,1.50,1.00
2016.09.22 04:08:34.122,0.95928,0.95952,1.00,1.00
2016.09.22 04:08:34.323,0.95928,0.95954,1.00,1.00
2016.09.22 04:08:34.908,0.95928,0.95953,1.00,1.00
2016.09.22 04:08:35.425,0.95928,0.95954,1.00,1.00
2016.09.22 04:08:38.029,0.95928,0.95952,1.00,1.00
2016.09.22 04:08:38.623,0.95928,0.95953,1.00,1.00
2016.09.22 04:08:39.220,0.95924,0.95952,1.00,1.00
2016.09.22 04:08:39.867,0.95924,0.9595,1.00,1.00
2016.09.22 04:08:40.034,0.95924,0.95952,1.00,1.00
2016.09.22 04:08:40.969,0.95926,0.95952,1.00,1.00
2016.09.22 04:08:41.645,0.95928,0.95952,1.00,1.00
2016.09.22 04:08:42.272,0.95928,0.95955,1.00,1.00
2016.09.22 04:08:42.891,0.95928,0.95955,1.00,1.00
2016.09.22 04:08:43.574,0.95929,0.95955,1.00,1.00
2016.09.22 04:08:44.026,0.95929,0.95955,1.00,1.00
2016.09.22 04:08:44.142,0.95928,0.95956,1.00,1.00
2016.09.22 04:08:44.743,0.95931,0.95957,1.00,1.50
2016.09.22 04:08:46.572,0.95924,0.95952,1.00,1.00
2016.09.22 04:08:46.673,0.95924,0.9595,1.00,1.00
2016.09.22 04:08:47.586,0.95925,0.95951,1.00,1.00
2016.09.22 04:08:48.082,0.95922,0.95948,1.00,1.00
2016.09.22 04:08:48.453,0.9592,0.95948,1.00,1.00
2016.09.22 04:08:52.761,0.95922,0.95946,1.00,1.00
2016.09.22 04:08:53.189,0.9592,0.95946,1.00,1.00
2016.09.22 04:08:53.762,0.95921,0.95946,1.00,1.00
2016.09.22 04:08:56.668,0.9592,0.95945,1.00,1.00
2016.09.22 04:08:56.971,0.95918,0.9595,1.00,1.00
2016.09.22 04:08:57.022,0.95918,0.9595,1.00,1.00
2016.09.22 04:08:57.155,0.95918,0.95949,1.00,1.00
2016.09.22 04:08:57.206,0.95919,0.95947,1.00,1.00
2016.09.22 04:08:59.292,0.95923,0.95947,1.00,1.00
2016.09.22 04:09:00.275,0.95922,0.95947,1.00,1.00
2016.09.22 04:09:01.880,0.9592,0.95944,1.00,1.00
2016.09.22 04:09:02.001,0.9592,0.95946,1.00,1.00
2016.09.22 04:09:02.526,0.9592,0.95948,1.00,1.00
2016.09.22 04:09:05.016,0.9592,0.95947,1.00,1.00
2016.09.22 04:09:05.087,0.95922,0.95947,1.00,1.00
2016.09.22 04:09:05.626,0.95921,0.95946,1.00,1.00
2016.09.22 04:09:06.089,0.95921,0.95948,1.00,1.00
2016.09.22 04:09:06.718,0.95921,0.95946,1.00,1.00
2016.09.22 04:09:07.277,0.95922,0.95946,1.00,1.00
2016.09.22 04:09:07.894,0.9592,0.95946,1.00,1.00
2016.09.22 04:09:13.937,0.95921,0.95947,1.00,1.00
2016.09.22 04:09:14.546,0.9592,0.95946,1.00,1.00
2016.09.22 04:09:14.928,0.95922,0.95946,1.00,1.00
2016.09.22 04:09:15.233,0.95925,0.95949,1.00,1.00
2016.09.22 04:09:15.334,0.95922,0.95948,1.00,1.00
2016.09.22 04:09:15.551,0.9592,0.95948,1.00,1.00
2016.09.22 04:09:16.248,0.9592,0.95946,1.00,1.00
2016.09.22 04:09:16.768,0.95919,0.95945,1.00,1.00
2016.09.22 04:09:17.070,0.95921,0.95947,1.00,1.00
2016.09.22 04:09:17.238,0.95919,0.95947,1.00,1.00
2016.09.22 04:09:19.219,0.95921,0.95947,1.00,1.00
2016.09.22 04:09:22.332,0.95919,0.95945,1.00,1.00
2016.09.22 04:09:24.828,0.9592,0.95945,1.00,1.00
2016.09.22 04:09:25.427,0.95921,0.95946,1.00,1.00
2016.09.22 04:09:26.528,0.9592,0.95945,1.00,1.00
2016.09.22 04:09:27.089,0.95919,0.95944,1.00,1.00
2016.09.22 04:09:28.534,0.95919,0.95946,1.00,1.00
2016.09.22 04:09:29.132,0.95919,0.95945,1.00,1.00
2016.09.22 04:09:29.737,0.95919,0.95944,1.00,1.00
2016.09.22 04:09:30.840,0.9592,0.95945,1.00,1.00
2016.09.22 04:09:30.940,0.95918,0.95945,1.00,1.00
2016.09.22 04:09:31.843,0.9592,0.95945,1.00,1.00
2016.09.22 04:09:33.377,0.95918,0.95945,1.00,1.00
2016.09.22 04:09:33.485,0.9592,0.95944,1.00,1.00
2016.09.22 04:09:36.251,0.95918,0.95945,1.00,1.00
2016.09.22 04:09:36.452,0.9592,0.95944,1.00,1.00
2016.09.22 04:09:37.767,0.9592,0.95946,1.00,1.00
2016.09.22 04:09:38.461,0.9592,0.95945,1.00,1.00
2016.09.22 04:09:39.471,0.95921,0.95945,1.00,1.00
2016.09.22 04:09:46.968,0.95919,0.95946,1.00,1.00
2016.09.22 04:09:47.169,0.95919,0.95944,1.00,1.00
2016.09.22 04:09:47.421,0.95919,0.95944,1.00,1.00
2016.09.22 04:09:47.705,0.95921,0.95946,1.00,1.00
2016.09.22 04:09:47.806,0.95919,0.95946,1.00,1.00
2016.09.22 04:09:48.271,0.9592,0.95947,1.00,1.00
2016.09.22 04:09:49.273,0.95922,0.95947,1.00,1.00
2016.09.22 04:09:51.876,0.9592,0.95947,1.00,1.00
2016.09.22 04:09:55.009,0.95924,0.9595,1.00,1.00
2016.09.22 04:09:55.129,0.95927,0.95955,1.00,1.00
2016.09.22 04:09:55.573,0.95927,0.95955,1.00,1.50
2016.09.22 04:09:56.439,0.95927,0.95955,1.00,1.50
2016.09.22 04:09:56.490,0.95926,0.95952,1.00,1.00
2016.09.22 04:09:56.897,0.95929,0.95955,1.00,1.00
2016.09.22 04:09:57.049,0.95929,0.95955,1.00,1.00
2016.09.22 04:10:00.314,0.95929,0.95955,1.00,1.00
2016.09.22 04:10:02.894,0.95928,0.95955,1.00,1.00
2016.09.22 04:10:03.049,0.95928,0.95955,1.00,1.00
2016.09.22 04:10:03.295,0.95929,0.95953,1.00,1.00
2016.09.22 04:10:03.896,0.95927,0.95954,1.50,1.00
2016.09.22 04:10:06.500,0.95928,0.95955,1.00,1.00
2016.09.22 04:10:06.800,0.95929,0.95956,1.00,1.00
2016.09.22 04:10:07.725,0.95931,0.95955,1.00,1.00
2016.09.22 04:10:07.902,0.95931,0.95957,1.00,1.00
2016.09.22 04:10:12.633,0.9593,0.95955,1.00,1.00
2016.09.22 04:10:13.333,0.95931,0.95957,1.00,1.00
2016.09.22 04:10:15.313,0.9593,0.95957,1.00,1.00
2016.09.22 04:10:19.329,0.95931,0.95955,1.00,1.00
2016.09.22 04:10:19.430,0.95929,0.95956,1.00,1.00
2016.09.22 04:10:19.531,0.95929,0.95959,1.00,1.50
2016.09.22 04:10:19.885,0.95929,0.95959,1.00,1.00
2016.09.22 04:10:26.793,0.95929,0.95959,1.00,1.50
2016.09.22 04:10:26.855,0.95927,0.95959,1.00,1.00
2016.09.22 04:10:26.987,0.95927,0.95961,1.00,1.00
2016.09.22 04:10:27.282,0.95927,0.9596,1.00,1.00
2016.09.22 04:10:27.383,0.95927,0.9596,1.00,1.00
2016.09.22 04:10:27.958,0.95927,0.95959,1.00,1.00
2016.09.22 04:10:28.297,0.95929,0.95954,1.00,1.00
2016.09.22 04:10:32.640,0.95928,0.9596,1.00,1.50
2016.09.22 04:10:32.780,0.95928,0.95959,1.00,1.00
2016.09.22 04:10:32.882,0.95928,0.95959,1.00,1.00
2016.09.22 04:10:33.641,0.95927,0.95959,1.00,1.00
2016.09.22 04:10:38.399,0.95927,0.9596,1.00,1.50
2016.09.22 04:10:38.507,0.95929,0.9596,1.00,1.00
2016.09.22 04:10:38.608,0.95932,0.95963,1.00,1.00
2016.09.22 04:10:38.709,0.95933,0.95966,1.00,1.00
2016.09.22 04:10:38.760,0.95934,0.95958,1.00,1.00
2016.09.22 04:10:39.079,0.95938,0.95962,1.00,1.00
2016.09.22 04:10:39.131,0.95937,0.95967,1.00,1.00
2016.09.22 04:10:39.203,0.95938,0.95969,1.00,1.00
2016.09.22 04:10:39.254,0.95938,0.95964,1.00,1.00
2016.09.22 04:10:40.181,0.95939,0.95964,1.00,1.00
2016.09.22 04:10:40.685,0.95938,0.95964,1.00,1.00
2016.09.22 04:10:40.882,0.95938,0.95964,1.00,1.00
2016.09.22 04:10:47.962,0.95938,0.95965,1.00,1.00
2016.09.22 04:10:48.462,0.95938,0.95963,1.00,1.00
2016.09.22 04:10:49.163,0.95937,0.95965,1.00,1.00
2016.09.22 04:10:50.402,0.95939,0.9597,1.00,1.00
2016.09.22 04:10:50.503,0.95941,0.95965,1.00,1.00
2016.09.22 04:10:50.604,0.95941,0.95968,1.00,1.00
2016.09.22 04:10:50.797,0.95942,0.95968,1.00,1.00
2016.09.22 04:10:50.898,0.95946,0.9597,1.00,1.00
2016.09.22 04:10:51.458,0.9594,0.95966,1.00,1.00
2016.09.22 04:10:51.791,0.95937,0.95964,1.00,1.00
2016.09.22 04:10:51.841,0.95937,0.95964,1.50,1.00
2016.09.22 04:10:51.943,0.95937,0.95964,1.00,1.00
2016.09.22 04:10:52.275,0.95937,0.95964,1.50,1.00
2016.09.22 04:10:52.970,0.95938,0.95964,1.00,1.00
2016.09.22 04:10:53.176,0.95938,0.95964,1.00,1.00
2016.09.22 04:10:53.520,0.9594,0.95964,1.00,1.00
2016.09.22 04:10:55.874,0.9594,0.95965,1.00,1.00
2016.09.22 04:10:56.217,0.95941,0.95968,1.00,1.00
2016.09.22 04:10:56.873,0.9594,0.95967,1.00,1.00
2016.09.22 04:10:56.924,0.95932,0.9596,1.00,1.00
2016.09.22 04:10:56.976,0.9593,0.95967,1.50,1.00
2016.09.22 04:10:57.027,0.9593,0.95965,1.00,1.00
2016.09.22 04:10:57.078,0.95935,0.95961,1.00,1.00
2016.09.22 04:10:58.108,0.95934,0.95961,1.00,1.00
2016.09.22 04:10:59.428,0.95934,0.95961,1.00,1.00
2016.09.22 04:11:00.088,0.95934,0.95961,1.00,1.00
2016.09.22 04:11:01.282,0.95937,0.95961,1.00,1.00
2016.09.22 04:11:01.383,0.95932,0.95959,1.50,1.00
2016.09.22 04:11:01.433,0.95932,0.95959,1.00,1.00
2016.09.22 04:11:01.589,0.95932,0.95958,1.50,1.00
2016.09.22 04:11:01.727,0.95932,0.95958,1.00,1.00
2016.09.22 04:11:02.499,0.95933,0.95959,1.00,1.00
2016.09.22 04:11:02.549,0.95933,0.95959,1.00,1.00
2016.09.22 04:11:02.668,0.95936,0.95964,1.50,1.00
2016.09.22 04:11:02.718,0.95937,0.95966,1.00,1.00
2016.09.22 04:11:03.586,0.95938,0.95967,1.00,1.00
2016.09.22 04:11:04.732,0.95941,0.95967,1.00,1.00
2016.09.22 04:11:05.332,0.95942,0.95966,1.00,1.00
2016.09.22 04:11:08.504,0.95942,0.95967,1.00,1.00
2016.09.22 04:11:16.357,0.9594,0.95972,1.00,1.00
2016.09.22 04:11:16.753,0.9594,0.95972,1.00,1.00
2016.09.22 04:11:17.555,0.9594,0.95972,1.00,1.00
2016.09.22 04:11:17.659,0.95942,0.95966,1.00,1.00
2016.09.22 04:11:18.313,0.95942,0.95967,1.00,1.00
2016.09.22 04:11:23.841,0.95941,0.95971,1.00,1.00
2016.09.22 04:11:23.942,0.95942,0.95973,1.00,1.00
2016.09.22 04:11:23.992,0.95942,0.95973,1.00,1.50
2016.09.22 04:11:24.043,0.9594,0.95967,1.00,1.00
2016.09.22 04:11:24.174,0.95941,0.95974,1.00,2.10
2016.09.22 04:11:24.275,0.95941,0.95974,1.00,2.10
2016.09.22 04:11:24.325,0.95941,0.95974,1.00,1.50
2016.09.22 04:11:24.376,0.95941,0.95974,1.00,1.00
2016.09.22 04:11:24.575,0.95942,0.9597,1.00,1.00
2016.09.22 04:11:24.936,0.95944,0.95969,1.00,1.00
2016.09.22 04:11:25.538,0.95943,0.95973,1.00,1.00
2016.09.22 04:11:25.639,0.95943,0.95969,1.00,1.00
2016.09.22 04:11:25.964,0.95941,0.95967,1.00,1.00
2016.09.22 04:11:26.226,0.95931,0.95959,1.00,1.00
2016.09.22 04:11:26.283,0.9593,0.95956,1.00,1.00
2016.09.22 04:11:26.384,0.95928,0.95953,1.00,1.00
2016.09.22 04:11:26.535,0.95927,0.95953,1.50,1.00
2016.09.22 04:11:29.182,0.95927,0.95953,1.00,1.00
2016.09.22 04:11:33.063,0.95927,0.95952,1.00,1.00
2016.09.22 04:11:33.578,0.95928,0.95952,1.00,1.00
2016.09.22 04:11:33.679,0.95929,0.95954,1.00,1.00
2016.09.22 04:11:33.780,0.95931,0.95956,1.00,1.00
2016.09.22 04:11:37.584,0.9593,0.95954,1.00,1.00
2016.09.22 04:11:37.796,0.95929,0.95954,1.00,1.00
2016.09.22 04:11:37.847,0.95929,0.95954,1.00,1.00
2016.09.22 04:11:44.778,0.9593,0.95956,1.00,1.00
2016.09.22 04:11:44.882,0.95931,0.95958,1.00,1.00
2016.09.22 04:11:47.986,0.9593,0.95961,1.00,1.00
2016.09.22 04:11:48.036,0.9593,0.95962,1.00,1.00
2016.09.22 04:11:48.087,0.95927,0.95956,1.00,1.00
2016.09.22 04:11:48.289,0.9593,0.95957,1.00,1.00
2016.09.22 04:11:49.080,0.95929,0.95956,1.00,1.00
2016.09.22 04:11:49.522,0.9593,0.95954,1.00,1.00
2016.09.22 04:11:51.282,0.95929,0.95961,1.00,1.00
2016.09.22 04:11:51.452,0.95932,0.95956,1.00,1.00
2016.09.22 04:11:53.086,0.95931,0.95956,1.00,1.00
2016.09.22 04:11:53.614,0.95928,0.95954,1.00,1.00
2016.09.22 04:11:53.665,0.95928,0.95954,1.00,1.00
2016.09.22 04:12:01.134,0.95929,0.95956,1.00,1.00
2016.09.22 04:12:01.235,0.95929,0.95953,1.00,1.00
2016.09.22 04:12:01.591,0.95929,0.95956,1.00,1.00
2016.09.22 04:12:01.642,0.95932,0.95957,1.00,1.00
2016.09.22 04:12:01.709,0.95928,0.95956,1.00,1.00
2016.09.22 04:12:01.860,0.95928,0.95956,1.50,1.00
2016.09.22 04:12:01.911,0.95933,0.95958,1.00,1.00
2016.09.22 04:12:02.337,0.95936,0.95961,1.00,1.00
2016.09.22 04:12:02.659,0.95934,0.9596,1.00,1.00
2016.09.22 04:12:03.261,0.95935,0.9596,1.00,1.00
2016.09.22 04:12:03.514,0.95934,0.95958,1.00,1.00
2016.09.22 04:12:04.045,0.95933,0.95959,1.00,1.00
2016.09.22 04:12:04.546,0.95931,0.95958,1.00,1.00
2016.09.22 04:12:04.666,0.95931,0.95955,1.00,1.00
2016.09.22 04:12:05.445,0.95927,0.95953,1.00,1.00
2016.09.22 04:12:05.824,0.95926,0.95951,1.00,1.00
2016.09.22 04:12:06.547,0.95925,0.95949,1.00,1.00
2016.09.22 04:12:07.158,0.95926,0.95952,1.00,1.00
2016.09.22 04:12:07.360,0.95928,0.95953,1.00,1.00
2016.09.22 04:12:07.561,0.95933,0.95959,1.00,1.00
2016.09.22 04:12:07.662,0.95935,0.9596,1.00,1.00
2016.09.22 04:12:08.632,0.95935,0.95959,1.00,1.00
2016.09.22 04:12:09.733,0.95936,0.9596,1.00,1.00
2016.09.22 04:12:09.834,0.95935,0.95962,1.00,1.00
2016.09.22 04:12:10.057,0.95934,0.95959,1.00,1.00
2016.09.22 04:12:10.383,0.95934,0.95959,1.00,1.00
2016.09.22 04:12:10.635,0.95934,0.95964,1.00,1.00
2016.09.22 04:12:10.685,0.95934,0.95964,1.00,1.00
2016.09.22 04:12:10.856,0.95934,0.9596,1.00,1.00
2016.09.22 04:12:11.373,0.95935,0.95961,1.00,1.00
2016.09.22 04:12:12.938,0.95934,0.95964,1.00,1.00
2016.09.22 04:12:13.039,0.95933,0.95961,2.25,1.00
2016.09.22 04:12:13.089,0.95933,0.95961,1.50,1.00
2016.09.22 04:12:13.276,0.95933,0.95961,2.25,1.00
2016.09.22 04:12:13.939,0.95934,0.95962,1.00,1.00
2016.09.22 04:12:17.443,0.95936,0.95961,1.00,1.00
2016.09.22 04:12:18.444,0.95935,0.95961,1.00,1.00
2016.09.22 04:12:19.150,0.95935,0.9596,1.00,1.00
2016.09.22 04:12:19.746,0.95935,0.95963,1.00,1.00
2016.09.22 04:12:20.172,0.95938,0.95967,1.00,1.00
2016.09.22 04:12:20.223,0.95938,0.95969,1.00,1.00
2016.09.22 04:12:20.273,0.95937,0.95967,1.00,1.00
2016.09.22 04:12:20.481,0.95936,0.95964,1.00,1.00
2016.09.22 04:12:21.373,0.95936,0.95964,1.00,1.00
2016.09.22 04:12:21.563,0.95938,0.95964,1.00,1.00
2016.09.22 04:12:21.765,0.95937,0.95967,1.00,1.00
2016.09.22 04:12:21.866,0.95937,0.95963,1.00,1.00
2016.09.22 04:12:21.950,0.95936,0.95967,1.00,1.00
2016.09.22 04:12:23.152,0.95936,0.95968,1.00,1.00
2016.09.22 04:12:24.190,0.95935,0.95968,1.00,1.00
2016.09.22 04:12:26.815,0.95935,0.95968,1.50,1.00
2016.09.22 04:12:27.046,0.95936,0.95964,1.00,1.00
2016.09.22 04:12:27.097,0.95936,0.95964,1.00,1.00
2016.09.22 04:12:27.198,0.95936,0.95964,1.00,1.00
2016.09.22 04:12:29.102,0.95935,0.95961,1.50,1.00
2016.09.22 04:12:29.153,0.95935,0.95961,1.00,1.00
2016.09.22 04:12:29.474,0.95932,0.9596,1.00,1.00
2016.09.22 04:12:30.185,0.95934,0.9596,1.00,1.00
2016.09.22 04:12:31.195,0.95934,0.95962,1.00,1.00
2016.09.22 04:12:31.295,0.95936,0.95962,1.00,1.00
2016.09.22 04:12:31.563,0.95936,0.95964,1.00,1.00
2016.09.22 04:12:32.078,0.95935,0.95963,1.00,1.00
2016.09.22 04:12:32.179,0.95935,0.95966,1.00,1.00
2016.09.22 04:12:32.230,0.95935,0.95966,1.00,1.00
2016.09.22 04:12:32.778,0.95936,0.95962,1.00,1.00
2016.09.22 04:12:33.328,0.95937,0.95963,1.00,1.00
2016.09.22 04:12:34.111,0.95936,0.95962,1.00,1.00
2016.09.22 04:12:34.771,0.95935,0.95961,1.00,1.00
2016.09.22 04:12:38.873,0.95932,0.95961,1.50,1.00
2016.09.22 04:12:44.880,0.95935,0.9596,1.00,1.00
2016.09.22 04:12:48.185,0.95935,0.95959,1.00,1.00
2016.09.22 04:12:48.686,0.95935,0.95961,1.00,1.00
2016.09.22 04:12:50.690,0.95934,0.95959,1.00,1.00
2016.09.22 04:12:51.040,0.95932,0.95957,1.00,1.00
2016.09.22 04:12:52.011,0.95931,0.95956,1.00,1.00
2016.09.22 04:12:53.800,0.95932,0.95956,1.00,1.00
2016.09.22 04:13:01.261,0.95931,0.95958,1.00,1.00
2016.09.22 04:13:02.227,0.95933,0.95957,1.00,1.00
2016.09.22 04:13:03.719,0.95932,0.95957,1.00,1.00
2016.09.22 04:13:06.351,0.95931,0.95956,1.00,1.00
2016.09.22 04:13:06.895,0.95932,0.95957,1.00,1.00
2016.09.22 04:13:08.327,0.9593,0.95957,1.00,1.00
2016.09.22 04:13:08.827,0.95933,0.95957,1.00,1.00
2016.09.22 04:13:09.347,0.95932,0.95964,1.00,1.00
2016.09.22 04:13:09.397,0.95932,0.95964,1.00,1.00
2016.09.22 04:13:09.499,0.95932,0.95964,1.00,1.00
2016.09.22 04:13:13.619,0.95932,0.95966,1.00,1.35
2016.09.22 04:13:16.002,0.95932,0.95966,1.00,1.00
2016.09.22 04:13:17.143,0.95933,0.95966,1.00,1.00
2016.09.22 04:13:17.422,0.95933,0.95966,1.00,1.60
2016.09.22 04:13:17.472,0.95932,0.95966,1.00,1.60
2016.09.22 04:13:18.240,0.95931,0.95965,1.00,1.35
2016.09.22 04:13:18.741,0.95931,0.95967,1.00,2.10
2016.09.22 04:13:19.006,0.95931,0.95967,1.00,2.47
2016.09.22 04:13:19.375,0.95931,0.95967,1.00,2.47
2016.09.22 04:13:19.425,0.95931,0.95967,1.00,1.72
2016.09.22 04:13:20.076,0.95931,0.95967,1.00,1.72
2016.09.22 04:13:20.126,0.95931,0.95967,1.00,1.00
2016.09.22 04:13:20.177,0.9593,0.95965,1.00,1.00
2016.09.22 04:13:20.228,0.9593,0.95965,1.50,1.00
2016.09.22 04:13:20.278,0.95935,0.95959,1.00,1.00
2016.09.22 04:13:30.762,0.95933,0.95958,1.50,1.00
2016.09.22 04:13:46.518,0.95933,0.95955,1.00,1.00
2016.09.22 04:13:46.871,0.95931,0.95955,1.00,1.00
2016.09.22 04:13:46.921,0.95929,0.95955,1.00,1.00
2016.09.22 04:13:48.288,0.95929,0.95956,1.00,1.00
2016.09.22 04:13:48.789,0.95931,0.95956,1.00,1.00
2016.09.22 04:13:56.398,0.95932,0.95956,1.00,1.00
2016.09.22 04:14:02.900,0.95932,0.95956,1.50,1.00
2016.09.22 04:14:02.962,0.95933,0.95957,1.00,1.00
2016.09.22 04:14:03.336,0.95934,0.9596,1.00,1.00
2016.09.22 04:14:03.934,0.95934,0.95959,1.00,1.00
2016.09.22 04:14:08.412,0.95935,0.95966,1.00,1.50
2016.09.22 04:14:08.513,0.95935,0.95966,1.00,1.00
2016.09.22 04:14:08.750,0.95935,0.95966,1.00,1.00
2016.09.22 04:14:08.850,0.95935,0.95966,1.00,1.00
2016.09.22 04:14:09.414,0.95936,0.95966,1.00,1.00
2016.09.22 04:14:10.114,0.95934,0.95958,1.00,1.00
2016.09.22 04:14:18.050,0.95932,0.95958,1.00,1.00
2016.09.22 04:14:23.936,0.95933,0.95959,1.00,1.00
2016.09.22 04:14:30.386,0.95931,0.95956,1.00,1.00
2016.09.22 04:14:30.487,0.95923,0.95954,1.50,1.00
2016.09.22 04:14:30.538,0.95923,0.95954,1.00,1.00
2016.09.22 04:14:30.588,0.95924,0.95949,1.00,1.00
2016.09.22 04:14:30.689,0.95921,0.95947,1.00,1.00
2016.09.22 04:14:30.790,0.95929,0.95951,1.00,1.00
2016.09.22 04:14:30.891,0.95929,0.95954,1.00,1.00
2016.09.22 04:14:31.592,0.95931,0.95955,1.00,1.00
2016.09.22 04:14:32.100,0.95931,0.95962,1.00,1.50
2016.09.22 04:14:32.150,0.95931,0.95962,1.00,1.00
2016.09.22 04:14:32.649,0.95933,0.95957,1.00,1.00
2016.09.22 04:14:32.801,0.95928,0.9595,1.00,1.00
2016.09.22 04:14:32.851,0.95924,0.95948,1.00,1.00
2016.09.22 04:14:32.902,0.95924,0.95948,1.00,1.00
2016.09.22 04:14:38.959,0.95922,0.95949,1.50,1.00
2016.09.22 04:14:44.266,0.95925,0.95949,1.00,1.00
2016.09.22 04:14:45.105,0.95922,0.95946,1.00,1.00
2016.09.22 04:14:45.206,0.95922,0.95949,1.00,1.00
2016.09.22 04:14:48.471,0.95922,0.95948,1.00,1.00
2016.09.22 04:14:49.210,0.95922,0.95946,1.00,1.00
2016.09.22 04:14:49.774,0.95919,0.95943,1.00,1.00
2016.09.22 04:14:51.814,0.95922,0.95946,1.00,1.00
2016.09.22 04:14:52.099,0.95923,0.95953,1.00,1.00
2016.09.22 04:14:53.980,0.95923,0.95955,1.00,1.60
2016.09.22 04:14:55.117,0.95923,0.95955,1.00,1.60
2016.09.22 04:14:59.523,0.95923,0.95955,1.00,1.60
2016.09.22 04:15:01.036,0.95923,0.95954,1.00,1.35
2016.09.22 04:15:01.087,0.95923,0.95947,1.00,1.00
2016.09.22 04:15:01.188,0.95921,0.95947,1.00,1.00
2016.09.22 04:15:02.093,0.9592,0.95947,1.00,1.00
2016.09.22 04:15:02.794,0.95919,0.95945,1.00,1.00
2016.09.22 04:15:04.025,0.95919,0.95946,1.00,1.00
2016.09.22 04:15:08.149,0.95919,0.95943,1.00,1.00
2016.09.22 04:15:08.250,0.95917,0.95941,1.00,1.00
2016.09.22 04:15:08.303,0.95914,0.95939,1.00,1.00
2016.09.22 04:15:08.404,0.95912,0.95937,1.00,1.00
2016.09.22 04:15:08.505,0.95909,0.95936,1.00,1.00
2016.09.22 04:15:08.555,0.95909,0.95936,1.00,1.00
2016.09.22 04:15:13.432,0.95908,0.95932,1.00,1.00
2016.09.22 04:15:20.947,0.95907,0.95931,1.00,1.00
2016.09.22 04:15:20.998,0.95907,0.95931,1.00,1.00
2016.09.22 04:15:21.048,0.95905,0.95929,1.00,1.00
2016.09.22 04:15:21.362,0.95905,0.95931,1.00,1.00
2016.09.22 04:15:24.023,0.95904,0.9593,1.00,1.00
2016.09.22 04:15:24.763,0.95905,0.95929,1.00,1.00
2016.09.22 04:15:26.276,0.95906,0.95931,1.00,1.00
2016.09.22 04:15:26.326,0.95907,0.95931,1.00,1.00
2016.09.22 04:15:26.427,0.95907,0.95931,1.00,1.00
2016.09.22 04:15:28.563,0.9591,0.95934,1.00,1.00
2016.09.22 04:15:28.765,0.9591,0.95936,1.00,1.00
2016.09.22 04:15:30.044,0.95908,0.95935,1.00,1.00
2016.09.22 04:15:30.346,0.95903,0.95927,1.00,1.00
2016.09.22 04:15:30.730,0.95903,0.95927,1.00,1.50
2016.09.22 04:15:31.234,0.95902,0.95926,1.00,1.00
2016.09.22 04:15:32.055,0.95901,0.95925,1.00,1.00
2016.09.22 04:15:32.255,0.95902,0.95926,1.00,1.00
2016.09.22 04:15:32.856,0.95905,0.95929,1.00,1.00
2016.09.22 04:15:33.058,0.95906,0.95931,1.00,1.00
2016.09.22 04:15:33.382,0.95906,0.95931,1.00,1.00
2016.09.22 04:15:33.737,0.95903,0.95933,1.00,1.50
2016.09.22 04:15:33.939,0.95905,0.95929,1.00,1.00
2016.09.22 04:15:34.040,0.95903,0.95928,1.00,1.50
2016.09.22 04:15:34.360,0.95902,0.95926,1.00,1.00
2016.09.22 04:15:36.887,0.95899,0.95925,1.00,1.00
2016.09.22 04:15:39.044,0.95897,0.95923,1.00,1.00
2016.09.22 04:15:39.448,0.959,0.95924,1.00,1.00
2016.09.22 04:15:40.363,0.95898,0.95923,1.00,1.00
2016.09.22 04:15:40.565,0.95895,0.95921,1.00,1.00
2016.09.22 04:15:40.665,0.95894,0.95918,1.00,1.00
2016.09.22 04:15:40.867,0.95892,0.95916,1.00,1.00
2016.09.22 04:15:44.288,0.95893,0.95918,1.00,1.00
2016.09.22 04:15:44.782,0.95893,0.95919,1.00,1.00
2016.09.22 04:15:45.091,0.95892,0.95916,1.00,1.00
2016.09.22 04:15:45.356,0.95899,0.95929,1.00,1.00
2016.09.22 04:15:45.659,0.95897,0.95922,1.00,1.00
2016.09.22 04:15:45.761,0.95897,0.95925,1.00,1.00
2016.09.22 04:15:45.862,0.95892,0.95924,1.50,1.00
2016.09.22 04:15:45.963,0.95892,0.95924,1.00,1.00
2016.09.22 04:15:46.064,0.95896,0.95924,1.00,1.00
2016.09.22 04:15:46.655,0.95896,0.95925,1.00,1.00
2016.09.22 04:15:48.557,0.95896,0.95924,1.00,1.00
2016.09.22 04:15:49.158,0.95897,0.95923,1.00,1.00
2016.09.22 04:15:51.285,0.95897,0.95921,1.00,1.00
2016.09.22 04:15:52.252,0.95897,0.95921,1.00,1.00
2016.09.22 04:15:53.563,0.95898,0.95922,1.00,1.50
2016.09.22 04:15:54.296,0.95897,0.95921,1.00,1.00
2016.09.22 04:15:54.466,0.95893,0.95922,1.00,1.50
2016.09.22 04:15:54.567,0.95893,0.9592,1.00,1.00
2016.09.22 04:15:54.890,0.95893,0.95922,1.00,1.50
2016.09.22 04:15:55.198,0.95899,0.95923,1.00,1.00
2016.09.22 04:15:55.400,0.95903,0.95929,1.00,1.00
2016.09.22 04:15:56.718,0.95903,0.9593,1.00,1.00
2016.09.22 04:15:56.889,0.95905,0.95929,1.00,1.00
2016.09.22 04:16:00.617,0.95903,0.95929,1.00,1.00
2016.09.22 04:16:01.514,0.95904,0.95928,1.00,1.00
2016.09.22 04:16:01.716,0.95906,0.9593,1.00,1.00
2016.09.22 04:16:02.503,0.95905,0.95929,1.00,1.00
2016.09.22 04:16:03.809,0.95903,0.95929,1.00,1.00
2016.09.22 04:16:03.910,0.95905,0.95929,1.00,1.00
2016.09.22 04:16:04.123,0.95903,0.9593,1.00,1.00
2016.09.22 04:16:05.405,0.95905,0.95932,1.00,1.00
2016.09.22 04:16:05.955,0.95904,0.95931,1.00,1.00
2016.09.22 04:16:06.268,0.95902,0.95929,1.00,1.00
2016.09.22 04:16:07.315,0.95901,0.9593,1.00,1.00
2016.09.22 04:16:07.822,0.95903,0.9593,1.00,1.00
2016.09.22 04:16:08.532,0.95904,0.9593,1.00,1.00
2016.09.22 04:16:09.076,0.95903,0.9593,1.00,1.00
2016.09.22 04:16:09.920,0.95904,0.9593,1.00,1.00
2016.09.22 04:16:15.446,0.95905,0.9593,1.00,1.00
2016.09.22 04:16:18.615,0.95906,0.9593,1.00,1.00
2016.09.22 04:16:20.537,0.95904,0.95931,1.00,1.00
2016.09.22 04:16:24.124,0.95906,0.95931,1.00,1.00
2016.09.22 04:16:27.471,0.95908,0.95932,1.00,1.00
2016.09.22 04:16:27.972,0.95909,0.95933,1.00,1.00
2016.09.22 04:16:28.073,0.95902,0.95928,1.00,1.00
2016.09.22 04:16:28.124,0.95902,0.95928,1.00,1.00
2016.09.22 04:16:28.334,0.95903,0.95932,1.00,1.00
2016.09.22 04:16:28.756,0.95912,0.95933,1.00,1.00
2016.09.22 04:16:28.806,0.95912,0.95938,1.00,1.00
2016.09.22 04:16:28.907,0.95912,0.95941,1.00,1.00
2016.09.22 04:16:29.008,0.95912,0.95938,1.00,1.00
2016.09.22 04:16:30.270,0.95915,0.95938,1.00,1.00
2016.09.22 04:16:30.321,0.95915,0.95942,1.00,1.00
2016.09.22 04:16:30.433,0.95917,0.95948,1.00,2.62
2016.09.22 04:16:30.484,0.95914,0.95939,1.00,1.00
2016.09.22 04:16:31.284,0.95912,0.95938,1.00,1.00
2016.09.22 04:16:31.385,0.9591,0.95936,1.00,1.00
2016.09.22 04:16:31.986,0.95909,0.95936,1.00,1.00
2016.09.22 04:16:33.028,0.95909,0.95936,1.00,1.00
2016.09.22 04:16:33.565,0.9591,0.95937,1.00,1.00
2016.09.22 04:16:34.323,0.95912,0.9594,1.00,1.00
2016.09.22 04:16:34.628,0.95912,0.95937,1.00,1.00
2016.09.22 04:16:34.855,0.95908,0.95936,1.50,1.00
2016.09.22 04:16:34.956,0.95905,0.95932,1.00,1.00
2016.09.22 04:16:35.277,0.95903,0.9593,1.00,1.00
2016.09.22 04:16:35.566,0.95905,0.95932,1.00,1.00
2016.09.22 04:16:36.492,0.95906,0.95932,1.00,1.00
2016.09.22 04:16:37.244,0.95905,0.95932,1.00,1.00
2016.09.22 04:16:37.818,0.95905,0.95933,1.00,1.00
2016.09.22 04:16:38.231,0.95907,0.95933,1.00,1.00
2016.09.22 04:16:38.773,0.95904,0.95933,1.00,1.00
2016.09.22 04:16:39.097,0.95906,0.95933,1.00,1.00
2016.09.22 04:16:44.655,0.95904,0.95928,1.00,1.00
2016.09.22 04:16:44.756,0.95903,0.95931,1.00,1.00
2016.09.22 04:16:44.857,0.95903,0.95928,1.00,1.00
2016.09.22 04:16:44.961,0.95905,0.95931,1.00,1.00
2016.09.22 04:16:45.062,0.95905,0.95931,1.00,1.00
2016.09.22 04:16:45.226,0.95905,0.95931,1.00,1.00
2016.09.22 04:16:45.327,0.95905,0.95931,1.00,1.00
2016.09.22 04:16:45.377,0.95903,0.9593,1.00,1.00
2016.09.22 04:16:45.907,0.95903,0.95931,1.00,1.00
2016.09.22 04:16:46.058,0.95909,0.95933,1.00,1.00
2016.09.22 04:16:46.260,0.95909,0.95937,1.00,1.00
2016.09.22 04:16:46.863,0.95908,0.95935,1.00,1.00
2016.09.22 04:16:47.680,0.95909,0.95935,1.00,1.00
2016.09.22 04:16:47.781,0.95908,0.9594,1.00,1.00
2016.09.22 04:16:47.858,0.95908,0.9594,1.50,1.00
2016.09.22 04:16:47.910,0.95913,0.95942,1.00,1.00
2016.09.22 04:16:47.960,0.95913,0.95941,1.00,1.00
2016.09.22 04:16:48.011,0.95913,0.95941,1.00,1.00
2016.09.22 04:16:48.062,0.95912,0.95941,1.50,1.00
2016.09.22 04:16:48.112,0.95912,0.95941,1.50,1.00
2016.09.22 04:16:48.163,0.95915,0.95943,1.00,1.00
2016.09.22 04:16:48.364,0.95915,0.95943,1.50,1.00
2016.09.22 04:16:48.441,0.95915,0.95943,1.50,1.00
2016.09.22 04:16:48.491,0.95919,0.95947,1.00,1.50
2016.09.22 04:16:48.650,0.95919,0.95947,1.50,1.50
2016.09.22 04:16:48.839,0.9592,0.95947,1.00,1.50
2016.09.22 04:16:48.890,0.9592,0.95947,1.50,1.00
2016.09.22 04:16:49.070,0.95925,0.95952,1.00,1.00
2016.09.22 04:16:49.171,0.95925,0.95952,1.00,1.00
2016.09.22 04:16:49.534,0.95924,0.95952,1.50,1.00
2016.09.22 04:16:49.585,0.95928,0.95952,1.00,1.00
2016.09.22 04:16:50.175,0.95924,0.95952,1.00,1.00
2016.09.22 04:16:50.377,0.9592,0.95954,1.50,1.12
2016.09.22 04:16:50.478,0.95917,0.95952,1.50,1.00
2016.09.22 04:16:50.579,0.95917,0.95952,1.50,1.12
2016.09.22 04:16:50.659,0.95917,0.95952,1.50,1.37
2016.09.22 04:16:50.760,0.95917,0.95953,1.50,1.72
2016.09.22 04:16:50.861,0.95917,0.95953,1.50,1.37
2016.09.22 04:16:50.963,0.95917,0.95953,1.50,1.87
2016.09.22 04:16:51.013,0.95917,0.95953,1.50,1.87
2016.09.22 04:16:51.064,0.95917,0.95947,1.50,1.00
2016.09.22 04:16:51.796,0.95917,0.95947,1.50,1.00
2016.09.22 04:16:52.368,0.9592,0.95947,1.00,1.00
2016.09.22 04:16:58.557,0.95922,0.95946,1.00,1.00
2016.09.22 04:16:58.708,0.9592,0.95945,1.00,1.00
2016.09.22 04:17:00.897,0.95918,0.95948,1.00,1.00
2016.09.22 04:17:01.202,0.9592,0.95948,1.00,1.00
2016.09.22 04:17:02.786,0.95921,0.95946,1.00,1.00
2016.09.22 04:17:03.496,0.95922,0.95947,1.00,1.00
2016.09.22 04:17:03.687,0.95921,0.95946,1.00,1.00
2016.09.22 04:17:03.896,0.9592,0.95947,1.00,1.00
2016.09.22 04:17:04.489,0.95919,0.95948,1.00,1.00
2016.09.22 04:17:09.055,0.95919,0.95947,1.00,1.00
2016.09.22 04:17:09.606,0.9592,0.95947,1.00,1.00
2016.09.22 04:17:10.125,0.95922,0.95947,1.00,1.00
2016.09.22 04:17:10.175,0.95922,0.95952,1.00,1.00
2016.09.22 04:17:10.226,0.95922,0.95952,1.00,1.12
2016.09.22 04:17:10.485,0.95922,0.95952,1.00,1.00
2016.09.22 04:17:10.586,0.95922,0.95953,1.00,1.37
2016.09.22 04:17:10.792,0.95922,0.95952,1.00,1.12
2016.09.22 04:17:12.887,0.95922,0.95952,1.00,1.00
2016.09.22 04:17:12.960,0.95922,0.95954,1.00,1.37
2016.09.22 04:17:13.010,0.95922,0.95954,1.00,2.62
2016.09.22 04:17:13.061,0.95922,0.95954,1.00,2.62
2016.09.22 04:17:13.111,0.95922,0.95953,1.00,1.87
2016.09.22 04:17:13.260,0.95922,0.95947,1.00,1.00
2016.09.22 04:17:13.775,0.95921,0.95947,1.00,1.00
2016.09.22 04:17:14.140,0.95919,0.95946,1.00,1.00
2016.09.22 04:17:14.291,0.95919,0.95946,1.00,1.00
2016.09.22 04:17:14.341,0.95918,0.95944,1.00,1.00
2016.09.22 04:17:14.612,0.9591,0.95935,1.00,1.00
2016.09.22 04:17:14.738,0.95908,0.95934,1.00,1.00
2016.09.22 04:17:15.442,0.95906,0.95932,1.00,1.00
2016.09.22 04:17:15.626,0.95907,0.95934,1.00,1.00
2016.09.22 04:17:16.405,0.95907,0.95932,1.00,1.00
2016.09.22 04:17:17.230,0.95905,0.9593,1.00,1.00
2016.09.22 04:17:17.758,0.95905,0.95929,1.00,1.00
2016.09.22 04:17:17.809,0.95905,0.95931,1.00,1.00
2016.09.22 04:17:17.966,0.95905,0.95931,1.00,1.00
2016.09.22 04:17:18.709,0.95905,0.95929,1.00,1.00
2016.09.22 04:17:19.268,0.95906,0.9593,1.00,1.00
2016.09.22 04:17:22.298,0.95902,0.95926,1.00,1.00
2016.09.22 04:17:22.551,0.95896,0.95925,1.00,1.87
2016.09.22 04:17:22.652,0.95897,0.95924,1.00,1.00
2016.09.22 04:17:23.289,0.95897,0.95926,1.00,1.37
2016.09.22 04:17:23.515,0.95897,0.95926,1.00,1.12
2016.09.22 04:17:23.753,0.95896,0.95923,1.00,1.00
2016.09.22 04:17:23.821,0.95897,0.95926,1.00,1.12
2016.09.22 04:17:23.922,0.95896,0.95923,1.00,1.00
2016.09.22 04:17:24.222,0.95897,0.95926,1.00,1.12
2016.09.22 04:17:24.275,0.95897,0.95926,1.00,1.12
2016.09.22 04:17:24.325,0.95897,0.95922,1.00,1.00
2016.09.22 04:17:24.426,0.95896,0.95927,1.00,1.12
2016.09.22 04:17:24.476,0.95896,0.95927,1.00,1.12
2016.09.22 04:17:24.628,0.95896,0.95927,1.00,1.37
2016.09.22 04:17:24.678,0.95896,0.95922,1.00,1.00
2016.09.22 04:17:25.125,0.95896,0.95927,1.00,1.37
2016.09.22 04:17:25.521,0.95896,0.95927,1.00,1.87
2016.09.22 04:17:27.179,0.95896,0.95927,1.00,1.12
2016.09.22 04:17:27.530,0.95896,0.95921,1.00,1.00
2016.09.22 04:17:27.833,0.95894,0.95919,1.00,1.00
2016.09.22 04:17:28.532,0.95893,0.95918,1.00,1.00
2016.09.22 04:17:28.646,0.9589,0.95915,1.87,1.00
2016.09.22 04:17:28.697,0.9589,0.95915,1.87,1.00
2016.09.22 04:17:28.747,0.95888,0.95912,1.00,1.00
2016.09.22 04:17:28.848,0.95884,0.95918,1.00,3.37
2016.09.22 04:17:28.899,0.95884,0.95918,1.00,3.37
2016.09.22 04:17:28.950,0.95884,0.95918,1.00,2.62
2016.09.22 04:17:29.000,0.95884,0.95918,1.00,2.62
2016.09.22 04:17:29.051,0.95884,0.95916,1.00,1.37
2016.09.22 04:17:29.536,0.95883,0.95911,1.00,1.00
2016.09.22 04:17:29.847,0.95881,0.95909,1.12,1.00
2016.09.22 04:17:30.192,0.95883,0.9591,1.00,1.00
2016.09.22 04:17:30.851,0.95881,0.95907,1.00,1.00
2016.09.22 04:17:31.627,0.9588,0.95908,1.00,1.00
2016.09.22 04:17:32.978,0.95883,0.95908,1.00,1.00
2016.09.22 04:17:33.156,0.95881,0.95907,1.00,1.00
2016.09.22 04:17:33.446,0.95882,0.95909,1.00,1.00
2016.09.22 04:17:34.698,0.95877,0.95911,1.37,1.00
2016.09.22 04:17:34.770,0.95877,0.95911,1.37,1.00
2016.09.22 04:17:34.821,0.9588,0.95907,1.00,1.00
2016.09.22 04:17:34.872,0.95879,0.95906,1.12,1.00
2016.09.22 04:17:34.973,0.95874,0.959,1.00,1.00
2016.09.22 04:17:35.074,0.9587,0.95897,1.12,1.00
2016.09.22 04:17:35.342,0.9587,0.95897,1.00,1.00
2016.09.22 04:17:35.651,0.95872,0.95898,1.00,1.00
2016.09.22 04:17:36.258,0.9587,0.95896,1.00,1.00
2016.09.22 04:17:36.359,0.95871,0.95898,1.00,1.00
2016.09.22 04:17:39.787,0.9587,0.95898,1.00,1.00
2016.09.22 04:17:40.264,0.95871,0.95901,1.00,1.37
2016.09.22 04:17:40.314,0.95871,0.95901,1.00,1.37
2016.09.22 04:17:40.473,0.95871,0.95902,1.00,2.62
2016.09.22 04:17:40.904,0.95867,0.95897,1.00,1.00
2016.09.22 04:17:41.005,0.9587,0.959,1.00,1.37
2016.09.22 04:17:41.106,0.95868,0.95898,1.00,1.12
2016.09.22 04:17:41.157,0.95868,0.95898,1.00,1.50
2016.09.22 04:17:41.668,0.95863,0.95895,1.12,1.00
2016.09.22 04:17:41.769,0.95863,0.95895,1.00,1.37
2016.09.22 04:17:41.870,0.95863,0.95895,1.00,1.12
2016.09.22 04:17:41.971,0.95864,0.95892,1.00,1.00
2016.09.22 04:17:42.868,0.95861,0.95893,1.00,1.00
2016.09.22 04:17:42.919,0.95861,0.95893,1.00,1.50
2016.09.22 04:17:43.070,0.95862,0.95891,1.00,1.12
2016.09.22 04:17:43.171,0.95862,0.95891,1.00,1.00
2016.09.22 04:17:43.388,0.95859,0.95891,1.00,1.00
2016.09.22 04:17:43.490,0.95862,0.95893,1.00,1.00
2016.09.22 04:17:43.541,0.95862,0.95896,1.00,1.87
2016.09.22 04:17:43.642,0.95862,0.95896,1.00,3.37
2016.09.22 04:17:43.693,0.95865,0.95897,1.00,1.00
2016.09.22 04:17:43.794,0.95865,0.95898,1.00,1.12
2016.09.22 04:17:43.895,0.95865,0.95899,1.37,1.12
2016.09.22 04:17:43.946,0.95865,0.95897,1.37,1.00
2016.09.22 04:17:43.997,0.95868,0.95897,1.00,1.12
2016.09.22 04:17:44.098,0.95868,0.95897,1.00,1.00
2016.09.22 04:17:44.148,0.95868,0.959,1.00,1.87
2016.09.22 04:17:44.199,0.95865,0.95897,1.00,1.12
2016.09.22 04:17:44.288,0.95865,0.95897,1.00,1.12
2016.09.22 04:17:44.389,0.95865,0.95896,1.00,1.00
2016.09.22 04:17:44.779,0.95859,0.95893,1.12,1.00
2016.09.22 04:17:44.829,0.95859,0.95893,1.12,1.00
2016.09.22 04:17:44.880,0.95858,0.95887,1.00,1.00
2016.09.22 04:17:44.981,0.95858,0.95887,1.12,1.00
2016.09.22 04:17:45.285,0.95858,0.95887,1.37,1.00
2016.09.22 04:17:45.386,0.95859,0.95889,1.00,1.00
2016.09.22 04:17:45.975,0.9586,0.95889,1.00,1.00
2016.09.22 04:17:46.776,0.95858,0.95889,1.00,1.00
2016.09.22 04:17:48.779,0.95858,0.95888,1.00,1.00
2016.09.22 04:17:49.109,0.95856,0.95887,1.37,1.00
2016.09.22 04:17:49.210,0.95856,0.95887,1.12,1.00
2016.09.22 04:17:49.312,0.95856,0.95887,1.00,1.12
2016.09.22 04:17:49.514,0.95855,0.95881,1.87,1.00
2016.09.22 04:17:49.615,0.95854,0.95884,1.12,1.00
2016.09.22 04:17:49.779,0.95853,0.95884,3.37,1.00
2016.09.22 04:17:49.831,0.95857,0.95887,1.00,1.50
2016.09.22 04:17:49.881,0.95857,0.95887,1.37,1.50
2016.09.22 04:17:49.983,0.95859,0.95887,1.37,1.50
2016.09.22 04:17:50.033,0.95859,0.95887,1.37,1.00
2016.09.22 04:17:50.084,0.95857,0.95887,1.00,1.00
2016.09.22 04:17:50.134,0.95857,0.95887,1.00,1.00
2016.09.22 04:17:50.276,0.95857,0.95887,1.12,1.00
2016.09.22 04:17:50.427,0.95858,0.95888,1.00,1.00
2016.09.22 04:17:50.478,0.95858,0.95888,1.12,1.00
2016.09.22 04:17:50.528,0.95859,0.95887,1.00,1.00
2016.09.22 04:17:50.629,0.95855,0.95887,1.87,1.00
2016.09.22 04:17:50.680,0.95857,0.95886,1.87,1.00
2016.09.22 04:17:50.803,0.95852,0.95886,1.87,1.12
2016.09.22 04:17:50.904,0.95852,0.95886,1.87,1.12
2016.09.22 04:17:51.005,0.95856,0.95887,1.37,1.00
2016.09.22 04:17:51.324,0.95855,0.95884,1.87,1.00
2016.09.22 04:17:51.425,0.95851,0.95885,1.37,1.00
2016.09.22 04:17:51.518,0.95852,0.95887,1.37,1.87
2016.09.22 04:17:51.619,0.95852,0.95888,2.62,2.62
2016.09.22 04:17:51.749,0.95854,0.95889,2.62,1.87
2016.09.22 04:17:51.800,0.95855,0.95891,2.62,2.62
2016.09.22 04:17:51.851,0.95855,0.95891,2.62,2.62
2016.09.22 04:17:52.206,0.95855,0.95891,2.62,2.62
2016.09.22 04:17:52.256,0.95855,0.95889,2.62,1.30
2016.09.22 04:17:52.307,0.95854,0.95884,1.00,2.62
2016.09.22 04:17:52.408,0.95849,0.95883,1.37,1.37
2016.09.22 04:17:52.509,0.9585,0.95886,1.87,2.62
2016.09.22 04:17:52.560,0.9585,0.95886,1.87,2.62
2016.09.22 04:17:52.638,0.95857,0.95886,1.00,2.62
2016.09.22 04:17:52.689,0.95856,0.9589,2.62,1.37
2016.09.22 04:17:52.740,0.95856,0.95886,1.87,1.00
2016.09.22 04:17:52.790,0.95853,0.95886,3.37,1.00
2016.09.22 04:17:52.841,0.95853,0.95886,3.37,1.00
2016.09.22 04:17:52.943,0.95853,0.95886,3.37,1.00
2016.09.22 04:17:53.327,0.95854,0.95886,2.62,1.00
2016.09.22 04:17:53.428,0.95855,0.95888,1.87,1.00
2016.09.22 04:17:53.905,0.95854,0.95882,1.37,1.00
2016.09.22 04:17:53.955,0.95854,0.95882,1.37,1.00
2016.09.22 04:17:54.046,0.95851,0.95882,1.12,1.00
2016.09.22 04:17:54.198,0.9585,0.95882,1.37,1.00
2016.09.22 04:17:54.299,0.95854,0.95884,1.87,1.00
2016.09.22 04:17:54.349,0.95854,0.95884,1.87,1.00
2016.09.22 04:17:54.400,0.95854,0.95887,1.87,2.25
2016.09.22 04:17:54.500,0.95855,0.95887,1.87,1.50
2016.09.22 04:17:54.601,0.95854,0.95886,1.12,1.12
2016.09.22 04:17:54.652,0.95854,0.95886,1.12,1.12
2016.09.22 04:17:54.702,0.95852,0.95886,1.87,1.12
2016.09.22 04:17:54.789,0.95851,0.95886,1.37,2.62
2016.09.22 04:17:54.840,0.95851,0.95882,1.37,1.00
2016.09.22 04:17:54.890,0.95851,0.95882,1.00,2.62
2016.09.22 04:17:54.941,0.95851,0.95882,1.00,2.62
2016.09.22 04:17:54.991,0.95847,0.9588,1.00,1.87
2016.09.22 04:17:55.042,0.95847,0.9588,1.00,1.87
2016.09.22 04:17:55.093,0.95847,0.95879,1.00,1.87
2016.09.22 04:17:55.143,0.95847,0.95879,1.00,1.87
2016.09.22 04:17:55.244,0.95844,0.95877,1.12,1.37
2016.09.22 04:17:55.345,0.95844,0.95877,1.12,1.87
2016.09.22 04:17:55.496,0.95844,0.95876,1.00,1.37
2016.09.22 04:17:55.597,0.95841,0.95874,2.62,1.00
2016.09.22 04:17:56.126,0.95841,0.95874,1.12,1.00
2016.09.22 04:17:56.515,0.95839,0.95874,1.87,2.62
2016.09.22 04:17:56.566,0.95839,0.95874,1.87,2.62
2016.09.22 04:17:56.621,0.95839,0.95874,1.87,2.62
2016.09.22 04:17:56.786,0.95839,0.95874,1.87,1.87
2016.09.22 04:17:56.836,0.95839,0.95876,1.37,1.87
2016.09.22 04:17:56.946,0.95839,0.95876,1.37,1.87
2016.09.22 04:17:57.014,0.95839,0.95877,2.62,3.37
2016.09.22 04:17:57.224,0.95839,0.95875,3.37,1.87
2016.09.22 04:17:57.325,0.95841,0.95876,1.87,1.37
2016.09.22 04:17:57.390,0.9584,0.95876,1.87,2.62
2016.09.22 04:17:57.491,0.9584,0.95877,1.87,1.87
2016.09.22 04:17:57.542,0.95841,0.95877,1.37,1.87
2016.09.22 04:17:57.643,0.95841,0.95877,1.37,1.87
2016.09.22 04:17:57.891,0.95841,0.95876,2.62,1.12
2016.09.22 04:17:57.942,0.95841,0.95876,2.62,1.12
2016.09.22 04:17:58.192,0.95842,0.95876,1.87,1.00
2016.09.22 04:17:58.633,0.95842,0.95876,1.87,1.50
2016.09.22 04:17:58.719,0.95842,0.95876,1.87,1.50
2016.09.22 04:17:58.793,0.95843,0.95876,1.87,1.87
2016.09.22 04:17:59.100,0.95841,0.95876,2.62,1.87
2016.09.22 04:18:00.104,0.95842,0.95876,1.37,1.37
2016.09.22 04:18:00.205,0.95842,0.95876,1.37,1.12
2016.09.22 04:18:00.256,0.95842,0.95876,1.37,1.12
2016.09.22 04:18:00.306,0.95841,0.95875,1.12,1.00
2016.09.22 04:18:00.357,0.95841,0.95875,1.12,1.00
2016.09.22 04:18:00.407,0.95836,0.95868,1.12,1.00
2016.09.22 04:18:00.458,0.95836,0.95868,1.12,1.00
2016.09.22 04:18:00.508,0.95837,0.9587,2.62,1.00
2016.09.22 04:18:00.559,0.95837,0.9587,2.62,1.00
2016.09.22 04:18:00.707,0.95838,0.9587,1.12,1.00
2016.09.22 04:18:00.808,0.95838,0.9587,1.37,1.00
2016.09.22 04:18:00.897,0.95839,0.9587,1.37,1.00
2016.09.22 04:18:01.203,0.95837,0.9587,2.62,1.00
2016.09.22 04:18:01.254,0.95837,0.95869,1.87,1.00
2016.09.22 04:18:01.305,0.95835,0.95869,1.12,1.00
2016.09.22 04:18:01.355,0.95835,0.95866,1.12,1.00
2016.09.22 04:18:01.406,0.95833,0.95866,1.50,1.00
2016.09.22 04:18:01.456,0.95833,0.95866,1.00,1.00
2016.09.22 04:18:01.607,0.95832,0.95866,1.00,1.12
2016.09.22 04:18:01.798,0.95833,0.95866,1.00,1.37
2016.09.22 04:18:02.111,0.95833,0.95866,1.00,1.00
2016.09.22 04:18:02.732,0.95833,0.95862,1.00,1.00
2016.09.22 04:18:03.450,0.95833,0.95866,1.00,1.00
2016.09.22 04:18:03.552,0.95833,0.95864,1.00,1.00
2016.09.22 04:18:05.403,0.95833,0.95864,1.50,1.00
2016.09.22 04:18:05.454,0.95833,0.95867,1.50,1.37
2016.09.22 04:18:05.512,0.95833,0.95864,1.00,1.00
2016.09.22 04:18:08.916,0.95834,0.95862,1.00,1.00
2016.09.22 04:18:09.517,0.95834,0.95867,1.00,1.87
2016.09.22 04:18:09.618,0.95834,0.95867,1.00,1.50
2016.09.22 04:18:13.122,0.95834,0.95866,1.00,1.00
2016.09.22 04:18:13.422,0.95832,0.95867,1.50,1.00
2016.09.22 04:18:13.522,0.95835,0.95865,1.00,1.00
2016.09.22 04:18:14.745,0.95835,0.95865,1.00,1.00
2016.09.22 04:18:15.971,0.95835,0.95859,1.00,1.00
2016.09.22 04:18:19.330,0.95835,0.95861,1.00,1.00
2016.09.22 04:18:21.032,0.95831,0.95855,1.00,1.00
2016.09.22 04:18:21.082,0.95831,0.95855,1.00,1.00
2016.09.22 04:18:21.234,0.95826,0.95854,1.50,1.00
2016.09.22 04:18:21.384,0.95826,0.95854,1.50,1.00
2016.09.22 04:18:21.435,0.95823,0.9585,1.00,1.00
2016.09.22 04:18:21.536,0.95821,0.9585,1.00,1.00
2016.09.22 04:18:22.361,0.95821,0.9585,1.00,1.00
2016.09.22 04:18:22.434,0.95822,0.9585,1.00,1.00
2016.09.22 04:18:23.736,0.95823,0.95848,1.00,1.00
2016.09.22 04:18:24.337,0.95825,0.9585,1.00,1.00
2016.09.22 04:18:24.853,0.95824,0.95849,1.00,1.00
2016.09.22 04:18:25.183,0.95822,0.95847,1.00,1.00
2016.09.22 04:18:25.456,0.95822,0.95849,1.00,1.00
2016.09.22 04:18:25.507,0.95822,0.95849,1.00,1.00
2016.09.22 04:18:25.557,0.95816,0.95847,1.87,1.00
2016.09.22 04:18:25.608,0.95816,0.95847,1.87,1.00
2016.09.22 04:18:25.658,0.95819,0.95847,1.00,1.00
2016.09.22 04:18:25.790,0.9582,0.95849,1.87,1.00
2016.09.22 04:18:25.956,0.9582,0.95849,1.12,1.00
2016.09.22 04:18:26.058,0.9582,0.95849,3.37,1.00
2016.09.22 04:18:26.159,0.95822,0.95851,1.12,1.00
2016.09.22 04:18:27.344,0.95822,0.95851,1.00,1.00
2016.09.22 04:18:28.245,0.95822,0.95851,1.12,1.00
2016.09.22 04:18:28.748,0.95825,0.9585,1.00,1.00
2016.09.22 04:18:30.051,0.95823,0.9585,1.00,1.00
2016.09.22 04:18:30.348,0.95823,0.9585,1.12,1.00
2016.09.22 04:18:30.577,0.95823,0.9585,1.12,1.00
2016.09.22 04:18:30.649,0.95823,0.9585,1.87,1.00
2016.09.22 04:18:30.849,0.95823,0.9585,1.12,1.00
2016.09.22 04:18:31.201,0.95824,0.95852,1.00,1.00
2016.09.22 04:18:31.302,0.95823,0.9585,1.50,1.00
2016.09.22 04:18:31.503,0.95823,0.95852,1.50,1.00
2016.09.22 04:18:31.565,0.95823,0.95854,1.50,1.87
2016.09.22 04:18:31.983,0.95825,0.95854,1.00,1.12
2016.09.22 04:18:32.084,0.95824,0.95851,1.37,1.00
2016.09.22 04:18:32.158,0.95827,0.95853,1.00,1.00
2016.09.22 04:18:32.209,0.95827,0.95853,1.00,1.00
2016.09.22 04:18:32.260,0.95831,0.95861,1.12,1.00
2016.09.22 04:18:32.361,0.95834,0.95862,1.00,1.00
2016.09.22 04:18:32.411,0.95834,0.95863,1.00,1.00
2016.09.22 04:18:33.258,0.95833,0.95865,1.12,1.00
2016.09.22 04:18:33.961,0.95835,0.95863,1.00,1.00
2016.09.22 04:18:36.566,0.95836,0.95863,1.00,1.00
2016.09.22 04:18:38.268,0.95834,0.95863,1.00,1.00
2016.09.22 04:18:38.978,0.95835,0.95863,1.00,1.00
2016.09.22 04:18:39.079,0.95833,0.95864,1.00,1.00
2016.09.22 04:18:39.171,0.95835,0.95863,1.00,1.00
2016.09.22 04:18:39.402,0.95834,0.95863,1.37,1.00
2016.09.22 04:18:39.469,0.95834,0.95863,1.00,1.00
2016.09.22 04:18:40.173,0.95836,0.95863,1.00,1.00
2016.09.22 04:18:40.273,0.95834,0.95863,1.00,1.00
2016.09.22 04:18:41.175,0.95835,0.95863,1.00,1.00
2016.09.22 04:18:41.523,0.95837,0.95867,1.00,2.62
2016.09.22 04:18:41.627,0.95837,0.95867,1.00,1.00
2016.09.22 04:18:41.678,0.95838,0.95865,1.00,1.00
2016.09.22 04:18:42.177,0.95838,0.95867,1.00,1.00
2016.09.22 04:18:44.879,0.95838,0.95866,1.00,1.00
2016.09.22 04:18:45.280,0.95838,0.95865,1.00,1.00
2016.09.22 04:18:45.581,0.95838,0.95867,1.00,1.00
2016.09.22 04:18:46.181,0.95838,0.9587,1.00,1.37
2016.09.22 04:18:46.582,0.95838,0.95867,1.00,1.00
2016.09.22 04:18:47.997,0.95838,0.95867,1.00,1.37
2016.09.22 04:18:48.184,0.95838,0.95868,1.00,1.87
2016.09.22 04:18:48.397,0.95838,0.9587,1.00,1.37
2016.09.22 04:18:51.505,0.95838,0.9587,1.00,1.12
2016.09.22 04:18:51.705,0.95838,0.95871,1.00,1.37
2016.09.22 04:18:54.494,0.95839,0.95871,1.00,1.37
2016.09.22 04:18:58.827,0.95839,0.95871,1.12,1.37
2016.09.22 04:18:58.904,0.95839,0.95871,1.12,1.37
2016.09.22 04:18:58.954,0.95839,0.95869,1.12,1.00
2016.09.22 04:18:59.019,0.95839,0.95869,1.00,1.00
2016.09.22 04:18:59.070,0.95839,0.9587,1.00,1.12
2016.09.22 04:18:59.127,0.95839,0.95869,1.00,1.87
2016.09.22 04:18:59.320,0.95839,0.9587,1.00,1.12
2016.09.22 04:18:59.521,0.95839,0.9587,1.00,2.62
2016.09.22 04:18:59.571,0.95839,0.95869,1.00,1.37
2016.09.22 04:18:59.622,0.95839,0.95868,1.00,1.87
2016.09.22 04:18:59.843,0.95844,0.95874,1.00,1.12
2016.09.22 04:18:59.967,0.95848,0.95878,1.00,1.37
2016.09.22 04:19:00.023,0.95848,0.95878,1.00,1.00
2016.09.22 04:19:00.174,0.95848,0.95878,1.00,1.00
2016.09.22 04:19:00.908,0.95849,0.95878,1.00,1.00
2016.09.22 04:19:01.004,0.95851,0.95878,1.00,1.00
2016.09.22 04:19:01.197,0.95851,0.95883,1.00,3.37
2016.09.22 04:19:02.130,0.95851,0.95883,1.00,1.87
2016.09.22 04:19:02.529,0.95851,0.95883,1.00,1.50
2016.09.22 04:19:02.631,0.95852,0.95883,1.00,1.00
2016.09.22 04:19:02.733,0.9586,0.95887,1.00,1.50
2016.09.22 04:19:02.836,0.9586,0.95892,1.50,1.00
2016.09.22 04:19:02.938,0.95864,0.95893,1.00,1.00
2016.09.22 04:19:03.040,0.95863,0.95889,1.00,1.00
2016.09.22 04:19:03.537,0.95866,0.95892,1.00,1.00
2016.09.22 04:19:03.638,0.95867,0.95897,1.00,1.00
2016.09.22 04:19:03.711,0.95871,0.95897,1.00,1.00
2016.09.22 04:19:03.813,0.95869,0.95901,1.00,1.00
2016.09.22 04:19:03.864,0.9587,0.95901,1.00,1.00
2016.09.22 04:19:03.914,0.95874,0.95906,1.00,1.12
2016.09.22 04:19:03.965,0.95874,0.95906,1.00,1.00
2016.09.22 04:19:04.015,0.95877,0.95907,1.00,1.00
2016.09.22 04:19:04.066,0.95877,0.95909,1.00,1.00
2016.09.22 04:19:04.116,0.95882,0.95909,1.00,1.00
2016.09.22 04:19:04.167,0.95882,0.95911,1.00,1.00
2016.09.22 04:19:04.217,0.95885,0.95911,1.00,1.00
2016.09.22 04:19:04.268,0.95885,0.95918,1.00,1.00
2016.09.22 04:19:04.369,0.95885,0.95918,1.12,1.00
2016.09.22 04:19:04.489,0.95885,0.95918,1.00,1.00
2016.09.22 04:19:04.638,0.95885,0.95918,1.00,1.00
2016.09.22 04:19:05.511,0.95886,0.95918,1.00,1.00
2016.09.22 04:19:06.257,0.95888,0.95919,1.00,1.00
2016.09.22 04:19:06.358,0.95895,0.95926,1.00,1.00
2016.09.22 04:19:06.459,0.95897,0.95927,1.00,1.50
2016.09.22 04:19:06.510,0.95897,0.95927,1.00,1.00
2016.09.22 04:19:06.560,0.95899,0.9593,1.00,1.00
2016.09.22 04:19:06.844,0.95896,0.95927,1.00,1.50
2016.09.22 04:19:07.999,0.95899,0.9593,1.00,1.00
2016.09.22 04:19:08.049,0.95896,0.95927,1.00,1.00
2016.09.22 04:19:08.252,0.95898,0.95928,1.00,1.00
2016.09.22 04:19:08.353,0.95898,0.95928,1.00,1.00
2016.09.22 04:19:08.917,0.95899,0.9593,1.00,1.00
2016.09.22 04:19:09.112,0.95899,0.95928,1.00,1.00
2016.09.22 04:19:09.162,0.95896,0.95928,1.00,1.00
2016.09.22 04:19:09.451,0.95896,0.95928,1.00,1.00
2016.09.22 04:19:09.618,0.95899,0.95928,1.00,1.00
2016.09.22 04:19:10.715,0.95899,0.95929,1.00,1.50
2016.09.22 04:19:10.815,0.95899,0.95929,1.00,1.00
2016.09.22 04:19:11.316,0.95899,0.95927,1.00,1.00
2016.09.22 04:19:11.367,0.95899,0.95927,1.00,1.00
2016.09.22 04:19:11.852,0.95899,0.95929,1.00,1.00
2016.09.22 04:19:12.925,0.959,0.9593,1.00,1.50
2016.09.22 04:19:12.975,0.959,0.9593,1.00,1.50
2016.09.22 04:19:13.026,0.959,0.9593,1.00,1.00
2016.09.22 04:19:13.076,0.95899,0.95932,1.00,1.50
2016.09.22 04:19:13.191,0.95899,0.9593,1.00,1.00
2016.09.22 04:19:13.862,0.95899,0.95927,1.00,1.00
2016.09.22 04:19:14.224,0.959,0.95931,1.00,1.00
2016.09.22 04:19:14.766,0.95901,0.95932,1.00,1.00
2016.09.22 04:19:14.867,0.95901,0.95932,1.00,1.00
2016.09.22 04:19:15.395,0.95902,0.95933,1.00,1.00
2016.09.22 04:19:15.670,0.95902,0.95933,1.00,1.00
2016.09.22 04:19:16.438,0.95904,0.9593,1.00,1.00
2016.09.22 04:19:19.640,0.95904,0.95929,1.00,1.00
2016.09.22 04:19:20.787,0.95903,0.95928,1.00,1.00
2016.09.22 04:19:20.988,0.95905,0.95932,1.00,1.00
2016.09.22 04:19:24.088,0.95905,0.9593,1.00,1.00
2016.09.22 04:19:27.564,0.95905,0.95932,1.00,1.00
2016.09.22 04:19:31.421,0.95907,0.95932,1.00,1.00
2016.09.22 04:19:31.747,0.95905,0.9593,1.00,1.00
2016.09.22 04:19:32.098,0.95912,0.95937,1.00,1.00
2016.09.22 04:19:32.423,0.95915,0.9594,1.00,1.00
2016.09.22 04:19:33.262,0.95913,0.95938,1.12,1.00
2016.09.22 04:19:33.797,0.95919,0.95942,1.00,1.00
2016.09.22 04:19:33.847,0.95919,0.95945,1.00,1.00
2016.09.22 04:19:33.898,0.95922,0.95949,1.00,1.87
2016.09.22 04:19:33.949,0.95922,0.95949,1.00,1.00
2016.09.22 04:19:34.102,0.95922,0.95949,1.37,1.00
2016.09.22 04:19:34.203,0.95926,0.95951,1.00,1.00
2016.09.22 04:19:34.426,0.95934,0.95962,1.00,1.00
2016.09.22 04:19:34.679,0.95934,0.95963,1.00,1.50
2016.09.22 04:19:35.104,0.95937,0.95962,1.00,1.00
2016.09.22 04:19:36.315,0.95936,0.95962,1.00,1.00
2016.09.22 04:19:37.569,0.95937,0.95962,1.00,1.00
2016.09.22 04:19:38.696,0.95938,0.95963,1.00,1.50
2016.09.22 04:19:39.300,0.95942,0.95968,1.00,1.00
2016.09.22 04:19:39.401,0.95945,0.95972,1.00,1.00
2016.09.22 04:19:40.076,0.95945,0.95967,1.00,1.00
2016.09.22 04:19:40.686,0.95946,0.95967,1.00,1.00
2016.09.22 04:19:41.272,0.95946,0.95971,1.00,1.00
2016.09.22 04:19:42.591,0.95949,0.95972,1.00,1.00
2016.09.22 04:19:44.823,0.95943,0.9597,1.00,1.00
2016.09.22 04:19:45.008,0.95942,0.95972,1.00,1.87
2016.09.22 04:19:45.162,0.95942,0.95968,1.00,1.00
2016.09.22 04:19:46.564,0.95942,0.95967,1.00,1.00
2016.09.22 04:19:47.113,0.95941,0.95967,1.00,1.00
2016.09.22 04:19:48.480,0.95941,0.95967,1.00,1.50
2016.09.22 04:19:48.682,0.95943,0.95967,1.00,1.00
2016.09.22 04:19:48.733,0.95943,0.95969,1.00,1.00
2016.09.22 04:19:48.934,0.95945,0.95969,1.00,1.00
2016.09.22 04:19:49.035,0.95946,0.95971,1.00,1.00
2016.09.22 04:19:49.586,0.95947,0.95973,1.00,1.50
2016.09.22 04:19:49.870,0.95947,0.95973,1.00,1.00
2016.09.22 04:19:50.621,0.95949,0.95977,1.00,1.00
2016.09.22 04:19:50.722,0.95957,0.95981,1.00,1.12
2016.09.22 04:19:50.836,0.95954,0.95978,1.00,1.00
2016.09.22 04:19:51.636,0.95957,0.95981,1.00,1.00
2016.09.22 04:19:52.874,0.95957,0.95981,1.00,1.00
2016.09.22 04:19:54.092,0.95955,0.95981,1.00,1.00
2016.09.22 04:19:54.611,0.95956,0.95982,1.00,1.50
2016.09.22 04:19:55.133,0.95956,0.9598,1.00,1.00
2016.09.22 04:19:55.694,0.95955,0.95979,1.00,1.00
2016.09.22 04:19:56.007,0.95953,0.95977,1.00,1.00
2016.09.22 04:19:57.182,0.95953,0.95977,1.12,1.00
2016.09.22 04:19:57.334,0.95961,0.95985,1.00,1.00
2016.09.22 04:19:58.080,0.95961,0.95983,1.00,1.00
2016.09.22 04:19:58.206,0.95961,0.95985,1.00,1.00
2016.09.22 04:19:58.629,0.9596,0.95988,1.00,1.00
2016.09.22 04:19:58.748,0.9596,0.95988,1.00,1.12
2016.09.22 04:19:58.982,0.9596,0.95982,1.00,1.00
2016.09.22 04:19:59.744,0.95962,0.95982,1.00,1.00
2016.09.22 04:19:59.795,0.95962,0.95988,1.00,1.37
2016.09.22 04:19:59.896,0.95962,0.95988,1.00,1.12
2016.09.22 04:20:00.101,0.9596,0.95988,1.00,1.12
2016.09.22 04:20:00.280,0.9596,0.95988,1.00,2.62
2016.09.22 04:20:00.330,0.95957,0.95983,1.00,1.00
2016.09.22 04:20:00.431,0.95952,0.95983,1.00,1.00
2016.09.22 04:20:00.583,0.95952,0.95983,1.00,1.37
2016.09.22 04:20:00.633,0.95952,0.95984,1.00,2.62
2016.09.22 04:20:00.684,0.95952,0.95983,1.00,1.87
2016.09.22 04:20:00.734,0.95952,0.95983,1.00,1.87
2016.09.22 04:20:00.785,0.95952,0.95984,1.00,2.62
2016.09.22 04:20:00.921,0.95952,0.95977,1.00,1.00
2016.09.22 04:20:01.102,0.95954,0.95977,1.00,1.00
2016.09.22 04:20:02.311,0.95953,0.95977,1.00,1.00
2016.09.22 04:20:06.914,0.95956,0.95977,1.00,1.00
2016.09.22 04:20:07.015,0.95956,0.9598,1.00,1.00
2016.09.22 04:20:07.116,0.95956,0.95982,1.00,1.00
2016.09.22 04:20:07.736,0.95957,0.95983,1.00,1.00
2016.09.22 04:20:09.616,0.95957,0.95984,1.00,1.00
2016.09.22 04:20:10.918,0.95958,0.95984,1.00,1.00
2016.09.22 04:20:12.193,0.95952,0.95976,1.00,1.00
2016.09.22 04:20:12.244,0.95944,0.95976,1.00,1.00
2016.09.22 04:20:12.327,0.95941,0.95969,1.00,1.00
2016.09.22 04:20:12.428,0.95941,0.95969,1.00,1.00
2016.09.22 04:20:12.653,0.9594,0.95966,1.00,1.00
2016.09.22 04:20:12.827,0.95947,0.95972,1.00,1.12
2016.09.22 04:20:12.877,0.95947,0.95977,1.00,1.50
2016.09.22 04:20:12.928,0.95947,0.95977,1.00,1.00
2016.09.22 04:20:13.129,0.95951,0.95981,1.00,1.12
2016.09.22 04:20:13.309,0.95951,0.95981,1.00,1.12
2016.09.22 04:20:13.477,0.95951,0.95981,1.00,1.00
2016.09.22 04:20:13.758,0.95949,0.95979,1.00,1.00
2016.09.22 04:20:13.873,0.95947,0.95977,1.00,1.00
2016.09.22 04:20:13.924,0.95947,0.95977,1.00,1.50
2016.09.22 04:20:14.729,0.95947,0.95977,1.00,1.50
2016.09.22 04:20:15.132,0.95947,0.95977,1.00,1.00
2016.09.22 04:20:15.334,0.95951,0.95977,1.00,1.00
2016.09.22 04:20:15.435,0.95951,0.95981,1.00,1.00
2016.09.22 04:20:15.637,0.95951,0.95981,1.00,1.00
2016.09.22 04:20:15.848,0.95951,0.95981,1.00,1.00
2016.09.22 04:20:15.949,0.95948,0.95976,3.37,1.00
2016.09.22 04:20:16.000,0.95948,0.95976,1.00,1.12
2016.09.22 04:20:16.050,0.95944,0.95974,1.00,1.00
2016.09.22 04:20:16.101,0.95944,0.95974,1.00,1.37
2016.09.22 04:20:16.252,0.95943,0.95971,1.00,1.00
2016.09.22 04:20:16.505,0.95943,0.95971,1.12,1.00
2016.09.22 04:20:16.556,0.95948,0.95975,1.00,1.00
2016.09.22 04:20:16.606,0.95948,0.95976,1.12,1.00
2016.09.22 04:20:16.657,0.95948,0.95976,1.12,1.00
2016.09.22 04:20:16.707,0.95948,0.95976,1.00,1.00
2016.09.22 04:20:16.909,0.95948,0.95976,1.00,1.00
2016.09.22 04:20:17.060,0.95948,0.95976,1.00,1.00
2016.09.22 04:20:17.136,0.95948,0.95976,1.00,1.00
2016.09.22 04:20:17.238,0.95946,0.95974,1.00,1.00
2016.09.22 04:20:17.343,0.95946,0.95974,1.00,1.00
2016.09.22 04:20:18.230,0.95945,0.95973,1.00,1.00
2016.09.22 04:20:18.772,0.95945,0.95973,1.00,1.00
2016.09.22 04:20:19.638,0.95944,0.95974,1.00,1.00
2016.09.22 04:20:20.333,0.95946,0.95974,1.00,1.00
2016.09.22 04:20:20.650,0.95944,0.95972,1.12,1.00
2016.09.22 04:20:20.701,0.95944,0.95972,1.00,1.00
2016.09.22 04:20:20.852,0.95944,0.95972,1.00,1.50
2016.09.22 04:20:21.014,0.95944,0.95972,1.00,1.00
2016.09.22 04:20:21.385,0.95946,0.95976,1.00,1.00
2016.09.22 04:20:21.435,0.95946,0.95976,1.00,1.00
2016.09.22 04:20:21.486,0.95948,0.95978,1.00,2.25
2016.09.22 04:20:21.536,0.95948,0.95978,2.62,1.50
2016.09.22 04:20:21.587,0.9595,0.95978,1.12,1.50
2016.09.22 04:20:21.637,0.9595,0.95978,1.12,1.00
2016.09.22 04:20:21.688,0.95955,0.95982,1.00,1.37
2016.09.22 04:20:21.739,0.95956,0.95986,1.00,2.62
2016.09.22 04:20:21.840,0.95959,0.95987,1.00,1.00
2016.09.22 04:20:22.128,0.95959,0.95988,1.00,1.00
2016.09.22 04:20:22.351,0.95959,0.95987,1.00,1.00
2016.09.22 04:20:24.643,0.95958,0.95987,1.12,1.00
2016.09.22 04:20:25.420,0.95958,0.95982,1.12,1.00
2016.09.22 04:20:25.470,0.95957,0.95982,1.37,1.00
2016.09.22 04:20:25.521,0.95956,0.95987,1.12,1.00
2016.09.22 04:20:25.771,0.95958,0.95987,1.00,1.00
2016.09.22 04:20:25.920,0.95958,0.95988,1.00,1.00
2016.09.22 04:20:26.721,0.95958,0.95987,1.00,1.00
2016.09.22 04:20:28.053,0.95959,0.95987,1.00,1.00
2016.09.22 04:20:32.427,0.95959,0.95988,1.00,1.12
2016.09.22 04:20:33.988,0.95958,0.95988,1.00,1.87
2016.09.22 04:20:34.038,0.95958,0.95982,1.00,1.00
2016.09.22 04:20:34.236,0.95959,0.95984,1.00,1.87
2016.09.22 04:20:34.287,0.95954,0.95984,1.00,2.62
2016.09.22 04:20:34.388,0.95955,0.95979,1.00,1.00
2016.09.22 04:20:34.438,0.95955,0.95978,1.00,1.00
2016.09.22 04:20:34.590,0.95952,0.95978,1.00,1.50
2016.09.22 04:20:35.289,0.95954,0.95978,1.00,1.50
2016.09.22 04:20:35.917,0.95954,0.95978,1.00,1.00
2016.09.22 04:20:36.364,0.95954,0.95983,1.00,1.37
2016.09.22 04:20:36.669,0.95954,0.95977,1.00,1.00
2016.09.22 04:20:38.416,0.95952,0.95977,1.00,1.00
2016.09.22 04:20:41.063,0.95952,0.95978,1.00,1.00
2016.09.22 04:20:41.113,0.95957,0.95983,1.00,1.00
2016.09.22 04:20:41.366,0.95957,0.95983,1.00,1.50
2016.09.22 04:20:41.652,0.95957,0.95983,1.00,1.00
2016.09.22 04:20:41.804,0.95963,0.95987,1.00,2.62
2016.09.22 04:20:41.854,0.95963,0.95987,1.00,1.50
2016.09.22 04:20:41.955,0.95963,0.95987,1.00,1.00
2016.09.22 04:20:42.059,0.95963,0.95987,1.00,1.50
2016.09.22 04:20:42.109,0.95962,0.95987,1.00,1.00
2016.09.22 04:20:43.566,0.95962,0.95988,1.00,1.00
2016.09.22 04:20:43.883,0.95962,0.95988,1.00,1.00
2016.09.22 04:20:45.205,0.95964,0.95988,1.00,1.00
2016.09.22 04:20:45.457,0.95963,0.95992,1.00,1.00
2016.09.22 04:20:45.558,0.95963,0.95987,1.00,1.00
2016.09.22 04:20:45.659,0.95965,0.95992,1.00,1.00
2016.09.22 04:20:46.306,0.95964,0.9599,1.00,1.00
2016.09.22 04:20:46.357,0.95964,0.95987,1.00,1.00
2016.09.22 04:20:46.458,0.95964,0.9599,1.00,1.00
2016.09.22 04:20:46.508,0.95958,0.95984,1.12,1.00
2016.09.22 04:20:46.559,0.95958,0.95984,1.00,1.00
2016.09.22 04:20:46.609,0.95953,0.95982,1.00,1.00
2016.09.22 04:20:46.660,0.95952,0.95982,1.00,2.62
2016.09.22 04:20:46.710,0.95951,0.95979,1.00,1.00
2016.09.22 04:20:46.811,0.95953,0.95983,1.00,1.37
2016.09.22 04:20:46.862,0.95953,0.95982,1.00,1.00
2016.09.22 04:20:46.981,0.95953,0.95983,1.50,1.00
2016.09.22 04:20:47.082,0.95954,0.95983,1.00,1.00
2016.09.22 04:20:47.133,0.95954,0.95983,1.00,1.00
2016.09.22 04:20:47.234,0.95954,0.95983,1.00,1.00
2016.09.22 04:20:47.465,0.95953,0.95984,1.50,1.00
2016.09.22 04:20:47.515,0.95961,0.95987,1.00,1.87
2016.09.22 04:20:47.566,0.95961,0.95989,2.62,1.00
2016.09.22 04:20:47.616,0.95963,0.95991,1.12,1.00
2016.09.22 04:20:47.667,0.95963,0.95991,1.00,1.00
2016.09.22 04:20:47.768,0.95963,0.95991,1.00,1.00
2016.09.22 04:20:47.881,0.95971,0.95992,1.00,1.00
2016.09.22 04:20:47.932,0.95971,0.95997,1.00,1.00
2016.09.22 04:20:47.982,0.95971,0.95997,1.87,1.00
2016.09.22 04:20:48.033,0.95976,0.95997,1.00,1.00
2016.09.22 04:20:48.623,0.95976,0.96002,1.00,1.00
2016.09.22 04:20:48.917,0.95977,0.95997,1.00,1.00
2016.09.22 04:20:49.270,0.95976,0.96003,1.00,1.00
2016.09.22 04:20:49.372,0.95976,0.96004,1.00,2.62
2016.09.22 04:20:49.422,0.95972,0.96,1.00,1.00
2016.09.22 04:20:49.473,0.95972,0.95997,1.00,1.87
2016.09.22 04:20:49.524,0.95966,0.95997,1.50,2.62
2016.09.22 04:20:49.575,0.95963,0.95992,1.00,1.87
2016.09.22 04:20:49.625,0.95959,0.95991,2.62,1.37
2016.09.22 04:20:49.676,0.95959,0.95991,1.87,1.00
2016.09.22 04:20:49.727,0.95959,0.95987,1.87,1.00
2016.09.22 04:20:49.778,0.95959,0.95987,1.12,1.00
2016.09.22 04:20:49.948,0.95959,0.95987,1.00,1.00
2016.09.22 04:20:51.705,0.95963,0.95987,1.00,1.00
2016.09.22 04:20:51.807,0.95958,0.95987,1.37,1.00
2016.09.22 04:20:52.260,0.95958,0.95987,1.12,1.00
2016.09.22 04:20:52.361,0.95958,0.95987,1.37,1.00
2016.09.22 04:20:52.412,0.95958,0.95987,1.37,1.00
2016.09.22 04:20:52.513,0.95958,0.95987,1.37,1.00
2016.09.22 04:20:53.304,0.9596,0.95987,1.00,1.00
2016.09.22 04:20:54.298,0.95961,0.95987,1.00,1.00
2016.09.22 04:20:57.326,0.95962,0.95987,1.00,1.00
2016.09.22 04:20:59.671,0.95962,0.9599,1.00,1.00
2016.09.22 04:20:59.722,0.95971,0.95993,1.00,1.12
2016.09.22 04:20:59.772,0.95971,0.95997,1.00,1.00
2016.09.22 04:20:59.873,0.95972,0.96,1.00,1.12
2016.09.22 04:20:59.967,0.95972,0.96,1.00,2.62
2016.09.22 04:21:00.018,0.95968,0.95998,1.00,1.12
2016.09.22 04:21:00.123,0.95967,0.95994,1.12,1.00
2016.09.22 04:21:00.173,0.95966,0.95992,1.00,1.00
2016.09.22 04:21:00.275,0.95966,0.95994,1.00,1.37
2016.09.22 04:21:00.325,0.95969,0.95995,1.00,1.87
2016.09.22 04:21:00.376,0.95969,0.95996,1.00,1.00
2016.09.22 04:21:00.578,0.95972,0.96,1.00,1.00
2016.09.22 04:21:00.730,0.95972,0.96,1.00,1.00
2016.09.22 04:21:00.831,0.95969,0.95997,1.37,1.00
2016.09.22 04:21:00.882,0.95969,0.95997,1.00,1.00
2016.09.22 04:21:01.002,0.95965,0.95994,1.00,1.37
2016.09.22 04:21:01.052,0.95965,0.95989,1.00,1.00
2016.09.22 04:21:01.103,0.95961,0.95989,1.00,1.00
2016.09.22 04:21:01.355,0.95961,0.95988,1.00,1.00
2016.09.22 04:21:01.732,0.95961,0.95988,1.00,1.00
2016.09.22 04:21:01.832,0.95964,0.95988,1.00,1.00
2016.09.22 04:21:01.984,0.95964,0.9599,1.00,1.87
2016.09.22 04:21:02.079,0.95959,0.95987,1.00,2.62
2016.09.22 04:21:02.131,0.9596,0.95987,1.00,1.87
2016.09.22 04:21:02.181,0.9596,0.95987,1.00,1.00
2016.09.22 04:21:02.442,0.9596,0.95988,1.00,1.12
2016.09.22 04:21:02.635,0.9596,0.95988,1.00,1.12
2016.09.22 04:21:04.712,0.9596,0.95988,1.00,1.87
2016.09.22 04:21:05.227,0.9596,0.95988,1.00,1.87
2016.09.22 04:21:07.547,0.9596,0.95988,1.00,1.37
2016.09.22 04:21:08.032,0.9596,0.95988,1.00,1.37
2016.09.22 04:21:08.148,0.95958,0.95988,1.00,1.37
2016.09.22 04:21:08.535,0.95958,0.95988,1.00,1.37
2016.09.22 04:21:08.636,0.95959,0.95989,1.00,1.87
2016.09.22 04:21:09.017,0.9596,0.95987,1.00,1.00
2016.09.22 04:21:09.751,0.9596,0.95985,1.00,1.00
2016.09.22 04:21:10.531,0.95959,0.95984,1.00,1.00
2016.09.22 04:21:12.965,0.95961,0.95985,1.00,1.00
2016.09.22 04:21:13.157,0.95961,0.95985,1.00,1.00
2016.09.22 04:21:13.552,0.9596,0.95988,1.00,2.62
2016.09.22 04:21:13.743,0.9596,0.95988,1.00,2.62
2016.09.22 04:21:13.794,0.9596,0.95989,1.00,1.87
2016.09.22 04:21:14.044,0.9596,0.95989,1.00,1.87
2016.09.22 04:21:15.146,0.9596,0.95989,1.00,3.00
2016.09.22 04:21:15.264,0.9596,0.95987,1.00,1.12
2016.09.22 04:21:15.647,0.9596,0.95987,1.00,1.12
2016.09.22 04:21:15.712,0.9596,0.95988,1.00,1.37
2016.09.22 04:21:15.763,0.9596,0.95988,1.00,1.37
2016.09.22 04:21:18.226,0.9596,0.95987,1.00,1.12
2016.09.22 04:21:18.392,0.9596,0.95987,1.00,2.62
2016.09.22 04:21:18.559,0.9596,0.95987,1.00,2.62
2016.09.22 04:21:18.660,0.9596,0.95987,1.00,1.87
2016.09.22 04:21:18.718,0.9596,0.95987,1.00,2.62
2016.09.22 04:21:18.768,0.9596,0.95987,1.00,2.62
2016.09.22 04:21:18.931,0.95959,0.95987,1.00,1.87
2016.09.22 04:21:19.032,0.95959,0.95987,1.00,2.62
2016.09.22 04:21:19.206,0.95959,0.95987,1.00,2.62
2016.09.22 04:21:19.504,0.95959,0.95987,1.00,1.37
2016.09.22 04:21:19.832,0.95957,0.95987,1.00,1.37
2016.09.22 04:21:20.347,0.95957,0.95988,1.00,2.62
2016.09.22 04:21:20.481,0.95957,0.95987,1.00,1.37
2016.09.22 04:21:22.374,0.9596,0.95987,1.00,1.37
2016.09.22 04:21:22.465,0.95962,0.95991,1.00,1.00
2016.09.22 04:21:22.516,0.95962,0.95992,1.00,2.62
2016.09.22 04:21:22.567,0.95962,0.95992,1.00,1.87
2016.09.22 04:21:22.663,0.95962,0.95992,1.00,1.12
2016.09.22 04:21:22.759,0.95962,0.95992,1.00,1.12
2016.09.22 04:21:22.809,0.95962,0.95992,1.00,1.37
2016.09.22 04:21:23.901,0.95962,0.95992,1.00,1.12
2016.09.22 04:21:24.739,0.95962,0.95991,1.00,1.00
2016.09.22 04:21:25.382,0.95962,0.95991,1.00,1.00
2016.09.22 04:21:26.889,0.95962,0.95986,1.00,1.00
2016.09.22 04:21:28.171,0.95962,0.95986,1.00,1.00
2016.09.22 04:21:30.174,0.95962,0.95986,1.00,1.00
2016.09.22 04:21:39.465,0.9596,0.95986,1.00,1.00
2016.09.22 04:21:39.626,0.9596,0.95986,1.00,1.00
2016.09.22 04:21:40.466,0.9596,0.95984,1.00,1.00
2016.09.22 04:21:43.085,0.95961,0.95987,1.00,1.50
2016.09.22 04:21:46.005,0.95961,0.95987,1.00,1.50
2016.09.22 04:21:46.530,0.95961,0.95987,1.00,1.50
2016.09.22 04:21:47.690,0.95959,0.95985,1.00,1.00
2016.09.22 04:21:48.190,0.95961,0.95986,1.00,1.00
2016.09.22 04:21:48.701,0.9596,0.95986,1.00,1.00
2016.09.22 04:21:48.839,0.9596,0.95986,1.00,1.00
2016.09.22 04:21:49.209,0.9596,0.95986,1.00,1.00
2016.09.22 04:21:49.480,0.9596,0.95984,1.00,1.00
2016.09.22 04:21:50.489,0.95961,0.95986,1.00,1.00
2016.09.22 04:21:50.713,0.95959,0.95985,1.00,1.00
2016.09.22 04:21:50.840,0.95959,0.95985,1.00,1.00
2016.09.22 04:21:51.183,0.95959,0.95983,1.00,1.00
2016.09.22 04:21:51.693,0.95958,0.95985,1.00,1.00
2016.09.22 04:21:51.944,0.95958,0.95985,1.00,1.00
2016.09.22 04:21:52.045,0.95958,0.95982,1.00,1.00
2016.09.22 04:21:52.485,0.9596,0.95982,1.00,1.00
2016.09.22 04:21:53.034,0.9596,0.95987,1.00,1.00
2016.09.22 04:21:53.653,0.9596,0.95987,1.00,1.00
2016.09.22 04:21:54.791,0.95958,0.95987,1.00,1.00
2016.09.22 04:21:55.973,0.95958,0.95987,1.00,1.00
2016.09.22 04:21:56.042,0.95958,0.95987,1.00,1.00
2016.09.22 04:21:56.625,0.95958,0.95986,1.00,1.00
2016.09.22 04:21:58.897,0.95951,0.95982,2.62,1.00
2016.09.22 04:21:58.948,0.95951,0.95982,2.62,1.00
2016.09.22 04:21:58.998,0.9595,0.9598,1.00,1.00
2016.09.22 04:21:59.149,0.95948,0.95977,1.00,1.00
2016.09.22 04:21:59.199,0.95946,0.95977,1.00,1.12
2016.09.22 04:21:59.250,0.95946,0.95977,1.00,1.12
2016.09.22 04:21:59.300,0.95946,0.95977,1.00,1.50
2016.09.22 04:21:59.351,0.95946,0.95973,1.00,1.00
2016.09.22 04:21:59.460,0.95946,0.95973,1.00,1.00
2016.09.22 04:21:59.510,0.95957,0.95976,1.00,1.00
2016.09.22 04:21:59.561,0.95957,0.95976,1.00,1.00
2016.09.22 04:21:59.611,0.95962,0.95984,1.00,1.00
2016.09.22 04:21:59.712,0.95965,0.95991,1.00,1.00
2016.09.22 04:21:59.763,0.95965,0.95991,1.00,1.00
2016.09.22 04:21:59.814,0.95965,0.95993,1.00,1.00
2016.09.22 04:21:59.965,0.95965,0.95992,1.00,1.00
2016.09.22 04:22:00.114,0.95965,0.95995,1.00,1.50
2016.09.22 04:22:00.166,0.95965,0.95995,1.00,1.50
2016.09.22 04:22:00.700,0.95967,0.95995,1.00,1.50
2016.09.22 04:22:00.967,0.95967,0.95995,1.00,1.50
2016.09.22 04:22:01.374,0.95967,0.95995,1.00,1.50
2016.09.22 04:22:01.475,0.95967,0.95995,1.00,1.00
2016.09.22 04:22:01.728,0.95967,0.95997,1.00,1.00
2016.09.22 04:22:02.753,0.95961,0.95978,1.00,1.00
2016.09.22 04:22:02.854,0.95957,0.95984,1.00,1.00
2016.09.22 04:22:02.904,0.95952,0.9598,1.87,1.00
2016.09.22 04:22:02.955,0.95952,0.9598,1.87,1.00
2016.09.22 04:22:03.005,0.95952,0.9598,1.37,1.00
2016.09.22 04:22:03.056,0.95952,0.95972,1.37,1.00
2016.09.22 04:22:03.372,0.95952,0.95968,1.37,1.00
2016.09.22 04:22:03.445,0.95952,0.95972,1.00,1.00
2016.09.22 04:22:03.649,0.95947,0.95972,1.00,1.00
2016.09.22 04:22:03.750,0.95947,0.95977,1.00,1.00
2016.09.22 04:22:03.851,0.95949,0.95973,1.00,1.00
2016.09.22 04:22:03.951,0.95952,0.95978,1.00,1.00
2016.09.22 04:22:04.052,0.95949,0.95982,1.00,1.00
2016.09.22 04:22:04.103,0.9595,0.95982,1.00,1.00
2016.09.22 04:22:04.153,0.9595,0.95977,1.00,1.00
2016.09.22 04:22:04.342,0.95944,0.95976,1.00,1.00
2016.09.22 04:22:04.393,0.95944,0.95977,1.00,1.50
2016.09.22 04:22:04.443,0.95944,0.95967,1.00,1.00
2016.09.22 04:22:04.645,0.95941,0.95977,1.00,1.87
2016.09.22 04:22:04.695,0.95941,0.95977,1.00,1.87
2016.09.22 04:22:04.746,0.9594,0.95974,1.00,1.00
2016.09.22 04:22:04.847,0.9594,0.95967,1.00,1.00
2016.09.22 04:22:05.508,0.95938,0.95967,1.00,1.00
2016.09.22 04:22:05.558,0.95938,0.95968,1.00,1.00
2016.09.22 04:22:05.659,0.95938,0.95973,1.00,1.87
2016.09.22 04:22:05.710,0.9594,0.95973,1.00,2.25
2016.09.22 04:22:05.761,0.9594,0.95968,1.00,1.00
2016.09.22 04:22:06.304,0.95941,0.95967,1.00,1.00
2016.09.22 04:22:06.819,0.95934,0.95969,1.50,1.00
2016.09.22 04:22:06.870,0.95934,0.95969,1.50,1.00
2016.09.22 04:22:06.920,0.95932,0.95967,1.00,1.00
2016.09.22 04:22:06.971,0.95932,0.95967,1.00,1.00
2016.09.22 04:22:07.021,0.95932,0.95963,1.00,1.00
2016.09.22 04:22:07.711,0.95934,0.95963,1.00,1.00
2016.09.22 04:22:08.024,0.9593,0.95963,1.00,1.00
2016.09.22 04:22:08.176,0.9593,0.95962,1.00,1.00
2016.09.22 04:22:08.513,0.95928,0.95962,1.12,1.00
2016.09.22 04:22:08.657,0.95928,0.95962,1.12,1.00
2016.09.22 04:22:09.257,0.95928,0.95962,1.12,1.00
2016.09.22 04:22:09.373,0.95928,0.95962,1.00,1.00
2016.09.22 04:22:09.423,0.95931,0.95959,1.00,1.00
2016.09.22 04:22:09.860,0.95933,0.95961,1.00,1.00
2016.09.22 04:22:11.443,0.95932,0.9596,1.00,1.00
2016.09.22 04:22:16.724,0.95933,0.95959,1.00,1.00
2016.09.22 04:22:17.663,0.9593,0.95956,1.00,1.00
2016.09.22 04:22:17.777,0.9593,0.95956,1.00,1.00
2016.09.22 04:22:17.841,0.9592,0.95953,1.00,1.00
2016.09.22 04:22:17.892,0.9592,0.95953,1.00,1.00
2016.09.22 04:22:17.942,0.95924,0.95954,1.00,1.00
2016.09.22 04:22:18.544,0.95927,0.95957,1.00,1.50
2016.09.22 04:22:18.595,0.95927,0.95957,1.00,1.50
2016.09.22 04:22:19.553,0.95928,0.95957,1.00,1.50
2016.09.22 04:22:19.629,0.95929,0.95955,1.00,1.00
2016.09.22 04:22:20.544,0.9593,0.95956,1.00,1.00
2016.09.22 04:22:22.069,0.95924,0.95951,1.00,1.00
2016.09.22 04:22:22.169,0.95921,0.95946,1.00,1.00
2016.09.22 04:22:22.439,0.95915,0.95946,1.00,1.00
2016.09.22 04:22:22.813,0.95915,0.95946,1.00,1.50
2016.09.22 04:22:22.864,0.95915,0.95942,1.00,1.00
2016.09.22 04:22:22.965,0.95915,0.95946,1.00,1.50
2016.09.22 04:22:23.015,0.95915,0.95945,1.00,1.00
2016.09.22 04:22:23.534,0.95916,0.95942,1.00,1.00
2016.09.22 04:22:25.263,0.95916,0.95943,1.00,1.00
2016.09.22 04:22:26.982,0.95916,0.95942,1.00,1.00
2016.09.22 04:22:27.088,0.95916,0.95943,1.00,1.00
2016.09.22 04:22:34.382,0.95917,0.95941,1.00,1.00
2016.09.22 04:22:35.583,0.95914,0.9594,1.00,1.00
2016.09.22 04:22:35.785,0.95912,0.95938,1.00,1.00
2016.09.22 04:22:36.131,0.95906,0.9593,1.00,1.00
2016.09.22 04:22:42.001,0.95904,0.95929,1.00,1.00
2016.09.22 04:22:43.710,0.95903,0.95927,1.00,1.00
2016.09.22 04:22:49.819,0.95904,0.9593,1.00,1.00
2016.09.22 04:23:04.902,0.95906,0.9593,1.00,1.00
2016.09.22 04:23:05.503,0.95906,0.95931,1.00,1.00
2016.09.22 04:23:10.010,0.95905,0.95929,1.00,1.00
2016.09.22 04:23:15.556,0.95906,0.9593,1.00,1.00
2016.09.22 04:23:20.545,0.95905,0.95931,1.00,1.00
2016.09.22 04:23:20.747,0.95897,0.95923,1.00,1.00
2016.09.22 04:23:20.797,0.95897,0.95923,1.00,1.00
2016.09.22 04:23:21.348,0.95897,0.95922,1.00,1.00
2016.09.22 04:23:27.239,0.95896,0.95921,1.00,1.00
2016.09.22 04:23:30.761,0.95895,0.9592,1.00,1.00
2016.09.22 04:23:39.587,0.95898,0.95923,1.00,1.00
2016.09.22 04:23:39.789,0.95902,0.95932,1.00,1.00
2016.09.22 04:23:39.840,0.95902,0.95932,1.50,1.00
2016.09.22 04:23:39.890,0.9591,0.95935,1.00,1.00
2016.09.22 04:23:40.889,0.95907,0.95934,1.00,1.00
2016.09.22 04:23:41.823,0.95907,0.95932,1.00,1.00
2016.09.22 04:23:42.460,0.95906,0.95932,1.00,1.50
2016.09.22 04:23:43.325,0.95906,0.95932,1.00,1.00
2016.09.22 04:23:49.051,0.95906,0.95932,1.00,1.50
2016.09.22 04:23:49.102,0.95904,0.9593,1.00,1.00
2016.09.22 04:23:53.278,0.95904,0.95931,1.00,1.00
2016.09.22 04:23:55.764,0.95904,0.95931,1.00,1.00
2016.09.22 04:24:05.100,0.95903,0.9593,1.00,1.00
2016.09.22 04:24:14.617,0.95904,0.95931,1.00,1.00
2016.09.22 04:24:14.932,0.95904,0.95931,1.12,1.00
2016.09.22 04:24:17.453,0.95904,0.95931,1.00,1.00
2016.09.22 04:24:18.540,0.95905,0.95932,1.00,1.00
2016.09.22 04:24:19.662,0.95905,0.95931,1.00,1.00
2016.09.22 04:24:20.252,0.95906,0.95932,1.00,1.00
2016.09.22 04:24:21.130,0.95904,0.95933,1.12,1.00
2016.09.22 04:24:24.617,0.95904,0.95933,1.12,1.00
2016.09.22 04:24:24.667,0.95905,0.95933,1.87,1.00
2016.09.22 04:24:25.365,0.95904,0.95933,1.37,1.00
2016.09.22 04:24:26.245,0.95904,0.95933,1.37,1.00
2016.09.22 04:24:28.925,0.95904,0.95933,1.37,1.00
2016.09.22 04:24:29.076,0.95905,0.95934,1.12,1.00
2016.09.22 04:24:29.739,0.95905,0.95934,1.37,1.00
2016.09.22 04:24:32.343,0.95905,0.95934,1.12,1.00
2016.09.22 04:24:32.545,0.95905,0.95933,1.00,1.00
2016.09.22 04:24:34.654,0.95905,0.95932,1.00,1.00
2016.09.22 04:24:35.155,0.95904,0.95931,1.00,1.00
2016.09.22 04:24:35.990,0.95904,0.95931,1.12,1.00
2016.09.22 04:24:38.695,0.95904,0.95931,1.00,1.00
2016.09.22 04:24:40.168,0.95905,0.95932,1.00,1.00
2016.09.22 04:24:47.605,0.95904,0.95932,1.00,1.00
2016.09.22 04:24:47.885,0.95904,0.95932,1.37,1.00
2016.09.22 04:24:49.103,0.95904,0.95932,1.00,1.00
2016.09.22 04:24:50.179,0.95905,0.95932,1.00,1.00
2016.09.22 04:24:55.442,0.95905,0.95932,1.12,1.00
2016.09.22 04:24:55.720,0.95905,0.95932,1.00,1.00
2016.09.22 04:24:58.725,0.95906,0.95932,1.00,1.00
2016.09.22 04:24:59.522,0.95906,0.95933,1.00,1.00
2016.09.22 04:25:00.527,0.95906,0.95933,1.12,1.00
2016.09.22 04:25:04.702,0.95906,0.95935,1.12,1.00
2016.09.22 04:25:06.115,0.95903,0.95932,2.62,1.00
2016.09.22 04:25:06.216,0.95901,0.95928,1.87,1.00
2016.09.22 04:25:06.317,0.95898,0.95927,1.00,1.00
2016.09.22 04:25:06.367,0.95898,0.95927,1.00,1.00
2016.09.22 04:25:06.520,0.95897,0.95924,1.00,1.00
2016.09.22 04:25:06.723,0.95895,0.95923,1.00,1.00
2016.09.22 04:25:06.824,0.95892,0.9592,1.12,1.00
2016.09.22 04:25:07.026,0.95892,0.9592,1.00,1.00
2016.09.22 04:25:09.621,0.95891,0.95917,1.00,1.00
2016.09.22 04:25:10.634,0.9589,0.95919,1.00,1.00
2016.09.22 04:25:11.474,0.9589,0.95919,1.00,1.00
2016.09.22 04:25:12.407,0.9589,0.95919,1.00,1.00
2016.09.22 04:25:12.824,0.95888,0.95918,1.12,1.00
2016.09.22 04:25:12.919,0.95891,0.95918,1.00,1.00
2016.09.22 04:25:15.442,0.95891,0.95918,1.12,1.00
2016.09.22 04:25:15.543,0.95893,0.95919,1.12,1.00
2016.09.22 04:25:17.634,0.95893,0.95919,1.00,1.00
2016.09.22 04:25:19.725,0.95892,0.95921,1.00,1.00
2016.09.22 04:25:20.772,0.95893,0.95919,1.00,1.00
2016.09.22 04:25:24.734,0.95892,0.95921,1.00,1.00
2016.09.22 04:25:25.948,0.95892,0.95921,1.37,1.00
2016.09.22 04:25:26.049,0.95892,0.95921,1.12,1.00
2016.09.22 04:25:26.150,0.95892,0.95921,1.00,1.00
2016.09.22 04:25:26.342,0.95889,0.95916,1.12,1.00
2016.09.22 04:25:26.393,0.95888,0.95916,1.00,1.00
2016.09.22 04:25:26.443,0.95885,0.95912,1.87,1.00
2016.09.22 04:25:26.544,0.95883,0.9591,1.00,1.00
2016.09.22 04:25:27.239,0.95882,0.95908,1.00,1.00
2016.09.22 04:25:33.251,0.95882,0.9591,1.00,1.00
2016.09.22 04:25:35.254,0.95883,0.95908,1.00,1.00
2016.09.22 04:25:39.808,0.95882,0.9591,1.00,1.00
2016.09.22 04:25:47.275,0.95882,0.9591,1.12,1.00
2016.09.22 04:25:48.369,0.95882,0.9591,1.00,1.00
2016.09.22 04:25:48.420,0.95882,0.9591,1.12,1.00
2016.09.22 04:25:48.521,0.95882,0.95914,1.12,1.00
2016.09.22 04:25:50.275,0.95884,0.95914,1.00,1.00
2016.09.22 04:25:53.619,0.95884,0.95913,1.00,1.00
2016.09.22 04:25:53.820,0.95884,0.95915,1.00,1.00
2016.09.22 04:25:55.283,0.95884,0.95916,1.00,1.00
2016.09.22 04:25:59.467,0.95884,0.95916,1.00,1.00
2016.09.22 04:26:02.583,0.95884,0.95916,1.00,1.00
2016.09.22 04:26:02.898,0.95884,0.95912,1.00,1.00
2016.09.22 04:26:03.123,0.95885,0.95916,1.00,1.00
2016.09.22 04:26:03.574,0.95885,0.95916,1.00,1.00
2016.09.22 04:26:03.624,0.95885,0.95911,1.00,1.00
2016.09.22 04:26:03.835,0.95885,0.95917,1.00,1.50
2016.09.22 04:26:03.936,0.95885,0.95913,1.00,1.00
2016.09.22 04:26:04.037,0.95886,0.95917,1.00,2.25
2016.09.22 04:26:04.138,0.95886,0.95912,1.00,1.00
2016.09.22 04:26:04.239,0.95886,0.95917,1.00,1.00
2016.09.22 04:26:04.289,0.95886,0.95917,1.00,1.00
2016.09.22 04:26:06.729,0.95885,0.95911,1.00,1.00
2016.09.22 04:26:06.830,0.95885,0.95911,1.12,1.00
2016.09.22 04:26:07.032,0.95885,0.95917,1.12,1.00
2016.09.22 04:26:07.082,0.95885,0.95917,1.12,1.50
2016.09.22 04:26:07.870,0.95885,0.95917,1.12,1.00
2016.09.22 04:26:08.058,0.95885,0.95917,1.12,1.50
2016.09.22 04:26:08.114,0.95886,0.95912,1.00,1.00
2016.09.22 04:26:08.231,0.95886,0.95917,1.00,2.25
2016.09.22 04:26:08.332,0.95885,0.95913,1.00,1.00
2016.09.22 04:26:08.433,0.95885,0.95913,1.12,1.00
2016.09.22 04:26:09.317,0.95886,0.95917,1.00,2.25
2016.09.22 04:26:10.319,0.95885,0.95917,1.12,1.50
2016.09.22 04:26:15.068,0.95886,0.95912,1.00,1.00
2016.09.22 04:26:15.169,0.95886,0.95918,1.00,1.50
2016.09.22 04:26:15.220,0.95886,0.95917,1.00,1.00
2016.09.22 04:26:15.270,0.95885,0.95913,1.00,1.00
2016.09.22 04:26:15.371,0.95886,0.95917,1.00,1.00
2016.09.22 04:26:25.268,0.95886,0.95912,1.00,1.00
2016.09.22 04:26:25.470,0.95884,0.95912,1.00,1.00
2016.09.22 04:26:29.578,0.95884,0.9591,1.00,1.00
2016.09.22 04:26:35.176,0.95883,0.9591,1.00,1.00
2016.09.22 04:26:36.777,0.95883,0.95911,1.00,1.00
2016.09.22 04:26:38.882,0.95881,0.95911,1.37,1.00
2016.09.22 04:26:40.184,0.95882,0.95912,1.12,1.00
2016.09.22 04:26:41.185,0.95884,0.95911,1.00,1.00
2016.09.22 04:26:46.792,0.95884,0.95912,1.00,1.00
2016.09.22 04:26:51.942,0.95883,0.95911,1.00,1.00
2016.09.22 04:26:54.903,0.95882,0.95911,1.00,1.00
2016.09.22 04:26:59.450,0.95882,0.95908,1.00,1.00
2016.09.22 04:27:02.860,0.95882,0.9591,1.00,1.00
2016.09.22 04:27:02.961,0.95884,0.95911,1.00,1.00
2016.09.22 04:27:05.116,0.95882,0.95908,1.00,1.00
2016.09.22 04:27:06.117,0.95882,0.9591,1.00,1.00
2016.09.22 04:27:07.038,0.95883,0.95911,1.00,1.00
2016.09.22 04:27:07.720,0.95883,0.95912,1.00,1.50
2016.09.22 04:27:08.252,0.95884,0.95912,1.00,1.50
2016.09.22 04:27:08.353,0.95884,0.9591,1.00,1.00
2016.09.22 04:27:09.122,0.95885,0.95911,1.00,1.00
2016.09.22 04:27:09.541,0.95883,0.9591,1.00,1.00
2016.09.22 04:27:09.642,0.95881,0.95909,1.00,1.00
2016.09.22 04:27:12.978,0.95883,0.9591,1.00,1.00
2016.09.22 04:27:13.131,0.95884,0.95912,1.00,1.50
2016.09.22 04:27:15.780,0.95882,0.9591,1.00,1.00
2016.09.22 04:27:16.083,0.95877,0.95904,1.00,1.00
2016.09.22 04:27:16.134,0.95878,0.95907,1.00,1.00
2016.09.22 04:27:17.133,0.95877,0.95906,1.00,1.00
2016.09.22 04:27:17.684,0.95877,0.95905,1.00,1.00
2016.09.22 04:27:19.771,0.95878,0.95908,1.00,1.00
2016.09.22 04:27:19.972,0.95879,0.95906,1.00,1.00
2016.09.22 04:27:20.186,0.95877,0.95905,1.00,1.00
2016.09.22 04:27:24.944,0.95878,0.95905,1.00,1.00
2016.09.22 04:27:25.395,0.9588,0.95906,1.00,1.00
2016.09.22 04:27:25.496,0.9588,0.95906,1.12,1.00
2016.09.22 04:27:25.547,0.9588,0.95906,1.00,1.00
2016.09.22 04:27:25.986,0.9588,0.95908,1.00,1.00
2016.09.22 04:27:34.804,0.95879,0.95905,1.00,1.00
2016.09.22 04:27:35.204,0.95876,0.95903,1.00,1.00
2016.09.22 04:27:36.258,0.95875,0.95901,1.00,1.00
2016.09.22 04:27:36.376,0.95873,0.95901,1.37,1.00
2016.09.22 04:27:36.477,0.95884,0.9591,1.12,1.00
2016.09.22 04:27:36.578,0.95893,0.95921,1.87,1.00
2016.09.22 04:27:36.769,0.95892,0.95921,1.00,1.00
2016.09.22 04:27:36.971,0.95892,0.95921,1.37,1.00
2016.09.22 04:27:37.072,0.95892,0.95921,1.00,1.00
2016.09.22 04:27:37.475,0.95894,0.95921,1.00,1.00
2016.09.22 04:27:40.564,0.95893,0.95921,1.00,1.00
2016.09.22 04:27:44.986,0.95889,0.95925,2.62,1.00
2016.09.22 04:27:45.087,0.95889,0.95915,1.12,1.00
2016.09.22 04:27:45.188,0.9589,0.95917,1.00,1.00
2016.09.22 04:27:45.517,0.95891,0.9592,1.00,1.00
2016.09.22 04:27:45.618,0.95889,0.95918,1.50,1.00
2016.09.22 04:27:45.725,0.95889,0.95918,1.00,1.00
2016.09.22 04:27:45.830,0.95889,0.95918,1.50,1.00
2016.09.22 04:27:46.872,0.95889,0.95919,1.00,1.00
2016.09.22 04:27:54.627,0.95887,0.95918,1.12,1.00
2016.09.22 04:27:54.728,0.95886,0.95917,1.37,1.00
2016.09.22 04:27:54.783,0.95885,0.95917,1.87,1.00
2016.09.22 04:27:54.833,0.95885,0.95917,1.87,1.00
2016.09.22 04:27:54.935,0.95886,0.95917,1.37,1.00
2016.09.22 04:27:55.225,0.95887,0.95918,1.12,1.00
2016.09.22 04:28:00.089,0.95887,0.95917,1.12,1.00
2016.09.22 04:28:00.241,0.95887,0.95916,1.00,1.00
2016.09.22 04:28:00.392,0.95884,0.95915,2.62,1.00
2016.09.22 04:28:00.504,0.95884,0.95915,1.37,1.00
2016.09.22 04:28:00.626,0.95884,0.95915,1.12,1.00
2016.09.22 04:28:00.704,0.95884,0.95915,1.00,1.00
2016.09.22 04:28:00.755,0.95884,0.95915,1.00,1.00
2016.09.22 04:28:00.910,0.95884,0.95915,1.00,1.00
2016.09.22 04:28:02.320,0.95884,0.95915,1.00,1.00
2016.09.22 04:28:02.407,0.95884,0.95915,1.37,1.00
2016.09.22 04:28:04.496,0.95884,0.95914,1.37,1.00
2016.09.22 04:28:04.552,0.95884,0.95914,1.00,1.00
2016.09.22 04:28:05.498,0.95884,0.95916,1.00,1.00
2016.09.22 04:28:09.203,0.95883,0.95913,1.50,1.00
2016.09.22 04:28:10.104,0.95883,0.95914,1.50,1.00
2016.09.22 04:28:10.605,0.95884,0.95915,1.00,1.00
2016.09.22 04:28:11.924,0.95884,0.95915,1.12,1.00
2016.09.22 04:28:13.008,0.95885,0.95915,1.00,1.00
2016.09.22 04:28:13.109,0.95883,0.95912,1.87,1.00
2016.09.22 04:28:13.211,0.9589,0.95919,1.00,1.00
2016.09.22 04:28:13.312,0.95891,0.9592,1.00,1.12
2016.09.22 04:28:13.362,0.95891,0.95922,1.00,1.00
2016.09.22 04:28:13.413,0.9589,0.95924,1.12,1.00
2016.09.22 04:28:13.565,0.9589,0.95924,1.00,1.00
2016.09.22 04:28:13.616,0.95889,0.95921,1.87,1.00
2016.09.22 04:28:13.810,0.9589,0.95924,1.00,1.00
2016.09.22 04:28:13.928,0.9589,0.95924,1.87,1.00
2016.09.22 04:28:14.136,0.9589,0.95924,1.87,1.00
2016.09.22 04:28:14.237,0.9589,0.95924,1.12,1.00
2016.09.22 04:28:16.139,0.9589,0.95924,1.12,1.00
2016.09.22 04:28:16.240,0.9589,0.95924,1.00,1.00
2016.09.22 04:28:17.164,0.95892,0.95921,1.12,1.00
2016.09.22 04:28:17.265,0.95893,0.95927,1.00,1.50
2016.09.22 04:28:17.409,0.95893,0.95927,1.00,2.25
2016.09.22 04:28:17.510,0.95893,0.95927,1.00,1.50
2016.09.22 04:28:17.705,0.95893,0.95927,1.00,1.50
2016.09.22 04:28:17.806,0.95893,0.95927,1.00,1.50
2016.09.22 04:28:17.916,0.95892,0.95927,1.12,1.00
2016.09.22 04:28:17.966,0.95892,0.95929,3.37,1.00
2016.09.22 04:28:18.253,0.95892,0.95929,3.37,1.00
2016.09.22 04:28:18.368,0.95893,0.95927,1.12,1.00
2016.09.22 04:28:18.434,0.95892,0.95926,1.87,1.00
2016.09.22 04:28:18.484,0.95892,0.95926,1.00,1.50
2016.09.22 04:28:18.773,0.95892,0.95926,1.00,1.00
2016.09.22 04:28:26.987,0.95892,0.95923,1.00,1.00
2016.09.22 04:28:31.535,0.95891,0.95923,1.12,1.00
2016.09.22 04:28:31.666,0.95891,0.95923,1.37,1.00
2016.09.22 04:28:32.369,0.95891,0.95923,1.12,1.00
2016.09.22 04:28:33.773,0.95891,0.95923,1.37,1.00
2016.09.22 04:28:33.874,0.95891,0.95923,1.12,1.00
2016.09.22 04:28:34.058,0.9589,0.95919,1.37,1.00
2016.09.22 04:28:34.109,0.9589,0.95919,1.00,1.00
2016.09.22 04:28:34.234,0.95889,0.95918,1.12,1.00
2016.09.22 04:28:34.336,0.95889,0.95918,1.12,1.00
2016.09.22 04:28:34.823,0.95889,0.95918,1.37,1.00
2016.09.22 04:28:35.024,0.95889,0.95918,1.12,1.00
2016.09.22 04:28:35.244,0.95889,0.95918,1.00,1.00
2016.09.22 04:28:35.343,0.9589,0.9592,1.00,1.00
2016.09.22 04:28:35.643,0.95889,0.95918,1.00,1.00
2016.09.22 04:28:36.082,0.95889,0.95918,1.12,1.00
2016.09.22 04:28:36.146,0.95889,0.9592,1.12,1.00
2016.09.22 04:28:37.896,0.95889,0.9592,1.37,1.00
2016.09.22 04:28:37.997,0.95889,0.9592,1.12,1.00
2016.09.22 04:28:38.099,0.95889,0.9592,1.00,1.00
2016.09.22 04:28:38.200,0.95887,0.95919,1.12,1.00
2016.09.22 04:28:38.301,0.95887,0.95919,1.37,1.00
2016.09.22 04:28:38.480,0.95887,0.95919,1.37,1.00
2016.09.22 04:28:38.581,0.95887,0.95917,1.37,1.00
2016.09.22 04:28:38.666,0.95887,0.95917,2.62,1.00
2016.09.22 04:28:38.717,0.95887,0.95917,1.37,1.00
2016.09.22 04:28:38.782,0.95887,0.95917,1.37,1.00
2016.09.22 04:28:38.832,0.95887,0.95917,2.62,1.00
2016.09.22 04:28:39.186,0.95887,0.95917,2.62,1.00
2016.09.22 04:28:39.236,0.95887,0.95917,1.37,1.00
2016.09.22 04:28:39.287,0.95889,0.95919,1.12,1.00
2016.09.22 04:28:39.506,0.95891,0.95922,1.37,1.00
2016.09.22 04:28:39.783,0.9589,0.95921,1.87,1.00
2016.09.22 04:28:40.536,0.95888,0.95921,1.37,1.00
2016.09.22 04:28:40.586,0.95888,0.95919,1.37,1.00
2016.09.22 04:28:40.637,0.95888,0.95919,2.62,1.00
2016.09.22 04:28:40.687,0.95888,0.95921,1.87,1.00
2016.09.22 04:28:41.308,0.95887,0.95921,3.37,1.00
2016.09.22 04:28:42.628,0.95887,0.95921,3.37,1.00
2016.09.22 04:28:42.678,0.95889,0.95919,1.37,1.00
2016.09.22 04:28:42.729,0.95889,0.95919,1.12,1.00
2016.09.22 04:28:43.843,0.95889,0.95919,1.00,1.00
2016.09.22 04:28:45.205,0.95889,0.95919,1.37,1.00
2016.09.22 04:28:47.751,0.95889,0.95919,1.12,1.00
2016.09.22 04:28:47.808,0.95889,0.95919,1.00,1.00
2016.09.22 04:28:48.010,0.95888,0.95919,1.37,1.00
2016.09.22 04:28:48.126,0.95888,0.95919,1.87,1.00
2016.09.22 04:28:48.228,0.95889,0.95922,1.12,1.00
2016.09.22 04:28:48.402,0.95889,0.95922,1.12,1.00
2016.09.22 04:28:48.509,0.95889,0.95922,1.87,1.00
2016.09.22 04:28:48.679,0.9589,0.95923,1.00,1.00
2016.09.22 04:28:49.118,0.95889,0.9592,1.87,1.00
2016.09.22 04:28:49.219,0.95889,0.9592,1.00,1.00
2016.09.22 04:28:49.636,0.95889,0.9592,1.12,1.00
2016.09.22 04:28:49.737,0.95889,0.9592,1.00,1.00
2016.09.22 04:28:49.912,0.9589,0.9592,1.00,1.00
2016.09.22 04:28:50.015,0.9589,0.95922,1.00,1.00
2016.09.22 04:28:50.116,0.9589,0.95922,1.00,1.00
2016.09.22 04:28:50.320,0.95888,0.95921,1.00,1.00
2016.09.22 04:28:50.410,0.95888,0.95921,1.00,1.00
2016.09.22 04:28:50.511,0.95888,0.95921,1.00,1.00
2016.09.22 04:28:50.612,0.95886,0.95919,1.87,1.00
2016.09.22 04:28:50.663,0.95887,0.95919,1.00,1.00
2016.09.22 04:28:50.749,0.95886,0.95919,1.50,1.00
2016.09.22 04:28:50.812,0.95886,0.95919,1.50,1.00
2016.09.22 04:28:50.863,0.95887,0.95919,1.00,1.00
2016.09.22 04:28:51.315,0.95887,0.95919,1.00,1.00
2016.09.22 04:28:51.366,0.95886,0.95919,1.50,1.00
2016.09.22 04:28:54.224,0.95887,0.95919,1.00,1.00
2016.09.22 04:28:54.558,0.95887,0.95919,1.37,1.00
2016.09.22 04:28:55.196,0.95888,0.95918,1.12,1.00
2016.09.22 04:28:55.698,0.95889,0.95919,1.00,1.00
2016.09.22 04:28:57.023,0.95889,0.95919,1.12,1.00
2016.09.22 04:28:57.303,0.95889,0.95921,1.12,1.00
2016.09.22 04:28:57.354,0.95889,0.95921,1.00,1.00
2016.09.22 04:28:58.205,0.95889,0.9592,1.00,1.00
2016.09.22 04:29:01.318,0.95888,0.95918,1.00,1.00
2016.09.22 04:29:02.315,0.95887,0.95918,1.50,1.00
2016.09.22 04:29:02.773,0.95887,0.95918,1.00,1.00
2016.09.22 04:29:03.765,0.95887,0.95918,1.50,1.00
2016.09.22 04:29:03.866,0.95887,0.95918,1.00,1.00
2016.09.22 04:29:04.175,0.95887,0.95918,1.87,1.00
2016.09.22 04:29:04.225,0.95889,0.95919,1.00,1.00
2016.09.22 04:29:05.621,0.95888,0.95921,1.00,1.00
2016.09.22 04:29:11.970,0.95888,0.95921,1.12,1.00
2016.09.22 04:29:14.073,0.95888,0.95921,1.00,1.00
2016.09.22 04:29:16.275,0.95889,0.95925,1.00,1.00
2016.09.22 04:29:18.594,0.95889,0.95926,1.00,1.00
2016.09.22 04:29:20.153,0.9589,0.95926,1.00,1.00
2016.09.22 04:29:20.463,0.9589,0.95926,1.00,1.00
2016.09.22 04:29:20.863,0.9589,0.95926,1.00,1.00
2016.09.22 04:29:22.065,0.9589,0.95926,1.00,1.00
2016.09.22 04:29:27.284,0.9589,0.95925,1.00,1.00
2016.09.22 04:29:29.185,0.95889,0.95925,1.00,1.00
2016.09.22 04:29:29.236,0.95889,0.95926,1.00,1.87
2016.09.22 04:29:29.337,0.95889,0.95925,1.00,1.37
2016.09.22 04:29:29.387,0.95888,0.95923,1.87,1.00
2016.09.22 04:29:29.438,0.95888,0.95923,1.50,1.00
2016.09.22 04:29:29.488,0.95888,0.95923,1.00,1.00
2016.09.22 04:29:30.191,0.95888,0.95923,1.50,1.00
2016.09.22 04:29:30.691,0.95888,0.95923,1.50,1.00
2016.09.22 04:29:30.741,0.95888,0.95923,1.50,1.12
2016.09.22 04:29:30.792,0.95888,0.95923,1.00,1.00
2016.09.22 04:29:30.970,0.9589,0.95921,1.00,1.00
2016.09.22 04:29:31.029,0.9589,0.95921,1.12,1.00
2016.09.22 04:29:31.080,0.95892,0.9592,1.00,1.00
2016.09.22 04:29:31.231,0.95892,0.9592,1.00,1.00
2016.09.22 04:29:31.398,0.95892,0.9592,1.00,1.00
2016.09.22 04:29:31.499,0.95892,0.95924,1.00,1.00
2016.09.22 04:29:37.203,0.95895,0.95927,1.00,1.00
2016.09.22 04:29:37.304,0.95896,0.95925,1.00,1.00
2016.09.22 04:29:39.549,0.95894,0.95925,1.00,1.00
2016.09.22 04:29:40.316,0.95895,0.95923,1.00,1.00
2016.09.22 04:29:41.306,0.95893,0.95924,1.50,1.00
2016.09.22 04:29:44.215,0.95893,0.95924,1.00,1.00
2016.09.22 04:29:44.816,0.95893,0.95924,1.50,1.00
2016.09.22 04:29:45.015,0.95893,0.95924,1.50,1.00
2016.09.22 04:29:45.117,0.95893,0.95924,1.87,1.00
2016.09.22 04:29:46.596,0.95893,0.95924,1.12,1.00
2016.09.22 04:29:46.646,0.95893,0.95924,1.00,1.00
2016.09.22 04:29:50.700,0.95894,0.95924,1.00,1.00
2016.09.22 04:29:51.030,0.95892,0.95922,1.00,1.00
2016.09.22 04:29:51.702,0.95892,0.95921,1.00,1.00
2016.09.22 04:29:55.809,0.95893,0.95923,1.00,1.00
2016.09.22 04:29:58.921,0.9589,0.95922,1.87,1.00
2016.09.22 04:29:59.037,0.9589,0.95922,1.50,1.00
2016.09.22 04:30:00.842,0.9589,0.95922,1.87,1.00
2016.09.22 04:30:01.896,0.95891,0.95922,1.00,1.00
2016.09.22 04:30:02.071,0.9589,0.95922,1.50,1.00
2016.09.22 04:30:06.683,0.95891,0.95922,1.37,1.00
2016.09.22 04:30:08.225,0.95891,0.95922,2.62,1.00
2016.09.22 04:30:08.332,0.95891,0.95922,1.00,1.00
2016.09.22 04:30:08.834,0.95892,0.95921,1.00,1.00
2016.09.22 04:30:10.830,0.9589,0.95921,1.50,1.00
2016.09.22 04:30:12.693,0.95891,0.95921,1.00,1.00
2016.09.22 04:30:12.893,0.9589,0.95921,1.50,1.00
2016.09.22 04:30:12.994,0.95891,0.95921,1.00,1.00
2016.09.22 04:30:13.697,0.9589,0.95921,1.50,1.00
2016.09.22 04:30:16.702,0.95891,0.95921,1.00,1.00
2016.09.22 04:30:17.247,0.95889,0.95918,1.00,1.00
2016.09.22 04:30:17.937,0.95889,0.95918,1.00,1.00
2016.09.22 04:30:18.638,0.95889,0.95918,1.00,1.00
2016.09.22 04:30:19.542,0.9589,0.95918,1.00,1.00
2016.09.22 04:30:20.352,0.9589,0.95919,1.00,1.00
2016.09.22 04:30:20.885,0.9589,0.9592,1.00,1.00
2016.09.22 04:30:21.645,0.95891,0.9592,1.00,1.00
2016.09.22 04:30:22.956,0.95889,0.95918,1.00,1.00
2016.09.22 04:30:23.057,0.95885,0.95916,1.12,1.00
2016.09.22 04:30:23.233,0.95885,0.95916,1.00,1.00
2016.09.22 04:30:23.284,0.95882,0.95913,1.87,1.00
2016.09.22 04:30:23.335,0.95882,0.95913,1.50,1.00
2016.09.22 04:30:23.385,0.95882,0.95911,1.00,1.00
2016.09.22 04:30:23.486,0.95882,0.95918,1.00,1.87
2016.09.22 04:30:23.569,0.95886,0.95913,1.00,1.00
2016.09.22 04:30:23.620,0.95886,0.95918,1.00,1.00
2016.09.22 04:30:23.670,0.95887,0.95916,1.00,1.00
2016.09.22 04:30:24.549,0.95889,0.95915,1.00,1.00
2016.09.22 04:30:25.177,0.95887,0.95914,1.00,1.00
2016.09.22 04:30:25.278,0.95883,0.9591,1.00,1.00
2016.09.22 04:30:25.983,0.95882,0.95908,1.00,1.00
2016.09.22 04:30:27.087,0.95879,0.95908,1.12,1.00
2016.09.22 04:30:27.188,0.95879,0.95908,1.12,1.00
2016.09.22 04:30:27.238,0.95879,0.95908,1.37,1.00
2016.09.22 04:30:27.401,0.95879,0.95906,1.37,1.00
2016.09.22 04:30:27.452,0.95879,0.95906,1.00,1.00
2016.09.22 04:30:27.553,0.95879,0.95906,1.37,1.00
2016.09.22 04:30:27.653,0.95879,0.95906,1.00,1.00
2016.09.22 04:30:33.262,0.95881,0.95907,1.00,1.00
2016.09.22 04:30:33.363,0.95878,0.95908,1.12,1.00
2016.09.22 04:30:33.457,0.95878,0.95908,1.00,1.00
2016.09.22 04:30:33.870,0.95882,0.95911,1.12,1.00
2016.09.22 04:30:33.972,0.95882,0.95911,1.37,1.00
2016.09.22 04:30:34.040,0.95882,0.95911,1.12,1.00
2016.09.22 04:30:34.141,0.95882,0.95911,1.00,1.00
2016.09.22 04:30:34.693,0.95881,0.95909,1.00,1.00
2016.09.22 04:30:34.985,0.95882,0.95911,1.00,1.00
2016.09.22 04:30:35.093,0.95881,0.95908,1.00,1.00
2016.09.22 04:30:35.912,0.9588,0.95907,1.12,1.00
2016.09.22 04:30:36.045,0.9588,0.95907,1.00,1.00
2016.09.22 04:30:36.245,0.9588,0.95907,1.12,1.00
2016.09.22 04:30:36.510,0.95878,0.95908,1.87,1.00
2016.09.22 04:30:36.560,0.95878,0.95908,1.00,1.00
2016.09.22 04:30:36.984,0.95881,0.95908,1.00,1.00
2016.09.22 04:30:41.884,0.95879,0.95908,1.00,1.00
2016.09.22 04:30:42.126,0.95878,0.95905,1.12,1.00
2016.09.22 04:30:42.177,0.95878,0.95905,1.00,1.00
2016.09.22 04:30:42.686,0.9588,0.95907,1.00,1.00
2016.09.22 04:30:45.412,0.95876,0.95905,1.00,1.00
2016.09.22 04:30:45.614,0.95878,0.95907,1.00,1.00
2016.09.22 04:30:45.665,0.95878,0.95907,1.12,1.00
2016.09.22 04:30:45.791,0.95878,0.95907,1.37,1.00
2016.09.22 04:30:45.892,0.9588,0.95909,1.00,1.00
2016.09.22 04:30:46.265,0.9588,0.95906,1.00,1.00
2016.09.22 04:30:47.517,0.95881,0.95907,1.00,1.00
2016.09.22 04:30:50.389,0.9588,0.95909,1.00,1.00
2016.09.22 04:30:51.069,0.95882,0.95909,1.00,1.00
2016.09.22 04:30:54.207,0.95882,0.95911,1.37,1.00
2016.09.22 04:30:54.308,0.95882,0.95911,1.00,1.00
2016.09.22 04:30:54.596,0.95881,0.9591,1.12,1.00
2016.09.22 04:30:54.696,0.95881,0.9591,1.00,1.00
2016.09.22 04:31:07.135,0.95883,0.9591,1.00,1.00
2016.09.22 04:31:08.125,0.95882,0.95909,1.00,1.00
2016.09.22 04:31:11.217,0.95881,0.95908,1.00,1.00
2016.09.22 04:31:18.864,0.95876,0.95904,1.12,1.00
2016.09.22 04:31:18.964,0.95874,0.95903,1.00,1.00
2016.09.22 04:31:19.278,0.95866,0.95895,1.00,1.00
2016.09.22 04:31:19.845,0.95865,0.95892,1.00,1.00
2016.09.22 04:31:20.047,0.9586,0.95888,1.00,1.00
2016.09.22 04:31:20.530,0.95858,0.95886,1.00,1.00
2016.09.22 04:31:24.164,0.9586,0.95887,1.00,1.00
2016.09.22 04:31:24.703,0.95861,0.95887,1.00,1.00
2016.09.22 04:31:25.566,0.9586,0.95887,1.00,1.00
2016.09.22 04:31:33.651,0.95858,0.95886,1.00,1.00
2016.09.22 04:31:34.280,0.95858,0.95886,1.12,1.00
2016.09.22 04:31:35.450,0.95858,0.95887,1.12,1.00
2016.09.22 04:31:35.951,0.9586,0.95887,1.00,1.00
2016.09.22 04:31:38.557,0.95858,0.95885,1.00,1.00
2016.09.22 04:31:39.457,0.95859,0.95885,1.00,1.00
2016.09.22 04:31:40.959,0.95859,0.95886,1.00,1.00
2016.09.22 04:31:41.860,0.95859,0.95888,1.00,1.00
2016.09.22 04:31:50.971,0.95859,0.95886,1.00,1.00
2016.09.22 04:31:53.091,0.95858,0.95885,1.00,1.00
2016.09.22 04:31:57.635,0.95856,0.95885,1.00,1.00
2016.09.22 04:32:06.029,0.95856,0.95883,1.00,1.00
2016.09.22 04:32:09.834,0.95856,0.9589,1.00,1.50
2016.09.22 04:32:09.985,0.95856,0.9589,1.00,1.00
2016.09.22 04:32:10.036,0.95858,0.95884,1.00,1.00
2016.09.22 04:32:10.137,0.95857,0.9589,1.00,1.00
2016.09.22 04:32:10.238,0.95858,0.95885,1.00,1.00
2016.09.22 04:32:11.198,0.95857,0.95887,1.00,1.00
2016.09.22 04:32:13.629,0.95858,0.95887,1.00,1.00
2016.09.22 04:32:13.730,0.95859,0.95889,1.00,1.00
2016.09.22 04:32:14.516,0.95861,0.95891,1.00,1.00
2016.09.22 04:32:14.824,0.95863,0.9589,1.00,1.00
2016.09.22 04:32:15.808,0.95863,0.95892,1.00,1.00
2016.09.22 04:32:18.841,0.95862,0.9589,1.00,1.00
2016.09.22 04:32:18.957,0.95858,0.95887,1.00,1.00
2016.09.22 04:32:19.059,0.95856,0.95885,1.37,1.00
2016.09.22 04:32:19.109,0.95856,0.95885,1.00,1.00
2016.09.22 04:32:19.160,0.95855,0.95882,1.12,1.00
2016.09.22 04:32:19.210,0.95855,0.95882,1.00,1.00
2016.09.22 04:32:20.516,0.95854,0.95884,1.00,1.00
2016.09.22 04:32:21.017,0.95855,0.95884,1.00,1.00
2016.09.22 04:32:22.323,0.95854,0.95883,1.00,1.00
2016.09.22 04:32:23.423,0.95856,0.95882,1.00,1.00
2016.09.22 04:32:25.626,0.95856,0.95883,1.00,1.00
2016.09.22 04:32:26.191,0.95855,0.95882,1.00,1.00
2016.09.22 04:32:29.335,0.95854,0.95881,1.00,1.00
2016.09.22 04:32:36.041,0.95855,0.95881,1.00,1.00
2016.09.22 04:32:48.076,0.95853,0.95882,1.00,1.00
2016.09.22 04:32:51.077,0.95853,0.9588,1.00,1.00
2016.09.22 04:32:53.200,0.95855,0.95882,1.00,1.00
2016.09.22 04:32:53.773,0.95853,0.95882,1.00,1.00
2016.09.22 04:32:55.705,0.95852,0.95881,1.00,1.00
2016.09.22 04:32:56.955,0.95852,0.95881,1.12,1.00
2016.09.22 04:32:57.005,0.95852,0.95879,1.12,1.00
2016.09.22 04:32:57.427,0.95852,0.95879,1.00,1.00
2016.09.22 04:32:57.977,0.95852,0.95881,1.00,1.00
2016.09.22 04:33:02.116,0.95853,0.95882,1.00,1.00
2016.09.22 04:33:02.182,0.95853,0.9588,1.00,1.00
2016.09.22 04:33:02.547,0.95853,0.9588,1.12,1.00
2016.09.22 04:33:02.598,0.95854,0.95881,1.00,1.00
2016.09.22 04:33:02.648,0.95854,0.95881,1.12,1.00
2016.09.22 04:33:02.966,0.95854,0.95881,1.00,1.00
2016.09.22 04:33:05.587,0.95855,0.95881,1.00,1.00
2016.09.22 04:33:06.126,0.95855,0.95882,1.00,1.00
2016.09.22 04:33:06.837,0.95858,0.95884,1.00,1.00
2016.09.22 04:33:07.289,0.95859,0.95886,1.00,1.00
2016.09.22 04:33:12.799,0.95857,0.95885,1.12,1.00
2016.09.22 04:33:12.900,0.9586,0.95886,1.00,1.00
2016.09.22 04:33:13.102,0.95857,0.95884,1.00,1.00
2016.09.22 04:33:13.203,0.95859,0.95886,1.00,1.00
2016.09.22 04:33:13.405,0.95854,0.95885,1.87,1.00
2016.09.22 04:33:13.593,0.95853,0.95885,1.87,1.00
2016.09.22 04:33:13.643,0.95853,0.95885,1.87,1.00
2016.09.22 04:33:13.845,0.95853,0.95885,1.87,1.00
2016.09.22 04:33:13.906,0.95854,0.95882,1.87,1.00
2016.09.22 04:33:13.956,0.95854,0.95882,1.00,1.00
2016.09.22 04:33:14.503,0.95854,0.95883,1.00,1.00
2016.09.22 04:33:19.414,0.95852,0.95883,1.12,1.00
2016.09.22 04:33:19.515,0.95855,0.95882,1.00,1.00
2016.09.22 04:33:22.312,0.95856,0.95883,1.00,1.00
2016.09.22 04:33:25.514,0.95856,0.95885,1.00,1.00
2016.09.22 04:33:27.378,0.95856,0.95885,1.37,1.00
2016.09.22 04:33:27.552,0.95856,0.95885,1.12,1.00
2016.09.22 04:33:30.424,0.95856,0.95885,1.00,1.00
2016.09.22 04:33:32.602,0.95856,0.95885,1.12,1.00
2016.09.22 04:33:36.422,0.95856,0.95885,2.62,1.00
2016.09.22 04:33:36.472,0.95859,0.95885,1.00,1.00
2016.09.22 04:33:36.606,0.95859,0.95887,1.00,1.00
2016.09.22 04:33:36.708,0.95857,0.95887,1.00,1.00
2016.09.22 04:33:36.859,0.95858,0.95889,1.00,1.00
2016.09.22 04:33:37.672,0.9586,0.95887,1.00,1.00
2016.09.22 04:33:37.731,0.95858,0.9589,1.00,1.00
2016.09.22 04:33:37.841,0.95861,0.95889,1.00,1.00
2016.09.22 04:33:40.244,0.95862,0.95889,1.00,1.00
2016.09.22 04:33:41.235,0.95863,0.95891,1.00,1.00
2016.09.22 04:33:41.635,0.95861,0.95889,1.00,1.00
2016.09.22 04:33:50.146,0.95861,0.95888,1.00,1.00
2016.09.22 04:33:50.973,0.95858,0.95885,1.00,1.00
2016.09.22 04:33:51.132,0.95855,0.95884,1.00,1.00
2016.09.22 04:33:51.587,0.95852,0.95877,1.87,1.00
2016.09.22 04:33:51.638,0.95847,0.95877,1.00,1.00
2016.09.22 04:33:51.790,0.95842,0.95875,1.37,1.00
2016.09.22 04:33:51.886,0.95847,0.95877,1.00,1.00
2016.09.22 04:33:52.088,0.9585,0.9588,1.00,1.00
2016.09.22 04:33:52.139,0.9585,0.95881,1.00,1.00
2016.09.22 04:33:52.431,0.9585,0.95881,1.00,1.50
2016.09.22 04:33:52.532,0.9585,0.95881,1.00,1.00
2016.09.22 04:33:52.582,0.9585,0.95877,1.00,1.00
2016.09.22 04:33:53.089,0.95849,0.95878,1.00,1.00
2016.09.22 04:33:53.684,0.9585,0.95878,1.00,1.00
2016.09.22 04:33:55.254,0.95849,0.95876,1.00,1.00
2016.09.22 04:33:55.792,0.95848,0.95876,1.00,1.00
2016.09.22 04:33:56.758,0.95847,0.95876,1.00,1.00
2016.09.22 04:33:57.280,0.95848,0.95878,1.00,1.00
2016.09.22 04:33:58.258,0.95849,0.95878,1.00,1.00
2016.09.22 04:33:58.359,0.95847,0.95876,1.00,1.00
2016.09.22 04:33:59.195,0.95848,0.95878,1.00,1.00
2016.09.22 04:33:59.661,0.95851,0.95878,1.00,1.00
2016.09.22 04:33:59.761,0.95848,0.95877,1.00,1.00
2016.09.22 04:34:00.862,0.95849,0.95879,1.00,1.00
2016.09.22 04:34:02.144,0.95849,0.95879,1.00,1.00
2016.09.22 04:34:03.567,0.9585,0.95879,1.00,1.00
2016.09.22 04:34:04.373,0.95853,0.95879,1.00,1.00
2016.09.22 04:34:05.035,0.95854,0.9588,1.00,1.00
2016.09.22 04:34:05.670,0.95853,0.9588,1.00,1.00
2016.09.22 04:34:06.177,0.9585,0.95878,1.00,1.00
2016.09.22 04:34:06.405,0.95852,0.9588,1.00,1.00
2016.09.22 04:34:06.979,0.9585,0.95878,1.12,1.00
2016.09.22 04:34:07.081,0.9585,0.95878,1.00,1.00
2016.09.22 04:34:10.777,0.9585,0.95879,1.00,1.00
2016.09.22 04:34:11.282,0.95853,0.9588,1.00,1.00
2016.09.22 04:34:12.522,0.95851,0.95879,1.00,1.00
2016.09.22 04:34:13.352,0.95852,0.95878,1.00,1.00
2016.09.22 04:34:13.604,0.95852,0.9588,1.00,1.00
2016.09.22 04:34:14.836,0.95852,0.9588,1.12,1.00
2016.09.22 04:34:14.887,0.95853,0.95881,1.00,1.00
2016.09.22 04:34:14.988,0.95852,0.95879,1.12,1.00
2016.09.22 04:34:15.092,0.95852,0.95879,1.00,1.00
2016.09.22 04:34:15.990,0.95852,0.95879,1.12,1.00
2016.09.22 04:34:16.041,0.95852,0.95879,1.87,1.00
2016.09.22 04:34:16.091,0.95854,0.9588,1.00,1.00
2016.09.22 04:34:18.528,0.95853,0.95883,1.00,1.00
2016.09.22 04:34:18.629,0.95854,0.95882,1.00,1.00
2016.09.22 04:34:19.227,0.95854,0.95881,1.00,1.00
2016.09.22 04:34:19.490,0.95853,0.95883,1.00,1.00
2016.09.22 04:34:19.607,0.95854,0.95881,1.00,1.00
2016.09.22 04:34:19.791,0.95853,0.95883,1.00,1.00
2016.09.22 04:34:20.548,0.95853,0.95882,1.00,1.00
2016.09.22 04:34:21.293,0.95852,0.9588,1.87,1.00
2016.09.22 04:34:21.581,0.95852,0.9588,1.50,1.00
2016.09.22 04:34:24.283,0.95852,0.9588,1.87,1.00
2016.09.22 04:34:24.900,0.95853,0.95882,1.00,1.00
2016.09.22 04:34:25.832,0.95853,0.95882,1.00,1.00
2016.09.22 04:34:26.492,0.95853,0.95881,1.00,1.00
2016.09.22 04:34:28.329,0.95851,0.95879,1.00,1.00
2016.09.22 04:34:29.927,0.95852,0.95878,1.00,1.00
2016.09.22 04:34:30.138,0.95852,0.9588,1.00,1.00
2016.09.22 04:34:30.239,0.95855,0.95881,1.00,1.00
2016.09.22 04:34:30.456,0.9586,0.95886,1.00,1.50
2016.09.22 04:34:30.507,0.9586,0.95886,1.00,1.00
2016.09.22 04:34:35.739,0.95866,0.95892,1.00,1.00
2016.09.22 04:34:36.170,0.9586,0.95888,1.00,1.00
2016.09.22 04:34:36.924,0.95858,0.95885,1.00,1.00
2016.09.22 04:34:37.025,0.95857,0.95885,1.00,1.00
2016.09.22 04:34:37.447,0.95858,0.95883,1.00,1.00
2016.09.22 04:34:38.471,0.95857,0.95882,1.00,1.00
2016.09.22 04:34:45.761,0.95858,0.95883,1.00,1.00
2016.09.22 04:34:51.108,0.9586,0.95885,1.00,1.00
2016.09.22 04:34:51.540,0.95858,0.95885,1.00,1.00
2016.09.22 04:34:51.767,0.95857,0.95882,1.00,1.00
2016.09.22 04:34:54.179,0.95861,0.95886,1.00,1.00
2016.09.22 04:34:54.482,0.95862,0.95889,1.00,1.00
2016.09.22 04:34:54.583,0.95864,0.95889,1.00,1.00
2016.09.22 04:34:55.473,0.95864,0.95891,1.00,1.00
2016.09.22 04:34:55.974,0.95865,0.95892,1.00,1.00
2016.09.22 04:34:57.100,0.95865,0.9589,1.00,1.00
2016.09.22 04:34:58.456,0.95863,0.95894,1.00,1.00
2016.09.22 04:34:58.571,0.95864,0.95889,1.00,1.00
2016.09.22 04:34:59.105,0.95863,0.95888,1.00,1.00
2016.09.22 04:34:59.282,0.9586,0.95887,1.00,1.00
2016.09.22 04:34:59.686,0.95858,0.95883,1.00,1.00
2016.09.22 04:35:01.871,0.9586,0.95885,1.00,1.00
2016.09.22 04:35:02.332,0.95858,0.95883,1.00,1.00
2016.09.22 04:35:02.588,0.95853,0.9588,1.00,1.00
2016.09.22 04:35:02.964,0.95853,0.95884,1.00,1.00
2016.09.22 04:35:03.512,0.95853,0.95884,1.00,1.00
2016.09.22 04:35:13.069,0.95853,0.95883,1.00,1.00
2016.09.22 04:35:14.288,0.95857,0.95885,1.00,1.00
2016.09.22 04:35:14.338,0.95857,0.95886,1.00,1.00
2016.09.22 04:35:14.439,0.95857,0.95887,1.00,1.00
2016.09.22 04:35:14.490,0.95859,0.95887,1.00,1.00
2016.09.22 04:35:15.004,0.95859,0.95888,1.00,1.00
2016.09.22 04:35:15.332,0.95855,0.95886,1.00,1.00
2016.09.22 04:35:15.583,0.95855,0.95884,1.00,1.00
2016.09.22 04:35:16.385,0.95852,0.95884,1.00,1.00
2016.09.22 04:35:16.538,0.95852,0.95885,1.00,1.00
2016.09.22 04:35:16.837,0.95852,0.95885,1.00,1.00
2016.09.22 04:35:21.392,0.95854,0.95885,1.00,1.00
2016.09.22 04:35:22.649,0.95854,0.95885,1.00,1.00
2016.09.22 04:35:23.246,0.95854,0.95885,1.00,1.00
2016.09.22 04:35:24.204,0.95853,0.95884,1.00,1.00
2016.09.22 04:35:33.010,0.95852,0.95877,1.00,1.00
2016.09.22 04:35:33.220,0.9585,0.95878,1.00,1.00
2016.09.22 04:35:35.924,0.95851,0.95877,1.00,1.00
2016.09.22 04:35:36.913,0.9585,0.95877,1.00,1.00
2016.09.22 04:35:38.123,0.95849,0.95877,1.00,1.00
2016.09.22 04:35:47.025,0.95849,0.95879,1.00,1.00
2016.09.22 04:35:47.138,0.95851,0.95879,1.00,1.00
2016.09.22 04:35:47.704,0.9585,0.95879,1.00,1.00
2016.09.22 04:35:48.290,0.95851,0.95879,1.00,1.00
2016.09.22 04:35:51.452,0.95851,0.95878,1.00,1.00
2016.09.22 04:36:01.546,0.95851,0.95877,1.00,1.00
2016.09.22 04:36:05.953,0.95849,0.95878,1.00,1.00
2016.09.22 04:36:06.954,0.95851,0.95877,1.00,1.00
2016.09.22 04:36:07.501,0.95851,0.95878,1.00,1.00
2016.09.22 04:36:11.716,0.95851,0.95877,1.00,1.00
2016.09.22 04:36:23.406,0.9585,0.95875,1.00,1.00
2016.09.22 04:36:23.522,0.95848,0.95875,1.12,1.00
2016.09.22 04:36:23.572,0.95848,0.95875,1.00,1.00
2016.09.22 04:36:36.090,0.95849,0.95875,1.00,1.00
2016.09.22 04:36:36.592,0.95849,0.95876,1.00,1.00
2016.09.22 04:36:36.969,0.95849,0.95876,1.00,1.00
2016.09.22 04:36:37.094,0.95851,0.95876,1.00,1.00
2016.09.22 04:36:38.210,0.95851,0.95879,1.00,1.00
2016.09.22 04:36:41.120,0.95851,0.9588,1.00,1.00
2016.09.22 04:36:49.823,0.95851,0.95876,1.00,1.00
2016.09.22 04:36:52.071,0.95851,0.95878,1.00,1.00
2016.09.22 04:36:52.631,0.95852,0.95877,1.00,1.00
2016.09.22 04:36:53.275,0.95851,0.95876,1.00,1.00
2016.09.22 04:36:53.906,0.95852,0.95877,1.00,1.00
2016.09.22 04:36:54.431,0.9585,0.95877,1.00,1.00
2016.09.22 04:36:56.363,0.9585,0.95875,1.00,1.00
2016.09.22 04:37:19.170,0.95854,0.95879,1.00,1.00
2016.09.22 04:37:19.373,0.95859,0.95886,1.00,1.00
2016.09.22 04:37:19.475,0.95862,0.95887,1.00,1.00
2016.09.22 04:37:20.292,0.95861,0.95886,1.00,1.00
2016.09.22 04:37:21.265,0.9586,0.95885,1.00,1.00
2016.09.22 04:37:21.666,0.9586,0.95887,1.00,1.00
2016.09.22 04:37:22.584,0.9586,0.95889,1.00,1.00
2016.09.22 04:37:22.695,0.95863,0.95889,1.00,1.00
2016.09.22 04:37:26.215,0.95862,0.95889,1.00,1.00
2016.09.22 04:37:26.672,0.95862,0.95887,1.00,1.00
2016.09.22 04:37:32.410,0.95861,0.95887,1.00,1.00
2016.09.22 04:37:33.402,0.95861,0.95886,1.00,1.00
2016.09.22 04:37:34.216,0.95859,0.95886,1.00,1.00
2016.09.22 04:37:34.282,0.95857,0.95885,1.00,1.00
2016.09.22 04:37:34.484,0.95856,0.95887,1.00,1.00
2016.09.22 04:37:34.635,0.95856,0.95887,1.00,1.50
2016.09.22 04:37:35.504,0.95856,0.95887,1.00,1.00
2016.09.22 04:37:35.924,0.95854,0.9588,1.00,1.00
2016.09.22 04:37:36.301,0.95852,0.9588,1.00,1.00
2016.09.22 04:37:36.518,0.95854,0.95881,1.00,1.00
2016.09.22 04:37:41.691,0.95854,0.9588,1.00,1.00
2016.09.22 04:37:42.934,0.95852,0.95879,1.00,1.00
2016.09.22 04:37:51.703,0.95853,0.9588,1.00,1.00
2016.09.22 04:37:56.208,0.95852,0.9588,1.00,1.00
2016.09.22 04:37:58.253,0.95855,0.95882,1.00,1.00
2016.09.22 04:37:59.455,0.95854,0.95879,1.00,1.00
2016.09.22 04:37:59.657,0.95854,0.95881,1.00,1.00
2016.09.22 04:38:00.287,0.95853,0.95881,1.00,1.00
2016.09.22 04:38:00.657,0.95853,0.95881,1.00,1.00
2016.09.22 04:38:00.759,0.95857,0.95882,1.00,1.00
2016.09.22 04:38:01.058,0.95857,0.95883,1.00,1.00
2016.09.22 04:38:01.261,0.95863,0.95895,1.00,1.00
2016.09.22 04:38:01.373,0.95866,0.95894,1.00,1.00
2016.09.22 04:38:01.474,0.95864,0.95892,1.00,1.00
2016.09.22 04:38:01.524,0.95862,0.9589,1.00,1.00
2016.09.22 04:38:01.830,0.95862,0.95887,1.00,1.00
2016.09.22 04:38:05.664,0.95862,0.9589,1.00,1.00
2016.09.22 04:38:05.968,0.95864,0.95889,1.00,1.00
2016.09.22 04:38:06.421,0.95864,0.95892,1.00,1.00
2016.09.22 04:38:06.537,0.95864,0.95892,1.00,1.00
2016.09.22 04:38:06.984,0.95864,0.9589,1.00,1.00
2016.09.22 04:38:07.893,0.95862,0.95891,1.00,1.00
2016.09.22 04:38:08.024,0.9586,0.95889,1.00,1.00
2016.09.22 04:38:11.329,0.95861,0.95889,1.00,1.00
2016.09.22 04:38:12.384,0.9586,0.95889,1.00,1.00
2016.09.22 04:38:13.245,0.9586,0.95887,1.00,1.00
2016.09.22 04:38:13.775,0.95859,0.95886,1.00,1.00
2016.09.22 04:38:14.480,0.95859,0.95885,1.00,1.00
2016.09.22 04:38:17.483,0.95858,0.95884,1.00,1.00
2016.09.22 04:38:17.536,0.95858,0.95884,1.00,1.00
2016.09.22 04:38:17.587,0.95853,0.95881,1.00,1.00
2016.09.22 04:38:17.688,0.95851,0.95881,1.00,1.00
2016.09.22 04:38:17.739,0.95851,0.95881,1.00,1.00
2016.09.22 04:38:17.789,0.95851,0.95878,1.00,1.00
2016.09.22 04:38:17.840,0.95851,0.95878,1.00,1.00
2016.09.22 04:38:18.195,0.9585,0.95877,1.00,1.00
2016.09.22 04:38:18.322,0.9585,0.95877,1.00,1.50
2016.09.22 04:38:18.373,0.9585,0.95877,1.00,1.00
2016.09.22 04:38:18.462,0.95848,0.95877,1.00,1.00
2016.09.22 04:38:21.252,0.9585,0.95878,1.00,1.00
2016.09.22 04:38:21.302,0.9585,0.95879,1.00,1.50
2016.09.22 04:38:21.596,0.9585,0.95878,1.00,1.00
2016.09.22 04:38:22.247,0.9585,0.95878,1.00,1.50
2016.09.22 04:38:24.748,0.9585,0.95878,1.00,1.50
2016.09.22 04:38:24.849,0.9585,0.95878,1.00,1.50
2016.09.22 04:38:24.958,0.9585,0.95878,1.00,1.00
2016.09.22 04:38:25.580,0.9585,0.95878,1.00,1.50
2016.09.22 04:38:25.681,0.95848,0.95876,1.00,1.00
2016.09.22 04:38:26.805,0.9585,0.95878,1.00,1.50
2016.09.22 04:38:26.906,0.95849,0.95877,1.00,1.00
2016.09.22 04:38:26.956,0.95849,0.95877,1.00,1.00
2016.09.22 04:38:29.405,0.95851,0.95879,1.00,1.00
2016.09.22 04:38:30.367,0.95851,0.95877,1.00,1.00
2016.09.22 04:38:31.017,0.95853,0.95879,1.00,1.00
2016.09.22 04:38:34.813,0.9585,0.95878,1.00,1.00
2016.09.22 04:38:36.278,0.95851,0.95878,1.00,1.00
2016.09.22 04:38:37.527,0.95849,0.95876,1.00,1.00
2016.09.22 04:38:40.626,0.95849,0.95875,1.00,1.00
2016.09.22 04:38:41.029,0.95845,0.95874,1.00,1.00
2016.09.22 04:38:41.886,0.95844,0.95872,1.00,1.00
2016.09.22 04:38:54.738,0.95846,0.95874,1.00,1.00
2016.09.22 04:38:55.265,0.95848,0.95875,1.00,1.00
2016.09.22 04:38:55.914,0.95849,0.95876,1.00,1.00
2016.09.22 04:38:56.178,0.95846,0.95875,1.00,1.00
2016.09.22 04:38:56.905,0.95848,0.95875,1.00,1.00
2016.09.22 04:39:06.316,0.95849,0.95875,1.00,1.00
2016.09.22 04:39:07.343,0.95848,0.95875,1.00,1.00
2016.09.22 04:39:08.527,0.95849,0.95877,1.00,1.50
2016.09.22 04:39:09.003,0.95849,0.95877,1.00,1.00
2016.09.22 04:39:09.952,0.95849,0.95877,1.00,1.50
2016.09.22 04:39:10.005,0.95849,0.95877,1.00,1.00
2016.09.22 04:39:10.166,0.95849,0.95877,1.00,1.50
2016.09.22 04:39:10.418,0.95849,0.95877,1.00,2.25
2016.09.22 04:39:10.740,0.95849,0.95877,1.00,1.50
2016.09.22 04:39:10.823,0.95848,0.95874,1.00,1.00
2016.09.22 04:39:11.933,0.95849,0.95875,1.00,1.00
2016.09.22 04:39:12.276,0.95847,0.95873,1.00,1.00
2016.09.22 04:39:12.327,0.95844,0.95872,1.00,1.00
2016.09.22 04:39:12.428,0.95843,0.95869,1.00,1.00
2016.09.22 04:39:20.538,0.95842,0.95868,1.00,1.00
2016.09.22 04:39:21.019,0.95842,0.95868,1.00,1.50
2016.09.22 04:39:21.221,0.95842,0.95868,1.00,1.00
2016.09.22 04:39:21.271,0.95842,0.95868,1.00,1.50
2016.09.22 04:39:21.390,0.95839,0.95867,1.00,1.50
2016.09.22 04:39:21.442,0.95836,0.95863,1.00,1.00
2016.09.22 04:39:21.544,0.95834,0.95862,1.00,1.00
2016.09.22 04:39:21.645,0.95834,0.95862,1.00,1.00
2016.09.22 04:39:26.976,0.95834,0.9586,1.00,1.00
2016.09.22 04:39:36.459,0.95834,0.95861,1.00,1.00
2016.09.22 04:39:36.965,0.95835,0.95861,1.00,1.00
2016.09.22 04:39:37.898,0.95836,0.95862,1.00,1.00
2016.09.22 04:39:38.862,0.95837,0.95862,1.00,1.00
2016.09.22 04:39:40.765,0.95835,0.95861,1.00,1.00
2016.09.22 04:39:48.275,0.95835,0.95862,1.00,1.00
2016.09.22 04:39:52.920,0.95837,0.95862,1.00,1.00
2016.09.22 04:39:53.449,0.95837,0.95863,1.00,1.00
2016.09.22 04:39:53.697,0.95833,0.95861,1.00,1.00
2016.09.22 04:39:56.515,0.95834,0.95861,1.00,1.00
2016.09.22 04:40:01.392,0.95833,0.95859,1.00,1.00
2016.09.22 04:40:01.495,0.95834,0.95862,1.00,1.50
2016.09.22 04:40:01.545,0.95834,0.95862,1.00,1.00
2016.09.22 04:40:01.596,0.95829,0.95857,1.00,1.00
2016.09.22 04:40:01.747,0.95829,0.95857,1.00,1.00
2016.09.22 04:40:01.798,0.95823,0.95851,1.50,1.00
2016.09.22 04:40:01.848,0.95823,0.95851,1.00,1.00
2016.09.22 04:40:01.899,0.9582,0.95846,1.00,1.00
2016.09.22 04:40:01.949,0.95819,0.95846,1.12,1.00
2016.09.22 04:40:02.088,0.95819,0.95846,1.12,1.00
2016.09.22 04:40:02.139,0.95819,0.95846,1.12,1.00
2016.09.22 04:40:02.190,0.95819,0.95846,1.00,1.00
2016.09.22 04:40:02.295,0.95814,0.95847,1.00,1.00
2016.09.22 04:40:02.345,0.95814,0.95847,1.00,1.00
2016.09.22 04:40:02.396,0.95819,0.95846,1.00,1.00
2016.09.22 04:40:02.447,0.95819,0.95846,1.00,1.00
2016.09.22 04:40:02.824,0.95819,0.95849,1.00,1.00
2016.09.22 04:40:03.347,0.9582,0.9585,1.00,1.00
2016.09.22 04:40:03.397,0.95815,0.95846,1.87,1.00
2016.09.22 04:40:03.481,0.95815,0.95846,1.00,1.00
2016.09.22 04:40:03.532,0.95815,0.95844,1.00,1.00
2016.09.22 04:40:03.633,0.95808,0.95842,1.00,1.00
2016.09.22 04:40:03.684,0.95808,0.95841,1.50,1.00
2016.09.22 04:40:03.735,0.95808,0.95841,1.00,1.00
2016.09.22 04:40:03.854,0.95807,0.95842,1.12,1.00
2016.09.22 04:40:03.905,0.95806,0.95838,1.87,1.00
2016.09.22 04:40:03.956,0.95807,0.95838,1.00,1.00
2016.09.22 04:40:04.579,0.95806,0.95838,1.00,1.00
2016.09.22 04:40:04.630,0.95806,0.95841,1.00,1.50
2016.09.22 04:40:04.767,0.95806,0.9584,1.00,1.00
2016.09.22 04:40:04.828,0.95806,0.95839,1.00,1.00
2016.09.22 04:40:05.701,0.95808,0.95837,1.00,1.00
2016.09.22 04:40:06.302,0.95809,0.95838,1.00,1.00
2016.09.22 04:40:07.303,0.95809,0.95837,1.00,1.00
2016.09.22 04:40:08.013,0.9581,0.95836,1.00,1.00
2016.09.22 04:40:08.304,0.95809,0.95838,1.00,1.00
2016.09.22 04:40:20.919,0.9581,0.95835,1.00,1.00
2016.09.22 04:40:24.232,0.95811,0.95835,1.00,1.00
2016.09.22 04:40:24.627,0.95815,0.95839,1.00,1.00
2016.09.22 04:40:24.728,0.95813,0.95841,1.00,1.00
2016.09.22 04:40:24.778,0.95813,0.95841,1.00,1.00
2016.09.22 04:40:25.272,0.95814,0.95839,1.00,1.00
2016.09.22 04:40:27.303,0.95814,0.95839,1.00,1.00
2016.09.22 04:40:27.353,0.95809,0.95833,1.00,1.00
2016.09.22 04:40:27.454,0.95806,0.95832,1.00,1.00
2016.09.22 04:40:27.555,0.95804,0.9583,1.00,1.00
2016.09.22 04:40:27.858,0.95801,0.95826,1.00,1.00
2016.09.22 04:40:27.908,0.95801,0.95826,1.00,1.50
2016.09.22 04:40:28.040,0.95797,0.95823,1.00,1.00
2016.09.22 04:40:28.673,0.95802,0.95827,1.00,1.00
2016.09.22 04:40:29.009,0.95798,0.95824,1.00,1.00
2016.09.22 04:40:29.361,0.95796,0.95821,1.00,1.00
2016.09.22 04:40:29.463,0.95797,0.95823,1.00,1.00
2016.09.22 04:40:29.937,0.95799,0.95824,1.00,1.00
2016.09.22 04:40:32.741,0.958,0.95824,1.00,1.00
2016.09.22 04:40:33.245,0.95801,0.95826,1.00,1.00
2016.09.22 04:40:34.242,0.95801,0.95825,1.00,1.00
2016.09.22 04:40:37.046,0.958,0.95828,1.00,1.00
2016.09.22 04:40:39.156,0.95802,0.95829,1.00,1.00
2016.09.22 04:40:39.464,0.95802,0.95826,1.00,1.00
2016.09.22 04:40:40.198,0.958,0.95826,1.00,1.00
2016.09.22 04:40:40.747,0.95801,0.95825,1.00,1.00
2016.09.22 04:40:41.252,0.95799,0.95825,1.00,1.00
2016.09.22 04:40:42.053,0.95799,0.95826,1.00,1.00
2016.09.22 04:40:47.274,0.95801,0.9583,1.00,1.00
2016.09.22 04:40:47.581,0.95804,0.95831,1.00,1.00
2016.09.22 04:40:51.827,0.95804,0.95831,1.00,1.00
2016.09.22 04:40:51.877,0.95802,0.95827,1.00,1.00
2016.09.22 04:40:51.979,0.95799,0.95826,1.00,1.00
2016.09.22 04:40:52.967,0.95799,0.95827,1.00,1.00
2016.09.22 04:40:54.517,0.95797,0.95823,1.00,1.00
2016.09.22 04:40:54.592,0.95795,0.95823,1.87,1.00
2016.09.22 04:40:54.643,0.95795,0.95823,1.00,1.00
2016.09.22 04:40:54.744,0.95798,0.95825,1.37,1.00
2016.09.22 04:40:54.856,0.95798,0.95825,1.12,1.00
2016.09.22 04:40:54.907,0.95803,0.95829,1.00,1.00
2016.09.22 04:40:55.437,0.95802,0.95828,1.00,1.00
2016.09.22 04:40:55.758,0.95799,0.95824,1.00,1.00
2016.09.22 04:40:56.081,0.958,0.95826,1.00,1.00
2016.09.22 04:40:57.073,0.95799,0.95826,1.00,1.00
2016.09.22 04:40:58.624,0.95802,0.95826,1.00,1.00
2016.09.22 04:40:59.677,0.958,0.95824,1.00,1.00
2016.09.22 04:41:02.497,0.958,0.95827,1.00,1.00
2016.09.22 04:41:02.548,0.958,0.95827,1.87,1.00
2016.09.22 04:41:02.598,0.95804,0.95829,1.00,1.00
2016.09.22 04:41:05.186,0.95802,0.95827,1.00,1.00
2016.09.22 04:41:06.585,0.95803,0.95827,1.00,1.00
2016.09.22 04:41:15.695,0.95801,0.95825,1.00,1.00
2016.09.22 04:41:15.962,0.95798,0.95824,1.00,1.00
2016.09.22 04:41:24.925,0.958,0.95824,1.00,1.00
2016.09.22 04:41:34.638,0.95798,0.95824,1.00,1.00
2016.09.22 04:41:34.739,0.95797,0.95821,1.00,1.00
2016.09.22 04:41:35.928,0.95797,0.95824,1.00,1.00
2016.09.22 04:41:36.974,0.95798,0.95824,1.00,1.00
2016.09.22 04:41:38.074,0.95799,0.95824,1.00,1.00
2016.09.22 04:41:38.749,0.95798,0.95824,1.00,1.00
2016.09.22 04:41:42.441,0.95799,0.95827,1.00,1.00
2016.09.22 04:41:42.854,0.95799,0.95828,1.00,1.50
2016.09.22 04:41:42.964,0.95797,0.95827,1.00,1.00
2016.09.22 04:41:43.355,0.95797,0.95823,1.00,1.00
2016.09.22 04:41:46.347,0.95797,0.95821,1.00,1.00
2016.09.22 04:41:47.872,0.95797,0.95827,1.00,1.00
2016.09.22 04:41:52.154,0.95797,0.95828,1.00,1.00
2016.09.22 04:41:57.414,0.95797,0.95822,1.00,1.00
2016.09.22 04:41:57.465,0.95797,0.95822,1.12,1.00
2016.09.22 04:41:58.970,0.95797,0.95828,1.12,1.00
2016.09.22 04:41:59.616,0.95797,0.95828,1.00,1.00
2016.09.22 04:42:00.872,0.95797,0.95822,1.00,1.00
2016.09.22 04:42:00.973,0.95793,0.95822,1.00,1.00
2016.09.22 04:42:01.074,0.95789,0.95816,1.00,1.00
2016.09.22 04:42:01.158,0.95786,0.95816,1.00,1.00
2016.09.22 04:42:01.209,0.95783,0.9581,1.00,1.00
2016.09.22 04:42:01.310,0.95776,0.95806,1.00,1.00
2016.09.22 04:42:01.411,0.95771,0.95799,1.37,1.00
2016.09.22 04:42:01.563,0.95771,0.95799,1.37,1.00
2016.09.22 04:42:02.007,0.95771,0.95799,1.00,1.00
2016.09.22 04:42:02.208,0.95768,0.95798,1.00,1.00
2016.09.22 04:42:02.259,0.95768,0.95798,1.12,1.00
2016.09.22 04:42:02.309,0.95767,0.95797,1.37,1.00
2016.09.22 04:42:02.457,0.95767,0.95797,1.12,1.00
2016.09.22 04:42:03.191,0.95767,0.95797,2.62,1.00
2016.09.22 04:42:03.242,0.95767,0.95797,2.62,1.00
2016.09.22 04:42:03.292,0.95768,0.95797,1.12,1.00
2016.09.22 04:42:03.708,0.95769,0.95797,1.00,1.00
2016.09.22 04:42:06.263,0.95769,0.95797,1.12,1.00
2016.09.22 04:42:06.364,0.95769,0.95797,1.00,1.00
2016.09.22 04:42:06.465,0.95771,0.958,1.37,1.00
2016.09.22 04:42:06.516,0.95775,0.95807,1.00,1.00
2016.09.22 04:42:06.686,0.95776,0.95809,1.00,1.00
2016.09.22 04:42:06.787,0.95778,0.95805,1.00,1.00
2016.09.22 04:42:07.816,0.95776,0.95805,1.00,1.00
2016.09.22 04:42:09.086,0.95777,0.95805,1.00,1.00
2016.09.22 04:42:10.588,0.95779,0.95804,1.00,1.00
2016.09.22 04:42:11.631,0.9578,0.95805,1.00,1.00
2016.09.22 04:42:12.491,0.95779,0.95805,1.00,1.00
2016.09.22 04:42:13.420,0.9578,0.95805,1.00,1.00
2016.09.22 04:42:14.602,0.95781,0.95806,1.00,1.00
2016.09.22 04:42:15.096,0.95781,0.95808,1.00,1.00
2016.09.22 04:42:16.098,0.9578,0.95807,1.00,1.00
2016.09.22 04:42:16.861,0.95779,0.95806,1.00,1.00
2016.09.22 04:42:22.267,0.95781,0.95805,1.00,1.00
2016.09.22 04:42:23.647,0.95779,0.9581,1.00,1.00
2016.09.22 04:42:23.697,0.95779,0.95808,1.00,1.00
2016.09.22 04:42:23.748,0.95779,0.95805,1.00,1.00
2016.09.22 04:42:23.827,0.95779,0.95808,1.00,1.00
2016.09.22 04:42:23.877,0.95779,0.95809,1.00,1.00
2016.09.22 04:42:23.928,0.9578,0.95812,1.00,1.12
2016.09.22 04:42:24.029,0.95782,0.95807,1.00,1.00
2016.09.22 04:42:27.319,0.95782,0.95809,1.00,1.00
2016.09.22 04:42:29.623,0.95784,0.95808,1.00,1.00
2016.09.22 04:42:31.668,0.95785,0.95809,1.00,1.00
2016.09.22 04:42:35.938,0.95784,0.95814,1.00,1.00
2016.09.22 04:42:36.039,0.95784,0.9581,1.00,1.00
2016.09.22 04:42:39.485,0.95785,0.9581,1.00,1.00
2016.09.22 04:42:40.383,0.95786,0.95811,1.00,1.00
2016.09.22 04:42:40.884,0.95786,0.9581,1.00,1.00
2016.09.22 04:42:40.947,0.95784,0.9581,1.00,1.00
2016.09.22 04:42:41.535,0.95784,0.95812,1.00,1.00
2016.09.22 04:42:42.360,0.95784,0.95811,1.00,1.00
2016.09.22 04:42:45.306,0.95784,0.95811,1.00,1.00
2016.09.22 04:42:45.720,0.95784,0.95811,1.00,1.00
2016.09.22 04:42:45.971,0.95786,0.95811,1.00,1.00
2016.09.22 04:42:46.072,0.95783,0.95811,1.00,1.00
2016.09.22 04:42:46.123,0.95783,0.95811,1.00,1.00
2016.09.22 04:42:46.233,0.95783,0.95811,1.00,1.00
2016.09.22 04:42:46.283,0.95785,0.95809,1.00,1.00
2016.09.22 04:42:46.424,0.95781,0.95806,1.00,1.00
2016.09.22 04:42:46.475,0.95778,0.95803,1.00,1.00
2016.09.22 04:42:46.677,0.95779,0.95805,1.00,1.00
2016.09.22 04:42:47.387,0.95782,0.95806,1.00,1.00
2016.09.22 04:42:48.475,0.95782,0.95809,1.00,1.00
2016.09.22 04:42:48.576,0.95776,0.958,1.00,1.00
2016.09.22 04:42:48.757,0.95778,0.95803,1.00,1.00
2016.09.22 04:42:49.211,0.95781,0.95806,1.00,1.00
2016.09.22 04:42:49.651,0.95782,0.9581,1.00,1.00
2016.09.22 04:42:49.802,0.95781,0.95806,1.00,1.00
2016.09.22 04:42:50.464,0.9578,0.95812,1.00,1.00
2016.09.22 04:42:50.689,0.95782,0.95809,1.00,1.00
2016.09.22 04:42:50.790,0.95779,0.95811,1.00,1.00
2016.09.22 04:42:51.102,0.95779,0.95811,1.00,1.00
2016.09.22 04:42:51.254,0.9578,0.95806,1.00,1.37
2016.09.22 04:42:51.304,0.95777,0.95802,1.50,1.00
2016.09.22 04:42:51.355,0.95777,0.95802,1.00,1.00
2016.09.22 04:42:51.535,0.95775,0.95801,1.00,1.00
2016.09.22 04:42:51.642,0.95777,0.95804,1.00,1.00
2016.09.22 04:42:52.669,0.95782,0.95807,1.00,1.37
2016.09.22 04:42:52.770,0.95779,0.95804,1.00,1.00
2016.09.22 04:42:52.947,0.9578,0.95813,1.00,1.00
2016.09.22 04:42:52.999,0.95783,0.95812,1.00,1.00
2016.09.22 04:42:53.100,0.95779,0.95806,1.00,1.00
2016.09.22 04:42:53.151,0.95776,0.95806,1.00,1.00
2016.09.22 04:42:53.257,0.95776,0.95806,1.50,1.00
2016.09.22 04:42:53.358,0.95776,0.95806,1.00,1.00
2016.09.22 04:42:53.459,0.95778,0.95806,1.00,1.00
2016.09.22 04:42:53.610,0.95781,0.95814,1.00,1.00
2016.09.22 04:42:53.661,0.95783,0.95814,1.00,1.00
2016.09.22 04:42:53.878,0.95783,0.95817,1.00,1.50
2016.09.22 04:42:53.979,0.95783,0.95817,1.50,1.50
2016.09.22 04:42:54.034,0.95783,0.95813,1.50,1.00
2016.09.22 04:42:54.372,0.95785,0.95813,1.00,1.00
2016.09.22 04:42:54.861,0.95785,0.95814,1.00,1.00
2016.09.22 04:42:54.911,0.95783,0.95814,1.00,1.00
2016.09.22 04:42:55.374,0.95785,0.95814,1.00,1.00
2016.09.22 04:42:56.701,0.95784,0.95813,1.00,1.00
2016.09.22 04:42:56.802,0.95782,0.95813,1.50,1.00
2016.09.22 04:42:57.238,0.95782,0.95812,1.50,1.00
2016.09.22 04:42:57.648,0.95783,0.95812,1.00,1.00
2016.09.22 04:42:58.232,0.95783,0.95811,1.00,1.00
2016.09.22 04:42:59.570,0.95782,0.95811,1.00,1.00
2016.09.22 04:43:01.385,0.95784,0.9581,1.00,1.00
2016.09.22 04:43:02.926,0.95785,0.95813,1.00,1.00
2016.09.22 04:43:03.078,0.95786,0.95817,1.00,1.37
2016.09.22 04:43:03.790,0.95786,0.95814,1.00,1.00
2016.09.22 04:43:03.917,0.95788,0.95817,1.00,1.37
2016.09.22 04:43:04.183,0.95788,0.95812,1.00,1.00
2016.09.22 04:43:04.966,0.95788,0.95817,1.00,1.37
2016.09.22 04:43:06.796,0.95786,0.95817,1.00,1.37
2016.09.22 04:43:06.848,0.95786,0.95812,1.00,1.00
2016.09.22 04:43:07.339,0.95784,0.95812,1.00,1.00
2016.09.22 04:43:07.849,0.95784,0.95817,1.00,1.87
2016.09.22 04:43:11.489,0.95784,0.95817,1.00,3.37
2016.09.22 04:43:11.947,0.95786,0.95817,1.00,4.12
2016.09.22 04:43:12.953,0.95786,0.95812,1.00,1.00
2016.09.22 04:43:13.498,0.95786,0.95817,1.00,4.12
2016.09.22 04:43:14.257,0.95786,0.95817,1.00,3.37
2016.09.22 04:43:14.308,0.95787,0.95817,1.00,2.62
2016.09.22 04:43:14.409,0.95789,0.95813,1.00,1.00
2016.09.22 04:43:15.131,0.9579,0.95814,1.00,1.00
2016.09.22 04:43:22.118,0.95791,0.95815,1.00,1.00
2016.09.22 04:43:22.339,0.95789,0.95814,1.00,1.00
2016.09.22 04:43:25.659,0.9579,0.95816,1.00,1.00
2016.09.22 04:43:26.526,0.9579,0.95817,1.00,1.00
2016.09.22 04:43:27.032,0.95791,0.95816,1.00,1.00
2016.09.22 04:43:27.190,0.95791,0.95816,1.00,1.12
2016.09.22 04:43:27.501,0.95791,0.95816,1.00,1.00
2016.09.22 04:43:27.628,0.95791,0.95817,1.00,1.12
2016.09.22 04:43:27.729,0.95791,0.95817,1.00,1.00
2016.09.22 04:43:28.503,0.95791,0.95817,1.00,1.00
2016.09.22 04:43:29.471,0.95791,0.95817,1.00,1.50
2016.09.22 04:43:30.873,0.95789,0.95815,1.00,1.00
2016.09.22 04:43:36.941,0.95789,0.95813,1.00,1.00
2016.09.22 04:43:37.481,0.9579,0.95814,1.00,1.00
2016.09.22 04:43:39.654,0.9579,0.95816,1.00,1.00
2016.09.22 04:43:39.705,0.9579,0.95816,1.00,1.00
2016.09.22 04:43:42.818,0.9579,0.95816,1.00,1.00
2016.09.22 04:43:42.869,0.95793,0.95817,1.00,1.00
2016.09.22 04:43:43.190,0.95793,0.95817,1.00,1.00
2016.09.22 04:43:43.291,0.95795,0.95819,1.00,1.00
2016.09.22 04:43:44.051,0.95796,0.9582,1.00,1.00
2016.09.22 04:43:48.587,0.95797,0.95822,1.00,1.00
2016.09.22 04:43:48.839,0.958,0.95826,1.00,1.00
2016.09.22 04:43:49.304,0.95801,0.95827,1.00,1.00
2016.09.22 04:43:49.815,0.95802,0.95828,1.00,1.00
2016.09.22 04:43:50.476,0.95801,0.95827,1.00,1.00
2016.09.22 04:43:51.103,0.958,0.95827,1.00,1.00
2016.09.22 04:43:51.204,0.95802,0.95826,1.00,1.00
2016.09.22 04:43:51.305,0.95802,0.95826,1.00,1.00
2016.09.22 04:43:51.508,0.95802,0.95826,1.00,1.00
2016.09.22 04:43:51.815,0.958,0.95824,1.00,1.00
2016.09.22 04:43:51.865,0.95797,0.95825,1.00,1.00
2016.09.22 04:43:52.065,0.95801,0.95825,1.00,1.00
2016.09.22 04:43:59.917,0.95799,0.95825,1.00,1.00
2016.09.22 04:44:03.502,0.95798,0.95824,1.00,1.00
2016.09.22 04:44:03.604,0.95798,0.95822,1.00,1.00
2016.09.22 04:44:03.705,0.95798,0.95824,1.00,1.12
2016.09.22 04:44:03.806,0.95798,0.95824,1.00,1.00
2016.09.22 04:44:03.907,0.95798,0.95823,1.00,1.00
2016.09.22 04:44:04.441,0.95798,0.95822,1.00,1.00
2016.09.22 04:44:04.492,0.95795,0.95821,1.00,1.00
2016.09.22 04:44:05.025,0.95795,0.95822,1.00,1.00
2016.09.22 04:44:07.511,0.95795,0.95821,1.00,1.00
2016.09.22 04:44:11.996,0.95796,0.95821,1.00,1.00
2016.09.22 04:44:12.523,0.95796,0.95822,1.00,1.00
2016.09.22 04:44:22.007,0.95797,0.95821,1.00,1.00
2016.09.22 04:44:25.031,0.95797,0.95821,1.00,1.00
2016.09.22 04:44:27.014,0.95797,0.95822,1.00,1.00
2016.09.22 04:44:27.516,0.95799,0.95823,1.00,1.00
2016.09.22 04:44:34.768,0.95796,0.95822,1.00,1.00
2016.09.22 04:44:38.533,0.95794,0.95822,1.00,1.00
2016.09.22 04:44:38.738,0.95794,0.95822,1.00,1.50
2016.09.22 04:44:51.444,0.95794,0.9582,1.00,1.00
2016.09.22 04:44:52.351,0.95795,0.95821,1.00,1.00
2016.09.22 04:44:52.751,0.95795,0.95821,1.00,1.00
2016.09.22 04:44:52.859,0.95797,0.95823,1.00,1.50
2016.09.22 04:44:52.973,0.95796,0.95822,1.00,1.00
2016.09.22 04:44:54.661,0.95798,0.95822,1.00,1.00
2016.09.22 04:44:56.064,0.95799,0.95823,1.00,1.50
2016.09.22 04:44:57.057,0.95799,0.95823,1.00,1.00
2016.09.22 04:44:57.590,0.958,0.95823,1.00,1.00
2016.09.22 04:44:58.770,0.958,0.95822,1.00,1.00
2016.09.22 04:45:02.192,0.95794,0.9582,1.00,1.00
2016.09.22 04:45:02.966,0.95792,0.95818,1.00,1.00
2016.09.22 04:45:03.269,0.95794,0.95819,1.00,1.00
2016.09.22 04:45:03.442,0.95797,0.95824,1.00,1.00
2016.09.22 04:45:03.545,0.95797,0.95823,1.00,1.00
2016.09.22 04:45:03.696,0.95797,0.95824,1.00,1.00
2016.09.22 04:45:05.867,0.95798,0.95826,1.00,1.00
2016.09.22 04:45:06.018,0.95802,0.95827,1.00,1.00
2016.09.22 04:45:06.119,0.95804,0.95828,1.00,1.00
2016.09.22 04:45:06.220,0.95804,0.9583,1.00,1.00
2016.09.22 04:45:06.271,0.95806,0.95832,1.00,1.50
2016.09.22 04:45:06.802,0.9581,0.95834,1.00,1.00
2016.09.22 04:45:06.891,0.9581,0.95837,1.00,1.00
2016.09.22 04:45:07.102,0.95808,0.95838,1.00,1.00
2016.09.22 04:45:07.405,0.95811,0.95836,1.00,1.00
2016.09.22 04:45:07.506,0.9581,0.95834,1.00,1.00
2016.09.22 04:45:07.607,0.9581,0.95832,1.00,1.00
2016.09.22 04:45:12.711,0.95808,0.95832,1.00,1.00
2016.09.22 04:45:17.607,0.95809,0.95832,1.00,1.00
2016.09.22 04:45:22.092,0.95808,0.95832,1.00,1.00
2016.09.22 04:45:22.986,0.95808,0.95837,1.00,1.00
2016.09.22 04:45:26.112,0.95809,0.95833,1.00,1.00
2016.09.22 04:45:26.441,0.95809,0.95837,1.00,1.00
2016.09.22 04:45:27.199,0.95808,0.95837,1.00,1.00
2016.09.22 04:45:27.730,0.95809,0.95837,1.00,1.00
2016.09.22 04:45:30.069,0.9581,0.95837,1.00,1.00
2016.09.22 04:45:32.006,0.95809,0.95837,1.00,1.00
2016.09.22 04:45:32.578,0.9581,0.95837,1.00,1.00
2016.09.22 04:45:34.610,0.95807,0.95837,1.00,1.00
2016.09.22 04:45:35.252,0.95807,0.95838,1.00,1.12
2016.09.22 04:45:37.113,0.95809,0.95838,1.00,1.12
2016.09.22 04:45:38.096,0.95809,0.95837,1.00,1.00
2016.09.22 04:45:38.146,0.95809,0.95837,1.00,1.12
2016.09.22 04:45:43.619,0.95809,0.95837,1.00,1.00
2016.09.22 04:45:44.851,0.95809,0.95835,1.00,1.00
2016.09.22 04:45:45.371,0.9581,0.95834,1.00,1.00
2016.09.22 04:45:45.855,0.95808,0.95832,1.00,1.00
2016.09.22 04:45:46.157,0.95802,0.9583,1.00,1.00
2016.09.22 04:45:52.131,0.95801,0.95829,1.00,1.00
2016.09.22 04:45:53.781,0.95802,0.95828,1.00,1.00
2016.09.22 04:45:54.084,0.95801,0.95827,1.00,1.50
2016.09.22 04:45:54.670,0.95802,0.95827,1.00,1.00
2016.09.22 04:45:55.335,0.95799,0.95827,1.00,1.00
2016.09.22 04:45:55.535,0.95802,0.95827,1.00,1.00
2016.09.22 04:45:55.736,0.958,0.95827,1.00,1.50
2016.09.22 04:45:56.436,0.95802,0.95827,1.00,1.00
2016.09.22 04:45:56.737,0.958,0.95827,1.00,1.50
2016.09.22 04:45:57.641,0.95802,0.95827,1.00,1.00
2016.09.22 04:45:57.969,0.958,0.95826,1.00,1.00
2016.09.22 04:45:58.139,0.95803,0.95827,1.00,1.50
2016.09.22 04:45:58.540,0.95799,0.95827,1.00,1.50
2016.09.22 04:46:00.044,0.95803,0.95827,1.00,1.50
2016.09.22 04:46:00.094,0.95803,0.95827,1.00,1.00
2016.09.22 04:46:04.799,0.95803,0.95827,1.00,1.50
2016.09.22 04:46:04.900,0.95803,0.95827,1.00,1.00
2016.09.22 04:46:05.540,0.95804,0.95827,1.00,1.00
2016.09.22 04:46:06.201,0.95803,0.95827,1.00,1.00
2016.09.22 04:46:08.232,0.95803,0.95828,1.00,1.00
2016.09.22 04:46:13.562,0.95805,0.95828,1.00,1.00
2016.09.22 04:46:15.786,0.95803,0.95827,1.00,1.00
2016.09.22 04:46:20.790,0.95801,0.95826,1.00,1.00
2016.09.22 04:46:26.598,0.95801,0.95826,1.00,1.00
2016.09.22 04:46:27.280,0.958,0.95826,1.00,1.00
2016.09.22 04:46:37.362,0.95801,0.95827,1.00,1.50
2016.09.22 04:46:37.951,0.958,0.95827,1.00,1.50
2016.09.22 04:46:43.849,0.95802,0.95827,1.00,1.00
2016.09.22 04:46:44.909,0.95801,0.95825,1.00,1.00
2016.09.22 04:46:51.938,0.958,0.95824,1.00,1.00
2016.09.22 04:46:54.524,0.95799,0.95826,1.00,1.00
2016.09.22 04:46:59.236,0.95799,0.95824,1.00,1.00
2016.09.22 04:47:06.228,0.95798,0.95824,1.00,1.00
2016.09.22 04:47:07.340,0.95798,0.95825,1.00,1.00
2016.09.22 04:47:12.046,0.95802,0.95826,1.00,1.00
2016.09.22 04:47:15.249,0.958,0.95826,1.00,1.00
2016.09.22 04:47:18.289,0.95799,0.95823,1.00,1.00
2016.09.22 04:47:19.889,0.958,0.95826,1.00,1.00
2016.09.22 04:47:22.858,0.95799,0.95825,1.00,1.00
2016.09.22 04:47:25.873,0.95798,0.95824,1.00,1.00
2016.09.22 04:47:26.707,0.95798,0.95822,1.00,1.00
2016.09.22 04:47:27.404,0.95798,0.95823,1.00,1.00
2016.09.22 04:47:27.929,0.95798,0.95822,1.00,1.00
2016.09.22 04:47:28.865,0.95798,0.95823,1.00,1.00
2016.09.22 04:47:30.105,0.95797,0.95822,1.00,1.00
2016.09.22 04:47:30.509,0.95796,0.9582,1.00,1.00
2016.09.22 04:47:31.015,0.95797,0.95821,1.00,1.00
2016.09.22 04:47:32.107,0.95795,0.9582,1.00,1.00
2016.09.22 04:47:33.098,0.95794,0.9582,1.00,1.00
2016.09.22 04:47:36.274,0.95794,0.95819,1.00,1.00
2016.09.22 04:47:36.375,0.9579,0.95819,1.00,1.00
2016.09.22 04:47:36.576,0.9579,0.95819,1.00,1.00
2016.09.22 04:47:37.375,0.9579,0.95818,1.00,1.00
2016.09.22 04:47:37.876,0.95793,0.95817,1.00,1.00
2016.09.22 04:47:44.089,0.95793,0.95817,1.00,1.00
2016.09.22 04:47:45.121,0.95789,0.95814,1.00,1.00
2016.09.22 04:47:45.222,0.95787,0.95813,1.00,1.00
2016.09.22 04:47:45.373,0.95786,0.95812,1.00,1.00
2016.09.22 04:47:45.475,0.95786,0.95812,1.00,1.50
2016.09.22 04:47:45.786,0.95786,0.95812,1.00,1.00
2016.09.22 04:47:46.531,0.95787,0.95812,1.00,1.00
2016.09.22 04:47:46.673,0.95787,0.95812,1.00,1.50
2016.09.22 04:47:47.074,0.95787,0.95812,1.00,1.00
2016.09.22 04:47:47.489,0.95786,0.95813,1.00,1.50
2016.09.22 04:47:47.645,0.95786,0.95813,1.00,1.87
2016.09.22 04:47:47.779,0.95786,0.95813,1.00,1.12
2016.09.22 04:47:47.829,0.95786,0.95815,1.00,1.87
2016.09.22 04:47:47.880,0.95786,0.95813,1.00,1.00
2016.09.22 04:47:47.930,0.95785,0.95811,1.00,1.00
2016.09.22 04:47:48.205,0.95785,0.95811,1.00,1.00
2016.09.22 04:47:48.306,0.95783,0.95808,1.00,1.00
2016.09.22 04:47:48.729,0.9578,0.95806,1.00,1.00
2016.09.22 04:47:48.830,0.95781,0.95813,1.00,1.87
2016.09.22 04:47:49.003,0.95783,0.95807,1.00,1.00
2016.09.22 04:47:49.104,0.95781,0.95807,1.00,1.00
2016.09.22 04:47:49.651,0.95782,0.95807,1.00,1.00
2016.09.22 04:47:50.162,0.95783,0.95807,1.00,1.00
2016.09.22 04:47:50.542,0.95779,0.95807,1.00,1.00
2016.09.22 04:47:50.994,0.95781,0.95807,1.00,1.00
2016.09.22 04:47:51.395,0.95779,0.95807,1.00,1.00
2016.09.22 04:47:51.896,0.9578,0.95807,1.00,1.00
2016.09.22 04:47:52.474,0.95779,0.95807,1.00,1.00
2016.09.22 04:47:53.098,0.9578,0.95807,1.00,1.00
2016.09.22 04:47:53.423,0.95782,0.95807,1.00,1.00
2016.09.22 04:47:54.785,0.95782,0.9581,1.00,1.00
2016.09.22 04:47:54.900,0.95783,0.95812,1.00,1.12
2016.09.22 04:47:55.561,0.95783,0.95812,1.00,1.00
2016.09.22 04:47:55.875,0.95783,0.95812,1.00,1.50
2016.09.22 04:47:55.926,0.95783,0.95809,1.00,1.00
2016.09.22 04:47:57.904,0.95784,0.9581,1.00,1.00
2016.09.22 04:47:58.853,0.95783,0.95812,1.00,1.50
2016.09.22 04:48:05.795,0.95783,0.95812,1.00,1.00
2016.09.22 04:48:07.416,0.95786,0.95811,1.00,1.00
2016.09.22 04:48:12.522,0.95784,0.95811,1.00,1.00
2016.09.22 04:48:12.823,0.95785,0.95813,1.00,1.00
2016.09.22 04:48:13.332,0.95784,0.95812,1.00,1.00
2016.09.22 04:48:14.033,0.9578,0.95806,1.00,1.00
2016.09.22 04:48:14.134,0.95779,0.95804,1.00,1.00
2016.09.22 04:48:14.552,0.9578,0.95807,1.00,1.00
2016.09.22 04:48:15.154,0.95781,0.95807,1.00,1.00
2016.09.22 04:48:19.147,0.95782,0.9581,1.00,1.00
2016.09.22 04:48:19.349,0.95785,0.95811,1.00,1.00
2016.09.22 04:48:19.407,0.95785,0.95811,1.00,1.00
2016.09.22 04:48:20.432,0.95785,0.95812,1.00,1.00
2016.09.22 04:48:22.435,0.95786,0.95811,1.00,1.00
2016.09.22 04:48:29.126,0.95786,0.95811,1.00,1.00
2016.09.22 04:48:29.850,0.95787,0.95812,1.00,1.00
2016.09.22 04:48:31.365,0.95785,0.95812,1.00,1.00
2016.09.22 04:48:37.958,0.95785,0.95811,1.00,1.00
2016.09.22 04:48:43.065,0.95786,0.9581,1.00,1.00
2016.09.22 04:48:49.290,0.95786,0.95812,1.00,1.50
2016.09.22 04:48:52.519,0.95785,0.95812,1.00,1.50
2016.09.22 04:49:04.782,0.95785,0.95812,1.00,1.00
2016.09.22 04:49:06.322,0.95788,0.95813,1.00,1.50
2016.09.22 04:49:06.647,0.95788,0.95812,1.00,1.00
2016.09.22 04:49:07.102,0.95786,0.95812,1.00,1.50
2016.09.22 04:49:08.003,0.95785,0.9581,1.00,1.00
2016.09.22 04:49:13.195,0.95785,0.95811,1.00,1.00
2016.09.22 04:49:14.254,0.95785,0.95811,1.00,1.00
2016.09.22 04:49:22.695,0.95785,0.95811,1.00,1.00
2016.09.22 04:49:23.126,0.95785,0.9581,1.00,1.00
2016.09.22 04:49:25.439,0.95784,0.95809,1.00,1.00
2016.09.22 04:49:30.857,0.95784,0.95811,1.00,1.00
2016.09.22 04:49:31.072,0.95784,0.95811,1.00,1.00
2016.09.22 04:49:31.173,0.95786,0.95813,1.00,1.00
2016.09.22 04:49:31.691,0.95792,0.95817,1.00,1.00
2016.09.22 04:49:31.792,0.9579,0.95817,1.00,1.00
2016.09.22 04:49:32.147,0.95793,0.95819,1.00,1.00
2016.09.22 04:49:32.546,0.95798,0.95823,1.00,1.00
2016.09.22 04:49:32.647,0.958,0.95828,1.00,1.00
2016.09.22 04:49:32.697,0.958,0.95829,1.00,1.00
2016.09.22 04:49:33.243,0.95801,0.95828,1.00,1.00
2016.09.22 04:49:33.748,0.958,0.95827,1.00,1.00
2016.09.22 04:49:34.149,0.95803,0.95828,1.00,1.00
2016.09.22 04:49:36.771,0.95799,0.95828,1.00,1.00
2016.09.22 04:49:37.154,0.95803,0.95827,1.00,1.00
2016.09.22 04:49:37.256,0.95799,0.95826,1.00,1.00
2016.09.22 04:49:43.396,0.95801,0.95826,1.00,1.00
2016.09.22 04:49:49.170,0.95799,0.95827,1.00,1.00
2016.09.22 04:49:52.674,0.958,0.95827,1.00,1.00
2016.09.22 04:49:53.175,0.95799,0.95826,1.00,1.00
2016.09.22 04:49:56.985,0.958,0.95828,1.00,1.00
2016.09.22 04:50:07.740,0.958,0.95827,1.00,1.00
2016.09.22 04:50:08.350,0.958,0.95826,1.00,1.00
2016.09.22 04:50:24.246,0.95801,0.95828,1.00,1.00
2016.09.22 04:50:33.379,0.95801,0.95826,1.00,1.00
2016.09.22 04:50:34.059,0.95801,0.95826,1.00,1.00
2016.09.22 04:50:38.235,0.95801,0.95826,1.00,1.00
2016.09.22 04:50:38.536,0.95801,0.95826,1.00,1.00
2016.09.22 04:50:40.262,0.95801,0.95826,1.00,1.00
2016.09.22 04:50:43.243,0.95799,0.95827,1.00,1.00
2016.09.22 04:50:57.801,0.95798,0.95825,1.00,1.00
2016.09.22 04:50:58.261,0.95797,0.95822,1.00,1.00
2016.09.22 04:51:08.274,0.95798,0.95823,1.00,1.00
2016.09.22 04:51:16.185,0.95799,0.95823,1.00,1.00
2016.09.22 04:51:28.403,0.95797,0.95823,1.00,1.00
2016.09.22 04:51:38.337,0.95794,0.95821,1.00,1.00
2016.09.22 04:51:38.438,0.95793,0.95818,1.50,1.00
2016.09.22 04:51:38.489,0.95793,0.95818,1.00,1.00
2016.09.22 04:51:38.590,0.95793,0.95818,1.00,1.00
2016.09.22 04:51:38.770,0.95793,0.95817,1.00,1.00
2016.09.22 04:51:39.088,0.95793,0.95818,1.00,1.00
2016.09.22 04:51:42.914,0.95792,0.95818,1.00,1.00
2016.09.22 04:51:43.426,0.95794,0.95818,1.00,1.00
2016.09.22 04:51:44.529,0.95794,0.95819,1.00,1.00
2016.09.22 04:51:53.475,0.95793,0.95821,1.00,1.00
2016.09.22 04:52:02.533,0.95793,0.95821,1.00,1.00
2016.09.22 04:52:08.569,0.95795,0.95819,1.00,1.00
2016.09.22 04:52:13.476,0.95796,0.9582,1.00,1.00
2016.09.22 04:52:13.868,0.95798,0.95822,1.00,1.00
2016.09.22 04:52:14.030,0.95799,0.95824,1.00,1.00
2016.09.22 04:52:15.381,0.95799,0.95824,1.00,1.00
2016.09.22 04:52:19.225,0.95799,0.95824,1.00,1.00
2016.09.22 04:52:19.580,0.95797,0.95827,1.00,1.00
2016.09.22 04:52:19.630,0.95797,0.95827,1.00,1.00
2016.09.22 04:52:19.681,0.95796,0.95822,1.00,1.00
2016.09.22 04:52:20.770,0.95797,0.95827,1.00,1.00
2016.09.22 04:52:21.070,0.95797,0.95821,1.00,1.00
2016.09.22 04:52:28.479,0.95798,0.95822,1.00,1.00
2016.09.22 04:52:46.550,0.95797,0.95828,1.00,3.37
2016.09.22 04:52:46.600,0.95798,0.95824,1.00,1.00
2016.09.22 04:52:47.524,0.958,0.95826,1.00,1.00
2016.09.22 04:52:48.236,0.95802,0.95827,1.00,1.00
2016.09.22 04:52:56.413,0.95801,0.95828,1.00,1.00
2016.09.22 04:52:56.565,0.95801,0.95831,1.00,2.62
2016.09.22 04:52:56.709,0.95801,0.95832,1.00,1.87
2016.09.22 04:52:56.760,0.95801,0.9583,1.00,1.87
2016.09.22 04:52:56.861,0.95801,0.95832,1.00,2.62
2016.09.22 04:52:56.911,0.95801,0.95832,1.00,2.62
2016.09.22 04:52:56.962,0.95801,0.95831,1.00,1.87
2016.09.22 04:52:57.012,0.95801,0.95831,1.00,1.87
2016.09.22 04:52:57.063,0.95799,0.95828,1.00,1.87
2016.09.22 04:52:57.259,0.95799,0.95827,1.00,1.12
2016.09.22 04:53:08.034,0.95797,0.95827,1.00,1.12
2016.09.22 04:53:08.535,0.95798,0.95827,1.00,1.12
2016.09.22 04:53:12.653,0.95798,0.95827,1.00,1.00
2016.09.22 04:53:12.910,0.958,0.95827,1.00,1.00
2016.09.22 04:53:25.274,0.95799,0.95827,1.00,1.00
2016.09.22 04:53:25.574,0.95796,0.95827,1.00,1.12
2016.09.22 04:53:25.675,0.95796,0.95827,1.00,1.37
2016.09.22 04:53:25.773,0.95796,0.95827,1.00,1.12
2016.09.22 04:53:26.105,0.95798,0.95823,1.00,1.00
2016.09.22 04:53:32.388,0.95798,0.95822,1.00,1.00
2016.09.22 04:53:32.774,0.95796,0.95822,1.00,1.00
2016.09.22 04:53:37.593,0.95794,0.95821,1.00,1.00
2016.09.22 04:53:37.747,0.95793,0.95821,1.00,1.00
2016.09.22 04:53:37.798,0.95795,0.95822,1.00,1.00
2016.09.22 04:53:38.779,0.95796,0.95823,1.00,1.00
2016.09.22 04:53:41.683,0.95796,0.95821,1.00,1.00
2016.09.22 04:53:41.885,0.95794,0.95826,1.00,2.62
2016.09.22 04:53:41.936,0.95794,0.95826,1.00,3.37
2016.09.22 04:53:41.997,0.95794,0.95822,1.00,1.00
2016.09.22 04:53:42.571,0.95795,0.95822,1.00,1.00
2016.09.22 04:53:43.426,0.95795,0.95823,1.00,1.00
2016.09.22 04:53:43.943,0.95794,0.95822,1.00,1.00
2016.09.22 04:53:44.553,0.95796,0.95822,1.00,1.00
2016.09.22 04:53:45.035,0.95796,0.95817,1.00,1.00
2016.09.22 04:53:45.390,0.95792,0.95817,1.00,1.50
2016.09.22 04:53:46.003,0.95792,0.95817,1.00,1.00
2016.09.22 04:53:49.696,0.95789,0.95816,1.00,1.00
2016.09.22 04:53:50.833,0.95791,0.95817,1.00,1.00
2016.09.22 04:53:50.934,0.95789,0.95817,1.00,1.00
2016.09.22 04:53:51.034,0.95789,0.95818,1.00,1.12
2016.09.22 04:53:51.517,0.95789,0.95817,1.00,1.00
2016.09.22 04:53:51.827,0.95789,0.95817,1.00,1.12
2016.09.22 04:53:52.257,0.95789,0.95813,1.00,1.00
2016.09.22 04:53:57.022,0.95789,0.95817,1.00,1.12
2016.09.22 04:53:57.909,0.95789,0.95816,1.00,1.00
2016.09.22 04:53:58.241,0.95789,0.95817,1.00,1.12
2016.09.22 04:53:58.529,0.95789,0.95816,1.00,1.00
2016.09.22 04:53:59.112,0.9579,0.95817,1.00,1.12
2016.09.22 04:53:59.213,0.95789,0.95816,1.00,1.00
2016.09.22 04:54:00.126,0.95788,0.95817,1.00,1.50
2016.09.22 04:54:01.265,0.95791,0.95817,1.00,1.00
2016.09.22 04:54:08.163,0.95792,0.95817,1.00,1.50
2016.09.22 04:54:08.623,0.95793,0.95817,1.00,1.00
2016.09.22 04:54:08.796,0.95793,0.95818,1.00,1.50
2016.09.22 04:54:08.847,0.95792,0.95818,1.00,1.00
2016.09.22 04:54:13.729,0.95793,0.95818,1.00,1.00
2016.09.22 04:54:16.770,0.95793,0.95818,1.00,1.12
2016.09.22 04:54:16.915,0.95793,0.95818,1.00,1.00
2016.09.22 04:54:20.267,0.9579,0.95815,1.00,1.00
2016.09.22 04:54:21.177,0.95788,0.95815,1.00,1.00
2016.09.22 04:54:28.246,0.95789,0.95814,1.00,1.00
2016.09.22 04:54:29.247,0.9579,0.95815,1.00,1.00
2016.09.22 04:54:30.048,0.9579,0.95816,1.00,1.00
2016.09.22 04:54:35.854,0.9579,0.95815,1.00,1.00
2016.09.22 04:54:36.996,0.9579,0.95816,1.00,1.00
2016.09.22 04:54:38.868,0.9579,0.95816,1.00,1.00
2016.09.22 04:54:40.860,0.9579,0.95818,1.00,1.50
2016.09.22 04:54:43.764,0.9579,0.95817,1.00,1.00
2016.09.22 04:54:45.178,0.95791,0.95818,1.00,1.50
2016.09.22 04:54:48.512,0.95792,0.95818,1.00,1.50
2016.09.22 04:54:50.386,0.9579,0.95816,1.00,1.00
2016.09.22 04:54:51.509,0.95789,0.95816,1.00,1.00
2016.09.22 04:54:52.002,0.95789,0.95816,1.00,1.00
2016.09.22 04:54:53.829,0.95789,0.95817,1.00,1.00
2016.09.22 04:55:03.135,0.9579,0.95815,1.00,1.00
2016.09.22 04:55:04.183,0.95792,0.95815,1.87,1.00
2016.09.22 04:55:04.233,0.95798,0.95823,1.00,1.00
2016.09.22 04:55:04.382,0.95801,0.95826,1.00,1.00
2016.09.22 04:55:04.433,0.95801,0.95826,1.00,1.00
2016.09.22 04:55:04.483,0.95801,0.95826,1.00,1.00
2016.09.22 04:55:04.585,0.95801,0.95826,1.00,1.00
2016.09.22 04:55:04.887,0.95805,0.95829,1.00,1.00
2016.09.22 04:55:05.401,0.95806,0.95831,1.00,1.00
2016.09.22 04:55:05.733,0.95803,0.95829,1.00,1.00
2016.09.22 04:55:06.007,0.95804,0.95828,1.00,1.00
2016.09.22 04:55:06.601,0.95803,0.95828,1.00,1.00
2016.09.22 04:55:07.375,0.95802,0.95828,1.00,1.00
2016.09.22 04:55:08.107,0.95802,0.95827,1.00,1.00
2016.09.22 04:55:08.305,0.958,0.95827,1.00,1.00
2016.09.22 04:55:14.923,0.95801,0.95827,1.00,1.50
2016.09.22 04:55:22.800,0.95801,0.95827,1.00,1.00
2016.09.22 04:55:22.851,0.95799,0.95828,1.12,1.00
2016.09.22 04:55:22.902,0.95799,0.95828,1.00,1.00
2016.09.22 04:55:23.053,0.95799,0.95827,1.00,1.50
2016.09.22 04:55:23.828,0.958,0.95827,1.00,1.00
2016.09.22 04:55:23.929,0.95802,0.95827,1.00,1.00
2016.09.22 04:55:24.543,0.95802,0.95828,1.00,1.00
2016.09.22 04:55:25.121,0.95803,0.95828,1.00,1.00
2016.09.22 04:55:28.339,0.95803,0.95829,1.00,1.00
2016.09.22 04:55:28.841,0.95804,0.9583,1.00,1.00
2016.09.22 04:55:33.347,0.95807,0.95833,1.00,1.50
2016.09.22 04:55:33.549,0.95807,0.95833,1.00,1.00
2016.09.22 04:55:33.671,0.95804,0.95831,1.00,1.00
2016.09.22 04:55:34.356,0.95803,0.95829,1.00,1.00
2016.09.22 04:55:34.415,0.95803,0.95827,1.00,1.00
2016.09.22 04:55:34.465,0.958,0.95827,1.00,1.00
2016.09.22 04:55:35.151,0.95801,0.95827,1.00,1.00
2016.09.22 04:55:35.805,0.95801,0.95826,1.00,1.00
2016.09.22 04:55:36.018,0.95801,0.95829,1.00,1.00
2016.09.22 04:55:42.961,0.95801,0.9583,1.00,1.00
2016.09.22 04:55:43.494,0.95801,0.95829,1.00,1.00
2016.09.22 04:55:49.131,0.95801,0.95827,1.00,1.00
2016.09.22 04:55:55.791,0.95802,0.95827,1.00,1.00
2016.09.22 04:55:55.841,0.95802,0.95827,1.00,1.00
2016.09.22 04:55:56.081,0.95802,0.9583,1.00,1.00
2016.09.22 04:55:56.182,0.95802,0.95827,1.00,1.00
2016.09.22 04:55:57.231,0.95802,0.95827,1.00,1.00
2016.09.22 04:55:58.429,0.95803,0.95827,1.00,1.00
2016.09.22 04:56:02.133,0.95802,0.95827,1.00,1.00
2016.09.22 04:56:02.291,0.95801,0.95827,1.00,1.50
2016.09.22 04:56:13.429,0.95801,0.95827,1.00,1.00
2016.09.22 04:56:14.413,0.95802,0.95827,1.00,1.00
2016.09.22 04:56:17.260,0.95802,0.95828,1.00,1.00
2016.09.22 04:56:23.429,0.95802,0.95827,1.00,1.00
2016.09.22 04:56:28.923,0.95801,0.95829,1.00,1.00
2016.09.22 04:56:35.916,0.95801,0.95827,1.00,1.00
2016.09.22 04:56:51.697,0.95801,0.95829,1.00,1.00
2016.09.22 04:56:53.952,0.95802,0.9583,1.00,1.00
2016.09.22 04:56:54.772,0.95802,0.9583,1.00,1.37
2016.09.22 04:56:54.822,0.95802,0.95827,1.00,1.00
2016.09.22 04:56:58.280,0.95796,0.95824,1.50,1.87
2016.09.22 04:56:58.381,0.95799,0.9583,1.00,1.87
2016.09.22 04:56:58.478,0.95797,0.95827,1.00,1.87
2016.09.22 04:56:58.680,0.958,0.95827,1.00,1.00
2016.09.22 04:56:58.781,0.95797,0.95829,1.00,2.62
2016.09.22 04:56:58.832,0.95797,0.95829,1.00,2.62
2016.09.22 04:56:58.883,0.95796,0.95826,1.00,2.62
2016.09.22 04:56:58.933,0.95796,0.95826,1.00,2.62
2016.09.22 04:56:58.984,0.95801,0.95827,1.00,1.37
2016.09.22 04:56:59.085,0.95801,0.95827,1.00,1.00
2016.09.22 04:56:59.135,0.95801,0.95829,1.00,1.12
2016.09.22 04:56:59.287,0.95801,0.95829,1.00,1.00
2016.09.22 04:56:59.961,0.95802,0.9583,1.00,1.72
2016.09.22 04:57:00.177,0.95802,0.9583,1.00,1.12
2016.09.22 04:57:00.969,0.95802,0.9583,1.00,1.00
2016.09.22 04:57:04.888,0.95802,0.9583,1.00,2.62
2016.09.22 04:57:04.989,0.95801,0.95828,1.00,1.12
2016.09.22 04:57:07.929,0.95801,0.95828,1.00,1.12
2016.09.22 04:57:07.980,0.95798,0.9583,1.00,1.87
2016.09.22 04:57:08.031,0.95798,0.95827,1.00,1.87
2016.09.22 04:57:08.082,0.95798,0.95825,1.00,1.12
2016.09.22 04:57:08.132,0.95796,0.95825,1.00,1.12
2016.09.22 04:57:08.445,0.95796,0.95825,1.00,1.12
2016.09.22 04:57:08.495,0.95796,0.95824,1.00,1.87
2016.09.22 04:57:08.658,0.958,0.95826,1.00,1.87
2016.09.22 04:57:08.709,0.95796,0.95826,1.00,1.12
2016.09.22 04:57:08.810,0.95799,0.95827,1.00,1.87
2016.09.22 04:57:08.861,0.95799,0.95827,1.00,1.87
2016.09.22 04:57:08.962,0.95799,0.95824,1.00,1.87
2016.09.22 04:57:09.013,0.95799,0.95828,1.00,1.37
2016.09.22 04:57:09.063,0.95799,0.95828,1.00,1.37
2016.09.22 04:57:09.114,0.95799,0.9583,1.00,2.62
2016.09.22 04:57:09.165,0.95799,0.9583,1.00,2.62
2016.09.22 04:57:09.434,0.95799,0.95829,1.00,1.37
2016.09.22 04:57:09.597,0.95798,0.95829,1.00,1.87
2016.09.22 04:57:11.678,0.958,0.95827,1.00,1.00
2016.09.22 04:57:12.720,0.95799,0.95829,1.00,1.87
2016.09.22 04:57:13.231,0.95799,0.95829,1.00,1.37
2016.09.22 04:57:13.712,0.95799,0.95828,1.00,1.12
2016.09.22 04:57:14.701,0.958,0.95828,1.00,1.12
2016.09.22 04:57:15.212,0.95797,0.95826,1.00,1.00
2016.09.22 04:57:15.414,0.95797,0.95826,1.00,1.00
2016.09.22 04:57:15.690,0.95798,0.95827,1.00,1.00
2016.09.22 04:57:16.563,0.95795,0.95827,2.62,1.50
2016.09.22 04:57:16.615,0.95795,0.95824,1.00,1.00
2016.09.22 04:57:16.665,0.95795,0.95824,1.00,1.00
2016.09.22 04:57:16.716,0.95794,0.95827,1.00,1.37
2016.09.22 04:57:16.767,0.95794,0.95827,1.00,1.87
2016.09.22 04:57:16.817,0.95794,0.95822,1.00,1.00
2016.09.22 04:57:16.918,0.95794,0.95822,1.00,1.50
2016.09.22 04:57:17.019,0.95793,0.95823,1.00,1.00
2016.09.22 04:57:17.069,0.95793,0.95823,1.00,1.00
2016.09.22 04:57:17.120,0.95797,0.95829,1.00,3.37
2016.09.22 04:57:17.221,0.95797,0.95829,1.00,1.87
2016.09.22 04:57:17.271,0.95797,0.95829,1.00,1.87
2016.09.22 04:57:17.322,0.95797,0.95829,1.00,1.12
2016.09.22 04:57:17.544,0.95797,0.95829,1.00,1.12
2016.09.22 04:57:17.889,0.95797,0.95828,1.00,1.00
2016.09.22 04:57:19.423,0.95797,0.95826,1.00,1.00
2016.09.22 04:57:19.931,0.95798,0.95825,1.00,1.00
2016.09.22 04:57:23.994,0.95798,0.95827,1.00,1.00
2016.09.22 04:57:28.600,0.95799,0.95826,1.00,1.00
2016.09.22 04:57:29.601,0.958,0.95826,1.00,1.00
2016.09.22 04:57:32.670,0.958,0.95826,1.00,1.00
2016.09.22 04:57:32.720,0.95796,0.95822,1.00,1.00
2016.09.22 04:57:32.821,0.95794,0.95821,1.00,1.00
2016.09.22 04:57:32.872,0.95794,0.95821,1.00,1.00
2016.09.22 04:57:32.922,0.95796,0.95826,1.00,1.87
2016.09.22 04:57:32.973,0.95796,0.95827,1.00,1.50
2016.09.22 04:57:33.023,0.95796,0.95823,1.00,1.00
2016.09.22 04:57:33.124,0.95796,0.95823,1.00,1.12
2016.09.22 04:57:33.292,0.95796,0.95823,1.00,1.00
2016.09.22 04:57:33.342,0.95799,0.95828,1.00,1.12
2016.09.22 04:57:33.393,0.95799,0.95828,1.00,1.12
2016.09.22 04:57:33.544,0.95799,0.95831,1.00,2.62
2016.09.22 04:57:33.746,0.95799,0.95831,1.00,1.12
2016.09.22 04:57:33.847,0.95799,0.95831,1.00,2.62
2016.09.22 04:57:34.007,0.95799,0.95828,1.00,1.00
2016.09.22 04:57:38.613,0.95799,0.95826,1.00,1.00
2016.09.22 04:57:39.614,0.958,0.95827,1.00,1.00
2016.09.22 04:57:41.535,0.958,0.95827,1.00,1.12
2016.09.22 04:57:41.658,0.95799,0.95826,1.00,1.00
2016.09.22 04:57:41.860,0.95799,0.95826,1.00,1.00
2016.09.22 04:57:41.961,0.95799,0.95825,1.00,1.00
2016.09.22 04:57:43.620,0.95799,0.95826,1.00,1.00
2016.09.22 04:57:52.670,0.95799,0.95829,1.00,1.87
2016.09.22 04:57:52.781,0.95799,0.95827,1.00,1.87
2016.09.22 04:57:52.848,0.95799,0.95822,1.00,1.00
2016.09.22 04:57:56.452,0.95799,0.95827,1.00,2.62
2016.09.22 04:58:00.192,0.95799,0.95827,1.00,1.12
2016.09.22 04:58:00.293,0.95797,0.95827,1.00,1.12
2016.09.22 04:58:00.580,0.95797,0.95827,1.00,2.62
2016.09.22 04:58:03.461,0.95799,0.95827,1.00,2.62
2016.09.22 04:58:04.715,0.95799,0.95827,1.00,1.12
2016.09.22 04:58:04.816,0.95799,0.95827,1.00,1.00
2016.09.22 04:58:06.046,0.95798,0.95826,1.00,1.00
2016.09.22 04:58:07.965,0.95798,0.95826,1.00,1.00
2016.09.22 04:58:09.173,0.95798,0.95825,1.00,1.00
2016.09.22 04:58:11.379,0.95795,0.9583,1.00,2.62
2016.09.22 04:58:11.429,0.95795,0.95828,1.00,2.47
2016.09.22 04:58:11.480,0.95793,0.95819,1.12,1.00
2016.09.22 04:58:11.530,0.95793,0.95819,1.00,1.00
2016.09.22 04:58:11.833,0.95795,0.9582,1.00,1.00
2016.09.22 04:58:12.382,0.95792,0.95819,1.00,1.00
2016.09.22 04:58:23.694,0.95792,0.9582,1.00,1.00
2016.09.22 04:58:24.695,0.95794,0.95819,1.00,1.00
2016.09.22 04:58:28.015,0.95793,0.95819,1.00,1.00
2016.09.22 04:58:28.066,0.95793,0.95819,1.00,1.12
2016.09.22 04:58:28.116,0.95792,0.95821,1.00,1.87
2016.09.22 04:58:28.294,0.95792,0.95818,1.00,1.00
2016.09.22 04:58:28.743,0.95792,0.95818,1.00,1.12
2016.09.22 04:58:29.252,0.95791,0.95818,1.00,1.00
2016.09.22 04:58:31.944,0.95792,0.95818,1.00,1.00
2016.09.22 04:58:33.118,0.95791,0.95818,1.00,1.00
2016.09.22 04:58:33.450,0.95791,0.95818,1.00,1.12
2016.09.22 04:58:34.188,0.95792,0.95818,1.00,1.12
2016.09.22 04:58:34.710,0.9579,0.95818,1.00,1.12
2016.09.22 04:58:37.624,0.9579,0.95817,1.00,1.00
2016.09.22 04:58:38.529,0.95792,0.95817,1.00,1.00
2016.09.22 04:58:39.139,0.95791,0.95817,1.00,1.00
2016.09.22 04:58:39.728,0.95787,0.95811,1.00,1.00
2016.09.22 04:58:39.778,0.95784,0.95811,1.50,1.00
2016.09.22 04:58:39.829,0.95784,0.95809,1.00,1.00
2016.09.22 04:58:39.880,0.9578,0.95809,1.00,1.00
2016.09.22 04:58:40.132,0.9578,0.95807,1.00,1.00
2016.09.22 04:58:40.233,0.95782,0.95807,1.00,1.00
2016.09.22 04:58:40.561,0.95779,0.95807,1.00,1.00
2016.09.22 04:58:40.612,0.95779,0.95808,1.00,1.50
2016.09.22 04:58:40.829,0.9578,0.95808,1.00,1.00
2016.09.22 04:58:41.831,0.9578,0.95807,1.00,1.00
2016.09.22 04:58:41.932,0.9578,0.95807,1.00,1.50
2016.09.22 04:58:42.033,0.95781,0.95807,1.00,1.00
2016.09.22 04:58:42.134,0.95781,0.9581,1.00,1.37
2016.09.22 04:58:42.235,0.95782,0.95811,1.00,2.62
2016.09.22 04:58:42.297,0.95782,0.95811,1.00,2.62
2016.09.22 04:58:43.744,0.95782,0.95809,1.00,1.12
2016.09.22 04:58:47.668,0.95783,0.9581,1.00,1.37
2016.09.22 04:58:47.719,0.95783,0.9581,1.00,1.12
2016.09.22 04:58:47.987,0.95783,0.95808,1.00,1.00
2016.09.22 04:58:50.172,0.95781,0.95808,1.00,1.50
2016.09.22 04:58:50.843,0.9578,0.95807,1.00,1.00
2016.09.22 04:58:50.945,0.95783,0.9581,1.00,1.00
2016.09.22 04:58:51.085,0.95783,0.9581,1.00,1.12
2016.09.22 04:58:51.186,0.9578,0.9581,1.00,1.12
2016.09.22 04:58:51.578,0.95783,0.9581,1.00,1.12
2016.09.22 04:58:52.769,0.95779,0.95808,1.50,1.00
2016.09.22 04:58:52.820,0.95779,0.95808,1.00,1.00
2016.09.22 04:58:52.871,0.95781,0.9581,1.00,1.12
2016.09.22 04:58:53.036,0.9578,0.95807,1.00,1.00
2016.09.22 04:58:55.787,0.95781,0.95808,1.00,1.00
2016.09.22 04:58:56.396,0.95782,0.95808,1.00,1.00
2016.09.22 04:58:56.943,0.95782,0.95807,1.00,1.00
2016.09.22 04:58:57.342,0.95781,0.95811,1.00,1.87
2016.09.22 04:58:57.843,0.95781,0.95809,1.00,1.12
2016.09.22 04:58:58.758,0.95781,0.95807,1.00,1.00
2016.09.22 04:58:58.859,0.95787,0.95811,1.00,1.87
2016.09.22 04:58:58.909,0.95787,0.95811,1.00,1.87
2016.09.22 04:58:58.960,0.95788,0.95811,1.00,1.87
2016.09.22 04:58:59.010,0.95788,0.95812,1.00,1.00
2016.09.22 04:58:59.098,0.95788,0.95817,1.00,1.00
2016.09.22 04:58:59.149,0.95791,0.9582,1.00,1.87
2016.09.22 04:58:59.250,0.95791,0.95817,1.00,1.00
2016.09.22 04:58:59.351,0.95791,0.95818,1.00,1.12
2016.09.22 04:58:59.690,0.95791,0.95818,1.00,1.00
2016.09.22 04:59:01.150,0.95788,0.95814,1.00,1.00
2016.09.22 04:59:02.256,0.95787,0.95813,1.00,1.00
2016.09.22 04:59:02.766,0.95785,0.95813,1.00,1.00
2016.09.22 04:59:04.054,0.95788,0.95814,1.00,1.00
2016.09.22 04:59:08.761,0.95787,0.95813,1.00,1.00
2016.09.22 04:59:13.770,0.95788,0.95813,1.00,1.00
2016.09.22 04:59:21.581,0.95787,0.95813,1.00,1.00
2016.09.22 04:59:22.482,0.95786,0.95812,1.00,1.00
2016.09.22 04:59:22.583,0.95786,0.95812,1.00,1.00
2016.09.22 04:59:23.445,0.95786,0.95813,1.00,1.50
2016.09.22 04:59:25.245,0.95786,0.95812,1.00,1.00
2016.09.22 04:59:27.555,0.95786,0.95813,1.00,1.50
2016.09.22 04:59:28.596,0.95786,0.95811,1.00,1.00
2016.09.22 04:59:29.297,0.95786,0.95812,1.00,1.00
2016.09.22 04:59:32.808,0.95785,0.95811,1.00,1.00
2016.09.22 04:59:33.325,0.95785,0.95811,1.00,1.00
2016.09.22 04:59:39.318,0.95787,0.95812,1.00,1.50
2016.09.22 04:59:43.804,0.95787,0.95812,1.00,1.00
2016.09.22 04:59:44.060,0.95785,0.95812,1.00,1.00
2016.09.22 04:59:47.973,0.95785,0.95812,1.00,1.00
2016.09.22 04:59:48.173,0.95785,0.95812,1.00,1.50
2016.09.22 04:59:49.458,0.95786,0.95812,1.00,1.00
2016.09.22 04:59:49.509,0.95786,0.95816,1.00,1.12
2016.09.22 04:59:49.560,0.95785,0.95816,1.00,1.87
2016.09.22 04:59:49.610,0.95785,0.95815,1.00,1.87
2016.09.22 04:59:50.413,0.95785,0.95815,1.00,1.87
2016.09.22 04:59:50.463,0.95783,0.95815,1.00,1.87
2016.09.22 04:59:50.514,0.95783,0.95814,1.00,1.87
2016.09.22 04:59:51.019,0.95783,0.95816,1.00,2.62
2016.09.22 04:59:53.926,0.95783,0.95816,1.00,1.37
2016.09.22 04:59:53.976,0.9578,0.95807,3.37,1.00
2016.09.22 04:59:54.027,0.9578,0.95807,3.37,1.00
2016.09.22 04:59:54.077,0.95783,0.95812,1.00,1.00
2016.09.22 04:59:54.227,0.95785,0.9581,1.00,1.00
2016.09.22 04:59:54.991,0.95785,0.95812,1.00,1.00
2016.09.22 04:59:55.744,0.95784,0.95809,1.00,1.00
2016.09.22 04:59:56.689,0.95781,0.95806,1.00,1.00
2016.09.22 04:59:57.589,0.95782,0.95809,1.00,1.00
2016.09.22 04:59:57.891,0.95783,0.95807,1.00,1.00
2016.09.22 04:59:59.050,0.95784,0.95807,1.00,1.00
2016.09.22 04:59:59.954,0.95782,0.95807,1.00,1.00
