2017.03.21 20:00:00.026,0.93993,0.94018,1.00,1.00
2017.03.21 20:00:00.479,0.93995,0.9402,1.00,1.00
2017.03.21 20:00:02.241,0.93993,0.94018,1.00,1.00
2017.03.21 20:00:03.144,0.93994,0.9402,1.00,1.00
2017.03.21 20:00:04.316,0.93993,0.94018,1.00,1.00
2017.03.21 20:00:05.385,0.93988,0.94013,1.00,1.00
2017.03.21 20:00:05.893,0.93989,0.94014,1.00,1.00
2017.03.21 20:00:06.498,0.93989,0.94016,1.00,1.00
2017.03.21 20:00:07.001,0.9399,0.94015,1.00,1.00
2017.03.21 20:00:07.595,0.93988,0.94015,1.00,1.00
2017.03.21 20:00:08.495,0.93987,0.94014,1.50,1.00
2017.03.21 20:00:08.545,0.93992,0.94018,1.00,1.00
2017.03.21 20:00:09.519,0.93993,0.94018,1.00,1.00
2017.03.21 20:00:10.064,0.93994,0.94019,1.00,1.00
2017.03.21 20:00:12.336,0.93992,0.94014,1.00,1.00
2017.03.21 20:00:12.436,0.93989,0.94014,1.00,1.00
2017.03.21 20:00:12.488,0.93986,0.94014,1.50,1.00
2017.03.21 20:00:13.364,0.93988,0.94013,1.00,1.00
2017.03.21 20:00:13.478,0.93988,0.94015,1.00,1.00
2017.03.21 20:00:14.493,0.93988,0.94016,1.00,1.00
2017.03.21 20:00:15.465,0.93988,0.94013,1.00,1.00
2017.03.21 20:00:15.565,0.93987,0.94015,1.00,1.00
2017.03.21 20:00:15.616,0.93986,0.94013,1.00,1.00
2017.03.21 20:00:16.289,0.93987,0.94012,1.00,1.00
2017.03.21 20:00:17.852,0.93986,0.94011,1.00,1.00
2017.03.21 20:00:18.091,0.93986,0.94013,1.00,1.00
2017.03.21 20:00:18.142,0.93988,0.94014,1.00,1.00
2017.03.21 20:00:18.494,0.9399,0.94015,1.00,1.00
2017.03.21 20:00:19.112,0.9399,0.94017,1.00,1.00
2017.03.21 20:00:19.565,0.93992,0.94017,1.00,1.00
2017.03.21 20:00:20.547,0.93991,0.94017,1.00,1.00
2017.03.21 20:00:20.963,0.93987,0.94012,1.00,1.00
2017.03.21 20:00:21.645,0.93986,0.94011,1.00,1.00
2017.03.21 20:00:22.812,0.93983,0.94012,1.00,1.00
2017.03.21 20:00:22.914,0.93982,0.94007,1.50,1.00
2017.03.21 20:00:23.251,0.93986,0.94011,1.00,1.00
2017.03.21 20:00:23.302,0.93983,0.9401,1.00,1.00
2017.03.21 20:00:23.352,0.93982,0.94006,1.00,1.00
2017.03.21 20:00:23.554,0.93978,0.94005,1.00,1.00
2017.03.21 20:00:23.604,0.93976,0.94003,1.50,1.00
2017.03.21 20:00:23.909,0.93982,0.94009,1.00,1.00
2017.03.21 20:00:24.475,0.93983,0.9401,1.00,1.00
2017.03.21 20:00:24.525,0.93982,0.94013,1.00,1.00
2017.03.21 20:00:25.010,0.93982,0.9401,1.00,1.00
2017.03.21 20:00:25.258,0.93989,0.94023,1.00,1.50
2017.03.21 20:00:25.359,0.93992,0.94023,1.00,1.00
2017.03.21 20:00:25.479,0.93992,0.94025,1.00,1.00
2017.03.21 20:00:25.630,0.93995,0.94026,1.00,1.00
2017.03.21 20:00:25.967,0.93994,0.94024,1.50,1.00
2017.03.21 20:00:26.298,0.93996,0.94026,1.00,1.00
2017.03.21 20:00:27.191,0.93996,0.94025,1.00,1.00
2017.03.21 20:00:28.963,0.93996,0.94023,1.00,1.00
2017.03.21 20:00:31.729,0.93998,0.94023,1.00,1.00
2017.03.21 20:00:32.290,0.93996,0.94021,1.00,1.00
2017.03.21 20:00:32.400,0.93997,0.94024,1.00,1.00
2017.03.21 20:00:33.350,0.93999,0.94024,1.00,1.00
2017.03.21 20:00:33.925,0.93997,0.94022,1.00,1.00
2017.03.21 20:00:34.227,0.93993,0.94018,1.00,1.00
2017.03.21 20:00:35.041,0.93994,0.94019,1.00,1.00
2017.03.21 20:00:35.591,0.93996,0.94021,1.00,1.00
2017.03.21 20:00:35.897,0.93998,0.94023,1.00,1.00
2017.03.21 20:00:36.117,0.94,0.94027,1.00,1.00
2017.03.21 20:00:36.687,0.94001,0.94025,1.00,1.00
2017.03.21 20:00:37.000,0.94003,0.94027,1.00,1.00
2017.03.21 20:00:46.167,0.94001,0.94027,1.00,1.00
2017.03.21 20:00:47.187,0.94002,0.94026,1.00,1.00
2017.03.21 20:00:47.914,0.94002,0.94027,1.00,1.00
2017.03.21 20:00:49.579,0.94002,0.94026,1.00,1.00
2017.03.21 20:00:50.582,0.94003,0.94026,1.00,1.00
2017.03.21 20:00:52.143,0.94003,0.94027,1.00,1.00
2017.03.21 20:00:52.294,0.94,0.94023,1.00,1.00
2017.03.21 20:00:52.345,0.93996,0.9402,1.00,1.00
2017.03.21 20:00:52.445,0.93994,0.9402,1.00,1.00
2017.03.21 20:00:53.090,0.93996,0.94022,1.00,1.00
2017.03.21 20:00:55.016,0.93997,0.94022,1.00,1.00
2017.03.21 20:00:55.746,0.93999,0.94023,1.00,1.00
2017.03.21 20:00:56.621,0.93998,0.94021,1.00,1.00
2017.03.21 20:00:57.729,0.93998,0.94022,1.00,1.00
2017.03.21 20:00:58.741,0.93997,0.94021,1.00,1.00
2017.03.21 20:00:59.400,0.93998,0.94023,1.00,1.00
2017.03.21 20:00:59.501,0.94004,0.94028,1.00,1.00
2017.03.21 20:00:59.853,0.94006,0.9403,1.00,1.00
2017.03.21 20:01:00.423,0.94007,0.94031,1.00,1.00
2017.03.21 20:01:00.538,0.94009,0.94035,1.00,1.00
2017.03.21 20:01:00.588,0.94008,0.94032,1.00,1.00
2017.03.21 20:01:01.220,0.9401,0.94034,1.00,1.00
2017.03.21 20:01:03.212,0.94008,0.94033,1.00,1.00
2017.03.21 20:01:05.491,0.94009,0.94033,1.00,1.00
2017.03.21 20:01:05.946,0.94012,0.94036,1.00,1.00
2017.03.21 20:01:06.047,0.94007,0.94034,1.00,1.00
2017.03.21 20:01:06.097,0.94004,0.94027,1.00,1.00
2017.03.21 20:01:06.399,0.94008,0.94031,1.00,1.00
2017.03.21 20:01:07.208,0.94008,0.94032,1.00,1.00
2017.03.21 20:01:08.234,0.94007,0.94032,1.00,1.00
2017.03.21 20:01:11.635,0.94007,0.94031,1.00,1.00
2017.03.21 20:01:13.058,0.94007,0.94033,1.00,1.00
2017.03.21 20:01:13.184,0.94009,0.94035,1.00,1.00
2017.03.21 20:01:13.641,0.94009,0.94033,1.00,1.00
2017.03.21 20:01:13.742,0.94006,0.94032,1.00,1.00
2017.03.21 20:01:14.553,0.94011,0.94036,1.00,1.00
2017.03.21 20:01:14.893,0.94009,0.94034,1.00,1.00
2017.03.21 20:01:15.329,0.94012,0.94037,1.00,1.00
2017.03.21 20:01:15.856,0.94012,0.94035,1.00,1.00
2017.03.21 20:01:15.906,0.94008,0.94035,1.00,1.50
2017.03.21 20:01:16.057,0.94011,0.94036,1.00,1.00
2017.03.21 20:01:16.108,0.94011,0.94038,1.00,1.00
2017.03.21 20:01:17.961,0.94012,0.94039,1.00,1.00
2017.03.21 20:01:18.502,0.94014,0.94037,1.00,1.00
2017.03.21 20:01:22.311,0.94011,0.94035,1.00,1.00
2017.03.21 20:01:22.462,0.94011,0.94038,1.00,1.50
2017.03.21 20:01:22.512,0.9401,0.94035,1.00,1.00
2017.03.21 20:01:22.823,0.94012,0.94037,1.00,1.00
2017.03.21 20:01:23.528,0.94011,0.94036,1.00,1.00
2017.03.21 20:01:24.077,0.94012,0.94037,1.00,1.00
2017.03.21 20:01:24.695,0.94012,0.94039,1.00,1.00
2017.03.21 20:01:27.733,0.94014,0.94038,1.00,1.00
2017.03.21 20:01:33.776,0.94012,0.94036,1.00,1.00
2017.03.21 20:01:34.105,0.94009,0.94033,1.00,1.00
2017.03.21 20:01:34.314,0.94011,0.94037,1.00,1.50
2017.03.21 20:01:34.839,0.94014,0.94038,1.00,1.00
2017.03.21 20:01:38.007,0.94013,0.94037,1.00,1.00
2017.03.21 20:01:40.473,0.94014,0.94038,1.00,1.00
2017.03.21 20:01:41.018,0.94012,0.94038,1.00,1.00
2017.03.21 20:01:43.122,0.94013,0.94039,1.00,1.00
2017.03.21 20:01:43.660,0.94011,0.94039,1.00,1.00
2017.03.21 20:01:43.761,0.94012,0.94036,1.00,1.00
2017.03.21 20:01:44.277,0.94013,0.94037,1.00,1.00
2017.03.21 20:01:44.328,0.94015,0.94041,1.00,1.00
2017.03.21 20:01:44.637,0.94015,0.94038,1.00,1.00
2017.03.21 20:01:44.687,0.94013,0.94037,1.00,1.00
2017.03.21 20:01:44.738,0.94012,0.94035,1.50,1.00
2017.03.21 20:01:45.711,0.94012,0.94036,1.00,1.00
2017.03.21 20:01:47.061,0.94013,0.94039,1.00,1.00
2017.03.21 20:01:59.576,0.94012,0.94037,1.00,1.00
2017.03.21 20:02:03.293,0.94012,0.94035,1.00,1.00
2017.03.21 20:02:04.230,0.94009,0.94034,1.00,1.00
2017.03.21 20:02:04.779,0.9401,0.94035,1.00,1.00
2017.03.21 20:02:05.231,0.9401,0.94033,1.00,1.00
2017.03.21 20:02:05.281,0.9401,0.94036,1.00,1.00
2017.03.21 20:02:06.273,0.94011,0.94034,1.00,1.00
2017.03.21 20:02:06.422,0.94017,0.94042,1.00,1.00
2017.03.21 20:02:06.473,0.94019,0.94043,1.00,1.00
2017.03.21 20:02:07.284,0.94018,0.94042,1.00,1.00
2017.03.21 20:02:07.789,0.94019,0.94045,1.00,1.00
2017.03.21 20:02:07.839,0.94015,0.94039,1.50,1.00
2017.03.21 20:02:07.940,0.94011,0.94036,1.00,1.00
2017.03.21 20:02:08.105,0.9401,0.94034,1.00,1.00
2017.03.21 20:02:08.842,0.94011,0.94036,1.00,1.00
2017.03.21 20:02:09.706,0.94012,0.94038,1.00,1.00
2017.03.21 20:02:09.813,0.94014,0.9404,1.00,1.00
2017.03.21 20:02:10.317,0.94015,0.94039,1.00,1.00
2017.03.21 20:02:11.045,0.94016,0.94039,1.00,1.00
2017.03.21 20:02:12.083,0.94016,0.94042,1.00,1.00
2017.03.21 20:02:12.611,0.94014,0.94039,1.00,1.00
2017.03.21 20:02:13.147,0.94013,0.94038,1.00,1.00
2017.03.21 20:02:13.890,0.94013,0.94039,1.00,1.00
2017.03.21 20:02:18.057,0.94013,0.94038,1.00,1.00
2017.03.21 20:02:18.401,0.94016,0.94039,1.00,1.00
2017.03.21 20:02:19.163,0.94015,0.94038,1.00,1.00
2017.03.21 20:02:20.166,0.94015,0.94039,1.00,1.00
2017.03.21 20:02:24.258,0.94017,0.94042,1.00,1.00
2017.03.21 20:02:24.847,0.94018,0.94042,1.00,1.00
2017.03.21 20:02:29.431,0.94016,0.9404,1.00,1.00
2017.03.21 20:02:30.446,0.94015,0.94039,1.00,1.00
2017.03.21 20:02:30.732,0.94019,0.94044,1.00,1.00
2017.03.21 20:02:30.783,0.94017,0.94042,1.00,1.00
2017.03.21 20:02:31.968,0.94017,0.9404,1.00,1.00
2017.03.21 20:02:32.223,0.94014,0.94038,1.00,1.00
2017.03.21 20:02:32.274,0.94013,0.94036,1.00,1.00
2017.03.21 20:02:32.677,0.94023,0.94042,1.00,1.00
2017.03.21 20:02:32.728,0.94019,0.94044,1.00,1.00
2017.03.21 20:02:32.828,0.94016,0.94042,1.00,1.00
2017.03.21 20:02:32.979,0.94013,0.94039,1.00,1.00
2017.03.21 20:02:35.126,0.94017,0.94042,1.00,1.00
2017.03.21 20:02:35.494,0.94016,0.94039,1.00,1.00
2017.03.21 20:02:36.082,0.94014,0.94039,1.00,1.00
2017.03.21 20:02:36.849,0.94016,0.94042,1.00,1.00
2017.03.21 20:02:36.950,0.9401,0.94033,1.00,1.00
2017.03.21 20:02:37.001,0.94009,0.94035,1.00,1.00
2017.03.21 20:02:37.052,0.94009,0.94028,1.00,1.00
2017.03.21 20:02:37.297,0.93995,0.94024,1.00,1.50
2017.03.21 20:02:37.398,0.93995,0.94021,1.00,1.00
2017.03.21 20:02:37.599,0.93995,0.94024,1.00,1.00
2017.03.21 20:02:37.913,0.93998,0.94027,1.00,1.00
2017.03.21 20:02:39.418,0.94002,0.94029,1.00,1.50
2017.03.21 20:02:39.518,0.93999,0.94028,1.00,1.00
2017.03.21 20:02:39.669,0.94,0.94024,1.00,1.00
2017.03.21 20:02:40.080,0.93996,0.94021,1.00,1.00
2017.03.21 20:02:40.131,0.93994,0.94019,1.00,1.00
2017.03.21 20:02:43.511,0.93993,0.94019,1.00,1.00
2017.03.21 20:02:44.017,0.93993,0.94018,1.00,1.00
2017.03.21 20:02:44.565,0.93994,0.94018,1.00,1.00
2017.03.21 20:02:47.167,0.93997,0.94023,1.00,1.50
2017.03.21 20:02:47.218,0.94002,0.94023,1.00,1.00
2017.03.21 20:02:47.319,0.94002,0.94026,1.00,1.00
2017.03.21 20:02:47.419,0.94004,0.94028,1.00,1.00
2017.03.21 20:02:48.216,0.94005,0.94029,1.00,1.00
2017.03.21 20:02:48.367,0.94001,0.94028,1.00,1.00
2017.03.21 20:02:48.418,0.94003,0.9403,1.00,1.50
2017.03.21 20:02:48.929,0.94004,0.94031,1.00,1.00
2017.03.21 20:02:49.480,0.94007,0.94031,1.00,1.00
2017.03.21 20:02:49.826,0.94006,0.94033,1.00,1.50
2017.03.21 20:02:49.911,0.94007,0.9403,1.00,1.00
2017.03.21 20:02:50.440,0.94006,0.94031,1.00,1.00
2017.03.21 20:02:50.607,0.94004,0.94031,1.00,1.00
2017.03.21 20:02:50.708,0.94003,0.94028,1.00,1.00
2017.03.21 20:02:51.108,0.94012,0.94035,1.00,1.00
2017.03.21 20:02:51.159,0.94005,0.94033,1.00,1.00
2017.03.21 20:02:51.740,0.94005,0.9403,1.00,1.00
2017.03.21 20:02:55.260,0.94003,0.94028,1.00,1.00
2017.03.21 20:03:01.041,0.94001,0.94028,1.00,1.00
2017.03.21 20:03:01.091,0.94002,0.94026,1.00,1.00
2017.03.21 20:03:01.908,0.94003,0.94027,1.00,1.00
2017.03.21 20:03:02.008,0.94003,0.94029,1.00,1.00
2017.03.21 20:03:04.348,0.94004,0.94029,1.00,1.00
2017.03.21 20:03:06.764,0.94004,0.94028,1.00,1.00
2017.03.21 20:03:06.815,0.94002,0.94028,1.00,1.00
2017.03.21 20:03:07.506,0.94001,0.94027,1.00,1.00
2017.03.21 20:03:11.257,0.94,0.94026,1.00,1.00
2017.03.21 20:03:11.810,0.93999,0.94025,1.00,1.00
2017.03.21 20:03:12.312,0.93997,0.94023,1.50,1.00
2017.03.21 20:03:12.627,0.93996,0.9402,1.00,1.00
2017.03.21 20:03:13.674,0.93998,0.94022,1.00,1.00
2017.03.21 20:03:15.961,0.94006,0.94026,1.00,1.00
2017.03.21 20:03:16.062,0.94002,0.94028,1.00,1.50
2017.03.21 20:03:16.476,0.94006,0.94028,1.00,1.00
2017.03.21 20:03:17.307,0.94006,0.94029,1.00,1.00
2017.03.21 20:03:17.924,0.94006,0.94032,1.00,1.00
2017.03.21 20:03:18.025,0.94008,0.94032,1.00,1.00
2017.03.21 20:03:18.405,0.94011,0.94035,1.00,1.00
2017.03.21 20:03:18.733,0.94012,0.94038,1.00,1.00
2017.03.21 20:03:19.127,0.9401,0.94034,1.00,1.00
2017.03.21 20:03:21.205,0.94009,0.94033,1.00,1.00
2017.03.21 20:03:23.098,0.94017,0.94038,1.00,1.00
2017.03.21 20:03:23.262,0.94017,0.94042,1.00,1.00
2017.03.21 20:03:23.312,0.94017,0.9404,1.00,1.00
2017.03.21 20:03:23.481,0.94014,0.94038,1.00,1.00
2017.03.21 20:03:24.120,0.94013,0.94037,1.00,1.00
2017.03.21 20:03:24.226,0.94015,0.94038,1.00,1.00
2017.03.21 20:03:25.122,0.94014,0.94038,1.00,1.00
2017.03.21 20:03:25.223,0.94014,0.9404,1.00,1.00
2017.03.21 20:03:26.124,0.94014,0.94038,1.00,1.00
2017.03.21 20:03:34.408,0.94014,0.94039,1.00,1.00
2017.03.21 20:03:35.168,0.94017,0.9404,1.00,1.00
2017.03.21 20:03:35.420,0.94014,0.94038,1.00,1.00
2017.03.21 20:03:35.944,0.94014,0.9404,1.00,1.00
2017.03.21 20:03:36.737,0.94015,0.94039,1.00,1.00
2017.03.21 20:03:38.102,0.94016,0.9404,1.00,1.00
2017.03.21 20:03:47.550,0.94016,0.94041,1.00,1.00
2017.03.21 20:03:49.438,0.94016,0.9404,1.00,1.00
2017.03.21 20:03:50.320,0.94017,0.94041,1.00,1.00
2017.03.21 20:03:50.544,0.94015,0.9404,1.00,1.00
2017.03.21 20:03:54.301,0.94017,0.94041,1.00,1.00
2017.03.21 20:03:58.280,0.94018,0.94041,1.00,1.00
2017.03.21 20:03:58.330,0.94017,0.94043,1.00,1.00
2017.03.21 20:03:59.114,0.94018,0.94043,1.00,1.00
2017.03.21 20:03:59.481,0.94016,0.94042,1.00,1.00
2017.03.21 20:03:59.532,0.94016,0.94039,1.00,1.00
2017.03.21 20:03:59.633,0.94017,0.94041,1.00,1.00
2017.03.21 20:04:00.332,0.94019,0.94043,1.00,1.00
2017.03.21 20:04:00.499,0.94017,0.94043,1.00,1.00
2017.03.21 20:04:02.249,0.9402,0.94044,1.00,1.00
2017.03.21 20:04:02.841,0.94018,0.94042,1.00,1.00
2017.03.21 20:04:03.420,0.94021,0.94045,1.00,1.00
2017.03.21 20:04:03.520,0.94019,0.94044,1.00,1.00
2017.03.21 20:04:03.866,0.94021,0.94044,1.00,1.00
2017.03.21 20:04:04.017,0.94021,0.94047,1.00,1.00
2017.03.21 20:04:04.118,0.94019,0.94043,1.00,1.00
2017.03.21 20:04:04.332,0.94017,0.94044,1.00,1.00
2017.03.21 20:04:04.382,0.94022,0.94046,1.00,1.00
2017.03.21 20:04:04.433,0.94023,0.94048,1.00,1.50
2017.03.21 20:04:04.723,0.94025,0.9405,1.00,1.00
2017.03.21 20:04:05.621,0.94025,0.94051,1.00,1.50
2017.03.21 20:04:06.623,0.94025,0.94049,1.00,1.00
2017.03.21 20:04:10.667,0.94024,0.94051,1.00,1.00
2017.03.21 20:04:18.543,0.94026,0.94051,1.00,1.00
2017.03.21 20:04:19.149,0.94025,0.94051,1.00,1.00
2017.03.21 20:04:19.741,0.94026,0.94051,1.00,1.00
2017.03.21 20:04:20.042,0.94025,0.94049,1.00,1.00
2017.03.21 20:04:20.781,0.94024,0.94049,1.00,1.00
2017.03.21 20:04:24.766,0.94024,0.94048,1.00,1.00
2017.03.21 20:04:25.014,0.94025,0.94051,1.00,1.00
2017.03.21 20:04:25.218,0.94028,0.94051,1.00,1.00
2017.03.21 20:04:25.819,0.94027,0.94051,1.00,1.00
2017.03.21 20:04:26.564,0.94026,0.9405,1.00,1.00
2017.03.21 20:04:26.615,0.94023,0.94048,1.00,1.00
2017.03.21 20:04:27.142,0.94023,0.94047,1.00,1.00
2017.03.21 20:04:31.926,0.94021,0.94045,1.00,1.00
2017.03.21 20:04:34.002,0.94021,0.94044,1.00,1.00
2017.03.21 20:04:34.111,0.94022,0.94046,1.00,1.00
2017.03.21 20:04:34.334,0.94022,0.94048,1.00,1.00
2017.03.21 20:04:35.292,0.94024,0.94047,1.00,1.00
2017.03.21 20:04:36.327,0.94023,0.94049,1.00,1.00
2017.03.21 20:04:37.523,0.94023,0.94047,1.00,1.00
2017.03.21 20:04:38.041,0.94022,0.94047,1.00,1.00
2017.03.21 20:04:39.030,0.94021,0.94047,1.00,1.00
2017.03.21 20:04:50.087,0.94019,0.94045,1.00,1.00
2017.03.21 20:04:50.994,0.9402,0.94046,1.00,1.00
2017.03.21 20:04:55.888,0.94022,0.94046,1.00,1.00
2017.03.21 20:04:57.092,0.94021,0.94046,1.00,1.00
2017.03.21 20:05:03.704,0.94021,0.94048,1.00,1.00
2017.03.21 20:05:03.758,0.94023,0.94048,1.00,1.00
2017.03.21 20:05:04.758,0.94024,0.94048,1.00,1.00
2017.03.21 20:05:06.153,0.94023,0.94047,1.00,1.00
2017.03.21 20:05:13.067,0.94021,0.94047,1.00,1.00
2017.03.21 20:05:17.299,0.94022,0.94047,1.00,1.00
2017.03.21 20:05:17.667,0.94024,0.94049,1.00,1.00
2017.03.21 20:05:19.421,0.94022,0.94048,1.00,1.00
2017.03.21 20:05:20.505,0.94023,0.94048,1.00,1.00
2017.03.21 20:05:22.160,0.94024,0.94048,1.00,1.00
2017.03.21 20:05:22.319,0.94024,0.9405,1.00,1.00
2017.03.21 20:05:26.261,0.94017,0.9405,1.00,1.00
2017.03.21 20:05:26.311,0.94014,0.94039,1.00,1.00
2017.03.21 20:05:26.793,0.94016,0.9404,1.00,1.00
2017.03.21 20:05:27.191,0.9402,0.94044,1.00,1.00
2017.03.21 20:05:27.342,0.94021,0.94046,1.00,1.00
2017.03.21 20:05:28.343,0.94021,0.94048,1.00,1.00
2017.03.21 20:05:31.813,0.9402,0.94046,1.00,1.00
2017.03.21 20:05:31.864,0.94018,0.94045,1.00,1.00
2017.03.21 20:05:32.065,0.9402,0.94045,1.00,1.00
2017.03.21 20:05:32.712,0.94019,0.94044,1.00,1.00
2017.03.21 20:05:33.230,0.9402,0.94045,1.00,1.00
2017.03.21 20:05:34.175,0.94018,0.94045,1.00,1.00
2017.03.21 20:05:35.530,0.94017,0.94044,1.00,1.00
2017.03.21 20:05:35.944,0.94019,0.94042,1.00,1.00
2017.03.21 20:05:36.946,0.94019,0.94043,1.00,1.00
2017.03.21 20:05:42.972,0.9402,0.94043,1.00,1.00
2017.03.21 20:05:45.087,0.9402,0.94045,1.00,1.00
2017.03.21 20:05:46.811,0.94016,0.94045,1.00,1.00
2017.03.21 20:05:46.911,0.94015,0.94039,1.00,1.00
2017.03.21 20:05:48.169,0.94017,0.9404,1.00,1.00
2017.03.21 20:05:49.677,0.94015,0.94041,1.00,1.00
2017.03.21 20:05:54.011,0.94013,0.94036,1.00,1.00
2017.03.21 20:05:54.985,0.94012,0.94036,1.00,1.00
2017.03.21 20:06:01.866,0.94011,0.94034,1.00,1.00
2017.03.21 20:06:02.280,0.94012,0.94039,1.00,2.25
2017.03.21 20:06:02.331,0.94016,0.94039,1.00,1.00
2017.03.21 20:06:02.432,0.94019,0.94043,1.00,1.00
2017.03.21 20:06:02.482,0.94022,0.94046,1.00,1.50
2017.03.21 20:06:02.885,0.94019,0.94045,1.00,1.00
2017.03.21 20:06:02.986,0.94018,0.94043,1.00,1.00
2017.03.21 20:06:03.389,0.94018,0.94045,1.00,1.00
2017.03.21 20:06:04.039,0.94019,0.94044,1.00,1.00
2017.03.21 20:06:04.434,0.94019,0.94046,1.00,1.00
2017.03.21 20:06:05.007,0.94021,0.94046,1.00,1.00
2017.03.21 20:06:08.768,0.94023,0.94046,1.00,1.00
2017.03.21 20:06:09.077,0.94021,0.94047,1.00,1.00
2017.03.21 20:06:09.342,0.94023,0.94046,1.00,1.00
2017.03.21 20:06:11.906,0.94021,0.94047,1.00,1.50
2017.03.21 20:06:12.013,0.94021,0.94045,1.00,1.00
2017.03.21 20:06:13.492,0.94021,0.94047,1.00,1.50
2017.03.21 20:06:13.995,0.94025,0.9405,1.00,1.00
2017.03.21 20:06:14.903,0.94027,0.94052,1.00,1.00
2017.03.21 20:06:16.482,0.94026,0.94052,1.00,1.00
2017.03.21 20:06:17.143,0.94028,0.94052,1.00,1.00
2017.03.21 20:06:17.308,0.9403,0.94057,1.00,1.00
2017.03.21 20:06:17.408,0.94029,0.94054,1.00,1.00
2017.03.21 20:06:18.099,0.94028,0.94053,1.00,1.00
2017.03.21 20:06:18.889,0.94028,0.94054,1.00,1.00
2017.03.21 20:06:19.738,0.94029,0.94054,1.00,1.00
2017.03.21 20:06:19.789,0.94026,0.94053,1.00,1.00
2017.03.21 20:06:19.937,0.94023,0.94048,1.00,1.00
2017.03.21 20:06:19.988,0.94019,0.94046,1.00,1.00
2017.03.21 20:06:24.090,0.94021,0.94046,1.00,1.00
2017.03.21 20:06:29.144,0.94021,0.94048,1.00,1.00
2017.03.21 20:06:29.745,0.9402,0.94048,1.00,1.00
2017.03.21 20:06:29.897,0.94024,0.94048,1.00,1.00
2017.03.21 20:06:30.048,0.9402,0.94047,1.00,1.00
2017.03.21 20:06:30.590,0.9402,0.94046,1.00,1.00
2017.03.21 20:06:31.217,0.94021,0.94047,1.00,1.00
2017.03.21 20:06:32.813,0.94022,0.94047,1.00,1.00
2017.03.21 20:06:35.269,0.94022,0.94049,1.00,1.00
2017.03.21 20:06:41.427,0.94025,0.94049,1.00,1.00
2017.03.21 20:06:42.133,0.94025,0.9405,1.00,1.00
2017.03.21 20:06:44.413,0.94026,0.94051,1.00,1.00
2017.03.21 20:06:44.513,0.94024,0.94051,1.00,1.00
2017.03.21 20:06:44.614,0.94026,0.94052,1.00,1.00
2017.03.21 20:06:45.610,0.94025,0.94052,1.00,1.00
2017.03.21 20:06:45.931,0.94028,0.94052,1.00,1.00
2017.03.21 20:06:46.248,0.94025,0.94051,1.00,1.00
2017.03.21 20:06:49.493,0.94026,0.94051,1.00,1.00
2017.03.21 20:06:50.680,0.94027,0.94051,1.00,1.00
2017.03.21 20:06:57.045,0.94026,0.9405,1.00,1.00
2017.03.21 20:07:03.211,0.9403,0.94054,1.00,1.00
2017.03.21 20:07:03.542,0.94034,0.94058,1.00,1.00
2017.03.21 20:07:04.213,0.94033,0.94058,1.00,1.00
2017.03.21 20:07:04.539,0.94032,0.94056,1.00,1.00
2017.03.21 20:07:05.224,0.94032,0.94055,1.00,1.00
2017.03.21 20:07:05.886,0.94032,0.94056,1.00,1.00
2017.03.21 20:07:06.171,0.94029,0.94054,1.00,1.00
2017.03.21 20:07:15.716,0.94028,0.94054,1.00,1.00
2017.03.21 20:07:17.014,0.94027,0.94053,1.00,1.00
2017.03.21 20:07:17.561,0.94027,0.94052,1.00,1.00
2017.03.21 20:07:18.064,0.94026,0.94052,1.00,1.00
2017.03.21 20:07:19.961,0.94028,0.94051,1.00,1.00
2017.03.21 20:07:20.598,0.94027,0.9405,1.00,1.00
2017.03.21 20:07:21.255,0.94026,0.94049,1.00,1.00
2017.03.21 20:07:22.913,0.94026,0.94048,1.00,1.00
2017.03.21 20:07:33.741,0.94024,0.94048,1.00,1.00
2017.03.21 20:07:33.953,0.94021,0.94048,1.00,1.50
2017.03.21 20:07:34.750,0.94022,0.94046,1.00,1.00
2017.03.21 20:07:35.342,0.94024,0.94048,1.00,1.50
2017.03.21 20:07:36.270,0.94025,0.94049,1.00,1.00
2017.03.21 20:07:45.186,0.94023,0.94049,1.00,1.00
2017.03.21 20:07:48.547,0.94023,0.94046,1.00,1.00
2017.03.21 20:07:48.855,0.94025,0.94048,1.00,1.00
2017.03.21 20:07:49.211,0.94028,0.94052,1.00,1.00
2017.03.21 20:07:49.261,0.94032,0.94052,1.00,1.00
2017.03.21 20:07:49.312,0.94032,0.94057,1.00,1.00
2017.03.21 20:07:50.259,0.94034,0.94058,1.00,1.00
2017.03.21 20:07:51.300,0.94033,0.94057,1.00,1.00
2017.03.21 20:07:54.245,0.94028,0.94054,1.00,1.00
2017.03.21 20:07:55.235,0.9403,0.94054,1.00,1.00
2017.03.21 20:07:56.767,0.94031,0.94055,1.00,1.00
2017.03.21 20:07:56.969,0.94028,0.94055,1.00,1.00
2017.03.21 20:08:00.581,0.94031,0.94055,1.00,1.00
2017.03.21 20:08:01.002,0.94028,0.94054,1.00,1.00
2017.03.21 20:08:01.749,0.94029,0.94055,1.00,1.00
2017.03.21 20:08:01.850,0.94031,0.94056,1.00,1.00
2017.03.21 20:08:05.448,0.9403,0.94055,1.00,1.00
2017.03.21 20:08:07.377,0.94029,0.94055,1.00,1.00
2017.03.21 20:08:09.277,0.94028,0.94054,1.00,1.00
2017.03.21 20:08:18.549,0.94019,0.94054,3.00,1.00
2017.03.21 20:08:18.600,0.94021,0.94045,1.00,1.00
2017.03.21 20:08:19.563,0.9402,0.94044,1.00,1.00
2017.03.21 20:08:20.478,0.94021,0.94045,1.00,1.00
2017.03.21 20:08:31.820,0.9402,0.94044,1.00,1.00
2017.03.21 20:08:32.756,0.9402,0.94046,1.00,1.00
2017.03.21 20:08:33.103,0.9402,0.94044,1.00,1.00
2017.03.21 20:08:33.861,0.94015,0.94043,1.00,1.00
2017.03.21 20:08:33.911,0.94017,0.9404,1.00,1.00
2017.03.21 20:08:34.124,0.94015,0.9404,1.00,1.00
2017.03.21 20:08:35.007,0.94015,0.94039,1.00,1.00
2017.03.21 20:08:40.202,0.94016,0.94041,1.00,1.00
2017.03.21 20:08:40.253,0.94018,0.94042,1.00,1.50
2017.03.21 20:08:41.391,0.94017,0.9404,1.00,1.00
2017.03.21 20:08:45.978,0.94013,0.94039,1.00,1.00
2017.03.21 20:08:53.195,0.94015,0.94041,1.00,1.50
2017.03.21 20:09:05.568,0.94014,0.9404,1.00,1.00
2017.03.21 20:09:20.097,0.94014,0.94039,1.00,1.00
2017.03.21 20:09:21.098,0.94014,0.9404,1.00,1.00
2017.03.21 20:09:30.938,0.94016,0.94041,1.00,1.00
2017.03.21 20:09:34.048,0.94015,0.9404,1.00,1.00
2017.03.21 20:09:35.000,0.94015,0.94039,1.00,1.00
2017.03.21 20:09:36.002,0.94015,0.9404,1.00,1.00
2017.03.21 20:09:38.349,0.94012,0.94035,1.00,1.00
2017.03.21 20:09:38.550,0.94009,0.94035,1.00,1.00
2017.03.21 20:09:40.164,0.94011,0.94034,1.00,1.00
2017.03.21 20:09:41.320,0.9401,0.94036,1.00,1.00
2017.03.21 20:09:49.169,0.94009,0.94035,1.00,1.00
2017.03.21 20:09:51.010,0.94011,0.94035,1.00,1.00
2017.03.21 20:09:52.012,0.9401,0.94035,1.00,1.00
2017.03.21 20:09:57.338,0.94009,0.94032,1.00,1.00
2017.03.21 20:09:57.388,0.94005,0.94031,1.00,1.00
2017.03.21 20:09:57.562,0.94005,0.94028,1.00,1.00
2017.03.21 20:09:58.339,0.94006,0.94029,1.00,1.00
2017.03.21 20:10:02.365,0.94005,0.94028,1.00,1.00
2017.03.21 20:10:05.187,0.94004,0.94028,1.00,1.00
2017.03.21 20:10:05.688,0.94005,0.94029,1.00,1.00
2017.03.21 20:10:06.691,0.94005,0.94028,1.00,1.00
2017.03.21 20:10:07.705,0.94004,0.94028,1.00,1.00
2017.03.21 20:10:10.115,0.94005,0.94028,1.00,1.00
2017.03.21 20:10:11.120,0.94005,0.9403,1.00,1.00
2017.03.21 20:10:12.791,0.94004,0.94027,1.00,1.00
2017.03.21 20:10:14.056,0.94005,0.94029,1.00,1.00
2017.03.21 20:10:14.493,0.94005,0.94031,1.00,1.00
2017.03.21 20:10:15.062,0.94006,0.94032,1.00,1.00
2017.03.21 20:10:15.493,0.94006,0.9403,1.00,1.00
2017.03.21 20:10:16.142,0.94007,0.9403,1.00,1.00
2017.03.21 20:10:18.101,0.94008,0.94033,1.00,1.00
2017.03.21 20:10:18.761,0.94006,0.94032,1.00,1.00
2017.03.21 20:10:20.218,0.94008,0.94031,1.00,1.00
2017.03.21 20:10:20.768,0.94009,0.94032,1.00,1.00
2017.03.21 20:10:21.881,0.94009,0.94033,1.00,1.00
2017.03.21 20:10:23.125,0.94007,0.9403,1.00,1.00
2017.03.21 20:10:36.639,0.94007,0.94031,1.00,1.00
2017.03.21 20:10:39.561,0.94006,0.94031,1.00,1.00
2017.03.21 20:10:41.858,0.94006,0.94032,1.00,1.00
2017.03.21 20:10:43.523,0.9401,0.94033,1.00,1.00
2017.03.21 20:10:44.499,0.94008,0.94032,1.00,1.00
2017.03.21 20:10:44.650,0.94006,0.94031,1.00,1.00
2017.03.21 20:10:45.154,0.94007,0.94031,1.00,1.00
2017.03.21 20:10:45.254,0.94009,0.94033,1.00,1.00
2017.03.21 20:10:45.762,0.94008,0.94032,1.00,1.00
2017.03.21 20:10:46.852,0.94008,0.94033,1.00,1.00
2017.03.21 20:10:47.758,0.9401,0.94034,1.00,1.00
2017.03.21 20:10:50.809,0.94009,0.94033,1.00,1.00
2017.03.21 20:10:51.617,0.94008,0.94032,1.00,1.00
2017.03.21 20:10:55.196,0.94009,0.94033,1.00,1.00
2017.03.21 20:10:56.367,0.94008,0.94034,1.00,1.00
2017.03.21 20:10:56.760,0.9401,0.94034,1.00,1.00
2017.03.21 20:11:05.808,0.9401,0.94033,1.00,1.00
2017.03.21 20:11:13.029,0.94011,0.94034,1.00,1.00
2017.03.21 20:11:20.945,0.9401,0.94036,1.00,1.00
2017.03.21 20:11:21.720,0.94011,0.94034,1.00,1.00
2017.03.21 20:11:35.368,0.9401,0.94034,1.00,1.00
2017.03.21 20:11:50.898,0.94011,0.94035,1.00,1.00
2017.03.21 20:11:54.085,0.94012,0.94036,1.00,1.00
2017.03.21 20:11:55.087,0.94013,0.94036,1.00,1.00
2017.03.21 20:12:05.426,0.94013,0.94037,1.00,1.00
2017.03.21 20:12:07.025,0.94011,0.94036,1.00,1.00
2017.03.21 20:12:07.076,0.94014,0.94037,1.00,1.00
2017.03.21 20:12:07.977,0.94012,0.94036,1.00,1.00
2017.03.21 20:12:14.260,0.94013,0.94039,1.00,1.00
2017.03.21 20:12:20.456,0.94015,0.94038,1.00,1.00
2017.03.21 20:12:20.957,0.94014,0.9404,1.00,1.00
2017.03.21 20:12:21.982,0.94013,0.94039,1.00,1.00
2017.03.21 20:12:23.237,0.94013,0.94037,1.00,1.00
2017.03.21 20:12:27.744,0.94014,0.94038,1.00,1.00
2017.03.21 20:12:34.863,0.94013,0.94036,1.00,1.00
2017.03.21 20:12:35.864,0.94012,0.94036,1.00,1.00
2017.03.21 20:12:41.748,0.94014,0.94037,1.00,1.00
2017.03.21 20:12:44.382,0.94012,0.94038,1.00,1.00
2017.03.21 20:12:49.144,0.94011,0.94035,1.00,1.00
2017.03.21 20:12:50.120,0.9401,0.94033,1.00,1.00
2017.03.21 20:12:51.121,0.94008,0.94034,1.00,1.00
2017.03.21 20:12:52.306,0.94011,0.94034,1.00,1.00
2017.03.21 20:12:53.419,0.94011,0.94035,1.00,1.00
2017.03.21 20:13:05.547,0.94012,0.94035,1.00,1.00
2017.03.21 20:13:06.611,0.94011,0.94034,1.00,1.00
2017.03.21 20:13:08.816,0.9401,0.94034,1.00,1.00
2017.03.21 20:13:21.077,0.9401,0.94033,1.00,1.00
2017.03.21 20:13:31.009,0.94002,0.94027,1.00,1.00
2017.03.21 20:13:31.060,0.93999,0.94022,1.00,1.00
2017.03.21 20:13:31.554,0.94,0.94024,1.00,1.00
2017.03.21 20:13:35.606,0.94,0.94025,1.00,1.00
2017.03.21 20:13:35.960,0.94007,0.94031,1.00,1.50
2017.03.21 20:13:36.212,0.94012,0.94037,1.00,1.00
2017.03.21 20:13:36.262,0.94015,0.94039,1.00,1.00
2017.03.21 20:13:36.926,0.94017,0.94041,1.00,1.00
2017.03.21 20:13:39.909,0.94018,0.94042,1.00,1.00
2017.03.21 20:13:41.409,0.94015,0.94038,1.00,1.00
2017.03.21 20:13:41.711,0.94017,0.94041,1.00,1.00
2017.03.21 20:13:41.880,0.94018,0.94044,1.00,1.00
2017.03.21 20:13:42.699,0.94018,0.94042,1.00,1.00
2017.03.21 20:13:43.564,0.94019,0.94043,1.00,1.00
2017.03.21 20:13:45.058,0.94017,0.94043,1.00,1.00
2017.03.21 20:13:45.109,0.94016,0.9404,1.00,1.00
2017.03.21 20:13:45.310,0.94012,0.94037,1.00,1.00
2017.03.21 20:13:46.062,0.9401,0.94036,1.00,1.00
2017.03.21 20:13:51.137,0.94011,0.94034,1.00,1.00
2017.03.21 20:13:51.456,0.94014,0.94037,1.00,1.50
2017.03.21 20:13:51.556,0.94015,0.94039,1.00,1.00
2017.03.21 20:13:51.607,0.94017,0.94041,1.00,1.00
2017.03.21 20:13:53.318,0.94017,0.94043,1.00,1.00
2017.03.21 20:13:53.369,0.94019,0.94045,1.00,1.00
2017.03.21 20:13:53.675,0.94015,0.94038,1.00,1.00
2017.03.21 20:13:54.367,0.94017,0.94041,1.00,1.00
2017.03.21 20:13:55.301,0.94016,0.9404,1.00,1.00
2017.03.21 20:13:55.402,0.94019,0.94045,1.00,1.00
2017.03.21 20:13:58.485,0.9402,0.94046,1.00,1.00
2017.03.21 20:13:59.507,0.94025,0.94049,1.00,1.00
2017.03.21 20:14:00.119,0.94024,0.94049,1.00,1.00
2017.03.21 20:14:00.430,0.94023,0.94047,1.00,1.00
2017.03.21 20:14:05.259,0.94025,0.94049,1.00,1.00
2017.03.21 20:14:06.167,0.94026,0.9405,1.00,1.00
2017.03.21 20:14:07.062,0.94026,0.94052,1.00,1.00
2017.03.21 20:14:07.213,0.94029,0.94054,1.00,1.00
2017.03.21 20:14:13.008,0.94028,0.94052,1.00,1.00
2017.03.21 20:14:13.351,0.94023,0.94047,1.00,1.00
2017.03.21 20:14:14.215,0.94024,0.94048,1.00,1.00
2017.03.21 20:14:19.409,0.94025,0.94049,1.00,1.00
2017.03.21 20:14:20.229,0.94024,0.94052,1.00,1.00
2017.03.21 20:14:20.881,0.94023,0.94051,1.00,1.00
2017.03.21 20:14:21.451,0.94024,0.94052,1.00,1.00
2017.03.21 20:14:22.476,0.94022,0.94052,1.00,1.50
2017.03.21 20:14:22.588,0.94025,0.94052,1.00,1.00
2017.03.21 20:14:24.426,0.94024,0.94051,1.00,1.00
2017.03.21 20:14:25.345,0.94023,0.94051,1.00,1.00
2017.03.21 20:14:25.858,0.94022,0.9405,1.00,1.00
2017.03.21 20:14:28.363,0.94021,0.9405,1.00,1.00
2017.03.21 20:14:30.020,0.94024,0.94051,1.00,1.00
2017.03.21 20:14:30.075,0.94024,0.94054,1.00,1.00
2017.03.21 20:14:33.840,0.94027,0.94054,1.00,1.00
2017.03.21 20:14:34.343,0.94026,0.94055,1.00,1.00
2017.03.21 20:14:35.001,0.94028,0.94055,1.00,1.00
2017.03.21 20:14:36.007,0.94026,0.94056,1.00,1.00
2017.03.21 20:14:37.174,0.94028,0.94054,1.00,1.00
2017.03.21 20:14:37.486,0.94026,0.94056,1.00,1.00
2017.03.21 20:14:37.789,0.94029,0.94053,1.00,1.00
2017.03.21 20:14:39.317,0.94027,0.94052,1.00,1.00
2017.03.21 20:14:40.086,0.94028,0.94053,1.00,1.00
2017.03.21 20:14:40.209,0.94026,0.94051,1.00,1.00
2017.03.21 20:14:40.437,0.94028,0.94054,1.00,1.00
2017.03.21 20:14:40.927,0.9403,0.94055,1.00,1.00
2017.03.21 20:14:42.513,0.94028,0.94052,1.00,1.00
2017.03.21 20:14:42.857,0.94028,0.94054,1.00,1.00
2017.03.21 20:14:45.202,0.94027,0.94053,1.00,1.00
2017.03.21 20:14:45.949,0.94026,0.9405,1.00,1.00
2017.03.21 20:14:46.497,0.94027,0.94051,1.00,1.00
2017.03.21 20:14:47.011,0.94029,0.94053,1.00,1.00
2017.03.21 20:14:49.139,0.94022,0.94054,1.00,1.50
2017.03.21 20:14:49.190,0.94019,0.94047,1.00,1.00
2017.03.21 20:14:49.592,0.94022,0.94046,1.00,1.00
2017.03.21 20:14:49.913,0.94024,0.94048,1.00,1.00
2017.03.21 20:14:50.151,0.94024,0.9405,1.00,1.00
2017.03.21 20:14:50.757,0.94026,0.94049,1.00,1.00
2017.03.21 20:14:51.311,0.94025,0.94049,1.00,1.00
2017.03.21 20:14:52.831,0.94025,0.94051,1.00,1.00
2017.03.21 20:14:53.377,0.94025,0.94049,1.00,1.00
2017.03.21 20:14:54.159,0.94026,0.9405,1.00,1.00
2017.03.21 20:14:56.297,0.94028,0.94052,1.00,1.00
2017.03.21 20:14:59.592,0.94028,0.94053,1.00,1.00
2017.03.21 20:14:59.894,0.9403,0.94054,1.00,1.00
2017.03.21 20:15:00.253,0.9403,0.94056,1.00,1.00
2017.03.21 20:15:01.256,0.94031,0.94056,1.00,1.00
2017.03.21 20:15:06.289,0.94032,0.94056,1.00,1.00
2017.03.21 20:15:06.962,0.94028,0.94054,1.00,1.00
2017.03.21 20:15:08.984,0.9403,0.94053,1.00,1.00
2017.03.21 20:15:09.139,0.94029,0.94056,1.00,1.00
2017.03.21 20:15:09.695,0.94032,0.94057,1.00,1.00
2017.03.21 20:15:10.111,0.94034,0.94058,1.00,1.00
2017.03.21 20:15:13.720,0.94032,0.94058,1.00,1.00
2017.03.21 20:15:14.738,0.94032,0.94057,1.00,1.00
2017.03.21 20:15:19.464,0.94031,0.94057,1.00,1.00
2017.03.21 20:15:20.455,0.94031,0.94056,1.00,1.00
2017.03.21 20:15:20.930,0.94034,0.94058,1.00,1.00
2017.03.21 20:15:21.464,0.94033,0.94056,1.00,1.00
2017.03.21 20:15:22.064,0.94034,0.94058,1.00,1.00
2017.03.21 20:15:24.380,0.94033,0.94057,1.00,1.00
2017.03.21 20:15:25.311,0.9403,0.94056,1.00,1.00
2017.03.21 20:15:25.362,0.9403,0.9406,1.00,1.00
2017.03.21 20:15:25.412,0.94029,0.94058,1.00,1.00
2017.03.21 20:15:25.768,0.94024,0.94052,1.00,1.00
2017.03.21 20:15:27.889,0.94027,0.9405,1.00,1.00
2017.03.21 20:15:31.282,0.94025,0.9405,1.00,1.00
2017.03.21 20:15:31.333,0.94029,0.94054,1.00,1.00
2017.03.21 20:15:31.676,0.94033,0.94057,1.00,1.00
2017.03.21 20:15:32.492,0.94028,0.94051,1.00,1.00
2017.03.21 20:15:33.192,0.94029,0.94053,1.00,1.00
2017.03.21 20:15:36.348,0.94028,0.94052,1.00,1.00
2017.03.21 20:15:37.350,0.94027,0.94052,1.00,1.00
2017.03.21 20:15:37.781,0.94025,0.94052,1.00,1.00
2017.03.21 20:15:40.587,0.94025,0.9405,1.00,1.00
2017.03.21 20:15:41.912,0.94025,0.94049,1.00,1.00
2017.03.21 20:15:47.872,0.94026,0.9405,1.00,1.00
2017.03.21 20:15:48.487,0.94025,0.94049,1.00,1.00
2017.03.21 20:15:50.878,0.94025,0.9405,1.00,1.00
2017.03.21 20:15:54.190,0.94024,0.9405,1.00,1.00
2017.03.21 20:15:54.240,0.94021,0.94049,1.00,1.00
2017.03.21 20:15:54.391,0.94023,0.94046,1.00,1.00
2017.03.21 20:16:00.155,0.94019,0.94045,1.00,1.00
2017.03.21 20:16:00.307,0.94021,0.94047,1.00,1.00
2017.03.21 20:16:00.751,0.94024,0.94048,1.00,1.00
2017.03.21 20:16:00.801,0.94024,0.9405,1.00,1.00
2017.03.21 20:16:01.434,0.94025,0.94051,1.00,1.00
2017.03.21 20:16:02.085,0.94025,0.94049,1.00,1.00
2017.03.21 20:16:02.393,0.94022,0.94046,1.00,1.00
2017.03.21 20:16:03.179,0.94021,0.94046,1.00,1.00
2017.03.21 20:16:05.927,0.94021,0.94047,1.00,1.00
2017.03.21 20:16:16.260,0.94021,0.94045,1.00,1.00
2017.03.21 20:16:21.439,0.94021,0.94044,1.00,1.00
2017.03.21 20:16:35.968,0.9402,0.94046,1.00,1.00
2017.03.21 20:16:36.969,0.94022,0.94046,1.00,1.00
2017.03.21 20:16:37.969,0.94022,0.94045,1.00,1.00
2017.03.21 20:16:51.498,0.94021,0.94045,1.00,1.00
2017.03.21 20:16:52.499,0.94022,0.94045,1.00,1.00
2017.03.21 20:17:06.528,0.94021,0.94045,1.00,1.00
2017.03.21 20:17:36.087,0.94021,0.94044,1.00,1.00
2017.03.21 20:17:37.088,0.94021,0.94045,1.00,1.00
2017.03.21 20:17:42.084,0.94026,0.94049,1.00,1.00
2017.03.21 20:17:42.312,0.94029,0.94053,1.00,1.00
2017.03.21 20:17:42.642,0.94027,0.9405,1.00,1.00
2017.03.21 20:17:43.200,0.94027,0.94053,1.00,1.00
2017.03.21 20:17:44.612,0.94032,0.94055,1.00,1.00
2017.03.21 20:17:45.235,0.94033,0.94056,1.00,1.00
2017.03.21 20:17:47.582,0.94029,0.94053,1.00,1.00
2017.03.21 20:17:50.017,0.9403,0.94054,1.00,1.00
2017.03.21 20:17:51.117,0.94031,0.94055,1.00,1.00
2017.03.21 20:17:51.318,0.94031,0.94057,1.00,1.00
2017.03.21 20:17:53.268,0.94032,0.94056,1.00,1.00
2017.03.21 20:17:57.264,0.94032,0.94059,1.00,1.00
2017.03.21 20:17:57.633,0.94031,0.94057,1.00,1.00
2017.03.21 20:17:59.268,0.94031,0.94058,1.00,1.00
2017.03.21 20:18:01.194,0.94031,0.94056,1.00,1.00
2017.03.21 20:18:02.083,0.94031,0.94059,1.00,1.00
2017.03.21 20:18:02.134,0.94045,0.94063,1.00,1.00
2017.03.21 20:18:02.234,0.94045,0.94072,1.00,1.00
2017.03.21 20:18:03.109,0.94046,0.94073,1.00,1.00
2017.03.21 20:18:05.925,0.94046,0.94071,1.00,1.00
2017.03.21 20:18:07.029,0.94046,0.94073,1.00,1.00
2017.03.21 20:18:10.976,0.94045,0.94071,1.00,1.00
2017.03.21 20:18:16.144,0.94046,0.94072,1.00,1.00
2017.03.21 20:18:29.508,0.94049,0.94072,1.00,1.00
2017.03.21 20:18:30.488,0.94049,0.94073,1.00,1.00
2017.03.21 20:18:31.779,0.94048,0.94072,1.00,1.00
2017.03.21 20:18:36.207,0.94048,0.94071,1.00,1.00
2017.03.21 20:18:37.210,0.94046,0.94072,1.00,1.00
2017.03.21 20:18:40.250,0.94047,0.94073,1.00,1.00
2017.03.21 20:18:40.300,0.94049,0.94073,1.00,1.00
2017.03.21 20:18:40.408,0.94049,0.94075,1.00,1.00
2017.03.21 20:18:45.810,0.94048,0.94073,1.00,1.00
2017.03.21 20:18:48.992,0.94047,0.94073,1.00,1.00
2017.03.21 20:18:51.737,0.94046,0.94073,1.00,1.00
2017.03.21 20:18:52.739,0.94046,0.94072,1.00,1.00
2017.03.21 20:19:06.768,0.94047,0.94072,1.00,1.00
2017.03.21 20:19:16.764,0.94046,0.94072,1.00,1.00
2017.03.21 20:19:21.798,0.94046,0.9407,1.00,1.00
2017.03.21 20:19:31.503,0.94044,0.9407,1.00,1.00
2017.03.21 20:19:36.828,0.94045,0.9407,1.00,1.00
2017.03.21 20:19:37.829,0.94044,0.9407,1.00,1.00
2017.03.21 20:19:49.797,0.94045,0.94071,1.00,1.00
2017.03.21 20:19:51.357,0.94046,0.94071,1.00,1.00
2017.03.21 20:19:52.739,0.94047,0.94071,1.00,1.00
2017.03.21 20:19:53.795,0.94048,0.94071,1.00,1.00
2017.03.21 20:19:54.390,0.94046,0.94072,1.00,1.00
2017.03.21 20:19:54.770,0.94046,0.9407,1.00,1.00
2017.03.21 20:19:55.313,0.94047,0.94071,1.00,1.00
2017.03.21 20:20:00.679,0.94047,0.94073,1.00,1.00
2017.03.21 20:20:02.672,0.94047,0.94072,1.00,1.00
2017.03.21 20:20:03.674,0.94047,0.94071,1.00,1.00
2017.03.21 20:20:10.416,0.94048,0.94073,1.00,1.00
2017.03.21 20:20:12.572,0.94049,0.94073,1.00,1.00
2017.03.21 20:20:13.418,0.9405,0.94075,1.00,1.00
2017.03.21 20:20:14.471,0.9405,0.94076,1.00,1.00
2017.03.21 20:20:20.166,0.94048,0.94072,1.00,1.00
2017.03.21 20:20:21.417,0.94046,0.94073,1.00,1.00
2017.03.21 20:20:22.418,0.94047,0.94073,1.00,1.00
2017.03.21 20:20:35.774,0.94047,0.94071,1.00,1.00
2017.03.21 20:20:36.948,0.94047,0.94073,1.00,1.00
2017.03.21 20:20:37.833,0.94046,0.94072,1.00,1.00
2017.03.21 20:20:38.064,0.94049,0.94073,1.00,1.00
2017.03.21 20:20:38.388,0.94051,0.94075,1.00,1.00
2017.03.21 20:20:40.841,0.94051,0.94074,1.00,1.00
2017.03.21 20:20:41.842,0.9405,0.94074,1.00,1.00
2017.03.21 20:20:43.214,0.94049,0.94072,1.00,1.00
2017.03.21 20:20:49.286,0.94051,0.94075,1.00,1.50
2017.03.21 20:20:49.337,0.94055,0.94079,1.00,1.50
2017.03.21 20:20:50.564,0.94057,0.94081,1.00,1.00
2017.03.21 20:20:51.125,0.94056,0.9408,1.00,1.00
2017.03.21 20:20:52.121,0.94057,0.9408,1.00,1.00
2017.03.21 20:20:53.124,0.94056,0.94082,1.00,1.00
2017.03.21 20:20:53.175,0.94049,0.94075,1.00,1.00
2017.03.21 20:20:53.376,0.94039,0.94067,1.00,1.00
2017.03.21 20:20:53.677,0.94042,0.94071,1.00,1.50
2017.03.21 20:20:54.306,0.94043,0.94071,1.00,1.00
2017.03.21 20:20:54.921,0.94044,0.9407,1.00,1.00
2017.03.21 20:21:01.224,0.94044,0.94068,1.00,1.00
2017.03.21 20:21:06.506,0.94044,0.94067,1.00,1.00
2017.03.21 20:21:07.475,0.94045,0.94069,1.00,1.00
2017.03.21 20:21:16.996,0.94046,0.94072,1.00,1.00
2017.03.21 20:21:21.561,0.94047,0.9407,1.00,1.00
2017.03.21 20:21:23.577,0.94044,0.9407,1.00,1.00
2017.03.21 20:21:33.581,0.94044,0.94073,1.00,1.00
2017.03.21 20:21:34.114,0.94045,0.9407,1.00,1.00
2017.03.21 20:21:35.869,0.94047,0.94071,1.00,1.00
2017.03.21 20:21:36.567,0.94046,0.94073,1.00,1.00
2017.03.21 20:21:37.066,0.94048,0.94074,1.00,1.00
2017.03.21 20:21:37.688,0.94047,0.94075,1.00,1.00
2017.03.21 20:21:38.192,0.94047,0.94076,1.00,1.00
2017.03.21 20:21:57.880,0.94052,0.94078,1.00,1.50
2017.03.21 20:22:07.128,0.9405,0.94078,1.00,1.00
2017.03.21 20:22:08.027,0.9405,0.94077,1.00,1.00
2017.03.21 20:22:08.202,0.94048,0.94077,1.00,1.00
2017.03.21 20:22:08.573,0.94051,0.94077,1.00,1.00
2017.03.21 20:22:10.059,0.9405,0.94076,1.00,1.00
2017.03.21 20:22:10.109,0.94051,0.9408,1.00,1.50
2017.03.21 20:22:10.160,0.94057,0.9408,1.00,1.00
2017.03.21 20:22:10.311,0.94065,0.9409,1.00,1.00
2017.03.21 20:22:10.412,0.94062,0.94091,1.00,1.00
2017.03.21 20:22:10.513,0.94061,0.94088,1.00,1.00
2017.03.21 20:22:16.681,0.9406,0.94088,1.00,1.00
2017.03.21 20:22:17.681,0.94059,0.94088,1.00,1.00
2017.03.21 20:22:17.990,0.9406,0.94086,1.00,1.00
2017.03.21 20:22:20.168,0.9406,0.94085,1.00,1.00
2017.03.21 20:22:20.519,0.94059,0.94083,1.00,1.00
2017.03.21 20:22:21.204,0.94058,0.94083,1.00,1.00
2017.03.21 20:22:21.703,0.94056,0.94083,1.00,1.00
2017.03.21 20:22:22.704,0.94057,0.94081,1.00,1.00
2017.03.21 20:22:24.368,0.94058,0.94082,1.00,1.00
2017.03.21 20:22:26.076,0.9406,0.94084,1.00,1.00
2017.03.21 20:22:30.681,0.94061,0.94086,1.00,1.00
2017.03.21 20:22:31.262,0.94059,0.94085,1.00,1.00
2017.03.21 20:22:31.907,0.94059,0.94084,1.00,1.00
2017.03.21 20:22:37.188,0.94059,0.94083,1.00,1.00
2017.03.21 20:22:49.786,0.94056,0.94084,1.00,1.00
2017.03.21 20:22:49.939,0.94056,0.94081,1.00,1.00
2017.03.21 20:22:51.716,0.94056,0.94082,1.00,1.00
2017.03.21 20:22:57.373,0.94056,0.94081,1.00,1.00
2017.03.21 20:23:21.776,0.94055,0.94081,1.00,1.00
2017.03.21 20:23:22.804,0.94055,0.9408,1.00,1.00
2017.03.21 20:23:25.079,0.94055,0.94081,1.00,1.00
2017.03.21 20:23:25.180,0.94051,0.94078,1.00,1.00
2017.03.21 20:23:25.696,0.94052,0.94079,1.00,1.50
2017.03.21 20:23:26.758,0.94052,0.94073,1.00,1.00
2017.03.21 20:23:26.936,0.94042,0.94067,1.00,1.00
2017.03.21 20:23:26.987,0.94038,0.94065,1.50,1.00
2017.03.21 20:23:27.191,0.94038,0.94062,1.00,1.00
2017.03.21 20:23:27.292,0.94038,0.94065,1.00,1.00
2017.03.21 20:23:27.775,0.9404,0.94065,1.00,1.00
2017.03.21 20:23:33.012,0.94042,0.94065,1.00,1.00
2017.03.21 20:23:33.062,0.94043,0.94069,1.00,1.50
2017.03.21 20:23:33.249,0.94044,0.94071,1.00,1.00
2017.03.21 20:23:36.806,0.94044,0.9407,1.00,1.00
2017.03.21 20:23:37.807,0.94043,0.9407,1.00,1.00
2017.03.21 20:23:45.784,0.94045,0.94069,1.00,1.00
2017.03.21 20:23:51.836,0.94046,0.94069,1.00,1.00
2017.03.21 20:24:04.674,0.94044,0.94068,1.00,1.00
2017.03.21 20:24:05.675,0.94043,0.94068,1.00,1.00
2017.03.21 20:24:19.850,0.94042,0.94069,1.00,1.50
2017.03.21 20:24:19.900,0.94047,0.94069,1.00,1.00
2017.03.21 20:24:20.001,0.94048,0.94071,1.00,1.00
2017.03.21 20:24:21.354,0.94046,0.94071,1.00,1.00
2017.03.21 20:24:21.405,0.94044,0.94068,1.00,1.00
2017.03.21 20:24:36.926,0.94044,0.94069,1.00,1.00
2017.03.21 20:24:37.927,0.94045,0.94069,1.00,1.00
2017.03.21 20:24:38.928,0.94045,0.94068,1.00,1.00
2017.03.21 20:24:41.609,0.94054,0.94073,1.00,1.00
2017.03.21 20:24:41.710,0.94056,0.94081,1.00,1.00
2017.03.21 20:24:42.369,0.94056,0.94082,1.00,1.00
2017.03.21 20:24:44.466,0.94058,0.94082,1.00,1.00
2017.03.21 20:24:45.467,0.94059,0.94082,1.00,1.00
2017.03.21 20:24:51.036,0.94057,0.94081,1.00,1.00
2017.03.21 20:24:52.099,0.94057,0.9408,1.00,1.00
2017.03.21 20:24:52.991,0.94057,0.94081,1.00,1.00
2017.03.21 20:25:00.449,0.94055,0.9408,1.00,1.00
2017.03.21 20:25:00.550,0.94052,0.94078,1.00,1.00
2017.03.21 20:25:00.817,0.94052,0.94075,1.00,1.00
2017.03.21 20:25:01.524,0.9405,0.94076,1.00,1.00
2017.03.21 20:25:01.987,0.94052,0.94075,1.00,1.00
2017.03.21 20:25:06.011,0.94051,0.94077,1.00,1.00
2017.03.21 20:25:07.488,0.9405,0.94076,1.00,1.00
2017.03.21 20:25:08.884,0.94053,0.94077,1.00,1.00
2017.03.21 20:25:09.997,0.94052,0.94076,1.00,1.00
2017.03.21 20:25:10.048,0.9405,0.94076,1.00,1.00
2017.03.21 20:25:10.199,0.94053,0.94076,1.00,1.00
2017.03.21 20:25:17.218,0.94052,0.94075,1.00,1.00
2017.03.21 20:25:22.519,0.94052,0.94076,1.00,1.00
2017.03.21 20:25:31.359,0.94052,0.94075,1.00,1.00
2017.03.21 20:25:33.175,0.94051,0.94074,1.00,1.00
2017.03.21 20:25:36.439,0.94051,0.94076,1.00,1.00
2017.03.21 20:25:36.540,0.94053,0.94078,1.00,1.50
2017.03.21 20:25:36.860,0.94055,0.94079,1.00,1.00
2017.03.21 20:25:37.548,0.94056,0.94081,1.00,1.00
2017.03.21 20:25:38.052,0.94054,0.9408,1.00,1.00
2017.03.21 20:25:38.876,0.94055,0.94081,1.00,1.00
2017.03.21 20:25:39.158,0.94055,0.94079,1.00,1.00
2017.03.21 20:25:40.093,0.94056,0.94079,1.00,1.00
2017.03.21 20:25:42.086,0.94054,0.9408,1.00,1.00
2017.03.21 20:25:45.124,0.94056,0.94079,1.00,1.00
2017.03.21 20:25:45.365,0.94054,0.94078,1.00,1.00
2017.03.21 20:25:45.415,0.94053,0.94076,1.00,1.00
2017.03.21 20:25:45.575,0.94054,0.94078,1.00,1.00
2017.03.21 20:25:46.372,0.94053,0.94078,1.00,1.00
2017.03.21 20:25:51.998,0.94055,0.94078,1.00,1.00
2017.03.21 20:25:52.049,0.94056,0.9408,1.00,1.00
2017.03.21 20:25:52.213,0.94055,0.94078,1.00,1.00
2017.03.21 20:25:53.229,0.94054,0.94078,1.00,1.00
2017.03.21 20:25:53.403,0.94054,0.9408,1.00,1.00
2017.03.21 20:25:56.389,0.94053,0.94079,1.00,1.00
2017.03.21 20:25:56.981,0.94055,0.94079,1.00,1.00
2017.03.21 20:25:57.294,0.94053,0.94078,1.00,1.00
2017.03.21 20:25:58.288,0.94051,0.94076,1.00,1.00
2017.03.21 20:26:00.310,0.94051,0.94075,1.00,1.00
2017.03.21 20:26:07.107,0.9405,0.94075,1.00,1.00
2017.03.21 20:26:08.352,0.9405,0.94076,1.00,1.00
2017.03.21 20:26:14.826,0.9405,0.94074,1.00,1.00
2017.03.21 20:26:15.489,0.94051,0.94075,1.00,1.00
2017.03.21 20:26:18.328,0.94052,0.94078,1.00,1.50
2017.03.21 20:26:18.379,0.94054,0.94078,1.00,1.50
2017.03.21 20:26:18.637,0.94051,0.94077,1.00,1.00
2017.03.21 20:26:19.290,0.94052,0.94075,1.00,1.00
2017.03.21 20:26:22.638,0.9405,0.94076,1.00,1.00
2017.03.21 20:26:26.282,0.94053,0.94076,1.00,1.00
2017.03.21 20:26:27.029,0.94052,0.94075,1.00,1.00
2017.03.21 20:26:27.850,0.9405,0.94074,1.00,1.00
2017.03.21 20:26:28.034,0.94051,0.94076,1.00,1.00
2017.03.21 20:26:32.618,0.94053,0.94076,1.00,1.00
2017.03.21 20:26:32.794,0.94053,0.94079,1.00,1.50
2017.03.21 20:26:32.945,0.94051,0.94076,1.00,1.00
2017.03.21 20:26:37.167,0.9405,0.94076,1.00,1.00
2017.03.21 20:26:43.762,0.9405,0.94075,1.00,1.00
2017.03.21 20:26:45.854,0.9405,0.94073,1.00,1.00
2017.03.21 20:26:47.068,0.94048,0.94074,1.00,1.00
2017.03.21 20:26:51.943,0.94051,0.94075,1.00,1.00
2017.03.21 20:26:52.698,0.9405,0.94074,1.00,1.00
2017.03.21 20:26:57.541,0.9405,0.94075,1.00,1.00
2017.03.21 20:26:57.856,0.94048,0.94072,1.00,1.00
2017.03.21 20:27:01.337,0.9405,0.94074,1.00,1.00
2017.03.21 20:27:06.388,0.94049,0.94073,1.00,1.00
2017.03.21 20:27:06.539,0.94047,0.94073,1.00,1.00
2017.03.21 20:27:17.608,0.9405,0.94073,1.00,1.00
2017.03.21 20:27:18.659,0.94048,0.94072,1.00,1.00
2017.03.21 20:27:26.650,0.9405,0.94074,1.00,1.00
2017.03.21 20:27:30.868,0.94051,0.94074,1.00,1.00
2017.03.21 20:27:31.064,0.94049,0.94074,1.00,1.00
2017.03.21 20:27:41.389,0.9405,0.94076,1.00,1.00
2017.03.21 20:27:42.390,0.94052,0.94075,1.00,1.00
2017.03.21 20:27:44.837,0.94052,0.94077,1.00,1.00
2017.03.21 20:27:45.286,0.94051,0.94075,1.00,1.00
2017.03.21 20:27:48.197,0.9405,0.94073,1.00,1.00
2017.03.21 20:27:50.558,0.94052,0.94075,1.00,1.00
2017.03.21 20:27:51.140,0.94052,0.94076,1.00,1.00
2017.03.21 20:27:52.317,0.94052,0.94078,1.00,1.00
2017.03.21 20:27:53.318,0.94054,0.94077,1.00,1.00
2017.03.21 20:27:53.957,0.94053,0.94077,1.00,1.00
2017.03.21 20:27:56.283,0.94053,0.94079,1.00,1.00
2017.03.21 20:27:57.343,0.94051,0.94075,1.00,1.00
2017.03.21 20:28:03.009,0.94052,0.94076,1.00,1.00
2017.03.21 20:28:06.070,0.94053,0.94077,1.00,1.00
2017.03.21 20:28:06.371,0.94051,0.94078,1.00,1.00
2017.03.21 20:28:07.326,0.94053,0.94077,1.00,1.00
2017.03.21 20:28:07.848,0.94052,0.94076,1.00,1.00
2017.03.21 20:28:20.534,0.94052,0.94078,1.00,1.00
2017.03.21 20:28:20.585,0.94054,0.94077,1.00,1.00
2017.03.21 20:28:20.786,0.94052,0.94076,1.00,1.00
2017.03.21 20:28:24.474,0.94054,0.94077,1.00,1.00
2017.03.21 20:28:24.700,0.94052,0.94077,1.00,1.00
2017.03.21 20:28:25.476,0.94053,0.94078,1.00,1.00
2017.03.21 20:28:25.678,0.94055,0.94079,1.00,1.00
2017.03.21 20:28:26.450,0.94056,0.94079,1.00,1.00
2017.03.21 20:28:27.438,0.94057,0.9408,1.00,1.00
2017.03.21 20:28:28.439,0.94057,0.94081,1.00,1.00
2017.03.21 20:28:32.850,0.94058,0.94082,1.00,1.00
2017.03.21 20:28:34.501,0.94056,0.94082,1.00,1.00
2017.03.21 20:28:39.700,0.94062,0.94086,1.00,1.00
2017.03.21 20:28:52.354,0.94062,0.94088,1.00,1.50
2017.03.21 20:28:52.938,0.94062,0.94087,1.00,1.00
2017.03.21 20:28:56.235,0.94065,0.94091,1.00,1.00
2017.03.21 20:28:56.286,0.94062,0.94089,1.50,1.00
2017.03.21 20:28:57.138,0.94062,0.94086,1.00,1.00
2017.03.21 20:28:57.551,0.94064,0.94088,1.00,1.00
2017.03.21 20:29:05.871,0.94063,0.94089,1.00,1.00
2017.03.21 20:29:07.420,0.94064,0.9409,1.00,1.00
2017.03.21 20:29:08.412,0.94066,0.94091,1.00,1.00
2017.03.21 20:29:09.366,0.94065,0.9409,1.00,1.00
2017.03.21 20:29:11.910,0.94064,0.94089,1.00,1.00
2017.03.21 20:29:11.962,0.94062,0.94089,1.00,1.00
2017.03.21 20:29:12.013,0.94065,0.94089,1.00,1.00
2017.03.21 20:29:18.201,0.94066,0.9409,1.00,1.00
2017.03.21 20:29:19.567,0.94065,0.94089,1.00,1.00
2017.03.21 20:29:21.463,0.94066,0.9409,1.00,1.00
2017.03.21 20:29:22.998,0.94064,0.94091,1.00,1.00
2017.03.21 20:29:26.370,0.94064,0.94089,1.00,1.00
2017.03.21 20:29:42.791,0.94062,0.94089,1.00,1.00
2017.03.21 20:29:44.043,0.94062,0.94088,1.00,1.00
2017.03.21 20:29:48.430,0.94061,0.94086,1.00,1.00
2017.03.21 20:29:52.556,0.9406,0.94088,1.00,1.00
2017.03.21 20:29:53.450,0.9406,0.94085,1.00,1.00
2017.03.21 20:29:54.015,0.9406,0.94086,1.00,1.00
2017.03.21 20:29:55.422,0.94062,0.94087,1.00,1.00
2017.03.21 20:29:56.423,0.94062,0.94088,1.00,1.00
2017.03.21 20:29:57.704,0.94061,0.94087,1.00,1.00
2017.03.21 20:29:59.532,0.94058,0.94086,1.00,1.00
2017.03.21 20:29:59.732,0.94056,0.94084,1.00,1.00
2017.03.21 20:30:00.565,0.94057,0.94084,1.00,1.00
2017.03.21 20:30:01.188,0.94059,0.94084,1.00,1.00
2017.03.21 20:30:02.754,0.9406,0.94086,1.00,1.00
2017.03.21 20:30:03.304,0.94061,0.94086,1.00,1.00
2017.03.21 20:30:07.327,0.94062,0.94087,1.00,1.00
2017.03.21 20:30:08.290,0.9406,0.94088,1.00,1.00
2017.03.21 20:30:08.989,0.94061,0.94086,1.00,1.00
2017.03.21 20:30:09.640,0.94061,0.94087,1.00,1.00
2017.03.21 20:30:27.804,0.94059,0.94087,1.00,1.00
2017.03.21 20:30:28.313,0.9406,0.94088,1.00,1.00
2017.03.21 20:30:31.687,0.9406,0.94086,1.00,1.00
2017.03.21 20:30:31.888,0.94053,0.9408,1.00,1.00
2017.03.21 20:30:32.874,0.94053,0.94081,1.00,1.00
2017.03.21 20:30:33.410,0.94053,0.94079,1.00,1.00
2017.03.21 20:30:33.711,0.94047,0.94073,1.00,1.00
2017.03.21 20:30:34.688,0.94048,0.94074,1.00,1.00
2017.03.21 20:30:34.845,0.94044,0.94073,1.00,1.00
2017.03.21 20:30:34.996,0.94047,0.94074,1.00,1.00
2017.03.21 20:30:35.838,0.94045,0.94074,1.00,1.00
2017.03.21 20:30:35.965,0.94043,0.9407,1.00,1.00
2017.03.21 20:30:36.383,0.94042,0.94068,1.00,1.00
2017.03.21 20:30:36.538,0.94043,0.9407,1.00,1.00
2017.03.21 20:30:36.589,0.94044,0.94073,1.00,1.00
2017.03.21 20:30:36.711,0.94047,0.94074,1.00,1.00
2017.03.21 20:30:37.560,0.94048,0.94074,1.00,1.00
2017.03.21 20:30:37.906,0.94045,0.94074,1.00,1.00
2017.03.21 20:30:37.957,0.94042,0.94071,1.00,1.00
2017.03.21 20:30:38.367,0.94047,0.94074,1.00,1.00
2017.03.21 20:30:39.358,0.94047,0.94075,1.00,1.00
2017.03.21 20:30:39.866,0.94045,0.94072,1.00,1.00
2017.03.21 20:30:40.180,0.94037,0.94064,1.00,1.00
2017.03.21 20:30:40.230,0.94038,0.94067,1.00,1.00
2017.03.21 20:30:40.457,0.94035,0.94066,1.00,1.00
2017.03.21 20:30:41.010,0.94035,0.94063,1.00,1.00
2017.03.21 20:30:41.656,0.94034,0.94063,1.00,1.00
2017.03.21 20:30:43.245,0.9403,0.94059,1.00,1.00
2017.03.21 20:30:44.053,0.94032,0.94061,1.00,1.00
2017.03.21 20:30:44.625,0.94031,0.9406,1.00,1.00
2017.03.21 20:30:45.060,0.94033,0.94063,1.00,1.00
2017.03.21 20:30:47.943,0.94031,0.94061,1.00,1.00
2017.03.21 20:30:48.044,0.94027,0.94058,1.00,1.00
2017.03.21 20:30:48.531,0.94032,0.94063,1.00,1.00
2017.03.21 20:30:48.833,0.94035,0.94064,1.00,1.00
2017.03.21 20:30:49.211,0.94033,0.94061,1.00,1.00
2017.03.21 20:30:49.877,0.94031,0.94061,1.00,1.00
2017.03.21 20:30:50.591,0.9403,0.94058,1.00,1.00
2017.03.21 20:30:53.179,0.94031,0.94059,1.00,1.00
2017.03.21 20:30:53.387,0.9403,0.94061,1.00,1.00
2017.03.21 20:30:53.437,0.94034,0.94062,1.00,1.00
2017.03.21 20:30:54.388,0.94036,0.94062,1.00,1.00
2017.03.21 20:30:56.439,0.94035,0.94061,1.00,1.00
2017.03.21 20:30:57.620,0.94035,0.94062,1.00,1.00
2017.03.21 20:31:01.943,0.94036,0.94065,1.00,1.00
2017.03.21 20:31:02.581,0.94036,0.94063,1.00,1.00
2017.03.21 20:31:03.209,0.94035,0.94063,1.00,1.00
2017.03.21 20:31:04.048,0.94035,0.94062,1.00,1.00
2017.03.21 20:31:04.718,0.94035,0.94063,1.00,1.00
2017.03.21 20:31:05.259,0.94035,0.94064,1.00,1.00
2017.03.21 20:31:08.221,0.94036,0.94062,1.00,1.00
2017.03.21 20:31:08.953,0.94032,0.94058,1.00,1.00
2017.03.21 20:31:09.054,0.94028,0.94056,1.00,1.00
2017.03.21 20:31:09.312,0.94028,0.94059,1.00,1.00
2017.03.21 20:31:09.362,0.94027,0.94057,1.00,1.00
2017.03.21 20:31:10.669,0.94029,0.94057,1.00,1.00
2017.03.21 20:31:16.131,0.94028,0.94059,1.00,1.00
2017.03.21 20:31:19.069,0.94018,0.94049,1.50,1.00
2017.03.21 20:31:19.372,0.94019,0.94046,1.00,1.00
2017.03.21 20:31:19.511,0.9402,0.94049,1.00,1.00
2017.03.21 20:31:19.745,0.94022,0.94051,1.00,1.00
2017.03.21 20:31:20.719,0.94024,0.9405,1.00,1.00
2017.03.21 20:31:22.737,0.94023,0.9405,1.00,1.00
2017.03.21 20:31:23.239,0.94022,0.94051,1.00,1.00
2017.03.21 20:31:24.049,0.94024,0.94051,1.00,1.00
2017.03.21 20:31:28.358,0.94024,0.94052,1.00,1.00
2017.03.21 20:31:36.719,0.94023,0.9405,1.00,1.00
2017.03.21 20:31:45.129,0.94025,0.94049,1.00,1.00
2017.03.21 20:31:51.727,0.94024,0.94051,1.00,1.00
2017.03.21 20:32:05.529,0.94027,0.94051,1.00,1.00
2017.03.21 20:32:13.958,0.94026,0.94053,1.00,1.00
2017.03.21 20:32:14.959,0.94027,0.94053,1.00,1.00
2017.03.21 20:32:16.834,0.94025,0.94052,1.00,1.00
2017.03.21 20:32:17.847,0.94027,0.94052,1.00,1.00
2017.03.21 20:32:18.804,0.94026,0.94052,1.00,1.00
2017.03.21 20:32:22.858,0.94026,0.94051,1.00,1.00
2017.03.21 20:32:24.359,0.94025,0.94051,1.00,1.00
2017.03.21 20:32:37.948,0.94023,0.94052,1.00,1.00
2017.03.21 20:32:38.950,0.94025,0.94052,1.00,1.00
2017.03.21 20:33:03.460,0.94025,0.94056,1.00,1.00
2017.03.21 20:33:03.574,0.94033,0.94059,1.00,1.00
2017.03.21 20:33:03.625,0.94027,0.94054,1.00,1.00
2017.03.21 20:33:03.726,0.94023,0.94054,1.00,1.00
2017.03.21 20:33:04.561,0.94024,0.94054,1.00,1.00
2017.03.21 20:33:06.515,0.94023,0.94053,1.00,1.00
2017.03.21 20:33:07.359,0.94019,0.94054,1.00,1.00
2017.03.21 20:33:07.410,0.94013,0.94041,1.00,1.00
2017.03.21 20:33:08.448,0.9401,0.9404,1.00,1.00
2017.03.21 20:33:18.671,0.94015,0.94041,1.00,1.00
2017.03.21 20:33:22.977,0.94015,0.94042,1.00,1.00
2017.03.21 20:33:23.479,0.94015,0.94043,1.00,1.00
2017.03.21 20:33:38.007,0.94014,0.94045,1.00,1.00
2017.03.21 20:33:40.034,0.94021,0.94051,1.00,1.00
2017.03.21 20:33:40.339,0.94021,0.94049,1.00,1.00
2017.03.21 20:33:40.989,0.94023,0.9405,1.00,1.00
2017.03.21 20:33:41.073,0.94021,0.94049,1.00,1.00
2017.03.21 20:33:43.163,0.94022,0.94051,1.00,1.00
2017.03.21 20:33:43.693,0.94023,0.94052,1.00,1.00
2017.03.21 20:33:44.406,0.94023,0.94051,1.00,1.00
2017.03.21 20:33:45.192,0.94023,0.94049,1.00,1.00
2017.03.21 20:33:45.962,0.94023,0.9405,1.00,1.00
2017.03.21 20:33:46.964,0.94024,0.9405,1.00,1.00
2017.03.21 20:33:51.664,0.94022,0.9405,1.00,1.00
2017.03.21 20:33:51.765,0.94018,0.94047,1.00,1.00
2017.03.21 20:33:51.851,0.94015,0.94044,1.00,1.00
2017.03.21 20:33:52.668,0.94015,0.94042,1.00,1.00
2017.03.21 20:33:53.359,0.94015,0.94044,1.00,1.00
2017.03.21 20:33:53.860,0.94014,0.94043,1.00,1.00
2017.03.21 20:33:55.060,0.94014,0.94042,1.00,1.00
2017.03.21 20:33:57.267,0.94009,0.94039,1.00,1.00
2017.03.21 20:33:57.978,0.94009,0.94038,1.00,1.00
2017.03.21 20:33:58.229,0.94011,0.94038,1.00,1.00
2017.03.21 20:33:59.230,0.94012,0.94038,1.00,1.00
2017.03.21 20:34:03.683,0.94013,0.94038,1.00,1.00
2017.03.21 20:34:05.259,0.94011,0.9404,1.00,1.00
2017.03.21 20:34:08.568,0.94013,0.9404,1.00,1.00
2017.03.21 20:34:10.886,0.94012,0.94044,1.00,1.00
2017.03.21 20:34:15.712,0.94012,0.9404,1.00,1.00
2017.03.21 20:34:18.883,0.94011,0.94039,1.00,1.00
2017.03.21 20:34:21.536,0.94012,0.94037,1.00,1.00
2017.03.21 20:34:22.538,0.94011,0.94037,1.00,1.00
2017.03.21 20:34:23.598,0.94011,0.94036,1.00,1.00
2017.03.21 20:34:38.127,0.94011,0.94037,1.00,1.00
2017.03.21 20:34:40.194,0.94009,0.94037,1.00,1.00
2017.03.21 20:34:47.014,0.94005,0.94036,1.00,1.00
2017.03.21 20:34:47.522,0.94006,0.94036,1.00,1.00
2017.03.21 20:34:52.855,0.9401,0.94035,1.00,1.00
2017.03.21 20:34:53.815,0.94009,0.94037,1.00,1.00
2017.03.21 20:34:56.977,0.9401,0.94037,1.00,1.00
2017.03.21 20:35:01.465,0.94011,0.94037,1.00,1.00
2017.03.21 20:35:02.663,0.94012,0.94038,1.00,1.00
2017.03.21 20:35:08.187,0.94012,0.94037,1.00,1.00
2017.03.21 20:35:09.069,0.94011,0.94037,1.00,1.00
2017.03.21 20:35:15.127,0.94009,0.94037,1.00,1.00
2017.03.21 20:35:15.565,0.94011,0.94037,1.00,1.00
2017.03.21 20:35:16.265,0.9401,0.94036,1.00,1.00
2017.03.21 20:35:16.948,0.94011,0.94036,1.00,1.00
2017.03.21 20:35:17.825,0.9401,0.94035,1.00,1.00
2017.03.21 20:35:18.919,0.94008,0.94035,1.00,1.00
2017.03.21 20:35:19.297,0.9401,0.94035,1.00,1.00
2017.03.21 20:35:19.900,0.94005,0.94037,1.00,1.00
2017.03.21 20:35:19.951,0.93998,0.94026,1.00,1.00
2017.03.21 20:35:20.267,0.93997,0.94023,1.00,1.00
2017.03.21 20:35:20.368,0.93997,0.94027,1.00,1.00
2017.03.21 20:35:20.484,0.93997,0.94023,1.00,1.00
2017.03.21 20:35:21.340,0.93997,0.94025,1.00,1.00
2017.03.21 20:35:23.335,0.93997,0.94023,1.00,1.00
2017.03.21 20:35:24.497,0.93997,0.94024,1.00,1.00
2017.03.21 20:35:25.088,0.93998,0.94024,1.00,1.00
2017.03.21 20:35:31.689,0.93997,0.94024,1.00,1.00
2017.03.21 20:35:35.640,0.93997,0.94025,1.00,1.00
2017.03.21 20:35:36.669,0.93998,0.94025,1.00,1.00
2017.03.21 20:35:37.079,0.93996,0.94022,1.00,1.00
2017.03.21 20:35:37.165,0.93991,0.94022,1.00,1.00
2017.03.21 20:35:38.086,0.93991,0.94021,1.00,1.00
2017.03.21 20:35:38.748,0.93992,0.94022,1.00,1.00
2017.03.21 20:35:44.214,0.93996,0.94024,1.00,1.00
2017.03.21 20:35:45.172,0.93997,0.94024,1.00,1.00
2017.03.21 20:35:46.208,0.93995,0.94024,1.00,1.00
2017.03.21 20:35:46.259,0.93993,0.94023,1.50,1.00
2017.03.21 20:35:47.171,0.93993,0.94022,1.00,1.00
2017.03.21 20:35:47.717,0.93993,0.94023,1.00,1.00
2017.03.21 20:35:48.099,0.93995,0.94023,1.00,1.00
2017.03.21 20:35:51.714,0.93996,0.94024,1.00,1.00
2017.03.21 20:35:54.686,0.93996,0.94023,1.00,1.00
2017.03.21 20:35:55.468,0.93995,0.94022,1.00,1.00
2017.03.21 20:35:55.636,0.93995,0.94024,1.00,1.00
2017.03.21 20:35:55.789,0.93997,0.94025,1.00,1.00
2017.03.21 20:35:56.639,0.93998,0.94025,1.00,1.00
2017.03.21 20:35:57.451,0.94,0.94029,1.00,1.00
2017.03.21 20:35:57.501,0.94,0.94026,1.00,1.00
2017.03.21 20:35:57.847,0.94001,0.94029,1.00,1.00
2017.03.21 20:35:58.468,0.94001,0.94028,1.00,1.00
2017.03.21 20:35:59.561,0.94,0.94026,1.00,1.00
2017.03.21 20:36:00.979,0.93998,0.94026,1.00,1.00
2017.03.21 20:36:01.480,0.93999,0.94026,1.00,1.00
2017.03.21 20:36:04.953,0.93999,0.94028,1.00,1.00
2017.03.21 20:36:05.003,0.94002,0.94028,1.00,1.00
2017.03.21 20:36:05.054,0.94,0.94028,1.00,1.00
2017.03.21 20:36:05.967,0.94,0.94027,1.00,1.00
2017.03.21 20:36:07.387,0.94001,0.94028,1.00,1.00
2017.03.21 20:36:08.174,0.94,0.94027,1.00,1.00
2017.03.21 20:36:09.665,0.94,0.94029,1.00,1.00
2017.03.21 20:36:10.236,0.94002,0.94029,1.00,1.00
2017.03.21 20:36:12.584,0.94,0.94027,1.00,1.00
2017.03.21 20:36:12.718,0.93997,0.94027,1.00,1.00
2017.03.21 20:36:13.608,0.93998,0.94027,1.00,1.00
2017.03.21 20:36:15.393,0.93997,0.94026,1.00,1.00
2017.03.21 20:36:16.324,0.93998,0.94024,1.00,1.00
2017.03.21 20:36:18.275,0.93996,0.94024,1.00,1.00
2017.03.21 20:36:19.869,0.93996,0.94025,1.00,1.00
2017.03.21 20:36:21.619,0.93997,0.94026,1.00,1.00
2017.03.21 20:36:21.773,0.93999,0.94028,1.00,1.00
2017.03.21 20:36:22.940,0.93998,0.94027,1.00,1.00
2017.03.21 20:36:23.480,0.93998,0.94025,1.00,1.00
2017.03.21 20:36:24.189,0.93997,0.94025,1.00,1.00
2017.03.21 20:36:24.731,0.93998,0.94026,1.00,1.00
2017.03.21 20:36:31.663,0.93997,0.94026,1.00,1.00
2017.03.21 20:36:31.714,0.93989,0.94024,1.00,1.00
2017.03.21 20:36:31.764,0.93993,0.94023,1.00,1.00
2017.03.21 20:36:31.915,0.93992,0.94026,1.00,1.00
2017.03.21 20:36:32.676,0.93996,0.94026,1.00,1.00
2017.03.21 20:36:33.511,0.93995,0.94025,1.00,1.00
2017.03.21 20:36:37.860,0.93991,0.94017,1.00,1.00
2017.03.21 20:36:37.961,0.93984,0.94013,1.00,1.00
2017.03.21 20:36:38.890,0.93986,0.94012,1.00,1.00
2017.03.21 20:36:39.869,0.93985,0.94014,1.00,1.00
2017.03.21 20:36:40.912,0.93984,0.94013,1.00,1.00
2017.03.21 20:36:45.041,0.93983,0.94011,1.00,1.00
2017.03.21 20:36:46.713,0.93984,0.94012,1.00,1.00
2017.03.21 20:36:48.915,0.93984,0.94014,1.00,1.00
2017.03.21 20:36:53.390,0.93988,0.94015,1.00,1.00
2017.03.21 20:36:53.897,0.93986,0.94015,1.00,1.00
2017.03.21 20:36:54.898,0.93987,0.94015,1.00,1.00
2017.03.21 20:36:57.098,0.93988,0.94015,1.00,1.00
2017.03.21 20:37:01.611,0.93989,0.94015,1.00,1.00
2017.03.21 20:37:07.510,0.93987,0.94015,1.50,1.00
2017.03.21 20:37:08.512,0.93988,0.94015,1.00,1.00
2017.03.21 20:37:09.515,0.93988,0.94014,1.00,1.00
2017.03.21 20:37:12.909,0.93987,0.94014,1.50,1.00
2017.03.21 20:37:15.465,0.93988,0.94015,1.00,1.00
2017.03.21 20:37:19.611,0.93988,0.94016,1.00,1.00
2017.03.21 20:37:23.444,0.9399,0.94015,1.00,1.00
2017.03.21 20:37:23.958,0.93989,0.94016,1.00,1.00
2017.03.21 20:37:38.226,0.93988,0.94014,1.00,1.00
2017.03.21 20:37:39.226,0.93988,0.94015,1.00,1.00
2017.03.21 20:37:42.946,0.93988,0.94014,1.00,1.00
2017.03.21 20:37:43.947,0.93988,0.94013,1.00,1.00
2017.03.21 20:37:45.624,0.93989,0.94015,1.00,1.00
2017.03.21 20:37:53.516,0.93989,0.94016,1.00,1.00
2017.03.21 20:37:53.986,0.93989,0.94014,1.00,1.00
2017.03.21 20:37:56.309,0.93988,0.94014,1.00,1.00
2017.03.21 20:37:56.885,0.93987,0.94014,1.00,1.00
2017.03.21 20:37:57.390,0.93988,0.94014,1.00,1.00
2017.03.21 20:37:58.213,0.93987,0.94014,1.00,1.00
2017.03.21 20:38:02.279,0.93988,0.94015,1.00,1.00
2017.03.21 20:38:06.379,0.93989,0.94016,1.00,1.00
2017.03.21 20:38:09.096,0.93988,0.94015,1.00,1.00
2017.03.21 20:38:17.808,0.93989,0.94017,1.00,1.00
2017.03.21 20:38:17.858,0.93991,0.94019,1.00,1.00
2017.03.21 20:38:18.817,0.93994,0.9402,1.00,1.00
2017.03.21 20:38:20.136,0.93993,0.9402,1.00,1.00
2017.03.21 20:38:23.167,0.93994,0.9402,1.00,1.00
2017.03.21 20:38:24.458,0.93994,0.94022,1.00,1.00
2017.03.21 20:38:27.038,0.93993,0.9402,1.00,1.00
2017.03.21 20:38:28.051,0.93992,0.94018,1.00,1.00
2017.03.21 20:38:31.396,0.93992,0.94021,1.00,1.00
2017.03.21 20:38:32.036,0.93993,0.94018,1.00,1.00
2017.03.21 20:38:38.606,0.93992,0.9402,1.00,1.00
2017.03.21 20:38:40.450,0.93993,0.94021,1.00,1.00
2017.03.21 20:38:41.469,0.93992,0.9402,1.00,1.00
2017.03.21 20:38:42.469,0.93992,0.94019,1.00,1.00
2017.03.21 20:38:45.595,0.93994,0.9402,1.00,1.00
2017.03.21 20:38:54.518,0.93995,0.9402,1.00,1.00
2017.03.21 20:38:55.521,0.93994,0.9402,1.00,1.00
2017.03.21 20:38:56.576,0.93993,0.9402,1.00,1.00
2017.03.21 20:38:58.450,0.93992,0.94018,1.00,1.00
2017.03.21 20:38:58.770,0.93994,0.94019,1.00,1.00
2017.03.21 20:38:59.274,0.93993,0.94019,1.00,1.00
2017.03.21 20:39:00.275,0.93992,0.94019,1.00,1.00
2017.03.21 20:39:00.544,0.9401,0.9404,1.00,1.00
2017.03.21 20:39:01.396,0.94009,0.94037,1.00,1.00
2017.03.21 20:39:01.621,0.94007,0.94037,1.00,1.00
2017.03.21 20:39:03.786,0.94006,0.94036,1.00,1.00
2017.03.21 20:39:04.636,0.94005,0.94038,1.00,1.00
2017.03.21 20:39:04.687,0.94021,0.94048,1.00,1.00
2017.03.21 20:39:04.788,0.94021,0.9405,1.00,1.00
2017.03.21 20:39:05.895,0.9402,0.94048,1.00,1.00
2017.03.21 20:39:06.676,0.94018,0.94048,1.00,1.00
2017.03.21 20:39:09.990,0.94018,0.94046,1.00,1.00
2017.03.21 20:39:10.041,0.94018,0.94048,1.00,1.00
2017.03.21 20:39:10.209,0.94018,0.9405,1.00,1.00
2017.03.21 20:39:10.260,0.94028,0.94057,1.00,1.50
2017.03.21 20:39:10.462,0.94032,0.94062,1.00,1.00
2017.03.21 20:39:11.228,0.94031,0.94061,1.00,1.00
2017.03.21 20:39:14.386,0.94031,0.9406,1.00,1.00
2017.03.21 20:39:18.575,0.94032,0.94061,1.00,1.00
2017.03.21 20:39:19.845,0.94034,0.94063,1.00,1.00
2017.03.21 20:39:20.802,0.94034,0.94062,1.00,1.00
2017.03.21 20:39:23.696,0.94034,0.94063,1.00,1.00
2017.03.21 20:39:24.039,0.94033,0.94059,1.00,1.00
2017.03.21 20:39:24.962,0.94031,0.9406,1.00,1.00
2017.03.21 20:39:27.320,0.9403,0.9406,1.00,1.00
2017.03.21 20:39:31.013,0.94031,0.9406,1.00,1.00
2017.03.21 20:39:36.392,0.94035,0.94062,1.00,1.00
2017.03.21 20:39:36.493,0.94036,0.94064,1.00,1.00
2017.03.21 20:39:36.656,0.9404,0.94066,1.00,1.00
2017.03.21 20:39:36.807,0.94042,0.94071,1.00,1.00
2017.03.21 20:39:36.938,0.94047,0.94076,1.00,1.00
2017.03.21 20:39:37.190,0.94039,0.94069,1.00,1.00
2017.03.21 20:39:37.291,0.94041,0.94074,1.00,1.00
2017.03.21 20:39:37.492,0.9404,0.94072,1.00,1.00
2017.03.21 20:39:38.726,0.94041,0.94072,1.00,1.00
2017.03.21 20:39:39.035,0.9404,0.94068,1.00,1.00
2017.03.21 20:39:39.085,0.94039,0.94072,1.00,1.00
2017.03.21 20:39:39.758,0.94038,0.94071,1.00,1.00
2017.03.21 20:39:39.809,0.94037,0.94067,1.00,1.00
2017.03.21 20:39:40.110,0.9404,0.9407,1.00,1.00
2017.03.21 20:39:40.714,0.94039,0.9407,1.00,1.00
2017.03.21 20:39:41.715,0.94039,0.94071,1.00,1.00
2017.03.21 20:39:41.913,0.94033,0.94067,1.00,1.00
2017.03.21 20:39:42.204,0.94036,0.94067,1.00,1.00
2017.03.21 20:39:42.305,0.94037,0.94071,1.00,1.00
2017.03.21 20:39:44.209,0.9404,0.94071,1.00,1.00
2017.03.21 20:39:44.412,0.94036,0.94068,1.00,1.00
2017.03.21 20:39:45.033,0.94043,0.94076,1.00,1.00
2017.03.21 20:39:45.133,0.94037,0.94068,1.50,1.00
2017.03.21 20:39:45.571,0.94047,0.94079,1.00,1.00
2017.03.21 20:39:46.911,0.94038,0.9407,1.00,1.00
2017.03.21 20:39:47.439,0.94038,0.94069,1.00,1.00
2017.03.21 20:39:48.119,0.94043,0.94075,1.00,1.00
2017.03.21 20:39:53.755,0.94042,0.94075,1.00,1.00
2017.03.21 20:39:54.845,0.94044,0.94075,1.00,1.00
2017.03.21 20:39:55.528,0.9405,0.94075,1.00,1.00
2017.03.21 20:39:57.760,0.94052,0.94077,1.00,1.00
2017.03.21 20:39:57.811,0.9405,0.94078,1.00,1.00
2017.03.21 20:40:00.570,0.94045,0.94073,1.00,1.00
2017.03.21 20:40:00.872,0.94037,0.94063,1.00,1.00
2017.03.21 20:40:01.684,0.94038,0.94064,1.00,1.00
2017.03.21 20:40:03.404,0.94038,0.94066,1.00,1.00
2017.03.21 20:40:03.942,0.94038,0.94065,1.00,1.00
2017.03.21 20:40:05.186,0.9404,0.94065,1.00,1.00
2017.03.21 20:40:05.953,0.94036,0.94065,1.00,1.00
2017.03.21 20:40:07.290,0.94032,0.94059,1.00,1.00
2017.03.21 20:40:07.592,0.94034,0.9406,1.00,1.00
2017.03.21 20:40:08.673,0.94033,0.9406,1.00,1.00
2017.03.21 20:40:09.289,0.94032,0.94062,1.00,1.00
2017.03.21 20:40:10.170,0.94033,0.9406,1.00,1.00
2017.03.21 20:40:17.002,0.94034,0.9406,1.00,1.00
2017.03.21 20:40:24.319,0.94034,0.94061,1.00,1.00
2017.03.21 20:40:24.639,0.94036,0.94062,1.00,1.00
2017.03.21 20:40:24.740,0.94032,0.94062,1.00,1.00
2017.03.21 20:40:29.848,0.94031,0.94062,1.00,1.00
2017.03.21 20:40:32.866,0.94033,0.94061,1.00,1.00
2017.03.21 20:40:33.134,0.9403,0.94062,1.00,1.00
2017.03.21 20:40:33.367,0.94031,0.94059,1.00,1.00
2017.03.21 20:40:33.686,0.94032,0.94062,1.00,1.00
2017.03.21 20:40:35.413,0.94031,0.94061,1.00,1.00
2017.03.21 20:40:36.453,0.94031,0.9406,1.00,1.00
2017.03.21 20:40:37.455,0.9403,0.9406,1.00,1.00
2017.03.21 20:40:38.848,0.9403,0.94061,1.00,1.00
2017.03.21 20:40:39.849,0.94031,0.94059,1.00,1.00
2017.03.21 20:40:44.673,0.94034,0.9406,1.00,1.00
2017.03.21 20:40:45.533,0.94035,0.94061,1.00,1.00
2017.03.21 20:40:45.584,0.94033,0.94061,1.00,1.00
2017.03.21 20:40:46.113,0.94032,0.9406,1.00,1.00
2017.03.21 20:40:47.210,0.94033,0.9406,1.00,1.00
2017.03.21 20:40:50.248,0.94032,0.9406,1.00,1.00
2017.03.21 20:40:50.299,0.9403,0.9406,1.00,1.00
2017.03.21 20:40:51.279,0.9403,0.94059,1.00,1.00
2017.03.21 20:40:53.878,0.94031,0.94058,1.00,1.00
2017.03.21 20:40:54.379,0.94028,0.94058,1.00,1.00
2017.03.21 20:40:59.687,0.9403,0.94059,1.00,1.00
2017.03.21 20:41:00.251,0.94029,0.94059,1.00,1.00
2017.03.21 20:41:01.119,0.94028,0.94059,1.00,1.00
2017.03.21 20:41:02.366,0.9403,0.9406,1.00,1.00
2017.03.21 20:41:02.932,0.94033,0.9406,1.00,1.00
2017.03.21 20:41:04.861,0.9403,0.94061,1.00,1.00
2017.03.21 20:41:08.907,0.94028,0.94062,1.00,1.00
2017.03.21 20:41:13.623,0.94029,0.94061,1.00,1.00
2017.03.21 20:41:14.124,0.94028,0.94059,1.00,1.00
2017.03.21 20:41:23.938,0.9403,0.94058,1.00,1.00
2017.03.21 20:41:25.440,0.9403,0.9406,1.00,1.00
2017.03.21 20:41:28.368,0.9403,0.94059,1.00,1.00
2017.03.21 20:41:31.047,0.94024,0.9405,1.00,1.00
2017.03.21 20:41:31.098,0.9402,0.9405,1.00,1.00
2017.03.21 20:41:31.372,0.94024,0.9405,1.00,1.00
2017.03.21 20:41:31.695,0.94023,0.94047,1.00,1.00
2017.03.21 20:41:32.237,0.94023,0.94049,1.00,1.00
2017.03.21 20:41:34.263,0.94023,0.94048,1.00,1.00
2017.03.21 20:41:35.198,0.94024,0.94048,1.00,1.00
2017.03.21 20:41:35.598,0.94022,0.94048,1.00,1.00
2017.03.21 20:41:39.469,0.9402,0.94051,1.00,1.00
2017.03.21 20:41:40.471,0.94021,0.94049,1.00,1.00
2017.03.21 20:41:41.634,0.94019,0.94046,1.00,1.00
2017.03.21 20:41:43.304,0.94018,0.94045,1.00,1.00
2017.03.21 20:41:55.380,0.94019,0.94043,1.00,1.00
2017.03.21 20:41:56.544,0.94014,0.94038,1.00,1.00
2017.03.21 20:41:56.594,0.94017,0.94043,1.00,1.00
2017.03.21 20:41:57.102,0.94019,0.94044,1.00,1.00
2017.03.21 20:42:07.182,0.94019,0.94046,1.00,1.00
2017.03.21 20:42:28.040,0.94021,0.94048,1.00,1.00
2017.03.21 20:42:30.470,0.94018,0.94048,1.00,1.00
2017.03.21 20:42:39.588,0.9402,0.94046,1.00,1.00
2017.03.21 20:42:45.236,0.9402,0.94048,1.00,1.00
2017.03.21 20:42:45.287,0.94022,0.9405,1.00,1.00
2017.03.21 20:42:46.238,0.94023,0.94051,1.00,1.00
2017.03.21 20:42:55.500,0.94023,0.94049,1.00,1.00
2017.03.21 20:43:09.648,0.94024,0.94049,1.00,1.00
2017.03.21 20:43:23.351,0.94023,0.94048,1.00,1.00
2017.03.21 20:43:39.708,0.94021,0.9405,1.00,1.00
2017.03.21 20:43:40.711,0.94021,0.94049,1.00,1.00
2017.03.21 20:43:44.709,0.94022,0.94049,1.00,1.00
2017.03.21 20:43:45.221,0.94023,0.9405,1.00,1.00
2017.03.21 20:43:49.407,0.94021,0.9405,1.00,1.00
2017.03.21 20:43:51.376,0.94021,0.94047,1.00,1.00
2017.03.21 20:43:51.784,0.94021,0.94049,1.00,1.00
2017.03.21 20:43:55.619,0.94022,0.94049,1.00,1.00
2017.03.21 20:44:09.267,0.9402,0.94049,1.00,1.00
2017.03.21 20:44:13.483,0.94022,0.94048,1.00,1.00
2017.03.21 20:44:14.047,0.94021,0.94047,1.00,1.00
2017.03.21 20:44:14.098,0.94018,0.94047,1.00,1.00
2017.03.21 20:44:19.788,0.9402,0.94047,1.00,1.00
2017.03.21 20:44:20.090,0.94023,0.94049,1.00,1.00
2017.03.21 20:44:20.243,0.94021,0.94049,1.00,1.00
2017.03.21 20:44:24.347,0.9402,0.94049,1.00,1.00
2017.03.21 20:44:25.007,0.9402,0.9405,1.00,1.00
2017.03.21 20:44:25.840,0.94021,0.9405,1.00,1.00
2017.03.21 20:44:26.962,0.94022,0.94047,1.00,1.00
2017.03.21 20:44:29.051,0.94019,0.94049,1.00,1.00
2017.03.21 20:44:29.102,0.9402,0.94047,1.00,1.00
2017.03.21 20:44:29.993,0.94019,0.94048,1.00,1.00
2017.03.21 20:44:31.297,0.94021,0.94048,1.00,1.00
2017.03.21 20:44:36.957,0.94021,0.94047,1.00,1.00
2017.03.21 20:44:39.327,0.94021,0.94046,1.00,1.00
2017.03.21 20:44:53.602,0.94021,0.94048,1.00,1.00
2017.03.21 20:44:54.161,0.94022,0.94048,1.00,1.00
2017.03.21 20:44:54.624,0.94021,0.9405,1.00,1.00
2017.03.21 20:44:55.627,0.94021,0.94049,1.00,1.00
2017.03.21 20:45:01.075,0.94022,0.94047,1.00,1.00
2017.03.21 20:45:01.256,0.94022,0.94049,1.00,1.00
2017.03.21 20:45:09.387,0.94022,0.94048,1.00,1.00
2017.03.21 20:45:09.981,0.9402,0.94049,1.00,1.00
2017.03.21 20:45:16.852,0.9402,0.94046,1.00,1.00
2017.03.21 20:45:17.806,0.94019,0.94046,1.00,1.00
2017.03.21 20:45:24.419,0.94021,0.94045,1.00,1.00
2017.03.21 20:45:27.503,0.94022,0.94045,1.00,1.00
2017.03.21 20:45:39.447,0.94021,0.94045,1.00,1.00
2017.03.21 20:45:40.450,0.94021,0.94046,1.00,1.00
2017.03.21 20:46:30.059,0.94021,0.94044,1.00,1.00
2017.03.21 20:46:39.567,0.9402,0.94046,1.00,1.00
2017.03.21 20:46:40.568,0.9402,0.94044,1.00,1.00
2017.03.21 20:46:55.098,0.94021,0.94045,1.00,1.00
2017.03.21 20:47:10.128,0.9402,0.94045,1.00,1.00
2017.03.21 20:47:17.560,0.94022,0.94046,1.00,1.00
2017.03.21 20:47:25.263,0.94021,0.94046,1.00,1.00
2017.03.21 20:47:40.188,0.9402,0.94045,1.00,1.00
2017.03.21 20:47:41.070,0.9402,0.94047,1.00,1.00
2017.03.21 20:47:55.218,0.94022,0.94045,1.00,1.00
2017.03.21 20:48:02.258,0.94019,0.94045,1.00,1.00
2017.03.21 20:48:25.278,0.94018,0.94044,1.00,1.00
2017.03.21 20:48:54.168,0.94018,0.94042,1.00,1.00
2017.03.21 20:48:55.198,0.94019,0.94043,1.00,1.00
2017.03.21 20:48:55.829,0.94019,0.94044,1.00,1.00
2017.03.21 20:48:56.356,0.94018,0.94044,1.00,1.00
2017.03.21 20:49:10.368,0.94019,0.94042,1.00,1.00
2017.03.21 20:49:24.897,0.94019,0.94043,1.00,1.00
2017.03.21 20:49:26.400,0.94018,0.94044,1.00,1.00
2017.03.21 20:49:32.661,0.94018,0.94045,1.00,1.00
2017.03.21 20:49:40.427,0.94019,0.94044,1.00,1.00
2017.03.21 20:49:40.978,0.94018,0.94046,1.00,1.00
2017.03.21 20:49:42.142,0.94017,0.94045,1.00,1.00
2017.03.21 20:49:43.376,0.94018,0.94042,1.00,1.00
2017.03.21 20:49:55.458,0.94016,0.94042,1.00,1.00
2017.03.21 20:50:02.223,0.94018,0.94042,1.00,1.00
2017.03.21 20:50:02.275,0.94016,0.94042,1.00,1.00
2017.03.21 20:50:11.154,0.94017,0.94043,1.00,1.00
2017.03.21 20:50:12.682,0.94019,0.94042,1.00,1.00
2017.03.21 20:50:18.762,0.94019,0.94043,1.00,1.00
2017.03.21 20:50:25.900,0.9402,0.94043,1.00,1.00
2017.03.21 20:50:26.904,0.94019,0.94043,1.00,1.00
2017.03.21 20:50:38.501,0.9402,0.94044,1.00,1.00
2017.03.21 20:50:40.049,0.94023,0.94044,1.00,1.00
2017.03.21 20:50:49.215,0.94022,0.94044,1.00,1.00
2017.03.21 20:50:50.790,0.94022,0.94045,1.50,1.00
2017.03.21 20:50:55.079,0.94021,0.94045,1.00,1.00
2017.03.21 20:50:55.579,0.94019,0.94045,1.00,1.00
2017.03.21 20:51:03.804,0.9402,0.94045,1.00,1.00
2017.03.21 20:51:06.836,0.9402,0.94044,1.00,1.00
2017.03.21 20:51:09.245,0.94018,0.94045,1.00,1.00
2017.03.21 20:51:10.196,0.94018,0.94044,1.00,1.00
2017.03.21 20:51:10.999,0.94018,0.94043,1.00,1.00
2017.03.21 20:51:12.838,0.94018,0.94042,1.00,1.00
2017.03.21 20:51:25.139,0.94019,0.94042,1.00,1.00
2017.03.21 20:51:26.179,0.94019,0.94043,1.00,1.00
2017.03.21 20:52:10.729,0.94019,0.94046,1.00,1.00
2017.03.21 20:52:13.310,0.94023,0.94046,1.00,1.00
2017.03.21 20:52:20.313,0.94022,0.94046,1.50,1.00
2017.03.21 20:52:24.761,0.94022,0.94054,1.00,1.00
2017.03.21 20:52:24.862,0.94026,0.94052,1.00,1.00
2017.03.21 20:52:25.925,0.94026,0.9405,1.00,1.00
2017.03.21 20:52:26.189,0.94026,0.94052,1.00,1.00
2017.03.21 20:52:29.692,0.94028,0.94052,1.00,1.00
2017.03.21 20:52:30.490,0.94028,0.94053,1.00,1.00
2017.03.21 20:52:37.462,0.94024,0.94049,1.00,1.00
2017.03.21 20:52:37.815,0.94022,0.94043,1.00,1.00
2017.03.21 20:52:37.917,0.94018,0.94043,1.50,1.00
2017.03.21 20:52:39.052,0.94018,0.94044,1.50,1.00
2017.03.21 20:52:51.123,0.94019,0.94045,1.00,1.00
2017.03.21 20:52:51.292,0.94023,0.94045,1.00,1.00
2017.03.21 20:52:53.719,0.94023,0.94043,1.00,1.00
2017.03.21 20:52:54.043,0.94023,0.94045,1.00,1.00
2017.03.21 20:52:57.447,0.94022,0.94045,1.00,1.00
2017.03.21 20:53:07.477,0.94022,0.94046,1.50,1.00
2017.03.21 20:53:08.435,0.94023,0.94047,1.00,1.00
2017.03.21 20:53:09.804,0.94024,0.94048,1.00,1.00
2017.03.21 20:53:10.958,0.94024,0.94047,1.00,1.00
2017.03.21 20:53:11.407,0.94022,0.94047,1.50,1.00
2017.03.21 20:53:14.631,0.94019,0.94048,1.00,1.00
2017.03.21 20:53:19.164,0.94019,0.94046,1.00,1.00
2017.03.21 20:53:20.218,0.9402,0.94047,1.00,1.00
2017.03.21 20:53:25.379,0.94019,0.94047,1.00,1.00
2017.03.21 20:53:25.880,0.9402,0.94048,1.00,1.00
2017.03.21 20:53:26.771,0.9402,0.94046,1.00,1.00
2017.03.21 20:53:33.042,0.9402,0.94045,1.00,1.00
2017.03.21 20:53:37.221,0.94019,0.94044,1.00,1.00
2017.03.21 20:53:40.909,0.94019,0.94045,1.00,1.00
2017.03.21 20:53:41.840,0.94021,0.94045,1.00,1.00
2017.03.21 20:54:00.826,0.94022,0.94046,1.00,1.00
2017.03.21 20:54:02.980,0.94024,0.94047,1.00,1.00
2017.03.21 20:54:05.172,0.94024,0.94049,1.00,1.00
2017.03.21 20:54:11.851,0.94023,0.94048,1.00,1.00
2017.03.21 20:54:12.805,0.94024,0.94049,1.00,1.00
2017.03.21 20:54:13.311,0.94023,0.94049,1.00,1.00
2017.03.21 20:54:13.807,0.94025,0.94048,1.00,1.00
2017.03.21 20:54:21.710,0.94025,0.94055,1.00,1.00
2017.03.21 20:54:21.862,0.94027,0.94053,1.00,1.00
2017.03.21 20:54:22.794,0.94026,0.94052,1.00,1.00
2017.03.21 20:54:23.910,0.94028,0.94052,1.00,1.00
2017.03.21 20:54:37.103,0.94024,0.9405,1.00,1.00
2017.03.21 20:54:37.154,0.94023,0.94048,1.00,1.00
2017.03.21 20:54:37.456,0.94022,0.94046,1.00,1.00
2017.03.21 20:54:38.243,0.94022,0.94047,1.00,1.00
2017.03.21 20:54:39.367,0.94021,0.94047,1.00,1.00
2017.03.21 20:54:41.911,0.94021,0.94046,1.00,1.00
2017.03.21 20:54:43.607,0.94022,0.94048,1.00,1.00
2017.03.21 20:54:43.659,0.94026,0.94051,1.00,1.00
2017.03.21 20:54:45.744,0.94027,0.94051,1.00,1.00
2017.03.21 20:54:53.663,0.94026,0.94051,1.00,1.00
2017.03.21 20:54:55.113,0.94025,0.9405,1.00,1.00
2017.03.21 20:54:56.059,0.94025,0.94051,1.00,1.00
2017.03.21 20:54:56.941,0.94025,0.9405,1.00,1.00
2017.03.21 20:54:58.521,0.94026,0.94051,1.00,1.00
2017.03.21 20:55:00.053,0.94025,0.94054,1.00,1.00
2017.03.21 20:55:00.104,0.94027,0.94052,1.00,1.00
2017.03.21 20:55:00.406,0.94025,0.9405,1.00,1.00
2017.03.21 20:55:00.765,0.94029,0.94052,1.00,1.00
2017.03.21 20:55:02.669,0.9403,0.94053,1.00,1.00
2017.03.21 20:55:03.587,0.94029,0.94055,1.00,1.00
2017.03.21 20:55:04.173,0.94028,0.94054,1.00,1.00
2017.03.21 20:55:04.729,0.94027,0.94053,1.00,1.00
2017.03.21 20:55:07.904,0.94029,0.94054,1.00,1.00
2017.03.21 20:55:10.275,0.94029,0.94053,1.00,1.00
2017.03.21 20:55:11.091,0.9403,0.94055,1.00,1.00
2017.03.21 20:55:12.205,0.94029,0.94054,1.00,1.00
2017.03.21 20:55:20.734,0.94031,0.94055,1.00,1.00
2017.03.21 20:55:21.064,0.94033,0.94057,1.00,1.00
2017.03.21 20:55:21.791,0.94031,0.94057,1.00,1.00
2017.03.21 20:55:24.156,0.9403,0.94056,1.00,1.00
2017.03.21 20:55:24.697,0.94029,0.94055,1.00,1.00
2017.03.21 20:55:25.396,0.9403,0.94056,1.00,1.00
2017.03.21 20:55:25.561,0.94032,0.94057,1.00,1.00
2017.03.21 20:55:26.037,0.94031,0.94055,1.00,1.00
2017.03.21 20:55:31.265,0.94031,0.94057,1.00,1.00
2017.03.21 20:55:31.316,0.94025,0.9405,1.00,1.00
2017.03.21 20:55:31.517,0.94018,0.94046,1.00,1.00
2017.03.21 20:55:31.769,0.94019,0.94048,1.00,1.00
2017.03.21 20:55:31.912,0.94021,0.94048,1.00,1.00
2017.03.21 20:55:32.651,0.9402,0.94047,1.00,1.00
2017.03.21 20:55:34.007,0.94022,0.94048,1.00,1.00
2017.03.21 20:55:35.549,0.94022,0.94051,1.00,1.00
2017.03.21 20:55:38.913,0.94023,0.94052,1.00,1.00
2017.03.21 20:55:39.463,0.94024,0.94051,1.00,1.00
2017.03.21 20:55:40.696,0.94024,0.9405,1.00,1.00
2017.03.21 20:55:41.651,0.94023,0.9405,1.00,1.00
2017.03.21 20:55:47.062,0.94026,0.94053,1.00,1.00
2017.03.21 20:55:47.364,0.94029,0.94053,1.00,1.00
2017.03.21 20:55:47.673,0.94026,0.94052,1.00,1.00
2017.03.21 20:55:48.224,0.94022,0.9405,1.00,1.00
2017.03.21 20:55:48.727,0.94023,0.94051,1.00,1.00
2017.03.21 20:55:48.928,0.94025,0.94053,1.00,1.00
2017.03.21 20:55:50.180,0.94027,0.94057,1.00,1.00
2017.03.21 20:55:50.280,0.9403,0.94056,1.00,1.00
2017.03.21 20:55:52.570,0.94028,0.94056,1.00,1.00
2017.03.21 20:55:53.580,0.94031,0.94058,1.00,1.00
2017.03.21 20:55:54.344,0.94032,0.94059,1.00,1.00
2017.03.21 20:55:54.883,0.94031,0.94058,1.00,1.00
2017.03.21 20:55:55.653,0.94031,0.94057,1.00,1.00
2017.03.21 20:55:56.181,0.9403,0.94058,1.00,1.00
2017.03.21 20:55:56.622,0.94031,0.9406,1.00,1.00
2017.03.21 20:55:58.664,0.9403,0.94059,1.00,1.00
2017.03.21 20:55:59.577,0.94027,0.9406,1.00,1.00
2017.03.21 20:56:00.256,0.94027,0.94058,1.00,1.00
2017.03.21 20:56:02.640,0.94028,0.94057,1.00,1.00
2017.03.21 20:56:03.396,0.94026,0.94058,1.00,1.00
2017.03.21 20:56:07.515,0.94025,0.94057,1.00,1.00
2017.03.21 20:56:08.041,0.94024,0.94057,1.00,1.00
2017.03.21 20:56:10.151,0.94028,0.94059,1.00,1.00
2017.03.21 20:56:10.404,0.94026,0.94058,1.00,1.00
2017.03.21 20:56:11.250,0.94026,0.94057,1.00,1.00
2017.03.21 20:56:21.032,0.94026,0.94056,1.00,1.00
2017.03.21 20:56:21.570,0.94027,0.94057,1.00,1.00
2017.03.21 20:56:24.670,0.94028,0.94058,1.00,1.00
2017.03.21 20:56:24.770,0.94027,0.9406,1.00,1.00
2017.03.21 20:56:25.190,0.94028,0.94058,1.00,1.00
2017.03.21 20:56:26.241,0.94029,0.94059,1.00,1.00
2017.03.21 20:56:26.665,0.94031,0.94058,1.00,1.00
2017.03.21 20:56:26.824,0.94032,0.9406,1.00,1.00
2017.03.21 20:56:26.979,0.9403,0.94059,1.00,1.00
2017.03.21 20:56:27.163,0.94032,0.9406,1.00,1.00
2017.03.21 20:56:27.511,0.94035,0.9406,1.00,1.00
2017.03.21 20:56:28.496,0.94034,0.94062,1.00,1.00
2017.03.21 20:56:28.547,0.94037,0.94062,1.00,1.00
2017.03.21 20:56:29.615,0.94036,0.94063,1.00,1.00
2017.03.21 20:56:40.671,0.94038,0.94063,1.00,1.00
2017.03.21 20:56:40.721,0.94036,0.94062,1.00,1.00
2017.03.21 20:56:42.212,0.94038,0.94062,1.00,1.00
2017.03.21 20:56:42.313,0.94035,0.94061,1.00,1.00
2017.03.21 20:56:44.395,0.94034,0.9406,1.00,1.00
2017.03.21 20:56:47.747,0.94036,0.94061,1.00,1.00
2017.03.21 20:56:54.564,0.94037,0.94061,1.00,1.00
2017.03.21 20:56:55.800,0.94038,0.94061,1.00,1.00
2017.03.21 20:56:56.301,0.94037,0.94061,1.00,1.00
2017.03.21 20:56:57.115,0.94036,0.9406,1.00,1.00
2017.03.21 20:56:57.919,0.94034,0.9406,1.00,1.00
2017.03.21 20:56:58.537,0.94033,0.94058,1.00,1.00
2017.03.21 20:57:00.589,0.94034,0.9406,1.00,1.00
2017.03.21 20:57:01.980,0.94032,0.94059,1.00,1.00
2017.03.21 20:57:04.535,0.94032,0.94058,1.00,1.00
2017.03.21 20:57:05.512,0.94032,0.9406,1.00,1.00
2017.03.21 20:57:05.613,0.94036,0.9406,1.00,1.00
2017.03.21 20:57:05.664,0.94037,0.94062,1.00,1.00
2017.03.21 20:57:06.222,0.94036,0.94062,1.00,1.00
2017.03.21 20:57:11.369,0.94036,0.94061,1.00,1.00
2017.03.21 20:57:11.904,0.94036,0.9406,1.00,1.00
2017.03.21 20:57:13.073,0.94033,0.94061,1.00,1.00
2017.03.21 20:57:16.408,0.94035,0.94063,1.00,1.00
2017.03.21 20:57:17.432,0.94034,0.94061,1.00,1.00
2017.03.21 20:57:17.793,0.94036,0.94063,1.00,1.00
2017.03.21 20:57:18.489,0.94035,0.94062,1.00,1.00
2017.03.21 20:57:24.013,0.94033,0.94062,1.50,1.00
2017.03.21 20:57:24.132,0.94035,0.9406,1.00,1.00
2017.03.21 20:57:24.672,0.94034,0.9406,1.00,1.00
2017.03.21 20:57:25.950,0.94033,0.94059,1.50,1.00
2017.03.21 20:57:26.647,0.94034,0.9406,1.00,1.00
2017.03.21 20:57:27.271,0.94033,0.94059,1.50,1.00
2017.03.21 20:57:27.905,0.94033,0.9406,1.50,1.00
2017.03.21 20:57:30.662,0.94031,0.94063,1.00,1.00
2017.03.21 20:57:30.712,0.94034,0.94061,1.00,1.00
2017.03.21 20:57:31.222,0.94033,0.94061,1.50,1.00
2017.03.21 20:57:31.994,0.94033,0.9406,1.50,1.00
2017.03.21 20:57:34.014,0.94033,0.94057,1.00,1.00
2017.03.21 20:57:34.915,0.94032,0.94057,1.00,1.00
2017.03.21 20:57:34.965,0.94032,0.9406,1.00,1.00
2017.03.21 20:57:35.116,0.94032,0.94058,1.50,1.00
2017.03.21 20:57:36.317,0.94033,0.94058,1.00,1.00
2017.03.21 20:57:36.367,0.94033,0.9406,1.50,1.00
2017.03.21 20:57:36.964,0.94033,0.94058,1.00,1.00
2017.03.21 20:57:38.095,0.94031,0.94059,1.00,1.00
2017.03.21 20:57:40.890,0.94033,0.94057,1.00,1.00
2017.03.21 20:57:41.393,0.94033,0.94056,1.00,1.00
2017.03.21 20:57:46.270,0.94033,0.94059,1.00,1.00
2017.03.21 20:57:52.388,0.94034,0.9406,1.00,1.00
2017.03.21 20:58:01.177,0.94034,0.94059,1.00,1.00
2017.03.21 20:58:04.734,0.94032,0.94057,1.00,1.00
2017.03.21 20:58:20.891,0.94031,0.94059,1.00,1.00
2017.03.21 20:58:21.573,0.9403,0.94058,1.00,1.00
2017.03.21 20:58:26.291,0.94025,0.94049,1.00,1.00
2017.03.21 20:58:26.342,0.94022,0.94048,1.00,1.00
2017.03.21 20:58:27.307,0.94022,0.94049,1.00,1.00
2017.03.21 20:58:27.362,0.94022,0.94047,1.00,1.00
2017.03.21 20:58:33.212,0.9402,0.94048,1.00,1.00
2017.03.21 20:58:38.467,0.9402,0.94049,1.00,1.00
2017.03.21 20:58:41.009,0.94022,0.94048,1.00,1.00
2017.03.21 20:58:41.510,0.94022,0.94049,1.00,1.00
2017.03.21 20:58:42.511,0.94021,0.94048,1.00,1.00
2017.03.21 20:58:45.990,0.94019,0.94047,1.00,1.00
2017.03.21 20:58:47.001,0.94018,0.94046,1.00,1.00
2017.03.21 20:58:49.198,0.94016,0.94046,1.00,1.00
2017.03.21 20:58:50.586,0.94015,0.94045,1.00,1.00
2017.03.21 20:58:51.414,0.94016,0.94045,1.00,1.00
2017.03.21 20:58:55.114,0.94015,0.94046,1.00,1.00
2017.03.21 20:58:55.385,0.94017,0.94047,1.00,1.00
2017.03.21 20:58:55.730,0.94016,0.94042,1.00,1.00
2017.03.21 20:58:56.378,0.94016,0.94041,1.00,1.00
2017.03.21 20:58:56.922,0.94015,0.9404,1.00,1.00
2017.03.21 20:58:57.474,0.94014,0.9404,1.00,1.00
2017.03.21 20:59:01.060,0.94012,0.94041,1.00,1.00
2017.03.21 20:59:01.515,0.94011,0.94043,1.00,1.00
2017.03.21 20:59:01.762,0.94012,0.9404,1.00,1.00
2017.03.21 20:59:03.425,0.94013,0.94044,0.75,0.75
2017.03.21 20:59:03.956,0.94011,0.94045,0.75,0.75
2017.03.21 20:59:04.006,0.94008,0.94037,0.75,0.75
2017.03.21 20:59:04.057,0.94004,0.94037,0.75,0.75
2017.03.21 20:59:04.107,0.94007,0.94037,0.75,0.75
2017.03.21 20:59:04.429,0.94007,0.94034,0.75,0.75
2017.03.21 20:59:04.485,0.94005,0.94037,0.75,0.75
2017.03.21 20:59:05.333,0.94006,0.94036,0.75,0.75
2017.03.21 20:59:05.924,0.94007,0.94038,0.75,0.75
2017.03.21 20:59:06.637,0.94008,0.94034,1.50,0.75
2017.03.21 20:59:07.057,0.94008,0.94038,0.75,0.75
2017.03.21 20:59:07.622,0.94008,0.94036,0.75,0.75
2017.03.21 20:59:07.723,0.94006,0.94038,0.75,0.75
2017.03.21 20:59:08.684,0.94006,0.94035,0.75,0.75
2017.03.21 20:59:08.735,0.94007,0.94037,0.75,0.75
2017.03.21 20:59:11.069,0.94006,0.94037,0.75,0.75
2017.03.21 20:59:11.570,0.94004,0.94038,0.75,0.75
2017.03.21 20:59:11.621,0.94002,0.94038,1.50,0.75
2017.03.21 20:59:11.728,0.93999,0.94033,0.75,0.75
2017.03.21 20:59:11.867,0.93996,0.94032,0.75,0.75
2017.03.21 20:59:11.919,0.93998,0.94029,0.75,0.75
2017.03.21 20:59:12.020,0.94,0.94035,0.75,0.75
2017.03.21 20:59:12.174,0.93998,0.94034,0.75,0.75
2017.03.21 20:59:12.225,0.94,0.94036,0.75,0.75
2017.03.21 20:59:12.739,0.94001,0.94037,0.75,0.75
2017.03.21 20:59:14.461,0.94,0.94037,0.75,0.75
2017.03.21 20:59:14.760,0.94001,0.94039,0.75,0.75
2017.03.21 20:59:15.213,0.94003,0.94039,0.75,0.75
2017.03.21 20:59:15.590,0.94007,0.94039,0.75,0.75
2017.03.21 20:59:15.641,0.94003,0.94039,0.75,0.75
2017.03.21 20:59:16.190,0.94003,0.94038,0.75,0.75
2017.03.21 20:59:17.613,0.94001,0.94038,0.75,0.75
2017.03.21 20:59:17.663,0.94,0.94036,0.75,0.75
2017.03.21 20:59:18.194,0.94002,0.94036,0.75,0.75
2017.03.21 20:59:18.244,0.93998,0.94036,1.50,0.75
2017.03.21 20:59:18.396,0.94007,0.94036,0.75,0.75
2017.03.21 20:59:18.446,0.93998,0.94036,1.50,0.75
2017.03.21 20:59:18.611,0.94008,0.94036,0.75,0.75
2017.03.21 20:59:18.661,0.93998,0.94036,1.50,0.75
2017.03.21 20:59:18.712,0.94,0.94036,0.75,0.75
2017.03.21 20:59:19.243,0.93998,0.94036,1.50,0.75
2017.03.21 20:59:20.048,0.93999,0.94036,0.75,0.75
2017.03.21 20:59:21.112,0.93998,0.94033,1.50,0.75
2017.03.21 20:59:21.482,0.94002,0.94033,0.75,0.75
2017.03.21 20:59:21.533,0.93998,0.94033,1.50,0.75
2017.03.21 20:59:23.393,0.93997,0.94029,0.75,0.75
2017.03.21 20:59:23.907,0.93999,0.94031,0.75,0.75
2017.03.21 20:59:24.887,0.94002,0.94031,0.75,0.75
2017.03.21 20:59:24.938,0.93999,0.94031,0.75,0.75
2017.03.21 20:59:26.099,0.93999,0.9403,0.75,0.75
2017.03.21 20:59:26.643,0.93999,0.94031,0.75,0.75
2017.03.21 20:59:27.386,0.94002,0.94031,0.75,0.75
2017.03.21 20:59:27.436,0.93999,0.94031,0.75,0.75
2017.03.21 20:59:27.977,0.93999,0.94032,0.75,0.75
2017.03.21 20:59:28.411,0.94,0.94034,0.75,0.75
2017.03.21 20:59:28.462,0.94002,0.94034,0.75,0.75
2017.03.21 20:59:28.878,0.94002,0.94031,0.75,0.75
2017.03.21 20:59:28.928,0.93999,0.94031,0.75,0.75
2017.03.21 20:59:29.041,0.94002,0.94031,0.75,0.75
2017.03.21 20:59:29.892,0.94002,0.94028,0.75,0.75
2017.03.21 20:59:30.286,0.93998,0.94029,0.75,0.75
2017.03.21 20:59:30.336,0.94002,0.94029,0.75,0.75
2017.03.21 20:59:30.689,0.93998,0.9403,0.75,0.75
2017.03.21 20:59:31.445,0.93998,0.94027,1.50,0.75
2017.03.21 20:59:31.496,0.93998,0.94029,0.75,0.75
2017.03.21 20:59:32.458,0.93998,0.94026,1.50,0.75
2017.03.21 20:59:32.508,0.93998,0.9403,0.75,0.75
2017.03.21 20:59:33.977,0.93999,0.94026,0.75,0.75
2017.03.21 20:59:34.673,0.93998,0.9403,0.75,0.75
2017.03.21 20:59:35.253,0.93997,0.9403,0.75,0.75
2017.03.21 20:59:38.148,0.93996,0.9403,0.75,0.75
2017.03.21 20:59:38.199,0.93997,0.94027,0.75,0.75
2017.03.21 20:59:38.621,0.93997,0.94025,1.50,0.75
2017.03.21 20:59:39.206,0.94,0.94024,0.75,0.75
2017.03.21 20:59:39.307,0.94,0.94032,0.75,0.75
2017.03.21 20:59:40.144,0.94,0.94033,0.75,0.75
2017.03.21 20:59:41.048,0.94001,0.94034,0.75,0.75
2017.03.21 20:59:41.149,0.94,0.94028,0.75,0.75
2017.03.21 20:59:42.196,0.93998,0.94028,1.50,0.75
2017.03.21 20:59:42.415,0.94003,0.94028,0.75,0.75
2017.03.21 20:59:42.566,0.93998,0.94025,0.75,0.75
2017.03.21 20:59:43.123,0.93998,0.94023,0.75,0.75
2017.03.21 20:59:44.830,0.94003,0.94023,0.75,0.75
2017.03.21 20:59:45.047,0.94003,0.94032,0.75,0.75
2017.03.21 20:59:45.098,0.93999,0.9404,0.75,0.75
2017.03.21 20:59:45.148,0.94003,0.94043,0.75,1.50
2017.03.21 20:59:45.572,0.94003,0.94041,0.75,0.75
2017.03.21 20:59:46.112,0.94002,0.94041,0.75,0.75
2017.03.21 20:59:47.069,0.94002,0.94042,0.75,0.75
2017.03.21 20:59:47.398,0.94002,0.94045,0.75,0.75
2017.03.21 20:59:48.011,0.94002,0.9405,0.75,1.50
2017.03.21 20:59:48.062,0.93999,0.94049,0.75,0.75
2017.03.21 20:59:50.018,0.94001,0.94049,0.75,0.75
2017.03.21 20:59:52.512,0.94,0.94049,0.75,0.75
2017.03.21 20:59:52.848,0.93991,0.94052,0.75,1.50
2017.03.21 20:59:52.898,0.93991,0.94047,0.75,0.75
2017.03.21 20:59:52.948,0.93988,0.94045,0.75,0.75
2017.03.21 20:59:52.999,0.93988,0.9404,0.75,0.75
2017.03.21 20:59:53.100,0.93987,0.94043,1.50,0.75
2017.03.21 20:59:53.621,0.93988,0.94043,0.75,0.75
2017.03.21 20:59:53.968,0.94018,0.94043,0.75,0.75
2017.03.21 20:59:54.197,0.94007,0.94043,0.75,0.75
2017.03.21 20:59:54.562,0.94003,0.94043,0.75,0.75
2017.03.21 20:59:54.793,0.94008,0.94043,0.75,0.75
2017.03.21 20:59:55.049,0.93988,0.94043,0.75,0.75
2017.03.21 20:59:55.150,0.93992,0.94043,0.75,0.75
2017.03.21 20:59:55.251,0.93989,0.94043,0.75,0.75
2017.03.21 20:59:55.301,0.94017,0.94043,0.75,0.75
2017.03.21 20:59:55.402,0.93998,0.94047,0.75,0.75
2017.03.21 20:59:55.653,0.94022,0.94054,0.75,0.75
2017.03.21 20:59:55.704,0.94002,0.94054,0.75,0.75
2017.03.21 20:59:55.805,0.93998,0.94054,0.75,0.75
2017.03.21 20:59:56.019,0.93998,0.94059,0.75,0.75
2017.03.21 20:59:56.093,0.93998,0.94057,0.75,0.75
2017.03.21 20:59:56.220,0.93998,0.94059,0.75,0.75
2017.03.21 20:59:56.371,0.93998,0.94057,0.75,0.75
2017.03.21 20:59:56.861,0.94023,0.94057,0.75,0.75
2017.03.21 20:59:56.968,0.94017,0.94057,0.75,0.75
2017.03.21 20:59:57.297,0.94002,0.94057,0.75,0.75
2017.03.21 20:59:57.397,0.94002,0.94062,0.75,0.75
2017.03.21 20:59:57.488,0.94023,0.94062,0.75,0.75
2017.03.21 20:59:57.538,0.94003,0.94062,0.75,0.75
2017.03.21 20:59:57.600,0.93995,0.94057,0.75,0.75
2017.03.21 20:59:57.729,0.93997,0.94057,0.75,0.75
2017.03.21 20:59:57.902,0.93994,0.94057,0.75,0.75
2017.03.21 20:59:58.843,0.93993,0.94057,1.50,0.75
