2015.06.16 08:00:00.125,0.86099,0.86153,1.50,2.25
2015.06.16 08:00:00.176,0.86102,0.86148,1.00,1.12
2015.06.16 08:00:00.743,0.86103,0.86147,1.00,1.00
2015.06.16 08:00:03.138,0.86102,0.86148,1.00,1.37
2015.06.16 08:00:05.120,0.86103,0.86147,1.00,1.12
2015.06.16 08:00:07.619,0.86108,0.86152,1.00,1.50
2015.06.16 08:00:07.720,0.86108,0.86152,1.00,1.37
2015.06.16 08:00:08.860,0.86105,0.86147,1.00,1.00
2015.06.16 08:00:09.155,0.86108,0.86152,1.00,1.37
2015.06.16 08:00:09.873,0.86108,0.86152,1.00,1.37
2015.06.16 08:00:10.422,0.86107,0.86153,1.37,1.50
2015.06.16 08:00:14.152,0.86108,0.86147,1.37,1.00
2015.06.16 08:00:15.934,0.86108,0.86147,1.50,1.00
2015.06.16 08:00:16.342,0.86119,0.86162,1.75,1.37
2015.06.16 08:00:16.683,0.86122,0.86162,1.75,1.00
2015.06.16 08:00:17.084,0.86122,0.86158,1.75,1.00
2015.06.16 08:00:17.134,0.86122,0.86158,1.12,1.00
2015.06.16 08:00:17.327,0.8612,0.86163,1.37,1.00
2015.06.16 08:00:17.435,0.86119,0.86163,2.25,1.12
2015.06.16 08:00:17.756,0.8612,0.86158,1.37,1.00
2015.06.16 08:00:18.040,0.86121,0.86157,1.12,1.00
2015.06.16 08:00:18.140,0.86117,0.86163,1.37,1.37
2015.06.16 08:00:18.241,0.86115,0.86162,1.72,1.50
2015.06.16 08:00:18.572,0.86115,0.86163,1.30,1.50
2015.06.16 08:00:18.868,0.86115,0.86153,1.30,1.00
2015.06.16 08:00:19.520,0.86115,0.86152,1.30,1.00
2015.06.16 08:00:19.829,0.86113,0.86152,1.97,1.00
2015.06.16 08:00:20.146,0.86115,0.86153,1.67,1.00
2015.06.16 08:00:20.197,0.86116,0.86158,1.37,1.00
2015.06.16 08:00:20.415,0.86114,0.86163,1.75,1.37
2015.06.16 08:00:20.949,0.86117,0.86163,1.37,1.12
2015.06.16 08:00:21.246,0.86117,0.86162,2.25,1.00
2015.06.16 08:00:21.836,0.86117,0.86157,1.50,1.00
2015.06.16 08:00:22.628,0.86126,0.86167,1.37,1.37
2015.06.16 08:00:22.678,0.86126,0.86167,1.37,1.00
2015.06.16 08:00:22.779,0.86125,0.86167,1.87,1.00
2015.06.16 08:00:23.048,0.86127,0.86172,1.37,1.00
2015.06.16 08:00:23.153,0.86125,0.86172,1.37,1.37
2015.06.16 08:00:23.254,0.86124,0.86172,1.72,1.37
2015.06.16 08:00:23.377,0.86123,0.86162,4.72,1.00
2015.06.16 08:00:23.970,0.86125,0.86162,1.50,1.00
2015.06.16 08:00:24.373,0.86122,0.86168,2.47,1.37
2015.06.16 08:00:24.576,0.86118,0.86168,1.37,1.50
2015.06.16 08:00:24.677,0.8612,0.86167,1.37,1.12
2015.06.16 08:00:25.356,0.86121,0.86163,1.12,1.00
2015.06.16 08:00:26.138,0.86124,0.86167,1.00,1.12
2015.06.16 08:00:26.239,0.86122,0.86167,1.00,1.12
2015.06.16 08:00:26.289,0.86124,0.86167,1.37,1.12
2015.06.16 08:00:28.125,0.86122,0.86162,2.25,1.00
2015.06.16 08:00:28.377,0.86121,0.86162,1.37,1.00
2015.06.16 08:00:29.757,0.86122,0.86163,1.37,1.00
2015.06.16 08:00:30.487,0.86122,0.86163,1.37,1.37
2015.06.16 08:00:30.588,0.86121,0.86162,1.37,1.37
2015.06.16 08:00:30.689,0.86123,0.86168,1.00,1.50
2015.06.16 08:00:30.740,0.86115,0.86168,2.10,1.50
2015.06.16 08:00:30.841,0.8612,0.86168,1.00,1.75
2015.06.16 08:00:31.227,0.86125,0.86162,1.30,1.00
2015.06.16 08:00:31.537,0.86123,0.86158,2.47,1.00
2015.06.16 08:00:31.879,0.86123,0.86162,3.22,1.00
2015.06.16 08:00:32.053,0.86125,0.86162,2.10,1.00
2015.06.16 08:00:32.507,0.86126,0.86162,2.25,1.00
2015.06.16 08:00:32.881,0.86129,0.86168,1.87,1.00
2015.06.16 08:00:33.086,0.86131,0.86172,1.00,1.37
2015.06.16 08:00:33.187,0.86126,0.86172,1.50,1.37
2015.06.16 08:00:33.369,0.86126,0.86172,1.37,1.37
2015.06.16 08:00:33.876,0.86125,0.86168,1.72,1.37
2015.06.16 08:00:34.286,0.86125,0.86162,1.72,1.00
2015.06.16 08:00:34.776,0.86123,0.86163,2.47,1.00
2015.06.16 08:00:36.188,0.86125,0.86163,1.30,1.00
2015.06.16 08:00:38.214,0.86123,0.86167,1.37,1.37
2015.06.16 08:00:38.710,0.86123,0.86167,2.25,1.37
2015.06.16 08:00:39.435,0.86123,0.86157,1.50,1.00
2015.06.16 08:00:40.196,0.86121,0.86157,2.47,1.00
2015.06.16 08:00:41.316,0.86121,0.86157,1.97,1.00
2015.06.16 08:00:41.590,0.86121,0.86157,1.72,1.00
2015.06.16 08:00:42.301,0.86119,0.86158,2.47,1.00
2015.06.16 08:00:42.852,0.86122,0.86157,1.30,1.00
2015.06.16 08:00:43.066,0.86123,0.86162,1.00,1.00
2015.06.16 08:00:44.168,0.86123,0.86163,1.12,1.12
2015.06.16 08:00:44.836,0.86123,0.86168,1.12,1.75
2015.06.16 08:00:44.936,0.86123,0.86168,1.00,1.37
2015.06.16 08:00:45.146,0.86122,0.86168,1.72,1.75
2015.06.16 08:00:46.603,0.86123,0.86162,1.00,1.37
2015.06.16 08:00:47.205,0.86124,0.86162,1.12,1.12
2015.06.16 08:00:48.916,0.86123,0.86162,1.12,1.37
2015.06.16 08:00:49.545,0.86119,0.86163,2.47,1.37
2015.06.16 08:00:50.116,0.86114,0.86163,1.75,1.00
2015.06.16 08:00:51.121,0.86118,0.86167,1.87,1.75
2015.06.16 08:00:51.445,0.86114,0.86158,1.75,1.00
2015.06.16 08:00:54.624,0.86113,0.86158,2.25,1.00
2015.06.16 08:00:55.069,0.86113,0.86158,1.37,1.00
2015.06.16 08:00:55.620,0.86116,0.86163,1.12,1.37
2015.06.16 08:00:55.671,0.86116,0.86163,1.00,1.00
2015.06.16 08:00:55.771,0.86117,0.86163,1.37,1.00
2015.06.16 08:00:55.932,0.86117,0.86162,1.12,1.00
2015.06.16 08:00:56.085,0.86114,0.86157,1.37,1.00
2015.06.16 08:00:56.376,0.86118,0.86162,1.37,1.00
2015.06.16 08:00:56.885,0.86119,0.86162,1.12,1.00
2015.06.16 08:00:57.037,0.86119,0.86168,1.12,1.37
2015.06.16 08:00:57.267,0.86117,0.86168,1.50,1.75
2015.06.16 08:00:57.806,0.86123,0.86162,1.00,1.37
2015.06.16 08:00:58.357,0.86117,0.86158,1.37,1.00
2015.06.16 08:00:58.906,0.86122,0.86163,1.00,1.37
2015.06.16 08:01:00.039,0.86122,0.86163,1.00,1.37
2015.06.16 08:01:00.555,0.86116,0.86167,1.50,1.75
2015.06.16 08:01:00.656,0.86116,0.86167,1.37,2.25
2015.06.16 08:01:00.885,0.86113,0.86152,1.50,1.00
2015.06.16 08:01:01.074,0.86113,0.86152,1.37,1.00
2015.06.16 08:01:01.595,0.86111,0.86153,1.35,1.00
2015.06.16 08:01:02.097,0.86113,0.86157,1.37,1.37
2015.06.16 08:01:02.586,0.86112,0.86163,1.72,2.25
2015.06.16 08:01:02.687,0.86112,0.86162,1.72,2.25
2015.06.16 08:01:03.085,0.86112,0.86153,1.72,1.00
2015.06.16 08:01:07.375,0.86113,0.86152,1.37,1.00
2015.06.16 08:01:08.161,0.86111,0.86152,2.10,1.00
2015.06.16 08:01:08.808,0.86111,0.86157,2.10,1.00
2015.06.16 08:01:08.909,0.8611,0.86157,1.35,1.37
2015.06.16 08:01:09.355,0.86112,0.86153,1.72,1.00
2015.06.16 08:01:09.876,0.86113,0.86152,1.37,1.00
2015.06.16 08:01:10.082,0.86113,0.86152,1.00,1.00
2015.06.16 08:01:10.132,0.86107,0.86148,2.25,1.00
2015.06.16 08:01:10.300,0.86107,0.86148,1.37,1.00
2015.06.16 08:01:10.565,0.86105,0.86153,1.35,1.37
2015.06.16 08:01:10.815,0.86103,0.86153,2.47,1.37
2015.06.16 08:01:11.364,0.86103,0.86148,2.47,1.00
2015.06.16 08:01:12.107,0.86108,0.86152,1.00,1.37
2015.06.16 08:01:12.420,0.86107,0.86155,1.37,2.25
2015.06.16 08:01:12.745,0.86103,0.86142,3.22,1.00
2015.06.16 08:01:13.096,0.86104,0.86143,1.35,1.00
2015.06.16 08:01:14.305,0.86104,0.86142,1.35,1.00
2015.06.16 08:01:14.874,0.86104,0.86147,1.35,1.00
2015.06.16 08:01:15.872,0.86104,0.86153,1.35,1.50
2015.06.16 08:01:16.076,0.86104,0.86143,1.35,1.00
2015.06.16 08:01:17.385,0.86104,0.86142,1.35,1.00
2015.06.16 08:01:17.732,0.8611,0.86148,1.75,1.00
2015.06.16 08:01:17.825,0.8611,0.86152,1.75,1.00
2015.06.16 08:01:17.987,0.86109,0.86152,1.50,1.37
2015.06.16 08:01:18.038,0.86103,0.86152,1.00,1.00
2015.06.16 08:01:18.375,0.86102,0.86143,1.00,1.00
2015.06.16 08:01:19.893,0.86102,0.86143,1.75,1.00
2015.06.16 08:01:20.484,0.86102,0.86143,1.75,1.00
2015.06.16 08:01:21.565,0.86103,0.86147,1.50,1.00
2015.06.16 08:01:22.115,0.86104,0.86148,1.35,1.00
2015.06.16 08:01:22.641,0.86103,0.86147,2.47,1.00
2015.06.16 08:01:22.892,0.86103,0.86143,1.97,1.00
2015.06.16 08:01:23.204,0.86105,0.86143,1.35,1.00
2015.06.16 08:01:27.407,0.86105,0.86147,1.35,1.00
2015.06.16 08:01:28.266,0.86104,0.86147,2.10,1.00
2015.06.16 08:01:28.626,0.86104,0.86142,2.10,1.00
2015.06.16 08:01:29.514,0.86104,0.86143,2.10,1.00
2015.06.16 08:01:32.124,0.86104,0.86138,1.35,1.00
2015.06.16 08:01:33.334,0.86104,0.86143,1.35,1.00
2015.06.16 08:01:33.435,0.86106,0.86143,1.67,1.00
2015.06.16 08:01:33.557,0.86106,0.86147,2.10,1.00
2015.06.16 08:01:34.166,0.86106,0.86147,2.10,1.00
2015.06.16 08:01:34.267,0.86105,0.86147,1.35,1.37
2015.06.16 08:01:34.368,0.86101,0.86147,2.10,1.12
2015.06.16 08:01:34.469,0.86102,0.86147,1.35,1.37
2015.06.16 08:01:34.665,0.86101,0.86147,1.35,1.12
2015.06.16 08:01:34.754,0.86101,0.86147,1.35,1.37
2015.06.16 08:01:34.969,0.86102,0.86148,1.60,1.00
2015.06.16 08:01:35.319,0.86098,0.86147,1.50,1.50
2015.06.16 08:01:35.470,0.86101,0.86147,1.00,1.00
2015.06.16 08:01:35.783,0.86103,0.86147,1.00,1.37
2015.06.16 08:01:36.120,0.861,0.86142,1.30,1.37
2015.06.16 08:01:36.634,0.861,0.86138,1.30,1.00
2015.06.16 08:01:37.624,0.861,0.86137,1.30,1.00
2015.06.16 08:01:38.068,0.86103,0.86142,1.00,1.37
2015.06.16 08:01:38.794,0.86103,0.86142,1.00,1.00
2015.06.16 08:01:39.384,0.86098,0.86137,1.97,1.00
2015.06.16 08:01:39.824,0.86098,0.86142,1.97,1.12
2015.06.16 08:01:40.052,0.86099,0.86142,1.35,1.00
2015.06.16 08:01:40.374,0.861,0.86142,1.35,1.00
2015.06.16 08:01:40.830,0.86102,0.86148,1.37,1.37
2015.06.16 08:01:40.881,0.86102,0.86148,1.37,1.37
2015.06.16 08:01:40.982,0.86102,0.86147,1.00,1.37
2015.06.16 08:01:41.310,0.861,0.86148,2.10,1.37
2015.06.16 08:01:41.804,0.86103,0.86142,1.37,1.00
2015.06.16 08:01:42.574,0.86103,0.86142,1.37,1.00
2015.06.16 08:01:43.124,0.86103,0.86142,1.37,1.00
2015.06.16 08:01:43.395,0.86102,0.86143,1.12,1.37
2015.06.16 08:01:44.075,0.861,0.86143,1.30,1.37
2015.06.16 08:01:47.285,0.861,0.86142,1.30,1.37
2015.06.16 08:01:48.252,0.861,0.86137,1.30,1.00
2015.06.16 08:01:48.696,0.86098,0.86137,2.10,1.00
2015.06.16 08:01:52.364,0.86098,0.86142,2.10,1.00
2015.06.16 08:01:53.574,0.86098,0.86147,2.85,1.37
2015.06.16 08:01:53.711,0.86098,0.86147,2.10,1.37
2015.06.16 08:01:54.108,0.86098,0.86137,2.10,1.00
2015.06.16 08:01:57.535,0.86098,0.86143,1.35,1.12
2015.06.16 08:01:58.086,0.86098,0.86142,2.10,1.00
2015.06.16 08:01:58.668,0.86098,0.86147,1.97,1.75
2015.06.16 08:01:59.534,0.86103,0.86142,1.00,1.37
2015.06.16 08:02:00.187,0.86103,0.86142,1.37,1.37
2015.06.16 08:02:00.534,0.86103,0.86142,1.37,1.12
2015.06.16 08:02:01.294,0.86102,0.86143,1.75,1.37
2015.06.16 08:02:04.173,0.86103,0.86147,2.10,1.37
2015.06.16 08:02:04.280,0.86103,0.86147,1.72,1.37
2015.06.16 08:02:04.653,0.86103,0.86147,1.72,1.37
2015.06.16 08:02:05.304,0.86103,0.86147,2.10,1.37
2015.06.16 08:02:05.804,0.86103,0.86143,1.35,1.00
2015.06.16 08:02:06.295,0.86102,0.86143,2.10,1.00
2015.06.16 08:02:07.495,0.86103,0.86143,1.67,1.12
2015.06.16 08:02:08.116,0.86103,0.86142,2.10,1.00
2015.06.16 08:02:08.291,0.86103,0.86142,1.72,1.00
2015.06.16 08:02:09.068,0.86103,0.86142,1.72,1.37
2015.06.16 08:02:09.119,0.86099,0.86137,2.85,1.00
2015.06.16 08:02:09.634,0.86099,0.86143,2.85,1.37
2015.06.16 08:02:11.066,0.86099,0.86138,2.85,1.00
2015.06.16 08:02:14.253,0.86099,0.86137,2.85,1.00
2015.06.16 08:02:16.168,0.86099,0.86142,2.85,1.37
2015.06.16 08:02:16.509,0.861,0.86142,1.35,1.12
2015.06.16 08:02:17.023,0.861,0.86143,1.35,1.00
2015.06.16 08:02:17.279,0.86103,0.86147,1.30,1.37
2015.06.16 08:02:17.380,0.86098,0.86138,1.67,1.00
2015.06.16 08:02:18.253,0.86098,0.86137,2.10,1.00
2015.06.16 08:02:18.374,0.86103,0.86142,1.12,1.00
2015.06.16 08:02:19.863,0.86098,0.86137,1.72,1.00
2015.06.16 08:02:22.617,0.86098,0.86142,1.72,1.12
2015.06.16 08:02:22.954,0.86098,0.86142,2.10,1.00
2015.06.16 08:02:23.829,0.86097,0.86148,2.10,1.50
2015.06.16 08:02:24.153,0.86098,0.86137,1.72,1.00
2015.06.16 08:02:25.733,0.86098,0.86137,1.72,1.00
2015.06.16 08:02:26.239,0.86098,0.86137,1.72,1.37
2015.06.16 08:02:26.887,0.86098,0.86142,1.30,1.75
2015.06.16 08:02:27.594,0.86098,0.86133,1.30,1.00
2015.06.16 08:02:28.154,0.86098,0.86137,1.30,1.00
2015.06.16 08:02:28.608,0.86098,0.86133,1.30,1.00
2015.06.16 08:02:28.907,0.86097,0.86138,1.72,1.37
2015.06.16 08:02:29.141,0.86095,0.86132,2.47,1.00
2015.06.16 08:02:29.461,0.86095,0.86132,2.85,1.00
2015.06.16 08:02:29.561,0.86098,0.86137,1.72,1.00
2015.06.16 08:02:29.662,0.86098,0.86137,1.72,1.37
2015.06.16 08:02:30.065,0.86095,0.86133,2.47,1.12
2015.06.16 08:02:31.105,0.86095,0.86132,2.47,1.00
2015.06.16 08:02:32.851,0.86092,0.86138,1.50,1.37
2015.06.16 08:02:33.017,0.86092,0.86138,1.50,1.12
2015.06.16 08:02:33.185,0.86092,0.86138,1.50,1.37
2015.06.16 08:02:33.652,0.86091,0.86132,1.75,1.00
2015.06.16 08:02:34.166,0.86093,0.86132,1.37,1.00
2015.06.16 08:02:34.805,0.86093,0.86132,1.37,1.12
2015.06.16 08:02:35.373,0.86089,0.86127,1.35,1.00
2015.06.16 08:02:36.032,0.86093,0.86132,1.37,1.12
2015.06.16 08:02:37.708,0.86093,0.86132,1.50,1.00
2015.06.16 08:02:39.903,0.8609,0.86133,1.75,1.00
2015.06.16 08:02:39.957,0.8609,0.86133,1.75,1.00
2015.06.16 08:02:40.117,0.8609,0.86133,1.75,1.00
2015.06.16 08:02:40.819,0.86091,0.86132,1.37,1.00
2015.06.16 08:02:40.920,0.86092,0.86138,1.50,1.37
2015.06.16 08:02:41.223,0.86091,0.86127,1.75,1.00
2015.06.16 08:02:42.723,0.86091,0.86127,1.75,1.00
2015.06.16 08:02:45.453,0.8609,0.86127,2.25,1.00
2015.06.16 08:02:45.615,0.8609,0.86133,1.75,1.00
2015.06.16 08:02:46.132,0.86093,0.86132,1.37,1.00
2015.06.16 08:02:46.183,0.86098,0.86137,1.00,1.37
2015.06.16 08:02:46.484,0.86093,0.86137,1.37,1.50
2015.06.16 08:02:52.364,0.86093,0.86137,1.37,1.37
2015.06.16 08:02:52.642,0.86098,0.86137,1.00,1.37
2015.06.16 08:02:53.306,0.86092,0.86138,1.87,1.37
2015.06.16 08:02:53.411,0.86092,0.86138,1.87,1.50
2015.06.16 08:02:54.311,0.86093,0.86132,1.37,1.00
2015.06.16 08:02:57.467,0.86093,0.86132,1.37,1.12
2015.06.16 08:03:02.219,0.86093,0.86132,1.12,1.00
2015.06.16 08:03:02.522,0.86093,0.86132,1.00,1.37
2015.06.16 08:03:02.573,0.86087,0.86128,1.72,1.12
2015.06.16 08:03:03.092,0.86088,0.86127,1.37,1.00
2015.06.16 08:03:04.084,0.86087,0.86128,1.72,1.12
2015.06.16 08:03:04.626,0.86088,0.86127,1.00,1.00
2015.06.16 08:03:04.928,0.86088,0.86127,1.37,1.37
2015.06.16 08:03:13.612,0.86088,0.86127,1.37,1.37
2015.06.16 08:03:14.712,0.86088,0.86127,1.37,1.12
2015.06.16 08:03:15.040,0.86088,0.86127,1.75,1.00
2015.06.16 08:03:15.091,0.86087,0.86133,2.10,1.37
2015.06.16 08:03:15.262,0.86088,0.86133,1.75,1.37
2015.06.16 08:03:15.363,0.86093,0.86133,1.67,1.12
2015.06.16 08:03:15.632,0.86093,0.86128,1.67,1.00
2015.06.16 08:03:16.119,0.86093,0.86132,2.10,1.00
2015.06.16 08:03:16.247,0.86093,0.86132,1.72,1.00
2015.06.16 08:03:16.347,0.86093,0.86133,1.35,1.00
2015.06.16 08:03:16.863,0.86093,0.86132,1.35,1.00
2015.06.16 08:03:17.288,0.86097,0.86138,1.50,1.00
2015.06.16 08:03:17.616,0.86101,0.86143,2.47,1.37
2015.06.16 08:03:17.831,0.86101,0.86137,2.47,1.00
2015.06.16 08:03:18.052,0.86102,0.86143,1.97,1.00
2015.06.16 08:03:18.602,0.86103,0.86142,1.37,1.00
2015.06.16 08:03:18.653,0.86103,0.86142,1.50,1.00
2015.06.16 08:03:21.662,0.86103,0.86142,1.37,1.00
2015.06.16 08:03:22.452,0.86102,0.86143,1.72,1.00
2015.06.16 08:03:23.882,0.86103,0.86142,1.37,1.00
2015.06.16 08:03:25.475,0.86103,0.86142,1.37,1.00
2015.06.16 08:03:25.629,0.86103,0.86142,1.00,1.00
2015.06.16 08:03:25.729,0.86103,0.86142,1.37,1.12
2015.06.16 08:03:25.929,0.86103,0.86142,1.37,1.00
2015.06.16 08:03:26.154,0.86103,0.86142,1.00,1.37
2015.06.16 08:03:26.373,0.86103,0.86142,1.00,1.12
2015.06.16 08:03:26.478,0.86103,0.86142,1.37,1.00
2015.06.16 08:03:26.642,0.86102,0.86148,2.10,1.37
2015.06.16 08:03:26.851,0.86103,0.86142,1.75,1.00
2015.06.16 08:03:26.992,0.86103,0.86142,1.37,1.37
2015.06.16 08:03:27.293,0.86103,0.86142,1.37,1.37
2015.06.16 08:03:27.494,0.86102,0.86142,2.10,1.00
2015.06.16 08:03:27.622,0.86107,0.86148,1.12,1.37
2015.06.16 08:03:28.235,0.86108,0.86147,1.00,1.37
2015.06.16 08:03:28.613,0.86103,0.86142,1.37,1.00
2015.06.16 08:03:29.078,0.86108,0.86147,1.00,1.37
2015.06.16 08:03:31.032,0.86107,0.86148,1.12,1.37
2015.06.16 08:03:33.356,0.86103,0.86142,1.37,1.00
2015.06.16 08:03:35.513,0.86103,0.86142,1.87,1.00
2015.06.16 08:03:36.319,0.86103,0.86142,2.25,1.00
2015.06.16 08:03:36.813,0.86103,0.86142,2.25,1.00
2015.06.16 08:03:37.632,0.86103,0.86143,1.75,1.00
2015.06.16 08:03:38.260,0.86103,0.86142,2.25,1.00
2015.06.16 08:03:39.202,0.86103,0.86142,2.25,1.00
2015.06.16 08:03:39.313,0.86103,0.86142,1.87,1.37
2015.06.16 08:03:40.020,0.86103,0.86142,1.37,1.37
2015.06.16 08:03:40.354,0.86103,0.86142,1.37,1.37
2015.06.16 08:03:40.556,0.86103,0.86142,1.37,1.12
2015.06.16 08:03:40.944,0.86103,0.86142,1.75,1.00
2015.06.16 08:03:42.272,0.86103,0.86143,1.75,1.00
2015.06.16 08:03:49.292,0.86103,0.86142,3.00,1.00
2015.06.16 08:03:49.959,0.86103,0.86142,3.00,1.00
2015.06.16 08:03:56.111,0.86103,0.86143,2.25,1.00
2015.06.16 08:03:56.947,0.86103,0.86142,3.75,1.00
2015.06.16 08:03:57.878,0.86103,0.86143,1.75,1.00
2015.06.16 08:03:58.511,0.86103,0.86142,2.25,1.00
2015.06.16 08:03:58.815,0.86103,0.86142,2.25,1.00
2015.06.16 08:03:58.981,0.86103,0.86142,2.25,1.00
2015.06.16 08:04:00.685,0.86103,0.86142,2.25,1.00
2015.06.16 08:04:00.786,0.86103,0.86142,2.25,1.00
2015.06.16 08:04:02.054,0.86102,0.86143,4.35,1.00
2015.06.16 08:04:07.500,0.86103,0.86143,1.75,1.00
2015.06.16 08:04:10.634,0.86103,0.86142,2.25,1.00
2015.06.16 08:04:11.945,0.86103,0.86142,2.25,1.00
2015.06.16 08:04:12.046,0.86103,0.86142,2.25,1.00
2015.06.16 08:04:12.404,0.86108,0.86147,1.37,1.00
2015.06.16 08:04:12.455,0.86112,0.86147,2.47,1.00
2015.06.16 08:04:12.850,0.86113,0.86152,1.72,1.37
2015.06.16 08:04:12.952,0.86113,0.86152,1.37,1.12
2015.06.16 08:04:13.163,0.86113,0.86152,1.00,1.00
2015.06.16 08:04:13.640,0.86108,0.86158,1.00,1.00
2015.06.16 08:04:13.804,0.86107,0.86156,1.35,1.00
2015.06.16 08:04:14.153,0.86105,0.86142,2.85,1.00
2015.06.16 08:04:15.423,0.86105,0.86142,2.47,1.00
2015.06.16 08:04:16.360,0.86105,0.86143,2.47,1.00
2015.06.16 08:04:17.561,0.86105,0.86147,2.47,1.00
2015.06.16 08:04:17.663,0.86107,0.86147,1.67,1.00
2015.06.16 08:04:18.733,0.86108,0.86147,1.75,1.00
2015.06.16 08:04:19.101,0.86108,0.86152,2.25,1.12
2015.06.16 08:04:19.900,0.86108,0.86148,1.75,1.00
2015.06.16 08:04:19.951,0.86108,0.86148,1.37,1.12
2015.06.16 08:04:20.152,0.86108,0.86147,1.37,1.12
2015.06.16 08:04:20.363,0.86103,0.86147,1.72,1.50
2015.06.16 08:04:20.906,0.86103,0.86142,1.72,1.00
2015.06.16 08:04:21.321,0.86103,0.86142,2.10,1.00
2015.06.16 08:04:23.277,0.86105,0.86142,1.75,1.00
2015.06.16 08:04:24.158,0.86107,0.86148,2.85,1.00
2015.06.16 08:04:24.681,0.86107,0.86147,2.85,1.00
2015.06.16 08:04:24.732,0.86103,0.86147,2.25,1.37
2015.06.16 08:04:24.783,0.86103,0.86147,2.25,1.12
2015.06.16 08:04:25.021,0.86103,0.86147,2.25,1.12
2015.06.16 08:04:25.330,0.86103,0.86142,1.50,1.00
2015.06.16 08:04:26.421,0.86103,0.86142,2.25,1.00
2015.06.16 08:04:27.889,0.86103,0.86142,2.25,1.00
2015.06.16 08:04:30.280,0.86105,0.86143,1.37,1.00
2015.06.16 08:04:30.553,0.86107,0.86148,1.37,1.12
2015.06.16 08:04:31.044,0.86105,0.86153,1.75,2.10
2015.06.16 08:04:31.552,0.86112,0.86153,1.00,2.10
2015.06.16 08:04:32.150,0.86107,0.86148,1.37,1.12
2015.06.16 08:04:32.201,0.86107,0.86148,1.37,1.37
2015.06.16 08:04:33.413,0.86108,0.86152,1.37,1.75
2015.06.16 08:04:33.550,0.86108,0.86152,1.37,1.37
2015.06.16 08:04:33.660,0.86108,0.86147,1.37,1.00
2015.06.16 08:04:34.411,0.86107,0.86148,1.37,1.00
2015.06.16 08:04:35.452,0.86107,0.86148,1.37,1.37
2015.06.16 08:04:36.358,0.86107,0.86148,1.37,1.00
2015.06.16 08:04:36.551,0.86107,0.86148,1.50,1.37
2015.06.16 08:04:36.958,0.86107,0.86148,1.37,1.37
2015.06.16 08:04:37.107,0.86112,0.86153,1.00,1.75
2015.06.16 08:04:37.430,0.86112,0.86152,1.00,1.75
2015.06.16 08:04:38.862,0.86112,0.86153,1.00,1.75
2015.06.16 08:04:39.063,0.86112,0.86153,1.37,1.37
2015.06.16 08:04:39.164,0.86112,0.86153,1.00,1.00
2015.06.16 08:04:39.265,0.86112,0.86153,1.37,1.37
2015.06.16 08:04:40.124,0.86108,0.86152,1.37,1.37
2015.06.16 08:04:40.400,0.86107,0.86148,1.50,1.00
2015.06.16 08:04:40.733,0.86113,0.86152,1.00,1.37
2015.06.16 08:04:42.671,0.86113,0.86152,1.12,1.37
2015.06.16 08:04:44.580,0.86108,0.86147,1.50,1.00
2015.06.16 08:04:44.858,0.86106,0.86152,1.75,1.37
2015.06.16 08:04:44.959,0.86106,0.86153,2.85,2.25
2015.06.16 08:04:45.460,0.86112,0.86153,1.00,1.75
2015.06.16 08:04:46.238,0.86112,0.86153,1.00,1.75
2015.06.16 08:04:46.390,0.86108,0.86147,1.12,1.12
2015.06.16 08:04:46.441,0.86108,0.86147,1.35,1.37
2015.06.16 08:04:47.064,0.86106,0.86148,2.10,1.75
2015.06.16 08:04:47.115,0.86102,0.86143,1.97,1.37
2015.06.16 08:04:48.587,0.86103,0.86147,1.60,1.75
2015.06.16 08:04:48.688,0.86104,0.86147,1.30,1.75
2015.06.16 08:04:48.789,0.86103,0.86147,1.97,1.50
2015.06.16 08:04:49.092,0.86102,0.86143,1.72,1.37
2015.06.16 08:04:49.200,0.86102,0.86143,1.12,1.37
2015.06.16 08:04:49.597,0.86103,0.86142,1.00,1.50
2015.06.16 08:04:49.648,0.86098,0.86145,1.37,1.75
2015.06.16 08:04:50.300,0.86095,0.86142,1.67,1.37
2015.06.16 08:04:50.609,0.86102,0.86143,2.47,1.37
2015.06.16 08:04:57.531,0.86103,0.86142,1.97,1.37
2015.06.16 08:04:57.892,0.86103,0.86142,1.97,1.12
2015.06.16 08:04:58.634,0.86105,0.86142,1.30,1.00
2015.06.16 08:05:01.102,0.86103,0.86142,1.72,1.37
2015.06.16 08:05:03.413,0.86103,0.86142,1.60,1.75
2015.06.16 08:05:03.514,0.86103,0.86142,1.60,1.50
2015.06.16 08:05:03.915,0.86103,0.86142,1.60,1.75
2015.06.16 08:05:04.015,0.86103,0.86142,1.60,1.75
2015.06.16 08:05:04.115,0.86103,0.86142,1.60,1.75
2015.06.16 08:05:07.926,0.86103,0.86142,1.60,1.75
2015.06.16 08:05:08.652,0.86103,0.86142,1.60,1.50
2015.06.16 08:05:09.532,0.86103,0.86142,1.60,1.37
2015.06.16 08:05:09.661,0.86103,0.86142,1.60,1.75
2015.06.16 08:05:09.835,0.86103,0.86142,1.60,1.75
2015.06.16 08:05:09.944,0.86103,0.86142,1.60,1.75
2015.06.16 08:05:10.038,0.86103,0.86142,1.60,1.75
2015.06.16 08:05:10.375,0.86103,0.86142,1.60,1.75
2015.06.16 08:05:10.441,0.86103,0.86142,1.60,1.00
2015.06.16 08:05:12.455,0.86103,0.86142,1.97,1.00
2015.06.16 08:05:13.038,0.86103,0.86142,1.72,1.12
2015.06.16 08:05:14.970,0.86103,0.86142,1.72,1.37
2015.06.16 08:05:15.193,0.86103,0.86142,1.97,1.12
2015.06.16 08:05:15.559,0.86103,0.86142,1.72,1.00
2015.06.16 08:05:17.588,0.86103,0.86142,1.72,1.37
2015.06.16 08:05:19.392,0.86103,0.86142,1.60,1.12
2015.06.16 08:05:20.295,0.86103,0.86142,1.60,1.37
2015.06.16 08:05:20.596,0.86103,0.86142,1.72,1.37
2015.06.16 08:05:23.003,0.86103,0.86142,1.60,1.37
2015.06.16 08:05:25.831,0.86103,0.86142,1.60,1.12
2015.06.16 08:05:26.053,0.86103,0.86142,1.60,1.37
2015.06.16 08:05:26.471,0.86103,0.86142,1.60,1.37
2015.06.16 08:05:26.773,0.86103,0.86142,1.60,1.37
2015.06.16 08:05:28.075,0.86102,0.86149,2.10,3.00
2015.06.16 08:05:28.146,0.86102,0.86132,2.10,1.00
2015.06.16 08:05:28.255,0.86102,0.86148,2.10,1.75
2015.06.16 08:05:29.423,0.86103,0.86142,1.00,1.37
2015.06.16 08:05:32.651,0.86102,0.86143,1.00,1.37
2015.06.16 08:05:39.581,0.86098,0.86137,1.37,1.00
2015.06.16 08:05:40.133,0.86102,0.86143,1.00,1.37
2015.06.16 08:05:44.106,0.86097,0.86143,1.75,1.12
2015.06.16 08:05:44.431,0.86098,0.86143,1.75,1.00
2015.06.16 08:05:44.745,0.86098,0.86142,1.75,1.00
2015.06.16 08:05:44.862,0.86102,0.86148,1.37,1.37
2015.06.16 08:05:47.527,0.86102,0.86148,1.75,1.37
2015.06.16 08:05:47.628,0.86102,0.86148,1.75,1.37
2015.06.16 08:05:49.947,0.86103,0.86147,1.50,1.37
2015.06.16 08:05:50.932,0.86103,0.86143,1.50,1.50
2015.06.16 08:05:51.448,0.86103,0.86147,1.50,1.37
2015.06.16 08:05:54.223,0.86102,0.86148,1.75,1.37
2015.06.16 08:05:54.648,0.86102,0.86148,1.50,1.37
2015.06.16 08:05:55.483,0.86102,0.86148,1.37,1.50
2015.06.16 08:05:55.640,0.86102,0.86148,1.37,1.37
2015.06.16 08:05:55.861,0.86108,0.86147,1.00,1.37
2015.06.16 08:05:56.652,0.86108,0.86147,1.00,1.37
2015.06.16 08:05:57.056,0.86107,0.86148,1.00,1.75
2015.06.16 08:05:57.358,0.86107,0.86148,1.00,1.75
2015.06.16 08:05:57.621,0.86103,0.86147,1.12,2.85
2015.06.16 08:05:59.065,0.86103,0.86142,1.00,1.37
2015.06.16 08:06:00.127,0.86103,0.86142,1.00,1.75
2015.06.16 08:06:01.162,0.86102,0.86143,1.00,2.25
2015.06.16 08:06:02.032,0.86102,0.86143,1.00,1.75
2015.06.16 08:06:02.133,0.86102,0.86143,1.00,1.50
2015.06.16 08:06:02.922,0.86103,0.86142,1.00,1.37
2015.06.16 08:06:03.497,0.86103,0.86142,1.00,1.12
2015.06.16 08:06:03.599,0.86103,0.86142,1.37,1.37
2015.06.16 08:06:03.703,0.86102,0.86143,1.37,1.37
2015.06.16 08:06:04.211,0.861,0.86147,2.85,1.37
2015.06.16 08:06:04.331,0.86107,0.86148,1.00,1.50
2015.06.16 08:06:04.881,0.86108,0.86147,1.00,1.37
2015.06.16 08:06:05.329,0.86108,0.86147,1.00,1.37
2015.06.16 08:06:05.629,0.86103,0.86142,2.10,1.00
2015.06.16 08:06:06.255,0.86108,0.86147,1.00,1.37
2015.06.16 08:06:08.040,0.86107,0.86148,1.00,1.50
2015.06.16 08:06:11.370,0.86103,0.86147,3.22,1.37
2015.06.16 08:06:14.391,0.86103,0.86143,2.47,1.00
2015.06.16 08:06:14.951,0.86103,0.86142,2.47,1.00
2015.06.16 08:06:16.100,0.86103,0.86142,2.10,1.37
2015.06.16 08:06:17.060,0.86098,0.86142,1.72,1.37
2015.06.16 08:06:17.632,0.86098,0.86143,1.30,1.37
2015.06.16 08:06:17.830,0.86098,0.86137,1.72,1.00
2015.06.16 08:06:18.595,0.86098,0.86137,1.72,1.00
2015.06.16 08:06:18.645,0.86097,0.86143,1.97,1.37
2015.06.16 08:06:19.593,0.86098,0.86137,1.72,1.00
2015.06.16 08:06:20.302,0.86098,0.86137,1.72,1.00
2015.06.16 08:06:20.403,0.86097,0.86143,1.97,1.37
2015.06.16 08:06:20.852,0.86098,0.86142,2.10,1.37
2015.06.16 08:06:36.147,0.86098,0.86142,2.10,1.12
2015.06.16 08:06:36.360,0.86098,0.86142,2.10,1.37
2015.06.16 08:06:43.176,0.86098,0.86142,2.10,1.37
2015.06.16 08:06:52.042,0.86098,0.86142,2.25,1.37
2015.06.16 08:06:53.445,0.86098,0.86142,2.25,1.37
2015.06.16 08:06:54.160,0.86098,0.86142,2.25,1.37
2015.06.16 08:06:54.347,0.86098,0.86142,1.37,1.37
2015.06.16 08:06:54.398,0.86096,0.86138,1.35,1.00
2015.06.16 08:06:54.739,0.86095,0.86137,2.47,1.37
2015.06.16 08:06:55.133,0.8609,0.86137,1.35,1.37
2015.06.16 08:06:56.141,0.86092,0.86138,1.87,1.50
2015.06.16 08:06:56.691,0.86093,0.86132,1.37,1.00
2015.06.16 08:06:59.275,0.86093,0.86132,1.37,1.37
2015.06.16 08:07:03.809,0.86089,0.86127,1.35,1.00
2015.06.16 08:07:04.023,0.86088,0.86127,1.37,1.00
2015.06.16 08:07:05.139,0.86087,0.86128,2.10,1.00
2015.06.16 08:07:08.900,0.86087,0.86133,2.10,1.37
2015.06.16 08:07:08.950,0.86087,0.86133,1.72,1.50
2015.06.16 08:07:09.490,0.86088,0.86127,1.37,1.00
2015.06.16 08:07:11.099,0.86087,0.86128,1.72,1.12
2015.06.16 08:07:12.042,0.86087,0.86128,2.10,1.00
2015.06.16 08:07:12.611,0.86088,0.86127,1.37,1.00
2015.06.16 08:07:12.829,0.86085,0.86132,1.75,1.37
2015.06.16 08:07:13.158,0.86084,0.86127,1.75,1.00
2015.06.16 08:07:15.830,0.86085,0.86127,1.75,1.00
2015.06.16 08:07:16.163,0.86085,0.86132,2.25,1.00
2015.06.16 08:07:18.786,0.86093,0.86132,1.00,1.37
2015.06.16 08:07:19.903,0.86092,0.86133,1.12,1.37
2015.06.16 08:07:20.449,0.86088,0.86127,1.37,1.12
2015.06.16 08:07:21.480,0.86082,0.8613,1.72,1.50
2015.06.16 08:07:21.629,0.86082,0.86123,1.72,1.00
2015.06.16 08:07:22.928,0.86083,0.86122,1.00,1.00
2015.06.16 08:07:23.499,0.86082,0.86123,1.72,1.00
2015.06.16 08:07:23.880,0.86082,0.86123,2.10,1.00
2015.06.16 08:07:24.159,0.86088,0.86127,1.00,1.00
2015.06.16 08:07:24.392,0.86088,0.86127,1.37,1.12
2015.06.16 08:07:24.819,0.86093,0.86132,1.37,1.37
2015.06.16 08:07:25.149,0.86093,0.86132,1.37,1.37
2015.06.16 08:07:25.379,0.86093,0.86137,1.37,1.50
2015.06.16 08:07:26.955,0.86094,0.86132,1.35,1.00
2015.06.16 08:07:27.449,0.86093,0.86132,1.97,1.00
2015.06.16 08:07:28.259,0.86094,0.86132,1.35,1.00
2015.06.16 08:07:28.979,0.86093,0.86132,2.10,1.00
2015.06.16 08:07:30.390,0.86094,0.86132,1.67,1.00
2015.06.16 08:07:37.876,0.86093,0.86132,2.10,1.00
2015.06.16 08:07:40.409,0.86093,0.86133,1.35,1.12
2015.06.16 08:07:47.354,0.86094,0.86132,1.35,1.00
2015.06.16 08:07:48.272,0.86093,0.86132,1.97,1.00
2015.06.16 08:07:48.779,0.86093,0.86132,2.10,1.00
2015.06.16 08:07:49.427,0.86093,0.86133,1.35,1.00
2015.06.16 08:07:51.644,0.86092,0.86133,2.10,1.37
2015.06.16 08:07:53.772,0.86093,0.86132,1.72,1.37
2015.06.16 08:07:54.180,0.86087,0.86128,1.50,1.37
2015.06.16 08:07:54.388,0.86087,0.86128,1.37,1.37
2015.06.16 08:07:54.762,0.86084,0.86132,1.35,1.75
2015.06.16 08:07:56.759,0.86082,0.86131,3.22,1.75
2015.06.16 08:07:56.893,0.86083,0.86122,1.97,1.00
2015.06.16 08:08:06.962,0.86085,0.86122,1.30,1.37
2015.06.16 08:08:07.361,0.86082,0.86123,1.37,1.37
2015.06.16 08:08:07.745,0.86077,0.86118,1.50,1.00
2015.06.16 08:08:11.398,0.86083,0.86122,1.00,1.37
2015.06.16 08:08:13.383,0.86083,0.86122,1.00,1.37
2015.06.16 08:08:13.848,0.86074,0.86122,1.97,1.50
2015.06.16 08:08:14.736,0.86072,0.86123,2.25,1.50
2015.06.16 08:08:16.251,0.86078,0.86123,1.00,1.50
2015.06.16 08:08:16.438,0.86078,0.86123,1.50,1.37
2015.06.16 08:08:17.027,0.8608,0.86123,1.37,1.37
2015.06.16 08:08:18.329,0.86079,0.86131,1.37,1.75
2015.06.16 08:08:23.855,0.86079,0.86122,1.37,1.00
2015.06.16 08:08:26.978,0.86083,0.86122,1.37,1.12
2015.06.16 08:08:30.798,0.86084,0.86122,1.35,1.00
2015.06.16 08:08:30.898,0.86084,0.86132,1.35,1.37
2015.06.16 08:08:31.309,0.86086,0.86127,1.50,1.00
2015.06.16 08:08:31.861,0.86086,0.86128,1.50,1.00
2015.06.16 08:08:32.923,0.86086,0.86127,1.50,1.00
2015.06.16 08:08:34.356,0.86087,0.86127,1.50,1.00
2015.06.16 08:08:34.829,0.86087,0.86133,2.25,1.37
2015.06.16 08:08:35.622,0.86087,0.86133,2.25,1.37
2015.06.16 08:08:36.349,0.86088,0.86132,1.75,1.12
2015.06.16 08:08:54.832,0.8609,0.86133,1.37,1.00
2015.06.16 08:08:55.022,0.86093,0.86132,1.37,1.00
2015.06.16 08:08:55.895,0.86093,0.86132,1.37,1.00
2015.06.16 08:08:56.609,0.86092,0.86133,1.50,1.12
2015.06.16 08:08:56.726,0.86092,0.86133,1.37,1.00
2015.06.16 08:08:56.827,0.86092,0.86133,1.50,1.00
2015.06.16 08:08:59.427,0.86092,0.86133,1.37,1.12
2015.06.16 08:09:00.377,0.8609,0.86132,1.75,1.00
2015.06.16 08:09:01.117,0.86088,0.86133,2.25,1.12
2015.06.16 08:09:01.823,0.86088,0.86132,3.00,1.00
2015.06.16 08:09:01.999,0.86088,0.86132,2.25,1.37
2015.06.16 08:09:02.358,0.86086,0.86133,1.35,1.50
2015.06.16 08:09:02.458,0.86086,0.86133,1.97,1.50
2015.06.16 08:09:05.990,0.86086,0.86132,1.97,1.37
2015.06.16 08:09:06.489,0.86087,0.86132,1.67,1.37
2015.06.16 08:09:06.818,0.86091,0.86137,1.37,1.37
2015.06.16 08:09:10.739,0.86092,0.86138,1.50,1.75
2015.06.16 08:09:11.056,0.86092,0.86135,1.00,1.75
2015.06.16 08:09:11.299,0.86092,0.86135,1.00,1.50
2015.06.16 08:09:12.223,0.86093,0.86137,1.00,2.25
2015.06.16 08:09:15.087,0.86092,0.86137,1.00,1.75
2015.06.16 08:09:15.418,0.86088,0.86133,1.37,1.37
2015.06.16 08:09:17.847,0.86089,0.86132,1.75,1.12
2015.06.16 08:09:19.453,0.86088,0.86132,2.25,1.37
2015.06.16 08:09:19.647,0.86088,0.86137,1.37,1.75
2015.06.16 08:09:19.756,0.86088,0.86137,1.50,1.75
2015.06.16 08:09:19.870,0.86088,0.86137,1.37,1.75
2015.06.16 08:09:20.350,0.86088,0.86137,1.37,1.75
2015.06.16 08:09:21.109,0.86084,0.86132,1.75,1.37
2015.06.16 08:09:23.986,0.86085,0.86133,1.75,1.37
2015.06.16 08:09:25.589,0.86085,0.86133,1.37,1.75
2015.06.16 08:09:26.192,0.86083,0.86132,3.00,1.37
2015.06.16 08:09:29.207,0.86088,0.86132,1.37,1.50
2015.06.16 08:09:31.101,0.86085,0.86136,1.37,1.75
2015.06.16 08:09:31.918,0.86081,0.86123,1.75,1.00
2015.06.16 08:09:33.350,0.86083,0.86127,1.50,1.37
2015.06.16 08:09:33.540,0.86083,0.86127,1.37,1.37
2015.06.16 08:09:33.937,0.86083,0.86127,1.37,1.50
2015.06.16 08:09:35.638,0.86083,0.86127,1.37,1.37
2015.06.16 08:09:35.957,0.86083,0.86127,1.87,1.12
2015.06.16 08:09:36.360,0.86084,0.86127,1.75,1.00
2015.06.16 08:09:36.635,0.86088,0.86132,1.37,1.37
2015.06.16 08:09:38.847,0.86084,0.86127,1.75,1.00
2015.06.16 08:09:39.383,0.86083,0.86127,1.75,1.00
2015.06.16 08:09:39.541,0.86083,0.86127,1.37,1.37
2015.06.16 08:09:39.839,0.8608,0.86122,1.75,1.00
2015.06.16 08:09:41.145,0.8608,0.86122,1.75,1.00
2015.06.16 08:09:41.817,0.86083,0.86127,1.50,1.12
2015.06.16 08:09:44.467,0.86081,0.86122,2.25,1.00
2015.06.16 08:09:46.657,0.86083,0.86122,1.75,1.00
2015.06.16 08:09:46.707,0.86083,0.86128,1.75,1.00
2015.06.16 08:09:46.979,0.86088,0.86127,1.50,1.00
2015.06.16 08:09:47.087,0.86085,0.86127,1.50,1.00
2015.06.16 08:09:47.180,0.86085,0.86132,1.75,1.00
2015.06.16 08:09:47.382,0.86091,0.86133,1.37,1.37
2015.06.16 08:09:48.364,0.86089,0.86133,1.37,1.37
2015.06.16 08:09:49.898,0.86088,0.86132,1.87,1.50
2015.06.16 08:09:50.200,0.86082,0.86135,2.25,1.75
2015.06.16 08:09:50.371,0.86082,0.86135,2.25,1.75
2015.06.16 08:09:51.096,0.86084,0.86132,1.37,1.37
2015.06.16 08:09:51.785,0.86084,0.86133,1.37,1.37
2015.06.16 08:09:52.201,0.86088,0.86132,1.37,1.12
2015.06.16 08:09:54.009,0.86088,0.86132,1.12,1.50
2015.06.16 08:09:54.102,0.86088,0.86132,1.00,1.37
2015.06.16 08:09:54.253,0.86088,0.86136,1.37,1.75
2015.06.16 08:09:55.457,0.86084,0.86127,1.50,1.00
2015.06.16 08:09:56.015,0.86084,0.86127,1.75,1.00
2015.06.16 08:09:57.720,0.86084,0.86127,1.37,1.00
2015.06.16 08:09:59.354,0.86084,0.86127,1.75,1.00
2015.06.16 08:09:59.664,0.86084,0.86128,1.37,1.00
2015.06.16 08:09:59.765,0.86083,0.86128,1.75,1.37
2015.06.16 08:10:00.150,0.86083,0.86128,1.37,1.37
2015.06.16 08:10:07.183,0.86083,0.86127,1.37,1.37
2015.06.16 08:10:11.590,0.86082,0.86128,1.37,1.75
2015.06.16 08:10:15.498,0.86082,0.86128,1.75,1.50
2015.06.16 08:10:15.599,0.86083,0.86127,1.75,1.12
2015.06.16 08:10:16.139,0.86088,0.86132,1.37,1.37
2015.06.16 08:10:16.297,0.86093,0.86136,1.00,1.75
2015.06.16 08:10:17.319,0.86093,0.86137,1.00,1.75
2015.06.16 08:10:17.954,0.86093,0.86137,1.00,1.75
2015.06.16 08:10:20.869,0.86098,0.86136,1.00,1.75
2015.06.16 08:10:21.089,0.86092,0.86138,1.37,1.75
2015.06.16 08:10:21.337,0.86087,0.86138,1.37,1.75
2015.06.16 08:10:23.091,0.86092,0.86138,1.00,1.75
2015.06.16 08:10:23.213,0.86092,0.86138,1.00,1.75
2015.06.16 08:10:23.846,0.86093,0.86137,1.00,1.75
2015.06.16 08:10:24.348,0.86092,0.86138,1.00,2.25
2015.06.16 08:10:24.920,0.86093,0.86137,1.00,1.75
2015.06.16 08:10:30.841,0.86092,0.86141,1.37,2.25
2015.06.16 08:10:30.941,0.86092,0.86142,1.12,1.37
2015.06.16 08:10:31.015,0.86092,0.86142,1.75,1.75
2015.06.16 08:10:31.224,0.86092,0.86138,1.37,1.50
2015.06.16 08:10:31.325,0.86092,0.86138,1.37,1.75
2015.06.16 08:10:31.849,0.86092,0.86138,1.37,1.75
2015.06.16 08:10:34.436,0.86093,0.86138,1.00,1.75
2015.06.16 08:10:36.867,0.86093,0.86136,1.00,1.75
2015.06.16 08:10:36.918,0.86087,0.86135,1.37,1.75
2015.06.16 08:10:37.444,0.86087,0.86135,1.12,1.75
2015.06.16 08:10:37.805,0.86087,0.86137,1.37,1.75
2015.06.16 08:10:38.323,0.86098,0.86138,1.00,1.75
2015.06.16 08:10:39.750,0.86098,0.8614,1.00,1.75
2015.06.16 08:10:41.390,0.86093,0.86137,1.00,1.50
2015.06.16 08:10:43.393,0.86097,0.8614,1.00,2.25
2015.06.16 08:10:43.647,0.86097,0.86142,1.00,2.25
2015.06.16 08:10:45.153,0.86097,0.86143,1.12,3.00
2015.06.16 08:10:47.479,0.86093,0.86137,1.12,1.75
2015.06.16 08:10:49.475,0.86092,0.86138,1.37,1.37
2015.06.16 08:10:58.693,0.86092,0.86138,1.37,1.50
2015.06.16 08:10:59.898,0.86092,0.86138,1.37,1.75
2015.06.16 08:11:00.602,0.86092,0.86138,1.37,1.75
2015.06.16 08:11:00.889,0.86088,0.86137,1.75,1.75
2015.06.16 08:11:01.502,0.86088,0.86137,2.25,1.50
2015.06.16 08:11:05.495,0.86093,0.86137,1.12,1.50
2015.06.16 08:11:07.320,0.86093,0.86137,1.12,2.25
2015.06.16 08:11:07.928,0.86092,0.86138,1.12,2.25
2015.06.16 08:11:08.327,0.86092,0.86138,1.00,1.75
2015.06.16 08:11:08.869,0.86092,0.86138,1.37,1.75
2015.06.16 08:11:09.409,0.86093,0.86137,1.00,1.75
2015.06.16 08:11:09.923,0.86088,0.86137,1.37,1.75
2015.06.16 08:11:10.276,0.86088,0.86137,1.37,1.75
2015.06.16 08:11:10.612,0.86087,0.86138,1.75,3.00
2015.06.16 08:11:10.722,0.86087,0.86138,1.75,2.25
2015.06.16 08:11:13.422,0.86092,0.86138,1.37,1.75
2015.06.16 08:11:15.745,0.86093,0.86137,1.37,1.50
2015.06.16 08:11:21.041,0.86093,0.86137,1.37,1.75
2015.06.16 08:11:23.152,0.86088,0.86132,1.37,1.37
2015.06.16 08:11:23.969,0.86088,0.86132,1.72,1.37
2015.06.16 08:11:24.148,0.86088,0.86128,1.30,1.50
2015.06.16 08:11:24.269,0.86088,0.86128,1.30,1.87
2015.06.16 08:11:24.588,0.86083,0.86127,1.37,1.37
2015.06.16 08:11:24.870,0.86082,0.86125,1.12,1.37
2015.06.16 08:11:25.372,0.86083,0.86127,1.00,1.37
2015.06.16 08:11:25.940,0.86082,0.86128,1.00,1.50
2015.06.16 08:11:26.086,0.86082,0.86128,1.37,1.50
2015.06.16 08:11:28.153,0.86082,0.86128,1.50,1.37
2015.06.16 08:11:28.680,0.86086,0.86128,1.75,1.00
2015.06.16 08:11:28.937,0.86092,0.86133,1.37,1.37
2015.06.16 08:11:29.179,0.86093,0.86137,1.50,1.37
2015.06.16 08:11:32.187,0.86093,0.86137,2.25,1.37
2015.06.16 08:11:34.629,0.86093,0.86132,1.75,1.00
2015.06.16 08:11:37.377,0.86093,0.86137,2.25,1.37
2015.06.16 08:11:37.627,0.86093,0.86132,1.75,1.00
2015.06.16 08:11:38.592,0.86093,0.86137,2.25,1.37
2015.06.16 08:11:41.560,0.86093,0.86133,1.75,1.00
2015.06.16 08:11:42.137,0.86093,0.86137,2.25,1.37
2015.06.16 08:11:43.297,0.86093,0.86133,1.75,1.00
2015.06.16 08:11:43.789,0.86093,0.86133,1.75,1.00
2015.06.16 08:11:44.992,0.86092,0.86133,1.75,1.00
2015.06.16 08:11:45.297,0.86093,0.86137,1.75,1.37
2015.06.16 08:11:46.618,0.86093,0.86137,2.25,1.00
2015.06.16 08:11:49.248,0.86099,0.86137,1.35,1.00
2015.06.16 08:11:50.438,0.86101,0.86137,1.30,1.12
2015.06.16 08:11:50.539,0.86093,0.86137,2.10,1.12
2015.06.16 08:11:51.109,0.86093,0.86137,2.10,1.37
2015.06.16 08:11:51.159,0.86093,0.86133,1.35,1.00
2015.06.16 08:11:51.377,0.86093,0.86138,1.35,1.37
2015.06.16 08:11:51.629,0.86092,0.86142,1.97,1.75
2015.06.16 08:11:52.147,0.86091,0.86132,1.35,1.00
2015.06.16 08:11:52.616,0.8609,0.86132,2.47,1.12
2015.06.16 08:11:55.922,0.8609,0.86133,2.10,1.75
2015.06.16 08:11:55.972,0.86087,0.86133,1.87,1.75
2015.06.16 08:11:56.023,0.86087,0.86131,1.87,1.75
2015.06.16 08:11:57.149,0.8608,0.86122,1.35,1.37
2015.06.16 08:11:57.249,0.86079,0.86122,1.35,1.37
2015.06.16 08:11:57.350,0.86078,0.86123,1.35,1.37
2015.06.16 08:11:57.401,0.86078,0.86117,1.35,1.00
2015.06.16 08:11:57.928,0.86077,0.86118,1.35,1.00
2015.06.16 08:11:58.830,0.86078,0.86118,1.35,1.00
2015.06.16 08:12:02.156,0.86076,0.86118,2.85,1.00
2015.06.16 08:12:03.146,0.86076,0.86117,2.85,1.00
2015.06.16 08:12:03.777,0.86075,0.86118,2.25,1.00
2015.06.16 08:12:04.306,0.86078,0.86117,1.37,1.00
2015.06.16 08:12:07.297,0.86076,0.86113,1.50,1.00
2015.06.16 08:12:11.587,0.86076,0.86112,1.50,1.00
2015.06.16 08:12:19.479,0.86081,0.86118,1.35,1.00
2015.06.16 08:12:20.108,0.8608,0.86117,1.35,1.00
2015.06.16 08:12:22.950,0.86078,0.86117,1.50,1.00
2015.06.16 08:12:23.219,0.86078,0.86117,1.37,1.37
2015.06.16 08:12:24.083,0.86077,0.86118,1.37,1.37
2015.06.16 08:12:24.184,0.86077,0.86118,1.37,1.75
2015.06.16 08:12:24.348,0.86073,0.86121,1.37,1.75
2015.06.16 08:12:24.399,0.86073,0.86121,1.12,1.75
2015.06.16 08:12:25.356,0.86067,0.86108,2.10,1.00
2015.06.16 08:12:26.701,0.86067,0.86108,2.10,1.37
2015.06.16 08:12:27.025,0.86065,0.86108,1.35,1.50
2015.06.16 08:12:27.519,0.86064,0.86107,2.47,1.37
2015.06.16 08:12:28.300,0.86068,0.86112,1.00,1.75
2015.06.16 08:12:28.806,0.86068,0.86112,1.37,1.75
2015.06.16 08:12:28.908,0.86066,0.86112,1.35,1.75
2015.06.16 08:12:29.135,0.86066,0.86107,1.35,1.37
2015.06.16 08:12:29.855,0.86066,0.86107,1.35,1.37
2015.06.16 08:12:30.027,0.86064,0.86107,2.47,1.37
2015.06.16 08:12:30.428,0.86063,0.86107,1.37,1.50
2015.06.16 08:12:31.244,0.86062,0.86108,1.50,1.37
2015.06.16 08:12:32.026,0.86068,0.86107,1.12,1.37
2015.06.16 08:12:36.556,0.86063,0.86102,1.50,1.00
2015.06.16 08:12:38.183,0.86072,0.86113,2.10,1.75
2015.06.16 08:12:38.337,0.86063,0.86108,1.35,1.75
2015.06.16 08:12:38.388,0.86065,0.86108,1.35,1.50
2015.06.16 08:12:38.891,0.86068,0.86107,1.97,1.37
2015.06.16 08:12:39.099,0.86068,0.86107,1.97,1.00
2015.06.16 08:12:39.636,0.86067,0.86102,2.47,1.00
2015.06.16 08:12:40.180,0.86067,0.86102,2.47,1.00
2015.06.16 08:12:46.341,0.86067,0.86102,2.47,1.37
2015.06.16 08:12:46.391,0.86063,0.86102,1.50,1.37
2015.06.16 08:12:47.746,0.86063,0.86102,1.37,1.37
2015.06.16 08:12:47.805,0.86063,0.86102,1.37,1.37
2015.06.16 08:12:48.522,0.86067,0.86108,1.37,1.75
2015.06.16 08:12:49.824,0.86067,0.86108,1.50,1.37
2015.06.16 08:12:51.279,0.86067,0.86108,1.37,1.37
2015.06.16 08:12:54.076,0.86067,0.86108,2.10,1.37
2015.06.16 08:12:54.676,0.86068,0.86108,1.35,1.37
2015.06.16 08:12:58.095,0.86067,0.86108,2.10,1.75
2015.06.16 08:13:01.133,0.86068,0.86107,1.72,1.50
2015.06.16 08:13:03.427,0.86063,0.86102,1.50,1.12
2015.06.16 08:13:05.160,0.86061,0.86097,1.75,1.00
2015.06.16 08:13:08.359,0.8606,0.86097,1.50,1.00
2015.06.16 08:13:09.366,0.86059,0.86098,1.35,1.00
2015.06.16 08:13:14.067,0.86059,0.86097,1.35,1.00
2015.06.16 08:13:19.927,0.86063,0.86102,1.37,1.37
2015.06.16 08:13:20.612,0.86063,0.86102,1.50,1.00
2015.06.16 08:13:22.645,0.86064,0.86102,1.75,1.00
2015.06.16 08:13:22.970,0.86068,0.86102,1.35,1.00
2015.06.16 08:13:23.085,0.86068,0.86108,1.35,1.37
2015.06.16 08:13:23.935,0.8607,0.86107,1.67,1.00
2015.06.16 08:13:24.524,0.86073,0.86107,2.47,1.00
2015.06.16 08:13:26.416,0.86073,0.86112,3.22,1.12
2015.06.16 08:13:27.258,0.86074,0.86112,1.35,1.12
2015.06.16 08:13:27.598,0.86074,0.86108,1.35,1.00
2015.06.16 08:13:28.365,0.86074,0.86113,1.35,1.37
2015.06.16 08:13:30.312,0.86073,0.86113,2.47,1.37
2015.06.16 08:13:31.520,0.86073,0.86113,2.47,1.37
2015.06.16 08:13:31.620,0.86074,0.86113,1.35,1.37
2015.06.16 08:13:31.939,0.86076,0.86113,1.35,1.00
2015.06.16 08:13:35.076,0.86078,0.86117,1.37,1.37
2015.06.16 08:13:36.301,0.86078,0.86117,1.75,1.37
2015.06.16 08:13:37.303,0.86078,0.86117,1.50,1.37
2015.06.16 08:13:39.351,0.86077,0.86118,1.75,1.37
2015.06.16 08:13:39.451,0.86078,0.86122,1.50,1.37
2015.06.16 08:13:39.621,0.86078,0.86122,1.37,1.75
2015.06.16 08:13:39.721,0.86078,0.86122,1.00,1.00
2015.06.16 08:13:40.240,0.86074,0.86123,2.10,1.00
2015.06.16 08:13:40.575,0.86077,0.86125,1.35,1.87
2015.06.16 08:13:41.155,0.86077,0.86124,1.72,2.25
2015.06.16 08:13:42.419,0.86077,0.86124,1.72,2.25
2015.06.16 08:13:43.105,0.86078,0.86123,1.00,2.25
2015.06.16 08:13:43.644,0.86077,0.86125,1.30,1.75
2015.06.16 08:13:43.700,0.86075,0.86125,1.35,1.75
2015.06.16 08:13:46.431,0.86078,0.86126,1.37,2.25
2015.06.16 08:13:47.435,0.86078,0.86125,1.00,1.75
2015.06.16 08:13:48.605,0.86077,0.86123,1.00,1.75
2015.06.16 08:13:49.666,0.86077,0.86123,1.00,1.75
2015.06.16 08:13:49.978,0.86083,0.86126,1.00,2.25
2015.06.16 08:13:50.161,0.86072,0.86123,1.75,1.75
2015.06.16 08:13:50.995,0.86078,0.86122,1.37,1.50
2015.06.16 08:13:57.123,0.86078,0.86122,1.37,1.50
2015.06.16 08:13:57.500,0.86079,0.86123,1.35,1.75
2015.06.16 08:14:03.236,0.86078,0.86123,2.85,1.50
2015.06.16 08:14:05.341,0.86079,0.86123,1.35,1.75
2015.06.16 08:14:13.890,0.86082,0.86123,1.37,1.50
2015.06.16 08:14:14.222,0.86079,0.86122,1.67,1.75
2015.06.16 08:14:14.288,0.86078,0.86122,1.97,1.37
2015.06.16 08:14:14.491,0.86078,0.86127,1.37,2.25
2015.06.16 08:14:14.843,0.86078,0.86126,1.37,2.25
2015.06.16 08:14:15.162,0.86078,0.86126,1.50,2.25
2015.06.16 08:14:16.404,0.86074,0.86127,2.25,3.75
2015.06.16 08:14:16.602,0.86079,0.86127,1.75,1.75
2015.06.16 08:14:16.814,0.86083,0.86129,1.37,1.75
2015.06.16 08:14:16.915,0.86083,0.86132,1.37,2.25
2015.06.16 08:14:17.564,0.86087,0.86136,1.37,1.75
2015.06.16 08:14:19.112,0.86087,0.86135,1.37,2.25
2015.06.16 08:14:19.714,0.86082,0.86133,1.87,1.75
2015.06.16 08:14:19.830,0.86082,0.86133,1.50,1.75
2015.06.16 08:14:23.923,0.86082,0.86133,1.37,3.00
2015.06.16 08:14:28.765,0.86082,0.86133,2.25,1.75
2015.06.16 08:14:29.893,0.86083,0.86133,1.50,1.75
2015.06.16 08:14:30.268,0.86083,0.86133,1.75,1.75
2015.06.16 08:14:38.880,0.86082,0.8613,1.50,1.75
2015.06.16 08:14:38.993,0.86082,0.8613,1.37,1.75
2015.06.16 08:14:39.094,0.86082,0.86132,1.50,2.25
2015.06.16 08:14:39.396,0.8608,0.86128,1.72,1.00
2015.06.16 08:14:40.384,0.86082,0.86128,2.25,1.50
2015.06.16 08:14:43.525,0.86087,0.86131,1.37,1.35
2015.06.16 08:14:43.905,0.86088,0.86132,1.37,2.10
2015.06.16 08:14:44.233,0.86088,0.86132,1.12,1.97
2015.06.16 08:14:44.897,0.86083,0.86132,2.85,1.75
2015.06.16 08:14:45.429,0.86083,0.86132,2.10,1.75
2015.06.16 08:14:46.204,0.86083,0.86132,2.10,1.75
2015.06.16 08:14:47.032,0.86083,0.86132,2.10,1.75
2015.06.16 08:14:48.234,0.86088,0.86133,1.37,1.75
2015.06.16 08:14:54.603,0.86093,0.86135,1.00,1.75
2015.06.16 08:14:55.423,0.86093,0.86135,1.37,1.75
2015.06.16 08:14:56.241,0.86093,0.86136,1.00,1.75
2015.06.16 08:14:56.765,0.86093,0.86137,1.00,2.25
2015.06.16 08:14:57.630,0.86092,0.86138,1.12,1.75
2015.06.16 08:14:58.623,0.86092,0.86138,1.12,1.75
2015.06.16 08:14:59.310,0.86092,0.86136,1.00,1.75
2015.06.16 08:14:59.360,0.86092,0.86136,1.00,1.75
2015.06.16 08:14:59.937,0.86092,0.86136,1.12,2.25
2015.06.16 08:15:00.324,0.86093,0.86134,1.00,1.75
2015.06.16 08:15:01.865,0.86093,0.86131,1.00,1.75
2015.06.16 08:15:02.416,0.86092,0.86134,1.00,1.75
2015.06.16 08:15:03.940,0.86092,0.86133,1.00,1.35
2015.06.16 08:15:04.065,0.86088,0.86132,1.37,1.75
2015.06.16 08:15:05.375,0.86088,0.86132,1.12,2.25
2015.06.16 08:15:05.476,0.86087,0.86132,1.00,2.25
2015.06.16 08:15:11.366,0.86087,0.86129,1.00,1.75
2015.06.16 08:15:12.095,0.86088,0.86128,1.00,1.75
2015.06.16 08:15:12.625,0.86087,0.86126,1.00,1.35
2015.06.16 08:15:12.991,0.86087,0.86126,1.00,1.67
2015.06.16 08:15:13.243,0.86093,0.86132,1.00,2.25
2015.06.16 08:15:15.176,0.86093,0.86131,1.00,1.75
2015.06.16 08:15:15.396,0.86093,0.8613,1.00,1.75
2015.06.16 08:15:15.497,0.86093,0.86131,1.00,1.75
2015.06.16 08:15:17.128,0.86087,0.86131,1.12,1.75
2015.06.16 08:15:17.329,0.86087,0.86133,1.97,1.75
2015.06.16 08:15:17.380,0.86093,0.86135,1.00,1.75
2015.06.16 08:15:17.698,0.86093,0.86137,1.00,1.75
2015.06.16 08:15:18.314,0.86092,0.86136,1.00,1.75
2015.06.16 08:15:19.137,0.86093,0.86137,1.00,2.25
2015.06.16 08:15:19.625,0.86097,0.86137,1.00,1.75
2015.06.16 08:15:21.888,0.86098,0.86137,1.00,1.75
2015.06.16 08:15:23.755,0.86097,0.86137,1.00,1.75
2015.06.16 08:15:25.624,0.86097,0.86135,1.00,1.75
2015.06.16 08:15:25.760,0.86092,0.86135,1.00,2.25
2015.06.16 08:15:25.860,0.86087,0.86132,1.00,1.35
2015.06.16 08:15:26.177,0.86098,0.86132,1.00,1.35
2015.06.16 08:15:26.633,0.86097,0.86131,1.00,1.35
2015.06.16 08:15:27.256,0.86098,0.86133,1.00,2.25
2015.06.16 08:15:28.137,0.86098,0.86133,1.00,1.75
2015.06.16 08:15:28.639,0.86098,0.86133,1.00,1.75
2015.06.16 08:15:29.345,0.86097,0.86135,1.00,1.75
2015.06.16 08:15:30.375,0.86098,0.86135,1.00,1.75
2015.06.16 08:15:31.152,0.86098,0.86136,1.37,1.50
2015.06.16 08:15:31.378,0.86098,0.86141,1.12,1.75
2015.06.16 08:15:31.479,0.86098,0.86144,1.12,2.25
2015.06.16 08:15:31.582,0.86102,0.86147,1.00,2.25
2015.06.16 08:15:31.974,0.86098,0.86147,1.37,1.75
2015.06.16 08:15:33.126,0.86108,0.8615,1.00,1.75
2015.06.16 08:15:33.465,0.86102,0.86148,1.37,1.75
2015.06.16 08:15:34.535,0.86108,0.86149,1.00,2.25
2015.06.16 08:15:35.665,0.86107,0.86149,1.00,2.25
2015.06.16 08:15:36.190,0.86107,0.86149,1.00,1.75
2015.06.16 08:15:36.894,0.86107,0.86149,1.12,1.75
2015.06.16 08:15:37.449,0.86107,0.8615,1.12,2.25
2015.06.16 08:15:38.000,0.86108,0.86149,1.00,1.75
2015.06.16 08:15:38.415,0.86102,0.86145,1.00,1.75
2015.06.16 08:15:38.910,0.86102,0.86138,1.00,1.35
2015.06.16 08:15:39.575,0.86103,0.86144,1.00,2.25
2015.06.16 08:15:41.364,0.86092,0.86143,2.10,1.75
2015.06.16 08:15:41.464,0.86094,0.86145,2.85,1.75
2015.06.16 08:15:42.183,0.86108,0.86147,1.00,1.75
2015.06.16 08:15:42.788,0.86107,0.86148,1.00,1.75
2015.06.16 08:15:43.138,0.86112,0.86149,1.00,1.75
2015.06.16 08:15:43.366,0.86107,0.86148,1.00,1.75
2015.06.16 08:15:45.774,0.86107,0.86148,1.37,1.75
2015.06.16 08:15:46.325,0.86107,0.86148,1.00,1.75
2015.06.16 08:15:46.635,0.86112,0.8615,1.00,2.25
2015.06.16 08:15:48.079,0.86112,0.8615,1.00,1.75
2015.06.16 08:15:48.398,0.86108,0.86147,1.00,1.50
2015.06.16 08:15:48.498,0.86108,0.86147,1.00,1.75
2015.06.16 08:15:48.865,0.86108,0.86149,1.00,1.75
2015.06.16 08:15:49.388,0.86107,0.8615,1.00,1.75
2015.06.16 08:15:49.886,0.86107,0.86151,1.00,1.75
2015.06.16 08:15:49.987,0.86107,0.86152,1.37,2.25
2015.06.16 08:15:50.088,0.86107,0.86154,1.37,1.75
2015.06.16 08:15:50.188,0.86107,0.86156,1.75,2.10
2015.06.16 08:15:53.442,0.86113,0.86157,1.37,1.75
2015.06.16 08:15:55.176,0.86112,0.86158,1.37,2.25
2015.06.16 08:15:55.477,0.86112,0.86158,1.00,2.25
2015.06.16 08:15:55.695,0.86108,0.86152,1.37,1.75
2015.06.16 08:15:56.047,0.86112,0.86153,1.00,1.75
2015.06.16 08:15:56.284,0.86108,0.86152,1.37,1.75
2015.06.16 08:15:56.395,0.86108,0.86152,1.37,1.37
2015.06.16 08:15:56.499,0.86108,0.86151,1.00,1.72
2015.06.16 08:15:56.549,0.86108,0.86148,1.00,1.00
2015.06.16 08:15:57.783,0.86107,0.86147,1.00,1.75
2015.06.16 08:15:58.014,0.86107,0.86148,1.72,1.75
2015.06.16 08:15:58.115,0.86108,0.86152,1.00,2.25
2015.06.16 08:15:59.144,0.86103,0.86147,1.75,1.50
2015.06.16 08:16:00.607,0.86103,0.86147,1.37,1.50
2015.06.16 08:16:02.013,0.86102,0.86148,1.50,1.37
2015.06.16 08:16:02.113,0.86103,0.86148,1.97,1.75
2015.06.16 08:16:02.214,0.86105,0.86152,1.35,1.75
2015.06.16 08:16:02.313,0.86106,0.86152,1.35,1.37
2015.06.16 08:16:02.363,0.86106,0.86147,1.35,1.00
2015.06.16 08:16:02.867,0.86113,0.86152,1.12,1.37
2015.06.16 08:16:02.917,0.86104,0.86152,2.10,1.00
2015.06.16 08:16:03.115,0.86104,0.86148,1.60,1.00
2015.06.16 08:16:03.544,0.86113,0.86152,1.00,1.00
2015.06.16 08:16:04.096,0.86112,0.86153,1.00,1.00
2015.06.16 08:16:04.946,0.86113,0.86152,1.37,1.37
2015.06.16 08:16:05.420,0.86107,0.86149,1.97,1.37
2015.06.16 08:16:05.521,0.86107,0.86149,1.72,1.75
2015.06.16 08:16:10.718,0.86107,0.86149,1.60,1.50
2015.06.16 08:16:15.564,0.86108,0.86148,1.60,1.75
2015.06.16 08:16:15.809,0.86103,0.86147,1.37,1.75
2015.06.16 08:16:15.859,0.86103,0.86147,1.00,1.75
2015.06.16 08:16:17.034,0.86103,0.86145,1.00,1.75
2015.06.16 08:16:21.944,0.86103,0.86145,1.00,1.75
2015.06.16 08:16:23.247,0.86102,0.86148,1.00,2.25
2015.06.16 08:16:24.360,0.86102,0.86146,1.37,1.75
2015.06.16 08:16:24.461,0.86102,0.86148,1.37,1.75
2015.06.16 08:16:24.665,0.86107,0.86149,1.00,1.75
2015.06.16 08:16:24.885,0.86103,0.86147,1.37,1.75
2015.06.16 08:16:25.618,0.86108,0.86149,1.00,1.75
2015.06.16 08:16:25.877,0.86102,0.86148,1.37,1.75
2015.06.16 08:16:26.537,0.86108,0.86149,1.00,1.75
2015.06.16 08:16:27.218,0.86108,0.86151,1.00,1.75
2015.06.16 08:16:27.889,0.86108,0.86151,1.00,1.75
2015.06.16 08:16:27.990,0.86108,0.86151,1.12,1.75
2015.06.16 08:16:28.404,0.86107,0.86153,1.37,2.25
2015.06.16 08:16:28.872,0.86107,0.86153,1.37,1.75
2015.06.16 08:16:29.165,0.86102,0.86152,2.25,1.75
2015.06.16 08:16:29.402,0.86108,0.86151,1.37,1.75
2015.06.16 08:16:29.502,0.86108,0.86152,1.00,2.25
2015.06.16 08:16:29.654,0.86102,0.86147,1.37,1.37
2015.06.16 08:16:29.705,0.86102,0.86147,1.37,1.37
2015.06.16 08:16:32.034,0.86107,0.86147,1.00,1.37
2015.06.16 08:16:32.583,0.86103,0.86146,1.37,1.37
2015.06.16 08:16:33.112,0.86103,0.86146,1.75,1.37
2015.06.16 08:16:33.621,0.86103,0.86146,1.50,1.37
2015.06.16 08:16:33.785,0.86103,0.86147,1.37,1.50
2015.06.16 08:16:40.493,0.86103,0.86146,1.37,1.37
2015.06.16 08:16:42.308,0.86103,0.86147,1.37,1.87
2015.06.16 08:16:42.445,0.86103,0.86147,1.37,1.37
2015.06.16 08:16:42.500,0.86103,0.86147,1.75,1.37
2015.06.16 08:16:43.244,0.86102,0.86153,1.75,2.25
2015.06.16 08:16:43.302,0.86102,0.86153,1.37,2.25
2015.06.16 08:16:43.511,0.86103,0.86149,1.37,1.75
2015.06.16 08:16:44.410,0.86103,0.86147,1.00,1.75
2015.06.16 08:16:46.016,0.86103,0.86147,1.12,1.50
2015.06.16 08:16:48.731,0.86103,0.86147,1.00,1.75
2015.06.16 08:16:49.634,0.86098,0.86142,1.37,1.37
2015.06.16 08:16:50.623,0.86102,0.86145,1.00,1.37
2015.06.16 08:16:51.395,0.86098,0.86142,1.37,1.37
2015.06.16 08:16:52.383,0.86103,0.86146,1.00,1.50
2015.06.16 08:16:53.955,0.86103,0.86146,1.00,1.75
2015.06.16 08:16:54.584,0.86102,0.86146,1.00,2.25
2015.06.16 08:16:54.921,0.86098,0.86144,1.37,1.75
2015.06.16 08:16:55.354,0.86102,0.86142,1.00,1.35
2015.06.16 08:16:55.600,0.86097,0.86138,1.37,1.37
2015.06.16 08:16:55.996,0.86093,0.86137,1.97,1.37
2015.06.16 08:16:59.387,0.86093,0.86137,2.10,1.37
2015.06.16 08:16:59.488,0.86094,0.86137,1.67,1.37
2015.06.16 08:16:59.717,0.86095,0.86138,1.35,1.37
2015.06.16 08:17:00.596,0.86098,0.86142,1.37,1.75
2015.06.16 08:17:01.074,0.86097,0.86143,1.37,2.25
2015.06.16 08:17:01.737,0.86097,0.86142,1.37,1.75
2015.06.16 08:17:02.310,0.86097,0.86142,1.37,1.75
2015.06.16 08:17:02.443,0.86098,0.86142,1.12,2.25
2015.06.16 08:17:03.221,0.86098,0.86145,1.37,1.75
2015.06.16 08:17:03.462,0.86098,0.86145,1.37,1.75
2015.06.16 08:17:03.954,0.86098,0.86145,1.37,1.75
2015.06.16 08:17:04.055,0.86098,0.86146,1.50,1.75
2015.06.16 08:17:04.383,0.86102,0.86151,1.75,1.75
2015.06.16 08:17:04.434,0.86102,0.86151,1.37,1.75
2015.06.16 08:17:04.763,0.86102,0.86151,1.37,2.25
2015.06.16 08:17:06.144,0.86102,0.86151,1.37,1.75
2015.06.16 08:17:07.384,0.86102,0.86151,1.37,1.75
2015.06.16 08:17:10.461,0.86102,0.8615,1.12,1.75
2015.06.16 08:17:11.171,0.86102,0.8615,1.37,1.50
2015.06.16 08:17:19.620,0.86103,0.86152,1.37,2.25
2015.06.16 08:17:22.233,0.86102,0.86151,1.50,1.75
2015.06.16 08:17:22.610,0.86108,0.86154,1.37,1.75
2015.06.16 08:17:23.844,0.86108,0.86154,1.37,1.75
2015.06.16 08:17:24.147,0.86108,0.86154,1.00,1.75
2015.06.16 08:17:31.044,0.86108,0.8615,1.37,1.37
2015.06.16 08:17:34.024,0.86108,0.86151,1.00,1.75
2015.06.16 08:17:34.733,0.86108,0.86149,1.00,1.75
2015.06.16 08:17:42.845,0.86108,0.86149,1.00,2.25
2015.06.16 08:17:43.324,0.86108,0.86147,1.00,1.75
2015.06.16 08:17:44.303,0.86107,0.86147,1.00,1.75
2015.06.16 08:17:44.822,0.86102,0.86147,1.37,1.75
2015.06.16 08:17:44.873,0.86102,0.86147,1.37,1.75
2015.06.16 08:17:49.478,0.86098,0.86147,1.37,2.25
2015.06.16 08:17:50.189,0.86098,0.86147,1.50,2.25
2015.06.16 08:17:53.153,0.86097,0.86144,1.37,1.75
2015.06.16 08:17:55.172,0.86092,0.86138,1.75,1.37
2015.06.16 08:17:58.775,0.86097,0.86143,1.37,1.50
2015.06.16 08:17:59.217,0.86102,0.86146,1.00,1.75
2015.06.16 08:17:59.342,0.86098,0.86142,1.12,1.37
2015.06.16 08:17:59.762,0.86098,0.86142,1.37,1.75
2015.06.16 08:18:02.684,0.86098,0.86142,1.37,1.50
2015.06.16 08:18:09.109,0.86098,0.86142,1.12,1.37
2015.06.16 08:18:09.209,0.86098,0.86142,1.12,1.75
2015.06.16 08:18:11.054,0.86098,0.86142,1.37,1.37
2015.06.16 08:18:11.582,0.86103,0.86147,1.00,3.00
2015.06.16 08:18:23.135,0.86103,0.86147,1.00,3.00
2015.06.16 08:18:23.325,0.86098,0.86142,1.37,1.37
2015.06.16 08:18:23.458,0.86098,0.86142,1.37,1.75
2015.06.16 08:18:23.638,0.86098,0.86142,1.12,1.75
2015.06.16 08:18:24.303,0.86098,0.86142,1.37,1.75
2015.06.16 08:18:24.898,0.86102,0.86143,1.00,1.35
2015.06.16 08:18:29.035,0.86102,0.86143,1.00,2.85
2015.06.16 08:18:29.738,0.86103,0.86142,1.00,1.75
2015.06.16 08:18:29.867,0.86103,0.86142,1.00,1.75
2015.06.16 08:18:31.113,0.86103,0.86142,1.00,1.75
2015.06.16 08:18:32.435,0.86103,0.86142,1.00,1.75
2015.06.16 08:18:33.327,0.86103,0.86142,1.00,1.75
2015.06.16 08:18:33.811,0.86103,0.86142,1.97,1.37
2015.06.16 08:18:33.932,0.86104,0.86147,1.35,1.37
2015.06.16 08:18:34.047,0.86104,0.86147,1.35,1.00
2015.06.16 08:18:34.097,0.86108,0.86147,2.10,1.00
2015.06.16 08:18:34.148,0.86108,0.86152,2.85,1.00
2015.06.16 08:18:34.332,0.86118,0.86152,1.00,1.00
2015.06.16 08:18:34.560,0.86118,0.86157,1.00,1.12
2015.06.16 08:18:34.741,0.86118,0.86157,1.12,1.50
2015.06.16 08:18:35.033,0.86117,0.86158,1.37,1.72
2015.06.16 08:18:35.554,0.86118,0.86161,1.00,1.75
2015.06.16 08:18:35.862,0.86122,0.86163,1.00,2.25
2015.06.16 08:18:36.061,0.86122,0.86163,1.00,2.25
2015.06.16 08:18:36.352,0.86122,0.86163,1.00,2.25
2015.06.16 08:18:36.662,0.86118,0.86162,1.00,1.75
2015.06.16 08:18:36.765,0.86118,0.86161,1.00,1.75
2015.06.16 08:18:37.072,0.86108,0.86156,1.37,2.25
2015.06.16 08:18:42.891,0.86111,0.86148,2.47,1.37
2015.06.16 08:18:42.941,0.86111,0.86148,2.47,1.37
2015.06.16 08:18:43.161,0.8611,0.86153,2.10,1.37
2015.06.16 08:18:43.262,0.8611,0.86153,2.47,1.37
2015.06.16 08:18:43.571,0.86118,0.86157,1.00,1.75
2015.06.16 08:18:48.479,0.86118,0.86157,1.00,1.75
2015.06.16 08:18:48.580,0.86118,0.86157,1.00,1.37
2015.06.16 08:18:48.841,0.86122,0.86163,1.00,3.00
2015.06.16 08:18:49.480,0.86122,0.86163,1.00,2.25
2015.06.16 08:18:51.591,0.86117,0.86158,1.37,1.37
2015.06.16 08:18:53.791,0.86114,0.86152,1.35,1.00
2015.06.16 08:18:56.126,0.86116,0.86153,1.30,1.00
2015.06.16 08:18:56.227,0.86114,0.86153,1.35,1.00
2015.06.16 08:18:56.532,0.86113,0.86153,2.47,1.12
2015.06.16 08:18:57.106,0.86113,0.86152,3.22,1.00
2015.06.16 08:18:58.110,0.86114,0.86153,1.35,1.00
2015.06.16 08:18:58.611,0.86113,0.86153,2.85,1.00
2015.06.16 08:19:00.403,0.86113,0.86152,3.60,1.00
2015.06.16 08:19:03.410,0.86113,0.86157,3.60,1.37
2015.06.16 08:19:03.580,0.86113,0.86152,3.60,1.00
2015.06.16 08:19:07.943,0.86113,0.86152,3.22,1.00
2015.06.16 08:19:09.378,0.86113,0.86152,3.22,1.00
2015.06.16 08:19:09.551,0.86113,0.86152,1.37,1.37
2015.06.16 08:19:09.702,0.86113,0.86152,1.00,1.75
2015.06.16 08:19:09.890,0.86107,0.86154,1.37,2.10
2015.06.16 08:19:11.215,0.86107,0.86151,1.37,1.75
2015.06.16 08:19:11.809,0.86107,0.86143,1.37,1.00
2015.06.16 08:19:13.041,0.86108,0.86142,1.37,1.00
2015.06.16 08:19:14.384,0.86108,0.86142,1.37,1.00
2015.06.16 08:19:14.620,0.86113,0.86152,1.00,2.25
2015.06.16 08:19:14.775,0.86113,0.86152,1.00,1.37
2015.06.16 08:19:14.986,0.86113,0.86152,1.00,1.75
2015.06.16 08:19:15.570,0.86107,0.86148,1.50,1.37
2015.06.16 08:19:15.738,0.86107,0.86148,1.75,1.37
2015.06.16 08:19:16.101,0.86107,0.86148,1.50,1.00
2015.06.16 08:19:16.239,0.86107,0.86148,1.50,1.37
2015.06.16 08:19:19.080,0.86114,0.86148,2.10,1.37
2015.06.16 08:19:19.240,0.8611,0.86148,1.67,1.12
2015.06.16 08:19:19.445,0.8611,0.86148,1.35,1.00
2015.06.16 08:19:19.646,0.86117,0.86158,1.37,1.97
2015.06.16 08:19:19.747,0.86118,0.86158,1.67,1.37
2015.06.16 08:19:20.254,0.86118,0.86157,2.10,1.12
2015.06.16 08:19:20.781,0.86118,0.86157,1.72,1.37
2015.06.16 08:19:20.831,0.86118,0.86157,1.72,1.37
2015.06.16 08:19:20.932,0.86112,0.86158,1.75,1.37
2015.06.16 08:19:21.070,0.86113,0.86152,1.75,1.00
2015.06.16 08:19:22.832,0.86112,0.86153,1.75,1.00
2015.06.16 08:19:23.380,0.86113,0.86152,1.50,1.00
2015.06.16 08:19:24.857,0.86112,0.86158,1.75,1.37
2015.06.16 08:19:33.380,0.86109,0.86157,1.75,1.50
2015.06.16 08:19:33.582,0.86108,0.86157,1.37,1.75
2015.06.16 08:19:33.682,0.86103,0.86153,1.75,1.50
2015.06.16 08:19:33.987,0.86102,0.86153,2.85,1.75
2015.06.16 08:19:34.364,0.86103,0.86152,1.75,1.75
2015.06.16 08:19:34.960,0.86102,0.86147,1.35,1.37
2015.06.16 08:19:37.993,0.86103,0.86152,1.75,1.75
2015.06.16 08:19:51.814,0.86103,0.86152,2.25,1.50
2015.06.16 08:19:53.333,0.86103,0.86152,1.75,1.75
2015.06.16 08:19:54.931,0.86103,0.86152,1.75,1.50
2015.06.16 08:19:55.171,0.86106,0.86152,1.75,1.37
2015.06.16 08:19:55.272,0.86106,0.86152,1.75,1.37
2015.06.16 08:19:55.380,0.86103,0.86153,2.25,1.37
2015.06.16 08:19:57.057,0.86103,0.86153,2.25,1.75
2015.06.16 08:20:01.091,0.86103,0.86153,2.25,1.37
2015.06.16 08:20:01.201,0.86103,0.86153,1.50,1.75
2015.06.16 08:20:01.592,0.86102,0.86153,2.85,1.37
2015.06.16 08:20:01.939,0.86107,0.86153,1.75,1.37
2015.06.16 08:20:02.321,0.8611,0.86157,1.75,1.37
2015.06.16 08:20:02.440,0.86111,0.86157,1.75,1.37
2015.06.16 08:20:06.348,0.86111,0.86157,1.35,1.37
2015.06.16 08:20:06.448,0.86111,0.86162,1.35,3.00
2015.06.16 08:20:07.331,0.86112,0.86161,1.75,1.75
2015.06.16 08:20:10.124,0.86111,0.86157,1.35,1.75
2015.06.16 08:20:14.342,0.86111,0.86158,1.35,1.75
2015.06.16 08:20:22.581,0.86113,0.86162,1.50,2.25
2015.06.16 08:20:27.495,0.86113,0.86161,1.00,1.75
2015.06.16 08:20:27.596,0.86113,0.8616,1.00,2.25
2015.06.16 08:20:27.843,0.86107,0.86157,1.37,1.75
2015.06.16 08:20:28.198,0.86108,0.86155,1.37,1.75
2015.06.16 08:20:28.699,0.86108,0.86152,1.37,1.37
2015.06.16 08:20:29.202,0.86108,0.86152,1.50,1.37
2015.06.16 08:20:29.803,0.86108,0.86152,1.37,1.37
2015.06.16 08:20:29.903,0.86108,0.86152,1.37,1.37
2015.06.16 08:20:30.250,0.86107,0.86153,1.50,1.37
2015.06.16 08:20:31.307,0.86107,0.86153,1.50,1.75
2015.06.16 08:20:36.733,0.86105,0.86152,1.35,1.75
2015.06.16 08:20:42.029,0.86105,0.86152,1.35,1.37
2015.06.16 08:20:44.835,0.86107,0.86152,1.35,1.37
2015.06.16 08:20:46.176,0.86107,0.86153,1.67,1.50
2015.06.16 08:20:46.378,0.86101,0.86151,1.75,1.50
2015.06.16 08:20:46.479,0.86107,0.86151,1.75,1.37
2015.06.16 08:20:46.580,0.86107,0.86152,1.75,1.00
2015.06.16 08:20:46.640,0.86107,0.86152,1.12,1.00
2015.06.16 08:20:47.641,0.86106,0.86152,1.67,1.37
2015.06.16 08:20:48.845,0.86104,0.86153,1.35,1.50
2015.06.16 08:20:48.949,0.86106,0.86153,1.67,1.75
2015.06.16 08:20:49.490,0.86104,0.86152,1.35,1.37
2015.06.16 08:20:51.901,0.86106,0.86152,1.35,1.50
2015.06.16 08:20:52.053,0.86104,0.86152,1.35,1.75
2015.06.16 08:20:53.191,0.86102,0.86153,1.75,2.85
2015.06.16 08:20:53.292,0.86102,0.86151,1.37,2.25
2015.06.16 08:20:53.392,0.86098,0.8615,2.25,1.75
2015.06.16 08:20:53.859,0.86097,0.86147,1.50,1.75
2015.06.16 08:20:54.059,0.86097,0.86147,1.37,1.75
2015.06.16 08:20:54.259,0.86098,0.86146,1.37,2.25
2015.06.16 08:20:54.401,0.86093,0.86146,2.10,2.25
2015.06.16 08:20:54.929,0.86094,0.86142,1.67,1.37
2015.06.16 08:20:54.979,0.86094,0.86142,1.35,1.75
2015.06.16 08:20:55.162,0.86093,0.86142,2.10,1.75
2015.06.16 08:20:56.163,0.86093,0.86142,1.97,2.25
2015.06.16 08:20:56.522,0.86092,0.8614,1.97,2.25
2015.06.16 08:20:56.915,0.86098,0.86141,1.00,1.75
2015.06.16 08:20:57.202,0.86092,0.8614,1.75,1.75
2015.06.16 08:20:59.677,0.86089,0.86138,1.35,1.50
2015.06.16 08:21:01.611,0.86087,0.86136,1.75,1.75
2015.06.16 08:21:06.494,0.86089,0.86138,2.85,1.75
2015.06.16 08:21:06.601,0.86089,0.86138,2.10,1.50
2015.06.16 08:21:07.110,0.86089,0.86138,1.67,2.25
2015.06.16 08:21:07.211,0.86087,0.86138,1.75,1.50
2015.06.16 08:21:07.312,0.86087,0.86138,1.75,1.37
2015.06.16 08:21:07.660,0.86097,0.86138,1.00,1.37
2015.06.16 08:21:07.912,0.86093,0.86142,1.37,1.75
2015.06.16 08:21:08.118,0.86095,0.86132,2.10,1.00
2015.06.16 08:21:08.371,0.86095,0.86137,2.47,1.12
2015.06.16 08:21:09.172,0.86098,0.86137,1.50,1.00
2015.06.16 08:21:10.410,0.86102,0.86143,1.37,1.37
2015.06.16 08:21:10.561,0.86102,0.86143,1.75,1.37
2015.06.16 08:21:11.070,0.86104,0.86143,1.35,1.00
2015.06.16 08:21:11.308,0.86104,0.86153,1.35,2.25
2015.06.16 08:21:11.400,0.86113,0.86152,1.00,1.75
2015.06.16 08:21:11.840,0.86107,0.86148,1.37,1.37
2015.06.16 08:21:11.941,0.86107,0.86148,1.12,1.37
2015.06.16 08:21:12.445,0.86108,0.86147,1.00,1.75
2015.06.16 08:21:13.001,0.86107,0.86148,1.00,1.75
2015.06.16 08:21:13.288,0.86107,0.86148,1.12,1.50
2015.06.16 08:21:13.389,0.86107,0.86148,1.00,1.37
2015.06.16 08:21:13.550,0.86107,0.86148,1.37,1.37
2015.06.16 08:21:13.730,0.86112,0.8616,1.37,2.25
2015.06.16 08:21:14.200,0.86113,0.86157,1.00,1.00
2015.06.16 08:21:14.310,0.86113,0.86157,2.10,1.00
2015.06.16 08:21:14.411,0.86112,0.86163,2.85,1.37
2015.06.16 08:21:14.490,0.86112,0.86163,1.00,1.37
2015.06.16 08:21:14.608,0.86123,0.86162,1.00,1.37
2015.06.16 08:21:14.839,0.86118,0.86162,1.00,1.37
2015.06.16 08:21:15.363,0.86117,0.86163,1.00,1.87
2015.06.16 08:21:15.560,0.86117,0.86163,1.00,1.75
2015.06.16 08:21:17.122,0.86118,0.86162,1.00,2.25
2015.06.16 08:21:18.550,0.86117,0.86162,1.00,1.75
2015.06.16 08:21:19.250,0.86118,0.86162,1.00,2.25
2015.06.16 08:21:19.800,0.86118,0.86162,1.00,1.75
2015.06.16 08:21:19.923,0.86118,0.86162,1.00,1.50
2015.06.16 08:21:29.955,0.86118,0.86162,1.00,2.25
2015.06.16 08:21:33.380,0.86118,0.86162,1.00,2.25
2015.06.16 08:21:33.898,0.86118,0.86157,1.37,1.12
2015.06.16 08:21:34.065,0.86117,0.86158,1.37,1.37
2015.06.16 08:21:34.367,0.86117,0.86158,1.00,1.75
2015.06.16 08:21:34.418,0.86112,0.86159,1.37,1.75
2015.06.16 08:21:34.468,0.86112,0.86159,1.37,1.75
2015.06.16 08:21:39.996,0.86113,0.86152,1.37,1.75
2015.06.16 08:21:42.291,0.86112,0.86153,1.37,1.50
2015.06.16 08:21:42.442,0.86113,0.86152,1.37,1.37
2015.06.16 08:21:42.495,0.86113,0.86152,1.50,1.00
2015.06.16 08:21:42.697,0.86113,0.86152,1.37,1.00
2015.06.16 08:21:43.211,0.86113,0.86152,1.37,1.00
2015.06.16 08:21:43.901,0.86113,0.86152,1.37,1.12
2015.06.16 08:21:44.278,0.86118,0.86157,1.00,1.50
2015.06.16 08:21:46.380,0.86113,0.86152,1.37,1.12
2015.06.16 08:21:47.150,0.86113,0.86152,1.37,1.00
2015.06.16 08:21:48.038,0.86113,0.86152,1.37,1.00
2015.06.16 08:21:49.131,0.86113,0.86157,1.37,1.37
2015.06.16 08:21:51.330,0.86118,0.86162,1.00,1.75
2015.06.16 08:21:53.360,0.86118,0.86162,1.00,1.75
2015.06.16 08:21:54.850,0.86117,0.86163,1.12,3.00
2015.06.16 08:21:55.651,0.86118,0.86162,1.00,1.75
2015.06.16 08:21:55.889,0.86118,0.86162,1.72,1.50
2015.06.16 08:21:56.609,0.86117,0.86166,1.97,1.75
2015.06.16 08:21:56.660,0.86117,0.86166,2.10,1.75
2015.06.16 08:21:57.170,0.86123,0.86167,1.00,2.25
2015.06.16 08:21:57.256,0.86123,0.86167,1.00,2.25
2015.06.16 08:22:00.491,0.86123,0.86167,1.37,1.50
2015.06.16 08:22:00.668,0.86123,0.86167,1.12,1.37
2015.06.16 08:22:00.764,0.86123,0.86167,1.37,1.75
2015.06.16 08:22:01.190,0.86123,0.86167,1.37,1.37
2015.06.16 08:22:01.766,0.86123,0.86167,1.37,1.50
2015.06.16 08:22:01.967,0.86123,0.86167,1.37,1.75
2015.06.16 08:22:02.954,0.86123,0.86167,1.37,1.75
2015.06.16 08:22:03.590,0.86122,0.86167,1.00,1.75
2015.06.16 08:22:03.706,0.86122,0.86169,1.37,1.75
2015.06.16 08:22:03.920,0.86122,0.86168,1.37,2.25
2015.06.16 08:22:04.100,0.86128,0.86167,1.00,1.75
2015.06.16 08:22:04.173,0.86128,0.86167,1.00,1.37
2015.06.16 08:22:04.274,0.86128,0.86167,1.00,1.50
2015.06.16 08:22:15.092,0.86128,0.86167,1.00,1.37
2015.06.16 08:22:18.831,0.86127,0.86168,1.12,1.37
2015.06.16 08:22:19.380,0.86128,0.86167,1.00,1.37
2015.06.16 08:22:21.689,0.86127,0.86168,1.12,1.37
2015.06.16 08:22:22.279,0.86127,0.86168,1.00,1.50
2015.06.16 08:22:23.341,0.86128,0.86167,1.00,1.37
2015.06.16 08:22:26.309,0.86127,0.86168,1.00,1.50
2015.06.16 08:22:30.222,0.86127,0.86168,1.37,1.37
2015.06.16 08:22:31.026,0.86128,0.86167,1.00,1.37
2015.06.16 08:22:31.126,0.86127,0.86168,1.00,1.75
2015.06.16 08:22:31.571,0.86128,0.86167,1.00,2.25
2015.06.16 08:22:31.622,0.86118,0.86167,1.72,2.85
2015.06.16 08:22:31.860,0.86122,0.86163,1.12,1.75
2015.06.16 08:22:32.079,0.86122,0.86163,1.35,1.37
2015.06.16 08:22:32.230,0.86123,0.86167,1.00,1.00
2015.06.16 08:22:32.385,0.86119,0.86163,2.85,1.00
2015.06.16 08:22:32.586,0.8612,0.86167,1.60,1.00
2015.06.16 08:22:33.131,0.86122,0.86173,1.00,1.37
2015.06.16 08:22:33.233,0.86122,0.86173,1.37,1.75
2015.06.16 08:22:33.538,0.86123,0.86162,1.75,1.00
2015.06.16 08:22:33.589,0.86123,0.86167,2.25,1.00
2015.06.16 08:22:34.120,0.86122,0.86168,1.75,1.37
2015.06.16 08:22:34.710,0.86122,0.86168,1.50,1.37
2015.06.16 08:22:34.942,0.86123,0.86167,1.75,1.00
2015.06.16 08:22:35.250,0.86123,0.86167,3.00,1.00
2015.06.16 08:22:36.029,0.86123,0.86168,2.25,1.00
2015.06.16 08:22:36.844,0.86131,0.86168,1.67,1.00
2015.06.16 08:22:36.894,0.86131,0.86177,1.67,1.75
2015.06.16 08:22:36.945,0.86131,0.86177,1.67,1.50
2015.06.16 08:22:37.046,0.86131,0.86177,1.67,1.75
2015.06.16 08:22:37.146,0.86129,0.86173,1.35,1.50
2015.06.16 08:22:38.563,0.86128,0.86172,3.22,1.37
2015.06.16 08:22:40.853,0.86129,0.86173,1.35,1.37
2015.06.16 08:22:41.382,0.86133,0.86177,1.00,1.75
2015.06.16 08:22:41.758,0.86132,0.86176,1.00,1.75
2015.06.16 08:22:41.859,0.86127,0.86176,1.75,2.25
2015.06.16 08:22:42.261,0.86133,0.86177,1.00,2.25
2015.06.16 08:22:42.811,0.86127,0.86173,1.75,1.50
2015.06.16 08:22:45.066,0.86133,0.86172,1.37,1.37
2015.06.16 08:22:49.682,0.86133,0.86172,1.37,1.37
2015.06.16 08:22:49.902,0.86132,0.86173,1.37,1.37
2015.06.16 08:22:50.582,0.86132,0.86173,1.37,1.75
2015.06.16 08:22:50.682,0.86132,0.86173,1.37,1.37
2015.06.16 08:22:51.083,0.86132,0.86173,1.37,1.75
2015.06.16 08:22:51.384,0.86128,0.86167,2.25,1.00
2015.06.16 08:22:51.434,0.86132,0.86173,1.75,1.12
2015.06.16 08:22:52.080,0.86132,0.86173,1.75,1.00
2015.06.16 08:22:52.212,0.86132,0.86173,1.75,1.00
2015.06.16 08:22:52.313,0.86133,0.86172,1.37,1.00
2015.06.16 08:22:52.589,0.86133,0.86172,1.75,1.00
2015.06.16 08:22:53.333,0.86133,0.86172,1.37,1.37
2015.06.16 08:22:53.384,0.86128,0.86167,1.75,1.00
2015.06.16 08:22:53.590,0.86133,0.86172,1.37,1.37
2015.06.16 08:22:54.607,0.86127,0.86168,1.75,1.37
2015.06.16 08:22:55.156,0.86127,0.86168,1.75,1.37
2015.06.16 08:22:55.612,0.86128,0.86167,1.37,1.37
2015.06.16 08:22:58.380,0.86128,0.86167,1.37,1.00
2015.06.16 08:22:58.729,0.86132,0.86173,1.37,1.37
2015.06.16 08:22:59.860,0.86132,0.86173,1.37,1.50
2015.06.16 08:23:01.259,0.86132,0.86173,1.00,1.75
2015.06.16 08:23:01.779,0.86133,0.86172,1.00,1.50
2015.06.16 08:23:02.188,0.86133,0.86172,1.00,1.75
2015.06.16 08:23:04.829,0.86133,0.86172,1.00,1.50
2015.06.16 08:23:05.923,0.86137,0.86178,1.00,1.75
2015.06.16 08:23:05.974,0.86137,0.86178,1.00,1.75
2015.06.16 08:23:06.709,0.86138,0.86177,1.00,1.75
2015.06.16 08:23:07.264,0.86138,0.86177,1.00,1.75
2015.06.16 08:23:08.366,0.86137,0.86181,1.00,1.75
2015.06.16 08:23:08.678,0.86142,0.86183,1.00,2.10
2015.06.16 08:23:08.959,0.86142,0.86183,1.37,2.10
2015.06.16 08:23:09.547,0.86143,0.86182,1.00,1.50
2015.06.16 08:23:10.161,0.86142,0.86183,1.00,1.75
2015.06.16 08:23:10.582,0.86142,0.86183,1.00,1.75
2015.06.16 08:23:11.305,0.86135,0.86183,1.72,2.25
2015.06.16 08:23:12.071,0.86138,0.86182,1.00,2.25
2015.06.16 08:23:12.656,0.86138,0.86182,1.37,2.25
2015.06.16 08:23:15.150,0.86138,0.86182,1.00,1.75
2015.06.16 08:23:16.078,0.86138,0.86181,1.00,1.75
2015.06.16 08:23:16.597,0.86133,0.86178,1.12,1.75
2015.06.16 08:23:16.857,0.86133,0.86175,1.00,1.75
2015.06.16 08:23:17.443,0.86133,0.86174,1.00,1.75
2015.06.16 08:23:17.999,0.86133,0.86176,1.00,1.75
2015.06.16 08:23:18.100,0.86133,0.86177,1.00,1.75
2015.06.16 08:23:18.201,0.86133,0.86177,1.00,2.25
2015.06.16 08:23:20.018,0.86133,0.86177,1.37,1.75
2015.06.16 08:23:20.119,0.86133,0.86177,1.37,1.75
2015.06.16 08:23:20.400,0.86133,0.86181,1.37,2.25
2015.06.16 08:23:20.500,0.86133,0.86182,1.75,2.10
2015.06.16 08:23:23.814,0.86137,0.86183,1.12,4.50
2015.06.16 08:23:24.316,0.86137,0.86183,1.37,2.25
2015.06.16 08:23:25.755,0.86137,0.8618,1.00,1.75
2015.06.16 08:23:26.120,0.86132,0.86177,1.00,1.75
2015.06.16 08:23:26.517,0.86133,0.86177,1.00,2.25
2015.06.16 08:23:26.842,0.86133,0.86173,1.00,1.75
2015.06.16 08:23:28.348,0.86133,0.86173,1.00,1.75
2015.06.16 08:23:30.531,0.86133,0.86173,1.00,1.75
2015.06.16 08:23:31.147,0.86133,0.86173,1.00,1.75
2015.06.16 08:23:31.635,0.86133,0.86172,1.00,1.75
2015.06.16 08:23:34.584,0.86133,0.86174,1.00,1.75
2015.06.16 08:23:39.700,0.86133,0.86175,1.00,3.00
2015.06.16 08:23:40.550,0.86133,0.86174,1.00,1.75
2015.06.16 08:23:42.068,0.86132,0.86174,1.00,1.75
2015.06.16 08:23:42.716,0.86132,0.86172,1.00,1.75
2015.06.16 08:23:43.388,0.86132,0.86173,1.00,2.25
2015.06.16 08:23:44.458,0.86132,0.86174,1.00,1.75
2015.06.16 08:23:44.559,0.86132,0.86176,1.00,1.75
2015.06.16 08:23:44.682,0.86132,0.86176,1.12,1.75
2015.06.16 08:23:45.360,0.86132,0.86178,1.37,1.75
2015.06.16 08:23:45.640,0.86133,0.86176,1.00,1.75
2015.06.16 08:23:46.358,0.86133,0.86174,1.00,1.75
2015.06.16 08:23:47.238,0.86133,0.86174,1.00,1.75
2015.06.16 08:23:47.816,0.86133,0.86173,1.00,1.75
2015.06.16 08:23:47.948,0.86133,0.86175,1.00,1.75
2015.06.16 08:23:48.119,0.86128,0.86172,1.37,1.75
2015.06.16 08:23:48.388,0.86133,0.86175,1.00,1.75
2015.06.16 08:23:48.443,0.86133,0.86177,1.00,1.75
2015.06.16 08:23:48.559,0.86133,0.8618,1.00,2.85
2015.06.16 08:23:48.888,0.86138,0.86179,1.00,1.75
2015.06.16 08:23:50.098,0.86137,0.86179,1.00,1.75
2015.06.16 08:23:51.230,0.86138,0.86179,1.00,1.75
2015.06.16 08:23:55.463,0.86138,0.86179,1.00,1.75
2015.06.16 08:23:55.677,0.86138,0.8618,1.00,1.75
2015.06.16 08:23:55.819,0.86128,0.86177,2.25,1.75
2015.06.16 08:23:55.921,0.86128,0.86175,1.37,1.37
2015.06.16 08:23:55.972,0.86128,0.86176,1.00,1.75
2015.06.16 08:23:57.027,0.86128,0.86172,1.12,1.75
2015.06.16 08:23:57.587,0.86128,0.86172,1.37,1.75
2015.06.16 08:23:57.688,0.86128,0.86172,1.37,1.75
2015.06.16 08:24:00.292,0.86128,0.86172,1.37,1.75
2015.06.16 08:24:05.767,0.86128,0.86172,1.37,1.50
2015.06.16 08:24:06.377,0.86128,0.86172,1.12,1.75
2015.06.16 08:24:07.003,0.86128,0.86172,1.37,1.75
2015.06.16 08:24:16.827,0.86128,0.86172,1.00,1.75
2015.06.16 08:24:22.833,0.86128,0.86172,1.37,1.75
2015.06.16 08:24:24.940,0.86128,0.86172,1.00,1.75
2015.06.16 08:24:26.397,0.86127,0.86173,1.12,2.25
2015.06.16 08:24:27.937,0.86124,0.86167,1.35,1.12
2015.06.16 08:24:28.038,0.86124,0.86167,2.10,1.37
2015.06.16 08:24:28.213,0.86124,0.86168,2.10,1.12
2015.06.16 08:24:28.314,0.86124,0.86168,2.10,1.37
2015.06.16 08:24:28.414,0.86124,0.86168,2.10,1.12
2015.06.16 08:24:28.615,0.86124,0.86168,1.67,1.37
2015.06.16 08:24:30.320,0.86124,0.86168,1.35,1.12
2015.06.16 08:24:30.421,0.86123,0.86167,2.85,1.12
2015.06.16 08:24:30.854,0.86124,0.86167,1.35,1.00
2015.06.16 08:24:31.195,0.86124,0.86163,1.35,1.00
2015.06.16 08:24:31.765,0.86124,0.86163,2.10,1.00
2015.06.16 08:24:31.979,0.86121,0.86162,1.75,1.12
2015.06.16 08:24:32.166,0.86119,0.86167,1.75,1.75
2015.06.16 08:24:32.325,0.86119,0.86167,1.50,1.37
2015.06.16 08:24:32.667,0.8612,0.86167,1.75,1.37
2015.06.16 08:24:34.269,0.86125,0.86168,1.35,1.37
2015.06.16 08:24:34.672,0.86128,0.86167,1.50,1.00
2015.06.16 08:24:35.257,0.86128,0.86167,1.75,1.00
2015.06.16 08:24:35.473,0.86128,0.86168,1.37,1.00
2015.06.16 08:24:35.776,0.86128,0.86167,1.75,1.00
2015.06.16 08:24:40.368,0.86127,0.86167,1.37,1.12
2015.06.16 08:24:40.606,0.86124,0.86167,1.97,1.12
2015.06.16 08:24:46.860,0.86125,0.86167,1.35,1.37
2015.06.16 08:24:47.773,0.86126,0.86167,1.35,1.00
2015.06.16 08:24:48.396,0.86125,0.86167,2.10,1.00
2015.06.16 08:24:48.505,0.86126,0.86167,2.10,1.00
2015.06.16 08:24:49.987,0.86126,0.86168,2.10,1.12
2015.06.16 08:24:52.536,0.86126,0.86167,2.10,1.00
2015.06.16 08:24:53.354,0.86126,0.86168,2.10,1.12
2015.06.16 08:24:54.556,0.86126,0.86167,2.10,1.00
2015.06.16 08:24:55.656,0.86126,0.86168,2.10,1.12
2015.06.16 08:24:58.081,0.86126,0.86168,2.10,1.37
2015.06.16 08:25:00.025,0.86127,0.86173,1.75,1.37
2015.06.16 08:25:00.427,0.86132,0.86173,1.37,1.75
2015.06.16 08:25:01.103,0.86132,0.86173,1.37,1.50
2015.06.16 08:25:02.148,0.86129,0.86167,1.75,1.00
2015.06.16 08:25:02.663,0.86128,0.86167,2.25,1.00
2015.06.16 08:25:02.919,0.86133,0.86172,1.37,1.37
2015.06.16 08:25:03.029,0.86136,0.86172,2.10,1.37
2015.06.16 08:25:03.579,0.86134,0.86177,1.37,1.50
2015.06.16 08:25:03.796,0.86134,0.86177,1.37,1.50
2015.06.16 08:25:04.520,0.86129,0.86177,1.50,1.75
2015.06.16 08:25:06.429,0.86128,0.86179,1.50,1.75
2015.06.16 08:25:06.934,0.86128,0.86172,1.50,1.37
2015.06.16 08:25:07.209,0.86122,0.86173,2.85,1.50
2015.06.16 08:25:07.344,0.86122,0.86172,2.10,1.75
2015.06.16 08:25:07.613,0.86122,0.86172,1.37,1.50
2015.06.16 08:25:07.946,0.86124,0.86172,1.37,1.75
2015.06.16 08:25:08.909,0.86124,0.86172,1.37,1.37
2015.06.16 08:25:11.052,0.86126,0.86173,1.50,1.75
2015.06.16 08:25:11.254,0.86126,0.86173,1.75,1.37
2015.06.16 08:25:12.054,0.86128,0.86177,1.37,1.75
2015.06.16 08:25:12.259,0.86128,0.86176,1.37,1.75
2015.06.16 08:25:12.772,0.86127,0.86173,1.37,1.37
2015.06.16 08:25:13.100,0.86128,0.86172,1.37,1.50
2015.06.16 08:25:14.459,0.86123,0.86172,2.47,1.50
2015.06.16 08:25:16.267,0.86124,0.86167,2.25,1.37
2015.06.16 08:25:19.359,0.86123,0.86168,2.10,1.37
2015.06.16 08:25:20.273,0.86123,0.86168,1.35,1.37
2015.06.16 08:25:20.490,0.86122,0.86168,1.97,1.00
2015.06.16 08:25:20.541,0.86123,0.86168,1.67,1.37
2015.06.16 08:25:24.258,0.86123,0.86167,2.10,1.12
2015.06.16 08:25:24.588,0.86123,0.86172,2.10,1.37
2015.06.16 08:25:25.152,0.86125,0.86172,1.50,1.50
2015.06.16 08:25:30.492,0.86123,0.86167,2.10,1.37
2015.06.16 08:25:33.712,0.86124,0.86167,2.25,1.12
2015.06.16 08:25:34.072,0.86124,0.86172,1.75,1.37
2015.06.16 08:25:34.199,0.86123,0.86172,2.10,1.75
2015.06.16 08:25:34.820,0.86122,0.86167,1.75,1.37
2015.06.16 08:25:35.691,0.86121,0.86167,1.75,1.12
2015.06.16 08:25:36.688,0.86121,0.86173,1.37,1.75
2015.06.16 08:25:37.306,0.86121,0.86172,1.37,1.75
2015.06.16 08:25:37.927,0.86118,0.86167,2.25,1.50
2015.06.16 08:25:41.410,0.86118,0.86167,1.50,1.75
2015.06.16 08:25:41.765,0.8612,0.86162,2.25,1.12
2015.06.16 08:25:42.108,0.86123,0.86163,2.10,1.00
2015.06.16 08:25:42.617,0.86123,0.86163,2.10,1.00
2015.06.16 08:25:43.715,0.86123,0.86163,1.35,1.00
2015.06.16 08:25:44.121,0.86122,0.86163,1.35,1.00
2015.06.16 08:25:44.422,0.8612,0.86163,1.35,1.12
2015.06.16 08:25:44.992,0.8612,0.86162,1.35,1.00
2015.06.16 08:25:45.216,0.86123,0.86167,1.72,1.75
2015.06.16 08:25:50.837,0.86123,0.86168,1.35,1.50
2015.06.16 08:25:51.231,0.86123,0.86168,1.35,1.37
2015.06.16 08:25:53.047,0.86123,0.86168,1.35,1.37
2015.06.16 08:25:53.189,0.86123,0.86168,1.67,1.75
2015.06.16 08:25:57.200,0.86122,0.86168,1.97,1.75
2015.06.16 08:25:57.301,0.86123,0.86168,1.30,1.75
2015.06.16 08:25:57.567,0.86123,0.86167,1.72,1.75
2015.06.16 08:25:57.668,0.86123,0.86167,1.72,1.50
2015.06.16 08:25:57.809,0.86123,0.86167,1.72,1.37
2015.06.16 08:26:00.075,0.86123,0.86167,2.10,1.37
2015.06.16 08:26:00.885,0.86123,0.86167,2.10,1.50
2015.06.16 08:26:01.036,0.86123,0.86167,2.10,1.37
2015.06.16 08:26:01.087,0.86123,0.86167,1.72,1.37
2015.06.16 08:26:01.486,0.86123,0.86172,2.10,1.75
2015.06.16 08:26:01.928,0.86123,0.86172,2.85,1.75
2015.06.16 08:26:02.744,0.86123,0.86172,1.37,1.75
2015.06.16 08:26:02.867,0.86128,0.86172,1.00,1.75
2015.06.16 08:26:03.087,0.86123,0.86173,1.37,1.75
2015.06.16 08:26:03.755,0.86123,0.86172,1.37,1.75
2015.06.16 08:26:06.111,0.86122,0.86173,1.37,2.25
2015.06.16 08:26:06.659,0.86114,0.86162,1.50,1.50
2015.06.16 08:26:07.215,0.86113,0.86163,1.35,2.25
2015.06.16 08:26:08.148,0.86112,0.86162,1.75,1.75
2015.06.16 08:26:08.481,0.86107,0.86162,2.25,1.75
2015.06.16 08:26:09.432,0.86108,0.86157,1.50,1.50
2015.06.16 08:26:10.486,0.86108,0.86157,2.25,1.50
2015.06.16 08:26:17.387,0.86108,0.86157,1.75,1.37
2015.06.16 08:26:18.129,0.86108,0.86157,1.75,1.37
2015.06.16 08:26:26.826,0.8611,0.86158,1.75,1.37
2015.06.16 08:26:27.168,0.8611,0.86162,2.25,1.75
2015.06.16 08:26:27.469,0.86108,0.86148,1.75,1.00
2015.06.16 08:26:29.946,0.86108,0.86148,2.25,1.00
2015.06.16 08:26:30.047,0.86113,0.86157,1.50,1.75
2015.06.16 08:26:30.148,0.86113,0.86157,1.75,2.85
2015.06.16 08:26:30.293,0.86114,0.86157,1.00,1.00
2015.06.16 08:26:30.396,0.86114,0.86163,1.00,1.00
2015.06.16 08:26:30.447,0.86116,0.86163,1.00,1.00
2015.06.16 08:26:30.878,0.86118,0.86167,1.00,1.37
2015.06.16 08:26:31.407,0.86117,0.86167,1.00,1.37
2015.06.16 08:26:31.779,0.86112,0.86163,3.00,1.75
2015.06.16 08:26:31.880,0.86112,0.86162,3.00,1.12
2015.06.16 08:26:31.997,0.86118,0.86162,1.75,1.37
2015.06.16 08:26:32.053,0.86118,0.86162,1.75,1.37
2015.06.16 08:26:32.968,0.86123,0.86162,1.37,1.00
2015.06.16 08:26:39.074,0.86123,0.86162,1.37,1.00
2015.06.16 08:26:39.827,0.86128,0.86167,1.00,1.50
2015.06.16 08:26:40.220,0.86128,0.86167,1.00,1.37
2015.06.16 08:26:43.348,0.86127,0.86168,1.00,1.37
2015.06.16 08:26:43.456,0.86123,0.86162,1.12,1.00
2015.06.16 08:26:45.328,0.86128,0.86167,1.00,1.37
2015.06.16 08:26:45.878,0.86122,0.86163,1.37,1.00
2015.06.16 08:26:46.894,0.86122,0.86163,1.37,1.00
2015.06.16 08:26:50.236,0.86122,0.86163,1.75,1.00
2015.06.16 08:26:51.523,0.86122,0.86163,1.75,1.00
2015.06.16 08:26:56.131,0.86123,0.86162,1.75,1.00
2015.06.16 08:26:56.415,0.86127,0.86168,1.37,1.37
2015.06.16 08:26:56.837,0.86127,0.86168,1.37,1.37
2015.06.16 08:27:01.126,0.86127,0.86168,1.37,1.37
2015.06.16 08:27:01.828,0.86127,0.86168,1.37,1.50
2015.06.16 08:27:02.230,0.86127,0.86168,1.37,1.37
2015.06.16 08:27:06.643,0.86127,0.86168,1.12,1.37
2015.06.16 08:27:07.946,0.86127,0.86168,1.37,1.37
2015.06.16 08:27:09.951,0.86127,0.86168,1.37,1.75
2015.06.16 08:27:13.159,0.86127,0.86168,1.37,1.37
2015.06.16 08:27:13.360,0.86127,0.86168,1.37,1.37
2015.06.16 08:27:17.070,0.86127,0.86168,1.37,1.37
2015.06.16 08:27:19.476,0.86127,0.86168,1.37,1.37
2015.06.16 08:27:20.195,0.86127,0.86168,1.37,1.37
2015.06.16 08:27:27.297,0.86128,0.86167,1.37,1.50
2015.06.16 08:27:27.915,0.86122,0.86168,1.75,1.75
2015.06.16 08:27:29.002,0.86122,0.86168,1.75,1.37
2015.06.16 08:27:30.540,0.86128,0.86171,1.37,1.50
2015.06.16 08:27:31.305,0.86123,0.86167,1.75,1.37
2015.06.16 08:27:31.856,0.86123,0.86167,1.50,1.37
2015.06.16 08:27:32.612,0.86122,0.86168,1.75,1.37
2015.06.16 08:27:37.525,0.86127,0.86172,1.37,1.75
2015.06.16 08:27:37.625,0.86127,0.86172,1.37,1.75
2015.06.16 08:27:38.328,0.86127,0.86172,1.00,1.75
2015.06.16 08:27:38.428,0.86122,0.86173,2.25,2.25
2015.06.16 08:27:39.061,0.86128,0.86174,1.37,2.25
2015.06.16 08:27:39.932,0.86128,0.86172,1.00,1.75
2015.06.16 08:27:40.835,0.86128,0.86171,1.37,1.37
2015.06.16 08:27:42.867,0.86127,0.86173,1.37,1.75
2015.06.16 08:27:45.787,0.86132,0.86167,1.30,1.00
2015.06.16 08:27:45.888,0.8613,0.86178,1.35,1.75
2015.06.16 08:27:45.949,0.86132,0.86178,1.67,1.75
2015.06.16 08:27:48.655,0.86132,0.86178,1.67,1.37
2015.06.16 08:27:53.166,0.8613,0.86178,1.35,1.75
2015.06.16 08:27:53.616,0.86128,0.86177,1.37,2.25
2015.06.16 08:27:53.977,0.86124,0.86172,1.75,1.75
2015.06.16 08:27:55.886,0.86124,0.86172,1.75,1.37
2015.06.16 08:27:56.390,0.86124,0.86172,1.75,1.37
2015.06.16 08:27:57.114,0.86124,0.86172,1.75,1.37
2015.06.16 08:27:57.627,0.86124,0.86172,1.75,1.37
2015.06.16 08:28:00.127,0.86124,0.86172,1.75,1.37
2015.06.16 08:28:00.734,0.86125,0.86172,1.37,1.37
2015.06.16 08:28:03.635,0.86125,0.8617,1.60,1.37
2015.06.16 08:28:03.736,0.86124,0.8617,2.47,2.25
2015.06.16 08:28:03.937,0.8612,0.86167,2.25,1.37
2015.06.16 08:28:04.454,0.86125,0.86167,1.50,1.37
2015.06.16 08:28:12.357,0.86124,0.86173,1.37,1.75
2015.06.16 08:28:12.977,0.86124,0.86173,1.75,1.75
2015.06.16 08:28:14.768,0.86124,0.86173,1.75,1.75
2015.06.16 08:28:15.875,0.86124,0.86173,1.50,1.75
2015.06.16 08:28:16.680,0.86124,0.86173,1.75,1.75
2015.06.16 08:28:17.005,0.86127,0.86175,1.37,1.75
2015.06.16 08:28:30.253,0.86123,0.86172,2.85,1.50
2015.06.16 08:28:30.755,0.86123,0.86172,2.85,1.75
2015.06.16 08:28:33.802,0.86123,0.86173,2.10,1.75
2015.06.16 08:28:35.282,0.86123,0.86173,1.67,2.25
2015.06.16 08:28:55.594,0.86123,0.86172,1.72,2.25
2015.06.16 08:28:58.234,0.86123,0.86166,1.72,1.75
2015.06.16 08:28:59.123,0.86123,0.86166,1.72,1.75
2015.06.16 08:29:00.813,0.86122,0.86166,1.37,1.75
2015.06.16 08:29:01.114,0.86118,0.86166,1.37,1.75
2015.06.16 08:29:01.544,0.86117,0.86166,1.37,1.75
2015.06.16 08:29:02.864,0.86117,0.86166,1.00,1.75
2015.06.16 08:29:03.355,0.86118,0.86164,1.00,1.75
2015.06.16 08:29:04.769,0.86118,0.86162,1.00,1.37
2015.06.16 08:29:08.761,0.86118,0.86162,1.00,1.75
2015.06.16 08:29:09.313,0.86117,0.86162,1.00,1.75
2015.06.16 08:29:09.863,0.86118,0.86161,1.00,1.75
2015.06.16 08:29:12.790,0.86118,0.86161,1.00,1.37
2015.06.16 08:29:13.275,0.86118,0.8616,1.12,1.12
2015.06.16 08:29:15.402,0.86117,0.86161,1.37,1.37
2015.06.16 08:29:16.704,0.86117,0.86163,1.37,1.37
2015.06.16 08:29:18.813,0.86117,0.86163,1.37,1.37
2015.06.16 08:29:19.470,0.86118,0.86162,1.37,1.37
2015.06.16 08:29:19.871,0.86118,0.86162,1.12,1.75
2015.06.16 08:29:20.483,0.86118,0.86162,1.00,1.50
2015.06.16 08:29:21.344,0.86118,0.86162,1.12,1.75
2015.06.16 08:29:21.881,0.86118,0.86162,1.00,1.75
2015.06.16 08:29:23.857,0.86118,0.86162,1.00,1.75
2015.06.16 08:29:24.424,0.86118,0.86161,1.00,1.75
2015.06.16 08:29:25.595,0.86112,0.86161,1.37,2.25
2015.06.16 08:29:26.930,0.86112,0.8616,1.12,1.75
2015.06.16 08:29:27.131,0.86112,0.8616,1.37,2.25
2015.06.16 08:29:27.610,0.86118,0.8616,1.00,1.75
2015.06.16 08:29:27.661,0.86118,0.8616,1.00,1.75
2015.06.16 08:29:29.564,0.86112,0.86159,1.00,1.75
2015.06.16 08:29:30.149,0.86113,0.86157,1.00,1.50
2015.06.16 08:29:30.199,0.86112,0.86158,1.37,1.37
2015.06.16 08:29:30.250,0.86112,0.86158,1.37,1.37
2015.06.16 08:29:30.803,0.86113,0.86162,1.37,1.50
2015.06.16 08:29:30.974,0.86112,0.86163,1.37,1.75
2015.06.16 08:29:31.242,0.86112,0.86163,1.12,1.75
2015.06.16 08:29:33.383,0.86112,0.86163,1.37,2.25
2015.06.16 08:29:33.483,0.86113,0.86163,1.37,2.25
2015.06.16 08:29:33.758,0.86113,0.86162,1.87,1.75
2015.06.16 08:29:34.064,0.86118,0.86162,1.00,1.75
2015.06.16 08:29:34.165,0.86118,0.86162,1.00,1.37
2015.06.16 08:29:34.265,0.86118,0.86162,1.12,1.37
2015.06.16 08:29:34.667,0.86118,0.86162,1.00,1.75
2015.06.16 08:29:35.385,0.86117,0.86163,1.00,2.25
2015.06.16 08:29:35.694,0.86117,0.86163,1.00,2.25
2015.06.16 08:29:36.281,0.86117,0.86162,1.00,1.75
2015.06.16 08:29:36.813,0.86118,0.86162,1.00,2.25
2015.06.16 08:29:37.803,0.86113,0.86157,1.12,1.37
2015.06.16 08:29:39.860,0.86113,0.86157,1.37,1.75
2015.06.16 08:29:40.163,0.86112,0.86158,1.12,1.75
2015.06.16 08:29:43.968,0.86108,0.86153,2.47,1.00
2015.06.16 08:29:44.069,0.86108,0.86153,2.85,1.37
2015.06.16 08:29:45.061,0.8611,0.86152,1.30,1.00
2015.06.16 08:29:45.615,0.8611,0.86157,1.30,1.37
2015.06.16 08:29:45.834,0.86113,0.86157,1.00,1.37
2015.06.16 08:29:47.585,0.86113,0.86157,1.00,1.00
2015.06.16 08:29:48.376,0.86112,0.86158,1.00,1.37
2015.06.16 08:29:50.098,0.86113,0.86157,1.00,1.12
2015.06.16 08:29:50.747,0.86113,0.86157,1.00,1.37
2015.06.16 08:29:51.247,0.86114,0.86158,1.37,1.00
2015.06.16 08:29:51.334,0.86114,0.86162,1.37,1.12
2015.06.16 08:29:51.693,0.86113,0.86157,1.87,1.00
2015.06.16 08:29:52.323,0.86115,0.86158,1.00,1.00
2015.06.16 08:29:53.347,0.86117,0.86158,1.00,1.00
2015.06.16 08:29:54.083,0.86117,0.86157,1.00,1.00
2015.06.16 08:29:54.690,0.86113,0.86157,1.37,1.00
2015.06.16 08:29:55.846,0.86109,0.86152,1.35,1.00
2015.06.16 08:29:56.603,0.86109,0.86153,1.35,1.00
2015.06.16 08:29:57.054,0.86112,0.86158,1.37,1.00
2015.06.16 08:29:57.186,0.86112,0.86158,1.37,1.00
2015.06.16 08:29:57.693,0.86113,0.86157,1.37,1.00
2015.06.16 08:29:58.377,0.86115,0.86158,1.00,1.00
2015.06.16 08:29:59.035,0.86115,0.86157,1.00,1.00
2015.06.16 08:29:59.585,0.86117,0.86163,1.00,1.37
2015.06.16 08:29:59.635,0.86117,0.86163,1.00,1.50
2015.06.16 08:29:59.894,0.86117,0.86163,1.00,1.37
2015.06.16 08:30:00.433,0.86118,0.86167,1.00,1.37
2015.06.16 08:30:00.534,0.86119,0.86167,1.00,1.00
2015.06.16 08:30:00.721,0.86123,0.86167,1.00,1.00
2015.06.16 08:30:01.153,0.86128,0.86171,1.00,1.87
2015.06.16 08:30:01.322,0.86128,0.86171,1.00,1.00
2015.06.16 08:30:01.523,0.86128,0.86171,1.00,1.50
2015.06.16 08:30:01.816,0.86128,0.86172,1.00,1.37
2015.06.16 08:30:02.630,0.86128,0.86172,1.00,1.37
2015.06.16 08:30:02.779,0.86123,0.86172,1.37,1.37
2015.06.16 08:30:02.830,0.86123,0.86172,1.12,1.75
2015.06.16 08:30:03.732,0.86123,0.86172,1.12,1.37
2015.06.16 08:30:04.234,0.86122,0.86173,1.37,2.25
2015.06.16 08:30:04.821,0.86123,0.86172,1.37,1.50
2015.06.16 08:30:04.937,0.86123,0.86172,1.12,1.37
2015.06.16 08:30:05.561,0.86123,0.86172,1.12,1.50
2015.06.16 08:30:05.887,0.86123,0.86172,1.00,1.75
2015.06.16 08:30:07.444,0.86123,0.86172,1.00,1.75
2015.06.16 08:30:07.986,0.86123,0.86172,1.00,2.25
2015.06.16 08:30:08.326,0.86123,0.86167,1.00,2.25
2015.06.16 08:30:08.656,0.86122,0.86167,1.00,1.50
2015.06.16 08:30:09.165,0.86123,0.86167,1.00,1.50
2015.06.16 08:30:09.972,0.86122,0.86167,1.00,1.37
2015.06.16 08:30:10.075,0.86122,0.86167,1.00,2.25
2015.06.16 08:30:10.125,0.86117,0.86167,1.00,2.25
2015.06.16 08:30:10.796,0.86117,0.86167,1.37,1.50
2015.06.16 08:30:11.535,0.86117,0.86165,1.37,1.37
2015.06.16 08:30:11.686,0.86117,0.86168,1.12,1.75
2015.06.16 08:30:12.509,0.86118,0.86167,1.00,1.50
2015.06.16 08:30:12.999,0.86116,0.86166,1.37,1.75
2015.06.16 08:30:13.308,0.86123,0.86167,1.00,1.75
2015.06.16 08:30:13.430,0.86123,0.86167,1.00,1.75
2015.06.16 08:30:13.901,0.86123,0.86167,1.00,1.37
2015.06.16 08:30:14.115,0.86123,0.86167,1.00,1.50
2015.06.16 08:30:14.428,0.86122,0.86165,1.00,1.75
2015.06.16 08:30:14.655,0.86118,0.86162,1.37,1.37
2015.06.16 08:30:15.292,0.86117,0.86163,1.50,1.37
2015.06.16 08:30:15.810,0.86122,0.86163,1.00,1.50
2015.06.16 08:30:16.375,0.86118,0.86157,1.37,1.00
2015.06.16 08:30:16.429,0.86118,0.86157,1.37,1.37
2015.06.16 08:30:16.677,0.86118,0.86157,1.37,1.12
2015.06.16 08:30:16.778,0.86118,0.86157,1.37,1.37
2015.06.16 08:30:17.145,0.86118,0.86157,1.37,1.37
2015.06.16 08:30:18.385,0.86123,0.86162,1.00,1.75
2015.06.16 08:30:19.127,0.86122,0.86163,1.00,1.75
2015.06.16 08:30:19.897,0.86123,0.86162,1.00,1.75
2015.06.16 08:30:20.117,0.86118,0.86157,1.37,1.37
2015.06.16 08:30:21.079,0.86118,0.86157,1.37,1.37
2015.06.16 08:30:21.416,0.86122,0.86163,1.00,1.75
2015.06.16 08:30:21.467,0.86122,0.86163,1.00,1.75
2015.06.16 08:30:22.075,0.86122,0.86163,1.00,1.75
2015.06.16 08:30:25.206,0.86122,0.86163,1.00,1.75
2015.06.16 08:30:26.385,0.86122,0.86163,1.12,1.75
2015.06.16 08:30:26.953,0.86123,0.86162,1.00,1.75
2015.06.16 08:30:28.590,0.86119,0.86157,1.37,1.37
2015.06.16 08:30:28.641,0.86119,0.86157,1.12,1.00
2015.06.16 08:30:28.842,0.86118,0.86157,1.00,1.37
2015.06.16 08:30:29.043,0.86114,0.86158,2.47,1.50
2015.06.16 08:30:29.644,0.86114,0.86157,2.10,1.37
2015.06.16 08:30:29.745,0.86116,0.86158,1.97,1.37
2015.06.16 08:30:30.055,0.86117,0.86157,1.72,1.12
2015.06.16 08:30:30.366,0.86118,0.86157,1.37,1.37
2015.06.16 08:30:31.542,0.86118,0.86157,1.50,1.00
2015.06.16 08:30:31.593,0.86118,0.86157,1.37,1.00
2015.06.16 08:30:32.261,0.86117,0.86158,1.72,1.00
2015.06.16 08:30:32.516,0.86118,0.86157,1.50,1.37
2015.06.16 08:30:32.712,0.86118,0.86157,1.37,1.00
2015.06.16 08:30:33.105,0.86118,0.86157,1.12,1.12
2015.06.16 08:30:33.306,0.86113,0.86157,2.47,1.00
2015.06.16 08:30:33.597,0.86113,0.86162,1.37,1.75
2015.06.16 08:30:33.695,0.86113,0.86162,1.37,1.75
2015.06.16 08:30:33.916,0.86118,0.86163,1.67,1.37
2015.06.16 08:30:35.112,0.86122,0.86163,1.00,1.75
2015.06.16 08:30:36.148,0.86123,0.86162,1.00,1.50
2015.06.16 08:30:36.627,0.86122,0.86163,1.00,1.75
2015.06.16 08:30:39.862,0.86122,0.86163,1.37,1.75
2015.06.16 08:30:40.055,0.86122,0.86163,1.12,1.50
2015.06.16 08:30:41.975,0.86123,0.86162,1.00,1.37
2015.06.16 08:30:42.586,0.86123,0.86162,1.12,1.37
2015.06.16 08:30:43.126,0.86123,0.86162,1.00,1.37
2015.06.16 08:30:43.541,0.86123,0.86162,1.00,1.37
2015.06.16 08:30:44.394,0.86117,0.86163,1.37,1.50
2015.06.16 08:30:44.644,0.86117,0.86163,1.37,1.75
2015.06.16 08:30:46.372,0.86118,0.86162,1.37,1.37
2015.06.16 08:30:46.851,0.86123,0.86162,1.00,1.75
2015.06.16 08:30:47.279,0.86123,0.86162,1.00,1.50
2015.06.16 08:30:47.854,0.86123,0.86162,1.00,1.75
2015.06.16 08:30:49.954,0.86123,0.86162,1.00,1.75
2015.06.16 08:30:51.165,0.86123,0.86162,1.12,1.75
2015.06.16 08:30:55.827,0.86123,0.86162,1.00,1.75
2015.06.16 08:30:55.878,0.86118,0.86164,1.37,2.10
2015.06.16 08:30:55.928,0.86118,0.86155,1.12,1.50
2015.06.16 08:30:56.108,0.86113,0.86155,1.00,2.25
2015.06.16 08:30:56.367,0.86112,0.86148,1.00,1.37
2015.06.16 08:30:56.417,0.86106,0.86148,2.10,1.37
2015.06.16 08:30:56.468,0.86102,0.86144,1.35,2.25
2015.06.16 08:30:56.658,0.86106,0.86142,2.10,1.00
2015.06.16 08:30:57.630,0.86108,0.86147,1.00,1.00
2015.06.16 08:30:57.935,0.86108,0.86148,1.00,1.67
2015.06.16 08:30:58.585,0.86107,0.8615,1.00,1.75
2015.06.16 08:30:58.887,0.86111,0.86157,1.35,1.37
2015.06.16 08:30:59.474,0.86113,0.86152,1.97,1.00
2015.06.16 08:31:00.099,0.86117,0.86158,1.00,1.50
2015.06.16 08:31:00.601,0.86113,0.86157,1.97,1.50
2015.06.16 08:31:00.834,0.86113,0.86157,1.12,1.50
2015.06.16 08:31:00.885,0.86113,0.86157,1.12,1.75
2015.06.16 08:31:01.217,0.86113,0.86157,1.00,1.75
2015.06.16 08:31:01.368,0.86107,0.86153,1.37,1.75
2015.06.16 08:31:02.603,0.86107,0.86153,1.37,1.75
2015.06.16 08:31:03.383,0.86108,0.86152,1.37,1.75
2015.06.16 08:31:05.882,0.86108,0.86152,1.12,1.50
2015.06.16 08:31:06.208,0.86108,0.86152,1.50,1.37
2015.06.16 08:31:06.535,0.86108,0.86152,1.37,1.75
2015.06.16 08:31:06.997,0.86107,0.86153,1.37,1.75
2015.06.16 08:31:08.255,0.86108,0.86152,1.37,1.75
2015.06.16 08:31:08.315,0.86108,0.86152,1.37,1.37
2015.06.16 08:31:08.425,0.86108,0.86152,1.37,1.75
2015.06.16 08:31:08.977,0.86109,0.86152,1.37,1.75
2015.06.16 08:31:09.128,0.86108,0.86152,1.37,1.00
2015.06.16 08:31:09.229,0.86108,0.86153,1.75,1.12
2015.06.16 08:31:09.380,0.86118,0.86162,1.37,1.75
2015.06.16 08:31:10.019,0.86118,0.86162,1.37,1.75
2015.06.16 08:31:10.455,0.86117,0.86163,1.12,2.25
2015.06.16 08:31:10.856,0.86114,0.86161,1.35,1.75
2015.06.16 08:31:11.078,0.86118,0.86157,1.12,1.75
2015.06.16 08:31:11.179,0.86117,0.86158,1.37,1.50
2015.06.16 08:31:11.296,0.86117,0.86158,1.12,1.75
2015.06.16 08:31:11.609,0.86118,0.86162,1.37,1.75
2015.06.16 08:31:13.155,0.86113,0.86162,1.75,1.75
2015.06.16 08:31:13.466,0.86113,0.8616,1.37,1.75
2015.06.16 08:31:13.605,0.86113,0.8616,1.37,1.75
2015.06.16 08:31:13.692,0.86113,0.86162,1.37,2.25
2015.06.16 08:31:13.742,0.86118,0.86168,1.00,2.25
2015.06.16 08:31:13.793,0.86118,0.86167,1.00,1.75
2015.06.16 08:31:13.878,0.86123,0.86167,1.00,1.75
2015.06.16 08:31:14.079,0.86123,0.86166,1.00,1.37
2015.06.16 08:31:14.130,0.86128,0.86167,1.00,1.37
2015.06.16 08:31:14.351,0.86122,0.86168,1.00,1.37
2015.06.16 08:31:14.864,0.86123,0.86167,1.00,1.37
2015.06.16 08:31:15.584,0.86123,0.86167,1.12,1.75
2015.06.16 08:31:17.691,0.86123,0.86166,1.00,1.75
2015.06.16 08:31:18.062,0.86123,0.86166,1.00,1.75
2015.06.16 08:31:18.615,0.86123,0.86166,1.00,1.75
2015.06.16 08:31:20.021,0.86123,0.86167,1.37,1.75
2015.06.16 08:31:22.625,0.86123,0.86167,1.12,1.75
2015.06.16 08:31:22.976,0.86123,0.86167,1.37,1.75
2015.06.16 08:31:23.883,0.86122,0.86168,1.37,1.75
2015.06.16 08:31:24.345,0.86122,0.86167,1.37,1.75
2015.06.16 08:31:26.084,0.86122,0.86166,1.00,1.75
2015.06.16 08:31:26.863,0.86123,0.86166,1.00,1.75
2015.06.16 08:31:28.390,0.86123,0.86166,1.12,1.75
2015.06.16 08:31:28.441,0.86128,0.86168,1.00,1.75
2015.06.16 08:31:28.492,0.86128,0.8617,1.00,1.75
2015.06.16 08:31:28.616,0.86122,0.86168,1.37,1.50
2015.06.16 08:31:28.787,0.86122,0.86168,1.00,1.75
2015.06.16 08:31:29.126,0.86127,0.86166,1.00,1.67
2015.06.16 08:31:30.020,0.86128,0.86166,1.00,1.67
2015.06.16 08:31:30.384,0.86128,0.86166,1.00,1.35
2015.06.16 08:31:30.753,0.86122,0.86166,1.12,1.35
2015.06.16 08:31:30.854,0.86122,0.86166,1.37,1.67
2015.06.16 08:31:31.653,0.86128,0.86166,1.00,1.67
2015.06.16 08:31:31.864,0.86127,0.86169,1.12,1.35
2015.06.16 08:31:32.245,0.86128,0.86172,1.37,2.25
2015.06.16 08:31:32.574,0.86123,0.86163,1.67,1.12
2015.06.16 08:31:32.875,0.86119,0.86162,1.00,2.10
2015.06.16 08:31:32.976,0.86115,0.86162,1.75,1.72
2015.06.16 08:31:33.260,0.86123,0.86162,1.37,1.37
2015.06.16 08:31:34.184,0.86118,0.8616,1.00,1.35
2015.06.16 08:31:34.385,0.86117,0.86165,1.37,2.25
2015.06.16 08:31:34.694,0.86122,0.86162,1.00,1.37
2015.06.16 08:31:35.773,0.86121,0.86162,1.37,1.37
2015.06.16 08:31:36.750,0.86121,0.86162,1.37,1.37
2015.06.16 08:31:37.054,0.86113,0.86157,1.00,1.75
2015.06.16 08:31:37.155,0.86106,0.86159,1.97,1.75
2015.06.16 08:31:37.256,0.86116,0.86158,1.00,1.37
2015.06.16 08:31:37.379,0.86114,0.86158,1.37,1.37
2015.06.16 08:31:37.663,0.86117,0.86163,1.00,2.10
2015.06.16 08:31:37.823,0.86117,0.86163,1.00,1.00
2015.06.16 08:31:38.385,0.86118,0.86162,1.00,1.00
2015.06.16 08:31:41.102,0.86118,0.86162,1.37,1.50
2015.06.16 08:31:41.729,0.86118,0.86162,1.37,1.75
2015.06.16 08:31:42.402,0.86117,0.86163,1.37,1.75
2015.06.16 08:31:42.846,0.86127,0.86164,1.00,1.75
2015.06.16 08:31:43.525,0.86127,0.86167,1.00,1.75
2015.06.16 08:31:43.633,0.86127,0.86169,1.00,1.35
2015.06.16 08:31:44.715,0.86128,0.86169,1.00,1.35
2015.06.16 08:31:46.226,0.86128,0.86169,1.00,1.35
2015.06.16 08:31:47.633,0.86128,0.86169,1.00,1.35
2015.06.16 08:31:48.454,0.86127,0.86169,1.00,1.35
2015.06.16 08:31:49.684,0.86132,0.86169,1.00,1.35
2015.06.16 08:31:50.350,0.86127,0.86169,1.00,1.35
2015.06.16 08:31:50.902,0.86132,0.86169,1.00,1.35
2015.06.16 08:31:53.073,0.86127,0.86169,1.00,1.35
2015.06.16 08:31:55.435,0.86133,0.86169,1.00,1.35
2015.06.16 08:31:56.207,0.86133,0.86169,1.00,1.35
2015.06.16 08:31:56.843,0.86133,0.86169,1.00,1.35
2015.06.16 08:32:00.332,0.86128,0.86169,1.00,1.35
2015.06.16 08:32:01.232,0.86128,0.86169,1.00,1.35
2015.06.16 08:32:01.875,0.86127,0.86169,1.00,1.35
2015.06.16 08:32:02.170,0.86127,0.86168,1.00,1.75
2015.06.16 08:32:03.079,0.86127,0.86165,1.00,1.75
2015.06.16 08:32:04.566,0.86127,0.86167,1.00,2.25
2015.06.16 08:32:04.627,0.86123,0.86167,1.12,3.00
2015.06.16 08:32:06.366,0.86123,0.86162,1.00,1.35
2015.06.16 08:32:06.416,0.86117,0.86162,1.37,1.35
2015.06.16 08:32:06.602,0.86122,0.86162,1.00,1.35
2015.06.16 08:32:07.492,0.86122,0.86162,1.37,1.35
2015.06.16 08:32:08.595,0.86122,0.86167,1.37,1.75
2015.06.16 08:32:08.706,0.86122,0.86167,1.12,1.75
2015.06.16 08:32:08.885,0.86122,0.86167,1.00,1.75
2015.06.16 08:32:08.985,0.86123,0.86168,1.00,1.75
2015.06.16 08:32:09.142,0.86117,0.86163,1.00,1.37
2015.06.16 08:32:10.500,0.86117,0.86161,1.00,1.75
2015.06.16 08:32:11.002,0.86118,0.86161,1.00,1.75
2015.06.16 08:32:11.494,0.86117,0.86158,1.00,1.37
2015.06.16 08:32:12.517,0.86117,0.86158,1.00,1.50
2015.06.16 08:32:12.669,0.86113,0.86157,1.00,1.37
2015.06.16 08:32:12.835,0.86113,0.86157,1.00,1.75
2015.06.16 08:32:13.388,0.86113,0.86157,1.00,1.75
2015.06.16 08:32:13.904,0.86113,0.86157,1.00,1.75
2015.06.16 08:32:14.797,0.86113,0.86157,1.00,2.25
2015.06.16 08:32:15.063,0.86107,0.86153,1.37,1.37
2015.06.16 08:32:16.219,0.86108,0.86152,1.00,1.37
2015.06.16 08:32:16.882,0.86107,0.86153,1.00,1.37
2015.06.16 08:32:17.104,0.86107,0.86153,1.37,1.37
2015.06.16 08:32:17.493,0.86113,0.86156,1.00,1.75
2015.06.16 08:32:18.375,0.86108,0.86152,1.37,1.37
2015.06.16 08:32:19.133,0.86108,0.86152,1.37,1.37
2015.06.16 08:32:20.024,0.86113,0.86157,1.00,1.75
2015.06.16 08:32:20.533,0.86113,0.86157,1.00,2.25
2015.06.16 08:32:24.481,0.86113,0.86157,1.00,1.75
2015.06.16 08:32:25.053,0.86112,0.86158,1.00,2.25
2015.06.16 08:32:26.188,0.86112,0.86156,1.00,1.75
2015.06.16 08:32:26.374,0.86108,0.86152,1.37,1.37
2015.06.16 08:32:26.582,0.86108,0.86152,1.37,1.37
2015.06.16 08:32:26.905,0.86108,0.86152,1.37,1.37
2015.06.16 08:32:27.307,0.86108,0.86152,1.00,1.37
2015.06.16 08:32:27.585,0.86113,0.86152,1.00,1.37
2015.06.16 08:32:30.157,0.86112,0.86155,1.00,1.75
2015.06.16 08:32:31.290,0.86113,0.86155,1.00,1.75
2015.06.16 08:32:33.823,0.86113,0.86157,1.00,3.00
2015.06.16 08:32:33.874,0.86108,0.86157,1.37,2.25
2015.06.16 08:32:33.925,0.86108,0.86157,1.50,1.37
2015.06.16 08:32:34.182,0.86117,0.86158,1.00,1.50
2015.06.16 08:32:34.519,0.86117,0.86158,1.00,1.75
2015.06.16 08:32:34.602,0.86117,0.86158,1.00,1.37
2015.06.16 08:32:35.202,0.86118,0.86157,1.00,1.37
2015.06.16 08:32:36.823,0.86117,0.86158,1.00,1.37
2015.06.16 08:32:37.814,0.86118,0.86157,1.00,1.37
2015.06.16 08:32:41.033,0.86118,0.86157,1.37,1.12
2015.06.16 08:32:42.154,0.86118,0.86159,1.00,1.75
2015.06.16 08:32:42.490,0.86118,0.86152,1.00,1.75
2015.06.16 08:32:43.057,0.86118,0.86152,1.00,1.00
2015.06.16 08:32:43.423,0.86108,0.86147,1.60,1.00
2015.06.16 08:32:43.896,0.86103,0.86145,1.00,1.00
2015.06.16 08:32:44.414,0.86102,0.86145,1.00,1.00
2015.06.16 08:32:45.077,0.86098,0.86143,2.10,1.00
2015.06.16 08:32:45.835,0.86098,0.86143,2.47,1.75
2015.06.16 08:32:46.354,0.86101,0.86143,1.30,2.25
2015.06.16 08:32:47.541,0.861,0.86142,2.47,1.75
2015.06.16 08:32:48.042,0.861,0.86142,2.47,1.75
2015.06.16 08:32:49.547,0.861,0.86143,2.47,1.75
2015.06.16 08:32:52.192,0.861,0.86142,2.47,1.75
2015.06.16 08:32:52.457,0.861,0.86143,2.47,1.75
2015.06.16 08:32:53.624,0.86103,0.86144,1.00,1.75
2015.06.16 08:32:53.944,0.861,0.86139,2.10,1.75
2015.06.16 08:32:54.095,0.86094,0.8614,2.85,1.50
2015.06.16 08:32:54.627,0.86098,0.86142,1.97,1.75
2015.06.16 08:32:55.664,0.86102,0.86143,1.00,1.75
2015.06.16 08:32:57.582,0.86103,0.86143,1.00,1.75
2015.06.16 08:32:58.372,0.86102,0.86143,1.00,1.75
2015.06.16 08:32:58.904,0.86103,0.86143,1.00,1.75
2015.06.16 08:32:59.226,0.86103,0.86143,1.00,1.75
2015.06.16 08:33:00.553,0.86102,0.86143,1.00,1.75
2015.06.16 08:33:01.543,0.86103,0.86143,1.00,1.75
2015.06.16 08:33:02.974,0.86102,0.86143,1.00,1.75
2015.06.16 08:33:06.386,0.86103,0.86143,1.00,1.75
2015.06.16 08:33:06.515,0.86103,0.86143,1.00,1.75
2015.06.16 08:33:06.598,0.86103,0.86143,1.00,1.75
2015.06.16 08:33:07.134,0.86102,0.86143,1.00,1.75
2015.06.16 08:33:07.386,0.86097,0.86141,1.37,2.25
2015.06.16 08:33:07.436,0.86097,0.86141,1.75,1.37
2015.06.16 08:33:07.825,0.86103,0.86141,1.00,2.25
2015.06.16 08:33:08.145,0.86103,0.86141,1.00,1.87
2015.06.16 08:33:08.323,0.86103,0.86138,1.00,1.00
2015.06.16 08:33:08.721,0.86103,0.86142,1.00,1.00
2015.06.16 08:33:09.259,0.86098,0.86142,1.00,1.00
2015.06.16 08:33:09.360,0.86097,0.86143,2.10,1.00
2015.06.16 08:33:09.743,0.86102,0.86143,1.00,1.00
2015.06.16 08:33:10.063,0.86102,0.86142,1.00,1.75
2015.06.16 08:33:10.454,0.86102,0.86143,1.00,1.75
2015.06.16 08:33:10.655,0.86097,0.8614,3.22,1.75
2015.06.16 08:33:10.756,0.86097,0.8614,1.00,1.75
2015.06.16 08:33:10.856,0.86097,0.86139,1.00,1.75
2015.06.16 08:33:11.374,0.86097,0.86141,1.00,1.75
2015.06.16 08:33:11.715,0.86097,0.86142,1.37,2.25
2015.06.16 08:33:11.904,0.86098,0.86142,1.72,1.75
2015.06.16 08:33:12.006,0.86098,0.86142,1.35,1.37
2015.06.16 08:33:12.107,0.86098,0.86143,1.30,1.37
2015.06.16 08:33:12.366,0.86103,0.86142,1.00,1.50
2015.06.16 08:33:12.418,0.86103,0.86142,1.00,1.37
2015.06.16 08:33:12.551,0.86103,0.86142,1.00,1.50
2015.06.16 08:33:13.145,0.86103,0.86142,1.00,1.37
2015.06.16 08:33:13.267,0.86103,0.86142,1.00,1.00
2015.06.16 08:33:13.404,0.86098,0.86142,1.35,1.00
2015.06.16 08:33:13.871,0.86102,0.86148,1.00,1.00
2015.06.16 08:33:14.524,0.86102,0.86148,1.00,1.75
2015.06.16 08:33:14.625,0.86102,0.86148,1.00,2.25
2015.06.16 08:33:15.131,0.86103,0.86147,1.00,1.75
2015.06.16 08:33:16.101,0.86098,0.86145,1.72,1.50
2015.06.16 08:33:16.225,0.86098,0.86141,1.35,1.37
2015.06.16 08:33:16.628,0.86102,0.86143,1.00,1.75
2015.06.16 08:33:16.779,0.86102,0.86143,1.00,1.12
2015.06.16 08:33:17.322,0.86103,0.86142,1.00,1.00
2015.06.16 08:33:17.434,0.86103,0.86142,1.00,1.37
2015.06.16 08:33:17.636,0.86097,0.86143,1.50,1.37
2015.06.16 08:33:17.822,0.86108,0.86142,1.00,1.37
2015.06.16 08:33:18.155,0.86098,0.86146,1.72,1.75
2015.06.16 08:33:18.725,0.86098,0.86137,1.72,1.00
2015.06.16 08:33:20.027,0.86097,0.86138,1.97,1.12
2015.06.16 08:33:20.127,0.86097,0.86138,1.97,1.37
2015.06.16 08:33:21.561,0.86098,0.86142,1.12,1.75
2015.06.16 08:33:21.893,0.86098,0.86142,1.37,1.37
2015.06.16 08:33:21.948,0.86098,0.86142,1.37,1.75
2015.06.16 08:33:22.507,0.86093,0.86142,1.75,1.50
2015.06.16 08:33:22.908,0.86103,0.86142,1.00,1.50
2015.06.16 08:33:23.763,0.86103,0.86142,1.00,1.75
2015.06.16 08:33:23.864,0.86097,0.86143,1.37,1.75
2015.06.16 08:33:23.965,0.86097,0.86143,1.75,1.12
2015.06.16 08:33:24.177,0.86098,0.86145,1.37,1.75
2015.06.16 08:33:24.593,0.86093,0.86137,3.60,1.37
2015.06.16 08:33:24.758,0.86093,0.86143,2.10,1.12
2015.06.16 08:33:24.859,0.86098,0.86137,1.00,1.00
2015.06.16 08:33:25.431,0.86103,0.86147,1.00,1.37
2015.06.16 08:33:25.482,0.86103,0.86147,1.00,1.00
2015.06.16 08:33:25.532,0.86103,0.86147,2.85,1.00
2015.06.16 08:33:25.948,0.86108,0.86152,1.00,1.12
2015.06.16 08:33:26.693,0.86108,0.86152,2.10,1.72
2015.06.16 08:33:27.035,0.86113,0.86156,1.00,1.75
2015.06.16 08:33:27.086,0.86113,0.86156,1.12,1.75
2015.06.16 08:33:27.186,0.86113,0.86157,1.00,1.37
2015.06.16 08:33:27.287,0.86113,0.86157,1.00,1.75
2015.06.16 08:33:27.388,0.86108,0.86152,1.00,1.37
2015.06.16 08:33:27.792,0.86108,0.86152,1.00,1.00
2015.06.16 08:33:29.508,0.86108,0.86152,1.00,1.75
2015.06.16 08:33:30.152,0.86104,0.86142,2.10,1.00
2015.06.16 08:33:30.910,0.86107,0.86148,1.35,1.37
2015.06.16 08:33:31.122,0.86104,0.86142,2.47,1.00
2015.06.16 08:33:31.333,0.86107,0.86148,1.35,1.37
2015.06.16 08:33:31.796,0.86103,0.86143,2.10,1.12
2015.06.16 08:33:32.882,0.86103,0.86143,2.10,1.37
2015.06.16 08:33:33.183,0.86103,0.86143,2.10,1.75
2015.06.16 08:33:33.385,0.86102,0.86143,1.00,1.75
2015.06.16 08:33:33.731,0.86103,0.86142,1.00,2.25
2015.06.16 08:33:33.946,0.86097,0.86141,1.00,1.75
2015.06.16 08:33:34.072,0.86103,0.86141,1.00,1.75
2015.06.16 08:33:34.842,0.86098,0.86137,1.00,1.37
2015.06.16 08:33:35.361,0.86098,0.86137,1.00,1.37
2015.06.16 08:33:35.531,0.86098,0.86136,1.00,1.75
2015.06.16 08:33:35.891,0.86098,0.86135,1.00,1.75
2015.06.16 08:33:36.141,0.86093,0.86137,1.00,1.75
2015.06.16 08:33:36.930,0.86093,0.86132,1.00,1.75
2015.06.16 08:33:38.710,0.86093,0.86132,1.00,1.37
2015.06.16 08:33:38.811,0.86093,0.86132,1.00,1.50
2015.06.16 08:33:38.899,0.86093,0.86132,1.00,1.37
2015.06.16 08:33:38.999,0.86093,0.86132,1.12,1.12
2015.06.16 08:33:39.150,0.86098,0.86137,1.00,1.50
2015.06.16 08:33:39.201,0.86098,0.86137,1.12,1.37
2015.06.16 08:33:39.302,0.86098,0.86137,1.97,1.00
2015.06.16 08:33:39.403,0.86098,0.86142,1.60,1.00
2015.06.16 08:33:39.931,0.86102,0.86143,1.00,1.00
2015.06.16 08:33:40.303,0.86102,0.86143,1.00,1.37
2015.06.16 08:33:41.885,0.86103,0.86147,1.00,1.75
2015.06.16 08:33:42.912,0.86103,0.86142,1.00,1.37
2015.06.16 08:33:43.330,0.86103,0.86142,1.00,1.37
2015.06.16 08:33:44.334,0.86102,0.86143,1.00,1.37
2015.06.16 08:33:44.665,0.86108,0.86147,1.00,2.25
2015.06.16 08:33:44.875,0.86103,0.86142,1.00,3.60
2015.06.16 08:33:45.142,0.86102,0.86147,1.00,2.10
2015.06.16 08:33:45.242,0.86102,0.86147,1.00,1.35
2015.06.16 08:33:45.293,0.86098,0.86142,1.37,1.37
2015.06.16 08:33:45.433,0.86098,0.86142,1.00,1.75
2015.06.16 08:33:45.772,0.86098,0.8614,1.00,1.75
2015.06.16 08:33:45.923,0.86098,0.86142,1.00,2.25
2015.06.16 08:33:46.473,0.86098,0.86142,1.00,1.75
2015.06.16 08:33:46.741,0.86098,0.86137,1.00,1.35
2015.06.16 08:33:47.844,0.86098,0.86137,1.00,2.10
2015.06.16 08:33:48.299,0.86098,0.86136,1.00,1.75
2015.06.16 08:33:48.350,0.86098,0.86136,1.00,1.75
2015.06.16 08:33:48.551,0.86098,0.8614,1.00,1.75
2015.06.16 08:33:48.602,0.86093,0.86137,1.12,1.50
2015.06.16 08:33:48.859,0.86097,0.86141,1.00,1.75
2015.06.16 08:33:52.040,0.86097,0.86141,1.00,1.75
2015.06.16 08:33:52.348,0.86093,0.86131,1.00,1.75
2015.06.16 08:33:52.693,0.86092,0.86131,1.00,1.75
2015.06.16 08:33:52.984,0.86093,0.86132,1.00,1.75
2015.06.16 08:33:53.496,0.86093,0.86132,1.00,1.75
2015.06.16 08:33:54.046,0.86093,0.86132,1.00,1.75
2015.06.16 08:33:55.649,0.86092,0.86132,1.00,1.75
2015.06.16 08:33:56.172,0.86092,0.86133,1.00,1.75
2015.06.16 08:33:56.273,0.86092,0.8613,1.00,1.75
2015.06.16 08:33:57.200,0.86092,0.86133,1.00,1.75
2015.06.16 08:33:57.744,0.86093,0.86131,1.00,1.75
2015.06.16 08:33:57.846,0.86088,0.86135,1.00,1.75
2015.06.16 08:33:57.897,0.86088,0.86134,1.00,1.75
2015.06.16 08:33:58.098,0.86093,0.86135,1.00,1.75
2015.06.16 08:33:58.682,0.86092,0.86132,1.00,2.10
2015.06.16 08:34:00.082,0.86092,0.86131,1.00,1.75
2015.06.16 08:34:00.183,0.86087,0.8613,1.00,2.25
2015.06.16 08:34:01.972,0.86087,0.86128,1.00,1.75
2015.06.16 08:34:02.273,0.86087,0.86126,1.00,1.75
2015.06.16 08:34:02.775,0.86088,0.86124,1.00,1.75
2015.06.16 08:34:02.992,0.86087,0.86126,1.00,2.10
2015.06.16 08:34:03.176,0.86087,0.86126,1.00,2.10
2015.06.16 08:34:03.604,0.86087,0.86128,1.00,2.10
2015.06.16 08:34:04.693,0.86083,0.86127,1.00,1.87
2015.06.16 08:34:04.869,0.86092,0.86128,1.00,1.50
2015.06.16 08:34:06.110,0.86092,0.86128,1.00,1.75
2015.06.16 08:34:06.436,0.86088,0.86125,1.00,1.75
2015.06.16 08:34:06.687,0.86088,0.86123,1.00,1.75
2015.06.16 08:34:07.003,0.86092,0.86123,1.00,1.75
2015.06.16 08:34:07.392,0.86092,0.86123,1.00,1.75
2015.06.16 08:34:07.493,0.86092,0.86126,1.00,1.50
2015.06.16 08:34:07.907,0.86092,0.86132,1.00,1.75
2015.06.16 08:34:08.114,0.86092,0.86134,1.00,1.75
2015.06.16 08:34:08.219,0.86093,0.86133,1.00,1.75
2015.06.16 08:34:08.973,0.86093,0.86133,1.00,1.75
2015.06.16 08:34:09.521,0.86093,0.86134,1.00,1.75
2015.06.16 08:34:09.876,0.86093,0.86131,1.00,1.75
2015.06.16 08:34:10.500,0.86093,0.8613,1.00,1.75
2015.06.16 08:34:12.381,0.86092,0.8613,1.00,1.75
2015.06.16 08:34:12.722,0.86092,0.86128,1.00,1.75
2015.06.16 08:34:13.119,0.86087,0.86128,1.00,2.10
2015.06.16 08:34:14.142,0.86087,0.86126,1.00,1.75
2015.06.16 08:34:14.473,0.86087,0.86125,1.00,1.75
2015.06.16 08:34:14.909,0.86088,0.86117,1.00,1.75
2015.06.16 08:34:15.132,0.86077,0.86117,1.00,1.75
2015.06.16 08:34:15.182,0.86077,0.86117,1.00,1.75
2015.06.16 08:34:15.383,0.86077,0.86115,1.00,1.75
2015.06.16 08:34:15.484,0.86077,0.86113,1.00,1.75
2015.06.16 08:34:16.357,0.86077,0.8611,1.00,1.35
2015.06.16 08:34:16.702,0.86077,0.86104,1.00,1.35
2015.06.16 08:34:16.880,0.86068,0.86104,1.00,1.35
2015.06.16 08:34:16.980,0.86068,0.86103,1.00,1.75
2015.06.16 08:34:17.081,0.86062,0.86104,1.00,2.10
2015.06.16 08:34:17.312,0.86068,0.86102,1.00,1.75
2015.06.16 08:34:17.880,0.86067,0.86102,1.00,1.75
2015.06.16 08:34:18.320,0.86067,0.86102,1.00,1.50
2015.06.16 08:34:18.421,0.86067,0.8611,1.00,1.75
2015.06.16 08:34:18.519,0.86067,0.86111,1.00,3.37
2015.06.16 08:34:18.670,0.86062,0.86113,1.12,1.75
2015.06.16 08:34:18.721,0.86062,0.86113,1.37,1.75
2015.06.16 08:34:19.059,0.86073,0.86114,1.00,1.75
2015.06.16 08:34:19.571,0.86072,0.86114,1.00,1.75
2015.06.16 08:34:20.309,0.86072,0.86113,1.00,1.75
2015.06.16 08:34:20.849,0.86068,0.86109,1.00,1.67
2015.06.16 08:34:21.670,0.86067,0.8611,1.00,1.75
2015.06.16 08:34:22.830,0.86067,0.86112,1.00,2.25
2015.06.16 08:34:23.380,0.86073,0.8611,1.00,1.75
2015.06.16 08:34:23.790,0.86068,0.8611,1.00,1.75
2015.06.16 08:34:25.350,0.86073,0.8611,1.00,1.50
2015.06.16 08:34:25.670,0.86082,0.86132,2.10,1.00
2015.06.16 08:34:25.909,0.86097,0.86138,1.00,1.37
2015.06.16 08:34:26.123,0.86092,0.86141,1.00,2.10
2015.06.16 08:34:26.173,0.86092,0.86137,1.00,1.50
2015.06.16 08:34:26.322,0.86083,0.86135,1.00,1.37
2015.06.16 08:34:26.473,0.86083,0.86133,1.00,1.75
2015.06.16 08:34:26.657,0.86077,0.86128,1.00,2.85
2015.06.16 08:34:26.901,0.86083,0.86127,1.00,1.97
2015.06.16 08:34:27.505,0.86083,0.86126,1.00,2.10
2015.06.16 08:34:28.032,0.86082,0.86126,1.00,1.35
2015.06.16 08:34:28.398,0.86082,0.86124,1.00,1.75
2015.06.16 08:34:29.723,0.86082,0.86122,1.00,1.75
2015.06.16 08:34:30.342,0.86082,0.86122,1.00,1.75
2015.06.16 08:34:30.392,0.86073,0.8612,1.37,2.25
2015.06.16 08:34:30.831,0.86077,0.8612,1.00,1.75
2015.06.16 08:34:31.050,0.86073,0.8612,1.37,1.75
2015.06.16 08:34:31.380,0.86078,0.8612,1.00,2.17
2015.06.16 08:34:31.824,0.86078,0.8612,1.00,1.42
2015.06.16 08:34:31.937,0.86078,0.86121,1.00,1.75
2015.06.16 08:34:32.039,0.86072,0.86118,1.37,1.50
2015.06.16 08:34:34.591,0.86077,0.86121,1.00,1.75
2015.06.16 08:34:42.502,0.86077,0.86123,1.00,1.75
2015.06.16 08:34:43.142,0.86078,0.86122,1.00,1.75
2015.06.16 08:34:43.193,0.86078,0.86122,1.00,1.50
2015.06.16 08:34:43.619,0.86075,0.86122,1.75,1.50
2015.06.16 08:34:43.681,0.86075,0.86122,1.37,1.50
2015.06.16 08:34:43.782,0.86075,0.86122,1.37,1.50
2015.06.16 08:34:44.120,0.86082,0.86124,1.00,1.35
2015.06.16 08:34:44.382,0.86078,0.86122,1.00,1.75
2015.06.16 08:34:44.492,0.86078,0.86122,1.00,1.75
2015.06.16 08:34:45.683,0.86077,0.86121,1.00,2.25
2015.06.16 08:34:45.791,0.86073,0.86121,1.37,2.25
2015.06.16 08:34:46.121,0.86078,0.86122,1.00,3.00
2015.06.16 08:34:47.559,0.86078,0.86119,1.00,1.75
2015.06.16 08:34:48.129,0.86078,0.86119,1.00,2.25
2015.06.16 08:34:48.562,0.86078,0.86119,1.00,1.75
2015.06.16 08:34:49.442,0.86078,0.86116,1.00,1.75
2015.06.16 08:34:49.641,0.86073,0.86116,1.37,1.75
2015.06.16 08:34:49.990,0.86072,0.86123,1.75,2.25
2015.06.16 08:34:50.091,0.86078,0.86122,1.12,1.75
2015.06.16 08:34:50.868,0.86078,0.86124,1.00,1.75
2015.06.16 08:34:50.969,0.86078,0.86121,1.00,2.25
2015.06.16 08:34:51.069,0.86072,0.86118,1.37,1.75
2015.06.16 08:34:54.174,0.86072,0.86118,1.37,1.75
2015.06.16 08:34:57.689,0.86072,0.86118,1.12,2.25
2015.06.16 08:34:58.804,0.86072,0.86118,1.37,2.25
2015.06.16 08:34:58.955,0.86072,0.86118,1.37,1.75
2015.06.16 08:35:00.198,0.86077,0.86116,1.00,1.75
2015.06.16 08:35:04.605,0.86072,0.86116,1.37,1.75
2015.06.16 08:35:10.593,0.86072,0.86116,1.37,1.75
2015.06.16 08:35:10.657,0.86072,0.86116,1.50,1.75
2015.06.16 08:35:12.203,0.86072,0.86116,1.00,1.75
2015.06.16 08:35:12.488,0.86073,0.86115,1.00,1.75
2015.06.16 08:35:12.862,0.86068,0.86111,1.00,1.75
2015.06.16 08:35:12.913,0.86068,0.86111,1.00,1.75
2015.06.16 08:35:17.582,0.86067,0.86109,1.00,1.75
2015.06.16 08:35:18.214,0.86068,0.86106,1.00,1.75
2015.06.16 08:35:18.325,0.86068,0.86107,1.37,1.37
2015.06.16 08:35:18.426,0.86067,0.86113,1.72,1.75
2015.06.16 08:35:18.551,0.86067,0.8611,1.72,1.75
2015.06.16 08:35:18.752,0.86068,0.86112,1.12,2.25
2015.06.16 08:35:18.916,0.86068,0.86112,1.60,1.12
2015.06.16 08:35:19.121,0.86073,0.86117,1.00,1.50
2015.06.16 08:35:20.642,0.86073,0.86114,1.12,1.75
2015.06.16 08:35:21.000,0.86077,0.86114,1.00,1.75
2015.06.16 08:35:22.871,0.86078,0.86114,1.00,1.75
2015.06.16 08:35:30.491,0.86078,0.86115,1.00,1.75
2015.06.16 08:35:31.121,0.86082,0.86115,1.00,1.75
2015.06.16 08:35:31.594,0.86078,0.86114,1.00,1.75
2015.06.16 08:35:31.695,0.86078,0.86117,1.00,2.25
2015.06.16 08:35:31.861,0.86078,0.86117,1.00,2.25
2015.06.16 08:35:33.472,0.86078,0.86117,1.00,2.25
2015.06.16 08:35:34.500,0.86078,0.86117,1.00,1.75
2015.06.16 08:35:37.061,0.86077,0.86118,1.00,2.25
2015.06.16 08:35:39.406,0.86065,0.86102,1.35,1.00
2015.06.16 08:35:39.575,0.86063,0.86102,1.00,1.00
2015.06.16 08:35:40.090,0.86062,0.86107,1.00,1.97
2015.06.16 08:35:40.511,0.86063,0.86101,1.00,1.00
2015.06.16 08:35:41.502,0.86063,0.86101,1.00,1.75
2015.06.16 08:35:42.034,0.86063,0.86102,1.00,2.25
2015.06.16 08:35:42.419,0.86063,0.86104,1.00,2.25
2015.06.16 08:35:42.470,0.86058,0.86102,1.00,1.75
2015.06.16 08:35:42.571,0.86053,0.86102,1.30,1.75
2015.06.16 08:35:43.623,0.86053,0.86101,1.72,1.75
2015.06.16 08:35:44.111,0.86053,0.86101,1.72,1.75
2015.06.16 08:35:45.257,0.86052,0.86101,1.97,1.75
2015.06.16 08:35:46.016,0.86052,0.86098,1.97,1.75
2015.06.16 08:35:46.333,0.86052,0.86098,1.35,1.37
2015.06.16 08:35:46.434,0.86053,0.86098,1.35,1.37
2015.06.16 08:35:46.929,0.86057,0.86106,1.12,1.75
2015.06.16 08:35:47.142,0.86057,0.86104,1.37,1.75
2015.06.16 08:35:47.686,0.86057,0.86103,1.12,2.25
2015.06.16 08:35:49.843,0.86058,0.86097,1.00,1.75
2015.06.16 08:35:50.895,0.86057,0.86102,1.00,2.25
2015.06.16 08:35:51.196,0.86057,0.86101,1.00,2.25
2015.06.16 08:35:51.698,0.86058,0.86099,1.00,1.75
2015.06.16 08:35:52.000,0.86058,0.86096,1.00,1.75
2015.06.16 08:35:53.090,0.86058,0.86096,1.00,1.50
2015.06.16 08:35:53.191,0.86058,0.86096,1.00,1.75
2015.06.16 08:35:53.741,0.86058,0.86097,1.00,1.35
2015.06.16 08:35:54.901,0.86062,0.86101,1.00,2.85
2015.06.16 08:35:55.001,0.86062,0.86099,1.00,1.75
2015.06.16 08:35:55.102,0.86062,0.861,1.00,1.75
2015.06.16 08:35:55.291,0.86062,0.86102,1.00,1.75
2015.06.16 08:35:55.394,0.86062,0.86103,1.00,2.25
2015.06.16 08:35:55.781,0.86062,0.86103,1.12,1.75
2015.06.16 08:35:56.090,0.86067,0.86106,1.00,2.10
2015.06.16 08:35:57.523,0.86062,0.86103,1.12,1.75
2015.06.16 08:35:57.853,0.86067,0.86105,1.00,1.75
2015.06.16 08:36:00.604,0.86063,0.86106,1.00,1.35
2015.06.16 08:36:01.231,0.86063,0.86103,1.00,1.35
2015.06.16 08:36:01.762,0.86062,0.86102,1.00,1.75
2015.06.16 08:36:01.812,0.86062,0.86102,1.00,1.75
2015.06.16 08:36:02.920,0.86062,0.86102,1.00,1.75
2015.06.16 08:36:03.604,0.86058,0.86101,1.72,1.75
2015.06.16 08:36:11.506,0.86057,0.86102,1.60,1.75
2015.06.16 08:36:11.579,0.86057,0.86102,1.60,1.75
2015.06.16 08:36:11.780,0.86057,0.86099,1.00,2.25
2015.06.16 08:36:11.881,0.86057,0.86097,1.00,1.75
2015.06.16 08:36:12.209,0.86053,0.86097,1.37,1.75
2015.06.16 08:36:12.895,0.86057,0.86098,1.00,2.25
2015.06.16 08:36:13.003,0.86057,0.86098,1.00,1.75
2015.06.16 08:36:13.297,0.86057,0.86101,1.00,2.25
2015.06.16 08:36:13.799,0.86057,0.86101,1.00,1.75
2015.06.16 08:36:15.693,0.86057,0.861,1.37,1.75
2015.06.16 08:36:15.743,0.86057,0.861,1.00,1.75
2015.06.16 08:36:15.945,0.86053,0.86095,1.12,1.35
2015.06.16 08:36:16.114,0.86053,0.86095,1.37,1.35
2015.06.16 08:36:16.461,0.86053,0.86096,1.50,1.35
2015.06.16 08:36:16.561,0.86053,0.86095,1.37,1.67
2015.06.16 08:36:17.021,0.86053,0.86097,1.75,1.37
2015.06.16 08:36:17.123,0.86053,0.86097,1.50,1.00
2015.06.16 08:36:17.242,0.86057,0.86103,1.00,1.72
2015.06.16 08:36:17.774,0.86058,0.86102,1.00,1.35
2015.06.16 08:36:19.077,0.86058,0.861,1.00,1.00
2015.06.16 08:36:19.550,0.86058,0.861,1.00,1.75
2015.06.16 08:36:19.841,0.86058,0.861,1.00,1.75
2015.06.16 08:36:20.332,0.86062,0.86102,1.00,1.35
2015.06.16 08:36:20.657,0.86062,0.86101,1.00,1.75
2015.06.16 08:36:20.984,0.86063,0.861,1.00,2.25
2015.06.16 08:36:21.312,0.86063,0.86095,1.00,1.35
2015.06.16 08:36:21.470,0.86063,0.86095,1.00,1.35
2015.06.16 08:36:21.571,0.86063,0.86095,1.00,1.67
2015.06.16 08:36:21.803,0.86063,0.86097,1.00,1.35
2015.06.16 08:36:22.132,0.86057,0.86097,1.00,1.35
2015.06.16 08:36:22.681,0.86058,0.86096,1.00,1.35
2015.06.16 08:36:25.648,0.86062,0.86101,1.00,2.85
2015.06.16 08:36:26.921,0.86062,0.861,1.00,1.75
2015.06.16 08:36:29.459,0.86058,0.86099,1.00,1.75
2015.06.16 08:36:29.573,0.86062,0.86099,1.00,1.75
2015.06.16 08:36:31.161,0.86063,0.86099,1.00,1.75
2015.06.16 08:36:31.604,0.86063,0.86099,1.00,1.75
2015.06.16 08:36:32.607,0.86063,0.86101,1.00,2.10
2015.06.16 08:36:37.778,0.86063,0.86101,1.00,2.10
2015.06.16 08:36:38.040,0.86057,0.86101,1.12,2.10
2015.06.16 08:36:38.579,0.86058,0.86097,1.00,1.75
2015.06.16 08:36:39.784,0.86058,0.86102,1.00,1.75
2015.06.16 08:36:39.885,0.86057,0.86103,1.37,2.85
2015.06.16 08:36:39.989,0.86057,0.86102,1.12,1.35
2015.06.16 08:36:40.385,0.86058,0.86102,1.00,2.10
2015.06.16 08:36:40.686,0.86058,0.86102,1.37,2.10
2015.06.16 08:36:40.813,0.86058,0.86102,1.00,1.00
2015.06.16 08:36:40.914,0.86063,0.86107,1.00,1.50
2015.06.16 08:36:41.220,0.86062,0.86108,2.85,1.00
2015.06.16 08:36:41.543,0.86063,0.86102,1.00,1.00
2015.06.16 08:36:42.073,0.86063,0.86102,1.00,1.37
2015.06.16 08:36:42.741,0.86062,0.86107,1.12,2.25
2015.06.16 08:36:43.995,0.86062,0.86107,1.37,2.25
2015.06.16 08:36:44.095,0.86062,0.86107,1.12,2.25
2015.06.16 08:36:44.643,0.86063,0.86106,1.00,1.75
2015.06.16 08:36:45.229,0.86063,0.86106,1.12,1.50
2015.06.16 08:36:45.908,0.86063,0.86107,1.37,2.62
2015.06.16 08:36:46.213,0.86063,0.86107,1.37,1.37
2015.06.16 08:36:46.550,0.86058,0.86107,1.72,1.37
2015.06.16 08:36:47.145,0.86063,0.86107,1.00,1.37
2015.06.16 08:36:47.431,0.86063,0.86107,1.12,1.75
2015.06.16 08:36:49.633,0.86063,0.86107,1.37,1.37
2015.06.16 08:36:51.840,0.86063,0.86107,1.37,1.75
2015.06.16 08:36:52.743,0.86063,0.86107,1.37,1.50
2015.06.16 08:36:53.046,0.86065,0.86107,1.35,1.50
2015.06.16 08:36:53.149,0.86065,0.86112,1.35,1.75
2015.06.16 08:36:53.950,0.86068,0.86112,1.12,2.10
2015.06.16 08:36:54.582,0.86067,0.86112,1.00,2.10
2015.06.16 08:36:54.970,0.86067,0.86112,1.37,1.35
2015.06.16 08:36:58.213,0.86068,0.86112,1.00,2.85
2015.06.16 08:36:58.422,0.86062,0.86111,1.37,1.75
2015.06.16 08:37:04.396,0.86062,0.86108,1.37,1.75
2015.06.16 08:37:04.519,0.86062,0.86108,1.75,1.50
2015.06.16 08:37:05.005,0.86062,0.86108,1.50,1.37
2015.06.16 08:37:05.552,0.86062,0.86108,1.37,1.50
2015.06.16 08:37:08.408,0.86068,0.86107,1.00,1.37
2015.06.16 08:37:10.169,0.86068,0.86109,1.00,1.75
2015.06.16 08:37:10.463,0.86068,0.86111,1.12,1.75
2015.06.16 08:37:11.567,0.86068,0.86114,1.12,1.75
2015.06.16 08:37:11.668,0.86068,0.86114,1.37,1.75
2015.06.16 08:37:12.000,0.86063,0.86112,1.37,1.50
2015.06.16 08:37:12.625,0.86068,0.86112,1.00,1.50
2015.06.16 08:37:12.675,0.86068,0.86112,1.37,1.75
2015.06.16 08:37:14.489,0.86068,0.86111,1.00,1.35
2015.06.16 08:37:15.175,0.86068,0.86112,1.37,1.75
2015.06.16 08:37:15.276,0.86068,0.86112,1.37,1.75
2015.06.16 08:37:15.702,0.86063,0.86112,1.97,2.25
2015.06.16 08:37:16.458,0.86068,0.86113,1.00,2.25
2015.06.16 08:37:20.739,0.86063,0.86112,1.37,1.75
2015.06.16 08:37:22.459,0.86063,0.86107,1.75,1.37
2015.06.16 08:37:23.230,0.86062,0.86113,2.25,1.75
2015.06.16 08:37:26.953,0.86062,0.86113,1.75,1.75
2015.06.16 08:37:27.054,0.86062,0.86113,1.75,1.75
2015.06.16 08:37:27.172,0.86063,0.86112,1.37,1.37
2015.06.16 08:37:27.250,0.86063,0.86112,1.37,1.75
2015.06.16 08:37:27.839,0.86062,0.86108,1.75,1.37
2015.06.16 08:37:28.399,0.86063,0.86113,1.75,1.75
2015.06.16 08:37:29.306,0.86067,0.86115,1.37,2.25
2015.06.16 08:37:29.766,0.86067,0.86114,1.37,2.25
2015.06.16 08:37:29.917,0.86063,0.86112,1.50,1.75
2015.06.16 08:37:30.018,0.86063,0.86112,1.75,1.75
2015.06.16 08:37:30.118,0.86062,0.86114,1.37,1.75
2015.06.16 08:37:30.412,0.86058,0.86108,1.75,1.37
2015.06.16 08:37:30.513,0.86059,0.86108,2.25,1.37
2015.06.16 08:37:31.198,0.86067,0.86112,1.00,1.35
2015.06.16 08:37:31.812,0.86067,0.86112,1.00,1.35
2015.06.16 08:37:32.201,0.86067,0.86111,1.00,2.25
2015.06.16 08:37:32.573,0.86067,0.86108,1.00,1.75
2015.06.16 08:37:32.623,0.86063,0.86102,1.12,1.37
2015.06.16 08:37:33.417,0.86058,0.86102,1.37,1.37
2015.06.16 08:37:33.518,0.86058,0.86102,1.12,1.37
2015.06.16 08:37:33.620,0.86057,0.86108,1.75,2.25
2015.06.16 08:37:33.800,0.86059,0.86108,1.75,1.37
2015.06.16 08:37:33.851,0.86059,0.86102,1.75,1.00
2015.06.16 08:37:34.068,0.86061,0.86108,1.75,1.37
2015.06.16 08:37:39.419,0.86068,0.86107,1.00,1.37
2015.06.16 08:37:40.333,0.86062,0.86108,1.37,1.37
2015.06.16 08:37:40.869,0.86068,0.86107,1.00,1.37
2015.06.16 08:37:41.212,0.86068,0.86107,1.00,1.37
2015.06.16 08:37:41.313,0.86062,0.86108,1.37,1.37
2015.06.16 08:37:41.364,0.86062,0.86108,1.37,1.75
2015.06.16 08:37:41.766,0.86063,0.86107,1.75,1.12
2015.06.16 08:37:41.964,0.86063,0.86107,1.37,1.37
2015.06.16 08:37:42.419,0.86062,0.86108,1.37,1.75
2015.06.16 08:37:43.639,0.86063,0.86107,1.00,1.50
2015.06.16 08:37:44.741,0.86063,0.86107,1.00,1.75
2015.06.16 08:37:45.125,0.86062,0.86108,1.37,1.75
2015.06.16 08:37:45.598,0.86067,0.86112,1.00,1.75
2015.06.16 08:37:46.049,0.86068,0.86111,1.00,2.10
2015.06.16 08:37:46.403,0.86063,0.86107,1.00,1.75
2015.06.16 08:37:46.950,0.86062,0.86108,1.00,3.00
2015.06.16 08:37:47.418,0.86058,0.86107,1.37,1.75
2015.06.16 08:37:47.589,0.86062,0.86107,1.00,1.75
2015.06.16 08:37:48.350,0.86062,0.86107,1.00,1.75
2015.06.16 08:37:48.948,0.86063,0.86107,1.00,2.25
2015.06.16 08:37:51.311,0.86063,0.86107,1.37,1.50
2015.06.16 08:37:51.852,0.86059,0.86107,1.37,1.50
2015.06.16 08:37:51.903,0.86063,0.86107,1.12,1.75
2015.06.16 08:37:52.227,0.86062,0.86108,1.12,1.75
2015.06.16 08:37:52.522,0.86062,0.86108,1.12,1.75
2015.06.16 08:37:52.714,0.86063,0.86107,1.12,1.50
2015.06.16 08:37:53.131,0.86062,0.86112,2.25,1.35
2015.06.16 08:37:53.665,0.86068,0.86112,1.00,2.10
2015.06.16 08:37:54.268,0.86068,0.86112,1.00,2.10
2015.06.16 08:37:55.457,0.86068,0.86112,1.00,2.10
2015.06.16 08:37:55.959,0.86067,0.86112,1.00,1.35
2015.06.16 08:37:56.597,0.86068,0.86112,1.00,2.10
2015.06.16 08:37:57.149,0.86067,0.86112,1.00,1.35
2015.06.16 08:37:58.138,0.86068,0.86112,1.00,2.10
2015.06.16 08:37:58.969,0.86067,0.86112,1.00,1.35
2015.06.16 08:37:59.478,0.86068,0.86112,1.00,2.10
2015.06.16 08:38:00.091,0.86067,0.86112,1.00,1.35
2015.06.16 08:38:01.137,0.86068,0.86112,1.00,2.10
2015.06.16 08:38:01.857,0.86073,0.86112,1.00,1.35
2015.06.16 08:38:02.069,0.86067,0.86112,1.00,1.35
2015.06.16 08:38:02.173,0.86067,0.86112,1.37,1.35
2015.06.16 08:38:02.328,0.86073,0.86117,1.00,1.75
2015.06.16 08:38:04.210,0.86072,0.86117,1.00,1.75
2015.06.16 08:38:04.394,0.86067,0.86113,1.37,1.75
2015.06.16 08:38:05.587,0.86073,0.86114,1.00,1.75
2015.06.16 08:38:06.580,0.86067,0.86113,1.37,1.75
2015.06.16 08:38:07.192,0.86067,0.86112,1.00,1.75
2015.06.16 08:38:08.039,0.86067,0.86109,1.00,1.75
2015.06.16 08:38:08.339,0.86063,0.86107,1.00,1.75
2015.06.16 08:38:08.779,0.86063,0.86107,1.00,1.37
2015.06.16 08:38:08.913,0.86067,0.86111,1.00,1.75
2015.06.16 08:38:09.548,0.86062,0.86108,1.00,1.50
2015.06.16 08:38:10.090,0.86062,0.86108,1.12,1.75
2015.06.16 08:38:10.767,0.86063,0.86107,1.00,1.75
2015.06.16 08:38:11.762,0.86063,0.86107,1.37,1.75
2015.06.16 08:38:14.669,0.86063,0.86107,1.12,1.75
2015.06.16 08:38:15.071,0.86063,0.86107,1.37,1.75
2015.06.16 08:38:15.428,0.86067,0.8611,1.00,1.75
2015.06.16 08:38:15.630,0.86058,0.86107,1.00,1.75
2015.06.16 08:38:16.074,0.86057,0.86105,1.00,2.25
2015.06.16 08:38:16.510,0.86057,0.86102,1.00,1.75
2015.06.16 08:38:16.807,0.86053,0.86102,1.37,2.25
2015.06.16 08:38:16.917,0.86053,0.86099,1.12,1.35
2015.06.16 08:38:17.343,0.86053,0.86095,1.00,1.27
2015.06.16 08:38:17.688,0.86053,0.86094,1.00,1.75
2015.06.16 08:38:17.907,0.86048,0.86092,1.00,1.75
2015.06.16 08:38:18.567,0.86047,0.86089,1.00,1.75
2015.06.16 08:38:18.682,0.86047,0.86089,1.00,1.75
2015.06.16 08:38:18.836,0.86043,0.86089,1.12,1.75
2015.06.16 08:38:18.887,0.86043,0.86089,1.00,1.75
2015.06.16 08:38:19.450,0.86043,0.86087,1.37,1.75
2015.06.16 08:38:24.297,0.86043,0.86085,1.37,1.75
2015.06.16 08:38:27.538,0.86043,0.86089,1.00,2.92
2015.06.16 08:38:27.639,0.86043,0.86088,1.37,1.75
2015.06.16 08:38:27.808,0.86043,0.8609,1.37,1.35
2015.06.16 08:38:28.012,0.86044,0.86092,1.35,1.75
2015.06.16 08:38:28.408,0.86048,0.86096,1.50,1.75
2015.06.16 08:38:28.604,0.86048,0.86096,1.37,1.75
2015.06.16 08:38:29.161,0.86052,0.86096,1.00,1.75
2015.06.16 08:38:29.348,0.86048,0.86092,1.37,1.50
2015.06.16 08:38:30.211,0.86048,0.86092,1.50,1.50
2015.06.16 08:38:37.128,0.86053,0.86097,1.37,1.75
2015.06.16 08:38:37.530,0.86053,0.86097,1.00,1.75
2015.06.16 08:38:38.237,0.86053,0.86097,1.00,1.75
2015.06.16 08:38:38.401,0.86048,0.86094,1.37,1.75
2015.06.16 08:38:38.452,0.86048,0.86094,1.37,1.75
2015.06.16 08:38:39.189,0.86047,0.86093,1.12,1.75
2015.06.16 08:38:39.860,0.86048,0.86092,1.00,2.25
2015.06.16 08:38:46.887,0.86048,0.86091,1.12,1.50
2015.06.16 08:38:47.183,0.86047,0.86093,1.00,1.50
2015.06.16 08:38:47.262,0.86047,0.86093,1.37,1.75
2015.06.16 08:38:48.418,0.86047,0.86093,1.37,1.75
2015.06.16 08:38:48.759,0.86048,0.86092,1.37,1.50
2015.06.16 08:38:49.539,0.86048,0.86092,1.37,1.75
2015.06.16 08:38:49.690,0.86048,0.86094,1.00,1.75
2015.06.16 08:38:50.361,0.86042,0.86096,1.50,2.25
2015.06.16 08:38:51.754,0.86047,0.86093,1.00,1.75
2015.06.16 08:38:52.340,0.86042,0.86093,1.37,2.25
2015.06.16 08:38:54.127,0.86047,0.86091,1.00,1.75
2015.06.16 08:38:54.883,0.86047,0.86092,1.37,1.75
2015.06.16 08:38:56.033,0.86047,0.86093,1.12,1.75
2015.06.16 08:38:57.728,0.86047,0.86093,1.00,3.00
2015.06.16 08:39:00.638,0.86047,0.86093,1.37,1.75
2015.06.16 08:39:03.449,0.86047,0.86093,1.00,1.75
2015.06.16 08:39:03.937,0.86042,0.86093,1.75,1.75
2015.06.16 08:39:04.238,0.86053,0.86097,1.00,1.75
2015.06.16 08:39:04.908,0.86053,0.86097,1.00,1.75
2015.06.16 08:39:05.155,0.86053,0.86097,1.00,1.75
2015.06.16 08:39:05.256,0.86053,0.86097,1.37,1.75
2015.06.16 08:39:06.256,0.86053,0.86097,1.37,1.75
2015.06.16 08:39:06.357,0.86053,0.86097,1.12,1.75
2015.06.16 08:39:07.017,0.86053,0.86097,1.00,1.37
2015.06.16 08:39:07.815,0.86053,0.86097,1.37,1.75
2015.06.16 08:39:09.663,0.86053,0.86097,1.00,1.75
2015.06.16 08:39:10.164,0.86053,0.86095,1.00,1.75
2015.06.16 08:39:10.499,0.86053,0.86088,1.00,2.85
2015.06.16 08:39:10.600,0.86043,0.86087,1.00,1.97
2015.06.16 08:39:10.817,0.86048,0.8609,1.00,1.75
2015.06.16 08:39:10.897,0.86043,0.86087,1.00,1.37
2015.06.16 08:39:11.233,0.86043,0.86087,1.37,1.75
2015.06.16 08:39:11.539,0.86048,0.86088,1.00,1.75
2015.06.16 08:39:12.328,0.86042,0.8609,1.37,1.75
2015.06.16 08:39:12.877,0.86047,0.8609,1.00,1.75
2015.06.16 08:39:13.647,0.86047,0.8609,1.00,1.75
2015.06.16 08:39:13.975,0.86047,0.86093,1.37,1.75
2015.06.16 08:39:14.718,0.86048,0.86093,1.12,1.75
2015.06.16 08:39:16.083,0.86048,0.86093,1.00,1.75
2015.06.16 08:39:16.585,0.86048,0.86092,1.37,2.25
2015.06.16 08:39:17.078,0.86048,0.86092,1.37,2.25
2015.06.16 08:39:17.688,0.86048,0.86092,1.37,2.25
2015.06.16 08:39:19.594,0.86043,0.86087,1.37,2.85
2015.06.16 08:39:19.880,0.86043,0.86084,1.00,1.75
2015.06.16 08:39:20.445,0.86038,0.86082,1.37,1.75
2015.06.16 08:39:21.207,0.86038,0.86082,1.37,1.75
2015.06.16 08:39:21.906,0.86038,0.86082,1.37,2.25
2015.06.16 08:39:23.332,0.86038,0.86082,1.37,1.75
2015.06.16 08:39:29.596,0.86043,0.86083,1.00,1.75
2015.06.16 08:39:30.146,0.86037,0.86083,1.37,2.25
2015.06.16 08:39:30.586,0.86043,0.86083,1.00,1.75
2015.06.16 08:39:33.057,0.86043,0.86083,1.00,1.75
2015.06.16 08:39:33.758,0.86038,0.86082,1.37,1.75
2015.06.16 08:39:33.810,0.86038,0.86082,1.00,1.75
2015.06.16 08:39:34.547,0.86033,0.8608,1.72,1.75
2015.06.16 08:39:34.903,0.86032,0.86075,1.37,2.10
2015.06.16 08:39:35.427,0.86033,0.86075,1.00,1.67
2015.06.16 08:39:35.528,0.86033,0.86075,1.00,1.35
2015.06.16 08:39:35.728,0.86033,0.86077,1.00,1.50
2015.06.16 08:39:35.829,0.86033,0.86074,1.00,1.67
2015.06.16 08:39:36.024,0.86033,0.86077,1.00,1.60
2015.06.16 08:39:37.302,0.86033,0.86075,1.00,1.35
2015.06.16 08:39:41.540,0.86033,0.86074,1.12,1.35
2015.06.16 08:39:42.128,0.86033,0.86074,1.00,1.35
2015.06.16 08:39:43.243,0.86033,0.86076,1.00,1.35
2015.06.16 08:39:43.536,0.86033,0.86074,1.00,1.35
2015.06.16 08:39:43.744,0.86033,0.86076,1.00,1.35
2015.06.16 08:39:43.838,0.86033,0.86074,1.12,1.35
2015.06.16 08:39:44.357,0.86033,0.86075,1.00,1.35
2015.06.16 08:39:44.489,0.86033,0.86074,1.12,1.35
2015.06.16 08:39:45.674,0.86033,0.86074,1.00,1.67
2015.06.16 08:39:46.129,0.86027,0.86073,1.37,1.37
2015.06.16 08:39:46.180,0.86027,0.86073,1.37,1.75
2015.06.16 08:39:46.516,0.86027,0.86073,1.37,1.75
2015.06.16 08:39:46.718,0.86027,0.86073,1.00,1.75
2015.06.16 08:39:46.919,0.86023,0.8607,1.12,2.10
2015.06.16 08:39:47.020,0.86023,0.86068,1.00,1.75
2015.06.16 08:39:47.336,0.86018,0.86067,1.75,1.75
2015.06.16 08:39:47.873,0.86017,0.86068,1.75,1.75
2015.06.16 08:39:47.990,0.86017,0.86068,1.75,1.75
2015.06.16 08:39:48.593,0.86017,0.86068,2.25,1.75
2015.06.16 08:39:48.694,0.86017,0.86068,2.25,1.75
2015.06.16 08:39:49.217,0.86017,0.86068,3.00,1.50
2015.06.16 08:39:49.297,0.86017,0.86068,3.00,1.75
2015.06.16 08:39:49.721,0.86019,0.86067,1.75,1.37
2015.06.16 08:39:49.826,0.86023,0.86067,1.75,1.37
2015.06.16 08:39:50.137,0.86027,0.86072,2.85,1.50
2015.06.16 08:39:50.188,0.86033,0.86072,1.12,1.37
2015.06.16 08:39:55.838,0.86033,0.86072,1.37,1.37
2015.06.16 08:40:06.701,0.86033,0.86072,1.37,1.37
2015.06.16 08:40:11.962,0.86033,0.86072,1.37,1.50
2015.06.16 08:40:12.465,0.86033,0.86072,1.37,1.50
2015.06.16 08:40:12.815,0.86027,0.86068,1.37,1.37
2015.06.16 08:40:12.916,0.86027,0.86068,1.75,1.37
2015.06.16 08:40:14.118,0.86027,0.86068,1.50,1.00
2015.06.16 08:40:14.419,0.86027,0.86068,1.75,1.37
2015.06.16 08:40:18.639,0.86033,0.86071,1.12,1.67
2015.06.16 08:40:19.248,0.86033,0.86072,1.37,2.10
2015.06.16 08:40:21.164,0.86033,0.86071,1.12,1.35
2015.06.16 08:40:22.037,0.86037,0.86071,1.00,1.35
2015.06.16 08:40:22.370,0.86037,0.86071,1.00,1.67
2015.06.16 08:40:28.970,0.86032,0.86071,1.00,1.67
2015.06.16 08:40:30.348,0.86032,0.86071,1.00,1.35
2015.06.16 08:40:30.398,0.86038,0.86071,1.00,1.35
2015.06.16 08:40:30.656,0.86038,0.86074,1.00,2.85
2015.06.16 08:40:30.867,0.86032,0.86073,1.00,1.97
2015.06.16 08:40:31.057,0.86032,0.86071,1.37,1.67
2015.06.16 08:40:31.398,0.86037,0.86071,1.00,1.67
2015.06.16 08:40:31.924,0.86037,0.86072,1.00,1.35
2015.06.16 08:40:32.168,0.86032,0.86071,1.00,1.35
2015.06.16 08:40:32.269,0.86032,0.86071,1.00,1.35
2015.06.16 08:40:32.580,0.86032,0.86073,1.97,1.75
2015.06.16 08:40:32.848,0.86038,0.86073,1.00,2.85
2015.06.16 08:40:32.955,0.86038,0.8608,1.00,1.37
2015.06.16 08:40:33.005,0.86038,0.86077,1.00,1.00
2015.06.16 08:40:33.056,0.86032,0.86074,1.12,2.10
2015.06.16 08:40:33.364,0.86032,0.86074,1.00,2.47
2015.06.16 08:40:33.754,0.86033,0.86072,1.00,1.35
2015.06.16 08:40:34.277,0.86033,0.86072,1.12,1.35
2015.06.16 08:40:34.577,0.86027,0.86072,1.37,1.35
2015.06.16 08:40:36.474,0.86027,0.86072,1.75,1.35
2015.06.16 08:40:36.625,0.86032,0.86073,1.35,1.37
2015.06.16 08:40:36.988,0.86038,0.86077,1.37,1.75
2015.06.16 08:40:37.380,0.86038,0.86077,1.37,1.50
2015.06.16 08:40:37.582,0.86038,0.86077,1.37,1.75
2015.06.16 08:40:37.917,0.86038,0.86077,1.00,1.75
2015.06.16 08:40:38.663,0.86033,0.86072,1.72,1.37
2015.06.16 08:40:39.337,0.86038,0.86077,1.00,1.75
2015.06.16 08:40:39.718,0.86037,0.8608,1.75,1.75
2015.06.16 08:40:40.115,0.86041,0.86077,1.30,1.37
2015.06.16 08:40:40.216,0.86041,0.86077,1.30,1.37
2015.06.16 08:40:40.701,0.86038,0.86077,3.22,1.37
2015.06.16 08:40:40.802,0.86038,0.86077,3.22,1.00
2015.06.16 08:40:41.237,0.86038,0.86077,3.22,1.37
2015.06.16 08:40:41.618,0.86038,0.86077,1.37,1.75
2015.06.16 08:40:41.719,0.86038,0.86077,1.37,1.37
2015.06.16 08:40:42.210,0.86038,0.86077,1.37,1.37
2015.06.16 08:40:43.114,0.86038,0.86077,1.37,1.37
2015.06.16 08:40:44.131,0.86038,0.86077,1.50,1.37
2015.06.16 08:40:44.625,0.86038,0.86077,1.37,1.37
2015.06.16 08:40:45.026,0.86038,0.86077,1.37,1.12
2015.06.16 08:40:45.640,0.86038,0.86077,1.75,1.00
2015.06.16 08:40:45.947,0.86038,0.86077,1.75,1.00
2015.06.16 08:40:46.182,0.86038,0.86082,1.75,1.37
2015.06.16 08:40:46.234,0.86038,0.86082,1.75,1.37
2015.06.16 08:40:46.636,0.86043,0.86082,1.37,1.37
2015.06.16 08:40:47.563,0.86043,0.86082,1.12,1.50
2015.06.16 08:40:47.909,0.86038,0.86082,1.37,1.75
2015.06.16 08:40:47.960,0.86038,0.86082,1.37,1.75
2015.06.16 08:40:48.378,0.86038,0.86082,1.75,1.37
2015.06.16 08:40:48.687,0.86043,0.86087,1.50,1.75
2015.06.16 08:40:48.952,0.86043,0.86087,1.75,1.50
2015.06.16 08:40:49.227,0.86046,0.86087,1.35,1.37
2015.06.16 08:40:49.756,0.86048,0.86097,1.50,1.75
2015.06.16 08:40:49.857,0.86048,0.86097,1.75,1.75
2015.06.16 08:40:50.159,0.86047,0.86093,1.75,1.75
2015.06.16 08:40:50.461,0.86052,0.86098,1.00,1.87
2015.06.16 08:40:50.662,0.86048,0.86092,1.00,1.00
2015.06.16 08:40:51.213,0.86048,0.86092,1.37,1.37
2015.06.16 08:40:51.849,0.86053,0.86097,1.12,1.75
2015.06.16 08:40:52.466,0.86053,0.86097,1.37,1.75
2015.06.16 08:40:55.914,0.86053,0.86097,1.12,1.75
2015.06.16 08:40:59.133,0.86047,0.86098,1.75,1.75
2015.06.16 08:40:59.544,0.86053,0.86097,1.37,1.75
2015.06.16 08:40:59.879,0.86052,0.861,1.50,2.10
2015.06.16 08:41:00.491,0.86053,0.86097,1.37,1.75
2015.06.16 08:41:00.542,0.86053,0.86097,1.37,1.75
2015.06.16 08:41:01.050,0.86048,0.86093,1.75,1.37
2015.06.16 08:41:01.252,0.86053,0.86097,1.00,1.87
2015.06.16 08:41:01.673,0.86043,0.86087,3.22,1.00
2015.06.16 08:41:01.864,0.86048,0.86092,1.00,1.60
2015.06.16 08:41:01.964,0.86048,0.8609,1.00,1.60
2015.06.16 08:41:02.077,0.86037,0.86088,1.50,1.00
2015.06.16 08:41:02.423,0.86042,0.86088,1.00,1.50
2015.06.16 08:41:02.756,0.86042,0.86085,1.00,1.00
2015.06.16 08:41:02.857,0.86037,0.86085,1.00,1.00
2015.06.16 08:41:02.907,0.86037,0.86085,1.00,1.37
2015.06.16 08:41:03.111,0.86032,0.86083,1.60,1.12
2015.06.16 08:41:03.278,0.86032,0.86087,2.10,1.37
2015.06.16 08:41:03.329,0.86037,0.86088,1.00,1.50
2015.06.16 08:41:03.654,0.86042,0.86083,1.00,1.12
2015.06.16 08:41:03.863,0.86038,0.86082,1.00,1.00
2015.06.16 08:41:05.845,0.86037,0.86088,1.00,1.37
2015.06.16 08:41:06.380,0.86038,0.86087,1.00,1.37
2015.06.16 08:41:07.167,0.86037,0.86088,1.00,1.37
2015.06.16 08:41:07.371,0.86032,0.86088,1.00,1.37
2015.06.16 08:41:07.512,0.86032,0.86088,1.75,1.75
2015.06.16 08:41:08.065,0.86037,0.86088,1.37,1.75
2015.06.16 08:41:08.303,0.86037,0.86088,1.00,1.75
2015.06.16 08:41:08.930,0.86038,0.86087,1.00,1.75
2015.06.16 08:41:08.981,0.86038,0.86087,1.12,1.75
2015.06.16 08:41:09.220,0.86037,0.86088,1.50,1.50
2015.06.16 08:41:09.563,0.86037,0.86088,1.37,1.75
2015.06.16 08:41:09.739,0.86037,0.86088,1.37,1.75
2015.06.16 08:41:09.812,0.86037,0.86088,1.12,1.75
2015.06.16 08:41:10.048,0.86032,0.86085,1.37,1.75
2015.06.16 08:41:11.039,0.86032,0.86083,1.37,1.75
2015.06.16 08:41:11.634,0.86032,0.86083,1.37,2.25
2015.06.16 08:41:12.406,0.86032,0.86083,1.37,1.75
2015.06.16 08:41:12.457,0.86032,0.86083,1.37,1.75
2015.06.16 08:41:15.098,0.86033,0.86082,1.37,1.75
2015.06.16 08:41:15.199,0.86033,0.86082,1.37,1.75
2015.06.16 08:41:15.249,0.86033,0.86082,1.50,1.75
2015.06.16 08:41:15.350,0.86032,0.86083,1.37,1.50
2015.06.16 08:41:15.577,0.86032,0.86083,1.37,1.37
2015.06.16 08:41:15.901,0.86032,0.86083,1.75,1.75
2015.06.16 08:41:19.177,0.86033,0.86082,1.37,1.75
2015.06.16 08:41:19.680,0.86032,0.86083,1.37,1.75
2015.06.16 08:41:20.108,0.86033,0.86082,1.75,1.75
2015.06.16 08:41:20.286,0.86033,0.86082,1.37,1.75
2015.06.16 08:41:21.956,0.86033,0.86077,1.12,1.50
2015.06.16 08:41:22.208,0.86033,0.86077,1.37,1.37
2015.06.16 08:41:22.319,0.86033,0.86077,1.75,1.37
2015.06.16 08:41:22.520,0.86028,0.86077,1.75,1.37
2015.06.16 08:41:22.621,0.86028,0.86077,1.12,1.00
2015.06.16 08:41:22.672,0.86027,0.86083,1.37,1.87
2015.06.16 08:41:22.904,0.86022,0.86073,1.75,1.00
2015.06.16 08:41:23.120,0.86027,0.86078,1.37,1.00
2015.06.16 08:41:23.421,0.86028,0.86072,1.12,1.00
2015.06.16 08:41:23.960,0.86027,0.86073,1.37,1.00
2015.06.16 08:41:24.574,0.86028,0.86072,1.12,1.00
2015.06.16 08:41:24.932,0.86027,0.86073,1.50,1.37
2015.06.16 08:41:25.234,0.86027,0.86073,1.37,1.37
2015.06.16 08:41:25.334,0.86032,0.86078,1.00,1.75
2015.06.16 08:41:25.837,0.86028,0.86072,1.37,1.37
2015.06.16 08:41:26.491,0.86028,0.86072,1.50,1.00
2015.06.16 08:41:27.344,0.86032,0.86078,1.37,1.50
2015.06.16 08:41:27.704,0.86033,0.86078,1.75,1.37
2015.06.16 08:41:28.011,0.86031,0.86088,1.75,2.10
2015.06.16 08:41:28.601,0.86038,0.86082,1.00,1.12
2015.06.16 08:41:28.736,0.86038,0.86082,1.37,1.37
2015.06.16 08:41:34.058,0.86038,0.86082,1.37,1.37
2015.06.16 08:41:39.153,0.86038,0.86082,1.37,1.37
2015.06.16 08:41:39.456,0.86038,0.86082,1.75,1.37
2015.06.16 08:41:39.758,0.86032,0.86083,1.37,1.75
2015.06.16 08:41:39.859,0.8603,0.86078,1.30,1.00
2015.06.16 08:41:40.161,0.86033,0.86082,1.00,1.37
2015.06.16 08:41:40.398,0.86029,0.86082,1.37,1.37
2015.06.16 08:41:40.618,0.86028,0.86078,1.37,1.00
2015.06.16 08:41:40.942,0.86023,0.86076,1.35,1.37
2015.06.16 08:41:41.176,0.86033,0.86076,1.00,1.37
2015.06.16 08:41:41.620,0.86032,0.86072,1.00,1.00
2015.06.16 08:41:41.946,0.86032,0.86074,1.00,1.87
2015.06.16 08:41:41.997,0.86032,0.86074,1.00,2.25
2015.06.16 08:41:42.166,0.86032,0.86075,1.00,1.75
2015.06.16 08:41:43.926,0.86028,0.86076,1.37,2.10
2015.06.16 08:41:44.528,0.86027,0.86078,1.37,1.75
2015.06.16 08:41:44.628,0.86027,0.86078,1.75,1.50
2015.06.16 08:41:46.005,0.86032,0.86083,1.50,1.75
2015.06.16 08:41:46.532,0.86028,0.86081,2.25,1.75
2015.06.16 08:41:48.641,0.86029,0.86082,1.35,1.75
2015.06.16 08:41:49.376,0.86033,0.86082,1.37,1.75
2015.06.16 08:41:50.140,0.86033,0.86082,1.75,1.37
2015.06.16 08:41:50.691,0.86033,0.86083,1.75,1.37
2015.06.16 08:41:51.252,0.86038,0.86087,1.50,1.75
2015.06.16 08:41:53.076,0.86038,0.86087,1.37,1.75
2015.06.16 08:41:53.569,0.86038,0.86087,1.37,1.75
2015.06.16 08:41:58.591,0.86038,0.86087,1.37,2.25
2015.06.16 08:41:58.997,0.86038,0.86086,1.00,1.75
2015.06.16 08:41:59.577,0.86033,0.86083,1.37,1.75
2015.06.16 08:41:59.846,0.8603,0.86083,1.75,1.75
2015.06.16 08:41:59.947,0.8603,0.86086,1.75,1.75
2015.06.16 08:42:00.146,0.86033,0.86082,1.37,2.25
2015.06.16 08:42:00.447,0.86028,0.86077,1.75,1.75
2015.06.16 08:42:02.129,0.86023,0.86072,1.37,1.75
2015.06.16 08:42:02.230,0.86023,0.8607,1.37,1.75
2015.06.16 08:42:02.531,0.86021,0.86067,1.75,1.37
2015.06.16 08:42:03.313,0.86032,0.86073,1.37,1.75
2015.06.16 08:42:03.975,0.86026,0.86068,1.35,1.50
2015.06.16 08:42:04.745,0.86026,0.86068,1.35,1.37
2015.06.16 08:42:05.326,0.86026,0.86068,1.35,1.50
2015.06.16 08:42:05.656,0.86025,0.86068,1.35,1.75
2015.06.16 08:42:06.459,0.86022,0.86068,1.50,1.75
2015.06.16 08:42:06.560,0.86022,0.86068,1.12,1.75
2015.06.16 08:42:06.610,0.86022,0.86068,1.37,1.75
2015.06.16 08:42:06.915,0.86022,0.86068,1.75,1.75
2015.06.16 08:42:07.369,0.86022,0.86068,1.75,1.50
2015.06.16 08:42:07.873,0.86022,0.86068,1.75,1.75
2015.06.16 08:42:07.975,0.86022,0.86068,1.75,1.50
2015.06.16 08:42:08.295,0.86024,0.86068,1.75,1.37
2015.06.16 08:42:08.816,0.86026,0.86068,1.35,1.37
2015.06.16 08:42:09.217,0.86028,0.86077,1.75,1.75
2015.06.16 08:42:10.396,0.86033,0.86077,1.00,2.25
2015.06.16 08:42:10.497,0.86033,0.86077,1.37,1.75
2015.06.16 08:42:10.951,0.86028,0.86072,1.50,1.37
2015.06.16 08:42:11.886,0.86028,0.86072,1.50,1.37
2015.06.16 08:42:17.467,0.86028,0.86072,1.75,1.37
2015.06.16 08:42:17.663,0.86028,0.86072,1.75,1.37
2015.06.16 08:42:23.591,0.86027,0.86073,1.75,1.50
2015.06.16 08:42:24.183,0.86027,0.86073,1.75,1.75
2015.06.16 08:42:24.863,0.86027,0.86073,1.75,1.75
2015.06.16 08:42:25.705,0.86027,0.86073,1.75,1.75
2015.06.16 08:42:29.605,0.86027,0.86073,1.75,1.75
2015.06.16 08:42:29.784,0.86027,0.86073,1.37,1.75
2015.06.16 08:42:29.874,0.86027,0.86073,1.37,1.75
2015.06.16 08:42:30.681,0.86027,0.86073,1.12,2.25
2015.06.16 08:42:34.387,0.86023,0.86067,1.37,1.37
2015.06.16 08:42:37.708,0.86023,0.86067,1.37,1.37
2015.06.16 08:42:38.361,0.86023,0.86067,1.37,1.37
2015.06.16 08:42:40.738,0.86023,0.86067,1.50,1.37
2015.06.16 08:42:41.801,0.86027,0.86073,1.37,1.75
2015.06.16 08:42:44.126,0.86033,0.86077,1.00,2.25
2015.06.16 08:42:44.586,0.86028,0.86077,1.37,2.25
2015.06.16 08:42:44.741,0.86028,0.86077,1.37,2.25
2015.06.16 08:42:45.624,0.86032,0.86078,1.37,1.75
2015.06.16 08:42:47.529,0.86032,0.86078,1.37,1.75
2015.06.16 08:42:47.930,0.86032,0.86078,1.37,1.50
2015.06.16 08:42:48.162,0.86032,0.86078,1.50,1.75
2015.06.16 08:42:49.018,0.86033,0.86077,1.37,1.75
2015.06.16 08:42:49.540,0.86033,0.86077,1.37,1.50
2015.06.16 08:42:52.840,0.86033,0.86077,1.37,1.37
2015.06.16 08:42:54.131,0.86033,0.86077,1.37,1.50
2015.06.16 08:42:55.845,0.86033,0.86077,1.37,1.37
2015.06.16 08:42:57.649,0.86033,0.86077,1.37,1.50
2015.06.16 08:42:59.842,0.86033,0.86077,1.37,1.37
2015.06.16 08:43:00.754,0.86033,0.86077,1.37,1.75
2015.06.16 08:43:00.855,0.86033,0.86077,1.37,1.37
2015.06.16 08:43:02.056,0.86033,0.86077,1.50,1.37
2015.06.16 08:43:02.157,0.86033,0.86077,1.75,1.37
2015.06.16 08:43:04.771,0.86034,0.86078,2.25,1.37
2015.06.16 08:43:04.954,0.86034,0.86078,2.25,1.37
2015.06.16 08:43:10.166,0.86037,0.86083,1.37,1.75
2015.06.16 08:43:13.202,0.86037,0.86083,1.37,1.75
2015.06.16 08:43:14.595,0.86037,0.86083,1.37,1.75
2015.06.16 08:43:26.779,0.86037,0.86082,1.12,1.75
2015.06.16 08:43:27.141,0.86033,0.86077,1.37,1.75
2015.06.16 08:43:27.645,0.86027,0.86073,2.25,1.37
2015.06.16 08:43:31.723,0.86027,0.86073,1.50,1.75
2015.06.16 08:43:31.925,0.86024,0.8607,1.37,1.35
2015.06.16 08:43:32.025,0.86023,0.8607,1.75,1.35
2015.06.16 08:43:32.413,0.86023,0.86067,1.37,1.50
2015.06.16 08:43:33.224,0.86023,0.86067,1.37,1.37
2015.06.16 08:43:36.233,0.86023,0.86067,1.37,1.75
2015.06.16 08:43:43.348,0.86022,0.86068,1.37,1.50
2015.06.16 08:43:44.050,0.86022,0.86068,1.37,1.75
2015.06.16 08:43:49.068,0.86022,0.86068,1.50,1.75
2015.06.16 08:43:50.678,0.86022,0.86068,1.50,1.50
2015.06.16 08:43:50.827,0.86022,0.86068,1.37,1.75
2015.06.16 08:43:53.199,0.86022,0.86068,1.37,1.75
2015.06.16 08:44:06.600,0.86022,0.86068,1.37,1.75
2015.06.16 08:44:07.707,0.86017,0.86063,2.85,1.37
2015.06.16 08:44:08.612,0.86017,0.86063,2.85,1.75
2015.06.16 08:44:09.114,0.86017,0.86063,2.10,1.37
2015.06.16 08:44:11.017,0.86023,0.86067,1.37,1.75
2015.06.16 08:44:14.156,0.86022,0.86068,1.50,3.00
2015.06.16 08:44:14.610,0.86023,0.86067,1.12,1.37
2015.06.16 08:44:14.806,0.86023,0.86067,1.37,1.75
2015.06.16 08:44:20.508,0.86023,0.86067,1.37,1.75
2015.06.16 08:44:21.504,0.86023,0.86067,1.37,1.37
2015.06.16 08:44:21.843,0.86023,0.86067,1.50,1.37
2015.06.16 08:44:22.243,0.86023,0.86067,1.37,1.37
2015.06.16 08:44:22.632,0.86023,0.86067,1.50,1.75
2015.06.16 08:44:29.353,0.86023,0.86067,1.37,1.37
2015.06.16 08:44:29.457,0.86023,0.86067,1.75,1.50
2015.06.16 08:44:47.748,0.86023,0.86067,1.75,1.75
2015.06.16 08:44:49.297,0.86023,0.86067,1.50,1.75
2015.06.16 08:44:49.697,0.86023,0.86067,1.50,1.50
2015.06.16 08:44:54.111,0.86022,0.86068,1.50,1.75
2015.06.16 08:44:54.450,0.86019,0.86063,2.25,1.00
2015.06.16 08:44:54.502,0.86019,0.86063,1.75,1.37
2015.06.16 08:44:54.875,0.86017,0.86063,2.85,1.37
2015.06.16 08:44:55.596,0.86019,0.86063,1.50,1.37
2015.06.16 08:44:55.782,0.86019,0.86063,1.37,1.37
2015.06.16 08:44:56.114,0.86019,0.86063,1.75,1.37
2015.06.16 08:44:56.891,0.86019,0.86063,1.75,1.37
2015.06.16 08:44:58.699,0.86019,0.86063,1.75,1.37
2015.06.16 08:45:00.563,0.86028,0.86069,1.00,1.75
2015.06.16 08:45:00.815,0.86022,0.86068,1.37,1.75
2015.06.16 08:45:01.427,0.86022,0.86063,1.37,1.97
2015.06.16 08:45:02.715,0.86022,0.86062,1.37,1.35
2015.06.16 08:45:02.816,0.86022,0.86063,1.72,1.00
2015.06.16 08:45:02.916,0.86023,0.86071,1.75,1.35
2015.06.16 08:45:03.403,0.86033,0.86071,1.00,1.35
2015.06.16 08:45:04.084,0.86027,0.86068,1.37,1.50
2015.06.16 08:45:06.423,0.86027,0.86068,1.37,1.50
2015.06.16 08:45:07.645,0.86027,0.86068,1.50,1.37
2015.06.16 08:45:07.845,0.86027,0.86068,1.75,1.37
2015.06.16 08:45:08.364,0.86029,0.86068,1.35,1.00
2015.06.16 08:45:09.148,0.8603,0.86068,1.35,1.00
2015.06.16 08:45:09.249,0.8603,0.86068,1.67,1.00
2015.06.16 08:45:09.584,0.86033,0.86072,1.37,1.37
2015.06.16 08:45:10.251,0.86033,0.86072,1.37,1.37
2015.06.16 08:45:10.552,0.86033,0.86072,1.00,1.75
2015.06.16 08:45:11.352,0.86033,0.86072,1.37,1.37
2015.06.16 08:45:12.351,0.86033,0.86072,1.12,1.50
2015.06.16 08:45:12.955,0.86033,0.86072,1.37,1.37
2015.06.16 08:45:13.709,0.86033,0.86072,1.00,1.50
2015.06.16 08:45:14.834,0.86033,0.86072,1.37,1.37
2015.06.16 08:45:19.087,0.86033,0.86072,1.37,1.75
2015.06.16 08:45:19.490,0.86032,0.86073,1.12,1.50
2015.06.16 08:45:20.086,0.86032,0.86073,1.00,1.75
2015.06.16 08:45:23.773,0.86033,0.86072,1.00,1.50
2015.06.16 08:45:24.313,0.86027,0.86068,3.60,1.37
2015.06.16 08:45:25.864,0.86033,0.86072,1.00,1.50
2015.06.16 08:45:25.931,0.86033,0.86072,1.12,1.75
2015.06.16 08:45:26.535,0.86033,0.86071,1.00,1.35
2015.06.16 08:45:28.489,0.86033,0.86072,1.00,2.10
2015.06.16 08:45:28.990,0.86033,0.86071,1.00,1.35
2015.06.16 08:45:31.696,0.86033,0.86072,1.12,2.10
2015.06.16 08:45:41.543,0.86032,0.86073,1.97,1.75
2015.06.16 08:45:41.593,0.86034,0.86072,1.35,1.00
2015.06.16 08:45:41.700,0.86033,0.86072,2.47,1.00
2015.06.16 08:45:41.825,0.86033,0.86081,2.47,1.35
2015.06.16 08:45:41.875,0.86046,0.86082,2.10,1.00
2015.06.16 08:45:42.026,0.8604,0.86082,1.60,1.00
2015.06.16 08:45:42.867,0.86042,0.86083,1.00,1.00
2015.06.16 08:45:42.918,0.86042,0.86083,1.50,1.37
2015.06.16 08:45:44.620,0.86042,0.86083,1.75,1.37
2015.06.16 08:45:52.455,0.86048,0.86088,2.85,1.37
2015.06.16 08:45:52.785,0.86053,0.86087,1.37,1.00
2015.06.16 08:45:53.455,0.86053,0.86087,1.37,1.00
2015.06.16 08:45:53.741,0.86053,0.86087,1.00,1.37
2015.06.16 08:45:54.735,0.86052,0.86088,1.37,1.00
2015.06.16 08:45:55.354,0.86052,0.86088,1.00,1.37
2015.06.16 08:45:55.673,0.86048,0.86082,1.75,1.00
2015.06.16 08:45:55.853,0.86048,0.86082,1.37,1.00
2015.06.16 08:45:55.904,0.86047,0.86088,1.37,1.37
2015.06.16 08:45:55.954,0.86047,0.86088,1.37,1.75
2015.06.16 08:45:56.883,0.86042,0.86083,2.10,1.37
2015.06.16 08:46:00.566,0.86042,0.86083,1.37,1.97
2015.06.16 08:46:02.864,0.86043,0.86082,1.37,1.72
2015.06.16 08:46:10.834,0.86043,0.86079,1.37,2.47
2015.06.16 08:46:10.884,0.86032,0.86074,1.37,1.00
2015.06.16 08:46:10.989,0.86032,0.86069,1.00,1.72
2015.06.16 08:46:11.292,0.86033,0.86062,2.10,1.00
2015.06.16 08:46:11.342,0.86033,0.86068,2.10,1.00
2015.06.16 08:46:11.393,0.86029,0.86068,2.47,1.00
2015.06.16 08:46:11.594,0.8603,0.86068,1.12,1.00
2015.06.16 08:46:11.695,0.8603,0.86078,1.12,1.72
2015.06.16 08:46:11.936,0.86028,0.86067,1.37,1.00
2015.06.16 08:46:12.104,0.86033,0.86077,1.00,1.00
2015.06.16 08:46:12.322,0.86027,0.86073,1.37,1.00
2015.06.16 08:46:12.873,0.86028,0.86072,1.37,1.00
2015.06.16 08:46:13.458,0.86028,0.86072,1.75,1.00
2015.06.16 08:46:14.490,0.86028,0.86072,1.75,1.00
2015.06.16 08:46:14.845,0.86032,0.86072,1.75,1.00
2015.06.16 08:46:14.895,0.86032,0.86079,1.75,1.37
2015.06.16 08:46:16.934,0.86033,0.86083,1.75,1.00
2015.06.16 08:46:17.035,0.8604,0.86083,3.00,1.12
2015.06.16 08:46:17.137,0.86041,0.86091,2.47,1.75
2015.06.16 08:46:17.237,0.86037,0.86084,2.10,1.75
2015.06.16 08:46:17.651,0.86038,0.86081,1.37,1.75
2015.06.16 08:46:17.817,0.86038,0.86081,1.12,1.75
2015.06.16 08:46:18.144,0.86038,0.86082,1.37,1.75
2015.06.16 08:46:18.301,0.86038,0.86084,1.37,2.25
2015.06.16 08:46:19.127,0.86038,0.86082,1.75,1.37
2015.06.16 08:46:19.431,0.86038,0.86082,1.50,1.37
2015.06.16 08:46:19.742,0.86043,0.86086,1.37,1.35
2015.06.16 08:46:20.508,0.86043,0.86087,1.37,1.50
2015.06.16 08:46:24.217,0.86038,0.86082,1.37,1.37
2015.06.16 08:46:24.618,0.86038,0.86082,1.75,1.37
2015.06.16 08:46:26.022,0.86038,0.86082,1.37,1.37
2015.06.16 08:46:26.925,0.86038,0.86082,1.37,1.75
2015.06.16 08:46:27.527,0.86038,0.86082,1.37,1.50
2015.06.16 08:46:29.044,0.86038,0.86082,1.50,1.37
2015.06.16 08:46:30.146,0.86038,0.86082,1.37,1.37
2015.06.16 08:46:34.323,0.86037,0.86078,1.50,1.00
2015.06.16 08:46:36.305,0.86043,0.86082,1.00,1.37
2015.06.16 08:46:36.462,0.86043,0.86082,1.37,1.37
2015.06.16 08:46:38.705,0.86043,0.86082,1.00,1.37
2015.06.16 08:46:57.839,0.86043,0.86082,1.12,1.50
2015.06.16 08:46:59.149,0.86043,0.86082,1.12,1.37
2015.06.16 08:46:59.469,0.86043,0.86082,1.37,1.12
2015.06.16 08:47:00.663,0.86043,0.86082,1.37,1.37
2015.06.16 08:47:01.603,0.86037,0.86078,1.75,1.00
2015.06.16 08:47:01.802,0.86037,0.86078,1.50,1.00
2015.06.16 08:47:02.007,0.86037,0.86078,1.37,1.37
2015.06.16 08:47:02.287,0.86037,0.86078,1.37,1.12
2015.06.16 08:47:03.315,0.86031,0.86077,1.75,1.00
2015.06.16 08:47:03.913,0.86032,0.86082,1.75,1.37
2015.06.16 08:47:04.961,0.86033,0.86082,1.50,1.50
2015.06.16 08:47:05.152,0.86033,0.86083,1.75,1.50
2015.06.16 08:47:07.924,0.86032,0.86083,2.25,1.75
2015.06.16 08:47:08.126,0.86032,0.86083,2.25,1.75
2015.06.16 08:47:08.277,0.86032,0.86081,2.25,1.37
2015.06.16 08:47:08.419,0.86033,0.86077,1.75,1.12
2015.06.16 08:47:08.970,0.86037,0.86078,1.50,1.12
2015.06.16 08:47:10.371,0.86037,0.86078,1.12,1.37
2015.06.16 08:47:10.624,0.86033,0.86072,1.37,1.00
2015.06.16 08:47:10.675,0.86033,0.86072,1.37,1.12
2015.06.16 08:47:10.775,0.86033,0.86072,1.37,1.37
2015.06.16 08:47:11.121,0.86029,0.86078,1.75,1.75
2015.06.16 08:47:11.272,0.8603,0.86078,1.75,1.37
2015.06.16 08:47:11.390,0.86033,0.86072,1.37,1.00
2015.06.16 08:47:11.613,0.86038,0.86077,1.00,1.37
2015.06.16 08:47:12.124,0.86033,0.86077,1.37,1.37
2015.06.16 08:47:12.175,0.8603,0.86078,1.75,1.37
2015.06.16 08:47:12.276,0.8603,0.86078,1.75,1.37
2015.06.16 08:47:12.483,0.86037,0.86078,1.37,1.37
2015.06.16 08:47:23.155,0.86038,0.86077,1.00,1.37
2015.06.16 08:47:23.491,0.86032,0.86078,1.37,2.25
2015.06.16 08:47:24.793,0.86032,0.86078,1.37,3.00
2015.06.16 08:47:26.023,0.86028,0.86072,1.75,1.37
2015.06.16 08:47:29.837,0.86028,0.86072,1.50,1.37
2015.06.16 08:47:41.662,0.86033,0.86076,1.00,2.25
2015.06.16 08:47:42.096,0.86028,0.86073,1.37,1.75
2015.06.16 08:47:42.301,0.86021,0.86068,1.75,1.97
2015.06.16 08:47:43.400,0.86022,0.86068,1.50,1.12
2015.06.16 08:47:44.601,0.86022,0.86068,1.75,1.37
2015.06.16 08:47:45.703,0.86023,0.86067,1.37,1.00
2015.06.16 08:47:49.211,0.86024,0.86067,2.25,1.00
2015.06.16 08:47:49.540,0.86029,0.86067,1.75,1.00
2015.06.16 08:47:49.591,0.86029,0.86075,1.75,1.37
2015.06.16 08:47:50.220,0.86029,0.86072,1.75,1.12
2015.06.16 08:48:00.934,0.86027,0.86073,3.00,1.37
2015.06.16 08:48:03.130,0.86027,0.86073,1.75,1.37
2015.06.16 08:48:03.450,0.86027,0.86073,1.75,1.37
2015.06.16 08:48:18.199,0.86027,0.86073,1.75,1.37
2015.06.16 08:48:23.410,0.86027,0.86073,1.75,1.37
2015.06.16 08:48:24.011,0.86028,0.86073,1.75,1.37
2015.06.16 08:48:26.042,0.86029,0.86073,1.75,1.37
2015.06.16 08:48:26.216,0.86029,0.86073,1.75,1.37
2015.06.16 08:48:26.784,0.86029,0.86073,1.75,1.12
2015.06.16 08:48:27.526,0.86028,0.86073,1.75,1.37
2015.06.16 08:48:30.077,0.86028,0.86073,1.75,1.37
2015.06.16 08:48:30.447,0.86028,0.86073,1.75,1.37
2015.06.16 08:48:31.030,0.86029,0.86073,1.75,1.37
2015.06.16 08:48:35.639,0.86028,0.86073,1.75,1.37
2015.06.16 08:48:51.772,0.86028,0.86072,1.75,1.37
2015.06.16 08:48:52.201,0.86028,0.86072,1.37,1.75
2015.06.16 08:48:52.380,0.86027,0.86074,1.12,1.75
2015.06.16 08:48:52.581,0.86027,0.86071,1.37,1.75
2015.06.16 08:48:52.682,0.86021,0.86068,1.35,1.37
2015.06.16 08:48:56.883,0.86023,0.86067,1.75,1.37
2015.06.16 08:48:57.384,0.86023,0.86067,1.75,1.37
2015.06.16 08:48:58.830,0.86023,0.86066,1.37,1.35
2015.06.16 08:48:58.887,0.86023,0.86066,1.37,1.67
2015.06.16 08:48:59.188,0.86017,0.86063,2.25,1.12
2015.06.16 08:49:06.010,0.86023,0.86067,1.37,1.75
2015.06.16 08:49:06.604,0.86018,0.86062,1.75,1.37
2015.06.16 08:49:07.906,0.86018,0.86062,1.75,1.37
2015.06.16 08:49:08.708,0.86018,0.86062,1.75,1.37
2015.06.16 08:49:10.229,0.86018,0.86062,2.25,1.12
2015.06.16 08:49:10.529,0.86025,0.86062,1.35,1.00
2015.06.16 08:49:10.637,0.86025,0.86067,1.35,1.12
2015.06.16 08:49:11.626,0.86027,0.86068,1.75,1.37
2015.06.16 08:49:14.259,0.86027,0.86068,1.75,1.12
2015.06.16 08:49:18.329,0.86027,0.86068,1.37,1.12
2015.06.16 08:49:19.447,0.86027,0.86068,1.37,1.50
2015.06.16 08:49:19.994,0.86023,0.86062,1.75,1.00
2015.06.16 08:49:20.702,0.86019,0.86063,1.35,1.37
2015.06.16 08:49:20.755,0.86019,0.86063,1.35,1.37
2015.06.16 08:49:22.843,0.86018,0.86062,1.75,1.12
2015.06.16 08:49:22.944,0.86019,0.86062,1.75,1.00
2015.06.16 08:49:23.440,0.86019,0.86067,1.75,1.37
2015.06.16 08:49:23.491,0.86019,0.86067,1.75,1.37
2015.06.16 08:49:23.659,0.86018,0.86062,2.25,1.00
2015.06.16 08:49:25.038,0.86018,0.86067,2.25,1.37
2015.06.16 08:49:25.477,0.86023,0.86062,1.50,1.00
2015.06.16 08:49:26.554,0.86023,0.86062,1.37,1.00
2015.06.16 08:49:28.359,0.86023,0.86062,1.37,1.00
2015.06.16 08:49:31.640,0.86022,0.86063,1.50,1.00
2015.06.16 08:49:37.139,0.86022,0.86063,1.50,1.37
2015.06.16 08:49:37.240,0.86023,0.86062,1.37,1.37
2015.06.16 08:49:37.649,0.86022,0.86063,1.12,1.37
2015.06.16 08:49:37.750,0.86022,0.86063,1.00,1.37
2015.06.16 08:49:38.343,0.86022,0.86063,1.00,1.75
2015.06.16 08:49:38.393,0.86018,0.86062,1.37,1.50
2015.06.16 08:49:38.792,0.86022,0.86062,1.00,1.50
2015.06.16 08:49:38.946,0.8602,0.86067,2.47,1.87
2015.06.16 08:49:39.170,0.8602,0.86063,2.47,1.37
2015.06.16 08:49:39.472,0.8602,0.86057,2.47,1.00
2015.06.16 08:49:39.619,0.86018,0.86057,1.37,1.00
2015.06.16 08:49:40.263,0.86017,0.86058,1.37,1.00
2015.06.16 08:49:41.871,0.86017,0.86058,1.75,1.00
2015.06.16 08:49:42.799,0.86017,0.86058,1.75,1.00
2015.06.16 08:49:43.470,0.86018,0.86057,1.75,1.00
2015.06.16 08:49:43.847,0.86018,0.86057,2.25,1.00
2015.06.16 08:49:43.902,0.86022,0.86063,1.37,1.37
2015.06.16 08:49:44.185,0.86018,0.86062,1.75,1.37
2015.06.16 08:49:44.387,0.86018,0.86062,1.75,1.12
2015.06.16 08:49:44.691,0.86023,0.86062,1.37,1.00
2015.06.16 08:49:44.942,0.86023,0.86067,2.10,1.37
2015.06.16 08:49:45.043,0.86025,0.86067,1.67,1.37
2015.06.16 08:49:45.198,0.86028,0.86067,1.37,1.12
2015.06.16 08:49:51.188,0.86028,0.86067,1.37,1.37
2015.06.16 08:49:55.990,0.86027,0.86068,1.00,1.00
2015.06.16 08:49:56.291,0.86027,0.86068,1.00,1.37
2015.06.16 08:49:56.392,0.86018,0.86067,2.25,1.12
2015.06.16 08:49:58.413,0.86019,0.86072,1.75,1.75
2015.06.16 08:50:00.669,0.86017,0.86072,2.25,1.75
2015.06.16 08:50:00.966,0.86017,0.86069,1.50,1.75
2015.06.16 08:50:01.589,0.86023,0.86071,1.00,1.75
2015.06.16 08:50:01.884,0.86023,0.86071,1.37,1.50
2015.06.16 08:50:09.698,0.8602,0.86072,2.25,1.75
2015.06.16 08:50:09.849,0.86027,0.86075,1.37,2.25
2015.06.16 08:50:09.949,0.86027,0.86075,1.37,1.75
2015.06.16 08:50:10.164,0.86028,0.86067,1.37,1.00
2015.06.16 08:50:10.714,0.86028,0.86067,1.37,1.37
2015.06.16 08:50:11.620,0.86028,0.86067,1.12,1.00
2015.06.16 08:50:12.237,0.86028,0.86067,1.00,1.37
2015.06.16 08:50:12.338,0.86028,0.86067,1.00,1.00
2015.06.16 08:50:12.439,0.86022,0.86068,1.37,1.37
2015.06.16 08:50:12.540,0.86022,0.86068,1.37,1.37
2015.06.16 08:50:13.041,0.86022,0.86068,1.37,1.37
2015.06.16 08:50:13.243,0.86018,0.86067,3.60,1.12
2015.06.16 08:50:13.791,0.86018,0.86067,1.37,1.37
2015.06.16 08:50:13.842,0.86018,0.86067,1.75,1.37
2015.06.16 08:50:14.814,0.86023,0.86067,1.37,1.12
2015.06.16 08:50:15.635,0.86023,0.86067,1.37,1.12
2015.06.16 08:50:15.955,0.86023,0.86067,1.75,1.37
2015.06.16 08:50:16.056,0.86023,0.86067,1.75,1.37
2015.06.16 08:50:16.639,0.86023,0.86067,1.50,1.37
2015.06.16 08:50:17.362,0.86019,0.86068,1.75,1.50
2015.06.16 08:50:17.643,0.86019,0.86067,1.75,1.00
2015.06.16 08:50:18.145,0.86022,0.86072,1.37,1.75
2015.06.16 08:50:18.249,0.86022,0.86071,1.37,1.75
2015.06.16 08:50:18.354,0.86017,0.8607,2.25,1.75
2015.06.16 08:50:18.456,0.86017,0.86067,1.37,1.75
2015.06.16 08:50:18.583,0.86017,0.86065,1.12,1.75
2015.06.16 08:50:18.985,0.86009,0.86061,1.50,1.75
2015.06.16 08:50:19.086,0.86008,0.86061,1.75,1.37
2015.06.16 08:50:19.349,0.86008,0.86061,1.75,1.37
2015.06.16 08:50:21.052,0.86017,0.86065,1.00,1.75
2015.06.16 08:50:21.360,0.86017,0.86067,1.50,1.37
2015.06.16 08:50:22.075,0.86017,0.86068,1.50,3.00
2015.06.16 08:50:25.284,0.86018,0.86067,1.50,1.37
2015.06.16 08:50:26.410,0.86018,0.86067,1.50,1.75
2015.06.16 08:50:26.934,0.86018,0.86062,1.50,1.12
2015.06.16 08:50:27.440,0.86023,0.86067,1.12,2.25
2015.06.16 08:50:27.829,0.86021,0.86067,1.75,1.37
2015.06.16 08:50:30.617,0.86028,0.86067,1.00,1.50
2015.06.16 08:50:32.126,0.86028,0.86067,1.00,1.37
2015.06.16 08:50:34.944,0.86028,0.86067,1.37,1.37
2015.06.16 08:50:36.161,0.86028,0.86067,1.37,1.37
2015.06.16 08:50:36.399,0.86028,0.86067,1.12,1.37
2015.06.16 08:50:42.523,0.86028,0.86067,1.00,1.12
2015.06.16 08:50:43.923,0.86028,0.86067,1.00,1.37
2015.06.16 08:50:44.150,0.86022,0.86071,1.37,1.75
2015.06.16 08:50:44.628,0.86023,0.86067,1.00,1.87
2015.06.16 08:50:45.161,0.86023,0.86067,1.50,1.37
2015.06.16 08:50:45.485,0.86018,0.86067,1.75,1.37
2015.06.16 08:50:47.937,0.86023,0.86067,1.12,2.25
2015.06.16 08:50:48.480,0.86023,0.86062,1.00,1.37
2015.06.16 08:50:49.944,0.86023,0.86062,1.12,1.37
2015.06.16 08:50:52.265,0.86023,0.86062,1.37,1.37
2015.06.16 08:50:53.458,0.86023,0.86062,1.37,1.12
2015.06.16 08:51:03.530,0.86022,0.86063,1.37,1.37
2015.06.16 08:51:04.883,0.86022,0.86063,1.37,1.37
2015.06.16 08:51:07.191,0.86022,0.86063,1.37,1.37
2015.06.16 08:51:10.332,0.86018,0.86057,1.75,1.00
2015.06.16 08:51:11.649,0.86022,0.86063,1.37,1.37
2015.06.16 08:51:16.064,0.86017,0.86058,1.75,1.00
2015.06.16 08:51:22.322,0.86023,0.86062,1.37,1.37
2015.06.16 08:51:23.090,0.86017,0.86058,1.75,1.00
2015.06.16 08:51:24.852,0.86018,0.86057,1.75,1.00
2015.06.16 08:51:26.730,0.86018,0.86057,1.00,1.00
2015.06.16 08:51:29.799,0.86017,0.86062,1.50,1.00
2015.06.16 08:51:30.068,0.86018,0.86062,2.85,1.00
2015.06.16 08:51:30.581,0.86023,0.86062,1.00,1.00
2015.06.16 08:51:31.342,0.86018,0.86062,3.60,1.00
2015.06.16 08:51:31.608,0.86018,0.86062,1.00,1.00
2015.06.16 08:51:31.671,0.86018,0.86057,1.00,1.00
2015.06.16 08:51:36.651,0.86017,0.86063,1.00,1.00
2015.06.16 08:51:36.809,0.86019,0.86063,1.00,2.85
2015.06.16 08:51:36.919,0.86017,0.86063,1.50,2.85
2015.06.16 08:51:36.977,0.86022,0.86063,1.00,2.85
2015.06.16 08:51:37.027,0.86022,0.86063,1.35,1.00
2015.06.16 08:51:37.472,0.86022,0.86068,1.00,1.00
2015.06.16 08:51:37.548,0.86022,0.86068,2.85,1.00
2015.06.16 08:51:37.599,0.86027,0.86074,1.00,1.60
2015.06.16 08:51:37.935,0.86028,0.86067,1.00,1.00
2015.06.16 08:51:38.581,0.86022,0.86063,2.85,1.00
2015.06.16 08:51:39.340,0.86028,0.86067,1.00,1.00
2015.06.16 08:51:41.101,0.86023,0.86062,1.60,1.00
2015.06.16 08:51:42.312,0.86028,0.86067,1.00,1.00
2015.06.16 08:51:42.640,0.86023,0.86062,1.60,1.00
2015.06.16 08:51:43.850,0.86023,0.86062,1.00,1.00
2015.06.16 08:51:43.950,0.86017,0.86063,1.00,1.00
2015.06.16 08:51:44.070,0.86022,0.86063,1.00,1.00
2015.06.16 08:51:45.012,0.86023,0.86062,1.00,1.00
2015.06.16 08:52:00.569,0.86023,0.86062,1.60,1.00
2015.06.16 08:52:00.619,0.86022,0.86068,2.10,1.00
2015.06.16 08:52:01.119,0.86028,0.86067,1.00,1.00
2015.06.16 08:52:03.694,0.86024,0.86067,1.60,1.00
2015.06.16 08:52:03.761,0.86027,0.86067,1.00,1.00
2015.06.16 08:52:04.478,0.86028,0.86067,1.00,1.00
2015.06.16 08:52:04.640,0.86032,0.86073,1.00,1.00
2015.06.16 08:52:04.880,0.86028,0.86072,1.00,1.00
2015.06.16 08:52:05.104,0.86032,0.86078,1.00,1.00
2015.06.16 08:52:05.228,0.86032,0.86073,1.00,1.00
2015.06.16 08:52:05.630,0.86027,0.86068,1.00,1.00
2015.06.16 08:52:12.338,0.86032,0.86073,1.00,1.00
2015.06.16 08:52:15.141,0.86033,0.86072,1.00,1.00
2015.06.16 08:52:16.849,0.86026,0.86072,1.00,1.00
2015.06.16 08:52:16.904,0.86028,0.86072,1.00,1.00
2015.06.16 08:52:17.349,0.86033,0.86072,1.00,1.00
2015.06.16 08:52:17.400,0.86029,0.86072,1.00,1.00
2015.06.16 08:52:17.619,0.86028,0.86068,1.00,1.00
2015.06.16 08:52:17.941,0.86033,0.86072,1.00,1.00
2015.06.16 08:52:19.490,0.86027,0.86068,1.50,1.00
2015.06.16 08:52:26.308,0.86033,0.86072,1.00,1.00
2015.06.16 08:52:26.639,0.86027,0.86068,1.00,1.00
2015.06.16 08:52:29.642,0.86032,0.86073,1.00,1.00
2015.06.16 08:52:29.828,0.86023,0.86073,1.00,1.00
2015.06.16 08:52:30.169,0.86033,0.86072,1.00,1.00
2015.06.16 08:52:33.791,0.8603,0.86067,1.00,1.00
2015.06.16 08:52:34.042,0.86026,0.86067,1.60,1.00
2015.06.16 08:52:34.148,0.86028,0.86072,1.35,1.00
2015.06.16 08:52:34.356,0.86028,0.86067,1.35,1.00
2015.06.16 08:52:37.883,0.86027,0.86068,1.60,1.00
2015.06.16 08:52:38.566,0.86028,0.86067,1.35,1.00
2015.06.16 08:52:40.170,0.86029,0.86067,1.00,1.00
2015.06.16 08:52:40.388,0.86032,0.86078,1.35,1.00
2015.06.16 08:52:40.647,0.86033,0.86072,1.00,1.00
2015.06.16 08:52:44.915,0.86035,0.86072,1.00,1.00
2015.06.16 08:52:45.207,0.86038,0.86083,1.00,1.00
2015.06.16 08:52:45.318,0.86038,0.86077,1.50,1.00
2015.06.16 08:52:45.557,0.86041,0.86083,1.00,1.00
2015.06.16 08:52:45.647,0.86043,0.86082,1.00,1.00
2015.06.16 08:52:50.065,0.86038,0.86077,2.25,1.00
2015.06.16 08:52:55.108,0.86037,0.86082,1.00,1.00
2015.06.16 08:52:55.160,0.86034,0.86082,1.35,1.00
2015.06.16 08:52:55.217,0.86034,0.86079,1.00,2.10
2015.06.16 08:52:55.468,0.86028,0.86073,1.50,1.00
2015.06.16 08:52:55.656,0.86032,0.86073,1.00,1.00
2015.06.16 08:52:57.749,0.86028,0.86068,1.00,1.00
2015.06.16 08:52:58.369,0.86029,0.86068,1.00,1.00
2015.06.16 08:52:58.868,0.86029,0.86073,1.00,1.00
2015.06.16 08:53:07.649,0.86029,0.86072,1.50,1.00
2015.06.16 08:53:09.647,0.86028,0.86072,3.75,1.00
2015.06.16 08:53:11.088,0.86028,0.86077,2.25,1.00
2015.06.16 08:53:11.388,0.86028,0.86067,1.50,1.00
2015.06.16 08:53:13.696,0.8603,0.86067,1.00,1.00
2015.06.16 08:53:14.379,0.8603,0.86068,1.50,1.00
2015.06.16 08:53:14.764,0.86033,0.86068,1.00,1.00
2015.06.16 08:53:15.127,0.86034,0.86068,1.60,1.00
2015.06.16 08:53:15.177,0.86034,0.86073,1.60,1.00
2015.06.16 08:53:15.379,0.86031,0.86073,1.00,1.00
2015.06.16 08:53:15.479,0.86027,0.86073,1.35,1.00
2015.06.16 08:53:15.567,0.86027,0.86067,1.35,1.00
2015.06.16 08:53:20.006,0.86027,0.86068,1.35,1.00
2015.06.16 08:53:20.107,0.86027,0.86072,1.50,1.00
2015.06.16 08:53:20.158,0.86029,0.86072,1.00,1.00
2015.06.16 08:53:20.592,0.86031,0.86072,1.00,1.00
2015.06.16 08:53:21.586,0.8603,0.86072,1.00,1.00
2015.06.16 08:53:22.715,0.86028,0.86072,2.25,1.00
2015.06.16 08:53:29.098,0.86028,0.86073,1.00,1.00
2015.06.16 08:53:30.369,0.86027,0.86073,1.00,1.00
2015.06.16 08:53:31.706,0.86028,0.86072,1.00,1.00
2015.06.16 08:53:47.378,0.86027,0.86073,1.00,1.00
2015.06.16 08:53:52.391,0.86023,0.86068,1.50,1.00
2015.06.16 08:53:52.671,0.86022,0.86073,1.00,1.00
2015.06.16 08:53:52.856,0.86021,0.86067,1.00,1.00
2015.06.16 08:53:53.178,0.86021,0.86062,1.00,1.00
2015.06.16 08:53:53.229,0.86019,0.86062,1.00,1.00
2015.06.16 08:53:53.405,0.86023,0.86062,1.00,1.00
2015.06.16 08:53:55.070,0.86019,0.86062,1.00,1.00
2015.06.16 08:53:55.689,0.86018,0.86062,1.00,1.00
2015.06.16 08:53:58.596,0.86016,0.86066,1.00,1.00
2015.06.16 08:53:58.721,0.86018,0.86067,1.00,1.00
2015.06.16 08:53:59.127,0.86018,0.86063,1.00,1.00
2015.06.16 08:53:59.398,0.86019,0.86067,1.00,1.00
2015.06.16 08:53:59.975,0.8602,0.86067,1.00,1.00
2015.06.16 08:54:00.450,0.86022,0.86067,1.00,1.00
2015.06.16 08:54:00.577,0.86023,0.86072,2.10,1.00
2015.06.16 08:54:00.787,0.86025,0.86072,1.00,1.00
2015.06.16 08:54:01.106,0.8603,0.86073,1.00,1.00
2015.06.16 08:54:01.346,0.8603,0.86077,1.00,1.00
2015.06.16 08:54:02.146,0.86031,0.86077,1.00,1.50
2015.06.16 08:54:02.197,0.86028,0.86077,1.50,1.50
2015.06.16 08:54:02.356,0.86028,0.86076,1.50,2.10
2015.06.16 08:54:02.697,0.86024,0.86068,1.35,1.00
2015.06.16 08:54:03.985,0.86024,0.86068,1.60,1.00
2015.06.16 08:54:04.938,0.86028,0.86073,1.00,1.00
2015.06.16 08:54:05.446,0.86028,0.86072,1.00,1.00
2015.06.16 08:54:05.636,0.86028,0.86067,1.00,1.00
2015.06.16 08:54:06.685,0.86032,0.86067,1.00,1.00
2015.06.16 08:54:06.735,0.86032,0.86073,1.00,1.00
2015.06.16 08:54:06.990,0.86028,0.86073,1.00,1.00
2015.06.16 08:54:08.761,0.86027,0.86073,2.25,1.00
2015.06.16 08:54:09.696,0.86028,0.86072,1.00,1.00
2015.06.16 08:54:12.337,0.86032,0.86078,1.00,1.00
2015.06.16 08:54:14.356,0.86028,0.86077,1.60,1.00
2015.06.16 08:54:14.406,0.86038,0.86077,1.00,1.00
2015.06.16 08:54:14.671,0.86038,0.86083,1.00,1.00
2015.06.16 08:54:14.876,0.86038,0.86087,1.00,1.60
2015.06.16 08:54:15.206,0.86042,0.86087,1.00,1.60
2015.06.16 08:54:15.316,0.86046,0.86092,1.00,1.00
2015.06.16 08:54:15.497,0.86043,0.86092,1.00,1.00
2015.06.16 08:54:15.639,0.86043,0.86087,1.00,1.00
2015.06.16 08:54:16.036,0.86048,0.86087,1.00,1.00
2015.06.16 08:54:16.087,0.86046,0.86092,1.00,1.00
2015.06.16 08:54:16.229,0.86043,0.86092,3.00,1.00
2015.06.16 08:54:16.430,0.86043,0.86088,1.00,1.00
2015.06.16 08:54:17.355,0.86042,0.86088,1.50,1.00
2015.06.16 08:54:20.389,0.86043,0.86088,1.00,1.00
2015.06.16 08:54:23.886,0.86043,0.86092,2.25,1.00
2015.06.16 08:54:23.936,0.86045,0.86092,1.00,1.00
2015.06.16 08:54:24.515,0.86047,0.86093,1.00,1.00
2015.06.16 08:54:29.386,0.86053,0.86097,1.00,1.60
2015.06.16 08:54:29.606,0.86048,0.86092,1.00,1.00
2015.06.16 08:54:32.364,0.86044,0.86093,1.00,1.00
2015.06.16 08:54:32.907,0.86043,0.86093,1.00,1.00
2015.06.16 08:54:32.958,0.86051,0.86093,1.00,1.00
2015.06.16 08:54:33.349,0.86053,0.86097,1.00,1.00
2015.06.16 08:54:33.956,0.86055,0.86097,1.00,1.00
2015.06.16 08:54:34.116,0.86058,0.86102,1.00,1.00
2015.06.16 08:54:36.575,0.86055,0.86102,1.00,1.00
2015.06.16 08:54:37.085,0.86054,0.86103,1.00,1.00
2015.06.16 08:54:39.382,0.86055,0.86103,1.00,1.00
2015.06.16 08:54:39.433,0.86055,0.861,1.00,1.00
2015.06.16 08:54:39.483,0.86053,0.861,1.00,1.00
2015.06.16 08:54:39.634,0.86048,0.86097,1.50,1.00
2015.06.16 08:54:39.836,0.86047,0.86093,1.00,1.00
2015.06.16 08:54:41.045,0.86044,0.86092,1.00,1.00
2015.06.16 08:54:41.219,0.86047,0.86092,1.00,1.00
2015.06.16 08:54:41.426,0.86048,0.86096,1.00,1.00
2015.06.16 08:54:41.595,0.86047,0.86093,1.00,1.00
2015.06.16 08:54:42.146,0.86048,0.86097,1.00,1.50
2015.06.16 08:54:42.365,0.86047,0.86093,1.00,1.00
2015.06.16 08:54:42.805,0.86048,0.86096,1.00,1.00
2015.06.16 08:54:43.136,0.86048,0.86092,1.00,1.00
2015.06.16 08:54:43.983,0.86049,0.86092,1.50,1.00
2015.06.16 08:54:44.134,0.86051,0.86102,1.00,1.50
2015.06.16 08:54:44.215,0.86053,0.86102,1.00,1.00
2015.06.16 08:54:44.582,0.86057,0.86103,1.00,1.00
2015.06.16 08:54:45.115,0.86058,0.86102,1.00,1.00
2015.06.16 08:55:06.129,0.86058,0.86107,1.00,1.00
2015.06.16 08:55:06.543,0.86061,0.86107,1.00,1.00
2015.06.16 08:55:06.896,0.86063,0.86107,1.00,1.00
2015.06.16 08:55:08.437,0.86063,0.86108,1.00,1.00
2015.06.16 08:55:11.627,0.86063,0.86102,1.50,1.00
2015.06.16 08:55:16.136,0.86063,0.86107,2.25,1.00
2015.06.16 08:55:16.747,0.86064,0.86107,1.00,1.00
2015.06.16 08:55:17.162,0.86064,0.86102,1.00,1.00
2015.06.16 08:55:18.125,0.86063,0.86102,1.00,1.00
2015.06.16 08:55:18.279,0.86058,0.86102,1.00,1.00
2015.06.16 08:55:18.408,0.86058,0.86107,1.00,1.00
2015.06.16 08:55:18.684,0.86058,0.86102,1.00,1.00
2015.06.16 08:55:19.107,0.86054,0.86103,1.00,1.00
2015.06.16 08:55:19.326,0.86052,0.86098,1.00,1.00
2015.06.16 08:55:20.869,0.86058,0.86102,1.00,1.00
2015.06.16 08:55:21.348,0.86056,0.86102,1.00,1.00
2015.06.16 08:55:22.396,0.86057,0.86103,1.50,1.00
2015.06.16 08:55:23.178,0.86059,0.86103,1.00,1.00
2015.06.16 08:55:24.345,0.86059,0.86103,1.60,1.00
2015.06.16 08:55:32.086,0.86062,0.86108,1.00,1.00
2015.06.16 08:55:32.460,0.86065,0.86107,1.00,1.00
2015.06.16 08:55:32.676,0.86065,0.86113,2.10,1.00
2015.06.16 08:55:32.895,0.86068,0.86112,1.00,1.00
2015.06.16 08:55:44.733,0.86067,0.86112,1.00,1.00
2015.06.16 08:55:45.287,0.86067,0.86113,1.50,1.00
2015.06.16 08:55:45.615,0.86072,0.86113,1.00,1.00
2015.06.16 08:55:48.403,0.86067,0.86113,1.50,1.00
2015.06.16 08:55:50.610,0.86068,0.86112,1.00,1.00
2015.06.16 08:55:55.437,0.86068,0.86118,1.00,1.00
2015.06.16 08:55:55.625,0.86072,0.86118,1.00,1.00
2015.06.16 08:55:56.067,0.86068,0.86112,1.50,1.00
2015.06.16 08:55:56.396,0.86067,0.86118,2.25,1.00
2015.06.16 08:55:56.614,0.86067,0.86113,2.25,1.00
2015.06.16 08:55:58.105,0.86068,0.86112,1.00,1.00
2015.06.16 08:56:00.137,0.86067,0.86112,1.50,1.00
2015.06.16 08:56:00.576,0.86072,0.86118,1.00,1.00
2015.06.16 08:56:03.145,0.86068,0.86117,1.00,1.00
2015.06.16 08:56:04.005,0.86067,0.86118,1.00,2.25
2015.06.16 08:56:05.641,0.86067,0.86116,1.00,1.00
2015.06.16 08:56:07.066,0.86065,0.86112,1.00,1.00
2015.06.16 08:56:07.175,0.86063,0.86112,1.00,1.00
2015.06.16 08:56:09.814,0.86068,0.86114,1.00,1.00
2015.06.16 08:56:13.667,0.86063,0.86113,1.00,1.00
2015.06.16 08:56:14.197,0.86063,0.86114,1.00,1.00
2015.06.16 08:56:14.365,0.86062,0.86108,1.00,1.00
2015.06.16 08:56:15.503,0.86062,0.86108,1.00,2.10
2015.06.16 08:56:15.654,0.86063,0.86109,1.00,1.00
2015.06.16 08:56:15.865,0.86062,0.86103,1.00,1.00
2015.06.16 08:56:16.345,0.86063,0.86107,1.00,1.00
2015.06.16 08:56:16.855,0.86067,0.86113,1.00,1.00
2015.06.16 08:56:21.716,0.86067,0.8611,1.00,1.60
2015.06.16 08:56:21.805,0.86062,0.8611,1.00,1.60
2015.06.16 08:56:22.169,0.86068,0.86107,1.00,1.00
2015.06.16 08:56:22.575,0.86063,0.86101,1.00,2.10
2015.06.16 08:56:23.334,0.86063,0.86102,1.00,1.60
2015.06.16 08:56:24.219,0.86062,0.86103,1.00,2.85
2015.06.16 08:56:25.535,0.86062,0.86094,1.00,2.10
2015.06.16 08:56:25.685,0.86058,0.86094,1.00,2.10
2015.06.16 08:56:26.358,0.86057,0.86094,1.00,2.10
2015.06.16 08:56:26.646,0.86062,0.86094,1.00,2.10
2015.06.16 08:56:27.304,0.86063,0.86094,1.00,2.10
2015.06.16 08:56:27.907,0.86058,0.86094,1.00,2.10
2015.06.16 08:56:28.075,0.86048,0.86094,1.00,2.10
2015.06.16 08:56:28.335,0.86043,0.86092,1.50,1.00
2015.06.16 08:56:35.114,0.86047,0.86094,1.00,1.00
2015.06.16 08:56:39.626,0.86043,0.86092,1.00,1.00
2015.06.16 08:56:41.054,0.86042,0.86093,1.00,1.00
2015.06.16 08:56:45.566,0.86048,0.86094,1.00,1.50
2015.06.16 08:56:47.324,0.86043,0.86092,1.00,1.00
2015.06.16 08:56:51.394,0.86048,0.86094,1.00,1.50
2015.06.16 08:56:51.664,0.86043,0.86094,1.00,1.00
2015.06.16 08:56:51.765,0.86045,0.86097,1.00,1.50
2015.06.16 08:56:51.866,0.86048,0.86099,1.50,1.00
2015.06.16 08:56:52.186,0.86058,0.861,1.00,1.00
2015.06.16 08:56:52.264,0.86058,0.86102,1.00,1.50
2015.06.16 08:56:59.094,0.86057,0.86103,1.00,1.00
2015.06.16 08:57:00.535,0.86058,0.86102,1.00,1.00
2015.06.16 08:57:01.319,0.86057,0.86103,1.00,1.00
2015.06.16 08:57:01.894,0.86058,0.86102,1.00,1.00
2015.06.16 08:57:02.615,0.86058,0.86105,1.00,1.00
2015.06.16 08:57:02.855,0.86052,0.86098,1.00,1.00
2015.06.16 08:57:04.251,0.86057,0.86101,1.00,1.00
2015.06.16 08:57:06.624,0.86053,0.86097,1.00,1.00
2015.06.16 08:57:07.316,0.86052,0.86098,1.00,1.00
2015.06.16 08:57:22.633,0.86053,0.86097,1.00,1.00
2015.06.16 08:57:38.088,0.86053,0.86097,1.60,1.00
2015.06.16 08:57:38.365,0.86058,0.86102,1.00,1.00
2015.06.16 08:57:56.013,0.8606,0.86102,2.10,1.00
2015.06.16 08:57:56.123,0.86058,0.86102,2.10,1.00
2015.06.16 08:57:56.673,0.86058,0.86107,1.00,1.00
2015.06.16 08:58:05.342,0.86057,0.86108,1.00,1.50
2015.06.16 08:58:06.082,0.86058,0.86107,1.00,1.50
2015.06.16 08:58:12.806,0.86057,0.86108,1.50,1.50
2015.06.16 08:58:13.611,0.86057,0.861,1.00,1.00
2015.06.16 08:58:14.159,0.86057,0.86101,1.00,2.10
2015.06.16 08:58:25.581,0.86057,0.861,1.00,1.00
2015.06.16 08:58:29.072,0.86058,0.861,1.00,1.00
2015.06.16 08:58:29.293,0.86053,0.86098,1.00,1.00
2015.06.16 08:58:29.343,0.86053,0.86095,1.00,1.00
2015.06.16 08:58:29.672,0.86048,0.86095,1.00,1.00
2015.06.16 08:58:30.174,0.86048,0.86097,1.00,2.25
2015.06.16 08:58:30.245,0.86048,0.86095,1.00,1.00
2015.06.16 08:58:30.612,0.86052,0.86095,1.00,1.00
2015.06.16 08:58:32.951,0.86052,0.86096,1.00,1.50
2015.06.16 08:58:33.362,0.86048,0.86096,1.00,1.00
2015.06.16 08:58:33.581,0.86057,0.86096,1.00,1.00
2015.06.16 08:58:35.122,0.86053,0.86096,1.00,1.00
2015.06.16 08:58:40.074,0.86053,0.86097,1.00,1.50
2015.06.16 08:58:40.428,0.86058,0.86097,1.00,1.50
2015.06.16 08:58:40.892,0.86052,0.86096,1.00,1.00
2015.06.16 08:58:43.383,0.86048,0.86097,1.00,1.00
2015.06.16 08:58:43.547,0.86049,0.86097,1.60,1.00
2015.06.16 08:58:43.878,0.86062,0.86098,1.00,1.00
2015.06.16 08:58:44.162,0.86057,0.86098,1.00,1.00
2015.06.16 08:58:44.279,0.86057,0.86101,1.00,1.50
2015.06.16 08:58:45.581,0.86057,0.86099,1.00,1.00
2015.06.16 08:58:45.842,0.86047,0.86099,1.00,1.00
2015.06.16 08:58:46.121,0.86052,0.86099,1.00,1.00
2015.06.16 08:58:50.393,0.86052,0.861,1.00,1.50
2015.06.16 08:58:51.941,0.86052,0.86099,1.00,1.00
2015.06.16 08:58:52.418,0.86047,0.86098,1.00,1.00
2015.06.16 08:58:53.204,0.86053,0.86099,1.00,1.00
2015.06.16 08:58:53.821,0.86052,0.86098,1.00,1.00
2015.06.16 08:58:55.583,0.86047,0.86098,1.00,1.50
2015.06.16 08:59:00.091,0.86048,0.86097,1.00,1.00
2015.06.16 08:59:04.382,0.86047,0.86097,1.00,1.00
2015.06.16 08:59:05.811,0.86048,0.86097,1.00,2.25
2015.06.16 08:59:06.130,0.86048,0.86095,1.00,1.00
2015.06.16 08:59:06.299,0.86047,0.861,2.25,1.00
2015.06.16 08:59:06.349,0.86049,0.861,1.00,1.00
2015.06.16 08:59:07.132,0.86053,0.86097,1.00,1.00
2015.06.16 08:59:08.122,0.86052,0.86098,1.00,1.00
2015.06.16 08:59:09.781,0.86052,0.86096,1.00,1.00
2015.06.16 08:59:11.092,0.86053,0.86096,1.00,1.00
2015.06.16 08:59:12.343,0.86053,0.86097,1.00,1.50
2015.06.16 08:59:12.633,0.86057,0.86102,1.00,1.00
2015.06.16 08:59:12.745,0.86053,0.86103,1.00,1.00
2015.06.16 08:59:12.896,0.86058,0.86102,1.00,1.00
2015.06.16 08:59:13.191,0.86062,0.86107,1.00,1.00
2015.06.16 08:59:13.387,0.86062,0.86103,1.00,1.00
2015.06.16 08:59:14.190,0.86062,0.86105,1.00,1.00
2015.06.16 08:59:15.088,0.86058,0.86102,1.00,1.00
2015.06.16 08:59:15.644,0.86057,0.86103,1.00,1.00
2015.06.16 08:59:16.811,0.86058,0.86102,1.00,1.00
2015.06.16 08:59:19.123,0.86057,0.86103,1.00,1.00
2015.06.16 08:59:19.677,0.86058,0.86102,1.00,1.00
2015.06.16 08:59:20.297,0.86057,0.86103,1.00,1.00
2015.06.16 08:59:20.362,0.86057,0.861,1.00,1.00
2015.06.16 08:59:20.964,0.86057,0.86099,1.00,1.00
2015.06.16 08:59:23.167,0.86057,0.86101,1.00,1.00
2015.06.16 08:59:23.690,0.86058,0.86102,1.00,1.50
2015.06.16 08:59:26.072,0.86058,0.86101,1.00,1.00
2015.06.16 08:59:26.162,0.86052,0.86101,1.00,1.00
2015.06.16 08:59:26.391,0.86053,0.86097,1.00,1.00
2015.06.16 08:59:26.624,0.86048,0.86094,1.00,1.00
2015.06.16 08:59:26.675,0.86048,0.86097,1.00,1.50
2015.06.16 08:59:26.975,0.86048,0.86093,1.00,1.00
2015.06.16 08:59:27.492,0.86047,0.86092,1.00,1.00
2015.06.16 08:59:28.142,0.86042,0.86088,1.00,1.00
2015.06.16 08:59:28.388,0.86048,0.8609,1.00,1.00
2015.06.16 08:59:28.799,0.86048,0.86088,1.00,1.00
2015.06.16 08:59:29.176,0.86043,0.86087,1.00,1.50
2015.06.16 08:59:29.226,0.86043,0.86085,1.00,1.00
2015.06.16 08:59:29.791,0.86042,0.86085,1.00,1.00
2015.06.16 08:59:30.134,0.86038,0.86084,1.00,1.00
2015.06.16 08:59:30.676,0.86043,0.86084,1.00,1.00
2015.06.16 08:59:32.331,0.86042,0.86084,1.00,1.00
2015.06.16 08:59:32.651,0.86038,0.86084,1.00,1.00
2015.06.16 08:59:33.491,0.86037,0.86084,1.00,1.00
2015.06.16 08:59:34.081,0.86038,0.86084,1.00,1.00
2015.06.16 08:59:34.910,0.86038,0.86083,1.00,1.00
2015.06.16 08:59:39.922,0.86038,0.86085,1.00,1.50
2015.06.16 08:59:40.792,0.86037,0.86085,1.00,1.50
2015.06.16 08:59:43.871,0.86038,0.86085,1.00,1.50
2015.06.16 08:59:45.090,0.86037,0.86085,1.00,1.50
2015.06.16 08:59:45.598,0.86038,0.86085,1.00,1.00
2015.06.16 08:59:46.560,0.86037,0.86085,1.00,1.00
2015.06.16 08:59:49.372,0.86038,0.86085,1.00,1.00
2015.06.16 08:59:50.284,0.86038,0.86084,1.00,1.00
2015.06.16 08:59:50.581,0.86033,0.86082,1.00,1.00
2015.06.16 08:59:51.901,0.86037,0.86084,1.00,1.00
2015.06.16 08:59:58.291,0.86037,0.86085,1.00,1.00
2015.06.16 08:59:58.831,0.86033,0.86082,1.00,1.00
2015.06.16 08:59:59.383,0.86038,0.86086,1.00,1.00
