2011.01.10 05:00:11.907,0.75557,0.75607,1.09,2.93
2011.01.10 05:00:12.016,0.75562,0.75607,1.09,2.25
2011.01.10 05:00:12.125,0.75562,0.75618,1.09,2.59
2011.01.10 05:00:12.235,0.75571,0.75623,2.25,1.09
2011.01.10 05:00:12.345,0.75571,0.75627,3.19,2.59
2011.01.10 05:00:12.564,0.75571,0.75627,2.25,2.33
2011.01.10 05:00:13.315,0.75572,0.75636,2.44,5.85
2011.01.10 05:00:14.167,0.75572,0.75636,2.44,6.08
2011.01.10 05:00:14.645,0.75572,0.75627,2.44,1.28
2011.01.10 05:00:14.863,0.75547,0.75601,6.98,2.25
2011.01.10 05:00:15.464,0.75562,0.75616,2.78,2.25
2011.01.10 05:00:15.575,0.7556,0.75618,2.55,2.40
2011.01.10 05:00:17.096,0.7556,0.75618,6.08,2.40
2011.01.10 05:00:18.435,0.7556,0.75618,5.85,2.33
2011.01.10 05:00:22.955,0.75552,0.75606,3.08,2.25
2011.01.10 05:00:25.147,0.75552,0.75606,7.02,2.40
2011.01.10 05:00:27.190,0.75552,0.75606,7.86,2.25
2011.01.10 05:00:28.155,0.75563,0.75617,1.09,2.44
2011.01.10 05:00:28.264,0.75561,0.75617,8.40,2.25
2011.01.10 05:00:28.940,0.75567,0.75621,2.78,2.33
2011.01.10 05:00:29.056,0.75567,0.75621,2.40,2.55
2011.01.10 05:00:30.105,0.75567,0.75621,2.70,2.40
2011.01.10 05:00:30.642,0.75567,0.75618,2.70,1.09
2011.01.10 05:00:30.754,0.75567,0.7561,2.25,1.32
2011.01.10 05:00:31.398,0.75561,0.75617,2.59,2.40
2011.01.10 05:00:33.125,0.75561,0.75617,2.74,2.40
2011.01.10 05:00:34.147,0.75561,0.75617,5.97,2.40
2011.01.10 05:00:35.945,0.75561,0.75617,2.40,2.55
2011.01.10 05:00:36.274,0.75558,0.75613,2.55,2.25
2011.01.10 05:00:36.975,0.75558,0.75613,2.40,2.63
2011.01.10 05:00:37.194,0.75557,0.75611,2.40,2.25
2011.01.10 05:00:37.660,0.75552,0.75606,6.49,2.25
2011.01.10 05:00:38.097,0.75552,0.75606,6.49,2.25
2011.01.10 05:00:38.314,0.75556,0.75612,8.93,2.44
2011.01.10 05:00:39.925,0.75556,0.75612,3.72,2.89
2011.01.10 05:00:40.954,0.75556,0.75612,7.99,2.97
2011.01.10 05:00:41.614,0.75552,0.75606,9.30,2.25
2011.01.10 05:00:41.845,0.75552,0.75606,9.30,2.40
2011.01.10 05:00:55.749,0.75552,0.75606,9.74,2.25
2011.01.10 05:00:55.984,0.75552,0.75606,9.30,2.40
2011.01.10 05:01:06.603,0.75552,0.75606,8.97,2.25
2011.01.10 05:01:07.120,0.7556,0.75618,2.52,5.85
2011.01.10 05:01:08.165,0.7556,0.75618,2.74,2.55
2011.01.10 05:01:09.133,0.7556,0.75618,2.59,6.08
2011.01.10 05:01:12.911,0.7556,0.75618,2.74,2.55
2011.01.10 05:01:17.135,0.7556,0.75618,2.74,2.40
2011.01.10 05:01:17.244,0.75557,0.75614,6.49,2.25
2011.01.10 05:01:20.515,0.75557,0.75614,6.49,2.40
2011.01.10 05:01:24.734,0.75557,0.75614,6.49,2.25
2011.01.10 05:01:24.843,0.75561,0.75617,2.55,2.40
2011.01.10 05:01:25.644,0.75564,0.75622,2.55,2.40
2011.01.10 05:01:29.510,0.75564,0.75622,6.08,2.40
2011.01.10 05:01:30.166,0.75564,0.75622,5.85,2.25
2011.01.10 05:01:35.190,0.75564,0.75622,2.55,2.55
2011.01.10 05:01:37.754,0.75564,0.75622,2.40,2.55
2011.01.10 05:01:39.125,0.7556,0.75618,6.12,2.55
2011.01.10 05:01:40.451,0.7556,0.75618,2.59,2.40
2011.01.10 05:01:40.736,0.7556,0.75618,6.49,2.40
2011.01.10 05:02:11.796,0.7556,0.75618,5.97,2.40
2011.01.10 05:02:16.915,0.7556,0.75618,6.49,2.40
2011.01.10 05:02:27.101,0.7556,0.75618,2.40,2.40
2011.01.10 05:02:33.881,0.7556,0.75618,2.40,2.55
2011.01.10 05:02:35.141,0.75556,0.75612,2.93,2.70
2011.01.10 05:02:43.594,0.75556,0.75612,6.79,2.40
2011.01.10 05:02:59.897,0.75556,0.75612,2.78,2.40
2011.01.10 05:03:04.250,0.75556,0.75612,2.78,6.45
2011.01.10 05:03:04.894,0.75556,0.75612,2.78,2.40
2011.01.10 05:03:05.245,0.75552,0.75606,2.74,2.25
2011.01.10 05:03:06.103,0.75552,0.75606,6.12,2.55
2011.01.10 05:03:26.054,0.75552,0.75606,2.52,3.72
2011.01.10 05:03:26.593,0.75546,0.75601,2.59,1.47
2011.01.10 05:03:26.706,0.75537,0.75592,2.74,2.44
2011.01.10 05:03:29.137,0.75537,0.75592,2.76,2.44
2011.01.10 05:03:30.016,0.75536,0.75592,7.45,2.25
2011.01.10 05:03:30.627,0.75536,0.75592,6.51,2.63
2011.01.10 05:03:30.734,0.75536,0.75584,2.55,1.32
2011.01.10 05:03:30.955,0.75543,0.75583,1.09,2.63
2011.01.10 05:03:31.066,0.75547,0.75601,3.57,2.59
2011.01.10 05:03:31.297,0.75545,0.75598,1.09,3.34
2011.01.10 05:03:31.516,0.75547,0.75598,1.47,2.25
2011.01.10 05:03:32.033,0.75547,0.75602,1.47,2.82
2011.01.10 05:03:32.338,0.75546,0.75602,2.97,2.63
2011.01.10 05:03:33.142,0.75547,0.75602,1.58,2.78
2011.01.10 05:03:34.134,0.75547,0.75602,1.58,2.93
2011.01.10 05:03:35.122,0.75547,0.75602,1.47,2.70
2011.01.10 05:03:37.155,0.75546,0.75602,6.34,2.78
2011.01.10 05:03:37.266,0.75546,0.75599,2.59,2.52
2011.01.10 05:03:37.926,0.75542,0.75597,2.74,2.44
2011.01.10 05:03:38.755,0.75542,0.75597,2.74,2.59
2011.01.10 05:04:07.983,0.75542,0.75597,2.76,2.44
2011.01.10 05:04:08.694,0.75543,0.75597,1.30,2.59
2011.01.10 05:04:19.660,0.75542,0.75597,2.74,2.59
2011.01.10 05:04:27.886,0.75542,0.75597,1.24,6.12
2011.01.10 05:04:31.635,0.75542,0.75597,1.02,6.33
2011.01.10 05:04:32.654,0.75542,0.75597,2.37,6.49
2011.01.10 05:04:32.885,0.75542,0.75597,1.02,6.33
2011.01.10 05:04:36.010,0.7553,0.75584,2.59,1.32
2011.01.10 05:04:36.567,0.7553,0.75584,2.59,2.59
2011.01.10 05:04:37.597,0.7553,0.75584,5.97,1.39
2011.01.10 05:04:39.133,0.7553,0.75583,2.74,1.09
2011.01.10 05:04:42.099,0.7553,0.75584,6.33,1.39
2011.01.10 05:04:45.632,0.75528,0.75575,2.76,2.25
2011.01.10 05:04:45.740,0.7552,0.75575,6.08,2.82
2011.01.10 05:04:46.042,0.75522,0.75575,1.80,2.25
2011.01.10 05:04:46.148,0.75524,0.75581,2.55,6.34
2011.01.10 05:04:47.191,0.75524,0.75581,2.55,6.49
2011.01.10 05:04:48.696,0.75524,0.75581,6.08,2.97
2011.01.10 05:04:52.249,0.75524,0.75581,6.45,2.44
2011.01.10 05:04:52.359,0.7553,0.75585,6.12,2.97
2011.01.10 05:04:54.521,0.75526,0.75578,2.40,1.32
2011.01.10 05:04:56.200,0.75526,0.75578,2.74,1.47
2011.01.10 05:04:59.363,0.7553,0.75582,2.74,1.47
2011.01.10 05:04:59.469,0.75531,0.75583,2.37,1.47
2011.01.10 05:05:00.430,0.75531,0.75583,2.37,2.97
2011.01.10 05:05:04.729,0.7553,0.75578,2.74,1.32
2011.01.10 05:05:06.550,0.75526,0.75578,2.74,1.47
2011.01.10 05:05:09.070,0.75529,0.75581,6.12,1.32
2011.01.10 05:05:11.219,0.75529,0.75581,6.55,1.32
2011.01.10 05:05:11.699,0.75534,0.75582,2.40,1.09
2011.01.10 05:05:11.810,0.75535,0.75588,1.09,8.37
2011.01.10 05:05:11.920,0.75535,0.75588,1.32,3.34
2011.01.10 05:05:12.248,0.75544,0.75597,3.19,1.09
2011.01.10 05:05:12.873,0.75544,0.75598,3.19,8.22
2011.01.10 05:05:12.979,0.75544,0.75593,2.44,1.32
2011.01.10 05:05:13.810,0.7554,0.75595,2.59,2.82
2011.01.10 05:05:14.154,0.7554,0.75595,2.59,6.78
2011.01.10 05:05:15.149,0.7554,0.75595,2.74,6.78
2011.01.10 05:05:15.400,0.7554,0.75595,2.59,6.78
2011.01.10 05:05:17.107,0.75535,0.7559,2.74,6.49
2011.01.10 05:05:19.719,0.75535,0.7559,6.49,2.59
2011.01.10 05:05:19.949,0.75538,0.75593,2.93,1.09
2011.01.10 05:05:20.059,0.7554,0.75594,2.37,2.40
2011.01.10 05:05:22.110,0.75542,0.75596,2.59,1.43
2011.01.10 05:05:23.096,0.75542,0.75596,6.12,1.43
2011.01.10 05:05:26.019,0.75542,0.75597,6.12,1.09
2011.01.10 05:05:26.553,0.7554,0.75594,2.37,2.78
2011.01.10 05:05:26.661,0.75535,0.7559,6.12,2.97
2011.01.10 05:05:30.141,0.75535,0.7559,6.12,6.49
2011.01.10 05:05:32.509,0.75535,0.7559,2.97,2.52
2011.01.10 05:05:32.750,0.75541,0.75593,1.02,2.40
2011.01.10 05:05:32.969,0.75542,0.75598,2.59,8.33
2011.01.10 05:05:35.121,0.75542,0.75596,2.59,1.43
2011.01.10 05:05:36.112,0.75542,0.75596,6.12,1.43
2011.01.10 05:05:37.043,0.75542,0.75596,2.59,1.28
2011.01.10 05:05:37.431,0.75542,0.75597,6.12,1.09
2011.01.10 05:05:39.191,0.75541,0.75594,2.37,6.78
2011.01.10 05:06:03.490,0.75538,0.75592,2.40,1.47
2011.01.10 05:06:07.161,0.75535,0.7559,6.12,6.49
2011.01.10 05:06:31.238,0.75535,0.7559,6.55,2.97
2011.01.10 05:06:34.695,0.75535,0.7559,6.12,6.49
2011.01.10 05:07:14.411,0.75535,0.7559,5.85,2.70
2011.01.10 05:07:14.521,0.75535,0.75573,2.25,1.32
2011.01.10 05:07:14.629,0.7552,0.75573,2.74,1.32
2011.01.10 05:07:14.741,0.75534,0.75582,2.25,1.02
2011.01.10 05:07:15.186,0.75534,0.75588,3.19,3.15
2011.01.10 05:07:15.623,0.75535,0.75588,2.22,1.39
2011.01.10 05:07:16.302,0.75529,0.75584,6.33,1.32
2011.01.10 05:07:17.922,0.75529,0.75584,5.97,2.52
2011.01.10 05:07:18.030,0.75525,0.7558,5.85,2.82
2011.01.10 05:07:19.239,0.75525,0.7558,6.08,2.97
2011.01.10 05:07:20.550,0.75525,0.75573,2.55,1.32
2011.01.10 05:07:21.219,0.75524,0.75576,2.74,2.44
2011.01.10 05:07:21.759,0.75528,0.75577,1.30,1.32
2011.01.10 05:07:22.096,0.75524,0.75577,7.92,1.32
2011.01.10 05:07:22.319,0.75528,0.75581,2.40,2.44
2011.01.10 05:07:22.429,0.7553,0.75583,5.97,2.52
2011.01.10 05:07:23.237,0.75525,0.75579,6.33,1.32
2011.01.10 05:07:25.852,0.75525,0.75579,6.51,1.32
2011.01.10 05:07:27.180,0.75525,0.75579,6.33,2.52
2011.01.10 05:07:27.650,0.75525,0.75579,6.51,1.32
2011.01.10 05:07:31.941,0.75525,0.75579,6.33,1.39
2011.01.10 05:07:33.360,0.75525,0.75579,6.51,1.32
2011.01.10 05:07:42.549,0.75526,0.7558,3.68,2.44
2011.01.10 05:07:44.039,0.75529,0.75583,6.55,2.97
2011.01.10 05:07:46.230,0.75524,0.75578,6.27,1.32
2011.01.10 05:07:48.100,0.75524,0.75578,6.55,1.47
2011.01.10 05:07:59.040,0.75524,0.75578,6.51,1.32
2011.01.10 05:08:00.939,0.75524,0.75578,6.12,2.74
2011.01.10 05:08:01.600,0.75524,0.75578,6.12,1.47
2011.01.10 05:08:01.710,0.75528,0.75584,3.49,6.49
2011.01.10 05:08:03.145,0.75528,0.75582,8.37,1.09
2011.01.10 05:08:05.260,0.75528,0.7558,1.24,2.97
2011.01.10 05:08:07.032,0.75528,0.7558,1.09,2.97
2011.01.10 05:08:13.153,0.75528,0.7558,2.22,2.89
2011.01.10 05:08:21.770,0.75528,0.7558,1.09,2.59
2011.01.10 05:08:24.649,0.75529,0.75583,6.55,6.34
2011.01.10 05:08:24.759,0.75529,0.75583,2.52,6.45
2011.01.10 05:08:25.220,0.75529,0.75583,2.59,2.97
2011.01.10 05:08:25.949,0.75529,0.75583,6.55,6.34
2011.01.10 05:08:26.975,0.75529,0.75583,5.97,6.45
2011.01.10 05:08:27.782,0.75528,0.7558,1.09,2.89
2011.01.10 05:08:28.661,0.75528,0.7558,1.09,6.63
2011.01.10 05:08:34.306,0.75528,0.7558,2.76,2.82
2011.01.10 05:08:38.134,0.75528,0.7558,2.80,2.82
2011.01.10 05:08:43.389,0.75528,0.7558,2.37,2.97
2011.01.10 05:08:44.308,0.75528,0.7558,2.40,2.89
2011.01.10 05:08:53.180,0.75528,0.7558,2.74,2.82
2011.01.10 05:08:53.287,0.75528,0.7558,2.74,2.44
2011.01.10 05:08:55.099,0.75528,0.75584,8.39,2.89
2011.01.10 05:08:55.639,0.75528,0.75584,8.37,2.97
2011.01.10 05:08:57.189,0.75528,0.75584,8.80,2.97
2011.01.10 05:08:58.261,0.75522,0.75576,6.51,2.82
2011.01.10 05:08:59.727,0.75529,0.75581,2.40,1.32
2011.01.10 05:08:59.837,0.75529,0.75583,2.59,2.89
2011.01.10 05:09:00.479,0.75533,0.75584,2.25,2.59
2011.01.10 05:09:00.710,0.75529,0.75583,6.12,6.34
2011.01.10 05:09:00.931,0.75532,0.75584,2.59,1.09
2011.01.10 05:09:02.469,0.75528,0.75584,8.37,8.37
2011.01.10 05:09:04.557,0.7553,0.75584,1.43,3.34
2011.01.10 05:09:07.028,0.75533,0.75584,2.48,1.02
2011.01.10 05:09:07.420,0.75533,0.75584,2.33,1.02
2011.01.10 05:09:07.528,0.75533,0.75582,2.33,1.02
2011.01.10 05:09:08.002,0.75533,0.75586,2.33,1.02
2011.01.10 05:09:08.109,0.75532,0.75583,1.02,2.78
2011.01.10 05:09:08.217,0.75529,0.75583,2.52,2.97
2011.01.10 05:09:09.430,0.75529,0.75578,2.33,1.02
2011.01.10 05:09:09.757,0.75529,0.75577,1.02,2.25
2011.01.10 05:09:09.866,0.75529,0.75583,3.27,2.89
2011.01.10 05:09:09.978,0.75529,0.75583,3.27,6.34
2011.01.10 05:09:11.419,0.75529,0.75579,2.33,1.02
2011.01.10 05:09:11.747,0.75522,0.75576,6.49,2.82
2011.01.10 05:09:13.151,0.75522,0.75576,6.49,2.82
2011.01.10 05:09:13.258,0.75529,0.75576,1.09,2.25
2011.01.10 05:09:13.587,0.75524,0.75581,3.27,2.89
2011.01.10 05:09:14.171,0.75524,0.75581,3.49,2.97
2011.01.10 05:09:15.141,0.75524,0.75581,7.99,3.12
2011.01.10 05:09:19.540,0.75528,0.75584,3.49,3.12
2011.01.10 05:09:19.757,0.75536,0.75584,1.02,2.25
2011.01.10 05:09:19.868,0.75536,0.75592,3.27,6.27
2011.01.10 05:09:19.978,0.75536,0.75592,7.99,2.82
2011.01.10 05:09:23.069,0.75536,0.75587,2.74,2.78
2011.01.10 05:09:24.100,0.75536,0.75587,2.37,2.93
2011.01.10 05:09:28.739,0.75536,0.75587,2.22,2.70
2011.01.10 05:09:29.119,0.75533,0.75585,2.59,1.02
2011.01.10 05:09:45.198,0.75534,0.75587,1.24,2.40
2011.01.10 05:09:45.823,0.75537,0.75584,2.33,1.02
2011.01.10 05:09:46.977,0.75534,0.75583,1.02,2.33
2011.01.10 05:09:47.198,0.75536,0.75587,2.40,1.32
2011.01.10 05:09:47.307,0.75532,0.75587,2.74,1.32
2011.01.10 05:09:47.417,0.75532,0.75587,2.59,1.32
2011.01.10 05:09:47.527,0.75527,0.75582,2.74,1.32
2011.01.10 05:09:47.748,0.75534,0.75587,1.09,1.47
2011.01.10 05:09:48.489,0.75532,0.75587,3.27,2.52
2011.01.10 05:09:48.817,0.75538,0.75588,1.09,2.44
2011.01.10 05:09:50.149,0.75538,0.75591,2.74,1.32
2011.01.10 05:09:51.450,0.75536,0.75589,6.08,1.32
2011.01.10 05:09:52.060,0.75533,0.75587,6.93,2.82
2011.01.10 05:09:52.167,0.75533,0.75587,6.49,2.97
2011.01.10 05:09:57.579,0.75533,0.75587,6.49,6.72
2011.01.10 05:09:57.798,0.75528,0.75582,6.12,2.82
2011.01.10 05:09:59.176,0.75528,0.75582,6.49,6.72
2011.01.10 05:10:00.429,0.75528,0.75582,6.93,2.97
2011.01.10 05:10:16.318,0.75528,0.75582,6.70,2.82
2011.01.10 05:10:18.308,0.75528,0.75582,6.33,2.82
2011.01.10 05:10:25.228,0.75537,0.75593,2.44,6.34
2011.01.10 05:10:27.170,0.75537,0.75592,2.59,1.05
2011.01.10 05:10:28.117,0.75537,0.75593,2.74,6.68
2011.01.10 05:10:30.163,0.75537,0.75593,2.89,2.93
2011.01.10 05:10:47.557,0.75542,0.75598,2.70,6.72
2011.01.10 05:10:47.887,0.75542,0.7559,2.40,1.39
2011.01.10 05:10:53.828,0.75534,0.75588,2.55,2.97
2011.01.10 05:10:54.247,0.75535,0.75588,1.17,2.52
2011.01.10 05:10:55.448,0.75542,0.75595,2.59,1.39
2011.01.10 05:10:56.028,0.75538,0.75591,2.55,1.32
2011.01.10 05:11:34.009,0.75539,0.75592,1.39,2.25
2011.01.10 05:11:34.815,0.75543,0.75597,2.55,6.34
2011.01.10 05:12:16.412,0.75543,0.75597,2.55,6.34
2011.01.10 05:12:16.738,0.75541,0.75592,2.55,1.47
2011.01.10 05:12:17.379,0.75541,0.75592,6.08,1.47
2011.01.10 05:12:17.489,0.75545,0.75595,2.55,1.09
2011.01.10 05:12:37.404,0.75542,0.75595,2.59,1.02
2011.01.10 05:12:37.518,0.75542,0.75592,2.40,1.39
2011.01.10 05:12:38.727,0.75539,0.75594,1.62,2.59
2011.01.10 05:12:38.838,0.75543,0.75595,2.52,3.15
2011.01.10 05:12:39.945,0.75543,0.75595,2.67,1.39
2011.01.10 05:12:41.937,0.75543,0.75595,2.52,1.39
2011.01.10 05:12:42.049,0.75543,0.75591,2.33,1.32
2011.01.10 05:12:50.899,0.75538,0.75589,6.12,2.59
2011.01.10 05:12:51.431,0.75538,0.75581,2.55,1.32
2011.01.10 05:12:54.667,0.75532,0.75583,2.74,2.59
2011.01.10 05:12:54.778,0.75532,0.75583,1.24,2.59
2011.01.10 05:12:56.098,0.75533,0.75584,6.12,1.09
2011.01.10 05:13:06.682,0.75533,0.75586,6.55,1.32
2011.01.10 05:13:07.128,0.75533,0.75586,6.49,1.32
2011.01.10 05:13:07.238,0.75528,0.75577,6.45,1.32
2011.01.10 05:13:10.788,0.75525,0.75577,6.55,1.47
2011.01.10 05:13:14.306,0.75525,0.75577,6.51,1.32
2011.01.10 05:13:14.560,0.7553,0.75582,6.27,1.09
2011.01.10 05:13:15.845,0.7553,0.75582,2.74,1.09
2011.01.10 05:13:16.069,0.7553,0.75577,2.55,1.32
2011.01.10 05:14:01.213,0.75526,0.75577,1.30,1.32
2011.01.10 05:14:09.914,0.75524,0.75577,6.55,1.32
2011.01.10 05:14:17.473,0.75524,0.75581,6.08,2.78
2011.01.10 05:14:17.910,0.75524,0.75581,6.45,2.63
2011.01.10 05:14:21.656,0.75524,0.75581,6.08,2.78
2011.01.10 05:14:22.671,0.75524,0.75581,6.45,2.63
2011.01.10 05:14:23.670,0.75524,0.75581,5.85,2.70
2011.01.10 05:15:06.779,0.75527,0.75581,4.11,2.44
2011.01.10 05:15:07.289,0.75527,0.75581,3.68,2.59
2011.01.10 05:15:08.096,0.75529,0.75583,5.97,2.59
2011.01.10 05:15:08.507,0.75529,0.75577,2.40,1.39
2011.01.10 05:15:09.438,0.75526,0.75581,1.30,3.19
2011.01.10 05:15:09.548,0.75539,0.75592,3.19,1.47
2011.01.10 05:15:09.768,0.75539,0.75583,2.33,1.32
2011.01.10 05:15:10.879,0.75529,0.75586,2.55,2.97
2011.01.10 05:15:10.990,0.75529,0.75586,6.08,2.97
2011.01.10 05:15:13.026,0.75529,0.75586,2.55,6.49
2011.01.10 05:15:14.479,0.75535,0.75587,2.44,2.40
2011.01.10 05:15:15.127,0.75535,0.75587,2.59,2.74
2011.01.10 05:15:22.149,0.75535,0.75587,2.59,1.09
2011.01.10 05:15:31.094,0.75534,0.75587,2.59,3.30
2011.01.10 05:15:37.478,0.75534,0.75587,6.12,1.47
2011.01.10 05:15:38.720,0.75529,0.75584,2.55,1.15
2011.01.10 05:15:39.030,0.75529,0.75584,2.33,1.08
2011.01.10 05:15:39.168,0.75529,0.75586,2.40,6.63
2011.01.10 05:15:45.139,0.75529,0.75586,6.08,6.34
2011.01.10 05:15:47.098,0.75529,0.75586,2.33,2.89
2011.01.10 05:15:47.208,0.75529,0.75586,2.33,6.27
2011.01.10 05:15:47.429,0.75519,0.75576,2.78,2.44
2011.01.10 05:15:47.538,0.75522,0.75576,1.47,2.25
2011.01.10 05:15:48.022,0.7553,0.75585,2.25,6.34
2011.01.10 05:15:48.129,0.7553,0.75585,2.33,2.89
2011.01.10 05:15:49.097,0.7553,0.75585,2.55,2.97
2011.01.10 05:15:49.419,0.7553,0.75583,2.55,1.47
2011.01.10 05:15:56.379,0.75524,0.75581,2.40,2.97
2011.01.10 05:15:57.671,0.75524,0.75581,5.85,2.89
2011.01.10 05:16:03.541,0.75524,0.75581,2.40,6.34
2011.01.10 05:16:06.718,0.75524,0.75581,6.08,2.97
2011.01.10 05:16:07.401,0.75524,0.75581,2.55,3.12
2011.01.10 05:16:11.190,0.75524,0.75581,6.08,2.97
2011.01.10 05:16:11.605,0.75524,0.75581,2.55,2.97
2011.01.10 05:16:11.829,0.75528,0.75582,6.15,1.39
2011.01.10 05:16:12.468,0.75533,0.75583,2.40,1.09
2011.01.10 05:16:14.029,0.75527,0.75582,2.74,1.32
2011.01.10 05:16:14.659,0.75532,0.75584,2.59,1.09
2011.01.10 05:16:15.384,0.75532,0.75584,5.97,1.02
2011.01.10 05:16:17.120,0.75532,0.75584,6.49,1.09
2011.01.10 05:16:18.182,0.75533,0.75586,1.30,1.32
2011.01.10 05:16:18.489,0.75532,0.75581,6.45,1.32
2011.01.10 05:16:18.819,0.75528,0.75581,3.18,3.57
2011.01.10 05:16:24.200,0.75525,0.75579,1.30,1.32
2011.01.10 05:16:43.239,0.75527,0.75581,3.68,2.44
2011.01.10 05:16:43.459,0.75529,0.75582,6.08,1.32
2011.01.10 05:16:44.830,0.75525,0.75579,6.33,1.39
2011.01.10 05:16:52.249,0.75529,0.75579,2.40,1.09
2011.01.10 05:16:52.798,0.75525,0.75579,6.33,1.32
2011.01.10 05:17:06.200,0.75521,0.75575,2.76,2.82
2011.01.10 05:17:06.529,0.75524,0.75575,1.09,2.44
2011.01.10 05:17:08.151,0.75524,0.75578,8.37,1.47
2011.01.10 05:17:45.978,0.75525,0.75578,1.43,1.09
2011.01.10 05:17:46.531,0.75533,0.75585,2.33,1.02
2011.01.10 05:17:50.100,0.75533,0.75585,2.70,1.09
2011.01.10 05:18:09.625,0.75533,0.75585,2.40,1.02
2011.01.10 05:18:13.456,0.75528,0.75582,2.67,1.39
2011.01.10 05:18:13.570,0.75524,0.75581,3.34,2.89
2011.01.10 05:18:15.130,0.75524,0.75581,7.92,2.82
2011.01.10 05:18:17.361,0.75532,0.75586,2.59,3.30
2011.01.10 05:18:17.495,0.75532,0.75586,2.59,1.39
2011.01.10 05:18:21.135,0.75532,0.75586,6.55,1.47
2011.01.10 05:18:57.729,0.75532,0.75579,6.08,1.32
2011.01.10 05:18:58.597,0.75524,0.75579,6.12,1.47
2011.01.10 05:18:59.143,0.75524,0.75579,6.33,1.32
2011.01.10 05:19:00.092,0.75524,0.75579,6.55,1.32
2011.01.10 05:19:05.619,0.75524,0.75578,6.12,1.09
2011.01.10 05:19:07.403,0.75524,0.75579,6.12,2.59
2011.01.10 05:19:09.160,0.75525,0.75578,2.74,1.43
2011.01.10 05:19:11.219,0.75525,0.75579,6.55,1.47
2011.01.10 05:19:26.670,0.75525,0.75579,6.51,1.32
2011.01.10 05:19:37.743,0.75525,0.75579,6.55,2.59
2011.01.10 05:19:38.019,0.75525,0.75579,6.93,1.32
2011.01.10 05:19:49.253,0.75525,0.75579,6.33,1.39
2011.01.10 05:19:58.061,0.75525,0.7558,5.85,2.70
2011.01.10 05:20:03.248,0.75525,0.7558,7.02,2.25
2011.01.10 05:20:03.724,0.75528,0.75584,2.55,2.78
2011.01.10 05:20:05.564,0.75528,0.75584,6.45,2.78
2011.01.10 05:20:05.930,0.75528,0.75584,2.55,2.78
2011.01.10 05:20:06.038,0.75521,0.75577,6.45,2.63
2011.01.10 05:20:06.163,0.75522,0.75577,1.77,2.63
2011.01.10 05:20:07.440,0.75525,0.75581,1.39,2.25
2011.01.10 05:20:07.678,0.75529,0.75583,2.55,2.78
2011.01.10 05:20:08.949,0.75526,0.75581,1.39,2.63
2011.01.10 05:20:09.278,0.75528,0.75584,2.55,2.78
2011.01.10 05:20:10.400,0.75526,0.7558,1.39,2.25
2011.01.10 05:20:10.728,0.75529,0.75583,2.55,2.78
2011.01.10 05:20:11.309,0.75528,0.75584,2.55,2.78
2011.01.10 05:20:14.452,0.75528,0.75584,6.45,2.78
2011.01.10 05:21:15.830,0.75528,0.75584,2.25,2.63
2011.01.10 05:21:24.239,0.75528,0.75584,6.08,2.78
2011.01.10 05:21:24.403,0.75528,0.75584,2.40,6.15
2011.01.10 05:21:24.991,0.75533,0.75586,2.55,1.47
2011.01.10 05:21:26.123,0.75533,0.75586,2.40,1.47
2011.01.10 05:21:26.995,0.75533,0.75586,2.55,1.47
2011.01.10 05:21:28.164,0.75533,0.75586,2.55,1.47
2011.01.10 05:21:33.461,0.75533,0.75586,2.40,1.47
2011.01.10 05:21:33.614,0.75533,0.75586,2.55,1.47
2011.01.10 05:21:34.961,0.75529,0.75583,5.97,2.89
2011.01.10 05:21:36.087,0.75529,0.75583,6.12,3.12
2011.01.10 05:21:53.953,0.75529,0.75583,6.55,2.97
2011.01.10 05:21:59.331,0.75529,0.75582,6.08,1.47
2011.01.10 05:22:41.691,0.75529,0.75582,2.55,1.47
2011.01.10 05:22:42.531,0.75529,0.75583,8.85,2.44
2011.01.10 05:22:44.160,0.75533,0.75586,1.30,1.32
2011.01.10 05:22:44.490,0.75529,0.75584,2.40,2.82
2011.01.10 05:22:45.079,0.75528,0.75582,6.33,1.32
2011.01.10 05:22:46.760,0.75532,0.75586,2.89,1.32
2011.01.10 05:22:47.143,0.75532,0.75586,6.93,1.32
2011.01.10 05:22:47.736,0.75532,0.75586,6.45,1.32
2011.01.10 05:22:47.841,0.75528,0.75582,6.55,1.32
2011.01.10 05:22:49.160,0.75528,0.75582,6.93,1.47
2011.01.10 05:22:51.060,0.75532,0.75588,6.49,6.34
2011.01.10 05:22:51.720,0.75531,0.75583,2.74,2.25
2011.01.10 05:22:52.417,0.75529,0.75583,6.33,6.27
2011.01.10 05:23:15.950,0.75529,0.75583,6.04,2.82
2011.01.10 05:23:16.060,0.75533,0.75583,1.09,2.25
2011.01.10 05:23:16.169,0.75533,0.75589,3.34,8.14
2011.01.10 05:23:16.931,0.75533,0.75589,8.39,8.14
2011.01.10 05:23:48.031,0.7554,0.75589,1.32,2.33
2011.01.10 05:23:48.250,0.75544,0.75591,2.33,1.32
2011.01.10 05:23:50.142,0.75539,0.7559,6.12,1.09
2011.01.10 05:23:52.898,0.75539,0.7559,2.59,2.37
2011.01.10 05:23:53.512,0.75543,0.75595,2.40,3.30
2011.01.10 05:23:55.262,0.75543,0.75595,2.55,3.30
2011.01.10 05:23:58.853,0.75538,0.75593,1.09,6.72
2011.01.10 05:23:58.960,0.75538,0.75593,2.74,6.34
2011.01.10 05:23:59.290,0.75537,0.7559,6.27,1.32
2011.01.10 05:24:00.161,0.75537,0.7559,6.49,1.47
2011.01.10 05:24:01.102,0.75533,0.75586,6.49,1.32
2011.01.10 05:24:01.210,0.75535,0.75587,2.37,2.59
2011.01.10 05:24:03.171,0.75543,0.75595,2.74,1.09
2011.01.10 05:24:03.741,0.75543,0.75595,6.15,1.02
2011.01.10 05:24:03.908,0.75543,0.75595,2.74,1.09
2011.01.10 05:24:04.020,0.75538,0.75591,2.89,1.32
2011.01.10 05:24:05.970,0.75533,0.75587,2.67,1.39
2011.01.10 05:24:17.814,0.75533,0.75586,2.59,1.32
2011.01.10 05:24:19.582,0.7553,0.75585,6.27,2.97
2011.01.10 05:24:22.682,0.75534,0.75586,6.08,1.32
2011.01.10 05:24:26.442,0.75534,0.75586,2.55,1.47
2011.01.10 05:24:26.694,0.75534,0.75586,6.08,1.32
2011.01.10 05:24:28.922,0.75534,0.75586,2.55,1.47
2011.01.10 05:24:30.121,0.7553,0.75585,6.04,2.82
2011.01.10 05:24:30.789,0.7553,0.75585,2.74,2.97
2011.01.10 05:24:31.825,0.75534,0.75586,2.40,1.09
2011.01.10 05:24:34.321,0.75534,0.75586,2.55,1.09
2011.01.10 05:24:35.340,0.75538,0.7559,3.34,1.09
2011.01.10 05:24:36.338,0.75538,0.7559,7.99,1.09
2011.01.10 05:24:52.041,0.75538,0.7559,3.34,2.37
2011.01.10 05:25:09.893,0.75538,0.7559,7.99,1.09
2011.01.10 05:25:12.081,0.75538,0.7559,3.27,2.22
2011.01.10 05:25:12.192,0.75538,0.7559,8.03,1.02
2011.01.10 05:25:13.120,0.75538,0.7559,3.34,2.22
2011.01.10 05:25:55.420,0.75538,0.75594,2.48,2.78
2011.01.10 05:26:00.323,0.75538,0.75594,2.55,6.45
2011.01.10 05:26:00.711,0.75538,0.75594,2.40,6.15
2011.01.10 05:26:29.911,0.75538,0.75594,3.34,8.22
2011.01.10 05:26:30.512,0.75548,0.75603,2.44,1.05
2011.01.10 05:26:31.131,0.75543,0.75599,3.19,6.34
2011.01.10 05:26:31.240,0.75543,0.75598,2.44,1.19
2011.01.10 05:26:33.104,0.75543,0.75596,2.44,1.39
2011.01.10 05:26:35.042,0.75543,0.75598,2.59,1.53
2011.01.10 05:26:35.380,0.75543,0.75598,2.44,1.19
2011.01.10 05:26:37.250,0.7554,0.75595,2.59,6.45
2011.01.10 05:26:39.899,0.7554,0.75595,6.12,2.93
2011.01.10 05:26:40.153,0.7554,0.75595,2.59,2.93
2011.01.10 05:26:40.940,0.75544,0.75598,2.25,1.53
2011.01.10 05:26:42.122,0.75544,0.756,2.40,6.49
2011.01.10 05:26:43.318,0.75539,0.75595,6.12,2.74
2011.01.10 05:27:02.411,0.75541,0.75596,1.28,2.70
2011.01.10 05:27:04.220,0.75544,0.75598,2.55,6.30
2011.01.10 05:27:10.375,0.75544,0.75598,2.40,2.93
2011.01.10 05:27:32.163,0.75544,0.75598,2.40,6.45
2011.01.10 05:27:54.702,0.75544,0.75598,2.55,2.93
2011.01.10 05:27:54.854,0.75544,0.75598,2.40,6.68
2011.01.10 05:28:01.490,0.75544,0.75598,2.59,2.55
2011.01.10 05:28:02.311,0.75548,0.75602,2.25,6.30
2011.01.10 05:28:03.133,0.75548,0.75602,2.40,6.30
2011.01.10 05:28:03.241,0.75548,0.75602,2.25,6.30
2011.01.10 05:28:04.109,0.75544,0.75598,2.59,2.93
2011.01.10 05:28:05.121,0.75544,0.75598,2.59,6.68
2011.01.10 05:28:13.836,0.75544,0.75597,2.25,1.39
2011.01.10 05:28:18.422,0.75544,0.75598,2.33,6.34
2011.01.10 05:28:23.392,0.75548,0.75602,2.25,6.34
2011.01.10 05:28:24.125,0.75548,0.756,2.25,1.86
2011.01.10 05:28:29.343,0.75548,0.75602,2.40,6.49
2011.01.10 05:28:31.760,0.75542,0.75598,2.59,2.78
2011.01.10 05:28:33.444,0.75542,0.75598,2.74,6.68
2011.01.10 05:29:15.885,0.75542,0.75595,2.52,1.64
2011.01.10 05:29:17.954,0.75542,0.75598,2.59,6.53
2011.01.10 05:29:18.061,0.75542,0.75595,2.52,1.64
2011.01.10 05:29:19.470,0.75538,0.7559,3.19,1.17
2011.01.10 05:29:19.800,0.75538,0.75592,3.27,6.34
2011.01.10 05:29:19.912,0.75538,0.75587,1.02,2.33
2011.01.10 05:29:20.493,0.75539,0.75592,1.09,2.78
2011.01.10 05:29:20.925,0.7554,0.75596,2.52,6.34
2011.01.10 05:29:24.119,0.7554,0.75596,2.74,6.49
2011.01.10 05:29:27.421,0.75545,0.75599,2.44,1.30
2011.01.10 05:29:35.958,0.75545,0.75601,5.97,6.34
2011.01.10 05:29:45.185,0.75545,0.75598,2.52,1.17
2011.01.10 05:29:45.682,0.75545,0.75601,2.59,6.63
2011.01.10 05:30:47.011,0.75545,0.75601,2.25,2.82
2011.01.10 05:30:55.688,0.75545,0.75601,2.33,6.70
2011.01.10 05:30:59.119,0.75545,0.75598,2.25,1.77
2011.01.10 05:30:59.384,0.7554,0.75596,6.34,6.08
2011.01.10 05:30:59.492,0.7554,0.75596,2.59,6.30
2011.01.10 05:30:59.918,0.75548,0.75598,2.25,1.05
2011.01.10 05:31:00.035,0.75552,0.75606,2.25,1.43
2011.01.10 05:31:00.471,0.75552,0.75606,2.25,1.86
2011.01.10 05:31:01.112,0.75552,0.75605,2.25,1.30
2011.01.10 05:31:02.221,0.75552,0.75606,2.25,1.86
2011.01.10 05:31:02.772,0.75552,0.75606,2.33,1.28
2011.01.10 05:31:03.642,0.75548,0.75602,2.59,2.78
2011.01.10 05:31:04.596,0.75552,0.75606,2.25,1.86
2011.01.10 05:31:05.176,0.75552,0.75606,2.40,1.43
2011.01.10 05:31:05.281,0.75552,0.75606,2.25,1.86
2011.01.10 05:31:05.392,0.75552,0.75606,2.40,3.30
2011.01.10 05:31:06.045,0.75543,0.756,6.63,2.82
2011.01.10 05:31:06.152,0.75547,0.75603,2.33,6.34
2011.01.10 05:31:06.722,0.75547,0.75603,2.40,6.87
2011.01.10 05:31:07.655,0.75547,0.756,2.40,1.15
2011.01.10 05:31:09.278,0.75543,0.75598,2.59,1.05
2011.01.10 05:31:09.391,0.75543,0.756,2.59,6.63
2011.01.10 05:31:11.131,0.7554,0.75596,8.03,2.82
2011.01.10 05:31:12.165,0.7554,0.75596,8.37,6.34
2011.01.10 05:31:13.565,0.7554,0.75596,8.37,6.34
2011.01.10 05:31:13.781,0.75535,0.75591,3.34,6.49
2011.01.10 05:31:13.890,0.75535,0.75591,7.99,2.97
2011.01.10 05:31:14.110,0.75541,0.75595,2.59,6.49
2011.01.10 05:31:14.434,0.75541,0.75595,6.12,6.34
2011.01.10 05:31:15.092,0.75541,0.75595,6.49,6.34
2011.01.10 05:31:15.615,0.75541,0.75595,2.59,6.49
2011.01.10 05:31:15.721,0.75541,0.75591,2.59,1.47
2011.01.10 05:31:15.940,0.75538,0.7559,1.09,3.12
2011.01.10 05:31:16.662,0.75538,0.7559,1.09,6.49
2011.01.10 05:31:17.174,0.75538,0.7559,1.24,2.97
2011.01.10 05:31:19.160,0.75538,0.7559,1.24,2.97
2011.01.10 05:31:19.272,0.75543,0.7559,1.09,2.40
2011.01.10 05:31:19.491,0.75543,0.75595,1.09,2.97
2011.01.10 05:31:20.804,0.75543,0.75596,3.34,1.39
2011.01.10 05:31:22.131,0.75543,0.75596,3.27,3.15
2011.01.10 05:31:23.157,0.75543,0.75596,8.37,1.32
2011.01.10 05:31:23.270,0.75549,0.756,1.09,2.97
2011.01.10 05:31:23.794,0.75553,0.75604,1.09,1.15
2011.01.10 05:31:23.905,0.75553,0.75608,1.02,8.33
2011.01.10 05:31:24.011,0.75552,0.75608,2.52,6.15
2011.01.10 05:31:24.901,0.75552,0.75606,2.44,1.39
2011.01.10 05:31:26.125,0.75552,0.75608,2.44,6.68
2011.01.10 05:31:26.230,0.75552,0.75604,2.25,1.15
2011.01.10 05:31:26.340,0.75548,0.75602,2.25,2.78
2011.01.10 05:31:27.103,0.75544,0.75599,2.97,2.40
2011.01.10 05:31:27.721,0.75548,0.75602,2.25,2.78
2011.01.10 05:31:28.147,0.75548,0.75602,2.33,6.34
2011.01.10 05:31:33.122,0.75544,0.75599,2.59,6.45
2011.01.10 05:31:33.913,0.75544,0.75599,6.12,2.93
2011.01.10 05:31:35.098,0.75544,0.75599,2.59,2.93
2011.01.10 05:31:37.112,0.75543,0.75597,3.49,1.05
2011.01.10 05:31:38.818,0.75543,0.756,3.27,2.89
2011.01.10 05:31:38.930,0.75543,0.756,3.64,2.52
2011.01.10 05:31:39.041,0.75545,0.756,1.32,2.40
2011.01.10 05:31:39.476,0.75554,0.75609,2.25,6.08
2011.01.10 05:31:39.581,0.75549,0.75604,2.52,2.70
2011.01.10 05:31:40.090,0.75549,0.75604,2.44,2.70
2011.01.10 05:31:41.148,0.75549,0.75604,2.44,2.70
2011.01.10 05:31:41.483,0.75545,0.75601,2.40,2.40
2011.01.10 05:31:41.590,0.75549,0.75607,2.44,2.70
2011.01.10 05:31:42.190,0.75549,0.75607,2.52,2.40
2011.01.10 05:31:43.981,0.75549,0.75607,2.52,5.85
2011.01.10 05:31:45.133,0.75549,0.75607,2.44,5.85
2011.01.10 05:31:45.350,0.75545,0.75601,2.33,2.78
2011.01.10 05:31:48.341,0.75545,0.75598,2.40,1.39
2011.01.10 05:31:49.902,0.75545,0.75601,2.40,2.63
2011.01.10 05:31:50.011,0.75551,0.75601,1.39,2.25
2011.01.10 05:31:50.231,0.75545,0.75596,2.40,1.32
2011.01.10 05:31:50.451,0.75546,0.756,2.59,2.97
2011.01.10 05:31:50.560,0.75546,0.756,2.52,2.97
2011.01.10 05:31:51.241,0.75555,0.75611,2.44,6.34
2011.01.10 05:31:51.571,0.75541,0.75595,6.12,2.82
2011.01.10 05:31:52.311,0.75546,0.75599,2.59,1.15
2011.01.10 05:31:53.093,0.75546,0.75598,2.59,1.39
2011.01.10 05:31:54.349,0.75546,0.756,6.12,2.82
2011.01.10 05:31:54.460,0.75556,0.75602,2.25,1.09
2011.01.10 05:31:54.570,0.75556,0.7561,3.19,6.45
2011.01.10 05:31:54.680,0.75556,0.75607,3.19,1.80
2011.01.10 05:31:54.901,0.75547,0.75595,1.09,2.63
2011.01.10 05:31:55.807,0.75549,0.756,2.44,2.22
2011.01.10 05:31:55.923,0.75549,0.75604,2.44,6.30
2011.01.10 05:31:56.724,0.75549,0.75602,2.44,1.17
2011.01.10 05:31:57.347,0.75549,0.75603,2.44,1.05
2011.01.10 05:31:57.919,0.75549,0.75602,2.44,1.39
2011.01.10 05:32:00.250,0.75549,0.75603,2.59,1.05
2011.01.10 05:32:01.132,0.75549,0.75602,2.44,1.77
2011.01.10 05:32:01.460,0.75545,0.75601,3.27,6.15
2011.01.10 05:32:01.727,0.75545,0.75601,3.19,6.45
2011.01.10 05:32:13.161,0.75548,0.75601,2.44,1.39
2011.01.10 05:32:13.491,0.75546,0.75599,1.32,6.08
2011.01.10 05:32:25.174,0.75549,0.75603,2.52,1.19
2011.01.10 05:32:30.341,0.75549,0.75601,2.44,1.17
2011.01.10 05:32:31.671,0.75549,0.75604,2.82,6.12
2011.01.10 05:32:31.782,0.75549,0.75604,2.82,2.55
2011.01.10 05:32:32.144,0.75557,0.7561,2.44,1.17
2011.01.10 05:32:35.713,0.75552,0.75598,2.25,2.22
2011.01.10 05:32:35.931,0.75532,0.75596,3.19,2.74
2011.01.10 05:32:37.118,0.75537,0.75591,2.44,6.30
2011.01.10 05:32:38.132,0.75537,0.75589,2.44,1.39
2011.01.10 05:32:38.364,0.75537,0.75591,2.44,6.15
2011.01.10 05:32:38.692,0.75531,0.75587,2.44,2.55
2011.01.10 05:32:39.223,0.75536,0.75589,2.44,1.39
2011.01.10 05:32:39.670,0.75536,0.75592,2.59,6.30
2011.01.10 05:32:41.459,0.75536,0.75592,2.74,6.30
2011.01.10 05:32:41.933,0.75536,0.75589,2.59,1.39
2011.01.10 05:32:52.051,0.75536,0.75592,3.57,2.55
2011.01.10 05:32:53.411,0.75539,0.75597,2.44,1.05
2011.01.10 05:33:03.859,0.75539,0.75594,2.44,1.77
2011.01.10 05:33:03.972,0.75539,0.75587,2.25,1.05
2011.01.10 05:33:04.083,0.75532,0.75587,2.25,1.05
2011.01.10 05:33:05.653,0.75522,0.75582,1.09,6.08
2011.01.10 05:33:05.764,0.75528,0.75583,2.25,6.08
2011.01.10 05:33:06.194,0.75528,0.75583,2.25,6.04
2011.01.10 05:33:06.854,0.75528,0.75583,2.25,6.08
2011.01.10 05:33:06.968,0.75539,0.75595,2.25,6.08
2011.01.10 05:33:09.541,0.75539,0.75595,2.25,6.04
2011.01.10 05:33:09.650,0.75535,0.75591,2.44,5.85
2011.01.10 05:33:09.761,0.75535,0.75591,2.52,2.40
2011.01.10 05:33:11.078,0.75535,0.75591,2.44,5.85
2011.01.10 05:33:11.301,0.75525,0.75581,2.25,2.78
2011.01.10 05:33:11.971,0.75525,0.75581,2.59,2.82
2011.01.10 05:33:13.342,0.75525,0.75579,2.59,1.15
2011.01.10 05:33:13.831,0.75525,0.75581,2.59,6.63
2011.01.10 05:33:14.865,0.75525,0.75578,2.59,1.39
2011.01.10 05:33:15.926,0.75525,0.75579,2.59,1.30
2011.01.10 05:33:16.156,0.75525,0.75581,5.97,6.34
2011.01.10 05:33:16.635,0.75525,0.75579,2.59,1.30
2011.01.10 05:33:17.521,0.75525,0.75581,5.97,6.34
2011.01.10 05:33:17.864,0.75525,0.75578,2.59,1.39
2011.01.10 05:33:19.443,0.75525,0.75581,6.12,6.49
2011.01.10 05:33:19.982,0.75525,0.75578,2.59,1.39
2011.01.10 05:33:21.930,0.75525,0.75581,6.12,6.49
2011.01.10 05:33:22.347,0.75525,0.75579,2.52,1.08
2011.01.10 05:33:24.992,0.75526,0.75581,1.32,7.02
2011.01.10 05:33:26.132,0.75529,0.75581,2.44,1.17
2011.01.10 05:33:28.422,0.75526,0.75579,3.19,1.17
2011.01.10 05:33:29.127,0.75527,0.75579,1.09,1.39
2011.01.10 05:33:29.780,0.75528,0.7558,1.02,2.40
2011.01.10 05:33:30.343,0.75528,0.75581,1.09,2.78
2011.01.10 05:33:31.121,0.75528,0.75581,1.24,6.30
2011.01.10 05:33:31.635,0.75528,0.75579,1.02,1.17
2011.01.10 05:33:31.936,0.75528,0.75581,1.02,6.15
2011.01.10 05:33:33.243,0.75528,0.75581,1.24,6.30
2011.01.10 05:33:33.772,0.75529,0.75582,2.44,1.19
2011.01.10 05:33:33.934,0.75529,0.75583,2.44,1.09
2011.01.10 05:33:34.041,0.75533,0.75585,1.32,2.55
2011.01.10 05:33:34.263,0.75536,0.75587,2.25,2.74
2011.01.10 05:33:34.374,0.7553,0.75585,1.09,2.74
2011.01.10 05:33:34.484,0.7553,0.75585,1.09,2.59
2011.01.10 05:33:35.196,0.7553,0.75584,3.27,6.34
2011.01.10 05:33:35.793,0.7553,0.75584,3.19,6.63
2011.01.10 05:33:36.817,0.75533,0.75582,2.44,1.05
2011.01.10 05:33:36.923,0.75533,0.75585,2.59,1.43
2011.01.10 05:33:38.686,0.7553,0.75585,1.09,2.97
2011.01.10 05:33:38.793,0.75533,0.75585,1.32,2.40
2011.01.10 05:33:39.331,0.75536,0.75587,3.19,1.05
2011.01.10 05:33:39.446,0.75534,0.75588,2.25,8.33
2011.01.10 05:33:39.554,0.75537,0.75588,1.09,2.55
2011.01.10 05:33:40.199,0.75537,0.7559,3.34,1.43
2011.01.10 05:33:41.454,0.75537,0.75589,3.34,1.15
2011.01.10 05:33:41.562,0.75529,0.75585,7.99,6.34
2011.01.10 05:33:41.835,0.75529,0.75585,3.34,2.97
2011.01.10 05:33:41.943,0.75529,0.75585,3.34,6.34
2011.01.10 05:33:43.090,0.75527,0.7558,1.09,2.78
2011.01.10 05:33:44.069,0.75527,0.7558,1.09,6.30
2011.01.10 05:33:45.588,0.75528,0.75579,1.02,1.17
2011.01.10 05:33:47.192,0.75529,0.7558,1.02,6.15
2011.01.10 05:34:01.253,0.75531,0.75584,2.44,1.86
2011.01.10 05:34:01.999,0.75527,0.7558,1.09,3.87
2011.01.10 05:34:02.117,0.7553,0.75583,3.19,1.53
2011.01.10 05:34:02.225,0.7553,0.75584,3.19,2.74
2011.01.10 05:34:02.334,0.75532,0.75588,3.19,1.53
2011.01.10 05:34:02.443,0.75529,0.75585,3.19,2.78
2011.01.10 05:34:02.584,0.75529,0.75585,2.44,6.34
2011.01.10 05:34:04.176,0.75529,0.75584,2.59,1.15
2011.01.10 05:34:07.111,0.75529,0.75582,2.59,1.05
2011.01.10 05:34:25.443,0.75529,0.75585,2.44,6.63
2011.01.10 05:34:27.491,0.75529,0.75585,2.52,6.63
2011.01.10 05:34:29.134,0.75529,0.75582,2.59,1.05
2011.01.10 05:34:31.135,0.75529,0.75584,6.12,1.15
2011.01.10 05:34:32.683,0.75529,0.75584,2.52,1.19
2011.01.10 05:34:33.755,0.75534,0.75585,1.32,2.40
2011.01.10 05:34:33.974,0.75537,0.75592,3.27,6.34
2011.01.10 05:34:37.156,0.75537,0.75592,3.49,6.49
2011.01.10 05:34:38.145,0.75537,0.75589,3.34,1.86
2011.01.10 05:34:46.983,0.75537,0.75589,3.34,1.15
2011.01.10 05:34:49.164,0.75537,0.75588,1.09,6.68
2011.01.10 05:34:56.738,0.75534,0.75586,3.19,1.39
2011.01.10 05:34:56.856,0.75537,0.75587,1.09,1.05
2011.01.10 05:34:56.963,0.75537,0.75588,1.24,2.93
2011.01.10 05:34:57.074,0.75537,0.75588,1.02,6.34
2011.01.10 05:34:57.922,0.7553,0.75585,1.02,6.63
2011.01.10 05:35:01.220,0.7553,0.75583,1.09,1.53
2011.01.10 05:35:29.935,0.7553,0.75583,2.37,1.15
2011.01.10 05:35:59.596,0.75529,0.75585,2.33,6.34
2011.01.10 05:36:00.303,0.75529,0.75585,2.55,6.30
2011.01.10 05:36:05.389,0.75529,0.75585,2.33,6.34
2011.01.10 05:36:29.813,0.75529,0.75578,2.25,1.09
2011.01.10 05:36:29.924,0.75522,0.75576,2.74,2.82
2011.01.10 05:36:30.034,0.75534,0.75588,3.19,6.87
2011.01.10 05:36:32.147,0.75529,0.75583,3.19,1.05
2011.01.10 05:36:33.135,0.75529,0.75585,3.19,6.23
2011.01.10 05:36:33.244,0.75529,0.75578,2.25,2.97
2011.01.10 05:36:33.462,0.75522,0.75577,1.09,6.34
2011.01.10 05:36:33.684,0.75522,0.75575,1.02,1.28
2011.01.10 05:36:35.115,0.75522,0.75577,2.22,6.45
2011.01.10 05:36:37.094,0.75522,0.75575,1.24,1.43
2011.01.10 05:36:37.422,0.7553,0.75583,3.19,1.53
2011.01.10 05:36:40.585,0.7553,0.75584,3.19,2.78
2011.01.10 05:36:50.924,0.75538,0.75596,2.40,6.08
2011.01.10 05:37:29.412,0.75544,0.75597,2.25,1.77
2011.01.10 05:37:39.934,0.75544,0.756,2.40,2.93
2011.01.10 05:37:40.265,0.75549,0.75598,2.25,1.05
2011.01.10 05:37:40.373,0.75544,0.75598,2.25,1.05
2011.01.10 05:37:40.483,0.75544,0.756,2.40,2.55
2011.01.10 05:37:41.014,0.75548,0.75606,2.25,6.55
2011.01.10 05:37:41.233,0.75548,0.75606,2.82,5.85
2011.01.10 05:37:43.116,0.75554,0.75607,2.25,1.77
2011.01.10 05:38:09.957,0.75554,0.75607,2.25,2.14
2011.01.10 05:38:14.504,0.75554,0.75603,2.25,1.53
2011.01.10 05:38:14.612,0.75546,0.75602,2.25,6.30
2011.01.10 05:38:22.389,0.75554,0.75606,2.25,1.39
2011.01.10 05:38:23.422,0.75554,0.75606,2.25,1.77
2011.01.10 05:38:23.640,0.75554,0.75606,2.25,1.17
2011.01.10 05:38:23.863,0.7555,0.75603,2.25,1.08
2011.01.10 05:38:26.167,0.7555,0.75602,2.25,1.77
2011.01.10 05:38:30.091,0.7555,0.75602,2.25,1.77
2011.01.10 05:38:30.540,0.7555,0.75602,2.25,1.39
2011.01.10 05:38:31.432,0.7555,0.75602,2.25,2.14
2011.01.10 05:38:32.528,0.75555,0.75606,2.25,1.35
2011.01.10 05:38:34.178,0.75555,0.75606,2.25,1.77
2011.01.10 05:38:54.555,0.75539,0.75601,2.44,2.80
2011.01.10 05:38:55.155,0.75544,0.756,2.25,6.34
2011.01.10 05:38:56.111,0.75544,0.75598,2.25,1.30
2011.01.10 05:38:57.101,0.75544,0.75597,2.25,1.39
2011.01.10 05:39:17.234,0.75544,0.75597,2.25,1.19
2011.01.10 05:39:17.454,0.75541,0.75593,2.25,1.39
2011.01.10 05:39:17.784,0.75544,0.75596,2.25,1.17
2011.01.10 05:39:18.005,0.75533,0.75586,2.25,1.15
2011.01.10 05:39:18.224,0.75533,0.75588,2.78,6.12
2011.01.10 05:39:18.333,0.75537,0.75589,2.25,1.43
2011.01.10 05:39:21.084,0.75537,0.75589,2.40,1.43
2011.01.10 05:39:22.314,0.75537,0.75589,2.40,1.80
2011.01.10 05:39:29.086,0.75537,0.75589,2.25,1.47
2011.01.10 05:39:29.303,0.75533,0.75588,2.25,6.87
2011.01.10 05:39:30.300,0.75538,0.75591,2.25,2.37
2011.01.10 05:39:30.798,0.75538,0.75593,2.25,6.08
2011.01.10 05:39:33.076,0.75538,0.75593,2.25,2.70
2011.01.10 05:39:33.802,0.75538,0.75593,2.25,6.45
2011.01.10 05:39:34.147,0.75538,0.75593,2.25,2.70
2011.01.10 05:39:35.213,0.75538,0.75593,2.25,6.45
2011.01.10 05:39:56.694,0.75538,0.75593,2.25,2.70
2011.01.10 05:39:56.908,0.75538,0.75593,2.25,6.45
2011.01.10 05:40:04.345,0.75538,0.75593,2.33,5.85
2011.01.10 05:40:04.978,0.75541,0.75597,2.25,6.51
2011.01.10 05:40:05.304,0.75549,0.75605,2.25,6.23
2011.01.10 05:40:09.722,0.75549,0.75603,2.25,1.20
2011.01.10 05:40:10.604,0.7554,0.75598,2.25,6.45
2011.01.10 05:40:12.196,0.75531,0.75587,2.25,2.59
2011.01.10 05:40:12.814,0.75528,0.75583,2.33,2.33
2011.01.10 05:40:14.092,0.75528,0.75583,2.25,2.70
2011.01.10 05:40:17.335,0.75523,0.75581,2.25,2.74
2011.01.10 05:40:20.136,0.75523,0.75581,2.40,6.55
2011.01.10 05:40:29.394,0.75523,0.75581,2.40,2.74
2011.01.10 05:40:29.613,0.7553,0.75583,2.25,1.19
2011.01.10 05:40:31.135,0.7553,0.75583,2.40,1.53
2011.01.10 05:40:42.646,0.7553,0.75584,2.78,6.27
2011.01.10 05:40:42.755,0.75536,0.75589,2.25,1.39
2011.01.10 05:40:43.929,0.75532,0.75587,2.59,1.05
2011.01.10 05:40:46.164,0.75532,0.75586,2.59,1.39
2011.01.10 05:40:53.016,0.75532,0.75588,2.33,1.19
2011.01.10 05:40:53.706,0.7553,0.75584,2.25,2.97
2011.01.10 05:40:53.924,0.75533,0.7559,2.25,2.74
2011.01.10 05:40:55.097,0.75533,0.7559,2.25,6.49
2011.01.10 05:40:56.084,0.75533,0.7559,2.33,6.04
2011.01.10 05:41:00.534,0.75538,0.75593,2.25,6.45
2011.01.10 05:41:00.905,0.75532,0.75589,2.25,6.34
2011.01.10 05:41:02.186,0.75532,0.75585,2.25,1.39
2011.01.10 05:41:03.176,0.75532,0.75585,2.40,1.39
2011.01.10 05:41:19.667,0.75532,0.75587,2.40,1.19
2011.01.10 05:41:22.201,0.75532,0.75585,2.33,1.17
2011.01.10 05:41:24.004,0.75532,0.75587,2.25,1.26
2011.01.10 05:41:24.115,0.7553,0.75584,2.25,6.23
2011.01.10 05:41:24.573,0.7553,0.75584,2.40,6.30
2011.01.10 05:41:25.974,0.7553,0.75584,2.25,6.34
2011.01.10 05:41:26.935,0.7553,0.75584,2.40,6.45
2011.01.10 05:41:27.154,0.75533,0.75588,2.33,6.81
2011.01.10 05:41:31.117,0.75533,0.75588,2.40,6.72
2011.01.10 05:41:32.788,0.75542,0.75595,2.25,1.80
2011.01.10 05:41:33.156,0.75542,0.75593,2.25,1.30
2011.01.10 05:41:34.097,0.75542,0.75592,2.25,1.30
2011.01.10 05:41:41.515,0.75542,0.7559,2.25,3.15
2011.01.10 05:41:41.624,0.75538,0.7559,2.25,3.15
2011.01.10 05:41:43.126,0.75538,0.7559,2.25,3.68
2011.01.10 05:41:45.186,0.75538,0.7559,2.33,3.15
2011.01.10 05:41:45.408,0.75538,0.7559,2.25,3.34
2011.01.10 05:41:48.105,0.75538,0.7559,2.55,3.30
2011.01.10 05:41:48.458,0.75538,0.7559,2.40,3.68
2011.01.10 05:41:56.437,0.75538,0.7559,2.40,3.30
2011.01.10 05:41:58.284,0.75538,0.7559,2.25,2.70
2011.01.10 05:41:58.804,0.75535,0.75589,2.52,6.45
2011.01.10 05:42:02.155,0.75535,0.75587,2.59,1.43
2011.01.10 05:42:02.765,0.75535,0.75582,2.25,2.59
2011.01.10 05:42:03.182,0.75526,0.75582,2.59,8.22
2011.01.10 05:42:04.137,0.75526,0.75579,2.59,1.43
2011.01.10 05:42:07.106,0.75526,0.75579,2.52,1.47
2011.01.10 05:42:09.815,0.75526,0.75582,2.59,8.74
2011.01.10 05:42:09.923,0.75527,0.75581,1.09,1.15
2011.01.10 05:42:10.255,0.75531,0.75585,2.89,7.84
2011.01.10 05:42:10.364,0.75535,0.75585,2.25,2.22
2011.01.10 05:42:12.054,0.75537,0.75591,2.44,1.43
2011.01.10 05:42:12.625,0.75537,0.75591,2.44,1.35
2011.01.10 05:42:14.137,0.75534,0.75587,2.44,1.05
2011.01.10 05:42:14.244,0.75534,0.75582,2.25,1.62
2011.01.10 05:42:14.355,0.75527,0.75581,2.40,2.97
2011.01.10 05:42:14.465,0.7553,0.75581,1.47,2.40
2011.01.10 05:42:15.824,0.75527,0.75581,2.59,3.72
2011.01.10 05:42:16.351,0.75527,0.75581,2.97,3.34
2011.01.10 05:42:16.467,0.75535,0.75586,2.25,1.28
2011.01.10 05:42:19.126,0.75535,0.75586,2.40,1.43
2011.01.10 05:42:37.054,0.75535,0.75588,2.25,1.19
2011.01.10 05:42:38.097,0.75531,0.75585,2.59,6.93
2011.01.10 05:42:47.916,0.75531,0.75585,2.59,3.12
2011.01.10 05:42:49.059,0.75535,0.75586,2.25,1.43
2011.01.10 05:42:49.165,0.75527,0.75579,2.59,3.30
2011.01.10 05:42:49.896,0.75527,0.75579,2.74,1.47
2011.01.10 05:42:50.225,0.75534,0.75583,2.25,1.43
2011.01.10 05:42:51.009,0.75531,0.75583,2.40,1.43
2011.01.10 05:42:51.294,0.75531,0.75583,2.25,1.47
2011.01.10 05:42:52.768,0.75531,0.75583,2.33,1.47
2011.01.10 05:42:55.182,0.75531,0.75585,2.55,8.37
2011.01.10 05:42:56.267,0.75531,0.75583,2.40,1.28
2011.01.10 05:42:57.486,0.75536,0.75586,2.59,1.09
2011.01.10 05:42:58.076,0.7553,0.75582,2.59,1.09
2011.01.10 05:42:58.897,0.7553,0.75582,2.59,2.37
2011.01.10 05:42:59.595,0.7553,0.75582,2.74,1.09
2011.01.10 05:43:19.210,0.7553,0.75582,6.33,1.02
2011.01.10 05:43:19.440,0.7553,0.75582,2.59,1.02
2011.01.10 05:43:22.118,0.7553,0.75583,6.04,1.39
2011.01.10 05:43:24.639,0.7553,0.75582,6.55,1.09
2011.01.10 05:43:25.169,0.7553,0.75582,2.74,1.09
2011.01.10 05:43:33.116,0.7553,0.75582,6.49,1.09
2011.01.10 05:43:33.225,0.75542,0.75586,1.32,2.25
2011.01.10 05:43:33.444,0.75546,0.75596,2.44,2.22
2011.01.10 05:43:33.765,0.75536,0.75587,6.12,1.32
2011.01.10 05:43:34.365,0.75536,0.75586,2.59,1.09
2011.01.10 05:43:36.099,0.75535,0.75587,2.59,1.47
2011.01.10 05:43:36.204,0.75535,0.75587,2.97,2.37
2011.01.10 05:43:36.315,0.75546,0.75598,2.25,1.86
2011.01.10 05:43:38.087,0.75546,0.75596,2.44,2.37
2011.01.10 05:43:39.185,0.75546,0.75596,2.59,2.37
2011.01.10 05:43:43.915,0.75546,0.75596,2.44,1.09
2011.01.10 05:43:44.025,0.75546,0.75592,2.25,1.32
2011.01.10 05:43:44.135,0.75536,0.7559,2.55,2.82
2011.01.10 05:43:44.244,0.75536,0.7559,2.33,6.34
2011.01.10 05:43:46.224,0.75536,0.75589,2.40,1.30
2011.01.10 05:43:46.896,0.75536,0.75589,2.40,1.15
2011.01.10 05:43:47.004,0.75536,0.7559,3.72,2.74
2011.01.10 05:43:48.053,0.7554,0.75592,2.59,1.80
2011.01.10 05:43:54.925,0.7554,0.75594,2.59,2.59
2011.01.10 05:43:56.005,0.75537,0.7559,2.40,2.52
2011.01.10 05:43:56.354,0.75537,0.75589,2.33,1.28
2011.01.10 05:44:00.106,0.75532,0.75586,3.49,1.43
2011.01.10 05:44:02.061,0.75532,0.75588,8.37,6.72
2011.01.10 05:44:18.280,0.75532,0.75588,3.49,6.72
2011.01.10 05:44:21.027,0.75532,0.75586,7.99,1.43
2011.01.10 05:44:22.554,0.75532,0.75588,8.03,6.45
2011.01.10 05:44:23.109,0.75532,0.75588,8.37,6.72
2011.01.10 05:44:35.700,0.75533,0.75588,1.30,6.34
2011.01.10 05:44:38.452,0.75532,0.75587,8.37,1.09
2011.01.10 05:44:39.426,0.75532,0.75588,8.39,6.27
2011.01.10 05:44:40.076,0.75532,0.75588,8.03,6.45
2011.01.10 05:44:44.732,0.75533,0.75588,1.30,6.34
2011.01.10 05:44:48.155,0.75532,0.75587,8.37,1.09
2011.01.10 05:44:51.934,0.75532,0.75588,8.39,6.27
2011.01.10 05:44:54.131,0.75532,0.75588,8.37,6.72
2011.01.10 05:44:54.246,0.75532,0.75588,8.39,6.27
2011.01.10 05:44:56.256,0.75532,0.75588,6.04,2.70
2011.01.10 05:45:00.296,0.75532,0.75588,2.70,2.93
2011.01.10 05:45:02.986,0.75532,0.75588,6.45,2.78
2011.01.10 05:45:04.945,0.75532,0.75588,2.70,2.93
2011.01.10 05:45:06.277,0.75532,0.75588,5.85,6.15
2011.01.10 05:45:11.679,0.75532,0.75588,6.45,2.78
2011.01.10 05:45:12.375,0.75532,0.75588,2.48,2.78
2011.01.10 05:45:15.691,0.75532,0.75588,6.45,2.78
2011.01.10 05:45:17.470,0.75532,0.75588,5.85,6.15
2011.01.10 05:45:23.226,0.75532,0.75588,6.04,2.70
2011.01.10 05:45:26.425,0.75532,0.75588,6.08,6.30
2011.01.10 05:45:35.006,0.75532,0.75588,6.04,2.70
2011.01.10 05:45:35.570,0.75532,0.75588,6.08,6.30
2011.01.10 05:45:41.025,0.75528,0.75581,2.48,1.32
2011.01.10 05:45:41.246,0.75529,0.75582,1.47,2.52
2011.01.10 05:45:43.127,0.75533,0.75585,2.89,1.09
2011.01.10 05:46:41.464,0.75533,0.75587,2.70,2.93
2011.01.10 05:46:45.039,0.75533,0.75587,2.25,2.63
2011.01.10 05:47:46.702,0.75538,0.75584,2.25,2.25
2011.01.10 05:48:37.473,0.75538,0.75584,2.25,2.40
2011.01.10 05:48:53.450,0.75538,0.75584,2.55,2.40
2011.01.10 05:48:54.165,0.75538,0.75584,2.55,2.78
2011.01.10 05:48:54.274,0.75538,0.75582,2.25,1.32
2011.01.10 05:48:55.267,0.75534,0.7558,2.33,2.44
2011.01.10 05:48:57.085,0.75534,0.7558,2.40,2.59
2011.01.10 05:49:01.573,0.75531,0.75575,2.33,2.25
2011.01.10 05:49:03.134,0.75531,0.75575,2.40,2.40
2011.01.10 05:49:04.503,0.75531,0.75575,2.40,3.57
2011.01.10 05:49:04.723,0.75534,0.7558,2.25,2.59
2011.01.10 05:49:05.254,0.7553,0.75576,2.40,2.25
2011.01.10 05:49:05.365,0.7553,0.75576,2.25,2.33
2011.01.10 05:49:05.803,0.75526,0.75572,2.33,2.52
2011.01.10 05:49:07.093,0.75526,0.75572,2.55,2.44
2011.01.10 05:49:08.375,0.7553,0.75576,2.40,3.19
2011.01.10 05:49:08.485,0.7553,0.75575,2.33,1.02
2011.01.10 05:49:09.670,0.7553,0.75576,2.33,2.33
2011.01.10 05:49:09.786,0.75534,0.7558,2.25,6.12
2011.01.10 05:49:12.984,0.75534,0.7558,2.25,2.59
2011.01.10 05:49:29.155,0.75534,0.7558,2.33,2.52
2011.01.10 05:49:29.873,0.75534,0.7558,2.25,2.59
2011.01.10 05:49:31.400,0.75534,0.7558,2.25,2.59
2011.01.10 05:49:31.516,0.75534,0.7558,2.63,2.59
2011.01.10 05:49:32.219,0.75528,0.75578,2.25,2.59
2011.01.10 05:49:32.330,0.75519,0.75575,2.44,1.09
2011.01.10 05:49:33.196,0.75519,0.75577,2.25,2.52
2011.01.10 05:49:33.935,0.75516,0.75572,2.40,2.25
2011.01.10 05:49:34.376,0.75525,0.75573,2.25,2.33
2011.01.10 05:49:36.113,0.75525,0.75573,2.25,2.55
2011.01.10 05:49:37.154,0.75525,0.75573,2.33,2.40
2011.01.10 05:50:06.652,0.75525,0.75573,2.40,2.40
2011.01.10 05:50:06.763,0.75533,0.75576,2.25,2.59
2011.01.10 05:50:07.205,0.75533,0.75576,2.25,2.44
2011.01.10 05:50:07.314,0.75534,0.75584,2.25,7.05
2011.01.10 05:50:07.884,0.75534,0.75584,2.25,7.43
2011.01.10 05:50:08.104,0.75534,0.75584,2.25,5.97
2011.01.10 05:50:08.213,0.75534,0.75584,2.25,6.45
2011.01.10 05:50:08.323,0.75524,0.75574,2.40,2.63
2011.01.10 05:50:10.061,0.75524,0.75574,2.55,2.63
2011.01.10 05:50:11.267,0.75524,0.75574,2.55,2.78
2011.01.10 05:50:11.663,0.75524,0.75574,2.33,2.78
2011.01.10 05:50:28.304,0.75524,0.75574,2.33,2.40
2011.01.10 05:50:29.122,0.75524,0.75574,2.33,6.15
2011.01.10 05:50:29.343,0.75518,0.75565,2.40,2.25
2011.01.10 05:50:29.563,0.75524,0.75574,2.25,2.93
2011.01.10 05:50:30.875,0.75517,0.75566,2.40,2.25
2011.01.10 05:50:32.097,0.75517,0.75566,2.40,2.40
2011.01.10 05:50:33.133,0.75524,0.75574,2.25,6.08
2011.01.10 05:50:33.243,0.75524,0.75574,2.25,2.40
2011.01.10 05:50:37.243,0.75524,0.75574,2.25,6.08
2011.01.10 05:50:38.082,0.75524,0.75574,2.25,5.85
2011.01.10 05:51:33.386,0.75524,0.75574,2.40,2.55
2011.01.10 05:51:34.125,0.75524,0.75574,2.25,6.08
2011.01.10 05:51:44.785,0.75524,0.75574,2.33,5.97
2011.01.10 05:51:44.893,0.75516,0.75572,2.40,6.12
2011.01.10 05:51:46.032,0.75516,0.75572,2.33,6.15
2011.01.10 05:51:51.677,0.75516,0.75572,2.40,2.59
2011.01.10 05:51:51.893,0.75519,0.75577,2.25,2.55
2011.01.10 05:51:53.145,0.75519,0.75577,2.40,2.55
2011.01.10 05:51:54.645,0.75519,0.75577,2.25,5.85
2011.01.10 05:51:58.657,0.75519,0.75577,2.25,6.23
2011.01.10 05:51:59.153,0.75509,0.75564,2.25,2.40
2011.01.10 05:51:59.373,0.75504,0.75562,2.25,2.40
2011.01.10 05:52:00.164,0.75504,0.75562,2.40,2.40
2011.01.10 05:52:00.495,0.7551,0.75571,2.25,6.08
2011.01.10 05:52:00.825,0.75516,0.75572,2.25,2.55
2011.01.10 05:52:02.506,0.75516,0.75572,2.25,2.70
2011.01.10 05:52:03.400,0.75516,0.75572,2.33,2.48
2011.01.10 05:52:04.397,0.75509,0.75564,2.40,2.40
2011.01.10 05:52:04.557,0.75516,0.75572,2.25,2.70
2011.01.10 05:52:05.245,0.75516,0.75572,2.33,2.40
2011.01.10 05:52:05.785,0.75508,0.75565,2.25,2.55
2011.01.10 05:52:06.209,0.75515,0.75568,2.25,1.05
2011.01.10 05:52:06.316,0.75515,0.75573,2.33,6.33
2011.01.10 05:52:07.215,0.75515,0.75573,2.25,7.30
2011.01.10 05:52:07.324,0.75509,0.75564,2.25,2.55
2011.01.10 05:52:08.265,0.75509,0.75564,2.40,2.40
2011.01.10 05:52:08.397,0.75516,0.75572,2.25,2.55
2011.01.10 05:52:10.419,0.75516,0.75572,2.25,6.08
2011.01.10 05:52:11.267,0.75514,0.75564,2.25,2.78
2011.01.10 05:52:11.426,0.75514,0.75564,2.25,2.93
2011.01.10 05:52:14.160,0.75514,0.75564,2.40,3.12
2011.01.10 05:52:32.033,0.75514,0.75564,2.25,7.49
2011.01.10 05:52:38.527,0.75514,0.75564,2.25,7.86
2011.01.10 05:52:38.650,0.75514,0.75564,2.25,7.26
2011.01.10 05:52:38.877,0.75518,0.75568,2.25,6.98
2011.01.10 05:52:41.258,0.75518,0.75568,2.25,6.98
2011.01.10 05:52:43.077,0.75514,0.75564,2.25,7.86
2011.01.10 05:52:43.665,0.75519,0.75567,2.25,6.83
2011.01.10 05:52:43.844,0.75519,0.75567,2.25,6.08
2011.01.10 05:52:44.398,0.75523,0.75569,2.25,1.30
2011.01.10 05:52:44.726,0.75515,0.75563,2.25,6.04
2011.01.10 05:52:46.276,0.75522,0.75571,2.25,1.77
2011.01.10 05:52:48.655,0.75515,0.75563,2.25,2.70
2011.01.10 05:52:50.144,0.75515,0.75563,2.25,6.08
2011.01.10 05:52:50.255,0.75523,0.75568,2.25,1.77
2011.01.10 05:52:50.797,0.75515,0.75563,2.25,6.08
2011.01.10 05:52:52.690,0.75511,0.75559,2.25,2.40
2011.01.10 05:52:53.592,0.75511,0.75559,2.25,6.08
2011.01.10 05:52:54.476,0.75515,0.75563,2.25,6.45
2011.01.10 05:52:54.885,0.75519,0.75567,2.25,7.77
2011.01.10 05:52:55.588,0.75515,0.75563,2.44,6.45
2011.01.10 05:52:55.805,0.75515,0.75563,2.25,6.08
2011.01.10 05:52:56.387,0.75515,0.75563,2.25,6.45
2011.01.10 05:52:57.056,0.7551,0.7556,2.44,6.08
2011.01.10 05:52:58.476,0.7551,0.7556,2.44,6.04
2011.01.10 05:52:58.698,0.7551,0.7556,2.44,5.85
2011.01.10 05:53:00.438,0.75506,0.75562,2.25,6.23
2011.01.10 05:53:00.546,0.75506,0.75562,2.25,6.08
2011.01.10 05:53:00.766,0.755,0.75556,2.25,2.40
2011.01.10 05:53:01.440,0.75499,0.75557,2.25,2.55
2011.01.10 05:53:02.882,0.75499,0.75557,2.25,6.45
2011.01.10 05:53:03.057,0.75499,0.75557,2.25,2.55
2011.01.10 05:53:03.570,0.75499,0.75557,2.25,2.70
2011.01.10 05:53:07.166,0.75499,0.75557,2.40,2.55
2011.01.10 05:53:07.714,0.75499,0.75557,2.55,2.40
2011.01.10 05:53:08.357,0.75499,0.75557,2.33,2.40
2011.01.10 05:53:14.016,0.75499,0.75557,2.25,6.87
2011.01.10 05:53:14.125,0.75499,0.75554,2.25,1.30
2011.01.10 05:53:14.236,0.75493,0.75548,2.25,2.40
2011.01.10 05:53:14.345,0.75493,0.75548,2.44,2.40
2011.01.10 05:53:14.674,0.755,0.75556,2.25,2.55
2011.01.10 05:53:16.127,0.755,0.75556,2.33,2.40
2011.01.10 05:53:16.717,0.755,0.75556,2.25,6.08
2011.01.10 05:53:18.090,0.755,0.75556,2.25,6.08
2011.01.10 05:53:18.785,0.755,0.75556,2.33,2.40
2011.01.10 05:53:20.657,0.755,0.75556,2.25,6.08
2011.01.10 05:53:22.938,0.755,0.75556,2.40,2.55
2011.01.10 05:53:23.171,0.755,0.75556,2.25,5.85
2011.01.10 05:53:26.041,0.75479,0.75537,2.40,2.25
2011.01.10 05:53:26.268,0.75479,0.75537,2.70,2.25
2011.01.10 05:53:26.375,0.75488,0.75538,2.25,2.70
2011.01.10 05:53:27.598,0.75491,0.75538,1.32,2.25
2011.01.10 05:53:28.036,0.75488,0.75538,2.59,2.25
2011.01.10 05:53:28.398,0.755,0.75549,2.25,8.22
2011.01.10 05:53:28.615,0.75492,0.75542,2.25,2.78
2011.01.10 05:53:30.516,0.75492,0.75542,2.33,2.70
2011.01.10 05:53:32.111,0.75492,0.75542,2.40,3.08
2011.01.10 05:53:34.424,0.75492,0.75542,2.40,2.93
2011.01.10 05:53:37.249,0.75492,0.75542,2.25,2.40
2011.01.10 05:53:37.356,0.75494,0.7555,2.25,6.08
2011.01.10 05:53:39.156,0.75494,0.7555,2.25,6.08
2011.01.10 05:53:40.077,0.75494,0.7555,2.25,5.85
2011.01.10 05:53:41.616,0.75494,0.7555,2.33,2.40
2011.01.10 05:53:42.694,0.75494,0.7555,2.25,5.85
2011.01.10 05:53:42.914,0.75494,0.7555,2.25,2.55
2011.01.10 05:53:45.111,0.75494,0.7555,2.25,6.08
2011.01.10 05:53:45.446,0.75494,0.7555,2.40,2.55
2011.01.10 05:53:46.217,0.75494,0.7555,2.25,6.08
2011.01.10 05:53:47.101,0.75494,0.7555,2.33,2.40
2011.01.10 05:53:49.087,0.75494,0.7555,2.25,5.85
2011.01.10 05:53:52.157,0.75494,0.7555,2.40,2.55
2011.01.10 05:53:54.052,0.75494,0.7555,2.25,6.08
2011.01.10 05:53:55.585,0.75494,0.7555,2.33,2.40
2011.01.10 05:53:59.216,0.75494,0.7555,2.40,2.55
2011.01.10 05:53:59.956,0.75494,0.7555,2.25,6.34
2011.01.10 05:54:00.176,0.75485,0.75543,2.55,2.40
2011.01.10 05:54:01.128,0.75493,0.75551,2.25,6.08
2011.01.10 05:54:01.345,0.75486,0.75542,2.40,2.40
2011.01.10 05:54:01.456,0.75486,0.75542,6.12,2.40
2011.01.10 05:54:02.529,0.75494,0.7555,2.25,2.55
2011.01.10 05:54:02.895,0.75486,0.75542,2.40,2.40
2011.01.10 05:54:03.858,0.75494,0.75547,2.25,1.15
2011.01.10 05:54:04.075,0.75494,0.7555,2.25,2.55
2011.01.10 05:54:07.116,0.75494,0.7555,2.40,2.55
2011.01.10 05:54:07.668,0.75494,0.7555,2.33,2.40
2011.01.10 05:54:15.535,0.75494,0.7555,2.25,2.93
2011.01.10 05:54:15.645,0.7549,0.75546,2.40,2.40
2011.01.10 05:54:18.138,0.7549,0.75546,2.40,2.55
2011.01.10 05:54:19.907,0.7549,0.75546,2.55,2.40
2011.01.10 05:54:24.577,0.7549,0.75546,2.40,2.55
2011.01.10 05:54:25.417,0.7549,0.75546,2.55,2.40
2011.01.10 05:54:26.611,0.7549,0.75546,2.33,2.40
2011.01.10 05:54:29.448,0.7549,0.75546,2.55,2.40
2011.01.10 05:54:29.588,0.7549,0.75546,2.40,2.55
2011.01.10 05:54:29.898,0.7549,0.75546,2.40,2.33
2011.01.10 05:54:34.135,0.7549,0.75546,2.55,2.40
2011.01.10 05:54:49.140,0.7549,0.75546,6.08,2.25
2011.01.10 05:54:49.698,0.75493,0.75551,2.40,2.55
2011.01.10 05:54:49.949,0.75493,0.75551,2.55,2.40
2011.01.10 05:54:53.073,0.75493,0.75551,2.70,2.40
2011.01.10 05:54:53.206,0.75493,0.75551,2.40,2.55
2011.01.10 05:54:53.435,0.75493,0.75551,2.25,2.55
2011.01.10 05:54:54.119,0.75493,0.75551,2.40,2.40
2011.01.10 05:54:54.635,0.75493,0.75551,2.55,2.40
2011.01.10 05:54:56.126,0.75493,0.75551,2.70,2.40
2011.01.10 05:55:00.389,0.75493,0.75551,2.40,2.55
2011.01.10 05:55:00.496,0.75493,0.75551,2.40,6.08
2011.01.10 05:55:00.717,0.75493,0.75551,2.40,2.55
2011.01.10 05:55:17.377,0.75493,0.75551,2.40,6.30
2011.01.10 05:55:17.487,0.75493,0.75549,2.25,2.70
2011.01.10 05:55:17.617,0.75491,0.75534,2.33,2.25
2011.01.10 05:55:19.684,0.75491,0.75534,2.55,2.25
2011.01.10 05:55:19.966,0.75491,0.75534,2.40,2.25
2011.01.10 05:55:20.076,0.75492,0.75534,1.09,2.25
2011.01.10 05:55:20.185,0.75494,0.7555,2.44,7.99
2011.01.10 05:55:20.777,0.75494,0.7555,2.25,2.55
2011.01.10 05:55:22.429,0.75494,0.7555,2.40,2.55
2011.01.10 05:55:30.763,0.75494,0.7555,2.25,5.85
2011.01.10 05:55:31.169,0.75494,0.7555,2.25,6.45
2011.01.10 05:55:31.633,0.75494,0.7555,2.25,6.08
2011.01.10 05:55:32.520,0.75494,0.7555,2.25,5.85
2011.01.10 05:55:48.169,0.75494,0.7555,2.33,2.40
2011.01.10 05:55:50.159,0.75494,0.7555,2.25,6.08
2011.01.10 05:55:50.377,0.75486,0.75542,2.40,2.40
2011.01.10 05:55:50.488,0.75486,0.75542,2.59,2.40
2011.01.10 05:55:50.941,0.75493,0.75551,2.25,2.55
2011.01.10 05:55:51.237,0.75493,0.75546,2.25,1.17
2011.01.10 05:55:51.346,0.75486,0.75542,2.33,2.48
2011.01.10 05:55:53.070,0.75486,0.75542,2.40,2.40
2011.01.10 05:55:59.009,0.75493,0.75551,2.25,5.85
2011.01.10 05:56:00.377,0.75493,0.75551,2.40,2.55
2011.01.10 05:56:02.431,0.75493,0.75551,2.25,6.08
2011.01.10 05:56:11.708,0.75498,0.75553,2.25,1.77
2011.01.10 05:56:11.926,0.75494,0.7555,2.25,6.08
2011.01.10 05:56:13.219,0.75494,0.7555,2.25,5.85
2011.01.10 05:56:15.101,0.75494,0.7555,2.25,6.45
2011.01.10 05:56:16.167,0.75494,0.7555,2.25,5.85
2011.01.10 05:56:20.309,0.75492,0.75542,2.40,2.40
2011.01.10 05:56:20.421,0.75492,0.75542,2.25,2.93
2011.01.10 05:56:22.082,0.75492,0.75542,2.25,7.39
2011.01.10 05:56:23.791,0.75497,0.75542,2.25,1.77
2011.01.10 05:56:23.912,0.75497,0.75545,2.25,2.93
2011.01.10 05:56:24.027,0.75497,0.75545,2.25,6.79
2011.01.10 05:56:25.113,0.75497,0.75545,2.40,2.93
2011.01.10 05:56:25.339,0.75487,0.75545,2.74,2.40
2011.01.10 05:56:25.449,0.75487,0.75544,2.40,2.37
2011.01.10 05:56:25.989,0.75487,0.75545,2.44,6.12
2011.01.10 05:56:26.436,0.75487,0.75545,2.44,6.55
2011.01.10 05:56:26.900,0.75487,0.75545,2.44,6.12
2011.01.10 05:56:27.626,0.75487,0.75545,2.59,6.12
2011.01.10 05:56:28.090,0.75487,0.75545,2.52,6.33
2011.01.10 05:56:28.429,0.75487,0.75545,2.59,5.97
2011.01.10 05:56:29.437,0.75486,0.75536,2.40,2.25
2011.01.10 05:56:29.547,0.75486,0.75536,2.40,2.63
2011.01.10 05:56:30.963,0.75486,0.75536,2.55,2.78
2011.01.10 05:56:31.984,0.75486,0.75536,2.40,2.78
2011.01.10 05:56:32.118,0.75486,0.75536,2.40,2.63
2011.01.10 05:56:33.186,0.75486,0.75536,6.08,2.63
2011.01.10 05:56:35.209,0.75486,0.75536,2.55,2.78
2011.01.10 05:56:35.319,0.75486,0.75536,5.85,2.63
2011.01.10 05:56:36.821,0.75486,0.75536,2.55,2.78
2011.01.10 05:56:40.228,0.75486,0.75536,2.33,6.15
2011.01.10 05:56:40.491,0.75486,0.75536,2.55,2.78
2011.01.10 05:56:41.180,0.75486,0.75536,2.40,6.30
2011.01.10 05:56:41.528,0.75486,0.75536,2.40,2.70
2011.01.10 05:56:42.186,0.75483,0.75529,2.74,2.25
2011.01.10 05:56:42.298,0.75483,0.75529,2.40,2.25
2011.01.10 05:56:44.089,0.75483,0.75529,2.55,2.40
2011.01.10 05:56:48.090,0.75483,0.75529,2.70,2.25
2011.01.10 05:56:48.785,0.75483,0.75529,2.55,2.40
2011.01.10 05:56:49.610,0.75483,0.75529,2.33,2.40
2011.01.10 05:56:49.829,0.75483,0.75529,2.33,2.33
2011.01.10 05:56:50.401,0.75482,0.75531,2.33,1.32
2011.01.10 05:56:50.511,0.75491,0.75534,2.25,2.25
2011.01.10 05:56:51.690,0.75491,0.75534,2.25,2.40
2011.01.10 05:56:52.415,0.75483,0.75531,2.59,2.63
2011.01.10 05:56:54.068,0.75483,0.75531,2.59,2.78
2011.01.10 05:56:55.129,0.75483,0.75531,2.52,2.25
2011.01.10 05:56:55.240,0.75486,0.75536,2.33,2.70
2011.01.10 05:56:56.101,0.75486,0.75536,2.55,2.78
2011.01.10 05:57:05.199,0.75486,0.75536,2.40,6.30
2011.01.10 05:57:07.139,0.7549,0.75535,2.25,2.25
2011.01.10 05:57:07.249,0.7549,0.75535,2.25,2.40
2011.01.10 05:57:07.665,0.7549,0.75535,2.25,2.55
2011.01.10 05:57:08.166,0.75486,0.75536,2.25,2.93
2011.01.10 05:57:08.284,0.75483,0.75531,2.74,2.63
2011.01.10 05:57:09.362,0.7549,0.75535,2.25,2.25
2011.01.10 05:57:09.587,0.7549,0.75535,2.25,2.55
2011.01.10 05:57:09.697,0.7549,0.75535,2.25,2.40
2011.01.10 05:57:09.898,0.75493,0.75539,2.25,2.55
2011.01.10 05:57:11.238,0.75493,0.75539,2.25,2.55
2011.01.10 05:57:12.416,0.75493,0.75539,2.40,2.33
2011.01.10 05:57:13.150,0.75491,0.75534,2.25,2.40
2011.01.10 05:57:14.098,0.75491,0.75534,2.25,2.55
2011.01.10 05:57:18.028,0.75491,0.75534,2.40,2.40
2011.01.10 05:57:18.207,0.75491,0.75534,2.25,2.55
2011.01.10 05:57:23.917,0.75482,0.75532,2.40,2.25
2011.01.10 05:57:24.754,0.75482,0.75532,2.40,2.63
2011.01.10 05:57:25.120,0.75482,0.75532,2.55,2.78
2011.01.10 05:57:29.641,0.75482,0.75532,2.33,6.15
2011.01.10 05:57:31.426,0.75482,0.75532,2.33,2.70
2011.01.10 05:57:32.888,0.75482,0.75532,2.40,2.70
2011.01.10 05:57:36.436,0.75482,0.75532,2.33,6.34
2011.01.10 05:57:40.909,0.75482,0.75532,2.33,2.78
2011.01.10 05:57:41.534,0.75486,0.75536,2.25,6.15
2011.01.10 05:57:41.866,0.75483,0.75531,2.33,2.33
2011.01.10 05:57:43.176,0.75483,0.75531,2.25,2.55
2011.01.10 05:57:43.390,0.75483,0.75531,2.25,2.40
2011.01.10 05:57:43.606,0.75486,0.75536,2.25,6.30
2011.01.10 05:57:45.088,0.75486,0.75536,2.33,6.15
2011.01.10 05:57:46.139,0.75486,0.75536,2.25,6.15
2011.01.10 05:57:46.356,0.75482,0.75532,2.33,2.78
2011.01.10 05:57:46.576,0.75486,0.75536,2.25,6.15
2011.01.10 05:57:47.557,0.75483,0.75531,2.40,2.63
2011.01.10 05:57:48.188,0.75486,0.75536,2.25,6.30
2011.01.10 05:57:49.398,0.75486,0.75536,2.40,2.78
2011.01.10 05:57:50.098,0.75486,0.75536,2.55,2.78
2011.01.10 05:58:31.718,0.75486,0.75536,2.40,2.78
2011.01.10 05:58:32.634,0.75486,0.75536,2.25,6.30
2011.01.10 05:58:33.326,0.75486,0.75536,2.25,6.08
2011.01.10 05:58:33.441,0.75472,0.75534,2.37,2.40
2011.01.10 05:58:33.547,0.75478,0.75534,2.40,2.55
2011.01.10 05:58:35.143,0.75478,0.75534,2.55,2.55
2011.01.10 05:58:36.071,0.75478,0.75534,2.33,2.40
2011.01.10 05:58:36.910,0.75478,0.75534,2.48,2.33
2011.01.10 05:58:37.112,0.75478,0.75534,2.55,2.40
2011.01.10 05:58:38.368,0.75478,0.75534,2.55,2.40
2011.01.10 05:58:51.076,0.75478,0.75534,2.40,2.55
2011.01.10 05:58:52.421,0.75478,0.75534,2.25,2.55
2011.01.10 05:58:53.325,0.75474,0.7553,2.40,2.40
2011.01.10 05:58:53.640,0.75474,0.7553,2.40,2.55
2011.01.10 05:58:53.869,0.75474,0.7553,2.55,2.40
2011.01.10 05:58:56.216,0.75474,0.7553,2.40,2.40
2011.01.10 05:58:56.937,0.75477,0.75535,2.55,2.55
2011.01.10 05:58:58.517,0.75477,0.75535,3.87,2.78
2011.01.10 05:58:58.628,0.75487,0.75535,2.25,2.78
2011.01.10 05:59:00.137,0.75487,0.75535,2.40,2.78
2011.01.10 05:59:00.701,0.75487,0.75535,2.55,2.78
2011.01.10 05:59:04.401,0.75487,0.75535,2.40,2.93
2011.01.10 05:59:04.887,0.75487,0.75535,2.25,2.93
2011.01.10 05:59:05.107,0.75478,0.75534,2.55,2.74
2011.01.10 05:59:05.217,0.75478,0.75534,2.40,6.08
2011.01.10 05:59:05.508,0.75478,0.75534,2.40,2.55
2011.01.10 05:59:06.040,0.75478,0.75534,2.25,6.08
2011.01.10 05:59:07.133,0.75478,0.75534,2.33,5.85
2011.01.10 05:59:16.100,0.75477,0.75525,2.40,2.93
2011.01.10 05:59:33.537,0.75467,0.75525,2.40,2.59
2011.01.10 05:59:33.758,0.75477,0.75525,2.25,2.78
2011.01.10 05:59:38.978,0.75477,0.75525,2.25,6.79
2011.01.10 05:59:40.361,0.75477,0.75525,2.40,2.93
2011.01.10 05:59:42.913,0.75477,0.75525,2.55,2.78
2011.01.10 05:59:43.137,0.75477,0.75525,2.40,2.78
2011.01.10 05:59:44.507,0.75477,0.75535,2.59,6.55
2011.01.10 05:59:45.139,0.75477,0.75535,2.52,6.33
2011.01.10 05:59:57.848,0.75477,0.75535,2.52,5.85
2011.01.10 05:59:57.958,0.75477,0.75535,2.44,6.45
2011.01.10 05:59:58.521,0.75488,0.75536,2.25,2.55
2011.01.10 05:59:59.158,0.75488,0.75536,2.25,5.85
2011.01.10 05:59:59.522,0.75491,0.75541,2.25,6.45
