2015.05.11 20:00:00.151,0.88883,0.88922,1.00,1.50
2015.05.11 20:00:00.713,0.88883,0.88922,1.00,1.37
2015.05.11 20:00:00.853,0.88883,0.88922,1.00,1.37
2015.05.11 20:00:00.904,0.88878,0.88923,1.00,1.37
2015.05.11 20:00:01.111,0.88883,0.88922,1.00,1.37
2015.05.11 20:00:01.595,0.88886,0.88922,1.00,1.37
2015.05.11 20:00:01.902,0.88888,0.88926,1.00,1.35
2015.05.11 20:00:02.227,0.88886,0.88922,1.00,1.75
2015.05.11 20:00:02.479,0.88883,0.88927,1.00,1.75
2015.05.11 20:00:03.310,0.88878,0.88922,1.00,1.75
2015.05.11 20:00:03.477,0.88884,0.88922,1.00,1.75
2015.05.11 20:00:03.978,0.88884,0.88918,1.00,1.37
2015.05.11 20:00:04.558,0.88884,0.88922,1.00,1.75
2015.05.11 20:00:04.608,0.88882,0.88928,1.00,2.10
2015.05.11 20:00:04.826,0.88878,0.88917,1.00,1.37
2015.05.11 20:00:05.729,0.88883,0.88922,1.00,1.75
2015.05.11 20:00:06.289,0.88883,0.88922,1.00,1.75
2015.05.11 20:00:08.125,0.88878,0.88917,1.00,1.37
2015.05.11 20:00:10.220,0.88877,0.88918,1.00,1.50
2015.05.11 20:00:12.635,0.88878,0.88917,1.00,1.37
2015.05.11 20:00:15.384,0.88883,0.88919,1.00,1.35
2015.05.11 20:00:16.157,0.88877,0.88918,1.00,1.50
2015.05.11 20:00:16.663,0.88878,0.8892,1.37,1.35
2015.05.11 20:00:16.864,0.88878,0.88927,1.37,1.87
2015.05.11 20:00:17.066,0.88877,0.88921,1.00,1.12
2015.05.11 20:00:17.632,0.88873,0.88912,1.37,1.00
2015.05.11 20:00:18.592,0.88872,0.88918,1.37,1.37
2015.05.11 20:00:18.915,0.88878,0.88917,1.00,1.37
2015.05.11 20:00:20.171,0.88878,0.88917,1.00,1.37
2015.05.11 20:00:22.221,0.88878,0.88914,1.00,1.35
2015.05.11 20:00:22.283,0.88878,0.88916,1.00,2.47
2015.05.11 20:00:22.644,0.88872,0.88913,1.50,1.37
2015.05.11 20:00:23.413,0.88873,0.88917,1.12,2.10
2015.05.11 20:00:23.675,0.88878,0.88917,1.00,1.35
2015.05.11 20:00:23.888,0.88873,0.88912,1.00,1.37
2015.05.11 20:00:26.826,0.88877,0.88917,1.00,1.35
2015.05.11 20:00:28.199,0.88877,0.88917,1.00,1.67
2015.05.11 20:00:28.366,0.88873,0.88912,1.00,1.12
2015.05.11 20:00:32.545,0.88877,0.88917,1.00,1.67
2015.05.11 20:00:35.074,0.88878,0.88917,1.00,2.10
2015.05.11 20:00:37.827,0.88878,0.88917,1.00,1.72
2015.05.11 20:00:38.034,0.88878,0.88906,1.00,1.00
2015.05.11 20:00:38.085,0.88868,0.88906,1.37,1.00
2015.05.11 20:00:38.375,0.88873,0.88906,1.00,1.00
2015.05.11 20:00:39.147,0.88873,0.88901,1.00,1.00
2015.05.11 20:00:40.574,0.88867,0.88901,1.87,1.00
2015.05.11 20:00:42.642,0.88868,0.88898,1.00,1.00
2015.05.11 20:00:44.640,0.88868,0.88906,1.12,1.00
2015.05.11 20:00:44.911,0.88878,0.88906,1.00,1.00
2015.05.11 20:00:45.634,0.88873,0.88906,1.00,1.00
2015.05.11 20:00:46.846,0.88877,0.88906,1.00,1.00
2015.05.11 20:00:47.438,0.88878,0.88906,1.00,1.00
2015.05.11 20:00:47.865,0.88868,0.88906,1.37,1.00
2015.05.11 20:00:48.564,0.88868,0.889,1.37,1.00
2015.05.11 20:00:49.142,0.88867,0.889,1.00,1.00
2015.05.11 20:00:49.748,0.88868,0.889,1.00,1.00
2015.05.11 20:00:50.804,0.88863,0.889,1.00,1.00
2015.05.11 20:00:50.855,0.88863,0.889,1.37,1.00
2015.05.11 20:00:50.906,0.88867,0.88906,1.12,1.00
2015.05.11 20:00:51.160,0.88872,0.88906,1.00,1.00
2015.05.11 20:00:52.651,0.88868,0.889,1.37,1.00
2015.05.11 20:00:52.895,0.88862,0.889,2.25,1.00
2015.05.11 20:00:52.951,0.88862,0.889,2.25,1.00
2015.05.11 20:00:53.274,0.88878,0.889,1.00,1.00
2015.05.11 20:00:53.335,0.88868,0.889,1.37,1.00
2015.05.11 20:00:53.386,0.88868,0.889,1.12,1.00
2015.05.11 20:00:53.555,0.88873,0.889,1.00,1.00
2015.05.11 20:00:53.883,0.88868,0.889,1.00,1.00
2015.05.11 20:00:54.295,0.88867,0.88906,1.00,1.12
2015.05.11 20:00:55.647,0.88862,0.88906,1.50,1.00
2015.05.11 20:00:55.697,0.88862,0.88906,1.87,1.00
2015.05.11 20:00:56.117,0.88877,0.88906,1.00,1.00
2015.05.11 20:00:56.304,0.88873,0.88906,1.00,1.00
2015.05.11 20:00:58.355,0.88873,0.88911,1.00,1.12
2015.05.11 20:00:58.406,0.88868,0.88911,1.00,1.12
2015.05.11 20:00:58.615,0.88863,0.88911,1.37,1.12
2015.05.11 20:00:58.834,0.88878,0.88911,1.00,1.12
2015.05.11 20:00:59.419,0.88877,0.88913,1.00,1.12
2015.05.11 20:00:59.469,0.88877,0.88905,1.00,1.00
2015.05.11 20:01:01.122,0.88877,0.88897,1.00,1.00
2015.05.11 20:01:01.173,0.88873,0.88897,1.00,1.00
2015.05.11 20:01:01.433,0.88868,0.88897,1.00,1.00
2015.05.11 20:01:02.123,0.88868,0.88903,1.00,1.12
2015.05.11 20:01:02.174,0.88863,0.88903,1.00,1.12
2015.05.11 20:01:02.763,0.88862,0.88901,1.00,1.12
2015.05.11 20:01:02.815,0.88868,0.88901,1.00,1.12
2015.05.11 20:01:03.344,0.88862,0.88904,1.00,1.12
2015.05.11 20:01:05.065,0.88862,0.88905,1.00,1.12
2015.05.11 20:01:05.654,0.88868,0.88905,1.00,1.12
2015.05.11 20:01:05.875,0.88863,0.88907,1.00,2.62
2015.05.11 20:01:05.976,0.88863,0.889,1.00,1.00
2015.05.11 20:01:06.135,0.88873,0.889,1.00,1.00
2015.05.11 20:01:07.385,0.88873,0.88908,1.00,2.25
2015.05.11 20:01:07.436,0.88868,0.88907,1.00,1.12
2015.05.11 20:01:07.674,0.88864,0.88907,1.12,1.12
2015.05.11 20:01:07.725,0.88863,0.88908,1.37,2.62
2015.05.11 20:01:08.034,0.88877,0.889,1.00,1.00
2015.05.11 20:01:08.084,0.88873,0.889,1.00,1.00
2015.05.11 20:01:09.804,0.88873,0.88907,1.00,1.00
2015.05.11 20:01:10.364,0.88872,0.88907,1.00,1.00
2015.05.11 20:01:10.584,0.88872,0.8891,1.00,1.12
2015.05.11 20:01:10.635,0.88868,0.8891,1.37,1.12
2015.05.11 20:01:12.798,0.88868,0.88912,1.37,4.12
2015.05.11 20:01:12.898,0.88858,0.88915,1.75,1.12
2015.05.11 20:01:13.462,0.88873,0.88913,1.37,1.12
2015.05.11 20:01:13.717,0.88872,0.88913,1.12,1.12
2015.05.11 20:01:14.304,0.88872,0.88912,1.00,1.12
2015.05.11 20:01:14.657,0.88877,0.88912,1.00,1.12
2015.05.11 20:01:16.077,0.88877,0.88912,1.00,1.12
2015.05.11 20:01:16.128,0.88873,0.88913,1.37,1.12
2015.05.11 20:01:16.416,0.88878,0.88915,1.00,1.12
2015.05.11 20:01:17.633,0.88878,0.8891,1.00,1.12
2015.05.11 20:01:17.684,0.88873,0.8891,1.00,1.12
2015.05.11 20:01:18.415,0.88872,0.88909,1.00,1.12
2015.05.11 20:01:18.856,0.88867,0.88909,1.37,1.12
2015.05.11 20:01:19.074,0.88873,0.88909,1.00,1.12
2015.05.11 20:01:20.573,0.88873,0.889,1.00,1.00
2015.05.11 20:01:20.848,0.88868,0.889,1.37,1.00
2015.05.11 20:01:21.066,0.88872,0.889,1.00,1.00
2015.05.11 20:01:21.384,0.88868,0.889,1.00,1.00
2015.05.11 20:01:21.783,0.88868,0.88907,1.00,1.12
2015.05.11 20:01:21.833,0.88862,0.88907,1.12,1.12
2015.05.11 20:01:24.353,0.88863,0.88907,1.00,1.87
2015.05.11 20:01:24.753,0.88863,0.88893,1.00,1.00
2015.05.11 20:01:29.083,0.88862,0.88893,1.12,1.00
2015.05.11 20:01:32.597,0.88862,0.88894,1.12,1.00
2015.05.11 20:01:33.205,0.88863,0.88894,1.00,1.00
2015.05.11 20:01:33.943,0.88853,0.88894,1.00,1.37
2015.05.11 20:01:33.994,0.88853,0.88892,1.00,1.12
2015.05.11 20:01:34.044,0.88848,0.88892,1.00,1.12
2015.05.11 20:01:35.334,0.88848,0.88879,1.00,1.00
2015.05.11 20:01:37.051,0.88848,0.88879,1.75,1.00
2015.05.11 20:01:37.101,0.88848,0.88885,1.75,1.00
2015.05.11 20:01:37.152,0.88847,0.88885,1.75,1.00
2015.05.11 20:01:37.493,0.88862,0.88885,1.00,1.00
2015.05.11 20:01:38.896,0.88863,0.88885,1.00,1.00
2015.05.11 20:01:38.946,0.88863,0.88903,1.00,1.12
2015.05.11 20:01:39.539,0.88862,0.88904,1.00,1.12
2015.05.11 20:01:41.404,0.88863,0.88902,1.00,1.12
2015.05.11 20:01:41.723,0.88863,0.889,1.00,1.12
2015.05.11 20:01:41.842,0.88858,0.88897,1.00,1.75
2015.05.11 20:01:43.609,0.88847,0.88881,1.37,1.00
2015.05.11 20:01:44.140,0.88847,0.88881,1.37,1.00
2015.05.11 20:01:44.924,0.88848,0.8889,1.00,1.12
2015.05.11 20:01:45.522,0.88847,0.8889,1.00,1.12
2015.05.11 20:01:47.963,0.88847,0.88887,1.00,1.00
2015.05.11 20:01:50.933,0.88847,0.88889,1.00,1.00
2015.05.11 20:01:51.699,0.88847,0.88889,1.00,1.37
2015.05.11 20:01:52.063,0.88847,0.88889,1.00,1.50
2015.05.11 20:01:52.379,0.88842,0.88879,1.00,1.12
2015.05.11 20:01:53.126,0.88843,0.88878,1.00,1.12
2015.05.11 20:01:53.490,0.88843,0.88882,1.00,1.37
2015.05.11 20:01:54.218,0.88843,0.88888,1.00,1.87
2015.05.11 20:01:54.331,0.88843,0.88891,1.00,1.12
2015.05.11 20:01:54.382,0.8884,0.88896,1.12,2.10
2015.05.11 20:01:54.701,0.88857,0.88895,1.00,1.35
2015.05.11 20:01:54.870,0.88853,0.88896,1.50,1.75
2015.05.11 20:01:54.921,0.88853,0.88896,1.50,1.75
2015.05.11 20:01:55.103,0.88853,0.88893,1.00,2.10
2015.05.11 20:01:55.203,0.88843,0.88893,1.37,1.97
2015.05.11 20:01:55.327,0.88843,0.88893,1.75,1.37
2015.05.11 20:01:55.662,0.88862,0.88897,1.00,1.12
2015.05.11 20:01:56.184,0.88863,0.88897,1.00,1.12
2015.05.11 20:01:56.555,0.88858,0.88897,1.00,1.12
2015.05.11 20:01:57.093,0.88857,0.88889,1.00,1.00
2015.05.11 20:01:57.143,0.88848,0.88889,1.37,1.00
2015.05.11 20:01:57.654,0.88858,0.88889,1.00,1.00
2015.05.11 20:01:58.113,0.88853,0.88889,1.00,1.00
2015.05.11 20:01:58.602,0.88853,0.88889,1.00,1.37
2015.05.11 20:01:58.904,0.88842,0.88884,1.37,1.37
2015.05.11 20:02:01.653,0.88841,0.88887,1.50,1.50
2015.05.11 20:02:02.106,0.88852,0.88888,1.00,1.12
2015.05.11 20:02:02.823,0.88843,0.88888,1.37,1.12
2015.05.11 20:02:03.024,0.88843,0.88885,1.12,1.12
2015.05.11 20:02:03.125,0.88843,0.88884,1.37,1.00
2015.05.11 20:02:03.510,0.88853,0.88884,1.00,1.00
2015.05.11 20:02:05.668,0.88842,0.88884,1.37,1.37
2015.05.11 20:02:06.172,0.88847,0.88884,1.00,1.37
2015.05.11 20:02:06.810,0.88847,0.88888,1.00,1.87
2015.05.11 20:02:07.618,0.88847,0.88888,1.37,1.87
2015.05.11 20:02:08.102,0.88853,0.88888,1.00,1.12
2015.05.11 20:02:08.153,0.88853,0.88888,1.00,1.12
2015.05.11 20:02:09.058,0.88853,0.88888,1.00,1.12
2015.05.11 20:02:09.108,0.88843,0.88888,1.37,1.12
2015.05.11 20:02:09.213,0.88843,0.88885,1.37,1.12
2015.05.11 20:02:09.264,0.88843,0.88885,1.00,1.12
2015.05.11 20:02:09.315,0.88838,0.88885,1.37,1.12
2015.05.11 20:02:09.429,0.88838,0.88887,1.00,1.75
2015.05.11 20:02:09.641,0.88847,0.88888,1.00,1.75
2015.05.11 20:02:10.124,0.88847,0.88885,1.00,1.12
2015.05.11 20:02:10.852,0.88848,0.88885,1.00,1.12
2015.05.11 20:02:11.573,0.88848,0.88885,1.00,1.75
2015.05.11 20:02:11.623,0.88842,0.88885,1.00,1.75
2015.05.11 20:02:12.163,0.88843,0.88877,1.00,1.00
2015.05.11 20:02:12.832,0.88838,0.88877,1.00,1.50
2015.05.11 20:02:13.503,0.88837,0.88877,1.00,1.00
2015.05.11 20:02:18.392,0.88837,0.88873,1.00,1.00
2015.05.11 20:02:18.733,0.88837,0.88873,1.00,1.60
2015.05.11 20:02:19.035,0.88818,0.88852,1.37,1.00
2015.05.11 20:02:19.115,0.88827,0.8887,1.00,1.12
2015.05.11 20:02:19.166,0.88827,0.88871,1.00,2.85
2015.05.11 20:02:20.313,0.88837,0.88871,1.00,2.85
2015.05.11 20:02:20.581,0.88837,0.88873,1.00,1.12
2015.05.11 20:02:21.126,0.88838,0.88872,1.00,1.00
2015.05.11 20:02:21.632,0.88842,0.88872,1.00,1.00
2015.05.11 20:02:23.012,0.88842,0.88878,1.00,1.12
2015.05.11 20:02:25.139,0.88842,0.88873,1.00,1.00
2015.05.11 20:02:27.903,0.88843,0.88873,1.00,1.00
2015.05.11 20:02:28.562,0.88838,0.88873,1.00,1.00
2015.05.11 20:02:30.642,0.88838,0.8887,1.00,1.00
2015.05.11 20:02:30.693,0.88833,0.8887,1.00,1.00
2015.05.11 20:02:31.289,0.88832,0.8887,1.00,1.00
2015.05.11 20:02:32.090,0.88833,0.8887,1.00,1.00
2015.05.11 20:02:32.700,0.88833,0.8887,1.00,1.37
2015.05.11 20:02:32.852,0.88828,0.88873,1.50,1.37
2015.05.11 20:02:32.903,0.88829,0.88873,1.00,1.00
2015.05.11 20:02:33.072,0.88838,0.88873,1.00,1.00
2015.05.11 20:02:34.832,0.88829,0.88873,1.00,1.00
2015.05.11 20:02:34.892,0.88828,0.88874,1.37,1.12
2015.05.11 20:02:35.412,0.88837,0.88873,1.00,1.12
2015.05.11 20:02:35.551,0.88837,0.88873,1.00,1.12
2015.05.11 20:02:38.081,0.88837,0.88871,1.00,1.00
2015.05.11 20:02:48.364,0.88838,0.88871,1.00,1.00
2015.05.11 20:02:50.127,0.88838,0.88873,1.00,1.30
2015.05.11 20:02:50.228,0.88834,0.88873,1.00,1.30
2015.05.11 20:02:50.341,0.88842,0.88873,1.00,1.30
2015.05.11 20:02:53.753,0.88842,0.88876,1.00,2.85
2015.05.11 20:02:53.861,0.88833,0.88875,1.00,1.75
2015.05.11 20:02:53.975,0.88833,0.88875,1.00,1.75
2015.05.11 20:02:54.076,0.88833,0.88869,1.00,1.37
2015.05.11 20:02:54.294,0.88832,0.88875,1.37,1.50
2015.05.11 20:02:54.395,0.88832,0.88875,1.37,1.37
2015.05.11 20:02:54.446,0.88843,0.88875,1.00,1.37
2015.05.11 20:02:55.073,0.88833,0.88877,1.87,1.50
2015.05.11 20:02:55.174,0.88833,0.88877,1.75,1.75
2015.05.11 20:02:55.240,0.88833,0.88875,1.00,1.75
2015.05.11 20:02:55.458,0.88833,0.88875,1.00,1.75
2015.05.11 20:02:55.802,0.88832,0.88875,1.00,1.75
2015.05.11 20:02:55.903,0.88832,0.88875,1.00,1.75
2015.05.11 20:02:56.004,0.88832,0.88874,1.00,1.75
2015.05.11 20:02:56.292,0.88833,0.88874,1.00,1.75
2015.05.11 20:02:57.669,0.88833,0.88874,1.00,1.75
2015.05.11 20:02:58.371,0.88832,0.88873,1.00,1.75
2015.05.11 20:02:58.471,0.88832,0.88873,1.00,1.75
2015.05.11 20:03:00.073,0.88832,0.88873,1.00,1.37
2015.05.11 20:03:00.371,0.88843,0.88877,1.00,1.12
2015.05.11 20:03:00.421,0.88843,0.88877,1.00,1.37
2015.05.11 20:03:01.889,0.88843,0.88874,1.00,1.12
2015.05.11 20:03:01.940,0.88832,0.88874,1.00,1.12
2015.05.11 20:03:01.991,0.88832,0.88874,1.00,1.75
2015.05.11 20:03:02.232,0.88833,0.88874,1.00,1.12
2015.05.11 20:03:02.332,0.88843,0.88873,1.00,1.00
2015.05.11 20:03:04.084,0.88843,0.88877,1.00,1.12
2015.05.11 20:03:04.385,0.88842,0.88878,1.00,1.12
2015.05.11 20:03:04.697,0.88842,0.88874,1.00,2.47
2015.05.11 20:03:06.892,0.88833,0.88874,1.00,1.12
2015.05.11 20:03:06.993,0.88833,0.88873,1.00,1.37
2015.05.11 20:03:07.194,0.88833,0.88874,1.00,1.12
2015.05.11 20:03:07.390,0.88843,0.88874,1.00,1.12
2015.05.11 20:03:12.603,0.88843,0.88877,1.00,1.12
2015.05.11 20:03:13.604,0.88843,0.88879,1.00,1.67
2015.05.11 20:03:13.705,0.88843,0.88881,1.00,1.35
2015.05.11 20:03:13.930,0.88847,0.88882,1.00,2.47
2015.05.11 20:03:14.030,0.88847,0.88885,1.00,1.35
2015.05.11 20:03:14.369,0.88837,0.88886,1.87,1.35
2015.05.11 20:03:14.419,0.88837,0.88886,1.75,1.35
2015.05.11 20:03:14.520,0.88837,0.88885,1.00,1.75
2015.05.11 20:03:14.722,0.88838,0.88884,1.00,2.10
2015.05.11 20:03:14.896,0.88848,0.88884,1.00,1.35
2015.05.11 20:03:16.019,0.88848,0.88885,1.00,1.35
2015.05.11 20:03:16.300,0.88842,0.88885,1.00,1.35
2015.05.11 20:03:16.452,0.88842,0.88884,1.00,1.75
2015.05.11 20:03:16.925,0.88842,0.8888,1.00,1.35
2015.05.11 20:03:17.291,0.88838,0.8888,1.00,2.10
2015.05.11 20:03:17.827,0.88838,0.8888,1.00,2.10
2015.05.11 20:03:18.972,0.88838,0.8888,1.00,2.10
2015.05.11 20:03:19.072,0.88837,0.8888,1.00,2.10
2015.05.11 20:03:19.657,0.88838,0.8888,1.00,2.10
2015.05.11 20:03:19.707,0.88833,0.88876,1.00,1.75
2015.05.11 20:03:20.933,0.88833,0.88876,1.00,1.75
2015.05.11 20:03:25.444,0.88833,0.88876,1.00,1.75
2015.05.11 20:03:25.844,0.88832,0.88868,1.00,1.75
2015.05.11 20:03:26.558,0.88833,0.88868,1.00,1.75
2015.05.11 20:03:28.645,0.88832,0.88868,1.00,1.75
2015.05.11 20:03:30.656,0.88832,0.88871,1.00,1.50
2015.05.11 20:03:31.285,0.88832,0.88871,1.00,1.75
2015.05.11 20:03:33.663,0.88832,0.88871,1.00,1.75
2015.05.11 20:03:35.065,0.88832,0.88871,1.00,1.75
2015.05.11 20:03:35.575,0.88833,0.88871,1.00,1.75
2015.05.11 20:03:35.666,0.88833,0.88871,1.00,1.75
2015.05.11 20:03:38.877,0.88832,0.88871,1.00,1.75
2015.05.11 20:03:39.620,0.88833,0.88871,1.00,1.75
2015.05.11 20:03:42.777,0.88833,0.88871,1.00,1.75
2015.05.11 20:03:43.497,0.88832,0.88871,1.00,1.75
2015.05.11 20:03:44.780,0.88832,0.88871,1.00,1.00
2015.05.11 20:03:44.881,0.88834,0.88871,1.00,1.00
2015.05.11 20:03:45.476,0.88842,0.88877,1.00,2.85
2015.05.11 20:04:04.086,0.88843,0.88877,1.00,2.85
2015.05.11 20:04:05.141,0.88843,0.88874,1.00,1.30
2015.05.11 20:04:05.864,0.88842,0.88874,1.00,1.30
2015.05.11 20:04:13.059,0.88843,0.88874,1.00,1.30
2015.05.11 20:04:13.591,0.88842,0.88874,1.00,1.30
2015.05.11 20:04:20.903,0.88843,0.88882,1.00,2.10
2015.05.11 20:04:28.313,0.88844,0.88882,1.00,2.10
2015.05.11 20:04:28.414,0.88844,0.88888,1.00,1.75
2015.05.11 20:04:28.515,0.88844,0.88888,1.00,1.75
2015.05.11 20:04:28.569,0.88853,0.88889,1.00,1.35
2015.05.11 20:04:28.819,0.88847,0.88893,1.00,1.75
2015.05.11 20:04:28.899,0.88847,0.88893,1.00,1.75
2015.05.11 20:04:29.100,0.88847,0.88893,1.00,1.75
2015.05.11 20:04:29.402,0.88853,0.88892,1.00,1.75
2015.05.11 20:04:35.315,0.88853,0.88892,1.00,1.75
2015.05.11 20:04:35.820,0.88853,0.88892,1.00,1.75
2015.05.11 20:04:36.404,0.88853,0.88892,1.00,1.75
2015.05.11 20:04:44.643,0.88853,0.88892,1.00,1.75
2015.05.11 20:04:45.223,0.88853,0.88892,1.00,1.50
2015.05.11 20:04:48.152,0.88853,0.88892,1.00,1.37
2015.05.11 20:04:48.883,0.88853,0.88892,1.00,1.37
2015.05.11 20:04:49.154,0.88853,0.88892,1.00,1.37
2015.05.11 20:04:49.555,0.88853,0.88892,1.00,1.37
2015.05.11 20:04:49.666,0.88853,0.88892,1.00,1.37
2015.05.11 20:04:54.388,0.88853,0.88892,1.00,1.75
2015.05.11 20:04:54.439,0.88847,0.88888,1.00,1.75
2015.05.11 20:04:54.490,0.88847,0.8888,1.00,1.35
2015.05.11 20:04:54.709,0.8883,0.88871,1.00,2.47
2015.05.11 20:04:55.029,0.88828,0.88867,1.00,1.50
2015.05.11 20:04:55.079,0.88822,0.88868,1.00,1.87
2015.05.11 20:04:55.407,0.88822,0.88863,1.00,1.00
2015.05.11 20:04:56.367,0.88822,0.88863,1.00,1.37
2015.05.11 20:05:00.358,0.88828,0.88867,1.00,1.75
2015.05.11 20:05:01.351,0.88822,0.88863,1.00,1.37
2015.05.11 20:05:03.331,0.88828,0.88867,1.00,1.75
2015.05.11 20:05:04.654,0.88822,0.88863,1.00,1.37
2015.05.11 20:05:04.704,0.88822,0.88863,1.00,1.75
2015.05.11 20:05:04.875,0.88818,0.88862,1.37,1.75
2015.05.11 20:05:05.026,0.88818,0.88862,1.00,2.10
2015.05.11 20:05:05.091,0.88822,0.88862,1.00,1.35
2015.05.11 20:05:06.636,0.88823,0.88862,1.00,2.10
2015.05.11 20:05:11.893,0.88823,0.88862,1.00,2.10
2015.05.11 20:05:12.351,0.88817,0.8886,1.00,1.12
2015.05.11 20:05:13.095,0.88818,0.88857,1.00,1.37
2015.05.11 20:05:17.007,0.88818,0.88857,1.00,1.37
2015.05.11 20:05:17.952,0.88818,0.88859,1.00,1.12
2015.05.11 20:05:18.090,0.88812,0.88858,1.12,1.75
2015.05.11 20:05:18.140,0.88812,0.88858,1.37,1.75
2015.05.11 20:05:18.579,0.88818,0.88857,1.00,1.37
2015.05.11 20:05:25.127,0.88818,0.88857,1.00,1.12
2015.05.11 20:05:40.154,0.88818,0.88857,1.00,1.37
2015.05.11 20:05:44.892,0.88818,0.88857,1.00,1.37
2015.05.11 20:05:45.449,0.88818,0.88857,1.00,1.37
2015.05.11 20:05:45.913,0.88823,0.88862,1.00,1.75
2015.05.11 20:05:48.910,0.88818,0.88857,1.00,1.37
2015.05.11 20:05:55.177,0.88818,0.88857,1.00,1.37
2015.05.11 20:05:55.735,0.88818,0.88857,1.00,1.37
2015.05.11 20:06:00.090,0.88812,0.88858,1.00,1.75
2015.05.11 20:06:00.309,0.88818,0.88857,1.00,1.50
2015.05.11 20:06:00.861,0.88818,0.88857,1.00,1.50
2015.05.11 20:06:01.100,0.88813,0.88857,1.37,1.50
2015.05.11 20:06:01.408,0.88823,0.88861,1.00,2.85
2015.05.11 20:06:05.105,0.88823,0.88861,1.00,2.47
2015.05.11 20:06:08.210,0.88823,0.8886,1.00,1.35
2015.05.11 20:06:10.213,0.88823,0.88861,1.00,2.47
2015.05.11 20:06:10.814,0.88823,0.88859,1.00,1.67
2015.05.11 20:06:34.552,0.88823,0.88858,1.00,1.67
2015.05.11 20:06:34.603,0.88817,0.88858,1.00,1.67
2015.05.11 20:06:34.853,0.88818,0.88859,1.12,1.35
2015.05.11 20:06:35.132,0.88823,0.88859,1.00,1.35
2015.05.11 20:06:45.269,0.88823,0.8886,1.00,1.35
2015.05.11 20:06:55.285,0.88822,0.8886,1.00,1.35
2015.05.11 20:06:55.878,0.88822,0.88861,1.00,2.85
2015.05.11 20:06:56.483,0.88822,0.88861,1.00,2.47
2015.05.11 20:07:12.604,0.88822,0.8886,1.00,1.72
2015.05.11 20:07:12.655,0.88818,0.8886,1.00,1.72
2015.05.11 20:07:13.057,0.88823,0.8886,1.00,1.72
2015.05.11 20:07:13.706,0.88823,0.8886,1.00,1.67
2015.05.11 20:07:14.336,0.88823,0.88861,1.00,1.12
2015.05.11 20:07:15.099,0.88823,0.88862,1.00,1.50
2015.05.11 20:07:16.800,0.88822,0.88863,1.12,1.87
2015.05.11 20:07:20.933,0.88822,0.88863,1.00,1.87
2015.05.11 20:07:22.297,0.88823,0.88862,1.00,1.75
2015.05.11 20:07:24.608,0.88822,0.88861,1.00,2.85
2015.05.11 20:07:25.600,0.88823,0.88861,1.00,2.85
2015.05.11 20:07:27.172,0.88823,0.88859,1.00,1.30
2015.05.11 20:07:28.355,0.88822,0.88859,1.00,1.30
2015.05.11 20:07:28.685,0.88818,0.8886,1.37,1.35
2015.05.11 20:07:28.744,0.88818,0.8886,1.12,1.35
2015.05.11 20:07:28.901,0.88823,0.8886,1.00,1.35
2015.05.11 20:07:29.265,0.88823,0.88858,1.00,1.67
2015.05.11 20:07:29.412,0.88817,0.88858,1.12,2.10
2015.05.11 20:07:30.666,0.88817,0.88858,1.00,2.10
2015.05.11 20:07:31.455,0.88817,0.88858,1.00,1.72
2015.05.11 20:07:31.984,0.88818,0.88857,1.00,1.37
2015.05.11 20:07:36.817,0.88822,0.88858,1.00,1.67
2015.05.11 20:07:37.417,0.88822,0.88858,1.00,2.05
2015.05.11 20:07:38.198,0.88822,0.88858,1.00,1.12
2015.05.11 20:07:38.577,0.88828,0.88859,1.00,1.12
2015.05.11 20:07:39.248,0.88828,0.88859,1.00,1.12
2015.05.11 20:07:50.138,0.88823,0.88865,1.00,1.12
2015.05.11 20:07:50.239,0.88823,0.88867,1.37,1.87
2015.05.11 20:07:50.339,0.88823,0.88867,1.75,1.87
2015.05.11 20:07:50.612,0.88818,0.88865,1.37,1.12
2015.05.11 20:07:50.663,0.88818,0.88867,1.00,2.25
2015.05.11 20:07:50.932,0.88827,0.88867,1.00,1.75
2015.05.11 20:07:51.589,0.88828,0.88867,1.00,2.25
2015.05.11 20:07:53.129,0.88828,0.88865,1.00,1.12
2015.05.11 20:07:58.156,0.88822,0.88863,1.00,1.75
2015.05.11 20:07:58.852,0.88823,0.88862,1.00,1.75
2015.05.11 20:08:03.893,0.88828,0.88867,1.00,1.75
2015.05.11 20:08:04.487,0.88827,0.88868,1.00,1.75
2015.05.11 20:08:15.013,0.88827,0.88868,1.00,1.75
2015.05.11 20:08:15.114,0.88827,0.88868,1.00,2.10
2015.05.11 20:08:15.516,0.88827,0.88868,1.37,1.72
2015.05.11 20:08:15.568,0.88833,0.8887,1.00,1.35
2015.05.11 20:08:22.897,0.88833,0.88872,1.00,1.87
2015.05.11 20:08:23.236,0.88827,0.88866,1.00,1.35
2015.05.11 20:08:23.707,0.88828,0.88866,1.00,1.12
2015.05.11 20:08:23.786,0.88822,0.88866,1.00,1.12
2015.05.11 20:08:33.358,0.88823,0.88862,1.00,1.37
2015.05.11 20:08:34.819,0.88823,0.88862,1.00,1.37
2015.05.11 20:08:35.530,0.88822,0.88863,1.00,1.37
2015.05.11 20:08:36.572,0.88822,0.88863,1.00,1.50
2015.05.11 20:08:38.633,0.88822,0.88863,1.00,1.37
2015.05.11 20:08:40.549,0.88822,0.88863,1.00,1.50
2015.05.11 20:08:40.887,0.88822,0.88863,1.00,1.75
2015.05.11 20:08:41.416,0.88823,0.88862,1.00,1.50
2015.05.11 20:08:41.917,0.88822,0.88863,1.00,1.75
2015.05.11 20:08:43.836,0.88823,0.88862,1.00,1.50
2015.05.11 20:08:44.445,0.88822,0.88863,1.00,1.75
2015.05.11 20:08:53.176,0.88822,0.88863,1.12,1.37
2015.05.11 20:08:53.785,0.88823,0.88862,1.00,1.37
2015.05.11 20:08:54.399,0.88827,0.88868,1.00,2.47
2015.05.11 20:08:54.826,0.88823,0.88867,1.00,1.75
2015.05.11 20:08:55.436,0.88822,0.88863,1.00,1.37
2015.05.11 20:08:56.064,0.88822,0.88863,1.00,1.37
2015.05.11 20:09:00.168,0.88822,0.88863,1.00,1.37
2015.05.11 20:09:00.899,0.88823,0.88867,1.00,1.75
2015.05.11 20:09:01.376,0.88828,0.88867,1.00,1.75
2015.05.11 20:09:07.780,0.88828,0.88867,1.00,1.37
2015.05.11 20:09:07.905,0.88827,0.88868,1.00,1.35
2015.05.11 20:09:08.246,0.88827,0.88868,1.00,1.35
2015.05.11 20:09:08.967,0.88828,0.88865,1.00,1.35
2015.05.11 20:09:09.182,0.88828,0.88865,1.00,1.67
2015.05.11 20:09:11.295,0.88828,0.88865,1.00,1.35
2015.05.11 20:09:11.485,0.88828,0.88865,1.00,1.67
2015.05.11 20:09:12.318,0.88828,0.88865,1.00,1.35
2015.05.11 20:09:12.936,0.88828,0.88865,1.00,1.35
2015.05.11 20:09:16.793,0.88828,0.88865,1.00,1.67
2015.05.11 20:09:17.004,0.88828,0.88865,1.00,1.35
2015.05.11 20:09:25.386,0.88827,0.88865,1.00,1.35
2015.05.11 20:09:29.014,0.88828,0.88865,1.00,1.35
2015.05.11 20:09:30.624,0.88828,0.88865,1.00,1.35
2015.05.11 20:09:31.525,0.88828,0.88865,1.00,1.35
2015.05.11 20:09:33.967,0.88828,0.88865,1.00,1.35
2015.05.11 20:09:39.365,0.88823,0.88867,1.00,2.10
2015.05.11 20:09:39.937,0.88823,0.88867,1.00,2.10
2015.05.11 20:09:41.139,0.88823,0.88867,1.00,2.10
2015.05.11 20:09:50.574,0.88818,0.88862,1.12,1.75
2015.05.11 20:09:50.675,0.88818,0.88862,1.37,1.50
2015.05.11 20:09:50.754,0.88818,0.88862,1.37,1.37
2015.05.11 20:09:50.804,0.88823,0.88866,1.00,1.12
2015.05.11 20:09:53.884,0.88823,0.88864,1.00,1.12
2015.05.11 20:09:57.659,0.88818,0.88864,1.37,1.12
2015.05.11 20:09:57.710,0.88818,0.88864,1.12,1.12
2015.05.11 20:09:59.374,0.88817,0.88859,1.00,1.37
2015.05.11 20:10:00.170,0.88817,0.88859,1.00,1.12
2015.05.11 20:10:00.814,0.88818,0.88859,1.00,1.12
2015.05.11 20:10:05.783,0.88818,0.88857,1.00,1.12
2015.05.11 20:10:10.690,0.88818,0.88857,1.00,1.12
2015.05.11 20:10:44.366,0.88817,0.88856,1.00,1.12
2015.05.11 20:10:47.556,0.88818,0.88856,1.00,1.12
2015.05.11 20:10:58.119,0.88818,0.88849,1.00,1.12
2015.05.11 20:10:58.877,0.88818,0.88842,1.00,1.12
2015.05.11 20:10:59.139,0.88813,0.88842,1.00,1.12
2015.05.11 20:10:59.357,0.88812,0.88842,1.00,1.37
2015.05.11 20:10:59.508,0.88812,0.88842,1.00,1.12
2015.05.11 20:11:00.315,0.88807,0.88842,1.00,1.12
2015.05.11 20:11:00.416,0.88807,0.88849,1.00,1.75
2015.05.11 20:11:00.467,0.88807,0.88848,1.37,1.37
2015.05.11 20:11:00.769,0.88812,0.88836,1.00,1.12
2015.05.11 20:11:00.913,0.88808,0.88837,1.00,1.12
2015.05.11 20:11:01.117,0.88812,0.88839,1.00,1.12
2015.05.11 20:11:02.036,0.88812,0.88842,1.00,1.12
2015.05.11 20:11:02.295,0.88807,0.88838,1.00,1.12
2015.05.11 20:11:02.913,0.88808,0.88838,1.00,1.12
2015.05.11 20:11:03.465,0.88808,0.88838,1.00,1.12
2015.05.11 20:11:05.094,0.88807,0.88838,1.00,1.12
2015.05.11 20:11:10.875,0.88808,0.88838,1.00,1.12
2015.05.11 20:11:15.237,0.88808,0.8884,1.00,1.12
2015.05.11 20:11:15.490,0.88808,0.88846,1.75,2.25
2015.05.11 20:11:15.691,0.88813,0.88862,1.00,2.25
2015.05.11 20:11:15.842,0.88823,0.88862,1.00,2.25
2015.05.11 20:11:16.224,0.88823,0.88874,1.00,2.25
2015.05.11 20:11:16.375,0.88833,0.88874,1.00,2.25
2015.05.11 20:11:18.095,0.88833,0.88868,1.00,1.37
2015.05.11 20:11:21.065,0.88833,0.88868,1.00,1.12
2015.05.11 20:11:24.035,0.88833,0.88868,1.00,1.12
2015.05.11 20:11:29.142,0.88833,0.88871,1.00,1.12
2015.05.11 20:11:36.024,0.88833,0.88871,1.00,1.12
2015.05.11 20:11:43.104,0.88832,0.88868,1.00,1.12
2015.05.11 20:11:47.614,0.88833,0.88868,1.00,1.12
2015.05.11 20:11:48.272,0.88833,0.88872,1.37,1.12
2015.05.11 20:11:48.574,0.88832,0.88875,1.75,1.12
2015.05.11 20:11:50.076,0.88837,0.88873,1.37,1.12
2015.05.11 20:11:51.314,0.88837,0.88873,1.37,1.12
2015.05.11 20:11:51.825,0.88837,0.88871,1.37,1.12
2015.05.11 20:11:52.752,0.88837,0.8887,1.00,1.12
2015.05.11 20:11:54.173,0.88837,0.8887,1.00,1.12
2015.05.11 20:11:54.695,0.88837,0.88872,1.37,1.12
2015.05.11 20:11:55.854,0.88838,0.88873,1.37,1.12
2015.05.11 20:11:56.923,0.88838,0.88873,1.37,1.12
2015.05.11 20:12:00.869,0.88837,0.8888,1.37,2.25
2015.05.11 20:12:00.969,0.88838,0.8887,1.37,1.00
2015.05.11 20:12:01.185,0.88837,0.8887,1.12,1.00
2015.05.11 20:12:01.735,0.88838,0.8887,1.00,1.37
2015.05.11 20:12:01.873,0.88838,0.88869,1.00,1.12
2015.05.11 20:12:03.803,0.88832,0.88869,1.37,1.12
2015.05.11 20:12:04.114,0.88838,0.88871,1.00,1.12
2015.05.11 20:12:04.843,0.88837,0.88866,1.00,1.00
2015.05.11 20:12:07.813,0.88837,0.88871,1.00,1.12
2015.05.11 20:12:08.843,0.88838,0.88871,1.00,1.12
2015.05.11 20:12:10.774,0.88837,0.88871,1.00,1.12
2015.05.11 20:12:11.633,0.88838,0.88871,1.00,1.12
2015.05.11 20:12:12.844,0.88837,0.88871,1.00,1.12
2015.05.11 20:12:15.429,0.88837,0.88872,1.12,1.12
2015.05.11 20:12:22.189,0.88833,0.88869,1.37,1.12
2015.05.11 20:12:25.842,0.88833,0.88868,1.00,1.12
2015.05.11 20:12:32.606,0.88833,0.8887,1.37,1.12
2015.05.11 20:12:32.806,0.88833,0.88872,1.37,1.87
2015.05.11 20:12:33.057,0.88834,0.88874,1.37,1.12
2015.05.11 20:12:33.587,0.88838,0.88874,1.00,1.12
2015.05.11 20:12:34.089,0.88843,0.88879,1.00,1.12
2015.05.11 20:12:34.213,0.88843,0.88879,1.00,1.12
2015.05.11 20:12:39.243,0.88842,0.88879,1.00,1.12
2015.05.11 20:12:40.080,0.88842,0.88877,1.00,1.12
2015.05.11 20:12:40.343,0.88837,0.88877,1.37,1.12
2015.05.11 20:12:41.129,0.88838,0.88876,1.00,1.12
2015.05.11 20:12:58.859,0.88838,0.88872,1.00,1.12
2015.05.11 20:12:58.974,0.88838,0.88874,1.00,1.12
2015.05.11 20:13:00.362,0.88843,0.88875,1.00,1.12
2015.05.11 20:13:17.082,0.88842,0.88877,1.00,1.12
2015.05.11 20:13:19.072,0.88843,0.88877,1.00,1.12
2015.05.11 20:13:19.626,0.88842,0.88877,1.00,1.12
2015.05.11 20:13:24.059,0.88842,0.88877,1.00,1.12
2015.05.11 20:13:24.311,0.88843,0.88882,1.37,1.75
2015.05.11 20:13:24.612,0.88852,0.88885,1.00,1.12
2015.05.11 20:13:25.125,0.88853,0.88885,1.00,1.12
2015.05.11 20:13:26.792,0.88853,0.88885,1.00,1.12
2015.05.11 20:13:48.651,0.88848,0.88884,1.00,1.12
2015.05.11 20:13:54.762,0.88848,0.88884,1.37,1.12
2015.05.11 20:13:56.363,0.88848,0.88886,1.12,1.12
2015.05.11 20:13:58.166,0.88848,0.88885,1.37,1.12
2015.05.11 20:13:58.897,0.88848,0.88884,1.12,1.12
2015.05.11 20:14:11.486,0.88847,0.88884,1.37,1.12
2015.05.11 20:14:12.587,0.88847,0.88885,1.37,1.12
2015.05.11 20:14:14.812,0.88847,0.88884,1.37,1.12
2015.05.11 20:14:20.101,0.88847,0.88885,1.37,1.12
2015.05.11 20:14:26.860,0.88847,0.88888,1.37,1.37
2015.05.11 20:14:42.650,0.88847,0.88888,1.37,1.50
2015.05.11 20:14:47.172,0.88852,0.88895,1.75,1.12
2015.05.11 20:14:47.379,0.88857,0.88897,1.37,1.12
2015.05.11 20:14:48.870,0.88853,0.88897,1.37,1.12
2015.05.11 20:14:49.365,0.88853,0.88897,1.75,1.87
2015.05.11 20:14:49.865,0.88853,0.88897,1.37,1.87
2015.05.11 20:14:54.402,0.88852,0.88897,1.75,1.12
2015.05.11 20:14:54.590,0.88853,0.88897,1.75,1.12
2015.05.11 20:14:54.699,0.88853,0.88898,1.37,1.12
2015.05.11 20:14:56.779,0.88853,0.88897,1.37,1.75
2015.05.11 20:15:01.181,0.88853,0.88897,1.37,1.75
2015.05.11 20:15:01.978,0.88853,0.88896,1.87,1.12
2015.05.11 20:15:17.549,0.88857,0.88898,1.37,1.75
2015.05.11 20:15:17.892,0.88857,0.889,1.75,1.12
2015.05.11 20:15:43.875,0.88858,0.88902,3.00,1.87
2015.05.11 20:15:43.980,0.88858,0.88901,2.62,1.37
2015.05.11 20:15:44.152,0.88867,0.88901,1.00,1.37
2015.05.11 20:15:44.462,0.88867,0.889,1.00,1.12
2015.05.11 20:15:44.614,0.88863,0.889,1.00,1.12
2015.05.11 20:15:44.665,0.88863,0.889,1.00,1.00
2015.05.11 20:15:44.766,0.88863,0.889,1.00,1.12
2015.05.11 20:15:45.069,0.88858,0.889,1.00,1.12
2015.05.11 20:15:45.120,0.88853,0.88892,1.37,1.37
2015.05.11 20:15:45.581,0.88852,0.88892,1.00,1.12
2015.05.11 20:15:45.852,0.88852,0.88886,1.00,1.12
2015.05.11 20:15:47.569,0.88852,0.88891,1.37,1.12
2015.05.11 20:15:47.876,0.88852,0.88893,1.37,1.50
2015.05.11 20:15:47.977,0.8885,0.88897,1.37,1.75
2015.05.11 20:15:48.471,0.8885,0.88892,1.37,1.12
2015.05.11 20:15:59.670,0.88857,0.88897,1.00,1.37
2015.05.11 20:15:59.931,0.88857,0.88902,1.00,1.87
2015.05.11 20:16:00.088,0.88857,0.88901,1.00,1.37
2015.05.11 20:16:00.433,0.88853,0.88896,1.12,1.12
2015.05.11 20:16:02.392,0.88848,0.88896,1.87,1.12
2015.05.11 20:16:02.792,0.88849,0.88884,1.37,1.00
2015.05.11 20:16:02.943,0.88842,0.88884,1.50,1.00
2015.05.11 20:16:02.994,0.88842,0.88884,1.37,1.00
2015.05.11 20:16:03.195,0.88838,0.88884,1.50,1.00
2015.05.11 20:16:03.769,0.88837,0.88884,1.87,1.00
2015.05.11 20:16:03.881,0.88837,0.88878,1.37,1.00
2015.05.11 20:16:05.998,0.88837,0.88878,1.75,1.00
2015.05.11 20:16:06.960,0.88837,0.88879,1.75,1.00
2015.05.11 20:16:10.907,0.88837,0.88879,1.50,1.00
2015.05.11 20:16:11.411,0.88837,0.88879,1.75,1.00
2015.05.11 20:16:16.423,0.88838,0.88887,1.50,1.75
2015.05.11 20:16:17.032,0.88838,0.88887,1.75,1.87
2015.05.11 20:16:17.520,0.88838,0.88887,1.75,1.87
2015.05.11 20:16:18.650,0.88843,0.88887,1.12,1.00
2015.05.11 20:16:18.960,0.88843,0.88887,1.87,1.00
2015.05.11 20:16:19.443,0.88843,0.88888,1.87,1.12
2015.05.11 20:16:20.003,0.88847,0.88888,1.37,1.12
2015.05.11 20:16:21.226,0.88848,0.88888,1.37,1.00
2015.05.11 20:16:22.632,0.88842,0.88888,2.25,1.00
2015.05.11 20:16:22.733,0.88843,0.88888,1.12,1.00
2015.05.11 20:16:22.834,0.88842,0.88888,2.25,1.00
2015.05.11 20:16:23.023,0.88843,0.88881,1.37,1.00
2015.05.11 20:16:23.599,0.88842,0.88881,1.75,1.00
2015.05.11 20:16:23.790,0.88842,0.88891,1.75,1.00
2015.05.11 20:16:30.284,0.88848,0.88881,1.00,1.00
2015.05.11 20:16:30.950,0.88844,0.88881,1.37,1.00
2015.05.11 20:16:31.985,0.8884,0.88881,1.37,1.00
2015.05.11 20:16:32.349,0.88843,0.88881,1.50,1.00
2015.05.11 20:16:34.792,0.88843,0.88887,1.50,1.87
2015.05.11 20:16:34.954,0.8884,0.88887,1.37,1.75
2015.05.11 20:16:35.064,0.8884,0.88887,1.37,1.75
2015.05.11 20:16:35.165,0.8884,0.88887,1.75,1.75
2015.05.11 20:16:37.058,0.88842,0.88886,1.50,1.12
2015.05.11 20:16:39.183,0.8884,0.88888,1.37,1.75
2015.05.11 20:16:39.668,0.8884,0.88887,1.75,1.75
2015.05.11 20:16:39.884,0.88845,0.88894,1.75,1.12
2015.05.11 20:16:40.081,0.88845,0.88898,1.75,1.75
2015.05.11 20:16:40.182,0.8885,0.88898,1.50,1.87
2015.05.11 20:16:40.270,0.8885,0.88897,1.37,1.12
2015.05.11 20:16:40.974,0.8885,0.88898,1.37,1.75
2015.05.11 20:16:43.194,0.8885,0.88897,1.50,1.75
2015.05.11 20:16:43.380,0.88853,0.88895,1.37,1.00
2015.05.11 20:17:01.121,0.88852,0.88885,1.37,1.00
2015.05.11 20:17:01.650,0.88853,0.88885,1.50,1.00
2015.05.11 20:17:14.921,0.88853,0.88885,1.37,1.00
2015.05.11 20:17:16.825,0.88853,0.88885,1.75,1.00
2015.05.11 20:17:18.495,0.88853,0.88888,1.75,1.00
2015.05.11 20:17:21.219,0.88853,0.88891,1.75,1.00
2015.05.11 20:17:22.529,0.88853,0.88885,2.25,1.00
2015.05.11 20:17:25.389,0.88853,0.88889,1.75,1.00
2015.05.11 20:17:25.657,0.88853,0.88889,2.25,1.00
2015.05.11 20:17:25.740,0.88853,0.88889,2.25,1.00
2015.05.11 20:17:26.118,0.88853,0.88889,2.25,1.00
2015.05.11 20:17:27.159,0.88853,0.88889,1.50,1.00
2015.05.11 20:17:27.269,0.88853,0.88889,1.75,1.00
2015.05.11 20:17:28.160,0.88852,0.88889,2.25,1.00
2015.05.11 20:17:31.114,0.88853,0.88892,1.75,1.00
2015.05.11 20:17:31.233,0.88853,0.88892,1.75,1.00
2015.05.11 20:17:31.451,0.88857,0.88892,1.75,1.00
2015.05.11 20:17:39.561,0.88857,0.88892,1.75,1.00
2015.05.11 20:17:42.119,0.88854,0.88897,1.12,1.00
2015.05.11 20:17:42.784,0.88857,0.88898,1.75,1.00
2015.05.11 20:17:44.540,0.88852,0.88895,2.25,1.00
2015.05.11 20:17:46.079,0.88863,0.88904,1.12,1.37
2015.05.11 20:17:46.180,0.88863,0.88907,1.75,1.87
2015.05.11 20:17:46.482,0.88875,0.88907,1.37,1.75
2015.05.11 20:17:48.073,0.88875,0.88908,1.37,1.75
2015.05.11 20:17:48.573,0.88875,0.88908,1.37,1.75
2015.05.11 20:17:50.814,0.88875,0.88899,1.37,1.00
2015.05.11 20:17:50.918,0.88871,0.88899,1.37,1.00
2015.05.11 20:17:51.422,0.88871,0.88899,1.37,1.00
2015.05.11 20:17:52.203,0.88871,0.88899,1.37,1.00
2015.05.11 20:17:52.681,0.88871,0.88899,1.50,1.00
2015.05.11 20:17:54.884,0.88871,0.88899,1.37,1.00
2015.05.11 20:17:55.660,0.88871,0.88899,1.37,1.00
2015.05.11 20:17:57.689,0.88871,0.88899,1.37,1.00
2015.05.11 20:17:59.093,0.88871,0.88899,1.37,1.00
2015.05.11 20:17:59.493,0.88871,0.88899,1.50,1.00
2015.05.11 20:17:59.793,0.88871,0.88899,1.00,1.00
2015.05.11 20:18:01.797,0.88871,0.88899,1.37,1.00
2015.05.11 20:18:03.928,0.88871,0.88908,1.12,1.75
2015.05.11 20:18:04.130,0.88862,0.88907,2.25,1.12
2015.05.11 20:18:04.448,0.88863,0.88902,1.37,1.00
2015.05.11 20:18:04.502,0.88863,0.88902,1.37,1.00
2015.05.11 20:18:04.843,0.88863,0.88902,1.75,1.00
2015.05.11 20:18:05.336,0.88868,0.88899,1.37,1.00
2015.05.11 20:18:09.812,0.88868,0.88899,1.00,1.00
2015.05.11 20:18:10.579,0.88867,0.88899,1.37,1.00
2015.05.11 20:18:14.788,0.88863,0.88893,1.75,1.00
2015.05.11 20:18:15.404,0.88863,0.88893,1.50,1.00
2015.05.11 20:18:15.750,0.88863,0.88893,1.37,1.00
2015.05.11 20:18:16.121,0.88863,0.88893,1.75,1.00
2015.05.11 20:18:16.207,0.88863,0.88899,1.75,1.00
2015.05.11 20:18:17.287,0.88873,0.88899,1.00,1.00
2015.05.11 20:18:17.573,0.88873,0.88912,1.75,1.37
2015.05.11 20:18:17.624,0.88875,0.8892,1.12,1.37
2015.05.11 20:18:17.762,0.88879,0.8892,1.12,1.37
2015.05.11 20:18:17.863,0.88882,0.8892,1.12,1.37
2015.05.11 20:18:18.065,0.88878,0.8892,1.00,1.00
2015.05.11 20:18:18.117,0.88878,0.88903,1.00,1.00
2015.05.11 20:18:18.725,0.88877,0.88903,1.00,1.00
2015.05.11 20:18:20.827,0.88877,0.88899,1.00,1.00
2015.05.11 20:18:21.379,0.88873,0.88899,1.37,1.00
2015.05.11 20:18:22.061,0.88873,0.88899,1.37,1.00
2015.05.11 20:18:28.181,0.88873,0.88912,1.50,1.75
2015.05.11 20:18:28.232,0.88873,0.88912,1.50,1.75
2015.05.11 20:18:28.342,0.88873,0.88912,1.37,1.87
2015.05.11 20:18:28.443,0.88873,0.88917,1.37,3.00
2015.05.11 20:18:28.616,0.8888,0.88923,1.37,1.37
2015.05.11 20:18:28.666,0.8888,0.88924,1.75,1.12
2015.05.11 20:18:29.059,0.88893,0.88924,1.00,1.12
2015.05.11 20:18:30.860,0.88893,0.88929,1.00,1.12
2015.05.11 20:18:35.017,0.88893,0.88926,1.00,1.12
2015.05.11 20:18:40.124,0.88893,0.88928,1.00,1.12
2015.05.11 20:18:40.225,0.88888,0.88928,1.37,1.37
2015.05.11 20:18:40.367,0.88892,0.88928,1.00,1.37
2015.05.11 20:18:40.933,0.88893,0.88928,1.00,1.37
2015.05.11 20:18:41.577,0.88887,0.88929,1.37,1.12
2015.05.11 20:18:41.628,0.88887,0.88929,1.37,1.12
2015.05.11 20:18:41.678,0.88887,0.88925,1.37,1.12
2015.05.11 20:18:43.873,0.88888,0.88926,1.37,1.12
2015.05.11 20:18:44.176,0.88888,0.88924,1.00,1.12
2015.05.11 20:18:46.064,0.88888,0.88924,1.00,1.12
2015.05.11 20:18:46.347,0.88893,0.88928,1.00,1.12
2015.05.11 20:18:47.887,0.88893,0.88926,1.00,1.00
2015.05.11 20:18:48.707,0.88893,0.88928,1.37,1.12
2015.05.11 20:18:49.091,0.88893,0.88928,1.00,1.75
2015.05.11 20:18:49.293,0.88893,0.88928,1.00,1.12
2015.05.11 20:18:49.976,0.88893,0.88926,1.00,1.00
2015.05.11 20:18:50.087,0.88893,0.88926,1.00,1.12
2015.05.11 20:18:51.807,0.88887,0.88926,1.37,1.12
2015.05.11 20:18:51.858,0.88887,0.88926,1.37,1.12
2015.05.11 20:18:51.908,0.88887,0.88926,1.00,1.12
2015.05.11 20:18:52.136,0.88882,0.88923,1.37,1.75
2015.05.11 20:18:57.207,0.88883,0.88922,1.12,1.75
2015.05.11 20:19:28.366,0.88883,0.88922,1.12,1.00
2015.05.11 20:19:28.907,0.88882,0.88923,1.00,1.00
2015.05.11 20:19:31.546,0.88887,0.88928,1.00,1.37
2015.05.11 20:19:32.028,0.88887,0.88925,1.00,1.12
2015.05.11 20:19:33.903,0.88883,0.88922,1.75,1.75
2015.05.11 20:19:34.004,0.88883,0.88922,1.75,1.75
2015.05.11 20:19:34.105,0.88883,0.88916,1.37,1.00
2015.05.11 20:19:34.297,0.88888,0.88916,1.00,1.00
2015.05.11 20:19:34.736,0.88882,0.88916,1.00,1.00
2015.05.11 20:19:35.066,0.88878,0.88916,1.00,1.00
2015.05.11 20:19:35.286,0.88882,0.88916,1.00,1.00
2015.05.11 20:19:35.675,0.88888,0.88916,1.00,1.00
2015.05.11 20:19:36.401,0.88887,0.88916,1.00,1.00
2015.05.11 20:19:36.971,0.88888,0.88916,1.37,1.00
2015.05.11 20:19:37.072,0.88888,0.88919,1.37,1.00
2015.05.11 20:19:37.655,0.88888,0.88919,1.37,1.00
2015.05.11 20:19:40.406,0.88888,0.88927,1.37,1.12
2015.05.11 20:19:40.826,0.88883,0.88921,1.12,1.12
2015.05.11 20:19:41.346,0.88887,0.88921,1.00,1.12
2015.05.11 20:19:43.325,0.88887,0.88922,1.00,1.12
2015.05.11 20:19:44.113,0.88888,0.88922,1.00,1.12
2015.05.11 20:19:46.405,0.88888,0.88922,1.00,1.12
2015.05.11 20:19:58.055,0.88882,0.88922,1.37,1.12
2015.05.11 20:20:01.914,0.88882,0.88923,1.37,1.87
2015.05.11 20:20:07.521,0.88882,0.88923,1.37,1.87
2015.05.11 20:20:09.068,0.88887,0.88923,1.00,1.12
2015.05.11 20:20:09.678,0.88888,0.88923,1.00,1.12
2015.05.11 20:20:10.279,0.88887,0.88923,1.00,1.12
2015.05.11 20:20:10.598,0.88882,0.88923,1.37,1.12
2015.05.11 20:20:10.649,0.88882,0.8892,1.37,1.12
2015.05.11 20:20:11.158,0.88882,0.8891,1.37,1.00
2015.05.11 20:20:12.412,0.88882,0.8891,1.37,1.00
2015.05.11 20:20:12.850,0.88882,0.8891,1.37,1.00
2015.05.11 20:20:13.174,0.88884,0.88927,1.12,1.00
2015.05.11 20:20:13.368,0.88898,0.88927,1.00,1.37
2015.05.11 20:20:13.842,0.88892,0.88927,1.00,1.00
2015.05.11 20:20:14.389,0.88893,0.88927,1.00,1.00
2015.05.11 20:20:14.608,0.88893,0.88922,1.00,1.00
2015.05.11 20:20:16.538,0.88888,0.88922,1.12,1.00
2015.05.11 20:20:27.928,0.88883,0.88929,1.50,1.12
2015.05.11 20:20:33.388,0.88882,0.88929,1.75,2.62
2015.05.11 20:20:33.598,0.88878,0.88929,1.75,2.62
2015.05.11 20:20:33.699,0.88878,0.88926,1.75,1.12
2015.05.11 20:20:34.290,0.88883,0.88925,1.37,1.12
2015.05.11 20:20:34.408,0.88878,0.88926,1.75,1.12
2015.05.11 20:20:37.204,0.88883,0.88927,1.37,1.12
2015.05.11 20:20:37.777,0.88883,0.88927,1.37,1.12
2015.05.11 20:20:39.317,0.8888,0.88927,1.75,1.87
2015.05.11 20:20:41.190,0.8888,0.8891,1.75,1.00
2015.05.11 20:20:41.241,0.8888,0.8891,1.37,1.00
2015.05.11 20:20:41.763,0.88878,0.8891,1.37,1.00
2015.05.11 20:20:41.914,0.88878,0.8891,1.37,1.00
2015.05.11 20:20:43.519,0.88873,0.88918,1.37,1.12
2015.05.11 20:20:44.821,0.88873,0.88908,1.37,1.00
2015.05.11 20:20:45.811,0.88877,0.88908,1.00,1.00
2015.05.11 20:20:46.421,0.88873,0.88908,1.37,1.00
2015.05.11 20:20:47.081,0.88872,0.88908,1.37,1.00
2015.05.11 20:20:51.326,0.88872,0.88911,1.37,1.00
2015.05.11 20:20:54.607,0.88873,0.88913,1.37,1.00
2015.05.11 20:20:57.466,0.88873,0.88916,1.37,1.12
2015.05.11 20:21:00.049,0.88873,0.88917,1.37,1.75
2015.05.11 20:21:00.150,0.88873,0.88915,1.50,1.00
2015.05.11 20:21:00.251,0.88873,0.88915,1.75,1.00
2015.05.11 20:21:01.357,0.88873,0.88913,1.75,1.00
2015.05.11 20:21:01.855,0.88872,0.88913,1.75,1.00
2015.05.11 20:21:02.412,0.88883,0.88913,1.00,1.00
2015.05.11 20:21:03.186,0.88883,0.88922,1.00,1.87
2015.05.11 20:21:03.498,0.88883,0.88922,1.37,1.75
2015.05.11 20:21:04.008,0.88883,0.88922,1.37,1.87
2015.05.11 20:21:04.062,0.88883,0.88922,1.00,1.75
2015.05.11 20:21:06.089,0.88883,0.88922,1.00,1.75
2015.05.11 20:21:06.868,0.88883,0.88922,1.37,1.75
2015.05.11 20:21:07.591,0.88883,0.88922,1.37,1.75
2015.05.11 20:21:08.871,0.88883,0.88922,1.75,1.75
2015.05.11 20:21:08.972,0.88883,0.88922,1.75,1.75
2015.05.11 20:21:09.023,0.88883,0.88922,1.75,1.75
2015.05.11 20:21:09.073,0.88883,0.88922,1.37,1.75
2015.05.11 20:21:09.306,0.88882,0.8892,1.00,1.12
2015.05.11 20:21:09.406,0.88878,0.88921,1.75,1.12
2015.05.11 20:21:09.573,0.88881,0.88927,1.50,1.75
2015.05.11 20:21:09.674,0.88888,0.88927,1.00,1.75
2015.05.11 20:21:10.877,0.88887,0.88928,1.00,1.75
2015.05.11 20:21:11.554,0.88888,0.88927,1.00,1.75
2015.05.11 20:21:12.862,0.88892,0.88933,1.00,1.75
2015.05.11 20:21:13.347,0.88893,0.88934,1.12,1.00
2015.05.11 20:21:13.782,0.88892,0.88934,1.75,1.00
2015.05.11 20:21:13.882,0.88893,0.88934,1.37,1.00
2015.05.11 20:21:13.983,0.88893,0.88934,1.00,1.37
2015.05.11 20:21:14.084,0.88892,0.88934,1.00,1.75
2015.05.11 20:21:14.425,0.88893,0.88931,1.00,1.12
2015.05.11 20:21:14.836,0.88888,0.88927,1.00,1.75
2015.05.11 20:21:15.385,0.88888,0.88927,1.37,1.75
2015.05.11 20:21:15.786,0.88888,0.88927,1.75,1.75
2015.05.11 20:21:16.487,0.88893,0.88932,1.00,1.75
2015.05.11 20:21:16.837,0.88893,0.88932,1.75,1.75
2015.05.11 20:21:16.888,0.88893,0.88932,1.75,1.75
2015.05.11 20:21:16.989,0.88893,0.88932,1.00,1.87
2015.05.11 20:21:17.402,0.88888,0.88927,1.00,1.75
2015.05.11 20:21:17.603,0.88892,0.88933,1.00,1.75
2015.05.11 20:21:17.807,0.88888,0.88927,1.00,1.75
2015.05.11 20:21:18.137,0.88893,0.88932,1.00,1.75
2015.05.11 20:21:18.807,0.88888,0.88927,1.00,1.75
2015.05.11 20:21:18.908,0.88888,0.88927,1.37,1.75
2015.05.11 20:21:19.526,0.88891,0.88927,1.37,1.75
2015.05.11 20:21:19.793,0.88888,0.88927,1.37,1.75
2015.05.11 20:21:20.217,0.88887,0.88928,1.00,1.75
2015.05.11 20:21:20.813,0.88887,0.88928,1.37,1.75
2015.05.11 20:21:21.504,0.88887,0.88928,1.37,1.75
2015.05.11 20:21:22.866,0.88892,0.88933,1.00,1.75
2015.05.11 20:21:23.198,0.88892,0.88933,1.37,1.75
2015.05.11 20:21:23.811,0.88892,0.88933,1.50,1.75
2015.05.11 20:21:24.103,0.88894,0.88933,1.12,1.75
2015.05.11 20:21:24.154,0.88895,0.88933,1.12,1.75
2015.05.11 20:21:24.255,0.88892,0.88933,1.50,1.75
2015.05.11 20:21:24.813,0.88898,0.88937,1.37,1.75
2015.05.11 20:21:25.115,0.88893,0.88937,1.00,1.75
2015.05.11 20:21:25.401,0.88898,0.88937,1.00,1.75
2015.05.11 20:21:25.858,0.88892,0.88938,2.25,1.50
2015.05.11 20:21:25.959,0.88892,0.88938,2.25,1.50
2015.05.11 20:21:26.376,0.88903,0.88942,1.00,1.87
2015.05.11 20:21:27.276,0.88903,0.88941,1.00,1.12
2015.05.11 20:21:27.376,0.88897,0.88943,1.00,1.75
2015.05.11 20:21:27.621,0.88893,0.88937,1.00,1.75
2015.05.11 20:21:27.826,0.88903,0.88942,1.00,1.75
2015.05.11 20:21:28.047,0.88903,0.88942,1.00,1.75
2015.05.11 20:21:28.579,0.88907,0.88947,1.00,1.75
2015.05.11 20:21:28.681,0.88903,0.88947,1.50,1.75
2015.05.11 20:21:28.832,0.88897,0.88943,1.50,1.75
2015.05.11 20:21:29.170,0.88903,0.88942,1.00,1.75
2015.05.11 20:21:29.734,0.88903,0.88942,1.37,1.75
2015.05.11 20:21:29.936,0.88903,0.88947,1.37,1.87
2015.05.11 20:21:30.809,0.88903,0.88942,1.37,1.75
2015.05.11 20:21:37.650,0.88903,0.88942,1.37,1.75
2015.05.11 20:21:41.254,0.88903,0.88942,1.37,1.75
2015.05.11 20:21:41.355,0.88898,0.88942,1.75,1.75
2015.05.11 20:21:41.406,0.88898,0.88942,1.75,1.50
2015.05.11 20:21:41.759,0.88897,0.88942,2.62,1.00
2015.05.11 20:21:43.555,0.88902,0.88943,1.37,1.75
2015.05.11 20:21:49.067,0.88902,0.88943,1.37,1.75
2015.05.11 20:21:51.176,0.88903,0.88942,1.37,1.75
2015.05.11 20:22:05.389,0.88902,0.88943,1.37,1.75
2015.05.11 20:22:23.022,0.88903,0.88942,1.37,1.75
2015.05.11 20:22:32.835,0.88903,0.88942,1.37,1.75
2015.05.11 20:22:35.937,0.88903,0.88942,1.12,1.75
2015.05.11 20:22:46.363,0.88897,0.88938,1.50,1.37
2015.05.11 20:22:54.824,0.88903,0.8894,1.00,1.12
2015.05.11 20:22:55.395,0.88903,0.88941,1.37,1.12
2015.05.11 20:22:56.171,0.88903,0.8894,1.00,1.12
2015.05.11 20:23:06.375,0.88902,0.8894,1.00,1.12
2015.05.11 20:23:15.284,0.88897,0.8894,1.37,1.12
2015.05.11 20:23:15.334,0.88902,0.88951,1.12,2.10
2015.05.11 20:23:15.536,0.88911,0.88958,2.05,1.87
2015.05.11 20:23:15.859,0.88908,0.88948,1.50,1.12
2015.05.11 20:23:15.910,0.88908,0.88953,1.37,1.12
2015.05.11 20:23:15.963,0.88908,0.88945,1.00,1.12
2015.05.11 20:23:16.215,0.88907,0.88943,1.12,1.00
2015.05.11 20:23:16.844,0.88908,0.88953,1.00,1.12
2015.05.11 20:23:19.133,0.88907,0.88947,1.12,1.12
2015.05.11 20:23:19.636,0.88903,0.88942,1.37,1.00
2015.05.11 20:23:24.989,0.88902,0.88943,1.50,1.50
2015.05.11 20:23:26.641,0.88903,0.88942,1.37,1.00
2015.05.11 20:23:57.337,0.88903,0.88943,1.37,1.00
2015.05.11 20:23:57.659,0.88899,0.88937,1.12,1.00
2015.05.11 20:24:00.668,0.88898,0.88937,1.37,1.87
2015.05.11 20:24:00.769,0.88898,0.88937,1.00,1.87
2015.05.11 20:24:00.870,0.88898,0.88937,1.00,2.25
2015.05.11 20:24:00.971,0.88898,0.88937,1.00,1.87
2015.05.11 20:24:01.092,0.88897,0.88937,1.00,1.75
2015.05.11 20:24:01.171,0.88897,0.88937,1.12,1.37
2015.05.11 20:24:01.679,0.88897,0.88937,1.00,1.12
2015.05.11 20:24:01.803,0.88897,0.88931,1.00,1.00
2015.05.11 20:24:01.854,0.88893,0.88931,1.37,1.00
2015.05.11 20:24:02.362,0.88898,0.88931,1.00,1.00
2015.05.11 20:24:02.899,0.88898,0.88931,1.00,1.37
2015.05.11 20:24:04.010,0.88898,0.88931,1.00,1.00
2015.05.11 20:24:04.125,0.88893,0.88931,1.37,1.00
2015.05.11 20:24:04.899,0.88893,0.88931,1.37,1.12
2015.05.11 20:24:05.560,0.88893,0.88931,1.37,1.00
2015.05.11 20:24:06.220,0.88893,0.88931,1.37,1.00
2015.05.11 20:24:23.506,0.88893,0.88932,1.37,1.37
2015.05.11 20:24:23.852,0.88892,0.88938,1.87,1.50
2015.05.11 20:24:24.373,0.88898,0.88937,1.00,1.12
2015.05.11 20:24:28.872,0.88897,0.88937,1.12,1.12
2015.05.11 20:24:35.251,0.88898,0.88937,1.00,1.50
2015.05.11 20:24:36.571,0.88897,0.88937,1.12,1.00
2015.05.11 20:24:37.575,0.88888,0.88937,2.25,1.87
2015.05.11 20:24:37.626,0.88888,0.88932,2.25,1.12
2015.05.11 20:24:37.726,0.88888,0.88931,1.37,1.12
2015.05.11 20:24:38.161,0.88887,0.88928,1.37,1.75
2015.05.11 20:24:40.631,0.88887,0.88924,1.37,1.00
2015.05.11 20:24:42.032,0.88888,0.88924,1.37,1.00
2015.05.11 20:24:42.083,0.8889,0.88933,1.12,1.50
2015.05.11 20:24:42.274,0.8889,0.88933,1.37,1.50
2015.05.11 20:24:42.602,0.88898,0.88936,1.00,1.12
2015.05.11 20:24:42.652,0.88893,0.88936,1.37,1.12
2015.05.11 20:24:42.850,0.88898,0.88936,1.00,1.12
2015.05.11 20:24:44.261,0.88898,0.88937,1.00,1.37
2015.05.11 20:24:53.347,0.88898,0.88937,1.00,1.50
2015.05.11 20:24:53.662,0.88893,0.88934,1.00,1.37
2015.05.11 20:24:54.200,0.88892,0.88933,1.12,1.37
2015.05.11 20:25:02.107,0.88893,0.88928,1.00,1.00
2015.05.11 20:25:02.644,0.88892,0.88928,1.12,1.00
2015.05.11 20:25:03.046,0.88893,0.88928,1.37,1.00
2015.05.11 20:25:03.375,0.88892,0.88928,1.75,1.00
2015.05.11 20:25:03.986,0.88893,0.88932,1.75,1.75
2015.05.11 20:25:05.524,0.88893,0.88932,1.37,1.75
2015.05.11 20:25:05.576,0.88893,0.88932,1.75,1.75
2015.05.11 20:25:06.125,0.88897,0.88938,1.50,1.12
2015.05.11 20:25:06.177,0.88897,0.88938,1.37,1.50
2015.05.11 20:25:06.814,0.88897,0.88937,1.37,1.12
2015.05.11 20:25:13.524,0.88897,0.88937,1.37,1.12
2015.05.11 20:25:16.070,0.88897,0.88937,1.37,1.12
2015.05.11 20:25:18.494,0.88897,0.88938,1.00,1.87
2015.05.11 20:25:19.024,0.88897,0.88934,1.00,1.00
2015.05.11 20:25:19.617,0.88898,0.88934,1.00,1.00
2015.05.11 20:25:22.883,0.88897,0.88938,1.00,1.87
2015.05.11 20:25:25.074,0.88897,0.88938,1.00,1.87
2015.05.11 20:25:28.006,0.88897,0.88938,1.37,1.87
2015.05.11 20:25:35.634,0.88897,0.88934,1.37,1.00
2015.05.11 20:25:53.563,0.88898,0.88934,1.00,1.12
2015.05.11 20:25:53.614,0.88893,0.88934,1.37,1.12
2015.05.11 20:25:54.314,0.88893,0.88932,1.37,1.87
2015.05.11 20:26:09.732,0.88893,0.88929,1.37,1.00
2015.05.11 20:26:12.570,0.88892,0.88929,1.37,1.00
2015.05.11 20:26:12.702,0.88892,0.88927,1.37,1.00
2015.05.11 20:26:13.471,0.88892,0.88927,1.00,1.00
2015.05.11 20:26:15.894,0.88892,0.88932,1.00,1.12
2015.05.11 20:26:17.904,0.88893,0.88932,1.00,1.87
2015.05.11 20:26:18.362,0.88887,0.88929,1.37,1.00
2015.05.11 20:26:18.436,0.88887,0.88929,1.37,1.00
2015.05.11 20:26:18.981,0.88887,0.88929,1.12,1.37
2015.05.11 20:26:19.186,0.88882,0.88929,1.37,1.37
2015.05.11 20:26:19.429,0.88882,0.88929,1.37,1.50
2015.05.11 20:26:19.729,0.88882,0.88929,1.37,1.37
2015.05.11 20:26:19.779,0.88882,0.88926,1.37,1.12
2015.05.11 20:26:19.830,0.88882,0.88925,1.12,1.12
2015.05.11 20:26:22.712,0.88882,0.88924,1.00,1.12
2015.05.11 20:26:31.320,0.88887,0.88927,1.00,1.12
2015.05.11 20:26:31.622,0.88887,0.8893,1.37,1.12
2015.05.11 20:26:32.231,0.88888,0.88932,1.00,1.12
2015.05.11 20:26:35.372,0.88883,0.88932,1.37,1.12
2015.05.11 20:26:38.319,0.88883,0.88932,1.37,1.12
2015.05.11 20:26:39.412,0.88883,0.88931,1.37,1.12
2015.05.11 20:26:51.574,0.88883,0.88932,1.37,1.37
2015.05.11 20:26:51.758,0.88883,0.88933,1.75,1.12
2015.05.11 20:26:52.182,0.88892,0.88934,1.00,1.12
2015.05.11 20:27:09.063,0.88892,0.88932,1.00,1.00
2015.05.11 20:27:11.991,0.88892,0.88933,1.00,1.12
2015.05.11 20:27:15.951,0.88892,0.88933,1.00,1.12
2015.05.11 20:27:17.641,0.88893,0.88932,1.00,1.12
2015.05.11 20:27:17.766,0.88893,0.88932,1.00,1.12
2015.05.11 20:27:17.833,0.88887,0.88928,1.00,1.12
2015.05.11 20:27:18.492,0.88887,0.88928,1.00,1.50
2015.05.11 20:27:19.041,0.88888,0.88927,1.00,1.37
2015.05.11 20:27:19.560,0.88888,0.88927,1.00,1.37
2015.05.11 20:27:22.497,0.88888,0.88927,1.00,1.00
2015.05.11 20:27:23.651,0.88888,0.88927,1.00,1.50
2015.05.11 20:27:26.851,0.88887,0.88928,1.00,1.75
2015.05.11 20:27:37.731,0.88887,0.88928,1.00,1.50
2015.05.11 20:27:46.557,0.88887,0.88928,1.00,1.87
2015.05.11 20:27:47.548,0.88887,0.88927,1.00,1.00
2015.05.11 20:27:50.039,0.88887,0.88928,1.00,1.87
2015.05.11 20:27:50.090,0.88882,0.88926,1.37,1.12
2015.05.11 20:27:50.340,0.88882,0.88925,1.00,1.12
2015.05.11 20:27:51.040,0.88883,0.88922,1.00,1.50
2015.05.11 20:27:51.600,0.88877,0.88923,1.37,1.75
2015.05.11 20:27:51.714,0.88877,0.88923,1.37,1.75
2015.05.11 20:27:52.437,0.88878,0.88917,1.37,1.50
2015.05.11 20:27:53.445,0.88878,0.88917,1.37,1.50
2015.05.11 20:28:01.820,0.88878,0.88917,1.37,1.75
2015.05.11 20:28:13.632,0.88875,0.88918,1.75,1.75
2015.05.11 20:28:22.295,0.88875,0.88918,1.75,1.75
2015.05.11 20:28:23.534,0.88875,0.88918,1.75,1.75
2015.05.11 20:28:25.249,0.88875,0.88918,1.75,1.75
2015.05.11 20:28:32.290,0.88875,0.8891,1.75,1.00
2015.05.11 20:28:32.341,0.88875,0.8891,1.37,1.00
2015.05.11 20:28:34.307,0.88871,0.8891,1.75,1.00
2015.05.11 20:28:35.077,0.88871,0.88917,1.75,1.75
2015.05.11 20:28:39.141,0.88871,0.88917,1.75,1.75
2015.05.11 20:28:39.957,0.88871,0.88917,1.75,1.75
2015.05.11 20:28:40.007,0.88871,0.88916,1.75,1.00
2015.05.11 20:28:40.932,0.88873,0.88916,1.75,1.00
2015.05.11 20:28:41.470,0.88872,0.88918,1.50,1.75
2015.05.11 20:28:43.675,0.88871,0.88913,1.75,1.00
2015.05.11 20:28:45.956,0.88871,0.88913,1.50,1.00
2015.05.11 20:28:46.480,0.88868,0.88912,1.75,1.00
2015.05.11 20:28:49.140,0.88867,0.88913,1.75,1.00
2015.05.11 20:28:49.898,0.88873,0.88912,1.37,1.00
2015.05.11 20:28:50.861,0.88873,0.88912,1.37,1.00
2015.05.11 20:28:51.549,0.88872,0.88913,1.37,1.00
2015.05.11 20:28:53.089,0.88878,0.88917,1.00,1.87
2015.05.11 20:28:53.958,0.88878,0.88917,1.00,1.87
2015.05.11 20:28:58.579,0.88878,0.88916,1.00,1.12
2015.05.11 20:28:58.629,0.88867,0.88916,1.75,1.12
2015.05.11 20:28:58.786,0.88867,0.88918,1.37,1.87
2015.05.11 20:28:58.837,0.88873,0.88917,1.00,1.75
2015.05.11 20:29:00.598,0.88873,0.88914,1.00,1.12
2015.05.11 20:29:02.869,0.88873,0.8891,1.00,1.12
2015.05.11 20:29:02.919,0.88868,0.8891,1.00,1.12
2015.05.11 20:29:05.839,0.88868,0.88907,1.00,1.75
2015.05.11 20:29:11.348,0.88867,0.88908,1.12,1.75
2015.05.11 20:29:12.499,0.88867,0.88908,1.37,1.75
2015.05.11 20:29:22.587,0.88867,0.88906,1.37,1.00
2015.05.11 20:29:22.638,0.88867,0.88906,1.37,1.00
2015.05.11 20:29:22.977,0.88873,0.88906,1.12,1.00
2015.05.11 20:29:31.798,0.88872,0.88913,1.37,1.87
2015.05.11 20:29:32.608,0.88868,0.88907,1.37,1.75
2015.05.11 20:29:33.185,0.88868,0.88907,1.37,1.75
2015.05.11 20:29:33.712,0.88868,0.88904,1.00,1.00
2015.05.11 20:29:34.877,0.88868,0.88902,1.12,1.00
2015.05.11 20:29:38.297,0.88867,0.88902,1.00,1.00
2015.05.11 20:29:38.847,0.88868,0.88902,1.00,1.00
2015.05.11 20:29:41.587,0.88868,0.88904,1.00,1.00
2015.05.11 20:29:42.158,0.88867,0.88904,1.00,1.00
2015.05.11 20:29:44.557,0.88867,0.88904,1.00,1.12
2015.05.11 20:29:48.738,0.88867,0.88904,1.00,1.00
2015.05.11 20:29:51.388,0.88868,0.88904,1.00,1.00
2015.05.11 20:29:52.077,0.88867,0.88904,1.00,1.00
2015.05.11 20:30:00.298,0.88863,0.88904,1.12,1.00
2015.05.11 20:30:10.571,0.88863,0.88905,1.00,1.12
2015.05.11 20:30:13.076,0.88863,0.88905,1.12,1.37
2015.05.11 20:30:18.087,0.88863,0.88905,1.00,1.12
2015.05.11 20:30:21.859,0.88862,0.88903,1.12,1.12
2015.05.11 20:30:26.703,0.88862,0.88904,1.00,1.12
2015.05.11 20:30:27.304,0.88862,0.88905,1.00,1.12
2015.05.11 20:30:27.890,0.88863,0.88905,1.00,1.12
2015.05.11 20:30:28.406,0.88863,0.88906,1.00,1.12
2015.05.11 20:30:30.329,0.88858,0.88906,1.00,1.12
2015.05.11 20:30:30.412,0.88858,0.88905,1.00,1.12
2015.05.11 20:30:30.960,0.88857,0.88904,1.00,1.37
2015.05.11 20:30:31.230,0.88858,0.88903,1.00,1.37
2015.05.11 20:30:31.849,0.88852,0.88903,1.87,1.37
2015.05.11 20:30:31.900,0.88852,0.88901,1.12,1.37
2015.05.11 20:30:37.343,0.88852,0.88903,1.37,1.12
2015.05.11 20:30:37.444,0.88852,0.88903,1.37,1.12
2015.05.11 20:30:37.544,0.88852,0.88903,1.37,1.12
2015.05.11 20:30:37.891,0.88858,0.88903,1.00,1.12
2015.05.11 20:30:41.539,0.88858,0.88901,1.00,1.00
2015.05.11 20:30:43.237,0.88858,0.88901,1.37,1.00
2015.05.11 20:30:43.838,0.88858,0.88901,1.37,1.00
2015.05.11 20:30:44.110,0.88857,0.88906,1.50,1.12
2015.05.11 20:30:44.273,0.88857,0.88908,1.37,1.12
2015.05.11 20:30:45.103,0.88858,0.88902,1.12,1.00
2015.05.11 20:30:45.542,0.88858,0.88902,1.00,1.37
2015.05.11 20:30:46.092,0.88858,0.88902,1.00,1.37
2015.05.11 20:30:46.851,0.88858,0.88902,1.00,1.75
2015.05.11 20:30:52.660,0.88858,0.88902,1.00,1.50
2015.05.11 20:30:53.761,0.88858,0.88902,1.00,1.75
2015.05.11 20:30:59.669,0.88858,0.88902,1.00,1.50
2015.05.11 20:31:00.281,0.88858,0.88902,1.00,1.37
2015.05.11 20:31:00.788,0.88858,0.88898,1.00,1.12
2015.05.11 20:31:01.128,0.88853,0.88898,1.00,1.12
2015.05.11 20:31:02.394,0.88853,0.88893,1.00,1.12
2015.05.11 20:31:02.495,0.88853,0.88895,1.00,1.12
2015.05.11 20:31:03.117,0.88853,0.88892,1.00,1.12
2015.05.11 20:31:03.173,0.88853,0.88896,1.00,1.12
2015.05.11 20:31:03.551,0.88857,0.88895,1.00,1.12
2015.05.11 20:31:05.858,0.88853,0.88898,1.00,1.12
2015.05.11 20:31:15.308,0.88853,0.88886,1.00,1.00
2015.05.11 20:31:15.358,0.88848,0.88886,1.00,1.00
2015.05.11 20:31:18.701,0.88848,0.88886,1.37,1.00
2015.05.11 20:31:19.109,0.88848,0.88886,1.12,1.00
2015.05.11 20:31:19.204,0.88848,0.88886,1.37,1.00
2015.05.11 20:31:20.509,0.88848,0.88886,1.00,1.00
2015.05.11 20:31:21.063,0.88847,0.88886,1.12,1.00
2015.05.11 20:31:42.817,0.88848,0.88886,1.00,1.00
2015.05.11 20:31:43.331,0.88847,0.88886,1.00,1.00
2015.05.11 20:31:52.827,0.88848,0.88886,1.00,1.00
2015.05.11 20:31:55.754,0.88848,0.88886,1.00,1.37
2015.05.11 20:32:15.733,0.88848,0.8889,1.00,1.37
2015.05.11 20:32:16.722,0.88848,0.8889,1.00,1.12
2015.05.11 20:32:17.307,0.88847,0.88893,1.00,1.37
2015.05.11 20:32:17.993,0.88848,0.88897,1.00,2.10
2015.05.11 20:32:28.510,0.88848,0.88897,1.00,2.10
2015.05.11 20:32:29.797,0.88852,0.88897,1.00,1.35
2015.05.11 20:32:29.925,0.88847,0.88897,1.00,1.35
2015.05.11 20:32:30.535,0.88848,0.88897,1.00,2.10
2015.05.11 20:32:39.044,0.88848,0.88897,1.00,2.85
2015.05.11 20:32:41.946,0.88848,0.88897,1.00,2.85
2015.05.11 20:32:43.234,0.88848,0.88897,1.00,2.85
2015.05.11 20:32:50.587,0.88847,0.88897,1.00,1.75
2015.05.11 20:32:54.657,0.88848,0.88897,1.00,2.25
2015.05.11 20:32:54.758,0.88848,0.88886,1.00,1.00
2015.05.11 20:33:00.764,0.88848,0.88886,1.37,1.00
2015.05.11 20:33:01.565,0.88848,0.88886,1.00,1.00
2015.05.11 20:33:02.446,0.88848,0.8889,1.00,1.12
2015.05.11 20:33:04.868,0.88848,0.88886,1.00,1.00
2015.05.11 20:33:13.685,0.88848,0.88886,1.00,1.37
2015.05.11 20:33:14.784,0.88847,0.88886,1.12,1.37
2015.05.11 20:33:24.101,0.88847,0.88886,1.00,1.12
2015.05.11 20:33:25.374,0.88838,0.8888,1.75,1.00
2015.05.11 20:33:25.425,0.88838,0.8888,1.00,1.00
2015.05.11 20:33:26.006,0.88837,0.8888,1.00,1.37
2015.05.11 20:33:26.345,0.88833,0.88878,1.37,1.37
2015.05.11 20:33:28.136,0.88833,0.8888,1.00,1.12
2015.05.11 20:33:28.745,0.88832,0.88878,1.12,1.37
2015.05.11 20:33:29.820,0.88832,0.88878,1.00,1.12
2015.05.11 20:33:29.871,0.88827,0.88878,1.12,1.12
2015.05.11 20:33:30.231,0.88827,0.88878,1.37,1.75
2015.05.11 20:33:30.584,0.88833,0.88878,1.00,1.75
2015.05.11 20:33:32.018,0.88833,0.88878,1.00,1.12
2015.05.11 20:33:32.708,0.88833,0.88878,1.00,1.12
2015.05.11 20:33:34.121,0.88833,0.88878,1.00,1.12
2015.05.11 20:33:34.623,0.88833,0.88879,1.00,1.12
2015.05.11 20:33:38.599,0.88833,0.88878,1.00,1.75
2015.05.11 20:33:38.998,0.88833,0.88874,1.00,1.75
2015.05.11 20:33:39.640,0.88833,0.88874,1.00,1.75
2015.05.11 20:33:41.051,0.88833,0.88874,1.00,1.75
2015.05.11 20:33:41.844,0.88832,0.88867,1.00,1.37
2015.05.11 20:33:42.535,0.88833,0.88867,1.00,1.37
2015.05.11 20:33:43.549,0.88833,0.88867,1.00,1.37
2015.05.11 20:33:59.069,0.88833,0.88867,1.00,1.37
2015.05.11 20:34:10.593,0.88833,0.88867,1.00,1.37
2015.05.11 20:34:11.684,0.88833,0.88867,1.00,1.12
2015.05.11 20:34:13.603,0.88833,0.88864,1.00,1.50
2015.05.11 20:34:13.653,0.88827,0.88864,1.00,1.50
2015.05.11 20:34:13.787,0.88827,0.88864,1.00,1.75
2015.05.11 20:34:14.293,0.88823,0.88862,1.00,1.75
2015.05.11 20:34:23.201,0.88823,0.88862,1.00,1.37
2015.05.11 20:34:24.002,0.88823,0.88862,1.00,1.75
2015.05.11 20:34:27.307,0.88823,0.88862,1.00,1.37
2015.05.11 20:34:27.508,0.88823,0.88862,1.00,1.75
2015.05.11 20:34:28.373,0.88822,0.88862,1.00,1.75
2015.05.11 20:34:35.634,0.88823,0.88862,1.00,1.75
2015.05.11 20:34:36.530,0.88823,0.88862,1.00,1.37
2015.05.11 20:34:36.620,0.88823,0.88862,1.00,1.75
2015.05.11 20:34:37.021,0.88823,0.88862,1.00,1.37
2015.05.11 20:34:38.824,0.88823,0.88862,1.00,1.75
2015.05.11 20:34:45.565,0.88823,0.88862,1.00,1.00
2015.05.11 20:34:48.673,0.88823,0.88862,1.00,1.37
2015.05.11 20:34:50.554,0.88823,0.88862,1.00,1.75
2015.05.11 20:34:50.745,0.88823,0.88862,1.00,1.37
2015.05.11 20:34:54.182,0.88822,0.88862,1.00,1.37
2015.05.11 20:34:54.283,0.88822,0.88862,1.00,1.37
2015.05.11 20:34:56.377,0.88822,0.88862,1.00,1.00
2015.05.11 20:34:56.540,0.88827,0.88862,1.00,1.00
2015.05.11 20:35:01.749,0.88832,0.88862,1.00,1.00
2015.05.11 20:35:02.632,0.88833,0.88862,1.00,1.00
2015.05.11 20:35:09.626,0.88828,0.88862,1.00,1.00
2015.05.11 20:35:13.194,0.88832,0.88862,1.00,1.00
2015.05.11 20:35:14.115,0.88832,0.88873,1.00,1.75
2015.05.11 20:35:14.355,0.88828,0.88873,1.00,1.75
2015.05.11 20:35:14.555,0.88828,0.88866,1.00,1.12
2015.05.11 20:35:15.143,0.88827,0.88864,1.00,1.12
2015.05.11 20:35:33.166,0.88828,0.88861,1.00,1.00
2015.05.11 20:35:56.814,0.88827,0.88863,1.00,1.12
2015.05.11 20:35:57.157,0.88822,0.88863,1.00,1.12
2015.05.11 20:36:01.654,0.88823,0.88861,1.00,1.00
2015.05.11 20:36:04.282,0.88823,0.88862,1.00,1.12
2015.05.11 20:36:04.382,0.88823,0.88861,1.00,1.00
2015.05.11 20:36:05.074,0.88822,0.88861,1.00,1.00
2015.05.11 20:36:10.589,0.88823,0.88861,1.00,1.00
2015.05.11 20:36:10.694,0.88823,0.88862,1.00,1.12
2015.05.11 20:36:13.691,0.88818,0.88862,1.37,1.12
2015.05.11 20:36:13.854,0.88818,0.88857,1.00,1.12
2015.05.11 20:36:23.123,0.88818,0.88851,1.00,1.00
2015.05.11 20:36:23.734,0.88817,0.88851,1.00,1.00
2015.05.11 20:36:33.726,0.88817,0.88851,1.00,1.37
2015.05.11 20:36:40.641,0.88818,0.88851,1.00,1.37
2015.05.11 20:36:43.015,0.88817,0.88851,1.00,1.37
2015.05.11 20:36:45.313,0.88817,0.88849,1.00,1.37
2015.05.11 20:36:45.364,0.88813,0.88849,1.00,1.37
2015.05.11 20:36:45.656,0.88807,0.88849,1.37,1.37
2015.05.11 20:36:46.204,0.88807,0.88848,1.00,1.00
2015.05.11 20:36:54.258,0.88807,0.88849,1.00,1.12
2015.05.11 20:37:03.564,0.88807,0.88849,1.00,1.37
2015.05.11 20:37:06.572,0.88807,0.88848,1.00,1.12
2015.05.11 20:37:07.074,0.88807,0.88848,1.00,1.12
2015.05.11 20:37:07.651,0.88808,0.8884,1.00,1.12
2015.05.11 20:37:32.842,0.88807,0.8884,1.12,1.00
2015.05.11 20:37:34.716,0.88807,0.8884,1.37,1.00
2015.05.11 20:37:35.246,0.88807,0.8884,1.00,1.00
2015.05.11 20:37:35.863,0.88808,0.8884,1.00,1.00
2015.05.11 20:37:49.102,0.88808,0.88844,1.00,1.12
2015.05.11 20:37:49.439,0.88808,0.88844,1.00,1.37
2015.05.11 20:37:49.752,0.88808,0.88852,1.00,1.50
2015.05.11 20:37:51.342,0.88808,0.88852,1.00,1.37
2015.05.11 20:37:51.872,0.88807,0.88852,1.00,1.37
2015.05.11 20:37:52.123,0.88803,0.88852,1.12,1.37
2015.05.11 20:37:55.249,0.88803,0.88852,1.00,1.50
2015.05.11 20:38:09.712,0.88803,0.88852,1.00,1.75
2015.05.11 20:38:12.571,0.88803,0.88853,1.00,1.37
2015.05.11 20:38:12.841,0.88803,0.88852,1.00,1.12
2015.05.11 20:38:13.572,0.88802,0.88852,1.12,1.12
2015.05.11 20:38:14.091,0.88808,0.88855,1.00,1.50
2015.05.11 20:38:15.562,0.88808,0.88849,1.00,1.00
2015.05.11 20:38:15.901,0.88803,0.88849,1.00,1.75
2015.05.11 20:38:16.529,0.88803,0.88849,1.00,1.75
2015.05.11 20:38:16.680,0.88803,0.88855,1.00,1.87
2015.05.11 20:38:17.061,0.88807,0.88855,1.00,1.87
2015.05.11 20:38:24.689,0.88807,0.88855,1.00,1.87
2015.05.11 20:38:26.593,0.88807,0.88855,1.00,1.75
2015.05.11 20:38:26.694,0.88803,0.88859,1.12,1.75
2015.05.11 20:38:26.795,0.88804,0.88865,1.37,1.94
2015.05.11 20:38:26.896,0.88812,0.88865,1.00,1.75
2015.05.11 20:38:28.858,0.88813,0.88858,1.00,1.37
2015.05.11 20:38:28.909,0.88813,0.88858,1.00,1.37
2015.05.11 20:38:29.849,0.88813,0.88858,1.00,1.00
2015.05.11 20:38:30.179,0.88822,0.88858,1.00,1.00
2015.05.11 20:38:31.083,0.88822,0.88864,1.00,1.50
2015.05.11 20:38:46.529,0.88822,0.88864,1.00,1.75
2015.05.11 20:38:49.534,0.88822,0.88864,1.00,1.75
2015.05.11 20:38:50.035,0.88822,0.88864,1.00,1.75
2015.05.11 20:38:50.336,0.88822,0.88866,1.00,1.50
2015.05.11 20:38:50.440,0.88823,0.88866,1.00,1.75
2015.05.11 20:38:50.646,0.88823,0.88866,1.00,1.50
2015.05.11 20:38:50.737,0.88823,0.88866,1.00,1.75
2015.05.11 20:38:50.976,0.88823,0.88866,1.00,1.75
2015.05.11 20:38:51.438,0.88823,0.88866,1.00,1.75
2015.05.11 20:38:51.639,0.88823,0.88866,1.00,1.75
2015.05.11 20:38:51.739,0.88823,0.88866,1.00,1.75
2015.05.11 20:38:52.141,0.88823,0.88866,1.00,1.75
2015.05.11 20:38:52.266,0.88823,0.88866,1.00,1.75
2015.05.11 20:38:52.543,0.88823,0.88866,1.00,1.75
2015.05.11 20:38:53.446,0.88823,0.88866,1.00,1.75
2015.05.11 20:38:53.947,0.88823,0.88866,1.00,1.75
2015.05.11 20:38:54.174,0.88823,0.88866,1.00,1.50
2015.05.11 20:38:54.277,0.88823,0.88866,1.00,1.75
2015.05.11 20:38:54.448,0.88823,0.88866,1.00,1.00
2015.05.11 20:38:55.150,0.88823,0.88866,1.00,1.75
2015.05.11 20:38:55.451,0.88823,0.88866,1.00,1.75
2015.05.11 20:38:55.598,0.88823,0.88866,1.00,1.75
2015.05.11 20:38:55.758,0.88823,0.88866,1.00,1.75
2015.05.11 20:38:56.153,0.88823,0.88866,1.00,1.75
2015.05.11 20:38:56.454,0.88823,0.88866,1.00,1.75
2015.05.11 20:38:56.588,0.88823,0.88866,1.00,1.75
2015.05.11 20:38:56.654,0.88823,0.88866,1.00,1.75
2015.05.11 20:38:57.065,0.88823,0.88866,1.00,1.75
2015.05.11 20:38:57.657,0.88823,0.88866,1.00,1.75
2015.05.11 20:38:58.059,0.88823,0.88866,1.00,1.75
2015.05.11 20:38:58.461,0.88823,0.88866,1.00,1.75
2015.05.11 20:38:58.570,0.88823,0.88866,1.00,1.75
2015.05.11 20:38:59.081,0.88828,0.88866,1.00,1.75
2015.05.11 20:39:05.174,0.88823,0.88866,1.00,1.75
2015.05.11 20:39:13.641,0.88825,0.88865,1.00,1.37
2015.05.11 20:39:13.742,0.88825,0.8887,1.00,1.12
2015.05.11 20:39:13.843,0.88818,0.8887,1.37,1.75
2015.05.11 20:39:14.224,0.88818,0.8887,1.37,1.75
2015.05.11 20:39:14.447,0.88803,0.88866,2.25,1.37
2015.05.11 20:39:14.548,0.88803,0.88859,1.75,1.75
2015.05.11 20:39:14.799,0.888,0.88859,1.12,1.75
2015.05.11 20:39:15.108,0.88797,0.88859,1.75,1.37
2015.05.11 20:39:15.209,0.88797,0.88859,1.75,1.00
2015.05.11 20:39:16.015,0.88798,0.88855,1.75,1.00
2015.05.11 20:39:16.365,0.88802,0.88855,1.00,1.00
2015.05.11 20:39:16.672,0.88802,0.88855,1.37,1.37
2015.05.11 20:39:19.507,0.88794,0.88854,1.75,1.37
2015.05.11 20:39:20.028,0.88793,0.88854,1.75,1.37
2015.05.11 20:39:20.331,0.88793,0.88854,2.25,1.75
2015.05.11 20:39:20.409,0.88793,0.88854,2.25,1.37
2015.05.11 20:39:20.959,0.88792,0.88855,1.75,1.75
2015.05.11 20:39:21.633,0.88792,0.88855,1.75,1.50
2015.05.11 20:39:23.109,0.88792,0.88842,1.75,1.00
2015.05.11 20:39:24.514,0.88793,0.88842,1.75,1.00
2015.05.11 20:39:25.038,0.88787,0.88842,1.75,1.00
2015.05.11 20:39:25.140,0.88787,0.88842,1.75,1.00
2015.05.11 20:39:25.241,0.88786,0.88842,1.12,1.37
2015.05.11 20:39:25.405,0.88783,0.88842,1.75,1.12
2015.05.11 20:39:25.456,0.88783,0.88842,1.75,1.12
2015.05.11 20:39:26.419,0.88783,0.88842,1.50,1.75
2015.05.11 20:39:26.720,0.88783,0.88842,2.25,1.50
2015.05.11 20:39:30.264,0.88783,0.88843,1.94,2.25
2015.05.11 20:39:35.278,0.88783,0.88843,1.75,2.25
2015.05.11 20:39:40.748,0.88782,0.88843,1.94,1.75
2015.05.11 20:39:41.591,0.88777,0.88843,1.94,1.75
2015.05.11 20:39:43.353,0.88777,0.88843,1.94,1.75
2015.05.11 20:39:44.254,0.88792,0.88842,1.00,1.75
2015.05.11 20:39:44.360,0.88783,0.88842,1.75,1.00
2015.05.11 20:39:44.461,0.88782,0.88842,2.25,1.12
2015.05.11 20:39:44.784,0.88808,0.88842,1.00,1.12
2015.05.11 20:39:45.559,0.88808,0.88843,1.00,1.12
2015.05.11 20:39:50.048,0.88812,0.88843,1.00,1.12
2015.05.11 20:39:50.665,0.88812,0.88844,1.00,1.75
2015.05.11 20:39:50.965,0.88812,0.88844,1.00,1.12
2015.05.11 20:39:51.539,0.88812,0.88843,1.00,1.00
2015.05.11 20:39:52.040,0.88813,0.88851,1.00,2.25
2015.05.11 20:39:52.091,0.88813,0.88851,1.00,2.25
2015.05.11 20:39:52.391,0.88813,0.88851,1.00,1.37
2015.05.11 20:39:52.492,0.88813,0.88856,1.00,1.37
2015.05.11 20:39:52.709,0.88813,0.88861,1.00,1.37
2015.05.11 20:39:52.769,0.88813,0.88861,1.12,1.50
2015.05.11 20:39:52.971,0.88812,0.88872,1.00,3.00
2015.05.11 20:39:53.072,0.88812,0.88867,1.37,1.75
2015.05.11 20:39:53.179,0.88813,0.88867,1.37,1.37
2015.05.11 20:39:53.719,0.88813,0.88865,1.00,1.00
2015.05.11 20:39:55.580,0.88813,0.88865,1.00,1.37
2015.05.11 20:39:56.005,0.88813,0.8886,1.00,1.37
2015.05.11 20:39:56.385,0.88813,0.8886,1.00,1.50
2015.05.11 20:39:57.485,0.88813,0.8886,1.00,1.75
2015.05.11 20:39:58.080,0.88812,0.88859,1.00,1.75
2015.05.11 20:39:58.455,0.88812,0.88859,1.00,1.75
2015.05.11 20:40:03.150,0.88807,0.8886,1.00,1.75
2015.05.11 20:40:03.582,0.88812,0.8886,1.00,1.75
2015.05.11 20:40:13.915,0.88812,0.8886,1.00,1.75
2015.05.11 20:40:14.518,0.88812,0.8886,1.00,1.75
2015.05.11 20:40:15.792,0.88813,0.88864,1.00,1.75
2015.05.11 20:40:17.588,0.88803,0.88863,2.25,1.12
2015.05.11 20:40:17.639,0.88803,0.88863,1.75,1.31
2015.05.11 20:40:17.932,0.88798,0.88859,1.75,1.75
2015.05.11 20:40:18.252,0.88803,0.88863,1.75,1.12
2015.05.11 20:40:18.946,0.88803,0.88863,1.37,1.12
2015.05.11 20:40:19.047,0.88803,0.88863,1.00,1.12
2015.05.11 20:40:19.798,0.88803,0.88863,1.00,1.31
2015.05.11 20:40:20.931,0.88803,0.88863,1.37,1.94
2015.05.11 20:40:21.332,0.88803,0.88863,1.37,1.94
2015.05.11 20:40:21.432,0.88803,0.88863,1.37,1.94
2015.05.11 20:40:21.533,0.88803,0.88863,1.12,1.94
2015.05.11 20:40:21.734,0.88798,0.88859,1.50,1.75
2015.05.11 20:40:24.139,0.88798,0.88859,1.37,1.75
2015.05.11 20:40:24.749,0.88798,0.88859,1.50,1.75
2015.05.11 20:40:26.043,0.88798,0.88859,1.75,1.75
2015.05.11 20:40:26.544,0.88798,0.88859,1.75,1.75
2015.05.11 20:40:27.447,0.88803,0.88859,1.37,1.37
2015.05.11 20:40:28.852,0.88803,0.88864,1.50,1.94
2015.05.11 20:40:29.606,0.88799,0.88857,1.50,1.37
2015.05.11 20:40:32.462,0.88799,0.88863,1.75,1.75
2015.05.11 20:40:35.192,0.8879,0.88863,1.31,1.75
2015.05.11 20:40:35.466,0.88813,0.88862,1.00,1.37
2015.05.11 20:40:35.582,0.88813,0.88862,1.00,1.37
2015.05.11 20:40:36.471,0.88813,0.88862,1.25,1.37
2015.05.11 20:40:36.584,0.88813,0.88867,1.12,1.50
2015.05.11 20:40:37.219,0.88813,0.88867,1.37,1.37
2015.05.11 20:40:40.377,0.88813,0.88866,1.62,1.37
2015.05.11 20:40:40.720,0.88813,0.88871,1.37,1.37
2015.05.11 20:40:45.594,0.88812,0.88871,1.69,1.75
2015.05.11 20:40:45.794,0.88812,0.88871,1.56,1.37
2015.05.11 20:40:46.105,0.88812,0.88871,1.69,1.75
2015.05.11 20:40:46.706,0.88812,0.88871,1.56,1.37
2015.05.11 20:40:48.009,0.88812,0.88871,1.56,1.75
2015.05.11 20:40:52.618,0.88813,0.88872,1.37,1.75
2015.05.11 20:40:53.135,0.88813,0.88872,1.37,1.75
2015.05.11 20:40:53.443,0.88813,0.88872,1.75,1.37
2015.05.11 20:40:53.544,0.88813,0.88872,1.75,1.75
2015.05.11 20:40:53.724,0.88813,0.88872,1.75,1.50
2015.05.11 20:40:53.930,0.88813,0.88872,1.37,1.50
2015.05.11 20:40:54.174,0.88813,0.88872,1.37,1.75
2015.05.11 20:40:55.027,0.88813,0.88874,1.37,1.75
2015.05.11 20:40:56.953,0.88807,0.88864,1.75,1.12
2015.05.11 20:40:57.054,0.88807,0.88864,1.37,1.12
2015.05.11 20:40:57.333,0.88807,0.88865,1.37,1.12
2015.05.11 20:40:57.755,0.88807,0.88864,1.37,1.37
2015.05.11 20:40:57.956,0.88807,0.88864,1.00,1.12
2015.05.11 20:40:58.035,0.88807,0.88864,1.00,1.12
2015.05.11 20:40:58.481,0.88807,0.88864,1.00,1.12
2015.05.11 20:40:59.641,0.88807,0.8886,1.00,2.00
2015.05.11 20:41:00.184,0.88807,0.8886,1.12,1.69
2015.05.11 20:41:01.554,0.88807,0.8886,1.00,1.37
2015.05.11 20:41:01.655,0.88807,0.8886,1.00,1.37
2015.05.11 20:41:01.768,0.88807,0.8886,1.00,1.37
2015.05.11 20:41:03.561,0.88807,0.8886,1.00,1.75
2015.05.11 20:41:04.144,0.88807,0.88853,1.00,1.00
2015.05.11 20:41:05.844,0.88808,0.88853,1.00,1.00
2015.05.11 20:41:09.772,0.88808,0.88853,1.00,1.37
2015.05.11 20:41:10.122,0.88808,0.88853,1.00,1.37
2015.05.11 20:41:16.331,0.88808,0.88853,1.00,1.37
2015.05.11 20:41:17.325,0.88808,0.88853,1.00,1.37
2015.05.11 20:41:21.893,0.88808,0.88853,1.00,1.00
2015.05.11 20:41:22.553,0.88807,0.88853,1.00,1.37
2015.05.11 20:41:25.097,0.88807,0.88857,1.00,1.75
2015.05.11 20:41:31.906,0.88807,0.88857,1.00,1.75
2015.05.11 20:41:34.610,0.88807,0.88857,1.00,1.37
2015.05.11 20:41:34.940,0.88807,0.88861,1.00,1.37
2015.05.11 20:41:35.041,0.88807,0.88862,1.37,1.12
2015.05.11 20:41:35.362,0.88813,0.88862,1.00,1.37
2015.05.11 20:41:35.870,0.88818,0.88862,1.00,1.37
2015.05.11 20:41:36.639,0.88812,0.88862,1.00,1.37
2015.05.11 20:41:37.128,0.88818,0.88862,1.00,1.37
2015.05.11 20:41:37.644,0.88818,0.88856,1.00,1.12
2015.05.11 20:41:37.963,0.88818,0.88856,1.00,1.75
2015.05.11 20:41:38.819,0.88818,0.88856,1.00,1.37
2015.05.11 20:41:41.022,0.88818,0.88856,1.00,1.50
2015.05.11 20:41:44.433,0.88818,0.88855,1.00,1.75
2015.05.11 20:41:45.549,0.88817,0.88855,1.00,1.75
2015.05.11 20:41:46.319,0.88813,0.88855,1.00,1.75
2015.05.11 20:41:48.850,0.88817,0.88855,1.00,1.75
2015.05.11 20:41:50.609,0.88813,0.88855,1.00,1.75
2015.05.11 20:41:51.004,0.88813,0.88855,1.00,1.75
2015.05.11 20:41:52.064,0.88813,0.88855,1.00,1.75
2015.05.11 20:41:55.890,0.88817,0.88855,1.00,1.75
2015.05.11 20:41:56.379,0.88817,0.88855,1.00,1.50
2015.05.11 20:41:57.686,0.88817,0.88855,1.00,1.75
2015.05.11 20:41:57.788,0.88817,0.88855,1.00,1.50
2015.05.11 20:41:59.644,0.88817,0.88855,1.00,1.75
2015.05.11 20:42:00.213,0.88817,0.88855,1.00,1.75
2015.05.11 20:42:01.198,0.88817,0.88855,1.00,1.75
2015.05.11 20:42:04.183,0.88813,0.88855,1.00,1.75
2015.05.11 20:42:05.309,0.88813,0.88855,1.00,1.75
2015.05.11 20:42:06.421,0.88813,0.88855,1.00,1.50
2015.05.11 20:42:08.634,0.88813,0.8886,1.00,1.75
2015.05.11 20:42:08.684,0.88818,0.8886,1.00,1.75
2015.05.11 20:42:08.812,0.88818,0.88863,1.00,1.12
2015.05.11 20:42:09.327,0.88817,0.88863,1.00,1.12
2015.05.11 20:42:10.164,0.88817,0.88863,1.00,1.75
2015.05.11 20:42:11.622,0.88817,0.88862,1.00,1.12
2015.05.11 20:42:12.075,0.88813,0.88861,1.00,1.75
2015.05.11 20:42:42.606,0.88813,0.88862,1.00,1.37
2015.05.11 20:42:42.868,0.88818,0.88866,1.00,1.75
2015.05.11 20:42:45.643,0.88818,0.88867,1.00,1.75
2015.05.11 20:42:45.948,0.88818,0.88861,1.00,1.75
2015.05.11 20:42:47.725,0.88818,0.88861,1.00,1.75
2015.05.11 20:43:04.758,0.88818,0.88861,1.00,1.37
2015.05.11 20:43:10.286,0.88818,0.88864,1.00,1.75
2015.05.11 20:43:11.025,0.88817,0.88864,1.00,1.75
2015.05.11 20:43:16.601,0.88817,0.88864,1.00,1.50
2015.05.11 20:43:17.704,0.88817,0.88864,1.00,1.75
2015.05.11 20:43:18.287,0.88818,0.88864,1.00,1.75
2015.05.11 20:43:18.606,0.88822,0.88864,1.00,1.75
2015.05.11 20:43:19.007,0.88822,0.88863,1.00,1.50
2015.05.11 20:43:19.176,0.88818,0.88863,1.12,1.50
2015.05.11 20:43:19.278,0.88818,0.88863,1.12,1.37
2015.05.11 20:43:19.401,0.88828,0.88864,1.00,1.37
2015.05.11 20:43:19.508,0.88828,0.8887,1.00,1.75
2015.05.11 20:43:19.658,0.88828,0.88877,1.00,2.25
2015.05.11 20:43:19.959,0.88828,0.88882,1.00,1.54
2015.05.11 20:43:20.589,0.88822,0.88867,1.00,1.75
2015.05.11 20:43:20.640,0.88822,0.88867,1.00,1.75
2015.05.11 20:43:21.136,0.88817,0.88867,1.00,1.75
2015.05.11 20:43:21.316,0.88817,0.88867,1.00,1.75
2015.05.11 20:43:21.919,0.88818,0.88862,1.00,1.12
2015.05.11 20:43:22.629,0.88818,0.88862,1.00,1.12
2015.05.11 20:43:22.725,0.88818,0.88862,1.00,1.12
2015.05.11 20:43:23.230,0.88817,0.88863,1.00,1.12
2015.05.11 20:43:23.331,0.88817,0.88863,1.12,1.12
2015.05.11 20:43:23.432,0.88817,0.88861,1.12,1.12
2015.05.11 20:43:23.933,0.88818,0.88863,1.00,1.12
2015.05.11 20:43:24.886,0.88818,0.88857,1.00,1.12
2015.05.11 20:43:25.278,0.88818,0.88857,1.00,1.75
2015.05.11 20:43:25.881,0.88817,0.88857,1.00,1.75
2015.05.11 20:43:27.050,0.88817,0.88857,1.00,1.12
2015.05.11 20:43:27.860,0.88817,0.88857,1.00,1.12
2015.05.11 20:43:34.131,0.88822,0.88857,1.00,1.12
2015.05.11 20:43:34.667,0.88823,0.88857,1.00,1.75
2015.05.11 20:43:35.108,0.88818,0.88857,1.00,1.75
2015.05.11 20:43:35.657,0.88817,0.88857,1.00,1.12
2015.05.11 20:43:36.109,0.88823,0.88857,1.00,1.12
2015.05.11 20:43:36.646,0.88818,0.88857,1.00,1.12
2015.05.11 20:43:37.087,0.88822,0.88857,1.00,1.12
2015.05.11 20:43:38.077,0.88818,0.88857,1.00,1.12
2015.05.11 20:43:38.627,0.88823,0.88857,1.00,1.12
2015.05.11 20:43:39.286,0.88818,0.88857,1.00,1.12
2015.05.11 20:43:40.057,0.88822,0.88857,1.00,1.12
2015.05.11 20:43:40.607,0.88818,0.88857,1.00,1.12
2015.05.11 20:43:40.727,0.88818,0.88857,1.00,1.12
2015.05.11 20:43:41.162,0.88823,0.88862,1.00,1.12
2015.05.11 20:43:41.737,0.88822,0.88862,1.00,1.12
2015.05.11 20:43:42.397,0.88823,0.88862,1.00,1.12
2015.05.11 20:43:47.446,0.88823,0.88863,1.00,1.75
2015.05.11 20:43:50.454,0.88822,0.88863,1.00,1.75
2015.05.11 20:43:50.656,0.88822,0.88863,1.00,1.12
2015.05.11 20:43:51.309,0.88822,0.88862,1.00,1.00
2015.05.11 20:43:52.046,0.88823,0.88862,1.00,1.00
2015.05.11 20:43:53.765,0.88823,0.88862,1.00,1.12
2015.05.11 20:43:53.916,0.88817,0.88856,1.12,1.12
2015.05.11 20:43:54.067,0.88817,0.88857,1.00,1.12
2015.05.11 20:43:54.593,0.88818,0.88856,1.00,1.37
2015.05.11 20:43:54.798,0.88812,0.88856,1.37,1.37
2015.05.11 20:43:55.136,0.88818,0.88856,1.00,1.37
2015.05.11 20:43:58.536,0.88813,0.88856,1.12,1.37
2015.05.11 20:43:58.880,0.88817,0.88856,1.00,1.37
2015.05.11 20:43:59.310,0.88813,0.88856,1.12,1.37
2015.05.11 20:44:00.186,0.88818,0.88856,1.00,1.37
2015.05.11 20:44:00.634,0.88813,0.88856,1.12,1.37
2015.05.11 20:44:04.177,0.88813,0.88856,1.37,1.12
2015.05.11 20:44:04.379,0.88813,0.88855,1.37,1.00
2015.05.11 20:44:05.186,0.88813,0.88856,1.12,1.12
2015.05.11 20:44:05.384,0.88813,0.88855,1.37,1.00
2015.05.11 20:44:05.820,0.88813,0.88856,1.37,1.12
2015.05.11 20:44:06.397,0.88812,0.88855,1.37,1.00
2015.05.11 20:44:10.296,0.88812,0.88855,1.37,1.00
2015.05.11 20:44:10.474,0.88812,0.88856,1.00,1.12
2015.05.11 20:44:11.062,0.88813,0.88856,1.00,1.12
2015.05.11 20:44:11.758,0.88813,0.88856,1.12,1.12
2015.05.11 20:44:14.359,0.88822,0.88862,1.00,1.00
2015.05.11 20:44:14.410,0.88822,0.88869,1.00,1.12
2015.05.11 20:44:14.562,0.88822,0.88871,1.50,1.12
2015.05.11 20:44:14.663,0.88822,0.88873,1.00,1.12
2015.05.11 20:44:14.749,0.88817,0.88865,1.37,1.12
2015.05.11 20:44:17.736,0.88818,0.88863,1.37,1.12
2015.05.11 20:44:17.851,0.88818,0.88865,1.37,1.12
2015.05.11 20:44:17.937,0.88818,0.88863,1.37,1.37
2015.05.11 20:44:20.493,0.88818,0.88863,1.37,1.12
2015.05.11 20:44:21.063,0.88818,0.88863,1.37,1.37
2015.05.11 20:44:23.355,0.88818,0.88863,1.37,1.12
2015.05.11 20:44:23.507,0.88817,0.88864,1.12,1.12
2015.05.11 20:44:24.060,0.88817,0.88864,1.37,1.12
2015.05.11 20:44:24.562,0.88817,0.88866,1.37,1.12
2015.05.11 20:44:24.865,0.88817,0.88868,1.12,1.87
2015.05.11 20:44:25.268,0.88817,0.88864,1.37,1.12
2015.05.11 20:44:25.493,0.88817,0.88861,1.12,1.12
2015.05.11 20:44:35.285,0.88818,0.88859,1.00,1.12
2015.05.11 20:44:39.575,0.88813,0.88856,1.37,1.00
2015.05.11 20:44:39.626,0.88813,0.88857,1.37,1.12
2015.05.11 20:44:40.028,0.88812,0.88853,1.50,1.12
2015.05.11 20:44:40.118,0.88812,0.88855,1.37,1.12
2015.05.11 20:44:44.039,0.88813,0.88857,1.37,1.12
2015.05.11 20:44:44.304,0.88818,0.88857,1.00,1.37
2015.05.11 20:44:51.125,0.88817,0.88856,1.00,1.00
2015.05.11 20:44:53.055,0.88817,0.88857,1.00,1.12
2015.05.11 20:44:53.598,0.88817,0.88857,1.00,1.12
2015.05.11 20:44:54.358,0.88817,0.88857,1.00,1.12
2015.05.11 20:44:54.859,0.88817,0.88857,1.00,1.12
2015.05.11 20:44:56.062,0.88817,0.88857,1.00,1.12
2015.05.11 20:44:58.176,0.88817,0.88857,1.00,1.12
2015.05.11 20:44:58.579,0.88817,0.88859,1.00,1.12
2015.05.11 20:44:58.931,0.88817,0.88868,1.00,1.12
2015.05.11 20:44:59.583,0.88818,0.88868,1.00,1.12
2015.05.11 20:45:01.615,0.88818,0.88865,1.00,1.87
2015.05.11 20:45:02.122,0.88818,0.88857,1.00,1.12
2015.05.11 20:45:02.396,0.88817,0.88858,1.00,1.12
2015.05.11 20:45:02.790,0.88812,0.88857,1.37,1.12
2015.05.11 20:45:03.324,0.88812,0.88855,1.37,1.12
2015.05.11 20:45:09.438,0.88807,0.88859,1.37,1.12
2015.05.11 20:45:09.539,0.88807,0.88858,2.25,1.12
2015.05.11 20:45:09.912,0.88806,0.88858,1.75,1.12
2015.05.11 20:45:10.431,0.88813,0.88858,1.00,1.12
2015.05.11 20:45:15.327,0.88818,0.88858,1.00,1.12
2015.05.11 20:45:15.879,0.88813,0.88858,1.00,1.12
2015.05.11 20:45:18.850,0.88817,0.88858,1.00,1.12
2015.05.11 20:45:19.286,0.88813,0.88858,1.00,1.12
2015.05.11 20:45:22.199,0.88817,0.88858,1.00,1.12
2015.05.11 20:45:26.137,0.88812,0.88858,1.12,1.12
2015.05.11 20:45:27.097,0.88817,0.88858,1.00,1.12
2015.05.11 20:45:27.317,0.88813,0.88858,1.00,1.12
2015.05.11 20:45:27.646,0.88818,0.88858,1.00,1.12
2015.05.11 20:45:27.867,0.88812,0.88858,1.12,1.12
2015.05.11 20:45:28.087,0.88818,0.88858,1.00,1.12
2015.05.11 20:45:29.847,0.88812,0.88858,1.12,1.12
2015.05.11 20:45:30.066,0.88818,0.88858,1.00,1.12
2015.05.11 20:45:30.837,0.88813,0.88858,1.00,1.12
2015.05.11 20:45:31.826,0.88818,0.88858,1.00,1.12
2015.05.11 20:45:32.156,0.88812,0.88858,1.12,1.12
2015.05.11 20:45:32.376,0.88818,0.88858,1.00,1.12
2015.05.11 20:45:32.902,0.88818,0.88866,1.00,1.12
2015.05.11 20:45:33.003,0.88812,0.88865,1.37,1.00
2015.05.11 20:45:33.053,0.88818,0.88868,1.00,1.12
2015.05.11 20:45:33.367,0.88815,0.88868,1.12,1.12
2015.05.11 20:45:33.552,0.88814,0.88867,1.75,1.12
2015.05.11 20:45:33.996,0.88814,0.88869,2.25,1.12
2015.05.11 20:45:34.147,0.88828,0.8887,1.00,1.12
2015.05.11 20:45:35.185,0.88828,0.88877,1.00,1.37
2015.05.11 20:45:35.527,0.88828,0.88878,1.00,1.12
2015.05.11 20:45:35.578,0.88828,0.88868,1.00,1.00
2015.05.11 20:45:35.896,0.88817,0.88867,1.50,2.25
2015.05.11 20:45:36.229,0.88817,0.88866,1.50,1.50
2015.05.11 20:45:40.369,0.88818,0.88865,1.00,1.12
2015.05.11 20:45:40.846,0.88813,0.88865,1.37,1.12
2015.05.11 20:45:41.617,0.88818,0.88865,1.00,1.12
2015.05.11 20:45:43.156,0.88813,0.88865,1.37,1.12
2015.05.11 20:45:43.387,0.88818,0.88865,1.00,1.12
2015.05.11 20:45:43.816,0.88813,0.88865,1.37,1.12
2015.05.11 20:45:51.638,0.88818,0.88865,1.00,1.12
2015.05.11 20:45:51.861,0.88818,0.88865,1.00,1.37
2015.05.11 20:45:51.962,0.88818,0.88865,1.00,1.12
2015.05.11 20:45:56.407,0.88818,0.88862,1.00,1.37
2015.05.11 20:45:56.514,0.88818,0.88862,1.00,2.25
2015.05.11 20:45:56.950,0.88812,0.88862,1.12,2.25
2015.05.11 20:45:58.205,0.88803,0.88862,3.00,2.44
2015.05.11 20:45:59.980,0.88803,0.88862,2.25,2.44
2015.05.11 20:46:05.637,0.88808,0.88865,1.37,1.31
2015.05.11 20:46:05.756,0.88808,0.88866,1.37,1.75
2015.05.11 20:46:06.045,0.88808,0.88867,1.37,1.12
2015.05.11 20:46:06.390,0.88818,0.88867,1.00,1.12
2015.05.11 20:46:06.858,0.88818,0.88865,1.00,1.75
2015.05.11 20:46:07.359,0.88817,0.88865,1.00,1.75
2015.05.11 20:46:08.612,0.88817,0.88855,1.00,1.00
2015.05.11 20:46:08.945,0.88818,0.88855,1.00,1.50
2015.05.11 20:46:10.619,0.88818,0.88855,1.00,1.75
2015.05.11 20:46:14.618,0.88812,0.88858,1.00,2.25
2015.05.11 20:46:14.669,0.88812,0.88857,1.00,1.75
2015.05.11 20:46:15.177,0.88813,0.88859,1.00,2.25
2015.05.11 20:46:16.045,0.88812,0.88859,1.00,2.25
2015.05.11 20:46:16.410,0.88807,0.88859,1.12,2.25
2015.05.11 20:46:16.562,0.88807,0.88854,1.00,1.75
2015.05.11 20:46:17.114,0.88803,0.88854,1.37,1.75
2015.05.11 20:46:20.241,0.88803,0.88854,1.37,1.12
2015.05.11 20:46:29.964,0.88798,0.88846,1.75,1.12
2015.05.11 20:46:38.608,0.88798,0.88852,2.25,1.75
2015.05.11 20:46:38.900,0.888,0.88842,2.25,1.00
2015.05.11 20:46:39.107,0.888,0.88858,3.00,1.37
2015.05.11 20:46:39.208,0.88803,0.88863,1.50,1.87
2015.05.11 20:46:39.411,0.88808,0.88864,1.37,1.12
2015.05.11 20:46:39.767,0.88808,0.88867,1.75,2.25
2015.05.11 20:46:39.817,0.88808,0.88867,1.00,1.75
2015.05.11 20:46:39.882,0.88808,0.88862,1.37,1.00
2015.05.11 20:46:40.190,0.88813,0.88865,1.00,1.75
2015.05.11 20:46:40.554,0.88803,0.88863,1.00,1.75
2015.05.11 20:46:40.885,0.88803,0.88856,1.37,1.12
2015.05.11 20:46:41.616,0.88803,0.8885,1.37,1.37
2015.05.11 20:46:41.821,0.88803,0.88852,1.12,2.25
2015.05.11 20:46:43.727,0.88803,0.88853,1.37,3.00
2015.05.11 20:46:44.792,0.88803,0.88852,1.12,2.25
2015.05.11 20:46:45.664,0.88802,0.88852,1.12,1.75
2015.05.11 20:46:47.030,0.88798,0.88852,1.37,1.75
2015.05.11 20:46:47.130,0.88798,0.88851,1.50,1.12
2015.05.11 20:46:49.033,0.88802,0.88851,1.12,1.37
2015.05.11 20:46:49.134,0.88802,0.88851,1.37,1.87
2015.05.11 20:46:50.314,0.88798,0.88843,1.50,1.12
2015.05.11 20:46:50.735,0.88798,0.88847,1.37,1.12
2015.05.11 20:46:50.836,0.88798,0.88846,1.50,1.12
2015.05.11 20:46:51.037,0.88798,0.88847,1.37,1.12
2015.05.11 20:46:51.138,0.88798,0.88845,1.50,1.12
2015.05.11 20:47:00.883,0.88797,0.88834,2.25,1.00
2015.05.11 20:47:01.415,0.88794,0.88834,1.75,1.00
2015.05.11 20:47:03.756,0.88794,0.88841,2.25,1.12
2015.05.11 20:47:04.177,0.88794,0.88844,1.75,1.12
2015.05.11 20:47:04.424,0.88794,0.88841,1.75,1.12
2015.05.11 20:47:04.858,0.88793,0.88844,1.37,1.12
2015.05.11 20:47:04.909,0.88798,0.88844,1.00,1.12
2015.05.11 20:47:05.529,0.88798,0.88842,1.37,1.12
2015.05.11 20:47:11.575,0.88798,0.88846,1.37,1.12
2015.05.11 20:47:11.676,0.88798,0.88849,1.37,1.12
2015.05.11 20:47:12.034,0.88796,0.8885,1.75,1.12
2015.05.11 20:47:12.094,0.88803,0.88853,1.12,1.37
2015.05.11 20:47:12.145,0.88802,0.88859,1.12,1.87
2015.05.11 20:47:13.121,0.88803,0.88858,1.00,1.75
2015.05.11 20:47:14.523,0.88803,0.8885,1.00,1.00
2015.05.11 20:47:15.041,0.88803,0.88848,1.00,2.25
2015.05.11 20:47:15.767,0.88803,0.88848,1.00,1.75
2015.05.11 20:47:16.078,0.88797,0.8884,1.37,1.12
2015.05.11 20:47:17.043,0.88798,0.88828,1.37,1.00
2015.05.11 20:47:17.195,0.88793,0.88828,1.50,1.00
2015.05.11 20:47:35.923,0.88797,0.88828,1.50,1.00
2015.05.11 20:47:37.063,0.88797,0.88834,1.50,1.00
2015.05.11 20:47:38.163,0.88798,0.88827,1.37,1.00
2015.05.11 20:47:40.821,0.88798,0.88827,1.37,1.00
2015.05.11 20:47:41.190,0.88798,0.88827,1.12,1.00
2015.05.11 20:47:41.633,0.88798,0.88827,1.37,1.00
2015.05.11 20:47:44.201,0.88798,0.88827,1.12,1.00
2015.05.11 20:47:44.528,0.88798,0.88827,1.37,1.00
2015.05.11 20:47:44.898,0.88797,0.88833,1.37,1.00
2015.05.11 20:47:45.536,0.88798,0.88833,1.37,1.00
2015.05.11 20:47:45.637,0.88798,0.88833,1.00,1.37
2015.05.11 20:47:45.923,0.88798,0.88835,1.00,1.37
2015.05.11 20:47:46.130,0.88798,0.88835,1.00,1.12
2015.05.11 20:47:46.508,0.88798,0.88834,1.00,1.37
2015.05.11 20:47:47.636,0.88798,0.88837,1.00,1.12
2015.05.11 20:47:49.104,0.88797,0.88837,1.00,1.12
2015.05.11 20:47:51.641,0.88798,0.88842,1.00,1.75
2015.05.11 20:47:52.173,0.88798,0.8884,1.00,1.12
2015.05.11 20:47:52.274,0.88798,0.8884,1.00,1.75
2015.05.11 20:47:52.871,0.88792,0.8884,1.87,1.75
2015.05.11 20:47:52.972,0.88792,0.8884,1.75,2.25
2015.05.11 20:47:53.240,0.88792,0.88843,1.87,2.25
2015.05.11 20:47:53.851,0.88792,0.88841,1.75,2.25
2015.05.11 20:47:54.253,0.88792,0.88843,1.87,1.75
2015.05.11 20:47:54.354,0.88792,0.88846,1.75,2.25
2015.05.11 20:47:54.455,0.88792,0.88846,1.87,1.12
2015.05.11 20:47:55.171,0.88793,0.88846,1.37,1.12
2015.05.11 20:47:56.351,0.88793,0.88846,1.12,1.37
2015.05.11 20:47:56.903,0.88803,0.88846,1.00,1.00
2015.05.11 20:48:13.046,0.88802,0.88853,1.75,1.75
2015.05.11 20:48:13.412,0.88807,0.88854,1.00,1.75
2015.05.11 20:48:14.907,0.88807,0.88852,1.00,1.37
2015.05.11 20:48:15.380,0.88807,0.88853,1.00,1.37
2015.05.11 20:48:15.937,0.88807,0.88854,1.00,1.50
2015.05.11 20:48:16.825,0.88803,0.88855,1.75,1.75
2015.05.11 20:48:17.342,0.88803,0.8885,1.50,1.12
2015.05.11 20:48:21.599,0.88803,0.88848,1.50,1.12
2015.05.11 20:48:21.918,0.88798,0.88847,1.00,1.75
2015.05.11 20:48:22.345,0.88792,0.88848,1.00,2.62
2015.05.11 20:48:22.501,0.88792,0.8884,1.12,1.12
2015.05.11 20:48:22.851,0.88798,0.8884,1.00,1.12
2015.05.11 20:48:22.902,0.88793,0.8884,1.00,1.12
2015.05.11 20:48:24.411,0.88797,0.88843,1.00,1.12
2015.05.11 20:48:24.696,0.88797,0.88841,1.00,1.00
2015.05.11 20:48:28.374,0.88798,0.88841,1.00,1.00
2015.05.11 20:48:28.812,0.88793,0.88841,1.37,1.00
2015.05.11 20:48:28.912,0.88792,0.8884,1.12,1.12
2015.05.11 20:48:31.562,0.88793,0.8884,1.00,1.12
2015.05.11 20:48:34.812,0.88793,0.88841,1.50,1.00
2015.05.11 20:48:40.584,0.88793,0.88841,1.12,1.00
2015.05.11 20:48:41.126,0.88793,0.88841,1.37,1.00
2015.05.11 20:48:43.671,0.88794,0.88841,1.00,1.37
2015.05.11 20:48:45.675,0.88793,0.88841,1.50,1.50
2015.05.11 20:48:46.134,0.88797,0.88841,1.00,1.75
2015.05.11 20:48:47.079,0.88797,0.88841,1.00,1.50
2015.05.11 20:48:47.883,0.88798,0.88841,1.00,1.50
2015.05.11 20:48:48.466,0.88797,0.88841,1.00,1.50
2015.05.11 20:48:51.657,0.88797,0.88841,1.00,1.00
2015.05.11 20:48:52.834,0.88793,0.88841,1.50,1.00
2015.05.11 20:48:52.884,0.88793,0.88846,1.00,1.12
2015.05.11 20:48:53.411,0.88792,0.88842,1.50,1.12
2015.05.11 20:48:54.663,0.88792,0.88837,1.12,1.12
2015.05.11 20:48:55.191,0.88793,0.88834,1.00,1.12
2015.05.11 20:48:55.816,0.8879,0.88833,1.00,1.37
2015.05.11 20:48:55.867,0.88787,0.8883,1.00,1.00
2015.05.11 20:48:57.368,0.88782,0.8883,1.12,1.12
2015.05.11 20:48:57.693,0.88787,0.88832,1.00,1.12
2015.05.11 20:48:58.111,0.88783,0.88832,1.00,1.87
2015.05.11 20:49:06.711,0.88783,0.88817,1.00,1.00
2015.05.11 20:49:07.131,0.88788,0.88817,1.00,1.00
2015.05.11 20:49:07.681,0.88783,0.88817,1.12,1.00
2015.05.11 20:49:11.891,0.88783,0.88831,1.12,1.12
2015.05.11 20:49:13.071,0.88787,0.88831,1.00,1.12
2015.05.11 20:49:13.353,0.88787,0.88838,1.00,1.75
2015.05.11 20:49:13.404,0.88783,0.88837,1.12,1.75
2015.05.11 20:49:13.840,0.88788,0.88838,1.00,1.75
2015.05.11 20:49:14.629,0.88788,0.88839,1.00,1.75
2015.05.11 20:49:14.996,0.88787,0.88841,1.00,1.12
2015.05.11 20:49:15.601,0.88787,0.8884,1.00,1.75
2015.05.11 20:49:16.810,0.88788,0.88833,1.00,1.75
2015.05.11 20:49:20.111,0.88783,0.88833,1.00,1.75
2015.05.11 20:49:20.162,0.88783,0.8883,1.00,1.75
2015.05.11 20:49:20.800,0.88782,0.8883,1.00,1.75
2015.05.11 20:49:21.840,0.88782,0.8883,1.75,1.75
2015.05.11 20:49:24.528,0.88782,0.8883,1.75,1.87
2015.05.11 20:49:24.662,0.88782,0.88835,1.75,3.00
2015.05.11 20:49:25.230,0.88782,0.88835,1.75,1.12
2015.05.11 20:49:25.766,0.88788,0.88838,1.00,1.75
2015.05.11 20:49:25.931,0.88788,0.88836,1.00,1.12
2015.05.11 20:49:26.032,0.88788,0.88837,1.00,2.25
2015.05.11 20:49:26.880,0.88783,0.88837,1.75,3.00
2015.05.11 20:49:27.534,0.88783,0.88837,1.75,2.62
2015.05.11 20:49:27.635,0.88783,0.88835,1.75,1.75
2015.05.11 20:49:28.441,0.88785,0.8883,1.00,1.75
2015.05.11 20:49:31.500,0.88778,0.88827,1.37,1.87
2015.05.11 20:49:31.885,0.88774,0.88827,1.37,1.87
2015.05.11 20:49:35.511,0.88772,0.88828,1.75,1.50
2015.05.11 20:49:35.713,0.88772,0.88828,1.75,1.37
2015.05.11 20:49:36.821,0.88772,0.88828,1.37,1.12
2015.05.11 20:49:37.426,0.88773,0.88827,1.37,1.00
2015.05.11 20:49:37.820,0.8877,0.88822,1.75,1.00
2015.05.11 20:49:38.146,0.88773,0.88827,1.37,1.00
2015.05.11 20:49:38.415,0.8877,0.88823,1.75,1.00
2015.05.11 20:49:38.810,0.88772,0.88828,1.37,1.12
2015.05.11 20:49:50.037,0.88772,0.88828,1.37,1.37
2015.05.11 20:49:50.360,0.88776,0.88823,1.00,1.37
2015.05.11 20:49:57.370,0.88776,0.88823,1.00,1.37
2015.05.11 20:49:57.566,0.88776,0.88823,1.00,1.12
2015.05.11 20:49:58.577,0.88776,0.88823,1.00,1.37
2015.05.11 20:49:58.880,0.88776,0.88817,1.00,2.25
2015.05.11 20:49:59.205,0.88776,0.88816,1.00,1.75
2015.05.11 20:50:00.612,0.88776,0.88819,1.00,2.25
2015.05.11 20:50:00.713,0.88776,0.88823,1.00,3.00
2015.05.11 20:50:00.813,0.88776,0.88823,1.00,1.37
2015.05.11 20:50:01.473,0.88776,0.88823,1.00,1.12
2015.05.11 20:50:02.135,0.88776,0.88823,1.00,1.37
2015.05.11 20:50:03.684,0.88776,0.88822,1.00,2.25
2015.05.11 20:50:04.139,0.88776,0.88819,1.00,2.25
2015.05.11 20:50:05.272,0.88772,0.88819,1.00,2.25
2015.05.11 20:50:06.086,0.88772,0.88819,1.00,2.25
2015.05.11 20:50:06.689,0.88768,0.88821,1.75,2.25
2015.05.11 20:50:08.242,0.88768,0.88817,1.00,1.75
2015.05.11 20:50:11.890,0.88768,0.88817,1.75,1.75
2015.05.11 20:50:11.940,0.88768,0.88817,1.75,1.37
2015.05.11 20:50:15.810,0.88768,0.88817,1.75,1.75
2015.05.11 20:50:15.861,0.88768,0.88817,1.00,1.75
2015.05.11 20:50:16.142,0.88763,0.88812,1.37,1.37
2015.05.11 20:50:16.322,0.88768,0.88817,1.00,1.75
2015.05.11 20:50:16.864,0.88767,0.88818,1.00,1.75
2015.05.11 20:50:21.462,0.88767,0.88818,1.00,1.75
2015.05.11 20:50:21.963,0.88768,0.88817,1.00,1.50
2015.05.11 20:50:22.695,0.88768,0.88817,1.00,1.75
2015.05.11 20:50:24.341,0.88768,0.88817,1.00,1.75
2015.05.11 20:50:29.434,0.88768,0.88817,1.00,1.37
2015.05.11 20:50:29.682,0.88767,0.88818,1.00,1.75
2015.05.11 20:50:30.074,0.88767,0.88818,1.00,1.50
2015.05.11 20:50:30.136,0.88767,0.88818,1.00,1.75
2015.05.11 20:50:30.236,0.88767,0.88818,1.00,1.75
2015.05.11 20:50:30.837,0.88768,0.88817,1.00,1.75
2015.05.11 20:50:32.540,0.88768,0.88817,1.00,2.25
2015.05.11 20:50:32.641,0.88767,0.88818,1.00,1.37
2015.05.11 20:50:33.842,0.88767,0.88818,1.00,1.75
2015.05.11 20:50:33.943,0.88767,0.88818,1.00,1.37
2015.05.11 20:50:35.618,0.88763,0.88809,1.37,1.00
2015.05.11 20:50:36.091,0.88762,0.88809,1.50,1.75
2015.05.11 20:50:37.832,0.88762,0.88809,1.75,1.75
2015.05.11 20:50:37.883,0.88763,0.88809,1.75,1.37
2015.05.11 20:50:38.502,0.88767,0.88809,1.12,1.37
2015.05.11 20:50:41.511,0.88768,0.88809,1.00,1.37
2015.05.11 20:50:41.653,0.88768,0.88809,1.00,1.37
2015.05.11 20:50:50.972,0.88763,0.88812,1.00,1.37
2015.05.11 20:50:51.267,0.88763,0.88812,1.00,1.75
2015.05.11 20:50:55.623,0.88763,0.88812,1.00,1.37
2015.05.11 20:50:56.679,0.88763,0.88812,1.00,1.75
2015.05.11 20:50:57.983,0.88763,0.8881,1.00,1.75
2015.05.11 20:50:58.562,0.88762,0.8881,1.00,2.25
2015.05.11 20:50:58.892,0.88757,0.8881,1.37,2.25
2015.05.11 20:50:59.120,0.88763,0.8881,1.00,2.25
2015.05.11 20:51:00.389,0.88763,0.8881,1.00,1.87
2015.05.11 20:51:00.491,0.88763,0.88809,1.00,1.75
2015.05.11 20:51:04.403,0.88762,0.88809,1.00,1.75
2015.05.11 20:51:04.601,0.88762,0.88811,1.00,1.75
2015.05.11 20:51:05.342,0.88762,0.88813,1.00,1.75
2015.05.11 20:51:05.565,0.88762,0.88803,1.00,1.00
2015.05.11 20:51:05.716,0.88762,0.88805,1.00,1.00
2015.05.11 20:51:05.821,0.88763,0.88812,1.00,1.37
2015.05.11 20:51:06.382,0.88762,0.88813,1.00,1.50
2015.05.11 20:51:06.634,0.88763,0.88817,1.00,1.75
2015.05.11 20:51:06.837,0.88767,0.88818,1.00,1.75
2015.05.11 20:51:06.938,0.88767,0.88818,1.00,1.37
2015.05.11 20:51:07.647,0.88767,0.88818,1.00,1.37
2015.05.11 20:51:10.673,0.88767,0.88818,1.00,1.37
2015.05.11 20:51:11.025,0.88772,0.88813,1.00,1.75
2015.05.11 20:51:11.526,0.88772,0.88814,1.00,1.00
2015.05.11 20:51:11.826,0.88772,0.88814,1.00,1.37
2015.05.11 20:51:11.877,0.88768,0.88813,1.00,1.37
2015.05.11 20:51:11.927,0.88768,0.88813,1.00,1.75
2015.05.11 20:51:14.330,0.88768,0.88813,1.00,1.37
2015.05.11 20:51:15.436,0.88768,0.88813,1.00,1.37
2015.05.11 20:51:15.645,0.88768,0.88813,1.00,1.37
2015.05.11 20:51:16.541,0.88768,0.88815,1.00,1.75
2015.05.11 20:51:16.643,0.88768,0.88814,1.00,1.75
2015.05.11 20:51:18.666,0.88768,0.88816,1.00,1.87
2015.05.11 20:51:20.051,0.88768,0.88816,1.00,1.87
2015.05.11 20:51:20.152,0.88763,0.88806,1.00,1.75
2015.05.11 20:51:20.253,0.88763,0.88803,1.00,2.25
2015.05.11 20:51:20.874,0.88762,0.88803,1.00,2.25
2015.05.11 20:51:21.916,0.88758,0.88803,1.00,2.25
2015.05.11 20:51:22.700,0.88758,0.88803,1.00,2.25
2015.05.11 20:51:36.340,0.88758,0.888,1.00,1.75
2015.05.11 20:51:36.754,0.88763,0.888,1.00,2.25
2015.05.11 20:51:37.703,0.88763,0.88801,1.00,1.75
2015.05.11 20:51:38.610,0.88763,0.88801,1.00,1.37
2015.05.11 20:51:38.856,0.88758,0.88801,1.00,1.37
2015.05.11 20:51:38.957,0.88758,0.88807,1.00,1.37
2015.05.11 20:51:39.013,0.88758,0.88807,1.37,1.12
2015.05.11 20:51:39.165,0.88767,0.88816,1.00,1.75
2015.05.11 20:51:39.215,0.88767,0.88821,1.00,1.75
2015.05.11 20:51:39.361,0.88767,0.88823,1.00,2.10
2015.05.11 20:51:39.462,0.88762,0.88818,1.00,1.00
2015.05.11 20:51:39.591,0.88773,0.88818,1.00,1.00
2015.05.11 20:51:40.218,0.88773,0.88819,1.00,1.00
2015.05.11 20:51:41.130,0.88772,0.88819,1.00,1.12
2015.05.11 20:51:41.707,0.88772,0.88819,1.00,1.37
2015.05.11 20:51:41.950,0.88773,0.88822,1.00,1.37
2015.05.11 20:51:42.072,0.88773,0.88823,1.00,1.12
2015.05.11 20:51:42.223,0.88773,0.88832,1.00,1.37
2015.05.11 20:51:42.339,0.88778,0.88834,1.00,1.37
2015.05.11 20:51:42.697,0.88778,0.88819,1.00,1.50
2015.05.11 20:51:43.027,0.88778,0.88818,1.00,1.75
2015.05.11 20:51:44.069,0.88778,0.88819,1.00,2.25
2015.05.11 20:51:45.579,0.88778,0.88819,1.00,1.37
2015.05.11 20:51:45.640,0.88773,0.88819,1.00,1.37
2015.05.11 20:51:45.879,0.88768,0.8882,1.00,1.75
2015.05.11 20:51:46.658,0.88767,0.8882,1.00,2.25
2015.05.11 20:51:54.371,0.88767,0.8882,1.00,2.25
2015.05.11 20:52:00.202,0.88767,0.88819,1.00,2.25
2015.05.11 20:52:05.578,0.88768,0.88815,1.00,1.50
2015.05.11 20:52:08.850,0.88767,0.88815,1.00,1.50
2015.05.11 20:52:08.909,0.88767,0.88815,1.00,1.00
2015.05.11 20:52:09.114,0.88772,0.88816,1.00,1.37
2015.05.11 20:52:11.567,0.88772,0.88821,1.00,1.50
2015.05.11 20:52:11.617,0.88772,0.88821,1.00,1.37
2015.05.11 20:52:11.918,0.88772,0.88821,1.00,1.12
2015.05.11 20:52:12.018,0.88772,0.88821,1.00,1.37
2015.05.11 20:52:12.119,0.88772,0.88827,1.00,1.50
2015.05.11 20:52:12.418,0.88778,0.88826,1.00,1.37
2015.05.11 20:52:12.469,0.88778,0.88832,1.00,1.75
2015.05.11 20:52:12.522,0.88778,0.88832,1.00,1.37
2015.05.11 20:52:12.724,0.88778,0.88837,1.00,3.00
2015.05.11 20:52:13.026,0.88778,0.88827,1.00,1.37
2015.05.11 20:52:13.402,0.88778,0.88819,1.00,1.37
2015.05.11 20:52:13.931,0.88778,0.88819,1.00,1.37
2015.05.11 20:52:14.430,0.88777,0.8882,1.00,1.75
2015.05.11 20:52:14.732,0.88778,0.88811,1.00,1.37
2015.05.11 20:52:14.927,0.88773,0.88812,1.00,1.37
2015.05.11 20:52:15.457,0.88772,0.88812,1.00,1.37
2015.05.11 20:52:16.432,0.88772,0.88812,1.00,1.00
2015.05.11 20:52:16.534,0.88772,0.88811,1.00,1.37
2015.05.11 20:52:17.099,0.88772,0.88811,1.00,1.00
2015.05.11 20:52:34.519,0.88772,0.88812,1.00,1.00
2015.05.11 20:52:35.346,0.88772,0.88813,1.00,1.12
2015.05.11 20:52:43.638,0.88772,0.88814,1.00,1.00
2015.05.11 20:52:45.040,0.88772,0.8882,1.00,1.12
2015.05.11 20:52:45.291,0.88772,0.8882,1.37,1.00
2015.05.11 20:52:45.341,0.88772,0.88825,1.37,1.37
2015.05.11 20:52:45.392,0.88772,0.88825,1.12,1.12
2015.05.11 20:52:45.622,0.88778,0.88826,1.00,1.00
2015.05.11 20:52:46.151,0.88778,0.88825,1.00,1.00
2015.05.11 20:52:46.594,0.88777,0.88825,1.00,1.37
2015.05.11 20:52:46.795,0.88777,0.88832,1.00,2.25
2015.05.11 20:52:47.349,0.88773,0.88826,1.00,1.37
2015.05.11 20:52:48.497,0.88773,0.88826,1.00,1.37
2015.05.11 20:52:54.612,0.88773,0.88826,1.00,1.00
2015.05.11 20:52:54.712,0.88773,0.88826,1.00,2.25
2015.05.11 20:52:55.107,0.88773,0.88826,1.00,1.00
2015.05.11 20:52:55.701,0.88773,0.88831,1.00,1.75
2015.05.11 20:52:56.810,0.88773,0.88826,1.00,1.75
2015.05.11 20:52:59.338,0.88767,0.88821,1.00,1.00
2015.05.11 20:52:59.439,0.88767,0.88821,1.00,1.75
2015.05.11 20:52:59.557,0.88762,0.88811,1.12,1.75
2015.05.11 20:53:00.329,0.88763,0.88811,1.00,1.75
2015.05.11 20:53:03.921,0.88763,0.88809,1.00,1.75
2015.05.11 20:53:05.058,0.88762,0.88809,1.12,1.75
2015.05.11 20:53:06.836,0.88762,0.88811,1.12,2.25
2015.05.11 20:53:07.519,0.88762,0.88811,1.00,2.25
2015.05.11 20:53:10.925,0.88762,0.8881,1.00,1.75
2015.05.11 20:53:14.530,0.88762,0.88809,1.12,1.75
2015.05.11 20:53:15.052,0.88762,0.88811,1.00,2.25
2015.05.11 20:53:15.532,0.88762,0.88811,1.00,2.25
2015.05.11 20:53:16.041,0.88762,0.88806,1.12,1.75
2015.05.11 20:53:18.646,0.88762,0.88811,1.00,1.75
2015.05.11 20:53:20.539,0.88762,0.8881,1.00,1.37
2015.05.11 20:53:20.649,0.88762,0.88813,1.00,1.75
2015.05.11 20:53:21.025,0.88762,0.8881,1.00,1.75
2015.05.11 20:53:24.308,0.88768,0.88811,1.00,1.75
2015.05.11 20:53:24.418,0.88762,0.88811,1.00,1.75
2015.05.11 20:53:24.987,0.88762,0.8881,1.12,1.75
2015.05.11 20:53:26.069,0.88763,0.8881,1.00,1.75
2015.05.11 20:53:26.169,0.88763,0.88813,1.00,3.00
2015.05.11 20:53:26.851,0.88763,0.88812,1.37,2.25
2015.05.11 20:53:27.272,0.88768,0.88812,1.00,2.25
2015.05.11 20:53:27.958,0.88768,0.88812,1.00,1.75
2015.05.11 20:53:28.379,0.88763,0.88812,1.37,1.75
2015.05.11 20:53:34.071,0.88762,0.88812,1.37,1.75
2015.05.11 20:53:48.639,0.88763,0.88817,1.37,1.94
2015.05.11 20:53:48.996,0.88763,0.88817,1.12,1.94
2015.05.11 20:53:49.841,0.88763,0.88813,1.00,1.37
2015.05.11 20:53:49.942,0.88758,0.88815,1.37,2.06
2015.05.11 20:53:51.602,0.88758,0.88812,1.12,1.75
2015.05.11 20:53:53.202,0.88758,0.88812,1.00,1.75
2015.05.11 20:53:53.614,0.88753,0.88812,1.12,1.75
2015.05.11 20:53:53.715,0.88753,0.88809,1.00,1.12
2015.05.11 20:53:54.255,0.88753,0.88807,1.00,1.50
2015.05.11 20:53:54.597,0.88748,0.88802,1.37,1.12
2015.05.11 20:53:55.409,0.88748,0.88802,1.00,1.37
2015.05.11 20:53:56.018,0.88748,0.88802,1.12,1.37
2015.05.11 20:53:57.127,0.88753,0.88807,1.00,1.75
2015.05.11 20:53:57.668,0.88752,0.88808,1.00,1.75
2015.05.11 20:53:57.786,0.88748,0.88802,1.12,1.37
2015.05.11 20:53:58.462,0.88752,0.88808,1.00,1.75
2015.05.11 20:53:59.878,0.88753,0.88807,1.00,2.00
2015.05.11 20:54:03.490,0.88747,0.88803,1.37,1.37
2015.05.11 20:54:03.541,0.88747,0.88803,1.12,1.50
2015.05.11 20:54:04.058,0.88753,0.88806,1.00,2.25
2015.05.11 20:54:04.521,0.88753,0.88807,1.00,1.75
2015.05.11 20:54:04.626,0.88753,0.88807,1.00,1.37
2015.05.11 20:54:04.827,0.88748,0.88802,1.37,1.00
2015.05.11 20:54:05.071,0.88752,0.88808,1.00,1.50
2015.05.11 20:54:05.636,0.88753,0.88807,1.00,1.37
2015.05.11 20:54:07.131,0.88753,0.88807,1.00,1.37
2015.05.11 20:54:07.677,0.88752,0.88808,1.00,1.50
2015.05.11 20:54:08.786,0.88753,0.88807,1.00,1.37
2015.05.11 20:54:09.947,0.88753,0.8881,1.37,1.12
2015.05.11 20:54:10.304,0.88763,0.8881,1.00,1.12
2015.05.11 20:54:11.566,0.88763,0.88812,1.00,2.25
2015.05.11 20:54:12.538,0.88763,0.8881,1.00,1.12
2015.05.11 20:54:13.040,0.88763,0.8881,1.00,1.12
2015.05.11 20:54:13.655,0.88763,0.8881,1.00,1.37
2015.05.11 20:54:13.884,0.88762,0.88813,1.00,2.25
2015.05.11 20:54:13.985,0.88762,0.8881,1.00,2.25
2015.05.11 20:54:14.316,0.88758,0.88811,1.00,2.25
2015.05.11 20:54:14.467,0.88758,0.88807,1.00,1.75
2015.05.11 20:54:15.062,0.88758,0.88809,1.00,2.25
2015.05.11 20:54:15.586,0.88758,0.8881,1.00,1.75
2015.05.11 20:54:19.577,0.88758,0.88809,1.00,1.37
2015.05.11 20:54:19.975,0.88758,0.88817,1.00,1.94
2015.05.11 20:54:20.705,0.88758,0.88817,1.00,1.94
2015.05.11 20:54:21.357,0.88752,0.88813,1.00,1.12
2015.05.11 20:54:21.566,0.88757,0.88818,1.00,2.06
2015.05.11 20:54:22.114,0.88758,0.88818,1.00,1.31
2015.05.11 20:54:22.509,0.88752,0.88802,1.00,1.37
2015.05.11 20:54:24.109,0.88753,0.88799,1.00,1.00
2015.05.11 20:54:25.617,0.88752,0.88799,1.00,1.00
2015.05.11 20:54:28.807,0.88753,0.88799,1.00,1.00
2015.05.11 20:54:29.321,0.88752,0.88799,1.00,1.00
2015.05.11 20:54:36.116,0.88752,0.88807,1.00,1.75
2015.05.11 20:54:36.220,0.88752,0.88805,1.00,1.87
2015.05.11 20:54:36.420,0.88752,0.88806,1.00,3.37
2015.05.11 20:54:36.710,0.88752,0.88805,1.00,1.12
2015.05.11 20:54:40.216,0.88752,0.88805,1.00,1.50
2015.05.11 20:54:42.520,0.88752,0.88805,1.00,1.37
2015.05.11 20:54:42.621,0.88752,0.88808,1.00,2.06
2015.05.11 20:54:43.648,0.88752,0.888,1.00,1.00
2015.05.11 20:54:43.794,0.88752,0.88808,1.00,2.06
2015.05.11 20:54:44.725,0.88752,0.88805,1.00,1.12
2015.05.11 20:54:44.826,0.88752,0.88802,1.00,1.37
2015.05.11 20:54:46.829,0.88752,0.88802,1.00,1.75
2015.05.11 20:54:47.374,0.88753,0.888,1.00,1.75
2015.05.11 20:54:48.035,0.88752,0.888,1.00,1.75
2015.05.11 20:54:49.232,0.88752,0.88798,1.00,1.75
2015.05.11 20:54:49.533,0.88752,0.88798,1.00,1.37
2015.05.11 20:54:49.634,0.88752,0.88797,1.00,1.00
2015.05.11 20:54:49.685,0.88752,0.88805,1.00,1.31
2015.05.11 20:54:50.636,0.88752,0.88806,1.00,1.12
2015.05.11 20:54:51.161,0.88753,0.88806,1.00,1.12
2015.05.11 20:54:51.359,0.88748,0.88802,1.00,1.37
2015.05.11 20:54:51.460,0.88748,0.88802,1.00,1.87
2015.05.11 20:54:51.762,0.88748,0.88802,1.00,2.25
2015.05.11 20:54:52.275,0.88748,0.88801,1.00,1.37
2015.05.11 20:54:52.593,0.88748,0.888,1.00,1.75
2015.05.11 20:54:52.897,0.88747,0.88793,1.00,1.75
2015.05.11 20:54:53.047,0.88747,0.88793,1.00,1.75
2015.05.11 20:54:53.148,0.88738,0.88787,1.00,1.12
2015.05.11 20:54:53.692,0.88738,0.88787,1.00,1.37
2015.05.11 20:54:56.639,0.88737,0.88788,1.00,1.37
2015.05.11 20:54:58.981,0.88738,0.88787,1.00,1.37
2015.05.11 20:54:59.399,0.88742,0.88791,1.00,1.12
2015.05.11 20:55:00.657,0.88742,0.8879,1.00,1.12
2015.05.11 20:55:00.926,0.88737,0.88788,1.00,1.37
2015.05.11 20:55:01.353,0.88743,0.8879,1.00,1.12
2015.05.11 20:55:13.699,0.88743,0.88792,1.00,2.25
2015.05.11 20:55:19.616,0.88743,0.88789,1.00,1.37
2015.05.11 20:55:19.717,0.88743,0.88792,1.00,2.06
2015.05.11 20:55:20.228,0.88743,0.88792,1.00,2.06
2015.05.11 20:55:22.612,0.88743,0.88789,1.00,1.37
2015.05.11 20:55:23.154,0.88743,0.8879,1.00,1.31
2015.05.11 20:55:23.490,0.88743,0.88789,1.00,1.12
2015.05.11 20:55:29.463,0.88743,0.88792,1.00,2.44
2015.05.11 20:55:29.528,0.88743,0.88789,1.00,1.37
2015.05.11 20:55:32.937,0.88743,0.88789,1.00,1.12
2015.05.11 20:55:36.071,0.88743,0.88789,1.00,1.37
2015.05.11 20:55:36.733,0.88743,0.88789,1.00,1.12
2015.05.11 20:55:38.274,0.88743,0.88789,1.00,1.37
2015.05.11 20:55:41.297,0.88742,0.88789,1.00,1.37
2015.05.11 20:55:41.877,0.88742,0.88789,1.00,1.12
2015.05.11 20:55:49.586,0.88742,0.88792,1.00,2.44
2015.05.11 20:55:50.592,0.88742,0.88792,1.00,1.31
2015.05.11 20:55:50.867,0.88737,0.88788,1.00,1.12
2015.05.11 20:55:51.087,0.88742,0.88792,1.00,1.31
2015.05.11 20:55:51.620,0.88742,0.88789,1.00,1.00
2015.05.11 20:55:52.684,0.88742,0.88789,1.00,1.12
2015.05.11 20:55:52.798,0.88742,0.8879,1.00,1.75
2015.05.11 20:55:52.875,0.88742,0.88789,1.00,1.12
2015.05.11 20:55:55.292,0.88742,0.88788,1.00,1.50
2015.05.11 20:56:11.547,0.88743,0.88788,1.00,1.50
2015.05.11 20:56:13.858,0.88742,0.88788,1.00,1.50
2015.05.11 20:56:13.909,0.88742,0.88788,1.00,1.37
2015.05.11 20:56:14.228,0.88742,0.88791,1.00,1.37
2015.05.11 20:56:14.758,0.88743,0.88791,1.00,1.37
2015.05.11 20:56:18.327,0.88743,0.88783,1.00,1.00
2015.05.11 20:56:18.378,0.88733,0.88783,1.37,1.00
2015.05.11 20:56:18.429,0.88733,0.88791,1.00,1.12
2015.05.11 20:56:18.646,0.88733,0.88785,1.00,1.37
2015.05.11 20:56:18.747,0.88733,0.88782,1.00,1.87
2015.05.11 20:56:19.727,0.88733,0.8878,1.00,1.12
2015.05.11 20:56:21.644,0.88732,0.88779,1.00,1.12
2015.05.11 20:56:22.282,0.88733,0.88779,1.00,1.12
2015.05.11 20:56:33.106,0.88728,0.88779,1.00,1.12
2015.05.11 20:56:33.326,0.88733,0.8878,1.00,1.75
2015.05.11 20:56:33.546,0.88727,0.8878,1.12,1.75
2015.05.11 20:56:33.875,0.88737,0.8878,1.00,1.75
2015.05.11 20:56:36.459,0.88737,0.88778,1.00,2.25
2015.05.11 20:56:37.066,0.88732,0.88778,1.00,3.75
2015.05.11 20:56:37.398,0.88737,0.88778,1.00,3.75
2015.05.11 20:56:38.753,0.88737,0.88778,1.00,3.75
2015.05.11 20:56:41.905,0.88733,0.88776,1.00,1.75
2015.05.11 20:56:47.569,0.88733,0.88776,1.00,1.12
2015.05.11 20:56:47.870,0.88733,0.88782,1.00,1.37
2015.05.11 20:56:48.596,0.88733,0.88773,1.00,1.00
2015.05.11 20:56:48.955,0.88732,0.88772,1.00,2.25
2015.05.11 20:56:49.165,0.88728,0.88772,1.00,1.75
2015.05.11 20:56:49.272,0.88728,0.88777,1.00,1.50
2015.05.11 20:56:50.574,0.88728,0.88777,1.00,1.75
2015.05.11 20:57:09.816,0.88728,0.88776,1.00,3.00
2015.05.11 20:57:09.867,0.88723,0.88777,1.00,3.37
2015.05.11 20:57:09.917,0.88723,0.88777,1.00,3.37
2015.05.11 20:57:10.326,0.88727,0.88774,1.00,2.25
2015.05.11 20:57:12.815,0.88717,0.88774,1.37,2.25
2015.05.11 20:57:12.866,0.88717,0.88769,1.00,1.12
2015.05.11 20:57:13.253,0.88718,0.88765,1.00,3.00
2015.05.11 20:57:13.404,0.88713,0.88761,1.00,1.50
2015.05.11 20:57:13.455,0.88713,0.88761,1.00,1.37
2015.05.11 20:57:13.584,0.88717,0.88764,1.00,1.75
2015.05.11 20:57:13.964,0.88718,0.88762,1.00,1.75
2015.05.11 20:57:16.532,0.88718,0.8876,1.00,1.37
2015.05.11 20:57:16.583,0.88712,0.88761,1.00,1.87
2015.05.11 20:57:16.633,0.88712,0.88761,1.00,2.25
2015.05.11 20:57:16.734,0.88712,0.88759,1.00,1.75
2015.05.11 20:57:16.885,0.88708,0.88759,1.00,1.75
2015.05.11 20:57:17.105,0.88703,0.88752,1.00,1.37
2015.05.11 20:57:17.335,0.88707,0.88756,1.00,1.75
2015.05.11 20:57:18.536,0.88707,0.88754,1.00,1.12
2015.05.11 20:57:19.179,0.88707,0.88753,1.00,1.37
2015.05.11 20:57:25.598,0.88703,0.8875,1.00,1.12
2015.05.11 20:57:25.768,0.88703,0.88749,1.00,1.12
2015.05.11 20:57:36.178,0.88703,0.88752,1.00,1.94
2015.05.11 20:57:37.382,0.88703,0.88752,1.00,1.94
2015.05.11 20:57:38.835,0.88703,0.88752,1.00,1.94
2015.05.11 20:57:44.747,0.88703,0.88745,1.00,2.25
2015.05.11 20:57:45.052,0.88703,0.88747,1.00,1.75
2015.05.11 20:57:45.153,0.88698,0.88746,1.00,1.12
2015.05.11 20:57:45.654,0.88698,0.88744,1.00,1.75
2015.05.11 20:57:45.987,0.88703,0.88746,1.00,1.12
2015.05.11 20:57:46.955,0.88703,0.88747,1.00,2.05
2015.05.11 20:57:47.335,0.88697,0.88747,1.00,1.12
2015.05.11 20:57:47.436,0.88697,0.8875,1.00,1.37
2015.05.11 20:57:47.643,0.88708,0.88752,1.00,1.75
2015.05.11 20:57:47.856,0.88708,0.88749,1.00,1.12
2015.05.11 20:57:48.304,0.88702,0.88754,1.00,1.37
2015.05.11 20:57:48.458,0.88702,0.8875,1.00,1.75
2015.05.11 20:57:49.004,0.88703,0.88749,1.00,1.75
2015.05.11 20:57:51.867,0.88703,0.88749,1.00,1.12
2015.05.11 20:57:53.845,0.88698,0.8875,1.00,1.12
2015.05.11 20:57:53.945,0.88698,0.88757,1.37,1.37
2015.05.11 20:57:54.066,0.88698,0.88757,1.75,1.37
2015.05.11 20:57:54.428,0.88708,0.88756,1.00,1.37
2015.05.11 20:57:55.018,0.88707,0.88756,1.00,1.12
2015.05.11 20:57:55.770,0.88707,0.8876,1.00,1.87
2015.05.11 20:57:56.636,0.88707,0.88759,1.00,1.12
2015.05.11 20:57:58.155,0.88707,0.88758,1.00,1.00
2015.05.11 20:57:59.626,0.88707,0.88759,1.00,1.12
2015.05.11 20:58:00.417,0.88703,0.88762,1.00,2.62
2015.05.11 20:58:01.945,0.88703,0.88761,1.00,1.00
2015.05.11 20:58:02.386,0.88703,0.8876,1.00,1.37
2015.05.11 20:58:04.283,0.88703,0.88761,1.00,1.00
2015.05.11 20:58:04.435,0.88703,0.88759,1.00,1.00
2015.05.11 20:58:04.989,0.88703,0.88759,1.00,1.37
2015.05.11 20:58:05.586,0.88703,0.88761,1.00,1.37
2015.05.11 20:58:05.793,0.88708,0.88761,1.00,1.37
2015.05.11 20:58:06.487,0.88708,0.88763,1.00,2.25
2015.05.11 20:58:06.855,0.88708,0.88764,1.00,1.87
2015.05.11 20:58:07.681,0.88708,0.88764,1.00,1.87
2015.05.11 20:58:08.324,0.88703,0.88762,1.00,1.00
2015.05.11 20:58:10.596,0.88703,0.88762,1.00,2.25
2015.05.11 20:58:12.098,0.88703,0.88758,1.00,1.75
2015.05.11 20:58:12.770,0.88703,0.88758,1.00,1.75
2015.05.11 20:58:16.607,0.88703,0.88758,1.00,1.75
2015.05.11 20:58:16.782,0.88703,0.88758,1.00,1.75
2015.05.11 20:58:16.907,0.88703,0.88761,1.00,1.37
2015.05.11 20:58:29.283,0.88703,0.88762,1.00,2.62
2015.05.11 20:58:29.435,0.88703,0.88762,1.00,1.37
2015.05.11 20:58:29.744,0.88708,0.88767,1.00,1.75
2015.05.11 20:58:30.121,0.88708,0.88767,1.00,1.75
2015.05.11 20:58:30.451,0.88708,0.88767,1.00,1.75
2015.05.11 20:58:34.642,0.88707,0.88764,1.00,1.37
2015.05.11 20:58:35.155,0.88707,0.88764,1.00,1.37
2015.05.11 20:58:35.535,0.88707,0.88762,1.00,1.37
2015.05.11 20:58:36.530,0.88707,0.88762,1.00,1.75
2015.05.11 20:58:37.583,0.88703,0.88759,1.00,1.75
2015.05.11 20:58:37.634,0.88703,0.88761,1.37,2.25
2015.05.11 20:58:38.140,0.88707,0.88762,1.00,1.75
2015.05.11 20:58:38.682,0.88707,0.88762,1.00,1.75
2015.05.11 20:58:40.551,0.88707,0.8876,1.00,1.75
2015.05.11 20:58:42.655,0.88707,0.88761,1.00,1.75
2015.05.11 20:58:43.302,0.88703,0.88761,1.00,1.75
2015.05.11 20:58:43.458,0.88703,0.88762,1.37,1.75
2015.05.11 20:58:43.714,0.88702,0.88761,1.37,1.75
2015.05.11 20:58:43.873,0.88702,0.88762,1.37,1.75
2015.05.11 20:58:54.562,0.88702,0.88762,1.37,1.37
2015.05.11 20:58:55.584,0.88702,0.88763,1.00,1.37
2015.05.11 20:58:55.685,0.88702,0.88763,1.00,1.50
2015.05.11 20:58:58.153,0.88708,0.88765,1.00,2.25
2015.05.11 20:58:58.723,0.88708,0.88765,1.00,2.25
2015.05.11 20:59:01.355,0.88712,0.88757,0.75,0.37
2015.05.11 20:59:01.574,0.88712,0.88765,0.75,0.75
2015.05.11 20:59:02.246,0.88712,0.88766,0.75,0.75
2015.05.11 20:59:04.140,0.88712,0.88765,0.75,0.19
2015.05.11 20:59:05.942,0.88712,0.88766,0.75,0.19
2015.05.11 20:59:07.626,0.88713,0.88766,0.75,0.19
2015.05.11 20:59:08.195,0.88712,0.88766,0.75,0.19
2015.05.11 20:59:08.822,0.88713,0.88766,0.75,0.19
2015.05.11 20:59:10.148,0.88713,0.88775,0.75,0.75
2015.05.11 20:59:10.249,0.88713,0.88765,0.75,0.19
2015.05.11 20:59:11.550,0.88713,0.88766,0.75,0.19
2015.05.11 20:59:14.284,0.88713,0.88765,0.75,0.19
2015.05.11 20:59:16.358,0.88713,0.88769,0.75,0.19
2015.05.11 20:59:24.898,0.88722,0.88769,0.75,0.19
2015.05.11 20:59:25.594,0.88722,0.8877,0.75,0.19
2015.05.11 20:59:28.071,0.88717,0.8877,0.75,0.19
2015.05.11 20:59:28.182,0.88718,0.88773,0.75,0.19
2015.05.11 20:59:29.645,0.88723,0.88773,0.75,0.19
2015.05.11 20:59:29.696,0.88723,0.88778,0.75,0.19
2015.05.11 20:59:30.014,0.88723,0.88785,0.75,0.60
2015.05.11 20:59:31.790,0.88723,0.88782,0.75,0.19
2015.05.11 20:59:33.402,0.88723,0.88779,0.75,0.19
2015.05.11 20:59:36.101,0.88718,0.88775,0.75,0.19
2015.05.11 20:59:36.333,0.88717,0.88782,0.75,0.75
2015.05.11 20:59:36.904,0.88717,0.88781,0.75,0.75
2015.05.11 20:59:38.662,0.88723,0.88775,0.75,0.19
2015.05.11 20:59:38.713,0.88723,0.88779,0.75,0.19
2015.05.11 20:59:40.062,0.88722,0.88779,0.75,0.19
2015.05.11 20:59:41.502,0.88722,0.8878,0.75,0.19
2015.05.11 20:59:43.801,0.88727,0.8878,0.75,0.19
2015.05.11 20:59:43.953,0.88727,0.88785,0.75,0.19
2015.05.11 20:59:44.220,0.88728,0.88789,0.75,0.60
2015.05.11 20:59:48.311,0.88727,0.88789,0.75,0.60
2015.05.11 20:59:51.061,0.88733,0.88789,0.75,0.60
2015.05.11 20:59:51.354,0.88733,0.88797,0.75,0.75
2015.05.11 20:59:51.873,0.88732,0.88798,0.75,1.57
2015.05.11 20:59:52.391,0.88733,0.88797,0.75,0.75
2015.05.11 20:59:55.620,0.88738,0.88802,0.75,0.75
2015.05.11 20:59:58.320,0.88732,0.88803,0.75,0.75
2015.05.11 20:59:58.540,0.88738,0.88807,0.75,0.75
2015.05.11 20:59:58.871,0.88733,0.88807,0.75,0.75
