2011.06.27 02:00:00.905,0.79578,0.79625,1.50,2.25
2011.06.27 02:00:03.107,0.79578,0.79625,1.50,2.25
2011.06.27 02:00:11.503,0.79576,0.79625,1.50,3.00
2011.06.27 02:00:11.907,0.7958,0.79623,1.50,2.25
2011.06.27 02:00:12.253,0.79582,0.79623,1.50,2.25
2011.06.27 02:00:12.364,0.79582,0.79628,1.50,3.60
2011.06.27 02:00:15.138,0.79581,0.79628,1.50,2.85
2011.06.27 02:00:16.867,0.79578,0.79626,3.00,1.35
2011.06.27 02:00:17.514,0.79578,0.79626,3.00,2.10
2011.06.27 02:00:18.885,0.79576,0.79624,1.50,3.00
2011.06.27 02:00:19.876,0.79576,0.79624,1.50,3.00
2011.06.27 02:00:20.671,0.79576,0.79624,1.50,3.00
2011.06.27 02:00:20.883,0.79577,0.79626,3.00,1.35
2011.06.27 02:00:21.204,0.79581,0.79629,1.50,3.60
2011.06.27 02:00:21.314,0.79581,0.79623,1.50,2.25
2011.06.27 02:00:21.735,0.79581,0.79623,1.50,2.25
2011.06.27 02:00:24.595,0.79576,0.79623,1.50,2.25
2011.06.27 02:00:26.545,0.79581,0.79628,1.50,2.85
2011.06.27 02:00:27.884,0.79585,0.79628,1.50,3.60
2011.06.27 02:00:28.819,0.79582,0.79628,1.50,3.60
2011.06.27 02:00:31.427,0.79582,0.79628,1.50,3.60
2011.06.27 02:00:33.724,0.79582,0.79628,1.50,3.60
2011.06.27 02:00:34.214,0.79587,0.79633,1.50,3.00
2011.06.27 02:00:36.905,0.79587,0.79633,1.50,2.25
2011.06.27 02:00:40.816,0.79587,0.79633,1.50,3.00
2011.06.27 02:00:41.425,0.79587,0.79633,1.50,3.75
2011.06.27 02:00:43.277,0.79587,0.79633,1.50,3.00
2011.06.27 02:00:43.406,0.79587,0.79628,1.50,2.25
2011.06.27 02:00:44.045,0.79585,0.79628,1.50,2.25
2011.06.27 02:00:44.443,0.7958,0.79628,1.35,3.00
2011.06.27 02:00:44.898,0.7957,0.79614,1.50,2.25
2011.06.27 02:00:45.114,0.7957,0.79606,1.50,2.25
2011.06.27 02:00:45.224,0.79563,0.79606,1.50,2.25
2011.06.27 02:00:45.333,0.79563,0.79609,1.50,2.25
2011.06.27 02:00:46.903,0.79566,0.79609,1.50,2.25
2011.06.27 02:00:47.264,0.79569,0.79615,1.50,2.25
2011.06.27 02:00:48.145,0.79576,0.79615,1.50,2.25
2011.06.27 02:00:48.254,0.79577,0.79618,1.50,2.25
2011.06.27 02:00:48.363,0.79577,0.79625,1.50,2.25
2011.06.27 02:00:48.584,0.79575,0.79619,1.50,2.25
2011.06.27 02:00:49.073,0.79582,0.79623,1.50,2.25
2011.06.27 02:00:50.384,0.79581,0.79627,1.50,2.25
2011.06.27 02:00:50.493,0.79577,0.79627,3.60,3.00
2011.06.27 02:00:51.447,0.79581,0.79627,1.50,2.25
2011.06.27 02:00:52.375,0.79583,0.79627,1.50,2.25
2011.06.27 02:00:52.876,0.79583,0.79627,1.50,2.85
2011.06.27 02:00:53.505,0.79582,0.79624,1.50,2.25
2011.06.27 02:00:53.915,0.79577,0.79616,1.50,2.25
2011.06.27 02:00:54.075,0.79577,0.79619,1.50,2.25
2011.06.27 02:00:54.293,0.79577,0.79619,1.50,2.25
2011.06.27 02:00:55.267,0.79577,0.79619,1.50,2.25
2011.06.27 02:00:55.895,0.79578,0.79619,1.50,2.25
2011.06.27 02:00:56.829,0.79576,0.79619,1.50,2.25
2011.06.27 02:00:58.988,0.79577,0.79619,1.50,2.25
2011.06.27 02:00:59.464,0.79577,0.79619,1.50,2.25
2011.06.27 02:00:59.577,0.79577,0.79626,1.50,2.25
2011.06.27 02:00:59.793,0.79577,0.79626,1.50,2.25
2011.06.27 02:00:59.903,0.79579,0.79631,3.00,3.00
2011.06.27 02:01:00.126,0.79586,0.79631,1.50,2.25
2011.06.27 02:01:00.343,0.79586,0.79637,2.10,3.00
2011.06.27 02:01:00.563,0.79587,0.79637,1.35,2.25
2011.06.27 02:01:00.784,0.79587,0.79637,2.10,2.25
2011.06.27 02:01:01.154,0.79587,0.79643,2.10,1.35
2011.06.27 02:01:02.000,0.79587,0.79639,2.10,1.50
2011.06.27 02:01:02.803,0.79586,0.79639,1.50,1.50
2011.06.27 02:01:02.986,0.79591,0.79639,1.50,1.50
2011.06.27 02:01:03.543,0.79587,0.79639,1.50,1.50
2011.06.27 02:01:03.654,0.79591,0.79639,1.50,1.50
2011.06.27 02:01:03.861,0.79591,0.79638,1.50,1.50
2011.06.27 02:01:04.183,0.79582,0.79626,1.50,2.25
2011.06.27 02:01:04.294,0.79582,0.79638,1.50,3.75
2011.06.27 02:01:04.553,0.79589,0.79637,1.50,1.13
2011.06.27 02:01:05.055,0.79586,0.79631,1.50,3.00
2011.06.27 02:01:06.115,0.79586,0.79631,1.50,3.00
2011.06.27 02:01:06.224,0.7958,0.79631,1.50,3.00
2011.06.27 02:01:06.973,0.79582,0.7963,1.50,3.00
2011.06.27 02:01:07.213,0.7958,0.7963,3.00,2.63
2011.06.27 02:01:07.418,0.79577,0.79625,1.50,2.25
2011.06.27 02:01:07.526,0.79577,0.79628,1.50,3.00
2011.06.27 02:01:07.964,0.79575,0.7963,3.00,1.35
2011.06.27 02:01:08.866,0.79587,0.79632,1.50,2.85
2011.06.27 02:01:09.977,0.79581,0.7963,1.50,1.35
2011.06.27 02:01:11.874,0.79584,0.7963,1.50,1.35
2011.06.27 02:01:13.222,0.79584,0.79632,1.50,3.60
2011.06.27 02:01:13.398,0.79587,0.79632,1.35,3.00
2011.06.27 02:01:13.504,0.79584,0.79632,1.35,3.00
2011.06.27 02:01:13.723,0.79587,0.79632,1.35,2.25
2011.06.27 02:01:13.837,0.79587,0.79642,1.35,3.75
2011.06.27 02:01:13.946,0.79585,0.79638,3.00,1.73
2011.06.27 02:01:14.055,0.79585,0.79635,2.25,1.35
2011.06.27 02:01:14.164,0.7958,0.7963,3.75,2.25
2011.06.27 02:01:14.384,0.7958,0.79628,1.50,2.25
2011.06.27 02:01:15.513,0.7958,0.79628,1.50,2.25
2011.06.27 02:01:15.623,0.7958,0.7963,3.75,2.25
2011.06.27 02:01:16.235,0.7958,0.7963,3.75,2.25
2011.06.27 02:01:16.784,0.7958,0.7963,3.75,2.25
2011.06.27 02:01:16.893,0.7958,0.7963,3.75,2.25
2011.06.27 02:01:17.004,0.7958,0.79627,1.50,2.25
2011.06.27 02:01:18.876,0.79577,0.79627,2.10,2.25
2011.06.27 02:01:19.597,0.79577,0.79627,2.10,2.25
2011.06.27 02:01:19.845,0.79581,0.7963,1.50,2.25
2011.06.27 02:01:20.855,0.79581,0.7963,1.50,2.25
2011.06.27 02:01:21.625,0.79581,0.7963,1.50,2.25
2011.06.27 02:01:21.843,0.7958,0.79628,1.50,2.25
2011.06.27 02:01:22.786,0.7958,0.79628,1.50,2.25
2011.06.27 02:01:24.867,0.79576,0.79628,1.50,2.25
2011.06.27 02:01:28.335,0.79576,0.79628,1.50,2.25
2011.06.27 02:01:28.457,0.79576,0.79628,1.50,2.25
2011.06.27 02:01:34.764,0.79581,0.79628,1.50,2.25
2011.06.27 02:01:34.874,0.79581,0.7963,1.50,2.25
2011.06.27 02:01:35.875,0.79581,0.7963,1.50,2.25
2011.06.27 02:01:36.856,0.79581,0.7963,1.50,2.25
2011.06.27 02:01:46.823,0.79577,0.79625,1.50,2.25
2011.06.27 02:01:47.245,0.79577,0.79623,1.50,2.25
2011.06.27 02:01:47.954,0.79577,0.79626,1.50,3.00
2011.06.27 02:01:49.836,0.79577,0.79626,1.50,2.25
2011.06.27 02:02:08.485,0.79574,0.79626,1.50,3.00
2011.06.27 02:02:09.102,0.79574,0.79626,1.50,2.25
2011.06.27 02:02:22.523,0.79577,0.7963,1.50,3.00
2011.06.27 02:02:23.061,0.79581,0.7963,1.50,3.00
2011.06.27 02:02:23.885,0.79576,0.7963,1.50,3.00
2011.06.27 02:02:26.915,0.79584,0.7963,1.50,3.00
2011.06.27 02:02:27.187,0.79581,0.7963,1.50,3.00
2011.06.27 02:02:28.863,0.79581,0.7963,1.50,3.00
2011.06.27 02:02:34.184,0.79581,0.7963,1.50,3.00
2011.06.27 02:02:34.664,0.79577,0.79628,1.35,2.25
2011.06.27 02:02:35.626,0.79582,0.79629,1.50,2.25
2011.06.27 02:02:37.705,0.79578,0.79628,1.50,1.50
2011.06.27 02:02:37.866,0.79578,0.79629,1.50,3.75
2011.06.27 02:02:42.844,0.79577,0.79629,1.35,3.75
2011.06.27 02:02:43.225,0.79577,0.79629,1.35,3.00
2011.06.27 02:02:43.591,0.79577,0.79628,1.35,1.50
2011.06.27 02:02:44.579,0.79577,0.79629,1.35,3.00
2011.06.27 02:02:44.736,0.79577,0.79628,1.35,1.50
2011.06.27 02:02:47.366,0.79577,0.79621,1.35,1.13
2011.06.27 02:02:47.474,0.79574,0.79621,1.50,1.73
2011.06.27 02:02:47.584,0.79564,0.79607,1.50,2.25
2011.06.27 02:02:47.804,0.79571,0.79619,1.50,3.00
2011.06.27 02:02:47.925,0.79571,0.79619,1.50,3.00
2011.06.27 02:02:48.705,0.79571,0.79619,1.50,2.25
2011.06.27 02:02:48.915,0.79572,0.79619,1.50,2.25
2011.06.27 02:02:49.135,0.79571,0.79619,1.50,2.25
2011.06.27 02:02:49.365,0.79571,0.79624,1.50,1.50
2011.06.27 02:02:49.474,0.79571,0.79621,1.50,1.73
2011.06.27 02:02:50.078,0.79564,0.79607,1.50,2.25
2011.06.27 02:02:50.404,0.79563,0.79617,1.50,1.73
2011.06.27 02:02:50.598,0.79563,0.7961,1.50,2.25
2011.06.27 02:02:51.826,0.79561,0.7961,1.50,2.25
2011.06.27 02:02:53.914,0.79561,0.7961,1.50,2.25
2011.06.27 02:03:02.177,0.79561,0.7961,1.50,2.25
2011.06.27 02:03:03.234,0.79561,0.7961,1.50,2.25
2011.06.27 02:03:03.454,0.79571,0.79613,1.35,2.25
2011.06.27 02:03:03.564,0.79572,0.7962,1.50,2.25
2011.06.27 02:03:04.866,0.79572,0.7962,1.50,2.25
2011.06.27 02:03:05.304,0.79571,0.79622,2.10,1.35
2011.06.27 02:03:05.896,0.79571,0.79622,2.10,1.35
2011.06.27 02:03:06.786,0.79574,0.79622,1.50,1.35
2011.06.27 02:03:08.944,0.79574,0.79622,1.50,1.35
2011.06.27 02:03:12.675,0.79574,0.79623,1.50,1.50
2011.06.27 02:03:17.775,0.79575,0.79623,1.50,1.50
2011.06.27 02:03:19.535,0.79572,0.79623,1.50,1.50
2011.06.27 02:03:20.965,0.7957,0.79623,1.50,1.50
2011.06.27 02:03:22.725,0.79566,0.79621,3.75,3.00
2011.06.27 02:03:23.786,0.79566,0.79621,3.75,3.00
2011.06.27 02:03:24.814,0.79566,0.79621,3.75,3.00
2011.06.27 02:03:29.785,0.79566,0.79621,3.75,3.00
2011.06.27 02:03:36.767,0.79566,0.79621,3.75,3.00
2011.06.27 02:03:36.873,0.79566,0.79621,3.75,3.00
2011.06.27 02:03:36.986,0.79566,0.79621,3.75,3.00
2011.06.27 02:03:37.309,0.79566,0.79621,3.75,3.00
2011.06.27 02:03:38.173,0.79566,0.79621,3.75,3.00
2011.06.27 02:03:38.454,0.79566,0.79621,3.75,3.00
2011.06.27 02:03:39.334,0.79569,0.79621,1.50,3.00
2011.06.27 02:03:40.325,0.79569,0.79621,1.50,3.00
2011.06.27 02:03:42.493,0.79569,0.79621,1.50,3.00
2011.06.27 02:03:44.065,0.7957,0.79621,1.50,3.00
2011.06.27 02:03:47.035,0.79569,0.79621,1.50,3.00
2011.06.27 02:03:47.605,0.79569,0.7962,1.50,1.13
2011.06.27 02:03:47.945,0.79565,0.7961,1.13,3.00
2011.06.27 02:03:48.054,0.79569,0.79622,1.50,3.00
2011.06.27 02:03:49.124,0.79571,0.79622,1.50,3.00
2011.06.27 02:03:49.533,0.79565,0.79618,3.75,1.35
2011.06.27 02:03:49.863,0.79572,0.79622,1.50,3.00
2011.06.27 02:03:50.453,0.79572,0.79622,1.50,3.00
2011.06.27 02:03:51.455,0.79567,0.79614,1.50,3.60
2011.06.27 02:03:52.646,0.79564,0.79611,1.35,3.00
2011.06.27 02:03:52.976,0.79564,0.79611,1.35,2.25
2011.06.27 02:03:55.284,0.79564,0.79611,1.35,2.25
2011.06.27 02:03:55.945,0.79564,0.79611,1.35,3.00
2011.06.27 02:03:56.120,0.79564,0.79611,1.35,3.00
2011.06.27 02:03:56.561,0.79564,0.79613,1.35,1.35
2011.06.27 02:03:57.484,0.79564,0.79612,2.10,2.25
2011.06.27 02:03:59.905,0.79564,0.79612,1.35,3.00
2011.06.27 02:04:00.114,0.79564,0.79612,1.35,3.00
2011.06.27 02:04:00.408,0.79564,0.79612,1.35,3.00
2011.06.27 02:04:00.665,0.79567,0.79612,1.50,3.00
2011.06.27 02:04:01.254,0.79567,0.79614,2.10,3.00
2011.06.27 02:04:01.363,0.7957,0.79614,1.50,2.25
2011.06.27 02:04:01.473,0.7957,0.79622,1.50,3.00
2011.06.27 02:04:02.204,0.79572,0.79622,1.50,3.00
2011.06.27 02:04:02.836,0.79574,0.79622,1.50,3.00
2011.06.27 02:04:03.224,0.7957,0.79622,1.50,3.00
2011.06.27 02:04:03.351,0.7957,0.79614,1.50,2.25
2011.06.27 02:04:03.598,0.7957,0.79614,1.50,2.25
2011.06.27 02:04:03.813,0.79567,0.79612,1.35,2.25
2011.06.27 02:04:04.806,0.79565,0.79612,1.35,2.25
2011.06.27 02:04:05.137,0.79565,0.79612,1.35,2.25
2011.06.27 02:04:06.785,0.79565,0.79612,1.35,2.25
2011.06.27 02:04:07.335,0.79565,0.79612,1.35,2.25
2011.06.27 02:04:08.703,0.79564,0.7961,1.50,2.25
2011.06.27 02:04:09.406,0.79558,0.7961,1.50,2.25
2011.06.27 02:04:13.873,0.79557,0.79614,2.10,3.00
2011.06.27 02:04:14.634,0.79559,0.79615,1.50,3.00
2011.06.27 02:04:15.635,0.79559,0.79619,1.50,3.00
2011.06.27 02:04:17.605,0.79561,0.79619,1.50,3.00
2011.06.27 02:04:18.704,0.7956,0.79619,1.50,3.00
2011.06.27 02:04:19.333,0.7956,0.79611,1.50,2.25
2011.06.27 02:04:19.443,0.7956,0.79611,1.50,2.25
2011.06.27 02:04:19.744,0.79557,0.79611,2.10,3.00
2011.06.27 02:04:19.877,0.79557,0.79611,2.10,3.00
2011.06.27 02:04:20.206,0.79557,0.79611,2.10,3.00
2011.06.27 02:04:20.356,0.79557,0.79611,1.35,3.00
2011.06.27 02:04:20.916,0.79557,0.79611,1.35,3.00
2011.06.27 02:04:23.263,0.79557,0.79611,1.35,3.00
2011.06.27 02:04:26.186,0.79557,0.79611,1.35,3.00
2011.06.27 02:04:29.003,0.7956,0.79611,1.50,3.00
2011.06.27 02:04:30.914,0.7956,0.79611,1.50,3.00
2011.06.27 02:04:31.474,0.79566,0.79611,1.50,2.25
2011.06.27 02:04:31.636,0.79566,0.79615,1.50,3.00
2011.06.27 02:04:32.273,0.7957,0.79615,1.50,2.25
2011.06.27 02:04:32.384,0.7957,0.79621,1.50,3.00
2011.06.27 02:04:34.765,0.7957,0.79619,1.50,1.50
2011.06.27 02:04:35.803,0.7957,0.79621,1.50,3.00
2011.06.27 02:04:39.815,0.7957,0.79621,1.50,3.00
2011.06.27 02:04:47.283,0.79571,0.79621,1.50,3.00
2011.06.27 02:04:47.654,0.79571,0.79614,1.50,2.63
2011.06.27 02:04:47.873,0.79564,0.7961,1.50,2.25
2011.06.27 02:04:48.875,0.79557,0.7961,1.35,2.25
2011.06.27 02:04:49.865,0.79557,0.7961,1.35,2.25
2011.06.27 02:04:50.525,0.79566,0.79614,1.50,2.25
2011.06.27 02:04:51.845,0.7957,0.79614,1.50,2.25
2011.06.27 02:04:52.835,0.7957,0.79614,1.50,2.25
2011.06.27 02:04:53.375,0.7957,0.79614,1.50,2.25
2011.06.27 02:04:53.594,0.7957,0.79618,2.10,1.50
2011.06.27 02:04:53.814,0.7957,0.79615,2.10,2.25
2011.06.27 02:04:54.033,0.79571,0.79615,1.50,2.25
2011.06.27 02:04:54.144,0.79571,0.79621,3.75,1.35
2011.06.27 02:04:55.215,0.79571,0.79621,3.75,1.35
2011.06.27 02:04:55.953,0.79575,0.79621,1.50,1.35
2011.06.27 02:04:56.826,0.79576,0.79623,1.50,4.35
2011.06.27 02:04:58.884,0.79576,0.79623,1.50,4.35
2011.06.27 02:05:02.343,0.79576,0.7961,1.50,2.25
2011.06.27 02:05:02.454,0.79572,0.7961,1.50,2.25
2011.06.27 02:05:02.564,0.7957,0.7961,1.35,2.25
2011.06.27 02:05:02.793,0.7957,0.79615,1.35,2.25
2011.06.27 02:05:04.783,0.79571,0.79615,1.50,2.25
2011.06.27 02:05:04.894,0.79571,0.79615,1.50,2.25
2011.06.27 02:05:05.225,0.79568,0.79614,3.00,1.35
2011.06.27 02:05:05.664,0.79567,0.79615,1.35,2.85
2011.06.27 02:05:06.523,0.7956,0.79615,1.50,2.25
2011.06.27 02:05:06.868,0.7956,0.79615,1.50,2.25
2011.06.27 02:05:07.904,0.7956,0.79615,1.50,3.00
2011.06.27 02:05:08.605,0.7956,0.79614,1.50,1.88
2011.06.27 02:05:08.934,0.79559,0.79606,1.35,2.25
2011.06.27 02:05:09.044,0.79557,0.79614,1.35,1.50
2011.06.27 02:05:09.177,0.79559,0.79615,1.35,3.00
2011.06.27 02:05:10.879,0.79559,0.7961,1.35,2.25
2011.06.27 02:05:11.875,0.79559,0.7961,1.35,2.25
2011.06.27 02:05:23.649,0.79559,0.7961,1.35,3.00
2011.06.27 02:05:24.244,0.79559,0.7961,1.35,2.25
2011.06.27 02:05:26.504,0.79559,0.7961,1.35,3.00
2011.06.27 02:05:27.215,0.79559,0.7961,1.35,2.25
2011.06.27 02:05:31.126,0.79559,0.7961,1.35,3.00
2011.06.27 02:05:31.945,0.79559,0.7961,1.35,2.25
2011.06.27 02:05:39.795,0.79554,0.79604,1.50,2.25
2011.06.27 02:05:54.534,0.79554,0.79604,1.50,2.25
2011.06.27 02:05:54.643,0.79554,0.79608,1.50,2.25
2011.06.27 02:05:54.753,0.79554,0.79612,1.50,2.25
2011.06.27 02:05:56.632,0.79554,0.79616,1.50,4.35
2011.06.27 02:05:56.743,0.79557,0.79616,1.13,3.60
2011.06.27 02:05:57.065,0.79554,0.79611,1.50,2.25
2011.06.27 02:05:59.884,0.79554,0.79611,1.50,2.25
2011.06.27 02:06:01.645,0.79554,0.79611,1.50,3.00
2011.06.27 02:06:04.906,0.79554,0.79611,1.50,2.25
2011.06.27 02:06:39.753,0.79552,0.79611,1.50,2.25
2011.06.27 02:06:39.863,0.79552,0.79607,1.50,2.25
2011.06.27 02:06:42.733,0.79554,0.79607,1.50,2.25
2011.06.27 02:06:42.843,0.79554,0.79611,1.50,3.00
2011.06.27 02:06:43.425,0.79556,0.79611,1.50,2.25
2011.06.27 02:06:44.864,0.79556,0.79611,1.50,2.25
2011.06.27 02:07:01.875,0.79557,0.79611,1.50,3.00
2011.06.27 02:07:01.983,0.79557,0.79611,1.50,2.25
2011.06.27 02:07:03.217,0.79557,0.79611,1.50,2.25
2011.06.27 02:07:03.323,0.79557,0.79611,1.50,2.25
2011.06.27 02:07:03.994,0.79555,0.79611,1.50,3.00
2011.06.27 02:07:04.103,0.79555,0.79607,1.50,2.25
2011.06.27 02:07:04.474,0.79551,0.79603,1.50,2.25
2011.06.27 02:07:05.039,0.79548,0.79603,1.50,3.00
2011.06.27 02:07:05.946,0.79548,0.79603,1.50,3.00
2011.06.27 02:07:06.765,0.79549,0.79603,1.50,2.25
2011.06.27 02:07:07.116,0.79549,0.79603,1.50,2.25
2011.06.27 02:07:08.864,0.79551,0.79603,1.50,2.25
2011.06.27 02:07:09.203,0.79551,0.79603,1.50,2.25
2011.06.27 02:07:10.454,0.79551,0.79603,1.50,2.25
2011.06.27 02:07:10.563,0.79551,0.79603,1.50,2.25
2011.06.27 02:07:11.117,0.79551,0.79603,1.50,2.25
2011.06.27 02:07:11.823,0.79551,0.79603,1.50,2.25
2011.06.27 02:07:22.723,0.79549,0.79595,1.50,2.25
2011.06.27 02:07:23.874,0.79549,0.79595,1.50,2.25
2011.06.27 02:07:25.855,0.79549,0.79595,1.50,2.25
2011.06.27 02:07:26.966,0.79549,0.79595,1.50,2.25
2011.06.27 02:07:27.177,0.79549,0.79595,1.50,2.25
2011.06.27 02:07:28.527,0.79549,0.79595,1.50,2.25
2011.06.27 02:07:29.495,0.79548,0.79595,1.50,2.25
2011.06.27 02:07:31.137,0.79552,0.79599,1.50,3.00
2011.06.27 02:07:33.868,0.79554,0.79599,1.50,3.00
2011.06.27 02:07:34.677,0.79556,0.79599,1.50,2.25
2011.06.27 02:07:36.228,0.79553,0.79599,1.50,2.25
2011.06.27 02:07:36.334,0.79553,0.79599,1.50,2.25
2011.06.27 02:07:36.443,0.79553,0.79599,1.50,2.25
2011.06.27 02:07:36.553,0.79551,0.79599,1.50,3.00
2011.06.27 02:07:36.663,0.79547,0.79599,1.50,3.00
2011.06.27 02:07:36.775,0.79547,0.7959,1.50,2.25
2011.06.27 02:07:37.675,0.79552,0.79591,1.50,2.25
2011.06.27 02:07:38.524,0.79548,0.79587,1.50,2.85
2011.06.27 02:07:39.165,0.79552,0.7959,1.50,2.85
2011.06.27 02:07:39.384,0.79553,0.79594,1.50,2.25
2011.06.27 02:07:40.357,0.79551,0.79594,1.50,2.25
2011.06.27 02:07:41.435,0.79551,0.79594,1.50,2.25
2011.06.27 02:07:42.625,0.79552,0.79594,1.50,2.25
2011.06.27 02:07:42.844,0.79552,0.79598,1.50,1.50
2011.06.27 02:07:43.064,0.79551,0.79594,1.50,2.25
2011.06.27 02:07:43.394,0.79552,0.79594,1.50,2.25
2011.06.27 02:07:43.916,0.79552,0.79594,1.50,2.25
2011.06.27 02:07:44.795,0.79552,0.79594,1.50,2.25
2011.06.27 02:07:47.117,0.79552,0.79594,1.50,2.25
2011.06.27 02:07:50.504,0.79555,0.79594,1.50,2.25
2011.06.27 02:07:50.614,0.79555,0.79598,1.50,2.25
2011.06.27 02:07:51.836,0.79551,0.79598,1.50,2.25
2011.06.27 02:07:53.059,0.79556,0.79598,1.50,2.25
2011.06.27 02:07:53.394,0.79556,0.79598,1.50,2.25
2011.06.27 02:07:56.397,0.79557,0.79598,1.50,3.00
2011.06.27 02:07:57.266,0.79557,0.79598,1.50,2.25
2011.06.27 02:07:58.224,0.7955,0.79597,1.50,2.25
2011.06.27 02:07:59.356,0.7955,0.79597,1.50,2.25
2011.06.27 02:07:59.684,0.79549,0.79596,1.35,2.25
2011.06.27 02:08:00.914,0.7955,0.79596,1.50,2.25
2011.06.27 02:08:02.947,0.7955,0.79596,1.50,2.25
2011.06.27 02:08:04.884,0.7955,0.79596,1.50,2.25
2011.06.27 02:08:12.455,0.79549,0.79596,2.10,2.25
2011.06.27 02:08:12.566,0.79549,0.79596,2.10,2.25
2011.06.27 02:08:21.826,0.79549,0.79596,1.35,3.00
2011.06.27 02:08:22.045,0.79549,0.79592,1.35,2.25
2011.06.27 02:08:22.178,0.79549,0.79592,1.35,2.25
2011.06.27 02:08:22.396,0.79548,0.79592,1.50,2.25
2011.06.27 02:08:24.875,0.79546,0.79592,1.50,2.25
2011.06.27 02:08:28.842,0.79547,0.79592,1.50,2.25
2011.06.27 02:08:31.414,0.79551,0.79596,1.50,2.25
2011.06.27 02:08:31.523,0.79547,0.79596,1.50,3.00
2011.06.27 02:08:31.638,0.79551,0.79596,1.50,2.25
2011.06.27 02:08:33.504,0.79552,0.79595,1.50,2.25
2011.06.27 02:08:34.040,0.79548,0.79596,1.50,2.25
2011.06.27 02:08:34.885,0.79548,0.79596,1.50,2.25
2011.06.27 02:08:35.886,0.79552,0.79596,1.50,2.25
2011.06.27 02:08:36.206,0.79552,0.79596,1.50,2.25
2011.06.27 02:08:36.326,0.79552,0.79596,1.50,2.25
2011.06.27 02:08:37.466,0.79553,0.79596,1.50,2.25
2011.06.27 02:08:37.851,0.79552,0.79596,1.50,2.25
2011.06.27 02:08:38.625,0.79553,0.79596,1.50,2.25
2011.06.27 02:08:39.065,0.79551,0.79596,1.50,2.25
2011.06.27 02:08:39.188,0.79551,0.79596,1.50,2.25
2011.06.27 02:08:41.425,0.79551,0.79596,1.50,2.25
2011.06.27 02:08:41.925,0.79554,0.79596,1.50,2.25
2011.06.27 02:08:46.927,0.79554,0.79596,1.50,2.25
2011.06.27 02:08:51.436,0.79554,0.79596,1.50,2.25
2011.06.27 02:08:52.826,0.79551,0.79596,1.50,2.25
2011.06.27 02:08:52.938,0.79551,0.79596,1.50,2.25
2011.06.27 02:09:01.924,0.79552,0.79596,1.35,2.25
2011.06.27 02:09:02.435,0.79552,0.79596,1.35,2.25
2011.06.27 02:09:11.027,0.7955,0.79596,1.50,2.25
2011.06.27 02:09:11.134,0.79547,0.79596,1.50,2.25
2011.06.27 02:09:11.396,0.79547,0.79599,1.88,2.10
2011.06.27 02:09:11.895,0.79551,0.796,1.50,1.35
2011.06.27 02:09:12.154,0.79551,0.79603,1.50,3.00
2011.06.27 02:09:12.263,0.79551,0.79603,1.50,3.00
2011.06.27 02:09:12.636,0.79545,0.79602,1.50,3.00
2011.06.27 02:09:13.184,0.79549,0.79606,1.50,3.00
2011.06.27 02:09:13.874,0.79549,0.79606,1.50,3.00
2011.06.27 02:09:14.385,0.79549,0.79605,1.50,1.50
2011.06.27 02:09:16.687,0.79548,0.79603,1.50,1.50
2011.06.27 02:09:16.804,0.79548,0.79604,1.50,1.50
2011.06.27 02:09:17.346,0.79547,0.79603,1.88,1.50
2011.06.27 02:09:17.454,0.79547,0.79603,1.88,1.50
2011.06.27 02:09:17.784,0.79546,0.79603,1.50,3.00
2011.06.27 02:09:18.001,0.79547,0.79605,1.50,1.13
2011.06.27 02:09:18.908,0.79548,0.79606,1.50,3.00
2011.06.27 02:09:19.375,0.79548,0.79606,1.50,3.00
2011.06.27 02:09:21.824,0.79548,0.79606,1.50,3.00
2011.06.27 02:09:22.375,0.79548,0.79604,1.50,1.50
2011.06.27 02:09:26.885,0.79548,0.79604,1.50,1.50
2011.06.27 02:09:31.814,0.79548,0.79604,1.50,1.50
2011.06.27 02:09:34.144,0.79548,0.79604,1.50,1.50
2011.06.27 02:09:36.896,0.79548,0.79604,1.50,1.50
2011.06.27 02:09:37.946,0.79548,0.79604,1.50,1.50
2011.06.27 02:09:42.408,0.79548,0.79604,1.50,1.50
2011.06.27 02:09:43.214,0.79547,0.79604,1.50,1.50
2011.06.27 02:09:44.425,0.79546,0.79604,1.13,1.50
2011.06.27 02:09:45.529,0.79546,0.79604,1.13,1.50
2011.06.27 02:09:47.234,0.79551,0.79605,1.13,1.50
2011.06.27 02:09:50.865,0.79551,0.79606,1.13,1.50
2011.06.27 02:09:51.429,0.79551,0.79606,1.13,1.50
2011.06.27 02:09:51.636,0.79551,0.79608,1.13,1.50
2011.06.27 02:09:51.857,0.79546,0.79602,3.00,2.25
2011.06.27 02:09:52.073,0.79546,0.79602,3.00,2.25
2011.06.27 02:09:52.284,0.79546,0.79602,3.00,3.00
2011.06.27 02:09:52.626,0.79542,0.79595,4.35,3.00
2011.06.27 02:09:52.734,0.79542,0.79595,3.60,3.00
2011.06.27 02:09:53.914,0.79542,0.79589,1.35,3.00
2011.06.27 02:09:54.643,0.79541,0.79589,1.35,3.60
2011.06.27 02:09:55.937,0.79541,0.79589,1.35,3.60
2011.06.27 02:09:59.846,0.79541,0.79589,1.35,3.60
2011.06.27 02:10:00.166,0.79541,0.79589,1.35,3.60
2011.06.27 02:10:03.736,0.79541,0.79589,1.35,3.60
2011.06.27 02:10:06.925,0.79541,0.79585,1.35,1.35
2011.06.27 02:10:10.846,0.79541,0.79585,1.35,1.35
2011.06.27 02:10:12.480,0.79541,0.79585,1.35,1.35
2011.06.27 02:10:21.626,0.79541,0.79585,1.35,1.35
2011.06.27 02:10:23.821,0.79541,0.79585,1.35,1.35
2011.06.27 02:10:24.153,0.79541,0.79585,1.35,1.35
2011.06.27 02:10:24.484,0.79546,0.7959,1.35,3.00
2011.06.27 02:10:24.637,0.79546,0.7959,1.35,3.00
2011.06.27 02:10:24.744,0.79546,0.79587,1.35,2.25
2011.06.27 02:10:25.854,0.79546,0.79587,1.35,3.00
2011.06.27 02:10:27.666,0.79546,0.79587,1.35,3.00
2011.06.27 02:10:27.774,0.79546,0.79592,1.35,3.00
2011.06.27 02:10:28.104,0.79544,0.79594,2.85,1.35
2011.06.27 02:10:29.877,0.79546,0.79594,1.35,1.35
2011.06.27 02:10:30.196,0.79546,0.79597,1.35,3.60
2011.06.27 02:10:31.416,0.79546,0.79597,1.35,3.60
2011.06.27 02:10:32.846,0.79547,0.79593,1.50,3.00
2011.06.27 02:10:41.146,0.79546,0.79593,1.35,3.00
2011.06.27 02:10:47.196,0.7955,0.79593,1.50,2.25
2011.06.27 02:10:47.414,0.7955,0.79596,1.50,2.25
2011.06.27 02:10:47.635,0.7955,0.79592,1.50,2.25
2011.06.27 02:10:47.745,0.79547,0.79592,1.50,2.25
2011.06.27 02:10:47.854,0.79546,0.79592,1.50,2.25
2011.06.27 02:10:48.867,0.79546,0.79592,1.50,2.25
2011.06.27 02:10:49.406,0.79546,0.79592,1.50,2.25
2011.06.27 02:10:49.633,0.79546,0.79592,1.50,2.25
2011.06.27 02:10:49.932,0.79551,0.79592,1.50,2.25
2011.06.27 02:10:50.049,0.79552,0.796,1.35,3.75
2011.06.27 02:10:50.264,0.79552,0.796,2.10,3.00
2011.06.27 02:10:51.156,0.79552,0.796,2.10,2.25
2011.06.27 02:10:54.886,0.79555,0.796,1.50,2.25
2011.06.27 02:10:55.948,0.79555,0.796,1.50,3.75
2011.06.27 02:10:56.163,0.79555,0.796,1.50,3.00
2011.06.27 02:10:56.275,0.79552,0.796,1.35,3.00
2011.06.27 02:10:57.815,0.79552,0.79597,1.35,3.00
2011.06.27 02:10:59.874,0.79552,0.79597,1.35,3.00
2011.06.27 02:11:01.057,0.79552,0.79597,1.35,2.25
2011.06.27 02:11:01.706,0.79552,0.79597,1.35,2.25
2011.06.27 02:11:02.426,0.79552,0.79597,1.35,3.00
2011.06.27 02:11:07.626,0.79552,0.79597,1.35,3.00
2011.06.27 02:11:10.465,0.79554,0.79597,1.50,2.25
2011.06.27 02:11:10.574,0.79554,0.79601,1.50,3.00
2011.06.27 02:11:11.024,0.79556,0.79606,1.50,1.35
2011.06.27 02:11:12.787,0.79557,0.79606,1.50,1.35
2011.06.27 02:11:15.015,0.79557,0.79606,1.50,1.35
2011.06.27 02:11:16.695,0.79557,0.79603,1.50,1.35
2011.06.27 02:11:16.964,0.79557,0.79606,1.50,1.35
2011.06.27 02:11:46.077,0.79557,0.79606,1.50,1.35
2011.06.27 02:11:46.185,0.79557,0.79606,1.50,1.35
2011.06.27 02:11:46.294,0.79557,0.79599,1.50,2.25
2011.06.27 02:11:46.956,0.79552,0.79599,2.10,2.25
2011.06.27 02:11:47.175,0.79552,0.79599,2.10,2.25
2011.06.27 02:11:47.307,0.79552,0.79599,1.35,3.00
2011.06.27 02:11:48.676,0.79552,0.79599,1.35,3.00
2011.06.27 02:11:50.866,0.7955,0.79599,1.50,3.00
2011.06.27 02:11:53.225,0.7955,0.79599,1.50,3.00
2011.06.27 02:11:53.446,0.7955,0.79599,1.50,3.00
2011.06.27 02:11:53.620,0.7955,0.79599,1.50,3.00
2011.06.27 02:11:53.887,0.7955,0.79599,1.50,3.00
2011.06.27 02:11:54.437,0.7955,0.79599,1.50,3.00
2011.06.27 02:11:55.426,0.7955,0.79599,1.50,3.00
2011.06.27 02:11:56.517,0.7955,0.79599,1.50,3.00
2011.06.27 02:12:06.648,0.7955,0.79599,1.50,3.00
2011.06.27 02:12:07.146,0.7955,0.79599,1.50,3.00
2011.06.27 02:12:11.096,0.7955,0.79599,1.50,3.00
2011.06.27 02:12:11.258,0.7955,0.79599,1.50,3.00
2011.06.27 02:12:20.452,0.79551,0.79599,1.50,2.25
2011.06.27 02:12:20.556,0.79551,0.79599,1.50,2.25
2011.06.27 02:12:21.005,0.79553,0.79607,2.25,3.00
2011.06.27 02:12:21.114,0.79551,0.79601,1.50,3.00
2011.06.27 02:12:21.625,0.79551,0.79601,1.50,3.00
2011.06.27 02:12:21.864,0.79548,0.79598,1.50,3.00
2011.06.27 02:12:23.055,0.79548,0.79594,1.50,2.25
2011.06.27 02:12:23.164,0.79542,0.79594,1.50,3.00
2011.06.27 02:12:24.975,0.79541,0.7959,1.35,3.00
2011.06.27 02:12:25.689,0.79541,0.7959,1.35,3.00
2011.06.27 02:12:25.907,0.79541,0.7959,1.35,3.00
2011.06.27 02:12:26.126,0.79545,0.79593,1.50,3.00
2011.06.27 02:12:26.456,0.7955,0.79599,1.50,3.00
2011.06.27 02:12:28.877,0.7955,0.79599,1.50,3.00
2011.06.27 02:12:39.954,0.7955,0.79599,1.50,3.00
2011.06.27 02:12:40.064,0.79549,0.79595,1.35,3.00
2011.06.27 02:12:42.787,0.79549,0.79595,1.35,3.00
2011.06.27 02:12:43.125,0.7955,0.796,1.50,3.00
2011.06.27 02:12:44.777,0.7955,0.79599,1.50,1.50
2011.06.27 02:12:45.926,0.7955,0.79598,1.50,1.50
2011.06.27 02:12:46.367,0.7955,0.796,1.50,3.00
2011.06.27 02:12:46.651,0.7955,0.79599,1.50,1.50
2011.06.27 02:12:49.680,0.7955,0.796,1.50,3.00
2011.06.27 02:12:49.888,0.7955,0.796,1.50,3.00
2011.06.27 02:12:50.397,0.7955,0.796,1.50,3.00
2011.06.27 02:12:54.275,0.7955,0.796,1.50,3.00
2011.06.27 02:12:55.155,0.7955,0.796,1.50,3.00
2011.06.27 02:12:58.187,0.7955,0.796,1.50,3.00
2011.06.27 02:12:59.396,0.79549,0.796,2.10,3.00
2011.06.27 02:13:01.155,0.79551,0.796,1.50,3.00
2011.06.27 02:13:02.146,0.79551,0.79598,1.50,1.50
2011.06.27 02:13:02.475,0.79548,0.79592,1.50,2.25
2011.06.27 02:13:03.307,0.79548,0.79592,1.50,2.25
2011.06.27 02:13:03.415,0.79548,0.79592,1.50,2.25
2011.06.27 02:13:03.524,0.79542,0.79592,1.35,3.00
2011.06.27 02:13:03.917,0.79548,0.79598,1.50,1.35
2011.06.27 02:13:04.676,0.7955,0.79598,1.50,1.35
2011.06.27 02:13:04.895,0.7955,0.79598,1.50,1.35
2011.06.27 02:13:05.887,0.7955,0.796,1.50,3.00
2011.06.27 02:13:06.877,0.7955,0.796,1.50,3.00
2011.06.27 02:13:07.646,0.7955,0.796,1.50,3.00
2011.06.27 02:13:07.755,0.7955,0.796,1.50,3.00
2011.06.27 02:13:19.525,0.79553,0.796,1.50,2.25
2011.06.27 02:13:19.785,0.79553,0.79607,1.50,1.35
2011.06.27 02:13:19.965,0.79557,0.79607,1.50,1.35
2011.06.27 02:13:21.667,0.79557,0.79606,1.50,1.50
2011.06.27 02:13:22.217,0.79557,0.79607,1.50,1.35
2011.06.27 02:13:22.437,0.79556,0.79603,1.50,1.50
2011.06.27 02:13:22.875,0.79551,0.79604,1.50,3.00
2011.06.27 02:13:24.366,0.7955,0.79603,1.50,3.00
2011.06.27 02:13:28.928,0.7955,0.79598,1.50,1.50
2011.06.27 02:13:32.885,0.7955,0.796,1.50,3.00
2011.06.27 02:13:37.352,0.79549,0.796,2.10,3.00
2011.06.27 02:13:39.258,0.79549,0.796,2.10,3.00
2011.06.27 02:13:53.846,0.79549,0.796,1.35,3.00
2011.06.27 02:13:54.658,0.79549,0.796,1.35,3.00
2011.06.27 02:13:56.487,0.79549,0.796,2.10,3.00
2011.06.27 02:13:58.905,0.79549,0.796,2.10,3.00
2011.06.27 02:14:10.656,0.79549,0.796,1.50,3.00
2011.06.27 02:14:27.046,0.79549,0.796,1.50,3.00
2011.06.27 02:14:27.282,0.79549,0.796,1.50,3.00
2011.06.27 02:14:29.464,0.79549,0.796,1.50,3.00
2011.06.27 02:14:32.169,0.79549,0.796,1.50,3.00
2011.06.27 02:14:45.895,0.79546,0.796,1.50,3.00
2011.06.27 02:14:46.004,0.79546,0.796,1.50,3.00
2011.06.27 02:14:46.734,0.79541,0.79593,1.50,3.00
2011.06.27 02:14:48.167,0.7954,0.79597,1.35,1.13
2011.06.27 02:14:48.279,0.7954,0.79589,1.35,2.25
2011.06.27 02:14:49.396,0.7954,0.79589,2.10,3.00
2011.06.27 02:14:51.845,0.7954,0.79589,2.10,3.00
2011.06.27 02:14:54.516,0.7954,0.79589,2.10,3.00
2011.06.27 02:14:54.657,0.7954,0.79589,2.10,3.00
2011.06.27 02:15:09.995,0.79545,0.79593,1.50,3.00
2011.06.27 02:15:11.915,0.79545,0.79593,1.50,3.00
2011.06.27 02:15:12.868,0.79545,0.79593,1.50,3.00
2011.06.27 02:15:16.610,0.79545,0.79593,1.50,3.00
2011.06.27 02:15:17.285,0.79548,0.79593,1.50,3.00
2011.06.27 02:15:18.126,0.7955,0.79598,1.35,2.10
2011.06.27 02:15:18.846,0.7955,0.79598,1.35,1.35
2011.06.27 02:15:20.774,0.7955,0.79598,1.35,1.35
2011.06.27 02:15:23.214,0.79545,0.79599,3.75,4.35
2011.06.27 02:15:24.396,0.79549,0.79599,1.50,3.60
2011.06.27 02:15:24.915,0.79549,0.79599,1.50,3.60
2011.06.27 02:15:25.405,0.79546,0.79599,1.50,3.60
2011.06.27 02:15:25.515,0.79546,0.79595,1.50,3.00
2011.06.27 02:15:25.735,0.79542,0.79595,1.50,3.00
2011.06.27 02:15:26.567,0.79542,0.79596,1.50,3.00
2011.06.27 02:15:26.674,0.79544,0.79596,1.50,3.00
2011.06.27 02:15:26.895,0.79544,0.79596,1.50,3.00
2011.06.27 02:15:27.228,0.79544,0.79596,1.50,3.00
2011.06.27 02:15:27.487,0.79547,0.79598,1.50,1.50
2011.06.27 02:15:27.728,0.79548,0.796,1.50,3.00
2011.06.27 02:15:27.917,0.79552,0.796,1.50,3.00
2011.06.27 02:15:31.836,0.79552,0.796,1.50,3.00
2011.06.27 02:15:32.129,0.79552,0.79599,1.50,1.50
2011.06.27 02:15:35.980,0.79552,0.796,1.50,3.00
2011.06.27 02:15:54.426,0.79551,0.796,1.50,3.00
2011.06.27 02:15:55.086,0.79546,0.796,1.50,3.00
2011.06.27 02:15:56.295,0.79544,0.79595,1.50,3.00
2011.06.27 02:15:57.887,0.79544,0.79593,1.50,1.50
2011.06.27 02:16:02.670,0.79544,0.79595,1.50,3.00
2011.06.27 02:16:20.296,0.79544,0.79595,1.50,3.00
2011.06.27 02:16:23.336,0.79543,0.79595,1.50,3.00
2011.06.27 02:16:26.240,0.79542,0.79595,1.50,3.00
2011.06.27 02:16:26.346,0.79542,0.79593,1.50,3.00
2011.06.27 02:16:26.456,0.79542,0.7959,1.50,3.00
2011.06.27 02:16:26.808,0.79541,0.79585,1.35,2.25
2011.06.27 02:16:27.098,0.79541,0.7959,1.35,3.00
2011.06.27 02:16:29.888,0.79541,0.7959,1.35,3.00
2011.06.27 02:16:32.397,0.79541,0.7959,1.35,3.00
2011.06.27 02:16:32.726,0.79531,0.79585,3.38,3.00
2011.06.27 02:16:34.787,0.79531,0.79585,3.38,3.00
2011.06.27 02:16:38.887,0.79531,0.79585,3.38,3.00
2011.06.27 02:16:40.006,0.79531,0.79585,3.38,3.00
2011.06.27 02:16:45.933,0.79531,0.79585,3.38,3.00
2011.06.27 02:16:46.849,0.79531,0.79585,3.38,3.00
2011.06.27 02:16:47.135,0.79534,0.79585,1.88,2.25
2011.06.27 02:16:47.249,0.7954,0.79589,1.13,3.00
2011.06.27 02:16:47.907,0.7954,0.79593,1.13,1.50
2011.06.27 02:16:48.767,0.7954,0.79594,1.13,3.75
2011.06.27 02:16:49.369,0.7954,0.79593,1.13,1.50
2011.06.27 02:16:49.478,0.79538,0.79593,3.00,1.50
2011.06.27 02:16:50.086,0.7953,0.79583,1.73,2.25
2011.06.27 02:16:50.357,0.7953,0.79583,1.73,2.25
2011.06.27 02:16:51.859,0.7953,0.79583,1.73,3.00
2011.06.27 02:16:53.285,0.7953,0.79583,1.73,3.75
2011.06.27 02:16:55.818,0.7953,0.79583,1.73,3.00
2011.06.27 02:16:58.028,0.7953,0.79583,1.73,3.00
2011.06.27 02:17:04.847,0.7953,0.79583,1.73,3.00
2011.06.27 02:17:24.807,0.79531,0.79585,3.00,3.00
2011.06.27 02:17:25.167,0.79531,0.79585,3.00,3.00
2011.06.27 02:17:25.277,0.79534,0.79585,1.13,3.00
2011.06.27 02:17:26.117,0.79537,0.79588,3.00,3.00
2011.06.27 02:17:27.838,0.79537,0.79588,3.00,3.00
2011.06.27 02:17:28.578,0.79537,0.79588,3.00,3.00
2011.06.27 02:17:32.648,0.79537,0.79588,3.00,3.00
2011.06.27 02:17:33.397,0.79537,0.79588,3.00,3.00
2011.06.27 02:17:33.750,0.79537,0.79588,3.00,3.00
2011.06.27 02:17:36.059,0.79537,0.79588,3.00,3.00
2011.06.27 02:17:42.987,0.79537,0.79588,3.00,3.00
2011.06.27 02:17:44.197,0.79537,0.79588,3.00,3.00
2011.06.27 02:17:58.215,0.7954,0.79588,1.13,3.00
2011.06.27 02:17:58.656,0.79544,0.79595,1.35,3.00
2011.06.27 02:17:58.896,0.79545,0.79604,1.50,1.50
2011.06.27 02:17:59.487,0.79545,0.79604,1.50,1.50
2011.06.27 02:17:59.876,0.79545,0.79603,1.50,1.50
2011.06.27 02:18:00.140,0.79545,0.79599,1.50,1.50
2011.06.27 02:18:00.246,0.79545,0.79595,1.50,2.25
2011.06.27 02:18:00.609,0.79544,0.79595,2.10,3.00
2011.06.27 02:18:01.388,0.79544,0.79595,2.10,3.00
2011.06.27 02:18:01.830,0.79544,0.79595,2.10,3.00
2011.06.27 02:18:02.806,0.79544,0.79595,2.10,3.00
2011.06.27 02:18:02.916,0.79544,0.79591,2.10,3.00
2011.06.27 02:18:03.227,0.79544,0.79591,1.35,3.00
2011.06.27 02:18:03.757,0.79542,0.79596,1.50,1.13
2011.06.27 02:18:03.998,0.79534,0.79592,1.50,3.00
2011.06.27 02:18:04.886,0.79534,0.79592,1.50,3.00
2011.06.27 02:18:05.858,0.79534,0.79592,1.50,3.00
2011.06.27 02:18:06.423,0.79534,0.79592,1.50,3.00
2011.06.27 02:18:12.357,0.79535,0.79592,1.50,3.00
2011.06.27 02:18:16.441,0.79537,0.79592,1.50,3.00
2011.06.27 02:18:18.536,0.79538,0.79592,1.50,3.00
2011.06.27 02:18:22.264,0.79536,0.79592,1.50,3.00
2011.06.27 02:18:24.387,0.79536,0.79592,1.50,3.00
2011.06.27 02:18:25.659,0.79537,0.79593,1.50,3.00
2011.06.27 02:18:26.776,0.7954,0.79593,1.50,3.00
2011.06.27 02:18:28.847,0.7954,0.79597,1.50,3.00
2011.06.27 02:18:41.107,0.7954,0.79597,1.50,3.00
2011.06.27 02:18:42.387,0.79542,0.79599,1.50,1.50
2011.06.27 02:18:43.987,0.79542,0.79599,1.50,1.50
2011.06.27 02:18:48.447,0.79542,0.796,1.50,3.00
2011.06.27 02:18:54.616,0.79542,0.79599,1.50,1.50
2011.06.27 02:18:54.877,0.79542,0.796,1.50,3.00
2011.06.27 02:18:55.208,0.79542,0.79599,1.50,1.50
2011.06.27 02:18:57.517,0.79548,0.79603,1.35,1.50
2011.06.27 02:18:57.997,0.79548,0.79604,1.73,3.00
2011.06.27 02:18:58.617,0.79548,0.79604,1.73,1.50
2011.06.27 02:19:00.176,0.79548,0.79599,1.35,3.75
2011.06.27 02:19:02.906,0.79548,0.79598,1.35,1.50
2011.06.27 02:19:03.615,0.79548,0.79598,1.35,1.50
2011.06.27 02:19:06.647,0.79548,0.79599,1.35,3.75
2011.06.27 02:19:07.586,0.79548,0.79599,1.35,3.00
2011.06.27 02:19:13.336,0.79549,0.79599,1.50,3.75
2011.06.27 02:19:14.555,0.79549,0.79599,1.50,3.00
2011.06.27 02:19:24.610,0.79548,0.79598,1.35,1.50
2011.06.27 02:19:33.087,0.79548,0.79599,1.35,3.00
2011.06.27 02:19:43.197,0.79548,0.79598,1.35,1.50
2011.06.27 02:19:43.305,0.79548,0.79598,1.35,1.50
2011.06.27 02:19:44.809,0.79546,0.79599,2.10,3.00
2011.06.27 02:19:45.140,0.79546,0.79599,2.10,3.00
2011.06.27 02:19:45.465,0.79546,0.79595,1.35,3.00
2011.06.27 02:19:45.795,0.79546,0.79592,1.35,3.00
2011.06.27 02:19:45.946,0.79546,0.79592,1.35,3.00
2011.06.27 02:19:46.927,0.79546,0.79592,1.35,3.00
2011.06.27 02:19:48.580,0.79546,0.79592,1.35,3.00
2011.06.27 02:19:51.560,0.79546,0.79592,1.35,3.00
2011.06.27 02:19:51.778,0.79534,0.79579,1.35,2.25
2011.06.27 02:19:51.888,0.79534,0.79579,1.35,2.25
2011.06.27 02:19:52.426,0.79536,0.79586,1.50,1.35
2011.06.27 02:19:53.871,0.79536,0.79586,1.50,1.35
2011.06.27 02:19:57.028,0.79536,0.79586,1.50,1.35
2011.06.27 02:20:01.328,0.79536,0.79587,1.50,3.00
2011.06.27 02:20:01.656,0.79535,0.79593,2.10,3.00
2011.06.27 02:20:02.109,0.79535,0.79593,1.35,3.00
2011.06.27 02:20:03.859,0.79535,0.79593,1.35,3.00
2011.06.27 02:20:03.966,0.79535,0.79593,1.35,3.00
2011.06.27 02:20:08.528,0.79535,0.79593,1.35,3.00
2011.06.27 02:20:10.608,0.79535,0.79593,1.35,3.75
2011.06.27 02:20:11.767,0.79542,0.79593,1.50,3.75
2011.06.27 02:20:12.868,0.79542,0.79593,1.50,1.50
2011.06.27 02:20:13.737,0.79541,0.79593,1.50,1.50
2011.06.27 02:20:14.409,0.79541,0.7959,1.50,1.50
2011.06.27 02:20:15.041,0.79541,0.79593,1.50,1.50
2011.06.27 02:20:15.637,0.7954,0.79589,1.50,3.00
2011.06.27 02:20:17.288,0.79541,0.79593,1.50,1.50
2011.06.27 02:20:17.878,0.79541,0.79594,1.50,3.75
2011.06.27 02:20:19.638,0.79541,0.7959,1.50,1.50
2011.06.27 02:20:19.968,0.79541,0.79594,1.50,3.75
2011.06.27 02:20:23.738,0.79541,0.79593,1.50,1.50
2011.06.27 02:20:25.198,0.79541,0.79594,1.50,3.00
2011.06.27 02:20:28.248,0.79552,0.79594,1.50,2.25
2011.06.27 02:20:28.468,0.79553,0.79601,1.50,3.00
2011.06.27 02:20:28.578,0.79553,0.79595,1.50,2.25
2011.06.27 02:20:31.846,0.7955,0.79595,1.50,2.25
2011.06.27 02:20:44.006,0.79549,0.79595,1.50,3.00
2011.06.27 02:20:44.686,0.79549,0.79595,1.50,3.00
2011.06.27 02:20:52.942,0.79549,0.79595,1.50,3.00
2011.06.27 02:20:53.383,0.79549,0.79595,1.50,3.00
2011.06.27 02:20:53.818,0.79549,0.79595,1.50,3.00
2011.06.27 02:20:54.198,0.79549,0.79595,1.50,3.00
2011.06.27 02:20:59.257,0.79549,0.79595,1.50,3.00
2011.06.27 02:20:59.381,0.79549,0.79595,1.50,3.00
2011.06.27 02:21:04.427,0.79549,0.79595,1.50,3.00
2011.06.27 02:21:04.589,0.79549,0.79595,1.50,3.00
2011.06.27 02:21:11.186,0.79549,0.79595,1.50,3.00
2011.06.27 02:21:12.186,0.79548,0.79591,1.35,2.25
2011.06.27 02:21:13.162,0.79548,0.79591,1.35,2.25
2011.06.27 02:21:13.825,0.79548,0.79591,1.35,2.25
2011.06.27 02:21:14.159,0.79548,0.79591,1.35,2.25
2011.06.27 02:21:15.716,0.79542,0.79587,1.50,1.35
2011.06.27 02:21:15.826,0.79542,0.79584,1.50,2.25
2011.06.27 02:21:15.936,0.79541,0.79584,1.50,2.25
2011.06.27 02:21:16.155,0.79541,0.79587,1.50,1.35
2011.06.27 02:21:17.238,0.79542,0.79587,1.50,1.35
2011.06.27 02:21:18.877,0.79542,0.79587,1.50,1.35
2011.06.27 02:21:20.027,0.79542,0.79587,1.50,1.35
2011.06.27 02:21:22.426,0.79542,0.79587,1.50,1.35
2011.06.27 02:21:23.648,0.79544,0.79588,1.50,2.85
2011.06.27 02:21:25.780,0.79544,0.79588,1.50,2.85
2011.06.27 02:21:32.397,0.79544,0.79589,1.50,2.85
2011.06.27 02:21:32.938,0.79544,0.79589,1.50,2.85
2011.06.27 02:21:33.166,0.79544,0.79589,1.50,2.85
2011.06.27 02:21:33.550,0.79544,0.79589,1.50,2.85
2011.06.27 02:21:34.419,0.79544,0.79589,1.50,2.85
2011.06.27 02:21:34.526,0.79548,0.79594,1.35,1.35
2011.06.27 02:21:34.636,0.79548,0.79595,2.10,1.35
2011.06.27 02:21:35.256,0.7955,0.79595,3.00,1.35
2011.06.27 02:21:35.365,0.79552,0.79598,1.50,1.35
2011.06.27 02:21:37.038,0.79552,0.796,1.50,4.35
2011.06.27 02:21:37.847,0.79554,0.796,1.50,4.35
2011.06.27 02:21:38.127,0.79552,0.79598,1.50,1.35
2011.06.27 02:21:40.048,0.79554,0.796,1.50,4.35
2011.06.27 02:21:40.815,0.79554,0.796,1.50,4.35
2011.06.27 02:21:44.888,0.79553,0.79598,1.50,1.35
2011.06.27 02:21:52.745,0.79551,0.79599,1.50,1.35
2011.06.27 02:21:52.965,0.79551,0.79592,1.50,2.25
2011.06.27 02:21:53.287,0.79551,0.79596,1.50,2.85
2011.06.27 02:21:54.457,0.79548,0.79595,2.10,1.35
2011.06.27 02:21:54.966,0.79552,0.79596,1.50,2.85
2011.06.27 02:22:08.917,0.79545,0.79594,1.50,3.00
2011.06.27 02:22:11.798,0.79544,0.79594,1.50,3.00
2011.06.27 02:22:12.898,0.79543,0.79594,1.50,3.00
2011.06.27 02:22:18.288,0.79544,0.79594,1.50,3.00
2011.06.27 02:22:20.819,0.79542,0.79594,1.50,3.00
2011.06.27 02:22:21.409,0.79542,0.79594,1.50,3.00
2011.06.27 02:22:22.900,0.79542,0.79594,1.50,3.00
2011.06.27 02:22:23.170,0.79542,0.79594,1.50,3.00
2011.06.27 02:22:23.788,0.79543,0.79594,1.50,3.00
2011.06.27 02:22:33.130,0.79543,0.79594,1.50,3.00
2011.06.27 02:22:33.579,0.79541,0.79594,2.10,3.00
2011.06.27 02:22:43.038,0.79541,0.79594,1.35,3.75
2011.06.27 02:22:43.148,0.79541,0.79594,2.10,3.75
2011.06.27 02:22:43.408,0.79541,0.79594,2.10,3.00
2011.06.27 02:22:43.977,0.79542,0.79599,1.50,2.10
2011.06.27 02:22:45.029,0.79543,0.79593,1.50,3.00
2011.06.27 02:22:47.858,0.79543,0.79593,1.50,3.00
2011.06.27 02:22:50.528,0.79542,0.79593,1.50,3.00
2011.06.27 02:22:59.329,0.79542,0.79593,1.50,3.00
2011.06.27 02:23:00.868,0.79543,0.79593,1.50,3.00
2011.06.27 02:23:05.381,0.79544,0.79593,1.50,3.00
2011.06.27 02:23:06.874,0.79544,0.79593,1.50,3.75
2011.06.27 02:23:07.393,0.79548,0.79593,1.50,2.25
2011.06.27 02:23:07.728,0.79546,0.79593,1.50,2.25
2011.06.27 02:23:08.018,0.79542,0.79592,1.50,2.25
2011.06.27 02:23:09.959,0.7954,0.79592,1.50,2.25
2011.06.27 02:23:11.209,0.7954,0.79592,1.50,2.25
2011.06.27 02:23:11.727,0.7954,0.79591,1.50,1.13
2011.06.27 02:23:12.149,0.79536,0.79583,1.50,2.25
2011.06.27 02:23:12.258,0.79534,0.79581,1.50,1.13
2011.06.27 02:23:12.367,0.79534,0.79573,1.50,2.25
2011.06.27 02:23:13.139,0.79534,0.79573,1.50,2.25
2011.06.27 02:23:13.519,0.79533,0.79573,1.50,2.25
2011.06.27 02:23:15.939,0.79528,0.79573,1.50,2.25
2011.06.27 02:23:16.048,0.79528,0.79582,1.50,3.00
2011.06.27 02:23:16.158,0.79529,0.79574,1.50,2.25
2011.06.27 02:23:16.709,0.79529,0.79574,1.50,2.25
2011.06.27 02:23:19.038,0.79528,0.79574,1.50,2.25
2011.06.27 02:23:19.897,0.79528,0.79574,1.50,2.25
2011.06.27 02:23:23.527,0.79529,0.79578,1.50,2.25
2011.06.27 02:23:23.710,0.79529,0.79578,1.50,2.25
2011.06.27 02:23:23.817,0.79529,0.79582,1.50,3.00
2011.06.27 02:23:23.929,0.79529,0.79582,1.50,3.00
2011.06.27 02:23:24.814,0.79531,0.79577,1.50,2.25
2011.06.27 02:23:25.398,0.79527,0.79577,1.50,2.25
2011.06.27 02:23:26.838,0.79527,0.79577,1.50,3.00
2011.06.27 02:23:29.871,0.7953,0.79577,1.50,2.25
2011.06.27 02:23:30.537,0.7953,0.79577,1.50,3.00
2011.06.27 02:23:32.890,0.7953,0.79577,1.50,3.00
2011.06.27 02:23:34.197,0.79528,0.79577,1.50,3.00
2011.06.27 02:23:35.627,0.7953,0.79577,1.50,3.00
2011.06.27 02:23:36.508,0.79526,0.79577,1.50,3.00
2011.06.27 02:23:37.278,0.79529,0.79577,1.50,2.25
2011.06.27 02:23:39.708,0.79529,0.79577,1.50,2.25
2011.06.27 02:23:40.448,0.79529,0.79577,1.50,3.00
2011.06.27 02:23:42.998,0.79529,0.79577,1.50,2.25
2011.06.27 02:23:47.729,0.79529,0.79577,1.50,2.25
2011.06.27 02:23:50.517,0.79531,0.79584,3.00,1.35
2011.06.27 02:23:50.627,0.79535,0.79584,1.50,1.35
2011.06.27 02:23:51.206,0.79535,0.79582,1.50,2.25
2011.06.27 02:23:52.859,0.79532,0.79582,1.50,3.00
2011.06.27 02:23:53.898,0.79532,0.79582,1.50,3.00
2011.06.27 02:23:55.149,0.79533,0.79582,1.50,3.00
2011.06.27 02:23:58.847,0.79533,0.79582,1.50,3.00
2011.06.27 02:24:04.058,0.79533,0.79582,1.50,3.00
2011.06.27 02:24:15.411,0.79533,0.79582,1.50,3.00
2011.06.27 02:24:16.448,0.79532,0.79582,1.50,3.75
2011.06.27 02:24:16.668,0.79533,0.79582,1.50,3.00
2011.06.27 02:24:16.778,0.79533,0.79577,1.50,2.25
2011.06.27 02:24:16.997,0.79529,0.79577,1.35,3.00
2011.06.27 02:24:20.888,0.79529,0.79577,1.35,3.75
2011.06.27 02:24:24.848,0.7953,0.79577,1.50,3.00
2011.06.27 02:24:30.011,0.79529,0.79577,1.35,3.00
2011.06.27 02:24:32.328,0.7953,0.79577,1.50,3.00
2011.06.27 02:24:51.470,0.79529,0.79577,1.35,3.00
2011.06.27 02:24:52.987,0.79528,0.79577,1.50,3.00
2011.06.27 02:24:57.288,0.79528,0.79577,1.50,3.00
2011.06.27 02:25:04.988,0.79527,0.79577,1.50,3.00
2011.06.27 02:25:06.308,0.79529,0.79577,1.50,2.25
2011.06.27 02:25:07.409,0.79527,0.79577,1.50,3.00
2011.06.27 02:25:08.508,0.7953,0.79577,1.50,3.00
2011.06.27 02:25:16.758,0.79527,0.79577,1.50,3.00
2011.06.27 02:25:17.459,0.79525,0.79577,1.50,3.00
2011.06.27 02:25:23.818,0.79523,0.79577,3.75,3.00
2011.06.27 02:25:26.026,0.79524,0.79577,1.50,3.00
2011.06.27 02:25:32.179,0.79525,0.79577,1.50,3.00
2011.06.27 02:25:34.868,0.79526,0.79582,3.38,3.00
2011.06.27 02:25:37.019,0.79529,0.79582,1.50,3.00
2011.06.27 02:25:38.827,0.79529,0.79582,1.50,3.00
2011.06.27 02:25:41.089,0.7953,0.79582,1.50,3.00
2011.06.27 02:25:43.956,0.79529,0.79582,1.50,3.00
2011.06.27 02:25:51.209,0.79529,0.79582,1.50,3.00
2011.06.27 02:25:51.817,0.79532,0.79582,1.50,3.00
2011.06.27 02:25:53.847,0.7953,0.79582,1.50,3.00
2011.06.27 02:25:56.157,0.79532,0.79582,1.50,3.00
2011.06.27 02:25:58.138,0.79533,0.79582,1.50,3.00
2011.06.27 02:25:59.249,0.7953,0.79582,1.35,3.00
2011.06.27 02:26:01.847,0.79532,0.79582,1.50,3.00
2011.06.27 02:26:04.848,0.79531,0.79582,1.50,3.00
2011.06.27 02:26:05.070,0.79531,0.79582,1.50,3.00
2011.06.27 02:26:05.181,0.79531,0.79582,1.50,3.00
2011.06.27 02:26:07.268,0.79533,0.79582,1.50,3.00
2011.06.27 02:26:09.915,0.79532,0.79582,1.50,3.00
2011.06.27 02:26:12.329,0.79532,0.79582,1.50,3.00
2011.06.27 02:26:13.538,0.7953,0.79582,2.10,3.00
2011.06.27 02:26:14.218,0.7953,0.79579,2.10,1.50
2011.06.27 02:26:15.977,0.79534,0.79583,1.50,1.50
2011.06.27 02:26:19.847,0.79536,0.79584,1.50,1.50
2011.06.27 02:26:20.695,0.79537,0.79584,1.50,1.50
2011.06.27 02:26:23.854,0.79536,0.79584,1.50,1.50
2011.06.27 02:26:26.188,0.79535,0.79584,1.50,1.50
2011.06.27 02:26:29.158,0.79536,0.79584,1.50,1.50
2011.06.27 02:26:34.548,0.79536,0.79584,1.50,1.50
2011.06.27 02:26:36.411,0.79536,0.79585,1.50,3.00
2011.06.27 02:26:37.078,0.7953,0.79582,2.10,3.00
2011.06.27 02:26:38.870,0.7953,0.79582,2.10,3.00
2011.06.27 02:26:40.151,0.7953,0.79578,2.10,1.50
2011.06.27 02:26:40.370,0.7953,0.79582,2.10,3.00
2011.06.27 02:26:43.818,0.7953,0.79582,2.10,3.00
2011.06.27 02:26:47.259,0.79531,0.79582,1.50,3.00
2011.06.27 02:26:48.059,0.79531,0.79582,1.50,3.00
2011.06.27 02:26:49.282,0.79531,0.79582,1.50,3.00
2011.06.27 02:26:50.397,0.7953,0.79582,2.10,3.00
2011.06.27 02:26:53.208,0.79531,0.79582,1.50,3.00
2011.06.27 02:26:57.709,0.7953,0.79582,1.50,3.00
2011.06.27 02:27:17.287,0.79528,0.79578,1.50,1.35
2011.06.27 02:27:19.048,0.7953,0.79578,1.50,1.35
2011.06.27 02:27:23.998,0.79528,0.79578,1.50,1.35
2011.06.27 02:27:25.103,0.79529,0.79578,1.50,1.35
2011.06.27 02:27:28.657,0.7953,0.79579,1.50,3.60
2011.06.27 02:27:28.877,0.7953,0.79579,1.50,3.60
2011.06.27 02:27:31.477,0.7953,0.79578,1.50,1.35
2011.06.27 02:27:34.777,0.79531,0.79578,1.50,1.35
2011.06.27 02:27:34.927,0.79531,0.79578,1.50,1.35
2011.06.27 02:27:35.257,0.79536,0.79582,1.50,3.00
2011.06.27 02:27:36.857,0.79536,0.79582,1.50,3.00
2011.06.27 02:27:37.747,0.79536,0.79582,1.50,2.25
2011.06.27 02:27:38.888,0.79536,0.79582,1.50,2.25
2011.06.27 02:27:38.996,0.79535,0.79582,1.50,3.00
2011.06.27 02:27:39.639,0.79535,0.79578,1.50,2.25
2011.06.27 02:27:41.857,0.79535,0.79578,1.50,2.25
2011.06.27 02:27:46.146,0.79535,0.79578,1.50,2.25
2011.06.27 02:27:46.389,0.79535,0.79578,1.50,2.25
2011.06.27 02:27:48.377,0.79535,0.79583,1.50,3.60
2011.06.27 02:27:49.192,0.79537,0.79583,1.50,3.60
2011.06.27 02:27:50.897,0.79537,0.79583,1.50,3.60
2011.06.27 02:27:54.802,0.79537,0.79583,1.50,3.60
2011.06.27 02:28:10.336,0.79537,0.79583,1.50,3.60
2011.06.27 02:28:14.395,0.79537,0.79583,1.50,3.60
2011.06.27 02:28:14.615,0.79537,0.79583,1.50,3.60
2011.06.27 02:28:14.878,0.79537,0.79583,1.50,3.60
2011.06.27 02:28:15.158,0.79537,0.79583,1.50,3.60
2011.06.27 02:28:16.638,0.79537,0.79583,1.50,3.60
2011.06.27 02:28:16.946,0.79534,0.79583,1.50,3.60
2011.06.27 02:28:17.166,0.79534,0.79578,1.50,2.25
2011.06.27 02:28:19.945,0.79534,0.79578,1.50,2.85
2011.06.27 02:28:21.004,0.79534,0.79578,1.50,2.85
2011.06.27 02:28:33.617,0.79534,0.79578,1.50,2.85
2011.06.27 02:28:33.967,0.79537,0.79582,1.50,1.35
2011.06.27 02:28:39.478,0.79534,0.79578,1.50,2.85
2011.06.27 02:28:39.748,0.79537,0.79578,1.35,2.25
2011.06.27 02:28:39.870,0.79539,0.79578,1.35,2.25
2011.06.27 02:28:39.976,0.79539,0.79585,1.35,3.60
2011.06.27 02:28:40.956,0.79539,0.79585,1.35,3.60
2011.06.27 02:28:41.238,0.79539,0.7959,1.35,2.85
2011.06.27 02:28:42.836,0.79539,0.7959,1.35,2.85
2011.06.27 02:28:43.437,0.79537,0.79594,1.88,1.35
2011.06.27 02:28:43.869,0.79537,0.79594,1.88,2.10
2011.06.27 02:28:47.888,0.79537,0.79594,1.88,1.35
2011.06.27 02:28:48.157,0.79537,0.79594,1.88,2.10
2011.06.27 02:28:48.337,0.79537,0.79594,1.88,1.35
2011.06.27 02:28:49.766,0.79537,0.79593,1.88,1.50
2011.06.27 02:28:49.879,0.79537,0.79593,1.88,1.50
2011.06.27 02:28:50.207,0.79539,0.79594,1.50,2.85
2011.06.27 02:28:51.247,0.79538,0.79594,1.50,3.60
2011.06.27 02:28:52.890,0.79538,0.79594,1.50,4.35
2011.06.27 02:28:56.897,0.79538,0.79594,1.50,3.60
2011.06.27 02:28:57.376,0.79538,0.79593,1.50,1.50
2011.06.27 02:28:57.597,0.79538,0.79594,1.50,3.60
2011.06.27 02:29:02.398,0.79538,0.79594,1.50,3.60
2011.06.27 02:29:02.506,0.79536,0.79594,1.50,3.60
2011.06.27 02:29:07.678,0.79536,0.7959,1.50,3.00
2011.06.27 02:29:08.776,0.79541,0.79594,1.13,1.35
2011.06.27 02:29:08.887,0.79541,0.79594,1.13,1.35
2011.06.27 02:29:09.978,0.79538,0.79594,1.50,3.60
2011.06.27 02:29:10.867,0.79538,0.79594,1.50,3.60
2011.06.27 02:29:11.967,0.79538,0.79593,1.50,1.50
2011.06.27 02:29:12.216,0.79538,0.79594,1.50,3.60
2011.06.27 02:29:13.966,0.79536,0.79594,1.50,3.60
2011.06.27 02:29:14.186,0.79536,0.7959,1.50,3.00
2011.06.27 02:29:15.927,0.79542,0.7959,1.13,2.25
2011.06.27 02:29:16.036,0.79542,0.79594,3.38,3.00
2011.06.27 02:29:16.688,0.79542,0.79594,3.38,3.75
2011.06.27 02:29:17.571,0.79545,0.79594,1.35,3.00
2011.06.27 02:29:18.640,0.79549,0.79594,1.50,2.25
2011.06.27 02:29:19.176,0.79549,0.79594,1.50,2.25
2011.06.27 02:29:19.823,0.79549,0.79594,1.50,3.00
2011.06.27 02:29:21.829,0.79549,0.79594,1.50,3.00
2011.06.27 02:29:28.139,0.79546,0.79594,1.50,3.00
2011.06.27 02:29:28.457,0.79546,0.79594,1.50,3.00
2011.06.27 02:29:30.438,0.79551,0.79594,1.50,2.25
2011.06.27 02:29:30.767,0.79547,0.79594,3.75,2.10
2011.06.27 02:29:30.876,0.79539,0.7959,1.50,2.85
2011.06.27 02:29:31.888,0.79539,0.7959,1.50,2.85
2011.06.27 02:29:32.429,0.79535,0.7959,1.50,3.00
2011.06.27 02:29:32.838,0.79535,0.7959,1.50,3.00
2011.06.27 02:29:34.289,0.79532,0.7959,1.88,3.00
2011.06.27 02:29:36.492,0.79533,0.7959,1.50,3.00
2011.06.27 02:29:36.920,0.79533,0.7959,1.50,3.00
2011.06.27 02:29:37.419,0.79533,0.7959,1.50,3.00
2011.06.27 02:29:38.151,0.79538,0.7959,1.50,2.25
2011.06.27 02:29:45.268,0.79535,0.79591,1.50,3.00
2011.06.27 02:29:45.390,0.79535,0.79591,1.50,3.00
2011.06.27 02:29:48.042,0.79536,0.79594,1.50,3.00
2011.06.27 02:29:48.859,0.79536,0.79594,1.50,3.00
2011.06.27 02:29:49.032,0.79538,0.79594,1.50,3.00
2011.06.27 02:29:51.672,0.79538,0.79594,1.50,3.00
2011.06.27 02:29:52.812,0.79538,0.79594,1.50,3.75
2011.06.27 02:29:53.048,0.79539,0.79586,1.50,2.25
2011.06.27 02:29:56.267,0.79538,0.79586,1.50,2.25
2011.06.27 02:29:56.509,0.79539,0.79593,1.50,2.10
2011.06.27 02:29:57.879,0.79539,0.79593,1.50,2.10
2011.06.27 02:29:59.039,0.79539,0.79593,1.50,2.10
2011.06.27 02:30:11.358,0.79535,0.79593,1.50,2.10
2011.06.27 02:30:12.462,0.79538,0.79593,1.50,2.10
2011.06.27 02:30:13.671,0.79535,0.79593,1.50,2.10
2011.06.27 02:30:14.989,0.79537,0.79593,1.50,2.10
2011.06.27 02:30:16.919,0.79539,0.79595,1.50,3.60
2011.06.27 02:30:19.773,0.79542,0.79596,1.50,1.35
2011.06.27 02:30:24.363,0.79542,0.79596,1.50,1.35
2011.06.27 02:30:24.910,0.79543,0.79599,1.50,1.35
2011.06.27 02:30:27.858,0.79544,0.79599,1.50,3.60
2011.06.27 02:30:31.440,0.79543,0.79599,1.50,3.60
2011.06.27 02:30:37.388,0.79541,0.79596,1.13,1.35
2011.06.27 02:30:38.341,0.79543,0.79597,1.50,1.35
2011.06.27 02:31:13.619,0.79543,0.79599,1.50,4.35
2011.06.27 02:31:19.831,0.79544,0.79598,1.50,1.35
2011.06.27 02:31:24.948,0.79541,0.79599,1.88,3.75
2011.06.27 02:31:25.337,0.79541,0.79594,1.50,2.25
2011.06.27 02:31:26.391,0.79537,0.79594,1.50,3.00
2011.06.27 02:31:36.308,0.7954,0.79594,1.50,3.00
2011.06.27 02:31:38.179,0.79538,0.79594,1.50,3.00
2011.06.27 02:31:41.039,0.79539,0.79594,1.50,2.25
2011.06.27 02:31:45.144,0.79539,0.79594,1.50,3.00
2011.06.27 02:31:45.410,0.79539,0.79594,1.50,2.25
2011.06.27 02:31:47.347,0.79541,0.79599,1.13,3.00
2011.06.27 02:31:47.529,0.79543,0.79599,1.50,3.00
2011.06.27 02:31:49.618,0.79542,0.79599,1.50,3.00
2011.06.27 02:31:49.919,0.79542,0.79599,1.50,3.00
2011.06.27 02:32:19.218,0.79544,0.79599,1.50,3.75
2011.06.27 02:32:34.900,0.79544,0.79598,1.50,1.50
2011.06.27 02:32:35.385,0.79543,0.79589,1.50,2.25
2011.06.27 02:32:36.769,0.79543,0.79589,1.50,2.25
2011.06.27 02:32:38.850,0.79544,0.79589,1.50,2.25
2011.06.27 02:32:48.151,0.79544,0.79589,1.50,2.25
2011.06.27 02:32:52.730,0.79543,0.79589,1.50,2.85
2011.06.27 02:32:53.163,0.79543,0.79589,1.50,2.85
2011.06.27 02:32:53.479,0.7954,0.79587,1.50,1.35
2011.06.27 02:32:56.832,0.79537,0.79585,1.50,2.85
2011.06.27 02:32:57.272,0.79537,0.79585,1.50,2.85
2011.06.27 02:32:58.372,0.79541,0.79585,1.50,2.85
2011.06.27 02:32:59.148,0.7954,0.79585,1.50,2.85
2011.06.27 02:32:59.639,0.79538,0.79585,1.50,3.60
2011.06.27 02:32:59.913,0.79538,0.79585,1.50,3.60
2011.06.27 02:33:02.929,0.79538,0.79585,1.50,3.60
2011.06.27 02:33:08.210,0.79538,0.79585,1.50,3.60
2011.06.27 02:33:10.329,0.79538,0.79585,1.50,3.60
2011.06.27 02:33:13.522,0.79538,0.79585,1.50,3.60
2011.06.27 02:33:13.630,0.79538,0.79585,1.50,3.60
2011.06.27 02:33:31.449,0.79538,0.79585,1.50,3.60
2011.06.27 02:33:31.558,0.79538,0.79585,1.50,3.60
2011.06.27 02:33:45.835,0.79542,0.79585,1.50,2.85
2011.06.27 02:33:47.200,0.79543,0.7959,1.50,4.35
2011.06.27 02:33:47.860,0.79543,0.7959,1.50,4.35
2011.06.27 02:33:51.189,0.7954,0.79587,1.50,1.35
2011.06.27 02:33:53.859,0.79537,0.79585,1.50,2.25
2011.06.27 02:33:54.900,0.79537,0.79585,1.50,2.25
2011.06.27 02:33:57.848,0.79537,0.79585,1.50,2.25
2011.06.27 02:34:07.828,0.79539,0.7959,1.50,3.00
2011.06.27 02:34:09.859,0.79539,0.7959,1.50,3.00
2011.06.27 02:34:13.868,0.79539,0.7959,1.50,3.00
2011.06.27 02:34:19.429,0.79539,0.7959,1.50,3.00
2011.06.27 02:34:22.242,0.79539,0.7959,1.50,3.00
2011.06.27 02:34:22.356,0.79539,0.7959,1.50,3.00
2011.06.27 02:34:22.469,0.79539,0.7959,1.50,3.00
2011.06.27 02:34:22.837,0.79539,0.7959,1.50,3.00
2011.06.27 02:34:24.290,0.79539,0.7959,1.50,3.00
2011.06.27 02:34:24.811,0.79539,0.7959,1.50,3.00
2011.06.27 02:34:24.920,0.79539,0.7959,1.50,3.00
2011.06.27 02:34:25.220,0.79539,0.7959,1.50,3.00
2011.06.27 02:34:43.541,0.79539,0.7959,1.50,3.00
2011.06.27 02:34:53.006,0.79537,0.7959,1.50,3.00
2011.06.27 02:34:55.618,0.79537,0.79585,1.50,2.25
2011.06.27 02:34:58.516,0.7954,0.7959,1.50,3.00
2011.06.27 02:34:58.737,0.7954,0.7959,1.50,3.00
2011.06.27 02:34:59.608,0.7954,0.79585,1.50,2.25
2011.06.27 02:35:00.726,0.79538,0.79585,1.50,3.00
2011.06.27 02:35:00.997,0.79538,0.7959,1.50,3.00
2011.06.27 02:35:01.187,0.79538,0.7959,1.50,3.00
2011.06.27 02:35:01.328,0.7954,0.7959,1.50,3.00
2011.06.27 02:35:02.917,0.7954,0.7959,1.50,3.00
2011.06.27 02:35:03.460,0.7954,0.7959,1.50,3.00
2011.06.27 02:35:05.638,0.79542,0.7959,1.50,2.25
2011.06.27 02:35:05.878,0.79542,0.7959,1.50,2.25
2011.06.27 02:35:06.608,0.79542,0.7959,1.50,3.00
2011.06.27 02:35:07.299,0.79542,0.7959,1.50,3.00
2011.06.27 02:35:08.595,0.79542,0.7959,1.50,2.25
2011.06.27 02:35:12.978,0.79542,0.7959,1.50,3.00
2011.06.27 02:35:14.968,0.79543,0.7959,1.50,3.00
2011.06.27 02:35:16.957,0.79543,0.7959,1.50,3.00
2011.06.27 02:35:21.128,0.79542,0.7959,1.50,3.00
2011.06.27 02:35:22.662,0.79542,0.7959,1.50,3.00
2011.06.27 02:35:24.341,0.79544,0.7959,1.50,2.25
2011.06.27 02:35:25.351,0.79544,0.7959,1.50,2.25
2011.06.27 02:35:25.470,0.79544,0.7959,1.50,2.25
2011.06.27 02:35:28.899,0.79544,0.7959,1.50,2.25
2011.06.27 02:35:29.937,0.79544,0.7959,1.50,2.25
2011.06.27 02:35:30.550,0.7954,0.7959,1.50,3.00
2011.06.27 02:35:39.948,0.7954,0.7959,1.50,3.00
2011.06.27 02:35:40.266,0.7954,0.7959,1.50,3.00
2011.06.27 02:35:40.376,0.79534,0.79586,1.50,3.00
2011.06.27 02:35:40.486,0.79534,0.79586,1.50,3.00
2011.06.27 02:35:40.597,0.79534,0.79586,1.50,3.00
2011.06.27 02:35:41.808,0.79528,0.79581,1.50,3.00
2011.06.27 02:35:44.237,0.79532,0.79581,1.13,2.25
2011.06.27 02:35:44.346,0.79532,0.79591,1.88,3.00
2011.06.27 02:35:44.456,0.79532,0.79591,1.88,3.00
2011.06.27 02:35:45.149,0.79535,0.79591,1.35,3.60
2011.06.27 02:35:46.657,0.79535,0.79591,1.35,3.60
2011.06.27 02:35:51.408,0.79535,0.79591,1.35,3.60
2011.06.27 02:35:51.638,0.79532,0.79582,1.50,2.25
2011.06.27 02:35:52.398,0.79532,0.79582,1.50,3.00
2011.06.27 02:35:52.768,0.79531,0.79587,1.88,1.35
2011.06.27 02:35:54.378,0.79531,0.79587,1.88,1.35
2011.06.27 02:35:54.487,0.79528,0.79586,1.50,1.73
2011.06.27 02:35:54.717,0.79528,0.79574,1.50,2.25
2011.06.27 02:35:55.756,0.79531,0.79574,1.50,2.25
2011.06.27 02:35:56.857,0.79532,0.79574,1.50,2.25
2011.06.27 02:35:57.861,0.79532,0.79574,1.50,2.25
2011.06.27 02:36:01.087,0.79532,0.79574,1.50,2.85
2011.06.27 02:36:01.637,0.79537,0.79578,1.50,2.10
2011.06.27 02:36:02.858,0.79537,0.79578,1.50,2.10
2011.06.27 02:36:03.838,0.79536,0.79578,1.50,2.10
2011.06.27 02:36:04.377,0.79539,0.79593,1.73,1.35
2011.06.27 02:36:05.878,0.7954,0.79593,2.48,1.35
2011.06.27 02:36:06.868,0.7954,0.79592,1.73,1.35
2011.06.27 02:36:10.705,0.7954,0.79592,1.73,1.35
2011.06.27 02:36:15.797,0.79538,0.79596,1.50,1.35
2011.06.27 02:36:16.309,0.79538,0.79591,1.50,2.25
2011.06.27 02:36:16.418,0.79531,0.79591,1.88,3.00
2011.06.27 02:36:17.876,0.79531,0.79591,1.88,3.00
2011.06.27 02:36:18.663,0.79531,0.79591,1.88,3.00
2011.06.27 02:36:18.772,0.79531,0.79591,1.88,3.00
2011.06.27 02:36:19.432,0.79531,0.79591,1.88,3.00
2011.06.27 02:36:20.678,0.79531,0.79591,1.88,3.00
2011.06.27 02:36:20.850,0.79531,0.79591,1.88,3.00
2011.06.27 02:36:24.980,0.79531,0.79591,1.88,3.00
2011.06.27 02:36:28.141,0.79531,0.79591,1.88,3.00
2011.06.27 02:36:31.277,0.79531,0.79591,1.88,3.00
2011.06.27 02:36:31.497,0.79531,0.7959,1.50,1.13
2011.06.27 02:36:31.607,0.79531,0.79581,1.50,2.25
2011.06.27 02:36:32.880,0.79532,0.79581,1.50,3.00
2011.06.27 02:36:34.819,0.79532,0.79583,1.50,3.00
2011.06.27 02:36:35.377,0.79535,0.79583,1.50,2.85
2011.06.27 02:36:36.329,0.79533,0.79583,1.50,3.60
2011.06.27 02:36:37.209,0.79535,0.79588,1.50,1.50
2011.06.27 02:36:37.319,0.79535,0.79584,1.50,2.85
2011.06.27 02:36:40.765,0.79535,0.79582,1.50,1.35
2011.06.27 02:36:43.129,0.79535,0.79583,1.50,1.35
2011.06.27 02:36:55.807,0.79534,0.79575,1.50,2.25
2011.06.27 02:36:56.137,0.79526,0.7957,1.50,2.10
2011.06.27 02:36:56.247,0.7953,0.79573,1.50,2.85
2011.06.27 02:36:57.918,0.79526,0.79572,1.50,1.35
2011.06.27 02:36:59.888,0.79526,0.79572,1.50,1.35
2011.06.27 02:37:07.168,0.79527,0.79573,1.50,1.35
2011.06.27 02:37:07.497,0.7953,0.79576,1.50,1.35
2011.06.27 02:37:08.007,0.7953,0.79583,1.50,4.73
2011.06.27 02:37:08.858,0.79527,0.79578,1.35,1.50
2011.06.27 02:37:09.750,0.7953,0.79583,3.00,1.35
2011.06.27 02:37:10.449,0.7953,0.79583,3.00,2.10
2011.06.27 02:37:11.582,0.79527,0.79577,1.35,1.50
2011.06.27 02:37:11.688,0.79526,0.79574,1.50,1.35
2011.06.27 02:37:11.797,0.79525,0.79573,3.00,1.35
2011.06.27 02:37:12.998,0.79521,0.79569,1.50,1.35
2011.06.27 02:37:14.267,0.79519,0.7957,1.50,2.10
2011.06.27 02:37:14.874,0.79521,0.79572,1.50,1.35
2011.06.27 02:37:15.457,0.79521,0.7957,1.50,1.35
2011.06.27 02:37:16.188,0.79521,0.7957,1.50,1.35
2011.06.27 02:37:18.797,0.79521,0.7957,1.50,1.35
2011.06.27 02:37:19.828,0.79524,0.79571,1.50,1.35
2011.06.27 02:37:20.769,0.79524,0.7957,1.50,1.35
2011.06.27 02:37:24.892,0.79522,0.7957,1.50,1.35
2011.06.27 02:37:26.997,0.79517,0.79566,1.50,2.25
2011.06.27 02:37:29.498,0.79521,0.79566,1.50,3.00
2011.06.27 02:37:29.858,0.79521,0.79566,1.50,3.75
2011.06.27 02:37:30.268,0.79517,0.79566,1.50,3.00
2011.06.27 02:37:33.898,0.79517,0.7957,1.50,1.50
2011.06.27 02:37:36.868,0.79517,0.79571,1.50,2.10
2011.06.27 02:37:38.067,0.79512,0.79563,3.75,1.50
2011.06.27 02:37:38.178,0.79513,0.7956,1.13,2.25
2011.06.27 02:37:38.287,0.79513,0.79563,1.13,1.50
2011.06.27 02:37:38.397,0.79513,0.79571,1.13,1.35
2011.06.27 02:37:41.269,0.79517,0.79571,1.50,1.35
2011.06.27 02:38:00.299,0.79517,0.79571,1.50,2.10
2011.06.27 02:38:01.290,0.79517,0.79568,1.50,1.50
2011.06.27 02:38:02.175,0.79517,0.79569,1.50,1.50
2011.06.27 02:38:04.594,0.79517,0.79568,1.50,1.50
2011.06.27 02:38:06.898,0.79513,0.79563,1.13,1.50
2011.06.27 02:38:07.008,0.79512,0.79563,3.75,1.50
2011.06.27 02:38:07.227,0.79507,0.79561,1.50,1.50
2011.06.27 02:38:07.388,0.79504,0.79564,1.35,4.13
2011.06.27 02:38:07.778,0.79509,0.79564,3.00,1.50
2011.06.27 02:38:08.328,0.79512,0.79567,3.38,1.50
2011.06.27 02:38:09.870,0.79512,0.79567,3.38,1.50
2011.06.27 02:38:10.087,0.79512,0.79566,3.00,1.50
2011.06.27 02:38:12.889,0.79508,0.79566,3.38,1.50
2011.06.27 02:38:12.998,0.79508,0.79561,3.00,1.50
2011.06.27 02:38:13.218,0.79509,0.79561,1.13,1.50
2011.06.27 02:38:13.599,0.79505,0.79565,3.00,1.50
2011.06.27 02:38:14.383,0.79505,0.79564,3.00,1.50
2011.06.27 02:38:15.419,0.79505,0.79564,3.00,1.50
2011.06.27 02:38:15.528,0.79505,0.7956,3.00,1.50
2011.06.27 02:38:15.967,0.79505,0.79564,1.13,1.50
2011.06.27 02:38:17.839,0.79507,0.79564,1.50,1.50
2011.06.27 02:38:19.161,0.79511,0.79564,1.50,1.50
2011.06.27 02:38:23.160,0.79507,0.79564,1.50,1.50
2011.06.27 02:38:57.668,0.79507,0.79556,1.50,1.50
2011.06.27 02:38:57.888,0.79505,0.79547,1.13,2.25
2011.06.27 02:38:58.109,0.7951,0.79562,1.35,1.35
2011.06.27 02:38:59.209,0.79507,0.79562,1.35,1.35
2011.06.27 02:38:59.758,0.79511,0.79563,1.35,1.50
2011.06.27 02:38:59.868,0.79516,0.79571,2.63,1.50
2011.06.27 02:39:00.130,0.79513,0.79571,1.13,1.50
2011.06.27 02:39:00.239,0.79512,0.79566,3.00,1.50
2011.06.27 02:39:02.040,0.79511,0.79566,1.35,1.50
2011.06.27 02:39:03.089,0.79505,0.79562,3.38,1.50
2011.06.27 02:39:06.870,0.79505,0.79562,3.38,1.50
2011.06.27 02:39:07.738,0.79505,0.79562,3.38,1.50
2011.06.27 02:39:08.458,0.79509,0.79563,3.00,1.50
2011.06.27 02:39:08.567,0.79509,0.79568,3.00,1.50
2011.06.27 02:39:09.002,0.79505,0.79563,1.13,1.50
2011.06.27 02:39:10.380,0.79507,0.79563,1.13,1.50
2011.06.27 02:39:10.487,0.79508,0.79565,3.38,1.50
2011.06.27 02:39:11.868,0.79508,0.79565,3.38,1.50
2011.06.27 02:39:13.120,0.79511,0.79565,1.13,1.50
2011.06.27 02:39:13.228,0.79511,0.79567,1.13,1.50
2011.06.27 02:39:20.012,0.79513,0.79567,3.38,1.50
2011.06.27 02:39:24.808,0.79513,0.79567,4.13,1.50
2011.06.27 02:39:29.358,0.79513,0.79567,3.38,1.50
2011.06.27 02:39:42.118,0.79513,0.79567,4.13,1.50
2011.06.27 02:39:42.227,0.79517,0.79567,1.88,1.50
2011.06.27 02:39:43.441,0.79522,0.79567,3.00,1.50
2011.06.27 02:39:43.758,0.79522,0.79567,3.00,1.50
2011.06.27 02:39:46.849,0.79522,0.7957,3.00,1.50
2011.06.27 02:39:48.670,0.79522,0.7957,3.00,1.50
2011.06.27 02:39:49.987,0.79522,0.7957,2.25,2.10
2011.06.27 02:39:51.128,0.79518,0.79567,3.00,1.50
2011.06.27 02:39:52.498,0.79518,0.79567,3.00,1.50
2011.06.27 02:39:56.849,0.79518,0.79567,3.00,1.50
2011.06.27 02:40:16.657,0.79518,0.79567,3.00,1.50
2011.06.27 02:40:16.923,0.79518,0.79567,3.00,1.50
2011.06.27 02:40:18.790,0.79518,0.79567,3.00,1.50
2011.06.27 02:40:21.320,0.79518,0.79567,3.00,1.50
2011.06.27 02:40:21.541,0.79518,0.79567,3.00,1.50
2011.06.27 02:40:24.130,0.79518,0.79567,3.00,1.50
2011.06.27 02:40:24.950,0.79518,0.79567,3.00,1.50
2011.06.27 02:40:25.349,0.79518,0.79567,3.00,1.50
2011.06.27 02:40:33.969,0.79518,0.79567,3.00,1.50
2011.06.27 02:40:34.461,0.79518,0.79567,3.00,1.50
2011.06.27 02:40:51.600,0.79518,0.79572,2.25,3.00
2011.06.27 02:40:59.714,0.79518,0.79572,2.25,3.00
2011.06.27 02:41:25.130,0.79518,0.79572,3.00,3.00
2011.06.27 02:41:25.912,0.79518,0.79572,2.25,3.00
2011.06.27 02:41:28.147,0.79518,0.79568,2.25,1.50
2011.06.27 02:41:28.257,0.79512,0.79568,1.50,1.50
2011.06.27 02:41:28.380,0.79515,0.79568,1.50,1.50
2011.06.27 02:41:28.597,0.79518,0.79568,2.25,1.50
2011.06.27 02:41:29.360,0.79518,0.79567,3.00,1.50
2011.06.27 02:41:29.869,0.79518,0.79567,3.00,1.50
2011.06.27 02:41:30.589,0.7952,0.79567,1.50,1.50
2011.06.27 02:41:31.790,0.79518,0.79567,3.00,1.50
2011.06.27 02:41:49.508,0.79522,0.79572,2.10,3.75
2011.06.27 02:41:49.859,0.79526,0.79572,2.25,1.50
2011.06.27 02:41:50.879,0.79526,0.79576,3.00,2.10
2011.06.27 02:41:53.888,0.79526,0.79576,3.75,2.10
2011.06.27 02:41:54.841,0.79526,0.79573,3.75,1.50
2011.06.27 02:41:55.392,0.79526,0.79573,3.75,1.50
2011.06.27 02:41:57.868,0.79526,0.79573,3.75,1.50
2011.06.27 02:42:05.676,0.79526,0.79576,3.75,1.35
2011.06.27 02:42:11.369,0.79526,0.79576,3.00,1.35
2011.06.27 02:42:11.479,0.79526,0.79576,3.00,1.73
2011.06.27 02:42:12.059,0.79522,0.79568,1.35,3.00
2011.06.27 02:42:12.278,0.79515,0.79568,1.50,3.00
2011.06.27 02:42:12.429,0.79515,0.79568,1.50,3.00
2011.06.27 02:42:13.209,0.79514,0.79568,3.75,3.00
2011.06.27 02:42:13.827,0.79514,0.79568,3.75,3.00
2011.06.27 02:42:14.171,0.79516,0.79577,3.00,1.13
2011.06.27 02:42:14.639,0.79518,0.79584,1.13,1.13
2011.06.27 02:42:15.400,0.79518,0.79584,1.13,1.88
2011.06.27 02:42:15.840,0.79518,0.79584,1.13,1.13
2011.06.27 02:42:15.948,0.79518,0.79584,1.13,1.13
2011.06.27 02:42:16.838,0.79518,0.79579,1.13,1.50
2011.06.27 02:42:18.938,0.79526,0.79583,1.13,1.50
2011.06.27 02:42:21.691,0.79526,0.79588,1.13,2.10
2011.06.27 02:42:23.948,0.79526,0.79588,1.13,2.10
2011.06.27 02:42:25.419,0.79526,0.79588,1.13,2.10
2011.06.27 02:42:25.978,0.7953,0.79588,1.13,2.10
2011.06.27 02:42:26.198,0.7953,0.79588,1.13,1.50
2011.06.27 02:42:26.774,0.79525,0.79584,1.35,1.50
2011.06.27 02:42:27.289,0.79525,0.79584,1.35,1.50
2011.06.27 02:42:27.839,0.79525,0.79584,1.35,1.50
2011.06.27 02:42:30.810,0.79525,0.79584,1.35,1.50
2011.06.27 02:42:32.421,0.79521,0.79579,1.35,1.50
2011.06.27 02:42:32.692,0.79525,0.79579,1.35,1.50
2011.06.27 02:42:33.018,0.79522,0.7958,1.35,1.50
2011.06.27 02:42:36.931,0.79525,0.79582,1.35,1.50
2011.06.27 02:42:40.100,0.79522,0.79585,1.35,1.88
2011.06.27 02:42:40.650,0.79525,0.79585,1.35,1.88
2011.06.27 02:42:52.778,0.79518,0.79577,1.50,1.88
2011.06.27 02:42:52.998,0.79517,0.79569,1.50,3.00
2011.06.27 02:42:53.410,0.79517,0.79569,1.50,3.00
2011.06.27 02:42:54.829,0.79517,0.79569,1.50,3.75
2011.06.27 02:42:55.449,0.79518,0.79569,1.50,3.75
2011.06.27 02:42:56.261,0.79518,0.79565,1.50,1.50
2011.06.27 02:42:56.811,0.79516,0.79565,1.50,1.50
2011.06.27 02:42:59.299,0.79516,0.79566,1.50,1.50
2011.06.27 02:43:00.171,0.79519,0.79568,1.50,1.50
2011.06.27 02:43:00.512,0.79517,0.79566,1.50,1.50
2011.06.27 02:43:03.699,0.79517,0.79565,1.50,1.50
2011.06.27 02:43:06.742,0.79518,0.79569,1.50,3.75
2011.06.27 02:43:07.021,0.79519,0.79569,1.50,3.75
2011.06.27 02:43:09.409,0.79516,0.79568,1.50,1.50
2011.06.27 02:43:11.168,0.79516,0.79567,1.50,1.50
2011.06.27 02:43:11.278,0.79517,0.79568,1.50,1.88
2011.06.27 02:43:11.498,0.79511,0.79567,1.50,1.50
2011.06.27 02:43:11.869,0.79517,0.79568,1.50,4.13
2011.06.27 02:43:12.409,0.79511,0.79568,1.50,4.13
2011.06.27 02:43:13.910,0.79511,0.79565,1.50,1.50
2011.06.27 02:43:45.670,0.79507,0.79564,2.10,1.50
2011.06.27 02:43:47.969,0.79516,0.79564,1.50,1.50
2011.06.27 02:43:48.269,0.79513,0.79564,3.00,1.50
2011.06.27 02:43:49.919,0.79507,0.79564,1.35,1.50
2011.06.27 02:43:52.228,0.79507,0.79564,1.35,1.50
2011.06.27 02:43:55.862,0.79505,0.79567,3.00,3.00
2011.06.27 02:43:56.078,0.79516,0.79568,1.50,3.75
2011.06.27 02:43:56.285,0.79516,0.79563,1.50,1.50
2011.06.27 02:43:57.256,0.79506,0.79563,1.50,1.50
2011.06.27 02:43:57.400,0.79505,0.79563,3.38,1.50
2011.06.27 02:44:00.468,0.79505,0.79563,3.38,1.50
2011.06.27 02:44:03.669,0.79505,0.79567,3.38,3.38
2011.06.27 02:44:03.784,0.79505,0.79563,3.38,1.50
2011.06.27 02:44:06.358,0.79507,0.79563,1.50,1.50
2011.06.27 02:44:07.510,0.79511,0.79565,1.50,1.50
2011.06.27 02:44:10.430,0.79511,0.79567,1.50,1.13
2011.06.27 02:44:11.801,0.79512,0.79568,1.50,1.88
2011.06.27 02:44:16.419,0.79512,0.79567,1.50,1.13
2011.06.27 02:44:16.639,0.79512,0.79568,1.50,1.88
2011.06.27 02:44:18.619,0.7951,0.79567,1.50,1.13
2011.06.27 02:44:19.727,0.79513,0.79567,1.50,1.13
2011.06.27 02:44:21.160,0.79511,0.79567,1.50,1.13
2011.06.27 02:44:22.260,0.79513,0.79567,1.50,1.13
2011.06.27 02:44:23.467,0.79511,0.79567,1.50,1.13
2011.06.27 02:44:24.779,0.79513,0.79567,1.50,1.13
2011.06.27 02:44:24.889,0.79513,0.79567,1.50,1.88
2011.06.27 02:44:25.220,0.79513,0.79567,1.50,1.13
2011.06.27 02:44:25.889,0.7951,0.79566,1.50,1.50
2011.06.27 02:44:26.309,0.7951,0.79567,1.50,1.13
2011.06.27 02:44:27.190,0.7951,0.79566,1.50,1.50
2011.06.27 02:44:27.629,0.79513,0.79567,1.50,1.13
2011.06.27 02:44:29.739,0.7951,0.79567,1.50,1.13
2011.06.27 02:44:30.114,0.7951,0.79566,1.50,1.50
2011.06.27 02:44:33.082,0.79509,0.79567,1.50,1.13
2011.06.27 02:44:34.892,0.79516,0.79569,3.75,1.50
2011.06.27 02:44:35.739,0.79516,0.79569,3.75,1.50
2011.06.27 02:44:36.870,0.79516,0.79568,3.75,1.50
2011.06.27 02:44:38.149,0.79516,0.79568,3.00,1.50
2011.06.27 02:44:39.778,0.79516,0.79568,3.00,1.88
2011.06.27 02:44:40.419,0.79511,0.79567,3.75,3.00
2011.06.27 02:44:41.231,0.79511,0.79567,3.75,3.00
2011.06.27 02:44:41.739,0.79511,0.79567,3.75,3.00
2011.06.27 02:44:42.769,0.79513,0.79567,1.50,3.00
2011.06.27 02:44:43.319,0.79517,0.79568,1.50,1.50
2011.06.27 02:44:45.129,0.79517,0.79571,1.50,3.00
2011.06.27 02:44:45.238,0.79526,0.79571,1.35,2.25
2011.06.27 02:44:45.611,0.79528,0.79571,2.25,1.35
2011.06.27 02:44:46.900,0.79522,0.79571,1.50,3.60
2011.06.27 02:44:47.468,0.79519,0.79568,1.50,1.50
2011.06.27 02:44:47.719,0.79518,0.79568,1.13,1.50
2011.06.27 02:44:47.828,0.79527,0.79571,3.00,1.35
2011.06.27 02:44:47.940,0.79527,0.79568,2.25,1.50
2011.06.27 02:44:48.049,0.79521,0.79566,1.50,2.25
2011.06.27 02:44:48.672,0.79516,0.7957,4.35,3.00
2011.06.27 02:44:48.999,0.79517,0.7957,1.50,3.00
2011.06.27 02:44:49.809,0.79517,0.7957,1.50,3.00
2011.06.27 02:44:50.871,0.7952,0.79569,1.50,1.50
2011.06.27 02:44:54.829,0.79517,0.79569,1.50,1.50
2011.06.27 02:45:00.592,0.79517,0.79568,1.50,1.50
2011.06.27 02:45:08.576,0.79517,0.79568,1.50,1.50
2011.06.27 02:45:09.680,0.79517,0.79568,1.50,1.50
2011.06.27 02:45:11.656,0.79517,0.79568,1.50,1.50
2011.06.27 02:45:11.762,0.79516,0.79568,4.35,1.50
2011.06.27 02:45:12.533,0.79517,0.79568,1.50,1.50
2011.06.27 02:45:15.748,0.79517,0.79568,1.50,1.88
2011.06.27 02:45:17.647,0.7951,0.79567,1.50,1.13
2011.06.27 02:45:20.055,0.7951,0.79565,1.50,1.50
2011.06.27 02:45:21.468,0.79515,0.79568,3.00,1.50
2011.06.27 02:45:22.140,0.79518,0.79567,1.50,1.13
2011.06.27 02:45:24.897,0.79511,0.79567,1.50,1.13
2011.06.27 02:45:25.009,0.79506,0.79555,1.50,3.00
2011.06.27 02:45:26.978,0.79508,0.7955,1.50,2.25
2011.06.27 02:45:27.199,0.79502,0.7955,1.50,3.00
2011.06.27 02:45:27.419,0.79506,0.79554,1.50,4.35
2011.06.27 02:45:28.427,0.79505,0.79553,1.50,1.35
2011.06.27 02:45:29.270,0.79506,0.79554,1.35,3.00
2011.06.27 02:45:29.379,0.7951,0.79562,1.35,1.35
2011.06.27 02:45:29.960,0.79512,0.79564,1.35,1.35
2011.06.27 02:45:30.068,0.79521,0.79569,1.35,3.75
2011.06.27 02:45:30.288,0.79523,0.79569,2.25,1.50
2011.06.27 02:45:31.060,0.79523,0.7957,3.00,1.50
2011.06.27 02:45:31.820,0.79523,0.7957,3.00,1.50
2011.06.27 02:45:32.290,0.79523,0.7957,3.00,1.50
2011.06.27 02:45:32.618,0.79517,0.79554,1.35,2.25
2011.06.27 02:45:32.838,0.79517,0.79567,1.35,1.13
2011.06.27 02:45:33.265,0.79512,0.79564,1.35,1.35
2011.06.27 02:45:34.150,0.79512,0.79561,1.35,1.35
2011.06.27 02:45:34.551,0.79512,0.79567,1.50,1.13
2011.06.27 02:45:35.569,0.7951,0.79564,1.50,1.50
2011.06.27 02:45:36.642,0.7951,0.79564,1.50,1.50
2011.06.27 02:45:36.750,0.79512,0.79565,1.50,1.50
2011.06.27 02:45:37.239,0.79514,0.79563,1.50,1.50
2011.06.27 02:45:37.568,0.79509,0.79558,1.50,3.00
2011.06.27 02:45:38.889,0.79509,0.79558,1.50,3.00
2011.06.27 02:45:40.807,0.79507,0.79558,1.50,3.00
2011.06.27 02:45:49.623,0.79509,0.79558,1.50,3.00
2011.06.27 02:45:50.089,0.79509,0.79558,1.50,3.75
2011.06.27 02:45:56.179,0.79509,0.79558,1.50,3.00
2011.06.27 02:45:56.758,0.79506,0.79558,1.50,3.75
2011.06.27 02:45:57.840,0.79506,0.79553,1.50,3.00
2011.06.27 02:45:59.679,0.79505,0.79553,2.10,3.00
2011.06.27 02:46:01.880,0.79508,0.79553,1.50,3.00
2011.06.27 02:46:02.620,0.79508,0.79553,1.50,3.60
2011.06.27 02:46:04.442,0.79505,0.79552,1.50,1.35
2011.06.27 02:46:04.771,0.79505,0.79552,1.50,1.35
2011.06.27 02:46:05.201,0.79505,0.79552,1.50,1.35
2011.06.27 02:46:05.587,0.79505,0.79552,1.50,1.35
2011.06.27 02:46:05.971,0.79505,0.79552,1.50,1.35
2011.06.27 02:46:06.577,0.79505,0.79552,1.50,1.35
2011.06.27 02:46:09.282,0.79505,0.79552,1.50,1.35
2011.06.27 02:46:11.780,0.79505,0.79552,1.50,1.35
2011.06.27 02:46:15.379,0.79505,0.79552,1.50,1.35
2011.06.27 02:46:15.710,0.79505,0.79552,1.50,1.35
2011.06.27 02:46:15.930,0.79505,0.79552,1.50,1.35
2011.06.27 02:46:16.398,0.79504,0.79552,2.10,1.35
2011.06.27 02:46:16.619,0.79509,0.79553,1.50,2.85
2011.06.27 02:46:16.729,0.79507,0.79553,1.50,2.85
2011.06.27 02:46:17.859,0.79509,0.79554,1.50,1.35
2011.06.27 02:46:18.549,0.79507,0.79554,1.50,1.35
2011.06.27 02:46:19.315,0.79507,0.79552,1.50,2.85
2011.06.27 02:46:19.840,0.79508,0.79552,1.50,2.85
2011.06.27 02:46:20.879,0.79506,0.79552,1.50,3.60
2011.06.27 02:46:21.460,0.79507,0.79552,1.50,2.85
2011.06.27 02:46:36.381,0.79507,0.79552,1.50,2.85
2011.06.27 02:46:36.860,0.79507,0.79552,1.50,2.85
2011.06.27 02:46:47.529,0.79504,0.79552,1.35,3.60
2011.06.27 02:46:48.974,0.79506,0.79552,1.50,3.60
2011.06.27 02:46:50.390,0.79506,0.79552,1.50,3.60
2011.06.27 02:46:53.798,0.79504,0.79551,1.35,1.50
2011.06.27 02:46:54.534,0.79506,0.79552,1.50,3.60
2011.06.27 02:46:57.909,0.79507,0.79554,1.50,1.35
2011.06.27 02:46:59.889,0.79509,0.79554,1.50,1.35
2011.06.27 02:47:00.441,0.79507,0.79553,1.50,1.35
2011.06.27 02:47:00.659,0.79504,0.79552,1.35,1.35
2011.06.27 02:47:02.050,0.79506,0.79552,1.50,1.35
2011.06.27 02:47:02.859,0.79502,0.79553,1.50,3.75
2011.06.27 02:47:03.259,0.79509,0.79554,2.25,1.50
2011.06.27 02:47:03.628,0.79507,0.79557,1.50,3.00
2011.06.27 02:47:04.508,0.79505,0.79557,1.50,3.00
2011.06.27 02:47:05.829,0.79505,0.79553,1.50,1.50
2011.06.27 02:47:05.938,0.79505,0.79554,1.50,1.50
2011.06.27 02:47:06.158,0.79509,0.79554,2.25,1.50
2011.06.27 02:47:06.439,0.79509,0.79558,3.60,1.50
2011.06.27 02:47:08.690,0.79512,0.79558,1.35,1.50
2011.06.27 02:47:10.791,0.79511,0.79556,2.10,1.50
2011.06.27 02:47:12.396,0.79512,0.7956,1.35,3.75
2011.06.27 02:47:14.410,0.79512,0.7956,1.35,3.75
2011.06.27 02:47:14.518,0.79509,0.79557,3.00,2.48
2011.06.27 02:47:14.629,0.79509,0.79554,2.25,2.10
2011.06.27 02:47:14.739,0.79511,0.79555,1.35,3.00
2011.06.27 02:47:15.306,0.79502,0.79556,3.75,3.75
2011.06.27 02:47:16.009,0.79501,0.79555,2.10,3.00
2011.06.27 02:47:16.229,0.79507,0.79563,2.10,3.75
2011.06.27 02:47:17.121,0.7951,0.79564,1.35,1.50
2011.06.27 02:47:17.850,0.79507,0.79564,1.35,1.50
2011.06.27 02:47:18.840,0.7951,0.79564,1.35,1.50
2011.06.27 02:47:19.488,0.7951,0.79564,1.35,1.50
2011.06.27 02:47:20.161,0.79506,0.7956,1.50,1.50
2011.06.27 02:47:20.327,0.79506,0.79564,1.50,1.50
2011.06.27 02:47:21.589,0.79505,0.79564,3.75,1.50
2011.06.27 02:47:22.624,0.79505,0.79561,3.75,1.50
2011.06.27 02:47:23.075,0.79505,0.79563,3.75,1.50
2011.06.27 02:47:23.850,0.79507,0.79561,3.00,1.50
2011.06.27 02:47:25.610,0.79507,0.79563,3.00,1.50
2011.06.27 02:47:25.719,0.79507,0.7956,3.00,1.13
2011.06.27 02:47:26.160,0.79502,0.7956,1.50,1.13
2011.06.27 02:47:27.810,0.7951,0.79558,1.50,1.50
2011.06.27 02:47:28.969,0.79512,0.79563,3.00,1.35
2011.06.27 02:47:29.504,0.7951,0.79563,1.35,3.60
2011.06.27 02:47:32.968,0.7951,0.7956,1.35,1.13
2011.06.27 02:47:34.776,0.79501,0.79558,1.35,1.50
2011.06.27 02:47:36.659,0.79501,0.79558,1.35,1.50
2011.06.27 02:47:36.769,0.79499,0.79551,3.00,1.13
2011.06.27 02:47:37.868,0.79499,0.79549,1.50,1.50
2011.06.27 02:47:38.198,0.79499,0.79553,3.75,1.35
2011.06.27 02:47:38.468,0.79499,0.79553,3.75,2.10
2011.06.27 02:47:38.860,0.795,0.79553,1.50,2.10
2011.06.27 02:47:39.890,0.795,0.79553,1.50,1.35
2011.06.27 02:47:39.998,0.79499,0.79551,3.00,1.13
2011.06.27 02:47:40.880,0.79496,0.79547,1.50,3.00
2011.06.27 02:47:41.395,0.79499,0.79551,3.00,3.00
2011.06.27 02:47:42.200,0.79499,0.79544,2.25,1.50
2011.06.27 02:47:43.233,0.79499,0.79543,2.85,1.50
2011.06.27 02:47:45.829,0.79497,0.79541,1.35,1.50
2011.06.27 02:47:47.370,0.79499,0.79544,1.35,1.50
2011.06.27 02:47:49.850,0.79497,0.79543,1.35,1.50
2011.06.27 02:47:51.641,0.79497,0.79543,1.73,1.50
2011.06.27 02:47:51.858,0.79503,0.79552,1.35,1.35
2011.06.27 02:47:51.968,0.79508,0.79554,3.00,1.35
2011.06.27 02:47:53.889,0.79509,0.79554,1.50,1.35
2011.06.27 02:47:54.825,0.79507,0.79553,2.10,1.35
2011.06.27 02:47:56.385,0.79509,0.79558,1.35,1.50
2011.06.27 02:47:56.489,0.7951,0.79559,1.35,1.50
2011.06.27 02:48:00.209,0.79513,0.79561,3.00,1.35
2011.06.27 02:48:00.379,0.79513,0.79561,3.00,1.35
2011.06.27 02:48:01.651,0.79515,0.79562,1.50,1.35
2011.06.27 02:48:01.758,0.79513,0.79561,3.75,1.35
2011.06.27 02:48:02.387,0.79513,0.79558,1.50,1.35
2011.06.27 02:48:02.499,0.79508,0.79553,1.35,1.35
2011.06.27 02:48:05.959,0.79507,0.79553,2.10,1.35
2011.06.27 02:48:06.929,0.79508,0.79553,1.35,1.35
2011.06.27 02:48:07.148,0.79509,0.79558,1.35,1.88
2011.06.27 02:48:07.259,0.79506,0.79548,3.00,1.35
2011.06.27 02:48:07.531,0.79501,0.79548,1.50,1.35
2011.06.27 02:48:08.795,0.79501,0.79548,1.50,1.35
2011.06.27 02:48:09.690,0.79502,0.79549,1.13,3.60
2011.06.27 02:48:10.018,0.79508,0.79558,1.35,1.35
2011.06.27 02:48:10.849,0.79508,0.79555,1.35,1.35
2011.06.27 02:48:11.718,0.79508,0.79555,1.35,1.73
2011.06.27 02:48:12.049,0.79506,0.79549,1.50,2.25
2011.06.27 02:48:12.159,0.79505,0.79553,3.00,1.35
2011.06.27 02:48:12.268,0.79505,0.79553,2.25,1.35
2011.06.27 02:48:12.808,0.79505,0.79558,2.85,1.50
2011.06.27 02:48:13.859,0.79505,0.79558,2.85,1.50
2011.06.27 02:48:15.270,0.79507,0.79559,1.35,1.50
2011.06.27 02:48:15.490,0.79509,0.79559,3.23,1.50
2011.06.27 02:48:15.599,0.79516,0.79562,2.25,1.50
2011.06.27 02:48:16.109,0.79516,0.79564,2.85,1.50
2011.06.27 02:48:16.329,0.79516,0.79565,2.85,1.50
2011.06.27 02:48:16.438,0.79512,0.79564,2.10,1.50
2011.06.27 02:48:16.807,0.79511,0.79564,1.35,1.50
2011.06.27 02:48:17.831,0.79515,0.79561,1.35,1.50
2011.06.27 02:48:18.151,0.79515,0.79564,1.35,1.50
2011.06.27 02:48:18.423,0.79515,0.79564,1.35,1.50
2011.06.27 02:48:21.429,0.79515,0.79564,1.35,1.50
2011.06.27 02:48:22.639,0.79512,0.79564,1.35,1.50
2011.06.27 02:48:22.920,0.79515,0.79564,1.35,1.50
2011.06.27 02:48:23.081,0.79515,0.79564,1.35,1.50
2011.06.27 02:48:23.668,0.79512,0.79562,1.35,1.50
2011.06.27 02:48:23.998,0.79516,0.79564,3.00,1.50
2011.06.27 02:48:24.519,0.79516,0.79564,3.00,1.50
2011.06.27 02:48:25.171,0.79512,0.79562,1.35,1.50
2011.06.27 02:48:25.945,0.79515,0.79563,1.35,1.50
2011.06.27 02:48:27.740,0.79511,0.79563,1.35,1.50
2011.06.27 02:48:27.848,0.7951,0.79563,3.00,2.10
2011.06.27 02:48:29.189,0.7951,0.79563,3.00,2.10
2011.06.27 02:48:30.670,0.7951,0.79563,3.00,2.10
2011.06.27 02:48:31.238,0.79507,0.7956,1.35,3.00
2011.06.27 02:48:31.348,0.79509,0.79563,2.25,2.10
2011.06.27 02:48:32.870,0.79509,0.79563,3.00,2.10
2011.06.27 02:48:34.849,0.79509,0.79562,3.00,1.50
2011.06.27 02:48:37.390,0.79509,0.79563,2.25,2.10
2011.06.27 02:48:37.499,0.79509,0.7956,2.25,1.13
2011.06.27 02:48:37.643,0.79507,0.79554,1.35,3.00
2011.06.27 02:48:37.859,0.79507,0.79558,1.35,3.00
2011.06.27 02:48:39.851,0.79507,0.79553,1.35,1.50
2011.06.27 02:48:43.870,0.79507,0.79555,1.35,1.50
2011.06.27 02:48:44.513,0.79507,0.79558,1.35,3.00
2011.06.27 02:48:46.209,0.79506,0.7955,3.00,1.35
2011.06.27 02:48:47.881,0.79505,0.7955,1.35,1.35
2011.06.27 02:48:49.804,0.79505,0.7955,1.35,1.35
2011.06.27 02:48:58.141,0.79505,0.79549,1.35,1.35
2011.06.27 02:48:58.509,0.79505,0.79548,1.35,1.35
2011.06.27 02:48:58.619,0.79505,0.79548,1.35,1.35
2011.06.27 02:48:59.555,0.79505,0.79548,1.35,1.35
2011.06.27 02:49:02.370,0.79505,0.79548,1.35,2.10
2011.06.27 02:49:02.479,0.79505,0.79548,1.35,1.35
2011.06.27 02:49:03.422,0.79505,0.79548,1.35,1.35
2011.06.27 02:49:04.840,0.79505,0.79548,1.35,1.35
2011.06.27 02:49:08.873,0.79501,0.79548,1.35,1.35
2011.06.27 02:49:09.349,0.79497,0.79545,3.00,1.35
2011.06.27 02:49:10.891,0.79496,0.79544,1.35,3.00
2011.06.27 02:49:17.794,0.79496,0.79544,1.35,3.75
2011.06.27 02:49:18.192,0.79496,0.79544,1.35,3.00
2011.06.27 02:49:18.901,0.79496,0.79544,1.35,3.75
2011.06.27 02:49:19.119,0.79498,0.79544,2.25,1.50
2011.06.27 02:49:19.449,0.79498,0.79544,2.25,1.50
2011.06.27 02:49:19.671,0.79498,0.79545,3.00,1.35
2011.06.27 02:49:21.578,0.79498,0.79545,3.00,1.35
2011.06.27 02:49:21.870,0.79498,0.79545,3.00,1.35
2011.06.27 02:49:24.411,0.79498,0.79545,3.00,2.10
2011.06.27 02:49:24.731,0.79498,0.79545,3.00,1.35
2011.06.27 02:49:25.220,0.79498,0.79545,3.00,2.10
2011.06.27 02:49:25.801,0.79498,0.79543,3.00,1.50
2011.06.27 02:49:27.203,0.79498,0.79544,2.25,1.50
2011.06.27 02:49:27.378,0.79498,0.79545,3.00,1.35
2011.06.27 02:49:27.489,0.79498,0.79544,2.25,1.50
2011.06.27 02:49:28.170,0.79498,0.79545,3.00,1.35
2011.06.27 02:49:29.303,0.79498,0.79544,2.25,1.50
2011.06.27 02:49:29.410,0.79498,0.79545,3.00,1.35
2011.06.27 02:49:34.711,0.79498,0.79545,3.00,1.35
2011.06.27 02:49:35.408,0.79498,0.79543,2.25,1.50
2011.06.27 02:49:36.142,0.79498,0.79545,3.00,1.35
2011.06.27 02:49:36.530,0.79498,0.79543,2.25,1.50
2011.06.27 02:49:36.921,0.79496,0.79544,1.35,3.75
2011.06.27 02:49:37.210,0.79492,0.79543,1.35,1.50
2011.06.27 02:49:37.769,0.7949,0.79541,3.00,1.35
2011.06.27 02:49:38.780,0.79489,0.79541,3.00,3.60
2011.06.27 02:49:39.881,0.79494,0.79541,2.25,1.35
2011.06.27 02:49:39.989,0.79494,0.79543,2.85,1.50
2011.06.27 02:49:40.321,0.79498,0.79543,2.25,1.50
2011.06.27 02:49:42.541,0.79498,0.79544,2.25,1.50
2011.06.27 02:49:43.719,0.79498,0.79541,2.25,1.50
2011.06.27 02:49:44.333,0.79498,0.79544,3.00,1.50
2011.06.27 02:49:46.110,0.79498,0.79542,3.00,1.13
2011.06.27 02:49:46.218,0.79498,0.7954,2.25,1.13
2011.06.27 02:49:46.329,0.79466,0.7954,1.50,1.13
2011.06.27 02:49:46.439,0.79466,0.7954,1.50,1.13
2011.06.27 02:49:46.550,0.79483,0.79537,2.10,1.35
2011.06.27 02:49:47.145,0.7948,0.79535,3.00,2.85
2011.06.27 02:49:47.794,0.7948,0.79533,2.25,1.35
2011.06.27 02:49:47.903,0.7948,0.79532,2.25,1.35
2011.06.27 02:49:48.824,0.7948,0.79532,3.00,1.35
2011.06.27 02:49:50.140,0.7948,0.7953,3.00,1.50
2011.06.27 02:49:50.249,0.79488,0.7953,2.25,1.50
2011.06.27 02:49:52.890,0.79488,0.79533,3.00,1.35
2011.06.27 02:49:53.888,0.79488,0.79533,2.25,1.35
2011.06.27 02:49:55.019,0.79491,0.79538,1.35,3.00
2011.06.27 02:49:55.259,0.79492,0.79537,2.25,1.50
2011.06.27 02:49:55.599,0.79496,0.79537,2.25,1.50
2011.06.27 02:49:57.219,0.79496,0.79538,2.25,1.50
2011.06.27 02:49:57.361,0.79496,0.79537,2.25,1.50
2011.06.27 02:49:57.530,0.79492,0.79537,2.25,1.50
2011.06.27 02:49:58.891,0.79492,0.79538,3.00,1.50
2011.06.27 02:49:59.117,0.79492,0.79537,2.25,1.50
2011.06.27 02:49:59.661,0.79492,0.79537,2.25,1.50
2011.06.27 02:50:02.120,0.79492,0.79538,3.00,1.50
2011.06.27 02:50:02.360,0.79495,0.79538,2.25,1.50
2011.06.27 02:50:03.312,0.79495,0.79539,3.00,1.35
2011.06.27 02:50:03.871,0.79495,0.79539,2.25,2.10
2011.06.27 02:50:04.919,0.79495,0.79539,3.00,2.10
2011.06.27 02:50:05.749,0.79491,0.79539,3.60,1.35
2011.06.27 02:50:07.211,0.79491,0.79539,3.60,1.35
2011.06.27 02:50:07.456,0.79491,0.79538,3.60,1.50
2011.06.27 02:50:08.090,0.79491,0.79538,1.35,3.00
2011.06.27 02:50:10.852,0.79491,0.79538,1.35,3.00
2011.06.27 02:50:11.708,0.79491,0.79538,1.35,3.75
2011.06.27 02:50:11.929,0.79492,0.79538,3.00,1.50
2011.06.27 02:50:12.039,0.79492,0.79539,3.00,1.35
2011.06.27 02:50:12.599,0.795,0.79549,2.25,1.50
2011.06.27 02:50:12.709,0.795,0.7955,3.00,1.50
2011.06.27 02:50:13.820,0.795,0.7955,3.00,1.50
2011.06.27 02:50:13.941,0.795,0.7955,3.00,1.50
2011.06.27 02:50:16.331,0.795,0.79548,3.00,1.50
2011.06.27 02:50:17.769,0.79501,0.79548,1.50,1.50
2011.06.27 02:50:18.861,0.79501,0.79549,1.50,1.50
2011.06.27 02:50:24.519,0.79491,0.79543,1.50,1.35
2011.06.27 02:50:26.350,0.79491,0.79543,3.75,1.35
2011.06.27 02:50:26.830,0.79491,0.79543,3.75,1.35
2011.06.27 02:50:26.939,0.79491,0.7954,3.75,1.50
2011.06.27 02:50:27.882,0.79489,0.79543,1.50,1.35
2011.06.27 02:50:28.332,0.79495,0.79543,2.25,1.35
2011.06.27 02:50:28.660,0.79495,0.79543,2.25,1.35
2011.06.27 02:50:29.863,0.79495,0.7954,2.25,1.50
2011.06.27 02:50:32.880,0.79495,0.79541,3.00,1.50
2011.06.27 02:50:34.479,0.79495,0.79544,3.00,1.50
2011.06.27 02:50:34.601,0.79496,0.79545,1.50,1.50
2011.06.27 02:50:34.709,0.795,0.79545,2.25,1.50
2011.06.27 02:50:36.961,0.795,0.79545,3.00,1.50
2011.06.27 02:50:41.929,0.795,0.79545,2.25,1.50
2011.06.27 02:50:50.009,0.795,0.79548,3.00,1.50
2011.06.27 02:50:55.130,0.795,0.79554,3.00,1.50
2011.06.27 02:50:55.913,0.795,0.79549,3.00,1.50
2011.06.27 02:50:56.161,0.795,0.79549,3.00,1.50
2011.06.27 02:50:57.370,0.795,0.79549,3.00,1.50
2011.06.27 02:50:58.690,0.795,0.79549,3.00,1.50
2011.06.27 02:50:59.312,0.795,0.79553,3.00,1.50
2011.06.27 02:50:59.902,0.795,0.79553,3.00,1.50
2011.06.27 02:51:01.329,0.795,0.79553,3.00,1.50
2011.06.27 02:51:02.529,0.79506,0.79555,1.50,3.60
2011.06.27 02:51:02.639,0.79513,0.79555,2.25,1.35
2011.06.27 02:51:04.367,0.79513,0.79558,3.00,1.50
2011.06.27 02:51:04.631,0.79513,0.79558,3.00,1.50
2011.06.27 02:51:05.131,0.79513,0.79554,2.25,1.50
2011.06.27 02:51:05.842,0.79513,0.79559,2.25,1.50
2011.06.27 02:51:06.949,0.79513,0.79559,2.25,1.50
2011.06.27 02:51:11.341,0.79513,0.79559,2.25,1.50
2011.06.27 02:51:12.551,0.79513,0.79559,2.25,1.50
2011.06.27 02:51:13.159,0.79513,0.79559,2.25,1.50
2011.06.27 02:51:24.855,0.79513,0.79562,3.00,1.35
2011.06.27 02:51:35.463,0.79513,0.79559,2.85,1.50
2011.06.27 02:51:36.952,0.79513,0.79563,3.60,4.35
2011.06.27 02:51:42.761,0.79513,0.79558,2.85,1.50
2011.06.27 02:51:43.641,0.79513,0.79558,2.85,1.50
2011.06.27 02:51:44.450,0.79513,0.79558,2.85,1.50
2011.06.27 02:51:53.251,0.79513,0.79558,2.85,1.50
2011.06.27 02:51:56.120,0.79513,0.79558,2.85,1.50
2011.06.27 02:51:57.181,0.79513,0.79563,3.60,4.35
2011.06.27 02:51:58.310,0.79513,0.79563,3.60,4.35
2011.06.27 02:52:17.860,0.79513,0.79563,3.60,4.35
2011.06.27 02:52:19.630,0.79513,0.79563,3.60,4.35
2011.06.27 02:52:20.939,0.79513,0.79563,3.60,4.35
2011.06.27 02:52:26.239,0.79507,0.79559,3.00,3.00
2011.06.27 02:52:26.922,0.79507,0.79559,3.00,3.75
2011.06.27 02:52:27.835,0.79507,0.79553,3.00,1.50
2011.06.27 02:52:29.190,0.79507,0.79558,3.00,1.50
2011.06.27 02:52:33.558,0.79513,0.79558,2.25,1.50
2011.06.27 02:52:34.890,0.79513,0.79558,3.00,1.50
2011.06.27 02:52:37.422,0.79513,0.79559,2.25,1.50
2011.06.27 02:52:37.641,0.79513,0.79563,3.00,3.00
2011.06.27 02:52:37.969,0.79522,0.79573,2.85,1.50
2011.06.27 02:52:38.079,0.7952,0.79569,3.75,1.35
2011.06.27 02:52:38.728,0.7952,0.79569,3.00,1.35
2011.06.27 02:52:39.622,0.7952,0.79568,2.25,1.35
2011.06.27 02:52:39.870,0.7952,0.79568,3.00,2.10
2011.06.27 02:52:40.810,0.7952,0.79567,3.00,1.50
2011.06.27 02:52:42.780,0.7952,0.79568,3.00,1.35
2011.06.27 02:52:43.281,0.7952,0.79567,2.25,1.50
2011.06.27 02:52:47.634,0.7952,0.79568,3.00,2.10
2011.06.27 02:52:48.742,0.7952,0.79568,3.00,2.10
2011.06.27 02:52:50.420,0.7952,0.79568,3.00,2.10
2011.06.27 02:52:52.149,0.7952,0.79568,3.00,2.10
2011.06.27 02:52:56.423,0.7952,0.79565,2.25,1.50
2011.06.27 02:52:57.920,0.7952,0.79568,3.00,2.10
2011.06.27 02:53:05.380,0.7952,0.79568,3.00,2.10
2011.06.27 02:53:08.350,0.7952,0.79568,3.00,2.10
2011.06.27 02:53:15.381,0.7952,0.79568,3.00,2.10
2011.06.27 02:53:18.360,0.7952,0.79568,3.00,2.10
2011.06.27 02:53:19.290,0.7952,0.79567,2.25,1.50
2011.06.27 02:53:22.641,0.7952,0.79568,3.00,1.35
2011.06.27 02:53:23.171,0.7952,0.79568,3.00,1.35
2011.06.27 02:53:25.126,0.7952,0.79566,2.25,1.50
2011.06.27 02:53:32.869,0.79514,0.79568,1.35,1.35
2011.06.27 02:53:34.741,0.79511,0.79569,3.00,1.50
2011.06.27 02:53:35.051,0.79511,0.79569,3.00,1.50
2011.06.27 02:53:35.798,0.79511,0.79563,3.00,1.50
2011.06.27 02:53:41.085,0.79511,0.79565,3.75,1.50
2011.06.27 02:53:42.924,0.79511,0.79565,3.75,1.50
2011.06.27 02:53:43.435,0.79511,0.79565,3.75,1.50
2011.06.27 02:53:45.231,0.79511,0.79565,3.75,1.50
2011.06.27 02:53:52.937,0.79511,0.79567,3.00,1.50
2011.06.27 02:53:53.098,0.79515,0.79567,2.25,1.50
2011.06.27 02:53:53.210,0.7951,0.79567,3.00,1.50
2011.06.27 02:53:54.900,0.79511,0.79567,1.50,1.50
2011.06.27 02:53:55.891,0.79511,0.79567,1.50,1.50
2011.06.27 02:54:15.861,0.79511,0.79569,1.50,1.50
2011.06.27 02:54:17.500,0.79511,0.79568,1.50,1.50
2011.06.27 02:54:18.930,0.7951,0.79568,3.00,1.50
2011.06.27 02:54:19.239,0.79512,0.79568,1.50,1.50
2011.06.27 02:54:19.709,0.7951,0.79569,3.00,1.50
2011.06.27 02:54:20.749,0.7951,0.79563,2.25,1.50
2011.06.27 02:54:21.019,0.79513,0.79558,2.25,1.50
2011.06.27 02:54:21.129,0.79513,0.79562,2.25,1.50
2011.06.27 02:54:21.509,0.79513,0.79559,2.25,1.50
2011.06.27 02:54:22.051,0.79512,0.79559,2.25,1.50
2011.06.27 02:54:23.880,0.79512,0.79554,3.00,1.50
2011.06.27 02:54:27.839,0.79512,0.79559,2.25,1.50
2011.06.27 02:54:36.030,0.79514,0.79559,2.25,1.50
2011.06.27 02:54:37.630,0.79514,0.79559,2.25,1.50
2011.06.27 02:54:37.909,0.79514,0.79559,3.00,1.50
2011.06.27 02:54:38.908,0.79514,0.79564,3.00,1.50
2011.06.27 02:54:40.160,0.79514,0.79564,3.00,1.50
2011.06.27 02:54:43.109,0.79514,0.79562,2.25,1.50
2011.06.27 02:54:43.329,0.79511,0.79562,1.50,1.50
2011.06.27 02:54:43.631,0.79511,0.79563,1.50,1.50
2011.06.27 02:54:44.099,0.79509,0.79563,3.00,1.50
2011.06.27 02:54:45.781,0.79509,0.79559,3.00,1.50
2011.06.27 02:54:49.048,0.79509,0.7956,3.75,1.50
2011.06.27 02:54:50.862,0.79509,0.7956,3.75,1.50
2011.06.27 02:54:52.182,0.79509,0.79563,3.75,1.50
2011.06.27 02:54:53.673,0.79509,0.7956,3.75,1.50
2011.06.27 02:54:59.947,0.79512,0.79563,1.50,1.50
2011.06.27 02:55:02.562,0.79509,0.79563,3.75,1.50
2011.06.27 02:55:04.680,0.7951,0.79563,1.50,1.50
2011.06.27 02:55:04.790,0.7951,0.79559,1.50,1.50
2011.06.27 02:55:04.981,0.7951,0.79563,1.50,1.50
2011.06.27 02:55:05.201,0.7951,0.79559,1.50,1.50
2011.06.27 02:55:08.893,0.79509,0.79563,3.00,1.50
2011.06.27 02:55:12.120,0.79509,0.79559,3.00,1.50
2011.06.27 02:55:14.690,0.79509,0.79563,3.00,1.50
2011.06.27 02:55:17.670,0.79511,0.79563,1.50,1.50
2011.06.27 02:55:18.159,0.79513,0.79562,3.00,1.35
2011.06.27 02:55:18.611,0.79506,0.79558,3.00,3.60
2011.06.27 02:55:20.729,0.79506,0.79558,3.00,4.35
2011.06.27 02:55:20.839,0.79506,0.79554,3.00,1.50
2011.06.27 02:55:33.879,0.79503,0.79554,1.50,3.00
2011.06.27 02:55:35.162,0.79503,0.79554,1.50,3.00
2011.06.27 02:55:35.270,0.79503,0.79554,1.50,3.00
2011.06.27 02:55:39.828,0.79502,0.79553,3.60,1.50
2011.06.27 02:55:40.491,0.79507,0.79554,3.60,3.00
2011.06.27 02:55:40.850,0.7951,0.79558,3.60,1.50
2011.06.27 02:55:42.851,0.79513,0.79559,1.35,1.50
2011.06.27 02:55:43.381,0.79513,0.79559,1.35,1.50
2011.06.27 02:55:43.841,0.79511,0.79559,1.35,1.50
2011.06.27 02:55:51.831,0.7951,0.79559,3.60,1.50
2011.06.27 02:55:51.940,0.7951,0.79559,3.00,1.50
2011.06.27 02:55:54.710,0.7951,0.79561,3.00,1.50
2011.06.27 02:55:54.931,0.79511,0.79558,2.25,1.50
2011.06.27 02:55:55.841,0.79511,0.79555,2.25,1.50
2011.06.27 02:55:56.904,0.79511,0.79555,3.00,1.50
2011.06.27 02:55:59.141,0.79511,0.79559,3.00,1.50
2011.06.27 02:55:59.250,0.79511,0.79554,3.00,1.50
2011.06.27 02:55:59.881,0.79511,0.79558,3.00,1.50
2011.06.27 02:55:59.991,0.79511,0.79554,3.00,1.50
2011.06.27 02:56:00.911,0.79511,0.79559,3.00,1.50
2011.06.27 02:56:08.240,0.79511,0.79559,3.60,1.50
2011.06.27 02:56:08.350,0.79515,0.79559,2.85,1.50
2011.06.27 02:56:09.480,0.79515,0.7956,2.85,1.50
2011.06.27 02:56:15.807,0.79516,0.79564,1.35,1.50
2011.06.27 02:56:17.402,0.79515,0.7956,2.85,1.50
2011.06.27 02:56:17.771,0.79515,0.79559,2.85,1.50
2011.06.27 02:56:18.761,0.79518,0.79563,2.25,1.50
2011.06.27 02:56:18.870,0.79521,0.79563,2.25,1.50
2011.06.27 02:56:19.090,0.79521,0.79566,2.25,1.35
2011.06.27 02:56:19.420,0.79518,0.79565,2.25,1.35
2011.06.27 02:56:20.520,0.79514,0.79564,3.00,1.35
2011.06.27 02:56:20.900,0.79514,0.79564,3.00,1.35
2011.06.27 02:56:23.822,0.79514,0.79564,3.00,2.10
2011.06.27 02:56:24.510,0.79514,0.79563,3.00,1.50
2011.06.27 02:56:26.862,0.79514,0.79563,3.00,1.35
2011.06.27 02:56:27.633,0.79511,0.79563,1.50,1.35
2011.06.27 02:56:28.441,0.79511,0.79563,1.50,1.35
2011.06.27 02:56:31.852,0.79511,0.7956,1.50,1.50
2011.06.27 02:56:35.761,0.79511,0.79563,1.50,2.10
2011.06.27 02:56:39.114,0.79511,0.7956,1.50,1.50
2011.06.27 02:56:40.324,0.79511,0.79563,1.50,2.10
2011.06.27 02:56:40.437,0.79512,0.79563,1.50,2.10
2011.06.27 02:56:40.551,0.79511,0.79563,1.50,2.10
2011.06.27 02:56:41.537,0.79511,0.7956,1.50,1.50
2011.06.27 02:56:43.881,0.79511,0.7956,1.50,1.50
2011.06.27 02:56:47.036,0.79511,0.7956,1.50,1.50
2011.06.27 02:56:47.800,0.7951,0.79563,3.75,2.10
2011.06.27 02:56:48.263,0.79517,0.79563,2.25,1.35
2011.06.27 02:56:48.370,0.79514,0.79563,2.25,1.35
2011.06.27 02:56:48.549,0.79509,0.79561,2.25,3.00
2011.06.27 02:56:49.347,0.79509,0.79561,3.00,3.00
2011.06.27 02:56:49.563,0.79509,0.79561,3.00,3.00
2011.06.27 02:56:49.671,0.79509,0.79561,3.00,3.00
2011.06.27 02:56:49.881,0.79509,0.79561,3.75,3.00
2011.06.27 02:56:50.871,0.79509,0.79559,3.75,1.50
2011.06.27 02:56:52.520,0.79513,0.79558,2.25,1.35
2011.06.27 02:56:54.882,0.79513,0.79559,3.75,1.35
2011.06.27 02:56:55.740,0.79513,0.79561,3.75,1.35
2011.06.27 02:56:58.783,0.79513,0.79561,3.75,1.35
2011.06.27 02:56:59.001,0.79514,0.79564,1.50,1.50
2011.06.27 02:56:59.372,0.79517,0.79564,2.25,1.50
2011.06.27 02:56:59.492,0.79517,0.79564,3.00,1.50
2011.06.27 02:57:02.524,0.79517,0.79565,3.75,1.50
2011.06.27 02:57:04.431,0.79517,0.79565,3.75,1.50
2011.06.27 02:57:05.650,0.79517,0.79564,3.00,1.50
2011.06.27 02:57:06.373,0.79517,0.79563,3.00,1.50
2011.06.27 02:57:08.557,0.79517,0.79566,3.00,1.35
2011.06.27 02:57:08.942,0.79517,0.79566,2.25,2.10
2011.06.27 02:57:10.760,0.79517,0.79564,2.25,1.50
2011.06.27 02:57:12.941,0.79517,0.79566,3.00,1.35
2011.06.27 02:57:15.641,0.79517,0.79563,3.00,1.50
2011.06.27 02:57:17.067,0.79517,0.79566,3.00,1.35
2011.06.27 02:57:27.301,0.79517,0.79566,3.75,1.35
2011.06.27 02:57:28.511,0.79517,0.79566,3.00,1.35
2011.06.27 02:57:29.640,0.79517,0.79566,3.75,1.35
2011.06.27 02:57:30.393,0.79517,0.79566,3.75,1.35
2011.06.27 02:57:30.933,0.79517,0.79566,3.00,1.35
2011.06.27 02:57:32.142,0.79517,0.79566,3.75,1.35
2011.06.27 02:57:32.251,0.79517,0.79565,3.00,1.50
2011.06.27 02:57:33.351,0.79517,0.79564,2.25,1.50
2011.06.27 02:57:34.661,0.79517,0.79566,3.00,1.35
2011.06.27 02:57:35.020,0.79513,0.79565,3.75,3.00
2011.06.27 02:57:36.101,0.79513,0.79564,3.75,1.50
2011.06.27 02:57:36.213,0.79513,0.79565,3.75,3.00
2011.06.27 02:57:36.324,0.79513,0.79564,3.75,1.50
2011.06.27 02:57:37.853,0.79513,0.79561,3.75,1.50
2011.06.27 02:57:38.850,0.79513,0.79564,3.75,1.50
2011.06.27 02:57:41.051,0.79513,0.79564,3.75,1.50
2011.06.27 02:57:41.494,0.79515,0.79564,1.50,1.50
2011.06.27 02:57:42.701,0.79517,0.79566,2.25,2.10
2011.06.27 02:57:43.914,0.79517,0.79566,3.00,2.10
2011.06.27 02:57:47.852,0.79517,0.79566,3.00,1.35
2011.06.27 02:57:49.336,0.79517,0.79566,2.25,2.10
2011.06.27 02:58:00.970,0.79521,0.79569,1.35,3.75
2011.06.27 02:58:02.871,0.79521,0.79571,1.35,1.50
2011.06.27 02:58:03.871,0.79523,0.79572,1.35,1.35
2011.06.27 02:58:05.141,0.79523,0.79572,1.35,1.35
2011.06.27 02:58:13.771,0.79521,0.79572,2.10,2.10
2011.06.27 02:58:18.235,0.79523,0.79574,1.35,3.00
2011.06.27 02:58:19.010,0.79519,0.79569,1.50,3.75
2011.06.27 02:58:20.106,0.79519,0.79569,1.50,3.75
2011.06.27 02:58:20.911,0.79519,0.79567,1.50,1.50
2011.06.27 02:58:22.000,0.79517,0.79567,3.75,1.50
2011.06.27 02:58:22.412,0.79517,0.79566,3.00,1.50
2011.06.27 02:58:25.271,0.79517,0.79568,3.75,1.50
2011.06.27 02:58:25.796,0.79521,0.79568,3.00,1.50
2011.06.27 02:58:26.371,0.79518,0.79568,1.50,1.50
2011.06.27 02:58:27.872,0.79518,0.79566,1.50,1.50
2011.06.27 02:58:30.211,0.7952,0.79565,3.00,2.25
2011.06.27 02:58:30.382,0.79523,0.79569,2.25,1.50
2011.06.27 02:58:30.666,0.79523,0.79569,2.25,1.50
2011.06.27 02:58:32.821,0.79523,0.79569,3.00,1.50
2011.06.27 02:58:35.010,0.79523,0.79569,2.25,1.50
2011.06.27 02:58:36.451,0.79526,0.79569,2.25,1.50
2011.06.27 02:58:36.561,0.79526,0.79569,2.25,1.50
2011.06.27 02:58:36.670,0.79514,0.79565,3.60,3.00
2011.06.27 02:58:36.890,0.79518,0.79569,3.00,3.75
2011.06.27 02:58:37.000,0.79518,0.79569,3.00,3.75
2011.06.27 02:58:37.373,0.79516,0.79564,1.50,2.25
2011.06.27 02:58:37.892,0.79517,0.79564,1.50,3.00
2011.06.27 02:58:38.585,0.79517,0.79564,1.50,3.00
2011.06.27 02:58:39.822,0.79516,0.79564,1.50,3.00
2011.06.27 02:58:43.765,0.79516,0.79564,1.50,3.00
2011.06.27 02:58:44.446,0.79518,0.79568,2.25,1.50
2011.06.27 02:58:44.872,0.79518,0.79568,2.25,1.50
2011.06.27 02:58:45.625,0.79518,0.79569,3.00,3.00
2011.06.27 02:58:49.220,0.79518,0.79569,3.00,3.00
2011.06.27 02:58:49.440,0.79515,0.79564,3.00,3.00
2011.06.27 02:58:50.355,0.79515,0.79564,2.25,3.00
2011.06.27 02:58:50.960,0.79515,0.79564,2.25,3.00
2011.06.27 02:58:51.960,0.79515,0.79564,3.00,3.00
2011.06.27 02:58:55.250,0.79515,0.7956,2.25,1.50
2011.06.27 02:58:55.360,0.79511,0.79559,2.25,3.00
2011.06.27 02:58:56.862,0.79511,0.79559,3.00,3.00
2011.06.27 02:58:58.836,0.79511,0.79559,2.25,3.00
2011.06.27 02:59:00.652,0.79511,0.79559,3.00,3.00
2011.06.27 02:59:01.382,0.79511,0.79559,2.25,3.00
2011.06.27 02:59:01.599,0.79506,0.79554,3.75,3.75
2011.06.27 02:59:01.820,0.79506,0.79549,1.50,2.25
2011.06.27 02:59:01.930,0.79501,0.79549,3.75,2.25
2011.06.27 02:59:02.151,0.79496,0.79545,1.50,2.25
2011.06.27 02:59:03.915,0.79496,0.79545,1.50,3.00
2011.06.27 02:59:05.882,0.79495,0.79545,2.10,3.00
2011.06.27 02:59:10.071,0.79495,0.79545,2.10,2.25
2011.06.27 02:59:30.183,0.79495,0.79545,1.35,3.00
2011.06.27 02:59:33.481,0.79495,0.79545,2.10,2.25
2011.06.27 02:59:36.453,0.79495,0.79545,2.10,3.00
2011.06.27 02:59:40.311,0.79496,0.79545,1.50,3.00
2011.06.27 02:59:40.420,0.79499,0.79548,2.25,3.00
2011.06.27 02:59:42.831,0.79499,0.79548,3.00,3.00
2011.06.27 02:59:46.845,0.79499,0.79548,3.00,2.25
2011.06.27 02:59:52.741,0.79499,0.79548,3.00,3.00
2011.06.27 02:59:53.731,0.79495,0.79544,3.60,2.25
2011.06.27 02:59:54.940,0.79502,0.79548,3.00,3.75
2011.06.27 02:59:55.872,0.79502,0.79548,3.00,3.00
2011.06.27 02:59:57.082,0.79502,0.79548,2.25,3.00
2011.06.27 02:59:57.300,0.79499,0.79545,1.50,2.25
2011.06.27 02:59:58.451,0.79497,0.79545,3.75,3.00
2011.06.27 02:59:59.940,0.79497,0.79545,3.00,3.00
