2012.02.22 09:00:00.489,0.83051,0.83082,2.25,2.25
2012.02.22 09:00:00.603,0.83051,0.83082,2.25,3.00
2012.02.22 09:00:03.236,0.83051,0.83082,2.25,2.25
2012.02.22 09:00:04.557,0.83051,0.83082,2.25,3.00
2012.02.22 09:00:04.621,0.83051,0.83082,2.25,2.25
2012.02.22 09:00:06.605,0.83051,0.83082,2.25,3.00
2012.02.22 09:00:06.863,0.83051,0.83082,2.25,2.25
2012.02.22 09:00:07.144,0.83051,0.83082,2.25,3.00
2012.02.22 09:00:07.963,0.83051,0.83082,2.25,2.25
2012.02.22 09:00:09.014,0.83051,0.83082,2.25,3.00
2012.02.22 09:00:20.315,0.83056,0.83085,2.25,3.00
2012.02.22 09:00:20.474,0.83056,0.83085,2.25,3.00
2012.02.22 09:00:20.694,0.83051,0.83082,2.25,2.25
2012.02.22 09:00:21.228,0.83051,0.83082,3.00,2.25
2012.02.22 09:00:21.416,0.8306,0.83095,2.25,3.19
2012.02.22 09:00:22.155,0.8306,0.83095,2.25,3.57
2012.02.22 09:00:22.282,0.83057,0.8309,2.25,3.00
2012.02.22 09:00:23.807,0.83057,0.8309,2.25,3.00
2012.02.22 09:00:27.391,0.83057,0.8309,2.25,3.00
2012.02.22 09:00:27.463,0.83061,0.83094,2.25,3.00
2012.02.22 09:00:29.595,0.83061,0.83094,2.25,3.00
2012.02.22 09:00:29.925,0.83061,0.83094,2.25,3.00
2012.02.22 09:00:30.043,0.83064,0.831,2.25,3.19
2012.02.22 09:00:30.850,0.83062,0.83091,2.25,3.00
2012.02.22 09:00:31.034,0.83064,0.83098,2.25,1.50
2012.02.22 09:00:31.283,0.83061,0.83092,2.25,3.00
2012.02.22 09:00:34.356,0.83066,0.83095,2.25,3.00
2012.02.22 09:00:35.007,0.83065,0.83096,2.25,3.00
2012.02.22 09:00:36.881,0.83065,0.83096,2.25,3.00
2012.02.22 09:00:38.213,0.83065,0.83096,2.25,3.00
2012.02.22 09:00:40.748,0.83065,0.83096,2.25,3.00
2012.02.22 09:00:42.674,0.83065,0.83096,2.25,3.00
2012.02.22 09:00:43.391,0.83065,0.83096,2.25,3.00
2012.02.22 09:00:51.796,0.83065,0.83096,2.25,3.00
2012.02.22 09:00:52.474,0.83068,0.83104,2.25,3.19
2012.02.22 09:00:53.968,0.83068,0.83104,2.25,3.00
2012.02.22 09:00:55.115,0.83068,0.83104,2.25,3.00
2012.02.22 09:00:59.837,0.83064,0.831,2.25,3.00
2012.02.22 09:01:07.211,0.83064,0.831,2.25,3.19
2012.02.22 09:01:14.045,0.83064,0.831,2.25,3.19
2012.02.22 09:01:14.397,0.83071,0.83102,2.25,3.00
2012.02.22 09:01:15.014,0.83066,0.83098,2.25,3.00
2012.02.22 09:01:18.802,0.83066,0.83098,2.25,3.00
2012.02.22 09:01:18.963,0.83064,0.831,2.44,3.00
2012.02.22 09:01:19.028,0.83057,0.8309,2.48,3.00
2012.02.22 09:01:19.429,0.83061,0.83092,2.25,2.25
2012.02.22 09:01:19.691,0.83061,0.83092,2.25,3.00
2012.02.22 09:01:20.029,0.83066,0.83095,2.25,3.19
2012.02.22 09:01:20.625,0.83066,0.83095,2.25,3.19
2012.02.22 09:01:20.695,0.83066,0.83095,3.00,2.25
2012.02.22 09:01:20.877,0.83066,0.83095,2.25,3.00
2012.02.22 09:01:21.363,0.83059,0.83093,2.85,3.00
2012.02.22 09:01:26.095,0.8306,0.83093,1.35,3.00
2012.02.22 09:01:26.531,0.83059,0.83093,2.85,3.00
2012.02.22 09:01:27.648,0.83059,0.83093,2.25,3.00
2012.02.22 09:01:28.336,0.83055,0.83089,3.19,3.00
2012.02.22 09:01:28.626,0.83058,0.83094,3.00,3.19
2012.02.22 09:01:29.374,0.83065,0.83096,2.25,3.00
2012.02.22 09:01:32.158,0.83065,0.83096,2.25,3.00
2012.02.22 09:01:33.586,0.83065,0.83096,2.25,3.00
2012.02.22 09:01:33.820,0.83065,0.83096,2.25,3.00
2012.02.22 09:01:34.171,0.83059,0.83093,2.44,3.00
2012.02.22 09:01:34.768,0.83059,0.83093,2.44,3.00
2012.02.22 09:01:36.377,0.83059,0.83093,2.25,3.00
2012.02.22 09:01:39.658,0.83068,0.831,2.25,1.35
2012.02.22 09:01:40.387,0.83068,0.831,2.25,1.35
2012.02.22 09:01:40.659,0.83068,0.831,2.25,1.35
2012.02.22 09:01:41.427,0.83059,0.83093,2.25,1.73
2012.02.22 09:01:41.512,0.83054,0.83084,3.00,2.25
2012.02.22 09:01:41.757,0.83054,0.83084,2.25,3.00
2012.02.22 09:01:44.256,0.83054,0.83084,2.44,3.00
2012.02.22 09:01:44.929,0.83058,0.83088,2.25,2.25
2012.02.22 09:01:46.422,0.83058,0.83088,2.25,3.00
2012.02.22 09:01:47.053,0.83051,0.83086,3.19,2.63
2012.02.22 09:01:47.166,0.83051,0.83082,2.25,1.13
2012.02.22 09:01:47.244,0.83044,0.83077,2.44,2.25
2012.02.22 09:01:47.516,0.83044,0.83077,3.19,2.25
2012.02.22 09:01:47.703,0.83051,0.83086,3.00,2.44
2012.02.22 09:01:47.794,0.83051,0.83086,2.25,3.19
2012.02.22 09:01:48.475,0.83051,0.83086,3.00,2.44
2012.02.22 09:01:48.783,0.83057,0.83089,2.25,3.60
2012.02.22 09:01:49.124,0.83048,0.83081,3.75,2.25
2012.02.22 09:01:50.152,0.83053,0.83085,3.00,2.25
2012.02.22 09:01:51.352,0.83053,0.83085,2.25,3.00
2012.02.22 09:01:52.072,0.83053,0.83085,3.00,2.25
2012.02.22 09:01:52.134,0.83053,0.83085,2.25,3.00
2012.02.22 09:01:52.206,0.83053,0.83085,3.00,2.25
2012.02.22 09:01:53.396,0.83053,0.83085,2.25,3.00
2012.02.22 09:01:55.263,0.83053,0.83085,3.00,2.25
2012.02.22 09:01:55.436,0.83053,0.83085,2.25,3.00
2012.02.22 09:01:57.900,0.83053,0.83085,3.00,2.25
2012.02.22 09:01:58.020,0.83057,0.83088,3.00,1.35
2012.02.22 09:01:58.269,0.83053,0.83085,2.44,3.00
2012.02.22 09:01:59.027,0.83058,0.83088,2.25,3.00
2012.02.22 09:01:59.138,0.83051,0.83086,2.85,3.19
2012.02.22 09:01:59.956,0.83051,0.83086,2.25,3.19
2012.02.22 09:02:00.645,0.83051,0.83086,3.00,2.25
2012.02.22 09:02:00.740,0.83051,0.83086,2.25,3.00
2012.02.22 09:02:02.538,0.83051,0.83086,2.63,3.00
2012.02.22 09:02:02.846,0.83048,0.83078,2.63,2.25
2012.02.22 09:02:03.034,0.83052,0.83085,2.25,3.00
2012.02.22 09:02:04.707,0.83052,0.83085,2.25,2.25
2012.02.22 09:02:04.863,0.83052,0.83085,2.25,3.00
2012.02.22 09:02:05.148,0.83052,0.83085,3.00,2.25
2012.02.22 09:02:06.208,0.83052,0.83085,2.25,3.00
2012.02.22 09:02:09.871,0.83052,0.83085,3.00,2.25
2012.02.22 09:02:09.943,0.83052,0.83084,2.25,1.13
2012.02.22 09:02:10.886,0.83044,0.83074,1.13,2.25
2012.02.22 09:02:11.581,0.83052,0.83081,2.25,2.44
2012.02.22 09:02:11.648,0.83046,0.83077,3.00,2.25
2012.02.22 09:02:11.898,0.8304,0.83074,3.19,2.25
2012.02.22 09:02:12.119,0.8304,0.83074,2.25,3.00
2012.02.22 09:02:12.184,0.8304,0.83072,2.25,1.35
2012.02.22 09:02:12.253,0.83036,0.83067,2.25,2.25
2012.02.22 09:02:12.442,0.83042,0.83071,2.25,2.44
2012.02.22 09:02:13.180,0.83037,0.83066,2.25,2.25
2012.02.22 09:02:14.586,0.83039,0.83074,2.25,1.54
2012.02.22 09:02:15.155,0.83039,0.83075,3.00,3.75
2012.02.22 09:02:15.228,0.83049,0.83081,2.25,2.29
2012.02.22 09:02:15.623,0.83049,0.83084,2.25,1.50
2012.02.22 09:02:15.842,0.83046,0.83077,3.00,2.25
2012.02.22 09:02:17.241,0.83046,0.83077,2.25,3.00
2012.02.22 09:02:17.328,0.83041,0.83075,1.54,2.25
2012.02.22 09:02:17.397,0.83041,0.83072,3.79,2.25
2012.02.22 09:02:17.523,0.83041,0.83072,2.25,2.25
2012.02.22 09:02:17.761,0.83036,0.83067,3.19,2.25
2012.02.22 09:02:18.792,0.83036,0.83067,3.00,2.25
2012.02.22 09:02:20.820,0.8304,0.83067,1.13,2.25
2012.02.22 09:02:20.959,0.83055,0.83081,2.25,1.32
2012.02.22 09:02:21.086,0.83055,0.83079,2.25,1.50
2012.02.22 09:02:21.153,0.83042,0.83075,3.00,2.44
2012.02.22 09:02:24.176,0.83037,0.83069,3.00,2.44
2012.02.22 09:02:24.481,0.83037,0.83069,3.00,3.00
2012.02.22 09:02:24.804,0.83037,0.83069,3.00,2.44
2012.02.22 09:02:28.654,0.83037,0.83069,3.00,3.00
2012.02.22 09:02:29.069,0.83029,0.8306,3.19,2.25
2012.02.22 09:02:30.964,0.83029,0.8306,3.19,2.25
2012.02.22 09:02:31.033,0.83035,0.83072,3.00,2.25
2012.02.22 09:02:31.104,0.83035,0.83075,3.00,1.35
2012.02.22 09:02:31.475,0.83034,0.83077,3.00,3.00
2012.02.22 09:02:32.074,0.83034,0.83077,3.19,2.44
2012.02.22 09:02:32.717,0.83034,0.83077,3.19,2.25
2012.02.22 09:02:32.784,0.83034,0.83077,3.19,2.25
2012.02.22 09:02:32.890,0.83037,0.83077,1.13,2.25
2012.02.22 09:02:33.747,0.83043,0.83084,2.25,3.38
2012.02.22 09:02:33.830,0.83041,0.83076,3.38,2.25
2012.02.22 09:02:34.125,0.83041,0.83076,2.25,3.38
2012.02.22 09:02:35.457,0.83041,0.83076,3.00,2.63
2012.02.22 09:02:36.106,0.83052,0.83083,2.25,1.13
2012.02.22 09:02:36.333,0.83044,0.83077,2.44,2.25
2012.02.22 09:02:37.148,0.83044,0.83077,3.19,2.25
2012.02.22 09:02:37.218,0.83044,0.83077,2.25,2.25
2012.02.22 09:02:37.432,0.83044,0.83077,3.00,2.25
2012.02.22 09:02:37.661,0.83044,0.83077,2.25,2.25
2012.02.22 09:02:38.343,0.83044,0.83077,3.00,2.25
2012.02.22 09:02:39.259,0.83044,0.83077,2.25,2.25
2012.02.22 09:02:39.320,0.83044,0.83077,3.00,2.25
2012.02.22 09:02:39.801,0.83044,0.83077,2.25,2.25
2012.02.22 09:02:40.013,0.83048,0.83081,2.25,3.00
2012.02.22 09:02:41.402,0.83043,0.83075,3.38,2.25
2012.02.22 09:02:41.474,0.83043,0.83075,2.25,3.00
2012.02.22 09:02:42.379,0.83043,0.83075,3.00,2.25
2012.02.22 09:02:42.984,0.83043,0.83075,2.25,3.00
2012.02.22 09:02:43.181,0.83043,0.83075,2.25,3.00
2012.02.22 09:02:43.396,0.83037,0.8307,1.13,3.00
2012.02.22 09:02:44.145,0.83035,0.8307,3.79,3.00
2012.02.22 09:02:44.819,0.83035,0.8307,3.79,2.25
2012.02.22 09:02:44.888,0.8304,0.83074,2.25,3.19
2012.02.22 09:02:44.994,0.8304,0.83074,2.25,3.19
2012.02.22 09:02:45.088,0.8304,0.83074,3.00,2.44
2012.02.22 09:02:45.386,0.8304,0.83074,3.19,2.25
2012.02.22 09:02:45.515,0.83047,0.83076,2.25,2.25
2012.02.22 09:02:45.808,0.83042,0.83073,3.00,2.25
2012.02.22 09:02:46.380,0.83042,0.83073,3.00,2.25
2012.02.22 09:02:46.480,0.83047,0.83076,2.25,2.25
2012.02.22 09:02:48.426,0.83043,0.83072,3.00,2.25
2012.02.22 09:02:48.496,0.83046,0.83077,3.00,2.25
2012.02.22 09:02:48.752,0.83046,0.83077,2.25,3.00
2012.02.22 09:02:48.821,0.83042,0.83073,3.00,3.00
2012.02.22 09:02:49.007,0.83047,0.83076,2.25,3.00
2012.02.22 09:02:49.135,0.83047,0.83076,2.25,2.25
2012.02.22 09:02:49.229,0.83043,0.83072,3.00,2.25
2012.02.22 09:02:50.277,0.83043,0.83072,2.25,2.25
2012.02.22 09:02:50.528,0.83036,0.83069,4.35,2.25
2012.02.22 09:02:50.868,0.8304,0.83074,3.00,2.44
2012.02.22 09:02:54.907,0.83043,0.83079,3.19,3.00
2012.02.22 09:02:55.030,0.83048,0.83083,2.25,3.19
2012.02.22 09:02:56.951,0.83048,0.83083,2.25,3.19
2012.02.22 09:02:57.774,0.83048,0.83083,2.25,3.19
2012.02.22 09:03:00.145,0.83043,0.83079,2.44,3.00
2012.02.22 09:03:00.473,0.83043,0.83079,3.19,3.00
2012.02.22 09:03:01.975,0.83043,0.83079,2.44,3.00
2012.02.22 09:03:02.860,0.83043,0.83079,3.19,3.00
2012.02.22 09:03:05.354,0.83043,0.83079,2.44,3.00
2012.02.22 09:03:05.423,0.83043,0.83079,2.25,3.19
2012.02.22 09:03:06.092,0.83049,0.83082,2.25,3.75
2012.02.22 09:03:06.433,0.83041,0.83063,2.44,1.13
2012.02.22 09:03:06.623,0.83026,0.83059,3.00,3.00
2012.02.22 09:03:06.714,0.83026,0.83059,2.25,3.00
2012.02.22 09:03:06.780,0.83023,0.83059,3.23,3.00
2012.02.22 09:03:06.887,0.83024,0.83059,1.13,3.00
2012.02.22 09:03:08.382,0.83025,0.83058,1.13,1.35
2012.02.22 09:03:08.603,0.8303,0.83058,2.25,1.35
2012.02.22 09:03:08.733,0.83027,0.83056,2.44,2.25
2012.02.22 09:03:24.516,0.83026,0.83057,3.00,2.25
2012.02.22 09:03:24.702,0.8302,0.83054,3.19,2.25
2012.02.22 09:03:25.216,0.8302,0.83054,3.19,2.25
2012.02.22 09:03:25.344,0.83028,0.83057,2.25,2.44
2012.02.22 09:03:26.502,0.83028,0.83057,2.25,2.25
2012.02.22 09:03:33.996,0.83028,0.83057,2.25,3.00
2012.02.22 09:03:34.752,0.8302,0.83054,3.00,3.00
2012.02.22 09:03:35.540,0.8302,0.83054,3.00,3.00
2012.02.22 09:03:35.834,0.8302,0.83054,2.25,3.75
2012.02.22 09:03:36.850,0.8302,0.83054,3.00,3.00
2012.02.22 09:03:36.957,0.8302,0.83054,3.00,3.00
2012.02.22 09:03:37.031,0.8302,0.83054,3.00,3.00
2012.02.22 09:03:37.103,0.8302,0.83054,3.00,2.44
2012.02.22 09:03:37.250,0.8302,0.83054,3.19,2.25
2012.02.22 09:03:37.383,0.83027,0.83058,3.00,2.25
2012.02.22 09:03:40.768,0.83027,0.83058,2.25,3.19
2012.02.22 09:03:40.982,0.83027,0.83058,2.25,3.19
2012.02.22 09:03:41.055,0.83019,0.83055,2.25,3.19
2012.02.22 09:03:41.180,0.83019,0.83055,2.25,3.19
2012.02.22 09:03:42.801,0.83019,0.83055,3.19,2.25
2012.02.22 09:03:43.060,0.83019,0.83055,2.44,3.00
2012.02.22 09:03:48.184,0.83019,0.83055,2.44,3.19
2012.02.22 09:03:50.951,0.83019,0.83055,2.25,3.00
2012.02.22 09:03:51.816,0.83019,0.83055,2.25,3.38
2012.02.22 09:03:51.991,0.83019,0.83055,2.25,3.38
2012.02.22 09:03:53.326,0.83019,0.83055,2.82,3.00
2012.02.22 09:03:53.398,0.83027,0.83056,2.25,1.35
2012.02.22 09:03:53.925,0.83027,0.83058,2.25,3.19
2012.02.22 09:03:55.895,0.83027,0.83058,2.25,3.38
2012.02.22 09:04:00.843,0.83027,0.83058,2.25,3.75
2012.02.22 09:04:00.911,0.8302,0.83054,3.00,2.44
2012.02.22 09:04:01.193,0.8302,0.83054,2.25,3.79
2012.02.22 09:04:02.704,0.8302,0.83054,2.25,3.98
2012.02.22 09:04:06.625,0.8302,0.83054,2.25,4.35
2012.02.22 09:04:06.894,0.83016,0.8305,3.00,3.19
2012.02.22 09:04:08.208,0.83012,0.83045,3.00,3.19
2012.02.22 09:04:09.152,0.83008,0.83041,3.00,2.25
2012.02.22 09:04:12.192,0.83008,0.83041,2.25,3.00
2012.02.22 09:04:14.094,0.83008,0.83041,3.00,2.25
2012.02.22 09:04:15.056,0.83007,0.83042,3.19,2.25
2012.02.22 09:04:15.414,0.83007,0.83042,3.00,3.19
2012.02.22 09:04:16.849,0.83007,0.83042,3.00,2.44
2012.02.22 09:04:17.393,0.83007,0.83042,2.25,3.19
2012.02.22 09:04:19.813,0.83007,0.83042,3.00,3.00
2012.02.22 09:04:19.991,0.83009,0.83042,1.32,2.25
2012.02.22 09:04:20.062,0.83016,0.8305,2.25,3.98
2012.02.22 09:04:20.212,0.83016,0.8305,2.25,4.35
2012.02.22 09:04:20.340,0.83012,0.83045,2.44,2.25
2012.02.22 09:04:20.459,0.83012,0.83045,3.19,2.25
2012.02.22 09:04:20.542,0.83016,0.8305,3.00,3.98
2012.02.22 09:04:25.577,0.83016,0.8305,2.25,3.79
2012.02.22 09:04:26.099,0.83013,0.8305,2.48,3.00
2012.02.22 09:04:26.220,0.83014,0.83048,2.63,3.00
2012.02.22 09:04:26.341,0.83009,0.83049,2.44,1.50
2012.02.22 09:04:26.414,0.83009,0.83049,3.19,1.50
2012.02.22 09:04:27.046,0.83015,0.83042,2.25,1.54
2012.02.22 09:04:27.118,0.83003,0.83039,3.19,3.00
2012.02.22 09:04:34.803,0.83005,0.83039,1.73,2.25
2012.02.22 09:04:34.872,0.83012,0.83047,3.00,3.19
2012.02.22 09:04:39.652,0.8302,0.83049,2.25,1.50
2012.02.22 09:04:39.727,0.83017,0.8305,2.25,3.00
2012.02.22 09:04:42.796,0.83017,0.8305,3.00,2.25
2012.02.22 09:04:44.403,0.83017,0.8305,2.25,3.00
2012.02.22 09:04:44.683,0.83017,0.8305,3.00,2.25
2012.02.22 09:04:56.434,0.83017,0.8305,2.25,3.00
2012.02.22 09:04:59.964,0.83017,0.8305,2.25,3.19
2012.02.22 09:05:00.549,0.83017,0.8305,2.25,3.19
2012.02.22 09:05:08.195,0.83017,0.83048,2.25,1.13
2012.02.22 09:05:08.775,0.83008,0.83047,2.82,1.13
2012.02.22 09:05:08.843,0.83008,0.83047,2.44,1.13
2012.02.22 09:05:08.915,0.83013,0.83045,2.25,3.19
2012.02.22 09:05:10.417,0.83013,0.83043,2.25,1.13
2012.02.22 09:05:10.726,0.83017,0.83048,2.25,3.19
2012.02.22 09:05:10.794,0.83017,0.83048,2.25,2.44
2012.02.22 09:05:11.308,0.83017,0.83048,2.25,2.25
2012.02.22 09:05:11.425,0.83017,0.83048,2.25,3.00
2012.02.22 09:05:11.645,0.83017,0.83048,2.25,3.00
2012.02.22 09:05:12.536,0.83017,0.83048,2.25,3.00
2012.02.22 09:05:13.926,0.83017,0.83048,2.25,3.00
2012.02.22 09:05:14.586,0.83023,0.83052,2.25,2.44
2012.02.22 09:05:15.544,0.83023,0.83052,2.25,3.00
2012.02.22 09:05:15.804,0.83023,0.83052,2.25,2.25
2012.02.22 09:05:15.874,0.83023,0.83052,2.25,3.00
2012.02.22 09:05:16.085,0.83017,0.83048,2.25,3.00
2012.02.22 09:05:16.671,0.83017,0.83048,2.25,3.00
2012.02.22 09:05:16.855,0.83017,0.83048,2.25,2.25
2012.02.22 09:05:17.301,0.83017,0.83048,2.25,3.00
2012.02.22 09:05:17.412,0.83017,0.83048,2.25,2.25
2012.02.22 09:05:24.965,0.83023,0.83052,2.25,3.19
2012.02.22 09:05:25.267,0.83023,0.83051,2.25,1.50
2012.02.22 09:05:25.414,0.83014,0.83044,2.25,3.00
2012.02.22 09:05:26.310,0.83014,0.83044,2.25,2.44
2012.02.22 09:05:28.453,0.83014,0.83044,2.25,3.19
2012.02.22 09:05:28.919,0.83009,0.83039,2.25,3.00
2012.02.22 09:05:29.325,0.83014,0.83044,2.25,3.00
2012.02.22 09:05:30.101,0.83009,0.83039,2.25,3.00
2012.02.22 09:05:30.772,0.83004,0.83036,3.04,3.00
2012.02.22 09:05:31.596,0.83004,0.83036,2.85,3.00
2012.02.22 09:05:32.245,0.83,0.83032,2.44,2.25
2012.02.22 09:05:32.315,0.83,0.83032,2.25,2.25
2012.02.22 09:05:33.108,0.83,0.83032,2.44,2.25
2012.02.22 09:05:33.755,0.83005,0.83036,2.25,1.35
2012.02.22 09:05:36.938,0.83,0.83032,2.25,2.25
2012.02.22 09:05:37.737,0.83,0.83032,2.25,3.00
2012.02.22 09:05:38.501,0.83,0.83032,2.25,3.00
2012.02.22 09:05:38.621,0.82996,0.83027,2.63,3.00
2012.02.22 09:05:39.227,0.82996,0.83027,2.25,3.00
2012.02.22 09:05:39.375,0.82996,0.83027,3.00,2.25
2012.02.22 09:05:39.723,0.82996,0.83027,3.75,2.25
2012.02.22 09:05:40.325,0.83001,0.83032,2.25,3.00
2012.02.22 09:05:45.472,0.83001,0.83032,2.25,2.25
2012.02.22 09:05:45.642,0.83005,0.83036,2.25,1.54
2012.02.22 09:05:49.706,0.83005,0.83037,2.25,2.25
2012.02.22 09:05:50.534,0.83008,0.83038,2.25,2.44
2012.02.22 09:05:51.049,0.83008,0.83038,2.25,3.19
2012.02.22 09:05:53.916,0.83008,0.83034,2.25,1.13
2012.02.22 09:05:54.101,0.82997,0.83029,2.25,3.75
2012.02.22 09:05:54.282,0.82991,0.83024,2.25,3.19
2012.02.22 09:05:54.396,0.82991,0.83024,2.85,3.19
2012.02.22 09:05:54.752,0.8299,0.83025,2.25,3.19
2012.02.22 09:05:54.880,0.8299,0.83025,2.25,3.19
2012.02.22 09:05:56.467,0.8299,0.83024,2.25,1.50
2012.02.22 09:05:57.003,0.8299,0.83025,2.25,3.00
2012.02.22 09:05:57.174,0.8299,0.83025,3.00,2.25
2012.02.22 09:05:57.770,0.8299,0.83025,2.25,3.00
2012.02.22 09:05:59.694,0.8299,0.83025,2.63,3.19
2012.02.22 09:05:59.763,0.82992,0.83025,1.13,2.25
2012.02.22 09:05:59.890,0.83001,0.83028,2.25,1.13
2012.02.22 09:06:01.134,0.83001,0.83032,2.25,1.50
2012.02.22 09:06:03.320,0.83001,0.83032,2.25,1.50
2012.02.22 09:06:03.391,0.82991,0.83024,2.25,3.00
2012.02.22 09:06:06.170,0.82997,0.83027,2.25,1.32
2012.02.22 09:06:06.452,0.82997,0.83029,2.25,3.38
2012.02.22 09:06:06.684,0.82997,0.83029,2.25,3.38
2012.02.22 09:06:09.377,0.82997,0.83029,2.25,3.38
2012.02.22 09:06:11.307,0.82997,0.83028,2.25,1.32
2012.02.22 09:06:11.646,0.82993,0.83024,2.25,3.19
2012.02.22 09:06:12.462,0.82992,0.83026,2.25,3.19
2012.02.22 09:06:12.668,0.82992,0.83026,2.25,3.19
2012.02.22 09:06:16.734,0.82992,0.83026,2.44,3.00
2012.02.22 09:06:17.274,0.82997,0.83028,2.25,1.13
2012.02.22 09:06:18.192,0.82997,0.83029,2.25,3.00
2012.02.22 09:06:19.956,0.82997,0.83029,2.25,3.19
2012.02.22 09:06:22.782,0.82997,0.83028,2.25,1.32
2012.02.22 09:06:22.911,0.82991,0.83024,2.25,3.00
2012.02.22 09:06:22.974,0.82991,0.83024,2.25,3.00
2012.02.22 09:06:24.779,0.82991,0.83024,2.25,3.19
2012.02.22 09:06:24.854,0.82997,0.83029,2.25,3.19
2012.02.22 09:06:27.672,0.82997,0.83029,2.25,3.19
2012.02.22 09:06:28.890,0.82997,0.83029,2.25,3.19
2012.02.22 09:06:31.873,0.82997,0.83029,2.25,3.00
2012.02.22 09:06:32.001,0.82997,0.83028,2.25,1.13
2012.02.22 09:06:32.062,0.82991,0.83024,2.44,3.00
2012.02.22 09:06:32.136,0.82991,0.83024,2.44,3.60
2012.02.22 09:06:32.207,0.82991,0.83024,2.25,3.98
2012.02.22 09:06:32.279,0.82991,0.83024,2.25,3.98
2012.02.22 09:06:33.143,0.82992,0.83021,2.25,3.00
2012.02.22 09:06:33.298,0.82986,0.83017,2.25,3.00
2012.02.22 09:06:33.377,0.82986,0.83017,2.44,3.00
2012.02.22 09:06:33.724,0.82995,0.83024,2.25,1.54
2012.02.22 09:06:33.795,0.82986,0.83017,2.44,3.00
2012.02.22 09:06:33.866,0.82986,0.83017,2.25,3.00
2012.02.22 09:06:33.973,0.82992,0.83021,2.25,3.19
2012.02.22 09:06:34.649,0.82997,0.83026,2.25,3.19
2012.02.22 09:06:35.970,0.82997,0.83026,2.25,3.19
2012.02.22 09:06:36.385,0.83009,0.83035,2.25,1.13
2012.02.22 09:06:36.489,0.83006,0.83035,2.25,1.13
2012.02.22 09:06:37.495,0.83,0.83029,2.25,3.19
2012.02.22 09:06:37.753,0.83,0.83029,2.25,3.00
2012.02.22 09:06:37.823,0.83007,0.83034,2.25,1.13
2012.02.22 09:06:38.170,0.83003,0.83034,2.25,1.13
2012.02.22 09:06:38.232,0.83003,0.83034,2.25,1.13
2012.02.22 09:06:38.306,0.83006,0.83034,2.25,1.13
2012.02.22 09:06:39.120,0.83006,0.83038,2.25,1.50
2012.02.22 09:06:40.805,0.82999,0.8303,2.25,3.00
2012.02.22 09:06:41.473,0.83006,0.83035,2.25,1.54
2012.02.22 09:06:42.579,0.83006,0.83035,2.25,1.54
2012.02.22 09:06:42.661,0.83006,0.83037,2.25,1.13
2012.02.22 09:06:42.786,0.8299,0.83019,2.25,3.00
2012.02.22 09:06:43.004,0.82984,0.83015,2.44,2.25
2012.02.22 09:06:43.325,0.8299,0.83019,2.25,3.00
2012.02.22 09:06:44.350,0.8299,0.83019,2.25,3.00
2012.02.22 09:06:44.459,0.8299,0.83019,2.25,3.19
2012.02.22 09:06:46.595,0.82996,0.83028,2.25,2.10
2012.02.22 09:06:47.349,0.82995,0.83024,2.25,3.00
2012.02.22 09:06:48.706,0.82995,0.83024,2.25,3.00
2012.02.22 09:06:48.841,0.82995,0.83023,2.25,1.50
2012.02.22 09:06:49.035,0.8299,0.83019,2.85,3.19
2012.02.22 09:06:49.166,0.8299,0.83019,2.25,3.19
2012.02.22 09:06:49.884,0.82995,0.83024,2.25,3.19
2012.02.22 09:06:49.957,0.82991,0.8302,2.25,3.00
2012.02.22 09:06:50.239,0.82992,0.83025,2.25,1.73
2012.02.22 09:06:51.906,0.82986,0.83015,3.00,3.00
2012.02.22 09:06:51.977,0.82986,0.83015,3.38,2.25
2012.02.22 09:06:52.104,0.82993,0.83025,2.25,1.73
2012.02.22 09:06:52.887,0.82993,0.83025,2.25,1.35
2012.02.22 09:06:52.950,0.82993,0.83025,2.25,1.35
2012.02.22 09:06:53.115,0.82989,0.83022,2.25,3.00
2012.02.22 09:06:53.183,0.82989,0.83022,2.25,3.00
2012.02.22 09:06:53.908,0.82989,0.83022,2.25,3.00
2012.02.22 09:06:54.126,0.82989,0.83022,2.25,3.00
2012.02.22 09:06:54.382,0.82989,0.83022,2.25,3.00
2012.02.22 09:06:55.524,0.82989,0.83022,2.25,3.00
2012.02.22 09:06:57.967,0.82989,0.83022,2.25,3.00
2012.02.22 09:06:59.780,0.82989,0.83022,2.25,3.00
2012.02.22 09:07:00.385,0.82989,0.83022,2.25,3.00
2012.02.22 09:07:00.909,0.82989,0.83022,2.25,3.00
2012.02.22 09:07:01.570,0.82992,0.83025,2.25,1.13
2012.02.22 09:07:01.921,0.82996,0.83031,2.25,1.50
2012.02.22 09:07:02.153,0.82995,0.83024,2.25,3.00
2012.02.22 09:07:02.483,0.82995,0.83024,2.25,3.00
2012.02.22 09:07:03.654,0.82998,0.83029,2.25,3.19
2012.02.22 09:07:03.891,0.82994,0.83025,2.25,3.00
2012.02.22 09:07:05.684,0.82994,0.83025,2.25,3.00
2012.02.22 09:07:06.073,0.82994,0.83025,2.25,3.00
2012.02.22 09:07:07.867,0.82994,0.83025,2.25,3.00
2012.02.22 09:07:08.188,0.82999,0.83028,2.25,3.00
2012.02.22 09:07:08.257,0.82999,0.83028,2.25,3.00
2012.02.22 09:07:08.417,0.82999,0.83027,2.25,1.13
2012.02.22 09:07:08.487,0.82999,0.83027,2.25,1.13
2012.02.22 09:07:08.560,0.82987,0.83024,1.32,3.00
2012.02.22 09:07:08.626,0.82996,0.83027,2.25,1.13
2012.02.22 09:07:09.221,0.82996,0.83028,2.25,1.13
2012.02.22 09:07:10.269,0.82996,0.83029,2.25,3.19
2012.02.22 09:07:11.079,0.82987,0.83028,3.00,3.00
2012.02.22 09:07:11.155,0.82989,0.83024,2.44,3.00
2012.02.22 09:07:11.429,0.82985,0.8302,2.85,3.00
2012.02.22 09:07:11.646,0.82985,0.8302,3.23,3.00
2012.02.22 09:07:12.783,0.82992,0.83024,2.25,3.19
2012.02.22 09:07:13.115,0.82989,0.83018,2.25,3.00
2012.02.22 09:07:14.695,0.82986,0.8302,2.25,1.50
2012.02.22 09:07:14.828,0.82986,0.83022,2.44,3.00
2012.02.22 09:07:14.895,0.8299,0.83021,2.25,3.00
2012.02.22 09:07:16.141,0.82996,0.83026,2.25,1.13
2012.02.22 09:07:18.208,0.82996,0.83025,2.25,1.50
2012.02.22 09:07:18.380,0.82988,0.83023,2.25,3.19
2012.02.22 09:07:18.680,0.82988,0.83023,2.25,3.19
2012.02.22 09:07:19.613,0.82988,0.83023,2.25,3.75
2012.02.22 09:07:21.275,0.82987,0.83021,2.25,3.00
2012.02.22 09:07:21.910,0.82987,0.83021,2.25,3.00
2012.02.22 09:07:21.973,0.82987,0.83021,2.25,3.00
2012.02.22 09:07:22.110,0.82994,0.83025,2.25,3.19
2012.02.22 09:07:23.444,0.82994,0.83025,2.25,3.00
2012.02.22 09:07:23.783,0.82994,0.83025,2.25,3.00
2012.02.22 09:07:23.913,0.82994,0.83025,2.25,3.19
2012.02.22 09:07:23.992,0.82994,0.83025,2.25,3.19
2012.02.22 09:07:25.418,0.82994,0.83025,2.25,3.00
2012.02.22 09:07:28.338,0.82994,0.83025,2.25,3.19
2012.02.22 09:07:31.781,0.82997,0.83027,2.25,1.13
2012.02.22 09:07:32.426,0.82997,0.8303,2.25,1.73
2012.02.22 09:07:33.822,0.82997,0.8303,2.25,1.73
2012.02.22 09:07:34.115,0.82986,0.83022,2.44,3.00
2012.02.22 09:07:34.271,0.82986,0.83022,2.82,3.00
2012.02.22 09:07:34.641,0.82996,0.8303,2.25,1.73
2012.02.22 09:07:35.461,0.82996,0.8303,2.25,1.73
2012.02.22 09:07:35.663,0.82996,0.8303,2.25,1.73
2012.02.22 09:07:35.845,0.82996,0.8303,2.25,1.73
2012.02.22 09:07:37.583,0.82996,0.8303,2.25,1.73
2012.02.22 09:07:37.715,0.82996,0.8303,2.25,1.54
2012.02.22 09:07:45.498,0.82996,0.8303,2.25,1.54
2012.02.22 09:07:46.035,0.82996,0.8303,2.25,1.54
2012.02.22 09:07:51.162,0.82996,0.8303,2.25,1.35
2012.02.22 09:07:51.682,0.82996,0.8303,2.25,1.54
2012.02.22 09:07:51.813,0.82992,0.83028,3.19,3.19
2012.02.22 09:07:52.084,0.82992,0.83028,3.19,3.19
2012.02.22 09:07:52.290,0.82997,0.8303,2.25,1.54
2012.02.22 09:07:54.614,0.82997,0.83029,2.25,1.13
2012.02.22 09:07:55.204,0.82997,0.83029,2.25,1.13
2012.02.22 09:07:55.276,0.82988,0.83023,2.44,3.00
2012.02.22 09:07:55.365,0.82988,0.83023,2.25,3.00
2012.02.22 09:07:55.432,0.82988,0.83023,2.25,3.00
2012.02.22 09:07:55.915,0.82992,0.83028,2.44,3.00
2012.02.22 09:07:55.984,0.83001,0.8303,2.25,3.60
2012.02.22 09:08:00.290,0.83001,0.8303,2.25,3.00
2012.02.22 09:08:00.656,0.83006,0.83031,2.25,1.73
2012.02.22 09:08:01.345,0.82996,0.83028,2.25,3.19
2012.02.22 09:08:01.732,0.82996,0.83028,2.25,3.19
2012.02.22 09:08:01.808,0.83002,0.83031,2.25,4.35
2012.02.22 09:08:02.314,0.83002,0.83031,2.25,3.79
2012.02.22 09:08:03.697,0.83002,0.83031,2.25,3.04
2012.02.22 09:08:04.252,0.83006,0.83036,2.25,3.00
2012.02.22 09:08:05.242,0.8301,0.83036,2.25,1.50
2012.02.22 09:08:05.317,0.83006,0.83036,2.25,3.75
2012.02.22 09:08:05.615,0.83006,0.83034,2.25,1.50
2012.02.22 09:08:08.678,0.83015,0.83044,2.25,1.50
2012.02.22 09:08:08.810,0.83008,0.83038,2.44,3.00
2012.02.22 09:08:10.496,0.83008,0.83038,2.25,3.00
2012.02.22 09:08:11.235,0.83008,0.83038,2.25,3.00
2012.02.22 09:08:11.307,0.83008,0.83038,2.25,3.00
2012.02.22 09:08:11.953,0.83016,0.83044,2.25,1.13
2012.02.22 09:08:12.034,0.83015,0.83044,2.25,1.13
2012.02.22 09:08:12.950,0.83011,0.83041,2.25,3.19
2012.02.22 09:08:13.055,0.83008,0.83043,2.25,3.38
2012.02.22 09:08:13.718,0.83008,0.83043,2.25,3.38
2012.02.22 09:08:14.123,0.83008,0.83043,2.25,3.19
2012.02.22 09:08:14.343,0.83008,0.83043,2.25,3.19
2012.02.22 09:08:15.727,0.83008,0.83042,2.25,1.13
2012.02.22 09:08:15.857,0.83005,0.83038,2.25,3.00
2012.02.22 09:08:16.646,0.83005,0.83038,2.25,2.25
2012.02.22 09:08:16.794,0.83009,0.83042,2.25,3.38
2012.02.22 09:08:17.500,0.83015,0.83042,2.25,1.73
2012.02.22 09:08:17.676,0.83005,0.83038,2.25,3.00
2012.02.22 09:08:20.656,0.83011,0.83042,2.25,2.10
2012.02.22 09:08:20.722,0.83011,0.83042,2.25,1.73
2012.02.22 09:08:21.630,0.83011,0.83043,2.25,3.19
2012.02.22 09:08:22.647,0.83011,0.83043,2.25,3.19
2012.02.22 09:08:22.774,0.83015,0.83047,2.25,3.19
2012.02.22 09:08:23.525,0.83015,0.83047,2.25,3.19
2012.02.22 09:08:27.501,0.83009,0.83042,2.25,3.00
2012.02.22 09:08:29.043,0.83015,0.83047,2.25,3.79
2012.02.22 09:08:32.195,0.83015,0.83047,2.25,3.19
2012.02.22 09:08:32.888,0.83008,0.83043,2.44,3.00
2012.02.22 09:08:33.374,0.83008,0.83043,2.25,3.00
2012.02.22 09:08:36.204,0.83008,0.83043,2.25,3.38
2012.02.22 09:08:36.927,0.83008,0.83043,2.25,3.38
2012.02.22 09:08:39.655,0.83008,0.83043,2.25,3.19
2012.02.22 09:08:39.784,0.83008,0.83041,2.25,1.13
2012.02.22 09:08:39.855,0.83008,0.83041,2.25,1.13
2012.02.22 09:08:40.238,0.83005,0.83037,2.25,3.00
2012.02.22 09:08:41.256,0.83005,0.83037,2.25,3.00
2012.02.22 09:08:41.813,0.83005,0.83037,2.25,3.19
2012.02.22 09:08:44.237,0.83005,0.83037,2.25,3.19
2012.02.22 09:08:44.992,0.83005,0.83037,2.44,3.00
2012.02.22 09:08:46.155,0.83014,0.83045,2.25,3.19
2012.02.22 09:08:47.960,0.83014,0.83045,2.25,3.19
2012.02.22 09:08:48.032,0.8301,0.83041,2.25,3.19
2012.02.22 09:08:48.105,0.83012,0.83043,2.25,1.13
2012.02.22 09:08:49.154,0.8301,0.83041,2.25,3.19
2012.02.22 09:08:52.706,0.8301,0.8304,2.25,1.32
2012.02.22 09:08:52.800,0.83006,0.83036,2.25,3.00
2012.02.22 09:08:52.925,0.83006,0.83036,2.25,3.00
2012.02.22 09:08:53.666,0.83009,0.83039,2.25,1.50
2012.02.22 09:08:54.374,0.83009,0.83042,2.25,3.19
2012.02.22 09:08:54.448,0.83001,0.83034,2.63,3.00
2012.02.22 09:08:54.909,0.83001,0.83034,2.25,3.00
2012.02.22 09:09:01.036,0.83004,0.83039,2.25,3.38
2012.02.22 09:09:01.251,0.83,0.83035,2.44,3.00
2012.02.22 09:09:02.348,0.83,0.83035,2.25,3.19
2012.02.22 09:09:02.411,0.83,0.83035,2.25,3.19
2012.02.22 09:09:02.564,0.83,0.83035,2.25,3.19
2012.02.22 09:09:02.884,0.83,0.83035,2.25,3.19
2012.02.22 09:09:07.997,0.83007,0.83039,2.25,3.00
2012.02.22 09:09:08.669,0.83008,0.83038,2.25,2.25
2012.02.22 09:09:08.973,0.8301,0.83038,2.29,2.25
2012.02.22 09:09:09.313,0.83021,0.83051,2.25,3.00
2012.02.22 09:09:11.374,0.83018,0.8305,2.25,3.00
2012.02.22 09:09:11.748,0.83018,0.8305,2.25,3.00
2012.02.22 09:09:12.547,0.83018,0.8305,2.25,3.00
2012.02.22 09:09:12.678,0.83023,0.83055,2.25,3.19
2012.02.22 09:09:13.175,0.83023,0.83055,2.25,3.19
2012.02.22 09:09:13.305,0.83028,0.83058,2.25,1.35
2012.02.22 09:09:13.618,0.83028,0.8306,2.44,3.00
2012.02.22 09:09:13.682,0.83028,0.8306,2.44,3.00
2012.02.22 09:09:14.313,0.83033,0.83065,2.25,3.00
2012.02.22 09:09:16.216,0.83033,0.83064,2.25,1.13
2012.02.22 09:09:17.505,0.83033,0.83064,2.25,1.13
2012.02.22 09:09:22.639,0.83033,0.83065,2.25,3.19
2012.02.22 09:09:22.766,0.8303,0.83062,2.25,3.19
2012.02.22 09:09:22.839,0.8303,0.83058,2.25,1.13
2012.02.22 09:09:22.965,0.8303,0.83062,2.44,3.00
2012.02.22 09:09:26.088,0.83036,0.83066,2.25,3.79
2012.02.22 09:09:28.219,0.83036,0.83066,2.25,3.79
2012.02.22 09:09:28.373,0.83036,0.83066,2.25,3.79
2012.02.22 09:09:28.989,0.83036,0.83066,2.25,3.79
2012.02.22 09:09:30.108,0.83036,0.83066,2.25,3.79
2012.02.22 09:09:30.454,0.83036,0.83066,2.25,3.79
2012.02.22 09:09:31.253,0.83036,0.83066,2.25,3.79
2012.02.22 09:09:31.322,0.83031,0.83062,2.25,3.00
2012.02.22 09:09:32.475,0.83031,0.83062,2.25,3.00
2012.02.22 09:09:32.648,0.83031,0.83062,2.25,3.00
2012.02.22 09:09:34.079,0.83031,0.83062,2.25,3.00
2012.02.22 09:09:40.164,0.83028,0.83057,2.25,2.25
2012.02.22 09:09:40.529,0.83028,0.83057,2.25,3.00
2012.02.22 09:09:40.640,0.83028,0.83057,2.25,2.25
2012.02.22 09:09:43.777,0.83028,0.83057,2.25,3.00
2012.02.22 09:09:44.373,0.83032,0.83061,2.25,3.00
2012.02.22 09:09:47.797,0.83032,0.83061,3.00,2.25
2012.02.22 09:09:49.377,0.83032,0.83061,2.25,3.00
2012.02.22 09:09:49.444,0.83032,0.83056,2.25,1.13
2012.02.22 09:09:49.575,0.83019,0.83055,3.00,3.19
2012.02.22 09:09:49.664,0.83015,0.83051,3.79,2.25
2012.02.22 09:09:49.732,0.83015,0.83051,3.79,2.25
2012.02.22 09:09:49.807,0.83017,0.83051,1.50,2.25
2012.02.22 09:09:50.468,0.83028,0.83057,2.25,2.85
2012.02.22 09:09:50.924,0.83028,0.83057,2.25,3.79
2012.02.22 09:09:51.056,0.83015,0.83046,2.10,3.00
2012.02.22 09:09:51.533,0.83012,0.83045,2.44,3.00
2012.02.22 09:09:51.661,0.83012,0.83045,3.00,3.00
2012.02.22 09:09:52.033,0.83019,0.83049,2.25,3.00
2012.02.22 09:09:52.654,0.83019,0.83049,2.25,3.19
2012.02.22 09:09:52.776,0.83012,0.83045,3.00,2.25
2012.02.22 09:09:53.083,0.83018,0.8305,2.25,3.19
2012.02.22 09:09:53.318,0.83018,0.8305,2.25,2.44
2012.02.22 09:09:54.455,0.83018,0.8305,2.25,3.19
2012.02.22 09:09:57.867,0.83019,0.83051,2.25,1.35
2012.02.22 09:09:57.937,0.83019,0.83053,2.25,1.35
2012.02.22 09:09:58.006,0.83019,0.83055,2.25,3.00
2012.02.22 09:09:58.672,0.83019,0.83054,2.25,1.13
2012.02.22 09:09:58.742,0.83018,0.83047,2.25,2.25
2012.02.22 09:09:58.934,0.83019,0.83054,2.25,1.13
2012.02.22 09:09:59.092,0.83019,0.83054,2.25,1.13
2012.02.22 09:09:59.752,0.83017,0.83048,2.25,2.25
2012.02.22 09:10:07.777,0.83017,0.83048,2.63,2.25
2012.02.22 09:10:08.437,0.83018,0.83048,1.50,2.25
2012.02.22 09:10:08.751,0.83019,0.83052,2.44,3.00
2012.02.22 09:10:08.978,0.83019,0.83052,2.44,3.00
2012.02.22 09:10:09.409,0.83019,0.83052,2.25,3.00
2012.02.22 09:10:10.187,0.83019,0.83052,2.25,3.00
2012.02.22 09:10:10.727,0.83019,0.83052,2.25,3.00
2012.02.22 09:10:13.641,0.83019,0.83052,2.25,3.00
2012.02.22 09:10:14.972,0.83019,0.83052,2.25,3.00
2012.02.22 09:10:18.280,0.83019,0.83052,2.25,3.00
2012.02.22 09:10:18.449,0.83019,0.83052,2.25,3.00
2012.02.22 09:10:19.163,0.83019,0.83052,2.25,3.00
2012.02.22 09:10:19.483,0.83019,0.83052,2.25,3.00
2012.02.22 09:10:20.859,0.83009,0.83052,3.23,3.19
2012.02.22 09:10:20.987,0.83009,0.83045,2.25,1.13
2012.02.22 09:10:21.290,0.83005,0.83037,2.44,2.25
2012.02.22 09:10:21.465,0.83005,0.83037,2.44,3.38
2012.02.22 09:10:21.536,0.82999,0.83032,2.63,2.25
2012.02.22 09:10:21.863,0.83005,0.83037,2.25,2.25
2012.02.22 09:10:22.952,0.83008,0.83037,2.25,2.25
2012.02.22 09:10:23.024,0.83009,0.83042,3.00,3.00
2012.02.22 09:10:23.090,0.83009,0.83042,2.25,3.00
2012.02.22 09:10:23.220,0.83016,0.83045,2.25,1.13
2012.02.22 09:10:23.283,0.83016,0.83045,2.25,1.13
2012.02.22 09:10:23.444,0.83009,0.83042,2.25,2.25
2012.02.22 09:10:23.714,0.83009,0.83042,3.00,2.25
2012.02.22 09:10:24.085,0.83016,0.83046,2.25,3.00
2012.02.22 09:10:25.846,0.83016,0.83046,2.25,2.25
2012.02.22 09:10:25.919,0.83016,0.83046,2.25,3.00
2012.02.22 09:10:26.741,0.83016,0.83046,2.25,3.00
2012.02.22 09:10:27.095,0.83012,0.83043,2.25,1.13
2012.02.22 09:10:27.229,0.83009,0.83042,2.63,3.19
2012.02.22 09:10:27.303,0.83015,0.83043,2.25,1.13
2012.02.22 09:10:27.545,0.83015,0.83043,2.25,1.13
2012.02.22 09:10:28.169,0.83015,0.83043,2.25,1.13
2012.02.22 09:10:28.240,0.83008,0.83043,2.25,3.38
2012.02.22 09:10:28.306,0.83008,0.83043,2.25,3.38
2012.02.22 09:10:28.402,0.83008,0.83043,2.25,3.38
2012.02.22 09:10:28.705,0.83008,0.83043,2.82,3.00
2012.02.22 09:10:29.899,0.83016,0.83046,2.25,3.00
2012.02.22 09:10:30.025,0.83016,0.83046,2.25,2.25
2012.02.22 09:10:30.093,0.83018,0.83053,2.25,4.35
2012.02.22 09:10:32.363,0.83018,0.83053,2.25,3.79
2012.02.22 09:10:32.436,0.83025,0.83057,2.25,3.75
2012.02.22 09:10:34.338,0.83025,0.83057,2.25,3.19
2012.02.22 09:10:34.668,0.83035,0.83065,2.25,1.13
2012.02.22 09:10:34.972,0.83028,0.83063,2.25,3.75
2012.02.22 09:10:35.236,0.83035,0.83063,2.25,1.50
2012.02.22 09:10:42.521,0.83035,0.83067,2.25,3.19
2012.02.22 09:10:43.730,0.83035,0.83067,2.25,3.19
2012.02.22 09:10:46.917,0.83035,0.83067,2.25,3.19
2012.02.22 09:10:47.026,0.83035,0.83067,2.25,3.19
2012.02.22 09:10:47.456,0.83035,0.83067,2.25,3.19
2012.02.22 09:10:48.437,0.83035,0.83067,2.25,3.19
2012.02.22 09:10:49.486,0.83035,0.83067,2.25,3.00
2012.02.22 09:10:49.665,0.83035,0.83067,2.25,3.00
2012.02.22 09:10:49.831,0.83028,0.83063,3.00,3.00
2012.02.22 09:10:49.894,0.83028,0.83061,2.25,1.13
2012.02.22 09:10:49.962,0.83025,0.83057,2.25,2.25
2012.02.22 09:10:50.643,0.83025,0.83057,2.25,3.00
2012.02.22 09:10:50.776,0.83025,0.83057,2.25,2.25
2012.02.22 09:10:51.186,0.83025,0.83057,2.25,3.00
2012.02.22 09:10:52.073,0.83025,0.83057,2.25,3.00
2012.02.22 09:10:52.614,0.83025,0.83057,2.25,3.00
2012.02.22 09:10:56.654,0.83025,0.83057,2.25,3.00
2012.02.22 09:10:57.022,0.83025,0.83057,2.25,3.00
2012.02.22 09:10:58.494,0.83025,0.83057,3.19,2.25
2012.02.22 09:10:58.564,0.8303,0.83062,2.25,2.25
2012.02.22 09:10:58.767,0.83036,0.83064,2.25,1.54
2012.02.22 09:10:59.218,0.83036,0.83063,2.25,1.35
2012.02.22 09:11:00.975,0.83031,0.83062,2.25,3.00
2012.02.22 09:11:01.043,0.83031,0.83062,2.25,3.00
2012.02.22 09:11:01.185,0.83031,0.83062,2.25,3.00
2012.02.22 09:11:01.313,0.83036,0.83066,2.25,3.19
2012.02.22 09:11:02.347,0.83036,0.83066,2.25,3.19
2012.02.22 09:11:04.641,0.83036,0.83066,2.25,3.00
2012.02.22 09:11:05.308,0.83036,0.83066,2.25,3.00
2012.02.22 09:11:20.704,0.83036,0.83066,2.25,3.00
2012.02.22 09:11:21.734,0.83036,0.83066,2.25,3.00
2012.02.22 09:11:21.808,0.83036,0.83066,2.25,3.00
2012.02.22 09:11:22.483,0.83028,0.83063,3.00,3.00
2012.02.22 09:11:22.552,0.83028,0.83063,2.25,2.44
2012.02.22 09:11:22.709,0.83028,0.83063,2.25,3.19
2012.02.22 09:11:23.256,0.83028,0.83063,2.25,3.19
2012.02.22 09:11:27.881,0.83028,0.83063,2.25,3.19
2012.02.22 09:11:27.949,0.83028,0.83063,2.25,3.19
2012.02.22 09:11:40.915,0.83028,0.83063,2.25,3.19
2012.02.22 09:11:41.185,0.83028,0.83063,2.25,3.19
2012.02.22 09:11:41.417,0.83028,0.83063,2.44,3.00
2012.02.22 09:11:42.596,0.83036,0.83066,2.25,3.00
2012.02.22 09:11:43.759,0.83036,0.83066,2.25,2.25
2012.02.22 09:11:43.829,0.83036,0.83066,2.25,3.00
2012.02.22 09:11:43.899,0.83036,0.83066,2.25,3.00
2012.02.22 09:11:44.625,0.83036,0.83066,2.25,3.00
2012.02.22 09:11:44.719,0.83036,0.83066,2.25,3.00
2012.02.22 09:11:44.791,0.83036,0.83066,2.25,3.00
2012.02.22 09:11:46.205,0.83036,0.83066,2.25,3.00
2012.02.22 09:11:46.833,0.83036,0.83066,2.25,3.00
2012.02.22 09:11:47.463,0.83036,0.83066,2.25,3.00
2012.02.22 09:11:49.444,0.83036,0.83066,2.25,2.25
2012.02.22 09:11:49.512,0.83036,0.83066,2.25,3.00
2012.02.22 09:11:49.835,0.83036,0.83066,2.25,3.00
2012.02.22 09:11:57.437,0.83036,0.83066,2.25,3.00
2012.02.22 09:11:59.536,0.83036,0.83066,2.25,3.00
2012.02.22 09:12:01.063,0.83036,0.83066,2.25,3.00
2012.02.22 09:12:01.132,0.83036,0.83066,2.25,3.00
2012.02.22 09:12:03.133,0.83036,0.83066,2.25,3.00
2012.02.22 09:12:03.804,0.83036,0.83066,2.25,3.00
2012.02.22 09:12:04.134,0.83036,0.83066,2.25,3.00
2012.02.22 09:12:15.586,0.83036,0.83066,2.25,3.19
2012.02.22 09:12:15.659,0.83021,0.83051,3.00,2.25
2012.02.22 09:12:15.825,0.83025,0.83057,2.25,2.44
2012.02.22 09:12:16.033,0.83028,0.83059,2.25,1.13
2012.02.22 09:12:17.085,0.83028,0.83059,2.25,1.13
2012.02.22 09:12:17.963,0.83028,0.83061,2.25,1.50
2012.02.22 09:12:18.835,0.83026,0.83056,2.25,2.25
2012.02.22 09:12:18.907,0.83026,0.83056,2.63,2.25
2012.02.22 09:12:19.346,0.83036,0.83063,2.25,1.13
2012.02.22 09:12:19.416,0.83036,0.83064,2.25,1.13
2012.02.22 09:12:19.486,0.83036,0.83063,2.25,1.13
2012.02.22 09:12:19.557,0.83028,0.83057,2.25,2.44
2012.02.22 09:12:23.445,0.83028,0.83057,2.25,3.19
2012.02.22 09:12:24.403,0.83028,0.83057,2.25,2.44
2012.02.22 09:12:24.634,0.83028,0.83057,2.25,3.19
2012.02.22 09:12:25.101,0.83031,0.83059,2.25,1.13
2012.02.22 09:12:26.181,0.83028,0.83057,2.25,3.19
2012.02.22 09:12:26.967,0.83032,0.83061,2.25,3.19
2012.02.22 09:12:27.857,0.83032,0.83061,2.25,3.19
2012.02.22 09:12:27.982,0.83027,0.83058,2.25,3.19
2012.02.22 09:12:29.026,0.83027,0.83058,2.25,3.19
2012.02.22 09:12:29.179,0.83027,0.83058,2.25,2.44
2012.02.22 09:12:29.398,0.83027,0.83058,2.25,3.19
2012.02.22 09:12:29.822,0.83027,0.83058,2.25,2.44
2012.02.22 09:12:30.165,0.83027,0.83058,2.25,3.19
2012.02.22 09:12:35.226,0.83027,0.83058,2.25,3.19
2012.02.22 09:12:35.292,0.83027,0.83058,2.25,2.44
2012.02.22 09:12:37.135,0.83027,0.83058,2.25,3.19
2012.02.22 09:12:39.751,0.83027,0.83058,2.25,3.19
2012.02.22 09:12:40.483,0.83027,0.83058,2.25,3.19
2012.02.22 09:12:44.702,0.83027,0.83058,2.25,3.19
2012.02.22 09:12:45.221,0.83027,0.83058,2.25,3.19
2012.02.22 09:12:46.073,0.83027,0.83058,2.25,3.19
2012.02.22 09:12:47.636,0.83027,0.83058,2.25,3.19
2012.02.22 09:12:48.446,0.83027,0.83058,2.25,3.19
2012.02.22 09:12:50.281,0.83027,0.83058,2.25,3.19
2012.02.22 09:12:50.736,0.83027,0.83054,2.25,1.13
2012.02.22 09:12:51.388,0.83023,0.83054,2.25,3.38
2012.02.22 09:12:51.459,0.83018,0.8305,3.00,2.44
2012.02.22 09:12:51.526,0.83018,0.8305,2.25,2.44
2012.02.22 09:12:54.503,0.83018,0.8305,2.25,2.25
2012.02.22 09:12:54.997,0.83024,0.83053,2.25,3.19
2012.02.22 09:12:55.683,0.83019,0.83055,2.44,3.00
2012.02.22 09:12:55.815,0.83019,0.83055,2.44,3.00
2012.02.22 09:13:03.967,0.83018,0.83047,2.25,2.25
2012.02.22 09:13:05.025,0.83019,0.83052,2.25,1.13
2012.02.22 09:13:05.339,0.83019,0.83054,2.25,1.13
2012.02.22 09:13:07.156,0.83019,0.83054,2.25,1.13
2012.02.22 09:13:10.907,0.83019,0.83054,2.25,1.13
2012.02.22 09:13:11.136,0.83019,0.83054,2.25,1.13
2012.02.22 09:13:11.323,0.83017,0.83048,2.25,3.00
2012.02.22 09:13:14.147,0.83017,0.83048,2.25,2.44
2012.02.22 09:13:14.351,0.83017,0.83048,2.25,3.19
2012.02.22 09:13:14.474,0.83017,0.83048,2.25,2.44
2012.02.22 09:13:15.138,0.83017,0.83048,2.25,3.19
2012.02.22 09:13:15.245,0.83017,0.83048,2.25,2.44
2012.02.22 09:13:15.453,0.83017,0.83048,2.25,3.19
2012.02.22 09:13:17.857,0.83017,0.83048,2.25,3.19
2012.02.22 09:13:18.171,0.83017,0.83048,2.25,3.19
2012.02.22 09:13:18.316,0.83013,0.83044,2.25,3.00
2012.02.22 09:13:18.561,0.83009,0.83039,2.44,2.25
2012.02.22 09:13:18.702,0.83009,0.83039,2.25,3.00
2012.02.22 09:13:18.772,0.83004,0.83036,3.19,2.25
2012.02.22 09:13:20.380,0.83008,0.83041,2.25,3.00
2012.02.22 09:13:22.865,0.83008,0.83041,3.00,2.25
2012.02.22 09:13:24.053,0.83008,0.83041,2.25,3.00
2012.02.22 09:13:24.715,0.83014,0.83043,2.25,1.54
2012.02.22 09:13:24.838,0.83008,0.83041,2.85,3.19
2012.02.22 09:13:26.438,0.83008,0.83041,2.85,3.19
2012.02.22 09:13:27.130,0.83008,0.83041,2.85,3.19
2012.02.22 09:13:29.883,0.83008,0.83041,2.85,3.00
2012.02.22 09:13:29.960,0.83008,0.83041,2.85,3.00
2012.02.22 09:13:31.252,0.83008,0.83041,2.85,2.25
2012.02.22 09:13:31.321,0.83012,0.83045,2.25,3.19
2012.02.22 09:13:34.103,0.83012,0.83044,2.25,1.13
2012.02.22 09:13:34.167,0.83009,0.83039,2.25,2.25
2012.02.22 09:13:34.792,0.83009,0.83039,2.25,3.19
2012.02.22 09:13:34.883,0.83005,0.83035,3.00,2.25
2012.02.22 09:13:36.827,0.83005,0.83035,2.25,3.00
2012.02.22 09:13:36.898,0.83005,0.83035,3.00,2.25
2012.02.22 09:13:37.223,0.83008,0.8304,2.25,2.44
2012.02.22 09:13:38.875,0.83008,0.8304,2.25,3.19
2012.02.22 09:13:40.912,0.83008,0.8304,2.25,3.19
2012.02.22 09:13:41.132,0.83008,0.8304,2.25,3.19
2012.02.22 09:13:41.643,0.83008,0.8304,2.25,3.19
2012.02.22 09:13:44.383,0.83008,0.8304,2.25,3.19
2012.02.22 09:13:46.059,0.83012,0.83043,2.25,1.13
2012.02.22 09:13:46.524,0.83012,0.83043,2.25,1.13
2012.02.22 09:13:46.873,0.83012,0.83045,2.25,3.19
2012.02.22 09:13:47.352,0.83012,0.83045,2.25,3.19
2012.02.22 09:13:48.195,0.83012,0.83043,2.25,1.13
2012.02.22 09:13:48.323,0.83009,0.83039,2.25,3.00
2012.02.22 09:13:48.454,0.83012,0.83042,2.25,1.13
2012.02.22 09:13:49.081,0.83012,0.83045,2.25,3.19
2012.02.22 09:13:49.141,0.83012,0.83045,2.25,3.19
2012.02.22 09:13:49.387,0.83012,0.83045,2.25,3.19
2012.02.22 09:13:50.184,0.83008,0.83041,2.25,2.25
2012.02.22 09:13:50.254,0.83008,0.83041,2.25,3.00
2012.02.22 09:13:51.363,0.83008,0.83041,2.25,3.19
2012.02.22 09:13:53.337,0.83008,0.83041,2.25,3.19
2012.02.22 09:13:55.758,0.83008,0.83041,2.25,3.19
2012.02.22 09:13:55.822,0.83008,0.83041,2.25,3.19
2012.02.22 09:13:56.985,0.83015,0.83044,2.25,1.88
2012.02.22 09:13:57.057,0.83015,0.83044,2.25,1.88
2012.02.22 09:13:57.124,0.8301,0.83042,2.25,3.19
2012.02.22 09:13:57.196,0.83007,0.83036,2.25,2.25
2012.02.22 09:13:57.330,0.8301,0.83042,2.25,2.44
2012.02.22 09:13:57.391,0.8301,0.83042,2.25,2.25
2012.02.22 09:13:57.464,0.8301,0.83042,2.25,3.00
2012.02.22 09:13:57.713,0.8301,0.83042,3.00,2.25
2012.02.22 09:13:57.781,0.83015,0.83045,2.25,3.19
2012.02.22 09:13:58.667,0.83015,0.83045,2.25,2.25
2012.02.22 09:13:58.740,0.83015,0.83045,2.25,3.00
2012.02.22 09:14:00.454,0.83007,0.83042,2.44,3.00
2012.02.22 09:14:01.090,0.83011,0.83046,2.25,3.19
2012.02.22 09:14:02.445,0.83009,0.83039,2.25,3.00
2012.02.22 09:14:03.655,0.83009,0.83039,2.25,3.00
2012.02.22 09:14:05.412,0.83009,0.83039,2.25,2.25
2012.02.22 09:14:13.319,0.83009,0.83039,2.25,3.00
2012.02.22 09:14:13.851,0.83009,0.83039,2.25,2.25
2012.02.22 09:14:14.452,0.83011,0.83046,2.25,3.38
2012.02.22 09:14:20.624,0.83011,0.83046,3.00,2.44
2012.02.22 09:14:22.148,0.83011,0.83046,3.00,2.44
2012.02.22 09:14:22.483,0.83011,0.83046,3.57,2.25
2012.02.22 09:14:22.752,0.83019,0.83046,2.25,1.13
2012.02.22 09:14:22.824,0.83008,0.83041,3.00,2.44
2012.02.22 09:14:22.947,0.83008,0.83041,2.25,3.19
2012.02.22 09:14:24.372,0.83008,0.83041,2.25,3.19
2012.02.22 09:14:24.495,0.83008,0.83041,2.25,3.19
2012.02.22 09:14:25.058,0.83008,0.83041,2.25,3.19
2012.02.22 09:14:25.122,0.83008,0.83041,2.25,3.00
2012.02.22 09:14:25.474,0.83008,0.8304,2.25,2.25
2012.02.22 09:14:26.840,0.83012,0.83045,2.25,3.19
2012.02.22 09:14:31.013,0.83012,0.83043,2.25,1.13
2012.02.22 09:14:31.086,0.83008,0.8304,2.25,2.25
2012.02.22 09:14:32.468,0.83012,0.83044,2.25,1.13
2012.02.22 09:14:33.882,0.83012,0.83045,2.25,2.44
2012.02.22 09:14:34.318,0.83012,0.83043,2.25,1.13
2012.02.22 09:14:35.187,0.83008,0.8304,2.25,2.25
2012.02.22 09:14:35.376,0.83008,0.8304,2.25,3.00
2012.02.22 09:14:35.698,0.8301,0.8304,1.13,2.25
2012.02.22 09:14:35.924,0.83017,0.83048,2.25,3.79
2012.02.22 09:14:36.963,0.83017,0.83046,2.25,1.35
2012.02.22 09:14:37.245,0.83017,0.83048,2.25,3.04
2012.02.22 09:14:39.678,0.83017,0.83048,2.25,3.42
2012.02.22 09:14:39.806,0.83009,0.83039,3.00,2.25
2012.02.22 09:14:39.915,0.83009,0.83039,2.25,2.25
2012.02.22 09:14:45.309,0.83009,0.83039,2.25,3.00
2012.02.22 09:14:45.937,0.83009,0.83039,2.25,2.25
2012.02.22 09:14:46.009,0.83012,0.83045,2.25,3.19
2012.02.22 09:14:50.121,0.83012,0.83045,2.25,3.00
2012.02.22 09:14:50.876,0.83012,0.83045,3.00,2.25
2012.02.22 09:14:50.949,0.83008,0.8304,2.44,2.25
2012.02.22 09:14:51.282,0.83008,0.8304,3.00,2.25
2012.02.22 09:14:51.595,0.83014,0.83043,2.25,3.00
2012.02.22 09:14:52.464,0.83018,0.83047,2.25,3.00
2012.02.22 09:14:52.759,0.83018,0.83047,2.25,3.00
2012.02.22 09:14:52.891,0.83013,0.83042,2.25,3.00
2012.02.22 09:14:53.076,0.83013,0.83042,2.25,2.25
2012.02.22 09:14:53.206,0.83008,0.83037,2.25,2.25
2012.02.22 09:14:54.087,0.83012,0.83043,2.25,3.19
2012.02.22 09:14:54.149,0.83009,0.83045,2.44,3.00
2012.02.22 09:14:54.244,0.83009,0.83045,3.19,3.00
2012.02.22 09:14:54.665,0.83015,0.83047,2.25,2.25
2012.02.22 09:14:54.805,0.83015,0.83047,2.25,2.63
2012.02.22 09:14:55.278,0.83015,0.83043,2.25,1.13
2012.02.22 09:14:55.933,0.83009,0.83042,2.25,2.44
2012.02.22 09:14:56.596,0.83009,0.83042,2.25,3.00
2012.02.22 09:14:56.841,0.83009,0.83042,2.25,3.19
2012.02.22 09:14:56.902,0.83009,0.83042,3.00,2.44
2012.02.22 09:14:57.881,0.83012,0.83047,2.25,3.19
2012.02.22 09:14:58.391,0.83012,0.83047,2.25,3.19
2012.02.22 09:14:58.616,0.83006,0.83046,1.32,3.19
2012.02.22 09:14:58.723,0.83007,0.83046,1.32,3.19
2012.02.22 09:14:59.594,0.83013,0.83046,2.25,3.19
2012.02.22 09:14:59.855,0.83009,0.83042,2.25,2.25
2012.02.22 09:14:59.924,0.83009,0.83042,2.25,2.63
2012.02.22 09:15:00.846,0.83008,0.83043,2.25,3.00
2012.02.22 09:15:01.014,0.83,0.83042,2.10,3.19
2012.02.22 09:15:01.628,0.83002,0.83042,1.35,2.44
2012.02.22 09:15:01.712,0.83008,0.83048,2.25,1.32
2012.02.22 09:15:02.021,0.83007,0.8304,2.25,3.57
2012.02.22 09:15:05.627,0.8301,0.83046,2.25,3.38
2012.02.22 09:15:05.758,0.83006,0.83041,3.19,3.00
2012.02.22 09:15:06.263,0.83007,0.83041,1.35,2.44
2012.02.22 09:15:06.467,0.8301,0.83046,3.00,3.19
2012.02.22 09:15:06.753,0.83007,0.8304,3.60,2.25
2012.02.22 09:15:07.588,0.83007,0.8304,3.60,2.25
2012.02.22 09:15:07.701,0.83007,0.8304,2.85,2.25
2012.02.22 09:15:07.992,0.83017,0.83048,2.25,2.25
2012.02.22 09:15:08.056,0.83017,0.83049,2.25,1.13
2012.02.22 09:15:08.991,0.83021,0.83048,2.25,1.13
2012.02.22 09:15:09.060,0.83016,0.83051,2.25,3.19
2012.02.22 09:15:09.822,0.83007,0.8305,3.57,3.57
2012.02.22 09:15:10.601,0.8301,0.8305,1.13,3.19
2012.02.22 09:15:10.696,0.83008,0.83049,2.25,3.19
2012.02.22 09:15:10.893,0.83012,0.83051,2.25,1.13
2012.02.22 09:15:12.825,0.83012,0.83054,3.00,3.00
2012.02.22 09:15:13.064,0.83016,0.83058,3.00,2.44
2012.02.22 09:15:13.588,0.83016,0.83058,2.25,3.19
2012.02.22 09:15:13.883,0.83014,0.8305,2.25,3.00
2012.02.22 09:15:15.581,0.83014,0.8305,2.25,3.19
2012.02.22 09:15:16.610,0.83013,0.83042,2.25,3.00
2012.02.22 09:15:16.649,0.83005,0.83039,2.25,3.00
2012.02.22 09:15:17.207,0.83005,0.83039,2.25,3.19
2012.02.22 09:15:17.272,0.82995,0.83039,3.60,3.19
2012.02.22 09:15:17.426,0.82995,0.83039,3.60,3.19
2012.02.22 09:15:17.730,0.83005,0.83039,2.25,3.19
2012.02.22 09:15:18.489,0.82997,0.83038,1.50,3.19
2012.02.22 09:15:18.731,0.82996,0.83038,3.19,3.00
2012.02.22 09:15:19.606,0.82996,0.83038,3.19,3.38
2012.02.22 09:15:20.450,0.82994,0.8303,2.25,3.00
2012.02.22 09:15:26.917,0.82994,0.8303,3.00,2.25
2012.02.22 09:15:27.193,0.82994,0.8303,2.25,3.00
2012.02.22 09:15:28.349,0.82994,0.83029,2.25,1.13
2012.02.22 09:15:29.147,0.82993,0.83022,2.25,2.25
2012.02.22 09:15:30.425,0.82985,0.83019,3.75,2.25
2012.02.22 09:15:30.658,0.82985,0.83019,3.75,2.25
2012.02.22 09:15:30.786,0.82985,0.83019,3.00,3.00
2012.02.22 09:15:31.753,0.82985,0.83019,3.75,2.25
2012.02.22 09:15:31.834,0.82998,0.83031,2.25,3.00
2012.02.22 09:15:32.360,0.82998,0.83031,2.25,2.25
2012.02.22 09:15:32.471,0.82998,0.83031,2.25,3.00
2012.02.22 09:15:32.538,0.82993,0.83028,3.23,3.00
2012.02.22 09:15:32.689,0.82993,0.83028,2.85,3.00
2012.02.22 09:15:33.352,0.82998,0.8303,2.25,1.35
2012.02.22 09:15:33.441,0.82994,0.83027,2.25,2.25
2012.02.22 09:15:35.223,0.82994,0.83027,2.25,3.19
2012.02.22 09:15:35.291,0.82994,0.83027,2.25,2.44
2012.02.22 09:15:37.377,0.82994,0.83027,2.25,3.00
2012.02.22 09:15:37.450,0.82994,0.83027,2.25,2.25
2012.02.22 09:15:38.314,0.83,0.8303,2.25,1.35
2012.02.22 09:15:38.652,0.82993,0.83028,2.25,2.44
2012.02.22 09:15:39.382,0.83,0.83032,2.25,3.19
2012.02.22 09:15:39.454,0.83,0.83032,2.25,2.44
2012.02.22 09:15:39.735,0.83004,0.83036,2.25,1.50
2012.02.22 09:15:40.004,0.83004,0.83037,2.25,3.38
2012.02.22 09:15:46.034,0.83001,0.83031,2.25,2.25
2012.02.22 09:15:46.620,0.83001,0.83031,2.25,3.00
2012.02.22 09:15:47.736,0.83001,0.83031,2.25,2.25
2012.02.22 09:15:47.997,0.83001,0.83031,2.25,3.00
2012.02.22 09:15:49.232,0.83001,0.83031,2.25,2.25
2012.02.22 09:15:51.362,0.83001,0.83031,2.25,3.00
2012.02.22 09:15:51.913,0.83001,0.83031,2.25,2.25
2012.02.22 09:15:52.667,0.83005,0.83035,2.25,3.19
2012.02.22 09:15:56.840,0.83005,0.83035,2.25,3.19
2012.02.22 09:16:00.296,0.83005,0.83035,2.25,3.19
2012.02.22 09:16:00.363,0.83005,0.83035,2.25,3.19
2012.02.22 09:16:03.166,0.83005,0.83035,2.25,3.19
2012.02.22 09:16:03.996,0.83005,0.83035,2.25,3.19
2012.02.22 09:16:04.167,0.82997,0.83032,2.63,3.00
2012.02.22 09:16:05.464,0.83005,0.83034,2.25,1.50
2012.02.22 09:16:05.992,0.83005,0.83035,2.25,3.19
2012.02.22 09:16:06.632,0.83005,0.83035,2.25,3.19
2012.02.22 09:16:07.408,0.83005,0.83035,2.25,3.19
2012.02.22 09:16:08.970,0.83005,0.83035,2.25,3.19
2012.02.22 09:16:09.107,0.82997,0.83032,3.38,3.00
2012.02.22 09:16:09.443,0.82997,0.83032,3.38,2.25
2012.02.22 09:16:09.766,0.83007,0.83036,2.25,1.13
2012.02.22 09:16:10.372,0.83004,0.83036,2.25,3.00
2012.02.22 09:16:11.096,0.83004,0.83036,2.25,3.00
2012.02.22 09:16:12.464,0.83004,0.83036,2.25,3.19
2012.02.22 09:16:14.095,0.83004,0.83036,2.25,3.19
2012.02.22 09:16:14.164,0.83004,0.83036,2.25,3.19
2012.02.22 09:16:20.097,0.83004,0.83036,2.25,3.19
2012.02.22 09:16:20.464,0.83004,0.83036,2.25,3.19
2012.02.22 09:16:21.075,0.83004,0.83036,2.25,3.19
2012.02.22 09:16:21.243,0.83004,0.83036,3.00,2.44
2012.02.22 09:16:21.675,0.83004,0.83036,2.25,3.19
2012.02.22 09:16:22.226,0.83004,0.83036,3.00,2.63
2012.02.22 09:16:22.292,0.83004,0.83036,2.25,3.38
2012.02.22 09:16:23.815,0.83004,0.83036,2.25,3.38
2012.02.22 09:16:24.160,0.83004,0.83036,2.25,3.38
2012.02.22 09:16:24.425,0.83004,0.83036,2.25,3.38
2012.02.22 09:16:24.754,0.83004,0.83036,2.25,3.38
2012.02.22 09:16:26.735,0.83004,0.83036,2.25,3.38
2012.02.22 09:16:27.141,0.83004,0.83036,2.25,3.38
2012.02.22 09:16:31.761,0.83002,0.83035,2.63,3.19
2012.02.22 09:16:32.431,0.83002,0.83035,2.25,2.44
2012.02.22 09:16:34.524,0.82994,0.83035,1.35,3.38
2012.02.22 09:16:35.342,0.82997,0.83033,3.19,2.25
2012.02.22 09:16:35.938,0.83007,0.8304,2.25,2.10
2012.02.22 09:16:36.061,0.83003,0.83038,2.25,3.19
2012.02.22 09:16:36.334,0.83003,0.83038,2.25,3.19
2012.02.22 09:16:37.276,0.83003,0.83037,2.25,1.13
2012.02.22 09:16:41.265,0.83003,0.83038,2.25,2.63
2012.02.22 09:16:41.864,0.83003,0.83038,2.25,2.63
2012.02.22 09:16:43.535,0.83001,0.83034,1.13,3.00
2012.02.22 09:16:43.608,0.83006,0.83036,2.25,1.54
2012.02.22 09:16:49.139,0.83006,0.83035,2.25,1.13
2012.02.22 09:16:50.448,0.83006,0.83038,3.00,3.79
2012.02.22 09:16:50.917,0.83006,0.83036,2.25,1.54
2012.02.22 09:16:54.854,0.83006,0.83038,3.00,3.04
2012.02.22 09:16:56.056,0.83006,0.83036,2.25,1.54
2012.02.22 09:16:58.499,0.83006,0.83038,3.00,3.04
2012.02.22 09:16:59.792,0.8301,0.8304,2.25,1.50
2012.02.22 09:17:00.435,0.8301,0.83039,2.25,1.13
2012.02.22 09:17:06.417,0.8301,0.83039,2.25,1.13
2012.02.22 09:17:06.482,0.83006,0.83038,2.25,3.19
2012.02.22 09:17:18.149,0.83006,0.83038,2.25,3.19
2012.02.22 09:17:18.215,0.83011,0.83039,2.25,1.13
2012.02.22 09:17:21.775,0.83016,0.83044,2.25,1.13
2012.02.22 09:17:22.006,0.83006,0.83038,2.25,3.00
2012.02.22 09:17:22.723,0.83006,0.83038,3.00,2.44
2012.02.22 09:17:23.029,0.8301,0.83043,2.25,3.75
2012.02.22 09:17:24.609,0.8301,0.83043,2.25,3.00
2012.02.22 09:17:25.247,0.8301,0.83043,3.00,2.25
2012.02.22 09:17:29.444,0.83014,0.83046,2.25,1.13
2012.02.22 09:17:29.512,0.83014,0.83047,2.25,2.44
2012.02.22 09:17:29.873,0.83014,0.83047,2.25,3.19
2012.02.22 09:17:30.256,0.83014,0.83047,2.25,2.44
2012.02.22 09:17:32.424,0.83014,0.83047,2.25,2.44
2012.02.22 09:17:32.493,0.83014,0.83047,2.25,3.19
2012.02.22 09:17:32.625,0.83014,0.83047,2.25,2.44
2012.02.22 09:17:34.450,0.83014,0.83047,2.25,3.19
2012.02.22 09:17:34.643,0.83014,0.83047,2.25,2.44
2012.02.22 09:17:35.474,0.83014,0.83047,2.25,3.19
2012.02.22 09:17:44.647,0.83017,0.83053,2.25,3.38
2012.02.22 09:17:46.335,0.83017,0.83053,2.25,3.38
2012.02.22 09:17:48.804,0.83017,0.83049,2.25,1.35
2012.02.22 09:17:49.091,0.83015,0.83046,2.25,3.00
2012.02.22 09:17:53.833,0.83015,0.83043,2.25,1.54
2012.02.22 09:17:56.049,0.83015,0.83043,2.25,1.54
2012.02.22 09:17:56.119,0.8301,0.83042,2.25,3.04
2012.02.22 09:17:56.237,0.8301,0.83042,2.25,3.79
2012.02.22 09:17:56.544,0.8301,0.83034,2.25,1.35
2012.02.22 09:17:56.612,0.82997,0.83026,2.44,2.25
2012.02.22 09:17:56.674,0.82997,0.83026,2.25,2.25
2012.02.22 09:17:59.612,0.82997,0.83026,2.25,2.44
2012.02.22 09:17:59.686,0.82997,0.83023,2.25,1.73
2012.02.22 09:18:00.253,0.82987,0.83016,3.38,2.25
2012.02.22 09:18:00.317,0.82987,0.83016,3.00,2.25
2012.02.22 09:18:02.712,0.82987,0.83016,3.00,2.44
2012.02.22 09:18:02.976,0.82987,0.83017,2.25,2.25
2012.02.22 09:18:03.104,0.82992,0.8302,2.25,1.35
2012.02.22 09:18:03.236,0.82992,0.83022,2.25,2.44
2012.02.22 09:18:03.403,0.82991,0.83029,3.00,1.50
2012.02.22 09:18:04.223,0.82995,0.83029,2.25,1.50
2012.02.22 09:18:04.433,0.82995,0.8303,2.25,3.19
2012.02.22 09:18:04.591,0.82995,0.8303,2.25,3.19
2012.02.22 09:18:05.192,0.82995,0.8303,2.25,3.19
2012.02.22 09:18:05.952,0.82995,0.83021,2.25,2.25
2012.02.22 09:18:06.040,0.82977,0.83009,3.19,2.25
2012.02.22 09:18:07.755,0.82977,0.83009,3.00,2.44
2012.02.22 09:18:07.826,0.82977,0.83009,3.00,2.44
2012.02.22 09:18:10.059,0.82977,0.83009,3.60,2.44
2012.02.22 09:18:10.130,0.82985,0.83018,2.25,1.13
2012.02.22 09:18:10.257,0.82983,0.83013,2.25,2.25
2012.02.22 09:18:10.807,0.82987,0.83019,2.25,3.38
2012.02.22 09:18:11.702,0.82983,0.83013,2.25,2.25
2012.02.22 09:18:12.024,0.82988,0.83018,2.25,3.38
2012.02.22 09:18:12.582,0.82992,0.83021,2.25,1.13
2012.02.22 09:18:14.065,0.82997,0.83025,2.25,1.13
2012.02.22 09:18:14.223,0.82997,0.83025,2.25,1.13
2012.02.22 09:18:15.358,0.82997,0.83026,2.25,1.54
2012.02.22 09:18:17.045,0.82996,0.83025,2.25,1.13
2012.02.22 09:18:17.623,0.82992,0.83024,2.25,3.19
2012.02.22 09:18:18.608,0.82992,0.83023,2.25,1.50
2012.02.22 09:18:19.490,0.82992,0.83024,2.25,3.00
2012.02.22 09:18:21.113,0.82992,0.83024,2.25,3.00
2012.02.22 09:18:25.288,0.82992,0.83023,2.25,1.13
2012.02.22 09:18:25.383,0.82995,0.83025,2.25,1.54
2012.02.22 09:18:26.386,0.82996,0.83029,2.25,3.19
2012.02.22 09:18:28.176,0.82996,0.83029,2.25,3.00
2012.02.22 09:18:28.460,0.82996,0.83029,2.25,3.00
2012.02.22 09:18:28.773,0.82996,0.83029,2.25,3.00
2012.02.22 09:18:29.343,0.82996,0.83029,2.25,3.00
2012.02.22 09:18:30.703,0.82996,0.83028,2.25,1.13
2012.02.22 09:18:30.834,0.82991,0.83026,2.44,3.00
2012.02.22 09:18:31.085,0.82987,0.83021,2.25,3.00
2012.02.22 09:18:31.810,0.82984,0.83015,2.25,2.25
2012.02.22 09:18:35.535,0.82984,0.83015,2.25,2.44
2012.02.22 09:18:39.747,0.82984,0.83015,2.25,2.25
2012.02.22 09:18:40.487,0.82984,0.83015,2.25,2.44
2012.02.22 09:18:43.103,0.82984,0.83015,2.25,2.25
2012.02.22 09:18:43.966,0.82989,0.8302,2.25,2.63
2012.02.22 09:18:44.036,0.82989,0.8302,2.25,2.25
2012.02.22 09:18:44.335,0.82994,0.83024,2.25,1.54
2012.02.22 09:18:45.175,0.82994,0.83024,2.25,1.73
2012.02.22 09:18:47.433,0.82994,0.83023,2.25,1.13
2012.02.22 09:18:48.737,0.82994,0.83024,2.25,1.50
2012.02.22 09:18:53.094,0.82994,0.83024,2.25,1.13
2012.02.22 09:18:54.813,0.82994,0.83022,2.25,1.13
2012.02.22 09:18:54.924,0.82994,0.83023,2.25,1.13
2012.02.22 09:18:55.017,0.8299,0.83019,2.25,2.25
2012.02.22 09:18:56.435,0.82992,0.83024,2.25,3.19
2012.02.22 09:18:56.944,0.82992,0.83024,2.25,3.79
2012.02.22 09:19:01.495,0.82992,0.83021,2.25,1.35
2012.02.22 09:19:04.406,0.82992,0.83023,2.25,1.73
2012.02.22 09:19:05.394,0.82992,0.83021,2.25,1.54
2012.02.22 09:19:06.021,0.82992,0.83023,2.25,1.73
2012.02.22 09:19:06.644,0.82992,0.83023,2.25,1.73
2012.02.22 09:19:07.706,0.82992,0.83021,2.25,1.54
2012.02.22 09:19:08.914,0.82992,0.83021,2.25,1.54
2012.02.22 09:19:09.043,0.82989,0.83018,2.25,3.00
2012.02.22 09:19:09.243,0.82989,0.83018,2.25,2.25
2012.02.22 09:19:09.374,0.82984,0.83015,2.25,2.25
2012.02.22 09:19:10.235,0.82984,0.83015,2.25,3.19
2012.02.22 09:19:10.791,0.82984,0.83015,2.25,2.44
2012.02.22 09:19:12.220,0.82984,0.83015,2.25,2.25
2012.02.22 09:19:14.652,0.82984,0.83015,2.25,2.44
2012.02.22 09:19:17.996,0.82984,0.83015,2.25,2.25
2012.02.22 09:19:18.661,0.82995,0.83021,2.25,1.54
2012.02.22 09:19:19.429,0.82995,0.83023,2.25,2.10
2012.02.22 09:19:23.545,0.82995,0.83023,2.25,1.54
2012.02.22 09:19:26.504,0.82995,0.83024,2.25,2.44
2012.02.22 09:19:27.048,0.82995,0.83024,2.25,2.25
2012.02.22 09:19:27.632,0.82995,0.83024,2.25,2.44
2012.02.22 09:19:28.226,0.82995,0.83024,2.25,3.75
2012.02.22 09:19:28.297,0.82995,0.83024,2.25,3.00
2012.02.22 09:19:29.209,0.82996,0.83027,2.25,3.19
2012.02.22 09:19:29.685,0.82996,0.83027,2.25,2.44
2012.02.22 09:19:29.779,0.82996,0.83027,2.25,2.25
2012.02.22 09:19:31.105,0.82996,0.83027,2.25,3.00
2012.02.22 09:19:31.176,0.82996,0.83027,2.25,2.25
2012.02.22 09:19:31.305,0.82999,0.83031,2.25,1.13
2012.02.22 09:19:32.442,0.82996,0.83027,2.25,3.19
2012.02.22 09:19:35.834,0.82996,0.83026,2.25,1.50
2012.02.22 09:19:36.534,0.82988,0.83023,2.25,3.19
2012.02.22 09:19:41.615,0.82988,0.83023,2.25,3.98
2012.02.22 09:19:41.984,0.82988,0.83023,3.00,3.23
2012.02.22 09:19:42.462,0.82996,0.83027,2.25,4.73
2012.02.22 09:19:44.149,0.82996,0.83027,2.25,2.63
2012.02.22 09:19:45.511,0.82996,0.83027,2.25,3.38
2012.02.22 09:19:45.546,0.8299,0.83023,2.25,1.35
2012.02.22 09:19:46.171,0.8299,0.83023,3.00,1.35
2012.02.22 09:19:46.237,0.8299,0.83024,3.00,1.35
2012.02.22 09:19:47.281,0.8299,0.83025,3.00,3.23
2012.02.22 09:19:49.857,0.8299,0.83025,3.00,2.44
2012.02.22 09:19:50.509,0.8299,0.83025,2.25,3.19
2012.02.22 09:19:52.487,0.8299,0.83024,2.25,1.13
2012.02.22 09:19:54.898,0.8299,0.83023,2.25,1.50
2012.02.22 09:20:00.084,0.8299,0.83023,2.25,1.13
2012.02.22 09:20:00.216,0.82997,0.83028,2.25,2.25
2012.02.22 09:20:00.296,0.82997,0.83029,2.25,3.98
2012.02.22 09:20:00.489,0.83001,0.83029,2.25,1.13
2012.02.22 09:20:00.897,0.83001,0.83028,2.25,1.13
2012.02.22 09:20:01.085,0.82991,0.83027,2.25,3.19
2012.02.22 09:20:01.978,0.82987,0.83023,3.19,3.00
2012.02.22 09:20:02.441,0.82987,0.83023,3.00,2.63
2012.02.22 09:20:03.038,0.82996,0.83025,2.25,3.00
2012.02.22 09:20:03.888,0.82998,0.83031,2.25,1.54
2012.02.22 09:20:05.159,0.82998,0.83031,2.25,1.54
2012.02.22 09:20:07.985,0.82998,0.83029,2.25,1.13
2012.02.22 09:20:08.897,0.82998,0.83028,2.25,1.54
2012.02.22 09:20:09.052,0.82998,0.83032,2.25,3.19
2012.02.22 09:20:09.176,0.82998,0.8303,2.25,1.35
2012.02.22 09:20:09.341,0.82998,0.8303,2.25,1.35
2012.02.22 09:20:10.002,0.82998,0.83032,3.00,3.04
2012.02.22 09:20:10.591,0.82998,0.8303,2.25,1.35
2012.02.22 09:20:13.133,0.82998,0.83032,3.00,3.04
2012.02.22 09:20:13.725,0.82998,0.83032,2.25,3.04
2012.02.22 09:20:13.854,0.82994,0.83034,3.19,2.29
2012.02.22 09:20:14.798,0.82994,0.83034,3.00,2.85
2012.02.22 09:20:16.856,0.82994,0.83037,3.00,2.63
2012.02.22 09:20:17.518,0.82994,0.83037,3.00,2.63
2012.02.22 09:20:17.831,0.82994,0.83037,3.00,2.44
2012.02.22 09:20:19.084,0.82994,0.83037,2.25,3.19
2012.02.22 09:20:19.438,0.83004,0.83037,2.25,2.44
2012.02.22 09:20:20.145,0.83004,0.83037,2.25,3.19
2012.02.22 09:20:21.477,0.83004,0.83037,2.25,2.44
2012.02.22 09:20:21.744,0.83011,0.83039,2.25,1.13
2012.02.22 09:20:22.082,0.83003,0.83038,2.44,3.00
2012.02.22 09:20:22.803,0.8301,0.83042,2.25,3.19
2012.02.22 09:20:22.917,0.83003,0.83038,2.44,3.00
2012.02.22 09:20:23.204,0.83003,0.83038,2.25,3.19
2012.02.22 09:20:23.378,0.83003,0.83038,2.63,3.19
2012.02.22 09:20:24.343,0.83014,0.83044,2.25,1.73
2012.02.22 09:20:24.526,0.8301,0.83042,2.25,3.19
2012.02.22 09:20:24.653,0.83014,0.83044,2.25,1.73
2012.02.22 09:20:24.727,0.83014,0.83044,2.25,1.73
2012.02.22 09:20:24.865,0.83014,0.83044,2.25,1.73
2012.02.22 09:20:25.070,0.83011,0.83041,2.25,3.00
2012.02.22 09:20:26.438,0.83003,0.83038,2.25,3.00
2012.02.22 09:20:28.356,0.83003,0.83038,2.25,3.19
2012.02.22 09:20:29.015,0.83,0.83032,2.25,3.19
2012.02.22 09:20:30.351,0.83,0.83032,2.25,3.19
2012.02.22 09:20:30.438,0.82995,0.83027,2.25,2.44
2012.02.22 09:20:30.507,0.82993,0.83028,2.25,2.44
2012.02.22 09:20:30.632,0.82993,0.83025,2.25,1.35
2012.02.22 09:20:30.810,0.82984,0.83017,3.19,2.25
2012.02.22 09:20:30.985,0.82992,0.83021,2.25,2.82
2012.02.22 09:20:31.540,0.82992,0.83021,2.25,2.44
2012.02.22 09:20:32.914,0.82993,0.83027,2.25,1.35
2012.02.22 09:20:33.254,0.82993,0.83028,2.44,3.00
2012.02.22 09:20:33.322,0.83,0.83032,2.25,3.19
2012.02.22 09:20:33.393,0.83,0.83032,2.25,2.44
2012.02.22 09:20:33.582,0.83003,0.83034,2.25,1.50
2012.02.22 09:20:33.870,0.83,0.83032,2.25,2.44
2012.02.22 09:20:35.167,0.82998,0.8303,2.25,1.13
2012.02.22 09:20:35.756,0.82996,0.83025,2.25,3.00
2012.02.22 09:20:36.330,0.82996,0.83025,3.00,2.25
2012.02.22 09:20:39.312,0.82996,0.83025,2.25,3.19
2012.02.22 09:20:39.444,0.82996,0.83025,2.25,2.44
2012.02.22 09:20:39.512,0.83,0.83029,2.25,3.75
2012.02.22 09:20:39.824,0.83,0.83029,2.25,3.00
2012.02.22 09:20:41.180,0.83002,0.83036,2.25,3.19
2012.02.22 09:20:43.195,0.83002,0.83035,2.25,1.50
2012.02.22 09:20:43.649,0.83002,0.83035,2.25,1.50
2012.02.22 09:20:44.675,0.83002,0.83035,2.25,1.50
2012.02.22 09:20:44.860,0.82998,0.83032,2.25,3.19
2012.02.22 09:20:44.983,0.82994,0.83027,2.44,3.00
2012.02.22 09:20:47.004,0.82994,0.83027,2.25,3.00
2012.02.22 09:20:50.251,0.82994,0.83027,2.25,2.25
2012.02.22 09:20:50.849,0.82994,0.83027,2.25,3.00
2012.02.22 09:20:51.035,0.82991,0.83022,2.25,2.25
2012.02.22 09:20:51.729,0.82991,0.83022,3.00,2.25
2012.02.22 09:20:51.853,0.82999,0.83028,2.25,1.50
2012.02.22 09:20:51.923,0.82999,0.8303,2.25,3.19
2012.02.22 09:20:52.757,0.82999,0.8303,2.25,3.00
2012.02.22 09:20:53.006,0.83,0.83029,2.25,2.25
2012.02.22 09:20:53.073,0.83008,0.83037,2.25,1.50
2012.02.22 09:20:53.668,0.83008,0.83037,2.25,1.13
2012.02.22 09:20:54.428,0.83008,0.83037,2.25,1.13
2012.02.22 09:21:08.333,0.83008,0.83038,2.25,3.19
2012.02.22 09:21:08.500,0.83008,0.83038,2.25,3.19
2012.02.22 09:21:08.565,0.83004,0.83033,2.25,3.00
2012.02.22 09:21:08.696,0.83004,0.83033,2.25,3.00
2012.02.22 09:21:08.767,0.83002,0.83036,2.25,3.19
2012.02.22 09:21:08.945,0.83002,0.83036,3.00,2.44
2012.02.22 09:21:09.014,0.83002,0.83036,3.00,2.44
2012.02.22 09:21:09.957,0.83002,0.8304,2.25,1.54
2012.02.22 09:21:10.808,0.83011,0.83046,2.25,1.50
2012.02.22 09:21:12.646,0.8301,0.83039,2.25,3.19
2012.02.22 09:21:13.086,0.8301,0.83039,2.25,3.98
2012.02.22 09:21:13.159,0.83005,0.83036,2.25,3.00
2012.02.22 09:21:13.282,0.83,0.83032,2.25,3.00
2012.02.22 09:21:14.835,0.83,0.83032,2.25,2.44
2012.02.22 09:21:15.549,0.83,0.83032,2.25,2.25
2012.02.22 09:21:16.240,0.83,0.83032,3.00,2.25
2012.02.22 09:21:16.306,0.83,0.83032,2.25,2.25
2012.02.22 09:21:16.577,0.83004,0.83037,2.25,3.19
2012.02.22 09:21:18.649,0.83004,0.83037,2.25,2.44
2012.02.22 09:21:18.916,0.83004,0.83037,2.25,3.19
2012.02.22 09:21:19.153,0.83008,0.83042,2.25,3.19
2012.02.22 09:21:19.247,0.83008,0.83042,2.25,3.19
2012.02.22 09:21:20.011,0.83017,0.83048,2.25,1.13
2012.02.22 09:21:20.378,0.83015,0.83046,2.25,3.19
2012.02.22 09:21:25.412,0.83015,0.83046,2.25,3.00
2012.02.22 09:21:25.544,0.83019,0.83048,2.25,1.35
2012.02.22 09:21:25.615,0.83011,0.83047,2.63,3.00
2012.02.22 09:21:25.894,0.83011,0.83047,2.25,3.00
2012.02.22 09:21:26.427,0.83011,0.83047,2.25,3.00
2012.02.22 09:21:27.259,0.83011,0.83047,2.25,3.19
2012.02.22 09:21:27.798,0.83009,0.8304,2.25,3.00
2012.02.22 09:21:27.865,0.83009,0.8304,2.25,3.00
2012.02.22 09:21:28.238,0.83009,0.8304,2.25,3.00
2012.02.22 09:21:29.435,0.83009,0.8304,2.25,3.00
2012.02.22 09:21:31.458,0.83012,0.83044,2.25,1.13
2012.02.22 09:21:32.358,0.83012,0.83046,2.25,3.19
2012.02.22 09:21:33.636,0.83016,0.8305,2.25,3.79
2012.02.22 09:21:34.324,0.83016,0.8305,2.25,3.60
2012.02.22 09:21:37.018,0.83016,0.83045,2.25,1.13
2012.02.22 09:21:37.221,0.83006,0.8304,3.75,3.00
2012.02.22 09:21:37.407,0.8301,0.83045,2.63,3.00
2012.02.22 09:21:37.983,0.8301,0.83045,2.63,3.00
2012.02.22 09:21:38.546,0.83018,0.83047,2.25,1.35
2012.02.22 09:21:39.871,0.83018,0.83047,2.25,1.54
2012.02.22 09:21:39.942,0.83018,0.83047,2.25,1.54
2012.02.22 09:21:40.649,0.83018,0.83047,2.25,1.54
2012.02.22 09:21:40.717,0.83018,0.83047,2.25,1.54
2012.02.22 09:21:41.436,0.83011,0.83044,2.25,3.00
2012.02.22 09:21:47.270,0.83011,0.83044,2.25,3.19
2012.02.22 09:21:47.745,0.83011,0.83044,2.25,3.00
2012.02.22 09:21:48.596,0.83011,0.83044,2.25,3.00
2012.02.22 09:21:49.725,0.83011,0.83044,2.25,3.00
2012.02.22 09:21:54.794,0.83011,0.83044,2.25,3.19
2012.02.22 09:21:54.863,0.83011,0.83044,2.25,3.19
2012.02.22 09:21:55.446,0.83011,0.83044,2.25,3.19
2012.02.22 09:21:58.929,0.83011,0.83044,2.25,3.19
2012.02.22 09:21:59.046,0.83011,0.83044,2.25,3.19
2012.02.22 09:22:04.075,0.83011,0.83044,2.25,3.00
2012.02.22 09:22:04.906,0.83015,0.83047,2.25,3.19
2012.02.22 09:22:04.979,0.83011,0.83043,2.63,3.19
2012.02.22 09:22:07.426,0.83011,0.83043,2.25,3.19
2012.02.22 09:22:09.696,0.83011,0.83043,2.25,3.19
2012.02.22 09:22:12.153,0.83011,0.83042,2.25,1.13
2012.02.22 09:22:12.341,0.83003,0.83034,2.44,3.00
2012.02.22 09:22:12.474,0.83003,0.83034,2.82,3.00
2012.02.22 09:22:12.545,0.83007,0.83039,2.25,3.00
2012.02.22 09:22:13.618,0.83007,0.83039,2.25,3.19
2012.02.22 09:22:14.627,0.83003,0.83033,2.63,3.00
2012.02.22 09:22:14.697,0.83003,0.83033,2.25,3.19
2012.02.22 09:22:15.446,0.83007,0.83037,2.25,1.50
2012.02.22 09:22:15.513,0.83007,0.83039,2.25,3.19
2012.02.22 09:22:16.183,0.83002,0.83034,3.00,2.25
2012.02.22 09:22:16.253,0.83002,0.83034,2.25,3.19
2012.02.22 09:22:17.771,0.83007,0.83039,2.25,3.19
2012.02.22 09:22:21.136,0.83002,0.83034,2.25,3.19
2012.02.22 09:22:21.201,0.83007,0.83039,2.25,3.19
2012.02.22 09:22:21.851,0.83007,0.83039,2.25,3.19
2012.02.22 09:22:24.175,0.83007,0.83039,2.25,3.19
2012.02.22 09:22:25.925,0.83007,0.83039,2.25,3.19
2012.02.22 09:22:28.191,0.83007,0.83039,2.25,3.19
2012.02.22 09:22:30.324,0.83007,0.83039,2.25,3.19
2012.02.22 09:22:30.921,0.83007,0.83039,2.25,3.19
2012.02.22 09:22:31.052,0.83007,0.83039,2.25,3.19
2012.02.22 09:22:31.113,0.83007,0.83039,2.25,3.19
2012.02.22 09:22:31.215,0.83007,0.83039,2.25,3.19
2012.02.22 09:22:31.549,0.83007,0.83039,2.25,3.19
2012.02.22 09:22:32.038,0.83007,0.83039,2.25,3.19
2012.02.22 09:22:32.705,0.83007,0.83039,2.25,3.19
2012.02.22 09:22:32.766,0.83007,0.83039,2.25,3.19
2012.02.22 09:22:34.416,0.83007,0.83039,2.25,3.19
2012.02.22 09:22:35.051,0.83007,0.83039,2.63,3.00
2012.02.22 09:22:35.128,0.83013,0.83042,2.25,1.13
2012.02.22 09:22:37.361,0.83013,0.83044,2.25,3.19
2012.02.22 09:22:37.429,0.83013,0.83041,2.25,1.50
2012.02.22 09:22:37.563,0.83005,0.83036,2.25,3.00
2012.02.22 09:22:37.939,0.83007,0.83038,2.25,1.54
2012.02.22 09:22:38.323,0.83007,0.83043,2.63,3.19
2012.02.22 09:22:38.436,0.83007,0.83043,2.63,3.19
2012.02.22 09:22:38.505,0.83011,0.83044,2.25,1.35
2012.02.22 09:22:39.130,0.83011,0.83044,2.25,1.35
2012.02.22 09:22:39.199,0.83011,0.83044,2.25,1.54
2012.02.22 09:22:39.269,0.83011,0.83044,2.25,1.54
2012.02.22 09:22:39.839,0.83009,0.8304,2.25,3.00
2012.02.22 09:22:39.969,0.83001,0.83037,2.25,3.19
2012.02.22 09:22:40.092,0.83001,0.83037,2.25,3.19
2012.02.22 09:22:40.892,0.83006,0.83038,2.25,1.54
2012.02.22 09:22:40.958,0.83006,0.83038,2.25,1.54
2012.02.22 09:22:46.866,0.83006,0.83038,2.25,1.54
2012.02.22 09:22:47.074,0.83006,0.83038,2.25,1.54
2012.02.22 09:22:48.853,0.83006,0.83039,2.25,1.73
2012.02.22 09:22:48.974,0.83006,0.83038,2.63,1.54
2012.02.22 09:22:49.589,0.8301,0.83039,2.25,1.13
2012.02.22 09:22:49.660,0.83007,0.83039,2.25,3.38
2012.02.22 09:22:50.215,0.83007,0.83039,2.25,3.19
2012.02.22 09:22:57.396,0.83007,0.83039,2.25,3.19
2012.02.22 09:22:58.584,0.83003,0.83033,2.25,3.00
2012.02.22 09:22:59.923,0.83003,0.83033,2.82,3.00
2012.02.22 09:23:00.451,0.83008,0.83035,2.25,1.35
2012.02.22 09:23:00.514,0.83008,0.83038,2.25,3.00
2012.02.22 09:23:04.107,0.83008,0.83038,2.25,3.19
2012.02.22 09:23:05.663,0.83012,0.83042,2.25,3.38
2012.02.22 09:23:07.783,0.83012,0.83042,2.25,3.00
2012.02.22 09:23:07.856,0.83016,0.83045,2.25,1.54
2012.02.22 09:23:13.182,0.83016,0.83046,2.25,3.38
2012.02.22 09:23:13.645,0.83019,0.83047,2.25,1.13
2012.02.22 09:23:15.072,0.83019,0.83049,2.25,1.13
2012.02.22 09:23:15.204,0.83019,0.83047,2.25,1.13
2012.02.22 09:23:16.188,0.83019,0.83049,2.25,1.13
2012.02.22 09:23:16.363,0.83014,0.83049,2.63,3.00
2012.02.22 09:23:16.990,0.83014,0.83048,2.25,1.13
2012.02.22 09:23:17.413,0.83014,0.83048,2.25,1.13
2012.02.22 09:23:20.426,0.83014,0.83049,2.25,3.19
2012.02.22 09:23:20.936,0.83014,0.83049,2.25,3.19
2012.02.22 09:23:21.571,0.83016,0.83046,2.25,3.19
2012.02.22 09:23:23.505,0.83016,0.83045,2.25,1.13
2012.02.22 09:23:23.861,0.83012,0.83042,2.25,3.00
2012.02.22 09:23:25.226,0.83012,0.83042,2.25,3.00
2012.02.22 09:23:25.454,0.83012,0.83042,2.25,3.00
2012.02.22 09:23:30.671,0.83021,0.83046,2.25,1.54
2012.02.22 09:23:30.736,0.83021,0.83046,2.25,1.54
2012.02.22 09:23:30.805,0.83021,0.83046,2.25,1.54
2012.02.22 09:23:31.773,0.83018,0.83048,2.25,3.00
2012.02.22 09:23:32.488,0.83018,0.83048,2.25,3.00
2012.02.22 09:23:34.038,0.83018,0.83048,2.25,3.00
2012.02.22 09:23:34.243,0.83018,0.83048,2.25,3.00
2012.02.22 09:23:35.672,0.83018,0.83048,2.25,3.00
2012.02.22 09:23:36.627,0.83022,0.83052,2.25,3.38
2012.02.22 09:23:37.226,0.83022,0.83052,2.25,3.19
2012.02.22 09:23:37.302,0.83024,0.83054,2.25,1.54
2012.02.22 09:23:37.597,0.83022,0.83052,2.25,3.19
2012.02.22 09:23:37.665,0.83022,0.83052,2.25,3.19
2012.02.22 09:23:37.734,0.83025,0.83056,2.25,1.50
2012.02.22 09:23:38.947,0.83025,0.83056,2.25,1.50
2012.02.22 09:23:40.126,0.83025,0.83057,2.25,3.19
2012.02.22 09:23:45.243,0.83025,0.83057,2.25,2.44
2012.02.22 09:23:45.473,0.83029,0.83059,2.25,1.73
2012.02.22 09:23:46.290,0.83029,0.83062,2.25,3.38
2012.02.22 09:23:48.011,0.83029,0.83062,2.25,3.38
2012.02.22 09:23:48.187,0.83029,0.83062,2.25,3.38
2012.02.22 09:23:48.780,0.83029,0.83062,2.63,3.38
2012.02.22 09:23:48.849,0.83028,0.83063,2.25,3.19
2012.02.22 09:23:52.403,0.83028,0.83062,2.25,1.73
2012.02.22 09:23:52.592,0.83025,0.83057,2.25,3.19
2012.02.22 09:24:10.663,0.83025,0.83057,2.25,3.19
2012.02.22 09:24:11.149,0.83025,0.83057,2.25,3.38
2012.02.22 09:24:11.504,0.83022,0.83052,2.25,3.00
2012.02.22 09:24:11.685,0.83022,0.83052,2.25,3.38
2012.02.22 09:24:12.914,0.83024,0.83056,2.25,1.50
2012.02.22 09:24:13.044,0.83022,0.83052,2.25,3.19
2012.02.22 09:24:13.272,0.83025,0.83056,2.25,1.50
2012.02.22 09:24:13.591,0.83022,0.83052,2.25,3.19
2012.02.22 09:24:14.304,0.83024,0.83056,2.25,1.50
2012.02.22 09:24:14.369,0.83022,0.83052,2.25,3.19
2012.02.22 09:24:14.870,0.83022,0.83052,2.25,3.19
2012.02.22 09:24:15.254,0.83022,0.83052,2.25,3.19
2012.02.22 09:24:15.458,0.83022,0.83052,2.25,3.19
2012.02.22 09:24:20.043,0.83017,0.83049,2.25,3.00
2012.02.22 09:24:20.242,0.83017,0.83049,2.25,3.00
2012.02.22 09:24:20.877,0.83017,0.83049,2.44,3.00
2012.02.22 09:24:21.524,0.83021,0.83054,2.25,3.00
2012.02.22 09:24:21.598,0.83021,0.83054,2.25,3.00
2012.02.22 09:24:21.947,0.83021,0.83054,2.25,3.00
2012.02.22 09:24:25.075,0.83021,0.83054,2.25,3.19
2012.02.22 09:24:25.183,0.83021,0.83054,2.25,3.19
2012.02.22 09:24:29.600,0.83021,0.83054,2.25,3.19
2012.02.22 09:24:29.734,0.83021,0.83054,2.25,3.19
2012.02.22 09:24:32.374,0.83021,0.83054,2.25,3.19
2012.02.22 09:24:32.663,0.83021,0.83054,2.25,3.19
2012.02.22 09:24:33.329,0.83021,0.83054,2.25,3.00
2012.02.22 09:24:34.162,0.83021,0.83058,3.38,1.13
2012.02.22 09:24:34.227,0.83031,0.83064,2.25,3.19
2012.02.22 09:24:36.083,0.83031,0.83064,2.25,3.19
2012.02.22 09:24:36.199,0.83031,0.83064,2.25,3.19
2012.02.22 09:24:38.391,0.83031,0.83064,2.25,3.19
2012.02.22 09:24:38.602,0.83022,0.83063,3.38,3.00
2012.02.22 09:24:38.661,0.83022,0.83063,2.82,3.19
2012.02.22 09:24:39.003,0.83022,0.83063,2.82,3.19
2012.02.22 09:24:39.836,0.83026,0.83059,2.25,1.13
2012.02.22 09:24:39.911,0.83026,0.83059,2.25,1.13
2012.02.22 09:24:40.017,0.8303,0.83059,2.25,3.38
2012.02.22 09:24:41.007,0.8303,0.83059,2.25,3.38
2012.02.22 09:24:41.666,0.8303,0.83059,2.25,3.38
2012.02.22 09:24:41.735,0.8303,0.83059,2.25,3.38
2012.02.22 09:24:42.248,0.8303,0.83059,2.25,3.19
2012.02.22 09:24:42.467,0.8303,0.83059,2.25,3.19
2012.02.22 09:24:44.160,0.8303,0.83059,2.25,3.19
2012.02.22 09:24:44.743,0.8303,0.83059,2.25,3.38
2012.02.22 09:24:48.132,0.8303,0.83059,2.25,3.19
2012.02.22 09:24:53.765,0.8303,0.83059,2.25,3.19
2012.02.22 09:24:56.186,0.8303,0.83059,2.25,3.75
2012.02.22 09:24:56.516,0.8303,0.83059,2.25,4.73
2012.02.22 09:24:56.700,0.83021,0.83051,2.25,3.19
2012.02.22 09:25:00.797,0.83026,0.83055,2.25,3.19
2012.02.22 09:25:01.457,0.83026,0.83055,2.25,3.19
2012.02.22 09:25:01.937,0.83026,0.83055,2.25,3.19
2012.02.22 09:25:02.668,0.83026,0.83055,2.25,3.19
2012.02.22 09:25:03.994,0.83026,0.83055,2.25,3.19
2012.02.22 09:25:04.832,0.83026,0.83055,2.25,3.19
2012.02.22 09:25:05.259,0.83026,0.83055,2.25,3.19
2012.02.22 09:25:08.322,0.83026,0.83055,2.25,3.75
2012.02.22 09:25:08.442,0.83026,0.83055,2.25,3.75
2012.02.22 09:25:09.024,0.8302,0.83052,2.25,3.19
2012.02.22 09:25:10.296,0.8302,0.83052,2.25,3.19
2012.02.22 09:25:12.213,0.8302,0.83052,2.25,3.19
2012.02.22 09:25:12.835,0.8302,0.83052,2.25,3.19
2012.02.22 09:25:13.436,0.8302,0.83052,2.25,3.19
2012.02.22 09:25:13.704,0.8302,0.83052,2.25,3.19
2012.02.22 09:25:15.954,0.8302,0.83052,2.25,3.19
2012.02.22 09:25:17.716,0.8302,0.83052,2.25,3.19
2012.02.22 09:25:18.191,0.8302,0.83052,2.25,3.19
2012.02.22 09:25:20.207,0.8302,0.83052,2.25,3.19
2012.02.22 09:25:20.396,0.8302,0.83048,2.25,1.13
2012.02.22 09:25:21.107,0.83004,0.83037,3.00,2.25
2012.02.22 09:25:21.180,0.83004,0.83037,2.25,2.25
2012.02.22 09:25:22.861,0.83004,0.83037,2.63,2.25
2012.02.22 09:25:23.510,0.83012,0.83046,2.25,3.19
2012.02.22 09:25:25.217,0.83012,0.83046,2.25,3.00
2012.02.22 09:25:31.620,0.83012,0.83046,2.25,3.19
2012.02.22 09:25:31.689,0.83012,0.83046,3.00,3.00
2012.02.22 09:25:31.754,0.83012,0.83046,3.00,2.25
2012.02.22 09:25:31.823,0.83021,0.83049,2.25,1.73
2012.02.22 09:25:32.414,0.83021,0.83049,2.25,1.73
2012.02.22 09:25:32.963,0.83021,0.83053,2.25,1.13
2012.02.22 09:25:33.223,0.83021,0.83053,2.25,1.13
2012.02.22 09:25:33.514,0.83021,0.83053,2.25,1.13
2012.02.22 09:25:34.746,0.83021,0.83052,2.25,1.32
2012.02.22 09:25:34.819,0.83011,0.83047,2.44,3.00
2012.02.22 09:25:36.186,0.83009,0.8304,2.25,3.00
2012.02.22 09:25:36.629,0.83014,0.83043,2.25,3.19
2012.02.22 09:25:38.212,0.83015,0.83047,2.25,1.54
2012.02.22 09:25:44.177,0.83007,0.83047,1.50,1.35
2012.02.22 09:25:44.244,0.83006,0.83047,4.35,1.35
2012.02.22 09:25:44.635,0.83006,0.83047,3.79,1.35
2012.02.22 09:25:56.444,0.83006,0.83049,3.79,1.13
2012.02.22 09:25:56.671,0.83012,0.83049,2.25,1.13
2012.02.22 09:25:57.752,0.83012,0.83051,3.38,1.13
2012.02.22 09:25:58.054,0.83021,0.83054,2.25,3.38
2012.02.22 09:25:58.124,0.83011,0.83054,2.44,3.38
2012.02.22 09:25:58.195,0.83016,0.83054,1.13,3.38
2012.02.22 09:25:58.263,0.83021,0.83054,2.25,3.38
2012.02.22 09:25:59.218,0.83016,0.83053,1.13,2.44
2012.02.22 09:25:59.767,0.83012,0.83051,2.44,1.13
2012.02.22 09:25:59.837,0.8301,0.83045,2.25,3.00
2012.02.22 09:26:00.965,0.83012,0.83045,1.13,2.44
2012.02.22 09:26:01.322,0.83021,0.83049,2.25,1.54
2012.02.22 09:26:02.377,0.83021,0.83052,2.25,1.13
2012.02.22 09:26:03.254,0.83021,0.83049,2.25,1.13
2012.02.22 09:26:03.322,0.83018,0.83048,2.25,2.44
2012.02.22 09:26:05.786,0.83018,0.83048,2.25,2.63
2012.02.22 09:26:05.965,0.83021,0.83049,2.25,1.13
2012.02.22 09:26:06.446,0.83021,0.83053,2.25,1.50
2012.02.22 09:26:07.164,0.83021,0.83053,2.25,1.50
2012.02.22 09:26:07.906,0.83018,0.83048,2.25,3.19
2012.02.22 09:26:09.884,0.8302,0.83053,2.25,1.50
2012.02.22 09:26:10.914,0.83015,0.83051,2.63,3.19
2012.02.22 09:26:11.093,0.83021,0.83053,2.25,1.50
2012.02.22 09:26:11.675,0.83021,0.83053,2.25,1.13
2012.02.22 09:26:11.805,0.83017,0.83049,2.25,3.00
2012.02.22 09:26:13.214,0.83017,0.83049,2.25,3.19
2012.02.22 09:26:14.068,0.83021,0.83053,2.25,1.50
2012.02.22 09:26:15.416,0.83021,0.83054,2.25,3.98
2012.02.22 09:26:15.832,0.83017,0.83049,2.63,3.19
2012.02.22 09:26:16.404,0.83017,0.83049,2.25,3.19
2012.02.22 09:26:16.734,0.83017,0.83049,2.25,3.19
2012.02.22 09:26:16.958,0.83017,0.83049,2.25,3.19
2012.02.22 09:26:17.847,0.8302,0.83053,2.25,1.13
2012.02.22 09:26:18.665,0.8302,0.83053,2.25,1.13
2012.02.22 09:26:19.316,0.8302,0.83053,2.25,1.13
2012.02.22 09:26:20.160,0.83018,0.83048,2.25,3.19
2012.02.22 09:26:20.696,0.83018,0.83048,2.25,3.19
2012.02.22 09:26:22.218,0.83015,0.83048,2.25,1.13
2012.02.22 09:26:24.986,0.83013,0.83044,2.25,3.00
2012.02.22 09:26:25.064,0.83013,0.83044,2.25,3.00
2012.02.22 09:26:27.129,0.83015,0.83049,2.25,1.13
2012.02.22 09:26:28.440,0.83015,0.83049,2.25,1.13
2012.02.22 09:26:28.903,0.83013,0.83044,2.25,3.00
2012.02.22 09:26:30.537,0.83013,0.83044,2.25,3.00
2012.02.22 09:26:30.603,0.83013,0.83044,2.25,3.38
2012.02.22 09:26:30.799,0.83011,0.83044,2.25,1.13
2012.02.22 09:26:30.864,0.83011,0.83044,2.25,1.13
2012.02.22 09:26:30.937,0.83002,0.83044,3.38,1.13
2012.02.22 09:26:31.582,0.83011,0.83047,2.25,3.19
2012.02.22 09:26:31.895,0.83015,0.8305,2.25,1.13
2012.02.22 09:26:32.112,0.83008,0.8305,1.13,3.38
2012.02.22 09:26:32.314,0.83016,0.8305,2.25,3.38
2012.02.22 09:26:32.444,0.83016,0.8305,2.25,3.38
2012.02.22 09:26:32.713,0.83016,0.8305,2.25,3.38
2012.02.22 09:26:32.782,0.83006,0.83048,2.44,1.13
2012.02.22 09:26:39.148,0.83006,0.83048,3.19,1.13
2012.02.22 09:26:40.108,0.83006,0.83049,3.19,1.50
2012.02.22 09:26:40.185,0.83012,0.83049,2.25,1.50
2012.02.22 09:26:40.426,0.83012,0.83053,2.25,3.75
2012.02.22 09:26:46.183,0.83011,0.83044,3.00,2.44
2012.02.22 09:26:46.494,0.83017,0.83048,2.25,1.50
2012.02.22 09:26:46.621,0.83017,0.83049,2.25,3.19
2012.02.22 09:26:46.742,0.8302,0.83054,2.25,1.50
2012.02.22 09:26:47.146,0.8302,0.83055,2.25,3.19
2012.02.22 09:26:54.350,0.8302,0.83055,2.25,3.19
2012.02.22 09:26:54.420,0.8302,0.83055,2.44,3.00
2012.02.22 09:26:55.284,0.8302,0.83055,2.25,3.00
2012.02.22 09:27:00.604,0.8302,0.83054,2.25,1.54
2012.02.22 09:27:01.597,0.8302,0.83054,2.25,1.54
2012.02.22 09:27:09.942,0.8302,0.83054,2.63,1.54
2012.02.22 09:27:10.544,0.83025,0.83054,2.25,1.35
2012.02.22 09:27:12.126,0.83025,0.83054,2.25,1.35
2012.02.22 09:27:12.195,0.83025,0.83057,2.25,1.54
2012.02.22 09:27:13.364,0.83025,0.83057,2.25,1.54
2012.02.22 09:27:15.753,0.83025,0.83057,2.25,1.54
2012.02.22 09:27:16.964,0.83025,0.83057,2.25,1.54
2012.02.22 09:27:17.187,0.83025,0.83057,2.25,1.54
2012.02.22 09:27:18.855,0.83025,0.83054,2.25,1.50
2012.02.22 09:27:19.531,0.83016,0.8305,3.00,3.19
2012.02.22 09:27:20.192,0.83016,0.8305,3.00,2.44
2012.02.22 09:27:20.738,0.83016,0.8305,3.00,3.19
2012.02.22 09:27:20.855,0.83016,0.8305,3.00,2.44
2012.02.22 09:27:21.726,0.83016,0.8305,3.19,3.00
2012.02.22 09:27:22.558,0.83016,0.8305,3.38,3.00
2012.02.22 09:27:23.275,0.83021,0.83053,2.25,1.35
2012.02.22 09:27:23.354,0.83016,0.8305,3.38,3.00
2012.02.22 09:27:23.935,0.83016,0.8305,2.63,3.00
2012.02.22 09:27:24.090,0.83016,0.8305,3.38,3.00
2012.02.22 09:27:24.151,0.83016,0.8305,3.38,2.25
2012.02.22 09:27:24.929,0.83016,0.8305,3.38,3.00
2012.02.22 09:27:33.357,0.83016,0.8305,3.00,3.00
2012.02.22 09:27:33.508,0.83016,0.8305,3.75,3.00
2012.02.22 09:27:34.610,0.83016,0.8305,3.75,3.00
2012.02.22 09:27:36.075,0.83016,0.8305,3.57,3.00
2012.02.22 09:27:36.144,0.83016,0.8305,3.94,3.00
2012.02.22 09:27:36.868,0.83021,0.83054,2.63,3.00
2012.02.22 09:27:39.494,0.83024,0.83057,2.25,1.73
2012.02.22 09:27:40.605,0.83024,0.83057,2.63,1.35
2012.02.22 09:27:41.690,0.83024,0.83057,2.63,1.35
2012.02.22 09:27:42.411,0.83024,0.83057,2.63,1.35
2012.02.22 09:27:43.114,0.83024,0.83057,2.63,1.35
2012.02.22 09:27:43.182,0.83024,0.83057,2.25,1.35
2012.02.22 09:27:43.245,0.83021,0.83053,2.25,3.00
2012.02.22 09:27:43.935,0.83021,0.83053,2.25,3.00
2012.02.22 09:27:45.975,0.83021,0.83053,3.00,3.38
2012.02.22 09:27:46.852,0.83025,0.83057,2.63,1.13
2012.02.22 09:27:50.909,0.83025,0.83057,2.63,1.13
2012.02.22 09:27:51.459,0.83025,0.83057,2.63,1.13
2012.02.22 09:27:55.919,0.83025,0.83057,2.63,1.13
2012.02.22 09:27:56.124,0.83025,0.83057,2.63,1.13
2012.02.22 09:27:56.406,0.83025,0.83057,2.63,1.13
2012.02.22 09:27:56.674,0.83025,0.83057,2.63,1.13
2012.02.22 09:27:57.637,0.83022,0.83052,2.25,3.19
2012.02.22 09:27:57.945,0.83022,0.83052,2.25,3.19
2012.02.22 09:27:58.175,0.83022,0.83052,2.25,3.19
2012.02.22 09:27:58.242,0.83022,0.83052,2.63,3.19
2012.02.22 09:28:00.476,0.83022,0.83052,2.25,3.19
2012.02.22 09:28:00.547,0.83022,0.83052,2.25,3.19
2012.02.22 09:28:00.884,0.83025,0.83054,2.25,1.13
2012.02.22 09:28:01.735,0.83025,0.83056,2.25,1.73
2012.02.22 09:28:03.642,0.83021,0.83053,2.25,3.19
2012.02.22 09:28:07.716,0.83021,0.83052,2.25,1.13
2012.02.22 09:28:07.878,0.83017,0.83049,2.25,3.19
2012.02.22 09:28:08.012,0.83017,0.83049,2.25,3.19
2012.02.22 09:28:12.207,0.83017,0.83048,2.25,1.13
2012.02.22 09:28:17.331,0.83017,0.83049,2.25,3.19
2012.02.22 09:28:17.955,0.83021,0.8305,2.25,1.54
2012.02.22 09:28:18.868,0.83021,0.83053,2.25,1.13
2012.02.22 09:28:19.635,0.83021,0.83053,2.25,1.50
2012.02.22 09:28:20.179,0.83018,0.83048,2.25,2.44
2012.02.22 09:28:24.785,0.83018,0.83048,2.25,3.19
2012.02.22 09:28:26.879,0.83018,0.83048,2.25,2.44
2012.02.22 09:28:29.343,0.83018,0.83048,2.25,3.19
2012.02.22 09:28:30.655,0.83018,0.83048,2.25,3.19
2012.02.22 09:28:31.083,0.83018,0.83048,2.25,3.19
2012.02.22 09:28:32.767,0.83018,0.83048,2.25,3.00
2012.02.22 09:28:33.264,0.83022,0.8305,2.25,1.54
2012.02.22 09:28:38.047,0.83022,0.83052,2.25,3.38
2012.02.22 09:28:53.670,0.83018,0.83048,2.25,3.00
2012.02.22 09:28:53.738,0.83022,0.83052,2.25,3.57
2012.02.22 09:28:53.804,0.83017,0.83049,2.25,3.00
2012.02.22 09:28:54.297,0.83017,0.83049,2.25,3.79
2012.02.22 09:28:58.034,0.8301,0.83045,3.00,2.25
2012.02.22 09:28:58.328,0.83018,0.83048,2.25,2.44
2012.02.22 09:29:01.214,0.83018,0.83048,2.25,2.44
2012.02.22 09:29:05.997,0.83018,0.83048,2.25,2.25
2012.02.22 09:29:08.185,0.83018,0.83048,2.44,2.25
2012.02.22 09:29:08.266,0.83018,0.83048,2.82,2.25
2012.02.22 09:29:08.455,0.8302,0.83055,2.63,3.00
2012.02.22 09:29:09.226,0.83021,0.83055,1.13,2.25
2012.02.22 09:29:10.777,0.83021,0.83055,1.13,2.44
2012.02.22 09:29:11.499,0.83022,0.83057,2.25,2.44
2012.02.22 09:29:11.713,0.83022,0.83057,2.25,3.19
2012.02.22 09:29:12.015,0.8302,0.8305,2.82,2.25
2012.02.22 09:29:12.108,0.83022,0.83057,2.25,3.19
2012.02.22 09:29:12.709,0.83022,0.83057,2.25,2.44
2012.02.22 09:29:12.782,0.83022,0.83056,2.25,1.50
2012.02.22 09:29:13.238,0.83022,0.83057,2.25,2.44
2012.02.22 09:29:14.859,0.83022,0.83057,3.00,2.44
2012.02.22 09:29:16.423,0.83022,0.83057,2.25,2.44
2012.02.22 09:29:17.855,0.83022,0.83057,2.25,2.63
2012.02.22 09:29:18.665,0.83022,0.83057,2.82,2.25
2012.02.22 09:29:20.127,0.83029,0.83061,2.25,3.19
2012.02.22 09:29:26.197,0.83029,0.83061,2.25,4.50
2012.02.22 09:29:26.569,0.83021,0.83052,2.25,2.25
2012.02.22 09:29:28.768,0.83021,0.83052,3.00,2.25
2012.02.22 09:29:29.490,0.83021,0.83052,2.25,2.25
2012.02.22 09:29:31.413,0.83026,0.83055,2.25,3.19
2012.02.22 09:29:33.140,0.8303,0.83061,2.25,3.19
2012.02.22 09:29:33.377,0.8302,0.83051,3.00,2.25
2012.02.22 09:29:33.598,0.83026,0.83055,2.25,3.00
2012.02.22 09:29:34.116,0.83022,0.83051,2.25,2.25
2012.02.22 09:29:34.920,0.83022,0.83051,2.25,3.00
2012.02.22 09:29:34.989,0.83022,0.83051,2.25,2.25
2012.02.22 09:29:37.199,0.83025,0.83056,2.25,3.19
2012.02.22 09:29:38.204,0.83025,0.83056,2.25,3.19
2012.02.22 09:29:48.000,0.83025,0.83056,2.25,3.19
2012.02.22 09:29:49.147,0.83025,0.83056,2.25,3.19
2012.02.22 09:29:49.218,0.83025,0.83056,2.25,3.19
2012.02.22 09:29:49.754,0.83025,0.83056,2.25,3.19
2012.02.22 09:29:52.906,0.83025,0.83056,2.25,3.19
2012.02.22 09:29:54.031,0.83025,0.83056,2.25,3.19
2012.02.22 09:29:55.417,0.83025,0.83056,2.25,3.19
2012.02.22 09:29:56.673,0.83025,0.83056,2.25,3.19
2012.02.22 09:29:57.224,0.83025,0.83056,2.25,3.19
2012.02.22 09:30:00.433,0.83025,0.83056,2.25,3.00
2012.02.22 09:30:00.749,0.83027,0.83058,2.25,1.13
2012.02.22 09:30:01.717,0.83026,0.83055,2.25,3.00
2012.02.22 09:30:03.522,0.83025,0.83056,2.25,3.00
2012.02.22 09:30:04.233,0.83025,0.83056,2.25,3.00
2012.02.22 09:30:04.455,0.83025,0.83056,2.25,3.00
2012.02.22 09:30:04.527,0.83027,0.83059,2.25,1.13
2012.02.22 09:30:05.358,0.83027,0.83062,2.25,1.13
2012.02.22 09:30:05.567,0.83025,0.83056,2.25,3.00
2012.02.22 09:30:05.832,0.83027,0.83062,2.25,1.13
2012.02.22 09:30:06.403,0.83026,0.83055,2.25,3.00
2012.02.22 09:30:07.261,0.83026,0.83055,2.25,3.00
2012.02.22 09:30:07.326,0.83026,0.83055,2.25,3.00
2012.02.22 09:30:07.453,0.83026,0.83055,2.25,3.00
2012.02.22 09:30:08.850,0.83026,0.83055,2.25,3.00
2012.02.22 09:30:09.522,0.83026,0.83055,2.25,3.00
2012.02.22 09:30:10.377,0.83026,0.83055,2.25,3.00
2012.02.22 09:30:10.646,0.83026,0.83055,2.25,3.00
2012.02.22 09:30:11.396,0.83026,0.83055,2.25,3.00
2012.02.22 09:30:11.623,0.83034,0.83055,2.25,1.50
2012.02.22 09:30:11.693,0.83024,0.83055,2.25,1.50
2012.02.22 09:30:11.767,0.83024,0.83052,2.25,1.50
2012.02.22 09:30:11.896,0.83019,0.83049,2.25,3.19
2012.02.22 09:30:11.975,0.83019,0.83047,2.25,1.13
2012.02.22 09:30:12.046,0.83015,0.83045,2.25,3.00
2012.02.22 09:30:12.681,0.83015,0.83045,2.25,3.38
2012.02.22 09:30:12.774,0.83014,0.83044,2.25,3.00
2012.02.22 09:30:12.910,0.83017,0.83049,2.25,3.75
2012.02.22 09:30:13.044,0.83017,0.83049,2.25,3.00
2012.02.22 09:30:14.574,0.83023,0.83052,2.25,3.00
2012.02.22 09:30:14.932,0.83022,0.83053,2.25,3.19
2012.02.22 09:30:16.197,0.83024,0.83054,2.25,1.50
2012.02.22 09:30:16.291,0.8302,0.83055,3.00,2.25
2012.02.22 09:30:16.358,0.83027,0.83059,2.25,3.19
2012.02.22 09:30:17.624,0.83027,0.83057,2.25,1.32
2012.02.22 09:30:17.712,0.83019,0.83051,2.25,3.00
2012.02.22 09:30:17.836,0.83023,0.83051,2.25,1.50
2012.02.22 09:30:18.601,0.83023,0.83055,2.25,3.75
2012.02.22 09:30:19.232,0.83023,0.83055,2.25,3.75
2012.02.22 09:30:19.606,0.83033,0.8306,2.25,1.13
2012.02.22 09:30:19.745,0.83024,0.83057,2.25,1.50
2012.02.22 09:30:19.813,0.83022,0.83057,2.25,3.75
2012.02.22 09:30:20.034,0.83022,0.83057,2.25,3.00
2012.02.22 09:30:20.779,0.83022,0.83057,2.25,3.19
2012.02.22 09:30:25.383,0.83022,0.83057,2.25,3.19
2012.02.22 09:30:25.671,0.83022,0.83057,2.25,3.19
2012.02.22 09:30:26.225,0.83023,0.83059,2.25,1.50
2012.02.22 09:30:26.805,0.83023,0.83061,2.25,1.50
2012.02.22 09:30:27.937,0.83023,0.83061,2.63,1.50
2012.02.22 09:30:28.821,0.83032,0.83063,2.25,1.88
2012.02.22 09:30:28.896,0.83029,0.83061,2.25,3.00
2012.02.22 09:30:28.975,0.83029,0.83061,2.25,3.00
2012.02.22 09:30:29.295,0.83038,0.83067,2.25,1.50
2012.02.22 09:30:29.423,0.83038,0.83068,2.25,3.19
2012.02.22 09:30:29.556,0.83032,0.83064,2.25,3.00
2012.02.22 09:30:29.820,0.83027,0.83059,2.25,3.00
2012.02.22 09:30:30.521,0.83027,0.83059,2.25,3.75
2012.02.22 09:30:30.825,0.83041,0.83066,2.25,1.50
2012.02.22 09:30:31.016,0.83036,0.83066,2.25,3.19
2012.02.22 09:30:31.216,0.83036,0.83066,2.25,3.19
2012.02.22 09:30:31.418,0.83038,0.8307,2.25,1.50
2012.02.22 09:30:32.745,0.83042,0.83072,2.25,3.75
2012.02.22 09:30:33.065,0.83037,0.83069,2.25,3.19
2012.02.22 09:30:33.622,0.83037,0.83069,2.25,3.75
2012.02.22 09:30:33.833,0.83041,0.83072,2.25,1.50
2012.02.22 09:30:34.054,0.83037,0.83069,2.25,3.19
2012.02.22 09:30:37.179,0.83037,0.83069,2.25,3.19
2012.02.22 09:30:37.390,0.83037,0.83069,2.25,3.00
2012.02.22 09:30:37.972,0.83041,0.83073,2.25,3.19
2012.02.22 09:30:38.216,0.83041,0.83069,2.25,1.13
2012.02.22 09:30:38.283,0.83038,0.83068,2.25,2.63
2012.02.22 09:30:38.515,0.83038,0.83068,2.25,3.00
2012.02.22 09:30:38.584,0.83032,0.83064,2.25,2.63
2012.02.22 09:30:38.797,0.83038,0.83068,2.25,3.00
2012.02.22 09:30:38.961,0.83038,0.83068,2.25,3.19
2012.02.22 09:30:39.718,0.83038,0.83068,2.25,3.19
2012.02.22 09:30:39.787,0.83038,0.83068,2.25,3.19
2012.02.22 09:30:43.457,0.83038,0.83068,2.25,2.44
2012.02.22 09:30:44.064,0.83038,0.83068,2.25,3.00
2012.02.22 09:30:45.698,0.83041,0.83073,2.25,3.19
2012.02.22 09:30:46.567,0.83041,0.8307,2.25,1.32
2012.02.22 09:30:46.663,0.83036,0.83066,2.25,2.25
2012.02.22 09:30:49.140,0.83036,0.83066,2.25,2.44
2012.02.22 09:30:50.429,0.83036,0.83066,2.25,2.25
2012.02.22 09:30:50.898,0.83036,0.83066,2.25,3.00
2012.02.22 09:30:51.896,0.83036,0.83066,2.25,3.00
2012.02.22 09:30:54.658,0.83036,0.83066,2.25,3.19
2012.02.22 09:30:54.791,0.83036,0.83066,2.25,3.19
2012.02.22 09:30:55.344,0.83038,0.83069,2.25,1.50
2012.02.22 09:30:55.574,0.83035,0.83067,2.25,3.19
2012.02.22 09:30:55.725,0.83038,0.83069,2.25,1.50
2012.02.22 09:30:56.270,0.83035,0.83067,2.25,3.19
2012.02.22 09:30:56.339,0.83039,0.83069,2.25,1.50
2012.02.22 09:30:56.971,0.83039,0.83069,2.25,1.50
2012.02.22 09:30:57.218,0.83039,0.83069,2.25,1.13
2012.02.22 09:30:58.210,0.83036,0.83066,2.25,2.25
2012.02.22 09:30:58.292,0.83036,0.83066,2.25,3.19
2012.02.22 09:31:02.069,0.83036,0.83066,2.25,2.44
2012.02.22 09:31:02.473,0.83031,0.83061,2.25,2.25
2012.02.22 09:31:02.547,0.83031,0.83061,2.25,3.00
2012.02.22 09:31:02.735,0.83031,0.83061,2.25,2.25
2012.02.22 09:31:02.807,0.83036,0.83066,2.25,3.75
2012.02.22 09:31:03.076,0.83031,0.83061,2.25,2.25
2012.02.22 09:31:03.825,0.83035,0.83067,2.25,3.19
2012.02.22 09:31:04.204,0.83035,0.83067,2.25,3.19
2012.02.22 09:31:04.276,0.83031,0.83061,2.25,3.00
2012.02.22 09:31:05.700,0.83036,0.83066,2.25,3.19
2012.02.22 09:31:06.489,0.8303,0.83062,2.25,2.25
2012.02.22 09:31:06.709,0.83035,0.83066,2.25,1.13
2012.02.22 09:31:10.053,0.83041,0.8307,2.25,3.00
2012.02.22 09:31:11.845,0.83041,0.8307,2.25,3.00
2012.02.22 09:31:11.909,0.83041,0.8307,2.25,3.00
2012.02.22 09:31:12.036,0.83036,0.83065,2.25,3.00
2012.02.22 09:31:12.165,0.83036,0.83065,2.25,3.00
2012.02.22 09:31:12.297,0.83024,0.83057,1.13,2.25
2012.02.22 09:31:12.484,0.83035,0.83066,2.25,3.19
2012.02.22 09:31:12.699,0.83035,0.83066,2.25,3.00
2012.02.22 09:31:12.913,0.83035,0.83062,2.25,1.35
2012.02.22 09:31:13.469,0.83031,0.8306,2.25,3.57
2012.02.22 09:31:13.579,0.83031,0.8306,2.25,3.57
2012.02.22 09:31:13.648,0.83023,0.83057,2.85,3.00
2012.02.22 09:31:13.715,0.83024,0.83057,1.35,2.25
2012.02.22 09:31:13.785,0.83031,0.8306,2.25,3.19
2012.02.22 09:31:14.979,0.83031,0.8306,2.25,3.00
2012.02.22 09:31:22.803,0.83032,0.83066,3.00,1.73
2012.02.22 09:31:22.870,0.83032,0.83066,2.25,1.73
2012.02.22 09:31:23.417,0.83032,0.83068,2.44,2.85
2012.02.22 09:31:23.599,0.83032,0.83066,2.44,1.35
2012.02.22 09:31:23.933,0.83039,0.83068,2.25,3.00
2012.02.22 09:31:24.480,0.83041,0.83075,2.25,3.19
2012.02.22 09:31:25.688,0.83041,0.83075,2.25,3.57
2012.02.22 09:31:25.817,0.83037,0.83071,2.25,3.19
2012.02.22 09:31:32.920,0.83037,0.83071,3.00,2.44
2012.02.22 09:31:33.158,0.83037,0.83069,3.00,2.29
2012.02.22 09:31:33.405,0.83028,0.83063,3.19,2.25
2012.02.22 09:31:33.475,0.83028,0.83063,2.44,2.25
2012.02.22 09:31:34.261,0.83028,0.83063,3.19,2.25
2012.02.22 09:31:34.327,0.83028,0.83063,2.44,2.25
2012.02.22 09:31:36.439,0.83028,0.83063,2.25,2.25
2012.02.22 09:31:37.384,0.83028,0.83063,2.44,2.25
2012.02.22 09:31:37.741,0.83035,0.83065,2.25,1.13
2012.02.22 09:31:39.929,0.83035,0.83067,2.25,2.25
2012.02.22 09:31:40.628,0.83035,0.83067,2.63,2.25
2012.02.22 09:31:40.703,0.83045,0.83076,2.25,1.32
2012.02.22 09:31:40.868,0.83038,0.83073,2.44,3.00
2012.02.22 09:31:41.316,0.83038,0.83073,2.44,2.63
2012.02.22 09:31:41.719,0.83035,0.83067,2.44,2.25
2012.02.22 09:31:42.348,0.83045,0.83074,2.25,3.38
2012.02.22 09:31:43.221,0.83037,0.83071,2.25,2.44
2012.02.22 09:31:44.303,0.83037,0.83071,2.44,2.25
2012.02.22 09:31:44.362,0.83045,0.83074,2.25,3.00
2012.02.22 09:31:46.252,0.83045,0.83074,2.25,3.19
2012.02.22 09:31:47.225,0.83045,0.83074,2.25,3.19
2012.02.22 09:31:47.353,0.83037,0.83071,2.25,3.19
2012.02.22 09:31:48.092,0.83037,0.83071,3.00,2.44
2012.02.22 09:31:48.555,0.83044,0.83075,2.25,3.19
2012.02.22 09:31:49.098,0.83046,0.83079,2.25,1.73
2012.02.22 09:31:49.164,0.83046,0.83078,2.25,1.73
2012.02.22 09:31:50.120,0.83045,0.83074,2.25,3.19
2012.02.22 09:31:51.874,0.83045,0.83074,2.25,3.19
2012.02.22 09:31:52.004,0.83036,0.83072,2.44,3.19
2012.02.22 09:32:07.214,0.83036,0.83072,3.19,3.04
2012.02.22 09:32:07.344,0.83045,0.83074,2.25,3.79
2012.02.22 09:32:08.448,0.83045,0.83074,2.25,3.98
2012.02.22 09:32:08.572,0.83037,0.83071,2.25,2.44
2012.02.22 09:32:09.179,0.83037,0.83071,2.25,3.19
2012.02.22 09:32:09.746,0.83045,0.83072,2.25,1.35
2012.02.22 09:32:10.437,0.83045,0.83074,2.25,3.19
2012.02.22 09:32:12.359,0.83045,0.83074,2.25,3.19
2012.02.22 09:32:14.970,0.83045,0.83074,2.25,3.19
2012.02.22 09:32:15.052,0.83045,0.83074,2.25,3.19
2012.02.22 09:32:15.235,0.83045,0.83074,2.25,3.38
2012.02.22 09:32:15.377,0.83036,0.83072,2.44,3.00
2012.02.22 09:32:15.730,0.83036,0.83072,3.19,2.25
2012.02.22 09:32:15.965,0.83036,0.83072,3.19,2.25
2012.02.22 09:32:16.039,0.8304,0.83076,3.00,3.19
2012.02.22 09:32:16.276,0.8304,0.83076,2.25,3.19
2012.02.22 09:32:17.035,0.8304,0.83076,2.25,3.19
2012.02.22 09:32:17.232,0.8304,0.83076,2.25,3.19
2012.02.22 09:32:17.447,0.83032,0.83075,2.10,3.19
2012.02.22 09:32:17.514,0.83041,0.83075,2.25,3.19
2012.02.22 09:32:17.726,0.83032,0.83075,2.10,3.19
2012.02.22 09:32:17.869,0.83032,0.83069,1.35,1.13
2012.02.22 09:32:18.678,0.8303,0.83066,3.19,2.25
2012.02.22 09:32:18.746,0.8303,0.83066,3.19,2.25
2012.02.22 09:32:18.986,0.83031,0.83074,3.19,1.50
2012.02.22 09:32:19.905,0.83031,0.83074,3.19,1.50
2012.02.22 09:32:20.818,0.8304,0.83074,2.25,1.13
2012.02.22 09:32:20.978,0.83038,0.83069,2.25,3.00
2012.02.22 09:32:21.214,0.83038,0.83068,2.25,1.13
2012.02.22 09:32:21.355,0.8303,0.83066,3.19,3.00
2012.02.22 09:32:21.886,0.8303,0.83064,3.19,1.73
2012.02.22 09:32:21.954,0.8303,0.83064,3.00,2.10
2012.02.22 09:32:22.625,0.83028,0.83059,3.00,2.25
2012.02.22 09:32:23.286,0.83028,0.83059,2.25,3.00
2012.02.22 09:32:23.766,0.83028,0.83059,3.00,2.25
2012.02.22 09:32:24.459,0.83028,0.83059,2.25,3.00
2012.02.22 09:32:24.825,0.8303,0.83063,2.25,1.54
2012.02.22 09:32:25.389,0.8303,0.83066,3.19,2.85
2012.02.22 09:32:25.626,0.83032,0.83067,3.00,2.10
2012.02.22 09:32:25.757,0.83033,0.83074,1.13,3.00
2012.02.22 09:32:25.822,0.83041,0.83075,2.25,3.00
2012.02.22 09:32:27.858,0.83041,0.83075,2.25,3.19
2012.02.22 09:32:27.942,0.83041,0.83075,2.25,3.19
2012.02.22 09:32:28.275,0.83032,0.83074,3.75,3.00
2012.02.22 09:32:28.380,0.83032,0.83074,3.75,3.00
2012.02.22 09:32:28.624,0.83034,0.83063,2.25,3.00
2012.02.22 09:32:28.754,0.83029,0.83058,3.00,2.25
2012.02.22 09:32:29.531,0.8303,0.83058,1.54,2.25
2012.02.22 09:32:29.597,0.83031,0.8307,3.00,1.13
2012.02.22 09:32:29.794,0.83041,0.8307,2.25,1.13
2012.02.22 09:32:31.154,0.83034,0.83071,1.13,1.54
2012.02.22 09:32:31.223,0.83032,0.83071,1.13,1.54
2012.02.22 09:32:31.344,0.83041,0.83071,2.25,1.54
2012.02.22 09:32:31.913,0.83041,0.83071,2.25,1.35
2012.02.22 09:32:36.273,0.83038,0.83069,2.25,3.00
2012.02.22 09:32:37.256,0.83041,0.83071,2.25,1.73
2012.02.22 09:32:39.409,0.83041,0.83071,2.25,1.54
2012.02.22 09:32:39.975,0.83031,0.83071,2.44,2.10
2012.02.22 09:32:47.395,0.83031,0.83065,2.25,3.00
2012.02.22 09:32:47.957,0.83031,0.83065,3.19,3.00
2012.02.22 09:32:48.568,0.83039,0.83068,2.25,3.00
2012.02.22 09:32:52.426,0.83039,0.83068,2.25,3.00
2012.02.22 09:32:52.494,0.83034,0.83065,2.25,3.00
2012.02.22 09:32:54.804,0.83026,0.83062,5.25,2.25
2012.02.22 09:32:54.875,0.83026,0.83062,3.38,2.25
2012.02.22 09:32:54.947,0.83026,0.83062,2.63,3.00
2012.02.22 09:32:55.195,0.8303,0.83066,3.00,3.75
2012.02.22 09:32:55.265,0.83028,0.83059,3.00,2.25
2012.02.22 09:32:55.935,0.83031,0.83069,3.04,1.13
2012.02.22 09:32:56.845,0.83031,0.83069,2.44,1.13
2012.02.22 09:32:58.905,0.83031,0.83071,2.25,1.50
2012.02.22 09:32:59.338,0.83031,0.83071,2.25,1.50
2012.02.22 09:32:59.982,0.83031,0.83066,2.25,1.50
2012.02.22 09:33:01.262,0.83032,0.83068,3.00,3.38
2012.02.22 09:33:07.932,0.83032,0.83068,2.44,2.25
2012.02.22 09:33:07.995,0.83037,0.83071,2.25,3.19
2012.02.22 09:33:12.183,0.83037,0.83071,2.25,3.00
2012.02.22 09:33:12.668,0.83037,0.83071,2.25,3.00
2012.02.22 09:33:14.087,0.83037,0.83071,2.25,3.00
2012.02.22 09:33:14.362,0.83037,0.83071,2.25,3.00
2012.02.22 09:33:15.386,0.83033,0.83067,2.44,2.25
2012.02.22 09:33:15.457,0.83033,0.83067,2.25,3.00
2012.02.22 09:33:17.614,0.83033,0.83067,2.25,3.00
2012.02.22 09:33:19.525,0.83037,0.83071,2.25,3.19
2012.02.22 09:33:22.527,0.83037,0.83071,2.25,3.19
2012.02.22 09:33:28.927,0.83037,0.83071,2.25,3.19
2012.02.22 09:33:29.145,0.83037,0.83071,2.25,3.19
2012.02.22 09:33:30.906,0.83037,0.83071,2.25,3.19
2012.02.22 09:33:31.894,0.83037,0.83071,2.25,3.00
2012.02.22 09:33:31.958,0.83031,0.83075,3.60,3.19
2012.02.22 09:33:32.088,0.8304,0.83076,2.25,3.19
2012.02.22 09:33:32.217,0.83032,0.83065,1.13,3.00
2012.02.22 09:33:32.369,0.83031,0.83065,3.60,3.00
2012.02.22 09:33:32.435,0.83031,0.83065,2.85,3.00
2012.02.22 09:33:32.857,0.83028,0.83059,2.25,3.00
2012.02.22 09:33:33.512,0.83028,0.83059,3.00,3.00
2012.02.22 09:33:34.158,0.83032,0.83064,1.50,3.00
2012.02.22 09:33:34.414,0.83037,0.83067,1.50,3.38
2012.02.22 09:33:35.684,0.83037,0.83065,1.50,1.09
2012.02.22 09:33:38.245,0.83045,0.83069,1.50,1.66
2012.02.22 09:33:38.663,0.83041,0.83066,2.25,1.18
2012.02.22 09:33:41.546,0.83041,0.83059,2.25,1.09
2012.02.22 09:33:41.618,0.8303,0.83059,2.25,1.09
2012.02.22 09:33:45.060,0.8303,0.83058,2.25,1.28
2012.02.22 09:33:46.006,0.8303,0.83056,2.25,1.09
2012.02.22 09:33:47.899,0.8303,0.83062,2.25,4.65
2012.02.22 09:33:47.994,0.8303,0.83057,2.25,1.09
2012.02.22 09:33:48.061,0.83031,0.83058,2.25,1.09
2012.02.22 09:33:50.946,0.83026,0.83056,2.25,3.34
2012.02.22 09:33:51.191,0.83026,0.83056,2.25,2.44
2012.02.22 09:33:51.258,0.83031,0.83058,2.25,1.09
2012.02.22 09:33:52.220,0.83031,0.83057,2.25,1.09
2012.02.22 09:33:52.358,0.83025,0.83056,2.25,1.09
2012.02.22 09:33:52.989,0.83025,0.83057,2.25,2.59
2012.02.22 09:33:53.749,0.8302,0.83052,2.25,2.25
2012.02.22 09:33:53.996,0.8302,0.83052,3.00,2.25
2012.02.22 09:33:54.388,0.83029,0.83058,2.25,2.25
2012.02.22 09:33:56.299,0.83029,0.83059,2.25,1.65
2012.02.22 09:33:57.104,0.83034,0.83061,2.25,1.09
2012.02.22 09:33:57.795,0.83034,0.83059,2.25,1.09
2012.02.22 09:33:58.138,0.83029,0.83057,2.25,1.65
2012.02.22 09:33:58.269,0.83016,0.83054,3.00,1.54
2012.02.22 09:33:58.339,0.83016,0.83052,3.00,1.35
2012.02.22 09:33:59.270,0.83021,0.83052,2.25,1.35
2012.02.22 09:34:02.087,0.83015,0.8305,3.00,1.73
2012.02.22 09:34:02.179,0.83015,0.83049,3.00,1.50
2012.02.22 09:34:04.760,0.83011,0.83047,3.00,2.44
2012.02.22 09:34:05.039,0.83011,0.83047,3.00,3.00
2012.02.22 09:34:08.701,0.83019,0.8305,2.25,3.19
2012.02.22 09:34:09.035,0.83023,0.83054,2.25,3.75
2012.02.22 09:34:09.104,0.8302,0.83049,2.25,2.44
2012.02.22 09:34:09.617,0.8302,0.83049,3.00,2.44
2012.02.22 09:34:09.685,0.8302,0.83049,3.00,2.63
2012.02.22 09:34:10.404,0.8302,0.83049,2.25,2.63
2012.02.22 09:34:10.528,0.83016,0.83048,3.00,1.13
2012.02.22 09:34:10.728,0.83012,0.83049,2.25,1.13
2012.02.22 09:34:10.956,0.83013,0.83053,1.13,2.44
2012.02.22 09:34:11.406,0.8302,0.83054,2.25,1.50
2012.02.22 09:34:12.296,0.8302,0.83055,3.00,3.00
2012.02.22 09:34:12.362,0.8302,0.83054,2.25,1.50
2012.02.22 09:34:12.605,0.8302,0.83054,2.25,3.00
2012.02.22 09:34:12.839,0.83015,0.83049,3.00,1.13
2012.02.22 09:34:13.044,0.83015,0.83049,3.00,2.25
2012.02.22 09:34:13.642,0.8302,0.83049,2.25,3.00
2012.02.22 09:34:14.449,0.8302,0.83049,2.25,2.44
2012.02.22 09:34:14.718,0.8302,0.83049,3.00,2.44
2012.02.22 09:34:15.320,0.83023,0.83053,2.25,1.50
2012.02.22 09:34:15.547,0.83023,0.83053,2.25,1.13
2012.02.22 09:34:17.252,0.83023,0.83054,3.00,2.63
2012.02.22 09:34:19.105,0.83023,0.83054,2.25,3.38
2012.02.22 09:34:20.144,0.83023,0.83054,3.00,2.63
2012.02.22 09:34:20.315,0.83023,0.83053,2.25,1.13
2012.02.22 09:34:21.071,0.83023,0.83054,2.25,3.75
2012.02.22 09:34:21.137,0.83023,0.83054,3.00,3.00
2012.02.22 09:34:21.265,0.83023,0.83054,2.25,3.38
2012.02.22 09:34:21.902,0.8302,0.83049,3.00,2.63
2012.02.22 09:34:23.136,0.8302,0.83049,3.00,2.44
2012.02.22 09:34:24.216,0.8302,0.83049,3.00,2.44
2012.02.22 09:34:24.835,0.8302,0.83049,3.00,2.63
2012.02.22 09:34:25.595,0.8302,0.83049,3.00,2.63
2012.02.22 09:34:25.725,0.8302,0.83049,3.00,2.44
2012.02.22 09:34:27.625,0.83023,0.83054,3.00,3.00
2012.02.22 09:34:27.694,0.83023,0.83054,3.00,2.44
2012.02.22 09:34:28.007,0.83032,0.83062,3.00,3.15
2012.02.22 09:34:28.178,0.83032,0.83062,3.00,3.15
2012.02.22 09:34:29.140,0.83021,0.83054,3.00,2.44
2012.02.22 09:34:29.208,0.83021,0.83054,3.00,2.44
2012.02.22 09:34:29.279,0.83028,0.83058,2.25,5.40
2012.02.22 09:34:29.789,0.83024,0.83053,2.25,2.63
2012.02.22 09:34:31.237,0.83024,0.83053,2.25,2.44
2012.02.22 09:34:32.428,0.83024,0.83053,2.25,3.00
2012.02.22 09:34:33.253,0.83017,0.83053,3.00,3.00
2012.02.22 09:34:33.438,0.83019,0.83057,3.00,2.40
2012.02.22 09:34:33.507,0.83019,0.83057,3.00,2.40
2012.02.22 09:34:34.407,0.83022,0.83056,2.25,3.00
2012.02.22 09:34:36.270,0.83022,0.83056,2.25,3.00
2012.02.22 09:34:40.238,0.83022,0.83056,2.25,2.44
2012.02.22 09:34:41.085,0.83022,0.83056,3.00,2.44
2012.02.22 09:34:41.424,0.83022,0.83056,3.00,2.44
2012.02.22 09:34:42.187,0.83019,0.8305,2.25,2.44
2012.02.22 09:34:43.136,0.83025,0.83054,2.25,3.75
2012.02.22 09:34:43.205,0.83025,0.83054,2.25,3.19
2012.02.22 09:34:46.028,0.83025,0.83054,2.44,3.00
2012.02.22 09:34:46.155,0.83034,0.83064,2.25,1.09
2012.02.22 09:34:46.649,0.83037,0.83066,2.25,1.09
2012.02.22 09:34:46.959,0.83033,0.83063,2.25,3.15
2012.02.22 09:34:47.761,0.83033,0.83063,2.25,2.40
2012.02.22 09:34:47.850,0.83028,0.83058,2.25,2.59
2012.02.22 09:34:48.033,0.83033,0.83063,2.25,2.59
2012.02.22 09:34:48.366,0.83037,0.83063,2.25,1.09
2012.02.22 09:34:48.567,0.83032,0.83062,2.25,1.09
2012.02.22 09:34:49.566,0.83038,0.83063,2.25,1.09
2012.02.22 09:34:49.682,0.83033,0.83063,2.25,3.34
2012.02.22 09:34:50.095,0.83037,0.83064,2.25,1.09
2012.02.22 09:34:50.346,0.83032,0.83062,2.25,1.09
2012.02.22 09:34:50.476,0.83038,0.83064,2.25,1.09
2012.02.22 09:34:50.786,0.83032,0.83062,2.25,1.09
2012.02.22 09:34:51.396,0.83032,0.83063,2.25,1.09
2012.02.22 09:34:51.833,0.83037,0.83067,2.25,3.57
2012.02.22 09:34:52.405,0.83037,0.83066,2.25,1.32
2012.02.22 09:34:52.597,0.83031,0.83063,2.25,3.34
2012.02.22 09:34:53.179,0.83037,0.83063,2.10,3.34
2012.02.22 09:34:53.252,0.83039,0.83067,2.25,1.17
2012.02.22 09:34:53.438,0.8303,0.83066,3.79,3.15
2012.02.22 09:34:54.774,0.83026,0.83062,3.00,2.59
2012.02.22 09:34:57.025,0.83026,0.83062,3.00,3.34
2012.02.22 09:34:57.160,0.83031,0.83062,2.25,1.09
2012.02.22 09:34:57.809,0.83031,0.83064,2.25,1.65
2012.02.22 09:34:58.471,0.83026,0.83062,2.44,3.34
2012.02.22 09:34:58.541,0.83031,0.8306,3.00,2.40
2012.02.22 09:35:01.642,0.83034,0.83063,2.25,1.88
2012.02.22 09:35:04.605,0.83034,0.83065,3.00,3.19
2012.02.22 09:35:04.917,0.83046,0.83068,2.25,1.34
2012.02.22 09:35:05.586,0.83039,0.83066,2.25,1.32
2012.02.22 09:35:05.837,0.83031,0.83065,2.25,3.15
2012.02.22 09:35:07.438,0.83027,0.83061,5.29,2.40
2012.02.22 09:35:07.502,0.83034,0.83065,2.25,2.59
2012.02.22 09:35:07.816,0.83031,0.8306,2.25,3.15
2012.02.22 09:35:08.613,0.83025,0.83057,2.25,2.40
2012.02.22 09:35:11.489,0.83034,0.83063,2.25,1.13
2012.02.22 09:35:22.946,0.83034,0.83058,2.25,2.25
2012.02.22 09:35:23.076,0.83025,0.83057,3.00,3.19
2012.02.22 09:35:23.792,0.83025,0.83057,3.00,2.59
2012.02.22 09:35:24.287,0.83028,0.83063,3.00,3.19
2012.02.22 09:35:24.705,0.83028,0.83061,2.25,1.28
2012.02.22 09:35:25.520,0.83026,0.83056,3.00,2.59
2012.02.22 09:35:25.589,0.83029,0.83058,2.25,1.28
2012.02.22 09:35:25.658,0.83021,0.83054,3.00,2.44
2012.02.22 09:35:26.019,0.83021,0.83054,3.00,2.25
2012.02.22 09:35:26.088,0.83021,0.83054,3.00,2.25
2012.02.22 09:35:26.158,0.83024,0.83063,1.13,1.50
2012.02.22 09:35:26.284,0.83031,0.83064,2.25,3.19
2012.02.22 09:35:27.068,0.83031,0.83065,1.50,2.40
2012.02.22 09:35:27.370,0.83038,0.83068,2.25,2.67
2012.02.22 09:35:50.609,0.83038,0.83066,2.25,1.20
2012.02.22 09:35:50.739,0.83035,0.83066,2.25,1.67
2012.02.22 09:35:50.955,0.83028,0.83063,3.23,3.15
2012.02.22 09:35:51.025,0.83028,0.83063,2.85,3.34
2012.02.22 09:35:53.206,0.83028,0.83062,2.25,1.09
2012.02.22 09:35:53.843,0.8302,0.83059,2.44,1.09
2012.02.22 09:35:53.948,0.83018,0.83053,2.25,2.44
2012.02.22 09:35:54.128,0.83018,0.83053,2.25,3.19
2012.02.22 09:35:54.455,0.83018,0.83053,2.25,3.19
2012.02.22 09:35:56.275,0.83018,0.83053,2.44,3.00
2012.02.22 09:35:58.037,0.83018,0.83053,2.25,3.00
2012.02.22 09:35:59.134,0.83018,0.83053,2.25,3.00
2012.02.22 09:35:59.455,0.83018,0.83047,2.25,1.13
2012.02.22 09:35:59.603,0.8301,0.83045,3.04,3.00
2012.02.22 09:35:59.907,0.83011,0.83045,1.35,2.25
2012.02.22 09:36:01.364,0.8301,0.83045,2.85,3.19
2012.02.22 09:36:02.886,0.8301,0.83045,2.25,3.19
2012.02.22 09:36:02.954,0.8301,0.83045,3.00,3.19
2012.02.22 09:36:03.521,0.83018,0.83053,2.25,4.35
2012.02.22 09:36:03.588,0.83018,0.83053,2.25,4.35
2012.02.22 09:36:04.109,0.83018,0.83053,2.25,2.44
2012.02.22 09:36:04.326,0.83018,0.83053,2.25,3.19
2012.02.22 09:36:05.390,0.83018,0.83053,2.25,3.19
2012.02.22 09:36:05.439,0.83018,0.83053,2.25,3.19
2012.02.22 09:36:05.974,0.83018,0.83053,2.25,2.44
2012.02.22 09:36:06.357,0.83018,0.83053,2.25,3.19
2012.02.22 09:36:06.928,0.83018,0.83053,2.44,3.00
2012.02.22 09:36:06.997,0.83026,0.83056,2.25,3.34
2012.02.22 09:36:08.856,0.83031,0.8306,2.25,1.09
2012.02.22 09:36:08.980,0.83031,0.8306,2.25,1.09
2012.02.22 09:36:09.105,0.83035,0.8306,2.25,1.09
2012.02.22 09:36:10.850,0.83035,0.83061,2.25,1.09
2012.02.22 09:36:10.988,0.8302,0.83059,3.19,1.28
2012.02.22 09:36:11.058,0.8302,0.83059,2.44,1.28
2012.02.22 09:36:12.600,0.8302,0.8306,3.00,1.50
2012.02.22 09:36:13.339,0.83023,0.83062,3.19,1.09
2012.02.22 09:36:14.999,0.83022,0.83058,3.00,3.15
2012.02.22 09:36:15.444,0.83024,0.83058,1.13,2.59
2012.02.22 09:36:16.333,0.8303,0.83063,2.25,1.09
2012.02.22 09:36:16.896,0.83026,0.83062,3.79,2.40
2012.02.22 09:36:17.117,0.83035,0.83064,2.25,3.34
2012.02.22 09:36:17.830,0.83028,0.83065,2.25,1.28
2012.02.22 09:36:18.371,0.83028,0.8306,2.25,1.09
2012.02.22 09:36:18.440,0.83035,0.8306,2.25,1.09
2012.02.22 09:36:19.313,0.83037,0.83064,2.25,1.09
2012.02.22 09:36:19.527,0.83032,0.83064,2.25,1.09
2012.02.22 09:36:20.944,0.83032,0.83064,2.25,1.09
2012.02.22 09:36:21.758,0.83024,0.83065,1.13,1.09
2012.02.22 09:36:22.560,0.83027,0.83063,2.25,1.69
2012.02.22 09:36:23.600,0.83027,0.83064,2.25,1.09
2012.02.22 09:36:23.783,0.83023,0.8306,2.25,1.09
2012.02.22 09:36:24.401,0.8302,0.8306,2.25,1.09
2012.02.22 09:36:24.469,0.83025,0.83057,2.25,3.15
2012.02.22 09:36:24.726,0.83025,0.83057,2.25,2.40
2012.02.22 09:36:24.810,0.83028,0.8306,2.25,1.09
2012.02.22 09:36:25.377,0.8302,0.83061,2.63,3.34
2012.02.22 09:36:26.086,0.8302,0.83061,2.63,3.34
2012.02.22 09:36:26.162,0.83028,0.83058,2.25,1.09
2012.02.22 09:36:26.288,0.83026,0.83056,2.25,2.44
2012.02.22 09:36:26.605,0.83029,0.83058,2.25,1.09
2012.02.22 09:36:28.469,0.83029,0.83061,2.25,1.09
2012.02.22 09:36:29.057,0.83036,0.83065,2.25,1.09
2012.02.22 09:36:29.739,0.83032,0.83062,2.25,3.15
2012.02.22 09:36:32.978,0.83036,0.83066,2.25,2.59
2012.02.22 09:36:34.810,0.83036,0.83066,3.00,2.59
2012.02.22 09:36:35.239,0.83035,0.83067,2.25,1.53
2012.02.22 09:36:35.487,0.83032,0.83067,3.00,1.53
2012.02.22 09:36:36.123,0.83031,0.83064,2.25,3.34
2012.02.22 09:36:36.709,0.83031,0.83064,3.00,2.59
2012.02.22 09:36:36.871,0.8304,0.83068,2.25,1.36
2012.02.22 09:36:37.019,0.83031,0.83063,2.25,1.47
2012.02.22 09:36:37.198,0.83026,0.8306,3.60,3.15
2012.02.22 09:36:37.860,0.83026,0.8306,3.60,2.40
2012.02.22 09:36:37.918,0.83031,0.83064,2.25,3.34
2012.02.22 09:36:39.542,0.83031,0.83064,3.00,3.15
2012.02.22 09:36:39.904,0.83038,0.83069,2.25,1.26
2012.02.22 09:36:40.154,0.83035,0.83067,2.25,3.70
2012.02.22 09:36:42.989,0.83028,0.83063,2.25,3.34
2012.02.22 09:36:43.386,0.83028,0.83063,3.00,2.59
2012.02.22 09:36:44.398,0.83036,0.83066,2.25,3.00
2012.02.22 09:36:47.604,0.83028,0.83063,2.25,3.15
2012.02.22 09:36:47.955,0.83028,0.83063,3.00,2.40
2012.02.22 09:36:48.628,0.83028,0.83063,2.25,3.15
2012.02.22 09:36:52.911,0.83028,0.83062,2.25,1.09
2012.02.22 09:36:53.038,0.83019,0.83052,2.44,2.25
2012.02.22 09:36:54.092,0.83019,0.83052,2.25,2.25
2012.02.22 09:36:54.169,0.83019,0.83052,2.25,3.00
2012.02.22 09:36:54.980,0.83016,0.83046,3.00,2.25
2012.02.22 09:36:55.306,0.83016,0.83046,3.00,2.25
2012.02.22 09:36:55.435,0.83021,0.8305,3.00,2.25
2012.02.22 09:36:56.045,0.83024,0.83055,2.25,3.00
2012.02.22 09:36:56.121,0.83029,0.83058,2.25,3.53
2012.02.22 09:36:56.646,0.83029,0.83058,3.00,2.59
2012.02.22 09:36:58.139,0.83029,0.83058,2.25,3.34
2012.02.22 09:36:58.407,0.83027,0.83058,3.00,1.09
2012.02.22 09:36:59.988,0.8303,0.83061,1.13,2.40
2012.02.22 09:37:00.390,0.83036,0.83069,2.25,1.19
2012.02.22 09:37:03.937,0.83036,0.83071,3.00,1.04
2012.02.22 09:37:05.437,0.83036,0.83068,2.25,1.19
2012.02.22 09:37:11.635,0.83036,0.83071,3.00,1.23
2012.02.22 09:37:12.296,0.83045,0.83071,2.25,1.05
2012.02.22 09:37:14.052,0.83036,0.83066,2.25,2.70
2012.02.22 09:37:14.859,0.83039,0.83069,2.25,1.61
2012.02.22 09:37:15.385,0.83039,0.83068,2.63,1.31
2012.02.22 09:37:15.789,0.83048,0.83076,2.25,1.02
2012.02.22 09:37:15.856,0.83046,0.83076,2.25,3.27
2012.02.22 09:37:16.086,0.83048,0.83078,2.25,1.68
2012.02.22 09:37:21.387,0.83038,0.83073,2.44,2.79
2012.02.22 09:37:21.456,0.83048,0.83076,2.25,1.06
2012.02.22 09:37:22.156,0.83048,0.83079,2.25,1.45
2012.02.22 09:37:23.345,0.83049,0.83079,2.25,1.42
2012.02.22 09:37:23.470,0.83038,0.83073,2.44,2.58
2012.02.22 09:37:23.539,0.8304,0.83077,2.25,1.20
2012.02.22 09:37:23.905,0.83038,0.83073,2.44,3.35
2012.02.22 09:37:25.008,0.83039,0.83077,2.25,1.20
2012.02.22 09:37:27.035,0.83039,0.83074,2.44,1.28
2012.02.22 09:37:27.106,0.83044,0.83074,2.25,1.17
2012.02.22 09:37:29.737,0.83049,0.83078,2.25,1.68
2012.02.22 09:37:30.207,0.83046,0.83078,2.25,1.68
2012.02.22 09:37:30.991,0.83046,0.83081,3.00,3.74
2012.02.22 09:37:31.546,0.83038,0.83078,2.44,1.68
2012.02.22 09:37:32.588,0.83038,0.83078,2.63,1.54
2012.02.22 09:37:32.652,0.83047,0.83078,2.25,1.51
2012.02.22 09:37:34.715,0.83043,0.83076,3.00,2.80
2012.02.22 09:37:35.876,0.83043,0.83076,3.00,2.80
2012.02.22 09:37:36.567,0.83043,0.83076,3.00,2.80
2012.02.22 09:37:36.638,0.83043,0.83076,3.00,2.80
2012.02.22 09:37:37.332,0.83043,0.83073,2.25,1.11
2012.02.22 09:37:38.278,0.83043,0.83076,3.00,2.80
2012.02.22 09:37:38.348,0.83043,0.83074,2.25,1.11
2012.02.22 09:37:40.847,0.83043,0.83076,3.00,2.80
2012.02.22 09:37:41.034,0.83043,0.83076,3.57,2.25
2012.02.22 09:37:41.103,0.83049,0.83081,2.25,3.19
2012.02.22 09:37:41.455,0.83049,0.83077,2.25,1.13
2012.02.22 09:37:41.528,0.83043,0.83076,2.63,3.19
2012.02.22 09:37:42.293,0.8305,0.8308,2.25,3.60
2012.02.22 09:37:42.351,0.8305,0.8308,2.25,3.00
2012.02.22 09:37:43.864,0.8305,0.8308,3.00,2.25
2012.02.22 09:37:44.511,0.8305,0.8308,2.25,3.00
2012.02.22 09:37:46.773,0.8305,0.8308,2.25,3.00
2012.02.22 09:37:46.841,0.83043,0.83076,3.00,2.85
2012.02.22 09:37:47.234,0.83043,0.83076,2.25,3.60
2012.02.22 09:37:47.674,0.83043,0.83076,2.25,3.04
2012.02.22 09:37:47.747,0.83038,0.83073,3.19,2.25
2012.02.22 09:37:48.440,0.83038,0.83073,3.00,2.44
2012.02.22 09:37:48.508,0.83038,0.83073,2.25,2.44
2012.02.22 09:37:49.651,0.83038,0.83073,3.00,2.44
2012.02.22 09:37:50.136,0.83038,0.83073,3.19,2.25
2012.02.22 09:37:50.758,0.83061,0.8309,2.25,3.38
2012.02.22 09:37:50.832,0.83049,0.83082,3.00,2.25
2012.02.22 09:37:50.900,0.83054,0.83082,1.13,2.25
2012.02.22 09:37:51.028,0.8306,0.83091,2.25,3.00
2012.02.22 09:37:51.436,0.83065,0.83093,2.25,1.13
2012.02.22 09:37:51.504,0.83056,0.83086,2.10,3.00
2012.02.22 09:37:51.764,0.83046,0.83085,1.88,3.00
2012.02.22 09:37:52.434,0.83046,0.83084,1.13,1.13
2012.02.22 09:37:52.539,0.83043,0.83076,3.00,2.25
2012.02.22 09:37:52.709,0.83044,0.83083,3.00,1.50
2012.02.22 09:37:52.955,0.83047,0.83084,1.13,1.50
2012.02.22 09:37:54.199,0.83052,0.83084,2.25,1.50
2012.02.22 09:37:55.664,0.83049,0.83081,2.25,3.19
2012.02.22 09:37:55.727,0.83049,0.83081,3.00,3.04
2012.02.22 09:37:56.496,0.83052,0.83081,2.25,2.25
2012.02.22 09:37:56.561,0.83052,0.83081,2.25,3.75
2012.02.22 09:37:59.656,0.83052,0.83081,2.25,3.19
2012.02.22 09:38:02.759,0.83044,0.83073,3.00,2.44
2012.02.22 09:38:03.149,0.83044,0.83073,2.25,2.44
2012.02.22 09:38:07.717,0.83044,0.83073,3.00,3.04
2012.02.22 09:38:07.789,0.83044,0.83073,2.25,3.79
2012.02.22 09:38:08.708,0.83044,0.83073,2.25,3.79
2012.02.22 09:38:09.302,0.83038,0.8307,2.25,2.44
2012.02.22 09:38:09.369,0.83038,0.8307,2.25,3.04
2012.02.22 09:38:11.734,0.83038,0.8307,3.00,3.04
2012.02.22 09:38:12.220,0.83038,0.8307,2.25,3.04
2012.02.22 09:38:20.426,0.83038,0.8307,2.25,3.60
2012.02.22 09:38:20.632,0.83034,0.83066,3.00,2.44
2012.02.22 09:38:26.477,0.83034,0.83066,3.00,2.44
2012.02.22 09:38:30.300,0.83038,0.8307,2.25,3.00
2012.02.22 09:38:31.098,0.83038,0.8307,2.25,2.63
2012.02.22 09:38:31.427,0.83038,0.8307,2.25,2.25
2012.02.22 09:38:33.717,0.83042,0.83074,2.25,1.54
2012.02.22 09:38:34.015,0.83042,0.83075,3.38,2.25
2012.02.22 09:38:34.087,0.83043,0.83083,2.25,1.50
2012.02.22 09:38:36.330,0.83043,0.83083,2.25,1.50
2012.02.22 09:38:43.387,0.83043,0.83084,3.00,3.00
2012.02.22 09:38:50.379,0.83043,0.83084,2.25,3.75
2012.02.22 09:38:51.100,0.83043,0.83084,2.25,3.75
2012.02.22 09:38:52.730,0.83043,0.83084,2.44,3.38
2012.02.22 09:38:52.800,0.83043,0.83084,2.44,3.38
2012.02.22 09:38:52.925,0.83043,0.83084,2.44,3.38
2012.02.22 09:38:52.995,0.83046,0.83084,2.25,1.13
2012.02.22 09:38:53.129,0.83042,0.83084,2.44,1.13
2012.02.22 09:38:53.257,0.83042,0.83084,3.19,1.13
2012.02.22 09:38:53.569,0.83051,0.83089,2.25,1.50
2012.02.22 09:38:53.788,0.83051,0.83089,2.25,1.50
2012.02.22 09:38:55.158,0.83051,0.83089,3.00,1.50
2012.02.22 09:38:55.287,0.83055,0.83093,2.25,1.13
2012.02.22 09:38:55.489,0.8305,0.83093,2.44,1.13
2012.02.22 09:38:55.853,0.8305,0.83091,2.25,1.50
2012.02.22 09:38:57.045,0.83052,0.83094,1.13,3.19
2012.02.22 09:39:00.216,0.83051,0.83094,1.32,3.19
2012.02.22 09:39:00.344,0.83059,0.83096,2.25,1.13
2012.02.22 09:39:00.918,0.83058,0.83093,2.25,3.00
2012.02.22 09:39:04.185,0.83058,0.83093,2.25,3.19
2012.02.22 09:39:05.432,0.83058,0.83093,2.25,3.19
2012.02.22 09:39:06.866,0.83058,0.83093,2.25,3.19
2012.02.22 09:39:07.198,0.83062,0.83097,2.25,3.57
2012.02.22 09:39:07.264,0.83062,0.83097,2.25,3.57
2012.02.22 09:39:07.327,0.83058,0.83093,2.44,2.25
2012.02.22 09:39:08.226,0.83058,0.83093,2.25,2.25
2012.02.22 09:39:09.217,0.83058,0.83093,2.25,3.00
2012.02.22 09:39:09.441,0.83058,0.83093,2.25,3.00
2012.02.22 09:39:10.293,0.83058,0.83093,2.25,3.00
2012.02.22 09:39:13.399,0.83058,0.83093,2.25,2.25
2012.02.22 09:39:13.880,0.8306,0.83099,2.25,1.13
2012.02.22 09:39:14.007,0.83058,0.83093,2.44,3.00
2012.02.22 09:39:18.267,0.83058,0.83093,2.25,2.44
2012.02.22 09:39:18.318,0.83058,0.83093,2.25,3.19
2012.02.22 09:39:18.389,0.83058,0.83093,2.25,2.44
2012.02.22 09:39:18.639,0.83058,0.83093,2.25,3.19
2012.02.22 09:39:18.704,0.83058,0.83093,2.25,2.44
2012.02.22 09:39:19.055,0.83059,0.831,2.25,1.50
2012.02.22 09:39:19.933,0.83059,0.83099,2.25,1.32
2012.02.22 09:39:20.029,0.83051,0.83094,1.13,3.19
2012.02.22 09:39:20.152,0.8305,0.83094,3.79,5.25
2012.02.22 09:39:21.667,0.83059,0.83094,2.25,3.00
2012.02.22 09:39:21.738,0.83059,0.83094,2.25,1.13
2012.02.22 09:39:21.815,0.83059,0.83095,2.44,3.00
2012.02.22 09:39:21.977,0.83067,0.83098,2.25,3.19
2012.02.22 09:39:23.164,0.83067,0.83098,2.25,3.19
2012.02.22 09:39:27.269,0.83069,0.831,2.25,1.13
2012.02.22 09:39:28.392,0.83069,0.83103,2.25,1.13
2012.02.22 09:39:29.051,0.83067,0.83098,2.25,2.25
2012.02.22 09:39:29.379,0.83069,0.83104,2.25,2.10
2012.02.22 09:39:30.163,0.83067,0.83098,2.25,2.25
2012.02.22 09:39:30.776,0.83067,0.83094,2.25,1.13
2012.02.22 09:39:30.852,0.83056,0.83093,2.29,2.25
2012.02.22 09:39:35.706,0.83051,0.83093,2.25,3.00
2012.02.22 09:39:36.943,0.83051,0.83093,3.00,2.25
2012.02.22 09:39:37.226,0.83047,0.83089,1.35,3.00
2012.02.22 09:39:41.419,0.83046,0.83089,3.00,3.00
2012.02.22 09:39:41.958,0.83046,0.83089,3.00,3.00
2012.02.22 09:39:42.288,0.83046,0.83089,3.38,3.00
2012.02.22 09:39:42.358,0.8305,0.83094,2.25,3.19
2012.02.22 09:39:43.131,0.8305,0.83094,3.00,3.19
2012.02.22 09:39:43.201,0.8305,0.83094,2.25,3.19
2012.02.22 09:39:44.659,0.8305,0.83094,2.44,3.19
2012.02.22 09:39:47.314,0.8305,0.83094,3.19,3.19
2012.02.22 09:39:49.624,0.8305,0.83094,3.19,3.19
2012.02.22 09:39:52.161,0.8305,0.83093,3.19,1.13
2012.02.22 09:39:52.231,0.8305,0.83088,3.00,1.13
2012.02.22 09:39:53.729,0.8305,0.83084,3.38,2.25
2012.02.22 09:39:53.810,0.83051,0.83093,3.00,5.25
2012.02.22 09:39:54.310,0.83051,0.83093,3.00,3.38
2012.02.22 09:39:55.452,0.83051,0.83092,3.00,2.25
2012.02.22 09:39:55.579,0.8305,0.83084,2.25,3.00
2012.02.22 09:39:56.487,0.83051,0.83092,2.25,1.13
2012.02.22 09:39:57.714,0.83052,0.83085,3.00,2.25
2012.02.22 09:39:57.841,0.83061,0.83095,3.00,1.35
2012.02.22 09:39:58.163,0.83061,0.83096,2.25,3.19
2012.02.22 09:39:59.060,0.83063,0.83097,2.25,1.13
2012.02.22 09:39:59.199,0.83063,0.83098,2.25,3.19
2012.02.22 09:40:00.939,0.83063,0.83098,2.25,3.19
2012.02.22 09:40:01.280,0.83063,0.83095,2.25,1.32
2012.02.22 09:40:01.409,0.8306,0.83092,2.25,3.00
2012.02.22 09:40:01.536,0.8306,0.83092,2.25,2.25
2012.02.22 09:40:01.606,0.83063,0.83096,2.25,1.13
2012.02.22 09:40:02.264,0.83061,0.83091,2.25,2.25
2012.02.22 09:40:02.769,0.8306,0.83092,2.25,3.00
2012.02.22 09:40:04.887,0.8306,0.83092,2.25,2.25
2012.02.22 09:40:04.992,0.83061,0.83092,1.17,2.25
2012.02.22 09:40:05.459,0.83071,0.83101,2.25,3.19
2012.02.22 09:40:08.839,0.83071,0.83101,2.25,3.00
2012.02.22 09:40:09.109,0.83064,0.83095,2.85,3.19
2012.02.22 09:40:09.239,0.83064,0.83094,2.25,1.13
2012.02.22 09:40:09.364,0.83059,0.8309,2.25,2.44
2012.02.22 09:40:09.649,0.83052,0.83086,2.44,2.25
2012.02.22 09:40:10.282,0.83052,0.83086,2.25,2.25
2012.02.22 09:40:10.392,0.83052,0.83086,2.25,3.00
2012.02.22 09:40:10.624,0.83052,0.83086,2.25,3.19
2012.02.22 09:40:10.684,0.83052,0.83086,2.25,2.44
2012.02.22 09:40:10.844,0.83059,0.8309,2.25,3.75
2012.02.22 09:40:10.967,0.83059,0.8309,2.25,2.25
2012.02.22 09:40:11.156,0.83064,0.83093,2.25,1.54
2012.02.22 09:40:11.850,0.83064,0.83088,2.25,1.13
2012.02.22 09:40:12.001,0.83064,0.83095,2.25,3.75
2012.02.22 09:40:12.128,0.83053,0.83087,1.13,2.25
2012.02.22 09:40:12.197,0.83051,0.83087,3.38,2.25
2012.02.22 09:40:12.270,0.83051,0.83087,3.00,4.50
2012.02.22 09:40:12.339,0.83051,0.83087,3.19,2.44
2012.02.22 09:40:12.448,0.83065,0.83089,2.25,1.32
2012.02.22 09:40:13.351,0.83052,0.83086,2.25,3.19
2012.02.22 09:40:13.418,0.83052,0.83086,2.25,2.44
2012.02.22 09:40:13.488,0.8306,0.83089,2.25,4.13
2012.02.22 09:40:13.680,0.8306,0.83089,2.63,2.25
2012.02.22 09:40:13.807,0.8307,0.83094,2.25,1.50
2012.02.22 09:40:13.938,0.8307,0.83099,2.25,4.35
2012.02.22 09:40:14.006,0.8307,0.83099,2.25,3.60
2012.02.22 09:40:15.217,0.8307,0.83099,2.25,3.60
2012.02.22 09:40:15.617,0.83068,0.83097,2.25,2.25
2012.02.22 09:40:15.808,0.83069,0.83105,2.44,3.00
2012.02.22 09:40:16.382,0.83069,0.83105,3.57,2.25
2012.02.22 09:40:16.450,0.83077,0.83108,2.25,3.98
2012.02.22 09:40:16.956,0.83077,0.83107,2.25,1.35
2012.02.22 09:40:17.105,0.83073,0.83105,2.25,3.00
2012.02.22 09:40:17.235,0.83068,0.831,2.63,2.25
2012.02.22 09:40:17.310,0.83068,0.831,2.25,2.25
2012.02.22 09:40:17.937,0.83071,0.831,1.13,2.25
2012.02.22 09:40:18.002,0.83078,0.8311,2.25,3.19
2012.02.22 09:40:18.196,0.83078,0.8311,2.25,3.19
2012.02.22 09:40:18.418,0.83078,0.8311,2.25,3.19
2012.02.22 09:40:18.486,0.83078,0.8311,2.25,3.19
2012.02.22 09:40:18.702,0.83078,0.8311,2.25,3.19
2012.02.22 09:40:18.866,0.83074,0.83106,2.25,3.00
2012.02.22 09:40:19.585,0.83076,0.83106,2.10,3.00
2012.02.22 09:40:19.657,0.83077,0.83112,2.85,3.19
2012.02.22 09:40:21.063,0.83074,0.83107,2.25,2.25
2012.02.22 09:40:23.035,0.83074,0.83107,2.44,2.25
2012.02.22 09:40:25.173,0.83074,0.83107,2.44,3.00
2012.02.22 09:40:26.727,0.83078,0.83111,2.25,3.19
2012.02.22 09:40:26.776,0.83078,0.83111,2.25,3.19
2012.02.22 09:40:27.325,0.83078,0.83111,2.25,3.19
2012.02.22 09:40:29.235,0.83078,0.83111,2.25,3.00
2012.02.22 09:40:30.331,0.83081,0.83116,2.25,3.00
2012.02.22 09:40:30.881,0.83081,0.83116,2.25,3.00
2012.02.22 09:40:31.962,0.83078,0.83111,2.25,3.00
2012.02.22 09:40:32.031,0.83078,0.83111,2.25,3.00
2012.02.22 09:40:32.363,0.83078,0.83111,2.25,3.00
2012.02.22 09:40:33.937,0.83078,0.83111,2.25,3.00
2012.02.22 09:40:34.009,0.83074,0.83107,2.63,2.25
2012.02.22 09:40:34.778,0.83074,0.83107,2.63,3.00
2012.02.22 09:40:34.987,0.83074,0.83107,2.63,2.25
2012.02.22 09:40:35.904,0.83074,0.83107,2.25,2.25
2012.02.22 09:40:36.079,0.83074,0.83107,2.25,3.00
2012.02.22 09:40:36.222,0.83074,0.83107,2.25,2.25
2012.02.22 09:40:39.269,0.83075,0.83112,2.25,1.50
2012.02.22 09:40:39.334,0.83074,0.83107,2.25,2.25
2012.02.22 09:40:41.152,0.83074,0.83107,3.00,2.25
2012.02.22 09:40:41.485,0.83074,0.83107,2.25,2.25
2012.02.22 09:40:41.708,0.83074,0.83107,3.00,2.25
2012.02.22 09:40:42.820,0.83074,0.83107,2.44,2.25
2012.02.22 09:40:45.474,0.83074,0.83107,2.25,2.25
2012.02.22 09:40:45.930,0.83074,0.83107,2.25,3.00
2012.02.22 09:40:46.056,0.83074,0.83107,2.25,2.25
2012.02.22 09:40:46.216,0.83074,0.83107,2.25,3.00
2012.02.22 09:40:49.803,0.83074,0.83107,2.44,2.25
2012.02.22 09:40:50.195,0.83074,0.83107,2.44,3.00
2012.02.22 09:40:51.033,0.83074,0.83107,2.44,2.25
2012.02.22 09:40:51.159,0.83071,0.831,2.25,2.25
2012.02.22 09:40:51.465,0.83067,0.83098,1.13,2.25
2012.02.22 09:40:51.595,0.83064,0.83098,1.54,2.25
2012.02.22 09:40:51.920,0.83064,0.83098,1.54,2.25
2012.02.22 09:40:52.642,0.83067,0.83102,3.19,2.25
2012.02.22 09:40:52.734,0.83067,0.83102,3.19,3.00
2012.02.22 09:40:53.726,0.83067,0.83102,2.25,3.79
2012.02.22 09:40:53.869,0.83063,0.83098,2.44,3.00
2012.02.22 09:40:53.936,0.83063,0.83098,2.44,2.25
2012.02.22 09:40:54.682,0.83071,0.831,2.25,3.00
2012.02.22 09:40:57.876,0.83071,0.831,2.25,2.25
2012.02.22 09:40:58.568,0.83066,0.83097,1.13,2.25
2012.02.22 09:40:58.638,0.83064,0.83097,3.19,2.25
2012.02.22 09:40:59.708,0.83064,0.83097,2.44,2.25
2012.02.22 09:40:59.966,0.83071,0.831,2.25,3.00
2012.02.22 09:41:00.652,0.83071,0.831,2.25,3.00
2012.02.22 09:41:02.712,0.83073,0.83108,2.25,4.35
2012.02.22 09:41:02.777,0.83073,0.83108,2.25,4.73
2012.02.22 09:41:02.913,0.8307,0.83101,2.25,2.25
2012.02.22 09:41:03.705,0.8307,0.83101,2.25,3.00
2012.02.22 09:41:05.550,0.83063,0.83098,2.63,2.25
2012.02.22 09:41:05.700,0.83063,0.83098,3.38,2.25
2012.02.22 09:41:05.770,0.8307,0.83101,3.00,2.44
2012.02.22 09:41:06.417,0.8307,0.83101,2.44,2.25
2012.02.22 09:41:08.005,0.83064,0.83097,2.44,2.25
2012.02.22 09:41:08.188,0.83064,0.83097,3.19,2.25
2012.02.22 09:41:10.068,0.83071,0.831,3.00,2.44
2012.02.22 09:41:10.959,0.83063,0.83098,3.19,2.25
2012.02.22 09:41:11.271,0.83063,0.83098,2.44,3.00
2012.02.22 09:41:11.393,0.83063,0.83098,3.19,2.25
2012.02.22 09:41:12.538,0.83071,0.831,2.25,2.25
2012.02.22 09:41:14.774,0.83071,0.831,2.25,3.00
2012.02.22 09:41:15.956,0.83071,0.831,2.25,2.25
2012.02.22 09:41:16.900,0.83071,0.831,2.25,3.00
2012.02.22 09:41:16.969,0.83071,0.831,2.25,2.25
2012.02.22 09:41:17.939,0.83064,0.83097,3.19,2.25
2012.02.22 09:41:19.210,0.83064,0.83097,2.25,2.25
2012.02.22 09:41:20.350,0.83065,0.831,2.25,3.19
2012.02.22 09:41:21.152,0.83065,0.831,2.25,3.00
2012.02.22 09:41:22.447,0.83065,0.831,2.25,3.19
2012.02.22 09:41:23.968,0.8306,0.83096,2.25,3.19
2012.02.22 09:41:24.040,0.8306,0.83096,2.25,3.19
2012.02.22 09:41:24.109,0.8306,0.83096,2.44,3.00
2012.02.22 09:41:25.402,0.83065,0.831,2.25,3.38
2012.02.22 09:41:26.110,0.83065,0.831,2.25,3.38
2012.02.22 09:41:27.333,0.83065,0.831,2.25,3.19
2012.02.22 09:41:28.456,0.83065,0.831,2.25,3.19
2012.02.22 09:41:28.598,0.83065,0.831,2.25,3.75
2012.02.22 09:41:30.489,0.83065,0.831,2.25,3.75
2012.02.22 09:41:30.685,0.83065,0.831,2.25,3.75
2012.02.22 09:41:32.680,0.83065,0.831,2.25,3.75
2012.02.22 09:41:36.692,0.83065,0.831,2.25,3.19
2012.02.22 09:41:38.677,0.83065,0.831,2.25,3.19
2012.02.22 09:41:41.175,0.8307,0.83101,2.25,1.13
2012.02.22 09:41:42.320,0.8307,0.83102,2.25,1.54
2012.02.22 09:41:42.816,0.8307,0.83103,2.63,3.00
2012.02.22 09:41:42.888,0.83078,0.83108,2.25,1.50
2012.02.22 09:41:43.136,0.83073,0.83108,2.25,3.75
2012.02.22 09:41:43.917,0.83073,0.83108,2.25,3.75
2012.02.22 09:41:48.869,0.83073,0.83108,2.25,3.75
2012.02.22 09:41:49.190,0.83073,0.83108,2.25,3.75
2012.02.22 09:41:55.735,0.83073,0.83108,2.25,3.19
2012.02.22 09:41:55.910,0.83073,0.83108,2.25,3.19
2012.02.22 09:41:56.722,0.83073,0.83107,2.25,1.13
2012.02.22 09:41:57.504,0.83073,0.83107,2.25,1.13
2012.02.22 09:42:04.049,0.83065,0.83104,2.44,1.35
2012.02.22 09:42:04.119,0.83065,0.83104,2.25,1.54
2012.02.22 09:42:04.768,0.83065,0.83104,2.25,1.54
2012.02.22 09:42:05.347,0.83065,0.83104,2.25,1.54
2012.02.22 09:42:07.878,0.83065,0.83104,2.25,1.54
2012.02.22 09:42:09.416,0.83065,0.83104,2.25,1.54
2012.02.22 09:42:10.624,0.83065,0.83099,2.25,1.13
2012.02.22 09:42:10.946,0.83064,0.83097,2.25,3.19
2012.02.22 09:42:14.547,0.83064,0.83097,2.25,3.19
2012.02.22 09:42:17.757,0.83064,0.83097,2.25,3.57
2012.02.22 09:42:17.830,0.8306,0.83093,2.25,3.00
2012.02.22 09:42:17.954,0.8306,0.83093,2.25,3.19
2012.02.22 09:42:19.916,0.8306,0.83093,2.25,3.19
2012.02.22 09:42:19.992,0.83056,0.83088,2.25,3.00
2012.02.22 09:42:20.099,0.83056,0.83088,2.25,3.00
2012.02.22 09:42:20.253,0.83061,0.83091,2.25,3.19
2012.02.22 09:42:20.756,0.83061,0.83091,2.25,3.00
2012.02.22 09:42:21.091,0.83056,0.83085,2.25,1.35
2012.02.22 09:42:22.864,0.83056,0.83085,2.25,1.35
2012.02.22 09:42:27.157,0.83056,0.83085,2.25,1.35
2012.02.22 09:42:27.366,0.8305,0.83083,3.19,3.00
2012.02.22 09:42:28.280,0.8305,0.83083,3.00,3.19
2012.02.22 09:42:30.831,0.8305,0.83083,3.00,3.38
2012.02.22 09:42:31.018,0.8305,0.83082,2.25,1.54
2012.02.22 09:42:32.080,0.8305,0.83082,2.25,1.54
2012.02.22 09:42:33.150,0.8305,0.83082,2.25,1.54
2012.02.22 09:42:33.656,0.8305,0.83082,2.25,1.35
2012.02.22 09:42:34.138,0.8305,0.83082,2.25,1.35
2012.02.22 09:42:34.923,0.8305,0.83082,2.25,1.35
2012.02.22 09:42:35.702,0.8305,0.83082,2.25,1.35
2012.02.22 09:42:41.125,0.8305,0.83082,2.25,1.54
2012.02.22 09:42:45.762,0.8305,0.83082,2.25,1.54
2012.02.22 09:42:49.177,0.8305,0.83082,2.25,1.54
2012.02.22 09:42:50.987,0.83054,0.83084,2.25,1.13
2012.02.22 09:42:51.060,0.83054,0.83087,2.25,3.75
2012.02.22 09:42:56.231,0.83051,0.83081,2.25,3.00
2012.02.22 09:42:56.299,0.83051,0.83081,2.25,3.19
2012.02.22 09:42:56.603,0.83044,0.83077,2.44,2.25
2012.02.22 09:42:56.665,0.83044,0.83077,2.44,3.00
2012.02.22 09:42:57.360,0.83044,0.83077,2.25,3.00
2012.02.22 09:42:58.187,0.83047,0.83083,2.25,3.79
2012.02.22 09:42:58.318,0.83045,0.83076,2.25,3.00
2012.02.22 09:42:58.389,0.8305,0.83079,2.25,3.00
2012.02.22 09:42:58.455,0.8305,0.83079,2.25,3.00
2012.02.22 09:42:59.018,0.8305,0.83079,2.25,3.19
2012.02.22 09:43:00.400,0.8305,0.83079,2.25,3.19
2012.02.22 09:43:01.110,0.83041,0.83077,2.25,3.19
2012.02.22 09:43:02.019,0.83041,0.83075,2.25,1.50
2012.02.22 09:43:02.872,0.83041,0.83077,2.25,3.38
2012.02.22 09:43:08.015,0.83041,0.83077,2.25,3.19
2012.02.22 09:43:08.203,0.83037,0.83073,3.00,3.19
2012.02.22 09:43:08.289,0.83041,0.83077,2.25,3.75
2012.02.22 09:43:08.396,0.83041,0.83077,2.25,3.75
2012.02.22 09:43:14.156,0.83041,0.83076,2.25,1.13
2012.02.22 09:43:16.153,0.83041,0.83076,2.25,1.13
2012.02.22 09:43:16.799,0.83041,0.83077,3.00,2.63
2012.02.22 09:43:22.407,0.83041,0.83076,2.25,1.13
2012.02.22 09:43:23.142,0.83041,0.83077,3.00,3.00
2012.02.22 09:43:24.023,0.83041,0.83077,2.25,3.75
2012.02.22 09:43:24.676,0.83041,0.83077,2.25,3.75
2012.02.22 09:43:24.885,0.83038,0.83072,2.25,3.19
2012.02.22 09:43:24.956,0.83038,0.83072,3.00,2.44
2012.02.22 09:43:25.920,0.83045,0.83076,2.25,3.19
2012.02.22 09:43:28.447,0.83045,0.83076,2.25,3.57
2012.02.22 09:43:29.074,0.83038,0.83072,2.25,3.19
2012.02.22 09:43:30.278,0.83038,0.83072,3.00,2.25
2012.02.22 09:43:30.354,0.83041,0.83077,3.00,2.63
2012.02.22 09:43:31.352,0.83041,0.83077,3.00,3.23
2012.02.22 09:43:31.862,0.83041,0.83077,3.00,3.23
2012.02.22 09:43:33.725,0.83041,0.83076,2.25,1.73
2012.02.22 09:43:35.876,0.83041,0.83077,3.00,3.04
2012.02.22 09:43:36.287,0.83041,0.83076,2.25,1.54
2012.02.22 09:43:39.636,0.83041,0.83077,3.00,3.04
2012.02.22 09:43:40.334,0.83041,0.83077,3.00,3.60
2012.02.22 09:43:40.894,0.83041,0.83076,2.25,1.54
2012.02.22 09:43:43.876,0.83041,0.83077,3.00,3.23
2012.02.22 09:43:44.536,0.83041,0.83077,3.00,3.04
2012.02.22 09:43:46.409,0.83041,0.83076,2.25,1.54
2012.02.22 09:43:48.103,0.83038,0.83072,2.25,3.19
2012.02.22 09:43:49.811,0.83038,0.83072,3.00,2.44
2012.02.22 09:43:50.263,0.83038,0.83072,2.25,3.19
2012.02.22 09:43:51.409,0.83038,0.83072,3.00,2.44
2012.02.22 09:43:52.938,0.83038,0.83072,2.25,3.19
2012.02.22 09:43:55.976,0.83038,0.83072,3.00,2.44
2012.02.22 09:43:56.897,0.83038,0.83072,2.25,3.19
2012.02.22 09:43:56.965,0.83038,0.83072,3.00,2.44
2012.02.22 09:43:57.683,0.83038,0.83072,2.25,3.19
2012.02.22 09:44:07.727,0.83045,0.83076,2.25,3.79
2012.02.22 09:44:07.795,0.83045,0.83076,2.25,3.79
2012.02.22 09:44:07.997,0.83038,0.83072,3.19,2.25
2012.02.22 09:44:08.286,0.83038,0.83072,2.25,3.19
2012.02.22 09:44:09.563,0.83038,0.83072,3.00,2.44
2012.02.22 09:44:11.185,0.83038,0.83072,3.00,2.25
2012.02.22 09:44:12.128,0.83045,0.83076,2.25,4.17
2012.02.22 09:44:12.667,0.83045,0.83076,2.25,3.60
2012.02.22 09:44:14.499,0.83045,0.83074,2.25,1.32
2012.02.22 09:44:14.564,0.83037,0.83067,2.25,2.25
2012.02.22 09:44:17.558,0.83037,0.83067,2.25,2.63
2012.02.22 09:44:17.646,0.83032,0.83064,2.25,4.54
2012.02.22 09:44:18.446,0.83032,0.83064,2.25,2.25
2012.02.22 09:44:20.292,0.83032,0.83064,3.00,2.25
2012.02.22 09:44:20.363,0.83032,0.83064,3.00,2.25
2012.02.22 09:44:20.428,0.83032,0.83064,3.00,2.25
2012.02.22 09:44:20.739,0.83032,0.83064,3.00,2.44
2012.02.22 09:44:20.948,0.83032,0.83064,3.60,2.44
2012.02.22 09:44:21.272,0.83036,0.83069,3.00,2.25
2012.02.22 09:44:21.978,0.83046,0.83079,2.25,4.35
2012.02.22 09:44:22.363,0.83046,0.83079,2.25,3.79
2012.02.22 09:44:24.894,0.83046,0.83079,3.00,3.04
2012.02.22 09:44:25.362,0.83052,0.83083,2.25,3.19
2012.02.22 09:44:30.728,0.83052,0.83083,2.25,2.25
2012.02.22 09:44:38.725,0.83045,0.8308,4.35,2.25
2012.02.22 09:44:38.794,0.83045,0.8308,3.60,2.25
2012.02.22 09:44:38.918,0.83045,0.8308,3.60,2.25
2012.02.22 09:44:39.043,0.83049,0.83084,3.00,3.19
2012.02.22 09:44:40.722,0.83053,0.83088,2.25,2.63
2012.02.22 09:44:41.068,0.83053,0.83088,2.25,3.00
2012.02.22 09:44:41.135,0.8306,0.83091,2.25,1.54
2012.02.22 09:44:41.645,0.8306,0.83092,2.25,2.63
2012.02.22 09:44:43.676,0.8306,0.83092,2.25,3.38
2012.02.22 09:44:44.389,0.8306,0.83092,2.25,2.63
2012.02.22 09:44:45.012,0.8306,0.83092,2.25,3.00
2012.02.22 09:44:45.427,0.83053,0.83082,2.25,2.25
2012.02.22 09:44:45.528,0.83053,0.83082,3.00,2.25
2012.02.22 09:44:45.597,0.83056,0.83088,3.00,2.44
2012.02.22 09:44:45.989,0.83052,0.83083,2.25,2.25
2012.02.22 09:44:59.415,0.83046,0.8308,1.13,2.25
2012.02.22 09:44:59.615,0.83045,0.8308,3.00,2.44
2012.02.22 09:45:05.477,0.83045,0.8308,2.25,3.19
2012.02.22 09:45:09.020,0.83045,0.8308,3.00,2.44
2012.02.22 09:45:09.448,0.83053,0.83082,2.25,3.00
2012.02.22 09:45:09.578,0.83053,0.83082,2.25,2.25
2012.02.22 09:45:21.426,0.83053,0.83082,2.25,3.00
2012.02.22 09:45:22.880,0.83048,0.83079,2.25,3.00
2012.02.22 09:45:24.397,0.83048,0.83079,2.25,3.00
2012.02.22 09:45:24.946,0.83048,0.83079,2.25,3.00
2012.02.22 09:45:25.934,0.83048,0.83079,2.25,3.19
2012.02.22 09:45:28.359,0.83044,0.83075,2.25,2.63
2012.02.22 09:45:40.473,0.83044,0.83075,2.25,3.04
2012.02.22 09:45:41.226,0.83036,0.83066,3.19,2.25
2012.02.22 09:45:41.314,0.83036,0.83066,3.00,2.25
2012.02.22 09:45:41.394,0.83036,0.83066,3.00,2.25
2012.02.22 09:45:41.782,0.83036,0.83066,3.00,2.25
2012.02.22 09:45:42.152,0.83036,0.83066,3.00,2.44
2012.02.22 09:45:43.321,0.83036,0.83066,3.00,2.25
2012.02.22 09:45:44.139,0.83041,0.8307,3.00,2.44
2012.02.22 09:45:44.249,0.83041,0.8307,3.00,2.44
2012.02.22 09:45:44.634,0.83041,0.8307,3.00,2.44
2012.02.22 09:45:46.719,0.83041,0.8307,3.00,2.44
2012.02.22 09:45:47.913,0.83041,0.8307,3.00,2.25
2012.02.22 09:45:49.185,0.83041,0.8307,3.00,2.25
2012.02.22 09:45:50.343,0.83036,0.83066,3.00,2.25
2012.02.22 09:45:50.687,0.83036,0.83066,3.00,2.44
2012.02.22 09:45:56.399,0.83036,0.83066,3.00,2.44
2012.02.22 09:45:58.220,0.83036,0.83066,3.00,2.44
2012.02.22 09:46:04.576,0.83038,0.83073,3.00,2.44
2012.02.22 09:46:04.731,0.83038,0.83073,3.00,2.44
2012.02.22 09:46:05.124,0.83039,0.83078,3.00,2.25
2012.02.22 09:46:05.459,0.83039,0.8308,3.00,1.35
2012.02.22 09:46:05.527,0.83039,0.83079,2.25,1.50
2012.02.22 09:46:06.932,0.83039,0.8308,3.00,1.35
2012.02.22 09:46:07.259,0.83039,0.83078,2.25,1.50
2012.02.22 09:46:08.273,0.83039,0.83079,2.25,1.50
2012.02.22 09:46:08.406,0.83039,0.83079,2.25,1.50
2012.02.22 09:46:08.599,0.83036,0.83077,3.19,3.19
2012.02.22 09:46:15.958,0.83036,0.83075,2.25,1.13
2012.02.22 09:46:20.740,0.83036,0.83077,3.00,3.75
2012.02.22 09:46:21.022,0.83036,0.83072,2.25,1.13
2012.02.22 09:46:21.149,0.83034,0.83069,2.44,3.00
2012.02.22 09:46:27.814,0.83034,0.83069,3.00,3.19
2012.02.22 09:46:27.880,0.83034,0.83069,2.25,3.19
2012.02.22 09:46:32.223,0.83034,0.83069,3.00,3.19
2012.02.22 09:46:32.978,0.83034,0.83069,2.25,3.19
2012.02.22 09:46:43.588,0.83034,0.83069,2.25,3.19
2012.02.22 09:46:44.236,0.83034,0.83069,2.25,3.19
2012.02.22 09:46:49.688,0.83034,0.83069,3.00,3.19
2012.02.22 09:46:50.241,0.83034,0.83069,2.25,3.19
2012.02.22 09:46:50.898,0.83034,0.83069,3.00,3.19
2012.02.22 09:46:53.427,0.83034,0.83069,2.25,3.19
2012.02.22 09:47:24.436,0.83034,0.83069,3.00,3.00
2012.02.22 09:47:25.328,0.83043,0.83076,2.25,3.75
2012.02.22 09:47:25.405,0.83038,0.83073,2.25,3.00
2012.02.22 09:47:25.473,0.83038,0.83073,2.25,3.00
2012.02.22 09:47:31.581,0.83038,0.83073,2.25,3.19
2012.02.22 09:47:33.476,0.83038,0.83068,2.25,1.54
2012.02.22 09:47:33.615,0.83032,0.83065,1.13,2.25
2012.02.22 09:47:33.742,0.8303,0.83065,2.44,3.00
2012.02.22 09:47:34.495,0.83037,0.83069,2.25,3.19
2012.02.22 09:47:35.231,0.83037,0.83069,2.25,2.25
2012.02.22 09:47:35.588,0.83041,0.83072,2.25,1.13
2012.02.22 09:47:35.726,0.83041,0.83073,2.25,2.25
2012.02.22 09:47:36.314,0.83045,0.83073,2.25,1.13
2012.02.22 09:47:36.383,0.83037,0.83069,2.25,3.60
2012.02.22 09:47:37.628,0.83037,0.83069,2.25,3.79
2012.02.22 09:47:37.760,0.83042,0.83072,2.25,3.00
2012.02.22 09:47:37.832,0.83042,0.83072,2.25,2.25
2012.02.22 09:47:38.595,0.8305,0.83081,2.25,3.19
2012.02.22 09:47:39.369,0.8305,0.83079,2.25,1.13
2012.02.22 09:47:39.711,0.83045,0.83077,2.25,2.44
2012.02.22 09:47:39.781,0.83045,0.83077,2.25,3.19
2012.02.22 09:47:40.416,0.83045,0.83077,2.25,2.44
2012.02.22 09:47:40.520,0.83045,0.83077,2.25,3.00
2012.02.22 09:47:40.866,0.83045,0.83078,2.25,3.00
2012.02.22 09:47:40.931,0.83045,0.83078,2.25,2.44
2012.02.22 09:47:41.237,0.83045,0.83077,2.25,2.25
2012.02.22 09:47:41.313,0.83049,0.83082,2.25,3.19
2012.02.22 09:47:42.343,0.83045,0.83077,2.25,3.19
2012.02.22 09:47:43.921,0.83045,0.83077,2.25,3.19
2012.02.22 09:47:44.060,0.83041,0.83073,2.25,3.19
2012.02.22 09:47:45.527,0.83041,0.83073,3.00,2.44
2012.02.22 09:47:46.816,0.83041,0.83073,2.25,3.19
2012.02.22 09:47:47.168,0.83041,0.83073,2.25,3.19
2012.02.22 09:47:47.244,0.83041,0.83073,2.25,3.19
2012.02.22 09:47:47.431,0.83046,0.83076,2.25,3.19
2012.02.22 09:47:48.096,0.83043,0.83074,2.25,1.35
2012.02.22 09:47:48.281,0.83039,0.83072,2.25,3.00
2012.02.22 09:47:48.389,0.83039,0.83072,2.25,3.00
2012.02.22 09:47:49.441,0.83039,0.83072,2.25,3.00
2012.02.22 09:47:51.913,0.83039,0.83072,2.25,2.44
2012.02.22 09:47:53.576,0.83039,0.83072,2.25,2.25
2012.02.22 09:47:53.644,0.83039,0.83072,2.25,3.19
2012.02.22 09:47:56.143,0.83039,0.83072,2.25,3.19
2012.02.22 09:47:56.320,0.83039,0.83072,2.25,3.19
2012.02.22 09:48:03.729,0.83039,0.83072,2.25,3.19
2012.02.22 09:48:08.507,0.83039,0.83072,2.25,3.19
2012.02.22 09:48:10.160,0.83039,0.83072,2.25,3.19
2012.02.22 09:48:10.649,0.83039,0.83072,2.25,3.19
2012.02.22 09:48:11.209,0.83039,0.83072,2.25,3.19
2012.02.22 09:48:11.641,0.83043,0.83076,2.25,3.19
2012.02.22 09:48:11.961,0.83034,0.83074,2.25,1.13
2012.02.22 09:48:12.150,0.83034,0.83074,2.25,1.13
2012.02.22 09:48:12.281,0.83034,0.83074,2.63,1.13
2012.02.22 09:48:12.866,0.83037,0.83074,2.25,1.13
2012.02.22 09:48:13.198,0.83037,0.83077,2.25,1.13
2012.02.22 09:48:13.906,0.83037,0.83077,2.25,1.13
2012.02.22 09:48:14.661,0.83037,0.83077,2.25,1.13
2012.02.22 09:48:15.708,0.83037,0.83077,2.25,1.13
2012.02.22 09:48:16.974,0.83037,0.83077,2.25,1.13
2012.02.22 09:48:20.414,0.83038,0.83071,2.25,1.13
2012.02.22 09:48:25.693,0.83038,0.83071,2.25,1.13
2012.02.22 09:48:26.197,0.8303,0.83065,2.44,3.00
2012.02.22 09:48:26.962,0.8303,0.83065,2.25,3.19
2012.02.22 09:48:28.670,0.8303,0.83064,2.25,1.50
2012.02.22 09:48:31.417,0.8303,0.83065,2.25,3.19
2012.02.22 09:48:32.362,0.83037,0.83066,2.25,1.50
2012.02.22 09:48:32.422,0.83034,0.83063,2.25,2.44
2012.02.22 09:48:32.547,0.83034,0.83063,2.25,2.63
2012.02.22 09:48:32.682,0.8303,0.83059,2.25,2.25
2012.02.22 09:48:33.130,0.83033,0.83062,2.25,1.13
2012.02.22 09:48:33.905,0.8303,0.83059,2.25,3.19
2012.02.22 09:48:34.769,0.8303,0.83059,2.25,3.19
2012.02.22 09:48:34.946,0.8303,0.83059,2.25,3.19
2012.02.22 09:48:35.795,0.8303,0.83059,2.25,2.25
2012.02.22 09:48:35.903,0.83031,0.83067,2.25,3.57
2012.02.22 09:48:36.163,0.83031,0.83061,2.25,2.25
2012.02.22 09:48:36.511,0.83041,0.83071,2.25,2.44
2012.02.22 09:48:36.708,0.83043,0.83076,2.25,1.54
2012.02.22 09:48:38.694,0.83043,0.83078,2.25,3.19
2012.02.22 09:48:39.319,0.83043,0.83074,2.25,1.13
2012.02.22 09:48:39.393,0.83041,0.83071,2.25,3.00
2012.02.22 09:48:39.680,0.83041,0.83071,2.25,3.00
2012.02.22 09:48:41.772,0.83041,0.83071,2.25,3.19
2012.02.22 09:48:47.708,0.83041,0.83071,2.25,3.19
2012.02.22 09:48:49.445,0.8304,0.83072,1.50,3.79
2012.02.22 09:48:50.199,0.83034,0.83067,1.50,3.00
2012.02.22 09:48:50.432,0.83034,0.83067,1.50,3.00
2012.02.22 09:48:53.474,0.83034,0.83067,2.25,3.19
2012.02.22 09:48:54.058,0.83032,0.83072,2.25,1.50
2012.02.22 09:48:57.252,0.83032,0.83072,2.25,1.13
2012.02.22 09:48:57.485,0.83032,0.83072,2.25,1.13
2012.02.22 09:48:58.334,0.83032,0.83072,2.25,1.13
2012.02.22 09:48:58.501,0.83032,0.83072,2.25,1.13
2012.02.22 09:49:01.230,0.83032,0.83073,2.25,1.50
2012.02.22 09:49:01.302,0.83032,0.83073,2.25,1.50
2012.02.22 09:49:02.679,0.83032,0.83073,2.25,1.50
2012.02.22 09:49:02.949,0.83032,0.83073,2.25,1.50
2012.02.22 09:49:09.218,0.83032,0.83073,2.25,1.50
2012.02.22 09:49:10.674,0.83032,0.83073,3.00,1.50
2012.02.22 09:49:13.107,0.83032,0.83073,3.00,1.13
2012.02.22 09:49:13.182,0.83032,0.83073,3.00,1.13
2012.02.22 09:49:13.915,0.83042,0.83076,2.25,3.75
2012.02.22 09:49:15.159,0.83042,0.83076,2.25,3.75
2012.02.22 09:49:17.909,0.83042,0.83075,2.25,1.13
2012.02.22 09:49:24.661,0.83042,0.83076,2.25,3.19
2012.02.22 09:49:24.938,0.83042,0.83076,2.25,3.19
2012.02.22 09:49:25.558,0.83042,0.83074,2.25,1.13
2012.02.22 09:49:27.129,0.83042,0.83074,2.25,1.13
2012.02.22 09:49:27.836,0.83042,0.83074,2.25,1.13
2012.02.22 09:49:30.069,0.83042,0.83075,2.25,1.50
2012.02.22 09:49:30.211,0.83042,0.83075,2.25,1.50
2012.02.22 09:49:32.618,0.83042,0.83075,2.25,1.50
2012.02.22 09:49:33.250,0.83042,0.83076,2.25,2.44
2012.02.22 09:49:33.381,0.8305,0.83079,2.25,3.19
2012.02.22 09:49:35.660,0.8305,0.83079,2.25,3.19
2012.02.22 09:49:35.771,0.8305,0.83079,2.25,3.19
2012.02.22 09:49:36.769,0.8305,0.83079,2.25,3.19
2012.02.22 09:49:39.121,0.8305,0.83078,2.25,1.13
2012.02.22 09:49:42.891,0.8305,0.83078,2.25,1.13
2012.02.22 09:49:43.162,0.8305,0.83078,2.25,1.13
2012.02.22 09:49:43.708,0.8305,0.83078,2.25,1.13
2012.02.22 09:49:45.251,0.8305,0.83079,2.25,3.38
2012.02.22 09:49:45.790,0.8305,0.83078,2.25,1.13
2012.02.22 09:49:46.860,0.83041,0.83076,2.25,1.13
2012.02.22 09:49:47.842,0.83041,0.83074,2.25,1.54
2012.02.22 09:49:49.174,0.83041,0.83074,2.25,2.10
2012.02.22 09:49:49.579,0.83041,0.83074,2.25,2.10
2012.02.22 09:49:49.651,0.83037,0.83072,2.25,3.19
2012.02.22 09:49:50.534,0.8304,0.83072,2.25,3.19
2012.02.22 09:49:52.778,0.8304,0.83072,2.25,3.19
2012.02.22 09:49:52.854,0.83034,0.83067,2.44,3.00
2012.02.22 09:49:53.400,0.83034,0.83066,2.25,1.35
2012.02.22 09:50:01.875,0.83034,0.83066,2.25,1.35
2012.02.22 09:50:03.636,0.83034,0.83066,2.25,1.35
2012.02.22 09:50:03.903,0.83034,0.83066,2.25,1.73
2012.02.22 09:50:04.477,0.8303,0.83062,2.25,2.25
2012.02.22 09:50:04.542,0.83031,0.83061,2.25,3.00
2012.02.22 09:50:05.172,0.83031,0.83061,2.25,2.44
2012.02.22 09:50:05.574,0.83033,0.83063,2.25,1.13
2012.02.22 09:50:05.741,0.83033,0.83065,2.25,1.13
2012.02.22 09:50:09.209,0.83033,0.83066,2.25,1.54
2012.02.22 09:50:09.339,0.8303,0.83062,2.25,3.19
2012.02.22 09:50:15.307,0.8303,0.83059,2.25,1.35
2012.02.22 09:50:15.510,0.83024,0.83057,2.25,3.60
2012.02.22 09:50:24.679,0.83024,0.83057,2.25,3.19
2012.02.22 09:50:24.763,0.83028,0.83061,2.25,1.50
2012.02.22 09:50:29.447,0.83028,0.83062,2.25,3.19
2012.02.22 09:50:29.506,0.83031,0.83066,2.25,2.10
2012.02.22 09:50:30.191,0.83031,0.83066,2.25,2.10
2012.02.22 09:50:30.450,0.83031,0.83065,2.25,1.13
2012.02.22 09:50:35.933,0.83031,0.83066,2.25,1.54
2012.02.22 09:50:36.370,0.83031,0.83066,2.25,1.54
2012.02.22 09:50:37.136,0.83036,0.83066,2.25,1.54
2012.02.22 09:50:38.268,0.83031,0.83064,2.25,1.50
2012.02.22 09:50:40.450,0.83031,0.83064,2.25,1.50
2012.02.22 09:50:41.287,0.83031,0.83064,2.25,1.50
2012.02.22 09:50:41.699,0.83031,0.83062,2.25,1.13
2012.02.22 09:50:41.868,0.83028,0.83062,2.25,3.38
2012.02.22 09:50:43.021,0.83028,0.83062,2.25,3.38
2012.02.22 09:50:45.266,0.83024,0.83055,2.25,1.35
2012.02.22 09:50:45.397,0.83024,0.83055,2.25,1.35
2012.02.22 09:50:47.624,0.83024,0.83055,2.25,1.54
2012.02.22 09:50:49.465,0.83024,0.83057,2.25,3.19
2012.02.22 09:50:50.916,0.83023,0.83055,2.25,1.54
2012.02.22 09:50:51.866,0.83023,0.83055,2.25,1.54
2012.02.22 09:50:52.416,0.83023,0.83057,2.25,1.50
2012.02.22 09:50:54.267,0.83023,0.83057,2.25,1.13
2012.02.22 09:50:54.985,0.83023,0.83058,2.25,2.63
2012.02.22 09:50:55.841,0.83023,0.83058,2.25,3.19
2012.02.22 09:50:56.967,0.83023,0.83058,2.25,3.19
2012.02.22 09:50:57.186,0.83028,0.83061,2.25,1.54
2012.02.22 09:50:58.719,0.83028,0.83061,2.25,1.54
2012.02.22 09:50:59.467,0.83028,0.83061,2.25,1.54
2012.02.22 09:50:59.663,0.83031,0.83061,2.25,1.54
2012.02.22 09:51:00.422,0.83031,0.83064,2.25,2.10
2012.02.22 09:51:01.524,0.83031,0.83064,2.25,2.10
2012.02.22 09:51:01.633,0.83031,0.83064,2.25,2.10
2012.02.22 09:51:05.702,0.83031,0.83063,2.25,1.13
2012.02.22 09:51:06.139,0.83031,0.83064,2.25,2.10
2012.02.22 09:51:07.167,0.83031,0.83064,2.25,2.10
2012.02.22 09:51:13.489,0.83031,0.83064,2.25,1.73
2012.02.22 09:51:14.307,0.83031,0.83064,2.25,1.73
2012.02.22 09:51:15.949,0.83031,0.83064,2.25,1.73
2012.02.22 09:51:17.997,0.83031,0.83064,2.25,1.73
2012.02.22 09:51:20.341,0.83031,0.83064,2.25,1.54
2012.02.22 09:51:22.607,0.83036,0.83064,2.25,1.54
2012.02.22 09:51:33.637,0.83036,0.83064,2.25,1.35
2012.02.22 09:51:33.827,0.83025,0.83061,2.63,3.00
2012.02.22 09:51:33.889,0.83025,0.83061,2.25,3.00
2012.02.22 09:51:34.041,0.83025,0.8306,2.25,1.88
2012.02.22 09:51:34.167,0.83023,0.83054,2.25,3.00
2012.02.22 09:51:35.022,0.83015,0.83051,3.19,3.00
2012.02.22 09:51:36.740,0.83015,0.8305,3.00,1.50
2012.02.22 09:51:42.047,0.83015,0.8305,2.25,1.50
2012.02.22 09:51:42.506,0.83015,0.83049,2.25,1.13
2012.02.22 09:51:42.568,0.8302,0.83049,2.25,1.13
2012.02.22 09:51:44.006,0.8302,0.83051,2.25,1.54
2012.02.22 09:51:44.573,0.8302,0.8305,2.25,1.13
2012.02.22 09:51:45.412,0.8302,0.8305,2.25,1.13
2012.02.22 09:51:45.995,0.83016,0.8305,2.25,3.38
2012.02.22 09:51:46.066,0.83016,0.8305,2.25,3.75
2012.02.22 09:51:48.920,0.83016,0.83049,2.25,1.13
2012.02.22 09:51:49.106,0.83006,0.83049,4.35,1.50
2012.02.22 09:51:49.174,0.83006,0.83046,3.79,1.50
2012.02.22 09:51:51.608,0.83006,0.83048,3.79,1.50
2012.02.22 09:51:53.276,0.83006,0.83048,3.79,1.13
2012.02.22 09:51:56.349,0.83006,0.8305,3.79,3.75
2012.02.22 09:51:57.882,0.83006,0.8305,3.04,3.75
2012.02.22 09:51:58.139,0.83006,0.83048,3.75,1.54
2012.02.22 09:51:58.266,0.83011,0.83047,3.00,2.25
2012.02.22 09:51:58.462,0.83011,0.83047,3.00,2.63
2012.02.22 09:51:59.510,0.83011,0.83045,2.25,1.13
2012.02.22 09:52:05.261,0.83011,0.83047,3.00,2.63
2012.02.22 09:52:11.089,0.83011,0.83047,3.00,3.00
2012.02.22 09:52:13.178,0.83011,0.83047,3.00,2.44
2012.02.22 09:52:13.982,0.83011,0.83047,3.19,2.25
2012.02.22 09:52:14.150,0.83019,0.8305,2.25,3.19
2012.02.22 09:52:16.134,0.83021,0.83051,2.25,1.13
2012.02.22 09:52:16.670,0.83021,0.83054,2.25,1.73
2012.02.22 09:52:16.978,0.83021,0.83054,2.25,1.73
2012.02.22 09:52:17.560,0.83021,0.83054,2.25,2.48
2012.02.22 09:52:18.119,0.83021,0.83046,2.25,1.13
2012.02.22 09:52:18.191,0.8301,0.83043,2.25,3.00
2012.02.22 09:52:18.748,0.8301,0.83043,2.25,3.00
2012.02.22 09:52:18.871,0.83013,0.83045,2.25,1.54
2012.02.22 09:52:19.701,0.83013,0.83048,2.25,5.29
2012.02.22 09:52:19.867,0.83021,0.83048,2.25,3.04
2012.02.22 09:52:20.435,0.83021,0.83051,2.25,3.19
2012.02.22 09:52:30.421,0.83021,0.83051,2.25,2.44
2012.02.22 09:52:31.954,0.83021,0.83051,2.25,3.19
2012.02.22 09:52:32.780,0.83021,0.83051,2.25,2.44
2012.02.22 09:52:36.568,0.83021,0.83051,2.25,3.19
2012.02.22 09:52:38.220,0.83021,0.83051,2.25,2.44
2012.02.22 09:52:40.198,0.83021,0.83051,2.25,3.19
2012.02.22 09:52:41.201,0.83021,0.83051,2.25,2.44
2012.02.22 09:52:44.006,0.83021,0.83051,2.25,3.57
2012.02.22 09:52:44.128,0.83017,0.83047,2.25,2.25
2012.02.22 09:52:45.034,0.83017,0.83047,3.00,2.25
2012.02.22 09:52:45.105,0.83015,0.8305,3.00,2.44
2012.02.22 09:52:46.199,0.83015,0.83049,2.25,1.54
2012.02.22 09:52:47.100,0.83015,0.83049,3.00,1.35
2012.02.22 09:52:47.173,0.83015,0.83048,2.25,1.13
2012.02.22 09:52:48.021,0.83015,0.83049,2.25,1.73
2012.02.22 09:52:49.137,0.83015,0.8305,3.00,2.63
2012.02.22 09:52:49.210,0.83015,0.8305,3.00,2.44
2012.02.22 09:52:50.122,0.83015,0.8305,2.25,3.19
2012.02.22 09:52:51.984,0.83015,0.8305,3.00,2.44
2012.02.22 09:52:53.867,0.83019,0.83054,2.25,3.19
2012.02.22 09:52:54.680,0.83019,0.83054,3.00,3.19
2012.02.22 09:52:59.193,0.83019,0.83053,2.25,1.32
2012.02.22 09:52:59.262,0.83019,0.83053,2.25,1.32
2012.02.22 09:52:59.601,0.83016,0.83049,3.00,2.25
2012.02.22 09:53:01.211,0.8302,0.83053,3.00,3.19
2012.02.22 09:53:03.155,0.8302,0.83053,3.00,3.00
2012.02.22 09:53:09.918,0.8302,0.83053,2.25,3.00
2012.02.22 09:53:14.094,0.83021,0.83053,1.13,2.25
2012.02.22 09:53:14.164,0.83021,0.83053,1.88,2.25
2012.02.22 09:53:15.096,0.8303,0.83063,2.25,3.60
2012.02.22 09:53:16.938,0.8303,0.83063,2.44,3.60
2012.02.22 09:53:17.108,0.83036,0.83068,2.25,3.19
2012.02.22 09:53:17.198,0.83036,0.83068,2.25,3.19
2012.02.22 09:53:17.327,0.8304,0.83072,2.25,2.10
2012.02.22 09:53:17.860,0.83036,0.83068,2.25,3.19
2012.02.22 09:53:18.167,0.83036,0.83068,2.25,3.19
2012.02.22 09:53:18.825,0.83036,0.83068,2.25,3.19
2012.02.22 09:53:22.878,0.83036,0.83068,2.25,3.00
2012.02.22 09:53:23.010,0.83046,0.83073,2.25,1.50
2012.02.22 09:53:24.056,0.83046,0.83074,2.25,1.35
2012.02.22 09:53:24.977,0.83046,0.83074,2.25,1.35
2012.02.22 09:53:28.444,0.83046,0.83075,2.25,3.00
2012.02.22 09:53:34.690,0.83048,0.83079,2.25,1.54
2012.02.22 09:53:37.625,0.83048,0.83078,2.25,1.13
2012.02.22 09:53:37.693,0.83046,0.83075,2.25,3.00
2012.02.22 09:53:37.818,0.83048,0.83078,2.25,1.13
2012.02.22 09:53:38.090,0.83045,0.83076,2.25,3.19
2012.02.22 09:53:38.264,0.83045,0.83076,2.25,3.19
2012.02.22 09:53:38.371,0.83045,0.83076,2.25,3.19
2012.02.22 09:53:38.698,0.83045,0.83076,2.25,3.19
2012.02.22 09:53:44.406,0.8304,0.83072,2.25,3.00
2012.02.22 09:53:45.052,0.83043,0.83073,2.25,1.35
2012.02.22 09:53:45.121,0.83043,0.83074,2.25,1.35
2012.02.22 09:53:46.184,0.83046,0.83078,2.25,3.79
2012.02.22 09:53:46.566,0.8305,0.83078,2.25,1.54
2012.02.22 09:53:46.877,0.8305,0.83078,2.25,1.35
2012.02.22 09:53:46.944,0.83047,0.83077,2.25,3.00
2012.02.22 09:53:47.220,0.83047,0.83077,2.25,3.00
2012.02.22 09:53:47.931,0.83047,0.83077,2.44,2.25
2012.02.22 09:53:48.002,0.83049,0.83084,2.25,3.00
2012.02.22 09:53:48.246,0.83052,0.83084,1.13,3.00
2012.02.22 09:53:48.312,0.83057,0.83086,2.25,1.54
2012.02.22 09:53:49.201,0.83057,0.83089,2.25,1.50
2012.02.22 09:53:49.853,0.83057,0.83091,2.25,1.32
2012.02.22 09:53:52.878,0.83057,0.83092,2.25,3.19
2012.02.22 09:53:55.127,0.83057,0.83092,2.25,3.19
2012.02.22 09:53:55.335,0.83053,0.83088,2.25,3.19
2012.02.22 09:53:55.944,0.83053,0.83084,2.25,1.13
2012.02.22 09:53:56.024,0.83046,0.83079,3.00,2.25
2012.02.22 09:53:57.127,0.8305,0.83083,2.25,3.00
2012.02.22 09:53:59.440,0.8305,0.83083,2.25,3.00
2012.02.22 09:53:59.526,0.83053,0.83086,2.25,1.54
2012.02.22 09:54:04.652,0.83053,0.83086,2.25,1.54
2012.02.22 09:54:04.721,0.8305,0.83083,2.25,3.00
2012.02.22 09:54:12.714,0.8305,0.83083,2.25,3.00
2012.02.22 09:54:13.260,0.83046,0.83079,2.25,3.00
2012.02.22 09:54:13.639,0.83046,0.83079,2.25,3.00
2012.02.22 09:54:16.228,0.83046,0.83079,3.19,3.00
2012.02.22 09:54:16.297,0.83049,0.83084,2.25,3.38
2012.02.22 09:54:16.438,0.83049,0.83084,3.00,3.38
2012.02.22 09:54:17.028,0.83049,0.83084,2.25,3.38
2012.02.22 09:54:17.869,0.83049,0.83084,2.25,3.38
2012.02.22 09:54:17.937,0.83049,0.83084,2.25,3.38
2012.02.22 09:54:21.132,0.83049,0.83084,2.25,3.38
2012.02.22 09:54:21.257,0.83049,0.83084,2.25,3.38
2012.02.22 09:54:29.472,0.83059,0.83089,2.25,1.13
2012.02.22 09:54:30.030,0.83066,0.83096,2.25,1.54
2012.02.22 09:54:30.252,0.83059,0.83094,2.25,3.00
2012.02.22 09:54:30.522,0.83059,0.83091,2.25,1.73
2012.02.22 09:54:30.590,0.83063,0.83091,2.25,1.73
2012.02.22 09:54:31.266,0.83054,0.8309,2.25,3.19
2012.02.22 09:54:31.698,0.83054,0.8309,2.25,3.38
2012.02.22 09:54:31.829,0.83046,0.83082,2.44,3.00
2012.02.22 09:54:32.031,0.83051,0.83085,2.25,3.00
2012.02.22 09:54:32.219,0.83051,0.83085,2.25,3.00
2012.02.22 09:54:32.286,0.83055,0.83084,2.25,3.00
2012.02.22 09:54:32.467,0.83051,0.83089,3.19,1.32
2012.02.22 09:54:32.609,0.83051,0.83089,2.44,1.32
2012.02.22 09:54:33.201,0.83047,0.83081,2.25,3.00
2012.02.22 09:54:33.274,0.83051,0.83085,2.25,3.19
2012.02.22 09:54:33.685,0.83051,0.83083,2.25,1.13
2012.02.22 09:54:33.868,0.83049,0.83078,2.25,3.00
2012.02.22 09:54:35.242,0.83043,0.83074,3.04,3.00
2012.02.22 09:54:35.449,0.83043,0.83074,3.04,3.00
2012.02.22 09:54:35.517,0.83043,0.83074,3.04,2.25
2012.02.22 09:54:35.706,0.83052,0.83083,2.25,3.19
2012.02.22 09:54:35.840,0.83052,0.83083,2.25,3.19
2012.02.22 09:54:36.391,0.83052,0.83083,2.25,3.19
2012.02.22 09:54:37.007,0.83047,0.83078,2.25,3.00
2012.02.22 09:54:37.082,0.83047,0.83078,2.25,2.25
2012.02.22 09:54:38.021,0.83053,0.83082,2.25,3.00
2012.02.22 09:54:38.199,0.83053,0.83082,2.25,2.25
2012.02.22 09:54:38.328,0.83058,0.83087,2.25,4.35
2012.02.22 09:54:39.167,0.83058,0.83087,2.25,4.35
2012.02.22 09:54:39.255,0.83058,0.83087,2.25,3.79
2012.02.22 09:54:39.318,0.83058,0.83087,2.25,3.04
2012.02.22 09:54:39.524,0.83058,0.83087,2.25,3.79
2012.02.22 09:54:42.886,0.83058,0.83087,2.25,2.44
2012.02.22 09:54:43.068,0.83061,0.83092,2.25,1.13
2012.02.22 09:54:44.961,0.83061,0.83092,2.25,1.13
2012.02.22 09:54:45.400,0.83061,0.83092,2.25,1.13
2012.02.22 09:54:45.516,0.83061,0.83092,2.25,1.13
2012.02.22 09:54:47.543,0.83058,0.83087,2.25,3.19
2012.02.22 09:54:47.622,0.83062,0.83089,2.25,1.13
2012.02.22 09:54:47.748,0.83062,0.83093,2.25,2.63
2012.02.22 09:54:47.881,0.83065,0.83094,2.25,1.13
2012.02.22 09:54:48.124,0.83065,0.83099,2.25,3.19
2012.02.22 09:54:51.218,0.83065,0.83097,2.25,1.73
2012.02.22 09:54:51.349,0.83063,0.83092,2.25,3.00
2012.02.22 09:54:52.613,0.83063,0.83092,2.25,2.25
2012.02.22 09:54:52.933,0.83063,0.83092,2.25,3.00
2012.02.22 09:54:53.154,0.83063,0.83092,2.25,2.25
2012.02.22 09:54:57.927,0.83063,0.83092,2.25,3.00
2012.02.22 09:54:57.996,0.83063,0.83092,2.25,2.25
2012.02.22 09:54:58.279,0.83065,0.83099,2.25,3.75
2012.02.22 09:54:58.348,0.83065,0.83099,2.25,3.38
2012.02.22 09:54:58.742,0.83065,0.83099,2.25,3.19
2012.02.22 09:54:58.807,0.83065,0.83099,2.25,3.19
2012.02.22 09:54:59.733,0.8307,0.83103,2.25,3.19
2012.02.22 09:55:00.864,0.8307,0.83103,2.25,3.19
2012.02.22 09:55:01.050,0.83062,0.83092,2.25,3.00
2012.02.22 09:55:01.722,0.83062,0.83092,3.00,2.25
2012.02.22 09:55:01.791,0.83067,0.83097,2.25,3.00
2012.02.22 09:55:02.170,0.83069,0.83102,2.25,1.88
2012.02.22 09:55:02.257,0.83066,0.83098,2.25,3.19
2012.02.22 09:55:02.567,0.83069,0.83101,2.25,1.32
2012.02.22 09:55:02.828,0.83067,0.83097,2.25,3.19
2012.02.22 09:55:02.968,0.83067,0.83097,3.00,2.44
2012.02.22 09:55:03.509,0.8307,0.83098,2.25,1.13
2012.02.22 09:55:03.586,0.83061,0.83093,2.25,3.00
2012.02.22 09:55:04.342,0.83061,0.83093,3.00,2.25
2012.02.22 09:55:05.443,0.83061,0.83093,2.25,3.00
2012.02.22 09:55:06.638,0.83061,0.83093,3.00,3.38
2012.02.22 09:55:06.768,0.83061,0.83093,3.00,3.00
2012.02.22 09:55:06.837,0.83066,0.83096,2.25,1.54
2012.02.22 09:55:07.705,0.83066,0.83096,2.25,1.54
2012.02.22 09:55:07.903,0.83059,0.83094,2.44,3.00
2012.02.22 09:55:10.608,0.83059,0.83094,2.25,3.19
2012.02.22 09:55:10.745,0.83052,0.83082,2.25,3.00
2012.02.22 09:55:10.971,0.83052,0.83081,2.25,1.13
2012.02.22 09:55:11.565,0.83047,0.83077,2.25,3.00
2012.02.22 09:55:12.163,0.83043,0.83072,2.25,2.25
2012.02.22 09:55:18.220,0.83043,0.83072,2.25,3.00
2012.02.22 09:55:18.500,0.83043,0.83072,2.25,2.25
2012.02.22 09:55:20.636,0.83046,0.83077,2.25,1.54
2012.02.22 09:55:22.221,0.83046,0.83077,2.25,1.54
2012.02.22 09:55:22.498,0.83042,0.83073,2.25,2.25
2012.02.22 09:55:22.660,0.83042,0.83073,2.25,3.00
2012.02.22 09:55:22.950,0.83042,0.83073,2.25,3.00
2012.02.22 09:55:23.438,0.83042,0.83071,2.25,1.13
2012.02.22 09:55:24.075,0.83035,0.8307,3.00,3.19
2012.02.22 09:55:24.146,0.8304,0.83071,2.25,1.13
2012.02.22 09:55:25.273,0.83035,0.8307,3.00,2.44
2012.02.22 09:55:27.586,0.83035,0.8307,3.00,2.25
2012.02.22 09:55:27.787,0.83043,0.83072,2.25,2.44
2012.02.22 09:55:28.354,0.83043,0.83072,2.25,3.19
2012.02.22 09:55:28.422,0.83043,0.83072,2.25,2.44
2012.02.22 09:55:33.776,0.83043,0.83072,2.25,2.25
2012.02.22 09:55:33.897,0.83046,0.83077,2.25,1.54
2012.02.22 09:55:34.938,0.83046,0.83078,3.00,3.19
2012.02.22 09:55:39.239,0.83046,0.83078,2.25,3.19
2012.02.22 09:55:40.299,0.83046,0.83078,2.25,3.38
2012.02.22 09:55:40.401,0.83051,0.83078,2.25,1.13
2012.02.22 09:55:40.469,0.83051,0.83081,2.25,4.17
2012.02.22 09:55:41.031,0.83043,0.83078,2.25,3.19
2012.02.22 09:55:41.201,0.83043,0.83078,2.25,3.38
2012.02.22 09:55:47.176,0.83043,0.83078,3.00,2.63
2012.02.22 09:55:47.249,0.83048,0.83081,2.25,3.19
2012.02.22 09:55:47.409,0.83048,0.83081,3.00,2.44
2012.02.22 09:55:47.641,0.83048,0.83081,2.25,3.19
2012.02.22 09:55:48.070,0.83048,0.83078,2.25,1.54
2012.02.22 09:55:48.259,0.83043,0.83078,2.25,3.79
2012.02.22 09:55:50.258,0.83043,0.83078,2.25,3.98
2012.02.22 09:55:57.418,0.83043,0.83078,2.25,3.98
2012.02.22 09:55:57.611,0.83043,0.83078,3.00,3.23
2012.02.22 09:55:58.290,0.83044,0.83077,2.25,2.44
2012.02.22 09:56:01.060,0.83044,0.83077,2.25,2.44
2012.02.22 09:56:05.226,0.83044,0.83077,2.25,2.63
2012.02.22 09:56:08.259,0.83044,0.83077,2.25,3.00
2012.02.22 09:56:10.346,0.83044,0.83077,2.25,2.44
2012.02.22 09:56:13.778,0.83044,0.83077,3.00,2.25
2012.02.22 09:56:14.189,0.83045,0.83076,3.00,2.44
2012.02.22 09:56:14.759,0.83048,0.83081,3.00,3.00
2012.02.22 09:56:14.826,0.83046,0.83075,3.00,2.25
2012.02.22 09:56:14.888,0.83046,0.83075,3.00,2.25
2012.02.22 09:56:16.911,0.83046,0.83075,2.25,3.00
2012.02.22 09:56:18.230,0.83046,0.83075,3.00,2.25
2012.02.22 09:56:21.392,0.83046,0.83075,2.25,3.00
2012.02.22 09:56:24.122,0.83046,0.83075,3.00,2.44
2012.02.22 09:56:27.687,0.83046,0.83075,2.25,3.19
2012.02.22 09:56:32.693,0.83046,0.83075,3.00,2.44
2012.02.22 09:56:32.776,0.8304,0.83071,2.25,2.10
2012.02.22 09:56:32.867,0.8304,0.83072,2.25,2.25
2012.02.22 09:56:33.279,0.83043,0.83075,2.25,1.50
2012.02.22 09:56:33.348,0.83043,0.83076,2.25,1.17
2012.02.22 09:56:34.424,0.83043,0.83078,2.25,3.04
2012.02.22 09:56:34.494,0.83043,0.83076,2.25,1.35
2012.02.22 09:56:41.229,0.83043,0.83078,2.25,2.25
2012.02.22 09:56:46.020,0.83043,0.83078,2.25,2.44
2012.02.22 09:56:48.188,0.83043,0.83078,2.25,2.44
2012.02.22 09:56:49.226,0.8304,0.83073,3.00,3.19
2012.02.22 09:56:52.107,0.8304,0.83073,3.00,2.25
2012.02.22 09:56:52.290,0.83044,0.83077,3.00,2.25
2012.02.22 09:56:55.625,0.83044,0.83077,3.00,2.44
2012.02.22 09:56:57.768,0.83044,0.83077,3.00,2.25
2012.02.22 09:56:58.024,0.83044,0.83077,2.25,2.25
2012.02.22 09:57:03.133,0.83044,0.83077,2.25,2.63
2012.02.22 09:57:03.201,0.83044,0.83077,2.25,3.00
2012.02.22 09:57:03.770,0.83041,0.83071,2.25,2.25
2012.02.22 09:57:06.863,0.83045,0.83076,2.25,3.19
2012.02.22 09:57:07.712,0.83045,0.83076,3.00,2.44
2012.02.22 09:57:07.825,0.83045,0.83076,2.25,3.19
2012.02.22 09:57:08.964,0.83045,0.83076,3.00,3.04
2012.02.22 09:57:09.695,0.83045,0.83074,2.25,1.35
2012.02.22 09:57:10.198,0.83045,0.83074,2.25,1.54
2012.02.22 09:57:10.451,0.83045,0.83074,2.25,1.54
2012.02.22 09:57:10.888,0.83045,0.83074,2.25,1.54
2012.02.22 09:57:11.659,0.83045,0.83074,2.25,1.54
2012.02.22 09:57:11.734,0.83045,0.83074,2.25,1.54
2012.02.22 09:57:11.843,0.83045,0.83074,2.25,1.54
2012.02.22 09:57:16.352,0.83045,0.83074,2.25,1.35
2012.02.22 09:57:16.569,0.83038,0.83071,2.25,3.00
2012.02.22 09:57:16.733,0.83038,0.83071,2.25,2.25
2012.02.22 09:57:16.887,0.83041,0.83074,2.25,1.54
2012.02.22 09:57:24.392,0.83041,0.83077,2.25,3.98
2012.02.22 09:57:24.533,0.83032,0.83075,4.50,1.32
2012.02.22 09:57:25.224,0.83032,0.83076,4.50,3.00
2012.02.22 09:57:25.537,0.83041,0.83077,2.25,3.00
2012.02.22 09:57:32.634,0.83041,0.83077,3.00,2.44
2012.02.22 09:57:34.328,0.83041,0.83077,2.25,3.19
2012.02.22 09:57:36.688,0.83041,0.83077,2.25,3.38
2012.02.22 09:57:36.814,0.83041,0.83077,2.25,3.38
2012.02.22 09:57:37.869,0.83041,0.83077,3.00,2.63
2012.02.22 09:57:37.938,0.83041,0.83077,2.25,3.75
2012.02.22 09:57:40.441,0.83041,0.83077,2.25,3.75
2012.02.22 09:57:41.053,0.83041,0.83077,3.00,3.00
2012.02.22 09:57:42.197,0.83041,0.83077,2.25,3.75
2012.02.22 09:57:45.539,0.83041,0.83077,3.00,2.44
2012.02.22 09:57:48.732,0.83041,0.83077,3.00,2.44
2012.02.22 09:57:51.700,0.83041,0.83077,3.00,2.44
2012.02.22 09:57:54.091,0.83041,0.83077,3.19,2.25
2012.02.22 09:57:54.162,0.83041,0.83077,3.19,2.25
2012.02.22 09:57:54.478,0.83042,0.83076,3.19,2.25
2012.02.22 09:57:54.857,0.83045,0.83081,2.25,3.19
2012.02.22 09:57:56.248,0.83049,0.83084,2.25,1.88
2012.02.22 09:57:58.922,0.83049,0.83084,2.25,1.13
2012.02.22 09:58:00.107,0.83045,0.83081,3.19,2.44
2012.02.22 09:58:00.562,0.8305,0.83084,2.25,3.38
2012.02.22 09:58:07.191,0.8305,0.83083,2.25,1.13
2012.02.22 09:58:07.900,0.8305,0.83083,2.25,1.50
2012.02.22 09:58:10.163,0.8305,0.83083,2.25,1.50
2012.02.22 09:58:12.560,0.8305,0.83084,2.25,3.75
2012.02.22 09:58:14.172,0.8305,0.83084,2.25,3.75
2012.02.22 09:58:15.661,0.8305,0.83083,2.25,1.13
2012.02.22 09:58:16.131,0.8304,0.83084,3.00,3.75
2012.02.22 09:58:18.682,0.8304,0.83083,3.00,1.13
2012.02.22 09:58:21.342,0.8304,0.83082,3.19,1.54
2012.02.22 09:58:21.408,0.83045,0.83081,3.00,2.44
2012.02.22 09:58:21.625,0.8305,0.83084,2.25,3.38
2012.02.22 09:58:21.870,0.83046,0.8308,3.00,3.00
2012.02.22 09:58:23.090,0.83046,0.8308,3.00,2.25
2012.02.22 09:58:23.173,0.8305,0.83084,2.25,3.38
2012.02.22 09:58:29.480,0.8305,0.83084,2.25,3.75
2012.02.22 09:58:35.727,0.8305,0.83084,2.25,3.00
2012.02.22 09:58:35.919,0.83054,0.83087,2.25,1.13
2012.02.22 09:58:36.566,0.83054,0.83089,3.00,3.38
2012.02.22 09:58:36.939,0.83054,0.83087,2.25,1.13
2012.02.22 09:58:49.046,0.83061,0.83087,2.25,1.13
2012.02.22 09:58:49.124,0.83061,0.83093,3.00,3.00
2012.02.22 09:58:49.959,0.83061,0.83093,3.00,2.63
2012.02.22 09:58:52.939,0.83061,0.83093,3.00,2.44
2012.02.22 09:58:58.117,0.83061,0.8309,3.00,2.29
2012.02.22 09:58:58.308,0.83056,0.83088,3.00,3.04
2012.02.22 09:58:58.398,0.83056,0.83088,3.00,3.04
2012.02.22 09:58:58.587,0.83062,0.83092,2.25,2.44
2012.02.22 09:59:00.190,0.83062,0.83092,2.25,2.25
2012.02.22 09:59:00.782,0.83062,0.83092,2.25,3.00
2012.02.22 09:59:00.854,0.83065,0.83097,2.25,2.44
2012.02.22 09:59:01.886,0.83065,0.83097,2.25,3.19
2012.02.22 09:59:04.449,0.83065,0.83097,2.25,2.44
2012.02.22 09:59:05.804,0.83065,0.83097,2.25,2.63
2012.02.22 09:59:06.388,0.83065,0.83097,2.25,3.75
2012.02.22 09:59:06.462,0.83062,0.83092,2.25,2.25
2012.02.22 09:59:06.531,0.83065,0.83097,2.25,2.63
2012.02.22 09:59:06.869,0.83061,0.83093,3.00,3.19
2012.02.22 09:59:07.355,0.83057,0.83088,2.25,2.25
2012.02.22 09:59:08.459,0.83062,0.83092,2.25,3.00
2012.02.22 09:59:08.529,0.83062,0.83092,2.25,2.44
2012.02.22 09:59:12.020,0.83062,0.83092,2.25,2.25
2012.02.22 09:59:14.574,0.83062,0.83092,2.25,2.44
2012.02.22 09:59:14.896,0.83058,0.83087,2.25,2.25
2012.02.22 09:59:15.658,0.83058,0.83087,3.00,2.25
2012.02.22 09:59:16.561,0.83058,0.83087,2.25,2.25
2012.02.22 09:59:17.310,0.83058,0.83087,3.00,2.25
2012.02.22 09:59:20.971,0.83061,0.83093,3.00,2.63
2012.02.22 09:59:21.651,0.83061,0.83093,3.00,2.44
2012.02.22 09:59:26.157,0.83061,0.83093,3.00,3.00
2012.02.22 09:59:31.761,0.83061,0.83093,3.00,2.44
2012.02.22 09:59:39.965,0.83057,0.83088,3.00,2.25
2012.02.22 09:59:43.071,0.83057,0.83088,3.00,2.25
2012.02.22 09:59:43.287,0.83062,0.83092,2.25,2.44
2012.02.22 09:59:44.578,0.83058,0.83087,3.00,2.25
2012.02.22 09:59:44.688,0.83058,0.83087,2.25,2.25
2012.02.22 09:59:45.960,0.83058,0.83087,3.00,2.25
2012.02.22 09:59:46.036,0.83058,0.83087,2.25,2.25
2012.02.22 09:59:58.768,0.83054,0.83083,3.19,2.25
2012.02.22 09:59:58.906,0.83053,0.83084,2.25,2.25
2012.02.22 09:59:59.088,0.83058,0.83087,2.25,2.63
2012.02.22 09:59:59.522,0.83058,0.83087,2.25,2.25
2012.02.22 09:59:59.939,0.83053,0.83084,3.00,2.25
