2012.01.10 12:00:00.259,0.80862,0.80891,2.25,1.50
2012.01.10 12:00:00.327,0.80858,0.80889,2.25,3.00
2012.01.10 12:00:00.938,0.80863,0.80892,2.25,3.00
2012.01.10 12:00:01.803,0.80858,0.80889,2.25,3.00
2012.01.10 12:00:01.866,0.80863,0.80892,2.25,3.00
2012.01.10 12:00:02.395,0.80858,0.80889,2.25,3.00
2012.01.10 12:00:02.946,0.80863,0.80892,2.25,3.00
2012.01.10 12:00:04.229,0.80863,0.80892,2.25,3.00
2012.01.10 12:00:07.239,0.80863,0.80892,2.25,3.00
2012.01.10 12:00:08.184,0.80863,0.80892,2.25,3.00
2012.01.10 12:00:08.335,0.8086,0.80886,2.25,3.00
2012.01.10 12:00:08.405,0.80851,0.80883,2.25,3.00
2012.01.10 12:00:08.895,0.80851,0.80883,3.00,2.25
2012.01.10 12:00:08.966,0.80851,0.80883,2.25,3.00
2012.01.10 12:00:09.657,0.8085,0.80876,2.25,2.25
2012.01.10 12:00:13.393,0.8085,0.80876,2.25,3.00
2012.01.10 12:00:13.627,0.8085,0.80876,2.25,2.25
2012.01.10 12:00:13.848,0.8085,0.80876,2.25,3.00
2012.01.10 12:00:14.776,0.8085,0.80876,2.25,2.25
2012.01.10 12:00:14.996,0.8085,0.80876,2.25,3.00
2012.01.10 12:00:15.064,0.8085,0.80876,2.25,2.25
2012.01.10 12:00:18.396,0.8085,0.80876,2.25,3.60
2012.01.10 12:00:18.937,0.8085,0.80876,2.25,3.60
2012.01.10 12:00:19.415,0.80853,0.80881,2.25,3.60
2012.01.10 12:00:21.189,0.80853,0.80881,2.25,3.00
2012.01.10 12:00:21.485,0.80858,0.80884,2.25,3.00
2012.01.10 12:00:21.768,0.80854,0.80884,2.25,3.00
2012.01.10 12:00:21.840,0.80854,0.80884,2.25,3.00
2012.01.10 12:00:22.184,0.80854,0.80884,2.25,3.00
2012.01.10 12:00:22.589,0.80849,0.80881,2.25,3.00
2012.01.10 12:00:22.663,0.80849,0.80881,2.25,3.00
2012.01.10 12:00:23.003,0.80854,0.80884,2.25,3.00
2012.01.10 12:00:24.187,0.80854,0.80884,2.25,3.00
2012.01.10 12:00:28.170,0.80854,0.80884,2.25,3.00
2012.01.10 12:00:28.431,0.80854,0.80884,2.25,3.00
2012.01.10 12:00:30.424,0.80854,0.80884,2.25,3.00
2012.01.10 12:00:30.607,0.80849,0.80881,2.25,3.00
2012.01.10 12:00:31.133,0.80849,0.80881,2.25,3.00
2012.01.10 12:00:31.356,0.80849,0.80881,2.25,2.25
2012.01.10 12:00:31.514,0.80854,0.80884,2.25,3.00
2012.01.10 12:00:34.987,0.80854,0.80884,2.25,2.25
2012.01.10 12:00:36.053,0.80854,0.80884,2.25,3.00
2012.01.10 12:00:36.553,0.8085,0.8088,2.25,3.00
2012.01.10 12:00:36.621,0.8085,0.8088,3.00,2.25
2012.01.10 12:00:36.929,0.8085,0.8088,2.25,3.00
2012.01.10 12:00:37.884,0.8085,0.8088,3.00,3.00
2012.01.10 12:00:38.308,0.80862,0.80881,2.25,1.13
2012.01.10 12:00:38.377,0.80848,0.80873,2.25,2.25
2012.01.10 12:00:38.445,0.80851,0.80873,1.35,2.25
2012.01.10 12:00:38.575,0.80858,0.80884,2.25,3.00
2012.01.10 12:00:39.405,0.8086,0.8089,2.25,3.00
2012.01.10 12:00:40.935,0.8086,0.8089,2.25,3.00
2012.01.10 12:00:41.104,0.80863,0.80895,2.25,3.00
2012.01.10 12:00:41.753,0.80863,0.80895,2.25,3.00
2012.01.10 12:00:41.941,0.80872,0.80898,2.25,3.00
2012.01.10 12:00:46.337,0.80867,0.80895,2.25,3.00
2012.01.10 12:00:47.356,0.80867,0.80895,2.25,3.00
2012.01.10 12:00:48.479,0.80867,0.80895,2.25,3.00
2012.01.10 12:00:49.616,0.80864,0.8089,2.25,2.25
2012.01.10 12:00:50.197,0.80864,0.8089,2.25,3.00
2012.01.10 12:00:50.412,0.8086,0.80886,2.25,2.25
2012.01.10 12:00:52.216,0.8086,0.80886,3.00,2.25
2012.01.10 12:00:52.386,0.80864,0.8089,2.25,2.25
2012.01.10 12:00:53.322,0.80873,0.80899,2.25,1.35
2012.01.10 12:00:53.678,0.80878,0.80906,2.25,3.00
2012.01.10 12:00:53.885,0.80878,0.80904,2.25,1.13
2012.01.10 12:00:53.956,0.80873,0.80901,2.25,3.38
2012.01.10 12:00:54.147,0.80865,0.80897,2.25,2.25
2012.01.10 12:00:56.226,0.80865,0.80897,3.00,2.25
2012.01.10 12:00:56.298,0.80865,0.80897,2.25,3.00
2012.01.10 12:00:56.425,0.80865,0.80897,2.25,2.25
2012.01.10 12:00:57.367,0.80865,0.80897,2.25,3.00
2012.01.10 12:00:58.957,0.80865,0.80897,2.25,3.00
2012.01.10 12:00:59.205,0.80869,0.80901,2.25,3.00
2012.01.10 12:00:59.456,0.80869,0.80901,2.25,3.00
2012.01.10 12:01:00.674,0.80869,0.80901,2.25,3.00
2012.01.10 12:01:00.915,0.80874,0.80904,2.25,3.00
2012.01.10 12:01:00.985,0.80878,0.80908,2.25,3.00
2012.01.10 12:01:01.587,0.80877,0.80907,2.63,3.00
2012.01.10 12:01:02.035,0.8088,0.80912,2.25,3.60
2012.01.10 12:01:03.503,0.8088,0.80912,2.25,3.00
2012.01.10 12:01:03.565,0.80889,0.80917,2.25,1.50
2012.01.10 12:01:03.903,0.80889,0.80919,2.25,3.00
2012.01.10 12:01:04.394,0.80886,0.80912,2.25,2.25
2012.01.10 12:01:04.516,0.80889,0.80917,2.25,3.00
2012.01.10 12:01:04.718,0.80882,0.80913,2.25,3.00
2012.01.10 12:01:04.938,0.80878,0.8091,2.25,3.00
2012.01.10 12:01:05.372,0.80878,0.8091,2.25,3.00
2012.01.10 12:01:05.686,0.80874,0.80906,2.25,3.00
2012.01.10 12:01:06.009,0.80874,0.80906,2.25,3.00
2012.01.10 12:01:06.399,0.80874,0.80906,2.25,3.00
2012.01.10 12:01:06.753,0.80874,0.80906,2.25,3.00
2012.01.10 12:01:06.812,0.80882,0.80908,2.25,3.00
2012.01.10 12:01:07.204,0.80882,0.80908,2.25,2.25
2012.01.10 12:01:07.265,0.80877,0.80905,2.25,2.25
2012.01.10 12:01:07.348,0.80871,0.80901,3.60,2.25
2012.01.10 12:01:07.613,0.80878,0.80904,2.25,2.25
2012.01.10 12:01:07.792,0.80872,0.80901,1.35,2.25
2012.01.10 12:01:08.374,0.80871,0.80901,2.25,3.00
2012.01.10 12:01:08.446,0.80871,0.80901,2.25,2.25
2012.01.10 12:01:08.834,0.80868,0.80894,2.25,2.25
2012.01.10 12:01:09.066,0.8087,0.80902,2.25,2.25
2012.01.10 12:01:09.628,0.8087,0.80902,2.25,3.00
2012.01.10 12:01:10.229,0.80875,0.80903,2.25,2.25
2012.01.10 12:01:10.533,0.80871,0.80899,3.00,2.25
2012.01.10 12:01:11.006,0.80867,0.80895,2.25,2.25
2012.01.10 12:01:12.306,0.8087,0.80902,2.25,2.25
2012.01.10 12:01:18.919,0.8087,0.80902,2.25,3.00
2012.01.10 12:01:18.984,0.8087,0.80902,2.25,2.25
2012.01.10 12:01:22.957,0.8087,0.80902,3.00,2.25
2012.01.10 12:01:24.805,0.8087,0.80902,2.25,2.25
2012.01.10 12:01:25.829,0.8087,0.80902,3.00,2.25
2012.01.10 12:01:26.697,0.8087,0.80902,2.25,2.25
2012.01.10 12:01:34.417,0.8087,0.80902,2.25,3.00
2012.01.10 12:01:34.544,0.80866,0.80898,3.00,3.00
2012.01.10 12:01:41.967,0.80866,0.80898,2.25,3.00
2012.01.10 12:01:42.304,0.80875,0.80905,2.25,3.00
2012.01.10 12:01:42.656,0.80872,0.80898,2.25,3.00
2012.01.10 12:01:43.101,0.80876,0.80902,2.25,2.25
2012.01.10 12:01:43.989,0.80876,0.80902,2.25,3.00
2012.01.10 12:01:44.409,0.80876,0.80902,2.25,2.25
2012.01.10 12:01:49.912,0.80876,0.80902,2.25,3.00
2012.01.10 12:01:49.991,0.80876,0.80902,2.25,2.25
2012.01.10 12:01:50.372,0.80876,0.80902,2.25,3.00
2012.01.10 12:01:50.698,0.80876,0.80902,2.25,2.25
2012.01.10 12:01:55.364,0.80876,0.80902,2.25,3.00
2012.01.10 12:01:56.040,0.80884,0.8091,2.25,3.75
2012.01.10 12:01:56.089,0.80884,0.8091,2.25,3.00
2012.01.10 12:01:57.457,0.80884,0.8091,2.25,3.00
2012.01.10 12:01:57.804,0.8088,0.80906,2.25,3.00
2012.01.10 12:01:57.867,0.80883,0.80911,2.25,3.60
2012.01.10 12:01:58.175,0.80879,0.80907,2.25,3.00
2012.01.10 12:01:58.317,0.80883,0.80911,2.25,3.60
2012.01.10 12:02:03.232,0.80883,0.80911,2.25,3.60
2012.01.10 12:02:03.360,0.80883,0.80911,2.25,3.60
2012.01.10 12:02:03.962,0.80883,0.80911,2.25,3.98
2012.01.10 12:02:04.084,0.80875,0.80903,2.25,3.00
2012.01.10 12:02:04.204,0.80875,0.80903,2.25,3.00
2012.01.10 12:02:04.263,0.80884,0.8091,2.25,3.00
2012.01.10 12:02:04.645,0.8088,0.80906,2.25,3.00
2012.01.10 12:02:07.342,0.80874,0.80902,2.25,3.00
2012.01.10 12:02:08.406,0.80874,0.80902,2.25,3.00
2012.01.10 12:02:09.283,0.80874,0.80902,2.25,3.00
2012.01.10 12:02:09.629,0.80874,0.80902,2.25,2.25
2012.01.10 12:02:10.395,0.80874,0.80902,2.25,3.00
2012.01.10 12:02:11.754,0.8087,0.80898,2.25,3.00
2012.01.10 12:02:13.599,0.80872,0.80898,2.10,2.25
2012.01.10 12:02:14.024,0.80878,0.80906,2.25,3.00
2012.01.10 12:02:14.201,0.80874,0.80902,2.85,3.00
2012.01.10 12:02:14.634,0.80878,0.80906,2.25,3.00
2012.01.10 12:02:16.997,0.80878,0.80906,2.25,3.00
2012.01.10 12:02:17.097,0.80878,0.80906,2.25,3.00
2012.01.10 12:02:18.523,0.80878,0.80906,2.25,3.00
2012.01.10 12:02:18.740,0.80878,0.80906,2.25,3.00
2012.01.10 12:02:19.093,0.80878,0.80906,2.25,3.00
2012.01.10 12:02:19.400,0.80878,0.80906,2.25,3.00
2012.01.10 12:02:19.856,0.80873,0.80901,2.25,3.00
2012.01.10 12:02:21.227,0.80866,0.80896,3.00,2.25
2012.01.10 12:02:27.640,0.80866,0.80896,2.25,3.00
2012.01.10 12:02:29.955,0.80863,0.8089,2.25,2.25
2012.01.10 12:02:30.306,0.80856,0.80886,3.00,2.25
2012.01.10 12:02:30.433,0.80856,0.80886,3.00,2.25
2012.01.10 12:02:30.493,0.80863,0.8089,2.25,2.25
2012.01.10 12:02:33.475,0.80863,0.8089,2.25,3.00
2012.01.10 12:02:33.917,0.80856,0.80886,3.00,2.25
2012.01.10 12:02:35.034,0.80859,0.80891,2.25,3.00
2012.01.10 12:02:35.510,0.80859,0.80891,3.00,2.25
2012.01.10 12:02:35.576,0.80863,0.80895,2.25,3.00
2012.01.10 12:02:35.768,0.8086,0.8089,2.25,3.00
2012.01.10 12:02:42.146,0.8086,0.8089,2.25,3.00
2012.01.10 12:02:42.919,0.8086,0.8089,2.25,3.00
2012.01.10 12:02:44.042,0.80862,0.80891,2.25,3.00
2012.01.10 12:02:44.356,0.80862,0.80891,3.00,2.25
2012.01.10 12:02:44.894,0.80862,0.80891,2.25,3.00
2012.01.10 12:02:48.939,0.80862,0.80891,2.25,2.25
2012.01.10 12:02:49.067,0.80862,0.80891,2.25,3.00
2012.01.10 12:02:49.459,0.80862,0.80891,2.25,2.85
2012.01.10 12:02:49.802,0.80861,0.80887,3.00,2.25
2012.01.10 12:02:49.989,0.80863,0.80894,2.25,1.35
2012.01.10 12:02:50.425,0.80863,0.80891,2.25,1.35
2012.01.10 12:02:51.202,0.80863,0.80895,2.25,3.00
2012.01.10 12:02:51.557,0.80863,0.80895,2.25,3.00
2012.01.10 12:02:51.967,0.8086,0.80888,2.25,2.25
2012.01.10 12:02:53.567,0.80856,0.80884,2.25,3.00
2012.01.10 12:02:53.908,0.8085,0.8088,3.00,2.25
2012.01.10 12:02:53.972,0.8085,0.8088,2.25,3.00
2012.01.10 12:02:54.449,0.8085,0.8088,3.00,2.25
2012.01.10 12:02:54.837,0.80856,0.80884,2.25,3.60
2012.01.10 12:02:54.907,0.80856,0.80884,2.25,3.00
2012.01.10 12:02:55.420,0.8086,0.80888,2.25,3.00
2012.01.10 12:02:55.547,0.80864,0.80894,2.25,3.75
2012.01.10 12:02:56.346,0.80864,0.80893,2.25,1.13
2012.01.10 12:02:56.476,0.80852,0.80882,3.00,2.25
2012.01.10 12:02:56.814,0.80864,0.80893,2.25,1.50
2012.01.10 12:02:57.211,0.8086,0.8089,2.25,2.25
2012.01.10 12:02:57.589,0.8086,0.8089,2.25,3.00
2012.01.10 12:02:57.969,0.8086,0.8089,2.25,2.25
2012.01.10 12:02:59.221,0.8086,0.8089,2.25,3.00
2012.01.10 12:02:59.727,0.8086,0.8089,2.25,2.25
2012.01.10 12:03:01.423,0.8086,0.8089,2.25,3.00
2012.01.10 12:03:02.355,0.8086,0.8089,2.25,2.25
2012.01.10 12:03:02.788,0.80855,0.80887,3.00,2.25
2012.01.10 12:03:09.709,0.80855,0.80887,3.00,2.25
2012.01.10 12:03:09.776,0.80855,0.80887,3.00,2.25
2012.01.10 12:03:11.680,0.80855,0.80887,3.00,2.25
2012.01.10 12:03:13.595,0.80855,0.80887,3.00,2.25
2012.01.10 12:03:13.989,0.80852,0.80882,3.00,2.25
2012.01.10 12:03:18.928,0.80856,0.80886,3.00,2.85
2012.01.10 12:03:19.244,0.80856,0.80886,3.00,2.85
2012.01.10 12:03:19.587,0.80856,0.80886,3.00,2.85
2012.01.10 12:03:19.854,0.80856,0.80886,3.00,2.85
2012.01.10 12:03:20.405,0.80856,0.80886,3.00,2.85
2012.01.10 12:03:20.468,0.80856,0.80886,3.00,2.25
2012.01.10 12:03:28.468,0.80853,0.80879,3.00,2.25
2012.01.10 12:03:28.535,0.80853,0.80879,2.25,2.25
2012.01.10 12:03:30.236,0.80853,0.80879,3.00,2.25
2012.01.10 12:03:30.787,0.80856,0.80886,3.00,2.25
2012.01.10 12:03:31.468,0.80856,0.80886,3.00,2.85
2012.01.10 12:03:31.724,0.80856,0.80885,2.25,1.35
2012.01.10 12:03:32.007,0.80856,0.80886,3.00,2.25
2012.01.10 12:03:32.145,0.80856,0.80886,2.25,3.00
2012.01.10 12:03:32.416,0.80856,0.80886,3.00,2.25
2012.01.10 12:03:32.482,0.80856,0.80886,2.25,3.00
2012.01.10 12:03:33.351,0.80856,0.80886,3.00,2.25
2012.01.10 12:03:33.978,0.80856,0.80886,2.25,3.00
2012.01.10 12:03:34.804,0.80852,0.8088,3.00,2.25
2012.01.10 12:03:34.976,0.80856,0.80886,2.25,3.00
2012.01.10 12:03:36.434,0.80855,0.80887,3.00,2.25
2012.01.10 12:03:37.864,0.80855,0.80887,2.25,3.00
2012.01.10 12:03:45.673,0.80855,0.80887,3.00,2.25
2012.01.10 12:03:46.126,0.80855,0.80887,2.25,3.00
2012.01.10 12:03:47.928,0.80855,0.80887,3.00,2.25
2012.01.10 12:03:57.725,0.80855,0.80887,2.25,3.00
2012.01.10 12:03:57.900,0.80855,0.80887,3.00,2.25
2012.01.10 12:03:58.058,0.80855,0.80887,2.25,3.00
2012.01.10 12:04:04.116,0.80855,0.80887,3.00,2.25
2012.01.10 12:04:04.267,0.80855,0.80887,2.25,3.00
2012.01.10 12:04:04.991,0.80855,0.80887,3.00,2.25
2012.01.10 12:04:05.364,0.80855,0.80887,2.25,3.00
2012.01.10 12:04:06.536,0.80855,0.80887,3.00,2.25
2012.01.10 12:04:07.886,0.80855,0.80887,3.00,2.25
2012.01.10 12:04:08.211,0.80859,0.80891,3.00,2.85
2012.01.10 12:04:08.276,0.80859,0.8089,2.25,1.35
2012.01.10 12:04:09.841,0.80859,0.80891,3.00,2.85
2012.01.10 12:04:09.967,0.80859,0.80891,2.25,3.00
2012.01.10 12:04:10.199,0.80859,0.80891,3.00,2.25
2012.01.10 12:04:10.526,0.80864,0.80894,2.25,3.00
2012.01.10 12:04:11.998,0.80864,0.80894,3.00,2.25
2012.01.10 12:04:12.935,0.80864,0.80894,2.25,3.00
2012.01.10 12:04:13.269,0.80864,0.80894,3.00,2.25
2012.01.10 12:04:13.428,0.80864,0.80894,2.25,3.00
2012.01.10 12:04:13.637,0.80864,0.80894,3.00,2.25
2012.01.10 12:04:13.818,0.80864,0.80894,2.25,3.00
2012.01.10 12:04:14.169,0.80864,0.80894,3.00,2.25
2012.01.10 12:04:15.949,0.80864,0.80894,2.25,3.00
2012.01.10 12:04:16.328,0.80864,0.80894,3.00,2.25
2012.01.10 12:04:18.868,0.80864,0.80894,2.25,3.00
2012.01.10 12:04:20.863,0.80864,0.80894,3.00,2.25
2012.01.10 12:04:21.267,0.80864,0.80894,2.25,3.00
2012.01.10 12:04:24.906,0.80864,0.80894,3.00,2.25
2012.01.10 12:04:25.224,0.80864,0.80894,2.25,3.00
2012.01.10 12:04:25.698,0.80864,0.80894,3.00,2.25
2012.01.10 12:04:30.234,0.80864,0.80894,2.25,3.00
2012.01.10 12:04:32.348,0.8086,0.8089,2.25,2.25
2012.01.10 12:04:33.253,0.80864,0.80894,2.25,3.00
2012.01.10 12:04:37.056,0.8086,0.8089,3.00,2.25
2012.01.10 12:04:37.377,0.80856,0.80886,3.00,2.25
2012.01.10 12:04:37.738,0.80856,0.80886,3.00,2.25
2012.01.10 12:04:38.014,0.8086,0.8089,2.25,2.25
2012.01.10 12:04:38.752,0.80866,0.80894,2.25,2.25
2012.01.10 12:04:39.605,0.80866,0.80894,2.25,3.00
2012.01.10 12:04:40.272,0.80866,0.80894,2.25,2.25
2012.01.10 12:04:44.605,0.80863,0.80889,2.25,2.25
2012.01.10 12:04:47.603,0.80856,0.80886,3.00,2.25
2012.01.10 12:04:49.098,0.80856,0.80886,3.00,2.25
2012.01.10 12:04:49.164,0.80859,0.80891,2.25,2.25
2012.01.10 12:04:50.267,0.80859,0.80891,2.25,3.00
2012.01.10 12:04:50.798,0.80855,0.80887,3.00,2.25
2012.01.10 12:04:50.878,0.80859,0.80891,3.00,2.63
2012.01.10 12:04:50.976,0.80856,0.80886,3.00,2.25
2012.01.10 12:04:51.112,0.80856,0.80886,3.00,2.25
2012.01.10 12:04:58.396,0.80856,0.80886,3.00,2.25
2012.01.10 12:05:00.368,0.80856,0.80886,3.00,2.25
2012.01.10 12:05:00.527,0.80856,0.80886,3.00,2.25
2012.01.10 12:05:03.508,0.80856,0.80886,3.00,2.25
2012.01.10 12:05:04.670,0.80856,0.80886,3.00,2.25
2012.01.10 12:05:06.694,0.80856,0.80886,3.00,2.25
2012.01.10 12:05:06.816,0.80862,0.8089,3.00,2.25
2012.01.10 12:05:08.110,0.80862,0.8089,3.00,2.25
2012.01.10 12:05:09.217,0.80862,0.8089,3.00,2.25
2012.01.10 12:05:12.200,0.80862,0.8089,3.00,2.25
2012.01.10 12:05:12.414,0.80862,0.8089,3.00,2.25
2012.01.10 12:05:14.497,0.80862,0.8089,2.25,2.25
2012.01.10 12:05:14.668,0.80862,0.8089,3.00,2.25
2012.01.10 12:05:20.394,0.80862,0.8089,2.25,2.25
2012.01.10 12:05:20.558,0.80859,0.80885,3.00,2.25
2012.01.10 12:05:24.444,0.80855,0.80882,3.00,2.25
2012.01.10 12:05:24.504,0.80855,0.80882,3.00,2.25
2012.01.10 12:05:25.394,0.80855,0.80882,3.00,2.25
2012.01.10 12:05:26.660,0.80855,0.80882,3.00,2.25
2012.01.10 12:05:26.838,0.80855,0.80882,3.00,2.25
2012.01.10 12:05:28.633,0.80855,0.80882,3.00,2.25
2012.01.10 12:05:28.697,0.80855,0.80882,3.00,2.85
2012.01.10 12:05:29.806,0.80852,0.80877,3.00,2.25
2012.01.10 12:05:29.993,0.80852,0.80877,3.00,2.85
2012.01.10 12:05:30.204,0.80846,0.80875,3.00,2.25
2012.01.10 12:05:30.480,0.80846,0.80876,3.00,2.25
2012.01.10 12:05:30.545,0.80846,0.80876,3.00,2.25
2012.01.10 12:05:33.659,0.80846,0.80876,3.00,2.25
2012.01.10 12:05:33.745,0.80846,0.80876,3.00,2.25
2012.01.10 12:05:33.819,0.80846,0.80876,3.00,2.25
2012.01.10 12:05:33.888,0.80842,0.80872,3.00,2.25
2012.01.10 12:05:36.701,0.80842,0.80872,3.00,2.25
2012.01.10 12:05:38.010,0.80846,0.80876,3.00,2.25
2012.01.10 12:05:38.387,0.80846,0.80876,3.00,2.25
2012.01.10 12:05:38.717,0.80846,0.80876,3.00,2.25
2012.01.10 12:05:38.783,0.8085,0.8088,3.00,2.25
2012.01.10 12:05:39.718,0.8085,0.8088,3.00,2.25
2012.01.10 12:05:42.128,0.8085,0.8088,3.00,2.25
2012.01.10 12:05:46.545,0.8085,0.8088,3.00,2.25
2012.01.10 12:05:46.617,0.8085,0.8088,3.00,2.25
2012.01.10 12:05:46.758,0.8085,0.8088,3.00,2.25
2012.01.10 12:05:46.893,0.80853,0.80885,3.00,3.23
2012.01.10 12:05:46.978,0.8085,0.8088,3.00,2.25
2012.01.10 12:05:47.357,0.8085,0.8088,3.00,2.25
2012.01.10 12:05:53.970,0.8085,0.8088,3.00,2.25
2012.01.10 12:05:54.237,0.80845,0.80877,3.00,2.25
2012.01.10 12:05:54.690,0.80845,0.80877,3.00,2.25
2012.01.10 12:05:55.405,0.80845,0.80877,3.00,2.63
2012.01.10 12:05:55.466,0.80845,0.80874,3.00,1.13
2012.01.10 12:05:55.774,0.80842,0.80872,3.00,2.25
2012.01.10 12:05:56.151,0.80842,0.80872,3.00,2.25
2012.01.10 12:05:56.371,0.80842,0.80872,3.00,2.25
2012.01.10 12:05:56.696,0.80842,0.80872,3.00,2.25
2012.01.10 12:05:56.917,0.80842,0.80872,3.00,2.25
2012.01.10 12:05:57.187,0.80843,0.80881,3.00,2.25
2012.01.10 12:05:59.676,0.80843,0.80881,3.00,2.25
2012.01.10 12:06:01.726,0.80843,0.80881,3.38,2.25
2012.01.10 12:06:01.852,0.80851,0.80883,3.00,2.25
2012.01.10 12:06:02.514,0.80851,0.80883,3.00,2.63
2012.01.10 12:06:02.576,0.80847,0.80879,3.00,2.25
2012.01.10 12:06:03.067,0.80855,0.80887,3.00,2.25
2012.01.10 12:06:03.137,0.80844,0.80874,3.00,2.25
2012.01.10 12:06:03.670,0.80847,0.80879,3.00,2.25
2012.01.10 12:06:03.795,0.80851,0.80883,3.00,2.25
2012.01.10 12:06:04.643,0.80851,0.80883,3.00,2.25
2012.01.10 12:06:04.909,0.80848,0.80878,3.00,2.25
2012.01.10 12:06:06.666,0.80848,0.80878,3.00,2.25
2012.01.10 12:06:06.886,0.80852,0.80882,3.00,2.25
2012.01.10 12:06:09.958,0.80847,0.80879,3.00,2.25
2012.01.10 12:06:10.024,0.80847,0.80879,3.00,2.25
2012.01.10 12:06:13.655,0.80847,0.80879,2.25,2.25
2012.01.10 12:06:14.459,0.80848,0.80878,2.25,2.25
2012.01.10 12:06:14.528,0.80839,0.80877,3.00,3.00
2012.01.10 12:06:14.656,0.8084,0.8087,3.00,2.25
2012.01.10 12:06:14.986,0.80836,0.80866,3.00,2.25
2012.01.10 12:06:15.963,0.80836,0.80866,3.00,2.25
2012.01.10 12:06:16.024,0.8084,0.8087,3.00,2.25
2012.01.10 12:06:16.423,0.80835,0.80867,3.00,2.25
2012.01.10 12:06:16.487,0.80835,0.80867,3.00,2.25
2012.01.10 12:06:16.613,0.80839,0.80871,3.00,2.25
2012.01.10 12:06:16.795,0.80844,0.80874,3.00,2.25
2012.01.10 12:06:18.234,0.80844,0.80874,3.00,2.25
2012.01.10 12:06:18.350,0.80844,0.80874,2.25,3.00
2012.01.10 12:06:18.476,0.8084,0.8087,3.00,2.25
2012.01.10 12:06:20.697,0.8084,0.8087,3.00,2.25
2012.01.10 12:06:23.298,0.8084,0.8087,3.00,2.25
2012.01.10 12:06:23.456,0.8084,0.8087,3.00,2.25
2012.01.10 12:06:23.864,0.80836,0.80866,3.00,2.25
2012.01.10 12:06:28.620,0.80836,0.80866,3.00,2.25
2012.01.10 12:06:32.444,0.80836,0.80866,3.00,2.25
2012.01.10 12:06:32.564,0.80833,0.80861,3.00,2.25
2012.01.10 12:06:32.996,0.80827,0.80866,1.13,2.25
2012.01.10 12:06:33.536,0.80834,0.8086,3.00,2.25
2012.01.10 12:06:33.683,0.80834,0.8086,3.00,2.25
2012.01.10 12:06:33.748,0.80826,0.80866,3.75,2.25
2012.01.10 12:06:34.506,0.80826,0.80866,3.75,2.25
2012.01.10 12:06:36.657,0.80826,0.80866,3.00,2.25
2012.01.10 12:06:38.027,0.80835,0.80867,3.00,2.25
2012.01.10 12:06:47.206,0.80835,0.80867,3.00,2.25
2012.01.10 12:06:47.395,0.80839,0.80871,3.00,2.25
2012.01.10 12:06:49.833,0.80843,0.80875,3.00,2.25
2012.01.10 12:06:55.644,0.80843,0.80875,2.25,2.25
2012.01.10 12:06:55.770,0.8084,0.8087,3.00,2.25
2012.01.10 12:06:56.417,0.80835,0.80867,3.00,2.25
2012.01.10 12:06:57.771,0.80835,0.80867,3.00,2.25
2012.01.10 12:06:59.233,0.80835,0.80867,3.00,2.25
2012.01.10 12:06:59.346,0.80835,0.80867,3.00,2.25
2012.01.10 12:06:59.888,0.80835,0.80867,3.00,2.25
2012.01.10 12:07:00.007,0.80835,0.80867,3.00,2.25
2012.01.10 12:07:00.226,0.80835,0.80867,3.00,2.25
2012.01.10 12:07:00.445,0.80835,0.80867,3.00,2.25
2012.01.10 12:07:00.881,0.80835,0.80867,3.00,2.25
2012.01.10 12:07:02.975,0.80835,0.80867,3.00,2.25
2012.01.10 12:07:04.414,0.80837,0.80872,3.00,1.13
2012.01.10 12:07:04.478,0.80835,0.80867,3.00,2.25
2012.01.10 12:07:14.571,0.80835,0.80867,3.00,2.25
2012.01.10 12:07:15.176,0.80835,0.80867,3.00,2.25
2012.01.10 12:07:15.394,0.80835,0.80867,3.00,2.25
2012.01.10 12:07:19.086,0.80835,0.80867,3.00,2.25
2012.01.10 12:07:22.886,0.80839,0.80871,3.00,2.25
2012.01.10 12:07:22.955,0.80843,0.80875,3.00,2.25
2012.01.10 12:07:23.316,0.80843,0.80875,2.25,3.00
2012.01.10 12:07:23.393,0.80843,0.80875,2.25,2.25
2012.01.10 12:07:23.457,0.8084,0.8087,3.00,2.25
2012.01.10 12:07:24.114,0.8084,0.8087,2.25,2.25
2012.01.10 12:07:27.747,0.8084,0.8087,3.00,2.25
2012.01.10 12:07:33.391,0.8084,0.8087,2.25,2.25
2012.01.10 12:07:35.390,0.8084,0.8087,3.00,2.25
2012.01.10 12:07:36.416,0.8084,0.8087,2.25,2.25
2012.01.10 12:07:36.763,0.80843,0.80875,2.25,3.00
2012.01.10 12:07:39.580,0.80843,0.80875,3.00,2.25
2012.01.10 12:07:40.226,0.80843,0.80875,2.25,3.00
2012.01.10 12:07:40.295,0.80839,0.80871,2.25,2.25
2012.01.10 12:07:45.221,0.80839,0.80871,3.00,2.25
2012.01.10 12:07:45.879,0.80839,0.80871,2.25,2.25
2012.01.10 12:07:51.616,0.80839,0.80871,3.00,2.25
2012.01.10 12:07:53.385,0.80839,0.80871,2.25,2.25
2012.01.10 12:07:53.493,0.80839,0.80871,3.00,2.25
2012.01.10 12:07:53.847,0.80843,0.80875,2.25,3.00
2012.01.10 12:07:54.240,0.80843,0.80875,2.25,3.00
2012.01.10 12:07:54.306,0.80843,0.80875,2.25,3.00
2012.01.10 12:08:04.458,0.80843,0.80875,2.25,3.00
2012.01.10 12:08:04.775,0.80839,0.80871,2.25,2.25
2012.01.10 12:08:04.936,0.80839,0.80871,2.25,3.00
2012.01.10 12:08:24.872,0.80836,0.80866,2.25,2.25
2012.01.10 12:08:25.705,0.80836,0.80866,2.25,3.00
2012.01.10 12:08:28.685,0.80836,0.80866,3.00,2.25
2012.01.10 12:08:33.274,0.80839,0.80871,2.25,2.25
2012.01.10 12:08:50.169,0.80839,0.80871,2.25,3.00
2012.01.10 12:08:50.409,0.80835,0.80867,3.00,2.25
2012.01.10 12:08:52.264,0.80839,0.80871,2.25,2.25
2012.01.10 12:08:56.006,0.80839,0.80871,3.00,2.25
2012.01.10 12:08:56.081,0.80839,0.80871,2.25,2.25
2012.01.10 12:08:59.364,0.80839,0.80871,3.00,2.25
2012.01.10 12:08:59.813,0.80844,0.80874,2.25,3.60
2012.01.10 12:09:01.347,0.80844,0.80874,3.00,2.25
2012.01.10 12:09:19.925,0.80844,0.80874,2.25,3.00
2012.01.10 12:09:23.005,0.80844,0.80874,3.00,2.25
2012.01.10 12:09:27.165,0.80844,0.80874,2.25,3.00
2012.01.10 12:09:27.345,0.80844,0.80874,3.00,2.25
2012.01.10 12:09:30.752,0.80844,0.80874,2.25,3.00
2012.01.10 12:09:31.295,0.80844,0.80874,3.00,2.25
2012.01.10 12:09:34.654,0.80844,0.80874,2.25,3.00
2012.01.10 12:09:34.882,0.8084,0.8087,3.00,2.25
2012.01.10 12:09:35.384,0.80843,0.80875,3.00,2.25
2012.01.10 12:09:35.455,0.80839,0.80871,3.00,2.25
2012.01.10 12:09:40.434,0.80839,0.80871,3.00,2.25
2012.01.10 12:09:41.403,0.80839,0.80871,3.00,2.25
2012.01.10 12:09:45.340,0.80839,0.80871,3.00,2.25
2012.01.10 12:09:46.936,0.80839,0.80871,3.00,2.25
2012.01.10 12:09:47.151,0.80839,0.80871,3.00,2.25
2012.01.10 12:09:47.683,0.80839,0.80871,3.00,2.25
2012.01.10 12:09:47.757,0.80843,0.80875,3.00,2.25
2012.01.10 12:09:47.827,0.80843,0.80875,3.00,2.25
2012.01.10 12:09:54.220,0.80843,0.80875,3.00,2.25
2012.01.10 12:09:54.826,0.80843,0.80875,3.00,2.25
2012.01.10 12:09:55.416,0.80843,0.80875,2.25,3.00
2012.01.10 12:09:55.756,0.80843,0.80875,3.00,2.25
2012.01.10 12:09:59.108,0.80843,0.80875,2.25,3.00
2012.01.10 12:09:59.332,0.80843,0.80875,3.00,2.25
2012.01.10 12:10:03.475,0.80844,0.80875,1.13,2.25
2012.01.10 12:10:03.542,0.80851,0.80883,3.00,3.00
2012.01.10 12:10:03.732,0.80851,0.80883,3.00,2.25
2012.01.10 12:10:05.812,0.80855,0.80887,3.00,2.25
2012.01.10 12:10:06.192,0.80851,0.80883,3.00,2.25
2012.01.10 12:10:06.253,0.80856,0.80886,3.00,2.25
2012.01.10 12:10:06.842,0.80852,0.80882,3.00,2.25
2012.01.10 12:10:09.874,0.8085,0.80882,3.00,2.25
2012.01.10 12:10:14.604,0.8085,0.80882,3.00,2.25
2012.01.10 12:10:14.825,0.8085,0.80882,3.00,2.25
2012.01.10 12:10:18.713,0.8085,0.80882,3.00,2.25
2012.01.10 12:10:18.897,0.80854,0.80886,3.00,2.25
2012.01.10 12:10:19.887,0.80859,0.80889,2.25,3.00
2012.01.10 12:10:20.578,0.8086,0.80892,2.25,3.00
2012.01.10 12:10:20.939,0.8086,0.80892,3.00,2.25
2012.01.10 12:10:26.455,0.8086,0.80892,2.25,3.00
2012.01.10 12:10:27.225,0.8086,0.80892,3.00,2.25
2012.01.10 12:10:35.934,0.8086,0.80892,2.25,3.00
2012.01.10 12:10:36.137,0.8086,0.80892,3.00,2.25
2012.01.10 12:10:36.265,0.80868,0.809,2.25,3.00
2012.01.10 12:10:38.669,0.80868,0.809,2.25,3.00
2012.01.10 12:10:38.951,0.80868,0.809,2.25,3.00
2012.01.10 12:10:45.048,0.80868,0.809,2.25,3.00
2012.01.10 12:10:45.371,0.80873,0.80902,2.25,1.35
2012.01.10 12:10:45.751,0.80876,0.80908,2.25,3.00
2012.01.10 12:10:48.000,0.80877,0.80907,2.25,3.00
2012.01.10 12:10:50.935,0.80876,0.80902,2.25,3.00
2012.01.10 12:10:53.438,0.80876,0.80902,2.25,3.00
2012.01.10 12:10:53.887,0.80876,0.80902,2.25,3.00
2012.01.10 12:10:54.074,0.80871,0.80899,2.25,3.00
2012.01.10 12:11:07.302,0.80866,0.80893,2.25,2.25
2012.01.10 12:11:07.687,0.80862,0.80887,2.25,2.25
2012.01.10 12:11:07.817,0.80853,0.80885,2.25,2.25
2012.01.10 12:11:08.591,0.80853,0.80885,2.25,3.00
2012.01.10 12:11:09.177,0.80853,0.80885,2.25,3.00
2012.01.10 12:11:09.527,0.80853,0.80885,2.25,2.25
2012.01.10 12:11:14.695,0.80853,0.80885,2.25,3.00
2012.01.10 12:11:16.445,0.80853,0.80885,2.25,2.25
2012.01.10 12:11:17.215,0.80853,0.80885,2.25,3.00
2012.01.10 12:11:17.753,0.80853,0.80885,2.25,2.25
2012.01.10 12:11:19.623,0.80853,0.80885,2.25,3.00
2012.01.10 12:11:20.805,0.80853,0.80885,2.25,2.25
2012.01.10 12:11:24.698,0.80853,0.80885,2.25,3.00
2012.01.10 12:11:35.376,0.80853,0.80885,2.25,2.25
2012.01.10 12:11:39.155,0.80853,0.80885,2.25,3.00
2012.01.10 12:11:40.753,0.80853,0.80885,2.25,2.25
2012.01.10 12:11:45.917,0.80853,0.80885,2.25,3.00
2012.01.10 12:11:47.734,0.80853,0.80883,2.25,1.13
2012.01.10 12:11:47.792,0.80849,0.80881,2.25,3.00
2012.01.10 12:11:51.710,0.80849,0.80881,2.25,2.25
2012.01.10 12:11:53.168,0.80854,0.80884,2.25,3.00
2012.01.10 12:11:53.724,0.80854,0.80884,2.25,3.00
2012.01.10 12:11:54.827,0.80854,0.80884,2.25,3.00
2012.01.10 12:11:55.632,0.80862,0.80892,2.25,3.00
2012.01.10 12:11:56.058,0.80862,0.80892,2.25,3.00
2012.01.10 12:11:56.474,0.80857,0.80889,2.25,3.60
2012.01.10 12:11:56.717,0.80857,0.80889,3.00,3.60
2012.01.10 12:11:57.083,0.80857,0.80889,2.25,3.60
2012.01.10 12:11:57.975,0.80861,0.80889,2.25,1.35
2012.01.10 12:11:58.369,0.80858,0.80888,2.25,3.00
2012.01.10 12:11:58.794,0.80862,0.80889,2.25,1.35
2012.01.10 12:11:58.964,0.80862,0.80889,2.25,1.35
2012.01.10 12:12:04.202,0.80865,0.80889,2.25,1.35
2012.01.10 12:12:12.159,0.80865,0.80897,2.25,3.60
2012.01.10 12:12:17.400,0.80865,0.80897,2.25,3.60
2012.01.10 12:12:22.055,0.80865,0.80897,2.25,3.60
2012.01.10 12:12:37.657,0.8087,0.80897,2.25,1.35
2012.01.10 12:12:42.125,0.8087,0.80897,2.25,1.35
2012.01.10 12:12:42.337,0.80866,0.80896,2.25,3.00
2012.01.10 12:12:42.464,0.80866,0.80896,2.25,3.00
2012.01.10 12:12:44.692,0.80866,0.80896,2.25,2.25
2012.01.10 12:12:44.864,0.8087,0.809,2.25,3.00
2012.01.10 12:12:45.372,0.8087,0.809,2.25,3.00
2012.01.10 12:12:46.489,0.8087,0.809,2.25,3.00
2012.01.10 12:12:46.623,0.8087,0.809,2.25,3.00
2012.01.10 12:12:57.359,0.8087,0.809,2.25,3.00
2012.01.10 12:13:00.363,0.8087,0.809,2.25,3.00
2012.01.10 12:13:00.623,0.80873,0.80904,2.25,1.50
2012.01.10 12:13:04.341,0.80864,0.80904,3.00,3.00
2012.01.10 12:13:04.436,0.80864,0.80904,2.25,3.00
2012.01.10 12:13:05.214,0.80864,0.80902,2.25,1.50
2012.01.10 12:13:05.335,0.80854,0.80902,3.00,1.50
2012.01.10 12:13:05.425,0.80855,0.80902,1.50,1.50
2012.01.10 12:13:07.456,0.80854,0.80899,3.00,1.50
2012.01.10 12:13:09.204,0.8085,0.80899,3.00,3.00
2012.01.10 12:13:09.985,0.80859,0.80903,3.00,1.50
2012.01.10 12:13:11.529,0.80859,0.80903,3.00,1.50
2012.01.10 12:13:11.834,0.80859,0.80904,3.00,1.50
2012.01.10 12:13:11.895,0.80869,0.80905,2.25,1.50
2012.01.10 12:13:12.096,0.80869,0.80905,2.25,1.50
2012.01.10 12:13:13.210,0.80872,0.80909,2.25,1.50
2012.01.10 12:13:13.282,0.80872,0.80909,2.25,1.50
2012.01.10 12:13:13.372,0.80868,0.80908,2.25,3.00
2012.01.10 12:13:14.983,0.80868,0.80906,2.25,1.50
2012.01.10 12:13:15.124,0.80864,0.80904,2.25,3.00
2012.01.10 12:13:16.750,0.80864,0.80904,3.00,3.00
2012.01.10 12:13:18.713,0.80864,0.80904,2.25,3.00
2012.01.10 12:13:41.476,0.80864,0.80904,2.25,3.00
2012.01.10 12:13:47.272,0.80869,0.80906,2.25,1.35
2012.01.10 12:13:48.134,0.80869,0.80906,2.25,1.35
2012.01.10 12:13:49.225,0.80869,0.80906,2.25,1.35
2012.01.10 12:13:49.358,0.80858,0.80906,3.00,1.35
2012.01.10 12:13:49.424,0.80858,0.80906,3.00,1.35
2012.01.10 12:13:51.034,0.80857,0.80897,3.00,2.25
2012.01.10 12:13:51.337,0.80867,0.80898,2.25,3.00
2012.01.10 12:14:01.276,0.80858,0.80896,3.00,2.25
2012.01.10 12:14:01.345,0.80858,0.80896,2.25,3.00
2012.01.10 12:14:02.934,0.80858,0.80896,3.00,2.25
2012.01.10 12:14:03.614,0.80867,0.80898,2.25,3.00
2012.01.10 12:14:05.219,0.80863,0.80895,2.25,3.00
2012.01.10 12:14:07.917,0.80863,0.80895,3.00,2.25
2012.01.10 12:14:08.326,0.8087,0.80898,2.25,3.00
2012.01.10 12:14:08.637,0.80863,0.80895,3.00,2.25
2012.01.10 12:14:09.237,0.8087,0.80898,2.25,3.00
2012.01.10 12:14:11.387,0.8087,0.80897,2.25,1.73
2012.01.10 12:14:11.454,0.80866,0.80894,2.25,3.00
2012.01.10 12:14:12.183,0.80866,0.80894,3.00,2.25
2012.01.10 12:14:12.317,0.8087,0.80898,2.25,5.10
2012.01.10 12:14:14.294,0.8087,0.80898,3.00,4.35
2012.01.10 12:14:18.366,0.8087,0.80898,3.00,4.35
2012.01.10 12:14:18.780,0.80867,0.80893,3.00,2.25
2012.01.10 12:14:21.223,0.80867,0.80893,3.00,2.25
2012.01.10 12:14:22.077,0.80863,0.80889,3.00,2.25
2012.01.10 12:14:22.275,0.80865,0.80897,3.00,2.85
2012.01.10 12:14:22.493,0.80865,0.80897,2.25,3.60
2012.01.10 12:14:24.970,0.80865,0.80897,3.00,2.85
2012.01.10 12:14:25.149,0.80865,0.80897,2.25,3.60
2012.01.10 12:14:29.250,0.80865,0.80897,3.00,2.85
2012.01.10 12:14:36.197,0.80865,0.80897,2.25,3.60
2012.01.10 12:14:48.474,0.80865,0.80897,3.00,2.85
2012.01.10 12:14:51.113,0.8087,0.809,2.25,3.00
2012.01.10 12:14:54.149,0.8087,0.809,2.25,3.00
2012.01.10 12:14:54.553,0.80869,0.80901,2.25,2.25
2012.01.10 12:14:56.948,0.80869,0.80901,2.25,2.25
2012.01.10 12:14:57.399,0.80869,0.80901,2.25,3.00
2012.01.10 12:14:58.651,0.80869,0.80901,2.25,3.00
2012.01.10 12:14:58.829,0.80869,0.80901,2.25,3.00
2012.01.10 12:14:59.086,0.80861,0.80899,3.00,3.00
2012.01.10 12:15:01.604,0.80861,0.80898,2.25,1.50
2012.01.10 12:15:01.668,0.80861,0.80898,3.00,1.50
2012.01.10 12:15:01.794,0.80861,0.80899,3.00,3.00
2012.01.10 12:15:02.127,0.8087,0.809,2.25,3.00
2012.01.10 12:15:02.412,0.80861,0.80899,3.00,3.00
2012.01.10 12:15:02.576,0.80861,0.80899,3.00,3.00
2012.01.10 12:15:02.944,0.8087,0.809,2.25,3.00
2012.01.10 12:15:04.113,0.80861,0.80899,3.00,3.00
2012.01.10 12:15:04.485,0.80861,0.80899,2.25,3.00
2012.01.10 12:15:07.258,0.80861,0.80899,3.00,3.00
2012.01.10 12:15:07.465,0.80861,0.80899,2.25,3.00
2012.01.10 12:15:08.633,0.80861,0.80899,3.00,3.00
2012.01.10 12:15:08.693,0.80863,0.80899,1.50,2.25
2012.01.10 12:15:08.765,0.80869,0.80904,2.25,1.35
2012.01.10 12:15:08.846,0.80869,0.80904,2.25,1.35
2012.01.10 12:15:08.913,0.80864,0.80904,2.25,3.60
2012.01.10 12:15:09.793,0.80869,0.80904,2.25,1.35
2012.01.10 12:15:09.877,0.80869,0.80904,2.25,1.35
2012.01.10 12:15:12.206,0.80869,0.80904,2.25,1.35
2012.01.10 12:15:12.682,0.80869,0.80905,2.25,1.50
2012.01.10 12:15:12.742,0.80857,0.80896,2.25,1.13
2012.01.10 12:15:12.813,0.80857,0.80894,2.25,1.50
2012.01.10 12:15:13.200,0.80857,0.8089,3.00,1.50
2012.01.10 12:15:13.889,0.80861,0.8089,2.25,1.50
2012.01.10 12:15:13.955,0.80861,0.80891,2.25,3.00
2012.01.10 12:15:14.025,0.80861,0.80891,2.25,3.00
2012.01.10 12:15:14.151,0.80851,0.80891,3.00,3.00
2012.01.10 12:15:14.905,0.80851,0.80889,3.00,1.50
2012.01.10 12:15:15.286,0.80851,0.80889,3.00,1.50
2012.01.10 12:15:15.846,0.8086,0.80889,2.25,1.50
2012.01.10 12:15:18.409,0.8086,0.80892,2.25,3.00
2012.01.10 12:15:18.533,0.8086,0.80892,2.25,3.00
2012.01.10 12:15:18.645,0.80852,0.8089,3.00,3.00
2012.01.10 12:15:20.256,0.80852,0.8089,3.00,3.00
2012.01.10 12:15:24.452,0.80852,0.8089,3.00,3.00
2012.01.10 12:15:26.423,0.8086,0.80892,3.00,3.00
2012.01.10 12:15:26.604,0.80851,0.80891,3.00,3.00
2012.01.10 12:15:27.436,0.80851,0.8089,3.00,1.50
2012.01.10 12:15:32.145,0.80851,0.80888,3.00,1.13
2012.01.10 12:15:33.636,0.80847,0.80885,2.25,1.13
2012.01.10 12:15:33.890,0.80852,0.80889,2.25,1.50
2012.01.10 12:15:33.957,0.80852,0.80889,2.25,1.50
2012.01.10 12:15:36.277,0.80852,0.80889,2.25,1.50
2012.01.10 12:15:36.737,0.80852,0.8089,3.00,3.00
2012.01.10 12:15:36.868,0.80864,0.80892,2.25,3.00
2012.01.10 12:15:38.818,0.80864,0.80892,2.25,2.25
2012.01.10 12:15:38.957,0.80864,0.80892,2.25,3.00
2012.01.10 12:15:40.176,0.80864,0.80892,2.25,2.25
2012.01.10 12:15:40.539,0.80864,0.80892,2.25,3.00
2012.01.10 12:15:41.717,0.80864,0.80892,2.25,2.25
2012.01.10 12:15:44.685,0.80864,0.80892,2.25,3.00
2012.01.10 12:15:45.336,0.80864,0.80892,2.25,2.25
2012.01.10 12:15:45.556,0.80864,0.80892,2.25,3.00
2012.01.10 12:15:46.065,0.80864,0.80892,2.25,2.25
2012.01.10 12:15:51.607,0.80864,0.80892,3.00,2.25
2012.01.10 12:15:51.935,0.8087,0.8089,2.25,1.13
2012.01.10 12:15:52.116,0.80856,0.80888,3.00,2.25
2012.01.10 12:15:52.207,0.80856,0.80888,3.00,2.25
2012.01.10 12:15:52.695,0.80856,0.80888,3.00,2.25
2012.01.10 12:15:55.119,0.80856,0.80888,2.25,3.00
2012.01.10 12:15:55.437,0.80861,0.80889,2.25,1.35
2012.01.10 12:15:55.834,0.80851,0.8089,3.00,1.50
2012.01.10 12:15:57.416,0.80851,0.80891,3.00,2.25
2012.01.10 12:15:57.635,0.80851,0.80891,3.00,3.00
2012.01.10 12:16:01.648,0.80851,0.80891,3.00,2.25
2012.01.10 12:16:04.987,0.80851,0.80891,3.00,3.00
2012.01.10 12:16:07.830,0.80851,0.80891,2.25,3.00
2012.01.10 12:16:08.718,0.80851,0.80891,3.00,3.00
2012.01.10 12:16:08.836,0.80851,0.80891,2.25,3.00
2012.01.10 12:16:08.946,0.80851,0.80891,3.00,2.25
2012.01.10 12:16:09.425,0.80851,0.80891,3.00,3.00
2012.01.10 12:16:09.499,0.80851,0.80891,2.25,3.00
2012.01.10 12:16:16.535,0.80851,0.80891,2.25,3.00
2012.01.10 12:16:18.555,0.80851,0.80891,3.00,3.00
2012.01.10 12:16:19.656,0.80851,0.80891,2.25,3.00
2012.01.10 12:16:24.677,0.80851,0.80891,2.25,3.00
2012.01.10 12:16:24.798,0.80851,0.80891,2.25,3.00
2012.01.10 12:16:28.450,0.80855,0.80895,2.25,3.00
2012.01.10 12:16:28.577,0.80855,0.80895,2.25,3.00
2012.01.10 12:16:28.696,0.80855,0.80895,2.25,3.00
2012.01.10 12:16:29.735,0.80855,0.80895,2.25,3.00
2012.01.10 12:16:30.354,0.80855,0.80895,3.00,3.00
2012.01.10 12:16:31.257,0.80855,0.80895,2.25,3.00
2012.01.10 12:16:31.335,0.80851,0.80891,3.00,3.00
2012.01.10 12:16:32.835,0.80851,0.80891,2.25,3.00
2012.01.10 12:16:34.161,0.80851,0.80891,3.00,3.00
2012.01.10 12:16:37.394,0.80851,0.80891,2.25,3.00
2012.01.10 12:16:42.985,0.80856,0.80894,3.00,3.00
2012.01.10 12:16:47.068,0.80856,0.80894,2.25,3.00
2012.01.10 12:16:47.307,0.80856,0.80894,3.00,3.00
2012.01.10 12:16:48.231,0.80856,0.80894,2.25,3.00
2012.01.10 12:16:48.337,0.80856,0.80894,3.00,3.00
2012.01.10 12:16:51.186,0.80856,0.80894,2.25,3.00
2012.01.10 12:16:56.134,0.80856,0.80894,3.00,3.00
2012.01.10 12:16:56.205,0.80856,0.80894,3.00,2.25
2012.01.10 12:16:56.318,0.80856,0.80894,3.00,3.00
2012.01.10 12:16:59.707,0.80856,0.80894,3.00,2.25
2012.01.10 12:16:59.825,0.80856,0.80894,3.00,3.00
2012.01.10 12:17:00.216,0.80856,0.80894,3.00,2.25
2012.01.10 12:17:03.908,0.80856,0.80894,3.00,3.00
2012.01.10 12:17:04.435,0.80856,0.80894,3.00,2.25
2012.01.10 12:17:05.390,0.80864,0.80896,2.25,3.00
2012.01.10 12:17:05.876,0.80864,0.80896,2.25,3.00
2012.01.10 12:17:06.229,0.80864,0.80896,2.25,3.00
2012.01.10 12:17:09.615,0.80864,0.80896,2.25,3.00
2012.01.10 12:17:09.686,0.80864,0.80896,2.25,3.00
2012.01.10 12:17:19.902,0.80864,0.80896,2.25,3.00
2012.01.10 12:17:21.373,0.80864,0.80896,2.25,3.00
2012.01.10 12:17:21.884,0.80863,0.80889,2.25,2.25
2012.01.10 12:17:22.004,0.80865,0.80895,2.25,3.75
2012.01.10 12:17:24.896,0.80865,0.80895,2.25,3.00
2012.01.10 12:17:25.448,0.80865,0.80895,2.25,3.00
2012.01.10 12:17:28.040,0.80865,0.80895,2.25,3.00
2012.01.10 12:17:28.633,0.80865,0.80895,2.25,3.00
2012.01.10 12:17:32.538,0.8086,0.80892,2.25,2.25
2012.01.10 12:17:33.013,0.80865,0.80895,2.25,3.00
2012.01.10 12:17:34.204,0.80865,0.80895,2.25,2.25
2012.01.10 12:17:50.367,0.80865,0.80895,2.25,3.00
2012.01.10 12:17:50.930,0.80865,0.80895,2.25,2.25
2012.01.10 12:17:53.885,0.80865,0.80895,3.00,2.25
2012.01.10 12:17:54.297,0.80872,0.809,4.13,2.25
2012.01.10 12:17:54.483,0.80874,0.80906,2.25,2.25
2012.01.10 12:17:54.927,0.80874,0.80906,2.25,3.00
2012.01.10 12:17:55.324,0.80865,0.80905,3.00,3.00
2012.01.10 12:17:55.971,0.80865,0.80905,2.25,3.00
2012.01.10 12:17:56.192,0.80865,0.80905,3.00,3.00
2012.01.10 12:17:59.933,0.80865,0.80905,2.25,3.00
2012.01.10 12:18:01.760,0.80865,0.80905,3.38,3.00
2012.01.10 12:18:04.264,0.80875,0.80905,2.25,3.00
2012.01.10 12:18:04.909,0.80875,0.80905,2.25,3.00
2012.01.10 12:18:05.134,0.80875,0.80905,2.25,3.00
2012.01.10 12:18:07.755,0.80875,0.80905,2.25,3.00
2012.01.10 12:18:12.388,0.80875,0.80905,2.25,3.00
2012.01.10 12:18:14.417,0.80875,0.80905,2.25,3.00
2012.01.10 12:18:14.638,0.80875,0.80905,2.25,3.00
2012.01.10 12:18:14.918,0.80875,0.80905,2.25,3.00
2012.01.10 12:18:15.766,0.80875,0.80905,2.25,3.00
2012.01.10 12:18:15.911,0.80875,0.80905,3.00,2.25
2012.01.10 12:18:16.075,0.80882,0.80909,2.25,1.13
2012.01.10 12:18:16.398,0.80886,0.80918,2.25,3.00
2012.01.10 12:18:20.197,0.80886,0.80915,2.25,1.13
2012.01.10 12:18:20.606,0.80885,0.80911,2.25,3.00
2012.01.10 12:18:27.134,0.80885,0.80911,2.25,2.25
2012.01.10 12:18:27.355,0.80885,0.80911,2.25,3.00
2012.01.10 12:18:35.715,0.80885,0.80911,2.25,2.25
2012.01.10 12:18:38.394,0.80885,0.80911,2.25,3.00
2012.01.10 12:18:38.734,0.80883,0.80908,2.25,1.13
2012.01.10 12:18:38.797,0.80874,0.80904,2.25,3.00
2012.01.10 12:18:38.935,0.80874,0.80902,2.25,1.35
2012.01.10 12:18:39.236,0.8087,0.80899,2.25,1.13
2012.01.10 12:18:39.297,0.80866,0.80894,3.00,2.25
2012.01.10 12:18:42.472,0.80866,0.80894,3.00,2.25
2012.01.10 12:18:42.594,0.80866,0.80894,3.00,2.25
2012.01.10 12:18:43.075,0.80878,0.80903,2.25,1.35
2012.01.10 12:18:43.613,0.80883,0.80909,2.25,3.00
2012.01.10 12:18:43.734,0.80879,0.80905,2.25,3.00
2012.01.10 12:18:47.416,0.80871,0.80903,2.25,2.25
2012.01.10 12:18:51.159,0.80871,0.80903,2.25,3.00
2012.01.10 12:18:51.606,0.80868,0.80898,2.25,3.00
2012.01.10 12:18:51.667,0.80864,0.80894,2.25,2.25
2012.01.10 12:18:53.625,0.80864,0.80894,2.25,3.00
2012.01.10 12:18:54.693,0.80864,0.80894,2.25,2.25
2012.01.10 12:18:57.217,0.80864,0.80894,2.25,3.00
2012.01.10 12:18:57.721,0.80864,0.80894,2.25,2.25
2012.01.10 12:19:29.216,0.80868,0.80898,2.25,2.25
2012.01.10 12:19:31.716,0.80868,0.80898,3.00,2.25
2012.01.10 12:19:32.317,0.80871,0.80903,2.25,3.00
2012.01.10 12:19:33.383,0.80871,0.80903,2.25,3.00
2012.01.10 12:19:33.866,0.80871,0.80903,2.25,2.25
2012.01.10 12:19:34.528,0.80871,0.80903,2.25,3.00
2012.01.10 12:19:34.747,0.80871,0.80903,2.25,2.25
2012.01.10 12:19:36.165,0.80871,0.80903,3.00,2.25
2012.01.10 12:19:36.287,0.80875,0.80907,3.00,2.25
2012.01.10 12:19:40.423,0.80875,0.80907,2.25,3.00
2012.01.10 12:19:42.515,0.80872,0.80902,2.25,3.00
2012.01.10 12:19:43.437,0.80872,0.80902,3.00,2.25
2012.01.10 12:19:44.645,0.8088,0.80907,2.25,1.13
2012.01.10 12:19:45.068,0.80875,0.80907,2.25,3.00
2012.01.10 12:19:45.296,0.80875,0.80907,2.25,3.00
2012.01.10 12:19:45.984,0.80875,0.80907,2.25,3.00
2012.01.10 12:19:47.543,0.8088,0.8091,2.25,3.00
2012.01.10 12:19:48.925,0.8088,0.8091,2.25,3.00
2012.01.10 12:19:49.323,0.8088,0.8091,2.25,3.00
2012.01.10 12:19:49.834,0.80875,0.80907,2.25,3.00
2012.01.10 12:19:50.467,0.80875,0.80907,2.25,3.00
2012.01.10 12:20:02.121,0.80875,0.80907,3.00,2.25
2012.01.10 12:20:11.048,0.80875,0.80907,2.25,3.00
2012.01.10 12:20:11.113,0.80875,0.80907,2.25,3.00
2012.01.10 12:20:15.874,0.80875,0.80907,2.25,3.00
2012.01.10 12:20:16.426,0.80875,0.80907,2.25,3.00
2012.01.10 12:20:16.915,0.8088,0.8091,2.25,3.00
2012.01.10 12:20:18.766,0.80875,0.80907,2.25,3.00
2012.01.10 12:20:18.994,0.80875,0.80907,2.25,3.00
2012.01.10 12:20:24.277,0.80875,0.80907,2.25,3.00
2012.01.10 12:20:24.706,0.80879,0.80911,2.25,3.38
2012.01.10 12:20:24.905,0.80876,0.80906,2.25,3.00
2012.01.10 12:20:25.406,0.80876,0.80906,2.25,3.00
2012.01.10 12:20:25.476,0.80876,0.80906,2.25,3.00
2012.01.10 12:20:25.575,0.80876,0.80906,2.25,3.00
2012.01.10 12:20:26.734,0.80876,0.80906,2.25,3.00
2012.01.10 12:20:30.981,0.80876,0.80906,2.25,3.00
2012.01.10 12:20:31.483,0.80876,0.80906,2.25,3.00
2012.01.10 12:20:31.856,0.80871,0.80903,2.25,3.00
2012.01.10 12:20:35.108,0.80871,0.80903,3.00,2.25
2012.01.10 12:20:35.334,0.80879,0.80908,2.25,1.13
2012.01.10 12:20:36.882,0.80879,0.80911,2.25,3.00
2012.01.10 12:20:37.004,0.80875,0.80907,3.00,2.25
2012.01.10 12:20:37.756,0.80871,0.80903,3.00,2.25
2012.01.10 12:20:37.826,0.80875,0.80907,3.00,2.25
2012.01.10 12:20:38.676,0.80875,0.80907,2.25,3.00
2012.01.10 12:20:40.427,0.80875,0.80907,3.00,2.25
2012.01.10 12:20:40.493,0.80875,0.80907,2.25,3.00
2012.01.10 12:20:40.942,0.80875,0.80907,3.00,2.25
2012.01.10 12:20:42.967,0.80875,0.80907,2.25,3.00
2012.01.10 12:20:43.944,0.80875,0.80907,3.00,2.25
2012.01.10 12:20:44.030,0.80883,0.80909,2.25,3.00
2012.01.10 12:20:46.246,0.80879,0.80905,2.25,2.25
2012.01.10 12:20:50.356,0.80879,0.80905,2.25,3.60
2012.01.10 12:20:50.653,0.80874,0.80902,2.25,2.25
2012.01.10 12:20:50.716,0.80874,0.80902,3.00,2.25
2012.01.10 12:20:50.785,0.80878,0.80908,2.25,5.10
2012.01.10 12:20:51.542,0.80882,0.80912,2.25,2.25
2012.01.10 12:20:51.744,0.80882,0.80912,2.25,3.38
2012.01.10 12:20:51.933,0.80882,0.80912,2.25,2.63
2012.01.10 12:20:51.997,0.80879,0.80905,2.25,2.25
2012.01.10 12:20:54.623,0.80882,0.80912,2.25,3.75
2012.01.10 12:20:54.688,0.80882,0.80912,2.25,3.00
2012.01.10 12:20:57.309,0.80877,0.80909,3.00,3.00
2012.01.10 12:20:58.228,0.80877,0.80909,3.00,2.25
2012.01.10 12:20:59.728,0.80877,0.80909,2.25,3.00
2012.01.10 12:21:06.814,0.80877,0.80909,2.25,3.00
2012.01.10 12:21:07.155,0.8087,0.80896,3.00,2.25
2012.01.10 12:21:07.466,0.80885,0.80912,2.25,3.38
2012.01.10 12:21:08.197,0.80878,0.80908,2.25,3.00
2012.01.10 12:21:12.145,0.80878,0.80908,2.25,3.00
2012.01.10 12:21:20.751,0.80878,0.80908,2.25,3.00
2012.01.10 12:21:22.562,0.80878,0.80908,2.25,3.00
2012.01.10 12:21:23.183,0.80878,0.80908,2.25,2.25
2012.01.10 12:21:23.244,0.80889,0.80921,2.25,3.00
2012.01.10 12:21:23.604,0.80882,0.80912,2.25,3.00
2012.01.10 12:21:23.715,0.80882,0.80912,2.25,3.00
2012.01.10 12:21:26.963,0.80882,0.80912,2.25,2.25
2012.01.10 12:21:27.459,0.80882,0.80912,2.25,3.00
2012.01.10 12:21:27.895,0.80882,0.80912,2.25,3.00
2012.01.10 12:21:28.014,0.80877,0.80909,2.25,3.00
2012.01.10 12:21:29.619,0.80877,0.80909,2.25,3.00
2012.01.10 12:21:31.364,0.80877,0.80909,3.00,2.25
2012.01.10 12:21:31.763,0.8089,0.80917,2.25,3.00
2012.01.10 12:21:31.824,0.80878,0.80915,4.35,1.50
2012.01.10 12:21:31.945,0.80878,0.80912,2.25,1.73
2012.01.10 12:21:32.485,0.80877,0.80909,3.00,3.00
2012.01.10 12:21:33.616,0.80877,0.80909,3.00,2.25
2012.01.10 12:21:33.744,0.8089,0.80917,2.25,2.25
2012.01.10 12:21:35.654,0.8089,0.80917,3.60,2.25
2012.01.10 12:21:36.046,0.80903,0.80928,2.25,1.35
2012.01.10 12:21:36.113,0.809,0.80926,2.25,3.00
2012.01.10 12:21:36.612,0.80887,0.80922,3.23,2.25
2012.01.10 12:21:36.743,0.80887,0.80922,2.10,3.00
2012.01.10 12:21:36.805,0.80882,0.80915,2.25,1.35
2012.01.10 12:21:37.166,0.80882,0.80912,2.25,2.25
2012.01.10 12:21:37.996,0.80895,0.8092,2.25,3.00
2012.01.10 12:21:49.258,0.809,0.80926,2.25,3.00
2012.01.10 12:21:49.516,0.80896,0.80922,2.25,3.00
2012.01.10 12:21:51.761,0.80896,0.80922,2.25,2.25
2012.01.10 12:21:52.956,0.80896,0.80922,2.25,3.00
2012.01.10 12:21:53.176,0.80896,0.80922,2.25,2.25
2012.01.10 12:21:54.994,0.809,0.80926,2.25,3.00
2012.01.10 12:21:55.157,0.809,0.80926,2.25,2.25
2012.01.10 12:21:58.421,0.809,0.80926,3.00,2.25
2012.01.10 12:21:58.798,0.80903,0.80931,2.25,3.00
2012.01.10 12:21:58.925,0.80899,0.80927,2.25,2.25
2012.01.10 12:21:59.342,0.80903,0.80931,2.25,3.00
2012.01.10 12:22:00.124,0.80899,0.80924,2.25,2.25
2012.01.10 12:22:01.537,0.80899,0.80924,2.25,3.00
2012.01.10 12:22:01.964,0.80904,0.80929,2.25,1.35
2012.01.10 12:22:05.996,0.80904,0.80929,2.25,1.35
2012.01.10 12:22:06.091,0.80904,0.80929,2.25,1.35
2012.01.10 12:22:06.207,0.80904,0.80929,2.25,1.35
2012.01.10 12:22:09.309,0.80904,0.80929,2.25,1.35
2012.01.10 12:22:10.043,0.80899,0.80927,2.25,3.00
2012.01.10 12:22:11.372,0.80899,0.80927,2.25,2.25
2012.01.10 12:22:11.943,0.80903,0.80929,2.25,1.35
2012.01.10 12:22:12.284,0.809,0.80926,2.25,2.25
2012.01.10 12:22:12.628,0.80903,0.80929,2.25,1.35
2012.01.10 12:22:12.847,0.80899,0.80927,2.25,3.00
2012.01.10 12:22:13.068,0.80904,0.80929,2.25,1.35
2012.01.10 12:22:13.195,0.80887,0.80919,2.25,1.35
2012.01.10 12:22:13.416,0.80882,0.80912,2.63,2.25
2012.01.10 12:22:14.627,0.80882,0.80912,3.00,3.23
2012.01.10 12:22:14.695,0.80882,0.80911,2.25,1.13
2012.01.10 12:22:15.035,0.80872,0.80902,3.00,2.25
2012.01.10 12:22:17.188,0.80872,0.80902,3.00,2.25
2012.01.10 12:22:20.603,0.8088,0.8091,3.00,2.85
2012.01.10 12:22:21.408,0.80876,0.80906,3.00,2.25
2012.01.10 12:22:21.588,0.80883,0.80909,2.25,2.25
2012.01.10 12:22:21.996,0.80876,0.80906,3.00,2.25
2012.01.10 12:22:22.127,0.80876,0.80906,3.00,2.25
2012.01.10 12:22:22.364,0.80876,0.80906,3.00,2.25
2012.01.10 12:22:23.450,0.80876,0.80906,3.00,2.25
2012.01.10 12:22:23.693,0.80882,0.80908,2.25,1.35
2012.01.10 12:22:24.985,0.80887,0.80914,2.25,1.35
2012.01.10 12:22:25.215,0.80887,0.80915,3.00,2.25
2012.01.10 12:22:25.333,0.80892,0.8092,2.25,3.00
2012.01.10 12:22:27.444,0.80892,0.8092,2.25,2.25
2012.01.10 12:22:28.656,0.80892,0.8092,2.25,3.00
2012.01.10 12:22:32.583,0.80896,0.80921,2.25,1.35
2012.01.10 12:22:43.274,0.80891,0.80923,2.25,3.00
2012.01.10 12:22:43.754,0.80891,0.80919,2.25,1.50
2012.01.10 12:22:43.816,0.80888,0.80918,2.25,3.00
2012.01.10 12:22:46.127,0.80888,0.80918,2.25,2.25
2012.01.10 12:22:46.321,0.80891,0.80922,2.25,1.50
2012.01.10 12:22:48.658,0.80891,0.80923,2.25,3.00
2012.01.10 12:22:48.935,0.80891,0.80923,2.25,3.00
2012.01.10 12:22:50.965,0.80891,0.80923,2.25,2.25
2012.01.10 12:22:51.201,0.80891,0.80923,2.25,3.00
2012.01.10 12:22:51.393,0.80888,0.80918,2.25,2.25
2012.01.10 12:22:51.923,0.80888,0.80918,3.00,2.25
2012.01.10 12:22:52.485,0.80888,0.80918,2.25,3.00
2012.01.10 12:22:53.575,0.80888,0.80918,3.00,2.25
2012.01.10 12:22:54.794,0.80888,0.80918,2.25,3.00
2012.01.10 12:22:54.857,0.80884,0.80914,3.00,2.25
2012.01.10 12:22:55.845,0.80892,0.80918,2.25,3.00
2012.01.10 12:22:55.965,0.80883,0.80915,3.00,2.85
2012.01.10 12:22:56.025,0.80883,0.80915,2.25,3.60
2012.01.10 12:22:56.447,0.80883,0.80915,3.00,2.85
2012.01.10 12:22:58.705,0.80883,0.80915,3.00,2.85
2012.01.10 12:23:06.591,0.80883,0.80914,2.25,1.35
2012.01.10 12:23:06.663,0.80892,0.80914,2.25,1.35
2012.01.10 12:23:08.185,0.80888,0.80914,2.25,3.00
2012.01.10 12:23:18.445,0.80893,0.80914,1.35,2.25
2012.01.10 12:23:18.563,0.80902,0.8093,2.25,3.00
2012.01.10 12:23:18.984,0.80908,0.80934,2.25,3.00
2012.01.10 12:23:21.147,0.80903,0.80931,2.25,3.00
2012.01.10 12:23:25.659,0.80908,0.80934,2.25,3.00
2012.01.10 12:23:34.623,0.80903,0.80931,2.25,3.00
2012.01.10 12:23:36.115,0.80903,0.80931,2.25,2.25
2012.01.10 12:23:37.347,0.80903,0.80931,2.25,3.00
2012.01.10 12:23:37.736,0.80903,0.80931,2.25,2.25
2012.01.10 12:23:40.728,0.80903,0.80931,2.25,3.00
2012.01.10 12:23:41.437,0.80903,0.80931,2.25,2.25
2012.01.10 12:23:41.568,0.80902,0.80933,2.25,1.35
2012.01.10 12:23:42.270,0.80907,0.80937,2.25,3.75
2012.01.10 12:23:42.385,0.80907,0.80937,2.25,3.75
2012.01.10 12:23:43.797,0.80902,0.80934,2.25,3.00
2012.01.10 12:23:52.428,0.80902,0.80934,2.25,3.00
2012.01.10 12:23:54.977,0.80902,0.80934,2.25,3.00
2012.01.10 12:23:55.044,0.80906,0.80938,2.25,3.00
2012.01.10 12:23:56.831,0.80906,0.80938,2.25,3.00
2012.01.10 12:23:57.989,0.80906,0.80938,2.25,3.00
2012.01.10 12:23:58.428,0.80914,0.80942,2.25,1.50
2012.01.10 12:23:58.498,0.80914,0.80942,2.25,1.50
2012.01.10 12:23:58.871,0.80914,0.80945,2.25,1.50
2012.01.10 12:23:58.996,0.80914,0.80946,2.25,3.00
2012.01.10 12:23:59.562,0.8091,0.80942,2.25,3.00
2012.01.10 12:24:00.827,0.8091,0.80942,2.25,3.00
2012.01.10 12:24:01.228,0.8091,0.80942,2.25,3.00
2012.01.10 12:24:05.389,0.8091,0.80942,2.25,3.00
2012.01.10 12:24:05.462,0.80914,0.80946,2.25,3.00
2012.01.10 12:24:06.271,0.80914,0.80946,2.25,3.00
2012.01.10 12:24:09.340,0.80914,0.80946,2.25,3.00
2012.01.10 12:24:12.678,0.80914,0.80946,2.25,3.00
2012.01.10 12:24:17.132,0.8091,0.80942,2.25,3.00
2012.01.10 12:24:17.338,0.80906,0.80938,2.25,3.00
2012.01.10 12:24:19.978,0.80906,0.80938,2.25,3.00
2012.01.10 12:24:20.056,0.80903,0.80933,2.25,2.25
2012.01.10 12:24:20.117,0.80903,0.80933,2.25,3.00
2012.01.10 12:24:20.186,0.80903,0.80933,2.25,2.25
2012.01.10 12:24:22.678,0.80903,0.80933,2.25,3.00
2012.01.10 12:24:24.758,0.80903,0.80933,2.25,2.25
2012.01.10 12:24:24.879,0.80903,0.80933,2.25,3.00
2012.01.10 12:24:26.475,0.80907,0.80937,2.25,3.00
2012.01.10 12:24:26.775,0.80903,0.80933,2.25,3.00
2012.01.10 12:24:27.284,0.80906,0.80938,2.25,3.00
2012.01.10 12:24:29.143,0.8091,0.80942,2.25,3.75
2012.01.10 12:24:31.487,0.8091,0.80942,2.25,3.75
2012.01.10 12:24:32.992,0.8091,0.80942,2.25,3.75
2012.01.10 12:24:33.100,0.8091,0.80942,2.25,3.75
2012.01.10 12:24:33.357,0.8091,0.80942,2.25,3.75
2012.01.10 12:24:46.854,0.8091,0.80942,2.25,3.00
2012.01.10 12:24:46.981,0.8091,0.80942,2.25,3.00
2012.01.10 12:24:47.177,0.8091,0.80942,2.25,3.00
2012.01.10 12:24:48.197,0.8091,0.80942,2.25,3.00
2012.01.10 12:24:48.267,0.80908,0.80934,2.25,3.00
2012.01.10 12:24:48.834,0.80908,0.80934,2.25,3.00
2012.01.10 12:24:49.222,0.80912,0.80938,2.25,3.00
2012.01.10 12:25:02.929,0.80906,0.80934,2.25,3.00
2012.01.10 12:25:03.071,0.80906,0.80934,2.25,3.00
2012.01.10 12:25:05.924,0.80911,0.80937,2.25,3.00
2012.01.10 12:25:06.527,0.80907,0.80933,2.25,3.00
2012.01.10 12:25:11.756,0.80911,0.80937,2.25,3.00
2012.01.10 12:25:11.885,0.80911,0.80937,2.25,3.00
2012.01.10 12:25:12.427,0.80911,0.80937,2.25,3.00
2012.01.10 12:25:12.496,0.80907,0.80933,2.25,3.00
2012.01.10 12:25:14.406,0.80907,0.80933,2.25,3.00
2012.01.10 12:25:14.557,0.80903,0.80929,2.25,3.00
2012.01.10 12:25:18.106,0.80903,0.80929,2.25,3.00
2012.01.10 12:25:18.272,0.80903,0.80929,2.25,3.00
2012.01.10 12:25:18.764,0.8091,0.80938,2.25,1.35
2012.01.10 12:25:19.091,0.8091,0.80938,2.25,1.35
2012.01.10 12:25:19.671,0.80909,0.80938,2.25,1.35
2012.01.10 12:25:19.795,0.80905,0.80935,2.25,3.00
2012.01.10 12:25:32.661,0.80905,0.80935,2.25,3.00
2012.01.10 12:25:32.846,0.80908,0.8094,2.25,3.00
2012.01.10 12:25:33.049,0.80904,0.80936,2.25,3.00
2012.01.10 12:25:36.958,0.80904,0.80936,2.25,3.00
2012.01.10 12:25:37.268,0.80909,0.80939,2.25,3.00
2012.01.10 12:25:37.692,0.80909,0.80939,2.25,3.00
2012.01.10 12:25:37.791,0.80906,0.80932,2.25,3.00
2012.01.10 12:25:42.136,0.80906,0.80932,2.25,2.25
2012.01.10 12:25:42.400,0.80906,0.80932,2.25,3.00
2012.01.10 12:25:42.797,0.80906,0.80932,2.25,2.25
2012.01.10 12:25:44.955,0.80906,0.80932,2.25,3.00
2012.01.10 12:25:53.938,0.80906,0.80932,2.25,2.25
2012.01.10 12:26:05.576,0.8091,0.80936,2.25,2.25
2012.01.10 12:26:10.272,0.80917,0.80945,2.25,3.00
2012.01.10 12:26:10.876,0.80909,0.80937,2.85,2.25
2012.01.10 12:26:17.878,0.80909,0.80937,2.25,3.00
2012.01.10 12:26:18.136,0.80906,0.80932,2.25,3.00
2012.01.10 12:26:19.368,0.80906,0.80932,2.25,2.25
2012.01.10 12:26:20.558,0.80909,0.80937,2.25,2.25
2012.01.10 12:26:21.338,0.80909,0.80937,2.25,3.00
2012.01.10 12:26:22.144,0.80905,0.80931,2.25,2.25
2012.01.10 12:26:22.394,0.80905,0.80931,2.25,3.00
2012.01.10 12:26:22.678,0.80905,0.80931,2.25,2.25
2012.01.10 12:26:32.848,0.80905,0.80931,2.25,3.00
2012.01.10 12:26:33.438,0.80905,0.80931,2.25,3.00
2012.01.10 12:26:33.506,0.809,0.80928,2.25,2.25
2012.01.10 12:26:34.796,0.809,0.80928,2.25,3.00
2012.01.10 12:26:38.548,0.809,0.80928,2.25,2.25
2012.01.10 12:26:41.357,0.809,0.80928,2.25,3.00
2012.01.10 12:26:41.547,0.80897,0.80923,2.25,2.25
2012.01.10 12:26:42.028,0.809,0.80928,2.25,3.00
2012.01.10 12:26:42.178,0.809,0.80928,2.25,3.00
2012.01.10 12:26:43.505,0.80897,0.80923,2.25,2.25
2012.01.10 12:26:45.405,0.809,0.80928,2.25,3.00
2012.01.10 12:26:45.793,0.80896,0.80924,2.25,3.00
2012.01.10 12:26:48.887,0.80896,0.80924,3.00,2.25
2012.01.10 12:26:49.138,0.80905,0.80931,2.25,3.00
2012.01.10 12:26:49.265,0.809,0.80928,2.25,3.00
2012.01.10 12:26:49.387,0.809,0.80928,2.25,3.00
2012.01.10 12:26:50.129,0.80896,0.80918,2.10,2.25
2012.01.10 12:26:50.376,0.80888,0.80918,2.25,3.00
2012.01.10 12:27:01.486,0.80883,0.80915,2.25,2.25
2012.01.10 12:27:10.647,0.80883,0.80915,2.25,3.00
2012.01.10 12:27:12.472,0.80879,0.80911,3.00,2.25
2012.01.10 12:27:13.918,0.80879,0.80911,3.00,2.25
2012.01.10 12:27:25.916,0.80879,0.80911,3.00,2.25
2012.01.10 12:27:31.975,0.80876,0.80904,3.00,2.25
2012.01.10 12:27:32.385,0.80879,0.80911,3.00,2.25
2012.01.10 12:27:33.396,0.80879,0.80911,3.00,2.25
2012.01.10 12:27:34.368,0.80877,0.80903,3.00,2.25
2012.01.10 12:27:35.996,0.80877,0.80903,3.00,2.25
2012.01.10 12:27:36.657,0.80877,0.80903,3.00,2.25
2012.01.10 12:27:37.606,0.80877,0.80903,3.00,2.25
2012.01.10 12:27:37.742,0.8088,0.8091,3.00,2.25
2012.01.10 12:27:39.958,0.8088,0.8091,3.00,2.25
2012.01.10 12:27:40.616,0.8088,0.8091,3.00,2.25
2012.01.10 12:27:45.926,0.8088,0.8091,3.00,2.25
2012.01.10 12:27:46.315,0.8088,0.8091,3.00,2.25
2012.01.10 12:27:47.155,0.80879,0.80911,3.00,2.25
2012.01.10 12:27:55.136,0.80879,0.80911,3.00,2.25
2012.01.10 12:27:55.376,0.80884,0.80914,3.00,2.25
2012.01.10 12:27:58.497,0.80891,0.80917,2.25,2.25
2012.01.10 12:27:59.289,0.80894,0.80924,2.25,3.00
2012.01.10 12:28:02.147,0.80894,0.80924,3.00,2.25
2012.01.10 12:28:02.545,0.80901,0.80927,2.25,2.25
2012.01.10 12:28:08.414,0.809,0.80932,2.25,3.00
2012.01.10 12:28:10.316,0.809,0.80932,3.00,2.25
2012.01.10 12:28:10.434,0.80905,0.80935,2.25,3.60
2012.01.10 12:28:13.477,0.80905,0.80935,2.25,3.60
2012.01.10 12:28:13.696,0.80905,0.80935,2.25,3.60
2012.01.10 12:28:17.086,0.80909,0.80939,2.25,3.00
2012.01.10 12:28:17.435,0.80904,0.80936,2.25,3.00
2012.01.10 12:28:21.615,0.80904,0.80936,2.25,3.00
2012.01.10 12:28:21.819,0.809,0.80928,2.25,3.00
2012.01.10 12:28:34.516,0.80905,0.80931,2.25,3.00
2012.01.10 12:28:40.532,0.80902,0.8093,2.25,2.25
2012.01.10 12:28:40.602,0.80902,0.8093,2.25,3.00
2012.01.10 12:28:40.890,0.80902,0.8093,2.25,3.00
2012.01.10 12:28:41.609,0.80902,0.8093,2.25,3.00
2012.01.10 12:28:41.723,0.80902,0.8093,2.25,3.00
2012.01.10 12:28:42.423,0.80902,0.8093,2.25,3.00
2012.01.10 12:28:43.701,0.80902,0.8093,2.25,3.00
2012.01.10 12:28:44.058,0.80906,0.80936,2.25,3.00
2012.01.10 12:28:45.351,0.80906,0.80936,2.25,3.00
2012.01.10 12:28:46.978,0.80906,0.80936,2.25,3.75
2012.01.10 12:28:47.045,0.80902,0.8093,2.25,3.00
2012.01.10 12:28:51.276,0.80905,0.80936,2.25,1.50
2012.01.10 12:28:52.879,0.80905,0.80937,2.25,3.00
2012.01.10 12:28:52.944,0.80902,0.80932,2.25,2.25
2012.01.10 12:28:55.669,0.80902,0.80932,2.25,3.00
2012.01.10 12:28:55.938,0.80902,0.80932,2.25,2.25
2012.01.10 12:29:02.796,0.80906,0.80936,2.25,3.00
2012.01.10 12:29:07.110,0.80906,0.80936,2.25,3.00
2012.01.10 12:29:07.616,0.80902,0.80932,2.25,3.00
2012.01.10 12:29:07.697,0.80902,0.80932,2.25,2.25
2012.01.10 12:29:10.125,0.80902,0.80932,2.25,3.00
2012.01.10 12:29:10.304,0.80898,0.80928,2.25,2.25
2012.01.10 12:29:10.535,0.80901,0.80933,2.25,3.00
2012.01.10 12:29:11.766,0.80901,0.80933,3.00,3.00
2012.01.10 12:29:12.924,0.80901,0.80933,2.25,3.00
2012.01.10 12:29:13.528,0.80898,0.80928,2.25,2.25
2012.01.10 12:29:13.718,0.80904,0.80932,2.25,2.85
2012.01.10 12:29:14.173,0.80904,0.80932,2.25,2.25
2012.01.10 12:29:15.175,0.80901,0.80927,2.25,2.25
2012.01.10 12:29:18.353,0.80908,0.80937,2.25,1.50
2012.01.10 12:29:19.080,0.80908,0.80937,2.25,1.50
2012.01.10 12:29:19.326,0.80905,0.80935,2.25,3.00
2012.01.10 12:29:25.866,0.80901,0.80927,2.25,2.25
2012.01.10 12:29:29.275,0.80906,0.80932,2.25,2.25
2012.01.10 12:29:33.288,0.8091,0.80936,2.25,2.25
2012.01.10 12:29:33.476,0.80905,0.80933,2.25,2.25
2012.01.10 12:29:33.726,0.80901,0.80927,2.25,2.25
2012.01.10 12:29:35.049,0.80905,0.80935,2.25,3.00
2012.01.10 12:29:36.505,0.80909,0.80939,2.25,3.75
2012.01.10 12:29:37.080,0.80904,0.80932,2.25,2.25
2012.01.10 12:29:41.784,0.80901,0.80927,3.60,2.25
2012.01.10 12:29:43.318,0.80901,0.80927,3.00,2.25
2012.01.10 12:29:47.201,0.80901,0.80927,3.00,2.25
2012.01.10 12:29:47.468,0.80901,0.80927,3.00,2.25
2012.01.10 12:29:51.159,0.80901,0.80927,3.00,3.00
2012.01.10 12:29:51.225,0.80901,0.80923,2.25,2.48
2012.01.10 12:29:51.348,0.80886,0.80912,3.60,2.25
2012.01.10 12:29:51.557,0.8089,0.80918,3.00,2.25
2012.01.10 12:29:51.794,0.80893,0.80925,3.60,2.25
2012.01.10 12:29:54.249,0.80893,0.80925,2.25,3.00
2012.01.10 12:29:57.808,0.80893,0.80925,3.00,2.25
2012.01.10 12:30:04.475,0.80898,0.80928,2.25,3.00
2012.01.10 12:30:04.866,0.80894,0.80924,3.00,2.25
2012.01.10 12:30:07.984,0.80894,0.80924,2.25,3.00
2012.01.10 12:30:08.085,0.80891,0.80917,3.00,2.25
2012.01.10 12:30:08.735,0.80891,0.80917,3.00,2.25
2012.01.10 12:30:08.798,0.80893,0.80925,3.00,2.25
2012.01.10 12:30:09.458,0.80893,0.80925,2.25,3.00
2012.01.10 12:30:12.515,0.8089,0.80918,3.00,2.25
2012.01.10 12:30:12.796,0.80894,0.80924,2.25,3.00
2012.01.10 12:30:32.008,0.80894,0.80924,3.00,2.25
2012.01.10 12:30:32.837,0.80894,0.80924,2.25,3.00
2012.01.10 12:30:42.635,0.80891,0.80917,3.00,2.25
2012.01.10 12:30:56.069,0.80894,0.80924,2.25,3.00
2012.01.10 12:31:03.620,0.80894,0.80924,2.25,3.00
2012.01.10 12:31:03.749,0.80894,0.80924,2.25,3.75
2012.01.10 12:31:03.817,0.8089,0.8092,3.00,2.25
2012.01.10 12:31:03.888,0.8089,0.8092,3.00,2.25
2012.01.10 12:31:03.959,0.8089,0.8092,3.00,2.25
2012.01.10 12:31:04.330,0.80893,0.80919,3.00,2.25
2012.01.10 12:31:04.404,0.80893,0.80919,2.25,3.00
2012.01.10 12:31:05.076,0.80896,0.80925,2.25,1.35
2012.01.10 12:31:05.679,0.80896,0.80927,3.00,2.10
2012.01.10 12:31:05.860,0.80896,0.80928,3.00,3.00
2012.01.10 12:31:05.925,0.80901,0.80929,2.25,1.50
2012.01.10 12:31:11.755,0.80901,0.80931,3.00,2.25
2012.01.10 12:31:11.860,0.80901,0.80931,2.25,3.00
2012.01.10 12:31:11.983,0.80901,0.80931,3.00,2.25
2012.01.10 12:31:12.786,0.80901,0.80931,2.25,3.00
2012.01.10 12:31:13.127,0.80901,0.80931,3.00,2.25
2012.01.10 12:31:13.403,0.80901,0.80931,2.25,3.00
2012.01.10 12:31:14.288,0.80901,0.80928,2.25,1.50
2012.01.10 12:31:14.576,0.80888,0.8092,3.00,2.25
2012.01.10 12:31:14.778,0.80896,0.80928,2.25,4.35
2012.01.10 12:31:14.844,0.80896,0.80928,2.25,3.60
2012.01.10 12:31:15.538,0.80896,0.80928,3.00,2.25
2012.01.10 12:31:17.337,0.80893,0.80923,3.00,2.25
2012.01.10 12:31:17.420,0.80893,0.80923,2.25,3.00
2012.01.10 12:31:17.900,0.80893,0.80923,3.00,3.00
2012.01.10 12:31:27.285,0.80888,0.80916,3.00,2.25
2012.01.10 12:31:27.346,0.80888,0.80916,3.00,2.25
2012.01.10 12:31:27.466,0.80888,0.80916,3.00,2.25
2012.01.10 12:31:27.668,0.80888,0.80916,3.00,2.25
2012.01.10 12:31:27.737,0.80892,0.80924,3.00,3.00
2012.01.10 12:31:28.468,0.80888,0.80916,3.00,2.25
2012.01.10 12:31:33.400,0.80888,0.80916,3.00,2.25
2012.01.10 12:31:33.651,0.80892,0.8092,2.25,2.25
2012.01.10 12:31:33.953,0.80892,0.8092,3.00,2.25
2012.01.10 12:31:34.555,0.80892,0.8092,3.60,2.25
2012.01.10 12:31:34.840,0.80893,0.8092,1.35,2.25
2012.01.10 12:31:35.038,0.80892,0.8092,2.85,2.25
2012.01.10 12:31:38.260,0.80893,0.8092,1.35,2.25
2012.01.10 12:31:39.748,0.80897,0.80927,2.25,2.25
2012.01.10 12:31:45.675,0.80897,0.80927,2.25,3.38
2012.01.10 12:31:45.850,0.80888,0.8092,3.00,2.25
2012.01.10 12:31:45.917,0.80888,0.8092,3.00,2.25
2012.01.10 12:31:45.986,0.80893,0.80923,3.00,2.25
2012.01.10 12:31:46.486,0.80897,0.80927,2.25,2.25
2012.01.10 12:31:54.111,0.80893,0.80919,2.25,2.25
2012.01.10 12:32:13.414,0.80897,0.80925,2.25,2.85
2012.01.10 12:32:13.765,0.80892,0.8092,2.25,2.25
2012.01.10 12:32:20.332,0.80889,0.80915,3.00,2.25
2012.01.10 12:32:20.461,0.80884,0.80912,2.25,2.25
2012.01.10 12:32:20.989,0.80884,0.80912,3.00,2.25
2012.01.10 12:32:23.196,0.8088,0.80908,3.00,2.25
2012.01.10 12:32:23.897,0.8088,0.80908,3.00,2.25
2012.01.10 12:32:32.126,0.8088,0.80908,3.00,2.25
2012.01.10 12:32:33.143,0.8088,0.80908,3.00,2.25
2012.01.10 12:32:33.259,0.8088,0.80908,3.00,2.25
2012.01.10 12:32:33.680,0.8088,0.80908,3.00,2.25
2012.01.10 12:32:34.377,0.8088,0.80908,2.25,2.25
2012.01.10 12:32:34.567,0.80876,0.80904,3.00,2.25
2012.01.10 12:32:34.875,0.80873,0.80899,3.00,2.25
2012.01.10 12:32:35.370,0.80873,0.80899,2.25,2.25
2012.01.10 12:32:35.555,0.80868,0.80896,3.00,2.25
2012.01.10 12:32:35.919,0.80868,0.80896,3.00,2.25
2012.01.10 12:32:36.105,0.80873,0.80899,3.00,2.25
2012.01.10 12:32:44.656,0.80873,0.80899,3.00,2.25
2012.01.10 12:32:45.607,0.80873,0.80899,3.00,2.25
2012.01.10 12:32:45.875,0.80876,0.80904,3.00,2.25
2012.01.10 12:32:45.981,0.80876,0.80904,3.00,2.25
2012.01.10 12:32:46.157,0.80876,0.80904,3.00,2.25
2012.01.10 12:32:48.965,0.80876,0.80904,3.00,3.00
2012.01.10 12:32:49.347,0.80873,0.80899,3.00,2.25
2012.01.10 12:32:49.930,0.80873,0.80899,3.00,2.25
2012.01.10 12:32:49.995,0.80873,0.80899,3.00,2.25
2012.01.10 12:32:52.230,0.80873,0.80899,3.00,2.25
2012.01.10 12:32:52.507,0.80878,0.80904,3.00,2.25
2012.01.10 12:32:52.700,0.80877,0.80907,3.00,2.25
2012.01.10 12:32:54.637,0.80877,0.80907,3.00,2.25
2012.01.10 12:32:54.850,0.80889,0.80914,2.25,2.25
2012.01.10 12:32:55.319,0.80894,0.80919,2.25,3.00
2012.01.10 12:32:55.616,0.80896,0.80924,2.25,1.50
2012.01.10 12:32:55.685,0.80896,0.80924,2.25,1.50
2012.01.10 12:32:55.839,0.80894,0.80919,2.25,3.00
2012.01.10 12:32:58.169,0.80894,0.80919,3.00,2.25
2012.01.10 12:32:58.394,0.80894,0.80919,3.00,2.25
2012.01.10 12:32:58.857,0.80896,0.80928,2.25,3.00
2012.01.10 12:32:58.922,0.80904,0.8093,2.25,2.25
2012.01.10 12:32:59.051,0.80899,0.80927,2.25,2.25
2012.01.10 12:33:01.343,0.80899,0.80927,3.00,2.25
2012.01.10 12:33:01.650,0.80899,0.80927,3.00,2.25
2012.01.10 12:33:01.718,0.80899,0.80927,3.00,2.25
2012.01.10 12:33:01.848,0.80905,0.80931,2.25,2.25
2012.01.10 12:33:02.425,0.8091,0.80936,2.25,2.25
2012.01.10 12:33:03.019,0.8091,0.80936,2.25,3.00
2012.01.10 12:33:03.479,0.8091,0.80936,2.25,2.25
2012.01.10 12:33:03.967,0.8091,0.80936,2.25,3.00
2012.01.10 12:33:04.612,0.8091,0.80936,2.25,2.25
2012.01.10 12:33:05.410,0.80905,0.80933,1.50,2.25
2012.01.10 12:33:05.481,0.80904,0.80933,1.35,2.25
2012.01.10 12:33:05.682,0.80904,0.80933,1.35,2.25
2012.01.10 12:33:05.988,0.8091,0.80936,3.00,2.25
2012.01.10 12:33:06.628,0.80913,0.80945,2.25,3.00
2012.01.10 12:33:06.721,0.80913,0.80945,2.25,3.00
2012.01.10 12:33:06.873,0.80913,0.80945,2.25,3.00
2012.01.10 12:33:07.416,0.80913,0.80941,2.25,2.10
2012.01.10 12:33:08.308,0.8092,0.80945,2.10,2.25
2012.01.10 12:33:08.844,0.80921,0.80946,1.35,2.25
2012.01.10 12:33:08.919,0.80921,0.80955,1.35,3.00
2012.01.10 12:33:09.231,0.80921,0.80955,2.10,2.25
2012.01.10 12:33:10.084,0.80921,0.80955,1.35,3.00
2012.01.10 12:33:10.979,0.80921,0.80955,1.50,2.25
2012.01.10 12:33:12.051,0.80917,0.80955,3.00,3.00
2012.01.10 12:33:14.067,0.80921,0.80955,1.50,2.25
2012.01.10 12:33:17.906,0.80917,0.80955,3.75,3.00
2012.01.10 12:33:18.246,0.80917,0.80951,1.50,2.25
2012.01.10 12:33:18.527,0.80915,0.80951,1.50,2.25
2012.01.10 12:33:18.916,0.80913,0.80951,3.00,3.00
2012.01.10 12:33:18.986,0.80913,0.80951,2.25,3.00
2012.01.10 12:33:19.119,0.80911,0.80943,3.75,2.25
2012.01.10 12:33:22.869,0.80911,0.80943,3.75,2.25
2012.01.10 12:33:23.205,0.80918,0.80944,2.25,2.25
2012.01.10 12:33:23.455,0.80921,0.80953,3.00,2.25
2012.01.10 12:33:24.798,0.80918,0.80948,2.25,2.25
2012.01.10 12:33:25.191,0.80918,0.80948,3.00,2.25
2012.01.10 12:33:25.439,0.80921,0.80953,3.00,2.25
2012.01.10 12:33:25.996,0.80921,0.80953,2.25,3.00
2012.01.10 12:33:32.930,0.80917,0.80945,3.00,2.25
2012.01.10 12:33:33.705,0.80917,0.80945,3.00,2.25
2012.01.10 12:33:33.791,0.80917,0.80945,2.25,2.25
2012.01.10 12:33:33.858,0.80922,0.80948,2.25,2.25
2012.01.10 12:33:35.400,0.80917,0.80945,2.25,2.25
2012.01.10 12:33:35.585,0.80914,0.8094,2.25,2.25
2012.01.10 12:33:38.397,0.80907,0.80939,3.00,2.25
2012.01.10 12:33:41.889,0.80911,0.80943,2.25,3.00
2012.01.10 12:33:42.430,0.80911,0.80943,3.00,3.00
2012.01.10 12:33:43.079,0.80911,0.80943,2.25,3.00
2012.01.10 12:33:45.538,0.80911,0.80943,2.25,3.00
2012.01.10 12:33:45.611,0.80907,0.80939,3.00,2.25
2012.01.10 12:33:46.598,0.80907,0.80939,3.00,2.25
2012.01.10 12:33:48.187,0.80907,0.80939,2.25,2.25
2012.01.10 12:33:51.987,0.80907,0.80939,2.25,3.00
2012.01.10 12:33:52.472,0.80911,0.80943,2.25,3.00
2012.01.10 12:33:53.177,0.80911,0.80943,2.25,3.00
2012.01.10 12:33:53.387,0.80907,0.80939,3.00,2.25
2012.01.10 12:33:58.425,0.80907,0.80939,3.00,3.00
2012.01.10 12:33:58.938,0.80911,0.80943,2.25,3.00
2012.01.10 12:34:00.212,0.80911,0.80943,2.63,3.00
2012.01.10 12:34:00.314,0.80911,0.80943,3.38,2.25
2012.01.10 12:34:00.380,0.8092,0.8095,2.25,3.00
2012.01.10 12:34:01.151,0.80919,0.80951,2.25,3.00
2012.01.10 12:34:01.222,0.80923,0.80955,2.25,3.00
2012.01.10 12:34:01.541,0.80923,0.80955,2.25,3.00
2012.01.10 12:34:01.701,0.80923,0.80955,2.25,3.00
2012.01.10 12:34:02.049,0.80916,0.80942,2.25,2.25
2012.01.10 12:34:02.337,0.80919,0.80947,2.25,3.00
2012.01.10 12:34:02.846,0.80915,0.80943,2.25,3.00
2012.01.10 12:34:02.910,0.80915,0.80943,2.25,3.00
2012.01.10 12:34:03.137,0.80911,0.80939,2.25,3.00
2012.01.10 12:34:03.998,0.8092,0.80946,2.25,3.00
2012.01.10 12:34:04.204,0.80912,0.80938,2.25,2.25
2012.01.10 12:34:10.819,0.80907,0.80935,2.25,2.25
2012.01.10 12:34:11.159,0.80907,0.80935,3.00,2.25
2012.01.10 12:34:14.412,0.80907,0.80935,3.00,2.25
2012.01.10 12:34:16.818,0.80907,0.80935,3.00,2.25
2012.01.10 12:34:17.967,0.80913,0.80939,2.25,2.85
2012.01.10 12:34:18.157,0.80908,0.80934,3.00,2.25
2012.01.10 12:34:18.228,0.80908,0.80934,2.25,2.25
2012.01.10 12:34:18.435,0.80908,0.80934,3.00,2.25
2012.01.10 12:34:19.459,0.80908,0.80934,2.25,2.25
2012.01.10 12:34:19.982,0.80908,0.80934,2.25,3.00
2012.01.10 12:34:20.247,0.80903,0.80931,3.00,2.25
2012.01.10 12:34:20.559,0.80908,0.80934,2.25,2.25
2012.01.10 12:34:21.110,0.80913,0.80939,2.25,3.00
2012.01.10 12:34:21.610,0.80909,0.80935,2.25,2.25
2012.01.10 12:34:22.649,0.80913,0.80939,2.25,3.00
2012.01.10 12:34:22.870,0.80908,0.80936,2.25,2.25
2012.01.10 12:34:23.648,0.80908,0.80936,2.25,3.00
2012.01.10 12:34:23.838,0.80904,0.8093,2.25,2.25
2012.01.10 12:34:31.878,0.80904,0.8093,2.25,3.00
2012.01.10 12:34:32.059,0.80904,0.8093,2.25,2.25
2012.01.10 12:34:33.159,0.80904,0.8093,2.25,3.00
2012.01.10 12:34:34.007,0.80904,0.8093,2.25,2.25
2012.01.10 12:34:34.458,0.80907,0.80935,2.25,3.00
2012.01.10 12:34:51.613,0.80901,0.80933,3.00,2.25
2012.01.10 12:34:51.742,0.80904,0.8093,2.25,2.25
2012.01.10 12:34:52.465,0.80904,0.8093,3.00,2.25
2012.01.10 12:34:53.808,0.80904,0.8093,2.25,2.85
2012.01.10 12:34:53.876,0.80899,0.80925,3.00,2.25
2012.01.10 12:34:54.162,0.80899,0.80925,2.25,2.25
2012.01.10 12:34:54.268,0.80899,0.80925,3.00,2.25
2012.01.10 12:34:54.629,0.80899,0.80925,2.25,2.25
2012.01.10 12:34:56.256,0.80893,0.80921,3.00,2.25
2012.01.10 12:34:56.711,0.80889,0.80918,1.35,2.25
2012.01.10 12:34:59.087,0.80886,0.80918,3.00,2.85
2012.01.10 12:35:00.912,0.80886,0.80918,3.00,2.85
2012.01.10 12:35:01.249,0.80886,0.80918,3.00,2.85
2012.01.10 12:35:07.533,0.80886,0.80918,3.00,2.25
2012.01.10 12:35:08.687,0.80886,0.80918,3.00,2.25
2012.01.10 12:35:09.397,0.80886,0.80918,3.00,2.25
2012.01.10 12:35:09.468,0.80886,0.80917,3.00,2.48
2012.01.10 12:35:09.953,0.80879,0.8091,3.00,2.25
2012.01.10 12:35:10.175,0.80875,0.80907,3.00,2.25
2012.01.10 12:35:10.386,0.80875,0.80907,3.00,2.25
2012.01.10 12:35:11.777,0.80875,0.80907,3.00,2.25
2012.01.10 12:35:11.906,0.80875,0.80907,3.00,2.25
2012.01.10 12:35:12.098,0.80875,0.80907,3.00,2.25
2012.01.10 12:35:12.286,0.80872,0.80902,3.00,2.25
2012.01.10 12:35:17.254,0.80876,0.80906,3.00,2.25
2012.01.10 12:35:17.319,0.80876,0.80906,3.00,2.25
2012.01.10 12:35:17.779,0.80879,0.8091,3.00,2.85
2012.01.10 12:35:24.837,0.80876,0.80906,3.00,2.25
2012.01.10 12:35:26.826,0.80876,0.80906,3.00,2.25
2012.01.10 12:35:27.491,0.80876,0.80906,3.00,2.25
2012.01.10 12:35:27.692,0.80872,0.80902,3.00,2.25
2012.01.10 12:35:31.499,0.80872,0.80902,3.00,2.25
2012.01.10 12:35:31.927,0.80872,0.80902,3.00,2.25
2012.01.10 12:35:34.440,0.80872,0.80902,3.00,2.25
2012.01.10 12:35:34.620,0.80876,0.80906,3.00,2.25
2012.01.10 12:35:34.746,0.80879,0.8091,3.00,2.85
2012.01.10 12:35:34.806,0.80879,0.8091,3.00,2.25
2012.01.10 12:35:35.199,0.80879,0.8091,3.00,2.25
2012.01.10 12:35:35.428,0.80879,0.8091,3.00,2.25
2012.01.10 12:35:38.726,0.80879,0.8091,3.00,2.25
2012.01.10 12:35:39.129,0.80879,0.8091,3.00,2.25
2012.01.10 12:35:41.873,0.80879,0.8091,3.00,2.25
2012.01.10 12:35:42.977,0.80879,0.8091,3.00,2.25
2012.01.10 12:35:43.084,0.80879,0.8091,3.00,2.25
2012.01.10 12:35:43.762,0.80879,0.8091,3.00,3.23
2012.01.10 12:35:44.148,0.80871,0.80903,3.00,2.25
2012.01.10 12:35:44.438,0.80871,0.80903,3.00,2.25
2012.01.10 12:35:45.026,0.80878,0.80904,3.00,2.25
2012.01.10 12:35:48.225,0.80878,0.80904,3.00,2.25
2012.01.10 12:35:48.370,0.80882,0.80909,3.00,2.10
2012.01.10 12:35:48.804,0.80878,0.80904,2.25,2.25
2012.01.10 12:35:50.197,0.80878,0.80904,3.00,2.25
2012.01.10 12:35:50.329,0.80881,0.80909,3.00,4.35
2012.01.10 12:35:50.551,0.80878,0.80904,2.25,2.25
2012.01.10 12:35:50.905,0.80882,0.80908,3.00,2.85
2012.01.10 12:35:52.536,0.80878,0.80904,2.25,2.25
2012.01.10 12:35:53.453,0.80874,0.809,3.00,2.25
2012.01.10 12:35:57.397,0.80874,0.809,3.00,2.25
2012.01.10 12:35:57.530,0.80885,0.80913,3.00,2.25
2012.01.10 12:35:57.809,0.8089,0.80916,2.25,2.85
2012.01.10 12:35:58.144,0.80885,0.80913,3.00,2.25
2012.01.10 12:35:58.454,0.80885,0.80913,2.25,3.00
2012.01.10 12:36:05.979,0.80885,0.80913,3.00,2.25
2012.01.10 12:36:06.371,0.8089,0.80918,3.00,2.25
2012.01.10 12:36:06.640,0.8089,0.80918,2.25,3.00
2012.01.10 12:36:08.252,0.8089,0.80917,2.25,2.10
2012.01.10 12:36:08.365,0.80886,0.80912,3.00,2.25
2012.01.10 12:36:09.408,0.80886,0.80912,3.00,2.25
2012.01.10 12:36:11.119,0.80886,0.80912,3.00,2.25
2012.01.10 12:36:11.481,0.80886,0.80912,3.00,2.85
2012.01.10 12:36:11.552,0.80879,0.8091,3.00,2.85
2012.01.10 12:36:18.986,0.80879,0.8091,3.00,2.25
2012.01.10 12:36:21.355,0.80879,0.8091,3.00,2.25
2012.01.10 12:36:22.929,0.80884,0.80913,3.00,2.25
2012.01.10 12:36:23.151,0.80884,0.80913,3.00,2.25
2012.01.10 12:36:23.330,0.80884,0.80913,2.25,3.00
2012.01.10 12:36:25.909,0.80884,0.80913,3.00,2.25
2012.01.10 12:36:26.727,0.80884,0.80913,2.25,3.00
2012.01.10 12:36:27.328,0.80879,0.8091,3.00,2.25
2012.01.10 12:36:27.398,0.80879,0.8091,2.25,2.25
2012.01.10 12:36:33.080,0.80884,0.80913,2.25,3.00
2012.01.10 12:36:34.000,0.80884,0.80913,2.25,3.00
2012.01.10 12:36:34.480,0.80884,0.80913,2.25,2.25
2012.01.10 12:36:35.667,0.80884,0.80913,3.00,2.25
2012.01.10 12:36:35.887,0.80884,0.80913,2.25,2.25
2012.01.10 12:36:37.029,0.8089,0.80916,2.25,3.00
2012.01.10 12:36:37.135,0.8089,0.80916,2.25,2.25
2012.01.10 12:36:38.453,0.8089,0.80916,2.25,3.00
2012.01.10 12:36:46.159,0.8089,0.80916,2.25,2.25
2012.01.10 12:36:46.291,0.8089,0.80916,2.25,3.00
2012.01.10 12:36:56.468,0.8089,0.80916,2.25,2.25
2012.01.10 12:36:56.863,0.8089,0.80916,2.25,3.00
2012.01.10 12:36:57.685,0.8089,0.80916,2.25,3.00
2012.01.10 12:36:57.750,0.80885,0.80911,2.25,2.25
2012.01.10 12:36:57.877,0.80885,0.80911,2.25,3.00
2012.01.10 12:36:57.968,0.80885,0.80911,2.25,2.25
2012.01.10 12:36:59.139,0.80885,0.80911,3.00,2.25
2012.01.10 12:36:59.234,0.80885,0.80911,2.25,2.25
2012.01.10 12:37:01.821,0.80885,0.80911,3.00,2.25
2012.01.10 12:37:02.269,0.80881,0.80907,3.00,2.25
2012.01.10 12:37:02.669,0.80877,0.80903,3.00,2.25
2012.01.10 12:37:03.372,0.80877,0.80903,3.00,2.25
2012.01.10 12:37:03.437,0.80872,0.809,3.00,2.25
2012.01.10 12:37:03.507,0.80872,0.809,2.25,2.25
2012.01.10 12:37:04.956,0.80872,0.809,3.00,2.25
2012.01.10 12:37:05.077,0.80877,0.80903,2.25,2.85
2012.01.10 12:37:05.167,0.80877,0.80903,3.00,2.85
2012.01.10 12:37:05.446,0.80877,0.80903,3.00,2.25
2012.01.10 12:37:05.628,0.80881,0.80907,2.25,2.85
2012.01.10 12:37:06.707,0.80881,0.80907,3.00,2.25
2012.01.10 12:37:06.828,0.80881,0.80907,3.00,2.25
2012.01.10 12:37:06.901,0.80881,0.80907,3.00,2.25
2012.01.10 12:37:06.965,0.80886,0.80915,3.00,1.13
2012.01.10 12:37:07.029,0.80886,0.80916,3.00,2.25
2012.01.10 12:37:07.238,0.80892,0.80918,2.25,3.00
2012.01.10 12:37:07.994,0.80892,0.80922,3.00,2.25
2012.01.10 12:37:14.616,0.80892,0.80922,2.25,3.00
2012.01.10 12:37:14.858,0.80887,0.80915,2.25,2.25
2012.01.10 12:37:16.194,0.80887,0.80915,3.00,2.25
2012.01.10 12:37:16.271,0.80893,0.80919,2.25,2.85
2012.01.10 12:37:16.340,0.80889,0.80915,3.00,2.25
2012.01.10 12:37:16.408,0.80889,0.80915,2.25,2.25
2012.01.10 12:37:16.748,0.80885,0.80912,2.25,2.25
2012.01.10 12:37:16.888,0.80885,0.80912,3.00,2.25
2012.01.10 12:37:22.246,0.80892,0.8092,3.00,2.25
2012.01.10 12:37:22.466,0.80892,0.8092,3.00,2.25
2012.01.10 12:37:22.686,0.80896,0.80924,2.25,3.00
2012.01.10 12:37:23.068,0.80891,0.80919,3.00,2.25
2012.01.10 12:37:23.918,0.80891,0.80919,3.00,2.25
2012.01.10 12:37:25.397,0.80891,0.80919,3.00,2.25
2012.01.10 12:37:25.547,0.80887,0.80915,3.00,2.25
2012.01.10 12:37:28.087,0.80887,0.80915,2.25,2.25
2012.01.10 12:37:28.596,0.80887,0.80915,3.00,2.25
2012.01.10 12:37:28.927,0.80887,0.80915,3.00,2.25
2012.01.10 12:37:29.058,0.80892,0.8092,3.00,2.25
2012.01.10 12:37:29.127,0.80892,0.8092,3.00,2.25
2012.01.10 12:37:29.256,0.80899,0.80924,3.00,2.25
2012.01.10 12:37:29.559,0.80902,0.80932,2.25,2.25
2012.01.10 12:37:29.627,0.80902,0.80932,3.00,2.25
2012.01.10 12:37:30.058,0.80904,0.80932,1.50,2.25
2012.01.10 12:37:30.133,0.80907,0.80936,1.50,2.25
2012.01.10 12:37:30.846,0.80906,0.80936,3.00,3.00
2012.01.10 12:37:30.908,0.80906,0.80936,2.25,3.00
2012.01.10 12:37:31.391,0.80906,0.80936,3.00,2.25
2012.01.10 12:37:31.455,0.80909,0.80939,2.25,1.35
2012.01.10 12:37:32.644,0.80909,0.80939,2.25,1.35
2012.01.10 12:37:32.856,0.80905,0.80937,2.25,3.00
2012.01.10 12:37:33.096,0.80906,0.80932,2.25,4.35
2012.01.10 12:37:33.182,0.80903,0.80928,2.25,2.25
2012.01.10 12:37:37.081,0.809,0.8093,3.00,2.85
2012.01.10 12:37:40.723,0.80897,0.80927,1.50,2.25
2012.01.10 12:37:40.867,0.80897,0.80927,1.50,2.25
2012.01.10 12:37:42.193,0.80895,0.80927,3.00,2.25
2012.01.10 12:37:42.946,0.80898,0.80924,1.50,2.25
2012.01.10 12:37:43.119,0.80898,0.80929,1.50,2.25
2012.01.10 12:37:46.924,0.80897,0.80929,3.00,3.00
2012.01.10 12:37:49.716,0.80901,0.80933,2.25,3.00
2012.01.10 12:37:50.496,0.80901,0.80933,3.00,3.00
2012.01.10 12:37:56.480,0.80898,0.80924,3.00,2.25
2012.01.10 12:37:56.781,0.80898,0.80924,2.25,2.25
2012.01.10 12:37:58.216,0.80898,0.80924,3.00,2.25
2012.01.10 12:37:58.456,0.80898,0.80924,2.25,3.00
2012.01.10 12:38:01.576,0.80898,0.80928,2.25,2.25
2012.01.10 12:38:05.668,0.80898,0.80928,3.00,2.25
2012.01.10 12:38:06.173,0.80898,0.80928,2.25,2.25
2012.01.10 12:38:12.099,0.80898,0.80928,3.00,2.25
2012.01.10 12:38:12.168,0.80898,0.80928,2.25,2.25
2012.01.10 12:38:18.411,0.80898,0.80928,3.00,2.25
2012.01.10 12:38:18.629,0.80898,0.80928,2.25,2.25
2012.01.10 12:38:19.902,0.80898,0.80928,3.00,2.25
2012.01.10 12:38:22.098,0.809,0.80938,1.50,3.00
2012.01.10 12:38:22.318,0.80898,0.80938,3.00,3.00
2012.01.10 12:38:22.410,0.80898,0.80936,2.25,1.50
2012.01.10 12:38:22.678,0.80898,0.80933,2.25,1.13
2012.01.10 12:38:23.216,0.80894,0.8092,3.00,2.25
2012.01.10 12:38:26.537,0.80894,0.8092,2.25,2.25
2012.01.10 12:38:28.275,0.80894,0.8092,3.00,2.25
2012.01.10 12:38:28.335,0.80898,0.80924,2.25,2.25
2012.01.10 12:38:33.095,0.80898,0.80924,2.85,2.25
2012.01.10 12:38:33.436,0.809,0.80924,1.50,2.25
2012.01.10 12:38:33.747,0.80899,0.80924,1.35,2.25
2012.01.10 12:38:33.920,0.80905,0.80933,2.25,3.00
2012.01.10 12:38:34.048,0.80899,0.80931,2.85,3.00
2012.01.10 12:38:36.215,0.80899,0.80931,2.25,3.00
2012.01.10 12:38:36.277,0.80896,0.80926,2.25,2.25
2012.01.10 12:38:36.979,0.80892,0.80918,2.25,2.25
2012.01.10 12:38:41.236,0.80888,0.80914,3.00,2.25
2012.01.10 12:38:43.840,0.80895,0.80923,3.00,2.25
2012.01.10 12:38:44.130,0.80895,0.80923,2.25,3.00
2012.01.10 12:38:44.946,0.80895,0.80923,3.00,2.25
2012.01.10 12:38:49.377,0.80895,0.80923,2.25,2.25
2012.01.10 12:38:49.744,0.80895,0.80923,3.00,2.25
2012.01.10 12:38:49.806,0.809,0.80928,2.25,1.35
2012.01.10 12:38:49.928,0.809,0.80927,2.25,1.35
2012.01.10 12:38:50.328,0.809,0.80929,2.25,1.35
2012.01.10 12:38:51.465,0.80895,0.80927,3.00,2.85
2012.01.10 12:38:52.127,0.80895,0.80927,2.25,3.60
2012.01.10 12:38:52.681,0.80895,0.80927,3.00,2.85
2012.01.10 12:38:53.401,0.80895,0.80927,3.00,3.23
2012.01.10 12:38:53.468,0.80895,0.80926,2.25,1.13
2012.01.10 12:38:53.983,0.80887,0.80914,1.50,2.25
2012.01.10 12:38:54.041,0.80884,0.80914,3.00,2.25
2012.01.10 12:38:54.370,0.80879,0.80911,4.73,2.25
2012.01.10 12:38:54.771,0.80886,0.80912,3.00,2.25
2012.01.10 12:38:55.268,0.80886,0.80912,3.00,2.25
2012.01.10 12:38:59.138,0.80882,0.80908,3.75,2.25
2012.01.10 12:38:59.691,0.80885,0.80913,3.00,2.25
2012.01.10 12:39:00.751,0.80885,0.80913,3.00,2.25
2012.01.10 12:39:01.072,0.80885,0.80913,3.00,2.25
2012.01.10 12:39:03.213,0.80885,0.80913,3.00,2.25
2012.01.10 12:39:03.829,0.80885,0.80913,3.00,2.25
2012.01.10 12:39:04.695,0.80885,0.80913,3.00,2.25
2012.01.10 12:39:04.899,0.8089,0.80916,3.00,2.25
2012.01.10 12:39:08.011,0.8089,0.80916,2.25,2.25
2012.01.10 12:39:08.939,0.8089,0.80916,3.00,2.25
2012.01.10 12:39:09.296,0.80888,0.80914,1.35,2.25
2012.01.10 12:39:10.276,0.80885,0.80914,1.50,2.25
2012.01.10 12:39:10.330,0.80887,0.80919,3.00,2.25
2012.01.10 12:39:12.650,0.80887,0.80919,3.00,2.25
2012.01.10 12:39:12.776,0.80888,0.80928,3.00,3.00
2012.01.10 12:39:12.853,0.80888,0.80928,2.25,3.00
2012.01.10 12:39:13.842,0.80888,0.80918,2.25,2.25
2012.01.10 12:39:19.680,0.80888,0.80918,3.00,2.25
2012.01.10 12:39:19.750,0.80888,0.80918,2.25,2.25
2012.01.10 12:39:23.161,0.80888,0.80918,3.00,2.25
2012.01.10 12:39:23.374,0.8089,0.80923,3.00,2.25
2012.01.10 12:39:24.830,0.8089,0.80923,2.63,2.25
2012.01.10 12:39:25.130,0.80899,0.80931,2.25,3.00
2012.01.10 12:39:25.195,0.80899,0.80931,2.25,3.00
2012.01.10 12:39:27.945,0.80899,0.80931,3.00,2.25
2012.01.10 12:39:28.008,0.80901,0.80931,1.50,2.25
2012.01.10 12:39:28.628,0.80904,0.80934,2.25,3.00
2012.01.10 12:39:28.702,0.80903,0.80931,2.25,2.25
2012.01.10 12:39:29.189,0.80903,0.80931,2.25,3.00
2012.01.10 12:39:29.693,0.809,0.80926,2.25,2.25
2012.01.10 12:39:33.737,0.809,0.80926,3.00,2.25
2012.01.10 12:39:33.797,0.80904,0.8093,2.25,2.25
2012.01.10 12:39:36.419,0.80904,0.8093,3.00,2.25
2012.01.10 12:39:36.490,0.80908,0.80938,2.25,3.00
2012.01.10 12:39:39.936,0.80904,0.80934,3.00,3.00
2012.01.10 12:39:41.898,0.80904,0.80934,2.25,3.00
2012.01.10 12:39:41.968,0.80904,0.80934,3.00,2.25
2012.01.10 12:39:42.577,0.80904,0.80934,2.25,3.00
2012.01.10 12:39:47.749,0.80904,0.80934,3.00,2.25
2012.01.10 12:39:48.448,0.8091,0.80936,2.25,2.25
2012.01.10 12:39:52.087,0.80914,0.8094,2.25,3.00
2012.01.10 12:40:01.188,0.80914,0.8094,2.25,2.25
2012.01.10 12:40:04.409,0.80914,0.8094,2.85,2.25
2012.01.10 12:40:04.478,0.80917,0.80949,2.25,3.00
2012.01.10 12:40:04.716,0.80917,0.80949,2.25,3.00
2012.01.10 12:40:04.778,0.80919,0.80956,2.25,1.35
2012.01.10 12:40:05.126,0.80917,0.80949,2.25,3.00
2012.01.10 12:40:07.888,0.80916,0.8094,1.50,2.25
2012.01.10 12:40:08.453,0.80914,0.8094,2.25,2.25
2012.01.10 12:40:10.988,0.80914,0.8094,3.00,2.25
2012.01.10 12:40:12.858,0.80914,0.8094,2.25,2.25
2012.01.10 12:40:13.247,0.80914,0.8094,3.00,2.25
2012.01.10 12:40:14.167,0.80914,0.8094,2.25,2.25
2012.01.10 12:40:15.085,0.8091,0.80936,3.00,2.25
2012.01.10 12:40:15.757,0.8091,0.80936,2.25,2.25
2012.01.10 12:40:20.744,0.8091,0.80936,3.00,2.25
2012.01.10 12:40:21.009,0.80906,0.80932,2.25,2.25
2012.01.10 12:40:21.079,0.80902,0.80928,3.75,2.25
2012.01.10 12:40:21.407,0.80902,0.80928,3.00,2.25
2012.01.10 12:40:23.341,0.80898,0.80924,3.00,2.25
2012.01.10 12:40:25.217,0.80902,0.80928,3.00,2.25
2012.01.10 12:40:25.359,0.80902,0.80928,3.00,2.25
2012.01.10 12:40:25.565,0.80906,0.80932,3.00,2.25
2012.01.10 12:40:25.626,0.80906,0.80932,3.00,2.25
2012.01.10 12:40:25.976,0.80906,0.80932,3.00,2.25
2012.01.10 12:40:26.307,0.80902,0.80928,3.00,2.25
2012.01.10 12:40:26.393,0.80902,0.80928,3.00,2.25
2012.01.10 12:40:26.586,0.80899,0.80925,1.50,2.25
2012.01.10 12:40:26.985,0.80895,0.8092,1.50,2.25
2012.01.10 12:40:29.956,0.80894,0.8092,3.00,2.25
2012.01.10 12:40:30.149,0.80897,0.80925,3.00,2.25
2012.01.10 12:40:30.686,0.80897,0.80925,3.00,2.25
2012.01.10 12:40:30.974,0.80897,0.80925,3.00,2.25
2012.01.10 12:40:33.597,0.80901,0.80933,3.00,2.25
2012.01.10 12:40:33.667,0.80903,0.80933,1.50,2.25
2012.01.10 12:40:33.743,0.80903,0.80941,3.75,4.35
2012.01.10 12:40:33.807,0.80908,0.80941,1.35,2.25
2012.01.10 12:40:37.585,0.80906,0.80941,1.50,3.00
2012.01.10 12:40:37.812,0.80902,0.80932,3.75,2.25
2012.01.10 12:40:40.367,0.80913,0.8094,2.25,3.00
2012.01.10 12:40:41.000,0.80913,0.8094,2.25,2.25
2012.01.10 12:40:41.306,0.80909,0.80936,3.00,2.25
2012.01.10 12:40:42.236,0.80909,0.80936,2.25,2.25
2012.01.10 12:40:42.311,0.80914,0.80939,2.25,3.00
2012.01.10 12:40:43.250,0.80914,0.80938,2.25,2.10
2012.01.10 12:40:43.318,0.80903,0.80933,1.50,2.25
2012.01.10 12:40:43.447,0.80903,0.80933,1.50,2.25
2012.01.10 12:40:43.567,0.80907,0.80935,3.00,2.25
2012.01.10 12:40:43.658,0.80907,0.80935,2.25,2.25
2012.01.10 12:40:44.058,0.80903,0.80932,1.50,2.25
2012.01.10 12:40:44.647,0.80902,0.80932,3.00,2.25
2012.01.10 12:40:47.396,0.80902,0.80932,3.00,2.25
2012.01.10 12:40:47.455,0.80908,0.80934,2.25,2.25
2012.01.10 12:40:48.169,0.80908,0.80934,3.00,2.25
2012.01.10 12:40:48.466,0.80908,0.80934,2.25,2.25
2012.01.10 12:40:50.008,0.80908,0.80934,3.00,2.25
2012.01.10 12:40:52.715,0.80908,0.80934,2.25,2.25
2012.01.10 12:40:52.970,0.80908,0.80934,3.00,2.25
2012.01.10 12:40:57.249,0.80908,0.80934,2.25,2.25
2012.01.10 12:41:05.912,0.80908,0.80934,2.25,3.00
2012.01.10 12:41:09.731,0.80908,0.80934,2.25,3.00
2012.01.10 12:41:09.857,0.80898,0.80924,2.25,2.25
2012.01.10 12:41:13.360,0.80898,0.80924,3.00,2.25
2012.01.10 12:41:13.789,0.80902,0.80928,2.25,2.25
2012.01.10 12:41:16.006,0.80902,0.80928,4.13,2.25
2012.01.10 12:41:16.067,0.80903,0.80928,1.50,2.25
2012.01.10 12:41:16.126,0.80909,0.80937,2.25,2.25
2012.01.10 12:41:16.545,0.80905,0.80933,3.00,2.25
2012.01.10 12:41:16.786,0.80901,0.8093,1.35,2.25
2012.01.10 12:41:17.622,0.809,0.8093,3.00,2.25
2012.01.10 12:41:22.502,0.809,0.8093,2.25,3.00
2012.01.10 12:41:22.744,0.809,0.8093,3.00,2.25
2012.01.10 12:41:23.683,0.809,0.8093,2.25,3.00
2012.01.10 12:41:24.408,0.809,0.8093,3.75,2.25
2012.01.10 12:41:25.397,0.809,0.8093,3.00,3.00
2012.01.10 12:41:26.837,0.809,0.8093,3.00,2.25
2012.01.10 12:41:28.917,0.809,0.8093,2.25,3.00
2012.01.10 12:41:30.461,0.809,0.8093,3.00,2.25
2012.01.10 12:41:30.762,0.809,0.8093,3.00,3.00
2012.01.10 12:41:31.439,0.80901,0.8093,1.50,2.25
2012.01.10 12:41:35.839,0.80904,0.80934,2.25,2.25
2012.01.10 12:41:36.666,0.80899,0.80927,3.00,2.25
2012.01.10 12:41:36.726,0.80899,0.80927,3.00,2.25
2012.01.10 12:41:42.309,0.80895,0.80923,3.00,2.25
2012.01.10 12:41:42.639,0.809,0.80926,2.25,2.25
2012.01.10 12:41:49.306,0.80896,0.80922,3.00,2.25
2012.01.10 12:41:55.423,0.80899,0.80927,2.25,2.25
2012.01.10 12:42:01.557,0.80895,0.80923,3.00,2.25
2012.01.10 12:42:07.897,0.80895,0.80923,3.00,2.25
2012.01.10 12:42:08.017,0.80895,0.80923,2.25,2.25
2012.01.10 12:42:08.733,0.80891,0.80919,3.00,2.25
2012.01.10 12:42:09.600,0.80891,0.80919,3.00,2.25
2012.01.10 12:42:09.919,0.80888,0.80914,3.00,2.25
2012.01.10 12:42:10.779,0.80888,0.80914,3.00,2.25
2012.01.10 12:42:12.944,0.80888,0.80914,3.75,2.25
2012.01.10 12:42:13.329,0.80892,0.8092,3.00,2.25
2012.01.10 12:42:13.827,0.80897,0.80923,2.25,2.25
2012.01.10 12:42:15.692,0.80899,0.80923,2.10,2.25
2012.01.10 12:42:15.995,0.80904,0.80932,3.00,2.25
2012.01.10 12:42:18.367,0.80904,0.80932,3.00,2.25
2012.01.10 12:42:18.609,0.8091,0.80936,3.00,2.25
2012.01.10 12:42:18.856,0.80913,0.80945,3.00,2.25
2012.01.10 12:42:19.260,0.8092,0.80946,2.25,2.25
2012.01.10 12:42:19.647,0.80915,0.80941,3.00,2.25
2012.01.10 12:42:20.033,0.8091,0.80936,3.00,2.25
2012.01.10 12:42:20.320,0.80913,0.80941,2.25,2.25
2012.01.10 12:42:20.390,0.80913,0.80941,3.00,2.25
2012.01.10 12:42:20.741,0.80907,0.80933,1.50,2.25
2012.01.10 12:42:20.812,0.80907,0.80937,1.50,2.25
2012.01.10 12:42:20.906,0.80907,0.80937,1.50,2.25
2012.01.10 12:42:20.969,0.80909,0.80941,3.00,2.25
2012.01.10 12:42:21.097,0.80912,0.80938,3.00,2.25
2012.01.10 12:42:21.279,0.80916,0.80946,3.00,2.25
2012.01.10 12:42:21.717,0.80911,0.80946,1.50,2.25
2012.01.10 12:42:22.583,0.80909,0.80946,2.10,2.63
2012.01.10 12:42:22.895,0.80906,0.80937,1.50,2.25
2012.01.10 12:42:23.559,0.80912,0.80938,2.25,2.25
2012.01.10 12:42:23.970,0.8091,0.8094,3.00,2.25
2012.01.10 12:42:24.672,0.8091,0.8094,3.00,2.25
2012.01.10 12:42:25.195,0.8091,0.8094,3.00,2.25
2012.01.10 12:42:27.019,0.8091,0.8094,2.25,2.25
2012.01.10 12:42:27.086,0.80913,0.80945,2.25,3.00
2012.01.10 12:42:27.490,0.80909,0.80937,3.00,2.25
2012.01.10 12:42:27.850,0.80914,0.8094,2.25,2.25
2012.01.10 12:42:28.328,0.80914,0.8094,3.00,2.25
2012.01.10 12:42:29.411,0.80914,0.8094,3.00,2.25
2012.01.10 12:42:30.009,0.80914,0.8094,2.25,2.25
2012.01.10 12:42:36.792,0.80914,0.8094,3.00,2.25
2012.01.10 12:42:37.610,0.80914,0.8094,2.25,2.25
2012.01.10 12:42:42.190,0.8091,0.80936,2.25,2.25
2012.01.10 12:42:42.696,0.8091,0.80936,3.00,2.25
2012.01.10 12:42:42.760,0.80914,0.80944,2.25,2.25
2012.01.10 12:42:47.402,0.80914,0.80944,2.25,3.00
2012.01.10 12:42:47.621,0.80914,0.80944,2.25,3.00
2012.01.10 12:42:47.969,0.80914,0.80944,2.25,3.00
2012.01.10 12:42:48.039,0.80907,0.80934,1.13,2.25
2012.01.10 12:42:48.117,0.80913,0.80945,2.25,3.00
2012.01.10 12:42:48.671,0.80906,0.80943,1.50,3.00
2012.01.10 12:42:49.511,0.80907,0.80943,1.50,3.00
2012.01.10 12:42:51.550,0.80908,0.80943,1.50,2.25
2012.01.10 12:42:51.888,0.80911,0.80948,1.50,3.00
2012.01.10 12:43:04.345,0.80907,0.80944,1.50,3.00
2012.01.10 12:43:05.122,0.80909,0.80944,1.50,2.25
2012.01.10 12:43:05.189,0.80907,0.80944,1.50,3.00
2012.01.10 12:43:05.259,0.80909,0.80944,1.50,2.25
2012.01.10 12:43:07.464,0.80909,0.80948,1.50,2.25
2012.01.10 12:43:08.259,0.80908,0.80948,3.00,3.00
2012.01.10 12:43:13.584,0.80909,0.80948,1.50,3.00
2012.01.10 12:43:13.888,0.80908,0.80938,3.00,2.25
2012.01.10 12:43:18.931,0.80908,0.80938,3.00,2.25
2012.01.10 12:43:19.137,0.80908,0.80938,3.00,2.25
2012.01.10 12:43:20.866,0.80913,0.80941,2.25,2.25
2012.01.10 12:43:21.055,0.80907,0.80939,3.00,2.25
2012.01.10 12:43:21.393,0.80914,0.8094,3.00,2.25
2012.01.10 12:43:21.460,0.80914,0.8094,2.25,2.25
2012.01.10 12:43:25.051,0.80914,0.8094,2.63,2.25
2012.01.10 12:43:25.387,0.80928,0.80953,2.25,1.35
2012.01.10 12:43:25.549,0.80928,0.80953,2.25,1.35
2012.01.10 12:43:26.113,0.80918,0.80948,3.00,2.25
2012.01.10 12:43:26.177,0.80918,0.80948,3.00,2.25
2012.01.10 12:43:28.578,0.80918,0.80948,2.25,2.25
2012.01.10 12:43:28.768,0.80914,0.8094,3.00,2.25
2012.01.10 12:43:29.537,0.80914,0.8094,2.25,2.25
2012.01.10 12:43:29.952,0.80914,0.8094,3.00,2.25
2012.01.10 12:43:36.830,0.80914,0.8094,2.25,2.25
2012.01.10 12:43:37.001,0.80914,0.8094,3.00,2.25
2012.01.10 12:43:37.565,0.80914,0.8094,2.25,2.25
2012.01.10 12:43:37.628,0.80914,0.8094,3.00,2.25
2012.01.10 12:43:38.089,0.80914,0.8094,2.25,2.25
2012.01.10 12:43:40.515,0.80914,0.8094,3.00,2.25
2012.01.10 12:43:41.800,0.80914,0.8094,3.00,2.25
2012.01.10 12:43:48.649,0.80914,0.8094,3.00,2.25
2012.01.10 12:43:48.872,0.80914,0.8094,3.00,2.25
2012.01.10 12:43:52.658,0.80914,0.8094,3.00,2.25
2012.01.10 12:43:52.733,0.80914,0.8094,2.25,2.25
2012.01.10 12:43:52.876,0.8091,0.80936,3.00,2.25
2012.01.10 12:43:59.641,0.8091,0.80936,3.00,2.25
2012.01.10 12:44:07.535,0.8091,0.80936,3.00,2.25
2012.01.10 12:44:07.687,0.8091,0.80936,3.00,2.25
2012.01.10 12:44:12.088,0.80913,0.80945,3.00,2.25
2012.01.10 12:44:12.810,0.80909,0.80937,3.00,2.25
2012.01.10 12:44:24.189,0.80909,0.80937,3.00,2.25
2012.01.10 12:44:24.618,0.80909,0.80937,3.00,2.25
2012.01.10 12:44:27.418,0.80909,0.80937,3.75,2.25
2012.01.10 12:44:27.625,0.80913,0.80941,3.00,2.25
2012.01.10 12:44:30.226,0.80917,0.80945,3.00,2.25
2012.01.10 12:44:30.577,0.80917,0.80945,3.00,2.25
2012.01.10 12:44:30.683,0.80917,0.80945,3.00,2.25
2012.01.10 12:44:32.659,0.80917,0.80945,3.00,2.25
2012.01.10 12:44:32.788,0.80921,0.80949,3.00,2.25
2012.01.10 12:44:33.869,0.80926,0.80952,3.00,2.25
2012.01.10 12:44:33.936,0.80926,0.80952,3.00,2.25
2012.01.10 12:44:34.546,0.80926,0.80952,3.00,2.25
2012.01.10 12:44:34.621,0.8093,0.80956,2.25,2.25
2012.01.10 12:44:35.310,0.80925,0.80953,3.00,2.25
2012.01.10 12:44:35.548,0.8093,0.80956,2.25,2.25
2012.01.10 12:44:37.485,0.80926,0.80952,3.00,2.25
2012.01.10 12:44:39.948,0.80922,0.80948,3.00,2.25
2012.01.10 12:44:40.140,0.80922,0.80948,3.00,2.25
2012.01.10 12:44:42.117,0.80922,0.80948,3.00,2.25
2012.01.10 12:44:42.295,0.80925,0.80953,3.00,2.25
2012.01.10 12:44:42.588,0.80922,0.80948,3.00,2.25
2012.01.10 12:44:43.822,0.80922,0.80948,2.25,2.25
2012.01.10 12:44:44.700,0.8092,0.80945,2.10,2.25
2012.01.10 12:44:45.031,0.80921,0.80949,3.00,2.25
2012.01.10 12:44:45.199,0.80921,0.80949,3.00,2.25
2012.01.10 12:44:45.380,0.80921,0.80949,3.00,2.25
2012.01.10 12:44:49.377,0.80921,0.80949,3.00,2.25
2012.01.10 12:44:50.478,0.80921,0.80949,3.00,2.25
2012.01.10 12:44:54.110,0.80921,0.80949,3.00,2.25
2012.01.10 12:44:58.508,0.80921,0.80949,3.00,2.25
2012.01.10 12:44:58.579,0.8092,0.80945,1.35,2.25
2012.01.10 12:44:59.110,0.80917,0.80945,3.00,2.25
2012.01.10 12:45:00.114,0.80914,0.8094,3.00,2.25
2012.01.10 12:45:00.570,0.80914,0.8094,3.00,2.25
2012.01.10 12:45:01.497,0.80914,0.8094,3.00,2.25
2012.01.10 12:45:01.810,0.80914,0.8094,3.00,2.25
2012.01.10 12:45:02.207,0.80911,0.80943,3.00,2.85
2012.01.10 12:45:02.469,0.80913,0.80952,1.35,2.85
2012.01.10 12:45:02.539,0.80913,0.80952,1.35,2.85
2012.01.10 12:45:03.121,0.80922,0.80952,3.00,2.85
2012.01.10 12:45:03.194,0.80929,0.80954,3.00,2.25
2012.01.10 12:45:03.864,0.80929,0.80954,2.25,2.25
2012.01.10 12:45:04.430,0.80929,0.80954,2.25,3.00
2012.01.10 12:45:04.881,0.80922,0.80952,3.60,2.25
2012.01.10 12:45:05.073,0.80928,0.80955,2.25,2.25
2012.01.10 12:45:05.621,0.80922,0.80952,3.60,2.25
2012.01.10 12:45:08.039,0.80925,0.80957,3.00,2.25
2012.01.10 12:45:08.368,0.80925,0.80957,2.25,3.00
2012.01.10 12:45:08.587,0.80921,0.80953,3.75,2.25
2012.01.10 12:45:09.398,0.80921,0.80953,3.00,2.25
2012.01.10 12:45:09.527,0.80921,0.80953,3.00,2.25
2012.01.10 12:45:10.234,0.80928,0.80955,2.25,2.25
2012.01.10 12:45:10.407,0.80922,0.80952,3.00,2.25
2012.01.10 12:45:12.877,0.80922,0.80952,3.75,2.25
2012.01.10 12:45:13.692,0.80929,0.80954,2.25,2.25
2012.01.10 12:45:13.826,0.80922,0.80953,1.50,2.25
2012.01.10 12:45:13.887,0.80921,0.80953,3.75,2.25
2012.01.10 12:45:14.981,0.80921,0.80953,3.00,2.25
2012.01.10 12:45:15.141,0.80921,0.80953,3.00,2.25
2012.01.10 12:45:15.362,0.80928,0.80955,2.25,2.25
2012.01.10 12:45:15.798,0.80933,0.80958,2.25,3.00
2012.01.10 12:45:16.135,0.80928,0.80955,2.25,2.25
2012.01.10 12:45:16.197,0.80924,0.80953,1.50,2.25
2012.01.10 12:45:16.738,0.80928,0.80955,2.25,2.25
2012.01.10 12:45:17.377,0.80928,0.80955,3.00,2.25
2012.01.10 12:45:17.891,0.80922,0.80952,3.00,2.25
2012.01.10 12:45:18.109,0.80922,0.80952,3.60,2.25
2012.01.10 12:45:18.179,0.80928,0.80955,2.25,2.25
2012.01.10 12:45:18.792,0.80925,0.80951,2.25,2.25
2012.01.10 12:45:19.110,0.80926,0.80951,1.35,2.25
2012.01.10 12:45:19.178,0.80928,0.80968,3.00,3.60
2012.01.10 12:45:21.135,0.80928,0.80968,3.75,3.00
2012.01.10 12:45:21.716,0.80928,0.80968,3.00,3.00
2012.01.10 12:45:22.070,0.80928,0.80963,1.50,2.25
2012.01.10 12:45:22.449,0.80928,0.80963,1.50,2.25
2012.01.10 12:45:23.072,0.80934,0.80964,3.00,2.25
2012.01.10 12:45:23.228,0.80934,0.80964,2.25,3.00
2012.01.10 12:45:23.444,0.8093,0.8096,3.00,2.25
2012.01.10 12:45:24.536,0.80937,0.80963,2.25,2.25
2012.01.10 12:45:24.875,0.80941,0.80967,2.25,2.25
2012.01.10 12:45:24.960,0.80933,0.80965,3.00,2.25
2012.01.10 12:45:25.029,0.80933,0.80965,2.25,3.00
2012.01.10 12:45:25.678,0.80933,0.80963,2.25,1.35
2012.01.10 12:45:26.046,0.80931,0.80959,3.00,2.25
2012.01.10 12:45:26.167,0.80937,0.80959,1.35,2.25
2012.01.10 12:45:26.286,0.80951,0.80975,2.25,1.50
2012.01.10 12:45:26.604,0.80946,0.80974,2.25,3.00
2012.01.10 12:45:26.668,0.80946,0.80974,2.25,3.00
2012.01.10 12:45:26.990,0.80941,0.80969,2.25,3.00
2012.01.10 12:45:27.981,0.80941,0.80969,3.00,2.25
2012.01.10 12:45:28.514,0.80941,0.80969,2.25,3.00
2012.01.10 12:45:28.669,0.80941,0.80969,2.25,3.00
2012.01.10 12:45:29.990,0.80941,0.80969,2.25,3.00
2012.01.10 12:45:30.769,0.80941,0.80969,2.25,3.00
2012.01.10 12:45:32.126,0.80941,0.80969,2.25,3.00
2012.01.10 12:45:32.318,0.80937,0.80965,2.25,3.00
2012.01.10 12:45:33.401,0.80937,0.80963,2.25,2.10
2012.01.10 12:45:34.546,0.8093,0.80956,2.25,3.00
2012.01.10 12:45:35.280,0.80933,0.8096,2.25,1.35
2012.01.10 12:45:35.347,0.80929,0.80957,2.25,3.00
2012.01.10 12:45:35.491,0.80929,0.80957,2.25,2.25
2012.01.10 12:45:38.197,0.80929,0.80957,2.25,3.00
2012.01.10 12:45:38.841,0.80929,0.80957,2.25,2.25
2012.01.10 12:45:44.178,0.80929,0.80957,2.25,3.00
2012.01.10 12:45:44.401,0.80929,0.80957,2.25,2.25
2012.01.10 12:45:46.240,0.80934,0.8096,2.25,3.60
2012.01.10 12:45:46.507,0.80929,0.80957,2.25,2.25
2012.01.10 12:45:48.960,0.80929,0.80957,2.25,3.00
2012.01.10 12:45:49.181,0.80929,0.80957,2.25,2.25
2012.01.10 12:45:50.727,0.80929,0.80957,2.25,3.00
2012.01.10 12:45:55.329,0.80929,0.80957,2.85,3.00
2012.01.10 12:45:55.895,0.80938,0.80964,2.25,3.00
2012.01.10 12:45:55.965,0.80938,0.80962,2.25,1.35
2012.01.10 12:45:56.247,0.80934,0.80964,2.25,3.00
2012.01.10 12:45:56.470,0.80938,0.80967,2.25,1.35
2012.01.10 12:45:56.819,0.80934,0.80964,2.25,3.00
2012.01.10 12:45:57.801,0.80934,0.80964,2.25,3.00
2012.01.10 12:45:58.327,0.80929,0.80961,2.25,3.00
2012.01.10 12:45:59.522,0.80934,0.80964,2.25,3.00
2012.01.10 12:46:00.130,0.80929,0.80961,2.25,3.00
2012.01.10 12:46:00.198,0.80929,0.80961,3.00,2.25
2012.01.10 12:46:00.456,0.80929,0.80961,2.25,3.00
2012.01.10 12:46:03.369,0.80925,0.80957,3.00,2.25
2012.01.10 12:46:04.328,0.80925,0.80957,2.25,3.00
2012.01.10 12:46:04.710,0.80925,0.80957,3.00,2.25
2012.01.10 12:46:04.850,0.8092,0.80955,1.50,2.25
2012.01.10 12:46:04.916,0.8092,0.80955,1.50,2.25
2012.01.10 12:46:06.391,0.8092,0.8096,3.00,3.00
2012.01.10 12:46:06.470,0.8092,0.8096,3.00,2.25
2012.01.10 12:46:06.735,0.80916,0.80956,3.00,3.00
2012.01.10 12:46:11.572,0.8092,0.8096,2.25,3.00
2012.01.10 12:46:12.078,0.80917,0.80955,3.00,3.00
2012.01.10 12:46:12.257,0.80912,0.80952,3.00,3.00
2012.01.10 12:46:13.538,0.80912,0.80952,3.00,2.25
2012.01.10 12:46:13.609,0.80917,0.80955,2.25,3.00
2012.01.10 12:46:15.683,0.8092,0.8096,2.25,3.00
2012.01.10 12:46:15.748,0.8092,0.8096,3.00,3.00
2012.01.10 12:46:16.281,0.80924,0.80964,3.00,2.25
2012.01.10 12:46:16.492,0.80924,0.80964,3.00,3.00
2012.01.10 12:46:17.230,0.80928,0.80968,2.25,3.00
2012.01.10 12:46:19.174,0.80925,0.80963,3.00,3.00
2012.01.10 12:46:19.461,0.80925,0.80963,2.25,3.00
2012.01.10 12:46:19.900,0.80925,0.80963,3.00,2.25
2012.01.10 12:46:22.378,0.80925,0.80963,2.25,3.00
2012.01.10 12:46:24.570,0.80925,0.80963,3.00,2.25
2012.01.10 12:46:25.669,0.80925,0.8096,3.00,1.13
2012.01.10 12:46:27.157,0.80921,0.80949,2.25,3.00
2012.01.10 12:46:27.530,0.80922,0.80948,3.00,2.25
2012.01.10 12:46:30.679,0.80922,0.80948,3.00,2.25
2012.01.10 12:46:30.867,0.80926,0.80952,3.00,2.25
2012.01.10 12:46:31.449,0.80926,0.80952,3.00,2.25
2012.01.10 12:46:31.519,0.80933,0.8096,2.25,2.25
2012.01.10 12:46:31.669,0.80933,0.8096,3.00,2.25
2012.01.10 12:46:32.149,0.80937,0.80964,2.25,2.25
2012.01.10 12:46:32.336,0.80934,0.80959,2.25,2.25
2012.01.10 12:46:38.878,0.80925,0.80953,3.60,2.25
2012.01.10 12:46:39.067,0.80929,0.80957,2.25,2.25
2012.01.10 12:46:43.750,0.80929,0.80957,3.00,2.25
2012.01.10 12:46:43.853,0.80929,0.80957,2.25,2.25
2012.01.10 12:46:44.887,0.80929,0.80957,3.00,2.25
2012.01.10 12:46:46.870,0.80929,0.80957,2.25,2.25
2012.01.10 12:46:48.410,0.80929,0.80957,3.00,2.25
2012.01.10 12:46:52.100,0.80929,0.80957,2.25,2.25
2012.01.10 12:46:52.868,0.80929,0.80957,3.00,2.25
2012.01.10 12:46:53.736,0.80929,0.80957,3.00,2.25
2012.01.10 12:46:53.923,0.80925,0.80953,3.60,2.25
2012.01.10 12:46:54.427,0.80925,0.80953,3.60,2.25
2012.01.10 12:46:55.191,0.80925,0.80953,3.00,2.25
2012.01.10 12:46:56.618,0.80925,0.80953,2.25,2.25
2012.01.10 12:46:58.521,0.80925,0.80953,3.00,2.25
2012.01.10 12:46:58.648,0.80925,0.80953,2.25,2.25
2012.01.10 12:47:00.190,0.80925,0.80953,3.00,2.25
2012.01.10 12:47:01.292,0.80925,0.80953,2.25,2.25
2012.01.10 12:47:01.908,0.80925,0.80953,3.00,2.25
2012.01.10 12:47:04.219,0.80925,0.80953,2.25,2.25
2012.01.10 12:47:06.200,0.80925,0.80953,3.00,2.25
2012.01.10 12:47:06.410,0.80921,0.80949,3.00,2.25
2012.01.10 12:47:08.949,0.80921,0.80949,3.00,2.25
2012.01.10 12:47:09.359,0.80921,0.80949,3.00,2.25
2012.01.10 12:47:10.495,0.80926,0.80952,3.00,2.25
2012.01.10 12:47:19.988,0.80922,0.80948,3.00,2.25
2012.01.10 12:47:22.210,0.80922,0.80948,3.00,2.25
2012.01.10 12:47:22.872,0.80926,0.80952,2.25,2.25
2012.01.10 12:47:28.930,0.80926,0.80952,3.00,2.25
2012.01.10 12:47:29.269,0.80934,0.80954,2.25,1.35
2012.01.10 12:47:29.372,0.80922,0.80948,2.25,2.25
2012.01.10 12:47:32.206,0.80922,0.80948,3.00,2.25
2012.01.10 12:47:32.418,0.80922,0.80948,3.00,2.25
2012.01.10 12:47:41.870,0.80915,0.80954,1.35,3.60
2012.01.10 12:47:47.422,0.80914,0.80954,2.85,3.60
2012.01.10 12:47:49.888,0.80914,0.80954,2.25,3.00
2012.01.10 12:47:50.097,0.80914,0.80954,3.00,3.00
2012.01.10 12:47:57.718,0.80914,0.80954,3.75,2.25
2012.01.10 12:47:58.172,0.80919,0.80957,3.00,2.25
2012.01.10 12:47:58.234,0.80919,0.80951,2.25,2.25
2012.01.10 12:47:58.911,0.80915,0.80947,3.00,2.25
2012.01.10 12:48:00.348,0.80915,0.80947,2.25,2.25
2012.01.10 12:48:00.451,0.80911,0.80943,3.00,2.25
2012.01.10 12:48:07.170,0.80911,0.80943,3.00,2.25
2012.01.10 12:48:07.709,0.80911,0.80943,3.00,2.25
2012.01.10 12:48:28.793,0.80908,0.80938,3.00,2.25
2012.01.10 12:48:33.104,0.80908,0.80938,3.00,2.25
2012.01.10 12:48:38.037,0.80912,0.80942,3.00,2.25
2012.01.10 12:48:40.430,0.80912,0.80942,2.25,2.25
2012.01.10 12:48:40.638,0.80916,0.80946,2.25,3.00
2012.01.10 12:48:41.030,0.80916,0.80946,2.25,2.25
2012.01.10 12:48:41.100,0.80912,0.80942,3.00,2.25
2012.01.10 12:48:41.741,0.80908,0.80938,3.00,2.25
2012.01.10 12:48:41.871,0.80908,0.80938,3.00,2.25
2012.01.10 12:48:41.964,0.80908,0.80938,3.00,2.25
2012.01.10 12:48:43.981,0.80908,0.80938,3.00,2.25
2012.01.10 12:48:45.419,0.80908,0.80938,3.00,2.25
2012.01.10 12:48:46.570,0.80908,0.80938,3.00,2.25
2012.01.10 12:48:47.940,0.80908,0.80938,2.25,3.00
2012.01.10 12:48:48.009,0.80908,0.80938,3.00,2.25
2012.01.10 12:48:48.176,0.80908,0.80938,2.25,2.25
2012.01.10 12:48:49.150,0.80908,0.80938,3.00,2.25
2012.01.10 12:48:51.415,0.80908,0.80938,3.00,2.25
2012.01.10 12:48:52.173,0.80908,0.80938,3.00,2.25
2012.01.10 12:48:52.948,0.80908,0.80948,3.00,3.00
2012.01.10 12:48:53.228,0.80908,0.80948,3.00,3.00
2012.01.10 12:48:53.514,0.80908,0.80948,3.00,2.25
2012.01.10 12:48:53.700,0.80915,0.80948,1.13,2.25
2012.01.10 12:48:55.205,0.80926,0.80952,2.25,2.25
2012.01.10 12:48:56.921,0.80926,0.80952,2.25,3.00
2012.01.10 12:48:57.419,0.80926,0.80952,2.25,2.25
2012.01.10 12:48:57.659,0.80926,0.80952,2.25,3.00
2012.01.10 12:48:57.879,0.80926,0.80952,2.25,2.25
2012.01.10 12:48:58.141,0.80926,0.80952,2.25,3.00
2012.01.10 12:48:58.209,0.8092,0.80948,2.25,2.25
2012.01.10 12:48:58.865,0.8092,0.80948,3.00,2.25
2012.01.10 12:48:59.282,0.80925,0.80953,2.25,4.35
2012.01.10 12:49:00.803,0.8092,0.80948,3.00,2.25
2012.01.10 12:49:04.363,0.8092,0.80948,2.25,3.00
2012.01.10 12:49:06.412,0.8092,0.80948,3.00,2.25
2012.01.10 12:49:07.244,0.8092,0.80948,2.25,3.00
2012.01.10 12:49:08.738,0.8092,0.80948,3.00,2.25
2012.01.10 12:49:11.642,0.8092,0.80948,3.00,2.25
2012.01.10 12:49:12.629,0.8092,0.80948,3.00,2.25
2012.01.10 12:49:12.849,0.8092,0.80948,3.00,2.25
2012.01.10 12:49:13.090,0.8092,0.80948,3.00,2.25
2012.01.10 12:49:14.556,0.8092,0.80948,3.00,2.25
2012.01.10 12:49:14.701,0.8092,0.80948,3.00,2.25
2012.01.10 12:49:14.768,0.8092,0.80948,3.00,2.25
2012.01.10 12:49:18.142,0.8092,0.80948,2.25,3.00
2012.01.10 12:49:18.370,0.8092,0.80948,3.00,2.25
2012.01.10 12:49:18.976,0.80912,0.80942,2.25,2.25
2012.01.10 12:49:19.100,0.80908,0.80938,3.00,2.25
2012.01.10 12:49:23.422,0.80908,0.80938,3.00,2.25
2012.01.10 12:49:26.837,0.80912,0.80942,3.00,2.25
2012.01.10 12:49:28.158,0.80912,0.80942,3.00,2.25
2012.01.10 12:49:29.762,0.80912,0.80942,3.00,2.25
2012.01.10 12:49:29.937,0.80912,0.80942,2.25,2.25
2012.01.10 12:49:30.154,0.80912,0.80942,3.00,2.25
2012.01.10 12:49:30.277,0.80915,0.80947,3.00,2.25
2012.01.10 12:49:30.558,0.80912,0.80942,3.00,2.25
2012.01.10 12:49:31.189,0.80912,0.80942,3.00,2.25
2012.01.10 12:49:31.629,0.80912,0.80942,3.00,2.25
2012.01.10 12:49:40.484,0.80912,0.80942,2.25,2.25
2012.01.10 12:49:45.032,0.80907,0.80939,3.00,2.25
2012.01.10 12:49:51.166,0.80907,0.80939,3.00,2.25
2012.01.10 12:49:51.830,0.80907,0.80939,3.00,2.25
2012.01.10 12:49:51.960,0.80907,0.80939,2.25,3.00
2012.01.10 12:49:52.095,0.80909,0.80937,2.25,2.25
2012.01.10 12:49:52.473,0.80911,0.80943,2.25,3.00
2012.01.10 12:49:55.368,0.80911,0.80943,2.25,3.00
2012.01.10 12:49:55.425,0.80908,0.80938,2.25,3.00
2012.01.10 12:49:56.466,0.80908,0.80938,3.00,3.00
2012.01.10 12:49:58.124,0.80916,0.80942,2.25,2.25
2012.01.10 12:50:10.069,0.80918,0.80948,2.25,2.25
2012.01.10 12:50:10.664,0.80918,0.80948,2.25,3.00
2012.01.10 12:50:10.941,0.80918,0.80948,2.25,2.25
2012.01.10 12:50:13.498,0.80921,0.80953,2.25,3.00
2012.01.10 12:50:15.392,0.80921,0.80953,3.00,3.00
2012.01.10 12:50:15.728,0.80919,0.80947,2.25,2.25
2012.01.10 12:50:16.980,0.80919,0.80947,2.25,3.00
2012.01.10 12:50:17.105,0.80916,0.80942,2.25,2.25
2012.01.10 12:50:17.818,0.80916,0.80942,3.00,2.25
2012.01.10 12:50:20.902,0.80916,0.80942,2.25,2.25
2012.01.10 12:50:21.990,0.80916,0.80942,3.00,2.25
2012.01.10 12:50:38.859,0.80916,0.80942,3.00,2.25
2012.01.10 12:50:38.928,0.80918,0.80948,3.00,2.25
2012.01.10 12:50:42.686,0.80916,0.80942,3.00,2.25
2012.01.10 12:50:42.747,0.80916,0.80942,3.00,2.25
2012.01.10 12:50:44.863,0.80916,0.80942,3.00,2.25
2012.01.10 12:50:45.058,0.80923,0.80951,2.25,2.25
2012.01.10 12:50:45.645,0.80923,0.80951,2.25,3.00
2012.01.10 12:50:46.735,0.80923,0.80951,2.25,2.25
2012.01.10 12:50:47.199,0.80923,0.80951,2.25,3.00
2012.01.10 12:50:47.497,0.80923,0.80951,2.25,2.25
2012.01.10 12:50:48.145,0.80923,0.80951,3.00,2.25
2012.01.10 12:50:48.217,0.80923,0.80951,2.25,2.25
2012.01.10 12:50:48.338,0.80927,0.80955,2.25,2.25
2012.01.10 12:50:50.709,0.80919,0.80947,2.25,2.25
2012.01.10 12:50:55.904,0.80924,0.80952,2.25,2.25
2012.01.10 12:50:57.076,0.80919,0.80947,2.25,2.25
2012.01.10 12:51:14.036,0.80923,0.80951,2.25,3.00
2012.01.10 12:51:14.669,0.8092,0.80946,2.25,2.25
2012.01.10 12:51:18.108,0.8092,0.80946,3.00,2.25
2012.01.10 12:51:18.328,0.80927,0.80955,2.25,3.00
2012.01.10 12:51:20.699,0.80927,0.80955,2.25,3.00
2012.01.10 12:51:24.666,0.80927,0.80955,2.25,3.00
2012.01.10 12:51:24.727,0.80927,0.80955,4.35,3.00
2012.01.10 12:51:25.369,0.80936,0.80962,2.25,3.00
2012.01.10 12:51:25.993,0.8094,0.80966,2.25,3.00
2012.01.10 12:51:26.063,0.80935,0.80963,2.25,2.25
2012.01.10 12:51:26.201,0.80935,0.80963,2.25,3.00
2012.01.10 12:51:27.859,0.80932,0.80958,2.25,2.25
2012.01.10 12:51:28.257,0.80927,0.80955,2.25,3.00
2012.01.10 12:51:28.530,0.80923,0.80951,2.25,2.25
2012.01.10 12:51:30.280,0.80923,0.80951,2.25,3.00
2012.01.10 12:51:38.685,0.80923,0.80951,2.25,3.00
2012.01.10 12:51:38.815,0.80923,0.80951,2.25,3.00
2012.01.10 12:51:40.385,0.80918,0.80944,2.25,2.25
2012.01.10 12:51:40.711,0.80917,0.80945,3.00,2.25
2012.01.10 12:51:40.780,0.80917,0.80945,2.25,2.25
2012.01.10 12:51:44.017,0.80917,0.80945,2.25,3.00
2012.01.10 12:51:49.398,0.80917,0.80945,2.25,2.25
2012.01.10 12:51:49.559,0.80921,0.80949,2.25,3.00
2012.01.10 12:51:52.808,0.80926,0.80952,2.25,2.25
2012.01.10 12:52:02.767,0.80927,0.80959,2.25,3.60
2012.01.10 12:52:05.205,0.80927,0.80959,2.25,3.00
2012.01.10 12:52:05.842,0.80925,0.80953,2.25,2.25
2012.01.10 12:52:06.049,0.80928,0.80958,2.25,3.00
2012.01.10 12:52:06.497,0.80928,0.80958,2.25,3.00
2012.01.10 12:52:06.840,0.80926,0.80952,2.25,2.25
2012.01.10 12:52:16.510,0.8093,0.80956,2.25,3.00
2012.01.10 12:52:31.918,0.8093,0.80956,2.25,3.00
2012.01.10 12:52:32.150,0.8093,0.80956,2.25,3.00
2012.01.10 12:52:35.167,0.80933,0.8096,2.25,3.00
2012.01.10 12:52:35.391,0.80933,0.8096,2.25,3.00
2012.01.10 12:52:38.192,0.80933,0.8096,2.25,2.25
2012.01.10 12:52:38.499,0.80933,0.8096,2.25,3.00
2012.01.10 12:52:38.589,0.80933,0.8096,2.25,2.25
2012.01.10 12:52:40.509,0.80938,0.80963,2.25,3.00
2012.01.10 12:52:45.092,0.80941,0.80968,2.25,3.00
2012.01.10 12:52:45.508,0.80933,0.8096,4.35,2.25
2012.01.10 12:52:49.851,0.80933,0.8096,4.35,3.00
2012.01.10 12:52:50.329,0.80938,0.80963,2.25,3.00
2012.01.10 12:52:53.267,0.80938,0.80963,2.25,2.25
2012.01.10 12:52:53.677,0.80933,0.8096,4.35,2.25
2012.01.10 12:52:55.500,0.80935,0.80966,2.85,3.00
2012.01.10 12:52:55.688,0.80935,0.80966,2.85,3.38
2012.01.10 12:52:55.869,0.80929,0.80961,2.25,3.00
2012.01.10 12:53:20.373,0.80929,0.80961,2.25,3.00
2012.01.10 12:53:20.630,0.80932,0.80958,2.25,2.25
2012.01.10 12:53:21.316,0.80928,0.80955,2.25,2.25
2012.01.10 12:53:21.557,0.80936,0.80962,2.25,2.25
2012.01.10 12:53:21.967,0.80936,0.80962,2.25,3.00
2012.01.10 12:53:22.027,0.80931,0.80959,2.25,3.00
2012.01.10 12:53:22.678,0.80931,0.80959,2.25,3.00
2012.01.10 12:53:22.829,0.80929,0.80954,2.25,2.25
2012.01.10 12:53:27.977,0.80929,0.80954,2.25,3.00
2012.01.10 12:53:28.540,0.80929,0.80954,2.25,2.25
2012.01.10 12:53:29.189,0.80934,0.80959,2.25,2.25
2012.01.10 12:53:32.746,0.80929,0.80957,2.25,2.25
2012.01.10 12:53:40.929,0.80929,0.80957,2.25,3.00
2012.01.10 12:53:41.701,0.80929,0.80957,2.25,2.25
2012.01.10 12:53:44.377,0.80929,0.80957,2.25,3.00
2012.01.10 12:53:48.297,0.80929,0.80957,2.25,2.25
2012.01.10 12:53:49.221,0.80929,0.80957,2.25,3.00
2012.01.10 12:53:49.767,0.80929,0.80955,2.25,1.13
2012.01.10 12:53:49.832,0.80921,0.80949,2.85,3.00
2012.01.10 12:53:50.479,0.80926,0.80952,2.25,3.00
2012.01.10 12:53:50.558,0.80926,0.80952,2.25,2.25
2012.01.10 12:53:51.492,0.80922,0.80948,2.25,2.25
2012.01.10 12:54:01.368,0.80917,0.80945,3.00,2.25
2012.01.10 12:54:01.727,0.80917,0.80945,2.25,2.25
2012.01.10 12:54:06.350,0.80921,0.80949,2.25,3.00
2012.01.10 12:54:11.193,0.8092,0.80948,2.25,2.25
2012.01.10 12:54:14.302,0.8092,0.80948,2.25,3.00
2012.01.10 12:54:14.383,0.80916,0.80944,2.25,3.00
2012.01.10 12:54:15.151,0.80916,0.80944,2.25,2.25
2012.01.10 12:54:16.581,0.80915,0.80941,2.25,2.25
2012.01.10 12:54:23.081,0.8092,0.80946,2.25,2.25
2012.01.10 12:54:23.400,0.80914,0.80942,2.25,2.25
2012.01.10 12:54:25.860,0.80914,0.80942,3.00,2.25
2012.01.10 12:54:27.405,0.80914,0.80942,2.25,2.25
2012.01.10 12:54:41.357,0.8091,0.80938,3.00,2.25
2012.01.10 12:54:42.005,0.8091,0.80938,2.25,2.25
2012.01.10 12:54:45.729,0.80914,0.80942,2.25,2.25
2012.01.10 12:54:46.603,0.80914,0.80942,2.25,3.00
2012.01.10 12:54:47.638,0.80914,0.80942,2.25,2.25
2012.01.10 12:54:50.341,0.80914,0.80942,2.25,3.00
2012.01.10 12:54:50.458,0.80914,0.80942,2.25,2.25
2012.01.10 12:54:54.900,0.80914,0.80942,2.25,3.00
2012.01.10 12:54:55.951,0.80914,0.80942,2.25,2.25
2012.01.10 12:55:22.958,0.80914,0.80942,3.00,2.25
2012.01.10 12:55:23.017,0.80918,0.80945,2.25,3.00
2012.01.10 12:55:23.358,0.80914,0.80942,2.25,2.25
2012.01.10 12:55:25.789,0.80914,0.80942,3.00,2.25
2012.01.10 12:55:27.097,0.80919,0.80944,2.25,2.25
2012.01.10 12:55:30.934,0.80914,0.80939,2.25,2.25
2012.01.10 12:55:31.317,0.80919,0.80944,2.25,3.00
2012.01.10 12:55:31.621,0.80913,0.8094,2.25,3.00
2012.01.10 12:55:32.070,0.8091,0.8094,2.25,3.75
2012.01.10 12:55:32.153,0.80907,0.80939,1.35,3.00
2012.01.10 12:55:32.281,0.80901,0.80939,3.00,3.00
2012.01.10 12:55:32.348,0.80901,0.80938,3.00,1.50
2012.01.10 12:55:33.020,0.80909,0.80939,2.25,1.50
2012.01.10 12:55:33.094,0.80901,0.80939,3.00,3.00
2012.01.10 12:55:37.059,0.80901,0.80939,3.00,3.00
2012.01.10 12:55:38.237,0.80901,0.80939,3.00,3.75
2012.01.10 12:55:39.481,0.80896,0.80936,3.00,3.00
2012.01.10 12:55:41.177,0.80893,0.80931,3.00,3.00
2012.01.10 12:55:41.327,0.80893,0.80931,3.00,3.00
2012.01.10 12:55:42.179,0.80893,0.80931,3.00,3.00
2012.01.10 12:55:43.440,0.80893,0.80931,3.00,3.00
2012.01.10 12:55:43.648,0.80893,0.80931,3.00,3.00
2012.01.10 12:55:44.099,0.80893,0.80931,3.00,3.00
2012.01.10 12:55:44.963,0.80893,0.80931,3.00,3.00
2012.01.10 12:55:45.389,0.80901,0.80933,2.25,3.00
2012.01.10 12:55:45.448,0.80901,0.80933,3.00,3.00
2012.01.10 12:55:45.993,0.80901,0.80933,3.00,3.00
2012.01.10 12:55:46.395,0.80901,0.80933,3.00,3.00
2012.01.10 12:55:46.463,0.80901,0.80933,3.00,3.00
2012.01.10 12:55:46.983,0.80901,0.80933,3.00,3.38
2012.01.10 12:55:47.108,0.80894,0.80924,3.60,2.25
2012.01.10 12:55:47.369,0.80907,0.80933,2.25,2.25
2012.01.10 12:55:47.490,0.80907,0.80933,3.00,2.25
2012.01.10 12:55:47.560,0.8091,0.80938,3.00,2.25
2012.01.10 12:55:48.768,0.80907,0.80933,3.00,2.25
2012.01.10 12:55:49.100,0.8091,0.80938,3.00,2.25
2012.01.10 12:55:51.222,0.8091,0.80938,3.00,2.25
2012.01.10 12:55:51.288,0.8091,0.80938,3.00,2.25
2012.01.10 12:55:51.422,0.8091,0.80938,2.25,2.25
2012.01.10 12:55:51.488,0.80906,0.80934,3.00,2.25
2012.01.10 12:55:58.792,0.80906,0.80934,2.25,2.25
2012.01.10 12:55:58.864,0.80906,0.80934,2.25,2.25
2012.01.10 12:55:59.642,0.80906,0.80934,2.25,2.25
2012.01.10 12:55:59.769,0.80902,0.8093,2.25,2.25
2012.01.10 12:56:01.322,0.80902,0.8093,2.25,2.25
2012.01.10 12:56:02.420,0.80902,0.8093,2.25,2.25
2012.01.10 12:56:02.902,0.80902,0.8093,2.25,2.25
2012.01.10 12:56:03.117,0.80902,0.8093,2.25,2.25
2012.01.10 12:56:03.987,0.80902,0.8093,1.50,2.25
2012.01.10 12:56:05.079,0.80903,0.80929,2.25,2.25
2012.01.10 12:56:06.267,0.80903,0.80929,3.00,2.25
2012.01.10 12:56:07.115,0.80903,0.80929,3.00,3.00
2012.01.10 12:56:09.969,0.80903,0.80929,3.00,3.00
2012.01.10 12:56:10.727,0.80903,0.80929,2.25,3.00
2012.01.10 12:56:10.958,0.80899,0.80925,3.00,2.25
2012.01.10 12:56:11.861,0.80895,0.80921,3.00,2.25
2012.01.10 12:56:12.860,0.80895,0.80921,3.00,2.25
2012.01.10 12:56:15.438,0.80895,0.80921,3.00,2.25
2012.01.10 12:56:16.138,0.80898,0.80926,3.00,2.25
2012.01.10 12:56:16.328,0.80894,0.80922,3.00,2.25
2012.01.10 12:56:16.679,0.80894,0.80922,3.00,2.25
2012.01.10 12:56:16.748,0.80894,0.80922,3.00,2.25
2012.01.10 12:56:22.708,0.80894,0.80922,3.00,2.25
2012.01.10 12:56:24.977,0.80894,0.80922,3.00,2.25
2012.01.10 12:56:25.417,0.80894,0.80922,3.00,2.25
2012.01.10 12:56:26.803,0.80894,0.80922,3.00,2.25
2012.01.10 12:56:27.173,0.80894,0.80922,3.00,2.25
2012.01.10 12:56:27.440,0.80894,0.80922,3.00,2.25
2012.01.10 12:56:28.935,0.80894,0.80922,3.00,3.00
2012.01.10 12:56:29.329,0.80894,0.80922,3.00,3.00
2012.01.10 12:56:29.639,0.80894,0.80922,3.00,3.00
2012.01.10 12:56:29.713,0.80894,0.80922,3.00,3.00
2012.01.10 12:56:33.892,0.80894,0.80922,3.00,3.00
2012.01.10 12:56:34.150,0.80894,0.80922,3.00,2.25
2012.01.10 12:56:34.218,0.80899,0.80925,3.00,2.25
2012.01.10 12:56:34.339,0.80894,0.80922,3.00,2.25
2012.01.10 12:56:35.747,0.80894,0.80922,3.00,3.00
2012.01.10 12:56:35.874,0.80894,0.80922,3.00,3.00
2012.01.10 12:56:38.241,0.80894,0.80922,3.00,2.25
2012.01.10 12:56:42.157,0.80894,0.80922,2.25,2.25
2012.01.10 12:56:42.421,0.80887,0.80919,3.38,2.25
2012.01.10 12:56:43.147,0.80887,0.80919,3.00,2.25
2012.01.10 12:56:44.124,0.80895,0.80921,3.00,2.25
2012.01.10 12:56:44.730,0.80895,0.80921,2.25,2.25
2012.01.10 12:56:49.914,0.80895,0.80921,3.00,2.25
2012.01.10 12:56:53.816,0.80895,0.80921,3.00,2.25
2012.01.10 12:56:56.169,0.80895,0.80921,3.00,2.25
2012.01.10 12:57:06.588,0.80899,0.80925,2.25,2.25
2012.01.10 12:57:06.944,0.80894,0.80922,3.00,2.25
2012.01.10 12:57:07.683,0.80894,0.80922,3.00,2.25
2012.01.10 12:57:08.122,0.80894,0.80922,3.00,2.25
2012.01.10 12:57:08.342,0.80894,0.80922,3.00,2.25
2012.01.10 12:57:15.828,0.80894,0.80922,3.00,2.25
2012.01.10 12:57:16.421,0.80894,0.80922,3.00,2.25
2012.01.10 12:57:17.581,0.80894,0.80922,3.00,2.25
2012.01.10 12:57:17.711,0.80894,0.80922,3.00,2.25
2012.01.10 12:57:19.389,0.80894,0.80922,3.00,2.25
2012.01.10 12:57:20.933,0.80894,0.80922,3.00,2.25
2012.01.10 12:57:21.652,0.80894,0.80922,3.00,2.25
2012.01.10 12:57:25.218,0.80894,0.80922,3.00,2.25
2012.01.10 12:57:25.554,0.80894,0.80922,3.00,2.25
2012.01.10 12:57:25.723,0.80894,0.80922,3.00,2.25
2012.01.10 12:57:25.882,0.80894,0.80922,3.00,2.25
2012.01.10 12:57:31.820,0.80894,0.80922,3.00,2.25
2012.01.10 12:57:33.031,0.80894,0.80922,3.00,2.25
2012.01.10 12:57:33.475,0.80894,0.80922,3.00,2.25
2012.01.10 12:57:35.620,0.80894,0.80922,3.00,2.25
2012.01.10 12:57:36.063,0.80894,0.80922,3.00,2.25
2012.01.10 12:57:36.177,0.80894,0.80922,3.00,2.25
2012.01.10 12:57:51.189,0.80887,0.80919,3.00,2.25
2012.01.10 12:57:53.513,0.80888,0.80919,1.13,2.25
2012.01.10 12:57:53.947,0.80894,0.80922,3.00,3.00
2012.01.10 12:57:54.846,0.80891,0.80917,3.00,2.25
2012.01.10 12:57:55.143,0.80891,0.80917,3.00,2.25
2012.01.10 12:57:55.212,0.80891,0.80917,3.00,2.25
2012.01.10 12:57:55.340,0.80887,0.80913,3.00,2.25
2012.01.10 12:57:55.410,0.80887,0.80913,3.00,2.25
2012.01.10 12:57:56.384,0.80883,0.80909,3.00,2.25
2012.01.10 12:57:57.300,0.80883,0.80909,3.00,2.25
2012.01.10 12:57:57.741,0.80879,0.80905,3.00,2.25
2012.01.10 12:57:57.797,0.80894,0.8092,2.25,3.00
2012.01.10 12:57:57.865,0.80894,0.8092,2.25,2.25
2012.01.10 12:57:57.932,0.80894,0.8092,3.00,2.25
2012.01.10 12:57:58.005,0.80893,0.80923,3.00,2.25
2012.01.10 12:57:58.106,0.80893,0.80923,3.00,2.25
2012.01.10 12:57:58.337,0.80895,0.80921,3.00,2.25
2012.01.10 12:57:58.465,0.80895,0.80921,2.25,2.25
2012.01.10 12:58:00.757,0.80895,0.80921,3.00,2.25
2012.01.10 12:58:01.240,0.80895,0.80921,3.00,2.25
2012.01.10 12:58:01.369,0.80899,0.80925,3.00,2.25
2012.01.10 12:58:03.386,0.80899,0.80925,2.25,2.25
2012.01.10 12:58:04.149,0.80892,0.80924,3.00,2.25
2012.01.10 12:58:04.944,0.80892,0.80924,3.00,3.00
2012.01.10 12:58:05.009,0.80888,0.80916,3.00,2.25
2012.01.10 12:58:05.336,0.80893,0.80919,3.00,2.25
2012.01.10 12:58:05.799,0.80888,0.80916,3.00,2.25
2012.01.10 12:58:05.862,0.80888,0.80916,3.00,2.25
2012.01.10 12:58:06.478,0.80888,0.80916,3.00,2.25
2012.01.10 12:58:08.124,0.80888,0.80916,2.25,2.25
2012.01.10 12:58:08.311,0.80885,0.80912,1.35,2.25
2012.01.10 12:58:09.926,0.80882,0.80912,3.00,2.25
2012.01.10 12:58:10.481,0.80882,0.80912,3.38,2.25
2012.01.10 12:58:10.549,0.80889,0.80915,3.00,2.25
2012.01.10 12:58:10.611,0.80889,0.80915,3.00,2.25
2012.01.10 12:58:10.956,0.80889,0.80915,3.00,2.25
2012.01.10 12:58:13.520,0.80889,0.80915,3.00,2.25
2012.01.10 12:58:13.709,0.80889,0.80915,3.00,2.25
2012.01.10 12:58:13.804,0.80893,0.80923,3.00,2.25
2012.01.10 12:58:14.172,0.80893,0.80923,3.00,2.63
2012.01.10 12:58:14.243,0.80885,0.80911,1.50,2.25
2012.01.10 12:58:14.480,0.80885,0.80915,3.00,2.25
2012.01.10 12:58:16.890,0.80885,0.80915,3.00,2.25
2012.01.10 12:58:17.539,0.8088,0.80912,3.00,2.25
2012.01.10 12:58:17.877,0.80884,0.80916,3.00,2.25
2012.01.10 12:58:18.281,0.80884,0.80916,3.00,2.25
2012.01.10 12:58:18.391,0.80884,0.80916,3.00,2.25
2012.01.10 12:58:18.699,0.80884,0.80916,3.00,2.25
2012.01.10 12:58:18.768,0.80881,0.80907,3.00,2.25
2012.01.10 12:58:19.173,0.80883,0.80909,3.00,2.25
2012.01.10 12:58:19.798,0.80883,0.80909,3.00,2.25
2012.01.10 12:58:19.953,0.80887,0.80913,3.00,2.25
2012.01.10 12:58:20.019,0.80887,0.80913,3.00,2.25
2012.01.10 12:58:20.231,0.80887,0.80913,3.00,2.25
2012.01.10 12:58:20.422,0.80891,0.80913,1.13,2.25
2012.01.10 12:58:20.937,0.80902,0.8093,2.25,2.85
2012.01.10 12:58:21.007,0.80899,0.80925,3.00,2.25
2012.01.10 12:58:22.160,0.80899,0.80925,2.25,2.25
2012.01.10 12:58:23.984,0.80899,0.80925,3.00,2.25
2012.01.10 12:58:24.737,0.80899,0.80925,2.25,2.25
2012.01.10 12:58:24.800,0.80895,0.80921,3.00,2.25
2012.01.10 12:58:25.868,0.80895,0.80921,3.00,2.25
2012.01.10 12:58:27.121,0.80899,0.80929,2.25,3.00
2012.01.10 12:58:28.051,0.80899,0.80929,3.00,2.25
2012.01.10 12:58:28.757,0.80903,0.80933,2.25,2.25
2012.01.10 12:58:29.098,0.80899,0.80929,3.00,2.25
2012.01.10 12:58:29.157,0.80899,0.80929,2.25,3.00
2012.01.10 12:58:29.280,0.80895,0.80921,3.00,2.25
2012.01.10 12:58:29.613,0.80895,0.80921,2.25,2.25
2012.01.10 12:58:29.859,0.80899,0.80925,2.25,2.25
2012.01.10 12:58:33.598,0.80902,0.8093,2.25,3.00
2012.01.10 12:58:33.853,0.80902,0.8093,3.00,2.25
2012.01.10 12:58:33.952,0.80902,0.8093,2.25,2.25
2012.01.10 12:58:34.211,0.80902,0.8093,2.25,3.00
2012.01.10 12:58:34.348,0.80902,0.8093,3.00,2.25
2012.01.10 12:58:34.470,0.80898,0.80926,3.00,2.25
2012.01.10 12:58:34.675,0.80898,0.80926,2.25,2.25
2012.01.10 12:58:34.787,0.80898,0.80926,3.00,2.25
2012.01.10 12:58:36.141,0.80898,0.80926,3.00,2.25
2012.01.10 12:58:36.330,0.80902,0.80934,2.25,5.10
2012.01.10 12:58:36.710,0.80902,0.80934,2.25,3.00
2012.01.10 12:58:36.830,0.809,0.80931,3.00,2.25
2012.01.10 12:58:39.399,0.809,0.80931,2.25,3.00
2012.01.10 12:58:39.902,0.80892,0.80924,3.00,2.25
2012.01.10 12:58:39.971,0.80898,0.80926,3.00,2.25
2012.01.10 12:58:41.290,0.80895,0.80921,3.00,2.25
2012.01.10 12:58:41.479,0.80898,0.80926,3.00,2.25
2012.01.10 12:58:42.037,0.80895,0.80921,3.00,2.25
2012.01.10 12:58:42.271,0.80895,0.80921,3.00,2.25
2012.01.10 12:58:42.339,0.80899,0.80925,2.25,2.25
2012.01.10 12:58:42.400,0.80899,0.80925,3.00,2.25
2012.01.10 12:58:42.800,0.80894,0.80922,3.00,2.25
2012.01.10 12:58:44.290,0.80894,0.80922,3.00,2.25
2012.01.10 12:58:44.644,0.80894,0.80922,3.00,2.25
2012.01.10 12:58:44.732,0.8089,0.80918,3.00,2.25
2012.01.10 12:58:45.662,0.8089,0.80918,3.00,2.25
2012.01.10 12:58:45.731,0.80894,0.80922,3.00,2.25
2012.01.10 12:58:47.111,0.80898,0.80926,3.00,4.35
2012.01.10 12:58:47.432,0.80898,0.80926,3.00,2.25
2012.01.10 12:58:49.953,0.80898,0.80926,3.00,2.25
2012.01.10 12:58:50.371,0.80898,0.80926,3.00,2.25
2012.01.10 12:58:51.629,0.80898,0.80926,3.00,2.25
2012.01.10 12:58:51.703,0.80898,0.80926,3.00,2.25
2012.01.10 12:58:52.113,0.80898,0.80926,3.00,2.25
2012.01.10 12:58:56.508,0.80895,0.80921,3.00,2.25
2012.01.10 12:58:56.749,0.80895,0.80921,2.25,2.25
2012.01.10 12:58:56.821,0.80886,0.80914,3.00,2.25
2012.01.10 12:58:57.143,0.80891,0.80917,3.00,2.25
2012.01.10 12:58:57.237,0.80891,0.80917,3.00,2.25
2012.01.10 12:58:57.301,0.80885,0.80915,3.00,2.25
2012.01.10 12:58:59.471,0.80885,0.80915,3.00,2.25
2012.01.10 12:59:00.676,0.80885,0.80915,3.00,2.25
2012.01.10 12:59:01.029,0.8089,0.80918,3.00,2.25
2012.01.10 12:59:03.692,0.8089,0.80918,3.00,2.25
2012.01.10 12:59:04.270,0.8089,0.80918,3.00,2.25
2012.01.10 12:59:04.600,0.80884,0.80916,3.00,2.25
2012.01.10 12:59:04.670,0.80884,0.80916,3.00,2.25
2012.01.10 12:59:04.972,0.80884,0.80916,3.00,2.25
2012.01.10 12:59:05.188,0.80888,0.8092,3.00,2.25
2012.01.10 12:59:05.608,0.80893,0.80923,3.00,2.25
2012.01.10 12:59:06.949,0.80888,0.8092,3.00,2.25
2012.01.10 12:59:07.038,0.80892,0.80924,3.00,2.25
2012.01.10 12:59:07.716,0.80892,0.80924,2.25,3.00
2012.01.10 12:59:07.837,0.80888,0.8092,3.00,2.25
2012.01.10 12:59:08.329,0.80884,0.80916,3.00,2.25
2012.01.10 12:59:11.818,0.80889,0.80919,3.00,2.25
2012.01.10 12:59:11.885,0.80884,0.80916,3.00,2.25
2012.01.10 12:59:15.087,0.80884,0.80916,3.00,2.25
2012.01.10 12:59:15.198,0.80881,0.80907,3.00,2.25
2012.01.10 12:59:19.073,0.80885,0.80911,3.00,2.25
2012.01.10 12:59:20.179,0.80885,0.80911,3.00,2.25
2012.01.10 12:59:20.599,0.80892,0.8092,2.25,2.25
2012.01.10 12:59:20.948,0.80893,0.8092,1.88,2.25
2012.01.10 12:59:21.139,0.80901,0.80927,2.25,2.85
2012.01.10 12:59:21.358,0.80897,0.80923,3.00,2.25
2012.01.10 12:59:21.778,0.80897,0.80922,3.00,2.10
2012.01.10 12:59:22.109,0.80887,0.80911,1.35,2.25
2012.01.10 12:59:22.165,0.80893,0.80919,2.25,2.25
2012.01.10 12:59:22.481,0.80888,0.80916,3.00,2.25
2012.01.10 12:59:26.068,0.80888,0.80916,2.25,2.25
2012.01.10 12:59:26.168,0.80888,0.80916,3.00,2.25
2012.01.10 12:59:28.337,0.80888,0.80916,2.25,2.25
2012.01.10 12:59:28.399,0.80888,0.80916,3.00,2.25
2012.01.10 12:59:29.153,0.80888,0.80916,2.25,2.25
2012.01.10 12:59:29.592,0.80888,0.80916,3.00,2.25
2012.01.10 12:59:29.918,0.80892,0.8092,2.25,2.25
2012.01.10 12:59:34.360,0.80896,0.80924,2.25,3.00
2012.01.10 12:59:36.006,0.80893,0.80919,2.25,2.25
2012.01.10 12:59:36.307,0.809,0.80928,2.25,2.25
2012.01.10 12:59:36.461,0.809,0.80928,2.25,3.00
2012.01.10 12:59:36.532,0.80897,0.80923,2.25,3.00
2012.01.10 12:59:37.040,0.80893,0.80919,2.25,2.25
2012.01.10 12:59:39.082,0.80885,0.80917,3.00,2.25
2012.01.10 12:59:39.267,0.80885,0.80917,3.00,2.25
2012.01.10 12:59:39.630,0.80885,0.80917,3.00,2.25
2012.01.10 12:59:40.831,0.80894,0.80924,3.00,2.25
2012.01.10 12:59:40.951,0.80894,0.80924,2.25,3.00
2012.01.10 12:59:41.019,0.8089,0.80921,1.35,2.25
2012.01.10 12:59:41.811,0.80885,0.80917,3.00,2.25
2012.01.10 12:59:52.969,0.8089,0.8092,3.00,2.25
2012.01.10 12:59:53.277,0.8089,0.8092,2.25,3.00
2012.01.10 12:59:53.401,0.8089,0.8092,3.00,2.25
2012.01.10 12:59:53.738,0.80885,0.80917,3.00,2.25
2012.01.10 12:59:53.797,0.80885,0.80917,3.00,2.25
2012.01.10 12:59:53.999,0.8089,0.8092,2.25,3.00
2012.01.10 12:59:54.821,0.80886,0.80916,3.00,2.25
2012.01.10 12:59:55.239,0.8089,0.8092,2.25,3.00
2012.01.10 12:59:56.707,0.80885,0.80917,3.00,2.25
2012.01.10 12:59:56.890,0.80885,0.80917,2.25,3.00
2012.01.10 12:59:57.480,0.80885,0.80917,3.00,2.25
2012.01.10 12:59:59.670,0.80885,0.80917,3.00,2.25
