2011.03.15 15:00:01.808,0.72027,0.72079,1.32,1.09
2011.03.15 15:00:02.029,0.72027,0.72074,1.09,1.32
2011.03.15 15:00:02.578,0.72021,0.72069,1.09,1.32
2011.03.15 15:00:03.171,0.72021,0.72069,1.09,1.32
2011.03.15 15:00:05.708,0.72015,0.7206,1.09,1.32
2011.03.15 15:00:06.528,0.72011,0.72062,1.09,3.57
2011.03.15 15:00:07.090,0.72002,0.72055,1.09,1.32
2011.03.15 15:00:07.780,0.72002,0.72055,1.09,1.32
2011.03.15 15:00:08.749,0.72002,0.72055,1.09,1.32
2011.03.15 15:00:09.079,0.71986,0.7204,1.09,1.32
2011.03.15 15:00:12.128,0.71991,0.7204,1.24,1.32
2011.03.15 15:00:12.237,0.71991,0.7204,1.09,1.32
2011.03.15 15:00:12.348,0.71991,0.7204,1.24,1.32
2011.03.15 15:00:12.678,0.71983,0.72029,1.09,1.32
2011.03.15 15:00:13.009,0.71986,0.72033,1.09,1.32
2011.03.15 15:00:13.338,0.71986,0.72035,1.09,3.19
2011.03.15 15:00:13.669,0.71986,0.72033,1.09,1.32
2011.03.15 15:00:15.229,0.71978,0.72026,1.09,1.32
2011.03.15 15:00:15.747,0.71977,0.72026,1.09,1.32
2011.03.15 15:00:20.838,0.71967,0.72016,1.09,2.44
2011.03.15 15:00:21.168,0.71968,0.72023,3.19,1.32
2011.03.15 15:00:21.974,0.71968,0.72023,3.19,1.32
2011.03.15 15:00:25.238,0.71971,0.72023,1.24,1.47
2011.03.15 15:00:25.638,0.71975,0.72023,1.09,1.47
2011.03.15 15:00:27.010,0.71973,0.7202,2.25,1.32
2011.03.15 15:00:27.118,0.71967,0.7202,1.09,1.32
2011.03.15 15:00:27.371,0.71967,0.7202,1.24,1.32
2011.03.15 15:00:27.480,0.71966,0.72016,1.09,1.32
2011.03.15 15:00:28.959,0.7196,0.72005,2.40,1.32
2011.03.15 15:00:29.179,0.71951,0.72002,1.09,1.32
2011.03.15 15:00:30.509,0.71947,0.71998,1.09,1.32
2011.03.15 15:00:30.729,0.71951,0.72003,1.09,1.32
2011.03.15 15:00:32.308,0.71945,0.71998,1.24,1.32
2011.03.15 15:00:32.711,0.71945,0.71998,1.09,1.32
2011.03.15 15:00:34.190,0.7194,0.71995,1.24,1.32
2011.03.15 15:00:34.410,0.7194,0.71995,1.09,1.32
2011.03.15 15:00:34.999,0.71939,0.71991,1.09,1.32
2011.03.15 15:00:35.220,0.71942,0.71992,1.09,2.44
2011.03.15 15:00:37.072,0.71942,0.71998,2.59,1.09
2011.03.15 15:00:38.549,0.71942,0.71995,2.74,1.32
2011.03.15 15:00:38.658,0.7194,0.71993,2.59,1.09
2011.03.15 15:00:39.178,0.71942,0.71993,3.34,1.09
2011.03.15 15:00:39.508,0.71947,0.71995,1.09,1.32
2011.03.15 15:00:41.209,0.71941,0.71991,1.09,1.32
2011.03.15 15:00:41.728,0.71942,0.71992,1.09,3.19
2011.03.15 15:00:43.617,0.71942,0.71991,1.09,1.32
2011.03.15 15:00:44.950,0.71942,0.71991,1.09,1.32
2011.03.15 15:00:48.738,0.71943,0.71992,1.09,3.57
2011.03.15 15:00:51.078,0.71947,0.71996,1.09,3.19
2011.03.15 15:00:52.318,0.71947,0.72003,1.09,1.47
2011.03.15 15:00:52.429,0.71947,0.71999,1.09,1.32
2011.03.15 15:00:52.868,0.71951,0.72003,1.09,3.19
2011.03.15 15:00:53.199,0.71951,0.72003,1.09,3.19
2011.03.15 15:00:53.620,0.71952,0.72,1.09,2.44
2011.03.15 15:00:53.840,0.71951,0.71999,3.34,1.32
2011.03.15 15:00:54.059,0.71952,0.72,1.09,2.44
2011.03.15 15:00:54.969,0.71956,0.72013,3.19,1.32
2011.03.15 15:00:55.538,0.71956,0.72002,2.44,1.32
2011.03.15 15:00:55.868,0.71952,0.72006,1.09,1.32
2011.03.15 15:00:56.638,0.71952,0.72009,3.19,1.47
2011.03.15 15:00:57.930,0.71953,0.72009,3.19,1.47
2011.03.15 15:00:58.368,0.71956,0.72009,1.09,1.32
2011.03.15 15:00:59.936,0.71962,0.72009,1.09,1.32
2011.03.15 15:01:00.268,0.71956,0.72011,1.09,3.19
2011.03.15 15:01:00.599,0.71957,0.72009,3.19,1.09
2011.03.15 15:01:01.088,0.71957,0.72008,3.34,1.09
2011.03.15 15:01:03.078,0.71958,0.72008,1.32,1.09
2011.03.15 15:01:07.598,0.71957,0.72001,1.09,1.32
2011.03.15 15:01:09.938,0.71957,0.72008,1.09,1.32
2011.03.15 15:01:10.519,0.71953,0.71998,2.40,1.32
2011.03.15 15:01:10.738,0.71948,0.71998,1.09,3.57
2011.03.15 15:01:11.068,0.71947,0.71999,1.09,1.32
2011.03.15 15:01:11.178,0.71944,0.71999,1.09,1.32
2011.03.15 15:01:11.289,0.71944,0.71993,1.24,1.32
2011.03.15 15:01:11.508,0.71947,0.71994,1.09,3.19
2011.03.15 15:01:11.729,0.71951,0.72006,3.19,1.32
2011.03.15 15:01:13.459,0.71953,0.72002,3.19,1.32
2011.03.15 15:01:14.008,0.71953,0.71998,1.09,1.32
2011.03.15 15:01:18.159,0.71953,0.71998,1.09,1.32
2011.03.15 15:01:18.720,0.71952,0.72003,1.09,1.32
2011.03.15 15:01:18.939,0.7195,0.71998,1.24,1.32
2011.03.15 15:01:19.169,0.7195,0.71998,1.09,1.32
2011.03.15 15:01:20.248,0.71943,0.71991,3.34,1.32
2011.03.15 15:01:21.939,0.71943,0.71991,1.09,1.32
2011.03.15 15:01:23.607,0.71947,0.71999,2.25,1.09
2011.03.15 15:01:23.719,0.71947,0.72003,3.57,3.19
2011.03.15 15:01:23.938,0.71951,0.72002,2.44,1.32
2011.03.15 15:01:24.730,0.71945,0.72002,3.19,1.32
2011.03.15 15:01:25.169,0.71945,0.72002,2.44,1.32
2011.03.15 15:01:25.828,0.71941,0.71996,1.24,1.32
2011.03.15 15:01:26.399,0.71941,0.71996,1.09,1.32
2011.03.15 15:01:27.825,0.71944,0.71999,2.59,1.09
2011.03.15 15:01:28.618,0.71944,0.71999,2.97,1.09
2011.03.15 15:01:28.728,0.71947,0.71999,1.32,1.09
2011.03.15 15:01:31.539,0.71943,0.71993,1.24,1.32
2011.03.15 15:01:31.979,0.71943,0.71993,1.09,1.32
2011.03.15 15:01:32.528,0.71947,0.71997,1.09,1.32
2011.03.15 15:01:34.812,0.71947,0.71997,1.24,1.32
2011.03.15 15:01:35.769,0.71947,0.71997,1.09,1.32
2011.03.15 15:01:36.340,0.71946,0.71994,1.09,1.09
2011.03.15 15:01:39.709,0.71944,0.71998,2.25,1.09
2011.03.15 15:01:40.159,0.71936,0.71986,1.09,3.57
2011.03.15 15:01:40.268,0.71936,0.71986,1.09,3.19
2011.03.15 15:01:49.093,0.71941,0.71988,1.09,1.32
2011.03.15 15:01:53.441,0.71933,0.71983,3.19,1.24
2011.03.15 15:01:53.550,0.71937,0.71983,1.09,1.09
2011.03.15 15:02:02.438,0.71941,0.71989,1.09,1.09
2011.03.15 15:02:05.318,0.71937,0.71988,3.72,1.09
2011.03.15 15:02:06.510,0.71942,0.71993,1.32,1.09
2011.03.15 15:02:06.729,0.71946,0.71996,3.19,1.32
2011.03.15 15:02:08.257,0.71945,0.71993,3.19,1.09
2011.03.15 15:02:10.750,0.71945,0.71994,3.19,1.09
2011.03.15 15:02:10.858,0.71947,0.71994,3.19,1.09
2011.03.15 15:02:14.059,0.71945,0.71999,3.19,1.09
2011.03.15 15:02:15.218,0.71951,0.71994,3.19,1.09
2011.03.15 15:02:15.679,0.71946,0.71994,1.09,1.09
2011.03.15 15:02:16.439,0.71948,0.71994,3.19,1.09
2011.03.15 15:02:20.969,0.71948,0.71996,3.19,1.24
2011.03.15 15:02:21.298,0.71947,0.7199,3.19,1.09
2011.03.15 15:02:24.017,0.71947,0.71994,3.19,1.09
2011.03.15 15:02:24.239,0.71951,0.72002,3.57,1.24
2011.03.15 15:02:24.458,0.71953,0.71998,3.19,1.09
2011.03.15 15:02:26.067,0.71957,0.71998,3.19,1.09
2011.03.15 15:02:27.037,0.71957,0.71999,3.19,1.09
2011.03.15 15:02:27.779,0.71954,0.71999,3.19,1.09
2011.03.15 15:02:27.998,0.71957,0.71999,3.19,1.09
2011.03.15 15:02:29.939,0.71953,0.72,3.19,1.09
2011.03.15 15:02:30.789,0.71954,0.72008,1.32,1.39
2011.03.15 15:02:31.167,0.71957,0.72003,2.25,1.47
2011.03.15 15:02:31.281,0.71947,0.72003,3.34,3.72
2011.03.15 15:02:35.038,0.71946,0.71999,1.09,1.09
2011.03.15 15:02:35.368,0.71945,0.72,3.19,1.32
2011.03.15 15:02:35.698,0.71943,0.71996,3.19,1.32
2011.03.15 15:02:36.249,0.71944,0.71997,1.32,3.19
2011.03.15 15:02:37.881,0.71948,0.71994,3.19,1.09
2011.03.15 15:02:39.428,0.71954,0.71999,3.19,1.09
2011.03.15 15:02:39.799,0.71952,0.71999,3.19,1.09
2011.03.15 15:02:41.686,0.71952,0.71994,3.19,1.24
2011.03.15 15:02:42.238,0.71952,0.71999,3.19,1.09
2011.03.15 15:02:42.568,0.71945,0.72003,3.19,3.72
2011.03.15 15:02:42.788,0.71942,0.71994,1.32,3.19
2011.03.15 15:02:43.499,0.71941,0.71999,3.57,3.19
2011.03.15 15:02:46.570,0.71941,0.71997,3.34,1.32
2011.03.15 15:02:48.721,0.71941,0.71994,3.34,1.09
2011.03.15 15:02:48.938,0.71941,0.71994,3.34,1.09
2011.03.15 15:02:49.268,0.71941,0.71993,1.09,3.19
2011.03.15 15:02:50.529,0.71937,0.7199,1.09,3.19
2011.03.15 15:02:51.216,0.71947,0.71998,3.19,1.62
2011.03.15 15:02:51.330,0.71937,0.71993,3.19,1.09
2011.03.15 15:02:51.659,0.71932,0.71988,3.34,1.09
2011.03.15 15:02:51.988,0.71937,0.71988,3.19,1.09
2011.03.15 15:02:52.530,0.71938,0.71991,1.32,1.09
2011.03.15 15:02:53.451,0.71946,0.71994,3.19,1.09
2011.03.15 15:02:57.478,0.71946,0.71998,3.34,1.32
2011.03.15 15:02:58.170,0.71946,0.71998,1.09,3.57
2011.03.15 15:03:01.229,0.71947,0.71998,1.09,1.09
2011.03.15 15:03:01.778,0.71941,0.71994,3.34,1.47
2011.03.15 15:03:03.789,0.71942,0.71994,1.09,3.19
2011.03.15 15:03:04.229,0.71953,0.71998,2.25,1.32
2011.03.15 15:03:04.338,0.71953,0.72003,3.19,1.47
2011.03.15 15:03:04.889,0.7195,0.72003,1.09,3.57
2011.03.15 15:03:08.699,0.71951,0.71997,1.09,1.32
2011.03.15 15:03:09.098,0.71946,0.71993,3.19,1.09
2011.03.15 15:03:09.919,0.71947,0.71998,1.09,1.09
2011.03.15 15:03:13.538,0.71954,0.72004,3.19,1.09
2011.03.15 15:03:13.758,0.71946,0.72,1.09,1.32
2011.03.15 15:03:15.739,0.71951,0.72003,1.32,2.59
2011.03.15 15:03:16.068,0.71947,0.72001,1.09,1.32
2011.03.15 15:03:17.470,0.71953,0.72004,1.32,1.09
2011.03.15 15:03:17.781,0.71963,0.72012,1.32,2.44
2011.03.15 15:03:18.218,0.71968,0.72019,3.19,1.24
2011.03.15 15:03:18.769,0.71974,0.72026,1.32,1.24
2011.03.15 15:03:18.988,0.71978,0.72026,3.19,1.09
2011.03.15 15:03:20.009,0.71977,0.72023,2.25,1.32
2011.03.15 15:03:20.118,0.71967,0.72023,3.19,1.32
2011.03.15 15:03:20.229,0.71967,0.72024,3.19,1.62
2011.03.15 15:03:22.181,0.71971,0.72024,3.19,1.09
2011.03.15 15:03:22.287,0.71971,0.72023,3.19,1.09
2011.03.15 15:03:24.429,0.71971,0.72012,2.25,1.32
2011.03.15 15:03:24.759,0.71955,0.72006,3.19,1.32
2011.03.15 15:03:25.231,0.71952,0.72006,1.09,1.32
2011.03.15 15:03:25.790,0.71951,0.72006,3.34,1.32
2011.03.15 15:03:30.950,0.71951,0.72005,1.09,2.59
2011.03.15 15:03:32.458,0.71959,0.72012,1.24,3.19
2011.03.15 15:03:32.788,0.71966,0.72018,1.32,3.19
2011.03.15 15:03:33.659,0.7197,0.72024,3.57,1.09
2011.03.15 15:03:35.988,0.71981,0.72032,1.32,3.19
2011.03.15 15:03:36.099,0.71991,0.72032,1.32,2.25
2011.03.15 15:03:36.208,0.71995,0.72041,3.19,1.09
2011.03.15 15:03:36.319,0.71995,0.72041,3.19,1.09
2011.03.15 15:03:36.539,0.71998,0.72038,2.44,1.09
2011.03.15 15:03:38.839,0.71991,0.72043,3.57,1.09
2011.03.15 15:03:41.249,0.71999,0.72041,3.19,1.09
2011.03.15 15:03:41.809,0.71991,0.72044,3.19,1.09
2011.03.15 15:03:42.808,0.71991,0.72039,3.34,1.09
2011.03.15 15:03:45.723,0.71992,0.72045,1.09,1.09
2011.03.15 15:03:47.659,0.71996,0.72049,1.09,1.09
2011.03.15 15:03:49.068,0.71995,0.72039,3.19,1.09
2011.03.15 15:03:49.180,0.7199,0.72039,3.19,1.09
2011.03.15 15:03:50.799,0.71977,0.72033,3.19,1.32
2011.03.15 15:03:52.270,0.71971,0.72026,1.09,1.32
2011.03.15 15:03:53.479,0.71971,0.7202,1.09,1.32
2011.03.15 15:03:53.848,0.71968,0.72016,1.09,1.32
2011.03.15 15:03:54.287,0.71964,0.7202,3.19,1.32
2011.03.15 15:03:55.048,0.71966,0.72022,1.47,3.19
2011.03.15 15:04:00.163,0.71976,0.72019,1.32,1.09
2011.03.15 15:04:00.269,0.71985,0.72027,1.32,2.25
2011.03.15 15:04:00.817,0.71982,0.72039,3.19,1.77
2011.03.15 15:04:01.678,0.71982,0.72039,3.34,1.62
2011.03.15 15:04:02.009,0.71982,0.72039,3.19,1.77
2011.03.15 15:04:02.229,0.71982,0.72039,3.19,1.62
2011.03.15 15:04:02.338,0.71977,0.72033,3.19,1.09
2011.03.15 15:04:04.019,0.71977,0.72026,1.09,3.19
2011.03.15 15:04:04.348,0.71975,0.7202,1.09,3.19
2011.03.15 15:04:04.458,0.7197,0.7202,1.09,3.19
2011.03.15 15:04:05.068,0.71966,0.72017,1.09,3.57
2011.03.15 15:04:05.788,0.71962,0.72014,1.09,1.32
2011.03.15 15:04:08.828,0.71967,0.72018,1.09,3.34
2011.03.15 15:04:11.498,0.71964,0.72017,1.09,3.57
2011.03.15 15:04:11.828,0.71964,0.72017,1.24,3.57
2011.03.15 15:04:12.719,0.71961,0.72017,1.09,3.34
2011.03.15 15:04:13.278,0.71965,0.72017,1.32,1.09
2011.03.15 15:04:13.500,0.71971,0.72024,1.32,2.74
2011.03.15 15:04:13.829,0.71965,0.72016,3.19,1.09
2011.03.15 15:04:15.038,0.71968,0.72021,3.19,1.32
2011.03.15 15:04:15.490,0.71967,0.72022,1.09,3.19
2011.03.15 15:04:19.249,0.71972,0.72023,3.19,1.09
2011.03.15 15:04:19.580,0.71972,0.72023,3.19,1.32
2011.03.15 15:04:20.180,0.71966,0.72022,3.19,1.32
2011.03.15 15:04:21.029,0.71966,0.72022,3.19,1.32
2011.03.15 15:04:22.278,0.7197,0.72024,3.19,1.09
2011.03.15 15:04:23.059,0.71972,0.72023,1.32,1.09
2011.03.15 15:04:23.990,0.71971,0.72023,3.19,1.09
2011.03.15 15:04:34.020,0.71976,0.72022,1.09,1.32
2011.03.15 15:04:34.240,0.71977,0.72023,1.09,3.34
2011.03.15 15:04:35.011,0.71969,0.72021,2.59,1.32
2011.03.15 15:04:35.229,0.71966,0.72019,1.47,1.09
2011.03.15 15:04:37.449,0.71969,0.72018,1.09,1.32
2011.03.15 15:04:38.719,0.71962,0.72018,1.09,3.72
2011.03.15 15:04:39.240,0.71971,0.72028,3.34,3.57
2011.03.15 15:04:41.161,0.71978,0.72028,1.09,3.72
2011.03.15 15:04:41.499,0.71976,0.72024,1.09,1.09
2011.03.15 15:04:43.449,0.71975,0.72031,3.19,1.09
2011.03.15 15:04:46.728,0.7198,0.72032,2.44,1.32
2011.03.15 15:04:47.490,0.71981,0.72029,2.25,1.09
2011.03.15 15:04:48.288,0.71976,0.72029,3.34,1.09
2011.03.15 15:04:48.511,0.71981,0.72027,2.44,1.32
2011.03.15 15:04:52.679,0.71966,0.72017,3.34,1.32
2011.03.15 15:04:57.819,0.71966,0.72019,1.09,3.34
2011.03.15 15:04:57.930,0.71965,0.72013,3.19,1.09
2011.03.15 15:05:01.558,0.71965,0.72017,1.32,1.09
2011.03.15 15:05:01.779,0.71962,0.72013,1.09,1.09
2011.03.15 15:05:03.338,0.71963,0.72018,1.32,1.09
2011.03.15 15:05:03.558,0.71962,0.72013,1.09,1.09
2011.03.15 15:05:04.549,0.71966,0.72015,1.32,1.09
2011.03.15 15:05:05.959,0.71964,0.72013,3.19,1.09
2011.03.15 15:05:06.181,0.7196,0.72011,3.19,1.32
2011.03.15 15:05:06.288,0.71952,0.72002,1.24,1.32
2011.03.15 15:05:06.399,0.71951,0.72002,1.09,1.32
2011.03.15 15:05:06.509,0.71951,0.72003,1.09,3.19
2011.03.15 15:05:08.441,0.71957,0.72011,1.47,3.19
2011.03.15 15:05:09.039,0.71957,0.7201,2.59,1.32
2011.03.15 15:05:09.149,0.71954,0.7201,1.09,3.57
2011.03.15 15:05:10.199,0.71957,0.7201,2.74,1.32
2011.03.15 15:05:11.130,0.71954,0.72008,1.09,1.09
2011.03.15 15:05:12.427,0.71957,0.72013,2.74,3.72
2011.03.15 15:05:13.830,0.71957,0.72013,2.89,3.72
2011.03.15 15:05:19.449,0.71957,0.72009,2.59,1.09
2011.03.15 15:05:19.662,0.71957,0.72013,2.89,3.72
2011.03.15 15:05:22.438,0.71957,0.72009,2.59,1.09
2011.03.15 15:05:22.548,0.71957,0.72013,2.74,3.57
2011.03.15 15:05:23.439,0.71957,0.72009,2.59,1.09
2011.03.15 15:05:24.439,0.71957,0.72009,2.74,1.32
2011.03.15 15:05:25.182,0.71954,0.72009,1.09,1.47
2011.03.15 15:05:25.632,0.71954,0.72009,1.39,1.32
2011.03.15 15:05:25.849,0.71954,0.72009,1.24,1.32
2011.03.15 15:05:25.959,0.71954,0.72009,1.39,1.32
2011.03.15 15:05:26.178,0.71954,0.72009,1.24,1.32
2011.03.15 15:05:26.289,0.71954,0.72009,1.39,1.32
2011.03.15 15:05:27.739,0.71954,0.72009,1.24,1.32
2011.03.15 15:05:28.098,0.71961,0.72009,1.09,1.32
2011.03.15 15:05:30.421,0.71961,0.72014,1.24,3.19
2011.03.15 15:05:30.748,0.71962,0.72012,1.09,1.32
2011.03.15 15:05:31.110,0.71967,0.72014,1.09,3.19
2011.03.15 15:05:35.428,0.71966,0.72014,1.09,1.09
2011.03.15 15:05:37.079,0.7197,0.72016,3.19,1.09
2011.03.15 15:05:37.409,0.71966,0.72019,1.09,1.09
2011.03.15 15:05:38.069,0.71967,0.72022,1.09,3.19
2011.03.15 15:05:38.289,0.71967,0.72022,1.09,3.57
2011.03.15 15:05:38.510,0.7197,0.72018,1.32,1.09
2011.03.15 15:05:42.520,0.71972,0.72021,3.57,1.09
2011.03.15 15:05:42.739,0.71972,0.72024,3.57,1.09
2011.03.15 15:05:43.209,0.71972,0.72022,3.19,1.32
2011.03.15 15:05:43.759,0.71965,0.72018,3.57,1.09
2011.03.15 15:05:45.870,0.71968,0.72018,3.19,1.24
2011.03.15 15:05:50.209,0.71968,0.72018,3.19,1.09
2011.03.15 15:06:00.099,0.7197,0.72019,1.32,1.09
2011.03.15 15:06:01.199,0.71971,0.72019,3.19,1.24
2011.03.15 15:06:01.528,0.71958,0.72014,3.19,3.72
2011.03.15 15:06:05.009,0.71957,0.72009,3.19,1.09
2011.03.15 15:06:05.559,0.71968,0.72024,3.19,3.72
2011.03.15 15:06:06.878,0.71966,0.72019,1.09,3.19
2011.03.15 15:06:11.498,0.71969,0.72012,3.19,1.09
2011.03.15 15:06:11.940,0.71973,0.72017,2.25,1.32
2011.03.15 15:06:12.048,0.71964,0.72017,3.19,1.32
2011.03.15 15:06:15.729,0.71961,0.72013,1.09,1.32
2011.03.15 15:06:20.079,0.71966,0.72016,3.19,1.24
2011.03.15 15:06:20.659,0.71966,0.72016,3.19,1.09
2011.03.15 15:06:20.879,0.71966,0.72016,3.19,1.24
2011.03.15 15:06:20.988,0.71966,0.72016,3.19,1.09
2011.03.15 15:06:23.589,0.71962,0.72013,1.09,1.32
2011.03.15 15:06:27.539,0.71953,0.72003,2.44,1.09
2011.03.15 15:06:30.130,0.71951,0.72,1.09,1.32
2011.03.15 15:06:30.459,0.71952,0.71993,1.09,3.19
2011.03.15 15:06:30.788,0.71948,0.72004,1.32,3.19
2011.03.15 15:06:32.288,0.71956,0.72008,1.32,1.09
2011.03.15 15:06:32.839,0.71962,0.72011,3.19,1.09
2011.03.15 15:06:34.428,0.71962,0.72009,3.19,1.09
2011.03.15 15:06:34.649,0.71959,0.72014,1.32,3.34
2011.03.15 15:06:35.529,0.71954,0.72008,1.09,3.19
2011.03.15 15:06:35.969,0.71957,0.72006,3.19,1.09
2011.03.15 15:06:47.568,0.71957,0.72013,3.34,3.34
2011.03.15 15:06:47.898,0.71966,0.72014,3.19,1.09
2011.03.15 15:06:49.596,0.71966,0.72014,3.19,1.09
2011.03.15 15:06:51.499,0.71961,0.72014,3.34,1.32
2011.03.15 15:06:54.247,0.71967,0.72013,1.09,1.09
2011.03.15 15:06:56.010,0.71961,0.72014,1.09,1.47
2011.03.15 15:07:02.009,0.71953,0.72004,3.19,1.09
2011.03.15 15:07:04.108,0.71951,0.72002,1.09,1.32
2011.03.15 15:07:08.024,0.71951,0.72003,1.24,1.09
2011.03.15 15:07:08.508,0.71957,0.72003,1.09,1.09
2011.03.15 15:07:11.190,0.71952,0.72003,1.47,1.09
2011.03.15 15:07:11.519,0.71956,0.72004,1.09,1.32
2011.03.15 15:07:11.739,0.71956,0.72003,1.09,3.19
2011.03.15 15:07:13.298,0.71951,0.72004,3.34,1.09
2011.03.15 15:07:21.294,0.71951,0.71999,1.09,1.09
2011.03.15 15:07:24.339,0.71952,0.71998,1.09,1.09
2011.03.15 15:07:30.810,0.71957,0.72008,1.09,3.34
2011.03.15 15:07:30.919,0.71958,0.72008,3.19,1.09
2011.03.15 15:07:32.010,0.71952,0.71998,1.09,3.19
2011.03.15 15:07:32.230,0.71952,0.71998,1.09,3.19
2011.03.15 15:07:38.518,0.71952,0.71998,1.09,1.09
2011.03.15 15:07:39.409,0.71952,0.72003,1.09,1.09
2011.03.15 15:08:16.964,0.71956,0.72009,1.09,1.09
2011.03.15 15:08:19.549,0.71961,0.72006,1.09,3.19
2011.03.15 15:08:20.789,0.71956,0.72009,1.09,1.09
2011.03.15 15:08:26.769,0.71956,0.72004,1.09,1.09
2011.03.15 15:08:27.859,0.71956,0.72009,1.09,3.34
2011.03.15 15:08:29.740,0.71953,0.72005,3.19,1.09
2011.03.15 15:08:39.479,0.71952,0.72003,3.34,1.09
2011.03.15 15:08:41.342,0.71952,0.72003,1.24,1.09
2011.03.15 15:08:42.103,0.71952,0.72003,1.09,1.09
2011.03.15 15:08:42.468,0.71952,0.72003,1.09,1.09
2011.03.15 15:08:43.239,0.71957,0.72008,1.09,1.09
2011.03.15 15:08:44.783,0.71962,0.72009,1.32,3.19
2011.03.15 15:08:44.889,0.71963,0.72013,3.19,1.09
2011.03.15 15:08:45.450,0.71963,0.72013,3.19,1.09
2011.03.15 15:08:45.779,0.71957,0.72008,3.34,1.09
2011.03.15 15:08:45.999,0.71959,0.72008,3.19,1.09
2011.03.15 15:08:46.568,0.71956,0.7201,3.34,1.32
2011.03.15 15:08:47.140,0.71957,0.72009,1.09,3.19
2011.03.15 15:08:47.250,0.71961,0.72009,1.09,3.19
2011.03.15 15:08:47.588,0.71964,0.72014,3.19,1.09
2011.03.15 15:08:49.930,0.71964,0.72014,3.19,1.09
2011.03.15 15:08:52.499,0.71962,0.72014,3.19,1.09
2011.03.15 15:08:55.069,0.71967,0.72019,1.09,3.19
2011.03.15 15:08:56.211,0.71963,0.72014,3.19,1.09
2011.03.15 15:09:02.719,0.71966,0.72014,1.09,1.09
2011.03.15 15:09:04.739,0.71966,0.72015,1.09,3.19
2011.03.15 15:09:05.069,0.71966,0.72014,1.09,1.09
2011.03.15 15:09:06.229,0.71966,0.72015,1.09,1.32
2011.03.15 15:09:07.219,0.71966,0.72014,1.09,1.09
2011.03.15 15:09:11.349,0.71964,0.72013,3.19,1.09
2011.03.15 15:09:12.319,0.71972,0.72024,1.32,1.09
2011.03.15 15:09:13.009,0.71974,0.72023,3.19,1.09
2011.03.15 15:09:15.059,0.71972,0.72024,1.32,1.09
2011.03.15 15:09:15.389,0.71975,0.72024,3.19,1.09
2011.03.15 15:09:16.459,0.71976,0.72025,1.32,1.09
2011.03.15 15:09:17.468,0.71976,0.72026,1.09,1.09
2011.03.15 15:09:19.169,0.71976,0.72024,1.09,1.09
2011.03.15 15:09:27.269,0.71976,0.72027,1.09,3.19
2011.03.15 15:09:27.819,0.71976,0.72026,1.32,1.09
2011.03.15 15:09:28.293,0.71977,0.7203,1.09,1.32
2011.03.15 15:09:30.750,0.71976,0.72028,1.09,3.19
2011.03.15 15:09:30.969,0.71975,0.72033,2.59,3.19
2011.03.15 15:09:38.770,0.71971,0.72022,1.09,1.32
2011.03.15 15:09:43.791,0.71966,0.72014,1.09,1.09
2011.03.15 15:09:45.989,0.71967,0.7202,1.47,1.09
2011.03.15 15:09:48.828,0.71968,0.7202,3.19,1.24
2011.03.15 15:09:59.519,0.71968,0.72017,2.59,1.32
2011.03.15 15:09:59.739,0.71961,0.72016,1.09,3.19
2011.03.15 15:09:59.849,0.71963,0.72017,3.19,1.32
2011.03.15 15:10:15.579,0.71968,0.72024,3.19,2.59
2011.03.15 15:10:16.349,0.71969,0.72027,3.19,3.19
2011.03.15 15:10:16.569,0.71974,0.72032,3.19,3.49
2011.03.15 15:10:16.899,0.71979,0.72024,2.25,1.09
2011.03.15 15:10:17.118,0.71963,0.72021,3.19,3.57
2011.03.15 15:10:20.720,0.71967,0.7202,3.19,1.09
2011.03.15 15:10:22.706,0.71967,0.72018,2.59,1.09
2011.03.15 15:10:25.060,0.7197,0.72023,3.19,1.09
2011.03.15 15:10:26.609,0.71974,0.72028,1.32,3.34
2011.03.15 15:10:28.152,0.71977,0.72028,1.09,1.09
2011.03.15 15:10:37.780,0.71977,0.72024,3.19,1.09
2011.03.15 15:10:44.459,0.71973,0.72029,3.34,1.09
2011.03.15 15:10:54.999,0.71974,0.7203,3.19,2.63
2011.03.15 15:10:55.329,0.71983,0.72038,3.19,1.09
2011.03.15 15:10:55.549,0.71978,0.72034,3.19,1.47
2011.03.15 15:10:57.538,0.71978,0.7203,3.34,1.32
2011.03.15 15:10:57.759,0.71981,0.72029,1.09,1.09
2011.03.15 15:11:02.160,0.71981,0.72032,1.09,1.09
2011.03.15 15:11:04.461,0.71978,0.72029,2.44,1.32
2011.03.15 15:11:05.199,0.71976,0.7203,1.62,3.19
2011.03.15 15:11:05.691,0.71978,0.72029,3.19,1.09
2011.03.15 15:11:12.029,0.71983,0.7203,3.19,1.09
2011.03.15 15:11:12.249,0.71986,0.72034,3.19,1.09
2011.03.15 15:11:15.280,0.71987,0.72034,3.19,1.09
2011.03.15 15:11:21.549,0.71987,0.72036,3.34,1.32
2011.03.15 15:11:27.829,0.71982,0.72028,1.09,1.09
2011.03.15 15:11:28.500,0.71982,0.72032,1.09,3.19
2011.03.15 15:11:29.069,0.7198,0.72033,3.19,1.32
2011.03.15 15:11:33.970,0.71977,0.72029,3.34,1.32
2011.03.15 15:11:37.731,0.71976,0.72024,1.09,1.32
2011.03.15 15:11:39.070,0.71975,0.72024,1.09,1.32
2011.03.15 15:11:44.761,0.71972,0.72027,1.09,3.19
2011.03.15 15:11:44.869,0.71969,0.72027,3.34,3.19
2011.03.15 15:11:44.979,0.71971,0.72028,2.74,1.32
2011.03.15 15:11:45.090,0.71971,0.72028,2.59,1.32
2011.03.15 15:11:46.608,0.71966,0.72023,3.34,1.32
2011.03.15 15:11:47.509,0.71972,0.72023,3.19,1.32
2011.03.15 15:11:50.899,0.71963,0.72015,2.59,1.32
2011.03.15 15:11:51.288,0.71961,0.72014,1.39,3.19
2011.03.15 15:11:51.619,0.71966,0.72019,1.09,3.34
2011.03.15 15:11:54.429,0.71971,0.72018,1.09,3.57
2011.03.15 15:12:00.290,0.71971,0.72018,1.09,2.44
2011.03.15 15:12:01.280,0.71976,0.72024,1.09,1.32
2011.03.15 15:12:02.530,0.71973,0.72022,1.09,1.32
2011.03.15 15:12:03.961,0.71972,0.72019,1.09,3.19
2011.03.15 15:12:04.300,0.71972,0.72019,1.09,3.19
2011.03.15 15:12:04.629,0.71966,0.72018,1.09,1.32
2011.03.15 15:12:06.939,0.71972,0.72018,1.09,1.09
2011.03.15 15:12:07.491,0.71972,0.72019,1.09,3.19
2011.03.15 15:12:09.681,0.71968,0.72023,1.24,3.34
2011.03.15 15:12:10.009,0.71966,0.72018,1.09,1.32
2011.03.15 15:12:10.453,0.71966,0.72015,1.09,3.19
2011.03.15 15:12:11.419,0.71968,0.72016,1.09,3.19
2011.03.15 15:12:12.910,0.71966,0.72016,1.09,3.19
2011.03.15 15:12:15.843,0.71962,0.72014,1.09,1.09
2011.03.15 15:12:16.280,0.71957,0.72008,1.24,1.32
2011.03.15 15:12:16.499,0.71957,0.72004,1.09,1.32
2011.03.15 15:12:17.049,0.71956,0.72006,1.09,3.19
2011.03.15 15:12:18.009,0.71957,0.72014,3.57,1.09
2011.03.15 15:12:20.251,0.7196,0.72012,1.09,1.32
2011.03.15 15:12:21.499,0.71961,0.7201,1.09,3.19
2011.03.15 15:12:22.460,0.71961,0.72014,1.47,1.09
2011.03.15 15:12:23.440,0.7197,0.72024,3.19,1.09
2011.03.15 15:12:25.839,0.71971,0.72024,1.09,1.09
2011.03.15 15:12:26.941,0.71971,0.72024,1.09,1.09
2011.03.15 15:12:31.300,0.71972,0.72018,1.09,1.32
2011.03.15 15:12:33.480,0.71965,0.72013,1.09,1.32
2011.03.15 15:12:35.889,0.71961,0.72013,1.09,3.19
2011.03.15 15:12:38.659,0.71966,0.72016,1.24,3.19
2011.03.15 15:12:40.992,0.71966,0.72013,1.09,1.09
2011.03.15 15:12:41.733,0.71966,0.72016,1.24,3.19
2011.03.15 15:12:42.059,0.71966,0.72019,1.09,1.09
2011.03.15 15:12:49.890,0.71967,0.7201,2.40,1.32
2011.03.15 15:12:50.109,0.71967,0.72018,3.19,1.09
2011.03.15 15:12:52.730,0.71967,0.7201,2.25,1.32
2011.03.15 15:12:53.060,0.71962,0.72009,1.09,3.19
2011.03.15 15:12:53.279,0.71962,0.72018,1.09,1.09
2011.03.15 15:12:53.720,0.71966,0.72019,1.09,3.19
2011.03.15 15:12:55.422,0.71961,0.72015,1.09,3.19
2011.03.15 15:12:57.750,0.71964,0.7201,1.09,3.19
2011.03.15 15:12:57.970,0.7196,0.72007,1.24,1.32
2011.03.15 15:12:58.193,0.7196,0.72006,1.09,3.19
2011.03.15 15:12:59.980,0.71954,0.72002,1.24,3.57
2011.03.15 15:13:00.200,0.71952,0.72002,1.09,3.57
2011.03.15 15:13:01.320,0.7196,0.72007,1.09,1.32
2011.03.15 15:13:01.649,0.71961,0.7201,1.09,3.19
2011.03.15 15:13:01.760,0.71958,0.7201,1.32,3.19
2011.03.15 15:13:09.520,0.71967,0.72016,1.09,3.19
2011.03.15 15:13:09.739,0.71967,0.72018,1.09,1.47
2011.03.15 15:13:11.040,0.71966,0.72012,1.09,1.32
2011.03.15 15:13:11.400,0.71967,0.72011,1.09,3.19
2011.03.15 15:13:14.089,0.71966,0.72024,3.34,3.34
2011.03.15 15:13:16.970,0.71977,0.72024,1.24,3.19
2011.03.15 15:13:17.460,0.71977,0.72023,1.09,1.09
2011.03.15 15:13:18.627,0.71977,0.72024,1.09,3.19
2011.03.15 15:13:18.942,0.7198,0.72024,1.09,3.19
2011.03.15 15:13:20.201,0.7197,0.72022,1.09,1.32
2011.03.15 15:13:20.311,0.7197,0.72019,1.24,3.19
2011.03.15 15:13:20.531,0.7197,0.72023,1.09,1.09
2011.03.15 15:13:23.959,0.71971,0.72023,1.09,1.09
2011.03.15 15:13:24.539,0.71972,0.72023,1.09,1.09
2011.03.15 15:13:30.550,0.71972,0.72023,1.32,2.59
2011.03.15 15:13:30.659,0.71967,0.72023,1.47,3.34
2011.03.15 15:13:31.210,0.71969,0.72022,3.19,1.32
2011.03.15 15:13:31.760,0.71963,0.72017,3.19,1.32
2011.03.15 15:13:31.980,0.71962,0.72016,1.47,3.19
2011.03.15 15:13:36.069,0.71963,0.72011,3.34,1.32
2011.03.15 15:13:36.851,0.71961,0.72009,1.09,3.19
2011.03.15 15:13:37.240,0.71961,0.72009,1.09,3.19
2011.03.15 15:13:38.710,0.71961,0.7201,1.24,3.19
2011.03.15 15:13:39.159,0.71961,0.7201,1.09,3.19
2011.03.15 15:13:39.379,0.71961,0.7201,1.24,3.19
2011.03.15 15:13:40.531,0.71961,0.7201,1.09,3.19
2011.03.15 15:13:48.790,0.71962,0.72014,3.57,1.09
2011.03.15 15:13:49.230,0.71967,0.72017,1.09,1.32
2011.03.15 15:13:50.070,0.71967,0.72014,1.09,3.19
2011.03.15 15:13:54.780,0.71967,0.72012,1.09,1.32
2011.03.15 15:13:55.178,0.71966,0.72011,1.09,3.19
2011.03.15 15:14:03.559,0.71967,0.72018,1.09,1.09
2011.03.15 15:14:06.349,0.7197,0.72014,1.09,3.19
2011.03.15 15:14:09.223,0.7197,0.72014,1.24,3.19
2011.03.15 15:14:09.672,0.71971,0.72014,1.09,3.19
2011.03.15 15:14:10.000,0.71967,0.72018,1.09,1.09
2011.03.15 15:14:11.079,0.71972,0.72024,1.09,3.57
2011.03.15 15:14:11.410,0.71972,0.7202,1.09,3.19
2011.03.15 15:14:12.240,0.71972,0.7202,1.09,3.19
2011.03.15 15:14:21.261,0.71972,0.72023,1.09,1.09
2011.03.15 15:14:22.010,0.71976,0.72024,1.09,1.47
2011.03.15 15:14:32.089,0.71977,0.72023,1.09,3.19
2011.03.15 15:14:32.631,0.71977,0.72023,1.09,3.34
2011.03.15 15:14:38.709,0.71976,0.72023,1.09,3.19
2011.03.15 15:14:39.790,0.71976,0.72029,1.09,1.09
2011.03.15 15:14:42.089,0.71977,0.72027,1.09,1.32
2011.03.15 15:14:44.639,0.71976,0.72023,1.09,1.09
2011.03.15 15:14:45.080,0.71966,0.72011,1.24,3.19
2011.03.15 15:14:45.381,0.71971,0.72011,1.09,3.19
2011.03.15 15:14:46.010,0.71962,0.72014,3.34,1.32
2011.03.15 15:14:46.770,0.71962,0.72013,1.09,3.57
2011.03.15 15:14:46.989,0.71962,0.72011,1.09,3.19
2011.03.15 15:14:47.211,0.71953,0.72009,3.19,1.09
2011.03.15 15:14:47.431,0.71957,0.72006,1.09,3.19
2011.03.15 15:14:48.479,0.71953,0.72008,3.19,1.32
2011.03.15 15:14:48.960,0.71956,0.72007,1.09,3.19
2011.03.15 15:14:49.290,0.71956,0.72011,1.09,3.19
2011.03.15 15:14:50.190,0.71957,0.72004,1.09,1.32
2011.03.15 15:14:50.519,0.71957,0.72002,1.09,3.19
2011.03.15 15:14:52.001,0.71956,0.72002,1.09,3.19
2011.03.15 15:14:52.441,0.71956,0.72004,1.09,1.32
2011.03.15 15:14:52.550,0.7195,0.72002,1.24,3.19
2011.03.15 15:14:52.770,0.71956,0.72002,1.09,3.19
2011.03.15 15:14:56.322,0.71966,0.72011,1.09,3.19
2011.03.15 15:14:56.760,0.71962,0.72008,1.09,1.32
2011.03.15 15:14:57.319,0.71956,0.72004,1.09,3.19
2011.03.15 15:14:57.546,0.71956,0.72004,1.09,3.19
2011.03.15 15:14:58.090,0.71957,0.72004,1.09,3.19
2011.03.15 15:14:59.899,0.71957,0.72008,1.39,1.32
2011.03.15 15:15:00.013,0.71957,0.72009,1.09,3.19
2011.03.15 15:15:00.260,0.71966,0.72009,1.09,3.19
2011.03.15 15:15:01.082,0.71961,0.72013,1.24,3.19
2011.03.15 15:15:01.410,0.71961,0.72009,1.09,3.19
2011.03.15 15:15:05.699,0.7196,0.7201,1.09,1.32
2011.03.15 15:15:06.029,0.7196,0.72008,1.24,3.19
2011.03.15 15:15:06.249,0.71967,0.72012,1.09,3.19
2011.03.15 15:15:07.530,0.71966,0.72021,1.09,3.19
2011.03.15 15:15:07.749,0.71966,0.72016,1.09,3.19
2011.03.15 15:15:08.080,0.71966,0.7202,1.09,3.19
2011.03.15 15:15:08.410,0.71966,0.72015,1.09,3.19
2011.03.15 15:15:08.520,0.71966,0.72015,1.09,3.19
2011.03.15 15:15:08.972,0.71966,0.72016,1.09,3.19
2011.03.15 15:15:11.034,0.71969,0.72016,1.24,3.19
2011.03.15 15:15:15.741,0.71961,0.72009,1.24,1.32
2011.03.15 15:15:15.960,0.71959,0.72008,1.39,3.19
2011.03.15 15:15:16.710,0.71965,0.72008,1.39,3.19
2011.03.15 15:15:19.200,0.71965,0.7201,1.24,3.19
2011.03.15 15:15:19.463,0.71965,0.7201,1.39,3.19
2011.03.15 15:15:22.111,0.71965,0.7201,1.24,3.19
2011.03.15 15:15:22.219,0.71968,0.7201,1.09,3.19
2011.03.15 15:15:23.730,0.71968,0.72015,1.24,3.19
2011.03.15 15:15:24.080,0.71968,0.72015,1.39,3.19
2011.03.15 15:15:24.521,0.71969,0.72015,1.09,3.19
2011.03.15 15:15:25.093,0.71969,0.72015,1.24,3.19
2011.03.15 15:15:25.742,0.71969,0.72015,1.54,3.19
2011.03.15 15:15:26.521,0.71974,0.72015,1.24,2.25
2011.03.15 15:15:26.629,0.71974,0.72025,1.24,3.19
2011.03.15 15:15:26.740,0.71974,0.72025,1.39,3.19
2011.03.15 15:15:27.720,0.71974,0.72025,1.54,3.19
2011.03.15 15:15:27.901,0.71986,0.72025,1.24,2.25
2011.03.15 15:15:28.120,0.71986,0.72036,1.24,3.19
2011.03.15 15:15:28.603,0.71986,0.72036,1.09,3.19
2011.03.15 15:15:29.701,0.71986,0.72036,1.24,3.19
2011.03.15 15:15:30.460,0.71983,0.72031,1.09,3.19
2011.03.15 15:15:33.724,0.71983,0.72031,1.24,3.19
2011.03.15 15:15:41.280,0.71991,0.72031,1.09,3.19
2011.03.15 15:15:41.500,0.71987,0.72035,1.24,3.19
2011.03.15 15:15:42.059,0.71987,0.72036,1.09,3.19
2011.03.15 15:15:45.970,0.71995,0.72036,1.09,3.19
2011.03.15 15:15:46.419,0.71991,0.72042,1.09,3.19
2011.03.15 15:15:46.750,0.71991,0.72044,1.09,3.19
2011.03.15 15:15:46.970,0.71988,0.72035,2.40,1.32
2011.03.15 15:15:47.190,0.71991,0.72033,1.09,2.44
2011.03.15 15:15:48.929,0.71991,0.72037,1.24,3.19
2011.03.15 15:15:49.739,0.71991,0.72041,1.09,3.19
2011.03.15 15:15:50.209,0.71991,0.72037,1.24,3.19
2011.03.15 15:15:50.770,0.71991,0.72037,1.24,3.19
2011.03.15 15:15:51.250,0.71991,0.72037,1.09,3.19
2011.03.15 15:15:53.530,0.71982,0.72039,1.47,1.09
2011.03.15 15:15:53.860,0.71987,0.72045,1.32,3.57
2011.03.15 15:15:58.606,0.71986,0.72043,3.12,1.09
2011.03.15 15:15:58.722,0.71987,0.72038,1.47,1.09
2011.03.15 15:15:59.050,0.71987,0.72038,1.09,1.09
2011.03.15 15:16:00.970,0.71995,0.7204,1.32,2.25
2011.03.15 15:16:01.079,0.71997,0.72049,3.19,1.09
2011.03.15 15:16:02.282,0.71994,0.72047,3.19,1.32
2011.03.15 15:16:02.610,0.71987,0.72037,1.09,3.19
2011.03.15 15:16:03.520,0.71986,0.72037,1.09,3.19
2011.03.15 15:16:03.849,0.71976,0.7203,1.09,2.25
2011.03.15 15:16:04.070,0.71982,0.7203,1.09,3.19
2011.03.15 15:16:04.289,0.71982,0.7203,1.47,3.19
2011.03.15 15:16:04.619,0.71978,0.72036,3.19,3.19
2011.03.15 15:16:05.742,0.71982,0.72031,1.09,3.19
2011.03.15 15:16:06.069,0.71979,0.7203,1.09,3.19
2011.03.15 15:16:06.972,0.71979,0.72031,1.24,3.19
2011.03.15 15:16:07.428,0.71973,0.72031,2.89,3.19
2011.03.15 15:16:07.540,0.71973,0.72024,2.59,1.32
2011.03.15 15:16:07.759,0.71972,0.72022,1.39,3.19
2011.03.15 15:16:08.772,0.71972,0.72022,1.24,3.19
2011.03.15 15:16:08.990,0.71972,0.72022,1.24,3.19
2011.03.15 15:16:10.480,0.71972,0.72022,1.39,3.19
2011.03.15 15:16:11.561,0.71976,0.72022,1.24,2.44
2011.03.15 15:16:11.671,0.71976,0.72027,1.09,3.19
2011.03.15 15:16:12.000,0.71978,0.72032,1.32,3.19
2011.03.15 15:16:12.330,0.71978,0.72036,3.19,3.57
2011.03.15 15:16:12.660,0.71979,0.72034,1.32,3.34
2011.03.15 15:16:13.270,0.71982,0.72037,1.09,3.19
2011.03.15 15:16:14.635,0.71984,0.72038,3.57,1.09
2011.03.15 15:16:18.239,0.71981,0.72034,2.74,1.32
2011.03.15 15:16:18.350,0.71981,0.72034,2.59,1.32
2011.03.15 15:16:18.459,0.71978,0.72032,1.24,3.19
2011.03.15 15:16:18.789,0.71986,0.72038,1.09,1.32
2011.03.15 15:16:20.520,0.71981,0.72034,2.74,1.32
2011.03.15 15:16:21.735,0.71979,0.72032,1.39,3.19
2011.03.15 15:16:23.610,0.71979,0.72032,1.24,3.19
2011.03.15 15:16:24.381,0.71979,0.72031,1.09,1.09
2011.03.15 15:16:24.970,0.71979,0.72032,1.24,3.19
2011.03.15 15:16:25.760,0.71983,0.7203,1.09,1.32
2011.03.15 15:16:25.980,0.71982,0.72029,1.09,3.19
2011.03.15 15:16:27.080,0.71985,0.72028,1.24,3.19
2011.03.15 15:16:27.300,0.71985,0.72032,1.09,3.19
2011.03.15 15:16:28.012,0.71979,0.72026,1.24,1.32
2011.03.15 15:16:28.446,0.71979,0.72026,1.09,3.57
2011.03.15 15:16:31.333,0.7198,0.72028,1.09,3.19
2011.03.15 15:16:31.770,0.71977,0.72026,1.09,1.32
2011.03.15 15:16:31.990,0.71977,0.72024,1.09,3.19
2011.03.15 15:16:35.310,0.71981,0.72029,1.09,1.32
2011.03.15 15:16:35.529,0.71981,0.72027,1.24,3.19
2011.03.15 15:16:37.491,0.71981,0.72027,1.09,2.44
2011.03.15 15:16:39.420,0.71981,0.7203,1.09,1.32
2011.03.15 15:16:40.791,0.71981,0.72027,1.24,3.19
2011.03.15 15:16:41.641,0.71981,0.72027,1.09,3.19
2011.03.15 15:16:43.232,0.71971,0.72025,3.79,1.32
2011.03.15 15:16:43.340,0.71971,0.72023,1.39,3.19
2011.03.15 15:16:43.670,0.71971,0.72023,1.54,3.19
2011.03.15 15:16:43.781,0.71971,0.72023,1.39,3.19
2011.03.15 15:16:44.342,0.71978,0.72023,1.09,3.19
2011.03.15 15:16:46.700,0.71978,0.72027,1.09,3.19
2011.03.15 15:16:47.378,0.71976,0.72027,1.09,3.19
2011.03.15 15:16:47.850,0.71982,0.72033,1.09,3.19
2011.03.15 15:16:49.172,0.71986,0.72033,1.09,3.19
2011.03.15 15:16:52.510,0.7198,0.72031,1.09,3.19
2011.03.15 15:16:52.619,0.71981,0.72031,1.09,3.19
2011.03.15 15:16:58.261,0.7198,0.72031,1.09,3.19
2011.03.15 15:16:58.840,0.71973,0.72031,2.74,3.19
2011.03.15 15:16:58.951,0.71971,0.7202,1.24,3.19
2011.03.15 15:16:59.282,0.71977,0.72022,1.09,3.19
2011.03.15 15:17:02.000,0.71968,0.72022,1.09,3.19
2011.03.15 15:17:02.910,0.71968,0.7202,1.24,3.19
2011.03.15 15:17:03.253,0.7197,0.7202,1.24,3.19
2011.03.15 15:17:04.820,0.7197,0.7202,1.39,3.19
2011.03.15 15:17:05.500,0.7197,0.72017,1.24,1.32
2011.03.15 15:17:06.080,0.71962,0.72012,1.39,3.19
2011.03.15 15:17:06.742,0.71971,0.72015,1.24,3.19
2011.03.15 15:17:10.917,0.71971,0.72015,1.09,3.19
2011.03.15 15:17:11.477,0.71971,0.72015,1.24,3.19
2011.03.15 15:17:13.472,0.71972,0.72021,1.09,3.19
2011.03.15 15:17:14.271,0.71974,0.72018,1.24,1.32
2011.03.15 15:17:14.871,0.71974,0.72016,1.09,3.19
2011.03.15 15:17:15.701,0.71974,0.72016,1.24,3.19
2011.03.15 15:17:16.200,0.71974,0.72016,1.09,3.19
2011.03.15 15:17:16.310,0.71973,0.72016,1.09,3.19
2011.03.15 15:17:17.220,0.71973,0.72016,1.24,3.19
2011.03.15 15:17:17.330,0.71978,0.72021,1.09,3.19
2011.03.15 15:17:18.920,0.71976,0.72021,1.09,3.19
2011.03.15 15:17:19.030,0.71978,0.72021,1.09,3.19
2011.03.15 15:17:19.600,0.71966,0.72016,1.54,3.19
2011.03.15 15:17:20.298,0.71966,0.72016,1.54,3.19
2011.03.15 15:17:20.401,0.71966,0.7202,1.39,3.57
2011.03.15 15:17:20.720,0.71966,0.72018,1.54,1.32
2011.03.15 15:17:21.049,0.71971,0.72015,1.39,3.19
2011.03.15 15:17:21.400,0.71971,0.72015,1.24,3.19
2011.03.15 15:17:21.990,0.71972,0.72015,1.47,2.25
2011.03.15 15:17:22.209,0.71974,0.7203,3.19,3.19
2011.03.15 15:17:26.490,0.71977,0.72028,1.09,1.09
2011.03.15 15:17:29.060,0.71976,0.72023,1.24,1.32
2011.03.15 15:17:29.171,0.71976,0.72019,1.09,1.32
2011.03.15 15:17:29.280,0.71975,0.72019,1.09,1.32
2011.03.15 15:17:29.610,0.71973,0.72018,1.09,3.19
2011.03.15 15:17:29.940,0.71976,0.72019,1.09,3.57
2011.03.15 15:17:30.791,0.71969,0.72017,1.09,1.32
2011.03.15 15:17:31.010,0.71971,0.72015,1.09,3.19
2011.03.15 15:17:33.261,0.71966,0.72012,1.09,1.32
2011.03.15 15:17:33.481,0.71962,0.72007,1.09,1.32
2011.03.15 15:17:33.811,0.71962,0.72017,1.09,3.19
2011.03.15 15:17:34.140,0.71961,0.7201,1.09,3.19
2011.03.15 15:17:34.472,0.71963,0.72013,1.24,3.19
2011.03.15 15:17:34.580,0.7197,0.72019,1.09,3.57
2011.03.15 15:17:35.351,0.71967,0.72019,1.09,3.19
2011.03.15 15:17:38.521,0.71977,0.7202,1.09,3.19
2011.03.15 15:17:40.611,0.71974,0.72023,1.09,3.19
2011.03.15 15:17:40.722,0.71966,0.7202,1.39,3.57
2011.03.15 15:17:40.940,0.71976,0.72016,1.09,3.19
2011.03.15 15:17:41.161,0.71976,0.72022,1.09,2.44
2011.03.15 15:17:43.150,0.71985,0.72031,1.24,3.19
2011.03.15 15:17:43.686,0.71985,0.72031,1.09,3.19
2011.03.15 15:17:45.623,0.71985,0.72031,1.24,3.19
2011.03.15 15:17:46.211,0.71985,0.72031,1.09,3.19
2011.03.15 15:17:47.377,0.71985,0.72031,1.24,3.19
2011.03.15 15:17:48.251,0.71985,0.72028,1.24,1.32
2011.03.15 15:17:48.579,0.71978,0.72027,1.39,3.19
2011.03.15 15:17:48.950,0.71978,0.72027,1.24,3.19
2011.03.15 15:17:50.100,0.71991,0.7203,1.09,1.32
2011.03.15 15:17:50.581,0.71991,0.72038,1.24,3.57
2011.03.15 15:17:50.690,0.71991,0.72035,1.09,3.19
2011.03.15 15:17:51.080,0.71988,0.72033,1.09,1.32
2011.03.15 15:17:51.704,0.71988,0.72032,1.09,3.19
2011.03.15 15:17:52.806,0.71987,0.72032,1.09,3.19
2011.03.15 15:17:57.731,0.71987,0.72032,1.09,3.19
2011.03.15 15:18:01.720,0.71992,0.72036,1.24,3.19
2011.03.15 15:18:01.860,0.71991,0.72036,1.09,3.19
2011.03.15 15:18:02.080,0.71986,0.72039,1.09,1.09
2011.03.15 15:18:02.409,0.71993,0.72039,1.09,1.32
2011.03.15 15:18:02.522,0.71991,0.72036,1.09,3.19
2011.03.15 15:18:02.959,0.71994,0.72037,1.09,3.19
2011.03.15 15:18:04.535,0.71992,0.72037,1.09,3.19
2011.03.15 15:18:04.759,0.71992,0.72037,1.09,3.19
2011.03.15 15:18:05.655,0.71993,0.72037,1.09,3.19
2011.03.15 15:18:05.881,0.71991,0.72037,1.09,3.19
2011.03.15 15:18:06.221,0.71987,0.72035,1.09,1.32
2011.03.15 15:18:06.711,0.71986,0.72032,1.09,3.19
2011.03.15 15:18:08.359,0.71983,0.72029,1.09,3.19
2011.03.15 15:18:09.260,0.71986,0.72029,1.09,3.19
2011.03.15 15:18:11.661,0.71982,0.72032,1.24,3.19
2011.03.15 15:18:12.211,0.71982,0.72029,1.09,3.19
2011.03.15 15:18:12.811,0.71981,0.72029,1.09,3.19
2011.03.15 15:18:15.710,0.71982,0.72029,1.09,3.19
2011.03.15 15:18:16.729,0.71981,0.72029,1.09,3.34
2011.03.15 15:18:17.291,0.71982,0.72029,1.24,3.19
2011.03.15 15:18:17.619,0.71978,0.72024,1.09,1.32
2011.03.15 15:18:19.491,0.7198,0.72022,1.32,2.25
2011.03.15 15:18:20.042,0.7198,0.72036,3.57,3.19
2011.03.15 15:18:20.397,0.71982,0.72026,1.09,3.19
2011.03.15 15:18:20.512,0.71977,0.72026,1.09,3.19
2011.03.15 15:18:20.730,0.71982,0.72028,1.09,1.32
2011.03.15 15:18:20.950,0.71982,0.72027,1.09,3.19
2011.03.15 15:18:21.171,0.71981,0.72028,1.09,1.32
2011.03.15 15:18:21.346,0.71982,0.72028,1.09,1.32
2011.03.15 15:18:21.691,0.71981,0.72029,1.24,1.32
2011.03.15 15:18:21.911,0.71981,0.72027,1.09,3.19
2011.03.15 15:18:22.130,0.71979,0.72027,1.09,3.19
2011.03.15 15:18:22.241,0.71979,0.72029,1.24,1.32
2011.03.15 15:18:22.460,0.71984,0.72026,1.09,3.19
2011.03.15 15:18:22.682,0.71979,0.72028,1.24,1.32
2011.03.15 15:18:23.011,0.71982,0.72026,1.09,3.19
2011.03.15 15:18:23.120,0.71979,0.72032,1.09,3.19
2011.03.15 15:18:23.490,0.71979,0.72026,1.24,3.19
2011.03.15 15:18:24.314,0.71984,0.72026,1.09,3.19
2011.03.15 15:18:25.304,0.71983,0.72031,1.09,3.19
2011.03.15 15:18:26.950,0.71985,0.72026,1.09,3.19
2011.03.15 15:18:27.170,0.71986,0.7203,1.09,3.19
2011.03.15 15:18:28.579,0.71987,0.72041,1.47,3.19
2011.03.15 15:18:30.270,0.71988,0.72042,3.19,1.32
2011.03.15 15:18:30.710,0.71989,0.7204,1.24,3.19
2011.03.15 15:18:33.049,0.71989,0.72045,1.09,3.57
2011.03.15 15:18:33.661,0.7199,0.72045,1.09,3.57
2011.03.15 15:18:35.712,0.7199,0.72045,1.24,3.57
2011.03.15 15:18:37.230,0.71996,0.72045,1.09,3.19
2011.03.15 15:18:39.923,0.71996,0.72048,1.09,3.34
2011.03.15 15:18:40.250,0.71997,0.72044,1.09,3.19
2011.03.15 15:18:40.970,0.71991,0.72048,1.24,3.34
2011.03.15 15:18:41.080,0.71986,0.72038,1.09,3.19
2011.03.15 15:18:41.300,0.71981,0.72032,1.09,3.19
2011.03.15 15:18:43.790,0.71985,0.72032,1.24,3.19
2011.03.15 15:18:44.240,0.71985,0.72032,1.09,3.19
2011.03.15 15:18:44.354,0.71976,0.72032,2.89,3.19
2011.03.15 15:18:44.461,0.71976,0.72032,2.74,3.19
2011.03.15 15:18:45.643,0.71973,0.72022,1.09,3.19
2011.03.15 15:18:46.193,0.71972,0.72022,1.09,3.19
2011.03.15 15:18:47.061,0.71973,0.72022,1.09,3.19
2011.03.15 15:18:47.644,0.71972,0.72022,1.09,3.19
2011.03.15 15:18:48.644,0.71973,0.72023,1.09,3.19
2011.03.15 15:18:49.191,0.71973,0.72022,1.09,3.19
2011.03.15 15:18:51.762,0.71973,0.72022,1.24,3.19
2011.03.15 15:18:52.364,0.71973,0.72022,1.39,3.19
2011.03.15 15:18:52.582,0.71973,0.72019,1.09,3.19
2011.03.15 15:18:53.694,0.71973,0.72022,1.09,3.19
2011.03.15 15:18:54.240,0.71971,0.72019,1.09,3.19
2011.03.15 15:18:54.680,0.71966,0.72022,2.74,3.19
2011.03.15 15:18:54.790,0.71966,0.72022,2.89,3.19
2011.03.15 15:18:55.010,0.71963,0.72019,1.24,3.19
2011.03.15 15:18:55.450,0.71972,0.72023,1.09,3.19
2011.03.15 15:18:56.530,0.71972,0.72023,1.09,3.19
2011.03.15 15:18:56.751,0.71971,0.72018,1.09,2.25
2011.03.15 15:18:56.859,0.71971,0.72022,1.09,3.19
2011.03.15 15:18:57.740,0.71975,0.7203,1.24,3.19
2011.03.15 15:18:57.960,0.71972,0.72026,1.47,3.19
2011.03.15 15:18:58.770,0.71969,0.72025,2.74,3.19
2011.03.15 15:18:59.212,0.71974,0.7203,2.55,3.19
2011.03.15 15:18:59.649,0.71974,0.7203,2.40,3.19
2011.03.15 15:19:00.540,0.71976,0.72026,1.09,2.44
2011.03.15 15:19:00.911,0.71976,0.7203,1.24,3.19
2011.03.15 15:19:01.180,0.71976,0.72025,1.09,2.44
2011.03.15 15:19:01.410,0.71976,0.7203,1.39,3.19
2011.03.15 15:19:01.740,0.71976,0.72025,1.09,2.44
2011.03.15 15:19:01.960,0.71976,0.72031,1.39,3.19
2011.03.15 15:19:02.190,0.71976,0.72025,1.09,2.44
2011.03.15 15:19:02.410,0.71976,0.7203,1.39,3.19
2011.03.15 15:19:02.740,0.71976,0.72025,1.24,2.44
2011.03.15 15:19:03.401,0.71976,0.72031,1.09,3.19
2011.03.15 15:19:03.509,0.71973,0.72031,3.34,3.19
2011.03.15 15:19:03.839,0.71973,0.72031,3.87,3.57
2011.03.15 15:19:04.171,0.71973,0.72025,1.09,3.19
2011.03.15 15:19:04.710,0.71973,0.72026,1.39,3.19
2011.03.15 15:19:04.940,0.71973,0.72021,1.09,3.19
2011.03.15 15:19:05.160,0.71973,0.72027,1.39,3.19
2011.03.15 15:19:05.490,0.71973,0.72021,1.09,3.19
2011.03.15 15:19:06.180,0.71973,0.72027,1.39,3.19
2011.03.15 15:19:06.401,0.71973,0.72021,1.09,3.19
2011.03.15 15:19:06.620,0.71973,0.72026,1.39,3.19
2011.03.15 15:19:06.990,0.71967,0.72021,1.02,3.19
2011.03.15 15:19:07.210,0.7197,0.72026,3.04,3.19
2011.03.15 15:19:07.540,0.71968,0.72021,1.02,3.19
2011.03.15 15:19:07.870,0.71975,0.72022,1.24,3.19
2011.03.15 15:19:08.089,0.71969,0.72022,1.77,3.19
2011.03.15 15:19:08.529,0.71975,0.72022,1.24,3.19
2011.03.15 15:19:08.751,0.71975,0.72026,1.39,3.19
2011.03.15 15:19:09.119,0.71975,0.72022,1.24,3.19
2011.03.15 15:19:09.223,0.71976,0.72026,1.09,1.32
2011.03.15 15:19:10.745,0.71976,0.72024,1.24,3.19
2011.03.15 15:19:13.280,0.71976,0.72024,1.39,3.19
2011.03.15 15:19:16.020,0.71981,0.72023,1.09,2.44
2011.03.15 15:19:17.700,0.71984,0.72027,1.24,3.19
2011.03.15 15:19:17.810,0.71976,0.72027,1.39,3.19
2011.03.15 15:19:18.030,0.71976,0.7203,3.49,3.19
2011.03.15 15:19:18.489,0.71976,0.7203,3.64,3.57
2011.03.15 15:19:19.730,0.71976,0.72026,1.54,3.19
2011.03.15 15:19:19.881,0.71976,0.72026,1.24,3.19
2011.03.15 15:19:21.151,0.71981,0.72026,1.09,2.25
2011.03.15 15:19:21.260,0.7199,0.72034,1.09,3.19
2011.03.15 15:19:21.810,0.71979,0.72028,1.39,2.44
2011.03.15 15:19:21.920,0.71979,0.72028,1.24,2.44
2011.03.15 15:19:22.443,0.71984,0.72029,2.55,3.19
2011.03.15 15:19:23.926,0.71984,0.72029,2.70,3.19
2011.03.15 15:19:27.141,0.71984,0.72029,2.55,3.19
2011.03.15 15:19:27.472,0.71985,0.7203,2.40,1.32
2011.03.15 15:19:28.601,0.7198,0.72028,2.89,3.19
2011.03.15 15:19:28.710,0.7198,0.72028,2.74,3.19
2011.03.15 15:19:28.930,0.71977,0.72023,1.54,3.19
2011.03.15 15:19:29.150,0.71981,0.72027,2.74,3.19
2011.03.15 15:19:31.086,0.71977,0.72023,1.54,3.19
2011.03.15 15:19:31.205,0.71977,0.72023,1.39,3.19
2011.03.15 15:19:31.759,0.71977,0.72023,1.24,3.19
2011.03.15 15:19:31.875,0.71977,0.72023,1.54,3.19
2011.03.15 15:19:32.454,0.71977,0.72023,1.24,3.19
2011.03.15 15:19:33.750,0.71977,0.72023,1.54,3.19
2011.03.15 15:19:35.429,0.71977,0.72023,1.24,3.19
2011.03.15 15:19:35.650,0.71977,0.72023,1.54,3.19
2011.03.15 15:19:39.011,0.71977,0.72023,1.39,3.19
2011.03.15 15:19:39.920,0.71977,0.72023,1.24,3.19
2011.03.15 15:19:44.726,0.7198,0.72026,2.74,3.19
2011.03.15 15:19:47.615,0.7198,0.72026,2.89,3.19
2011.03.15 15:19:47.720,0.71985,0.72026,1.24,3.19
2011.03.15 15:19:49.430,0.71985,0.72026,1.09,3.19
2011.03.15 15:19:50.431,0.71982,0.72026,1.09,2.25
2011.03.15 15:19:50.539,0.71986,0.72034,3.19,3.19
2011.03.15 15:19:51.240,0.71986,0.72034,3.34,3.19
2011.03.15 15:19:51.840,0.71984,0.72029,3.34,2.44
2011.03.15 15:19:53.870,0.71984,0.72029,3.49,2.44
2011.03.15 15:19:54.271,0.71984,0.72029,3.34,2.44
2011.03.15 15:19:55.704,0.71984,0.7203,1.24,2.44
2011.03.15 15:20:01.260,0.71984,0.7203,1.39,2.44
2011.03.15 15:20:04.109,0.71984,0.72026,1.39,2.25
2011.03.15 15:20:04.383,0.71984,0.72026,1.24,2.25
2011.03.15 15:20:04.932,0.71984,0.72029,3.49,2.44
2011.03.15 15:20:06.053,0.71984,0.72029,3.64,2.44
2011.03.15 15:20:09.191,0.71984,0.72029,3.49,2.44
2011.03.15 15:20:09.980,0.71984,0.72031,3.64,3.19
2011.03.15 15:20:10.201,0.71984,0.72027,1.24,2.44
2011.03.15 15:20:11.390,0.71985,0.72027,1.24,3.19
2011.03.15 15:20:11.891,0.71985,0.72027,1.24,3.19
2011.03.15 15:20:14.634,0.71985,0.72027,1.24,3.19
2011.03.15 15:20:15.320,0.71992,0.72027,1.09,3.19
2011.03.15 15:20:15.650,0.71988,0.72027,1.09,3.19
2011.03.15 15:20:15.760,0.71991,0.72027,1.09,3.19
2011.03.15 15:20:16.501,0.71989,0.72032,1.09,3.19
2011.03.15 15:20:16.830,0.71991,0.72027,1.09,3.19
2011.03.15 15:20:17.170,0.71989,0.72027,1.09,3.19
2011.03.15 15:20:17.622,0.71989,0.72027,1.24,3.19
2011.03.15 15:20:18.201,0.71989,0.72027,1.09,2.44
2011.03.15 15:20:18.421,0.71985,0.72033,3.64,3.57
2011.03.15 15:20:18.860,0.71997,0.72029,1.09,2.25
2011.03.15 15:20:18.970,0.71997,0.72044,1.09,3.19
2011.03.15 15:20:20.181,0.71998,0.72044,1.09,3.19
2011.03.15 15:20:20.850,0.71998,0.72044,1.24,3.19
2011.03.15 15:20:20.992,0.71998,0.72044,1.09,3.19
2011.03.15 15:20:21.100,0.72001,0.72044,1.09,3.19
2011.03.15 15:20:21.650,0.72001,0.72048,2.59,3.57
2011.03.15 15:20:22.060,0.72002,0.72048,1.09,3.19
2011.03.15 15:20:22.401,0.72001,0.72044,1.09,3.19
2011.03.15 15:20:22.740,0.72001,0.72044,1.24,3.19
2011.03.15 15:20:23.421,0.72001,0.72044,1.09,3.19
2011.03.15 15:20:23.531,0.72001,0.72049,1.09,3.19
2011.03.15 15:20:23.971,0.72,0.72043,2.55,1.32
2011.03.15 15:20:24.303,0.71998,0.72039,1.09,2.44
2011.03.15 15:20:24.411,0.71998,0.72043,3.49,1.32
2011.03.15 15:20:24.741,0.71998,0.7204,1.09,2.44
2011.03.15 15:20:25.180,0.71998,0.7204,1.24,2.44
2011.03.15 15:20:25.510,0.71998,0.7204,1.09,2.44
2011.03.15 15:20:26.170,0.71998,0.72039,1.24,2.44
2011.03.15 15:20:26.450,0.71998,0.72039,1.09,2.44
2011.03.15 15:20:27.111,0.71998,0.7204,1.24,2.44
2011.03.15 15:20:27.440,0.71998,0.7204,1.09,2.44
2011.03.15 15:20:27.771,0.71997,0.72045,2.40,3.19
2011.03.15 15:20:27.991,0.71997,0.72045,3.49,3.19
2011.03.15 15:20:28.100,0.71997,0.72045,3.34,3.57
2011.03.15 15:20:28.213,0.71995,0.72036,1.24,3.19
2011.03.15 15:20:29.279,0.71993,0.72041,2.74,3.57
2011.03.15 15:20:29.720,0.71996,0.72036,1.24,3.19
2011.03.15 15:20:29.940,0.71994,0.7204,2.74,3.19
2011.03.15 15:20:30.981,0.71996,0.72035,1.24,2.44
2011.03.15 15:20:31.842,0.72,0.72035,1.09,2.25
2011.03.15 15:20:32.060,0.71998,0.72046,3.19,3.19
2011.03.15 15:20:33.180,0.72003,0.72049,2.44,3.19
2011.03.15 15:20:33.521,0.72011,0.72058,3.19,3.19
2011.03.15 15:20:33.850,0.72007,0.72053,1.09,3.19
2011.03.15 15:20:33.960,0.72007,0.72053,1.09,3.57
2011.03.15 15:20:34.950,0.72003,0.7205,1.09,3.57
2011.03.15 15:20:36.760,0.72006,0.72046,1.09,3.19
2011.03.15 15:20:39.982,0.72006,0.72049,1.09,3.19
2011.03.15 15:20:40.310,0.72003,0.72048,2.25,1.32
2011.03.15 15:20:41.083,0.71998,0.72044,2.59,3.19
2011.03.15 15:20:41.665,0.71998,0.72044,2.74,3.19
2011.03.15 15:20:42.260,0.72001,0.72048,2.40,3.34
2011.03.15 15:20:42.410,0.72001,0.72048,2.55,3.19
2011.03.15 15:20:42.736,0.72001,0.72048,2.40,3.34
2011.03.15 15:20:42.952,0.72001,0.72048,3.34,3.34
2011.03.15 15:20:43.220,0.72001,0.72048,3.34,3.72
2011.03.15 15:20:43.552,0.72002,0.72043,1.09,3.19
2011.03.15 15:20:43.770,0.71999,0.72047,2.40,3.57
2011.03.15 15:20:43.990,0.71996,0.72042,1.09,2.25
2011.03.15 15:20:44.099,0.72001,0.72055,3.19,3.19
2011.03.15 15:20:44.995,0.72009,0.72057,2.25,3.19
2011.03.15 15:20:45.430,0.72009,0.72057,2.40,3.19
2011.03.15 15:20:45.760,0.72011,0.72057,1.09,3.19
2011.03.15 15:20:45.980,0.72013,0.72061,3.19,2.44
2011.03.15 15:20:48.288,0.7202,0.72066,3.19,3.19
2011.03.15 15:20:50.240,0.72017,0.72064,3.19,3.19
2011.03.15 15:20:52.450,0.72021,0.72067,3.19,3.19
2011.03.15 15:20:55.590,0.72022,0.72063,1.09,3.19
2011.03.15 15:20:56.072,0.72022,0.72063,1.24,3.19
2011.03.15 15:20:57.020,0.72022,0.72063,1.09,3.19
2011.03.15 15:20:57.550,0.72018,0.72063,2.74,3.19
2011.03.15 15:20:57.770,0.72017,0.7206,1.09,2.44
2011.03.15 15:20:58.277,0.72022,0.72068,2.25,3.19
2011.03.15 15:20:58.723,0.72022,0.72068,2.70,3.19
2011.03.15 15:20:58.941,0.72022,0.72068,2.40,3.19
2011.03.15 15:21:00.360,0.72018,0.72061,1.24,3.19
2011.03.15 15:21:00.472,0.72018,0.72061,1.09,3.19
2011.03.15 15:21:00.581,0.7202,0.72066,3.49,3.19
2011.03.15 15:21:01.010,0.72026,0.72066,1.09,2.44
2011.03.15 15:21:01.340,0.72029,0.72077,3.19,3.19
2011.03.15 15:21:01.780,0.72025,0.72073,3.19,3.19
2011.03.15 15:21:09.471,0.72014,0.7206,2.59,3.19
2011.03.15 15:21:10.480,0.72014,0.7206,2.59,3.19
2011.03.15 15:21:11.002,0.72019,0.72065,3.19,3.19
2011.03.15 15:21:12.050,0.72015,0.72061,3.19,3.57
2011.03.15 15:21:13.790,0.72011,0.72056,1.09,2.44
2011.03.15 15:21:20.251,0.72016,0.72061,1.24,3.19
2011.03.15 15:21:22.916,0.72016,0.72061,1.09,3.19
2011.03.15 15:21:23.231,0.72016,0.72061,1.24,3.19
2011.03.15 15:21:23.560,0.7202,0.72066,3.19,3.19
2011.03.15 15:21:23.781,0.7202,0.72066,3.19,2.44
2011.03.15 15:21:25.790,0.72025,0.72071,2.59,3.19
2011.03.15 15:21:29.571,0.72027,0.72071,1.09,3.19
2011.03.15 15:21:30.340,0.72031,0.72079,3.19,3.34
2011.03.15 15:21:31.441,0.72031,0.72078,2.44,1.09
2011.03.15 15:21:31.771,0.72027,0.72073,2.25,3.19
2011.03.15 15:21:31.880,0.72017,0.72064,3.19,3.19
2011.03.15 15:21:34.861,0.72011,0.72062,1.09,3.19
2011.03.15 15:21:35.362,0.72016,0.72065,2.25,3.19
2011.03.15 15:21:37.490,0.72016,0.72065,2.55,3.19
2011.03.15 15:21:43.720,0.72037,0.72082,2.44,1.32
2011.03.15 15:21:43.830,0.72037,0.72083,2.44,3.34
2011.03.15 15:21:44.050,0.72037,0.72083,3.19,3.19
2011.03.15 15:21:48.590,0.72041,0.72089,3.34,3.19
2011.03.15 15:21:49.041,0.72046,0.72089,2.44,1.09
2011.03.15 15:21:49.262,0.72039,0.7209,3.19,2.59
2011.03.15 15:21:49.931,0.72047,0.72093,2.25,2.59
2011.03.15 15:21:50.710,0.72047,0.72093,2.25,2.44
2011.03.15 15:21:52.180,0.72047,0.72093,3.19,2.44
2011.03.15 15:21:52.891,0.72043,0.72089,3.19,2.25
2011.03.15 15:21:53.440,0.72048,0.72094,3.19,2.44
2011.03.15 15:21:53.770,0.72043,0.72089,3.19,2.25
2011.03.15 15:21:58.282,0.72038,0.72085,2.40,2.44
2011.03.15 15:22:00.392,0.72038,0.72085,2.40,2.82
2011.03.15 15:22:00.610,0.72031,0.72077,2.89,3.19
2011.03.15 15:22:01.212,0.72036,0.72082,1.09,3.19
2011.03.15 15:22:04.522,0.72036,0.72082,1.09,3.19
2011.03.15 15:22:08.523,0.72035,0.72081,2.44,3.19
2011.03.15 15:22:08.852,0.7204,0.72088,3.19,3.19
2011.03.15 15:22:09.290,0.7204,0.72088,3.19,2.25
2011.03.15 15:22:09.511,0.72046,0.72091,3.19,1.32
2011.03.15 15:22:09.730,0.72037,0.72083,3.34,2.25
2011.03.15 15:22:09.840,0.72037,0.72083,3.34,2.25
2011.03.15 15:22:09.950,0.72042,0.72088,3.19,2.25
2011.03.15 15:22:10.620,0.72042,0.72088,3.19,2.25
2011.03.15 15:22:10.731,0.72045,0.72093,3.19,2.63
2011.03.15 15:22:10.840,0.72045,0.72092,2.25,1.32
2011.03.15 15:22:11.740,0.72035,0.72083,3.19,2.44
2011.03.15 15:22:12.721,0.72035,0.72083,2.25,3.34
2011.03.15 15:22:12.831,0.72028,0.72079,3.19,3.34
2011.03.15 15:22:13.270,0.72026,0.72072,3.34,2.25
2011.03.15 15:22:13.710,0.7203,0.72076,2.44,2.44
2011.03.15 15:22:14.634,0.72033,0.7208,2.25,3.19
2011.03.15 15:22:14.963,0.72025,0.72075,2.44,1.32
2011.03.15 15:22:15.721,0.72026,0.72074,3.19,2.44
2011.03.15 15:22:18.731,0.72029,0.72075,1.32,2.25
2011.03.15 15:22:19.423,0.72032,0.7208,1.09,3.19
2011.03.15 15:22:20.002,0.72035,0.7208,1.09,3.19
2011.03.15 15:22:20.684,0.72032,0.72076,1.09,2.25
2011.03.15 15:22:20.900,0.72037,0.72082,1.09,3.19
2011.03.15 15:22:21.221,0.72037,0.72082,1.09,2.25
2011.03.15 15:22:21.440,0.72038,0.72086,3.19,2.25
2011.03.15 15:22:21.900,0.72035,0.72082,3.19,2.25
2011.03.15 15:22:22.450,0.72042,0.72082,1.09,2.44
2011.03.15 15:22:22.680,0.72042,0.72078,1.09,2.25
2011.03.15 15:22:25.021,0.72031,0.72074,1.09,3.19
2011.03.15 15:22:25.791,0.72025,0.72072,1.24,3.19
2011.03.15 15:22:27.132,0.72025,0.72067,1.09,3.19
2011.03.15 15:22:27.939,0.72025,0.72067,1.24,3.19
2011.03.15 15:22:28.803,0.72025,0.72067,1.09,3.19
2011.03.15 15:22:29.970,0.72025,0.72067,1.09,3.19
2011.03.15 15:22:32.570,0.72025,0.72063,1.24,3.19
2011.03.15 15:22:32.681,0.72025,0.72063,1.09,3.19
2011.03.15 15:22:33.641,0.72016,0.72061,1.39,3.19
2011.03.15 15:22:34.090,0.72016,0.72064,1.24,3.19
2011.03.15 15:22:34.340,0.72016,0.72064,1.39,3.19
2011.03.15 15:22:35.274,0.72021,0.72064,1.24,3.19
2011.03.15 15:22:35.492,0.72026,0.7207,1.09,3.19
2011.03.15 15:22:35.711,0.72022,0.7207,3.19,3.19
2011.03.15 15:22:37.542,0.72021,0.72063,1.09,3.19
2011.03.15 15:22:37.871,0.72011,0.72055,1.09,3.19
2011.03.15 15:22:49.552,0.72021,0.72058,1.09,2.25
2011.03.15 15:22:50.060,0.72019,0.7207,1.32,2.44
2011.03.15 15:22:50.281,0.72027,0.72072,1.32,2.25
2011.03.15 15:22:50.389,0.7203,0.72082,3.19,3.34
2011.03.15 15:22:50.830,0.72026,0.72077,1.09,3.19
2011.03.15 15:22:51.711,0.72026,0.72069,1.09,3.19
2011.03.15 15:22:52.072,0.72026,0.72069,1.09,3.19
2011.03.15 15:22:52.583,0.72027,0.7207,1.09,3.19
2011.03.15 15:22:53.145,0.72021,0.7207,1.39,3.19
2011.03.15 15:22:53.361,0.72026,0.72063,1.24,3.19
2011.03.15 15:22:53.581,0.72022,0.72066,1.09,2.44
2011.03.15 15:22:54.021,0.72019,0.72065,1.24,3.19
2011.03.15 15:22:56.091,0.72019,0.72065,1.39,3.19
2011.03.15 15:22:56.201,0.72019,0.72065,1.24,3.19
2011.03.15 15:22:56.420,0.72026,0.72065,1.09,2.44
2011.03.15 15:22:59.070,0.72026,0.72069,1.09,3.19
2011.03.15 15:22:59.615,0.72032,0.72077,1.09,3.19
2011.03.15 15:23:02.180,0.72026,0.72077,1.09,3.19
2011.03.15 15:23:02.980,0.72029,0.72079,3.19,1.09
2011.03.15 15:23:03.201,0.72025,0.72072,2.25,1.32
2011.03.15 15:23:03.310,0.72015,0.72065,3.19,3.19
2011.03.15 15:23:03.990,0.7202,0.7207,3.19,3.19
2011.03.15 15:23:06.232,0.72027,0.72071,1.09,3.19
2011.03.15 15:23:06.701,0.72021,0.72071,3.19,2.44
2011.03.15 15:23:07.030,0.72027,0.72071,1.09,3.19
2011.03.15 15:23:08.050,0.72026,0.72076,1.09,3.19
2011.03.15 15:23:10.990,0.72024,0.72076,3.49,3.19
2011.03.15 15:23:12.694,0.72024,0.72071,1.24,3.19
2011.03.15 15:23:13.650,0.72031,0.72071,1.09,2.44
2011.03.15 15:23:13.981,0.72031,0.72076,1.09,3.19
2011.03.15 15:23:14.923,0.72023,0.72074,3.19,3.19
2011.03.15 15:23:16.480,0.72027,0.72073,1.32,3.19
2011.03.15 15:23:16.921,0.72028,0.72079,3.19,1.09
2011.03.15 15:23:17.923,0.72022,0.72078,1.32,3.34
2011.03.15 15:23:18.250,0.72022,0.72059,1.32,2.25
2011.03.15 15:23:18.362,0.72014,0.72066,3.19,2.44
2011.03.15 15:23:18.470,0.72014,0.72066,2.44,3.19
2011.03.15 15:23:21.089,0.72017,0.72066,1.09,3.19
2011.03.15 15:23:24.971,0.72022,0.72066,1.32,2.25
2011.03.15 15:23:25.080,0.72025,0.72077,3.19,3.19
2011.03.15 15:23:25.191,0.72027,0.72074,2.44,1.09
2011.03.15 15:23:25.819,0.7202,0.72069,2.44,3.19
2011.03.15 15:23:26.840,0.72021,0.72069,1.09,3.19
2011.03.15 15:23:27.291,0.7202,0.72069,2.59,3.19
2011.03.15 15:23:27.739,0.72012,0.72059,1.24,3.19
2011.03.15 15:23:28.061,0.72021,0.72063,1.09,2.44
2011.03.15 15:23:29.260,0.72022,0.72074,3.19,3.19
2011.03.15 15:23:30.971,0.72026,0.72078,3.34,3.19
2011.03.15 15:23:32.009,0.72026,0.72078,2.59,3.34
2011.03.15 15:23:32.780,0.72021,0.72066,1.09,3.19
2011.03.15 15:23:33.922,0.72021,0.72066,1.09,2.44
2011.03.15 15:23:34.741,0.7202,0.72071,1.09,3.19
2011.03.15 15:23:35.188,0.72022,0.72066,1.32,2.25
2011.03.15 15:23:35.301,0.72026,0.72074,3.19,1.09
2011.03.15 15:23:47.681,0.72026,0.72078,3.49,3.34
2011.03.15 15:23:47.791,0.72026,0.72075,3.34,1.32
2011.03.15 15:23:49.461,0.72026,0.72076,2.44,3.19
2011.03.15 15:23:50.231,0.72031,0.72076,1.09,2.44
2011.03.15 15:23:51.951,0.7203,0.72082,3.19,2.82
2011.03.15 15:23:52.281,0.72036,0.72078,1.09,3.19
2011.03.15 15:23:52.390,0.7204,0.72089,3.19,3.19
2011.03.15 15:23:53.980,0.72036,0.72082,1.09,3.19
2011.03.15 15:23:56.361,0.72032,0.72078,3.34,1.32
2011.03.15 15:23:56.581,0.72031,0.72074,1.09,3.19
2011.03.15 15:23:57.261,0.72031,0.72082,1.09,3.19
2011.03.15 15:23:57.481,0.72031,0.72079,1.09,3.19
2011.03.15 15:24:03.000,0.72026,0.72073,2.59,1.09
2011.03.15 15:24:03.741,0.72023,0.72067,1.24,3.19
2011.03.15 15:24:03.960,0.72023,0.72072,1.09,3.19
2011.03.15 15:24:04.181,0.72027,0.72077,1.09,3.19
2011.03.15 15:24:06.990,0.72028,0.72077,1.09,3.19
2011.03.15 15:24:07.397,0.72028,0.72077,1.24,3.19
2011.03.15 15:24:07.691,0.72027,0.72077,1.09,3.19
2011.03.15 15:24:08.237,0.72031,0.72081,3.19,3.19
2011.03.15 15:24:11.711,0.72036,0.72081,1.24,3.19
2011.03.15 15:24:11.825,0.72036,0.72081,1.09,3.19
2011.03.15 15:24:17.147,0.72036,0.72081,1.24,3.19
2011.03.15 15:24:17.250,0.72036,0.72081,1.09,3.19
2011.03.15 15:24:17.360,0.72036,0.72081,1.24,3.19
2011.03.15 15:24:17.479,0.72036,0.72081,1.09,3.19
2011.03.15 15:24:19.711,0.72036,0.72081,1.09,3.19
2011.03.15 15:24:20.820,0.72038,0.72088,3.19,3.19
2011.03.15 15:24:21.261,0.72033,0.72079,2.25,1.32
2011.03.15 15:24:21.370,0.72026,0.72074,1.09,3.19
2011.03.15 15:24:24.011,0.72029,0.72074,1.09,3.19
2011.03.15 15:24:24.342,0.72021,0.72069,1.24,3.19
2011.03.15 15:24:25.520,0.72021,0.72069,1.24,3.19
2011.03.15 15:24:25.676,0.72021,0.72069,1.09,3.19
2011.03.15 15:24:26.207,0.7202,0.72069,1.09,3.19
2011.03.15 15:24:29.710,0.72012,0.72061,1.09,3.19
2011.03.15 15:24:30.411,0.72017,0.72063,1.09,2.44
2011.03.15 15:24:32.070,0.7202,0.72063,1.09,3.19
2011.03.15 15:24:32.542,0.72024,0.72075,3.19,3.19
2011.03.15 15:24:32.762,0.72024,0.72075,3.57,3.19
2011.03.15 15:24:32.870,0.72027,0.72078,3.19,1.09
2011.03.15 15:24:35.281,0.7202,0.72069,3.19,3.19
2011.03.15 15:24:36.522,0.7202,0.72069,3.19,3.57
2011.03.15 15:24:38.411,0.72022,0.72065,1.09,3.19
2011.03.15 15:24:39.081,0.72023,0.72073,3.19,3.34
2011.03.15 15:24:41.441,0.72023,0.72073,2.44,3.34
2011.03.15 15:24:41.662,0.72027,0.72078,3.19,1.09
2011.03.15 15:24:43.070,0.72026,0.72076,2.59,3.19
2011.03.15 15:24:43.620,0.72025,0.72074,2.25,3.34
2011.03.15 15:24:43.731,0.72016,0.72069,1.09,1.32
2011.03.15 15:24:43.952,0.72019,0.72066,1.32,2.44
2011.03.15 15:24:47.470,0.72027,0.72077,3.34,3.19
2011.03.15 15:24:47.910,0.72032,0.72077,1.09,3.19
2011.03.15 15:24:49.211,0.72027,0.72077,3.34,1.32
2011.03.15 15:24:49.431,0.72027,0.72072,1.09,3.19
2011.03.15 15:24:51.051,0.7203,0.72079,3.19,3.19
2011.03.15 15:24:51.160,0.7203,0.72079,3.19,3.19
2011.03.15 15:24:51.649,0.72025,0.72074,2.44,3.19
2011.03.15 15:24:52.041,0.72026,0.72069,1.09,3.19
2011.03.15 15:24:54.471,0.72022,0.72069,1.09,3.19
2011.03.15 15:24:55.740,0.72023,0.72073,3.19,2.59
2011.03.15 15:24:59.638,0.72027,0.72077,3.19,3.19
2011.03.15 15:25:00.011,0.72027,0.72074,3.57,1.09
2011.03.15 15:25:00.340,0.72031,0.72079,2.44,1.09
2011.03.15 15:25:00.814,0.72017,0.72074,3.19,3.19
2011.03.15 15:25:01.193,0.72016,0.72064,1.09,3.19
2011.03.15 15:25:01.741,0.72012,0.7206,1.09,3.19
2011.03.15 15:25:01.961,0.72003,0.72054,1.09,1.32
2011.03.15 15:25:02.511,0.72007,0.72058,1.09,3.19
2011.03.15 15:25:04.251,0.72017,0.72059,1.09,2.44
2011.03.15 15:25:06.242,0.72017,0.72065,1.09,3.19
2011.03.15 15:25:06.791,0.72018,0.72073,3.19,3.72
2011.03.15 15:25:07.010,0.72016,0.72068,2.59,3.19
2011.03.15 15:25:07.342,0.72013,0.72064,1.09,3.19
2011.03.15 15:25:07.910,0.72011,0.72058,1.09,3.19
2011.03.15 15:25:08.241,0.72009,0.72058,2.44,3.57
2011.03.15 15:25:09.258,0.72012,0.72054,1.09,3.19
2011.03.15 15:25:10.089,0.7201,0.72057,1.09,3.19
2011.03.15 15:25:10.420,0.72007,0.72053,1.09,3.19
2011.03.15 15:25:10.750,0.72007,0.72053,1.09,2.44
2011.03.15 15:25:12.503,0.72006,0.72058,3.34,3.57
2011.03.15 15:25:14.012,0.72007,0.72054,1.09,3.19
2011.03.15 15:25:18.272,0.7201,0.72058,1.09,3.19
2011.03.15 15:25:19.221,0.72004,0.72056,2.74,3.19
2011.03.15 15:25:21.291,0.72009,0.72061,3.19,3.19
2011.03.15 15:25:22.182,0.72011,0.72061,1.09,3.19
2011.03.15 15:25:22.951,0.72017,0.72061,1.09,3.19
2011.03.15 15:25:23.280,0.72014,0.72066,3.19,3.19
2011.03.15 15:25:23.501,0.72014,0.72066,3.57,3.19
2011.03.15 15:25:24.193,0.72017,0.72064,3.19,1.09
2011.03.15 15:25:24.532,0.7202,0.72068,2.44,1.09
2011.03.15 15:25:28.330,0.72014,0.72063,2.44,3.19
2011.03.15 15:25:28.660,0.72014,0.72063,2.59,3.19
2011.03.15 15:25:29.512,0.72007,0.72055,1.09,3.19
2011.03.15 15:25:29.731,0.72007,0.72053,1.09,2.44
2011.03.15 15:25:31.491,0.72008,0.72057,3.19,3.19
2011.03.15 15:25:31.821,0.72012,0.72063,1.09,3.57
2011.03.15 15:25:32.040,0.72009,0.72058,2.44,3.19
2011.03.15 15:25:32.971,0.72007,0.72054,1.24,3.19
2011.03.15 15:25:33.201,0.72012,0.72054,1.09,2.25
2011.03.15 15:25:33.531,0.72015,0.72065,1.32,3.19
2011.03.15 15:25:33.641,0.72021,0.7207,2.25,3.19
2011.03.15 15:25:33.860,0.72016,0.72066,3.34,3.19
2011.03.15 15:25:34.820,0.72018,0.72066,1.32,3.19
2011.03.15 15:25:35.260,0.7202,0.72069,2.44,3.19
2011.03.15 15:25:37.421,0.72018,0.72067,1.09,3.19
2011.03.15 15:25:38.400,0.72022,0.72067,1.09,2.44
2011.03.15 15:25:38.622,0.72011,0.72058,1.09,2.25
2011.03.15 15:25:38.841,0.72009,0.72066,3.19,2.63
2011.03.15 15:25:38.951,0.72009,0.72066,3.19,3.57
2011.03.15 15:25:40.011,0.72011,0.72063,2.44,3.34
2011.03.15 15:25:44.901,0.72011,0.72063,2.74,3.34
2011.03.15 15:25:45.029,0.72011,0.72061,2.59,1.09
2011.03.15 15:25:45.891,0.72011,0.72063,2.74,3.19
2011.03.15 15:25:46.028,0.72011,0.72063,2.89,3.19
2011.03.15 15:25:46.379,0.72011,0.72063,2.74,3.34
2011.03.15 15:25:46.600,0.72016,0.72063,1.09,2.44
2011.03.15 15:25:48.880,0.72021,0.72073,2.74,3.34
2011.03.15 15:25:49.408,0.72021,0.72069,2.59,1.09
2011.03.15 15:25:49.881,0.72021,0.72073,2.74,3.34
2011.03.15 15:25:50.550,0.72024,0.72073,1.09,3.34
2011.03.15 15:25:50.682,0.72027,0.72073,1.09,2.40
2011.03.15 15:25:51.191,0.7203,0.72078,3.19,1.47
2011.03.15 15:25:51.520,0.7202,0.72069,3.19,3.19
2011.03.15 15:25:57.012,0.7202,0.7207,1.24,3.19
2011.03.15 15:25:58.531,0.72024,0.72075,2.59,3.19
2011.03.15 15:25:58.962,0.72025,0.72075,1.32,3.19
2011.03.15 15:26:01.738,0.72033,0.7208,1.09,3.19
2011.03.15 15:26:14.151,0.72031,0.72079,1.09,1.09
2011.03.15 15:26:14.482,0.72029,0.7208,3.19,2.44
2011.03.15 15:26:14.702,0.72032,0.7208,2.25,1.32
2011.03.15 15:26:15.251,0.72026,0.72077,3.19,3.57
2011.03.15 15:26:33.015,0.72024,0.7207,1.24,3.19
2011.03.15 15:26:33.830,0.72027,0.7207,1.24,2.44
2011.03.15 15:26:34.271,0.72024,0.72075,3.57,3.19
2011.03.15 15:26:36.744,0.72033,0.7208,1.09,3.19
2011.03.15 15:26:37.501,0.72032,0.72078,1.09,1.09
2011.03.15 15:26:44.923,0.72026,0.72076,1.24,3.19
2011.03.15 15:26:46.190,0.72026,0.72071,1.09,3.19
2011.03.15 15:26:46.941,0.72024,0.7207,1.09,1.32
2011.03.15 15:26:47.270,0.72024,0.72066,1.24,3.19
2011.03.15 15:26:47.652,0.72021,0.72066,1.09,3.19
2011.03.15 15:26:50.291,0.72018,0.72066,1.09,3.19
2011.03.15 15:26:51.202,0.72016,0.72063,1.09,3.19
2011.03.15 15:26:52.701,0.72018,0.72063,1.09,3.19
2011.03.15 15:27:02.001,0.72016,0.72063,1.09,3.19
2011.03.15 15:27:02.572,0.72018,0.72063,1.09,3.19
2011.03.15 15:27:03.252,0.72016,0.72063,1.09,3.19
2011.03.15 15:27:03.932,0.72018,0.72063,1.09,3.19
2011.03.15 15:27:13.962,0.72018,0.72063,1.24,3.19
2011.03.15 15:27:14.850,0.72018,0.72063,1.09,3.19
2011.03.15 15:27:14.961,0.72016,0.72063,1.09,3.19
2011.03.15 15:27:20.430,0.72018,0.72067,1.24,3.19
2011.03.15 15:27:22.671,0.72019,0.72067,1.09,3.57
2011.03.15 15:27:23.002,0.72023,0.72064,1.09,3.19
2011.03.15 15:27:31.001,0.72018,0.72067,1.09,3.57
2011.03.15 15:27:31.551,0.72023,0.72063,1.09,3.19
2011.03.15 15:27:36.971,0.72017,0.72064,2.25,1.09
2011.03.15 15:27:37.190,0.72011,0.7206,1.09,3.19
2011.03.15 15:27:37.300,0.72011,0.7206,1.24,3.19
2011.03.15 15:27:37.630,0.72008,0.72057,2.59,3.57
2011.03.15 15:27:43.431,0.72006,0.72046,1.09,1.32
2011.03.15 15:27:43.760,0.71992,0.72043,3.64,3.19
2011.03.15 15:27:43.981,0.71992,0.72043,3.64,3.19
2011.03.15 15:27:44.311,0.71995,0.7205,1.39,3.19
2011.03.15 15:27:45.162,0.72002,0.72053,2.40,3.19
2011.03.15 15:27:45.710,0.71998,0.72049,2.59,3.19
2011.03.15 15:27:46.641,0.71998,0.72049,2.89,3.19
2011.03.15 15:27:47.233,0.71998,0.72049,2.74,3.19
2011.03.15 15:27:48.148,0.71998,0.72049,2.89,3.19
2011.03.15 15:27:49.744,0.71998,0.72049,2.89,3.19
2011.03.15 15:27:51.420,0.71998,0.72049,2.74,3.19
2011.03.15 15:27:52.512,0.71998,0.72049,2.59,3.34
2011.03.15 15:27:52.620,0.71998,0.72049,2.74,3.19
2011.03.15 15:27:56.521,0.71998,0.72048,2.59,1.09
2011.03.15 15:27:56.631,0.71998,0.72049,2.44,3.19
2011.03.15 15:27:57.432,0.71995,0.72043,1.09,2.25
2011.03.15 15:27:58.112,0.71995,0.72043,1.24,2.25
2011.03.15 15:27:58.931,0.71995,0.72043,1.09,2.25
2011.03.15 15:28:00.783,0.71995,0.72043,1.24,2.25
2011.03.15 15:28:01.486,0.71995,0.72043,1.39,2.25
2011.03.15 15:28:01.701,0.71995,0.72043,1.24,2.25
2011.03.15 15:28:02.331,0.71998,0.72043,1.09,3.19
2011.03.15 15:28:04.909,0.71998,0.72043,1.24,3.19
2011.03.15 15:28:05.772,0.71998,0.72043,1.09,3.19
2011.03.15 15:28:08.022,0.71996,0.72039,1.24,3.19
2011.03.15 15:28:09.731,0.71996,0.72039,1.09,3.19
2011.03.15 15:28:09.951,0.71994,0.72035,1.09,3.19
2011.03.15 15:28:10.281,0.71989,0.7204,3.64,1.32
2011.03.15 15:28:10.801,0.71989,0.72039,3.64,1.32
2011.03.15 15:28:11.241,0.71982,0.72031,4.17,3.19
2011.03.15 15:28:11.461,0.71982,0.72031,3.94,3.19
2011.03.15 15:28:12.755,0.71982,0.72031,3.79,3.19
2011.03.15 15:28:13.731,0.7199,0.72036,1.24,3.57
2011.03.15 15:28:13.841,0.7199,0.72036,1.09,3.57
2011.03.15 15:28:13.953,0.71992,0.72032,1.09,3.19
2011.03.15 15:28:14.282,0.71997,0.72032,1.09,2.44
2011.03.15 15:28:14.623,0.71991,0.72038,1.09,3.19
2011.03.15 15:28:15.728,0.71996,0.72038,1.24,3.19
2011.03.15 15:28:16.732,0.71997,0.72038,1.09,2.25
2011.03.15 15:28:16.950,0.71999,0.72048,3.19,3.19
2011.03.15 15:28:17.981,0.72002,0.72048,1.09,3.19
2011.03.15 15:28:19.261,0.71997,0.72045,1.24,3.57
2011.03.15 15:28:19.591,0.71993,0.72041,1.24,3.19
2011.03.15 15:28:20.364,0.71993,0.72038,1.09,3.19
2011.03.15 15:28:21.934,0.71991,0.72035,1.24,3.19
2011.03.15 15:28:22.552,0.71992,0.72038,1.24,3.19
2011.03.15 15:28:22.661,0.71989,0.72038,2.59,3.19
2011.03.15 15:28:22.771,0.71989,0.72038,2.74,3.19
2011.03.15 15:28:23.831,0.71987,0.72035,1.54,3.19
2011.03.15 15:28:24.632,0.71996,0.72035,1.24,3.19
2011.03.15 15:28:24.853,0.71991,0.72035,1.09,3.19
2011.03.15 15:28:24.962,0.7199,0.72035,1.09,3.19
2011.03.15 15:28:25.181,0.71992,0.72038,1.09,2.44
2011.03.15 15:28:27.540,0.71991,0.72037,1.24,3.19
2011.03.15 15:28:29.231,0.71991,0.72037,1.39,3.19
2011.03.15 15:28:30.991,0.71993,0.72035,2.25,1.32
2011.03.15 15:28:31.541,0.71989,0.72035,1.09,2.44
2011.03.15 15:28:31.651,0.71989,0.72039,1.24,3.19
2011.03.15 15:28:32.781,0.71993,0.72042,2.74,3.19
2011.03.15 15:28:33.198,0.71993,0.72042,2.59,3.19
2011.03.15 15:28:33.311,0.71996,0.72042,1.09,3.19
2011.03.15 15:28:33.641,0.71997,0.72048,3.19,3.19
2011.03.15 15:28:33.972,0.71994,0.72045,3.19,1.32
2011.03.15 15:28:34.761,0.7199,0.72037,1.09,3.19
2011.03.15 15:28:34.982,0.71987,0.72033,1.09,3.19
2011.03.15 15:28:36.181,0.71991,0.7204,3.49,3.19
2011.03.15 15:28:36.292,0.71995,0.7204,1.09,2.44
2011.03.15 15:28:36.621,0.72004,0.72045,1.32,2.25
2011.03.15 15:28:36.731,0.72004,0.7205,1.32,2.25
2011.03.15 15:28:37.168,0.7201,0.72059,3.19,3.34
2011.03.15 15:28:38.739,0.7201,0.72059,3.49,3.19
2011.03.15 15:28:39.411,0.7201,0.72059,3.34,3.19
2011.03.15 15:28:40.192,0.7201,0.72059,3.49,3.19
2011.03.15 15:28:41.265,0.7201,0.72059,3.34,3.19
2011.03.15 15:28:43.271,0.72006,0.72052,1.24,3.19
2011.03.15 15:28:44.668,0.72007,0.72052,1.09,3.19
2011.03.15 15:28:45.571,0.72012,0.72056,1.09,3.19
2011.03.15 15:28:46.991,0.72014,0.72061,1.09,1.32
2011.03.15 15:28:50.532,0.72014,0.72059,1.09,3.19
2011.03.15 15:28:51.741,0.72011,0.72059,1.09,3.19
2011.03.15 15:28:52.071,0.7201,0.72059,3.19,3.34
2011.03.15 15:28:52.291,0.72003,0.7205,1.24,3.19
2011.03.15 15:28:52.732,0.72003,0.72054,3.34,3.19
2011.03.15 15:28:52.841,0.72004,0.72054,1.09,3.19
2011.03.15 15:28:53.785,0.72004,0.72054,1.39,3.19
2011.03.15 15:28:54.113,0.72004,0.72054,1.09,3.19
2011.03.15 15:28:54.222,0.72003,0.72054,2.59,3.19
2011.03.15 15:28:56.733,0.72004,0.72049,1.32,3.19
2011.03.15 15:28:57.060,0.72011,0.72057,3.34,1.32
2011.03.15 15:28:57.442,0.72012,0.7205,1.09,3.19
2011.03.15 15:28:59.801,0.72004,0.7205,1.09,1.32
2011.03.15 15:29:00.551,0.72001,0.72048,1.09,1.32
2011.03.15 15:29:01.565,0.72001,0.72044,1.24,3.19
2011.03.15 15:29:02.561,0.72001,0.72048,1.24,3.19
2011.03.15 15:29:03.350,0.72001,0.72048,1.09,3.19
2011.03.15 15:29:03.572,0.72001,0.72045,1.24,3.19
2011.03.15 15:29:04.762,0.72001,0.72045,1.24,3.19
2011.03.15 15:29:06.001,0.72001,0.72045,1.09,3.19
2011.03.15 15:29:06.221,0.72001,0.7205,1.62,3.19
2011.03.15 15:29:06.330,0.7202,0.72078,1.32,1.09
2011.03.15 15:29:06.441,0.72018,0.72078,1.32,1.47
2011.03.15 15:29:06.977,0.72012,0.72072,1.32,1.32
2011.03.15 15:29:07.081,0.7202,0.72074,1.32,1.09
2011.03.15 15:29:07.681,0.72018,0.72073,1.32,1.24
2011.03.15 15:29:07.982,0.72016,0.72073,1.09,1.32
2011.03.15 15:29:08.090,0.72016,0.72072,1.09,1.32
2011.03.15 15:29:08.421,0.72021,0.72068,1.09,1.32
2011.03.15 15:29:20.251,0.72022,0.72073,1.09,1.47
2011.03.15 15:29:21.414,0.72022,0.72073,1.24,1.32
2011.03.15 15:29:22.161,0.72022,0.72073,1.09,1.32
2011.03.15 15:29:22.380,0.72026,0.72073,1.09,1.32
2011.03.15 15:29:22.822,0.72026,0.72073,3.34,1.32
2011.03.15 15:29:23.150,0.72026,0.72076,1.09,3.19
2011.03.15 15:29:24.560,0.72026,0.72072,1.09,3.19
2011.03.15 15:29:24.891,0.72026,0.72072,1.24,3.19
2011.03.15 15:29:25.389,0.72026,0.72072,1.09,3.19
2011.03.15 15:29:26.450,0.7202,0.72069,1.24,3.19
2011.03.15 15:29:27.281,0.72021,0.72069,1.09,3.19
2011.03.15 15:29:28.961,0.72024,0.72073,3.19,3.19
2011.03.15 15:29:29.291,0.72031,0.72081,3.34,3.57
2011.03.15 15:29:29.971,0.72027,0.72076,3.34,3.19
2011.03.15 15:29:33.481,0.72029,0.72073,1.09,2.44
2011.03.15 15:29:34.292,0.72028,0.72078,1.32,3.34
2011.03.15 15:29:34.713,0.72032,0.72076,2.25,1.32
2011.03.15 15:29:34.823,0.72027,0.72073,1.09,3.19
2011.03.15 15:29:35.042,0.72031,0.72074,1.09,3.19
2011.03.15 15:29:35.261,0.72035,0.72084,3.19,3.19
2011.03.15 15:29:38.508,0.72039,0.72089,3.19,1.09
2011.03.15 15:29:38.723,0.72039,0.72088,3.19,1.09
2011.03.15 15:29:39.522,0.72041,0.72088,3.19,1.09
2011.03.15 15:29:41.121,0.72041,0.72088,3.19,1.09
2011.03.15 15:29:41.726,0.72037,0.72086,3.19,3.19
2011.03.15 15:29:44.493,0.72034,0.72078,1.09,3.19
2011.03.15 15:29:44.712,0.72032,0.72078,1.09,3.19
2011.03.15 15:29:46.263,0.7203,0.72078,1.09,3.19
2011.03.15 15:29:48.172,0.72031,0.72078,3.19,1.09
2011.03.15 15:30:24.351,0.72029,0.72078,3.19,3.19
2011.03.15 15:30:27.101,0.72031,0.72079,3.19,1.09
2011.03.15 15:30:29.974,0.72031,0.72073,2.44,1.09
2011.03.15 15:30:30.302,0.72026,0.7207,2.25,1.32
2011.03.15 15:30:30.522,0.72017,0.72068,3.19,3.34
2011.03.15 15:30:30.852,0.72019,0.72066,3.19,1.32
2011.03.15 15:30:31.071,0.72024,0.72068,3.19,1.09
2011.03.15 15:30:32.304,0.72021,0.72068,1.09,3.19
2011.03.15 15:30:33.501,0.72018,0.72066,1.09,1.32
2011.03.15 15:30:33.722,0.72021,0.72061,1.09,3.19
2011.03.15 15:30:34.532,0.72022,0.72067,1.09,3.19
2011.03.15 15:30:35.961,0.72021,0.7207,2.59,1.32
2011.03.15 15:30:37.332,0.72018,0.72067,1.09,3.19
2011.03.15 15:30:38.553,0.72021,0.72067,1.09,3.19
2011.03.15 15:30:39.091,0.72017,0.72061,1.09,3.19
2011.03.15 15:30:39.752,0.72017,0.72061,1.09,3.19
2011.03.15 15:30:44.042,0.72017,0.72067,1.32,3.19
2011.03.15 15:30:44.394,0.72021,0.72072,3.34,3.19
2011.03.15 15:30:44.502,0.72026,0.72074,3.19,1.09
2011.03.15 15:30:44.831,0.72027,0.72076,3.19,3.19
2011.03.15 15:30:48.032,0.72027,0.72071,1.09,3.19
2011.03.15 15:30:48.681,0.72022,0.72071,2.44,3.19
2011.03.15 15:31:09.801,0.7201,0.72059,1.09,3.19
2011.03.15 15:31:10.401,0.72004,0.72053,2.74,1.32
2011.03.15 15:31:10.515,0.72001,0.7205,1.24,3.19
2011.03.15 15:31:11.172,0.72001,0.7205,1.39,3.19
2011.03.15 15:31:11.851,0.72001,0.7205,1.39,3.19
2011.03.15 15:31:13.942,0.72001,0.7205,1.24,3.19
2011.03.15 15:31:14.051,0.72007,0.7205,1.09,3.19
2011.03.15 15:31:17.501,0.72012,0.72054,1.09,3.19
2011.03.15 15:31:18.272,0.72017,0.72058,1.09,3.19
2011.03.15 15:31:18.601,0.72012,0.72055,1.09,3.19
2011.03.15 15:31:19.011,0.72012,0.72055,1.09,3.19
2011.03.15 15:31:19.231,0.72008,0.72058,2.59,3.19
2011.03.15 15:31:22.942,0.72006,0.72054,1.09,3.19
2011.03.15 15:31:23.282,0.72006,0.72054,1.24,3.19
2011.03.15 15:31:24.722,0.72012,0.72054,1.09,3.19
2011.03.15 15:31:25.294,0.72013,0.72058,1.09,3.19
2011.03.15 15:31:25.914,0.72012,0.72058,1.09,3.34
2011.03.15 15:31:27.173,0.72013,0.72058,1.09,3.19
2011.03.15 15:31:27.781,0.72012,0.72058,1.09,3.34
2011.03.15 15:31:30.393,0.72014,0.72058,1.09,2.44
2011.03.15 15:31:32.638,0.72014,0.72059,1.09,3.57
2011.03.15 15:31:32.961,0.71992,0.7204,1.39,3.19
2011.03.15 15:31:33.562,0.71996,0.72044,1.09,3.19
2011.03.15 15:31:33.892,0.72003,0.72053,3.19,3.19
2011.03.15 15:31:34.004,0.72003,0.72053,3.19,3.19
2011.03.15 15:31:34.254,0.72006,0.72057,3.19,3.19
2011.03.15 15:31:38.541,0.72007,0.72057,1.09,2.44
2011.03.15 15:31:38.762,0.72005,0.72056,3.34,2.44
2011.03.15 15:31:39.303,0.72005,0.72051,1.09,2.25
2011.03.15 15:31:43.271,0.71994,0.72045,3.49,2.44
2011.03.15 15:31:43.606,0.71999,0.72048,2.55,3.19
2011.03.15 15:31:43.712,0.72,0.72048,1.24,3.19
2011.03.15 15:31:44.163,0.72007,0.72048,1.09,2.25
2011.03.15 15:31:44.382,0.72007,0.72056,3.19,3.19
2011.03.15 15:31:45.481,0.72007,0.72056,3.57,2.44
2011.03.15 15:31:46.031,0.72006,0.72057,2.40,3.19
2011.03.15 15:31:46.142,0.72003,0.72053,2.44,3.57
2011.03.15 15:31:46.253,0.72003,0.72053,2.59,3.19
2011.03.15 15:31:46.993,0.72005,0.72054,2.44,3.19
2011.03.15 15:31:49.173,0.72002,0.72051,1.09,3.19
2011.03.15 15:31:57.743,0.71996,0.72045,3.34,2.44
2011.03.15 15:31:58.071,0.71996,0.72045,1.09,3.19
2011.03.15 15:32:01.272,0.71996,0.72041,1.09,3.19
2011.03.15 15:32:02.042,0.71996,0.72041,1.09,3.19
2011.03.15 15:32:07.232,0.72001,0.72045,1.09,3.19
2011.03.15 15:32:10.091,0.72004,0.72053,3.19,1.32
2011.03.15 15:32:10.531,0.72,0.72049,3.19,1.09
2011.03.15 15:32:21.221,0.72001,0.72049,1.24,1.32
2011.03.15 15:32:21.442,0.72001,0.72049,1.09,1.32
2011.03.15 15:32:22.194,0.72002,0.72045,1.09,2.44
2011.03.15 15:32:26.742,0.72005,0.72054,2.59,3.19
2011.03.15 15:32:28.052,0.72001,0.7205,1.09,3.19
2011.03.15 15:32:28.271,0.71999,0.7205,2.25,3.19
2011.03.15 15:32:28.381,0.71996,0.7204,1.09,2.25
2011.03.15 15:32:28.713,0.71999,0.72044,2.40,1.32
2011.03.15 15:32:28.822,0.71999,0.72044,2.25,1.32
2011.03.15 15:32:29.051,0.71992,0.72039,1.24,3.19
2011.03.15 15:32:29.852,0.71999,0.72044,2.40,1.32
2011.03.15 15:32:29.962,0.71999,0.72049,2.25,1.09
2011.03.15 15:32:30.071,0.71999,0.72049,3.19,1.09
2011.03.15 15:32:30.401,0.71996,0.7204,1.09,3.19
2011.03.15 15:32:30.731,0.71991,0.7204,3.34,3.19
2011.03.15 15:32:31.062,0.71996,0.7204,1.09,3.19
2011.03.15 15:32:31.281,0.71991,0.72036,1.09,3.19
2011.03.15 15:32:31.502,0.71991,0.72036,1.09,3.19
2011.03.15 15:32:32.012,0.71992,0.72041,1.09,3.19
2011.03.15 15:32:36.562,0.72001,0.72045,1.09,2.44
2011.03.15 15:32:40.805,0.72001,0.72049,1.24,3.19
2011.03.15 15:32:43.161,0.72006,0.72049,1.09,3.19
2011.03.15 15:32:43.492,0.72001,0.72048,1.09,1.32
2011.03.15 15:32:43.603,0.71999,0.72048,2.59,3.57
2011.03.15 15:32:46.022,0.71993,0.72044,2.59,3.57
2011.03.15 15:32:46.463,0.71991,0.7204,1.09,2.25
2011.03.15 15:32:46.974,0.71993,0.72044,2.59,3.19
2011.03.15 15:32:47.744,0.71993,0.72044,2.59,3.34
2011.03.15 15:32:47.963,0.71997,0.72044,1.09,2.59
2011.03.15 15:32:48.591,0.71995,0.72044,2.44,3.19
2011.03.15 15:32:49.755,0.71992,0.72041,1.24,3.19
2011.03.15 15:32:53.862,0.71992,0.7204,1.09,3.19
2011.03.15 15:32:54.893,0.71996,0.7204,1.09,3.19
2011.03.15 15:32:55.224,0.71997,0.7204,1.09,2.25
2011.03.15 15:32:55.333,0.71997,0.7204,1.09,3.19
2011.03.15 15:32:59.952,0.72001,0.72046,1.09,3.19
2011.03.15 15:33:00.281,0.72003,0.72049,2.44,1.32
2011.03.15 15:33:02.542,0.71995,0.72044,2.40,3.57
2011.03.15 15:33:02.992,0.71992,0.72039,1.09,3.19
2011.03.15 15:33:03.591,0.71993,0.72044,3.19,3.19
2011.03.15 15:33:11.153,0.71997,0.72044,1.09,3.19
2011.03.15 15:33:11.822,0.71996,0.7204,1.09,3.19
2011.03.15 15:33:11.934,0.71996,0.7204,1.09,2.25
2011.03.15 15:33:12.363,0.71997,0.72041,1.09,3.19
2011.03.15 15:33:13.904,0.71992,0.7204,1.09,2.44
2011.03.15 15:33:14.633,0.71996,0.72045,1.24,3.19
2011.03.15 15:33:15.772,0.71994,0.72043,3.19,1.09
2011.03.15 15:33:17.392,0.71996,0.72045,1.47,3.19
2011.03.15 15:33:17.763,0.72009,0.72058,3.19,1.09
2011.03.15 15:33:18.852,0.72009,0.72056,3.19,1.32
2011.03.15 15:33:19.291,0.72006,0.72054,3.19,1.09
2011.03.15 15:33:25.312,0.72001,0.72049,3.34,1.09
2011.03.15 15:33:25.721,0.71997,0.72047,3.19,3.19
2011.03.15 15:33:26.051,0.72001,0.72042,1.09,3.19
2011.03.15 15:33:27.433,0.71999,0.72042,1.09,3.19
2011.03.15 15:33:38.994,0.71991,0.72036,1.09,3.19
2011.03.15 15:33:40.004,0.71984,0.72032,1.24,3.19
2011.03.15 15:33:40.522,0.71984,0.72032,1.39,3.19
2011.03.15 15:33:40.631,0.71991,0.72032,1.24,2.44
2011.03.15 15:33:40.972,0.71991,0.7204,1.09,3.19
2011.03.15 15:33:41.483,0.71992,0.72038,1.09,3.19
2011.03.15 15:33:42.303,0.71992,0.72042,2.59,1.32
2011.03.15 15:33:42.412,0.71987,0.72038,2.74,3.19
2011.03.15 15:33:42.523,0.71987,0.72036,2.59,1.32
2011.03.15 15:33:42.633,0.71986,0.72032,1.24,3.19
2011.03.15 15:33:42.851,0.71986,0.72032,1.09,3.19
2011.03.15 15:33:49.561,0.71986,0.72032,1.24,3.19
2011.03.15 15:33:50.062,0.71986,0.72032,1.09,3.19
2011.03.15 15:33:50.282,0.71986,0.72032,1.24,3.19
2011.03.15 15:33:53.564,0.71992,0.72035,1.09,3.19
2011.03.15 15:33:54.002,0.7199,0.72038,3.19,1.09
2011.03.15 15:33:54.992,0.71993,0.72045,2.25,3.19
2011.03.15 15:33:55.620,0.71987,0.72039,3.34,3.19
2011.03.15 15:33:55.941,0.72002,0.72051,3.19,3.19
2011.03.15 15:33:56.492,0.71993,0.72043,3.19,3.19
2011.03.15 15:33:57.722,0.71993,0.72043,3.19,3.19
2011.03.15 15:33:58.492,0.71992,0.72041,3.34,3.19
2011.03.15 15:33:59.273,0.71987,0.72036,3.19,3.19
2011.03.15 15:34:01.715,0.71987,0.72034,1.24,3.19
2011.03.15 15:34:02.042,0.71987,0.72034,1.09,3.19
2011.03.15 15:34:02.982,0.71998,0.72045,2.44,1.24
2011.03.15 15:34:03.822,0.71998,0.72045,2.44,1.09
2011.03.15 15:34:04.965,0.71998,0.72045,2.44,1.24
2011.03.15 15:34:05.562,0.72002,0.72044,2.25,1.09
2011.03.15 15:34:05.782,0.71989,0.72039,3.19,1.32
2011.03.15 15:34:14.071,0.71991,0.7204,2.59,3.19
2011.03.15 15:34:15.992,0.71996,0.72043,2.25,1.47
2011.03.15 15:34:16.333,0.71992,0.72041,2.44,3.19
2011.03.15 15:34:16.442,0.71997,0.72043,2.25,1.32
2011.03.15 15:34:16.771,0.71999,0.72046,1.32,2.25
2011.03.15 15:34:17.368,0.72007,0.72053,3.19,1.09
2011.03.15 15:34:17.692,0.72011,0.72053,3.19,1.09
2011.03.15 15:34:19.493,0.72011,0.72052,2.25,1.32
2011.03.15 15:34:19.822,0.72001,0.7205,3.19,3.19
2011.03.15 15:34:20.522,0.72001,0.72049,2.44,1.09
2011.03.15 15:34:21.828,0.71996,0.72045,3.19,3.19
2011.03.15 15:34:26.022,0.71995,0.72043,3.19,1.09
2011.03.15 15:34:29.293,0.71994,0.72044,3.19,3.19
2011.03.15 15:34:30.272,0.71994,0.72043,3.19,1.09
2011.03.15 15:34:33.172,0.71999,0.72039,3.19,1.09
2011.03.15 15:34:34.675,0.71995,0.72038,3.19,1.09
2011.03.15 15:34:35.444,0.71995,0.72038,3.19,1.09
2011.03.15 15:34:36.123,0.71995,0.72038,3.19,1.09
2011.03.15 15:34:45.131,0.72005,0.72043,2.25,1.09
2011.03.15 15:34:46.322,0.72005,0.72049,2.25,1.09
2011.03.15 15:34:48.061,0.72011,0.72057,2.44,1.24
2011.03.15 15:34:48.171,0.72011,0.72057,2.44,1.09
2011.03.15 15:34:48.282,0.72011,0.72054,2.25,1.09
2011.03.15 15:34:48.391,0.72005,0.72054,2.25,1.09
2011.03.15 15:34:49.702,0.72005,0.72053,2.25,1.09
2011.03.15 15:34:49.811,0.71992,0.72048,3.34,3.19
2011.03.15 15:34:51.917,0.71992,0.72035,1.09,2.25
2011.03.15 15:34:52.022,0.71986,0.72035,2.40,2.44
2011.03.15 15:34:52.351,0.71991,0.7204,2.25,3.19
2011.03.15 15:34:52.571,0.71986,0.72037,2.40,3.19
2011.03.15 15:34:52.793,0.7199,0.72041,2.25,3.19
2011.03.15 15:34:53.121,0.7199,0.72041,3.19,3.19
2011.03.15 15:34:53.491,0.7199,0.72041,3.49,3.19
2011.03.15 15:34:53.934,0.7199,0.72041,3.34,3.19
2011.03.15 15:34:54.042,0.71992,0.72036,1.09,3.19
2011.03.15 15:34:57.341,0.71989,0.72033,3.19,1.09
2011.03.15 15:34:57.561,0.71989,0.72033,3.19,1.09
2011.03.15 15:34:58.472,0.71987,0.72035,1.09,3.19
2011.03.15 15:34:59.023,0.7199,0.72033,2.44,1.09
2011.03.15 15:34:59.663,0.71987,0.72033,1.09,1.09
2011.03.15 15:35:00.103,0.71992,0.72043,3.19,1.09
2011.03.15 15:35:01.302,0.71995,0.72049,3.19,1.09
2011.03.15 15:35:02.195,0.71995,0.72049,2.25,1.09
2011.03.15 15:35:02.304,0.7199,0.72039,2.44,3.19
2011.03.15 15:35:03.162,0.7199,0.72039,3.19,3.34
2011.03.15 15:35:03.543,0.7199,0.72037,2.44,1.32
2011.03.15 15:35:05.602,0.7199,0.72033,3.19,1.09
2011.03.15 15:35:06.741,0.7199,0.72038,3.19,1.32
2011.03.15 15:35:09.253,0.71986,0.72035,3.34,3.19
2011.03.15 15:35:14.492,0.71986,0.72033,2.44,1.47
2011.03.15 15:35:17.993,0.71982,0.72028,1.09,3.19
2011.03.15 15:35:22.343,0.7198,0.72029,3.19,1.09
2011.03.15 15:35:22.453,0.7198,0.72029,3.19,1.09
2011.03.15 15:35:23.113,0.71985,0.72028,2.44,1.09
2011.03.15 15:35:25.952,0.71971,0.72003,1.32,2.25
2011.03.15 15:35:26.061,0.71957,0.72003,1.47,3.19
2011.03.15 15:35:26.282,0.71957,0.72003,1.09,3.19
2011.03.15 15:35:26.392,0.71957,0.72003,1.24,3.19
2011.03.15 15:35:26.722,0.71966,0.72012,1.09,3.19
2011.03.15 15:35:27.062,0.71972,0.72022,3.19,3.19
2011.03.15 15:35:27.282,0.71972,0.72022,3.19,3.19
2011.03.15 15:35:27.783,0.71977,0.72027,3.19,3.19
2011.03.15 15:35:28.704,0.71979,0.72029,1.32,2.44
2011.03.15 15:35:33.427,0.71989,0.72032,3.19,1.32
2011.03.15 15:35:33.642,0.71976,0.72024,1.09,3.19
2011.03.15 15:35:34.101,0.71975,0.7202,1.09,3.19
2011.03.15 15:35:40.812,0.71978,0.72028,3.19,3.19
2011.03.15 15:35:41.251,0.71978,0.72028,3.19,3.19
2011.03.15 15:35:41.472,0.71983,0.72033,3.19,3.19
2011.03.15 15:35:41.693,0.71983,0.72033,3.19,3.19
2011.03.15 15:35:43.499,0.71981,0.7203,3.19,3.19
2011.03.15 15:35:46.072,0.71985,0.72034,3.19,1.09
2011.03.15 15:35:48.973,0.71983,0.72034,3.19,3.19
2011.03.15 15:35:49.924,0.71983,0.7203,2.25,1.32
2011.03.15 15:35:51.812,0.71987,0.72034,3.19,1.09
2011.03.15 15:35:56.222,0.71987,0.72034,3.19,1.32
2011.03.15 15:35:56.442,0.71967,0.72017,2.89,3.19
2011.03.15 15:35:56.771,0.71976,0.72023,1.09,3.19
2011.03.15 15:35:58.767,0.71977,0.72027,2.74,3.19
2011.03.15 15:35:58.901,0.71977,0.72023,2.59,1.09
2011.03.15 15:35:59.262,0.71977,0.72027,3.57,3.19
2011.03.15 15:36:02.482,0.71985,0.72028,2.25,1.09
2011.03.15 15:36:02.610,0.71977,0.72028,1.09,3.34
2011.03.15 15:36:05.022,0.71982,0.72028,1.09,3.19
2011.03.15 15:36:08.233,0.71989,0.72034,3.19,1.09
2011.03.15 15:36:08.452,0.71989,0.72031,2.25,1.32
2011.03.15 15:36:08.562,0.7198,0.72029,3.19,3.19
2011.03.15 15:36:09.261,0.71976,0.72025,3.34,3.19
2011.03.15 15:36:09.372,0.71976,0.72025,3.49,3.19
2011.03.15 15:36:10.022,0.71982,0.72025,1.09,3.19
2011.03.15 15:36:10.482,0.71983,0.72031,1.32,3.19
2011.03.15 15:36:10.854,0.71966,0.72011,1.24,3.19
2011.03.15 15:36:11.073,0.71971,0.72021,1.09,3.19
2011.03.15 15:36:11.291,0.71971,0.72021,1.09,3.19
2011.03.15 15:36:11.842,0.7197,0.72021,2.40,3.19
2011.03.15 15:36:11.953,0.71964,0.72014,1.09,3.19
2011.03.15 15:36:12.647,0.71964,0.72014,1.39,3.19
2011.03.15 15:36:12.992,0.71964,0.72014,1.24,3.19
2011.03.15 15:36:13.213,0.71963,0.72014,3.19,3.19
2011.03.15 15:36:13.775,0.71968,0.72019,2.25,3.19
2011.03.15 15:36:14.553,0.71972,0.72022,2.44,3.19
2011.03.15 15:36:15.792,0.71972,0.72022,2.59,3.19
2011.03.15 15:36:16.033,0.71972,0.72022,3.19,3.19
2011.03.15 15:36:17.732,0.71976,0.72024,1.09,1.32
2011.03.15 15:36:19.683,0.71976,0.72022,1.09,3.19
2011.03.15 15:36:20.022,0.71977,0.72018,1.09,3.19
2011.03.15 15:36:20.371,0.71975,0.7202,1.09,1.32
2011.03.15 15:36:20.924,0.71972,0.72018,1.09,3.19
2011.03.15 15:36:21.254,0.71973,0.7202,3.19,1.32
2011.03.15 15:36:22.463,0.71971,0.72019,1.09,3.19
2011.03.15 15:36:22.572,0.71972,0.7202,2.44,1.32
2011.03.15 15:36:25.012,0.7197,0.72015,1.09,1.32
2011.03.15 15:36:25.393,0.71971,0.72017,1.09,3.19
2011.03.15 15:36:25.501,0.71971,0.72017,1.09,3.19
2011.03.15 15:36:25.973,0.71971,0.72014,1.09,2.44
2011.03.15 15:36:28.182,0.71976,0.72018,1.09,3.19
2011.03.15 15:36:30.702,0.71971,0.72018,1.09,3.19
2011.03.15 15:36:33.271,0.71972,0.7202,1.09,3.57
2011.03.15 15:36:34.752,0.71972,0.72017,1.09,3.19
2011.03.15 15:36:36.443,0.71976,0.72017,1.09,3.19
2011.03.15 15:36:36.784,0.71971,0.72021,1.09,3.19
2011.03.15 15:36:40.374,0.71976,0.72025,3.49,3.19
2011.03.15 15:36:40.482,0.71976,0.72024,3.34,1.32
2011.03.15 15:36:40.702,0.71971,0.72023,2.74,3.19
2011.03.15 15:36:41.672,0.71974,0.72023,2.25,3.19
2011.03.15 15:36:41.783,0.71974,0.72023,2.40,3.19
2011.03.15 15:36:42.002,0.71969,0.72019,1.09,3.19
2011.03.15 15:36:43.263,0.71972,0.72019,1.09,2.44
2011.03.15 15:36:46.522,0.7198,0.72029,3.19,3.34
2011.03.15 15:36:49.042,0.71981,0.72029,1.09,1.09
2011.03.15 15:36:53.502,0.71975,0.72014,2.25,1.32
2011.03.15 15:36:53.611,0.71964,0.72011,1.09,3.19
2011.03.15 15:36:53.722,0.71964,0.72011,1.24,3.19
2011.03.15 15:36:54.114,0.71975,0.72024,3.19,3.34
2011.03.15 15:36:54.532,0.71975,0.72024,3.19,3.34
2011.03.15 15:36:57.234,0.71976,0.72023,3.34,3.19
2011.03.15 15:37:02.254,0.71979,0.72027,2.55,3.57
2011.03.15 15:37:02.474,0.71979,0.72022,1.32,2.44
2011.03.15 15:37:02.693,0.71989,0.72035,2.25,3.19
2011.03.15 15:37:02.803,0.71985,0.72031,3.19,2.44
2011.03.15 15:37:05.062,0.71994,0.72038,2.25,1.09
2011.03.15 15:37:05.612,0.7199,0.72036,2.59,3.19
2011.03.15 15:37:07.523,0.7199,0.7203,2.25,1.32
2011.03.15 15:37:07.632,0.71984,0.72027,1.09,3.19
2011.03.15 15:37:08.740,0.71984,0.72027,1.09,3.19
2011.03.15 15:37:09.542,0.71984,0.72027,1.24,3.19
2011.03.15 15:37:10.319,0.71984,0.72027,1.24,3.19
2011.03.15 15:37:10.623,0.71984,0.72027,1.09,3.19
2011.03.15 15:37:10.732,0.7199,0.72036,3.19,3.19
2011.03.15 15:37:12.002,0.71991,0.72036,1.09,3.19
2011.03.15 15:37:12.543,0.71988,0.72036,3.19,3.19
2011.03.15 15:37:15.034,0.71988,0.72034,3.19,1.09
2011.03.15 15:37:17.871,0.71984,0.72032,2.59,3.19
2011.03.15 15:37:17.982,0.71984,0.72032,2.44,3.19
2011.03.15 15:37:18.435,0.71971,0.72017,1.39,3.19
2011.03.15 15:37:18.542,0.71971,0.72017,1.24,3.19
2011.03.15 15:37:18.982,0.71977,0.72022,1.09,2.44
2011.03.15 15:37:21.323,0.7198,0.72027,2.59,1.32
2011.03.15 15:37:21.872,0.71976,0.72023,1.09,3.19
2011.03.15 15:37:22.375,0.71976,0.72023,1.09,3.19
2011.03.15 15:37:22.703,0.71981,0.72026,1.09,1.32
2011.03.15 15:37:23.032,0.71972,0.72017,3.34,3.19
2011.03.15 15:37:23.362,0.71977,0.72017,1.09,3.19
2011.03.15 15:37:26.253,0.71973,0.72018,2.40,3.19
2011.03.15 15:37:27.032,0.71975,0.72015,1.09,3.19
2011.03.15 15:37:27.483,0.71976,0.72019,1.09,3.19
2011.03.15 15:37:28.403,0.71978,0.72023,3.19,3.19
2011.03.15 15:37:29.067,0.71976,0.72021,1.24,3.19
2011.03.15 15:37:29.703,0.71976,0.72021,1.09,3.19
2011.03.15 15:37:30.502,0.71976,0.72021,1.24,3.19
2011.03.15 15:37:30.723,0.71978,0.72032,3.19,3.19
2011.03.15 15:37:31.700,0.71975,0.7202,1.09,3.19
2011.03.15 15:37:32.263,0.71974,0.7202,2.40,3.19
2011.03.15 15:37:32.372,0.71974,0.7202,2.25,3.19
2011.03.15 15:37:32.483,0.7198,0.72026,2.25,3.19
2011.03.15 15:37:32.914,0.7198,0.72026,2.44,3.19
2011.03.15 15:37:33.462,0.71984,0.72032,2.25,3.19
2011.03.15 15:37:33.953,0.71984,0.72032,3.19,3.19
2011.03.15 15:37:34.502,0.7199,0.72036,2.44,3.57
2011.03.15 15:37:34.723,0.71984,0.72035,3.19,2.44
2011.03.15 15:37:35.902,0.71987,0.72035,1.09,2.82
2011.03.15 15:37:36.013,0.71984,0.72016,2.25,1.32
2011.03.15 15:37:36.122,0.71965,0.72014,2.89,3.19
2011.03.15 15:37:36.234,0.71973,0.72014,1.32,2.25
2011.03.15 15:37:36.342,0.7198,0.72029,2.44,3.19
2011.03.15 15:37:37.222,0.71976,0.72024,1.24,2.44
2011.03.15 15:37:38.432,0.71976,0.72024,1.09,2.44
2011.03.15 15:37:39.792,0.71976,0.72024,1.24,2.44
2011.03.15 15:37:41.425,0.71976,0.72024,1.09,2.44
2011.03.15 15:37:44.097,0.71975,0.72024,2.40,2.44
2011.03.15 15:37:44.215,0.71972,0.7202,2.59,2.25
2011.03.15 15:37:44.813,0.71972,0.7202,2.74,2.25
2011.03.15 15:37:46.243,0.71972,0.72015,2.25,1.32
2011.03.15 15:37:46.462,0.71961,0.72009,2.74,2.25
2011.03.15 15:37:47.763,0.71961,0.72009,2.89,2.25
2011.03.15 15:37:49.754,0.71961,0.72009,2.74,2.25
2011.03.15 15:37:51.651,0.7196,0.72005,1.24,2.25
2011.03.15 15:37:51.872,0.71962,0.7201,2.59,2.44
2011.03.15 15:37:52.484,0.71963,0.72009,2.59,2.25
2011.03.15 15:37:52.765,0.71963,0.72009,2.74,2.25
2011.03.15 15:37:53.437,0.71963,0.72009,2.44,2.25
2011.03.15 15:37:53.774,0.71953,0.71994,1.09,2.25
2011.03.15 15:37:53.992,0.71958,0.72004,2.44,2.44
2011.03.15 15:37:54.212,0.71958,0.72004,2.74,2.44
2011.03.15 15:37:54.322,0.71958,0.72004,2.44,2.44
2011.03.15 15:37:54.542,0.71958,0.72004,3.19,2.25
2011.03.15 15:37:54.892,0.71963,0.72009,3.19,2.25
2011.03.15 15:37:55.562,0.71959,0.72006,3.19,2.25
2011.03.15 15:37:57.582,0.71963,0.72009,3.19,2.25
2011.03.15 15:37:57.692,0.71969,0.72018,3.19,1.32
2011.03.15 15:37:57.913,0.71963,0.72011,3.19,2.25
2011.03.15 15:37:58.132,0.71968,0.72014,3.19,2.25
2011.03.15 15:37:58.243,0.71968,0.72006,2.25,1.32
2011.03.15 15:37:58.352,0.7195,0.71996,2.74,2.25
2011.03.15 15:37:58.463,0.71955,0.71996,1.09,2.25
2011.03.15 15:37:58.573,0.71956,0.72004,2.59,2.25
2011.03.15 15:37:58.902,0.71955,0.72006,1.09,2.44
2011.03.15 15:37:59.174,0.71957,0.72003,2.44,2.25
2011.03.15 15:37:59.392,0.71962,0.72008,2.25,2.82
2011.03.15 15:37:59.501,0.71956,0.72004,2.59,2.25
2011.03.15 15:37:59.723,0.7196,0.72008,2.44,2.44
2011.03.15 15:38:00.472,0.7196,0.72008,3.19,2.25
2011.03.15 15:38:00.582,0.71963,0.72012,3.19,2.25
2011.03.15 15:38:01.145,0.71968,0.72014,2.44,2.44
2011.03.15 15:38:03.922,0.71968,0.72014,2.44,2.25
2011.03.15 15:38:05.805,0.71969,0.7202,2.44,2.44
2011.03.15 15:38:07.203,0.71969,0.7202,3.19,2.25
2011.03.15 15:38:07.532,0.71977,0.72027,2.44,2.40
2011.03.15 15:38:07.955,0.71977,0.72027,2.44,2.25
2011.03.15 15:38:08.443,0.71983,0.72028,2.25,2.40
2011.03.15 15:38:08.793,0.71983,0.72028,2.25,2.40
2011.03.15 15:38:10.635,0.71983,0.72028,2.25,2.40
2011.03.15 15:38:13.462,0.71983,0.72025,2.25,1.32
2011.03.15 15:38:13.572,0.71972,0.72017,2.40,2.25
2011.03.15 15:38:13.681,0.71968,0.72014,2.59,2.25
2011.03.15 15:38:13.792,0.71971,0.72018,2.40,2.25
2011.03.15 15:38:14.121,0.71968,0.72014,2.59,2.25
2011.03.15 15:38:14.923,0.71968,0.72014,2.44,2.25
2011.03.15 15:38:15.033,0.71972,0.7202,2.40,2.44
2011.03.15 15:38:15.142,0.71977,0.72022,2.25,2.44
2011.03.15 15:38:15.252,0.71971,0.72018,2.40,2.25
2011.03.15 15:38:15.362,0.71972,0.72018,1.09,2.25
2011.03.15 15:38:15.692,0.71977,0.72022,2.44,2.25
2011.03.15 15:38:16.022,0.71971,0.72018,3.34,2.25
2011.03.15 15:38:16.132,0.71976,0.72023,2.44,2.25
2011.03.15 15:38:16.243,0.71976,0.72023,2.25,3.19
2011.03.15 15:38:16.352,0.71973,0.72019,2.44,2.44
2011.03.15 15:38:18.572,0.71971,0.72018,2.59,2.25
2011.03.15 15:38:19.134,0.71975,0.72024,2.25,2.59
2011.03.15 15:38:19.462,0.71981,0.72028,2.44,2.25
2011.03.15 15:38:19.792,0.71976,0.72023,3.19,2.25
2011.03.15 15:38:20.141,0.71971,0.72018,3.34,3.19
2011.03.15 15:38:20.925,0.71972,0.72018,1.09,3.19
2011.03.15 15:38:21.712,0.71972,0.72018,1.09,3.19
2011.03.15 15:38:22.283,0.71974,0.72021,2.59,1.32
2011.03.15 15:38:23.752,0.71975,0.72021,2.74,3.19
2011.03.15 15:38:24.092,0.71971,0.72015,1.39,3.19
2011.03.15 15:38:24.202,0.71971,0.72015,1.24,3.19
2011.03.15 15:38:24.312,0.71973,0.72015,1.09,3.19
2011.03.15 15:38:25.512,0.71973,0.72019,1.24,3.19
2011.03.15 15:38:25.732,0.71975,0.7202,2.59,1.32
2011.03.15 15:38:27.763,0.71976,0.72019,1.09,2.44
2011.03.15 15:38:28.314,0.71977,0.72018,2.25,1.32
2011.03.15 15:38:28.532,0.7197,0.72016,1.09,3.19
2011.03.15 15:38:29.892,0.7197,0.72016,1.24,3.19
2011.03.15 15:38:30.113,0.71973,0.72021,3.19,2.44
2011.03.15 15:38:31.752,0.71976,0.72024,2.40,3.19
2011.03.15 15:38:32.312,0.71972,0.72018,2.74,3.19
2011.03.15 15:38:33.116,0.71971,0.72018,1.09,3.19
2011.03.15 15:38:33.356,0.71971,0.72018,1.39,3.19
2011.03.15 15:38:33.792,0.71971,0.72018,1.24,3.19
2011.03.15 15:38:34.012,0.71975,0.72022,2.74,1.32
2011.03.15 15:38:34.233,0.71971,0.72018,1.24,3.19
2011.03.15 15:38:35.713,0.71971,0.72014,1.39,2.44
2011.03.15 15:38:36.169,0.71971,0.72014,1.24,2.44
2011.03.15 15:38:37.381,0.71971,0.72014,1.24,2.44
2011.03.15 15:38:37.493,0.71972,0.72014,1.24,2.25
2011.03.15 15:38:37.603,0.71972,0.72019,1.24,2.25
2011.03.15 15:38:38.172,0.7197,0.72022,3.19,2.44
2011.03.15 15:38:38.392,0.71969,0.72016,3.19,2.25
2011.03.15 15:38:38.742,0.71969,0.72016,2.25,2.44
2011.03.15 15:38:39.943,0.71969,0.72016,2.40,2.44
2011.03.15 15:38:44.472,0.71969,0.72016,2.55,2.44
2011.03.15 15:38:44.902,0.7197,0.72022,2.40,3.19
2011.03.15 15:38:45.413,0.71971,0.72019,2.40,2.44
2011.03.15 15:38:45.696,0.71971,0.72019,2.59,2.25
2011.03.15 15:38:45.914,0.71971,0.72019,2.59,3.19
2011.03.15 15:38:46.473,0.7197,0.72013,1.09,2.25
2011.03.15 15:38:46.842,0.71962,0.72007,1.09,2.44
2011.03.15 15:38:47.062,0.71967,0.72014,1.09,2.44
2011.03.15 15:38:47.282,0.71964,0.72011,1.09,2.25
2011.03.15 15:38:47.812,0.71967,0.72013,2.44,2.44
2011.03.15 15:38:48.034,0.71964,0.7201,1.09,2.25
2011.03.15 15:38:50.662,0.71967,0.72016,2.44,3.19
2011.03.15 15:38:51.443,0.71967,0.72016,2.74,3.19
2011.03.15 15:38:51.773,0.71967,0.72016,2.59,3.57
2011.03.15 15:38:54.102,0.71964,0.72009,1.09,2.25
2011.03.15 15:38:56.672,0.71961,0.72009,3.49,3.19
2011.03.15 15:39:05.692,0.71961,0.72009,3.34,3.34
2011.03.15 15:39:06.242,0.71966,0.72013,2.25,1.09
2011.03.15 15:39:08.453,0.71961,0.72009,3.34,3.19
2011.03.15 15:39:08.782,0.71967,0.72013,2.25,3.19
2011.03.15 15:39:11.914,0.71967,0.72013,2.40,3.19
2011.03.15 15:39:12.703,0.71966,0.72014,2.40,3.57
2011.03.15 15:39:13.252,0.71967,0.72013,2.40,3.57
2011.03.15 15:39:15.092,0.71962,0.72008,2.74,2.82
2011.03.15 15:39:15.422,0.71961,0.72,1.09,2.25
2011.03.15 15:39:15.642,0.71961,0.72009,3.19,3.19
2011.03.15 15:39:16.739,0.71961,0.72009,3.49,3.19
2011.03.15 15:39:16.856,0.71961,0.72009,3.34,3.19
2011.03.15 15:39:17.253,0.71961,0.72004,2.25,1.32
2011.03.15 15:39:17.472,0.71951,0.72,3.12,3.19
2011.03.15 15:39:17.582,0.71961,0.72009,3.19,3.19
2011.03.15 15:39:19.262,0.71961,0.72003,2.25,1.32
2011.03.15 15:39:19.494,0.71957,0.72,1.09,2.44
2011.03.15 15:39:19.602,0.71957,0.71997,1.09,2.25
2011.03.15 15:39:19.713,0.71957,0.72008,1.09,3.19
2011.03.15 15:39:20.272,0.71962,0.72008,2.44,2.44
2011.03.15 15:39:20.914,0.71962,0.72008,2.44,3.19
2011.03.15 15:39:21.483,0.71957,0.71999,2.25,1.32
2011.03.15 15:39:21.703,0.71952,0.71996,1.09,2.44
2011.03.15 15:39:23.460,0.71954,0.72,3.34,3.19
2011.03.15 15:39:25.073,0.71948,0.71991,1.24,2.44
2011.03.15 15:39:25.742,0.71948,0.71996,3.34,3.19
2011.03.15 15:39:25.852,0.71954,0.72,3.19,3.19
2011.03.15 15:39:26.804,0.71961,0.72,1.09,2.44
2011.03.15 15:39:27.024,0.71961,0.72008,1.09,3.19
2011.03.15 15:39:30.404,0.71967,0.72011,1.09,3.19
2011.03.15 15:39:30.734,0.71961,0.72004,1.09,1.32
2011.03.15 15:39:30.952,0.71961,0.72002,1.09,2.25
2011.03.15 15:39:31.171,0.71952,0.72002,2.59,3.19
2011.03.15 15:39:31.392,0.71949,0.71992,1.09,3.19
2011.03.15 15:39:31.612,0.71951,0.71992,1.09,3.19
2011.03.15 15:39:31.832,0.71954,0.72,3.19,3.19
2011.03.15 15:39:32.052,0.71957,0.72004,3.19,1.32
2011.03.15 15:39:32.864,0.71961,0.72007,3.19,2.44
2011.03.15 15:39:33.533,0.71961,0.72007,3.19,3.19
2011.03.15 15:39:33.863,0.71951,0.71995,1.09,2.25
2011.03.15 15:39:33.973,0.71949,0.71995,1.09,3.19
2011.03.15 15:39:34.304,0.71946,0.71995,3.34,2.44
2011.03.15 15:39:34.522,0.71946,0.71995,2.59,3.19
2011.03.15 15:39:35.793,0.71946,0.71995,2.74,3.19
2011.03.15 15:39:36.212,0.71946,0.71994,2.59,1.32
2011.03.15 15:39:36.543,0.71945,0.71991,1.09,3.19
2011.03.15 15:39:37.357,0.71945,0.71991,1.39,3.19
2011.03.15 15:39:38.032,0.71952,0.71991,1.09,3.19
2011.03.15 15:39:40.914,0.71959,0.71996,1.09,3.19
2011.03.15 15:39:42.602,0.71956,0.71996,1.09,3.19
2011.03.15 15:39:43.832,0.71952,0.71996,1.09,3.19
2011.03.15 15:39:44.383,0.71942,0.71988,1.09,2.63
2011.03.15 15:39:44.493,0.71942,0.71988,1.09,3.57
2011.03.15 15:39:48.323,0.71942,0.71984,1.09,2.25
2011.03.15 15:39:49.602,0.71946,0.71989,1.09,3.19
2011.03.15 15:39:49.822,0.71946,0.71985,1.09,2.25
2011.03.15 15:39:51.525,0.71946,0.71989,1.09,3.19
2011.03.15 15:39:51.993,0.7195,0.71998,3.19,2.25
2011.03.15 15:39:52.373,0.71941,0.71988,3.34,2.25
2011.03.15 15:39:52.823,0.71938,0.71985,1.24,2.25
2011.03.15 15:39:52.933,0.71938,0.71985,1.09,2.25
2011.03.15 15:39:53.043,0.71938,0.71981,1.09,2.25
2011.03.15 15:39:53.483,0.71928,0.71976,2.74,2.44
2011.03.15 15:39:55.502,0.71928,0.71976,2.74,3.57
2011.03.15 15:39:55.612,0.71931,0.71976,1.24,3.57
2011.03.15 15:40:03.743,0.71933,0.71979,2.59,3.19
2011.03.15 15:40:03.963,0.71932,0.71975,1.09,3.19
2011.03.15 15:40:04.399,0.71932,0.71975,1.24,3.19
2011.03.15 15:40:09.303,0.71936,0.71975,1.09,3.19
2011.03.15 15:40:09.632,0.71936,0.7198,1.09,3.19
2011.03.15 15:40:11.342,0.71932,0.71975,1.24,3.19
2011.03.15 15:40:11.713,0.71932,0.71975,1.09,3.19
2011.03.15 15:40:15.032,0.71932,0.71975,1.09,3.19
2011.03.15 15:40:15.594,0.71931,0.71975,1.09,3.19
2011.03.15 15:40:19.164,0.71932,0.71975,1.24,3.19
2011.03.15 15:40:20.014,0.71937,0.71975,1.09,3.19
2011.03.15 15:40:20.232,0.71937,0.7198,1.09,2.44
2011.03.15 15:40:20.993,0.71938,0.7198,1.09,2.44
2011.03.15 15:40:21.322,0.71942,0.71985,1.09,2.44
2011.03.15 15:40:21.773,0.71939,0.71985,2.25,3.19
2011.03.15 15:40:22.545,0.71935,0.7198,1.24,3.19
2011.03.15 15:40:22.894,0.71935,0.7198,1.09,3.19
2011.03.15 15:40:23.176,0.71935,0.7198,1.24,3.19
2011.03.15 15:40:23.653,0.71935,0.71979,1.09,3.19
2011.03.15 15:40:23.762,0.71936,0.71979,1.09,3.19
2011.03.15 15:40:24.204,0.71936,0.7198,1.09,3.19
2011.03.15 15:40:24.313,0.71936,0.7198,1.47,2.25
2011.03.15 15:40:24.532,0.71942,0.7199,3.19,3.19
2011.03.15 15:40:25.215,0.71942,0.7199,3.19,3.19
2011.03.15 15:40:26.303,0.71938,0.71982,2.44,1.32
2011.03.15 15:40:26.522,0.7193,0.71975,2.59,3.19
2011.03.15 15:40:26.742,0.71936,0.71979,1.09,3.19
2011.03.15 15:40:26.962,0.71936,0.71979,1.09,3.19
2011.03.15 15:40:31.924,0.71936,0.7198,1.24,3.19
2011.03.15 15:40:32.033,0.71936,0.7198,1.09,3.19
2011.03.15 15:40:39.083,0.71933,0.71973,1.09,3.19
2011.03.15 15:40:39.423,0.71936,0.71973,1.09,3.19
2011.03.15 15:40:43.202,0.7193,0.71975,3.49,3.19
2011.03.15 15:40:44.693,0.7193,0.71972,1.09,3.19
2011.03.15 15:40:45.933,0.71926,0.71972,3.34,3.19
2011.03.15 15:40:47.303,0.71931,0.71973,1.09,3.19
2011.03.15 15:40:47.744,0.71926,0.71973,1.47,2.25
2011.03.15 15:40:47.963,0.71931,0.71982,3.19,3.19
2011.03.15 15:40:49.252,0.7194,0.71987,3.19,3.19
2011.03.15 15:40:49.363,0.71943,0.71991,3.19,2.44
2011.03.15 15:40:52.513,0.71949,0.71995,3.19,2.25
2011.03.15 15:40:52.993,0.71945,0.71991,3.19,2.25
2011.03.15 15:40:59.523,0.71941,0.71985,1.09,2.44
2011.03.15 15:41:00.533,0.71946,0.7199,1.09,2.25
2011.03.15 15:41:00.642,0.71946,0.71993,3.34,2.44
2011.03.15 15:41:01.473,0.71952,0.71997,3.34,3.19
2011.03.15 15:41:04.052,0.71947,0.71992,2.59,3.19
2011.03.15 15:41:04.483,0.71949,0.71992,1.32,2.25
2011.03.15 15:41:04.592,0.71957,0.72002,2.44,3.19
2011.03.15 15:41:07.394,0.71951,0.71998,3.34,3.19
2011.03.15 15:41:09.213,0.71946,0.71991,1.09,3.19
2011.03.15 15:41:10.263,0.71946,0.71988,1.09,2.44
2011.03.15 15:41:12.782,0.71946,0.71993,3.19,2.44
2011.03.15 15:41:16.392,0.71942,0.71987,3.34,2.25
2011.03.15 15:41:17.111,0.71945,0.71991,3.19,2.44
2011.03.15 15:41:17.912,0.71942,0.71987,3.34,2.25
2011.03.15 15:41:18.712,0.71942,0.71987,3.19,2.25
2011.03.15 15:41:24.657,0.71942,0.71987,3.19,2.40
2011.03.15 15:41:27.075,0.71942,0.71987,3.19,2.25
2011.03.15 15:41:27.642,0.71945,0.71988,2.25,1.09
2011.03.15 15:41:28.242,0.71941,0.71986,2.44,3.19
2011.03.15 15:41:35.043,0.71941,0.71986,2.74,3.19
2011.03.15 15:41:35.653,0.71946,0.71986,1.09,2.44
2011.03.15 15:41:38.433,0.71947,0.71986,1.09,2.25
2011.03.15 15:41:38.542,0.71947,0.71991,1.09,2.25
2011.03.15 15:41:40.474,0.71945,0.71991,2.55,3.19
2011.03.15 15:41:40.585,0.71931,0.71976,2.70,3.19
2011.03.15 15:41:40.693,0.71938,0.71976,1.09,2.25
2011.03.15 15:41:41.023,0.7194,0.71987,2.59,2.25
2011.03.15 15:41:42.813,0.7194,0.71987,2.89,2.25
2011.03.15 15:41:43.032,0.7194,0.71987,2.74,2.25
2011.03.15 15:41:43.273,0.71943,0.71991,3.19,2.25
2011.03.15 15:41:43.602,0.71948,0.71994,2.44,2.44
2011.03.15 15:41:45.223,0.71951,0.71994,1.09,2.25
2011.03.15 15:41:45.682,0.71951,0.71998,3.34,2.25
2011.03.15 15:41:46.693,0.71951,0.71998,3.34,2.25
2011.03.15 15:41:46.913,0.71955,0.72001,3.19,2.25
2011.03.15 15:41:47.463,0.71955,0.72001,3.19,2.40
2011.03.15 15:41:47.706,0.71955,0.72001,3.19,2.25
2011.03.15 15:41:49.733,0.71958,0.72006,3.19,3.19
2011.03.15 15:41:50.722,0.71959,0.72007,2.25,3.19
2011.03.15 15:41:50.832,0.71952,0.71999,1.09,3.19
2011.03.15 15:41:52.063,0.71942,0.71987,1.09,2.25
2011.03.15 15:41:52.282,0.71942,0.71987,1.09,2.44
2011.03.15 15:41:52.732,0.71945,0.71987,1.24,2.44
2011.03.15 15:41:53.294,0.71945,0.71991,1.24,3.19
2011.03.15 15:41:53.405,0.71947,0.71994,3.34,2.25
2011.03.15 15:41:54.382,0.71952,0.7199,1.09,2.25
2011.03.15 15:41:55.504,0.71948,0.71996,2.59,3.19
2011.03.15 15:41:55.724,0.71952,0.71991,1.09,3.19
2011.03.15 15:41:56.063,0.71953,0.72001,3.19,3.19
2011.03.15 15:41:56.393,0.71959,0.72005,3.19,3.19
2011.03.15 15:42:00.193,0.71961,0.72005,1.09,3.19
2011.03.15 15:42:00.523,0.71961,0.72007,2.59,1.32
2011.03.15 15:42:00.743,0.71961,0.72002,1.09,3.19
2011.03.15 15:42:01.572,0.71961,0.72009,3.34,3.19
2011.03.15 15:42:06.034,0.71962,0.72009,1.09,2.44
2011.03.15 15:42:06.142,0.71967,0.72013,3.19,3.34
2011.03.15 15:42:06.812,0.71967,0.72013,3.19,3.34
2011.03.15 15:42:07.813,0.71967,0.72009,1.09,3.19
2011.03.15 15:42:08.033,0.71962,0.72002,1.09,2.25
2011.03.15 15:42:08.159,0.71961,0.72002,1.09,2.25
2011.03.15 15:42:12.414,0.7196,0.72006,3.19,2.44
2011.03.15 15:42:13.045,0.71956,0.72002,3.34,2.25
2011.03.15 15:42:35.644,0.71956,0.72002,3.34,2.25
2011.03.15 15:42:35.862,0.71967,0.72013,3.19,2.59
2011.03.15 15:42:36.082,0.71954,0.72002,3.19,2.25
2011.03.15 15:42:36.302,0.71955,0.72003,3.19,3.19
2011.03.15 15:42:37.603,0.71955,0.72003,2.44,3.19
2011.03.15 15:42:38.166,0.71952,0.71997,2.59,3.19
2011.03.15 15:42:38.943,0.71952,0.71997,2.59,3.19
2011.03.15 15:42:39.272,0.71955,0.72003,3.19,2.44
2011.03.15 15:42:39.602,0.71947,0.71998,3.19,3.19
2011.03.15 15:42:40.117,0.71951,0.71998,1.09,2.44
2011.03.15 15:42:44.767,0.71954,0.72006,3.49,3.19
2011.03.15 15:42:45.652,0.71954,0.72006,3.34,3.19
2011.03.15 15:42:45.763,0.71954,0.72006,3.49,3.19
2011.03.15 15:42:46.466,0.71954,0.72006,3.34,3.19
2011.03.15 15:42:46.682,0.71954,0.72006,2.25,3.19
2011.03.15 15:42:46.902,0.71947,0.71994,3.49,2.44
2011.03.15 15:42:47.544,0.71947,0.7199,1.24,2.25
2011.03.15 15:42:47.815,0.71947,0.7199,1.39,2.25
2011.03.15 15:42:48.390,0.71947,0.71994,3.64,2.44
2011.03.15 15:42:48.723,0.71955,0.71994,1.09,2.44
2011.03.15 15:42:49.743,0.71955,0.72005,1.24,1.32
2011.03.15 15:42:50.803,0.71955,0.71999,1.39,3.19
2011.03.15 15:42:50.913,0.71959,0.71999,1.24,2.44
2011.03.15 15:42:51.025,0.71959,0.72007,1.09,3.19
2011.03.15 15:42:51.644,0.71954,0.72007,1.09,3.19
2011.03.15 15:42:52.714,0.71946,0.71997,2.74,1.32
2011.03.15 15:42:53.236,0.71944,0.71992,3.64,3.19
2011.03.15 15:42:53.333,0.71946,0.71999,2.74,3.19
2011.03.15 15:42:55.793,0.71946,0.71999,2.74,3.19
2011.03.15 15:42:56.673,0.71946,0.71999,2.74,3.19
2011.03.15 15:42:57.180,0.71946,0.71999,2.89,3.19
2011.03.15 15:42:57.704,0.71944,0.71995,1.09,3.19
2011.03.15 15:42:58.312,0.71947,0.71998,2.44,2.44
2011.03.15 15:42:59.517,0.71947,0.71998,2.74,2.44
2011.03.15 15:42:59.733,0.71947,0.71998,2.59,2.44
2011.03.15 15:43:00.762,0.71946,0.71991,1.09,2.25
2011.03.15 15:43:01.093,0.71947,0.71998,2.44,2.44
2011.03.15 15:43:01.224,0.71947,0.71998,2.74,2.44
2011.03.15 15:43:01.443,0.71947,0.71998,2.59,2.44
2011.03.15 15:43:01.952,0.7195,0.72003,3.19,3.19
2011.03.15 15:43:02.703,0.7195,0.72003,3.19,2.44
2011.03.15 15:43:03.755,0.71946,0.71997,2.55,1.32
2011.03.15 15:43:04.594,0.71945,0.71991,2.74,2.25
2011.03.15 15:43:05.229,0.71945,0.71991,2.59,2.25
2011.03.15 15:43:05.703,0.71946,0.71991,1.09,2.25
2011.03.15 15:43:05.854,0.71947,0.71998,3.19,3.19
2011.03.15 15:43:06.925,0.7195,0.71998,1.24,3.19
2011.03.15 15:43:07.744,0.7195,0.71998,1.09,3.19
2011.03.15 15:43:10.203,0.71956,0.71998,1.09,3.19
2011.03.15 15:43:12.224,0.71956,0.72002,1.24,3.19
2011.03.15 15:43:12.553,0.71958,0.72006,2.44,3.19
2011.03.15 15:43:12.773,0.71958,0.72006,2.59,3.19
2011.03.15 15:43:13.443,0.71956,0.72003,1.09,3.19
2011.03.15 15:43:13.663,0.71956,0.72007,1.24,3.19
2011.03.15 15:43:13.773,0.71951,0.72002,2.89,2.44
2011.03.15 15:43:14.194,0.71951,0.72002,2.74,2.44
2011.03.15 15:43:14.303,0.71959,0.72005,2.25,3.19
2011.03.15 15:43:14.523,0.71958,0.72009,2.59,2.44
2011.03.15 15:43:15.622,0.71966,0.72012,2.25,3.19
2011.03.15 15:43:15.842,0.71958,0.72009,2.59,2.44
2011.03.15 15:43:16.063,0.71965,0.72013,2.25,3.19
2011.03.15 15:43:16.393,0.71958,0.72009,2.59,2.44
2011.03.15 15:43:19.955,0.71958,0.72009,2.74,2.44
2011.03.15 15:43:20.173,0.71958,0.72009,2.59,2.44
2011.03.15 15:43:21.244,0.71958,0.72009,2.74,2.44
2011.03.15 15:43:21.743,0.71958,0.72009,2.82,2.44
2011.03.15 15:43:21.852,0.71966,0.72012,2.25,3.19
2011.03.15 15:43:22.624,0.71965,0.72013,2.25,3.19
2011.03.15 15:43:23.128,0.71958,0.72009,2.74,2.44
2011.03.15 15:43:23.454,0.71958,0.72009,2.59,2.44
2011.03.15 15:43:23.563,0.7196,0.72009,1.09,2.25
2011.03.15 15:43:23.673,0.71968,0.72019,2.25,3.19
2011.03.15 15:43:25.739,0.71968,0.72019,2.40,3.19
2011.03.15 15:43:27.397,0.71968,0.72019,2.25,3.34
2011.03.15 15:43:27.952,0.71966,0.72012,2.59,2.25
2011.03.15 15:43:28.736,0.71966,0.72012,2.74,2.25
2011.03.15 15:43:29.702,0.7197,0.72018,2.40,2.44
2011.03.15 15:43:30.227,0.7197,0.72018,2.40,2.44
2011.03.15 15:43:31.747,0.7197,0.72018,2.55,2.44
2011.03.15 15:43:36.007,0.7197,0.72018,2.40,2.44
2011.03.15 15:43:36.113,0.71976,0.72022,2.25,3.19
2011.03.15 15:43:36.794,0.71968,0.72015,2.25,2.44
2011.03.15 15:43:37.452,0.71963,0.72012,3.34,3.19
2011.03.15 15:43:37.944,0.71969,0.72014,2.25,3.19
2011.03.15 15:43:39.723,0.71969,0.72014,2.40,3.19
2011.03.15 15:43:40.805,0.71969,0.72014,2.40,3.19
2011.03.15 15:43:42.402,0.71969,0.72014,2.40,2.44
2011.03.15 15:43:44.967,0.71969,0.72014,2.55,2.44
2011.03.15 15:43:45.183,0.71969,0.72014,2.40,2.44
2011.03.15 15:43:45.445,0.71969,0.72014,2.55,2.44
2011.03.15 15:43:45.837,0.71969,0.72014,2.40,2.44
2011.03.15 15:43:46.092,0.71969,0.72014,2.55,2.44
2011.03.15 15:43:47.293,0.71972,0.72018,2.40,2.44
2011.03.15 15:43:47.512,0.71972,0.72018,3.34,3.19
2011.03.15 15:43:48.563,0.71972,0.72018,2.44,3.19
2011.03.15 15:43:51.102,0.71967,0.72013,2.40,3.19
2011.03.15 15:43:51.212,0.71967,0.72013,2.40,3.19
2011.03.15 15:43:51.994,0.71967,0.72013,2.55,3.19
2011.03.15 15:43:54.754,0.71967,0.72013,2.40,3.34
2011.03.15 15:43:57.863,0.71964,0.72009,2.59,3.19
2011.03.15 15:43:58.412,0.71963,0.7201,2.40,3.19
2011.03.15 15:44:01.131,0.71963,0.7201,3.34,3.19
2011.03.15 15:44:03.913,0.71963,0.72012,1.24,3.19
2011.03.15 15:44:05.703,0.71963,0.72012,1.09,3.19
2011.03.15 15:44:06.902,0.71961,0.72011,2.55,1.32
2011.03.15 15:44:09.713,0.71959,0.72005,2.40,2.44
2011.03.15 15:44:09.822,0.71959,0.72005,2.55,2.44
2011.03.15 15:44:11.403,0.71959,0.72005,2.55,2.44
2011.03.15 15:44:11.654,0.71961,0.72012,2.40,3.19
2011.03.15 15:44:12.203,0.71958,0.72006,2.74,2.44
2011.03.15 15:44:13.203,0.71964,0.72009,2.55,3.19
2011.03.15 15:44:13.753,0.71968,0.72015,2.59,2.44
2011.03.15 15:44:14.656,0.71968,0.72015,2.59,2.44
2011.03.15 15:44:16.503,0.71971,0.72015,1.09,2.44
2011.03.15 15:44:17.343,0.71972,0.72018,2.44,3.19
2011.03.15 15:44:21.812,0.71969,0.72014,1.24,3.19
2011.03.15 15:44:21.922,0.71969,0.72014,1.09,3.19
2011.03.15 15:44:37.359,0.71969,0.72014,1.24,3.19
2011.03.15 15:44:39.359,0.71969,0.72014,1.09,3.19
2011.03.15 15:44:39.739,0.71972,0.72019,1.09,3.19
2011.03.15 15:44:39.953,0.71971,0.72019,3.34,3.19
2011.03.15 15:44:59.794,0.71971,0.72018,1.24,3.19
2011.03.15 15:45:01.484,0.71963,0.72013,2.40,1.09
2011.03.15 15:45:02.930,0.71958,0.72013,3.64,3.19
2011.03.15 15:45:04.533,0.71971,0.72013,1.09,3.19
2011.03.15 15:45:06.842,0.71968,0.72016,1.09,1.09
2011.03.15 15:45:15.582,0.71968,0.72018,1.09,1.09
2011.03.15 15:45:16.896,0.71967,0.72016,1.09,1.09
2011.03.15 15:45:20.854,0.71968,0.7202,1.24,3.19
2011.03.15 15:45:21.293,0.71967,0.72018,1.09,1.09
2011.03.15 15:45:23.804,0.71968,0.7202,1.24,3.19
2011.03.15 15:45:24.674,0.71968,0.7202,1.24,3.19
2011.03.15 15:45:26.686,0.71968,0.72018,1.24,1.09
2011.03.15 15:45:27.992,0.71975,0.72018,1.09,1.09
2011.03.15 15:45:28.323,0.71975,0.72028,1.24,3.19
2011.03.15 15:45:29.283,0.71975,0.72024,1.09,1.09
2011.03.15 15:45:30.263,0.71975,0.72028,1.24,3.34
2011.03.15 15:45:30.373,0.71975,0.72023,1.09,1.09
2011.03.15 15:45:30.660,0.71975,0.72028,1.24,3.34
2011.03.15 15:45:31.656,0.71975,0.72023,1.09,1.09
2011.03.15 15:45:32.674,0.71975,0.72023,1.24,1.09
2011.03.15 15:45:33.006,0.71975,0.72028,1.39,3.19
2011.03.15 15:45:33.176,0.71975,0.72024,1.24,1.09
2011.03.15 15:45:33.695,0.71972,0.72024,2.74,1.09
2011.03.15 15:45:34.014,0.71971,0.72024,1.24,3.34
2011.03.15 15:45:34.233,0.71974,0.72024,1.24,3.19
2011.03.15 15:45:35.208,0.71974,0.72023,1.09,1.09
2011.03.15 15:45:35.423,0.71974,0.72024,1.24,3.19
2011.03.15 15:45:37.203,0.71974,0.72023,1.09,1.09
2011.03.15 15:45:37.543,0.71974,0.72024,1.24,3.19
2011.03.15 15:45:38.653,0.71974,0.72023,1.09,1.09
2011.03.15 15:45:39.553,0.71974,0.72024,1.24,3.19
2011.03.15 15:45:41.283,0.71974,0.72024,1.39,3.19
2011.03.15 15:45:42.344,0.71974,0.72027,1.24,3.19
2011.03.15 15:45:42.453,0.71974,0.72027,1.39,3.19
2011.03.15 15:45:43.733,0.71974,0.7202,1.24,3.19
2011.03.15 15:45:44.184,0.71974,0.72025,1.39,3.57
2011.03.15 15:45:50.726,0.71974,0.72027,1.54,3.19
2011.03.15 15:45:55.915,0.71974,0.72026,1.39,1.32
2011.03.15 15:45:56.799,0.71974,0.72025,1.24,3.19
2011.03.15 15:45:57.503,0.71974,0.72025,1.39,3.19
2011.03.15 15:46:01.713,0.71974,0.72028,1.54,3.19
2011.03.15 15:46:02.165,0.71974,0.72025,1.39,1.32
2011.03.15 15:46:02.423,0.71974,0.72025,1.24,3.57
2011.03.15 15:46:03.273,0.71974,0.72025,1.39,3.19
2011.03.15 15:46:06.661,0.71974,0.72027,1.24,3.19
2011.03.15 15:46:07.805,0.71974,0.72027,1.39,3.19
2011.03.15 15:46:12.013,0.7198,0.72027,1.39,3.19
2011.03.15 15:46:13.953,0.7198,0.72031,1.24,3.19
2011.03.15 15:46:15.754,0.7198,0.72031,1.39,3.19
2011.03.15 15:46:20.234,0.71976,0.72027,1.54,3.19
2011.03.15 15:46:20.615,0.71976,0.72027,1.39,3.19
2011.03.15 15:46:21.054,0.71983,0.72027,1.09,3.19
2011.03.15 15:46:21.372,0.71983,0.72032,1.24,3.57
2011.03.15 15:46:25.723,0.71983,0.72025,1.09,1.32
2011.03.15 15:46:25.833,0.71972,0.72024,1.39,3.19
2011.03.15 15:46:25.945,0.71972,0.72015,1.24,1.32
2011.03.15 15:46:26.053,0.71969,0.72015,2.55,1.32
2011.03.15 15:46:26.603,0.71964,0.72013,1.39,3.19
2011.03.15 15:46:26.713,0.71964,0.72016,1.24,3.19
2011.03.15 15:46:26.822,0.71962,0.72016,2.70,3.19
2011.03.15 15:46:27.254,0.71983,0.72037,3.19,3.19
2011.03.15 15:46:27.574,0.71983,0.7203,2.40,1.32
2011.03.15 15:46:27.683,0.71979,0.72029,1.47,3.19
2011.03.15 15:46:27.792,0.71981,0.72029,1.09,3.19
2011.03.15 15:46:27.902,0.71983,0.72037,3.19,3.19
2011.03.15 15:46:28.756,0.71984,0.72037,1.24,3.19
2011.03.15 15:46:29.723,0.71984,0.72037,1.39,3.19
2011.03.15 15:46:30.312,0.71986,0.72037,1.39,3.19
2011.03.15 15:46:30.885,0.71986,0.72037,1.39,3.19
2011.03.15 15:46:33.292,0.71972,0.72029,3.79,3.19
2011.03.15 15:46:33.842,0.71972,0.72024,1.39,3.19
2011.03.15 15:46:33.953,0.71972,0.7203,1.39,3.19
2011.03.15 15:46:34.062,0.71972,0.7203,1.39,3.19
2011.03.15 15:46:34.283,0.71972,0.72024,1.39,3.19
2011.03.15 15:46:35.387,0.71967,0.72024,3.34,3.19
2011.03.15 15:46:35.493,0.71967,0.72009,2.40,1.32
2011.03.15 15:46:35.934,0.71962,0.7201,1.09,2.44
2011.03.15 15:46:36.713,0.71964,0.72019,3.87,3.19
2011.03.15 15:46:36.823,0.7197,0.72019,1.09,2.44
2011.03.15 15:46:37.613,0.71972,0.7202,1.09,3.57
2011.03.15 15:46:38.166,0.71964,0.7202,1.24,3.57
2011.03.15 15:46:38.494,0.71966,0.7202,1.02,3.19
2011.03.15 15:46:38.604,0.71976,0.7203,1.09,3.19
2011.03.15 15:46:39.153,0.71977,0.72023,1.09,1.32
2011.03.15 15:46:39.483,0.71978,0.72016,1.09,3.19
2011.03.15 15:46:40.255,0.71978,0.72021,1.32,3.19
2011.03.15 15:46:40.474,0.7198,0.72035,3.19,3.57
2011.03.15 15:46:40.584,0.71976,0.72025,1.24,3.19
2011.03.15 15:46:41.155,0.71976,0.7202,1.24,2.25
2011.03.15 15:46:41.263,0.71978,0.7202,1.32,2.25
2011.03.15 15:46:41.373,0.71979,0.72036,3.19,2.82
2011.03.15 15:46:41.484,0.71979,0.72029,2.25,1.32
2011.03.15 15:46:41.813,0.71974,0.72016,1.09,2.25
2011.03.15 15:46:42.143,0.71974,0.72021,1.09,2.25
2011.03.15 15:46:42.254,0.71965,0.72017,2.70,1.32
2011.03.15 15:46:43.734,0.71961,0.72015,2.89,3.19
2011.03.15 15:46:43.856,0.71961,0.72015,3.04,3.19
2011.03.15 15:46:47.373,0.71964,0.72019,2.85,3.19
2011.03.15 15:46:48.234,0.71964,0.72017,2.70,1.32
2011.03.15 15:46:49.733,0.7196,0.72016,3.04,3.19
2011.03.15 15:46:50.015,0.7196,0.72013,3.04,1.32
2011.03.15 15:46:50.253,0.71956,0.72009,3.79,1.32
2011.03.15 15:46:50.364,0.71956,0.72009,3.94,1.32
2011.03.15 15:46:50.583,0.71953,0.72007,2.70,1.32
2011.03.15 15:46:51.542,0.7195,0.72004,3.42,3.19
2011.03.15 15:46:52.392,0.71953,0.72008,3.04,3.19
2011.03.15 15:46:52.773,0.71953,0.72008,2.89,3.19
2011.03.15 15:46:52.993,0.71953,0.72008,2.74,3.19
2011.03.15 15:46:53.336,0.71953,0.72008,2.89,3.19
2011.03.15 15:46:53.773,0.71953,0.72008,2.74,3.19
2011.03.15 15:46:55.773,0.71949,0.72005,3.79,3.19
2011.03.15 15:46:57.323,0.7195,0.72005,1.02,3.19
2011.03.15 15:47:00.043,0.7195,0.72005,1.17,3.19
2011.03.15 15:47:00.264,0.71952,0.72009,2.74,3.34
2011.03.15 15:47:01.691,0.71952,0.72009,2.89,3.19
2011.03.15 15:47:01.939,0.71952,0.72009,2.74,3.34
2011.03.15 15:47:02.293,0.71952,0.72007,2.70,1.32
2011.03.15 15:47:02.513,0.71949,0.72005,3.79,3.57
2011.03.15 15:47:02.733,0.71948,0.72003,3.04,3.19
2011.03.15 15:47:03.385,0.71948,0.72003,2.89,3.19
2011.03.15 15:47:03.983,0.71951,0.72008,2.85,3.57
2011.03.15 15:47:05.709,0.71947,0.72004,3.04,3.19
2011.03.15 15:47:05.959,0.71947,0.72004,3.19,3.19
2011.03.15 15:47:06.485,0.71946,0.72,1.54,3.19
2011.03.15 15:47:07.098,0.71948,0.72003,2.74,3.19
2011.03.15 15:47:07.313,0.71948,0.72003,2.89,3.19
2011.03.15 15:47:07.574,0.71946,0.71998,1.39,3.19
2011.03.15 15:47:08.228,0.71946,0.71998,1.39,3.19
2011.03.15 15:47:08.731,0.71946,0.71998,1.54,3.19
2011.03.15 15:47:09.783,0.71946,0.71998,1.69,3.19
2011.03.15 15:47:11.872,0.71946,0.71998,1.39,3.19
2011.03.15 15:47:12.795,0.71946,0.71996,1.39,3.19
2011.03.15 15:47:16.053,0.71941,0.71992,1.54,1.32
2011.03.15 15:47:16.274,0.71941,0.71992,1.39,3.19
2011.03.15 15:47:20.483,0.71941,0.7199,1.24,3.19
2011.03.15 15:47:20.703,0.71946,0.7199,1.24,3.19
2011.03.15 15:47:22.965,0.71946,0.7199,1.09,3.19
2011.03.15 15:47:23.754,0.71946,0.71995,1.24,3.19
2011.03.15 15:47:33.393,0.71949,0.71996,1.09,3.19
2011.03.15 15:47:34.293,0.71949,0.72,1.24,3.19
2011.03.15 15:47:37.463,0.71956,0.72,1.09,3.19
2011.03.15 15:47:39.946,0.71956,0.72004,1.09,3.34
2011.03.15 15:47:40.275,0.71962,0.72008,1.09,1.47
2011.03.15 15:47:44.823,0.71963,0.72008,1.09,1.09
2011.03.15 15:47:49.956,0.71966,0.72008,1.09,1.09
2011.03.15 15:47:53.817,0.71963,0.72009,1.09,1.09
2011.03.15 15:47:57.737,0.71963,0.72008,1.09,3.19
2011.03.15 15:48:00.684,0.71963,0.72007,1.24,3.19
2011.03.15 15:48:00.794,0.71963,0.72007,1.09,3.19
2011.03.15 15:48:00.903,0.71963,0.72007,1.24,3.19
2011.03.15 15:48:01.142,0.71963,0.72007,1.09,3.19
2011.03.15 15:48:01.803,0.71963,0.72007,1.24,3.19
2011.03.15 15:48:02.023,0.71963,0.72007,1.09,3.19
2011.03.15 15:48:02.133,0.71963,0.72007,1.24,3.19
2011.03.15 15:48:02.353,0.71963,0.72007,1.09,3.19
2011.03.15 15:48:02.464,0.71963,0.72007,1.24,3.19
2011.03.15 15:48:02.574,0.71963,0.72007,1.09,3.19
2011.03.15 15:48:03.226,0.71957,0.72003,1.24,3.19
2011.03.15 15:48:03.795,0.71962,0.72003,1.09,3.19
2011.03.15 15:48:05.967,0.71963,0.72006,1.09,3.19
2011.03.15 15:48:06.403,0.71963,0.72009,1.24,1.32
2011.03.15 15:48:07.506,0.71966,0.72006,1.09,3.19
2011.03.15 15:48:07.724,0.71968,0.72015,1.09,3.19
2011.03.15 15:48:08.676,0.71972,0.72011,1.09,3.19
2011.03.15 15:48:09.112,0.71966,0.72015,1.09,3.19
2011.03.15 15:48:09.636,0.7197,0.72015,1.24,3.19
2011.03.15 15:48:10.733,0.7197,0.72011,1.09,2.44
2011.03.15 15:48:10.966,0.71956,0.72011,1.54,3.19
2011.03.15 15:48:11.644,0.71956,0.72012,1.69,3.19
2011.03.15 15:48:11.864,0.71959,0.72012,1.02,3.19
2011.03.15 15:48:13.513,0.71972,0.72016,1.24,2.25
2011.03.15 15:48:13.622,0.71972,0.72022,1.24,2.44
2011.03.15 15:48:13.953,0.71972,0.72022,1.09,2.59
2011.03.15 15:48:14.173,0.71964,0.72022,3.12,3.34
2011.03.15 15:48:16.684,0.71964,0.7202,1.02,2.44
2011.03.15 15:48:19.714,0.71962,0.7202,3.87,2.59
2011.03.15 15:48:20.023,0.71964,0.7202,1.02,2.44
2011.03.15 15:48:20.373,0.71962,0.72014,1.54,2.25
2011.03.15 15:48:21.043,0.71962,0.72014,1.24,2.25
2011.03.15 15:48:21.843,0.71962,0.72013,1.24,2.25
2011.03.15 15:48:21.953,0.71962,0.72013,1.24,2.25
2011.03.15 15:48:23.337,0.71962,0.72018,1.62,2.44
2011.03.15 15:48:27.890,0.71966,0.72022,3.27,3.19
2011.03.15 15:48:28.533,0.71972,0.72022,1.24,2.25
2011.03.15 15:48:28.753,0.71972,0.72019,1.24,2.25
2011.03.15 15:48:29.416,0.71972,0.72023,1.24,2.40
2011.03.15 15:48:32.374,0.71972,0.72023,1.39,2.25
2011.03.15 15:48:33.914,0.71972,0.72023,1.09,2.25
2011.03.15 15:48:34.143,0.71972,0.72023,1.24,2.25
2011.03.15 15:48:35.725,0.71972,0.72023,1.09,2.40
2011.03.15 15:48:36.204,0.71977,0.72025,1.09,2.44
2011.03.15 15:48:36.703,0.71977,0.72029,1.24,1.32
2011.03.15 15:48:39.638,0.71977,0.72026,1.24,3.19
2011.03.15 15:48:39.975,0.71985,0.72026,1.09,3.19
2011.03.15 15:48:40.514,0.71976,0.72029,1.24,1.32
2011.03.15 15:48:40.733,0.71976,0.72025,1.39,3.19
2011.03.15 15:48:44.755,0.71976,0.72025,1.39,3.19
2011.03.15 15:48:44.973,0.71983,0.72033,2.63,1.09
2011.03.15 15:48:45.083,0.71984,0.72033,1.32,1.09
2011.03.15 15:48:45.303,0.71981,0.72025,3.34,1.32
2011.03.15 15:48:46.245,0.71982,0.72022,1.09,3.19
2011.03.15 15:48:49.774,0.71981,0.72028,1.24,2.44
2011.03.15 15:48:50.323,0.71981,0.72025,1.24,2.44
2011.03.15 15:48:53.753,0.71986,0.72025,1.09,2.25
2011.03.15 15:48:54.082,0.71988,0.72026,1.09,3.19
2011.03.15 15:48:54.455,0.71984,0.72026,1.24,3.19
2011.03.15 15:48:54.650,0.71984,0.72026,1.09,3.19
2011.03.15 15:48:54.764,0.71979,0.72025,1.24,1.32
2011.03.15 15:48:57.234,0.71979,0.72023,1.09,3.19
2011.03.15 15:48:57.823,0.71969,0.72023,1.24,2.59
2011.03.15 15:48:59.304,0.71969,0.72023,1.39,2.44
2011.03.15 15:49:00.506,0.71969,0.72023,1.54,2.44
2011.03.15 15:49:01.314,0.71969,0.72023,1.39,2.44
2011.03.15 15:49:02.427,0.71969,0.72018,1.39,2.25
2011.03.15 15:49:04.763,0.71969,0.72018,1.39,2.63
2011.03.15 15:49:04.873,0.71969,0.72014,1.39,2.25
2011.03.15 15:49:05.093,0.71969,0.72014,1.24,2.25
2011.03.15 15:49:05.689,0.71969,0.72014,1.24,2.25
2011.03.15 15:49:06.683,0.71969,0.72014,1.24,2.25
2011.03.15 15:49:10.684,0.71969,0.72014,1.09,2.40
2011.03.15 15:49:10.793,0.7196,0.72014,1.39,3.34
2011.03.15 15:49:11.524,0.7196,0.72014,1.54,3.19
2011.03.15 15:49:11.925,0.71957,0.72014,1.17,3.19
2011.03.15 15:49:12.034,0.71956,0.72006,1.54,3.19
2011.03.15 15:49:12.253,0.71956,0.72006,1.39,3.19
2011.03.15 15:49:12.473,0.71956,0.7201,1.54,3.19
2011.03.15 15:49:12.610,0.71956,0.7201,1.24,3.19
2011.03.15 15:49:13.043,0.71956,0.72001,1.39,2.44
2011.03.15 15:49:13.263,0.71956,0.72001,1.24,2.44
2011.03.15 15:49:13.513,0.7195,0.71997,1.39,3.19
2011.03.15 15:49:13.623,0.7195,0.71997,1.24,3.19
2011.03.15 15:49:14.833,0.7195,0.71997,1.39,3.19
2011.03.15 15:49:14.943,0.7195,0.71997,1.24,3.19
2011.03.15 15:49:16.642,0.7195,0.71997,1.39,3.19
2011.03.15 15:49:16.983,0.71949,0.71997,1.39,2.25
2011.03.15 15:49:17.203,0.71949,0.71997,1.24,2.25
2011.03.15 15:49:17.613,0.71949,0.72003,1.24,2.44
2011.03.15 15:49:17.943,0.71949,0.72003,1.39,2.44
2011.03.15 15:49:18.163,0.71949,0.72003,1.24,2.59
2011.03.15 15:49:18.272,0.71947,0.72003,1.39,3.34
2011.03.15 15:49:18.701,0.71947,0.72003,1.54,3.34
2011.03.15 15:49:19.054,0.71947,0.72002,1.69,1.32
2011.03.15 15:49:19.275,0.71952,0.71998,1.39,2.25
2011.03.15 15:49:19.384,0.71952,0.72,1.39,2.25
2011.03.15 15:49:19.494,0.71951,0.72,1.09,2.25
2011.03.15 15:49:20.052,0.71952,0.72005,1.62,3.19
2011.03.15 15:49:21.757,0.71952,0.72007,1.62,3.19
2011.03.15 15:49:22.623,0.71952,0.72007,1.77,3.19
2011.03.15 15:49:23.513,0.71952,0.72007,1.54,3.19
2011.03.15 15:49:23.844,0.71948,0.72005,1.92,3.19
2011.03.15 15:49:24.064,0.71948,0.72,1.39,1.32
2011.03.15 15:49:24.174,0.71955,0.71996,1.24,2.44
2011.03.15 15:49:24.284,0.71955,0.71996,1.09,2.44
2011.03.15 15:49:24.394,0.71947,0.71998,1.24,3.19
2011.03.15 15:49:25.123,0.71947,0.71998,1.09,3.19
2011.03.15 15:49:25.423,0.71947,0.71998,1.24,3.19
2011.03.15 15:49:25.533,0.71949,0.71998,1.24,2.44
2011.03.15 15:49:25.753,0.71949,0.71998,1.09,2.44
2011.03.15 15:49:25.973,0.71949,0.71998,1.24,2.44
2011.03.15 15:49:26.543,0.71949,0.71998,1.24,2.44
2011.03.15 15:49:26.873,0.71937,0.71993,1.92,2.44
2011.03.15 15:49:26.984,0.71937,0.71993,1.39,2.82
2011.03.15 15:49:27.094,0.71937,0.71987,1.77,2.25
2011.03.15 15:49:27.313,0.71946,0.71992,1.24,2.25
2011.03.15 15:49:27.535,0.71946,0.71997,1.24,2.25
2011.03.15 15:49:28.677,0.71946,0.71997,1.24,2.25
2011.03.15 15:49:29.769,0.71946,0.71997,1.39,2.25
2011.03.15 15:49:29.983,0.71946,0.71997,1.62,2.25
2011.03.15 15:49:30.204,0.71955,0.72006,1.09,2.25
2011.03.15 15:49:30.766,0.71955,0.72009,1.09,2.82
2011.03.15 15:49:32.375,0.71955,0.72008,1.24,2.44
2011.03.15 15:49:32.783,0.71955,0.72008,1.39,2.44
2011.03.15 15:49:33.543,0.71955,0.72008,1.24,2.44
2011.03.15 15:49:33.764,0.71956,0.72008,1.09,2.25
2011.03.15 15:49:33.873,0.71956,0.72012,1.09,2.25
2011.03.15 15:49:35.743,0.71961,0.72012,1.09,2.25
2011.03.15 15:49:35.963,0.71961,0.72015,1.09,2.25
2011.03.15 15:49:37.104,0.71961,0.72013,1.24,1.32
2011.03.15 15:49:39.095,0.71955,0.72012,1.02,3.19
2011.03.15 15:49:39.203,0.71954,0.7201,2.74,1.32
2011.03.15 15:49:39.932,0.71951,0.72006,1.54,3.19
2011.03.15 15:49:40.484,0.71965,0.72011,1.09,3.19
2011.03.15 15:49:43.114,0.7195,0.72006,3.27,3.19
2011.03.15 15:49:43.224,0.7196,0.72006,1.09,2.25
2011.03.15 15:49:43.443,0.7196,0.72012,1.09,3.19
2011.03.15 15:49:43.771,0.7196,0.72012,1.24,3.19
2011.03.15 15:49:46.724,0.71954,0.7201,2.89,1.32
2011.03.15 15:49:47.053,0.71959,0.72006,1.24,2.25
2011.03.15 15:49:47.164,0.71959,0.72011,1.24,2.44
2011.03.15 15:49:48.553,0.71959,0.72011,1.39,2.44
2011.03.15 15:49:48.774,0.71959,0.72013,1.24,3.19
2011.03.15 15:49:49.323,0.71954,0.72009,3.27,3.19
2011.03.15 15:49:50.364,0.71954,0.72009,3.57,3.19
2011.03.15 15:49:50.702,0.71954,0.72009,3.42,3.19
2011.03.15 15:49:52.733,0.71954,0.72009,3.12,3.19
2011.03.15 15:49:52.955,0.71953,0.72006,1.39,2.44
2011.03.15 15:49:53.283,0.71953,0.72,1.39,2.25
2011.03.15 15:49:53.743,0.71953,0.72,1.24,2.25
2011.03.15 15:49:54.418,0.71953,0.72,1.09,2.25
2011.03.15 15:49:54.745,0.71953,0.72,1.24,2.25
2011.03.15 15:49:54.885,0.71953,0.72,1.09,2.25
2011.03.15 15:49:55.155,0.71951,0.72,1.24,3.19
2011.03.15 15:49:57.385,0.71951,0.71999,1.09,1.09
2011.03.15 15:50:04.123,0.71947,0.71993,1.09,2.25
2011.03.15 15:50:04.603,0.71945,0.71993,1.09,2.44
2011.03.15 15:50:06.474,0.71945,0.71993,1.24,2.44
2011.03.15 15:50:07.794,0.71945,0.71993,1.09,2.44
2011.03.15 15:50:08.123,0.71941,0.71988,1.09,2.25
2011.03.15 15:50:08.460,0.71941,0.71993,1.09,2.82
2011.03.15 15:50:08.576,0.7193,0.71978,1.09,2.44
2011.03.15 15:50:08.684,0.71934,0.71978,1.32,2.25
2011.03.15 15:50:09.014,0.71933,0.71991,3.19,2.97
2011.03.15 15:50:09.123,0.71932,0.71985,1.09,2.25
2011.03.15 15:50:10.361,0.71932,0.71985,1.24,3.19
2011.03.15 15:50:10.754,0.71936,0.71985,1.09,3.19
2011.03.15 15:50:14.255,0.71936,0.71985,1.09,2.44
2011.03.15 15:50:21.493,0.71948,0.71993,1.09,3.19
2011.03.15 15:50:22.565,0.71947,0.71993,1.09,3.34
2011.03.15 15:50:24.054,0.71937,0.71976,1.09,2.25
2011.03.15 15:50:24.435,0.71931,0.71984,1.24,3.19
2011.03.15 15:50:24.803,0.71932,0.71984,1.09,3.19
2011.03.15 15:50:25.178,0.71932,0.71984,1.24,3.19
2011.03.15 15:50:25.656,0.71932,0.71984,1.09,3.19
2011.03.15 15:50:26.714,0.71932,0.71984,1.39,3.19
2011.03.15 15:50:27.783,0.71928,0.7198,1.39,2.25
2011.03.15 15:50:28.783,0.71928,0.7198,1.24,2.25
2011.03.15 15:50:29.773,0.71928,0.7198,1.24,2.25
2011.03.15 15:50:30.854,0.71929,0.7198,1.02,2.25
2011.03.15 15:50:30.963,0.71929,0.71984,1.02,2.25
2011.03.15 15:50:31.397,0.71928,0.71984,3.87,2.25
2011.03.15 15:50:31.996,0.71928,0.71984,3.87,2.40
2011.03.15 15:50:32.268,0.71929,0.71984,1.02,2.25
2011.03.15 15:50:32.398,0.71928,0.71984,3.87,2.40
2011.03.15 15:50:32.678,0.71936,0.71983,1.09,1.09
2011.03.15 15:50:33.580,0.71936,0.71984,1.24,3.19
2011.03.15 15:50:34.784,0.71936,0.71984,1.39,3.19
2011.03.15 15:50:36.070,0.71936,0.71984,1.24,3.34
2011.03.15 15:50:37.534,0.71934,0.71979,1.09,3.19
2011.03.15 15:50:40.454,0.71934,0.71985,1.09,3.19
2011.03.15 15:50:41.464,0.71934,0.71985,1.39,3.19
2011.03.15 15:50:44.273,0.71934,0.71983,1.24,1.09
2011.03.15 15:50:44.523,0.71933,0.71985,1.24,3.19
2011.03.15 15:50:45.693,0.71933,0.71983,1.24,1.09
2011.03.15 15:50:46.955,0.71934,0.71983,1.24,1.09
2011.03.15 15:50:48.985,0.71937,0.71982,1.24,1.32
2011.03.15 15:50:50.753,0.71937,0.71979,1.09,3.19
2011.03.15 15:50:57.483,0.71933,0.71977,1.24,1.32
2011.03.15 15:50:57.593,0.71933,0.71977,1.09,1.32
2011.03.15 15:50:58.144,0.71931,0.71975,1.09,3.19
2011.03.15 15:50:58.254,0.71931,0.71975,1.09,2.44
2011.03.15 15:50:58.363,0.7193,0.71984,1.09,1.09
2011.03.15 15:50:59.366,0.7193,0.71975,1.24,3.19
2011.03.15 15:50:59.481,0.7193,0.71975,1.09,3.19
2011.03.15 15:51:00.236,0.71922,0.71971,1.24,3.19
2011.03.15 15:51:09.418,0.71922,0.71971,1.24,3.19
2011.03.15 15:51:10.095,0.71922,0.71971,1.09,3.19
2011.03.15 15:51:10.313,0.71922,0.71971,1.24,3.19
2011.03.15 15:51:13.223,0.71922,0.71971,1.24,3.19
2011.03.15 15:51:14.703,0.71922,0.71966,1.39,2.44
2011.03.15 15:51:15.893,0.71922,0.71966,1.24,2.44
2011.03.15 15:51:18.234,0.71924,0.7197,1.09,2.25
2011.03.15 15:51:20.655,0.71924,0.7197,1.24,2.25
2011.03.15 15:51:23.813,0.71924,0.71966,1.24,2.25
2011.03.15 15:51:24.913,0.71924,0.71966,1.09,2.25
2011.03.15 15:51:25.435,0.71924,0.71966,1.24,2.25
2011.03.15 15:51:25.757,0.71924,0.71966,1.09,2.25
2011.03.15 15:51:25.974,0.71924,0.71966,1.24,2.25
2011.03.15 15:51:27.715,0.71924,0.71966,1.09,2.25
2011.03.15 15:51:27.933,0.71924,0.71966,1.24,2.25
2011.03.15 15:51:28.043,0.71924,0.71966,1.09,2.25
2011.03.15 15:51:28.534,0.71916,0.71964,1.39,1.32
2011.03.15 15:51:28.904,0.71916,0.7196,1.24,2.44
2011.03.15 15:51:31.694,0.71916,0.7196,1.09,2.44
2011.03.15 15:51:31.804,0.71906,0.7196,1.39,3.19
2011.03.15 15:51:32.133,0.71906,0.71961,1.92,3.19
2011.03.15 15:51:33.994,0.71906,0.71961,1.39,3.19
2011.03.15 15:51:34.887,0.71906,0.71956,1.39,2.44
2011.03.15 15:51:34.998,0.71906,0.7196,1.24,3.19
2011.03.15 15:51:35.473,0.71906,0.7196,1.39,3.19
2011.03.15 15:51:36.255,0.71907,0.71963,2.74,3.34
2011.03.15 15:51:36.488,0.71907,0.71963,2.74,3.19
2011.03.15 15:51:37.344,0.71907,0.71963,3.49,3.19
2011.03.15 15:51:38.166,0.71907,0.71963,3.64,3.19
2011.03.15 15:51:39.221,0.71907,0.71963,3.64,3.34
2011.03.15 15:51:40.197,0.71907,0.71963,3.64,3.19
2011.03.15 15:51:45.154,0.71907,0.71963,3.49,3.19
2011.03.15 15:51:45.373,0.71915,0.71963,1.09,2.25
2011.03.15 15:51:45.483,0.71915,0.71968,1.09,2.44
2011.03.15 15:51:46.494,0.71915,0.71968,1.24,2.97
2011.03.15 15:51:46.875,0.71915,0.71966,1.39,2.44
2011.03.15 15:51:47.605,0.71915,0.71966,1.39,2.44
2011.03.15 15:51:48.426,0.71915,0.71966,1.24,2.44
2011.03.15 15:51:49.303,0.71912,0.71963,1.09,2.40
2011.03.15 15:51:49.633,0.71909,0.71959,1.09,3.19
2011.03.15 15:51:50.325,0.71906,0.71953,1.09,2.25
2011.03.15 15:51:51.105,0.71909,0.71953,1.24,2.25
2011.03.15 15:51:51.434,0.71909,0.7195,1.09,2.25
2011.03.15 15:51:51.544,0.71909,0.71956,1.24,2.44
2011.03.15 15:51:51.654,0.71909,0.71956,1.09,2.44
2011.03.15 15:51:51.983,0.71912,0.71963,1.32,2.44
2011.03.15 15:51:53.754,0.7192,0.71974,1.32,1.09
2011.03.15 15:51:54.744,0.71921,0.71973,1.24,1.09
2011.03.15 15:51:54.963,0.71921,0.71973,1.09,1.09
2011.03.15 15:51:55.744,0.71921,0.71976,1.24,3.19
2011.03.15 15:51:56.244,0.71921,0.71973,1.24,1.09
2011.03.15 15:51:56.574,0.71921,0.71976,1.39,3.57
2011.03.15 15:51:57.773,0.71921,0.71972,1.24,3.19
2011.03.15 15:51:58.984,0.71921,0.71975,1.39,3.19
2011.03.15 15:51:59.325,0.7193,0.71975,1.09,3.19
2011.03.15 15:52:00.204,0.71921,0.7197,1.24,1.32
2011.03.15 15:52:00.533,0.71915,0.71964,1.39,1.32
2011.03.15 15:52:00.644,0.71915,0.71961,1.24,3.19
2011.03.15 15:52:00.754,0.71909,0.71957,1.39,3.19
2011.03.15 15:52:00.974,0.71916,0.71962,1.09,3.19
2011.03.15 15:52:01.744,0.71923,0.7197,1.09,3.19
2011.03.15 15:52:02.840,0.71923,0.7197,1.24,3.19
2011.03.15 15:52:03.848,0.71923,0.7197,1.09,3.19
2011.03.15 15:52:03.953,0.71919,0.71966,1.24,1.32
2011.03.15 15:52:04.283,0.71926,0.71962,1.24,3.19
2011.03.15 15:52:04.503,0.71931,0.7197,1.09,3.19
2011.03.15 15:52:04.724,0.71927,0.71972,1.09,3.19
2011.03.15 15:52:04.944,0.71925,0.71976,1.32,3.19
2011.03.15 15:52:05.523,0.71931,0.71982,1.09,3.19
2011.03.15 15:52:05.854,0.71931,0.71984,1.09,1.09
2011.03.15 15:52:11.113,0.71929,0.71979,3.19,1.09
2011.03.15 15:52:12.224,0.71936,0.71982,1.09,3.19
2011.03.15 15:52:14.985,0.71936,0.71984,1.09,1.09
2011.03.15 15:52:15.975,0.71936,0.71988,1.09,1.32
2011.03.15 15:52:16.195,0.71935,0.71984,1.32,1.09
2011.03.15 15:52:16.413,0.71933,0.71984,3.19,1.09
2011.03.15 15:52:16.633,0.71931,0.71984,1.09,1.09
2011.03.15 15:52:16.964,0.71937,0.71991,1.09,3.19
2011.03.15 15:52:18.174,0.71944,0.71993,3.19,1.09
2011.03.15 15:52:21.005,0.71945,0.7199,1.32,1.09
2011.03.15 15:52:21.744,0.71946,0.7199,1.09,1.09
2011.03.15 15:52:22.744,0.71947,0.71993,1.09,1.09
2011.03.15 15:52:23.684,0.71942,0.71994,1.24,3.19
2011.03.15 15:52:24.744,0.71942,0.71991,1.09,2.44
2011.03.15 15:52:26.723,0.71942,0.71991,1.24,2.44
2011.03.15 15:52:28.164,0.71942,0.71994,1.32,3.34
2011.03.15 15:52:28.984,0.71947,0.71998,1.47,1.09
2011.03.15 15:52:30.973,0.71952,0.72001,1.09,1.09
2011.03.15 15:52:31.534,0.71967,0.72007,1.32,2.25
2011.03.15 15:52:31.645,0.71966,0.72013,2.44,1.09
2011.03.15 15:52:32.083,0.71962,0.72013,1.32,2.59
2011.03.15 15:52:32.195,0.7196,0.72009,3.19,1.09
2011.03.15 15:52:34.037,0.71958,0.72008,1.09,3.19
2011.03.15 15:52:34.883,0.71952,0.72005,1.39,2.44
2011.03.15 15:52:34.993,0.71952,0.72005,1.09,2.44
2011.03.15 15:52:37.693,0.71952,0.72001,1.24,2.25
2011.03.15 15:52:38.123,0.71952,0.71997,1.09,2.25
2011.03.15 15:52:38.233,0.71944,0.71997,1.62,2.44
2011.03.15 15:52:38.343,0.71946,0.71997,1.02,2.44
2011.03.15 15:52:38.763,0.71953,0.72003,1.09,3.19
2011.03.15 15:52:39.863,0.71956,0.72012,3.12,3.19
2011.03.15 15:52:40.533,0.71962,0.72012,1.09,3.19
2011.03.15 15:52:40.873,0.71957,0.72008,1.09,3.19
2011.03.15 15:52:41.303,0.71961,0.72008,1.09,3.19
2011.03.15 15:52:41.744,0.71961,0.72012,1.09,2.44
2011.03.15 15:52:42.734,0.71956,0.72012,2.74,3.19
2011.03.15 15:52:44.336,0.71961,0.72008,1.09,3.19
2011.03.15 15:52:44.444,0.71961,0.72008,1.24,3.19
2011.03.15 15:52:44.663,0.71961,0.72009,1.09,1.09
2011.03.15 15:52:45.213,0.71961,0.72012,1.09,3.34
2011.03.15 15:52:45.715,0.71961,0.72009,1.09,1.09
2011.03.15 15:52:53.206,0.7196,0.72012,1.09,2.59
2011.03.15 15:52:54.423,0.7196,0.72012,1.24,2.44
2011.03.15 15:52:54.975,0.71952,0.72004,2.89,1.32
2011.03.15 15:52:55.524,0.71949,0.72002,1.24,3.57
2011.03.15 15:52:57.314,0.71949,0.71998,1.09,3.19
2011.03.15 15:52:58.611,0.71941,0.71998,1.02,3.19
2011.03.15 15:53:00.023,0.7194,0.71998,3.49,3.57
2011.03.15 15:53:01.004,0.7194,0.71991,1.09,3.19
2011.03.15 15:53:04.136,0.7194,0.71991,1.24,3.19
2011.03.15 15:53:05.935,0.7194,0.71991,1.09,3.34
2011.03.15 15:53:09.034,0.71938,0.71991,1.09,3.57
2011.03.15 15:53:10.616,0.71938,0.71986,1.24,3.19
2011.03.15 15:53:10.734,0.71938,0.71986,1.09,3.19
2011.03.15 15:53:10.953,0.71938,0.71986,1.24,3.19
2011.03.15 15:53:11.064,0.71938,0.71986,1.09,3.19
2011.03.15 15:53:11.284,0.71938,0.71986,1.09,3.19
2011.03.15 15:53:11.724,0.71939,0.71983,1.09,2.44
2011.03.15 15:53:13.704,0.71939,0.71989,1.24,3.19
2011.03.15 15:53:14.470,0.71939,0.71989,1.09,3.19
2011.03.15 15:53:15.021,0.71939,0.71989,1.24,3.19
2011.03.15 15:53:15.697,0.71939,0.71989,1.09,3.34
2011.03.15 15:53:17.667,0.71934,0.71985,1.09,3.34
2011.03.15 15:53:19.785,0.71929,0.71978,2.59,1.32
2011.03.15 15:53:20.114,0.71919,0.71968,1.24,3.19
2011.03.15 15:53:20.794,0.71926,0.71974,1.09,3.19
2011.03.15 15:53:21.013,0.71926,0.71974,1.09,3.19
2011.03.15 15:53:21.234,0.71926,0.71978,1.09,3.19
2011.03.15 15:53:23.724,0.71926,0.71974,1.09,2.25
2011.03.15 15:53:24.714,0.71926,0.71974,1.09,2.40
2011.03.15 15:53:27.815,0.71926,0.71979,1.24,2.59
2011.03.15 15:53:28.414,0.71928,0.71978,1.09,1.09
2011.03.15 15:53:29.784,0.71928,0.71975,1.09,3.19
2011.03.15 15:53:32.324,0.71922,0.7197,1.09,1.32
2011.03.15 15:53:35.303,0.71922,0.71968,1.09,3.34
2011.03.15 15:53:36.054,0.71927,0.71973,1.09,1.09
2011.03.15 15:53:36.624,0.71921,0.71965,1.09,2.25
2011.03.15 15:53:36.864,0.71921,0.71971,1.09,2.44
2011.03.15 15:53:37.214,0.71922,0.71965,1.09,2.25
2011.03.15 15:53:38.214,0.71916,0.71965,1.24,2.44
2011.03.15 15:53:38.803,0.71916,0.71966,1.24,2.44
2011.03.15 15:53:38.975,0.71916,0.71966,1.39,2.44
2011.03.15 15:53:39.664,0.71916,0.71971,1.24,3.19
2011.03.15 15:53:39.775,0.71924,0.71971,1.32,2.44
2011.03.15 15:53:40.133,0.71924,0.71978,2.82,1.09
2011.03.15 15:53:40.743,0.71912,0.7197,3.19,3.57
2011.03.15 15:53:41.245,0.71916,0.71966,1.09,2.44
2011.03.15 15:53:41.573,0.71913,0.71969,3.72,3.34
2011.03.15 15:53:42.244,0.71917,0.71969,2.97,1.09
2011.03.15 15:53:42.753,0.71917,0.71973,3.12,3.34
2011.03.15 15:53:43.963,0.71913,0.71969,3.72,3.34
2011.03.15 15:53:44.744,0.71913,0.71966,2.40,1.32
2011.03.15 15:53:45.074,0.7191,0.71966,3.27,3.19
2011.03.15 15:53:45.404,0.7192,0.71963,1.09,2.44
2011.03.15 15:53:48.694,0.71916,0.71967,1.09,2.44
2011.03.15 15:53:52.234,0.7191,0.71967,2.89,2.44
2011.03.15 15:53:52.673,0.71907,0.7196,1.54,2.25
2011.03.15 15:53:53.755,0.71907,0.7196,1.24,2.25
2011.03.15 15:53:54.874,0.71907,0.7196,1.54,2.25
2011.03.15 15:53:55.093,0.71907,0.71964,1.92,2.44
2011.03.15 15:53:55.764,0.71907,0.71964,1.77,2.59
2011.03.15 15:53:57.385,0.71907,0.71964,1.47,2.59
2011.03.15 15:53:57.494,0.71906,0.71957,2.74,1.32
2011.03.15 15:53:58.255,0.7191,0.71956,1.09,2.44
2011.03.15 15:53:59.262,0.719,0.71952,1.39,2.44
2011.03.15 15:53:59.476,0.719,0.71956,1.24,1.32
2011.03.15 15:54:01.243,0.719,0.71953,1.39,2.44
2011.03.15 15:54:01.875,0.719,0.71953,1.24,2.44
2011.03.15 15:54:02.524,0.719,0.71953,1.39,2.44
2011.03.15 15:54:02.744,0.719,0.71953,1.24,2.59
2011.03.15 15:54:03.714,0.71901,0.71952,1.09,1.32
2011.03.15 15:54:04.044,0.71901,0.71948,1.09,3.19
2011.03.15 15:54:04.374,0.71907,0.71953,1.09,2.59
2011.03.15 15:54:07.909,0.71908,0.71952,1.09,2.44
2011.03.15 15:54:08.425,0.71908,0.71952,1.09,2.44
2011.03.15 15:54:09.626,0.71908,0.71956,1.09,3.19
2011.03.15 15:54:10.870,0.71906,0.71955,1.09,3.19
2011.03.15 15:54:12.177,0.71907,0.71958,1.09,1.09
2011.03.15 15:54:12.903,0.71906,0.71955,1.09,1.47
2011.03.15 15:54:13.014,0.719,0.71946,1.09,3.19
2011.03.15 15:54:13.816,0.71896,0.71948,1.09,3.19
2011.03.15 15:54:16.713,0.71897,0.71946,1.09,3.19
2011.03.15 15:54:19.016,0.71896,0.71944,1.09,1.32
2011.03.15 15:54:19.556,0.71896,0.71944,1.09,3.19
2011.03.15 15:54:19.774,0.71887,0.71943,1.24,1.32
2011.03.15 15:54:19.993,0.71887,0.7194,1.09,3.19
2011.03.15 15:54:20.104,0.71891,0.71941,1.09,3.19
2011.03.15 15:54:21.004,0.71891,0.71938,1.09,3.19
2011.03.15 15:54:22.524,0.71886,0.71935,1.09,3.57
2011.03.15 15:54:23.074,0.71886,0.7193,1.09,2.44
2011.03.15 15:54:23.184,0.71881,0.71934,1.09,1.09
2011.03.15 15:54:23.754,0.71881,0.71933,1.09,1.32
2011.03.15 15:54:27.174,0.71881,0.71928,1.09,1.32
2011.03.15 15:54:28.524,0.71876,0.7192,1.09,3.19
2011.03.15 15:54:28.745,0.71877,0.7192,1.09,2.44
2011.03.15 15:54:28.964,0.71877,0.71927,1.09,3.19
2011.03.15 15:54:29.184,0.7188,0.71926,1.09,3.19
2011.03.15 15:54:31.445,0.71881,0.71926,1.09,3.19
2011.03.15 15:54:31.775,0.71881,0.71931,1.47,1.09
2011.03.15 15:54:32.695,0.71879,0.71926,2.59,1.32
2011.03.15 15:54:33.023,0.7187,0.71914,1.09,3.19
2011.03.15 15:54:33.134,0.71876,0.71925,1.09,3.19
2011.03.15 15:54:34.023,0.71876,0.7192,1.09,2.44
2011.03.15 15:54:34.504,0.71872,0.71923,1.09,1.32
2011.03.15 15:54:37.777,0.71872,0.71923,1.24,1.09
2011.03.15 15:54:39.274,0.71868,0.71917,2.40,1.32
2011.03.15 15:54:39.922,0.71864,0.71917,1.24,3.19
2011.03.15 15:54:40.444,0.71864,0.71913,1.09,1.09
2011.03.15 15:54:41.004,0.71864,0.71916,1.24,1.32
2011.03.15 15:54:41.116,0.71864,0.71914,1.09,3.19
2011.03.15 15:54:41.224,0.71856,0.71887,2.25,1.32
2011.03.15 15:54:41.333,0.71835,0.719,1.24,1.32
2011.03.15 15:54:41.886,0.71835,0.71903,1.24,1.32
2011.03.15 15:54:41.994,0.71841,0.71903,1.24,1.32
2011.03.15 15:54:42.213,0.71841,0.71898,1.09,1.09
2011.03.15 15:54:42.324,0.71841,0.71903,1.24,1.32
2011.03.15 15:54:42.775,0.71841,0.71899,1.24,1.32
2011.03.15 15:54:43.103,0.71836,0.71903,1.24,1.32
2011.03.15 15:54:43.435,0.71836,0.71898,1.09,1.47
2011.03.15 15:54:43.543,0.71831,0.71898,1.24,1.47
2011.03.15 15:54:44.163,0.71831,0.71889,3.64,3.19
2011.03.15 15:54:44.994,0.71834,0.71892,2.93,3.19
2011.03.15 15:54:45.775,0.71834,0.71892,3.08,3.19
2011.03.15 15:54:46.428,0.71834,0.71889,2.93,1.09
2011.03.15 15:54:46.685,0.71834,0.71889,3.87,1.09
2011.03.15 15:54:47.013,0.71842,0.71892,1.09,2.25
2011.03.15 15:54:47.464,0.71839,0.71896,3.57,1.24
2011.03.15 15:54:48.024,0.71839,0.7189,3.57,1.09
2011.03.15 15:54:48.474,0.71842,0.71895,1.32,1.09
2011.03.15 15:54:48.886,0.71846,0.71899,1.09,1.09
2011.03.15 15:54:49.214,0.71847,0.71901,1.09,3.19
2011.03.15 15:54:50.053,0.71849,0.71903,3.57,1.09
2011.03.15 15:54:50.415,0.71849,0.71904,3.57,1.09
2011.03.15 15:54:50.814,0.71837,0.71891,1.54,3.19
2011.03.15 15:54:51.144,0.71837,0.71891,1.24,3.19
2011.03.15 15:54:51.645,0.71837,0.71887,1.24,2.25
2011.03.15 15:54:52.435,0.71837,0.71887,1.39,2.25
2011.03.15 15:54:53.005,0.71837,0.71891,1.39,3.19
2011.03.15 15:54:53.675,0.71837,0.71891,1.54,3.19
2011.03.15 15:54:54.474,0.71837,0.71891,1.77,3.19
2011.03.15 15:54:54.804,0.71839,0.71897,3.27,3.19
2011.03.15 15:54:56.154,0.71839,0.71897,3.42,3.19
2011.03.15 15:54:56.263,0.71839,0.71897,3.27,3.19
2011.03.15 15:54:56.494,0.71839,0.71897,3.42,3.19
2011.03.15 15:54:56.604,0.71839,0.71897,3.27,3.19
2011.03.15 15:54:56.713,0.71839,0.71897,3.42,3.19
2011.03.15 15:54:56.824,0.71839,0.71897,3.27,3.19
2011.03.15 15:54:57.674,0.71837,0.71891,1.39,3.19
2011.03.15 15:54:57.783,0.71837,0.71891,1.54,3.19
2011.03.15 15:54:58.396,0.71838,0.71891,1.02,3.19
2011.03.15 15:54:58.724,0.71845,0.71897,1.24,3.19
2011.03.15 15:54:58.944,0.71845,0.71893,1.09,1.09
2011.03.15 15:54:59.163,0.71845,0.71891,1.24,3.19
2011.03.15 15:54:59.495,0.71847,0.71891,1.09,3.19
2011.03.15 15:55:00.035,0.71841,0.71894,1.09,1.09
2011.03.15 15:55:02.754,0.71839,0.71893,2.74,1.09
2011.03.15 15:55:02.864,0.71837,0.71881,1.09,3.19
2011.03.15 15:55:03.747,0.71837,0.71881,1.24,3.19
2011.03.15 15:55:04.137,0.71835,0.71881,1.09,3.19
2011.03.15 15:55:04.244,0.71837,0.71888,1.09,1.09
2011.03.15 15:55:06.734,0.71837,0.71888,1.09,1.47
2011.03.15 15:55:07.284,0.71837,0.71883,1.09,1.32
2011.03.15 15:55:10.464,0.71836,0.71879,1.09,1.32
2011.03.15 15:55:11.054,0.71837,0.71879,1.09,3.19
2011.03.15 15:55:11.274,0.71839,0.71883,1.09,3.19
2011.03.15 15:55:11.495,0.71847,0.71887,1.32,2.25
2011.03.15 15:55:11.604,0.71849,0.71903,3.19,1.09
2011.03.15 15:55:12.003,0.71849,0.71902,3.19,1.09
2011.03.15 15:55:12.727,0.71846,0.71901,1.09,2.59
2011.03.15 15:55:13.964,0.71852,0.719,1.09,1.32
2011.03.15 15:55:14.184,0.71852,0.71898,1.09,2.44
2011.03.15 15:55:21.283,0.71849,0.71898,3.19,1.09
2011.03.15 15:55:23.785,0.71852,0.71899,1.09,1.09
2011.03.15 15:55:24.235,0.71852,0.71903,1.47,1.09
2011.03.15 15:55:27.264,0.71852,0.71895,2.25,1.32
2011.03.15 15:55:27.484,0.71846,0.71896,1.09,3.19
2011.03.15 15:55:27.704,0.71852,0.71899,1.09,2.44
2011.03.15 15:55:33.285,0.71852,0.71904,1.09,1.09
2011.03.15 15:55:35.566,0.71852,0.71901,1.09,1.47
2011.03.15 15:55:35.785,0.71847,0.71896,3.34,1.32
2011.03.15 15:55:37.625,0.71846,0.7189,1.09,1.32
2011.03.15 15:55:38.504,0.71842,0.71886,1.09,1.32
2011.03.15 15:55:38.724,0.71842,0.71887,1.09,3.19
2011.03.15 15:55:39.784,0.71838,0.71888,1.09,1.47
2011.03.15 15:55:40.203,0.71838,0.71886,1.24,3.19
2011.03.15 15:55:40.314,0.71843,0.71892,1.09,3.19
2011.03.15 15:55:45.854,0.71846,0.71894,1.09,1.09
2011.03.15 15:55:46.183,0.71839,0.71885,1.24,3.57
2011.03.15 15:55:46.295,0.71842,0.71888,1.09,3.72
2011.03.15 15:55:49.704,0.71844,0.71888,1.09,3.19
2011.03.15 15:55:50.763,0.71842,0.71888,1.09,1.09
2011.03.15 15:55:52.424,0.71842,0.71888,1.09,1.09
2011.03.15 15:55:54.185,0.71848,0.71891,1.09,3.19
2011.03.15 15:55:54.504,0.7184,0.71889,1.24,1.32
2011.03.15 15:55:55.384,0.7184,0.71888,1.09,1.47
2011.03.15 15:55:56.224,0.71836,0.71885,1.24,1.32
2011.03.15 15:55:58.244,0.71832,0.71881,1.39,1.32
2011.03.15 15:55:58.354,0.71832,0.71881,1.09,1.32
2011.03.15 15:55:58.794,0.71837,0.71881,1.09,3.19
2011.03.15 15:55:59.339,0.71837,0.71885,1.09,3.57
2011.03.15 15:55:59.445,0.71837,0.71885,1.09,3.57
2011.03.15 15:55:59.935,0.71837,0.71883,1.09,1.09
2011.03.15 15:56:02.784,0.71837,0.71889,1.09,1.09
2011.03.15 15:56:02.905,0.71835,0.71889,1.24,1.09
2011.03.15 15:56:03.704,0.71841,0.7189,1.09,1.09
2011.03.15 15:56:05.715,0.71841,0.71887,1.09,2.82
2011.03.15 15:56:05.824,0.71832,0.71887,1.24,3.57
2011.03.15 15:56:09.672,0.71832,0.71884,1.24,2.97
2011.03.15 15:56:10.583,0.71832,0.71884,1.39,2.82
2011.03.15 15:56:10.684,0.71832,0.71884,1.24,2.97
2011.03.15 15:56:11.077,0.71832,0.71884,1.39,2.82
2011.03.15 15:56:11.685,0.71842,0.71884,1.09,2.63
2011.03.15 15:56:11.795,0.71837,0.71894,3.34,3.12
2011.03.15 15:56:12.014,0.71842,0.71894,1.09,2.97
2011.03.15 15:56:13.014,0.71838,0.71893,1.09,1.09
2011.03.15 15:56:13.392,0.71838,0.71894,1.24,3.57
2011.03.15 15:56:13.724,0.71847,0.71894,1.24,2.82
2011.03.15 15:56:15.915,0.71842,0.71894,1.39,3.57
2011.03.15 15:56:16.024,0.71842,0.71894,1.09,3.72
2011.03.15 15:56:17.743,0.71841,0.71896,1.09,1.09
2011.03.15 15:56:19.726,0.71837,0.71893,2.89,1.09
2011.03.15 15:56:20.174,0.71842,0.71894,1.24,2.59
2011.03.15 15:56:21.784,0.71847,0.71902,1.32,2.59
2011.03.15 15:56:22.824,0.71849,0.71904,1.09,1.24
2011.03.15 15:56:23.664,0.71848,0.71898,1.09,1.09
2011.03.15 15:56:24.214,0.71847,0.71898,3.34,1.09
2011.03.15 15:56:24.764,0.7183,0.71886,2.89,3.19
2011.03.15 15:56:25.093,0.71836,0.71886,1.47,3.19
2011.03.15 15:56:25.423,0.71848,0.71898,3.19,1.09
2011.03.15 15:56:27.726,0.71867,0.71914,2.25,1.09
2011.03.15 15:56:27.835,0.71869,0.71918,3.19,1.09
2011.03.15 15:56:28.274,0.71863,0.71915,3.19,1.09
2011.03.15 15:56:32.695,0.71867,0.71921,3.34,1.09
2011.03.15 15:56:34.533,0.71869,0.71918,2.40,1.32
2011.03.15 15:56:34.644,0.71862,0.71918,2.59,3.57
2011.03.15 15:56:34.974,0.71864,0.71919,2.74,1.09
2011.03.15 15:56:35.606,0.71871,0.71919,1.09,1.09
2011.03.15 15:56:36.738,0.71868,0.71918,3.19,1.09
2011.03.15 15:56:37.314,0.71872,0.71918,1.09,1.09
2011.03.15 15:56:38.234,0.71868,0.71918,3.19,1.24
2011.03.15 15:56:38.454,0.71871,0.71919,1.09,1.09
2011.03.15 15:56:42.804,0.71871,0.71918,1.09,1.09
2011.03.15 15:56:44.379,0.71871,0.71919,1.09,1.09
2011.03.15 15:56:44.484,0.71871,0.71919,1.09,1.09
2011.03.15 15:56:44.814,0.71871,0.71919,1.09,1.09
2011.03.15 15:56:46.494,0.71876,0.71919,1.09,1.09
2011.03.15 15:56:50.574,0.71876,0.71923,1.09,3.57
2011.03.15 15:56:53.775,0.71871,0.71923,1.09,3.19
2011.03.15 15:56:55.657,0.71872,0.71924,1.09,1.24
2011.03.15 15:56:55.764,0.71873,0.71924,1.32,1.09
2011.03.15 15:56:59.806,0.71878,0.71927,1.32,2.44
2011.03.15 15:57:00.134,0.71877,0.71928,1.09,1.09
2011.03.15 15:57:01.024,0.71877,0.71923,1.09,3.19
2011.03.15 15:57:06.986,0.71877,0.71923,1.24,2.59
2011.03.15 15:57:07.611,0.71877,0.71924,1.09,1.09
2011.03.15 15:57:07.824,0.7188,0.71934,3.57,1.24
2011.03.15 15:57:08.155,0.71885,0.71934,3.57,1.09
2011.03.15 15:57:08.484,0.7189,0.71936,3.19,1.09
2011.03.15 15:57:08.983,0.71886,0.71938,3.19,1.09
2011.03.15 15:57:09.894,0.71884,0.71939,1.09,3.34
2011.03.15 15:57:12.894,0.71882,0.71937,1.09,1.24
2011.03.15 15:57:13.223,0.71882,0.71928,1.09,1.09
2011.03.15 15:57:17.129,0.71878,0.71928,1.09,1.09
2011.03.15 15:57:17.344,0.71872,0.71924,2.40,1.09
2011.03.15 15:57:17.454,0.71872,0.71921,2.40,1.32
2011.03.15 15:57:18.726,0.71865,0.71919,1.24,1.09
2011.03.15 15:57:18.944,0.71862,0.71918,3.34,1.62
2011.03.15 15:57:19.275,0.71858,0.7191,1.24,3.57
2011.03.15 15:57:19.604,0.71849,0.719,1.24,3.57
2011.03.15 15:57:20.294,0.71849,0.71902,1.39,3.19
2011.03.15 15:57:20.404,0.7185,0.71902,1.39,3.19
2011.03.15 15:57:20.734,0.71861,0.71912,1.09,3.19
2011.03.15 15:57:22.255,0.71862,0.7191,1.24,1.32
2011.03.15 15:57:22.474,0.71861,0.71909,1.09,3.19
2011.03.15 15:57:24.475,0.71857,0.71909,1.24,3.19
2011.03.15 15:57:25.064,0.71864,0.71912,1.09,3.19
2011.03.15 15:57:25.394,0.71863,0.71912,3.19,1.09
2011.03.15 15:57:25.994,0.71872,0.71924,3.19,1.39
2011.03.15 15:57:26.324,0.71866,0.71919,1.09,3.19
2011.03.15 15:57:28.063,0.71863,0.71919,3.19,3.34
2011.03.15 15:57:28.880,0.71861,0.71915,1.09,3.57
2011.03.15 15:57:29.314,0.71866,0.71909,1.09,3.19
2011.03.15 15:57:31.044,0.71856,0.71906,1.09,3.57
2011.03.15 15:57:31.379,0.71851,0.71905,1.09,3.19
2011.03.15 15:57:31.704,0.71851,0.71905,1.09,3.19
2011.03.15 15:57:31.814,0.71851,0.71905,1.09,3.19
2011.03.15 15:57:33.475,0.71852,0.71901,1.09,1.32
2011.03.15 15:57:34.673,0.71852,0.719,1.09,3.19
2011.03.15 15:57:35.883,0.71851,0.71899,1.09,1.09
2011.03.15 15:57:38.426,0.71852,0.719,1.09,3.19
2011.03.15 15:57:38.784,0.71856,0.71904,1.09,1.09
2011.03.15 15:57:41.223,0.71849,0.71893,3.19,1.32
2011.03.15 15:57:41.334,0.71838,0.71885,1.24,3.19
2011.03.15 15:57:41.444,0.71838,0.71885,1.09,3.19
2011.03.15 15:57:41.554,0.71843,0.71885,1.09,3.19
2011.03.15 15:57:41.774,0.71838,0.71886,1.09,1.32
2011.03.15 15:57:42.955,0.71838,0.71886,1.24,3.57
2011.03.15 15:57:43.645,0.71838,0.71886,1.09,3.57
2011.03.15 15:57:46.056,0.71838,0.71886,1.47,3.19
2011.03.15 15:57:46.385,0.71849,0.71898,3.19,1.09
2011.03.15 15:57:46.495,0.71849,0.71898,3.19,1.09
2011.03.15 15:57:49.946,0.71847,0.71894,1.09,3.57
2011.03.15 15:57:54.236,0.71844,0.71888,1.09,1.09
2011.03.15 15:57:57.054,0.71846,0.7189,1.09,3.19
2011.03.15 15:57:59.404,0.71846,0.71899,1.24,1.09
2011.03.15 15:58:02.744,0.71846,0.71899,1.09,1.09
2011.03.15 15:58:03.744,0.71851,0.71899,1.09,1.09
2011.03.15 15:58:12.149,0.71851,0.719,1.24,3.57
2011.03.15 15:58:12.596,0.71851,0.71899,1.09,1.09
2011.03.15 15:58:14.934,0.71851,0.719,1.24,3.57
2011.03.15 15:58:15.148,0.71851,0.71898,1.09,1.09
2011.03.15 15:58:16.059,0.71851,0.719,1.24,3.57
2011.03.15 15:58:16.164,0.71851,0.71898,1.09,1.09
2011.03.15 15:58:16.824,0.71852,0.71903,1.09,1.09
2011.03.15 15:58:17.274,0.71856,0.71903,1.09,3.19
2011.03.15 15:58:21.195,0.71857,0.71903,1.09,3.19
2011.03.15 15:58:22.514,0.71855,0.71902,3.19,1.32
2011.03.15 15:58:22.735,0.71852,0.71897,1.09,1.32
2011.03.15 15:58:24.154,0.71851,0.71896,1.09,3.19
2011.03.15 15:58:24.967,0.71847,0.71893,1.09,1.09
2011.03.15 15:58:26.334,0.71846,0.71892,1.09,3.19
2011.03.15 15:58:27.678,0.71846,0.71896,1.09,3.19
2011.03.15 15:58:28.324,0.71846,0.71891,1.09,3.19
2011.03.15 15:58:28.764,0.71842,0.71891,1.09,3.19
2011.03.15 15:58:31.024,0.71852,0.71893,1.09,1.09
2011.03.15 15:58:35.235,0.71846,0.71894,1.09,1.09
2011.03.15 15:58:35.784,0.71841,0.71892,1.09,3.19
2011.03.15 15:58:42.485,0.71841,0.71888,1.09,1.32
2011.03.15 15:58:43.704,0.71842,0.71886,1.09,3.19
2011.03.15 15:58:46.704,0.7183,0.71872,2.55,1.32
2011.03.15 15:58:46.815,0.7183,0.71872,2.25,1.32
2011.03.15 15:58:47.034,0.71827,0.71871,1.32,2.44
2011.03.15 15:58:47.254,0.71832,0.71884,1.32,1.09
2011.03.15 15:58:47.584,0.71834,0.71879,3.19,1.09
2011.03.15 15:58:48.534,0.71837,0.71883,1.09,1.09
2011.03.15 15:58:48.864,0.71837,0.71883,1.09,1.09
2011.03.15 15:58:49.194,0.71837,0.71883,1.09,1.09
2011.03.15 15:58:49.524,0.71836,0.71884,1.09,1.09
2011.03.15 15:58:49.635,0.71836,0.71884,1.09,1.09
2011.03.15 15:58:51.026,0.71833,0.71884,3.19,1.09
2011.03.15 15:58:51.704,0.71831,0.71883,1.09,1.32
2011.03.15 15:58:52.375,0.71836,0.71882,1.09,3.19
2011.03.15 15:58:52.704,0.71833,0.71879,3.19,1.32
2011.03.15 15:58:53.144,0.71827,0.71884,3.19,1.47
2011.03.15 15:58:53.365,0.71831,0.71888,1.09,3.19
2011.03.15 15:58:53.934,0.71835,0.71889,3.19,1.09
2011.03.15 15:58:54.045,0.71837,0.71891,1.47,3.19
2011.03.15 15:58:54.485,0.71843,0.71898,1.32,3.19
2011.03.15 15:58:55.036,0.7184,0.71888,2.25,1.09
2011.03.15 15:58:55.585,0.71832,0.71884,3.19,1.32
2011.03.15 15:58:55.915,0.71827,0.71875,1.24,3.19
2011.03.15 15:58:56.025,0.71832,0.7188,1.09,3.19
2011.03.15 15:58:56.686,0.71832,0.71886,1.77,3.19
2011.03.15 15:58:56.794,0.71833,0.71886,1.24,3.19
2011.03.15 15:58:57.908,0.71842,0.7189,1.09,3.57
2011.03.15 15:58:58.834,0.71832,0.71888,3.64,3.19
2011.03.15 15:58:59.495,0.71839,0.71888,1.09,3.19
2011.03.15 15:58:59.887,0.71836,0.71888,1.24,3.19
2011.03.15 15:58:59.994,0.71836,0.71888,1.09,3.19
2011.03.15 15:59:00.325,0.71827,0.71875,2.59,1.32
2011.03.15 15:59:00.544,0.71827,0.71875,1.09,2.44
2011.03.15 15:59:01.214,0.71827,0.71879,1.09,3.19
2011.03.15 15:59:02.464,0.71822,0.71872,1.24,1.32
2011.03.15 15:59:02.794,0.71822,0.71868,1.24,1.32
2011.03.15 15:59:03.398,0.71822,0.71868,1.09,1.32
2011.03.15 15:59:04.053,0.71816,0.71868,1.39,3.57
2011.03.15 15:59:05.034,0.71812,0.71868,2.89,3.57
2011.03.15 15:59:05.518,0.71812,0.71868,2.74,3.57
2011.03.15 15:59:06.123,0.71819,0.71875,1.47,3.19
2011.03.15 15:59:06.794,0.71821,0.71874,2.89,1.32
2011.03.15 15:59:07.186,0.71825,0.71873,1.09,1.09
2011.03.15 15:59:07.689,0.71825,0.71874,1.24,3.57
2011.03.15 15:59:08.154,0.71825,0.71873,1.09,1.09
2011.03.15 15:59:09.716,0.71812,0.71859,2.55,1.32
2011.03.15 15:59:10.265,0.71807,0.71863,3.12,1.09
2011.03.15 15:59:10.485,0.71812,0.71864,2.55,1.32
2011.03.15 15:59:11.615,0.71808,0.71864,2.74,3.72
2011.03.15 15:59:11.944,0.71811,0.71864,2.70,1.32
2011.03.15 15:59:12.404,0.71812,0.71868,2.40,1.32
2011.03.15 15:59:12.735,0.71806,0.71855,1.09,1.32
2011.03.15 15:59:13.374,0.71806,0.71855,1.09,3.57
2011.03.15 15:59:13.925,0.71807,0.71855,1.09,3.57
2011.03.15 15:59:14.721,0.71807,0.71853,1.09,1.09
2011.03.15 15:59:15.391,0.71807,0.71855,1.09,3.57
2011.03.15 15:59:15.984,0.71806,0.71855,1.09,3.19
2011.03.15 15:59:16.563,0.71807,0.71856,1.09,3.57
2011.03.15 15:59:17.085,0.71806,0.71856,1.09,3.57
2011.03.15 15:59:17.736,0.71807,0.71856,1.24,3.57
2011.03.15 15:59:18.284,0.71812,0.71856,1.09,3.19
2011.03.15 15:59:18.728,0.71812,0.71858,1.09,1.47
2011.03.15 15:59:19.604,0.71806,0.71854,1.09,3.34
2011.03.15 15:59:20.474,0.71807,0.71854,1.24,3.19
2011.03.15 15:59:20.584,0.71812,0.71854,1.09,3.19
2011.03.15 15:59:21.024,0.71806,0.71854,1.24,1.32
2011.03.15 15:59:21.135,0.71806,0.71853,1.09,1.09
2011.03.15 15:59:21.465,0.71806,0.71855,1.24,1.32
2011.03.15 15:59:21.794,0.71798,0.71855,1.24,3.19
2011.03.15 15:59:22.014,0.71806,0.71856,1.09,3.19
2011.03.15 15:59:22.384,0.71812,0.71863,1.24,1.09
2011.03.15 15:59:22.716,0.71804,0.71858,1.24,1.32
2011.03.15 15:59:23.253,0.71804,0.71858,1.24,1.47
2011.03.15 15:59:23.586,0.71804,0.71853,1.09,1.09
2011.03.15 15:59:23.695,0.71804,0.71854,1.24,1.32
2011.03.15 15:59:23.916,0.71804,0.71853,1.09,1.09
2011.03.15 15:59:24.246,0.71804,0.71855,1.24,1.32
2011.03.15 15:59:24.466,0.71804,0.71854,1.09,3.34
2011.03.15 15:59:24.684,0.71804,0.71859,1.24,1.47
2011.03.15 15:59:25.015,0.71804,0.71853,1.09,1.09
2011.03.15 15:59:25.345,0.71804,0.71854,1.24,3.57
2011.03.15 15:59:25.454,0.71807,0.71854,1.24,3.57
2011.03.15 15:59:25.784,0.71804,0.71855,1.24,1.32
2011.03.15 15:59:26.005,0.7181,0.71855,1.09,3.57
2011.03.15 15:59:26.347,0.71812,0.71855,1.09,3.19
2011.03.15 15:59:26.455,0.71805,0.71854,1.24,3.57
2011.03.15 15:59:26.564,0.71805,0.71854,1.09,3.57
2011.03.15 15:59:26.783,0.718,0.71849,1.24,3.19
2011.03.15 15:59:27.334,0.718,0.71845,1.24,1.32
2011.03.15 15:59:27.676,0.71792,0.7184,1.24,1.32
2011.03.15 15:59:27.784,0.71792,0.7184,1.24,1.32
2011.03.15 15:59:28.224,0.71796,0.71841,1.09,3.19
2011.03.15 15:59:28.554,0.71796,0.71841,1.09,1.32
2011.03.15 15:59:29.016,0.71797,0.71841,1.09,1.32
2011.03.15 15:59:29.146,0.71797,0.71841,1.09,1.32
2011.03.15 15:59:29.256,0.71793,0.71836,1.09,1.32
2011.03.15 15:59:29.696,0.71793,0.71836,1.24,1.32
2011.03.15 15:59:30.134,0.71791,0.71836,1.39,1.32
2011.03.15 15:59:30.474,0.71782,0.71836,1.54,1.32
2011.03.15 15:59:30.585,0.71782,0.71827,1.24,1.32
2011.03.15 15:59:30.694,0.71791,0.71837,1.09,3.57
2011.03.15 15:59:31.354,0.71782,0.71828,2.59,1.32
2011.03.15 15:59:31.465,0.71776,0.71828,1.09,1.32
2011.03.15 15:59:31.794,0.71777,0.71823,1.09,1.32
2011.03.15 15:59:32.124,0.71774,0.71818,1.09,1.32
2011.03.15 15:59:33.026,0.71774,0.71823,1.09,1.32
2011.03.15 15:59:33.705,0.71765,0.71814,1.39,1.32
2011.03.15 15:59:33.842,0.71765,0.71814,1.09,1.32
2011.03.15 15:59:34.066,0.71758,0.71804,2.55,1.32
2011.03.15 15:59:34.436,0.71752,0.71804,1.24,1.32
2011.03.15 15:59:34.544,0.71752,0.71801,1.24,1.32
2011.03.15 15:59:36.316,0.71758,0.71801,1.09,1.32
2011.03.15 15:59:36.756,0.71753,0.71797,1.24,1.32
2011.03.15 15:59:37.615,0.71753,0.71797,1.09,1.32
2011.03.15 15:59:37.725,0.71752,0.71797,1.09,1.32
2011.03.15 15:59:37.835,0.71752,0.71797,1.09,1.32
2011.03.15 15:59:38.056,0.7174,0.71786,1.24,1.32
2011.03.15 15:59:38.944,0.7174,0.71786,1.39,1.32
2011.03.15 15:59:39.284,0.7174,0.71786,1.24,1.32
2011.03.15 15:59:39.614,0.71747,0.7179,1.09,3.19
2011.03.15 15:59:40.436,0.71747,0.71781,1.09,1.32
2011.03.15 15:59:40.655,0.71738,0.71783,1.09,3.19
2011.03.15 15:59:41.204,0.71737,0.7178,1.09,1.32
2011.03.15 15:59:41.534,0.71735,0.7178,1.09,1.32
2011.03.15 15:59:41.914,0.71739,0.71787,1.09,3.19
2011.03.15 15:59:42.774,0.71737,0.71783,1.09,1.09
2011.03.15 15:59:43.325,0.71737,0.71788,1.09,1.09
2011.03.15 15:59:44.462,0.71737,0.71788,1.09,1.09
2011.03.15 15:59:44.795,0.71723,0.71771,1.09,1.32
2011.03.15 15:59:45.261,0.71716,0.71771,1.39,3.57
2011.03.15 15:59:45.485,0.71716,0.71765,1.24,1.32
2011.03.15 15:59:45.705,0.71716,0.71765,1.39,1.32
2011.03.15 15:59:45.874,0.71716,0.71765,1.24,1.32
2011.03.15 15:59:46.524,0.71721,0.71768,1.09,3.19
2011.03.15 15:59:46.855,0.71721,0.71769,1.24,1.32
2011.03.15 15:59:47.184,0.71732,0.71777,3.34,1.32
2011.03.15 15:59:47.294,0.71732,0.71777,3.34,1.32
2011.03.15 15:59:47.404,0.71727,0.71777,1.09,1.32
2011.03.15 15:59:48.266,0.71727,0.71784,3.34,3.19
2011.03.15 15:59:48.485,0.71736,0.71784,1.09,1.32
2011.03.15 15:59:48.815,0.71729,0.7178,2.74,1.32
2011.03.15 15:59:49.035,0.71728,0.7178,1.09,1.32
2011.03.15 15:59:49.144,0.71731,0.7178,1.09,1.32
2011.03.15 15:59:49.365,0.71736,0.71782,1.32,3.19
2011.03.15 15:59:49.694,0.71744,0.71798,1.32,1.09
2011.03.15 15:59:50.024,0.71748,0.71799,3.19,1.32
2011.03.15 15:59:50.575,0.71741,0.71788,1.09,1.32
2011.03.15 15:59:51.005,0.71738,0.71783,1.24,1.32
2011.03.15 15:59:51.120,0.71738,0.71783,1.09,1.32
2011.03.15 15:59:51.545,0.71742,0.71787,1.09,1.32
2011.03.15 15:59:52.094,0.71741,0.71787,1.09,1.32
2011.03.15 15:59:52.754,0.71748,0.7179,1.32,3.19
2011.03.15 15:59:53.084,0.71748,0.7179,1.32,2.25
2011.03.15 15:59:53.615,0.71752,0.71806,1.09,1.32
2011.03.15 15:59:54.364,0.71757,0.7181,3.19,1.32
2011.03.15 15:59:56.735,0.71762,0.7181,1.09,1.32
2011.03.15 15:59:56.940,0.71762,0.7181,1.09,1.32
2011.03.15 15:59:57.737,0.71765,0.71813,3.19,1.09
2011.03.15 15:59:58.006,0.71765,0.7181,3.19,1.32
