2014.06.02 07:00:00.548,0.91971,0.91994,1.00,1.00
2014.06.02 07:00:00.843,0.91976,0.91995,1.00,1.00
2014.06.02 07:00:01.170,0.9198,0.91994,1.50,1.13
2014.06.02 07:00:01.522,0.91975,0.91993,1.50,1.00
2014.06.02 07:00:01.584,0.91971,0.91994,2.25,1.13
2014.06.02 07:00:02.361,0.91972,0.91994,1.50,1.13
2014.06.02 07:00:02.658,0.9197,0.91989,1.00,1.00
2014.06.02 07:00:03.048,0.91971,0.91994,1.00,1.13
2014.06.02 07:00:03.168,0.9197,0.91989,1.00,1.00
2014.06.02 07:00:03.595,0.9197,0.91986,1.00,1.00
2014.06.02 07:00:03.923,0.9197,0.91984,1.00,1.00
2014.06.02 07:00:04.479,0.9197,0.91979,1.00,1.00
2014.06.02 07:00:04.965,0.9197,0.91984,1.00,1.00
2014.06.02 07:00:05.601,0.9197,0.91989,1.00,1.00
2014.06.02 07:00:05.817,0.9197,0.91984,1.00,1.00
2014.06.02 07:00:06.524,0.9197,0.91983,1.00,1.00
2014.06.02 07:00:07.190,0.91968,0.91983,1.00,1.00
2014.06.02 07:00:07.582,0.91968,0.91989,1.00,1.00
2014.06.02 07:00:08.046,0.91966,0.91987,1.00,1.00
2014.06.02 07:00:08.391,0.91966,0.91984,1.00,1.00
2014.06.02 07:00:08.862,0.91966,0.91987,1.00,1.00
2014.06.02 07:00:09.192,0.91966,0.91989,1.00,1.50
2014.06.02 07:00:09.853,0.91966,0.91987,1.00,1.00
2014.06.02 07:00:10.332,0.91961,0.91984,1.80,1.00
2014.06.02 07:00:10.675,0.91967,0.91986,1.00,1.00
2014.06.02 07:00:10.946,0.91967,0.91988,1.00,1.00
2014.06.02 07:00:11.514,0.91966,0.91989,1.00,1.50
2014.06.02 07:00:12.070,0.91967,0.91988,1.00,1.00
2014.06.02 07:00:13.646,0.91961,0.91984,1.80,1.00
2014.06.02 07:00:14.159,0.91962,0.91983,1.80,1.00
2014.06.02 07:00:15.282,0.91962,0.9198,1.00,1.00
2014.06.02 07:00:15.607,0.91956,0.91979,1.30,1.38
2014.06.02 07:00:16.425,0.91962,0.9198,1.00,1.00
2014.06.02 07:00:17.179,0.91957,0.91978,1.00,1.00
2014.06.02 07:00:18.028,0.91962,0.9198,1.00,1.00
2014.06.02 07:00:19.528,0.91956,0.91979,1.00,1.00
2014.06.02 07:00:21.396,0.91955,0.91973,1.88,1.00
2014.06.02 07:00:24.049,0.91957,0.91978,1.00,1.00
2014.06.02 07:00:24.846,0.91955,0.91973,1.50,1.00
2014.06.02 07:00:26.948,0.91957,0.91978,1.00,1.00
2014.06.02 07:00:27.266,0.91955,0.91973,1.50,1.00
2014.06.02 07:00:28.732,0.91957,0.91978,1.00,1.00
2014.06.02 07:00:34.057,0.91958,0.91978,1.50,1.00
2014.06.02 07:00:34.876,0.91961,0.9198,1.00,1.00
2014.06.02 07:00:35.632,0.91962,0.9198,1.00,1.00
2014.06.02 07:00:37.688,0.91962,0.91981,1.00,1.00
2014.06.02 07:00:39.670,0.91956,0.91979,2.25,1.00
2014.06.02 07:00:39.888,0.91955,0.91974,1.00,1.00
2014.06.02 07:00:39.939,0.91952,0.91974,1.43,1.00
2014.06.02 07:00:40.449,0.91952,0.91972,1.00,1.00
2014.06.02 07:00:40.991,0.91951,0.91972,1.00,1.00
2014.06.02 07:00:42.044,0.91946,0.91969,3.00,1.00
2014.06.02 07:00:42.377,0.91952,0.91972,1.00,1.00
2014.06.02 07:00:45.125,0.91951,0.91972,1.00,1.00
2014.06.02 07:00:46.156,0.91952,0.91972,1.00,1.00
2014.06.02 07:00:47.261,0.91957,0.91972,1.00,1.00
2014.06.02 07:00:47.628,0.91951,0.91972,2.25,1.00
2014.06.02 07:00:48.184,0.91952,0.91972,1.00,1.00
2014.06.02 07:00:48.783,0.91952,0.91972,1.60,1.00
2014.06.02 07:00:48.834,0.91956,0.91972,1.00,1.00
2014.06.02 07:00:49.314,0.91956,0.91977,1.00,1.00
2014.06.02 07:00:49.388,0.91956,0.91979,1.00,1.00
2014.06.02 07:00:51.362,0.91957,0.91978,1.00,1.00
2014.06.02 07:00:55.889,0.91956,0.91979,1.00,1.00
2014.06.02 07:00:56.453,0.91957,0.91978,1.00,1.00
2014.06.02 07:00:57.187,0.91956,0.91979,2.25,1.00
2014.06.02 07:00:57.773,0.91957,0.91978,1.00,1.00
2014.06.02 07:00:58.429,0.91953,0.91974,2.18,1.00
2014.06.02 07:01:00.338,0.91952,0.91973,1.30,1.00
2014.06.02 07:01:00.888,0.91951,0.91974,1.30,1.00
2014.06.02 07:01:01.401,0.91952,0.91973,1.30,1.00
2014.06.02 07:01:02.060,0.91951,0.91974,1.30,1.50
2014.06.02 07:01:03.858,0.91951,0.91974,1.30,1.50
2014.06.02 07:01:04.370,0.91951,0.91974,1.00,1.50
2014.06.02 07:01:04.471,0.91951,0.91972,1.00,1.00
2014.06.02 07:01:04.831,0.91947,0.91968,1.30,1.00
2014.06.02 07:01:05.502,0.91947,0.91968,1.30,1.00
2014.06.02 07:01:08.279,0.91947,0.91968,1.30,1.00
2014.06.02 07:01:08.895,0.91946,0.91969,1.30,1.00
2014.06.02 07:01:09.397,0.91948,0.91968,1.30,1.00
2014.06.02 07:01:09.971,0.91946,0.91969,1.30,1.00
2014.06.02 07:01:10.530,0.91947,0.91969,1.30,1.00
2014.06.02 07:01:10.861,0.91952,0.91968,1.00,1.00
2014.06.02 07:01:11.370,0.91951,0.91969,1.00,1.00
2014.06.02 07:01:11.905,0.91947,0.91969,1.05,1.00
2014.06.02 07:01:12.900,0.91946,0.91969,1.43,1.00
2014.06.02 07:01:13.863,0.91947,0.91968,1.30,1.00
2014.06.02 07:01:18.475,0.91947,0.91968,1.30,1.00
2014.06.02 07:01:21.072,0.91947,0.91967,1.30,1.00
2014.06.02 07:01:21.123,0.91942,0.91963,1.68,1.00
2014.06.02 07:01:21.374,0.9194,0.91958,1.05,1.00
2014.06.02 07:01:21.600,0.91937,0.91958,1.00,1.00
2014.06.02 07:01:23.550,0.91936,0.91959,1.00,1.00
2014.06.02 07:01:23.921,0.91941,0.91962,1.00,1.38
2014.06.02 07:01:25.230,0.91941,0.91962,1.00,1.00
2014.06.02 07:01:28.174,0.91936,0.91959,2.63,1.00
2014.06.02 07:01:28.393,0.91942,0.91962,1.00,1.00
2014.06.02 07:01:28.613,0.91937,0.91958,1.00,1.00
2014.06.02 07:01:29.383,0.91941,0.91962,1.00,1.00
2014.06.02 07:01:29.820,0.91937,0.91958,1.00,1.00
2014.06.02 07:01:31.394,0.91942,0.91962,1.00,1.00
2014.06.02 07:01:31.616,0.91937,0.91958,1.00,1.00
2014.06.02 07:01:35.891,0.91942,0.91962,1.00,1.00
2014.06.02 07:01:36.332,0.91937,0.91958,1.50,1.00
2014.06.02 07:01:38.639,0.91941,0.91963,1.00,1.00
2014.06.02 07:01:39.438,0.91941,0.91964,1.00,1.00
2014.06.02 07:01:41.083,0.91939,0.91958,1.00,1.00
2014.06.02 07:01:42.524,0.91942,0.91963,1.00,1.00
2014.06.02 07:01:45.200,0.91942,0.91963,1.00,2.25
2014.06.02 07:01:45.382,0.91937,0.91958,3.00,1.00
2014.06.02 07:01:45.713,0.91941,0.91962,1.00,1.13
2014.06.02 07:01:46.052,0.91937,0.91958,2.25,1.00
2014.06.02 07:01:46.376,0.91937,0.91953,1.50,1.00
2014.06.02 07:01:46.549,0.91934,0.91953,1.50,1.00
2014.06.02 07:01:46.766,0.91932,0.91953,1.50,1.00
2014.06.02 07:01:47.694,0.91932,0.91952,1.00,1.00
2014.06.02 07:01:49.279,0.91932,0.9195,1.00,1.00
2014.06.02 07:01:50.394,0.91931,0.91953,1.00,1.00
2014.06.02 07:01:50.510,0.91931,0.91951,1.00,1.00
2014.06.02 07:01:50.638,0.91926,0.91949,1.75,1.00
2014.06.02 07:01:51.144,0.91926,0.91949,1.00,1.00
2014.06.02 07:01:51.440,0.91926,0.91947,1.00,1.00
2014.06.02 07:01:52.924,0.91926,0.91949,1.00,1.50
2014.06.02 07:01:53.461,0.91927,0.91948,1.00,1.00
2014.06.02 07:01:54.162,0.91926,0.91949,1.00,1.50
2014.06.02 07:01:56.110,0.91927,0.91948,1.00,1.00
2014.06.02 07:01:58.162,0.91927,0.91946,1.00,1.00
2014.06.02 07:01:59.080,0.91922,0.91943,1.00,1.00
2014.06.02 07:02:01.382,0.91922,0.91943,1.60,1.00
2014.06.02 07:02:01.880,0.91922,0.91943,1.13,1.00
2014.06.02 07:02:02.073,0.91927,0.91947,1.00,1.00
2014.06.02 07:02:03.182,0.91927,0.91947,1.00,1.38
2014.06.02 07:02:06.810,0.91927,0.91947,1.00,1.75
2014.06.02 07:02:08.141,0.91921,0.91944,1.00,1.88
2014.06.02 07:02:09.009,0.91921,0.91944,1.00,2.25
2014.06.02 07:02:10.120,0.91926,0.91944,1.00,1.00
2014.06.02 07:02:10.323,0.91927,0.91948,1.00,1.95
2014.06.02 07:02:10.556,0.91931,0.91945,1.00,1.00
2014.06.02 07:02:11.159,0.91931,0.91949,1.00,1.75
2014.06.02 07:02:11.652,0.91932,0.91952,1.00,1.75
2014.06.02 07:02:13.579,0.91931,0.91952,1.00,1.75
2014.06.02 07:02:14.619,0.91931,0.91952,1.00,1.38
2014.06.02 07:02:17.701,0.91931,0.91952,1.00,1.13
2014.06.02 07:02:19.000,0.91936,0.91954,1.00,1.50
2014.06.02 07:02:19.062,0.91931,0.91954,1.00,2.25
2014.06.02 07:02:19.163,0.91931,0.91954,1.00,1.50
2014.06.02 07:02:19.361,0.91931,0.91951,1.00,1.00
2014.06.02 07:02:19.613,0.91927,0.91948,1.50,1.00
2014.06.02 07:02:19.865,0.91932,0.91951,1.00,1.13
2014.06.02 07:02:21.196,0.91932,0.91953,1.00,1.50
2014.06.02 07:02:25.330,0.91927,0.91948,1.00,1.00
2014.06.02 07:02:26.539,0.91926,0.91949,1.50,1.00
2014.06.02 07:02:28.631,0.91927,0.91948,1.00,1.00
2014.06.02 07:02:31.072,0.91932,0.91953,1.00,1.50
2014.06.02 07:02:31.720,0.91932,0.9195,1.00,1.00
2014.06.02 07:02:31.845,0.91927,0.91948,1.00,1.00
2014.06.02 07:02:32.027,0.91931,0.91947,1.00,1.00
2014.06.02 07:02:32.077,0.91927,0.91947,1.00,1.00
2014.06.02 07:02:32.394,0.91927,0.91945,1.00,1.50
2014.06.02 07:02:32.609,0.91927,0.91947,1.00,1.00
2014.06.02 07:02:33.298,0.91926,0.91947,1.00,1.00
2014.06.02 07:02:33.608,0.91922,0.91943,1.00,1.00
2014.06.02 07:02:33.932,0.91927,0.91947,1.00,1.00
2014.06.02 07:02:41.649,0.91922,0.91943,1.00,1.00
2014.06.02 07:02:41.909,0.91926,0.91947,1.00,1.13
2014.06.02 07:02:42.350,0.91922,0.91943,1.00,1.00
2014.06.02 07:02:42.679,0.91926,0.91947,1.00,1.13
2014.06.02 07:02:43.629,0.91927,0.91947,1.00,1.00
2014.06.02 07:02:48.799,0.91922,0.91943,1.00,1.00
2014.06.02 07:02:49.136,0.91927,0.91947,1.00,1.13
2014.06.02 07:02:52.666,0.91927,0.91948,1.00,2.25
2014.06.02 07:02:53.090,0.91923,0.91944,1.00,1.00
2014.06.02 07:02:53.279,0.91921,0.91944,1.50,1.00
2014.06.02 07:02:53.641,0.91926,0.91947,1.00,1.00
2014.06.02 07:02:55.115,0.91922,0.91943,1.00,1.00
2014.06.02 07:02:55.593,0.91927,0.91947,1.00,1.00
2014.06.02 07:02:56.402,0.91927,0.91948,1.00,2.63
2014.06.02 07:02:56.910,0.91926,0.91949,1.00,1.50
2014.06.02 07:02:57.899,0.91927,0.91948,1.00,2.63
2014.06.02 07:03:00.380,0.91927,0.91947,1.00,1.50
2014.06.02 07:03:00.929,0.91927,0.91948,1.00,1.00
2014.06.02 07:03:01.869,0.91926,0.91949,1.00,1.13
2014.06.02 07:03:02.389,0.91927,0.91948,1.00,1.00
2014.06.02 07:03:02.991,0.91926,0.91949,1.00,1.00
2014.06.02 07:03:03.422,0.91922,0.91943,1.50,1.00
2014.06.02 07:03:03.796,0.91927,0.91948,1.00,1.00
2014.06.02 07:03:04.729,0.91922,0.91944,1.00,1.00
2014.06.02 07:03:05.443,0.91921,0.91944,1.00,1.00
2014.06.02 07:03:07.261,0.9192,0.91939,1.00,1.00
2014.06.02 07:03:07.366,0.91918,0.91939,2.25,1.00
2014.06.02 07:03:07.871,0.91916,0.91939,1.13,1.00
2014.06.02 07:03:08.413,0.91917,0.91938,1.00,1.00
2014.06.02 07:03:09.143,0.91916,0.91939,1.00,1.00
2014.06.02 07:03:09.629,0.91915,0.91934,1.13,1.00
2014.06.02 07:03:10.166,0.91917,0.91938,1.00,1.00
2014.06.02 07:03:10.418,0.91913,0.91933,1.88,1.00
2014.06.02 07:03:10.725,0.91912,0.9193,1.00,1.00
2014.06.02 07:03:10.826,0.91906,0.91929,1.50,1.00
2014.06.02 07:03:10.976,0.91901,0.91926,1.75,1.00
2014.06.02 07:03:11.298,0.91902,0.91923,1.00,1.00
2014.06.02 07:03:11.854,0.91901,0.91923,1.00,1.00
2014.06.02 07:03:12.617,0.91897,0.91918,1.50,1.00
2014.06.02 07:03:12.928,0.91901,0.91923,1.00,1.00
2014.06.02 07:03:13.909,0.91897,0.91918,1.00,1.00
2014.06.02 07:03:14.909,0.91896,0.91919,1.00,1.00
2014.06.02 07:03:15.504,0.91896,0.91916,1.00,1.00
2014.06.02 07:03:15.807,0.91896,0.91919,1.00,3.00
2014.06.02 07:03:16.335,0.91896,0.91919,1.00,3.75
2014.06.02 07:03:16.578,0.91892,0.91913,1.00,1.00
2014.06.02 07:03:17.105,0.91897,0.91918,1.00,1.88
2014.06.02 07:03:17.592,0.91892,0.91913,1.50,1.00
2014.06.02 07:03:19.855,0.91891,0.91914,1.00,1.00
2014.06.02 07:03:20.159,0.91891,0.91909,1.00,1.00
2014.06.02 07:03:20.717,0.91891,0.91908,1.00,1.00
2014.06.02 07:03:20.914,0.91886,0.91909,1.00,1.00
2014.06.02 07:03:21.066,0.91886,0.91903,1.00,1.00
2014.06.02 07:03:21.458,0.91887,0.91908,1.00,1.00
2014.06.02 07:03:22.823,0.91892,0.91912,1.00,1.50
2014.06.02 07:03:23.038,0.91887,0.91908,1.00,1.00
2014.06.02 07:03:25.846,0.91886,0.91904,1.50,1.00
2014.06.02 07:03:26.388,0.91887,0.91903,1.00,1.00
2014.06.02 07:03:26.920,0.91886,0.91904,1.00,1.00
2014.06.02 07:03:27.071,0.91887,0.91908,1.00,1.00
2014.06.02 07:03:27.294,0.91888,0.91908,2.10,1.00
2014.06.02 07:03:27.827,0.91886,0.91904,1.35,1.00
2014.06.02 07:03:28.130,0.91891,0.91909,1.00,1.00
2014.06.02 07:03:29.138,0.91892,0.91908,1.00,1.00
2014.06.02 07:03:30.348,0.91891,0.91909,1.00,1.00
2014.06.02 07:03:32.371,0.91892,0.91908,1.00,1.00
2014.06.02 07:03:32.810,0.91897,0.91913,1.00,1.13
2014.06.02 07:03:33.184,0.91892,0.91908,1.00,1.00
2014.06.02 07:03:33.744,0.91891,0.91909,1.00,1.00
2014.06.02 07:03:34.053,0.91893,0.91909,1.00,1.00
2014.06.02 07:03:34.350,0.91892,0.91914,1.35,1.00
2014.06.02 07:03:35.077,0.91892,0.91914,1.35,1.50
2014.06.02 07:03:35.128,0.91892,0.91909,1.35,1.00
2014.06.02 07:03:36.328,0.9189,0.919,2.85,1.00
2014.06.02 07:03:36.378,0.9189,0.91899,1.00,1.00
2014.06.02 07:03:36.429,0.91888,0.91899,1.50,1.00
2014.06.02 07:03:36.529,0.91886,0.91904,1.00,1.00
2014.06.02 07:03:36.681,0.91892,0.91908,1.00,2.25
2014.06.02 07:03:37.010,0.91887,0.91903,1.00,1.00
2014.06.02 07:03:37.118,0.91891,0.91909,1.00,1.75
2014.06.02 07:03:37.322,0.91891,0.91909,1.00,1.00
2014.06.02 07:03:38.112,0.91889,0.91903,1.00,1.00
2014.06.02 07:03:38.330,0.91891,0.91909,1.00,1.00
2014.06.02 07:03:38.550,0.91891,0.91909,2.85,1.00
2014.06.02 07:03:38.893,0.91891,0.91909,1.50,1.00
2014.06.02 07:03:39.149,0.91892,0.91908,2.10,1.00
2014.06.02 07:03:39.675,0.91892,0.91908,1.00,1.00
2014.06.02 07:03:40.445,0.91891,0.91909,1.50,1.00
2014.06.02 07:03:41.112,0.91892,0.91908,1.00,1.00
2014.06.02 07:03:41.313,0.91886,0.91909,1.00,1.00
2014.06.02 07:03:44.599,0.91883,0.91904,1.00,1.00
2014.06.02 07:03:45.367,0.91887,0.91908,1.00,1.00
2014.06.02 07:03:45.871,0.91886,0.91909,1.00,1.00
2014.06.02 07:03:46.808,0.91887,0.91908,1.00,1.00
2014.06.02 07:03:49.143,0.91892,0.91911,1.00,1.00
2014.06.02 07:03:49.480,0.91897,0.91911,1.00,1.00
2014.06.02 07:03:49.581,0.91891,0.91912,1.00,1.00
2014.06.02 07:03:50.158,0.91891,0.91913,1.00,1.00
2014.06.02 07:03:50.351,0.91887,0.91908,1.00,1.00
2014.06.02 07:03:51.118,0.91892,0.91913,1.00,1.50
2014.06.02 07:03:51.559,0.91886,0.91909,1.00,1.00
2014.06.02 07:03:52.108,0.91891,0.91913,1.00,1.00
2014.06.02 07:03:52.925,0.91891,0.91911,1.00,1.00
2014.06.02 07:03:53.356,0.91891,0.91908,1.00,1.00
2014.06.02 07:03:53.533,0.91891,0.9191,1.00,1.00
2014.06.02 07:03:54.861,0.91892,0.9191,1.00,1.00
2014.06.02 07:03:55.061,0.91892,0.91913,1.00,1.88
2014.06.02 07:03:56.983,0.91891,0.91913,1.00,1.13
2014.06.02 07:03:57.347,0.91896,0.91913,1.00,1.13
2014.06.02 07:03:57.637,0.91892,0.91913,1.00,1.13
2014.06.02 07:03:59.291,0.91897,0.91915,1.00,1.05
2014.06.02 07:03:59.832,0.91897,0.91916,1.00,1.43
2014.06.02 07:04:00.623,0.91896,0.91916,1.00,1.38
2014.06.02 07:04:00.832,0.91891,0.91914,1.00,1.00
2014.06.02 07:04:05.389,0.91888,0.91909,1.00,1.00
2014.06.02 07:04:05.439,0.91886,0.91909,1.00,1.00
2014.06.02 07:04:05.958,0.91887,0.91909,1.00,1.00
2014.06.02 07:04:06.398,0.91891,0.91912,1.00,1.13
2014.06.02 07:04:16.067,0.91891,0.91911,1.00,1.00
2014.06.02 07:04:16.168,0.91887,0.91908,1.00,1.00
2014.06.02 07:04:18.386,0.91887,0.91908,1.00,1.50
2014.06.02 07:04:21.479,0.91887,0.91908,1.00,1.13
2014.06.02 07:04:22.055,0.91887,0.91906,1.00,1.00
2014.06.02 07:04:22.809,0.91887,0.91908,1.00,1.00
2014.06.02 07:04:25.397,0.91886,0.91909,1.00,1.00
2014.06.02 07:04:27.090,0.91887,0.91908,1.00,1.00
2014.06.02 07:04:27.427,0.91891,0.9191,1.00,1.00
2014.06.02 07:04:27.833,0.91891,0.91914,1.00,4.43
2014.06.02 07:04:29.578,0.91891,0.91912,1.00,1.50
2014.06.02 07:04:30.021,0.91887,0.91908,1.00,1.00
2014.06.02 07:04:34.124,0.91886,0.91909,1.50,1.00
2014.06.02 07:04:34.448,0.91887,0.91903,1.00,1.00
2014.06.02 07:04:35.157,0.91886,0.91904,1.00,1.00
2014.06.02 07:04:35.550,0.91881,0.91899,1.35,1.00
2014.06.02 07:04:36.344,0.91887,0.91903,1.00,1.00
2014.06.02 07:04:38.325,0.91886,0.91904,1.00,1.00
2014.06.02 07:04:38.850,0.91887,0.91903,1.00,1.00
2014.06.02 07:04:43.420,0.91886,0.91904,1.00,1.00
2014.06.02 07:04:43.798,0.91883,0.91898,1.00,1.00
2014.06.02 07:04:44.847,0.91886,0.91904,1.00,1.00
2014.06.02 07:04:47.376,0.91887,0.91903,1.00,1.00
2014.06.02 07:04:47.886,0.91887,0.91904,1.00,1.00
2014.06.02 07:04:55.855,0.91887,0.91903,1.50,1.00
2014.06.02 07:05:00.056,0.91887,0.91904,1.00,1.00
2014.06.02 07:05:00.686,0.91886,0.91904,1.00,1.00
2014.06.02 07:05:02.367,0.91884,0.91898,1.00,1.00
2014.06.02 07:05:07.129,0.91886,0.91904,1.00,1.00
2014.06.02 07:05:07.347,0.9188,0.91899,1.00,1.00
2014.06.02 07:05:07.594,0.91887,0.91903,1.00,1.00
2014.06.02 07:05:11.636,0.91885,0.91898,1.00,1.00
2014.06.02 07:05:11.863,0.91886,0.91904,1.00,1.00
2014.06.02 07:05:13.841,0.91885,0.91898,1.00,1.00
2014.06.02 07:05:13.891,0.91882,0.91898,1.60,1.00
2014.06.02 07:05:15.045,0.91881,0.91899,2.10,1.00
2014.06.02 07:05:15.370,0.91881,0.91899,1.50,1.00
2014.06.02 07:05:15.939,0.91881,0.91898,1.00,1.00
2014.06.02 07:05:16.979,0.91881,0.91899,1.00,1.00
2014.06.02 07:05:17.069,0.91886,0.91904,1.00,1.00
2014.06.02 07:05:20.054,0.91882,0.91904,1.00,1.00
2014.06.02 07:05:21.320,0.91882,0.91904,1.60,1.00
2014.06.02 07:05:21.371,0.91886,0.91904,1.00,1.00
2014.06.02 07:05:22.126,0.91887,0.91903,1.00,1.00
2014.06.02 07:05:22.870,0.91886,0.91904,1.00,1.00
2014.06.02 07:05:23.911,0.91882,0.91899,1.60,1.00
2014.06.02 07:05:24.435,0.91886,0.91904,1.00,1.00
2014.06.02 07:05:25.316,0.91887,0.91903,1.00,1.00
2014.06.02 07:05:32.166,0.91882,0.91898,1.60,1.00
2014.06.02 07:05:35.874,0.91886,0.91904,1.00,2.25
2014.06.02 07:05:42.462,0.91886,0.91903,1.00,1.50
2014.06.02 07:05:50.725,0.91886,0.91904,1.00,1.00
2014.06.02 07:05:53.105,0.91887,0.91903,1.00,1.00
2014.06.02 07:06:04.574,0.91892,0.91906,1.00,1.50
2014.06.02 07:06:06.600,0.91901,0.91909,1.00,1.50
2014.06.02 07:06:06.701,0.91897,0.91918,1.00,1.80
2014.06.02 07:06:06.868,0.91897,0.91918,1.00,1.50
2014.06.02 07:06:06.919,0.91896,0.91919,1.00,1.00
2014.06.02 07:06:09.874,0.91894,0.91914,1.00,1.00
2014.06.02 07:06:10.093,0.91896,0.91919,1.00,1.00
2014.06.02 07:06:12.293,0.91894,0.91914,1.00,1.00
2014.06.02 07:06:13.699,0.91892,0.91914,1.00,1.00
2014.06.02 07:06:13.835,0.91892,0.91909,1.00,1.00
2014.06.02 07:06:14.358,0.91889,0.91909,1.20,1.00
2014.06.02 07:06:14.459,0.91891,0.91914,1.00,1.00
2014.06.02 07:06:15.376,0.91889,0.91909,1.00,1.00
2014.06.02 07:06:18.203,0.91888,0.91909,1.00,1.00
2014.06.02 07:06:18.720,0.91887,0.91908,1.35,1.00
2014.06.02 07:06:19.233,0.91891,0.91909,1.00,1.00
2014.06.02 07:06:19.535,0.91893,0.91909,1.00,1.00
2014.06.02 07:06:19.586,0.91893,0.91914,1.00,1.00
2014.06.02 07:06:19.804,0.91893,0.91908,1.35,1.00
2014.06.02 07:06:19.964,0.91893,0.91913,1.35,1.00
2014.06.02 07:06:20.727,0.91892,0.91913,1.00,1.00
2014.06.02 07:06:21.718,0.91892,0.91908,1.00,1.00
2014.06.02 07:06:22.114,0.91892,0.91913,1.00,1.00
2014.06.02 07:06:22.383,0.91892,0.91908,1.00,1.00
2014.06.02 07:06:24.097,0.91891,0.91909,1.00,1.00
2014.06.02 07:06:24.638,0.91892,0.91909,1.00,1.00
2014.06.02 07:06:25.020,0.91892,0.91913,1.50,1.00
2014.06.02 07:06:25.121,0.91892,0.91913,1.88,1.00
2014.06.02 07:06:25.852,0.91897,0.91918,1.00,1.00
2014.06.02 07:06:26.602,0.91896,0.91919,1.00,1.00
2014.06.02 07:06:26.653,0.91892,0.91914,1.38,1.00
2014.06.02 07:06:28.072,0.91892,0.91914,1.13,1.00
2014.06.02 07:06:29.081,0.91892,0.91913,1.88,1.00
2014.06.02 07:06:36.106,0.91892,0.91914,1.00,1.00
2014.06.02 07:06:36.651,0.91892,0.91913,1.50,1.00
2014.06.02 07:06:37.206,0.91892,0.91914,1.00,1.00
2014.06.02 07:06:44.758,0.91891,0.91914,1.73,1.00
2014.06.02 07:06:46.830,0.91892,0.91913,1.00,1.00
2014.06.02 07:06:47.576,0.9189,0.91909,1.60,1.00
2014.06.02 07:06:48.077,0.91891,0.91908,1.30,1.00
2014.06.02 07:06:48.594,0.91892,0.91913,1.00,1.00
2014.06.02 07:06:49.910,0.91889,0.91908,2.85,1.00
2014.06.02 07:06:50.335,0.91889,0.91908,1.00,1.00
2014.06.02 07:06:50.436,0.91887,0.91908,1.00,1.00
2014.06.02 07:06:50.740,0.91883,0.91904,1.00,1.00
2014.06.02 07:06:51.001,0.91881,0.91904,1.50,1.00
2014.06.02 07:06:51.731,0.91882,0.91903,1.00,1.00
2014.06.02 07:06:52.392,0.91881,0.91904,1.50,1.00
2014.06.02 07:06:53.342,0.91882,0.91903,1.00,1.00
2014.06.02 07:07:00.498,0.91881,0.91904,3.00,1.00
2014.06.02 07:07:02.755,0.91883,0.91904,1.00,1.00
2014.06.02 07:07:03.672,0.91885,0.91904,1.00,1.00
2014.06.02 07:07:03.875,0.91883,0.91904,1.50,1.00
2014.06.02 07:07:03.926,0.91887,0.91908,1.00,1.00
2014.06.02 07:07:04.304,0.91883,0.91903,1.50,1.00
2014.06.02 07:07:04.944,0.91882,0.91903,1.00,1.00
2014.06.02 07:07:10.041,0.91881,0.91899,1.00,1.00
2014.06.02 07:07:10.578,0.91882,0.91898,1.00,1.00
2014.06.02 07:07:12.352,0.91877,0.91894,1.00,1.00
2014.06.02 07:07:16.746,0.9188,0.91894,1.00,1.00
2014.06.02 07:07:17.131,0.9188,0.91898,1.00,1.00
2014.06.02 07:07:17.182,0.91882,0.91898,1.00,1.00
2014.06.02 07:07:17.333,0.91882,0.91904,1.00,1.00
2014.06.02 07:07:17.883,0.91882,0.91903,1.50,1.00
2014.06.02 07:07:20.976,0.91882,0.91899,1.00,1.00
2014.06.02 07:07:21.795,0.91882,0.91898,1.00,1.00
2014.06.02 07:07:22.120,0.91886,0.91898,1.00,1.00
2014.06.02 07:07:22.839,0.91886,0.91904,1.00,1.00
2014.06.02 07:07:22.940,0.91884,0.91904,1.00,1.00
2014.06.02 07:07:23.455,0.91884,0.91903,1.00,1.00
2014.06.02 07:07:29.878,0.91884,0.91904,1.00,1.00
2014.06.02 07:07:31.510,0.91884,0.91904,1.50,1.00
2014.06.02 07:07:32.833,0.91886,0.91909,1.00,1.00
2014.06.02 07:07:34.371,0.91886,0.91909,2.25,1.00
2014.06.02 07:07:35.333,0.91888,0.91909,1.00,1.00
2014.06.02 07:07:36.418,0.91888,0.91904,1.00,1.00
2014.06.02 07:07:36.476,0.91883,0.91904,1.00,1.00
2014.06.02 07:07:36.577,0.91881,0.91898,1.00,1.00
2014.06.02 07:07:36.901,0.91882,0.91903,1.00,1.00
2014.06.02 07:07:37.171,0.91886,0.91904,1.00,1.00
2014.06.02 07:07:40.392,0.91891,0.91906,1.00,1.50
2014.06.02 07:07:40.594,0.91887,0.91906,1.00,1.50
2014.06.02 07:07:40.694,0.91887,0.91908,1.00,1.05
2014.06.02 07:07:42.714,0.91886,0.91898,1.00,1.00
2014.06.02 07:07:42.886,0.91883,0.91898,1.00,1.00
2014.06.02 07:07:43.192,0.9188,0.91898,1.13,1.00
2014.06.02 07:07:43.883,0.91882,0.91903,1.00,1.00
2014.06.02 07:07:44.632,0.91881,0.91904,1.00,1.00
2014.06.02 07:07:46.085,0.91882,0.91903,1.00,1.00
2014.06.02 07:07:52.824,0.91881,0.91904,1.00,1.00
2014.06.02 07:07:55.131,0.91882,0.91903,1.00,1.00
2014.06.02 07:07:56.341,0.9188,0.91898,1.00,1.00
2014.06.02 07:07:59.781,0.91886,0.91904,1.00,1.00
2014.06.02 07:08:00.110,0.91882,0.91903,2.48,1.00
2014.06.02 07:08:00.544,0.91882,0.91898,1.00,1.00
2014.06.02 07:08:00.645,0.91871,0.91889,1.38,1.00
2014.06.02 07:08:00.696,0.91877,0.91893,1.00,1.00
2014.06.02 07:08:01.219,0.91876,0.91894,1.00,1.00
2014.06.02 07:08:01.563,0.91871,0.91889,1.00,1.00
2014.06.02 07:08:03.744,0.91872,0.91888,1.00,1.00
2014.06.02 07:08:04.512,0.91871,0.91889,1.00,1.00
2014.06.02 07:08:05.173,0.91867,0.91884,1.43,1.00
2014.06.02 07:08:05.612,0.91871,0.91889,1.00,1.00
2014.06.02 07:08:06.383,0.91872,0.91888,1.00,1.00
2014.06.02 07:08:06.893,0.91872,0.91893,1.00,1.00
2014.06.02 07:08:12.353,0.91868,0.91889,1.00,1.00
2014.06.02 07:08:12.711,0.91872,0.91893,1.00,1.00
2014.06.02 07:08:13.162,0.91877,0.91894,1.00,1.00
2014.06.02 07:08:13.703,0.91877,0.91895,1.00,2.25
2014.06.02 07:08:14.880,0.91871,0.91894,1.00,1.00
2014.06.02 07:08:15.405,0.91872,0.91893,2.25,1.00
2014.06.02 07:08:18.665,0.91877,0.91894,1.00,1.00
2014.06.02 07:08:19.834,0.91876,0.91894,1.00,1.00
2014.06.02 07:08:20.180,0.91877,0.91896,1.00,1.00
2014.06.02 07:08:21.053,0.91877,0.91898,1.00,1.00
2014.06.02 07:08:22.580,0.91872,0.91893,1.00,1.00
2014.06.02 07:08:23.571,0.91877,0.91898,1.00,1.00
2014.06.02 07:08:24.130,0.91876,0.91899,1.00,1.80
2014.06.02 07:08:24.450,0.91872,0.91893,1.00,1.00
2014.06.02 07:08:24.862,0.91871,0.91889,1.50,1.00
2014.06.02 07:08:25.111,0.91872,0.91893,1.00,1.00
2014.06.02 07:08:25.699,0.91871,0.91894,3.00,1.00
2014.06.02 07:08:29.325,0.91872,0.91893,1.00,1.00
2014.06.02 07:08:29.873,0.91871,0.91893,1.00,1.00
2014.06.02 07:08:32.294,0.9187,0.91889,1.50,1.00
2014.06.02 07:08:32.377,0.91867,0.91889,1.13,1.00
2014.06.02 07:08:33.298,0.91867,0.91888,1.50,1.00
2014.06.02 07:08:33.401,0.91872,0.91893,1.00,1.50
2014.06.02 07:08:35.094,0.91871,0.91892,1.00,1.00
2014.06.02 07:08:36.292,0.91867,0.91888,1.00,1.00
2014.06.02 07:08:36.829,0.91866,0.91889,1.00,1.00
2014.06.02 07:08:37.614,0.91871,0.91889,1.00,1.00
2014.06.02 07:08:37.866,0.91867,0.91888,3.00,1.00
2014.06.02 07:08:38.383,0.91866,0.91889,1.00,1.00
2014.06.02 07:08:38.643,0.91865,0.91883,2.63,1.00
2014.06.02 07:08:38.869,0.91866,0.91888,1.00,1.00
2014.06.02 07:08:39.154,0.91865,0.91883,1.50,1.00
2014.06.02 07:08:39.350,0.91862,0.91883,1.50,1.00
2014.06.02 07:08:40.800,0.91861,0.91884,1.00,1.00
2014.06.02 07:08:40.901,0.91863,0.91884,1.50,1.00
2014.06.02 07:08:48.660,0.91866,0.91884,1.00,1.00
2014.06.02 07:08:48.962,0.91863,0.91884,1.00,1.00
2014.06.02 07:08:49.063,0.91861,0.91884,1.88,1.00
2014.06.02 07:08:53.799,0.91867,0.91883,1.00,1.00
2014.06.02 07:08:54.381,0.91866,0.91884,1.00,1.00
2014.06.02 07:08:54.714,0.91864,0.91878,2.10,1.00
2014.06.02 07:08:55.119,0.91867,0.91883,1.00,1.00
2014.06.02 07:08:56.329,0.91866,0.91884,1.00,1.00
2014.06.02 07:08:57.536,0.91867,0.91884,1.00,1.00
2014.06.02 07:08:58.443,0.91869,0.91883,1.00,1.00
2014.06.02 07:09:00.639,0.91869,0.91884,1.00,1.00
2014.06.02 07:09:02.733,0.91869,0.91883,1.00,1.00
2014.06.02 07:09:03.648,0.91869,0.91884,1.13,1.00
2014.06.02 07:09:04.381,0.91869,0.91883,1.13,1.00
2014.06.02 07:09:04.944,0.91869,0.91884,1.13,1.00
2014.06.02 07:09:05.593,0.91876,0.91894,1.00,1.00
2014.06.02 07:09:06.931,0.91872,0.91889,2.85,1.00
2014.06.02 07:09:07.047,0.91872,0.91889,2.25,1.00
2014.06.02 07:09:07.758,0.91875,0.91889,1.00,1.00
2014.06.02 07:09:08.114,0.91875,0.91888,1.35,1.00
2014.06.02 07:09:08.549,0.91871,0.91889,1.00,1.00
2014.06.02 07:09:09.370,0.91871,0.91888,1.00,1.00
2014.06.02 07:09:15.378,0.91871,0.91889,1.00,1.00
2014.06.02 07:09:15.649,0.91868,0.91889,1.50,1.00
2014.06.02 07:09:17.358,0.91868,0.91888,1.50,1.00
2014.06.02 07:09:18.149,0.91868,0.91889,1.00,1.00
2014.06.02 07:09:18.712,0.91867,0.91888,1.50,1.00
2014.06.02 07:09:18.899,0.91867,0.91883,1.00,1.00
2014.06.02 07:09:20.109,0.91867,0.91888,1.50,1.00
2014.06.02 07:09:24.289,0.91867,0.91884,1.00,1.00
2014.06.02 07:09:28.359,0.91867,0.91889,1.00,1.00
2014.06.02 07:09:29.349,0.91867,0.91888,1.50,1.00
2014.06.02 07:09:30.798,0.91867,0.91889,1.00,1.00
2014.06.02 07:09:32.341,0.91867,0.91888,1.50,1.00
2014.06.02 07:09:33.007,0.91867,0.91889,1.00,1.00
2014.06.02 07:09:34.100,0.91867,0.91888,1.50,1.00
2014.06.02 07:09:35.089,0.91867,0.91883,1.00,1.00
2014.06.02 07:09:35.139,0.91865,0.91883,2.25,1.00
2014.06.02 07:09:35.532,0.91866,0.91889,1.00,1.00
2014.06.02 07:09:36.039,0.91867,0.91888,1.50,1.00
2014.06.02 07:09:36.302,0.91872,0.91893,1.00,1.50
2014.06.02 07:09:37.326,0.91867,0.91888,1.88,1.00
2014.06.02 07:09:37.842,0.91867,0.91888,1.00,1.50
2014.06.02 07:09:38.307,0.91867,0.91886,1.00,1.00
2014.06.02 07:09:40.310,0.91867,0.91888,1.00,1.50
2014.06.02 07:09:41.464,0.91867,0.91886,2.25,1.00
2014.06.02 07:09:41.766,0.91866,0.91884,1.00,1.00
2014.06.02 07:09:45.157,0.91865,0.91883,1.50,1.00
2014.06.02 07:09:45.694,0.91865,0.91884,1.50,1.50
2014.06.02 07:09:47.582,0.91865,0.91883,1.50,1.00
2014.06.02 07:09:48.107,0.91866,0.91883,1.50,1.00
2014.06.02 07:09:48.349,0.91867,0.91888,1.00,1.00
2014.06.02 07:09:51.629,0.91872,0.91888,1.00,1.00
2014.06.02 07:09:51.933,0.91875,0.91894,1.50,1.00
2014.06.02 07:09:52.330,0.91876,0.91899,1.00,1.30
2014.06.02 07:09:52.878,0.91875,0.91893,1.88,1.00
2014.06.02 07:09:55.240,0.91875,0.91893,1.88,1.00
2014.06.02 07:09:57.943,0.91875,0.91894,1.88,1.00
2014.06.02 07:09:58.492,0.91875,0.91894,1.88,1.00
2014.06.02 07:10:02.064,0.91876,0.91894,1.00,1.00
2014.06.02 07:10:02.390,0.91876,0.91888,1.00,1.00
2014.06.02 07:10:02.495,0.9187,0.91888,2.25,1.00
2014.06.02 07:10:02.561,0.9187,0.91883,2.25,1.00
2014.06.02 07:10:02.813,0.91867,0.91884,1.00,1.00
2014.06.02 07:10:02.890,0.91867,0.91879,1.00,1.00
2014.06.02 07:10:03.265,0.91864,0.91879,1.50,1.00
2014.06.02 07:10:03.378,0.91864,0.91883,1.50,1.00
2014.06.02 07:10:04.151,0.91866,0.91887,1.00,1.00
2014.06.02 07:10:05.999,0.91867,0.91887,1.00,1.00
2014.06.02 07:10:08.658,0.91867,0.91886,1.00,1.00
2014.06.02 07:10:08.874,0.91862,0.91883,1.00,1.00
2014.06.02 07:10:09.850,0.91861,0.91884,1.00,1.00
2014.06.02 07:10:10.375,0.91861,0.91883,1.00,1.00
2014.06.02 07:10:11.849,0.91857,0.91878,1.00,1.00
2014.06.02 07:10:15.682,0.91862,0.91883,1.00,1.50
2014.06.02 07:10:16.601,0.91865,0.91883,1.50,1.00
2014.06.02 07:10:16.980,0.91862,0.91883,1.00,1.00
2014.06.02 07:10:17.859,0.91862,0.91883,1.50,1.00
2014.06.02 07:10:17.960,0.91867,0.91888,1.00,1.00
2014.06.02 07:10:18.133,0.91871,0.91887,1.00,1.00
2014.06.02 07:10:18.396,0.91867,0.91887,1.00,1.00
2014.06.02 07:10:18.923,0.91867,0.91886,1.00,1.00
2014.06.02 07:10:19.978,0.91867,0.91888,1.00,1.00
2014.06.02 07:10:20.129,0.91872,0.9189,1.00,1.00
2014.06.02 07:10:20.433,0.91872,0.91888,1.00,1.00
2014.06.02 07:10:20.550,0.91866,0.91888,1.00,1.00
2014.06.02 07:10:21.099,0.91866,0.91887,1.00,1.00
2014.06.02 07:10:22.360,0.91867,0.91887,1.00,1.00
2014.06.02 07:10:22.871,0.91866,0.91884,1.00,1.00
2014.06.02 07:10:23.091,0.91863,0.91883,1.50,1.00
2014.06.02 07:10:23.299,0.91861,0.91884,1.00,1.00
2014.06.02 07:10:26.181,0.91862,0.91883,1.00,1.00
2014.06.02 07:10:26.664,0.91867,0.91888,1.00,2.25
2014.06.02 07:10:28.702,0.91861,0.91884,1.75,1.00
2014.06.02 07:10:28.830,0.91867,0.91888,1.00,1.50
2014.06.02 07:10:29.091,0.91862,0.91883,1.75,1.00
2014.06.02 07:10:29.141,0.91862,0.91883,1.00,1.00
2014.06.02 07:10:29.633,0.91866,0.91889,1.00,1.80
2014.06.02 07:10:30.422,0.91866,0.91886,1.00,1.00
2014.06.02 07:10:30.812,0.91861,0.91884,1.00,1.00
2014.06.02 07:10:31.142,0.91866,0.91886,1.00,1.00
2014.06.02 07:10:31.369,0.91862,0.91883,1.00,1.00
2014.06.02 07:10:31.608,0.91866,0.91886,1.00,1.00
2014.06.02 07:10:31.800,0.91861,0.91884,1.00,1.00
2014.06.02 07:10:32.925,0.91861,0.91883,1.00,1.00
2014.06.02 07:10:34.196,0.91861,0.91884,1.13,1.00
2014.06.02 07:10:34.742,0.91862,0.91883,1.00,1.50
2014.06.02 07:10:35.297,0.91861,0.91884,1.13,1.00
2014.06.02 07:10:35.398,0.91866,0.91885,1.00,1.00
2014.06.02 07:10:36.340,0.91861,0.91884,1.13,1.00
2014.06.02 07:10:36.889,0.91862,0.91883,1.00,1.00
2014.06.02 07:10:39.862,0.91867,0.91885,1.00,1.00
2014.06.02 07:10:41.838,0.91866,0.91885,1.00,1.00
2014.06.02 07:10:42.339,0.91867,0.91885,1.00,1.00
2014.06.02 07:10:43.487,0.91866,0.91885,1.00,1.00
2014.06.02 07:10:44.239,0.91866,0.91887,1.00,1.00
2014.06.02 07:10:51.141,0.91867,0.91887,1.00,1.00
2014.06.02 07:10:51.690,0.91866,0.91887,1.00,1.00
2014.06.02 07:10:53.723,0.91866,0.91889,1.00,1.50
2014.06.02 07:10:54.110,0.91872,0.91889,1.00,1.00
2014.06.02 07:10:54.788,0.91867,0.91888,1.00,1.00
2014.06.02 07:10:55.384,0.91871,0.91893,1.00,1.00
2014.06.02 07:10:55.498,0.91871,0.91893,1.00,1.50
2014.06.02 07:10:56.101,0.91871,0.91889,1.00,1.00
2014.06.02 07:10:56.361,0.91866,0.91889,2.25,1.50
2014.06.02 07:10:56.970,0.91866,0.91888,1.00,1.00
2014.06.02 07:10:57.631,0.91867,0.91888,1.00,1.50
2014.06.02 07:10:57.682,0.91867,0.91886,1.00,1.00
2014.06.02 07:10:57.871,0.91861,0.91884,1.00,1.00
2014.06.02 07:11:00.625,0.91862,0.91883,1.00,1.00
2014.06.02 07:11:02.169,0.91861,0.91884,1.00,1.50
2014.06.02 07:11:02.680,0.91862,0.91883,1.00,1.00
2014.06.02 07:11:04.061,0.91861,0.91884,1.00,1.88
2014.06.02 07:11:04.874,0.91866,0.91884,1.00,1.13
2014.06.02 07:11:05.601,0.91867,0.91886,1.00,1.50
2014.06.02 07:11:06.068,0.91862,0.91883,1.00,1.00
2014.06.02 07:11:06.368,0.91866,0.91885,1.00,1.38
2014.06.02 07:11:06.941,0.91866,0.91885,1.00,1.13
2014.06.02 07:11:08.680,0.91861,0.91884,1.00,1.00
2014.06.02 07:11:08.788,0.91867,0.91885,1.00,1.13
2014.06.02 07:11:10.136,0.91861,0.91884,1.00,1.00
2014.06.02 07:11:10.346,0.91866,0.91885,1.00,1.00
2014.06.02 07:11:13.081,0.91867,0.91885,1.00,1.13
2014.06.02 07:11:14.350,0.91861,0.91884,1.00,1.00
2014.06.02 07:11:14.582,0.91866,0.91887,1.00,1.38
2014.06.02 07:11:14.899,0.91861,0.91884,1.00,1.00
2014.06.02 07:11:15.119,0.91866,0.91887,1.00,1.38
2014.06.02 07:11:15.220,0.91866,0.91887,1.00,1.00
2014.06.02 07:11:15.825,0.91866,0.91888,1.00,1.13
2014.06.02 07:11:16.632,0.91867,0.91888,1.00,1.88
2014.06.02 07:11:17.398,0.91871,0.91891,1.00,1.30
2014.06.02 07:11:17.619,0.91867,0.91888,1.00,1.00
2014.06.02 07:11:17.887,0.91872,0.91891,1.00,1.30
2014.06.02 07:11:17.961,0.91867,0.91888,1.00,1.00
2014.06.02 07:11:22.593,0.91871,0.91891,1.00,1.30
2014.06.02 07:11:23.169,0.91866,0.91889,1.00,1.00
2014.06.02 07:11:23.781,0.91867,0.91889,1.00,1.00
2014.06.02 07:11:26.941,0.91866,0.91889,1.00,1.05
2014.06.02 07:11:33.072,0.91876,0.9189,1.00,1.43
2014.06.02 07:11:33.459,0.91877,0.91893,1.00,1.00
2014.06.02 07:11:34.623,0.91872,0.91893,1.00,1.00
2014.06.02 07:11:34.826,0.91871,0.91889,1.00,1.00
2014.06.02 07:11:35.578,0.91876,0.91894,1.00,1.88
2014.06.02 07:11:36.349,0.91871,0.91894,1.00,1.88
2014.06.02 07:11:37.033,0.91867,0.91888,1.50,1.00
2014.06.02 07:11:38.117,0.91867,0.91889,1.00,1.00
2014.06.02 07:11:39.493,0.91866,0.91889,1.00,1.00
2014.06.02 07:11:40.285,0.91867,0.91888,1.00,1.00
2014.06.02 07:11:41.334,0.91866,0.91889,1.00,1.00
2014.06.02 07:11:42.837,0.91867,0.91888,1.00,1.00
2014.06.02 07:11:43.158,0.91872,0.91888,1.00,1.00
2014.06.02 07:11:44.052,0.91876,0.91894,1.00,1.38
2014.06.02 07:11:44.951,0.91876,0.91894,1.00,1.00
2014.06.02 07:11:48.340,0.91877,0.91893,1.00,1.00
2014.06.02 07:11:53.111,0.91876,0.91894,1.00,1.00
2014.06.02 07:11:53.330,0.91869,0.91888,2.25,1.00
2014.06.02 07:11:53.934,0.91869,0.91889,1.00,1.00
2014.06.02 07:11:54.920,0.91869,0.91888,1.00,1.00
2014.06.02 07:11:57.069,0.91869,0.91889,1.00,1.00
2014.06.02 07:11:58.940,0.91869,0.91888,1.00,1.00
2014.06.02 07:12:00.368,0.91871,0.91894,1.00,1.13
2014.06.02 07:12:00.845,0.91877,0.91895,1.00,1.38
2014.06.02 07:12:00.895,0.91877,0.91898,1.00,1.30
2014.06.02 07:12:01.005,0.91877,0.91898,1.00,1.00
2014.06.02 07:12:01.767,0.91877,0.91899,1.00,1.00
2014.06.02 07:12:02.269,0.91877,0.91898,1.50,1.00
2014.06.02 07:12:02.849,0.91877,0.91893,1.50,1.00
2014.06.02 07:12:03.459,0.91877,0.91894,1.00,1.00
2014.06.02 07:12:04.169,0.91877,0.91893,1.50,1.00
2014.06.02 07:12:27.796,0.91874,0.91888,1.00,1.00
2014.06.02 07:12:29.558,0.91877,0.91893,1.00,1.00
2014.06.02 07:12:29.777,0.91874,0.91889,1.00,1.00
2014.06.02 07:12:31.318,0.91874,0.91888,1.00,1.00
2014.06.02 07:12:31.977,0.91874,0.91889,1.00,1.00
2014.06.02 07:12:34.778,0.91874,0.91888,1.00,1.00
2014.06.02 07:12:34.879,0.91874,0.91894,1.00,1.00
2014.06.02 07:12:35.463,0.91874,0.91893,1.00,1.00
2014.06.02 07:12:35.620,0.91877,0.91898,1.00,1.00
2014.06.02 07:12:35.827,0.91874,0.91893,1.00,1.00
2014.06.02 07:12:36.355,0.91876,0.91893,1.00,1.00
2014.06.02 07:12:37.928,0.91876,0.91899,1.50,1.00
2014.06.02 07:12:39.576,0.91876,0.91893,1.00,1.00
2014.06.02 07:12:41.076,0.91877,0.91898,1.00,1.00
2014.06.02 07:12:42.293,0.91876,0.91899,1.50,1.00
2014.06.02 07:12:42.876,0.91877,0.91898,1.00,1.00
2014.06.02 07:12:44.375,0.91873,0.91894,1.00,1.00
2014.06.02 07:12:45.194,0.91871,0.91894,3.00,1.00
2014.06.02 07:12:46.267,0.91872,0.91893,1.00,1.00
2014.06.02 07:12:48.338,0.91871,0.91894,2.25,1.00
2014.06.02 07:12:49.584,0.91872,0.91893,1.00,1.00
2014.06.02 07:12:50.232,0.91871,0.91894,2.25,1.00
2014.06.02 07:12:50.755,0.91872,0.91893,1.00,1.00
2014.06.02 07:12:52.537,0.91871,0.91894,2.25,1.00
2014.06.02 07:12:54.005,0.91872,0.91894,1.00,1.00
2014.06.02 07:12:55.095,0.91872,0.91893,1.88,1.00
2014.06.02 07:12:55.362,0.91874,0.91893,1.00,1.00
2014.06.02 07:12:55.681,0.91876,0.91893,1.00,1.00
2014.06.02 07:12:55.980,0.91876,0.91899,3.00,1.00
2014.06.02 07:12:56.131,0.91876,0.91894,3.00,1.00
2014.06.02 07:12:56.332,0.91877,0.91899,1.50,1.00
2014.06.02 07:12:56.856,0.91876,0.91893,1.00,1.00
2014.06.02 07:12:57.235,0.91877,0.91898,1.00,1.00
2014.06.02 07:12:57.335,0.91876,0.91893,1.00,1.00
2014.06.02 07:12:57.488,0.91874,0.91893,1.13,1.00
2014.06.02 07:12:59.386,0.91874,0.91894,1.00,1.00
2014.06.02 07:13:02.795,0.91874,0.91893,1.00,1.00
2014.06.02 07:13:03.456,0.91874,0.91894,1.00,1.00
2014.06.02 07:13:06.645,0.91874,0.91893,1.00,1.00
2014.06.02 07:13:20.535,0.91876,0.91899,1.00,1.13
2014.06.02 07:13:28.044,0.91875,0.91894,1.00,1.00
2014.06.02 07:13:33.544,0.91875,0.91893,1.00,1.00
2014.06.02 07:13:34.202,0.91874,0.91893,1.00,1.00
2014.06.02 07:13:36.515,0.91874,0.91894,1.00,1.00
2014.06.02 07:13:43.469,0.91875,0.91894,1.00,1.00
2014.06.02 07:13:43.554,0.91876,0.91899,1.00,1.00
2014.06.02 07:13:43.884,0.91875,0.91893,1.00,1.00
2014.06.02 07:13:43.995,0.91877,0.91898,1.00,1.00
2014.06.02 07:13:47.098,0.91876,0.91899,1.00,1.00
2014.06.02 07:13:48.291,0.91875,0.91894,1.00,1.00
2014.06.02 07:13:50.049,0.91875,0.91893,1.00,1.00
2014.06.02 07:13:51.394,0.91873,0.91893,1.00,1.00
2014.06.02 07:13:52.766,0.91872,0.91893,1.50,1.00
2014.06.02 07:13:53.269,0.91872,0.91894,1.00,1.00
2014.06.02 07:13:53.834,0.91871,0.91894,1.00,1.00
2014.06.02 07:13:54.396,0.91872,0.91893,1.00,1.00
2014.06.02 07:13:54.946,0.91868,0.91889,1.00,1.00
2014.06.02 07:13:55.165,0.91871,0.91894,1.00,1.00
2014.06.02 07:13:55.672,0.91872,0.91893,1.50,1.00
2014.06.02 07:14:00.405,0.91872,0.91894,1.00,1.00
2014.06.02 07:14:01.701,0.91873,0.91894,1.00,1.00
2014.06.02 07:14:04.152,0.91873,0.91893,1.00,1.00
2014.06.02 07:14:08.244,0.91873,0.91894,1.00,1.00
2014.06.02 07:14:08.395,0.91876,0.91894,1.00,1.00
2014.06.02 07:14:08.941,0.91877,0.91893,1.00,1.00
2014.06.02 07:14:09.350,0.91872,0.91889,1.00,1.00
2014.06.02 07:14:09.675,0.91874,0.91889,1.00,1.00
2014.06.02 07:14:09.881,0.91872,0.91889,1.00,1.00
2014.06.02 07:14:12.535,0.91872,0.91888,1.50,1.00
2014.06.02 07:14:13.304,0.91877,0.91893,1.00,1.00
2014.06.02 07:14:13.854,0.91872,0.91889,1.00,1.00
2014.06.02 07:14:14.125,0.91872,0.91884,1.00,1.00
2014.06.02 07:14:18.915,0.91872,0.91883,1.00,1.00
2014.06.02 07:14:23.118,0.91872,0.91884,1.00,1.00
2014.06.02 07:14:23.247,0.91869,0.91884,1.13,1.00
2014.06.02 07:14:24.155,0.91869,0.91884,1.38,1.00
2014.06.02 07:14:24.935,0.91869,0.91883,1.38,1.00
2014.06.02 07:14:27.213,0.91869,0.91883,1.13,1.00
2014.06.02 07:14:27.848,0.91869,0.91884,1.88,1.00
2014.06.02 07:14:27.992,0.91872,0.91888,1.00,1.00
2014.06.02 07:14:30.378,0.91871,0.91889,1.00,1.00
2014.06.02 07:14:30.831,0.91876,0.91894,1.00,1.00
2014.06.02 07:14:31.145,0.91871,0.91889,1.00,1.00
2014.06.02 07:14:31.671,0.91872,0.91888,1.00,1.00
2014.06.02 07:14:32.144,0.91869,0.91884,1.50,1.00
2014.06.02 07:14:32.195,0.91867,0.91884,1.00,1.00
2014.06.02 07:14:32.800,0.91867,0.91883,1.00,1.00
2014.06.02 07:14:33.604,0.91867,0.91889,1.00,1.00
2014.06.02 07:14:34.043,0.91867,0.91883,1.00,1.00
2014.06.02 07:14:34.144,0.91867,0.91888,1.50,1.00
2014.06.02 07:14:35.104,0.91867,0.91883,1.00,1.00
2014.06.02 07:14:35.325,0.91867,0.91889,1.00,1.00
2014.06.02 07:14:36.356,0.91872,0.91888,1.00,1.00
2014.06.02 07:14:36.709,0.91867,0.91888,1.00,1.00
2014.06.02 07:14:36.865,0.91866,0.91884,1.00,1.00
2014.06.02 07:14:38.954,0.91871,0.91889,1.00,1.00
2014.06.02 07:14:40.054,0.91867,0.91888,1.00,1.00
2014.06.02 07:14:40.733,0.91866,0.91889,1.50,2.25
2014.06.02 07:14:42.060,0.91866,0.91888,1.00,1.00
2014.06.02 07:14:42.713,0.91866,0.91889,1.00,3.68
2014.06.02 07:14:43.467,0.91867,0.91888,1.00,1.00
2014.06.02 07:14:55.105,0.91866,0.91889,1.00,2.55
2014.06.02 07:14:55.982,0.91872,0.91888,1.00,1.00
2014.06.02 07:14:56.590,0.91871,0.91889,1.00,1.30
2014.06.02 07:14:59.424,0.91867,0.91888,1.00,1.05
2014.06.02 07:14:59.993,0.91866,0.91888,1.00,1.80
2014.06.02 07:15:03.407,0.91864,0.91883,1.00,1.00
2014.06.02 07:15:12.496,0.91864,0.91884,1.00,1.00
2014.06.02 07:15:14.918,0.91864,0.91883,1.13,1.00
2014.06.02 07:15:15.690,0.91864,0.91884,1.13,1.00
2014.06.02 07:15:17.618,0.91866,0.91888,1.00,1.50
2014.06.02 07:15:18.187,0.91864,0.91884,1.13,1.00
2014.06.02 07:15:19.603,0.91867,0.91883,1.00,1.00
2014.06.02 07:15:20.117,0.91866,0.91884,1.00,1.00
2014.06.02 07:15:20.626,0.91861,0.91879,3.00,1.00
2014.06.02 07:15:21.165,0.91858,0.91878,2.55,1.00
2014.06.02 07:15:22.238,0.91856,0.91879,2.55,1.00
2014.06.02 07:15:22.756,0.9186,0.91878,1.05,1.00
2014.06.02 07:15:22.985,0.9186,0.91878,1.80,1.00
2014.06.02 07:15:26.109,0.9186,0.91878,1.80,1.00
2014.06.02 07:15:27.865,0.9186,0.91879,1.80,1.00
2014.06.02 07:15:27.966,0.9186,0.91879,1.05,1.00
2014.06.02 07:15:29.031,0.91858,0.91879,1.68,1.00
2014.06.02 07:15:29.730,0.91858,0.91879,1.68,1.00
2014.06.02 07:15:34.904,0.91859,0.91879,1.05,1.00
2014.06.02 07:15:37.834,0.9186,0.91879,1.05,1.00
2014.06.02 07:15:38.363,0.9186,0.91878,1.05,1.00
2014.06.02 07:15:40.804,0.9186,0.91878,1.05,1.00
2014.06.02 07:15:43.885,0.9186,0.91878,1.05,1.00
2014.06.02 07:15:46.856,0.9186,0.91878,1.05,1.00
2014.06.02 07:15:49.604,0.9186,0.91878,1.80,1.00
2014.06.02 07:15:50.116,0.91861,0.91879,1.75,1.00
2014.06.02 07:15:50.836,0.91861,0.91883,2.25,1.50
2014.06.02 07:15:52.624,0.91861,0.91883,3.00,1.50
2014.06.02 07:15:55.347,0.91861,0.91879,2.25,1.00
2014.06.02 07:15:56.154,0.91861,0.91878,2.25,1.00
2014.06.02 07:16:01.655,0.91861,0.91879,2.25,1.00
2014.06.02 07:16:02.425,0.91861,0.91878,2.55,1.00
2014.06.02 07:16:04.065,0.91861,0.91878,1.43,1.00
2014.06.02 07:16:04.738,0.91861,0.91879,1.43,1.00
2014.06.02 07:16:07.144,0.91861,0.91879,1.80,1.00
2014.06.02 07:16:10.085,0.91862,0.91878,1.75,1.00
2014.06.02 07:16:10.678,0.91862,0.91878,1.75,1.00
2014.06.02 07:16:13.054,0.91862,0.91879,1.75,1.00
2014.06.02 07:16:13.559,0.91863,0.91878,1.50,1.00
2014.06.02 07:16:13.934,0.91867,0.91883,1.00,1.00
2014.06.02 07:16:14.624,0.91866,0.91884,1.00,1.00
2014.06.02 07:16:14.675,0.91863,0.91878,1.50,1.00
2014.06.02 07:16:20.246,0.91871,0.91885,1.00,1.50
2014.06.02 07:16:20.564,0.91871,0.91888,1.00,1.50
2014.06.02 07:16:24.314,0.91872,0.91888,1.00,2.25
2014.06.02 07:16:24.874,0.91871,0.91888,1.00,1.50
2014.06.02 07:16:25.459,0.91871,0.9189,1.00,1.50
2014.06.02 07:16:26.195,0.91872,0.9189,1.00,1.50
2014.06.02 07:16:28.118,0.91871,0.9189,1.00,1.50
2014.06.02 07:16:31.074,0.91871,0.91889,1.00,1.50
2014.06.02 07:16:31.891,0.91871,0.91888,1.00,1.00
2014.06.02 07:16:35.154,0.91866,0.91888,1.00,1.00
2014.06.02 07:16:35.765,0.91867,0.91888,1.00,1.00
2014.06.02 07:16:41.114,0.91862,0.91883,1.30,1.00
2014.06.02 07:16:42.560,0.91862,0.91883,1.30,1.00
2014.06.02 07:16:43.824,0.91861,0.91879,1.30,1.00
2014.06.02 07:16:44.363,0.91861,0.91879,1.30,1.00
2014.06.02 07:16:45.488,0.91861,0.91879,1.30,1.00
2014.06.02 07:16:45.991,0.91861,0.91879,1.30,1.00
2014.06.02 07:16:46.532,0.91862,0.91878,1.30,1.00
2014.06.02 07:16:48.623,0.91861,0.91879,1.30,1.00
2014.06.02 07:16:53.136,0.91862,0.91878,1.30,1.00
2014.06.02 07:16:53.938,0.91862,0.91878,1.30,1.00
2014.06.02 07:17:00.316,0.91861,0.91879,1.30,1.00
2014.06.02 07:17:00.776,0.91861,0.91879,1.00,1.00
2014.06.02 07:17:01.531,0.91862,0.91878,1.00,1.00
2014.06.02 07:17:03.173,0.91861,0.91879,1.00,1.00
2014.06.02 07:17:03.682,0.91861,0.91878,1.00,1.00
2014.06.02 07:17:04.056,0.91866,0.91881,1.00,2.25
2014.06.02 07:17:04.827,0.91862,0.91878,1.00,1.00
2014.06.02 07:17:06.803,0.91856,0.91874,1.05,1.00
2014.06.02 07:17:07.136,0.91862,0.91878,1.00,1.00
2014.06.02 07:17:07.287,0.91857,0.91874,1.00,1.00
2014.06.02 07:17:08.673,0.91861,0.91879,1.00,1.00
2014.06.02 07:17:09.366,0.91862,0.91878,1.00,1.00
2014.06.02 07:17:10.177,0.91857,0.91874,1.00,1.00
2014.06.02 07:17:15.634,0.91861,0.91879,1.00,1.00
2014.06.02 07:17:18.285,0.91866,0.91882,1.00,1.00
2014.06.02 07:17:18.436,0.91862,0.91881,1.00,1.50
2014.06.02 07:17:18.663,0.91862,0.91883,1.00,1.50
2014.06.02 07:17:18.796,0.91862,0.91881,1.00,1.50
2014.06.02 07:17:19.195,0.91861,0.91879,1.00,1.00
2014.06.02 07:17:20.343,0.91858,0.91878,1.00,1.00
2014.06.02 07:17:20.922,0.91858,0.91877,1.00,1.50
2014.06.02 07:17:24.416,0.91862,0.91878,1.00,1.00
2014.06.02 07:17:25.803,0.91856,0.91879,1.65,1.00
2014.06.02 07:17:26.175,0.91856,0.91877,1.05,1.00
2014.06.02 07:17:26.647,0.91851,0.91874,2.78,1.00
2014.06.02 07:17:26.821,0.91857,0.91877,1.00,1.00
2014.06.02 07:17:27.334,0.91857,0.91878,1.00,1.00
2014.06.02 07:17:27.384,0.91862,0.91878,1.00,1.00
2014.06.02 07:17:27.806,0.91866,0.91881,1.00,1.00
2014.06.02 07:17:27.907,0.91862,0.91879,1.00,1.50
2014.06.02 07:17:30.139,0.91861,0.91879,1.00,1.50
2014.06.02 07:17:30.793,0.91866,0.91879,1.00,1.50
2014.06.02 07:17:30.894,0.91866,0.91881,1.00,1.00
2014.06.02 07:17:30.995,0.91866,0.91884,1.00,3.00
2014.06.02 07:17:34.871,0.91867,0.91883,1.00,1.00
2014.06.02 07:17:35.374,0.91867,0.91882,1.00,1.50
2014.06.02 07:17:39.992,0.91867,0.91883,1.00,2.25
2014.06.02 07:17:51.672,0.91861,0.91879,1.00,1.00
2014.06.02 07:17:57.812,0.91867,0.91882,1.00,1.00
2014.06.02 07:18:06.153,0.91862,0.91878,1.00,1.00
2014.06.02 07:18:13.882,0.91866,0.9188,1.00,1.00
2014.06.02 07:18:16.082,0.91862,0.91878,1.00,1.00
2014.06.02 07:18:18.831,0.91866,0.9188,1.00,1.00
2014.06.02 07:18:34.846,0.91866,0.91881,1.00,1.00
2014.06.02 07:18:35.367,0.91866,0.91882,1.00,1.00
2014.06.02 07:18:36.027,0.91867,0.91883,1.00,1.00
2014.06.02 07:18:37.150,0.91866,0.91884,1.00,2.25
2014.06.02 07:18:42.870,0.91862,0.91878,1.00,1.00
2014.06.02 07:18:47.822,0.91861,0.91879,1.00,1.00
2014.06.02 07:18:53.301,0.91862,0.91878,1.00,1.00
2014.06.02 07:18:54.131,0.91856,0.91874,1.65,1.00
2014.06.02 07:18:55.122,0.91862,0.91878,1.00,1.00
2014.06.02 07:18:55.891,0.91861,0.91879,1.00,1.00
2014.06.02 07:19:03.700,0.91862,0.91878,1.00,1.00
2014.06.02 07:19:05.351,0.91858,0.91874,1.50,1.00
2014.06.02 07:19:05.913,0.91854,0.91873,1.80,1.00
2014.06.02 07:19:06.166,0.91852,0.91868,1.43,1.00
2014.06.02 07:19:06.738,0.91851,0.91869,1.30,1.00
2014.06.02 07:19:09.553,0.91846,0.91864,1.90,1.00
2014.06.02 07:19:09.941,0.91842,0.91863,1.43,1.00
2014.06.02 07:19:10.443,0.91841,0.91864,2.55,1.00
2014.06.02 07:19:11.103,0.91841,0.91864,2.55,1.00
2014.06.02 07:19:11.669,0.91846,0.91864,1.05,1.00
2014.06.02 07:19:13.289,0.91847,0.91863,1.00,1.00
2014.06.02 07:19:14.834,0.91847,0.91868,1.00,1.88
2014.06.02 07:19:15.424,0.91847,0.91863,1.00,1.00
2014.06.02 07:19:15.731,0.91841,0.91859,1.30,1.00
2014.06.02 07:19:15.832,0.91847,0.91863,1.00,1.00
2014.06.02 07:19:18.360,0.91847,0.91868,1.13,1.00
2014.06.02 07:19:18.571,0.91845,0.91863,1.43,1.00
2014.06.02 07:19:19.469,0.91845,0.91863,1.05,1.00
2014.06.02 07:19:20.273,0.91846,0.91869,1.00,1.00
2014.06.02 07:19:20.394,0.91845,0.91864,1.05,1.00
2014.06.02 07:19:20.774,0.91842,0.91859,1.30,1.00
2014.06.02 07:19:21.788,0.91842,0.91859,1.30,1.00
2014.06.02 07:19:25.109,0.91838,0.91854,1.65,1.00
2014.06.02 07:19:26.122,0.91837,0.91854,2.40,1.00
2014.06.02 07:19:28.408,0.91841,0.91859,1.30,1.00
2014.06.02 07:19:39.652,0.91841,0.91859,1.30,1.00
2014.06.02 07:19:44.610,0.91842,0.91858,1.80,1.00
2014.06.02 07:19:45.180,0.91842,0.91858,1.80,1.00
2014.06.02 07:19:47.893,0.91842,0.91858,1.80,1.00
2014.06.02 07:19:49.558,0.91841,0.91859,1.30,1.00
2014.06.02 07:19:52.272,0.91842,0.91859,1.30,1.00
2014.06.02 07:19:57.121,0.91842,0.91859,1.30,1.00
2014.06.02 07:20:02.764,0.91843,0.91858,1.30,1.00
2014.06.02 07:20:06.374,0.91843,0.91858,1.30,1.00
2014.06.02 07:20:06.875,0.91843,0.91859,1.30,1.00
2014.06.02 07:20:08.937,0.91842,0.91859,1.30,1.00
2014.06.02 07:20:09.632,0.91842,0.91859,1.30,1.00
2014.06.02 07:20:10.441,0.91842,0.91858,1.80,1.00
2014.06.02 07:20:11.985,0.91844,0.91858,1.30,1.00
2014.06.02 07:20:13.996,0.91844,0.91859,1.30,1.00
2014.06.02 07:20:14.512,0.91844,0.91858,1.30,1.00
2014.06.02 07:20:15.936,0.91844,0.91859,1.30,1.00
2014.06.02 07:20:16.201,0.91844,0.91863,1.30,1.00
2014.06.02 07:20:16.732,0.91841,0.91864,1.30,1.00
2014.06.02 07:20:16.860,0.91847,0.91866,1.00,1.00
2014.06.02 07:20:16.961,0.91847,0.91868,1.00,1.00
2014.06.02 07:20:21.871,0.91846,0.91869,1.88,1.00
2014.06.02 07:20:24.787,0.91847,0.91868,1.00,1.00
2014.06.02 07:20:25.113,0.91851,0.91874,1.00,1.50
2014.06.02 07:20:26.654,0.91852,0.91873,1.00,1.00
2014.06.02 07:20:42.380,0.91856,0.91874,1.00,1.00
2014.06.02 07:20:55.071,0.91857,0.91873,1.00,1.00
2014.06.02 07:20:56.391,0.91851,0.91869,1.00,1.00
2014.06.02 07:20:57.050,0.91852,0.91868,1.00,1.00
2014.06.02 07:21:00.571,0.91851,0.91869,1.00,1.00
2014.06.02 07:21:08.739,0.91856,0.91874,1.00,1.00
2014.06.02 07:21:09.348,0.91851,0.91869,1.00,1.00
2014.06.02 07:21:13.586,0.91852,0.91868,1.00,1.00
2014.06.02 07:21:15.341,0.91857,0.91873,1.00,1.00
2014.06.02 07:21:18.419,0.91853,0.91869,1.00,1.00
2014.06.02 07:21:19.035,0.91851,0.91869,1.38,1.00
2014.06.02 07:21:19.542,0.91853,0.91869,1.00,1.00
2014.06.02 07:21:21.863,0.91856,0.91874,1.00,1.00
2014.06.02 07:21:22.549,0.91857,0.91873,1.00,1.00
2014.06.02 07:21:22.899,0.91855,0.91868,1.00,1.00
2014.06.02 07:21:23.105,0.91855,0.91874,1.00,1.00
2014.06.02 07:21:23.312,0.91856,0.91879,1.00,1.00
2014.06.02 07:21:23.607,0.91858,0.91879,1.00,1.00
2014.06.02 07:21:24.108,0.91858,0.91874,1.00,1.00
2014.06.02 07:21:24.174,0.91858,0.91878,1.00,1.00
2014.06.02 07:21:24.861,0.91858,0.91879,1.00,1.00
2014.06.02 07:21:25.523,0.91858,0.91878,1.00,1.00
2014.06.02 07:21:27.804,0.91858,0.91879,1.00,1.00
2014.06.02 07:21:30.442,0.91856,0.91879,1.00,1.00
2014.06.02 07:21:30.944,0.91857,0.91878,1.00,1.00
2014.06.02 07:21:36.874,0.91856,0.91879,1.00,1.00
2014.06.02 07:21:40.060,0.91862,0.91883,1.00,3.38
2014.06.02 07:21:42.380,0.91857,0.91878,1.50,1.00
2014.06.02 07:21:42.724,0.91862,0.91883,1.00,1.00
2014.06.02 07:21:44.569,0.91857,0.91879,1.00,1.00
2014.06.02 07:21:44.898,0.91861,0.91884,1.00,2.25
2014.06.02 07:21:46.879,0.91857,0.91878,1.50,1.00
2014.06.02 07:21:47.102,0.91861,0.91883,1.00,1.50
2014.06.02 07:21:47.662,0.91861,0.91884,1.00,1.00
2014.06.02 07:21:49.079,0.91857,0.91879,1.00,1.00
2014.06.02 07:21:51.059,0.91862,0.91883,1.00,1.00
2014.06.02 07:21:52.789,0.91861,0.91884,1.00,1.00
2014.06.02 07:21:53.373,0.91862,0.91883,1.00,1.00
2014.06.02 07:22:00.380,0.91861,0.91884,1.00,1.00
2014.06.02 07:22:03.922,0.91867,0.91883,1.00,1.00
2014.06.02 07:22:05.901,0.91861,0.91884,1.00,1.00
2014.06.02 07:22:11.822,0.91866,0.91884,1.00,2.25
2014.06.02 07:22:12.939,0.91866,0.91884,1.00,1.38
2014.06.02 07:22:13.147,0.91861,0.91879,1.00,1.00
2014.06.02 07:22:13.410,0.91857,0.91873,1.00,1.00
2014.06.02 07:22:13.760,0.91856,0.91879,1.00,1.50
2014.06.02 07:22:14.101,0.91851,0.91868,1.13,1.00
2014.06.02 07:22:14.302,0.91851,0.91874,1.00,1.50
2014.06.02 07:22:14.908,0.91851,0.91873,1.00,1.50
2014.06.02 07:22:15.094,0.91848,0.91868,1.38,1.00
2014.06.02 07:22:15.401,0.91851,0.91873,1.00,1.50
2014.06.02 07:22:16.849,0.91848,0.91868,1.00,1.00
2014.06.02 07:22:17.159,0.91851,0.91874,1.00,3.00
2014.06.02 07:22:19.909,0.91857,0.91873,1.00,1.00
2014.06.02 07:22:22.349,0.91851,0.91874,1.00,1.00
2014.06.02 07:22:22.992,0.91852,0.91873,1.00,1.00
2014.06.02 07:22:27.849,0.91857,0.91873,1.00,2.25
2014.06.02 07:22:30.599,0.91852,0.91873,1.00,1.00
2014.06.02 07:22:32.337,0.91847,0.91868,1.13,1.00
2014.06.02 07:22:35.899,0.91851,0.91869,1.00,1.00
2014.06.02 07:22:36.457,0.91857,0.91873,1.00,1.00
2014.06.02 07:22:39.597,0.91852,0.91868,1.00,1.00
2014.06.02 07:22:39.839,0.91847,0.91868,2.25,1.00
2014.06.02 07:22:43.598,0.91847,0.91868,1.38,1.00
2014.06.02 07:22:43.905,0.91856,0.91877,1.00,1.00
2014.06.02 07:22:44.106,0.91856,0.91879,1.00,1.00
2014.06.02 07:22:44.437,0.91861,0.91881,1.00,1.00
2014.06.02 07:22:45.622,0.91861,0.91883,1.00,1.50
2014.06.02 07:22:46.859,0.91862,0.91883,1.00,2.25
2014.06.02 07:22:48.467,0.91862,0.9188,1.00,1.13
2014.06.02 07:22:48.653,0.91856,0.91878,1.00,1.00
2014.06.02 07:22:49.179,0.91857,0.91878,1.00,2.63
2014.06.02 07:22:50.197,0.91857,0.91878,1.00,3.38
2014.06.02 07:22:51.398,0.91851,0.91874,1.00,1.00
2014.06.02 07:22:52.004,0.91857,0.91873,1.00,1.00
2014.06.02 07:22:52.537,0.91851,0.91874,1.00,1.00
2014.06.02 07:22:53.638,0.91846,0.91869,1.00,1.00
2014.06.02 07:22:53.949,0.91852,0.91873,1.00,1.00
2014.06.02 07:22:59.371,0.91847,0.91868,1.00,1.00
2014.06.02 07:22:59.678,0.91852,0.91873,1.00,1.00
2014.06.02 07:23:00.126,0.91846,0.91869,1.00,1.00
2014.06.02 07:23:00.570,0.91852,0.91873,1.00,2.25
2014.06.02 07:23:00.888,0.91847,0.91868,1.00,1.00
2014.06.02 07:23:01.889,0.91846,0.91869,1.00,1.00
2014.06.02 07:23:13.370,0.91842,0.91863,1.00,1.00
2014.06.02 07:23:17.100,0.91846,0.91866,1.00,1.88
2014.06.02 07:23:17.250,0.91842,0.91863,1.00,1.00
2014.06.02 07:23:17.350,0.91847,0.91868,1.00,1.38
2014.06.02 07:23:18.438,0.91847,0.91868,1.00,1.00
2014.06.02 07:23:25.172,0.91846,0.91869,1.00,1.00
2014.06.02 07:23:27.892,0.91847,0.91868,1.00,1.00
2014.06.02 07:23:36.267,0.91846,0.91869,1.00,1.00
2014.06.02 07:23:37.007,0.91847,0.91868,1.00,1.00
2014.06.02 07:23:40.446,0.91846,0.91869,1.00,1.00
2014.06.02 07:24:04.405,0.91846,0.91868,1.00,1.50
2014.06.02 07:24:04.456,0.91842,0.91863,1.00,1.00
2014.06.02 07:24:10.088,0.91846,0.91867,1.00,1.88
2014.06.02 07:24:11.575,0.91846,0.91867,1.00,1.88
2014.06.02 07:24:12.805,0.91841,0.91864,1.00,1.00
2014.06.02 07:24:24.025,0.91842,0.91863,1.00,1.00
2014.06.02 07:24:39.840,0.91841,0.91864,1.00,1.00
2014.06.02 07:24:41.556,0.91847,0.91867,1.00,1.88
2014.06.02 07:24:42.874,0.91842,0.91863,1.00,1.00
2014.06.02 07:24:44.854,0.91847,0.91867,1.00,1.50
2014.06.02 07:24:46.308,0.91847,0.91867,1.00,1.88
2014.06.02 07:24:58.185,0.91847,0.91867,1.00,1.50
2014.06.02 07:25:04.294,0.91841,0.91864,1.00,1.00
2014.06.02 07:25:04.423,0.91846,0.91864,1.00,1.00
2014.06.02 07:25:04.649,0.91841,0.91864,1.00,1.00
2014.06.02 07:25:04.827,0.91846,0.91864,1.00,1.00
2014.06.02 07:25:05.089,0.91841,0.91864,1.00,1.00
2014.06.02 07:25:05.589,0.91846,0.91864,1.00,1.00
2014.06.02 07:25:06.138,0.91847,0.91863,1.00,1.00
2014.06.02 07:25:08.047,0.91841,0.91864,1.50,1.00
2014.06.02 07:25:08.610,0.91846,0.91864,1.00,1.00
2014.06.02 07:25:08.819,0.91839,0.91859,1.50,1.00
2014.06.02 07:25:09.499,0.91836,0.91859,1.88,1.00
2014.06.02 07:25:09.550,0.91836,0.91859,1.50,1.00
2014.06.02 07:25:11.466,0.91836,0.91854,1.00,1.00
2014.06.02 07:25:12.105,0.91837,0.91853,1.00,1.00
2014.06.02 07:25:12.590,0.91831,0.91854,1.00,1.00
2014.06.02 07:25:13.112,0.91832,0.91854,1.50,1.00
2014.06.02 07:25:13.660,0.91832,0.91853,1.00,1.00
2014.06.02 07:25:14.465,0.91832,0.91854,1.50,1.00
2014.06.02 07:25:14.840,0.91836,0.91859,1.00,1.00
2014.06.02 07:25:15.505,0.91832,0.91854,1.50,1.00
2014.06.02 07:25:16.127,0.91832,0.91849,1.50,1.00
2014.06.02 07:25:16.228,0.91826,0.91849,1.00,1.00
2014.06.02 07:25:16.774,0.91827,0.91848,2.25,1.00
2014.06.02 07:25:17.112,0.91824,0.91843,1.50,1.00
2014.06.02 07:25:17.212,0.91822,0.91843,1.00,1.00
2014.06.02 07:25:17.415,0.91826,0.91849,1.00,1.00
2014.06.02 07:25:19.512,0.91831,0.91854,1.00,1.00
2014.06.02 07:25:19.838,0.91837,0.91858,1.00,1.50
2014.06.02 07:25:20.141,0.91837,0.91858,1.00,1.00
2014.06.02 07:25:20.581,0.91832,0.91854,1.50,1.00
2014.06.02 07:25:20.798,0.91836,0.91859,1.00,1.00
2014.06.02 07:25:21.784,0.91837,0.91858,1.00,1.00
2014.06.02 07:25:25.076,0.91831,0.91854,2.25,1.00
2014.06.02 07:25:25.601,0.91828,0.91849,1.88,1.00
2014.06.02 07:25:25.938,0.91828,0.91849,1.50,1.00
2014.06.02 07:25:26.388,0.91826,0.91849,1.00,1.00
2014.06.02 07:25:27.887,0.91827,0.91849,1.50,1.00
2014.06.02 07:25:30.360,0.91827,0.91848,2.25,1.00
2014.06.02 07:25:31.128,0.91827,0.91843,2.25,1.00
2014.06.02 07:25:31.629,0.91826,0.91844,1.00,1.00
2014.06.02 07:25:32.141,0.91827,0.91848,1.00,1.00
2014.06.02 07:25:34.096,0.91832,0.91853,1.00,1.50
2014.06.02 07:25:34.398,0.91836,0.91856,1.00,1.50
2014.06.02 07:25:34.449,0.91836,0.91859,1.00,1.00
2014.06.02 07:25:34.550,0.91831,0.91854,2.25,1.00
2014.06.02 07:25:35.087,0.91836,0.91859,1.00,1.00
2014.06.02 07:25:35.590,0.91832,0.91854,1.50,1.00
2014.06.02 07:25:36.106,0.91836,0.91859,1.00,1.00
2014.06.02 07:25:38.611,0.91837,0.91858,1.00,1.00
2014.06.02 07:25:39.139,0.91838,0.91858,1.50,1.00
2014.06.02 07:25:39.687,0.91837,0.91858,1.00,1.00
2014.06.02 07:25:39.823,0.91841,0.91864,1.00,1.00
2014.06.02 07:25:40.396,0.91842,0.91863,1.00,1.00
2014.06.02 07:25:41.867,0.91842,0.91858,1.00,1.00
2014.06.02 07:25:43.142,0.91841,0.91859,1.00,1.00
2014.06.02 07:25:49.543,0.91842,0.91863,1.00,1.00
2014.06.02 07:25:50.117,0.91841,0.91864,1.00,1.00
2014.06.02 07:25:56.819,0.91842,0.91863,1.00,1.00
2014.06.02 07:25:58.796,0.91841,0.91864,1.00,1.00
2014.06.02 07:25:59.935,0.91847,0.91867,1.00,1.50
2014.06.02 07:26:00.693,0.91847,0.91868,1.00,1.00
2014.06.02 07:26:02.101,0.91846,0.91869,1.00,1.13
2014.06.02 07:26:03.714,0.91847,0.91868,1.00,1.00
2014.06.02 07:26:04.374,0.91842,0.91859,1.50,1.00
2014.06.02 07:26:04.966,0.91841,0.91859,1.00,1.00
2014.06.02 07:26:07.535,0.91847,0.91863,1.00,1.00
2014.06.02 07:26:12.866,0.91841,0.91859,1.00,1.00
2014.06.02 07:26:17.136,0.91842,0.91858,1.00,1.00
2014.06.02 07:26:22.685,0.91843,0.91858,1.50,1.00
2014.06.02 07:26:22.872,0.91843,0.91864,1.50,1.00
2014.06.02 07:26:22.923,0.91845,0.91864,1.50,1.00
2014.06.02 07:26:23.406,0.91841,0.91864,1.35,1.00
2014.06.02 07:26:23.507,0.91841,0.91859,1.35,1.00
2014.06.02 07:26:24.093,0.91842,0.91858,1.00,1.00
2014.06.02 07:26:25.555,0.91841,0.91859,1.35,1.00
2014.06.02 07:26:25.894,0.91844,0.91863,1.50,1.00
2014.06.02 07:26:25.945,0.91846,0.91863,1.50,1.00
2014.06.02 07:26:26.327,0.91842,0.91858,1.00,1.00
2014.06.02 07:26:27.123,0.91841,0.91859,2.25,1.00
2014.06.02 07:26:27.772,0.91842,0.91858,1.00,1.00
2014.06.02 07:26:28.875,0.91841,0.91859,2.25,1.00
2014.06.02 07:26:29.532,0.91842,0.91858,1.00,1.00
2014.06.02 07:26:42.347,0.91846,0.91864,1.00,1.00
2014.06.02 07:26:42.569,0.91844,0.91858,1.88,1.00
2014.06.02 07:26:42.721,0.91842,0.91863,1.75,1.00
2014.06.02 07:26:42.790,0.9184,0.91859,1.75,1.00
2014.06.02 07:26:43.216,0.91839,0.91858,1.50,1.00
2014.06.02 07:26:43.454,0.91837,0.91858,1.00,1.00
2014.06.02 07:26:44.327,0.91835,0.91854,1.50,1.00
2014.06.02 07:26:49.858,0.91837,0.91858,1.00,1.00
2014.06.02 07:26:51.640,0.91836,0.91859,1.00,1.00
2014.06.02 07:27:00.304,0.91835,0.91854,1.50,1.00
2014.06.02 07:27:09.608,0.91835,0.91853,1.50,1.00
2014.06.02 07:27:12.160,0.91835,0.91854,1.50,1.00
2014.06.02 07:27:12.738,0.91835,0.91853,1.50,1.00
2014.06.02 07:27:13.549,0.91837,0.91853,1.50,1.00
2014.06.02 07:27:14.600,0.91837,0.91858,2.25,1.00
2014.06.02 07:27:20.088,0.91837,0.91859,1.50,1.00
2014.06.02 07:27:20.700,0.91837,0.91858,2.25,1.00
2014.06.02 07:27:24.145,0.91837,0.91859,1.50,1.00
2014.06.02 07:27:25.134,0.91837,0.91854,1.50,1.00
2014.06.02 07:27:25.371,0.91837,0.91858,2.25,1.00
2014.06.02 07:27:28.344,0.9184,0.91858,1.50,1.00
2014.06.02 07:27:28.865,0.91843,0.91858,1.00,1.00
2014.06.02 07:27:28.966,0.91843,0.91863,1.00,1.00
2014.06.02 07:27:35.666,0.91842,0.91863,2.33,1.00
2014.06.02 07:27:35.864,0.91842,0.91859,1.50,1.00
2014.06.02 07:27:36.618,0.91839,0.91854,1.20,1.00
2014.06.02 07:27:37.229,0.91838,0.91854,1.50,1.00
2014.06.02 07:27:40.832,0.91838,0.91858,1.50,1.00
2014.06.02 07:27:41.519,0.91839,0.91858,1.50,1.00
2014.06.02 07:27:42.032,0.91839,0.91859,1.50,1.00
2014.06.02 07:27:42.133,0.91841,0.91859,1.50,1.00
2014.06.02 07:27:44.130,0.91841,0.91858,1.50,1.00
2014.06.02 07:27:44.453,0.91841,0.91864,2.25,1.00
2014.06.02 07:27:44.563,0.91842,0.91858,1.50,1.00
2014.06.02 07:27:44.783,0.91842,0.91864,1.50,1.00
2014.06.02 07:27:45.154,0.91838,0.91858,1.50,1.00
2014.06.02 07:27:45.810,0.91838,0.91859,1.50,1.00
2014.06.02 07:27:46.584,0.91838,0.91858,1.50,1.00
2014.06.02 07:27:47.193,0.91839,0.91858,1.50,1.00
2014.06.02 07:27:47.791,0.91839,0.91854,1.50,1.00
2014.06.02 07:27:49.293,0.91839,0.91858,1.50,1.00
2014.06.02 07:27:50.102,0.91839,0.91859,1.50,1.00
2014.06.02 07:28:00.342,0.91839,0.91853,1.50,1.00
2014.06.02 07:28:02.833,0.91839,0.91858,1.50,1.00
2014.06.02 07:28:04.397,0.91839,0.91854,1.50,1.00
2014.06.02 07:28:06.462,0.91839,0.91859,1.50,1.00
2014.06.02 07:28:10.340,0.91839,0.91853,1.50,1.00
2014.06.02 07:28:10.440,0.91837,0.91853,2.25,1.00
2014.06.02 07:28:15.372,0.91834,0.91848,1.50,1.00
2014.06.02 07:28:15.701,0.91836,0.91854,1.00,1.00
2014.06.02 07:28:18.562,0.91837,0.91853,1.00,1.00
2014.06.02 07:28:28.113,0.91841,0.91859,1.00,1.00
2014.06.02 07:28:28.846,0.91841,0.91864,1.00,1.00
2014.06.02 07:28:47.127,0.91841,0.91864,1.00,1.60
2014.06.02 07:28:47.177,0.91837,0.91853,1.00,1.00
2014.06.02 07:28:50.908,0.91842,0.91858,1.00,1.00
2014.06.02 07:28:51.337,0.91841,0.91864,1.00,1.50
2014.06.02 07:28:51.712,0.91841,0.91864,1.00,1.00
2014.06.02 07:28:52.808,0.91842,0.91863,1.00,1.00
2014.06.02 07:28:54.132,0.91841,0.91864,2.25,1.00
2014.06.02 07:29:00.061,0.91842,0.91863,1.00,1.00
2014.06.02 07:29:14.820,0.91841,0.91864,1.00,1.00
2014.06.02 07:29:20.582,0.91839,0.91859,1.50,1.00
2014.06.02 07:29:20.708,0.91837,0.91859,1.88,1.00
2014.06.02 07:29:21.171,0.91842,0.91863,1.00,1.00
2014.06.02 07:29:29.385,0.91837,0.91859,1.50,1.00
2014.06.02 07:29:32.941,0.91838,0.91859,1.50,1.00
2014.06.02 07:29:33.539,0.91838,0.91858,1.50,1.00
2014.06.02 07:29:37.240,0.91838,0.91859,1.50,1.00
2014.06.02 07:29:41.441,0.9184,0.91859,1.50,1.00
2014.06.02 07:29:49.910,0.91838,0.91859,1.50,1.00
2014.06.02 07:29:50.606,0.91839,0.91859,1.50,1.00
2014.06.02 07:29:52.125,0.91841,0.91859,1.00,1.00
2014.06.02 07:29:56.842,0.91837,0.91858,2.25,1.00
2014.06.02 07:29:56.893,0.9184,0.91858,1.50,1.00
2014.06.02 07:29:57.603,0.91842,0.91863,1.00,1.13
2014.06.02 07:30:00.382,0.91841,0.91864,1.00,1.00
2014.06.02 07:30:02.134,0.91846,0.91869,1.00,1.00
2014.06.02 07:30:02.476,0.91841,0.91864,1.00,1.00
2014.06.02 07:30:02.868,0.91843,0.91864,1.50,1.00
2014.06.02 07:30:02.969,0.91841,0.91864,1.00,1.00
2014.06.02 07:30:06.147,0.91841,0.91859,1.50,1.00
2014.06.02 07:30:12.878,0.91841,0.91858,1.50,1.00
2014.06.02 07:30:13.487,0.91841,0.91859,1.50,1.00
2014.06.02 07:30:14.425,0.9184,0.91859,1.50,1.00
2014.06.02 07:30:18.392,0.91842,0.91858,1.50,1.00
2014.06.02 07:30:20.563,0.91842,0.91854,1.50,1.00
2014.06.02 07:30:21.086,0.91841,0.91854,1.50,1.00
2014.06.02 07:30:21.136,0.91843,0.91859,1.50,1.00
2014.06.02 07:30:21.747,0.91842,0.91859,1.50,1.00
2014.06.02 07:30:23.064,0.91842,0.91864,1.50,1.00
2014.06.02 07:30:26.124,0.91841,0.91864,1.00,1.00
2014.06.02 07:30:26.174,0.91839,0.91858,1.50,1.00
2014.06.02 07:30:26.700,0.91842,0.91858,1.50,1.00
2014.06.02 07:30:39.613,0.91841,0.91854,1.50,1.00
2014.06.02 07:30:40.244,0.9184,0.91854,1.50,1.00
2014.06.02 07:30:45.881,0.91842,0.91858,1.00,1.00
2014.06.02 07:30:46.404,0.91841,0.91859,2.25,1.00
2014.06.02 07:30:51.151,0.91846,0.91864,1.00,1.00
2014.06.02 07:30:59.383,0.91842,0.91863,2.25,1.00
2014.06.02 07:31:00.652,0.91846,0.91864,1.00,1.50
2014.06.02 07:31:01.063,0.91842,0.91858,1.00,1.00
2014.06.02 07:31:07.459,0.91847,0.91863,1.00,1.00
2014.06.02 07:31:12.831,0.91842,0.91859,1.50,1.00
2014.06.02 07:31:13.070,0.91842,0.91863,1.00,1.00
2014.06.02 07:31:13.601,0.91841,0.91864,1.00,1.13
2014.06.02 07:31:13.863,0.91842,0.91858,1.00,1.00
2014.06.02 07:31:16.281,0.91841,0.91859,1.00,1.00
2014.06.02 07:31:18.503,0.91842,0.91858,1.00,1.00
2014.06.02 07:31:27.852,0.91841,0.91859,1.00,1.00
2014.06.02 07:31:28.173,0.91847,0.91863,1.00,1.75
2014.06.02 07:31:28.734,0.91842,0.91858,1.00,1.00
2014.06.02 07:31:28.844,0.91847,0.91863,1.00,1.75
2014.06.02 07:31:29.750,0.91847,0.91863,1.00,1.00
2014.06.02 07:31:31.596,0.91847,0.91868,1.00,1.00
2014.06.02 07:31:31.859,0.91842,0.91863,2.25,1.00
2014.06.02 07:31:32.281,0.91846,0.91869,1.00,1.00
2014.06.02 07:31:36.011,0.91847,0.91868,1.00,1.00
2014.06.02 07:31:36.565,0.91851,0.9187,1.00,1.20
2014.06.02 07:31:37.120,0.91856,0.91872,1.00,2.33
2014.06.02 07:31:37.171,0.91856,0.91872,1.00,1.00
2014.06.02 07:31:37.323,0.91856,0.91874,1.00,1.50
2014.06.02 07:31:37.431,0.91847,0.91868,1.00,1.00
2014.06.02 07:31:41.290,0.91842,0.91863,1.00,1.00
2014.06.02 07:31:41.857,0.91847,0.91867,1.00,1.00
2014.06.02 07:31:42.284,0.91842,0.91863,1.00,1.00
2014.06.02 07:31:45.641,0.91842,0.91858,1.00,1.00
2014.06.02 07:31:45.868,0.91841,0.91864,1.00,1.00
2014.06.02 07:31:46.081,0.91842,0.91858,1.00,1.00
2014.06.02 07:31:46.411,0.91841,0.91864,1.00,1.00
2014.06.02 07:31:46.631,0.91842,0.91858,1.00,1.00
2014.06.02 07:31:46.928,0.91842,0.91863,1.00,1.00
2014.06.02 07:31:47.086,0.91841,0.91859,1.00,1.00
2014.06.02 07:31:47.401,0.91838,0.91859,1.50,1.00
2014.06.02 07:31:47.621,0.91842,0.91858,1.00,1.00
2014.06.02 07:31:47.841,0.91836,0.91859,1.13,1.00
2014.06.02 07:31:47.910,0.91838,0.91859,1.50,1.00
2014.06.02 07:31:48.340,0.91836,0.91854,1.13,1.00
2014.06.02 07:31:48.391,0.91838,0.91858,1.50,1.00
2014.06.02 07:31:48.620,0.91838,0.91853,1.50,1.00
2014.06.02 07:31:49.345,0.91837,0.91853,1.00,1.00
2014.06.02 07:31:54.560,0.91837,0.91853,1.75,1.00
2014.06.02 07:31:54.661,0.91842,0.91859,1.50,1.00
2014.06.02 07:31:54.981,0.91837,0.91859,3.00,1.00
2014.06.02 07:31:55.290,0.91837,0.91853,3.75,1.00
2014.06.02 07:31:55.651,0.91837,0.91859,2.25,1.00
2014.06.02 07:31:56.029,0.91836,0.91854,2.25,1.00
2014.06.02 07:31:56.130,0.91836,0.91859,2.25,1.00
2014.06.02 07:31:56.180,0.91838,0.91859,1.50,1.00
2014.06.02 07:31:56.527,0.91836,0.91854,1.00,1.00
2014.06.02 07:31:57.032,0.91837,0.91853,1.00,1.00
2014.06.02 07:32:04.595,0.91836,0.91854,2.25,1.00
2014.06.02 07:32:07.567,0.91842,0.91858,1.00,1.00
2014.06.02 07:32:07.891,0.91837,0.91853,1.00,1.00
2014.06.02 07:32:15.322,0.91836,0.91854,1.00,1.00
2014.06.02 07:32:17.789,0.91837,0.91853,1.00,1.00
2014.06.02 07:32:18.612,0.91833,0.91848,1.88,1.00
2014.06.02 07:32:25.381,0.91836,0.91854,1.00,1.00
2014.06.02 07:32:26.880,0.91833,0.91849,1.50,1.00
2014.06.02 07:32:36.452,0.91833,0.91848,1.88,1.00
2014.06.02 07:32:38.367,0.91832,0.91849,1.68,1.00
2014.06.02 07:32:39.288,0.91832,0.91849,2.10,1.00
2014.06.02 07:32:40.298,0.91836,0.91854,1.00,1.00
2014.06.02 07:32:43.669,0.91837,0.91853,1.00,1.00
2014.06.02 07:32:44.381,0.91832,0.91848,2.85,1.00
2014.06.02 07:32:54.848,0.91833,0.91848,2.10,1.00
2014.06.02 07:32:55.882,0.91836,0.91854,1.00,1.00
2014.06.02 07:32:56.422,0.91834,0.91854,1.38,1.00
2014.06.02 07:32:56.590,0.91834,0.91849,1.38,1.00
2014.06.02 07:32:56.919,0.91834,0.91853,1.38,1.00
2014.06.02 07:32:57.129,0.91834,0.91849,1.38,1.00
2014.06.02 07:32:57.311,0.91834,0.91853,1.38,1.00
2014.06.02 07:32:57.668,0.91834,0.91848,1.38,1.00
2014.06.02 07:32:58.249,0.91834,0.91848,2.25,1.00
2014.06.02 07:32:58.909,0.91834,0.91849,2.25,1.00
2014.06.02 07:32:59.429,0.91836,0.91859,1.50,1.00
2014.06.02 07:32:59.541,0.91836,0.91854,1.50,1.00
2014.06.02 07:32:59.916,0.91834,0.91854,1.00,1.00
2014.06.02 07:32:59.968,0.91831,0.91854,2.55,1.00
2014.06.02 07:33:02.921,0.91831,0.91854,1.88,1.00
2014.06.02 07:33:06.358,0.91832,0.91853,1.00,1.00
2014.06.02 07:33:06.579,0.91831,0.91849,1.13,1.00
2014.06.02 07:33:06.799,0.91831,0.91854,1.88,1.00
2014.06.02 07:33:07.245,0.91831,0.91849,1.13,1.00
2014.06.02 07:33:07.824,0.91831,0.91848,1.13,1.00
2014.06.02 07:33:08.778,0.91832,0.91853,1.00,1.00
2014.06.02 07:33:13.402,0.91831,0.91848,1.50,1.00
2014.06.02 07:33:14.066,0.91831,0.91849,1.50,1.00
2014.06.02 07:33:17.961,0.91829,0.91849,1.50,1.00
2014.06.02 07:33:18.371,0.91826,0.91843,1.50,1.00
2014.06.02 07:33:18.925,0.91825,0.91844,2.33,1.00
2014.06.02 07:33:19.471,0.91825,0.91843,2.25,1.00
2014.06.02 07:33:20.078,0.91825,0.91844,2.25,1.00
2014.06.02 07:33:21.188,0.91823,0.91844,2.40,1.00
2014.06.02 07:33:22.063,0.91823,0.91843,2.40,1.00
2014.06.02 07:33:22.733,0.91824,0.91844,1.75,1.00
2014.06.02 07:33:24.267,0.91825,0.91844,1.75,1.00
2014.06.02 07:33:25.357,0.91826,0.91849,1.50,1.00
2014.06.02 07:33:25.912,0.91825,0.91843,1.75,1.00
2014.06.02 07:33:28.023,0.91826,0.91849,2.25,1.00
2014.06.02 07:33:28.548,0.91828,0.91848,1.38,1.00
2014.06.02 07:33:28.777,0.91834,0.91848,1.00,1.00
2014.06.02 07:33:29.541,0.91834,0.91854,1.00,1.00
2014.06.02 07:33:29.775,0.91839,0.91854,1.75,1.00
2014.06.02 07:33:30.312,0.91839,0.91853,1.75,1.00
2014.06.02 07:33:30.838,0.91839,0.91854,1.75,1.00
2014.06.02 07:33:32.108,0.91839,0.91859,1.75,1.00
2014.06.02 07:33:32.847,0.91841,0.91859,1.50,1.00
2014.06.02 07:33:37.828,0.91841,0.91858,1.50,1.00
2014.06.02 07:33:38.640,0.91841,0.91859,1.50,1.00
2014.06.02 07:33:39.250,0.91841,0.91858,1.00,1.00
2014.06.02 07:33:44.038,0.91841,0.91859,1.00,1.00
2014.06.02 07:33:44.253,0.91844,0.91859,1.00,1.00
2014.06.02 07:33:44.404,0.91844,0.91864,1.00,2.25
2014.06.02 07:33:44.936,0.91845,0.91864,1.00,1.00
2014.06.02 07:33:45.238,0.91843,0.91863,1.00,1.00
2014.06.02 07:33:45.590,0.91843,0.91859,1.00,1.00
2014.06.02 07:33:46.122,0.91843,0.91858,1.00,1.00
2014.06.02 07:33:46.173,0.91843,0.91863,1.00,1.50
2014.06.02 07:33:46.348,0.91843,0.91859,1.00,1.00
2014.06.02 07:33:47.106,0.91841,0.91859,1.75,1.00
2014.06.02 07:33:47.611,0.91841,0.91858,1.75,1.00
2014.06.02 07:33:48.757,0.91838,0.91858,2.25,1.00
2014.06.02 07:33:50.089,0.91838,0.91859,1.75,1.00
2014.06.02 07:33:51.727,0.91839,0.91859,1.00,1.00
2014.06.02 07:33:54.697,0.9184,0.91859,1.00,1.00
2014.06.02 07:33:57.568,0.91836,0.91859,1.00,1.00
2014.06.02 07:33:57.848,0.91834,0.91854,1.13,1.00
2014.06.02 07:33:58.623,0.91832,0.91853,2.63,1.00
2014.06.02 07:33:58.673,0.91832,0.91853,2.25,1.00
2014.06.02 07:33:58.874,0.91832,0.91844,1.50,1.00
2014.06.02 07:33:59.026,0.91826,0.91844,1.38,1.00
2014.06.02 07:33:59.129,0.91832,0.91853,1.00,1.00
2014.06.02 07:33:59.281,0.9183,0.91848,1.50,1.00
2014.06.02 07:33:59.620,0.91832,0.91853,1.00,1.00
2014.06.02 07:34:02.417,0.91832,0.91853,2.63,1.00
2014.06.02 07:34:03.068,0.91831,0.91848,2.25,1.00
2014.06.02 07:34:03.408,0.91832,0.91854,1.88,1.00
2014.06.02 07:34:03.598,0.91832,0.91849,1.88,1.00
2014.06.02 07:34:03.838,0.91832,0.91853,1.38,1.00
2014.06.02 07:34:04.057,0.91831,0.91848,2.25,1.00
2014.06.02 07:34:04.388,0.91831,0.91854,3.00,1.00
2014.06.02 07:34:04.587,0.91831,0.91848,2.25,1.00
2014.06.02 07:34:04.807,0.91831,0.91854,3.00,1.00
2014.06.02 07:34:05.143,0.91831,0.91849,2.25,1.00
2014.06.02 07:34:07.031,0.91831,0.91854,1.75,1.00
2014.06.02 07:34:08.547,0.9183,0.91848,3.00,1.00
2014.06.02 07:34:11.156,0.9183,0.91848,3.00,1.00
2014.06.02 07:34:13.389,0.9183,0.91849,1.75,1.00
2014.06.02 07:34:13.909,0.91829,0.91848,1.75,1.00
2014.06.02 07:34:15.388,0.91829,0.91849,1.75,1.00
2014.06.02 07:34:16.613,0.91832,0.91853,1.00,1.00
2014.06.02 07:34:17.214,0.91831,0.91854,2.63,1.00
2014.06.02 07:34:19.126,0.91832,0.91853,1.13,1.00
2014.06.02 07:34:20.337,0.91831,0.91848,2.25,1.00
2014.06.02 07:34:20.776,0.91831,0.91854,1.50,1.00
2014.06.02 07:34:24.026,0.91831,0.91854,1.75,1.00
2014.06.02 07:34:24.472,0.91832,0.91853,1.00,1.00
2014.06.02 07:34:24.874,0.91826,0.91849,1.38,1.00
2014.06.02 07:34:25.483,0.91826,0.91849,1.00,1.00
2014.06.02 07:34:26.057,0.91827,0.91848,1.00,1.00
2014.06.02 07:34:27.598,0.91832,0.91852,1.00,1.00
2014.06.02 07:34:28.366,0.91827,0.91848,1.00,1.00
2014.06.02 07:34:29.147,0.91826,0.91849,1.13,1.00
2014.06.02 07:34:31.337,0.91827,0.91848,1.00,1.00
2014.06.02 07:34:49.305,0.91826,0.91849,1.13,1.00
2014.06.02 07:34:49.904,0.91826,0.91849,1.38,1.00
2014.06.02 07:34:50.075,0.91831,0.91854,1.00,1.13
2014.06.02 07:34:50.327,0.91826,0.91849,1.38,1.00
2014.06.02 07:34:50.877,0.91827,0.91848,1.13,1.00
2014.06.02 07:34:51.184,0.91824,0.91843,1.50,1.00
2014.06.02 07:34:52.365,0.91823,0.91843,1.38,1.00
2014.06.02 07:34:52.874,0.91827,0.91848,1.00,1.00
2014.06.02 07:35:00.350,0.91826,0.91849,1.13,1.00
2014.06.02 07:35:00.681,0.91825,0.91844,1.50,1.00
2014.06.02 07:35:01.388,0.91825,0.91844,1.00,1.00
2014.06.02 07:35:01.961,0.91822,0.91844,1.75,1.00
2014.06.02 07:35:04.467,0.91822,0.91844,2.25,1.00
2014.06.02 07:35:08.496,0.91822,0.91843,3.00,1.00
2014.06.02 07:35:09.637,0.91822,0.91843,1.88,1.00
2014.06.02 07:35:10.443,0.91822,0.91844,1.38,1.00
2014.06.02 07:35:12.428,0.91823,0.91843,1.38,1.00
2014.06.02 07:35:15.327,0.91826,0.91849,1.00,1.00
2014.06.02 07:35:18.219,0.91826,0.91849,1.38,1.00
2014.06.02 07:35:18.627,0.91832,0.91853,1.00,1.00
2014.06.02 07:35:20.506,0.91833,0.91853,1.00,1.00
2014.06.02 07:35:20.808,0.91837,0.91853,1.00,1.00
2014.06.02 07:35:20.858,0.91834,0.91853,1.00,1.00
2014.06.02 07:35:21.632,0.91834,0.91853,1.38,1.00
2014.06.02 07:35:22.219,0.91832,0.91853,1.00,1.00
2014.06.02 07:35:22.842,0.91828,0.91849,1.50,1.00
2014.06.02 07:35:23.360,0.91827,0.91848,2.25,1.00
2014.06.02 07:35:23.718,0.91827,0.91844,1.00,1.00
2014.06.02 07:35:24.817,0.91827,0.91843,1.00,1.00
2014.06.02 07:35:25.361,0.91827,0.91844,1.00,1.00
2014.06.02 07:35:26.107,0.91825,0.91844,1.50,1.00
2014.06.02 07:35:26.630,0.91825,0.91844,1.00,1.00
2014.06.02 07:35:27.569,0.91825,0.91843,1.00,1.00
2014.06.02 07:35:29.667,0.91825,0.91844,1.00,1.00
2014.06.02 07:35:37.976,0.91822,0.91844,2.63,1.00
2014.06.02 07:35:38.359,0.91822,0.91838,2.25,1.00
2014.06.02 07:35:38.764,0.91817,0.91839,1.00,1.00
2014.06.02 07:35:38.814,0.91817,0.91833,1.00,1.00
2014.06.02 07:35:39.452,0.91814,0.91834,1.38,1.00
2014.06.02 07:35:40.094,0.91812,0.91833,1.75,1.00
2014.06.02 07:35:40.145,0.91816,0.91839,1.13,1.00
2014.06.02 07:35:41.983,0.91817,0.91838,1.00,1.00
2014.06.02 07:35:42.310,0.91812,0.91833,1.38,1.00
2014.06.02 07:35:42.840,0.91815,0.91833,1.00,1.00
2014.06.02 07:35:43.142,0.9182,0.91833,1.00,1.00
2014.06.02 07:35:43.357,0.9182,0.91838,1.00,1.00
2014.06.02 07:35:43.620,0.9182,0.91838,1.50,1.00
2014.06.02 07:35:44.339,0.91822,0.91834,1.38,1.00
2014.06.02 07:35:44.668,0.91822,0.91839,1.38,1.00
2014.06.02 07:35:44.863,0.91818,0.91839,2.55,1.00
2014.06.02 07:35:45.108,0.91818,0.91834,2.55,1.00
2014.06.02 07:35:46.056,0.91819,0.91834,1.43,1.00
2014.06.02 07:35:47.637,0.91819,0.91839,1.43,1.00
2014.06.02 07:35:47.923,0.91822,0.91839,1.00,1.00
2014.06.02 07:35:48.433,0.91824,0.91839,1.75,1.00
2014.06.02 07:35:51.077,0.91824,0.91838,1.75,1.00
2014.06.02 07:35:51.732,0.91824,0.91839,1.75,1.00
2014.06.02 07:35:52.418,0.91824,0.91831,1.38,1.00
2014.06.02 07:35:52.469,0.91822,0.91829,1.00,1.00
2014.06.02 07:35:52.570,0.91816,0.91829,4.13,1.00
2014.06.02 07:35:52.671,0.91825,0.91838,1.75,1.00
2014.06.02 07:35:55.626,0.91824,0.91838,1.75,1.00
2014.06.02 07:35:56.658,0.91821,0.91829,1.00,1.00
2014.06.02 07:35:56.708,0.91818,0.91829,1.50,1.00
2014.06.02 07:35:56.877,0.91818,0.91833,1.38,1.00
2014.06.02 07:35:57.129,0.9182,0.91839,1.00,1.00
2014.06.02 07:35:57.504,0.9182,0.91839,2.25,1.00
2014.06.02 07:35:58.337,0.9182,0.91833,1.75,1.00
2014.06.02 07:35:58.636,0.9182,0.91838,1.75,1.00
2014.06.02 07:35:59.381,0.91819,0.91838,1.05,1.00
2014.06.02 07:36:00.066,0.91818,0.91839,1.05,1.00
2014.06.02 07:36:01.807,0.91818,0.91838,1.05,1.00
2014.06.02 07:36:02.356,0.91817,0.91838,1.80,1.00
2014.06.02 07:36:02.964,0.91817,0.91838,1.80,1.00
2014.06.02 07:36:04.908,0.91816,0.91829,1.30,1.00
2014.06.02 07:36:04.958,0.91811,0.91829,2.25,1.00
2014.06.02 07:36:05.109,0.91812,0.91833,1.75,1.00
2014.06.02 07:36:05.934,0.91812,0.91834,3.00,1.00
2014.06.02 07:36:06.516,0.91814,0.91834,1.75,1.00
2014.06.02 07:36:09.086,0.91816,0.91833,1.75,1.00
2014.06.02 07:36:09.847,0.91816,0.91834,1.75,1.00
2014.06.02 07:36:10.095,0.91816,0.91839,2.25,1.00
2014.06.02 07:36:11.049,0.91816,0.91834,1.75,1.00
2014.06.02 07:36:12.126,0.91814,0.91834,2.55,1.00
2014.06.02 07:36:13.141,0.91814,0.91833,2.55,1.00
2014.06.02 07:36:13.697,0.91814,0.91833,1.05,1.00
2014.06.02 07:36:14.597,0.91814,0.91834,1.05,1.00
2014.06.02 07:36:16.742,0.91812,0.91834,1.68,1.00
2014.06.02 07:36:21.088,0.91812,0.91829,1.43,1.00
2014.06.02 07:36:21.637,0.91812,0.91834,1.43,1.00
2014.06.02 07:36:23.837,0.91812,0.91833,2.18,1.00
2014.06.02 07:36:26.036,0.91812,0.91834,1.43,1.00
2014.06.02 07:36:26.656,0.91812,0.91834,1.43,1.00
2014.06.02 07:36:26.808,0.91817,0.91838,1.00,1.38
2014.06.02 07:36:27.467,0.91817,0.91838,1.00,1.00
2014.06.02 07:36:27.796,0.91816,0.91834,1.13,1.00
2014.06.02 07:36:28.127,0.91816,0.91839,1.88,1.00
2014.06.02 07:36:28.349,0.91816,0.91834,1.13,1.00
2014.06.02 07:36:28.928,0.91816,0.91839,1.88,1.00
2014.06.02 07:36:29.726,0.91817,0.91838,1.00,1.00
2014.06.02 07:36:33.662,0.91815,0.91834,1.00,1.00
2014.06.02 07:36:35.326,0.91815,0.91824,1.00,1.00
2014.06.02 07:36:35.428,0.91811,0.91823,2.25,1.00
2014.06.02 07:36:35.528,0.91811,0.91829,1.43,1.00
2014.06.02 07:36:35.856,0.91812,0.91833,1.00,1.00
2014.06.02 07:36:36.107,0.91812,0.91828,1.00,1.00
2014.06.02 07:36:38.055,0.91812,0.91833,1.88,1.00
2014.06.02 07:36:38.573,0.91812,0.91834,1.13,1.00
2014.06.02 07:36:40.555,0.91812,0.91834,1.75,1.00
2014.06.02 07:36:40.859,0.91819,0.91833,1.00,1.00
2014.06.02 07:36:40.910,0.91816,0.91833,1.38,1.00
2014.06.02 07:36:41.487,0.91813,0.91834,1.80,1.00
2014.06.02 07:36:41.546,0.91813,0.91834,1.43,1.00
2014.06.02 07:36:50.113,0.91813,0.91834,1.43,1.00
2014.06.02 07:36:52.817,0.91814,0.91833,1.80,1.00
2014.06.02 07:36:57.111,0.91814,0.91834,1.80,1.00
2014.06.02 07:37:08.806,0.91814,0.91833,1.80,1.00
2014.06.02 07:37:30.604,0.91814,0.91834,1.80,1.00
2014.06.02 07:38:02.022,0.91814,0.91834,2.63,1.00
2014.06.02 07:38:02.633,0.91817,0.91834,1.00,1.00
2014.06.02 07:38:04.994,0.91817,0.91839,1.38,1.00
2014.06.02 07:38:08.166,0.91819,0.91839,1.00,1.00
2014.06.02 07:38:10.774,0.91816,0.91839,1.38,1.00
2014.06.02 07:38:11.546,0.91817,0.91838,1.00,1.00
2014.06.02 07:38:13.913,0.91817,0.91838,1.38,1.00
2014.06.02 07:38:14.518,0.91816,0.91839,1.38,1.00
2014.06.02 07:38:15.563,0.91817,0.91838,1.38,1.00
2014.06.02 07:38:17.013,0.91817,0.91838,1.00,1.00
2014.06.02 07:38:35.881,0.91817,0.91839,1.00,1.00
2014.06.02 07:38:35.932,0.91819,0.91839,1.00,1.00
2014.06.02 07:38:36.342,0.91821,0.91838,1.00,1.00
2014.06.02 07:38:36.613,0.91821,0.91844,1.50,1.00
2014.06.02 07:38:36.823,0.91821,0.91838,1.00,1.00
2014.06.02 07:38:37.607,0.91821,0.91839,1.00,1.00
2014.06.02 07:38:38.963,0.91821,0.91839,1.38,1.00
2014.06.02 07:38:39.617,0.91821,0.91838,1.38,1.00
2014.06.02 07:38:42.023,0.91821,0.91838,1.13,1.00
2014.06.02 07:38:45.771,0.9182,0.91838,1.13,1.00
2014.06.02 07:38:47.823,0.9182,0.91839,1.13,1.00
2014.06.02 07:38:50.353,0.9182,0.91838,1.00,1.00
2014.06.02 07:38:52.115,0.9182,0.91839,1.13,1.00
2014.06.02 07:38:52.553,0.91821,0.91844,1.00,1.00
2014.06.02 07:38:53.131,0.91821,0.91844,1.50,1.00
2014.06.02 07:38:53.792,0.91821,0.91844,1.75,1.00
2014.06.02 07:38:54.313,0.91822,0.91843,1.50,1.00
2014.06.02 07:38:56.761,0.91822,0.91843,1.75,1.00
2014.06.02 07:38:57.282,0.91821,0.91838,2.25,1.00
2014.06.02 07:39:03.134,0.91822,0.91843,1.75,1.00
2014.06.02 07:39:04.573,0.91822,0.91843,1.75,1.00
2014.06.02 07:39:08.852,0.91821,0.91839,2.25,1.00
2014.06.02 07:39:11.392,0.91821,0.91839,3.00,1.00
2014.06.02 07:39:14.361,0.91821,0.91839,3.00,1.00
2014.06.02 07:39:17.441,0.91821,0.91839,2.25,1.00
2014.06.02 07:39:19.635,0.91821,0.91838,2.25,1.00
2014.06.02 07:39:20.363,0.91821,0.91838,3.00,1.00
2014.06.02 07:39:21.174,0.91821,0.91844,3.75,1.00
2014.06.02 07:39:21.726,0.91822,0.91843,1.75,1.00
2014.06.02 07:39:22.530,0.91821,0.91844,3.75,1.00
2014.06.02 07:39:26.362,0.91821,0.91839,2.25,1.00
2014.06.02 07:39:26.669,0.91821,0.91834,1.75,1.00
2014.06.02 07:39:26.973,0.91811,0.91834,2.63,1.76
2014.06.02 07:39:27.225,0.91812,0.91829,1.88,1.00
2014.06.02 07:39:27.576,0.91812,0.91833,2.63,1.00
2014.06.02 07:39:27.687,0.91812,0.91828,1.88,1.00
2014.06.02 07:39:27.792,0.91812,0.91833,2.63,1.00
2014.06.02 07:39:31.423,0.91812,0.91828,1.50,1.00
2014.06.02 07:39:33.072,0.91812,0.91834,1.50,1.00
2014.06.02 07:39:33.623,0.91809,0.91829,1.50,1.00
2014.06.02 07:39:33.844,0.91812,0.91833,1.00,1.00
2014.06.02 07:39:34.284,0.91809,0.91829,1.50,1.00
2014.06.02 07:39:36.163,0.91807,0.91828,1.75,1.00
2014.06.02 07:39:36.310,0.91807,0.91828,1.38,1.00
2014.06.02 07:39:39.399,0.91807,0.91828,1.50,1.00
2014.06.02 07:39:45.532,0.91809,0.91829,1.88,1.00
2014.06.02 07:39:46.858,0.91809,0.91828,1.88,1.00
2014.06.02 07:39:48.068,0.91809,0.91829,1.88,1.00
2014.06.02 07:39:48.624,0.91809,0.91829,2.25,1.00
2014.06.02 07:39:53.457,0.91809,0.91828,2.25,1.00
2014.06.02 07:39:54.381,0.91809,0.91828,1.88,1.00
2014.06.02 07:39:55.322,0.91809,0.91829,1.88,1.00
2014.06.02 07:39:55.480,0.91808,0.91829,1.00,1.00
2014.06.02 07:39:56.242,0.91808,0.91828,1.00,1.00
2014.06.02 07:39:58.652,0.91808,0.91829,1.00,1.00
2014.06.02 07:40:01.315,0.91808,0.91828,1.00,1.00
2014.06.02 07:40:03.454,0.91808,0.91829,1.00,1.00
2014.06.02 07:40:05.298,0.91807,0.91829,1.50,1.00
2014.06.02 07:40:05.810,0.91807,0.91828,1.50,1.00
2014.06.02 07:40:05.860,0.91807,0.91824,1.50,1.00
2014.06.02 07:40:05.911,0.91804,0.91824,1.00,1.00
2014.06.02 07:40:06.472,0.91805,0.91824,1.50,1.00
2014.06.02 07:40:06.853,0.91807,0.91823,1.00,1.00
2014.06.02 07:40:09.675,0.91806,0.91824,2.25,1.00
2014.06.02 07:40:10.065,0.91802,0.91824,1.50,1.00
2014.06.02 07:40:10.763,0.91802,0.91823,1.00,1.00
2014.06.02 07:40:12.314,0.91801,0.91824,1.50,1.00
2014.06.02 07:40:20.449,0.91802,0.91824,1.50,1.00
2014.06.02 07:40:20.594,0.91806,0.91826,1.00,1.00
2014.06.02 07:40:21.587,0.91802,0.91823,2.25,1.00
2014.06.02 07:40:21.637,0.91806,0.91823,1.50,1.00
2014.06.02 07:40:22.467,0.91807,0.91826,1.00,1.00
2014.06.02 07:40:24.741,0.91807,0.91828,1.00,1.00
2014.06.02 07:40:25.323,0.91806,0.91829,2.25,1.00
2014.06.02 07:40:26.681,0.91811,0.91834,1.00,2.25
2014.06.02 07:40:26.903,0.91811,0.91834,1.00,1.75
2014.06.02 07:40:27.543,0.91812,0.91833,1.00,1.50
2014.06.02 07:40:30.023,0.91812,0.91833,1.00,1.50
2014.06.02 07:40:32.994,0.91812,0.91833,1.00,1.50
2014.06.02 07:40:39.863,0.91808,0.91828,1.50,1.00
2014.06.02 07:40:44.813,0.91812,0.91833,1.00,1.50
2014.06.02 07:40:45.508,0.91812,0.91833,1.00,1.13
2014.06.02 07:40:46.354,0.91807,0.91829,1.50,1.00
2014.06.02 07:40:46.879,0.91806,0.91829,1.13,1.00
2014.06.02 07:40:47.562,0.91807,0.91828,1.00,1.00
2014.06.02 07:40:48.117,0.91806,0.91829,1.13,1.00
2014.06.02 07:40:49.329,0.91806,0.91824,1.88,1.00
2014.06.02 07:40:49.528,0.91802,0.91824,2.63,1.00
2014.06.02 07:40:49.857,0.91806,0.91829,1.00,1.13
2014.06.02 07:40:49.958,0.91808,0.91829,1.50,1.13
2014.06.02 07:40:50.461,0.91808,0.91828,1.50,1.00
2014.06.02 07:40:55.023,0.9181,0.91828,1.50,1.00
2014.06.02 07:40:55.356,0.91811,0.91834,2.25,1.50
2014.06.02 07:40:55.675,0.91811,0.91834,2.25,1.00
2014.06.02 07:40:56.322,0.91812,0.91833,1.00,1.00
2014.06.02 07:40:59.425,0.91809,0.91828,1.38,1.00
2014.06.02 07:40:59.842,0.91812,0.91833,1.00,1.00
2014.06.02 07:41:01.855,0.91811,0.91834,1.00,1.00
2014.06.02 07:41:04.064,0.91811,0.91829,1.00,1.00
2014.06.02 07:41:04.623,0.91812,0.91828,1.00,1.00
2014.06.02 07:41:06.582,0.91809,0.91823,1.00,1.00
2014.06.02 07:41:06.805,0.91811,0.91829,1.00,1.00
2014.06.02 07:41:13.843,0.91812,0.91828,1.00,1.00
2014.06.02 07:41:15.052,0.91811,0.91829,1.00,1.00
2014.06.02 07:41:16.594,0.91812,0.91828,1.00,1.00
2014.06.02 07:41:17.267,0.91811,0.91829,1.00,1.00
2014.06.02 07:41:18.134,0.91812,0.91828,1.00,1.00
2014.06.02 07:41:18.731,0.91811,0.91829,1.00,1.00
2014.06.02 07:41:22.644,0.91812,0.91828,1.00,1.00
2014.06.02 07:41:23.200,0.91811,0.91829,1.00,1.00
2014.06.02 07:41:33.383,0.91812,0.91828,1.00,1.00
2014.06.02 07:41:34.825,0.91811,0.91829,1.00,1.00
2014.06.02 07:41:39.522,0.91811,0.91829,1.50,1.00
2014.06.02 07:41:40.107,0.91812,0.91828,1.13,1.00
2014.06.02 07:41:42.621,0.91811,0.91829,1.50,1.00
2014.06.02 07:41:45.462,0.91811,0.91829,1.13,1.00
2014.06.02 07:41:46.801,0.91812,0.91828,1.00,1.00
2014.06.02 07:41:47.353,0.91811,0.91834,1.13,1.00
2014.06.02 07:41:47.454,0.91811,0.91834,1.75,1.00
2014.06.02 07:41:49.882,0.91812,0.91833,1.50,1.00
2014.06.02 07:41:50.402,0.91811,0.91834,1.50,1.00
2014.06.02 07:41:50.947,0.91812,0.91833,1.13,1.00
2014.06.02 07:41:51.277,0.91816,0.91839,1.00,1.75
2014.06.02 07:41:51.351,0.91811,0.91834,1.50,1.00
2014.06.02 07:41:51.903,0.91817,0.91838,1.00,1.75
2014.06.02 07:41:52.111,0.91817,0.91838,1.00,1.00
2014.06.02 07:41:52.161,0.91821,0.91841,1.00,1.38
2014.06.02 07:41:52.366,0.91817,0.91838,1.00,1.00
2014.06.02 07:41:54.103,0.91821,0.91841,1.00,1.38
2014.06.02 07:41:54.355,0.91816,0.91839,1.00,1.13
2014.06.02 07:41:54.873,0.91817,0.91838,1.00,1.00
2014.06.02 07:41:55.568,0.91817,0.91838,1.00,1.50
2014.06.02 07:41:56.081,0.91816,0.91839,1.00,1.75
2014.06.02 07:41:57.965,0.91816,0.91839,1.00,1.13
2014.06.02 07:41:58.624,0.91817,0.91838,1.00,1.00
2014.06.02 07:41:59.051,0.91821,0.91844,1.00,2.25
2014.06.02 07:41:59.381,0.91816,0.91839,1.00,1.13
2014.06.02 07:42:01.801,0.91817,0.91833,1.00,1.00
2014.06.02 07:42:02.352,0.91816,0.91834,1.00,1.00
2014.06.02 07:42:03.122,0.91816,0.91838,1.00,2.25
2014.06.02 07:42:03.441,0.91816,0.91839,1.00,1.00
2014.06.02 07:42:03.592,0.91816,0.91834,1.00,1.00
2014.06.02 07:42:04.241,0.91817,0.91833,1.00,1.00
2014.06.02 07:42:09.352,0.91817,0.91838,1.00,3.00
2014.06.02 07:42:09.562,0.91816,0.91834,1.00,1.00
2014.06.02 07:42:10.080,0.91817,0.91833,1.00,1.00
2014.06.02 07:42:11.111,0.91816,0.91837,1.00,1.50
2014.06.02 07:42:11.617,0.91817,0.91838,1.00,1.13
2014.06.02 07:42:19.582,0.91817,0.91833,1.00,1.00
2014.06.02 07:42:21.121,0.91817,0.91838,1.00,2.63
2014.06.02 07:42:21.735,0.91816,0.91839,1.00,3.00
2014.06.02 07:42:22.775,0.91816,0.91839,1.00,2.25
2014.06.02 07:42:32.873,0.91817,0.91838,1.00,1.00
2014.06.02 07:42:33.864,0.91816,0.91839,1.00,2.25
2014.06.02 07:42:34.101,0.91817,0.91833,1.00,1.00
2014.06.02 07:42:34.650,0.91817,0.91838,1.00,1.00
2014.06.02 07:42:34.891,0.91826,0.91843,1.00,1.80
2014.06.02 07:42:35.522,0.91826,0.91844,1.00,1.30
2014.06.02 07:42:36.081,0.91821,0.91844,1.00,1.30
2014.06.02 07:42:36.413,0.91821,0.91839,2.25,1.00
2014.06.02 07:42:36.920,0.91822,0.91838,1.00,1.00
2014.06.02 07:42:37.401,0.91821,0.91844,1.00,1.00
2014.06.02 07:42:37.621,0.91821,0.91839,1.00,1.00
2014.06.02 07:42:38.593,0.91822,0.91838,1.00,1.00
2014.06.02 07:42:39.233,0.91821,0.91839,1.00,1.00
2014.06.02 07:42:40.720,0.91822,0.91838,1.00,1.00
2014.06.02 07:42:48.572,0.91821,0.91839,1.00,1.00
2014.06.02 07:42:49.332,0.91822,0.91838,1.00,1.00
2014.06.02 07:42:49.432,0.91821,0.91844,1.00,1.38
2014.06.02 07:42:50.089,0.91821,0.91844,1.00,1.00
2014.06.02 07:42:53.089,0.91822,0.91843,1.00,1.00
2014.06.02 07:42:53.804,0.91821,0.91844,1.00,1.00
2014.06.02 07:42:56.609,0.91822,0.91843,1.00,1.00
2014.06.02 07:42:59.828,0.91827,0.91848,1.00,1.30
2014.06.02 07:43:00.150,0.91832,0.91853,1.00,1.00
2014.06.02 07:43:00.573,0.91831,0.91849,1.13,1.00
2014.06.02 07:43:00.645,0.91827,0.91849,1.50,1.00
2014.06.02 07:43:01.159,0.9183,0.91849,1.00,1.00
2014.06.02 07:43:01.732,0.91831,0.91849,1.13,1.00
2014.06.02 07:43:02.114,0.91827,0.91849,1.50,1.00
2014.06.02 07:43:02.166,0.91831,0.91849,1.13,1.00
2014.06.02 07:43:06.843,0.91831,0.91848,1.13,1.00
2014.06.02 07:43:10.712,0.91827,0.91848,4.13,1.00
2014.06.02 07:43:11.359,0.91827,0.91848,2.63,1.00
2014.06.02 07:43:16.322,0.91832,0.91853,1.00,1.00
2014.06.02 07:43:24.574,0.91831,0.91854,1.00,1.00
2014.06.02 07:43:25.312,0.91831,0.91854,1.60,1.00
2014.06.02 07:43:25.634,0.91837,0.91858,2.25,1.00
2014.06.02 07:43:26.163,0.91836,0.91859,1.00,1.00
2014.06.02 07:43:26.733,0.91836,0.91859,1.38,1.00
2014.06.02 07:43:28.133,0.91837,0.91858,1.13,1.00
2014.06.02 07:43:32.570,0.91837,0.91859,1.50,1.00
2014.06.02 07:43:34.549,0.91837,0.91858,2.55,1.00
2014.06.02 07:43:37.849,0.91841,0.91859,1.00,1.00
2014.06.02 07:43:38.099,0.91842,0.91863,1.60,1.00
2014.06.02 07:43:38.329,0.91846,0.91864,1.00,1.00
2014.06.02 07:43:38.659,0.91841,0.91859,1.73,1.00
2014.06.02 07:43:41.481,0.91842,0.91858,1.35,1.00
2014.06.02 07:43:55.818,0.91847,0.91863,1.00,1.00
2014.06.02 07:43:56.149,0.91846,0.91869,1.00,1.13
2014.06.02 07:43:57.137,0.91843,0.91864,1.30,1.00
2014.06.02 07:44:00.886,0.91842,0.91863,1.73,1.00
2014.06.02 07:44:01.546,0.91841,0.91858,3.98,1.00
2014.06.02 07:44:01.877,0.91841,0.91864,4.73,1.00
2014.06.02 07:44:03.859,0.91841,0.91859,2.63,1.00
2014.06.02 07:44:04.129,0.91839,0.91859,1.80,1.00
2014.06.02 07:44:06.831,0.91837,0.91858,1.68,1.00
2014.06.02 07:44:07.369,0.91836,0.91859,3.30,1.00
2014.06.02 07:44:10.338,0.91837,0.91858,1.43,1.00
2014.06.02 07:44:11.351,0.91836,0.91859,3.68,1.00
2014.06.02 07:44:12.889,0.91837,0.91858,1.43,1.00
2014.06.02 07:44:13.363,0.91836,0.91854,1.68,1.00
2014.06.02 07:44:13.664,0.91836,0.91859,1.68,1.00
2014.06.02 07:44:14.382,0.91836,0.91859,2.18,1.00
2014.06.02 07:44:24.665,0.91837,0.91858,1.43,1.00
2014.06.02 07:44:30.777,0.91842,0.91858,1.00,1.00
2014.06.02 07:44:33.248,0.91842,0.91858,1.75,1.00
2014.06.02 07:44:33.349,0.91846,0.91868,1.00,1.00
2014.06.02 07:44:33.671,0.91851,0.91874,2.25,1.30
2014.06.02 07:44:33.772,0.91851,0.91874,2.25,1.00
2014.06.02 07:44:33.873,0.91861,0.91879,1.00,1.00
2014.06.02 07:44:34.125,0.91861,0.91884,1.00,1.38
2014.06.02 07:44:34.406,0.91861,0.91884,1.00,1.00
2014.06.02 07:44:34.627,0.91862,0.91878,1.00,1.00
2014.06.02 07:44:34.929,0.91857,0.91873,1.73,1.00
2014.06.02 07:44:35.233,0.9186,0.91873,1.50,1.00
2014.06.02 07:44:35.388,0.91857,0.91873,1.73,1.00
2014.06.02 07:44:35.837,0.91862,0.91878,1.00,1.00
2014.06.02 07:44:36.660,0.91862,0.91883,1.00,1.00
2014.06.02 07:44:36.831,0.91862,0.91878,1.00,1.00
2014.06.02 07:44:37.419,0.91859,0.91873,2.10,1.00
2014.06.02 07:44:38.088,0.91857,0.91873,1.13,1.00
2014.06.02 07:44:38.189,0.91854,0.91873,1.00,1.00
2014.06.02 07:44:38.241,0.91852,0.91873,2.25,1.00
2014.06.02 07:44:38.418,0.91852,0.91869,1.50,1.00
2014.06.02 07:44:38.627,0.91854,0.91873,1.50,1.00
2014.06.02 07:44:38.678,0.91852,0.91873,1.00,1.00
2014.06.02 07:44:39.198,0.91851,0.91874,2.25,1.00
2014.06.02 07:44:39.629,0.91851,0.91868,1.50,1.00
2014.06.02 07:44:40.723,0.91851,0.91874,2.25,1.00
2014.06.02 07:44:41.559,0.91851,0.91874,2.63,1.00
2014.06.02 07:44:41.878,0.91857,0.91878,1.00,1.00
2014.06.02 07:44:42.307,0.91857,0.91873,1.00,1.00
2014.06.02 07:44:42.475,0.91847,0.91868,2.25,1.00
2014.06.02 07:44:43.150,0.91851,0.91868,1.00,1.00
2014.06.02 07:44:43.359,0.91852,0.91873,1.38,1.00
2014.06.02 07:44:43.812,0.91856,0.91879,1.00,1.00
2014.06.02 07:44:44.349,0.91857,0.91878,1.00,1.00
2014.06.02 07:44:44.907,0.91857,0.91878,2.25,1.00
2014.06.02 07:44:45.159,0.91861,0.91884,1.00,1.00
2014.06.02 07:44:45.348,0.91858,0.91879,1.88,1.00
2014.06.02 07:44:45.600,0.91861,0.91884,1.00,1.00
2014.06.02 07:44:45.793,0.91857,0.91878,1.50,1.00
2014.06.02 07:44:46.121,0.91856,0.91879,1.00,1.00
2014.06.02 07:44:46.644,0.91852,0.91873,2.25,1.00
2014.06.02 07:44:49.147,0.91852,0.91873,1.88,1.00
2014.06.02 07:44:49.407,0.91861,0.91879,1.00,1.00
2014.06.02 07:44:49.587,0.91856,0.91879,2.85,1.00
2014.06.02 07:44:49.808,0.91855,0.91873,1.00,1.00
2014.06.02 07:44:49.956,0.91853,0.91873,1.00,1.00
2014.06.02 07:44:50.360,0.91856,0.91879,1.00,1.00
2014.06.02 07:44:50.906,0.91857,0.91873,1.00,1.00
2014.06.02 07:44:54.650,0.91856,0.91874,1.00,1.00
2014.06.02 07:44:56.901,0.91857,0.91873,1.00,1.00
2014.06.02 07:44:58.376,0.91856,0.91874,1.00,1.00
2014.06.02 07:45:00.308,0.91857,0.91873,1.00,1.00
2014.06.02 07:45:03.273,0.91856,0.91874,1.00,1.00
2014.06.02 07:45:03.693,0.91861,0.91879,1.00,1.00
2014.06.02 07:45:05.452,0.91857,0.91873,1.00,1.00
2014.06.02 07:45:08.319,0.91861,0.91879,1.00,1.00
2014.06.02 07:45:08.941,0.91862,0.91883,1.00,1.50
2014.06.02 07:45:10.159,0.91862,0.91883,1.00,1.13
2014.06.02 07:45:11.402,0.91861,0.91884,1.00,1.50
2014.06.02 07:45:12.391,0.91862,0.91883,1.00,1.13
2014.06.02 07:45:13.128,0.91862,0.91883,1.00,1.38
2014.06.02 07:45:17.988,0.91861,0.91884,1.00,1.75
2014.06.02 07:45:18.739,0.91861,0.91883,1.00,1.75
2014.06.02 07:45:19.316,0.91857,0.91878,1.00,1.00
2014.06.02 07:45:19.870,0.91856,0.91879,1.00,1.00
2014.06.02 07:45:19.973,0.91862,0.91883,1.00,2.25
2014.06.02 07:45:20.636,0.91856,0.91879,1.00,1.00
2014.06.02 07:45:20.892,0.91862,0.91883,1.00,2.25
2014.06.02 07:45:21.161,0.91862,0.91883,1.00,1.13
2014.06.02 07:45:22.609,0.91861,0.91884,1.00,1.43
2014.06.02 07:45:26.019,0.91859,0.91879,1.50,1.00
2014.06.02 07:45:26.609,0.91862,0.91878,1.00,1.00
2014.06.02 07:45:27.098,0.9186,0.91874,1.50,1.00
2014.06.02 07:45:28.200,0.91858,0.91874,1.50,1.00
2014.06.02 07:45:28.548,0.91858,0.91879,1.50,1.00
2014.06.02 07:45:36.619,0.91861,0.91879,1.00,1.00
2014.06.02 07:45:36.844,0.91857,0.91879,1.00,1.00
2014.06.02 07:45:38.150,0.91862,0.91883,1.00,1.00
2014.06.02 07:45:41.999,0.91857,0.91879,1.00,1.00
2014.06.02 07:45:47.063,0.91862,0.91878,1.00,1.00
2014.06.02 07:45:48.414,0.91857,0.91878,1.00,1.00
2014.06.02 07:45:50.358,0.91856,0.91879,1.00,1.00
2014.06.02 07:45:52.304,0.91857,0.91878,1.00,1.00
2014.06.02 07:45:57.629,0.91861,0.91879,1.00,1.00
2014.06.02 07:45:59.558,0.91857,0.91878,1.35,1.00
2014.06.02 07:46:11.158,0.91861,0.91879,2.25,1.00
2014.06.02 07:46:11.461,0.91857,0.91873,1.00,1.00
2014.06.02 07:46:12.038,0.91861,0.91879,1.00,1.00
2014.06.02 07:46:13.191,0.91857,0.91878,1.00,1.00
2014.06.02 07:46:15.379,0.91862,0.91878,1.00,1.00
2014.06.02 07:46:16.124,0.91856,0.91879,1.00,1.00
2014.06.02 07:46:22.598,0.91857,0.91878,1.00,1.00
2014.06.02 07:46:29.588,0.91856,0.91879,1.00,1.13
2014.06.02 07:46:35.087,0.91857,0.91878,1.00,1.00
2014.06.02 07:46:37.618,0.91856,0.91879,1.00,1.00
2014.06.02 07:46:39.025,0.91856,0.91876,1.00,1.75
2014.06.02 07:46:39.157,0.91851,0.91874,1.00,1.38
2014.06.02 07:46:41.546,0.91851,0.91873,1.00,1.75
2014.06.02 07:46:43.338,0.91856,0.91873,1.00,1.75
2014.06.02 07:46:43.388,0.91856,0.91876,1.00,1.50
2014.06.02 07:46:43.909,0.91851,0.91874,1.00,1.00
2014.06.02 07:46:44.547,0.91852,0.91868,1.00,1.00
2014.06.02 07:46:46.167,0.91852,0.91873,1.00,1.00
2014.06.02 07:46:47.553,0.91851,0.91874,1.00,1.13
2014.06.02 07:46:49.138,0.91848,0.91868,1.50,1.00
2014.06.02 07:46:49.747,0.91847,0.91868,1.00,1.00
2014.06.02 07:46:50.846,0.91846,0.91869,2.25,1.00
2014.06.02 07:46:51.318,0.91846,0.91869,1.60,1.00
2014.06.02 07:46:51.727,0.91852,0.91873,1.00,1.50
2014.06.02 07:46:52.286,0.91851,0.91874,1.00,1.13
2014.06.02 07:46:52.941,0.91848,0.91868,2.10,1.00
2014.06.02 07:46:55.577,0.91851,0.91874,1.00,1.50
2014.06.02 07:46:55.796,0.9185,0.91869,1.50,1.00
2014.06.02 07:46:55.897,0.91846,0.91869,2.25,1.00
2014.06.02 07:46:56.048,0.91851,0.91874,1.00,1.50
2014.06.02 07:46:57.845,0.91852,0.91868,1.00,1.00
2014.06.02 07:46:58.062,0.91846,0.91869,1.00,1.00
2014.06.02 07:46:59.895,0.91852,0.91873,1.00,1.13
2014.06.02 07:47:00.811,0.91847,0.91868,1.00,1.00
2014.06.02 07:47:06.643,0.91852,0.91873,1.00,1.00
2014.06.02 07:47:11.336,0.91851,0.91874,1.00,1.13
2014.06.02 07:47:11.656,0.91851,0.91869,1.00,1.00
2014.06.02 07:47:11.918,0.91847,0.91868,1.00,1.00
2014.06.02 07:47:13.335,0.91851,0.91874,1.00,1.75
2014.06.02 07:47:16.256,0.91851,0.91874,1.00,1.13
2014.06.02 07:47:22.305,0.91851,0.91874,1.00,1.38
2014.06.02 07:47:24.025,0.91847,0.91868,1.00,1.00
2014.06.02 07:47:30.845,0.91851,0.91874,1.00,1.38
2014.06.02 07:47:31.223,0.91851,0.91874,1.00,1.13
2014.06.02 07:47:32.605,0.91852,0.91873,1.00,1.00
2014.06.02 07:47:34.850,0.91851,0.91874,1.00,1.13
2014.06.02 07:47:37.206,0.91851,0.91874,1.00,1.50
2014.06.02 07:47:43.255,0.91851,0.91874,1.00,1.13
2014.06.02 07:47:49.304,0.91851,0.91874,1.00,1.50
2014.06.02 07:47:55.255,0.91851,0.91874,1.00,1.75
2014.06.02 07:47:58.214,0.91851,0.91874,1.00,1.50
2014.06.02 07:48:01.825,0.91846,0.91869,1.00,1.00
2014.06.02 07:48:05.129,0.91847,0.91868,1.00,1.00
2014.06.02 07:48:24.136,0.91847,0.91868,1.00,1.50
2014.06.02 07:48:26.118,0.91847,0.91867,1.00,1.75
2014.06.02 07:48:35.096,0.91846,0.91868,1.00,2.25
2014.06.02 07:48:45.106,0.91847,0.91868,1.00,3.75
2014.06.02 07:48:45.374,0.91841,0.91864,1.00,1.38
2014.06.02 07:48:45.575,0.91846,0.91868,1.00,3.00
2014.06.02 07:48:46.146,0.91842,0.91863,1.00,1.38
2014.06.02 07:48:46.597,0.91846,0.91866,1.00,1.75
2014.06.02 07:48:48.424,0.91842,0.91863,1.00,1.38
2014.06.02 07:48:48.958,0.91842,0.91862,1.00,1.50
2014.06.02 07:48:49.310,0.91836,0.91859,1.00,1.00
2014.06.02 07:48:50.885,0.91837,0.91858,1.00,1.00
2014.06.02 07:48:51.448,0.91836,0.91859,1.00,2.25
2014.06.02 07:48:52.243,0.91836,0.91857,1.00,2.25
2014.06.02 07:48:53.057,0.91836,0.91859,1.00,1.00
2014.06.02 07:48:56.344,0.91837,0.91858,1.00,1.00
2014.06.02 07:48:57.115,0.91836,0.91859,1.00,1.00
2014.06.02 07:48:59.863,0.91837,0.91858,1.00,1.00
2014.06.02 07:49:03.133,0.91837,0.91858,1.38,1.00
2014.06.02 07:49:03.793,0.91837,0.91858,1.00,1.00
2014.06.02 07:49:11.086,0.91836,0.91859,1.00,1.00
2014.06.02 07:49:15.644,0.91842,0.91863,1.00,1.00
2014.06.02 07:49:17.308,0.91841,0.91864,1.00,1.00
2014.06.02 07:49:18.068,0.9184,0.91859,1.13,1.00
2014.06.02 07:49:18.297,0.91841,0.91864,1.00,1.00
2014.06.02 07:49:23.672,0.91843,0.91864,1.00,1.00
2014.06.02 07:49:23.911,0.91846,0.91869,1.00,2.25
2014.06.02 07:49:24.105,0.91852,0.91869,1.00,1.50
2014.06.02 07:49:24.289,0.91852,0.91873,1.00,1.00
2014.06.02 07:49:25.830,0.91851,0.91874,1.00,1.00
2014.06.02 07:49:27.327,0.9185,0.91868,1.00,1.00
2014.06.02 07:49:28.865,0.91851,0.91874,1.00,1.00
2014.06.02 07:49:29.413,0.91852,0.91873,1.00,1.00
2014.06.02 07:49:33.044,0.91856,0.91879,1.00,1.00
2014.06.02 07:49:34.646,0.91852,0.91873,3.38,1.00
2014.06.02 07:49:36.126,0.91852,0.91873,3.00,1.00
2014.06.02 07:49:39.343,0.91847,0.91868,1.38,1.00
2014.06.02 07:49:40.086,0.91847,0.91868,1.00,1.00
2014.06.02 07:49:41.921,0.91846,0.91869,1.50,1.00
2014.06.02 07:49:42.443,0.91847,0.91868,1.00,1.00
2014.06.02 07:49:51.802,0.91844,0.91864,1.50,1.00
2014.06.02 07:49:51.875,0.91841,0.91864,1.13,1.00
2014.06.02 07:49:55.942,0.91842,0.91863,1.00,1.00
2014.06.02 07:49:56.385,0.91842,0.91858,1.00,1.00
2014.06.02 07:50:23.147,0.91842,0.91863,1.00,1.38
2014.06.02 07:50:26.085,0.91842,0.91858,1.00,1.00
2014.06.02 07:50:33.632,0.91838,0.91858,1.50,1.00
2014.06.02 07:50:34.145,0.91836,0.91859,1.00,1.00
2014.06.02 07:50:36.554,0.91841,0.91864,1.00,1.75
2014.06.02 07:50:39.624,0.91841,0.91864,1.00,1.75
2014.06.02 07:50:41.602,0.91847,0.91866,1.00,1.00
2014.06.02 07:50:41.703,0.91847,0.91868,1.00,1.13
2014.06.02 07:50:41.832,0.91844,0.91864,1.50,1.00
2014.06.02 07:50:41.983,0.91841,0.91864,1.00,1.50
2014.06.02 07:50:42.148,0.91847,0.91865,1.00,1.00
2014.06.02 07:50:42.464,0.91847,0.91865,1.00,2.25
2014.06.02 07:50:42.923,0.91846,0.91865,1.00,1.00
2014.06.02 07:50:42.974,0.91846,0.91869,1.00,1.50
2014.06.02 07:50:43.726,0.91846,0.91869,1.00,2.25
2014.06.02 07:50:43.838,0.91841,0.91864,1.00,1.50
2014.06.02 07:50:44.122,0.91846,0.91867,1.00,1.75
2014.06.02 07:50:46.355,0.91852,0.91867,1.00,1.00
2014.06.02 07:50:46.521,0.91852,0.91871,1.00,3.00
2014.06.02 07:50:46.905,0.91846,0.91869,1.00,1.13
2014.06.02 07:50:47.533,0.91846,0.91868,1.00,1.75
2014.06.02 07:50:53.584,0.91846,0.91869,1.00,3.00
2014.06.02 07:50:55.364,0.91851,0.91868,1.00,1.00
2014.06.02 07:50:55.895,0.91851,0.91873,1.00,2.25
2014.06.02 07:50:55.945,0.91847,0.91868,1.00,1.00
2014.06.02 07:50:56.470,0.91846,0.91869,1.00,1.13
2014.06.02 07:50:56.553,0.91846,0.91868,1.00,1.75
2014.06.02 07:50:57.783,0.91841,0.91858,1.00,1.00
2014.06.02 07:50:57.956,0.91838,0.91858,1.00,1.00
2014.06.02 07:50:58.157,0.91841,0.91863,1.00,1.75
2014.06.02 07:50:58.686,0.91842,0.91863,1.00,2.25
2014.06.02 07:50:58.996,0.91847,0.91865,1.00,1.00
2014.06.02 07:51:01.943,0.91847,0.91866,1.00,1.00
2014.06.02 07:51:03.405,0.91851,0.9187,1.00,1.88
2014.06.02 07:51:03.851,0.91846,0.91869,1.00,1.00
2014.06.02 07:51:04.476,0.91846,0.91869,1.00,3.00
2014.06.02 07:51:05.605,0.91852,0.91868,1.00,1.75
2014.06.02 07:51:05.706,0.91852,0.91872,1.00,2.48
2014.06.02 07:51:11.715,0.91852,0.91873,1.00,2.25
2014.06.02 07:51:17.622,0.91852,0.91872,1.00,1.50
2014.06.02 07:51:20.567,0.91846,0.91869,1.00,1.00
2014.06.02 07:51:24.634,0.91846,0.91864,1.00,1.00
2014.06.02 07:51:31.252,0.91847,0.91863,1.00,1.00
2014.06.02 07:51:34.122,0.91847,0.91863,1.00,1.50
2014.06.02 07:51:37.084,0.91846,0.91864,1.00,1.75
2014.06.02 07:51:38.632,0.91846,0.91868,1.00,1.75
2014.06.02 07:51:40.935,0.91856,0.91868,1.00,1.75
2014.06.02 07:51:41.714,0.91856,0.91869,1.00,1.75
2014.06.02 07:51:41.917,0.9186,0.91871,1.00,2.25
2014.06.02 07:51:42.388,0.91857,0.91871,1.00,1.75
2014.06.02 07:51:42.915,0.91856,0.91871,1.00,1.75
2014.06.02 07:51:42.966,0.91856,0.91874,1.00,2.25
2014.06.02 07:51:43.355,0.91851,0.91874,1.00,2.25
2014.06.02 07:51:44.903,0.91851,0.91874,1.00,1.50
2014.06.02 07:51:45.003,0.91857,0.91876,1.00,1.75
2014.06.02 07:51:45.547,0.91864,0.91877,1.00,1.75
2014.06.02 07:51:45.598,0.91866,0.91881,1.00,1.88
2014.06.02 07:51:45.699,0.91861,0.91882,1.00,1.38
2014.06.02 07:51:46.354,0.91867,0.91887,1.00,2.25
2014.06.02 07:51:46.709,0.91867,0.91887,1.00,1.50
2014.06.02 07:51:47.268,0.91866,0.91887,1.00,1.50
2014.06.02 07:51:48.408,0.91867,0.91887,1.00,1.50
2014.06.02 07:51:49.627,0.91867,0.91887,1.00,1.75
2014.06.02 07:51:49.933,0.91872,0.91888,1.00,1.00
2014.06.02 07:51:50.057,0.91872,0.91892,1.00,1.00
2014.06.02 07:51:50.352,0.91872,0.91891,1.00,1.75
2014.06.02 07:51:53.042,0.91871,0.91891,1.00,2.25
2014.06.02 07:51:53.648,0.91871,0.91891,1.00,1.75
2014.06.02 07:51:56.124,0.91866,0.91889,1.00,1.38
2014.06.02 07:51:56.342,0.91871,0.91891,1.00,1.75
2014.06.02 07:51:56.782,0.91867,0.91888,1.00,1.38
2014.06.02 07:51:57.973,0.91867,0.91888,1.00,1.00
2014.06.02 07:51:58.124,0.91871,0.91889,1.00,1.13
2014.06.02 07:51:58.443,0.91877,0.91892,1.00,1.05
2014.06.02 07:51:58.745,0.91877,0.91893,1.00,1.00
2014.06.02 07:51:59.461,0.91876,0.91894,1.00,1.00
2014.06.02 07:51:59.863,0.91872,0.91893,1.00,1.00
2014.06.02 07:52:00.470,0.91871,0.91894,1.00,1.00
2014.06.02 07:52:02.172,0.91876,0.91899,1.00,2.25
2014.06.02 07:52:04.212,0.91876,0.91899,1.00,2.25
2014.06.02 07:52:04.637,0.91881,0.91901,1.00,1.05
2014.06.02 07:52:05.097,0.91881,0.91904,1.00,1.43
2014.06.02 07:52:05.384,0.91886,0.91904,1.00,1.43
2014.06.02 07:52:06.136,0.91887,0.91903,1.00,1.13
2014.06.02 07:52:06.573,0.91881,0.91904,1.00,1.38
2014.06.02 07:52:07.123,0.91882,0.91903,1.00,1.13
2014.06.02 07:52:08.222,0.91886,0.91907,1.00,1.68
2014.06.02 07:52:11.884,0.91887,0.91907,1.00,1.30
2014.06.02 07:52:12.136,0.91881,0.91904,1.00,1.05
2014.06.02 07:52:12.272,0.91881,0.91902,1.00,1.00
2014.06.02 07:52:12.663,0.91881,0.919,1.00,1.00
2014.06.02 07:52:13.125,0.91877,0.91898,1.00,1.00
2014.06.02 07:52:17.382,0.91881,0.91898,1.00,1.00
2014.06.02 07:52:17.432,0.91881,0.91901,1.00,1.13
2014.06.02 07:52:19.142,0.91877,0.91898,1.00,1.00
2014.06.02 07:52:29.622,0.91876,0.91899,1.00,1.00
2014.06.02 07:52:33.020,0.91876,0.91899,1.00,1.88
2014.06.02 07:52:36.041,0.91876,0.91899,1.00,1.88
2014.06.02 07:52:37.664,0.91887,0.91901,1.00,1.00
2014.06.02 07:52:37.765,0.91887,0.91903,1.00,1.05
2014.06.02 07:52:38.017,0.91881,0.91899,1.00,1.00
2014.06.02 07:52:38.864,0.91876,0.91899,2.25,1.00
2014.06.02 07:52:39.102,0.91882,0.91898,1.00,1.00
2014.06.02 07:52:39.301,0.91882,0.91903,1.00,1.80
2014.06.02 07:52:40.390,0.91882,0.91903,1.00,4.05
2014.06.02 07:52:40.692,0.91872,0.91888,1.00,1.00
2014.06.02 07:52:41.103,0.91866,0.91889,1.13,1.00
2014.06.02 07:52:41.442,0.91877,0.91894,1.00,1.88
2014.06.02 07:52:42.165,0.91877,0.91893,1.00,1.50
2014.06.02 07:52:43.371,0.91876,0.91893,1.00,1.50
2014.06.02 07:52:44.094,0.91876,0.91892,1.00,1.50
2014.06.02 07:52:45.351,0.91877,0.91892,1.00,1.50
2014.06.02 07:52:48.111,0.91882,0.91898,1.00,3.75
2014.06.02 07:52:48.413,0.91885,0.91898,1.00,2.55
2014.06.02 07:52:48.465,0.91882,0.91898,1.00,1.05
2014.06.02 07:52:49.191,0.91882,0.91902,1.00,2.55
2014.06.02 07:52:49.953,0.91882,0.91902,1.00,1.05
2014.06.02 07:52:51.642,0.91886,0.91905,1.00,1.05
2014.06.02 07:52:51.843,0.91882,0.91903,1.00,1.68
2014.06.02 07:52:51.894,0.91882,0.91903,1.00,1.43
2014.06.02 07:52:54.641,0.91882,0.91903,1.00,1.80
2014.06.02 07:52:56.051,0.91881,0.91903,1.00,1.05
2014.06.02 07:52:56.413,0.91882,0.91903,1.00,1.05
2014.06.02 07:52:56.604,0.91887,0.91904,1.00,1.80
2014.06.02 07:52:56.706,0.91887,0.91906,1.00,1.38
2014.06.02 07:52:56.857,0.91881,0.91904,1.00,1.00
2014.06.02 07:52:57.591,0.91882,0.91903,1.00,1.00
2014.06.02 07:52:58.130,0.91881,0.91904,1.00,1.00
2014.06.02 07:52:58.634,0.91882,0.91903,1.00,1.00
2014.06.02 07:52:59.139,0.91881,0.91904,1.00,1.00
2014.06.02 07:52:59.370,0.91887,0.91907,1.00,1.10
2014.06.02 07:52:59.975,0.91886,0.91909,1.00,3.38
2014.06.02 07:53:00.364,0.91886,0.91909,1.00,3.38
2014.06.02 07:53:00.561,0.91881,0.91904,1.00,1.00
2014.06.02 07:53:00.890,0.91881,0.91909,1.00,2.63
2014.06.02 07:53:01.144,0.91882,0.91903,1.00,1.00
2014.06.02 07:53:02.347,0.91886,0.91909,1.00,1.13
2014.06.02 07:53:03.440,0.91886,0.91909,1.00,1.38
2014.06.02 07:53:05.841,0.91887,0.91911,1.00,1.75
2014.06.02 07:53:06.317,0.91891,0.91912,1.00,1.75
2014.06.02 07:53:06.421,0.91891,0.91912,1.00,1.75
2014.06.02 07:53:06.655,0.91886,0.91909,1.00,1.00
2014.06.02 07:53:07.544,0.91891,0.91912,1.00,1.75
2014.06.02 07:53:07.863,0.91887,0.91908,1.00,1.00
2014.06.02 07:53:08.083,0.91891,0.91912,1.00,1.75
2014.06.02 07:53:08.334,0.91886,0.91909,1.00,1.00
2014.06.02 07:53:08.632,0.91892,0.91912,1.00,1.75
2014.06.02 07:53:08.851,0.91886,0.91909,1.00,1.00
2014.06.02 07:53:09.073,0.91892,0.91912,1.00,1.75
2014.06.02 07:53:09.290,0.91887,0.91908,1.00,1.00
2014.06.02 07:53:09.624,0.91891,0.91912,1.00,1.75
2014.06.02 07:53:09.882,0.91886,0.91909,1.00,1.00
2014.06.02 07:53:10.061,0.91892,0.91912,1.00,1.75
2014.06.02 07:53:10.281,0.91886,0.91909,1.00,1.00
2014.06.02 07:53:10.612,0.91892,0.91912,1.00,1.75
2014.06.02 07:53:10.832,0.91887,0.91908,1.00,1.00
2014.06.02 07:53:11.050,0.91891,0.91912,1.00,1.75
2014.06.02 07:53:11.402,0.91887,0.91908,1.00,1.00
2014.06.02 07:53:11.601,0.91892,0.91912,1.00,1.75
2014.06.02 07:53:11.821,0.91887,0.91908,1.00,1.00
2014.06.02 07:53:12.061,0.91892,0.91912,1.00,1.75
2014.06.02 07:53:12.370,0.91887,0.91908,2.25,1.00
2014.06.02 07:53:12.590,0.91891,0.91912,1.00,1.50
2014.06.02 07:53:13.131,0.91892,0.91913,1.00,1.75
2014.06.02 07:53:14.558,0.91892,0.91913,1.00,1.38
2014.06.02 07:53:24.066,0.91891,0.91914,1.00,1.88
2014.06.02 07:53:26.649,0.91891,0.91914,1.00,2.25
2014.06.02 07:53:27.394,0.91892,0.91913,1.00,1.50
2014.06.02 07:53:32.066,0.91887,0.91908,1.00,1.00
2014.06.02 07:53:32.171,0.91892,0.91913,1.00,1.50
2014.06.02 07:53:37.393,0.91886,0.91909,1.00,1.00
2014.06.02 07:53:50.617,0.91887,0.91908,1.00,1.00
2014.06.02 07:53:51.608,0.91886,0.91909,1.00,1.13
2014.06.02 07:53:52.132,0.91887,0.91908,1.00,1.00
2014.06.02 07:53:56.839,0.91887,0.91908,1.00,1.60
2014.06.02 07:53:56.889,0.91887,0.91903,1.00,1.00
2014.06.02 07:53:57.141,0.91882,0.91903,1.00,3.00
2014.06.02 07:53:57.647,0.91881,0.91904,1.00,2.25
2014.06.02 07:53:58.153,0.91882,0.91903,1.00,1.75
2014.06.02 07:53:59.569,0.91882,0.91903,1.00,1.75
2014.06.02 07:54:00.088,0.91881,0.91904,1.00,3.75
2014.06.02 07:54:00.623,0.91882,0.91903,1.00,1.75
2014.06.02 07:54:01.219,0.91882,0.91903,1.00,1.50
2014.06.02 07:54:02.387,0.91881,0.91904,1.00,3.00
2014.06.02 07:54:02.488,0.91881,0.91904,1.00,2.25
2014.06.02 07:54:03.417,0.91886,0.91904,1.00,1.50
2014.06.02 07:54:03.468,0.91886,0.91909,1.00,1.50
2014.06.02 07:54:04.101,0.91887,0.91908,1.00,1.00
2014.06.02 07:54:06.932,0.91886,0.91909,1.00,1.13
2014.06.02 07:54:07.330,0.91892,0.91913,1.00,2.25
2014.06.02 07:54:09.220,0.91892,0.91913,1.00,2.25
2014.06.02 07:54:14.851,0.91891,0.91914,1.00,1.75
2014.06.02 07:54:15.073,0.91887,0.91908,1.00,1.00
2014.06.02 07:54:20.357,0.91892,0.91913,1.00,1.50
2014.06.02 07:54:20.890,0.91892,0.91911,1.00,2.25
2014.06.02 07:54:21.121,0.91887,0.91908,1.00,1.38
2014.06.02 07:54:21.222,0.91887,0.91905,1.00,1.50
2014.06.02 07:54:21.888,0.91882,0.91903,1.00,1.00
2014.06.02 07:54:26.864,0.91881,0.91899,1.00,1.00
2014.06.02 07:54:27.240,0.91882,0.91897,1.00,1.50
2014.06.02 07:54:27.791,0.91882,0.91898,1.00,1.00
2014.06.02 07:54:28.323,0.91881,0.91899,1.00,1.50
2014.06.02 07:54:30.778,0.91881,0.91899,1.00,1.75
2014.06.02 07:54:34.189,0.91881,0.91899,1.00,1.75
2014.06.02 07:54:34.240,0.91876,0.91894,1.00,1.00
2014.06.02 07:54:36.319,0.91877,0.91893,1.00,1.00
2014.06.02 07:54:39.400,0.91876,0.91894,1.00,1.00
2014.06.02 07:54:44.059,0.91871,0.91894,1.00,1.00
2014.06.02 07:54:45.380,0.91877,0.91893,1.00,1.00
2014.06.02 07:54:46.823,0.91882,0.91898,1.00,1.50
2014.06.02 07:54:48.158,0.91881,0.91899,1.00,1.75
2014.06.02 07:54:48.599,0.91876,0.91894,1.00,1.00
2014.06.02 07:54:51.868,0.91881,0.91898,1.00,2.25
2014.06.02 07:54:52.859,0.91882,0.919,1.00,2.25
2014.06.02 07:54:53.110,0.91887,0.91903,1.00,1.75
2014.06.02 07:54:53.849,0.91886,0.91904,1.00,1.75
2014.06.02 07:54:54.268,0.91886,0.91907,1.00,1.75
2014.06.02 07:54:57.347,0.91886,0.91908,1.00,3.00
2014.06.02 07:55:00.232,0.91887,0.91908,1.00,3.75
2014.06.02 07:55:00.541,0.91882,0.91903,1.00,1.00
2014.06.02 07:55:00.692,0.91887,0.91906,1.00,2.25
2014.06.02 07:55:01.277,0.91886,0.91904,1.00,1.88
2014.06.02 07:55:01.679,0.91882,0.91903,1.00,1.00
2014.06.02 07:55:02.322,0.91881,0.91904,1.00,1.88
2014.06.02 07:55:02.410,0.91881,0.91904,1.00,2.25
2014.06.02 07:55:03.085,0.91877,0.91898,1.00,1.00
2014.06.02 07:55:04.862,0.91876,0.91899,1.00,1.88
2014.06.02 07:55:05.083,0.91872,0.91893,1.00,1.00
2014.06.02 07:55:05.600,0.91871,0.91894,1.00,1.00
2014.06.02 07:55:05.925,0.91871,0.91888,1.50,1.00
2014.06.02 07:55:05.976,0.91868,0.91888,1.88,1.00
2014.06.02 07:55:06.481,0.91867,0.91888,1.00,1.00
2014.06.02 07:55:07.633,0.91866,0.91889,1.00,1.13
2014.06.02 07:55:10.372,0.91867,0.91888,1.00,1.00
2014.06.02 07:55:13.905,0.91871,0.91889,1.00,1.00
2014.06.02 07:55:16.335,0.91877,0.91893,1.00,1.13
2014.06.02 07:55:20.403,0.91876,0.91894,1.00,1.38
2014.06.02 07:55:25.620,0.91871,0.91894,1.00,1.38
2014.06.02 07:55:25.822,0.91876,0.91894,1.00,2.63
2014.06.02 07:55:26.380,0.91872,0.91888,1.00,1.00
2014.06.02 07:55:26.911,0.91872,0.91887,1.00,1.50
2014.06.02 07:55:27.142,0.91867,0.91883,1.00,1.00
2014.06.02 07:55:28.352,0.91872,0.91888,1.00,1.00
2014.06.02 07:55:28.870,0.91872,0.91888,1.00,1.38
2014.06.02 07:55:29.376,0.91866,0.91884,1.00,1.00
2014.06.02 07:55:30.737,0.91866,0.91884,1.00,1.38
2014.06.02 07:55:35.210,0.91861,0.91884,1.00,1.38
2014.06.02 07:55:35.409,0.91867,0.91886,1.00,1.50
2014.06.02 07:55:35.722,0.91872,0.91885,1.00,1.88
2014.06.02 07:55:39.602,0.91871,0.91885,1.00,1.88
2014.06.02 07:55:44.113,0.91874,0.91885,1.00,1.88
2014.06.02 07:55:44.481,0.91876,0.91888,1.00,1.38
2014.06.02 07:55:44.583,0.91872,0.91888,1.00,1.38
2014.06.02 07:55:44.887,0.91877,0.9189,1.00,1.75
2014.06.02 07:55:44.937,0.91877,0.91896,1.00,2.25
2014.06.02 07:55:45.464,0.91876,0.91897,1.00,1.75
2014.06.02 07:55:46.009,0.91877,0.91898,1.00,1.38
2014.06.02 07:55:46.310,0.91871,0.91894,1.00,1.00
2014.06.02 07:55:46.907,0.91871,0.91894,1.00,1.50
2014.06.02 07:55:48.087,0.91876,0.91896,1.00,2.63
2014.06.02 07:55:49.748,0.91876,0.91897,1.00,2.25
2014.06.02 07:55:57.341,0.91881,0.91897,1.00,2.25
2014.06.02 07:55:58.768,0.91881,0.91896,1.00,1.88
2014.06.02 07:56:00.839,0.91877,0.91896,1.00,1.88
2014.06.02 07:56:01.400,0.91876,0.91897,1.00,3.00
2014.06.02 07:56:11.028,0.91876,0.91897,1.00,2.25
2014.06.02 07:56:11.078,0.91882,0.91897,1.00,2.25
2014.06.02 07:56:12.419,0.91881,0.91898,1.00,1.75
2014.06.02 07:56:14.108,0.91881,0.919,1.00,2.25
2014.06.02 07:56:17.078,0.91881,0.91899,1.00,1.75
2014.06.02 07:56:19.659,0.91882,0.91898,1.00,1.50
2014.06.02 07:56:22.107,0.91881,0.91897,1.00,1.88
2014.06.02 07:56:22.653,0.91882,0.919,1.00,2.25
2014.06.02 07:56:24.418,0.91881,0.919,1.00,3.38
2014.06.02 07:56:25.029,0.91882,0.919,1.00,1.75
2014.06.02 07:56:25.108,0.91882,0.91901,1.00,2.25
2014.06.02 07:56:25.609,0.91881,0.91901,1.00,2.25
2014.06.02 07:56:26.794,0.91876,0.91899,1.00,1.38
2014.06.02 07:56:26.896,0.91876,0.91899,1.00,2.25
2014.06.02 07:56:27.389,0.91882,0.91899,1.00,2.25
2014.06.02 07:56:27.892,0.91881,0.91899,1.00,1.75
2014.06.02 07:56:28.399,0.91882,0.91899,1.00,1.75
2014.06.02 07:56:31.679,0.91881,0.919,1.00,1.75
2014.06.02 07:56:32.669,0.91882,0.91901,1.00,2.25
2014.06.02 07:56:33.657,0.91881,0.91901,1.00,1.75
2014.06.02 07:56:36.134,0.91882,0.91901,1.00,1.75
2014.06.02 07:56:37.137,0.91882,0.91901,1.00,3.00
2014.06.02 07:56:40.434,0.91881,0.91901,1.00,3.00
2014.06.02 07:56:42.959,0.91882,0.919,1.00,1.75
2014.06.02 07:56:43.517,0.91882,0.919,1.00,1.75
2014.06.02 07:56:45.140,0.91881,0.919,1.00,1.75
2014.06.02 07:56:45.436,0.91881,0.919,1.00,1.50
2014.06.02 07:56:46.788,0.91882,0.91902,1.00,1.75
2014.06.02 07:56:48.269,0.91882,0.91902,1.00,2.25
2014.06.02 07:56:51.217,0.91882,0.91901,1.00,1.75
2014.06.02 07:56:53.059,0.91881,0.91901,1.00,1.75
2014.06.02 07:56:54.297,0.91881,0.91901,1.00,1.75
2014.06.02 07:56:57.135,0.91882,0.91901,1.00,1.75
2014.06.02 07:56:57.648,0.91882,0.91901,1.00,1.38
2014.06.02 07:56:58.172,0.91881,0.91901,1.00,1.38
2014.06.02 07:57:02.910,0.91881,0.91903,1.00,2.40
2014.06.02 07:57:03.350,0.91877,0.91898,1.00,1.00
2014.06.02 07:57:03.900,0.91877,0.91898,1.00,1.50
2014.06.02 07:57:04.239,0.91882,0.91902,1.00,2.25
2014.06.02 07:57:04.689,0.91886,0.91902,1.00,1.75
2014.06.02 07:57:04.870,0.91882,0.91902,1.00,1.75
2014.06.02 07:57:04.981,0.91882,0.91903,1.00,1.13
2014.06.02 07:57:05.083,0.91887,0.91906,1.00,1.75
2014.06.02 07:57:05.239,0.91881,0.91904,1.00,1.50
2014.06.02 07:57:06.627,0.91881,0.91904,1.00,1.00
2014.06.02 07:57:07.058,0.91887,0.91907,1.00,1.88
2014.06.02 07:57:08.437,0.91887,0.91905,1.00,1.50
2014.06.02 07:57:09.597,0.91887,0.91905,1.00,1.88
2014.06.02 07:57:11.588,0.91886,0.91907,1.00,2.25
2014.06.02 07:57:12.117,0.91881,0.91904,1.00,1.13
2014.06.02 07:57:12.337,0.91887,0.91905,1.00,1.50
2014.06.02 07:57:12.557,0.91881,0.91904,1.00,1.38
2014.06.02 07:57:12.929,0.91881,0.91902,1.00,2.25
2014.06.02 07:57:13.547,0.91882,0.91902,1.00,3.00
2014.06.02 07:57:14.011,0.91882,0.91903,1.00,1.50
2014.06.02 07:57:14.867,0.91881,0.91902,1.00,1.88
2014.06.02 07:57:15.548,0.91882,0.91903,1.00,1.50
2014.06.02 07:57:16.307,0.91882,0.91903,1.00,3.00
2014.06.02 07:57:16.408,0.91876,0.91899,1.00,1.50
2014.06.02 07:57:16.956,0.91877,0.91898,1.00,1.88
2014.06.02 07:57:17.545,0.91881,0.919,1.00,1.75
2014.06.02 07:57:18.193,0.91882,0.91903,1.00,1.75
2014.06.02 07:57:18.287,0.91882,0.91903,1.00,1.38
2014.06.02 07:57:20.238,0.91881,0.91902,1.00,1.88
2014.06.02 07:57:21.256,0.91881,0.91902,1.00,1.50
2014.06.02 07:57:27.386,0.91876,0.91899,1.00,1.00
2014.06.02 07:57:27.487,0.91881,0.919,1.00,1.50
2014.06.02 07:57:27.588,0.91876,0.91899,1.00,1.00
2014.06.02 07:57:27.928,0.91877,0.91895,1.00,1.50
2014.06.02 07:57:28.346,0.91877,0.91897,1.00,1.75
2014.06.02 07:57:28.398,0.91877,0.91898,1.00,1.00
2014.06.02 07:57:29.010,0.91876,0.91899,1.00,2.25
2014.06.02 07:57:29.559,0.91881,0.91903,1.00,2.63
2014.06.02 07:57:30.069,0.91881,0.91898,1.00,1.50
2014.06.02 07:57:30.878,0.91876,0.91898,1.00,1.50
2014.06.02 07:57:31.976,0.91882,0.91898,1.00,1.50
2014.06.02 07:57:34.914,0.91881,0.91898,1.00,1.50
2014.06.02 07:57:35.907,0.91886,0.91898,1.00,1.50
2014.06.02 07:57:35.958,0.91886,0.91903,1.00,1.50
2014.06.02 07:57:36.225,0.91886,0.91904,1.00,2.25
2014.06.02 07:57:36.877,0.91881,0.91904,1.00,2.25
2014.06.02 07:57:37.079,0.91882,0.91901,1.00,1.75
2014.06.02 07:57:37.388,0.91886,0.919,1.00,1.88
2014.06.02 07:57:38.082,0.91881,0.91901,1.00,1.75
2014.06.02 07:57:38.601,0.91881,0.91901,1.00,1.38
2014.06.02 07:57:38.852,0.91886,0.91905,1.00,3.00
2014.06.02 07:57:39.172,0.91886,0.91905,1.00,1.00
2014.06.02 07:57:39.740,0.91887,0.91907,1.00,1.00
2014.06.02 07:57:40.406,0.91886,0.91908,1.00,1.13
2014.06.02 07:57:41.139,0.91887,0.91908,1.00,1.88
2014.06.02 07:57:42.136,0.91887,0.91908,1.00,1.88
2014.06.02 07:57:42.676,0.91886,0.91908,1.00,1.38
2014.06.02 07:57:43.146,0.91891,0.91908,1.00,1.00
2014.06.02 07:57:43.247,0.91891,0.91911,1.00,1.13
2014.06.02 07:57:43.348,0.91887,0.91908,1.00,1.00
2014.06.02 07:57:43.557,0.91891,0.91907,1.00,1.50
2014.06.02 07:57:44.326,0.91892,0.91908,1.00,2.63
2014.06.02 07:57:44.546,0.91886,0.91908,1.00,1.38
2014.06.02 07:57:48.846,0.91886,0.91908,1.00,2.25
2014.06.02 07:57:48.947,0.91881,0.91904,1.13,1.00
2014.06.02 07:57:49.927,0.91881,0.91903,1.13,1.50
2014.06.02 07:57:53.997,0.91881,0.91904,1.00,1.13
2014.06.02 07:57:54.717,0.91886,0.91905,1.00,1.88
2014.06.02 07:57:54.818,0.91886,0.91907,1.13,1.50
2014.06.02 07:57:54.868,0.91896,0.91907,1.00,1.50
2014.06.02 07:57:54.919,0.91896,0.9191,1.00,2.25
2014.06.02 07:57:55.138,0.91899,0.91917,2.25,1.50
2014.06.02 07:57:55.452,0.91912,0.91927,1.00,3.30
2014.06.02 07:57:55.515,0.91917,0.91929,1.00,1.23
2014.06.02 07:57:55.637,0.91912,0.91929,1.00,1.23
2014.06.02 07:57:55.687,0.91912,0.91925,1.00,1.50
2014.06.02 07:57:55.907,0.91916,0.91932,1.00,1.00
2014.06.02 07:57:56.058,0.91911,0.91933,1.00,3.00
2014.06.02 07:57:56.109,0.91911,0.91925,1.00,1.50
2014.06.02 07:57:56.410,0.91906,0.91925,1.00,1.50
2014.06.02 07:57:56.461,0.91906,0.91922,1.00,1.50
2014.06.02 07:57:56.677,0.91907,0.91924,1.00,1.50
2014.06.02 07:57:56.818,0.91901,0.91924,1.00,2.25
2014.06.02 07:57:57.571,0.91901,0.91923,1.00,1.50
2014.06.02 07:58:08.405,0.91901,0.91921,1.00,1.00
2014.06.02 07:58:08.832,0.91901,0.91919,1.00,1.00
2014.06.02 07:58:09.493,0.91902,0.91919,1.00,1.00
2014.06.02 07:58:09.560,0.91897,0.91918,1.00,1.00
2014.06.02 07:58:11.586,0.91896,0.91919,1.00,1.50
2014.06.02 07:58:14.598,0.91896,0.91917,1.00,1.13
2014.06.02 07:58:15.409,0.91896,0.91919,1.00,1.88
2014.06.02 07:58:15.541,0.91896,0.91919,1.00,1.50
2014.06.02 07:58:15.785,0.91891,0.91914,1.75,1.00
2014.06.02 07:58:16.025,0.91891,0.91914,1.50,1.00
2014.06.02 07:58:16.536,0.91892,0.91913,1.00,1.00
2014.06.02 07:58:17.109,0.91891,0.91914,1.50,1.00
2014.06.02 07:58:17.876,0.91896,0.91918,1.00,1.00
2014.06.02 07:58:18.463,0.91897,0.91918,1.00,1.50
2014.06.02 07:58:20.106,0.91891,0.91914,1.50,1.00
2014.06.02 07:58:20.326,0.91897,0.91917,1.00,1.13
2014.06.02 07:58:21.106,0.91897,0.91918,1.00,1.50
2014.06.02 07:58:28.987,0.91896,0.91918,1.00,1.00
2014.06.02 07:58:30.309,0.91892,0.91913,1.50,1.00
2014.06.02 07:58:30.856,0.91892,0.91909,1.00,1.00
2014.06.02 07:58:31.108,0.91892,0.91913,1.50,1.00
2014.06.02 07:58:31.301,0.91892,0.91908,1.00,1.00
2014.06.02 07:58:31.637,0.91892,0.91914,1.00,1.00
2014.06.02 07:58:31.848,0.91892,0.91909,1.00,1.00
2014.06.02 07:58:31.949,0.91889,0.91909,1.00,1.00
2014.06.02 07:58:32.115,0.91892,0.91913,1.00,1.00
2014.06.02 07:58:32.286,0.91896,0.91915,1.00,1.00
2014.06.02 07:58:32.616,0.91891,0.91914,1.00,1.00
2014.06.02 07:58:36.718,0.91891,0.91913,1.50,1.50
2014.06.02 07:58:37.281,0.91891,0.91914,1.50,1.00
2014.06.02 07:58:37.864,0.91892,0.91914,1.00,1.00
2014.06.02 07:58:38.045,0.91897,0.91915,1.00,1.00
2014.06.02 07:58:38.420,0.91892,0.91913,1.50,1.00
2014.06.02 07:58:38.748,0.91892,0.91908,1.00,1.00
2014.06.02 07:58:38.819,0.91892,0.91912,1.00,1.50
2014.06.02 07:58:38.920,0.91892,0.91914,1.00,1.00
2014.06.02 07:58:39.038,0.91892,0.91908,1.00,1.00
2014.06.02 07:58:39.408,0.91892,0.91913,1.50,1.00
2014.06.02 07:58:39.585,0.91892,0.91908,1.00,1.00
2014.06.02 07:58:40.245,0.91892,0.91909,1.00,1.00
2014.06.02 07:58:40.575,0.91892,0.91913,1.50,1.00
2014.06.02 07:58:40.799,0.91892,0.91908,1.00,1.00
2014.06.02 07:58:41.347,0.91893,0.91909,1.00,1.00
2014.06.02 07:58:41.568,0.91893,0.91914,1.00,1.00
2014.06.02 07:58:41.786,0.91893,0.91909,1.00,1.00
2014.06.02 07:58:42.338,0.91893,0.91913,1.00,1.00
2014.06.02 07:58:42.555,0.91893,0.91908,1.00,1.00
2014.06.02 07:58:43.145,0.91893,0.91914,1.00,1.00
2014.06.02 07:58:43.325,0.91893,0.91908,1.00,1.00
2014.06.02 07:58:43.545,0.91893,0.91914,1.00,1.00
2014.06.02 07:58:43.887,0.91893,0.91908,1.00,1.00
2014.06.02 07:58:44.542,0.91893,0.91909,1.00,1.00
2014.06.02 07:58:46.146,0.91893,0.91914,1.00,1.00
2014.06.02 07:58:46.366,0.91893,0.91908,1.00,1.00
2014.06.02 07:58:46.569,0.91893,0.91914,1.00,1.00
2014.06.02 07:58:46.916,0.91893,0.91909,1.00,1.00
2014.06.02 07:58:47.092,0.91893,0.91914,1.00,1.00
2014.06.02 07:58:47.304,0.91893,0.91908,1.00,1.00
2014.06.02 07:58:47.635,0.91893,0.91914,1.00,1.00
2014.06.02 07:58:47.890,0.91893,0.91908,1.00,1.00
2014.06.02 07:58:48.405,0.91893,0.91914,1.00,1.00
2014.06.02 07:58:48.675,0.91893,0.91908,1.00,1.00
2014.06.02 07:58:49.116,0.91893,0.91913,1.00,1.00
2014.06.02 07:58:49.395,0.91893,0.91909,1.00,1.00
2014.06.02 07:58:49.874,0.91893,0.91913,1.00,1.00
2014.06.02 07:58:50.083,0.91892,0.91909,1.00,1.00
2014.06.02 07:58:50.605,0.91892,0.91913,1.50,1.00
2014.06.02 07:58:50.862,0.91892,0.91909,1.00,1.00
2014.06.02 07:58:51.045,0.91892,0.91913,1.50,1.00
2014.06.02 07:58:52.182,0.91892,0.91914,1.00,1.00
2014.06.02 07:58:53.735,0.91892,0.91908,1.00,1.00
2014.06.02 07:58:54.055,0.91892,0.91913,1.50,1.00
2014.06.02 07:58:55.925,0.91893,0.91913,1.00,1.00
2014.06.02 07:58:56.600,0.91893,0.91914,1.00,1.00
2014.06.02 07:58:59.138,0.9189,0.91908,1.75,1.00
2014.06.02 07:58:59.338,0.91891,0.91914,1.75,1.00
2014.06.02 07:59:00.797,0.91892,0.91913,1.50,1.00
2014.06.02 07:59:01.347,0.91891,0.91914,1.75,1.00
2014.06.02 07:59:01.864,0.91891,0.91914,1.50,1.00
2014.06.02 07:59:03.104,0.91892,0.91913,1.13,1.00
2014.06.02 07:59:03.658,0.91891,0.91914,1.50,1.00
2014.06.02 07:59:04.904,0.91891,0.91914,1.75,1.00
2014.06.02 07:59:07.066,0.91889,0.91908,2.25,1.00
2014.06.02 07:59:12.595,0.9189,0.91909,1.75,1.00
2014.06.02 07:59:12.715,0.91886,0.91909,3.00,1.00
2014.06.02 07:59:13.370,0.91887,0.91908,1.50,1.00
2014.06.02 07:59:15.895,0.91886,0.91903,1.75,1.00
2014.06.02 07:59:16.555,0.91886,0.91904,1.75,1.00
2014.06.02 07:59:18.765,0.91885,0.91904,1.50,1.00
2014.06.02 07:59:19.854,0.91887,0.91908,1.00,1.00
2014.06.02 07:59:21.174,0.91886,0.91909,1.13,1.00
2014.06.02 07:59:21.405,0.91886,0.91909,2.25,1.88
2014.06.02 07:59:22.126,0.91887,0.91908,1.75,1.00
2014.06.02 07:59:22.656,0.91887,0.91908,1.13,1.00
2014.06.02 07:59:24.338,0.91883,0.91903,1.75,1.00
2014.06.02 07:59:24.593,0.91884,0.91903,1.00,1.00
2014.06.02 07:59:25.144,0.91884,0.91904,1.00,1.00
2014.06.02 07:59:30.163,0.91881,0.91904,1.75,1.00
2014.06.02 07:59:31.614,0.91882,0.91903,1.50,1.00
2014.06.02 07:59:32.409,0.91882,0.91904,1.00,1.00
2014.06.02 07:59:34.893,0.91884,0.91904,1.50,1.00
2014.06.02 07:59:35.403,0.91884,0.91903,1.50,1.00
2014.06.02 07:59:43.401,0.91886,0.91909,1.00,1.50
2014.06.02 07:59:44.824,0.91883,0.91903,1.50,1.00
2014.06.02 07:59:45.818,0.91886,0.91909,1.00,1.00
2014.06.02 07:59:49.084,0.9189,0.91909,1.00,1.00
2014.06.02 07:59:49.920,0.9189,0.91908,1.00,1.00
2014.06.02 07:59:50.434,0.91892,0.91913,1.00,1.00
2014.06.02 07:59:52.847,0.91889,0.91909,1.00,1.00
2014.06.02 07:59:54.055,0.91889,0.91908,1.00,1.00
2014.06.02 07:59:54.745,0.91886,0.91909,1.50,1.00
2014.06.02 07:59:56.808,0.91887,0.91908,1.13,1.00
2014.06.02 07:59:57.823,0.91887,0.91908,1.50,1.00
2014.06.02 07:59:59.276,0.91887,0.91908,1.75,1.00
