2016.11.18 11:00:00.218,0.95072,0.95102,1.35,1.50
2016.11.18 11:00:00.845,0.95072,0.95103,1.00,2.25
2016.11.18 11:00:00.946,0.95072,0.95098,1.00,1.00
2016.11.18 11:00:01.220,0.95072,0.95102,1.00,1.00
2016.11.18 11:00:01.321,0.95072,0.95097,1.00,1.00
2016.11.18 11:00:01.723,0.95072,0.95103,1.00,2.25
2016.11.18 11:00:01.774,0.95069,0.95099,1.37,1.00
2016.11.18 11:00:02.149,0.95068,0.95097,1.50,1.00
2016.11.18 11:00:02.216,0.95068,0.95097,1.00,1.00
2016.11.18 11:00:04.471,0.95069,0.95097,1.60,1.00
2016.11.18 11:00:04.773,0.95073,0.95102,1.00,1.00
2016.11.18 11:00:05.954,0.95072,0.95097,1.50,1.00
2016.11.18 11:00:08.231,0.95072,0.95103,2.25,1.50
2016.11.18 11:00:08.590,0.95074,0.95104,1.00,1.00
2016.11.18 11:00:08.851,0.95072,0.95103,1.00,1.00
2016.11.18 11:00:08.967,0.95077,0.95102,1.00,1.00
2016.11.18 11:00:09.683,0.95075,0.95102,1.00,1.00
2016.11.18 11:00:09.734,0.95075,0.95105,1.00,1.00
2016.11.18 11:00:10.429,0.95074,0.95104,1.00,1.50
2016.11.18 11:00:10.530,0.95075,0.95107,1.60,1.00
2016.11.18 11:00:10.867,0.95078,0.95107,1.00,1.50
2016.11.18 11:00:11.466,0.95078,0.95106,1.00,1.00
2016.11.18 11:00:12.336,0.95078,0.95105,1.00,1.00
2016.11.18 11:00:12.812,0.95078,0.95107,1.00,2.25
2016.11.18 11:00:13.321,0.95077,0.95107,1.00,1.50
2016.11.18 11:00:13.836,0.95078,0.95107,1.00,2.25
2016.11.18 11:00:14.606,0.95077,0.95107,1.00,1.50
2016.11.18 11:00:16.366,0.95081,0.95107,1.00,1.00
2016.11.18 11:00:16.473,0.95082,0.95112,1.00,1.00
2016.11.18 11:00:16.786,0.95083,0.95114,1.00,1.50
2016.11.18 11:00:17.070,0.95082,0.95112,1.00,1.00
2016.11.18 11:00:17.589,0.95083,0.95112,1.00,1.00
2016.11.18 11:00:18.096,0.95084,0.95112,1.00,1.50
2016.11.18 11:00:20.498,0.95088,0.95112,1.00,1.00
2016.11.18 11:00:22.559,0.95087,0.95112,1.00,1.00
2016.11.18 11:00:23.098,0.95088,0.95112,1.00,1.00
2016.11.18 11:00:23.199,0.95084,0.95112,1.00,1.00
2016.11.18 11:00:23.361,0.95088,0.95112,1.00,1.00
2016.11.18 11:00:23.462,0.95084,0.95112,1.00,1.00
2016.11.18 11:00:23.513,0.95083,0.95114,1.00,1.00
2016.11.18 11:00:23.563,0.95085,0.95114,1.00,1.00
2016.11.18 11:00:24.114,0.95085,0.95115,1.00,1.00
2016.11.18 11:00:24.457,0.95085,0.95112,1.00,1.00
2016.11.18 11:00:25.065,0.95088,0.95112,1.00,1.00
2016.11.18 11:00:25.596,0.95087,0.95114,1.00,1.00
2016.11.18 11:00:25.742,0.95089,0.95119,1.00,1.50
2016.11.18 11:00:25.902,0.9509,0.95121,1.50,1.00
2016.11.18 11:00:26.011,0.95093,0.95121,1.00,1.00
2016.11.18 11:00:26.267,0.9509,0.95121,1.50,1.00
2016.11.18 11:00:26.904,0.9509,0.95119,1.50,1.00
2016.11.18 11:00:27.566,0.95086,0.95114,1.00,1.00
2016.11.18 11:00:27.868,0.95083,0.95111,1.00,1.00
2016.11.18 11:00:28.212,0.95077,0.9511,1.50,1.00
2016.11.18 11:00:28.567,0.95077,0.95108,1.00,1.00
2016.11.18 11:00:28.718,0.95072,0.95104,1.00,1.00
2016.11.18 11:00:28.819,0.9507,0.951,1.00,1.00
2016.11.18 11:00:28.869,0.95067,0.951,2.85,1.00
2016.11.18 11:00:28.920,0.95067,0.95097,2.10,1.00
2016.11.18 11:00:29.071,0.95068,0.95101,1.35,1.00
2016.11.18 11:00:29.248,0.95071,0.95101,1.00,1.00
2016.11.18 11:00:29.298,0.95074,0.95105,1.00,1.00
2016.11.18 11:00:29.399,0.95075,0.9511,1.50,1.00
2016.11.18 11:00:29.600,0.95077,0.95108,1.00,1.00
2016.11.18 11:00:29.905,0.95078,0.95106,1.00,1.00
2016.11.18 11:00:30.222,0.95076,0.95106,1.00,1.00
2016.11.18 11:00:30.273,0.95077,0.9511,1.00,1.00
2016.11.18 11:00:30.524,0.9508,0.9511,1.00,1.00
2016.11.18 11:00:30.875,0.95082,0.9511,1.00,1.00
2016.11.18 11:00:30.925,0.95081,0.95114,1.00,1.00
2016.11.18 11:00:30.976,0.95083,0.95114,1.00,1.00
2016.11.18 11:00:31.121,0.95086,0.9512,1.00,1.00
2016.11.18 11:00:31.326,0.95084,0.95117,1.00,1.00
2016.11.18 11:00:31.674,0.95083,0.95114,1.00,1.00
2016.11.18 11:00:31.825,0.95079,0.95112,1.00,1.50
2016.11.18 11:00:31.944,0.95081,0.95112,1.00,1.00
2016.11.18 11:00:31.994,0.95079,0.95112,1.50,1.00
2016.11.18 11:00:32.045,0.95082,0.95112,1.00,1.00
2016.11.18 11:00:32.455,0.95083,0.95116,1.00,1.00
2016.11.18 11:00:32.556,0.95082,0.95112,1.00,1.00
2016.11.18 11:00:32.851,0.9508,0.95112,1.00,1.00
2016.11.18 11:00:33.626,0.95081,0.95112,1.00,1.50
2016.11.18 11:00:34.183,0.9508,0.95112,1.50,1.50
2016.11.18 11:00:34.485,0.95083,0.95112,1.00,1.00
2016.11.18 11:00:34.924,0.9508,0.95112,1.50,1.00
2016.11.18 11:00:34.975,0.95083,0.95112,1.00,1.00
2016.11.18 11:00:35.126,0.9508,0.95112,1.00,1.50
2016.11.18 11:00:35.176,0.95082,0.95112,1.00,1.50
2016.11.18 11:00:35.337,0.95079,0.95112,1.00,1.00
2016.11.18 11:00:35.387,0.95082,0.95113,1.00,1.00
2016.11.18 11:00:35.488,0.95079,0.95113,1.00,1.00
2016.11.18 11:00:35.814,0.95083,0.95113,1.00,1.00
2016.11.18 11:00:36.111,0.95079,0.95112,1.00,1.00
2016.11.18 11:00:36.161,0.95078,0.9511,1.00,1.00
2016.11.18 11:00:36.312,0.95073,0.95108,2.85,1.50
2016.11.18 11:00:36.388,0.95078,0.95108,1.00,1.00
2016.11.18 11:00:36.489,0.95076,0.95108,1.00,1.00
2016.11.18 11:00:36.853,0.95077,0.9511,1.00,1.00
2016.11.18 11:00:37.814,0.95077,0.95107,1.00,1.00
2016.11.18 11:00:38.091,0.95078,0.95111,2.25,1.00
2016.11.18 11:00:38.354,0.95078,0.95108,1.50,1.00
2016.11.18 11:00:38.925,0.95078,0.95111,2.25,1.00
2016.11.18 11:00:39.494,0.95079,0.95111,1.00,1.00
2016.11.18 11:00:40.055,0.95078,0.95111,1.50,1.00
2016.11.18 11:00:40.765,0.95082,0.95111,1.00,1.00
2016.11.18 11:00:40.916,0.95082,0.95113,1.00,1.00
2016.11.18 11:00:41.332,0.95078,0.95111,1.00,1.00
2016.11.18 11:00:41.807,0.95079,0.95113,1.00,1.00
2016.11.18 11:00:41.857,0.95077,0.95111,2.25,1.00
2016.11.18 11:00:42.365,0.95078,0.95111,1.00,1.00
2016.11.18 11:00:43.285,0.95079,0.95111,1.00,1.00
2016.11.18 11:00:43.630,0.95082,0.95112,1.00,1.00
2016.11.18 11:00:43.735,0.95083,0.95115,1.00,1.00
2016.11.18 11:00:43.901,0.95082,0.95113,1.00,1.00
2016.11.18 11:00:44.354,0.9508,0.95112,1.00,1.00
2016.11.18 11:00:44.628,0.95074,0.95106,1.00,1.00
2016.11.18 11:00:44.930,0.95072,0.95102,1.50,1.00
2016.11.18 11:00:45.910,0.95071,0.95102,1.00,1.50
2016.11.18 11:00:46.407,0.9507,0.95098,1.00,1.00
2016.11.18 11:00:46.591,0.9507,0.95102,1.00,1.00
2016.11.18 11:00:46.641,0.95072,0.95102,1.00,1.00
2016.11.18 11:00:50.011,0.95073,0.95102,1.00,1.50
2016.11.18 11:00:50.432,0.95072,0.951,1.00,1.00
2016.11.18 11:00:50.950,0.95071,0.95097,1.00,1.00
2016.11.18 11:00:52.681,0.95072,0.95097,1.00,1.00
2016.11.18 11:00:52.731,0.95074,0.95103,1.00,1.00
2016.11.18 11:00:52.847,0.95076,0.95107,1.00,1.00
2016.11.18 11:00:53.206,0.95073,0.95102,1.00,1.00
2016.11.18 11:00:53.744,0.95072,0.95102,1.35,1.50
2016.11.18 11:00:54.286,0.95071,0.95101,2.10,1.00
2016.11.18 11:00:54.733,0.95068,0.95099,3.60,1.00
2016.11.18 11:00:54.784,0.95068,0.95099,1.50,1.00
2016.11.18 11:00:54.935,0.95069,0.95101,1.00,1.00
2016.11.18 11:00:55.532,0.95072,0.95101,1.00,1.00
2016.11.18 11:00:55.833,0.95074,0.95101,1.00,1.00
2016.11.18 11:00:56.183,0.95072,0.95101,1.00,1.00
2016.11.18 11:00:56.234,0.95075,0.95101,1.00,1.00
2016.11.18 11:00:56.285,0.95072,0.95101,1.00,1.00
2016.11.18 11:00:56.425,0.95074,0.95101,1.00,1.00
2016.11.18 11:00:56.476,0.95072,0.95101,1.50,1.00
2016.11.18 11:00:56.526,0.95075,0.95101,1.00,1.00
2016.11.18 11:00:56.577,0.95072,0.95101,1.50,1.00
2016.11.18 11:00:56.766,0.95074,0.95101,1.00,1.00
2016.11.18 11:00:57.105,0.95072,0.95101,1.50,1.00
2016.11.18 11:00:57.483,0.95074,0.95104,1.00,1.00
2016.11.18 11:00:58.484,0.95074,0.95105,1.00,1.00
2016.11.18 11:00:59.227,0.95074,0.95103,1.00,1.00
2016.11.18 11:00:59.328,0.95073,0.95105,1.00,1.00
2016.11.18 11:01:00.316,0.95075,0.95105,1.00,1.00
2016.11.18 11:01:01.261,0.95076,0.95105,1.00,1.00
2016.11.18 11:01:01.362,0.9507,0.95105,1.00,1.00
2016.11.18 11:01:01.568,0.9507,0.95102,1.00,1.00
2016.11.18 11:01:01.769,0.95067,0.951,1.00,1.00
2016.11.18 11:01:01.971,0.95065,0.95097,1.50,1.00
2016.11.18 11:01:02.993,0.95065,0.95096,1.00,1.00
2016.11.18 11:01:03.044,0.95063,0.95096,1.00,1.50
2016.11.18 11:01:03.245,0.95062,0.95093,1.00,1.50
2016.11.18 11:01:03.757,0.95063,0.95093,1.00,1.00
2016.11.18 11:01:04.264,0.95063,0.95092,1.50,1.00
2016.11.18 11:01:05.401,0.95065,0.95092,1.00,1.00
2016.11.18 11:01:05.452,0.95068,0.95096,1.00,1.00
2016.11.18 11:01:05.653,0.95064,0.95096,1.00,1.00
2016.11.18 11:01:06.245,0.95063,0.95096,1.50,1.00
2016.11.18 11:01:07.480,0.95063,0.95093,1.50,1.00
2016.11.18 11:01:07.682,0.9505,0.95081,1.00,1.00
2016.11.18 11:01:08.258,0.95048,0.95081,1.87,1.00
2016.11.18 11:01:08.811,0.9505,0.95082,1.00,1.00
2016.11.18 11:01:09.363,0.95052,0.95083,1.00,1.50
2016.11.18 11:01:09.564,0.9505,0.95083,1.00,1.00
2016.11.18 11:01:09.877,0.95047,0.95081,2.10,1.00
2016.11.18 11:01:10.096,0.95052,0.95078,1.00,1.00
2016.11.18 11:01:10.672,0.95049,0.9508,1.00,1.00
2016.11.18 11:01:10.795,0.95052,0.9508,1.00,1.00
2016.11.18 11:01:10.896,0.95049,0.9508,1.00,1.00
2016.11.18 11:01:11.149,0.95052,0.9508,1.00,1.00
2016.11.18 11:01:11.284,0.95049,0.9508,1.00,1.00
2016.11.18 11:01:11.650,0.95052,0.9508,1.00,1.00
2016.11.18 11:01:12.164,0.95048,0.9508,2.25,1.00
2016.11.18 11:01:13.028,0.95051,0.9508,1.00,1.00
2016.11.18 11:01:15.468,0.95055,0.9508,1.00,1.00
2016.11.18 11:01:15.569,0.95055,0.95084,1.00,1.00
2016.11.18 11:01:16.113,0.95056,0.95087,1.00,1.50
2016.11.18 11:01:16.725,0.95059,0.95087,1.00,1.00
2016.11.18 11:01:16.926,0.95057,0.95087,1.50,1.00
2016.11.18 11:01:19.045,0.95062,0.95087,1.00,1.00
2016.11.18 11:01:19.095,0.95058,0.95087,1.00,1.00
2016.11.18 11:01:19.997,0.95057,0.95087,1.00,2.25
2016.11.18 11:01:20.422,0.95055,0.95087,1.00,1.50
2016.11.18 11:01:20.522,0.95059,0.95087,1.00,1.50
2016.11.18 11:01:20.943,0.95057,0.95087,1.50,1.50
2016.11.18 11:01:21.882,0.95058,0.95087,1.00,2.25
2016.11.18 11:01:21.982,0.95056,0.95086,1.00,1.00
2016.11.18 11:01:22.205,0.95052,0.95083,1.00,1.00
2016.11.18 11:01:22.306,0.95055,0.95083,1.00,1.00
2016.11.18 11:01:22.406,0.95055,0.95087,1.50,1.00
2016.11.18 11:01:22.508,0.95059,0.95087,1.00,1.00
2016.11.18 11:01:22.893,0.95061,0.95088,1.00,1.00
2016.11.18 11:01:23.368,0.95062,0.95092,1.00,1.50
2016.11.18 11:01:24.156,0.95064,0.95092,1.00,1.00
2016.11.18 11:01:24.508,0.95067,0.95097,1.00,1.50
2016.11.18 11:01:24.667,0.95069,0.95097,1.00,1.00
2016.11.18 11:01:25.172,0.95069,0.95099,1.00,1.00
2016.11.18 11:01:25.472,0.95069,0.95097,1.00,1.00
2016.11.18 11:01:26.194,0.95068,0.95097,1.50,1.00
2016.11.18 11:01:26.899,0.95069,0.95097,1.00,1.00
2016.11.18 11:01:27.559,0.95069,0.95098,1.00,1.00
2016.11.18 11:01:27.889,0.95069,0.951,1.00,1.50
2016.11.18 11:01:29.679,0.95069,0.95098,1.00,1.00
2016.11.18 11:01:30.001,0.95071,0.95098,1.00,1.00
2016.11.18 11:01:30.581,0.95071,0.951,1.00,1.00
2016.11.18 11:01:31.029,0.9507,0.95097,1.00,1.00
2016.11.18 11:01:31.332,0.95073,0.95103,1.50,1.00
2016.11.18 11:01:32.254,0.95074,0.95103,1.00,1.00
2016.11.18 11:01:32.305,0.95076,0.95107,1.00,1.50
2016.11.18 11:01:32.971,0.95077,0.95105,1.00,1.00
2016.11.18 11:01:36.779,0.95076,0.95107,1.00,1.00
2016.11.18 11:01:36.907,0.95069,0.95092,1.00,1.00
2016.11.18 11:01:36.957,0.95067,0.95094,1.00,1.00
2016.11.18 11:01:37.108,0.95064,0.95093,1.00,1.00
2016.11.18 11:01:39.120,0.95067,0.95094,1.00,1.00
2016.11.18 11:01:39.221,0.95068,0.95102,2.10,1.00
2016.11.18 11:01:39.271,0.95072,0.95102,1.00,1.00
2016.11.18 11:01:39.423,0.95069,0.95101,1.00,1.00
2016.11.18 11:01:39.523,0.95064,0.95097,1.00,1.00
2016.11.18 11:01:39.624,0.95062,0.95095,1.00,1.00
2016.11.18 11:01:39.938,0.95062,0.95092,1.00,1.00
2016.11.18 11:01:40.761,0.95061,0.95092,1.00,1.00
2016.11.18 11:01:42.740,0.95064,0.95092,1.00,1.00
2016.11.18 11:01:43.223,0.95063,0.95095,1.00,1.00
2016.11.18 11:01:43.324,0.95061,0.95094,1.00,1.00
2016.11.18 11:01:43.425,0.95061,0.95087,1.00,1.00
2016.11.18 11:01:43.626,0.95061,0.95092,1.00,1.00
2016.11.18 11:01:43.677,0.95058,0.95091,1.00,1.00
2016.11.18 11:01:43.727,0.95058,0.95088,1.00,1.00
2016.11.18 11:01:44.222,0.95058,0.95091,1.00,1.00
2016.11.18 11:01:44.443,0.95058,0.95088,1.00,1.00
2016.11.18 11:01:45.053,0.95058,0.95087,1.00,1.00
2016.11.18 11:01:46.125,0.95058,0.9509,1.00,1.00
2016.11.18 11:01:46.226,0.95058,0.95088,1.00,1.00
2016.11.18 11:01:46.738,0.95063,0.95091,1.00,1.00
2016.11.18 11:01:46.940,0.95058,0.95091,1.00,1.00
2016.11.18 11:01:46.991,0.95055,0.95088,1.00,1.00
2016.11.18 11:01:47.293,0.95058,0.95088,1.00,1.00
2016.11.18 11:01:47.343,0.95055,0.95088,1.00,1.50
2016.11.18 11:01:48.188,0.95057,0.95088,1.00,1.50
2016.11.18 11:01:48.452,0.95055,0.95087,1.50,1.00
2016.11.18 11:01:48.684,0.9506,0.95087,1.00,1.00
2016.11.18 11:01:49.418,0.9506,0.95088,1.00,1.50
2016.11.18 11:01:49.965,0.95059,0.95087,1.00,1.00
2016.11.18 11:01:50.521,0.95059,0.95088,1.00,1.00
2016.11.18 11:01:50.793,0.9506,0.9509,1.00,1.00
2016.11.18 11:01:50.844,0.95061,0.95092,1.00,1.50
2016.11.18 11:01:51.058,0.95061,0.95087,1.50,1.00
2016.11.18 11:01:51.560,0.95061,0.95092,1.00,1.00
2016.11.18 11:01:51.824,0.95061,0.95087,1.00,1.00
2016.11.18 11:01:52.083,0.95059,0.95088,1.00,1.00
2016.11.18 11:01:52.626,0.95058,0.95087,1.35,1.00
2016.11.18 11:01:53.172,0.95057,0.95088,1.60,1.00
2016.11.18 11:01:53.663,0.95055,0.9509,2.85,1.00
2016.11.18 11:01:53.714,0.95052,0.95087,2.85,1.00
2016.11.18 11:01:53.764,0.95055,0.95087,1.00,1.00
2016.11.18 11:01:54.096,0.95057,0.95087,1.00,1.50
2016.11.18 11:01:54.329,0.95058,0.95091,1.00,1.00
2016.11.18 11:01:54.745,0.95057,0.95087,1.00,1.00
2016.11.18 11:01:56.331,0.95057,0.95088,1.00,1.50
2016.11.18 11:01:56.671,0.95059,0.95087,1.00,1.00
2016.11.18 11:01:56.872,0.9506,0.95091,1.00,1.50
2016.11.18 11:01:56.973,0.95058,0.95089,1.00,1.00
2016.11.18 11:01:57.665,0.95058,0.95088,1.00,1.50
2016.11.18 11:01:57.911,0.95056,0.95088,1.00,1.50
2016.11.18 11:01:58.112,0.95059,0.95088,1.00,1.50
2016.11.18 11:01:58.213,0.9506,0.9509,1.00,1.00
2016.11.18 11:01:58.476,0.95059,0.95087,1.00,1.00
2016.11.18 11:01:59.134,0.95058,0.95087,1.50,1.00
2016.11.18 11:01:59.633,0.9506,0.95087,1.00,1.00
2016.11.18 11:01:59.683,0.9506,0.9509,1.00,1.00
2016.11.18 11:02:00.194,0.9506,0.95091,1.00,1.00
2016.11.18 11:02:00.789,0.9506,0.9509,1.00,1.00
2016.11.18 11:02:01.624,0.9506,0.95091,1.00,1.00
2016.11.18 11:02:01.825,0.95062,0.95092,1.00,1.00
2016.11.18 11:02:02.343,0.95062,0.95093,1.00,1.50
2016.11.18 11:02:02.863,0.95063,0.95093,1.00,1.50
2016.11.18 11:02:03.342,0.95061,0.95092,1.50,1.00
2016.11.18 11:02:03.392,0.95063,0.95092,1.00,1.00
2016.11.18 11:02:03.920,0.95064,0.95092,1.00,1.50
2016.11.18 11:02:06.136,0.95063,0.95092,1.00,1.00
2016.11.18 11:02:06.287,0.95058,0.95093,1.50,1.50
2016.11.18 11:02:06.338,0.95058,0.95089,1.00,1.00
2016.11.18 11:02:06.438,0.95056,0.95089,1.00,1.00
2016.11.18 11:02:06.489,0.95056,0.95087,1.00,1.00
2016.11.18 11:02:06.590,0.95053,0.95086,1.50,1.00
2016.11.18 11:02:08.221,0.95056,0.95086,1.00,1.50
2016.11.18 11:02:10.860,0.95057,0.95086,1.00,1.00
2016.11.18 11:02:10.911,0.95057,0.95088,1.00,1.50
2016.11.18 11:02:11.512,0.95058,0.95088,1.00,1.00
2016.11.18 11:02:11.613,0.95056,0.95087,1.50,1.00
2016.11.18 11:02:11.713,0.95059,0.95087,1.00,1.50
2016.11.18 11:02:14.468,0.95057,0.95086,1.50,1.00
2016.11.18 11:02:14.519,0.95057,0.95088,1.50,1.50
2016.11.18 11:02:14.620,0.95055,0.95086,1.00,1.00
2016.11.18 11:02:15.528,0.95057,0.95086,1.00,1.00
2016.11.18 11:02:16.219,0.95057,0.95085,1.00,1.00
2016.11.18 11:02:16.664,0.95058,0.95087,1.00,1.50
2016.11.18 11:02:16.803,0.95061,0.95087,1.00,1.00
2016.11.18 11:02:16.853,0.95062,0.95091,1.00,1.00
2016.11.18 11:02:16.904,0.95065,0.95091,1.00,1.00
2016.11.18 11:02:17.272,0.95066,0.95096,1.00,1.50
2016.11.18 11:02:17.900,0.95066,0.95094,1.00,1.00
2016.11.18 11:02:19.029,0.95069,0.95096,1.00,1.00
2016.11.18 11:02:19.180,0.95069,0.95098,1.00,1.00
2016.11.18 11:02:19.281,0.95071,0.95098,1.00,1.00
2016.11.18 11:02:19.332,0.95066,0.95098,1.00,1.00
2016.11.18 11:02:19.787,0.95066,0.95092,1.00,1.00
2016.11.18 11:02:19.838,0.95064,0.95092,1.35,1.00
2016.11.18 11:02:20.040,0.95062,0.95092,1.00,1.00
2016.11.18 11:02:20.629,0.95061,0.95092,1.00,1.00
2016.11.18 11:02:20.679,0.95063,0.95092,1.00,1.00
2016.11.18 11:02:22.745,0.95064,0.95092,1.00,1.00
2016.11.18 11:02:22.796,0.95064,0.95096,1.00,1.00
2016.11.18 11:02:22.897,0.95067,0.95098,1.00,1.00
2016.11.18 11:02:23.584,0.95068,0.95097,1.00,1.50
2016.11.18 11:02:24.138,0.95067,0.95097,1.00,1.00
2016.11.18 11:02:24.642,0.95068,0.95097,1.00,1.50
2016.11.18 11:02:25.466,0.95065,0.95097,1.00,1.50
2016.11.18 11:02:25.567,0.95068,0.95097,1.00,1.00
2016.11.18 11:02:25.668,0.95068,0.95099,1.00,1.00
2016.11.18 11:02:25.959,0.9507,0.95099,1.00,1.00
2016.11.18 11:02:26.569,0.95073,0.95099,1.00,1.00
2016.11.18 11:02:26.876,0.95068,0.95099,1.00,1.00
2016.11.18 11:02:27.027,0.95068,0.95097,1.00,1.00
2016.11.18 11:02:28.244,0.95067,0.95097,1.50,1.50
2016.11.18 11:02:28.969,0.95068,0.95097,1.00,1.50
2016.11.18 11:02:33.600,0.95068,0.95092,1.00,1.00
2016.11.18 11:02:33.651,0.95061,0.95092,1.00,1.00
2016.11.18 11:02:33.802,0.95064,0.95092,1.00,1.00
2016.11.18 11:02:34.220,0.95068,0.95092,1.00,1.00
2016.11.18 11:02:34.461,0.95064,0.95092,1.00,1.00
2016.11.18 11:02:35.452,0.95067,0.95092,1.00,1.00
2016.11.18 11:02:36.084,0.95068,0.95092,1.00,1.00
2016.11.18 11:02:39.221,0.95067,0.95092,1.00,1.00
2016.11.18 11:02:39.758,0.95066,0.95091,1.00,1.00
2016.11.18 11:02:40.336,0.95066,0.95094,1.35,1.50
2016.11.18 11:02:40.783,0.95068,0.95096,1.50,1.00
2016.11.18 11:02:42.759,0.95069,0.95098,1.00,1.00
2016.11.18 11:02:42.810,0.95071,0.95098,1.00,1.00
2016.11.18 11:02:43.340,0.9507,0.95098,1.00,1.00
2016.11.18 11:02:43.842,0.95072,0.95098,1.00,1.00
2016.11.18 11:02:44.005,0.95069,0.95098,1.00,1.00
2016.11.18 11:02:44.362,0.95072,0.95098,1.00,1.00
2016.11.18 11:02:44.858,0.95072,0.951,1.00,1.00
2016.11.18 11:02:45.493,0.95071,0.951,1.00,1.00
2016.11.18 11:02:46.068,0.95072,0.951,1.00,1.00
2016.11.18 11:02:46.569,0.95073,0.951,1.00,1.00
2016.11.18 11:02:47.193,0.95068,0.951,1.50,1.00
2016.11.18 11:02:47.344,0.95067,0.95097,1.00,1.00
2016.11.18 11:02:47.395,0.95063,0.95097,1.00,1.00
2016.11.18 11:02:47.445,0.95062,0.95094,2.85,1.00
2016.11.18 11:02:47.771,0.95063,0.95092,1.00,1.00
2016.11.18 11:02:48.609,0.95068,0.95094,1.00,1.00
2016.11.18 11:02:48.709,0.95062,0.95094,1.50,1.00
2016.11.18 11:02:49.020,0.95062,0.95092,1.50,1.00
2016.11.18 11:02:49.073,0.95062,0.95094,2.25,1.00
2016.11.18 11:02:49.274,0.95062,0.95092,1.50,1.00
2016.11.18 11:02:49.874,0.95063,0.95094,1.00,1.00
2016.11.18 11:02:50.190,0.95062,0.95092,1.50,1.00
2016.11.18 11:02:52.500,0.95063,0.95094,1.00,1.00
2016.11.18 11:02:52.680,0.95062,0.95092,1.50,1.00
2016.11.18 11:02:53.527,0.95062,0.95093,1.00,1.00
2016.11.18 11:02:54.047,0.95063,0.95094,1.00,1.00
2016.11.18 11:02:54.451,0.95063,0.95091,1.00,1.00
2016.11.18 11:02:55.770,0.95065,0.95091,1.00,1.00
2016.11.18 11:02:57.512,0.95063,0.95093,1.00,1.00
2016.11.18 11:02:58.033,0.95063,0.95091,1.00,1.00
2016.11.18 11:02:58.342,0.95065,0.95093,1.00,1.00
2016.11.18 11:02:58.915,0.95065,0.95092,1.00,1.50
2016.11.18 11:02:59.016,0.95063,0.95091,1.00,1.00
2016.11.18 11:02:59.984,0.95063,0.95092,1.00,2.25
2016.11.18 11:03:00.396,0.95067,0.95092,1.00,1.50
2016.11.18 11:03:00.497,0.95063,0.95092,1.50,2.25
2016.11.18 11:03:01.022,0.95063,0.95091,1.50,1.00
2016.11.18 11:03:01.622,0.95062,0.95092,1.50,1.00
2016.11.18 11:03:02.208,0.95063,0.95092,1.00,1.50
2016.11.18 11:03:02.889,0.95064,0.95092,1.00,1.50
2016.11.18 11:03:04.116,0.95063,0.95092,1.00,2.25
2016.11.18 11:03:04.246,0.95065,0.95092,1.00,1.00
2016.11.18 11:03:04.346,0.95065,0.95094,1.00,1.00
2016.11.18 11:03:04.397,0.95066,0.95096,1.00,1.00
2016.11.18 11:03:04.649,0.95069,0.95099,1.00,1.00
2016.11.18 11:03:05.221,0.95068,0.95098,1.00,1.50
2016.11.18 11:03:06.432,0.95068,0.95097,1.00,1.00
2016.11.18 11:03:06.792,0.95064,0.95094,1.50,1.00
2016.11.18 11:03:07.341,0.95064,0.95093,1.00,1.00
2016.11.18 11:03:12.729,0.95065,0.95093,1.00,1.50
2016.11.18 11:03:13.052,0.95066,0.95095,1.00,1.00
2016.11.18 11:03:13.153,0.95064,0.95094,1.00,1.00
2016.11.18 11:03:13.386,0.95064,0.95092,1.00,1.00
2016.11.18 11:03:13.903,0.95063,0.95092,1.00,1.50
2016.11.18 11:03:14.549,0.95064,0.95092,1.00,1.00
2016.11.18 11:03:14.649,0.95061,0.95093,2.10,1.50
2016.11.18 11:03:14.855,0.95061,0.95091,1.00,1.00
2016.11.18 11:03:17.114,0.9506,0.9509,1.00,1.00
2016.11.18 11:03:17.640,0.95061,0.95091,1.00,1.50
2016.11.18 11:03:18.519,0.95063,0.95091,1.00,1.50
2016.11.18 11:03:20.205,0.95063,0.9509,1.00,1.00
2016.11.18 11:03:20.959,0.95062,0.9509,1.00,1.00
2016.11.18 11:03:21.503,0.95062,0.95091,1.00,1.00
2016.11.18 11:03:21.814,0.9507,0.95098,1.00,1.50
2016.11.18 11:03:21.865,0.95071,0.95101,1.00,1.00
2016.11.18 11:03:21.915,0.95074,0.95101,1.00,1.00
2016.11.18 11:03:22.426,0.95073,0.95101,1.00,1.00
2016.11.18 11:03:23.253,0.95074,0.95101,1.00,1.00
2016.11.18 11:03:24.439,0.95075,0.95101,1.00,1.00
2016.11.18 11:03:26.007,0.95078,0.95101,1.00,1.00
2016.11.18 11:03:26.158,0.95078,0.95103,1.00,1.00
2016.11.18 11:03:26.876,0.95078,0.95104,1.50,1.00
2016.11.18 11:03:29.958,0.95078,0.95106,1.00,1.00
2016.11.18 11:03:30.059,0.95083,0.95107,1.00,1.00
2016.11.18 11:03:30.210,0.95084,0.95111,1.00,1.00
2016.11.18 11:03:30.784,0.95084,0.95112,1.00,1.00
2016.11.18 11:03:31.303,0.95084,0.95113,1.00,1.00
2016.11.18 11:03:34.698,0.95088,0.95114,1.00,1.00
2016.11.18 11:03:34.849,0.9509,0.95117,1.00,1.00
2016.11.18 11:03:35.395,0.9509,0.95118,1.00,1.00
2016.11.18 11:03:35.918,0.95091,0.95119,1.00,1.50
2016.11.18 11:03:43.166,0.95093,0.95121,1.00,1.50
2016.11.18 11:03:45.214,0.95091,0.9512,1.50,1.00
2016.11.18 11:03:45.867,0.95091,0.95117,1.50,1.00
2016.11.18 11:03:46.664,0.95091,0.9512,1.50,1.00
2016.11.18 11:03:47.236,0.95092,0.9512,1.00,1.00
2016.11.18 11:03:47.643,0.95094,0.9512,1.00,1.00
2016.11.18 11:03:47.694,0.95096,0.95126,1.00,1.50
2016.11.18 11:03:47.744,0.95098,0.95126,1.00,1.00
2016.11.18 11:03:48.297,0.95098,0.95127,1.00,1.00
2016.11.18 11:03:49.270,0.95098,0.95128,1.00,1.50
2016.11.18 11:03:52.766,0.95099,0.95128,1.00,1.00
2016.11.18 11:03:53.017,0.95094,0.95124,1.00,1.00
2016.11.18 11:03:53.168,0.95089,0.9512,1.00,1.00
2016.11.18 11:03:53.420,0.95089,0.95117,1.00,1.00
2016.11.18 11:03:53.579,0.95089,0.9512,1.00,1.00
2016.11.18 11:03:53.721,0.95089,0.95117,1.00,1.00
2016.11.18 11:03:53.811,0.95089,0.9512,1.00,1.00
2016.11.18 11:03:54.568,0.95088,0.9512,1.50,1.00
2016.11.18 11:03:55.043,0.95091,0.95119,1.00,1.00
2016.11.18 11:03:55.146,0.95088,0.9512,1.50,1.00
2016.11.18 11:03:55.196,0.9509,0.9512,1.00,1.50
2016.11.18 11:03:56.248,0.95091,0.9512,1.00,1.50
2016.11.18 11:03:56.798,0.9509,0.95118,1.50,1.00
2016.11.18 11:03:59.743,0.95089,0.9512,1.00,1.00
2016.11.18 11:03:59.891,0.95089,0.95118,1.00,1.00
2016.11.18 11:04:00.714,0.95089,0.9512,1.00,1.00
2016.11.18 11:04:00.764,0.95091,0.95119,1.00,1.00
2016.11.18 11:04:01.324,0.9509,0.95118,1.00,1.50
2016.11.18 11:04:01.961,0.9509,0.95117,1.00,1.00
2016.11.18 11:04:02.465,0.9509,0.95118,1.00,1.00
2016.11.18 11:04:07.904,0.9509,0.95117,1.00,1.00
2016.11.18 11:04:08.515,0.95088,0.95117,1.00,1.00
2016.11.18 11:04:09.629,0.95088,0.95118,1.50,1.00
2016.11.18 11:04:09.880,0.95094,0.95122,1.00,1.50
2016.11.18 11:04:10.182,0.95099,0.95125,1.00,1.00
2016.11.18 11:04:12.211,0.95101,0.95125,1.00,1.00
2016.11.18 11:04:13.190,0.95098,0.95125,1.00,1.00
2016.11.18 11:04:13.492,0.95096,0.95125,1.00,1.00
2016.11.18 11:04:14.003,0.95096,0.95124,1.00,1.00
2016.11.18 11:04:14.789,0.95097,0.95125,1.00,1.00
2016.11.18 11:04:16.914,0.95098,0.95125,1.00,1.00
2016.11.18 11:04:17.271,0.95099,0.95127,1.00,1.00
2016.11.18 11:04:17.321,0.95101,0.95129,1.00,1.00
2016.11.18 11:04:18.291,0.951,0.95129,1.00,1.00
2016.11.18 11:04:21.775,0.95101,0.95129,1.00,1.00
2016.11.18 11:04:24.790,0.95098,0.95129,1.00,1.00
2016.11.18 11:04:24.840,0.951,0.95128,1.00,1.00
2016.11.18 11:04:25.379,0.951,0.95127,1.00,1.00
2016.11.18 11:04:25.808,0.95097,0.95128,1.00,1.00
2016.11.18 11:04:26.310,0.95098,0.95128,1.00,1.50
2016.11.18 11:04:26.853,0.95102,0.95129,1.00,1.00
2016.11.18 11:04:27.347,0.951,0.95128,1.00,1.00
2016.11.18 11:04:27.865,0.95099,0.95127,1.00,1.50
2016.11.18 11:04:28.416,0.95098,0.95126,1.00,1.00
2016.11.18 11:04:28.467,0.951,0.95127,1.00,1.00
2016.11.18 11:04:29.111,0.951,0.95128,1.00,1.50
2016.11.18 11:04:29.970,0.95101,0.95128,1.00,1.00
2016.11.18 11:04:30.517,0.95101,0.95127,1.00,1.00
2016.11.18 11:04:31.092,0.951,0.95127,1.00,1.00
2016.11.18 11:04:31.574,0.95098,0.95127,1.50,1.50
2016.11.18 11:04:31.725,0.951,0.95126,1.00,1.00
2016.11.18 11:04:32.226,0.951,0.95127,1.00,1.00
2016.11.18 11:04:32.966,0.95099,0.95127,1.50,1.50
2016.11.18 11:04:33.539,0.95098,0.95127,1.00,1.50
2016.11.18 11:04:34.384,0.95101,0.95127,1.00,1.00
2016.11.18 11:04:35.277,0.95101,0.95128,1.00,1.00
2016.11.18 11:04:35.465,0.95099,0.95128,1.00,1.00
2016.11.18 11:04:35.793,0.95097,0.95127,2.25,1.00
2016.11.18 11:04:36.781,0.95098,0.95127,1.00,1.00
2016.11.18 11:04:37.312,0.95098,0.95123,1.00,1.00
2016.11.18 11:04:37.987,0.95097,0.95123,1.00,1.00
2016.11.18 11:04:38.310,0.95098,0.95127,1.50,1.00
2016.11.18 11:04:41.205,0.95099,0.95127,1.00,1.00
2016.11.18 11:04:41.315,0.95099,0.95122,1.00,1.00
2016.11.18 11:04:42.116,0.95108,0.95128,1.00,1.00
2016.11.18 11:04:43.416,0.95108,0.95129,1.00,1.00
2016.11.18 11:04:43.570,0.95103,0.95129,1.50,1.00
2016.11.18 11:04:43.623,0.95103,0.95131,1.50,1.50
2016.11.18 11:04:43.820,0.95107,0.95131,1.00,1.50
2016.11.18 11:04:47.191,0.95107,0.95132,1.00,1.00
2016.11.18 11:04:47.241,0.95103,0.95131,1.50,1.00
2016.11.18 11:04:47.627,0.95103,0.95129,1.00,1.00
2016.11.18 11:04:48.213,0.95103,0.95128,1.00,1.00
2016.11.18 11:04:49.359,0.95102,0.95128,1.00,1.00
2016.11.18 11:04:49.830,0.95107,0.95131,1.00,1.00
2016.11.18 11:04:49.930,0.95103,0.95131,1.50,1.00
2016.11.18 11:04:50.698,0.95103,0.9513,1.00,1.00
2016.11.18 11:04:51.704,0.95103,0.95129,1.00,1.00
2016.11.18 11:04:52.244,0.95103,0.9513,1.00,1.00
2016.11.18 11:04:53.134,0.95102,0.9513,1.00,1.00
2016.11.18 11:04:57.697,0.95102,0.95132,1.00,1.00
2016.11.18 11:04:57.948,0.95108,0.95132,1.00,1.00
2016.11.18 11:04:58.187,0.95103,0.95132,1.00,1.00
2016.11.18 11:04:58.524,0.95108,0.95133,1.00,1.00
2016.11.18 11:04:58.625,0.95106,0.95133,1.00,1.00
2016.11.18 11:04:58.829,0.95106,0.95136,1.00,1.00
2016.11.18 11:04:58.879,0.95105,0.95133,1.00,1.00
2016.11.18 11:04:59.679,0.95106,0.95134,1.00,1.00
2016.11.18 11:04:59.994,0.95108,0.95136,1.00,1.00
2016.11.18 11:05:00.364,0.95105,0.95135,1.00,1.00
2016.11.18 11:05:00.678,0.95104,0.95132,1.00,1.00
2016.11.18 11:05:00.778,0.95099,0.9513,1.00,1.00
2016.11.18 11:05:00.829,0.95101,0.95131,1.00,1.00
2016.11.18 11:05:01.130,0.95105,0.95137,1.00,1.50
2016.11.18 11:05:01.865,0.95104,0.95133,1.00,1.00
2016.11.18 11:05:02.116,0.95101,0.95132,1.00,1.00
2016.11.18 11:05:02.524,0.95103,0.95133,1.00,1.50
2016.11.18 11:05:02.844,0.95108,0.95133,1.00,1.00
2016.11.18 11:05:03.355,0.95103,0.95133,1.00,1.50
2016.11.18 11:05:03.879,0.95102,0.95133,2.25,1.00
2016.11.18 11:05:03.929,0.95105,0.95133,1.00,1.00
2016.11.18 11:05:03.979,0.95102,0.95137,1.50,1.00
2016.11.18 11:05:04.030,0.95102,0.95131,1.50,1.00
2016.11.18 11:05:04.568,0.95101,0.95131,1.00,1.50
2016.11.18 11:05:04.917,0.95101,0.95127,1.00,1.00
2016.11.18 11:05:05.311,0.95098,0.95127,2.25,1.00
2016.11.18 11:05:11.385,0.951,0.95127,1.00,1.00
2016.11.18 11:05:11.586,0.95102,0.95131,1.00,1.00
2016.11.18 11:05:11.687,0.951,0.95128,1.00,1.00
2016.11.18 11:05:11.968,0.95102,0.95131,1.00,1.00
2016.11.18 11:05:12.809,0.951,0.95128,1.00,1.00
2016.11.18 11:05:13.063,0.95098,0.95128,1.00,1.00
2016.11.18 11:05:13.164,0.95093,0.95124,1.00,1.00
2016.11.18 11:05:13.265,0.95096,0.95123,1.00,1.00
2016.11.18 11:05:13.315,0.95096,0.95126,1.00,1.50
2016.11.18 11:05:13.835,0.95097,0.95126,1.00,1.50
2016.11.18 11:05:14.520,0.95095,0.95123,1.00,1.00
2016.11.18 11:05:15.211,0.95094,0.95123,1.00,1.00
2016.11.18 11:05:18.424,0.95092,0.95122,1.50,1.00
2016.11.18 11:05:18.626,0.9509,0.95118,1.00,1.00
2016.11.18 11:05:18.753,0.95088,0.95118,1.50,1.00
2016.11.18 11:05:18.955,0.95086,0.95118,1.00,2.25
2016.11.18 11:05:19.471,0.95085,0.95117,1.00,1.00
2016.11.18 11:05:20.241,0.95087,0.95117,1.00,1.00
2016.11.18 11:05:20.622,0.95087,0.95112,1.00,1.00
2016.11.18 11:05:20.982,0.95087,0.95117,1.50,1.00
2016.11.18 11:05:24.701,0.95087,0.95118,1.50,1.50
2016.11.18 11:05:25.288,0.95088,0.95117,1.00,1.00
2016.11.18 11:05:25.689,0.95088,0.95119,1.50,1.00
2016.11.18 11:05:25.740,0.9509,0.9512,1.00,1.50
2016.11.18 11:05:26.041,0.95096,0.95123,1.00,1.00
2016.11.18 11:05:26.091,0.95096,0.95125,1.00,1.00
2016.11.18 11:05:26.292,0.95093,0.95125,1.00,1.50
2016.11.18 11:05:26.513,0.95093,0.95123,1.00,1.00
2016.11.18 11:05:27.636,0.95093,0.95122,1.00,1.00
2016.11.18 11:05:27.937,0.95092,0.95119,1.00,1.00
2016.11.18 11:05:27.988,0.95089,0.95119,1.00,1.00
2016.11.18 11:05:28.195,0.95089,0.95117,1.00,1.00
2016.11.18 11:05:28.538,0.95091,0.9512,1.00,1.00
2016.11.18 11:05:28.589,0.95093,0.95122,1.00,1.00
2016.11.18 11:05:28.891,0.95093,0.95124,2.25,1.00
2016.11.18 11:05:29.199,0.95095,0.95125,1.00,1.00
2016.11.18 11:05:29.925,0.95094,0.95124,1.00,1.00
2016.11.18 11:05:30.025,0.95092,0.95123,1.50,1.00
2016.11.18 11:05:30.657,0.95093,0.95123,1.00,1.00
2016.11.18 11:05:31.257,0.95092,0.95123,1.50,1.00
2016.11.18 11:05:31.308,0.95095,0.95124,1.00,1.00
2016.11.18 11:05:31.903,0.95095,0.95123,1.00,1.00
2016.11.18 11:05:32.426,0.95095,0.95124,1.00,1.00
2016.11.18 11:05:32.745,0.95093,0.95123,1.00,1.00
2016.11.18 11:05:36.903,0.95095,0.95123,1.00,1.00
2016.11.18 11:05:37.871,0.95096,0.95124,1.00,1.00
2016.11.18 11:05:38.130,0.95096,0.95126,1.00,1.00
2016.11.18 11:05:38.742,0.95098,0.95126,1.00,1.00
2016.11.18 11:05:39.115,0.95096,0.95126,1.00,1.00
2016.11.18 11:05:39.831,0.95098,0.95126,1.00,1.00
2016.11.18 11:05:40.145,0.95112,0.9514,1.00,1.00
2016.11.18 11:05:40.866,0.95113,0.9514,1.00,1.00
2016.11.18 11:05:43.134,0.95112,0.9514,1.00,1.00
2016.11.18 11:05:44.126,0.95115,0.95143,1.00,1.50
2016.11.18 11:05:44.424,0.95112,0.95142,1.50,1.00
2016.11.18 11:05:45.115,0.95112,0.9514,1.00,1.00
2016.11.18 11:05:45.495,0.9511,0.9514,1.00,1.00
2016.11.18 11:05:46.089,0.9511,0.95138,1.50,1.00
2016.11.18 11:05:46.592,0.95111,0.95139,1.00,1.00
2016.11.18 11:05:47.755,0.95108,0.9514,1.00,1.00
2016.11.18 11:05:47.805,0.95108,0.95134,1.00,1.00
2016.11.18 11:05:47.956,0.95105,0.95133,1.00,1.00
2016.11.18 11:05:48.117,0.95102,0.95133,1.50,1.00
2016.11.18 11:05:48.511,0.95105,0.95134,1.00,1.00
2016.11.18 11:05:48.835,0.95106,0.95136,1.50,1.00
2016.11.18 11:05:48.936,0.95108,0.95137,1.00,1.00
2016.11.18 11:05:51.313,0.9511,0.95137,1.00,1.00
2016.11.18 11:05:51.364,0.95112,0.95141,1.00,1.00
2016.11.18 11:05:51.732,0.95114,0.95141,1.00,1.00
2016.11.18 11:05:51.833,0.95114,0.95143,1.00,1.00
2016.11.18 11:05:52.083,0.95123,0.95143,1.00,1.00
2016.11.18 11:05:52.331,0.95123,0.95146,1.00,1.00
2016.11.18 11:05:52.433,0.95118,0.95146,1.50,1.00
2016.11.18 11:05:52.484,0.95123,0.95146,1.00,1.00
2016.11.18 11:05:54.865,0.95118,0.95147,1.00,1.50
2016.11.18 11:05:54.916,0.95118,0.95145,1.00,1.00
2016.11.18 11:05:55.350,0.95123,0.95146,1.00,1.00
2016.11.18 11:05:55.450,0.95118,0.95146,1.50,1.00
2016.11.18 11:05:56.025,0.95118,0.95147,1.50,1.50
2016.11.18 11:06:00.017,0.95118,0.95146,1.00,1.00
2016.11.18 11:06:01.007,0.95119,0.95147,1.00,1.50
2016.11.18 11:06:01.550,0.95118,0.95146,1.00,1.00
2016.11.18 11:06:02.022,0.95118,0.95143,1.00,1.00
2016.11.18 11:06:02.173,0.95118,0.95146,1.00,1.50
2016.11.18 11:06:02.302,0.95116,0.95146,1.00,1.50
2016.11.18 11:06:02.504,0.95118,0.95146,1.00,1.50
2016.11.18 11:06:03.009,0.95117,0.95146,1.50,1.50
2016.11.18 11:06:03.532,0.95118,0.95145,1.00,1.00
2016.11.18 11:06:04.167,0.95117,0.95143,1.00,1.00
2016.11.18 11:06:04.368,0.95118,0.95145,1.00,1.50
2016.11.18 11:06:04.465,0.95117,0.95143,1.00,1.00
2016.11.18 11:06:04.929,0.95117,0.95145,1.50,1.50
2016.11.18 11:06:06.168,0.95118,0.95145,1.00,1.50
2016.11.18 11:06:07.279,0.95123,0.95145,1.00,1.00
2016.11.18 11:06:07.380,0.95119,0.95147,1.00,1.00
2016.11.18 11:06:07.430,0.95118,0.95145,1.50,1.00
2016.11.18 11:06:07.817,0.95123,0.95145,1.00,1.00
2016.11.18 11:06:07.873,0.95118,0.95145,2.25,1.00
2016.11.18 11:06:08.003,0.95119,0.95147,1.00,1.00
2016.11.18 11:06:08.391,0.95121,0.95147,1.00,1.00
2016.11.18 11:06:08.605,0.95118,0.95147,1.50,1.00
2016.11.18 11:06:08.717,0.95122,0.95148,1.00,1.00
2016.11.18 11:06:08.886,0.95118,0.95148,1.00,1.50
2016.11.18 11:06:09.128,0.95123,0.95148,1.00,1.00
2016.11.18 11:06:09.229,0.95123,0.9515,1.00,1.00
2016.11.18 11:06:09.998,0.95123,0.95147,1.00,1.00
2016.11.18 11:06:10.100,0.95119,0.95147,1.00,1.50
2016.11.18 11:06:10.971,0.9512,0.95147,1.00,1.00
2016.11.18 11:06:11.541,0.95121,0.95147,1.00,1.00
2016.11.18 11:06:12.480,0.95122,0.95149,1.00,1.00
2016.11.18 11:06:12.681,0.95121,0.95147,1.00,1.00
2016.11.18 11:06:13.902,0.95122,0.95149,1.00,1.00
2016.11.18 11:06:15.886,0.95123,0.95149,1.00,1.00
2016.11.18 11:06:18.710,0.95122,0.95149,1.50,1.00
2016.11.18 11:06:21.994,0.95122,0.95147,1.00,1.00
2016.11.18 11:06:22.225,0.95118,0.95147,1.50,1.00
2016.11.18 11:06:22.275,0.95118,0.95142,1.00,1.00
2016.11.18 11:06:22.426,0.95113,0.95138,1.00,1.00
2016.11.18 11:06:22.477,0.95113,0.95135,1.00,1.00
2016.11.18 11:06:22.527,0.95108,0.95135,1.00,1.00
2016.11.18 11:06:23.213,0.95109,0.95137,1.00,2.25
2016.11.18 11:06:23.633,0.95111,0.95138,1.00,1.00
2016.11.18 11:06:24.151,0.95113,0.95141,1.00,1.50
2016.11.18 11:06:24.702,0.95114,0.95141,1.00,1.00
2016.11.18 11:06:31.838,0.95113,0.95141,1.00,1.00
2016.11.18 11:06:32.614,0.95112,0.95141,1.00,1.00
2016.11.18 11:06:33.462,0.95114,0.95141,1.00,1.00
2016.11.18 11:06:33.512,0.95112,0.95141,1.50,1.00
2016.11.18 11:06:33.563,0.95116,0.95141,1.00,1.00
2016.11.18 11:06:33.613,0.95117,0.95144,1.00,1.00
2016.11.18 11:06:33.821,0.95117,0.95146,1.00,1.00
2016.11.18 11:06:34.463,0.95113,0.95146,1.50,1.00
2016.11.18 11:06:34.513,0.95113,0.9514,1.50,1.00
2016.11.18 11:06:34.664,0.95109,0.95139,1.00,1.00
2016.11.18 11:06:36.191,0.95111,0.95139,1.00,1.00
2016.11.18 11:06:36.514,0.95108,0.95137,1.00,1.00
2016.11.18 11:06:37.319,0.95108,0.95135,1.00,1.00
2016.11.18 11:06:38.468,0.95107,0.95135,1.00,1.00
2016.11.18 11:06:40.096,0.95109,0.95137,1.00,1.50
2016.11.18 11:06:40.435,0.95117,0.95145,1.00,1.50
2016.11.18 11:06:40.747,0.95119,0.95146,1.00,1.00
2016.11.18 11:06:41.135,0.95119,0.95149,1.00,1.00
2016.11.18 11:06:42.130,0.95119,0.95147,1.00,1.00
2016.11.18 11:06:45.575,0.95118,0.95146,1.00,1.00
2016.11.18 11:06:50.356,0.95116,0.95146,1.00,1.00
2016.11.18 11:06:50.871,0.95118,0.95146,1.00,1.00
2016.11.18 11:06:51.237,0.95116,0.95146,1.00,1.00
2016.11.18 11:06:51.873,0.95116,0.95144,1.00,1.00
2016.11.18 11:06:54.128,0.95116,0.95145,1.00,1.00
2016.11.18 11:06:56.353,0.95117,0.95145,1.00,1.00
2016.11.18 11:06:56.872,0.95116,0.95145,1.00,1.00
2016.11.18 11:06:58.756,0.95117,0.95145,1.00,1.00
2016.11.18 11:07:01.140,0.95119,0.95145,1.00,1.00
2016.11.18 11:07:01.350,0.95117,0.95145,1.00,1.50
2016.11.18 11:07:01.401,0.95115,0.95145,1.00,1.50
2016.11.18 11:07:01.551,0.95113,0.95143,1.00,1.00
2016.11.18 11:07:02.077,0.95112,0.95142,1.50,1.00
2016.11.18 11:07:02.968,0.95116,0.95144,1.00,1.00
2016.11.18 11:07:03.280,0.95118,0.95146,1.00,1.00
2016.11.18 11:07:03.481,0.95121,0.95151,1.00,1.00
2016.11.18 11:07:08.050,0.9512,0.9515,1.00,1.00
2016.11.18 11:07:08.574,0.9512,0.95149,1.00,1.00
2016.11.18 11:07:09.140,0.9512,0.9515,1.00,1.00
2016.11.18 11:07:10.712,0.95121,0.95151,1.00,1.00
2016.11.18 11:07:11.449,0.9512,0.95151,1.00,1.00
2016.11.18 11:07:14.391,0.95119,0.95145,1.00,1.00
2016.11.18 11:07:14.542,0.95119,0.95147,1.00,1.00
2016.11.18 11:07:14.743,0.95119,0.95145,1.00,1.00
2016.11.18 11:07:15.021,0.95116,0.95144,1.00,1.00
2016.11.18 11:07:15.123,0.95113,0.95142,1.50,1.00
2016.11.18 11:07:15.516,0.95115,0.95143,1.00,1.00
2016.11.18 11:07:17.509,0.95113,0.95143,1.50,1.00
2016.11.18 11:07:19.134,0.95113,0.95142,1.00,1.00
2016.11.18 11:07:20.691,0.95116,0.95142,1.00,1.00
2016.11.18 11:07:20.803,0.95116,0.95144,1.00,1.50
2016.11.18 11:07:22.072,0.95115,0.95143,1.00,1.00
2016.11.18 11:07:22.172,0.95113,0.95143,1.50,1.00
2016.11.18 11:07:22.224,0.95113,0.95141,1.50,1.00
2016.11.18 11:07:22.851,0.95115,0.95143,1.00,1.50
2016.11.18 11:07:24.557,0.95116,0.95144,1.00,1.50
2016.11.18 11:07:30.334,0.95115,0.95142,1.00,1.00
2016.11.18 11:07:33.580,0.95116,0.95142,1.00,1.00
2016.11.18 11:07:34.615,0.95117,0.95142,1.00,1.00
2016.11.18 11:07:35.314,0.95117,0.95143,1.00,1.00
2016.11.18 11:07:35.640,0.95121,0.95143,1.00,1.00
2016.11.18 11:07:35.740,0.95123,0.95148,1.00,1.00
2016.11.18 11:07:36.325,0.95123,0.95147,1.00,1.00
2016.11.18 11:07:36.915,0.95124,0.95147,1.00,1.00
2016.11.18 11:07:37.639,0.95124,0.95148,1.00,1.00
2016.11.18 11:07:38.082,0.95121,0.95148,1.00,1.00
2016.11.18 11:07:38.435,0.95123,0.95148,1.00,1.00
2016.11.18 11:07:39.214,0.95123,0.95147,1.00,1.00
2016.11.18 11:07:42.406,0.95121,0.95147,1.00,1.00
2016.11.18 11:07:43.844,0.95123,0.95147,1.00,1.00
2016.11.18 11:07:45.425,0.95123,0.95143,1.00,1.00
2016.11.18 11:07:46.567,0.95123,0.95148,1.00,1.00
2016.11.18 11:07:47.338,0.95123,0.95142,1.00,1.00
2016.11.18 11:07:47.465,0.95122,0.95147,1.00,1.00
2016.11.18 11:07:47.566,0.95122,0.95143,1.00,1.00
2016.11.18 11:07:47.840,0.95122,0.95148,1.00,1.00
2016.11.18 11:07:48.863,0.95122,0.95143,1.00,1.00
2016.11.18 11:07:49.142,0.9512,0.95143,1.00,1.00
2016.11.18 11:07:49.803,0.95121,0.95143,1.00,1.00
2016.11.18 11:07:50.677,0.95121,0.95147,1.00,1.00
2016.11.18 11:07:51.174,0.95121,0.95142,1.00,1.00
2016.11.18 11:07:51.637,0.95121,0.95147,1.00,1.00
2016.11.18 11:07:52.201,0.95122,0.95147,1.00,1.00
2016.11.18 11:07:56.845,0.95122,0.95142,1.00,1.00
2016.11.18 11:07:57.044,0.95122,0.95147,1.00,1.00
2016.11.18 11:07:57.344,0.95122,0.95142,1.00,1.00
2016.11.18 11:07:58.545,0.95122,0.95147,1.00,1.00
2016.11.18 11:08:01.698,0.95121,0.95147,1.00,1.00
2016.11.18 11:08:02.653,0.95122,0.95147,1.00,1.00
2016.11.18 11:08:04.153,0.95122,0.95148,1.00,1.00
2016.11.18 11:08:12.263,0.95122,0.95147,1.00,1.00
2016.11.18 11:08:12.793,0.95122,0.95148,1.00,1.00
2016.11.18 11:08:15.165,0.95121,0.95148,1.00,1.00
2016.11.18 11:08:15.756,0.95122,0.95148,1.00,1.00
2016.11.18 11:08:16.289,0.95121,0.95148,1.00,1.50
2016.11.18 11:08:16.340,0.95118,0.95147,1.00,1.00
2016.11.18 11:08:16.806,0.95118,0.95142,1.00,1.00
2016.11.18 11:08:17.683,0.95117,0.95143,1.00,1.00
2016.11.18 11:08:18.226,0.95117,0.95142,1.00,1.00
2016.11.18 11:08:18.728,0.95117,0.95143,1.00,1.00
2016.11.18 11:08:21.255,0.95115,0.95142,1.00,1.00
2016.11.18 11:08:22.953,0.95117,0.95143,1.00,1.50
2016.11.18 11:08:27.593,0.95116,0.95142,1.00,1.00
2016.11.18 11:08:27.895,0.95123,0.95148,1.00,1.00
2016.11.18 11:08:28.583,0.95122,0.95147,1.00,1.00
2016.11.18 11:08:28.799,0.95118,0.95147,1.00,1.50
2016.11.18 11:08:29.796,0.95117,0.95142,1.00,1.00
2016.11.18 11:08:29.997,0.95114,0.9514,1.00,1.00
2016.11.18 11:08:30.782,0.95114,0.95143,1.50,1.50
2016.11.18 11:08:30.930,0.95116,0.95143,1.00,1.00
2016.11.18 11:08:31.355,0.95115,0.95141,1.00,1.00
2016.11.18 11:08:32.910,0.95116,0.95142,1.00,1.00
2016.11.18 11:08:33.095,0.95116,0.95144,1.00,1.00
2016.11.18 11:08:34.756,0.95116,0.95145,1.00,1.00
2016.11.18 11:08:35.298,0.95116,0.95142,1.00,1.00
2016.11.18 11:08:35.966,0.95117,0.95142,1.00,1.00
2016.11.18 11:08:37.920,0.95119,0.95142,1.00,1.00
2016.11.18 11:08:39.419,0.95119,0.95143,1.00,1.00
2016.11.18 11:08:42.049,0.95121,0.95142,1.00,1.00
2016.11.18 11:08:42.381,0.95118,0.95142,1.00,1.00
2016.11.18 11:08:43.310,0.95118,0.95138,1.00,1.00
2016.11.18 11:08:45.915,0.95118,0.95142,1.00,1.00
2016.11.18 11:08:47.220,0.95118,0.95137,1.00,1.00
2016.11.18 11:08:49.392,0.95119,0.95137,1.00,1.00
2016.11.18 11:08:49.442,0.95119,0.95142,1.00,1.00
2016.11.18 11:08:50.633,0.9512,0.95142,1.00,1.00
2016.11.18 11:08:50.690,0.95116,0.95142,1.00,1.00
2016.11.18 11:08:50.741,0.95119,0.95142,1.00,1.00
2016.11.18 11:08:50.841,0.95119,0.95147,1.00,1.00
2016.11.18 11:08:50.892,0.95122,0.95147,1.00,1.00
2016.11.18 11:08:51.043,0.95124,0.95152,1.00,1.50
2016.11.18 11:08:51.590,0.95122,0.9515,1.50,1.00
2016.11.18 11:08:51.903,0.95122,0.95148,1.50,1.00
2016.11.18 11:08:52.232,0.95124,0.95148,1.00,1.00
2016.11.18 11:08:52.795,0.95124,0.95147,1.00,1.00
2016.11.18 11:08:54.261,0.95121,0.95148,1.50,1.00
2016.11.18 11:08:54.874,0.95121,0.95147,1.00,1.00
2016.11.18 11:08:55.744,0.95119,0.95145,1.00,1.00
2016.11.18 11:08:55.795,0.95117,0.95144,2.25,1.00
2016.11.18 11:08:55.845,0.95117,0.95142,1.00,1.00
2016.11.18 11:08:56.450,0.95117,0.95143,1.00,1.00
2016.11.18 11:08:56.967,0.95117,0.95144,1.00,1.00
2016.11.18 11:08:57.515,0.95117,0.95143,1.00,1.00
2016.11.18 11:08:58.925,0.95116,0.95142,1.00,1.00
2016.11.18 11:08:59.494,0.95115,0.95141,1.50,1.00
2016.11.18 11:08:59.926,0.95115,0.95143,1.50,1.50
2016.11.18 11:09:00.636,0.95116,0.95142,1.00,1.00
2016.11.18 11:09:00.787,0.95114,0.95141,1.00,1.00
2016.11.18 11:09:00.938,0.95115,0.95144,1.00,1.00
2016.11.18 11:09:01.093,0.95119,0.95145,1.00,1.00
2016.11.18 11:09:02.314,0.9512,0.95146,1.00,1.00
2016.11.18 11:09:03.208,0.95121,0.95147,1.00,1.00
2016.11.18 11:09:03.556,0.95123,0.95147,1.00,1.00
2016.11.18 11:09:03.684,0.95121,0.95147,1.00,1.00
2016.11.18 11:09:05.016,0.9512,0.95146,1.00,1.00
2016.11.18 11:09:05.487,0.9512,0.95143,1.00,1.00
2016.11.18 11:09:05.918,0.95118,0.95143,1.00,1.00
2016.11.18 11:09:07.216,0.95121,0.95143,1.00,1.00
2016.11.18 11:09:09.854,0.95121,0.95147,1.00,1.50
2016.11.18 11:09:10.401,0.95122,0.95147,1.00,1.00
2016.11.18 11:09:16.211,0.95122,0.95148,1.00,1.00
2016.11.18 11:09:16.378,0.9512,0.95149,1.00,1.00
2016.11.18 11:09:16.461,0.9512,0.95147,1.00,1.00
2016.11.18 11:09:18.076,0.95121,0.95147,1.00,1.50
2016.11.18 11:09:18.126,0.95118,0.95147,2.25,1.50
2016.11.18 11:09:18.177,0.95118,0.95145,1.50,1.00
2016.11.18 11:09:19.135,0.95118,0.95144,1.00,1.00
2016.11.18 11:09:20.116,0.95117,0.95143,1.00,1.00
2016.11.18 11:09:22.114,0.95116,0.95142,1.00,1.00
2016.11.18 11:09:22.720,0.95114,0.95143,1.00,1.00
2016.11.18 11:09:23.610,0.95114,0.95142,1.00,1.00
2016.11.18 11:09:24.945,0.95117,0.95142,1.00,1.00
2016.11.18 11:09:25.046,0.95119,0.95145,1.00,1.00
2016.11.18 11:09:25.147,0.95121,0.95145,1.00,1.00
2016.11.18 11:09:25.197,0.95121,0.95147,1.00,1.00
2016.11.18 11:09:25.247,0.95124,0.95147,1.00,1.00
2016.11.18 11:09:25.464,0.95124,0.95151,1.00,1.00
2016.11.18 11:09:25.675,0.95124,0.95148,1.00,1.00
2016.11.18 11:09:26.614,0.95124,0.95151,1.00,1.00
2016.11.18 11:09:27.077,0.95124,0.95147,1.00,1.00
2016.11.18 11:09:27.210,0.95124,0.95151,1.00,1.00
2016.11.18 11:09:27.477,0.95124,0.95147,1.00,1.00
2016.11.18 11:09:27.606,0.95124,0.95151,1.00,1.00
2016.11.18 11:09:28.178,0.95124,0.95148,1.00,1.00
2016.11.18 11:09:28.596,0.95124,0.95151,1.00,1.00
2016.11.18 11:09:29.722,0.95124,0.95147,1.00,1.00
2016.11.18 11:09:30.423,0.95124,0.95149,1.00,1.00
2016.11.18 11:09:30.604,0.95124,0.95147,1.00,1.00
2016.11.18 11:09:31.228,0.95124,0.95149,1.00,1.00
2016.11.18 11:09:31.745,0.95123,0.9515,1.00,1.00
2016.11.18 11:09:31.795,0.95123,0.95147,1.00,1.00
2016.11.18 11:09:31.896,0.95126,0.95152,1.00,1.50
2016.11.18 11:09:35.733,0.95126,0.95153,1.00,1.00
2016.11.18 11:09:36.734,0.95126,0.95152,1.00,1.00
2016.11.18 11:09:38.501,0.95128,0.95152,1.00,1.00
2016.11.18 11:09:38.831,0.95131,0.95152,1.00,1.00
2016.11.18 11:09:38.892,0.95131,0.9516,1.00,1.00
2016.11.18 11:09:38.992,0.95131,0.95157,1.00,1.00
2016.11.18 11:09:39.241,0.95131,0.9516,1.00,1.00
2016.11.18 11:09:41.156,0.95134,0.9516,1.00,1.00
2016.11.18 11:09:43.361,0.95134,0.95163,1.00,1.50
2016.11.18 11:09:43.461,0.95136,0.95164,1.00,1.00
2016.11.18 11:09:43.799,0.95137,0.95162,1.00,1.00
2016.11.18 11:09:43.849,0.95137,0.95165,1.00,1.00
2016.11.18 11:09:44.010,0.95137,0.95163,1.00,1.00
2016.11.18 11:09:44.552,0.95136,0.95162,1.00,1.00
2016.11.18 11:09:44.770,0.9514,0.95167,1.00,1.00
2016.11.18 11:09:45.038,0.9514,0.95171,1.00,1.00
2016.11.18 11:09:45.088,0.95144,0.9517,1.00,1.00
2016.11.18 11:09:45.422,0.95147,0.95175,1.00,1.00
2016.11.18 11:09:45.473,0.95151,0.95176,1.00,1.00
2016.11.18 11:09:45.624,0.95156,0.95182,1.00,1.00
2016.11.18 11:09:45.724,0.95155,0.95185,1.00,1.00
2016.11.18 11:09:45.775,0.95153,0.9518,1.00,1.00
2016.11.18 11:09:45.825,0.95149,0.9518,1.00,1.00
2016.11.18 11:09:46.154,0.95149,0.95178,1.00,1.00
2016.11.18 11:09:46.692,0.95146,0.95177,1.00,1.00
2016.11.18 11:09:47.106,0.95147,0.9518,1.00,1.50
2016.11.18 11:09:47.344,0.95149,0.9518,1.00,1.00
2016.11.18 11:09:47.646,0.95153,0.95182,1.00,1.00
2016.11.18 11:09:47.957,0.9515,0.95177,1.00,1.00
2016.11.18 11:09:48.302,0.95157,0.95177,1.00,1.00
2016.11.18 11:09:48.352,0.95157,0.95186,1.00,1.00
2016.11.18 11:09:48.453,0.95157,0.95188,1.00,1.00
2016.11.18 11:09:48.994,0.95157,0.95187,1.00,1.00
2016.11.18 11:09:49.094,0.95161,0.95187,1.00,1.00
2016.11.18 11:09:49.195,0.95165,0.95192,1.00,1.00
2016.11.18 11:09:49.346,0.95162,0.9519,1.00,1.00
2016.11.18 11:09:49.447,0.95162,0.95187,1.00,1.00
2016.11.18 11:09:49.547,0.95158,0.95187,1.00,1.00
2016.11.18 11:09:50.206,0.95157,0.95187,1.00,1.00
2016.11.18 11:09:51.177,0.95156,0.95187,1.50,1.00
2016.11.18 11:09:51.516,0.95156,0.95182,1.00,1.00
2016.11.18 11:09:51.566,0.95154,0.95182,1.50,1.00
2016.11.18 11:09:51.872,0.95158,0.95182,1.00,1.00
2016.11.18 11:09:52.271,0.95161,0.95182,1.00,1.00
2016.11.18 11:09:52.524,0.95161,0.95187,1.00,1.00
2016.11.18 11:09:52.574,0.95163,0.95187,1.00,1.00
2016.11.18 11:09:52.867,0.95161,0.95191,1.00,1.00
2016.11.18 11:09:53.048,0.95161,0.95188,1.00,1.00
2016.11.18 11:09:53.599,0.95162,0.95188,1.00,1.00
2016.11.18 11:09:53.882,0.9516,0.95188,1.00,1.00
2016.11.18 11:09:54.078,0.95162,0.95188,1.00,1.00
2016.11.18 11:09:54.421,0.95162,0.95192,1.00,2.25
2016.11.18 11:09:55.019,0.95163,0.95192,1.00,1.00
2016.11.18 11:09:55.223,0.95163,0.95187,1.00,1.00
2016.11.18 11:09:55.273,0.9516,0.95187,1.00,1.00
2016.11.18 11:09:55.700,0.95163,0.95187,1.00,1.00
2016.11.18 11:09:55.751,0.95163,0.95193,1.00,1.00
2016.11.18 11:09:56.256,0.95163,0.95192,1.00,1.00
2016.11.18 11:09:56.778,0.95165,0.95192,1.00,1.00
2016.11.18 11:09:57.145,0.95165,0.95194,1.00,1.00
2016.11.18 11:09:57.297,0.95163,0.95194,1.00,1.00
2016.11.18 11:09:57.426,0.95163,0.95188,1.00,1.00
2016.11.18 11:09:57.936,0.95162,0.95187,1.00,1.00
2016.11.18 11:09:58.246,0.95162,0.95193,1.50,1.50
2016.11.18 11:09:58.347,0.95162,0.95188,1.50,1.00
2016.11.18 11:09:59.098,0.95164,0.95188,1.00,1.00
2016.11.18 11:10:00.251,0.95165,0.95188,1.00,1.00
2016.11.18 11:10:00.960,0.95166,0.95188,1.00,1.00
2016.11.18 11:10:01.549,0.95166,0.95193,1.00,1.00
2016.11.18 11:10:01.834,0.95166,0.95187,1.00,1.00
2016.11.18 11:10:03.950,0.95166,0.95192,1.00,1.00
2016.11.18 11:10:04.578,0.95169,0.95192,1.00,1.00
2016.11.18 11:10:08.273,0.95169,0.95195,1.00,1.00
2016.11.18 11:10:08.402,0.9517,0.95197,1.00,1.00
2016.11.18 11:10:08.503,0.95167,0.95195,1.00,1.00
2016.11.18 11:10:08.654,0.95169,0.95197,1.00,1.50
2016.11.18 11:10:08.989,0.95172,0.95197,1.00,1.50
2016.11.18 11:10:09.456,0.95169,0.95196,1.00,1.00
2016.11.18 11:10:11.038,0.95169,0.95194,1.00,1.00
2016.11.18 11:10:11.347,0.95169,0.95192,1.00,1.00
2016.11.18 11:10:12.001,0.95168,0.95192,1.00,1.00
2016.11.18 11:10:14.151,0.95168,0.95193,1.00,1.00
2016.11.18 11:10:14.332,0.95162,0.95194,1.00,1.00
2016.11.18 11:10:14.383,0.95161,0.95189,1.00,1.00
2016.11.18 11:10:14.534,0.95157,0.95186,1.00,1.00
2016.11.18 11:10:15.067,0.95157,0.95187,1.00,1.00
2016.11.18 11:10:15.603,0.95158,0.95187,1.00,1.50
2016.11.18 11:10:15.957,0.95156,0.95187,1.00,1.00
2016.11.18 11:10:16.171,0.95156,0.95182,1.00,1.00
2016.11.18 11:10:16.284,0.95156,0.95188,1.00,2.25
2016.11.18 11:10:16.471,0.95158,0.95188,1.00,2.25
2016.11.18 11:10:17.063,0.95158,0.95187,1.00,1.00
2016.11.18 11:10:17.234,0.95155,0.95188,1.00,1.50
2016.11.18 11:10:17.414,0.95159,0.95185,1.00,1.00
2016.11.18 11:10:17.794,0.95158,0.95182,1.00,1.00
2016.11.18 11:10:19.763,0.95158,0.95183,1.00,1.00
2016.11.18 11:10:19.966,0.95158,0.95187,1.00,1.50
2016.11.18 11:10:20.129,0.95158,0.95185,1.00,1.00
2016.11.18 11:10:20.224,0.95156,0.95185,1.00,1.00
2016.11.18 11:10:20.274,0.95156,0.95182,1.00,1.00
2016.11.18 11:10:20.475,0.95156,0.95185,1.00,1.50
2016.11.18 11:10:20.665,0.95156,0.95183,1.00,1.00
2016.11.18 11:10:22.298,0.95156,0.95182,1.00,1.00
2016.11.18 11:10:25.939,0.95156,0.95177,1.00,1.00
2016.11.18 11:10:25.989,0.95157,0.95182,1.00,1.50
2016.11.18 11:10:26.637,0.95158,0.95183,1.00,1.00
2016.11.18 11:10:26.846,0.95158,0.95186,1.00,1.00
2016.11.18 11:10:27.046,0.95164,0.95189,1.00,1.00
2016.11.18 11:10:27.401,0.95163,0.95194,1.00,1.00
2016.11.18 11:10:27.602,0.95163,0.95186,1.00,1.00
2016.11.18 11:10:27.653,0.95163,0.9519,1.00,1.00
2016.11.18 11:10:27.704,0.95166,0.95192,1.00,1.50
2016.11.18 11:10:27.805,0.95164,0.95195,1.00,1.00
2016.11.18 11:10:27.965,0.95167,0.95193,1.00,1.00
2016.11.18 11:10:28.115,0.95163,0.95196,2.25,1.00
2016.11.18 11:10:28.227,0.95167,0.95198,1.00,1.50
2016.11.18 11:10:29.001,0.95167,0.95197,1.00,1.00
2016.11.18 11:10:29.361,0.9517,0.95196,1.00,1.00
2016.11.18 11:10:30.908,0.95177,0.95198,1.00,1.50
2016.11.18 11:10:30.959,0.95174,0.95198,1.00,1.00
2016.11.18 11:10:31.060,0.95172,0.95202,1.50,1.00
2016.11.18 11:10:31.211,0.95174,0.95206,1.00,1.00
2016.11.18 11:10:31.261,0.95174,0.95202,1.00,1.00
2016.11.18 11:10:31.362,0.95178,0.95207,1.00,1.50
2016.11.18 11:10:31.513,0.95175,0.95206,1.00,1.00
2016.11.18 11:10:31.564,0.95175,0.95202,1.00,1.00
2016.11.18 11:10:31.614,0.95174,0.95206,1.00,1.50
2016.11.18 11:10:32.148,0.95175,0.95206,1.00,1.00
2016.11.18 11:10:32.551,0.95173,0.95206,1.50,1.00
2016.11.18 11:10:33.067,0.95174,0.95206,1.00,1.00
2016.11.18 11:10:33.448,0.95174,0.95202,1.00,1.00
2016.11.18 11:10:33.918,0.95175,0.95206,1.00,1.50
2016.11.18 11:10:34.225,0.95174,0.95203,1.00,1.00
2016.11.18 11:10:34.326,0.95174,0.95206,1.00,1.00
2016.11.18 11:10:34.834,0.95174,0.95202,1.00,1.00
2016.11.18 11:10:35.321,0.95174,0.95206,1.00,1.00
2016.11.18 11:10:35.986,0.95174,0.95203,1.00,1.00
2016.11.18 11:10:36.302,0.9518,0.95207,1.00,1.00
2016.11.18 11:10:38.771,0.95178,0.95207,1.00,1.00
2016.11.18 11:10:39.079,0.9518,0.95206,1.00,1.00
2016.11.18 11:10:39.344,0.95178,0.95207,1.00,1.00
2016.11.18 11:10:39.495,0.95176,0.95207,1.00,1.50
2016.11.18 11:10:40.859,0.95182,0.95207,1.00,1.00
2016.11.18 11:10:40.960,0.95182,0.95211,1.00,1.50
2016.11.18 11:10:41.135,0.95178,0.95211,1.00,1.50
2016.11.18 11:10:41.858,0.95178,0.9521,1.00,1.00
2016.11.18 11:10:42.434,0.95179,0.95211,1.00,1.00
2016.11.18 11:10:42.803,0.95182,0.95211,1.00,1.50
2016.11.18 11:10:43.352,0.95182,0.95209,1.00,1.00
2016.11.18 11:10:43.958,0.95183,0.95209,1.00,1.00
2016.11.18 11:10:44.338,0.95181,0.95209,1.00,1.00
2016.11.18 11:10:45.077,0.95182,0.95208,1.00,1.00
2016.11.18 11:10:45.774,0.95183,0.95209,1.00,1.00
2016.11.18 11:10:46.103,0.95184,0.95211,1.00,1.00
2016.11.18 11:10:46.360,0.95183,0.95209,1.00,1.00
2016.11.18 11:10:46.485,0.95179,0.95209,1.00,1.00
2016.11.18 11:10:46.640,0.95182,0.9521,1.00,1.50
2016.11.18 11:10:47.053,0.95182,0.95202,1.00,1.00
2016.11.18 11:10:47.104,0.95177,0.95202,1.50,1.00
2016.11.18 11:10:47.204,0.95177,0.95205,1.00,1.00
2016.11.18 11:10:47.478,0.95176,0.95202,1.00,1.00
2016.11.18 11:10:47.846,0.95178,0.95202,1.00,1.00
2016.11.18 11:10:48.285,0.95178,0.95208,1.00,1.50
2016.11.18 11:10:48.926,0.95177,0.95207,1.50,1.00
2016.11.18 11:10:49.146,0.95179,0.95208,1.00,1.00
2016.11.18 11:10:49.509,0.95181,0.9521,1.00,1.50
2016.11.18 11:10:49.853,0.95178,0.9521,1.00,1.50
2016.11.18 11:10:49.904,0.95173,0.95204,1.50,1.00
2016.11.18 11:10:50.213,0.95178,0.95204,1.00,1.00
2016.11.18 11:10:50.264,0.95178,0.95206,1.00,1.00
2016.11.18 11:10:50.923,0.95178,0.95208,1.00,1.00
2016.11.18 11:10:51.024,0.9518,0.95208,1.00,1.00
2016.11.18 11:10:51.174,0.9518,0.95213,1.00,1.00
2016.11.18 11:10:51.225,0.95183,0.95213,1.00,1.50
2016.11.18 11:10:51.526,0.95186,0.95216,1.00,1.00
2016.11.18 11:10:52.403,0.95187,0.95216,1.00,1.00
2016.11.18 11:10:52.910,0.95188,0.95216,1.00,1.50
2016.11.18 11:10:54.274,0.95188,0.95212,1.00,1.00
2016.11.18 11:10:55.856,0.95188,0.95213,1.00,1.00
2016.11.18 11:10:56.360,0.95189,0.95216,1.00,1.00
2016.11.18 11:10:56.582,0.95189,0.95213,1.00,1.00
2016.11.18 11:10:57.960,0.95189,0.95212,1.00,1.00
2016.11.18 11:10:58.826,0.95191,0.95212,1.00,1.00
2016.11.18 11:10:58.877,0.95189,0.95213,1.00,1.00
2016.11.18 11:10:58.978,0.9519,0.95216,1.00,1.00
2016.11.18 11:11:00.114,0.95192,0.95216,1.00,1.00
2016.11.18 11:11:00.776,0.95191,0.95216,1.00,1.00
2016.11.18 11:11:05.538,0.95192,0.95217,1.00,1.00
2016.11.18 11:11:05.588,0.95183,0.95215,1.00,1.00
2016.11.18 11:11:05.639,0.95183,0.95211,1.50,1.00
2016.11.18 11:11:05.790,0.95181,0.95212,1.00,1.50
2016.11.18 11:11:06.065,0.95185,0.95211,1.00,1.00
2016.11.18 11:11:07.036,0.95186,0.95212,1.00,1.00
2016.11.18 11:11:07.578,0.95186,0.95214,1.00,1.00
2016.11.18 11:11:07.698,0.95184,0.95214,1.00,1.00
2016.11.18 11:11:07.799,0.95185,0.95212,1.00,1.00
2016.11.18 11:11:08.112,0.95186,0.95215,1.00,1.50
2016.11.18 11:11:08.223,0.95186,0.95213,1.00,1.00
2016.11.18 11:11:08.416,0.95184,0.95212,1.00,1.00
2016.11.18 11:11:08.516,0.95182,0.95211,1.50,1.00
2016.11.18 11:11:08.567,0.95185,0.95211,1.00,1.00
2016.11.18 11:11:09.482,0.95183,0.95211,1.00,1.00
2016.11.18 11:11:09.583,0.95185,0.95212,1.00,1.50
2016.11.18 11:11:13.533,0.95178,0.95203,1.00,1.00
2016.11.18 11:11:13.634,0.95171,0.952,1.00,1.00
2016.11.18 11:11:13.740,0.9517,0.95197,1.00,1.00
2016.11.18 11:11:15.614,0.95169,0.95196,1.00,1.00
2016.11.18 11:11:16.116,0.95169,0.95197,1.00,1.00
2016.11.18 11:11:22.147,0.95168,0.95194,1.00,1.00
2016.11.18 11:11:22.573,0.95165,0.95191,1.00,1.00
2016.11.18 11:11:24.225,0.95166,0.95192,1.00,1.00
2016.11.18 11:11:27.315,0.95162,0.9519,1.00,1.00
2016.11.18 11:11:27.366,0.95164,0.95192,1.00,1.50
2016.11.18 11:11:28.288,0.95163,0.95192,1.00,1.00
2016.11.18 11:11:29.040,0.95163,0.9519,1.00,1.00
2016.11.18 11:11:30.995,0.95162,0.9519,1.00,1.50
2016.11.18 11:11:31.330,0.95162,0.95188,1.00,1.00
2016.11.18 11:11:32.977,0.9516,0.95187,1.00,1.00
2016.11.18 11:11:33.325,0.95162,0.95187,1.00,1.00
2016.11.18 11:11:33.870,0.95159,0.95185,1.00,1.00
2016.11.18 11:11:34.798,0.95157,0.95186,1.50,1.00
2016.11.18 11:11:35.749,0.95158,0.95184,1.00,1.00
2016.11.18 11:11:36.568,0.9516,0.95185,1.00,1.00
2016.11.18 11:11:38.907,0.95162,0.95187,1.00,2.25
2016.11.18 11:11:39.734,0.95162,0.95186,1.00,1.00
2016.11.18 11:11:40.968,0.9516,0.95186,1.00,1.00
2016.11.18 11:11:41.492,0.9516,0.95185,1.00,1.00
2016.11.18 11:11:41.955,0.95158,0.95185,1.00,1.00
2016.11.18 11:11:42.512,0.9516,0.95185,1.00,1.00
2016.11.18 11:11:43.072,0.9516,0.95186,1.00,1.00
2016.11.18 11:11:43.631,0.95161,0.95186,1.00,1.00
2016.11.18 11:11:43.938,0.95163,0.95186,1.00,1.00
2016.11.18 11:11:44.038,0.95163,0.95188,1.00,1.00
2016.11.18 11:11:44.641,0.95163,0.95189,1.00,1.00
2016.11.18 11:11:45.289,0.95163,0.95187,1.00,1.00
2016.11.18 11:11:45.343,0.95163,0.95189,1.00,1.00
2016.11.18 11:11:45.844,0.95162,0.95189,1.00,1.00
2016.11.18 11:11:46.181,0.95161,0.95187,1.00,1.00
2016.11.18 11:11:51.776,0.9516,0.95185,1.00,1.00
2016.11.18 11:11:54.411,0.95161,0.95187,1.00,1.50
2016.11.18 11:11:54.512,0.95158,0.95186,1.00,1.00
2016.11.18 11:11:54.763,0.95158,0.95183,1.00,1.00
2016.11.18 11:11:54.864,0.95155,0.95181,1.00,1.00
2016.11.18 11:11:55.274,0.95153,0.9518,1.00,1.00
2016.11.18 11:11:55.505,0.95155,0.95181,1.00,1.00
2016.11.18 11:11:55.828,0.95154,0.95179,1.00,1.00
2016.11.18 11:12:01.241,0.95153,0.95179,1.00,1.00
2016.11.18 11:12:02.224,0.95152,0.95177,1.00,1.00
2016.11.18 11:12:04.452,0.95149,0.95178,1.00,1.00
2016.11.18 11:12:05.998,0.9515,0.95176,1.00,1.00
2016.11.18 11:12:07.176,0.95151,0.95177,1.00,1.00
2016.11.18 11:12:14.551,0.95148,0.95173,1.00,1.00
2016.11.18 11:12:14.602,0.95145,0.95171,1.00,1.00
2016.11.18 11:12:14.903,0.95146,0.95174,1.00,1.00
2016.11.18 11:12:15.004,0.95145,0.95171,1.00,1.00
2016.11.18 11:12:15.569,0.95141,0.9517,1.00,1.00
2016.11.18 11:12:15.771,0.95141,0.95168,1.00,1.00
2016.11.18 11:12:18.849,0.95141,0.95167,1.00,1.00
2016.11.18 11:12:24.033,0.95138,0.95168,1.00,1.00
2016.11.18 11:12:24.083,0.9514,0.95166,1.00,1.00
2016.11.18 11:12:24.293,0.95139,0.95168,1.00,1.50
2016.11.18 11:12:24.343,0.95139,0.95166,1.00,1.00
2016.11.18 11:12:24.532,0.95135,0.95165,1.00,1.00
2016.11.18 11:12:25.114,0.95138,0.95164,1.00,1.00
2016.11.18 11:12:26.042,0.95137,0.95162,1.00,1.00
2016.11.18 11:12:26.617,0.95136,0.95162,1.00,1.00
2016.11.18 11:12:29.880,0.95133,0.95159,1.50,1.00
2016.11.18 11:12:30.206,0.95129,0.95155,1.00,1.00
2016.11.18 11:12:30.938,0.95128,0.95154,1.50,1.00
2016.11.18 11:12:31.214,0.95123,0.9515,1.00,1.00
2016.11.18 11:12:31.265,0.95119,0.9515,1.00,1.00
2016.11.18 11:12:31.365,0.95123,0.95152,1.00,1.00
2016.11.18 11:12:31.466,0.95119,0.95151,1.00,1.00
2016.11.18 11:12:31.567,0.95123,0.95152,1.00,1.00
2016.11.18 11:12:32.049,0.9512,0.95152,1.00,1.00
2016.11.18 11:12:32.149,0.95122,0.95152,1.00,1.00
2016.11.18 11:12:32.427,0.9512,0.95152,1.00,1.00
2016.11.18 11:12:33.132,0.95122,0.95149,1.00,1.00
2016.11.18 11:12:35.242,0.95126,0.95152,1.00,1.00
2016.11.18 11:12:35.544,0.95129,0.95154,1.00,1.00
2016.11.18 11:12:36.250,0.95128,0.95156,1.00,1.50
2016.11.18 11:12:36.735,0.95128,0.95152,1.00,1.00
2016.11.18 11:12:37.356,0.95128,0.95153,1.00,1.00
2016.11.18 11:12:38.686,0.95129,0.95153,1.00,1.00
2016.11.18 11:12:39.576,0.95129,0.95152,1.00,1.00
2016.11.18 11:12:40.976,0.95129,0.95153,1.00,1.00
2016.11.18 11:12:41.685,0.95132,0.95153,1.00,1.00
2016.11.18 11:12:41.786,0.95133,0.95156,1.00,1.00
2016.11.18 11:12:42.643,0.9513,0.95156,1.00,1.00
2016.11.18 11:12:43.645,0.9513,0.95152,1.00,1.00
2016.11.18 11:12:44.361,0.95133,0.95156,1.00,1.00
2016.11.18 11:12:44.412,0.95135,0.95156,1.00,1.00
2016.11.18 11:12:44.462,0.95135,0.9516,1.00,1.50
2016.11.18 11:12:44.563,0.95132,0.95158,1.00,1.00
2016.11.18 11:12:44.614,0.95128,0.95155,1.00,1.00
2016.11.18 11:12:44.865,0.95128,0.95153,1.00,1.00
2016.11.18 11:12:45.366,0.95127,0.95153,1.00,1.00
2016.11.18 11:12:46.294,0.95126,0.95153,1.00,1.00
2016.11.18 11:12:48.759,0.95128,0.95153,1.00,1.50
2016.11.18 11:12:48.864,0.95126,0.95154,1.00,1.00
2016.11.18 11:12:49.594,0.95126,0.95153,1.00,1.00
2016.11.18 11:12:50.160,0.95125,0.95153,1.00,1.50
2016.11.18 11:12:50.359,0.95125,0.95151,1.00,1.00
2016.11.18 11:12:51.755,0.95123,0.95151,1.00,1.00
2016.11.18 11:12:52.228,0.9512,0.95151,1.00,1.00
2016.11.18 11:12:52.329,0.95121,0.95147,1.00,1.00
2016.11.18 11:12:52.379,0.95118,0.95146,1.00,1.00
2016.11.18 11:12:52.530,0.95118,0.95144,1.00,1.00
2016.11.18 11:12:52.786,0.9512,0.95148,1.00,1.00
2016.11.18 11:12:53.384,0.9512,0.95147,1.00,1.00
2016.11.18 11:12:54.834,0.95121,0.95146,1.00,1.00
2016.11.18 11:12:55.838,0.95123,0.95149,1.00,1.00
2016.11.18 11:12:55.939,0.95124,0.95152,1.00,1.00
2016.11.18 11:12:56.636,0.95124,0.95153,1.00,1.50
2016.11.18 11:12:57.116,0.95125,0.95151,1.00,1.00
2016.11.18 11:12:58.666,0.95128,0.95153,1.00,2.25
2016.11.18 11:12:58.917,0.9513,0.95157,1.00,1.00
2016.11.18 11:13:00.723,0.95128,0.95157,1.00,2.25
2016.11.18 11:13:00.846,0.95128,0.95155,1.00,1.00
2016.11.18 11:13:01.587,0.95127,0.95155,1.00,1.00
2016.11.18 11:13:02.182,0.95126,0.95155,1.00,1.50
2016.11.18 11:13:02.589,0.95126,0.95153,1.00,1.50
2016.11.18 11:13:03.238,0.95125,0.95152,1.00,1.50
2016.11.18 11:13:04.277,0.95126,0.95151,1.00,1.00
2016.11.18 11:13:05.036,0.95123,0.95152,1.00,1.00
2016.11.18 11:13:05.367,0.95125,0.95153,1.00,1.00
2016.11.18 11:13:05.417,0.95123,0.95153,1.00,1.00
2016.11.18 11:13:05.964,0.95123,0.95152,1.00,1.50
2016.11.18 11:13:06.203,0.95122,0.9515,1.00,1.00
2016.11.18 11:13:06.539,0.95122,0.95147,1.00,1.00
2016.11.18 11:13:07.056,0.95121,0.95148,1.00,1.00
2016.11.18 11:13:07.106,0.95119,0.95148,1.00,1.00
2016.11.18 11:13:07.207,0.95119,0.95146,1.00,1.00
2016.11.18 11:13:07.408,0.95116,0.95145,1.00,1.00
2016.11.18 11:13:07.610,0.95115,0.95142,1.00,1.00
2016.11.18 11:13:08.420,0.95116,0.95145,1.00,1.00
2016.11.18 11:13:09.060,0.95117,0.95145,1.00,1.00
2016.11.18 11:13:09.839,0.95118,0.95145,1.00,1.00
2016.11.18 11:13:10.812,0.95115,0.95144,1.00,1.00
2016.11.18 11:13:10.913,0.95115,0.95141,1.00,1.00
2016.11.18 11:13:11.170,0.95112,0.95141,1.00,1.00
2016.11.18 11:13:11.801,0.95114,0.95141,1.00,1.00
2016.11.18 11:13:12.368,0.95115,0.95141,1.00,1.00
2016.11.18 11:13:12.446,0.95112,0.95139,1.00,1.00
2016.11.18 11:13:14.132,0.95112,0.95138,1.00,1.00
2016.11.18 11:13:15.739,0.95113,0.95138,1.00,1.00
2016.11.18 11:13:15.950,0.95117,0.95142,1.00,1.00
2016.11.18 11:13:16.087,0.95117,0.95144,1.00,1.50
2016.11.18 11:13:17.973,0.95115,0.95144,1.00,1.50
2016.11.18 11:13:18.024,0.95115,0.95142,1.00,1.00
2016.11.18 11:13:18.074,0.95112,0.9514,1.50,1.00
2016.11.18 11:13:18.275,0.95111,0.95137,1.00,1.00
2016.11.18 11:13:18.534,0.95109,0.95137,1.00,1.50
2016.11.18 11:13:18.801,0.95107,0.95137,1.00,1.50
2016.11.18 11:13:18.975,0.95109,0.95137,1.00,1.50
2016.11.18 11:13:19.628,0.95108,0.95136,1.00,1.00
2016.11.18 11:13:19.988,0.95107,0.95132,1.00,1.00
2016.11.18 11:13:20.379,0.95107,0.95134,1.00,1.00
2016.11.18 11:13:20.430,0.95105,0.95134,1.00,1.00
2016.11.18 11:13:20.680,0.95105,0.95132,1.00,1.00
2016.11.18 11:13:21.242,0.95104,0.95132,1.00,1.00
2016.11.18 11:13:21.482,0.95104,0.95134,1.00,1.00
2016.11.18 11:13:21.771,0.95106,0.95134,1.00,1.00
2016.11.18 11:13:22.381,0.95105,0.95134,1.00,1.00
2016.11.18 11:13:23.041,0.95104,0.95134,1.00,1.00
2016.11.18 11:13:24.135,0.95105,0.95132,1.00,1.00
2016.11.18 11:13:24.550,0.95103,0.95132,1.00,1.50
2016.11.18 11:13:25.162,0.95103,0.95131,1.50,1.00
2016.11.18 11:13:25.717,0.95104,0.95132,1.00,1.00
2016.11.18 11:13:26.312,0.95103,0.95131,1.50,1.00
2016.11.18 11:13:27.906,0.95104,0.9513,1.00,1.00
2016.11.18 11:13:29.910,0.95102,0.9513,1.00,1.00
2016.11.18 11:13:30.911,0.95104,0.9513,1.00,1.00
2016.11.18 11:13:31.490,0.95103,0.95131,1.00,1.00
2016.11.18 11:13:31.792,0.95103,0.95128,1.00,1.50
2016.11.18 11:13:31.843,0.951,0.95126,1.00,1.00
2016.11.18 11:13:31.944,0.951,0.95123,1.00,1.00
2016.11.18 11:13:32.044,0.951,0.95125,1.00,1.00
2016.11.18 11:13:32.198,0.95096,0.95125,1.00,1.50
2016.11.18 11:13:33.499,0.95097,0.95125,1.00,1.00
2016.11.18 11:13:35.299,0.95098,0.95125,1.00,1.00
2016.11.18 11:13:35.400,0.95102,0.95125,1.00,1.00
2016.11.18 11:13:35.450,0.95102,0.9513,1.00,1.50
2016.11.18 11:13:35.502,0.95102,0.95128,1.00,1.00
2016.11.18 11:13:35.703,0.95103,0.9513,1.00,1.50
2016.11.18 11:13:36.699,0.95105,0.95133,1.00,2.25
2016.11.18 11:13:36.750,0.95107,0.95133,1.00,1.00
2016.11.18 11:13:37.231,0.95108,0.95137,1.00,1.00
2016.11.18 11:13:37.332,0.9511,0.95137,1.00,1.50
2016.11.18 11:13:37.657,0.95112,0.95138,1.00,1.00
2016.11.18 11:13:38.177,0.95111,0.95138,1.00,1.00
2016.11.18 11:13:38.227,0.95112,0.95141,1.00,1.00
2016.11.18 11:13:38.644,0.95112,0.95138,1.00,1.00
2016.11.18 11:13:38.745,0.95111,0.95142,1.00,1.50
2016.11.18 11:13:39.262,0.9511,0.95141,1.00,1.00
2016.11.18 11:13:39.839,0.95111,0.95142,1.00,1.00
2016.11.18 11:13:40.426,0.95113,0.95142,1.00,1.00
2016.11.18 11:13:40.715,0.95111,0.95142,1.00,1.00
2016.11.18 11:13:40.805,0.95113,0.95142,1.00,1.50
2016.11.18 11:13:41.141,0.95115,0.95142,1.00,1.00
2016.11.18 11:13:41.667,0.95114,0.95142,1.00,1.50
2016.11.18 11:13:42.468,0.95114,0.95141,1.00,1.00
2016.11.18 11:13:43.002,0.95111,0.95142,1.00,2.25
2016.11.18 11:13:43.304,0.95114,0.95142,1.00,1.50
2016.11.18 11:13:44.152,0.95113,0.95141,1.00,1.00
2016.11.18 11:13:44.463,0.95112,0.95137,1.00,1.00
2016.11.18 11:13:44.722,0.95112,0.9514,1.00,1.00
2016.11.18 11:13:45.538,0.95111,0.95142,1.00,2.25
2016.11.18 11:13:45.588,0.95112,0.95139,1.00,1.00
2016.11.18 11:13:46.059,0.95112,0.95137,1.00,1.00
2016.11.18 11:13:46.590,0.95111,0.95137,1.00,1.00
2016.11.18 11:13:46.649,0.95111,0.9514,1.00,1.00
2016.11.18 11:13:47.338,0.9511,0.9514,1.00,1.50
2016.11.18 11:13:48.129,0.95111,0.9514,1.00,1.50
2016.11.18 11:13:48.368,0.95111,0.95137,1.00,1.00
2016.11.18 11:13:48.965,0.95111,0.95136,1.00,1.00
2016.11.18 11:13:49.144,0.95109,0.95135,1.00,1.00
2016.11.18 11:13:51.273,0.9511,0.95137,1.00,1.50
2016.11.18 11:13:54.306,0.95112,0.9514,1.00,1.00
2016.11.18 11:13:54.357,0.95112,0.95137,1.00,1.00
2016.11.18 11:13:54.457,0.95112,0.9514,1.00,1.00
2016.11.18 11:13:54.659,0.95112,0.95138,1.00,1.00
2016.11.18 11:13:55.137,0.95109,0.95138,1.00,1.50
2016.11.18 11:13:56.230,0.95111,0.95138,1.00,1.00
2016.11.18 11:13:56.773,0.95111,0.95137,1.00,1.00
2016.11.18 11:13:57.088,0.95113,0.95137,1.00,1.00
2016.11.18 11:13:57.188,0.95113,0.95142,1.00,1.50
2016.11.18 11:13:57.325,0.95115,0.95142,1.00,1.00
2016.11.18 11:13:57.781,0.95116,0.95147,1.00,1.50
2016.11.18 11:13:58.054,0.95119,0.95142,1.00,1.00
2016.11.18 11:13:58.205,0.95116,0.95142,1.00,1.00
2016.11.18 11:13:58.256,0.95116,0.95144,1.00,1.50
2016.11.18 11:13:58.356,0.95112,0.95144,1.50,1.50
2016.11.18 11:13:58.564,0.95112,0.95142,1.50,1.00
2016.11.18 11:13:59.253,0.95113,0.95142,1.00,1.50
2016.11.18 11:13:59.588,0.95119,0.95142,1.00,1.00
2016.11.18 11:13:59.688,0.95119,0.95147,1.00,1.00
2016.11.18 11:13:59.845,0.95117,0.95146,1.00,1.00
2016.11.18 11:14:00.045,0.95117,0.95143,1.00,1.00
2016.11.18 11:14:00.332,0.95115,0.95143,1.00,1.00
2016.11.18 11:14:01.019,0.95117,0.95143,1.00,1.00
2016.11.18 11:14:01.844,0.95112,0.95143,1.00,1.00
2016.11.18 11:14:02.149,0.95113,0.95137,1.00,1.00
2016.11.18 11:14:02.834,0.95113,0.95138,1.00,1.00
2016.11.18 11:14:02.884,0.95115,0.95142,1.00,1.50
2016.11.18 11:14:03.236,0.95112,0.95142,1.00,1.00
2016.11.18 11:14:03.337,0.95111,0.95139,1.00,1.00
2016.11.18 11:14:03.719,0.95111,0.95137,1.00,1.00
2016.11.18 11:14:04.273,0.95111,0.95138,1.00,1.00
2016.11.18 11:14:04.786,0.95111,0.95137,1.00,1.00
2016.11.18 11:14:05.556,0.95111,0.95138,1.00,1.00
2016.11.18 11:14:06.194,0.95111,0.95137,1.00,1.00
2016.11.18 11:14:06.396,0.95112,0.95139,1.00,1.00
2016.11.18 11:14:06.597,0.95112,0.95137,1.00,1.00
2016.11.18 11:14:07.107,0.95113,0.95137,1.00,1.00
2016.11.18 11:14:07.658,0.95113,0.95143,1.00,1.50
2016.11.18 11:14:08.047,0.95123,0.95143,1.00,1.00
2016.11.18 11:14:08.097,0.95125,0.95148,1.00,1.00
2016.11.18 11:14:08.198,0.95126,0.95152,1.00,1.00
2016.11.18 11:14:08.399,0.95126,0.95155,1.00,1.00
2016.11.18 11:14:08.500,0.95126,0.95153,1.00,1.00
2016.11.18 11:14:08.861,0.95124,0.95153,1.00,1.50
2016.11.18 11:14:09.207,0.95129,0.95156,1.00,1.00
2016.11.18 11:14:09.307,0.95134,0.95162,1.00,1.00
2016.11.18 11:14:09.458,0.95136,0.95163,1.00,1.00
2016.11.18 11:14:09.509,0.95138,0.95167,1.00,1.00
2016.11.18 11:14:09.559,0.9514,0.95167,1.00,1.00
2016.11.18 11:14:09.811,0.9514,0.9517,1.00,1.00
2016.11.18 11:14:10.063,0.9514,0.95168,1.00,1.00
2016.11.18 11:14:11.892,0.95142,0.95168,1.00,1.00
2016.11.18 11:14:12.784,0.95144,0.95173,1.00,2.25
2016.11.18 11:14:12.885,0.95147,0.95173,1.00,1.50
2016.11.18 11:14:13.186,0.95151,0.95172,1.00,1.00
2016.11.18 11:14:13.437,0.95144,0.95171,1.00,1.00
2016.11.18 11:14:13.668,0.95144,0.95167,1.00,1.00
2016.11.18 11:14:13.787,0.95144,0.95171,1.00,1.00
2016.11.18 11:14:13.923,0.95144,0.95168,1.00,1.00
2016.11.18 11:14:13.973,0.95144,0.95173,1.00,1.50
2016.11.18 11:14:14.128,0.95148,0.95173,1.00,1.00
2016.11.18 11:14:14.178,0.95148,0.95178,1.00,1.50
2016.11.18 11:14:15.022,0.95149,0.95178,1.00,1.00
2016.11.18 11:14:16.296,0.9515,0.95178,1.00,1.50
2016.11.18 11:14:17.775,0.9515,0.95172,1.00,1.00
2016.11.18 11:14:20.108,0.95151,0.95172,1.00,1.00
2016.11.18 11:14:20.209,0.95151,0.95177,1.00,1.50
2016.11.18 11:14:21.710,0.95152,0.95177,1.00,1.00
2016.11.18 11:14:21.964,0.95154,0.95177,1.00,1.00
2016.11.18 11:14:22.014,0.95156,0.95182,1.00,1.00
2016.11.18 11:14:22.282,0.95156,0.95177,1.00,1.00
2016.11.18 11:14:22.382,0.95156,0.95183,1.00,1.00
2016.11.18 11:14:22.725,0.95155,0.95181,1.00,1.00
2016.11.18 11:14:23.027,0.95153,0.95177,1.00,1.00
2016.11.18 11:14:23.177,0.95147,0.95174,1.00,1.00
2016.11.18 11:14:23.328,0.95146,0.95172,1.00,1.00
2016.11.18 11:14:23.479,0.95144,0.95171,1.00,1.00
2016.11.18 11:14:23.691,0.95147,0.95173,1.00,1.00
2016.11.18 11:14:24.300,0.95147,0.95172,1.00,1.00
2016.11.18 11:14:24.762,0.95152,0.95173,1.00,1.00
2016.11.18 11:14:24.813,0.95152,0.95178,1.00,1.00
2016.11.18 11:14:24.913,0.95154,0.9518,1.00,1.00
2016.11.18 11:14:25.225,0.95154,0.95177,1.00,1.00
2016.11.18 11:14:25.951,0.95154,0.95178,1.00,1.00
2016.11.18 11:14:26.988,0.95156,0.95178,1.00,1.00
2016.11.18 11:14:27.139,0.95156,0.95182,1.00,1.00
2016.11.18 11:14:28.008,0.95156,0.95181,1.00,1.00
2016.11.18 11:14:28.995,0.95158,0.95182,1.00,1.00
2016.11.18 11:14:29.210,0.95163,0.95188,1.00,1.00
2016.11.18 11:14:29.261,0.95161,0.95186,1.00,1.00
2016.11.18 11:14:29.464,0.95158,0.95185,1.00,1.00
2016.11.18 11:14:29.717,0.95158,0.95183,1.00,1.00
2016.11.18 11:14:31.500,0.95158,0.95184,1.00,1.00
2016.11.18 11:14:31.821,0.95159,0.95188,1.00,1.00
2016.11.18 11:14:31.922,0.95157,0.95188,1.00,1.00
2016.11.18 11:14:31.974,0.95158,0.95185,1.00,1.00
2016.11.18 11:14:32.301,0.95158,0.95182,1.00,1.00
2016.11.18 11:14:32.608,0.95158,0.95178,1.00,1.00
2016.11.18 11:14:32.658,0.95155,0.95178,1.00,1.00
2016.11.18 11:14:33.242,0.95155,0.95177,1.00,1.00
2016.11.18 11:14:34.994,0.95157,0.95177,1.00,1.00
2016.11.18 11:14:35.907,0.95157,0.95183,1.00,1.50
2016.11.18 11:14:36.107,0.95157,0.95177,1.00,1.00
2016.11.18 11:14:36.408,0.95157,0.95182,1.00,1.00
2016.11.18 11:14:37.723,0.95157,0.95183,1.00,1.50
2016.11.18 11:14:37.993,0.95155,0.95183,1.00,1.50
2016.11.18 11:14:41.013,0.95155,0.95182,1.00,1.00
2016.11.18 11:14:42.032,0.95155,0.95177,1.00,1.00
2016.11.18 11:14:42.563,0.95155,0.95178,1.00,1.00
2016.11.18 11:14:45.319,0.95155,0.95177,1.00,1.00
2016.11.18 11:14:46.020,0.95155,0.95182,1.00,1.00
2016.11.18 11:14:46.574,0.95153,0.95181,1.00,1.00
2016.11.18 11:14:48.224,0.95152,0.9518,1.00,1.00
2016.11.18 11:14:48.325,0.95151,0.95178,1.00,1.00
2016.11.18 11:14:49.185,0.9515,0.95177,1.00,1.00
2016.11.18 11:14:50.445,0.95149,0.95175,1.00,1.00
2016.11.18 11:14:51.354,0.9515,0.95175,1.00,1.00
2016.11.18 11:14:54.764,0.95148,0.95176,1.00,1.00
2016.11.18 11:14:56.680,0.95151,0.95177,1.00,1.00
2016.11.18 11:14:57.316,0.95152,0.95178,1.00,1.00
2016.11.18 11:15:00.650,0.95152,0.95177,1.00,1.00
2016.11.18 11:15:01.277,0.9515,0.95177,1.00,1.00
2016.11.18 11:15:01.328,0.95153,0.95181,1.00,1.50
2016.11.18 11:15:01.947,0.95155,0.95181,1.00,1.00
2016.11.18 11:15:02.426,0.95153,0.95179,1.00,1.00
2016.11.18 11:15:03.082,0.95155,0.95181,1.00,1.00
2016.11.18 11:15:03.568,0.95155,0.95178,1.00,1.00
2016.11.18 11:15:03.929,0.95155,0.95181,1.00,1.00
2016.11.18 11:15:04.262,0.95152,0.95179,1.00,1.00
2016.11.18 11:15:04.363,0.9515,0.95174,1.00,1.00
2016.11.18 11:15:04.463,0.95145,0.95172,1.00,1.00
2016.11.18 11:15:04.514,0.95147,0.95176,1.00,1.00
2016.11.18 11:15:04.933,0.95147,0.95172,1.00,1.00
2016.11.18 11:15:05.530,0.95149,0.95172,1.00,1.00
2016.11.18 11:15:07.135,0.95149,0.95175,1.00,1.00
2016.11.18 11:15:07.435,0.95149,0.95172,1.00,1.00
2016.11.18 11:15:07.703,0.95144,0.9517,1.00,1.00
2016.11.18 11:15:07.754,0.95141,0.95169,1.00,1.00
2016.11.18 11:15:07.854,0.9514,0.95171,1.00,1.00
2016.11.18 11:15:07.955,0.9514,0.95167,1.00,1.00
2016.11.18 11:15:08.648,0.95143,0.9517,1.00,1.00
2016.11.18 11:15:09.011,0.95145,0.95167,1.00,1.00
2016.11.18 11:15:09.695,0.95145,0.95168,1.00,1.00
2016.11.18 11:15:09.846,0.95146,0.95175,1.00,1.00
2016.11.18 11:15:10.097,0.95145,0.95171,1.00,1.00
2016.11.18 11:15:10.412,0.95147,0.95172,1.00,1.00
2016.11.18 11:15:12.712,0.95146,0.95171,1.00,1.00
2016.11.18 11:15:12.762,0.95144,0.9517,1.00,1.00
2016.11.18 11:15:13.104,0.95144,0.95172,1.00,1.00
2016.11.18 11:15:13.205,0.95147,0.95172,1.00,1.00
2016.11.18 11:15:13.256,0.95147,0.95174,1.00,1.00
2016.11.18 11:15:13.558,0.95147,0.95172,1.00,1.00
2016.11.18 11:15:14.340,0.95149,0.95172,1.00,1.00
2016.11.18 11:15:14.658,0.9515,0.95177,1.00,1.50
2016.11.18 11:15:14.759,0.95152,0.95178,1.00,1.00
2016.11.18 11:15:14.810,0.95154,0.95182,1.00,1.00
2016.11.18 11:15:14.910,0.95152,0.95181,1.00,1.00
2016.11.18 11:15:15.061,0.95152,0.95177,1.00,1.00
2016.11.18 11:15:15.602,0.95151,0.95177,1.50,1.00
2016.11.18 11:15:16.103,0.95151,0.95178,1.00,1.00
2016.11.18 11:15:16.463,0.95149,0.95176,1.00,1.00
2016.11.18 11:15:17.142,0.9515,0.95177,1.00,1.00
2016.11.18 11:15:17.752,0.95151,0.95177,1.00,1.00
2016.11.18 11:15:19.058,0.95151,0.95173,1.00,1.00
2016.11.18 11:15:19.109,0.95146,0.95173,1.50,1.50
2016.11.18 11:15:19.860,0.95146,0.95172,1.50,1.00
2016.11.18 11:15:20.498,0.95146,0.95167,1.50,1.00
2016.11.18 11:15:21.392,0.95146,0.95173,1.00,1.50
2016.11.18 11:15:21.774,0.95147,0.95175,1.00,1.00
2016.11.18 11:15:22.064,0.95147,0.95172,1.00,1.00
2016.11.18 11:15:22.576,0.95146,0.95167,1.00,1.00
2016.11.18 11:15:22.877,0.95146,0.95173,1.00,1.00
2016.11.18 11:15:22.977,0.95144,0.95168,1.00,1.00
2016.11.18 11:15:23.174,0.95146,0.95173,1.00,1.00
2016.11.18 11:15:23.748,0.95146,0.95172,1.00,1.00
2016.11.18 11:15:24.368,0.95146,0.95168,1.00,1.00
2016.11.18 11:15:24.469,0.95146,0.95172,1.00,1.00
2016.11.18 11:15:25.041,0.95145,0.95172,1.00,1.00
2016.11.18 11:15:27.004,0.95144,0.95172,1.00,1.00
2016.11.18 11:15:28.174,0.95144,0.95173,1.00,1.50
2016.11.18 11:15:29.081,0.95144,0.95172,1.00,1.00
2016.11.18 11:15:29.232,0.95146,0.95173,1.00,1.00
2016.11.18 11:15:29.333,0.95144,0.95173,1.00,1.00
2016.11.18 11:15:29.624,0.95147,0.95173,1.00,1.00
2016.11.18 11:15:29.725,0.95149,0.95177,1.00,1.50
2016.11.18 11:15:29.825,0.95149,0.95172,1.00,1.00
2016.11.18 11:15:29.978,0.95149,0.95177,1.00,1.00
2016.11.18 11:15:30.078,0.95149,0.95172,1.00,1.00
2016.11.18 11:15:30.129,0.95147,0.95172,1.00,1.00
2016.11.18 11:15:30.473,0.95145,0.95172,1.00,1.00
2016.11.18 11:15:30.638,0.95143,0.95172,1.00,1.00
2016.11.18 11:15:30.689,0.95143,0.95174,2.25,1.00
2016.11.18 11:15:31.312,0.95143,0.95173,1.50,1.00
2016.11.18 11:15:31.627,0.95145,0.95172,1.00,1.00
2016.11.18 11:15:32.485,0.95146,0.95171,1.00,1.00
2016.11.18 11:15:33.891,0.95147,0.95173,1.00,1.50
2016.11.18 11:15:34.692,0.95147,0.95172,1.00,1.00
2016.11.18 11:15:34.743,0.95145,0.95172,1.00,1.50
2016.11.18 11:15:35.245,0.95146,0.95172,1.00,1.50
2016.11.18 11:15:35.904,0.95146,0.95167,1.00,1.00
2016.11.18 11:15:36.636,0.95146,0.95173,1.00,1.00
2016.11.18 11:15:37.186,0.95146,0.95172,1.00,1.00
2016.11.18 11:15:40.896,0.95145,0.95172,1.00,1.00
2016.11.18 11:15:41.399,0.95145,0.95173,1.00,1.50
2016.11.18 11:15:41.677,0.95145,0.95171,1.00,1.00
2016.11.18 11:15:42.000,0.95145,0.95167,1.00,1.00
2016.11.18 11:15:43.302,0.95145,0.95168,1.00,1.00
2016.11.18 11:15:46.658,0.95146,0.95168,1.00,1.00
2016.11.18 11:15:47.909,0.95146,0.95167,1.00,1.00
2016.11.18 11:15:48.159,0.95144,0.95167,1.50,1.00
2016.11.18 11:15:48.210,0.95144,0.95171,1.50,1.00
2016.11.18 11:15:48.730,0.95144,0.9517,1.00,1.00
2016.11.18 11:15:49.579,0.95146,0.95171,1.00,1.00
2016.11.18 11:15:49.733,0.95147,0.95173,1.00,1.50
2016.11.18 11:15:50.079,0.95143,0.95169,1.00,1.00
2016.11.18 11:15:51.015,0.95143,0.95168,1.00,1.00
2016.11.18 11:15:51.672,0.95142,0.95168,1.00,1.50
2016.11.18 11:15:52.468,0.95142,0.95167,1.00,1.00
2016.11.18 11:15:54.115,0.9514,0.95167,1.00,1.00
2016.11.18 11:15:54.757,0.9514,0.95168,1.00,1.50
2016.11.18 11:15:59.009,0.95138,0.95163,1.50,1.00
2016.11.18 11:16:01.687,0.95138,0.9516,1.00,1.00
2016.11.18 11:16:01.737,0.95132,0.9516,1.00,1.00
2016.11.18 11:16:02.292,0.95133,0.95162,1.00,1.50
2016.11.18 11:16:02.813,0.95134,0.95161,1.50,1.00
2016.11.18 11:16:03.547,0.95138,0.95162,1.00,1.00
2016.11.18 11:16:04.035,0.95138,0.95164,1.00,1.00
2016.11.18 11:16:04.420,0.95138,0.95166,1.00,1.00
2016.11.18 11:16:05.620,0.95139,0.95164,1.00,1.00
2016.11.18 11:16:05.994,0.95137,0.95164,1.00,1.00
2016.11.18 11:16:06.571,0.95137,0.95166,1.00,1.00
2016.11.18 11:16:06.869,0.95137,0.95163,1.00,1.00
2016.11.18 11:16:06.970,0.95137,0.95166,1.00,1.00
2016.11.18 11:16:07.116,0.95137,0.95163,1.00,1.00
2016.11.18 11:16:09.685,0.95139,0.95166,1.00,1.00
2016.11.18 11:16:09.736,0.95134,0.95162,1.00,1.00
2016.11.18 11:16:09.786,0.95137,0.95162,1.00,1.00
2016.11.18 11:16:10.098,0.95139,0.95163,1.00,1.00
2016.11.18 11:16:10.758,0.95139,0.95164,1.00,1.00
2016.11.18 11:16:11.283,0.9514,0.95164,1.00,1.00
2016.11.18 11:16:11.614,0.95139,0.95167,1.00,1.00
2016.11.18 11:16:11.715,0.95142,0.95167,1.00,1.50
2016.11.18 11:16:11.866,0.95142,0.95169,1.00,1.00
2016.11.18 11:16:11.972,0.95141,0.95167,1.00,1.00
2016.11.18 11:16:14.513,0.9514,0.95167,1.00,1.50
2016.11.18 11:16:16.214,0.9514,0.95166,1.00,1.00
2016.11.18 11:16:17.658,0.95139,0.95164,1.00,1.00
2016.11.18 11:16:17.709,0.95137,0.95163,1.00,1.00
2016.11.18 11:16:19.001,0.95136,0.95162,1.00,1.50
2016.11.18 11:16:19.253,0.95134,0.95159,1.00,1.00
2016.11.18 11:16:19.353,0.95134,0.95162,1.00,1.50
2016.11.18 11:16:19.854,0.95135,0.95163,1.00,1.00
2016.11.18 11:16:20.366,0.95135,0.95161,1.00,1.00
2016.11.18 11:16:21.769,0.95135,0.95158,1.00,1.00
2016.11.18 11:16:24.878,0.95134,0.95158,1.00,1.00
2016.11.18 11:16:25.002,0.95134,0.9516,1.00,1.00
2016.11.18 11:16:26.017,0.95128,0.95161,1.50,1.00
2016.11.18 11:16:26.068,0.9513,0.95156,1.00,1.00
2016.11.18 11:16:26.618,0.95129,0.95157,1.00,1.00
2016.11.18 11:16:27.239,0.9513,0.95156,1.00,1.00
2016.11.18 11:16:28.113,0.95128,0.95157,1.50,1.00
2016.11.18 11:16:31.277,0.95128,0.95156,1.50,1.00
2016.11.18 11:16:31.794,0.95129,0.95156,1.00,1.00
2016.11.18 11:16:32.747,0.95129,0.95154,1.00,1.00
2016.11.18 11:16:33.290,0.95129,0.95153,1.00,1.00
2016.11.18 11:16:33.754,0.95131,0.95152,1.00,1.00
2016.11.18 11:16:33.804,0.95131,0.95156,1.00,1.00
2016.11.18 11:16:34.339,0.9513,0.95156,1.00,1.00
2016.11.18 11:16:36.032,0.9513,0.95157,1.00,1.50
2016.11.18 11:16:36.294,0.95129,0.95155,1.50,1.00
2016.11.18 11:16:36.395,0.9513,0.95158,1.00,1.50
2016.11.18 11:16:37.109,0.9513,0.95157,1.00,1.00
2016.11.18 11:16:37.898,0.9513,0.95158,1.00,1.50
2016.11.18 11:16:38.511,0.9513,0.95157,1.00,1.00
2016.11.18 11:16:39.752,0.95132,0.95157,1.00,1.00
2016.11.18 11:16:39.852,0.95132,0.9516,1.00,1.00
2016.11.18 11:16:41.476,0.95135,0.95161,1.00,1.00
2016.11.18 11:16:42.008,0.95136,0.95162,1.00,1.00
2016.11.18 11:16:42.160,0.95133,0.95161,1.00,1.00
2016.11.18 11:16:43.470,0.95133,0.95159,1.00,1.00
2016.11.18 11:16:44.019,0.95134,0.95159,1.00,1.00
2016.11.18 11:16:46.012,0.95135,0.95162,1.00,1.00
2016.11.18 11:16:46.214,0.95131,0.95159,1.00,1.00
2016.11.18 11:16:46.527,0.9513,0.95157,1.00,1.00
2016.11.18 11:16:47.172,0.95132,0.95157,1.00,1.00
2016.11.18 11:16:49.232,0.95129,0.95157,1.00,1.50
2016.11.18 11:16:49.282,0.95129,0.95154,1.00,1.00
2016.11.18 11:16:49.333,0.95126,0.95153,1.00,1.50
2016.11.18 11:16:49.437,0.95123,0.95149,1.00,1.00
2016.11.18 11:16:49.777,0.95125,0.95147,1.00,1.00
2016.11.18 11:16:49.878,0.95125,0.9515,1.00,1.00
2016.11.18 11:16:50.116,0.95122,0.9515,1.00,1.00
2016.11.18 11:16:54.663,0.95121,0.9515,1.00,1.00
2016.11.18 11:16:54.714,0.9512,0.95147,1.00,1.00
2016.11.18 11:16:54.764,0.95118,0.95147,1.50,1.50
2016.11.18 11:16:55.142,0.95117,0.95144,1.00,1.00
2016.11.18 11:16:55.647,0.95117,0.95143,1.00,1.00
2016.11.18 11:16:56.194,0.95116,0.95143,1.00,1.50
2016.11.18 11:16:56.517,0.95118,0.95144,1.00,1.00
2016.11.18 11:16:57.455,0.95124,0.9515,1.00,1.00
2016.11.18 11:16:57.769,0.9513,0.95152,1.00,1.00
2016.11.18 11:16:58.145,0.9513,0.95155,1.00,1.00
2016.11.18 11:16:58.721,0.95129,0.95154,1.00,1.00
2016.11.18 11:16:59.322,0.95129,0.95152,1.00,1.00
2016.11.18 11:16:59.924,0.95129,0.95154,1.00,1.00
2016.11.18 11:17:00.342,0.95129,0.95152,1.00,1.00
2016.11.18 11:17:00.926,0.9513,0.95152,1.00,1.00
2016.11.18 11:17:01.628,0.9513,0.95155,1.00,1.00
2016.11.18 11:17:01.682,0.95128,0.95156,1.00,1.50
2016.11.18 11:17:01.942,0.95129,0.95152,1.00,1.00
2016.11.18 11:17:02.129,0.95129,0.95156,1.00,1.50
2016.11.18 11:17:02.729,0.95129,0.95152,1.00,1.00
2016.11.18 11:17:03.081,0.95127,0.95152,1.00,1.00
2016.11.18 11:17:03.132,0.95126,0.95155,1.00,1.00
2016.11.18 11:17:03.182,0.95128,0.95156,1.00,1.50
2016.11.18 11:17:03.590,0.95126,0.95154,1.00,1.00
2016.11.18 11:17:03.891,0.95127,0.95152,1.00,1.00
2016.11.18 11:17:04.530,0.95128,0.95152,1.00,1.00
2016.11.18 11:17:05.134,0.95128,0.95155,1.00,1.00
2016.11.18 11:17:08.319,0.95128,0.95157,1.00,1.50
2016.11.18 11:17:08.423,0.95127,0.95153,1.00,1.00
2016.11.18 11:17:08.473,0.95124,0.95153,1.50,1.00
2016.11.18 11:17:09.077,0.95124,0.95152,1.00,1.00
2016.11.18 11:17:09.178,0.95128,0.95152,1.00,1.00
2016.11.18 11:17:09.390,0.95128,0.95155,1.00,1.00
2016.11.18 11:17:09.441,0.95129,0.95157,1.00,1.00
2016.11.18 11:17:09.542,0.95128,0.95153,1.50,1.00
2016.11.18 11:17:09.693,0.95125,0.95152,1.00,1.00
2016.11.18 11:17:10.276,0.95125,0.95153,1.00,1.50
2016.11.18 11:17:10.801,0.95125,0.95152,1.00,1.00
2016.11.18 11:17:11.347,0.95125,0.95153,1.00,1.50
2016.11.18 11:17:11.497,0.95127,0.95152,1.00,1.00
2016.11.18 11:17:11.799,0.95129,0.95152,1.00,1.00
2016.11.18 11:17:11.948,0.95129,0.95155,1.00,1.00
2016.11.18 11:17:13.375,0.95128,0.95152,1.00,1.00
2016.11.18 11:17:14.154,0.95128,0.95153,1.00,1.00
2016.11.18 11:17:14.205,0.95126,0.95153,1.50,1.00
2016.11.18 11:17:14.255,0.95129,0.95154,1.00,1.00
2016.11.18 11:17:16.073,0.9513,0.95156,1.00,1.00
2016.11.18 11:17:16.324,0.95132,0.95157,1.00,1.00
2016.11.18 11:17:16.726,0.9513,0.95156,1.00,1.00
2016.11.18 11:17:18.689,0.95131,0.95157,1.00,1.50
2016.11.18 11:17:18.840,0.95136,0.95157,1.00,1.00
2016.11.18 11:17:19.156,0.95133,0.95158,1.00,1.00
2016.11.18 11:17:19.269,0.95133,0.95153,1.00,1.00
2016.11.18 11:17:19.370,0.95133,0.95158,1.00,1.00
2016.11.18 11:17:19.566,0.95133,0.95152,1.00,1.00
2016.11.18 11:17:20.426,0.95134,0.95152,1.00,1.00
2016.11.18 11:17:22.472,0.95134,0.95158,1.00,1.00
2016.11.18 11:17:23.761,0.95136,0.95158,1.00,1.00
2016.11.18 11:17:23.935,0.95134,0.95158,1.50,1.00
2016.11.18 11:17:25.093,0.95134,0.95157,1.00,1.00
2016.11.18 11:17:25.193,0.95134,0.95162,1.00,1.50
2016.11.18 11:17:25.294,0.95134,0.95157,1.00,1.00
2016.11.18 11:17:25.839,0.95129,0.95157,1.00,1.00
2016.11.18 11:17:26.381,0.95128,0.95157,1.00,1.00
2016.11.18 11:17:27.447,0.95129,0.95157,1.00,1.50
2016.11.18 11:17:29.632,0.95131,0.95158,1.00,1.50
2016.11.18 11:17:29.966,0.95133,0.95158,1.00,1.00
2016.11.18 11:17:30.687,0.95133,0.95159,1.00,1.00
2016.11.18 11:17:30.738,0.95135,0.95163,1.50,1.50
2016.11.18 11:17:31.736,0.95136,0.95161,1.00,1.00
2016.11.18 11:17:32.040,0.95136,0.95158,1.00,1.00
2016.11.18 11:17:33.032,0.95135,0.95158,1.50,1.00
2016.11.18 11:17:33.132,0.95132,0.95157,1.00,1.00
2016.11.18 11:17:33.183,0.95134,0.95157,1.00,1.00
2016.11.18 11:17:33.334,0.95134,0.95159,1.00,1.00
2016.11.18 11:17:33.434,0.95135,0.95163,1.00,1.50
2016.11.18 11:17:33.601,0.95135,0.95158,1.00,1.00
2016.11.18 11:17:34.005,0.95135,0.95162,1.00,1.50
2016.11.18 11:17:34.496,0.95135,0.95158,1.00,1.00
2016.11.18 11:17:34.710,0.95135,0.95162,1.00,1.00
2016.11.18 11:17:34.863,0.95133,0.95162,1.50,1.50
2016.11.18 11:17:34.916,0.95133,0.9516,1.00,1.00
2016.11.18 11:17:35.255,0.95132,0.95158,1.00,1.00
2016.11.18 11:17:35.406,0.95132,0.9516,1.00,1.00
2016.11.18 11:17:35.607,0.95132,0.95158,1.00,1.00
2016.11.18 11:17:35.761,0.9513,0.95158,1.00,1.00
2016.11.18 11:17:35.812,0.9513,0.95162,1.00,1.50
2016.11.18 11:17:35.913,0.95137,0.95158,1.00,1.00
2016.11.18 11:17:36.114,0.95137,0.95162,1.00,1.00
2016.11.18 11:17:36.715,0.95136,0.95162,1.00,1.00
2016.11.18 11:17:36.811,0.95132,0.95162,1.00,1.00
2016.11.18 11:17:36.962,0.95128,0.95158,1.00,1.00
2016.11.18 11:17:37.063,0.95126,0.95158,1.00,1.50
2016.11.18 11:17:37.113,0.95126,0.95152,1.00,1.00
2016.11.18 11:17:37.164,0.95124,0.95152,1.00,1.00
2016.11.18 11:17:37.649,0.95126,0.95153,1.00,1.00
2016.11.18 11:17:37.850,0.95129,0.95158,1.00,1.00
2016.11.18 11:17:38.457,0.9513,0.95157,1.00,1.00
2016.11.18 11:17:40.508,0.9513,0.95158,1.00,1.50
2016.11.18 11:17:41.975,0.95131,0.95157,1.00,1.00
2016.11.18 11:17:42.537,0.95127,0.95157,1.00,1.50
2016.11.18 11:17:43.014,0.95129,0.95154,1.00,1.00
2016.11.18 11:17:43.515,0.95127,0.95153,1.00,1.00
2016.11.18 11:17:44.599,0.95126,0.95152,1.00,1.00
2016.11.18 11:17:45.207,0.95128,0.95152,1.00,1.00
2016.11.18 11:17:45.258,0.95128,0.95155,1.00,1.50
2016.11.18 11:17:45.419,0.95128,0.95152,1.00,1.00
2016.11.18 11:17:45.721,0.95128,0.95155,1.00,1.00
2016.11.18 11:17:46.022,0.95125,0.95154,1.00,1.00
2016.11.18 11:17:46.424,0.95125,0.95148,1.00,1.00
2016.11.18 11:17:46.828,0.95123,0.95148,1.00,1.00
2016.11.18 11:17:47.522,0.95123,0.9515,1.00,1.00
2016.11.18 11:17:49.145,0.95123,0.95151,1.00,1.00
2016.11.18 11:17:49.195,0.95125,0.95152,1.00,1.50
2016.11.18 11:17:50.125,0.95125,0.95147,1.50,1.00
2016.11.18 11:17:50.861,0.95125,0.95152,1.00,1.00
2016.11.18 11:17:50.912,0.95127,0.95152,1.00,1.00
2016.11.18 11:17:51.063,0.95132,0.95158,1.00,1.00
2016.11.18 11:17:51.627,0.95132,0.95159,1.00,1.00
2016.11.18 11:17:52.186,0.95132,0.95158,1.00,1.00
2016.11.18 11:17:52.722,0.95129,0.95156,1.00,1.00
2016.11.18 11:17:52.772,0.95128,0.95153,1.00,1.00
2016.11.18 11:17:53.276,0.95127,0.95152,1.00,1.00
2016.11.18 11:17:53.808,0.95126,0.95152,1.00,1.00
2016.11.18 11:17:55.382,0.95126,0.95148,1.00,1.00
2016.11.18 11:17:56.007,0.95124,0.95148,1.00,1.00
2016.11.18 11:17:56.107,0.95123,0.95153,1.50,1.50
2016.11.18 11:17:56.862,0.95123,0.95152,1.00,1.00
2016.11.18 11:17:57.242,0.95125,0.95151,1.00,1.00
2016.11.18 11:18:00.365,0.95127,0.95152,1.00,1.00
2016.11.18 11:18:01.407,0.95125,0.95153,1.00,1.50
2016.11.18 11:18:01.927,0.95125,0.95151,1.00,1.00
2016.11.18 11:18:02.248,0.95127,0.95152,1.00,1.00
2016.11.18 11:18:02.725,0.95122,0.95152,1.00,1.00
2016.11.18 11:18:02.776,0.95126,0.95151,1.00,1.00
2016.11.18 11:18:02.899,0.95122,0.95152,1.50,1.00
2016.11.18 11:18:02.950,0.95123,0.95155,1.00,1.00
2016.11.18 11:18:03.000,0.95125,0.95156,1.00,1.00
2016.11.18 11:18:03.362,0.95126,0.95158,1.00,2.25
2016.11.18 11:18:03.567,0.95126,0.95155,1.00,1.00
2016.11.18 11:18:03.668,0.95123,0.95155,1.50,1.00
2016.11.18 11:18:03.768,0.95123,0.95152,2.25,1.00
2016.11.18 11:18:04.315,0.95124,0.95152,1.00,1.00
2016.11.18 11:18:04.696,0.95126,0.95152,1.00,1.00
2016.11.18 11:18:05.234,0.95127,0.95152,1.00,1.00
2016.11.18 11:18:05.545,0.95125,0.95147,1.00,1.00
2016.11.18 11:18:05.596,0.95125,0.95152,1.00,1.00
2016.11.18 11:18:06.283,0.95125,0.95153,1.00,1.00
2016.11.18 11:18:06.853,0.95125,0.95152,1.00,1.00
2016.11.18 11:18:07.139,0.95127,0.95152,1.00,1.50
2016.11.18 11:18:07.647,0.95125,0.95152,1.00,1.50
2016.11.18 11:18:07.798,0.95124,0.95147,1.00,1.00
2016.11.18 11:18:08.182,0.95124,0.95151,1.00,1.00
2016.11.18 11:18:08.687,0.95125,0.95152,1.00,1.00
2016.11.18 11:18:09.040,0.95128,0.95153,1.00,1.00
2016.11.18 11:18:09.141,0.95126,0.95152,1.00,1.00
2016.11.18 11:18:09.241,0.95133,0.95157,1.00,1.00
2016.11.18 11:18:09.392,0.95135,0.95162,1.00,1.00
2016.11.18 11:18:09.537,0.95133,0.95163,1.00,1.00
2016.11.18 11:18:10.070,0.95133,0.95162,1.00,1.00
2016.11.18 11:18:11.168,0.95133,0.95164,1.00,1.00
2016.11.18 11:18:11.219,0.95131,0.95164,1.50,1.50
2016.11.18 11:18:11.370,0.9513,0.95161,1.00,1.00
2016.11.18 11:18:11.687,0.9513,0.95158,1.00,1.00
2016.11.18 11:18:12.104,0.95133,0.95158,1.00,1.00
2016.11.18 11:18:12.970,0.95133,0.95157,1.00,1.00
2016.11.18 11:18:13.082,0.95133,0.9516,1.00,1.00
2016.11.18 11:18:13.371,0.95133,0.95157,1.00,1.00
2016.11.18 11:18:14.175,0.95132,0.95157,1.00,1.00
2016.11.18 11:18:14.326,0.95132,0.95159,1.00,1.00
2016.11.18 11:18:14.654,0.9513,0.95158,1.00,1.00
2016.11.18 11:18:14.705,0.9513,0.95152,1.00,1.00
2016.11.18 11:18:14.755,0.95128,0.95152,1.00,1.00
2016.11.18 11:18:14.806,0.95126,0.95156,1.00,1.00
2016.11.18 11:18:14.941,0.95123,0.95156,1.50,1.00
2016.11.18 11:18:15.096,0.95123,0.95147,1.50,1.00
2016.11.18 11:18:15.676,0.95123,0.95153,1.50,1.00
2016.11.18 11:18:16.282,0.95122,0.95152,1.00,1.00
2016.11.18 11:18:16.628,0.9512,0.95152,1.00,1.00
2016.11.18 11:18:16.678,0.95117,0.95149,2.25,1.00
2016.11.18 11:18:16.850,0.95114,0.95147,1.50,1.00
2016.11.18 11:18:17.101,0.95114,0.95143,1.00,1.00
2016.11.18 11:18:17.202,0.95117,0.95148,1.00,1.00
2016.11.18 11:18:17.252,0.95119,0.95148,1.50,1.00
2016.11.18 11:18:17.457,0.95113,0.95146,2.25,1.00
2016.11.18 11:18:17.648,0.95115,0.95146,1.00,1.50
2016.11.18 11:18:18.052,0.95113,0.95142,1.50,1.00
2016.11.18 11:18:18.528,0.95115,0.95142,1.00,1.00
2016.11.18 11:18:18.729,0.95119,0.95147,1.00,1.00
2016.11.18 11:18:19.004,0.95119,0.95142,1.00,1.00
2016.11.18 11:18:19.228,0.95122,0.95147,1.00,1.00
2016.11.18 11:18:19.329,0.95125,0.95152,1.00,1.00
2016.11.18 11:18:19.862,0.95125,0.95153,1.00,1.00
2016.11.18 11:18:19.962,0.95123,0.95155,1.50,1.00
2016.11.18 11:18:20.013,0.95121,0.95152,1.00,1.00
2016.11.18 11:18:20.063,0.95119,0.95151,1.00,1.00
2016.11.18 11:18:20.216,0.95118,0.95145,1.00,1.00
2016.11.18 11:18:20.267,0.95114,0.95144,1.00,1.00
2016.11.18 11:18:20.317,0.95114,0.95142,1.00,1.00
2016.11.18 11:18:20.418,0.95114,0.95146,1.50,1.50
2016.11.18 11:18:21.211,0.95116,0.95146,1.00,1.00
2016.11.18 11:18:21.519,0.95119,0.95147,1.00,1.00
2016.11.18 11:18:23.739,0.95121,0.95151,1.00,1.00
2016.11.18 11:18:23.892,0.95121,0.95147,1.00,1.00
2016.11.18 11:18:24.510,0.95122,0.95147,1.00,1.00
2016.11.18 11:18:24.593,0.95123,0.95151,1.00,1.00
2016.11.18 11:18:24.918,0.95119,0.95147,1.00,1.00
2016.11.18 11:18:25.119,0.95115,0.95145,1.00,1.00
2016.11.18 11:18:25.170,0.95113,0.95144,1.00,1.00
2016.11.18 11:18:25.376,0.95112,0.95142,1.00,1.00
2016.11.18 11:18:25.619,0.9511,0.95142,1.00,2.25
2016.11.18 11:18:25.896,0.95113,0.95142,1.00,2.25
2016.11.18 11:18:26.397,0.95108,0.95137,1.00,1.00
2016.11.18 11:18:26.508,0.95104,0.95138,1.00,2.25
2016.11.18 11:18:26.559,0.95102,0.95134,1.50,1.00
2016.11.18 11:18:26.866,0.95102,0.9513,1.50,1.00
2016.11.18 11:18:27.199,0.95102,0.95132,1.00,1.00
2016.11.18 11:18:27.299,0.95102,0.95129,1.00,1.00
2016.11.18 11:18:27.610,0.95099,0.95129,1.00,1.00
2016.11.18 11:18:27.800,0.95103,0.95129,1.00,1.00
2016.11.18 11:18:28.346,0.95102,0.95129,1.00,1.00
2016.11.18 11:18:28.727,0.951,0.95127,1.00,1.00
2016.11.18 11:18:29.052,0.95102,0.95129,1.00,1.00
2016.11.18 11:18:29.603,0.95103,0.95128,1.00,1.00
2016.11.18 11:18:30.138,0.95103,0.95129,1.00,1.00
2016.11.18 11:18:30.352,0.95103,0.95132,1.00,1.00
2016.11.18 11:18:30.403,0.95105,0.95132,1.00,1.00
2016.11.18 11:18:31.135,0.95103,0.95128,1.00,1.00
2016.11.18 11:18:31.337,0.95106,0.95133,1.00,1.50
2016.11.18 11:18:32.686,0.95109,0.95133,1.00,1.00
2016.11.18 11:18:32.837,0.9511,0.95137,1.00,1.00
2016.11.18 11:18:33.521,0.9511,0.95139,1.00,1.50
2016.11.18 11:18:35.082,0.95112,0.95139,1.00,1.50
2016.11.18 11:18:35.283,0.95114,0.95143,1.00,1.50
2016.11.18 11:18:35.840,0.95114,0.95142,1.00,1.00
2016.11.18 11:18:37.535,0.95113,0.9514,1.00,1.00
2016.11.18 11:18:37.851,0.95118,0.95142,1.00,1.00
2016.11.18 11:18:38.251,0.95114,0.95141,1.00,1.00
2016.11.18 11:18:38.352,0.95111,0.9514,1.50,1.00
2016.11.18 11:18:38.402,0.95111,0.95138,1.00,1.00
2016.11.18 11:18:38.453,0.95111,0.9514,1.00,1.00
2016.11.18 11:18:38.721,0.95111,0.95137,1.00,1.00
2016.11.18 11:18:40.389,0.9511,0.95137,1.00,1.50
2016.11.18 11:18:40.440,0.95107,0.95137,1.00,1.00
2016.11.18 11:18:40.557,0.95107,0.95132,1.00,1.00
2016.11.18 11:18:41.108,0.95107,0.95133,1.00,1.00
2016.11.18 11:18:41.609,0.95107,0.95132,1.00,1.00
2016.11.18 11:18:42.129,0.95107,0.95133,1.00,1.00
2016.11.18 11:18:42.650,0.95107,0.95132,1.00,1.00
2016.11.18 11:18:42.762,0.95104,0.95137,1.50,1.00
2016.11.18 11:18:42.864,0.95111,0.95137,1.00,1.00
2016.11.18 11:18:43.194,0.95115,0.95142,1.00,1.00
2016.11.18 11:18:43.916,0.95116,0.95142,1.00,1.00
2016.11.18 11:18:44.112,0.95117,0.95144,1.00,1.00
2016.11.18 11:18:44.164,0.95116,0.95142,1.00,1.00
2016.11.18 11:18:44.494,0.95118,0.95142,1.00,1.00
2016.11.18 11:18:44.545,0.95118,0.95147,1.00,1.00
2016.11.18 11:18:44.827,0.95118,0.95142,1.00,1.00
2016.11.18 11:18:45.145,0.95115,0.95142,1.50,1.00
2016.11.18 11:18:46.099,0.95116,0.95142,1.00,1.00
2016.11.18 11:18:46.873,0.95116,0.95143,1.00,1.00
2016.11.18 11:18:46.991,0.95119,0.95143,1.00,1.00
2016.11.18 11:18:47.092,0.95117,0.95142,1.00,1.00
2016.11.18 11:18:47.143,0.95123,0.95147,1.00,1.00
2016.11.18 11:18:47.393,0.95121,0.95149,1.50,1.00
2016.11.18 11:18:47.929,0.95121,0.95148,1.00,1.00
2016.11.18 11:18:48.431,0.95121,0.95147,1.00,1.00
2016.11.18 11:18:48.983,0.95121,0.95148,1.00,1.00
2016.11.18 11:18:49.084,0.95113,0.95145,1.00,1.50
2016.11.18 11:18:49.335,0.9511,0.95142,1.00,1.00
2016.11.18 11:18:50.802,0.95113,0.95141,1.00,1.00
2016.11.18 11:18:51.955,0.95114,0.9514,1.00,1.00
2016.11.18 11:18:53.211,0.95114,0.95142,1.00,1.50
2016.11.18 11:18:53.311,0.95116,0.95142,1.00,1.00
2016.11.18 11:18:53.846,0.95116,0.95143,1.00,1.00
2016.11.18 11:18:54.453,0.95115,0.95143,1.00,1.50
2016.11.18 11:18:54.882,0.95116,0.95141,1.00,1.00
2016.11.18 11:18:55.144,0.95114,0.95142,1.00,1.00
2016.11.18 11:18:55.244,0.95116,0.95142,1.00,1.50
2016.11.18 11:18:56.051,0.95116,0.95144,1.00,1.00
2016.11.18 11:18:56.853,0.95116,0.95142,1.00,1.00
2016.11.18 11:18:57.054,0.95115,0.95144,1.00,1.00
2016.11.18 11:18:57.654,0.95115,0.95143,1.00,1.00
2016.11.18 11:18:58.392,0.95115,0.95142,1.00,1.00
2016.11.18 11:18:58.442,0.95119,0.95142,1.00,1.00
2016.11.18 11:18:58.493,0.9512,0.95145,1.00,1.00
2016.11.18 11:18:58.643,0.9512,0.95147,1.00,1.00
2016.11.18 11:18:59.158,0.95119,0.95147,1.00,1.50
2016.11.18 11:18:59.660,0.95119,0.95144,1.00,1.00
2016.11.18 11:19:00.036,0.95115,0.95144,1.00,1.00
2016.11.18 11:19:00.237,0.95116,0.95141,1.00,1.00
2016.11.18 11:19:00.850,0.95115,0.95141,1.00,1.00
2016.11.18 11:19:01.163,0.95114,0.95137,1.00,1.00
2016.11.18 11:19:01.214,0.95114,0.95141,1.00,1.50
2016.11.18 11:19:01.464,0.95114,0.95138,1.00,1.00
2016.11.18 11:19:01.967,0.95114,0.95141,1.00,1.50
2016.11.18 11:19:02.068,0.95112,0.95141,1.00,1.50
2016.11.18 11:19:02.118,0.95116,0.95141,1.00,1.00
2016.11.18 11:19:02.339,0.95116,0.95143,1.00,1.00
2016.11.18 11:19:02.718,0.95118,0.95145,1.00,1.50
2016.11.18 11:19:03.344,0.95119,0.95145,1.00,1.00
2016.11.18 11:19:03.495,0.95123,0.9515,1.00,1.00
2016.11.18 11:19:04.366,0.95124,0.95151,1.00,1.00
2016.11.18 11:19:05.503,0.95123,0.95152,1.00,1.00
2016.11.18 11:19:06.046,0.95121,0.95148,1.00,1.00
2016.11.18 11:19:06.297,0.95123,0.95155,2.25,1.00
2016.11.18 11:19:06.398,0.95124,0.95157,1.00,1.00
2016.11.18 11:19:07.244,0.95124,0.95156,1.50,1.00
2016.11.18 11:19:07.678,0.95124,0.95152,1.50,1.00
2016.11.18 11:19:07.881,0.95124,0.95154,1.00,1.00
2016.11.18 11:19:08.498,0.95123,0.95153,1.00,1.00
2016.11.18 11:19:08.598,0.95121,0.95151,1.50,1.00
2016.11.18 11:19:09.038,0.95123,0.9515,1.00,1.00
2016.11.18 11:19:09.138,0.95123,0.95152,1.00,1.00
2016.11.18 11:19:09.689,0.95123,0.95147,1.00,1.00
2016.11.18 11:19:10.584,0.95123,0.95153,1.00,1.50
2016.11.18 11:19:10.685,0.95123,0.95147,1.00,1.00
2016.11.18 11:19:11.868,0.95121,0.95147,1.00,1.00
2016.11.18 11:19:12.409,0.95122,0.95147,1.00,1.00
2016.11.18 11:19:14.405,0.95123,0.95152,1.00,1.50
2016.11.18 11:19:14.491,0.95122,0.95147,1.00,1.00
2016.11.18 11:19:15.702,0.95124,0.95152,1.00,1.00
2016.11.18 11:19:15.853,0.95126,0.95152,1.00,1.00
2016.11.18 11:19:16.370,0.95126,0.95153,1.00,1.50
2016.11.18 11:19:16.909,0.95125,0.95153,1.00,1.00
2016.11.18 11:19:17.850,0.95124,0.95151,1.00,1.00
2016.11.18 11:19:19.543,0.95126,0.95153,1.00,2.25
2016.11.18 11:19:22.892,0.95127,0.95153,1.00,1.50
2016.11.18 11:19:23.195,0.95129,0.95153,1.00,1.00
2016.11.18 11:19:23.453,0.95133,0.95159,1.00,1.00
2016.11.18 11:19:23.995,0.95134,0.95159,1.00,1.00
2016.11.18 11:19:25.109,0.95134,0.95157,1.00,1.00
2016.11.18 11:19:25.419,0.95136,0.95159,1.00,1.00
2016.11.18 11:19:25.505,0.95134,0.95159,1.00,1.00
2016.11.18 11:19:26.203,0.95133,0.95159,1.00,1.00
2016.11.18 11:19:26.405,0.95133,0.95157,1.00,1.00
2016.11.18 11:19:27.799,0.95131,0.95156,1.00,1.00
2016.11.18 11:19:30.229,0.95132,0.95157,1.00,1.00
2016.11.18 11:19:30.961,0.95131,0.95156,1.00,1.00
2016.11.18 11:19:31.807,0.95128,0.95156,1.00,1.00
2016.11.18 11:19:31.978,0.95125,0.95154,1.00,1.00
2016.11.18 11:19:32.028,0.95125,0.95152,1.00,1.00
2016.11.18 11:19:32.535,0.95125,0.95154,1.00,1.00
2016.11.18 11:19:35.020,0.95129,0.95155,1.00,1.50
2016.11.18 11:19:35.536,0.95128,0.95155,1.50,1.00
2016.11.18 11:19:37.103,0.95131,0.95155,1.00,1.00
2016.11.18 11:19:37.204,0.95133,0.95159,1.00,1.50
2016.11.18 11:19:37.305,0.95129,0.95159,1.00,1.50
2016.11.18 11:19:37.355,0.95129,0.95157,1.00,1.00
2016.11.18 11:19:37.710,0.95127,0.95157,1.00,1.00
2016.11.18 11:19:38.660,0.95127,0.95156,1.00,1.00
2016.11.18 11:19:39.087,0.95123,0.95151,1.00,1.00
2016.11.18 11:19:39.538,0.95123,0.95147,1.00,1.00
2016.11.18 11:19:40.102,0.95121,0.95147,1.00,1.00
2016.11.18 11:19:40.263,0.95121,0.9515,1.00,1.00
2016.11.18 11:19:40.458,0.95118,0.95152,1.50,2.25
2016.11.18 11:19:40.619,0.9512,0.95147,1.00,1.00
2016.11.18 11:19:40.824,0.95118,0.95146,1.00,1.00
2016.11.18 11:19:42.078,0.95117,0.95145,1.00,1.00
2016.11.18 11:19:42.128,0.95119,0.95145,1.00,1.00
2016.11.18 11:19:42.320,0.9512,0.95147,1.00,1.00
2016.11.18 11:19:42.582,0.95123,0.9515,1.00,1.50
2016.11.18 11:19:43.106,0.95122,0.95151,1.00,1.00
2016.11.18 11:19:43.597,0.95122,0.95149,1.00,1.00
2016.11.18 11:19:44.550,0.9512,0.95147,1.00,1.00
2016.11.18 11:19:44.897,0.95116,0.95144,1.50,1.00
2016.11.18 11:19:45.101,0.95118,0.95145,1.00,1.00
2016.11.18 11:19:45.202,0.9512,0.95148,1.00,1.00
2016.11.18 11:19:45.253,0.95122,0.95149,1.00,1.00
2016.11.18 11:19:45.772,0.95122,0.9515,1.00,1.00
2016.11.18 11:19:46.104,0.9512,0.95148,1.50,1.50
2016.11.18 11:19:46.778,0.95121,0.9515,1.00,1.00
2016.11.18 11:19:48.487,0.95123,0.9515,1.00,1.00
2016.11.18 11:19:51.789,0.95121,0.95148,1.00,1.00
2016.11.18 11:19:52.405,0.95121,0.95151,1.00,1.00
2016.11.18 11:19:52.456,0.95122,0.95153,1.00,1.00
2016.11.18 11:19:52.979,0.95122,0.95152,1.00,1.00
2016.11.18 11:19:53.141,0.95119,0.95151,1.50,1.00
2016.11.18 11:19:53.241,0.9512,0.95149,1.00,1.00
2016.11.18 11:19:53.543,0.9512,0.95147,1.00,1.00
2016.11.18 11:19:53.595,0.9512,0.95149,1.00,1.00
2016.11.18 11:19:54.219,0.95122,0.95149,1.00,1.00
2016.11.18 11:19:54.547,0.9512,0.95148,1.50,1.00
2016.11.18 11:19:54.767,0.95119,0.95146,1.00,1.00
2016.11.18 11:19:55.491,0.95117,0.95144,1.00,1.00
2016.11.18 11:19:56.014,0.95116,0.95143,1.00,1.00
2016.11.18 11:19:56.523,0.95115,0.95142,1.00,1.00
2016.11.18 11:19:57.665,0.95114,0.95142,1.00,1.00
2016.11.18 11:19:59.561,0.95117,0.95143,1.00,1.00
2016.11.18 11:19:59.662,0.95117,0.95145,1.00,1.50
2016.11.18 11:19:59.809,0.95119,0.95145,1.00,1.50
2016.11.18 11:20:00.054,0.9512,0.95148,1.00,1.00
2016.11.18 11:20:00.603,0.95119,0.95148,1.00,1.00
2016.11.18 11:20:00.932,0.9512,0.95146,1.00,1.00
2016.11.18 11:20:00.983,0.9512,0.95149,1.00,1.50
2016.11.18 11:20:01.470,0.95118,0.95147,1.50,1.00
2016.11.18 11:20:02.469,0.9512,0.95147,1.00,1.00
2016.11.18 11:20:02.520,0.9512,0.95149,1.00,1.50
2016.11.18 11:20:03.609,0.95119,0.95146,1.00,1.00
2016.11.18 11:20:03.911,0.95121,0.95148,1.00,1.50
2016.11.18 11:20:04.491,0.95121,0.95147,1.00,1.00
2016.11.18 11:20:04.859,0.95124,0.95147,1.00,1.00
2016.11.18 11:20:05.010,0.95124,0.9515,1.00,1.00
2016.11.18 11:20:06.354,0.95125,0.95152,1.00,1.00
2016.11.18 11:20:06.518,0.9513,0.95153,1.00,1.00
2016.11.18 11:20:06.619,0.95131,0.95157,1.00,1.00
2016.11.18 11:20:06.820,0.95131,0.95159,1.00,1.50
2016.11.18 11:20:06.921,0.95131,0.95157,1.00,1.00
2016.11.18 11:20:07.138,0.95131,0.95159,1.00,1.00
2016.11.18 11:20:07.641,0.95132,0.9516,1.00,1.00
2016.11.18 11:20:07.691,0.95135,0.95161,1.00,1.00
2016.11.18 11:20:08.002,0.95138,0.95162,1.00,1.00
2016.11.18 11:20:08.718,0.95142,0.95163,1.00,1.00
2016.11.18 11:20:08.819,0.95143,0.95168,1.00,1.00
2016.11.18 11:20:08.920,0.95141,0.95167,1.00,1.00
2016.11.18 11:20:11.561,0.95138,0.95167,1.50,1.00
2016.11.18 11:20:11.612,0.95139,0.95163,1.00,1.00
2016.11.18 11:20:11.712,0.95137,0.95165,1.00,1.00
2016.11.18 11:20:12.138,0.95136,0.95162,1.00,1.00
2016.11.18 11:20:12.238,0.95134,0.95162,1.00,1.00
2016.11.18 11:20:14.060,0.95133,0.95161,1.50,1.00
2016.11.18 11:20:16.673,0.95134,0.9516,1.00,1.00
2016.11.18 11:20:17.216,0.95132,0.95159,1.00,1.00
2016.11.18 11:20:17.802,0.95131,0.95159,1.00,1.00
2016.11.18 11:20:18.541,0.95132,0.95158,1.50,1.00
2016.11.18 11:20:19.188,0.95133,0.95161,1.00,1.00
2016.11.18 11:20:19.690,0.95133,0.95162,1.00,1.00
2016.11.18 11:20:19.847,0.9513,0.95158,1.00,1.00
2016.11.18 11:20:20.243,0.95132,0.95158,1.00,1.00
2016.11.18 11:20:21.036,0.95133,0.95158,1.00,1.00
2016.11.18 11:20:21.459,0.95133,0.95161,1.00,1.00
2016.11.18 11:20:23.241,0.95133,0.95158,1.00,1.00
2016.11.18 11:20:23.341,0.95131,0.95157,1.00,1.00
2016.11.18 11:20:25.531,0.95131,0.95158,1.00,1.00
2016.11.18 11:20:26.154,0.95127,0.95155,1.50,1.00
2016.11.18 11:20:26.305,0.95125,0.95151,1.00,1.00
2016.11.18 11:20:26.355,0.95123,0.95151,1.00,1.00
2016.11.18 11:20:26.533,0.95122,0.95147,1.00,1.00
2016.11.18 11:20:27.094,0.95121,0.95147,1.00,1.00
2016.11.18 11:20:28.416,0.95121,0.95148,1.00,1.00
2016.11.18 11:20:29.792,0.9512,0.95148,1.00,1.00
2016.11.18 11:20:30.093,0.95116,0.95145,1.00,1.00
2016.11.18 11:20:30.320,0.95116,0.95142,1.00,1.00
2016.11.18 11:20:30.645,0.95118,0.95147,1.50,1.50
2016.11.18 11:20:30.853,0.9512,0.95147,1.00,2.25
2016.11.18 11:20:30.903,0.95117,0.95146,1.00,1.00
2016.11.18 11:20:31.038,0.95117,0.95148,1.00,1.50
2016.11.18 11:20:31.089,0.95115,0.95144,1.00,1.00
2016.11.18 11:20:31.139,0.95112,0.95144,1.00,1.00
2016.11.18 11:20:31.240,0.95115,0.95144,1.00,1.00
2016.11.18 11:20:31.364,0.95115,0.95147,1.00,1.00
2016.11.18 11:20:31.951,0.95117,0.95147,1.00,1.50
2016.11.18 11:20:32.833,0.95118,0.95147,1.00,1.00
2016.11.18 11:20:32.935,0.95115,0.95145,1.00,1.00
2016.11.18 11:20:33.593,0.95116,0.95145,1.00,1.00
2016.11.18 11:20:33.936,0.95116,0.95142,1.00,1.00
2016.11.18 11:20:34.113,0.95112,0.95142,1.00,1.00
2016.11.18 11:20:34.317,0.95109,0.95142,1.50,1.00
2016.11.18 11:20:34.572,0.95112,0.95142,1.00,1.50
2016.11.18 11:20:34.672,0.9511,0.95142,1.00,2.25
2016.11.18 11:20:35.032,0.9511,0.95138,1.00,1.00
2016.11.18 11:20:35.248,0.95112,0.95142,1.00,1.00
2016.11.18 11:20:35.914,0.95111,0.95142,1.00,1.00
2016.11.18 11:20:36.425,0.9511,0.95142,1.00,1.00
2016.11.18 11:20:36.476,0.95112,0.95142,1.00,1.00
2016.11.18 11:20:36.626,0.95108,0.95143,1.50,1.50
2016.11.18 11:20:36.677,0.9511,0.95143,1.00,1.50
2016.11.18 11:20:36.979,0.95113,0.95145,1.00,1.50
2016.11.18 11:20:37.528,0.95113,0.95143,1.00,1.00
2016.11.18 11:20:37.877,0.95115,0.95143,1.00,1.00
2016.11.18 11:20:39.081,0.95116,0.95145,1.00,1.00
2016.11.18 11:20:39.984,0.95116,0.95143,1.00,1.00
2016.11.18 11:20:40.313,0.95113,0.95143,1.00,1.00
2016.11.18 11:20:40.364,0.95113,0.95145,1.00,1.00
2016.11.18 11:20:40.414,0.95121,0.95147,1.00,1.00
2016.11.18 11:20:40.464,0.95123,0.9515,1.00,1.00
2016.11.18 11:20:40.569,0.95122,0.95154,1.00,1.00
2016.11.18 11:20:40.669,0.95122,0.95157,1.50,2.25
2016.11.18 11:20:40.804,0.95122,0.95153,2.25,1.00
2016.11.18 11:20:41.186,0.95126,0.95153,1.00,1.50
2016.11.18 11:20:42.297,0.95124,0.95152,1.00,1.00
2016.11.18 11:20:42.348,0.9512,0.95151,1.00,1.00
2016.11.18 11:20:42.524,0.95118,0.95147,1.50,1.00
2016.11.18 11:20:42.675,0.95113,0.95147,1.00,1.50
2016.11.18 11:20:42.893,0.95113,0.95142,1.50,1.00
2016.11.18 11:20:43.194,0.95118,0.95145,1.00,1.00
2016.11.18 11:20:43.670,0.95113,0.95142,1.50,1.00
2016.11.18 11:20:44.213,0.95113,0.95143,1.00,1.00
2016.11.18 11:20:44.264,0.95117,0.95146,1.00,1.00
2016.11.18 11:20:44.364,0.95117,0.9515,1.00,1.50
2016.11.18 11:20:44.415,0.9512,0.95151,1.00,1.00
2016.11.18 11:20:44.753,0.95122,0.95153,1.50,1.50
2016.11.18 11:20:45.394,0.95122,0.95152,1.00,1.00
2016.11.18 11:20:45.494,0.95118,0.95149,1.00,1.00
2016.11.18 11:20:45.595,0.95115,0.95146,1.00,1.00
2016.11.18 11:20:45.645,0.95112,0.95146,1.50,1.00
2016.11.18 11:20:45.696,0.95115,0.95146,1.00,1.00
2016.11.18 11:20:45.947,0.95119,0.95152,1.50,1.50
2016.11.18 11:20:46.670,0.95119,0.95151,1.00,1.00
2016.11.18 11:20:46.771,0.95119,0.95149,1.00,1.00
2016.11.18 11:20:46.822,0.95117,0.95149,1.00,1.00
2016.11.18 11:20:47.207,0.95118,0.95147,1.00,1.00
2016.11.18 11:20:47.887,0.95118,0.95148,1.00,1.00
2016.11.18 11:20:48.320,0.9512,0.95147,1.00,1.00
2016.11.18 11:20:48.571,0.95124,0.95152,1.00,1.00
2016.11.18 11:20:48.672,0.95124,0.95156,1.00,1.00
2016.11.18 11:20:48.772,0.95127,0.95157,1.00,1.00
2016.11.18 11:20:48.974,0.95127,0.95159,1.00,1.00
2016.11.18 11:20:49.067,0.95128,0.95157,1.00,1.00
2016.11.18 11:20:49.167,0.95127,0.95159,1.50,1.00
2016.11.18 11:20:49.842,0.95128,0.95159,1.00,1.00
2016.11.18 11:20:50.501,0.95128,0.9516,1.00,1.50
2016.11.18 11:20:50.602,0.95131,0.9516,1.00,1.00
2016.11.18 11:20:50.703,0.95131,0.95163,1.00,1.50
2016.11.18 11:20:51.491,0.95132,0.95162,1.00,1.00
2016.11.18 11:20:51.671,0.95133,0.95164,1.00,1.00
2016.11.18 11:20:51.882,0.95132,0.95162,1.50,1.00
2016.11.18 11:20:53.205,0.9513,0.95161,1.00,1.00
2016.11.18 11:20:53.761,0.95128,0.95161,1.50,1.00
2016.11.18 11:20:54.374,0.95129,0.95161,1.00,1.00
2016.11.18 11:20:55.050,0.95133,0.95161,1.00,1.50
2016.11.18 11:20:55.601,0.95134,0.95162,1.00,1.00
2016.11.18 11:20:56.219,0.95133,0.95161,1.00,1.00
2016.11.18 11:20:57.100,0.95131,0.9516,1.00,1.00
2016.11.18 11:20:58.254,0.9513,0.95162,1.50,1.00
2016.11.18 11:20:58.355,0.95138,0.95168,1.00,1.50
2016.11.18 11:20:58.683,0.9514,0.9517,1.50,1.00
2016.11.18 11:20:59.075,0.95143,0.9517,1.00,1.00
2016.11.18 11:20:59.126,0.95139,0.95167,1.00,1.00
2016.11.18 11:20:59.277,0.95143,0.9517,1.00,1.00
2016.11.18 11:20:59.377,0.9514,0.95172,1.00,1.50
2016.11.18 11:20:59.587,0.95142,0.95172,1.00,1.00
2016.11.18 11:21:00.088,0.95143,0.9517,1.50,1.00
2016.11.18 11:21:00.297,0.95144,0.95172,1.00,1.50
2016.11.18 11:21:00.472,0.95141,0.95171,1.00,1.00
2016.11.18 11:21:00.523,0.95143,0.95174,1.00,1.00
2016.11.18 11:21:00.838,0.95141,0.95167,1.50,1.00
2016.11.18 11:21:01.179,0.95144,0.95167,1.00,1.00
2016.11.18 11:21:01.229,0.95144,0.95171,1.00,1.00
2016.11.18 11:21:01.710,0.95144,0.95167,1.00,1.00
2016.11.18 11:21:01.911,0.95144,0.95171,1.00,1.00
2016.11.18 11:21:02.424,0.95143,0.95171,1.00,1.50
2016.11.18 11:21:02.644,0.95142,0.95168,1.00,1.00
2016.11.18 11:21:02.915,0.95142,0.95171,1.00,1.50
2016.11.18 11:21:03.045,0.95144,0.95171,1.00,1.00
2016.11.18 11:21:03.096,0.95142,0.95171,1.00,1.50
2016.11.18 11:21:03.612,0.95145,0.95171,1.00,1.00
2016.11.18 11:21:04.761,0.95143,0.9517,1.00,1.00
2016.11.18 11:21:05.191,0.95145,0.95168,1.00,1.00
2016.11.18 11:21:05.292,0.95145,0.95172,1.00,1.50
2016.11.18 11:21:05.802,0.95145,0.95174,1.00,1.00
2016.11.18 11:21:05.921,0.95148,0.95175,1.00,1.00
2016.11.18 11:21:06.434,0.95148,0.95176,1.00,1.00
2016.11.18 11:21:06.771,0.95148,0.95173,1.00,1.50
2016.11.18 11:21:07.431,0.95148,0.95172,1.00,1.00
2016.11.18 11:21:12.101,0.95148,0.95173,1.00,1.00
2016.11.18 11:21:12.304,0.95148,0.95175,1.50,1.50
2016.11.18 11:21:15.073,0.95149,0.95175,1.00,1.00
2016.11.18 11:21:16.393,0.95148,0.95175,1.00,1.00
2016.11.18 11:21:16.552,0.95151,0.95175,1.00,1.00
2016.11.18 11:21:16.653,0.95148,0.95175,1.00,1.00
2016.11.18 11:21:16.854,0.95143,0.95173,2.25,1.00
2016.11.18 11:21:17.636,0.95143,0.95172,1.50,1.00
2016.11.18 11:21:20.422,0.95148,0.95172,1.00,1.00
2016.11.18 11:21:20.533,0.95143,0.95171,1.00,1.00
2016.11.18 11:21:22.199,0.95143,0.95169,1.00,1.00
2016.11.18 11:21:22.824,0.95143,0.9517,1.50,1.00
2016.11.18 11:21:26.748,0.95143,0.95171,1.50,1.00
2016.11.18 11:21:28.179,0.95143,0.95172,1.00,1.00
2016.11.18 11:21:31.844,0.95143,0.95171,1.00,1.00
2016.11.18 11:21:32.352,0.95143,0.9517,1.00,1.00
2016.11.18 11:21:33.646,0.95144,0.95171,1.00,1.00
2016.11.18 11:21:33.977,0.95142,0.95169,1.50,1.00
2016.11.18 11:21:39.701,0.95137,0.9517,1.00,1.00
2016.11.18 11:21:39.751,0.95138,0.95166,1.50,1.00
2016.11.18 11:21:40.693,0.95137,0.95164,1.00,1.00
2016.11.18 11:21:41.653,0.95138,0.95164,1.00,1.00
2016.11.18 11:21:42.165,0.95134,0.95163,1.00,1.00
2016.11.18 11:21:42.265,0.95132,0.9516,1.00,1.00
2016.11.18 11:21:43.168,0.95132,0.95158,1.00,1.00
2016.11.18 11:21:43.702,0.95133,0.95162,1.00,1.00
2016.11.18 11:21:43.802,0.95136,0.95163,1.00,1.00
2016.11.18 11:21:43.958,0.95137,0.95166,1.00,1.00
2016.11.18 11:21:44.214,0.95137,0.95163,1.00,1.00
2016.11.18 11:21:44.591,0.95138,0.95165,1.00,1.00
2016.11.18 11:21:45.736,0.95138,0.95167,1.00,1.50
2016.11.18 11:21:45.787,0.95133,0.9516,1.00,1.00
2016.11.18 11:21:45.988,0.95131,0.9516,1.00,1.50
2016.11.18 11:21:47.611,0.9513,0.95157,1.00,1.00
2016.11.18 11:21:48.361,0.95128,0.95155,1.50,1.00
2016.11.18 11:21:50.111,0.95128,0.95157,1.00,1.00
2016.11.18 11:21:50.162,0.95129,0.9516,1.00,1.00
2016.11.18 11:21:50.212,0.95133,0.95162,1.00,1.00
2016.11.18 11:21:50.734,0.95134,0.95163,1.00,1.00
2016.11.18 11:21:51.102,0.95137,0.95165,1.50,1.50
2016.11.18 11:21:51.959,0.95137,0.95164,1.50,1.00
2016.11.18 11:21:53.076,0.95135,0.95164,1.00,1.50
2016.11.18 11:21:53.127,0.95135,0.95162,1.00,1.00
2016.11.18 11:21:54.092,0.95133,0.9516,1.50,1.00
2016.11.18 11:21:54.579,0.95127,0.95159,1.50,1.00
2016.11.18 11:21:54.680,0.95132,0.95159,1.00,1.00
2016.11.18 11:21:54.781,0.95127,0.95159,1.50,1.00
2016.11.18 11:21:54.882,0.95127,0.95156,1.50,1.00
2016.11.18 11:21:55.033,0.95127,0.95159,2.25,1.00
2016.11.18 11:21:55.184,0.95133,0.95159,1.00,1.00
2016.11.18 11:21:55.235,0.95133,0.95165,1.00,1.00
2016.11.18 11:21:55.513,0.95137,0.95165,1.00,1.00
2016.11.18 11:21:56.129,0.95137,0.95166,1.00,1.00
2016.11.18 11:21:56.384,0.95133,0.95166,1.00,1.00
2016.11.18 11:21:57.378,0.95133,0.95163,1.50,1.00
2016.11.18 11:21:57.629,0.95133,0.95165,1.00,1.00
2016.11.18 11:21:57.831,0.95133,0.95163,1.00,1.50
2016.11.18 11:21:58.223,0.95128,0.95158,1.00,1.00
2016.11.18 11:21:58.424,0.95125,0.95156,1.00,1.00
2016.11.18 11:21:58.588,0.95128,0.95156,1.00,1.00
2016.11.18 11:21:58.839,0.95128,0.95158,1.00,1.00
2016.11.18 11:21:58.889,0.95133,0.95158,1.00,1.00
2016.11.18 11:21:59.040,0.95137,0.95163,1.00,1.50
2016.11.18 11:21:59.157,0.95137,0.95159,1.00,1.00
2016.11.18 11:21:59.207,0.95133,0.95159,1.00,1.00
2016.11.18 11:21:59.390,0.95138,0.95159,1.00,1.00
2016.11.18 11:21:59.637,0.95133,0.95159,1.00,1.00
2016.11.18 11:22:00.165,0.95132,0.95159,1.00,1.00
2016.11.18 11:22:00.327,0.95132,0.95163,1.00,1.00
2016.11.18 11:22:01.193,0.95133,0.95166,1.50,1.00
2016.11.18 11:22:01.293,0.95136,0.95168,1.00,1.50
2016.11.18 11:22:01.690,0.95138,0.95168,1.00,1.50
2016.11.18 11:22:02.193,0.95138,0.95167,1.00,1.00
2016.11.18 11:22:02.399,0.95138,0.95169,1.00,1.00
2016.11.18 11:22:02.500,0.95142,0.9517,1.00,1.00
2016.11.18 11:22:03.184,0.95143,0.9517,1.00,1.50
2016.11.18 11:22:03.330,0.95138,0.9517,1.50,1.50
2016.11.18 11:22:03.800,0.95137,0.95167,1.00,1.00
2016.11.18 11:22:04.114,0.95133,0.95162,1.00,1.00
2016.11.18 11:22:04.215,0.9513,0.95162,1.00,1.50
2016.11.18 11:22:05.449,0.95133,0.95162,1.00,1.50
2016.11.18 11:22:06.355,0.95133,0.95161,1.00,1.00
2016.11.18 11:22:07.098,0.95133,0.9516,1.00,1.00
2016.11.18 11:22:07.406,0.9513,0.95159,1.00,1.00
2016.11.18 11:22:07.607,0.95133,0.95159,1.00,1.00
2016.11.18 11:22:08.308,0.95129,0.95158,1.00,1.00
2016.11.18 11:22:09.026,0.95128,0.95157,1.50,1.00
2016.11.18 11:22:10.612,0.95133,0.95159,1.00,1.50
2016.11.18 11:22:10.839,0.95128,0.95159,1.00,1.50
2016.11.18 11:22:11.454,0.95129,0.95159,1.00,1.50
2016.11.18 11:22:11.504,0.95132,0.95159,1.00,1.50
2016.11.18 11:22:11.715,0.95133,0.95163,1.00,1.00
2016.11.18 11:22:12.297,0.95132,0.95163,1.50,1.00
2016.11.18 11:22:12.807,0.95132,0.95162,1.00,1.00
2016.11.18 11:22:13.467,0.95132,0.95161,1.50,1.00
2016.11.18 11:22:14.079,0.95131,0.9516,1.00,1.00
2016.11.18 11:22:14.684,0.95132,0.95163,1.00,1.00
2016.11.18 11:22:15.363,0.95133,0.95162,1.00,1.00
2016.11.18 11:22:16.023,0.95138,0.95162,1.00,1.00
2016.11.18 11:22:16.124,0.95133,0.95161,1.50,1.00
2016.11.18 11:22:16.275,0.95133,0.95159,1.00,1.00
2016.11.18 11:22:16.426,0.9513,0.95158,1.00,1.00
2016.11.18 11:22:16.653,0.95133,0.95158,1.00,1.00
2016.11.18 11:22:17.204,0.95132,0.95158,1.00,1.00
2016.11.18 11:22:18.798,0.95132,0.95157,1.00,1.00
2016.11.18 11:22:19.430,0.9513,0.95157,1.00,1.00
2016.11.18 11:22:20.077,0.95127,0.95157,1.50,1.00
2016.11.18 11:22:20.606,0.95128,0.95158,1.50,1.00
2016.11.18 11:22:21.930,0.95129,0.95156,1.00,1.00
2016.11.18 11:22:25.734,0.95127,0.95154,1.00,1.00
2016.11.18 11:22:25.836,0.95129,0.95157,1.00,1.00
2016.11.18 11:22:26.188,0.95133,0.95155,1.00,1.00
2016.11.18 11:22:26.441,0.95128,0.95155,1.00,1.00
2016.11.18 11:22:27.022,0.95128,0.95154,1.00,1.00
2016.11.18 11:22:27.683,0.95128,0.95155,1.50,1.00
2016.11.18 11:22:33.840,0.95127,0.95156,1.00,1.00
2016.11.18 11:22:33.940,0.95128,0.95153,1.00,1.00
2016.11.18 11:22:33.991,0.95126,0.95155,1.00,1.00
2016.11.18 11:22:34.293,0.95128,0.95155,1.00,1.00
2016.11.18 11:22:35.810,0.95133,0.95155,1.00,1.00
2016.11.18 11:22:35.961,0.95127,0.95156,1.00,1.00
2016.11.18 11:22:36.061,0.95128,0.95154,1.00,1.00
2016.11.18 11:22:36.580,0.95127,0.95154,1.00,1.50
2016.11.18 11:22:37.471,0.95128,0.95154,1.00,1.00
2016.11.18 11:22:37.620,0.95128,0.95157,1.00,1.00
2016.11.18 11:22:37.670,0.9513,0.95157,1.00,1.50
2016.11.18 11:22:38.003,0.95132,0.95157,1.00,1.00
2016.11.18 11:22:38.110,0.95128,0.95157,1.00,1.00
2016.11.18 11:22:38.211,0.95128,0.95155,1.00,1.00
2016.11.18 11:22:38.734,0.95127,0.95154,1.50,1.00
2016.11.18 11:22:39.497,0.95127,0.95155,1.00,1.00
2016.11.18 11:22:39.800,0.95129,0.95156,1.00,1.00
2016.11.18 11:22:40.507,0.95128,0.95158,1.50,1.00
2016.11.18 11:22:40.965,0.95128,0.95154,1.00,1.00
2016.11.18 11:22:41.566,0.95127,0.95154,1.00,1.00
2016.11.18 11:22:46.506,0.95126,0.95154,1.00,1.00
2016.11.18 11:22:46.825,0.95128,0.95152,1.00,1.00
2016.11.18 11:22:48.285,0.95128,0.95154,1.00,1.00
2016.11.18 11:22:48.506,0.95129,0.95156,1.00,1.00
2016.11.18 11:22:48.829,0.95128,0.95153,1.00,1.00
2016.11.18 11:22:49.751,0.95128,0.95154,1.00,1.00
2016.11.18 11:22:51.372,0.95128,0.95153,1.00,1.00
2016.11.18 11:22:55.240,0.95126,0.95153,1.00,1.00
2016.11.18 11:22:57.738,0.95128,0.95155,1.00,1.00
2016.11.18 11:22:57.989,0.95123,0.95152,1.00,1.00
2016.11.18 11:22:58.550,0.95124,0.95152,1.00,1.00
2016.11.18 11:22:58.772,0.95127,0.95152,1.00,1.00
2016.11.18 11:22:58.845,0.95124,0.95152,1.00,1.00
2016.11.18 11:22:58.896,0.95123,0.9515,1.50,1.00
2016.11.18 11:22:59.233,0.95123,0.95152,1.00,1.00
2016.11.18 11:22:59.284,0.9512,0.95149,1.50,1.00
2016.11.18 11:22:59.598,0.95119,0.95146,1.00,1.50
2016.11.18 11:23:00.123,0.95117,0.95145,1.00,1.00
2016.11.18 11:23:00.956,0.95117,0.95143,1.00,1.00
2016.11.18 11:23:01.234,0.95117,0.95145,1.00,1.00
2016.11.18 11:23:02.027,0.95118,0.95146,1.00,1.00
2016.11.18 11:23:02.078,0.9512,0.95146,1.00,1.00
2016.11.18 11:23:02.379,0.95118,0.95146,1.00,1.00
2016.11.18 11:23:02.487,0.95115,0.95146,1.00,1.50
2016.11.18 11:23:02.994,0.95113,0.9514,1.50,1.00
2016.11.18 11:23:03.314,0.95112,0.95138,1.00,1.00
2016.11.18 11:23:03.365,0.95107,0.95138,1.50,1.50
2016.11.18 11:23:04.076,0.95108,0.95138,1.00,1.00
2016.11.18 11:23:04.555,0.9511,0.95138,1.00,1.00
2016.11.18 11:23:04.806,0.95115,0.95144,1.00,1.00
2016.11.18 11:23:05.348,0.95117,0.95145,1.00,1.00
2016.11.18 11:23:05.854,0.95117,0.95144,1.50,1.00
2016.11.18 11:23:06.368,0.95117,0.95145,1.00,1.00
2016.11.18 11:23:06.978,0.95116,0.95144,1.00,1.00
2016.11.18 11:23:07.575,0.95116,0.95143,1.00,1.00
2016.11.18 11:23:08.567,0.95117,0.95145,1.00,1.00
2016.11.18 11:23:09.458,0.95117,0.95142,1.00,1.00
2016.11.18 11:23:10.181,0.95115,0.95142,1.00,1.00
2016.11.18 11:23:11.480,0.95118,0.95142,1.00,1.00
2016.11.18 11:23:11.774,0.95115,0.95142,1.00,1.00
2016.11.18 11:23:12.836,0.95114,0.95141,1.50,1.00
2016.11.18 11:23:13.544,0.95114,0.95144,1.00,1.00
2016.11.18 11:23:13.783,0.95118,0.95144,1.00,1.00
2016.11.18 11:23:13.909,0.95114,0.95144,1.00,1.00
2016.11.18 11:23:14.085,0.95113,0.9514,1.00,1.00
2016.11.18 11:23:14.391,0.95117,0.95142,1.00,1.00
2016.11.18 11:23:14.492,0.95113,0.95142,1.50,1.00
2016.11.18 11:23:15.107,0.95117,0.95145,1.00,1.50
2016.11.18 11:23:16.720,0.95119,0.95148,1.00,1.50
2016.11.18 11:23:16.771,0.95119,0.95146,1.00,1.00
2016.11.18 11:23:16.972,0.95119,0.95148,1.00,1.00
2016.11.18 11:23:17.023,0.95118,0.95146,1.00,1.00
2016.11.18 11:23:17.484,0.95116,0.95145,1.00,1.00
2016.11.18 11:23:17.734,0.95117,0.95147,1.00,1.50
2016.11.18 11:23:17.784,0.95116,0.95145,1.00,1.00
2016.11.18 11:23:18.100,0.95118,0.95145,1.00,1.00
2016.11.18 11:23:18.201,0.95116,0.95145,1.00,1.00
2016.11.18 11:23:18.385,0.95118,0.95145,1.00,1.00
2016.11.18 11:23:19.097,0.95116,0.95145,1.00,1.00
2016.11.18 11:23:20.030,0.95117,0.95144,1.00,1.00
2016.11.18 11:23:20.628,0.95118,0.95144,1.00,1.00
2016.11.18 11:23:20.842,0.95119,0.95146,1.00,1.00
2016.11.18 11:23:22.209,0.9512,0.95147,1.00,1.00
2016.11.18 11:23:22.429,0.95118,0.95147,1.50,1.00
2016.11.18 11:23:23.397,0.95117,0.95147,1.00,1.50
2016.11.18 11:23:24.092,0.95118,0.95147,1.50,1.50
2016.11.18 11:23:30.224,0.95118,0.95146,1.50,1.00
2016.11.18 11:23:32.083,0.95118,0.95147,1.50,1.50
2016.11.18 11:23:33.581,0.95118,0.95145,1.00,1.00
2016.11.18 11:23:34.427,0.95118,0.95146,1.00,1.00
2016.11.18 11:23:37.622,0.95118,0.95147,1.50,1.00
2016.11.18 11:23:38.258,0.95121,0.95147,1.00,1.00
2016.11.18 11:23:44.917,0.95123,0.9515,1.00,1.00
2016.11.18 11:23:47.011,0.95123,0.95151,1.00,1.00
2016.11.18 11:23:47.111,0.95126,0.95152,1.00,1.00
2016.11.18 11:23:47.434,0.95129,0.95155,1.00,1.00
2016.11.18 11:23:48.172,0.95129,0.95156,1.00,1.00
2016.11.18 11:23:48.529,0.95133,0.95156,1.00,1.00
2016.11.18 11:23:49.658,0.95129,0.95156,1.00,1.00
2016.11.18 11:23:50.179,0.9513,0.95156,1.00,1.00
2016.11.18 11:23:51.805,0.95132,0.95158,1.00,1.00
2016.11.18 11:23:54.345,0.95133,0.95158,1.00,1.00
2016.11.18 11:23:54.647,0.95132,0.95156,1.00,1.00
2016.11.18 11:23:54.748,0.95129,0.95156,1.00,1.00
2016.11.18 11:23:54.848,0.95137,0.95163,1.00,1.00
2016.11.18 11:23:54.949,0.95134,0.95163,1.00,1.00
2016.11.18 11:23:55.050,0.95134,0.95159,1.00,1.00
2016.11.18 11:23:55.150,0.95132,0.95158,1.00,1.00
2016.11.18 11:23:55.705,0.95133,0.95158,1.00,1.50
2016.11.18 11:23:55.898,0.9513,0.95158,1.00,2.25
2016.11.18 11:23:55.950,0.95132,0.95158,1.00,1.50
2016.11.18 11:23:56.280,0.95132,0.95156,1.00,1.00
2016.11.18 11:23:57.072,0.95132,0.95157,1.00,1.00
2016.11.18 11:23:57.408,0.95133,0.95162,1.00,1.00
2016.11.18 11:23:57.879,0.95132,0.95158,1.00,1.00
2016.11.18 11:23:57.979,0.9513,0.95158,1.00,1.50
2016.11.18 11:23:58.281,0.95133,0.95158,1.00,1.00
2016.11.18 11:23:59.943,0.95133,0.9516,1.50,1.00
2016.11.18 11:24:00.640,0.95132,0.95158,1.00,1.00
2016.11.18 11:24:00.691,0.95133,0.9516,1.00,1.00
2016.11.18 11:24:02.183,0.95133,0.95159,1.00,1.00
2016.11.18 11:24:02.644,0.95133,0.95157,1.00,1.00
2016.11.18 11:24:02.813,0.95132,0.95159,1.00,1.00
2016.11.18 11:24:03.081,0.9513,0.95158,1.50,1.00
2016.11.18 11:24:03.182,0.95133,0.95158,1.00,1.00
2016.11.18 11:24:03.712,0.95131,0.95158,1.00,1.00
2016.11.18 11:24:04.442,0.9513,0.95158,1.00,1.00
2016.11.18 11:24:05.870,0.95129,0.95157,1.00,1.00
2016.11.18 11:24:06.865,0.95129,0.95155,1.00,1.00
2016.11.18 11:24:07.193,0.95124,0.95153,1.00,1.00
2016.11.18 11:24:07.405,0.95127,0.95152,1.00,1.50
2016.11.18 11:24:07.505,0.95123,0.95152,1.00,1.50
2016.11.18 11:24:08.056,0.95125,0.95151,1.00,1.00
2016.11.18 11:24:09.033,0.95127,0.95155,1.00,1.00
2016.11.18 11:24:09.847,0.95127,0.95154,1.00,1.00
2016.11.18 11:24:10.509,0.95126,0.95153,1.00,1.00
2016.11.18 11:24:11.560,0.95127,0.95152,1.00,1.00
2016.11.18 11:24:12.754,0.95128,0.95152,1.00,1.00
2016.11.18 11:24:12.855,0.95128,0.95155,1.00,1.00
2016.11.18 11:24:14.652,0.95127,0.95154,1.50,1.00
2016.11.18 11:24:15.574,0.95126,0.95153,1.00,1.00
2016.11.18 11:24:16.015,0.95127,0.95156,1.50,1.50
2016.11.18 11:24:16.401,0.95127,0.95153,1.00,1.00
2016.11.18 11:24:16.731,0.95123,0.95153,1.50,1.00
2016.11.18 11:24:16.789,0.95128,0.95153,1.00,1.00
2016.11.18 11:24:17.721,0.95128,0.95152,1.00,1.00
2016.11.18 11:24:19.923,0.95126,0.95152,1.00,1.00
2016.11.18 11:24:20.246,0.95124,0.95152,1.00,1.00
2016.11.18 11:24:21.144,0.95124,0.95154,1.00,1.00
2016.11.18 11:24:21.281,0.95126,0.95154,1.00,1.00
2016.11.18 11:24:21.626,0.95128,0.95151,1.00,1.00
2016.11.18 11:24:21.847,0.95123,0.9515,1.00,1.00
2016.11.18 11:24:23.973,0.95122,0.9515,1.00,1.00
2016.11.18 11:24:24.804,0.95122,0.95148,1.00,1.00
2016.11.18 11:24:25.323,0.95128,0.95152,1.00,1.00
2016.11.18 11:24:25.423,0.95133,0.95161,1.00,1.00
2016.11.18 11:24:25.474,0.95135,0.95162,1.00,1.00
2016.11.18 11:24:25.781,0.95138,0.95163,1.00,1.00
2016.11.18 11:24:26.365,0.95138,0.95164,1.00,1.50
2016.11.18 11:24:26.415,0.95136,0.95163,1.00,1.00
2016.11.18 11:24:26.687,0.95134,0.95162,1.00,1.00
2016.11.18 11:24:26.737,0.95134,0.95159,1.00,1.00
2016.11.18 11:24:27.752,0.95132,0.9516,1.50,1.00
2016.11.18 11:24:28.110,0.95134,0.9516,1.00,1.00
2016.11.18 11:24:28.755,0.95133,0.95159,1.00,1.00
2016.11.18 11:24:29.057,0.95139,0.95165,1.00,1.00
2016.11.18 11:24:29.440,0.95136,0.95166,1.00,1.00
2016.11.18 11:24:29.541,0.95138,0.9517,1.00,1.00
2016.11.18 11:24:29.642,0.95141,0.95172,1.00,1.00
2016.11.18 11:24:29.966,0.95146,0.95176,1.00,1.00
2016.11.18 11:24:30.390,0.95148,0.95176,1.00,1.00
2016.11.18 11:24:31.582,0.95147,0.95176,1.00,1.00
2016.11.18 11:24:31.824,0.95149,0.95179,1.00,1.00
2016.11.18 11:24:31.975,0.95148,0.95176,1.00,1.00
2016.11.18 11:24:33.093,0.95148,0.95175,1.00,1.00
2016.11.18 11:24:34.744,0.95148,0.95176,1.50,1.50
2016.11.18 11:24:35.013,0.95148,0.95178,1.00,1.00
2016.11.18 11:24:35.113,0.95148,0.95174,1.00,1.00
2016.11.18 11:24:35.164,0.95148,0.95176,1.00,1.00
2016.11.18 11:24:35.365,0.95143,0.95176,1.00,1.00
2016.11.18 11:24:35.636,0.95144,0.95174,1.00,1.00
2016.11.18 11:24:35.737,0.95145,0.95177,1.00,1.00
2016.11.18 11:24:35.988,0.95146,0.95179,1.00,1.00
2016.11.18 11:24:36.038,0.95152,0.95179,1.00,1.00
2016.11.18 11:24:36.929,0.95147,0.95178,1.00,1.00
2016.11.18 11:24:37.055,0.95153,0.95179,1.00,1.00
2016.11.18 11:24:37.765,0.95148,0.95179,1.00,1.00
2016.11.18 11:24:37.816,0.95148,0.95177,1.00,1.00
2016.11.18 11:24:37.966,0.95147,0.95179,1.50,1.50
2016.11.18 11:24:38.490,0.95148,0.95179,1.00,1.50
2016.11.18 11:24:39.290,0.95148,0.95177,1.00,1.00
2016.11.18 11:24:39.695,0.9515,0.95177,1.00,1.00
2016.11.18 11:24:40.355,0.95152,0.95177,1.00,1.00
2016.11.18 11:24:40.658,0.9515,0.95177,1.00,1.50
2016.11.18 11:24:40.937,0.95153,0.95177,1.00,1.00
2016.11.18 11:24:41.738,0.95152,0.95177,1.00,1.00
2016.11.18 11:24:42.281,0.95153,0.95177,1.00,1.00
2016.11.18 11:24:42.670,0.95147,0.95177,1.00,1.00
2016.11.18 11:24:42.720,0.95147,0.95172,1.00,1.00
2016.11.18 11:24:42.770,0.95144,0.95172,1.00,1.00
2016.11.18 11:24:42.821,0.95147,0.95174,1.00,1.00
2016.11.18 11:24:43.339,0.95148,0.95174,1.00,1.50
2016.11.18 11:24:43.848,0.95148,0.95173,1.00,1.00
2016.11.18 11:24:47.734,0.95148,0.95172,1.00,1.00
2016.11.18 11:24:49.791,0.95145,0.95172,1.00,1.00
2016.11.18 11:24:49.892,0.95143,0.9517,1.00,1.00
2016.11.18 11:24:49.942,0.95138,0.95171,1.50,1.00
2016.11.18 11:24:50.043,0.95143,0.95169,1.00,1.00
2016.11.18 11:24:50.143,0.95142,0.95172,1.00,1.00
2016.11.18 11:24:50.244,0.95142,0.9517,1.00,1.00
2016.11.18 11:24:50.613,0.95144,0.95172,1.00,1.00
2016.11.18 11:24:51.275,0.95145,0.95171,1.00,1.00
2016.11.18 11:24:51.479,0.95148,0.95176,1.00,1.00
2016.11.18 11:24:51.529,0.95152,0.95177,1.00,1.00
2016.11.18 11:24:51.580,0.95149,0.95176,1.00,1.00
2016.11.18 11:24:52.208,0.95148,0.95175,1.00,1.00
2016.11.18 11:24:52.796,0.95153,0.95175,1.00,1.00
2016.11.18 11:24:53.164,0.95148,0.95174,1.00,1.00
2016.11.18 11:24:53.279,0.95148,0.95176,1.00,1.00
2016.11.18 11:24:53.440,0.95148,0.95174,1.00,1.00
2016.11.18 11:24:54.267,0.95148,0.95176,1.00,1.00
2016.11.18 11:24:54.416,0.95148,0.95174,1.00,1.00
2016.11.18 11:24:56.055,0.95148,0.95176,1.00,1.00
2016.11.18 11:24:56.322,0.95147,0.95173,1.00,1.00
2016.11.18 11:24:56.565,0.95145,0.95173,1.00,1.00
2016.11.18 11:24:56.765,0.95147,0.95173,1.00,1.00
2016.11.18 11:24:57.153,0.95147,0.95176,1.00,1.50
2016.11.18 11:24:57.253,0.95149,0.95176,1.00,1.00
2016.11.18 11:24:57.698,0.95149,0.95173,1.00,1.00
2016.11.18 11:24:58.256,0.95148,0.95173,1.50,1.00
2016.11.18 11:24:58.617,0.95148,0.95176,1.50,1.50
2016.11.18 11:24:58.883,0.95148,0.95173,1.50,1.00
2016.11.18 11:24:58.983,0.95148,0.95176,1.50,1.50
2016.11.18 11:24:59.084,0.95148,0.95174,1.00,1.00
2016.11.18 11:24:59.378,0.95144,0.95174,1.00,1.00
2016.11.18 11:24:59.457,0.95146,0.95176,1.00,1.50
2016.11.18 11:24:59.787,0.95149,0.95176,1.00,1.00
2016.11.18 11:24:59.838,0.9515,0.9518,1.00,1.00
2016.11.18 11:24:59.938,0.95154,0.95181,1.00,1.00
2016.11.18 11:25:00.458,0.95155,0.95185,1.00,1.00
2016.11.18 11:25:01.033,0.95153,0.95185,1.00,1.00
2016.11.18 11:25:01.212,0.95153,0.95181,1.50,1.50
2016.11.18 11:25:01.556,0.95151,0.95179,1.00,1.00
2016.11.18 11:25:02.151,0.9515,0.95178,1.00,1.00
2016.11.18 11:25:02.878,0.95149,0.95177,1.00,1.00
2016.11.18 11:25:04.412,0.95148,0.95179,1.50,1.50
2016.11.18 11:25:05.443,0.95151,0.95179,1.00,1.00
2016.11.18 11:25:05.904,0.95153,0.95179,1.00,1.00
2016.11.18 11:25:07.427,0.95153,0.95178,1.00,1.00
2016.11.18 11:25:08.174,0.95153,0.95176,1.00,1.00
2016.11.18 11:25:08.287,0.95148,0.95176,1.50,1.00
2016.11.18 11:25:09.288,0.95153,0.95176,1.00,1.00
2016.11.18 11:25:09.439,0.95148,0.95175,1.50,1.00
2016.11.18 11:25:17.294,0.95147,0.95175,1.50,1.00
2016.11.18 11:25:20.119,0.95147,0.95173,1.00,1.00
2016.11.18 11:25:20.345,0.95147,0.95175,1.00,1.00
2016.11.18 11:25:28.443,0.95147,0.95173,1.00,1.00
2016.11.18 11:25:30.378,0.95146,0.95172,1.00,1.00
2016.11.18 11:25:30.428,0.95144,0.95171,1.00,1.00
2016.11.18 11:25:30.479,0.95142,0.9517,1.00,1.00
2016.11.18 11:25:30.734,0.95142,0.95167,1.00,1.00
2016.11.18 11:25:31.301,0.95142,0.95168,1.00,1.00
2016.11.18 11:25:31.960,0.95141,0.95168,1.00,1.00
2016.11.18 11:25:32.620,0.95141,0.95167,1.00,1.00
2016.11.18 11:25:33.453,0.95141,0.95169,1.00,1.00
2016.11.18 11:25:36.202,0.95143,0.9517,1.00,1.00
2016.11.18 11:25:37.038,0.95143,0.95167,1.00,1.00
2016.11.18 11:25:37.213,0.95143,0.9517,1.00,1.00
2016.11.18 11:25:37.875,0.95143,0.95171,1.00,1.50
2016.11.18 11:25:38.831,0.95143,0.9517,1.00,1.00
2016.11.18 11:25:39.794,0.95143,0.95171,1.00,1.00
2016.11.18 11:25:41.392,0.95143,0.95172,1.00,1.50
2016.11.18 11:25:41.839,0.95148,0.95173,1.00,1.00
2016.11.18 11:25:41.895,0.95148,0.95176,1.00,1.00
2016.11.18 11:25:41.946,0.95146,0.95173,1.00,1.00
2016.11.18 11:25:42.096,0.9514,0.95173,1.00,1.00
2016.11.18 11:25:42.147,0.9514,0.95168,1.00,1.00
2016.11.18 11:25:42.450,0.95138,0.95162,1.00,1.00
2016.11.18 11:25:42.551,0.95138,0.95164,1.00,1.00
2016.11.18 11:25:43.061,0.95138,0.95163,1.00,1.00
2016.11.18 11:25:43.563,0.95138,0.95164,1.00,1.00
2016.11.18 11:25:44.172,0.95138,0.95163,1.00,1.00
2016.11.18 11:25:44.840,0.95138,0.95164,1.00,1.00
2016.11.18 11:25:45.654,0.95138,0.95163,1.00,1.00
2016.11.18 11:25:46.159,0.95138,0.95164,1.00,1.00
2016.11.18 11:25:47.354,0.95137,0.95164,1.00,1.00
2016.11.18 11:25:51.934,0.95137,0.95163,1.00,1.00
2016.11.18 11:25:52.578,0.95137,0.95162,1.00,1.00
2016.11.18 11:25:53.089,0.95136,0.95162,1.00,1.00
2016.11.18 11:25:53.684,0.95135,0.95161,1.00,1.00
2016.11.18 11:25:54.523,0.95136,0.95162,1.00,1.00
2016.11.18 11:25:54.624,0.95139,0.95164,1.00,1.00
2016.11.18 11:25:54.724,0.95137,0.95164,1.00,1.00
2016.11.18 11:25:55.061,0.95135,0.95163,1.00,1.00
2016.11.18 11:25:55.607,0.95135,0.95162,1.00,1.00
2016.11.18 11:25:56.330,0.95136,0.95162,1.00,1.00
2016.11.18 11:25:56.381,0.95139,0.95162,1.00,1.00
2016.11.18 11:25:56.632,0.95136,0.95162,1.00,1.00
2016.11.18 11:25:56.683,0.95136,0.95164,1.00,1.00
2016.11.18 11:25:57.220,0.95135,0.95163,1.00,1.00
2016.11.18 11:25:58.193,0.95131,0.9516,1.00,1.00
2016.11.18 11:25:58.243,0.9513,0.95157,1.00,1.00
2016.11.18 11:25:58.344,0.95131,0.95159,1.00,1.00
2016.11.18 11:25:58.444,0.95128,0.95156,1.00,1.00
2016.11.18 11:25:58.701,0.95132,0.95161,1.00,1.00
2016.11.18 11:25:59.225,0.95131,0.95159,1.00,1.00
2016.11.18 11:25:59.526,0.95133,0.95161,1.00,1.00
2016.11.18 11:26:01.505,0.95135,0.95163,1.00,1.50
2016.11.18 11:26:01.879,0.95133,0.95162,1.00,1.00
2016.11.18 11:26:02.278,0.95133,0.95164,1.00,1.00
2016.11.18 11:26:02.529,0.95133,0.95161,1.00,1.00
2016.11.18 11:26:05.699,0.95133,0.9516,1.00,1.00
2016.11.18 11:26:08.591,0.95132,0.9516,1.00,1.00
2016.11.18 11:26:08.812,0.95131,0.95163,1.00,1.00
2016.11.18 11:26:08.863,0.95135,0.95163,1.50,1.00
2016.11.18 11:26:08.913,0.95135,0.95167,1.50,1.00
2016.11.18 11:26:08.963,0.95146,0.95167,1.00,1.00
2016.11.18 11:26:09.014,0.95146,0.9517,1.00,1.00
2016.11.18 11:26:09.114,0.95148,0.95175,1.00,1.00
2016.11.18 11:26:09.215,0.95148,0.95172,1.00,1.00
2016.11.18 11:26:09.266,0.95146,0.95172,1.00,1.00
2016.11.18 11:26:09.416,0.95144,0.9517,1.00,1.00
2016.11.18 11:26:09.728,0.95142,0.9517,1.00,1.00
2016.11.18 11:26:09.829,0.95137,0.95168,1.50,1.00
2016.11.18 11:26:09.971,0.95135,0.95166,1.00,1.00
2016.11.18 11:26:10.316,0.95133,0.95162,1.00,1.00
2016.11.18 11:26:11.395,0.95135,0.95162,1.00,1.50
2016.11.18 11:26:17.915,0.95136,0.95162,1.00,1.00
2016.11.18 11:26:21.858,0.95136,0.95163,1.00,1.00
2016.11.18 11:26:23.145,0.95137,0.95164,1.00,1.00
2016.11.18 11:26:24.189,0.95139,0.95165,1.00,1.00
2016.11.18 11:26:26.917,0.95136,0.95165,1.00,1.00
2016.11.18 11:26:27.443,0.95139,0.95165,1.00,1.00
2016.11.18 11:26:27.951,0.95138,0.95166,1.00,1.00
2016.11.18 11:26:28.264,0.95143,0.9517,1.00,1.00
2016.11.18 11:26:28.800,0.95145,0.95172,1.00,1.50
2016.11.18 11:26:32.622,0.95142,0.9517,1.50,1.00
2016.11.18 11:26:33.125,0.95143,0.95171,1.00,1.00
2016.11.18 11:26:33.925,0.95143,0.9517,1.00,1.00
2016.11.18 11:26:35.192,0.95141,0.95173,1.00,1.00
2016.11.18 11:26:35.242,0.9515,0.95172,1.00,1.00
2016.11.18 11:26:35.293,0.95148,0.95172,1.00,1.00
2016.11.18 11:26:35.393,0.95145,0.95174,1.00,1.00
2016.11.18 11:26:35.595,0.95143,0.95172,1.00,1.00
2016.11.18 11:26:35.716,0.9514,0.95173,1.00,1.50
2016.11.18 11:26:35.766,0.95142,0.95173,1.00,1.50
2016.11.18 11:26:36.068,0.95138,0.95165,1.00,1.00
2016.11.18 11:26:36.864,0.95137,0.95165,1.50,1.00
2016.11.18 11:26:37.244,0.95134,0.95165,1.00,1.50
2016.11.18 11:26:37.345,0.95134,0.95162,1.00,1.00
2016.11.18 11:26:37.964,0.95135,0.95162,1.00,1.00
2016.11.18 11:26:38.167,0.95135,0.95165,1.00,1.00
2016.11.18 11:26:38.439,0.95142,0.95168,1.00,1.00
2016.11.18 11:26:38.489,0.9514,0.95168,1.00,1.00
2016.11.18 11:26:38.540,0.95143,0.95169,1.00,1.00
2016.11.18 11:26:39.226,0.95143,0.9517,1.00,1.00
2016.11.18 11:26:40.961,0.9514,0.95175,1.00,1.00
2016.11.18 11:26:41.061,0.95143,0.95177,1.00,1.50
2016.11.18 11:26:41.363,0.9515,0.95178,1.00,1.50
2016.11.18 11:26:41.413,0.95147,0.95176,2.25,1.00
2016.11.18 11:26:41.577,0.95145,0.95172,1.00,1.00
2016.11.18 11:26:41.627,0.95143,0.95171,1.00,1.00
2016.11.18 11:26:41.778,0.9514,0.95167,1.00,1.00
2016.11.18 11:26:41.879,0.9514,0.95169,1.00,1.00
2016.11.18 11:26:41.930,0.95139,0.95166,1.00,1.00
2016.11.18 11:26:43.201,0.95138,0.95165,1.00,1.00
2016.11.18 11:26:43.744,0.95137,0.95165,1.00,1.00
2016.11.18 11:26:44.275,0.95138,0.95165,1.00,1.00
2016.11.18 11:26:44.563,0.95136,0.95165,1.00,1.00
2016.11.18 11:26:45.065,0.95137,0.95166,1.50,1.00
2016.11.18 11:26:46.294,0.95138,0.95164,1.00,1.00
2016.11.18 11:26:46.394,0.95136,0.95164,1.00,1.00
2016.11.18 11:26:46.445,0.95134,0.95161,1.00,1.00
2016.11.18 11:26:46.596,0.95132,0.95161,1.00,1.50
2016.11.18 11:26:47.474,0.95133,0.95161,1.00,1.50
2016.11.18 11:26:48.035,0.95133,0.9516,1.00,1.00
2016.11.18 11:26:48.612,0.95134,0.95161,1.00,1.00
2016.11.18 11:26:48.713,0.95135,0.95164,1.00,1.50
2016.11.18 11:26:49.486,0.95136,0.95162,1.00,1.00
2016.11.18 11:26:50.138,0.95137,0.95163,1.00,1.00
2016.11.18 11:26:50.289,0.95134,0.95162,1.00,1.00
2016.11.18 11:26:50.440,0.95133,0.9516,1.00,1.00
2016.11.18 11:26:52.280,0.95132,0.9516,1.50,1.00
2016.11.18 11:26:53.167,0.95133,0.9516,1.00,1.00
2016.11.18 11:26:53.928,0.95133,0.95158,1.00,1.00
2016.11.18 11:26:54.486,0.95132,0.95158,1.00,1.00
2016.11.18 11:26:55.770,0.95133,0.95158,1.00,1.00
2016.11.18 11:26:56.289,0.95132,0.95158,1.00,1.00
2016.11.18 11:26:57.148,0.95132,0.95157,1.00,1.00
2016.11.18 11:26:57.473,0.95129,0.95156,1.00,1.50
2016.11.18 11:26:57.523,0.95127,0.95154,1.50,1.00
2016.11.18 11:26:57.574,0.95128,0.95156,1.50,1.00
2016.11.18 11:26:57.826,0.95128,0.95153,1.00,1.00
2016.11.18 11:26:58.008,0.95124,0.95153,1.00,1.00
2016.11.18 11:26:58.109,0.95128,0.95153,1.00,1.00
2016.11.18 11:26:58.320,0.95124,0.95153,1.00,1.00
2016.11.18 11:26:58.421,0.95123,0.9515,1.00,1.00
2016.11.18 11:26:58.742,0.95121,0.9515,1.00,1.00
2016.11.18 11:26:59.279,0.95121,0.95149,1.00,1.00
2016.11.18 11:26:59.912,0.95122,0.95151,1.00,1.00
2016.11.18 11:26:59.963,0.95122,0.95149,1.00,1.00
2016.11.18 11:27:00.980,0.95123,0.95149,1.00,1.00
2016.11.18 11:27:03.722,0.95124,0.95149,1.00,1.00
2016.11.18 11:27:04.438,0.95124,0.9515,1.00,1.00
2016.11.18 11:27:05.332,0.95122,0.9515,1.00,1.00
2016.11.18 11:27:06.126,0.95122,0.95148,1.00,1.00
2016.11.18 11:27:08.761,0.95122,0.9515,1.00,1.00
2016.11.18 11:27:09.840,0.95121,0.95149,1.00,1.00
2016.11.18 11:27:11.188,0.95121,0.95148,1.00,1.00
2016.11.18 11:27:12.324,0.95121,0.95149,1.00,1.00
2016.11.18 11:27:12.481,0.95123,0.95149,1.00,1.00
2016.11.18 11:27:13.280,0.95124,0.9515,1.00,1.00
2016.11.18 11:27:13.981,0.95122,0.95148,1.00,1.00
2016.11.18 11:27:14.504,0.95123,0.95149,1.00,1.00
2016.11.18 11:27:14.795,0.95123,0.95151,1.00,1.00
2016.11.18 11:27:16.401,0.95122,0.95151,1.50,1.00
2016.11.18 11:27:16.690,0.95123,0.95149,1.50,1.00
2016.11.18 11:27:20.019,0.95123,0.95148,1.00,1.00
2016.11.18 11:27:20.611,0.95122,0.95148,1.00,1.00
2016.11.18 11:27:22.330,0.95122,0.95149,1.00,1.00
2016.11.18 11:27:23.323,0.95122,0.9515,1.50,1.50
2016.11.18 11:27:26.818,0.95123,0.9515,1.00,1.00
2016.11.18 11:27:27.836,0.95121,0.95148,1.00,1.00
2016.11.18 11:27:28.226,0.95118,0.95144,1.00,1.50
2016.11.18 11:27:28.452,0.95113,0.95144,1.00,1.00
2016.11.18 11:27:28.502,0.95117,0.95148,1.00,1.00
2016.11.18 11:27:28.804,0.95123,0.9515,1.00,1.00
2016.11.18 11:27:29.593,0.95121,0.9515,1.00,1.00
2016.11.18 11:27:30.426,0.95123,0.9515,1.00,1.00
2016.11.18 11:27:31.840,0.95121,0.9515,1.00,1.00
2016.11.18 11:27:32.041,0.95121,0.95148,1.00,1.00
2016.11.18 11:27:32.356,0.95124,0.95151,1.00,1.00
2016.11.18 11:27:32.632,0.95126,0.95155,1.00,1.00
2016.11.18 11:27:32.932,0.95128,0.95155,1.00,1.00
2016.11.18 11:27:33.431,0.95126,0.95153,1.00,1.50
2016.11.18 11:27:33.833,0.95124,0.95152,1.00,1.00
2016.11.18 11:27:34.346,0.95125,0.95154,1.00,1.50
2016.11.18 11:27:34.442,0.95127,0.95154,1.00,1.00
2016.11.18 11:27:34.493,0.95127,0.95156,1.00,1.50
2016.11.18 11:27:35.236,0.95128,0.95156,1.00,1.50
2016.11.18 11:27:35.737,0.95128,0.95155,1.00,1.00
2016.11.18 11:27:36.839,0.95127,0.95155,1.00,1.00
2016.11.18 11:27:37.595,0.95128,0.95155,1.00,1.00
2016.11.18 11:27:38.280,0.95129,0.95156,1.00,1.00
2016.11.18 11:27:38.943,0.95128,0.95156,1.00,1.00
2016.11.18 11:27:43.666,0.9513,0.95156,1.00,1.00
2016.11.18 11:27:43.867,0.9513,0.95159,1.00,1.00
2016.11.18 11:27:44.018,0.95128,0.95157,1.50,1.00
2016.11.18 11:27:45.026,0.95129,0.95155,1.00,1.00
2016.11.18 11:27:46.070,0.95129,0.95154,1.00,1.00
2016.11.18 11:27:46.221,0.95125,0.95157,1.00,1.00
2016.11.18 11:27:46.450,0.95122,0.95154,1.00,1.00
2016.11.18 11:27:46.601,0.9512,0.95154,1.00,1.00
2016.11.18 11:27:46.873,0.95123,0.95156,1.00,1.00
2016.11.18 11:27:47.186,0.95123,0.95154,1.00,1.00
2016.11.18 11:27:47.488,0.95125,0.95155,1.00,1.00
2016.11.18 11:27:47.792,0.95131,0.95158,1.00,1.00
2016.11.18 11:27:47.893,0.95131,0.9516,1.00,1.00
2016.11.18 11:27:48.313,0.95133,0.95161,1.00,1.00
2016.11.18 11:27:48.514,0.95127,0.95157,1.50,1.00
2016.11.18 11:27:49.057,0.95128,0.95158,1.00,1.00
2016.11.18 11:27:49.582,0.95127,0.95158,1.00,1.50
2016.11.18 11:27:50.132,0.95127,0.95157,1.00,1.00
2016.11.18 11:27:50.688,0.95127,0.95158,1.00,1.50
2016.11.18 11:27:50.989,0.95127,0.95155,1.00,1.00
2016.11.18 11:27:51.536,0.95128,0.95155,1.00,1.00
2016.11.18 11:27:52.044,0.95127,0.95155,1.00,1.50
2016.11.18 11:27:52.095,0.95125,0.95155,1.00,1.50
2016.11.18 11:27:52.382,0.95128,0.95155,1.00,1.50
2016.11.18 11:27:53.170,0.95128,0.95154,1.00,1.00
2016.11.18 11:27:53.843,0.95128,0.95155,1.00,1.50
2016.11.18 11:27:53.982,0.95124,0.95152,1.00,1.00
2016.11.18 11:27:54.083,0.95128,0.95155,1.00,1.50
2016.11.18 11:27:54.629,0.95127,0.95155,1.00,1.00
2016.11.18 11:27:55.133,0.95128,0.95155,1.00,1.00
2016.11.18 11:27:55.527,0.95123,0.95152,1.50,1.00
2016.11.18 11:27:56.213,0.95128,0.95154,1.00,1.00
2016.11.18 11:27:56.590,0.95122,0.95153,2.25,1.00
2016.11.18 11:27:58.108,0.95123,0.95151,1.00,1.00
2016.11.18 11:27:58.615,0.95123,0.95152,1.00,1.50
2016.11.18 11:27:59.388,0.95123,0.95151,1.00,1.00
2016.11.18 11:27:59.689,0.95127,0.95152,1.00,1.00
2016.11.18 11:27:59.740,0.95127,0.95157,1.50,1.00
2016.11.18 11:27:59.790,0.95129,0.95158,1.00,1.00
2016.11.18 11:28:00.091,0.95128,0.95156,1.00,1.00
2016.11.18 11:28:00.142,0.95124,0.95153,1.50,1.00
2016.11.18 11:28:00.605,0.95121,0.95152,1.00,1.50
2016.11.18 11:28:00.655,0.95124,0.95152,1.00,1.50
2016.11.18 11:28:00.705,0.95126,0.95156,1.00,1.00
2016.11.18 11:28:00.756,0.95123,0.95156,1.50,1.00
2016.11.18 11:28:00.807,0.95127,0.95156,1.00,1.00
2016.11.18 11:28:01.588,0.95128,0.95154,1.00,1.00
2016.11.18 11:28:02.746,0.95128,0.95153,1.00,1.00
2016.11.18 11:28:02.846,0.95128,0.95156,1.00,1.50
2016.11.18 11:28:02.897,0.95128,0.95152,1.00,1.00
2016.11.18 11:28:02.948,0.95122,0.95152,1.00,1.00
2016.11.18 11:28:02.998,0.95122,0.95149,1.00,1.00
2016.11.18 11:28:03.049,0.95116,0.95149,1.00,1.00
2016.11.18 11:28:03.250,0.95113,0.95146,1.00,1.00
2016.11.18 11:28:03.632,0.95113,0.95142,1.00,1.00
2016.11.18 11:28:03.821,0.95113,0.95146,1.00,1.00
2016.11.18 11:28:04.224,0.95115,0.95146,1.00,1.00
2016.11.18 11:28:04.342,0.95113,0.95146,1.50,1.00
2016.11.18 11:28:04.443,0.95117,0.95146,1.00,1.00
2016.11.18 11:28:05.065,0.95118,0.95146,1.00,1.00
2016.11.18 11:28:05.446,0.95113,0.95145,1.50,1.00
2016.11.18 11:28:05.497,0.95112,0.95143,1.00,1.00
2016.11.18 11:28:05.798,0.95114,0.95144,1.00,1.50
2016.11.18 11:28:06.100,0.95117,0.95144,1.00,1.00
2016.11.18 11:28:06.324,0.95112,0.95144,1.50,1.50
2016.11.18 11:28:06.767,0.95115,0.95144,1.00,1.00
2016.11.18 11:28:06.868,0.95115,0.95146,1.00,1.00
2016.11.18 11:28:06.968,0.95117,0.95147,1.00,1.00
2016.11.18 11:28:07.479,0.95118,0.95147,1.00,1.00
2016.11.18 11:28:07.580,0.95114,0.95147,1.00,1.00
2016.11.18 11:28:07.727,0.95118,0.95146,1.00,1.00
2016.11.18 11:28:07.929,0.95114,0.95145,1.50,1.00
2016.11.18 11:28:08.357,0.95111,0.95144,1.50,1.00
2016.11.18 11:28:08.457,0.95114,0.95144,1.00,1.00
2016.11.18 11:28:08.608,0.95115,0.95146,1.00,1.00
2016.11.18 11:28:08.659,0.95112,0.95144,1.50,1.00
2016.11.18 11:28:08.860,0.95112,0.9514,1.00,1.00
2016.11.18 11:28:09.398,0.95113,0.9514,1.00,1.00
2016.11.18 11:28:11.033,0.95112,0.9514,1.00,1.00
2016.11.18 11:28:11.083,0.95112,0.95143,1.00,1.00
2016.11.18 11:28:11.211,0.95112,0.95141,1.00,1.00
2016.11.18 11:28:12.034,0.95111,0.95142,1.00,1.00
2016.11.18 11:28:13.177,0.95113,0.95142,1.00,1.00
2016.11.18 11:28:13.227,0.95113,0.95144,1.00,1.00
2016.11.18 11:28:13.759,0.95114,0.95143,1.00,1.00
2016.11.18 11:28:13.860,0.95112,0.95142,1.00,1.00
2016.11.18 11:28:14.302,0.95114,0.95142,1.00,1.00
2016.11.18 11:28:14.352,0.95114,0.95144,1.00,1.00
2016.11.18 11:28:17.698,0.95115,0.95144,1.00,1.00
2016.11.18 11:28:20.647,0.95113,0.95143,1.00,1.00
2016.11.18 11:28:21.043,0.95116,0.95145,1.00,1.50
2016.11.18 11:28:24.787,0.95117,0.95145,1.00,1.00
2016.11.18 11:28:25.013,0.95117,0.95147,1.00,1.00
2016.11.18 11:28:25.691,0.95117,0.95146,1.00,1.00
2016.11.18 11:28:26.285,0.95118,0.95146,1.00,1.00
2016.11.18 11:28:26.623,0.95119,0.95148,1.00,2.25
2016.11.18 11:28:27.129,0.95119,0.95147,1.00,1.00
2016.11.18 11:28:27.655,0.9512,0.95147,1.00,1.00
2016.11.18 11:28:27.981,0.95117,0.95147,1.00,1.00
2016.11.18 11:28:30.055,0.95117,0.95148,1.00,1.50
2016.11.18 11:28:30.458,0.95119,0.95147,1.00,1.00
2016.11.18 11:28:30.923,0.95117,0.95147,1.00,1.50
2016.11.18 11:28:31.398,0.95118,0.95149,1.00,1.50
2016.11.18 11:28:31.790,0.95118,0.95147,1.00,1.00
2016.11.18 11:28:32.824,0.95119,0.95147,1.00,1.50
2016.11.18 11:28:33.827,0.95119,0.95146,1.00,1.00
2016.11.18 11:28:35.206,0.9512,0.95147,1.00,1.50
2016.11.18 11:28:35.508,0.95122,0.95149,1.00,1.00
2016.11.18 11:28:36.206,0.95122,0.9515,1.00,1.00
2016.11.18 11:28:38.827,0.95128,0.95155,1.00,1.50
2016.11.18 11:28:39.174,0.95131,0.95157,1.00,1.00
2016.11.18 11:28:39.692,0.95128,0.95155,1.00,1.00
2016.11.18 11:28:41.142,0.95129,0.95155,1.00,1.00
2016.11.18 11:28:41.193,0.95127,0.95154,1.00,1.00
2016.11.18 11:28:42.643,0.95128,0.95156,1.00,1.50
2016.11.18 11:28:45.616,0.9513,0.95156,1.00,1.50
2016.11.18 11:28:46.151,0.95129,0.95155,1.00,1.00
2016.11.18 11:28:46.788,0.95129,0.95156,1.00,1.00
2016.11.18 11:28:47.090,0.95135,0.9516,1.00,1.00
2016.11.18 11:28:47.762,0.95135,0.95161,1.00,1.00
2016.11.18 11:28:47.964,0.95134,0.95163,1.00,2.25
2016.11.18 11:28:48.786,0.95134,0.95162,1.00,1.00
2016.11.18 11:28:50.486,0.95137,0.95162,1.00,1.00
2016.11.18 11:28:55.161,0.95128,0.95153,1.00,1.00
2016.11.18 11:28:55.261,0.95121,0.95149,1.00,1.00
2016.11.18 11:28:56.173,0.95122,0.9515,1.00,1.00
2016.11.18 11:29:01.692,0.95123,0.95152,1.00,1.50
2016.11.18 11:29:02.199,0.95122,0.95151,1.00,1.00
2016.11.18 11:29:02.717,0.95121,0.95151,1.00,1.00
2016.11.18 11:29:03.386,0.95125,0.95152,1.00,1.50
2016.11.18 11:29:06.862,0.95124,0.95151,1.00,1.00
2016.11.18 11:29:07.668,0.95123,0.9515,1.00,1.00
2016.11.18 11:29:11.939,0.95125,0.95152,1.00,2.25
2016.11.18 11:29:18.281,0.95126,0.95152,1.00,1.00
2016.11.18 11:29:18.765,0.95122,0.9515,1.00,1.00
2016.11.18 11:29:18.866,0.95121,0.95148,1.00,1.00
2016.11.18 11:29:20.036,0.95121,0.95147,1.00,1.00
2016.11.18 11:29:21.259,0.95121,0.95148,1.00,1.50
2016.11.18 11:29:22.743,0.95123,0.95149,1.00,1.00
2016.11.18 11:29:22.894,0.95123,0.95151,1.00,1.00
2016.11.18 11:29:23.240,0.95122,0.95149,1.00,1.00
2016.11.18 11:29:27.452,0.9512,0.95147,1.00,1.00
2016.11.18 11:29:32.051,0.95122,0.95147,1.00,1.00
2016.11.18 11:29:32.559,0.95122,0.95146,1.00,1.00
2016.11.18 11:29:33.304,0.95122,0.95148,1.00,1.00
2016.11.18 11:29:34.516,0.95122,0.95146,1.00,1.00
2016.11.18 11:29:34.567,0.95118,0.95146,1.00,1.00
2016.11.18 11:29:36.357,0.95117,0.95146,1.50,1.00
2016.11.18 11:29:37.692,0.95118,0.95147,1.00,1.50
2016.11.18 11:29:40.477,0.95118,0.95145,1.00,1.00
2016.11.18 11:29:40.628,0.95117,0.95147,1.00,1.50
2016.11.18 11:29:40.678,0.95117,0.95145,1.00,1.00
2016.11.18 11:29:41.013,0.95116,0.95143,1.00,1.00
2016.11.18 11:29:41.063,0.95114,0.95143,1.00,1.50
2016.11.18 11:29:43.268,0.95115,0.95143,1.00,1.00
2016.11.18 11:29:43.369,0.95113,0.9514,1.50,1.00
2016.11.18 11:29:43.419,0.95114,0.95142,1.00,1.00
2016.11.18 11:29:43.543,0.95113,0.9514,1.50,1.00
2016.11.18 11:29:43.846,0.9511,0.95136,1.50,1.00
2016.11.18 11:29:44.917,0.95109,0.95139,1.00,1.00
2016.11.18 11:29:46.270,0.95109,0.95138,1.00,1.00
2016.11.18 11:29:46.785,0.95109,0.95139,1.00,1.00
2016.11.18 11:29:47.410,0.9511,0.95139,1.00,1.00
2016.11.18 11:29:47.583,0.9511,0.95137,1.00,1.00
2016.11.18 11:29:48.350,0.95111,0.95137,1.00,1.50
2016.11.18 11:29:52.612,0.95111,0.95139,1.00,1.00
2016.11.18 11:29:52.763,0.95113,0.95139,1.00,1.00
2016.11.18 11:29:53.030,0.95113,0.95141,1.00,1.00
2016.11.18 11:29:53.938,0.95118,0.95145,1.00,1.00
2016.11.18 11:29:54.282,0.9512,0.95146,1.00,1.00
2016.11.18 11:29:58.137,0.9512,0.95147,1.00,1.00
2016.11.18 11:30:00.373,0.95121,0.95147,1.00,1.00
2016.11.18 11:30:00.588,0.95122,0.9515,1.00,1.50
2016.11.18 11:30:01.109,0.95123,0.9515,1.00,1.00
2016.11.18 11:30:03.978,0.95125,0.9515,1.00,1.00
2016.11.18 11:30:04.502,0.95125,0.95151,1.00,1.00
2016.11.18 11:30:05.050,0.95126,0.95152,1.00,1.50
2016.11.18 11:30:06.008,0.95127,0.95153,1.00,1.00
2016.11.18 11:30:12.998,0.95128,0.95154,1.00,1.00
2016.11.18 11:30:13.054,0.95126,0.95153,1.00,1.00
2016.11.18 11:30:13.464,0.95124,0.95152,1.00,1.50
2016.11.18 11:30:13.615,0.95123,0.9515,1.00,1.00
2016.11.18 11:30:14.867,0.95121,0.95149,1.00,1.00
2016.11.18 11:30:15.834,0.95119,0.95146,1.00,1.00
2016.11.18 11:30:15.934,0.95117,0.95145,1.00,1.00
2016.11.18 11:30:16.136,0.95117,0.95142,1.00,1.00
2016.11.18 11:30:16.387,0.95115,0.95141,1.00,1.00
2016.11.18 11:30:16.625,0.95114,0.95145,1.00,1.00
2016.11.18 11:30:17.088,0.95115,0.95147,1.50,1.00
2016.11.18 11:30:17.290,0.95117,0.95147,1.00,1.00
2016.11.18 11:30:18.095,0.95116,0.95145,1.00,1.00
2016.11.18 11:30:18.967,0.95117,0.95144,1.00,1.00
2016.11.18 11:30:19.725,0.95117,0.95142,1.00,1.00
2016.11.18 11:30:20.126,0.95117,0.95144,1.00,1.00
2016.11.18 11:30:20.227,0.95119,0.95145,1.00,1.00
2016.11.18 11:30:20.402,0.95118,0.95148,1.00,1.50
2016.11.18 11:30:20.663,0.95119,0.95146,1.00,1.00
2016.11.18 11:30:20.714,0.9512,0.95152,1.00,1.50
2016.11.18 11:30:20.764,0.9512,0.95149,1.50,1.00
2016.11.18 11:30:21.329,0.9512,0.95148,1.50,1.00
2016.11.18 11:30:21.657,0.95123,0.95152,1.00,1.00
2016.11.18 11:30:22.175,0.95122,0.95151,2.25,1.00
2016.11.18 11:30:22.774,0.95121,0.9515,1.00,1.00
2016.11.18 11:30:23.471,0.95121,0.95148,1.00,1.00
2016.11.18 11:30:23.855,0.95123,0.95156,1.00,1.00
2016.11.18 11:30:23.956,0.95129,0.95156,1.00,1.00
2016.11.18 11:30:24.568,0.95131,0.95157,1.00,1.50
2016.11.18 11:30:33.440,0.95132,0.95157,1.00,1.00
2016.11.18 11:30:35.543,0.95135,0.95157,1.00,1.00
2016.11.18 11:30:35.594,0.95135,0.95162,1.00,2.25
2016.11.18 11:30:36.098,0.95136,0.95162,1.00,1.00
2016.11.18 11:30:36.748,0.95136,0.95163,1.00,1.50
2016.11.18 11:30:37.322,0.95136,0.95162,1.00,1.00
2016.11.18 11:30:38.094,0.95137,0.95163,1.00,1.00
2016.11.18 11:30:43.756,0.95137,0.95158,1.00,1.00
2016.11.18 11:30:43.858,0.95133,0.95159,1.00,1.00
2016.11.18 11:30:43.959,0.95131,0.95158,1.00,1.00
2016.11.18 11:30:44.170,0.95129,0.95158,1.50,1.00
2016.11.18 11:30:44.272,0.95133,0.95158,1.00,1.00
2016.11.18 11:30:44.881,0.95133,0.95157,1.00,1.00
2016.11.18 11:30:44.982,0.95133,0.95162,2.25,1.50
2016.11.18 11:30:45.101,0.95133,0.9516,1.50,1.00
2016.11.18 11:30:45.151,0.95133,0.95162,2.25,1.50
2016.11.18 11:30:45.403,0.95137,0.95163,1.00,1.00
2016.11.18 11:30:45.560,0.95135,0.95163,1.00,1.50
2016.11.18 11:30:46.139,0.95134,0.95162,1.00,1.00
2016.11.18 11:30:46.189,0.95133,0.95159,1.50,1.00
2016.11.18 11:30:46.390,0.9513,0.95158,1.00,1.00
2016.11.18 11:30:47.112,0.95129,0.95157,1.50,1.00
2016.11.18 11:30:47.955,0.95129,0.95158,1.50,1.00
2016.11.18 11:30:48.165,0.95127,0.95155,1.00,1.00
2016.11.18 11:30:48.470,0.9513,0.95158,1.00,1.50
2016.11.18 11:30:48.958,0.95129,0.95156,1.00,1.00
2016.11.18 11:30:49.719,0.95128,0.95155,1.00,1.00
2016.11.18 11:30:50.033,0.95125,0.95153,1.00,1.50
2016.11.18 11:30:50.597,0.95125,0.95152,1.00,1.00
2016.11.18 11:30:50.769,0.95127,0.95153,1.00,1.00
2016.11.18 11:30:50.970,0.95125,0.95153,1.00,1.50
2016.11.18 11:30:51.671,0.95125,0.95152,1.00,1.00
2016.11.18 11:30:54.783,0.95125,0.95153,1.00,1.50
2016.11.18 11:30:55.403,0.95125,0.95152,1.00,1.00
2016.11.18 11:30:56.386,0.95126,0.95152,1.00,1.00
2016.11.18 11:30:56.936,0.95126,0.95153,1.00,1.50
2016.11.18 11:30:59.148,0.95124,0.95152,1.00,1.00
2016.11.18 11:30:59.340,0.95122,0.95151,1.50,1.50
2016.11.18 11:30:59.491,0.95122,0.95149,1.00,1.00
2016.11.18 11:31:00.306,0.95122,0.9515,1.00,1.00
2016.11.18 11:31:01.085,0.95123,0.9515,1.00,1.00
2016.11.18 11:31:01.396,0.95123,0.95148,1.00,1.00
2016.11.18 11:31:03.032,0.95123,0.95149,1.00,1.00
2016.11.18 11:31:04.540,0.95123,0.95151,1.00,1.50
2016.11.18 11:31:05.204,0.95123,0.95148,1.00,1.00
2016.11.18 11:31:05.355,0.95127,0.95154,1.50,1.00
2016.11.18 11:31:05.993,0.95127,0.95152,1.00,1.00
2016.11.18 11:31:06.193,0.95127,0.95154,1.50,1.00
2016.11.18 11:31:06.715,0.95128,0.95154,1.00,1.00
2016.11.18 11:31:09.726,0.95122,0.95153,1.50,1.00
2016.11.18 11:31:09.777,0.95122,0.95145,1.50,1.00
2016.11.18 11:31:09.877,0.95118,0.95145,1.00,1.00
2016.11.18 11:31:10.057,0.95119,0.95147,1.00,1.00
2016.11.18 11:31:10.158,0.95118,0.95145,1.00,1.00
2016.11.18 11:31:10.715,0.95118,0.95146,1.50,1.00
2016.11.18 11:31:11.862,0.95119,0.95145,1.00,1.00
2016.11.18 11:31:14.106,0.95118,0.95145,1.00,1.00
2016.11.18 11:31:21.427,0.95117,0.95144,1.50,1.00
2016.11.18 11:31:21.820,0.95119,0.95145,1.00,1.00
2016.11.18 11:31:22.041,0.95114,0.95144,1.00,1.00
2016.11.18 11:31:22.280,0.95109,0.95137,1.00,1.00
2016.11.18 11:31:22.643,0.95113,0.95137,1.00,1.00
2016.11.18 11:31:23.213,0.95113,0.95135,1.00,1.00
2016.11.18 11:31:23.264,0.95108,0.95135,1.00,1.00
2016.11.18 11:31:23.740,0.95105,0.95134,1.00,1.00
2016.11.18 11:31:24.164,0.95108,0.95134,1.00,1.00
2016.11.18 11:31:24.365,0.95104,0.95133,1.00,1.00
2016.11.18 11:31:24.700,0.95103,0.95131,1.00,1.00
2016.11.18 11:31:25.384,0.95103,0.95132,1.00,1.00
2016.11.18 11:31:25.685,0.95114,0.95137,1.00,1.00
2016.11.18 11:31:25.736,0.95111,0.95137,1.00,1.00
2016.11.18 11:31:25.836,0.95111,0.95143,1.00,1.00
2016.11.18 11:31:25.987,0.95111,0.95138,1.00,1.00
2016.11.18 11:31:26.038,0.95109,0.95138,1.00,1.00
2016.11.18 11:31:26.563,0.95108,0.95137,1.50,1.00
2016.11.18 11:31:27.283,0.9511,0.95137,1.00,1.00
2016.11.18 11:31:27.702,0.95112,0.95137,1.00,1.00
2016.11.18 11:31:27.753,0.95113,0.95141,1.00,1.00
2016.11.18 11:31:29.095,0.95113,0.95142,1.00,1.00
2016.11.18 11:31:29.469,0.95108,0.95137,2.25,1.00
2016.11.18 11:31:30.080,0.95108,0.95138,1.50,1.00
2016.11.18 11:31:30.404,0.95111,0.95138,1.00,1.00
2016.11.18 11:31:30.867,0.95113,0.9514,1.00,1.00
2016.11.18 11:31:31.384,0.95113,0.95141,1.50,1.00
2016.11.18 11:31:31.697,0.95115,0.95141,1.00,1.00
2016.11.18 11:31:31.824,0.95115,0.95143,1.00,1.00
2016.11.18 11:31:32.040,0.95112,0.95143,1.00,1.50
2016.11.18 11:31:32.141,0.95112,0.95141,1.50,1.00
2016.11.18 11:31:32.766,0.95113,0.9514,1.00,1.00
2016.11.18 11:31:33.800,0.95113,0.95137,1.00,1.00
2016.11.18 11:31:33.901,0.95108,0.95137,1.00,2.25
2016.11.18 11:31:33.952,0.95108,0.95135,1.00,1.00
2016.11.18 11:31:34.002,0.95107,0.95137,1.00,1.50
2016.11.18 11:31:34.103,0.95107,0.95133,1.00,1.00
2016.11.18 11:31:34.756,0.95108,0.95134,1.00,1.00
2016.11.18 11:31:39.673,0.95109,0.95134,1.00,1.00
2016.11.18 11:31:39.824,0.95111,0.95137,1.00,1.00
2016.11.18 11:31:39.924,0.95112,0.95143,1.00,1.50
2016.11.18 11:31:39.975,0.95111,0.95137,1.50,1.00
2016.11.18 11:31:40.079,0.95112,0.95143,1.00,1.50
2016.11.18 11:31:40.673,0.95112,0.95142,1.50,1.00
2016.11.18 11:31:42.791,0.95112,0.9514,1.00,1.00
2016.11.18 11:31:43.109,0.95109,0.95138,1.00,1.00
2016.11.18 11:31:45.411,0.95113,0.95137,1.00,1.00
2016.11.18 11:31:45.512,0.9511,0.95137,1.00,1.00
2016.11.18 11:31:46.075,0.95112,0.9514,1.00,1.00
2016.11.18 11:31:46.389,0.9511,0.95137,1.00,1.00
2016.11.18 11:31:46.720,0.95112,0.95141,1.50,1.00
2016.11.18 11:31:47.666,0.95114,0.95142,1.00,1.50
2016.11.18 11:31:52.791,0.95117,0.95142,1.00,1.00
2016.11.18 11:31:53.440,0.95116,0.95142,1.00,1.00
2016.11.18 11:31:53.958,0.95115,0.95142,1.00,1.00
2016.11.18 11:31:54.288,0.95115,0.95138,1.00,1.00
2016.11.18 11:31:54.892,0.95115,0.95142,1.00,1.50
2016.11.18 11:31:56.271,0.95113,0.95142,1.00,1.00
2016.11.18 11:31:56.322,0.95113,0.95138,1.00,1.00
2016.11.18 11:31:56.931,0.95112,0.95137,1.00,1.00
2016.11.18 11:32:01.604,0.95112,0.95138,1.50,1.00
2016.11.18 11:32:03.119,0.95112,0.95139,1.50,1.00
2016.11.18 11:32:03.506,0.95112,0.95137,1.00,1.00
2016.11.18 11:32:03.707,0.95113,0.95139,1.00,1.00
2016.11.18 11:32:04.765,0.95113,0.95141,1.50,1.50
2016.11.18 11:32:05.136,0.95113,0.95139,1.00,1.00
2016.11.18 11:32:05.243,0.95113,0.95141,1.50,1.50
2016.11.18 11:32:08.241,0.95113,0.95139,1.00,1.00
2016.11.18 11:32:08.493,0.95113,0.95141,1.50,1.00
2016.11.18 11:32:08.620,0.95115,0.95142,1.00,1.50
2016.11.18 11:32:12.022,0.95116,0.95144,1.00,1.00
2016.11.18 11:32:13.119,0.95116,0.95143,1.00,1.00
2016.11.18 11:32:15.575,0.95114,0.95143,1.00,1.00
2016.11.18 11:32:15.625,0.95113,0.95141,1.00,1.00
2016.11.18 11:32:16.604,0.95113,0.9514,1.00,1.00
2016.11.18 11:32:18.666,0.95114,0.9514,1.00,1.00
2016.11.18 11:32:19.311,0.95111,0.95139,1.00,1.00
2016.11.18 11:32:19.676,0.95111,0.95137,1.00,1.00
2016.11.18 11:32:20.460,0.95108,0.95135,1.00,1.00
2016.11.18 11:32:20.510,0.95108,0.95133,1.00,1.00
2016.11.18 11:32:20.560,0.95105,0.95133,1.00,1.00
2016.11.18 11:32:20.611,0.95103,0.95131,1.00,1.00
2016.11.18 11:32:21.031,0.95099,0.95126,1.00,1.00
2016.11.18 11:32:22.080,0.951,0.95127,1.00,1.00
2016.11.18 11:32:23.163,0.95098,0.95125,1.50,1.00
2016.11.18 11:32:23.504,0.95094,0.95122,1.50,1.00
2016.11.18 11:32:24.303,0.95094,0.95123,1.50,1.00
2016.11.18 11:32:25.039,0.95094,0.95122,1.50,1.00
2016.11.18 11:32:26.286,0.95094,0.95123,1.50,1.00
2016.11.18 11:32:26.403,0.95103,0.95127,1.00,1.50
2016.11.18 11:32:26.554,0.95104,0.95131,1.00,1.50
2016.11.18 11:32:29.234,0.95102,0.9513,1.00,1.00
2016.11.18 11:32:29.285,0.95099,0.95127,1.00,1.00
2016.11.18 11:32:29.645,0.95094,0.95121,1.50,1.00
2016.11.18 11:32:30.420,0.95094,0.95122,1.50,1.00
2016.11.18 11:32:31.499,0.95092,0.95122,1.00,1.00
2016.11.18 11:32:32.159,0.95091,0.95121,1.50,1.00
2016.11.18 11:32:32.338,0.95093,0.95121,1.00,1.00
2016.11.18 11:32:32.819,0.95092,0.95119,1.00,1.00
2016.11.18 11:32:33.150,0.95094,0.9512,1.00,1.00
2016.11.18 11:32:33.353,0.95092,0.9512,1.00,1.00
2016.11.18 11:32:33.454,0.95092,0.95117,1.00,1.00
2016.11.18 11:32:33.555,0.95088,0.95115,1.00,1.00
2016.11.18 11:32:33.656,0.95085,0.95115,1.00,1.00
2016.11.18 11:32:34.403,0.95088,0.95116,1.00,1.00
2016.11.18 11:32:41.512,0.9509,0.95117,1.00,1.00
2016.11.18 11:32:41.613,0.95088,0.95118,1.00,1.00
2016.11.18 11:32:41.845,0.95089,0.9512,1.00,1.00
2016.11.18 11:32:42.165,0.95093,0.9512,1.00,1.00
2016.11.18 11:32:42.365,0.95089,0.9512,1.00,1.00
2016.11.18 11:32:45.169,0.95091,0.95121,1.00,1.50
2016.11.18 11:32:45.220,0.95089,0.95121,1.00,1.00
2016.11.18 11:32:45.270,0.95092,0.95122,1.00,1.00
2016.11.18 11:32:45.572,0.95092,0.95119,1.00,1.00
2016.11.18 11:32:46.317,0.9509,0.95121,1.00,1.00
2016.11.18 11:32:46.672,0.95093,0.9512,1.00,1.00
2016.11.18 11:32:46.987,0.9509,0.9512,1.00,1.00
2016.11.18 11:32:48.068,0.95092,0.95121,1.00,1.00
2016.11.18 11:32:48.119,0.9509,0.95121,1.00,1.00
2016.11.18 11:32:48.695,0.95093,0.9512,1.00,1.00
2016.11.18 11:32:52.579,0.95093,0.95122,1.00,1.00
2016.11.18 11:32:52.629,0.95093,0.9512,1.00,1.00
2016.11.18 11:33:01.530,0.95093,0.95122,1.00,1.00
2016.11.18 11:33:03.224,0.95094,0.9512,1.00,1.00
2016.11.18 11:33:04.668,0.95092,0.95121,1.50,1.00
2016.11.18 11:33:05.297,0.95093,0.95121,1.00,1.00
2016.11.18 11:33:07.615,0.95094,0.95123,1.00,1.00
2016.11.18 11:33:07.904,0.95093,0.95125,1.50,1.50
2016.11.18 11:33:08.125,0.95096,0.95125,1.00,1.00
2016.11.18 11:33:08.671,0.95096,0.95126,1.00,1.00
2016.11.18 11:33:09.013,0.95092,0.95122,1.00,1.00
2016.11.18 11:33:09.214,0.95089,0.95122,1.00,1.50
2016.11.18 11:33:09.265,0.9509,0.95119,1.00,1.00
2016.11.18 11:33:14.333,0.95093,0.9512,1.00,1.00
2016.11.18 11:33:15.323,0.95092,0.95121,1.00,1.00
2016.11.18 11:33:16.911,0.95091,0.95121,1.00,1.00
2016.11.18 11:33:17.241,0.95093,0.95121,1.00,1.00
2016.11.18 11:33:18.294,0.95093,0.9512,1.50,1.00
2016.11.18 11:33:18.874,0.95093,0.95119,1.00,1.00
2016.11.18 11:33:19.025,0.95089,0.95116,1.50,1.00
2016.11.18 11:33:19.075,0.95089,0.95114,1.00,1.00
2016.11.18 11:33:19.126,0.95086,0.95114,1.50,1.00
2016.11.18 11:33:19.973,0.95084,0.95114,1.00,1.00
2016.11.18 11:33:20.124,0.95087,0.95114,1.50,1.00
2016.11.18 11:33:21.261,0.95087,0.95115,1.50,1.50
2016.11.18 11:33:21.766,0.95093,0.95115,1.00,1.00
2016.11.18 11:33:21.816,0.95093,0.95119,1.00,1.00
2016.11.18 11:33:22.102,0.95091,0.95118,1.00,1.00
2016.11.18 11:33:22.152,0.95093,0.95118,1.00,1.00
2016.11.18 11:33:24.022,0.95092,0.95118,1.00,1.00
2016.11.18 11:33:24.593,0.95092,0.95119,1.00,1.00
2016.11.18 11:33:25.758,0.95092,0.9512,1.50,1.00
2016.11.18 11:33:26.717,0.95092,0.95119,1.00,1.00
2016.11.18 11:33:28.127,0.95093,0.95119,1.00,1.00
2016.11.18 11:33:29.754,0.95092,0.95119,1.00,1.00
2016.11.18 11:33:29.805,0.95092,0.95121,1.00,1.50
2016.11.18 11:33:30.813,0.9509,0.95119,1.00,1.00
2016.11.18 11:33:31.170,0.95092,0.9512,1.50,1.00
2016.11.18 11:33:31.971,0.95092,0.95119,1.50,1.00
2016.11.18 11:33:33.784,0.95093,0.95119,1.00,1.00
2016.11.18 11:33:36.440,0.95098,0.95119,1.00,1.00
2016.11.18 11:33:36.866,0.95093,0.95119,1.50,1.00
2016.11.18 11:33:46.211,0.95093,0.9512,1.00,1.00
2016.11.18 11:33:46.311,0.95093,0.95115,1.00,1.00
2016.11.18 11:33:46.362,0.95089,0.95115,1.00,1.00
2016.11.18 11:33:46.563,0.95093,0.95115,1.00,1.00
2016.11.18 11:33:47.353,0.95089,0.95115,1.00,1.00
2016.11.18 11:33:47.483,0.95092,0.95117,1.00,1.00
2016.11.18 11:33:47.579,0.95092,0.9512,1.50,1.00
2016.11.18 11:33:47.629,0.95095,0.9512,1.00,1.00
2016.11.18 11:33:48.282,0.95091,0.9512,1.00,1.00
2016.11.18 11:33:48.598,0.95093,0.9512,1.00,1.00
2016.11.18 11:33:49.141,0.95094,0.9512,1.00,1.00
2016.11.18 11:33:51.110,0.95092,0.95118,1.00,1.00
2016.11.18 11:33:51.615,0.95093,0.95118,1.00,1.00
2016.11.18 11:33:51.966,0.95087,0.95117,1.00,1.00
2016.11.18 11:33:52.113,0.95089,0.95115,1.00,1.00
2016.11.18 11:33:52.456,0.95087,0.95113,1.50,1.00
2016.11.18 11:33:52.960,0.95088,0.95113,1.00,1.00
2016.11.18 11:33:53.388,0.95085,0.95112,1.00,1.00
2016.11.18 11:33:53.933,0.95085,0.95113,1.00,1.00
2016.11.18 11:33:54.175,0.95087,0.95113,1.00,1.00
2016.11.18 11:33:54.800,0.95087,0.95116,1.50,1.00
2016.11.18 11:33:55.409,0.95088,0.95116,1.00,1.00
2016.11.18 11:33:56.070,0.95088,0.95117,1.00,1.00
2016.11.18 11:33:56.450,0.9509,0.95116,1.00,1.00
2016.11.18 11:33:57.053,0.95089,0.95116,1.00,1.00
2016.11.18 11:34:00.283,0.95089,0.95115,1.00,1.00
2016.11.18 11:34:02.742,0.95087,0.95114,1.00,1.00
2016.11.18 11:34:03.054,0.95084,0.95114,1.00,1.50
2016.11.18 11:34:03.326,0.95083,0.95111,1.00,1.50
2016.11.18 11:34:03.638,0.9508,0.95108,1.00,1.00
2016.11.18 11:34:04.377,0.95078,0.95108,1.00,1.00
2016.11.18 11:34:04.704,0.9508,0.95109,1.00,1.00
2016.11.18 11:34:05.225,0.95079,0.95108,1.00,1.00
2016.11.18 11:34:08.500,0.95079,0.95109,1.00,1.50
2016.11.18 11:34:13.338,0.95082,0.95109,1.00,1.00
2016.11.18 11:34:13.858,0.95083,0.95109,1.50,1.00
2016.11.18 11:34:18.315,0.95081,0.9511,1.00,1.00
2016.11.18 11:34:18.902,0.9508,0.9511,1.00,1.00
2016.11.18 11:34:19.555,0.95077,0.95108,2.25,1.00
2016.11.18 11:34:20.144,0.95079,0.95108,1.00,1.00
2016.11.18 11:34:26.921,0.95079,0.9511,1.00,1.00
2016.11.18 11:34:27.242,0.95083,0.95114,1.00,1.50
2016.11.18 11:34:27.639,0.95086,0.95114,1.00,1.00
2016.11.18 11:34:27.840,0.95078,0.95108,1.50,1.00
2016.11.18 11:34:27.940,0.95078,0.95106,1.50,1.00
2016.11.18 11:34:28.281,0.95083,0.95106,1.00,1.00
2016.11.18 11:34:28.332,0.95078,0.95106,1.50,1.00
2016.11.18 11:34:28.652,0.95078,0.95101,1.00,1.00
2016.11.18 11:34:28.753,0.95073,0.95098,1.00,1.00
2016.11.18 11:34:28.848,0.95067,0.95098,1.00,1.00
2016.11.18 11:34:28.898,0.95068,0.95094,1.00,1.00
2016.11.18 11:34:28.949,0.95066,0.95098,1.00,1.50
2016.11.18 11:34:29.150,0.95068,0.95097,1.00,1.00
2016.11.18 11:34:29.485,0.95072,0.95098,1.00,1.00
2016.11.18 11:34:29.714,0.95072,0.951,1.00,1.00
2016.11.18 11:34:31.615,0.95072,0.95099,1.50,1.00
2016.11.18 11:34:33.426,0.95072,0.951,1.00,1.00
2016.11.18 11:34:40.524,0.95071,0.95097,1.00,1.00
2016.11.18 11:34:41.947,0.95073,0.951,1.00,1.00
2016.11.18 11:34:42.133,0.95068,0.95095,1.50,1.00
2016.11.18 11:34:42.605,0.95069,0.95098,1.00,1.00
2016.11.18 11:34:42.656,0.95072,0.95098,1.00,1.00
2016.11.18 11:34:43.296,0.95072,0.95096,1.00,1.00
2016.11.18 11:34:43.907,0.95072,0.95098,1.00,1.00
2016.11.18 11:34:44.665,0.95073,0.95098,1.00,1.00
2016.11.18 11:34:46.233,0.95072,0.95098,1.00,1.00
2016.11.18 11:34:48.934,0.95072,0.95096,1.00,1.00
2016.11.18 11:34:49.650,0.95073,0.95096,1.00,1.00
2016.11.18 11:34:50.360,0.95073,0.95098,1.00,1.00
2016.11.18 11:34:50.464,0.95073,0.95096,1.00,1.00
2016.11.18 11:34:50.659,0.95076,0.951,1.00,1.00
2016.11.18 11:34:50.710,0.95076,0.95103,1.00,1.00
2016.11.18 11:34:50.970,0.95079,0.95105,1.00,1.00
2016.11.18 11:34:52.416,0.95083,0.95105,1.00,1.00
2016.11.18 11:34:52.466,0.95083,0.95107,1.00,1.00
2016.11.18 11:34:52.575,0.95078,0.95106,1.00,1.00
2016.11.18 11:34:53.106,0.95077,0.95106,1.00,1.50
2016.11.18 11:34:53.156,0.95074,0.95102,1.00,1.00
2016.11.18 11:34:53.473,0.95077,0.95102,1.00,1.00
2016.11.18 11:34:53.586,0.95074,0.95102,1.00,1.00
2016.11.18 11:34:54.151,0.95078,0.95102,1.00,1.00
2016.11.18 11:34:54.694,0.95077,0.95102,1.00,1.00
2016.11.18 11:34:58.245,0.95077,0.95103,1.00,1.00
2016.11.18 11:34:58.581,0.95073,0.95099,1.50,1.00
2016.11.18 11:35:00.339,0.95073,0.95098,1.00,1.00
2016.11.18 11:35:03.080,0.95073,0.951,1.00,1.50
2016.11.18 11:35:03.611,0.95073,0.95101,1.50,1.00
2016.11.18 11:35:04.048,0.95075,0.95101,1.00,1.00
2016.11.18 11:35:04.507,0.95074,0.95099,1.00,1.00
2016.11.18 11:35:05.013,0.95075,0.951,1.00,1.00
2016.11.18 11:35:05.467,0.95078,0.951,1.00,1.00
2016.11.18 11:35:06.005,0.95078,0.95101,1.00,1.00
2016.11.18 11:35:06.469,0.95074,0.95101,1.00,1.00
2016.11.18 11:35:06.664,0.95073,0.95099,1.00,1.00
2016.11.18 11:35:06.967,0.95072,0.95097,1.50,1.00
2016.11.18 11:35:07.159,0.95073,0.95099,1.00,1.00
2016.11.18 11:35:07.473,0.95078,0.95099,1.00,1.00
2016.11.18 11:35:07.816,0.95073,0.95101,1.50,1.00
2016.11.18 11:35:07.976,0.95077,0.95101,1.00,1.00
2016.11.18 11:35:09.702,0.95075,0.95101,1.00,1.00
2016.11.18 11:35:10.086,0.95073,0.95102,1.00,1.00
2016.11.18 11:35:12.183,0.95072,0.95102,1.50,1.00
2016.11.18 11:35:16.255,0.95074,0.95103,1.00,1.00
2016.11.18 11:35:16.932,0.95076,0.95103,1.00,1.00
2016.11.18 11:35:18.352,0.95073,0.95103,1.00,1.00
2016.11.18 11:35:19.030,0.95075,0.95102,1.00,1.00
2016.11.18 11:35:19.346,0.95072,0.95095,1.00,1.00
2016.11.18 11:35:19.496,0.95068,0.95095,1.00,1.00
2016.11.18 11:35:19.627,0.95072,0.95096,1.00,1.50
2016.11.18 11:35:19.727,0.9507,0.95096,1.00,1.50
2016.11.18 11:35:20.009,0.95073,0.95096,1.00,1.50
2016.11.18 11:35:20.619,0.95073,0.95097,1.00,1.00
2016.11.18 11:35:22.545,0.95078,0.95097,1.00,1.00
2016.11.18 11:35:24.798,0.95078,0.95098,1.00,1.00
2016.11.18 11:35:27.264,0.95078,0.95097,1.00,1.00
2016.11.18 11:35:27.314,0.95072,0.95097,1.00,1.00
2016.11.18 11:35:27.392,0.95072,0.95095,1.00,1.00
2016.11.18 11:35:27.610,0.95069,0.95095,1.00,1.00
2016.11.18 11:35:28.271,0.95069,0.95097,1.00,1.00
2016.11.18 11:35:29.107,0.95069,0.95094,1.00,1.00
2016.11.18 11:35:30.662,0.95068,0.95095,1.00,1.00
2016.11.18 11:35:34.065,0.95068,0.95093,1.00,1.00
2016.11.18 11:35:34.816,0.95067,0.95093,1.50,1.00
2016.11.18 11:35:37.419,0.95072,0.95093,1.00,1.00
2016.11.18 11:35:38.179,0.95072,0.95094,1.00,1.00
2016.11.18 11:35:38.761,0.95072,0.95095,1.00,1.00
2016.11.18 11:35:38.862,0.95068,0.95093,1.00,1.00
2016.11.18 11:35:39.013,0.95069,0.95097,1.00,1.00
2016.11.18 11:35:39.269,0.95072,0.95097,1.00,1.00
2016.11.18 11:35:39.623,0.95078,0.95098,1.00,1.00
2016.11.18 11:35:39.844,0.95073,0.95098,1.00,1.00
2016.11.18 11:35:40.724,0.95078,0.95098,1.00,1.00
2016.11.18 11:35:41.035,0.95073,0.95098,1.00,1.00
2016.11.18 11:35:41.358,0.95077,0.95098,1.00,1.00
2016.11.18 11:35:41.742,0.95078,0.951,1.00,1.00
2016.11.18 11:35:41.862,0.95074,0.951,1.00,1.00
2016.11.18 11:35:42.134,0.95078,0.95101,1.00,1.00
2016.11.18 11:35:42.636,0.95074,0.95102,1.00,1.00
2016.11.18 11:35:43.052,0.95078,0.95102,1.00,1.00
2016.11.18 11:35:47.470,0.95077,0.95102,1.00,1.00
2016.11.18 11:35:47.678,0.95077,0.95104,1.00,1.50
2016.11.18 11:35:48.596,0.95077,0.95102,1.50,1.00
2016.11.18 11:35:49.163,0.95077,0.95104,1.50,1.00
2016.11.18 11:35:50.169,0.95078,0.95104,1.00,1.00
2016.11.18 11:35:50.549,0.95082,0.95104,1.00,1.00
2016.11.18 11:35:55.157,0.95082,0.95105,1.00,1.00
2016.11.18 11:35:59.482,0.95082,0.95104,1.00,1.00
2016.11.18 11:36:00.250,0.95077,0.95104,1.00,1.00
2016.11.18 11:36:02.030,0.95077,0.95105,1.50,1.00
2016.11.18 11:36:02.321,0.9508,0.95106,1.00,1.00
2016.11.18 11:36:02.638,0.95082,0.95108,1.00,1.00
2016.11.18 11:36:02.979,0.95087,0.95108,1.00,1.00
2016.11.18 11:36:04.358,0.95088,0.95108,1.00,1.00
2016.11.18 11:36:05.043,0.95088,0.95109,1.00,1.50
2016.11.18 11:36:07.180,0.95078,0.95103,1.00,1.00
2016.11.18 11:36:07.482,0.95073,0.95098,1.00,1.00
2016.11.18 11:36:08.041,0.95074,0.951,1.00,1.00
2016.11.18 11:36:08.616,0.95075,0.95101,1.00,1.00
2016.11.18 11:36:08.823,0.95073,0.95097,1.00,1.00
2016.11.18 11:36:08.923,0.95067,0.95093,1.00,1.00
2016.11.18 11:36:09.319,0.95069,0.95094,1.00,1.00
2016.11.18 11:36:10.320,0.95068,0.95095,1.00,1.00
2016.11.18 11:36:13.717,0.95068,0.95094,1.00,1.00
2016.11.18 11:36:18.169,0.95071,0.95096,1.00,1.00
2016.11.18 11:36:18.327,0.95073,0.951,1.00,1.00
2016.11.18 11:36:18.377,0.95075,0.95101,1.00,1.00
2016.11.18 11:36:18.908,0.95078,0.95101,1.00,1.00
2016.11.18 11:36:19.115,0.95078,0.95103,1.00,1.00
2016.11.18 11:36:19.165,0.95078,0.95101,1.00,1.00
2016.11.18 11:36:19.561,0.95078,0.95099,1.00,1.00
2016.11.18 11:36:23.819,0.95073,0.95097,1.00,1.00
2016.11.18 11:36:23.870,0.95073,0.95094,1.00,1.00
2016.11.18 11:36:23.920,0.95068,0.95094,1.00,1.00
2016.11.18 11:36:24.023,0.95073,0.95094,1.00,1.00
2016.11.18 11:36:24.527,0.95072,0.95094,1.00,1.00
2016.11.18 11:36:25.032,0.95072,0.95095,1.00,1.00
2016.11.18 11:36:26.624,0.95072,0.95094,1.00,1.00
2016.11.18 11:36:27.919,0.95073,0.95094,1.00,1.50
2016.11.18 11:36:28.195,0.95069,0.95094,1.00,1.50
2016.11.18 11:36:28.296,0.9507,0.95096,1.00,1.50
2016.11.18 11:36:28.829,0.95072,0.95096,1.00,1.50
2016.11.18 11:36:29.376,0.95072,0.95097,1.50,1.00
2016.11.18 11:36:29.897,0.95073,0.95098,1.50,1.00
2016.11.18 11:36:35.924,0.95072,0.95098,1.50,1.00
2016.11.18 11:36:36.599,0.95074,0.95098,1.00,1.00
2016.11.18 11:36:38.318,0.95074,0.951,1.00,1.00
2016.11.18 11:36:38.368,0.95073,0.95098,1.50,1.00
2016.11.18 11:36:38.788,0.95077,0.95098,1.00,1.00
2016.11.18 11:36:40.225,0.95073,0.95098,1.50,1.00
2016.11.18 11:36:41.616,0.95078,0.95098,1.00,1.00
2016.11.18 11:36:43.756,0.95078,0.95097,1.00,1.00
2016.11.18 11:36:43.856,0.95072,0.95096,1.00,1.00
2016.11.18 11:36:43.965,0.95068,0.95096,1.00,1.00
2016.11.18 11:36:44.771,0.95073,0.95096,1.00,1.00
2016.11.18 11:36:44.871,0.95067,0.95095,1.50,1.00
2016.11.18 11:36:46.024,0.95072,0.95095,1.00,1.00
2016.11.18 11:36:46.626,0.95068,0.95095,1.00,1.00
2016.11.18 11:36:47.916,0.95069,0.95095,1.00,1.00
2016.11.18 11:36:47.967,0.95073,0.95096,1.00,1.00
2016.11.18 11:36:52.245,0.95071,0.95096,1.00,1.00
2016.11.18 11:36:55.462,0.95071,0.95097,1.00,1.00
2016.11.18 11:37:01.112,0.9507,0.95097,1.00,1.00
2016.11.18 11:37:01.239,0.95068,0.95099,1.00,1.50
2016.11.18 11:37:01.290,0.95068,0.95091,1.00,1.00
2016.11.18 11:37:01.390,0.95063,0.95091,1.00,1.00
2016.11.18 11:37:01.792,0.95063,0.95086,1.00,1.00
2016.11.18 11:37:01.892,0.95059,0.95085,1.00,1.00
2016.11.18 11:37:02.668,0.95058,0.95083,1.00,1.00
2016.11.18 11:37:03.847,0.95058,0.95082,1.00,1.00
2016.11.18 11:37:03.897,0.95054,0.95082,1.00,1.00
2016.11.18 11:37:05.176,0.95058,0.95084,1.00,1.50
2016.11.18 11:37:05.702,0.95059,0.95085,1.00,1.00
2016.11.18 11:37:06.414,0.95059,0.95084,1.00,1.00
2016.11.18 11:37:08.668,0.95058,0.95086,1.50,1.50
2016.11.18 11:37:08.817,0.95058,0.95084,1.50,1.00
2016.11.18 11:37:09.068,0.95056,0.95084,1.00,1.00
2016.11.18 11:37:09.169,0.95058,0.95086,1.00,1.00
2016.11.18 11:37:11.705,0.9506,0.95086,1.00,1.00
2016.11.18 11:37:11.906,0.95055,0.95084,1.00,1.00
2016.11.18 11:37:12.006,0.95058,0.95084,1.00,1.00
2016.11.18 11:37:12.513,0.95058,0.95085,1.50,1.50
2016.11.18 11:37:14.532,0.9506,0.95088,1.00,1.00
2016.11.18 11:37:15.056,0.9506,0.95086,1.00,1.00
2016.11.18 11:37:15.647,0.95059,0.95085,1.00,1.00
2016.11.18 11:37:16.196,0.95058,0.95084,1.00,1.00
2016.11.18 11:37:17.173,0.95059,0.95085,1.00,1.00
2016.11.18 11:37:17.508,0.95062,0.95086,1.00,1.00
2016.11.18 11:37:17.730,0.9506,0.95087,1.00,1.00
2016.11.18 11:37:18.086,0.95059,0.95085,1.00,1.00
2016.11.18 11:37:18.538,0.95062,0.95088,1.00,1.00
2016.11.18 11:37:19.134,0.95062,0.9509,1.00,1.50
2016.11.18 11:37:19.254,0.9506,0.95088,1.00,1.00
2016.11.18 11:37:20.882,0.95058,0.95087,1.00,1.00
2016.11.18 11:37:22.815,0.95058,0.95084,1.50,1.00
2016.11.18 11:37:23.117,0.95054,0.9508,1.00,1.00
2016.11.18 11:37:23.418,0.95057,0.95082,1.00,1.50
2016.11.18 11:37:23.720,0.95058,0.95084,1.00,1.00
2016.11.18 11:37:25.378,0.95058,0.95085,1.00,1.00
2016.11.18 11:37:26.129,0.95058,0.95084,1.50,1.00
2016.11.18 11:37:27.998,0.95063,0.95084,1.00,1.00
2016.11.18 11:37:28.099,0.95058,0.95084,1.00,1.00
2016.11.18 11:37:28.199,0.95058,0.95082,1.00,1.00
2016.11.18 11:37:28.300,0.95056,0.95082,1.00,1.00
2016.11.18 11:37:28.512,0.95058,0.95084,1.00,1.00
2016.11.18 11:37:28.849,0.95056,0.95081,1.00,1.00
2016.11.18 11:37:28.950,0.95057,0.95084,1.00,1.00
2016.11.18 11:37:29.401,0.95059,0.95085,1.00,1.00
2016.11.18 11:37:31.282,0.9506,0.95085,1.00,1.00
2016.11.18 11:37:31.383,0.95064,0.95092,1.00,1.00
2016.11.18 11:37:31.537,0.95067,0.95092,1.00,1.00
2016.11.18 11:37:32.246,0.95068,0.95092,1.00,1.00
2016.11.18 11:37:32.770,0.95067,0.95092,1.00,1.00
2016.11.18 11:37:34.266,0.95067,0.95093,1.00,1.00
2016.11.18 11:37:38.611,0.95065,0.95093,1.00,1.00
2016.11.18 11:37:38.711,0.95068,0.95097,1.00,1.00
2016.11.18 11:37:38.762,0.95071,0.95098,1.00,1.00
2016.11.18 11:37:39.112,0.95075,0.951,1.00,1.00
2016.11.18 11:37:39.374,0.95072,0.95101,1.50,1.00
2016.11.18 11:37:41.152,0.95071,0.951,1.00,1.00
2016.11.18 11:37:41.829,0.9507,0.95099,1.00,1.00
2016.11.18 11:37:42.347,0.95073,0.95099,1.00,1.00
2016.11.18 11:37:43.130,0.95075,0.95101,1.00,1.50
2016.11.18 11:37:44.934,0.95074,0.951,1.00,1.00
2016.11.18 11:37:47.214,0.95074,0.95102,1.00,1.00
2016.11.18 11:37:48.087,0.95077,0.95103,1.00,1.00
2016.11.18 11:37:48.615,0.95078,0.95104,1.00,1.00
2016.11.18 11:37:49.293,0.95079,0.95105,1.00,1.00
2016.11.18 11:37:50.138,0.9508,0.95106,1.00,1.00
2016.11.18 11:37:50.704,0.95078,0.95104,1.00,1.00
2016.11.18 11:38:03.822,0.95079,0.95105,1.00,1.00
2016.11.18 11:38:04.324,0.9508,0.95106,1.00,1.00
2016.11.18 11:38:05.528,0.95079,0.95105,1.00,1.00
2016.11.18 11:38:08.260,0.95078,0.95104,1.00,1.00
2016.11.18 11:38:08.772,0.95079,0.95105,1.00,1.00
2016.11.18 11:38:11.445,0.95078,0.95105,1.00,1.00
2016.11.18 11:38:12.698,0.95077,0.95105,1.00,1.00
2016.11.18 11:38:13.039,0.95077,0.95103,1.00,1.00
2016.11.18 11:38:13.089,0.95077,0.95105,1.00,1.00
2016.11.18 11:38:13.140,0.95075,0.95103,1.50,1.00
2016.11.18 11:38:13.441,0.95073,0.95101,1.00,1.00
2016.11.18 11:38:13.902,0.95076,0.95102,1.00,1.00
2016.11.18 11:38:14.052,0.95074,0.95101,1.00,1.00
2016.11.18 11:38:14.562,0.95073,0.95101,1.00,1.00
2016.11.18 11:38:14.613,0.95073,0.95098,1.00,1.00
2016.11.18 11:38:15.289,0.95072,0.95098,1.00,1.00
2016.11.18 11:38:18.853,0.95071,0.951,1.00,1.00
2016.11.18 11:38:19.570,0.95072,0.95101,1.00,1.00
2016.11.18 11:38:19.978,0.95074,0.95101,1.00,1.00
2016.11.18 11:38:20.159,0.95074,0.95103,1.00,1.50
2016.11.18 11:38:23.314,0.95077,0.95103,1.00,1.50
2016.11.18 11:38:24.791,0.95078,0.95103,1.00,1.00
2016.11.18 11:38:27.686,0.95077,0.95102,1.00,1.00
2016.11.18 11:38:28.216,0.95078,0.95103,1.00,1.00
2016.11.18 11:38:28.826,0.95077,0.95103,1.00,1.00
2016.11.18 11:38:32.302,0.95078,0.95103,1.00,1.00
2016.11.18 11:38:32.831,0.95078,0.95104,1.00,1.00
2016.11.18 11:38:37.100,0.95076,0.95104,1.00,1.00
2016.11.18 11:38:37.799,0.95075,0.95103,1.00,1.00
2016.11.18 11:38:38.078,0.95075,0.95101,1.00,1.00
2016.11.18 11:38:40.056,0.95077,0.95103,1.00,1.00
2016.11.18 11:38:40.218,0.95075,0.95103,1.00,1.00
2016.11.18 11:38:40.548,0.95078,0.95103,1.00,1.00
2016.11.18 11:38:40.649,0.95075,0.95103,1.00,1.00
2016.11.18 11:38:40.750,0.95074,0.951,1.00,1.00
2016.11.18 11:38:41.215,0.95076,0.95102,1.00,1.00
2016.11.18 11:38:41.554,0.95075,0.951,1.00,1.00
2016.11.18 11:38:41.712,0.95076,0.95103,1.00,1.00
2016.11.18 11:38:41.762,0.95079,0.95103,1.00,1.00
2016.11.18 11:38:41.812,0.95079,0.95105,1.00,1.00
2016.11.18 11:38:42.251,0.95082,0.95109,1.00,1.00
2016.11.18 11:38:42.454,0.95079,0.95108,1.00,1.00
2016.11.18 11:38:44.442,0.9508,0.95109,1.00,1.00
2016.11.18 11:38:46.166,0.95082,0.95109,1.00,1.00
2016.11.18 11:38:46.512,0.95079,0.95107,1.00,1.00
2016.11.18 11:38:47.391,0.95081,0.95106,1.00,1.00
2016.11.18 11:38:48.252,0.95079,0.95106,1.00,1.00
2016.11.18 11:38:49.136,0.95079,0.95107,1.00,1.00
2016.11.18 11:38:49.403,0.95081,0.95108,1.00,1.50
2016.11.18 11:38:49.919,0.95081,0.95109,1.00,1.00
2016.11.18 11:38:50.479,0.9508,0.95108,1.00,1.00
2016.11.18 11:38:51.116,0.95083,0.95108,1.00,1.00
2016.11.18 11:38:52.106,0.95083,0.95109,1.00,1.00
2016.11.18 11:38:58.045,0.95084,0.95111,1.00,1.00
2016.11.18 11:38:58.248,0.95088,0.95112,1.00,1.00
2016.11.18 11:38:58.945,0.95084,0.95112,1.00,1.50
2016.11.18 11:38:59.045,0.95084,0.9511,1.00,1.00
2016.11.18 11:38:59.642,0.95082,0.95109,1.00,1.00
2016.11.18 11:39:04.243,0.95081,0.95106,1.00,1.00
2016.11.18 11:39:04.937,0.95082,0.95107,1.00,1.00
2016.11.18 11:39:05.317,0.95078,0.95104,1.50,1.00
2016.11.18 11:39:05.449,0.95076,0.95102,1.00,1.00
2016.11.18 11:39:07.202,0.95075,0.951,1.00,1.00
2016.11.18 11:39:09.607,0.95074,0.95102,1.00,1.00
2016.11.18 11:39:11.307,0.95076,0.95103,1.00,1.00
2016.11.18 11:39:11.640,0.95078,0.95105,1.50,1.00
2016.11.18 11:39:11.965,0.95076,0.95103,1.00,1.00
2016.11.18 11:39:12.015,0.95077,0.95105,1.00,1.00
2016.11.18 11:39:12.528,0.95078,0.95105,1.00,1.00
2016.11.18 11:39:13.067,0.95077,0.95105,1.00,1.00
2016.11.18 11:39:13.626,0.95079,0.95104,1.00,1.00
2016.11.18 11:39:14.178,0.95078,0.95104,1.00,1.00
2016.11.18 11:39:14.639,0.9508,0.95104,1.00,1.00
2016.11.18 11:39:19.456,0.95082,0.95106,1.00,1.00
2016.11.18 11:39:19.607,0.95082,0.95108,1.00,1.00
2016.11.18 11:39:20.531,0.95082,0.95106,1.00,1.00
2016.11.18 11:39:26.560,0.95083,0.95107,1.00,1.00
2016.11.18 11:39:30.197,0.95085,0.95109,1.00,1.00
2016.11.18 11:39:30.247,0.95083,0.95109,1.00,1.00
2016.11.18 11:39:31.559,0.95087,0.9511,1.00,1.00
2016.11.18 11:39:31.805,0.95088,0.95113,1.00,1.00
2016.11.18 11:39:32.154,0.95087,0.9511,1.00,1.00
2016.11.18 11:39:41.499,0.95088,0.95112,1.00,1.00
2016.11.18 11:39:41.674,0.9509,0.95113,1.00,1.00
2016.11.18 11:39:41.876,0.95094,0.95119,1.00,1.00
2016.11.18 11:39:46.613,0.95096,0.95119,1.00,1.00
2016.11.18 11:39:48.161,0.95094,0.95119,1.00,1.00
2016.11.18 11:39:48.212,0.95092,0.9512,1.00,1.00
2016.11.18 11:39:48.262,0.95092,0.95116,1.00,1.00
2016.11.18 11:39:48.564,0.95088,0.95113,1.00,1.00
2016.11.18 11:39:49.215,0.95087,0.95113,1.50,1.00
2016.11.18 11:39:59.126,0.95087,0.95112,1.00,1.00
2016.11.18 11:40:04.081,0.95089,0.95112,1.00,1.50
2016.11.18 11:40:04.568,0.95087,0.95112,1.00,1.50
2016.11.18 11:40:20.226,0.95087,0.9511,1.00,1.00
2016.11.18 11:40:22.032,0.95087,0.95112,1.00,1.50
2016.11.18 11:40:23.765,0.95088,0.95112,1.00,1.50
2016.11.18 11:40:24.767,0.95087,0.95112,1.00,1.50
2016.11.18 11:40:34.628,0.95086,0.95112,1.00,1.50
2016.11.18 11:40:40.548,0.95088,0.95112,1.00,1.50
2016.11.18 11:40:43.368,0.9509,0.95114,1.00,1.00
2016.11.18 11:40:49.160,0.95091,0.95114,1.00,1.00
2016.11.18 11:40:49.553,0.95089,0.95113,1.00,1.00
2016.11.18 11:40:50.155,0.95089,0.95112,1.00,1.00
2016.11.18 11:40:53.390,0.95089,0.95113,1.00,1.00
2016.11.18 11:40:54.591,0.95089,0.95112,1.00,1.00
2016.11.18 11:40:55.693,0.95089,0.95113,1.00,1.00
2016.11.18 11:40:56.230,0.95091,0.95116,1.00,1.00
2016.11.18 11:40:56.280,0.95093,0.95116,1.00,1.00
2016.11.18 11:40:56.745,0.95094,0.95118,1.00,1.00
2016.11.18 11:40:57.665,0.95092,0.95117,1.00,1.00
2016.11.18 11:40:58.312,0.95091,0.95116,1.00,1.00
2016.11.18 11:40:58.422,0.95089,0.95114,1.00,1.00
2016.11.18 11:40:58.472,0.9509,0.95116,1.00,1.00
2016.11.18 11:40:58.624,0.95088,0.95111,1.00,1.00
2016.11.18 11:40:58.679,0.95085,0.9511,1.00,1.00
2016.11.18 11:40:58.730,0.95087,0.9511,1.00,1.00
2016.11.18 11:40:59.125,0.95089,0.95112,1.00,1.00
2016.11.18 11:41:04.687,0.95088,0.95111,1.00,1.00
2016.11.18 11:41:06.352,0.95087,0.95113,1.00,1.00
2016.11.18 11:41:07.157,0.95088,0.95114,1.00,1.00
2016.11.18 11:41:08.037,0.9509,0.95116,1.00,1.00
2016.11.18 11:41:08.342,0.95094,0.95117,1.00,1.00
2016.11.18 11:41:12.882,0.95094,0.95119,1.00,1.00
2016.11.18 11:41:13.036,0.95097,0.9512,1.00,1.00
2016.11.18 11:41:13.086,0.95093,0.95118,1.50,1.00
2016.11.18 11:41:13.137,0.95095,0.9512,1.00,1.00
2016.11.18 11:41:13.345,0.95093,0.95119,1.00,1.00
2016.11.18 11:41:14.103,0.95093,0.95117,1.00,1.00
2016.11.18 11:41:14.414,0.95095,0.95118,1.00,1.00
2016.11.18 11:41:14.915,0.95096,0.95119,1.00,1.00
2016.11.18 11:41:15.878,0.95094,0.95119,1.00,1.00
2016.11.18 11:41:16.329,0.95097,0.95119,1.00,1.00
2016.11.18 11:41:16.430,0.95094,0.95119,1.00,1.00
2016.11.18 11:41:16.480,0.95094,0.95117,1.00,1.00
2016.11.18 11:41:17.390,0.95092,0.95115,1.00,1.00
2016.11.18 11:41:21.255,0.95091,0.95114,1.00,1.00
2016.11.18 11:41:22.199,0.95087,0.95116,1.00,1.50
2016.11.18 11:41:22.250,0.95087,0.95113,1.00,1.00
2016.11.18 11:41:22.725,0.95086,0.95111,1.00,1.00
2016.11.18 11:41:23.278,0.95083,0.95116,1.00,1.00
2016.11.18 11:41:23.378,0.95086,0.95118,1.00,1.00
2016.11.18 11:41:24.053,0.95083,0.95112,1.50,1.00
2016.11.18 11:41:25.770,0.95085,0.95112,1.00,1.00
2016.11.18 11:41:26.170,0.95087,0.9511,1.00,1.00
2016.11.18 11:41:26.789,0.95088,0.95111,1.00,1.00
2016.11.18 11:41:28.548,0.95087,0.9511,1.00,1.00
2016.11.18 11:41:28.611,0.95085,0.95109,1.00,1.00
2016.11.18 11:41:32.162,0.95087,0.95109,1.00,1.00
2016.11.18 11:41:32.309,0.95085,0.95109,1.00,1.00
2016.11.18 11:41:34.247,0.95086,0.95109,1.00,1.00
2016.11.18 11:41:35.243,0.95086,0.95111,1.00,1.00
2016.11.18 11:41:38.966,0.95087,0.95111,1.00,1.00
2016.11.18 11:41:39.066,0.95089,0.95112,1.00,1.00
2016.11.18 11:41:39.371,0.95091,0.95114,1.00,1.00
2016.11.18 11:41:40.869,0.95091,0.95116,1.00,1.00
2016.11.18 11:41:41.420,0.9509,0.95115,1.50,1.00
2016.11.18 11:41:51.256,0.95094,0.95117,1.00,1.00
2016.11.18 11:41:51.357,0.95092,0.95117,1.00,1.00
2016.11.18 11:41:52.082,0.95093,0.95117,1.00,1.00
2016.11.18 11:41:52.684,0.95092,0.95117,1.00,1.00
2016.11.18 11:41:53.616,0.95095,0.9512,1.00,1.00
2016.11.18 11:41:54.175,0.95096,0.95121,1.00,1.00
2016.11.18 11:41:54.892,0.95099,0.95122,1.00,1.00
2016.11.18 11:41:54.993,0.95099,0.95125,1.00,1.00
2016.11.18 11:41:55.245,0.95101,0.95126,1.00,1.00
2016.11.18 11:41:57.928,0.95102,0.95127,1.00,1.00
2016.11.18 11:42:00.513,0.95098,0.95128,1.50,1.00
2016.11.18 11:42:00.563,0.95102,0.95128,1.00,1.00
2016.11.18 11:42:00.958,0.951,0.95125,1.00,1.00
2016.11.18 11:42:01.598,0.95099,0.95124,1.00,1.00
2016.11.18 11:42:14.155,0.95099,0.95122,1.00,1.00
2016.11.18 11:42:19.837,0.95098,0.95122,1.00,1.00
2016.11.18 11:42:22.023,0.95097,0.95122,1.00,1.00
2016.11.18 11:42:22.330,0.95093,0.95116,1.00,1.00
2016.11.18 11:42:22.380,0.95093,0.95118,1.00,1.00
2016.11.18 11:42:22.432,0.95093,0.95116,1.00,1.00
2016.11.18 11:42:22.583,0.95095,0.9512,1.00,1.00
2016.11.18 11:42:22.734,0.95098,0.95123,1.00,1.00
2016.11.18 11:42:23.054,0.95101,0.95126,1.00,1.00
2016.11.18 11:42:23.553,0.951,0.95124,1.00,1.00
2016.11.18 11:42:23.974,0.95097,0.95122,1.50,1.00
2016.11.18 11:42:26.075,0.95098,0.95123,1.00,1.00
2016.11.18 11:42:36.360,0.95102,0.95127,1.00,1.50
2016.11.18 11:42:36.668,0.95104,0.95129,1.00,1.00
2016.11.18 11:42:36.980,0.95115,0.95137,1.00,1.00
2016.11.18 11:42:37.087,0.95116,0.95141,1.00,1.00
2016.11.18 11:42:37.200,0.95121,0.95144,1.00,1.00
2016.11.18 11:42:37.722,0.9512,0.95144,1.00,1.00
2016.11.18 11:42:39.333,0.9512,0.95143,1.00,1.00
2016.11.18 11:42:42.313,0.95118,0.9514,1.00,1.00
2016.11.18 11:42:42.514,0.95119,0.95144,1.00,1.00
2016.11.18 11:42:42.565,0.95123,0.95146,1.00,1.00
2016.11.18 11:42:42.866,0.9512,0.95143,1.00,1.00
2016.11.18 11:42:43.410,0.95119,0.95141,1.00,1.00
2016.11.18 11:42:43.463,0.95116,0.9514,1.00,1.00
2016.11.18 11:42:44.326,0.95118,0.9514,1.00,1.00
2016.11.18 11:42:44.559,0.95118,0.95142,1.00,1.50
2016.11.18 11:42:44.610,0.95118,0.9514,1.00,1.00
2016.11.18 11:42:46.947,0.95119,0.95142,1.00,1.00
2016.11.18 11:42:49.395,0.95118,0.95141,1.50,1.00
2016.11.18 11:42:51.301,0.95118,0.9514,1.00,1.00
2016.11.18 11:42:51.580,0.9512,0.95145,1.00,1.00
2016.11.18 11:42:51.630,0.95123,0.95146,1.00,1.00
2016.11.18 11:42:51.932,0.95125,0.95147,1.00,1.00
2016.11.18 11:42:52.106,0.95122,0.95145,1.50,1.00
2016.11.18 11:42:52.311,0.95119,0.95142,1.00,1.00
2016.11.18 11:42:52.622,0.95116,0.95142,1.50,1.00
2016.11.18 11:42:53.123,0.95119,0.95142,1.00,1.00
2016.11.18 11:42:54.747,0.95119,0.95141,1.00,1.00
2016.11.18 11:42:55.360,0.95118,0.9514,1.00,1.00
2016.11.18 11:42:56.331,0.95124,0.95147,1.00,1.00
2016.11.18 11:42:56.772,0.95122,0.95144,1.00,1.00
2016.11.18 11:42:57.314,0.9512,0.95143,1.00,1.00
2016.11.18 11:42:59.556,0.95118,0.95141,1.00,1.00
2016.11.18 11:42:59.857,0.95113,0.95136,1.00,1.00
2016.11.18 11:43:02.609,0.95116,0.95136,1.00,1.00
2016.11.18 11:43:02.659,0.95116,0.95139,1.00,1.00
2016.11.18 11:43:04.310,0.95116,0.95141,1.50,1.00
2016.11.18 11:43:05.216,0.95118,0.95141,1.00,1.00
2016.11.18 11:43:06.412,0.95119,0.95144,1.00,1.00
2016.11.18 11:43:06.831,0.95122,0.95145,1.00,1.00
2016.11.18 11:43:07.392,0.95123,0.95147,1.00,1.00
2016.11.18 11:43:07.901,0.95122,0.95146,1.00,1.00
2016.11.18 11:43:08.407,0.9512,0.95146,1.50,1.00
2016.11.18 11:43:08.568,0.95124,0.95149,1.00,1.00
2016.11.18 11:43:08.870,0.95127,0.9515,1.00,1.00
2016.11.18 11:43:09.729,0.95127,0.95153,1.00,1.50
2016.11.18 11:43:09.779,0.95129,0.95153,1.00,1.00
2016.11.18 11:43:09.829,0.95129,0.95155,1.50,1.00
2016.11.18 11:43:10.030,0.95129,0.95151,1.00,1.00
2016.11.18 11:43:10.081,0.95126,0.95151,1.00,1.00
2016.11.18 11:43:10.282,0.95124,0.9515,1.00,1.00
2016.11.18 11:43:10.775,0.95124,0.95147,1.00,1.00
2016.11.18 11:43:11.152,0.95125,0.9515,1.00,1.00
2016.11.18 11:43:12.188,0.95125,0.95149,1.00,1.00
2016.11.18 11:43:12.753,0.95126,0.9515,1.00,1.00
2016.11.18 11:43:15.011,0.95125,0.95147,1.00,1.00
2016.11.18 11:43:17.458,0.95125,0.95146,1.00,1.00
2016.11.18 11:43:17.866,0.95122,0.95146,1.00,1.00
2016.11.18 11:43:18.819,0.95122,0.95147,1.00,1.00
2016.11.18 11:43:19.348,0.95123,0.95147,1.00,1.00
2016.11.18 11:43:20.311,0.95121,0.95145,1.00,1.00
2016.11.18 11:43:20.927,0.95122,0.95147,1.00,1.00
2016.11.18 11:43:21.471,0.95123,0.95147,1.00,1.00
2016.11.18 11:43:24.489,0.95126,0.95149,1.00,1.00
2016.11.18 11:43:24.997,0.95127,0.9515,1.00,1.00
2016.11.18 11:43:25.891,0.95125,0.95149,1.00,1.00
2016.11.18 11:43:27.688,0.95122,0.95147,1.50,1.00
2016.11.18 11:43:30.660,0.95121,0.95145,1.00,1.00
2016.11.18 11:43:31.166,0.95122,0.95148,1.00,1.00
2016.11.18 11:43:35.533,0.95122,0.95146,1.00,1.00
2016.11.18 11:43:38.026,0.95122,0.95147,1.00,1.00
2016.11.18 11:43:39.087,0.95121,0.95145,1.00,1.00
2016.11.18 11:43:39.137,0.95131,0.95157,1.00,1.00
2016.11.18 11:43:39.794,0.9513,0.95153,1.00,1.00
2016.11.18 11:43:40.096,0.95128,0.95154,1.00,1.00
2016.11.18 11:43:42.921,0.9513,0.95153,1.00,1.00
2016.11.18 11:43:47.013,0.95128,0.95153,1.00,1.00
2016.11.18 11:43:55.099,0.9513,0.95154,1.00,1.00
2016.11.18 11:43:55.411,0.95137,0.95162,1.00,1.50
2016.11.18 11:43:55.562,0.95136,0.95159,1.00,1.00
2016.11.18 11:43:55.613,0.95134,0.95159,1.00,1.00
2016.11.18 11:43:55.815,0.95134,0.95162,1.00,1.00
2016.11.18 11:43:55.916,0.95138,0.95164,1.00,1.00
2016.11.18 11:43:56.218,0.9514,0.95163,1.00,1.00
2016.11.18 11:43:56.319,0.9514,0.95167,1.00,1.00
2016.11.18 11:43:56.471,0.9514,0.95171,1.50,1.00
2016.11.18 11:43:56.523,0.95143,0.95166,1.00,1.00
2016.11.18 11:43:56.775,0.95139,0.95164,1.00,1.00
2016.11.18 11:43:56.825,0.95136,0.95161,1.00,1.00
2016.11.18 11:43:57.503,0.95133,0.95158,1.00,1.00
2016.11.18 11:43:57.805,0.95131,0.95156,1.00,1.00
2016.11.18 11:43:59.382,0.95133,0.9516,1.00,1.50
2016.11.18 11:43:59.433,0.95136,0.9516,1.00,1.00
2016.11.18 11:43:59.533,0.95134,0.9516,1.00,1.00
2016.11.18 11:43:59.811,0.95133,0.95158,1.00,1.00
2016.11.18 11:44:00.014,0.95127,0.95157,1.00,1.00
2016.11.18 11:44:00.216,0.95123,0.95153,1.00,1.00
2016.11.18 11:44:00.750,0.95123,0.95151,1.00,1.00
2016.11.18 11:44:01.318,0.95122,0.95151,1.00,1.00
2016.11.18 11:44:01.758,0.9512,0.9515,1.00,1.00
2016.11.18 11:44:01.809,0.9512,0.95147,1.00,1.00
2016.11.18 11:44:02.183,0.95117,0.95147,1.00,1.00
2016.11.18 11:44:02.233,0.95118,0.95143,1.00,1.00
2016.11.18 11:44:02.284,0.95117,0.95146,1.50,1.00
2016.11.18 11:44:02.385,0.95119,0.95144,1.00,1.00
2016.11.18 11:44:03.105,0.95119,0.95148,1.00,1.00
2016.11.18 11:44:03.156,0.95123,0.95152,1.00,1.50
2016.11.18 11:44:03.619,0.95123,0.95147,1.00,1.00
2016.11.18 11:44:03.994,0.95123,0.95152,1.50,1.50
2016.11.18 11:44:04.212,0.95119,0.95151,1.00,1.00
2016.11.18 11:44:04.262,0.9512,0.95149,1.00,1.00
2016.11.18 11:44:04.755,0.9512,0.95147,1.00,1.00
2016.11.18 11:44:05.345,0.95119,0.95147,1.00,1.00
2016.11.18 11:44:05.673,0.9512,0.95145,1.00,1.00
2016.11.18 11:44:08.914,0.95119,0.95146,1.00,1.00
2016.11.18 11:44:09.493,0.9512,0.95145,1.00,1.00
2016.11.18 11:44:09.961,0.95122,0.95145,1.00,1.00
2016.11.18 11:44:10.928,0.95122,0.95146,1.00,1.00
2016.11.18 11:44:11.735,0.95123,0.95146,1.00,1.00
2016.11.18 11:44:12.258,0.95123,0.95148,1.00,1.00
2016.11.18 11:44:12.788,0.95124,0.95149,1.00,1.00
2016.11.18 11:44:12.839,0.95124,0.95147,1.00,1.00
2016.11.18 11:44:13.259,0.95126,0.95148,1.00,1.00
2016.11.18 11:44:13.790,0.95125,0.95147,1.00,1.00
2016.11.18 11:44:14.609,0.95126,0.95147,1.00,1.00
2016.11.18 11:44:14.983,0.95128,0.95147,1.00,1.00
2016.11.18 11:44:15.033,0.95128,0.95151,1.00,1.00
2016.11.18 11:44:16.959,0.95127,0.95151,1.00,1.00
2016.11.18 11:44:17.917,0.95127,0.95147,1.00,1.00
2016.11.18 11:44:18.017,0.95127,0.95151,1.00,1.00
2016.11.18 11:44:20.076,0.95127,0.95152,1.00,1.50
2016.11.18 11:44:21.889,0.95127,0.95153,1.50,1.50
2016.11.18 11:44:22.207,0.95129,0.95152,1.00,1.00
2016.11.18 11:44:22.725,0.9513,0.95153,1.00,1.00
2016.11.18 11:44:23.626,0.95129,0.95153,1.00,1.00
2016.11.18 11:44:24.091,0.95127,0.95153,1.00,1.50
2016.11.18 11:44:24.142,0.95124,0.95147,1.00,1.00
2016.11.18 11:44:24.396,0.95123,0.95149,1.00,1.00
2016.11.18 11:44:24.662,0.95122,0.95146,1.00,1.00
2016.11.18 11:44:25.453,0.95121,0.95148,1.00,1.00
2016.11.18 11:44:26.830,0.95123,0.95148,1.00,1.00
2016.11.18 11:44:26.931,0.95121,0.95148,1.00,1.00
2016.11.18 11:44:27.826,0.95121,0.95147,1.00,1.00
2016.11.18 11:44:28.398,0.95122,0.95148,1.00,1.00
2016.11.18 11:44:29.450,0.95123,0.95148,1.00,1.00
2016.11.18 11:44:29.500,0.95125,0.95149,1.00,1.00
2016.11.18 11:44:29.551,0.95125,0.95152,1.00,1.00
2016.11.18 11:44:29.874,0.95128,0.95152,1.00,1.00
2016.11.18 11:44:30.913,0.95128,0.95154,1.50,1.50
2016.11.18 11:44:32.984,0.95129,0.95155,1.00,1.00
2016.11.18 11:44:34.617,0.95131,0.95154,1.00,1.00
2016.11.18 11:44:35.144,0.95132,0.95155,1.00,1.00
2016.11.18 11:44:35.904,0.95131,0.95157,1.00,1.50
2016.11.18 11:44:36.590,0.95131,0.95154,1.00,1.00
2016.11.18 11:44:36.878,0.95127,0.95151,1.00,1.00
2016.11.18 11:44:37.130,0.95125,0.95149,1.00,1.00
2016.11.18 11:44:37.815,0.95123,0.95149,1.00,1.00
2016.11.18 11:44:39.011,0.95124,0.9515,1.00,1.00
2016.11.18 11:44:44.324,0.95124,0.95148,1.00,1.00
2016.11.18 11:44:44.856,0.95124,0.95149,1.00,1.00
2016.11.18 11:44:46.927,0.95124,0.95148,1.00,1.00
2016.11.18 11:44:49.635,0.95123,0.95147,1.00,1.00
2016.11.18 11:44:50.123,0.95118,0.95144,1.50,1.00
2016.11.18 11:44:50.592,0.9512,0.95144,1.00,1.00
2016.11.18 11:44:50.968,0.95118,0.95142,1.00,1.00
2016.11.18 11:44:51.518,0.95118,0.95143,1.00,1.00
2016.11.18 11:44:52.102,0.95118,0.95142,1.00,1.00
2016.11.18 11:44:55.865,0.95116,0.95141,1.00,1.00
2016.11.18 11:44:58.517,0.95118,0.95141,1.00,1.00
2016.11.18 11:45:03.953,0.95118,0.95142,1.00,1.00
2016.11.18 11:45:05.164,0.95119,0.95142,1.00,1.00
2016.11.18 11:45:18.516,0.95118,0.95144,1.00,1.50
2016.11.18 11:45:19.486,0.95119,0.95145,1.00,1.00
2016.11.18 11:45:20.195,0.9512,0.95146,1.00,1.00
2016.11.18 11:45:20.361,0.9512,0.95151,1.00,1.00
2016.11.18 11:45:20.461,0.95124,0.95151,1.00,1.00
2016.11.18 11:45:20.785,0.95127,0.95153,1.00,1.00
2016.11.18 11:45:21.136,0.9513,0.95154,1.00,1.00
2016.11.18 11:45:21.406,0.95128,0.95153,1.00,1.00
2016.11.18 11:45:23.680,0.95126,0.95152,1.00,1.00
2016.11.18 11:45:24.545,0.95125,0.95151,1.00,1.00
2016.11.18 11:45:25.117,0.95125,0.9515,1.00,1.00
2016.11.18 11:45:26.280,0.95125,0.95151,1.00,1.00
2016.11.18 11:45:27.904,0.95124,0.9515,1.00,1.00
2016.11.18 11:45:28.821,0.95124,0.95149,1.00,1.00
2016.11.18 11:45:28.976,0.95122,0.95148,1.00,1.00
2016.11.18 11:45:29.860,0.95122,0.95147,1.00,1.00
2016.11.18 11:45:34.723,0.95122,0.95146,1.00,1.00
2016.11.18 11:45:35.259,0.95121,0.95146,1.00,1.00
2016.11.18 11:45:36.361,0.95123,0.9515,1.00,1.00
2016.11.18 11:45:36.411,0.95125,0.95151,1.00,1.00
2016.11.18 11:45:36.729,0.9513,0.95152,1.00,1.00
2016.11.18 11:45:36.909,0.95131,0.95157,1.00,1.50
2016.11.18 11:45:38.681,0.9513,0.95155,1.00,1.00
2016.11.18 11:45:38.832,0.95126,0.95152,1.00,1.00
2016.11.18 11:45:39.276,0.95127,0.9515,1.00,1.00
2016.11.18 11:45:41.127,0.95125,0.9515,1.00,1.00
2016.11.18 11:45:48.115,0.95126,0.95153,1.00,1.50
2016.11.18 11:45:48.627,0.95126,0.95152,1.00,1.00
2016.11.18 11:45:50.254,0.95127,0.95151,1.00,1.00
2016.11.18 11:45:59.612,0.95128,0.95151,1.00,1.00
2016.11.18 11:46:00.311,0.95128,0.95152,1.00,1.00
2016.11.18 11:46:00.831,0.95127,0.95153,1.50,1.00
2016.11.18 11:46:01.327,0.95129,0.95153,1.00,1.00
2016.11.18 11:46:01.689,0.95133,0.95153,1.00,1.00
2016.11.18 11:46:04.420,0.95132,0.95153,1.00,1.00
2016.11.18 11:46:04.786,0.95132,0.95155,1.00,1.50
2016.11.18 11:46:05.973,0.95132,0.95154,1.00,1.00
2016.11.18 11:46:09.581,0.95132,0.95155,1.00,1.00
2016.11.18 11:46:10.229,0.95133,0.95155,1.00,1.00
2016.11.18 11:46:10.760,0.95132,0.95155,1.00,1.00
2016.11.18 11:46:10.811,0.95132,0.95157,1.00,1.00
2016.11.18 11:46:11.532,0.95133,0.95157,1.00,1.00
2016.11.18 11:46:13.884,0.95132,0.95157,1.00,1.00
2016.11.18 11:46:16.809,0.95132,0.95159,1.00,1.00
2016.11.18 11:46:17.346,0.95133,0.95159,1.00,1.00
2016.11.18 11:46:18.141,0.95132,0.95159,1.00,1.00
2016.11.18 11:46:19.813,0.95134,0.95159,1.00,1.00
2016.11.18 11:46:20.833,0.95135,0.95161,1.00,1.00
2016.11.18 11:46:20.883,0.9514,0.95161,1.00,1.00
2016.11.18 11:46:21.034,0.95142,0.95169,1.00,1.00
2016.11.18 11:46:22.349,0.95143,0.95169,1.00,1.00
2016.11.18 11:46:22.855,0.95142,0.95167,1.00,1.00
2016.11.18 11:46:25.967,0.95141,0.95167,1.00,1.00
2016.11.18 11:46:27.468,0.95142,0.95169,1.00,1.00
2016.11.18 11:46:27.519,0.95144,0.9517,1.00,1.00
2016.11.18 11:46:27.759,0.95141,0.95168,1.00,1.00
2016.11.18 11:46:28.511,0.95142,0.95166,1.00,1.00
2016.11.18 11:46:30.301,0.95143,0.95166,1.00,1.00
2016.11.18 11:46:32.704,0.95143,0.95167,1.00,1.00
2016.11.18 11:46:33.301,0.95142,0.95167,1.50,1.00
2016.11.18 11:46:33.945,0.95142,0.95165,1.00,1.00
2016.11.18 11:46:34.446,0.95143,0.95165,1.00,1.00
2016.11.18 11:46:34.969,0.95143,0.95166,1.00,1.00
2016.11.18 11:46:35.344,0.95143,0.95168,1.00,1.00
2016.11.18 11:46:36.361,0.95143,0.95166,1.00,1.00
2016.11.18 11:46:36.526,0.95145,0.95169,1.00,1.00
2016.11.18 11:46:37.347,0.95145,0.95171,1.00,1.00
2016.11.18 11:46:37.971,0.95147,0.95173,1.00,1.50
2016.11.18 11:46:38.455,0.95147,0.95171,1.00,1.00
2016.11.18 11:46:38.968,0.95146,0.9517,1.00,1.00
2016.11.18 11:46:39.457,0.95144,0.95171,1.00,1.00
2016.11.18 11:46:41.107,0.95144,0.95169,1.00,1.00
2016.11.18 11:46:43.584,0.95143,0.95169,1.00,1.00
2016.11.18 11:46:44.270,0.95142,0.95169,1.50,1.00
2016.11.18 11:46:44.931,0.95143,0.95169,1.00,1.00
2016.11.18 11:46:45.262,0.95143,0.95167,1.50,1.00
2016.11.18 11:46:46.692,0.95143,0.95165,1.00,1.00
2016.11.18 11:46:48.689,0.95142,0.95165,1.00,1.00
2016.11.18 11:46:49.495,0.95142,0.95166,1.00,1.00
2016.11.18 11:46:50.018,0.95143,0.95166,1.00,1.00
2016.11.18 11:46:50.545,0.95143,0.95167,1.00,1.00
2016.11.18 11:46:58.404,0.95142,0.95167,1.00,1.00
2016.11.18 11:46:59.100,0.95143,0.95167,1.00,1.00
2016.11.18 11:46:59.605,0.95144,0.95168,1.00,1.00
2016.11.18 11:47:00.622,0.95144,0.95167,1.00,1.00
2016.11.18 11:47:00.960,0.95142,0.95165,1.50,1.00
2016.11.18 11:47:01.835,0.95141,0.95165,1.00,1.00
2016.11.18 11:47:02.502,0.9514,0.95164,1.00,1.00
2016.11.18 11:47:02.880,0.95142,0.95166,1.00,1.00
2016.11.18 11:47:03.411,0.95142,0.95165,1.00,1.00
2016.11.18 11:47:03.462,0.95139,0.95163,1.00,1.00
2016.11.18 11:47:03.816,0.95137,0.95162,2.25,1.00
2016.11.18 11:47:03.866,0.95137,0.9516,1.50,1.00
2016.11.18 11:47:04.374,0.95136,0.9516,1.00,1.00
2016.11.18 11:47:04.474,0.95134,0.95161,1.00,1.00
2016.11.18 11:47:05.453,0.95137,0.9516,1.00,1.00
2016.11.18 11:47:06.316,0.95138,0.9516,1.00,1.00
2016.11.18 11:47:08.131,0.95137,0.9516,1.00,1.00
2016.11.18 11:47:13.180,0.95134,0.9516,1.00,1.00
2016.11.18 11:47:20.433,0.95134,0.95161,1.00,1.00
2016.11.18 11:47:35.464,0.95135,0.95159,1.00,1.00
2016.11.18 11:47:46.978,0.95134,0.95158,1.00,1.00
2016.11.18 11:47:50.494,0.95133,0.95158,1.50,1.00
2016.11.18 11:47:53.916,0.95134,0.95158,1.00,1.00
2016.11.18 11:47:54.882,0.95133,0.95157,1.00,1.00
2016.11.18 11:47:58.075,0.95134,0.95158,1.00,1.00
2016.11.18 11:48:06.029,0.95132,0.95159,1.50,1.00
2016.11.18 11:48:06.523,0.95133,0.95157,1.00,1.00
2016.11.18 11:48:06.874,0.95131,0.95157,1.00,1.00
2016.11.18 11:48:07.361,0.95133,0.95157,1.00,1.00
2016.11.18 11:48:07.899,0.95132,0.95157,1.00,1.00
2016.11.18 11:48:08.203,0.95132,0.95155,1.00,1.00
2016.11.18 11:48:08.764,0.95131,0.95155,1.00,1.00
2016.11.18 11:48:09.366,0.95133,0.95155,1.00,1.00
2016.11.18 11:48:09.417,0.95133,0.95157,1.50,1.00
2016.11.18 11:48:09.931,0.95133,0.95159,1.00,1.50
2016.11.18 11:48:09.982,0.95133,0.95157,1.00,1.00
2016.11.18 11:48:10.082,0.95134,0.95159,1.00,1.00
2016.11.18 11:48:13.394,0.95133,0.95158,1.00,1.00
2016.11.18 11:48:15.952,0.95133,0.95159,1.00,1.50
2016.11.18 11:48:17.225,0.95134,0.95159,1.00,1.50
2016.11.18 11:48:18.033,0.95132,0.95159,1.00,1.00
2016.11.18 11:48:18.278,0.95138,0.95162,1.00,1.00
2016.11.18 11:48:18.378,0.95133,0.9516,1.00,1.00
2016.11.18 11:48:18.429,0.95139,0.95163,1.00,1.00
2016.11.18 11:48:19.893,0.95139,0.95162,1.00,1.00
2016.11.18 11:48:20.503,0.95138,0.95163,1.00,1.00
2016.11.18 11:48:21.145,0.95137,0.95162,1.00,1.00
2016.11.18 11:48:21.735,0.95139,0.95165,1.00,1.00
2016.11.18 11:48:22.161,0.95141,0.95166,1.00,1.00
2016.11.18 11:48:22.410,0.95137,0.95167,1.00,2.25
2016.11.18 11:48:22.616,0.95137,0.95165,1.00,1.00
2016.11.18 11:48:23.003,0.95136,0.95162,1.00,1.00
2016.11.18 11:48:23.305,0.95139,0.95164,1.00,1.00
2016.11.18 11:48:27.329,0.95139,0.95165,1.00,1.00
2016.11.18 11:48:27.698,0.95137,0.95161,1.00,1.00
2016.11.18 11:48:27.999,0.95135,0.95159,1.00,1.00
2016.11.18 11:48:28.241,0.95129,0.95155,1.50,1.00
2016.11.18 11:48:28.401,0.95125,0.95148,1.00,1.00
2016.11.18 11:48:28.452,0.95127,0.95151,1.00,1.00
2016.11.18 11:48:28.553,0.95125,0.95148,1.00,1.00
2016.11.18 11:48:29.027,0.95122,0.95148,1.00,1.00
2016.11.18 11:48:29.278,0.95123,0.95145,1.00,1.00
2016.11.18 11:48:29.328,0.95118,0.95142,1.00,1.00
2016.11.18 11:48:29.429,0.95115,0.95142,1.00,1.00
2016.11.18 11:48:29.480,0.95113,0.95139,1.50,1.00
2016.11.18 11:48:29.912,0.9511,0.95138,1.00,1.50
2016.11.18 11:48:30.103,0.95113,0.95138,1.00,1.50
2016.11.18 11:48:30.303,0.9511,0.95138,1.00,1.50
2016.11.18 11:48:30.864,0.95109,0.95137,1.00,1.00
2016.11.18 11:48:31.116,0.95108,0.95133,1.00,1.00
2016.11.18 11:48:31.653,0.95107,0.95132,1.00,1.00
2016.11.18 11:48:32.208,0.95107,0.95133,1.00,1.50
2016.11.18 11:48:32.410,0.95105,0.95133,1.00,1.50
2016.11.18 11:48:32.960,0.95105,0.95132,1.00,1.00
2016.11.18 11:48:33.112,0.95104,0.9513,1.00,1.00
2016.11.18 11:48:33.163,0.95104,0.95132,1.00,1.00
2016.11.18 11:48:33.314,0.95108,0.95132,1.00,1.00
2016.11.18 11:48:33.824,0.95107,0.95133,1.00,1.50
2016.11.18 11:48:34.314,0.95105,0.95132,1.00,1.00
2016.11.18 11:48:34.906,0.95106,0.95133,1.00,1.50
2016.11.18 11:48:36.017,0.95107,0.95133,1.00,1.00
2016.11.18 11:48:38.020,0.95106,0.95133,1.00,1.00
2016.11.18 11:48:38.537,0.95107,0.95133,1.00,1.50
2016.11.18 11:48:38.746,0.95115,0.95133,1.00,1.00
2016.11.18 11:48:38.796,0.95115,0.95137,1.00,1.50
2016.11.18 11:48:38.897,0.95109,0.9514,1.00,1.00
2016.11.18 11:48:38.947,0.95113,0.9514,1.00,1.50
2016.11.18 11:48:38.998,0.95108,0.95137,1.00,1.35
2016.11.18 11:48:39.148,0.95108,0.95134,1.00,1.00
2016.11.18 11:48:39.550,0.95107,0.95136,1.00,1.50
2016.11.18 11:48:40.238,0.95113,0.95136,1.00,1.00
2016.11.18 11:48:40.338,0.95108,0.95136,1.00,1.00
2016.11.18 11:48:40.489,0.95108,0.95134,1.00,1.00
2016.11.18 11:48:40.991,0.95107,0.95134,1.00,1.00
2016.11.18 11:48:41.142,0.95107,0.95137,1.00,1.00
2016.11.18 11:48:41.329,0.95105,0.95137,1.00,1.50
2016.11.18 11:48:41.913,0.95105,0.95135,1.00,1.00
2016.11.18 11:48:42.378,0.95108,0.95135,1.00,1.00
2016.11.18 11:48:42.921,0.95108,0.95134,1.00,1.00
2016.11.18 11:48:44.125,0.9511,0.95135,1.00,1.50
2016.11.18 11:48:44.627,0.95108,0.95135,1.00,1.50
2016.11.18 11:48:45.297,0.95109,0.95135,1.00,1.00
2016.11.18 11:48:45.624,0.95111,0.95135,1.00,1.00
2016.11.18 11:48:46.196,0.95109,0.95134,1.00,1.00
2016.11.18 11:48:46.297,0.95108,0.95132,1.00,1.00
2016.11.18 11:48:46.655,0.95108,0.9513,1.00,1.00
2016.11.18 11:48:46.756,0.95103,0.9513,1.00,1.00
2016.11.18 11:48:47.274,0.95104,0.95131,1.00,1.00
2016.11.18 11:48:47.467,0.95107,0.95131,1.00,1.00
2016.11.18 11:48:47.568,0.95104,0.95131,1.00,1.00
2016.11.18 11:48:48.088,0.95103,0.9513,1.50,1.00
2016.11.18 11:48:48.729,0.95103,0.95128,1.00,1.00
2016.11.18 11:48:49.295,0.95104,0.95129,1.00,1.00
2016.11.18 11:48:49.749,0.95108,0.95129,1.00,1.00
2016.11.18 11:48:50.457,0.95104,0.95129,1.00,1.00
2016.11.18 11:48:51.507,0.95104,0.95131,1.00,1.50
2016.11.18 11:48:51.653,0.95107,0.95131,1.00,1.50
2016.11.18 11:48:51.967,0.95107,0.95129,1.00,1.00
2016.11.18 11:48:53.244,0.95107,0.95128,1.00,1.00
2016.11.18 11:48:53.395,0.95103,0.95126,1.00,1.00
2016.11.18 11:48:53.495,0.95099,0.95125,1.00,1.00
2016.11.18 11:48:53.857,0.95102,0.95125,1.00,1.00
2016.11.18 11:48:54.458,0.95103,0.95125,1.00,1.50
2016.11.18 11:48:54.559,0.95098,0.95125,1.00,1.50
2016.11.18 11:48:54.857,0.951,0.95125,1.00,1.00
2016.11.18 11:48:55.296,0.95103,0.95127,1.00,1.00
2016.11.18 11:48:55.699,0.95099,0.95126,1.00,1.00
2016.11.18 11:48:55.900,0.95098,0.95122,1.50,1.00
2016.11.18 11:48:56.261,0.95102,0.95122,1.00,1.00
2016.11.18 11:48:56.662,0.95098,0.95122,1.00,1.00
2016.11.18 11:48:58.151,0.95098,0.95124,1.00,1.00
2016.11.18 11:48:58.503,0.95097,0.95121,1.50,1.00
2016.11.18 11:48:59.322,0.95097,0.9512,1.00,1.00
2016.11.18 11:48:59.881,0.95098,0.95121,1.00,1.00
2016.11.18 11:49:00.887,0.95097,0.95121,1.00,1.00
2016.11.18 11:49:01.494,0.95097,0.9512,1.00,1.00
2016.11.18 11:49:01.723,0.95101,0.95125,1.00,1.00
2016.11.18 11:49:01.823,0.95101,0.95128,1.00,1.35
2016.11.18 11:49:02.024,0.951,0.95125,1.00,1.00
2016.11.18 11:49:02.523,0.95102,0.95125,1.00,1.00
2016.11.18 11:49:03.057,0.95102,0.95126,1.00,1.00
2016.11.18 11:49:03.376,0.95104,0.95128,1.00,1.00
2016.11.18 11:49:03.897,0.95103,0.95127,1.00,1.00
2016.11.18 11:49:03.947,0.95101,0.95126,1.00,1.00
2016.11.18 11:49:04.500,0.95101,0.95125,1.00,1.00
2016.11.18 11:49:05.668,0.95101,0.95126,1.00,1.00
2016.11.18 11:49:06.097,0.95102,0.95128,1.00,1.50
2016.11.18 11:49:06.248,0.95104,0.95128,1.00,1.00
2016.11.18 11:49:07.864,0.95102,0.95128,1.00,1.00
2016.11.18 11:49:07.915,0.95104,0.95128,1.00,1.00
2016.11.18 11:49:07.966,0.95102,0.95128,1.00,1.00
2016.11.18 11:49:08.066,0.951,0.95127,1.00,1.00
2016.11.18 11:49:08.526,0.95103,0.95127,1.00,1.50
2016.11.18 11:49:09.488,0.95102,0.95127,1.00,1.50
2016.11.18 11:49:09.810,0.95095,0.95121,1.00,1.00
2016.11.18 11:49:10.096,0.95097,0.9512,1.00,1.00
2016.11.18 11:49:10.991,0.95098,0.9512,1.00,1.50
2016.11.18 11:49:11.749,0.95098,0.95119,1.00,1.00
2016.11.18 11:49:12.496,0.95098,0.9512,1.00,1.50
2016.11.18 11:49:12.647,0.95103,0.95127,1.00,1.00
2016.11.18 11:49:12.804,0.95101,0.95125,1.00,1.00
2016.11.18 11:49:13.111,0.95098,0.95124,1.00,1.00
2016.11.18 11:49:13.547,0.951,0.95126,1.00,1.50
2016.11.18 11:49:13.906,0.95101,0.95128,1.00,1.50
2016.11.18 11:49:14.798,0.95102,0.95128,1.00,1.50
2016.11.18 11:49:15.499,0.95101,0.95128,1.00,1.50
2016.11.18 11:49:16.634,0.95103,0.95127,1.00,1.00
2016.11.18 11:49:17.356,0.95101,0.95127,1.00,1.00
2016.11.18 11:49:17.900,0.951,0.95126,1.00,1.00
2016.11.18 11:49:18.215,0.95098,0.95127,1.00,1.00
2016.11.18 11:49:18.266,0.951,0.95124,1.00,1.00
2016.11.18 11:49:18.567,0.95102,0.95124,1.00,1.00
2016.11.18 11:49:19.218,0.95103,0.95124,1.00,1.00
2016.11.18 11:49:19.318,0.95103,0.95127,1.00,1.00
2016.11.18 11:49:19.862,0.95102,0.95126,1.00,1.00
2016.11.18 11:49:20.730,0.95102,0.95128,1.00,1.00
2016.11.18 11:49:21.390,0.95103,0.95128,1.00,1.00
2016.11.18 11:49:23.433,0.95104,0.95127,1.00,1.00
2016.11.18 11:49:24.461,0.95102,0.95124,1.00,1.00
2016.11.18 11:49:24.512,0.95102,0.95127,1.00,1.00
2016.11.18 11:49:24.663,0.95103,0.95125,1.00,1.00
2016.11.18 11:49:25.281,0.95102,0.95124,1.00,1.00
2016.11.18 11:49:25.858,0.95102,0.95123,1.00,1.00
2016.11.18 11:49:26.407,0.95103,0.95123,1.00,1.00
2016.11.18 11:49:26.521,0.951,0.95123,1.00,1.00
2016.11.18 11:49:26.838,0.95103,0.95123,1.00,1.00
2016.11.18 11:49:27.022,0.951,0.95123,1.00,1.00
2016.11.18 11:49:27.123,0.95103,0.95123,1.00,1.00
2016.11.18 11:49:27.222,0.951,0.95123,1.00,1.00
2016.11.18 11:49:28.959,0.95102,0.95124,1.00,1.00
2016.11.18 11:49:31.571,0.951,0.95125,1.00,1.50
2016.11.18 11:49:31.672,0.951,0.95123,1.00,1.00
2016.11.18 11:49:32.576,0.95098,0.95123,1.50,1.00
2016.11.18 11:49:33.947,0.95103,0.95127,1.00,1.00
2016.11.18 11:49:34.312,0.95105,0.95127,1.00,1.00
2016.11.18 11:49:35.703,0.95104,0.95129,1.00,1.00
2016.11.18 11:49:36.519,0.95105,0.9513,1.00,1.00
2016.11.18 11:49:36.720,0.95103,0.95128,1.00,1.00
2016.11.18 11:49:37.042,0.95101,0.95126,1.00,1.00
2016.11.18 11:49:37.660,0.95103,0.95126,1.00,1.00
2016.11.18 11:49:37.941,0.95101,0.95126,1.00,1.00
2016.11.18 11:49:38.342,0.95103,0.95126,1.00,1.00
2016.11.18 11:49:40.445,0.95103,0.95128,1.50,1.00
2016.11.18 11:49:41.467,0.95103,0.95126,1.00,1.00
2016.11.18 11:49:42.167,0.95105,0.95128,1.00,1.00
2016.11.18 11:49:42.506,0.95103,0.95126,1.50,1.00
2016.11.18 11:49:43.271,0.95102,0.95126,1.00,1.00
2016.11.18 11:49:43.635,0.951,0.95123,1.00,1.00
2016.11.18 11:49:43.688,0.95098,0.95123,1.00,1.00
2016.11.18 11:49:44.972,0.95098,0.95121,1.00,1.00
2016.11.18 11:49:45.126,0.95098,0.95123,1.00,1.00
2016.11.18 11:49:45.226,0.951,0.95124,1.00,1.00
2016.11.18 11:49:45.964,0.951,0.95123,1.00,1.00
2016.11.18 11:49:46.827,0.95101,0.95126,1.00,1.00
2016.11.18 11:49:46.877,0.95101,0.95123,1.00,1.00
2016.11.18 11:49:47.129,0.95102,0.95125,1.00,1.00
2016.11.18 11:49:52.557,0.95102,0.95126,1.00,1.00
2016.11.18 11:49:53.245,0.95103,0.95126,1.00,1.00
2016.11.18 11:49:54.698,0.95102,0.95126,1.00,1.50
2016.11.18 11:49:54.923,0.95101,0.95123,1.00,1.00
2016.11.18 11:49:55.231,0.95103,0.95123,1.00,1.00
2016.11.18 11:49:55.849,0.95101,0.95123,1.00,1.00
2016.11.18 11:49:56.160,0.951,0.95126,1.00,1.00
2016.11.18 11:49:56.260,0.951,0.95128,1.00,1.00
2016.11.18 11:49:56.311,0.95105,0.95128,1.00,1.00
2016.11.18 11:49:56.361,0.951,0.95131,1.00,1.00
2016.11.18 11:49:56.462,0.95103,0.95131,1.00,1.00
2016.11.18 11:49:56.764,0.95103,0.95125,1.00,1.00
2016.11.18 11:49:57.341,0.95104,0.95127,1.00,1.00
2016.11.18 11:49:57.552,0.95104,0.95129,1.00,1.50
2016.11.18 11:49:59.778,0.95105,0.95129,1.00,1.00
2016.11.18 11:50:00.314,0.95103,0.95128,1.00,1.00
2016.11.18 11:50:01.000,0.95103,0.95125,1.00,1.00
2016.11.18 11:50:01.512,0.95102,0.95124,1.00,1.00
2016.11.18 11:50:02.263,0.95103,0.95124,1.00,1.00
2016.11.18 11:50:03.264,0.95102,0.95124,1.00,1.00
2016.11.18 11:50:03.749,0.95103,0.95128,1.00,1.00
2016.11.18 11:50:03.799,0.95105,0.95128,1.00,1.00
2016.11.18 11:50:03.850,0.95109,0.95134,1.00,1.00
2016.11.18 11:50:03.900,0.95111,0.95135,1.00,1.00
2016.11.18 11:50:04.269,0.95113,0.95136,1.00,1.00
2016.11.18 11:50:04.765,0.95113,0.95133,1.00,1.00
2016.11.18 11:50:04.815,0.9511,0.95133,1.00,1.00
2016.11.18 11:50:05.269,0.95112,0.95133,1.00,1.00
2016.11.18 11:50:05.827,0.95112,0.95134,1.00,1.00
2016.11.18 11:50:06.178,0.95113,0.95136,1.00,1.00
2016.11.18 11:50:06.228,0.95113,0.95134,1.00,1.00
2016.11.18 11:50:06.379,0.95113,0.95136,1.00,1.00
2016.11.18 11:50:06.616,0.95108,0.95133,1.00,1.00
2016.11.18 11:50:07.427,0.9511,0.95133,1.00,1.00
2016.11.18 11:50:08.681,0.95111,0.95134,1.00,1.00
2016.11.18 11:50:08.884,0.95112,0.95136,1.00,1.00
2016.11.18 11:50:09.536,0.9511,0.95135,1.00,1.00
2016.11.18 11:50:10.201,0.95111,0.95136,1.00,1.00
2016.11.18 11:50:10.816,0.9511,0.95133,1.00,1.00
2016.11.18 11:50:11.335,0.95109,0.95131,1.00,1.00
2016.11.18 11:50:11.882,0.95108,0.95131,1.50,1.00
2016.11.18 11:50:14.686,0.95106,0.95129,1.00,1.00
2016.11.18 11:50:14.786,0.95108,0.95132,1.00,1.00
2016.11.18 11:50:14.887,0.9511,0.95133,1.00,1.00
2016.11.18 11:50:15.079,0.95108,0.95132,1.50,1.00
2016.11.18 11:50:15.837,0.95109,0.95134,1.00,1.00
2016.11.18 11:50:16.045,0.95107,0.95132,1.00,1.00
2016.11.18 11:50:17.565,0.9511,0.95133,1.00,1.50
2016.11.18 11:50:18.107,0.95109,0.95132,1.00,1.00
2016.11.18 11:50:18.458,0.95108,0.9513,1.00,1.00
2016.11.18 11:50:19.118,0.95107,0.9513,1.00,1.00
2016.11.18 11:50:19.548,0.95109,0.95133,1.00,1.00
2016.11.18 11:50:20.098,0.95113,0.95133,1.00,1.00
2016.11.18 11:50:20.296,0.95109,0.95133,1.00,1.00
2016.11.18 11:50:20.818,0.95108,0.95133,1.00,1.00
2016.11.18 11:50:25.554,0.95108,0.9513,1.00,1.00
2016.11.18 11:50:25.809,0.95106,0.95131,1.00,1.00
2016.11.18 11:50:26.010,0.95108,0.95131,1.00,1.00
2016.11.18 11:50:26.413,0.95106,0.95131,1.00,1.00
2016.11.18 11:50:26.535,0.95109,0.95131,1.00,1.00
2016.11.18 11:50:29.073,0.95108,0.9513,1.00,1.00
2016.11.18 11:50:29.327,0.95106,0.95131,1.00,1.00
2016.11.18 11:50:29.528,0.95108,0.95131,1.00,1.00
2016.11.18 11:50:30.069,0.95109,0.95131,1.00,1.00
2016.11.18 11:50:30.354,0.9511,0.95133,1.00,1.00
2016.11.18 11:50:30.505,0.95112,0.95135,1.00,1.00
2016.11.18 11:50:30.812,0.95112,0.95137,1.00,1.50
2016.11.18 11:50:31.363,0.95111,0.95136,1.00,1.00
2016.11.18 11:50:31.499,0.95113,0.95136,1.00,1.00
2016.11.18 11:50:31.882,0.95111,0.95134,1.00,1.00
2016.11.18 11:50:33.235,0.9511,0.95134,1.00,1.00
2016.11.18 11:50:33.508,0.95108,0.95133,1.50,1.00
2016.11.18 11:50:34.827,0.95108,0.95132,1.00,1.00
2016.11.18 11:50:35.872,0.95108,0.95131,1.00,1.00
2016.11.18 11:50:36.720,0.95107,0.9513,1.00,1.00
2016.11.18 11:50:37.232,0.95108,0.95131,1.00,1.00
2016.11.18 11:50:42.828,0.9511,0.95133,1.00,1.00
2016.11.18 11:50:43.738,0.95108,0.95133,1.50,1.00
2016.11.18 11:50:44.595,0.95108,0.9513,1.50,1.00
2016.11.18 11:50:45.593,0.95108,0.95131,1.00,1.00
2016.11.18 11:50:49.637,0.95108,0.95132,1.00,1.00
2016.11.18 11:50:50.573,0.95107,0.95132,1.50,1.00
2016.11.18 11:50:51.116,0.95108,0.95133,1.00,1.00
2016.11.18 11:50:51.745,0.95109,0.95134,1.00,1.00
2016.11.18 11:50:53.749,0.95113,0.95134,1.00,1.00
2016.11.18 11:50:53.949,0.95109,0.95134,1.00,1.00
2016.11.18 11:50:54.950,0.95112,0.95134,1.00,1.00
2016.11.18 11:50:55.151,0.95109,0.95134,1.00,1.00
2016.11.18 11:50:55.664,0.95113,0.95134,1.00,1.00
2016.11.18 11:50:55.867,0.95108,0.95132,1.00,1.00
2016.11.18 11:50:57.022,0.95108,0.9513,1.00,1.00
2016.11.18 11:50:58.087,0.95108,0.95129,1.00,1.00
2016.11.18 11:51:00.028,0.95108,0.95131,1.00,1.00
2016.11.18 11:51:00.577,0.95109,0.95133,1.00,1.00
2016.11.18 11:51:00.866,0.95113,0.95133,1.00,1.00
2016.11.18 11:51:01.248,0.95113,0.95131,1.00,1.00
2016.11.18 11:51:01.662,0.95109,0.95131,1.00,1.00
2016.11.18 11:51:02.213,0.95108,0.95131,1.50,1.00
2016.11.18 11:51:02.741,0.95109,0.95132,1.00,1.00
2016.11.18 11:51:02.791,0.95112,0.95132,1.00,1.00
2016.11.18 11:51:02.999,0.95109,0.95132,1.00,1.00
2016.11.18 11:51:03.064,0.95112,0.95132,1.00,1.00
2016.11.18 11:51:04.166,0.95109,0.95132,1.00,1.00
2016.11.18 11:51:05.568,0.95113,0.95132,1.00,1.00
2016.11.18 11:51:06.081,0.95113,0.95131,1.00,1.00
2016.11.18 11:51:06.662,0.95113,0.9513,1.00,1.00
2016.11.18 11:51:07.171,0.95108,0.9513,1.00,1.00
2016.11.18 11:51:07.271,0.95113,0.9513,1.00,1.00
2016.11.18 11:51:07.795,0.95108,0.9513,1.00,1.00
2016.11.18 11:51:08.472,0.95107,0.9513,1.50,1.00
2016.11.18 11:51:09.013,0.95108,0.95131,1.00,1.00
2016.11.18 11:51:09.810,0.95107,0.95131,1.00,1.00
2016.11.18 11:51:10.676,0.95108,0.95131,1.00,1.00
2016.11.18 11:51:11.177,0.95107,0.95131,1.00,1.00
2016.11.18 11:51:11.678,0.95108,0.95131,1.00,1.00
2016.11.18 11:51:12.179,0.95107,0.95131,1.50,1.00
2016.11.18 11:51:13.881,0.95108,0.95131,1.00,1.00
2016.11.18 11:51:14.419,0.95107,0.95131,1.50,1.00
2016.11.18 11:51:14.659,0.95105,0.95128,1.00,1.00
2016.11.18 11:51:14.995,0.95107,0.9513,1.50,1.00
2016.11.18 11:51:15.630,0.95107,0.95129,1.00,1.00
2016.11.18 11:51:16.168,0.95106,0.95129,1.00,1.00
2016.11.18 11:51:16.687,0.95107,0.95129,1.00,1.00
2016.11.18 11:51:16.887,0.95104,0.95129,1.00,1.00
2016.11.18 11:51:17.388,0.95107,0.95129,1.00,1.00
2016.11.18 11:51:17.689,0.95104,0.95129,1.00,1.00
2016.11.18 11:51:17.789,0.95108,0.95129,1.00,1.00
2016.11.18 11:51:17.990,0.95104,0.95129,1.00,1.00
2016.11.18 11:51:18.290,0.95108,0.95129,1.00,1.00
2016.11.18 11:51:18.590,0.95104,0.95129,1.00,1.00
2016.11.18 11:51:19.091,0.95108,0.95129,1.00,1.00
2016.11.18 11:51:19.792,0.95104,0.95129,1.00,1.00
2016.11.18 11:51:20.914,0.95104,0.95127,1.00,1.00
2016.11.18 11:51:22.095,0.95108,0.95127,1.00,1.00
2016.11.18 11:51:22.425,0.951,0.95125,1.00,1.00
2016.11.18 11:51:22.643,0.95103,0.95125,1.00,1.00
2016.11.18 11:51:23.473,0.95103,0.95122,1.00,1.00
2016.11.18 11:51:23.940,0.95098,0.95121,1.00,1.00
2016.11.18 11:51:24.041,0.95098,0.95119,1.00,1.00
2016.11.18 11:51:24.398,0.95103,0.95119,1.00,1.00
2016.11.18 11:51:24.801,0.95103,0.95121,1.00,1.00
2016.11.18 11:51:24.902,0.95098,0.95121,1.00,1.00
2016.11.18 11:51:25.002,0.95103,0.95122,1.00,1.00
2016.11.18 11:51:26.802,0.95102,0.95122,1.00,1.00
2016.11.18 11:51:27.003,0.951,0.95122,1.00,1.00
2016.11.18 11:51:28.348,0.95097,0.9512,1.00,1.00
2016.11.18 11:51:28.399,0.95097,0.95118,1.00,1.00
2016.11.18 11:51:28.647,0.95093,0.95115,1.00,1.00
2016.11.18 11:51:29.005,0.95098,0.95114,1.00,1.00
2016.11.18 11:51:30.443,0.95092,0.95114,1.00,1.00
2016.11.18 11:51:30.983,0.95093,0.95114,1.00,1.00
2016.11.18 11:51:31.487,0.95093,0.95118,1.50,1.00
2016.11.18 11:51:32.969,0.95093,0.95115,1.00,1.00
2016.11.18 11:51:33.729,0.95092,0.95115,1.00,1.00
2016.11.18 11:51:34.030,0.95098,0.95116,1.00,1.00
2016.11.18 11:51:34.231,0.95097,0.95119,1.00,1.00
2016.11.18 11:51:34.382,0.95098,0.95121,1.50,1.00
2016.11.18 11:51:34.533,0.95102,0.95121,1.00,1.00
2016.11.18 11:51:35.129,0.95103,0.95121,1.00,1.00
2016.11.18 11:51:36.363,0.95098,0.9512,1.00,1.00
2016.11.18 11:51:37.110,0.95098,0.95119,1.00,1.00
2016.11.18 11:51:38.224,0.95097,0.95119,1.00,1.00
2016.11.18 11:51:38.327,0.95097,0.95121,1.00,1.00
2016.11.18 11:51:38.744,0.95098,0.95118,1.00,1.00
2016.11.18 11:51:38.945,0.95095,0.95118,1.00,1.00
2016.11.18 11:51:38.996,0.95095,0.95121,1.00,1.00
2016.11.18 11:51:39.046,0.95097,0.95121,1.00,1.00
2016.11.18 11:51:39.147,0.95097,0.95123,1.50,1.00
2016.11.18 11:51:39.348,0.95103,0.95124,1.00,1.00
2016.11.18 11:51:41.153,0.95103,0.95122,1.00,1.00
2016.11.18 11:51:41.741,0.95102,0.95122,1.00,1.00
2016.11.18 11:51:43.316,0.95099,0.95122,1.00,1.00
2016.11.18 11:51:43.455,0.95102,0.95122,1.00,1.00
2016.11.18 11:51:43.555,0.95099,0.95122,1.00,1.00
2016.11.18 11:51:43.606,0.95097,0.9512,1.50,1.00
2016.11.18 11:51:44.230,0.95099,0.95121,1.00,1.00
2016.11.18 11:51:45.452,0.95098,0.9512,1.00,1.00
2016.11.18 11:51:46.623,0.95097,0.9512,1.50,1.00
2016.11.18 11:51:47.256,0.95098,0.9512,1.00,1.00
2016.11.18 11:51:48.883,0.95098,0.95123,1.50,1.00
2016.11.18 11:51:50.999,0.951,0.95122,1.00,1.00
2016.11.18 11:51:51.958,0.95101,0.95124,1.00,1.00
2016.11.18 11:51:52.058,0.95101,0.95126,1.00,1.50
2016.11.18 11:51:52.967,0.95099,0.95124,1.00,1.00
2016.11.18 11:51:56.768,0.95098,0.95123,1.00,1.00
2016.11.18 11:51:58.687,0.95099,0.95124,1.00,1.00
2016.11.18 11:52:00.326,0.951,0.95124,1.00,1.00
2016.11.18 11:52:00.930,0.95102,0.95124,1.00,1.00
2016.11.18 11:52:01.244,0.951,0.95123,1.00,1.00
2016.11.18 11:52:02.235,0.95099,0.95124,1.00,1.00
2016.11.18 11:52:02.336,0.95102,0.95127,1.00,1.00
2016.11.18 11:52:02.660,0.95104,0.95129,1.00,1.00
2016.11.18 11:52:06.010,0.95106,0.95128,1.00,1.00
2016.11.18 11:52:06.991,0.951,0.95125,1.00,1.00
2016.11.18 11:52:07.142,0.95098,0.95123,1.00,1.00
2016.11.18 11:52:07.446,0.95097,0.9512,1.00,1.00
2016.11.18 11:52:08.562,0.95098,0.9512,1.00,1.00
2016.11.18 11:52:09.272,0.95098,0.95121,1.00,1.00
2016.11.18 11:52:12.101,0.95098,0.9512,1.00,1.00
2016.11.18 11:52:13.685,0.95097,0.9512,1.50,1.00
2016.11.18 11:52:16.170,0.95098,0.9512,1.00,1.00
2016.11.18 11:52:19.275,0.95097,0.9512,1.00,1.00
2016.11.18 11:52:19.476,0.95098,0.95123,1.00,1.50
2016.11.18 11:52:19.527,0.95101,0.95124,1.00,1.00
2016.11.18 11:52:19.835,0.95103,0.95124,1.00,1.00
2016.11.18 11:52:20.455,0.95103,0.95123,1.00,1.00
2016.11.18 11:52:20.556,0.95103,0.95126,1.50,1.00
2016.11.18 11:52:20.757,0.95102,0.9513,1.50,1.00
2016.11.18 11:52:20.908,0.95106,0.9513,1.00,1.00
2016.11.18 11:52:21.210,0.95103,0.95127,1.50,1.00
2016.11.18 11:52:21.746,0.95103,0.95126,1.00,1.00
2016.11.18 11:52:22.069,0.95102,0.95124,1.00,1.00
2016.11.18 11:52:23.872,0.95103,0.95124,1.00,1.00
2016.11.18 11:52:24.388,0.95103,0.95123,1.00,1.00
2016.11.18 11:52:25.108,0.95103,0.95124,1.00,1.00
2016.11.18 11:52:27.375,0.95103,0.95122,1.00,1.00
2016.11.18 11:52:27.425,0.95099,0.95122,1.00,1.00
2016.11.18 11:52:27.594,0.95103,0.95121,1.00,1.00
2016.11.18 11:52:29.214,0.95098,0.95121,1.50,1.00
2016.11.18 11:52:29.810,0.95098,0.9512,1.00,1.00
2016.11.18 11:52:30.317,0.95098,0.95121,1.50,1.00
2016.11.18 11:52:30.851,0.95097,0.9512,1.00,1.00
2016.11.18 11:52:31.510,0.95096,0.95119,1.00,1.00
2016.11.18 11:52:33.262,0.95095,0.95118,1.00,1.00
2016.11.18 11:52:33.808,0.95096,0.95118,1.00,1.00
2016.11.18 11:52:36.064,0.95094,0.95119,1.00,1.00
2016.11.18 11:52:40.892,0.95094,0.95117,1.00,1.00
2016.11.18 11:52:41.394,0.95093,0.95118,1.50,1.00
2016.11.18 11:52:41.872,0.95095,0.9512,1.00,1.00
2016.11.18 11:52:42.407,0.95098,0.9512,1.00,1.00
2016.11.18 11:52:42.599,0.95095,0.9512,1.00,1.00
2016.11.18 11:52:43.339,0.95097,0.9512,1.00,1.00
2016.11.18 11:52:43.616,0.95097,0.95122,1.50,1.50
2016.11.18 11:52:43.667,0.95097,0.9512,1.00,1.00
2016.11.18 11:52:44.337,0.95097,0.95119,1.50,1.00
2016.11.18 11:52:44.725,0.95098,0.95121,1.50,1.00
2016.11.18 11:52:47.754,0.95096,0.95121,1.00,1.00
2016.11.18 11:52:49.816,0.95098,0.95121,1.50,1.00
2016.11.18 11:52:50.812,0.95098,0.95122,1.00,1.00
2016.11.18 11:52:51.322,0.95098,0.95121,1.00,1.00
2016.11.18 11:52:51.669,0.95098,0.95116,1.00,1.00
2016.11.18 11:52:51.720,0.95093,0.95116,1.50,1.00
2016.11.18 11:52:51.971,0.95092,0.95114,1.50,1.00
2016.11.18 11:52:55.514,0.95093,0.95114,1.00,1.00
2016.11.18 11:52:56.647,0.95088,0.95111,1.00,1.00
2016.11.18 11:53:01.952,0.95089,0.95112,1.00,1.00
2016.11.18 11:53:02.831,0.95092,0.95112,1.00,1.00
2016.11.18 11:53:03.627,0.95089,0.95112,1.00,1.00
2016.11.18 11:53:04.063,0.95093,0.95113,1.00,1.00
2016.11.18 11:53:04.128,0.9509,0.95113,1.00,1.00
2016.11.18 11:53:06.632,0.95092,0.95113,1.00,1.00
2016.11.18 11:53:06.733,0.9509,0.95113,1.00,1.00
2016.11.18 11:53:07.538,0.95093,0.95113,1.00,1.00
2016.11.18 11:53:08.235,0.9509,0.95113,1.00,1.00
2016.11.18 11:53:08.436,0.95092,0.95113,1.00,1.00
2016.11.18 11:53:08.537,0.9509,0.95113,1.00,1.00
2016.11.18 11:53:10.843,0.95088,0.95113,1.00,1.00
2016.11.18 11:53:12.063,0.95092,0.95113,1.00,1.00
2016.11.18 11:53:12.542,0.9509,0.95113,1.00,1.00
2016.11.18 11:53:13.148,0.95092,0.95113,1.00,1.00
2016.11.18 11:53:13.744,0.9509,0.95113,1.00,1.00
2016.11.18 11:53:13.845,0.95092,0.95113,1.00,1.00
2016.11.18 11:53:14.387,0.95093,0.95113,1.00,1.00
2016.11.18 11:53:14.687,0.9509,0.95113,1.00,1.00
2016.11.18 11:53:15.979,0.95092,0.95113,1.00,1.00
2016.11.18 11:53:16.593,0.95093,0.95113,1.00,1.00
2016.11.18 11:53:17.358,0.9509,0.95113,1.00,1.00
2016.11.18 11:53:17.864,0.95089,0.95112,1.00,1.00
2016.11.18 11:53:18.565,0.95089,0.95114,1.00,1.00
2016.11.18 11:53:21.154,0.95091,0.95114,1.00,1.00
2016.11.18 11:53:21.681,0.95093,0.95114,1.00,1.00
2016.11.18 11:53:21.758,0.95091,0.95114,1.00,1.00
2016.11.18 11:53:25.264,0.95088,0.95113,1.50,1.00
2016.11.18 11:53:27.018,0.9509,0.95113,1.00,1.00
2016.11.18 11:53:28.143,0.95091,0.95114,1.00,1.00
2016.11.18 11:53:31.372,0.95092,0.95114,1.00,1.00
2016.11.18 11:53:31.623,0.9509,0.95113,1.00,1.00
2016.11.18 11:53:34.153,0.95093,0.95113,1.00,1.00
2016.11.18 11:53:35.278,0.9509,0.95113,1.00,1.00
2016.11.18 11:53:36.184,0.95089,0.95113,1.00,1.00
2016.11.18 11:53:37.330,0.95088,0.95113,1.00,1.00
2016.11.18 11:53:38.182,0.95093,0.95113,1.00,1.00
2016.11.18 11:53:38.283,0.95088,0.95113,1.50,1.00
2016.11.18 11:53:42.334,0.9509,0.95112,1.00,1.00
2016.11.18 11:53:44.604,0.95093,0.95112,1.00,1.00
2016.11.18 11:53:44.705,0.9509,0.95112,1.00,1.00
2016.11.18 11:53:45.309,0.95089,0.95112,1.00,1.00
2016.11.18 11:53:46.596,0.95093,0.95112,1.00,1.00
2016.11.18 11:53:46.697,0.95089,0.95112,1.00,1.00
2016.11.18 11:53:47.819,0.95088,0.95114,1.00,1.00
2016.11.18 11:53:47.870,0.95095,0.95117,1.00,1.00
2016.11.18 11:53:47.920,0.95095,0.9512,1.00,1.00
2016.11.18 11:53:48.050,0.95093,0.95116,1.00,1.00
2016.11.18 11:53:48.997,0.95094,0.95117,1.00,1.00
2016.11.18 11:53:50.639,0.95095,0.95118,1.00,1.00
2016.11.18 11:53:52.507,0.95093,0.95118,1.50,1.00
2016.11.18 11:53:53.078,0.95094,0.95118,1.00,1.00
2016.11.18 11:53:53.687,0.95095,0.95118,1.00,1.00
2016.11.18 11:53:55.697,0.95095,0.9512,1.00,1.00
2016.11.18 11:53:58.939,0.95093,0.95116,1.00,1.00
2016.11.18 11:53:59.241,0.95085,0.9511,1.00,1.00
2016.11.18 11:54:00.067,0.95084,0.95109,1.00,1.00
2016.11.18 11:54:01.073,0.95085,0.9511,1.00,1.00
2016.11.18 11:54:04.824,0.95088,0.9511,1.00,1.00
2016.11.18 11:54:05.262,0.95085,0.95109,1.00,1.00
2016.11.18 11:54:06.046,0.95085,0.95108,1.00,1.00
2016.11.18 11:54:06.656,0.95086,0.95109,1.00,1.00
2016.11.18 11:54:07.609,0.95083,0.95109,1.00,1.00
2016.11.18 11:54:08.307,0.95083,0.95108,1.00,1.00
2016.11.18 11:54:08.358,0.95082,0.95105,1.00,1.00
2016.11.18 11:54:09.731,0.95083,0.95105,1.00,1.00
2016.11.18 11:54:10.236,0.95082,0.95105,1.00,1.00
2016.11.18 11:54:10.542,0.95085,0.95108,1.00,1.50
2016.11.18 11:54:11.102,0.95085,0.95109,1.00,1.00
2016.11.18 11:54:11.608,0.95084,0.95108,1.00,1.00
2016.11.18 11:54:13.112,0.95084,0.95107,1.00,1.00
2016.11.18 11:54:13.443,0.95082,0.95105,1.00,1.00
2016.11.18 11:54:13.918,0.9508,0.95103,1.00,1.00
2016.11.18 11:54:14.506,0.95078,0.95101,1.00,1.00
2016.11.18 11:54:14.556,0.95076,0.951,1.00,1.00
2016.11.18 11:54:14.657,0.95078,0.951,1.00,1.00
2016.11.18 11:54:15.011,0.95078,0.95097,1.00,1.00
2016.11.18 11:54:15.374,0.95073,0.95097,1.50,1.00
2016.11.18 11:54:15.503,0.95075,0.95098,1.00,1.00
2016.11.18 11:54:15.843,0.95078,0.95098,1.00,1.00
2016.11.18 11:54:17.645,0.95075,0.95098,1.00,1.00
2016.11.18 11:54:18.768,0.95076,0.95099,1.00,1.00
2016.11.18 11:54:19.744,0.95075,0.95098,1.00,1.00
2016.11.18 11:54:21.074,0.95076,0.95099,1.00,1.00
2016.11.18 11:54:21.175,0.95076,0.95101,1.00,1.00
2016.11.18 11:54:21.514,0.95078,0.95101,1.00,1.00
2016.11.18 11:54:23.246,0.95078,0.95103,1.00,1.00
2016.11.18 11:54:23.296,0.95078,0.951,1.00,1.00
2016.11.18 11:54:23.397,0.95075,0.951,1.00,1.00
2016.11.18 11:54:25.157,0.95078,0.951,1.00,1.00
2016.11.18 11:54:26.058,0.95075,0.951,1.00,1.00
2016.11.18 11:54:26.358,0.95078,0.95101,1.00,1.00
2016.11.18 11:54:26.409,0.95076,0.95101,1.00,1.00
2016.11.18 11:54:28.024,0.95074,0.95099,1.00,1.00
2016.11.18 11:54:33.094,0.95072,0.95097,1.50,1.00
2016.11.18 11:54:33.401,0.95079,0.95102,1.00,1.00
2016.11.18 11:54:33.502,0.95073,0.95101,1.00,1.00
2016.11.18 11:54:33.553,0.95073,0.95097,1.00,1.00
2016.11.18 11:54:34.085,0.95072,0.95097,1.00,1.50
2016.11.18 11:54:34.389,0.95072,0.95094,1.00,1.00
2016.11.18 11:54:35.262,0.95069,0.95094,1.00,1.00
2016.11.18 11:54:35.412,0.95069,0.95092,1.00,1.00
2016.11.18 11:54:35.759,0.95068,0.9509,1.00,1.00
2016.11.18 11:54:36.588,0.95068,0.95091,1.00,1.00
2016.11.18 11:54:38.330,0.95067,0.9509,1.50,1.00
2016.11.18 11:54:39.297,0.95068,0.9509,1.00,1.00
2016.11.18 11:54:41.486,0.95067,0.9509,1.50,1.00
2016.11.18 11:54:41.987,0.95068,0.9509,1.50,1.00
2016.11.18 11:54:42.037,0.95068,0.95092,1.00,1.50
2016.11.18 11:54:42.138,0.95069,0.95094,1.00,1.00
2016.11.18 11:54:42.189,0.95072,0.95095,1.00,1.00
2016.11.18 11:54:42.525,0.95074,0.95096,1.00,1.00
2016.11.18 11:54:43.276,0.95074,0.95097,1.00,1.00
2016.11.18 11:54:47.003,0.95073,0.95097,1.00,1.00
2016.11.18 11:54:47.299,0.9507,0.95095,1.00,1.00
2016.11.18 11:54:47.698,0.95072,0.95095,1.00,1.00
2016.11.18 11:54:48.099,0.95069,0.95094,1.00,1.00
2016.11.18 11:54:49.702,0.95072,0.95094,1.00,1.00
2016.11.18 11:54:50.528,0.95073,0.95096,1.00,1.50
2016.11.18 11:54:50.578,0.95076,0.95099,1.00,1.00
2016.11.18 11:54:50.709,0.95072,0.95096,1.50,1.00
2016.11.18 11:54:50.762,0.95072,0.95093,1.00,1.00
2016.11.18 11:54:51.344,0.95073,0.95093,1.00,1.00
2016.11.18 11:54:51.445,0.95071,0.95093,1.00,1.00
2016.11.18 11:54:51.646,0.95072,0.95095,1.00,1.00
2016.11.18 11:54:52.148,0.95073,0.95096,1.00,1.00
2016.11.18 11:55:01.740,0.95072,0.95096,1.00,1.00
2016.11.18 11:55:02.270,0.95071,0.95094,1.00,1.00
2016.11.18 11:55:03.279,0.95071,0.95095,1.00,1.00
2016.11.18 11:55:04.281,0.95071,0.95094,1.00,1.00
2016.11.18 11:55:04.912,0.95069,0.95094,1.00,1.00
2016.11.18 11:55:05.132,0.95072,0.95094,1.00,1.00
2016.11.18 11:55:05.267,0.95069,0.95094,1.00,1.00
2016.11.18 11:55:05.928,0.95068,0.95093,1.00,1.00
2016.11.18 11:55:11.190,0.95068,0.95091,1.00,1.00
2016.11.18 11:55:11.765,0.95069,0.95094,1.00,1.50
2016.11.18 11:55:11.866,0.95069,0.95092,1.00,1.00
2016.11.18 11:55:12.093,0.95069,0.95094,1.00,1.50
2016.11.18 11:55:12.706,0.95068,0.95093,1.00,1.00
2016.11.18 11:55:13.245,0.95068,0.95092,1.00,1.00
2016.11.18 11:55:13.746,0.95068,0.95093,1.00,1.00
2016.11.18 11:55:14.251,0.95068,0.95092,1.00,1.00
2016.11.18 11:55:14.752,0.95068,0.95093,1.00,1.00
2016.11.18 11:55:15.484,0.95068,0.95092,1.00,1.00
2016.11.18 11:55:16.084,0.95068,0.95093,1.00,1.00
2016.11.18 11:55:16.612,0.95068,0.95092,1.00,1.00
2016.11.18 11:55:17.256,0.95068,0.95093,1.00,1.50
2016.11.18 11:55:17.501,0.9507,0.95093,1.00,1.50
2016.11.18 11:55:18.008,0.95069,0.95092,1.00,1.50
2016.11.18 11:55:18.418,0.9507,0.95095,1.00,1.00
2016.11.18 11:55:18.468,0.9507,0.95092,1.00,1.00
2016.11.18 11:55:18.569,0.9507,0.95095,1.00,1.00
2016.11.18 11:55:18.860,0.9507,0.95093,1.00,1.00
2016.11.18 11:55:19.283,0.9507,0.95095,1.00,1.00
2016.11.18 11:55:19.910,0.9507,0.95093,1.00,1.00
2016.11.18 11:55:20.069,0.9507,0.95095,1.00,1.00
2016.11.18 11:55:21.459,0.95071,0.95095,1.00,1.00
2016.11.18 11:55:21.510,0.95069,0.95097,1.00,1.00
2016.11.18 11:55:21.560,0.95077,0.95098,1.00,1.00
2016.11.18 11:55:21.866,0.95081,0.95103,1.00,1.00
2016.11.18 11:55:22.367,0.95081,0.95104,1.00,1.00
2016.11.18 11:55:22.668,0.95081,0.95102,1.00,1.00
2016.11.18 11:55:23.268,0.9508,0.95102,1.00,1.00
2016.11.18 11:55:25.673,0.9508,0.95103,1.00,1.00
2016.11.18 11:55:26.319,0.9508,0.95102,1.00,1.00
2016.11.18 11:55:26.966,0.9508,0.95103,1.00,1.00
2016.11.18 11:55:29.078,0.9508,0.95102,1.00,1.00
2016.11.18 11:55:29.608,0.9508,0.95103,1.00,1.00
2016.11.18 11:55:30.146,0.9508,0.95102,1.00,1.00
2016.11.18 11:55:31.277,0.95081,0.95102,1.00,1.00
2016.11.18 11:55:31.382,0.95081,0.95104,1.00,1.00
2016.11.18 11:55:31.683,0.95081,0.95102,1.00,1.00
2016.11.18 11:55:32.184,0.95081,0.95103,1.00,1.00
2016.11.18 11:55:32.811,0.95081,0.95102,1.00,1.00
2016.11.18 11:55:33.297,0.95081,0.95104,1.00,1.00
2016.11.18 11:55:33.923,0.95081,0.95103,1.00,1.00
2016.11.18 11:55:34.584,0.95081,0.95102,1.00,1.00
2016.11.18 11:55:35.296,0.95081,0.95104,1.00,1.00
2016.11.18 11:55:35.905,0.95081,0.95103,1.00,1.00
2016.11.18 11:55:36.566,0.95081,0.95102,1.00,1.00
2016.11.18 11:55:37.215,0.95081,0.95103,1.00,1.00
2016.11.18 11:55:37.593,0.95081,0.95105,1.00,1.00
2016.11.18 11:55:37.936,0.95081,0.95102,1.00,1.00
2016.11.18 11:55:38.545,0.95081,0.95103,1.00,1.00
2016.11.18 11:55:39.406,0.95081,0.95102,1.00,1.00
2016.11.18 11:55:39.696,0.95081,0.95105,1.00,1.00
2016.11.18 11:55:39.916,0.95081,0.95103,1.00,1.00
2016.11.18 11:55:41.306,0.95081,0.95102,1.00,1.00
2016.11.18 11:55:41.356,0.95079,0.95101,1.00,1.00
2016.11.18 11:55:41.457,0.95076,0.95102,1.00,1.50
2016.11.18 11:55:41.507,0.95077,0.95099,1.00,1.00
2016.11.18 11:55:42.197,0.95077,0.95098,1.00,1.00
2016.11.18 11:55:42.602,0.95077,0.951,1.00,1.00
2016.11.18 11:55:42.803,0.95077,0.95098,1.00,1.00
2016.11.18 11:55:42.933,0.95075,0.95098,1.00,1.00
2016.11.18 11:55:43.508,0.95075,0.95099,1.00,1.00
2016.11.18 11:55:43.609,0.95075,0.95097,1.00,1.00
2016.11.18 11:55:44.176,0.95075,0.95098,1.00,1.00
2016.11.18 11:55:44.807,0.95075,0.95097,1.00,1.00
2016.11.18 11:55:45.107,0.95075,0.95099,1.00,1.00
2016.11.18 11:55:45.307,0.95075,0.95097,1.00,1.00
2016.11.18 11:55:45.624,0.95077,0.95102,1.00,1.50
2016.11.18 11:55:46.372,0.95076,0.95101,1.00,1.00
2016.11.18 11:55:47.021,0.95075,0.951,1.00,1.00
2016.11.18 11:55:47.493,0.95075,0.95098,1.00,1.00
2016.11.18 11:55:48.520,0.95075,0.95097,1.00,1.00
2016.11.18 11:55:49.048,0.95075,0.95099,1.00,1.00
2016.11.18 11:55:49.586,0.95076,0.95098,1.00,1.00
2016.11.18 11:55:50.148,0.95076,0.95099,1.00,1.00
2016.11.18 11:55:50.966,0.95077,0.95097,1.00,1.00
2016.11.18 11:55:51.151,0.95077,0.95099,1.00,1.00
2016.11.18 11:55:51.922,0.95077,0.95098,1.00,1.00
2016.11.18 11:55:52.440,0.95077,0.95099,1.00,1.00
2016.11.18 11:55:52.624,0.95077,0.95097,1.00,1.00
2016.11.18 11:55:52.960,0.95077,0.95099,1.00,1.00
2016.11.18 11:55:53.525,0.95077,0.95098,1.00,1.00
2016.11.18 11:55:54.064,0.95077,0.95099,1.00,1.00
2016.11.18 11:55:54.331,0.95078,0.95101,1.00,1.00
2016.11.18 11:55:54.533,0.95078,0.95103,1.00,1.50
2016.11.18 11:55:55.664,0.95078,0.95102,1.00,1.00
2016.11.18 11:55:56.731,0.95078,0.95103,1.00,1.00
2016.11.18 11:55:56.832,0.95077,0.95101,1.00,1.00
2016.11.18 11:55:57.214,0.95076,0.95098,1.00,1.00
2016.11.18 11:55:57.953,0.95074,0.95099,1.00,1.00
2016.11.18 11:55:59.111,0.95076,0.95099,1.00,1.00
2016.11.18 11:55:59.661,0.95077,0.951,1.00,1.00
2016.11.18 11:56:00.057,0.95076,0.95098,1.00,1.00
2016.11.18 11:56:00.772,0.95071,0.95096,1.00,1.00
2016.11.18 11:56:01.160,0.95071,0.95094,1.00,1.00
2016.11.18 11:56:02.136,0.95071,0.95093,1.00,1.00
2016.11.18 11:56:02.662,0.95071,0.95092,1.00,1.00
2016.11.18 11:56:02.868,0.95076,0.95098,1.00,1.00
2016.11.18 11:56:03.244,0.95072,0.95097,1.00,1.00
2016.11.18 11:56:03.295,0.9507,0.95093,1.00,1.00
2016.11.18 11:56:03.844,0.95069,0.95092,1.00,1.00
2016.11.18 11:56:04.697,0.95067,0.95092,1.00,1.50
2016.11.18 11:56:04.848,0.95067,0.95087,1.00,1.00
2016.11.18 11:56:04.958,0.95067,0.95092,1.00,1.50
2016.11.18 11:56:06.056,0.95069,0.95091,1.00,1.00
2016.11.18 11:56:06.585,0.9507,0.95092,1.00,1.00
2016.11.18 11:56:07.524,0.95069,0.95092,1.00,1.00
2016.11.18 11:56:09.556,0.95069,0.95087,1.00,1.00
2016.11.18 11:56:09.763,0.95069,0.95092,1.00,1.50
2016.11.18 11:56:10.358,0.95069,0.95088,1.00,1.00
2016.11.18 11:56:10.558,0.95069,0.95092,1.00,1.50
2016.11.18 11:56:12.067,0.95069,0.95087,1.00,1.00
2016.11.18 11:56:12.295,0.95069,0.95092,1.00,1.00
2016.11.18 11:56:12.561,0.95069,0.95087,1.00,1.00
2016.11.18 11:56:12.662,0.95069,0.95092,1.00,1.00
2016.11.18 11:56:12.974,0.95069,0.95087,1.00,1.00
2016.11.18 11:56:13.263,0.95068,0.95092,1.00,1.50
2016.11.18 11:56:13.864,0.95068,0.95088,1.00,1.00
2016.11.18 11:56:14.264,0.95068,0.95092,1.00,1.50
2016.11.18 11:56:14.866,0.95068,0.95087,1.00,1.00
2016.11.18 11:56:15.395,0.95068,0.95092,1.00,1.00
2016.11.18 11:56:15.967,0.95068,0.95087,1.00,1.00
2016.11.18 11:56:16.268,0.95068,0.95092,1.00,1.00
2016.11.18 11:56:16.894,0.95068,0.95087,1.00,1.00
2016.11.18 11:56:17.270,0.95068,0.95092,1.00,1.00
2016.11.18 11:56:17.802,0.95066,0.95091,1.00,1.00
2016.11.18 11:56:17.871,0.95066,0.95088,1.00,1.00
2016.11.18 11:56:18.292,0.95066,0.95091,1.00,1.00
2016.11.18 11:56:18.873,0.95066,0.95087,1.00,1.00
2016.11.18 11:56:19.273,0.95066,0.95091,1.00,1.00
2016.11.18 11:56:19.825,0.95065,0.95089,1.00,1.00
2016.11.18 11:56:20.326,0.95066,0.95091,1.00,1.00
2016.11.18 11:56:20.663,0.95063,0.95088,1.00,1.00
2016.11.18 11:56:21.128,0.95066,0.95088,1.00,1.00
2016.11.18 11:56:21.664,0.95066,0.95089,1.00,1.00
2016.11.18 11:56:22.162,0.95064,0.95088,1.00,1.00
2016.11.18 11:56:22.213,0.95064,0.95082,1.00,1.00
2016.11.18 11:56:23.317,0.95064,0.95087,1.00,1.00
2016.11.18 11:56:23.882,0.95064,0.95083,1.00,1.00
2016.11.18 11:56:24.282,0.95064,0.95088,1.00,1.50
2016.11.18 11:56:25.213,0.95064,0.95083,1.00,1.00
2016.11.18 11:56:25.363,0.95064,0.95088,1.00,1.50
2016.11.18 11:56:25.815,0.95064,0.95082,1.00,1.00
2016.11.18 11:56:26.261,0.95064,0.95087,1.00,1.00
2016.11.18 11:56:26.810,0.95064,0.95088,1.00,1.00
2016.11.18 11:56:26.916,0.95064,0.95083,1.00,1.00
2016.11.18 11:56:27.231,0.95065,0.95087,1.00,1.00
2016.11.18 11:56:27.817,0.95065,0.95083,1.00,1.00
2016.11.18 11:56:29.263,0.95065,0.95088,1.00,1.50
2016.11.18 11:56:29.861,0.95065,0.95087,1.00,1.00
2016.11.18 11:56:30.287,0.95067,0.95087,1.00,1.00
2016.11.18 11:56:30.421,0.95067,0.9509,1.00,1.00
2016.11.18 11:56:30.725,0.95065,0.95093,1.00,1.00
2016.11.18 11:56:30.828,0.95076,0.95098,1.00,1.00
2016.11.18 11:56:30.878,0.95076,0.951,1.00,1.00
2016.11.18 11:56:30.928,0.95078,0.95098,1.00,1.00
2016.11.18 11:56:31.423,0.95078,0.95101,1.00,1.00
2016.11.18 11:56:31.474,0.95081,0.95103,1.00,1.00
2016.11.18 11:56:31.624,0.95083,0.95106,1.00,1.00
2016.11.18 11:56:31.862,0.95088,0.95107,1.00,1.00
2016.11.18 11:56:32.013,0.95085,0.95107,1.00,1.00
2016.11.18 11:56:32.063,0.95088,0.95107,1.00,1.00
2016.11.18 11:56:32.164,0.95088,0.95112,1.00,1.00
2016.11.18 11:56:32.265,0.95088,0.95115,1.00,1.00
2016.11.18 11:56:32.466,0.95084,0.95113,1.00,1.00
2016.11.18 11:56:32.525,0.95084,0.95108,1.00,1.00
2016.11.18 11:56:33.326,0.95084,0.95107,1.00,1.00
2016.11.18 11:56:33.927,0.95083,0.95107,1.00,1.00
2016.11.18 11:56:34.617,0.95084,0.95107,1.00,1.00
2016.11.18 11:56:34.947,0.95086,0.95107,1.00,1.00
2016.11.18 11:56:35.277,0.95088,0.95103,1.00,1.00
2016.11.18 11:56:36.078,0.95088,0.95107,1.00,1.00
2016.11.18 11:56:36.598,0.95088,0.95108,1.00,1.00
2016.11.18 11:56:37.639,0.95088,0.95107,1.00,1.00
2016.11.18 11:56:38.875,0.95085,0.95107,1.00,1.00
2016.11.18 11:56:39.077,0.95088,0.95111,1.00,1.00
2016.11.18 11:56:39.730,0.95086,0.95108,1.00,1.00
2016.11.18 11:56:39.831,0.95086,0.95111,1.00,1.00
2016.11.18 11:56:39.932,0.95083,0.9511,1.00,1.00
2016.11.18 11:56:40.137,0.95083,0.95107,1.00,1.00
2016.11.18 11:56:40.390,0.9508,0.95107,1.00,1.50
2016.11.18 11:56:40.769,0.95082,0.95105,1.00,1.00
2016.11.18 11:56:40.929,0.95082,0.95108,1.00,1.50
2016.11.18 11:56:40.980,0.95082,0.95111,1.00,1.00
2016.11.18 11:56:41.139,0.95082,0.95107,1.00,1.00
2016.11.18 11:56:41.640,0.95082,0.95108,1.00,1.00
2016.11.18 11:56:42.289,0.95083,0.95107,1.00,1.00
2016.11.18 11:56:42.682,0.95082,0.95105,1.00,1.00
2016.11.18 11:56:44.111,0.9508,0.95103,1.00,1.00
2016.11.18 11:56:45.309,0.95082,0.95104,1.00,1.00
2016.11.18 11:56:51.074,0.9508,0.95105,1.00,1.00
2016.11.18 11:56:51.607,0.95081,0.95106,1.00,1.00
2016.11.18 11:56:52.416,0.95081,0.95103,1.00,1.00
2016.11.18 11:56:53.465,0.95081,0.95105,1.00,1.00
2016.11.18 11:56:53.638,0.95083,0.95106,1.00,1.00
2016.11.18 11:56:54.466,0.95082,0.95105,1.00,1.00
2016.11.18 11:56:54.733,0.95082,0.95107,1.00,1.50
2016.11.18 11:56:56.395,0.95081,0.95106,1.00,1.00
2016.11.18 11:56:58.601,0.95082,0.95107,1.00,1.50
2016.11.18 11:56:58.651,0.95081,0.95104,1.00,1.00
2016.11.18 11:56:58.953,0.95086,0.95107,1.00,1.00
2016.11.18 11:56:59.003,0.95086,0.95109,1.00,1.00
2016.11.18 11:56:59.054,0.95084,0.95106,1.00,1.00
2016.11.18 11:56:59.670,0.95084,0.95103,1.00,1.00
2016.11.18 11:57:00.047,0.95082,0.95103,1.00,1.00
2016.11.18 11:57:01.044,0.95083,0.95103,1.00,1.00
2016.11.18 11:57:01.173,0.95083,0.95106,1.00,1.00
2016.11.18 11:57:01.290,0.95085,0.95102,1.00,1.00
2016.11.18 11:57:01.840,0.95083,0.95102,1.00,1.00
2016.11.18 11:57:01.991,0.95083,0.95108,1.00,1.00
2016.11.18 11:57:02.041,0.95091,0.95108,1.00,1.00
2016.11.18 11:57:02.091,0.95092,0.95115,1.00,1.00
2016.11.18 11:57:02.443,0.95093,0.95117,1.00,1.00
2016.11.18 11:57:02.579,0.95091,0.95114,1.00,1.00
2016.11.18 11:57:02.931,0.95091,0.95112,1.00,1.00
2016.11.18 11:57:03.495,0.95089,0.95112,1.00,1.00
2016.11.18 11:57:03.813,0.95087,0.9511,1.50,1.00
2016.11.18 11:57:04.108,0.95082,0.95107,1.00,1.00
2016.11.18 11:57:04.410,0.95086,0.95109,1.00,1.00
2016.11.18 11:57:04.636,0.95083,0.95107,1.00,1.00
2016.11.18 11:57:04.686,0.95086,0.95107,1.00,1.00
2016.11.18 11:57:05.039,0.95077,0.95107,1.00,1.00
2016.11.18 11:57:05.247,0.95074,0.95104,1.50,1.00
2016.11.18 11:57:05.590,0.95074,0.95102,1.50,1.00
2016.11.18 11:57:06.612,0.95078,0.95102,1.00,1.00
2016.11.18 11:57:06.662,0.95076,0.95102,1.00,1.00
2016.11.18 11:57:06.713,0.95079,0.95102,1.00,1.00
2016.11.18 11:57:07.737,0.9508,0.95102,1.00,1.00
2016.11.18 11:57:08.824,0.95079,0.95102,1.00,1.00
2016.11.18 11:57:09.142,0.95082,0.95102,1.00,1.00
2016.11.18 11:57:11.092,0.95082,0.95103,1.00,1.00
2016.11.18 11:57:11.193,0.95079,0.95103,1.00,1.00
2016.11.18 11:57:11.293,0.95077,0.951,1.00,1.00
2016.11.18 11:57:11.640,0.9508,0.95102,1.00,1.00
2016.11.18 11:57:19.342,0.95079,0.95102,1.00,1.50
2016.11.18 11:57:21.733,0.95084,0.95102,1.00,1.00
2016.11.18 11:57:22.106,0.95082,0.95102,1.00,1.00
2016.11.18 11:57:24.110,0.95082,0.95105,1.00,1.00
2016.11.18 11:57:24.311,0.95082,0.95103,1.00,1.00
2016.11.18 11:57:26.648,0.95083,0.95103,1.00,1.00
2016.11.18 11:57:26.970,0.95084,0.95107,1.00,1.50
2016.11.18 11:57:27.221,0.95084,0.95102,1.00,1.00
2016.11.18 11:57:27.629,0.95082,0.95102,1.00,1.00
2016.11.18 11:57:27.779,0.9508,0.95102,1.00,1.00
2016.11.18 11:57:27.830,0.95078,0.95101,1.00,1.00
2016.11.18 11:57:28.131,0.95078,0.95097,1.00,1.00
2016.11.18 11:57:28.219,0.95078,0.95101,1.00,1.00
2016.11.18 11:57:28.327,0.9508,0.95103,1.00,1.00
2016.11.18 11:57:28.849,0.95079,0.95102,1.00,1.50
2016.11.18 11:57:29.351,0.95079,0.95097,1.00,1.00
2016.11.18 11:57:29.774,0.95075,0.95097,1.00,1.00
2016.11.18 11:57:29.874,0.95069,0.95097,1.00,1.00
2016.11.18 11:57:29.925,0.9507,0.95092,1.00,1.00
2016.11.18 11:57:30.474,0.95071,0.95093,1.00,1.00
2016.11.18 11:57:30.524,0.95069,0.95093,1.00,1.00
2016.11.18 11:57:30.625,0.95067,0.95087,1.50,1.00
2016.11.18 11:57:30.896,0.95063,0.95087,2.10,1.00
2016.11.18 11:57:31.047,0.95066,0.95093,1.00,1.00
2016.11.18 11:57:31.326,0.95066,0.95082,1.00,1.00
2016.11.18 11:57:31.545,0.95066,0.95087,1.00,1.00
2016.11.18 11:57:32.127,0.95063,0.95082,1.00,1.00
2016.11.18 11:57:32.178,0.9506,0.95082,1.00,1.00
2016.11.18 11:57:32.650,0.95059,0.95077,1.00,1.00
2016.11.18 11:57:33.159,0.95061,0.95082,1.00,1.00
2016.11.18 11:57:33.210,0.95059,0.95082,1.50,1.00
2016.11.18 11:57:33.260,0.95059,0.95077,1.50,1.00
2016.11.18 11:57:33.928,0.95059,0.95082,1.50,1.00
2016.11.18 11:57:34.028,0.95059,0.95078,1.50,1.00
2016.11.18 11:57:34.429,0.95059,0.95082,1.50,1.00
2016.11.18 11:57:35.163,0.9506,0.95082,1.00,1.00
2016.11.18 11:57:35.750,0.9506,0.95085,1.00,1.00
2016.11.18 11:57:39.082,0.95059,0.95084,1.00,1.00
2016.11.18 11:57:39.481,0.95059,0.95082,1.00,1.00
2016.11.18 11:57:43.049,0.95059,0.95084,1.00,1.00
2016.11.18 11:57:43.644,0.95059,0.95083,1.00,1.00
2016.11.18 11:57:45.493,0.95059,0.95082,1.00,1.00
2016.11.18 11:57:46.178,0.95059,0.95083,1.00,1.00
2016.11.18 11:57:46.228,0.95062,0.95085,1.00,1.00
2016.11.18 11:57:46.572,0.9506,0.95085,1.00,1.00
2016.11.18 11:57:46.673,0.9506,0.95082,1.00,1.00
2016.11.18 11:57:46.725,0.95064,0.95089,1.00,1.50
2016.11.18 11:57:47.652,0.95066,0.95089,1.00,1.00
2016.11.18 11:57:48.216,0.95066,0.95088,1.00,1.00
2016.11.18 11:57:48.869,0.95066,0.9509,1.00,1.00
2016.11.18 11:57:49.104,0.95065,0.95087,1.00,1.00
2016.11.18 11:57:49.560,0.95064,0.95092,1.00,1.00
2016.11.18 11:57:49.610,0.95068,0.95093,1.00,1.50
2016.11.18 11:57:49.919,0.95072,0.95097,1.00,1.50
2016.11.18 11:57:50.691,0.95072,0.95095,1.00,1.00
2016.11.18 11:57:51.003,0.95074,0.95097,1.00,1.00
2016.11.18 11:57:51.204,0.95072,0.95096,1.00,1.00
2016.11.18 11:57:52.012,0.95071,0.95097,1.00,1.00
2016.11.18 11:57:52.113,0.95074,0.95099,1.00,1.00
2016.11.18 11:57:52.314,0.95075,0.95101,1.00,1.00
2016.11.18 11:57:53.012,0.95075,0.951,1.00,1.00
2016.11.18 11:57:53.467,0.95068,0.95093,1.50,1.00
2016.11.18 11:57:53.894,0.95066,0.95088,1.00,1.00
2016.11.18 11:57:54.314,0.95068,0.95091,1.00,1.00
2016.11.18 11:57:54.860,0.95067,0.9509,1.00,1.00
2016.11.18 11:57:56.316,0.95067,0.95092,1.00,1.00
2016.11.18 11:57:56.367,0.95071,0.95094,1.00,1.00
2016.11.18 11:57:57.015,0.95068,0.95091,1.50,1.00
2016.11.18 11:57:57.358,0.95068,0.95093,1.00,1.00
2016.11.18 11:57:57.911,0.95068,0.95092,1.00,1.00
2016.11.18 11:57:58.766,0.95067,0.95092,1.00,1.50
2016.11.18 11:57:58.816,0.95067,0.9509,1.00,1.00
2016.11.18 11:57:59.369,0.95067,0.95087,1.00,1.00
2016.11.18 11:57:59.493,0.95064,0.95087,1.00,1.50
2016.11.18 11:58:01.634,0.95063,0.95086,1.00,1.00
2016.11.18 11:58:02.597,0.95063,0.95085,1.00,1.00
2016.11.18 11:58:02.885,0.95063,0.95087,1.00,1.00
2016.11.18 11:58:03.590,0.95064,0.95087,1.00,1.00
2016.11.18 11:58:05.221,0.95064,0.95089,1.00,1.00
2016.11.18 11:58:05.482,0.95064,0.95082,1.00,1.00
2016.11.18 11:58:06.330,0.95064,0.95087,1.00,1.00
2016.11.18 11:58:08.118,0.95067,0.95087,1.00,1.00
2016.11.18 11:58:17.029,0.95067,0.9509,1.00,1.00
2016.11.18 11:58:17.530,0.95066,0.9509,1.00,1.00
2016.11.18 11:58:17.881,0.95064,0.95089,1.00,1.00
2016.11.18 11:58:18.032,0.95063,0.95086,1.00,1.00
2016.11.18 11:58:18.583,0.95063,0.95085,1.00,1.00
2016.11.18 11:58:19.812,0.95067,0.95086,1.00,1.00
2016.11.18 11:58:19.963,0.95067,0.95091,1.00,1.00
2016.11.18 11:58:20.014,0.95071,0.95094,1.00,1.00
2016.11.18 11:58:20.114,0.95073,0.95097,1.00,1.00
2016.11.18 11:58:20.682,0.95072,0.95095,1.00,1.00
2016.11.18 11:58:20.812,0.9507,0.95095,1.00,1.00
2016.11.18 11:58:20.862,0.95068,0.95093,1.50,1.00
2016.11.18 11:58:21.289,0.95067,0.9509,1.50,1.00
2016.11.18 11:58:21.597,0.95069,0.95092,1.00,1.00
2016.11.18 11:58:23.698,0.95067,0.95089,1.50,1.00
2016.11.18 11:58:23.849,0.95068,0.95091,1.00,1.00
2016.11.18 11:58:23.964,0.95069,0.95094,1.00,1.00
2016.11.18 11:58:24.014,0.95068,0.95092,1.00,1.00
2016.11.18 11:58:24.610,0.95068,0.95088,1.00,1.00
2016.11.18 11:58:24.761,0.95064,0.95088,1.00,1.00
2016.11.18 11:58:25.599,0.95061,0.95087,1.00,1.00
2016.11.18 11:58:26.137,0.95061,0.95086,1.00,1.00
2016.11.18 11:58:27.663,0.9506,0.95084,1.00,1.00
2016.11.18 11:58:28.922,0.95063,0.95084,1.00,1.00
2016.11.18 11:58:29.923,0.9506,0.95084,1.00,1.00
2016.11.18 11:58:33.364,0.95058,0.95082,1.00,1.00
2016.11.18 11:58:33.414,0.95059,0.95084,1.00,1.00
2016.11.18 11:58:34.575,0.9506,0.95085,1.00,1.00
2016.11.18 11:58:35.478,0.95062,0.95085,1.00,1.00
2016.11.18 11:58:35.986,0.95061,0.95084,1.00,1.00
2016.11.18 11:58:36.793,0.95061,0.95083,1.00,1.00
2016.11.18 11:58:37.357,0.95063,0.95083,1.00,1.00
2016.11.18 11:58:38.442,0.95063,0.95084,1.00,1.00
2016.11.18 11:58:40.628,0.95059,0.95084,1.00,1.00
2016.11.18 11:58:41.340,0.95062,0.95084,1.00,1.00
2016.11.18 11:58:41.529,0.95059,0.95084,1.00,1.00
2016.11.18 11:58:42.346,0.95062,0.95084,1.00,1.00
2016.11.18 11:58:42.778,0.95063,0.95087,1.50,1.00
2016.11.18 11:58:42.929,0.95065,0.95088,1.00,1.00
2016.11.18 11:58:43.312,0.95063,0.95086,1.50,1.00
2016.11.18 11:58:44.410,0.95064,0.95087,1.00,1.00
2016.11.18 11:58:44.924,0.95063,0.95085,1.50,1.00
2016.11.18 11:58:47.910,0.95064,0.95087,1.00,1.00
2016.11.18 11:58:48.010,0.95065,0.9509,1.00,1.50
2016.11.18 11:58:48.161,0.95067,0.95091,1.00,1.00
2016.11.18 11:58:48.463,0.95065,0.95088,1.00,1.00
2016.11.18 11:58:49.093,0.95063,0.95088,1.50,1.00
2016.11.18 11:58:49.193,0.95063,0.95086,1.50,1.00
2016.11.18 11:58:51.324,0.95062,0.95085,1.50,1.00
2016.11.18 11:58:51.939,0.95063,0.95085,1.00,1.00
2016.11.18 11:58:54.300,0.95062,0.95085,1.50,1.00
2016.11.18 11:58:54.819,0.95063,0.95085,1.00,1.00
2016.11.18 11:58:55.353,0.95062,0.95085,1.50,1.00
2016.11.18 11:58:55.854,0.95063,0.95085,1.00,1.00
2016.11.18 11:58:56.756,0.95062,0.95085,1.50,1.00
2016.11.18 11:58:59.461,0.95063,0.95085,1.00,1.00
2016.11.18 11:58:59.963,0.95062,0.95085,1.00,1.00
2016.11.18 11:59:00.388,0.95063,0.95083,1.00,1.00
2016.11.18 11:59:00.464,0.9506,0.95083,1.00,1.00
2016.11.18 11:59:00.715,0.95063,0.95086,1.00,1.00
2016.11.18 11:59:01.237,0.95062,0.95085,1.00,1.00
2016.11.18 11:59:01.561,0.9506,0.95083,1.00,1.00
2016.11.18 11:59:01.883,0.95058,0.9508,1.50,1.00
2016.11.18 11:59:02.419,0.95057,0.9508,1.00,1.00
2016.11.18 11:59:02.938,0.95063,0.95086,1.00,1.00
2016.11.18 11:59:03.288,0.95066,0.95089,1.00,1.00
2016.11.18 11:59:03.844,0.95068,0.95091,1.00,1.00
2016.11.18 11:59:04.355,0.9507,0.95093,1.00,1.00
2016.11.18 11:59:05.079,0.95069,0.95092,1.00,1.00
2016.11.18 11:59:06.008,0.9507,0.95093,1.00,1.00
2016.11.18 11:59:06.339,0.95073,0.95093,1.00,1.00
2016.11.18 11:59:06.687,0.95068,0.95091,1.00,1.00
2016.11.18 11:59:08.281,0.95073,0.95091,1.00,1.00
2016.11.18 11:59:09.784,0.95072,0.95091,1.00,1.00
2016.11.18 11:59:10.480,0.95073,0.95091,1.00,1.00
2016.11.18 11:59:12.188,0.95068,0.95091,1.50,1.00
2016.11.18 11:59:12.712,0.95068,0.9509,1.00,1.00
2016.11.18 11:59:13.031,0.9507,0.95093,1.00,1.00
2016.11.18 11:59:13.501,0.95073,0.95094,1.00,1.00
2016.11.18 11:59:13.552,0.95073,0.95097,1.50,1.00
2016.11.18 11:59:14.897,0.95075,0.95097,1.00,1.00
2016.11.18 11:59:16.016,0.95074,0.95097,1.00,1.00
2016.11.18 11:59:16.528,0.95075,0.95098,1.00,1.00
2016.11.18 11:59:17.275,0.95073,0.95096,1.00,1.00
2016.11.18 11:59:17.519,0.95074,0.95099,1.00,1.00
2016.11.18 11:59:18.333,0.95074,0.95097,1.00,1.00
2016.11.18 11:59:18.434,0.95072,0.95097,1.00,1.00
2016.11.18 11:59:18.852,0.95071,0.95095,1.00,1.00
2016.11.18 11:59:19.444,0.95072,0.95095,1.00,1.00
2016.11.18 11:59:21.373,0.95072,0.95097,1.00,1.00
2016.11.18 11:59:22.414,0.95074,0.95097,1.00,1.00
2016.11.18 11:59:23.576,0.95072,0.95095,1.00,1.00
2016.11.18 11:59:24.159,0.95073,0.95096,1.00,1.00
2016.11.18 11:59:24.210,0.95073,0.95098,1.00,1.00
2016.11.18 11:59:24.310,0.95071,0.95096,1.00,1.00
2016.11.18 11:59:24.633,0.95073,0.95096,1.00,1.00
2016.11.18 11:59:24.947,0.95075,0.95097,1.00,1.00
2016.11.18 11:59:34.076,0.95076,0.95099,1.00,1.00
2016.11.18 11:59:35.123,0.95074,0.95099,1.00,1.00
2016.11.18 11:59:35.421,0.95076,0.95099,1.00,1.00
2016.11.18 11:59:35.773,0.95074,0.95099,1.00,1.00
2016.11.18 11:59:36.140,0.95077,0.95099,1.00,1.00
2016.11.18 11:59:36.361,0.95074,0.95099,1.00,1.00
2016.11.18 11:59:36.905,0.95076,0.95099,1.00,1.00
2016.11.18 11:59:37.239,0.95075,0.95097,1.00,1.00
2016.11.18 11:59:38.175,0.95078,0.95097,1.00,1.00
2016.11.18 11:59:38.331,0.9508,0.951,1.00,1.00
2016.11.18 11:59:38.382,0.95077,0.951,1.00,1.50
2016.11.18 11:59:38.583,0.95074,0.95098,1.50,1.00
2016.11.18 11:59:38.684,0.95078,0.95098,1.00,1.00
2016.11.18 11:59:38.746,0.95074,0.95098,1.50,1.00
2016.11.18 11:59:38.812,0.95077,0.95101,1.00,1.00
2016.11.18 11:59:39.305,0.9508,0.95104,1.00,1.00
2016.11.18 11:59:39.850,0.95082,0.95104,1.00,1.00
2016.11.18 11:59:39.957,0.95082,0.95108,1.00,1.00
2016.11.18 11:59:40.058,0.95089,0.9511,1.00,1.00
2016.11.18 11:59:40.158,0.95089,0.95115,1.00,1.00
2016.11.18 11:59:40.413,0.95087,0.95111,1.00,1.00
2016.11.18 11:59:40.564,0.95083,0.95108,1.00,1.00
2016.11.18 11:59:41.417,0.95083,0.9511,1.00,1.00
2016.11.18 11:59:42.144,0.95083,0.95107,1.00,1.00
2016.11.18 11:59:45.534,0.95084,0.95108,1.00,1.00
2016.11.18 11:59:45.940,0.95087,0.95111,1.00,1.00
2016.11.18 11:59:46.556,0.95084,0.9511,1.00,1.00
2016.11.18 11:59:46.657,0.95083,0.95102,1.00,1.00
2016.11.18 11:59:46.808,0.95078,0.95102,1.00,1.00
2016.11.18 11:59:47.310,0.95079,0.95104,1.00,1.00
2016.11.18 11:59:48.099,0.95078,0.95102,1.00,1.00
2016.11.18 11:59:49.102,0.95078,0.95103,1.00,1.00
2016.11.18 11:59:50.127,0.95078,0.95102,1.00,1.00
2016.11.18 11:59:52.651,0.95079,0.95102,1.00,1.00
2016.11.18 11:59:54.618,0.9508,0.95104,1.00,1.00
2016.11.18 11:59:54.820,0.95083,0.95104,1.00,1.00
2016.11.18 11:59:55.111,0.9508,0.95104,1.00,1.00
2016.11.18 11:59:55.726,0.9508,0.95105,1.00,1.00
2016.11.18 11:59:55.965,0.9508,0.95102,1.00,1.00
2016.11.18 11:59:57.026,0.95078,0.95103,1.50,1.00
2016.11.18 11:59:57.991,0.95078,0.95101,1.00,1.00
2016.11.18 11:59:58.758,0.9508,0.95104,1.00,1.00
2016.11.18 11:59:59.237,0.9508,0.95102,1.00,1.00
2016.11.18 11:59:59.767,0.95079,0.95103,1.00,1.00
