2016.11.10 21:00:00.048,0.97023,0.97053,0.75,1.50
2016.11.10 21:00:00.247,0.97023,0.97048,0.75,0.75
2016.11.10 21:00:00.399,0.97022,0.9705,0.75,0.75
2016.11.10 21:00:00.913,0.97021,0.97049,0.75,0.75
2016.11.10 21:00:00.964,0.97022,0.97052,0.75,1.50
2016.11.10 21:00:01.058,0.9703,0.97056,0.75,0.75
2016.11.10 21:00:01.159,0.9703,0.97062,0.75,0.75
2016.11.10 21:00:01.259,0.97028,0.97058,1.50,0.75
2016.11.10 21:00:01.360,0.97025,0.97057,0.75,0.75
2016.11.10 21:00:01.461,0.97022,0.97054,0.75,0.75
2016.11.10 21:00:01.796,0.97021,0.9705,0.75,0.75
2016.11.10 21:00:02.080,0.97022,0.97053,0.75,0.75
2016.11.10 21:00:02.140,0.97028,0.97053,0.75,0.75
2016.11.10 21:00:02.191,0.97028,0.97057,1.50,0.75
2016.11.10 21:00:02.380,0.97031,0.9706,0.75,0.75
2016.11.10 21:00:02.582,0.97037,0.97071,0.75,0.75
2016.11.10 21:00:02.683,0.97041,0.97072,0.75,0.75
2016.11.10 21:00:03.356,0.97043,0.97082,1.50,0.75
2016.11.10 21:00:03.457,0.97052,0.97081,0.75,0.75
2016.11.10 21:00:03.759,0.97049,0.9708,0.75,0.75
2016.11.10 21:00:04.074,0.97049,0.97078,0.75,0.75
2016.11.10 21:00:04.661,0.97046,0.97077,0.75,0.75
2016.11.10 21:00:05.047,0.97049,0.97078,0.75,0.75
2016.11.10 21:00:06.290,0.97048,0.97077,0.75,0.75
2016.11.10 21:00:06.865,0.97045,0.97076,0.75,0.75
2016.11.10 21:00:07.754,0.97046,0.97077,0.75,0.75
2016.11.10 21:00:10.395,0.97047,0.97075,0.75,0.75
2016.11.10 21:00:13.500,0.97048,0.97076,0.75,0.75
2016.11.10 21:00:13.559,0.97045,0.97075,0.75,0.75
2016.11.10 21:00:16.105,0.97047,0.97075,0.75,0.75
2016.11.10 21:00:16.614,0.97046,0.97074,0.75,0.75
2016.11.10 21:00:16.849,0.97044,0.97074,0.75,0.75
2016.11.10 21:00:17.380,0.97042,0.97074,1.50,0.75
2016.11.10 21:00:20.289,0.97041,0.97072,0.75,0.75
2016.11.10 21:00:22.272,0.97041,0.97073,0.75,0.75
2016.11.10 21:00:23.322,0.97042,0.97071,0.75,0.75
2016.11.10 21:00:23.574,0.9704,0.97071,1.50,0.75
2016.11.10 21:00:25.319,0.97041,0.97072,0.75,0.75
2016.11.10 21:00:26.123,0.97043,0.97071,0.75,0.75
2016.11.10 21:00:31.016,0.97041,0.97071,0.75,0.75
2016.11.10 21:00:31.596,0.9704,0.9707,0.75,0.75
2016.11.10 21:00:32.307,0.9704,0.97071,0.75,0.75
2016.11.10 21:00:32.407,0.97041,0.97069,0.75,0.75
2016.11.10 21:00:33.614,0.97039,0.97066,0.75,0.75
2016.11.10 21:00:34.213,0.97038,0.97065,0.75,0.75
2016.11.10 21:00:35.834,0.97038,0.97069,0.75,0.75
2016.11.10 21:00:35.908,0.9704,0.97067,0.75,0.75
2016.11.10 21:00:36.425,0.97041,0.97069,0.75,0.75
2016.11.10 21:00:37.021,0.9704,0.97068,0.75,0.75
2016.11.10 21:00:39.225,0.97043,0.97069,0.75,0.75
2016.11.10 21:00:39.335,0.97044,0.97072,0.75,0.75
2016.11.10 21:00:39.844,0.97044,0.97071,0.75,0.75
2016.11.10 21:00:40.046,0.97044,0.97076,0.75,0.75
2016.11.10 21:00:40.147,0.9705,0.97079,0.75,0.75
2016.11.10 21:00:40.348,0.97052,0.97082,0.75,0.75
2016.11.10 21:00:40.708,0.97053,0.97084,0.75,0.75
2016.11.10 21:00:40.809,0.97056,0.97085,0.75,0.75
2016.11.10 21:00:42.301,0.97055,0.97087,0.75,0.75
2016.11.10 21:00:42.425,0.97056,0.97085,0.75,0.75
2016.11.10 21:00:42.929,0.97056,0.97086,0.75,0.75
2016.11.10 21:00:44.634,0.97057,0.97087,0.75,0.75
2016.11.10 21:00:44.735,0.97053,0.97084,0.75,0.75
2016.11.10 21:00:44.835,0.9705,0.97083,0.75,0.75
2016.11.10 21:00:45.506,0.97054,0.97082,0.75,0.75
2016.11.10 21:00:46.249,0.97052,0.97082,0.75,0.75
2016.11.10 21:00:46.743,0.97053,0.9708,0.75,0.75
2016.11.10 21:00:46.844,0.97053,0.97082,0.75,0.75
2016.11.10 21:00:47.395,0.97054,0.97083,0.75,0.75
2016.11.10 21:00:47.556,0.97053,0.97081,0.75,0.75
2016.11.10 21:00:47.758,0.97051,0.97083,0.75,0.75
2016.11.10 21:00:48.259,0.9705,0.97084,0.75,0.75
2016.11.10 21:00:48.645,0.97048,0.97077,0.75,0.75
2016.11.10 21:00:48.979,0.97053,0.97082,0.75,0.75
2016.11.10 21:00:50.915,0.97053,0.97084,0.75,0.75
2016.11.10 21:00:51.473,0.97052,0.97083,0.75,0.75
2016.11.10 21:00:52.542,0.97053,0.97084,0.75,0.75
2016.11.10 21:00:53.123,0.97052,0.97083,0.75,0.75
2016.11.10 21:00:54.621,0.97054,0.97084,0.75,0.75
2016.11.10 21:00:54.949,0.97054,0.97082,0.75,0.75
2016.11.10 21:00:55.923,0.97053,0.97081,0.75,0.75
2016.11.10 21:00:56.147,0.97054,0.97083,0.75,0.75
2016.11.10 21:00:56.248,0.97054,0.97081,0.75,0.75
2016.11.10 21:01:00.531,0.97054,0.97082,0.75,0.75
2016.11.10 21:01:01.074,0.97054,0.97081,0.75,0.75
2016.11.10 21:01:01.533,0.97054,0.97083,0.75,0.75
2016.11.10 21:01:02.635,0.97053,0.97081,0.75,0.75
2016.11.10 21:01:02.935,0.97053,0.97083,0.75,0.75
2016.11.10 21:01:03.636,0.97052,0.97082,0.75,0.75
2016.11.10 21:01:03.936,0.97054,0.97082,0.75,0.75
2016.11.10 21:01:04.931,0.97049,0.97079,0.75,0.75
2016.11.10 21:01:05.883,0.97049,0.97077,0.75,0.75
2016.11.10 21:01:06.578,0.9705,0.97078,0.75,0.75
2016.11.10 21:01:07.050,0.97052,0.97079,0.75,0.75
2016.11.10 21:01:07.546,0.9705,0.97079,0.75,0.75
2016.11.10 21:01:08.643,0.97051,0.9708,0.75,0.75
2016.11.10 21:01:09.767,0.97055,0.97082,0.75,0.75
2016.11.10 21:01:10.446,0.97055,0.97084,0.75,0.75
2016.11.10 21:01:11.648,0.97053,0.97084,0.75,0.75
2016.11.10 21:01:11.969,0.97052,0.9708,0.75,0.75
2016.11.10 21:01:12.079,0.9705,0.97079,0.75,0.75
2016.11.10 21:01:13.777,0.97052,0.97078,0.75,0.75
2016.11.10 21:01:20.006,0.97051,0.9709,1.50,1.50
2016.11.10 21:01:20.081,0.97062,0.97092,0.75,0.75
2016.11.10 21:01:20.963,0.97064,0.97092,0.75,0.75
2016.11.10 21:01:21.631,0.97064,0.97093,0.75,0.75
2016.11.10 21:01:22.883,0.97064,0.97091,0.75,0.75
2016.11.10 21:01:25.472,0.97063,0.97091,0.75,0.75
2016.11.10 21:01:26.474,0.97063,0.9709,0.75,0.75
2016.11.10 21:01:26.897,0.97063,0.97092,0.75,0.75
2016.11.10 21:01:27.402,0.97065,0.9709,0.75,0.75
2016.11.10 21:01:27.911,0.97063,0.97091,0.75,0.75
2016.11.10 21:01:28.616,0.97064,0.9709,0.75,0.75
2016.11.10 21:01:28.899,0.97063,0.97092,0.75,0.75
2016.11.10 21:01:29.485,0.97064,0.97091,0.75,0.75
2016.11.10 21:01:32.735,0.97065,0.9709,0.75,0.75
2016.11.10 21:01:34.793,0.97066,0.97092,0.75,0.75
2016.11.10 21:01:35.035,0.97064,0.9709,0.75,0.75
2016.11.10 21:01:35.549,0.97064,0.97091,0.75,0.75
2016.11.10 21:01:36.070,0.97063,0.9709,0.75,0.75
2016.11.10 21:01:36.390,0.97065,0.9709,0.75,0.75
2016.11.10 21:01:37.909,0.97063,0.97091,0.75,0.75
2016.11.10 21:01:40.220,0.97065,0.97091,0.75,0.75
2016.11.10 21:01:40.422,0.97066,0.97093,0.75,0.75
2016.11.10 21:01:40.543,0.97069,0.97096,0.75,0.75
2016.11.10 21:01:40.844,0.97071,0.97098,0.75,0.75
2016.11.10 21:01:41.423,0.97069,0.97098,0.75,0.75
2016.11.10 21:01:47.254,0.9707,0.97098,0.75,0.75
2016.11.10 21:01:47.512,0.97066,0.97098,0.75,0.75
2016.11.10 21:01:47.727,0.9707,0.97099,0.75,0.75
2016.11.10 21:01:48.512,0.97068,0.97097,0.75,0.75
2016.11.10 21:01:49.958,0.9707,0.97097,0.75,0.75
2016.11.10 21:01:50.494,0.97069,0.97097,0.75,0.75
2016.11.10 21:01:52.416,0.97069,0.97098,0.75,0.75
2016.11.10 21:01:53.018,0.97069,0.97096,0.75,0.75
2016.11.10 21:01:54.221,0.97069,0.97097,0.75,0.75
2016.11.10 21:01:54.722,0.97069,0.97096,0.75,0.75
2016.11.10 21:01:55.268,0.9707,0.97097,0.75,0.75
2016.11.10 21:01:56.127,0.97069,0.97096,0.75,0.75
2016.11.10 21:01:56.435,0.97069,0.97098,0.75,0.75
2016.11.10 21:01:56.644,0.97067,0.97095,0.75,0.75
2016.11.10 21:01:56.745,0.97066,0.97098,0.75,0.75
2016.11.10 21:01:56.930,0.97068,0.97097,0.75,0.75
2016.11.10 21:01:57.147,0.97066,0.97097,0.75,0.75
2016.11.10 21:01:57.232,0.97068,0.97097,0.75,0.75
2016.11.10 21:01:57.433,0.97066,0.97097,0.75,0.75
2016.11.10 21:01:57.817,0.97069,0.97096,0.75,0.75
2016.11.10 21:01:58.535,0.97067,0.97097,0.75,0.75
2016.11.10 21:01:59.338,0.97067,0.97096,0.75,0.75
2016.11.10 21:02:00.069,0.97067,0.97097,0.75,0.75
2016.11.10 21:02:02.369,0.97065,0.97097,0.75,0.75
2016.11.10 21:02:02.470,0.97065,0.97092,0.75,0.75
2016.11.10 21:02:02.809,0.97063,0.9709,0.75,0.75
2016.11.10 21:02:05.082,0.97065,0.97094,0.75,0.75
2016.11.10 21:02:06.103,0.97065,0.97095,0.75,0.75
2016.11.10 21:02:06.671,0.97066,0.97095,0.75,0.75
2016.11.10 21:02:07.278,0.97065,0.97095,0.75,0.75
2016.11.10 21:02:08.066,0.97065,0.97096,0.75,0.75
2016.11.10 21:02:22.494,0.97065,0.97097,0.75,0.75
2016.11.10 21:02:23.517,0.97066,0.97095,0.75,0.75
2016.11.10 21:02:25.680,0.97065,0.97096,0.75,0.75
2016.11.10 21:02:27.160,0.97064,0.97096,0.75,0.75
2016.11.10 21:02:28.932,0.97068,0.97095,0.75,0.75
2016.11.10 21:02:31.628,0.97067,0.97098,0.75,0.75
2016.11.10 21:02:32.431,0.97068,0.97096,0.75,0.75
2016.11.10 21:02:32.945,0.97069,0.97095,0.75,0.75
2016.11.10 21:02:33.334,0.97068,0.97098,0.75,0.75
2016.11.10 21:02:33.547,0.97067,0.97096,0.75,0.75
2016.11.10 21:02:34.740,0.97068,0.97097,0.75,0.75
2016.11.10 21:02:35.481,0.97065,0.97096,0.75,0.75
2016.11.10 21:02:35.644,0.97068,0.97095,0.75,0.75
2016.11.10 21:02:36.168,0.97067,0.97096,0.75,0.75
2016.11.10 21:02:36.876,0.97065,0.97096,0.75,0.75
2016.11.10 21:02:37.271,0.97067,0.97096,0.75,0.75
2016.11.10 21:02:38.587,0.97068,0.97095,0.75,0.75
2016.11.10 21:02:38.988,0.97066,0.97097,0.75,0.75
2016.11.10 21:02:39.491,0.97066,0.97096,0.75,0.75
2016.11.10 21:02:40.125,0.97066,0.97095,0.75,0.75
2016.11.10 21:02:40.716,0.97067,0.97095,0.75,0.75
2016.11.10 21:02:41.320,0.97067,0.97096,0.75,0.75
2016.11.10 21:02:41.569,0.97065,0.97096,0.75,0.75
2016.11.10 21:02:52.634,0.97067,0.97095,0.75,0.75
2016.11.10 21:02:55.065,0.97068,0.97095,0.75,0.75
2016.11.10 21:02:57.834,0.9706,0.97087,0.75,0.75
2016.11.10 21:02:58.153,0.97053,0.9708,0.75,0.75
2016.11.10 21:02:58.828,0.97051,0.9708,0.75,0.75
2016.11.10 21:03:00.677,0.97052,0.97081,0.75,0.75
2016.11.10 21:03:02.283,0.97053,0.97082,0.75,0.75
2016.11.10 21:03:02.342,0.97053,0.9708,0.75,0.75
2016.11.10 21:03:03.447,0.97054,0.97081,0.75,0.75
2016.11.10 21:03:03.697,0.97051,0.9708,0.75,0.75
2016.11.10 21:03:04.653,0.9705,0.9708,0.75,0.75
2016.11.10 21:03:05.005,0.97052,0.97081,0.75,0.75
2016.11.10 21:03:05.577,0.97052,0.97079,0.75,0.75
2016.11.10 21:03:06.890,0.97053,0.9708,0.75,0.75
2016.11.10 21:03:07.117,0.97051,0.9708,0.75,0.75
2016.11.10 21:03:08.075,0.9705,0.9708,0.75,0.75
2016.11.10 21:03:08.473,0.97053,0.97078,0.75,0.75
2016.11.10 21:03:08.989,0.97053,0.9708,0.75,0.75
2016.11.10 21:03:09.076,0.97051,0.9708,0.75,0.75
2016.11.10 21:03:10.117,0.97052,0.97079,0.75,0.75
2016.11.10 21:03:10.860,0.97051,0.9708,0.75,0.75
2016.11.10 21:03:11.393,0.97052,0.97079,0.75,0.75
2016.11.10 21:03:11.801,0.97052,0.97081,0.75,0.75
2016.11.10 21:03:11.902,0.97052,0.97079,0.75,0.75
2016.11.10 21:03:13.403,0.97052,0.97081,0.75,0.75
2016.11.10 21:03:13.806,0.97052,0.97079,0.75,0.75
2016.11.10 21:03:14.409,0.97052,0.97081,0.75,0.75
2016.11.10 21:03:14.542,0.97052,0.97079,0.75,0.75
2016.11.10 21:03:16.316,0.97053,0.9708,0.75,0.75
2016.11.10 21:03:16.855,0.97052,0.97079,0.75,0.75
2016.11.10 21:03:17.417,0.97053,0.9708,0.75,0.75
2016.11.10 21:03:18.018,0.97052,0.97079,0.75,0.75
2016.11.10 21:03:19.142,0.97053,0.9708,0.75,0.75
2016.11.10 21:03:19.966,0.97054,0.97081,0.75,0.75
2016.11.10 21:03:20.023,0.97058,0.97087,0.75,0.75
2016.11.10 21:03:20.597,0.97059,0.97088,0.75,0.75
2016.11.10 21:03:22.659,0.97059,0.97089,0.75,0.75
2016.11.10 21:03:23.190,0.97058,0.97088,0.75,0.75
2016.11.10 21:03:23.972,0.97059,0.97089,0.75,0.75
2016.11.10 21:03:24.641,0.97059,0.97091,0.75,0.75
2016.11.10 21:03:25.768,0.97058,0.97091,1.50,0.75
2016.11.10 21:03:26.442,0.9706,0.9709,0.75,0.75
2016.11.10 21:03:33.381,0.97059,0.97091,0.75,0.75
2016.11.10 21:03:33.757,0.97058,0.97089,0.75,0.75
2016.11.10 21:03:34.464,0.97059,0.97091,0.75,0.75
2016.11.10 21:03:37.997,0.97055,0.97086,0.75,0.75
2016.11.10 21:03:38.058,0.97055,0.97089,1.50,0.75
2016.11.10 21:03:38.447,0.97055,0.97087,0.75,0.75
2016.11.10 21:03:38.749,0.97046,0.97076,0.75,0.75
2016.11.10 21:03:39.473,0.97047,0.97077,0.75,0.75
2016.11.10 21:03:41.263,0.97049,0.97077,0.75,0.75
2016.11.10 21:03:43.565,0.97049,0.97076,0.75,0.75
2016.11.10 21:03:44.878,0.97049,0.97077,0.75,0.75
2016.11.10 21:03:45.493,0.97048,0.97077,0.75,0.75
2016.11.10 21:03:48.873,0.97048,0.97076,0.75,0.75
2016.11.10 21:03:49.574,0.97049,0.97076,0.75,0.75
2016.11.10 21:03:52.986,0.97049,0.97077,0.75,0.75
2016.11.10 21:03:53.983,0.97049,0.97078,0.75,0.75
2016.11.10 21:03:55.785,0.97049,0.97077,0.75,0.75
2016.11.10 21:03:56.786,0.9705,0.97077,0.75,0.75
2016.11.10 21:03:58.422,0.97052,0.97078,0.75,0.75
2016.11.10 21:03:58.489,0.9705,0.97077,0.75,0.75
2016.11.10 21:03:59.436,0.97045,0.97077,0.75,0.75
2016.11.10 21:04:01.517,0.97045,0.97074,0.75,0.75
2016.11.10 21:04:01.719,0.97041,0.97074,0.75,0.75
2016.11.10 21:04:01.820,0.9704,0.97071,1.50,0.75
2016.11.10 21:04:02.304,0.97043,0.97071,0.75,0.75
2016.11.10 21:04:02.850,0.97043,0.97072,0.75,0.75
2016.11.10 21:04:03.247,0.97043,0.9707,1.00,1.00
2016.11.10 21:04:03.781,0.97043,0.97071,1.00,1.00
2016.11.10 21:04:03.938,0.97043,0.97075,1.50,1.00
2016.11.10 21:04:04.018,0.97045,0.97077,1.00,1.50
2016.11.10 21:04:04.219,0.97044,0.9708,1.00,1.00
2016.11.10 21:04:04.320,0.97048,0.97079,1.00,1.00
2016.11.10 21:04:04.421,0.97049,0.97082,1.00,1.00
2016.11.10 21:04:04.521,0.97051,0.97084,1.00,1.00
2016.11.10 21:04:05.203,0.97053,0.97084,1.00,1.00
2016.11.10 21:04:05.304,0.97051,0.97084,1.00,1.00
2016.11.10 21:04:05.747,0.97051,0.97087,1.00,1.00
2016.11.10 21:04:06.005,0.97054,0.97086,1.00,1.00
2016.11.10 21:04:06.547,0.97056,0.97086,1.00,1.00
2016.11.10 21:04:06.807,0.97052,0.97086,1.00,1.00
2016.11.10 21:04:06.928,0.97056,0.97086,1.00,1.00
2016.11.10 21:04:07.262,0.97061,0.9709,1.00,1.00
2016.11.10 21:04:07.935,0.97062,0.97091,1.00,1.00
2016.11.10 21:04:11.037,0.97059,0.9709,1.00,1.00
2016.11.10 21:04:11.750,0.97058,0.9709,1.00,1.00
2016.11.10 21:04:17.073,0.97057,0.97088,1.00,1.00
2016.11.10 21:04:17.848,0.97055,0.97083,1.00,1.00
2016.11.10 21:04:18.049,0.97053,0.97083,1.00,1.00
2016.11.10 21:04:22.773,0.97052,0.97085,1.00,1.00
2016.11.10 21:04:23.241,0.97055,0.97084,1.00,1.00
2016.11.10 21:04:24.244,0.97054,0.97086,1.00,1.00
2016.11.10 21:04:25.849,0.97055,0.97084,1.00,1.00
2016.11.10 21:04:37.675,0.97052,0.97085,1.00,1.00
2016.11.10 21:04:37.776,0.97054,0.97083,1.00,1.00
2016.11.10 21:04:38.571,0.97055,0.97084,1.00,1.00
2016.11.10 21:04:40.874,0.97054,0.97084,1.00,1.00
2016.11.10 21:04:49.407,0.97056,0.97086,1.00,1.00
2016.11.10 21:04:49.719,0.97064,0.97092,1.00,1.00
2016.11.10 21:04:50.152,0.97067,0.97093,1.00,1.00
2016.11.10 21:04:50.338,0.97067,0.97097,1.00,1.00
2016.11.10 21:04:50.448,0.97067,0.97092,1.00,1.00
2016.11.10 21:04:50.549,0.97067,0.97097,1.00,1.50
2016.11.10 21:04:52.413,0.97066,0.97096,1.50,1.00
2016.11.10 21:04:52.514,0.97069,0.97097,1.00,1.00
2016.11.10 21:04:52.715,0.9707,0.97101,1.00,1.00
2016.11.10 21:04:52.824,0.9707,0.97103,1.50,1.50
2016.11.10 21:04:55.896,0.97071,0.97101,1.00,1.00
2016.11.10 21:05:04.328,0.97071,0.97097,1.00,1.00
2016.11.10 21:05:04.442,0.97071,0.97101,1.00,1.00
2016.11.10 21:05:04.945,0.9707,0.97102,1.00,1.50
2016.11.10 21:05:05.869,0.9707,0.97098,1.00,1.00
2016.11.10 21:05:05.970,0.97073,0.97106,1.00,1.00
2016.11.10 21:05:06.021,0.97078,0.97107,1.00,1.00
2016.11.10 21:05:06.172,0.97078,0.9711,1.00,1.00
2016.11.10 21:05:07.361,0.97077,0.97111,1.00,1.00
2016.11.10 21:05:07.461,0.97077,0.97108,1.00,1.00
2016.11.10 21:05:08.422,0.97077,0.97109,1.00,1.00
2016.11.10 21:05:10.055,0.97078,0.97109,1.00,1.00
2016.11.10 21:05:10.979,0.97078,0.97108,1.00,1.00
2016.11.10 21:05:11.655,0.97079,0.97107,1.00,1.00
2016.11.10 21:05:11.840,0.97079,0.9711,1.00,1.00
2016.11.10 21:05:12.367,0.97077,0.9711,1.50,1.00
2016.11.10 21:05:12.842,0.97077,0.97107,1.50,1.00
2016.11.10 21:05:13.254,0.9708,0.97112,1.00,1.00
2016.11.10 21:05:13.593,0.97079,0.97108,1.00,1.00
2016.11.10 21:05:14.238,0.97078,0.97108,1.00,1.00
2016.11.10 21:05:15.245,0.97078,0.97107,1.00,1.00
2016.11.10 21:05:16.146,0.97078,0.97108,1.00,1.00
2016.11.10 21:05:16.679,0.97078,0.97107,1.00,1.00
2016.11.10 21:05:17.844,0.97077,0.97107,1.50,1.00
2016.11.10 21:05:18.875,0.97077,0.97108,1.50,1.00
2016.11.10 21:05:19.487,0.97077,0.97107,1.50,1.00
2016.11.10 21:05:20.309,0.97077,0.97108,1.50,1.00
2016.11.10 21:05:20.653,0.97087,0.97112,1.00,1.00
2016.11.10 21:05:20.968,0.97087,0.97117,1.00,1.00
2016.11.10 21:05:21.504,0.97088,0.97117,1.00,1.00
2016.11.10 21:05:24.957,0.97088,0.97118,1.00,1.00
2016.11.10 21:05:25.998,0.97088,0.97117,1.50,1.00
2016.11.10 21:05:26.687,0.97088,0.97118,1.50,1.00
2016.11.10 21:05:28.877,0.97088,0.97117,1.50,1.00
2016.11.10 21:05:32.366,0.97088,0.97118,1.50,1.00
2016.11.10 21:05:34.387,0.97088,0.97117,1.50,1.00
2016.11.10 21:05:36.270,0.97088,0.97118,1.00,1.00
2016.11.10 21:05:36.371,0.9709,0.97117,1.00,1.00
2016.11.10 21:05:36.710,0.9709,0.97122,1.50,1.00
2016.11.10 21:05:39.006,0.9709,0.97123,1.50,1.00
2016.11.10 21:05:39.074,0.9709,0.97117,1.50,1.00
2016.11.10 21:05:39.174,0.97092,0.97122,1.00,1.00
2016.11.10 21:05:41.495,0.97094,0.97122,1.00,1.00
2016.11.10 21:05:43.681,0.97094,0.97123,1.00,1.00
2016.11.10 21:05:46.885,0.97094,0.97125,1.00,1.00
2016.11.10 21:05:52.916,0.97092,0.97127,1.00,1.50
2016.11.10 21:05:53.192,0.97092,0.97122,1.00,1.00
2016.11.10 21:05:56.018,0.97091,0.97122,1.00,1.00
2016.11.10 21:05:59.826,0.97088,0.97122,1.50,1.00
2016.11.10 21:06:00.327,0.97091,0.97121,1.00,1.00
2016.11.10 21:06:01.018,0.97088,0.97123,1.00,1.00
2016.11.10 21:06:01.069,0.97089,0.97117,1.00,1.00
2016.11.10 21:06:01.170,0.97085,0.97115,1.00,1.00
2016.11.10 21:06:01.371,0.97087,0.97116,1.00,1.00
2016.11.10 21:06:02.076,0.97087,0.97117,1.00,1.00
2016.11.10 21:06:02.379,0.97089,0.97121,1.00,1.00
2016.11.10 21:06:03.064,0.97092,0.97121,1.00,1.00
2016.11.10 21:06:03.381,0.97093,0.97124,1.00,1.00
2016.11.10 21:06:07.115,0.97092,0.97124,1.00,1.00
2016.11.10 21:06:07.942,0.97093,0.97124,1.00,1.00
2016.11.10 21:06:09.960,0.97089,0.97125,1.00,1.00
2016.11.10 21:06:10.061,0.97089,0.9712,1.00,1.00
2016.11.10 21:06:10.411,0.97089,0.97117,1.00,1.00
2016.11.10 21:06:10.461,0.97089,0.97119,1.00,1.00
2016.11.10 21:06:10.562,0.97089,0.97121,1.00,1.00
2016.11.10 21:06:10.949,0.97091,0.97121,1.00,1.00
2016.11.10 21:06:11.482,0.97091,0.97122,1.00,1.00
2016.11.10 21:06:12.078,0.97092,0.97122,1.00,1.00
2016.11.10 21:06:12.799,0.97094,0.97123,1.00,1.00
2016.11.10 21:06:14.771,0.97095,0.97123,1.00,1.00
2016.11.10 21:06:17.570,0.97096,0.97125,1.00,1.00
2016.11.10 21:06:17.671,0.97096,0.97127,1.00,1.00
2016.11.10 21:06:19.673,0.97098,0.97126,1.00,1.00
2016.11.10 21:06:21.295,0.97095,0.97126,1.50,1.00
2016.11.10 21:06:22.976,0.97096,0.97124,1.00,1.00
2016.11.10 21:06:23.508,0.97097,0.97128,1.00,1.00
2016.11.10 21:06:23.609,0.97099,0.97129,1.00,1.00
2016.11.10 21:06:23.995,0.97098,0.97127,1.00,1.00
2016.11.10 21:06:24.976,0.971,0.9713,1.00,1.00
2016.11.10 21:06:26.078,0.97102,0.97129,1.00,1.00
2016.11.10 21:06:27.120,0.971,0.97129,1.00,1.00
2016.11.10 21:06:29.785,0.97098,0.97129,1.50,1.00
2016.11.10 21:06:29.886,0.971,0.97129,1.00,1.00
2016.11.10 21:06:32.411,0.97101,0.9713,1.00,1.00
2016.11.10 21:06:36.141,0.97111,0.97137,1.00,1.00
2016.11.10 21:06:36.463,0.97112,0.97141,1.00,1.00
2016.11.10 21:06:38.501,0.97113,0.97142,1.00,1.50
2016.11.10 21:06:41.107,0.97114,0.9714,1.00,1.00
2016.11.10 21:07:06.061,0.97115,0.97141,1.00,1.00
2016.11.10 21:07:09.178,0.97112,0.97138,1.00,1.00
2016.11.10 21:07:09.812,0.97114,0.9714,1.00,1.00
2016.11.10 21:07:10.351,0.97115,0.97141,1.00,1.00
2016.11.10 21:07:11.187,0.97114,0.97143,1.00,1.00
2016.11.10 21:07:21.123,0.97114,0.9714,1.00,1.00
2016.11.10 21:07:26.740,0.97115,0.97141,1.00,1.00
2016.11.10 21:07:32.617,0.97112,0.97138,1.00,1.00
2016.11.10 21:07:33.723,0.97113,0.97139,1.00,1.00
2016.11.10 21:07:34.113,0.97115,0.97141,1.00,1.00
2016.11.10 21:07:34.244,0.97114,0.97143,1.00,1.00
2016.11.10 21:07:38.619,0.97116,0.97142,1.00,1.00
2016.11.10 21:07:42.562,0.97115,0.97144,1.00,1.00
2016.11.10 21:07:46.378,0.97121,0.97147,1.00,1.00
2016.11.10 21:07:47.382,0.97121,0.97148,1.00,1.00
2016.11.10 21:07:53.143,0.97121,0.97147,1.00,1.00
2016.11.10 21:07:53.670,0.9712,0.97146,1.00,1.00
2016.11.10 21:07:54.590,0.97119,0.97146,1.00,1.00
2016.11.10 21:07:55.138,0.97118,0.97145,1.00,1.00
2016.11.10 21:08:01.168,0.97118,0.97147,1.00,1.00
2016.11.10 21:08:01.818,0.97117,0.97146,1.00,1.00
2016.11.10 21:08:05.768,0.97119,0.97145,1.00,1.00
2016.11.10 21:08:08.673,0.9712,0.97147,1.00,1.00
2016.11.10 21:08:08.997,0.97114,0.97148,1.50,1.00
2016.11.10 21:08:09.105,0.97114,0.97141,1.00,1.00
2016.11.10 21:08:09.438,0.97111,0.97137,1.00,1.00
2016.11.10 21:08:10.077,0.97111,0.97138,1.00,1.00
2016.11.10 21:08:10.752,0.97111,0.97139,1.00,1.00
2016.11.10 21:08:11.267,0.9711,0.97137,1.00,1.00
2016.11.10 21:08:11.318,0.97106,0.97134,1.00,1.00
2016.11.10 21:08:11.419,0.97105,0.97138,1.00,1.00
2016.11.10 21:08:11.602,0.97107,0.97136,1.00,1.00
2016.11.10 21:08:12.503,0.97108,0.97137,1.00,1.00
2016.11.10 21:08:13.405,0.97106,0.97134,1.00,1.00
2016.11.10 21:08:13.506,0.97104,0.97133,1.00,1.50
2016.11.10 21:08:13.606,0.97101,0.97132,1.00,1.00
2016.11.10 21:08:14.156,0.97101,0.97133,1.00,1.00
2016.11.10 21:08:14.489,0.97104,0.97134,1.00,1.00
2016.11.10 21:08:14.842,0.97106,0.97136,1.00,1.00
2016.11.10 21:08:15.590,0.97107,0.97137,1.00,1.50
2016.11.10 21:08:21.400,0.97108,0.97136,1.00,1.00
2016.11.10 21:08:23.200,0.97109,0.97135,1.00,1.00
2016.11.10 21:08:23.712,0.97108,0.97134,1.00,1.00
2016.11.10 21:08:26.811,0.97108,0.97137,1.00,1.00
2016.11.10 21:08:36.045,0.97109,0.97137,1.00,1.50
2016.11.10 21:08:38.238,0.97108,0.97137,1.00,1.00
2016.11.10 21:08:39.319,0.97109,0.97136,1.00,1.00
2016.11.10 21:08:41.844,0.97107,0.97136,1.00,1.00
2016.11.10 21:08:45.251,0.97108,0.97137,1.00,1.00
2016.11.10 21:08:53.766,0.97108,0.97136,1.00,1.00
2016.11.10 21:09:00.211,0.97108,0.97132,1.00,1.00
2016.11.10 21:09:02.312,0.97108,0.97133,1.00,1.00
2016.11.10 21:09:04.415,0.97108,0.97132,1.00,1.00
2016.11.10 21:09:05.609,0.97106,0.97132,1.00,1.00
2016.11.10 21:09:07.592,0.97107,0.97132,1.00,1.00
2016.11.10 21:09:08.592,0.97106,0.97132,1.00,1.00
2016.11.10 21:09:11.097,0.97108,0.97132,1.00,1.00
2016.11.10 21:09:18.628,0.97108,0.97133,1.00,1.00
2016.11.10 21:09:19.274,0.97108,0.97132,1.00,1.00
2016.11.10 21:09:19.325,0.97104,0.97132,1.00,1.50
2016.11.10 21:09:20.731,0.97107,0.97135,1.00,1.00
2016.11.10 21:09:21.033,0.9711,0.97133,1.00,1.00
2016.11.10 21:09:21.134,0.9711,0.97138,1.00,1.50
2016.11.10 21:09:22.243,0.9711,0.97137,1.00,1.00
2016.11.10 21:09:23.344,0.97109,0.97137,1.00,1.00
2016.11.10 21:09:25.536,0.97109,0.97138,1.00,1.50
2016.11.10 21:09:26.924,0.97109,0.97136,1.00,1.00
2016.11.10 21:09:46.470,0.9711,0.97139,1.00,1.00
2016.11.10 21:09:47.195,0.97111,0.97139,1.00,1.00
2016.11.10 21:09:53.366,0.97112,0.97139,1.00,1.00
2016.11.10 21:09:54.170,0.97112,0.97141,1.00,1.00
2016.11.10 21:09:54.771,0.97113,0.97142,1.00,1.00
2016.11.10 21:09:55.171,0.97115,0.97141,1.00,1.00
2016.11.10 21:09:56.514,0.97115,0.97142,1.00,1.00
2016.11.10 21:09:57.478,0.97116,0.97142,1.00,1.00
2016.11.10 21:10:07.207,0.97117,0.97143,1.00,1.00
2016.11.10 21:10:08.222,0.97115,0.97143,1.00,1.00
2016.11.10 21:10:09.331,0.97115,0.97142,1.00,1.00
2016.11.10 21:10:11.499,0.97116,0.97142,1.00,1.00
2016.11.10 21:10:18.935,0.97115,0.97141,1.00,1.00
2016.11.10 21:10:19.036,0.97113,0.97141,1.00,1.00
2016.11.10 21:10:22.257,0.97111,0.97139,1.00,1.00
2016.11.10 21:10:23.168,0.97114,0.9714,1.00,1.00
2016.11.10 21:10:25.025,0.97113,0.97141,1.00,1.00
2016.11.10 21:10:28.764,0.97109,0.97142,1.50,1.00
2016.11.10 21:10:28.815,0.97109,0.97145,1.50,1.00
2016.11.10 21:10:28.865,0.97109,0.97138,1.50,1.00
2016.11.10 21:10:29.167,0.97109,0.97135,1.00,1.00
2016.11.10 21:10:29.477,0.97107,0.97133,1.00,1.00
2016.11.10 21:10:29.664,0.97108,0.97136,1.00,1.00
2016.11.10 21:10:35.039,0.9711,0.97136,1.00,1.00
2016.11.10 21:10:35.140,0.97107,0.97136,1.00,1.00
2016.11.10 21:10:38.478,0.97108,0.97134,1.00,1.00
2016.11.10 21:10:41.650,0.97107,0.97134,1.00,1.00
2016.11.10 21:10:50.201,0.97106,0.97134,1.00,1.00
2016.11.10 21:10:51.966,0.97105,0.97133,1.00,1.00
2016.11.10 21:10:52.657,0.97106,0.97134,1.00,1.00
2016.11.10 21:10:53.068,0.97104,0.97134,1.50,1.00
2016.11.10 21:10:54.070,0.97104,0.97137,1.50,1.50
2016.11.10 21:10:54.180,0.97106,0.97134,1.00,1.00
2016.11.10 21:10:54.582,0.97106,0.97132,1.00,1.00
2016.11.10 21:10:55.092,0.97103,0.97132,1.00,1.00
2016.11.10 21:10:55.295,0.97105,0.97132,1.00,1.00
2016.11.10 21:10:55.575,0.97103,0.97132,1.50,1.00
2016.11.10 21:10:56.103,0.97104,0.97133,1.00,1.00
2016.11.10 21:10:57.177,0.97106,0.97132,1.00,1.00
2016.11.10 21:11:02.586,0.97107,0.97132,1.00,1.00
2016.11.10 21:11:03.151,0.97107,0.97134,1.00,1.00
2016.11.10 21:11:04.534,0.97107,0.97133,1.00,1.00
2016.11.10 21:11:05.390,0.97108,0.97133,1.00,1.00
2016.11.10 21:11:05.943,0.97107,0.97132,1.00,1.00
2016.11.10 21:11:06.555,0.97107,0.97134,1.00,1.00
2016.11.10 21:11:07.066,0.97107,0.97133,1.00,1.00
2016.11.10 21:11:07.217,0.97109,0.97136,1.00,1.00
2016.11.10 21:11:07.318,0.97112,0.97137,1.00,1.00
2016.11.10 21:11:07.368,0.97112,0.9714,1.00,1.00
2016.11.10 21:11:07.498,0.97112,0.97142,1.00,1.00
2016.11.10 21:11:08.195,0.97115,0.97142,1.00,1.50
2016.11.10 21:11:12.201,0.97113,0.97142,1.00,1.00
2016.11.10 21:11:13.279,0.97113,0.97143,1.00,1.50
2016.11.10 21:11:13.864,0.97113,0.97137,1.00,1.00
2016.11.10 21:11:14.294,0.97113,0.97142,1.00,1.00
2016.11.10 21:11:14.913,0.97116,0.97142,1.00,1.50
2016.11.10 21:11:15.232,0.97114,0.97138,1.00,1.00
2016.11.10 21:11:16.302,0.97114,0.9714,1.00,1.00
2016.11.10 21:11:16.688,0.97114,0.97138,1.00,1.00
2016.11.10 21:11:18.169,0.97114,0.9714,1.00,1.00
2016.11.10 21:11:22.449,0.97111,0.97142,1.00,1.50
2016.11.10 21:11:22.500,0.97111,0.97138,1.00,1.00
2016.11.10 21:11:23.075,0.9711,0.97138,1.00,1.00
2016.11.10 21:11:23.923,0.97112,0.97138,1.00,1.50
2016.11.10 21:11:24.474,0.97112,0.97137,1.00,1.00
2016.11.10 21:11:24.981,0.97111,0.97137,1.00,1.00
2016.11.10 21:11:26.126,0.97111,0.9714,1.00,1.00
2016.11.10 21:11:27.219,0.97111,0.97138,1.00,1.00
2016.11.10 21:11:27.775,0.97112,0.97138,1.00,1.50
2016.11.10 21:11:28.392,0.97111,0.97138,1.00,1.00
2016.11.10 21:11:29.259,0.97111,0.97139,1.00,1.00
2016.11.10 21:11:29.562,0.97111,0.97137,1.00,1.00
2016.11.10 21:11:32.946,0.9711,0.97137,1.00,1.00
2016.11.10 21:11:33.488,0.9711,0.97132,1.00,1.00
2016.11.10 21:11:39.184,0.97109,0.97132,1.00,1.00
2016.11.10 21:11:39.620,0.97109,0.97138,1.00,1.50
2016.11.10 21:11:42.265,0.9711,0.97138,1.00,1.00
2016.11.10 21:11:46.207,0.97109,0.97138,1.00,1.00
2016.11.10 21:11:48.491,0.97109,0.97136,1.00,1.00
2016.11.10 21:11:50.320,0.97109,0.97138,1.00,1.00
2016.11.10 21:11:50.956,0.97108,0.97138,1.00,1.50
2016.11.10 21:11:52.720,0.97109,0.97138,1.00,1.50
2016.11.10 21:11:53.710,0.97108,0.97138,1.00,1.50
2016.11.10 21:11:54.320,0.97108,0.97137,1.00,1.00
2016.11.10 21:11:54.980,0.97107,0.97137,1.00,1.00
2016.11.10 21:11:55.188,0.9711,0.97137,1.00,1.00
2016.11.10 21:12:00.109,0.97111,0.97137,1.00,1.00
2016.11.10 21:12:00.643,0.9711,0.97137,1.00,1.00
2016.11.10 21:12:01.415,0.9711,0.97138,1.00,1.00
2016.11.10 21:12:03.243,0.9711,0.97132,1.00,1.00
2016.11.10 21:12:03.894,0.97109,0.97132,1.00,1.00
2016.11.10 21:12:04.045,0.97109,0.97137,1.00,1.50
2016.11.10 21:12:04.304,0.97111,0.97137,1.00,1.50
2016.11.10 21:12:08.713,0.9711,0.97137,1.00,1.50
2016.11.10 21:12:12.757,0.97108,0.97137,1.00,1.00
2016.11.10 21:12:13.935,0.97108,0.97138,1.00,1.50
2016.11.10 21:12:15.547,0.97108,0.97137,1.00,1.00
2016.11.10 21:12:16.108,0.97108,0.97136,1.00,1.00
2016.11.10 21:12:19.559,0.97116,0.97143,1.00,1.00
2016.11.10 21:12:19.887,0.97122,0.97148,1.00,1.00
2016.11.10 21:12:20.359,0.97126,0.97152,1.00,1.00
2016.11.10 21:12:20.543,0.97132,0.97162,1.00,1.00
2016.11.10 21:12:20.864,0.97132,0.97157,1.00,1.00
2016.11.10 21:12:20.973,0.97132,0.97162,1.00,1.00
2016.11.10 21:12:21.039,0.97134,0.97163,1.00,1.00
2016.11.10 21:12:21.719,0.97134,0.97162,1.00,1.00
2016.11.10 21:12:22.440,0.97134,0.97163,1.00,1.00
2016.11.10 21:12:23.039,0.97134,0.97162,1.00,1.00
2016.11.10 21:12:23.749,0.97134,0.97163,1.00,1.50
2016.11.10 21:12:24.359,0.97135,0.97163,1.00,1.00
2016.11.10 21:12:26.946,0.97135,0.97162,1.00,1.00
2016.11.10 21:12:27.662,0.97136,0.97162,1.00,1.00
2016.11.10 21:12:27.960,0.97134,0.97162,1.00,1.00
2016.11.10 21:12:28.061,0.97136,0.97162,1.00,1.00
2016.11.10 21:12:28.148,0.97136,0.97165,1.00,1.00
2016.11.10 21:12:28.652,0.97137,0.97166,1.00,1.00
2016.11.10 21:12:30.578,0.97135,0.97166,1.00,1.00
2016.11.10 21:12:31.094,0.97135,0.97162,1.00,1.00
2016.11.10 21:12:32.683,0.97135,0.97166,1.00,1.00
2016.11.10 21:12:33.686,0.97136,0.97166,1.00,1.00
2016.11.10 21:12:34.192,0.97136,0.97162,1.00,1.00
2016.11.10 21:12:37.660,0.97136,0.97166,1.00,1.00
2016.11.10 21:12:38.011,0.97136,0.97164,1.00,1.00
2016.11.10 21:12:40.864,0.97136,0.97163,1.00,1.00
2016.11.10 21:12:41.379,0.97135,0.97163,1.00,1.00
2016.11.10 21:12:43.166,0.97135,0.97165,1.00,1.00
2016.11.10 21:12:43.767,0.97135,0.97163,1.00,1.00
2016.11.10 21:12:44.274,0.97135,0.97162,1.00,1.00
2016.11.10 21:12:44.368,0.97135,0.97165,1.00,1.00
2016.11.10 21:12:45.070,0.97137,0.97165,1.00,1.00
2016.11.10 21:12:45.372,0.97146,0.97172,1.50,1.00
2016.11.10 21:12:45.670,0.97148,0.97176,1.00,1.00
2016.11.10 21:12:46.594,0.97147,0.97176,1.00,1.00
2016.11.10 21:12:48.932,0.9715,0.97177,1.00,1.00
2016.11.10 21:12:49.514,0.9715,0.97178,1.00,1.50
2016.11.10 21:12:53.025,0.97148,0.97173,1.00,1.00
2016.11.10 21:12:53.280,0.97148,0.97177,1.00,1.00
2016.11.10 21:12:53.583,0.97148,0.97173,1.00,1.00
2016.11.10 21:12:53.684,0.97148,0.97177,1.00,1.00
2016.11.10 21:12:54.052,0.9715,0.97177,1.00,1.00
2016.11.10 21:12:54.523,0.97151,0.97172,1.00,1.00
2016.11.10 21:12:54.681,0.97151,0.97177,1.00,1.00
2016.11.10 21:12:56.784,0.97151,0.97172,1.00,1.00
2016.11.10 21:12:57.420,0.97149,0.97172,1.00,1.00
2016.11.10 21:12:57.687,0.97149,0.97178,1.00,1.50
2016.11.10 21:12:58.086,0.97149,0.97172,1.00,1.00
2016.11.10 21:12:59.003,0.97149,0.97177,1.00,1.00
2016.11.10 21:12:59.632,0.97149,0.97172,1.00,1.00
2016.11.10 21:13:00.690,0.97149,0.97177,1.00,1.00
2016.11.10 21:13:03.894,0.97149,0.97178,1.00,1.50
2016.11.10 21:13:04.094,0.97149,0.97172,1.00,1.00
2016.11.10 21:13:04.395,0.97149,0.97177,1.00,1.00
2016.11.10 21:13:05.396,0.97149,0.97167,1.00,1.00
2016.11.10 21:13:06.919,0.97149,0.97172,1.00,1.00
2016.11.10 21:13:07.268,0.97149,0.97168,1.00,1.00
2016.11.10 21:13:08.020,0.97149,0.97172,1.00,1.00
2016.11.10 21:13:09.276,0.9715,0.97172,1.00,1.00
2016.11.10 21:13:09.935,0.9715,0.97173,1.00,1.00
2016.11.10 21:13:10.454,0.9715,0.97172,1.00,1.00
2016.11.10 21:13:11.030,0.9715,0.97173,1.00,1.00
2016.11.10 21:13:14.728,0.9715,0.97172,1.00,1.00
2016.11.10 21:13:15.636,0.9715,0.97173,1.00,1.00
2016.11.10 21:13:16.328,0.97151,0.97173,1.00,1.00
2016.11.10 21:13:16.995,0.97151,0.97172,1.00,1.00
2016.11.10 21:13:19.068,0.9715,0.97172,1.00,1.00
2016.11.10 21:13:19.633,0.9715,0.97173,1.00,1.00
2016.11.10 21:13:20.207,0.9715,0.97172,1.00,1.00
2016.11.10 21:13:20.437,0.9715,0.97167,1.00,1.00
2016.11.10 21:13:20.517,0.97147,0.97167,1.00,1.00
2016.11.10 21:13:20.669,0.97147,0.97172,1.00,1.00
2016.11.10 21:13:20.820,0.97149,0.97172,1.00,1.00
2016.11.10 21:13:21.135,0.97149,0.97167,1.00,1.00
2016.11.10 21:13:21.279,0.97149,0.97172,1.00,1.00
2016.11.10 21:13:21.486,0.97151,0.97172,1.00,1.00
2016.11.10 21:13:22.737,0.97151,0.97168,1.00,1.00
2016.11.10 21:13:24.330,0.9715,0.97168,1.00,1.00
2016.11.10 21:13:24.381,0.9715,0.97172,1.00,1.00
2016.11.10 21:13:24.966,0.9715,0.97173,1.00,1.00
2016.11.10 21:13:25.017,0.97148,0.97173,1.00,1.00
2016.11.10 21:13:25.340,0.97148,0.97167,1.00,1.00
2016.11.10 21:13:25.440,0.97148,0.97172,1.00,1.00
2016.11.10 21:13:26.661,0.97148,0.97173,1.00,1.00
2016.11.10 21:13:27.226,0.97148,0.97172,1.00,1.00
2016.11.10 21:13:28.436,0.9715,0.97172,1.00,1.00
2016.11.10 21:13:28.945,0.97149,0.97173,1.00,1.00
2016.11.10 21:13:28.996,0.97146,0.97173,1.00,1.00
2016.11.10 21:13:29.172,0.97146,0.97175,1.00,1.00
2016.11.10 21:13:29.223,0.97145,0.97172,1.00,1.00
2016.11.10 21:13:29.534,0.97143,0.97168,1.00,1.00
2016.11.10 21:13:30.761,0.97143,0.97172,1.00,1.00
2016.11.10 21:13:31.496,0.97142,0.97172,1.00,1.50
2016.11.10 21:13:35.503,0.97144,0.97172,1.00,1.50
2016.11.10 21:13:37.608,0.97143,0.97172,1.00,1.50
2016.11.10 21:13:38.857,0.97142,0.97172,1.50,1.50
2016.11.10 21:13:39.311,0.97144,0.97172,1.00,1.50
2016.11.10 21:13:48.268,0.97142,0.97172,1.00,1.00
2016.11.10 21:13:48.370,0.97143,0.97169,1.00,1.00
2016.11.10 21:13:49.439,0.97143,0.9717,1.00,1.00
2016.11.10 21:13:49.542,0.97145,0.97173,1.00,1.00
2016.11.10 21:13:49.643,0.97144,0.97175,1.00,1.00
2016.11.10 21:13:49.744,0.97146,0.97177,1.00,1.00
2016.11.10 21:13:50.046,0.97151,0.97177,1.00,1.00
2016.11.10 21:13:52.110,0.97151,0.97178,1.00,1.00
2016.11.10 21:13:53.173,0.97151,0.97177,1.00,1.00
2016.11.10 21:13:54.338,0.9715,0.97177,1.00,1.00
2016.11.10 21:13:55.030,0.9715,0.97178,1.00,1.00
2016.11.10 21:13:57.178,0.9715,0.97179,1.00,1.00
2016.11.10 21:13:57.278,0.97151,0.97181,1.00,1.00
2016.11.10 21:13:57.862,0.97152,0.9718,1.00,1.00
2016.11.10 21:13:58.065,0.97155,0.97181,1.00,1.00
2016.11.10 21:13:58.867,0.97154,0.9718,1.00,1.00
2016.11.10 21:13:59.195,0.97149,0.9718,1.50,1.00
2016.11.10 21:13:59.424,0.97149,0.97178,1.00,1.00
2016.11.10 21:13:59.754,0.97147,0.97175,1.00,1.00
2016.11.10 21:13:59.855,0.97145,0.97175,1.00,1.00
2016.11.10 21:14:02.962,0.97146,0.97176,1.00,1.00
2016.11.10 21:14:04.864,0.97147,0.97176,1.00,1.00
2016.11.10 21:14:05.776,0.97147,0.97177,1.00,1.00
2016.11.10 21:14:07.590,0.97147,0.97178,1.50,1.00
2016.11.10 21:14:08.285,0.97147,0.97177,1.50,1.00
2016.11.10 21:14:09.376,0.97148,0.97177,1.00,1.00
2016.11.10 21:14:13.796,0.97148,0.97178,1.00,1.00
2016.11.10 21:14:13.896,0.97148,0.9718,1.00,1.00
2016.11.10 21:14:14.003,0.97148,0.97172,1.00,1.00
2016.11.10 21:14:14.196,0.97148,0.97178,1.00,1.00
2016.11.10 21:14:15.097,0.97148,0.97172,1.00,1.00
2016.11.10 21:14:15.688,0.97147,0.97172,1.50,1.00
2016.11.10 21:14:16.205,0.97148,0.97172,1.00,1.00
2016.11.10 21:14:18.235,0.97147,0.97172,1.00,1.00
2016.11.10 21:14:19.802,0.97147,0.97177,1.00,1.50
2016.11.10 21:14:24.401,0.97146,0.97177,1.00,1.00
2016.11.10 21:14:25.106,0.97144,0.97178,1.50,1.50
2016.11.10 21:14:25.403,0.97145,0.97175,1.00,1.00
2016.11.10 21:14:27.011,0.97145,0.97173,1.00,1.00
2016.11.10 21:14:27.213,0.97146,0.97175,1.00,1.00
2016.11.10 21:14:27.313,0.97149,0.97177,1.00,1.00
2016.11.10 21:14:27.686,0.97156,0.97177,1.50,1.00
2016.11.10 21:14:27.736,0.97156,0.97183,1.50,1.00
2016.11.10 21:14:28.243,0.97157,0.97182,1.00,1.00
2016.11.10 21:14:29.219,0.97158,0.97187,1.00,1.00
2016.11.10 21:14:29.320,0.97161,0.97187,1.00,1.00
2016.11.10 21:14:29.511,0.97159,0.97187,1.00,1.00
2016.11.10 21:14:30.232,0.9716,0.97187,1.00,1.00
2016.11.10 21:14:30.332,0.9716,0.97183,1.00,1.00
2016.11.10 21:14:31.647,0.97158,0.97183,1.00,1.00
2016.11.10 21:14:31.918,0.97158,0.97187,1.00,1.00
2016.11.10 21:14:32.816,0.9716,0.97187,1.00,1.00
2016.11.10 21:14:33.734,0.9716,0.97188,1.00,1.00
2016.11.10 21:14:34.070,0.97162,0.97187,1.00,1.00
2016.11.10 21:14:36.161,0.97162,0.97188,1.00,1.00
2016.11.10 21:14:36.262,0.9716,0.97188,1.00,1.00
2016.11.10 21:14:37.246,0.9716,0.97192,1.00,1.50
2016.11.10 21:14:38.926,0.97161,0.97192,1.00,1.00
2016.11.10 21:14:39.928,0.97159,0.97192,1.00,1.00
2016.11.10 21:14:41.836,0.97162,0.97191,1.00,1.00
2016.11.10 21:14:42.832,0.9716,0.97192,1.00,1.00
2016.11.10 21:14:43.551,0.97164,0.97192,1.00,1.00
2016.11.10 21:14:44.056,0.97164,0.97193,1.00,1.50
2016.11.10 21:14:44.534,0.97165,0.97195,1.00,1.00
2016.11.10 21:14:44.858,0.97165,0.97193,1.00,1.00
2016.11.10 21:14:44.960,0.97166,0.97195,1.00,1.00
2016.11.10 21:14:45.335,0.97165,0.97197,1.00,1.50
2016.11.10 21:14:45.436,0.97168,0.97195,1.00,1.00
2016.11.10 21:14:46.437,0.97168,0.97196,1.00,1.00
2016.11.10 21:14:47.453,0.97172,0.972,1.00,1.00
2016.11.10 21:14:47.755,0.97178,0.97207,1.00,1.50
2016.11.10 21:14:47.856,0.97176,0.97205,1.00,1.00
2016.11.10 21:14:48.345,0.97179,0.97208,1.00,1.00
2016.11.10 21:14:48.679,0.97177,0.97206,1.00,1.00
2016.11.10 21:14:50.375,0.97177,0.97207,1.00,1.00
2016.11.10 21:14:51.677,0.97179,0.97206,1.00,1.00
2016.11.10 21:14:52.157,0.9718,0.97208,1.00,1.00
2016.11.10 21:14:53.953,0.97179,0.97208,1.00,1.00
2016.11.10 21:14:54.454,0.97178,0.97207,1.00,1.00
2016.11.10 21:14:54.969,0.9718,0.97208,1.00,1.00
2016.11.10 21:14:55.274,0.97182,0.97209,1.00,1.00
2016.11.10 21:14:57.159,0.97182,0.97208,1.00,1.00
2016.11.10 21:14:58.160,0.97182,0.97209,1.00,1.00
2016.11.10 21:14:59.712,0.97182,0.9721,1.00,1.00
2016.11.10 21:15:00.196,0.97189,0.97215,1.00,1.00
2016.11.10 21:15:00.398,0.97185,0.97216,1.00,1.00
2016.11.10 21:15:00.787,0.97183,0.97216,1.00,1.00
2016.11.10 21:15:00.888,0.97183,0.97218,1.00,1.00
2016.11.10 21:15:00.989,0.97183,0.97214,1.00,1.00
2016.11.10 21:15:01.548,0.97182,0.97214,1.00,1.00
2016.11.10 21:15:02.776,0.97182,0.97216,1.00,1.00
2016.11.10 21:15:04.772,0.9718,0.97216,1.50,1.00
2016.11.10 21:15:05.222,0.97183,0.97218,1.00,1.00
2016.11.10 21:15:05.867,0.97184,0.97218,1.00,1.00
2016.11.10 21:15:06.432,0.97185,0.97219,1.00,1.00
2016.11.10 21:15:08.498,0.97185,0.97218,1.50,1.00
2016.11.10 21:15:08.837,0.97187,0.97217,1.00,1.00
2016.11.10 21:15:09.502,0.97186,0.97217,1.00,1.00
2016.11.10 21:15:10.239,0.97186,0.97218,1.00,1.00
2016.11.10 21:15:10.692,0.97188,0.97218,1.00,1.00
2016.11.10 21:15:11.206,0.97188,0.97217,1.00,1.00
2016.11.10 21:15:12.702,0.97188,0.97218,1.00,1.00
2016.11.10 21:15:12.977,0.97188,0.9722,1.00,1.00
2016.11.10 21:15:13.678,0.97188,0.97217,1.00,1.00
2016.11.10 21:15:15.716,0.97189,0.97217,1.00,1.00
2016.11.10 21:15:16.813,0.9719,0.97217,1.00,1.00
2016.11.10 21:15:16.983,0.9719,0.97219,1.00,1.00
2016.11.10 21:15:17.205,0.97189,0.97222,1.00,1.00
2016.11.10 21:15:17.306,0.97191,0.97222,1.00,1.00
2016.11.10 21:15:18.045,0.97183,0.97223,2.25,1.00
2016.11.10 21:15:18.095,0.97186,0.97212,1.00,1.00
2016.11.10 21:15:18.197,0.97185,0.97215,1.00,1.00
2016.11.10 21:15:18.298,0.97184,0.97217,1.00,1.00
2016.11.10 21:15:19.195,0.97184,0.97218,1.00,1.50
2016.11.10 21:15:20.438,0.97187,0.97218,1.00,1.50
2016.11.10 21:15:22.090,0.97187,0.97217,1.00,1.00
2016.11.10 21:15:22.617,0.97185,0.97218,1.00,1.50
2016.11.10 21:15:24.516,0.97188,0.97218,1.00,1.50
2016.11.10 21:15:27.621,0.97186,0.97218,1.00,1.00
2016.11.10 21:15:27.961,0.97185,0.97215,1.00,1.00
2016.11.10 21:15:28.750,0.97184,0.97215,1.00,1.00
2016.11.10 21:15:30.201,0.97184,0.97212,1.00,1.00
2016.11.10 21:15:30.800,0.97184,0.97215,1.00,1.00
2016.11.10 21:15:33.231,0.97183,0.97215,1.00,1.00
2016.11.10 21:15:34.346,0.97183,0.97217,1.00,1.00
2016.11.10 21:15:35.133,0.97186,0.97217,1.00,1.00
2016.11.10 21:15:35.724,0.97187,0.97217,1.00,1.00
2016.11.10 21:15:37.754,0.9719,0.97221,1.00,1.00
2016.11.10 21:15:39.548,0.9719,0.97222,1.00,1.00
2016.11.10 21:15:40.282,0.97189,0.9722,1.00,1.00
2016.11.10 21:15:40.885,0.97188,0.97219,1.00,1.00
2016.11.10 21:15:41.186,0.97191,0.97221,1.00,1.00
2016.11.10 21:15:41.287,0.97187,0.97219,1.00,1.00
2016.11.10 21:15:41.597,0.97186,0.97216,1.00,1.00
2016.11.10 21:15:42.165,0.97185,0.97218,1.00,1.00
2016.11.10 21:15:42.266,0.97187,0.97217,1.00,1.00
2016.11.10 21:15:42.599,0.97189,0.97218,1.00,1.00
2016.11.10 21:15:42.699,0.97185,0.97217,1.50,1.00
2016.11.10 21:15:43.346,0.97186,0.97218,1.00,1.00
2016.11.10 21:15:44.518,0.97186,0.97217,1.00,1.00
2016.11.10 21:15:47.599,0.97183,0.97217,1.50,1.00
2016.11.10 21:15:48.063,0.97185,0.97216,1.00,1.00
2016.11.10 21:15:51.068,0.97183,0.97217,1.50,1.50
2016.11.10 21:15:54.493,0.97186,0.97218,1.00,1.00
2016.11.10 21:15:55.378,0.97185,0.97216,1.00,1.00
2016.11.10 21:15:57.182,0.97186,0.97215,1.00,1.00
2016.11.10 21:15:57.683,0.97184,0.97217,1.00,1.00
2016.11.10 21:16:02.533,0.97184,0.97215,1.00,1.00
2016.11.10 21:16:17.056,0.97182,0.97215,1.00,1.00
2016.11.10 21:16:18.123,0.97183,0.97216,1.00,1.00
2016.11.10 21:16:24.633,0.97183,0.97214,1.00,1.00
2016.11.10 21:16:39.255,0.97183,0.97213,1.00,1.00
2016.11.10 21:16:39.756,0.97184,0.97213,1.00,1.00
2016.11.10 21:16:42.860,0.97185,0.97212,1.00,1.00
2016.11.10 21:16:52.579,0.97183,0.97212,1.00,1.00
2016.11.10 21:16:53.281,0.97182,0.97213,1.00,1.00
2016.11.10 21:16:54.106,0.9718,0.97215,1.00,1.00
2016.11.10 21:16:57.890,0.97182,0.97213,1.00,1.00
2016.11.10 21:16:59.196,0.97181,0.97215,1.00,1.00
2016.11.10 21:17:02.533,0.97184,0.97215,1.00,1.00
2016.11.10 21:17:04.544,0.97182,0.97214,1.00,1.00
2016.11.10 21:17:04.601,0.97184,0.97214,1.00,1.00
2016.11.10 21:17:09.811,0.97182,0.97215,1.00,1.00
2016.11.10 21:17:14.626,0.97182,0.97211,1.00,1.00
2016.11.10 21:17:19.727,0.97181,0.9721,1.00,1.00
2016.11.10 21:17:20.228,0.97179,0.97209,1.00,1.00
2016.11.10 21:17:20.577,0.97177,0.9721,1.50,1.00
2016.11.10 21:17:21.163,0.97176,0.97209,1.00,1.00
2016.11.10 21:17:24.863,0.97178,0.97209,1.00,1.00
2016.11.10 21:17:38.167,0.97177,0.97208,1.00,1.00
2016.11.10 21:17:42.473,0.97176,0.97208,1.00,1.00
2016.11.10 21:17:42.979,0.97176,0.97209,1.00,1.00
2016.11.10 21:17:47.179,0.97175,0.97208,1.00,1.00
2016.11.10 21:17:54.893,0.97175,0.97207,1.00,1.00
2016.11.10 21:17:57.999,0.97175,0.97208,1.00,1.00
2016.11.10 21:18:05.060,0.97171,0.97209,1.00,1.50
2016.11.10 21:18:05.160,0.97173,0.97204,1.00,1.00
2016.11.10 21:18:05.471,0.9717,0.97201,1.00,1.00
2016.11.10 21:18:06.017,0.97169,0.972,1.00,1.00
2016.11.10 21:18:08.762,0.97171,0.97201,1.00,1.00
2016.11.10 21:18:12.072,0.97171,0.97202,1.00,1.00
2016.11.10 21:18:13.027,0.97171,0.97203,1.00,1.00
2016.11.10 21:18:15.849,0.97168,0.972,1.50,1.00
2016.11.10 21:18:15.959,0.97166,0.97199,1.00,1.00
2016.11.10 21:18:16.232,0.97165,0.97197,1.00,1.00
2016.11.10 21:18:26.671,0.97167,0.97199,1.00,1.00
2016.11.10 21:18:26.772,0.97165,0.972,1.50,1.00
2016.11.10 21:18:26.879,0.97165,0.97198,1.50,1.00
2016.11.10 21:18:27.686,0.97165,0.97199,1.50,1.00
2016.11.10 21:18:28.022,0.97165,0.97197,1.50,1.00
2016.11.10 21:18:28.352,0.97167,0.97196,1.00,1.00
2016.11.10 21:18:35.386,0.9717,0.972,1.00,1.00
2016.11.10 21:18:35.881,0.97168,0.97203,1.00,1.00
2016.11.10 21:18:36.461,0.97169,0.97201,1.00,1.00
2016.11.10 21:18:38.308,0.97169,0.97198,1.00,1.00
2016.11.10 21:18:38.408,0.97168,0.972,1.00,1.00
2016.11.10 21:18:38.917,0.97167,0.97199,1.00,1.00
2016.11.10 21:18:39.463,0.97168,0.972,1.00,1.50
2016.11.10 21:18:39.964,0.97166,0.97201,1.00,1.00
2016.11.10 21:18:40.667,0.97165,0.972,1.50,1.00
2016.11.10 21:18:42.679,0.97167,0.97199,1.00,1.00
2016.11.10 21:18:43.669,0.97167,0.972,1.00,1.00
2016.11.10 21:18:54.495,0.97166,0.972,1.00,1.00
2016.11.10 21:18:54.996,0.97167,0.972,1.00,1.00
2016.11.10 21:18:56.231,0.97169,0.972,1.00,1.00
2016.11.10 21:19:06.651,0.97166,0.97199,1.00,1.00
2016.11.10 21:19:07.231,0.97168,0.97197,1.00,1.00
2016.11.10 21:19:07.525,0.97168,0.97199,1.00,1.00
2016.11.10 21:19:08.035,0.97167,0.97198,1.00,1.00
2016.11.10 21:19:08.327,0.97168,0.97195,1.00,1.00
2016.11.10 21:19:10.268,0.97166,0.97195,1.00,1.00
2016.11.10 21:19:10.482,0.97162,0.97194,1.00,1.00
2016.11.10 21:19:12.636,0.97162,0.97193,1.00,1.00
2016.11.10 21:19:17.054,0.97163,0.97191,1.00,1.00
2016.11.10 21:19:18.080,0.97162,0.97191,1.00,1.00
2016.11.10 21:19:22.553,0.97161,0.97194,1.00,1.00
2016.11.10 21:19:25.059,0.97161,0.97193,1.00,1.00
2016.11.10 21:19:25.259,0.97159,0.97193,1.00,1.00
2016.11.10 21:19:27.664,0.97159,0.97194,1.00,1.00
2016.11.10 21:19:28.065,0.97159,0.97192,1.00,1.00
2016.11.10 21:19:28.315,0.97157,0.97193,1.00,1.00
2016.11.10 21:19:28.811,0.97156,0.97191,1.00,1.00
2016.11.10 21:19:31.875,0.97153,0.97184,1.00,1.00
2016.11.10 21:19:32.066,0.97145,0.97181,1.00,1.00
2016.11.10 21:19:32.151,0.97146,0.97176,1.00,1.00
2016.11.10 21:19:32.302,0.97142,0.97178,1.00,1.00
2016.11.10 21:19:32.403,0.97143,0.97176,1.00,1.00
2016.11.10 21:19:32.771,0.97143,0.97173,1.00,1.00
2016.11.10 21:19:33.176,0.97142,0.97175,1.00,1.00
2016.11.10 21:19:34.007,0.97144,0.97175,1.00,1.00
2016.11.10 21:19:35.024,0.97143,0.97175,1.00,1.00
2016.11.10 21:19:35.529,0.97145,0.97178,1.00,1.00
2016.11.10 21:19:35.760,0.97146,0.9718,1.00,1.00
2016.11.10 21:19:35.911,0.97148,0.9718,1.00,1.00
2016.11.10 21:19:36.422,0.97149,0.97181,1.00,1.50
2016.11.10 21:19:36.733,0.97144,0.97176,1.00,1.00
2016.11.10 21:19:37.077,0.97138,0.9717,1.00,1.00
2016.11.10 21:19:37.418,0.97143,0.97175,1.50,1.00
2016.11.10 21:19:37.779,0.97145,0.97177,1.00,1.00
2016.11.10 21:19:39.480,0.97147,0.97177,1.00,1.00
2016.11.10 21:19:40.902,0.97147,0.97179,1.00,1.00
2016.11.10 21:19:41.463,0.97147,0.9718,1.50,1.00
2016.11.10 21:19:41.731,0.97143,0.97177,1.50,1.00
2016.11.10 21:19:42.135,0.97142,0.97175,1.50,1.00
2016.11.10 21:19:42.685,0.97143,0.97175,1.00,1.00
2016.11.10 21:19:43.687,0.97142,0.97175,1.00,1.00
2016.11.10 21:19:44.488,0.9714,0.97175,1.00,1.00
2016.11.10 21:19:44.816,0.97143,0.97177,1.00,1.00
2016.11.10 21:19:44.929,0.97143,0.97179,1.00,1.00
2016.11.10 21:19:45.397,0.97144,0.97177,1.00,1.00
2016.11.10 21:19:45.890,0.97147,0.97177,1.00,1.00
2016.11.10 21:19:45.991,0.97144,0.97177,1.00,1.00
2016.11.10 21:19:49.344,0.97143,0.97178,1.00,1.00
2016.11.10 21:19:49.520,0.97143,0.97173,1.00,1.00
2016.11.10 21:19:49.855,0.97138,0.97167,1.00,1.00
2016.11.10 21:19:50.608,0.97138,0.97168,1.50,1.00
2016.11.10 21:19:51.559,0.97138,0.97171,1.00,1.00
2016.11.10 21:19:51.860,0.97141,0.97172,1.00,1.00
2016.11.10 21:19:51.961,0.97143,0.97175,1.00,1.00
2016.11.10 21:19:52.263,0.97143,0.97177,1.00,1.00
2016.11.10 21:19:53.902,0.97144,0.97173,1.00,1.00
2016.11.10 21:19:54.818,0.97143,0.97173,1.00,1.00
2016.11.10 21:19:55.349,0.97143,0.97174,1.00,1.00
2016.11.10 21:19:57.723,0.97143,0.97173,1.00,1.00
2016.11.10 21:20:00.161,0.97142,0.97172,1.00,1.00
2016.11.10 21:20:00.723,0.97143,0.97172,1.00,1.00
2016.11.10 21:20:01.780,0.97141,0.97172,1.00,1.00
2016.11.10 21:20:01.881,0.97139,0.97172,1.00,1.00
2016.11.10 21:20:02.257,0.97138,0.9717,1.00,1.00
2016.11.10 21:20:03.877,0.97138,0.97167,1.00,1.00
2016.11.10 21:20:04.884,0.97137,0.97166,1.50,1.00
2016.11.10 21:20:10.267,0.97136,0.97166,1.00,1.00
2016.11.10 21:20:14.999,0.97137,0.97166,1.00,1.00
2016.11.10 21:20:17.202,0.97136,0.97166,1.00,1.00
2016.11.10 21:20:17.753,0.97135,0.97165,1.00,1.00
2016.11.10 21:20:18.062,0.97133,0.97168,1.50,1.00
2016.11.10 21:20:18.163,0.97134,0.97165,1.00,1.00
2016.11.10 21:20:21.202,0.97136,0.97166,1.00,1.00
2016.11.10 21:20:22.411,0.97137,0.97166,1.00,1.00
2016.11.10 21:20:23.704,0.97138,0.97171,1.00,1.50
2016.11.10 21:20:24.208,0.9714,0.97172,1.00,1.00
2016.11.10 21:20:25.552,0.97143,0.97172,1.00,1.00
2016.11.10 21:20:26.053,0.9714,0.97172,1.00,1.00
2016.11.10 21:20:26.179,0.97142,0.97171,1.00,1.00
2016.11.10 21:20:26.753,0.97143,0.97171,1.00,1.00
2016.11.10 21:20:27.793,0.97143,0.97173,1.00,1.00
2016.11.10 21:20:28.402,0.97144,0.97174,1.00,1.00
2016.11.10 21:20:37.747,0.97143,0.97174,1.00,1.00
2016.11.10 21:20:40.010,0.97145,0.97174,1.00,1.00
2016.11.10 21:20:42.814,0.97145,0.97173,1.00,1.00
2016.11.10 21:20:43.815,0.97144,0.97173,1.00,1.00
2016.11.10 21:20:48.270,0.97144,0.97171,1.00,1.00
2016.11.10 21:20:49.426,0.97143,0.97172,1.00,1.00
2016.11.10 21:20:58.747,0.97143,0.97173,1.00,1.00
2016.11.10 21:21:02.066,0.97143,0.97175,1.50,1.00
2016.11.10 21:21:02.166,0.97147,0.97178,1.00,1.50
2016.11.10 21:21:02.510,0.97149,0.9718,1.00,1.50
2016.11.10 21:21:03.018,0.97152,0.9718,1.00,1.50
2016.11.10 21:21:03.530,0.97153,0.9718,1.00,1.50
2016.11.10 21:21:03.723,0.97148,0.9718,1.00,1.50
2016.11.10 21:21:03.824,0.97152,0.9718,1.00,1.50
2016.11.10 21:21:04.105,0.97147,0.9718,1.50,1.50
2016.11.10 21:21:04.500,0.97153,0.9718,1.00,1.50
2016.11.10 21:21:04.700,0.97148,0.9718,1.00,1.50
2016.11.10 21:21:05.111,0.97152,0.9718,1.00,1.50
2016.11.10 21:21:05.601,0.97148,0.9718,1.00,1.50
2016.11.10 21:21:05.726,0.97152,0.9718,1.00,1.50
2016.11.10 21:21:06.381,0.97153,0.9718,1.00,1.50
2016.11.10 21:21:06.503,0.9715,0.9718,1.00,1.50
2016.11.10 21:21:06.603,0.97152,0.9718,1.00,1.50
2016.11.10 21:21:06.803,0.9715,0.9718,1.00,1.50
2016.11.10 21:21:06.903,0.97152,0.9718,1.00,1.50
2016.11.10 21:21:07.304,0.9715,0.9718,1.00,1.50
2016.11.10 21:21:07.422,0.97152,0.9718,1.00,1.50
2016.11.10 21:21:07.805,0.9715,0.9718,1.00,1.50
2016.11.10 21:21:07.905,0.97153,0.9718,1.00,1.50
2016.11.10 21:21:10.275,0.97153,0.97179,1.00,1.00
2016.11.10 21:21:11.276,0.97153,0.9718,1.00,1.50
2016.11.10 21:21:12.311,0.97149,0.9718,1.00,1.50
2016.11.10 21:21:12.412,0.97152,0.9718,1.00,1.00
2016.11.10 21:21:12.498,0.97152,0.97183,1.00,1.00
2016.11.10 21:21:12.611,0.9715,0.97183,1.00,1.00
2016.11.10 21:21:12.712,0.97151,0.97187,1.00,1.00
2016.11.10 21:21:12.813,0.97157,0.97187,1.00,1.00
2016.11.10 21:21:12.914,0.97153,0.97187,1.00,1.00
2016.11.10 21:21:13.425,0.97154,0.97188,1.00,1.00
2016.11.10 21:21:13.929,0.97153,0.97187,1.50,1.00
2016.11.10 21:21:14.098,0.97157,0.97189,1.00,1.00
2016.11.10 21:21:14.158,0.97157,0.97192,1.00,1.50
2016.11.10 21:21:14.704,0.97158,0.97191,1.00,1.00
2016.11.10 21:21:15.249,0.97158,0.97192,1.00,1.00
2016.11.10 21:21:16.016,0.97157,0.97192,1.50,1.00
2016.11.10 21:21:19.438,0.97158,0.97192,1.00,1.00
2016.11.10 21:21:20.148,0.97158,0.97194,1.00,1.00
2016.11.10 21:21:20.652,0.97159,0.97194,1.00,1.00
2016.11.10 21:21:22.194,0.97161,0.97193,1.00,1.00
2016.11.10 21:21:24.799,0.97161,0.97192,1.00,1.00
2016.11.10 21:21:24.899,0.97159,0.97193,1.00,1.00
2016.11.10 21:21:25.216,0.97162,0.97193,1.00,1.00
2016.11.10 21:21:25.987,0.97162,0.97194,1.00,1.00
2016.11.10 21:21:27.204,0.97163,0.97195,1.00,1.50
2016.11.10 21:21:28.206,0.97163,0.97194,1.00,1.00
2016.11.10 21:21:28.628,0.97164,0.97192,1.00,1.00
2016.11.10 21:21:29.340,0.97161,0.97193,1.00,1.00
2016.11.10 21:21:29.818,0.97159,0.97193,1.00,1.00
2016.11.10 21:21:37.753,0.97161,0.97192,1.00,1.00
2016.11.10 21:21:38.559,0.97158,0.97194,1.00,1.00
2016.11.10 21:21:40.332,0.97158,0.97193,1.00,1.00
2016.11.10 21:21:41.443,0.97162,0.97193,1.00,1.00
2016.11.10 21:21:41.882,0.97158,0.97193,1.00,1.00
2016.11.10 21:21:42.644,0.97162,0.97193,1.00,1.00
2016.11.10 21:21:45.175,0.97159,0.97192,1.00,1.00
2016.11.10 21:21:53.666,0.97158,0.97192,1.00,1.00
2016.11.10 21:21:54.859,0.97159,0.97192,1.00,1.00
2016.11.10 21:21:55.361,0.9716,0.97192,1.00,1.00
2016.11.10 21:21:57.967,0.97159,0.97192,1.00,1.00
2016.11.10 21:21:58.789,0.9716,0.97192,1.00,1.00
2016.11.10 21:22:05.521,0.97158,0.97192,1.50,1.00
2016.11.10 21:22:09.530,0.97158,0.97191,1.00,1.00
2016.11.10 21:22:09.710,0.97158,0.97188,1.50,1.00
2016.11.10 21:22:10.226,0.97158,0.97189,1.00,1.00
2016.11.10 21:22:10.677,0.9716,0.97188,1.00,1.00
2016.11.10 21:22:11.935,0.97158,0.97189,1.00,1.00
2016.11.10 21:22:15.816,0.97154,0.97191,1.50,1.00
2016.11.10 21:22:18.017,0.97158,0.97191,1.00,1.00
2016.11.10 21:22:23.165,0.97158,0.97193,1.00,1.00
2016.11.10 21:22:23.911,0.97158,0.97194,1.00,1.00
2016.11.10 21:22:25.429,0.97158,0.97192,1.00,1.00
2016.11.10 21:22:27.063,0.97158,0.97191,1.50,1.00
2016.11.10 21:22:29.473,0.97159,0.97192,1.00,1.00
2016.11.10 21:22:32.755,0.97158,0.97192,1.50,1.00
2016.11.10 21:22:33.272,0.97156,0.97191,1.00,1.00
2016.11.10 21:22:40.001,0.97157,0.97189,1.00,1.00
2016.11.10 21:22:41.007,0.97156,0.97189,1.00,1.00
2016.11.10 21:22:44.178,0.97157,0.97188,1.00,1.00
2016.11.10 21:22:44.692,0.97156,0.97187,1.00,1.00
2016.11.10 21:22:47.682,0.97157,0.97187,1.00,1.00
2016.11.10 21:22:48.099,0.97156,0.97189,1.00,1.00
2016.11.10 21:22:49.088,0.97157,0.97189,1.00,1.00
2016.11.10 21:22:49.489,0.97154,0.97189,1.00,1.00
2016.11.10 21:22:50.002,0.97155,0.9719,1.00,1.00
2016.11.10 21:22:50.214,0.97157,0.97193,1.00,1.50
2016.11.10 21:22:52.201,0.97158,0.97193,1.00,1.00
2016.11.10 21:22:52.794,0.97157,0.97192,1.00,1.00
2016.11.10 21:22:55.001,0.97157,0.97191,1.00,1.00
2016.11.10 21:22:55.536,0.97158,0.97192,1.00,1.00
2016.11.10 21:22:56.203,0.97159,0.97192,1.00,1.00
2016.11.10 21:22:56.526,0.97157,0.97193,1.00,1.00
2016.11.10 21:22:57.641,0.97159,0.97193,1.00,1.00
2016.11.10 21:22:58.639,0.97158,0.97193,1.00,1.50
2016.11.10 21:23:00.121,0.97156,0.97184,1.00,1.00
2016.11.10 21:23:00.323,0.97151,0.97184,1.00,1.00
2016.11.10 21:23:00.570,0.97151,0.97182,1.00,1.00
2016.11.10 21:23:00.872,0.97151,0.97184,1.00,1.00
2016.11.10 21:23:01.147,0.97149,0.97183,1.00,1.00
2016.11.10 21:23:03.862,0.97147,0.97185,1.00,1.35
2016.11.10 21:23:03.913,0.97146,0.9718,1.00,1.00
2016.11.10 21:23:04.215,0.97135,0.97166,1.00,1.00
2016.11.10 21:23:06.447,0.97135,0.97165,1.00,1.00
2016.11.10 21:23:07.244,0.97135,0.97163,1.00,1.00
2016.11.10 21:23:07.845,0.97135,0.97165,1.00,1.00
2016.11.10 21:23:07.945,0.97135,0.97163,1.00,1.00
2016.11.10 21:23:08.078,0.97135,0.97165,1.00,1.00
2016.11.10 21:23:09.782,0.97135,0.97163,1.00,1.00
2016.11.10 21:23:10.132,0.97133,0.97163,1.00,1.00
2016.11.10 21:23:10.772,0.97133,0.97166,1.00,1.00
2016.11.10 21:23:11.149,0.97133,0.97162,1.00,1.00
2016.11.10 21:23:12.752,0.97133,0.97166,1.00,1.00
2016.11.10 21:23:13.362,0.97134,0.97167,1.00,1.50
2016.11.10 21:23:14.238,0.97139,0.97167,1.00,1.50
2016.11.10 21:23:14.739,0.97137,0.97167,1.00,1.50
2016.11.10 21:23:20.949,0.97138,0.97167,1.00,1.00
2016.11.10 21:23:21.769,0.97138,0.9717,1.00,1.00
2016.11.10 21:23:21.953,0.97139,0.97173,1.00,1.00
2016.11.10 21:23:22.720,0.97141,0.97173,1.00,1.00
2016.11.10 21:23:23.054,0.97143,0.97173,1.00,1.00
2016.11.10 21:23:23.276,0.97144,0.97178,1.00,1.00
2016.11.10 21:23:23.377,0.97144,0.97181,1.00,1.00
2016.11.10 21:23:23.554,0.97148,0.9718,1.00,1.00
2016.11.10 21:23:25.057,0.97147,0.9718,1.00,1.00
2016.11.10 21:23:29.614,0.97143,0.97174,1.00,1.00
2016.11.10 21:23:29.765,0.97135,0.97167,1.00,1.00
2016.11.10 21:23:29.916,0.97134,0.97163,1.00,1.00
2016.11.10 21:23:29.973,0.97134,0.97167,1.00,1.00
2016.11.10 21:23:30.274,0.97134,0.97162,1.00,1.00
2016.11.10 21:23:31.280,0.97136,0.97162,1.00,1.00
2016.11.10 21:23:33.101,0.97138,0.97167,1.00,1.00
2016.11.10 21:23:37.082,0.97138,0.97163,1.00,1.00
2016.11.10 21:23:37.529,0.97138,0.97167,1.00,1.00
2016.11.10 21:23:37.782,0.97138,0.97162,1.00,1.00
2016.11.10 21:23:37.982,0.97138,0.97167,1.00,1.00
2016.11.10 21:23:38.083,0.97138,0.97163,1.00,1.00
2016.11.10 21:23:38.184,0.97138,0.97167,1.00,1.00
2016.11.10 21:23:38.383,0.97138,0.97162,1.00,1.00
2016.11.10 21:23:38.583,0.97138,0.97167,1.00,1.00
2016.11.10 21:23:38.829,0.97138,0.97163,1.00,1.00
2016.11.10 21:23:39.017,0.97135,0.97163,1.50,1.00
2016.11.10 21:23:39.415,0.97133,0.97162,1.00,1.00
2016.11.10 21:23:39.826,0.97136,0.97162,1.00,1.00
2016.11.10 21:23:40.581,0.97138,0.97162,1.00,1.00
2016.11.10 21:23:41.213,0.97139,0.97162,1.00,1.00
2016.11.10 21:23:41.588,0.9714,0.97168,1.00,1.35
2016.11.10 21:23:42.134,0.97139,0.97168,1.00,1.35
2016.11.10 21:23:42.885,0.97137,0.97167,1.00,1.00
2016.11.10 21:23:43.422,0.97138,0.97167,1.00,1.35
2016.11.10 21:23:55.142,0.97138,0.97166,1.00,1.00
2016.11.10 21:23:57.562,0.9714,0.97168,1.00,2.10
2016.11.10 21:23:58.254,0.97138,0.97169,1.00,1.60
2016.11.10 21:23:58.814,0.97139,0.97167,1.00,1.35
2016.11.10 21:24:02.961,0.97138,0.9717,1.00,1.35
2016.11.10 21:24:03.012,0.97138,0.97166,1.00,2.10
2016.11.10 21:24:03.062,0.97139,0.97166,1.00,1.60
2016.11.10 21:24:03.163,0.97136,0.97165,1.00,1.35
2016.11.10 21:24:03.418,0.97136,0.97163,1.00,1.00
2016.11.10 21:24:03.972,0.97135,0.97163,1.00,1.50
2016.11.10 21:24:04.146,0.97133,0.97163,1.00,1.00
2016.11.10 21:24:06.961,0.97135,0.97162,1.00,1.35
2016.11.10 21:24:07.263,0.97133,0.97164,1.00,1.60
2016.11.10 21:24:09.174,0.97135,0.97164,1.00,1.60
2016.11.10 21:24:10.636,0.97133,0.97165,1.00,2.85
2016.11.10 21:24:25.664,0.97132,0.97164,1.00,1.60
2016.11.10 21:24:28.271,0.97133,0.97165,1.00,2.85
2016.11.10 21:24:31.461,0.97133,0.97165,1.00,1.35
2016.11.10 21:24:31.713,0.97131,0.97162,1.00,1.00
2016.11.10 21:24:32.218,0.9713,0.97161,1.00,1.00
2016.11.10 21:24:35.168,0.97129,0.97161,1.00,1.00
2016.11.10 21:24:35.218,0.97127,0.97162,1.00,1.00
2016.11.10 21:24:36.729,0.97128,0.97159,1.00,1.00
2016.11.10 21:24:40.190,0.97127,0.97159,1.50,1.00
2016.11.10 21:24:40.721,0.9713,0.9716,1.00,1.00
2016.11.10 21:24:41.037,0.97132,0.97162,1.00,1.00
2016.11.10 21:24:43.291,0.97131,0.97162,1.00,1.00
2016.11.10 21:24:43.833,0.97129,0.97163,1.50,1.00
2016.11.10 21:24:44.342,0.9713,0.97163,1.00,1.00
2016.11.10 21:24:44.793,0.97132,0.97162,1.00,1.00
2016.11.10 21:24:45.480,0.97131,0.97161,1.00,1.00
2016.11.10 21:24:46.217,0.97132,0.97161,1.00,1.00
2016.11.10 21:24:46.782,0.97131,0.97162,1.00,1.00
2016.11.10 21:24:47.696,0.97129,0.97162,1.50,1.00
2016.11.10 21:24:49.116,0.97128,0.97158,1.00,1.00
2016.11.10 21:24:49.782,0.97127,0.97157,1.50,1.00
2016.11.10 21:24:50.376,0.97127,0.97158,1.50,1.50
2016.11.10 21:24:51.502,0.97129,0.97158,1.00,1.00
2016.11.10 21:24:57.901,0.97129,0.97157,1.00,1.00
2016.11.10 21:24:58.461,0.97128,0.97157,1.00,1.00
2016.11.10 21:25:07.195,0.97128,0.97158,1.00,1.00
2016.11.10 21:25:07.804,0.97127,0.97158,1.00,1.00
2016.11.10 21:25:08.729,0.97126,0.97158,1.00,1.00
2016.11.10 21:25:10.331,0.97128,0.97158,1.00,1.00
2016.11.10 21:25:10.732,0.97126,0.97157,1.00,1.00
2016.11.10 21:25:13.845,0.97126,0.97158,1.00,1.00
2016.11.10 21:25:25.253,0.97126,0.97157,1.00,1.00
2016.11.10 21:25:26.286,0.97125,0.97157,1.00,1.00
2016.11.10 21:25:26.478,0.97127,0.97158,1.00,1.00
2016.11.10 21:25:40.273,0.97125,0.97159,1.00,1.00
2016.11.10 21:25:42.573,0.97127,0.97159,1.00,1.00
2016.11.10 21:25:42.920,0.9713,0.97162,1.50,1.50
2016.11.10 21:25:43.377,0.97128,0.97162,1.00,1.00
2016.11.10 21:25:43.778,0.9713,0.97162,1.00,1.00
2016.11.10 21:25:44.378,0.97129,0.97162,1.00,1.50
2016.11.10 21:25:54.329,0.97128,0.97161,1.00,1.00
2016.11.10 21:25:55.325,0.97127,0.9716,1.50,1.00
2016.11.10 21:25:57.317,0.97129,0.9716,1.00,1.00
2016.11.10 21:25:57.902,0.9713,0.9716,1.00,1.00
2016.11.10 21:25:58.577,0.97131,0.97161,1.00,1.00
2016.11.10 21:26:02.347,0.97128,0.97162,1.00,2.10
2016.11.10 21:26:02.548,0.97128,0.9716,1.00,1.00
2016.11.10 21:26:03.404,0.97127,0.9716,1.00,1.00
2016.11.10 21:26:10.843,0.97125,0.97159,1.00,1.00
2016.11.10 21:26:12.934,0.97124,0.97157,1.00,1.00
2016.11.10 21:26:13.917,0.97122,0.97157,1.50,1.00
2016.11.10 21:26:23.538,0.97124,0.97157,1.00,1.00
2016.11.10 21:26:25.458,0.97124,0.97156,1.00,1.00
2016.11.10 21:26:26.449,0.97122,0.97157,1.50,1.00
2016.11.10 21:26:28.334,0.97121,0.97156,1.50,1.00
2016.11.10 21:26:29.335,0.97121,0.97155,1.50,1.00
2016.11.10 21:26:40.449,0.97121,0.97154,1.50,1.00
2016.11.10 21:26:40.776,0.97124,0.97156,1.00,1.00
2016.11.10 21:26:41.251,0.97125,0.97158,1.00,1.00
2016.11.10 21:26:42.285,0.97125,0.97159,1.00,1.00
2016.11.10 21:26:43.657,0.97124,0.97159,1.00,1.00
2016.11.10 21:26:44.070,0.97122,0.97155,1.00,1.00
2016.11.10 21:26:44.581,0.97124,0.97155,1.00,1.00
2016.11.10 21:26:45.260,0.97122,0.97153,1.00,1.00
2016.11.10 21:26:47.661,0.97123,0.97155,1.00,1.00
2016.11.10 21:26:48.083,0.97125,0.97157,1.00,1.00
2016.11.10 21:26:48.437,0.97124,0.97155,1.00,1.00
2016.11.10 21:26:55.977,0.97123,0.97155,1.00,1.00
2016.11.10 21:26:56.547,0.97124,0.97156,1.00,1.00
2016.11.10 21:26:58.282,0.97124,0.97155,1.00,1.00
2016.11.10 21:26:59.283,0.97123,0.97155,1.00,1.00
2016.11.10 21:27:07.799,0.97124,0.97153,1.00,1.00
2016.11.10 21:27:10.538,0.97124,0.97154,1.00,1.00
2016.11.10 21:27:11.419,0.97124,0.97155,1.00,1.00
2016.11.10 21:27:12.113,0.97124,0.97156,1.00,1.00
2016.11.10 21:27:12.322,0.97125,0.97158,1.00,1.35
2016.11.10 21:27:12.830,0.97124,0.97158,1.00,1.35
2016.11.10 21:27:13.417,0.97124,0.97156,1.00,1.00
2016.11.10 21:27:18.422,0.97123,0.97158,1.50,1.00
2016.11.10 21:27:18.523,0.97126,0.97158,1.00,1.00
2016.11.10 21:27:18.724,0.97127,0.9716,1.00,1.00
2016.11.10 21:27:19.227,0.97127,0.97159,1.00,1.00
2016.11.10 21:27:19.776,0.97126,0.9716,1.00,1.00
2016.11.10 21:27:26.076,0.97124,0.97161,1.00,1.50
2016.11.10 21:27:26.987,0.97126,0.9716,1.00,1.00
2016.11.10 21:27:27.040,0.97124,0.9716,1.00,1.00
2016.11.10 21:27:30.989,0.97124,0.97159,1.00,1.00
2016.11.10 21:27:31.050,0.97122,0.9716,1.50,1.00
2016.11.10 21:27:32.093,0.97125,0.97159,1.00,1.00
2016.11.10 21:27:33.084,0.97125,0.97161,1.00,1.50
2016.11.10 21:27:33.956,0.97127,0.9716,1.00,1.00
2016.11.10 21:27:36.410,0.97125,0.97159,1.00,1.00
2016.11.10 21:27:40.373,0.97121,0.9716,1.00,1.00
2016.11.10 21:27:41.370,0.97125,0.97159,1.00,1.00
2016.11.10 21:27:42.402,0.97127,0.97159,1.00,1.00
2016.11.10 21:27:42.472,0.97127,0.97161,1.00,1.50
2016.11.10 21:27:43.722,0.97128,0.97161,1.00,1.00
2016.11.10 21:27:54.516,0.97129,0.97161,1.00,1.00
2016.11.10 21:27:55.628,0.97127,0.97162,1.00,1.50
2016.11.10 21:27:56.101,0.97128,0.9716,1.00,1.00
2016.11.10 21:27:58.708,0.97128,0.97161,1.00,1.00
2016.11.10 21:27:59.229,0.97128,0.97162,1.00,1.00
2016.11.10 21:27:59.948,0.9713,0.97161,1.00,1.00
2016.11.10 21:28:09.857,0.97125,0.97158,1.00,1.00
2016.11.10 21:28:09.958,0.97126,0.9716,1.00,1.50
2016.11.10 21:28:10.682,0.97126,0.97158,1.00,1.00
2016.11.10 21:28:11.177,0.97125,0.9716,1.00,1.00
2016.11.10 21:28:13.740,0.97126,0.9716,1.00,1.00
2016.11.10 21:28:16.578,0.97127,0.9716,1.00,1.00
2016.11.10 21:28:18.379,0.97123,0.97154,1.00,1.00
2016.11.10 21:28:18.480,0.9712,0.97153,1.00,1.00
2016.11.10 21:28:18.658,0.9712,0.97151,1.00,1.00
2016.11.10 21:28:19.772,0.97117,0.97151,1.00,1.00
2016.11.10 21:28:19.872,0.97115,0.97148,1.00,1.00
2016.11.10 21:28:22.988,0.97114,0.97148,1.00,1.00
2016.11.10 21:28:23.327,0.97112,0.97145,1.00,1.00
2016.11.10 21:28:25.661,0.97112,0.97146,1.00,1.00
2016.11.10 21:28:26.287,0.97111,0.97146,1.00,1.00
2016.11.10 21:28:29.284,0.97111,0.97145,1.00,1.00
2016.11.10 21:28:30.211,0.97112,0.97145,1.00,1.00
2016.11.10 21:28:35.103,0.97109,0.97149,1.00,1.00
2016.11.10 21:28:35.204,0.97112,0.97144,1.00,1.00
2016.11.10 21:28:36.101,0.9711,0.97145,1.00,1.00
2016.11.10 21:28:36.209,0.9711,0.97143,1.00,1.00
2016.11.10 21:28:37.431,0.97112,0.97145,1.50,1.00
2016.11.10 21:28:37.632,0.97112,0.97147,1.50,1.00
2016.11.10 21:28:38.213,0.97112,0.97148,1.50,1.00
2016.11.10 21:28:41.195,0.97112,0.97149,1.00,1.00
2016.11.10 21:28:42.827,0.97113,0.97148,1.00,1.00
2016.11.10 21:28:44.298,0.97115,0.97147,1.00,1.00
2016.11.10 21:28:55.717,0.97114,0.97147,1.00,1.00
2016.11.10 21:28:56.218,0.97113,0.97147,1.00,1.00
2016.11.10 21:28:58.875,0.97112,0.97147,1.50,1.00
2016.11.10 21:28:59.237,0.97114,0.9715,1.00,1.00
2016.11.10 21:28:59.531,0.97113,0.97146,1.00,1.00
2016.11.10 21:29:00.450,0.97114,0.97148,1.00,1.00
2016.11.10 21:29:01.449,0.97112,0.97147,1.50,1.00
2016.11.10 21:29:01.549,0.97114,0.97147,1.00,1.00
2016.11.10 21:29:02.075,0.97115,0.97148,1.00,1.00
2016.11.10 21:29:02.546,0.97117,0.97147,1.00,1.00
2016.11.10 21:29:02.762,0.97113,0.97147,1.00,1.00
2016.11.10 21:29:03.751,0.97113,0.97148,1.00,1.00
2016.11.10 21:29:04.788,0.97115,0.97148,1.00,1.00
2016.11.10 21:29:05.708,0.97114,0.97148,1.00,1.00
2016.11.10 21:29:08.076,0.97113,0.97148,1.00,1.00
2016.11.10 21:29:09.373,0.97115,0.97148,1.00,1.00
2016.11.10 21:29:10.600,0.97115,0.97149,1.00,1.00
2016.11.10 21:29:11.193,0.97116,0.97147,1.00,1.00
2016.11.10 21:29:11.775,0.97117,0.97149,1.00,1.00
2016.11.10 21:29:12.369,0.97118,0.97149,1.00,1.00
2016.11.10 21:29:12.675,0.97115,0.97148,1.00,1.00
2016.11.10 21:29:12.776,0.97114,0.97146,1.00,1.00
2016.11.10 21:29:13.346,0.97113,0.97146,1.00,1.00
2016.11.10 21:29:13.877,0.97112,0.97145,1.50,1.00
2016.11.10 21:29:14.277,0.97112,0.97147,1.00,1.00
2016.11.10 21:29:14.701,0.97109,0.97146,1.00,1.00
2016.11.10 21:29:15.279,0.9711,0.97145,1.00,1.00
2016.11.10 21:29:15.509,0.97112,0.97147,1.00,1.50
2016.11.10 21:29:16.108,0.97114,0.97147,1.00,1.50
2016.11.10 21:29:18.128,0.97116,0.97147,1.00,1.50
2016.11.10 21:29:19.126,0.97118,0.97147,1.00,1.00
2016.11.10 21:29:19.501,0.9712,0.97147,1.00,1.00
2016.11.10 21:29:19.902,0.9712,0.97149,1.00,1.00
2016.11.10 21:29:20.586,0.97119,0.9715,1.00,1.00
2016.11.10 21:29:21.692,0.97121,0.97152,1.00,1.00
2016.11.10 21:29:22.269,0.9712,0.97153,1.00,1.00
2016.11.10 21:29:22.612,0.97125,0.97153,1.00,1.00
2016.11.10 21:29:22.713,0.9712,0.97151,1.00,1.35
2016.11.10 21:29:22.814,0.9712,0.97145,1.00,1.00
2016.11.10 21:29:22.864,0.97115,0.97145,1.00,1.00
2016.11.10 21:29:23.815,0.97115,0.97143,1.00,1.00
2016.11.10 21:29:24.351,0.97116,0.97144,1.00,1.00
2016.11.10 21:29:24.732,0.97114,0.97144,1.00,1.00
2016.11.10 21:29:25.743,0.97114,0.97142,1.00,1.00
2016.11.10 21:29:26.331,0.97113,0.97142,1.00,1.00
2016.11.10 21:29:28.898,0.97112,0.97142,1.00,1.50
2016.11.10 21:29:29.822,0.97111,0.97141,1.00,1.00
2016.11.10 21:29:30.722,0.97113,0.97141,1.00,1.00
2016.11.10 21:29:30.822,0.97114,0.97143,1.00,1.00
2016.11.10 21:29:31.624,0.97114,0.97144,1.00,1.00
2016.11.10 21:29:31.701,0.97112,0.97145,1.00,1.00
2016.11.10 21:29:32.751,0.9711,0.9714,1.00,1.00
2016.11.10 21:29:32.852,0.97107,0.97138,1.00,1.00
2016.11.10 21:29:35.179,0.97107,0.97137,1.00,1.00
2016.11.10 21:29:35.230,0.97105,0.97137,1.00,1.50
2016.11.10 21:29:35.953,0.97104,0.97136,1.50,1.00
2016.11.10 21:29:36.529,0.97105,0.97137,1.00,1.50
2016.11.10 21:29:37.144,0.97104,0.97136,1.00,1.00
2016.11.10 21:29:37.992,0.97104,0.97135,1.00,1.00
2016.11.10 21:29:41.335,0.97102,0.97133,1.50,1.00
2016.11.10 21:29:41.736,0.97103,0.97136,1.00,1.00
2016.11.10 21:29:42.537,0.971,0.97137,1.00,1.00
2016.11.10 21:29:43.164,0.97099,0.97137,1.50,1.00
2016.11.10 21:29:44.790,0.97099,0.97138,1.50,1.50
2016.11.10 21:29:45.070,0.97101,0.97142,1.00,1.50
2016.11.10 21:29:46.113,0.97098,0.97139,1.00,1.00
2016.11.10 21:29:46.516,0.97098,0.97137,1.00,1.00
2016.11.10 21:29:47.126,0.97098,0.97138,1.00,1.00
2016.11.10 21:29:51.200,0.97098,0.97137,1.00,1.00
2016.11.10 21:29:51.401,0.97098,0.97139,1.00,1.00
2016.11.10 21:29:51.916,0.97098,0.97138,1.00,1.00
2016.11.10 21:29:52.328,0.97101,0.97138,1.00,1.00
2016.11.10 21:29:52.802,0.97101,0.97142,1.00,1.00
2016.11.10 21:29:53.803,0.97101,0.97138,1.00,1.00
2016.11.10 21:29:59.108,0.97101,0.97142,1.00,1.00
2016.11.10 21:30:00.048,0.97101,0.97138,1.00,1.00
2016.11.10 21:30:00.221,0.97093,0.97142,1.00,1.00
2016.11.10 21:30:00.834,0.97092,0.97143,1.00,1.00
2016.11.10 21:30:01.652,0.97088,0.97138,1.00,1.00
2016.11.10 21:30:03.221,0.97093,0.97138,1.00,1.00
2016.11.10 21:30:03.422,0.97089,0.97137,1.00,1.00
2016.11.10 21:30:03.654,0.97085,0.97132,1.00,1.00
2016.11.10 21:30:03.719,0.97085,0.97138,1.00,1.00
2016.11.10 21:30:04.366,0.97085,0.97137,1.00,1.00
2016.11.10 21:30:04.517,0.97087,0.97137,1.00,1.00
2016.11.10 21:30:04.668,0.9709,0.97143,1.00,1.00
2016.11.10 21:30:05.109,0.97088,0.97143,1.00,1.00
2016.11.10 21:30:05.214,0.97088,0.97137,1.00,1.00
2016.11.10 21:30:05.330,0.9709,0.97142,1.00,1.00
2016.11.10 21:30:06.353,0.971,0.97142,1.00,1.50
2016.11.10 21:30:07.958,0.97093,0.97137,1.00,1.00
2016.11.10 21:30:08.059,0.9709,0.97129,1.00,1.00
2016.11.10 21:30:08.160,0.97086,0.97127,1.00,1.00
2016.11.10 21:30:08.261,0.97086,0.97129,1.00,1.00
2016.11.10 21:30:08.706,0.9709,0.97134,1.00,1.00
2016.11.10 21:30:08.857,0.97087,0.97129,1.00,1.00
2016.11.10 21:30:09.183,0.97089,0.97124,1.00,1.00
2016.11.10 21:30:10.481,0.9709,0.97131,1.00,1.00
2016.11.10 21:30:10.582,0.97093,0.9713,1.00,1.00
2016.11.10 21:30:10.687,0.97095,0.97135,1.00,1.00
2016.11.10 21:30:10.787,0.97097,0.97136,1.00,1.00
2016.11.10 21:30:11.136,0.97097,0.97132,1.00,1.00
2016.11.10 21:30:11.237,0.97097,0.97136,1.00,1.00
2016.11.10 21:30:11.461,0.97093,0.97137,1.00,1.00
2016.11.10 21:30:12.362,0.97094,0.97137,1.00,1.00
2016.11.10 21:30:12.463,0.97097,0.97133,1.00,1.00
2016.11.10 21:30:12.564,0.97098,0.97137,1.00,1.00
2016.11.10 21:30:13.076,0.97099,0.97137,1.00,1.00
2016.11.10 21:30:13.610,0.971,0.97137,1.00,1.00
2016.11.10 21:30:14.601,0.97099,0.97137,1.00,1.00
2016.11.10 21:30:14.702,0.97101,0.97137,1.00,1.00
2016.11.10 21:30:14.853,0.97103,0.97143,1.00,1.50
2016.11.10 21:30:14.903,0.97105,0.97143,1.00,1.00
2016.11.10 21:30:15.054,0.97105,0.97146,1.00,1.00
2016.11.10 21:30:15.205,0.97106,0.97139,1.00,1.00
2016.11.10 21:30:15.407,0.97103,0.97139,1.00,1.00
2016.11.10 21:30:17.295,0.97103,0.97141,1.00,1.00
2016.11.10 21:30:17.396,0.97105,0.97145,1.00,1.00
2016.11.10 21:30:17.900,0.97106,0.97147,1.00,1.00
2016.11.10 21:30:18.201,0.97105,0.97145,1.00,1.00
2016.11.10 21:30:18.600,0.97107,0.97146,1.00,1.00
2016.11.10 21:30:19.132,0.97107,0.97147,1.00,1.00
2016.11.10 21:30:19.475,0.9711,0.97147,1.00,1.00
2016.11.10 21:30:20.161,0.9711,0.97148,1.00,1.00
2016.11.10 21:30:20.574,0.97113,0.97147,1.00,1.50
2016.11.10 21:30:22.286,0.97113,0.97148,1.00,1.00
2016.11.10 21:30:22.689,0.97113,0.9715,1.00,1.00
2016.11.10 21:30:23.952,0.97113,0.97147,1.00,1.00
2016.11.10 21:30:24.282,0.97113,0.9715,1.00,1.00
2016.11.10 21:30:24.653,0.97113,0.97147,1.00,1.00
2016.11.10 21:30:25.154,0.97113,0.97148,1.00,1.00
2016.11.10 21:30:25.655,0.97114,0.97151,1.00,1.00
2016.11.10 21:30:25.755,0.97114,0.97148,1.00,1.00
2016.11.10 21:30:26.417,0.97113,0.97148,1.00,1.00
2016.11.10 21:30:26.764,0.97113,0.97143,1.00,1.00
2016.11.10 21:30:26.857,0.97113,0.97147,1.00,1.00
2016.11.10 21:30:27.295,0.97113,0.97143,1.00,1.00
2016.11.10 21:30:29.029,0.97112,0.97143,1.00,1.00
2016.11.10 21:30:29.661,0.97112,0.97142,1.00,1.00
2016.11.10 21:30:30.587,0.97109,0.97142,1.00,1.00
2016.11.10 21:30:30.662,0.97109,0.97147,1.00,1.00
2016.11.10 21:30:30.713,0.97113,0.97147,1.00,1.00
2016.11.10 21:30:31.058,0.97113,0.97142,1.00,1.00
2016.11.10 21:30:37.468,0.97113,0.97147,1.00,1.00
2016.11.10 21:30:37.769,0.97114,0.97143,1.00,1.00
2016.11.10 21:30:38.473,0.97114,0.97149,1.00,1.00
2016.11.10 21:30:38.523,0.97117,0.9715,1.00,1.00
2016.11.10 21:30:38.828,0.97117,0.97148,1.00,1.00
2016.11.10 21:30:38.878,0.97117,0.97152,1.00,1.00
2016.11.10 21:30:40.008,0.97114,0.97152,1.00,1.00
2016.11.10 21:30:40.108,0.97114,0.97147,1.00,1.00
2016.11.10 21:30:41.083,0.97114,0.97152,1.00,1.50
2016.11.10 21:30:43.976,0.97114,0.97147,1.00,1.00
2016.11.10 21:30:44.227,0.97116,0.97151,1.00,1.00
2016.11.10 21:30:44.808,0.97114,0.97151,1.00,1.00
2016.11.10 21:30:45.379,0.97114,0.97147,1.00,1.00
2016.11.10 21:30:45.980,0.97114,0.97151,1.00,1.00
2016.11.10 21:30:48.156,0.97116,0.9715,1.00,1.00
2016.11.10 21:30:51.420,0.97111,0.9715,1.00,1.00
2016.11.10 21:30:51.621,0.97114,0.9715,1.00,1.00
2016.11.10 21:30:52.044,0.97112,0.97149,1.00,1.00
2016.11.10 21:30:52.122,0.97114,0.9715,1.00,1.00
2016.11.10 21:30:52.446,0.97113,0.97147,1.00,1.00
2016.11.10 21:30:52.496,0.97113,0.9715,1.00,1.00
2016.11.10 21:30:52.547,0.97111,0.97151,1.00,1.00
2016.11.10 21:30:52.647,0.97113,0.97154,1.00,1.00
2016.11.10 21:30:52.748,0.97118,0.97157,1.00,1.50
2016.11.10 21:30:52.953,0.97115,0.97158,1.00,1.00
2016.11.10 21:30:53.789,0.97115,0.97157,1.00,1.00
2016.11.10 21:30:55.933,0.97116,0.97157,1.00,1.00
2016.11.10 21:30:56.716,0.97116,0.97158,1.00,1.00
2016.11.10 21:30:56.967,0.97118,0.97157,1.00,1.00
2016.11.10 21:30:57.607,0.97119,0.97157,1.00,1.00
2016.11.10 21:30:58.194,0.97119,0.97158,1.00,1.50
2016.11.10 21:30:59.542,0.97119,0.97159,1.00,1.00
2016.11.10 21:30:59.917,0.97119,0.97157,1.00,1.00
2016.11.10 21:31:00.209,0.97119,0.97159,1.00,1.00
2016.11.10 21:31:00.260,0.97122,0.97159,1.00,1.00
2016.11.10 21:31:00.578,0.97125,0.97157,1.00,1.00
2016.11.10 21:31:07.203,0.97126,0.97157,1.00,1.00
2016.11.10 21:31:07.253,0.97126,0.9716,1.00,1.00
2016.11.10 21:31:07.405,0.97124,0.97157,1.00,1.00
2016.11.10 21:31:07.906,0.97124,0.97159,1.00,1.00
2016.11.10 21:31:08.059,0.97125,0.97161,1.00,1.00
2016.11.10 21:31:08.518,0.97125,0.97157,1.00,1.00
2016.11.10 21:31:08.619,0.97125,0.97161,1.00,1.00
2016.11.10 21:31:08.677,0.97125,0.97159,1.00,1.00
2016.11.10 21:31:09.262,0.97126,0.9716,1.00,1.00
2016.11.10 21:31:10.965,0.97126,0.97162,1.00,1.00
2016.11.10 21:31:11.517,0.97129,0.97161,1.00,1.00
2016.11.10 21:31:16.962,0.97129,0.97157,1.00,1.00
2016.11.10 21:31:17.502,0.97129,0.97158,1.00,1.00
2016.11.10 21:31:17.978,0.97126,0.97158,1.00,1.00
2016.11.10 21:31:19.790,0.97127,0.97158,1.00,1.00
2016.11.10 21:31:20.091,0.97129,0.97157,1.00,1.00
2016.11.10 21:31:21.110,0.9713,0.97157,1.00,1.00
2016.11.10 21:31:21.864,0.9713,0.97162,1.00,1.00
2016.11.10 21:31:21.915,0.97134,0.97162,1.00,1.00
2016.11.10 21:31:22.066,0.97134,0.97167,1.00,1.00
2016.11.10 21:31:22.593,0.97137,0.97167,1.00,1.00
2016.11.10 21:31:23.171,0.9714,0.97167,1.00,1.00
2016.11.10 21:31:24.031,0.97138,0.97167,1.00,1.00
2016.11.10 21:31:24.560,0.97137,0.97168,1.00,1.00
2016.11.10 21:31:25.111,0.97138,0.97168,1.00,1.00
2016.11.10 21:31:28.430,0.97138,0.97173,1.00,1.00
2016.11.10 21:31:29.596,0.97139,0.97173,1.00,1.00
2016.11.10 21:31:30.450,0.97139,0.97172,1.00,1.00
2016.11.10 21:31:31.542,0.97139,0.97173,1.00,1.00
2016.11.10 21:31:40.362,0.97139,0.97167,1.00,1.00
2016.11.10 21:31:40.413,0.97137,0.97167,1.00,1.00
2016.11.10 21:31:41.018,0.97138,0.97167,1.00,1.00
2016.11.10 21:31:41.391,0.97138,0.97172,1.00,1.50
2016.11.10 21:31:41.542,0.9714,0.97172,1.00,1.50
2016.11.10 21:31:43.015,0.97139,0.97172,1.00,1.00
2016.11.10 21:31:44.116,0.97138,0.97172,1.00,1.00
2016.11.10 21:31:45.117,0.9714,0.97172,1.00,1.00
2016.11.10 21:31:46.519,0.97141,0.97172,1.00,1.00
2016.11.10 21:31:49.422,0.97139,0.97172,1.00,1.00
2016.11.10 21:31:50.455,0.97139,0.97173,1.00,1.50
2016.11.10 21:31:52.125,0.97142,0.97173,1.00,1.00
2016.11.10 21:31:52.860,0.97142,0.97172,1.00,1.00
2016.11.10 21:31:53.647,0.97142,0.97173,1.00,1.00
2016.11.10 21:31:55.254,0.97136,0.97173,1.00,1.00
2016.11.10 21:31:55.455,0.97137,0.9717,1.00,1.00
2016.11.10 21:31:56.064,0.97137,0.97167,1.00,1.00
2016.11.10 21:31:56.531,0.97135,0.97167,1.00,1.00
2016.11.10 21:31:59.670,0.97136,0.97167,1.00,1.00
2016.11.10 21:32:00.811,0.97136,0.9717,1.00,1.00
2016.11.10 21:32:02.482,0.97136,0.97167,1.00,1.00
2016.11.10 21:32:03.358,0.97135,0.97167,1.00,1.00
2016.11.10 21:32:03.969,0.97135,0.97168,1.00,1.00
2016.11.10 21:32:06.376,0.97135,0.97169,1.00,1.00
2016.11.10 21:32:06.938,0.97135,0.97167,1.00,1.00
2016.11.10 21:32:07.281,0.97137,0.97171,1.00,1.00
2016.11.10 21:32:07.382,0.97139,0.97172,1.00,1.00
2016.11.10 21:32:07.698,0.97139,0.97176,1.00,1.00
2016.11.10 21:32:10.147,0.97143,0.97175,1.00,1.00
2016.11.10 21:32:11.048,0.97142,0.97177,1.00,1.50
2016.11.10 21:32:12.049,0.97142,0.97176,1.00,1.00
2016.11.10 21:32:14.083,0.9714,0.97177,1.00,1.00
2016.11.10 21:32:14.183,0.97139,0.9718,1.00,1.00
2016.11.10 21:32:14.284,0.97139,0.97172,1.00,1.00
2016.11.10 21:32:14.586,0.9714,0.97178,1.00,1.50
2016.11.10 21:32:14.687,0.97142,0.97177,1.00,1.00
2016.11.10 21:32:15.034,0.97147,0.97181,1.00,1.00
2016.11.10 21:32:15.304,0.97148,0.97183,1.00,1.50
2016.11.10 21:32:15.354,0.97152,0.97182,1.00,1.00
2016.11.10 21:32:25.810,0.97153,0.97182,1.00,1.00
2016.11.10 21:32:26.313,0.97152,0.97181,1.00,1.00
2016.11.10 21:32:28.603,0.97152,0.97177,1.00,1.00
2016.11.10 21:32:29.104,0.97152,0.97178,1.00,1.00
2016.11.10 21:32:29.205,0.97152,0.97181,1.00,1.00
2016.11.10 21:32:29.605,0.97152,0.97177,1.00,1.00
2016.11.10 21:32:30.106,0.97153,0.97182,1.00,1.50
2016.11.10 21:32:32.011,0.97154,0.9718,1.00,1.00
2016.11.10 21:32:32.212,0.97148,0.97176,1.00,1.00
2016.11.10 21:32:33.176,0.97146,0.97176,1.00,1.00
2016.11.10 21:32:40.786,0.97146,0.97177,1.00,1.50
2016.11.10 21:32:41.621,0.97148,0.97177,1.00,1.00
2016.11.10 21:32:42.213,0.97148,0.97179,1.00,1.00
2016.11.10 21:32:42.515,0.9715,0.97182,1.00,1.50
2016.11.10 21:32:43.061,0.9715,0.97181,1.00,1.00
2016.11.10 21:32:43.287,0.97149,0.97183,1.00,1.00
2016.11.10 21:32:43.984,0.97149,0.97182,1.00,1.00
2016.11.10 21:32:45.048,0.97149,0.97183,1.00,1.00
2016.11.10 21:32:45.612,0.97149,0.97182,1.00,1.00
2016.11.10 21:32:51.340,0.97149,0.97183,1.00,1.00
2016.11.10 21:32:51.440,0.97144,0.97182,1.00,1.00
2016.11.10 21:32:51.541,0.97144,0.97175,1.00,1.00
2016.11.10 21:32:51.930,0.97144,0.97179,1.00,1.00
2016.11.10 21:32:52.533,0.97144,0.97178,1.00,1.00
2016.11.10 21:32:57.103,0.97145,0.97178,1.00,1.00
2016.11.10 21:32:58.561,0.97145,0.97179,1.00,1.00
2016.11.10 21:32:58.712,0.97146,0.97177,1.00,1.00
2016.11.10 21:33:01.247,0.97142,0.97177,1.00,1.50
2016.11.10 21:33:04.612,0.97144,0.97178,1.00,1.50
2016.11.10 21:33:05.221,0.97144,0.97177,1.00,1.00
2016.11.10 21:33:11.737,0.97145,0.97177,1.00,1.00
2016.11.10 21:33:12.321,0.97146,0.97177,1.00,1.00
2016.11.10 21:33:12.891,0.97146,0.97178,1.00,1.50
2016.11.10 21:33:13.212,0.97147,0.97176,1.00,1.00
2016.11.10 21:33:13.551,0.97149,0.97177,1.00,1.00
2016.11.10 21:33:19.473,0.97147,0.97177,1.00,1.00
2016.11.10 21:33:20.269,0.97149,0.97177,1.00,1.50
2016.11.10 21:33:26.740,0.97149,0.97178,1.00,1.00
2016.11.10 21:33:27.142,0.97147,0.97177,1.00,1.50
2016.11.10 21:33:27.341,0.9715,0.97177,1.00,1.00
2016.11.10 21:33:27.641,0.97148,0.97179,1.00,1.00
2016.11.10 21:33:27.877,0.97158,0.97186,1.00,1.00
2016.11.10 21:33:27.978,0.97147,0.97193,1.00,1.00
2016.11.10 21:33:28.079,0.9715,0.97188,1.00,1.00
2016.11.10 21:33:28.412,0.97152,0.97182,1.00,1.00
2016.11.10 21:33:28.462,0.97149,0.97188,1.00,1.00
2016.11.10 21:33:28.563,0.97154,0.97185,1.00,1.00
2016.11.10 21:33:28.664,0.9715,0.97184,1.00,1.00
2016.11.10 21:33:29.171,0.9715,0.97183,1.00,1.00
2016.11.10 21:33:29.845,0.97152,0.97181,1.00,1.00
2016.11.10 21:33:36.385,0.97151,0.9718,1.00,1.00
2016.11.10 21:33:38.457,0.97149,0.9718,1.00,1.00
2016.11.10 21:33:40.073,0.97149,0.97178,1.00,1.00
2016.11.10 21:33:40.375,0.97152,0.97177,1.00,1.00
2016.11.10 21:33:40.591,0.97152,0.97181,1.00,1.00
2016.11.10 21:33:41.260,0.97151,0.9718,1.00,1.00
2016.11.10 21:33:46.584,0.97154,0.9718,1.00,1.00
2016.11.10 21:33:54.784,0.97156,0.97182,1.00,1.50
2016.11.10 21:33:56.287,0.97155,0.97181,1.00,1.00
2016.11.10 21:33:59.500,0.97155,0.97183,1.00,1.50
2016.11.10 21:34:00.097,0.97155,0.97182,1.00,1.00
2016.11.10 21:34:00.233,0.97155,0.97184,1.00,1.00
2016.11.10 21:34:00.385,0.97157,0.97185,1.00,1.00
2016.11.10 21:34:00.858,0.97157,0.97182,1.00,1.00
2016.11.10 21:34:01.518,0.97157,0.97183,1.00,1.00
2016.11.10 21:34:02.179,0.97157,0.97182,1.00,1.00
2016.11.10 21:34:07.395,0.97154,0.97182,1.00,1.50
2016.11.10 21:34:09.211,0.97155,0.97182,1.00,1.00
2016.11.10 21:34:14.904,0.97154,0.97183,1.00,1.00
2016.11.10 21:34:22.513,0.97154,0.97182,1.00,1.00
2016.11.10 21:34:26.039,0.97153,0.97182,1.00,1.50
2016.11.10 21:34:26.692,0.97154,0.97182,1.00,1.00
2016.11.10 21:34:28.444,0.97154,0.97183,1.00,1.00
2016.11.10 21:34:29.322,0.97155,0.97182,1.00,1.00
2016.11.10 21:34:30.373,0.97155,0.97183,1.00,1.50
2016.11.10 21:34:41.338,0.97154,0.97183,1.00,1.50
2016.11.10 21:34:51.786,0.97155,0.97182,1.00,1.00
2016.11.10 21:34:52.499,0.97154,0.97182,1.00,1.50
2016.11.10 21:34:52.870,0.97156,0.97182,1.00,1.00
2016.11.10 21:34:52.971,0.97153,0.97182,1.00,1.50
2016.11.10 21:34:56.098,0.97154,0.97182,1.00,1.00
2016.11.10 21:34:57.348,0.97154,0.97186,1.00,1.00
2016.11.10 21:35:00.582,0.97154,0.97183,1.00,1.00
2016.11.10 21:35:01.284,0.97156,0.97183,1.00,1.00
2016.11.10 21:35:01.453,0.97156,0.97187,1.00,1.00
2016.11.10 21:35:02.482,0.97156,0.97188,1.00,1.50
2016.11.10 21:35:03.488,0.97155,0.97185,1.00,1.00
2016.11.10 21:35:11.515,0.97158,0.97188,1.00,1.50
2016.11.10 21:35:11.844,0.97161,0.97188,1.00,1.00
2016.11.10 21:35:12.597,0.97162,0.97188,1.00,1.50
2016.11.10 21:35:17.331,0.97158,0.97188,1.00,1.00
2016.11.10 21:35:17.833,0.97158,0.97187,1.00,1.00
2016.11.10 21:35:26.918,0.9716,0.97187,1.00,1.00
2016.11.10 21:35:29.786,0.9716,0.97188,1.00,1.50
2016.11.10 21:35:36.305,0.9716,0.97187,1.00,1.00
2016.11.10 21:35:37.004,0.97161,0.97187,1.00,1.00
2016.11.10 21:35:38.596,0.97161,0.97188,1.00,1.00
2016.11.10 21:35:41.045,0.9716,0.97187,1.00,1.00
2016.11.10 21:35:41.347,0.97155,0.97182,1.00,1.50
2016.11.10 21:35:47.057,0.97152,0.97179,1.00,1.00
2016.11.10 21:35:47.644,0.97152,0.97177,1.00,1.00
2016.11.10 21:35:49.720,0.97152,0.97179,1.00,1.00
2016.11.10 21:35:56.556,0.97151,0.97179,1.00,1.00
2016.11.10 21:36:09.973,0.97153,0.9718,1.00,1.00
2016.11.10 21:36:11.593,0.97152,0.9718,1.00,1.00
2016.11.10 21:36:16.394,0.97152,0.97182,1.00,1.50
2016.11.10 21:36:21.232,0.97154,0.97182,1.00,1.50
2016.11.10 21:36:21.900,0.97154,0.97181,1.00,1.00
2016.11.10 21:36:22.813,0.97152,0.97179,1.00,1.00
2016.11.10 21:36:27.110,0.97152,0.9718,1.00,1.00
2016.11.10 21:36:33.013,0.97151,0.97179,1.00,1.00
2016.11.10 21:36:33.662,0.97151,0.97178,1.00,1.00
2016.11.10 21:36:34.203,0.97151,0.97179,1.00,1.00
2016.11.10 21:36:34.653,0.9715,0.97177,1.00,1.00
2016.11.10 21:36:35.255,0.9715,0.97179,1.00,1.00
2016.11.10 21:36:36.256,0.9715,0.97177,1.00,1.00
2016.11.10 21:36:37.658,0.9715,0.97179,1.00,1.00
2016.11.10 21:36:38.140,0.97148,0.97177,1.00,1.00
2016.11.10 21:36:38.678,0.97147,0.97176,1.00,1.00
2016.11.10 21:36:40.863,0.97145,0.97177,1.00,1.50
2016.11.10 21:36:40.964,0.97145,0.97174,1.00,1.00
2016.11.10 21:36:41.465,0.97145,0.97173,1.00,1.00
2016.11.10 21:36:41.980,0.97146,0.97174,1.00,1.00
2016.11.10 21:36:44.028,0.97141,0.97171,1.00,1.00
2016.11.10 21:36:44.153,0.97142,0.97169,1.00,1.00
2016.11.10 21:36:45.128,0.97141,0.97169,1.00,1.00
2016.11.10 21:36:48.871,0.97137,0.97169,1.00,1.00
2016.11.10 21:36:48.972,0.97137,0.97167,1.00,1.00
2016.11.10 21:36:49.884,0.97137,0.97166,1.00,1.00
2016.11.10 21:36:49.949,0.97135,0.97166,1.00,1.00
2016.11.10 21:36:56.863,0.97135,0.97164,1.00,1.00
2016.11.10 21:36:56.964,0.97133,0.97164,1.00,1.00
2016.11.10 21:36:57.082,0.97133,0.97162,1.00,1.00
2016.11.10 21:36:57.384,0.97131,0.97162,1.00,1.00
2016.11.10 21:36:59.754,0.97129,0.97163,1.00,1.50
2016.11.10 21:36:59.855,0.97128,0.9716,1.00,1.00
2016.11.10 21:36:59.956,0.97125,0.97159,1.00,1.00
2016.11.10 21:37:00.355,0.97124,0.97156,1.00,1.00
2016.11.10 21:37:00.869,0.97123,0.97155,1.00,1.00
2016.11.10 21:37:01.189,0.97127,0.97156,1.00,1.00
2016.11.10 21:37:01.986,0.97127,0.97158,1.00,1.50
2016.11.10 21:37:02.992,0.97127,0.97157,1.00,1.00
2016.11.10 21:37:03.542,0.97127,0.97158,1.00,1.50
2016.11.10 21:37:04.073,0.97126,0.97154,1.00,1.00
2016.11.10 21:37:04.688,0.97125,0.97153,1.00,1.00
2016.11.10 21:37:07.913,0.97122,0.97154,1.00,1.00
2016.11.10 21:37:08.014,0.9712,0.97148,1.00,1.00
2016.11.10 21:37:10.271,0.97121,0.97149,1.00,1.00
2016.11.10 21:37:11.701,0.97121,0.9715,1.00,1.00
2016.11.10 21:37:14.777,0.9712,0.97152,1.00,1.00
2016.11.10 21:37:18.109,0.9712,0.97151,1.00,1.00
2016.11.10 21:37:18.210,0.9712,0.97147,1.00,1.00
2016.11.10 21:37:19.345,0.9712,0.97148,1.00,1.00
2016.11.10 21:37:19.893,0.9712,0.97147,1.00,1.00
2016.11.10 21:37:19.944,0.9712,0.97151,1.00,1.00
2016.11.10 21:37:20.147,0.9712,0.97147,1.00,1.00
2016.11.10 21:37:21.486,0.97119,0.97147,1.00,1.00
2016.11.10 21:37:23.614,0.9712,0.97146,1.00,1.00
2016.11.10 21:37:24.123,0.97119,0.97146,1.00,1.00
2016.11.10 21:37:24.664,0.97119,0.97147,1.00,1.00
2016.11.10 21:37:26.029,0.9712,0.97147,1.00,1.00
2016.11.10 21:37:26.353,0.97123,0.97147,1.00,1.00
2016.11.10 21:37:27.112,0.97124,0.97147,1.00,1.00
2016.11.10 21:37:27.930,0.97124,0.97148,1.00,1.00
2016.11.10 21:37:28.031,0.97124,0.97152,1.00,1.50
2016.11.10 21:37:28.132,0.97126,0.97151,1.00,1.00
2016.11.10 21:37:28.550,0.97126,0.97147,1.00,1.00
2016.11.10 21:37:28.650,0.97126,0.97151,1.00,1.00
2016.11.10 21:37:29.129,0.97127,0.97153,1.00,1.00
2016.11.10 21:37:30.029,0.97128,0.97153,1.00,1.00
2016.11.10 21:37:33.727,0.9713,0.97152,1.00,1.00
2016.11.10 21:37:34.287,0.9713,0.97153,1.00,1.00
2016.11.10 21:37:34.865,0.9713,0.97152,1.00,1.00
2016.11.10 21:37:42.217,0.97131,0.97152,1.00,1.00
2016.11.10 21:37:44.319,0.9713,0.97152,1.00,1.00
2016.11.10 21:37:44.887,0.97129,0.97153,1.00,1.00
2016.11.10 21:37:58.453,0.97129,0.97152,1.00,1.00
2016.11.10 21:38:06.496,0.97133,0.97152,1.00,1.00
2016.11.10 21:38:10.777,0.9713,0.97152,1.00,1.00
2016.11.10 21:38:11.161,0.97132,0.97152,1.00,1.00
2016.11.10 21:38:14.713,0.97132,0.97157,1.00,1.50
2016.11.10 21:38:14.971,0.97131,0.97153,1.00,1.00
2016.11.10 21:38:15.072,0.97131,0.97157,1.00,1.00
2016.11.10 21:38:15.273,0.97129,0.97156,1.00,1.00
2016.11.10 21:38:15.372,0.97129,0.97152,1.00,1.00
2016.11.10 21:38:20.277,0.97129,0.97156,1.00,1.00
2016.11.10 21:38:20.692,0.97129,0.97152,1.00,1.00
2016.11.10 21:38:21.405,0.97129,0.97153,1.00,1.00
2016.11.10 21:38:26.112,0.97129,0.97157,1.00,1.50
2016.11.10 21:38:26.430,0.97126,0.97153,1.00,1.00
2016.11.10 21:38:28.203,0.97127,0.97153,1.00,1.00
2016.11.10 21:38:29.889,0.97128,0.97153,1.00,1.00
2016.11.10 21:38:33.012,0.97128,0.97156,1.00,1.00
2016.11.10 21:38:33.113,0.97122,0.97156,1.00,1.00
2016.11.10 21:38:33.291,0.97122,0.97153,1.00,1.00
2016.11.10 21:38:33.430,0.9712,0.97153,1.00,1.00
2016.11.10 21:38:34.043,0.97119,0.97153,1.00,1.50
2016.11.10 21:38:35.616,0.9712,0.97153,1.00,1.00
2016.11.10 21:38:35.833,0.97124,0.97153,1.00,1.00
2016.11.10 21:38:41.959,0.97122,0.97153,1.00,1.00
2016.11.10 21:38:42.454,0.9712,0.97152,1.00,1.00
2016.11.10 21:38:45.416,0.97123,0.97152,1.00,1.00
2016.11.10 21:38:53.876,0.9712,0.97152,1.00,1.00
2016.11.10 21:38:53.927,0.9712,0.97148,1.00,1.00
2016.11.10 21:38:54.027,0.97119,0.9715,1.00,1.00
2016.11.10 21:38:54.103,0.97114,0.9715,1.00,1.00
2016.11.10 21:38:54.153,0.97113,0.97143,1.00,1.00
2016.11.10 21:38:54.354,0.97114,0.97148,1.00,1.00
2016.11.10 21:38:54.908,0.97114,0.97147,1.00,1.00
2016.11.10 21:38:55.412,0.97115,0.97147,1.00,1.00
2016.11.10 21:38:56.442,0.97112,0.97147,1.00,1.00
2016.11.10 21:38:59.942,0.97113,0.97147,1.00,1.00
2016.11.10 21:39:00.443,0.97114,0.97147,1.00,1.00
2016.11.10 21:39:01.324,0.97114,0.97152,1.00,1.00
2016.11.10 21:39:02.245,0.97116,0.97152,1.00,1.00
2016.11.10 21:39:03.726,0.97116,0.97148,1.00,1.00
2016.11.10 21:39:07.056,0.97112,0.97148,1.00,1.00
2016.11.10 21:39:07.362,0.97112,0.97153,1.00,1.00
2016.11.10 21:39:07.564,0.97117,0.97153,1.00,1.00
2016.11.10 21:39:07.912,0.97117,0.97147,1.00,1.00
2016.11.10 21:39:08.431,0.97117,0.97152,1.00,1.00
2016.11.10 21:39:12.498,0.97116,0.97152,1.00,1.00
2016.11.10 21:39:14.201,0.97117,0.97152,1.00,1.00
2016.11.10 21:39:15.264,0.97118,0.97152,1.00,1.00
2016.11.10 21:39:15.889,0.97117,0.97152,1.00,1.00
2016.11.10 21:39:21.702,0.97116,0.97152,1.00,1.00
2016.11.10 21:39:22.090,0.97114,0.97152,1.00,1.00
2016.11.10 21:39:22.147,0.97114,0.97147,1.00,1.00
2016.11.10 21:39:22.575,0.97117,0.97147,1.00,1.00
2016.11.10 21:39:25.061,0.97117,0.97152,1.00,1.00
2016.11.10 21:39:25.194,0.97113,0.97152,1.00,1.00
2016.11.10 21:39:27.481,0.97115,0.97152,1.00,1.00
2016.11.10 21:39:34.588,0.97115,0.97148,1.00,1.00
2016.11.10 21:39:34.639,0.97113,0.97148,1.00,1.00
2016.11.10 21:39:35.495,0.97113,0.97147,1.00,1.00
2016.11.10 21:39:38.236,0.97112,0.97147,1.00,1.00
2016.11.10 21:39:42.168,0.97112,0.97155,1.00,1.00
2016.11.10 21:39:42.219,0.97115,0.97158,1.00,1.00
2016.11.10 21:39:42.269,0.97115,0.9716,1.00,1.00
2016.11.10 21:39:43.208,0.97116,0.9716,1.00,1.00
2016.11.10 21:39:45.657,0.97116,0.97157,1.00,1.00
2016.11.10 21:39:47.358,0.97116,0.97158,1.00,1.00
2016.11.10 21:39:50.863,0.97114,0.97161,1.00,1.00
2016.11.10 21:39:53.428,0.97116,0.9716,1.00,1.00
2016.11.10 21:39:56.538,0.97114,0.9716,1.00,1.00
2016.11.10 21:40:00.184,0.97113,0.9716,1.00,1.00
2016.11.10 21:40:00.546,0.97111,0.97163,1.00,1.00
2016.11.10 21:40:00.998,0.97111,0.97165,1.00,1.00
2016.11.10 21:40:01.135,0.97115,0.97167,1.00,1.00
2016.11.10 21:40:01.786,0.97115,0.97168,1.00,1.00
2016.11.10 21:40:03.157,0.97118,0.97168,1.00,1.00
2016.11.10 21:40:04.635,0.97118,0.97171,1.00,1.00
2016.11.10 21:40:09.354,0.97119,0.97172,1.00,1.50
2016.11.10 21:40:12.059,0.97118,0.97172,1.00,1.50
2016.11.10 21:40:12.560,0.97118,0.97171,1.00,1.00
2016.11.10 21:40:12.822,0.97118,0.97167,1.00,1.00
2016.11.10 21:40:15.328,0.97118,0.97171,1.00,1.00
2016.11.10 21:40:15.378,0.97117,0.97168,1.00,1.00
2016.11.10 21:40:15.713,0.97117,0.97157,1.00,1.00
2016.11.10 21:40:17.208,0.97117,0.97162,1.00,1.00
2016.11.10 21:40:18.009,0.97117,0.97163,1.00,1.00
2016.11.10 21:40:19.832,0.97117,0.97162,1.00,1.00
2016.11.10 21:40:20.112,0.97116,0.97152,1.00,1.00
2016.11.10 21:40:20.742,0.97116,0.97153,1.00,1.00
2016.11.10 21:40:21.342,0.97116,0.97152,1.00,1.00
2016.11.10 21:40:22.013,0.97112,0.97152,1.00,1.00
2016.11.10 21:40:22.064,0.97112,0.97157,1.00,1.00
2016.11.10 21:40:22.165,0.97112,0.97152,1.00,1.00
2016.11.10 21:40:22.478,0.97113,0.97147,1.00,1.00
2016.11.10 21:40:23.024,0.97114,0.97148,1.00,1.00
2016.11.10 21:40:24.419,0.97114,0.97152,1.00,1.00
2016.11.10 21:40:25.720,0.97114,0.97147,1.00,1.00
2016.11.10 21:40:27.676,0.97113,0.97153,1.00,1.00
2016.11.10 21:40:30.688,0.97114,0.97153,1.00,1.00
2016.11.10 21:40:31.727,0.97114,0.97148,1.00,1.00
2016.11.10 21:40:31.927,0.97114,0.97153,1.00,1.00
2016.11.10 21:40:34.776,0.97114,0.97152,1.00,1.00
2016.11.10 21:40:35.800,0.97117,0.97152,1.00,1.00
2016.11.10 21:40:38.034,0.97117,0.97153,1.00,1.00
2016.11.10 21:40:39.406,0.97114,0.97153,1.00,1.00
2016.11.10 21:40:40.336,0.97114,0.97152,1.00,1.00
2016.11.10 21:40:42.568,0.97114,0.97147,1.00,1.00
2016.11.10 21:40:42.892,0.97117,0.97148,1.00,1.00
2016.11.10 21:40:45.043,0.97119,0.97148,1.00,1.00
2016.11.10 21:40:46.625,0.97121,0.97148,1.00,1.00
2016.11.10 21:40:46.726,0.97119,0.97147,1.00,1.00
2016.11.10 21:40:46.826,0.97118,0.9716,1.00,1.00
2016.11.10 21:40:46.927,0.97111,0.97159,1.00,1.00
2016.11.10 21:40:47.028,0.97111,0.97157,1.00,1.00
2016.11.10 21:40:47.514,0.97112,0.97148,1.00,1.00
2016.11.10 21:40:50.166,0.97112,0.97147,1.00,1.00
2016.11.10 21:40:50.930,0.9711,0.97147,1.00,1.00
2016.11.10 21:40:53.235,0.9711,0.97146,1.00,1.00
2016.11.10 21:40:53.653,0.97106,0.97146,1.00,1.00
2016.11.10 21:40:53.754,0.97109,0.97141,1.00,1.00
2016.11.10 21:40:54.057,0.97109,0.97143,1.00,1.00
2016.11.10 21:40:54.158,0.97107,0.97145,1.00,1.00
2016.11.10 21:40:54.371,0.9711,0.97142,1.00,1.00
2016.11.10 21:40:55.687,0.9711,0.97143,1.00,1.00
2016.11.10 21:40:56.042,0.97109,0.97146,1.00,1.00
2016.11.10 21:40:56.775,0.9711,0.97147,1.00,1.00
2016.11.10 21:40:57.487,0.97111,0.97147,1.00,1.00
2016.11.10 21:40:57.758,0.97111,0.97143,1.00,1.00
2016.11.10 21:40:58.259,0.97111,0.97147,1.00,1.00
2016.11.10 21:41:00.456,0.9711,0.97147,1.00,1.00
2016.11.10 21:41:01.003,0.97111,0.97147,1.00,1.00
2016.11.10 21:41:03.411,0.97111,0.97148,1.00,1.00
2016.11.10 21:41:04.459,0.97112,0.97148,1.00,1.00
2016.11.10 21:41:05.302,0.97117,0.97148,1.00,1.00
2016.11.10 21:41:05.403,0.97122,0.97158,1.00,1.00
2016.11.10 21:41:05.606,0.97117,0.97152,1.00,1.00
2016.11.10 21:41:08.271,0.97117,0.97156,1.00,1.00
2016.11.10 21:41:08.372,0.97114,0.97153,1.00,1.00
2016.11.10 21:41:08.991,0.97113,0.97152,1.00,1.50
2016.11.10 21:41:09.702,0.97115,0.97152,1.00,1.00
2016.11.10 21:41:12.681,0.97116,0.97152,1.00,1.00
2016.11.10 21:41:14.278,0.97114,0.97152,1.00,1.00
2016.11.10 21:41:14.805,0.97114,0.97153,1.00,1.00
2016.11.10 21:41:15.412,0.97107,0.97148,1.00,1.00
2016.11.10 21:41:15.513,0.97106,0.97146,1.00,1.00
2016.11.10 21:41:16.378,0.97108,0.97145,1.00,1.00
2016.11.10 21:41:18.487,0.97107,0.97148,1.00,1.00
2016.11.10 21:41:18.688,0.97109,0.97149,1.00,1.00
2016.11.10 21:41:19.362,0.97109,0.9715,1.00,1.00
2016.11.10 21:41:22.199,0.97112,0.97149,1.00,1.00
2016.11.10 21:41:22.428,0.97112,0.97151,1.00,1.00
2016.11.10 21:41:23.134,0.97112,0.97149,1.00,1.00
2016.11.10 21:41:26.891,0.97112,0.97151,1.00,1.00
2016.11.10 21:41:27.692,0.97112,0.97149,1.00,1.00
2016.11.10 21:41:28.017,0.97114,0.9715,1.00,1.00
2016.11.10 21:41:30.326,0.97112,0.97151,1.00,1.00
2016.11.10 21:41:32.026,0.97114,0.97152,1.00,1.00
2016.11.10 21:41:32.801,0.97118,0.97153,1.00,1.00
2016.11.10 21:41:33.801,0.97118,0.97154,1.00,1.00
2016.11.10 21:41:38.306,0.97114,0.97155,1.00,1.00
2016.11.10 21:41:38.708,0.97114,0.97158,1.00,1.00
2016.11.10 21:41:39.352,0.97114,0.97157,1.00,1.00
2016.11.10 21:41:39.411,0.97115,0.97154,1.00,1.00
2016.11.10 21:41:42.716,0.97116,0.97154,1.00,1.00
2016.11.10 21:41:43.482,0.97117,0.97154,1.00,1.00
2016.11.10 21:41:46.554,0.97119,0.97156,1.00,1.00
2016.11.10 21:41:47.622,0.97121,0.97158,1.00,1.00
2016.11.10 21:41:49.726,0.97122,0.97159,1.00,1.00
2016.11.10 21:41:50.443,0.97121,0.9716,1.00,1.00
2016.11.10 21:41:54.180,0.97124,0.97161,1.00,1.00
2016.11.10 21:41:57.749,0.97123,0.97162,1.00,1.50
2016.11.10 21:41:58.664,0.97118,0.97168,1.00,1.00
2016.11.10 21:41:58.723,0.97118,0.97163,1.00,1.00
2016.11.10 21:41:59.025,0.97119,0.97161,1.00,1.00
2016.11.10 21:41:59.366,0.97121,0.97162,1.00,1.00
2016.11.10 21:41:59.656,0.97121,0.97164,1.00,1.00
2016.11.10 21:42:00.350,0.97121,0.97163,1.00,1.00
2016.11.10 21:42:00.501,0.97123,0.97166,1.00,1.00
2016.11.10 21:42:01.728,0.97125,0.97166,1.00,1.00
2016.11.10 21:42:05.279,0.97127,0.97167,1.00,1.00
2016.11.10 21:42:06.493,0.97128,0.97169,1.00,1.00
2016.11.10 21:42:07.210,0.97115,0.97165,1.00,1.00
2016.11.10 21:42:07.311,0.97118,0.97145,1.00,1.00
2016.11.10 21:42:12.300,0.97119,0.97145,1.00,1.00
2016.11.10 21:42:12.801,0.97119,0.97146,1.00,1.00
2016.11.10 21:42:14.887,0.97119,0.97142,1.00,1.00
2016.11.10 21:42:15.920,0.97118,0.97142,1.00,1.00
2016.11.10 21:42:18.072,0.97118,0.97137,1.00,1.00
2016.11.10 21:42:18.249,0.97118,0.97142,1.00,1.00
2016.11.10 21:42:19.451,0.97118,0.97137,1.00,1.00
2016.11.10 21:42:19.880,0.97118,0.97142,1.00,1.00
2016.11.10 21:42:20.871,0.97118,0.97143,1.00,1.00
2016.11.10 21:42:22.372,0.97118,0.97137,1.00,1.00
2016.11.10 21:42:23.023,0.97114,0.97137,1.00,1.00
2016.11.10 21:42:23.124,0.97117,0.97137,1.00,1.00
2016.11.10 21:42:24.502,0.97117,0.97143,1.00,1.00
2016.11.10 21:42:25.273,0.97121,0.97142,1.00,1.00
2016.11.10 21:42:25.625,0.97121,0.97138,1.00,1.00
2016.11.10 21:42:26.661,0.97121,0.97143,1.00,1.00
2016.11.10 21:42:26.735,0.97118,0.97143,1.00,1.00
2016.11.10 21:42:27.240,0.97118,0.97142,1.00,1.00
2016.11.10 21:42:27.391,0.97119,0.97137,1.00,1.00
2016.11.10 21:42:27.963,0.97119,0.97142,1.00,1.00
2016.11.10 21:42:28.075,0.97117,0.97142,1.00,1.00
2016.11.10 21:42:28.176,0.97119,0.97142,1.00,1.00
2016.11.10 21:42:28.842,0.97116,0.97142,1.00,1.00
2016.11.10 21:42:29.343,0.97123,0.97143,1.00,1.00
2016.11.10 21:42:29.494,0.97115,0.97143,1.00,1.00
2016.11.10 21:42:30.997,0.97116,0.97143,1.00,1.00
2016.11.10 21:42:31.098,0.97113,0.97142,1.00,1.00
2016.11.10 21:42:31.149,0.97111,0.97142,1.00,1.00
2016.11.10 21:42:31.400,0.97111,0.97137,1.00,1.00
2016.11.10 21:42:31.950,0.97109,0.97137,1.00,1.00
2016.11.10 21:42:36.512,0.97109,0.97138,1.00,1.00
2016.11.10 21:42:36.613,0.97106,0.97138,1.00,1.00
2016.11.10 21:42:36.713,0.97104,0.97138,1.00,1.00
2016.11.10 21:42:36.894,0.97104,0.97132,1.00,1.00
2016.11.10 21:42:37.097,0.97111,0.9714,1.00,1.00
2016.11.10 21:42:37.197,0.97113,0.97147,1.00,1.00
2016.11.10 21:42:37.298,0.97114,0.97153,1.00,1.00
2016.11.10 21:42:37.399,0.97113,0.97156,1.00,1.00
2016.11.10 21:42:38.078,0.97114,0.97159,1.00,1.00
2016.11.10 21:42:41.006,0.97114,0.97161,1.00,1.00
2016.11.10 21:42:42.367,0.97116,0.9716,1.00,1.00
2016.11.10 21:42:43.401,0.97119,0.97154,1.00,1.00
2016.11.10 21:42:43.783,0.97119,0.97143,1.00,1.00
2016.11.10 21:42:45.922,0.97119,0.97142,1.00,1.00
2016.11.10 21:42:46.566,0.97118,0.97142,1.00,1.00
2016.11.10 21:42:47.986,0.97118,0.97143,1.00,1.00
2016.11.10 21:42:49.588,0.97118,0.97142,1.00,1.00
2016.11.10 21:42:49.713,0.97116,0.97143,1.00,1.00
2016.11.10 21:42:50.214,0.97116,0.97142,1.00,1.00
2016.11.10 21:42:50.389,0.97116,0.97147,1.00,1.00
2016.11.10 21:42:51.896,0.97116,0.97142,1.00,1.00
2016.11.10 21:42:56.514,0.97116,0.97148,1.00,1.00
2016.11.10 21:42:56.622,0.97117,0.97143,1.00,1.00
2016.11.10 21:42:57.032,0.97117,0.97148,1.00,1.00
2016.11.10 21:42:57.209,0.97117,0.97143,1.00,1.00
2016.11.10 21:42:57.796,0.97117,0.97147,1.00,1.00
2016.11.10 21:42:58.021,0.97117,0.97142,1.00,1.00
2016.11.10 21:42:59.099,0.97117,0.97147,1.00,1.00
2016.11.10 21:42:59.299,0.97117,0.97142,1.00,1.00
2016.11.10 21:43:00.018,0.97116,0.97142,1.00,1.00
2016.11.10 21:43:04.411,0.97118,0.97148,1.00,1.00
2016.11.10 21:43:05.433,0.97118,0.97143,1.00,1.00
2016.11.10 21:43:06.242,0.97118,0.97142,1.00,1.00
2016.11.10 21:43:07.608,0.97118,0.97143,1.00,1.00
2016.11.10 21:43:08.171,0.97118,0.97142,1.00,1.00
2016.11.10 21:43:09.911,0.97118,0.97143,1.00,1.00
2016.11.10 21:43:11.039,0.97116,0.97143,1.00,1.00
2016.11.10 21:43:11.448,0.97113,0.97143,1.00,1.00
2016.11.10 21:43:12.057,0.97117,0.97143,1.00,1.00
2016.11.10 21:43:12.914,0.97117,0.97142,1.00,1.00
2016.11.10 21:43:13.015,0.97115,0.97142,1.00,1.00
2016.11.10 21:43:13.764,0.97114,0.97142,1.00,1.00
2016.11.10 21:43:15.317,0.97114,0.97143,1.00,1.00
2016.11.10 21:43:16.093,0.97115,0.97143,1.00,1.00
2016.11.10 21:43:17.463,0.97115,0.97137,1.00,1.00
2016.11.10 21:43:18.123,0.97115,0.97143,1.00,1.00
2016.11.10 21:43:18.224,0.97114,0.97148,1.00,1.00
2016.11.10 21:43:18.626,0.97114,0.97137,1.00,1.00
2016.11.10 21:43:19.322,0.97114,0.97142,1.00,1.00
2016.11.10 21:43:19.761,0.97114,0.97138,1.00,1.00
2016.11.10 21:43:20.763,0.97115,0.97143,1.00,1.00
2016.11.10 21:43:23.534,0.97115,0.97142,1.00,1.00
2016.11.10 21:43:26.231,0.97115,0.97138,1.00,1.00
2016.11.10 21:43:29.345,0.97115,0.97137,1.00,1.00
2016.11.10 21:43:30.035,0.97115,0.97142,1.00,1.00
2016.11.10 21:43:30.335,0.97115,0.97138,1.00,1.00
2016.11.10 21:43:30.945,0.97115,0.97137,1.00,1.00
2016.11.10 21:43:31.546,0.97114,0.97137,1.00,1.00
2016.11.10 21:43:33.677,0.97106,0.97137,1.00,1.00
2016.11.10 21:43:33.778,0.97106,0.97133,1.00,1.00
2016.11.10 21:43:33.884,0.97106,0.97138,1.00,1.00
2016.11.10 21:43:34.186,0.97107,0.97133,1.00,1.00
2016.11.10 21:43:34.287,0.97107,0.97137,1.00,1.00
2016.11.10 21:43:34.771,0.97107,0.97148,1.00,1.50
2016.11.10 21:43:34.872,0.97103,0.97148,1.00,1.50
2016.11.10 21:43:35.045,0.97103,0.97138,1.00,1.00
2016.11.10 21:43:35.745,0.97103,0.97142,1.00,1.00
2016.11.10 21:43:35.846,0.97103,0.97137,1.00,1.00
2016.11.10 21:43:36.447,0.97103,0.97142,1.00,1.00
2016.11.10 21:43:38.589,0.97103,0.97138,1.00,1.00
2016.11.10 21:43:39.461,0.97103,0.97142,1.00,1.00
2016.11.10 21:43:40.102,0.97104,0.97143,1.00,1.00
2016.11.10 21:43:40.596,0.97104,0.97138,1.00,1.00
2016.11.10 21:43:41.178,0.97103,0.97138,1.00,1.00
2016.11.10 21:43:41.753,0.97103,0.97149,1.00,1.00
2016.11.10 21:43:42.068,0.97103,0.97137,1.00,1.00
2016.11.10 21:43:42.461,0.97105,0.97137,1.00,1.00
2016.11.10 21:43:43.158,0.97104,0.97137,1.00,1.00
2016.11.10 21:43:44.457,0.97104,0.97142,1.00,1.00
2016.11.10 21:43:45.565,0.97106,0.97142,1.00,1.00
2016.11.10 21:43:46.058,0.97106,0.97138,1.00,1.00
2016.11.10 21:43:46.460,0.97108,0.97138,1.00,1.00
2016.11.10 21:43:47.864,0.97108,0.97143,1.00,1.00
2016.11.10 21:43:48.780,0.97102,0.97138,1.00,1.00
2016.11.10 21:43:48.881,0.97102,0.97142,1.00,1.00
2016.11.10 21:43:48.993,0.97099,0.97142,1.00,1.00
2016.11.10 21:43:49.094,0.97099,0.97133,1.00,1.00
2016.11.10 21:43:49.431,0.97102,0.97132,1.00,1.00
2016.11.10 21:43:52.274,0.97101,0.97132,1.00,1.00
2016.11.10 21:43:53.008,0.971,0.97132,1.00,1.00
2016.11.10 21:43:53.574,0.97099,0.97132,1.00,1.00
2016.11.10 21:43:53.725,0.97094,0.97132,1.00,1.00
2016.11.10 21:43:53.876,0.97094,0.97128,1.00,1.00
2016.11.10 21:43:54.001,0.97094,0.97132,1.00,1.00
2016.11.10 21:43:54.753,0.97095,0.97132,1.00,1.00
2016.11.10 21:43:58.719,0.97094,0.97138,1.00,1.50
2016.11.10 21:43:58.971,0.97094,0.97128,1.00,1.00
2016.11.10 21:43:59.911,0.97094,0.97132,1.00,1.00
2016.11.10 21:44:00.315,0.97091,0.97133,1.00,1.00
2016.11.10 21:44:00.516,0.97094,0.97131,1.00,1.00
2016.11.10 21:44:00.775,0.97096,0.97134,1.00,1.00
2016.11.10 21:44:00.826,0.97095,0.97138,1.00,1.00
2016.11.10 21:44:00.927,0.97096,0.97134,1.00,1.00
2016.11.10 21:44:01.275,0.97096,0.97132,1.00,1.00
2016.11.10 21:44:01.976,0.97096,0.97128,1.00,1.00
2016.11.10 21:44:03.190,0.97096,0.97123,1.00,1.00
2016.11.10 21:44:03.292,0.97093,0.97128,1.00,1.00
2016.11.10 21:44:03.691,0.97095,0.97127,1.00,1.00
2016.11.10 21:44:06.439,0.97097,0.97127,1.00,1.00
2016.11.10 21:44:08.241,0.97095,0.97127,1.00,1.00
2016.11.10 21:44:08.600,0.97097,0.97127,1.00,1.00
2016.11.10 21:44:09.947,0.97095,0.97127,1.00,1.00
2016.11.10 21:44:10.713,0.97095,0.97128,1.00,1.00
2016.11.10 21:44:11.011,0.97089,0.97122,1.00,1.00
2016.11.10 21:44:11.513,0.97088,0.97123,1.00,1.00
2016.11.10 21:44:12.026,0.97088,0.97118,1.00,1.00
2016.11.10 21:44:12.127,0.97089,0.97123,1.00,1.00
2016.11.10 21:44:12.689,0.97089,0.97122,1.00,1.00
2016.11.10 21:44:12.790,0.97089,0.97128,1.00,1.00
2016.11.10 21:44:12.841,0.97091,0.97128,1.00,1.00
2016.11.10 21:44:13.142,0.97097,0.97128,1.00,1.00
2016.11.10 21:44:13.831,0.971,0.97128,1.00,1.00
2016.11.10 21:44:14.142,0.97103,0.97127,1.00,1.00
2016.11.10 21:44:14.193,0.97103,0.97132,1.00,1.00
2016.11.10 21:44:14.413,0.97099,0.97132,1.00,1.00
2016.11.10 21:44:14.640,0.97099,0.97128,1.00,1.00
2016.11.10 21:44:15.009,0.97096,0.97128,1.00,1.00
2016.11.10 21:44:15.109,0.97094,0.97133,1.00,1.00
2016.11.10 21:44:15.710,0.97093,0.97133,1.00,1.00
2016.11.10 21:44:16.370,0.97094,0.97132,1.00,1.00
2016.11.10 21:44:18.458,0.97095,0.97132,1.00,1.00
2016.11.10 21:44:18.705,0.97095,0.97128,1.00,1.00
2016.11.10 21:44:18.756,0.97089,0.97128,1.00,1.00
2016.11.10 21:44:19.058,0.97086,0.97127,1.00,1.00
2016.11.10 21:44:19.310,0.97086,0.97123,1.00,1.00
2016.11.10 21:44:19.671,0.97086,0.97118,1.00,1.00
2016.11.10 21:44:20.096,0.97086,0.97122,1.00,1.00
2016.11.10 21:44:20.350,0.97088,0.97123,1.00,1.00
2016.11.10 21:44:20.902,0.97089,0.97123,1.00,1.00
2016.11.10 21:44:21.313,0.97091,0.97123,1.00,1.00
2016.11.10 21:44:21.981,0.9709,0.97123,1.00,1.00
2016.11.10 21:44:27.322,0.9709,0.97128,1.00,1.00
2016.11.10 21:44:27.373,0.97092,0.97128,1.00,1.00
2016.11.10 21:44:27.922,0.97093,0.97127,1.00,1.00
2016.11.10 21:44:28.582,0.97094,0.97128,1.00,1.00
2016.11.10 21:44:29.061,0.97092,0.97127,1.00,1.00
2016.11.10 21:44:29.212,0.97091,0.97123,1.00,1.00
2016.11.10 21:44:29.935,0.97091,0.97122,1.00,1.00
2016.11.10 21:44:30.137,0.97096,0.97128,1.00,1.00
2016.11.10 21:44:30.288,0.97099,0.97127,1.00,1.00
2016.11.10 21:44:30.895,0.97099,0.97128,1.00,1.00
2016.11.10 21:44:31.430,0.97098,0.97128,1.00,1.00
2016.11.10 21:44:32.011,0.97099,0.97128,1.00,1.00
2016.11.10 21:44:32.315,0.97104,0.97133,1.00,1.00
2016.11.10 21:44:32.816,0.97104,0.97132,1.00,1.00
2016.11.10 21:44:33.348,0.97102,0.97132,1.00,1.00
2016.11.10 21:44:34.618,0.97102,0.97133,1.00,1.00
2016.11.10 21:44:35.236,0.97102,0.97137,1.00,1.00
2016.11.10 21:44:35.835,0.97102,0.97132,1.00,1.00
2016.11.10 21:44:36.137,0.97099,0.97128,1.00,1.00
2016.11.10 21:44:36.501,0.97103,0.97132,1.00,1.00
2016.11.10 21:44:38.023,0.97103,0.97133,1.00,1.00
2016.11.10 21:44:38.564,0.97106,0.97133,1.00,1.00
2016.11.10 21:44:39.100,0.97106,0.97132,1.00,1.00
2016.11.10 21:44:39.201,0.97103,0.97132,1.00,1.00
2016.11.10 21:44:39.807,0.97104,0.97133,1.00,1.00
2016.11.10 21:44:39.971,0.97106,0.97133,1.00,1.00
2016.11.10 21:44:40.627,0.97106,0.97132,1.00,1.00
2016.11.10 21:44:43.062,0.97107,0.97132,1.00,1.00
2016.11.10 21:44:45.099,0.97104,0.97132,1.00,1.00
2016.11.10 21:44:46.166,0.97102,0.97132,1.00,1.00
2016.11.10 21:44:47.179,0.97102,0.97137,1.00,1.00
2016.11.10 21:44:48.073,0.97104,0.97137,1.00,1.00
2016.11.10 21:44:49.099,0.97103,0.97137,1.00,1.00
2016.11.10 21:44:49.744,0.97103,0.97132,1.00,1.00
2016.11.10 21:44:58.091,0.97101,0.97132,1.00,1.00
2016.11.10 21:44:59.270,0.97101,0.97133,1.00,1.00
2016.11.10 21:44:59.958,0.97101,0.97132,1.00,1.00
2016.11.10 21:45:00.475,0.971,0.97132,1.00,1.00
2016.11.10 21:45:00.899,0.97103,0.97132,1.00,1.00
2016.11.10 21:45:02.814,0.97101,0.97132,1.00,1.00
2016.11.10 21:45:02.990,0.971,0.97127,1.00,1.00
2016.11.10 21:45:03.443,0.97098,0.97127,1.00,1.00
2016.11.10 21:45:03.855,0.97098,0.97132,1.00,1.00
2016.11.10 21:45:03.958,0.97099,0.97127,1.00,1.00
2016.11.10 21:45:04.739,0.97097,0.97127,1.00,1.00
2016.11.10 21:45:05.310,0.971,0.97127,1.00,1.00
2016.11.10 21:45:05.658,0.971,0.97133,1.00,1.00
2016.11.10 21:45:05.766,0.971,0.97127,1.00,1.00
2016.11.10 21:45:09.360,0.97102,0.97127,1.00,1.00
2016.11.10 21:45:09.763,0.97105,0.97132,1.00,1.00
2016.11.10 21:45:09.864,0.97103,0.97132,1.00,1.00
2016.11.10 21:45:10.064,0.97103,0.97128,1.00,1.00
2016.11.10 21:45:10.305,0.97103,0.97132,1.00,1.00
2016.11.10 21:45:10.764,0.97103,0.97127,1.00,1.00
2016.11.10 21:45:11.165,0.97103,0.97132,1.00,1.00
2016.11.10 21:45:11.715,0.97104,0.97132,1.00,1.00
2016.11.10 21:45:11.944,0.97107,0.97132,1.00,1.00
2016.11.10 21:45:12.868,0.97107,0.97133,1.00,1.00
2016.11.10 21:45:13.040,0.97103,0.97133,1.00,1.00
2016.11.10 21:45:13.654,0.97104,0.97133,1.00,1.00
2016.11.10 21:45:14.198,0.97103,0.97133,1.00,1.00
2016.11.10 21:45:15.914,0.97103,0.97138,1.00,1.00
2016.11.10 21:45:15.965,0.97105,0.97146,1.00,1.00
2016.11.10 21:45:16.066,0.97105,0.97151,1.00,1.00
2016.11.10 21:45:19.494,0.97103,0.9715,1.00,1.00
2016.11.10 21:45:19.700,0.97106,0.97149,1.00,1.00
2016.11.10 21:45:19.988,0.97103,0.97151,1.00,1.00
2016.11.10 21:45:20.088,0.97106,0.97149,1.00,1.00
2016.11.10 21:45:20.512,0.97108,0.97151,1.00,1.00
2016.11.10 21:45:21.670,0.97107,0.97152,1.00,1.50
2016.11.10 21:45:23.202,0.97107,0.97147,1.00,1.00
2016.11.10 21:45:24.293,0.97104,0.97152,1.00,1.50
2016.11.10 21:45:24.394,0.97107,0.9715,1.00,1.00
2016.11.10 21:45:24.825,0.97107,0.97148,1.00,1.00
2016.11.10 21:45:24.883,0.97107,0.9715,1.00,1.00
2016.11.10 21:45:26.163,0.97107,0.97149,1.00,1.00
2016.11.10 21:45:26.214,0.97104,0.9714,1.00,1.00
2016.11.10 21:45:26.607,0.97104,0.97127,1.00,1.00
2016.11.10 21:45:26.708,0.97104,0.97133,1.00,1.00
2016.11.10 21:45:28.175,0.97105,0.97133,1.00,1.00
2016.11.10 21:45:28.836,0.97105,0.97128,1.00,1.00
2016.11.10 21:45:30.689,0.97105,0.97133,1.00,1.00
2016.11.10 21:45:31.090,0.97104,0.97128,1.00,1.00
2016.11.10 21:45:31.757,0.97103,0.97128,1.00,1.00
2016.11.10 21:45:33.694,0.97103,0.97132,1.00,1.00
2016.11.10 21:45:33.994,0.97103,0.97128,1.00,1.00
2016.11.10 21:45:36.897,0.97103,0.97132,1.00,1.00
2016.11.10 21:45:36.998,0.97105,0.97132,1.00,1.00
2016.11.10 21:45:41.343,0.97104,0.97132,1.00,1.00
2016.11.10 21:45:42.921,0.97105,0.97132,1.00,1.00
2016.11.10 21:45:43.728,0.97106,0.97132,1.00,1.00
2016.11.10 21:45:46.331,0.97105,0.97132,1.00,1.00
2016.11.10 21:45:51.443,0.97108,0.97132,1.00,1.00
2016.11.10 21:45:52.516,0.97108,0.97133,1.00,1.00
2016.11.10 21:45:52.567,0.97105,0.97133,1.00,1.00
2016.11.10 21:45:52.767,0.97108,0.97133,1.00,1.00
2016.11.10 21:45:55.820,0.97108,0.97132,1.00,1.00
2016.11.10 21:45:58.185,0.97101,0.97132,1.00,1.00
2016.11.10 21:45:58.423,0.97101,0.97127,1.00,1.00
2016.11.10 21:46:00.526,0.97101,0.97132,1.00,1.00
2016.11.10 21:46:01.366,0.971,0.97132,1.00,1.00
2016.11.10 21:46:01.426,0.971,0.97127,1.00,1.00
2016.11.10 21:46:01.908,0.97105,0.97127,1.00,1.00
2016.11.10 21:46:03.328,0.97105,0.97132,1.00,1.00
2016.11.10 21:46:03.492,0.97105,0.97127,1.00,1.00
2016.11.10 21:46:06.298,0.97101,0.97127,1.00,1.00
2016.11.10 21:46:06.417,0.97098,0.97128,1.00,1.00
2016.11.10 21:46:06.518,0.97096,0.97124,1.00,1.00
2016.11.10 21:46:06.619,0.97095,0.97127,1.00,1.50
2016.11.10 21:46:06.893,0.971,0.97128,1.00,1.00
2016.11.10 21:46:06.943,0.971,0.97132,1.00,1.00
2016.11.10 21:46:06.994,0.97105,0.97132,1.00,1.00
2016.11.10 21:46:07.094,0.971,0.97128,1.00,1.00
2016.11.10 21:46:07.848,0.971,0.97127,1.00,1.00
2016.11.10 21:46:08.435,0.971,0.97133,1.00,1.00
2016.11.10 21:46:09.056,0.971,0.97127,1.00,1.00
2016.11.10 21:46:09.677,0.971,0.97132,1.00,1.00
2016.11.10 21:46:10.591,0.97103,0.97132,1.00,1.00
2016.11.10 21:46:12.841,0.97103,0.97127,1.00,1.00
2016.11.10 21:46:15.504,0.97101,0.97127,1.00,1.00
2016.11.10 21:46:15.645,0.97101,0.97133,1.00,1.00
2016.11.10 21:46:15.700,0.97099,0.97133,1.00,1.00
2016.11.10 21:46:16.346,0.97099,0.97127,1.00,1.00
2016.11.10 21:46:17.046,0.97099,0.97133,1.00,1.00
2016.11.10 21:46:17.483,0.97098,0.97127,1.00,1.00
2016.11.10 21:46:18.222,0.97097,0.97127,1.00,1.00
2016.11.10 21:46:18.448,0.97097,0.97132,1.00,1.00
2016.11.10 21:46:19.449,0.97097,0.97128,1.00,1.00
2016.11.10 21:46:21.164,0.97097,0.97132,1.00,1.00
2016.11.10 21:46:21.215,0.97103,0.97132,1.00,1.00
2016.11.10 21:46:21.265,0.97103,0.97137,1.00,1.00
2016.11.10 21:46:21.526,0.97105,0.97138,1.00,1.00
2016.11.10 21:46:21.677,0.97105,0.97143,1.00,1.00
2016.11.10 21:46:22.234,0.97106,0.97143,1.00,1.00
2016.11.10 21:46:25.989,0.97105,0.97143,1.00,1.00
2016.11.10 21:46:26.920,0.97107,0.97143,1.00,1.00
2016.11.10 21:46:28.377,0.97108,0.97143,1.00,1.00
2016.11.10 21:46:29.924,0.9711,0.97143,1.00,1.00
2016.11.10 21:46:30.126,0.97108,0.97142,1.00,1.00
2016.11.10 21:46:37.533,0.9711,0.97142,1.00,1.00
2016.11.10 21:46:38.270,0.9711,0.97143,1.00,1.00
2016.11.10 21:46:39.007,0.9711,0.97142,1.00,1.00
2016.11.10 21:46:40.322,0.9711,0.97153,1.00,1.00
2016.11.10 21:46:40.373,0.9711,0.97162,1.00,1.00
2016.11.10 21:46:40.574,0.97112,0.97162,1.00,1.00
2016.11.10 21:46:40.725,0.97112,0.97168,1.00,1.00
2016.11.10 21:46:40.775,0.97114,0.97168,1.00,1.00
2016.11.10 21:46:41.089,0.97116,0.97168,1.00,1.00
2016.11.10 21:46:41.391,0.97139,0.97178,1.00,1.00
2016.11.10 21:46:41.715,0.97136,0.97173,1.00,1.00
2016.11.10 21:46:42.378,0.97136,0.97172,1.00,1.00
2016.11.10 21:46:42.740,0.97136,0.97177,1.00,1.00
2016.11.10 21:46:43.345,0.97134,0.97178,1.37,1.50
2016.11.10 21:46:44.007,0.97134,0.97178,1.00,1.50
2016.11.10 21:46:46.769,0.97133,0.97178,1.00,1.50
2016.11.10 21:46:49.288,0.97133,0.97177,1.00,1.00
2016.11.10 21:46:51.261,0.97135,0.97177,1.00,1.00
2016.11.10 21:46:52.355,0.97134,0.97177,1.00,1.00
2016.11.10 21:47:00.893,0.97135,0.97177,1.00,1.00
2016.11.10 21:47:01.523,0.97134,0.97177,1.00,1.00
2016.11.10 21:47:03.105,0.97134,0.97173,1.00,1.00
2016.11.10 21:47:03.306,0.97134,0.97177,1.00,1.00
2016.11.10 21:47:09.916,0.97134,0.97172,1.00,1.00
2016.11.10 21:47:12.331,0.97125,0.97177,1.00,1.00
2016.11.10 21:47:12.586,0.9713,0.97177,1.00,1.00
2016.11.10 21:47:13.289,0.9713,0.97178,1.00,1.00
2016.11.10 21:47:14.009,0.97129,0.97178,1.00,1.00
2016.11.10 21:47:16.492,0.97128,0.97178,1.00,1.00
2016.11.10 21:47:20.126,0.97128,0.97177,1.00,1.00
2016.11.10 21:47:21.297,0.97131,0.97177,1.00,1.00
2016.11.10 21:47:28.836,0.97131,0.97178,1.00,1.00
2016.11.10 21:47:31.057,0.97126,0.97182,1.00,1.50
2016.11.10 21:47:31.158,0.97126,0.97177,1.00,1.00
2016.11.10 21:47:31.464,0.97128,0.97173,1.00,1.00
2016.11.10 21:47:32.216,0.97127,0.97173,1.00,1.00
2016.11.10 21:47:33.369,0.97127,0.97172,1.00,1.00
2016.11.10 21:47:33.965,0.97123,0.97172,1.00,1.00
2016.11.10 21:47:34.065,0.97131,0.97172,1.00,1.00
2016.11.10 21:47:34.358,0.97122,0.97172,1.00,1.00
2016.11.10 21:47:34.464,0.97128,0.97173,1.00,1.00
2016.11.10 21:47:34.521,0.97122,0.97173,1.00,1.00
2016.11.10 21:47:34.571,0.97122,0.97168,1.00,1.00
2016.11.10 21:47:35.022,0.97129,0.97168,1.00,1.00
2016.11.10 21:47:35.122,0.97123,0.97168,1.00,1.00
2016.11.10 21:47:35.273,0.97123,0.97173,1.00,1.00
2016.11.10 21:47:35.730,0.97129,0.97172,1.00,1.00
2016.11.10 21:47:35.980,0.9713,0.97178,1.00,1.00
2016.11.10 21:47:36.045,0.9713,0.97172,1.00,1.00
2016.11.10 21:47:38.046,0.9713,0.97177,1.00,1.00
2016.11.10 21:47:40.249,0.9713,0.97172,1.00,1.00
2016.11.10 21:47:40.486,0.9713,0.97177,1.00,1.00
2016.11.10 21:47:42.870,0.9713,0.9718,1.00,1.00
2016.11.10 21:47:42.971,0.97127,0.97169,1.00,1.00
2016.11.10 21:47:43.333,0.97128,0.97157,1.00,1.00
2016.11.10 21:47:43.734,0.97132,0.97152,1.00,1.00
2016.11.10 21:47:43.934,0.97128,0.97152,1.00,1.00
2016.11.10 21:47:44.059,0.97132,0.97152,1.00,1.00
2016.11.10 21:47:44.262,0.97129,0.97152,1.00,1.00
2016.11.10 21:47:44.635,0.97132,0.97152,1.00,1.00
2016.11.10 21:47:44.986,0.97131,0.97158,1.00,1.00
2016.11.10 21:47:45.136,0.97128,0.97158,1.00,1.00
2016.11.10 21:47:45.252,0.97132,0.97158,1.00,1.00
2016.11.10 21:47:45.336,0.97127,0.97158,1.00,1.00
2016.11.10 21:47:45.582,0.97131,0.97158,1.00,1.00
2016.11.10 21:47:45.636,0.97127,0.97158,1.00,1.00
2016.11.10 21:47:45.837,0.97132,0.97158,1.00,1.00
2016.11.10 21:47:46.037,0.97128,0.97158,1.00,1.00
2016.11.10 21:47:46.337,0.97132,0.97158,1.00,1.00
2016.11.10 21:47:46.572,0.97128,0.97158,1.00,1.00
2016.11.10 21:47:46.738,0.97132,0.97158,1.00,1.00
2016.11.10 21:47:47.039,0.97128,0.97158,1.00,1.00
2016.11.10 21:47:47.139,0.97131,0.97158,1.00,1.00
2016.11.10 21:47:47.240,0.97128,0.97158,1.00,1.00
2016.11.10 21:47:48.961,0.97128,0.97153,1.00,1.00
2016.11.10 21:47:49.542,0.97132,0.97153,1.00,1.00
2016.11.10 21:47:49.873,0.97129,0.97153,1.00,1.00
2016.11.10 21:47:50.042,0.97132,0.97153,1.00,1.00
2016.11.10 21:47:50.343,0.97128,0.97153,1.00,1.00
2016.11.10 21:47:50.443,0.97131,0.97153,1.00,1.00
2016.11.10 21:47:50.543,0.97128,0.97153,1.00,1.00
2016.11.10 21:47:50.759,0.97131,0.97153,1.00,1.00
2016.11.10 21:47:51.044,0.97128,0.97153,1.00,1.00
2016.11.10 21:47:51.260,0.97131,0.97153,1.00,1.00
2016.11.10 21:47:51.544,0.97127,0.97153,1.00,1.00
2016.11.10 21:47:51.745,0.97132,0.97153,1.00,1.00
2016.11.10 21:47:51.945,0.97127,0.97153,1.00,1.00
2016.11.10 21:47:52.245,0.97132,0.97153,1.00,1.00
2016.11.10 21:47:52.346,0.97128,0.97153,1.00,1.00
2016.11.10 21:47:52.446,0.97132,0.97153,1.00,1.00
2016.11.10 21:47:52.646,0.97128,0.97153,1.00,1.00
2016.11.10 21:47:52.697,0.97128,0.97157,1.00,1.00
2016.11.10 21:47:52.997,0.97128,0.97153,1.00,1.00
2016.11.10 21:47:53.448,0.97132,0.97153,1.00,1.00
2016.11.10 21:47:53.549,0.97128,0.97153,1.00,1.00
2016.11.10 21:47:53.648,0.97132,0.97153,1.00,1.00
2016.11.10 21:47:53.848,0.97127,0.97153,1.00,1.00
2016.11.10 21:47:53.948,0.97132,0.97153,1.00,1.00
2016.11.10 21:47:54.057,0.97127,0.97153,1.00,1.00
2016.11.10 21:47:54.164,0.97131,0.97153,1.00,1.00
2016.11.10 21:47:54.280,0.97128,0.97153,1.00,1.00
2016.11.10 21:47:54.349,0.97132,0.97153,1.00,1.00
2016.11.10 21:47:54.494,0.97128,0.97153,1.00,1.00
2016.11.10 21:47:54.800,0.97127,0.97157,1.00,1.00
2016.11.10 21:47:56.017,0.97127,0.97158,1.00,1.00
2016.11.10 21:48:00.321,0.97127,0.97152,1.00,1.00
2016.11.10 21:48:01.523,0.97127,0.97158,1.00,1.00
2016.11.10 21:48:02.525,0.97127,0.97152,1.00,1.00
2016.11.10 21:48:04.878,0.97132,0.97152,1.00,1.00
2016.11.10 21:48:04.963,0.97128,0.97152,1.00,1.00
2016.11.10 21:48:08.331,0.97128,0.97158,1.00,1.00
2016.11.10 21:48:09.068,0.97132,0.97158,1.00,1.00
2016.11.10 21:48:09.172,0.97127,0.97158,1.00,1.00
2016.11.10 21:48:09.469,0.97131,0.97158,1.00,1.00
2016.11.10 21:48:09.787,0.97127,0.97158,1.00,1.00
2016.11.10 21:48:09.870,0.97132,0.97158,1.00,1.00
2016.11.10 21:48:10.271,0.97127,0.97158,1.00,1.00
2016.11.10 21:48:10.571,0.97132,0.97158,1.00,1.00
2016.11.10 21:48:10.671,0.97128,0.97158,1.00,1.00
2016.11.10 21:48:15.739,0.97128,0.97157,1.00,1.00
2016.11.10 21:48:17.139,0.97128,0.97152,1.00,1.00
2016.11.10 21:48:23.189,0.9713,0.97152,1.00,1.00
2016.11.10 21:48:24.118,0.97127,0.97152,1.00,1.00
2016.11.10 21:48:24.219,0.97129,0.97152,1.00,1.00
2016.11.10 21:48:26.401,0.97136,0.97152,1.00,1.00
2016.11.10 21:48:26.502,0.9713,0.97152,1.00,1.00
2016.11.10 21:48:26.602,0.9713,0.97164,1.00,1.00
2016.11.10 21:48:26.653,0.9713,0.97162,1.00,1.00
2016.11.10 21:48:26.804,0.97124,0.97162,1.00,1.00
2016.11.10 21:48:26.854,0.97124,0.97152,1.00,1.00
2016.11.10 21:48:27.252,0.97124,0.97157,1.00,1.00
2016.11.10 21:48:28.015,0.97123,0.97157,1.00,1.00
2016.11.10 21:48:28.624,0.97122,0.97157,1.00,1.00
2016.11.10 21:48:31.365,0.97122,0.97152,1.00,1.00
2016.11.10 21:48:31.905,0.97123,0.97152,1.00,1.00
2016.11.10 21:48:36.265,0.97123,0.97153,1.00,1.00
2016.11.10 21:48:39.237,0.97126,0.97153,1.00,1.00
2016.11.10 21:48:40.364,0.97126,0.97152,1.00,1.00
2016.11.10 21:48:41.549,0.97123,0.97152,1.00,1.00
2016.11.10 21:48:43.027,0.97122,0.97152,1.00,1.00
2016.11.10 21:48:44.059,0.97122,0.97153,1.00,1.00
2016.11.10 21:48:48.154,0.97121,0.97153,1.00,1.00
2016.11.10 21:48:48.218,0.97123,0.97153,1.00,1.00
2016.11.10 21:48:49.981,0.97123,0.97152,1.00,1.00
2016.11.10 21:48:50.744,0.97123,0.97153,1.00,1.00
2016.11.10 21:48:56.456,0.97123,0.97157,1.00,1.00
2016.11.10 21:48:57.016,0.97122,0.97157,1.00,1.00
2016.11.10 21:48:57.233,0.97122,0.97152,1.00,1.00
2016.11.10 21:48:58.538,0.9712,0.97152,1.00,1.00
2016.11.10 21:48:59.254,0.9712,0.97157,1.00,1.00
2016.11.10 21:48:59.989,0.97121,0.97157,1.00,1.00
2016.11.10 21:49:00.140,0.97125,0.97157,1.00,1.00
2016.11.10 21:49:00.870,0.97122,0.97152,1.00,1.00
2016.11.10 21:49:01.307,0.97125,0.97152,1.00,1.00
2016.11.10 21:49:01.904,0.97125,0.97153,1.00,1.00
2016.11.10 21:49:04.840,0.97125,0.97148,1.00,1.00
2016.11.10 21:49:05.140,0.97125,0.97152,1.00,1.00
2016.11.10 21:49:05.441,0.97125,0.97147,1.00,1.00
2016.11.10 21:49:06.742,0.97125,0.97152,1.00,1.00
2016.11.10 21:49:07.843,0.97125,0.97147,1.00,1.00
2016.11.10 21:49:12.581,0.97122,0.97153,1.00,1.00
2016.11.10 21:49:12.748,0.97122,0.97148,1.00,1.00
2016.11.10 21:49:13.649,0.97122,0.97152,1.00,1.00
2016.11.10 21:49:13.700,0.97125,0.97152,1.00,1.00
2016.11.10 21:49:16.102,0.97126,0.97152,1.00,1.00
2016.11.10 21:49:16.267,0.97124,0.97152,1.00,1.00
2016.11.10 21:49:16.864,0.97124,0.97153,1.00,1.00
2016.11.10 21:49:26.963,0.97124,0.97152,1.00,1.00
2016.11.10 21:49:27.781,0.97125,0.97152,1.00,1.00
2016.11.10 21:49:36.846,0.97122,0.97152,1.00,1.00
2016.11.10 21:49:37.047,0.97126,0.97153,1.00,1.00
2016.11.10 21:49:37.701,0.97126,0.97152,1.00,1.00
2016.11.10 21:49:41.505,0.97125,0.97152,1.00,1.00
2016.11.10 21:49:42.879,0.97125,0.97153,1.00,1.00
2016.11.10 21:49:49.114,0.97126,0.97153,1.00,1.00
2016.11.10 21:49:50.536,0.97125,0.97153,1.00,1.00
2016.11.10 21:49:51.287,0.97125,0.97152,1.00,1.00
2016.11.10 21:49:57.344,0.97128,0.97152,1.00,1.00
2016.11.10 21:49:58.280,0.97126,0.97152,1.00,1.00
2016.11.10 21:49:59.938,0.97123,0.97152,1.00,1.00
2016.11.10 21:50:00.538,0.97127,0.97152,1.00,1.00
2016.11.10 21:50:01.134,0.97127,0.97153,1.00,1.00
2016.11.10 21:50:01.845,0.97126,0.97153,1.00,1.00
2016.11.10 21:50:02.678,0.97123,0.97153,1.00,1.00
2016.11.10 21:50:10.213,0.97123,0.97152,1.00,1.00
2016.11.10 21:50:11.158,0.97123,0.97153,1.00,1.00
2016.11.10 21:50:11.768,0.97124,0.97153,1.00,1.00
2016.11.10 21:50:12.778,0.97121,0.97153,1.00,1.00
2016.11.10 21:50:13.418,0.97121,0.97152,1.00,1.00
2016.11.10 21:50:21.175,0.97125,0.97152,1.00,1.00
2016.11.10 21:50:23.225,0.97125,0.97157,1.00,1.00
2016.11.10 21:50:23.454,0.97125,0.97152,1.00,1.00
2016.11.10 21:50:26.583,0.97128,0.97152,1.00,1.00
2016.11.10 21:50:26.794,0.97126,0.97152,1.00,1.00
2016.11.10 21:50:27.115,0.97129,0.97152,1.00,1.00
2016.11.10 21:50:28.588,0.97123,0.97152,1.00,1.00
2016.11.10 21:50:32.857,0.97124,0.97158,1.00,1.00
2016.11.10 21:50:33.084,0.97123,0.97152,1.00,1.00
2016.11.10 21:50:35.208,0.97125,0.97152,1.00,1.00
2016.11.10 21:50:36.090,0.97125,0.97157,1.00,1.00
2016.11.10 21:50:36.663,0.97125,0.97152,1.00,1.00
2016.11.10 21:50:37.843,0.97124,0.97152,1.00,1.00
2016.11.10 21:50:39.926,0.97123,0.97157,1.00,1.00
2016.11.10 21:50:39.976,0.97123,0.97152,1.00,1.00
2016.11.10 21:50:40.164,0.97126,0.97158,1.00,1.00
2016.11.10 21:50:40.447,0.97123,0.97158,1.00,1.00
2016.11.10 21:50:43.348,0.97125,0.97158,1.00,1.00
2016.11.10 21:50:43.958,0.97126,0.97158,1.00,1.00
2016.11.10 21:50:44.849,0.97126,0.97157,1.00,1.00
2016.11.10 21:50:45.382,0.97126,0.97158,1.00,1.00
2016.11.10 21:50:45.817,0.97126,0.97153,1.00,1.00
2016.11.10 21:50:46.920,0.97125,0.97153,1.00,1.00
2016.11.10 21:50:47.588,0.97124,0.97153,1.00,1.00
2016.11.10 21:50:48.152,0.97124,0.97157,1.00,1.00
2016.11.10 21:50:48.222,0.97127,0.97157,1.00,1.00
2016.11.10 21:50:54.062,0.97127,0.97153,1.00,1.00
2016.11.10 21:50:54.174,0.97125,0.97158,1.00,1.00
2016.11.10 21:50:57.462,0.97125,0.97152,1.00,1.00
2016.11.10 21:50:58.835,0.97126,0.97152,1.00,1.00
2016.11.10 21:50:59.075,0.97128,0.97157,1.00,1.00
2016.11.10 21:50:59.364,0.97126,0.97157,1.00,1.00
2016.11.10 21:50:59.465,0.97126,0.97152,1.00,1.00
2016.11.10 21:50:59.904,0.97126,0.97157,1.00,1.00
2016.11.10 21:51:00.083,0.97123,0.97157,1.00,1.00
2016.11.10 21:51:00.183,0.97123,0.97152,1.00,1.00
2016.11.10 21:51:00.714,0.97123,0.97158,1.00,1.00
2016.11.10 21:51:01.271,0.97123,0.97157,1.00,1.00
2016.11.10 21:51:01.777,0.97123,0.97158,1.00,1.00
2016.11.10 21:51:01.878,0.97123,0.97162,1.00,1.00
2016.11.10 21:51:01.978,0.97123,0.97166,1.00,1.00
2016.11.10 21:51:02.250,0.97121,0.97168,1.00,1.00
2016.11.10 21:51:02.809,0.97121,0.97167,1.00,1.00
2016.11.10 21:51:03.169,0.97122,0.97164,1.00,1.00
2016.11.10 21:51:04.561,0.97125,0.97164,1.00,1.00
2016.11.10 21:51:05.345,0.97126,0.97166,1.00,1.00
2016.11.10 21:51:09.165,0.97123,0.97166,1.00,1.00
2016.11.10 21:51:09.477,0.97123,0.97158,1.00,1.00
2016.11.10 21:51:09.678,0.97125,0.97162,1.00,1.00
2016.11.10 21:51:10.251,0.97126,0.97162,1.00,1.00
2016.11.10 21:51:12.455,0.97127,0.97162,1.00,1.00
2016.11.10 21:51:12.981,0.97127,0.97163,1.00,1.00
2016.11.10 21:51:14.292,0.97129,0.97163,1.00,1.00
2016.11.10 21:51:15.684,0.97129,0.97162,1.00,1.00
2016.11.10 21:51:17.464,0.9713,0.97162,1.00,1.00
2016.11.10 21:51:19.792,0.97128,0.97162,1.00,1.00
2016.11.10 21:51:21.991,0.97128,0.97163,1.00,1.00
2016.11.10 21:51:23.922,0.97128,0.97162,1.00,1.00
2016.11.10 21:51:24.210,0.97128,0.97157,1.00,1.00
2016.11.10 21:51:28.315,0.97121,0.97168,1.00,1.00
2016.11.10 21:51:28.517,0.97123,0.97157,1.00,1.00
2016.11.10 21:51:29.017,0.97123,0.97152,1.00,1.00
2016.11.10 21:51:29.712,0.97122,0.97152,1.00,1.00
2016.11.10 21:51:31.248,0.97122,0.97157,1.00,1.00
2016.11.10 21:51:31.299,0.97124,0.97157,1.00,1.00
2016.11.10 21:51:32.879,0.97122,0.97157,1.00,1.00
2016.11.10 21:51:35.783,0.97126,0.97157,1.00,1.00
2016.11.10 21:51:36.284,0.97124,0.97157,1.00,1.00
2016.11.10 21:51:38.236,0.97124,0.97153,1.00,1.00
2016.11.10 21:51:38.586,0.97122,0.97153,1.00,1.00
2016.11.10 21:51:39.553,0.97122,0.97157,1.00,1.00
2016.11.10 21:51:40.413,0.97122,0.97158,1.00,1.00
2016.11.10 21:51:40.971,0.97122,0.97157,1.00,1.00
2016.11.10 21:51:43.493,0.97124,0.97157,1.00,1.00
2016.11.10 21:51:43.895,0.97126,0.97157,1.00,1.00
2016.11.10 21:51:44.494,0.97125,0.97157,1.00,1.00
2016.11.10 21:51:45.540,0.97122,0.97157,1.00,1.00
2016.11.10 21:51:46.178,0.97121,0.97157,1.00,1.00
2016.11.10 21:51:52.066,0.97121,0.97152,1.00,1.00
2016.11.10 21:51:52.116,0.97118,0.97152,1.00,1.00
2016.11.10 21:51:52.217,0.97115,0.97153,1.00,1.00
2016.11.10 21:51:52.840,0.97115,0.97148,1.00,1.00
2016.11.10 21:51:53.411,0.97116,0.97148,1.00,1.00
2016.11.10 21:51:53.731,0.97116,0.97152,1.00,1.00
2016.11.10 21:51:54.652,0.97118,0.97152,1.00,1.00
2016.11.10 21:51:56.262,0.97117,0.97152,1.00,1.00
2016.11.10 21:51:57.055,0.97118,0.97156,1.00,1.00
2016.11.10 21:51:57.155,0.97121,0.97156,1.00,1.00
2016.11.10 21:51:57.457,0.97116,0.97137,1.00,1.00
2016.11.10 21:51:58.017,0.9711,0.97137,1.00,1.00
2016.11.10 21:51:58.837,0.9711,0.97138,1.00,1.00
2016.11.10 21:51:59.066,0.97105,0.97138,1.00,1.00
2016.11.10 21:51:59.327,0.97103,0.97137,1.00,1.00
2016.11.10 21:51:59.378,0.97103,0.97133,1.00,1.00
2016.11.10 21:51:59.701,0.97108,0.97138,1.00,1.00
2016.11.10 21:51:59.752,0.97111,0.97143,1.00,1.00
2016.11.10 21:51:59.853,0.97114,0.97143,1.00,1.00
2016.11.10 21:52:00.363,0.97114,0.97142,1.00,1.00
2016.11.10 21:52:01.151,0.97115,0.97142,1.00,1.00
2016.11.10 21:52:01.811,0.97115,0.97143,1.00,1.00
2016.11.10 21:52:02.141,0.97117,0.97143,1.00,1.00
2016.11.10 21:52:02.800,0.97117,0.97142,1.00,1.00
2016.11.10 21:52:05.647,0.97117,0.97148,1.00,1.50
2016.11.10 21:52:06.063,0.97117,0.97142,1.00,1.00
2016.11.10 21:52:07.284,0.97117,0.97147,1.00,1.00
2016.11.10 21:52:07.548,0.97117,0.97143,1.00,1.00
2016.11.10 21:52:07.663,0.97117,0.97148,1.00,1.00
2016.11.10 21:52:07.764,0.97117,0.97155,1.00,1.00
2016.11.10 21:52:08.031,0.97118,0.97157,1.00,1.00
2016.11.10 21:52:08.765,0.97119,0.97158,1.00,1.00
2016.11.10 21:52:08.866,0.97118,0.9716,1.00,1.00
2016.11.10 21:52:09.038,0.97118,0.97158,1.00,1.00
2016.11.10 21:52:09.350,0.97118,0.97152,1.00,1.00
2016.11.10 21:52:10.053,0.97118,0.97153,1.00,1.00
2016.11.10 21:52:13.390,0.97118,0.97157,1.00,1.00
2016.11.10 21:52:13.440,0.9712,0.97157,1.00,1.00
2016.11.10 21:52:13.757,0.97117,0.97159,1.00,1.00
2016.11.10 21:52:13.958,0.97119,0.9716,1.00,1.00
2016.11.10 21:52:14.252,0.9712,0.97163,1.00,1.00
2016.11.10 21:52:14.449,0.97118,0.97162,1.00,1.00
2016.11.10 21:52:14.964,0.9712,0.9715,1.00,1.00
2016.11.10 21:52:15.248,0.97113,0.97148,1.00,1.00
2016.11.10 21:52:15.298,0.97113,0.97143,1.00,1.00
2016.11.10 21:52:15.359,0.97113,0.97147,1.00,1.00
2016.11.10 21:52:16.360,0.97113,0.97143,1.00,1.00
2016.11.10 21:52:17.085,0.97114,0.97143,1.00,1.00
2016.11.10 21:52:22.877,0.97118,0.97143,1.00,1.00
2016.11.10 21:52:23.078,0.97116,0.97147,1.00,1.00
2016.11.10 21:52:23.178,0.97116,0.97142,1.00,1.00
2016.11.10 21:52:23.514,0.97119,0.97142,1.00,1.00
2016.11.10 21:52:23.768,0.97124,0.97148,1.00,1.00
2016.11.10 21:52:24.069,0.97124,0.97153,1.00,1.00
2016.11.10 21:52:24.269,0.97124,0.97147,1.00,1.00
2016.11.10 21:52:25.114,0.97124,0.97148,1.00,1.00
2016.11.10 21:52:26.001,0.97124,0.97147,1.00,1.00
2016.11.10 21:52:27.110,0.97124,0.97148,1.00,1.00
2016.11.10 21:52:28.074,0.97124,0.97147,1.00,1.00
2016.11.10 21:52:28.369,0.9712,0.97148,1.00,1.00
2016.11.10 21:52:28.470,0.97125,0.97147,1.00,1.00
2016.11.10 21:52:28.671,0.9712,0.97147,1.00,1.00
2016.11.10 21:52:28.772,0.97123,0.97147,1.00,1.00
2016.11.10 21:52:28.923,0.97123,0.97158,1.00,1.00
2016.11.10 21:52:28.973,0.97125,0.97158,1.00,1.00
2016.11.10 21:52:30.378,0.97125,0.97162,1.00,1.00
2016.11.10 21:52:31.616,0.9712,0.97166,1.00,1.00
2016.11.10 21:52:31.717,0.97126,0.97157,1.00,1.00
2016.11.10 21:52:32.025,0.97125,0.97153,1.00,1.00
2016.11.10 21:52:32.325,0.97125,0.97157,1.00,1.00
2016.11.10 21:52:32.487,0.97127,0.97157,1.00,1.00
2016.11.10 21:52:34.614,0.97119,0.97162,1.00,1.00
2016.11.10 21:52:34.875,0.97124,0.97159,1.00,1.00
2016.11.10 21:52:35.207,0.97119,0.97152,1.00,1.00
2016.11.10 21:52:35.543,0.97122,0.97147,1.00,1.00
2016.11.10 21:52:37.314,0.97123,0.97152,1.00,1.00
2016.11.10 21:52:37.616,0.97125,0.97152,1.00,1.00
2016.11.10 21:52:37.817,0.97132,0.97162,1.00,1.00
2016.11.10 21:52:38.019,0.97137,0.97167,1.00,1.00
2016.11.10 21:52:38.325,0.97139,0.97167,1.00,1.00
2016.11.10 21:52:38.987,0.97138,0.97167,1.00,1.00
2016.11.10 21:52:39.906,0.97138,0.97168,1.00,1.00
2016.11.10 21:52:42.191,0.97136,0.97168,1.00,1.00
2016.11.10 21:52:43.987,0.97135,0.97168,1.00,1.00
2016.11.10 21:52:45.110,0.97135,0.97167,1.00,1.00
2016.11.10 21:52:45.489,0.97133,0.97167,1.00,1.00
2016.11.10 21:52:55.027,0.97136,0.97167,1.00,1.00
2016.11.10 21:52:56.516,0.97137,0.97167,1.00,1.00
2016.11.10 21:52:56.629,0.97135,0.97167,1.00,1.00
2016.11.10 21:53:02.841,0.97133,0.97167,1.00,1.00
2016.11.10 21:53:03.012,0.97136,0.97167,1.00,1.00
2016.11.10 21:53:13.634,0.97135,0.97167,1.00,1.00
2016.11.10 21:53:14.170,0.97131,0.97167,1.00,1.00
2016.11.10 21:53:25.687,0.97131,0.97168,1.00,1.00
2016.11.10 21:53:25.888,0.97129,0.97168,1.00,1.00
2016.11.10 21:53:25.939,0.97129,0.97162,1.00,1.00
2016.11.10 21:53:26.460,0.9713,0.97162,1.00,1.00
2016.11.10 21:53:28.491,0.97132,0.97162,1.00,1.00
2016.11.10 21:53:29.072,0.97128,0.97162,1.00,1.00
2016.11.10 21:53:29.866,0.97128,0.97163,1.00,1.00
2016.11.10 21:53:34.564,0.97127,0.97168,1.00,1.00
2016.11.10 21:53:34.664,0.97126,0.97158,1.00,1.00
2016.11.10 21:53:34.765,0.97126,0.97162,1.00,1.00
2016.11.10 21:53:35.433,0.97127,0.97162,1.00,1.00
2016.11.10 21:53:36.854,0.97127,0.97163,1.00,1.00
2016.11.10 21:53:36.906,0.97129,0.97163,1.00,1.00
2016.11.10 21:53:37.372,0.97132,0.97162,1.00,1.00
2016.11.10 21:53:42.468,0.97132,0.97167,1.00,1.00
2016.11.10 21:53:42.569,0.97132,0.97158,1.00,1.00
2016.11.10 21:53:43.183,0.97132,0.97162,1.00,1.00
2016.11.10 21:53:43.706,0.97132,0.97163,1.00,1.00
2016.11.10 21:53:44.248,0.97133,0.97162,1.00,1.00
2016.11.10 21:53:46.782,0.97132,0.97162,1.00,1.00
2016.11.10 21:53:47.182,0.97129,0.97162,1.00,1.00
2016.11.10 21:53:48.463,0.97129,0.97163,1.00,1.00
2016.11.10 21:53:48.784,0.97129,0.97158,1.00,1.00
2016.11.10 21:53:52.992,0.97129,0.97157,1.00,1.00
2016.11.10 21:53:57.423,0.97128,0.97157,1.00,1.00
2016.11.10 21:54:00.213,0.9713,0.97172,1.00,1.00
2016.11.10 21:54:00.414,0.97131,0.97178,1.00,1.00
2016.11.10 21:54:00.674,0.97131,0.97167,1.00,1.00
2016.11.10 21:54:01.361,0.97133,0.97167,1.00,1.00
2016.11.10 21:54:01.546,0.97131,0.97168,1.00,1.00
2016.11.10 21:54:02.112,0.97131,0.97167,1.00,1.00
2016.11.10 21:54:02.317,0.97133,0.97167,1.00,1.00
2016.11.10 21:54:02.654,0.97127,0.97168,1.00,1.00
2016.11.10 21:54:02.705,0.97127,0.97162,1.00,1.00
2016.11.10 21:54:02.755,0.97125,0.97162,1.00,1.00
2016.11.10 21:54:03.359,0.97125,0.97163,1.00,1.00
2016.11.10 21:54:04.019,0.97125,0.97162,1.00,1.00
2016.11.10 21:54:04.721,0.97127,0.97162,1.00,1.00
2016.11.10 21:54:04.880,0.97127,0.97167,1.00,1.00
2016.11.10 21:54:06.860,0.97126,0.97167,1.00,1.00
2016.11.10 21:54:07.454,0.97125,0.97167,1.00,1.00
2016.11.10 21:54:12.887,0.97125,0.97162,1.00,1.00
2016.11.10 21:54:14.765,0.97127,0.97162,1.00,1.00
2016.11.10 21:54:16.363,0.9712,0.97162,1.00,1.00
2016.11.10 21:54:16.493,0.97123,0.97161,1.00,1.00
2016.11.10 21:54:16.943,0.97119,0.97152,1.00,1.00
2016.11.10 21:54:17.993,0.97119,0.97153,1.00,1.00
2016.11.10 21:54:19.436,0.97119,0.97157,1.00,1.00
2016.11.10 21:54:19.486,0.97122,0.97157,1.00,1.00
2016.11.10 21:54:20.311,0.97122,0.97158,1.00,1.00
2016.11.10 21:54:20.500,0.97123,0.97162,1.00,1.00
2016.11.10 21:54:22.899,0.97123,0.97157,1.00,1.00
2016.11.10 21:54:28.762,0.97124,0.97157,1.00,1.00
2016.11.10 21:54:29.291,0.97125,0.97157,1.00,1.00
2016.11.10 21:54:31.869,0.97124,0.97157,1.00,1.00
2016.11.10 21:54:32.770,0.97123,0.97157,1.00,1.00
2016.11.10 21:54:34.009,0.97123,0.97158,1.00,1.00
2016.11.10 21:54:35.516,0.97123,0.97157,1.00,1.00
2016.11.10 21:54:37.813,0.97127,0.97157,1.00,1.00
2016.11.10 21:54:38.118,0.97126,0.97152,1.00,1.00
2016.11.10 21:54:38.616,0.97128,0.97157,1.00,1.00
2016.11.10 21:54:38.916,0.97122,0.97153,1.00,1.00
2016.11.10 21:54:39.120,0.97122,0.97158,1.00,1.00
2016.11.10 21:54:39.516,0.97122,0.97153,1.00,1.00
2016.11.10 21:54:40.206,0.97121,0.97153,1.00,1.00
2016.11.10 21:54:40.346,0.97121,0.97158,1.00,1.00
2016.11.10 21:54:41.699,0.97122,0.97158,1.00,1.00
2016.11.10 21:54:42.259,0.97121,0.97158,1.00,1.00
2016.11.10 21:54:42.714,0.97124,0.97157,1.00,1.00
2016.11.10 21:54:43.025,0.97125,0.97162,1.00,1.00
2016.11.10 21:54:45.496,0.97127,0.97162,1.00,1.00
2016.11.10 21:54:47.401,0.97128,0.97162,1.00,1.00
2016.11.10 21:54:48.734,0.97129,0.97162,1.00,1.00
2016.11.10 21:54:49.130,0.97131,0.97163,1.00,1.00
2016.11.10 21:54:49.814,0.97131,0.97162,1.00,1.00
2016.11.10 21:54:56.737,0.97127,0.97162,1.00,1.00
2016.11.10 21:54:58.959,0.97127,0.97158,1.00,1.00
2016.11.10 21:54:59.944,0.97127,0.97162,1.00,1.00
2016.11.10 21:55:00.033,0.97124,0.97162,1.00,1.00
2016.11.10 21:55:00.342,0.97124,0.97158,1.00,1.00
2016.11.10 21:55:00.443,0.97117,0.97157,1.00,1.00
2016.11.10 21:55:01.153,0.97115,0.97157,1.00,1.00
2016.11.10 21:55:01.265,0.97117,0.97157,1.00,1.00
2016.11.10 21:55:01.853,0.97115,0.97157,1.00,1.00
2016.11.10 21:55:02.161,0.97113,0.97149,1.00,1.00
2016.11.10 21:55:02.941,0.97113,0.97153,1.00,1.00
2016.11.10 21:55:03.514,0.97113,0.97152,1.00,1.00
2016.11.10 21:55:10.663,0.97116,0.97151,1.00,1.00
2016.11.10 21:55:11.008,0.97118,0.97152,1.00,1.00
2016.11.10 21:55:11.759,0.97118,0.97155,1.00,1.00
2016.11.10 21:55:14.300,0.97116,0.97155,1.00,1.00
2016.11.10 21:55:14.564,0.97116,0.97153,1.00,1.00
2016.11.10 21:55:15.164,0.97115,0.97152,1.00,1.00
2016.11.10 21:55:15.513,0.97117,0.97149,1.00,1.00
2016.11.10 21:55:15.901,0.97117,0.97147,1.00,1.00
2016.11.10 21:55:17.667,0.97117,0.97149,1.00,1.00
2016.11.10 21:55:17.767,0.97117,0.97147,1.00,1.00
2016.11.10 21:55:18.168,0.97117,0.97149,1.00,1.00
2016.11.10 21:55:20.114,0.97116,0.97153,1.00,1.00
2016.11.10 21:55:20.227,0.97117,0.97158,1.00,1.00
2016.11.10 21:55:20.316,0.97116,0.9716,1.00,1.00
2016.11.10 21:55:20.370,0.97116,0.97157,1.00,1.00
2016.11.10 21:55:20.570,0.97116,0.9716,1.00,1.00
2016.11.10 21:55:20.681,0.97114,0.97158,1.00,1.00
2016.11.10 21:55:22.984,0.97114,0.97157,1.00,1.00
2016.11.10 21:55:23.495,0.97114,0.97158,1.00,1.00
2016.11.10 21:55:26.177,0.97114,0.97157,1.00,1.00
2016.11.10 21:55:28.279,0.97114,0.97158,1.00,1.00
2016.11.10 21:55:28.805,0.97114,0.97154,1.00,1.00
2016.11.10 21:55:29.407,0.97113,0.97154,1.00,1.00
2016.11.10 21:55:32.126,0.97116,0.97153,1.00,1.00
2016.11.10 21:55:34.463,0.97118,0.9715,1.00,1.00
2016.11.10 21:55:34.770,0.97117,0.97147,1.00,1.00
2016.11.10 21:55:39.063,0.97117,0.97149,1.00,1.00
2016.11.10 21:55:39.132,0.97115,0.97152,1.00,1.00
2016.11.10 21:55:39.233,0.97113,0.97145,1.00,1.00
2016.11.10 21:55:39.593,0.97115,0.97142,1.00,1.00
2016.11.10 21:55:41.881,0.97115,0.9714,1.00,1.00
2016.11.10 21:55:43.921,0.97114,0.97143,1.00,1.00
2016.11.10 21:55:43.972,0.97118,0.97143,1.00,1.00
2016.11.10 21:55:44.073,0.97116,0.97143,1.00,1.00
2016.11.10 21:55:44.131,0.97116,0.97148,1.00,1.00
2016.11.10 21:55:44.232,0.97116,0.97143,1.00,1.00
2016.11.10 21:55:44.744,0.97121,0.97143,1.00,1.00
2016.11.10 21:55:46.262,0.9712,0.97143,1.00,1.00
2016.11.10 21:55:46.313,0.9712,0.97148,1.00,1.00
2016.11.10 21:55:46.464,0.97122,0.97148,1.00,1.00
2016.11.10 21:55:47.436,0.97122,0.97147,1.00,1.00
2016.11.10 21:55:50.205,0.97122,0.97148,1.00,1.00
2016.11.10 21:55:50.887,0.97121,0.97148,1.00,1.00
2016.11.10 21:55:51.625,0.97122,0.97147,1.00,1.00
2016.11.10 21:55:51.905,0.97113,0.97147,1.00,1.00
2016.11.10 21:55:52.005,0.9712,0.97147,1.00,1.00
2016.11.10 21:55:52.056,0.9712,0.97152,1.00,1.00
2016.11.10 21:55:52.106,0.97125,0.97152,1.00,1.00
2016.11.10 21:55:52.157,0.97125,0.97156,1.00,1.00
2016.11.10 21:55:52.258,0.97119,0.97157,1.00,1.00
2016.11.10 21:55:52.308,0.97128,0.97157,1.00,1.00
2016.11.10 21:55:52.744,0.97124,0.97157,1.00,1.00
2016.11.10 21:55:56.633,0.97124,0.97152,1.00,1.00
2016.11.10 21:55:57.055,0.97129,0.97152,1.00,1.00
2016.11.10 21:55:57.806,0.97127,0.97152,1.00,1.00
2016.11.10 21:55:58.163,0.97127,0.97148,1.00,1.00
2016.11.10 21:55:58.421,0.97127,0.97153,1.00,1.00
2016.11.10 21:55:58.657,0.97129,0.97152,1.00,1.00
2016.11.10 21:55:58.708,0.97125,0.97152,1.00,1.00
2016.11.10 21:55:59.071,0.97125,0.97148,1.00,1.00
2016.11.10 21:55:59.610,0.97126,0.97147,1.00,1.00
2016.11.10 21:55:59.762,0.97126,0.97153,1.00,1.00
2016.11.10 21:56:00.024,0.97126,0.97147,1.00,1.00
2016.11.10 21:56:00.226,0.9713,0.97153,1.00,1.00
2016.11.10 21:56:00.427,0.97129,0.97159,1.00,1.00
2016.11.10 21:56:00.528,0.97128,0.97166,1.00,1.00
2016.11.10 21:56:01.063,0.97127,0.97167,1.00,1.00
2016.11.10 21:56:01.226,0.97127,0.97162,1.00,1.00
2016.11.10 21:56:02.221,0.97129,0.97162,1.00,1.00
2016.11.10 21:56:02.631,0.97129,0.97167,1.00,1.00
2016.11.10 21:56:03.144,0.97128,0.97167,1.00,1.00
2016.11.10 21:56:03.195,0.97127,0.97161,1.00,1.00
2016.11.10 21:56:04.331,0.97126,0.97167,1.00,1.00
2016.11.10 21:56:04.431,0.97129,0.97166,1.00,1.00
2016.11.10 21:56:04.913,0.97129,0.97164,1.00,1.00
2016.11.10 21:56:05.801,0.97132,0.97166,1.00,1.00
2016.11.10 21:56:06.803,0.97134,0.97165,1.00,1.00
2016.11.10 21:56:07.446,0.97134,0.97152,1.00,1.00
2016.11.10 21:56:07.547,0.97134,0.97165,1.00,1.00
2016.11.10 21:56:07.647,0.97132,0.97173,1.00,1.00
2016.11.10 21:56:07.748,0.97134,0.97173,1.00,1.00
2016.11.10 21:56:07.849,0.97134,0.97182,1.00,1.50
2016.11.10 21:56:07.950,0.97131,0.97182,1.00,1.00
2016.11.10 21:56:08.336,0.97131,0.97185,1.00,1.00
2016.11.10 21:56:10.111,0.97132,0.97187,1.00,1.00
2016.11.10 21:56:11.313,0.9713,0.97187,1.00,1.00
2016.11.10 21:56:11.414,0.97128,0.97188,1.00,1.00
2016.11.10 21:56:12.104,0.97127,0.97187,1.00,1.00
2016.11.10 21:56:17.180,0.97127,0.97188,1.00,1.00
2016.11.10 21:56:18.044,0.97125,0.97187,1.50,1.00
2016.11.10 21:56:20.663,0.97125,0.97188,1.50,1.00
2016.11.10 21:56:20.743,0.97125,0.97182,1.00,1.00
2016.11.10 21:56:20.951,0.97125,0.97188,1.00,1.00
2016.11.10 21:56:21.749,0.97125,0.97187,1.50,1.00
2016.11.10 21:56:23.254,0.97125,0.97185,1.00,1.00
2016.11.10 21:56:25.391,0.97125,0.97183,1.00,1.00
2016.11.10 21:56:25.920,0.97125,0.97182,1.00,1.00
2016.11.10 21:56:28.961,0.97125,0.97185,1.00,1.00
2016.11.10 21:56:29.462,0.97125,0.97186,1.00,1.00
2016.11.10 21:56:30.250,0.97125,0.97184,1.00,1.00
2016.11.10 21:56:30.708,0.97125,0.97182,1.00,1.00
2016.11.10 21:56:30.863,0.97125,0.97184,1.00,1.00
2016.11.10 21:56:32.665,0.97125,0.97183,1.00,1.00
2016.11.10 21:56:33.398,0.97125,0.97184,1.00,1.00
2016.11.10 21:56:34.108,0.97125,0.97183,1.00,1.00
2016.11.10 21:56:34.868,0.97125,0.97184,1.00,1.00
2016.11.10 21:56:35.102,0.97122,0.97187,1.00,1.00
2016.11.10 21:56:35.202,0.97122,0.97183,1.00,1.00
2016.11.10 21:56:35.988,0.97122,0.97182,1.00,1.00
2016.11.10 21:56:36.104,0.97118,0.97182,1.00,1.50
2016.11.10 21:56:36.205,0.97118,0.97177,1.00,1.00
2016.11.10 21:56:36.356,0.97114,0.97177,1.00,1.00
2016.11.10 21:56:36.723,0.97118,0.97177,1.00,1.00
2016.11.10 21:56:37.195,0.97139,0.97177,1.00,1.00
2016.11.10 21:56:37.296,0.97127,0.97172,1.00,1.00
2016.11.10 21:56:37.397,0.97117,0.97172,1.00,1.00
2016.11.10 21:56:37.969,0.97117,0.97173,1.00,1.00
2016.11.10 21:56:38.520,0.97115,0.97177,1.00,1.00
2016.11.10 21:56:38.571,0.97115,0.97174,1.00,1.00
2016.11.10 21:56:38.923,0.97115,0.97172,1.00,1.50
2016.11.10 21:56:38.973,0.97112,0.97172,1.00,1.50
2016.11.10 21:56:39.158,0.97119,0.97172,1.00,1.00
2016.11.10 21:56:39.482,0.97128,0.97181,1.00,1.00
2016.11.10 21:56:41.177,0.97128,0.97183,1.00,1.50
2016.11.10 21:56:45.884,0.97128,0.97177,1.00,1.00
2016.11.10 21:56:46.484,0.97129,0.97177,1.00,1.00
2016.11.10 21:56:47.598,0.97127,0.97177,1.00,1.00
2016.11.10 21:56:48.155,0.97128,0.97177,1.00,1.00
2016.11.10 21:56:50.897,0.97129,0.97177,1.00,1.50
2016.11.10 21:56:50.998,0.97127,0.97177,1.00,1.00
2016.11.10 21:56:53.093,0.97127,0.97182,1.00,1.50
2016.11.10 21:56:54.509,0.97129,0.9718,1.00,1.00
2016.11.10 21:56:54.900,0.9713,0.97174,1.00,1.00
2016.11.10 21:56:54.951,0.97129,0.9718,1.00,1.00
2016.11.10 21:56:55.052,0.9713,0.9717,1.00,1.00
2016.11.10 21:56:56.814,0.97132,0.9717,1.00,1.00
2016.11.10 21:56:57.261,0.97129,0.97171,1.00,1.00
2016.11.10 21:56:59.020,0.97131,0.97171,1.00,1.00
2016.11.10 21:56:59.571,0.97131,0.97172,1.00,1.00
2016.11.10 21:57:00.449,0.97131,0.97173,1.00,1.00
2016.11.10 21:57:00.595,0.97131,0.97175,1.00,1.00
2016.11.10 21:57:00.695,0.97128,0.97179,1.00,1.00
2016.11.10 21:57:01.551,0.97129,0.97181,1.00,1.00
2016.11.10 21:57:01.855,0.9713,0.97176,1.00,1.00
2016.11.10 21:57:02.154,0.97126,0.97179,1.00,1.00
2016.11.10 21:57:02.355,0.97123,0.97175,1.00,1.00
2016.11.10 21:57:02.822,0.97123,0.97172,1.00,1.00
2016.11.10 21:57:07.493,0.97124,0.97167,1.00,1.00
2016.11.10 21:57:08.562,0.97122,0.97175,1.00,1.00
2016.11.10 21:57:09.193,0.9712,0.97172,1.50,1.00
2016.11.10 21:57:09.550,0.97121,0.97174,1.00,1.00
2016.11.10 21:57:10.290,0.97124,0.97178,1.00,1.00
2016.11.10 21:57:10.391,0.97125,0.97182,1.50,1.00
2016.11.10 21:57:10.727,0.97125,0.97178,1.50,1.00
2016.11.10 21:57:11.316,0.97124,0.97178,1.00,1.00
2016.11.10 21:57:14.073,0.97123,0.97178,1.00,1.50
2016.11.10 21:57:14.183,0.97117,0.97177,1.00,1.50
2016.11.10 21:57:14.340,0.97115,0.97177,1.00,1.50
2016.11.10 21:57:14.922,0.97115,0.97176,1.00,1.00
2016.11.10 21:57:15.091,0.97124,0.97175,1.00,1.00
2016.11.10 21:57:15.393,0.97145,0.97178,1.00,1.00
2016.11.10 21:57:15.594,0.9714,0.97179,1.00,1.00
2016.11.10 21:57:16.154,0.9714,0.97178,1.00,1.00
2016.11.10 21:57:16.675,0.97141,0.97178,1.00,1.00
2016.11.10 21:57:16.776,0.97139,0.97178,1.00,1.00
2016.11.10 21:57:16.942,0.97139,0.97173,1.00,1.00
2016.11.10 21:57:17.097,0.97124,0.97173,1.00,1.00
2016.11.10 21:57:17.198,0.97121,0.97173,1.00,1.00
2016.11.10 21:57:17.248,0.97121,0.97167,1.00,1.00
2016.11.10 21:57:17.299,0.97118,0.97167,1.00,1.00
2016.11.10 21:57:17.400,0.97116,0.97167,1.00,1.00
2016.11.10 21:57:18.062,0.97126,0.97167,1.00,1.00
2016.11.10 21:57:18.213,0.97126,0.97173,1.00,1.00
2016.11.10 21:57:18.264,0.97121,0.97173,1.00,1.00
2016.11.10 21:57:18.364,0.97119,0.97178,1.00,1.00
2016.11.10 21:57:19.002,0.97119,0.97177,1.00,1.00
2016.11.10 21:57:20.104,0.97128,0.97177,1.00,1.50
2016.11.10 21:57:20.305,0.97125,0.97181,1.00,1.00
2016.11.10 21:57:20.406,0.97129,0.9718,1.00,1.00
2016.11.10 21:57:20.507,0.97129,0.97182,1.00,1.00
2016.11.10 21:57:21.384,0.9713,0.9718,1.00,1.00
2016.11.10 21:57:22.123,0.97132,0.97179,1.00,1.00
2016.11.10 21:57:22.731,0.97131,0.97181,1.00,1.00
2016.11.10 21:57:25.212,0.97128,0.9718,1.00,1.00
2016.11.10 21:57:25.463,0.97127,0.97178,1.00,1.00
2016.11.10 21:57:26.333,0.97127,0.97179,1.00,1.00
2016.11.10 21:57:26.712,0.97127,0.97177,1.00,1.00
2016.11.10 21:57:26.762,0.97127,0.97179,1.00,1.00
2016.11.10 21:57:26.813,0.97129,0.97181,1.00,1.00
2016.11.10 21:57:27.548,0.9713,0.97182,1.00,1.50
2016.11.10 21:57:29.105,0.9713,0.97181,1.00,1.00
2016.11.10 21:57:29.615,0.97131,0.97181,1.00,1.00
2016.11.10 21:57:32.242,0.97132,0.97181,1.00,1.00
2016.11.10 21:57:34.063,0.97128,0.97182,1.00,1.00
2016.11.10 21:57:34.164,0.97128,0.97178,1.00,1.00
2016.11.10 21:57:34.860,0.97127,0.97179,1.00,1.00
2016.11.10 21:57:35.626,0.97126,0.97182,1.00,1.50
2016.11.10 21:57:35.727,0.97123,0.97182,1.00,1.00
2016.11.10 21:57:35.949,0.97126,0.97183,1.00,1.00
2016.11.10 21:57:36.150,0.97124,0.97182,1.00,1.00
2016.11.10 21:57:36.750,0.97124,0.97183,1.00,1.00
2016.11.10 21:57:38.663,0.97124,0.97182,1.00,1.00
2016.11.10 21:57:40.354,0.97124,0.97177,1.00,1.00
2016.11.10 21:57:42.889,0.97124,0.97183,1.00,1.00
2016.11.10 21:57:43.092,0.97124,0.97186,1.00,1.00
2016.11.10 21:57:43.220,0.97124,0.97182,1.00,1.00
2016.11.10 21:57:43.386,0.97126,0.97186,1.00,1.00
2016.11.10 21:57:43.491,0.97124,0.97187,1.00,1.00
2016.11.10 21:57:43.659,0.97124,0.97182,1.00,1.00
2016.11.10 21:57:44.175,0.97126,0.97183,1.00,1.00
2016.11.10 21:57:46.081,0.97126,0.97182,1.00,1.00
2016.11.10 21:57:46.563,0.97124,0.97182,1.00,1.00
2016.11.10 21:57:46.792,0.97123,0.97187,1.00,1.50
2016.11.10 21:57:46.863,0.97123,0.97182,1.00,1.00
2016.11.10 21:57:47.781,0.97125,0.97183,1.00,1.00
2016.11.10 21:57:48.391,0.97126,0.97183,1.00,1.00
2016.11.10 21:57:50.167,0.97126,0.97182,1.00,1.00
2016.11.10 21:57:52.970,0.97126,0.97185,1.00,1.00
2016.11.10 21:57:53.071,0.97121,0.97185,1.00,1.00
2016.11.10 21:57:53.172,0.97116,0.97185,1.00,1.00
2016.11.10 21:57:53.271,0.97116,0.97182,1.00,1.00
2016.11.10 21:57:54.308,0.97116,0.97183,1.00,1.00
2016.11.10 21:57:54.714,0.97116,0.97177,1.00,1.00
2016.11.10 21:57:54.773,0.97116,0.97183,1.00,1.00
2016.11.10 21:57:54.873,0.97118,0.97183,1.00,1.00
2016.11.10 21:57:56.097,0.97136,0.97182,1.00,1.00
2016.11.10 21:57:57.079,0.97136,0.97183,1.00,1.00
2016.11.10 21:57:57.635,0.97136,0.97184,1.00,1.00
2016.11.10 21:57:58.317,0.97134,0.97186,1.00,1.00
2016.11.10 21:58:00.078,0.97134,0.97182,1.00,1.00
2016.11.10 21:58:00.479,0.97136,0.97183,1.00,1.50
2016.11.10 21:58:00.818,0.97142,0.97188,1.50,1.00
2016.11.10 21:58:01.155,0.97142,0.97183,1.00,1.00
2016.11.10 21:58:01.206,0.97143,0.97187,1.00,1.00
2016.11.10 21:58:01.318,0.97142,0.97182,1.00,1.00
2016.11.10 21:58:01.582,0.9714,0.97182,1.00,1.00
2016.11.10 21:58:02.198,0.97139,0.97182,1.00,1.00
2016.11.10 21:58:02.728,0.9714,0.97178,1.00,1.00
2016.11.10 21:58:02.829,0.9714,0.97182,1.00,1.00
2016.11.10 21:58:03.230,0.97138,0.97182,1.50,1.00
2016.11.10 21:58:03.630,0.9714,0.97182,1.00,1.00
2016.11.10 21:58:04.133,0.97143,0.97187,1.00,1.00
2016.11.10 21:58:04.234,0.97137,0.97183,1.00,1.00
2016.11.10 21:58:07.138,0.97138,0.97182,1.00,1.00
2016.11.10 21:58:08.296,0.97137,0.97183,1.00,1.00
2016.11.10 21:58:10.133,0.97138,0.97182,1.00,1.00
2016.11.10 21:58:10.301,0.97143,0.97187,1.00,1.00
2016.11.10 21:58:10.802,0.97139,0.97182,1.00,1.00
2016.11.10 21:58:12.133,0.97143,0.97187,1.00,1.00
2016.11.10 21:58:12.253,0.97138,0.97182,1.00,1.00
2016.11.10 21:58:14.150,0.97142,0.97188,1.00,1.50
2016.11.10 21:58:14.722,0.97142,0.97187,1.00,1.00
2016.11.10 21:58:15.108,0.97138,0.97182,1.00,1.00
2016.11.10 21:58:18.121,0.97143,0.97187,1.00,1.00
2016.11.10 21:58:18.635,0.97148,0.97192,1.00,1.00
2016.11.10 21:58:19.023,0.97143,0.97187,1.00,1.00
2016.11.10 21:58:20.864,0.97137,0.97183,1.00,1.00
2016.11.10 21:58:20.966,0.97143,0.97187,1.00,1.00
2016.11.10 21:58:21.325,0.97138,0.97182,1.00,1.00
2016.11.10 21:58:22.218,0.97137,0.97183,1.00,1.00
2016.11.10 21:58:23.423,0.97138,0.97182,1.00,1.00
2016.11.10 21:58:24.621,0.97137,0.97183,1.00,1.00
2016.11.10 21:58:25.523,0.97133,0.97177,1.00,1.00
2016.11.10 21:58:29.166,0.97132,0.97178,1.00,1.00
2016.11.10 21:58:31.156,0.97138,0.97182,1.00,1.00
2016.11.10 21:58:33.233,0.97137,0.97183,1.00,1.00
2016.11.10 21:58:33.749,0.97138,0.97182,1.00,1.00
2016.11.10 21:58:35.639,0.97137,0.97183,1.00,1.00
2016.11.10 21:58:36.037,0.97132,0.97178,1.00,1.00
2016.11.10 21:58:37.047,0.97138,0.97182,1.00,1.00
2016.11.10 21:58:43.147,0.97137,0.97183,1.00,1.00
2016.11.10 21:58:48.853,0.97138,0.97182,1.00,1.00
2016.11.10 21:58:52.158,0.97133,0.97177,1.00,1.00
2016.11.10 21:58:53.096,0.97138,0.97182,1.00,1.00
2016.11.10 21:58:53.471,0.9714,0.97177,1.00,1.00
2016.11.10 21:58:54.182,0.97132,0.97178,1.50,1.00
2016.11.10 21:58:54.762,0.97138,0.97182,1.00,1.00
2016.11.10 21:58:55.063,0.97132,0.97178,1.50,1.00
2016.11.10 21:58:55.164,0.97132,0.97186,1.00,1.00
2016.11.10 21:58:55.264,0.97127,0.972,1.00,1.00
2016.11.10 21:58:55.315,0.97127,0.97212,1.00,1.00
2016.11.10 21:58:55.895,0.97128,0.97212,1.00,1.00
2016.11.10 21:58:59.075,0.97133,0.97217,1.00,1.00
2016.11.10 21:58:59.511,0.97137,0.97206,1.00,1.00
2016.11.10 21:58:59.822,0.97133,0.97187,1.00,1.00
2016.11.10 21:59:00.197,0.97138,0.97192,0.75,0.75
2016.11.10 21:59:00.304,0.97123,0.97192,0.75,0.75
2016.11.10 21:59:00.405,0.97108,0.97199,0.75,0.75
2016.11.10 21:59:00.524,0.97107,0.97197,0.75,0.75
2016.11.10 21:59:00.675,0.97107,0.97204,0.75,0.75
2016.11.10 21:59:00.749,0.97114,0.97208,0.75,0.75
2016.11.10 21:59:00.799,0.97114,0.97218,0.75,0.75
2016.11.10 21:59:00.850,0.97122,0.97218,0.75,0.75
2016.11.10 21:59:00.900,0.97122,0.97222,0.75,0.75
2016.11.10 21:59:02.179,0.97118,0.97227,0.75,0.75
2016.11.10 21:59:02.230,0.97118,0.97229,0.75,0.75
2016.11.10 21:59:02.280,0.97123,0.97227,0.75,0.75
2016.11.10 21:59:02.381,0.97126,0.97231,0.75,0.75
2016.11.10 21:59:02.482,0.97123,0.97223,0.75,0.75
2016.11.10 21:59:02.583,0.97119,0.97221,0.75,0.75
2016.11.10 21:59:02.683,0.97114,0.97212,0.75,0.75
2016.11.10 21:59:02.784,0.97096,0.97203,0.75,0.75
2016.11.10 21:59:02.835,0.97096,0.97207,0.75,1.50
2016.11.10 21:59:02.936,0.97102,0.97207,0.75,0.75
2016.11.10 21:59:03.069,0.97111,0.97217,0.75,0.75
2016.11.10 21:59:03.143,0.97111,0.9722,0.75,0.75
2016.11.10 21:59:03.194,0.97121,0.97229,0.75,0.75
2016.11.10 21:59:03.497,0.97133,0.97228,0.75,0.75
2016.11.10 21:59:03.990,0.97133,0.97231,0.75,0.75
2016.11.10 21:59:04.761,0.97127,0.97228,0.75,0.75
2016.11.10 21:59:04.812,0.97127,0.97209,0.75,0.37
2016.11.10 21:59:04.963,0.971,0.97187,0.75,0.75
2016.11.10 21:59:05.063,0.97093,0.97192,0.75,0.75
2016.11.10 21:59:05.164,0.97098,0.97197,0.75,0.75
2016.11.10 21:59:05.482,0.97097,0.97193,0.75,0.75
2016.11.10 21:59:05.858,0.97097,0.97199,0.75,0.75
2016.11.10 21:59:05.908,0.97097,0.97208,0.75,0.75
2016.11.10 21:59:06.044,0.97097,0.97212,0.75,1.50
2016.11.10 21:59:07.083,0.97101,0.97213,0.75,1.50
2016.11.10 21:59:07.701,0.97105,0.9721,0.75,0.75
2016.11.10 21:59:07.902,0.97105,0.97215,0.75,0.75
2016.11.10 21:59:07.952,0.97105,0.97213,0.75,0.75
2016.11.10 21:59:08.152,0.97105,0.97215,0.75,0.75
2016.11.10 21:59:08.203,0.97101,0.97213,0.75,0.75
2016.11.10 21:59:08.304,0.97105,0.97215,0.75,0.75
2016.11.10 21:59:08.606,0.97127,0.97228,0.75,0.75
2016.11.10 21:59:09.026,0.97131,0.9723,0.75,0.75
2016.11.10 21:59:09.440,0.97131,0.97228,0.75,0.75
2016.11.10 21:59:10.841,0.97131,0.97227,0.75,0.75
2016.11.10 21:59:11.562,0.97131,0.97228,0.75,1.50
2016.11.10 21:59:11.758,0.97124,0.97222,0.75,1.50
2016.11.10 21:59:11.809,0.97124,0.97208,0.75,0.75
2016.11.10 21:59:11.859,0.97112,0.97208,0.75,0.75
2016.11.10 21:59:11.910,0.97098,0.97199,0.75,0.75
2016.11.10 21:59:12.011,0.97093,0.97203,0.75,0.75
2016.11.10 21:59:12.061,0.97099,0.97197,0.75,0.75
2016.11.10 21:59:12.162,0.97093,0.97197,0.75,1.50
2016.11.10 21:59:13.328,0.97081,0.97197,0.75,1.50
2016.11.10 21:59:14.311,0.97081,0.97196,0.75,0.75
2016.11.10 21:59:15.306,0.97079,0.97198,0.75,0.75
2016.11.10 21:59:15.713,0.97081,0.97202,0.75,0.75
2016.11.10 21:59:15.783,0.97087,0.97203,0.75,0.75
2016.11.10 21:59:15.929,0.97098,0.97217,0.75,0.75
2016.11.10 21:59:16.030,0.97102,0.97222,0.75,1.50
2016.11.10 21:59:16.080,0.97108,0.97222,0.75,0.75
2016.11.10 21:59:16.516,0.97108,0.9722,0.75,0.75
2016.11.10 21:59:16.661,0.97106,0.9722,0.75,0.75
2016.11.10 21:59:17.209,0.97106,0.97222,0.75,0.75
2016.11.10 21:59:17.551,0.97106,0.97217,0.75,0.75
2016.11.10 21:59:17.652,0.97106,0.97222,0.75,0.37
2016.11.10 21:59:17.753,0.97106,0.97217,0.75,0.75
2016.11.10 21:59:18.653,0.97106,0.97223,0.75,0.75
2016.11.10 21:59:18.754,0.97106,0.97218,0.75,0.75
2016.11.10 21:59:20.573,0.97106,0.97217,0.75,0.75
2016.11.10 21:59:20.657,0.97106,0.97223,0.75,0.75
2016.11.10 21:59:20.815,0.97114,0.97223,0.75,0.75
2016.11.10 21:59:21.324,0.97114,0.97217,0.75,0.75
2016.11.10 21:59:21.460,0.97114,0.97222,0.75,0.75
2016.11.10 21:59:22.047,0.97118,0.97222,0.75,0.37
2016.11.10 21:59:22.562,0.97118,0.97225,0.75,0.75
2016.11.10 21:59:22.863,0.97118,0.97222,0.75,0.75
2016.11.10 21:59:23.619,0.97116,0.97222,0.75,0.75
2016.11.10 21:59:24.483,0.97116,0.97225,0.75,0.75
2016.11.10 21:59:24.583,0.97111,0.97222,0.75,0.75
2016.11.10 21:59:24.634,0.97105,0.97217,0.75,0.75
2016.11.10 21:59:24.735,0.97097,0.97217,0.75,0.75
2016.11.10 21:59:25.468,0.97097,0.97213,0.75,0.75
2016.11.10 21:59:26.034,0.97097,0.97212,0.75,0.75
2016.11.10 21:59:26.085,0.97097,0.97218,0.75,0.75
2016.11.10 21:59:26.271,0.97097,0.97212,0.75,0.75
2016.11.10 21:59:27.124,0.97094,0.97212,0.75,0.75
2016.11.10 21:59:27.175,0.97094,0.97218,0.75,0.75
2016.11.10 21:59:27.266,0.97098,0.97218,0.75,0.75
2016.11.10 21:59:27.568,0.97117,0.97223,0.75,1.50
2016.11.10 21:59:27.668,0.97112,0.97223,0.75,0.75
2016.11.10 21:59:27.758,0.97112,0.97217,0.75,0.75
2016.11.10 21:59:27.809,0.97112,0.97222,0.75,0.75
2016.11.10 21:59:27.876,0.97112,0.97218,0.75,0.75
2016.11.10 21:59:28.134,0.97107,0.97218,0.75,0.75
2016.11.10 21:59:30.217,0.97104,0.97212,0.75,0.75
2016.11.10 21:59:30.268,0.97102,0.97212,0.75,0.75
2016.11.10 21:59:30.318,0.97102,0.97202,0.75,0.75
2016.11.10 21:59:30.369,0.97078,0.97202,0.75,0.75
2016.11.10 21:59:30.469,0.97076,0.97198,0.75,0.75
2016.11.10 21:59:30.853,0.97081,0.97202,0.75,0.75
2016.11.10 21:59:31.154,0.97103,0.97212,0.75,0.75
2016.11.10 21:59:31.255,0.97096,0.97212,0.75,0.75
2016.11.10 21:59:31.306,0.97091,0.97213,0.75,0.75
2016.11.10 21:59:31.356,0.97103,0.97213,0.75,0.75
2016.11.10 21:59:31.974,0.97102,0.97212,0.75,0.75
2016.11.10 21:59:32.633,0.97102,0.97213,0.75,0.75
2016.11.10 21:59:33.292,0.97102,0.97216,0.75,0.75
2016.11.10 21:59:33.393,0.97102,0.97213,0.75,0.75
2016.11.10 21:59:34.997,0.97102,0.97212,0.75,0.75
2016.11.10 21:59:38.512,0.97102,0.97213,0.75,0.75
2016.11.10 21:59:38.663,0.97096,0.97213,0.75,0.75
2016.11.10 21:59:38.782,0.97099,0.97213,0.75,0.75
2016.11.10 21:59:38.832,0.97099,0.97218,0.75,0.75
2016.11.10 21:59:39.518,0.97099,0.97221,0.75,0.75
2016.11.10 21:59:39.808,0.97099,0.97217,0.75,0.75
2016.11.10 21:59:40.113,0.97099,0.97212,0.75,0.75
2016.11.10 21:59:40.719,0.97099,0.97213,0.75,0.75
2016.11.10 21:59:41.248,0.97099,0.97212,0.75,0.75
2016.11.10 21:59:41.849,0.971,0.97213,0.75,0.75
2016.11.10 21:59:42.715,0.971,0.97212,0.75,0.75
2016.11.10 21:59:42.884,0.9709,0.97212,0.75,0.75
2016.11.10 21:59:42.968,0.97093,0.97212,0.75,0.75
2016.11.10 21:59:43.526,0.97093,0.97208,0.75,0.75
2016.11.10 21:59:45.222,0.97093,0.97211,1.50,0.75
2016.11.10 21:59:45.273,0.97093,0.97217,2.25,0.75
2016.11.10 21:59:45.423,0.97093,0.97212,0.75,0.75
2016.11.10 21:59:46.024,0.97093,0.97213,0.75,0.75
2016.11.10 21:59:47.230,0.97093,0.97212,0.75,0.75
2016.11.10 21:59:47.836,0.97093,0.97208,0.75,0.75
2016.11.10 21:59:48.731,0.97093,0.97207,0.75,0.75
2016.11.10 21:59:50.033,0.97093,0.97212,0.75,0.75
2016.11.10 21:59:50.534,0.97093,0.97208,0.75,0.75
2016.11.10 21:59:51.637,0.97093,0.97207,0.75,0.75
2016.11.10 21:59:52.242,0.97093,0.97208,0.75,0.75
2016.11.10 21:59:52.752,0.97093,0.97207,0.75,0.75
2016.11.10 21:59:53.319,0.97093,0.97208,0.75,0.75
2016.11.10 21:59:53.820,0.97093,0.97207,0.75,0.75
2016.11.10 21:59:53.921,0.97094,0.97213,0.75,0.75
2016.11.10 21:59:54.022,0.971,0.97213,0.75,0.75
2016.11.10 21:59:54.422,0.971,0.97207,0.75,0.75
2016.11.10 21:59:55.024,0.971,0.97208,0.75,0.75
2016.11.10 21:59:55.208,0.97088,0.97212,0.75,0.75
2016.11.10 21:59:55.259,0.97073,0.97197,0.75,0.75
2016.11.10 21:59:55.574,0.97078,0.97202,0.75,0.75
2016.11.10 21:59:56.027,0.97072,0.97198,0.75,0.75
2016.11.10 21:59:56.335,0.97077,0.97203,0.75,0.75
2016.11.10 21:59:56.647,0.97072,0.97198,0.75,0.75
2016.11.10 21:59:57.077,0.97082,0.97208,0.75,0.75
2016.11.10 21:59:58.035,0.97088,0.97212,0.75,0.75
2016.11.10 21:59:58.975,0.97083,0.97207,0.75,0.75
2016.11.10 21:59:59.350,0.97088,0.97212,0.75,0.75
