2016.11.25 04:00:00.361,0.94622,0.94648,1.00,1.00
2016.11.25 04:00:00.412,0.94616,0.94648,1.00,1.00
2016.11.25 04:00:00.462,0.94616,0.94644,1.00,1.00
2016.11.25 04:00:00.776,0.94618,0.94649,1.00,1.00
2016.11.25 04:00:00.877,0.94619,0.94652,1.00,1.00
2016.11.25 04:00:01.734,0.94619,0.9465,1.00,1.00
2016.11.25 04:00:02.787,0.94621,0.94648,1.00,1.00
2016.11.25 04:00:03.922,0.94621,0.9465,1.00,1.00
2016.11.25 04:00:04.152,0.94623,0.94651,1.00,1.00
2016.11.25 04:00:04.454,0.94622,0.94649,1.00,1.00
2016.11.25 04:00:05.282,0.94624,0.94651,1.00,1.00
2016.11.25 04:00:05.332,0.94623,0.94654,1.00,1.00
2016.11.25 04:00:05.433,0.94625,0.94657,1.00,1.00
2016.11.25 04:00:06.048,0.94623,0.94657,1.00,1.50
2016.11.25 04:00:06.481,0.94625,0.94657,1.00,1.00
2016.11.25 04:00:06.531,0.94622,0.94657,1.00,1.50
2016.11.25 04:00:06.682,0.94631,0.94657,1.00,1.00
2016.11.25 04:00:06.733,0.94631,0.94662,1.00,1.00
2016.11.25 04:00:06.783,0.94634,0.94662,1.00,1.00
2016.11.25 04:00:07.061,0.94634,0.94666,1.00,1.00
2016.11.25 04:00:07.692,0.94633,0.94668,1.50,1.50
2016.11.25 04:00:09.356,0.94644,0.94668,1.00,1.00
2016.11.25 04:00:09.457,0.9465,0.94676,1.00,1.00
2016.11.25 04:00:09.558,0.9465,0.94683,1.00,1.00
2016.11.25 04:00:09.620,0.9465,0.94685,1.00,1.00
2016.11.25 04:00:09.721,0.94648,0.94685,1.00,1.00
2016.11.25 04:00:09.772,0.94648,0.94682,1.00,1.00
2016.11.25 04:00:10.389,0.94649,0.94682,1.00,1.00
2016.11.25 04:00:11.483,0.94649,0.94687,1.00,2.10
2016.11.25 04:00:12.268,0.94648,0.94684,1.00,1.35
2016.11.25 04:00:12.771,0.94647,0.94684,1.00,1.00
2016.11.25 04:00:13.142,0.94645,0.94682,1.00,1.00
2016.11.25 04:00:13.511,0.94648,0.94684,1.00,1.00
2016.11.25 04:00:14.613,0.94648,0.94683,1.00,1.00
2016.11.25 04:00:15.105,0.9465,0.94683,1.00,1.50
2016.11.25 04:00:15.825,0.94651,0.94682,1.00,1.00
2016.11.25 04:00:16.469,0.9465,0.94682,1.00,1.00
2016.11.25 04:00:16.859,0.94653,0.94683,1.00,1.00
2016.11.25 04:00:17.010,0.94651,0.94682,1.00,1.00
2016.11.25 04:00:17.723,0.94648,0.94681,1.00,1.00
2016.11.25 04:00:17.931,0.94651,0.94683,1.00,1.00
2016.11.25 04:00:18.995,0.94648,0.94681,1.00,1.00
2016.11.25 04:00:19.197,0.94651,0.94681,1.00,1.00
2016.11.25 04:00:19.599,0.94653,0.94683,1.00,1.00
2016.11.25 04:00:24.814,0.94651,0.94683,1.00,1.50
2016.11.25 04:00:25.015,0.94649,0.9468,1.00,1.00
2016.11.25 04:00:25.817,0.9465,0.94681,1.00,1.00
2016.11.25 04:00:28.989,0.94651,0.94681,1.00,1.00
2016.11.25 04:00:29.040,0.94646,0.94677,1.00,1.00
2016.11.25 04:00:29.141,0.94642,0.94683,1.00,1.50
2016.11.25 04:00:29.191,0.94645,0.94677,1.00,1.00
2016.11.25 04:00:29.493,0.94644,0.9468,1.00,1.50
2016.11.25 04:00:29.810,0.94646,0.94683,1.00,1.00
2016.11.25 04:00:29.911,0.94651,0.94683,1.00,1.00
2016.11.25 04:00:30.212,0.94649,0.94681,1.00,1.00
2016.11.25 04:00:30.916,0.94649,0.9468,1.00,1.00
2016.11.25 04:00:32.083,0.94648,0.94679,1.00,1.00
2016.11.25 04:00:34.305,0.9465,0.94681,1.00,1.00
2016.11.25 04:00:39.800,0.94649,0.94679,1.00,1.00
2016.11.25 04:00:40.872,0.94647,0.94678,1.00,1.00
2016.11.25 04:00:42.164,0.94643,0.94674,1.50,1.00
2016.11.25 04:00:42.215,0.94644,0.94677,1.00,1.00
2016.11.25 04:00:42.316,0.94647,0.94678,1.00,1.00
2016.11.25 04:00:42.366,0.94647,0.94681,1.00,1.00
2016.11.25 04:00:42.417,0.94653,0.94682,1.00,1.00
2016.11.25 04:00:42.518,0.94653,0.94684,1.00,1.00
2016.11.25 04:00:43.179,0.94652,0.94684,1.00,1.00
2016.11.25 04:00:49.931,0.94651,0.94683,1.00,1.00
2016.11.25 04:00:50.596,0.9465,0.94682,1.00,1.00
2016.11.25 04:00:55.511,0.94651,0.94682,1.00,1.00
2016.11.25 04:00:57.021,0.94651,0.94681,1.00,1.00
2016.11.25 04:00:59.225,0.9465,0.94683,1.00,1.00
2016.11.25 04:01:03.948,0.94652,0.94683,1.00,1.00
2016.11.25 04:01:04.517,0.94652,0.94682,1.00,1.00
2016.11.25 04:01:08.103,0.94652,0.94683,1.00,1.00
2016.11.25 04:01:08.610,0.94652,0.94682,1.00,1.00
2016.11.25 04:01:09.149,0.94652,0.94683,1.00,1.50
2016.11.25 04:01:09.693,0.94652,0.94682,1.00,1.00
2016.11.25 04:01:10.541,0.9465,0.94681,1.00,1.00
2016.11.25 04:01:11.230,0.9465,0.94682,1.00,1.00
2016.11.25 04:01:11.763,0.9465,0.94681,1.00,1.00
2016.11.25 04:01:12.459,0.94649,0.94679,1.00,1.00
2016.11.25 04:01:13.774,0.94649,0.9468,1.00,1.00
2016.11.25 04:01:13.975,0.94646,0.94678,1.00,1.00
2016.11.25 04:01:14.216,0.94643,0.94677,1.00,1.50
2016.11.25 04:01:14.367,0.94642,0.94675,1.00,1.00
2016.11.25 04:01:14.829,0.94644,0.94676,1.00,1.00
2016.11.25 04:01:15.131,0.9464,0.94671,1.00,1.00
2016.11.25 04:01:15.232,0.94636,0.94668,1.00,1.00
2016.11.25 04:01:15.416,0.94633,0.94668,1.50,1.00
2016.11.25 04:01:15.983,0.94633,0.94667,1.00,1.00
2016.11.25 04:01:16.261,0.94635,0.94667,1.00,1.00
2016.11.25 04:01:16.954,0.94638,0.94667,1.00,1.00
2016.11.25 04:01:17.055,0.94638,0.94669,1.00,1.00
2016.11.25 04:01:17.912,0.94635,0.94669,1.00,1.00
2016.11.25 04:01:18.490,0.94635,0.94668,1.00,1.00
2016.11.25 04:01:19.017,0.94634,0.94667,1.00,1.50
2016.11.25 04:01:19.567,0.94635,0.94667,1.00,1.00
2016.11.25 04:01:20.204,0.94635,0.94668,1.00,1.00
2016.11.25 04:01:21.328,0.94635,0.94667,1.00,1.00
2016.11.25 04:01:21.881,0.94637,0.94667,1.00,1.00
2016.11.25 04:01:21.932,0.94634,0.94668,1.00,1.00
2016.11.25 04:01:22.331,0.94637,0.94667,1.00,1.00
2016.11.25 04:01:23.555,0.94637,0.94669,1.00,1.00
2016.11.25 04:01:26.881,0.94638,0.94669,1.00,1.00
2016.11.25 04:01:27.801,0.94638,0.9467,1.00,1.00
2016.11.25 04:01:29.839,0.94639,0.94672,1.00,1.00
2016.11.25 04:01:30.292,0.94641,0.94673,1.00,1.00
2016.11.25 04:01:32.356,0.94642,0.94673,1.00,1.00
2016.11.25 04:01:33.267,0.94641,0.94673,1.00,1.00
2016.11.25 04:01:36.855,0.94642,0.94673,1.00,1.00
2016.11.25 04:01:37.471,0.94643,0.94674,1.00,1.00
2016.11.25 04:01:43.188,0.94641,0.94675,1.00,1.00
2016.11.25 04:01:43.238,0.94651,0.94675,1.00,1.00
2016.11.25 04:01:43.372,0.94656,0.94685,1.00,1.00
2016.11.25 04:01:43.473,0.94656,0.94687,1.00,1.00
2016.11.25 04:01:47.752,0.94655,0.94687,1.00,1.00
2016.11.25 04:01:52.394,0.94655,0.94688,1.00,1.00
2016.11.25 04:01:55.475,0.94655,0.94687,1.00,1.00
2016.11.25 04:01:55.981,0.94655,0.94688,1.00,1.00
2016.11.25 04:01:56.617,0.94655,0.94687,1.00,1.00
2016.11.25 04:01:57.279,0.94655,0.94688,1.00,1.50
2016.11.25 04:01:57.889,0.94654,0.94687,1.00,1.00
2016.11.25 04:01:57.940,0.94653,0.94683,1.00,1.00
2016.11.25 04:01:58.116,0.9465,0.94686,1.00,1.00
2016.11.25 04:01:59.214,0.94651,0.94682,1.00,1.00
2016.11.25 04:01:59.716,0.9465,0.94681,1.00,1.00
2016.11.25 04:02:00.711,0.94648,0.94681,1.50,1.00
2016.11.25 04:02:01.231,0.94648,0.9468,1.00,1.00
2016.11.25 04:02:01.771,0.94648,0.94681,1.50,1.00
2016.11.25 04:02:03.929,0.94648,0.9468,1.00,1.00
2016.11.25 04:02:12.677,0.94647,0.9468,1.50,1.50
2016.11.25 04:02:12.728,0.94649,0.9468,1.00,1.00
2016.11.25 04:02:14.481,0.9465,0.94682,1.00,1.00
2016.11.25 04:02:14.531,0.94648,0.9468,1.50,1.00
2016.11.25 04:02:14.687,0.94646,0.9468,1.00,1.50
2016.11.25 04:02:15.206,0.94647,0.94681,1.00,1.50
2016.11.25 04:02:15.500,0.94647,0.94679,1.00,1.00
2016.11.25 04:02:16.597,0.94647,0.94681,1.00,1.50
2016.11.25 04:02:17.207,0.94648,0.94681,1.00,1.50
2016.11.25 04:02:18.617,0.94648,0.9468,1.50,1.00
2016.11.25 04:02:25.691,0.94648,0.94679,1.00,1.00
2016.11.25 04:02:25.936,0.94646,0.94679,1.00,1.00
2016.11.25 04:02:26.088,0.94645,0.94677,1.00,1.00
2016.11.25 04:02:29.996,0.94644,0.94677,1.00,1.00
2016.11.25 04:02:30.534,0.94644,0.94676,1.00,1.00
2016.11.25 04:02:31.025,0.94643,0.94674,1.00,1.00
2016.11.25 04:02:32.307,0.94642,0.94677,1.00,2.25
2016.11.25 04:02:37.183,0.94641,0.94674,1.00,1.00
2016.11.25 04:02:37.434,0.94639,0.94673,1.00,1.50
2016.11.25 04:02:37.816,0.94643,0.94673,1.00,1.00
2016.11.25 04:02:37.867,0.94643,0.94677,1.00,2.25
2016.11.25 04:02:38.390,0.94643,0.94672,1.00,1.00
2016.11.25 04:02:39.162,0.94643,0.94677,1.00,1.50
2016.11.25 04:02:40.221,0.94643,0.94676,1.00,1.00
2016.11.25 04:02:43.085,0.94646,0.94676,1.00,1.00
2016.11.25 04:02:44.448,0.94643,0.94677,1.00,1.50
2016.11.25 04:02:45.947,0.94642,0.94677,1.00,2.25
2016.11.25 04:02:46.199,0.94644,0.94675,1.00,1.00
2016.11.25 04:02:50.805,0.94641,0.94674,1.00,1.00
2016.11.25 04:02:52.597,0.94643,0.94675,1.00,1.00
2016.11.25 04:02:54.349,0.94644,0.94676,1.00,1.00
2016.11.25 04:02:55.338,0.94643,0.94676,1.00,1.00
2016.11.25 04:02:55.695,0.94645,0.94676,1.00,1.00
2016.11.25 04:02:57.397,0.94644,0.94675,1.00,1.00
2016.11.25 04:02:57.448,0.94642,0.94675,1.50,1.00
2016.11.25 04:02:57.959,0.94642,0.94674,1.50,1.50
2016.11.25 04:02:58.482,0.94642,0.94673,1.00,1.00
2016.11.25 04:02:58.754,0.94639,0.94673,1.00,1.00
2016.11.25 04:03:00.158,0.94642,0.94673,1.00,1.00
2016.11.25 04:03:00.368,0.94639,0.94673,1.00,1.00
2016.11.25 04:03:01.079,0.94642,0.94673,1.00,1.00
2016.11.25 04:03:01.460,0.94639,0.94673,1.00,1.00
2016.11.25 04:03:02.427,0.94641,0.94672,1.00,1.00
2016.11.25 04:03:02.930,0.94641,0.94673,1.00,1.00
2016.11.25 04:03:03.464,0.94641,0.94674,1.00,1.50
2016.11.25 04:03:04.003,0.9464,0.94673,1.00,1.00
2016.11.25 04:03:04.305,0.94638,0.94671,1.00,1.50
2016.11.25 04:03:06.016,0.94635,0.9467,1.00,1.00
2016.11.25 04:03:06.387,0.94637,0.94671,1.00,1.50
2016.11.25 04:03:09.302,0.94638,0.94671,1.00,1.50
2016.11.25 04:03:14.141,0.94639,0.94671,1.00,1.00
2016.11.25 04:03:16.717,0.94641,0.94671,1.00,1.00
2016.11.25 04:03:17.242,0.94641,0.94672,1.00,1.00
2016.11.25 04:03:24.093,0.94642,0.94673,1.00,1.00
2016.11.25 04:03:25.143,0.94641,0.94674,1.00,1.00
2016.11.25 04:03:26.097,0.94642,0.94673,1.00,1.00
2016.11.25 04:03:30.619,0.94641,0.94672,1.00,1.00
2016.11.25 04:03:30.720,0.94639,0.94673,1.00,1.00
2016.11.25 04:03:30.950,0.94637,0.94672,1.00,1.50
2016.11.25 04:03:31.588,0.94638,0.9467,1.50,1.00
2016.11.25 04:03:32.371,0.94639,0.94672,1.00,1.50
2016.11.25 04:03:39.646,0.94641,0.94671,1.00,1.00
2016.11.25 04:03:39.798,0.94639,0.94672,1.00,1.50
2016.11.25 04:03:40.652,0.94639,0.94673,1.00,1.50
2016.11.25 04:03:40.753,0.9464,0.94671,1.00,1.00
2016.11.25 04:03:41.763,0.94638,0.94671,1.00,1.00
2016.11.25 04:03:42.292,0.94639,0.9467,1.00,1.00
2016.11.25 04:03:42.603,0.94636,0.94669,1.00,1.00
2016.11.25 04:03:44.115,0.94636,0.94668,1.00,1.00
2016.11.25 04:03:44.216,0.94637,0.94671,1.00,1.00
2016.11.25 04:03:44.518,0.94639,0.94671,1.00,1.00
2016.11.25 04:03:44.645,0.94637,0.9467,1.00,1.00
2016.11.25 04:03:44.745,0.94634,0.94669,1.00,1.00
2016.11.25 04:03:44.948,0.94638,0.94668,1.00,1.50
2016.11.25 04:03:45.148,0.94641,0.94672,1.00,1.50
2016.11.25 04:03:46.526,0.9464,0.94672,1.00,1.00
2016.11.25 04:03:54.994,0.9464,0.94673,1.00,1.00
2016.11.25 04:04:00.274,0.9464,0.94672,1.00,1.00
2016.11.25 04:04:00.375,0.94636,0.94672,1.00,2.25
2016.11.25 04:04:00.425,0.94635,0.94668,1.00,1.00
2016.11.25 04:04:01.325,0.94636,0.94666,1.00,1.00
2016.11.25 04:04:02.404,0.94637,0.9467,1.00,1.00
2016.11.25 04:04:02.455,0.94639,0.9467,1.00,1.00
2016.11.25 04:04:02.780,0.94642,0.94672,1.00,1.50
2016.11.25 04:04:05.757,0.9464,0.94672,1.00,1.00
2016.11.25 04:04:10.401,0.94639,0.94672,1.00,1.00
2016.11.25 04:04:11.145,0.94633,0.94662,1.00,1.00
2016.11.25 04:04:11.512,0.94636,0.94666,1.00,1.50
2016.11.25 04:04:11.613,0.94637,0.94668,1.00,1.00
2016.11.25 04:04:11.841,0.94638,0.94671,1.00,1.00
2016.11.25 04:04:12.559,0.94638,0.94669,1.00,1.00
2016.11.25 04:04:13.933,0.9464,0.94671,1.00,1.00
2016.11.25 04:04:14.524,0.94639,0.94671,1.00,1.00
2016.11.25 04:04:15.316,0.94636,0.94671,1.00,1.00
2016.11.25 04:04:15.417,0.94633,0.94665,1.50,1.00
2016.11.25 04:04:15.769,0.94634,0.94668,1.00,1.00
2016.11.25 04:04:15.820,0.94637,0.94668,1.00,1.00
2016.11.25 04:04:16.150,0.9464,0.94671,1.00,1.00
2016.11.25 04:04:16.812,0.94641,0.94672,1.00,1.00
2016.11.25 04:04:20.957,0.9464,0.94672,1.00,1.00
2016.11.25 04:04:21.262,0.9464,0.9467,1.00,1.00
2016.11.25 04:04:21.404,0.94638,0.9467,1.00,1.00
2016.11.25 04:04:22.444,0.94638,0.94669,1.00,1.00
2016.11.25 04:04:22.717,0.94636,0.94669,1.00,1.00
2016.11.25 04:04:23.021,0.94638,0.94668,1.00,1.00
2016.11.25 04:04:23.822,0.94635,0.94668,1.00,1.00
2016.11.25 04:04:24.705,0.94636,0.94669,1.00,1.00
2016.11.25 04:04:25.827,0.94638,0.94669,1.50,1.00
2016.11.25 04:04:26.328,0.94637,0.94669,1.50,1.00
2016.11.25 04:04:27.543,0.94637,0.94668,1.00,1.00
2016.11.25 04:04:28.061,0.94636,0.94667,1.00,1.00
2016.11.25 04:04:28.598,0.94637,0.9467,1.00,1.00
2016.11.25 04:04:29.182,0.94638,0.9467,1.00,1.00
2016.11.25 04:04:29.996,0.94637,0.94669,1.50,1.00
2016.11.25 04:04:30.535,0.94638,0.9467,1.00,1.00
2016.11.25 04:04:30.586,0.94638,0.94668,1.00,1.00
2016.11.25 04:04:31.036,0.94635,0.94668,1.00,1.00
2016.11.25 04:04:31.538,0.94636,0.94669,1.00,1.00
2016.11.25 04:04:34.840,0.94638,0.94668,1.00,1.00
2016.11.25 04:04:34.891,0.94638,0.9467,1.00,1.00
2016.11.25 04:04:35.515,0.94637,0.9467,1.00,1.00
2016.11.25 04:04:35.876,0.94639,0.94669,1.00,1.00
2016.11.25 04:04:36.131,0.94635,0.94666,1.00,1.00
2016.11.25 04:04:36.672,0.94636,0.94667,1.00,1.00
2016.11.25 04:04:38.487,0.94636,0.94666,1.00,1.00
2016.11.25 04:04:40.741,0.94636,0.94667,1.00,1.00
2016.11.25 04:04:41.405,0.94632,0.94666,1.00,1.00
2016.11.25 04:04:41.606,0.94628,0.94659,1.00,1.00
2016.11.25 04:04:41.757,0.94625,0.94658,1.00,1.00
2016.11.25 04:04:41.808,0.94624,0.94656,1.00,1.00
2016.11.25 04:04:42.059,0.94626,0.94659,1.00,1.00
2016.11.25 04:04:42.160,0.94631,0.94662,1.00,1.00
2016.11.25 04:04:42.211,0.94634,0.94666,1.00,1.50
2016.11.25 04:04:42.412,0.94637,0.94667,1.00,1.00
2016.11.25 04:04:43.136,0.94636,0.94667,1.00,1.00
2016.11.25 04:04:44.061,0.94636,0.94668,1.00,1.00
2016.11.25 04:04:44.624,0.94636,0.94667,1.00,1.00
2016.11.25 04:04:45.140,0.94636,0.94668,1.00,1.50
2016.11.25 04:04:45.694,0.94636,0.94667,1.00,1.00
2016.11.25 04:04:50.073,0.94633,0.94664,1.00,1.00
2016.11.25 04:04:50.123,0.94631,0.94663,1.00,1.00
2016.11.25 04:04:50.661,0.9463,0.94663,1.00,1.50
2016.11.25 04:04:51.876,0.94633,0.94663,1.00,1.00
2016.11.25 04:04:52.378,0.94634,0.94665,1.00,1.00
2016.11.25 04:04:53.007,0.94632,0.94663,1.00,1.00
2016.11.25 04:04:53.058,0.9463,0.94663,1.00,1.00
2016.11.25 04:04:53.108,0.94633,0.94664,1.00,1.00
2016.11.25 04:04:57.387,0.9463,0.94661,1.00,1.00
2016.11.25 04:04:57.909,0.9463,0.94662,1.00,1.00
2016.11.25 04:04:58.213,0.94635,0.94665,1.00,1.50
2016.11.25 04:04:59.052,0.94635,0.94667,1.00,1.50
2016.11.25 04:04:59.576,0.94634,0.94666,1.00,1.00
2016.11.25 04:05:00.758,0.94634,0.94665,1.00,1.00
2016.11.25 04:05:00.809,0.94635,0.94667,1.00,1.50
2016.11.25 04:05:01.746,0.94634,0.94666,1.00,1.00
2016.11.25 04:05:02.782,0.94633,0.94666,1.00,1.00
2016.11.25 04:05:02.883,0.94632,0.94664,1.00,1.00
2016.11.25 04:05:04.591,0.94631,0.94662,1.00,1.00
2016.11.25 04:05:05.106,0.9463,0.94662,1.00,1.50
2016.11.25 04:05:05.676,0.94632,0.94662,1.00,1.00
2016.11.25 04:05:05.777,0.94634,0.94665,1.00,1.00
2016.11.25 04:05:05.868,0.94634,0.94667,1.00,1.00
2016.11.25 04:05:06.299,0.94633,0.94665,1.50,1.00
2016.11.25 04:05:06.803,0.94633,0.94664,1.00,1.00
2016.11.25 04:05:07.291,0.94633,0.94662,1.00,1.00
2016.11.25 04:05:07.442,0.94633,0.94665,1.00,1.00
2016.11.25 04:05:07.595,0.94632,0.94662,1.00,1.00
2016.11.25 04:05:10.384,0.94629,0.94662,1.00,1.50
2016.11.25 04:05:10.559,0.94628,0.94657,1.00,1.00
2016.11.25 04:05:10.660,0.94624,0.94655,1.00,1.00
2016.11.25 04:05:11.019,0.94624,0.94652,1.00,1.00
2016.11.25 04:05:11.336,0.94622,0.94652,1.00,1.00
2016.11.25 04:05:11.456,0.9462,0.94652,1.00,1.00
2016.11.25 04:05:11.720,0.94622,0.94653,1.00,1.50
2016.11.25 04:05:15.762,0.94617,0.94653,1.00,1.00
2016.11.25 04:05:15.812,0.94618,0.94648,1.00,1.00
2016.11.25 04:05:16.029,0.94611,0.94643,1.00,1.00
2016.11.25 04:05:16.232,0.94609,0.9464,1.00,1.00
2016.11.25 04:05:16.885,0.9461,0.94641,1.00,1.00
2016.11.25 04:05:17.187,0.94613,0.94641,1.00,1.00
2016.11.25 04:05:17.287,0.9461,0.94641,1.00,1.00
2016.11.25 04:05:19.497,0.94611,0.94642,1.00,1.50
2016.11.25 04:05:20.151,0.9461,0.94642,1.00,1.50
2016.11.25 04:05:20.792,0.94611,0.94642,1.00,1.00
2016.11.25 04:05:24.919,0.9461,0.94642,1.00,1.50
2016.11.25 04:05:26.052,0.94611,0.94642,1.00,1.50
2016.11.25 04:05:27.571,0.9461,0.9464,1.00,1.00
2016.11.25 04:05:27.671,0.9461,0.94642,1.00,1.50
2016.11.25 04:05:27.923,0.94613,0.94643,1.00,1.50
2016.11.25 04:05:27.974,0.94609,0.94641,1.00,1.00
2016.11.25 04:05:28.244,0.94608,0.94646,1.00,1.35
2016.11.25 04:05:28.303,0.94608,0.94643,1.00,1.00
2016.11.25 04:05:28.605,0.94612,0.94644,1.00,1.00
2016.11.25 04:05:29.256,0.94611,0.94644,1.00,1.00
2016.11.25 04:05:29.937,0.94612,0.94642,1.00,1.00
2016.11.25 04:05:30.305,0.94613,0.94645,1.00,1.00
2016.11.25 04:05:31.474,0.94609,0.94644,1.00,1.00
2016.11.25 04:05:31.525,0.94613,0.94644,1.00,1.00
2016.11.25 04:05:31.960,0.94615,0.94645,1.00,1.00
2016.11.25 04:05:32.470,0.94616,0.94647,1.00,1.00
2016.11.25 04:05:33.012,0.94617,0.94648,1.00,1.50
2016.11.25 04:05:33.522,0.94616,0.94647,1.00,1.00
2016.11.25 04:05:34.750,0.94616,0.94646,1.00,1.00
2016.11.25 04:05:35.072,0.94613,0.94646,1.00,1.00
2016.11.25 04:05:35.547,0.94615,0.94646,1.00,1.00
2016.11.25 04:05:35.799,0.94616,0.94648,1.00,1.00
2016.11.25 04:05:36.562,0.94615,0.94648,1.00,1.50
2016.11.25 04:05:36.895,0.94615,0.94646,1.00,1.00
2016.11.25 04:05:37.048,0.94616,0.94648,1.00,1.50
2016.11.25 04:05:37.783,0.94615,0.94646,1.00,1.00
2016.11.25 04:05:40.583,0.94613,0.94646,1.50,1.00
2016.11.25 04:05:41.084,0.94615,0.94646,1.00,1.00
2016.11.25 04:05:42.072,0.94616,0.94647,1.00,1.00
2016.11.25 04:05:42.273,0.94617,0.9465,1.00,1.00
2016.11.25 04:05:43.086,0.94616,0.94649,1.00,1.00
2016.11.25 04:05:44.629,0.94615,0.94649,1.00,1.00
2016.11.25 04:05:45.127,0.94615,0.94647,1.00,1.00
2016.11.25 04:05:45.379,0.94612,0.94646,1.50,1.00
2016.11.25 04:05:45.921,0.94613,0.94646,1.00,1.00
2016.11.25 04:05:45.971,0.94613,0.94644,1.00,1.00
2016.11.25 04:05:46.818,0.94613,0.94643,1.00,1.00
2016.11.25 04:05:47.476,0.94613,0.94642,1.00,1.00
2016.11.25 04:05:50.331,0.94613,0.94639,1.00,1.00
2016.11.25 04:05:50.382,0.94609,0.94641,1.00,1.00
2016.11.25 04:05:50.851,0.94613,0.94641,1.00,1.00
2016.11.25 04:05:51.373,0.94612,0.94644,1.50,1.00
2016.11.25 04:05:51.578,0.94613,0.94647,1.00,1.50
2016.11.25 04:05:55.612,0.94615,0.94645,1.00,1.00
2016.11.25 04:05:59.630,0.94615,0.94647,1.00,1.00
2016.11.25 04:06:00.147,0.94616,0.94647,1.00,1.00
2016.11.25 04:06:00.776,0.94617,0.94646,1.00,1.00
2016.11.25 04:06:01.273,0.94615,0.94645,1.00,1.00
2016.11.25 04:06:01.797,0.94615,0.94646,1.00,1.00
2016.11.25 04:06:02.049,0.94616,0.94649,1.00,1.00
2016.11.25 04:06:02.222,0.94622,0.94652,1.00,1.00
2016.11.25 04:06:02.526,0.94624,0.94654,1.00,1.00
2016.11.25 04:06:03.027,0.94625,0.94656,1.00,1.00
2016.11.25 04:06:03.821,0.94624,0.94655,1.00,1.00
2016.11.25 04:06:04.073,0.94623,0.94653,1.50,1.00
2016.11.25 04:06:04.376,0.94619,0.94655,1.00,1.00
2016.11.25 04:06:04.642,0.94621,0.94655,1.00,1.00
2016.11.25 04:06:04.962,0.94623,0.94655,1.00,1.00
2016.11.25 04:06:05.264,0.94627,0.94657,1.00,1.00
2016.11.25 04:06:06.799,0.94626,0.94656,1.00,1.00
2016.11.25 04:06:06.850,0.94623,0.94656,1.50,1.00
2016.11.25 04:06:06.900,0.94623,0.94652,1.00,1.00
2016.11.25 04:06:07.001,0.9462,0.94651,1.00,1.00
2016.11.25 04:06:07.102,0.94618,0.94651,1.00,1.00
2016.11.25 04:06:07.553,0.94617,0.94648,1.00,1.00
2016.11.25 04:06:09.364,0.94617,0.94647,1.00,1.00
2016.11.25 04:06:10.072,0.94618,0.94647,1.00,1.00
2016.11.25 04:06:10.389,0.94614,0.94645,1.00,1.00
2016.11.25 04:06:10.641,0.94613,0.94647,1.00,1.50
2016.11.25 04:06:11.269,0.94613,0.94646,1.00,1.00
2016.11.25 04:06:13.301,0.94614,0.94647,1.00,1.00
2016.11.25 04:06:14.269,0.94616,0.94647,1.00,1.50
2016.11.25 04:06:16.325,0.94616,0.94646,1.00,1.00
2016.11.25 04:06:16.868,0.94615,0.94646,1.00,1.00
2016.11.25 04:06:18.189,0.94614,0.94647,1.00,1.50
2016.11.25 04:06:18.865,0.94614,0.94645,1.00,1.00
2016.11.25 04:06:19.460,0.94615,0.94646,1.00,1.00
2016.11.25 04:06:21.562,0.94613,0.94647,1.50,1.50
2016.11.25 04:06:21.974,0.94615,0.94645,1.00,1.00
2016.11.25 04:06:22.190,0.94614,0.94647,1.00,1.00
2016.11.25 04:06:22.687,0.94616,0.94646,1.00,1.00
2016.11.25 04:06:23.215,0.94616,0.94647,1.00,1.00
2016.11.25 04:06:23.739,0.94618,0.94646,1.00,1.00
2016.11.25 04:06:23.894,0.94615,0.94646,1.00,1.00
2016.11.25 04:06:23.995,0.94615,0.94648,1.00,1.00
2016.11.25 04:06:24.435,0.94613,0.94646,1.00,1.00
2016.11.25 04:06:24.745,0.94608,0.94641,1.00,1.00
2016.11.25 04:06:25.375,0.94608,0.94637,1.00,1.00
2016.11.25 04:06:25.826,0.94608,0.9464,1.00,1.00
2016.11.25 04:06:26.081,0.94607,0.94644,1.00,1.00
2016.11.25 04:06:26.321,0.94616,0.94647,1.00,1.00
2016.11.25 04:06:26.622,0.94618,0.94651,1.00,1.00
2016.11.25 04:06:26.774,0.94616,0.94648,1.00,1.00
2016.11.25 04:06:30.029,0.94618,0.94648,1.00,1.00
2016.11.25 04:06:31.610,0.9462,0.9465,1.00,1.00
2016.11.25 04:06:31.661,0.94618,0.9465,1.00,1.00
2016.11.25 04:06:31.960,0.94618,0.94647,1.00,1.00
2016.11.25 04:06:32.061,0.94616,0.94647,1.00,1.00
2016.11.25 04:06:33.101,0.94615,0.94647,1.00,1.00
2016.11.25 04:06:34.205,0.94614,0.94647,1.00,1.00
2016.11.25 04:06:34.256,0.94612,0.94645,1.00,1.00
2016.11.25 04:06:34.568,0.94614,0.94647,1.00,1.00
2016.11.25 04:06:35.235,0.94614,0.94648,1.00,1.00
2016.11.25 04:06:35.768,0.94613,0.94647,1.00,1.00
2016.11.25 04:06:36.409,0.94615,0.94648,1.00,1.50
2016.11.25 04:06:37.189,0.94614,0.94646,1.00,1.00
2016.11.25 04:06:40.319,0.94613,0.94645,1.00,1.00
2016.11.25 04:06:40.521,0.94613,0.94648,1.00,1.50
2016.11.25 04:06:41.025,0.94613,0.94647,1.00,1.00
2016.11.25 04:06:41.125,0.94613,0.94642,1.00,1.00
2016.11.25 04:06:41.176,0.94611,0.94642,1.00,1.00
2016.11.25 04:06:41.227,0.94608,0.94639,1.50,1.00
2016.11.25 04:06:41.570,0.94609,0.94641,1.00,1.00
2016.11.25 04:06:41.721,0.9461,0.94644,1.00,1.50
2016.11.25 04:06:42.138,0.94613,0.94649,1.00,1.00
2016.11.25 04:06:42.188,0.94615,0.94649,1.00,1.00
2016.11.25 04:06:42.239,0.94615,0.94653,1.00,1.50
2016.11.25 04:06:42.289,0.94619,0.94653,1.00,1.00
2016.11.25 04:06:43.821,0.9462,0.94652,1.00,1.00
2016.11.25 04:06:44.571,0.94619,0.94651,1.00,1.00
2016.11.25 04:06:45.029,0.94622,0.94652,1.00,1.00
2016.11.25 04:06:45.268,0.9462,0.94652,1.00,1.00
2016.11.25 04:06:45.319,0.94618,0.94651,1.00,1.00
2016.11.25 04:06:45.862,0.94617,0.94648,1.00,1.00
2016.11.25 04:06:46.384,0.94617,0.94647,1.00,1.00
2016.11.25 04:06:46.931,0.94615,0.94648,1.00,1.00
2016.11.25 04:06:47.032,0.94617,0.94648,1.00,1.00
2016.11.25 04:06:47.595,0.94619,0.94652,1.00,2.25
2016.11.25 04:06:50.123,0.94618,0.94652,1.00,1.50
2016.11.25 04:06:51.335,0.94621,0.94651,1.00,1.00
2016.11.25 04:06:55.084,0.94619,0.94651,1.00,1.00
2016.11.25 04:06:55.584,0.94619,0.94653,1.00,1.00
2016.11.25 04:06:56.252,0.94622,0.94652,1.00,1.00
2016.11.25 04:06:56.603,0.94619,0.94645,1.00,1.00
2016.11.25 04:06:57.514,0.94618,0.94647,1.00,1.00
2016.11.25 04:06:57.627,0.94618,0.94644,1.00,1.00
2016.11.25 04:06:57.863,0.94614,0.94643,1.00,1.00
2016.11.25 04:06:57.914,0.94613,0.9464,1.00,1.00
2016.11.25 04:06:58.188,0.9461,0.94638,1.00,1.00
2016.11.25 04:06:58.389,0.9461,0.9464,1.00,1.00
2016.11.25 04:06:58.440,0.94607,0.94634,1.00,1.00
2016.11.25 04:06:58.765,0.94605,0.94631,1.00,1.00
2016.11.25 04:06:58.816,0.94605,0.94634,1.00,1.00
2016.11.25 04:06:58.866,0.94607,0.94634,1.00,1.00
2016.11.25 04:06:59.411,0.94608,0.94634,1.00,1.00
2016.11.25 04:06:59.927,0.94607,0.94637,1.00,1.00
2016.11.25 04:07:00.078,0.94607,0.94634,1.00,1.00
2016.11.25 04:07:00.179,0.94603,0.94634,1.50,1.00
2016.11.25 04:07:00.280,0.94603,0.94632,1.00,1.00
2016.11.25 04:07:00.481,0.94594,0.94624,1.00,1.00
2016.11.25 04:07:00.582,0.94592,0.94622,1.00,1.00
2016.11.25 04:07:00.919,0.94596,0.94628,1.00,1.50
2016.11.25 04:07:01.110,0.94598,0.94632,1.00,1.50
2016.11.25 04:07:01.611,0.94597,0.94629,1.00,1.00
2016.11.25 04:07:01.763,0.946,0.94634,1.00,1.00
2016.11.25 04:07:01.864,0.94604,0.94636,1.00,1.50
2016.11.25 04:07:02.212,0.94602,0.94634,1.00,1.00
2016.11.25 04:07:03.495,0.946,0.94634,1.00,1.00
2016.11.25 04:07:04.134,0.94598,0.94632,1.50,1.00
2016.11.25 04:07:04.468,0.94598,0.94628,1.00,1.00
2016.11.25 04:07:04.580,0.94596,0.94628,1.00,1.00
2016.11.25 04:07:04.694,0.94598,0.94628,1.00,1.00
2016.11.25 04:07:04.912,0.94592,0.94623,1.00,1.00
2016.11.25 04:07:04.963,0.9459,0.94622,1.00,1.00
2016.11.25 04:07:05.013,0.94593,0.94625,1.00,1.00
2016.11.25 04:07:05.300,0.94584,0.94617,1.00,1.00
2016.11.25 04:07:05.603,0.94584,0.94612,1.00,1.00
2016.11.25 04:07:05.931,0.94582,0.94612,1.00,1.00
2016.11.25 04:07:06.761,0.94584,0.94612,1.00,1.00
2016.11.25 04:07:07.342,0.94584,0.94613,1.00,1.00
2016.11.25 04:07:07.915,0.94585,0.94612,1.00,1.00
2016.11.25 04:07:07.991,0.94585,0.94617,1.00,1.00
2016.11.25 04:07:08.107,0.94585,0.94619,1.00,1.00
2016.11.25 04:07:08.391,0.94585,0.94613,1.00,1.00
2016.11.25 04:07:08.603,0.94582,0.94613,1.00,1.00
2016.11.25 04:07:09.042,0.94582,0.94607,1.00,1.00
2016.11.25 04:07:09.909,0.94582,0.94616,1.00,1.00
2016.11.25 04:07:10.402,0.94582,0.94607,1.00,1.00
2016.11.25 04:07:10.943,0.94581,0.94607,1.00,1.00
2016.11.25 04:07:11.214,0.94582,0.94613,1.00,1.00
2016.11.25 04:07:11.741,0.94582,0.94612,1.00,1.00
2016.11.25 04:07:12.160,0.94575,0.94605,1.00,1.00
2016.11.25 04:07:12.462,0.9457,0.946,1.00,1.00
2016.11.25 04:07:13.062,0.9457,0.94598,1.00,1.00
2016.11.25 04:07:13.300,0.94568,0.94598,1.00,1.00
2016.11.25 04:07:14.053,0.94568,0.94597,1.00,1.00
2016.11.25 04:07:15.022,0.94568,0.94592,1.00,1.00
2016.11.25 04:07:16.946,0.94567,0.94592,1.00,1.00
2016.11.25 04:07:17.125,0.94567,0.94597,1.00,1.00
2016.11.25 04:07:17.276,0.94571,0.94597,1.00,1.50
2016.11.25 04:07:20.457,0.94571,0.94599,1.00,1.00
2016.11.25 04:07:20.982,0.9457,0.94598,1.00,1.00
2016.11.25 04:07:21.315,0.94568,0.94594,1.00,1.00
2016.11.25 04:07:21.567,0.94558,0.94586,1.00,1.00
2016.11.25 04:07:21.842,0.94558,0.94588,1.00,1.00
2016.11.25 04:07:22.065,0.94561,0.94587,1.00,1.00
2016.11.25 04:07:22.829,0.94563,0.94589,1.00,1.00
2016.11.25 04:07:26.293,0.94561,0.94589,1.00,1.00
2016.11.25 04:07:27.361,0.94561,0.94587,1.00,1.00
2016.11.25 04:07:27.664,0.94559,0.94585,1.00,1.00
2016.11.25 04:07:28.494,0.94555,0.94583,1.00,1.00
2016.11.25 04:07:28.544,0.94553,0.94581,1.00,1.00
2016.11.25 04:07:28.905,0.94548,0.94576,1.00,1.00
2016.11.25 04:07:31.164,0.94546,0.94574,1.00,1.00
2016.11.25 04:07:32.070,0.94548,0.94574,1.00,1.00
2016.11.25 04:07:33.159,0.94548,0.94573,1.00,1.00
2016.11.25 04:07:38.393,0.94547,0.94573,1.00,1.50
2016.11.25 04:07:38.731,0.94571,0.94589,1.00,1.00
2016.11.25 04:07:38.781,0.94571,0.94596,1.00,1.00
2016.11.25 04:07:39.033,0.94567,0.94594,1.00,1.00
2016.11.25 04:07:39.096,0.94567,0.94592,1.00,1.00
2016.11.25 04:07:39.197,0.94567,0.94594,1.00,1.00
2016.11.25 04:07:39.500,0.94567,0.94592,1.00,1.00
2016.11.25 04:07:39.651,0.94563,0.94592,1.00,1.00
2016.11.25 04:07:39.798,0.94567,0.94592,1.00,1.00
2016.11.25 04:07:39.899,0.94574,0.94601,1.00,1.00
2016.11.25 04:07:40.000,0.94574,0.94603,1.00,1.00
2016.11.25 04:07:40.402,0.94574,0.94597,1.00,1.00
2016.11.25 04:07:40.577,0.94571,0.94597,1.00,1.00
2016.11.25 04:07:40.889,0.94569,0.94597,1.00,1.00
2016.11.25 04:07:41.417,0.94569,0.94598,1.00,1.00
2016.11.25 04:07:41.921,0.9457,0.94598,1.00,1.00
2016.11.25 04:07:42.066,0.94568,0.94598,1.00,1.00
2016.11.25 04:07:42.218,0.94568,0.94592,1.00,1.00
2016.11.25 04:07:42.319,0.94563,0.94593,1.50,1.00
2016.11.25 04:07:42.369,0.94563,0.94587,1.00,1.00
2016.11.25 04:07:42.508,0.94557,0.94588,1.00,1.00
2016.11.25 04:07:42.609,0.9456,0.94587,1.00,1.00
2016.11.25 04:07:42.660,0.94558,0.94587,1.00,1.00
2016.11.25 04:07:42.711,0.94554,0.94587,1.00,1.00
2016.11.25 04:07:42.811,0.9455,0.94582,1.00,1.00
2016.11.25 04:07:43.322,0.9455,0.94583,1.00,1.00
2016.11.25 04:07:43.624,0.94552,0.94578,1.00,1.00
2016.11.25 04:07:43.675,0.94552,0.94582,1.00,1.00
2016.11.25 04:07:43.893,0.94549,0.94584,1.00,1.00
2016.11.25 04:07:44.112,0.94549,0.94582,1.00,1.00
2016.11.25 04:07:44.414,0.94549,0.94578,1.00,1.00
2016.11.25 04:07:44.574,0.94549,0.94582,1.00,1.00
2016.11.25 04:07:45.076,0.94549,0.94583,1.00,1.50
2016.11.25 04:07:45.862,0.94549,0.94582,1.00,1.00
2016.11.25 04:07:47.007,0.9455,0.94581,1.00,1.00
2016.11.25 04:07:47.388,0.94552,0.94582,1.00,1.00
2016.11.25 04:07:48.431,0.94551,0.94582,1.00,1.00
2016.11.25 04:07:48.933,0.94551,0.94578,1.00,1.00
2016.11.25 04:07:49.463,0.94552,0.94577,1.00,1.00
2016.11.25 04:07:50.235,0.9455,0.94577,1.00,1.00
2016.11.25 04:07:50.286,0.94552,0.94577,1.00,1.00
2016.11.25 04:07:50.386,0.94552,0.94582,1.00,1.50
2016.11.25 04:07:55.096,0.94552,0.94577,1.00,1.00
2016.11.25 04:07:55.852,0.94554,0.94577,1.00,1.00
2016.11.25 04:07:56.696,0.94554,0.94578,1.00,1.00
2016.11.25 04:07:57.000,0.94557,0.94578,1.00,1.00
2016.11.25 04:07:57.100,0.94557,0.94583,1.00,1.50
2016.11.25 04:07:57.673,0.94557,0.94582,1.00,1.00
2016.11.25 04:07:57.824,0.94558,0.94586,1.00,1.00
2016.11.25 04:07:58.681,0.94559,0.94586,1.00,1.00
2016.11.25 04:08:02.037,0.94558,0.94585,1.00,1.00
2016.11.25 04:08:03.612,0.9456,0.94587,1.00,1.50
2016.11.25 04:08:04.656,0.94561,0.94587,1.00,1.00
2016.11.25 04:08:04.947,0.94557,0.94584,1.00,1.00
2016.11.25 04:08:05.019,0.94552,0.94578,1.00,1.00
2016.11.25 04:08:05.070,0.94548,0.94576,1.00,1.00
2016.11.25 04:08:05.121,0.9455,0.94573,1.00,1.00
2016.11.25 04:08:05.272,0.94548,0.94573,1.00,1.00
2016.11.25 04:08:05.373,0.94548,0.94575,1.00,1.00
2016.11.25 04:08:05.729,0.94551,0.94577,1.00,1.50
2016.11.25 04:08:06.138,0.94548,0.94577,1.00,1.50
2016.11.25 04:08:09.184,0.94548,0.94578,1.00,1.00
2016.11.25 04:08:09.584,0.94549,0.94575,1.00,1.00
2016.11.25 04:08:10.882,0.94548,0.94575,1.00,1.00
2016.11.25 04:08:17.948,0.94559,0.94581,1.00,1.00
2016.11.25 04:08:18.150,0.94563,0.94588,1.00,1.00
2016.11.25 04:08:18.979,0.94562,0.94588,1.00,1.00
2016.11.25 04:08:19.593,0.94562,0.94587,1.00,1.00
2016.11.25 04:08:23.053,0.94561,0.94587,1.00,1.00
2016.11.25 04:08:24.435,0.94561,0.94588,1.00,1.50
2016.11.25 04:08:25.005,0.94562,0.94588,1.00,1.50
2016.11.25 04:08:26.412,0.94561,0.94588,1.00,1.50
2016.11.25 04:08:28.139,0.94561,0.94587,1.00,1.00
2016.11.25 04:08:28.838,0.94561,0.94586,1.00,1.00
2016.11.25 04:08:28.992,0.94559,0.94584,1.00,1.00
2016.11.25 04:08:29.043,0.94556,0.94582,1.00,1.00
2016.11.25 04:08:29.244,0.94556,0.94584,1.00,1.00
2016.11.25 04:08:29.679,0.94556,0.94582,1.00,1.00
2016.11.25 04:08:30.056,0.94559,0.94583,1.00,1.00
2016.11.25 04:08:30.559,0.94559,0.94582,1.00,1.00
2016.11.25 04:08:30.811,0.94552,0.94577,1.00,1.00
2016.11.25 04:08:31.012,0.9455,0.94576,1.00,1.00
2016.11.25 04:08:35.928,0.94551,0.94578,1.00,1.00
2016.11.25 04:08:36.080,0.94552,0.9458,1.00,1.50
2016.11.25 04:08:36.351,0.94552,0.94573,1.00,1.00
2016.11.25 04:08:37.953,0.94552,0.94572,1.00,1.00
2016.11.25 04:08:43.572,0.94552,0.94578,1.00,1.00
2016.11.25 04:08:44.094,0.94554,0.94581,1.00,1.00
2016.11.25 04:08:44.205,0.94556,0.94582,1.00,1.00
2016.11.25 04:08:44.508,0.94561,0.94587,1.00,1.00
2016.11.25 04:08:44.845,0.94559,0.94585,1.00,1.00
2016.11.25 04:08:45.747,0.94559,0.94584,1.00,1.00
2016.11.25 04:08:49.155,0.94561,0.94586,1.00,1.00
2016.11.25 04:08:49.256,0.94561,0.94588,1.00,1.00
2016.11.25 04:08:49.356,0.94562,0.9459,1.00,1.00
2016.11.25 04:08:49.407,0.94563,0.94592,1.00,1.00
2016.11.25 04:08:50.184,0.94562,0.94589,1.00,1.00
2016.11.25 04:08:50.443,0.9456,0.9459,1.00,1.00
2016.11.25 04:08:50.798,0.9456,0.94587,1.00,1.00
2016.11.25 04:08:51.407,0.94561,0.94588,1.00,1.00
2016.11.25 04:08:51.574,0.94561,0.9459,1.00,1.00
2016.11.25 04:08:51.666,0.94564,0.94592,1.00,1.50
2016.11.25 04:08:52.604,0.94562,0.94592,1.00,1.00
2016.11.25 04:08:56.473,0.94564,0.94591,1.00,1.00
2016.11.25 04:08:57.113,0.94562,0.9459,1.00,1.00
2016.11.25 04:08:57.282,0.94562,0.94587,1.00,1.00
2016.11.25 04:08:57.433,0.94558,0.94585,1.00,1.00
2016.11.25 04:08:58.391,0.9456,0.94584,1.00,1.00
2016.11.25 04:08:59.476,0.94561,0.94586,1.00,1.00
2016.11.25 04:09:00.703,0.9456,0.94587,1.00,1.00
2016.11.25 04:09:00.824,0.94563,0.94587,1.00,1.00
2016.11.25 04:09:00.874,0.94561,0.94587,1.00,1.50
2016.11.25 04:09:00.925,0.94559,0.94585,1.00,1.00
2016.11.25 04:09:01.413,0.94556,0.94582,1.00,1.00
2016.11.25 04:09:03.176,0.94554,0.9458,1.00,1.00
2016.11.25 04:09:03.277,0.9455,0.94577,1.00,1.50
2016.11.25 04:09:03.378,0.94553,0.94578,1.00,1.50
2016.11.25 04:09:03.912,0.94553,0.94577,1.00,1.00
2016.11.25 04:09:04.248,0.9455,0.94575,1.00,1.00
2016.11.25 04:09:04.349,0.94548,0.94573,1.00,1.00
2016.11.25 04:09:04.729,0.94549,0.94576,1.00,1.00
2016.11.25 04:09:04.830,0.94552,0.94577,1.00,1.00
2016.11.25 04:09:05.333,0.94551,0.94576,1.00,1.00
2016.11.25 04:09:05.739,0.94549,0.94576,1.00,1.00
2016.11.25 04:09:05.799,0.94549,0.94572,1.00,1.00
2016.11.25 04:09:06.581,0.94549,0.94573,1.00,1.00
2016.11.25 04:09:07.303,0.94549,0.94572,1.00,1.00
2016.11.25 04:09:07.913,0.9455,0.94572,1.00,1.00
2016.11.25 04:09:09.836,0.94549,0.94572,1.00,1.00
2016.11.25 04:09:09.936,0.94549,0.94574,1.00,1.00
2016.11.25 04:09:10.490,0.9455,0.94575,1.00,1.00
2016.11.25 04:09:11.338,0.94551,0.94576,1.00,1.00
2016.11.25 04:09:11.559,0.9455,0.94573,1.00,1.00
2016.11.25 04:09:11.610,0.94547,0.94573,1.00,1.00
2016.11.25 04:09:12.275,0.94547,0.94572,1.00,1.00
2016.11.25 04:09:16.715,0.94547,0.94573,1.00,1.00
2016.11.25 04:09:17.237,0.94548,0.94572,1.00,1.50
2016.11.25 04:09:20.130,0.94548,0.94567,1.00,1.00
2016.11.25 04:09:20.613,0.94546,0.94567,1.00,1.00
2016.11.25 04:09:20.863,0.94548,0.94567,1.00,1.00
2016.11.25 04:09:21.324,0.94548,0.94572,1.00,1.50
2016.11.25 04:09:23.639,0.94546,0.94572,1.00,1.00
2016.11.25 04:09:26.031,0.94547,0.94571,1.00,1.00
2016.11.25 04:09:26.562,0.94546,0.94571,1.00,1.00
2016.11.25 04:09:27.889,0.94546,0.94572,1.00,1.50
2016.11.25 04:09:28.875,0.94545,0.94572,1.00,1.50
2016.11.25 04:09:30.381,0.94545,0.94568,1.00,1.00
2016.11.25 04:09:30.481,0.94545,0.94572,1.00,1.00
2016.11.25 04:09:31.420,0.94546,0.94572,1.00,1.00
2016.11.25 04:09:33.139,0.94546,0.94573,1.00,1.50
2016.11.25 04:09:33.206,0.94546,0.94571,1.00,1.00
2016.11.25 04:09:33.306,0.94546,0.94573,1.00,1.50
2016.11.25 04:09:34.208,0.94545,0.94572,1.00,1.00
2016.11.25 04:09:35.808,0.94544,0.94571,1.00,1.00
2016.11.25 04:09:36.192,0.94543,0.94567,1.00,1.00
2016.11.25 04:09:36.468,0.94543,0.9457,1.00,1.00
2016.11.25 04:09:38.979,0.94544,0.94571,1.00,1.00
2016.11.25 04:09:39.080,0.94547,0.94572,1.00,1.00
2016.11.25 04:09:39.381,0.94553,0.94577,1.00,1.00
2016.11.25 04:09:39.647,0.94556,0.94582,1.00,1.00
2016.11.25 04:09:40.251,0.94557,0.94582,1.00,1.00
2016.11.25 04:09:46.727,0.94558,0.94583,1.00,1.50
2016.11.25 04:09:47.459,0.94558,0.94582,1.00,1.00
2016.11.25 04:09:47.711,0.94555,0.94582,1.00,1.00
2016.11.25 04:09:53.503,0.94555,0.94578,1.00,1.00
2016.11.25 04:09:53.604,0.94555,0.94582,1.00,1.00
2016.11.25 04:09:53.919,0.94557,0.94582,1.00,1.00
2016.11.25 04:09:55.326,0.94556,0.94582,1.00,1.00
2016.11.25 04:09:55.630,0.94556,0.94578,1.00,1.00
2016.11.25 04:09:56.052,0.94553,0.94577,1.00,1.00
2016.11.25 04:09:56.236,0.94551,0.94577,1.00,1.00
2016.11.25 04:09:56.490,0.94549,0.94577,1.00,1.00
2016.11.25 04:09:57.019,0.94549,0.94574,1.00,1.00
2016.11.25 04:09:58.697,0.94548,0.94573,1.00,1.00
2016.11.25 04:10:01.104,0.94548,0.94572,1.00,1.00
2016.11.25 04:10:01.743,0.94546,0.94572,1.00,1.00
2016.11.25 04:10:01.954,0.94551,0.94576,1.00,1.00
2016.11.25 04:10:02.258,0.94555,0.94577,1.00,1.00
2016.11.25 04:10:03.467,0.94557,0.94577,1.00,1.00
2016.11.25 04:10:03.627,0.94558,0.94583,1.00,1.50
2016.11.25 04:10:04.783,0.94558,0.94582,1.00,1.00
2016.11.25 04:10:09.636,0.94558,0.94583,1.00,1.00
2016.11.25 04:10:11.181,0.94558,0.94582,1.00,1.00
2016.11.25 04:10:11.989,0.94559,0.94584,1.00,1.00
2016.11.25 04:10:16.936,0.94558,0.94584,1.00,1.00
2016.11.25 04:10:17.546,0.94558,0.94585,1.00,1.00
2016.11.25 04:10:19.430,0.94559,0.94586,1.00,1.00
2016.11.25 04:10:19.896,0.94559,0.94583,1.00,1.00
2016.11.25 04:10:20.235,0.94556,0.94582,1.00,1.00
2016.11.25 04:10:20.285,0.94554,0.94579,1.00,1.00
2016.11.25 04:10:20.487,0.94554,0.94581,1.00,1.00
2016.11.25 04:10:20.738,0.94554,0.94577,1.00,1.00
2016.11.25 04:10:21.251,0.94553,0.94577,1.00,1.00
2016.11.25 04:10:21.544,0.94551,0.94577,1.00,1.00
2016.11.25 04:10:21.671,0.9455,0.94575,1.00,1.00
2016.11.25 04:10:22.103,0.94551,0.94577,1.00,1.00
2016.11.25 04:10:22.719,0.9455,0.94577,1.00,1.50
2016.11.25 04:10:23.457,0.94552,0.94577,1.00,1.00
2016.11.25 04:10:23.558,0.94555,0.94581,1.00,1.00
2016.11.25 04:10:23.709,0.94557,0.94582,1.00,1.50
2016.11.25 04:10:24.023,0.94554,0.94578,1.00,1.00
2016.11.25 04:10:24.424,0.94554,0.94582,1.00,1.00
2016.11.25 04:10:25.471,0.94558,0.94582,1.00,1.50
2016.11.25 04:10:26.123,0.94558,0.94583,1.00,1.50
2016.11.25 04:10:26.737,0.94557,0.94582,1.00,1.00
2016.11.25 04:10:28.635,0.94557,0.94583,1.00,1.00
2016.11.25 04:10:29.599,0.94558,0.94583,1.00,1.00
2016.11.25 04:10:30.122,0.94557,0.94582,1.00,1.00
2016.11.25 04:10:30.693,0.94556,0.94582,1.00,1.00
2016.11.25 04:10:31.785,0.94556,0.94581,1.00,1.00
2016.11.25 04:10:32.288,0.94555,0.9458,1.00,1.00
2016.11.25 04:10:36.253,0.94555,0.94581,1.00,1.00
2016.11.25 04:10:37.334,0.94554,0.94581,1.00,1.00
2016.11.25 04:10:47.635,0.94556,0.94582,1.00,1.00
2016.11.25 04:10:47.971,0.9456,0.94583,1.00,1.00
2016.11.25 04:10:48.273,0.9456,0.94585,1.00,1.00
2016.11.25 04:10:48.420,0.94557,0.94583,1.00,1.00
2016.11.25 04:10:48.654,0.94556,0.94581,1.00,1.00
2016.11.25 04:10:49.496,0.94559,0.94584,1.00,1.00
2016.11.25 04:10:52.503,0.94559,0.94583,1.00,1.00
2016.11.25 04:10:53.260,0.94557,0.94582,1.00,1.00
2016.11.25 04:10:53.360,0.94556,0.9458,1.00,1.00
2016.11.25 04:10:53.696,0.94554,0.94579,1.00,1.00
2016.11.25 04:10:56.846,0.94556,0.94581,1.00,1.00
2016.11.25 04:10:57.385,0.94558,0.94582,1.00,1.00
2016.11.25 04:10:58.424,0.94559,0.94582,1.00,1.00
2016.11.25 04:10:59.626,0.9456,0.94582,1.00,1.00
2016.11.25 04:10:59.777,0.94561,0.94588,1.00,1.00
2016.11.25 04:11:00.289,0.94564,0.94589,1.00,1.00
2016.11.25 04:11:01.907,0.94562,0.94589,1.00,1.00
2016.11.25 04:11:02.760,0.94561,0.94587,1.00,1.00
2016.11.25 04:11:02.810,0.94559,0.94587,1.00,1.00
2016.11.25 04:11:02.961,0.94558,0.94585,1.00,1.00
2016.11.25 04:11:03.283,0.94558,0.94583,1.00,1.00
2016.11.25 04:11:03.570,0.94555,0.94581,1.00,1.00
2016.11.25 04:11:04.247,0.94556,0.94582,1.00,1.00
2016.11.25 04:11:05.402,0.94556,0.94577,1.00,1.00
2016.11.25 04:11:05.912,0.94557,0.94577,1.00,1.00
2016.11.25 04:11:06.629,0.94556,0.94577,1.00,1.00
2016.11.25 04:11:07.384,0.94557,0.94577,1.00,1.00
2016.11.25 04:11:07.435,0.94557,0.94582,1.00,1.00
2016.11.25 04:11:08.233,0.94554,0.94578,1.00,1.00
2016.11.25 04:11:08.811,0.94555,0.94578,1.00,1.00
2016.11.25 04:11:11.244,0.94554,0.94578,1.00,1.00
2016.11.25 04:11:12.123,0.94556,0.94578,1.00,1.00
2016.11.25 04:11:12.796,0.94556,0.94577,1.00,1.00
2016.11.25 04:11:20.332,0.94558,0.94577,1.00,1.00
2016.11.25 04:11:20.533,0.9456,0.94582,1.00,1.00
2016.11.25 04:11:21.407,0.9456,0.94583,1.00,1.00
2016.11.25 04:11:22.544,0.94558,0.94583,1.00,1.00
2016.11.25 04:11:23.075,0.94558,0.94582,1.00,1.00
2016.11.25 04:11:27.437,0.94558,0.94583,1.00,1.00
2016.11.25 04:11:27.488,0.94559,0.94585,1.00,1.00
2016.11.25 04:11:27.640,0.94559,0.94583,1.00,1.00
2016.11.25 04:11:28.158,0.94558,0.94583,1.00,1.50
2016.11.25 04:11:28.209,0.94555,0.94583,1.00,1.00
2016.11.25 04:11:28.309,0.94564,0.94587,1.00,1.00
2016.11.25 04:11:28.360,0.94565,0.94591,1.00,1.00
2016.11.25 04:11:28.460,0.94569,0.94595,1.00,1.00
2016.11.25 04:11:28.779,0.94565,0.94591,1.00,1.00
2016.11.25 04:11:29.093,0.94562,0.94586,1.00,1.00
2016.11.25 04:11:29.143,0.94558,0.94585,1.00,1.00
2016.11.25 04:11:30.566,0.94556,0.94582,1.00,1.00
2016.11.25 04:11:30.707,0.94554,0.94581,1.00,1.00
2016.11.25 04:11:31.779,0.94553,0.9458,1.00,1.00
2016.11.25 04:11:31.830,0.94557,0.94581,1.00,1.00
2016.11.25 04:11:31.880,0.94558,0.94583,1.00,1.00
2016.11.25 04:11:31.981,0.94555,0.9458,1.00,1.00
2016.11.25 04:11:32.082,0.94549,0.94576,1.00,1.00
2016.11.25 04:11:32.182,0.94548,0.94573,1.00,1.00
2016.11.25 04:11:32.963,0.94547,0.94571,1.00,1.00
2016.11.25 04:11:33.919,0.94545,0.9457,1.00,1.00
2016.11.25 04:11:34.120,0.94543,0.94568,1.00,1.00
2016.11.25 04:11:34.621,0.94543,0.94569,1.00,1.00
2016.11.25 04:11:38.163,0.94544,0.94569,1.00,1.00
2016.11.25 04:11:39.185,0.94542,0.94569,1.00,1.00
2016.11.25 04:11:40.281,0.94544,0.94569,1.00,1.00
2016.11.25 04:11:40.526,0.94544,0.94571,1.00,1.00
2016.11.25 04:11:41.276,0.94544,0.9457,1.00,1.00
2016.11.25 04:11:42.277,0.94544,0.94571,1.00,1.00
2016.11.25 04:11:43.674,0.94544,0.94567,1.00,1.00
2016.11.25 04:11:43.775,0.94542,0.94568,1.00,1.00
2016.11.25 04:11:43.926,0.94536,0.94561,1.00,1.00
2016.11.25 04:11:44.228,0.94533,0.94557,1.00,1.00
2016.11.25 04:11:44.650,0.94531,0.94556,1.00,1.00
2016.11.25 04:11:47.082,0.94531,0.94557,1.00,1.00
2016.11.25 04:11:47.161,0.94529,0.94557,1.00,1.00
2016.11.25 04:11:47.683,0.9453,0.94557,1.00,1.50
2016.11.25 04:11:50.163,0.94533,0.94557,1.00,1.00
2016.11.25 04:11:50.722,0.94533,0.9456,1.00,1.00
2016.11.25 04:11:51.840,0.94533,0.94559,1.00,1.00
2016.11.25 04:11:52.651,0.94533,0.94558,1.00,1.00
2016.11.25 04:11:54.833,0.9453,0.94558,1.00,1.00
2016.11.25 04:11:56.334,0.94532,0.94557,1.00,1.00
2016.11.25 04:11:57.806,0.94533,0.94558,1.00,1.50
2016.11.25 04:11:58.159,0.94531,0.94558,1.00,1.50
2016.11.25 04:11:58.926,0.94531,0.94557,1.00,1.00
2016.11.25 04:12:04.454,0.94531,0.94556,1.00,1.00
2016.11.25 04:12:06.633,0.9453,0.94555,1.00,1.00
2016.11.25 04:12:10.317,0.94531,0.94556,1.00,1.00
2016.11.25 04:12:11.028,0.94529,0.94557,1.00,1.50
2016.11.25 04:12:12.014,0.94529,0.94556,1.00,1.00
2016.11.25 04:12:14.504,0.94529,0.94552,1.00,1.00
2016.11.25 04:12:15.192,0.94529,0.94556,1.00,1.00
2016.11.25 04:12:15.813,0.94529,0.94554,1.00,1.00
2016.11.25 04:12:16.790,0.94529,0.94553,1.00,1.00
2016.11.25 04:12:17.617,0.9453,0.94553,1.00,1.00
2016.11.25 04:12:20.309,0.9453,0.94552,1.00,1.00
2016.11.25 04:12:22.400,0.94529,0.94552,1.00,1.00
2016.11.25 04:12:22.901,0.9453,0.94552,1.00,1.00
2016.11.25 04:12:25.045,0.9453,0.94556,1.00,1.00
2016.11.25 04:12:25.096,0.94532,0.94557,1.00,1.50
2016.11.25 04:12:25.247,0.94533,0.94559,1.00,1.00
2016.11.25 04:12:25.347,0.94533,0.94557,1.00,1.00
2016.11.25 04:12:26.729,0.94532,0.94557,1.00,1.00
2016.11.25 04:12:31.985,0.9453,0.94557,1.00,1.50
2016.11.25 04:12:32.464,0.94528,0.94556,1.00,1.00
2016.11.25 04:12:36.372,0.94529,0.94554,1.00,1.00
2016.11.25 04:12:38.656,0.9453,0.94556,1.00,1.00
2016.11.25 04:12:40.314,0.9453,0.94558,1.00,1.50
2016.11.25 04:12:40.616,0.94533,0.94559,1.00,1.00
2016.11.25 04:12:40.937,0.94533,0.94557,1.00,1.00
2016.11.25 04:12:41.216,0.94535,0.94562,1.00,1.00
2016.11.25 04:12:41.376,0.94537,0.94563,1.00,1.50
2016.11.25 04:12:41.866,0.94541,0.94563,1.00,1.00
2016.11.25 04:12:42.168,0.94545,0.94562,1.00,1.00
2016.11.25 04:12:42.329,0.94545,0.94569,1.00,1.00
2016.11.25 04:12:42.555,0.94545,0.94567,1.00,1.00
2016.11.25 04:12:42.662,0.94545,0.94569,1.00,1.00
2016.11.25 04:12:43.166,0.94545,0.94568,1.00,1.00
2016.11.25 04:12:43.775,0.94545,0.94569,1.00,1.00
2016.11.25 04:12:44.254,0.94545,0.94567,1.00,1.00
2016.11.25 04:12:44.360,0.94545,0.94569,1.00,1.00
2016.11.25 04:12:45.147,0.94545,0.94568,1.00,1.00
2016.11.25 04:12:47.126,0.94544,0.94568,1.00,1.00
2016.11.25 04:12:47.277,0.94544,0.9457,1.00,1.00
2016.11.25 04:12:47.790,0.94545,0.9457,1.00,1.00
2016.11.25 04:12:48.587,0.94545,0.94567,1.00,1.00
2016.11.25 04:12:48.813,0.94545,0.9457,1.00,1.00
2016.11.25 04:12:49.868,0.94545,0.94568,1.00,1.00
2016.11.25 04:12:50.160,0.94545,0.9457,1.00,1.00
2016.11.25 04:12:50.261,0.94544,0.94568,1.00,1.00
2016.11.25 04:12:50.841,0.94543,0.94569,1.00,1.00
2016.11.25 04:12:51.381,0.94544,0.94569,1.00,1.00
2016.11.25 04:12:51.866,0.94542,0.94569,1.00,1.00
2016.11.25 04:12:53.193,0.94545,0.94572,1.00,1.50
2016.11.25 04:12:53.534,0.94556,0.9458,1.00,1.00
2016.11.25 04:12:53.685,0.94557,0.94585,1.00,1.00
2016.11.25 04:12:54.753,0.94557,0.94583,1.00,1.00
2016.11.25 04:12:55.065,0.94559,0.94584,1.00,1.00
2016.11.25 04:12:55.925,0.94558,0.94584,1.00,1.00
2016.11.25 04:12:56.592,0.94556,0.94583,1.00,1.00
2016.11.25 04:12:56.743,0.94558,0.94589,1.00,1.00
2016.11.25 04:12:56.927,0.94558,0.94587,1.00,1.00
2016.11.25 04:12:57.229,0.94567,0.94593,1.00,1.50
2016.11.25 04:12:57.607,0.94563,0.94592,1.00,1.00
2016.11.25 04:12:57.658,0.9456,0.9459,1.00,1.00
2016.11.25 04:12:57.808,0.94555,0.94583,1.00,1.00
2016.11.25 04:12:58.230,0.94557,0.94582,1.00,1.00
2016.11.25 04:12:58.576,0.94555,0.94581,1.00,1.00
2016.11.25 04:12:58.627,0.94556,0.94583,1.00,1.00
2016.11.25 04:12:59.617,0.94557,0.94583,1.00,1.00
2016.11.25 04:13:00.443,0.94555,0.94583,1.00,1.00
2016.11.25 04:13:01.083,0.94555,0.94582,1.00,1.00
2016.11.25 04:13:01.777,0.94556,0.94582,1.00,1.00
2016.11.25 04:13:04.151,0.94558,0.94582,1.00,1.00
2016.11.25 04:13:04.302,0.94558,0.94586,1.00,1.00
2016.11.25 04:13:04.413,0.94558,0.94582,1.00,1.00
2016.11.25 04:13:04.716,0.94555,0.94582,1.00,1.00
2016.11.25 04:13:04.938,0.94558,0.94583,1.00,1.00
2016.11.25 04:13:05.090,0.94564,0.9459,1.00,1.00
2016.11.25 04:13:05.241,0.94565,0.94592,1.00,1.00
2016.11.25 04:13:05.591,0.94565,0.94587,1.00,1.00
2016.11.25 04:13:06.118,0.94566,0.94587,1.00,1.00
2016.11.25 04:13:06.425,0.94566,0.94593,1.00,1.00
2016.11.25 04:13:06.980,0.94566,0.94587,1.00,1.00
2016.11.25 04:13:07.232,0.94564,0.94588,1.00,1.00
2016.11.25 04:13:07.283,0.94564,0.9459,1.00,1.00
2016.11.25 04:13:07.353,0.9456,0.94589,1.00,1.00
2016.11.25 04:13:07.454,0.94558,0.94586,1.00,1.00
2016.11.25 04:13:07.812,0.94558,0.94577,1.00,1.00
2016.11.25 04:13:08.107,0.94556,0.94577,1.00,1.00
2016.11.25 04:13:08.305,0.94556,0.94582,1.00,1.00
2016.11.25 04:13:08.785,0.94556,0.94577,1.00,1.00
2016.11.25 04:13:08.886,0.94554,0.94578,1.00,1.00
2016.11.25 04:13:09.105,0.94554,0.94581,1.00,1.00
2016.11.25 04:13:09.206,0.94556,0.94582,1.00,1.50
2016.11.25 04:13:09.587,0.94557,0.94585,1.00,1.00
2016.11.25 04:13:09.735,0.94557,0.94583,1.00,1.00
2016.11.25 04:13:09.788,0.94557,0.94585,1.00,1.00
2016.11.25 04:13:09.939,0.94562,0.94588,1.00,1.50
2016.11.25 04:13:10.241,0.94564,0.9459,1.00,1.00
2016.11.25 04:13:10.540,0.94561,0.94589,1.00,1.00
2016.11.25 04:13:10.674,0.94563,0.9459,1.00,1.00
2016.11.25 04:13:10.965,0.94556,0.94585,1.00,1.00
2016.11.25 04:13:11.066,0.94552,0.94583,1.00,1.00
2016.11.25 04:13:11.167,0.9455,0.94582,1.00,1.00
2016.11.25 04:13:11.218,0.9455,0.94578,1.00,1.00
2016.11.25 04:13:11.327,0.94548,0.94578,1.00,1.50
2016.11.25 04:13:11.428,0.94545,0.94573,1.00,1.00
2016.11.25 04:13:11.479,0.94543,0.94573,1.00,1.00
2016.11.25 04:13:11.680,0.94539,0.94571,1.00,1.00
2016.11.25 04:13:12.721,0.9454,0.94571,1.00,1.00
2016.11.25 04:13:13.138,0.94544,0.94572,1.00,1.00
2016.11.25 04:13:13.439,0.94546,0.94578,1.00,1.50
2016.11.25 04:13:14.052,0.94543,0.94575,1.00,1.00
2016.11.25 04:13:14.393,0.94542,0.94572,1.00,1.50
2016.11.25 04:13:16.975,0.94543,0.94571,1.00,1.00
2016.11.25 04:13:17.978,0.94543,0.94572,1.00,1.00
2016.11.25 04:13:20.912,0.94543,0.94567,1.00,1.00
2016.11.25 04:13:21.735,0.94543,0.9457,1.00,1.00
2016.11.25 04:13:26.615,0.94545,0.9457,1.00,1.00
2016.11.25 04:13:29.015,0.94547,0.94573,1.00,1.00
2016.11.25 04:13:29.065,0.94549,0.94573,1.00,1.00
2016.11.25 04:13:29.224,0.9455,0.94577,1.00,1.50
2016.11.25 04:13:29.861,0.9455,0.94575,1.00,1.00
2016.11.25 04:13:30.250,0.9455,0.94572,1.00,1.00
2016.11.25 04:13:31.257,0.94548,0.94572,1.00,1.00
2016.11.25 04:13:31.810,0.94549,0.94572,1.00,1.00
2016.11.25 04:13:31.893,0.94549,0.94576,1.00,1.00
2016.11.25 04:13:32.221,0.94551,0.94575,1.00,1.00
2016.11.25 04:13:33.480,0.94549,0.94573,1.00,1.00
2016.11.25 04:13:33.681,0.94546,0.94573,1.00,1.00
2016.11.25 04:13:34.055,0.94546,0.9457,1.00,1.00
2016.11.25 04:13:34.206,0.94541,0.94566,1.00,1.00
2016.11.25 04:13:41.374,0.94541,0.94567,1.00,1.00
2016.11.25 04:13:41.930,0.94541,0.94565,1.00,1.00
2016.11.25 04:13:42.030,0.94542,0.94568,1.00,1.00
2016.11.25 04:13:42.400,0.94538,0.94565,1.00,1.00
2016.11.25 04:13:42.651,0.94538,0.94563,1.00,1.00
2016.11.25 04:13:43.831,0.94538,0.94562,1.00,1.00
2016.11.25 04:13:46.434,0.94538,0.94563,1.00,1.00
2016.11.25 04:13:46.639,0.94538,0.94565,1.00,1.00
2016.11.25 04:13:47.232,0.9454,0.94564,1.00,1.00
2016.11.25 04:13:47.725,0.94538,0.94563,1.00,1.00
2016.11.25 04:13:49.646,0.94538,0.94564,1.00,1.00
2016.11.25 04:13:49.747,0.94542,0.94566,1.00,1.00
2016.11.25 04:13:49.898,0.94543,0.94568,1.00,1.00
2016.11.25 04:13:50.049,0.94544,0.9457,1.00,1.00
2016.11.25 04:13:51.041,0.94544,0.94571,1.00,1.00
2016.11.25 04:13:51.125,0.94546,0.94571,1.00,1.00
2016.11.25 04:13:51.327,0.94555,0.94581,1.00,1.00
2016.11.25 04:13:52.093,0.94557,0.94582,1.00,1.00
2016.11.25 04:13:54.643,0.94555,0.94583,1.00,1.50
2016.11.25 04:13:55.245,0.94555,0.94582,1.00,1.00
2016.11.25 04:13:55.443,0.94551,0.9458,1.50,1.00
2016.11.25 04:13:55.494,0.94552,0.94577,1.00,1.50
2016.11.25 04:13:55.595,0.94549,0.94576,1.00,1.00
2016.11.25 04:13:55.847,0.94549,0.94573,1.00,1.00
2016.11.25 04:13:56.146,0.94547,0.94573,1.00,1.00
2016.11.25 04:13:56.197,0.94544,0.94573,1.00,1.00
2016.11.25 04:13:56.401,0.94544,0.94568,1.00,1.00
2016.11.25 04:13:56.503,0.94539,0.94568,1.00,1.00
2016.11.25 04:13:57.042,0.94539,0.94567,1.00,1.00
2016.11.25 04:13:57.100,0.94542,0.94567,1.00,1.50
2016.11.25 04:13:58.101,0.94543,0.94568,1.00,1.50
2016.11.25 04:13:58.456,0.94543,0.94563,1.00,1.00
2016.11.25 04:13:58.601,0.94543,0.94568,1.00,1.50
2016.11.25 04:13:59.794,0.94543,0.94567,1.00,1.00
2016.11.25 04:14:00.496,0.94543,0.94568,1.00,1.50
2016.11.25 04:14:01.191,0.94543,0.94567,1.00,1.00
2016.11.25 04:14:02.621,0.94542,0.94567,1.00,1.50
2016.11.25 04:14:02.806,0.94544,0.94568,1.00,1.00
2016.11.25 04:14:02.896,0.94547,0.94572,1.00,1.50
2016.11.25 04:14:04.066,0.94548,0.94573,1.00,1.00
2016.11.25 04:14:04.166,0.94548,0.94575,1.00,1.00
2016.11.25 04:14:05.961,0.94548,0.94572,1.00,1.00
2016.11.25 04:14:07.469,0.94549,0.94574,1.00,1.00
2016.11.25 04:14:07.588,0.94547,0.94575,1.00,1.00
2016.11.25 04:14:11.661,0.94549,0.94574,1.00,1.00
2016.11.25 04:14:12.277,0.9455,0.94573,1.00,1.00
2016.11.25 04:14:13.898,0.9455,0.94572,1.00,1.00
2016.11.25 04:14:14.072,0.94553,0.94577,1.00,1.00
2016.11.25 04:14:14.123,0.94558,0.94577,1.00,1.00
2016.11.25 04:14:14.174,0.94558,0.94583,1.00,1.50
2016.11.25 04:14:15.029,0.9456,0.94583,1.00,1.00
2016.11.25 04:14:22.732,0.94558,0.94582,1.00,1.00
2016.11.25 04:14:22.834,0.94555,0.94582,1.00,1.00
2016.11.25 04:14:22.884,0.94551,0.94577,1.00,1.00
2016.11.25 04:14:23.186,0.94551,0.94572,1.00,1.00
2016.11.25 04:14:23.796,0.9455,0.94572,1.00,1.00
2016.11.25 04:14:25.101,0.9455,0.94573,1.00,1.00
2016.11.25 04:14:25.487,0.9455,0.94576,1.00,1.00
2016.11.25 04:14:27.131,0.94551,0.94576,1.00,1.00
2016.11.25 04:14:29.830,0.94547,0.94573,1.00,1.00
2016.11.25 04:14:29.880,0.94546,0.94571,1.00,1.00
2016.11.25 04:14:30.182,0.94548,0.94572,1.00,1.00
2016.11.25 04:14:30.233,0.94548,0.94575,1.00,1.00
2016.11.25 04:14:30.434,0.94548,0.94573,1.00,1.00
2016.11.25 04:14:30.970,0.94552,0.94573,1.00,1.00
2016.11.25 04:14:31.300,0.94553,0.94579,1.00,1.00
2016.11.25 04:14:31.817,0.94552,0.94578,1.00,1.00
2016.11.25 04:14:32.579,0.94552,0.94581,1.00,1.00
2016.11.25 04:14:32.730,0.94555,0.94582,1.00,1.00
2016.11.25 04:14:32.982,0.94559,0.94588,1.00,1.50
2016.11.25 04:14:33.032,0.94561,0.94588,1.00,1.00
2016.11.25 04:14:33.242,0.94565,0.94597,1.00,1.00
2016.11.25 04:14:33.443,0.94565,0.94587,1.00,1.00
2016.11.25 04:14:33.544,0.94564,0.94592,1.00,1.00
2016.11.25 04:14:33.645,0.94564,0.94588,1.00,1.00
2016.11.25 04:14:33.723,0.94562,0.94589,1.00,1.00
2016.11.25 04:14:34.135,0.94562,0.94587,1.00,1.00
2016.11.25 04:14:34.510,0.9456,0.94586,1.00,1.00
2016.11.25 04:14:34.611,0.94557,0.94586,1.00,1.00
2016.11.25 04:14:34.715,0.94557,0.94582,1.00,1.00
2016.11.25 04:14:35.196,0.9456,0.94582,1.00,1.00
2016.11.25 04:14:37.714,0.9456,0.94583,1.00,1.00
2016.11.25 04:14:38.111,0.9456,0.94585,1.00,1.00
2016.11.25 04:14:38.211,0.9456,0.94587,1.00,1.00
2016.11.25 04:14:38.915,0.9456,0.94588,1.00,1.50
2016.11.25 04:14:41.660,0.94561,0.94588,1.00,1.50
2016.11.25 04:14:42.161,0.9456,0.94588,1.00,1.50
2016.11.25 04:14:44.273,0.94563,0.94588,1.00,1.00
2016.11.25 04:14:44.760,0.94561,0.94587,1.00,1.00
2016.11.25 04:14:49.536,0.94559,0.94586,1.00,1.00
2016.11.25 04:14:49.759,0.94559,0.94583,1.00,1.00
2016.11.25 04:14:49.810,0.94557,0.94583,1.00,1.00
2016.11.25 04:14:50.919,0.94557,0.94582,1.00,1.00
2016.11.25 04:14:51.514,0.94557,0.94583,1.00,1.00
2016.11.25 04:14:57.191,0.94556,0.94583,1.00,1.00
2016.11.25 04:15:00.929,0.94556,0.94582,1.00,1.00
2016.11.25 04:15:01.713,0.94554,0.94582,1.00,1.00
2016.11.25 04:15:02.875,0.94557,0.94582,1.00,1.00
2016.11.25 04:15:04.950,0.94557,0.94583,1.00,1.50
2016.11.25 04:15:05.483,0.94557,0.94582,1.00,1.00
2016.11.25 04:15:06.042,0.94557,0.94583,1.00,1.50
2016.11.25 04:15:06.372,0.94562,0.94587,1.00,1.50
2016.11.25 04:15:06.422,0.94559,0.94587,1.00,1.50
2016.11.25 04:15:08.345,0.94561,0.94587,1.00,1.50
2016.11.25 04:15:13.655,0.94559,0.94587,1.00,1.50
2016.11.25 04:15:14.151,0.94559,0.94582,1.00,1.00
2016.11.25 04:15:14.818,0.94558,0.94582,1.00,1.00
2016.11.25 04:15:15.762,0.94558,0.94585,1.00,1.00
2016.11.25 04:15:15.813,0.9456,0.94586,1.00,1.00
2016.11.25 04:15:16.148,0.94562,0.94587,1.00,1.00
2016.11.25 04:15:17.367,0.94562,0.94588,1.00,1.00
2016.11.25 04:15:17.956,0.94563,0.94588,1.00,1.00
2016.11.25 04:15:22.361,0.94562,0.94587,1.00,1.00
2016.11.25 04:15:22.697,0.9456,0.94585,1.00,1.00
2016.11.25 04:15:23.009,0.9456,0.94583,1.00,1.00
2016.11.25 04:15:23.721,0.94559,0.94583,1.00,1.00
2016.11.25 04:15:26.040,0.94561,0.94583,1.00,1.00
2016.11.25 04:15:26.090,0.94563,0.94588,1.00,1.00
2016.11.25 04:15:26.863,0.94563,0.94587,1.00,1.00
2016.11.25 04:15:27.534,0.94564,0.94587,1.00,1.00
2016.11.25 04:15:30.699,0.94564,0.94582,1.00,1.00
2016.11.25 04:15:31.069,0.94561,0.94578,1.00,1.00
2016.11.25 04:15:31.366,0.94559,0.94578,1.00,1.00
2016.11.25 04:15:31.893,0.9456,0.94582,1.00,1.00
2016.11.25 04:15:32.935,0.94561,0.94582,1.00,1.00
2016.11.25 04:15:33.574,0.94561,0.94583,1.00,1.00
2016.11.25 04:15:34.400,0.9456,0.94585,1.00,1.00
2016.11.25 04:15:34.676,0.9456,0.94582,1.00,1.00
2016.11.25 04:15:35.877,0.9456,0.94583,1.00,1.00
2016.11.25 04:15:36.578,0.9456,0.94582,1.00,1.00
2016.11.25 04:15:37.699,0.9456,0.94583,1.00,1.00
2016.11.25 04:15:38.195,0.94559,0.94577,1.00,1.00
2016.11.25 04:15:38.296,0.94563,0.94582,1.00,1.00
2016.11.25 04:15:39.483,0.94563,0.94583,1.00,1.00
2016.11.25 04:15:51.939,0.9456,0.94583,1.00,1.00
2016.11.25 04:15:52.099,0.9456,0.94577,1.00,1.00
2016.11.25 04:15:52.411,0.9456,0.94582,1.00,1.00
2016.11.25 04:15:52.503,0.94562,0.94582,1.00,1.00
2016.11.25 04:15:52.842,0.9456,0.94582,1.00,1.00
2016.11.25 04:15:53.375,0.9456,0.94583,1.00,1.00
2016.11.25 04:15:54.001,0.94558,0.94583,1.00,1.50
2016.11.25 04:15:54.608,0.9456,0.94583,1.00,1.00
2016.11.25 04:15:55.250,0.94561,0.94583,1.00,1.00
2016.11.25 04:15:55.552,0.94564,0.94587,1.00,1.00
2016.11.25 04:15:55.703,0.94562,0.94587,1.00,1.50
2016.11.25 04:15:55.805,0.94558,0.94587,1.00,1.50
2016.11.25 04:15:56.007,0.94558,0.94582,1.00,1.00
2016.11.25 04:15:56.207,0.94561,0.94587,1.00,1.00
2016.11.25 04:15:56.767,0.9456,0.94585,1.00,1.00
2016.11.25 04:15:57.070,0.94562,0.94586,1.00,1.00
2016.11.25 04:15:57.406,0.94562,0.94582,1.00,1.00
2016.11.25 04:15:58.211,0.94562,0.94586,1.00,1.00
2016.11.25 04:15:58.718,0.94562,0.94583,1.00,1.00
2016.11.25 04:16:00.447,0.94562,0.94582,1.00,1.00
2016.11.25 04:16:01.146,0.94559,0.94582,1.00,1.00
2016.11.25 04:16:01.246,0.94554,0.94577,1.00,1.50
2016.11.25 04:16:01.297,0.94551,0.94575,1.00,1.00
2016.11.25 04:16:01.398,0.94544,0.94571,1.12,1.00
2016.11.25 04:16:01.448,0.94542,0.94565,1.00,1.00
2016.11.25 04:16:01.499,0.9454,0.94565,1.00,1.00
2016.11.25 04:16:01.650,0.94535,0.94562,1.00,1.00
2016.11.25 04:16:01.847,0.94533,0.94559,1.00,1.00
2016.11.25 04:16:02.262,0.94533,0.94557,1.00,1.00
2016.11.25 04:16:02.363,0.94533,0.94559,1.00,1.00
2016.11.25 04:16:02.995,0.94533,0.94558,1.00,1.00
2016.11.25 04:16:05.278,0.94533,0.9456,1.00,1.00
2016.11.25 04:16:06.717,0.94535,0.9456,1.00,1.00
2016.11.25 04:16:06.818,0.94535,0.94562,1.00,1.00
2016.11.25 04:16:07.098,0.94537,0.94563,1.00,1.00
2016.11.25 04:16:07.249,0.9454,0.94567,1.00,1.00
2016.11.25 04:16:07.683,0.94541,0.94569,1.00,1.00
2016.11.25 04:16:08.344,0.94541,0.94568,1.00,1.00
2016.11.25 04:16:12.112,0.94541,0.94567,1.00,1.00
2016.11.25 04:16:12.643,0.94542,0.94567,1.00,1.00
2016.11.25 04:16:13.218,0.94543,0.94567,1.00,1.00
2016.11.25 04:16:14.529,0.94545,0.94567,1.00,1.00
2016.11.25 04:16:14.580,0.94546,0.94573,1.00,1.00
2016.11.25 04:16:14.668,0.94546,0.94575,1.00,1.00
2016.11.25 04:16:14.718,0.94549,0.94575,1.00,1.00
2016.11.25 04:16:15.489,0.9455,0.94577,1.00,1.50
2016.11.25 04:16:16.413,0.94548,0.94577,1.00,1.50
2016.11.25 04:16:18.053,0.9455,0.94575,1.00,1.00
2016.11.25 04:16:24.103,0.9455,0.94577,1.00,1.50
2016.11.25 04:16:24.208,0.94553,0.94578,1.00,1.00
2016.11.25 04:16:25.046,0.94554,0.94581,1.00,1.00
2016.11.25 04:16:25.097,0.94559,0.94584,1.00,1.00
2016.11.25 04:16:25.399,0.94564,0.94592,1.00,1.00
2016.11.25 04:16:25.499,0.94564,0.94587,1.00,1.00
2016.11.25 04:16:26.012,0.94563,0.94587,1.00,1.00
2016.11.25 04:16:26.063,0.9456,0.94586,1.00,1.00
2016.11.25 04:16:26.164,0.94559,0.94584,1.00,1.00
2016.11.25 04:16:26.513,0.94559,0.94582,1.00,1.00
2016.11.25 04:16:27.033,0.94557,0.94582,1.00,1.00
2016.11.25 04:16:27.084,0.94555,0.9458,1.00,1.00
2016.11.25 04:16:27.961,0.94551,0.94578,1.00,1.00
2016.11.25 04:16:28.374,0.94549,0.94574,1.00,1.00
2016.11.25 04:16:29.199,0.9455,0.94577,1.00,1.00
2016.11.25 04:16:29.432,0.94553,0.94578,1.00,1.50
2016.11.25 04:16:29.743,0.94559,0.94578,1.00,1.00
2016.11.25 04:16:29.793,0.9456,0.94582,1.00,1.00
2016.11.25 04:16:30.104,0.9456,0.94586,1.00,1.00
2016.11.25 04:16:30.289,0.94562,0.94587,1.00,1.00
2016.11.25 04:16:30.524,0.94559,0.94586,1.00,1.00
2016.11.25 04:16:30.574,0.94556,0.94581,1.00,1.00
2016.11.25 04:16:30.964,0.94556,0.94577,1.00,1.00
2016.11.25 04:16:31.015,0.94553,0.94578,1.00,1.00
2016.11.25 04:16:31.332,0.94549,0.94577,1.00,1.00
2016.11.25 04:16:31.433,0.94547,0.94576,1.00,1.00
2016.11.25 04:16:31.976,0.94547,0.94572,1.00,1.00
2016.11.25 04:16:32.076,0.94547,0.94576,1.00,1.00
2016.11.25 04:16:32.177,0.94545,0.94575,1.00,1.00
2016.11.25 04:16:32.335,0.94544,0.94573,1.00,1.00
2016.11.25 04:16:32.894,0.94542,0.94572,1.00,1.00
2016.11.25 04:16:33.045,0.9454,0.9457,1.00,1.00
2016.11.25 04:16:33.095,0.94537,0.94568,1.00,1.00
2016.11.25 04:16:33.146,0.94536,0.94566,1.00,1.00
2016.11.25 04:16:33.347,0.94531,0.94562,1.50,1.50
2016.11.25 04:16:33.398,0.94531,0.94558,1.00,1.00
2016.11.25 04:16:33.499,0.94531,0.94562,1.00,1.50
2016.11.25 04:16:33.825,0.94531,0.94557,1.00,1.00
2016.11.25 04:16:36.466,0.94532,0.94557,1.00,1.50
2016.11.25 04:16:42.440,0.94533,0.94558,1.00,1.00
2016.11.25 04:16:42.952,0.94532,0.94557,1.00,1.00
2016.11.25 04:16:43.587,0.94532,0.94559,1.00,1.00
2016.11.25 04:16:47.584,0.94533,0.94557,1.00,1.00
2016.11.25 04:16:48.585,0.94531,0.94558,1.00,1.00
2016.11.25 04:16:57.431,0.9453,0.94557,1.00,1.00
2016.11.25 04:16:59.825,0.94531,0.94555,1.00,1.00
2016.11.25 04:17:12.502,0.9453,0.94555,1.00,1.00
2016.11.25 04:17:19.210,0.94531,0.94558,1.00,1.00
2016.11.25 04:17:25.986,0.94531,0.94557,1.00,1.00
2016.11.25 04:17:33.185,0.94531,0.94556,1.00,1.00
2016.11.25 04:17:35.710,0.9453,0.94555,1.00,1.00
2016.11.25 04:17:42.522,0.9453,0.94556,1.00,1.00
2016.11.25 04:17:46.369,0.9453,0.94553,1.00,1.00
2016.11.25 04:17:47.971,0.9453,0.94552,1.00,1.00
2016.11.25 04:17:50.205,0.9453,0.94555,1.00,1.00
2016.11.25 04:17:50.306,0.94532,0.94556,1.00,1.00
2016.11.25 04:17:50.828,0.94531,0.94556,1.00,1.00
2016.11.25 04:17:51.336,0.94529,0.94556,1.00,1.00
2016.11.25 04:17:51.552,0.94527,0.94554,1.00,1.00
2016.11.25 04:17:51.879,0.9453,0.94555,1.00,1.00
2016.11.25 04:17:52.193,0.94528,0.94553,1.00,1.50
2016.11.25 04:17:52.933,0.94526,0.94551,1.00,1.00
2016.11.25 04:17:53.235,0.94522,0.94547,1.00,1.00
2016.11.25 04:17:56.987,0.94521,0.94546,1.00,1.00
2016.11.25 04:17:57.088,0.94518,0.94545,1.00,1.00
2016.11.25 04:17:57.239,0.94517,0.94542,1.00,1.00
2016.11.25 04:18:03.235,0.94515,0.94542,1.00,1.00
2016.11.25 04:18:05.225,0.94515,0.94538,1.00,1.00
2016.11.25 04:18:13.608,0.94515,0.94542,1.00,1.50
2016.11.25 04:18:25.031,0.94509,0.94541,1.00,1.00
2016.11.25 04:18:25.082,0.94515,0.9454,1.00,1.00
2016.11.25 04:18:25.445,0.94517,0.94541,1.00,1.00
2016.11.25 04:18:29.203,0.94518,0.94543,1.00,1.00
2016.11.25 04:18:29.931,0.94518,0.94542,1.00,1.00
2016.11.25 04:18:33.235,0.94518,0.94543,1.00,1.50
2016.11.25 04:18:33.336,0.94516,0.94543,1.00,1.50
2016.11.25 04:18:33.685,0.94516,0.94541,1.00,1.00
2016.11.25 04:18:34.326,0.94516,0.94543,1.00,1.50
2016.11.25 04:18:34.946,0.94517,0.94544,1.00,1.00
2016.11.25 04:18:35.312,0.94517,0.94542,1.00,1.00
2016.11.25 04:18:37.130,0.94515,0.94542,1.00,1.00
2016.11.25 04:18:37.357,0.94513,0.94537,1.00,1.00
2016.11.25 04:18:37.659,0.94515,0.9454,1.00,1.00
2016.11.25 04:18:37.760,0.94519,0.94543,1.00,1.50
2016.11.25 04:18:37.886,0.94521,0.94546,1.00,1.00
2016.11.25 04:18:38.245,0.94519,0.94544,1.00,1.00
2016.11.25 04:18:43.834,0.9452,0.94547,1.00,1.50
2016.11.25 04:18:44.283,0.9452,0.94545,1.00,1.00
2016.11.25 04:18:45.663,0.9452,0.94542,1.00,1.00
2016.11.25 04:18:45.763,0.94518,0.94542,1.00,1.00
2016.11.25 04:18:48.369,0.94516,0.94543,1.00,1.00
2016.11.25 04:18:48.676,0.94514,0.94542,1.00,1.00
2016.11.25 04:18:50.654,0.94517,0.94542,1.00,1.00
2016.11.25 04:18:57.782,0.94518,0.94543,1.00,1.50
2016.11.25 04:18:59.613,0.94518,0.94542,1.00,1.00
2016.11.25 04:19:00.466,0.94521,0.94542,1.00,1.00
2016.11.25 04:19:00.617,0.94521,0.94546,1.00,1.00
2016.11.25 04:19:02.874,0.94522,0.94547,1.00,1.00
2016.11.25 04:19:03.857,0.94521,0.94546,1.00,1.00
2016.11.25 04:19:05.189,0.94522,0.94547,1.00,1.50
2016.11.25 04:19:05.290,0.94527,0.94552,1.00,1.00
2016.11.25 04:19:05.610,0.94529,0.94553,1.00,1.00
2016.11.25 04:19:06.139,0.94529,0.94552,1.00,1.00
2016.11.25 04:19:06.240,0.94527,0.94552,1.00,1.50
2016.11.25 04:19:07.831,0.94529,0.94552,1.00,1.00
2016.11.25 04:19:07.888,0.94529,0.94554,1.00,1.00
2016.11.25 04:19:08.429,0.94528,0.94553,1.00,1.00
2016.11.25 04:19:09.397,0.9453,0.94555,1.00,1.00
2016.11.25 04:19:09.728,0.94532,0.94557,1.00,1.00
2016.11.25 04:19:10.262,0.94533,0.94558,1.00,1.00
2016.11.25 04:19:10.566,0.94536,0.94557,1.00,1.00
2016.11.25 04:19:11.462,0.94537,0.94557,1.00,1.00
2016.11.25 04:19:12.463,0.94538,0.94557,1.00,1.00
2016.11.25 04:19:13.101,0.94537,0.94557,1.00,1.00
2016.11.25 04:19:15.530,0.94541,0.94562,1.00,1.00
2016.11.25 04:19:16.049,0.94541,0.94563,1.00,1.00
2016.11.25 04:19:17.328,0.94541,0.94562,1.00,1.00
2016.11.25 04:19:22.192,0.94543,0.94562,1.00,1.00
2016.11.25 04:19:22.243,0.94543,0.94567,1.00,1.00
2016.11.25 04:19:22.343,0.94545,0.94572,1.00,1.00
2016.11.25 04:19:22.394,0.94547,0.94573,1.00,1.50
2016.11.25 04:19:22.545,0.94548,0.94575,1.00,1.00
2016.11.25 04:19:22.647,0.9455,0.94577,1.00,1.00
2016.11.25 04:19:22.949,0.94554,0.94579,1.00,1.00
2016.11.25 04:19:23.302,0.94554,0.94572,1.00,1.00
2016.11.25 04:19:23.353,0.94552,0.94572,1.00,1.00
2016.11.25 04:19:23.909,0.94552,0.94573,1.00,1.00
2016.11.25 04:19:28.644,0.94548,0.94573,1.00,1.50
2016.11.25 04:19:28.695,0.94544,0.94571,1.50,1.00
2016.11.25 04:19:28.745,0.94544,0.94568,1.00,1.00
2016.11.25 04:19:28.846,0.94541,0.94567,1.00,1.00
2016.11.25 04:19:28.947,0.94541,0.94569,1.00,1.00
2016.11.25 04:19:29.223,0.94541,0.94563,1.00,1.00
2016.11.25 04:19:29.323,0.94537,0.94563,1.00,1.00
2016.11.25 04:19:29.973,0.94537,0.94562,1.00,1.00
2016.11.25 04:19:30.634,0.94538,0.94563,1.00,1.50
2016.11.25 04:19:31.674,0.94541,0.94563,1.00,1.00
2016.11.25 04:19:31.725,0.94541,0.94567,1.00,1.00
2016.11.25 04:19:31.825,0.94544,0.94569,1.00,1.00
2016.11.25 04:19:32.773,0.94543,0.94568,1.00,1.00
2016.11.25 04:19:32.990,0.94543,0.9457,1.00,1.00
2016.11.25 04:19:33.142,0.94541,0.94568,1.00,1.00
2016.11.25 04:19:33.483,0.9454,0.94565,1.00,1.00
2016.11.25 04:19:34.035,0.9454,0.94563,1.00,1.00
2016.11.25 04:19:34.523,0.94537,0.94562,1.00,1.00
2016.11.25 04:19:34.827,0.94536,0.94557,1.00,1.00
2016.11.25 04:19:35.473,0.94536,0.94561,1.00,1.00
2016.11.25 04:19:35.829,0.94536,0.94558,1.00,1.00
2016.11.25 04:19:37.131,0.94536,0.94557,1.00,1.00
2016.11.25 04:19:37.574,0.94537,0.94562,1.00,1.50
2016.11.25 04:19:37.624,0.94539,0.94562,1.00,1.00
2016.11.25 04:19:38.364,0.94538,0.94563,1.00,1.50
2016.11.25 04:19:42.476,0.94541,0.94563,1.00,1.00
2016.11.25 04:19:42.790,0.94543,0.94562,1.00,1.00
2016.11.25 04:19:42.840,0.94543,0.94567,1.00,1.00
2016.11.25 04:19:42.891,0.94545,0.94567,1.00,1.00
2016.11.25 04:19:43.304,0.94547,0.94568,1.00,1.00
2016.11.25 04:19:47.044,0.94547,0.94567,1.00,1.00
2016.11.25 04:19:47.290,0.94549,0.94574,1.00,1.00
2016.11.25 04:19:47.341,0.94551,0.94577,1.00,1.00
2016.11.25 04:19:47.545,0.94551,0.94572,1.00,1.00
2016.11.25 04:19:48.266,0.94552,0.94572,1.00,1.00
2016.11.25 04:19:51.298,0.94552,0.94577,1.00,1.00
2016.11.25 04:19:59.461,0.9455,0.94578,1.00,1.50
2016.11.25 04:19:59.758,0.9455,0.94573,1.00,1.00
2016.11.25 04:19:59.979,0.9455,0.94577,1.00,1.00
2016.11.25 04:20:00.080,0.94553,0.94577,1.00,1.00
2016.11.25 04:20:00.404,0.94551,0.94578,1.00,1.50
2016.11.25 04:20:00.606,0.9455,0.94575,1.00,1.00
2016.11.25 04:20:01.381,0.94549,0.94577,1.00,1.00
2016.11.25 04:20:01.834,0.94548,0.94574,1.00,1.00
2016.11.25 04:20:02.345,0.94549,0.94573,1.00,1.00
2016.11.25 04:20:11.401,0.9455,0.94572,1.00,1.00
2016.11.25 04:20:11.502,0.9455,0.94577,1.00,1.50
2016.11.25 04:20:11.603,0.9455,0.94575,1.00,1.00
2016.11.25 04:20:11.653,0.94549,0.94577,1.00,1.00
2016.11.25 04:20:11.898,0.94549,0.94573,1.00,1.00
2016.11.25 04:20:12.398,0.94549,0.94577,1.00,1.00
2016.11.25 04:20:12.776,0.94549,0.94573,1.00,1.00
2016.11.25 04:20:16.009,0.94547,0.94573,1.00,1.00
2016.11.25 04:20:16.558,0.9455,0.94572,1.00,1.00
2016.11.25 04:20:17.005,0.9455,0.94568,1.00,1.00
2016.11.25 04:20:17.183,0.94551,0.94573,1.00,1.00
2016.11.25 04:20:18.506,0.9455,0.94573,1.00,1.00
2016.11.25 04:20:19.316,0.9455,0.94572,1.00,1.00
2016.11.25 04:20:22.063,0.94545,0.94572,1.00,1.00
2016.11.25 04:20:22.113,0.94548,0.94573,1.00,1.00
2016.11.25 04:20:22.415,0.9455,0.94573,1.00,1.00
2016.11.25 04:20:23.111,0.9455,0.94576,1.00,1.00
2016.11.25 04:20:23.537,0.9455,0.94573,1.00,1.00
2016.11.25 04:20:23.638,0.94548,0.94572,1.00,1.00
2016.11.25 04:20:24.173,0.94549,0.94572,1.00,1.00
2016.11.25 04:20:24.651,0.94551,0.94573,1.00,1.00
2016.11.25 04:20:26.548,0.94552,0.94573,1.00,1.00
2016.11.25 04:20:26.599,0.94553,0.94578,1.00,1.00
2016.11.25 04:20:27.117,0.94553,0.94577,1.00,1.00
2016.11.25 04:20:27.324,0.94554,0.94581,1.00,1.00
2016.11.25 04:20:27.544,0.94556,0.94581,1.00,1.00
2016.11.25 04:20:29.078,0.94557,0.94582,1.00,1.00
2016.11.25 04:20:29.609,0.94556,0.94583,1.00,1.00
2016.11.25 04:20:30.405,0.94556,0.94582,1.00,1.00
2016.11.25 04:20:30.784,0.94559,0.94582,1.00,1.00
2016.11.25 04:20:31.036,0.94564,0.94588,1.00,1.00
2016.11.25 04:20:31.187,0.94562,0.94589,1.00,1.00
2016.11.25 04:20:31.336,0.94562,0.94587,1.00,1.00
2016.11.25 04:20:31.859,0.94563,0.94582,1.00,1.00
2016.11.25 04:20:32.310,0.94563,0.94588,1.00,1.00
2016.11.25 04:20:32.936,0.94563,0.94587,1.00,1.00
2016.11.25 04:20:40.420,0.94563,0.94588,1.00,1.00
2016.11.25 04:20:40.801,0.94561,0.94587,1.00,1.00
2016.11.25 04:20:41.407,0.94565,0.94587,1.00,1.00
2016.11.25 04:20:41.457,0.94567,0.94593,1.00,1.00
2016.11.25 04:20:41.558,0.94569,0.94594,1.00,1.00
2016.11.25 04:20:42.430,0.94568,0.94593,1.00,1.00
2016.11.25 04:20:42.916,0.94566,0.94594,1.00,1.00
2016.11.25 04:20:49.186,0.94564,0.94591,1.00,1.00
2016.11.25 04:20:49.356,0.94562,0.9459,1.00,1.00
2016.11.25 04:20:49.937,0.94562,0.94583,1.00,1.00
2016.11.25 04:20:50.766,0.94562,0.94588,1.00,1.00
2016.11.25 04:20:51.261,0.94562,0.9459,1.00,1.00
2016.11.25 04:20:51.776,0.94561,0.94588,1.00,1.00
2016.11.25 04:20:52.171,0.9456,0.94582,1.00,1.00
2016.11.25 04:20:52.767,0.9456,0.94583,1.00,1.00
2016.11.25 04:20:57.349,0.9456,0.94588,1.00,1.50
2016.11.25 04:20:57.457,0.94562,0.94587,1.00,1.00
2016.11.25 04:20:59.922,0.94564,0.94588,1.00,1.00
2016.11.25 04:21:00.023,0.94564,0.94591,1.00,1.00
2016.11.25 04:21:03.596,0.94562,0.94591,1.00,1.00
2016.11.25 04:21:07.772,0.94562,0.94587,1.00,1.00
2016.11.25 04:21:10.610,0.94562,0.94591,1.00,1.00
2016.11.25 04:21:11.713,0.94562,0.94587,1.00,1.00
2016.11.25 04:21:12.324,0.94562,0.94588,1.00,1.00
2016.11.25 04:21:12.942,0.94564,0.94588,1.00,1.00
2016.11.25 04:21:14.305,0.94566,0.94588,1.00,1.00
2016.11.25 04:21:14.406,0.94566,0.94591,1.00,1.00
2016.11.25 04:21:17.461,0.94563,0.9459,1.00,1.00
2016.11.25 04:21:17.726,0.94563,0.94587,1.00,1.00
2016.11.25 04:21:18.464,0.94565,0.94587,1.00,1.00
2016.11.25 04:21:20.559,0.94564,0.94587,1.00,1.00
2016.11.25 04:21:20.660,0.94564,0.94589,1.00,1.00
2016.11.25 04:21:20.823,0.94566,0.94592,1.00,1.00
2016.11.25 04:21:20.924,0.94567,0.94594,1.00,1.00
2016.11.25 04:21:21.778,0.94567,0.94592,1.00,1.00
2016.11.25 04:21:21.950,0.94567,0.94594,1.00,1.00
2016.11.25 04:21:22.939,0.94567,0.94595,1.00,1.00
2016.11.25 04:21:27.471,0.94567,0.94594,1.00,1.00
2016.11.25 04:21:27.972,0.94567,0.94592,1.00,1.00
2016.11.25 04:21:31.390,0.94565,0.94593,1.00,1.00
2016.11.25 04:21:33.656,0.94565,0.94592,1.00,1.00
2016.11.25 04:21:42.501,0.94565,0.94591,1.00,1.00
2016.11.25 04:21:46.377,0.94564,0.94589,1.00,1.00
2016.11.25 04:21:48.185,0.94564,0.94591,1.00,1.00
2016.11.25 04:21:48.496,0.94565,0.94588,1.00,1.00
2016.11.25 04:21:49.347,0.94566,0.94588,1.00,1.00
2016.11.25 04:21:49.709,0.94564,0.94588,1.00,1.00
2016.11.25 04:21:50.233,0.94564,0.94587,1.00,1.00
2016.11.25 04:21:52.995,0.94563,0.94587,1.00,1.00
2016.11.25 04:21:53.600,0.94563,0.94588,1.00,1.00
2016.11.25 04:21:57.134,0.94564,0.94588,1.00,1.00
2016.11.25 04:21:58.032,0.94563,0.94588,1.00,1.00
2016.11.25 04:22:02.679,0.94563,0.94583,1.00,1.00
2016.11.25 04:22:03.605,0.94563,0.94587,1.00,1.00
2016.11.25 04:22:04.382,0.94563,0.94588,1.00,1.00
2016.11.25 04:22:10.633,0.94562,0.94588,1.00,1.00
2016.11.25 04:22:11.149,0.94563,0.94587,1.00,1.00
2016.11.25 04:22:12.561,0.94564,0.94587,1.00,1.00
2016.11.25 04:22:13.063,0.94563,0.94588,1.00,1.00
2016.11.25 04:22:38.133,0.94563,0.94587,1.00,1.00
2016.11.25 04:22:40.937,0.94566,0.94587,1.00,1.00
2016.11.25 04:22:41.197,0.94564,0.94592,1.00,1.00
2016.11.25 04:22:41.939,0.94564,0.94591,1.00,1.00
2016.11.25 04:22:43.123,0.94565,0.94592,1.00,1.00
2016.11.25 04:22:46.866,0.94564,0.9459,1.00,1.00
2016.11.25 04:22:47.197,0.94564,0.94588,1.00,1.00
2016.11.25 04:22:47.736,0.94565,0.94588,1.00,1.00
2016.11.25 04:22:49.451,0.94565,0.94587,1.00,1.00
2016.11.25 04:22:51.956,0.94565,0.94588,1.00,1.00
2016.11.25 04:22:55.261,0.94565,0.94587,1.00,1.00
2016.11.25 04:22:55.861,0.94563,0.94587,1.00,1.00
2016.11.25 04:22:55.961,0.94563,0.94589,1.00,1.00
2016.11.25 04:22:56.012,0.94564,0.94592,1.00,1.00
2016.11.25 04:22:56.062,0.94564,0.94587,1.00,1.00
2016.11.25 04:22:56.582,0.94564,0.94588,1.00,1.00
2016.11.25 04:22:57.906,0.94562,0.94588,1.00,1.00
2016.11.25 04:22:58.115,0.94566,0.94588,1.00,1.00
2016.11.25 04:22:58.166,0.94565,0.9459,1.00,1.00
2016.11.25 04:22:58.267,0.94564,0.94587,1.00,1.00
2016.11.25 04:22:58.416,0.94561,0.94587,1.00,1.00
2016.11.25 04:22:59.218,0.9456,0.94587,1.00,1.00
2016.11.25 04:22:59.980,0.94562,0.94587,1.00,1.00
2016.11.25 04:23:03.837,0.94563,0.94587,1.00,1.00
2016.11.25 04:23:04.342,0.94564,0.94588,1.00,1.00
2016.11.25 04:23:04.933,0.94563,0.94588,1.00,1.00
2016.11.25 04:23:05.419,0.94563,0.94592,1.00,1.50
2016.11.25 04:23:05.933,0.94565,0.94591,1.00,1.00
2016.11.25 04:23:06.935,0.94565,0.94592,1.00,1.00
2016.11.25 04:23:09.014,0.94565,0.94593,1.00,1.50
2016.11.25 04:23:09.576,0.94565,0.94592,1.00,1.00
2016.11.25 04:23:11.787,0.94565,0.94593,1.00,1.50
2016.11.25 04:23:12.594,0.94565,0.94592,1.00,1.00
2016.11.25 04:23:13.690,0.94565,0.94593,1.00,1.50
2016.11.25 04:23:17.404,0.94565,0.94592,1.00,1.00
2016.11.25 04:23:17.904,0.94564,0.94588,1.00,1.00
2016.11.25 04:23:20.101,0.94564,0.94591,1.00,1.00
2016.11.25 04:23:20.508,0.94564,0.94588,1.00,1.00
2016.11.25 04:23:21.021,0.94566,0.94587,1.00,1.00
2016.11.25 04:23:21.403,0.94566,0.94593,1.00,1.50
2016.11.25 04:23:21.762,0.94564,0.94593,1.00,1.50
2016.11.25 04:23:21.813,0.94559,0.94586,1.00,1.00
2016.11.25 04:23:22.064,0.94555,0.94583,1.00,1.00
2016.11.25 04:23:22.115,0.94558,0.94583,1.00,1.00
2016.11.25 04:23:22.494,0.94555,0.94581,1.00,1.00
2016.11.25 04:23:22.545,0.94559,0.94582,1.00,1.00
2016.11.25 04:23:22.728,0.94559,0.94584,1.00,1.00
2016.11.25 04:23:22.779,0.94559,0.94587,1.00,1.00
2016.11.25 04:23:22.829,0.94565,0.94588,1.00,1.00
2016.11.25 04:23:22.880,0.94563,0.94588,1.00,1.50
2016.11.25 04:23:22.930,0.94563,0.94582,1.00,1.00
2016.11.25 04:23:23.031,0.94563,0.94587,1.00,1.00
2016.11.25 04:23:23.560,0.94564,0.94589,1.00,1.00
2016.11.25 04:23:24.088,0.94565,0.94591,1.00,1.00
2016.11.25 04:23:25.622,0.94567,0.94592,1.00,1.00
2016.11.25 04:23:25.952,0.94569,0.94592,1.00,1.00
2016.11.25 04:23:26.526,0.94569,0.94593,1.00,1.00
2016.11.25 04:23:26.627,0.94566,0.94592,1.00,1.50
2016.11.25 04:23:26.863,0.94566,0.94588,1.00,1.00
2016.11.25 04:23:27.081,0.94564,0.94588,1.00,1.00
2016.11.25 04:23:29.153,0.94562,0.94587,1.00,1.00
2016.11.25 04:23:29.253,0.94564,0.94587,1.00,1.00
2016.11.25 04:23:29.590,0.94564,0.94583,1.00,1.00
2016.11.25 04:23:30.062,0.94564,0.94588,1.00,1.00
2016.11.25 04:23:30.854,0.94565,0.94587,1.00,1.00
2016.11.25 04:23:32.565,0.94565,0.94592,1.00,1.00
2016.11.25 04:23:32.616,0.94567,0.94593,1.00,1.50
2016.11.25 04:23:32.716,0.94565,0.94593,1.00,1.50
2016.11.25 04:23:32.817,0.94567,0.94593,1.00,1.00
2016.11.25 04:23:33.180,0.94572,0.94592,1.00,1.00
2016.11.25 04:23:33.230,0.94573,0.94597,1.00,1.00
2016.11.25 04:23:33.450,0.94574,0.94602,1.00,1.00
2016.11.25 04:23:33.617,0.94574,0.94605,1.00,1.00
2016.11.25 04:23:33.932,0.94574,0.94598,1.00,1.00
2016.11.25 04:23:36.536,0.94574,0.94597,1.00,1.00
2016.11.25 04:23:38.439,0.94573,0.94597,1.00,1.00
2016.11.25 04:23:38.761,0.94573,0.946,1.00,1.00
2016.11.25 04:23:38.812,0.94572,0.94598,1.00,1.00
2016.11.25 04:23:39.415,0.94573,0.94598,1.00,1.00
2016.11.25 04:23:39.567,0.94573,0.946,1.00,1.00
2016.11.25 04:23:39.805,0.94572,0.94602,1.00,1.50
2016.11.25 04:23:39.856,0.94572,0.94597,1.00,1.00
2016.11.25 04:23:40.418,0.94574,0.94597,1.00,1.00
2016.11.25 04:23:42.044,0.94574,0.94598,1.00,1.00
2016.11.25 04:23:42.845,0.94574,0.94597,1.00,1.00
2016.11.25 04:23:43.102,0.94572,0.94597,1.00,1.00
2016.11.25 04:23:43.202,0.9457,0.94597,1.00,1.50
2016.11.25 04:23:43.253,0.94568,0.94592,1.00,1.00
2016.11.25 04:23:43.780,0.94567,0.94593,1.00,1.00
2016.11.25 04:23:44.349,0.94567,0.94592,1.00,1.00
2016.11.25 04:23:45.176,0.94568,0.94592,1.00,1.00
2016.11.25 04:23:46.236,0.94567,0.94592,1.00,1.00
2016.11.25 04:23:47.463,0.94565,0.94592,1.00,1.00
2016.11.25 04:23:48.455,0.94565,0.94593,1.00,1.00
2016.11.25 04:23:48.927,0.94567,0.94592,1.00,1.00
2016.11.25 04:23:49.857,0.94567,0.94593,1.00,1.50
2016.11.25 04:23:50.458,0.94567,0.94592,1.00,1.00
2016.11.25 04:23:51.658,0.94569,0.94592,1.00,1.00
2016.11.25 04:23:52.261,0.94569,0.94595,1.00,1.00
2016.11.25 04:23:52.312,0.94569,0.94597,1.00,1.00
2016.11.25 04:23:52.675,0.94567,0.94593,1.00,1.00
2016.11.25 04:23:53.214,0.94567,0.94592,1.00,1.00
2016.11.25 04:23:53.721,0.94566,0.94592,1.00,1.00
2016.11.25 04:23:55.984,0.94567,0.94593,1.00,1.00
2016.11.25 04:23:56.085,0.94567,0.94595,1.00,1.00
2016.11.25 04:23:56.337,0.94569,0.94598,1.00,1.00
2016.11.25 04:23:56.388,0.94569,0.94593,1.00,1.00
2016.11.25 04:23:57.771,0.9457,0.94593,1.00,1.00
2016.11.25 04:23:58.274,0.94572,0.94593,1.00,1.00
2016.11.25 04:23:58.692,0.94573,0.94597,1.00,1.00
2016.11.25 04:23:59.334,0.94574,0.94597,1.00,1.00
2016.11.25 04:24:00.707,0.94574,0.94601,1.00,1.00
2016.11.25 04:24:00.875,0.94574,0.94598,1.00,1.00
2016.11.25 04:24:03.456,0.94575,0.94598,1.00,1.00
2016.11.25 04:24:03.957,0.94576,0.94598,1.00,1.00
2016.11.25 04:24:06.931,0.94574,0.94597,1.00,1.00
2016.11.25 04:24:09.896,0.94573,0.94597,1.00,1.00
2016.11.25 04:24:10.826,0.94574,0.94598,1.00,1.00
2016.11.25 04:24:11.318,0.9457,0.946,1.00,1.00
2016.11.25 04:24:11.590,0.9457,0.94592,1.00,1.00
2016.11.25 04:24:13.302,0.94569,0.94592,1.00,1.00
2016.11.25 04:24:13.844,0.94568,0.94593,1.00,1.00
2016.11.25 04:24:15.419,0.94569,0.94593,1.00,1.00
2016.11.25 04:24:15.621,0.94567,0.94593,1.00,1.00
2016.11.25 04:24:15.721,0.94565,0.9459,1.00,1.00
2016.11.25 04:24:16.263,0.94564,0.94591,1.00,1.00
2016.11.25 04:24:16.600,0.94569,0.94595,1.00,1.00
2016.11.25 04:24:16.701,0.94569,0.94597,1.00,1.00
2016.11.25 04:24:16.903,0.94569,0.94592,1.00,1.00
2016.11.25 04:24:17.100,0.94569,0.94597,1.00,1.50
2016.11.25 04:24:17.200,0.94569,0.94593,1.00,1.00
2016.11.25 04:24:18.386,0.94573,0.94593,1.00,1.00
2016.11.25 04:24:18.537,0.94574,0.94598,1.00,1.50
2016.11.25 04:24:19.190,0.94574,0.94597,1.00,1.00
2016.11.25 04:24:19.851,0.94574,0.94598,1.00,1.00
2016.11.25 04:24:20.512,0.94574,0.94597,1.00,1.00
2016.11.25 04:24:21.059,0.94575,0.94597,1.00,1.00
2016.11.25 04:24:21.606,0.94575,0.94599,1.00,1.00
2016.11.25 04:24:22.161,0.94575,0.94598,1.00,1.00
2016.11.25 04:24:22.297,0.94573,0.94598,1.00,1.00
2016.11.25 04:24:23.008,0.94573,0.94597,1.00,1.00
2016.11.25 04:24:26.612,0.94573,0.94598,1.00,1.00
2016.11.25 04:24:27.414,0.94573,0.94597,1.00,1.00
2016.11.25 04:24:27.625,0.94575,0.94597,1.00,1.00
2016.11.25 04:24:28.163,0.94576,0.94598,1.00,1.00
2016.11.25 04:24:34.547,0.94576,0.94602,1.00,1.00
2016.11.25 04:24:37.766,0.94576,0.94598,1.00,1.00
2016.11.25 04:24:39.162,0.94576,0.94601,1.00,1.00
2016.11.25 04:24:39.212,0.94574,0.94599,1.00,1.00
2016.11.25 04:24:39.548,0.94574,0.94592,1.00,1.00
2016.11.25 04:24:43.373,0.94572,0.94592,1.00,1.00
2016.11.25 04:24:47.001,0.94573,0.94592,1.00,1.00
2016.11.25 04:24:47.052,0.94573,0.94598,1.00,1.00
2016.11.25 04:24:47.153,0.94574,0.94592,1.00,1.00
2016.11.25 04:24:47.254,0.94573,0.94597,1.00,1.00
2016.11.25 04:24:48.539,0.94573,0.94592,1.00,1.00
2016.11.25 04:24:49.078,0.94574,0.94592,1.00,1.00
2016.11.25 04:24:51.755,0.94574,0.94597,1.00,1.00
2016.11.25 04:24:51.943,0.94574,0.94592,1.00,1.00
2016.11.25 04:24:58.443,0.94573,0.94592,1.00,1.00
2016.11.25 04:24:58.494,0.94569,0.94592,1.00,1.00
2016.11.25 04:24:58.594,0.94574,0.94592,1.00,1.00
2016.11.25 04:25:00.528,0.94572,0.94592,1.00,1.00
2016.11.25 04:25:02.554,0.94572,0.94597,1.00,1.00
2016.11.25 04:25:02.955,0.94572,0.94593,1.00,1.00
2016.11.25 04:25:05.056,0.94572,0.94597,1.00,1.00
2016.11.25 04:25:05.574,0.94571,0.94597,1.00,1.00
2016.11.25 04:25:06.306,0.9457,0.94597,1.00,1.50
2016.11.25 04:25:06.408,0.9457,0.94592,1.00,1.00
2016.11.25 04:25:08.997,0.9457,0.94597,1.00,1.50
2016.11.25 04:25:10.108,0.9457,0.94592,1.00,1.00
2016.11.25 04:25:10.471,0.94571,0.94597,1.00,1.50
2016.11.25 04:25:10.572,0.94573,0.94597,1.00,1.00
2016.11.25 04:25:10.672,0.94574,0.94601,1.00,1.00
2016.11.25 04:25:10.773,0.94574,0.94598,1.00,1.00
2016.11.25 04:25:12.922,0.94573,0.94598,1.00,1.00
2016.11.25 04:25:14.352,0.94575,0.94598,1.00,1.00
2016.11.25 04:25:14.513,0.94575,0.94602,1.00,1.50
2016.11.25 04:25:20.642,0.94578,0.94602,1.00,1.00
2016.11.25 04:25:21.270,0.94577,0.94602,1.00,1.00
2016.11.25 04:25:21.819,0.94577,0.94601,1.00,1.00
2016.11.25 04:25:27.975,0.94576,0.94601,1.00,1.00
2016.11.25 04:25:28.485,0.94576,0.94597,1.00,1.00
2016.11.25 04:25:29.019,0.94576,0.94598,1.00,1.00
2016.11.25 04:25:32.931,0.94574,0.94598,1.00,1.00
2016.11.25 04:25:33.466,0.94573,0.94598,1.00,1.50
2016.11.25 04:25:34.151,0.94572,0.94597,1.00,1.00
2016.11.25 04:25:39.629,0.94574,0.94597,1.00,1.00
2016.11.25 04:25:39.846,0.94578,0.94602,1.00,1.00
2016.11.25 04:25:40.209,0.94573,0.94603,1.00,1.00
2016.11.25 04:25:40.309,0.94576,0.94606,1.00,1.00
2016.11.25 04:25:40.652,0.94576,0.94602,1.00,1.00
2016.11.25 04:25:40.938,0.9458,0.94607,1.00,1.00
2016.11.25 04:25:41.515,0.9458,0.94608,1.00,1.00
2016.11.25 04:25:42.340,0.94583,0.94608,1.00,1.00
2016.11.25 04:25:42.462,0.94583,0.94612,1.00,1.00
2016.11.25 04:25:42.563,0.94583,0.94608,1.00,1.00
2016.11.25 04:25:42.776,0.94583,0.94612,1.00,1.00
2016.11.25 04:25:42.877,0.94583,0.94607,1.00,1.00
2016.11.25 04:25:44.484,0.94582,0.94607,1.00,1.00
2016.11.25 04:25:45.147,0.94583,0.94607,1.00,1.00
2016.11.25 04:25:49.978,0.94583,0.94608,1.00,1.00
2016.11.25 04:25:50.486,0.94584,0.94607,1.00,1.00
2016.11.25 04:25:51.052,0.94585,0.94608,1.00,1.00
2016.11.25 04:25:51.663,0.94584,0.94608,1.00,1.00
2016.11.25 04:25:56.225,0.94585,0.94608,1.00,1.00
2016.11.25 04:25:57.038,0.94585,0.94607,1.00,1.00
2016.11.25 04:25:59.483,0.94585,0.9461,1.00,1.00
2016.11.25 04:25:59.534,0.94585,0.94602,1.00,1.00
2016.11.25 04:25:59.652,0.94585,0.94607,1.00,1.00
2016.11.25 04:26:00.341,0.94586,0.94607,1.00,1.00
2016.11.25 04:26:01.245,0.94581,0.94607,1.00,1.00
2016.11.25 04:26:01.295,0.94584,0.94609,1.00,1.00
2016.11.25 04:26:01.490,0.94581,0.94608,1.00,1.50
2016.11.25 04:26:01.590,0.94584,0.94608,1.00,1.00
2016.11.25 04:26:02.158,0.94584,0.94607,1.00,1.00
2016.11.25 04:26:02.214,0.94582,0.94607,1.00,1.50
2016.11.25 04:26:04.198,0.94582,0.94608,1.00,1.00
2016.11.25 04:26:04.681,0.9458,0.94605,1.00,1.00
2016.11.25 04:26:04.835,0.94581,0.94607,1.00,1.00
2016.11.25 04:26:04.886,0.94581,0.94603,1.00,1.00
2016.11.25 04:26:04.987,0.94579,0.94603,1.00,1.00
2016.11.25 04:26:05.505,0.94579,0.94602,1.00,1.00
2016.11.25 04:26:06.335,0.9458,0.94602,1.00,1.00
2016.11.25 04:26:07.182,0.9458,0.94603,1.00,1.00
2016.11.25 04:26:08.277,0.9458,0.94602,1.00,1.00
2016.11.25 04:26:08.982,0.94579,0.94603,1.00,1.00
2016.11.25 04:26:09.465,0.94576,0.94603,1.00,1.00
2016.11.25 04:26:09.972,0.94576,0.94602,1.00,1.00
2016.11.25 04:26:10.707,0.94576,0.94601,1.00,1.00
2016.11.25 04:26:11.100,0.94575,0.94599,1.00,1.00
2016.11.25 04:26:12.052,0.94574,0.94599,1.00,1.00
2016.11.25 04:26:12.812,0.94575,0.94601,1.00,1.00
2016.11.25 04:26:13.102,0.94575,0.94603,1.00,1.50
2016.11.25 04:26:13.625,0.94575,0.94602,1.00,1.00
2016.11.25 04:26:13.834,0.94577,0.94602,1.00,1.00
2016.11.25 04:26:14.177,0.94578,0.94604,1.00,1.00
2016.11.25 04:26:14.228,0.94581,0.94607,1.00,1.00
2016.11.25 04:26:14.973,0.94582,0.94607,1.00,1.00
2016.11.25 04:26:15.605,0.94584,0.94607,1.00,1.00
2016.11.25 04:26:15.705,0.94586,0.94612,1.00,1.00
2016.11.25 04:26:15.806,0.94589,0.94615,1.00,1.00
2016.11.25 04:26:15.857,0.94588,0.94617,1.00,1.00
2016.11.25 04:26:16.393,0.94588,0.94618,1.00,1.00
2016.11.25 04:26:16.453,0.94587,0.94615,1.00,1.00
2016.11.25 04:26:16.826,0.94586,0.94613,1.00,1.00
2016.11.25 04:26:17.360,0.94586,0.94612,1.00,1.00
2016.11.25 04:26:18.016,0.94586,0.94613,1.00,1.00
2016.11.25 04:26:22.986,0.94588,0.94613,1.00,1.00
2016.11.25 04:26:23.322,0.94586,0.94612,1.00,1.00
2016.11.25 04:26:23.792,0.94588,0.94613,1.00,1.00
2016.11.25 04:26:24.293,0.94589,0.94613,1.00,1.00
2016.11.25 04:26:24.922,0.94589,0.94612,1.00,1.00
2016.11.25 04:26:25.446,0.94588,0.94613,1.00,1.00
2016.11.25 04:26:25.497,0.94586,0.94613,1.00,1.00
2016.11.25 04:26:26.020,0.94586,0.94612,1.00,1.00
2016.11.25 04:26:26.399,0.94586,0.94607,1.00,1.00
2016.11.25 04:26:27.206,0.94586,0.94613,1.00,1.00
2016.11.25 04:26:28.573,0.94588,0.94613,1.00,1.00
2016.11.25 04:26:33.205,0.94588,0.94607,1.00,1.00
2016.11.25 04:26:33.513,0.94588,0.94613,1.00,1.00
2016.11.25 04:26:34.257,0.94586,0.94613,1.00,1.00
2016.11.25 04:26:37.510,0.94586,0.94612,1.00,1.00
2016.11.25 04:26:43.178,0.94585,0.94612,1.00,1.00
2016.11.25 04:26:43.329,0.94588,0.94613,1.00,1.00
2016.11.25 04:26:44.921,0.94588,0.94612,1.00,1.00
2016.11.25 04:26:46.824,0.94588,0.94613,1.00,1.00
2016.11.25 04:26:47.189,0.9459,0.94612,1.00,1.00
2016.11.25 04:26:48.049,0.94591,0.94613,1.00,1.00
2016.11.25 04:26:48.885,0.9459,0.94613,1.00,1.00
2016.11.25 04:26:49.296,0.94588,0.94613,1.00,1.00
2016.11.25 04:26:49.654,0.94591,0.94613,1.00,1.00
2016.11.25 04:26:51.272,0.94591,0.94612,1.00,1.00
2016.11.25 04:26:51.548,0.94589,0.94612,1.00,1.00
2016.11.25 04:26:51.717,0.94587,0.94612,1.00,1.00
2016.11.25 04:26:53.274,0.9459,0.94612,1.00,1.00
2016.11.25 04:26:53.755,0.9459,0.94614,1.00,1.00
2016.11.25 04:26:53.815,0.94591,0.94618,1.00,1.00
2016.11.25 04:26:53.966,0.94595,0.94619,1.00,1.00
2016.11.25 04:26:54.017,0.94596,0.94623,1.00,1.50
2016.11.25 04:26:54.068,0.94598,0.94623,1.00,1.00
2016.11.25 04:26:54.445,0.94596,0.94622,1.00,1.00
2016.11.25 04:26:54.740,0.94596,0.94612,1.00,1.00
2016.11.25 04:26:55.040,0.94595,0.94617,1.00,1.00
2016.11.25 04:26:55.341,0.94595,0.94612,1.00,1.00
2016.11.25 04:26:55.780,0.94595,0.94617,1.00,1.00
2016.11.25 04:26:55.881,0.94595,0.94612,1.00,1.00
2016.11.25 04:26:56.143,0.94595,0.94617,1.00,1.00
2016.11.25 04:26:56.671,0.94595,0.94618,1.00,1.00
2016.11.25 04:26:56.772,0.94595,0.94621,1.00,1.00
2016.11.25 04:26:56.873,0.94598,0.94622,1.00,1.00
2016.11.25 04:26:57.816,0.94594,0.94622,1.00,1.00
2016.11.25 04:26:57.866,0.94596,0.94621,1.00,1.00
2016.11.25 04:26:58.649,0.94594,0.9462,1.00,1.00
2016.11.25 04:27:00.539,0.94595,0.94621,1.00,1.00
2016.11.25 04:27:00.741,0.9459,0.9462,1.00,1.00
2016.11.25 04:27:00.791,0.94592,0.94622,1.00,1.00
2016.11.25 04:27:01.059,0.9459,0.94623,1.00,1.00
2016.11.25 04:27:01.420,0.94592,0.94621,1.00,1.00
2016.11.25 04:27:01.779,0.94594,0.9462,1.00,1.00
2016.11.25 04:27:01.930,0.94592,0.94619,1.00,1.00
2016.11.25 04:27:02.766,0.94593,0.94619,1.00,1.00
2016.11.25 04:27:03.336,0.94593,0.94621,1.00,1.00
2016.11.25 04:27:04.239,0.94593,0.94619,1.00,1.00
2016.11.25 04:27:06.302,0.94594,0.94621,1.00,1.00
2016.11.25 04:27:06.403,0.94596,0.94622,1.00,1.00
2016.11.25 04:27:07.043,0.94593,0.94622,1.00,1.00
2016.11.25 04:27:07.244,0.94596,0.94622,1.00,1.50
2016.11.25 04:27:07.792,0.94595,0.94622,1.00,1.00
2016.11.25 04:27:08.559,0.94594,0.94622,1.00,1.00
2016.11.25 04:27:08.891,0.94597,0.94622,1.00,1.00
2016.11.25 04:27:09.042,0.94596,0.94627,1.00,1.50
2016.11.25 04:27:09.600,0.94596,0.94623,1.00,1.00
2016.11.25 04:27:13.178,0.94596,0.94622,1.00,1.00
2016.11.25 04:27:13.229,0.94593,0.94622,1.00,1.50
2016.11.25 04:27:13.370,0.94593,0.9462,1.00,1.00
2016.11.25 04:27:13.672,0.94595,0.94617,1.00,1.00
2016.11.25 04:27:14.221,0.94593,0.94617,1.00,1.00
2016.11.25 04:27:16.389,0.94593,0.9462,1.00,1.00
2016.11.25 04:27:16.490,0.94593,0.94622,1.00,1.00
2016.11.25 04:27:16.540,0.94595,0.94622,1.00,1.00
2016.11.25 04:27:17.635,0.94591,0.9462,1.00,1.00
2016.11.25 04:27:17.736,0.94589,0.94619,1.00,1.00
2016.11.25 04:27:17.887,0.94589,0.94613,1.00,1.00
2016.11.25 04:27:18.346,0.94591,0.94613,1.00,1.00
2016.11.25 04:27:18.522,0.94588,0.94612,1.00,1.00
2016.11.25 04:27:19.273,0.94586,0.94612,1.00,1.00
2016.11.25 04:27:19.666,0.94584,0.94613,1.00,1.00
2016.11.25 04:27:20.054,0.94585,0.94616,1.00,1.00
2016.11.25 04:27:20.591,0.94586,0.94618,1.00,1.50
2016.11.25 04:27:20.641,0.94589,0.94618,1.00,1.50
2016.11.25 04:27:21.813,0.94589,0.94617,1.00,1.00
2016.11.25 04:27:22.713,0.94587,0.94616,1.00,1.00
2016.11.25 04:27:22.814,0.94582,0.94613,1.00,1.00
2016.11.25 04:27:22.995,0.94582,0.94607,1.00,1.00
2016.11.25 04:27:26.106,0.94582,0.94608,1.00,1.00
2016.11.25 04:27:26.715,0.94582,0.94607,1.00,1.00
2016.11.25 04:27:27.758,0.94585,0.94607,1.00,1.00
2016.11.25 04:27:28.693,0.94584,0.94607,1.00,1.00
2016.11.25 04:27:28.955,0.94594,0.94621,1.00,1.00
2016.11.25 04:27:29.107,0.94594,0.94617,1.00,1.00
2016.11.25 04:27:29.208,0.94594,0.94621,1.00,1.00
2016.11.25 04:27:29.314,0.94594,0.94617,1.00,1.00
2016.11.25 04:27:29.738,0.94596,0.94617,1.00,1.00
2016.11.25 04:27:29.805,0.94596,0.94623,1.00,1.50
2016.11.25 04:27:30.139,0.94596,0.94617,1.00,1.00
2016.11.25 04:27:31.109,0.94596,0.94623,1.00,1.00
2016.11.25 04:27:31.769,0.94597,0.94625,1.00,1.00
2016.11.25 04:27:31.870,0.94599,0.94627,1.00,1.50
2016.11.25 04:27:32.193,0.94602,0.94627,1.00,1.00
2016.11.25 04:27:32.343,0.94602,0.9463,1.00,1.00
2016.11.25 04:27:32.444,0.94604,0.94627,1.00,1.00
2016.11.25 04:27:33.038,0.94601,0.94627,1.00,1.00
2016.11.25 04:27:33.245,0.94597,0.94626,1.00,1.00
2016.11.25 04:27:33.296,0.94599,0.94626,1.00,1.00
2016.11.25 04:27:34.290,0.94601,0.94625,1.00,1.00
2016.11.25 04:27:39.438,0.94601,0.94622,1.00,1.00
2016.11.25 04:27:39.589,0.94598,0.94622,1.00,1.00
2016.11.25 04:27:40.404,0.94597,0.94623,1.00,1.50
2016.11.25 04:27:42.928,0.94597,0.94622,1.00,1.00
2016.11.25 04:27:43.493,0.94598,0.94622,1.00,1.00
2016.11.25 04:27:43.617,0.94596,0.94622,1.00,1.00
2016.11.25 04:27:46.793,0.94598,0.94622,1.00,1.00
2016.11.25 04:27:48.906,0.94599,0.94622,1.00,1.00
2016.11.25 04:27:50.039,0.94599,0.94624,1.00,1.00
2016.11.25 04:27:50.140,0.94599,0.94622,1.00,1.00
2016.11.25 04:27:52.535,0.946,0.94622,1.00,1.00
2016.11.25 04:27:52.586,0.946,0.94627,1.00,1.00
2016.11.25 04:27:52.737,0.94603,0.94627,1.00,1.00
2016.11.25 04:27:53.450,0.94603,0.94628,1.00,1.50
2016.11.25 04:27:55.174,0.94603,0.94622,1.00,1.00
2016.11.25 04:27:56.263,0.94601,0.94622,1.00,1.00
2016.11.25 04:27:56.414,0.94598,0.94622,1.00,1.00
2016.11.25 04:27:56.951,0.94597,0.94622,1.00,1.00
2016.11.25 04:27:58.252,0.94597,0.94623,1.00,1.50
2016.11.25 04:27:59.855,0.94597,0.94618,1.00,1.00
2016.11.25 04:28:01.778,0.94597,0.94622,1.00,1.00
2016.11.25 04:28:02.355,0.94598,0.94622,1.00,1.00
2016.11.25 04:28:03.102,0.94597,0.94622,1.00,1.00
2016.11.25 04:28:03.812,0.94599,0.94622,1.00,1.00
2016.11.25 04:28:05.999,0.94599,0.94623,1.00,1.00
2016.11.25 04:28:06.393,0.94601,0.94623,1.00,1.00
2016.11.25 04:28:06.565,0.94601,0.94627,1.00,1.00
2016.11.25 04:28:09.018,0.94601,0.94623,1.00,1.00
2016.11.25 04:28:09.588,0.946,0.94623,1.00,1.00
2016.11.25 04:28:10.972,0.946,0.94622,1.00,1.00
2016.11.25 04:28:21.487,0.946,0.94623,1.00,1.00
2016.11.25 04:28:21.789,0.94602,0.94622,1.00,1.00
2016.11.25 04:28:22.327,0.94601,0.94622,1.00,1.00
2016.11.25 04:28:22.911,0.946,0.94622,1.00,1.00
2016.11.25 04:28:25.978,0.94598,0.94622,1.00,1.00
2016.11.25 04:28:26.922,0.94598,0.94617,1.00,1.00
2016.11.25 04:28:28.813,0.94599,0.94617,1.00,1.00
2016.11.25 04:28:33.236,0.94597,0.94618,1.00,1.00
2016.11.25 04:28:33.362,0.94597,0.94622,1.00,1.00
2016.11.25 04:28:33.462,0.94594,0.94622,1.00,1.00
2016.11.25 04:28:33.513,0.94593,0.94619,1.00,1.00
2016.11.25 04:28:33.851,0.94591,0.94617,1.00,1.00
2016.11.25 04:28:35.133,0.9459,0.94612,1.00,1.00
2016.11.25 04:28:35.183,0.94588,0.94612,1.00,1.00
2016.11.25 04:28:35.334,0.94586,0.94611,1.00,1.00
2016.11.25 04:28:35.436,0.94583,0.9461,1.00,1.00
2016.11.25 04:28:35.741,0.94585,0.94612,1.00,1.00
2016.11.25 04:28:36.171,0.94587,0.94614,1.00,1.00
2016.11.25 04:28:40.535,0.94586,0.94612,1.00,1.00
2016.11.25 04:28:40.585,0.94582,0.94614,1.50,1.00
2016.11.25 04:28:40.636,0.94586,0.94613,1.00,1.00
2016.11.25 04:28:41.076,0.94583,0.94613,1.00,1.00
2016.11.25 04:28:41.127,0.94582,0.9461,1.00,1.00
2016.11.25 04:28:41.660,0.94583,0.94613,1.00,1.00
2016.11.25 04:28:41.835,0.94585,0.94612,1.00,1.00
2016.11.25 04:28:42.078,0.94583,0.94611,1.00,1.00
2016.11.25 04:28:42.456,0.94584,0.94614,1.00,1.00
2016.11.25 04:28:42.507,0.94586,0.94615,1.00,1.00
2016.11.25 04:28:42.833,0.94586,0.94612,1.00,1.00
2016.11.25 04:28:47.942,0.94586,0.94613,1.00,1.00
2016.11.25 04:28:48.221,0.94584,0.94612,1.00,1.00
2016.11.25 04:28:48.271,0.94582,0.9461,1.00,1.00
2016.11.25 04:28:48.813,0.94584,0.94611,1.00,1.00
2016.11.25 04:28:49.349,0.94585,0.94612,1.00,1.00
2016.11.25 04:28:50.234,0.94582,0.9461,1.00,1.00
2016.11.25 04:28:51.898,0.94583,0.94612,1.00,1.00
2016.11.25 04:28:58.874,0.94585,0.94612,1.00,1.00
2016.11.25 04:28:59.907,0.94586,0.94612,1.00,1.00
2016.11.25 04:29:06.701,0.94587,0.94612,1.00,1.00
2016.11.25 04:29:08.671,0.94587,0.94613,1.00,1.50
2016.11.25 04:29:08.871,0.94584,0.94613,1.00,1.50
2016.11.25 04:29:13.829,0.94587,0.94613,1.00,1.00
2016.11.25 04:29:14.312,0.94588,0.94615,1.00,1.00
2016.11.25 04:29:14.413,0.9459,0.94619,1.00,1.00
2016.11.25 04:29:14.463,0.94591,0.94617,1.00,1.00
2016.11.25 04:29:14.682,0.94592,0.94622,1.00,1.00
2016.11.25 04:29:15.302,0.94592,0.94617,1.00,1.00
2016.11.25 04:29:15.717,0.9459,0.94612,1.00,1.00
2016.11.25 04:29:26.715,0.9459,0.94617,1.00,1.00
2016.11.25 04:29:27.098,0.9459,0.94612,1.00,1.00
2016.11.25 04:29:28.934,0.94589,0.94612,1.00,1.00
2016.11.25 04:29:34.164,0.94591,0.94612,1.00,1.00
2016.11.25 04:29:43.966,0.9459,0.94612,1.00,1.00
2016.11.25 04:29:49.249,0.9459,0.94618,1.00,1.50
2016.11.25 04:29:49.496,0.94593,0.94617,1.00,1.00
2016.11.25 04:29:49.647,0.94593,0.94619,1.00,1.00
2016.11.25 04:29:49.762,0.94593,0.94622,1.00,1.00
2016.11.25 04:29:50.466,0.94594,0.94623,1.00,1.00
2016.11.25 04:29:54.635,0.94592,0.94622,1.00,1.00
2016.11.25 04:29:54.709,0.94593,0.94619,1.00,1.00
2016.11.25 04:29:55.077,0.94593,0.94617,1.00,1.00
2016.11.25 04:29:56.577,0.94593,0.94618,1.00,1.00
2016.11.25 04:29:57.354,0.94592,0.94618,1.00,1.00
2016.11.25 04:29:57.755,0.94592,0.94612,1.00,1.00
2016.11.25 04:29:58.493,0.94593,0.94612,1.00,1.00
2016.11.25 04:29:58.834,0.94589,0.94612,1.00,1.00
2016.11.25 04:29:58.921,0.94584,0.94612,1.00,1.50
2016.11.25 04:29:59.734,0.94584,0.9461,1.00,1.00
2016.11.25 04:30:02.113,0.94584,0.94612,1.00,1.00
2016.11.25 04:30:04.690,0.94585,0.94612,1.00,1.00
2016.11.25 04:30:07.253,0.94586,0.94612,1.00,1.00
2016.11.25 04:30:07.624,0.94587,0.94617,1.00,1.00
2016.11.25 04:30:07.826,0.94588,0.94614,1.00,1.00
2016.11.25 04:30:08.151,0.94586,0.94612,1.00,1.00
2016.11.25 04:30:08.830,0.94584,0.94613,1.00,1.50
2016.11.25 04:30:09.955,0.94584,0.94612,1.00,1.00
2016.11.25 04:30:10.618,0.94584,0.94613,1.00,1.50
2016.11.25 04:30:14.069,0.94583,0.94612,1.00,1.00
2016.11.25 04:30:16.062,0.94583,0.9461,1.00,1.00
2016.11.25 04:30:16.414,0.94582,0.94602,1.00,1.00
2016.11.25 04:30:17.002,0.94582,0.94603,1.00,1.00
2016.11.25 04:30:17.662,0.94581,0.94603,1.00,1.00
2016.11.25 04:30:18.322,0.94581,0.94602,1.00,1.00
2016.11.25 04:30:19.706,0.94583,0.94602,1.00,1.00
2016.11.25 04:30:21.674,0.94583,0.94603,1.00,1.00
2016.11.25 04:30:23.787,0.94583,0.94608,1.00,1.00
2016.11.25 04:30:24.498,0.94584,0.9461,1.00,1.00
2016.11.25 04:30:25.306,0.94585,0.94613,1.00,1.00
2016.11.25 04:30:25.805,0.94585,0.94607,1.00,1.00
2016.11.25 04:30:31.985,0.94585,0.94611,1.00,1.00
2016.11.25 04:30:34.412,0.94586,0.94614,1.00,1.00
2016.11.25 04:30:34.462,0.94588,0.94613,1.00,1.00
2016.11.25 04:30:34.513,0.94588,0.94615,1.00,1.00
2016.11.25 04:30:34.836,0.94587,0.94613,1.00,1.00
2016.11.25 04:30:34.936,0.94585,0.94612,1.00,1.00
2016.11.25 04:30:35.100,0.94583,0.94611,1.00,1.00
2016.11.25 04:30:37.886,0.94582,0.94613,1.00,1.00
2016.11.25 04:30:37.936,0.94583,0.94611,1.00,1.00
2016.11.25 04:30:41.935,0.94584,0.94614,1.00,1.00
2016.11.25 04:30:42.386,0.94588,0.94617,1.00,1.00
2016.11.25 04:30:42.661,0.94593,0.94623,1.00,1.00
2016.11.25 04:30:43.188,0.94596,0.94624,1.00,1.00
2016.11.25 04:30:48.745,0.94597,0.94625,1.00,1.00
2016.11.25 04:30:49.126,0.94599,0.94622,1.00,1.00
2016.11.25 04:30:50.066,0.946,0.94622,1.00,1.00
2016.11.25 04:30:55.768,0.94596,0.94622,1.00,1.00
2016.11.25 04:30:55.869,0.94594,0.94622,1.00,1.00
2016.11.25 04:30:56.336,0.94598,0.94622,1.00,1.00
2016.11.25 04:30:56.946,0.94598,0.94623,1.00,1.00
2016.11.25 04:30:59.111,0.946,0.94623,1.00,1.00
2016.11.25 04:31:00.123,0.946,0.94622,1.00,1.00
2016.11.25 04:31:01.530,0.946,0.94623,1.00,1.00
2016.11.25 04:31:04.308,0.94597,0.94623,1.00,1.00
2016.11.25 04:31:04.359,0.94597,0.94625,1.00,1.00
2016.11.25 04:31:04.460,0.94597,0.94622,1.00,1.00
2016.11.25 04:31:04.510,0.94591,0.94618,1.00,1.00
2016.11.25 04:31:04.561,0.9459,0.94614,1.00,1.00
2016.11.25 04:31:04.704,0.94586,0.94615,1.00,1.00
2016.11.25 04:31:04.869,0.94586,0.94612,1.00,1.00
2016.11.25 04:31:05.371,0.94586,0.94613,1.00,1.00
2016.11.25 04:31:05.733,0.94589,0.94617,1.00,1.00
2016.11.25 04:31:07.630,0.94593,0.94618,1.00,1.00
2016.11.25 04:31:07.781,0.94597,0.94623,1.00,1.00
2016.11.25 04:31:07.882,0.94598,0.94628,1.00,1.00
2016.11.25 04:31:08.673,0.946,0.94628,1.00,1.00
2016.11.25 04:31:08.978,0.94602,0.94628,1.00,1.00
2016.11.25 04:31:09.115,0.946,0.94628,1.00,1.00
2016.11.25 04:31:09.311,0.94602,0.94628,1.00,1.00
2016.11.25 04:31:10.156,0.94604,0.94628,1.00,1.00
2016.11.25 04:31:10.433,0.94601,0.94628,1.00,1.00
2016.11.25 04:31:10.664,0.94604,0.94628,1.00,1.00
2016.11.25 04:31:11.584,0.94604,0.94627,1.00,1.00
2016.11.25 04:31:11.685,0.94602,0.94627,1.00,1.00
2016.11.25 04:31:11.986,0.94602,0.94623,1.00,1.00
2016.11.25 04:31:12.445,0.94602,0.94627,1.00,1.00
2016.11.25 04:31:14.089,0.94599,0.94627,1.00,1.00
2016.11.25 04:31:14.218,0.94603,0.94627,1.00,1.00
2016.11.25 04:31:14.663,0.94603,0.94632,1.00,1.00
2016.11.25 04:31:14.747,0.94603,0.94628,1.00,1.00
2016.11.25 04:31:19.826,0.94606,0.94628,1.00,1.00
2016.11.25 04:31:20.254,0.94606,0.94631,1.00,1.00
2016.11.25 04:31:22.163,0.94606,0.94627,1.00,1.00
2016.11.25 04:31:22.971,0.94606,0.94631,1.00,1.00
2016.11.25 04:31:33.695,0.946,0.9463,1.00,1.00
2016.11.25 04:31:33.796,0.946,0.94628,1.00,1.00
2016.11.25 04:31:34.098,0.94602,0.94627,1.00,1.00
2016.11.25 04:31:34.668,0.94603,0.94628,1.00,1.00
2016.11.25 04:31:35.670,0.94602,0.94628,1.00,1.00
2016.11.25 04:31:36.472,0.94602,0.94627,1.00,1.00
2016.11.25 04:31:36.802,0.94604,0.94627,1.00,1.00
2016.11.25 04:31:37.342,0.94606,0.94628,1.00,1.00
2016.11.25 04:31:37.443,0.94604,0.94628,1.00,1.00
2016.11.25 04:31:37.542,0.94602,0.94628,1.00,1.00
2016.11.25 04:31:37.880,0.94604,0.94627,1.00,1.00
2016.11.25 04:31:38.301,0.94603,0.94631,1.00,1.00
2016.11.25 04:31:38.883,0.94604,0.94632,1.00,1.50
2016.11.25 04:31:39.384,0.94604,0.94628,1.00,1.00
2016.11.25 04:31:39.823,0.94604,0.94632,1.00,1.50
2016.11.25 04:31:41.287,0.94604,0.94627,1.00,1.00
2016.11.25 04:31:43.790,0.94604,0.94632,1.00,1.50
2016.11.25 04:31:48.987,0.94605,0.94633,1.00,1.50
2016.11.25 04:31:49.088,0.94607,0.94633,1.00,1.50
2016.11.25 04:31:49.289,0.94605,0.94632,1.00,1.00
2016.11.25 04:31:49.796,0.94606,0.94632,1.00,1.00
2016.11.25 04:31:50.220,0.94605,0.94628,1.00,1.00
2016.11.25 04:31:50.270,0.94603,0.94628,1.00,1.50
2016.11.25 04:31:50.371,0.946,0.94626,1.00,1.00
2016.11.25 04:31:50.472,0.94597,0.94625,1.00,1.00
2016.11.25 04:31:51.650,0.94596,0.94626,1.00,1.00
2016.11.25 04:31:52.327,0.94599,0.94627,1.00,1.00
2016.11.25 04:31:53.115,0.94597,0.94625,1.00,1.00
2016.11.25 04:31:53.660,0.94598,0.94626,1.00,1.00
2016.11.25 04:31:56.557,0.94599,0.94628,1.00,1.00
2016.11.25 04:31:56.607,0.94601,0.94627,1.00,1.00
2016.11.25 04:31:57.569,0.946,0.94629,1.00,1.00
2016.11.25 04:31:58.733,0.94601,0.94629,1.00,1.00
2016.11.25 04:31:59.731,0.94602,0.94627,1.00,1.00
2016.11.25 04:32:03.354,0.94603,0.94629,1.00,1.00
2016.11.25 04:32:03.904,0.94602,0.9463,1.00,1.00
2016.11.25 04:32:03.954,0.94604,0.94631,1.00,1.00
2016.11.25 04:32:06.210,0.94606,0.94631,1.00,1.00
2016.11.25 04:32:06.863,0.94602,0.94631,1.00,1.00
2016.11.25 04:32:06.964,0.946,0.9463,1.00,1.00
2016.11.25 04:32:07.531,0.94601,0.94623,1.00,1.00
2016.11.25 04:32:07.732,0.94601,0.94629,1.00,1.00
2016.11.25 04:32:07.833,0.94598,0.9463,1.00,1.00
2016.11.25 04:32:07.884,0.94603,0.94628,1.00,1.00
2016.11.25 04:32:08.136,0.94605,0.94633,1.00,1.00
2016.11.25 04:32:08.236,0.94605,0.94635,1.00,1.00
2016.11.25 04:32:08.589,0.94607,0.94637,1.00,1.50
2016.11.25 04:32:09.111,0.94607,0.94638,1.00,1.00
2016.11.25 04:32:09.825,0.94608,0.94639,1.00,1.00
2016.11.25 04:32:10.338,0.94607,0.94638,1.00,1.00
2016.11.25 04:32:10.838,0.94609,0.94637,1.00,1.00
2016.11.25 04:32:10.940,0.9461,0.94641,1.00,1.00
2016.11.25 04:32:10.995,0.9461,0.94639,1.00,1.00
2016.11.25 04:32:13.327,0.94609,0.94641,1.00,1.00
2016.11.25 04:32:13.377,0.9461,0.94639,1.00,1.00
2016.11.25 04:32:13.428,0.94611,0.94641,1.00,1.00
2016.11.25 04:32:13.478,0.94613,0.94641,1.00,1.00
2016.11.25 04:32:14.190,0.94612,0.9464,1.00,1.00
2016.11.25 04:32:14.507,0.94611,0.94637,1.00,1.00
2016.11.25 04:32:14.645,0.94611,0.9464,1.00,1.00
2016.11.25 04:32:15.872,0.94612,0.94641,1.00,1.00
2016.11.25 04:32:15.972,0.94611,0.94637,1.00,1.00
2016.11.25 04:32:16.261,0.94611,0.9464,1.00,1.00
2016.11.25 04:32:17.045,0.94612,0.94641,1.00,1.00
2016.11.25 04:32:17.605,0.94611,0.9464,1.00,1.00
2016.11.25 04:32:18.123,0.9461,0.94639,1.00,1.00
2016.11.25 04:32:18.924,0.9461,0.94638,1.00,1.00
2016.11.25 04:32:19.445,0.94611,0.94638,1.00,1.00
2016.11.25 04:32:20.447,0.94612,0.94638,1.00,1.00
2016.11.25 04:32:24.133,0.94611,0.94638,1.00,1.00
2016.11.25 04:32:24.234,0.94612,0.94642,1.00,1.50
2016.11.25 04:32:29.292,0.94613,0.9464,1.00,1.00
2016.11.25 04:32:34.531,0.94612,0.94639,1.00,1.00
2016.11.25 04:32:34.833,0.9461,0.94637,1.00,1.00
2016.11.25 04:32:35.139,0.94613,0.94637,1.00,1.00
2016.11.25 04:32:35.290,0.94608,0.94634,1.00,1.00
2016.11.25 04:32:35.391,0.94605,0.94637,1.00,1.50
2016.11.25 04:32:35.492,0.94608,0.94637,1.00,1.00
2016.11.25 04:32:36.176,0.94608,0.94633,1.00,1.00
2016.11.25 04:32:36.677,0.94609,0.94632,1.00,1.00
2016.11.25 04:32:37.378,0.94609,0.94633,1.00,1.00
2016.11.25 04:32:37.787,0.94609,0.94627,1.00,1.00
2016.11.25 04:32:37.878,0.94609,0.94632,1.00,1.00
2016.11.25 04:32:39.180,0.94609,0.94633,1.00,1.00
2016.11.25 04:32:41.090,0.94609,0.94632,1.00,1.00
2016.11.25 04:32:41.483,0.94609,0.94628,1.00,1.00
2016.11.25 04:32:43.821,0.94608,0.94628,1.00,1.00
2016.11.25 04:32:45.388,0.94608,0.94633,1.00,1.00
2016.11.25 04:32:46.300,0.94606,0.94628,1.00,1.00
2016.11.25 04:32:46.350,0.94604,0.94628,1.00,1.00
2016.11.25 04:32:46.451,0.946,0.94627,1.00,1.00
2016.11.25 04:32:46.502,0.946,0.94629,1.00,1.00
2016.11.25 04:32:46.803,0.946,0.94623,1.00,1.00
2016.11.25 04:32:48.594,0.946,0.94622,1.00,1.00
2016.11.25 04:32:49.596,0.946,0.94628,1.00,1.00
2016.11.25 04:32:50.124,0.946,0.94623,1.00,1.00
2016.11.25 04:32:51.321,0.946,0.94628,1.00,1.00
2016.11.25 04:32:51.397,0.946,0.94622,1.00,1.00
2016.11.25 04:32:52.498,0.946,0.94623,1.00,1.00
2016.11.25 04:32:54.100,0.946,0.94628,1.00,1.00
2016.11.25 04:32:54.200,0.946,0.94623,1.00,1.00
2016.11.25 04:32:54.629,0.946,0.94627,1.00,1.00
2016.11.25 04:32:54.701,0.946,0.94623,1.00,1.00
2016.11.25 04:32:54.901,0.946,0.94627,1.00,1.00
2016.11.25 04:32:55.802,0.946,0.94622,1.00,1.00
2016.11.25 04:32:58.054,0.94602,0.94622,1.00,1.00
2016.11.25 04:32:58.106,0.94602,0.94627,1.00,1.00
2016.11.25 04:32:58.293,0.94605,0.94627,1.00,1.00
2016.11.25 04:32:58.393,0.94602,0.94627,1.00,1.00
2016.11.25 04:32:59.297,0.94603,0.94627,1.00,1.00
2016.11.25 04:32:59.398,0.94605,0.94627,1.00,1.00
2016.11.25 04:33:01.792,0.94606,0.94627,1.00,1.00
2016.11.25 04:33:05.036,0.94605,0.94627,1.00,1.00
2016.11.25 04:33:05.564,0.94602,0.94627,1.00,1.00
2016.11.25 04:33:05.614,0.94605,0.94628,1.00,1.00
2016.11.25 04:33:05.716,0.94607,0.94632,1.00,1.00
2016.11.25 04:33:06.001,0.94605,0.94632,1.00,1.00
2016.11.25 04:33:06.152,0.94601,0.94631,1.00,1.00
2016.11.25 04:33:12.762,0.94601,0.94627,1.00,1.00
2016.11.25 04:33:13.224,0.94601,0.94631,1.00,1.00
2016.11.25 04:33:13.536,0.94599,0.9463,1.00,1.00
2016.11.25 04:33:14.296,0.94601,0.94629,1.00,1.00
2016.11.25 04:33:15.787,0.94599,0.9463,1.00,1.00
2016.11.25 04:33:18.076,0.946,0.94632,1.00,1.50
2016.11.25 04:33:18.277,0.94605,0.94632,1.00,1.50
2016.11.25 04:33:18.328,0.94599,0.94632,1.00,1.50
2016.11.25 04:33:18.379,0.94602,0.94629,1.00,1.00
2016.11.25 04:33:19.255,0.94602,0.9463,1.00,1.00
2016.11.25 04:33:20.194,0.946,0.94629,1.00,1.00
2016.11.25 04:33:20.734,0.946,0.9463,1.00,1.00
2016.11.25 04:33:23.037,0.94601,0.94628,1.00,1.00
2016.11.25 04:33:23.361,0.94601,0.9463,1.00,1.00
2016.11.25 04:33:23.412,0.94599,0.94629,1.00,1.00
2016.11.25 04:33:23.738,0.94599,0.94627,1.00,1.00
2016.11.25 04:33:24.165,0.94602,0.94627,1.00,1.00
2016.11.25 04:33:26.462,0.94602,0.9463,1.00,1.00
2016.11.25 04:33:28.911,0.94603,0.9463,1.00,1.00
2016.11.25 04:33:29.438,0.94602,0.9463,1.00,1.00
2016.11.25 04:33:34.596,0.94602,0.94631,1.00,1.00
2016.11.25 04:33:35.598,0.94602,0.9463,1.00,1.00
2016.11.25 04:33:43.941,0.94602,0.94631,1.00,1.00
2016.11.25 04:33:44.987,0.94603,0.94631,1.00,1.00
2016.11.25 04:33:49.630,0.94604,0.94631,1.00,1.00
2016.11.25 04:34:03.197,0.94604,0.94632,1.00,1.00
2016.11.25 04:34:03.298,0.94609,0.94636,1.00,1.00
2016.11.25 04:34:04.277,0.94607,0.94637,1.00,1.00
2016.11.25 04:34:10.463,0.94606,0.94635,1.00,1.00
2016.11.25 04:34:10.765,0.94605,0.94627,1.00,1.00
2016.11.25 04:34:10.815,0.94605,0.94632,1.00,1.00
2016.11.25 04:34:10.916,0.94605,0.94627,1.00,1.00
2016.11.25 04:34:11.017,0.94605,0.94632,1.00,1.00
2016.11.25 04:34:11.587,0.94606,0.94632,1.00,1.00
2016.11.25 04:34:12.137,0.94606,0.94633,1.00,1.00
2016.11.25 04:34:12.801,0.94606,0.94632,1.00,1.00
2016.11.25 04:34:13.406,0.94605,0.94632,1.00,1.00
2016.11.25 04:34:16.357,0.94605,0.94627,1.00,1.00
2016.11.25 04:34:16.508,0.94605,0.94633,1.00,1.00
2016.11.25 04:34:16.934,0.94607,0.94633,1.00,1.00
2016.11.25 04:34:17.682,0.94607,0.94632,1.00,1.00
2016.11.25 04:34:17.999,0.94609,0.94632,1.00,1.00
2016.11.25 04:34:18.150,0.94609,0.94635,1.00,1.00
2016.11.25 04:34:18.961,0.94609,0.94637,1.00,1.50
2016.11.25 04:34:26.750,0.94605,0.94635,1.00,1.00
2016.11.25 04:34:27.750,0.94605,0.94634,1.00,1.00
2016.11.25 04:34:29.034,0.94605,0.94635,1.00,1.00
2016.11.25 04:34:34.241,0.94605,0.94633,1.00,1.00
2016.11.25 04:34:34.492,0.94604,0.94635,1.00,1.00
2016.11.25 04:34:34.751,0.94604,0.94633,1.00,1.00
2016.11.25 04:34:34.966,0.94604,0.94635,1.00,1.00
2016.11.25 04:34:35.195,0.94606,0.94635,1.00,1.00
2016.11.25 04:34:36.012,0.94606,0.94637,1.00,1.00
2016.11.25 04:34:39.735,0.94606,0.94633,1.00,1.00
2016.11.25 04:34:44.581,0.94607,0.94633,1.00,1.00
2016.11.25 04:34:45.042,0.94607,0.94637,1.00,1.50
2016.11.25 04:34:49.737,0.94606,0.94636,1.00,1.00
2016.11.25 04:34:50.327,0.94607,0.94635,1.00,1.00
2016.11.25 04:34:50.661,0.94601,0.94635,1.00,1.00
2016.11.25 04:34:50.712,0.946,0.94633,1.50,1.00
2016.11.25 04:34:51.052,0.94602,0.94631,1.00,1.00
2016.11.25 04:34:53.746,0.94603,0.94632,1.00,1.00
2016.11.25 04:34:53.957,0.94605,0.94635,1.00,1.00
2016.11.25 04:34:54.746,0.94607,0.94635,1.00,1.00
2016.11.25 04:34:55.707,0.94608,0.94635,1.00,1.00
2016.11.25 04:34:56.512,0.94609,0.94636,1.00,1.00
2016.11.25 04:34:57.112,0.94608,0.94636,1.00,1.00
2016.11.25 04:34:57.163,0.94605,0.94635,1.00,1.00
2016.11.25 04:34:57.364,0.94605,0.94627,1.00,1.00
2016.11.25 04:34:57.465,0.94605,0.94632,1.00,1.00
2016.11.25 04:34:57.861,0.94605,0.94627,1.00,1.00
2016.11.25 04:34:58.362,0.94606,0.94628,1.00,1.00
2016.11.25 04:34:59.164,0.94607,0.94627,1.00,1.00
2016.11.25 04:35:00.575,0.94606,0.94627,1.00,1.00
2016.11.25 04:35:01.172,0.94605,0.94628,1.00,1.00
2016.11.25 04:35:01.266,0.94605,0.94632,1.00,1.00
2016.11.25 04:35:03.218,0.94607,0.94632,1.00,1.00
2016.11.25 04:35:03.520,0.94609,0.94632,1.00,1.00
2016.11.25 04:35:04.145,0.94609,0.94633,1.00,1.00
2016.11.25 04:35:05.185,0.94609,0.94632,1.00,1.00
2016.11.25 04:35:05.796,0.9461,0.94633,1.00,1.00
2016.11.25 04:35:10.906,0.94611,0.94633,1.00,1.00
2016.11.25 04:35:11.061,0.94609,0.94633,1.00,1.00
2016.11.25 04:35:11.820,0.94611,0.94632,1.00,1.00
2016.11.25 04:35:12.379,0.94612,0.94633,1.00,1.00
2016.11.25 04:35:12.814,0.94615,0.94638,1.00,1.00
2016.11.25 04:35:12.966,0.94617,0.94637,1.00,1.00
2016.11.25 04:35:13.067,0.94615,0.94637,1.00,1.00
2016.11.25 04:35:13.587,0.94615,0.94638,1.00,1.00
2016.11.25 04:35:14.175,0.94616,0.94638,1.00,1.00
2016.11.25 04:35:14.288,0.94618,0.94647,1.00,1.00
2016.11.25 04:35:14.795,0.94619,0.94647,1.00,1.00
2016.11.25 04:35:15.485,0.94619,0.94638,1.00,1.00
2016.11.25 04:35:16.155,0.9462,0.94637,1.00,1.00
2016.11.25 04:35:16.986,0.9462,0.94638,1.00,1.00
2016.11.25 04:35:17.489,0.94619,0.94637,1.00,1.00
2016.11.25 04:35:19.388,0.94619,0.94638,1.00,1.00
2016.11.25 04:35:19.689,0.94619,0.94643,1.00,1.00
2016.11.25 04:35:19.965,0.94621,0.94642,1.00,1.00
2016.11.25 04:35:20.116,0.94618,0.94642,1.00,1.00
2016.11.25 04:35:20.180,0.94616,0.94642,1.50,1.00
2016.11.25 04:35:20.491,0.94616,0.94633,1.00,1.00
2016.11.25 04:35:20.691,0.94616,0.94637,1.00,1.00
2016.11.25 04:35:21.092,0.94616,0.94642,1.00,1.00
2016.11.25 04:35:22.030,0.94616,0.94643,1.00,1.00
2016.11.25 04:35:22.130,0.94613,0.94643,1.00,1.00
2016.11.25 04:35:22.231,0.94613,0.94637,1.00,1.00
2016.11.25 04:35:22.745,0.94612,0.94638,1.00,1.00
2016.11.25 04:35:23.246,0.94613,0.94637,1.00,1.00
2016.11.25 04:35:23.545,0.94613,0.94643,1.00,1.00
2016.11.25 04:35:23.916,0.94613,0.94637,1.00,1.00
2016.11.25 04:35:24.485,0.94613,0.94638,1.00,1.00
2016.11.25 04:35:24.707,0.94613,0.94644,1.00,1.00
2016.11.25 04:35:24.808,0.94613,0.94638,1.00,1.00
2016.11.25 04:35:24.959,0.94609,0.94638,1.00,1.00
2016.11.25 04:35:25.118,0.94609,0.94633,1.00,1.00
2016.11.25 04:35:25.237,0.94609,0.94638,1.00,1.00
2016.11.25 04:35:25.891,0.9461,0.94638,1.00,1.00
2016.11.25 04:35:26.465,0.9461,0.94637,1.00,1.00
2016.11.25 04:35:28.163,0.94612,0.94637,1.00,1.00
2016.11.25 04:35:28.264,0.94606,0.94637,1.00,1.00
2016.11.25 04:35:28.500,0.94609,0.94641,1.00,1.00
2016.11.25 04:35:28.867,0.94611,0.94642,1.00,1.00
2016.11.25 04:35:29.716,0.94611,0.94643,1.00,1.00
2016.11.25 04:35:30.092,0.94613,0.94643,1.00,1.00
2016.11.25 04:35:30.768,0.94613,0.94642,1.00,1.00
2016.11.25 04:35:31.269,0.94613,0.94645,1.00,1.00
2016.11.25 04:35:31.319,0.94613,0.94642,1.00,1.00
2016.11.25 04:35:31.820,0.94612,0.94643,1.00,1.50
2016.11.25 04:35:32.305,0.94614,0.94642,1.00,1.00
2016.11.25 04:35:32.856,0.94614,0.94643,1.00,1.50
2016.11.25 04:35:33.410,0.94614,0.94642,1.00,1.00
2016.11.25 04:35:34.124,0.94614,0.94644,1.00,1.00
2016.11.25 04:35:34.324,0.94614,0.94642,1.00,1.00
2016.11.25 04:35:34.424,0.94614,0.94644,1.00,1.00
2016.11.25 04:35:34.623,0.94616,0.94645,1.00,1.00
2016.11.25 04:35:36.686,0.94616,0.94646,1.00,1.00
2016.11.25 04:35:37.492,0.94615,0.94645,1.00,1.00
2016.11.25 04:35:37.785,0.94612,0.94643,1.00,1.00
2016.11.25 04:35:38.423,0.94612,0.94644,1.00,1.00
2016.11.25 04:35:38.795,0.94615,0.94645,1.00,1.00
2016.11.25 04:35:39.142,0.94615,0.94643,1.00,1.00
2016.11.25 04:35:39.532,0.94615,0.94645,1.00,1.00
2016.11.25 04:35:43.161,0.94619,0.94646,1.00,1.00
2016.11.25 04:35:43.261,0.94613,0.94643,1.00,1.00
2016.11.25 04:35:43.412,0.9461,0.9464,1.00,1.00
2016.11.25 04:35:43.753,0.94611,0.94638,1.00,1.00
2016.11.25 04:35:44.464,0.94611,0.94637,1.00,1.00
2016.11.25 04:35:44.806,0.94613,0.94637,1.00,1.00
2016.11.25 04:35:46.177,0.94613,0.94638,1.00,1.00
2016.11.25 04:35:46.846,0.94613,0.94637,1.00,1.00
2016.11.25 04:35:47.293,0.94609,0.94629,1.00,1.00
2016.11.25 04:35:47.343,0.94604,0.94628,1.00,1.00
2016.11.25 04:35:47.444,0.94598,0.94627,1.00,1.00
2016.11.25 04:35:47.948,0.94598,0.94628,1.00,1.50
2016.11.25 04:35:48.248,0.94598,0.94622,1.00,1.00
2016.11.25 04:35:48.759,0.94598,0.94627,1.00,1.00
2016.11.25 04:35:48.860,0.94602,0.94627,1.00,1.00
2016.11.25 04:35:48.949,0.94602,0.94632,1.00,1.50
2016.11.25 04:35:49.864,0.94604,0.94631,1.00,1.00
2016.11.25 04:35:50.365,0.94605,0.94631,1.00,1.00
2016.11.25 04:35:57.259,0.94605,0.94627,1.00,1.00
2016.11.25 04:35:58.099,0.94605,0.94631,1.00,1.00
2016.11.25 04:35:59.750,0.94605,0.94632,1.00,1.50
2016.11.25 04:36:00.264,0.94605,0.94627,1.00,1.00
2016.11.25 04:36:00.465,0.94605,0.94632,1.00,1.00
2016.11.25 04:36:00.606,0.94607,0.94633,1.00,1.00
2016.11.25 04:36:00.807,0.94612,0.94641,1.00,1.00
2016.11.25 04:36:01.201,0.94612,0.94637,1.00,1.00
2016.11.25 04:36:02.477,0.94612,0.94638,1.00,1.00
2016.11.25 04:36:03.070,0.94612,0.94633,1.00,1.00
2016.11.25 04:36:04.129,0.94611,0.94633,1.00,1.00
2016.11.25 04:36:06.160,0.9461,0.94633,1.00,1.00
2016.11.25 04:36:06.476,0.94607,0.94636,1.00,1.00
2016.11.25 04:36:06.577,0.94607,0.94633,1.00,1.00
2016.11.25 04:36:06.976,0.94607,0.94627,1.00,1.00
2016.11.25 04:36:09.722,0.94598,0.94622,1.00,1.00
2016.11.25 04:36:09.869,0.94595,0.94623,1.00,1.00
2016.11.25 04:36:10.070,0.94592,0.94619,1.00,1.00
2016.11.25 04:36:10.372,0.94592,0.94617,1.00,1.00
2016.11.25 04:36:10.731,0.94594,0.94618,1.00,1.00
2016.11.25 04:36:11.483,0.94594,0.94617,1.00,1.00
2016.11.25 04:36:15.243,0.94593,0.94617,1.00,1.00
2016.11.25 04:36:16.195,0.94591,0.94617,1.00,1.00
2016.11.25 04:36:16.722,0.94591,0.94616,1.00,1.00
2016.11.25 04:36:16.836,0.94589,0.94614,1.00,1.00
2016.11.25 04:36:17.160,0.94591,0.94615,1.00,1.00
2016.11.25 04:36:17.210,0.9459,0.94617,1.00,1.00
2016.11.25 04:36:17.592,0.94588,0.94615,1.00,1.00
2016.11.25 04:36:17.894,0.9459,0.94618,1.00,1.00
2016.11.25 04:36:18.372,0.94592,0.94619,1.00,1.00
2016.11.25 04:36:19.227,0.94593,0.94621,1.00,1.00
2016.11.25 04:36:22.199,0.94593,0.94617,1.00,1.00
2016.11.25 04:36:22.399,0.94593,0.94621,1.00,1.00
2016.11.25 04:36:23.100,0.94593,0.94617,1.00,1.00
2016.11.25 04:36:25.219,0.94596,0.94617,1.00,1.00
2016.11.25 04:36:25.535,0.94596,0.94623,1.00,1.00
2016.11.25 04:36:25.792,0.94595,0.94625,1.00,1.00
2016.11.25 04:36:25.842,0.94595,0.94617,1.00,1.00
2016.11.25 04:36:26.747,0.94594,0.94617,1.00,1.00
2016.11.25 04:36:27.115,0.94592,0.94617,1.00,1.00
2016.11.25 04:36:27.216,0.94592,0.94612,1.00,1.00
2016.11.25 04:36:27.560,0.9459,0.94612,1.00,1.00
2016.11.25 04:36:28.129,0.9459,0.94618,1.00,1.00
2016.11.25 04:36:28.180,0.94592,0.94618,1.00,1.00
2016.11.25 04:36:28.894,0.94593,0.94617,1.00,1.00
2016.11.25 04:36:29.554,0.94593,0.94618,1.00,1.00
2016.11.25 04:36:32.061,0.94593,0.94612,1.00,1.00
2016.11.25 04:36:32.116,0.94593,0.94617,1.00,1.00
2016.11.25 04:36:34.318,0.94593,0.94618,1.00,1.00
2016.11.25 04:36:34.838,0.94594,0.94617,1.00,1.00
2016.11.25 04:36:40.933,0.94594,0.94618,1.00,1.00
2016.11.25 04:36:42.149,0.94594,0.94617,1.00,1.00
2016.11.25 04:36:44.180,0.94589,0.94617,1.00,1.00
2016.11.25 04:36:44.282,0.94587,0.94612,1.00,1.00
2016.11.25 04:36:44.595,0.94585,0.94612,1.00,1.50
2016.11.25 04:36:49.984,0.94586,0.94612,1.00,1.50
2016.11.25 04:36:52.937,0.94587,0.94612,1.00,1.00
2016.11.25 04:36:57.494,0.94586,0.94612,1.00,1.00
2016.11.25 04:36:59.329,0.94587,0.94612,1.00,1.00
2016.11.25 04:36:59.855,0.94587,0.94613,1.00,1.00
2016.11.25 04:37:00.632,0.94587,0.94612,1.00,1.00
2016.11.25 04:37:06.280,0.94585,0.94612,1.00,1.00
2016.11.25 04:37:07.282,0.94585,0.94611,1.00,1.00
2016.11.25 04:37:07.765,0.94585,0.94608,1.00,1.00
2016.11.25 04:37:08.111,0.94585,0.94611,1.00,1.00
2016.11.25 04:37:14.861,0.94584,0.94611,1.00,1.00
2016.11.25 04:37:20.545,0.94585,0.94612,1.00,1.50
2016.11.25 04:37:26.230,0.94585,0.9461,1.00,1.00
2016.11.25 04:37:29.992,0.94585,0.94608,1.00,1.00
2016.11.25 04:37:30.988,0.94584,0.94608,1.00,1.00
2016.11.25 04:37:31.143,0.94582,0.94607,1.00,1.00
2016.11.25 04:37:31.294,0.94585,0.9461,1.00,1.00
2016.11.25 04:37:31.641,0.94588,0.94608,1.00,1.00
2016.11.25 04:37:31.742,0.94588,0.94612,1.00,1.00
2016.11.25 04:37:32.293,0.94588,0.94613,1.00,1.00
2016.11.25 04:37:32.915,0.94587,0.94612,1.00,1.00
2016.11.25 04:37:33.175,0.9459,0.94612,1.00,1.00
2016.11.25 04:37:33.327,0.94591,0.94617,1.00,1.00
2016.11.25 04:37:33.578,0.94593,0.94618,1.00,1.00
2016.11.25 04:37:34.192,0.94594,0.94617,1.00,1.00
2016.11.25 04:37:34.490,0.94591,0.94617,1.00,1.00
2016.11.25 04:37:34.541,0.94589,0.94612,1.00,1.00
2016.11.25 04:37:34.957,0.94587,0.94612,1.00,1.00
2016.11.25 04:37:35.556,0.94587,0.94613,1.00,1.00
2016.11.25 04:37:36.110,0.94586,0.94613,1.00,1.00
2016.11.25 04:37:39.404,0.94586,0.94612,1.00,1.00
2016.11.25 04:37:40.265,0.94587,0.94612,1.00,1.00
2016.11.25 04:37:40.406,0.94587,0.94607,1.00,1.00
2016.11.25 04:37:40.507,0.94587,0.94613,1.00,1.00
2016.11.25 04:37:41.107,0.94587,0.94616,1.00,1.00
2016.11.25 04:37:41.258,0.94589,0.94615,1.00,1.00
2016.11.25 04:37:41.753,0.94589,0.94612,1.00,1.00
2016.11.25 04:37:45.419,0.94589,0.94613,1.00,1.00
2016.11.25 04:37:46.121,0.94589,0.94612,1.00,1.00
2016.11.25 04:37:46.781,0.94589,0.94613,1.00,1.00
2016.11.25 04:37:53.434,0.94589,0.94612,1.00,1.00
2016.11.25 04:37:56.827,0.94589,0.94613,1.00,1.00
2016.11.25 04:37:57.382,0.94589,0.94612,1.00,1.00
2016.11.25 04:37:57.692,0.94589,0.94607,1.00,1.00
2016.11.25 04:37:58.364,0.94588,0.94607,1.00,1.00
2016.11.25 04:37:59.231,0.94588,0.94608,1.00,1.00
2016.11.25 04:38:01.635,0.94588,0.94607,1.00,1.00
2016.11.25 04:38:03.861,0.94587,0.94607,1.00,1.00
2016.11.25 04:38:04.062,0.94589,0.94613,1.00,1.00
2016.11.25 04:38:04.213,0.94587,0.94613,1.00,1.00
2016.11.25 04:38:04.264,0.94592,0.94619,1.00,1.00
2016.11.25 04:38:04.314,0.94595,0.94622,1.00,1.00
2016.11.25 04:38:04.806,0.94592,0.9462,1.00,1.00
2016.11.25 04:38:05.264,0.94594,0.94619,1.00,1.00
2016.11.25 04:38:05.364,0.94594,0.94622,1.00,1.00
2016.11.25 04:38:05.415,0.94597,0.94622,1.00,1.00
2016.11.25 04:38:05.858,0.94594,0.94622,1.00,1.00
2016.11.25 04:38:12.531,0.94595,0.94624,1.00,1.00
2016.11.25 04:38:12.682,0.94596,0.94626,1.00,1.00
2016.11.25 04:38:12.991,0.94597,0.94628,1.00,1.50
2016.11.25 04:38:14.051,0.94597,0.94627,1.00,1.00
2016.11.25 04:38:14.607,0.94598,0.94628,1.00,1.00
2016.11.25 04:38:15.131,0.94598,0.94627,1.00,1.00
2016.11.25 04:38:16.031,0.94599,0.94627,1.00,1.00
2016.11.25 04:38:17.060,0.94599,0.94628,1.00,1.00
2016.11.25 04:38:17.111,0.94601,0.94628,1.00,1.00
2016.11.25 04:38:17.977,0.94602,0.94628,1.00,1.00
2016.11.25 04:38:18.480,0.94603,0.94628,1.00,1.00
2016.11.25 04:38:24.263,0.94605,0.9463,1.00,1.00
2016.11.25 04:38:29.510,0.94604,0.94629,1.00,1.00
2016.11.25 04:38:30.454,0.94604,0.94628,1.00,1.00
2016.11.25 04:38:30.554,0.94601,0.94628,1.00,1.00
2016.11.25 04:38:31.709,0.94596,0.94627,1.00,1.00
2016.11.25 04:38:31.759,0.946,0.94626,1.00,1.00
2016.11.25 04:38:31.810,0.94601,0.94628,1.00,1.50
2016.11.25 04:38:32.394,0.946,0.94628,1.00,1.00
2016.11.25 04:38:32.942,0.94601,0.94627,1.00,1.00
2016.11.25 04:38:33.059,0.94603,0.94627,1.00,1.00
2016.11.25 04:38:33.375,0.94603,0.94631,1.00,1.00
2016.11.25 04:38:33.549,0.94604,0.94628,1.00,1.00
2016.11.25 04:38:33.955,0.94602,0.94628,1.00,1.00
2016.11.25 04:38:34.165,0.94598,0.94623,1.00,1.00
2016.11.25 04:38:34.216,0.94596,0.94623,1.00,1.00
2016.11.25 04:38:34.317,0.94596,0.94628,1.00,1.50
2016.11.25 04:38:34.560,0.94596,0.94622,1.00,1.00
2016.11.25 04:38:34.867,0.94599,0.94622,1.00,1.00
2016.11.25 04:38:35.177,0.94601,0.94622,1.00,1.00
2016.11.25 04:38:40.573,0.946,0.94622,1.00,1.00
2016.11.25 04:38:41.179,0.94603,0.94622,1.00,1.00
2016.11.25 04:38:45.041,0.94605,0.94622,1.00,1.00
2016.11.25 04:38:46.766,0.94605,0.9463,1.00,1.00
2016.11.25 04:38:46.869,0.94604,0.94632,1.00,1.00
2016.11.25 04:38:46.970,0.94599,0.94632,1.00,1.50
2016.11.25 04:38:47.021,0.94603,0.94632,1.00,1.50
2016.11.25 04:38:47.323,0.94601,0.94627,1.00,1.00
2016.11.25 04:38:47.667,0.94601,0.9463,1.00,1.00
2016.11.25 04:38:47.931,0.946,0.94632,1.00,1.00
2016.11.25 04:38:48.068,0.946,0.94623,1.00,1.00
2016.11.25 04:38:48.486,0.94601,0.94627,1.00,1.00
2016.11.25 04:38:49.553,0.94602,0.94627,1.00,1.00
2016.11.25 04:38:49.978,0.94602,0.94633,1.00,1.00
2016.11.25 04:38:50.273,0.94602,0.94627,1.00,1.00
2016.11.25 04:38:50.390,0.94603,0.94632,1.00,1.00
2016.11.25 04:38:50.746,0.94605,0.94632,1.00,1.00
2016.11.25 04:38:51.076,0.94606,0.94628,1.00,1.00
2016.11.25 04:38:51.601,0.94606,0.94627,1.00,1.00
2016.11.25 04:38:51.878,0.94604,0.94628,1.00,1.00
2016.11.25 04:38:52.396,0.94604,0.94627,1.00,1.00
2016.11.25 04:38:52.943,0.94605,0.94627,1.00,1.00
2016.11.25 04:38:53.860,0.94607,0.94627,1.00,1.00
2016.11.25 04:38:54.988,0.94607,0.94633,1.00,1.00
2016.11.25 04:38:55.938,0.94609,0.94633,1.00,1.00
2016.11.25 04:38:58.276,0.94608,0.94633,1.00,1.00
2016.11.25 04:38:58.377,0.94606,0.94633,1.00,1.00
2016.11.25 04:38:58.630,0.94605,0.94627,1.00,1.00
2016.11.25 04:38:59.014,0.94605,0.94623,1.00,1.00
2016.11.25 04:38:59.426,0.94603,0.94623,1.00,1.00
2016.11.25 04:38:59.808,0.94603,0.94633,1.00,1.50
2016.11.25 04:39:00.086,0.94603,0.94631,1.00,1.00
2016.11.25 04:39:00.838,0.94602,0.94631,1.00,1.00
2016.11.25 04:39:01.850,0.94603,0.94632,1.00,1.00
2016.11.25 04:39:05.094,0.94603,0.94628,1.00,1.00
2016.11.25 04:39:05.642,0.94604,0.94628,1.00,1.00
2016.11.25 04:39:06.099,0.94603,0.94622,1.00,1.00
2016.11.25 04:39:07.094,0.94604,0.94622,1.00,1.00
2016.11.25 04:39:08.900,0.94604,0.94623,1.00,1.00
2016.11.25 04:39:09.609,0.94604,0.94622,1.00,1.00
2016.11.25 04:39:10.002,0.94601,0.9463,1.00,1.00
2016.11.25 04:39:13.934,0.94602,0.94632,1.00,1.50
2016.11.25 04:39:14.891,0.94604,0.94632,1.00,1.50
2016.11.25 04:39:15.703,0.94603,0.94631,1.00,1.00
2016.11.25 04:39:19.057,0.94604,0.94632,1.00,1.50
2016.11.25 04:39:19.412,0.94601,0.94632,1.00,1.00
2016.11.25 04:39:19.703,0.94601,0.94628,1.00,1.00
2016.11.25 04:39:20.350,0.94602,0.94628,1.00,1.00
2016.11.25 04:39:20.785,0.94604,0.94628,1.00,1.00
2016.11.25 04:39:21.317,0.94604,0.94627,1.00,1.00
2016.11.25 04:39:24.321,0.94604,0.94622,1.00,1.00
2016.11.25 04:39:26.070,0.94604,0.94623,1.00,1.00
2016.11.25 04:39:27.119,0.94604,0.94622,1.00,1.00
2016.11.25 04:39:27.978,0.94603,0.94622,1.00,1.00
2016.11.25 04:39:29.527,0.94603,0.94623,1.00,1.00
2016.11.25 04:39:30.021,0.94605,0.94623,1.00,1.00
2016.11.25 04:39:32.935,0.94603,0.94623,1.00,1.00
2016.11.25 04:39:34.509,0.94604,0.94623,1.00,1.00
2016.11.25 04:39:37.750,0.94604,0.94622,1.00,1.00
2016.11.25 04:39:38.764,0.94604,0.94618,1.00,1.00
2016.11.25 04:39:38.838,0.94604,0.94622,1.00,1.00
2016.11.25 04:39:39.393,0.94604,0.94623,1.00,1.00
2016.11.25 04:39:39.974,0.94604,0.94622,1.00,1.00
2016.11.25 04:39:40.646,0.94604,0.94623,1.00,1.00
2016.11.25 04:39:49.482,0.94604,0.94622,1.00,1.00
2016.11.25 04:39:50.227,0.94606,0.94622,1.00,1.00
2016.11.25 04:39:51.353,0.94606,0.94628,1.00,1.00
2016.11.25 04:39:51.659,0.94606,0.94623,1.00,1.00
2016.11.25 04:39:52.054,0.94606,0.94627,1.00,1.00
2016.11.25 04:39:58.479,0.94606,0.94622,1.00,1.00
2016.11.25 04:39:59.462,0.94606,0.94623,1.00,1.00
2016.11.25 04:40:00.151,0.94606,0.94622,1.00,1.00
2016.11.25 04:40:00.201,0.94606,0.94628,1.00,1.00
2016.11.25 04:40:00.363,0.94606,0.94623,1.00,1.00
2016.11.25 04:40:01.910,0.94607,0.94623,1.00,1.00
2016.11.25 04:40:02.011,0.94606,0.94628,1.00,1.00
2016.11.25 04:40:03.065,0.94606,0.94627,1.00,1.00
2016.11.25 04:40:04.266,0.94606,0.94628,1.00,1.00
2016.11.25 04:40:05.373,0.94607,0.94628,1.00,1.00
2016.11.25 04:40:05.768,0.94607,0.94622,1.00,1.00
2016.11.25 04:40:05.969,0.94608,0.94628,1.00,1.00
2016.11.25 04:40:06.369,0.94608,0.94622,1.00,1.00
2016.11.25 04:40:06.420,0.94606,0.94622,1.00,1.00
2016.11.25 04:40:06.471,0.94606,0.94627,1.00,1.00
2016.11.25 04:40:08.496,0.94606,0.94628,1.00,1.00
2016.11.25 04:40:09.195,0.94606,0.94627,1.00,1.00
2016.11.25 04:40:09.976,0.94606,0.94628,1.00,1.00
2016.11.25 04:40:10.475,0.94606,0.94622,1.00,1.00
2016.11.25 04:40:11.001,0.94606,0.94628,1.00,1.00
2016.11.25 04:40:11.503,0.94606,0.94622,1.00,1.00
2016.11.25 04:40:11.979,0.94606,0.94627,1.00,1.00
2016.11.25 04:40:12.479,0.94606,0.94623,1.00,1.00
2016.11.25 04:40:15.054,0.94607,0.94623,1.00,1.00
2016.11.25 04:40:15.104,0.94607,0.94627,1.00,1.00
2016.11.25 04:40:15.389,0.94607,0.94622,1.00,1.00
2016.11.25 04:40:15.982,0.94607,0.94628,1.00,1.00
2016.11.25 04:40:16.283,0.94607,0.94622,1.00,1.00
2016.11.25 04:40:17.914,0.94599,0.94622,1.00,1.00
2016.11.25 04:40:18.065,0.94597,0.94623,1.00,1.00
2016.11.25 04:40:18.116,0.94596,0.94625,1.00,1.00
2016.11.25 04:40:18.488,0.94596,0.94618,1.00,1.00
2016.11.25 04:40:19.122,0.94596,0.94617,1.00,1.00
2016.11.25 04:40:19.444,0.94596,0.94612,1.00,1.00
2016.11.25 04:40:20.089,0.94596,0.94617,1.00,1.00
2016.11.25 04:40:20.766,0.94595,0.94617,1.00,1.00
2016.11.25 04:40:22.012,0.94595,0.94612,1.00,1.00
2016.11.25 04:40:22.237,0.94597,0.94617,1.00,1.00
2016.11.25 04:40:22.758,0.94598,0.94617,1.00,1.00
2016.11.25 04:40:24.844,0.94598,0.94618,1.00,1.00
2016.11.25 04:40:25.456,0.94598,0.94617,1.00,1.00
2016.11.25 04:40:25.506,0.946,0.94617,1.00,1.00
2016.11.25 04:40:25.770,0.94594,0.94617,1.00,1.00
2016.11.25 04:40:25.921,0.94593,0.94612,1.00,1.00
2016.11.25 04:40:26.022,0.94593,0.94618,1.00,1.00
2016.11.25 04:40:26.497,0.94593,0.94622,1.00,1.00
2016.11.25 04:40:26.724,0.94593,0.94618,1.00,1.00
2016.11.25 04:40:27.239,0.94597,0.94617,1.00,1.00
2016.11.25 04:40:28.241,0.94596,0.94617,1.00,1.00
2016.11.25 04:40:29.703,0.94596,0.94623,1.00,1.00
2016.11.25 04:40:29.938,0.94598,0.94623,1.00,1.00
2016.11.25 04:40:31.906,0.94598,0.94617,1.00,1.00
2016.11.25 04:40:35.950,0.94598,0.94623,1.00,1.00
2016.11.25 04:40:36.211,0.94598,0.94617,1.00,1.00
2016.11.25 04:40:37.360,0.94598,0.94622,1.00,1.00
2016.11.25 04:40:37.460,0.946,0.94622,1.00,1.00
2016.11.25 04:40:38.055,0.94601,0.94622,1.00,1.00
2016.11.25 04:40:38.390,0.94597,0.94622,1.00,1.00
2016.11.25 04:40:38.441,0.94597,0.94628,1.00,1.50
2016.11.25 04:40:38.491,0.94601,0.94628,1.00,1.50
2016.11.25 04:40:38.826,0.94599,0.94618,1.00,1.00
2016.11.25 04:40:38.977,0.94595,0.94618,1.00,1.00
2016.11.25 04:40:39.501,0.94595,0.94617,1.00,1.00
2016.11.25 04:40:40.320,0.94595,0.94618,1.00,1.00
2016.11.25 04:40:45.169,0.94596,0.94618,1.00,1.00
2016.11.25 04:40:45.683,0.94596,0.94617,1.00,1.00
2016.11.25 04:40:48.830,0.94596,0.94618,1.00,1.00
2016.11.25 04:40:49.373,0.94596,0.94617,1.00,1.00
2016.11.25 04:40:53.844,0.94595,0.94612,1.00,1.00
2016.11.25 04:40:53.935,0.94595,0.94618,1.00,1.00
2016.11.25 04:40:54.236,0.94595,0.94612,1.00,1.00
2016.11.25 04:40:54.804,0.94594,0.94612,1.00,1.00
2016.11.25 04:40:56.168,0.94594,0.94617,1.00,1.00
2016.11.25 04:40:58.868,0.94595,0.94617,1.00,1.00
2016.11.25 04:40:59.544,0.94595,0.94618,1.00,1.00
2016.11.25 04:41:00.089,0.94595,0.94617,1.00,1.00
2016.11.25 04:41:00.390,0.94596,0.94623,1.00,1.00
2016.11.25 04:41:00.593,0.94598,0.94623,1.00,1.00
2016.11.25 04:41:01.120,0.94597,0.94622,1.00,1.00
2016.11.25 04:41:01.760,0.94597,0.94626,1.00,1.00
2016.11.25 04:41:02.045,0.94597,0.94622,1.00,1.00
2016.11.25 04:41:02.797,0.94599,0.94622,1.00,1.00
2016.11.25 04:41:02.847,0.94599,0.94626,1.00,1.00
2016.11.25 04:41:03.241,0.94595,0.94625,1.00,1.00
2016.11.25 04:41:03.655,0.94595,0.94622,1.00,1.00
2016.11.25 04:41:04.199,0.94594,0.94622,1.00,1.00
2016.11.25 04:41:04.500,0.94598,0.94624,1.00,1.00
2016.11.25 04:41:05.329,0.94597,0.94623,1.00,1.00
2016.11.25 04:41:05.533,0.94597,0.94625,1.00,1.00
2016.11.25 04:41:05.592,0.94597,0.94623,1.00,1.00
2016.11.25 04:41:06.546,0.94598,0.94623,1.00,1.00
2016.11.25 04:41:06.754,0.94598,0.94625,1.00,1.00
2016.11.25 04:41:17.782,0.94598,0.94623,1.00,1.00
2016.11.25 04:41:21.024,0.94597,0.94623,1.00,1.00
2016.11.25 04:41:21.675,0.94597,0.94622,1.00,1.00
2016.11.25 04:41:21.776,0.94597,0.94625,1.00,1.00
2016.11.25 04:41:22.600,0.94598,0.94625,1.00,1.00
2016.11.25 04:41:25.711,0.94599,0.94625,1.00,1.00
2016.11.25 04:41:25.849,0.94599,0.94627,1.00,1.00
2016.11.25 04:41:25.950,0.94599,0.94625,1.00,1.00
2016.11.25 04:41:26.567,0.94599,0.94623,1.00,1.00
2016.11.25 04:41:26.880,0.94599,0.94617,1.00,1.00
2016.11.25 04:41:27.617,0.94598,0.94617,1.00,1.00
2016.11.25 04:41:28.145,0.94597,0.94618,1.00,1.00
2016.11.25 04:41:29.003,0.94597,0.94617,1.00,1.00
2016.11.25 04:41:29.869,0.94599,0.94617,1.00,1.00
2016.11.25 04:41:31.761,0.94599,0.94618,1.00,1.00
2016.11.25 04:41:32.301,0.94599,0.94617,1.00,1.00
2016.11.25 04:41:34.563,0.94599,0.94618,1.00,1.00
2016.11.25 04:41:34.614,0.94597,0.94618,1.00,1.00
2016.11.25 04:41:35.032,0.94599,0.94623,1.00,1.00
2016.11.25 04:41:35.373,0.94599,0.94626,1.00,1.00
2016.11.25 04:41:35.473,0.94597,0.94628,1.00,1.50
2016.11.25 04:41:36.056,0.946,0.94627,1.00,1.00
2016.11.25 04:41:36.759,0.94601,0.94627,1.00,1.00
2016.11.25 04:41:37.086,0.94604,0.94627,1.00,1.00
2016.11.25 04:41:37.338,0.94603,0.94629,1.00,1.00
2016.11.25 04:41:37.439,0.94603,0.94632,1.00,1.50
2016.11.25 04:41:37.640,0.94604,0.94627,1.00,1.00
2016.11.25 04:41:39.728,0.94602,0.94627,1.00,1.00
2016.11.25 04:41:39.836,0.946,0.94627,1.00,1.00
2016.11.25 04:41:40.682,0.94602,0.94627,1.00,1.00
2016.11.25 04:41:43.678,0.94602,0.94623,1.00,1.00
2016.11.25 04:41:44.162,0.94601,0.94627,1.00,1.00
2016.11.25 04:41:44.340,0.94601,0.94623,1.00,1.00
2016.11.25 04:41:44.899,0.94602,0.94623,1.00,1.00
2016.11.25 04:41:47.544,0.94602,0.94622,1.00,1.00
2016.11.25 04:41:47.921,0.946,0.94622,1.00,1.00
2016.11.25 04:41:48.072,0.946,0.94626,1.00,1.00
2016.11.25 04:41:48.394,0.946,0.94622,1.00,1.00
2016.11.25 04:41:53.495,0.946,0.94623,1.00,1.00
2016.11.25 04:41:55.014,0.94598,0.94623,1.00,1.00
2016.11.25 04:41:55.656,0.94598,0.94622,1.00,1.00
2016.11.25 04:41:56.221,0.94598,0.94623,1.00,1.00
2016.11.25 04:41:59.445,0.94597,0.94623,1.00,1.00
2016.11.25 04:41:59.779,0.94599,0.94622,1.00,1.00
2016.11.25 04:41:59.880,0.94596,0.94623,1.00,1.00
2016.11.25 04:41:59.932,0.94597,0.94626,1.00,1.00
2016.11.25 04:41:59.983,0.94597,0.94628,1.00,1.00
2016.11.25 04:42:00.083,0.94597,0.9463,1.00,1.00
2016.11.25 04:42:00.277,0.94601,0.94628,1.00,1.00
2016.11.25 04:42:00.966,0.94599,0.94625,1.00,1.00
2016.11.25 04:42:01.078,0.946,0.94629,1.00,1.00
2016.11.25 04:42:03.284,0.94601,0.94629,1.00,1.00
2016.11.25 04:42:05.480,0.94603,0.9463,1.00,1.00
2016.11.25 04:42:13.046,0.94604,0.94631,1.00,1.00
2016.11.25 04:42:13.097,0.94605,0.94633,1.00,1.00
2016.11.25 04:42:14.050,0.94605,0.94634,1.00,1.00
2016.11.25 04:42:14.959,0.94606,0.94634,1.00,1.00
2016.11.25 04:42:15.485,0.94608,0.94634,1.00,1.00
2016.11.25 04:42:16.765,0.94608,0.94637,1.00,1.00
2016.11.25 04:42:17.292,0.94609,0.94634,1.00,1.00
2016.11.25 04:42:17.342,0.94609,0.94636,1.00,1.00
2016.11.25 04:42:17.493,0.94609,0.94634,1.00,1.00
2016.11.25 04:42:18.186,0.94609,0.94636,1.00,1.00
2016.11.25 04:42:18.881,0.9461,0.94638,1.00,1.00
2016.11.25 04:42:19.329,0.94609,0.94636,1.00,1.00
2016.11.25 04:42:19.712,0.94609,0.94632,1.00,1.00
2016.11.25 04:42:21.883,0.94611,0.94632,1.00,1.00
2016.11.25 04:42:23.154,0.9461,0.94638,1.00,1.00
2016.11.25 04:42:30.490,0.9461,0.94636,1.00,1.00
2016.11.25 04:42:30.792,0.94612,0.94638,1.00,1.00
2016.11.25 04:42:31.306,0.94614,0.94639,1.00,1.00
2016.11.25 04:42:33.203,0.94615,0.9464,1.00,1.00
2016.11.25 04:42:36.174,0.94616,0.94641,1.00,1.00
2016.11.25 04:42:44.520,0.94616,0.9464,1.00,1.00
2016.11.25 04:42:45.520,0.94614,0.94641,1.00,1.00
2016.11.25 04:42:46.344,0.9461,0.9464,1.00,1.00
2016.11.25 04:42:46.445,0.9461,0.94637,1.00,1.00
2016.11.25 04:42:46.561,0.9461,0.9464,1.00,1.00
2016.11.25 04:42:46.820,0.9461,0.94637,1.00,1.00
2016.11.25 04:42:51.213,0.94613,0.94637,1.00,1.00
2016.11.25 04:42:57.230,0.94613,0.94638,1.00,1.00
2016.11.25 04:42:57.960,0.94613,0.94637,1.00,1.00
2016.11.25 04:42:58.093,0.94613,0.9464,1.00,1.00
2016.11.25 04:42:58.658,0.94614,0.94641,1.00,1.00
2016.11.25 04:42:59.245,0.94614,0.94642,1.00,1.50
2016.11.25 04:43:00.367,0.94614,0.94641,1.00,1.00
2016.11.25 04:43:01.072,0.94613,0.94642,1.00,1.50
2016.11.25 04:43:01.633,0.94614,0.94642,1.00,1.50
2016.11.25 04:43:05.746,0.94614,0.94637,1.00,1.00
2016.11.25 04:43:05.847,0.94613,0.94641,1.00,1.00
2016.11.25 04:43:06.231,0.94611,0.94642,1.00,1.50
2016.11.25 04:43:06.383,0.94617,0.94642,1.00,1.50
2016.11.25 04:43:06.866,0.9462,0.94642,1.00,1.00
2016.11.25 04:43:07.045,0.9462,0.94645,1.00,1.00
2016.11.25 04:43:07.445,0.9462,0.94642,1.00,1.00
2016.11.25 04:43:09.385,0.94617,0.94642,1.00,1.50
2016.11.25 04:43:09.436,0.94615,0.94641,1.00,1.00
2016.11.25 04:43:09.587,0.94613,0.94639,1.00,1.00
2016.11.25 04:43:09.777,0.94606,0.94637,1.00,1.50
2016.11.25 04:43:09.840,0.94607,0.94633,1.00,1.00
2016.11.25 04:43:09.941,0.94604,0.94631,1.00,1.00
2016.11.25 04:43:09.991,0.94601,0.94628,1.00,1.00
2016.11.25 04:43:10.293,0.94601,0.94622,1.00,1.00
2016.11.25 04:43:10.489,0.94601,0.94627,1.00,1.00
2016.11.25 04:43:10.690,0.94601,0.94623,1.00,1.00
2016.11.25 04:43:10.793,0.94599,0.94622,1.00,1.00
2016.11.25 04:43:10.843,0.94601,0.94622,1.00,1.00
2016.11.25 04:43:10.894,0.94601,0.94626,1.00,1.00
2016.11.25 04:43:11.146,0.946,0.94624,1.00,1.00
2016.11.25 04:43:11.297,0.94594,0.94621,1.00,1.00
2016.11.25 04:43:11.498,0.94593,0.94618,1.00,1.00
2016.11.25 04:43:11.880,0.9459,0.94618,1.00,1.50
2016.11.25 04:43:12.406,0.9459,0.94617,1.00,1.00
2016.11.25 04:43:13.184,0.9459,0.94618,1.00,1.50
2016.11.25 04:43:13.705,0.9459,0.94615,1.00,1.00
2016.11.25 04:43:15.626,0.94588,0.94617,1.00,1.00
2016.11.25 04:43:18.867,0.94588,0.94613,1.00,1.00
2016.11.25 04:43:19.463,0.94588,0.94612,1.00,1.00
2016.11.25 04:43:20.188,0.94586,0.94611,1.00,1.00
2016.11.25 04:43:20.490,0.94586,0.94607,1.00,1.00
2016.11.25 04:43:20.590,0.94586,0.94612,1.00,1.50
2016.11.25 04:43:21.135,0.94588,0.94612,1.00,1.00
2016.11.25 04:43:21.467,0.9459,0.94612,1.00,1.00
2016.11.25 04:43:22.036,0.9459,0.94613,1.00,1.00
2016.11.25 04:43:28.481,0.9459,0.94612,1.00,1.00
2016.11.25 04:43:33.102,0.9459,0.94613,1.00,1.00
2016.11.25 04:43:33.631,0.9459,0.94612,1.00,1.00
2016.11.25 04:43:35.113,0.9459,0.94613,1.00,1.00
2016.11.25 04:43:35.689,0.9459,0.94612,1.00,1.00
2016.11.25 04:43:36.383,0.9459,0.94613,1.00,1.00
2016.11.25 04:43:37.289,0.9459,0.94612,1.00,1.00
2016.11.25 04:43:38.582,0.94592,0.94612,1.00,1.00
2016.11.25 04:43:38.712,0.9459,0.94612,1.00,1.00
2016.11.25 04:43:38.812,0.9459,0.94607,1.00,1.00
2016.11.25 04:43:38.913,0.9459,0.94612,1.00,1.00
2016.11.25 04:43:38.992,0.9459,0.94608,1.00,1.00
2016.11.25 04:43:39.583,0.94592,0.94607,1.00,1.00
2016.11.25 04:43:39.793,0.94592,0.94612,1.00,1.00
2016.11.25 04:43:42.531,0.94593,0.94612,1.00,1.00
2016.11.25 04:43:42.933,0.94594,0.94608,1.00,1.00
2016.11.25 04:43:43.113,0.94594,0.94613,1.00,1.00
2016.11.25 04:43:43.698,0.94594,0.94608,1.00,1.00
2016.11.25 04:43:43.914,0.94595,0.94613,1.00,1.00
2016.11.25 04:43:44.589,0.94595,0.94612,1.00,1.00
2016.11.25 04:43:44.893,0.94597,0.94612,1.00,1.00
2016.11.25 04:43:45.518,0.94597,0.94613,1.00,1.00
2016.11.25 04:43:47.903,0.94597,0.94612,1.00,1.00
2016.11.25 04:43:50.043,0.94597,0.94613,1.00,1.00
2016.11.25 04:43:50.407,0.94597,0.94607,1.00,1.00
2016.11.25 04:43:50.835,0.94597,0.94613,1.00,1.00
2016.11.25 04:43:51.138,0.94597,0.94608,1.00,1.00
2016.11.25 04:43:51.508,0.94597,0.94612,1.00,1.00
2016.11.25 04:43:52.354,0.94597,0.94613,1.00,1.00
2016.11.25 04:43:52.965,0.94597,0.94612,1.00,1.00
2016.11.25 04:43:59.949,0.94595,0.94612,1.00,1.00
2016.11.25 04:44:00.695,0.94597,0.94612,1.00,1.00
2016.11.25 04:44:01.196,0.94597,0.94613,1.00,1.00
2016.11.25 04:44:01.247,0.94597,0.94618,1.00,1.00
2016.11.25 04:44:01.560,0.94597,0.94612,1.00,1.00
2016.11.25 04:44:02.299,0.94598,0.94612,1.00,1.00
2016.11.25 04:44:05.853,0.94596,0.94612,1.00,1.00
2016.11.25 04:44:06.355,0.94598,0.94612,1.00,1.00
2016.11.25 04:44:15.658,0.946,0.94612,1.00,1.00
2016.11.25 04:44:15.760,0.946,0.94622,1.00,1.00
2016.11.25 04:44:15.973,0.946,0.94627,1.00,1.00
2016.11.25 04:44:16.024,0.94599,0.94624,1.00,1.00
2016.11.25 04:44:16.365,0.94599,0.94618,1.00,1.00
2016.11.25 04:44:30.249,0.94598,0.94618,1.00,1.00
2016.11.25 04:44:30.741,0.94595,0.94618,1.00,1.00
2016.11.25 04:44:30.792,0.94593,0.94617,1.00,1.00
2016.11.25 04:44:30.993,0.94593,0.94621,1.00,1.00
2016.11.25 04:44:31.253,0.94593,0.94618,1.00,1.00
2016.11.25 04:44:31.718,0.94595,0.94617,1.00,1.00
2016.11.25 04:44:34.500,0.94594,0.94617,1.00,1.00
2016.11.25 04:44:35.030,0.94596,0.94617,1.00,1.00
2016.11.25 04:44:35.821,0.94595,0.94617,1.00,1.00
2016.11.25 04:44:37.191,0.94596,0.94617,1.00,1.00
2016.11.25 04:44:37.291,0.94595,0.94622,1.00,1.50
2016.11.25 04:44:37.392,0.94595,0.94618,1.00,1.00
2016.11.25 04:44:37.493,0.94597,0.94623,1.00,1.00
2016.11.25 04:44:37.594,0.94597,0.94618,1.00,1.00
2016.11.25 04:44:37.695,0.94597,0.94623,1.00,1.00
2016.11.25 04:44:37.964,0.94597,0.94617,1.00,1.00
2016.11.25 04:44:38.866,0.94597,0.94618,1.00,1.00
2016.11.25 04:44:39.427,0.94597,0.94617,1.00,1.00
2016.11.25 04:44:40.800,0.94597,0.94622,1.00,1.00
2016.11.25 04:44:42.170,0.94597,0.94617,1.00,1.00
2016.11.25 04:44:42.276,0.94597,0.94622,1.00,1.50
2016.11.25 04:44:42.377,0.94598,0.94625,1.00,1.00
2016.11.25 04:44:42.571,0.94598,0.94623,1.00,1.00
2016.11.25 04:44:42.823,0.94593,0.94622,1.00,1.00
2016.11.25 04:44:42.873,0.94595,0.94622,1.00,1.00
2016.11.25 04:44:43.208,0.94593,0.94618,1.00,1.00
2016.11.25 04:44:43.718,0.94593,0.94617,1.00,1.00
2016.11.25 04:44:44.474,0.94593,0.94618,1.00,1.00
2016.11.25 04:44:48.179,0.94593,0.94617,1.00,1.00
2016.11.25 04:44:48.580,0.94596,0.94623,1.00,1.50
2016.11.25 04:44:50.091,0.94596,0.94622,1.00,1.00
2016.11.25 04:44:50.192,0.94599,0.94622,1.00,1.00
2016.11.25 04:44:50.584,0.94605,0.94627,1.00,1.00
2016.11.25 04:44:51.185,0.94605,0.94623,1.00,1.00
2016.11.25 04:44:51.631,0.94605,0.94628,1.00,1.00
2016.11.25 04:44:52.684,0.94604,0.94628,1.00,1.00
2016.11.25 04:44:52.891,0.94601,0.94627,1.00,1.00
2016.11.25 04:44:53.191,0.94601,0.94623,1.00,1.00
2016.11.25 04:44:53.954,0.94601,0.94622,1.00,1.00
2016.11.25 04:44:55.095,0.94603,0.94622,1.00,1.00
2016.11.25 04:44:55.246,0.94605,0.94627,1.00,1.00
2016.11.25 04:44:56.718,0.94605,0.94622,1.00,1.00
2016.11.25 04:44:56.799,0.94605,0.94628,1.00,1.00
2016.11.25 04:44:57.305,0.94605,0.94622,1.00,1.00
2016.11.25 04:44:57.700,0.94605,0.94628,1.00,1.00
2016.11.25 04:44:59.550,0.94605,0.94623,1.00,1.00
2016.11.25 04:44:59.761,0.94602,0.94623,1.00,1.00
2016.11.25 04:45:00.297,0.94604,0.94623,1.00,1.00
2016.11.25 04:45:02.652,0.94602,0.94623,1.00,1.00
2016.11.25 04:45:02.753,0.94599,0.94623,1.00,1.00
2016.11.25 04:45:03.010,0.94599,0.94617,1.00,1.00
2016.11.25 04:45:03.311,0.94599,0.94622,1.00,1.00
2016.11.25 04:45:03.912,0.94599,0.94623,1.00,1.00
2016.11.25 04:45:04.713,0.94599,0.94622,1.00,1.00
2016.11.25 04:45:05.314,0.94599,0.94623,1.00,1.00
2016.11.25 04:45:08.618,0.94599,0.94622,1.00,1.00
2016.11.25 04:45:10.929,0.94599,0.94623,1.00,1.00
2016.11.25 04:45:11.270,0.946,0.94625,1.00,1.00
2016.11.25 04:45:11.336,0.946,0.94627,1.00,1.00
2016.11.25 04:45:11.437,0.946,0.94623,1.00,1.00
2016.11.25 04:45:11.782,0.94602,0.94622,1.00,1.00
2016.11.25 04:45:12.324,0.94602,0.94623,1.00,1.00
2016.11.25 04:45:13.100,0.94603,0.94623,1.00,1.00
2016.11.25 04:45:14.140,0.94603,0.94627,1.00,1.00
2016.11.25 04:45:14.327,0.94603,0.94622,1.00,1.00
2016.11.25 04:45:14.734,0.94603,0.94628,1.00,1.50
2016.11.25 04:45:19.932,0.94603,0.94623,1.00,1.00
2016.11.25 04:45:22.135,0.94603,0.94622,1.00,1.00
2016.11.25 04:45:24.152,0.94601,0.94627,1.00,1.00
2016.11.25 04:45:24.379,0.94601,0.94622,1.00,1.00
2016.11.25 04:45:25.222,0.946,0.94622,1.00,1.00
2016.11.25 04:45:26.359,0.946,0.94627,1.00,1.00
2016.11.25 04:45:26.442,0.946,0.94622,1.00,1.00
2016.11.25 04:45:30.247,0.946,0.94623,1.00,1.00
2016.11.25 04:45:32.250,0.946,0.94622,1.00,1.00
2016.11.25 04:45:33.484,0.946,0.94623,1.00,1.00
2016.11.25 04:45:37.658,0.946,0.94622,1.00,1.00
2016.11.25 04:45:40.161,0.946,0.94627,1.00,1.00
2016.11.25 04:45:41.131,0.94601,0.94627,1.00,1.00
2016.11.25 04:45:43.268,0.94601,0.94628,1.00,1.50
2016.11.25 04:45:43.492,0.94601,0.94626,1.00,1.00
2016.11.25 04:45:45.380,0.94601,0.94627,1.00,1.50
2016.11.25 04:45:46.763,0.94602,0.94628,1.00,1.50
2016.11.25 04:45:47.467,0.94602,0.94627,1.00,1.00
2016.11.25 04:45:54.981,0.94602,0.94622,1.00,1.00
2016.11.25 04:46:15.032,0.94602,0.94627,1.00,1.50
2016.11.25 04:46:22.491,0.94603,0.94627,1.00,1.00
2016.11.25 04:46:24.515,0.94603,0.94628,1.00,1.50
2016.11.25 04:46:25.032,0.94602,0.94627,1.00,1.00
2016.11.25 04:46:26.218,0.94602,0.94628,1.00,1.00
2016.11.25 04:46:27.319,0.94602,0.94623,1.00,1.00
2016.11.25 04:46:27.867,0.94601,0.94623,1.00,1.00
2016.11.25 04:46:28.244,0.94603,0.94627,1.00,1.00
2016.11.25 04:46:34.562,0.94603,0.94622,1.00,1.00
2016.11.25 04:46:38.650,0.94602,0.94622,1.00,1.00
2016.11.25 04:46:38.701,0.946,0.94622,1.00,1.00
2016.11.25 04:46:40.302,0.94602,0.94622,1.00,1.00
2016.11.25 04:46:42.708,0.946,0.94622,1.00,1.00
2016.11.25 04:46:45.531,0.94602,0.94622,1.00,1.00
2016.11.25 04:46:46.069,0.94601,0.94622,1.00,1.00
2016.11.25 04:46:46.233,0.94601,0.94626,1.00,1.00
2016.11.25 04:46:49.998,0.946,0.94625,1.00,1.00
2016.11.25 04:46:50.562,0.946,0.94623,1.00,1.00
2016.11.25 04:46:51.074,0.94601,0.94622,1.00,1.00
2016.11.25 04:46:51.686,0.94603,0.94622,1.00,1.00
2016.11.25 04:46:53.814,0.94601,0.94622,1.00,1.00
2016.11.25 04:46:53.865,0.94601,0.94626,1.00,1.00
2016.11.25 04:46:53.985,0.94601,0.94629,1.00,1.00
2016.11.25 04:46:54.036,0.94599,0.94627,1.00,1.00
2016.11.25 04:46:54.344,0.94595,0.94622,1.00,1.00
2016.11.25 04:46:54.646,0.94598,0.94622,1.00,1.00
2016.11.25 04:46:56.048,0.94598,0.94625,1.00,1.00
2016.11.25 04:46:56.248,0.94598,0.94623,1.00,1.00
2016.11.25 04:47:00.755,0.94598,0.94622,1.00,1.00
2016.11.25 04:47:01.438,0.94599,0.94622,1.00,1.00
2016.11.25 04:47:06.215,0.94601,0.94622,1.00,1.00
2016.11.25 04:47:10.400,0.94601,0.94623,1.00,1.00
2016.11.25 04:47:10.551,0.94604,0.94627,1.00,1.00
2016.11.25 04:47:10.601,0.94607,0.94627,1.00,1.00
2016.11.25 04:47:10.702,0.94605,0.9463,1.00,1.00
2016.11.25 04:47:10.803,0.94601,0.94632,1.00,1.50
2016.11.25 04:47:11.570,0.94604,0.94631,1.00,1.00
2016.11.25 04:47:12.473,0.94604,0.94627,1.00,1.00
2016.11.25 04:47:12.524,0.94602,0.94627,1.00,1.00
2016.11.25 04:47:13.375,0.94602,0.94628,1.00,1.00
2016.11.25 04:47:14.064,0.94601,0.94627,1.00,1.00
2016.11.25 04:47:16.967,0.94603,0.94627,1.00,1.00
2016.11.25 04:47:18.881,0.94603,0.94628,1.00,1.50
2016.11.25 04:47:18.932,0.94601,0.94627,1.00,1.00
2016.11.25 04:47:21.777,0.94602,0.94627,1.00,1.00
2016.11.25 04:47:22.386,0.94602,0.94626,1.00,1.00
2016.11.25 04:47:22.898,0.94602,0.94627,1.00,1.00
2016.11.25 04:47:23.689,0.94603,0.94628,1.00,1.50
2016.11.25 04:47:27.844,0.94606,0.94632,1.00,1.00
2016.11.25 04:47:28.836,0.94608,0.94632,1.00,1.50
2016.11.25 04:47:29.375,0.94607,0.94632,1.00,1.00
2016.11.25 04:47:29.889,0.94607,0.94633,1.00,1.00
2016.11.25 04:47:30.394,0.94607,0.94632,1.00,1.50
2016.11.25 04:47:30.978,0.94607,0.94633,1.00,1.50
2016.11.25 04:47:32.124,0.94606,0.94633,1.00,1.50
2016.11.25 04:47:32.465,0.94606,0.94631,1.00,1.00
2016.11.25 04:47:32.971,0.94603,0.94631,1.00,1.00
2016.11.25 04:47:33.122,0.94603,0.94628,1.00,1.00
2016.11.25 04:47:33.334,0.94603,0.94631,1.00,1.00
2016.11.25 04:47:33.748,0.94604,0.94628,1.00,1.00
2016.11.25 04:47:37.479,0.94605,0.94628,1.00,1.00
2016.11.25 04:47:37.912,0.94604,0.94631,1.00,1.00
2016.11.25 04:47:38.113,0.94604,0.94623,1.00,1.00
2016.11.25 04:47:38.261,0.946,0.94622,1.00,1.00
2016.11.25 04:47:38.809,0.94599,0.94622,1.00,1.00
2016.11.25 04:47:46.122,0.94598,0.94622,1.00,1.00
2016.11.25 04:47:47.610,0.94597,0.94622,1.00,1.50
2016.11.25 04:47:48.181,0.94596,0.9462,1.00,1.00
2016.11.25 04:47:48.351,0.94593,0.9462,1.00,1.00
2016.11.25 04:47:48.502,0.94595,0.9462,1.00,1.00
2016.11.25 04:47:48.726,0.94593,0.9462,1.00,1.00
2016.11.25 04:47:49.457,0.94592,0.94619,1.00,1.00
2016.11.25 04:47:50.367,0.94592,0.94617,1.00,1.00
2016.11.25 04:47:51.612,0.9459,0.94616,1.00,1.00
2016.11.25 04:47:57.187,0.94589,0.94614,1.00,1.00
2016.11.25 04:47:57.724,0.94589,0.94612,1.00,1.00
2016.11.25 04:47:58.461,0.94589,0.94614,1.00,1.00
2016.11.25 04:47:58.644,0.94589,0.94616,1.00,1.00
2016.11.25 04:48:00.740,0.94589,0.94612,1.00,1.00
2016.11.25 04:48:01.181,0.94591,0.94612,1.00,1.00
2016.11.25 04:48:05.988,0.94591,0.94616,1.00,1.00
2016.11.25 04:48:06.748,0.94592,0.94617,1.00,1.50
2016.11.25 04:48:07.284,0.9459,0.94617,1.00,1.50
2016.11.25 04:48:09.284,0.94591,0.94617,1.00,1.00
2016.11.25 04:48:12.027,0.9459,0.94617,1.00,1.50
2016.11.25 04:48:12.520,0.94592,0.94617,1.00,1.50
2016.11.25 04:48:13.073,0.94591,0.94616,1.00,1.00
2016.11.25 04:48:13.612,0.94591,0.94617,1.00,1.00
2016.11.25 04:48:14.356,0.94591,0.94618,1.00,1.50
2016.11.25 04:48:15.681,0.94591,0.94616,1.00,1.00
2016.11.25 04:48:19.028,0.94589,0.94616,1.00,1.00
2016.11.25 04:48:21.866,0.94591,0.94617,1.00,1.50
2016.11.25 04:48:26.184,0.94591,0.94616,1.00,1.00
2016.11.25 04:48:26.486,0.94596,0.94618,1.00,1.00
2016.11.25 04:48:26.587,0.94594,0.94618,1.00,1.00
2016.11.25 04:48:27.119,0.94594,0.94617,1.00,1.00
2016.11.25 04:48:30.376,0.94594,0.94618,1.00,1.00
2016.11.25 04:48:30.490,0.94591,0.94618,1.00,1.00
2016.11.25 04:48:30.877,0.9459,0.94612,1.00,1.00
2016.11.25 04:48:31.493,0.94589,0.94612,1.00,1.00
2016.11.25 04:48:33.206,0.94589,0.94608,1.00,1.00
2016.11.25 04:48:33.307,0.94589,0.94613,1.00,1.00
2016.11.25 04:48:33.906,0.94588,0.94613,1.00,1.00
2016.11.25 04:48:34.433,0.94588,0.94608,1.00,1.00
2016.11.25 04:48:35.886,0.94588,0.94612,1.00,1.00
2016.11.25 04:48:38.289,0.94588,0.94615,1.00,1.00
2016.11.25 04:48:38.590,0.94588,0.94613,1.00,1.00
2016.11.25 04:48:38.991,0.94588,0.94615,1.00,1.00
2016.11.25 04:48:39.240,0.9459,0.94617,1.00,1.00
2016.11.25 04:48:39.592,0.94592,0.94618,1.00,1.00
2016.11.25 04:48:40.230,0.94589,0.94615,1.00,1.00
2016.11.25 04:48:45.742,0.94588,0.94615,1.00,1.00
2016.11.25 04:48:49.730,0.9459,0.94616,1.00,1.00
2016.11.25 04:48:50.157,0.94591,0.94618,1.00,1.00
2016.11.25 04:48:50.588,0.9459,0.94616,1.00,1.00
2016.11.25 04:48:51.314,0.94589,0.94614,1.00,1.00
2016.11.25 04:48:51.856,0.94589,0.94612,1.00,1.00
2016.11.25 04:48:52.495,0.9459,0.94612,1.00,1.00
2016.11.25 04:48:53.449,0.94589,0.94612,1.00,1.00
2016.11.25 04:48:54.862,0.94588,0.94612,1.00,1.00
2016.11.25 04:48:54.963,0.94588,0.94617,1.00,1.00
2016.11.25 04:48:55.100,0.94588,0.94615,1.00,1.00
2016.11.25 04:48:55.858,0.94588,0.94616,1.00,1.00
2016.11.25 04:49:00.771,0.94587,0.94616,1.00,1.00
2016.11.25 04:49:01.101,0.94588,0.94614,1.00,1.00
2016.11.25 04:49:01.864,0.94589,0.94615,1.00,1.00
2016.11.25 04:49:03.717,0.94588,0.94615,1.00,1.00
2016.11.25 04:49:05.572,0.94589,0.94608,1.00,1.00
2016.11.25 04:49:05.727,0.94589,0.94613,1.00,1.00
2016.11.25 04:49:05.876,0.9459,0.94616,1.00,1.00
2016.11.25 04:49:06.572,0.9459,0.94615,1.00,1.00
2016.11.25 04:49:07.492,0.94589,0.94614,1.00,1.00
2016.11.25 04:49:07.701,0.94591,0.94616,1.00,1.00
2016.11.25 04:49:08.182,0.94589,0.94615,1.00,1.00
2016.11.25 04:49:12.396,0.94588,0.94614,1.00,1.00
2016.11.25 04:49:12.628,0.94589,0.94616,1.00,1.00
2016.11.25 04:49:13.144,0.94588,0.94614,1.00,1.00
2016.11.25 04:49:14.133,0.94588,0.94615,1.00,1.00
2016.11.25 04:49:14.637,0.94588,0.94616,1.00,1.00
2016.11.25 04:49:15.190,0.94587,0.94616,1.00,1.00
2016.11.25 04:49:16.164,0.94589,0.94615,1.00,1.00
2016.11.25 04:49:17.845,0.94588,0.94616,1.00,1.00
2016.11.25 04:49:18.372,0.94589,0.94615,1.00,1.00
2016.11.25 04:49:20.453,0.9459,0.94617,1.00,1.00
2016.11.25 04:49:20.504,0.94592,0.94618,1.00,1.50
2016.11.25 04:49:20.806,0.94595,0.94621,1.00,1.00
2016.11.25 04:49:21.183,0.94592,0.9462,1.00,1.00
2016.11.25 04:49:21.353,0.94592,0.94617,1.00,1.00
2016.11.25 04:49:21.945,0.94591,0.94617,1.00,1.00
2016.11.25 04:49:22.505,0.94592,0.94617,1.00,1.00
2016.11.25 04:49:22.556,0.9459,0.94617,1.00,1.00
2016.11.25 04:49:30.832,0.94592,0.94617,1.00,1.00
2016.11.25 04:49:31.833,0.94591,0.94617,1.00,1.00
2016.11.25 04:49:32.457,0.94591,0.94618,1.00,1.50
2016.11.25 04:49:32.771,0.9459,0.94616,1.00,1.00
2016.11.25 04:49:33.073,0.94592,0.94618,1.00,1.00
2016.11.25 04:49:33.574,0.9459,0.94617,1.00,1.50
2016.11.25 04:49:34.516,0.94592,0.94617,1.00,1.50
2016.11.25 04:49:35.098,0.94591,0.94616,1.00,1.00
2016.11.25 04:49:35.630,0.94592,0.94617,1.00,1.50
2016.11.25 04:49:38.723,0.9459,0.94617,1.00,1.00
2016.11.25 04:49:39.125,0.94592,0.94617,1.00,1.00
2016.11.25 04:49:39.874,0.94591,0.94616,1.00,1.00
2016.11.25 04:49:40.845,0.9459,0.94615,1.00,1.00
2016.11.25 04:49:45.662,0.94589,0.94615,1.00,1.00
2016.11.25 04:49:45.968,0.94589,0.94613,1.00,1.00
2016.11.25 04:49:46.470,0.94588,0.94615,1.00,1.00
2016.11.25 04:49:46.524,0.9459,0.94615,1.00,1.00
2016.11.25 04:49:46.574,0.9459,0.94618,1.00,1.50
2016.11.25 04:49:47.108,0.9459,0.94617,1.00,1.00
2016.11.25 04:49:47.609,0.94589,0.94616,1.00,1.00
2016.11.25 04:49:47.719,0.94591,0.94616,1.00,1.00
2016.11.25 04:49:48.072,0.94591,0.94613,1.00,1.00
2016.11.25 04:49:48.421,0.94591,0.94617,1.00,1.00
2016.11.25 04:49:48.773,0.94591,0.94612,1.00,1.00
2016.11.25 04:49:49.783,0.94591,0.94618,1.00,1.50
2016.11.25 04:49:56.201,0.94591,0.94617,1.00,1.00
2016.11.25 04:49:57.944,0.94592,0.94617,1.00,1.00
2016.11.25 04:49:58.484,0.94593,0.94617,1.00,1.50
2016.11.25 04:49:59.686,0.94593,0.94612,1.00,1.00
2016.11.25 04:49:59.802,0.94593,0.94617,1.00,1.50
2016.11.25 04:49:59.886,0.94593,0.94612,1.00,1.00
2016.11.25 04:49:59.937,0.94589,0.94612,1.00,1.00
2016.11.25 04:50:00.061,0.94587,0.94612,1.00,1.00
2016.11.25 04:50:00.594,0.94587,0.94613,1.00,1.00
2016.11.25 04:50:00.796,0.94587,0.94615,1.00,1.00
2016.11.25 04:50:00.889,0.94588,0.94613,1.00,1.00
2016.11.25 04:50:01.437,0.94588,0.94612,1.00,1.00
2016.11.25 04:50:01.959,0.94584,0.94612,1.00,1.00
2016.11.25 04:50:02.060,0.94584,0.9461,1.00,1.00
2016.11.25 04:50:02.388,0.9458,0.94605,1.00,1.00
2016.11.25 04:50:02.726,0.94583,0.94607,1.00,1.00
2016.11.25 04:50:03.135,0.94584,0.94612,1.00,1.00
2016.11.25 04:50:03.534,0.94584,0.94608,1.00,1.00
2016.11.25 04:50:04.423,0.94584,0.94607,1.00,1.00
2016.11.25 04:50:07.210,0.94587,0.94607,1.00,1.00
2016.11.25 04:50:10.600,0.94586,0.94607,1.00,1.00
2016.11.25 04:50:11.213,0.94587,0.94608,1.00,1.00
2016.11.25 04:50:11.409,0.94587,0.94611,1.00,1.00
2016.11.25 04:50:11.727,0.94587,0.94607,1.00,1.00
2016.11.25 04:50:11.942,0.94579,0.94608,1.50,1.00
2016.11.25 04:50:11.993,0.94584,0.94608,1.00,1.00
2016.11.25 04:50:12.144,0.94585,0.94612,1.00,1.00
2016.11.25 04:50:12.950,0.94586,0.94612,1.00,1.00
2016.11.25 04:50:13.128,0.94588,0.94613,1.00,1.00
2016.11.25 04:50:13.703,0.94588,0.94614,1.00,1.00
2016.11.25 04:50:14.156,0.94589,0.94617,1.00,1.50
2016.11.25 04:50:14.728,0.94588,0.94617,1.00,1.50
2016.11.25 04:50:15.110,0.94588,0.94615,1.00,1.00
2016.11.25 04:50:16.429,0.94586,0.94615,1.00,1.00
2016.11.25 04:50:19.841,0.94589,0.94614,1.00,1.00
2016.11.25 04:50:20.683,0.94588,0.94616,1.00,1.00
2016.11.25 04:50:20.913,0.94588,0.94612,1.00,1.00
2016.11.25 04:50:21.659,0.94588,0.94615,1.00,1.00
2016.11.25 04:50:22.025,0.94586,0.94612,1.00,1.00
2016.11.25 04:50:22.216,0.94586,0.94614,1.00,1.00
2016.11.25 04:50:22.910,0.94587,0.94614,1.00,1.00
2016.11.25 04:50:23.366,0.94591,0.94615,1.00,1.00
2016.11.25 04:50:23.467,0.94592,0.94617,1.00,1.50
2016.11.25 04:50:24.409,0.94591,0.94616,1.00,1.00
2016.11.25 04:50:25.709,0.94588,0.94613,1.00,1.00
2016.11.25 04:50:26.063,0.94587,0.94608,1.00,1.00
2016.11.25 04:50:26.644,0.94587,0.94607,1.00,1.00
2016.11.25 04:50:27.061,0.94586,0.94611,1.00,1.00
2016.11.25 04:50:27.223,0.94586,0.94607,1.00,1.00
2016.11.25 04:50:27.524,0.94585,0.94611,1.00,1.00
2016.11.25 04:50:27.625,0.94585,0.94607,1.00,1.00
2016.11.25 04:50:27.726,0.94585,0.94611,1.00,1.00
2016.11.25 04:50:29.260,0.94583,0.94608,1.00,1.50
2016.11.25 04:50:29.361,0.94581,0.94608,1.00,1.50
2016.11.25 04:50:29.758,0.94581,0.94603,1.00,1.00
2016.11.25 04:50:31.450,0.94582,0.94603,1.00,1.00
2016.11.25 04:50:32.559,0.94582,0.94606,1.00,1.00
2016.11.25 04:50:33.049,0.94582,0.94603,1.00,1.00
2016.11.25 04:50:33.836,0.94582,0.94606,1.00,1.00
2016.11.25 04:50:33.887,0.94583,0.94608,1.00,1.00
2016.11.25 04:50:36.633,0.94583,0.94609,1.00,1.00
2016.11.25 04:50:37.680,0.94583,0.94608,1.00,1.00
2016.11.25 04:50:39.743,0.94585,0.9461,1.00,1.00
2016.11.25 04:50:40.271,0.94586,0.94611,1.00,1.00
2016.11.25 04:50:41.322,0.94586,0.94612,1.00,1.50
2016.11.25 04:50:45.926,0.94585,0.94612,1.00,1.00
2016.11.25 04:50:46.259,0.94587,0.94613,1.00,1.50
2016.11.25 04:50:46.924,0.94585,0.94612,1.00,1.00
2016.11.25 04:50:50.866,0.94584,0.94611,1.00,1.00
2016.11.25 04:50:51.056,0.94583,0.94607,1.00,1.00
2016.11.25 04:50:51.959,0.94583,0.94608,1.00,1.00
2016.11.25 04:51:07.882,0.94585,0.94608,1.00,1.00
2016.11.25 04:51:08.191,0.94585,0.9461,1.00,1.00
2016.11.25 04:51:12.025,0.94585,0.94608,1.00,1.00
2016.11.25 04:51:12.198,0.94583,0.94607,1.00,1.00
2016.11.25 04:51:15.880,0.94583,0.9461,1.00,1.00
2016.11.25 04:51:16.664,0.94583,0.94609,1.00,1.00
2016.11.25 04:51:18.384,0.94582,0.94608,1.00,1.00
2016.11.25 04:51:18.535,0.94577,0.94605,1.00,1.00
2016.11.25 04:51:18.896,0.94577,0.94602,1.00,1.00
2016.11.25 04:51:22.224,0.94578,0.94602,1.00,1.00
2016.11.25 04:51:26.790,0.94578,0.94598,1.00,1.00
2016.11.25 04:51:27.424,0.94578,0.94602,1.00,1.00
2016.11.25 04:51:27.643,0.9458,0.94602,1.00,1.00
2016.11.25 04:51:27.977,0.94582,0.94603,1.00,1.00
2016.11.25 04:51:28.028,0.94584,0.94607,1.00,1.00
2016.11.25 04:51:28.932,0.94585,0.94607,1.00,1.00
2016.11.25 04:51:29.932,0.94584,0.94607,1.00,1.00
2016.11.25 04:51:30.676,0.94585,0.94607,1.00,1.00
2016.11.25 04:51:30.796,0.94585,0.94603,1.00,1.00
2016.11.25 04:51:31.127,0.94581,0.94603,1.00,1.00
2016.11.25 04:51:31.278,0.94578,0.94603,1.00,1.00
2016.11.25 04:51:31.782,0.94578,0.94602,1.00,1.00
2016.11.25 04:51:35.128,0.94579,0.94602,1.00,1.00
2016.11.25 04:51:42.810,0.94579,0.94606,1.00,1.00
2016.11.25 04:51:43.010,0.94579,0.94602,1.00,1.00
2016.11.25 04:51:43.760,0.9458,0.94602,1.00,1.00
2016.11.25 04:51:46.264,0.9458,0.94603,1.00,1.00
2016.11.25 04:51:46.922,0.94579,0.94603,1.00,1.00
2016.11.25 04:51:51.135,0.94579,0.94598,1.00,1.00
2016.11.25 04:51:51.236,0.94582,0.94607,1.00,1.00
2016.11.25 04:51:51.864,0.94581,0.94607,1.00,1.00
2016.11.25 04:51:52.441,0.94581,0.94608,1.00,1.00
2016.11.25 04:51:53.065,0.94581,0.94607,1.00,1.00
2016.11.25 04:52:01.631,0.94579,0.94607,1.00,1.00
2016.11.25 04:52:03.936,0.94581,0.94607,1.00,1.00
2016.11.25 04:52:04.248,0.94579,0.94607,1.00,1.00
2016.11.25 04:52:04.614,0.94578,0.94603,1.00,1.00
2016.11.25 04:52:07.848,0.94578,0.94602,1.00,1.00
2016.11.25 04:52:10.762,0.94578,0.94605,1.00,1.00
2016.11.25 04:52:11.023,0.94578,0.94603,1.00,1.00
2016.11.25 04:52:15.529,0.94578,0.94602,1.00,1.00
2016.11.25 04:52:19.357,0.94579,0.94602,1.00,1.00
2016.11.25 04:52:19.533,0.94579,0.94605,1.00,1.00
2016.11.25 04:52:19.833,0.94579,0.94602,1.00,1.00
2016.11.25 04:52:21.835,0.94579,0.94603,1.00,1.00
2016.11.25 04:52:25.928,0.94578,0.94603,1.00,1.50
2016.11.25 04:52:27.841,0.94578,0.94602,1.00,1.00
2016.11.25 04:52:31.661,0.94578,0.94603,1.00,1.00
2016.11.25 04:52:32.209,0.94579,0.94603,1.00,1.00
2016.11.25 04:52:32.857,0.94579,0.94602,1.00,1.00
2016.11.25 04:52:33.685,0.94578,0.94602,1.00,1.00
2016.11.25 04:52:37.386,0.94577,0.94602,1.00,1.00
2016.11.25 04:52:37.969,0.94577,0.94603,1.00,1.50
2016.11.25 04:52:38.572,0.94578,0.94603,1.00,1.00
2016.11.25 04:52:46.762,0.94579,0.94603,1.00,1.50
2016.11.25 04:52:47.490,0.94578,0.94603,1.00,1.50
2016.11.25 04:52:48.014,0.94578,0.94602,1.00,1.00
2016.11.25 04:52:48.554,0.94577,0.94602,1.00,1.00
2016.11.25 04:52:52.405,0.94579,0.94602,1.00,1.00
2016.11.25 04:52:54.606,0.94581,0.94607,1.00,1.50
2016.11.25 04:53:01.750,0.94582,0.94607,1.00,1.00
2016.11.25 04:53:07.445,0.94581,0.94607,1.00,1.00
2016.11.25 04:53:15.610,0.94583,0.94607,1.00,1.00
2016.11.25 04:53:15.711,0.94583,0.94612,1.00,1.00
2016.11.25 04:53:16.780,0.94583,0.94611,1.00,1.00
2016.11.25 04:53:20.339,0.94583,0.94612,1.00,1.50
2016.11.25 04:53:24.785,0.94585,0.94611,1.00,1.00
2016.11.25 04:53:28.104,0.94585,0.94607,1.00,1.00
2016.11.25 04:53:31.810,0.94584,0.94607,1.00,1.00
2016.11.25 04:53:34.611,0.94584,0.94608,1.00,1.00
2016.11.25 04:53:43.720,0.94584,0.94607,1.00,1.00
2016.11.25 04:53:45.283,0.94582,0.94606,1.00,1.00
2016.11.25 04:53:45.334,0.94582,0.94608,1.00,1.50
2016.11.25 04:53:45.434,0.94584,0.94608,1.00,1.00
2016.11.25 04:53:45.942,0.94584,0.94607,1.00,1.00
2016.11.25 04:53:46.468,0.94583,0.94608,1.00,1.00
2016.11.25 04:53:46.819,0.94586,0.94608,1.00,1.00
2016.11.25 04:53:47.208,0.94584,0.94608,1.00,1.00
2016.11.25 04:53:47.395,0.94584,0.94612,1.00,1.00
2016.11.25 04:53:47.925,0.94583,0.94612,1.00,1.00
2016.11.25 04:53:48.227,0.94583,0.94609,1.00,1.00
2016.11.25 04:53:50.228,0.94582,0.94609,1.00,1.00
2016.11.25 04:53:52.067,0.94582,0.94608,1.00,1.00
2016.11.25 04:53:52.677,0.94583,0.94609,1.00,1.00
2016.11.25 04:53:53.057,0.94581,0.94611,1.00,1.00
2016.11.25 04:53:53.512,0.94582,0.94608,1.00,1.00
2016.11.25 04:53:54.533,0.9458,0.94609,1.00,1.00
2016.11.25 04:53:54.634,0.9458,0.94605,1.00,1.00
2016.11.25 04:53:55.285,0.9458,0.94607,1.00,1.00
2016.11.25 04:53:55.385,0.94579,0.94602,1.00,1.00
2016.11.25 04:53:55.936,0.94578,0.94602,1.00,1.00
2016.11.25 04:53:56.037,0.94578,0.94606,1.00,1.00
2016.11.25 04:53:56.088,0.9458,0.94607,1.00,1.00
2016.11.25 04:53:56.637,0.9458,0.94608,1.00,1.50
2016.11.25 04:54:01.393,0.9458,0.94607,1.00,1.00
2016.11.25 04:54:01.921,0.94581,0.94607,1.00,1.00
2016.11.25 04:54:07.555,0.94581,0.94608,1.00,1.50
2016.11.25 04:54:08.100,0.94581,0.94607,1.00,1.00
2016.11.25 04:54:08.151,0.94582,0.94609,1.00,1.00
2016.11.25 04:54:08.252,0.94582,0.94611,1.00,1.00
2016.11.25 04:54:09.124,0.94582,0.94612,1.00,1.50
2016.11.25 04:54:12.022,0.94582,0.94611,1.00,1.00
2016.11.25 04:54:14.457,0.94582,0.94607,1.00,1.00
2016.11.25 04:54:22.237,0.94582,0.94608,1.00,1.00
2016.11.25 04:54:22.562,0.94584,0.94609,1.00,1.00
2016.11.25 04:54:23.717,0.94584,0.9461,1.00,1.00
2016.11.25 04:54:23.868,0.94584,0.94612,1.00,1.50
2016.11.25 04:54:27.973,0.94584,0.94607,1.00,1.00
2016.11.25 04:54:31.933,0.94585,0.94607,1.00,1.00
2016.11.25 04:54:36.684,0.94584,0.94611,1.00,1.00
2016.11.25 04:54:37.213,0.94583,0.9461,1.00,1.00
2016.11.25 04:54:37.264,0.94585,0.94611,1.00,1.00
2016.11.25 04:54:38.727,0.94583,0.94611,1.00,1.00
2016.11.25 04:54:42.063,0.94586,0.94611,1.00,1.00
2016.11.25 04:54:42.221,0.94587,0.94613,1.00,1.50
2016.11.25 04:54:46.018,0.94586,0.94612,1.00,1.00
2016.11.25 04:54:47.311,0.94586,0.94614,1.00,1.00
2016.11.25 04:54:47.962,0.94587,0.94612,1.00,1.00
2016.11.25 04:54:48.654,0.94585,0.94612,1.00,1.50
2016.11.25 04:54:49.808,0.94585,0.94608,1.00,1.00
2016.11.25 04:54:49.959,0.94583,0.94608,1.00,1.00
2016.11.25 04:54:50.516,0.94584,0.94608,1.00,1.00
2016.11.25 04:54:52.169,0.94583,0.94608,1.00,1.00
2016.11.25 04:54:53.061,0.94585,0.94608,1.00,1.00
2016.11.25 04:54:53.671,0.94584,0.94608,1.00,1.00
2016.11.25 04:54:54.891,0.94585,0.94608,1.00,1.00
2016.11.25 04:54:54.941,0.94583,0.94608,1.00,1.00
2016.11.25 04:54:58.012,0.94583,0.94611,1.00,1.00
2016.11.25 04:54:59.554,0.94585,0.9461,1.00,1.00
2016.11.25 04:55:00.235,0.94586,0.94611,1.00,1.00
2016.11.25 04:55:00.756,0.94584,0.9461,1.00,1.00
2016.11.25 04:55:00.837,0.94584,0.94612,1.00,1.00
2016.11.25 04:55:03.736,0.94586,0.94611,1.00,1.00
2016.11.25 04:55:03.787,0.94584,0.9461,1.00,1.00
2016.11.25 04:55:03.988,0.94585,0.94612,1.00,1.00
2016.11.25 04:55:04.139,0.94587,0.94612,1.00,1.00
2016.11.25 04:55:04.656,0.94588,0.94612,1.00,1.00
2016.11.25 04:55:04.986,0.94594,0.94612,1.00,1.00
2016.11.25 04:55:06.001,0.94593,0.94612,1.00,1.00
2016.11.25 04:55:07.675,0.94591,0.94612,1.00,1.00
2016.11.25 04:55:08.196,0.9459,0.94612,1.00,1.00
2016.11.25 04:55:12.616,0.94592,0.94612,1.00,1.00
2016.11.25 04:55:13.881,0.94594,0.94612,1.00,1.00
2016.11.25 04:55:16.519,0.94593,0.94612,1.00,1.00
2016.11.25 04:55:17.129,0.94594,0.94618,1.00,1.00
2016.11.25 04:55:17.422,0.94594,0.94612,1.00,1.00
2016.11.25 04:55:18.323,0.94594,0.94613,1.00,1.00
2016.11.25 04:55:19.715,0.94593,0.94613,1.00,1.00
2016.11.25 04:55:20.925,0.94593,0.94612,1.00,1.00
2016.11.25 04:55:22.189,0.94591,0.94612,1.00,1.00
2016.11.25 04:55:22.289,0.94591,0.94617,1.00,1.00
2016.11.25 04:55:22.642,0.94594,0.94618,1.00,1.00
2016.11.25 04:55:22.743,0.94595,0.94622,1.00,1.00
2016.11.25 04:55:22.844,0.94595,0.94627,1.00,1.00
2016.11.25 04:55:23.357,0.94599,0.94628,1.00,1.00
2016.11.25 04:55:23.852,0.94597,0.94626,1.00,1.00
2016.11.25 04:55:24.301,0.94598,0.94624,1.00,1.00
2016.11.25 04:55:27.869,0.94597,0.94624,1.00,1.00
2016.11.25 04:55:28.726,0.94596,0.94624,1.00,1.00
2016.11.25 04:55:29.019,0.94594,0.94624,1.00,1.00
2016.11.25 04:55:29.072,0.94596,0.94623,1.00,1.00
2016.11.25 04:55:33.511,0.94594,0.94623,1.00,1.00
2016.11.25 04:55:34.082,0.94595,0.94624,1.00,1.00
2016.11.25 04:55:34.792,0.94594,0.94623,1.00,1.00
2016.11.25 04:55:35.101,0.94597,0.94625,1.00,1.00
2016.11.25 04:55:35.410,0.94602,0.9463,1.00,1.00
2016.11.25 04:55:36.164,0.94603,0.94633,1.00,1.00
2016.11.25 04:55:36.214,0.94605,0.94633,1.00,1.00
2016.11.25 04:55:36.547,0.94608,0.94637,1.00,1.00
2016.11.25 04:55:36.648,0.94608,0.94633,1.00,1.00
2016.11.25 04:55:37.763,0.9461,0.94633,1.00,1.00
2016.11.25 04:55:37.899,0.9461,0.94637,1.00,1.50
2016.11.25 04:55:38.781,0.94609,0.94636,1.00,1.00
2016.11.25 04:55:39.151,0.9461,0.94632,1.00,1.00
2016.11.25 04:55:39.351,0.9461,0.94637,1.00,1.50
2016.11.25 04:55:40.123,0.94609,0.94636,1.00,1.00
2016.11.25 04:55:40.352,0.9461,0.94632,1.00,1.00
2016.11.25 04:55:40.553,0.9461,0.94638,1.00,1.50
2016.11.25 04:55:41.063,0.94611,0.94638,1.00,1.50
2016.11.25 04:55:41.673,0.94611,0.94637,1.00,1.00
2016.11.25 04:55:45.725,0.9461,0.94637,1.00,1.00
2016.11.25 04:55:45.776,0.9461,0.94632,1.00,1.00
2016.11.25 04:55:46.675,0.9461,0.94633,1.00,1.00
2016.11.25 04:55:51.783,0.9461,0.94632,1.00,1.00
2016.11.25 04:55:53.061,0.94612,0.94632,1.00,1.00
2016.11.25 04:55:53.112,0.94612,0.94637,1.00,1.00
2016.11.25 04:55:54.596,0.94612,0.94638,1.00,1.50
2016.11.25 04:56:02.106,0.94612,0.94637,1.00,1.00
2016.11.25 04:56:02.877,0.94611,0.94638,1.00,1.00
2016.11.25 04:56:03.424,0.94612,0.94637,1.00,1.00
2016.11.25 04:56:04.426,0.94611,0.94637,1.00,1.00
2016.11.25 04:56:05.197,0.94613,0.94638,1.00,1.00
2016.11.25 04:56:07.795,0.94614,0.94639,1.00,1.00
2016.11.25 04:56:17.182,0.94612,0.94639,1.00,1.00
2016.11.25 04:56:21.074,0.94615,0.94639,1.00,1.00
2016.11.25 04:56:22.324,0.94614,0.94639,1.00,1.00
2016.11.25 04:56:22.703,0.94616,0.94643,1.00,1.00
2016.11.25 04:56:22.754,0.94618,0.94643,1.00,1.00
2016.11.25 04:56:23.284,0.94618,0.94642,1.00,1.00
2016.11.25 04:56:25.155,0.94618,0.94648,1.00,1.50
2016.11.25 04:56:25.268,0.94617,0.94646,1.00,1.00
2016.11.25 04:56:25.572,0.94618,0.94642,1.00,1.00
2016.11.25 04:56:26.090,0.94618,0.94643,1.00,1.00
2016.11.25 04:56:26.611,0.94618,0.94642,1.00,1.00
2016.11.25 04:56:26.712,0.94618,0.94644,1.00,1.00
2016.11.25 04:56:26.839,0.94618,0.94642,1.00,1.00
2016.11.25 04:56:27.193,0.94615,0.94643,1.00,1.00
2016.11.25 04:56:27.415,0.94612,0.94642,1.00,1.00
2016.11.25 04:56:27.516,0.9461,0.9464,1.00,1.00
2016.11.25 04:56:27.845,0.9461,0.94633,1.00,1.00
2016.11.25 04:56:28.492,0.94608,0.94633,1.00,1.00
2016.11.25 04:56:30.716,0.94608,0.94632,1.00,1.00
2016.11.25 04:56:30.987,0.94611,0.94632,1.00,1.00
2016.11.25 04:56:31.656,0.94611,0.94633,1.00,1.00
2016.11.25 04:56:32.202,0.94609,0.94632,1.00,1.00
2016.11.25 04:56:32.363,0.94608,0.94636,1.00,1.00
2016.11.25 04:56:33.356,0.94606,0.94635,1.00,1.00
2016.11.25 04:56:33.407,0.94607,0.94633,1.00,1.00
2016.11.25 04:56:33.508,0.94607,0.94636,1.00,1.00
2016.11.25 04:56:33.680,0.94609,0.94637,1.00,1.50
2016.11.25 04:56:34.496,0.94608,0.94636,1.00,1.00
2016.11.25 04:56:35.023,0.94609,0.94637,1.00,1.00
2016.11.25 04:56:36.987,0.9461,0.94637,1.00,1.00
2016.11.25 04:56:37.057,0.94612,0.94641,1.00,1.00
2016.11.25 04:56:37.108,0.94614,0.94642,1.00,1.00
2016.11.25 04:56:37.208,0.94615,0.94644,1.00,1.00
2016.11.25 04:56:37.563,0.94615,0.94638,1.00,1.00
2016.11.25 04:56:37.663,0.94615,0.94642,1.00,1.00
2016.11.25 04:56:38.166,0.94614,0.94641,1.00,1.00
2016.11.25 04:56:40.368,0.94614,0.94643,1.00,1.00
2016.11.25 04:56:41.237,0.94613,0.94643,1.00,1.50
2016.11.25 04:56:41.963,0.94613,0.94642,1.00,1.00
2016.11.25 04:56:42.298,0.94615,0.94641,1.00,1.00
2016.11.25 04:56:43.291,0.94614,0.94641,1.00,1.00
2016.11.25 04:56:44.829,0.94612,0.94639,1.00,1.00
2016.11.25 04:56:44.930,0.94608,0.94636,1.00,1.00
2016.11.25 04:56:45.031,0.94604,0.94636,1.00,1.00
2016.11.25 04:56:45.263,0.94604,0.94633,1.00,1.00
2016.11.25 04:56:45.488,0.94605,0.94638,1.00,1.50
2016.11.25 04:56:45.639,0.94609,0.94638,1.00,1.00
2016.11.25 04:56:45.991,0.94606,0.94637,1.00,1.00
2016.11.25 04:56:47.211,0.94607,0.94637,1.00,1.00
2016.11.25 04:56:52.885,0.94609,0.94636,1.00,1.00
2016.11.25 04:56:54.309,0.94606,0.94635,1.00,1.00
2016.11.25 04:56:54.593,0.94604,0.94628,1.00,1.00
2016.11.25 04:56:55.239,0.94603,0.94627,1.00,1.00
2016.11.25 04:56:55.865,0.946,0.94627,1.00,1.00
2016.11.25 04:57:00.658,0.946,0.94628,1.00,1.00
2016.11.25 04:57:01.181,0.946,0.94627,1.00,1.00
2016.11.25 04:57:01.729,0.94601,0.94627,1.00,1.00
2016.11.25 04:57:02.230,0.94602,0.94627,1.00,1.00
2016.11.25 04:57:03.261,0.94601,0.94627,1.00,1.00
2016.11.25 04:57:07.414,0.94602,0.94627,1.00,1.00
2016.11.25 04:57:10.068,0.94602,0.94628,1.00,1.50
2016.11.25 04:57:10.219,0.94603,0.94632,1.00,1.00
2016.11.25 04:57:10.270,0.94605,0.94635,1.00,1.00
2016.11.25 04:57:10.472,0.94609,0.94633,1.00,1.00
2016.11.25 04:57:10.971,0.94609,0.94637,1.00,1.00
2016.11.25 04:57:11.370,0.94607,0.94637,1.00,1.00
2016.11.25 04:57:11.421,0.94609,0.94638,1.00,1.00
2016.11.25 04:57:11.523,0.94611,0.94641,1.00,1.00
2016.11.25 04:57:11.623,0.94613,0.94641,1.00,1.00
2016.11.25 04:57:15.221,0.94616,0.94642,1.00,1.50
2016.11.25 04:57:15.540,0.9462,0.94646,1.00,1.00
2016.11.25 04:57:15.880,0.94626,0.94651,1.00,1.00
2016.11.25 04:57:16.191,0.94625,0.94648,1.00,1.00
2016.11.25 04:57:16.432,0.94621,0.94647,1.00,1.00
2016.11.25 04:57:16.542,0.94624,0.94647,1.00,1.00
2016.11.25 04:57:16.592,0.94624,0.94651,1.00,1.00
2016.11.25 04:57:16.643,0.94627,0.94653,1.00,1.00
2016.11.25 04:57:16.993,0.9463,0.94656,1.00,1.00
2016.11.25 04:57:17.484,0.9463,0.94652,1.00,1.00
2016.11.25 04:57:17.665,0.94628,0.94653,1.00,1.00
2016.11.25 04:57:17.765,0.94622,0.94649,1.00,1.00
2016.11.25 04:57:17.816,0.94619,0.94646,1.00,1.00
2016.11.25 04:57:17.917,0.94615,0.94644,1.00,1.00
2016.11.25 04:57:18.610,0.94615,0.94643,1.00,1.00
2016.11.25 04:57:18.812,0.94613,0.94642,1.00,1.00
2016.11.25 04:57:19.012,0.94612,0.94638,1.00,1.00
2016.11.25 04:57:19.499,0.94612,0.94643,1.00,1.00
2016.11.25 04:57:19.940,0.9461,0.94641,1.00,1.00
2016.11.25 04:57:20.465,0.9461,0.94637,1.00,1.00
2016.11.25 04:57:20.516,0.9461,0.94641,1.00,1.00
2016.11.25 04:57:22.945,0.94613,0.9464,1.00,1.00
2016.11.25 04:57:24.096,0.94613,0.94637,1.00,1.00
2016.11.25 04:57:25.898,0.94613,0.9464,1.00,1.00
2016.11.25 04:57:26.157,0.94613,0.94642,1.00,1.00
2016.11.25 04:57:26.691,0.94613,0.94643,1.00,1.00
2016.11.25 04:57:26.792,0.94615,0.94644,1.00,1.00
2016.11.25 04:57:27.142,0.94617,0.94645,1.00,1.00
2016.11.25 04:57:27.456,0.9462,0.94648,1.00,1.50
2016.11.25 04:57:27.724,0.94617,0.94646,1.00,1.00
2016.11.25 04:57:27.955,0.94619,0.94646,1.00,1.00
2016.11.25 04:57:28.005,0.94616,0.94645,1.00,1.00
2016.11.25 04:57:28.106,0.94616,0.94637,1.00,1.00
2016.11.25 04:57:28.207,0.94616,0.94643,1.00,1.00
2016.11.25 04:57:28.307,0.94614,0.94642,1.00,1.00
2016.11.25 04:57:28.742,0.94614,0.94645,1.00,1.00
2016.11.25 04:57:28.939,0.94614,0.94643,1.00,1.00
2016.11.25 04:57:29.126,0.94616,0.94646,1.00,1.00
2016.11.25 04:57:29.177,0.94619,0.94647,1.00,1.00
2016.11.25 04:57:29.307,0.94618,0.94652,1.00,1.50
2016.11.25 04:57:29.608,0.94618,0.94648,1.00,1.00
2016.11.25 04:57:29.825,0.94618,0.94652,1.00,1.50
2016.11.25 04:57:29.917,0.94618,0.9465,1.00,1.00
2016.11.25 04:57:30.268,0.94618,0.94647,1.00,1.00
2016.11.25 04:57:30.777,0.94617,0.94648,1.00,1.00
2016.11.25 04:57:32.291,0.94616,0.94648,1.00,1.50
2016.11.25 04:57:32.913,0.94616,0.94647,1.00,1.00
2016.11.25 04:57:33.467,0.94615,0.94647,1.00,1.00
2016.11.25 04:57:34.315,0.94615,0.94648,1.00,1.50
2016.11.25 04:57:35.016,0.94615,0.94647,1.00,1.00
2016.11.25 04:57:35.349,0.94616,0.94645,1.00,1.00
2016.11.25 04:57:35.708,0.94616,0.94642,1.00,1.00
2016.11.25 04:57:36.960,0.94616,0.94645,1.00,1.00
2016.11.25 04:57:37.012,0.94614,0.94645,1.00,1.00
2016.11.25 04:57:37.220,0.94614,0.94643,1.00,1.00
2016.11.25 04:57:38.009,0.94615,0.94643,1.00,1.00
2016.11.25 04:57:38.958,0.94617,0.94643,1.00,1.00
2016.11.25 04:57:39.421,0.94615,0.94642,1.00,1.00
2016.11.25 04:57:39.945,0.94617,0.94642,1.00,1.00
2016.11.25 04:57:40.046,0.94618,0.94647,1.00,1.50
2016.11.25 04:57:40.529,0.94618,0.94643,1.00,1.00
2016.11.25 04:57:40.738,0.94618,0.94647,1.00,1.00
2016.11.25 04:57:41.331,0.94619,0.94647,1.00,1.00
2016.11.25 04:57:41.733,0.94619,0.94642,1.00,1.00
2016.11.25 04:57:41.834,0.94618,0.94645,1.00,1.00
2016.11.25 04:57:42.402,0.94616,0.94644,1.00,1.00
2016.11.25 04:57:42.634,0.94616,0.94642,1.00,1.00
2016.11.25 04:57:43.073,0.94616,0.94644,1.00,1.00
2016.11.25 04:57:43.536,0.94616,0.94642,1.00,1.00
2016.11.25 04:57:44.072,0.94617,0.94642,1.00,1.00
2016.11.25 04:57:44.273,0.94617,0.94646,1.00,1.00
2016.11.25 04:57:44.457,0.94617,0.94643,1.00,1.00
2016.11.25 04:57:44.582,0.94617,0.94646,1.00,1.00
2016.11.25 04:57:46.440,0.94617,0.94642,1.00,1.00
2016.11.25 04:57:47.019,0.94618,0.94642,1.00,1.00
2016.11.25 04:57:51.671,0.94616,0.94642,1.00,1.00
2016.11.25 04:57:52.430,0.94621,0.94642,1.00,1.00
2016.11.25 04:57:52.516,0.94623,0.94651,1.00,1.00
2016.11.25 04:57:52.768,0.94623,0.94653,1.00,1.00
2016.11.25 04:57:53.253,0.94624,0.94647,1.00,1.00
2016.11.25 04:57:53.801,0.94624,0.94648,1.00,1.00
2016.11.25 04:57:54.310,0.94624,0.94647,1.00,1.00
2016.11.25 04:57:55.266,0.94623,0.94647,1.00,1.00
2016.11.25 04:57:55.779,0.94623,0.94654,1.00,1.00
2016.11.25 04:57:56.078,0.94623,0.94652,1.00,1.00
2016.11.25 04:57:56.678,0.94624,0.94652,1.00,1.00
2016.11.25 04:57:57.289,0.94625,0.94652,1.00,1.50
2016.11.25 04:57:58.562,0.94625,0.94653,1.00,1.00
2016.11.25 04:57:58.863,0.94625,0.94647,1.00,1.00
2016.11.25 04:58:01.287,0.94627,0.94647,1.00,1.00
2016.11.25 04:58:01.338,0.94624,0.94647,1.00,1.00
2016.11.25 04:58:01.388,0.94624,0.94643,1.00,1.00
2016.11.25 04:58:01.489,0.94624,0.94647,1.00,1.00
2016.11.25 04:58:01.643,0.94621,0.94646,1.50,1.00
2016.11.25 04:58:01.694,0.94618,0.94643,1.00,1.00
2016.11.25 04:58:01.795,0.94616,0.94647,1.00,1.00
2016.11.25 04:58:01.896,0.94621,0.94648,1.00,1.50
2016.11.25 04:58:02.417,0.94621,0.94647,1.00,1.00
2016.11.25 04:58:04.050,0.94622,0.94647,1.00,1.00
2016.11.25 04:58:04.609,0.94622,0.94648,1.00,1.00
2016.11.25 04:58:15.487,0.94622,0.94647,1.00,1.00
2016.11.25 04:58:15.858,0.94624,0.94647,1.00,1.00
2016.11.25 04:58:15.909,0.94625,0.94652,1.00,1.50
2016.11.25 04:58:16.009,0.94626,0.94648,1.00,1.00
2016.11.25 04:58:16.289,0.94626,0.94653,1.00,1.00
2016.11.25 04:58:17.153,0.94626,0.94647,1.00,1.00
2016.11.25 04:58:17.204,0.94624,0.94653,1.00,1.50
2016.11.25 04:58:17.304,0.94624,0.94648,1.00,1.00
2016.11.25 04:58:19.094,0.94624,0.94652,1.00,1.00
2016.11.25 04:58:20.833,0.94627,0.94652,1.00,1.00
2016.11.25 04:58:21.334,0.94627,0.94653,1.00,1.50
2016.11.25 04:58:23.065,0.94625,0.94653,1.00,1.50
2016.11.25 04:58:24.128,0.94625,0.94651,1.00,1.00
2016.11.25 04:58:26.223,0.94627,0.94653,1.00,1.00
2016.11.25 04:58:26.323,0.94629,0.94656,1.00,1.00
2016.11.25 04:58:26.898,0.94627,0.94653,1.00,1.50
2016.11.25 04:58:27.349,0.94629,0.94652,1.00,1.00
2016.11.25 04:58:27.551,0.9463,0.94659,1.00,1.00
2016.11.25 04:58:28.111,0.94631,0.94657,1.00,1.00
2016.11.25 04:58:29.212,0.94631,0.94658,1.00,1.00
2016.11.25 04:58:29.612,0.94631,0.94661,1.00,1.00
2016.11.25 04:58:29.828,0.94631,0.94652,1.00,1.00
2016.11.25 04:58:30.353,0.9463,0.94652,1.00,1.00
2016.11.25 04:58:34.441,0.9463,0.94657,1.00,1.00
2016.11.25 04:58:36.020,0.9463,0.94652,1.00,1.00
2016.11.25 04:58:37.187,0.94629,0.94652,1.00,1.00
2016.11.25 04:58:37.569,0.94629,0.94657,1.00,1.00
2016.11.25 04:58:37.771,0.9463,0.94653,1.00,1.00
2016.11.25 04:58:38.123,0.9463,0.94657,1.00,1.00
2016.11.25 04:58:38.610,0.94635,0.94657,1.00,1.00
2016.11.25 04:58:39.241,0.94633,0.9466,1.00,1.00
2016.11.25 04:58:39.593,0.94631,0.94662,1.00,1.50
2016.11.25 04:58:39.643,0.94634,0.94661,1.00,1.00
2016.11.25 04:58:40.175,0.94635,0.94662,1.00,1.00
2016.11.25 04:58:40.294,0.94633,0.94662,1.00,1.00
2016.11.25 04:58:40.857,0.94634,0.94662,1.00,1.00
2016.11.25 04:58:41.373,0.94633,0.94662,1.00,1.00
2016.11.25 04:58:46.483,0.94633,0.94661,1.00,1.00
2016.11.25 04:58:47.441,0.94634,0.94662,1.00,1.50
2016.11.25 04:58:50.097,0.94633,0.9466,1.00,1.00
2016.11.25 04:58:50.946,0.94633,0.94662,1.00,1.50
2016.11.25 04:58:51.087,0.94634,0.9466,1.00,1.00
2016.11.25 04:58:51.439,0.94633,0.94662,1.00,1.00
2016.11.25 04:58:51.607,0.94635,0.9466,1.00,1.00
2016.11.25 04:58:51.945,0.94633,0.94662,1.00,1.50
2016.11.25 04:58:51.995,0.94635,0.94662,1.00,1.00
2016.11.25 04:58:52.999,0.94635,0.9466,1.00,1.00
2016.11.25 04:58:53.442,0.94634,0.94657,1.00,1.00
2016.11.25 04:58:53.946,0.94634,0.94659,1.00,1.00
2016.11.25 04:58:54.047,0.94632,0.9466,1.00,1.00
2016.11.25 04:58:54.251,0.94632,0.94658,1.00,1.00
2016.11.25 04:58:54.802,0.94632,0.94657,1.00,1.00
2016.11.25 04:58:55.379,0.94631,0.94657,1.50,1.00
2016.11.25 04:58:55.916,0.94632,0.94658,1.00,1.00
2016.11.25 04:58:56.268,0.94633,0.9466,1.00,1.00
2016.11.25 04:58:58.166,0.94633,0.94661,1.00,1.00
2016.11.25 04:58:58.216,0.94634,0.94659,1.00,1.00
2016.11.25 04:58:58.367,0.94634,0.94661,1.00,1.00
2016.11.25 04:58:58.948,0.94633,0.9466,1.00,1.00
2016.11.25 04:58:59.253,0.94633,0.94662,1.00,1.00
2016.11.25 04:58:59.303,0.94634,0.94659,1.00,1.00
2016.11.25 04:59:00.384,0.94634,0.94658,1.00,1.00
2016.11.25 04:59:01.449,0.94633,0.94658,1.00,1.00
2016.11.25 04:59:01.500,0.94633,0.94661,1.00,1.00
2016.11.25 04:59:01.866,0.94633,0.94658,1.00,1.00
2016.11.25 04:59:02.467,0.94633,0.9466,1.00,1.00
2016.11.25 04:59:02.595,0.94631,0.9466,1.00,1.00
2016.11.25 04:59:03.374,0.94631,0.94658,1.00,1.00
2016.11.25 04:59:03.858,0.94631,0.9466,1.00,1.00
2016.11.25 04:59:04.959,0.94631,0.94657,1.00,1.00
2016.11.25 04:59:05.762,0.94631,0.9466,1.00,1.00
2016.11.25 04:59:06.276,0.94632,0.94661,1.00,1.00
2016.11.25 04:59:06.483,0.94633,0.94659,1.00,1.00
2016.11.25 04:59:06.811,0.94632,0.94661,1.00,1.00
2016.11.25 04:59:07.485,0.94632,0.9466,1.00,1.00
2016.11.25 04:59:08.050,0.94633,0.94659,1.00,1.00
2016.11.25 04:59:08.864,0.94633,0.94657,1.00,1.00
2016.11.25 04:59:09.985,0.94633,0.94659,1.00,1.00
2016.11.25 04:59:10.502,0.94633,0.94658,1.00,1.00
2016.11.25 04:59:11.407,0.94633,0.94657,1.00,1.00
2016.11.25 04:59:11.469,0.94633,0.94659,1.00,1.00
2016.11.25 04:59:12.018,0.94633,0.94657,1.00,1.00
2016.11.25 04:59:12.170,0.94633,0.94659,1.00,1.00
2016.11.25 04:59:12.480,0.94633,0.94657,1.00,1.00
2016.11.25 04:59:13.372,0.94633,0.94659,1.00,1.00
2016.11.25 04:59:13.589,0.94634,0.94661,1.00,1.00
2016.11.25 04:59:13.877,0.94636,0.94662,1.00,1.00
2016.11.25 04:59:14.390,0.94637,0.94662,1.00,1.00
2016.11.25 04:59:14.775,0.94637,0.94665,1.00,1.00
2016.11.25 04:59:14.924,0.94638,0.94667,1.00,1.00
2016.11.25 04:59:16.061,0.94638,0.94665,1.00,1.00
2016.11.25 04:59:16.385,0.94637,0.94663,1.00,1.00
2016.11.25 04:59:17.020,0.94636,0.94663,1.00,1.00
2016.11.25 04:59:21.459,0.94637,0.94663,1.00,1.00
2016.11.25 04:59:21.509,0.94637,0.94667,1.00,1.50
2016.11.25 04:59:21.856,0.9464,0.94667,1.00,1.00
2016.11.25 04:59:22.685,0.94641,0.94666,1.00,1.00
2016.11.25 04:59:22.799,0.9464,0.94668,1.00,1.00
2016.11.25 04:59:23.178,0.94641,0.94666,1.00,1.00
2016.11.25 04:59:23.229,0.94638,0.94667,1.00,1.00
2016.11.25 04:59:23.716,0.9464,0.94667,1.00,1.00
2016.11.25 04:59:24.514,0.94639,0.94667,1.00,1.00
2016.11.25 04:59:32.030,0.94638,0.94667,1.00,1.00
2016.11.25 04:59:32.567,0.94641,0.94666,1.00,1.00
2016.11.25 04:59:33.177,0.94641,0.94662,1.00,1.00
2016.11.25 04:59:33.578,0.94639,0.94662,1.00,1.00
2016.11.25 04:59:33.629,0.94639,0.94667,1.00,1.00
2016.11.25 04:59:33.830,0.94638,0.94662,1.00,1.00
2016.11.25 04:59:34.482,0.94637,0.94662,1.00,1.00
2016.11.25 04:59:34.583,0.94635,0.94662,1.00,1.00
2016.11.25 04:59:35.460,0.94636,0.94662,1.00,1.00
2016.11.25 04:59:36.537,0.94637,0.94662,1.00,1.00
2016.11.25 04:59:37.001,0.94636,0.94658,1.00,1.00
2016.11.25 04:59:37.102,0.94636,0.94662,1.00,1.00
2016.11.25 04:59:37.841,0.94637,0.94662,1.00,1.00
2016.11.25 04:59:39.505,0.94637,0.94663,1.00,1.50
2016.11.25 04:59:40.075,0.94637,0.94662,1.00,1.00
2016.11.25 04:59:40.220,0.94637,0.94657,1.00,1.00
2016.11.25 04:59:42.347,0.94637,0.94662,1.00,1.50
2016.11.25 04:59:42.530,0.94637,0.94658,1.00,1.00
2016.11.25 04:59:47.060,0.94636,0.94658,1.00,1.00
2016.11.25 04:59:47.562,0.94635,0.94658,1.00,1.00
2016.11.25 04:59:49.517,0.94635,0.94657,1.00,1.00
2016.11.25 04:59:49.656,0.94636,0.94663,1.00,1.50
2016.11.25 04:59:51.820,0.94636,0.94662,1.00,1.00
2016.11.25 04:59:52.762,0.94637,0.94662,1.00,1.00
