2013.12.27 01:00:03.453,0.86788,0.8684,1.00,1.13
2013.12.27 01:00:03.554,0.86792,0.8684,1.00,1.13
2013.12.27 01:00:04.072,0.86792,0.86838,1.00,1.88
2013.12.27 01:00:04.341,0.86789,0.86832,1.00,1.38
2013.12.27 01:00:05.180,0.86789,0.86832,1.00,1.00
2013.12.27 01:00:05.560,0.86789,0.86823,1.00,1.00
2013.12.27 01:00:05.661,0.86785,0.86823,1.00,1.38
2013.12.27 01:00:06.399,0.86784,0.86823,1.00,1.75
2013.12.27 01:00:06.688,0.86776,0.86819,1.00,1.00
2013.12.27 01:00:10.010,0.86772,0.86816,1.38,1.00
2013.12.27 01:00:11.017,0.86777,0.86822,1.00,1.50
2013.12.27 01:00:11.118,0.86775,0.86818,1.13,1.00
2013.12.27 01:00:13.847,0.86772,0.86819,1.38,1.00
2013.12.27 01:00:14.436,0.86774,0.86817,1.00,1.75
2013.12.27 01:00:15.610,0.86772,0.86816,1.38,1.00
2013.12.27 01:00:19.149,0.86775,0.86819,1.00,1.00
2013.12.27 01:00:24.607,0.86777,0.86822,1.00,1.13
2013.12.27 01:00:25.658,0.86777,0.86808,1.00,1.00
2013.12.27 01:00:25.709,0.86767,0.86808,1.38,1.00
2013.12.27 01:00:25.778,0.8677,0.86808,1.00,1.00
2013.12.27 01:00:28.040,0.8677,0.868,1.00,1.75
2013.12.27 01:00:28.370,0.86764,0.86783,1.00,1.00
2013.12.27 01:00:28.421,0.86756,0.86783,1.00,1.00
2013.12.27 01:00:28.493,0.86753,0.86783,1.00,1.00
2013.12.27 01:00:28.594,0.86767,0.86794,1.00,1.00
2013.12.27 01:00:28.845,0.86767,0.86806,1.00,1.00
2013.12.27 01:00:28.947,0.86762,0.86804,1.00,1.00
2013.12.27 01:00:37.820,0.86762,0.86783,1.00,1.00
2013.12.27 01:00:37.971,0.86752,0.86783,1.00,1.00
2013.12.27 01:00:38.027,0.86762,0.86783,1.00,1.00
2013.12.27 01:00:38.141,0.86752,0.86783,1.13,1.00
2013.12.27 01:00:40.175,0.86757,0.86798,1.00,1.38
2013.12.27 01:00:40.226,0.86757,0.86798,1.00,1.00
2013.12.27 01:00:40.331,0.86757,0.86803,1.50,1.88
2013.12.27 01:00:43.157,0.86757,0.86803,1.50,1.50
2013.12.27 01:00:46.275,0.86757,0.86799,1.00,1.00
2013.12.27 01:00:46.841,0.86754,0.86784,1.00,1.00
2013.12.27 01:00:46.892,0.86751,0.86784,1.50,1.00
2013.12.27 01:00:48.821,0.86747,0.86774,1.00,1.00
2013.12.27 01:00:48.918,0.86743,0.86774,1.00,1.00
2013.12.27 01:00:49.159,0.86746,0.86783,1.00,1.00
2013.12.27 01:00:49.413,0.86751,0.86784,1.00,1.13
2013.12.27 01:00:49.714,0.86747,0.86778,1.00,1.00
2013.12.27 01:00:49.814,0.86751,0.86784,1.00,1.13
2013.12.27 01:00:50.380,0.86746,0.86764,1.00,1.00
2013.12.27 01:00:50.431,0.86743,0.86764,1.00,1.00
2013.12.27 01:00:50.737,0.86743,0.86762,1.00,1.00
2013.12.27 01:00:50.980,0.86743,0.86764,1.00,1.88
2013.12.27 01:00:51.353,0.86734,0.86764,1.00,1.13
2013.12.27 01:00:52.080,0.86731,0.86764,1.00,1.13
2013.12.27 01:00:53.801,0.86736,0.86764,1.00,1.00
2013.12.27 01:00:54.375,0.86742,0.86768,1.00,1.00
2013.12.27 01:00:54.691,0.8674,0.86763,1.00,1.00
2013.12.27 01:00:54.741,0.86737,0.86763,1.50,1.00
2013.12.27 01:00:55.263,0.86738,0.86763,1.00,1.00
2013.12.27 01:00:57.320,0.86741,0.86769,1.00,1.00
2013.12.27 01:00:59.630,0.86747,0.86778,1.00,1.00
2013.12.27 01:01:00.630,0.86747,0.86779,1.00,1.00
2013.12.27 01:01:00.953,0.86747,0.86783,1.00,1.00
2013.12.27 01:01:05.078,0.86747,0.86783,1.00,1.50
2013.12.27 01:01:05.129,0.86742,0.86774,1.00,1.00
2013.12.27 01:01:05.833,0.86741,0.86774,1.00,1.00
2013.12.27 01:01:08.539,0.86752,0.86778,1.00,1.00
2013.12.27 01:01:09.639,0.86751,0.86784,1.00,1.00
2013.12.27 01:01:21.320,0.86752,0.86778,1.00,1.00
2013.12.27 01:01:21.572,0.86751,0.86784,1.00,1.00
2013.12.27 01:01:23.301,0.86751,0.86779,1.00,1.00
2013.12.27 01:01:24.639,0.86747,0.86773,1.00,1.00
2013.12.27 01:01:24.839,0.86751,0.86779,1.00,1.00
2013.12.27 01:01:29.789,0.86751,0.86784,1.00,1.00
2013.12.27 01:01:31.752,0.86752,0.86784,1.00,1.00
2013.12.27 01:01:35.108,0.86761,0.86789,1.00,1.00
2013.12.27 01:01:37.648,0.86756,0.86796,1.00,1.13
2013.12.27 01:01:37.699,0.86756,0.86799,1.00,1.38
2013.12.27 01:01:37.854,0.86772,0.86799,1.00,1.00
2013.12.27 01:01:37.905,0.86772,0.86803,1.00,1.38
2013.12.27 01:01:38.185,0.86772,0.86803,1.00,1.00
2013.12.27 01:01:40.171,0.86772,0.86801,1.00,1.13
2013.12.27 01:01:40.373,0.86761,0.86789,1.38,1.00
2013.12.27 01:01:40.475,0.86761,0.86789,1.00,1.00
2013.12.27 01:01:40.608,0.86755,0.86784,1.00,1.00
2013.12.27 01:01:41.109,0.86754,0.86784,1.00,1.00
2013.12.27 01:01:41.362,0.86762,0.86788,1.00,1.00
2013.12.27 01:01:45.112,0.86766,0.868,1.00,1.38
2013.12.27 01:01:45.213,0.86766,0.86803,1.00,1.13
2013.12.27 01:01:45.845,0.86766,0.86804,1.00,1.00
2013.12.27 01:01:46.555,0.86763,0.86789,1.00,1.00
2013.12.27 01:01:46.706,0.86761,0.86789,1.00,1.00
2013.12.27 01:01:46.886,0.86767,0.86799,1.00,1.00
2013.12.27 01:01:46.965,0.86767,0.86802,1.00,1.38
2013.12.27 01:01:47.118,0.86764,0.86789,1.00,1.00
2013.12.27 01:01:47.170,0.86761,0.86789,1.00,1.00
2013.12.27 01:01:51.837,0.86771,0.86796,1.00,1.00
2013.12.27 01:01:51.887,0.86771,0.86801,1.00,1.50
2013.12.27 01:01:52.089,0.86771,0.86804,1.00,1.38
2013.12.27 01:01:52.775,0.86771,0.86804,1.00,1.00
2013.12.27 01:01:53.128,0.86776,0.86807,1.00,1.50
2013.12.27 01:01:53.568,0.86771,0.86804,1.00,1.00
2013.12.27 01:01:57.129,0.86776,0.86809,1.00,1.00
2013.12.27 01:01:58.087,0.86772,0.86808,1.00,1.00
2013.12.27 01:01:58.308,0.86767,0.86803,1.00,1.00
2013.12.27 01:01:59.184,0.86766,0.86804,1.00,1.00
2013.12.27 01:01:59.532,0.86782,0.86808,1.00,1.38
2013.12.27 01:01:59.583,0.86766,0.86803,1.00,1.00
2013.12.27 01:01:59.650,0.86772,0.86803,1.00,1.00
2013.12.27 01:01:59.802,0.86766,0.86804,1.50,1.00
2013.12.27 01:02:00.919,0.86782,0.86808,1.00,1.00
2013.12.27 01:02:02.547,0.86786,0.86814,1.00,1.00
2013.12.27 01:02:02.899,0.86773,0.86803,1.00,1.00
2013.12.27 01:02:02.950,0.8676,0.86803,1.13,1.00
2013.12.27 01:02:03.178,0.86769,0.86803,1.00,1.00
2013.12.27 01:02:03.234,0.86766,0.86803,1.00,1.00
2013.12.27 01:02:03.878,0.86781,0.86808,1.00,1.38
2013.12.27 01:02:03.979,0.86781,0.86809,1.00,1.00
2013.12.27 01:02:08.818,0.86787,0.86813,1.00,1.00
2013.12.27 01:02:09.080,0.86781,0.86809,1.00,1.00
2013.12.27 01:02:11.578,0.86773,0.86804,1.00,1.00
2013.12.27 01:02:11.629,0.86775,0.86804,1.00,1.00
2013.12.27 01:02:12.222,0.86773,0.86804,1.00,1.00
2013.12.27 01:02:12.731,0.86769,0.86804,1.00,1.00
2013.12.27 01:02:13.237,0.8677,0.86804,1.00,1.00
2013.12.27 01:02:13.946,0.86773,0.86804,1.00,1.00
2013.12.27 01:02:15.098,0.86773,0.86783,1.00,1.00
2013.12.27 01:02:15.250,0.86763,0.86778,1.50,1.00
2013.12.27 01:02:15.351,0.86763,0.86794,1.50,1.13
2013.12.27 01:02:15.451,0.86763,0.86795,1.50,1.13
2013.12.27 01:02:15.703,0.86763,0.86803,2.25,1.38
2013.12.27 01:02:15.755,0.86765,0.86803,1.00,1.38
2013.12.27 01:02:15.958,0.86763,0.86803,2.25,1.38
2013.12.27 01:02:16.461,0.86766,0.86803,1.00,1.38
2013.12.27 01:02:16.858,0.86766,0.86779,1.00,1.00
2013.12.27 01:02:16.910,0.86753,0.86779,1.13,1.00
2013.12.27 01:02:17.065,0.86751,0.86779,1.00,1.00
2013.12.27 01:02:17.116,0.86757,0.86792,1.00,2.25
2013.12.27 01:02:17.367,0.86757,0.86803,1.50,1.38
2013.12.27 01:02:18.677,0.86761,0.86803,1.00,1.38
2013.12.27 01:02:19.000,0.86751,0.86779,1.38,1.00
2013.12.27 01:02:19.182,0.86751,0.86779,1.00,1.00
2013.12.27 01:02:19.624,0.86756,0.86792,1.00,1.88
2013.12.27 01:02:19.724,0.86756,0.86795,1.00,1.00
2013.12.27 01:02:19.834,0.86759,0.86797,1.00,1.50
2013.12.27 01:02:20.147,0.86762,0.86797,1.00,1.50
2013.12.27 01:02:20.994,0.86763,0.86797,1.00,1.50
2013.12.27 01:02:21.248,0.86763,0.86804,1.00,1.38
2013.12.27 01:02:26.595,0.86762,0.86803,1.00,1.00
2013.12.27 01:02:27.558,0.86762,0.86793,1.00,1.00
2013.12.27 01:02:27.709,0.86759,0.86793,1.00,1.00
2013.12.27 01:02:39.797,0.86759,0.86798,1.00,1.38
2013.12.27 01:02:39.938,0.86761,0.86798,1.00,1.00
2013.12.27 01:02:40.147,0.8676,0.86803,1.00,1.13
2013.12.27 01:02:40.197,0.86764,0.86803,1.00,1.13
2013.12.27 01:02:45.093,0.86764,0.86789,1.00,1.00
2013.12.27 01:02:45.144,0.86756,0.86789,1.00,1.00
2013.12.27 01:02:45.346,0.86756,0.86793,1.00,1.38
2013.12.27 01:02:45.468,0.86759,0.86793,1.00,1.00
2013.12.27 01:02:45.874,0.8676,0.86804,1.00,1.75
2013.12.27 01:02:45.975,0.86762,0.86804,1.00,1.50
2013.12.27 01:02:46.751,0.86766,0.86804,1.00,1.75
2013.12.27 01:02:46.917,0.86766,0.86804,1.00,1.38
2013.12.27 01:02:47.387,0.86766,0.86799,1.00,1.00
2013.12.27 01:02:48.359,0.86765,0.86799,1.00,1.00
2013.12.27 01:02:51.495,0.86759,0.86799,1.00,1.38
2013.12.27 01:02:51.720,0.86762,0.86799,1.00,1.38
2013.12.27 01:02:51.775,0.86759,0.86799,1.00,1.38
2013.12.27 01:02:51.826,0.86759,0.86799,1.00,1.00
2013.12.27 01:02:52.078,0.86762,0.86799,1.00,1.00
2013.12.27 01:02:54.104,0.86762,0.86769,1.00,1.00
2013.12.27 01:02:54.205,0.8675,0.86769,1.00,1.00
2013.12.27 01:02:54.901,0.86749,0.86769,1.00,1.00
2013.12.27 01:02:58.093,0.86748,0.86769,1.00,1.00
2013.12.27 01:03:03.338,0.86748,0.86778,1.00,1.13
2013.12.27 01:03:03.589,0.86748,0.86787,1.00,1.13
2013.12.27 01:03:03.691,0.86748,0.86792,1.13,1.00
2013.12.27 01:03:03.742,0.86751,0.86796,1.00,1.38
2013.12.27 01:03:03.843,0.86757,0.86801,1.00,1.00
2013.12.27 01:03:04.044,0.86759,0.86804,1.00,1.50
2013.12.27 01:03:08.549,0.86763,0.86807,1.00,1.50
2013.12.27 01:03:10.618,0.86763,0.86793,1.00,1.38
2013.12.27 01:03:10.691,0.86758,0.86793,1.00,1.38
2013.12.27 01:03:10.842,0.86754,0.86793,1.00,1.38
2013.12.27 01:03:11.444,0.86755,0.86793,1.00,1.38
2013.12.27 01:03:12.204,0.86755,0.86793,1.00,1.00
2013.12.27 01:03:12.762,0.86754,0.86793,1.00,1.00
2013.12.27 01:03:16.113,0.86756,0.86801,1.00,1.38
2013.12.27 01:03:16.164,0.86756,0.86801,1.00,1.38
2013.12.27 01:03:16.233,0.86762,0.86804,1.00,1.38
2013.12.27 01:03:16.283,0.86762,0.86804,1.00,1.00
2013.12.27 01:03:16.831,0.86762,0.86805,1.00,1.00
2013.12.27 01:03:17.236,0.86763,0.86808,1.00,1.50
2013.12.27 01:03:19.086,0.86763,0.86803,1.00,1.00
2013.12.27 01:03:20.456,0.8676,0.86803,1.00,1.00
2013.12.27 01:03:22.385,0.8676,0.86799,1.00,1.00
2013.12.27 01:03:22.648,0.8676,0.86804,1.00,1.00
2013.12.27 01:03:41.033,0.86761,0.86804,1.00,1.00
2013.12.27 01:03:46.341,0.86761,0.86805,1.50,1.00
2013.12.27 01:03:50.589,0.86763,0.86807,1.00,1.00
2013.12.27 01:03:50.910,0.86763,0.86804,1.00,1.00
2013.12.27 01:03:51.941,0.86759,0.86804,1.00,1.00
2013.12.27 01:03:59.632,0.8676,0.86804,1.00,1.00
2013.12.27 01:04:02.762,0.86763,0.86804,1.00,1.00
2013.12.27 01:04:02.915,0.86763,0.86807,1.00,1.00
2013.12.27 01:04:03.178,0.86771,0.86811,1.00,1.00
2013.12.27 01:04:03.329,0.86771,0.86814,1.50,1.00
2013.12.27 01:04:03.466,0.86771,0.86808,1.00,1.00
2013.12.27 01:04:03.952,0.86768,0.86808,1.00,1.00
2013.12.27 01:04:04.500,0.86766,0.86808,1.00,1.00
2013.12.27 01:04:07.046,0.8677,0.86808,1.75,1.00
2013.12.27 01:04:07.348,0.86779,0.86804,1.00,1.00
2013.12.27 01:04:07.459,0.86776,0.86804,1.38,1.00
2013.12.27 01:04:07.953,0.86771,0.86804,1.00,1.00
2013.12.27 01:04:08.333,0.86772,0.86808,1.00,1.50
2013.12.27 01:04:08.896,0.86768,0.86809,1.00,1.00
2013.12.27 01:04:09.140,0.86761,0.86807,1.38,1.00
2013.12.27 01:04:10.049,0.86764,0.86808,1.00,1.00
2013.12.27 01:04:10.656,0.86767,0.86809,1.00,1.00
2013.12.27 01:04:11.055,0.86782,0.86811,1.00,1.00
2013.12.27 01:04:11.207,0.86782,0.86813,1.00,1.00
2013.12.27 01:04:11.408,0.86769,0.86794,1.50,1.00
2013.12.27 01:04:11.610,0.86764,0.86805,1.75,1.38
2013.12.27 01:04:11.710,0.86764,0.86808,1.75,1.00
2013.12.27 01:04:11.896,0.86763,0.86808,1.00,1.00
2013.12.27 01:04:11.966,0.86766,0.86809,1.00,1.00
2013.12.27 01:04:12.480,0.86762,0.86804,1.00,1.00
2013.12.27 01:04:12.811,0.86761,0.86797,1.00,1.00
2013.12.27 01:04:13.156,0.86762,0.86793,1.38,1.00
2013.12.27 01:04:13.436,0.86748,0.86789,1.50,1.00
2013.12.27 01:04:13.537,0.86748,0.86789,1.13,1.00
2013.12.27 01:04:13.638,0.86744,0.86769,1.50,1.00
2013.12.27 01:04:13.839,0.86744,0.86777,1.50,1.00
2013.12.27 01:04:13.939,0.86744,0.8678,1.50,1.00
2013.12.27 01:04:13.990,0.86744,0.8678,1.00,1.00
2013.12.27 01:04:14.740,0.86744,0.86781,1.00,1.00
2013.12.27 01:04:15.045,0.86744,0.86784,1.00,1.50
2013.12.27 01:04:15.390,0.86744,0.86779,1.00,1.00
2013.12.27 01:04:15.692,0.86751,0.86784,1.00,1.00
2013.12.27 01:04:15.795,0.86744,0.86783,1.50,1.00
2013.12.27 01:04:16.687,0.86754,0.86783,1.00,1.00
2013.12.27 01:04:16.835,0.86744,0.86778,1.00,1.00
2013.12.27 01:04:18.221,0.86738,0.86778,1.00,1.00
2013.12.27 01:04:20.335,0.86741,0.86778,1.00,1.00
2013.12.27 01:04:20.400,0.86737,0.86778,1.00,1.00
2013.12.27 01:04:21.440,0.86751,0.86784,1.00,1.38
2013.12.27 01:04:21.491,0.86751,0.86784,1.00,1.00
2013.12.27 01:04:21.647,0.86751,0.86779,1.00,1.00
2013.12.27 01:04:22.416,0.86756,0.86788,1.00,1.00
2013.12.27 01:04:22.467,0.86756,0.86786,1.00,1.00
2013.12.27 01:04:22.573,0.86756,0.86796,1.00,1.00
2013.12.27 01:04:23.086,0.86756,0.86797,1.50,1.50
2013.12.27 01:04:23.261,0.86758,0.86797,1.00,1.50
2013.12.27 01:04:25.021,0.86758,0.86796,1.00,1.50
2013.12.27 01:04:25.676,0.86756,0.86796,1.00,1.50
2013.12.27 01:04:26.230,0.86756,0.86793,1.00,1.00
2013.12.27 01:04:28.141,0.86752,0.86778,1.00,1.00
2013.12.27 01:04:30.095,0.86756,0.86786,1.00,1.00
2013.12.27 01:04:30.416,0.86756,0.86792,1.00,1.00
2013.12.27 01:04:30.618,0.86756,0.86795,1.00,1.00
2013.12.27 01:04:31.006,0.86756,0.86793,1.00,1.00
2013.12.27 01:04:31.206,0.86756,0.86796,1.00,1.00
2013.12.27 01:04:31.458,0.86756,0.86798,1.50,1.00
2013.12.27 01:04:34.636,0.86767,0.86798,1.00,1.00
2013.12.27 01:04:35.129,0.86767,0.86803,1.00,1.00
2013.12.27 01:04:36.393,0.86762,0.86804,1.00,1.00
2013.12.27 01:04:37.739,0.86758,0.86803,1.00,1.00
2013.12.27 01:04:39.165,0.86753,0.86784,1.00,1.00
2013.12.27 01:04:39.266,0.86751,0.86784,1.00,1.00
2013.12.27 01:04:47.357,0.86757,0.86792,1.00,1.00
2013.12.27 01:04:47.408,0.86757,0.86796,1.00,1.38
2013.12.27 01:04:47.459,0.86757,0.86796,1.00,1.00
2013.12.27 01:04:47.559,0.86758,0.86802,1.00,1.00
2013.12.27 01:04:47.797,0.86761,0.86803,1.00,1.00
2013.12.27 01:04:49.033,0.86763,0.86803,1.00,1.00
2013.12.27 01:04:56.533,0.86768,0.86803,1.00,1.00
2013.12.27 01:04:56.584,0.86762,0.86803,1.00,1.00
2013.12.27 01:04:57.290,0.86766,0.86803,1.00,1.00
2013.12.27 01:04:58.080,0.86767,0.86804,1.00,1.00
2013.12.27 01:05:03.585,0.86766,0.86804,1.00,1.00
2013.12.27 01:05:07.701,0.86763,0.86804,1.00,1.00
2013.12.27 01:05:21.485,0.86762,0.86804,1.00,1.50
2013.12.27 01:05:21.586,0.86764,0.86804,1.00,1.00
2013.12.27 01:05:29.440,0.86763,0.86804,1.00,1.00
2013.12.27 01:05:29.776,0.86761,0.86798,1.00,1.38
2013.12.27 01:05:29.898,0.86761,0.86803,1.00,1.00
2013.12.27 01:05:29.948,0.86765,0.86803,1.00,1.00
2013.12.27 01:05:33.257,0.86764,0.86803,1.00,1.00
2013.12.27 01:05:42.701,0.86761,0.86803,1.00,1.00
2013.12.27 01:05:42.790,0.86763,0.86803,1.00,1.00
2013.12.27 01:05:44.405,0.86763,0.86799,1.00,1.13
2013.12.27 01:06:02.905,0.86762,0.86799,1.00,1.13
2013.12.27 01:06:23.977,0.86765,0.86799,1.00,1.13
2013.12.27 01:06:44.948,0.86762,0.86807,1.00,1.38
2013.12.27 01:07:06.343,0.86771,0.86804,1.00,1.38
2013.12.27 01:07:06.394,0.86771,0.86804,1.00,1.00
2013.12.27 01:07:07.557,0.86767,0.86803,1.00,1.00
2013.12.27 01:07:07.887,0.86767,0.86799,1.00,1.00
2013.12.27 01:07:08.058,0.86765,0.86799,1.00,1.13
2013.12.27 01:07:09.868,0.86762,0.86799,1.00,1.13
2013.12.27 01:07:11.780,0.86765,0.86799,1.00,1.13
2013.12.27 01:07:12.114,0.86781,0.86808,1.00,1.00
2013.12.27 01:07:12.320,0.86769,0.86803,1.38,1.00
2013.12.27 01:07:12.613,0.86766,0.86798,1.75,1.00
2013.12.27 01:07:12.964,0.86764,0.86798,1.00,1.00
2013.12.27 01:07:21.634,0.86764,0.86793,1.00,1.00
2013.12.27 01:07:21.684,0.86761,0.86793,1.00,1.00
2013.12.27 01:07:21.839,0.86756,0.86793,1.00,1.00
2013.12.27 01:07:41.906,0.86758,0.86793,1.00,1.00
2013.12.27 01:08:02.064,0.86756,0.86793,1.00,1.00
2013.12.27 01:08:21.797,0.86756,0.86801,1.00,1.38
2013.12.27 01:08:34.572,0.86783,0.86801,1.00,1.38
2013.12.27 01:08:34.673,0.86787,0.86801,1.00,1.00
2013.12.27 01:08:34.724,0.86787,0.86812,1.00,1.00
2013.12.27 01:08:34.926,0.86771,0.86799,2.25,1.00
2013.12.27 01:08:35.152,0.86781,0.86808,1.00,1.00
2013.12.27 01:08:35.253,0.86781,0.86826,1.00,1.38
2013.12.27 01:08:35.413,0.86781,0.86823,1.00,1.00
2013.12.27 01:08:35.514,0.86783,0.86826,1.00,1.88
2013.12.27 01:08:36.127,0.86786,0.86829,1.00,1.75
2013.12.27 01:08:36.532,0.86789,0.86826,1.00,1.00
2013.12.27 01:08:37.523,0.86784,0.86829,1.00,1.75
2013.12.27 01:08:38.537,0.86789,0.86826,1.00,1.00
2013.12.27 01:08:58.883,0.86787,0.86826,1.00,1.00
2013.12.27 01:09:35.185,0.86791,0.86844,1.00,1.75
2013.12.27 01:09:35.547,0.86798,0.86844,1.00,1.75
2013.12.27 01:09:36.128,0.86799,0.86844,1.00,1.75
2013.12.27 01:09:39.808,0.86799,0.86844,1.00,1.75
2013.12.27 01:09:45.611,0.86799,0.86833,1.00,1.00
2013.12.27 01:09:45.711,0.86796,0.86833,1.00,1.38
2013.12.27 01:09:46.890,0.86796,0.86837,1.00,1.00
2013.12.27 01:09:47.144,0.86798,0.86841,1.00,1.50
2013.12.27 01:09:48.516,0.86797,0.86842,1.00,1.38
2013.12.27 01:09:48.720,0.86784,0.86827,1.00,1.00
2013.12.27 01:09:52.436,0.86788,0.86843,1.00,2.25
2013.12.27 01:09:52.758,0.868,0.86843,1.00,1.75
2013.12.27 01:09:52.867,0.86798,0.8684,1.00,1.50
2013.12.27 01:09:53.144,0.8679,0.86835,1.00,1.00
2013.12.27 01:09:53.801,0.86789,0.86834,1.00,1.00
2013.12.27 01:09:58.691,0.86783,0.86828,1.00,1.38
2013.12.27 01:09:59.900,0.86783,0.86828,1.00,1.88
2013.12.27 01:10:01.224,0.86783,0.86828,1.00,1.88
2013.12.27 01:10:01.656,0.86782,0.86824,1.00,1.38
2013.12.27 01:10:01.878,0.86782,0.86824,1.00,1.38
2013.12.27 01:10:02.206,0.86783,0.86828,1.00,1.38
2013.12.27 01:10:03.955,0.8679,0.8683,1.00,1.00
2013.12.27 01:10:06.121,0.86797,0.86834,1.00,1.50
2013.12.27 01:10:06.171,0.86797,0.86834,1.00,1.13
2013.12.27 01:10:06.272,0.86797,0.86838,1.00,1.00
2013.12.27 01:10:07.338,0.86802,0.86846,1.00,1.38
2013.12.27 01:10:07.490,0.86799,0.86842,1.00,1.00
2013.12.27 01:10:08.861,0.86801,0.86842,1.00,1.00
2013.12.27 01:10:09.191,0.86802,0.86846,1.00,1.00
2013.12.27 01:10:22.395,0.86802,0.86846,1.00,1.38
2013.12.27 01:10:22.860,0.86798,0.86841,1.00,1.38
2013.12.27 01:10:23.161,0.86794,0.86836,1.00,1.38
2013.12.27 01:10:23.540,0.86789,0.86834,1.00,1.38
2013.12.27 01:10:24.124,0.86787,0.8683,1.00,1.00
2013.12.27 01:10:32.149,0.86793,0.86838,1.00,1.75
2013.12.27 01:10:33.862,0.86791,0.86834,1.00,1.88
2013.12.27 01:10:33.962,0.86784,0.86827,1.00,1.38
2013.12.27 01:10:42.912,0.86784,0.86824,1.00,1.38
2013.12.27 01:10:43.020,0.86781,0.86823,1.00,1.38
2013.12.27 01:10:56.641,0.86776,0.86813,1.00,1.00
2013.12.27 01:10:57.286,0.86776,0.86813,1.00,1.38
2013.12.27 01:10:59.315,0.86776,0.86813,1.38,1.38
2013.12.27 01:10:59.416,0.86776,0.86821,1.38,1.00
2013.12.27 01:10:59.466,0.86782,0.86827,1.00,1.38
2013.12.27 01:11:00.180,0.86782,0.86827,1.00,1.00
2013.12.27 01:11:00.247,0.86785,0.8683,1.00,1.38
2013.12.27 01:11:00.584,0.86789,0.86832,1.00,1.38
2013.12.27 01:11:00.893,0.86786,0.86829,1.00,1.38
2013.12.27 01:11:00.944,0.86786,0.86829,1.00,1.38
2013.12.27 01:11:00.994,0.86782,0.86827,1.00,1.38
2013.12.27 01:11:44.123,0.86769,0.86833,1.75,1.38
2013.12.27 01:11:44.657,0.86767,0.86833,1.88,1.38
2013.12.27 01:12:14.649,0.86767,0.86841,1.88,1.13
2013.12.27 01:12:21.356,0.86767,0.86837,1.50,1.13
2013.12.27 01:12:21.407,0.86767,0.86837,1.38,1.13
2013.12.27 01:12:21.718,0.86779,0.86819,1.00,1.38
2013.12.27 01:12:21.846,0.86775,0.86819,1.00,1.88
2013.12.27 01:12:29.848,0.86775,0.86819,1.00,1.88
2013.12.27 01:12:29.949,0.86777,0.86822,1.00,1.38
2013.12.27 01:12:30.319,0.86781,0.86825,1.00,1.38
2013.12.27 01:12:30.704,0.86779,0.86822,1.00,1.38
2013.12.27 01:12:45.420,0.86775,0.86817,1.00,1.00
2013.12.27 01:12:54.660,0.86775,0.86817,1.00,1.38
2013.12.27 01:13:03.379,0.86775,0.86817,1.00,1.00
2013.12.27 01:13:03.429,0.86777,0.86821,1.00,1.38
2013.12.27 01:13:24.070,0.86775,0.8682,1.00,1.38
2013.12.27 01:13:29.557,0.86775,0.86813,1.00,1.00
2013.12.27 01:13:29.709,0.86772,0.86813,1.00,1.38
2013.12.27 01:13:30.016,0.86769,0.86813,1.00,1.38
2013.12.27 01:13:32.588,0.86769,0.86813,1.50,1.38
2013.12.27 01:13:35.057,0.86791,0.86814,1.00,1.38
2013.12.27 01:13:35.177,0.86791,0.86814,1.00,1.00
2013.12.27 01:13:35.228,0.86791,0.86819,1.00,1.13
2013.12.27 01:13:36.128,0.86791,0.86823,1.00,1.13
2013.12.27 01:13:36.228,0.86792,0.86827,1.00,1.00
2013.12.27 01:13:36.436,0.86792,0.8683,1.00,1.00
2013.12.27 01:13:36.855,0.86792,0.86834,1.00,1.00
2013.12.27 01:13:37.040,0.86792,0.86832,1.00,1.00
2013.12.27 01:13:37.746,0.86792,0.86833,1.00,1.00
2013.12.27 01:13:41.277,0.86792,0.86828,1.00,1.75
2013.12.27 01:13:41.588,0.86792,0.8682,1.00,1.00
2013.12.27 01:13:41.639,0.86792,0.86823,1.00,1.38
2013.12.27 01:13:41.842,0.86792,0.86827,1.00,1.00
2013.12.27 01:13:41.931,0.86792,0.86831,1.00,1.00
2013.12.27 01:13:42.134,0.86792,0.86834,1.00,1.00
2013.12.27 01:13:44.791,0.86792,0.86831,1.00,1.00
2013.12.27 01:13:45.072,0.86792,0.86833,1.00,1.00
2013.12.27 01:13:52.547,0.86796,0.86833,1.00,1.00
2013.12.27 01:13:53.299,0.86796,0.86839,1.50,1.00
2013.12.27 01:13:55.479,0.86798,0.86843,1.00,1.00
2013.12.27 01:14:15.926,0.86797,0.86844,1.00,1.00
2013.12.27 01:14:35.906,0.868,0.86844,1.00,1.00
2013.12.27 01:14:46.727,0.86806,0.86849,1.00,1.00
2013.12.27 01:14:48.609,0.86803,0.86847,1.00,1.00
2013.12.27 01:15:09.405,0.86799,0.86844,1.00,1.00
2013.12.27 01:15:17.364,0.86802,0.86847,1.00,1.00
2013.12.27 01:15:17.855,0.86804,0.86849,1.00,1.00
2013.12.27 01:15:22.629,0.86804,0.86838,1.00,1.00
2013.12.27 01:15:22.780,0.86794,0.86838,1.00,1.00
2013.12.27 01:15:23.187,0.86797,0.86839,1.00,1.00
2013.12.27 01:15:23.254,0.86797,0.86842,1.00,1.00
2013.12.27 01:15:23.355,0.86802,0.86847,1.00,1.00
2013.12.27 01:15:25.163,0.86806,0.86849,1.00,1.00
2013.12.27 01:15:25.806,0.86806,0.86839,1.00,1.00
2013.12.27 01:15:26.007,0.86796,0.86839,1.00,1.00
2013.12.27 01:15:26.170,0.86792,0.86837,1.00,1.00
2013.12.27 01:15:26.375,0.86791,0.86833,1.00,1.00
2013.12.27 01:15:26.675,0.86792,0.86837,1.00,1.00
2013.12.27 01:15:29.546,0.86797,0.86837,1.00,1.00
2013.12.27 01:15:29.727,0.86797,0.8684,1.00,1.00
2013.12.27 01:15:29.840,0.86801,0.86846,1.00,1.00
2013.12.27 01:15:30.100,0.86805,0.86848,1.00,1.00
2013.12.27 01:15:40.406,0.86805,0.86848,1.00,1.38
2013.12.27 01:15:48.889,0.86805,0.86848,1.00,1.38
2013.12.27 01:15:49.075,0.86801,0.86844,1.00,1.38
2013.12.27 01:16:05.808,0.86798,0.86842,1.00,1.13
2013.12.27 01:16:05.910,0.86795,0.8684,1.00,1.00
2013.12.27 01:16:06.040,0.86798,0.86842,1.00,1.13
2013.12.27 01:16:06.347,0.86801,0.86844,1.00,1.38
2013.12.27 01:16:06.674,0.86804,0.86847,1.00,1.38
2013.12.27 01:16:06.725,0.86799,0.86841,1.00,1.00
2013.12.27 01:16:06.971,0.86795,0.86837,1.00,1.00
2013.12.27 01:16:07.072,0.86789,0.86834,1.00,1.00
2013.12.27 01:16:07.747,0.86798,0.8684,1.00,1.00
2013.12.27 01:16:08.271,0.86801,0.86843,1.00,1.38
2013.12.27 01:16:08.555,0.86798,0.8684,1.00,1.00
2013.12.27 01:16:12.267,0.86799,0.86844,1.00,1.38
2013.12.27 01:16:19.128,0.86799,0.86838,1.00,1.00
2013.12.27 01:16:19.301,0.86796,0.86838,1.00,1.38
2013.12.27 01:16:19.452,0.86793,0.86837,1.00,1.38
2013.12.27 01:16:20.386,0.86793,0.86837,1.00,1.00
2013.12.27 01:16:20.436,0.86798,0.86842,1.00,1.13
2013.12.27 01:16:20.866,0.86801,0.86844,1.00,1.38
2013.12.27 01:16:24.786,0.86804,0.86846,1.00,1.38
2013.12.27 01:16:24.887,0.86804,0.86846,1.00,1.00
2013.12.27 01:16:25.209,0.86801,0.86844,1.00,1.00
2013.12.27 01:16:25.336,0.86803,0.86847,1.00,1.13
2013.12.27 01:16:46.078,0.86802,0.86845,1.00,1.00
2013.12.27 01:16:48.566,0.86802,0.86845,1.00,1.38
2013.12.27 01:17:19.742,0.86802,0.86844,1.00,1.13
2013.12.27 01:17:30.585,0.86802,0.86838,1.00,1.00
2013.12.27 01:17:30.923,0.86799,0.86838,1.00,1.38
2013.12.27 01:17:31.135,0.86795,0.86838,1.00,1.88
2013.12.27 01:17:52.046,0.86793,0.86838,1.00,1.88
2013.12.27 01:18:11.970,0.86795,0.86838,1.00,1.88
2013.12.27 01:18:13.584,0.86791,0.86833,1.00,1.38
2013.12.27 01:18:13.882,0.86784,0.86829,1.00,1.00
2013.12.27 01:18:14.475,0.86784,0.86829,1.38,1.13
2013.12.27 01:18:14.526,0.86783,0.86827,1.38,1.00
2013.12.27 01:18:15.286,0.86786,0.86829,1.00,1.13
2013.12.27 01:18:22.102,0.86786,0.86823,1.00,1.00
2013.12.27 01:18:22.436,0.86783,0.86823,1.00,1.00
2013.12.27 01:18:24.505,0.86781,0.86823,1.00,1.00
2013.12.27 01:18:24.933,0.86797,0.86828,1.00,1.38
2013.12.27 01:18:25.686,0.86797,0.86828,1.00,1.00
2013.12.27 01:18:29.043,0.86797,0.86828,1.00,1.38
2013.12.27 01:18:29.143,0.86785,0.86823,1.00,1.00
2013.12.27 01:18:30.303,0.86787,0.86823,1.00,1.00
2013.12.27 01:18:48.863,0.86797,0.86826,1.00,1.00
2013.12.27 01:18:48.914,0.86797,0.86828,1.00,1.00
2013.12.27 01:18:52.843,0.86802,0.86828,1.00,1.00
2013.12.27 01:18:53.045,0.86797,0.86828,1.00,1.00
2013.12.27 01:18:58.922,0.86802,0.86828,1.00,1.00
2013.12.27 01:18:59.093,0.86796,0.86829,1.00,1.00
2013.12.27 01:19:17.152,0.86797,0.86833,1.00,1.75
2013.12.27 01:19:18.884,0.86797,0.86835,1.00,1.00
2013.12.27 01:19:18.985,0.86797,0.86838,1.00,1.38
2013.12.27 01:19:21.082,0.86797,0.86838,1.00,1.00
2013.12.27 01:19:21.132,0.86811,0.86838,1.00,1.00
2013.12.27 01:19:21.284,0.86811,0.86842,1.00,1.38
2013.12.27 01:19:24.051,0.86811,0.86845,1.00,1.13
2013.12.27 01:19:26.852,0.86817,0.86845,1.00,1.00
2013.12.27 01:19:26.903,0.86817,0.86848,1.00,1.88
2013.12.27 01:19:30.102,0.86817,0.86848,1.00,1.88
2013.12.27 01:19:30.153,0.86806,0.86844,1.00,1.00
2013.12.27 01:19:30.254,0.86801,0.86844,1.00,1.00
2013.12.27 01:19:30.317,0.86798,0.86843,1.00,1.00
2013.12.27 01:19:31.122,0.86796,0.86838,1.50,1.00
2013.12.27 01:19:31.761,0.86795,0.86838,1.00,1.00
2013.12.27 01:19:31.929,0.86797,0.86841,1.00,1.00
2013.12.27 01:19:36.371,0.86797,0.86841,1.00,1.38
2013.12.27 01:19:41.322,0.86797,0.86841,1.38,1.38
2013.12.27 01:19:41.423,0.86797,0.86841,1.38,1.13
2013.12.27 01:19:54.591,0.86796,0.86823,1.38,1.00
2013.12.27 01:19:54.642,0.86796,0.86823,1.00,1.00
2013.12.27 01:19:54.743,0.86787,0.86823,1.38,1.00
2013.12.27 01:19:55.342,0.86781,0.86824,2.25,1.50
2013.12.27 01:19:56.280,0.86781,0.86824,1.13,1.50
2013.12.27 01:19:59.184,0.86776,0.86821,1.50,1.00
2013.12.27 01:20:06.403,0.86776,0.86821,2.25,1.00
2013.12.27 01:20:06.705,0.8678,0.86823,1.13,1.00
2013.12.27 01:20:17.732,0.8678,0.86823,1.38,1.00
2013.12.27 01:20:18.308,0.86776,0.8682,3.00,1.00
2013.12.27 01:20:19.601,0.86776,0.8682,1.88,1.00
2013.12.27 01:20:23.812,0.8678,0.86823,1.38,1.00
2013.12.27 01:20:26.311,0.8678,0.86823,1.00,1.00
2013.12.27 01:20:27.929,0.86776,0.86821,1.50,1.00
2013.12.27 01:20:28.842,0.86776,0.86821,2.25,1.00
2013.12.27 01:20:29.481,0.86777,0.8682,1.38,1.00
2013.12.27 01:20:30.712,0.86777,0.8682,1.00,1.00
2013.12.27 01:20:31.124,0.86785,0.86816,1.00,1.00
2013.12.27 01:20:31.726,0.86788,0.86819,1.00,1.00
2013.12.27 01:20:34.436,0.86783,0.86816,1.00,1.00
2013.12.27 01:20:44.267,0.86785,0.86816,1.00,1.00
2013.12.27 01:20:44.672,0.86781,0.86814,1.00,1.00
2013.12.27 01:20:46.094,0.86785,0.86816,1.00,1.00
2013.12.27 01:20:46.208,0.86787,0.8682,1.00,1.00
2013.12.27 01:20:48.406,0.86784,0.86817,1.00,1.00
2013.12.27 01:20:49.394,0.86788,0.86821,1.00,1.00
2013.12.27 01:20:49.816,0.86793,0.86824,1.00,1.50
2013.12.27 01:21:04.070,0.86788,0.86821,1.00,1.00
2013.12.27 01:21:09.518,0.86783,0.86816,1.00,1.00
2013.12.27 01:21:09.971,0.86788,0.86821,1.00,1.00
2013.12.27 01:21:29.129,0.86792,0.86823,1.00,1.00
2013.12.27 01:21:42.880,0.86792,0.86823,1.00,1.38
2013.12.27 01:21:43.082,0.86784,0.86813,1.00,1.00
2013.12.27 01:22:03.881,0.86783,0.86813,1.00,1.00
2013.12.27 01:22:35.454,0.86779,0.86812,1.00,1.00
2013.12.27 01:22:36.003,0.86784,0.86813,1.00,1.00
2013.12.27 01:22:36.331,0.86793,0.86813,1.00,1.00
2013.12.27 01:22:36.382,0.86793,0.86818,1.00,1.38
2013.12.27 01:22:36.563,0.86789,0.86818,1.00,1.38
2013.12.27 01:22:37.499,0.86789,0.86818,1.00,1.00
2013.12.27 01:22:43.202,0.86789,0.86814,1.00,1.00
2013.12.27 01:22:43.303,0.86783,0.86814,1.00,1.00
2013.12.27 01:22:43.382,0.8678,0.86813,1.00,1.00
2013.12.27 01:22:44.304,0.86784,0.86814,1.00,1.00
2013.12.27 01:22:44.845,0.86783,0.86814,1.00,1.00
2013.12.27 01:22:46.392,0.8678,0.86814,1.00,1.00
2013.12.27 01:22:48.160,0.8678,0.86814,1.00,1.38
2013.12.27 01:22:51.021,0.86785,0.86814,1.00,1.38
2013.12.27 01:22:52.115,0.86787,0.86814,1.00,1.38
2013.12.27 01:22:52.445,0.86781,0.86814,1.00,1.88
2013.12.27 01:22:59.497,0.86788,0.86814,1.00,1.38
2013.12.27 01:22:59.598,0.86784,0.86814,1.00,1.38
2013.12.27 01:22:59.658,0.86791,0.86817,1.00,1.38
2013.12.27 01:22:59.709,0.86791,0.86817,1.00,1.00
2013.12.27 01:22:59.910,0.8678,0.86809,1.00,1.00
2013.12.27 01:23:00.010,0.86776,0.86809,1.88,1.50
2013.12.27 01:23:00.179,0.86779,0.86812,1.00,1.13
2013.12.27 01:23:00.404,0.86783,0.86813,1.00,1.38
2013.12.27 01:23:00.722,0.86787,0.86813,1.00,1.38
2013.12.27 01:23:01.427,0.86787,0.86813,1.00,1.00
2013.12.27 01:23:08.620,0.86787,0.86813,1.00,1.38
2013.12.27 01:23:09.169,0.86787,0.86813,1.00,1.00
2013.12.27 01:23:09.679,0.86787,0.86813,1.00,1.38
2013.12.27 01:23:10.339,0.86787,0.86813,1.00,1.00
2013.12.27 01:23:11.241,0.86782,0.86813,1.00,1.00
2013.12.27 01:23:11.342,0.86785,0.86813,1.00,1.00
2013.12.27 01:23:28.449,0.86785,0.86813,1.00,1.38
2013.12.27 01:23:28.888,0.86785,0.86814,1.00,1.00
2013.12.27 01:23:30.639,0.8678,0.86808,1.00,1.00
2013.12.27 01:23:41.262,0.86783,0.86808,1.00,1.00
2013.12.27 01:23:41.420,0.86787,0.86813,1.00,1.00
2013.12.27 01:23:41.819,0.86787,0.86818,1.00,1.38
2013.12.27 01:23:42.375,0.86787,0.86818,1.00,1.00
2013.12.27 01:23:54.111,0.86787,0.86818,1.00,1.38
2013.12.27 01:23:54.798,0.86787,0.86809,1.00,1.00
2013.12.27 01:23:54.899,0.86784,0.86809,1.00,1.13
2013.12.27 01:23:55.428,0.86784,0.86813,1.00,1.38
2013.12.27 01:23:55.503,0.86786,0.86813,1.00,1.38
2013.12.27 01:23:56.208,0.86786,0.86819,1.00,1.88
2013.12.27 01:24:00.848,0.86786,0.86814,1.00,1.00
2013.12.27 01:24:01.566,0.86786,0.86814,1.00,1.38
2013.12.27 01:24:04.162,0.86795,0.86824,1.00,1.13
2013.12.27 01:24:04.631,0.86794,0.86818,1.00,1.00
2013.12.27 01:24:04.916,0.86794,0.86824,1.00,1.50
2013.12.27 01:24:06.348,0.86794,0.86819,1.00,1.00
2013.12.27 01:24:06.449,0.86794,0.86819,1.00,1.38
2013.12.27 01:24:07.228,0.86796,0.86819,1.00,1.38
2013.12.27 01:24:07.418,0.86796,0.86823,1.00,1.38
2013.12.27 01:24:12.335,0.86796,0.86819,1.00,1.00
2013.12.27 01:24:12.385,0.86796,0.86819,1.00,1.38
2013.12.27 01:24:12.939,0.86796,0.86823,1.00,1.38
2013.12.27 01:24:18.600,0.86796,0.86814,1.00,1.00
2013.12.27 01:24:18.650,0.86793,0.86814,1.00,1.38
2013.12.27 01:24:18.953,0.8679,0.86814,1.00,1.38
2013.12.27 01:24:19.004,0.8679,0.86814,1.00,1.00
2013.12.27 01:24:19.112,0.8679,0.86818,1.00,1.38
2013.12.27 01:24:19.723,0.8679,0.86818,1.00,1.00
2013.12.27 01:24:20.318,0.8679,0.86813,1.00,1.00
2013.12.27 01:24:20.868,0.8679,0.86823,1.00,1.38
2013.12.27 01:24:20.970,0.86794,0.86824,1.00,1.38
2013.12.27 01:24:21.043,0.86798,0.86824,1.00,1.38
2013.12.27 01:24:21.399,0.86798,0.86828,1.00,1.50
2013.12.27 01:24:21.450,0.86801,0.86828,1.00,1.50
2013.12.27 01:24:22.873,0.86801,0.86823,1.00,1.00
2013.12.27 01:24:23.356,0.86801,0.86823,1.00,1.38
2013.12.27 01:24:24.657,0.86797,0.86823,1.00,1.38
2013.12.27 01:24:26.849,0.86797,0.86814,1.00,1.00
2013.12.27 01:24:27.001,0.86794,0.86814,1.00,1.00
2013.12.27 01:24:27.137,0.86794,0.86823,1.00,1.38
2013.12.27 01:24:27.239,0.86794,0.86823,1.00,1.38
2013.12.27 01:24:27.698,0.86797,0.86828,1.00,1.75
2013.12.27 01:24:28.098,0.86797,0.86828,1.00,1.75
2013.12.27 01:24:28.199,0.86794,0.86823,1.00,1.38
2013.12.27 01:24:31.386,0.86798,0.86823,1.00,1.38
2013.12.27 01:24:31.689,0.86794,0.86814,1.00,1.00
2013.12.27 01:24:31.868,0.86794,0.86823,1.00,1.38
2013.12.27 01:24:31.919,0.86796,0.86823,1.00,1.38
2013.12.27 01:24:31.969,0.86796,0.86823,1.00,1.38
2013.12.27 01:24:33.637,0.86796,0.86824,1.00,1.00
2013.12.27 01:24:39.389,0.86796,0.86818,1.00,1.00
2013.12.27 01:24:39.707,0.86793,0.86818,1.00,1.00
2013.12.27 01:24:52.563,0.86793,0.86821,1.00,1.38
2013.12.27 01:24:52.708,0.86798,0.86825,1.00,1.75
2013.12.27 01:24:53.009,0.86802,0.86825,1.00,1.75
2013.12.27 01:24:53.167,0.86802,0.86833,1.00,1.00
2013.12.27 01:24:53.218,0.86805,0.86836,1.00,1.00
2013.12.27 01:24:53.689,0.86812,0.86836,1.00,1.00
2013.12.27 01:24:54.411,0.86814,0.86836,1.00,1.00
2013.12.27 01:24:55.261,0.86814,0.86843,1.00,1.50
2013.12.27 01:24:59.600,0.86814,0.86819,1.00,1.00
2013.12.27 01:24:59.651,0.86794,0.86819,1.00,1.00
2013.12.27 01:24:59.927,0.86798,0.8683,1.00,1.00
2013.12.27 01:25:00.078,0.86808,0.86818,1.00,1.00
2013.12.27 01:25:00.280,0.86797,0.86818,1.00,1.13
2013.12.27 01:25:00.431,0.86797,0.86827,1.00,1.00
2013.12.27 01:25:00.531,0.86802,0.86833,1.00,1.00
2013.12.27 01:25:00.582,0.86807,0.86837,1.00,1.38
2013.12.27 01:25:01.037,0.86811,0.86843,1.00,1.50
2013.12.27 01:25:02.109,0.86787,0.86818,1.00,1.75
2013.12.27 01:25:02.160,0.86776,0.86809,1.00,1.00
2013.12.27 01:25:02.260,0.86789,0.86809,1.00,1.00
2013.12.27 01:25:02.361,0.86789,0.86814,1.00,1.38
2013.12.27 01:25:02.462,0.86794,0.86818,1.00,1.75
2013.12.27 01:25:02.627,0.86794,0.86824,1.00,1.00
2013.12.27 01:25:02.678,0.86797,0.86825,1.00,1.13
2013.12.27 01:25:02.980,0.86804,0.8683,1.00,1.13
2013.12.27 01:25:03.282,0.8681,0.86833,1.00,1.75
2013.12.27 01:25:03.338,0.8681,0.86837,1.00,1.38
2013.12.27 01:25:04.858,0.8681,0.86825,1.00,1.75
2013.12.27 01:25:04.908,0.86793,0.86818,1.00,1.00
2013.12.27 01:25:05.110,0.86793,0.8682,1.00,1.00
2013.12.27 01:25:05.211,0.86798,0.86829,1.00,1.00
2013.12.27 01:25:05.312,0.86807,0.86838,1.00,1.38
2013.12.27 01:25:05.848,0.86807,0.86829,1.00,1.75
2013.12.27 01:25:05.899,0.86803,0.86827,1.00,1.13
2013.12.27 01:25:06.000,0.86799,0.86827,1.00,1.13
2013.12.27 01:25:07.028,0.86799,0.86826,1.00,1.38
2013.12.27 01:25:10.619,0.86791,0.86824,1.00,1.13
2013.12.27 01:25:11.096,0.86788,0.86819,1.00,1.00
2013.12.27 01:25:11.309,0.8679,0.86823,1.00,1.00
2013.12.27 01:25:14.137,0.86787,0.86808,1.00,1.00
2013.12.27 01:25:14.338,0.86787,0.86818,1.00,1.38
2013.12.27 01:25:14.406,0.8679,0.86823,1.00,1.38
2013.12.27 01:25:14.457,0.8679,0.86823,1.00,1.00
2013.12.27 01:25:14.809,0.86793,0.86826,1.00,2.63
2013.12.27 01:25:15.312,0.8679,0.86821,1.00,1.00
2013.12.27 01:25:17.627,0.8679,0.86821,1.00,1.38
2013.12.27 01:25:17.968,0.86787,0.86817,1.00,1.75
2013.12.27 01:25:18.349,0.8679,0.86819,1.00,1.75
2013.12.27 01:25:18.726,0.86787,0.86819,1.50,1.75
2013.12.27 01:25:18.907,0.86787,0.8682,1.50,1.00
2013.12.27 01:25:18.957,0.86792,0.86823,1.00,1.00
2013.12.27 01:25:19.343,0.86796,0.86827,1.00,1.88
2013.12.27 01:25:22.036,0.86796,0.86818,1.00,1.00
2013.12.27 01:25:22.188,0.86792,0.86818,1.00,1.00
2013.12.27 01:25:22.426,0.86792,0.86818,1.00,1.75
2013.12.27 01:25:22.477,0.86789,0.86818,1.00,1.75
2013.12.27 01:25:32.364,0.86789,0.86812,1.00,1.75
2013.12.27 01:25:32.584,0.86783,0.86808,1.00,1.13
2013.12.27 01:25:32.785,0.86785,0.86812,1.00,1.75
2013.12.27 01:25:33.099,0.86785,0.86817,1.00,1.00
2013.12.27 01:25:33.807,0.86785,0.86813,1.00,1.00
2013.12.27 01:25:34.277,0.86787,0.86814,1.00,1.13
2013.12.27 01:25:36.617,0.86787,0.86811,1.00,1.75
2013.12.27 01:25:36.718,0.86782,0.86809,1.00,1.50
2013.12.27 01:25:36.908,0.86785,0.86811,1.00,1.75
2013.12.27 01:25:37.606,0.86785,0.86814,1.00,1.13
2013.12.27 01:25:39.657,0.86785,0.86818,1.00,1.75
2013.12.27 01:25:39.812,0.86788,0.86819,1.00,1.13
2013.12.27 01:25:40.077,0.86788,0.86809,1.00,1.00
2013.12.27 01:25:40.128,0.86784,0.86809,1.00,1.00
2013.12.27 01:25:40.329,0.86784,0.86817,1.00,1.38
2013.12.27 01:25:40.430,0.86787,0.86819,1.00,1.00
2013.12.27 01:25:43.876,0.86787,0.86819,1.00,1.75
2013.12.27 01:25:46.039,0.86792,0.86819,1.00,1.75
2013.12.27 01:25:46.191,0.86792,0.86823,1.00,1.13
2013.12.27 01:25:46.241,0.86795,0.86824,1.00,1.88
2013.12.27 01:25:47.644,0.86792,0.86823,1.00,1.00
2013.12.27 01:25:47.753,0.86789,0.86822,1.00,1.00
2013.12.27 01:25:47.955,0.86795,0.86827,1.00,1.13
2013.12.27 01:25:48.535,0.86795,0.86827,1.00,1.13
2013.12.27 01:25:50.167,0.86795,0.86824,1.00,1.50
2013.12.27 01:25:50.368,0.86793,0.86824,1.00,1.50
2013.12.27 01:25:50.469,0.86793,0.86824,1.00,1.13
2013.12.27 01:25:51.173,0.86794,0.86827,1.00,1.88
2013.12.27 01:25:53.167,0.8679,0.86823,1.00,1.13
2013.12.27 01:25:53.321,0.8679,0.86813,1.00,1.00
2013.12.27 01:25:53.372,0.86787,0.86813,1.00,1.00
2013.12.27 01:25:56.391,0.86792,0.86823,1.00,1.38
2013.12.27 01:25:56.441,0.86792,0.86823,1.00,1.00
2013.12.27 01:25:56.592,0.86792,0.86813,1.00,1.00
2013.12.27 01:25:56.707,0.86789,0.86813,1.00,1.00
2013.12.27 01:26:06.440,0.86784,0.86813,1.00,1.13
2013.12.27 01:26:06.541,0.86781,0.86813,1.00,1.13
2013.12.27 01:26:06.642,0.86781,0.86804,1.00,1.00
2013.12.27 01:26:06.742,0.86778,0.86804,1.00,1.00
2013.12.27 01:26:06.843,0.86778,0.86811,1.00,1.38
2013.12.27 01:26:06.944,0.86782,0.86813,1.00,1.13
2013.12.27 01:26:08.279,0.86782,0.86811,1.00,1.00
2013.12.27 01:26:11.106,0.86782,0.86803,1.00,1.00
2013.12.27 01:26:11.259,0.8678,0.86803,1.00,1.00
2013.12.27 01:26:11.359,0.86777,0.86803,1.00,1.00
2013.12.27 01:26:18.396,0.86777,0.86797,1.00,1.00
2013.12.27 01:26:18.933,0.86776,0.86797,1.00,1.00
2013.12.27 01:26:26.757,0.86776,0.86799,1.00,1.00
2013.12.27 01:26:27.260,0.86777,0.86799,1.00,1.00
2013.12.27 01:26:28.076,0.86777,0.86803,1.00,1.00
2013.12.27 01:26:29.879,0.86777,0.86799,1.00,1.00
2013.12.27 01:26:30.209,0.86773,0.86799,1.00,1.00
2013.12.27 01:26:34.829,0.86773,0.86803,1.00,1.00
2013.12.27 01:26:35.995,0.86773,0.86799,1.00,1.00
2013.12.27 01:27:13.778,0.86754,0.86799,1.38,1.00
2013.12.27 01:27:36.173,0.86754,0.86826,1.38,2.10
2013.12.27 01:27:38.805,0.86754,0.868,1.38,1.75
2013.12.27 01:27:39.473,0.86747,0.868,1.13,1.75
2013.12.27 01:27:40.121,0.86747,0.868,1.13,1.75
2013.12.27 01:27:40.425,0.86768,0.86798,1.00,1.13
2013.12.27 01:27:40.792,0.86769,0.86793,1.00,1.75
2013.12.27 01:27:44.456,0.86767,0.86793,1.00,1.00
2013.12.27 01:27:49.695,0.86767,0.86793,1.00,1.75
2013.12.27 01:28:01.354,0.86767,0.86794,1.00,1.75
2013.12.27 01:28:03.223,0.86767,0.86794,1.00,1.00
2013.12.27 01:28:06.615,0.86772,0.86794,1.00,1.00
2013.12.27 01:28:06.666,0.86772,0.868,1.00,1.75
2013.12.27 01:28:09.163,0.86772,0.86804,1.00,2.25
2013.12.27 01:28:14.335,0.86772,0.86802,1.00,1.75
2013.12.27 01:28:19.176,0.86769,0.86803,1.00,1.75
2013.12.27 01:28:19.407,0.86772,0.86803,1.00,1.75
2013.12.27 01:28:19.745,0.86776,0.86803,1.00,1.75
2013.12.27 01:28:19.846,0.86774,0.86803,1.00,1.75
2013.12.27 01:28:21.354,0.86774,0.86806,1.00,1.00
2013.12.27 01:28:24.450,0.86774,0.86807,1.00,1.50
2013.12.27 01:28:24.781,0.86778,0.86808,1.00,1.75
2013.12.27 01:28:27.420,0.86778,0.86809,1.00,1.75
2013.12.27 01:28:41.049,0.86786,0.86807,1.00,1.75
2013.12.27 01:28:41.364,0.86784,0.86807,1.00,1.75
2013.12.27 01:28:42.473,0.86784,0.86817,1.00,1.50
2013.12.27 01:28:58.314,0.86784,0.86817,1.00,1.13
2013.12.27 01:29:23.911,0.86781,0.86821,1.00,1.75
2013.12.27 01:29:28.056,0.86781,0.86817,1.00,1.75
2013.12.27 01:29:28.451,0.86781,0.86809,1.00,1.00
2013.12.27 01:29:38.606,0.86769,0.86817,1.38,1.75
2013.12.27 01:29:38.807,0.86798,0.86817,1.00,1.75
2013.12.27 01:29:39.009,0.86794,0.86817,1.13,1.75
2013.12.27 01:29:39.210,0.86789,0.86817,1.00,1.75
2013.12.27 01:29:39.793,0.86785,0.86817,1.00,1.75
2013.12.27 01:29:39.912,0.86789,0.86817,1.00,1.75
2013.12.27 01:29:40.114,0.86789,0.8682,1.00,1.00
2013.12.27 01:29:40.826,0.86792,0.86824,1.00,1.50
2013.12.27 01:29:41.374,0.86793,0.86824,1.00,1.50
2013.12.27 01:29:43.086,0.86793,0.86824,1.00,1.00
2013.12.27 01:29:43.237,0.86788,0.86821,1.00,1.13
2013.12.27 01:29:43.338,0.86784,0.86817,1.00,1.00
2013.12.27 01:29:46.817,0.86787,0.8682,1.00,1.00
2013.12.27 01:29:50.383,0.86787,0.8682,1.00,1.50
2013.12.27 01:29:50.433,0.86784,0.86815,1.00,1.00
2013.12.27 01:29:52.844,0.86784,0.86815,1.00,1.38
2013.12.27 01:29:52.944,0.86779,0.86811,1.00,1.00
2013.12.27 01:29:53.184,0.86779,0.86811,1.00,1.38
2013.12.27 01:29:56.923,0.86779,0.86811,1.00,1.00
2013.12.27 01:29:57.024,0.86781,0.86814,1.00,1.13
2013.12.27 01:29:57.961,0.86781,0.86814,1.00,1.75
2013.12.27 01:30:12.593,0.86781,0.86811,1.00,1.00
2013.12.27 01:30:16.910,0.8678,0.86811,1.00,1.00
2013.12.27 01:30:27.073,0.86792,0.86811,1.00,1.00
2013.12.27 01:30:27.123,0.86792,0.86813,1.00,1.00
2013.12.27 01:30:27.674,0.86785,0.86816,1.00,1.00
2013.12.27 01:30:27.875,0.86792,0.86816,1.00,1.00
2013.12.27 01:30:28.332,0.86785,0.86816,1.00,1.00
2013.12.27 01:30:28.484,0.8678,0.86813,1.00,1.00
2013.12.27 01:30:29.106,0.8678,0.86812,1.00,1.00
2013.12.27 01:30:31.583,0.86791,0.86812,1.00,1.00
2013.12.27 01:30:31.684,0.86791,0.86817,1.00,1.00
2013.12.27 01:30:37.477,0.86791,0.86815,1.00,1.00
2013.12.27 01:30:58.049,0.86791,0.86817,1.00,1.00
2013.12.27 01:31:08.556,0.86796,0.86817,1.00,1.00
2013.12.27 01:31:08.662,0.86796,0.86821,1.00,1.00
2013.12.27 01:31:12.622,0.86786,0.86819,1.00,1.00
2013.12.27 01:31:12.723,0.86783,0.86818,1.00,1.38
2013.12.27 01:31:12.773,0.86781,0.86815,1.00,1.00
2013.12.27 01:31:13.126,0.86797,0.8682,1.00,1.50
2013.12.27 01:31:15.381,0.86797,0.8682,1.00,1.00
2013.12.27 01:31:32.913,0.86797,0.86817,1.00,1.00
2013.12.27 01:31:52.967,0.86797,0.86818,1.00,1.00
2013.12.27 01:32:01.228,0.86797,0.86819,1.00,1.00
2013.12.27 01:32:04.437,0.86797,0.86818,1.00,1.00
2013.12.27 01:32:12.900,0.86786,0.86818,1.13,1.00
2013.12.27 01:32:13.156,0.86787,0.8682,1.00,1.00
2013.12.27 01:32:13.659,0.86773,0.86821,1.75,1.00
2013.12.27 01:32:17.371,0.86773,0.86821,1.75,1.00
2013.12.27 01:32:19.382,0.86776,0.86821,1.13,1.00
2013.12.27 01:32:19.984,0.86776,0.86817,1.13,1.00
2013.12.27 01:32:21.698,0.86773,0.86818,1.75,1.00
2013.12.27 01:32:21.847,0.86801,0.8682,1.00,1.00
2013.12.27 01:32:21.948,0.86801,0.86825,1.00,1.50
2013.12.27 01:32:22.153,0.86801,0.86825,1.00,1.00
2013.12.27 01:32:24.918,0.86801,0.86824,1.00,1.00
2013.12.27 01:32:26.266,0.86801,0.86828,1.00,1.00
2013.12.27 01:32:29.489,0.86801,0.86826,1.00,1.00
2013.12.27 01:32:37.753,0.86801,0.86828,1.00,1.00
2013.12.27 01:32:57.403,0.86791,0.86826,1.38,1.00
2013.12.27 01:32:58.103,0.86792,0.86825,1.00,1.00
2013.12.27 01:32:58.153,0.86801,0.86825,1.00,1.00
2013.12.27 01:32:58.405,0.86801,0.86827,1.00,1.00
2013.12.27 01:32:59.533,0.86801,0.86826,1.00,1.00
2013.12.27 01:33:02.310,0.86811,0.86826,1.00,1.00
2013.12.27 01:33:02.461,0.86811,0.86828,1.00,1.00
2013.12.27 01:33:04.860,0.86801,0.86828,1.00,1.00
2013.12.27 01:33:04.961,0.86801,0.86826,1.00,1.00
2013.12.27 01:33:05.115,0.86796,0.86824,1.00,1.00
2013.12.27 01:33:05.724,0.86796,0.86823,1.00,1.00
2013.12.27 01:33:06.489,0.86796,0.86818,1.00,1.00
2013.12.27 01:33:06.621,0.86792,0.86818,1.00,1.50
2013.12.27 01:33:15.274,0.86792,0.86813,1.00,1.00
2013.12.27 01:33:15.324,0.86787,0.86813,1.00,1.00
2013.12.27 01:33:15.475,0.86787,0.86809,1.00,1.00
2013.12.27 01:33:15.757,0.86787,0.86812,1.00,1.00
2013.12.27 01:33:15.963,0.86786,0.86819,1.00,1.50
2013.12.27 01:33:16.081,0.86786,0.86814,1.00,1.00
2013.12.27 01:33:18.830,0.86787,0.86815,1.00,1.13
2013.12.27 01:33:18.949,0.86787,0.86817,1.00,1.00
2013.12.27 01:33:39.004,0.86788,0.86818,1.00,1.00
2013.12.27 01:33:53.871,0.86791,0.86818,1.00,1.00
2013.12.27 01:34:19.049,0.86791,0.86822,1.00,1.00
2013.12.27 01:34:25.345,0.86791,0.86822,1.00,1.38
2013.12.27 01:34:28.278,0.86791,0.86822,1.00,1.00
2013.12.27 01:34:37.949,0.86774,0.86827,1.88,1.13
2013.12.27 01:34:53.907,0.86774,0.86827,1.38,1.13
2013.12.27 01:35:07.539,0.86792,0.86827,1.00,1.13
2013.12.27 01:35:07.841,0.86799,0.86831,1.00,1.00
2013.12.27 01:35:08.242,0.86802,0.86833,1.00,1.00
2013.12.27 01:35:12.598,0.86802,0.86829,1.00,1.00
2013.12.27 01:35:12.699,0.86798,0.86829,1.00,1.50
2013.12.27 01:35:13.704,0.86802,0.86829,1.00,1.00
2013.12.27 01:35:14.148,0.86802,0.86833,1.00,1.00
2013.12.27 01:35:33.866,0.86804,0.86835,1.00,1.00
2013.12.27 01:35:36.558,0.86804,0.86835,1.00,1.75
2013.12.27 01:35:36.710,0.86798,0.86828,1.00,1.00
2013.12.27 01:35:38.818,0.86798,0.86831,1.00,1.50
2013.12.27 01:35:39.039,0.86803,0.86834,1.00,1.00
2013.12.27 01:35:59.058,0.86803,0.86828,1.00,1.00
2013.12.27 01:35:59.159,0.86799,0.86828,1.00,1.00
2013.12.27 01:35:59.609,0.86799,0.86832,1.00,1.50
2013.12.27 01:35:59.762,0.86803,0.86834,1.00,1.50
2013.12.27 01:36:00.757,0.86803,0.86834,1.00,1.00
2013.12.27 01:36:02.868,0.86804,0.86838,1.00,1.88
2013.12.27 01:36:04.142,0.86804,0.86829,1.00,1.00
2013.12.27 01:36:04.193,0.86801,0.86829,1.00,1.00
2013.12.27 01:36:04.976,0.86797,0.86829,1.00,1.00
2013.12.27 01:36:06.488,0.86791,0.86821,1.00,1.00
2013.12.27 01:36:08.433,0.86792,0.86821,1.00,1.00
2013.12.27 01:36:09.310,0.86792,0.8682,1.00,1.00
2013.12.27 01:36:12.063,0.86787,0.86818,1.50,1.00
2013.12.27 01:36:13.907,0.86791,0.8682,1.00,1.00
2013.12.27 01:36:14.527,0.86791,0.86819,1.00,1.00
2013.12.27 01:36:16.849,0.86793,0.86825,1.00,1.00
2013.12.27 01:36:16.954,0.86796,0.8683,1.00,1.13
2013.12.27 01:36:17.055,0.86801,0.86833,1.00,1.50
2013.12.27 01:36:17.364,0.86798,0.86831,1.00,1.38
2013.12.27 01:36:17.488,0.86794,0.86829,1.00,1.00
2013.12.27 01:36:17.910,0.86807,0.86829,1.00,1.00
2013.12.27 01:36:18.411,0.86807,0.86832,1.00,1.38
2013.12.27 01:36:18.664,0.86795,0.8683,1.00,1.13
2013.12.27 01:36:18.749,0.86792,0.86827,1.50,1.00
2013.12.27 01:36:19.755,0.86796,0.86828,1.00,1.00
2013.12.27 01:36:20.314,0.86815,0.86828,1.00,1.00
2013.12.27 01:36:20.465,0.86817,0.86839,1.00,1.00
2013.12.27 01:36:20.666,0.86796,0.86828,1.00,1.00
2013.12.27 01:36:20.868,0.86794,0.86826,1.00,1.00
2013.12.27 01:36:21.773,0.86797,0.86828,1.00,1.00
2013.12.27 01:36:31.907,0.86791,0.86826,1.50,1.00
2013.12.27 01:36:34.898,0.86792,0.86826,1.00,1.00
2013.12.27 01:36:35.015,0.86795,0.86828,1.00,1.00
2013.12.27 01:36:46.440,0.86807,0.86828,1.00,1.00
2013.12.27 01:36:46.943,0.86807,0.86833,1.00,1.00
2013.12.27 01:36:49.817,0.86798,0.86833,1.00,1.00
2013.12.27 01:36:49.969,0.86798,0.86829,1.13,1.00
2013.12.27 01:36:50.318,0.86795,0.86827,1.00,1.00
2013.12.27 01:37:10.930,0.86797,0.86829,1.00,1.00
2013.12.27 01:37:28.303,0.86792,0.86822,1.00,1.00
2013.12.27 01:37:28.907,0.86791,0.86822,1.00,1.00
2013.12.27 01:37:29.292,0.86792,0.8682,1.00,1.00
2013.12.27 01:37:42.861,0.86792,0.86817,1.00,1.00
2013.12.27 01:37:43.414,0.86792,0.86816,1.00,1.00
2013.12.27 01:37:43.464,0.86792,0.8682,1.00,1.00
2013.12.27 01:37:44.628,0.86792,0.86817,1.00,1.00
2013.12.27 01:37:45.767,0.86792,0.86819,1.00,1.00
2013.12.27 01:37:45.817,0.86796,0.86819,1.00,1.00
2013.12.27 01:37:45.968,0.86796,0.86823,1.00,1.00
2013.12.27 01:37:46.192,0.86797,0.8682,1.00,1.00
2013.12.27 01:37:46.243,0.86797,0.86824,1.00,1.00
2013.12.27 01:37:46.591,0.86801,0.86823,1.00,1.00
2013.12.27 01:37:47.184,0.86797,0.86826,1.00,1.38
2013.12.27 01:37:47.284,0.86797,0.86823,1.00,1.00
2013.12.27 01:37:47.495,0.86797,0.86827,1.00,1.00
2013.12.27 01:37:48.073,0.86796,0.86827,1.00,1.00
2013.12.27 01:37:52.972,0.86797,0.86831,1.00,1.00
2013.12.27 01:37:53.602,0.86796,0.86827,1.50,1.00
2013.12.27 01:37:54.175,0.86799,0.8683,1.00,1.00
2013.12.27 01:37:54.476,0.86796,0.86828,1.00,1.00
2013.12.27 01:37:55.181,0.868,0.86831,1.00,1.00
2013.12.27 01:37:55.667,0.86796,0.86827,1.50,1.00
2013.12.27 01:37:57.719,0.86798,0.86831,1.00,1.00
2013.12.27 01:37:58.027,0.86802,0.86835,1.00,1.13
2013.12.27 01:37:58.348,0.86799,0.86832,1.00,1.00
2013.12.27 01:38:38.911,0.86802,0.86833,1.00,1.00
2013.12.27 01:38:57.934,0.86804,0.86837,1.00,1.38
2013.12.27 01:39:10.077,0.86802,0.86833,1.00,1.00
2013.12.27 01:39:10.255,0.86804,0.86837,1.00,1.38
2013.12.27 01:39:30.903,0.86806,0.86837,1.00,1.38
2013.12.27 01:39:51.049,0.86803,0.86836,1.00,1.13
2013.12.27 01:39:54.932,0.86803,0.86836,1.00,1.38
2013.12.27 01:39:56.684,0.86803,0.86836,1.00,1.38
2013.12.27 01:40:00.901,0.86807,0.86838,1.00,1.38
2013.12.27 01:40:20.946,0.86806,0.86837,1.00,1.38
2013.12.27 01:41:21.691,0.86784,0.86849,1.88,1.13
2013.12.27 01:41:23.584,0.86782,0.86849,1.88,1.13
2013.12.27 01:41:25.124,0.86784,0.8685,1.88,1.13
2013.12.27 01:41:30.203,0.86781,0.86849,1.75,1.13
2013.12.27 01:41:31.833,0.86785,0.8685,1.75,1.13
2013.12.27 01:41:34.803,0.86784,0.86849,1.88,1.13
2013.12.27 01:41:43.637,0.86786,0.86849,1.75,1.13
2013.12.27 01:41:50.534,0.86784,0.8685,1.88,1.13
2013.12.27 01:41:56.462,0.86786,0.86849,1.75,1.13
2013.12.27 01:41:59.655,0.86783,0.86849,1.50,1.75
2013.12.27 01:42:01.283,0.86784,0.86849,1.88,1.13
2013.12.27 01:42:03.065,0.86805,0.86838,1.00,1.38
2013.12.27 01:42:23.976,0.86804,0.86835,1.00,1.38
2013.12.27 01:42:27.407,0.86806,0.86838,1.00,1.38
2013.12.27 01:42:45.443,0.86804,0.86835,1.00,1.38
2013.12.27 01:42:45.544,0.868,0.86833,1.00,1.13
2013.12.27 01:42:50.691,0.86798,0.86837,1.00,1.38
2013.12.27 01:42:50.992,0.86802,0.86837,1.00,1.38
2013.12.27 01:42:51.348,0.86806,0.8684,1.00,1.38
2013.12.27 01:43:11.915,0.86807,0.86839,1.00,1.38
2013.12.27 01:43:12.042,0.86802,0.86836,1.00,1.38
2013.12.27 01:43:12.260,0.86805,0.86839,1.00,1.38
2013.12.27 01:43:12.782,0.86806,0.86838,1.00,1.38
2013.12.27 01:43:18.340,0.86802,0.86835,1.00,1.38
2013.12.27 01:43:23.279,0.86804,0.86838,1.00,1.38
2013.12.27 01:43:32.922,0.86802,0.86834,1.00,1.38
2013.12.27 01:43:33.108,0.86798,0.86832,1.00,1.00
2013.12.27 01:43:33.391,0.86796,0.86827,1.00,1.00
2013.12.27 01:43:34.226,0.86797,0.86831,1.00,1.00
2013.12.27 01:43:39.128,0.86795,0.86827,1.00,1.00
2013.12.27 01:43:39.458,0.8679,0.86824,1.00,1.00
2013.12.27 01:43:55.983,0.86786,0.86818,1.00,1.00
2013.12.27 01:43:56.285,0.86791,0.86816,1.00,1.00
2013.12.27 01:44:00.503,0.86791,0.86818,1.00,1.00
2013.12.27 01:44:02.230,0.86791,0.86821,1.00,1.00
2013.12.27 01:44:06.622,0.86793,0.86824,1.00,1.00
2013.12.27 01:44:06.773,0.86796,0.86827,1.00,1.00
2013.12.27 01:44:26.862,0.86795,0.86828,1.00,1.13
2013.12.27 01:45:12.833,0.86792,0.86828,1.00,1.13
2013.12.27 01:45:14.160,0.86778,0.8684,1.13,1.13
2013.12.27 01:45:46.839,0.86774,0.86846,1.75,1.75
2013.12.27 01:45:56.048,0.86786,0.86819,1.00,1.00
2013.12.27 01:45:56.350,0.8679,0.86819,1.00,1.00
2013.12.27 01:46:06.829,0.86792,0.86821,1.00,1.00
2013.12.27 01:46:06.939,0.86793,0.86826,1.00,1.00
2013.12.27 01:46:07.140,0.86798,0.86829,1.00,1.00
2013.12.27 01:46:09.138,0.86798,0.86828,1.00,1.00
2013.12.27 01:46:47.924,0.86799,0.86828,1.00,1.00
2013.12.27 01:47:00.989,0.86797,0.86827,1.00,1.00
2013.12.27 01:47:01.166,0.868,0.86828,1.00,1.00
2013.12.27 01:47:01.471,0.86797,0.86827,1.00,1.00
2013.12.27 01:47:02.173,0.86798,0.86828,1.00,1.00
2013.12.27 01:47:22.967,0.86799,0.86828,1.00,1.00
2013.12.27 01:47:27.543,0.86799,0.86832,1.00,1.00
2013.12.27 01:47:30.702,0.86794,0.86825,1.00,1.00
2013.12.27 01:47:33.876,0.86796,0.86829,1.00,1.00
2013.12.27 01:47:43.527,0.868,0.86831,1.00,1.00
2013.12.27 01:48:04.073,0.86799,0.8683,1.00,1.00
2013.12.27 01:48:47.811,0.86785,0.86843,1.13,1.13
2013.12.27 01:48:52.836,0.86802,0.86838,1.00,1.38
2013.12.27 01:48:52.937,0.86802,0.86838,1.00,1.00
2013.12.27 01:48:53.735,0.86807,0.86838,1.00,1.50
2013.12.27 01:48:55.199,0.86802,0.86835,1.00,1.00
2013.12.27 01:48:55.806,0.86801,0.86823,1.00,1.00
2013.12.27 01:48:55.906,0.86797,0.86821,1.00,1.00
2013.12.27 01:48:56.246,0.86797,0.86827,1.00,1.00
2013.12.27 01:49:17.143,0.86797,0.86828,1.00,1.00
2013.12.27 01:49:56.155,0.86795,0.86829,1.00,1.00
2013.12.27 01:49:57.866,0.86786,0.86835,1.38,1.00
2013.12.27 01:50:03.979,0.86786,0.86835,1.13,1.00
2013.12.27 01:50:17.723,0.8678,0.86847,1.88,1.75
2013.12.27 01:50:25.525,0.86787,0.86837,1.13,1.13
2013.12.27 01:50:39.785,0.86787,0.86835,1.00,1.13
2013.12.27 01:50:40.298,0.86778,0.86835,1.13,1.13
2013.12.27 01:50:52.883,0.86787,0.86835,1.00,1.13
2013.12.27 01:51:18.724,0.86778,0.86835,1.13,1.13
2013.12.27 01:51:32.750,0.86781,0.86835,1.88,1.13
2013.12.27 01:51:33.519,0.86778,0.86835,1.13,1.13
2013.12.27 01:51:36.697,0.86799,0.8683,1.00,1.13
2013.12.27 01:52:16.758,0.86777,0.86835,1.13,1.13
2013.12.27 01:52:17.059,0.86798,0.86829,1.00,1.00
2013.12.27 01:52:43.113,0.86802,0.86829,1.00,1.00
2013.12.27 01:52:43.223,0.86803,0.86836,1.00,1.00
2013.12.27 01:52:52.223,0.86807,0.86838,1.00,1.50
2013.12.27 01:53:12.865,0.86805,0.86838,1.00,1.50
2013.12.27 01:53:14.980,0.86809,0.86838,1.00,1.00
2013.12.27 01:53:32.403,0.86817,0.8684,1.00,1.00
2013.12.27 01:53:32.565,0.86817,0.86843,1.00,1.88
2013.12.27 01:53:48.862,0.86821,0.86844,1.00,1.00
2013.12.27 01:53:53.081,0.86821,0.86845,1.00,1.00
2013.12.27 01:53:59.355,0.86817,0.86843,1.00,1.00
2013.12.27 01:54:55.062,0.86817,0.86842,1.00,1.00
2013.12.27 01:54:59.563,0.86809,0.86842,1.00,1.00
2013.12.27 01:55:36.882,0.86793,0.86849,1.75,1.88
2013.12.27 01:55:54.915,0.86811,0.86845,1.00,1.50
2013.12.27 01:55:55.360,0.86822,0.86845,1.00,1.50
2013.12.27 01:55:57.690,0.86822,0.8685,1.00,1.38
2013.12.27 01:56:05.281,0.86822,0.8685,1.00,1.50
2013.12.27 01:56:12.872,0.86822,0.8685,1.00,1.38
2013.12.27 01:56:15.069,0.86822,0.86852,1.00,1.00
2013.12.27 01:56:20.606,0.86823,0.86853,1.00,1.00
2013.12.27 01:56:23.120,0.86827,0.86857,1.00,1.00
2013.12.27 01:56:23.838,0.86827,0.86858,1.50,1.13
2013.12.27 01:56:24.219,0.86827,0.86855,1.00,1.00
2013.12.27 01:56:24.290,0.86824,0.86855,1.00,1.00
2013.12.27 01:56:25.640,0.86832,0.86855,1.00,1.00
2013.12.27 01:56:25.707,0.86832,0.86858,1.00,1.13
2013.12.27 01:56:38.631,0.86827,0.86854,1.00,1.50
2013.12.27 01:56:38.933,0.86831,0.8685,1.00,1.00
2013.12.27 01:56:39.622,0.86831,0.86857,1.00,1.75
2013.12.27 01:56:40.009,0.86831,0.86859,1.00,1.00
2013.12.27 01:56:44.528,0.86826,0.86854,1.50,1.00
2013.12.27 01:56:44.859,0.86832,0.86851,1.00,1.38
2013.12.27 01:56:46.058,0.86832,0.86858,1.00,1.00
2013.12.27 01:56:47.369,0.86832,0.86861,1.00,1.38
2013.12.27 01:56:52.813,0.8683,0.86861,1.00,1.38
2013.12.27 01:56:53.030,0.86827,0.86858,1.00,1.00
2013.12.27 01:56:53.888,0.86827,0.86848,1.00,1.00
2013.12.27 01:56:53.939,0.86822,0.86848,1.00,1.00
2013.12.27 01:56:54.140,0.86827,0.86854,1.00,1.00
2013.12.27 01:56:54.366,0.86827,0.86857,1.00,1.50
2013.12.27 01:56:56.842,0.86829,0.86862,1.00,1.75
2013.12.27 01:56:58.820,0.86829,0.86862,1.00,1.50
2013.12.27 01:56:59.166,0.86829,0.86854,1.00,1.00
2013.12.27 01:56:59.263,0.86827,0.86854,1.00,1.00
2013.12.27 01:57:02.129,0.86827,0.86858,1.50,1.88
2013.12.27 01:57:04.869,0.86827,0.86858,1.50,1.50
2013.12.27 01:57:08.529,0.86832,0.86858,1.00,1.00
2013.12.27 01:57:08.710,0.86832,0.86862,1.00,1.00
2013.12.27 01:57:09.124,0.86836,0.86862,1.00,1.00
2013.12.27 01:57:09.678,0.86829,0.86858,1.00,1.00
2013.12.27 01:57:11.433,0.86827,0.86858,1.00,1.00
2013.12.27 01:57:28.303,0.86827,0.86857,1.00,1.75
2013.12.27 01:57:28.879,0.86826,0.86849,1.00,1.00
2013.12.27 01:57:29.568,0.86826,0.86845,1.00,1.00
2013.12.27 01:57:29.669,0.86817,0.86845,1.00,1.00
2013.12.27 01:57:29.828,0.86817,0.86844,1.00,1.38
2013.12.27 01:57:29.878,0.86815,0.86846,1.00,1.50
2013.12.27 01:57:30.079,0.86812,0.86844,1.00,1.38
2013.12.27 01:57:30.368,0.86815,0.86847,1.00,1.75
2013.12.27 01:57:31.917,0.86815,0.86847,1.00,1.00
2013.12.27 01:57:36.914,0.86812,0.86844,1.00,1.00
2013.12.27 01:57:37.824,0.8681,0.86841,1.00,1.00
2013.12.27 01:57:39.632,0.86813,0.86844,1.00,1.50
2013.12.27 01:57:40.739,0.86816,0.86847,1.00,1.38
2013.12.27 01:57:41.378,0.86816,0.86847,1.00,1.00
2013.12.27 01:57:42.422,0.86816,0.86838,1.00,1.00
2013.12.27 01:57:42.675,0.86811,0.86843,1.00,1.00
2013.12.27 01:57:42.776,0.86811,0.86841,1.00,1.00
2013.12.27 01:57:42.846,0.86813,0.86846,1.00,1.00
2013.12.27 01:58:05.577,0.86817,0.86848,1.00,1.00
2013.12.27 01:58:25.724,0.86816,0.86847,1.00,1.00
2013.12.27 01:58:27.228,0.86813,0.86844,1.00,1.00
2013.12.27 01:58:46.525,0.86815,0.86848,1.00,1.13
2013.12.27 01:58:51.596,0.86818,0.8685,1.00,1.00
2013.12.27 01:58:53.018,0.86816,0.86847,1.00,1.00
2013.12.27 01:58:57.943,0.86818,0.86851,1.00,1.13
2013.12.27 01:59:02.731,0.86814,0.86847,1.00,1.00
2013.12.27 01:59:03.048,0.86811,0.86842,1.00,1.00
2013.12.27 01:59:03.149,0.86806,0.8684,1.50,1.00
2013.12.27 01:59:03.383,0.8681,0.86841,1.00,1.00
2013.12.27 01:59:18.444,0.86803,0.86834,1.00,1.00
2013.12.27 01:59:18.808,0.86805,0.86838,1.00,1.00
2013.12.27 01:59:35.106,0.86811,0.86838,1.00,1.00
2013.12.27 01:59:37.298,0.86812,0.86845,1.00,1.75
2013.12.27 01:59:38.406,0.86812,0.86845,1.00,1.00
2013.12.27 01:59:43.156,0.86816,0.86845,1.00,1.00
2013.12.27 01:59:43.206,0.86816,0.86847,1.50,1.00
2013.12.27 01:59:55.438,0.86818,0.86851,1.00,1.00
