2014.11.13 12:00:01.247,0.89392,0.89432,2.25,2.25
2014.11.13 12:00:01.928,0.89393,0.89432,1.00,3.00
2014.11.13 12:00:03.847,0.89392,0.89432,2.25,2.25
2014.11.13 12:00:04.066,0.89398,0.89432,1.00,2.25
2014.11.13 12:00:04.410,0.89393,0.89432,2.25,3.00
2014.11.13 12:00:05.693,0.89392,0.89432,1.00,2.25
2014.11.13 12:00:09.156,0.89393,0.89431,1.00,2.62
2014.11.13 12:00:12.250,0.89398,0.89431,1.00,3.37
2014.11.13 12:00:14.115,0.89392,0.89431,1.00,3.37
2014.11.13 12:00:14.657,0.89392,0.89431,1.12,1.37
2014.11.13 12:00:15.219,0.89398,0.89431,1.00,2.62
2014.11.13 12:00:16.387,0.89397,0.8943,1.00,2.62
2014.11.13 12:00:19.180,0.89398,0.8943,1.00,1.37
2014.11.13 12:00:20.786,0.89397,0.89432,1.00,1.87
2014.11.13 12:00:21.557,0.89398,0.89431,1.00,1.87
2014.11.13 12:00:22.149,0.89397,0.89431,1.00,1.87
2014.11.13 12:00:23.975,0.89403,0.89431,1.00,1.87
2014.11.13 12:00:24.130,0.89398,0.89431,1.00,1.87
2014.11.13 12:00:24.855,0.89403,0.89432,1.00,1.87
2014.11.13 12:00:26.091,0.89397,0.89429,1.00,1.87
2014.11.13 12:00:28.198,0.89397,0.89428,1.00,1.87
2014.11.13 12:00:28.499,0.89397,0.89422,1.00,1.87
2014.11.13 12:00:28.600,0.89392,0.89422,1.00,2.25
2014.11.13 12:00:28.835,0.89388,0.89421,1.00,1.87
2014.11.13 12:00:32.689,0.89387,0.89421,1.00,1.87
2014.11.13 12:00:33.712,0.89387,0.89421,1.00,2.25
2014.11.13 12:00:34.014,0.89388,0.89405,1.00,1.00
2014.11.13 12:00:34.115,0.89377,0.89405,1.00,1.00
2014.11.13 12:00:34.867,0.89378,0.89405,1.00,1.00
2014.11.13 12:00:35.075,0.89378,0.89408,1.00,1.00
2014.11.13 12:00:35.441,0.89378,0.89408,1.37,1.00
2014.11.13 12:00:35.767,0.89382,0.89408,1.00,1.00
2014.11.13 12:00:36.256,0.89382,0.89416,1.00,1.12
2014.11.13 12:00:37.052,0.89382,0.89416,1.37,1.00
2014.11.13 12:00:37.839,0.89383,0.89409,1.00,1.00
2014.11.13 12:00:38.386,0.89388,0.89409,1.00,1.00
2014.11.13 12:00:38.454,0.89388,0.89416,1.00,1.00
2014.11.13 12:00:39.377,0.89387,0.89416,1.00,1.00
2014.11.13 12:00:40.634,0.89388,0.89416,1.00,1.00
2014.11.13 12:00:41.137,0.89384,0.89416,1.12,1.00
2014.11.13 12:00:43.235,0.89382,0.89414,1.50,1.00
2014.11.13 12:00:43.537,0.89383,0.89413,1.00,1.37
2014.11.13 12:00:43.588,0.89378,0.89413,1.00,1.37
2014.11.13 12:00:44.898,0.89377,0.89413,1.00,1.37
2014.11.13 12:00:46.082,0.89377,0.89412,1.00,1.87
2014.11.13 12:00:46.607,0.89378,0.8941,1.00,1.87
2014.11.13 12:00:47.540,0.89377,0.8941,1.00,1.87
2014.11.13 12:00:47.885,0.89372,0.89413,2.62,1.87
2014.11.13 12:00:48.117,0.89378,0.89414,1.00,3.00
2014.11.13 12:00:48.526,0.89373,0.89409,1.00,1.87
2014.11.13 12:00:48.766,0.89373,0.89411,1.37,1.50
2014.11.13 12:00:48.879,0.89372,0.89411,1.50,1.50
2014.11.13 12:00:49.030,0.89378,0.89414,1.50,1.37
2014.11.13 12:00:49.080,0.89382,0.89414,1.00,1.12
2014.11.13 12:00:49.336,0.89378,0.89412,1.00,1.50
2014.11.13 12:00:49.846,0.89378,0.89412,1.00,1.87
2014.11.13 12:00:49.896,0.89378,0.89412,1.00,2.25
2014.11.13 12:00:50.097,0.89373,0.89406,1.00,1.87
2014.11.13 12:00:50.148,0.89373,0.89395,1.00,1.00
2014.11.13 12:00:50.585,0.89373,0.89407,1.00,1.87
2014.11.13 12:00:50.636,0.89367,0.89407,1.00,1.87
2014.11.13 12:00:50.687,0.89367,0.89407,1.00,1.50
2014.11.13 12:00:50.847,0.89373,0.89407,1.00,1.50
2014.11.13 12:00:51.365,0.89373,0.89406,1.00,1.50
2014.11.13 12:00:51.680,0.89373,0.89405,1.00,1.87
2014.11.13 12:00:52.219,0.89372,0.89405,1.00,1.37
2014.11.13 12:00:52.816,0.89373,0.89405,1.00,1.37
2014.11.13 12:00:53.368,0.89372,0.89407,1.00,1.87
2014.11.13 12:00:53.906,0.89372,0.89407,1.00,1.50
2014.11.13 12:00:54.007,0.89372,0.89405,1.00,1.87
2014.11.13 12:00:54.516,0.89373,0.89407,1.00,2.25
2014.11.13 12:00:54.893,0.89373,0.89407,1.00,1.87
2014.11.13 12:00:55.127,0.89377,0.89409,1.00,1.87
2014.11.13 12:00:56.592,0.89373,0.89407,1.00,1.87
2014.11.13 12:00:56.643,0.89373,0.89407,1.00,1.87
2014.11.13 12:00:56.998,0.89373,0.89408,1.00,1.87
2014.11.13 12:00:58.907,0.89372,0.89407,1.00,1.87
2014.11.13 12:00:59.610,0.89372,0.89407,1.00,1.87
2014.11.13 12:01:00.157,0.89372,0.89403,1.00,1.87
2014.11.13 12:01:00.318,0.89368,0.89403,1.00,1.87
2014.11.13 12:01:00.419,0.89373,0.89402,1.00,1.87
2014.11.13 12:01:01.395,0.89372,0.89402,1.00,1.87
2014.11.13 12:01:01.876,0.89368,0.89402,1.00,1.87
2014.11.13 12:01:01.926,0.89368,0.894,1.00,1.50
2014.11.13 12:01:02.385,0.89373,0.89404,1.00,1.87
2014.11.13 12:01:03.611,0.89372,0.89404,1.00,1.87
2014.11.13 12:01:03.661,0.89372,0.89404,1.00,1.87
2014.11.13 12:01:04.550,0.89372,0.89401,1.00,1.50
2014.11.13 12:01:04.787,0.89372,0.89395,1.00,1.00
2014.11.13 12:01:05.137,0.89367,0.89395,1.00,1.00
2014.11.13 12:01:05.360,0.89363,0.89395,1.12,1.00
2014.11.13 12:01:06.104,0.89363,0.89398,1.12,1.50
2014.11.13 12:01:06.305,0.89363,0.89398,1.00,1.87
2014.11.13 12:01:06.894,0.89367,0.89398,1.00,1.87
2014.11.13 12:01:07.066,0.89367,0.89398,1.00,1.87
2014.11.13 12:01:07.914,0.89368,0.89398,1.00,1.87
2014.11.13 12:01:08.305,0.89368,0.89395,1.00,1.00
2014.11.13 12:01:08.819,0.89367,0.89395,1.00,1.00
2014.11.13 12:01:09.345,0.89368,0.89399,1.00,1.87
2014.11.13 12:01:09.865,0.89363,0.89399,1.50,1.87
2014.11.13 12:01:10.086,0.89368,0.89398,1.00,1.87
2014.11.13 12:01:11.405,0.89373,0.89398,1.00,1.50
2014.11.13 12:01:11.920,0.89372,0.89399,1.00,1.87
2014.11.13 12:01:12.092,0.89368,0.89399,1.00,1.87
2014.11.13 12:01:12.888,0.89368,0.89399,1.00,1.87
2014.11.13 12:01:13.385,0.89373,0.89399,1.00,1.87
2014.11.13 12:01:13.637,0.89367,0.89395,1.00,1.37
2014.11.13 12:01:13.939,0.89363,0.89394,1.00,1.37
2014.11.13 12:01:14.197,0.89359,0.89389,1.00,1.87
2014.11.13 12:01:14.354,0.89353,0.89389,2.85,1.87
2014.11.13 12:01:14.935,0.89353,0.89386,2.85,1.50
2014.11.13 12:01:15.365,0.89358,0.89386,1.00,1.87
2014.11.13 12:01:15.914,0.89357,0.89384,1.00,1.00
2014.11.13 12:01:16.356,0.89353,0.89384,1.00,1.00
2014.11.13 12:01:18.666,0.89353,0.89384,1.00,1.37
2014.11.13 12:01:21.088,0.89352,0.89383,1.00,1.12
2014.11.13 12:01:22.076,0.89353,0.89383,1.00,1.00
2014.11.13 12:01:22.845,0.89352,0.89383,1.00,1.00
2014.11.13 12:01:23.394,0.89358,0.89383,1.00,1.00
2014.11.13 12:01:23.835,0.89352,0.89383,1.50,1.00
2014.11.13 12:01:24.356,0.89353,0.89383,1.00,1.00
2014.11.13 12:01:24.900,0.89352,0.89383,1.00,1.00
2014.11.13 12:01:25.202,0.89348,0.89387,2.25,1.87
2014.11.13 12:01:25.374,0.89353,0.89387,1.00,1.87
2014.11.13 12:01:28.166,0.89352,0.89389,1.00,2.25
2014.11.13 12:01:30.120,0.89352,0.89388,1.00,2.25
2014.11.13 12:01:32.454,0.89353,0.89388,1.00,2.25
2014.11.13 12:01:40.374,0.89352,0.89387,1.00,2.25
2014.11.13 12:01:41.674,0.89352,0.89387,1.00,2.25
2014.11.13 12:01:41.975,0.89352,0.89382,1.00,1.87
2014.11.13 12:01:42.405,0.89352,0.89384,1.00,1.87
2014.11.13 12:01:43.096,0.89352,0.89382,1.00,1.50
2014.11.13 12:01:43.614,0.89353,0.89382,1.00,1.50
2014.11.13 12:01:43.928,0.89347,0.89382,1.00,3.00
2014.11.13 12:01:45.087,0.89347,0.89381,1.00,3.00
2014.11.13 12:01:45.617,0.89348,0.89372,1.00,1.00
2014.11.13 12:01:46.141,0.89347,0.89372,1.00,1.00
2014.11.13 12:01:46.828,0.89348,0.89378,1.00,2.25
2014.11.13 12:01:46.879,0.89343,0.89378,1.00,2.25
2014.11.13 12:01:50.604,0.89348,0.89376,1.00,1.87
2014.11.13 12:01:51.316,0.89348,0.89379,1.00,1.87
2014.11.13 12:01:51.813,0.89343,0.89379,1.00,1.87
2014.11.13 12:01:58.557,0.89343,0.89371,1.00,1.87
2014.11.13 12:01:59.403,0.89342,0.89374,1.00,1.87
2014.11.13 12:02:01.344,0.89342,0.89376,1.00,1.87
2014.11.13 12:02:01.647,0.89342,0.89378,1.00,1.87
2014.11.13 12:02:01.848,0.89348,0.89378,1.00,1.87
2014.11.13 12:02:01.947,0.89348,0.89378,1.00,1.87
2014.11.13 12:02:02.048,0.89348,0.89378,1.00,1.87
2014.11.13 12:02:02.373,0.89353,0.89382,1.00,1.87
2014.11.13 12:02:02.961,0.89353,0.89383,1.00,1.87
2014.11.13 12:02:03.451,0.89353,0.89387,1.00,2.62
2014.11.13 12:02:04.054,0.89353,0.8939,1.00,2.77
2014.11.13 12:02:05.334,0.89353,0.89381,1.00,1.00
2014.11.13 12:02:05.586,0.89348,0.89381,1.00,1.00
2014.11.13 12:02:06.723,0.89348,0.89382,1.00,1.00
2014.11.13 12:02:09.473,0.89348,0.89385,1.00,1.37
2014.11.13 12:02:10.270,0.89348,0.89385,1.00,1.37
2014.11.13 12:02:10.321,0.89352,0.89385,1.00,1.37
2014.11.13 12:02:10.869,0.89353,0.89385,1.00,1.37
2014.11.13 12:02:11.615,0.89351,0.8939,1.50,2.25
2014.11.13 12:02:11.666,0.89354,0.89391,1.50,1.35
2014.11.13 12:02:11.716,0.89354,0.89392,1.50,2.10
2014.11.13 12:02:11.918,0.89353,0.89395,1.12,1.75
2014.11.13 12:02:12.191,0.89353,0.89395,1.00,2.25
2014.11.13 12:02:12.524,0.89357,0.89395,1.00,1.37
2014.11.13 12:02:12.824,0.89352,0.89395,1.37,1.37
2014.11.13 12:02:13.200,0.89357,0.89397,1.00,1.75
2014.11.13 12:02:13.401,0.89354,0.89397,1.87,1.37
2014.11.13 12:02:13.502,0.89359,0.89397,1.50,1.37
2014.11.13 12:02:13.814,0.89363,0.89397,1.00,1.37
2014.11.13 12:02:16.718,0.89363,0.89398,1.00,1.87
2014.11.13 12:02:17.020,0.89362,0.89395,1.00,2.25
2014.11.13 12:02:17.121,0.89357,0.89395,1.00,2.25
2014.11.13 12:02:17.283,0.89357,0.89387,1.00,1.00
2014.11.13 12:02:17.383,0.89353,0.89387,1.00,1.00
2014.11.13 12:02:17.534,0.89353,0.89387,1.00,1.37
2014.11.13 12:02:17.883,0.89358,0.89387,1.00,1.37
2014.11.13 12:02:18.194,0.89358,0.89387,1.00,1.12
2014.11.13 12:02:19.096,0.89353,0.89387,1.00,1.12
2014.11.13 12:02:19.642,0.89358,0.89387,1.00,1.12
2014.11.13 12:02:20.400,0.89358,0.89379,1.00,1.00
2014.11.13 12:02:20.451,0.89352,0.89379,1.00,1.00
2014.11.13 12:02:20.670,0.89358,0.89379,1.00,1.00
2014.11.13 12:02:20.855,0.89353,0.89379,1.00,1.00
2014.11.13 12:02:21.074,0.89347,0.89379,1.00,1.00
2014.11.13 12:02:21.193,0.8935,0.89379,1.50,1.00
2014.11.13 12:02:21.621,0.89357,0.89379,1.00,1.00
2014.11.13 12:02:22.064,0.89352,0.89379,1.00,1.00
2014.11.13 12:02:22.393,0.89358,0.89379,1.00,1.00
2014.11.13 12:02:23.493,0.89357,0.89379,1.00,1.00
2014.11.13 12:02:23.694,0.89357,0.89391,1.00,1.87
2014.11.13 12:02:23.845,0.89357,0.89394,1.00,1.37
2014.11.13 12:02:23.946,0.89357,0.89394,1.37,1.12
2014.11.13 12:02:24.147,0.89357,0.89394,1.37,1.00
2014.11.13 12:02:24.529,0.89362,0.89394,1.00,1.00
2014.11.13 12:02:24.894,0.89362,0.89401,1.00,1.50
2014.11.13 12:02:25.584,0.89358,0.89401,1.87,1.50
2014.11.13 12:02:26.574,0.89362,0.89401,1.00,1.50
2014.11.13 12:02:26.943,0.89362,0.89401,1.00,1.75
2014.11.13 12:02:27.145,0.89358,0.89395,1.12,1.37
2014.11.13 12:02:27.470,0.89357,0.89395,1.87,1.00
2014.11.13 12:02:27.772,0.89362,0.89395,2.25,1.00
2014.11.13 12:02:28.114,0.89362,0.89391,2.25,1.00
2014.11.13 12:02:28.891,0.89363,0.89391,1.00,1.00
2014.11.13 12:02:30.105,0.89362,0.89391,1.00,1.00
2014.11.13 12:02:31.044,0.89362,0.8939,1.00,1.00
2014.11.13 12:02:35.324,0.89362,0.89391,1.00,1.00
2014.11.13 12:02:35.725,0.8936,0.89391,1.50,1.00
2014.11.13 12:02:35.825,0.89363,0.89391,1.00,1.00
2014.11.13 12:02:36.992,0.89363,0.89395,1.00,1.00
2014.11.13 12:02:37.833,0.89358,0.89395,1.12,1.00
2014.11.13 12:02:37.883,0.89358,0.89395,1.37,1.00
2014.11.13 12:02:38.185,0.89363,0.89403,1.00,1.37
2014.11.13 12:02:42.373,0.89363,0.89404,1.00,3.75
2014.11.13 12:02:46.833,0.89362,0.894,1.00,1.50
2014.11.13 12:02:47.428,0.89363,0.894,1.00,1.50
2014.11.13 12:02:50.711,0.89363,0.89402,1.00,1.37
2014.11.13 12:02:52.609,0.89363,0.89406,2.25,1.75
2014.11.13 12:03:04.858,0.89363,0.89407,1.87,3.00
2014.11.13 12:03:05.160,0.89368,0.89408,1.37,1.37
2014.11.13 12:03:06.302,0.89373,0.89411,1.00,1.75
2014.11.13 12:03:17.412,0.89373,0.8941,1.00,2.25
2014.11.13 12:03:18.734,0.89373,0.89405,1.00,1.50
2014.11.13 12:03:20.082,0.89372,0.89405,1.00,3.00
2014.11.13 12:03:20.183,0.89368,0.89405,1.00,3.00
2014.11.13 12:03:20.384,0.89363,0.89405,1.00,3.00
2014.11.13 12:03:20.435,0.89363,0.89405,1.00,3.00
2014.11.13 12:03:20.653,0.89358,0.89402,1.37,1.75
2014.11.13 12:03:20.854,0.89368,0.89402,1.00,1.75
2014.11.13 12:03:22.036,0.89368,0.89402,1.00,3.00
2014.11.13 12:03:22.189,0.89363,0.89402,1.00,1.75
2014.11.13 12:03:22.364,0.8936,0.89402,1.00,1.75
2014.11.13 12:03:22.532,0.89362,0.89401,1.50,2.25
2014.11.13 12:03:23.079,0.89367,0.89401,1.00,2.25
2014.11.13 12:03:23.903,0.89363,0.89402,1.00,1.75
2014.11.13 12:03:25.662,0.89361,0.89402,1.50,3.00
2014.11.13 12:03:25.713,0.89361,0.89402,1.50,2.62
2014.11.13 12:03:26.150,0.89363,0.89402,1.00,3.37
2014.11.13 12:03:27.093,0.89361,0.89402,1.50,3.37
2014.11.13 12:03:27.202,0.89359,0.89402,1.87,2.25
2014.11.13 12:03:29.234,0.89362,0.89402,1.00,1.75
2014.11.13 12:03:30.009,0.89363,0.89402,1.00,1.75
2014.11.13 12:03:30.207,0.89358,0.894,1.87,1.50
2014.11.13 12:03:30.308,0.89362,0.894,1.00,1.50
2014.11.13 12:03:30.607,0.89362,0.894,1.00,1.37
2014.11.13 12:03:30.832,0.89357,0.894,2.62,1.37
2014.11.13 12:03:31.050,0.89362,0.894,1.50,1.37
2014.11.13 12:03:31.661,0.89363,0.894,1.00,1.37
2014.11.13 12:03:32.592,0.89362,0.894,1.50,1.37
2014.11.13 12:03:32.702,0.89358,0.894,2.62,1.37
2014.11.13 12:03:34.355,0.89362,0.89399,1.00,1.37
2014.11.13 12:03:34.963,0.89363,0.89399,1.00,1.37
2014.11.13 12:03:38.663,0.89362,0.89402,1.00,1.75
2014.11.13 12:03:38.729,0.89362,0.89402,1.00,1.50
2014.11.13 12:03:38.879,0.89357,0.89402,1.87,1.37
2014.11.13 12:03:39.084,0.89368,0.89402,1.00,2.62
2014.11.13 12:03:39.602,0.89367,0.89402,1.00,2.62
2014.11.13 12:03:40.292,0.89367,0.89405,1.50,2.25
2014.11.13 12:03:40.393,0.89362,0.89407,1.37,1.75
2014.11.13 12:03:40.572,0.89367,0.89407,1.00,1.75
2014.11.13 12:03:40.876,0.89373,0.89403,1.00,1.12
2014.11.13 12:03:41.063,0.89368,0.89403,1.50,1.12
2014.11.13 12:03:41.122,0.89371,0.89403,1.50,1.12
2014.11.13 12:03:41.273,0.89371,0.89407,1.50,1.37
2014.11.13 12:03:41.836,0.89372,0.89407,1.00,1.50
2014.11.13 12:03:42.088,0.89368,0.89407,3.00,3.00
2014.11.13 12:03:42.339,0.89369,0.89406,1.50,1.37
2014.11.13 12:03:42.936,0.89368,0.89409,1.00,1.50
2014.11.13 12:03:43.062,0.89368,0.89409,1.00,1.75
2014.11.13 12:03:43.113,0.89363,0.89409,1.37,1.75
2014.11.13 12:03:43.163,0.89368,0.89409,1.00,1.75
2014.11.13 12:03:43.373,0.89362,0.89408,1.37,1.75
2014.11.13 12:03:45.313,0.89366,0.89404,1.50,1.37
2014.11.13 12:03:45.546,0.89366,0.89404,1.50,1.50
2014.11.13 12:03:46.152,0.89366,0.89404,1.50,1.37
2014.11.13 12:03:47.062,0.89367,0.89407,1.50,1.75
2014.11.13 12:03:50.860,0.89367,0.89407,1.50,1.75
2014.11.13 12:03:54.608,0.89367,0.89407,2.62,1.37
2014.11.13 12:03:55.014,0.8937,0.89407,1.50,1.37
2014.11.13 12:03:55.362,0.89373,0.89407,1.00,1.37
2014.11.13 12:03:55.583,0.89371,0.89409,1.50,2.25
2014.11.13 12:03:55.684,0.89368,0.89409,2.25,2.25
2014.11.13 12:03:56.209,0.89368,0.89409,2.25,1.75
2014.11.13 12:03:56.632,0.89365,0.89409,1.87,1.75
2014.11.13 12:03:57.150,0.89365,0.89409,1.87,1.75
2014.11.13 12:03:58.686,0.89365,0.89409,1.87,1.75
2014.11.13 12:03:58.736,0.89369,0.89409,1.50,1.75
2014.11.13 12:03:59.461,0.89369,0.89409,1.50,1.75
2014.11.13 12:03:59.891,0.8937,0.89409,1.50,1.37
2014.11.13 12:04:04.883,0.89366,0.89409,1.87,1.37
2014.11.13 12:04:05.823,0.89367,0.89412,1.87,1.37
2014.11.13 12:04:06.125,0.89378,0.89416,1.50,3.00
2014.11.13 12:04:06.225,0.89379,0.89417,1.50,1.50
2014.11.13 12:04:07.776,0.89377,0.89417,2.25,3.00
2014.11.13 12:04:08.816,0.89377,0.89415,2.25,1.37
2014.11.13 12:04:12.851,0.89378,0.89415,1.00,1.37
2014.11.13 12:04:14.280,0.89377,0.89415,1.50,1.37
2014.11.13 12:04:14.381,0.89373,0.89406,1.00,2.25
2014.11.13 12:04:14.432,0.89368,0.89406,1.00,2.62
2014.11.13 12:04:14.712,0.89373,0.89406,1.50,1.00
2014.11.13 12:04:14.913,0.89368,0.89405,1.00,1.50
2014.11.13 12:04:14.964,0.89368,0.89405,1.00,1.87
2014.11.13 12:04:15.165,0.89368,0.89406,1.37,1.37
2014.11.13 12:04:15.370,0.89375,0.89412,1.50,1.75
2014.11.13 12:04:15.941,0.89375,0.89412,1.50,1.75
2014.11.13 12:04:16.143,0.89375,0.89412,1.50,1.37
2014.11.13 12:04:17.068,0.89375,0.89408,1.50,1.00
2014.11.13 12:04:17.628,0.89375,0.89407,1.50,1.00
2014.11.13 12:04:19.372,0.89376,0.89407,1.50,1.00
2014.11.13 12:04:20.403,0.89375,0.89407,1.50,1.00
2014.11.13 12:04:21.873,0.89375,0.89412,1.50,1.37
2014.11.13 12:04:22.369,0.89374,0.89411,1.50,2.47
2014.11.13 12:04:22.419,0.89369,0.89405,1.00,1.50
2014.11.13 12:04:22.470,0.89369,0.89405,1.00,1.87
2014.11.13 12:04:22.520,0.89367,0.89405,1.50,2.62
2014.11.13 12:04:22.672,0.89368,0.89405,2.25,1.12
2014.11.13 12:04:22.722,0.89373,0.89405,1.50,1.12
2014.11.13 12:04:22.973,0.89367,0.89404,1.50,1.87
2014.11.13 12:04:23.175,0.89371,0.89408,1.50,1.37
2014.11.13 12:04:23.376,0.89368,0.89404,1.50,1.50
2014.11.13 12:04:23.477,0.89368,0.89404,1.50,1.87
2014.11.13 12:04:23.678,0.89368,0.89407,1.37,1.37
2014.11.13 12:04:23.729,0.89372,0.89407,1.50,1.37
2014.11.13 12:04:24.249,0.89373,0.89407,1.50,1.37
2014.11.13 12:04:25.131,0.89374,0.89407,1.50,1.37
2014.11.13 12:04:25.461,0.89372,0.89407,1.50,1.37
2014.11.13 12:04:26.141,0.89371,0.89408,1.50,1.37
2014.11.13 12:04:29.630,0.89371,0.89405,1.50,1.67
2014.11.13 12:04:29.681,0.89368,0.89398,1.00,1.00
2014.11.13 12:04:29.832,0.89362,0.89398,1.12,1.12
2014.11.13 12:04:30.132,0.89368,0.89398,1.00,1.37
2014.11.13 12:04:30.371,0.89363,0.89396,1.00,1.37
2014.11.13 12:04:33.873,0.89362,0.89398,1.00,1.87
2014.11.13 12:04:34.124,0.89362,0.89396,1.00,2.25
2014.11.13 12:04:37.833,0.89363,0.89397,1.00,3.00
2014.11.13 12:04:41.562,0.89362,0.89396,1.00,3.00
2014.11.13 12:04:42.319,0.89362,0.89394,1.00,1.75
2014.11.13 12:04:42.671,0.89358,0.89391,1.00,1.50
2014.11.13 12:04:47.291,0.89353,0.89391,1.00,1.50
2014.11.13 12:04:52.140,0.89358,0.8939,1.00,1.37
2014.11.13 12:04:54.101,0.89352,0.89393,1.00,1.75
2014.11.13 12:04:54.700,0.89353,0.89392,1.00,1.75
2014.11.13 12:04:55.358,0.89352,0.89393,1.00,1.75
2014.11.13 12:04:56.081,0.89358,0.89394,1.00,3.00
2014.11.13 12:05:02.581,0.89357,0.89392,1.00,2.25
2014.11.13 12:05:03.121,0.89358,0.89392,1.00,2.25
2014.11.13 12:05:05.103,0.89357,0.89392,1.00,2.25
2014.11.13 12:05:05.374,0.89358,0.89393,1.00,1.50
2014.11.13 12:05:05.833,0.89358,0.89395,1.00,1.50
2014.11.13 12:05:06.036,0.89357,0.89395,1.37,1.37
2014.11.13 12:05:06.442,0.89358,0.89401,1.12,1.50
2014.11.13 12:05:07.551,0.89358,0.894,1.00,2.25
2014.11.13 12:05:08.133,0.89358,0.89401,1.12,1.75
2014.11.13 12:05:12.076,0.89357,0.894,1.00,2.25
2014.11.13 12:05:13.811,0.89357,0.894,1.00,2.25
2014.11.13 12:05:16.122,0.89358,0.89399,1.00,1.75
2014.11.13 12:05:18.853,0.89357,0.89398,1.00,2.25
2014.11.13 12:05:18.954,0.89357,0.89399,1.37,2.25
2014.11.13 12:05:19.255,0.89357,0.89403,3.00,1.50
2014.11.13 12:05:19.356,0.89357,0.89403,3.00,1.75
2014.11.13 12:05:19.658,0.89363,0.89405,1.00,3.00
2014.11.13 12:05:19.759,0.89363,0.894,1.12,1.00
2014.11.13 12:05:19.960,0.89367,0.894,1.50,1.00
2014.11.13 12:05:20.491,0.89368,0.894,1.00,1.00
2014.11.13 12:05:21.011,0.89367,0.894,1.12,1.00
2014.11.13 12:05:21.061,0.89367,0.89405,1.12,1.72
2014.11.13 12:05:21.506,0.89373,0.89405,1.00,1.72
2014.11.13 12:05:21.822,0.89368,0.89405,1.00,1.72
2014.11.13 12:05:23.584,0.89373,0.89405,1.00,1.72
2014.11.13 12:05:23.802,0.89367,0.89405,1.00,1.72
2014.11.13 12:05:23.912,0.89373,0.89405,1.00,1.72
2014.11.13 12:05:24.134,0.89368,0.89406,1.00,1.97
2014.11.13 12:05:26.922,0.89373,0.89404,1.00,1.37
2014.11.13 12:05:28.642,0.89372,0.89404,1.00,1.37
2014.11.13 12:05:28.878,0.89368,0.89409,1.00,3.00
2014.11.13 12:05:29.487,0.89367,0.89409,1.00,1.75
2014.11.13 12:05:30.071,0.89373,0.89409,1.00,1.75
2014.11.13 12:05:30.292,0.89368,0.89409,1.12,1.50
2014.11.13 12:05:30.362,0.89368,0.89409,1.00,1.75
2014.11.13 12:05:31.383,0.89368,0.89408,1.00,3.00
2014.11.13 12:05:31.903,0.89367,0.89407,1.00,3.00
2014.11.13 12:05:32.601,0.89368,0.89407,1.00,3.75
2014.11.13 12:05:33.170,0.89368,0.89407,1.00,3.75
2014.11.13 12:05:33.829,0.89372,0.89404,1.00,1.87
2014.11.13 12:05:34.159,0.89368,0.89404,1.00,1.87
2014.11.13 12:05:35.361,0.89367,0.89404,1.00,1.37
2014.11.13 12:05:36.079,0.89367,0.89404,1.00,1.37
2014.11.13 12:05:37.891,0.89368,0.89403,1.00,1.37
2014.11.13 12:05:38.120,0.89372,0.89403,1.00,1.37
2014.11.13 12:05:39.872,0.89368,0.89402,1.00,1.37
2014.11.13 12:05:40.382,0.89367,0.89402,1.00,1.37
2014.11.13 12:05:40.535,0.89368,0.89406,2.25,1.87
2014.11.13 12:05:40.636,0.89368,0.89407,1.00,3.00
2014.11.13 12:05:41.372,0.89367,0.89407,1.00,2.25
2014.11.13 12:05:44.682,0.89368,0.89407,1.50,3.00
2014.11.13 12:05:44.733,0.89368,0.89407,1.50,2.62
2014.11.13 12:05:45.634,0.89368,0.89406,1.00,2.25
2014.11.13 12:05:46.307,0.89368,0.89406,1.00,2.25
2014.11.13 12:05:46.411,0.89368,0.89406,1.00,1.87
2014.11.13 12:05:46.961,0.89367,0.89404,1.00,1.87
2014.11.13 12:05:49.664,0.89368,0.89401,1.00,1.87
2014.11.13 12:05:49.923,0.89373,0.89402,1.00,1.00
2014.11.13 12:05:50.095,0.89369,0.89402,1.50,1.00
2014.11.13 12:05:50.145,0.89373,0.89402,1.50,1.00
2014.11.13 12:05:50.296,0.89373,0.8941,1.50,1.37
2014.11.13 12:05:50.447,0.89378,0.8941,1.00,1.37
2014.11.13 12:05:50.994,0.89378,0.8941,1.00,1.37
2014.11.13 12:05:52.290,0.89373,0.89409,1.00,1.87
2014.11.13 12:05:52.452,0.89372,0.89409,1.00,1.87
2014.11.13 12:05:52.993,0.89373,0.89409,1.00,1.87
2014.11.13 12:05:55.260,0.89371,0.89408,1.50,1.37
2014.11.13 12:05:55.842,0.8937,0.89408,1.87,1.37
2014.11.13 12:05:56.401,0.89369,0.89405,1.87,1.00
2014.11.13 12:05:56.802,0.89373,0.89405,1.00,1.00
2014.11.13 12:05:58.562,0.89372,0.89405,1.00,1.00
2014.11.13 12:06:00.431,0.89373,0.89405,1.00,1.00
2014.11.13 12:06:01.125,0.89372,0.89405,1.00,1.00
2014.11.13 12:06:01.887,0.89373,0.89405,1.00,1.00
2014.11.13 12:06:02.547,0.89372,0.89405,1.00,1.00
2014.11.13 12:06:04.581,0.89372,0.89404,1.00,1.00
2014.11.13 12:06:13.872,0.89373,0.89404,1.00,1.00
2014.11.13 12:06:14.841,0.89372,0.89404,1.00,1.00
2014.11.13 12:06:16.790,0.89372,0.89406,1.00,1.00
2014.11.13 12:06:19.870,0.89372,0.89404,1.00,1.00
2014.11.13 12:06:23.169,0.89372,0.89405,1.00,1.00
2014.11.13 12:06:24.796,0.89373,0.89405,1.00,1.00
2014.11.13 12:06:28.151,0.89372,0.89405,1.00,1.00
2014.11.13 12:06:36.040,0.89372,0.89406,1.00,1.00
2014.11.13 12:06:36.530,0.89372,0.89406,2.62,1.00
2014.11.13 12:06:36.681,0.89372,0.89406,2.62,1.00
2014.11.13 12:06:40.810,0.89373,0.89406,1.37,1.00
2014.11.13 12:06:41.153,0.89373,0.89406,1.00,1.00
2014.11.13 12:06:43.140,0.89377,0.89406,1.50,1.00
2014.11.13 12:06:43.392,0.89373,0.89406,1.12,1.00
2014.11.13 12:06:43.611,0.89376,0.89406,1.50,1.00
2014.11.13 12:06:43.712,0.89374,0.89406,1.50,1.00
2014.11.13 12:06:44.288,0.89373,0.89406,1.00,1.00
2014.11.13 12:06:45.059,0.89373,0.89405,1.00,1.00
2014.11.13 12:06:45.638,0.89373,0.89405,1.37,1.00
2014.11.13 12:06:46.414,0.89373,0.89405,1.00,1.00
2014.11.13 12:06:50.373,0.89372,0.89405,1.12,1.00
2014.11.13 12:06:55.890,0.89368,0.89405,2.25,1.37
2014.11.13 12:06:55.991,0.89372,0.89405,1.00,2.62
2014.11.13 12:06:56.092,0.89368,0.89405,1.00,2.62
2014.11.13 12:06:56.142,0.89368,0.89399,1.00,1.87
2014.11.13 12:06:57.692,0.89368,0.894,1.00,1.87
2014.11.13 12:06:57.849,0.89368,0.894,1.00,1.50
2014.11.13 12:06:57.900,0.89362,0.89401,2.62,1.87
2014.11.13 12:06:58.071,0.89372,0.89401,1.00,1.87
2014.11.13 12:06:58.292,0.89372,0.89403,1.00,1.50
2014.11.13 12:06:58.671,0.89373,0.89405,1.00,1.00
2014.11.13 12:06:59.259,0.89373,0.89406,1.00,1.12
2014.11.13 12:07:02.359,0.89372,0.89406,1.00,1.12
2014.11.13 12:07:04.340,0.89373,0.89406,1.00,1.12
2014.11.13 12:07:05.110,0.89372,0.89406,1.00,2.62
2014.11.13 12:07:05.268,0.89375,0.89408,1.50,1.12
2014.11.13 12:07:05.421,0.89377,0.89416,3.22,1.37
2014.11.13 12:07:05.471,0.89377,0.89416,3.45,1.00
2014.11.13 12:07:05.881,0.89387,0.89416,1.00,1.00
2014.11.13 12:07:05.982,0.89387,0.89421,1.00,1.87
2014.11.13 12:07:06.072,0.89387,0.89421,1.00,1.87
2014.11.13 12:07:06.123,0.89383,0.89421,1.37,1.87
2014.11.13 12:07:06.324,0.89387,0.89421,1.00,1.87
2014.11.13 12:07:07.411,0.89387,0.89422,1.00,1.87
2014.11.13 12:07:07.641,0.89393,0.89424,1.00,1.87
2014.11.13 12:07:08.273,0.89393,0.89422,1.00,1.50
2014.11.13 12:07:09.179,0.89392,0.89422,1.00,1.50
2014.11.13 12:07:09.850,0.89392,0.89423,1.00,1.87
2014.11.13 12:07:11.382,0.89393,0.89423,1.00,1.87
2014.11.13 12:07:11.829,0.89393,0.89422,1.00,1.87
2014.11.13 12:07:23.144,0.89393,0.89421,1.00,1.87
2014.11.13 12:07:24.516,0.89393,0.89421,1.00,1.50
2014.11.13 12:07:24.718,0.89393,0.89425,1.00,1.37
2014.11.13 12:07:24.920,0.89397,0.89424,1.00,1.87
2014.11.13 12:07:25.171,0.89393,0.89423,1.00,1.87
2014.11.13 12:07:25.844,0.89393,0.89423,1.00,1.87
2014.11.13 12:07:26.459,0.89392,0.89423,1.00,1.87
2014.11.13 12:07:27.425,0.89392,0.89424,1.00,1.87
2014.11.13 12:07:27.929,0.89393,0.89424,1.00,1.87
2014.11.13 12:07:28.478,0.89393,0.89424,1.00,1.87
2014.11.13 12:07:31.450,0.89393,0.89423,1.00,1.87
2014.11.13 12:07:34.857,0.89397,0.89426,1.00,1.37
2014.11.13 12:07:35.189,0.89392,0.89426,1.00,1.37
2014.11.13 12:07:35.359,0.89398,0.89426,1.00,1.37
2014.11.13 12:07:35.740,0.89392,0.89426,1.12,1.00
2014.11.13 12:07:35.799,0.89398,0.89426,1.00,1.00
2014.11.13 12:07:35.900,0.89398,0.89434,1.00,3.97
2014.11.13 12:07:39.762,0.89397,0.89434,1.00,3.37
2014.11.13 12:07:40.320,0.89398,0.89434,1.00,1.87
2014.11.13 12:07:41.638,0.89396,0.89434,1.50,1.37
2014.11.13 12:07:41.850,0.89402,0.89434,1.00,1.37
2014.11.13 12:07:42.261,0.89402,0.89434,1.00,1.37
2014.11.13 12:07:42.613,0.89402,0.89438,1.00,2.62
2014.11.13 12:07:43.059,0.89408,0.89438,1.00,1.87
2014.11.13 12:07:43.171,0.89402,0.89438,1.00,1.87
2014.11.13 12:07:43.516,0.89404,0.89436,1.50,1.00
2014.11.13 12:07:43.669,0.89403,0.89442,1.00,1.37
2014.11.13 12:07:44.380,0.89402,0.89443,1.12,3.37
2014.11.13 12:07:44.722,0.89404,0.89442,1.50,1.37
2014.11.13 12:07:45.488,0.89406,0.89443,1.50,1.37
2014.11.13 12:07:47.349,0.89408,0.89445,1.00,2.62
2014.11.13 12:07:50.098,0.89407,0.89445,1.00,2.62
2014.11.13 12:07:51.156,0.89407,0.89445,1.00,2.62
2014.11.13 12:07:51.861,0.89408,0.89445,1.00,1.37
2014.11.13 12:07:52.301,0.89404,0.89445,1.87,1.37
2014.11.13 12:07:52.452,0.89403,0.89444,1.87,2.25
2014.11.13 12:07:52.788,0.89407,0.89438,1.00,1.87
2014.11.13 12:07:52.889,0.89403,0.89437,1.00,1.87
2014.11.13 12:07:53.046,0.89403,0.89437,1.00,3.00
2014.11.13 12:07:53.097,0.89398,0.89437,1.00,3.00
2014.11.13 12:07:53.618,0.89397,0.89436,1.00,2.25
2014.11.13 12:07:54.306,0.89393,0.89433,2.62,1.87
2014.11.13 12:07:54.999,0.89392,0.89437,2.62,1.87
2014.11.13 12:07:55.723,0.89398,0.89436,1.50,1.87
2014.11.13 12:07:56.038,0.89402,0.89436,1.00,1.87
2014.11.13 12:07:56.624,0.89403,0.89436,1.00,1.87
2014.11.13 12:07:59.818,0.89403,0.89438,1.00,2.62
2014.11.13 12:07:59.919,0.89398,0.89438,1.12,1.87
2014.11.13 12:08:00.437,0.89403,0.89438,1.00,3.37
2014.11.13 12:08:02.088,0.89402,0.89438,1.00,3.37
2014.11.13 12:08:02.527,0.89398,0.89438,1.00,3.37
2014.11.13 12:08:02.858,0.89402,0.89438,1.00,2.62
2014.11.13 12:08:04.397,0.89403,0.89438,1.00,2.62
2014.11.13 12:08:05.073,0.89402,0.89437,1.00,1.87
2014.11.13 12:08:06.479,0.89402,0.89437,1.00,3.00
2014.11.13 12:08:07.038,0.89398,0.89437,2.25,3.00
2014.11.13 12:08:07.157,0.89398,0.89437,2.62,2.62
2014.11.13 12:08:07.369,0.89403,0.89437,1.00,2.62
2014.11.13 12:08:08.372,0.89402,0.89438,1.00,2.62
2014.11.13 12:08:09.466,0.89402,0.89438,1.00,2.62
2014.11.13 12:08:09.575,0.89402,0.89438,1.00,2.62
2014.11.13 12:08:09.977,0.89403,0.89438,1.87,1.00
2014.11.13 12:08:10.356,0.89408,0.89438,1.50,1.00
2014.11.13 12:08:11.015,0.89409,0.89438,1.50,1.00
2014.11.13 12:08:11.068,0.89409,0.89445,1.50,1.37
2014.11.13 12:08:13.648,0.89408,0.89445,1.00,1.37
2014.11.13 12:08:14.732,0.89407,0.89444,2.25,1.87
2014.11.13 12:08:16.389,0.89408,0.89444,1.00,1.87
2014.11.13 12:08:21.242,0.89408,0.89444,1.00,1.87
2014.11.13 12:08:22.559,0.89409,0.89445,1.87,1.00
2014.11.13 12:08:22.897,0.89413,0.89445,1.00,1.00
2014.11.13 12:08:24.097,0.89413,0.89448,1.12,1.00
2014.11.13 12:08:24.913,0.89414,0.89448,1.50,1.00
2014.11.13 12:08:26.808,0.89414,0.89447,1.50,1.00
2014.11.13 12:08:28.535,0.89411,0.89447,1.87,1.50
2014.11.13 12:08:28.938,0.89408,0.89447,2.62,2.62
2014.11.13 12:08:31.278,0.8941,0.89447,1.50,1.37
2014.11.13 12:08:31.618,0.89413,0.89445,1.00,1.12
2014.11.13 12:08:32.178,0.89412,0.89445,1.00,2.62
2014.11.13 12:08:33.107,0.89408,0.89445,2.25,1.87
2014.11.13 12:08:34.097,0.89413,0.89445,1.00,1.87
2014.11.13 12:08:35.307,0.89412,0.89445,1.00,1.87
2014.11.13 12:08:35.637,0.89408,0.89445,1.00,1.87
2014.11.13 12:08:36.138,0.89407,0.89445,1.12,1.87
2014.11.13 12:08:37.301,0.89407,0.89445,1.12,1.87
2014.11.13 12:08:42.857,0.89407,0.89445,1.12,1.50
2014.11.13 12:08:44.350,0.89413,0.89436,1.00,1.00
2014.11.13 12:08:44.451,0.89408,0.89436,1.00,1.00
2014.11.13 12:08:44.657,0.89413,0.89436,1.00,1.00
2014.11.13 12:08:47.426,0.89408,0.89436,1.00,1.00
2014.11.13 12:08:47.828,0.89408,0.89434,1.00,1.00
2014.11.13 12:08:47.879,0.89399,0.89434,2.70,1.00
2014.11.13 12:08:48.232,0.89399,0.89434,2.10,2.62
2014.11.13 12:08:48.578,0.89399,0.8943,2.10,1.50
2014.11.13 12:08:48.885,0.89399,0.89428,2.10,1.50
2014.11.13 12:08:49.087,0.89399,0.8943,2.10,1.50
2014.11.13 12:08:50.311,0.89399,0.89431,2.10,1.50
2014.11.13 12:08:50.512,0.89398,0.89434,1.00,2.62
2014.11.13 12:08:50.648,0.89396,0.89433,1.50,1.87
2014.11.13 12:08:50.817,0.89403,0.89433,1.00,1.87
2014.11.13 12:08:51.195,0.89397,0.89433,1.00,1.87
2014.11.13 12:08:51.587,0.89403,0.89431,1.00,1.50
2014.11.13 12:08:52.797,0.89398,0.89431,1.00,1.87
2014.11.13 12:08:58.077,0.89403,0.89431,1.00,1.87
2014.11.13 12:08:58.651,0.89397,0.89431,1.00,1.87
2014.11.13 12:08:59.417,0.89403,0.89431,1.00,1.87
2014.11.13 12:09:00.387,0.89398,0.89431,1.00,1.87
2014.11.13 12:09:00.963,0.89397,0.89431,1.00,1.87
2014.11.13 12:09:01.747,0.89397,0.8943,1.00,1.50
2014.11.13 12:09:02.283,0.89397,0.8943,1.00,1.87
2014.11.13 12:09:02.920,0.89398,0.89431,1.00,1.87
2014.11.13 12:09:05.120,0.89397,0.89429,1.00,1.87
2014.11.13 12:09:09.626,0.89398,0.89431,1.00,1.87
2014.11.13 12:09:14.203,0.89398,0.89426,1.00,1.87
2014.11.13 12:09:14.505,0.89398,0.89424,1.00,1.87
2014.11.13 12:09:14.606,0.89393,0.89424,1.00,1.87
2014.11.13 12:09:14.998,0.89392,0.89425,1.00,2.62
2014.11.13 12:09:15.099,0.89392,0.89425,1.00,1.37
2014.11.13 12:09:15.608,0.89397,0.89424,1.00,1.00
2014.11.13 12:09:16.147,0.89398,0.89424,1.00,1.00
2014.11.13 12:09:16.227,0.89392,0.89424,2.25,1.00
2014.11.13 12:09:16.557,0.89398,0.89424,1.00,1.00
2014.11.13 12:09:17.227,0.89398,0.89428,1.00,1.35
2014.11.13 12:09:17.876,0.89398,0.89427,1.00,1.00
2014.11.13 12:09:18.028,0.89398,0.89427,1.00,1.37
2014.11.13 12:09:18.129,0.89393,0.89427,1.00,1.37
2014.11.13 12:09:18.230,0.89393,0.89417,1.00,1.00
2014.11.13 12:09:18.584,0.89388,0.89417,1.00,1.00
2014.11.13 12:09:18.889,0.89393,0.89417,1.00,1.00
2014.11.13 12:09:20.077,0.89397,0.89417,1.00,1.00
2014.11.13 12:09:20.439,0.89392,0.89416,1.00,1.00
2014.11.13 12:09:20.998,0.89393,0.89416,1.00,1.00
2014.11.13 12:09:21.277,0.89393,0.89418,1.00,1.00
2014.11.13 12:09:21.478,0.89396,0.89418,1.50,1.00
2014.11.13 12:09:21.780,0.89398,0.89418,1.50,1.00
2014.11.13 12:09:22.266,0.89398,0.89428,2.25,1.35
2014.11.13 12:09:23.857,0.89395,0.89428,1.50,1.35
2014.11.13 12:09:24.399,0.89396,0.89428,1.50,1.35
2014.11.13 12:09:24.617,0.89398,0.89428,1.00,1.00
2014.11.13 12:09:25.026,0.89402,0.89428,1.00,1.00
2014.11.13 12:09:25.357,0.89398,0.89428,2.25,1.00
2014.11.13 12:09:26.127,0.89397,0.89428,1.00,1.00
2014.11.13 12:09:26.709,0.89397,0.89429,1.00,1.00
2014.11.13 12:09:30.307,0.89398,0.89429,1.00,1.00
2014.11.13 12:09:32.278,0.89398,0.89421,1.00,1.00
2014.11.13 12:09:32.328,0.89393,0.89421,1.37,1.00
2014.11.13 12:09:32.379,0.89393,0.89421,1.00,1.00
2014.11.13 12:09:32.631,0.89398,0.89421,1.00,1.00
2014.11.13 12:09:32.840,0.89392,0.89421,2.25,1.00
2014.11.13 12:09:33.647,0.89389,0.89421,1.87,1.00
2014.11.13 12:09:33.798,0.89388,0.89421,1.00,1.00
2014.11.13 12:09:34.013,0.89391,0.89421,1.50,1.00
2014.11.13 12:09:34.214,0.89387,0.89421,1.00,1.12
2014.11.13 12:09:34.527,0.89389,0.89421,1.50,1.00
2014.11.13 12:09:34.967,0.89391,0.89421,1.50,1.00
2014.11.13 12:09:35.737,0.89389,0.89421,1.87,1.00
2014.11.13 12:09:36.292,0.89388,0.89421,1.00,1.00
2014.11.13 12:09:38.178,0.89388,0.89421,1.37,1.00
2014.11.13 12:09:38.279,0.89392,0.89421,1.50,1.00
2014.11.13 12:09:41.342,0.89392,0.89429,1.87,1.00
2014.11.13 12:09:41.393,0.89394,0.89429,1.87,1.00
2014.11.13 12:09:41.695,0.89403,0.89429,1.00,1.00
2014.11.13 12:09:41.897,0.894,0.89429,1.50,1.00
2014.11.13 12:09:42.086,0.89403,0.89429,1.00,1.00
2014.11.13 12:09:43.727,0.89403,0.89432,1.00,1.00
2014.11.13 12:09:45.367,0.89403,0.89428,1.00,1.00
2014.11.13 12:09:45.418,0.89398,0.89428,1.00,1.00
2014.11.13 12:09:46.060,0.89392,0.89428,2.62,1.00
2014.11.13 12:09:46.686,0.89392,0.89421,2.62,1.00
2014.11.13 12:09:49.355,0.89393,0.89428,1.12,1.00
2014.11.13 12:09:49.856,0.89393,0.89428,1.87,1.00
2014.11.13 12:09:49.927,0.89397,0.89428,1.50,1.00
2014.11.13 12:09:50.487,0.89398,0.89428,1.00,1.00
2014.11.13 12:09:52.314,0.89398,0.89429,1.00,1.35
2014.11.13 12:09:52.897,0.89399,0.89429,1.50,1.35
2014.11.13 12:09:58.506,0.89398,0.89429,2.25,1.35
2014.11.13 12:09:59.355,0.89398,0.89428,1.00,1.00
2014.11.13 12:10:03.186,0.89398,0.8943,1.00,1.60
2014.11.13 12:10:03.589,0.89393,0.89429,2.62,1.30
2014.11.13 12:10:03.690,0.89393,0.8943,2.25,1.97
2014.11.13 12:10:04.355,0.89392,0.89429,1.00,2.47
2014.11.13 12:10:05.465,0.89392,0.89429,1.00,2.85
2014.11.13 12:10:06.270,0.89392,0.89429,1.00,2.47
2014.11.13 12:10:07.644,0.89397,0.8943,1.00,3.22
2014.11.13 12:10:08.310,0.89397,0.8943,1.00,1.97
2014.11.13 12:10:11.128,0.89397,0.8943,1.00,1.97
2014.11.13 12:10:11.380,0.89393,0.89427,1.00,1.87
2014.11.13 12:10:11.909,0.89392,0.8943,2.25,1.97
2014.11.13 12:10:12.611,0.89393,0.8943,1.50,1.72
2014.11.13 12:10:12.922,0.89397,0.8943,1.00,1.72
2014.11.13 12:10:14.888,0.89398,0.89429,1.00,1.35
2014.11.13 12:10:15.397,0.89402,0.8943,1.00,1.60
2014.11.13 12:10:15.902,0.89402,0.8943,1.00,1.00
2014.11.13 12:10:16.096,0.89398,0.8943,1.00,1.00
2014.11.13 12:10:16.848,0.89398,0.89429,1.00,1.00
2014.11.13 12:10:20.057,0.89396,0.89429,1.50,1.00
2014.11.13 12:10:21.236,0.89395,0.89429,1.50,1.00
2014.11.13 12:10:22.420,0.89394,0.89429,1.87,1.00
2014.11.13 12:10:22.588,0.89397,0.89429,1.00,1.00
2014.11.13 12:10:22.890,0.89392,0.89424,1.00,1.50
2014.11.13 12:10:23.193,0.89388,0.89422,1.00,1.87
2014.11.13 12:10:23.497,0.89388,0.89422,1.00,1.87
2014.11.13 12:10:24.377,0.89383,0.89419,1.00,1.87
2014.11.13 12:10:24.820,0.89388,0.89422,1.00,1.87
2014.11.13 12:10:25.162,0.89385,0.89422,1.50,1.37
2014.11.13 12:10:25.213,0.89385,0.89422,1.87,1.00
2014.11.13 12:10:25.697,0.89383,0.89421,1.87,1.50
2014.11.13 12:10:26.456,0.89383,0.89422,1.37,1.37
2014.11.13 12:10:27.265,0.89383,0.89422,1.00,2.62
2014.11.13 12:10:27.567,0.89383,0.89421,1.00,1.75
2014.11.13 12:10:27.870,0.89372,0.89414,1.87,3.00
2014.11.13 12:10:27.921,0.89374,0.89414,1.87,1.37
2014.11.13 12:10:28.467,0.89378,0.89414,1.00,1.37
2014.11.13 12:10:29.660,0.89378,0.89414,1.00,1.87
2014.11.13 12:10:30.837,0.89373,0.89412,1.37,1.87
2014.11.13 12:10:31.617,0.89377,0.89412,1.00,1.87
2014.11.13 12:10:31.733,0.89377,0.89413,1.12,1.87
2014.11.13 12:10:32.855,0.89378,0.89415,1.00,2.62
2014.11.13 12:10:33.366,0.89373,0.89412,2.62,1.00
2014.11.13 12:10:33.886,0.89373,0.89412,1.37,1.37
2014.11.13 12:10:38.771,0.89378,0.89414,1.00,1.87
2014.11.13 12:10:43.633,0.89378,0.89416,1.50,2.47
2014.11.13 12:10:44.309,0.89378,0.89416,2.25,2.47
2014.11.13 12:10:47.101,0.89378,0.89416,1.00,2.47
2014.11.13 12:10:47.316,0.89378,0.89417,2.25,4.35
2014.11.13 12:10:48.486,0.89379,0.89417,1.50,2.10
2014.11.13 12:10:51.618,0.89379,0.89418,1.50,3.97
2014.11.13 12:10:53.475,0.89378,0.89418,1.50,3.97
2014.11.13 12:10:54.136,0.89378,0.89416,1.00,2.85
2014.11.13 12:10:54.920,0.89377,0.89414,1.00,1.87
2014.11.13 12:10:58.322,0.89382,0.89415,1.00,1.87
2014.11.13 12:10:58.606,0.89377,0.89415,1.00,1.87
2014.11.13 12:11:00.584,0.89377,0.89413,1.00,1.87
2014.11.13 12:11:04.826,0.89377,0.89413,1.12,1.87
2014.11.13 12:11:04.877,0.89379,0.89417,1.50,1.87
2014.11.13 12:11:05.081,0.89379,0.89417,1.87,1.37
2014.11.13 12:11:05.132,0.89383,0.89417,1.00,1.37
2014.11.13 12:11:06.228,0.89378,0.89422,2.62,1.75
2014.11.13 12:11:11.130,0.89382,0.89423,1.00,1.37
2014.11.13 12:11:11.754,0.89383,0.89421,1.12,1.87
2014.11.13 12:11:19.362,0.89383,0.8942,1.00,1.87
2014.11.13 12:11:28.606,0.89383,0.89422,2.62,1.37
2014.11.13 12:11:29.946,0.89384,0.89423,1.50,2.62
2014.11.13 12:11:32.044,0.89385,0.89423,1.87,1.37
2014.11.13 12:11:40.335,0.89385,0.89423,1.50,1.37
2014.11.13 12:11:40.436,0.89388,0.89425,1.00,1.87
2014.11.13 12:11:41.165,0.89388,0.89423,1.00,1.50
2014.11.13 12:11:42.045,0.89385,0.89423,1.87,1.00
2014.11.13 12:11:44.806,0.89385,0.89426,1.87,2.62
2014.11.13 12:11:44.957,0.89386,0.89426,1.87,1.37
2014.11.13 12:11:49.296,0.89386,0.89426,1.50,3.00
2014.11.13 12:11:50.808,0.89386,0.89422,1.87,1.12
2014.11.13 12:11:52.275,0.89388,0.89422,1.50,1.12
2014.11.13 12:11:52.426,0.89388,0.89426,1.50,1.37
2014.11.13 12:11:58.356,0.89388,0.89422,1.50,1.00
2014.11.13 12:11:59.366,0.89388,0.89426,1.50,2.62
2014.11.13 12:12:02.174,0.89386,0.89426,1.87,2.62
2014.11.13 12:12:02.445,0.89386,0.89423,1.87,1.00
2014.11.13 12:12:08.224,0.89388,0.89423,1.50,1.00
2014.11.13 12:12:10.205,0.89387,0.89423,1.87,1.00
2014.11.13 12:12:10.975,0.89385,0.89423,1.87,2.62
2014.11.13 12:12:11.306,0.89384,0.89422,1.87,1.87
2014.11.13 12:12:31.105,0.89386,0.89423,1.50,2.62
2014.11.13 12:12:31.620,0.89386,0.89422,1.50,1.37
2014.11.13 12:12:31.671,0.89383,0.89421,1.12,1.87
2014.11.13 12:12:43.985,0.89387,0.89419,1.00,1.87
2014.11.13 12:12:49.910,0.89387,0.89422,1.00,1.87
2014.11.13 12:12:50.434,0.89388,0.89424,1.00,1.87
2014.11.13 12:12:55.873,0.89387,0.89424,1.00,1.87
2014.11.13 12:12:55.973,0.89387,0.89426,1.00,2.62
2014.11.13 12:12:56.084,0.89392,0.89426,1.00,2.62
2014.11.13 12:12:58.475,0.89392,0.89428,1.12,1.30
2014.11.13 12:12:58.576,0.89394,0.89428,1.50,1.30
2014.11.13 12:12:58.905,0.89398,0.89429,1.00,1.00
2014.11.13 12:12:59.575,0.89397,0.89429,1.00,1.00
2014.11.13 12:13:01.863,0.89397,0.8943,1.00,1.00
2014.11.13 12:13:03.128,0.89398,0.8943,1.00,1.00
2014.11.13 12:13:03.476,0.89398,0.89428,1.00,1.00
2014.11.13 12:13:03.577,0.89393,0.89428,1.87,1.50
2014.11.13 12:13:04.113,0.89393,0.89428,1.00,1.37
2014.11.13 12:13:04.578,0.89389,0.89427,1.87,1.12
2014.11.13 12:13:04.679,0.89388,0.89427,1.12,1.37
2014.11.13 12:13:04.729,0.89388,0.89426,1.00,1.37
2014.11.13 12:13:05.187,0.89393,0.89426,1.00,2.62
2014.11.13 12:13:07.053,0.89393,0.89425,1.00,1.87
2014.11.13 12:13:07.713,0.89393,0.89424,1.00,1.50
2014.11.13 12:13:10.465,0.89393,0.89425,1.00,1.87
2014.11.13 12:13:12.192,0.89393,0.89425,1.00,1.87
2014.11.13 12:13:12.293,0.89393,0.89424,1.00,1.50
2014.11.13 12:13:12.344,0.89393,0.89428,1.00,2.62
2014.11.13 12:13:12.445,0.89389,0.89428,1.87,1.12
2014.11.13 12:13:12.596,0.89392,0.89432,1.00,2.47
2014.11.13 12:13:13.108,0.89392,0.89424,1.00,1.50
2014.11.13 12:13:14.579,0.89392,0.89428,1.00,1.50
2014.11.13 12:13:15.184,0.89392,0.8943,2.62,1.72
2014.11.13 12:13:21.885,0.89393,0.8943,1.12,1.50
2014.11.13 12:13:24.129,0.89393,0.89425,1.00,1.50
2014.11.13 12:13:24.653,0.89393,0.89424,1.00,1.50
2014.11.13 12:13:25.644,0.89392,0.89424,1.00,1.50
2014.11.13 12:13:28.655,0.89392,0.89426,1.00,1.50
2014.11.13 12:13:28.857,0.89393,0.89428,1.00,1.50
2014.11.13 12:13:29.610,0.89393,0.89428,1.00,1.87
2014.11.13 12:13:32.133,0.89393,0.89426,1.00,1.50
2014.11.13 12:13:33.125,0.89392,0.89426,1.00,1.87
2014.11.13 12:13:33.667,0.89392,0.89426,1.00,1.87
2014.11.13 12:13:34.183,0.89392,0.89432,1.00,2.25
2014.11.13 12:13:34.946,0.89392,0.89432,1.12,1.87
2014.11.13 12:13:35.461,0.89393,0.89434,1.12,1.87
2014.11.13 12:13:35.574,0.89397,0.89434,1.00,1.87
2014.11.13 12:13:35.920,0.89392,0.89434,1.37,1.87
2014.11.13 12:13:36.863,0.89398,0.89434,1.00,1.87
2014.11.13 12:13:37.083,0.89392,0.89434,1.37,1.87
2014.11.13 12:13:37.303,0.89398,0.89434,1.00,1.87
2014.11.13 12:13:37.853,0.89397,0.89434,1.00,1.87
2014.11.13 12:13:38.197,0.89397,0.89434,1.00,2.25
2014.11.13 12:13:45.934,0.89397,0.89437,1.00,3.00
2014.11.13 12:13:46.455,0.89398,0.89436,1.00,1.87
2014.11.13 12:13:46.968,0.89398,0.89436,1.00,2.25
2014.11.13 12:13:47.019,0.89398,0.89436,1.37,1.87
2014.11.13 12:13:47.321,0.89408,0.89441,1.00,2.10
2014.11.13 12:13:47.410,0.89408,0.89439,1.00,1.30
2014.11.13 12:13:48.856,0.89407,0.89441,1.00,1.37
2014.11.13 12:13:50.274,0.89407,0.89441,1.00,1.12
2014.11.13 12:13:50.962,0.89407,0.8944,1.00,1.00
2014.11.13 12:13:59.323,0.89407,0.89441,1.00,1.00
2014.11.13 12:13:59.374,0.89404,0.89441,1.12,1.00
2014.11.13 12:13:59.583,0.89407,0.89441,1.00,1.00
2014.11.13 12:14:09.610,0.89403,0.89441,1.37,1.00
2014.11.13 12:14:09.812,0.89408,0.89441,1.00,1.00
2014.11.13 12:14:10.762,0.89408,0.8944,1.00,1.00
2014.11.13 12:14:14.363,0.89407,0.8944,1.12,1.00
2014.11.13 12:14:19.690,0.89412,0.8944,1.00,1.00
2014.11.13 12:14:24.666,0.89408,0.8944,1.00,1.00
2014.11.13 12:14:27.302,0.89407,0.8944,1.12,1.00
2014.11.13 12:14:49.856,0.89408,0.8944,1.00,1.00
2014.11.13 12:14:50.263,0.89408,0.8944,1.00,1.37
2014.11.13 12:14:50.622,0.89402,0.89438,1.00,1.87
2014.11.13 12:14:50.773,0.89402,0.89437,1.00,2.25
2014.11.13 12:14:50.934,0.89403,0.89436,1.00,1.87
2014.11.13 12:14:53.254,0.89403,0.89437,1.00,1.87
2014.11.13 12:15:00.722,0.89403,0.89439,1.00,1.87
2014.11.13 12:15:00.823,0.89403,0.89441,1.00,2.62
2014.11.13 12:15:01.382,0.89402,0.89439,1.00,1.87
2014.11.13 12:15:01.683,0.89402,0.89437,1.00,1.50
2014.11.13 12:15:01.884,0.89398,0.89436,2.62,1.87
2014.11.13 12:15:06.743,0.89397,0.8944,1.37,3.00
2014.11.13 12:15:07.233,0.89397,0.8944,1.50,1.37
2014.11.13 12:15:07.562,0.89403,0.8944,1.37,1.00
2014.11.13 12:15:07.927,0.89408,0.8944,1.00,1.00
2014.11.13 12:15:11.002,0.89407,0.8944,1.00,1.00
2014.11.13 12:15:12.073,0.89403,0.8944,2.62,1.00
2014.11.13 12:15:12.962,0.89403,0.8944,1.37,1.00
2014.11.13 12:15:18.014,0.89408,0.8944,1.00,1.00
2014.11.13 12:15:19.872,0.89408,0.89441,1.00,1.12
2014.11.13 12:15:22.841,0.89408,0.8944,1.00,1.00
2014.11.13 12:15:27.912,0.89407,0.8944,1.00,1.00
2014.11.13 12:15:28.782,0.89407,0.89441,1.00,1.12
2014.11.13 12:15:29.386,0.89408,0.89441,1.00,1.12
2014.11.13 12:15:29.892,0.89407,0.89441,1.00,1.12
2014.11.13 12:15:31.873,0.89407,0.8944,1.00,1.00
2014.11.13 12:15:32.642,0.89408,0.8944,1.00,1.00
2014.11.13 12:15:33.854,0.89407,0.8944,1.00,1.00
2014.11.13 12:15:36.339,0.89405,0.8944,1.87,1.00
2014.11.13 12:15:37.691,0.89405,0.89442,1.87,1.00
2014.11.13 12:15:48.631,0.89407,0.89444,1.37,1.12
2014.11.13 12:15:53.802,0.8941,0.8944,1.50,1.00
2014.11.13 12:15:54.104,0.89417,0.8944,1.00,1.00
2014.11.13 12:15:54.318,0.89417,0.89451,1.37,1.00
2014.11.13 12:16:03.651,0.89418,0.89452,1.00,1.12
2014.11.13 12:16:04.074,0.89413,0.89452,1.87,1.12
2014.11.13 12:16:05.611,0.89417,0.89452,1.00,1.12
2014.11.13 12:16:06.732,0.89417,0.89451,1.00,1.00
2014.11.13 12:16:07.412,0.89413,0.89451,2.62,1.37
2014.11.13 12:16:08.401,0.89413,0.89457,1.37,1.75
2014.11.13 12:16:10.611,0.89411,0.89458,1.50,1.75
2014.11.13 12:16:14.123,0.89417,0.89458,1.00,3.00
2014.11.13 12:16:16.831,0.89413,0.89457,2.62,3.00
2014.11.13 12:16:17.375,0.89413,0.89458,1.37,1.75
2014.11.13 12:16:17.906,0.89413,0.89457,1.12,1.75
2014.11.13 12:16:18.642,0.89412,0.89458,1.12,2.25
2014.11.13 12:16:20.886,0.89413,0.89456,1.00,2.25
2014.11.13 12:16:21.565,0.89407,0.89456,1.50,1.75
2014.11.13 12:16:21.891,0.89417,0.89454,1.00,2.25
2014.11.13 12:16:21.942,0.89417,0.89454,1.00,1.87
2014.11.13 12:16:30.781,0.89417,0.89456,1.00,1.37
2014.11.13 12:16:34.143,0.89417,0.89459,1.37,3.00
2014.11.13 12:16:39.603,0.89423,0.89459,1.00,3.00
2014.11.13 12:16:39.970,0.89423,0.8946,1.00,2.62
2014.11.13 12:16:40.656,0.89423,0.8946,1.00,1.37
2014.11.13 12:16:43.359,0.89423,0.89459,1.12,1.50
2014.11.13 12:16:43.460,0.89424,0.89462,1.50,1.37
2014.11.13 12:16:43.703,0.89424,0.89462,1.87,1.00
2014.11.13 12:16:45.323,0.89428,0.89462,1.00,1.00
2014.11.13 12:16:45.845,0.89428,0.8947,1.00,2.25
2014.11.13 12:16:50.721,0.89428,0.89466,1.00,2.25
2014.11.13 12:16:50.833,0.89423,0.89464,1.12,1.50
2014.11.13 12:16:51.361,0.89423,0.8946,1.00,1.87
2014.11.13 12:16:51.593,0.89428,0.8946,1.00,1.87
2014.11.13 12:16:51.811,0.89422,0.8946,1.00,1.87
2014.11.13 12:16:52.141,0.89428,0.8946,1.00,1.87
2014.11.13 12:16:52.591,0.89423,0.89462,1.00,3.00
2014.11.13 12:16:53.094,0.89422,0.89462,1.00,3.00
2014.11.13 12:16:53.352,0.89417,0.89462,1.37,3.00
2014.11.13 12:16:54.121,0.89422,0.89462,1.00,3.00
2014.11.13 12:16:54.798,0.89423,0.89462,1.00,3.00
2014.11.13 12:16:55.990,0.89422,0.89461,1.00,2.25
2014.11.13 12:16:57.311,0.89423,0.89459,1.00,1.87
2014.11.13 12:17:00.391,0.89422,0.89461,1.00,1.75
2014.11.13 12:17:07.109,0.89423,0.89461,1.00,1.75
2014.11.13 12:17:08.323,0.89423,0.89461,1.00,1.37
2014.11.13 12:17:21.770,0.89423,0.89462,1.00,1.37
2014.11.13 12:17:21.871,0.89419,0.89463,1.87,3.00
2014.11.13 12:17:22.072,0.89418,0.8946,1.87,1.87
2014.11.13 12:17:22.651,0.89418,0.89461,1.00,1.75
2014.11.13 12:17:22.770,0.89415,0.89459,1.87,1.75
2014.11.13 12:17:23.088,0.89412,0.89459,1.37,1.75
2014.11.13 12:17:23.600,0.89415,0.89459,1.87,3.00
2014.11.13 12:17:24.150,0.89417,0.89459,1.00,3.00
2014.11.13 12:17:24.700,0.89417,0.89459,1.00,1.75
2014.11.13 12:17:27.280,0.89417,0.8946,1.12,1.50
2014.11.13 12:17:27.345,0.89422,0.8946,1.00,1.50
2014.11.13 12:17:40.881,0.89423,0.89458,1.00,1.87
2014.11.13 12:17:43.896,0.89423,0.8946,1.00,2.62
2014.11.13 12:17:43.996,0.89423,0.8946,1.37,2.62
2014.11.13 12:17:44.097,0.89423,0.8946,1.37,2.25
2014.11.13 12:17:44.400,0.8942,0.8946,3.00,1.00
2014.11.13 12:17:44.450,0.89423,0.89469,2.25,1.50
2014.11.13 12:17:44.612,0.89432,0.89469,1.00,1.50
2014.11.13 12:17:46.590,0.89433,0.8947,1.00,2.25
2014.11.13 12:17:47.287,0.89433,0.8947,1.00,2.25
2014.11.13 12:17:53.019,0.89433,0.8947,1.00,2.25
2014.11.13 12:17:53.330,0.89427,0.89454,1.00,1.00
2014.11.13 12:17:53.491,0.89427,0.89466,1.00,1.75
2014.11.13 12:17:53.642,0.8942,0.89469,1.37,1.75
2014.11.13 12:17:53.842,0.89424,0.89469,1.87,3.00
2014.11.13 12:17:54.218,0.89428,0.89469,1.00,3.00
2014.11.13 12:17:54.839,0.89433,0.89469,1.00,3.00
2014.11.13 12:18:00.590,0.89428,0.89469,1.00,1.75
2014.11.13 12:18:00.640,0.89428,0.89455,1.00,1.00
2014.11.13 12:18:00.942,0.89427,0.89466,1.00,2.25
2014.11.13 12:18:01.149,0.89422,0.89466,1.37,2.25
2014.11.13 12:18:01.329,0.89432,0.89466,1.00,2.25
2014.11.13 12:18:01.379,0.89432,0.89466,1.00,1.87
2014.11.13 12:18:06.389,0.89433,0.89468,1.00,2.25
2014.11.13 12:18:27.004,0.89433,0.89466,1.00,2.25
2014.11.13 12:18:39.920,0.89433,0.89467,1.00,1.87
2014.11.13 12:18:40.171,0.89427,0.89465,1.12,1.37
2014.11.13 12:18:40.222,0.89427,0.89465,1.75,1.00
2014.11.13 12:18:40.784,0.89432,0.89465,1.12,1.00
2014.11.13 12:18:40.910,0.89432,0.89469,1.12,1.87
2014.11.13 12:18:43.177,0.89432,0.89466,1.12,1.50
2014.11.13 12:18:43.569,0.89438,0.89466,1.00,1.50
2014.11.13 12:18:45.124,0.89437,0.89466,1.00,1.50
2014.11.13 12:18:45.735,0.89438,0.89468,1.00,1.87
2014.11.13 12:18:48.809,0.89441,0.89474,1.00,1.37
2014.11.13 12:18:49.111,0.89441,0.89476,1.00,1.00
2014.11.13 12:18:49.212,0.89443,0.89476,1.00,1.00
2014.11.13 12:18:49.727,0.89443,0.89476,1.00,1.37
2014.11.13 12:18:50.274,0.89443,0.89474,1.00,1.00
2014.11.13 12:18:50.649,0.89437,0.89473,1.00,1.87
2014.11.13 12:18:50.836,0.89435,0.89472,1.00,1.87
2014.11.13 12:18:51.041,0.89432,0.89471,1.12,1.87
2014.11.13 12:18:52.718,0.89432,0.89468,1.00,1.87
2014.11.13 12:18:55.889,0.89433,0.89468,1.00,1.87
2014.11.13 12:19:05.329,0.89433,0.8947,1.00,2.25
2014.11.13 12:19:06.118,0.89438,0.8947,1.00,2.25
2014.11.13 12:19:07.424,0.89438,0.89472,1.00,2.25
2014.11.13 12:19:07.665,0.89438,0.89472,1.00,1.87
2014.11.13 12:19:08.190,0.89437,0.89474,1.00,1.87
2014.11.13 12:19:08.842,0.89438,0.89474,1.00,1.87
2014.11.13 12:19:11.360,0.89438,0.89473,1.00,1.87
2014.11.13 12:19:14.503,0.89438,0.89473,1.00,2.25
2014.11.13 12:19:14.604,0.89433,0.89464,1.00,1.00
2014.11.13 12:19:14.831,0.89438,0.89464,1.00,2.25
2014.11.13 12:19:14.941,0.89432,0.89464,1.00,1.00
2014.11.13 12:19:15.165,0.89438,0.89464,1.00,1.00
2014.11.13 12:19:17.338,0.89433,0.89464,1.00,1.00
2014.11.13 12:19:17.989,0.89433,0.89466,1.00,1.37
2014.11.13 12:19:21.373,0.89433,0.89466,1.37,2.25
2014.11.13 12:19:21.675,0.89432,0.89466,3.00,1.00
2014.11.13 12:19:22.049,0.89443,0.89467,1.00,1.00
2014.11.13 12:19:22.898,0.89443,0.89468,1.00,1.00
2014.11.13 12:19:23.100,0.89437,0.89468,1.00,1.12
2014.11.13 12:19:23.419,0.89433,0.89467,1.00,1.87
2014.11.13 12:19:23.597,0.89433,0.89465,1.00,1.87
2014.11.13 12:19:24.158,0.89432,0.89465,1.00,2.62
2014.11.13 12:19:24.703,0.89433,0.89465,1.00,2.62
2014.11.13 12:19:28.626,0.89433,0.89464,1.00,1.50
2014.11.13 12:19:29.144,0.89433,0.89464,1.00,1.87
2014.11.13 12:19:29.400,0.89428,0.89464,1.00,1.87
2014.11.13 12:19:29.759,0.89427,0.89458,1.00,1.87
2014.11.13 12:19:30.069,0.89427,0.89455,1.00,1.87
2014.11.13 12:19:30.170,0.89423,0.89455,1.00,1.87
2014.11.13 12:19:30.271,0.89423,0.89458,1.00,2.62
2014.11.13 12:19:30.372,0.89423,0.89458,1.00,1.75
2014.11.13 12:19:30.423,0.89417,0.89457,1.00,2.25
2014.11.13 12:19:30.473,0.89417,0.89455,1.00,1.75
2014.11.13 12:19:30.851,0.89423,0.89455,1.00,1.50
2014.11.13 12:19:30.952,0.89423,0.89455,1.00,1.37
2014.11.13 12:19:31.170,0.89423,0.89457,1.00,1.75
2014.11.13 12:19:31.484,0.89423,0.8946,1.00,1.75
2014.11.13 12:19:32.185,0.89423,0.8946,1.00,1.50
2014.11.13 12:19:32.240,0.89423,0.8946,1.00,1.75
2014.11.13 12:19:32.346,0.89423,0.8946,1.00,1.75
2014.11.13 12:19:33.057,0.89423,0.89463,1.00,1.75
2014.11.13 12:19:33.158,0.89418,0.89462,1.37,2.25
2014.11.13 12:19:33.347,0.89422,0.89462,1.00,2.25
2014.11.13 12:19:33.919,0.89422,0.89462,1.00,2.25
2014.11.13 12:19:34.748,0.89422,0.8946,1.00,1.87
2014.11.13 12:19:42.387,0.89428,0.89464,1.00,1.75
2014.11.13 12:19:44.069,0.89428,0.89464,1.00,1.75
2014.11.13 12:19:44.270,0.89428,0.89462,1.00,3.00
2014.11.13 12:19:44.472,0.89428,0.89462,1.00,3.00
2014.11.13 12:19:44.580,0.89423,0.89462,1.00,2.25
2014.11.13 12:19:48.799,0.89423,0.89461,1.00,2.25
2014.11.13 12:19:50.225,0.89423,0.89461,1.00,1.87
2014.11.13 12:19:51.457,0.89427,0.89464,1.00,1.75
2014.11.13 12:19:51.595,0.89427,0.89464,1.00,1.37
2014.11.13 12:19:51.646,0.89424,0.89464,1.87,1.37
2014.11.13 12:19:51.697,0.89424,0.89464,1.87,1.37
2014.11.13 12:19:52.067,0.89433,0.89465,1.00,1.87
2014.11.13 12:19:56.754,0.89433,0.89464,1.00,1.87
2014.11.13 12:19:56.909,0.89428,0.89464,1.00,1.87
2014.11.13 12:19:57.135,0.89428,0.89463,1.00,2.25
2014.11.13 12:19:57.398,0.89423,0.89466,1.00,1.75
2014.11.13 12:19:57.898,0.89428,0.89462,1.00,1.37
2014.11.13 12:19:58.337,0.89423,0.89462,1.00,1.37
2014.11.13 12:19:58.887,0.89428,0.89462,1.00,1.37
2014.11.13 12:19:59.416,0.89427,0.89462,1.00,1.37
2014.11.13 12:20:00.369,0.89427,0.89462,1.00,1.75
2014.11.13 12:20:00.540,0.89423,0.89462,1.00,1.75
2014.11.13 12:20:01.089,0.89422,0.89462,1.00,1.75
2014.11.13 12:20:01.139,0.89422,0.89462,1.00,1.75
2014.11.13 12:20:01.309,0.89417,0.89462,1.37,1.75
2014.11.13 12:20:01.417,0.89423,0.89462,1.00,3.00
2014.11.13 12:20:02.109,0.89418,0.8946,1.00,1.75
2014.11.13 12:20:02.159,0.8942,0.89458,1.50,2.25
2014.11.13 12:20:02.471,0.89422,0.89457,1.00,1.87
2014.11.13 12:20:03.002,0.89423,0.89454,1.00,1.87
2014.11.13 12:20:03.890,0.89423,0.8946,1.00,3.75
2014.11.13 12:20:04.288,0.89423,0.89458,1.00,1.87
2014.11.13 12:20:04.489,0.89423,0.89463,1.12,1.37
2014.11.13 12:20:04.878,0.89421,0.89464,1.37,1.37
2014.11.13 12:20:06.377,0.89422,0.89464,1.12,1.75
2014.11.13 12:20:06.909,0.89423,0.89462,1.00,1.87
2014.11.13 12:20:09.521,0.89423,0.89462,1.00,2.25
2014.11.13 12:20:09.889,0.89423,0.89462,1.00,3.00
2014.11.13 12:20:15.621,0.89423,0.89459,1.00,1.87
2014.11.13 12:20:17.600,0.89422,0.8946,2.25,2.25
2014.11.13 12:20:17.651,0.89422,0.89461,1.00,1.37
2014.11.13 12:20:18.043,0.89423,0.89461,1.37,1.12
2014.11.13 12:20:18.260,0.89423,0.8947,1.12,3.00
2014.11.13 12:20:18.361,0.89423,0.89465,1.00,1.75
2014.11.13 12:20:18.871,0.89422,0.89465,1.12,3.00
2014.11.13 12:20:19.381,0.89423,0.89465,1.00,2.25
2014.11.13 12:20:21.328,0.89422,0.8946,1.12,1.37
2014.11.13 12:20:21.880,0.89423,0.8946,1.00,1.37
2014.11.13 12:20:22.198,0.89422,0.8946,2.25,3.00
2014.11.13 12:20:22.299,0.89422,0.8946,1.12,2.62
2014.11.13 12:20:22.698,0.89427,0.89461,1.00,1.87
2014.11.13 12:20:25.292,0.89423,0.89461,1.00,1.87
2014.11.13 12:20:29.828,0.89422,0.8946,1.12,1.37
2014.11.13 12:20:29.879,0.89422,0.8946,1.00,1.75
2014.11.13 12:20:30.215,0.89422,0.8946,2.25,1.37
2014.11.13 12:20:31.572,0.89423,0.8946,1.00,2.62
2014.11.13 12:20:37.278,0.89422,0.8946,1.00,1.87
2014.11.13 12:20:37.392,0.89422,0.8946,1.37,1.50
2014.11.13 12:20:38.151,0.89423,0.89461,1.87,1.87
2014.11.13 12:20:42.906,0.89423,0.89461,1.00,1.37
2014.11.13 12:20:43.484,0.89423,0.89462,1.00,3.37
2014.11.13 12:20:45.549,0.89423,0.89457,1.37,1.00
2014.11.13 12:20:46.050,0.89428,0.89457,2.62,1.00
2014.11.13 12:20:46.202,0.89428,0.89463,2.62,1.00
2014.11.13 12:20:48.578,0.89428,0.89464,1.12,2.25
2014.11.13 12:20:49.267,0.89427,0.89463,1.37,1.00
2014.11.13 12:20:50.808,0.89427,0.89464,2.62,1.00
2014.11.13 12:20:51.479,0.89426,0.89464,1.87,2.62
2014.11.13 12:20:52.835,0.89427,0.89464,1.00,2.62
2014.11.13 12:20:55.319,0.89428,0.89463,1.00,1.87
2014.11.13 12:20:56.028,0.89427,0.89463,1.00,1.87
2014.11.13 12:21:00.610,0.89427,0.89462,1.00,1.50
2014.11.13 12:21:01.308,0.89427,0.89461,1.00,1.50
2014.11.13 12:21:03.338,0.89427,0.89462,1.00,1.50
2014.11.13 12:21:06.032,0.89428,0.89462,1.00,1.50
2014.11.13 12:21:06.400,0.89426,0.89463,1.50,1.75
2014.11.13 12:21:06.450,0.89423,0.8946,1.00,1.87
2014.11.13 12:21:06.501,0.89421,0.8946,1.87,1.87
2014.11.13 12:21:06.652,0.89423,0.8946,1.00,1.87
2014.11.13 12:21:07.250,0.89422,0.89462,3.00,3.00
2014.11.13 12:21:07.857,0.89427,0.89461,1.00,2.25
2014.11.13 12:21:09.069,0.89423,0.89461,1.00,2.25
2014.11.13 12:21:18.988,0.89423,0.8946,1.00,1.87
2014.11.13 12:21:19.089,0.89435,0.89464,1.00,2.62
2014.11.13 12:21:19.305,0.89428,0.89465,1.50,1.37
2014.11.13 12:21:19.456,0.89433,0.89465,1.00,1.37
2014.11.13 12:21:20.864,0.89432,0.89464,1.00,1.87
2014.11.13 12:21:21.166,0.89438,0.89463,1.00,1.50
2014.11.13 12:21:21.802,0.89438,0.89464,1.00,1.87
2014.11.13 12:21:22.463,0.89438,0.89464,1.00,1.87
2014.11.13 12:21:28.349,0.89439,0.89468,1.00,2.62
2014.11.13 12:21:28.558,0.89437,0.89464,1.00,1.00
2014.11.13 12:21:28.909,0.89438,0.89455,1.00,1.00
2014.11.13 12:21:29.116,0.89432,0.89455,1.00,1.00
2014.11.13 12:21:29.724,0.89433,0.89455,1.00,1.00
2014.11.13 12:21:30.105,0.89427,0.89453,1.00,1.00
2014.11.13 12:21:30.628,0.89433,0.89453,1.00,1.00
2014.11.13 12:21:30.847,0.89428,0.89453,1.00,1.00
2014.11.13 12:21:31.857,0.89422,0.89453,1.00,1.00
2014.11.13 12:21:32.365,0.89422,0.89452,1.00,1.00
2014.11.13 12:21:33.025,0.89423,0.89452,1.00,1.00
2014.11.13 12:21:34.066,0.89423,0.89458,1.00,1.50
2014.11.13 12:21:34.167,0.89423,0.89458,1.00,1.87
2014.11.13 12:21:34.954,0.89423,0.89458,1.00,1.87
2014.11.13 12:21:36.097,0.89423,0.89457,1.00,1.50
2014.11.13 12:21:36.707,0.89423,0.89457,1.00,1.87
2014.11.13 12:21:37.222,0.89423,0.89457,1.00,1.87
2014.11.13 12:21:37.975,0.89423,0.89457,1.00,1.87
2014.11.13 12:21:39.581,0.89423,0.89457,1.00,1.50
2014.11.13 12:21:39.866,0.89427,0.89458,1.00,1.87
2014.11.13 12:21:42.116,0.89422,0.89458,1.37,1.50
2014.11.13 12:21:42.387,0.89422,0.89466,1.12,1.37
2014.11.13 12:21:42.437,0.89428,0.89466,1.00,1.37
2014.11.13 12:21:46.301,0.89428,0.89468,1.00,1.87
2014.11.13 12:21:46.890,0.89428,0.89471,1.00,2.25
2014.11.13 12:21:48.354,0.89427,0.89471,1.12,2.25
2014.11.13 12:21:48.411,0.89427,0.89471,1.37,1.87
2014.11.13 12:21:48.907,0.89432,0.89467,1.00,1.87
2014.11.13 12:21:49.531,0.89432,0.89468,1.00,1.50
2014.11.13 12:21:52.147,0.89432,0.89468,1.37,1.50
2014.11.13 12:21:52.198,0.89432,0.8947,1.37,1.50
2014.11.13 12:21:52.248,0.89432,0.8947,1.50,1.50
2014.11.13 12:21:52.299,0.89436,0.89472,1.87,1.00
2014.11.13 12:21:52.450,0.89437,0.89472,1.87,1.00
2014.11.13 12:21:52.757,0.89443,0.89472,1.00,1.00
2014.11.13 12:21:52.976,0.89443,0.89479,1.00,1.87
2014.11.13 12:21:53.434,0.89437,0.89483,1.37,3.00
2014.11.13 12:21:53.636,0.89437,0.89483,1.12,1.75
2014.11.13 12:21:54.864,0.89437,0.89483,1.37,1.75
2014.11.13 12:21:59.116,0.89448,0.89478,1.00,1.87
2014.11.13 12:22:01.870,0.89442,0.89479,1.00,1.87
2014.11.13 12:22:02.129,0.89438,0.89481,1.37,1.75
2014.11.13 12:22:04.581,0.89437,0.89476,1.00,1.37
2014.11.13 12:22:04.732,0.89438,0.89475,1.00,1.87
2014.11.13 12:22:04.833,0.89438,0.89476,2.25,2.62
2014.11.13 12:22:04.933,0.89438,0.89476,1.50,2.62
2014.11.13 12:22:05.166,0.89435,0.89472,1.87,1.00
2014.11.13 12:22:05.217,0.89437,0.89472,1.50,1.37
2014.11.13 12:22:05.318,0.89435,0.89472,1.87,1.37
2014.11.13 12:22:05.519,0.89435,0.89472,1.50,1.37
2014.11.13 12:22:05.892,0.89433,0.89471,1.00,2.25
2014.11.13 12:22:05.943,0.89431,0.89467,1.50,1.37
2014.11.13 12:22:06.496,0.89427,0.89466,1.37,1.87
2014.11.13 12:22:06.647,0.89423,0.89468,1.37,1.75
2014.11.13 12:22:06.915,0.89423,0.89468,1.37,1.37
2014.11.13 12:22:07.927,0.89429,0.89467,1.50,2.62
2014.11.13 12:22:08.253,0.89432,0.89467,1.00,1.87
2014.11.13 12:22:08.798,0.89433,0.89467,1.00,1.87
2014.11.13 12:22:11.963,0.89433,0.89469,1.00,1.87
2014.11.13 12:22:13.141,0.89433,0.89469,1.00,1.87
2014.11.13 12:22:20.670,0.89432,0.89469,1.00,1.87
2014.11.13 12:22:20.720,0.89432,0.89472,1.37,1.87
2014.11.13 12:22:21.022,0.89434,0.89473,1.87,2.62
2014.11.13 12:22:21.136,0.89438,0.89473,1.00,1.37
2014.11.13 12:22:21.727,0.89438,0.89472,1.00,2.25
2014.11.13 12:22:21.878,0.89433,0.89468,1.00,1.87
2014.11.13 12:22:22.130,0.89429,0.89468,1.00,3.00
2014.11.13 12:22:22.381,0.89427,0.89468,2.25,2.25
2014.11.13 12:22:22.432,0.89433,0.89468,1.00,2.25
2014.11.13 12:22:22.504,0.89433,0.89468,1.00,1.87
2014.11.13 12:22:22.605,0.89433,0.89468,1.00,1.87
2014.11.13 12:22:22.706,0.89433,0.89469,1.00,1.00
2014.11.13 12:22:22.907,0.89432,0.89475,1.00,1.50
2014.11.13 12:22:23.508,0.89432,0.89476,1.37,2.25
2014.11.13 12:22:23.937,0.89432,0.89474,1.12,1.75
2014.11.13 12:22:24.340,0.89434,0.89472,1.50,1.87
2014.11.13 12:22:24.641,0.89438,0.89475,1.00,2.62
2014.11.13 12:22:24.964,0.89438,0.89474,1.00,1.50
2014.11.13 12:22:25.065,0.89438,0.89474,1.00,1.87
2014.11.13 12:22:25.368,0.89443,0.89474,1.00,1.87
2014.11.13 12:22:25.677,0.89438,0.89475,1.00,1.87
2014.11.13 12:22:26.136,0.89434,0.89474,1.87,1.87
2014.11.13 12:22:27.626,0.89433,0.89472,2.62,3.37
2014.11.13 12:22:28.029,0.89432,0.89471,2.25,1.87
2014.11.13 12:22:30.086,0.89433,0.8947,1.00,1.87
2014.11.13 12:22:30.136,0.89433,0.8947,1.37,1.87
2014.11.13 12:22:31.539,0.89433,0.89475,1.37,3.22
2014.11.13 12:22:31.690,0.89433,0.89477,1.37,2.85
2014.11.13 12:22:32.169,0.89438,0.89473,1.00,1.87
2014.11.13 12:22:33.177,0.89438,0.89479,1.00,3.00
2014.11.13 12:22:35.126,0.89437,0.89479,1.87,1.75
2014.11.13 12:22:37.058,0.89437,0.89479,1.87,1.37
2014.11.13 12:22:37.665,0.89437,0.89479,1.50,1.75
2014.11.13 12:22:38.170,0.89438,0.89479,1.00,1.75
2014.11.13 12:22:38.831,0.89438,0.89483,1.12,1.75
2014.11.13 12:22:41.096,0.89438,0.89479,1.50,2.25
2014.11.13 12:22:41.773,0.89439,0.89477,1.50,1.37
2014.11.13 12:22:43.174,0.89438,0.89477,2.25,2.62
2014.11.13 12:22:43.503,0.89441,0.89477,1.50,1.37
2014.11.13 12:22:43.704,0.89445,0.89482,1.87,3.37
2014.11.13 12:22:43.755,0.89449,0.89482,1.50,1.87
2014.11.13 12:22:44.057,0.8945,0.89488,1.50,1.37
2014.11.13 12:22:44.164,0.89447,0.89492,2.62,1.75
2014.11.13 12:22:44.688,0.89447,0.89492,2.25,3.00
2014.11.13 12:22:45.246,0.89448,0.89483,1.00,1.87
2014.11.13 12:22:48.105,0.89444,0.89483,1.50,3.00
2014.11.13 12:22:48.156,0.89442,0.89477,1.00,1.87
2014.11.13 12:22:48.207,0.89442,0.89477,1.00,1.87
2014.11.13 12:22:48.535,0.89443,0.89479,1.00,2.25
2014.11.13 12:22:48.585,0.89439,0.89479,1.00,2.25
2014.11.13 12:22:48.925,0.89439,0.89473,1.00,1.87
2014.11.13 12:22:49.127,0.89439,0.89473,1.00,1.87
2014.11.13 12:22:49.535,0.89437,0.89475,2.25,1.87
2014.11.13 12:22:50.055,0.89438,0.89476,1.50,2.25
2014.11.13 12:22:50.106,0.89443,0.89476,1.00,1.87
2014.11.13 12:22:50.636,0.89443,0.89479,1.00,1.50
2014.11.13 12:22:52.746,0.8944,0.89481,1.50,1.35
2014.11.13 12:22:52.846,0.89444,0.89482,1.87,1.37
2014.11.13 12:22:52.947,0.89447,0.89482,1.50,1.12
2014.11.13 12:22:53.048,0.89447,0.89487,1.87,1.37
2014.11.13 12:22:55.641,0.89449,0.89492,1.12,1.75
2014.11.13 12:22:57.611,0.89448,0.89491,1.00,2.25
2014.11.13 12:22:57.911,0.89448,0.89491,1.00,2.25
2014.11.13 12:22:59.348,0.89448,0.89492,1.37,3.75
2014.11.13 12:23:00.345,0.89448,0.89491,1.50,2.25
2014.11.13 12:23:00.863,0.89443,0.89492,2.25,1.75
2014.11.13 12:23:01.042,0.89448,0.89492,1.00,1.75
2014.11.13 12:23:01.608,0.89447,0.89491,2.62,2.25
2014.11.13 12:23:03.065,0.89448,0.89492,1.00,2.25
2014.11.13 12:23:03.567,0.89445,0.89491,1.87,3.00
2014.11.13 12:23:04.827,0.89448,0.89491,1.00,1.75
2014.11.13 12:23:05.355,0.89448,0.89487,1.00,1.75
2014.11.13 12:23:05.900,0.89447,0.89487,1.00,1.75
2014.11.13 12:23:06.940,0.89448,0.89487,1.00,1.75
2014.11.13 12:23:07.271,0.89448,0.89487,1.00,1.75
2014.11.13 12:23:07.371,0.89443,0.89487,1.37,1.37
2014.11.13 12:23:07.673,0.89443,0.89487,1.37,1.75
2014.11.13 12:23:07.975,0.89443,0.89487,1.37,1.37
2014.11.13 12:23:08.125,0.89448,0.89491,1.00,2.47
2014.11.13 12:23:09.192,0.89448,0.89492,1.12,2.47
2014.11.13 12:23:13.209,0.89449,0.89487,1.12,1.37
2014.11.13 12:23:13.562,0.89452,0.89491,1.50,2.25
2014.11.13 12:23:13.718,0.89452,0.89491,1.87,1.50
2014.11.13 12:23:13.769,0.8946,0.89494,2.25,1.37
2014.11.13 12:23:13.820,0.8946,0.89497,2.25,1.87
2014.11.13 12:23:13.870,0.89462,0.89497,1.50,1.37
2014.11.13 12:23:14.198,0.89464,0.89502,1.50,1.75
2014.11.13 12:23:19.936,0.89464,0.89503,1.50,3.00
2014.11.13 12:23:20.494,0.89464,0.89503,1.50,1.75
2014.11.13 12:23:22.865,0.89466,0.89502,1.50,1.75
2014.11.13 12:23:22.915,0.89466,0.89502,1.50,1.37
2014.11.13 12:23:23.351,0.89464,0.89502,1.00,1.50
2014.11.13 12:23:24.805,0.89464,0.89502,1.00,1.75
2014.11.13 12:23:25.555,0.89464,0.89502,1.00,1.75
2014.11.13 12:23:25.952,0.89463,0.895,1.00,1.87
2014.11.13 12:23:26.481,0.89463,0.89501,1.00,1.87
2014.11.13 12:23:27.355,0.89462,0.89501,1.50,1.87
2014.11.13 12:23:27.405,0.89461,0.89496,1.50,1.00
2014.11.13 12:23:27.707,0.89463,0.89496,1.50,1.12
2014.11.13 12:23:28.313,0.89463,0.89502,1.50,2.25
2014.11.13 12:23:28.586,0.89461,0.89502,1.50,2.25
2014.11.13 12:23:29.498,0.89462,0.89498,1.50,1.37
2014.11.13 12:23:29.649,0.89457,0.89496,1.00,1.87
2014.11.13 12:23:29.825,0.89458,0.89496,1.00,2.25
2014.11.13 12:23:30.375,0.89457,0.89494,1.00,1.87
2014.11.13 12:23:33.738,0.89457,0.89494,1.00,2.25
2014.11.13 12:23:34.057,0.89454,0.89492,1.50,1.37
2014.11.13 12:23:34.616,0.89453,0.89491,2.25,1.87
2014.11.13 12:23:34.887,0.89453,0.89486,1.00,1.87
2014.11.13 12:23:35.189,0.89452,0.89487,1.00,1.75
2014.11.13 12:23:35.390,0.89448,0.89487,1.00,1.75
2014.11.13 12:23:35.591,0.89448,0.89485,1.00,1.87
2014.11.13 12:23:35.793,0.89448,0.89482,1.00,1.87
2014.11.13 12:23:35.843,0.89443,0.89482,1.00,1.87
2014.11.13 12:23:35.894,0.89443,0.89486,1.00,2.25
2014.11.13 12:23:36.095,0.89443,0.89487,1.00,3.75
2014.11.13 12:23:36.196,0.89442,0.89487,1.37,3.00
2014.11.13 12:23:36.555,0.8945,0.89487,1.50,1.37
2014.11.13 12:23:36.864,0.89453,0.89486,1.00,1.87
2014.11.13 12:23:37.317,0.89453,0.89492,1.00,2.25
2014.11.13 12:23:37.418,0.89451,0.8949,1.87,1.87
2014.11.13 12:23:37.569,0.89454,0.89492,1.50,1.87
2014.11.13 12:23:37.915,0.89458,0.89492,1.00,1.87
2014.11.13 12:23:40.985,0.89457,0.89494,1.00,1.87
2014.11.13 12:23:44.618,0.89458,0.89494,1.00,1.87
2014.11.13 12:23:45.175,0.89457,0.89494,1.00,1.87
2014.11.13 12:23:49.580,0.89458,0.89494,1.00,1.87
2014.11.13 12:23:50.448,0.89458,0.89494,1.00,1.87
2014.11.13 12:23:51.118,0.89457,0.89496,1.00,1.87
2014.11.13 12:23:51.168,0.89457,0.8949,1.00,2.25
2014.11.13 12:23:51.269,0.89457,0.8949,1.00,1.87
2014.11.13 12:23:51.370,0.89453,0.89478,1.00,1.00
2014.11.13 12:23:52.097,0.89452,0.89478,1.00,1.00
2014.11.13 12:23:53.854,0.89457,0.89478,1.00,1.12
2014.11.13 12:23:54.074,0.89453,0.89478,1.00,1.12
2014.11.13 12:23:54.625,0.89448,0.89478,1.00,1.12
2014.11.13 12:23:54.776,0.89448,0.89478,1.00,1.37
2014.11.13 12:23:55.835,0.89447,0.89476,1.00,1.12
2014.11.13 12:23:59.467,0.89448,0.89477,1.00,1.37
2014.11.13 12:24:00.564,0.89447,0.89477,1.00,1.37
2014.11.13 12:24:01.351,0.89447,0.89477,1.00,1.12
2014.11.13 12:24:03.644,0.89448,0.89477,1.00,1.12
2014.11.13 12:24:04.084,0.89453,0.89477,1.00,1.12
2014.11.13 12:24:06.351,0.89453,0.89476,1.00,1.00
2014.11.13 12:24:06.624,0.89448,0.89476,1.00,1.00
2014.11.13 12:24:06.834,0.89453,0.89476,1.00,1.00
2014.11.13 12:24:07.054,0.89448,0.89476,1.00,1.00
2014.11.13 12:24:07.844,0.89448,0.89483,1.00,2.47
2014.11.13 12:24:18.635,0.89447,0.89483,1.00,1.97
2014.11.13 12:24:20.086,0.89447,0.89483,1.00,1.97
2014.11.13 12:24:20.337,0.89449,0.89483,1.50,1.60
2014.11.13 12:24:20.823,0.89452,0.89483,1.00,1.00
2014.11.13 12:24:21.482,0.89452,0.89489,1.00,2.10
2014.11.13 12:24:27.623,0.89447,0.89488,2.62,1.37
2014.11.13 12:24:28.343,0.89449,0.89487,1.50,1.87
2014.11.13 12:24:28.665,0.89453,0.89487,1.00,1.87
2014.11.13 12:24:29.274,0.89452,0.89487,1.00,1.87
2014.11.13 12:24:30.064,0.89453,0.89487,1.00,1.87
2014.11.13 12:24:32.353,0.89458,0.89485,1.00,1.87
2014.11.13 12:24:39.287,0.89457,0.89485,1.00,1.87
2014.11.13 12:24:46.875,0.89458,0.89484,1.00,1.87
2014.11.13 12:24:47.177,0.89458,0.89486,1.00,1.50
2014.11.13 12:24:47.466,0.89452,0.89487,1.87,1.00
2014.11.13 12:24:47.617,0.89453,0.89491,1.37,1.87
2014.11.13 12:24:47.668,0.89457,0.89491,1.00,1.87
2014.11.13 12:24:47.864,0.89453,0.89491,1.37,1.87
2014.11.13 12:24:48.414,0.89458,0.8949,1.00,1.87
2014.11.13 12:24:49.209,0.89457,0.89492,1.00,1.87
2014.11.13 12:24:49.919,0.89457,0.89492,1.37,1.50
2014.11.13 12:24:50.020,0.89464,0.89498,1.00,1.37
2014.11.13 12:24:55.953,0.89463,0.89497,1.00,1.87
2014.11.13 12:24:59.035,0.89464,0.89497,1.00,1.87
2014.11.13 12:25:02.003,0.89463,0.89496,1.00,1.87
2014.11.13 12:25:04.874,0.8946,0.89495,1.00,1.87
2014.11.13 12:25:05.176,0.8946,0.89492,1.00,1.87
2014.11.13 12:25:05.853,0.89458,0.8949,1.00,1.87
2014.11.13 12:25:10.104,0.89457,0.89491,1.00,1.87
2014.11.13 12:25:12.409,0.89457,0.8949,1.00,1.87
2014.11.13 12:25:25.250,0.89457,0.89492,1.00,1.87
2014.11.13 12:25:25.808,0.89458,0.89493,1.00,1.87
2014.11.13 12:25:31.486,0.89458,0.89493,1.00,1.87
2014.11.13 12:25:33.094,0.89457,0.89495,1.00,1.87
2014.11.13 12:25:43.264,0.89458,0.89492,1.37,1.50
2014.11.13 12:25:43.415,0.89463,0.89498,1.87,1.00
2014.11.13 12:25:43.516,0.89466,0.89498,1.50,1.00
2014.11.13 12:25:43.617,0.89466,0.89505,1.50,2.47
2014.11.13 12:25:43.667,0.89468,0.89505,1.00,2.47
2014.11.13 12:25:46.115,0.89467,0.89505,2.25,2.85
2014.11.13 12:25:46.784,0.89468,0.89505,1.00,4.35
2014.11.13 12:25:47.444,0.89467,0.89505,1.00,4.35
2014.11.13 12:25:50.583,0.89468,0.89506,1.00,1.75
2014.11.13 12:25:52.055,0.89468,0.89506,1.37,1.00
2014.11.13 12:25:52.106,0.89471,0.89507,1.50,1.12
2014.11.13 12:25:52.408,0.89475,0.8951,1.50,1.97
2014.11.13 12:25:52.944,0.89474,0.89512,2.25,3.22
2014.11.13 12:25:53.615,0.89474,0.89512,2.62,3.22
2014.11.13 12:25:53.917,0.89479,0.89512,1.00,2.47
2014.11.13 12:25:54.068,0.89479,0.89518,1.00,2.85
2014.11.13 12:25:54.356,0.89482,0.89518,1.00,2.62
2014.11.13 12:25:56.785,0.89482,0.89521,2.25,1.75
2014.11.13 12:25:57.113,0.89478,0.89512,1.50,1.00
2014.11.13 12:25:57.677,0.89478,0.89512,1.50,1.37
2014.11.13 12:25:58.223,0.89478,0.89512,1.50,2.62
2014.11.13 12:25:59.378,0.89478,0.89512,1.50,2.62
2014.11.13 12:26:00.083,0.89479,0.89511,1.00,1.87
2014.11.13 12:26:01.166,0.89479,0.89511,1.00,2.25
2014.11.13 12:26:01.419,0.89468,0.89505,1.00,1.87
2014.11.13 12:26:01.469,0.89468,0.89505,1.00,1.87
2014.11.13 12:26:01.772,0.89467,0.89503,1.00,2.25
2014.11.13 12:26:02.200,0.89466,0.89502,1.00,2.62
2014.11.13 12:26:02.301,0.89466,0.89502,1.00,2.62
2014.11.13 12:26:02.402,0.89463,0.89502,1.50,2.62
2014.11.13 12:26:02.503,0.89464,0.89502,1.87,1.37
2014.11.13 12:26:02.603,0.89468,0.89504,1.00,1.87
2014.11.13 12:26:02.704,0.89468,0.89504,1.00,1.87
2014.11.13 12:26:02.855,0.89464,0.89507,1.87,1.87
2014.11.13 12:26:03.124,0.89467,0.89507,1.00,1.37
2014.11.13 12:26:03.225,0.89467,0.89508,2.62,1.37
2014.11.13 12:26:03.326,0.89467,0.89508,2.62,1.00
2014.11.13 12:26:04.186,0.89469,0.89508,1.87,1.00
2014.11.13 12:26:06.132,0.89472,0.89507,1.87,1.00
2014.11.13 12:26:08.307,0.89471,0.89507,1.87,1.00
2014.11.13 12:26:08.813,0.89471,0.89508,1.87,1.00
2014.11.13 12:26:12.524,0.89472,0.89508,1.50,1.00
2014.11.13 12:26:12.625,0.89472,0.89513,1.50,1.37
2014.11.13 12:26:12.776,0.89464,0.89509,3.67,1.87
2014.11.13 12:26:13.132,0.8947,0.89507,1.87,1.00
2014.11.13 12:26:13.698,0.89471,0.89508,1.87,1.12
2014.11.13 12:26:14.272,0.89471,0.89507,1.87,1.00
2014.11.13 12:26:14.843,0.89471,0.89512,1.87,1.37
2014.11.13 12:26:15.162,0.89472,0.89512,1.87,1.37
2014.11.13 12:26:17.147,0.89472,0.89504,1.87,1.00
2014.11.13 12:26:17.197,0.89472,0.89504,1.50,1.00
2014.11.13 12:26:17.298,0.89464,0.89504,1.87,1.37
2014.11.13 12:26:17.456,0.89463,0.89504,1.87,1.12
2014.11.13 12:26:17.607,0.89465,0.89504,1.87,1.37
2014.11.13 12:26:18.103,0.89462,0.89502,1.12,1.87
2014.11.13 12:26:18.648,0.89463,0.89502,1.12,1.37
2014.11.13 12:26:18.900,0.89463,0.89502,1.00,1.37
2014.11.13 12:26:22.387,0.89468,0.89501,1.00,1.87
2014.11.13 12:26:22.594,0.89466,0.89501,1.50,1.87
2014.11.13 12:26:22.695,0.89463,0.89502,2.62,1.37
2014.11.13 12:26:24.945,0.89463,0.89504,1.87,1.37
2014.11.13 12:26:25.096,0.89469,0.89504,1.50,1.37
2014.11.13 12:26:25.612,0.89467,0.89507,1.87,1.37
2014.11.13 12:26:27.113,0.89472,0.89513,1.00,2.25
2014.11.13 12:26:27.973,0.89472,0.89513,1.00,2.25
2014.11.13 12:26:29.852,0.89468,0.89512,1.37,1.75
2014.11.13 12:26:30.393,0.89468,0.89511,1.37,1.87
2014.11.13 12:26:31.073,0.89468,0.89511,1.75,1.50
2014.11.13 12:26:31.585,0.89474,0.89506,1.87,1.00
2014.11.13 12:26:32.168,0.89475,0.89506,1.87,1.00
2014.11.13 12:26:32.219,0.89475,0.89512,1.87,1.00
2014.11.13 12:26:32.994,0.89477,0.89512,1.50,1.00
2014.11.13 12:26:33.592,0.89478,0.89516,1.00,1.37
2014.11.13 12:26:34.321,0.89477,0.89516,2.25,1.37
2014.11.13 12:26:34.851,0.89477,0.89512,1.50,1.00
2014.11.13 12:26:35.841,0.89476,0.89512,1.87,1.00
2014.11.13 12:26:36.062,0.89476,0.89515,1.87,1.37
2014.11.13 12:26:36.633,0.89477,0.89515,2.25,1.37
2014.11.13 12:26:38.852,0.89478,0.89515,1.00,1.37
2014.11.13 12:26:39.003,0.89478,0.89515,1.12,1.37
2014.11.13 12:26:39.363,0.89477,0.89513,1.87,1.00
2014.11.13 12:26:40.404,0.89478,0.89515,2.62,1.12
2014.11.13 12:26:41.306,0.89479,0.89517,1.87,1.87
2014.11.13 12:26:41.884,0.89477,0.89517,1.37,1.87
2014.11.13 12:26:48.669,0.89477,0.89518,2.25,1.37
2014.11.13 12:26:54.152,0.89478,0.89517,1.37,3.37
2014.11.13 12:26:54.508,0.89477,0.89512,3.00,1.00
2014.11.13 12:26:54.702,0.89478,0.89515,1.37,1.50
2014.11.13 12:26:55.152,0.89479,0.89516,1.87,1.87
2014.11.13 12:26:55.354,0.89478,0.89516,1.00,1.87
2014.11.13 12:26:55.644,0.89475,0.89512,1.87,1.12
2014.11.13 12:26:56.248,0.89475,0.89512,1.87,1.12
2014.11.13 12:26:56.750,0.89475,0.89512,1.87,1.37
2014.11.13 12:26:57.251,0.89473,0.8951,1.37,1.87
2014.11.13 12:26:57.352,0.89473,0.8951,1.00,1.87
2014.11.13 12:26:57.884,0.89468,0.89507,2.62,1.37
2014.11.13 12:26:58.062,0.89468,0.89513,1.87,1.50
2014.11.13 12:26:58.799,0.89467,0.89507,3.00,1.00
2014.11.13 12:27:01.793,0.89471,0.89507,1.50,1.00
2014.11.13 12:27:01.843,0.89472,0.89512,1.87,1.37
2014.11.13 12:27:01.894,0.89472,0.89512,2.25,1.00
2014.11.13 12:27:02.199,0.89478,0.89513,1.87,1.00
2014.11.13 12:27:02.758,0.89478,0.89512,1.87,1.00
2014.11.13 12:27:08.186,0.89478,0.89512,1.87,1.00
2014.11.13 12:27:08.979,0.89478,0.89512,1.50,1.00
2014.11.13 12:27:10.491,0.8948,0.89512,1.50,1.00
2014.11.13 12:27:10.632,0.89478,0.89512,1.50,1.37
2014.11.13 12:27:11.150,0.8947,0.89512,3.00,1.12
2014.11.13 12:27:14.032,0.89472,0.89513,3.00,1.00
2014.11.13 12:27:20.831,0.89477,0.89512,1.87,1.00
2014.11.13 12:27:25.673,0.89477,0.89514,1.37,1.87
2014.11.13 12:27:27.955,0.89477,0.89515,2.62,1.37
2014.11.13 12:27:28.310,0.89472,0.89516,1.37,3.00
2014.11.13 12:27:28.462,0.89472,0.89516,1.37,1.37
2014.11.13 12:27:29.221,0.89473,0.89516,1.37,1.50
2014.11.13 12:27:29.461,0.89473,0.89517,1.12,3.60
2014.11.13 12:27:29.952,0.89467,0.89513,3.00,1.37
2014.11.13 12:27:31.722,0.89467,0.89513,1.50,1.50
2014.11.13 12:27:32.241,0.89467,0.89516,1.37,3.00
2014.11.13 12:27:32.550,0.89468,0.89512,1.37,1.75
2014.11.13 12:27:33.049,0.89468,0.89512,1.75,1.12
2014.11.13 12:27:33.150,0.89471,0.89512,1.75,1.12
2014.11.13 12:27:36.933,0.89473,0.89517,1.00,2.47
2014.11.13 12:27:37.133,0.89473,0.89517,1.37,2.85
2014.11.13 12:27:37.804,0.89473,0.89517,1.37,4.35
2014.11.13 12:27:38.494,0.89473,0.89517,1.37,4.35
2014.11.13 12:27:40.338,0.89473,0.89517,1.37,4.35
2014.11.13 12:27:40.840,0.89472,0.89515,1.37,2.25
2014.11.13 12:27:46.050,0.89472,0.89517,1.37,2.10
2014.11.13 12:27:46.152,0.89472,0.89508,1.00,1.37
2014.11.13 12:27:46.502,0.89468,0.89508,1.37,1.37
2014.11.13 12:27:47.076,0.89468,0.89508,1.37,1.37
2014.11.13 12:27:47.405,0.89467,0.89508,1.12,1.50
2014.11.13 12:27:50.000,0.89463,0.89505,1.37,2.25
2014.11.13 12:27:50.363,0.89463,0.89505,1.37,2.25
2014.11.13 12:27:50.902,0.89457,0.89503,1.37,1.75
2014.11.13 12:27:53.206,0.89458,0.89495,1.00,1.37
2014.11.13 12:27:53.408,0.89458,0.89495,1.12,1.37
2014.11.13 12:27:53.571,0.89458,0.89495,1.00,1.37
2014.11.13 12:27:54.340,0.89453,0.89495,1.37,1.37
2014.11.13 12:27:54.390,0.89453,0.89495,1.37,1.37
2014.11.13 12:27:58.888,0.89452,0.89494,1.50,1.37
2014.11.13 12:28:22.775,0.89452,0.89494,1.50,1.37
2014.11.13 12:28:26.074,0.89452,0.89485,1.50,1.00
2014.11.13 12:28:26.175,0.89453,0.89485,1.12,1.00
2014.11.13 12:28:29.050,0.89453,0.89486,1.12,1.00
2014.11.13 12:28:32.120,0.89453,0.89485,1.12,1.00
2014.11.13 12:28:37.865,0.89453,0.89486,1.12,1.00
2014.11.13 12:28:38.117,0.89453,0.89486,1.37,1.00
2014.11.13 12:28:38.318,0.89455,0.89497,1.87,1.87
2014.11.13 12:28:38.419,0.89456,0.89497,2.25,1.87
2014.11.13 12:28:38.620,0.89456,0.89497,1.87,1.87
2014.11.13 12:28:38.822,0.89455,0.89497,2.25,1.00
2014.11.13 12:28:39.123,0.89458,0.89496,2.25,1.00
2014.11.13 12:28:51.499,0.89463,0.89497,1.12,1.00
2014.11.13 12:29:03.255,0.89462,0.89497,1.00,1.00
2014.11.13 12:29:05.359,0.89462,0.89496,1.00,1.00
2014.11.13 12:29:13.409,0.89459,0.89496,2.25,1.00
2014.11.13 12:29:30.779,0.89459,0.89494,2.25,1.00
2014.11.13 12:29:31.446,0.8946,0.89493,1.87,1.00
2014.11.13 12:29:31.976,0.89461,0.89494,1.87,1.00
2014.11.13 12:29:32.514,0.89461,0.89494,1.87,1.00
2014.11.13 12:29:33.096,0.8946,0.89493,1.87,1.00
2014.11.13 12:29:33.968,0.8946,0.89494,1.87,1.00
2014.11.13 12:29:36.608,0.89461,0.89495,1.87,1.00
2014.11.13 12:29:38.409,0.89461,0.89494,1.87,1.00
2014.11.13 12:29:41.338,0.89461,0.89493,1.87,1.00
2014.11.13 12:29:43.868,0.89459,0.89494,2.25,1.00
2014.11.13 12:29:44.360,0.89458,0.89494,1.87,1.00
2014.11.13 12:29:44.666,0.89459,0.89492,1.87,1.00
2014.11.13 12:29:48.279,0.89459,0.89492,1.87,1.00
2014.11.13 12:29:50.791,0.89455,0.89492,2.25,1.00
2014.11.13 12:29:51.361,0.89455,0.89493,2.25,1.50
2014.11.13 12:29:51.412,0.89453,0.89492,2.62,1.87
2014.11.13 12:29:51.619,0.89452,0.89488,1.87,1.00
2014.11.13 12:29:52.241,0.8945,0.89487,1.87,1.00
2014.11.13 12:29:56.932,0.89449,0.89487,2.25,1.00
2014.11.13 12:29:57.349,0.89449,0.89487,1.87,1.00
2014.11.13 12:29:59.649,0.89448,0.89487,1.87,2.62
2014.11.13 12:30:01.359,0.89448,0.89483,1.37,1.00
2014.11.13 12:30:02.129,0.89448,0.89486,1.37,1.30
2014.11.13 12:30:22.901,0.89451,0.89488,1.87,1.37
2014.11.13 12:30:56.351,0.89448,0.89487,3.75,2.25
2014.11.13 12:31:09.010,0.89448,0.89487,3.00,1.50
2014.11.13 12:31:10.951,0.89453,0.89488,1.37,1.50
2014.11.13 12:31:16.502,0.89449,0.89487,2.25,1.00
2014.11.13 12:31:17.380,0.89452,0.89488,1.37,1.50
2014.11.13 12:31:21.822,0.89448,0.89487,3.00,1.50
2014.11.13 12:31:22.348,0.8945,0.89488,1.87,2.25
2014.11.13 12:31:22.882,0.8945,0.89488,2.25,1.00
2014.11.13 12:31:23.423,0.89453,0.89487,1.37,1.50
2014.11.13 12:31:23.473,0.89453,0.89489,1.37,1.50
2014.11.13 12:31:23.524,0.89453,0.89489,1.12,1.87
2014.11.13 12:31:23.625,0.89453,0.8949,1.37,1.50
2014.11.13 12:31:24.083,0.89453,0.89488,1.37,1.50
2014.11.13 12:31:24.248,0.89453,0.8949,1.37,1.87
2014.11.13 12:31:25.074,0.89453,0.89489,1.37,1.50
2014.11.13 12:31:26.004,0.89453,0.89489,1.37,1.87
2014.11.13 12:31:26.114,0.89449,0.89487,2.25,1.00
2014.11.13 12:31:28.516,0.89449,0.89487,2.25,1.00
2014.11.13 12:31:32.132,0.89449,0.89487,2.25,2.25
2014.11.13 12:31:34.101,0.89449,0.89488,2.25,1.00
2014.11.13 12:31:34.242,0.89449,0.89488,1.87,1.00
2014.11.13 12:31:38.065,0.89448,0.89488,2.25,2.25
2014.11.13 12:31:40.592,0.89448,0.89487,3.00,1.00
2014.11.13 12:31:42.496,0.89449,0.89487,1.87,1.00
2014.11.13 12:31:43.034,0.89449,0.89487,2.25,1.00
2014.11.13 12:31:45.515,0.89449,0.89487,1.87,2.25
2014.11.13 12:31:46.284,0.89448,0.89486,2.62,1.50
2014.11.13 12:31:46.947,0.89447,0.89485,3.00,1.50
2014.11.13 12:31:47.607,0.89447,0.89484,1.50,1.50
2014.11.13 12:31:48.265,0.89447,0.89485,3.00,1.50
2014.11.13 12:31:48.646,0.89447,0.89487,3.00,1.50
2014.11.13 12:31:49.255,0.89448,0.89486,2.25,1.50
2014.11.13 12:31:49.914,0.89447,0.89487,3.00,1.87
2014.11.13 12:31:49.965,0.89452,0.89485,1.37,1.50
2014.11.13 12:31:52.379,0.89452,0.89484,1.37,1.50
2014.11.13 12:31:52.589,0.89448,0.89485,1.37,1.50
2014.11.13 12:31:52.741,0.89448,0.89482,1.37,1.50
2014.11.13 12:31:53.043,0.89454,0.89492,1.00,1.87
2014.11.13 12:31:53.520,0.89454,0.89488,1.00,1.50
2014.11.13 12:31:53.788,0.89454,0.89491,1.00,1.87
2014.11.13 12:31:54.291,0.89453,0.89494,1.00,2.62
2014.11.13 12:31:54.392,0.89452,0.89494,1.00,3.00
2014.11.13 12:31:54.750,0.89453,0.89487,1.00,1.87
2014.11.13 12:31:55.077,0.89453,0.89484,1.00,1.50
2014.11.13 12:31:55.678,0.89452,0.89484,1.00,1.00
2014.11.13 12:31:56.688,0.89452,0.89483,1.00,1.50
2014.11.13 12:31:57.249,0.89452,0.89482,1.00,1.50
2014.11.13 12:31:57.767,0.89452,0.89485,1.00,1.87
2014.11.13 12:31:58.798,0.89452,0.89486,1.00,1.87
2014.11.13 12:31:59.398,0.89448,0.89486,1.00,1.87
2014.11.13 12:32:00.675,0.89448,0.89487,1.00,2.62
2014.11.13 12:32:00.876,0.89444,0.89481,1.00,1.50
2014.11.13 12:32:00.977,0.89443,0.89479,1.12,1.50
2014.11.13 12:32:09.297,0.89442,0.89479,1.12,1.50
2014.11.13 12:32:09.713,0.89442,0.89479,1.37,1.50
2014.11.13 12:32:10.053,0.89439,0.89477,2.85,1.00
2014.11.13 12:32:10.287,0.89443,0.89479,1.37,1.87
2014.11.13 12:32:11.976,0.89443,0.89479,1.37,1.50
2014.11.13 12:32:29.818,0.89443,0.89479,1.12,1.87
2014.11.13 12:32:29.918,0.89437,0.89482,3.75,1.87
2014.11.13 12:32:30.457,0.89437,0.89481,1.75,1.87
2014.11.13 12:32:30.952,0.8944,0.89483,2.40,1.37
2014.11.13 12:32:31.312,0.89447,0.89482,1.50,1.00
2014.11.13 12:32:32.688,0.89447,0.89483,1.50,1.00
2014.11.13 12:32:33.618,0.89447,0.89483,1.37,1.00
2014.11.13 12:32:40.168,0.89445,0.89483,2.25,1.00
2014.11.13 12:32:40.377,0.89446,0.89486,2.25,1.00
2014.11.13 12:32:42.137,0.89445,0.89482,2.25,1.00
2014.11.13 12:32:43.067,0.89446,0.89482,2.25,1.00
2014.11.13 12:32:43.167,0.89451,0.89487,1.87,1.00
2014.11.13 12:32:43.671,0.89446,0.89486,2.25,1.00
2014.11.13 12:32:44.874,0.89449,0.89476,1.50,1.00
2014.11.13 12:32:44.924,0.89447,0.89476,1.50,1.00
2014.11.13 12:32:45.025,0.89443,0.89476,1.87,1.00
2014.11.13 12:32:45.176,0.89444,0.89476,2.25,1.00
2014.11.13 12:32:45.617,0.89446,0.89482,1.87,1.00
2014.11.13 12:32:46.327,0.89449,0.89483,1.87,1.00
2014.11.13 12:32:46.957,0.89449,0.89483,1.87,1.00
2014.11.13 12:32:47.684,0.89449,0.89482,1.87,1.00
2014.11.13 12:32:50.826,0.89448,0.89487,2.25,2.85
2014.11.13 12:32:52.688,0.89445,0.89487,2.40,1.72
2014.11.13 12:32:53.276,0.89444,0.89487,2.25,1.72
2014.11.13 12:32:55.196,0.89449,0.89486,1.87,2.25
2014.11.13 12:32:55.726,0.89449,0.89486,1.87,2.62
2014.11.13 12:32:57.717,0.89449,0.89486,1.87,2.25
2014.11.13 12:32:58.118,0.89448,0.89486,2.62,1.00
2014.11.13 12:32:59.098,0.89448,0.89486,2.62,1.12
2014.11.13 12:32:59.616,0.89453,0.89486,1.00,1.00
2014.11.13 12:33:00.225,0.89448,0.89486,2.62,1.00
2014.11.13 12:33:02.112,0.89449,0.89486,2.25,1.00
2014.11.13 12:33:02.629,0.89453,0.89487,1.37,1.00
2014.11.13 12:33:04.419,0.89453,0.89487,1.37,1.00
2014.11.13 12:33:05.321,0.89452,0.89487,1.37,1.00
2014.11.13 12:33:05.623,0.8945,0.89487,2.25,1.00
2014.11.13 12:33:06.167,0.89454,0.89487,1.87,1.00
2014.11.13 12:33:06.512,0.89457,0.89488,1.87,1.00
2014.11.13 12:33:07.933,0.89452,0.89488,2.25,1.00
2014.11.13 12:33:08.086,0.89452,0.89492,2.25,2.10
2014.11.13 12:33:08.625,0.8945,0.89492,2.25,2.47
2014.11.13 12:33:09.252,0.89451,0.89492,2.25,2.10
2014.11.13 12:33:13.037,0.89449,0.89492,3.00,1.97
2014.11.13 12:33:13.087,0.89449,0.89486,1.50,1.00
2014.11.13 12:33:13.559,0.89452,0.89486,1.87,1.00
2014.11.13 12:33:14.187,0.8945,0.89486,1.87,1.00
2014.11.13 12:33:16.387,0.89449,0.89486,1.87,1.00
2014.11.13 12:33:17.650,0.8945,0.89486,2.25,1.00
2014.11.13 12:33:19.306,0.89449,0.89487,2.25,1.00
2014.11.13 12:33:20.286,0.89449,0.89487,2.25,1.00
2014.11.13 12:33:20.846,0.89454,0.89488,1.87,1.00
2014.11.13 12:33:20.897,0.89451,0.89492,2.25,1.60
2014.11.13 12:33:21.394,0.8945,0.89493,3.00,1.72
2014.11.13 12:33:21.846,0.8945,0.89488,2.25,1.00
2014.11.13 12:33:22.398,0.8945,0.89487,2.25,1.00
2014.11.13 12:33:22.839,0.89448,0.89492,3.00,1.72
2014.11.13 12:33:23.116,0.89449,0.89492,2.25,1.97
2014.11.13 12:33:23.217,0.89448,0.89492,3.00,1.72
2014.11.13 12:33:24.001,0.89449,0.89492,2.25,1.72
2014.11.13 12:33:24.348,0.89449,0.89492,2.25,1.97
2014.11.13 12:33:24.816,0.89453,0.89488,1.87,1.00
2014.11.13 12:33:25.330,0.8945,0.89488,1.87,1.12
2014.11.13 12:33:25.640,0.89448,0.89487,1.37,1.00
2014.11.13 12:33:26.417,0.89448,0.89486,1.37,1.50
2014.11.13 12:33:27.077,0.89448,0.89487,1.37,1.00
2014.11.13 12:33:27.687,0.89445,0.89488,2.25,1.12
2014.11.13 12:33:29.326,0.89445,0.89487,2.25,1.00
2014.11.13 12:33:31.088,0.89446,0.89488,2.25,1.12
2014.11.13 12:33:32.886,0.89446,0.89487,2.25,1.00
2014.11.13 12:33:32.937,0.89446,0.89487,2.25,1.00
2014.11.13 12:33:33.627,0.8945,0.89488,2.25,1.00
2014.11.13 12:33:34.286,0.8945,0.89487,2.25,1.00
2014.11.13 12:33:35.445,0.8945,0.89487,1.87,1.12
2014.11.13 12:33:35.656,0.89447,0.89489,1.37,2.25
2014.11.13 12:33:36.197,0.89444,0.89487,2.25,1.37
2014.11.13 12:33:37.011,0.89444,0.89487,2.25,1.37
2014.11.13 12:33:37.255,0.89443,0.89487,1.75,1.37
2014.11.13 12:33:37.558,0.89443,0.89487,1.75,1.37
2014.11.13 12:33:37.965,0.89443,0.89487,1.37,1.50
2014.11.13 12:33:39.318,0.89443,0.89485,1.50,1.37
2014.11.13 12:33:47.332,0.89442,0.89485,1.37,1.75
2014.11.13 12:33:47.880,0.89442,0.89479,1.37,1.50
2014.11.13 12:33:48.479,0.89442,0.89479,1.37,1.87
2014.11.13 12:33:49.137,0.89443,0.89478,1.12,1.50
2014.11.13 12:33:49.589,0.8944,0.89478,1.87,1.50
2014.11.13 12:33:49.640,0.8944,0.89478,1.87,1.87
2014.11.13 12:33:49.942,0.89435,0.89474,2.25,1.00
2014.11.13 12:33:51.536,0.89438,0.89476,1.37,1.87
2014.11.13 12:33:53.664,0.89438,0.8948,1.37,1.87
2014.11.13 12:33:54.248,0.89437,0.89481,1.75,1.87
2014.11.13 12:33:54.777,0.89438,0.89482,1.75,1.37
2014.11.13 12:33:55.298,0.89438,0.89482,1.50,1.37
2014.11.13 12:33:55.461,0.89438,0.89482,1.75,1.37
2014.11.13 12:33:57.455,0.89437,0.89483,1.75,1.37
2014.11.13 12:33:57.556,0.89438,0.89483,2.17,1.37
2014.11.13 12:34:00.405,0.89442,0.8948,1.87,1.87
2014.11.13 12:34:00.912,0.8944,0.89477,1.87,1.87
2014.11.13 12:34:01.465,0.89438,0.89482,1.75,2.62
2014.11.13 12:34:01.766,0.89438,0.89482,1.50,3.00
2014.11.13 12:34:02.268,0.89438,0.89482,1.37,3.00
2014.11.13 12:34:03.470,0.89438,0.89482,1.50,2.62
2014.11.13 12:34:08.583,0.89438,0.89482,2.25,1.37
2014.11.13 12:34:10.587,0.89438,0.89483,1.75,1.12
2014.11.13 12:34:11.389,0.89438,0.89483,1.75,1.37
2014.11.13 12:34:12.395,0.89443,0.89484,1.37,1.87
2014.11.13 12:34:15.597,0.89443,0.89486,1.50,1.87
2014.11.13 12:34:15.698,0.89443,0.89486,1.50,1.87
2014.11.13 12:34:16.999,0.89443,0.89486,1.75,1.87
2014.11.13 12:34:20.011,0.89443,0.89486,1.50,1.87
2014.11.13 12:34:22.584,0.89443,0.89487,1.75,2.62
2014.11.13 12:34:22.740,0.89443,0.89487,1.50,2.62
2014.11.13 12:34:22.866,0.89443,0.89487,1.37,3.00
2014.11.13 12:34:23.205,0.89438,0.89486,1.42,3.00
2014.11.13 12:34:23.525,0.89443,0.89477,1.87,1.00
2014.11.13 12:34:23.575,0.89443,0.89481,1.87,1.87
2014.11.13 12:34:24.386,0.89442,0.89485,1.50,1.87
2014.11.13 12:34:24.463,0.89442,0.89485,1.50,1.87
2014.11.13 12:34:24.665,0.89442,0.89485,1.50,1.87
2014.11.13 12:34:38.905,0.89444,0.89487,2.25,1.87
2014.11.13 12:34:39.916,0.89446,0.89487,1.87,1.37
2014.11.13 12:34:40.106,0.89446,0.89487,2.25,1.00
2014.11.13 12:34:40.408,0.89444,0.89492,2.25,1.87
2014.11.13 12:34:40.609,0.8945,0.8949,1.87,1.87
2014.11.13 12:34:40.946,0.89451,0.89487,1.87,1.00
2014.11.13 12:34:45.894,0.89449,0.89488,1.87,1.00
2014.11.13 12:34:46.559,0.89447,0.89487,2.25,1.00
2014.11.13 12:34:47.155,0.89446,0.89487,1.00,1.37
2014.11.13 12:34:47.546,0.89443,0.89488,2.25,1.87
2014.11.13 12:34:47.854,0.89444,0.89486,2.25,1.37
2014.11.13 12:34:48.206,0.89442,0.89486,1.75,1.37
2014.11.13 12:34:54.494,0.89443,0.89487,1.37,1.37
2014.11.13 12:34:54.645,0.89443,0.89487,2.25,1.12
2014.11.13 12:35:02.869,0.89453,0.89488,1.37,1.50
2014.11.13 12:35:02.970,0.89453,0.8949,1.37,1.87
2014.11.13 12:35:04.377,0.89451,0.89487,2.25,1.00
2014.11.13 12:35:07.346,0.89451,0.89491,2.25,1.87
2014.11.13 12:35:07.397,0.89448,0.89492,1.50,1.50
2014.11.13 12:35:08.357,0.89444,0.89485,2.25,1.00
2014.11.13 12:35:08.886,0.89447,0.89482,2.25,1.00
2014.11.13 12:35:09.376,0.89447,0.89482,1.87,1.00
2014.11.13 12:35:13.642,0.89447,0.89487,1.87,1.87
2014.11.13 12:35:15.887,0.89443,0.89488,3.75,1.37
2014.11.13 12:35:16.438,0.8945,0.89487,1.87,1.00
2014.11.13 12:35:16.996,0.89446,0.89488,1.75,1.12
2014.11.13 12:35:17.391,0.89446,0.89488,1.75,1.12
2014.11.13 12:35:17.596,0.89444,0.89488,3.52,1.37
2014.11.13 12:35:23.406,0.89453,0.89489,1.00,1.87
2014.11.13 12:35:23.947,0.89444,0.89487,2.62,1.37
2014.11.13 12:35:32.146,0.89447,0.89493,1.75,4.12
2014.11.13 12:35:32.270,0.89447,0.89493,1.75,2.62
2014.11.13 12:35:32.673,0.89453,0.89492,3.75,1.00
2014.11.13 12:35:32.869,0.89457,0.89497,1.87,3.97
2014.11.13 12:35:32.970,0.89459,0.89497,1.50,2.47
2014.11.13 12:35:33.386,0.89459,0.89497,1.87,1.72
2014.11.13 12:35:33.880,0.89457,0.89492,2.25,1.00
2014.11.13 12:35:35.285,0.89458,0.89495,1.37,1.50
2014.11.13 12:35:35.578,0.89458,0.89496,2.62,1.37
2014.11.13 12:35:35.679,0.89453,0.89491,1.37,1.87
2014.11.13 12:35:35.780,0.89453,0.89492,1.37,1.87
2014.11.13 12:35:35.881,0.89453,0.89487,1.87,1.00
2014.11.13 12:35:36.185,0.89458,0.89487,1.00,1.00
2014.11.13 12:35:36.436,0.89452,0.89487,2.25,1.00
2014.11.13 12:35:36.538,0.89452,0.89494,2.25,1.50
2014.11.13 12:35:36.606,0.89458,0.89494,1.00,1.50
2014.11.13 12:35:36.826,0.89452,0.89493,2.25,1.00
2014.11.13 12:35:36.877,0.89455,0.89493,1.50,1.00
2014.11.13 12:35:37.406,0.89456,0.89493,1.50,1.00
2014.11.13 12:35:37.816,0.89458,0.89495,1.00,1.37
2014.11.13 12:35:37.866,0.89458,0.89495,1.12,1.00
2014.11.13 12:35:38.156,0.89458,0.89497,1.87,1.87
2014.11.13 12:35:39.579,0.89457,0.89498,2.25,1.00
2014.11.13 12:35:39.680,0.89456,0.89498,1.87,1.37
2014.11.13 12:35:39.881,0.89452,0.89498,3.00,1.37
2014.11.13 12:35:40.183,0.89458,0.89492,1.50,1.00
2014.11.13 12:35:40.376,0.89456,0.89492,1.87,1.00
2014.11.13 12:35:41.196,0.89458,0.89492,1.50,1.00
2014.11.13 12:35:41.367,0.89455,0.89492,1.87,1.00
2014.11.13 12:35:43.536,0.89453,0.89493,1.87,2.25
2014.11.13 12:35:55.016,0.89457,0.89493,1.87,1.00
2014.11.13 12:35:55.113,0.89457,0.89493,1.87,1.00
2014.11.13 12:36:00.935,0.89457,0.89493,1.87,1.00
2014.11.13 12:36:01.765,0.89457,0.89493,1.50,1.37
2014.11.13 12:36:02.166,0.89448,0.89493,2.17,1.37
2014.11.13 12:36:07.186,0.89447,0.89488,2.25,1.00
2014.11.13 12:36:07.923,0.89447,0.89487,2.25,1.00
2014.11.13 12:36:09.876,0.89448,0.89487,2.25,1.00
2014.11.13 12:36:10.529,0.89448,0.89487,2.25,1.00
2014.11.13 12:36:11.045,0.89452,0.8949,1.87,1.87
2014.11.13 12:36:14.325,0.89453,0.89489,1.37,1.50
2014.11.13 12:36:16.198,0.89453,0.8949,1.37,1.87
2014.11.13 12:36:16.515,0.89453,0.8949,1.37,1.50
2014.11.13 12:36:16.856,0.89452,0.89493,1.37,1.87
2014.11.13 12:36:16.957,0.89447,0.89493,3.00,1.87
2014.11.13 12:36:19.132,0.89448,0.89492,1.75,1.37
2014.11.13 12:36:35.457,0.89448,0.89489,1.12,1.50
2014.11.13 12:36:35.976,0.89443,0.89484,1.72,1.37
2014.11.13 12:36:36.621,0.89448,0.89484,1.37,1.12
2014.11.13 12:36:38.738,0.89448,0.89489,1.37,1.37
2014.11.13 12:36:39.349,0.89448,0.89488,1.37,1.37
2014.11.13 12:36:41.779,0.89448,0.89491,1.37,2.62
2014.11.13 12:36:42.086,0.89448,0.89491,1.75,1.37
2014.11.13 12:36:42.187,0.89445,0.89492,1.75,2.62
2014.11.13 12:36:43.255,0.89452,0.89488,1.12,1.50
2014.11.13 12:36:43.415,0.89447,0.89492,1.75,1.87
2014.11.13 12:36:43.712,0.89448,0.89492,1.50,3.37
2014.11.13 12:36:57.879,0.89447,0.89493,1.75,1.37
2014.11.13 12:36:58.924,0.89457,0.89493,1.87,1.00
2014.11.13 12:36:59.136,0.89457,0.89496,1.50,1.37
2014.11.13 12:36:59.316,0.89454,0.89493,1.87,1.50
2014.11.13 12:36:59.467,0.89458,0.89496,2.25,1.12
2014.11.13 12:36:59.625,0.89458,0.89496,2.62,1.00
2014.11.13 12:37:00.146,0.89458,0.89497,2.62,1.50
2014.11.13 12:37:00.803,0.89458,0.89496,1.37,1.50
2014.11.13 12:37:01.463,0.89458,0.89495,1.37,1.50
2014.11.13 12:37:01.866,0.89456,0.89493,2.25,1.00
2014.11.13 12:37:03.405,0.89458,0.89497,2.62,1.50
2014.11.13 12:37:05.386,0.89458,0.89493,1.87,1.00
2014.11.13 12:37:05.917,0.8946,0.89493,1.87,1.00
2014.11.13 12:37:06.175,0.8946,0.89497,1.87,1.50
2014.11.13 12:37:06.915,0.89458,0.89493,1.12,1.50
2014.11.13 12:37:06.965,0.89458,0.89486,1.12,1.00
2014.11.13 12:37:07.746,0.89453,0.89486,1.37,1.00
2014.11.13 12:37:08.508,0.89453,0.89487,1.37,1.00
2014.11.13 12:37:08.904,0.89453,0.89487,1.75,1.00
2014.11.13 12:37:09.694,0.89453,0.89491,1.75,1.50
2014.11.13 12:37:10.540,0.89456,0.89492,1.87,1.00
2014.11.13 12:37:10.641,0.89456,0.89496,2.25,1.50
2014.11.13 12:37:11.106,0.89459,0.89497,2.25,1.50
2014.11.13 12:37:11.509,0.89459,0.89497,2.25,1.50
2014.11.13 12:37:12.219,0.8946,0.89497,2.25,1.50
2014.11.13 12:37:12.895,0.89462,0.89502,1.37,1.87
2014.11.13 12:37:13.053,0.89462,0.895,1.75,1.50
2014.11.13 12:37:13.103,0.89463,0.89502,1.50,2.62
2014.11.13 12:37:13.555,0.89463,0.89501,1.37,1.87
2014.11.13 12:37:14.314,0.89462,0.89498,1.37,1.00
2014.11.13 12:37:14.465,0.89463,0.89502,1.87,1.37
2014.11.13 12:37:14.667,0.89462,0.89499,1.12,1.87
2014.11.13 12:37:15.176,0.89462,0.89497,1.87,1.50
2014.11.13 12:37:15.556,0.89463,0.89501,1.00,2.25
2014.11.13 12:37:15.656,0.89457,0.89501,1.37,2.25
2014.11.13 12:37:15.908,0.89457,0.89495,1.50,1.50
2014.11.13 12:37:15.958,0.89457,0.89503,1.50,1.50
2014.11.13 12:37:16.009,0.89457,0.89503,1.75,1.37
2014.11.13 12:37:16.110,0.89459,0.89503,1.75,1.12
2014.11.13 12:37:16.311,0.89458,0.89502,1.50,1.50
2014.11.13 12:37:16.850,0.89461,0.89497,1.87,1.00
2014.11.13 12:37:17.358,0.89465,0.89497,1.50,1.00
2014.11.13 12:37:17.977,0.89461,0.89497,1.87,1.00
2014.11.13 12:37:18.566,0.89461,0.89497,1.87,1.00
2014.11.13 12:37:19.794,0.89462,0.89502,1.37,1.37
2014.11.13 12:37:20.126,0.89462,0.89498,1.37,1.00
2014.11.13 12:37:21.356,0.89458,0.89497,1.37,1.12
2014.11.13 12:37:21.585,0.89458,0.89497,1.37,2.62
2014.11.13 12:37:21.936,0.89456,0.89492,1.37,1.00
2014.11.13 12:37:23.316,0.89455,0.89498,1.50,1.37
2014.11.13 12:37:24.781,0.89455,0.89497,3.00,1.12
2014.11.13 12:37:25.076,0.89455,0.89493,3.00,1.00
2014.11.13 12:37:26.174,0.89455,0.89497,3.00,1.12
2014.11.13 12:37:26.394,0.89455,0.89492,3.00,1.00
2014.11.13 12:37:26.717,0.89453,0.89493,1.50,1.37
2014.11.13 12:37:26.988,0.89451,0.89496,1.37,1.75
2014.11.13 12:37:27.189,0.89449,0.89487,2.25,1.00
2014.11.13 12:37:27.425,0.89451,0.89492,2.25,2.62
2014.11.13 12:37:28.981,0.89452,0.89491,1.37,1.87
2014.11.13 12:37:30.084,0.89452,0.8949,1.37,1.87
2014.11.13 12:37:30.390,0.89452,0.89487,1.37,1.87
2014.11.13 12:37:32.490,0.89453,0.89489,1.37,1.87
2014.11.13 12:37:32.823,0.89452,0.89495,1.50,2.47
2014.11.13 12:37:33.039,0.89453,0.89497,1.50,3.22
2014.11.13 12:37:34.667,0.89451,0.89492,2.25,1.00
2014.11.13 12:37:35.521,0.89453,0.89492,1.75,1.00
2014.11.13 12:37:36.246,0.89453,0.89492,1.75,1.00
2014.11.13 12:37:37.394,0.89453,0.89497,2.25,2.62
2014.11.13 12:37:37.445,0.89453,0.89497,3.75,1.37
2014.11.13 12:37:46.771,0.89453,0.89497,2.62,1.37
2014.11.13 12:37:47.174,0.89453,0.89497,3.00,1.37
2014.11.13 12:37:49.234,0.89453,0.89497,1.87,2.62
2014.11.13 12:37:50.647,0.89454,0.89497,2.25,1.37
2014.11.13 12:37:51.717,0.89454,0.89497,1.87,1.37
2014.11.13 12:38:01.487,0.89455,0.89497,1.37,1.12
2014.11.13 12:38:02.011,0.89457,0.89501,1.37,2.25
2014.11.13 12:38:02.341,0.89457,0.89503,1.37,3.00
2014.11.13 12:38:05.912,0.89457,0.89503,1.37,3.00
2014.11.13 12:38:18.891,0.89456,0.89497,1.87,1.37
2014.11.13 12:38:22.047,0.89456,0.89498,1.87,1.37
2014.11.13 12:38:24.923,0.89458,0.895,1.00,2.25
2014.11.13 12:38:27.334,0.89453,0.89496,1.37,1.87
2014.11.13 12:38:32.296,0.89458,0.89498,1.00,1.87
2014.11.13 12:38:32.902,0.89458,0.89498,1.37,1.87
2014.11.13 12:38:34.546,0.89458,0.89495,1.00,2.62
2014.11.13 12:38:35.436,0.89458,0.89495,1.00,1.37
2014.11.13 12:38:35.583,0.89453,0.89495,1.37,1.37
2014.11.13 12:38:35.768,0.89453,0.89495,2.62,1.00
2014.11.13 12:38:35.933,0.89453,0.89495,2.62,1.37
2014.11.13 12:38:36.940,0.89453,0.89497,2.62,1.37
2014.11.13 12:38:39.117,0.89458,0.89498,1.00,1.87
2014.11.13 12:38:41.303,0.89453,0.89498,1.87,2.62
2014.11.13 12:38:43.613,0.89458,0.89498,1.00,1.87
2014.11.13 12:38:45.904,0.89458,0.89497,1.00,2.25
2014.11.13 12:38:46.312,0.89458,0.89496,1.00,1.87
2014.11.13 12:38:46.463,0.89453,0.89497,1.37,3.00
2014.11.13 12:38:47.934,0.89453,0.89494,1.37,1.37
2014.11.13 12:38:48.277,0.89458,0.89494,1.00,1.37
2014.11.13 12:38:48.378,0.89453,0.89494,1.37,1.37
2014.11.13 12:38:50.000,0.89453,0.89492,1.00,3.37
2014.11.13 12:38:50.380,0.89453,0.89492,1.12,3.37
2014.11.13 12:38:52.704,0.89453,0.89491,1.00,1.87
2014.11.13 12:38:53.281,0.89452,0.8949,1.00,1.87
2014.11.13 12:38:56.083,0.89457,0.8949,1.00,1.87
2014.11.13 12:38:56.133,0.89457,0.8949,1.00,1.50
2014.11.13 12:38:56.234,0.89457,0.89492,1.37,1.00
2014.11.13 12:38:56.335,0.89453,0.89497,3.00,2.62
2014.11.13 12:38:56.436,0.89453,0.89496,1.37,1.87
2014.11.13 12:38:56.961,0.89453,0.89497,1.50,1.37
2014.11.13 12:38:58.332,0.89454,0.89497,2.25,1.12
2014.11.13 12:38:58.433,0.89456,0.89497,2.25,1.00
2014.11.13 12:39:01.042,0.89457,0.89498,1.87,1.00
2014.11.13 12:39:01.644,0.89457,0.89497,1.87,1.00
2014.11.13 12:39:08.464,0.89462,0.89497,1.50,1.12
2014.11.13 12:39:09.123,0.89459,0.89497,1.87,1.12
2014.11.13 12:39:09.454,0.89459,0.89497,1.50,1.37
2014.11.13 12:39:09.860,0.89454,0.89492,1.87,2.62
2014.11.13 12:39:10.112,0.89454,0.89492,1.50,2.62
2014.11.13 12:39:10.263,0.89452,0.89492,2.62,1.87
2014.11.13 12:39:10.992,0.89453,0.89491,1.50,1.87
2014.11.13 12:39:11.495,0.89454,0.89492,1.50,2.62
2014.11.13 12:39:16.109,0.89454,0.89485,1.50,1.00
2014.11.13 12:39:16.776,0.89453,0.89485,1.00,1.00
2014.11.13 12:39:19.952,0.89453,0.89484,1.00,1.00
2014.11.13 12:39:20.624,0.89451,0.89482,1.37,1.00
2014.11.13 12:39:21.062,0.89453,0.89484,1.00,1.00
2014.11.13 12:39:22.043,0.89453,0.89479,1.00,1.00
2014.11.13 12:39:22.436,0.89451,0.89479,1.00,1.00
2014.11.13 12:39:23.926,0.89452,0.89479,1.00,1.00
2014.11.13 12:39:24.583,0.89453,0.89479,1.00,1.00
2014.11.13 12:39:26.123,0.89452,0.89479,2.25,1.00
2014.11.13 12:39:27.981,0.89452,0.8948,1.00,1.00
2014.11.13 12:39:33.811,0.89452,0.89479,1.00,1.00
2014.11.13 12:39:37.592,0.89453,0.89479,1.00,1.00
2014.11.13 12:39:44.641,0.89451,0.89479,1.00,1.00
2014.11.13 12:39:45.583,0.8945,0.8948,1.00,1.00
2014.11.13 12:39:48.551,0.89451,0.89479,1.00,1.00
2014.11.13 12:40:00.188,0.8945,0.8948,1.00,1.00
2014.11.13 12:40:01.838,0.89451,0.89479,1.00,1.00
2014.11.13 12:40:06.820,0.89452,0.89479,1.00,1.00
2014.11.13 12:40:11.851,0.89458,0.89485,1.00,1.00
2014.11.13 12:40:12.460,0.89453,0.89484,1.00,1.00
2014.11.13 12:40:16.463,0.89454,0.89484,1.50,1.00
2014.11.13 12:40:16.564,0.89457,0.89487,2.25,1.50
2014.11.13 12:40:18.864,0.89458,0.89487,1.00,1.00
2014.11.13 12:40:20.652,0.89457,0.89487,2.62,1.50
2014.11.13 12:40:27.362,0.89455,0.89487,1.12,1.00
2014.11.13 12:40:27.865,0.89455,0.89487,1.37,1.00
2014.11.13 12:40:28.117,0.89462,0.89492,1.00,1.00
2014.11.13 12:40:28.649,0.89462,0.89493,1.00,1.00
2014.11.13 12:40:30.736,0.89466,0.89493,1.00,1.00
2014.11.13 12:40:31.290,0.89466,0.89492,1.00,1.00
2014.11.13 12:40:31.380,0.89461,0.89492,1.87,1.00
2014.11.13 12:40:32.279,0.89462,0.89494,1.00,1.00
2014.11.13 12:40:35.180,0.89463,0.89494,1.00,1.00
2014.11.13 12:40:40.289,0.89463,0.89495,1.00,1.35
2014.11.13 12:40:42.510,0.89462,0.89495,1.00,1.00
2014.11.13 12:40:46.229,0.89462,0.89494,1.00,1.00
2014.11.13 12:40:51.213,0.89462,0.89495,1.00,1.00
2014.11.13 12:40:51.964,0.89463,0.89495,1.00,1.00
2014.11.13 12:40:53.929,0.89463,0.89494,1.00,1.00
2014.11.13 12:40:56.636,0.89462,0.89494,1.00,1.00
2014.11.13 12:40:59.979,0.89462,0.89495,1.00,1.00
2014.11.13 12:41:01.917,0.89458,0.89492,1.87,1.00
2014.11.13 12:41:03.720,0.89458,0.89492,1.50,1.37
2014.11.13 12:41:03.921,0.89457,0.89493,1.87,2.25
2014.11.13 12:41:04.300,0.89467,0.89493,1.00,1.00
2014.11.13 12:41:04.880,0.89467,0.89492,1.00,1.00
2014.11.13 12:41:04.931,0.89459,0.89492,2.62,1.00
2014.11.13 12:41:06.379,0.89457,0.89493,2.62,1.00
2014.11.13 12:41:06.631,0.89457,0.89495,1.00,1.37
2014.11.13 12:41:06.832,0.89454,0.89493,2.47,1.87
2014.11.13 12:41:06.933,0.89454,0.89493,1.50,2.25
2014.11.13 12:41:07.034,0.89454,0.89493,1.50,2.25
2014.11.13 12:41:07.386,0.89452,0.89488,1.50,1.37
2014.11.13 12:41:08.615,0.89452,0.89488,1.87,1.12
2014.11.13 12:41:09.159,0.89452,0.89488,1.50,1.37
2014.11.13 12:41:09.634,0.89452,0.89488,1.00,1.50
2014.11.13 12:41:10.165,0.89451,0.89487,1.87,1.00
2014.11.13 12:41:12.870,0.89451,0.89488,1.87,1.00
2014.11.13 12:41:14.833,0.89448,0.89487,1.87,1.50
2014.11.13 12:41:18.561,0.89447,0.89487,2.62,1.87
2014.11.13 12:41:21.994,0.89447,0.89485,1.37,1.50
2014.11.13 12:41:22.583,0.89447,0.89485,1.37,1.87
2014.11.13 12:41:27.830,0.89447,0.89483,1.87,1.00
2014.11.13 12:41:28.227,0.89448,0.89486,2.62,1.87
2014.11.13 12:41:28.418,0.89448,0.89482,1.87,1.00
2014.11.13 12:41:28.600,0.89448,0.89487,2.62,2.62
2014.11.13 12:41:31.130,0.89448,0.89483,1.87,1.00
2014.11.13 12:41:32.146,0.89446,0.89483,1.50,1.37
2014.11.13 12:41:32.246,0.89442,0.89474,1.37,1.00
2014.11.13 12:41:32.750,0.89445,0.89474,1.50,1.00
2014.11.13 12:41:32.800,0.89445,0.89482,1.50,1.37
2014.11.13 12:41:32.901,0.89445,0.89483,1.87,1.50
2014.11.13 12:41:32.952,0.89448,0.89485,1.50,1.50
2014.11.13 12:41:33.300,0.89449,0.89486,1.87,1.87
2014.11.13 12:41:37.392,0.89448,0.89486,2.62,1.87
2014.11.13 12:41:41.122,0.89449,0.89486,1.50,1.87
2014.11.13 12:41:41.670,0.89448,0.89486,1.87,1.87
2014.11.13 12:41:46.359,0.89448,0.89482,1.50,1.12
2014.11.13 12:41:46.409,0.89446,0.89482,1.87,1.12
2014.11.13 12:41:46.460,0.89446,0.89482,1.50,1.37
2014.11.13 12:41:46.510,0.89444,0.89482,2.25,1.37
2014.11.13 12:41:48.018,0.89443,0.89481,1.50,1.87
2014.11.13 12:41:48.530,0.89444,0.89482,1.00,1.37
2014.11.13 12:41:48.948,0.89444,0.89482,1.37,1.12
2014.11.13 12:41:49.252,0.89449,0.89482,1.50,1.00
2014.11.13 12:41:49.793,0.8945,0.89482,1.50,1.00
2014.11.13 12:41:50.368,0.89451,0.89484,1.50,1.12
2014.11.13 12:41:51.545,0.89449,0.89484,1.00,1.12
2014.11.13 12:41:51.876,0.89449,0.89484,1.00,1.37
2014.11.13 12:41:51.977,0.89449,0.89484,1.00,1.37
2014.11.13 12:41:52.179,0.89448,0.89483,1.00,1.37
2014.11.13 12:41:52.380,0.89443,0.89481,1.12,1.87
2014.11.13 12:41:53.008,0.89442,0.89488,1.37,1.75
2014.11.13 12:41:53.350,0.89448,0.89485,1.00,2.25
2014.11.13 12:41:53.400,0.89448,0.89485,1.00,1.87
2014.11.13 12:41:53.738,0.89452,0.89488,1.50,1.50
2014.11.13 12:41:59.042,0.89448,0.89487,2.25,2.62
2014.11.13 12:41:59.689,0.89448,0.89487,3.00,2.25
2014.11.13 12:41:59.943,0.89452,0.89491,2.62,1.87
2014.11.13 12:42:00.277,0.89452,0.89491,3.37,1.87
2014.11.13 12:42:00.939,0.89452,0.89488,1.37,1.00
2014.11.13 12:42:01.578,0.8945,0.89487,1.87,1.00
2014.11.13 12:42:01.629,0.8945,0.89487,1.50,1.00
2014.11.13 12:42:02.338,0.8945,0.89488,1.50,1.37
2014.11.13 12:42:02.555,0.89453,0.89488,1.50,1.37
2014.11.13 12:42:02.605,0.89453,0.89488,1.50,1.00
2014.11.13 12:42:03.178,0.89454,0.89487,1.50,1.00
2014.11.13 12:42:03.229,0.89452,0.89487,1.50,1.00
2014.11.13 12:42:03.448,0.89455,0.89487,1.50,1.00
2014.11.13 12:42:04.303,0.89456,0.89487,1.50,1.00
2014.11.13 12:42:04.628,0.89454,0.89487,1.50,1.00
2014.11.13 12:42:05.191,0.89454,0.89487,1.87,1.00
2014.11.13 12:42:07.039,0.89455,0.89487,1.87,1.00
2014.11.13 12:42:07.839,0.89457,0.89488,1.87,1.00
2014.11.13 12:42:08.426,0.89455,0.89488,1.50,1.00
2014.11.13 12:42:08.728,0.89451,0.89487,1.50,1.37
2014.11.13 12:42:09.131,0.89449,0.89487,1.87,1.37
2014.11.13 12:42:10.039,0.89449,0.89482,1.87,1.00
2014.11.13 12:42:14.328,0.89448,0.89483,1.87,1.00
2014.11.13 12:42:14.664,0.89449,0.89482,1.87,1.00
2014.11.13 12:42:14.715,0.89449,0.89482,1.87,1.00
2014.11.13 12:42:14.976,0.89451,0.89482,1.50,1.00
2014.11.13 12:42:15.099,0.89451,0.89487,1.50,1.00
2014.11.13 12:42:15.633,0.8945,0.89487,1.87,1.00
2014.11.13 12:42:16.138,0.89451,0.89487,1.50,1.00
2014.11.13 12:42:18.620,0.89451,0.89487,1.87,1.00
2014.11.13 12:42:19.169,0.89453,0.89487,1.50,1.00
2014.11.13 12:42:19.829,0.89452,0.89487,1.87,1.00
2014.11.13 12:42:24.558,0.89452,0.89482,1.50,1.00
2014.11.13 12:42:25.068,0.8945,0.89482,1.87,1.00
2014.11.13 12:42:25.119,0.8945,0.89488,1.87,1.97
2014.11.13 12:42:25.220,0.89447,0.89484,1.87,1.00
2014.11.13 12:42:25.327,0.89446,0.89478,1.87,1.00
2014.11.13 12:42:25.539,0.89444,0.89478,1.87,1.00
2014.11.13 12:42:26.480,0.89442,0.89478,1.87,1.00
2014.11.13 12:42:26.538,0.89442,0.89478,1.50,1.00
2014.11.13 12:42:26.839,0.89442,0.89478,1.87,1.00
2014.11.13 12:42:26.889,0.89443,0.89482,1.37,2.62
2014.11.13 12:42:27.118,0.89448,0.89482,1.00,1.37
2014.11.13 12:42:27.471,0.89448,0.89486,1.12,1.87
2014.11.13 12:42:28.081,0.89448,0.89487,2.25,1.37
2014.11.13 12:42:29.122,0.89449,0.89488,1.50,1.37
2014.11.13 12:42:30.658,0.89448,0.89488,1.50,2.62
2014.11.13 12:42:34.856,0.89448,0.89488,1.87,2.62
2014.11.13 12:42:35.395,0.89451,0.89487,1.50,1.00
2014.11.13 12:42:35.909,0.89451,0.89488,1.50,1.12
2014.11.13 12:42:36.158,0.89447,0.89486,1.37,1.50
2014.11.13 12:42:36.309,0.89447,0.89484,1.00,1.50
2014.11.13 12:42:36.360,0.89444,0.89484,1.87,1.50
2014.11.13 12:42:36.410,0.89443,0.8948,1.12,1.87
2014.11.13 12:42:36.759,0.89443,0.8948,1.00,1.87
2014.11.13 12:42:37.200,0.8944,0.89477,1.50,1.12
2014.11.13 12:42:37.614,0.89442,0.89477,1.50,1.87
2014.11.13 12:42:37.916,0.89448,0.89479,2.62,2.25
2014.11.13 12:42:38.644,0.8945,0.8948,1.50,1.00
2014.11.13 12:42:39.728,0.89447,0.8948,2.62,1.00
2014.11.13 12:42:39.879,0.89447,0.89483,2.62,1.00
2014.11.13 12:42:40.116,0.89449,0.89483,1.87,1.00
2014.11.13 12:42:40.626,0.89449,0.89482,1.87,1.00
2014.11.13 12:42:41.608,0.8945,0.89483,1.87,1.50
2014.11.13 12:42:41.947,0.8945,0.89479,1.50,1.00
2014.11.13 12:42:42.597,0.89448,0.89479,2.62,1.00
2014.11.13 12:42:44.130,0.89448,0.89479,1.12,1.00
2014.11.13 12:42:44.578,0.89445,0.89477,1.87,1.00
2014.11.13 12:42:44.798,0.89445,0.89479,1.87,1.00
2014.11.13 12:42:45.329,0.89449,0.89478,1.87,1.00
2014.11.13 12:42:45.430,0.89451,0.89478,1.87,1.00
2014.11.13 12:42:45.731,0.89448,0.89478,1.87,1.00
2014.11.13 12:42:45.933,0.89449,0.89484,1.87,1.00
2014.11.13 12:42:46.436,0.89452,0.89484,2.62,1.00
2014.11.13 12:42:46.807,0.89452,0.89488,2.62,1.00
2014.11.13 12:42:47.657,0.89452,0.89487,1.87,1.00
2014.11.13 12:42:48.219,0.89453,0.89487,1.50,1.00
2014.11.13 12:42:48.929,0.89452,0.89487,1.87,1.00
2014.11.13 12:42:52.607,0.89449,0.89483,1.87,1.00
2014.11.13 12:42:53.522,0.89449,0.89483,1.87,1.00
2014.11.13 12:42:53.623,0.89454,0.89493,2.62,1.00
2014.11.13 12:42:53.824,0.89455,0.89492,2.10,1.00
2014.11.13 12:42:54.180,0.89457,0.89495,2.62,1.12
2014.11.13 12:42:54.438,0.89458,0.89497,1.87,1.50
2014.11.13 12:42:54.539,0.89458,0.89497,1.87,1.87
2014.11.13 12:42:54.639,0.89458,0.89497,1.87,2.62
2014.11.13 12:42:54.941,0.89457,0.89497,1.87,1.12
2014.11.13 12:42:55.042,0.89456,0.89497,1.87,1.37
2014.11.13 12:42:55.149,0.89456,0.89497,1.87,1.37
2014.11.13 12:42:55.478,0.89458,0.89497,1.12,1.37
2014.11.13 12:42:56.511,0.89459,0.89497,1.50,1.37
2014.11.13 12:42:57.022,0.89458,0.89497,2.62,1.37
2014.11.13 12:43:00.063,0.89457,0.89498,1.12,1.50
2014.11.13 12:43:00.746,0.89455,0.89493,1.87,1.37
2014.11.13 12:43:01.089,0.89454,0.89493,1.50,1.37
2014.11.13 12:43:01.418,0.89456,0.89493,1.50,1.37
2014.11.13 12:43:02.667,0.89455,0.89493,1.87,1.12
2014.11.13 12:43:04.110,0.89456,0.89493,1.50,1.12
2014.11.13 12:43:08.069,0.89458,0.89493,1.50,1.12
2014.11.13 12:43:08.170,0.89455,0.89493,1.87,1.12
2014.11.13 12:43:08.371,0.89455,0.89488,1.50,1.00
2014.11.13 12:43:08.707,0.89458,0.89488,1.50,1.00
2014.11.13 12:43:08.928,0.89462,0.89497,1.50,1.37
2014.11.13 12:43:08.978,0.89465,0.89497,1.50,1.00
2014.11.13 12:43:10.508,0.89463,0.89497,1.50,1.00
2014.11.13 12:43:10.734,0.8946,0.89497,1.87,1.00
2014.11.13 12:43:11.688,0.89462,0.89497,1.50,1.00
2014.11.13 12:43:12.245,0.89463,0.89501,1.00,1.87
2014.11.13 12:43:13.703,0.89465,0.89503,1.50,1.37
2014.11.13 12:43:14.220,0.89466,0.89502,1.50,1.00
2014.11.13 12:43:14.421,0.89467,0.89508,1.50,1.37
2014.11.13 12:43:14.971,0.89463,0.89507,2.62,1.37
2014.11.13 12:43:15.072,0.89463,0.89507,1.50,1.75
2014.11.13 12:43:15.397,0.89461,0.89502,1.12,1.37
2014.11.13 12:43:17.364,0.89462,0.89508,1.00,2.25
2014.11.13 12:43:17.899,0.89459,0.89502,1.37,1.37
2014.11.13 12:43:18.404,0.89458,0.89502,1.37,1.75
2014.11.13 12:43:19.916,0.89458,0.89502,2.25,1.75
2014.11.13 12:43:20.118,0.89453,0.89501,3.00,1.35
2014.11.13 12:43:20.219,0.89453,0.89499,2.62,1.35
2014.11.13 12:43:20.616,0.89457,0.89498,2.25,2.62
2014.11.13 12:43:21.693,0.89457,0.89498,2.25,3.00
2014.11.13 12:43:22.207,0.89457,0.89497,1.00,2.25
2014.11.13 12:43:25.427,0.89458,0.89493,1.00,1.87
2014.11.13 12:43:25.768,0.89458,0.89493,1.00,2.25
2014.11.13 12:43:25.969,0.89453,0.89488,1.00,1.97
2014.11.13 12:43:26.260,0.89447,0.89487,1.12,2.47
2014.11.13 12:43:26.420,0.89448,0.89487,1.37,1.50
2014.11.13 12:43:26.471,0.89453,0.8949,1.50,1.12
2014.11.13 12:43:26.672,0.89456,0.8949,1.50,1.00
2014.11.13 12:43:27.307,0.89456,0.89492,1.50,1.12
2014.11.13 12:43:27.878,0.89457,0.89492,1.50,1.12
2014.11.13 12:43:28.407,0.89454,0.89493,1.87,2.62
2014.11.13 12:43:28.774,0.89454,0.89493,1.50,2.62
2014.11.13 12:43:29.077,0.89452,0.89491,1.00,2.25
2014.11.13 12:43:29.379,0.89452,0.89495,1.00,2.85
2014.11.13 12:43:29.580,0.89448,0.89491,1.12,2.25
2014.11.13 12:43:29.681,0.89443,0.89487,3.37,1.37
2014.11.13 12:43:29.919,0.89453,0.89486,1.00,1.87
2014.11.13 12:43:31.948,0.89453,0.89488,1.00,1.87
2014.11.13 12:43:32.137,0.89453,0.8949,1.00,1.87
2014.11.13 12:43:32.389,0.89456,0.89492,1.50,1.50
2014.11.13 12:43:32.590,0.89454,0.89492,1.50,2.25
2014.11.13 12:43:32.641,0.89454,0.89492,1.87,1.87
2014.11.13 12:43:32.691,0.89457,0.89495,1.50,2.85
2014.11.13 12:43:32.742,0.89457,0.89495,1.50,2.47
2014.11.13 12:43:33.044,0.89461,0.89497,1.50,1.97
2014.11.13 12:43:33.145,0.89461,0.89495,1.50,1.30
2014.11.13 12:43:35.347,0.89461,0.89497,1.87,1.00
2014.11.13 12:43:35.652,0.89469,0.89502,1.50,1.12
2014.11.13 12:43:35.998,0.89471,0.89502,1.50,1.00
2014.11.13 12:43:36.048,0.89471,0.89508,1.50,1.37
2014.11.13 12:43:36.099,0.89473,0.89508,1.50,1.37
2014.11.13 12:43:36.418,0.89471,0.89507,1.50,1.37
2014.11.13 12:43:36.469,0.89471,0.89507,1.50,1.50
2014.11.13 12:43:36.569,0.89469,0.89507,1.50,1.50
2014.11.13 12:43:36.620,0.89472,0.89511,1.00,1.35
2014.11.13 12:43:36.956,0.8947,0.89508,1.50,1.37
2014.11.13 12:43:37.181,0.89473,0.89512,1.00,2.25
2014.11.13 12:43:37.407,0.89469,0.89508,1.50,2.10
2014.11.13 12:43:37.458,0.89469,0.89508,1.50,2.10
2014.11.13 12:43:37.876,0.89469,0.89507,1.50,1.37
2014.11.13 12:43:38.427,0.89468,0.89507,1.12,1.37
2014.11.13 12:43:38.597,0.89465,0.89508,1.87,2.25
2014.11.13 12:43:38.798,0.89462,0.89508,1.37,2.25
2014.11.13 12:43:39.100,0.89462,0.89507,1.37,2.25
2014.11.13 12:43:39.201,0.8946,0.89508,2.55,3.00
2014.11.13 12:43:39.452,0.89465,0.89498,1.50,1.12
2014.11.13 12:43:39.807,0.89462,0.89497,1.50,1.00
2014.11.13 12:43:40.357,0.89465,0.89497,1.50,1.00
2014.11.13 12:43:40.675,0.89463,0.89497,1.50,1.00
2014.11.13 12:43:40.878,0.89463,0.89502,2.25,1.37
2014.11.13 12:43:40.988,0.89466,0.89502,1.50,1.37
2014.11.13 12:43:41.443,0.89466,0.89497,1.50,1.00
2014.11.13 12:43:43.287,0.89464,0.89497,1.50,1.00
2014.11.13 12:43:43.438,0.89461,0.89497,1.50,1.37
2014.11.13 12:43:43.740,0.89465,0.89498,1.50,1.37
2014.11.13 12:43:44.063,0.89462,0.89498,1.50,1.37
2014.11.13 12:43:44.607,0.89463,0.89498,1.50,1.12
2014.11.13 12:43:45.131,0.89462,0.89498,1.50,1.12
2014.11.13 12:43:45.735,0.89463,0.89498,1.50,1.12
2014.11.13 12:43:46.034,0.89463,0.89498,1.50,1.37
2014.11.13 12:43:46.084,0.89458,0.89497,1.87,1.87
2014.11.13 12:43:46.236,0.8946,0.89498,1.87,2.62
2014.11.13 12:43:46.910,0.89461,0.89498,1.50,1.37
2014.11.13 12:43:49.150,0.89462,0.89498,1.50,1.37
2014.11.13 12:43:49.680,0.89462,0.89497,1.50,1.37
2014.11.13 12:43:50.256,0.89464,0.89497,1.50,1.37
2014.11.13 12:43:50.638,0.89464,0.89497,1.50,1.00
2014.11.13 12:43:51.546,0.89464,0.89498,1.50,1.00
2014.11.13 12:43:52.646,0.89464,0.89497,1.50,1.00
2014.11.13 12:43:53.327,0.89464,0.89497,1.50,1.37
2014.11.13 12:43:55.088,0.89464,0.89497,1.50,1.00
2014.11.13 12:43:55.167,0.89461,0.89497,1.87,1.00
2014.11.13 12:43:55.646,0.8946,0.89502,1.87,1.37
2014.11.13 12:43:55.948,0.89464,0.89504,1.37,1.12
2014.11.13 12:43:56.486,0.89464,0.89507,1.50,1.37
2014.11.13 12:43:56.788,0.89463,0.89507,1.37,2.25
2014.11.13 12:43:57.067,0.89461,0.89502,1.87,3.37
2014.11.13 12:43:57.418,0.89459,0.89502,2.62,1.87
2014.11.13 12:44:00.978,0.89461,0.89502,1.87,1.37
2014.11.13 12:44:03.975,0.89463,0.89503,1.00,1.50
2014.11.13 12:44:04.631,0.89465,0.89507,1.87,1.37
2014.11.13 12:44:05.143,0.89468,0.89507,1.87,1.37
2014.11.13 12:44:05.957,0.89469,0.89507,1.50,1.37
2014.11.13 12:44:09.494,0.89467,0.89508,1.87,1.37
2014.11.13 12:44:10.102,0.89467,0.89508,1.50,1.37
2014.11.13 12:44:10.636,0.89467,0.89507,1.50,1.75
2014.11.13 12:44:10.687,0.89461,0.89507,1.67,1.75
2014.11.13 12:44:11.139,0.89463,0.89507,1.37,1.75
2014.11.13 12:44:11.448,0.89461,0.89503,1.37,1.50
2014.11.13 12:44:11.936,0.8946,0.89503,3.00,1.50
2014.11.13 12:44:12.079,0.8946,0.89503,3.37,1.37
2014.11.13 12:44:14.839,0.8946,0.89503,1.37,1.75
2014.11.13 12:44:20.059,0.8946,0.89503,1.50,1.37
2014.11.13 12:44:20.211,0.89459,0.89503,1.87,1.37
2014.11.13 12:44:21.497,0.89457,0.89503,1.87,1.75
2014.11.13 12:44:22.056,0.89458,0.895,1.12,1.75
2014.11.13 12:44:22.207,0.89457,0.895,1.37,1.37
2014.11.13 12:44:22.408,0.89457,0.89503,2.62,1.87
2014.11.13 12:44:22.559,0.89462,0.89502,1.50,1.87
2014.11.13 12:44:23.128,0.89463,0.89502,1.00,2.62
2014.11.13 12:44:23.473,0.89471,0.89502,1.00,1.50
2014.11.13 12:44:23.794,0.89472,0.89503,1.00,1.87
2014.11.13 12:44:23.894,0.89465,0.89503,1.50,2.62
2014.11.13 12:44:24.107,0.89468,0.89502,1.00,1.87
2014.11.13 12:44:28.500,0.89468,0.89499,1.00,1.50
2014.11.13 12:44:29.157,0.89468,0.895,1.00,1.87
2014.11.13 12:44:33.799,0.89468,0.895,1.00,1.87
2014.11.13 12:44:34.556,0.89462,0.89499,1.00,1.87
2014.11.13 12:44:34.606,0.89462,0.89499,1.00,1.87
2014.11.13 12:44:34.902,0.89458,0.89502,1.37,1.37
2014.11.13 12:44:35.427,0.89458,0.89502,1.37,3.00
2014.11.13 12:44:35.996,0.89458,0.89502,1.00,3.00
2014.11.13 12:44:36.671,0.89457,0.89502,1.00,2.25
2014.11.13 12:44:38.754,0.89458,0.89499,1.00,2.25
2014.11.13 12:44:39.068,0.89453,0.89497,1.12,2.25
2014.11.13 12:44:39.187,0.89455,0.89492,1.50,1.12
2014.11.13 12:44:39.489,0.89458,0.89493,1.00,1.00
2014.11.13 12:44:39.640,0.89454,0.89493,2.62,1.00
2014.11.13 12:44:40.420,0.89455,0.89493,1.87,1.37
2014.11.13 12:44:40.938,0.89454,0.89497,1.87,1.37
2014.11.13 12:44:41.624,0.89454,0.89497,1.87,1.37
2014.11.13 12:44:43.946,0.89453,0.89497,3.00,1.37
2014.11.13 12:44:51.866,0.89457,0.89498,2.25,1.00
2014.11.13 12:44:52.337,0.8946,0.89501,1.00,1.37
2014.11.13 12:44:52.445,0.89463,0.89501,1.00,1.37
2014.11.13 12:44:52.628,0.8946,0.89501,1.37,1.37
2014.11.13 12:44:52.679,0.8946,0.89501,1.37,1.37
2014.11.13 12:44:52.946,0.8946,0.89501,1.12,2.62
2014.11.13 12:44:54.767,0.89455,0.89497,1.87,1.37
2014.11.13 12:44:55.587,0.89458,0.89501,1.37,3.00
2014.11.13 12:44:58.652,0.89455,0.89498,2.25,1.37
2014.11.13 12:45:06.368,0.89456,0.89497,2.25,1.12
2014.11.13 12:45:08.477,0.89456,0.89497,1.87,1.37
2014.11.13 12:45:08.826,0.89455,0.89498,2.25,1.37
2014.11.13 12:45:08.876,0.89455,0.89498,1.87,1.37
2014.11.13 12:45:09.704,0.89453,0.89497,2.62,1.37
2014.11.13 12:45:11.878,0.89457,0.89499,1.00,2.25
2014.11.13 12:45:11.929,0.89457,0.895,1.37,2.25
2014.11.13 12:45:12.131,0.89458,0.89502,2.62,4.50
2014.11.13 12:45:12.332,0.89459,0.89503,1.87,3.00
2014.11.13 12:45:12.490,0.89459,0.89503,2.25,1.37
2014.11.13 12:45:12.696,0.89462,0.89502,1.37,1.00
2014.11.13 12:45:13.136,0.89462,0.89503,1.37,1.00
2014.11.13 12:45:13.300,0.89463,0.89503,1.37,1.00
2014.11.13 12:45:13.974,0.89464,0.89502,1.37,1.00
2014.11.13 12:45:14.849,0.89464,0.89503,1.37,1.87
2014.11.13 12:45:15.840,0.89464,0.89502,1.37,1.00
2014.11.13 12:45:16.169,0.89464,0.89504,1.75,1.00
2014.11.13 12:45:16.944,0.89468,0.89503,1.37,1.00
2014.11.13 12:45:23.811,0.89463,0.89503,2.25,1.00
2014.11.13 12:45:24.813,0.89463,0.89503,1.87,1.00
2014.11.13 12:45:32.556,0.89465,0.89507,1.87,1.37
2014.11.13 12:45:32.885,0.89465,0.89502,1.87,1.00
2014.11.13 12:45:33.326,0.89465,0.89507,1.87,1.87
2014.11.13 12:45:38.831,0.89464,0.89507,1.87,3.22
2014.11.13 12:45:41.587,0.89466,0.89507,1.87,1.72
2014.11.13 12:45:41.908,0.89467,0.89508,1.37,1.97
2014.11.13 12:45:44.596,0.89472,0.89508,1.00,1.37
2014.11.13 12:45:44.647,0.89472,0.89508,1.00,1.12
2014.11.13 12:45:44.876,0.89478,0.89508,1.00,1.12
2014.11.13 12:45:45.495,0.89478,0.89513,1.00,1.37
2014.11.13 12:45:46.636,0.89473,0.89512,1.00,1.37
2014.11.13 12:45:48.385,0.89478,0.89513,1.00,1.00
2014.11.13 12:45:48.889,0.89478,0.89518,1.50,1.37
2014.11.13 12:45:49.215,0.89483,0.8952,1.00,1.75
2014.11.13 12:45:49.975,0.89482,0.8952,1.00,1.50
2014.11.13 12:45:50.046,0.89478,0.8952,1.50,1.50
2014.11.13 12:45:50.375,0.89483,0.8952,1.00,1.50
2014.11.13 12:45:51.158,0.89482,0.89519,1.00,1.37
2014.11.13 12:45:51.376,0.89479,0.89518,1.00,1.37
2014.11.13 12:45:52.357,0.89483,0.89519,1.00,1.37
2014.11.13 12:45:52.578,0.89479,0.89513,1.00,1.00
2014.11.13 12:45:53.338,0.89477,0.89513,1.00,1.00
2014.11.13 12:45:53.489,0.89478,0.89509,1.00,1.50
2014.11.13 12:45:54.268,0.89477,0.89508,1.00,1.50
2014.11.13 12:45:59.065,0.89475,0.89507,1.00,1.00
2014.11.13 12:45:59.166,0.89472,0.89507,1.00,1.00
2014.11.13 12:45:59.370,0.89472,0.89507,1.00,2.62
2014.11.13 12:46:00.946,0.89468,0.89507,1.97,2.62
2014.11.13 12:46:01.496,0.89468,0.89504,1.60,1.87
2014.11.13 12:46:01.546,0.89468,0.89502,1.00,1.50
2014.11.13 12:46:02.079,0.89467,0.89503,1.00,1.50
2014.11.13 12:46:02.385,0.89467,0.89501,1.00,1.50
2014.11.13 12:46:03.356,0.89468,0.89501,1.00,1.50
2014.11.13 12:46:08.237,0.89468,0.89504,1.00,1.87
2014.11.13 12:46:08.288,0.89468,0.89504,1.00,1.87
2014.11.13 12:46:10.649,0.89467,0.89504,1.12,1.50
2014.11.13 12:46:11.305,0.89473,0.89504,1.00,1.50
2014.11.13 12:46:11.515,0.89475,0.89508,1.00,2.25
2014.11.13 12:46:11.635,0.89477,0.89508,1.00,2.25
2014.11.13 12:46:13.618,0.89478,0.89508,1.00,1.50
2014.11.13 12:46:13.828,0.89478,0.89511,1.00,1.87
2014.11.13 12:46:18.006,0.89478,0.8951,1.00,1.50
2014.11.13 12:46:18.107,0.89486,0.8951,1.00,1.50
2014.11.13 12:46:18.158,0.89486,0.89517,1.00,2.62
2014.11.13 12:46:18.459,0.89487,0.89521,1.00,1.37
2014.11.13 12:46:18.610,0.89486,0.89517,1.00,1.00
2014.11.13 12:46:18.761,0.89478,0.89517,1.72,2.62
2014.11.13 12:46:18.812,0.89478,0.89514,1.72,1.50
2014.11.13 12:46:19.114,0.89478,0.89514,1.00,1.87
2014.11.13 12:46:19.164,0.89476,0.89514,1.00,1.87
2014.11.13 12:46:19.755,0.89476,0.89511,1.00,1.50
2014.11.13 12:46:19.806,0.89473,0.8951,1.00,1.50
2014.11.13 12:46:20.348,0.89473,0.89509,1.00,1.50
2014.11.13 12:46:21.256,0.89472,0.89509,1.50,1.50
2014.11.13 12:46:24.762,0.89472,0.89508,1.00,1.50
2014.11.13 12:46:25.110,0.8947,0.89507,2.25,1.00
2014.11.13 12:46:25.666,0.89469,0.89507,2.25,2.62
2014.11.13 12:46:25.873,0.89469,0.89506,1.37,1.50
2014.11.13 12:46:25.974,0.89469,0.89505,1.00,1.50
2014.11.13 12:46:26.074,0.89469,0.89503,1.00,1.50
2014.11.13 12:46:26.683,0.89469,0.89502,1.00,1.50
2014.11.13 12:46:28.155,0.89469,0.89503,1.00,1.50
2014.11.13 12:46:28.691,0.89468,0.89504,1.00,1.50
2014.11.13 12:46:29.016,0.89468,0.89501,1.00,1.50
2014.11.13 12:46:29.191,0.89468,0.89504,1.00,1.50
2014.11.13 12:46:29.292,0.89468,0.89502,1.00,1.50
2014.11.13 12:46:29.493,0.89468,0.89504,1.00,1.50
2014.11.13 12:46:29.745,0.89468,0.89501,1.00,1.50
2014.11.13 12:46:37.630,0.89468,0.89508,2.25,1.87
2014.11.13 12:46:37.680,0.89476,0.89508,1.00,1.87
2014.11.13 12:46:37.881,0.89476,0.89509,1.00,1.50
2014.11.13 12:46:38.417,0.89476,0.89511,1.00,1.87
2014.11.13 12:46:39.055,0.89476,0.89512,1.00,2.62
2014.11.13 12:46:39.307,0.89476,0.89509,1.00,1.50
2014.11.13 12:46:39.407,0.89476,0.89512,1.00,1.87
2014.11.13 12:46:39.609,0.89476,0.89509,1.00,1.50
2014.11.13 12:46:39.711,0.89476,0.89511,1.00,1.87
2014.11.13 12:46:40.246,0.89476,0.8951,1.00,1.50
2014.11.13 12:46:40.749,0.89476,0.89512,1.00,2.62
2014.11.13 12:46:42.585,0.89477,0.89511,1.00,1.87
2014.11.13 12:46:45.882,0.89477,0.89511,1.00,1.87
2014.11.13 12:46:46.020,0.89477,0.89508,1.00,1.50
2014.11.13 12:46:47.021,0.89477,0.89508,1.00,1.87
2014.11.13 12:46:47.523,0.89477,0.89508,1.00,1.50
2014.11.13 12:46:48.075,0.89477,0.89509,1.00,1.50
2014.11.13 12:46:48.802,0.89476,0.89509,1.00,1.50
2014.11.13 12:46:49.133,0.89476,0.89507,1.00,2.25
2014.11.13 12:46:49.985,0.89469,0.89507,2.62,2.25
2014.11.13 12:46:50.385,0.89469,0.89505,1.37,1.50
2014.11.13 12:46:50.993,0.89469,0.89505,1.37,1.50
2014.11.13 12:46:51.304,0.89468,0.89501,1.12,1.50
2014.11.13 12:46:51.606,0.89465,0.895,1.00,1.87
2014.11.13 12:46:51.705,0.89465,0.89498,1.00,1.50
2014.11.13 12:46:52.066,0.89465,0.89496,1.00,1.50
2014.11.13 12:46:54.565,0.89465,0.89497,1.00,1.87
2014.11.13 12:46:55.094,0.89465,0.89497,1.00,1.87
2014.11.13 12:46:55.396,0.89457,0.89496,1.12,1.37
2014.11.13 12:46:55.576,0.89457,0.89496,1.00,1.50
2014.11.13 12:46:56.276,0.89458,0.89496,1.00,3.00
2014.11.13 12:46:56.885,0.89458,0.89495,1.00,1.37
2014.11.13 12:46:56.986,0.89458,0.89497,1.37,1.87
2014.11.13 12:46:57.563,0.89458,0.89502,1.75,1.87
2014.11.13 12:46:57.865,0.89458,0.89502,1.50,1.37
2014.11.13 12:46:57.974,0.89458,0.89502,1.75,1.37
2014.11.13 12:46:58.524,0.89463,0.89505,1.12,1.50
2014.11.13 12:46:59.112,0.89458,0.89502,1.37,2.25
2014.11.13 12:46:59.414,0.89457,0.89499,1.37,1.37
2014.11.13 12:47:02.786,0.89455,0.89497,2.25,1.00
2014.11.13 12:47:03.144,0.89458,0.89493,1.37,1.00
2014.11.13 12:47:05.601,0.89458,0.89493,1.37,1.00
2014.11.13 12:47:06.297,0.89458,0.89492,1.37,1.00
2014.11.13 12:47:06.936,0.89455,0.89492,1.87,1.00
2014.11.13 12:47:07.275,0.89454,0.89488,1.87,1.00
2014.11.13 12:47:10.224,0.89456,0.89489,1.87,1.00
2014.11.13 12:47:10.567,0.89456,0.89488,1.50,2.10
2014.11.13 12:47:10.668,0.89452,0.89488,2.62,2.10
2014.11.13 12:47:10.870,0.8945,0.89483,1.37,1.00
2014.11.13 12:47:11.278,0.89447,0.89481,3.75,1.00
2014.11.13 12:47:11.938,0.89447,0.89481,3.37,1.00
2014.11.13 12:47:12.909,0.8945,0.89483,1.37,1.00
2014.11.13 12:47:13.462,0.8945,0.89483,1.37,1.00
2014.11.13 12:47:13.970,0.89452,0.89484,1.37,1.00
2014.11.13 12:47:14.580,0.89453,0.89488,1.37,2.10
2014.11.13 12:47:14.715,0.89453,0.89492,1.37,1.87
2014.11.13 12:47:20.571,0.89453,0.89492,1.50,1.00
2014.11.13 12:47:26.260,0.89453,0.89492,1.37,1.37
2014.11.13 12:47:26.512,0.89453,0.89492,1.37,1.87
2014.11.13 12:47:26.876,0.89452,0.89495,3.37,1.37
2014.11.13 12:47:27.929,0.89453,0.89498,1.87,1.97
2014.11.13 12:47:28.130,0.89452,0.89497,1.37,1.37
2014.11.13 12:47:28.435,0.89458,0.89497,2.62,2.62
2014.11.13 12:47:29.700,0.8946,0.89497,1.50,1.37
2014.11.13 12:47:30.095,0.89462,0.89497,1.00,1.87
2014.11.13 12:47:30.346,0.89458,0.89496,3.37,3.22
2014.11.13 12:47:46.823,0.89458,0.89495,2.62,1.50
2014.11.13 12:47:50.784,0.89458,0.89494,1.37,1.50
2014.11.13 12:47:54.985,0.89458,0.89495,1.37,1.50
2014.11.13 12:47:55.454,0.89458,0.89495,1.37,1.50
2014.11.13 12:47:55.782,0.89458,0.89497,2.62,1.60
2014.11.13 12:47:55.883,0.89458,0.89493,1.00,1.87
2014.11.13 12:47:56.285,0.89458,0.89495,2.25,1.87
2014.11.13 12:47:56.386,0.89458,0.89493,1.00,1.87
2014.11.13 12:47:56.638,0.89453,0.89493,2.62,1.87
2014.11.13 12:47:56.832,0.89457,0.89493,1.00,1.87
2014.11.13 12:47:58.587,0.89454,0.89492,1.87,1.87
2014.11.13 12:47:58.915,0.89454,0.89492,1.50,1.87
2014.11.13 12:47:59.476,0.89452,0.89491,1.37,1.87
2014.11.13 12:48:00.698,0.89452,0.8949,1.37,1.50
2014.11.13 12:48:01.405,0.89452,0.89491,2.62,1.50
2014.11.13 12:48:03.817,0.89453,0.89492,1.87,1.87
2014.11.13 12:48:05.625,0.89453,0.89492,1.87,1.87
2014.11.13 12:48:06.884,0.89453,0.89493,2.62,1.87
2014.11.13 12:48:07.872,0.89453,0.89491,1.00,1.87
2014.11.13 12:48:08.174,0.89448,0.89487,1.12,1.37
2014.11.13 12:48:08.715,0.89449,0.89487,1.50,2.62
2014.11.13 12:48:09.284,0.8945,0.89487,1.50,1.37
2014.11.13 12:48:09.824,0.8945,0.89488,1.87,2.47
2014.11.13 12:48:10.026,0.89449,0.89495,1.87,1.50
2014.11.13 12:48:10.304,0.89456,0.89495,1.50,3.00
2014.11.13 12:48:10.625,0.89456,0.89487,1.50,1.00
2014.11.13 12:48:10.948,0.89454,0.89496,1.50,1.35
2014.11.13 12:48:11.294,0.89455,0.89495,1.50,1.35
2014.11.13 12:48:11.614,0.89454,0.89497,1.87,2.10
2014.11.13 12:48:12.885,0.89454,0.89487,1.87,1.00
2014.11.13 12:48:13.665,0.89454,0.89488,1.87,1.00
2014.11.13 12:48:16.484,0.89455,0.89488,1.50,1.50
2014.11.13 12:48:17.094,0.89454,0.89488,1.50,1.50
2014.11.13 12:48:17.667,0.89454,0.89487,1.50,1.00
2014.11.13 12:48:18.823,0.89454,0.89488,1.50,1.00
2014.11.13 12:48:19.648,0.89452,0.89493,1.37,1.37
2014.11.13 12:48:20.685,0.89452,0.89493,2.62,1.50
2014.11.13 12:48:21.297,0.89453,0.89492,1.00,1.37
2014.11.13 12:48:21.843,0.89451,0.89488,2.62,1.12
2014.11.13 12:48:23.886,0.89451,0.89487,1.37,1.00
2014.11.13 12:48:24.466,0.89453,0.89492,1.00,1.37
2014.11.13 12:48:25.093,0.89452,0.89493,1.12,1.50
2014.11.13 12:48:27.845,0.89453,0.89492,1.00,1.37
2014.11.13 12:48:33.124,0.89452,0.89493,1.12,1.50
2014.11.13 12:48:33.744,0.89453,0.89492,1.00,1.37
2014.11.13 12:48:36.795,0.89453,0.89492,1.37,1.37
2014.11.13 12:48:37.203,0.89452,0.89493,1.37,1.12
2014.11.13 12:48:37.605,0.89456,0.89493,1.50,1.37
2014.11.13 12:48:37.818,0.89453,0.89491,1.87,1.87
2014.11.13 12:48:37.902,0.89453,0.89489,1.87,1.00
2014.11.13 12:48:38.473,0.89453,0.89488,1.87,1.00
2014.11.13 12:48:39.014,0.89453,0.89487,1.12,1.00
2014.11.13 12:48:40.175,0.89457,0.89489,1.00,1.00
2014.11.13 12:48:40.563,0.89452,0.89488,2.62,1.00
2014.11.13 12:48:41.115,0.89453,0.89488,1.12,2.10
2014.11.13 12:48:41.633,0.89453,0.89493,1.12,2.62
2014.11.13 12:48:41.683,0.89456,0.89493,1.87,1.37
2014.11.13 12:48:42.322,0.89456,0.89492,1.87,1.00
2014.11.13 12:48:49.283,0.89457,0.89492,1.50,1.37
2014.11.13 12:48:49.384,0.89454,0.89492,1.87,1.37
2014.11.13 12:48:50.235,0.89455,0.89493,1.50,2.62
2014.11.13 12:48:51.553,0.89454,0.89492,1.87,1.87
2014.11.13 12:48:53.213,0.89454,0.89488,1.87,1.00
2014.11.13 12:48:54.533,0.89453,0.89487,1.87,1.00
2014.11.13 12:48:54.767,0.89449,0.89487,1.50,1.37
2014.11.13 12:48:54.868,0.89448,0.89486,1.00,2.47
2014.11.13 12:48:55.183,0.89447,0.89477,1.12,1.00
2014.11.13 12:48:55.345,0.89448,0.89482,1.00,1.00
2014.11.13 12:48:55.881,0.89448,0.89485,1.00,1.87
2014.11.13 12:48:56.283,0.89448,0.89484,1.37,1.50
2014.11.13 12:48:56.334,0.8945,0.89487,1.87,1.00
2014.11.13 12:48:56.667,0.89453,0.8949,1.50,1.87
2014.11.13 12:48:59.492,0.89454,0.89492,1.00,1.87
2014.11.13 12:49:02.243,0.89453,0.89491,1.50,1.87
2014.11.13 12:49:02.973,0.89452,0.89491,1.12,1.87
2014.11.13 12:49:03.544,0.89452,0.89489,1.12,1.50
2014.11.13 12:49:04.291,0.89452,0.8949,1.12,1.87
2014.11.13 12:49:05.545,0.89453,0.8949,1.50,1.87
2014.11.13 12:49:05.865,0.89453,0.89488,1.50,1.00
2014.11.13 12:49:06.733,0.89451,0.89488,1.87,1.00
2014.11.13 12:49:07.262,0.89451,0.89488,1.50,2.62
2014.11.13 12:49:07.921,0.89451,0.89488,1.87,2.62
2014.11.13 12:49:11.823,0.89455,0.8949,1.00,1.50
2014.11.13 12:49:11.942,0.89455,0.89492,2.62,1.12
2014.11.13 12:49:12.337,0.89455,0.89493,1.37,1.50
2014.11.13 12:49:12.784,0.89457,0.89496,1.37,1.87
2014.11.13 12:49:13.332,0.89457,0.89495,2.62,1.50
2014.11.13 12:49:15.092,0.89458,0.89496,1.87,1.87
2014.11.13 12:49:18.432,0.89458,0.89496,2.62,1.50
2014.11.13 12:49:18.733,0.89463,0.89498,1.00,1.87
2014.11.13 12:49:19.323,0.89462,0.89497,1.00,1.87
2014.11.13 12:49:21.376,0.8946,0.89497,2.25,1.12
2014.11.13 12:49:22.701,0.89461,0.89497,1.00,1.12
2014.11.13 12:49:25.570,0.89463,0.89498,1.00,1.87
2014.11.13 12:49:28.632,0.89462,0.89497,1.00,1.12
2014.11.13 12:49:29.052,0.89461,0.89497,1.00,1.37
2014.11.13 12:49:29.586,0.89461,0.89498,1.00,1.37
2014.11.13 12:49:29.867,0.89461,0.89498,2.62,1.00
2014.11.13 12:49:30.169,0.89461,0.89498,1.00,1.37
2014.11.13 12:49:31.913,0.89462,0.89498,1.50,1.37
2014.11.13 12:49:33.232,0.89461,0.89498,1.00,1.37
2014.11.13 12:49:34.078,0.89461,0.89498,1.37,1.12
2014.11.13 12:49:34.404,0.89463,0.89502,1.12,1.37
2014.11.13 12:49:34.454,0.89465,0.89502,1.50,1.37
2014.11.13 12:49:34.806,0.89465,0.89504,1.87,1.87
2014.11.13 12:49:34.907,0.89467,0.89504,1.00,1.87
2014.11.13 12:49:35.122,0.89465,0.89502,1.87,1.00
2014.11.13 12:49:37.322,0.89467,0.89505,1.00,1.87
2014.11.13 12:49:40.208,0.89468,0.89503,1.50,1.12
2014.11.13 12:49:41.061,0.89467,0.89507,2.25,1.87
2014.11.13 12:49:41.603,0.89468,0.89507,1.00,2.62
2014.11.13 12:49:42.741,0.89468,0.89505,1.00,1.87
2014.11.13 12:49:43.485,0.89467,0.89502,1.50,1.12
2014.11.13 12:49:44.017,0.89466,0.89502,1.50,1.12
2014.11.13 12:49:45.891,0.89467,0.89502,1.50,1.12
2014.11.13 12:49:47.682,0.89464,0.89502,1.87,1.12
2014.11.13 12:49:48.342,0.89465,0.89502,1.50,1.12
2014.11.13 12:49:48.636,0.89465,0.89502,1.87,1.00
2014.11.13 12:49:48.686,0.89468,0.89507,1.50,1.37
2014.11.13 12:49:49.145,0.89469,0.89502,1.50,1.00
2014.11.13 12:49:49.680,0.89468,0.89502,1.50,1.00
2014.11.13 12:49:52.315,0.89468,0.89503,1.50,1.00
2014.11.13 12:49:54.844,0.89468,0.89502,1.50,1.00
2014.11.13 12:49:54.943,0.89466,0.89502,1.87,1.00
2014.11.13 12:49:55.474,0.89465,0.89503,1.50,2.62
2014.11.13 12:49:55.821,0.89463,0.89502,2.62,1.87
2014.11.13 12:49:55.930,0.89463,0.89502,2.62,1.87
2014.11.13 12:49:56.432,0.89465,0.89503,1.50,2.62
2014.11.13 12:49:57.016,0.89463,0.89502,1.87,1.87
2014.11.13 12:49:57.912,0.89466,0.89502,1.50,1.37
2014.11.13 12:49:59.341,0.89463,0.89502,3.37,1.37
2014.11.13 12:49:59.671,0.89466,0.89502,1.50,1.37
2014.11.13 12:50:00.539,0.89466,0.89502,1.50,1.00
2014.11.13 12:50:01.554,0.89466,0.89503,1.50,2.62
2014.11.13 12:50:02.643,0.89464,0.89503,1.87,2.62
2014.11.13 12:50:08.466,0.89464,0.89503,1.50,1.37
2014.11.13 12:50:09.069,0.89464,0.89502,1.87,2.25
2014.11.13 12:50:09.647,0.89465,0.89503,1.87,2.62
2014.11.13 12:50:10.356,0.89465,0.89502,1.87,1.00
2014.11.13 12:50:11.074,0.89465,0.89502,1.50,1.37
2014.11.13 12:50:11.225,0.89463,0.89501,1.50,1.87
2014.11.13 12:50:11.277,0.89463,0.89501,1.50,1.87
2014.11.13 12:50:11.593,0.89462,0.89496,1.00,1.87
2014.11.13 12:50:11.957,0.89462,0.89493,1.00,1.00
2014.11.13 12:50:13.434,0.89463,0.89495,1.00,1.87
2014.11.13 12:50:15.870,0.89462,0.89492,1.00,1.00
2014.11.13 12:50:17.093,0.89463,0.89495,1.00,1.87
2014.11.13 12:50:17.289,0.89462,0.89493,1.00,1.00
2014.11.13 12:50:17.374,0.89456,0.89493,2.47,1.00
2014.11.13 12:50:17.900,0.89456,0.89492,2.47,1.12
2014.11.13 12:50:18.532,0.89459,0.89492,1.50,1.00
2014.11.13 12:50:21.373,0.89459,0.89493,2.25,1.00
2014.11.13 12:50:21.631,0.89453,0.89493,1.87,1.12
2014.11.13 12:50:22.570,0.89453,0.89492,1.37,1.00
2014.11.13 12:50:23.181,0.89456,0.89492,1.50,1.00
2014.11.13 12:50:23.802,0.89458,0.89492,1.50,1.00
2014.11.13 12:50:24.142,0.8946,0.89497,1.50,1.87
2014.11.13 12:50:24.911,0.8946,0.89497,1.50,1.87
2014.11.13 12:50:25.541,0.89458,0.89497,1.50,1.87
2014.11.13 12:50:26.531,0.89459,0.89498,1.50,2.62
2014.11.13 12:50:30.923,0.89459,0.89493,1.00,1.00
2014.11.13 12:50:31.231,0.89456,0.89493,1.87,1.00
2014.11.13 12:50:31.765,0.89456,0.89492,1.87,1.00
2014.11.13 12:50:32.352,0.89456,0.89493,1.87,1.00
2014.11.13 12:50:37.650,0.89459,0.89493,1.50,1.00
2014.11.13 12:50:38.271,0.89459,0.89492,1.50,1.00
2014.11.13 12:50:41.388,0.8946,0.89492,1.50,1.00
2014.11.13 12:50:41.998,0.89459,0.89493,1.00,1.00
2014.11.13 12:50:44.738,0.89459,0.89493,1.00,1.37
2014.11.13 12:50:45.241,0.89459,0.89493,1.00,2.62
2014.11.13 12:50:45.771,0.89453,0.89493,1.87,2.62
2014.11.13 12:50:48.083,0.89453,0.89487,1.87,1.00
2014.11.13 12:50:49.625,0.89451,0.89488,1.87,1.00
2014.11.13 12:50:49.843,0.89455,0.89492,1.50,1.37
2014.11.13 12:50:49.952,0.89459,0.89492,1.00,1.37
2014.11.13 12:50:50.611,0.89459,0.89488,1.00,1.00
2014.11.13 12:50:51.164,0.89459,0.89493,1.00,1.37
2014.11.13 12:50:52.627,0.89459,0.89487,1.00,1.00
2014.11.13 12:50:52.750,0.89455,0.89492,1.50,1.37
2014.11.13 12:50:52.800,0.89455,0.89492,1.87,1.00
2014.11.13 12:50:52.851,0.89457,0.89498,1.87,2.62
2014.11.13 12:50:52.901,0.89457,0.89498,1.87,2.62
2014.11.13 12:50:53.439,0.89453,0.89497,3.00,1.37
2014.11.13 12:50:55.490,0.89453,0.89498,2.25,1.37
2014.11.13 12:51:00.420,0.89454,0.89497,2.25,1.12
2014.11.13 12:51:02.760,0.89457,0.89497,1.75,1.00
2014.11.13 12:51:02.911,0.89459,0.89502,2.25,1.37
2014.11.13 12:51:03.062,0.89466,0.89502,1.87,1.00
2014.11.13 12:51:03.741,0.89465,0.89503,1.87,1.00
2014.11.13 12:51:05.066,0.89462,0.89502,1.87,1.00
2014.11.13 12:51:06.244,0.89465,0.89502,1.87,1.00
2014.11.13 12:51:06.540,0.89465,0.89508,1.87,1.37
2014.11.13 12:51:20.821,0.89468,0.89507,1.00,1.75
2014.11.13 12:51:20.922,0.89463,0.89502,1.50,1.87
2014.11.13 12:51:21.275,0.89463,0.89495,1.00,1.50
2014.11.13 12:51:21.426,0.89459,0.89494,1.87,1.00
2014.11.13 12:51:22.000,0.89461,0.89494,1.50,1.00
2014.11.13 12:51:25.710,0.89461,0.89497,1.50,1.12
2014.11.13 12:51:31.790,0.89457,0.89498,2.62,1.37
2014.11.13 12:51:34.872,0.8946,0.89498,1.50,1.37
2014.11.13 12:51:35.556,0.8946,0.89498,1.87,1.00
2014.11.13 12:51:36.102,0.8946,0.89497,1.87,1.00
2014.11.13 12:51:39.050,0.8946,0.89498,1.87,1.00
2014.11.13 12:51:39.820,0.8946,0.89497,1.87,1.00
2014.11.13 12:51:40.371,0.89459,0.89497,1.87,1.00
2014.11.13 12:51:40.422,0.89459,0.89497,1.50,1.37
2014.11.13 12:51:40.861,0.89455,0.89497,1.87,1.37
2014.11.13 12:51:41.716,0.89457,0.89494,1.50,1.87
2014.11.13 12:51:42.226,0.89458,0.89494,1.00,1.87
2014.11.13 12:51:42.728,0.89457,0.89494,2.25,1.87
2014.11.13 12:51:43.548,0.89458,0.89494,1.00,1.87
2014.11.13 12:51:44.207,0.89457,0.89493,1.50,1.00
2014.11.13 12:51:44.918,0.89457,0.89492,1.50,1.00
2014.11.13 12:51:45.578,0.89456,0.89492,1.87,1.00
2014.11.13 12:51:46.354,0.89456,0.89493,1.87,2.25
2014.11.13 12:51:46.405,0.8946,0.89493,1.00,2.25
2014.11.13 12:51:46.707,0.89461,0.89497,1.50,1.50
2014.11.13 12:51:47.232,0.89458,0.89497,2.62,1.50
2014.11.13 12:51:50.782,0.89463,0.89497,1.00,1.00
2014.11.13 12:51:50.882,0.89463,0.89502,1.00,1.87
2014.11.13 12:51:51.422,0.89463,0.89502,1.50,2.62
2014.11.13 12:51:53.773,0.89463,0.89498,1.00,1.87
2014.11.13 12:51:53.823,0.89461,0.89497,1.00,1.37
2014.11.13 12:51:53.975,0.89462,0.89497,1.50,1.37
2014.11.13 12:51:54.692,0.89463,0.895,1.00,2.62
2014.11.13 12:51:54.985,0.89463,0.895,1.00,1.87
2014.11.13 12:51:55.539,0.89463,0.89501,2.62,1.87
2014.11.13 12:51:59.859,0.89463,0.89501,3.00,1.87
2014.11.13 12:52:01.442,0.89464,0.89502,1.50,1.87
2014.11.13 12:52:01.982,0.89464,0.89502,1.50,1.87
2014.11.13 12:52:02.691,0.89464,0.89501,1.50,1.87
2014.11.13 12:52:02.788,0.89464,0.89501,1.50,1.87
2014.11.13 12:52:03.090,0.89458,0.89491,1.00,1.00
2014.11.13 12:52:03.370,0.8945,0.89486,1.87,1.60
2014.11.13 12:52:10.840,0.89452,0.89488,1.00,2.10
2014.11.13 12:52:11.799,0.89452,0.8949,1.00,1.37
2014.11.13 12:52:12.352,0.89453,0.89492,1.00,3.22
2014.11.13 12:52:12.923,0.89452,0.89492,1.00,2.47
2014.11.13 12:52:13.583,0.89448,0.89488,2.62,1.00
2014.11.13 12:52:17.660,0.89452,0.89492,1.00,2.47
2014.11.13 12:52:20.629,0.89448,0.89487,1.87,1.00
2014.11.13 12:52:22.825,0.89448,0.89487,1.37,1.12
2014.11.13 12:52:23.547,0.89447,0.89488,1.37,1.37
2014.11.13 12:52:24.882,0.89447,0.89488,1.37,1.37
2014.11.13 12:52:29.361,0.89447,0.89488,3.37,1.37
2014.11.13 12:52:29.663,0.89446,0.89485,1.00,2.47
2014.11.13 12:52:30.482,0.89446,0.89481,1.00,1.50
2014.11.13 12:52:30.533,0.89443,0.89481,1.87,1.50
2014.11.13 12:52:34.402,0.89443,0.89482,1.87,2.62
2014.11.13 12:52:39.618,0.89444,0.89482,2.25,3.37
2014.11.13 12:52:41.439,0.89445,0.89482,1.50,1.87
2014.11.13 12:52:42.996,0.89444,0.89482,1.00,1.87
2014.11.13 12:52:43.499,0.89443,0.89482,1.87,2.62
2014.11.13 12:52:43.549,0.89443,0.89481,3.37,1.87
2014.11.13 12:52:44.170,0.89444,0.89481,1.37,1.50
2014.11.13 12:52:44.518,0.89448,0.89485,2.25,1.87
2014.11.13 12:52:50.343,0.89453,0.89488,1.00,2.25
2014.11.13 12:52:50.393,0.89453,0.89489,1.12,1.87
2014.11.13 12:52:50.595,0.89455,0.89491,1.50,1.37
2014.11.13 12:52:50.695,0.89456,0.89496,1.87,1.87
2014.11.13 12:52:50.796,0.89458,0.89498,1.50,1.37
2014.11.13 12:52:51.013,0.89458,0.89498,1.87,1.37
2014.11.13 12:52:51.673,0.8946,0.89498,1.50,1.37
2014.11.13 12:52:52.103,0.8946,0.89499,1.87,1.87
2014.11.13 12:52:52.944,0.89457,0.89503,1.37,3.00
2014.11.13 12:52:53.129,0.89459,0.895,1.87,1.87
2014.11.13 12:52:53.234,0.89462,0.89503,1.87,2.62
2014.11.13 12:52:53.411,0.89467,0.89503,1.00,2.62
2014.11.13 12:52:53.932,0.89468,0.89503,1.00,1.87
2014.11.13 12:52:54.643,0.89467,0.89503,1.00,2.62
2014.11.13 12:52:58.542,0.89467,0.89503,1.00,1.37
2014.11.13 12:52:58.798,0.89463,0.89503,1.00,3.75
2014.11.13 12:52:59.129,0.89461,0.89498,1.50,1.37
2014.11.13 12:52:59.179,0.89461,0.89498,1.87,1.00
2014.11.13 12:52:59.685,0.89462,0.89499,2.25,1.87
2014.11.13 12:52:59.839,0.89463,0.89503,1.87,2.62
2014.11.13 12:53:00.119,0.89468,0.89503,1.00,2.62
2014.11.13 12:53:01.894,0.8947,0.89502,1.00,1.87
2014.11.13 12:53:05.312,0.89471,0.89505,1.00,1.37
2014.11.13 12:53:06.197,0.89471,0.89505,1.00,1.37
2014.11.13 12:53:06.765,0.89471,0.89505,1.00,1.37
2014.11.13 12:53:06.966,0.89467,0.89505,1.50,2.62
2014.11.13 12:53:07.475,0.89466,0.89503,1.00,1.37
2014.11.13 12:53:08.839,0.89464,0.89502,1.87,1.87
2014.11.13 12:53:09.120,0.89464,0.89502,1.50,2.25
2014.11.13 12:53:09.170,0.8946,0.89502,1.37,1.50
2014.11.13 12:53:09.700,0.8946,0.89502,1.12,1.75
2014.11.13 12:53:12.678,0.89463,0.89501,1.50,2.25
2014.11.13 12:53:12.929,0.89461,0.89497,1.50,1.37
2014.11.13 12:53:13.030,0.89458,0.89495,1.00,1.87
2014.11.13 12:53:13.130,0.89455,0.89493,2.25,1.37
2014.11.13 12:53:13.668,0.89456,0.89493,1.50,1.37
2014.11.13 12:53:16.823,0.89456,0.89493,1.87,1.12
2014.11.13 12:53:20.578,0.89456,0.89492,1.87,1.00
2014.11.13 12:53:21.408,0.89456,0.89492,1.87,1.12
2014.11.13 12:53:25.656,0.89455,0.89492,1.50,1.37
2014.11.13 12:53:27.848,0.89458,0.89494,1.00,1.87
2014.11.13 12:53:27.964,0.89458,0.89494,1.00,1.87
2014.11.13 12:53:28.968,0.89458,0.89494,1.00,1.87
2014.11.13 12:53:30.724,0.89458,0.89494,1.00,1.87
2014.11.13 12:53:30.825,0.89456,0.89493,1.00,1.37
2014.11.13 12:53:31.177,0.89452,0.89491,1.37,1.87
2014.11.13 12:53:31.296,0.89452,0.89488,1.37,1.50
2014.11.13 12:53:31.627,0.89453,0.89488,1.00,1.87
2014.11.13 12:53:31.956,0.89448,0.89492,1.87,1.75
2014.11.13 12:53:33.430,0.89448,0.89492,1.00,1.75
2014.11.13 12:53:34.919,0.89452,0.8949,1.00,2.25
2014.11.13 12:53:34.970,0.89452,0.8949,1.12,1.87
2014.11.13 12:53:35.492,0.89447,0.89491,1.37,1.37
2014.11.13 12:53:36.908,0.89452,0.89491,1.00,1.87
2014.11.13 12:53:37.900,0.89452,0.89491,1.37,1.87
2014.11.13 12:53:40.970,0.89454,0.89496,1.87,1.87
2014.11.13 12:53:41.071,0.89459,0.89496,1.00,1.87
2014.11.13 12:53:41.378,0.89459,0.89491,1.00,1.50
2014.11.13 12:53:42.078,0.89459,0.89493,1.00,1.37
2014.11.13 12:53:42.180,0.89449,0.89492,2.25,1.37
2014.11.13 12:53:51.508,0.89456,0.89492,1.50,1.37
2014.11.13 12:53:52.499,0.89454,0.89492,1.87,1.37
2014.11.13 12:53:58.672,0.89451,0.89489,1.87,1.50
2014.11.13 12:53:58.773,0.89451,0.89489,1.87,1.50
2014.11.13 12:53:58.823,0.89455,0.89493,1.50,1.37
2014.11.13 12:53:58.924,0.89457,0.89493,1.50,1.37
2014.11.13 12:53:59.628,0.89456,0.89493,2.62,1.87
2014.11.13 12:54:00.180,0.89457,0.89492,1.00,1.87
2014.11.13 12:54:04.027,0.89458,0.89494,1.00,1.37
2014.11.13 12:54:19.672,0.89457,0.89494,2.25,2.62
2014.11.13 12:54:21.717,0.89457,0.89494,2.62,1.12
2014.11.13 12:54:21.918,0.89457,0.89496,1.87,1.87
2014.11.13 12:54:22.220,0.8946,0.89503,2.25,1.12
2014.11.13 12:54:22.837,0.89467,0.89504,1.00,1.37
2014.11.13 12:54:23.529,0.89466,0.89502,1.00,1.00
2014.11.13 12:54:24.194,0.89467,0.89504,1.00,1.37
2014.11.13 12:54:25.149,0.89466,0.89503,1.50,1.12
2014.11.13 12:54:27.147,0.89467,0.89503,1.50,1.12
2014.11.13 12:54:27.826,0.89468,0.89505,1.00,1.37
2014.11.13 12:54:33.618,0.89467,0.89503,1.50,1.12
2014.11.13 12:54:38.237,0.89467,0.89502,1.50,1.00
2014.11.13 12:54:38.833,0.89468,0.89504,1.00,1.37
2014.11.13 12:54:40.000,0.89467,0.89504,2.25,1.37
2014.11.13 12:54:40.764,0.89468,0.89504,1.00,1.37
2014.11.13 12:54:41.597,0.89469,0.89505,2.25,1.37
2014.11.13 12:54:41.899,0.89472,0.89505,1.00,1.37
2014.11.13 12:54:43.874,0.89472,0.89505,1.00,1.37
2014.11.13 12:54:48.358,0.89473,0.89505,1.00,1.37
2014.11.13 12:54:48.686,0.89472,0.89505,1.00,1.00
2014.11.13 12:54:49.189,0.89472,0.89507,3.00,1.87
2014.11.13 12:54:49.240,0.89472,0.89507,3.00,1.87
2014.11.13 12:54:49.290,0.89472,0.89507,3.00,1.87
2014.11.13 12:54:49.391,0.89478,0.89508,1.00,1.37
2014.11.13 12:54:49.593,0.89473,0.89508,1.00,1.37
2014.11.13 12:54:49.892,0.89473,0.89508,1.00,2.62
2014.11.13 12:54:50.429,0.89478,0.89508,1.00,1.37
2014.11.13 12:54:50.891,0.89472,0.89508,3.00,1.37
2014.11.13 12:54:51.157,0.89472,0.89504,1.00,1.00
2014.11.13 12:54:51.749,0.89472,0.89504,1.00,1.37
2014.11.13 12:54:52.547,0.89472,0.89503,1.00,1.87
2014.11.13 12:54:53.637,0.89473,0.89503,1.00,1.87
2014.11.13 12:54:54.126,0.89468,0.89503,1.00,1.87
2014.11.13 12:54:54.713,0.89467,0.89502,1.00,1.87
2014.11.13 12:54:55.008,0.89467,0.89502,1.00,1.87
2014.11.13 12:54:56.011,0.89467,0.89502,1.00,1.87
2014.11.13 12:54:57.413,0.89467,0.89502,1.00,1.87
2014.11.13 12:54:58.020,0.89468,0.89503,1.00,1.87
2014.11.13 12:54:59.119,0.89468,0.89503,1.12,1.50
2014.11.13 12:54:59.629,0.89468,0.89504,1.12,1.12
2014.11.13 12:54:59.730,0.89468,0.89504,1.00,1.37
2014.11.13 12:55:00.327,0.89471,0.89508,2.10,1.50
2014.11.13 12:55:00.637,0.89472,0.89504,1.60,1.50
2014.11.13 12:55:00.687,0.89472,0.89508,1.60,1.87
2014.11.13 12:55:00.895,0.89468,0.89504,1.12,1.50
2014.11.13 12:55:00.945,0.89468,0.89504,1.00,1.87
2014.11.13 12:55:06.857,0.89465,0.89503,2.62,1.87
2014.11.13 12:55:07.166,0.89473,0.89505,1.00,2.62
2014.11.13 12:55:12.669,0.89473,0.89505,1.00,1.37
2014.11.13 12:55:12.890,0.89473,0.89505,1.00,2.47
2014.11.13 12:55:12.940,0.89468,0.89497,1.00,1.00
2014.11.13 12:55:13.557,0.89472,0.89497,1.00,1.00
2014.11.13 12:55:13.607,0.89472,0.89505,1.00,1.00
2014.11.13 12:55:13.909,0.89478,0.89505,1.00,1.00
2014.11.13 12:55:14.528,0.89477,0.89505,1.00,1.00
2014.11.13 12:55:15.349,0.89472,0.89505,1.00,1.12
2014.11.13 12:55:16.675,0.89473,0.89508,1.00,2.62
2014.11.13 12:55:16.901,0.89473,0.89508,1.00,3.00
2014.11.13 12:55:17.484,0.89472,0.89507,1.00,2.25
2014.11.13 12:55:17.838,0.89467,0.89507,1.00,1.50
2014.11.13 12:55:18.127,0.89467,0.89507,1.00,1.75
2014.11.13 12:55:18.387,0.89465,0.89507,1.00,4.50
2014.11.13 12:55:18.977,0.89463,0.89507,2.62,4.50
2014.11.13 12:55:19.377,0.89468,0.89507,1.00,3.75
2014.11.13 12:55:26.007,0.89468,0.89508,1.00,1.75
2014.11.13 12:55:29.829,0.89464,0.89507,1.87,1.75
2014.11.13 12:55:33.130,0.89463,0.89507,2.62,1.75
2014.11.13 12:55:33.978,0.89463,0.89507,2.25,5.25
2014.11.13 12:55:34.817,0.89462,0.89497,1.00,1.37
2014.11.13 12:55:37.847,0.89462,0.89498,1.00,1.37
2014.11.13 12:55:37.898,0.8946,0.89497,1.50,1.37
2014.11.13 12:55:38.083,0.89462,0.89498,1.00,1.37
2014.11.13 12:55:40.409,0.89462,0.89497,1.12,1.00
2014.11.13 12:55:40.661,0.89467,0.895,1.00,1.87
2014.11.13 12:55:41.335,0.89468,0.895,1.00,1.50
2014.11.13 12:55:44.619,0.89468,0.89502,1.00,2.62
2014.11.13 12:55:45.159,0.89468,0.895,1.00,1.87
2014.11.13 12:55:47.967,0.89468,0.895,1.00,1.87
2014.11.13 12:55:48.176,0.89462,0.89497,1.00,1.12
2014.11.13 12:55:48.277,0.89462,0.89497,1.00,1.37
2014.11.13 12:55:49.308,0.89459,0.89497,1.00,1.37
2014.11.13 12:55:51.674,0.89463,0.89498,1.00,1.12
2014.11.13 12:55:52.236,0.89463,0.89497,1.50,1.00
2014.11.13 12:55:56.867,0.89463,0.89497,1.00,1.37
2014.11.13 12:55:56.918,0.8946,0.89498,1.50,3.37
2014.11.13 12:55:57.566,0.89461,0.89497,1.50,1.37
2014.11.13 12:55:58.176,0.8946,0.89497,1.50,1.37
2014.11.13 12:55:58.226,0.89462,0.89497,1.50,1.37
2014.11.13 12:55:58.557,0.8946,0.89497,1.50,1.37
2014.11.13 12:55:59.296,0.89462,0.89497,1.50,1.37
2014.11.13 12:56:00.682,0.89462,0.89497,1.50,1.87
2014.11.13 12:56:00.987,0.89464,0.89497,1.50,1.00
2014.11.13 12:56:01.387,0.89466,0.89498,1.50,1.00
2014.11.13 12:56:01.648,0.8947,0.89503,1.00,1.00
2014.11.13 12:56:01.849,0.8947,0.89507,2.62,1.37
2014.11.13 12:56:02.358,0.89471,0.89507,1.87,1.12
2014.11.13 12:56:03.177,0.89473,0.89508,1.50,1.37
2014.11.13 12:56:04.560,0.89473,0.89508,1.50,1.37
2014.11.13 12:56:04.906,0.8947,0.89508,2.25,1.37
2014.11.13 12:56:06.807,0.89471,0.89507,1.50,1.37
2014.11.13 12:56:06.857,0.89472,0.89507,1.87,1.00
2014.11.13 12:56:07.160,0.89483,0.89512,1.50,1.00
2014.11.13 12:56:07.260,0.8948,0.89512,1.50,1.00
2014.11.13 12:56:07.361,0.89478,0.89513,1.87,1.00
2014.11.13 12:56:07.412,0.8948,0.89513,1.00,1.00
2014.11.13 12:56:07.746,0.89483,0.89516,1.00,2.10
2014.11.13 12:56:08.353,0.89482,0.89516,1.00,2.47
2014.11.13 12:56:09.557,0.89483,0.89516,1.00,2.47
2014.11.13 12:56:10.876,0.89482,0.89516,1.00,2.47
2014.11.13 12:56:12.836,0.89482,0.89518,1.50,1.37
2014.11.13 12:56:13.359,0.89483,0.89517,1.00,1.37
2014.11.13 12:56:14.216,0.89485,0.89517,1.00,1.37
2014.11.13 12:56:16.527,0.89483,0.89517,1.00,1.37
2014.11.13 12:56:16.591,0.89483,0.89517,1.00,1.37
2014.11.13 12:56:16.642,0.89481,0.89517,1.00,1.37
2014.11.13 12:56:16.742,0.89481,0.89517,1.00,1.37
2014.11.13 12:56:16.843,0.89481,0.89512,1.00,1.00
2014.11.13 12:56:19.607,0.8948,0.89512,2.25,1.00
2014.11.13 12:56:23.468,0.89479,0.89512,2.62,1.00
2014.11.13 12:56:26.450,0.89478,0.89512,2.62,1.00
2014.11.13 12:56:26.788,0.8948,0.89512,1.50,1.00
2014.11.13 12:56:33.096,0.8948,0.89513,2.25,1.00
2014.11.13 12:56:36.108,0.89482,0.89513,1.00,1.00
2014.11.13 12:56:44.822,0.89486,0.89513,1.00,1.00
2014.11.13 12:56:45.403,0.89486,0.89517,1.00,2.47
2014.11.13 12:56:47.546,0.89487,0.89517,1.00,2.47
2014.11.13 12:56:47.855,0.89488,0.8952,1.00,1.87
2014.11.13 12:56:48.375,0.89488,0.8952,1.00,1.87
2014.11.13 12:56:48.923,0.89488,0.8952,1.00,1.87
2014.11.13 12:56:54.106,0.89488,0.89521,1.00,1.87
2014.11.13 12:56:56.939,0.89488,0.8952,1.00,1.87
2014.11.13 12:56:59.696,0.89488,0.89522,1.00,2.62
2014.11.13 12:57:06.297,0.89488,0.89517,1.00,2.47
2014.11.13 12:57:06.347,0.89486,0.89517,1.00,2.47
2014.11.13 12:57:06.398,0.89486,0.89515,1.00,1.30
2014.11.13 12:57:06.448,0.89486,0.89513,1.00,1.50
2014.11.13 12:57:06.499,0.89484,0.89513,1.00,1.50
2014.11.13 12:57:06.600,0.89483,0.89504,1.00,1.00
2014.11.13 12:57:06.650,0.89478,0.89504,1.00,1.00
2014.11.13 12:57:06.906,0.89473,0.89503,1.00,1.30
2014.11.13 12:57:07.356,0.89466,0.89503,1.37,1.72
2014.11.13 12:57:07.457,0.89465,0.89503,1.87,1.72
2014.11.13 12:57:08.826,0.89465,0.89503,1.12,1.72
2014.11.13 12:57:09.065,0.89472,0.89504,1.00,2.47
2014.11.13 12:57:10.868,0.89473,0.89504,1.50,1.72
2014.11.13 12:57:11.198,0.89477,0.89504,1.00,1.72
2014.11.13 12:57:13.285,0.89477,0.89504,1.00,1.12
2014.11.13 12:57:13.336,0.89482,0.89508,1.00,1.87
2014.11.13 12:57:13.437,0.89482,0.89508,1.00,1.50
2014.11.13 12:57:13.739,0.89485,0.89512,1.00,1.50
2014.11.13 12:57:13.840,0.89488,0.89518,1.00,1.87
2014.11.13 12:57:15.936,0.89484,0.89517,1.00,1.37
2014.11.13 12:57:16.150,0.89488,0.89517,1.00,1.87
2014.11.13 12:57:18.129,0.89487,0.89518,1.00,2.62
2014.11.13 12:57:18.635,0.89483,0.89517,1.50,1.87
2014.11.13 12:57:18.855,0.89488,0.89518,1.00,2.62
2014.11.13 12:57:22.752,0.89484,0.89517,1.00,1.37
2014.11.13 12:57:28.361,0.89483,0.89518,1.50,1.37
2014.11.13 12:57:28.569,0.89487,0.89517,1.00,1.87
2014.11.13 12:57:28.692,0.89483,0.89517,1.50,1.37
2014.11.13 12:57:31.348,0.89484,0.89517,1.00,3.37
2014.11.13 12:57:31.666,0.89479,0.89512,2.10,1.37
2014.11.13 12:57:32.008,0.89479,0.89508,2.10,1.00
2014.11.13 12:57:32.535,0.89479,0.89507,2.10,1.00
2014.11.13 12:57:33.990,0.89474,0.89507,1.50,1.00
2014.11.13 12:57:34.600,0.89473,0.89507,1.87,1.00
2014.11.13 12:57:35.569,0.89472,0.89507,1.87,1.00
2014.11.13 12:57:35.871,0.89472,0.8951,1.87,1.87
2014.11.13 12:57:36.072,0.89472,0.89511,1.87,1.87
2014.11.13 12:57:43.492,0.89473,0.89517,1.37,1.37
2014.11.13 12:57:50.135,0.89474,0.89519,2.25,1.87
2014.11.13 12:57:50.509,0.89483,0.8952,1.00,1.87
2014.11.13 12:57:54.920,0.89483,0.8952,1.00,2.25
2014.11.13 12:57:55.465,0.89482,0.89518,1.00,3.00
2014.11.13 12:57:56.123,0.89482,0.89517,1.37,1.50
2014.11.13 12:57:56.224,0.89489,0.89523,1.00,2.25
2014.11.13 12:57:56.531,0.8951,0.89542,1.00,1.37
2014.11.13 12:57:56.632,0.895,0.89542,1.00,1.00
2014.11.13 12:57:56.683,0.895,0.89544,1.00,1.50
2014.11.13 12:57:56.733,0.89498,0.89541,1.00,2.10
2014.11.13 12:57:57.036,0.89497,0.89539,1.00,1.00
2014.11.13 12:57:57.086,0.89495,0.89539,1.00,1.00
2014.11.13 12:57:57.187,0.89493,0.89533,1.00,1.00
2014.11.13 12:57:57.926,0.89492,0.89533,2.25,1.50
2014.11.13 12:57:58.462,0.89492,0.89533,2.25,1.87
2014.11.13 12:58:00.163,0.89493,0.89533,1.50,2.62
2014.11.13 12:58:00.772,0.89492,0.89532,2.25,1.87
2014.11.13 12:58:03.534,0.89493,0.89533,1.50,2.62
2014.11.13 12:58:04.074,0.89492,0.89533,2.25,2.62
2014.11.13 12:58:05.325,0.89493,0.89532,1.00,1.37
2014.11.13 12:58:05.948,0.89493,0.89532,1.00,1.37
2014.11.13 12:58:06.250,0.89494,0.89533,1.87,1.37
2014.11.13 12:58:06.566,0.89498,0.89535,1.00,1.87
2014.11.13 12:58:08.198,0.89497,0.89535,1.00,1.87
2014.11.13 12:58:10.680,0.89497,0.89535,1.00,1.87
2014.11.13 12:58:12.378,0.89498,0.8954,1.00,3.00
2014.11.13 12:58:12.716,0.89493,0.8953,1.50,1.87
2014.11.13 12:58:13.025,0.89493,0.89527,1.00,2.25
2014.11.13 12:58:13.253,0.89483,0.89527,1.87,3.00
2014.11.13 12:58:13.795,0.89487,0.89528,1.00,2.25
2014.11.13 12:58:18.107,0.89487,0.89524,1.12,1.87
2014.11.13 12:58:18.413,0.89493,0.89525,1.00,1.87
2014.11.13 12:58:20.835,0.89488,0.89525,2.25,1.87
2014.11.13 12:58:22.824,0.89487,0.89525,1.87,1.87
2014.11.13 12:58:25.391,0.89487,0.89525,1.87,1.87
2014.11.13 12:58:31.331,0.89488,0.89525,1.00,1.87
2014.11.13 12:58:35.029,0.89488,0.89525,1.50,1.87
2014.11.13 12:58:35.331,0.89483,0.89511,1.50,1.50
2014.11.13 12:58:35.381,0.89478,0.89511,1.00,1.50
2014.11.13 12:58:35.807,0.89478,0.89513,1.00,1.87
2014.11.13 12:58:36.562,0.89477,0.89514,1.12,1.87
2014.11.13 12:58:36.926,0.89478,0.89513,1.00,1.87
2014.11.13 12:58:37.553,0.89473,0.89513,1.12,1.87
2014.11.13 12:58:37.654,0.89473,0.89513,1.00,2.25
2014.11.13 12:58:38.214,0.89472,0.89512,1.00,2.25
2014.11.13 12:58:43.261,0.89472,0.89514,1.00,2.47
2014.11.13 12:58:51.835,0.89472,0.89509,1.00,2.25
2014.11.13 12:58:54.054,0.89473,0.89504,1.00,1.87
2014.11.13 12:58:54.729,0.89473,0.89504,1.00,1.87
2014.11.13 12:58:55.426,0.89473,0.89503,1.00,1.50
2014.11.13 12:58:56.087,0.89473,0.89502,1.00,1.50
2014.11.13 12:58:56.747,0.89473,0.89502,1.00,1.87
2014.11.13 12:58:57.409,0.89472,0.89502,1.00,1.87
2014.11.13 12:59:09.566,0.89472,0.89502,1.00,1.50
2014.11.13 12:59:15.673,0.89476,0.8951,1.00,2.47
2014.11.13 12:59:15.724,0.89476,0.8951,1.00,1.87
2014.11.13 12:59:15.833,0.89478,0.8951,1.00,1.87
2014.11.13 12:59:16.085,0.89473,0.89511,2.62,1.87
2014.11.13 12:59:16.387,0.89473,0.89511,1.00,1.50
2014.11.13 12:59:16.753,0.89473,0.89509,1.00,2.25
2014.11.13 12:59:17.273,0.89473,0.89506,1.00,1.87
2014.11.13 12:59:17.585,0.89473,0.89506,1.00,1.87
2014.11.13 12:59:21.115,0.89472,0.89504,1.00,1.87
2014.11.13 12:59:21.971,0.89472,0.89507,1.00,1.87
2014.11.13 12:59:22.022,0.89472,0.89507,1.00,1.87
2014.11.13 12:59:22.580,0.89473,0.89507,1.00,1.87
2014.11.13 12:59:23.123,0.89468,0.89506,2.25,1.87
2014.11.13 12:59:23.174,0.89468,0.89499,1.00,1.50
2014.11.13 12:59:23.476,0.89468,0.89504,1.00,1.87
2014.11.13 12:59:23.677,0.89473,0.89504,1.00,1.87
2014.11.13 12:59:23.845,0.89473,0.89506,1.00,1.50
2014.11.13 12:59:23.896,0.89467,0.89506,1.37,1.50
2014.11.13 12:59:24.082,0.89473,0.89511,1.00,1.37
2014.11.13 12:59:24.435,0.8947,0.89513,1.87,1.37
2014.11.13 12:59:24.636,0.89477,0.89512,1.00,1.87
2014.11.13 12:59:24.863,0.89474,0.89513,1.50,1.87
2014.11.13 12:59:25.550,0.89473,0.89517,1.50,3.00
2014.11.13 12:59:26.833,0.89472,0.89516,1.00,2.25
2014.11.13 12:59:30.552,0.89472,0.89515,1.00,2.10
2014.11.13 12:59:30.854,0.89468,0.89495,1.00,1.00
2014.11.13 12:59:30.955,0.89468,0.89499,1.00,1.50
2014.11.13 12:59:31.208,0.89468,0.89504,1.00,1.87
2014.11.13 12:59:31.342,0.89468,0.89504,1.00,1.87
2014.11.13 12:59:31.591,0.89473,0.89506,1.00,1.87
2014.11.13 12:59:31.787,0.89468,0.89506,1.00,1.87
2014.11.13 12:59:31.838,0.89468,0.89506,1.37,1.50
2014.11.13 12:59:32.113,0.89472,0.89507,1.00,1.12
2014.11.13 12:59:34.092,0.89473,0.89507,1.00,1.12
2014.11.13 12:59:35.345,0.89473,0.89507,1.00,1.37
2014.11.13 12:59:35.998,0.89472,0.8951,1.00,2.25
2014.11.13 12:59:40.500,0.89472,0.8951,1.00,2.25
2014.11.13 12:59:44.322,0.89473,0.89508,1.00,2.25
2014.11.13 12:59:44.542,0.89468,0.89506,2.25,1.87
2014.11.13 12:59:44.652,0.89472,0.89506,1.00,1.87
2014.11.13 12:59:44.872,0.89468,0.89505,1.00,1.87
2014.11.13 12:59:51.143,0.89467,0.89504,1.00,1.87
2014.11.13 12:59:54.884,0.89472,0.89504,1.00,1.87
2014.11.13 12:59:55.104,0.89467,0.89503,1.00,1.87
2014.11.13 12:59:56.643,0.89468,0.89505,1.00,1.87
