2012.09.21 05:00:00.491,0.80886,0.80921,1.60,1.04
2012.09.21 05:00:06.429,0.80891,0.80924,1.22,1.04
2012.09.21 05:00:06.559,0.80891,0.80924,1.22,1.04
2012.09.21 05:00:06.869,0.80886,0.80921,1.60,1.04
2012.09.21 05:00:07.420,0.80891,0.80924,1.22,1.13
2012.09.21 05:00:07.820,0.80891,0.80925,1.07,1.41
2012.09.21 05:00:08.070,0.80886,0.80923,2.20,1.04
2012.09.21 05:00:08.173,0.80891,0.80924,1.22,1.04
2012.09.21 05:00:08.309,0.80891,0.80925,1.22,1.04
2012.09.21 05:00:08.638,0.80887,0.80925,1.22,1.41
2012.09.21 05:00:08.770,0.80887,0.80921,1.22,1.04
2012.09.21 05:00:09.384,0.80887,0.8092,1.22,1.04
2012.09.21 05:00:12.360,0.80892,0.80923,1.22,1.04
2012.09.21 05:00:12.572,0.80892,0.80923,1.22,1.04
2012.09.21 05:00:12.700,0.80887,0.80923,1.22,1.04
2012.09.21 05:00:12.830,0.80887,0.8092,1.22,1.04
2012.09.21 05:01:00.898,0.80887,0.80919,1.22,1.04
2012.09.21 05:01:10.552,0.80887,0.8092,1.22,1.04
2012.09.21 05:01:12.713,0.80883,0.80929,1.22,1.26
2012.09.21 05:01:16.609,0.80883,0.80929,1.22,1.26
2012.09.21 05:01:16.869,0.80891,0.80928,1.97,1.04
2012.09.21 05:01:17.058,0.80891,0.80924,1.97,1.04
2012.09.21 05:01:17.191,0.80891,0.80924,1.97,1.04
2012.09.21 05:01:17.522,0.80886,0.80921,1.22,1.04
2012.09.21 05:01:17.778,0.80891,0.80924,1.22,1.04
2012.09.21 05:01:24.661,0.80896,0.80928,1.22,1.04
2012.09.21 05:01:25.126,0.80897,0.80928,1.22,1.04
2012.09.21 05:01:28.571,0.80897,0.80928,1.22,1.04
2012.09.21 05:01:28.881,0.80892,0.80923,1.22,1.04
2012.09.21 05:01:29.189,0.80892,0.80929,1.97,1.04
2012.09.21 05:01:29.259,0.80892,0.80927,1.97,1.04
2012.09.21 05:01:29.450,0.80896,0.80929,1.22,1.41
2012.09.21 05:01:29.580,0.80896,0.80929,1.22,1.04
2012.09.21 05:01:33.931,0.80896,0.80929,1.22,1.04
2012.09.21 05:01:45.701,0.80896,0.8093,1.22,1.04
2012.09.21 05:01:47.254,0.80896,0.8093,1.22,1.04
2012.09.21 05:01:54.274,0.80896,0.80929,1.22,1.04
2012.09.21 05:01:58.221,0.80896,0.80929,1.22,1.04
2012.09.21 05:02:00.579,0.80896,0.8093,1.22,1.04
2012.09.21 05:02:20.402,0.80896,0.80932,1.60,1.04
2012.09.21 05:02:23.633,0.80896,0.80932,1.60,1.04
2012.09.21 05:02:24.561,0.80896,0.80932,1.60,1.04
2012.09.21 05:02:29.566,0.80894,0.80938,1.97,1.04
2012.09.21 05:02:30.473,0.80894,0.80938,1.97,1.04
2012.09.21 05:02:40.484,0.80894,0.80938,1.97,1.04
2012.09.21 05:02:44.841,0.80894,0.80928,1.97,1.04
2012.09.21 05:02:45.090,0.80894,0.80926,1.97,1.04
2012.09.21 05:02:50.381,0.80894,0.80925,1.97,1.04
2012.09.21 05:03:10.519,0.80894,0.80924,1.97,1.04
2012.09.21 05:03:29.423,0.80894,0.80924,1.22,1.04
2012.09.21 05:03:30.242,0.80893,0.80924,1.97,1.04
2012.09.21 05:03:39.491,0.80896,0.80925,1.22,1.04
2012.09.21 05:03:40.650,0.80891,0.80925,2.72,1.04
2012.09.21 05:03:44.921,0.80895,0.80935,1.22,1.26
2012.09.21 05:03:47.565,0.80895,0.80935,1.22,1.26
2012.09.21 05:03:50.461,0.80895,0.80935,1.22,1.26
2012.09.21 05:04:00.346,0.80895,0.80939,1.22,1.26
2012.09.21 05:04:20.378,0.80895,0.80939,1.22,1.26
2012.09.21 05:04:30.467,0.80892,0.80938,1.97,1.26
2012.09.21 05:04:40.538,0.80893,0.80939,1.22,1.26
2012.09.21 05:04:50.440,0.80892,0.80938,1.97,1.26
2012.09.21 05:04:53.362,0.80892,0.80938,1.97,1.26
2012.09.21 05:05:00.421,0.80892,0.80938,1.97,1.26
2012.09.21 05:05:16.389,0.80892,0.80938,1.97,1.26
2012.09.21 05:05:17.104,0.80892,0.80938,1.97,1.26
2012.09.21 05:05:20.444,0.80893,0.80939,1.22,1.26
2012.09.21 05:05:22.850,0.80896,0.80931,1.22,1.04
2012.09.21 05:05:30.853,0.80896,0.80932,1.60,1.04
2012.09.21 05:05:31.195,0.80896,0.80932,1.60,1.04
2012.09.21 05:05:48.370,0.80891,0.80931,2.72,1.04
2012.09.21 05:05:48.452,0.80891,0.80926,2.72,1.04
2012.09.21 05:05:48.642,0.80891,0.80926,1.97,1.04
2012.09.21 05:05:48.829,0.80887,0.80926,1.97,1.26
2012.09.21 05:05:50.459,0.80887,0.80925,1.97,1.04
2012.09.21 05:05:56.151,0.80887,0.80924,1.60,1.04
2012.09.21 05:05:59.121,0.80887,0.80924,1.60,1.04
2012.09.21 05:05:59.500,0.80887,0.80924,1.60,1.04
2012.09.21 05:06:02.850,0.80887,0.80923,1.22,1.04
2012.09.21 05:06:04.331,0.80887,0.80923,1.60,1.04
2012.09.21 05:06:04.570,0.80887,0.80923,1.60,1.04
2012.09.21 05:06:07.919,0.80885,0.80921,1.97,1.35
2012.09.21 05:06:08.169,0.80882,0.8092,2.72,1.04
2012.09.21 05:06:10.580,0.80883,0.8092,1.97,1.04
2012.09.21 05:06:12.972,0.80882,0.80918,2.72,1.04
2012.09.21 05:06:13.505,0.80882,0.80919,2.72,1.04
2012.09.21 05:06:20.389,0.80882,0.80915,2.72,1.35
2012.09.21 05:06:39.108,0.80878,0.8091,1.22,1.35
2012.09.21 05:06:39.184,0.80878,0.8091,1.22,1.35
2012.09.21 05:06:46.691,0.80878,0.8091,1.22,1.35
2012.09.21 05:06:51.441,0.80882,0.80913,1.22,1.64
2012.09.21 05:06:51.531,0.80882,0.80913,1.22,1.64
2012.09.21 05:06:55.719,0.80882,0.80913,1.22,1.64
2012.09.21 05:06:56.911,0.80882,0.80914,1.22,1.04
2012.09.21 05:07:00.551,0.80882,0.80914,1.60,1.04
2012.09.21 05:07:05.439,0.80882,0.80913,1.22,1.04
2012.09.21 05:07:05.941,0.80882,0.80913,1.22,1.04
2012.09.21 05:07:06.756,0.80882,0.80913,1.22,1.04
2012.09.21 05:07:13.059,0.80882,0.80913,1.22,1.41
2012.09.21 05:07:13.132,0.80882,0.80913,1.22,1.04
2012.09.21 05:07:13.479,0.80882,0.80913,1.22,1.04
2012.09.21 05:07:20.530,0.80882,0.80913,1.22,1.04
2012.09.21 05:07:40.544,0.80882,0.80913,1.22,1.04
2012.09.21 05:07:50.411,0.80882,0.80913,1.22,1.04
2012.09.21 05:08:00.416,0.80882,0.80913,1.22,1.04
2012.09.21 05:08:03.153,0.80882,0.80914,1.22,1.04
2012.09.21 05:08:08.283,0.80882,0.80913,1.22,1.04
2012.09.21 05:08:11.912,0.80882,0.80913,1.22,1.04
2012.09.21 05:08:12.351,0.80882,0.80913,1.22,1.04
2012.09.21 05:08:25.405,0.80875,0.80921,1.22,1.26
2012.09.21 05:08:25.553,0.80875,0.80921,1.22,1.26
2012.09.21 05:08:30.360,0.80875,0.80921,1.22,1.26
2012.09.21 05:08:31.102,0.80875,0.80921,1.22,1.26
2012.09.21 05:08:35.982,0.80879,0.80925,1.22,1.26
2012.09.21 05:08:36.300,0.80879,0.80925,1.22,1.26
2012.09.21 05:08:37.084,0.80882,0.80926,1.22,1.26
2012.09.21 05:09:00.504,0.80882,0.80924,1.22,2.76
2012.09.21 05:09:05.890,0.80882,0.80922,1.22,1.26
2012.09.21 05:09:06.000,0.80882,0.80922,1.22,1.26
2012.09.21 05:09:07.591,0.80882,0.80922,1.22,1.26
2012.09.21 05:09:07.960,0.80882,0.8091,1.22,1.04
2012.09.21 05:09:08.151,0.80877,0.80908,1.60,1.04
2012.09.21 05:09:08.220,0.80879,0.80913,1.60,1.04
2012.09.21 05:09:08.785,0.8088,0.80913,1.22,1.04
2012.09.21 05:09:20.604,0.8088,0.80913,1.13,1.04
2012.09.21 05:09:40.353,0.80876,0.80909,1.60,1.04
2012.09.21 05:09:40.519,0.80876,0.80909,1.22,1.04
2012.09.21 05:09:41.228,0.80877,0.80908,1.60,1.04
2012.09.21 05:09:41.311,0.80877,0.80908,1.60,1.04
2012.09.21 05:09:41.381,0.80877,0.80908,1.22,1.04
2012.09.21 05:10:08.720,0.80877,0.80914,1.22,1.41
2012.09.21 05:10:08.850,0.80879,0.80914,1.22,1.41
2012.09.21 05:10:11.420,0.80876,0.80909,1.60,1.04
2012.09.21 05:10:11.610,0.80876,0.80909,1.22,1.04
2012.09.21 05:10:18.844,0.80876,0.80914,1.22,1.41
2012.09.21 05:10:19.090,0.8088,0.80914,1.22,1.41
2012.09.21 05:10:35.939,0.80877,0.80913,1.22,1.04
2012.09.21 05:10:37.571,0.80881,0.80914,1.22,1.04
2012.09.21 05:10:49.449,0.80881,0.80914,1.22,1.04
2012.09.21 05:11:39.452,0.80874,0.80918,1.45,1.04
2012.09.21 05:11:39.679,0.80874,0.80918,1.45,1.04
2012.09.21 05:11:40.020,0.80874,0.80914,1.22,1.26
2012.09.21 05:11:50.479,0.80871,0.80914,1.22,1.26
2012.09.21 05:12:10.579,0.80871,0.80914,1.22,1.26
2012.09.21 05:12:20.480,0.80871,0.80914,1.22,1.26
2012.09.21 05:13:01.883,0.80874,0.80918,1.22,1.04
2012.09.21 05:13:03.872,0.80874,0.80918,1.22,1.04
2012.09.21 05:13:05.084,0.80874,0.80918,1.07,1.04
2012.09.21 05:13:05.150,0.80874,0.80918,1.07,1.04
2012.09.21 05:13:10.462,0.80876,0.8092,1.82,1.64
2012.09.21 05:13:12.112,0.80876,0.8092,1.82,1.64
2012.09.21 05:13:20.389,0.80876,0.8092,1.82,1.64
2012.09.21 05:13:50.513,0.80876,0.8092,1.82,1.64
2012.09.21 05:14:00.453,0.80876,0.8092,1.45,1.26
2012.09.21 05:14:04.771,0.80877,0.80917,1.22,1.26
2012.09.21 05:14:04.921,0.80877,0.80913,1.22,1.04
2012.09.21 05:14:05.110,0.80879,0.80913,1.22,1.41
2012.09.21 05:14:05.242,0.80882,0.80913,1.22,1.41
2012.09.21 05:14:08.702,0.80881,0.80913,1.22,1.04
2012.09.21 05:14:10.464,0.80882,0.80913,1.22,1.04
2012.09.21 05:14:25.204,0.80871,0.80904,1.60,1.04
2012.09.21 05:14:25.734,0.80871,0.80904,1.60,1.04
2012.09.21 05:14:26.397,0.80871,0.80904,1.22,1.04
2012.09.21 05:14:26.931,0.80867,0.809,1.22,1.04
2012.09.21 05:14:27.013,0.80867,0.80899,1.22,1.04
2012.09.21 05:14:30.480,0.80866,0.80899,1.22,1.04
2012.09.21 05:14:41.133,0.80866,0.80899,1.22,1.04
2012.09.21 05:14:50.170,0.80868,0.80903,1.22,1.41
2012.09.21 05:14:50.240,0.80872,0.80903,1.22,1.41
2012.09.21 05:14:50.431,0.80867,0.809,1.22,1.04
2012.09.21 05:14:50.501,0.80867,0.80898,1.22,1.04
2012.09.21 05:14:50.631,0.80872,0.80903,1.22,1.04
2012.09.21 05:14:50.932,0.80867,0.80901,1.22,1.04
2012.09.21 05:14:51.062,0.80867,0.80898,1.22,1.04
2012.09.21 05:14:54.402,0.80872,0.80903,1.22,1.41
2012.09.21 05:15:05.152,0.80872,0.80903,1.22,1.04
2012.09.21 05:15:12.899,0.80871,0.80903,1.22,1.04
2012.09.21 05:15:12.970,0.80871,0.80903,1.22,1.04
2012.09.21 05:15:13.240,0.80866,0.80899,1.60,1.04
2012.09.21 05:15:14.287,0.80866,0.80899,1.22,1.04
2012.09.21 05:15:14.841,0.80871,0.80904,1.22,1.04
2012.09.21 05:15:22.439,0.80871,0.80904,1.22,1.04
2012.09.21 05:15:26.502,0.80871,0.80904,1.22,1.04
2012.09.21 05:15:27.072,0.80871,0.80904,1.22,1.64
2012.09.21 05:15:30.431,0.80871,0.80904,1.22,1.64
2012.09.21 05:15:31.842,0.80866,0.80901,1.60,1.04
2012.09.21 05:15:32.163,0.80871,0.80904,1.22,1.41
2012.09.21 05:15:32.291,0.80871,0.80904,1.22,1.41
2012.09.21 05:15:33.622,0.80871,0.80904,1.22,1.04
2012.09.21 05:15:34.202,0.80871,0.80904,1.22,1.04
2012.09.21 05:15:40.900,0.80871,0.80904,1.22,1.04
2012.09.21 05:15:45.131,0.80867,0.809,1.60,1.04
2012.09.21 05:15:45.323,0.80867,0.80899,1.60,1.04
2012.09.21 05:15:46.075,0.80867,0.80898,1.22,1.04
2012.09.21 05:15:53.794,0.80867,0.80898,1.22,1.04
2012.09.21 05:15:53.921,0.80867,0.80898,1.22,1.04
2012.09.21 05:16:00.223,0.80867,0.80898,1.22,1.04
2012.09.21 05:16:00.954,0.80867,0.80898,1.22,1.04
2012.09.21 05:16:11.463,0.80862,0.80896,1.22,1.26
2012.09.21 05:16:11.532,0.80867,0.80898,1.22,1.26
2012.09.21 05:16:11.602,0.80867,0.80898,1.22,1.04
2012.09.21 05:16:12.123,0.80867,0.80898,1.22,1.04
2012.09.21 05:16:15.484,0.80867,0.80898,1.22,1.41
2012.09.21 05:16:15.803,0.80861,0.80894,1.22,1.04
2012.09.21 05:16:16.122,0.80851,0.80888,1.60,1.04
2012.09.21 05:16:16.193,0.8086,0.80893,1.22,2.01
2012.09.21 05:16:16.261,0.80862,0.80893,1.22,1.79
2012.09.21 05:16:16.581,0.80854,0.80888,1.22,1.04
2012.09.21 05:16:17.310,0.80852,0.80888,1.60,1.04
2012.09.21 05:16:19.903,0.80857,0.80888,1.22,1.04
2012.09.21 05:16:20.081,0.80857,0.80889,1.22,1.04
2012.09.21 05:16:20.464,0.80852,0.80888,1.60,1.04
2012.09.21 05:16:22.123,0.80852,0.80885,1.60,1.04
2012.09.21 05:16:22.674,0.80852,0.80887,1.22,1.04
2012.09.21 05:16:24.680,0.80852,0.80887,1.22,1.04
2012.09.21 05:16:34.305,0.80852,0.80887,1.60,1.04
2012.09.21 05:16:38.001,0.80856,0.80889,1.22,1.04
2012.09.21 05:16:38.072,0.80856,0.8089,1.22,1.04
2012.09.21 05:16:38.200,0.80852,0.8089,1.22,1.04
2012.09.21 05:16:38.401,0.80852,0.80884,1.22,1.04
2012.09.21 05:16:43.752,0.80852,0.80884,1.22,1.04
2012.09.21 05:16:50.481,0.80852,0.80884,1.22,1.04
2012.09.21 05:17:00.582,0.80852,0.80883,1.22,1.04
2012.09.21 05:17:06.921,0.80857,0.80888,1.22,1.41
2012.09.21 05:17:07.111,0.80857,0.80888,1.22,1.41
2012.09.21 05:17:07.194,0.80852,0.80887,1.22,1.41
2012.09.21 05:17:07.330,0.80852,0.80885,1.22,1.04
2012.09.21 05:17:10.450,0.80852,0.80884,1.22,1.04
2012.09.21 05:17:11.202,0.80856,0.80889,1.22,1.41
2012.09.21 05:17:11.271,0.80856,0.80889,1.22,1.41
2012.09.21 05:17:11.341,0.80856,0.80889,1.22,1.41
2012.09.21 05:17:11.650,0.80852,0.80884,1.22,1.04
2012.09.21 05:17:12.180,0.80846,0.80884,1.97,1.04
2012.09.21 05:17:12.312,0.80846,0.80882,1.97,1.04
2012.09.21 05:17:12.381,0.80846,0.80882,1.22,1.04
2012.09.21 05:17:12.571,0.80841,0.80881,1.60,1.04
2012.09.21 05:17:16.103,0.80847,0.80881,1.22,1.04
2012.09.21 05:17:16.282,0.80847,0.80881,1.22,1.04
2012.09.21 05:17:19.421,0.80851,0.80884,1.22,1.04
2012.09.21 05:17:19.492,0.80851,0.80885,1.22,1.41
2012.09.21 05:17:19.783,0.80851,0.80885,1.22,1.13
2012.09.21 05:17:20.347,0.80856,0.80889,1.22,1.41
2012.09.21 05:17:20.425,0.80853,0.80886,1.22,1.04
2012.09.21 05:17:20.813,0.80851,0.80884,1.22,1.13
2012.09.21 05:17:20.962,0.80856,0.80889,1.22,1.41
2012.09.21 05:17:21.513,0.80852,0.80888,1.22,1.04
2012.09.21 05:17:21.594,0.80852,0.80888,1.22,1.04
2012.09.21 05:17:21.671,0.80857,0.80888,1.22,1.04
2012.09.21 05:17:22.452,0.80857,0.80889,1.22,1.04
2012.09.21 05:17:24.265,0.80841,0.80883,1.60,1.13
2012.09.21 05:17:24.343,0.80841,0.80879,1.60,1.04
2012.09.21 05:17:24.411,0.80851,0.80885,1.22,1.26
2012.09.21 05:17:24.542,0.80856,0.80885,1.22,1.26
2012.09.21 05:17:24.613,0.80856,0.80889,1.22,1.64
2012.09.21 05:17:24.682,0.80856,0.80889,1.22,1.64
2012.09.21 05:17:25.237,0.80856,0.80889,1.22,1.04
2012.09.21 05:17:25.644,0.80856,0.80889,1.22,1.04
2012.09.21 05:17:25.963,0.80852,0.80888,1.22,1.41
2012.09.21 05:17:26.272,0.80852,0.80885,1.22,1.04
2012.09.21 05:17:26.491,0.80847,0.80885,1.60,1.41
2012.09.21 05:17:26.642,0.80847,0.80884,1.60,1.04
2012.09.21 05:17:26.884,0.80843,0.80884,1.22,1.04
2012.09.21 05:17:27.013,0.80841,0.80879,1.60,1.04
2012.09.21 05:17:27.151,0.80847,0.80879,1.22,1.04
2012.09.21 05:17:27.333,0.80847,0.80881,1.22,1.41
2012.09.21 05:17:27.877,0.80847,0.80882,1.22,1.04
2012.09.21 05:17:29.633,0.80842,0.80882,1.60,1.04
2012.09.21 05:17:29.824,0.80842,0.80878,1.22,1.41
2012.09.21 05:17:29.892,0.80837,0.80878,1.60,1.41
2012.09.21 05:17:30.043,0.80837,0.80874,1.60,1.04
2012.09.21 05:17:30.800,0.80842,0.80874,1.22,1.04
2012.09.21 05:17:31.061,0.80842,0.80876,1.22,1.13
2012.09.21 05:17:32.602,0.80838,0.80877,1.22,1.04
2012.09.21 05:17:32.851,0.80831,0.80869,1.60,1.04
2012.09.21 05:17:32.932,0.80836,0.80869,1.22,1.04
2012.09.21 05:17:33.060,0.80836,0.80871,1.22,1.13
2012.09.21 05:17:33.372,0.80841,0.80873,1.22,1.04
2012.09.21 05:17:33.502,0.80841,0.80874,1.22,1.79
2012.09.21 05:17:33.632,0.80841,0.80876,1.22,1.04
2012.09.21 05:17:35.322,0.80841,0.80874,1.22,1.04
2012.09.21 05:17:40.540,0.80841,0.80874,1.22,1.04
2012.09.21 05:17:42.354,0.80838,0.80872,1.22,1.04
2012.09.21 05:17:42.600,0.80832,0.80866,1.97,1.04
2012.09.21 05:17:42.671,0.8084,0.8087,1.22,1.11
2012.09.21 05:17:42.742,0.80842,0.80873,1.22,1.04
2012.09.21 05:17:42.915,0.80842,0.80873,1.22,1.04
2012.09.21 05:17:46.481,0.80846,0.80879,1.22,1.64
2012.09.21 05:17:46.949,0.80846,0.80879,1.22,1.04
2012.09.21 05:17:48.194,0.80846,0.80879,1.22,1.04
2012.09.21 05:17:49.833,0.80842,0.80877,1.60,1.04
2012.09.21 05:17:49.901,0.80842,0.80877,1.60,1.04
2012.09.21 05:17:50.442,0.80842,0.80875,1.97,1.04
2012.09.21 05:17:51.612,0.80846,0.80879,1.22,1.86
2012.09.21 05:17:51.743,0.80846,0.80879,1.22,1.64
2012.09.21 05:17:52.089,0.80841,0.80875,1.60,1.04
2012.09.21 05:18:15.932,0.80851,0.8088,1.22,1.49
2012.09.21 05:18:16.342,0.80847,0.80879,1.22,1.64
2012.09.21 05:18:16.591,0.80852,0.80883,1.22,2.39
2012.09.21 05:18:16.781,0.80842,0.80874,1.07,1.04
2012.09.21 05:18:16.912,0.80841,0.80874,1.22,1.04
2012.09.21 05:18:20.421,0.80841,0.80874,1.22,1.04
2012.09.21 05:18:20.510,0.80841,0.80874,1.22,1.04
2012.09.21 05:18:27.424,0.80841,0.80874,1.22,1.41
2012.09.21 05:18:33.133,0.80841,0.80874,1.22,1.04
2012.09.21 05:18:33.325,0.80841,0.80874,1.22,1.04
2012.09.21 05:18:33.642,0.80832,0.80866,1.22,1.04
2012.09.21 05:18:34.102,0.80834,0.80868,1.22,1.04
2012.09.21 05:18:34.244,0.80836,0.80869,1.60,1.04
2012.09.21 05:18:34.756,0.80836,0.8087,1.60,1.04
2012.09.21 05:18:40.381,0.8084,0.80873,1.22,1.04
2012.09.21 05:18:40.632,0.80842,0.80874,1.22,1.64
2012.09.21 05:18:41.132,0.80847,0.80878,1.22,1.41
2012.09.21 05:18:41.582,0.80842,0.80875,1.22,1.04
2012.09.21 05:18:50.620,0.80842,0.80873,1.22,1.04
2012.09.21 05:18:50.951,0.80837,0.80873,1.60,1.04
2012.09.21 05:18:51.021,0.80837,0.80873,1.60,1.04
2012.09.21 05:18:53.863,0.80841,0.80874,1.22,1.04
2012.09.21 05:18:54.111,0.80841,0.80874,1.22,1.04
2012.09.21 05:18:55.191,0.80839,0.80873,1.07,1.04
2012.09.21 05:18:55.321,0.80836,0.80873,1.60,1.04
2012.09.21 05:18:55.391,0.80841,0.80874,1.22,1.04
2012.09.21 05:18:55.581,0.80841,0.80874,1.22,1.04
2012.09.21 05:18:57.612,0.80836,0.80873,1.60,1.04
2012.09.21 05:18:57.881,0.80836,0.80872,1.60,1.04
2012.09.21 05:19:00.440,0.80836,0.80871,1.60,1.04
2012.09.21 05:19:02.783,0.80836,0.8087,1.60,1.04
2012.09.21 05:19:03.301,0.80836,0.80871,1.60,1.04
2012.09.21 05:19:03.971,0.80836,0.8087,1.60,1.04
2012.09.21 05:19:04.616,0.80836,0.80873,1.60,1.04
2012.09.21 05:19:06.915,0.80836,0.8087,1.22,1.04
2012.09.21 05:19:11.673,0.80841,0.80874,1.22,1.04
2012.09.21 05:19:11.803,0.80841,0.80874,1.82,1.04
2012.09.21 05:19:20.605,0.80841,0.80874,1.82,1.41
2012.09.21 05:19:30.590,0.80841,0.80874,1.82,1.04
2012.09.21 05:19:32.171,0.80844,0.80877,1.22,1.04
2012.09.21 05:19:32.711,0.80846,0.80879,1.22,1.41
2012.09.21 05:19:36.872,0.80842,0.80873,1.22,1.04
2012.09.21 05:19:37.493,0.80836,0.80869,1.22,1.04
2012.09.21 05:19:41.602,0.80838,0.80869,1.22,1.04
2012.09.21 05:19:41.792,0.80842,0.80872,1.22,1.04
2012.09.21 05:19:42.454,0.80837,0.80868,1.22,1.04
2012.09.21 05:19:46.883,0.80835,0.80868,1.07,1.04
2012.09.21 05:19:47.010,0.80832,0.80866,1.60,1.04
2012.09.21 05:19:47.441,0.80832,0.80863,1.60,1.04
2012.09.21 05:19:47.512,0.80832,0.80864,1.60,1.04
2012.09.21 05:19:47.945,0.80831,0.80864,1.22,1.04
2012.09.21 05:20:10.492,0.80831,0.80864,1.22,1.04
2012.09.21 05:20:12.852,0.80831,0.80864,1.22,1.04
2012.09.21 05:20:12.921,0.80826,0.80863,1.22,1.41
2012.09.21 05:20:12.992,0.80826,0.8086,1.22,1.04
2012.09.21 05:20:13.122,0.80826,0.80862,1.22,1.04
2012.09.21 05:20:13.191,0.80826,0.8086,1.22,1.04
2012.09.21 05:20:13.321,0.80826,0.80859,1.22,1.41
2012.09.21 05:20:13.571,0.80831,0.80864,1.22,1.41
2012.09.21 05:20:13.641,0.80831,0.80864,1.22,1.41
2012.09.21 05:20:13.960,0.80826,0.80859,1.22,1.04
2012.09.21 05:20:17.382,0.80832,0.80863,1.22,1.04
2012.09.21 05:20:17.917,0.80832,0.80863,1.22,1.04
2012.09.21 05:20:20.664,0.80832,0.80863,1.22,1.04
2012.09.21 05:20:40.472,0.8084,0.80872,1.22,1.04
2012.09.21 05:20:40.602,0.80842,0.80873,1.22,1.41
2012.09.21 05:20:43.201,0.80836,0.80869,1.22,1.04
2012.09.21 05:20:43.512,0.80841,0.80874,1.22,1.41
2012.09.21 05:20:50.583,0.80841,0.80874,1.22,1.41
2012.09.21 05:20:51.214,0.80836,0.80869,1.22,1.04
2012.09.21 05:20:51.341,0.80836,0.80869,1.22,1.04
2012.09.21 05:20:51.887,0.80843,0.80878,1.22,1.04
2012.09.21 05:20:52.023,0.80844,0.80878,1.22,1.04
2012.09.21 05:20:54.131,0.80842,0.80873,1.22,1.04
2012.09.21 05:20:54.201,0.80842,0.80873,1.22,1.04
2012.09.21 05:20:55.032,0.80843,0.80878,1.22,1.79
2012.09.21 05:20:55.181,0.80841,0.80874,1.22,1.41
2012.09.21 05:20:55.431,0.80842,0.80878,1.22,1.04
2012.09.21 05:20:55.893,0.80841,0.80874,1.22,1.41
2012.09.21 05:20:55.961,0.80841,0.80874,1.22,1.41
2012.09.21 05:20:56.444,0.80843,0.80878,1.22,1.04
2012.09.21 05:20:57.063,0.80845,0.80878,1.22,1.04
2012.09.21 05:21:10.451,0.80845,0.80879,1.22,2.54
2012.09.21 05:21:11.100,0.80842,0.80879,1.22,2.54
2012.09.21 05:21:11.171,0.80841,0.80874,1.22,1.04
2012.09.21 05:21:11.793,0.80841,0.80871,1.22,1.04
2012.09.21 05:21:12.121,0.80845,0.80875,1.22,1.04
2012.09.21 05:21:21.623,0.80841,0.80874,1.22,1.41
2012.09.21 05:21:21.692,0.80841,0.80874,1.22,1.41
2012.09.21 05:21:21.824,0.80841,0.8087,1.22,1.04
2012.09.21 05:21:21.903,0.80845,0.8087,1.22,1.04
2012.09.21 05:21:22.108,0.80845,0.80875,1.22,1.04
2012.09.21 05:21:23.934,0.80846,0.80875,1.22,1.04
2012.09.21 05:21:25.324,0.80841,0.8087,1.22,1.04
2012.09.21 05:21:25.394,0.80841,0.8087,1.22,1.04
2012.09.21 05:21:25.662,0.80841,0.80874,1.22,1.41
2012.09.21 05:21:25.732,0.80841,0.80874,1.22,1.41
2012.09.21 05:21:30.546,0.80841,0.80871,1.22,1.04
2012.09.21 05:21:31.132,0.80837,0.80869,1.07,1.41
2012.09.21 05:21:31.655,0.80836,0.8087,1.22,1.04
2012.09.21 05:21:40.457,0.80836,0.80869,1.60,1.04
2012.09.21 05:21:41.561,0.80841,0.80874,1.22,1.04
2012.09.21 05:21:41.925,0.80841,0.80874,1.22,1.04
2012.09.21 05:21:42.231,0.80837,0.8087,1.22,1.04
2012.09.21 05:21:50.630,0.80837,0.80869,1.60,1.04
2012.09.21 05:21:56.303,0.80837,0.80868,1.22,1.04
2012.09.21 05:21:56.652,0.80832,0.80863,1.60,1.04
2012.09.21 05:21:57.161,0.80837,0.80868,1.22,1.04
2012.09.21 05:21:59.901,0.80837,0.80868,1.22,1.04
2012.09.21 05:22:21.017,0.80837,0.80868,1.22,1.04
2012.09.21 05:22:21.094,0.80837,0.80868,1.22,1.04
2012.09.21 05:22:23.754,0.80837,0.80868,1.22,1.04
2012.09.21 05:22:26.290,0.80837,0.80868,1.22,1.04
2012.09.21 05:22:26.631,0.80837,0.80868,1.22,1.04
2012.09.21 05:22:40.451,0.80837,0.80868,1.22,1.04
2012.09.21 05:22:40.982,0.80837,0.80868,1.22,1.04
2012.09.21 05:22:43.300,0.80837,0.80868,1.22,1.04
2012.09.21 05:22:44.352,0.80837,0.80868,1.22,1.04
2012.09.21 05:22:47.627,0.80837,0.80868,1.22,1.04
2012.09.21 05:22:47.702,0.80837,0.80868,1.22,1.04
2012.09.21 05:23:00.475,0.8083,0.80873,1.45,1.04
2012.09.21 05:23:09.728,0.8083,0.80879,1.07,1.11
2012.09.21 05:23:10.441,0.8083,0.80879,1.07,1.11
2012.09.21 05:23:11.852,0.8083,0.80879,1.07,1.11
2012.09.21 05:23:14.410,0.8083,0.80876,1.22,1.04
2012.09.21 05:23:15.210,0.8083,0.80876,1.22,1.04
2012.09.21 05:23:17.027,0.8083,0.80874,1.22,1.04
2012.09.21 05:23:18.892,0.80827,0.80869,1.07,1.04
2012.09.21 05:23:19.118,0.80827,0.80869,1.07,1.04
2012.09.21 05:23:20.454,0.80826,0.8087,1.07,1.79
2012.09.21 05:23:20.984,0.80829,0.80872,1.07,1.04
2012.09.21 05:23:21.250,0.80829,0.80872,1.07,1.04
2012.09.21 05:23:30.133,0.80829,0.80873,1.07,1.04
2012.09.21 05:23:32.075,0.80829,0.80873,1.07,1.04
2012.09.21 05:23:32.150,0.80829,0.80873,1.07,1.04
2012.09.21 05:23:32.425,0.8083,0.80874,1.22,1.79
2012.09.21 05:23:33.315,0.8083,0.80874,1.22,1.79
2012.09.21 05:23:35.392,0.8083,0.80874,1.22,1.79
2012.09.21 05:23:35.860,0.80829,0.80873,1.07,1.04
2012.09.21 05:23:36.053,0.80829,0.80873,1.07,1.04
2012.09.21 05:23:36.392,0.80829,0.80873,1.07,1.04
2012.09.21 05:23:40.897,0.80829,0.80874,1.07,1.04
2012.09.21 05:23:45.248,0.8083,0.80876,1.22,1.04
2012.09.21 05:23:46.342,0.8083,0.80876,1.22,1.04
2012.09.21 05:23:46.452,0.8083,0.80876,1.22,1.04
2012.09.21 05:23:46.589,0.8083,0.80876,1.22,1.04
2012.09.21 05:23:46.799,0.80829,0.80875,1.45,1.04
2012.09.21 05:23:47.662,0.80829,0.80875,1.45,1.04
2012.09.21 05:23:49.560,0.80829,0.80873,1.45,1.04
2012.09.21 05:23:52.004,0.80829,0.80873,1.45,1.04
2012.09.21 05:23:53.272,0.8083,0.80876,1.22,1.04
2012.09.21 05:23:58.332,0.8083,0.80876,1.22,1.04
2012.09.21 05:23:58.401,0.8083,0.80876,1.22,1.04
2012.09.21 05:23:58.471,0.8083,0.80876,1.22,1.04
2012.09.21 05:24:01.172,0.8083,0.80874,1.22,1.04
2012.09.21 05:24:01.502,0.8083,0.80874,1.22,1.04
2012.09.21 05:24:06.601,0.8083,0.80874,1.22,1.04
2012.09.21 05:24:07.786,0.8083,0.80874,1.22,1.04
2012.09.21 05:24:36.212,0.80831,0.80868,1.60,1.04
2012.09.21 05:24:36.283,0.80831,0.80864,1.60,1.04
2012.09.21 05:24:36.592,0.80831,0.80864,1.60,1.04
2012.09.21 05:24:37.095,0.80831,0.80864,1.22,1.04
2012.09.21 05:24:37.837,0.80831,0.80864,1.22,1.04
2012.09.21 05:24:44.381,0.80826,0.80863,1.22,1.04
2012.09.21 05:24:44.572,0.80832,0.80863,1.22,1.04
2012.09.21 05:24:44.641,0.80832,0.80863,1.22,1.04
2012.09.21 05:24:44.831,0.80832,0.80863,1.22,1.04
2012.09.21 05:24:46.141,0.80832,0.80863,1.22,1.04
2012.09.21 05:24:47.282,0.80832,0.80863,1.22,1.04
2012.09.21 05:24:47.411,0.80832,0.80863,1.22,1.41
2012.09.21 05:24:47.481,0.80832,0.80863,1.22,1.41
2012.09.21 05:24:47.577,0.80832,0.80863,1.22,1.41
2012.09.21 05:24:48.576,0.80831,0.80864,1.22,1.41
2012.09.21 05:24:53.413,0.80835,0.80867,1.22,1.04
2012.09.21 05:24:53.543,0.80836,0.80869,1.22,1.41
2012.09.21 05:24:54.173,0.8084,0.80872,1.22,1.04
2012.09.21 05:24:54.421,0.80842,0.80873,1.22,1.79
2012.09.21 05:24:55.505,0.80842,0.80873,1.22,1.41
2012.09.21 05:24:56.044,0.80842,0.80873,1.22,1.41
2012.09.21 05:24:56.392,0.80836,0.80869,1.22,1.41
2012.09.21 05:24:57.932,0.80841,0.80876,1.22,1.04
2012.09.21 05:24:58.062,0.80846,0.80876,1.22,1.04
2012.09.21 05:24:58.192,0.80841,0.80874,1.22,1.41
2012.09.21 05:24:58.262,0.80841,0.80874,1.22,1.13
2012.09.21 05:24:58.391,0.80841,0.80875,1.22,1.04
2012.09.21 05:24:59.621,0.80841,0.80877,1.22,1.41
2012.09.21 05:24:59.692,0.80846,0.80879,1.22,1.41
2012.09.21 05:25:00.505,0.80842,0.80877,1.22,1.04
2012.09.21 05:25:00.582,0.80842,0.80873,1.22,1.04
2012.09.21 05:25:00.712,0.80847,0.80878,1.22,1.41
2012.09.21 05:25:00.901,0.80847,0.80878,1.22,1.41
2012.09.21 05:25:02.309,0.80847,0.80878,1.22,1.04
2012.09.21 05:25:20.543,0.80847,0.80878,1.22,1.04
2012.09.21 05:25:30.461,0.80847,0.80878,1.22,1.04
2012.09.21 05:25:34.294,0.80851,0.80883,1.22,1.04
2012.09.21 05:25:50.574,0.80851,0.80884,1.22,1.41
2012.09.21 05:26:12.204,0.80851,0.80884,1.22,1.41
2012.09.21 05:26:14.156,0.80847,0.80879,1.22,1.04
2012.09.21 05:26:14.352,0.80847,0.80878,1.22,1.04
2012.09.21 05:26:15.915,0.80842,0.80876,1.60,1.04
2012.09.21 05:26:16.103,0.80847,0.80878,1.22,1.41
2012.09.21 05:26:16.749,0.80841,0.80874,1.22,1.04
2012.09.21 05:26:20.455,0.80841,0.80874,1.22,1.04
2012.09.21 05:26:28.715,0.80841,0.80875,1.22,1.41
2012.09.21 05:26:29.286,0.80847,0.80878,1.22,1.41
2012.09.21 05:26:29.728,0.80851,0.80884,1.22,1.41
2012.09.21 05:26:30.577,0.80851,0.80884,1.22,1.41
2012.09.21 05:26:56.396,0.80851,0.80884,1.22,1.04
2012.09.21 05:27:05.112,0.80856,0.80889,1.22,1.41
2012.09.21 05:27:10.476,0.80856,0.80889,1.22,1.04
2012.09.21 05:27:19.055,0.80856,0.80889,1.22,1.41
2012.09.21 05:27:20.154,0.80852,0.80883,1.22,1.04
2012.09.21 05:27:20.263,0.80852,0.80883,1.22,1.04
2012.09.21 05:27:30.485,0.80852,0.80883,1.22,1.04
2012.09.21 05:27:36.064,0.80854,0.80887,1.22,1.04
2012.09.21 05:27:36.571,0.80856,0.80889,1.22,1.41
2012.09.21 05:27:37.042,0.80851,0.80886,1.60,1.04
2012.09.21 05:27:38.328,0.80851,0.80884,1.22,1.04
2012.09.21 05:27:40.494,0.80851,0.80884,1.22,1.04
2012.09.21 05:27:41.454,0.80852,0.80884,1.22,1.04
2012.09.21 05:27:41.521,0.80851,0.80884,1.22,1.04
2012.09.21 05:28:10.523,0.80851,0.80884,1.22,1.04
2012.09.21 05:28:37.333,0.80845,0.80891,1.22,1.04
2012.09.21 05:28:40.627,0.80848,0.80892,1.22,1.04
2012.09.21 05:28:46.354,0.80857,0.80889,1.22,1.41
2012.09.21 05:28:47.606,0.80851,0.80888,1.60,1.04
2012.09.21 05:28:47.792,0.80851,0.80888,1.22,1.41
2012.09.21 05:28:47.922,0.80851,0.80884,1.22,1.79
2012.09.21 05:28:48.323,0.80851,0.80884,1.22,1.50
2012.09.21 05:28:48.487,0.80856,0.80889,1.22,1.41
2012.09.21 05:28:49.628,0.80851,0.80887,1.22,1.13
2012.09.21 05:28:49.772,0.80851,0.80887,1.22,1.41
2012.09.21 05:29:00.523,0.80851,0.80887,1.22,1.13
2012.09.21 05:29:11.963,0.80851,0.80886,1.22,1.13
2012.09.21 05:29:40.525,0.80851,0.80888,1.22,1.04
2012.09.21 05:29:41.312,0.80851,0.80887,1.22,1.04
2012.09.21 05:29:48.044,0.80857,0.80891,1.22,1.41
2012.09.21 05:29:48.150,0.80852,0.80891,1.22,1.41
2012.09.21 05:29:48.744,0.80852,0.80888,1.22,1.04
2012.09.21 05:29:49.615,0.80856,0.80889,1.22,1.41
2012.09.21 05:29:49.682,0.80856,0.80889,1.22,1.13
2012.09.21 05:29:50.114,0.80852,0.8089,1.60,1.41
2012.09.21 05:29:50.205,0.80852,0.80889,1.60,1.04
2012.09.21 05:29:51.689,0.80852,0.80888,1.22,1.41
2012.09.21 05:29:53.463,0.80852,0.80889,1.22,1.41
2012.09.21 05:29:53.634,0.80856,0.80889,1.22,1.41
2012.09.21 05:29:53.762,0.80856,0.80889,1.22,1.41
2012.09.21 05:29:54.673,0.80851,0.80889,1.60,1.04
2012.09.21 05:29:54.804,0.80851,0.80888,1.60,1.04
2012.09.21 05:30:14.146,0.80846,0.80888,1.22,1.41
2012.09.21 05:30:14.282,0.80842,0.80881,1.07,1.35
2012.09.21 05:30:14.413,0.80846,0.80881,1.22,1.35
2012.09.21 05:30:14.653,0.80846,0.80882,1.60,1.04
2012.09.21 05:30:14.723,0.80851,0.80886,1.22,1.04
2012.09.21 05:30:17.903,0.80851,0.80885,1.22,1.04
2012.09.21 05:30:19.902,0.80851,0.80888,1.22,1.04
2012.09.21 05:30:20.105,0.80851,0.80884,1.60,1.04
2012.09.21 05:30:32.086,0.80851,0.80884,1.22,1.04
2012.09.21 05:30:39.823,0.80856,0.80889,1.22,1.04
2012.09.21 05:30:40.436,0.80856,0.80889,1.22,1.04
2012.09.21 05:30:41.463,0.80861,0.80891,1.22,1.26
2012.09.21 05:30:41.534,0.80861,0.80894,1.22,1.41
2012.09.21 05:30:42.076,0.80861,0.80895,1.22,1.04
2012.09.21 05:30:43.645,0.80857,0.80895,1.60,1.04
2012.09.21 05:30:43.843,0.80861,0.80894,1.22,1.04
2012.09.21 05:30:43.994,0.80861,0.80895,1.22,1.04
2012.09.21 05:30:49.722,0.80856,0.80895,1.60,1.04
2012.09.21 05:30:49.792,0.80856,0.80891,1.60,1.04
2012.09.21 05:30:50.449,0.80856,0.8089,1.22,1.04
2012.09.21 05:30:56.624,0.80862,0.80896,1.22,1.04
2012.09.21 05:30:56.974,0.80862,0.80896,1.22,1.13
2012.09.21 05:30:57.043,0.80862,0.80893,1.22,1.04
2012.09.21 05:30:57.124,0.80856,0.80893,1.97,1.04
2012.09.21 05:30:57.192,0.80856,0.80892,1.22,1.13
2012.09.21 05:30:57.505,0.80862,0.80893,1.22,1.04
2012.09.21 05:30:57.632,0.80862,0.80894,1.22,1.04
2012.09.21 05:30:59.963,0.80856,0.80893,1.22,1.13
2012.09.21 05:31:00.095,0.80856,0.8089,1.22,1.04
2012.09.21 05:31:00.223,0.80862,0.80893,1.22,1.41
2012.09.21 05:31:00.845,0.80862,0.80893,1.22,1.04
2012.09.21 05:31:01.645,0.80862,0.80893,1.22,1.04
2012.09.21 05:31:02.846,0.80857,0.80893,1.22,1.04
2012.09.21 05:31:03.944,0.80856,0.8089,1.22,1.04
2012.09.21 05:31:06.043,0.80856,0.80889,1.22,1.04
2012.09.21 05:31:06.323,0.80852,0.80888,1.22,1.04
2012.09.21 05:31:06.533,0.80856,0.8089,1.22,1.04
2012.09.21 05:31:07.414,0.80856,0.80889,1.22,1.04
2012.09.21 05:31:09.923,0.80856,0.80889,1.22,1.41
2012.09.21 05:31:10.293,0.80852,0.80884,1.22,1.04
2012.09.21 05:31:11.916,0.80852,0.80884,1.22,1.04
2012.09.21 05:31:14.269,0.80852,0.80884,1.22,1.04
2012.09.21 05:31:15.562,0.80852,0.80883,1.22,1.04
2012.09.21 05:31:24.604,0.80852,0.80884,1.22,1.04
2012.09.21 05:31:24.972,0.80856,0.80889,1.22,1.04
2012.09.21 05:31:25.583,0.80856,0.80889,1.22,1.04
2012.09.21 05:31:30.482,0.80856,0.80889,1.22,1.04
2012.09.21 05:31:38.303,0.80856,0.80891,1.60,1.04
2012.09.21 05:31:38.582,0.80856,0.80889,1.60,1.04
2012.09.21 05:31:40.413,0.80856,0.80889,1.22,1.04
2012.09.21 05:31:46.922,0.80856,0.80888,1.22,1.04
2012.09.21 05:31:47.045,0.80856,0.80888,1.22,1.04
2012.09.21 05:31:47.233,0.80856,0.80889,1.22,1.04
2012.09.21 05:31:47.576,0.80856,0.80889,1.22,1.04
2012.09.21 05:31:50.566,0.80856,0.80889,1.22,1.04
2012.09.21 05:31:58.037,0.80856,0.80889,1.22,1.04
2012.09.21 05:31:58.805,0.80856,0.80891,1.22,1.04
2012.09.21 05:31:59.244,0.80856,0.80889,1.22,1.04
2012.09.21 05:31:59.575,0.80856,0.80889,1.22,1.04
2012.09.21 05:32:00.174,0.80856,0.80889,1.22,1.04
2012.09.21 05:32:01.389,0.80856,0.80889,1.22,1.04
2012.09.21 05:32:04.284,0.80856,0.80889,1.22,1.04
2012.09.21 05:32:04.962,0.80856,0.80889,1.22,1.04
2012.09.21 05:32:06.726,0.80856,0.80889,1.22,1.04
2012.09.21 05:32:07.393,0.80856,0.80889,1.22,1.04
2012.09.21 05:32:07.796,0.80856,0.80889,1.22,1.04
2012.09.21 05:32:10.474,0.80856,0.80889,1.22,1.04
2012.09.21 05:32:11.253,0.80856,0.80889,1.60,1.04
2012.09.21 05:32:11.685,0.80856,0.80891,1.45,1.13
2012.09.21 05:32:12.261,0.80856,0.80889,1.22,1.04
2012.09.21 05:32:13.749,0.80856,0.80889,1.22,1.04
2012.09.21 05:32:16.494,0.80856,0.80889,1.22,1.04
2012.09.21 05:32:22.447,0.80856,0.80889,1.22,1.04
2012.09.21 05:32:22.923,0.80856,0.80889,1.22,1.04
2012.09.21 05:32:22.999,0.80856,0.80889,1.22,1.04
2012.09.21 05:32:23.583,0.80856,0.80889,1.22,1.04
2012.09.21 05:32:24.383,0.80856,0.80889,1.22,1.04
2012.09.21 05:32:25.293,0.80851,0.80893,1.07,1.26
2012.09.21 05:32:26.640,0.80851,0.80893,1.07,1.26
2012.09.21 05:32:26.726,0.8085,0.80893,1.07,1.26
2012.09.21 05:32:29.532,0.80851,0.80895,1.22,1.26
2012.09.21 05:32:29.662,0.80851,0.80895,1.45,1.26
2012.09.21 05:32:30.164,0.80854,0.80897,1.45,1.04
2012.09.21 05:32:30.722,0.80855,0.80897,1.07,1.04
2012.09.21 05:32:30.805,0.80855,0.80897,1.07,1.04
2012.09.21 05:32:40.373,0.80852,0.80894,1.22,1.26
2012.09.21 05:32:40.444,0.80848,0.80891,1.07,1.04
2012.09.21 05:32:40.513,0.80846,0.8089,1.45,1.04
2012.09.21 05:32:41.013,0.80846,0.8089,1.45,1.26
2012.09.21 05:32:48.335,0.80843,0.80885,1.45,1.26
2012.09.21 05:32:48.402,0.80843,0.80885,1.45,1.26
2012.09.21 05:32:50.436,0.80843,0.80885,1.45,1.26
2012.09.21 05:33:00.572,0.80843,0.80885,1.82,1.26
2012.09.21 05:33:00.985,0.80851,0.8089,1.07,1.26
2012.09.21 05:33:01.053,0.80851,0.80895,1.45,1.86
2012.09.21 05:33:01.372,0.80851,0.80895,1.67,1.64
2012.09.21 05:33:05.366,0.80851,0.80895,1.82,1.64
2012.09.21 05:33:05.475,0.80851,0.80895,1.82,1.64
2012.09.21 05:33:10.482,0.80851,0.80892,1.22,2.39
2012.09.21 05:33:13.264,0.80852,0.80888,1.60,1.64
2012.09.21 05:33:20.032,0.80852,0.80884,1.22,1.04
2012.09.21 05:33:20.635,0.80847,0.80887,1.45,1.04
2012.09.21 05:33:20.703,0.80846,0.80882,2.05,1.04
2012.09.21 05:33:21.186,0.80852,0.80883,1.22,1.41
2012.09.21 05:33:21.313,0.80852,0.80884,1.22,1.04
2012.09.21 05:33:21.715,0.80847,0.80881,1.22,1.41
2012.09.21 05:33:22.783,0.80847,0.80881,1.22,1.04
2012.09.21 05:33:27.254,0.80847,0.80882,1.22,1.04
2012.09.21 05:33:30.493,0.80847,0.80881,1.22,1.04
2012.09.21 05:33:30.573,0.80847,0.80878,1.22,1.04
2012.09.21 05:33:30.674,0.80842,0.80878,1.45,1.04
2012.09.21 05:33:46.462,0.80842,0.80878,1.07,1.04
2012.09.21 05:33:46.534,0.80838,0.80875,1.45,1.04
2012.09.21 05:33:48.072,0.80838,0.80874,1.45,1.04
2012.09.21 05:33:50.462,0.80838,0.80875,1.45,1.04
2012.09.21 05:33:50.674,0.80841,0.80875,1.22,1.04
2012.09.21 05:33:50.744,0.80841,0.80877,1.22,1.04
2012.09.21 05:33:50.896,0.80841,0.80876,1.22,1.04
2012.09.21 05:33:50.964,0.80838,0.80876,1.45,1.04
2012.09.21 05:33:51.212,0.80841,0.80876,1.22,1.04
2012.09.21 05:33:51.605,0.80851,0.80883,1.22,1.64
2012.09.21 05:33:51.765,0.80851,0.80884,1.22,1.04
2012.09.21 05:33:51.895,0.80851,0.80885,1.22,1.04
2012.09.21 05:33:53.694,0.80848,0.80885,1.22,1.04
2012.09.21 05:33:54.291,0.80848,0.80882,1.22,1.04
2012.09.21 05:33:56.456,0.80852,0.80883,1.22,1.41
2012.09.21 05:33:57.066,0.80852,0.80885,1.22,1.04
2012.09.21 05:33:59.662,0.80847,0.80885,1.07,1.04
2012.09.21 05:33:59.793,0.80841,0.8088,1.82,1.04
2012.09.21 05:33:59.877,0.80841,0.80878,1.82,1.04
2012.09.21 05:34:00.695,0.8084,0.80874,1.07,1.04
2012.09.21 05:34:00.824,0.80841,0.80874,1.22,1.04
2012.09.21 05:34:01.085,0.80841,0.80876,1.22,1.04
2012.09.21 05:34:01.894,0.80846,0.80879,1.22,1.41
2012.09.21 05:34:02.083,0.80846,0.8088,1.22,1.04
2012.09.21 05:34:02.214,0.80842,0.80875,1.22,1.13
2012.09.21 05:34:02.345,0.80842,0.80874,1.22,1.04
2012.09.21 05:34:03.170,0.80851,0.80882,1.22,1.26
2012.09.21 05:34:07.673,0.80847,0.80879,1.22,1.04
2012.09.21 05:34:07.802,0.80847,0.80878,1.22,1.04
2012.09.21 05:34:09.554,0.80847,0.80878,1.22,1.04
2012.09.21 05:34:10.459,0.80847,0.80878,1.22,1.04
2012.09.21 05:34:13.184,0.80847,0.80878,1.22,1.04
2012.09.21 05:34:18.188,0.80847,0.80878,1.22,1.04
2012.09.21 05:34:18.914,0.80842,0.80876,1.22,1.04
2012.09.21 05:34:19.105,0.80842,0.80873,1.22,1.04
2012.09.21 05:34:19.473,0.80837,0.80872,1.60,1.04
2012.09.21 05:34:19.604,0.80837,0.80868,1.60,1.04
2012.09.21 05:34:19.733,0.80841,0.80874,1.22,1.04
2012.09.21 05:34:22.125,0.80841,0.80874,1.82,1.04
2012.09.21 05:34:22.195,0.80845,0.8088,1.22,1.64
2012.09.21 05:34:22.394,0.80851,0.80882,1.22,1.26
2012.09.21 05:34:24.560,0.80846,0.80879,1.22,1.04
2012.09.21 05:34:24.765,0.80846,0.80879,1.22,1.04
2012.09.21 05:34:28.203,0.80841,0.80876,1.82,1.04
2012.09.21 05:34:28.333,0.80841,0.80874,1.82,1.04
2012.09.21 05:34:28.404,0.80841,0.80874,1.82,1.04
2012.09.21 05:34:30.504,0.80841,0.80874,1.22,1.04
2012.09.21 05:34:30.908,0.80844,0.80875,1.22,1.26
2012.09.21 05:34:31.255,0.80849,0.80884,1.22,1.41
2012.09.21 05:34:31.324,0.80851,0.80884,1.22,1.41
2012.09.21 05:34:37.944,0.80847,0.8088,1.22,1.04
2012.09.21 05:34:38.305,0.80847,0.80878,1.22,1.04
2012.09.21 05:34:39.047,0.80847,0.80878,1.22,1.41
2012.09.21 05:34:41.686,0.8085,0.80881,1.22,1.04
2012.09.21 05:34:41.814,0.80852,0.80883,1.22,1.41
2012.09.21 05:34:43.453,0.80846,0.8088,1.22,1.64
2012.09.21 05:34:43.585,0.80846,0.80879,1.22,1.04
2012.09.21 05:34:44.483,0.80841,0.80877,1.22,1.04
2012.09.21 05:34:44.555,0.80841,0.80874,1.22,1.04
2012.09.21 05:34:45.043,0.80836,0.80873,1.22,1.04
2012.09.21 05:34:45.323,0.80836,0.8087,1.22,1.04
2012.09.21 05:34:45.483,0.80841,0.80874,1.22,1.41
2012.09.21 05:34:50.393,0.80841,0.80874,1.22,1.41
2012.09.21 05:34:53.433,0.80844,0.80878,1.22,1.79
2012.09.21 05:34:53.566,0.80847,0.80878,1.22,1.79
2012.09.21 05:34:53.898,0.80847,0.80878,1.22,1.79
2012.09.21 05:34:54.416,0.80847,0.80878,1.22,1.04
2012.09.21 05:34:57.044,0.80847,0.80878,1.22,1.04
2012.09.21 05:34:57.224,0.80847,0.80878,1.22,1.04
2012.09.21 05:35:00.055,0.80847,0.80878,1.22,1.04
2012.09.21 05:35:02.112,0.80843,0.80874,1.07,1.04
2012.09.21 05:35:02.306,0.80847,0.80878,1.22,1.41
2012.09.21 05:35:03.036,0.80846,0.80879,1.22,1.41
2012.09.21 05:35:03.945,0.80846,0.80879,1.22,1.41
2012.09.21 05:35:05.005,0.80846,0.80879,1.22,1.41
2012.09.21 05:35:06.033,0.80846,0.80879,1.22,1.41
2012.09.21 05:35:06.348,0.80846,0.80879,1.22,1.41
2012.09.21 05:35:09.914,0.80849,0.80882,1.22,1.04
2012.09.21 05:35:10.104,0.80851,0.80884,1.22,3.14
2012.09.21 05:35:10.173,0.80847,0.8088,1.22,1.64
2012.09.21 05:35:10.362,0.80847,0.80878,1.22,1.04
2012.09.21 05:35:11.041,0.80847,0.80878,1.22,1.04
2012.09.21 05:35:12.224,0.80851,0.80884,1.22,3.14
2012.09.21 05:35:12.623,0.80847,0.80878,1.22,1.04
2012.09.21 05:35:14.781,0.80847,0.80878,1.22,1.04
2012.09.21 05:35:15.382,0.80847,0.80878,1.22,1.04
2012.09.21 05:35:15.778,0.80849,0.80884,1.22,1.04
2012.09.21 05:35:18.324,0.80846,0.80877,1.07,1.04
2012.09.21 05:35:18.573,0.80842,0.80873,1.82,1.04
2012.09.21 05:35:18.643,0.80843,0.80878,1.22,1.41
2012.09.21 05:35:18.892,0.80845,0.80878,1.22,1.41
2012.09.21 05:35:19.725,0.80846,0.80878,1.22,1.04
2012.09.21 05:35:20.513,0.80847,0.80878,1.22,1.04
2012.09.21 05:35:24.785,0.80844,0.80878,1.22,1.41
2012.09.21 05:35:30.411,0.80847,0.80878,1.22,1.04
2012.09.21 05:35:32.048,0.80847,0.80879,1.22,1.13
2012.09.21 05:35:32.244,0.80851,0.80884,1.22,1.64
2012.09.21 05:35:32.375,0.80851,0.80884,1.22,1.64
2012.09.21 05:35:32.684,0.80852,0.80881,1.22,1.26
2012.09.21 05:35:33.174,0.80846,0.80879,1.22,1.04
2012.09.21 05:35:38.656,0.8085,0.80881,1.22,1.26
2012.09.21 05:35:38.844,0.80852,0.80883,1.22,1.64
2012.09.21 05:35:38.914,0.80847,0.80881,1.22,1.64
2012.09.21 05:35:38.984,0.80847,0.80878,1.22,1.04
2012.09.21 05:35:39.113,0.80847,0.80878,1.22,1.04
2012.09.21 05:35:41.625,0.80849,0.80881,1.22,1.26
2012.09.21 05:35:41.753,0.80851,0.80884,1.22,2.01
2012.09.21 05:35:41.824,0.80851,0.80884,1.22,2.01
2012.09.21 05:35:50.406,0.80851,0.80884,1.22,2.01
2012.09.21 05:35:53.615,0.80853,0.80884,1.22,1.26
2012.09.21 05:35:53.985,0.80861,0.80893,1.13,1.04
2012.09.21 05:35:54.052,0.80861,0.80893,1.13,1.04
2012.09.21 05:35:54.183,0.80866,0.80899,1.22,1.04
2012.09.21 05:35:54.374,0.80866,0.809,1.22,1.04
2012.09.21 05:35:54.975,0.80871,0.80904,1.22,1.41
2012.09.21 05:35:55.752,0.80867,0.80899,1.22,1.04
2012.09.21 05:35:55.836,0.80867,0.80898,1.22,1.04
2012.09.21 05:35:56.373,0.80864,0.80898,1.22,1.04
2012.09.21 05:35:56.792,0.80867,0.80898,1.22,1.04
2012.09.21 05:35:56.923,0.8087,0.80907,1.22,1.04
2012.09.21 05:35:56.992,0.80871,0.80907,1.22,1.04
2012.09.21 05:35:57.123,0.80871,0.80909,1.22,1.04
2012.09.21 05:35:57.580,0.80872,0.80903,1.22,1.04
2012.09.21 05:35:58.114,0.80871,0.80904,1.22,1.04
2012.09.21 05:35:58.793,0.80866,0.80899,1.22,1.04
2012.09.21 05:35:59.103,0.80866,0.80899,1.22,1.04
2012.09.21 05:35:59.434,0.80866,0.80899,1.22,1.04
2012.09.21 05:36:00.406,0.80866,0.80899,1.22,1.04
2012.09.21 05:36:02.462,0.8087,0.80907,1.22,1.04
2012.09.21 05:36:02.594,0.80871,0.80909,1.22,1.79
2012.09.21 05:36:03.354,0.80871,0.80909,1.22,1.04
2012.09.21 05:36:04.565,0.80871,0.80909,1.60,1.04
2012.09.21 05:36:05.336,0.8087,0.80903,1.22,1.04
2012.09.21 05:36:05.985,0.80867,0.809,1.97,1.04
2012.09.21 05:36:06.053,0.80867,0.80898,1.22,1.04
2012.09.21 05:36:08.765,0.80867,0.80901,1.22,1.04
2012.09.21 05:36:08.833,0.80872,0.80903,1.22,1.04
2012.09.21 05:36:09.444,0.80879,0.80919,1.35,1.04
2012.09.21 05:36:09.515,0.80884,0.80919,1.22,1.04
2012.09.21 05:36:09.626,0.80886,0.80919,1.22,1.04
2012.09.21 05:36:09.694,0.80887,0.80924,1.22,1.04
2012.09.21 05:36:09.885,0.80886,0.8092,1.45,1.04
2012.09.21 05:36:09.957,0.80886,0.80919,1.45,1.04
2012.09.21 05:36:10.175,0.80886,0.80919,1.22,1.04
2012.09.21 05:36:10.698,0.80886,0.80919,1.22,1.04
2012.09.21 05:36:10.774,0.80886,0.80919,1.22,1.04
2012.09.21 05:36:11.614,0.80889,0.80927,1.22,1.04
2012.09.21 05:36:11.863,0.80896,0.80929,1.22,1.04
2012.09.21 05:36:16.899,0.80891,0.80924,1.22,1.04
2012.09.21 05:36:17.636,0.80892,0.80924,1.07,1.04
2012.09.21 05:36:17.883,0.80895,0.80928,1.22,1.04
2012.09.21 05:36:17.953,0.80894,0.80924,1.07,1.04
2012.09.21 05:36:18.104,0.80893,0.80924,1.07,1.04
2012.09.21 05:36:23.454,0.80894,0.80929,1.35,1.04
2012.09.21 05:36:23.597,0.80895,0.80929,1.22,1.04
2012.09.21 05:36:23.733,0.80893,0.80923,1.07,1.04
2012.09.21 05:36:24.595,0.80894,0.80929,1.35,1.41
2012.09.21 05:36:24.823,0.80895,0.80929,1.22,1.04
2012.09.21 05:36:25.073,0.80893,0.80923,1.07,1.04
2012.09.21 05:36:25.917,0.80892,0.80923,1.22,1.04
2012.09.21 05:36:32.584,0.80892,0.80923,1.22,1.04
2012.09.21 05:36:47.163,0.80888,0.80918,1.07,1.04
2012.09.21 05:36:50.517,0.80887,0.80918,1.82,1.04
2012.09.21 05:37:03.724,0.80876,0.80914,1.07,1.04
2012.09.21 05:37:03.826,0.80876,0.80903,1.07,1.04
2012.09.21 05:37:03.893,0.80872,0.80903,2.57,1.04
2012.09.21 05:37:03.964,0.80877,0.80908,1.22,1.04
2012.09.21 05:37:10.518,0.80877,0.80908,1.22,1.04
2012.09.21 05:37:12.173,0.80878,0.80913,1.22,1.04
2012.09.21 05:37:12.302,0.80882,0.80913,1.35,1.04
2012.09.21 05:37:14.405,0.80876,0.80909,1.60,1.04
2012.09.21 05:37:17.824,0.80879,0.80914,1.22,1.41
2012.09.21 05:37:18.142,0.8088,0.80914,1.22,1.04
2012.09.21 05:37:18.444,0.80883,0.80918,1.22,1.79
2012.09.21 05:37:18.577,0.80884,0.80918,1.22,1.04
2012.09.21 05:37:18.655,0.8088,0.80911,1.07,1.04
2012.09.21 05:37:18.783,0.80876,0.80909,1.60,1.04
2012.09.21 05:37:18.869,0.80876,0.80909,1.60,1.04
2012.09.21 05:37:20.423,0.80876,0.80909,1.22,1.04
2012.09.21 05:37:24.713,0.80871,0.80905,1.60,1.04
2012.09.21 05:37:24.844,0.80871,0.80904,2.20,1.04
2012.09.21 05:37:24.913,0.80874,0.80909,1.22,1.04
2012.09.21 05:37:25.043,0.80876,0.80909,1.22,1.04
2012.09.21 05:37:25.412,0.80874,0.80909,1.22,1.04
2012.09.21 05:37:25.604,0.80876,0.80909,1.22,1.04
2012.09.21 05:37:25.674,0.80872,0.80905,1.60,1.04
2012.09.21 05:37:25.742,0.80872,0.80903,1.60,1.04
2012.09.21 05:37:27.665,0.80874,0.80908,1.22,1.04
2012.09.21 05:37:27.794,0.80877,0.80908,1.22,1.04
2012.09.21 05:37:30.434,0.80877,0.80908,1.22,1.04
2012.09.21 05:37:31.984,0.80871,0.80898,1.07,1.04
2012.09.21 05:37:32.644,0.80869,0.80904,1.22,1.64
2012.09.21 05:37:32.726,0.80867,0.80898,1.22,1.04
2012.09.21 05:37:34.906,0.80867,0.80898,1.22,1.04
2012.09.21 05:37:40.516,0.80867,0.80898,1.22,1.04
2012.09.21 05:37:40.865,0.80868,0.80905,1.22,1.26
2012.09.21 05:37:40.995,0.80874,0.80909,1.35,1.26
2012.09.21 05:37:41.192,0.80876,0.80909,1.22,1.04
2012.09.21 05:37:49.595,0.80871,0.80904,1.22,1.04
2012.09.21 05:37:49.664,0.80871,0.80904,1.22,1.04
2012.09.21 05:37:50.182,0.80871,0.80904,1.22,1.04
2012.09.21 05:37:50.533,0.80871,0.80904,1.22,1.04
2012.09.21 05:37:55.709,0.80871,0.80904,1.22,1.04
2012.09.21 05:37:56.686,0.80871,0.80904,1.22,1.04
2012.09.21 05:37:57.348,0.80871,0.80904,1.22,1.04
2012.09.21 05:37:58.337,0.80871,0.80904,1.22,1.04
2012.09.21 05:37:59.708,0.80871,0.80904,1.22,1.04
2012.09.21 05:38:00.473,0.80871,0.80904,1.22,1.04
2012.09.21 05:38:05.165,0.80868,0.809,1.45,1.04
2012.09.21 05:38:05.519,0.8087,0.80903,1.22,1.04
2012.09.21 05:38:05.595,0.80869,0.80903,1.22,1.04
2012.09.21 05:38:05.665,0.80866,0.80899,1.22,1.04
2012.09.21 05:38:05.734,0.80866,0.80899,1.22,1.04
2012.09.21 05:38:08.340,0.80866,0.80899,1.22,1.04
2012.09.21 05:38:08.474,0.80866,0.80899,1.22,1.04
2012.09.21 05:38:09.002,0.80864,0.80899,1.22,1.64
2012.09.21 05:38:20.944,0.80862,0.80893,1.22,1.04
2012.09.21 05:38:21.147,0.80851,0.80889,1.82,1.04
2012.09.21 05:38:21.290,0.80851,0.80889,1.45,1.04
2012.09.21 05:38:21.747,0.80851,0.80889,1.22,1.04
2012.09.21 05:38:22.984,0.80856,0.80892,1.22,1.04
2012.09.21 05:38:23.056,0.80859,0.8089,1.22,1.04
2012.09.21 05:38:23.135,0.80857,0.8089,1.22,1.04
2012.09.21 05:38:23.325,0.80859,0.80893,1.22,1.04
2012.09.21 05:38:23.830,0.80856,0.80893,1.22,1.04
2012.09.21 05:38:23.965,0.80864,0.80896,1.22,1.04
2012.09.21 05:38:25.083,0.80861,0.80894,1.22,1.41
2012.09.21 05:38:27.923,0.80863,0.80897,1.22,1.04
2012.09.21 05:38:29.453,0.80856,0.80891,1.82,1.04
2012.09.21 05:38:29.584,0.80855,0.80889,1.22,1.04
2012.09.21 05:38:30.415,0.80856,0.80889,1.22,1.04
2012.09.21 05:38:31.388,0.80856,0.80889,1.22,1.41
2012.09.21 05:38:33.432,0.80856,0.80889,1.22,1.41
2012.09.21 05:38:33.982,0.80856,0.80889,1.22,1.41
2012.09.21 05:38:34.486,0.80855,0.80889,1.22,1.41
2012.09.21 05:38:35.036,0.80856,0.80889,1.22,1.41
2012.09.21 05:38:35.393,0.80856,0.80889,1.22,1.79
2012.09.21 05:38:38.105,0.80856,0.80889,1.22,1.41
2012.09.21 05:38:40.427,0.80856,0.80889,1.22,1.04
2012.09.21 05:38:42.074,0.80856,0.80889,1.22,1.04
2012.09.21 05:38:48.483,0.80857,0.80894,1.22,1.04
2012.09.21 05:38:48.613,0.8086,0.80894,1.22,1.04
2012.09.21 05:38:48.684,0.80863,0.80897,1.35,1.04
2012.09.21 05:38:48.814,0.80867,0.80898,1.22,1.04
2012.09.21 05:38:50.109,0.80867,0.80898,1.22,1.04
2012.09.21 05:38:50.444,0.80869,0.80908,1.60,1.64
2012.09.21 05:38:50.526,0.80877,0.80913,1.22,1.79
2012.09.21 05:38:50.649,0.80876,0.80909,1.22,1.41
2012.09.21 05:38:51.213,0.80876,0.80909,1.22,1.04
2012.09.21 05:38:51.738,0.80872,0.80904,1.22,1.04
2012.09.21 05:38:56.675,0.80872,0.80903,1.22,1.04
2012.09.21 05:38:56.744,0.80872,0.80903,1.22,1.04
2012.09.21 05:38:57.276,0.80872,0.80903,1.22,1.04
2012.09.21 05:38:59.435,0.80869,0.80903,1.22,1.04
2012.09.21 05:38:59.563,0.80867,0.80901,1.22,1.04
2012.09.21 05:38:59.694,0.80872,0.80903,1.22,1.04
2012.09.21 05:38:59.883,0.80872,0.80903,1.60,1.04
2012.09.21 05:39:01.367,0.8087,0.80903,1.22,1.04
2012.09.21 05:39:01.632,0.80872,0.80903,1.22,1.04
2012.09.21 05:39:01.844,0.80872,0.80903,1.22,1.04
2012.09.21 05:39:04.195,0.80861,0.80894,1.60,1.04
2012.09.21 05:39:04.505,0.80857,0.80894,1.60,1.04
2012.09.21 05:39:04.645,0.80857,0.80889,1.60,1.04
2012.09.21 05:39:05.257,0.80857,0.8089,1.60,1.04
2012.09.21 05:39:05.908,0.80857,0.80889,1.60,1.04
2012.09.21 05:39:10.073,0.80857,0.8089,1.60,1.04
2012.09.21 05:39:10.983,0.80857,0.80889,1.60,1.04
2012.09.21 05:39:11.064,0.80857,0.8089,1.60,1.04
2012.09.21 05:39:15.233,0.80855,0.80888,1.22,1.04
2012.09.21 05:39:15.704,0.8085,0.80884,1.22,1.04
2012.09.21 05:39:19.543,0.80852,0.80885,1.22,1.04
2012.09.21 05:39:20.543,0.80852,0.80885,1.22,1.04
2012.09.21 05:39:30.312,0.80852,0.80884,1.60,1.04
2012.09.21 05:39:31.476,0.80846,0.80881,1.60,1.04
2012.09.21 05:39:33.407,0.80856,0.80888,1.22,1.64
2012.09.21 05:39:33.535,0.80857,0.80888,1.22,1.04
2012.09.21 05:39:33.829,0.80857,0.80891,1.22,1.04
2012.09.21 05:39:33.904,0.80862,0.80893,1.22,1.04
2012.09.21 05:39:34.153,0.80862,0.80893,1.22,1.04
2012.09.21 05:39:34.584,0.80861,0.80894,1.22,1.04
2012.09.21 05:39:35.063,0.80862,0.80893,1.22,1.04
2012.09.21 05:39:35.392,0.80856,0.80889,1.22,1.04
2012.09.21 05:39:36.704,0.80861,0.80894,1.22,1.04
2012.09.21 05:39:37.794,0.80861,0.80894,1.22,1.04
2012.09.21 05:39:37.925,0.80856,0.80889,1.60,1.04
2012.09.21 05:39:38.086,0.80856,0.80889,1.60,1.04
2012.09.21 05:39:40.519,0.80856,0.80889,1.22,1.04
2012.09.21 05:39:42.153,0.80852,0.80885,1.60,1.04
2012.09.21 05:39:42.285,0.80852,0.80883,1.60,1.04
2012.09.21 05:39:44.077,0.80854,0.80889,1.22,1.04
2012.09.21 05:39:44.254,0.80856,0.80889,1.22,1.04
2012.09.21 05:39:44.384,0.80856,0.80889,1.22,1.04
2012.09.21 05:39:44.996,0.80861,0.80894,1.22,1.04
2012.09.21 05:39:48.813,0.80856,0.80889,1.60,1.04
2012.09.21 05:39:48.885,0.80852,0.80884,1.60,1.04
2012.09.21 05:39:49.133,0.80852,0.80883,1.22,1.04
2012.09.21 05:39:49.204,0.80856,0.80889,1.22,1.04
2012.09.21 05:39:49.847,0.80856,0.80894,1.22,1.04
2012.09.21 05:39:50.102,0.80858,0.80894,1.22,1.04
2012.09.21 05:39:50.346,0.80856,0.80889,1.22,1.04
2012.09.21 05:39:50.545,0.80855,0.80889,1.22,1.04
2012.09.21 05:39:57.436,0.80852,0.80883,1.22,1.04
2012.09.21 05:40:00.015,0.80852,0.80883,1.22,1.04
2012.09.21 05:40:00.522,0.80852,0.80883,1.22,1.04
2012.09.21 05:40:01.061,0.80852,0.80883,1.22,1.04
2012.09.21 05:40:11.186,0.80847,0.80879,1.60,1.04
2012.09.21 05:40:11.314,0.80847,0.80878,1.60,1.04
2012.09.21 05:40:11.607,0.80851,0.80884,1.22,1.04
2012.09.21 05:40:22.213,0.80851,0.80884,1.22,1.04
2012.09.21 05:40:30.223,0.80847,0.80878,1.60,1.04
2012.09.21 05:40:30.665,0.80847,0.80878,1.60,1.04
2012.09.21 05:40:33.347,0.80847,0.80878,1.60,1.04
2012.09.21 05:40:35.935,0.80847,0.80878,1.22,1.04
2012.09.21 05:40:38.565,0.80851,0.80884,1.22,1.04
2012.09.21 05:40:40.276,0.80851,0.80884,1.22,1.04
2012.09.21 05:40:42.734,0.80846,0.80879,1.60,1.04
2012.09.21 05:40:50.507,0.80846,0.80879,1.22,1.04
2012.09.21 05:40:54.805,0.80846,0.80879,1.22,1.04
2012.09.21 05:40:55.365,0.80851,0.8088,1.22,1.04
2012.09.21 05:40:57.803,0.80846,0.80879,1.22,1.41
2012.09.21 05:40:59.397,0.80846,0.80879,1.22,1.41
2012.09.21 05:41:00.425,0.8085,0.80884,1.22,2.54
2012.09.21 05:41:00.614,0.80846,0.80879,1.22,1.79
2012.09.21 05:41:01.665,0.80849,0.80883,1.22,1.41
2012.09.21 05:41:02.444,0.8085,0.80883,1.22,1.41
2012.09.21 05:41:18.535,0.80852,0.80883,1.22,1.41
2012.09.21 05:41:20.518,0.80852,0.80883,1.22,1.04
2012.09.21 05:41:39.196,0.80847,0.80878,1.22,1.04
2012.09.21 05:41:40.298,0.80847,0.80878,1.22,1.04
2012.09.21 05:41:40.433,0.80847,0.80878,1.22,1.04
2012.09.21 05:41:41.625,0.80842,0.80874,1.22,1.04
2012.09.21 05:41:43.926,0.80842,0.80874,1.22,1.04
2012.09.21 05:41:47.115,0.80842,0.80873,1.22,1.04
2012.09.21 05:41:51.059,0.80842,0.80873,1.22,1.04
2012.09.21 05:41:57.443,0.80844,0.80879,1.22,1.41
2012.09.21 05:41:58.453,0.80845,0.80879,1.22,1.41
2012.09.21 05:41:59.354,0.80841,0.80874,1.22,1.04
2012.09.21 05:41:59.695,0.80841,0.80874,1.22,1.04
2012.09.21 05:42:08.428,0.80841,0.80874,1.22,1.04
2012.09.21 05:42:08.725,0.80836,0.80869,2.57,1.04
2012.09.21 05:42:09.877,0.80841,0.80873,1.22,1.04
2012.09.21 05:42:10.094,0.80842,0.80873,1.22,1.04
2012.09.21 05:42:10.757,0.80842,0.80873,1.22,1.04
2012.09.21 05:42:20.394,0.80842,0.80873,1.22,1.04
2012.09.21 05:42:28.174,0.80844,0.80878,1.22,1.41
2012.09.21 05:42:28.305,0.80847,0.80878,1.22,1.04
2012.09.21 05:42:28.563,0.80849,0.80881,1.22,1.26
2012.09.21 05:42:28.746,0.80851,0.80883,1.22,1.04
2012.09.21 05:42:29.296,0.80848,0.80884,1.22,1.41
2012.09.21 05:42:29.364,0.80846,0.80879,1.22,1.04
2012.09.21 05:42:29.436,0.80846,0.80879,1.22,1.41
2012.09.21 05:42:29.958,0.80837,0.80868,1.22,1.04
2012.09.21 05:42:30.036,0.80836,0.80868,1.22,1.41
2012.09.21 05:42:30.564,0.80832,0.80863,1.22,1.41
2012.09.21 05:42:30.888,0.80832,0.80863,1.22,1.41
2012.09.21 05:42:33.854,0.80831,0.80864,1.22,1.41
2012.09.21 05:42:34.598,0.80826,0.80864,1.13,1.41
2012.09.21 05:42:34.675,0.80821,0.80854,1.60,1.04
2012.09.21 05:42:34.803,0.80821,0.80854,1.60,1.04
2012.09.21 05:42:35.135,0.80824,0.80858,1.22,1.04
2012.09.21 05:42:35.205,0.80821,0.80854,1.60,1.04
2012.09.21 05:42:40.400,0.80821,0.80854,1.22,1.41
2012.09.21 05:42:43.445,0.80823,0.80857,1.22,1.79
2012.09.21 05:42:43.574,0.80825,0.80858,1.22,1.79
2012.09.21 05:42:46.706,0.80825,0.80858,1.22,1.79
2012.09.21 05:42:46.905,0.80828,0.80862,1.22,1.04
2012.09.21 05:42:49.835,0.8083,0.80861,1.22,1.04
2012.09.21 05:42:50.434,0.80831,0.80861,1.22,1.04
2012.09.21 05:42:53.686,0.80831,0.80861,1.22,1.04
2012.09.21 05:42:53.823,0.80831,0.80861,1.22,1.04
2012.09.21 05:42:58.884,0.80831,0.80862,1.22,1.79
2012.09.21 05:42:59.526,0.80835,0.80865,1.22,1.26
2012.09.21 05:42:59.607,0.80831,0.80863,1.22,1.04
2012.09.21 05:42:59.675,0.80831,0.80863,1.22,1.04
2012.09.21 05:43:00.413,0.80831,0.80863,1.22,1.04
2012.09.21 05:43:01.635,0.8083,0.80862,1.22,1.79
2012.09.21 05:43:10.513,0.80831,0.80862,1.22,1.04
2012.09.21 05:43:14.132,0.80831,0.80862,1.22,1.04
2012.09.21 05:43:19.523,0.80831,0.80862,1.22,1.04
2012.09.21 05:43:22.595,0.80831,0.80862,1.22,1.04
2012.09.21 05:43:25.404,0.80835,0.80866,1.22,1.79
2012.09.21 05:43:26.144,0.80836,0.80868,1.22,1.41
2012.09.21 05:43:30.514,0.80837,0.80868,1.22,1.41
2012.09.21 05:43:39.534,0.80836,0.80868,1.22,1.04
2012.09.21 05:43:39.727,0.80837,0.80868,1.22,1.04
2012.09.21 05:43:40.127,0.80839,0.80873,1.22,1.41
2012.09.21 05:43:40.277,0.8084,0.80873,1.22,1.04
2012.09.21 05:44:00.498,0.80841,0.80873,1.22,1.41
2012.09.21 05:44:01.434,0.80843,0.80874,1.22,1.04
2012.09.21 05:44:06.225,0.80844,0.80877,1.22,1.04
2012.09.21 05:44:09.625,0.80842,0.80873,1.22,1.04
2012.09.21 05:44:09.874,0.80841,0.80876,1.22,1.04
2012.09.21 05:44:11.556,0.80841,0.80874,1.22,1.41
2012.09.21 05:44:11.826,0.80839,0.80874,1.22,1.41
2012.09.21 05:44:13.146,0.80839,0.80873,1.22,1.79
2012.09.21 05:44:13.476,0.80841,0.80875,1.22,1.26
2012.09.21 05:44:15.566,0.80843,0.80878,1.22,1.41
2012.09.21 05:44:16.117,0.80845,0.80878,1.22,1.04
2012.09.21 05:44:18.785,0.80842,0.80878,1.22,1.41
2012.09.21 05:44:19.143,0.80843,0.80878,1.22,1.41
2012.09.21 05:44:20.527,0.80845,0.80878,1.22,1.41
2012.09.21 05:44:50.527,0.80846,0.80878,1.22,1.04
2012.09.21 05:45:16.360,0.80844,0.80881,1.07,1.04
2012.09.21 05:45:20.434,0.80844,0.80881,1.07,1.04
2012.09.21 05:45:20.563,0.80836,0.80877,1.45,1.26
2012.09.21 05:45:20.765,0.8084,0.80871,1.22,1.26
2012.09.21 05:45:21.084,0.8084,0.80878,1.22,1.41
2012.09.21 05:45:21.156,0.80843,0.80878,1.22,1.41
2012.09.21 05:45:21.685,0.80841,0.80874,1.22,1.41
2012.09.21 05:45:21.754,0.80841,0.80874,1.22,1.41
2012.09.21 05:45:30.411,0.80839,0.80874,1.22,1.79
2012.09.21 05:45:56.445,0.8084,0.80873,1.22,1.04
2012.09.21 05:45:56.574,0.8084,0.80873,1.22,1.04
2012.09.21 05:46:22.199,0.8083,0.80873,1.07,1.04
2012.09.21 05:46:30.428,0.8083,0.80873,1.07,1.04
2012.09.21 05:46:31.333,0.80829,0.80873,1.07,1.04
2012.09.21 05:46:31.653,0.80829,0.80873,1.07,1.04
2012.09.21 05:46:32.207,0.80835,0.80868,1.22,1.04
2012.09.21 05:46:33.606,0.80835,0.80868,1.22,1.04
2012.09.21 05:46:34.746,0.80835,0.80872,1.22,1.04
2012.09.21 05:46:35.366,0.80839,0.80874,1.22,1.79
2012.09.21 05:46:35.558,0.80839,0.80874,1.22,1.04
2012.09.21 05:46:35.704,0.80842,0.80874,1.22,1.04
2012.09.21 05:46:35.965,0.80842,0.80873,1.22,1.04
2012.09.21 05:46:36.034,0.8084,0.80873,1.60,1.04
2012.09.21 05:46:37.084,0.80841,0.80873,1.22,1.04
2012.09.21 05:46:38.527,0.8084,0.80873,1.22,1.04
2012.09.21 05:46:40.066,0.8084,0.80873,1.22,1.04
2012.09.21 05:46:40.398,0.80841,0.80878,1.22,1.41
2012.09.21 05:46:40.524,0.80843,0.80878,1.22,1.41
2012.09.21 05:46:46.995,0.80843,0.80883,1.60,1.41
2012.09.21 05:46:47.125,0.80847,0.80883,1.22,1.41
2012.09.21 05:46:48.027,0.80848,0.80883,1.22,1.41
2012.09.21 05:46:48.373,0.8085,0.80887,1.22,1.04
2012.09.21 05:46:48.446,0.80854,0.80887,1.22,1.04
2012.09.21 05:46:53.944,0.80853,0.80891,1.22,1.04
2012.09.21 05:46:54.035,0.80855,0.80891,1.22,1.04
2012.09.21 05:46:55.146,0.80855,0.80889,1.22,1.41
2012.09.21 05:46:55.274,0.80853,0.80889,1.22,1.41
2012.09.21 05:46:56.088,0.80852,0.80891,1.22,1.04
2012.09.21 05:46:56.154,0.80852,0.80891,1.22,1.04
2012.09.21 05:46:56.354,0.80856,0.80891,1.22,1.04
2012.09.21 05:47:10.442,0.80856,0.80891,1.22,1.04
2012.09.21 05:47:20.605,0.80853,0.80891,1.22,1.04
2012.09.21 05:47:25.705,0.80853,0.80888,1.22,1.41
2012.09.21 05:47:26.341,0.80852,0.80888,1.22,1.41
2012.09.21 05:47:28.128,0.80852,0.80883,1.22,1.04
2012.09.21 05:47:28.265,0.8085,0.80883,1.22,1.04
2012.09.21 05:47:33.627,0.80848,0.80889,1.22,1.64
2012.09.21 05:47:33.754,0.80851,0.80889,1.22,1.41
2012.09.21 05:47:35.392,0.8085,0.80889,1.22,1.41
2012.09.21 05:47:36.426,0.80851,0.80883,1.22,1.04
2012.09.21 05:47:40.184,0.80846,0.80883,1.60,1.04
2012.09.21 05:47:43.299,0.80847,0.80883,1.22,1.04
2012.09.21 05:47:44.903,0.80846,0.80883,1.22,1.04
2012.09.21 05:47:50.560,0.80847,0.80883,1.22,1.04
2012.09.21 05:47:53.994,0.80847,0.80883,1.22,1.04
2012.09.21 05:47:55.836,0.80848,0.80883,1.22,1.04
2012.09.21 05:47:57.485,0.80847,0.80883,1.22,1.04
2012.09.21 05:47:57.815,0.80848,0.80883,1.22,1.04
2012.09.21 05:48:00.055,0.80848,0.80885,1.22,1.04
2012.09.21 05:48:00.185,0.80851,0.80885,1.22,1.04
2012.09.21 05:48:00.315,0.80851,0.80885,1.22,1.04
2012.09.21 05:48:00.976,0.80851,0.80888,1.22,1.79
2012.09.21 05:48:02.877,0.80851,0.80888,1.22,1.79
2012.09.21 05:48:08.048,0.80852,0.80888,1.22,1.04
2012.09.21 05:48:08.176,0.80851,0.80884,1.22,1.04
2012.09.21 05:48:08.837,0.80851,0.80884,1.22,1.04
2012.09.21 05:48:09.107,0.80846,0.80881,1.60,1.04
2012.09.21 05:48:09.174,0.80846,0.80879,1.60,1.04
2012.09.21 05:48:09.456,0.80845,0.80879,1.22,1.04
2012.09.21 05:48:10.440,0.80845,0.80879,1.22,1.04
2012.09.21 05:48:17.494,0.80846,0.80879,1.22,1.04
2012.09.21 05:48:30.686,0.80846,0.80879,1.22,1.04
2012.09.21 05:48:32.462,0.80846,0.80879,1.22,1.04
2012.09.21 05:48:33.987,0.80846,0.80879,1.22,1.04
2012.09.21 05:48:34.317,0.80846,0.80879,1.22,1.04
2012.09.21 05:48:36.761,0.80846,0.80879,1.22,1.04
2012.09.21 05:48:44.875,0.80846,0.80879,1.22,1.04
2012.09.21 05:48:55.327,0.80846,0.80879,1.22,1.04
2012.09.21 05:49:00.397,0.80846,0.80879,1.22,1.04
2012.09.21 05:49:10.411,0.80838,0.80883,1.07,1.04
2012.09.21 05:49:20.399,0.80838,0.80883,1.07,1.04
2012.09.21 05:49:29.434,0.8085,0.80884,1.22,1.41
2012.09.21 05:49:29.785,0.80853,0.80889,1.22,1.41
2012.09.21 05:49:30.506,0.80852,0.80889,1.22,1.41
2012.09.21 05:49:40.516,0.80853,0.80889,1.22,1.41
2012.09.21 05:49:59.550,0.80851,0.80889,1.22,1.41
2012.09.21 05:49:59.885,0.80846,0.80879,1.22,1.04
2012.09.21 05:50:00.054,0.80846,0.80879,1.22,1.04
2012.09.21 05:50:00.594,0.80846,0.80879,1.22,1.04
2012.09.21 05:50:09.975,0.80847,0.80883,1.22,1.41
2012.09.21 05:50:10.045,0.80849,0.80883,1.22,1.04
2012.09.21 05:50:20.538,0.8085,0.80883,1.22,1.04
2012.09.21 05:50:41.466,0.80846,0.80879,1.22,1.04
2012.09.21 05:50:41.665,0.80847,0.80884,1.22,1.41
2012.09.21 05:50:42.235,0.80848,0.80884,1.22,1.41
2012.09.21 05:50:44.514,0.80849,0.80884,1.22,1.79
2012.09.21 05:50:44.745,0.80851,0.80884,1.22,1.79
2012.09.21 05:50:47.536,0.80851,0.80884,1.22,1.04
2012.09.21 05:50:52.497,0.80849,0.80884,1.60,1.04
2012.09.21 05:50:53.107,0.8085,0.80884,1.22,1.41
2012.09.21 05:51:00.518,0.80851,0.80884,1.22,1.04
2012.09.21 05:51:10.723,0.80851,0.80884,1.22,1.04
2012.09.21 05:51:12.295,0.80849,0.80884,1.22,1.41
2012.09.21 05:51:20.426,0.8085,0.80884,1.22,1.41
2012.09.21 05:51:40.557,0.80847,0.80878,1.22,1.04
2012.09.21 05:51:41.985,0.80847,0.80878,1.22,1.04
2012.09.21 05:51:44.545,0.80848,0.80887,1.13,1.26
2012.09.21 05:51:44.674,0.80851,0.80884,1.22,1.41
2012.09.21 05:51:44.744,0.80851,0.80884,1.22,1.41
2012.09.21 05:51:44.993,0.80847,0.80878,1.60,1.04
2012.09.21 05:51:45.064,0.80847,0.80878,1.60,1.04
2012.09.21 05:51:45.839,0.80847,0.80878,1.22,1.04
2012.09.21 05:51:46.094,0.80846,0.80878,1.22,1.04
2012.09.21 05:51:50.468,0.80845,0.80878,1.22,1.04
2012.09.21 05:52:00.569,0.80846,0.80878,1.22,1.04
2012.09.21 05:52:10.558,0.80845,0.80878,1.22,1.04
2012.09.21 05:52:39.995,0.80841,0.80874,1.97,1.04
2012.09.21 05:52:40.187,0.8084,0.80868,1.22,1.04
2012.09.21 05:52:40.376,0.80837,0.80868,1.60,1.04
2012.09.21 05:52:41.137,0.80837,0.80868,1.60,1.04
2012.09.21 05:52:51.355,0.80837,0.80868,1.60,1.04
2012.09.21 05:52:53.045,0.80837,0.80868,1.60,1.04
2012.09.21 05:52:58.356,0.80837,0.80868,1.22,1.04
2012.09.21 05:52:58.517,0.80837,0.80868,1.22,1.04
2012.09.21 05:53:00.176,0.80837,0.80868,1.22,1.04
2012.09.21 05:53:00.852,0.80837,0.80868,1.22,1.04
2012.09.21 05:53:00.960,0.80837,0.80868,1.22,1.04
2012.09.21 05:53:02.305,0.80837,0.80868,1.22,1.04
2012.09.21 05:53:10.507,0.80836,0.80868,1.22,1.04
2012.09.21 05:53:20.517,0.80837,0.80868,1.22,1.04
2012.09.21 05:53:30.520,0.80836,0.80868,1.22,1.04
2012.09.21 05:53:43.069,0.8083,0.80873,1.22,1.04
2012.09.21 05:54:09.297,0.80831,0.80873,1.22,1.04
2012.09.21 05:54:09.516,0.80831,0.80873,1.22,1.04
2012.09.21 05:54:17.584,0.80832,0.80874,1.22,1.04
2012.09.21 05:54:18.126,0.80837,0.80868,1.60,1.04
2012.09.21 05:54:18.629,0.80837,0.80868,1.22,1.04
2012.09.21 05:54:18.816,0.80834,0.80868,1.22,1.04
2012.09.21 05:54:19.175,0.80832,0.80863,1.60,1.04
2012.09.21 05:54:19.344,0.80832,0.80863,1.13,1.04
2012.09.21 05:54:19.849,0.80832,0.80869,1.13,1.64
2012.09.21 05:54:19.926,0.80832,0.80863,1.60,1.04
2012.09.21 05:54:19.994,0.80832,0.80863,1.60,1.04
2012.09.21 05:54:20.407,0.80834,0.80866,1.22,1.04
2012.09.21 05:54:20.665,0.80831,0.80864,1.60,1.41
2012.09.21 05:54:20.795,0.80831,0.80864,1.60,1.41
2012.09.21 05:54:28.827,0.80832,0.80864,1.13,1.04
2012.09.21 05:54:29.117,0.80832,0.80864,1.60,1.04
2012.09.21 05:54:32.435,0.80826,0.80859,1.45,1.13
2012.09.21 05:54:32.566,0.80826,0.80859,1.22,1.41
2012.09.21 05:54:32.884,0.8083,0.80863,1.22,1.41
2012.09.21 05:54:33.904,0.80831,0.80864,1.13,1.79
2012.09.21 05:54:33.978,0.80832,0.80863,1.13,1.41
2012.09.21 05:54:35.049,0.80832,0.80863,1.13,1.41
2012.09.21 05:54:37.186,0.80827,0.80858,1.22,1.04
2012.09.21 05:54:37.375,0.80827,0.80858,1.22,1.04
2012.09.21 05:54:44.254,0.80826,0.80858,1.22,1.04
2012.09.21 05:54:50.540,0.80826,0.80858,1.22,1.04
2012.09.21 05:54:52.876,0.80822,0.80854,1.60,1.04
2012.09.21 05:54:53.283,0.80827,0.80858,1.22,1.04
2012.09.21 05:54:56.907,0.80827,0.80858,1.22,1.04
2012.09.21 05:54:57.465,0.80825,0.80858,1.22,1.04
2012.09.21 05:55:03.177,0.80827,0.80858,1.22,1.41
2012.09.21 05:55:04.677,0.80826,0.80858,1.22,1.41
2012.09.21 05:55:05.287,0.80827,0.80858,1.22,1.41
2012.09.21 05:55:05.998,0.80826,0.80858,1.22,1.41
2012.09.21 05:55:08.226,0.80827,0.80858,1.22,1.41
2012.09.21 05:55:10.447,0.80827,0.80858,1.22,1.41
2012.09.21 05:55:12.916,0.80822,0.80854,1.22,1.04
2012.09.21 05:55:13.225,0.80826,0.80859,1.22,1.41
2012.09.21 05:55:13.625,0.80822,0.80856,1.22,1.04
2012.09.21 05:55:20.326,0.80827,0.80858,1.22,1.41
2012.09.21 05:55:22.917,0.80827,0.80858,1.22,1.41
2012.09.21 05:55:32.137,0.80827,0.80855,1.22,1.26
2012.09.21 05:55:32.326,0.80812,0.80843,1.60,1.04
2012.09.21 05:55:32.587,0.80816,0.80849,1.22,1.41
2012.09.21 05:55:32.655,0.8082,0.80849,1.22,1.04
2012.09.21 05:55:32.785,0.80825,0.80858,1.13,1.49
2012.09.21 05:55:32.985,0.80818,0.8085,1.97,1.04
2012.09.21 05:55:33.516,0.80821,0.80854,1.60,1.04
2012.09.21 05:55:34.405,0.80818,0.80851,1.97,1.04
2012.09.21 05:55:34.535,0.80817,0.80849,1.60,1.04
2012.09.21 05:55:37.797,0.80817,0.80848,1.60,1.04
2012.09.21 05:55:38.716,0.80812,0.80845,1.97,1.04
2012.09.21 05:55:38.845,0.80811,0.80844,1.60,1.04
2012.09.21 05:55:41.427,0.80811,0.80844,1.60,1.04
2012.09.21 05:55:47.604,0.80811,0.80845,1.60,1.04
2012.09.21 05:55:47.864,0.80816,0.80849,1.22,1.41
2012.09.21 05:55:47.935,0.80816,0.80849,1.60,1.04
2012.09.21 05:55:51.896,0.80817,0.80849,1.97,1.04
2012.09.21 05:56:11.035,0.80816,0.8085,1.60,1.04
2012.09.21 05:56:20.551,0.80816,0.80851,1.60,1.04
2012.09.21 05:56:48.312,0.80815,0.80854,1.97,1.64
2012.09.21 05:56:51.120,0.80815,0.80854,1.97,1.64
2012.09.21 05:56:51.614,0.80813,0.80854,1.97,1.64
2012.09.21 05:57:01.345,0.80817,0.80854,1.22,1.64
2012.09.21 05:57:33.595,0.80815,0.80853,1.97,1.04
2012.09.21 05:57:33.925,0.80813,0.80848,1.22,1.04
2012.09.21 05:57:33.998,0.80813,0.80844,1.22,1.04
2012.09.21 05:57:34.328,0.80813,0.80843,1.22,1.04
2012.09.21 05:57:35.005,0.80812,0.80843,1.60,1.04
2012.09.21 05:57:36.310,0.80812,0.80843,1.60,1.04
2012.09.21 05:57:37.298,0.80812,0.80843,1.60,1.04
2012.09.21 05:57:37.857,0.80812,0.80843,1.60,1.04
2012.09.21 05:57:40.157,0.80812,0.80843,1.60,1.04
2012.09.21 05:57:40.926,0.80812,0.80843,1.60,1.04
2012.09.21 05:57:50.535,0.80812,0.80843,1.60,1.04
2012.09.21 05:58:00.857,0.80812,0.80845,1.60,1.04
2012.09.21 05:58:20.452,0.80812,0.80845,1.60,1.04
2012.09.21 05:58:34.008,0.8081,0.8085,2.35,1.26
2012.09.21 05:58:36.937,0.8081,0.8085,1.22,1.26
2012.09.21 05:58:37.487,0.8081,0.8085,1.22,1.26
2012.09.21 05:58:40.508,0.8081,0.8085,1.22,1.26
2012.09.21 05:58:50.506,0.80809,0.80848,1.22,1.04
2012.09.21 05:58:59.198,0.8081,0.80851,2.35,1.26
2012.09.21 05:59:00.774,0.8081,0.80851,2.35,1.26
2012.09.21 05:59:04.891,0.80815,0.80848,1.22,1.41
2012.09.21 05:59:05.236,0.80817,0.80854,1.22,1.79
2012.09.21 05:59:05.305,0.8082,0.80854,1.22,1.79
2012.09.21 05:59:06.028,0.80821,0.80854,1.22,1.41
2012.09.21 05:59:08.014,0.80822,0.80856,1.22,1.41
2012.09.21 05:59:08.088,0.80826,0.80859,1.22,1.41
2012.09.21 05:59:08.715,0.80826,0.80859,1.22,1.41
2012.09.21 05:59:15.476,0.80826,0.80859,1.22,1.13
2012.09.21 05:59:16.688,0.80826,0.80859,1.22,1.41
2012.09.21 05:59:19.437,0.80826,0.80859,1.22,1.41
2012.09.21 05:59:21.965,0.80822,0.80857,1.60,1.13
2012.09.21 05:59:22.476,0.80822,0.80856,1.22,1.13
2012.09.21 05:59:24.081,0.80822,0.80853,1.22,1.13
2012.09.21 05:59:24.837,0.80822,0.80854,1.60,1.04
2012.09.21 05:59:28.248,0.80822,0.80853,1.60,1.04
2012.09.21 05:59:28.316,0.80818,0.80852,1.60,1.04
2012.09.21 05:59:28.845,0.80818,0.8085,1.22,1.04
2012.09.21 05:59:30.787,0.80819,0.80854,1.60,1.41
2012.09.21 05:59:30.867,0.80821,0.80854,1.60,1.04
2012.09.21 05:59:30.936,0.80818,0.80853,1.22,1.13
2012.09.21 05:59:31.594,0.80818,0.80851,1.22,1.04
2012.09.21 05:59:32.097,0.8082,0.80857,1.60,1.26
2012.09.21 05:59:32.318,0.80827,0.80858,1.22,1.35
2012.09.21 05:59:32.445,0.80824,0.80857,1.22,1.13
2012.09.21 05:59:32.575,0.80824,0.80857,1.22,1.13
2012.09.21 05:59:32.648,0.80826,0.80858,1.13,1.41
2012.09.21 05:59:33.770,0.80827,0.80859,1.60,1.04
2012.09.21 05:59:35.843,0.80827,0.80862,1.60,2.01
2012.09.21 05:59:35.917,0.80833,0.80865,1.13,1.11
2012.09.21 05:59:35.987,0.80833,0.80866,1.60,1.26
2012.09.21 05:59:36.186,0.80829,0.80864,1.22,1.04
2012.09.21 05:59:36.318,0.80827,0.8086,1.60,1.04
2012.09.21 05:59:40.378,0.80827,0.8086,1.97,1.04
2012.09.21 05:59:40.447,0.80831,0.80863,1.13,1.41
2012.09.21 05:59:40.516,0.80832,0.80863,1.22,1.41
2012.09.21 05:59:40.647,0.80829,0.80862,1.22,1.13
2012.09.21 05:59:41.318,0.80828,0.80861,1.22,1.04
2012.09.21 05:59:50.438,0.80826,0.80861,1.60,1.41
2012.09.21 05:59:51.177,0.80826,0.8086,1.60,1.04
2012.09.21 05:59:51.557,0.80826,0.80861,1.60,1.13
2012.09.21 05:59:51.939,0.80834,0.80868,1.13,1.41
2012.09.21 05:59:52.006,0.80835,0.80868,1.22,1.41
2012.09.21 05:59:55.046,0.80837,0.80868,1.13,1.41
2012.09.21 05:59:55.235,0.8084,0.80873,1.13,2.01
2012.09.21 05:59:55.305,0.8084,0.80873,1.13,2.01
2012.09.21 05:59:55.375,0.80836,0.80871,1.97,1.41
2012.09.21 05:59:56.518,0.80836,0.80869,1.60,1.41
