2013.01.17 02:00:00.659,0.82913,0.82948,2.48,1.73
2013.01.17 02:00:00.778,0.82917,0.82948,1.73,1.50
2013.01.17 02:00:01.288,0.82919,0.82948,1.50,1.73
2013.01.17 02:00:01.408,0.82918,0.82948,1.73,1.50
2013.01.17 02:00:01.653,0.82918,0.82947,1.73,1.50
2013.01.17 02:00:02.280,0.82916,0.82944,1.73,1.50
2013.01.17 02:00:03.517,0.82915,0.82944,1.73,1.50
2013.01.17 02:00:19.871,0.82913,0.82944,2.48,1.50
2013.01.17 02:00:21.868,0.82914,0.82942,1.73,1.50
2013.01.17 02:00:24.785,0.82911,0.82941,1.73,1.73
2013.01.17 02:00:40.468,0.82911,0.8294,1.73,1.73
2013.01.17 02:00:43.878,0.82906,0.82935,1.73,1.50
2013.01.17 02:00:44.408,0.82905,0.82929,1.73,1.50
2013.01.17 02:00:44.648,0.82905,0.82936,1.73,1.73
2013.01.17 02:00:45.239,0.82907,0.82937,1.73,1.50
2013.01.17 02:00:45.599,0.82909,0.82939,2.48,1.50
2013.01.17 02:00:48.118,0.82909,0.82937,1.73,1.50
2013.01.17 02:00:48.238,0.82908,0.82934,1.50,1.73
2013.01.17 02:00:48.421,0.82908,0.82934,1.50,1.50
2013.01.17 02:00:48.658,0.82908,0.82937,1.50,1.73
2013.01.17 02:00:48.998,0.82908,0.82938,1.50,1.73
2013.01.17 02:00:49.245,0.82908,0.82935,1.50,1.73
2013.01.17 02:00:49.427,0.82908,0.82937,1.50,1.73
2013.01.17 02:00:49.788,0.82909,0.82936,1.50,1.73
2013.01.17 02:00:49.988,0.82909,0.82938,1.50,1.73
2013.01.17 02:00:50.140,0.82909,0.82938,1.50,1.73
2013.01.17 02:00:53.359,0.82909,0.82938,1.50,1.73
2013.01.17 02:00:53.962,0.82909,0.82941,2.48,1.50
2013.01.17 02:00:54.138,0.82909,0.82941,1.73,1.50
2013.01.17 02:00:55.119,0.82909,0.82941,1.73,1.50
2013.01.17 02:00:55.519,0.82909,0.82941,1.73,1.50
2013.01.17 02:01:02.128,0.82915,0.82948,1.73,1.73
2013.01.17 02:01:02.248,0.82918,0.82949,1.73,1.50
2013.01.17 02:01:02.808,0.82923,0.82953,1.73,1.50
2013.01.17 02:01:03.048,0.82922,0.82953,1.73,1.50
2013.01.17 02:01:03.108,0.82922,0.82954,1.73,1.50
2013.01.17 02:01:03.664,0.82924,0.82954,1.73,1.50
2013.01.17 02:01:05.475,0.82922,0.82954,2.48,1.50
2013.01.17 02:01:05.698,0.82921,0.82954,2.48,1.73
2013.01.17 02:01:05.878,0.82919,0.82949,1.73,1.50
2013.01.17 02:01:10.815,0.82918,0.82949,1.73,1.50
2013.01.17 02:01:14.439,0.82918,0.82948,1.73,1.50
2013.01.17 02:01:15.218,0.82921,0.82951,1.73,1.50
2013.01.17 02:01:16.852,0.82919,0.82949,2.10,1.50
2013.01.17 02:01:17.430,0.82919,0.82953,1.35,1.73
2013.01.17 02:01:17.489,0.82919,0.82953,2.10,1.73
2013.01.17 02:01:20.879,0.82921,0.82951,1.73,1.50
2013.01.17 02:01:20.941,0.82921,0.82951,1.73,1.73
2013.01.17 02:01:22.698,0.82917,0.82948,1.73,1.50
2013.01.17 02:01:25.588,0.82913,0.82945,1.73,1.50
2013.01.17 02:01:27.639,0.82915,0.82945,1.73,1.50
2013.01.17 02:01:28.224,0.82917,0.82945,1.73,1.50
2013.01.17 02:01:31.952,0.82917,0.82946,1.73,1.50
2013.01.17 02:01:44.428,0.82913,0.82944,1.35,1.50
2013.01.17 02:01:44.489,0.82913,0.82942,1.35,1.50
2013.01.17 02:01:44.858,0.82912,0.82939,1.50,1.50
2013.01.17 02:01:47.119,0.82913,0.82939,1.50,1.50
2013.01.17 02:01:58.119,0.82911,0.82939,1.73,1.50
2013.01.17 02:01:59.830,0.82908,0.82939,1.73,1.50
2013.01.17 02:02:00.401,0.82908,0.82939,1.73,1.50
2013.01.17 02:02:01.158,0.82908,0.82946,2.48,3.23
2013.01.17 02:02:01.218,0.82919,0.82947,1.50,1.73
2013.01.17 02:02:01.518,0.82918,0.82949,1.73,1.50
2013.01.17 02:02:02.460,0.82917,0.82948,1.73,1.50
2013.01.17 02:02:10.110,0.82918,0.82947,1.73,1.50
2013.01.17 02:02:10.829,0.82917,0.82947,1.73,1.50
2013.01.17 02:02:15.658,0.82918,0.82945,1.73,1.50
2013.01.17 02:02:15.718,0.82916,0.82945,1.73,1.50
2013.01.17 02:02:15.838,0.82915,0.82945,1.35,1.73
2013.01.17 02:02:16.198,0.82909,0.82944,3.98,1.73
2013.01.17 02:02:16.438,0.82909,0.82941,3.98,1.50
2013.01.17 02:02:16.667,0.82909,0.82939,3.23,1.50
2013.01.17 02:02:17.638,0.82908,0.82939,2.85,1.50
2013.01.17 02:02:17.757,0.82911,0.82943,1.73,1.50
2013.01.17 02:02:17.878,0.82919,0.82947,1.50,1.50
2013.01.17 02:02:18.183,0.82919,0.8295,1.73,1.50
2013.01.17 02:02:18.438,0.82917,0.82944,2.10,1.50
2013.01.17 02:02:18.678,0.82917,0.82943,1.35,1.50
2013.01.17 02:02:18.978,0.82917,0.82943,1.35,1.50
2013.01.17 02:02:19.586,0.82916,0.82948,1.73,1.73
2013.01.17 02:02:19.648,0.82917,0.82948,1.54,1.50
2013.01.17 02:02:20.043,0.82918,0.82948,1.54,1.50
2013.01.17 02:02:21.109,0.82921,0.82952,1.73,1.50
2013.01.17 02:02:21.168,0.82921,0.82949,1.73,1.50
2013.01.17 02:02:21.389,0.82923,0.82949,1.73,1.50
2013.01.17 02:02:21.569,0.82923,0.82948,1.73,1.50
2013.01.17 02:02:21.692,0.82916,0.82944,1.73,1.50
2013.01.17 02:02:22.245,0.82916,0.82944,1.73,1.50
2013.01.17 02:02:22.454,0.82914,0.82944,1.73,1.50
2013.01.17 02:02:25.988,0.82915,0.82945,3.23,1.50
2013.01.17 02:02:26.423,0.82915,0.82945,3.23,1.50
2013.01.17 02:02:32.418,0.8292,0.8295,1.35,1.50
2013.01.17 02:02:32.538,0.82921,0.82951,1.73,2.25
2013.01.17 02:02:34.419,0.82921,0.82951,1.73,1.50
2013.01.17 02:02:42.658,0.8292,0.82949,2.63,1.73
2013.01.17 02:02:42.998,0.8292,0.82949,1.35,1.50
2013.01.17 02:02:43.058,0.8292,0.82949,1.35,1.50
2013.01.17 02:02:43.398,0.8292,0.8295,2.10,1.50
2013.01.17 02:02:43.723,0.82923,0.82955,2.88,1.50
2013.01.17 02:02:44.599,0.82924,0.82955,2.48,1.50
2013.01.17 02:02:45.149,0.82924,0.82955,1.73,1.50
2013.01.17 02:02:47.157,0.82923,0.82955,3.63,1.50
2013.01.17 02:03:00.109,0.82924,0.82959,2.48,1.50
2013.01.17 02:03:00.290,0.82934,0.82961,1.73,1.50
2013.01.17 02:03:00.769,0.82934,0.82964,2.48,1.50
2013.01.17 02:03:03.409,0.82934,0.82964,3.98,1.50
2013.01.17 02:03:03.576,0.82934,0.82964,3.23,1.50
2013.01.17 02:03:03.758,0.82933,0.82962,1.35,1.50
2013.01.17 02:03:04.930,0.82931,0.82958,1.35,1.50
2013.01.17 02:03:05.188,0.82933,0.82964,1.35,1.50
2013.01.17 02:03:05.308,0.82933,0.82964,2.85,1.50
2013.01.17 02:03:09.398,0.82933,0.82963,2.48,1.50
2013.01.17 02:03:14.670,0.82937,0.82968,1.59,1.50
2013.01.17 02:03:14.919,0.82936,0.82966,1.73,1.50
2013.01.17 02:03:15.478,0.82935,0.82964,1.73,1.50
2013.01.17 02:03:23.064,0.82933,0.82964,1.73,1.50
2013.01.17 02:03:23.369,0.82933,0.82961,1.73,1.50
2013.01.17 02:03:23.708,0.82934,0.82964,1.73,1.50
2013.01.17 02:03:28.908,0.82931,0.82962,1.27,1.50
2013.01.17 02:03:30.013,0.8293,0.82962,2.51,1.50
2013.01.17 02:03:30.389,0.8293,0.82964,2.51,1.50
2013.01.17 02:03:30.578,0.8293,0.82964,1.76,1.50
2013.01.17 02:03:30.699,0.8293,0.8296,1.35,1.50
2013.01.17 02:03:32.555,0.82928,0.82959,1.73,1.50
2013.01.17 02:03:32.678,0.82926,0.82955,1.73,1.73
2013.01.17 02:03:32.798,0.82926,0.82954,1.73,1.73
2013.01.17 02:03:33.128,0.82925,0.82954,1.73,1.73
2013.01.17 02:03:33.439,0.82925,0.82954,1.73,1.50
2013.01.17 02:03:33.680,0.82925,0.82954,1.73,1.73
2013.01.17 02:03:35.140,0.82922,0.82952,2.48,1.50
2013.01.17 02:03:36.079,0.82923,0.82953,1.73,1.50
2013.01.17 02:03:36.648,0.82925,0.82955,1.73,1.50
2013.01.17 02:03:37.204,0.82925,0.82955,1.73,1.50
2013.01.17 02:03:38.053,0.82925,0.82959,1.73,1.73
2013.01.17 02:03:43.341,0.82926,0.82955,1.73,1.50
2013.01.17 02:03:59.798,0.82927,0.82959,2.48,1.50
2013.01.17 02:04:00.038,0.82925,0.82955,1.73,1.50
2013.01.17 02:04:35.668,0.82928,0.82959,1.73,1.50
2013.01.17 02:04:36.229,0.82927,0.82959,1.73,1.50
2013.01.17 02:04:43.429,0.82925,0.82955,1.73,1.50
2013.01.17 02:04:43.489,0.82925,0.82955,1.73,1.50
2013.01.17 02:04:43.728,0.82926,0.82958,1.73,2.25
2013.01.17 02:04:43.848,0.82926,0.82958,1.73,1.50
2013.01.17 02:04:44.168,0.82925,0.82954,1.73,1.73
2013.01.17 02:04:44.469,0.82922,0.82955,1.73,1.50
2013.01.17 02:04:44.687,0.82922,0.82952,1.73,1.50
2013.01.17 02:04:44.929,0.82923,0.82953,1.73,1.50
2013.01.17 02:04:44.988,0.82923,0.82954,2.48,1.50
2013.01.17 02:04:45.496,0.82924,0.82954,1.73,1.50
2013.01.17 02:04:48.617,0.82924,0.82954,1.73,1.50
2013.01.17 02:04:48.799,0.8292,0.82952,3.23,1.50
2013.01.17 02:04:49.140,0.8292,0.82947,2.48,1.50
2013.01.17 02:04:49.659,0.8292,0.82947,2.48,1.50
2013.01.17 02:05:34.399,0.82917,0.82949,1.73,1.50
2013.01.17 02:05:34.518,0.8292,0.82952,1.73,1.73
2013.01.17 02:05:37.339,0.8292,0.82952,1.73,1.50
2013.01.17 02:05:37.748,0.8292,0.8295,1.73,1.73
2013.01.17 02:05:52.983,0.82916,0.82948,1.73,1.50
2013.01.17 02:05:56.839,0.82918,0.82949,1.73,1.50
2013.01.17 02:05:59.370,0.82916,0.82948,2.48,1.50
2013.01.17 02:06:09.949,0.82916,0.82948,2.48,1.50
2013.01.17 02:06:10.169,0.82916,0.82948,1.73,1.50
2013.01.17 02:06:11.201,0.82916,0.82948,1.73,1.50
2013.01.17 02:06:12.075,0.82916,0.82948,2.48,1.50
2013.01.17 02:06:25.019,0.82916,0.82948,2.48,1.50
2013.01.17 02:06:30.140,0.82917,0.82948,1.73,1.50
2013.01.17 02:06:59.994,0.82912,0.8295,1.35,1.73
2013.01.17 02:07:00.072,0.82912,0.8295,1.35,1.73
2013.01.17 02:07:19.706,0.82914,0.82949,1.35,1.50
2013.01.17 02:07:24.249,0.82919,0.8295,2.48,1.50
2013.01.17 02:07:31.050,0.82919,0.8295,1.73,1.50
2013.01.17 02:07:31.199,0.82922,0.82953,3.23,1.50
2013.01.17 02:07:31.549,0.8292,0.8295,1.73,1.50
2013.01.17 02:07:31.719,0.82922,0.82953,1.73,1.50
2013.01.17 02:07:41.430,0.82922,0.82948,2.48,1.50
2013.01.17 02:07:41.551,0.82919,0.82948,1.35,1.50
2013.01.17 02:07:41.998,0.82919,0.82948,1.35,1.50
2013.01.17 02:07:47.609,0.82916,0.82944,1.73,1.50
2013.01.17 02:07:47.789,0.82916,0.82946,1.73,1.50
2013.01.17 02:07:47.939,0.82916,0.82949,1.73,1.50
2013.01.17 02:08:39.143,0.82921,0.82953,1.73,1.50
2013.01.17 02:08:42.880,0.82921,0.82948,1.73,1.50
2013.01.17 02:08:46.468,0.8292,0.82948,1.35,1.50
2013.01.17 02:08:46.558,0.8292,0.82944,1.35,1.50
2013.01.17 02:08:46.660,0.8292,0.82944,1.35,1.50
2013.01.17 02:08:46.719,0.8292,0.82944,1.35,1.50
2013.01.17 02:08:48.065,0.82916,0.82949,1.73,1.50
2013.01.17 02:08:48.450,0.82916,0.82944,1.73,1.50
2013.01.17 02:09:09.842,0.82916,0.82949,1.35,1.50
2013.01.17 02:09:25.620,0.82916,0.82944,1.35,1.50
2013.01.17 02:09:31.340,0.82915,0.8294,1.35,1.50
2013.01.17 02:09:32.030,0.82915,0.82943,1.35,1.50
2013.01.17 02:09:47.780,0.82913,0.82951,1.35,1.73
2013.01.17 02:09:51.343,0.82913,0.8295,1.35,1.50
2013.01.17 02:10:03.386,0.82916,0.8295,1.35,1.50
2013.01.17 02:10:13.228,0.82915,0.82943,1.35,1.50
2013.01.17 02:10:20.144,0.82912,0.82943,1.73,1.50
2013.01.17 02:11:03.528,0.82913,0.8295,1.35,1.50
2013.01.17 02:11:09.121,0.82916,0.82941,1.35,1.50
2013.01.17 02:11:10.960,0.82916,0.82941,1.35,1.50
2013.01.17 02:11:32.509,0.82916,0.82938,1.35,1.50
2013.01.17 02:11:33.051,0.82916,0.82941,1.35,1.50
2013.01.17 02:11:39.297,0.82913,0.82943,2.85,1.50
2013.01.17 02:11:44.240,0.82916,0.82944,2.85,1.50
2013.01.17 02:11:44.360,0.82917,0.82944,1.35,1.50
2013.01.17 02:11:45.223,0.82917,0.82948,1.35,1.50
2013.01.17 02:11:47.553,0.82917,0.82944,1.35,1.50
2013.01.17 02:11:52.337,0.82918,0.82944,1.35,1.50
2013.01.17 02:11:52.549,0.82918,0.82944,1.35,1.50
2013.01.17 02:11:53.184,0.82918,0.82944,1.35,1.50
2013.01.17 02:11:53.439,0.82915,0.82944,2.10,1.73
2013.01.17 02:11:55.190,0.82916,0.82948,1.73,1.73
2013.01.17 02:11:55.421,0.82916,0.82939,1.50,1.73
2013.01.17 02:11:55.599,0.8291,0.82939,2.48,1.73
2013.01.17 02:11:55.659,0.82906,0.82933,1.35,1.50
2013.01.17 02:11:55.850,0.82906,0.8293,1.35,1.50
2013.01.17 02:11:55.970,0.82906,0.82934,1.35,1.50
2013.01.17 02:11:56.160,0.82906,0.82933,1.35,1.50
2013.01.17 02:11:56.279,0.82906,0.82933,1.13,1.50
2013.01.17 02:11:56.490,0.82906,0.82934,1.35,1.50
2013.01.17 02:11:58.331,0.82906,0.82938,1.35,1.50
2013.01.17 02:11:58.919,0.82907,0.82938,1.35,1.50
2013.01.17 02:11:59.099,0.82907,0.82938,1.35,1.50
2013.01.17 02:11:59.160,0.82907,0.82939,1.35,1.50
2013.01.17 02:11:59.916,0.82907,0.82939,1.35,1.73
2013.01.17 02:12:03.709,0.82906,0.82939,1.73,1.73
2013.01.17 02:12:04.299,0.82909,0.8294,1.35,1.50
2013.01.17 02:12:12.543,0.82911,0.82939,1.35,1.50
2013.01.17 02:12:12.839,0.82907,0.82934,1.73,1.50
2013.01.17 02:12:13.378,0.82905,0.82934,2.10,1.50
2013.01.17 02:12:14.374,0.82905,0.82929,2.10,1.50
2013.01.17 02:12:14.500,0.82905,0.82929,1.50,1.73
2013.01.17 02:12:14.719,0.82905,0.82935,1.73,1.50
2013.01.17 02:12:14.929,0.82906,0.82931,1.50,1.50
2013.01.17 02:12:17.940,0.82902,0.8293,1.73,1.50
2013.01.17 02:12:17.999,0.82902,0.8293,1.50,1.73
2013.01.17 02:12:18.302,0.82902,0.82932,1.73,1.50
2013.01.17 02:12:18.880,0.82903,0.82932,1.73,1.50
2013.01.17 02:12:20.138,0.82902,0.82931,2.10,1.50
2013.01.17 02:12:20.459,0.82905,0.82934,1.73,1.50
2013.01.17 02:12:20.633,0.82905,0.82934,1.73,1.73
2013.01.17 02:12:20.749,0.82905,0.82934,1.73,1.73
2013.01.17 02:12:20.869,0.82903,0.82933,2.85,1.73
2013.01.17 02:12:20.989,0.82906,0.82935,1.73,1.50
2013.01.17 02:12:21.350,0.82905,0.82934,1.73,1.73
2013.01.17 02:12:21.709,0.82903,0.82933,2.10,1.50
2013.01.17 02:12:21.771,0.82903,0.82933,2.10,1.50
2013.01.17 02:12:21.951,0.82904,0.82935,1.73,1.50
2013.01.17 02:12:22.460,0.82904,0.82935,2.09,1.50
2013.01.17 02:12:24.741,0.82906,0.82935,1.50,1.50
2013.01.17 02:12:25.813,0.82906,0.82935,1.50,1.50
2013.01.17 02:12:29.222,0.82904,0.82935,1.50,1.50
2013.01.17 02:12:29.370,0.82906,0.82935,1.50,1.50
2013.01.17 02:12:30.875,0.82904,0.82935,1.50,1.50
2013.01.17 02:12:31.229,0.82903,0.82929,1.87,1.50
2013.01.17 02:12:31.756,0.82902,0.82929,1.73,1.50
2013.01.17 02:12:38.161,0.829,0.82924,1.73,1.50
2013.01.17 02:12:38.309,0.829,0.82924,1.73,1.50
2013.01.17 02:12:38.670,0.82898,0.82924,1.35,1.50
2013.01.17 02:12:38.890,0.829,0.82927,1.73,1.50
2013.01.17 02:12:39.822,0.82898,0.82926,1.35,1.50
2013.01.17 02:12:41.419,0.82898,0.82926,1.61,1.50
2013.01.17 02:12:47.920,0.82896,0.82924,2.36,1.50
2013.01.17 02:12:48.099,0.82895,0.82924,1.35,1.50
2013.01.17 02:12:48.900,0.82896,0.82924,1.73,1.50
2013.01.17 02:12:49.890,0.82893,0.82921,1.03,1.50
2013.01.17 02:12:49.952,0.82892,0.82921,1.73,1.50
2013.01.17 02:12:51.440,0.82893,0.82921,1.73,1.50
2013.01.17 02:12:51.499,0.82893,0.82921,2.38,1.50
2013.01.17 02:12:53.711,0.82898,0.82928,1.45,1.50
2013.01.17 02:12:53.889,0.82901,0.82931,1.73,1.50
2013.01.17 02:12:54.069,0.82902,0.82931,1.63,1.50
2013.01.17 02:12:57.100,0.82902,0.82931,2.38,1.50
2013.01.17 02:13:00.161,0.82902,0.82931,2.01,1.50
2013.01.17 02:13:08.392,0.82902,0.82931,2.38,1.50
2013.01.17 02:13:08.510,0.82902,0.82929,1.63,1.50
2013.01.17 02:13:08.699,0.82901,0.82929,1.35,1.50
2013.01.17 02:13:10.252,0.82898,0.82929,1.34,1.50
2013.01.17 02:13:10.521,0.82897,0.82926,1.71,1.50
2013.01.17 02:13:11.399,0.82898,0.82924,1.34,1.50
2013.01.17 02:13:11.460,0.82897,0.82924,1.35,1.50
2013.01.17 02:13:17.814,0.82896,0.82924,1.73,1.50
2013.01.17 02:13:18.589,0.82896,0.82924,1.73,1.50
2013.01.17 02:13:25.991,0.82897,0.82928,1.73,1.50
2013.01.17 02:13:26.209,0.82896,0.82925,1.73,1.50
2013.01.17 02:13:26.519,0.82896,0.82925,1.73,1.50
2013.01.17 02:13:28.250,0.82896,0.82925,1.73,1.50
2013.01.17 02:13:30.430,0.82897,0.82927,2.48,1.50
2013.01.17 02:13:30.491,0.82897,0.82927,2.48,1.50
2013.01.17 02:13:32.201,0.82898,0.82928,1.73,1.50
2013.01.17 02:13:34.370,0.82898,0.82927,1.73,1.50
2013.01.17 02:13:34.549,0.82896,0.82924,1.73,1.73
2013.01.17 02:13:34.641,0.82896,0.82924,1.73,1.50
2013.01.17 02:13:34.763,0.82897,0.82927,1.73,1.50
2013.01.17 02:13:35.186,0.82897,0.82924,1.73,1.50
2013.01.17 02:13:57.440,0.82897,0.82924,1.73,1.50
2013.01.17 02:13:58.229,0.82898,0.82924,1.73,1.50
2013.01.17 02:14:03.630,0.82898,0.8293,2.48,1.50
2013.01.17 02:14:07.259,0.829,0.82932,2.00,1.50
2013.01.17 02:14:11.420,0.82902,0.82934,1.35,1.50
2013.01.17 02:14:11.650,0.82902,0.82933,2.10,1.50
2013.01.17 02:14:30.783,0.82904,0.82934,1.73,1.50
2013.01.17 02:14:36.121,0.82905,0.82939,1.73,1.73
2013.01.17 02:14:36.700,0.82905,0.82933,1.73,1.50
2013.01.17 02:14:44.611,0.82905,0.82933,3.23,1.50
2013.01.17 02:14:44.673,0.82905,0.82933,3.23,1.50
2013.01.17 02:14:45.240,0.82905,0.82933,3.23,1.50
2013.01.17 02:14:45.392,0.82906,0.82938,1.73,1.50
2013.01.17 02:14:46.890,0.82908,0.82935,2.48,1.50
2013.01.17 02:14:48.424,0.8291,0.82939,2.16,1.50
2013.01.17 02:14:50.081,0.8291,0.82939,2.16,1.50
2013.01.17 02:15:00.873,0.8291,0.82938,1.41,1.50
2013.01.17 02:15:01.138,0.82908,0.82938,1.35,1.50
2013.01.17 02:15:06.111,0.82906,0.82935,1.73,1.50
2013.01.17 02:15:06.460,0.82909,0.8294,1.73,1.50
2013.01.17 02:15:17.982,0.8291,0.82939,1.73,1.50
2013.01.17 02:15:18.641,0.8291,0.82939,1.73,1.50
2013.01.17 02:15:20.588,0.8291,0.82939,1.73,1.50
2013.01.17 02:15:22.130,0.8291,0.82939,1.73,1.50
2013.01.17 02:15:23.120,0.8291,0.82939,1.73,1.50
2013.01.17 02:15:30.186,0.82909,0.82939,1.73,1.50
2013.01.17 02:15:30.821,0.82909,0.8294,1.73,1.50
2013.01.17 02:15:31.150,0.82911,0.82943,1.73,1.50
2013.01.17 02:15:34.920,0.82911,0.8294,1.73,1.50
2013.01.17 02:15:35.299,0.82911,0.82943,1.73,1.50
2013.01.17 02:15:50.892,0.8291,0.82943,1.73,1.50
2013.01.17 02:15:53.118,0.8291,0.82941,1.73,1.50
2013.01.17 02:15:55.473,0.8291,0.82944,1.73,1.50
2013.01.17 02:16:05.269,0.8291,0.82941,1.73,1.50
2013.01.17 02:16:08.610,0.8291,0.82943,1.73,1.50
2013.01.17 02:16:08.903,0.8291,0.82941,1.73,1.50
2013.01.17 02:16:10.543,0.8291,0.82944,1.73,1.50
2013.01.17 02:16:10.624,0.82908,0.82944,2.38,1.50
2013.01.17 02:16:10.809,0.82908,0.82944,1.73,1.73
2013.01.17 02:16:10.950,0.82914,0.82944,1.63,1.50
2013.01.17 02:16:11.109,0.82914,0.82945,2.38,1.50
2013.01.17 02:16:12.579,0.82914,0.82945,1.73,1.50
2013.01.17 02:16:12.824,0.82918,0.82947,1.73,1.50
2013.01.17 02:16:12.950,0.82913,0.82949,1.32,1.50
2013.01.17 02:16:13.069,0.82914,0.82949,1.73,1.50
2013.01.17 02:16:13.369,0.82914,0.82945,1.73,1.50
2013.01.17 02:16:13.429,0.8291,0.82944,2.10,1.50
2013.01.17 02:16:13.607,0.82913,0.82944,1.73,1.50
2013.01.17 02:16:13.670,0.82913,0.82948,1.73,1.50
2013.01.17 02:16:13.910,0.8291,0.82943,1.73,1.50
2013.01.17 02:16:14.202,0.82914,0.82948,1.25,1.88
2013.01.17 02:16:14.621,0.8291,0.82944,1.73,1.50
2013.01.17 02:16:14.679,0.82913,0.82948,1.73,1.13
2013.01.17 02:16:15.040,0.82911,0.82943,1.73,1.50
2013.01.17 02:16:15.100,0.82913,0.82944,1.73,1.50
2013.01.17 02:16:15.224,0.82913,0.82948,1.73,1.88
2013.01.17 02:16:15.477,0.8291,0.82944,1.73,1.50
2013.01.17 02:16:15.540,0.82912,0.82944,1.73,1.50
2013.01.17 02:16:15.659,0.82912,0.82948,1.73,1.13
2013.01.17 02:16:16.017,0.8291,0.82948,1.73,1.13
2013.01.17 02:16:16.088,0.82912,0.82948,1.73,1.13
2013.01.17 02:16:16.149,0.82914,0.82948,1.38,1.13
2013.01.17 02:16:16.453,0.82914,0.82948,1.38,1.13
2013.01.17 02:16:16.509,0.82911,0.82948,1.73,1.13
2013.01.17 02:16:16.700,0.82914,0.82949,1.34,1.50
2013.01.17 02:16:16.862,0.82914,0.82949,1.34,1.50
2013.01.17 02:16:16.980,0.8291,0.82949,1.73,1.50
2013.01.17 02:16:17.160,0.82913,0.82949,2.31,1.50
2013.01.17 02:16:17.500,0.82911,0.82949,1.73,1.50
2013.01.17 02:16:17.628,0.82912,0.82949,1.73,1.50
2013.01.17 02:16:18.040,0.82913,0.82949,1.61,1.50
2013.01.17 02:16:18.190,0.82914,0.82949,1.73,1.50
2013.01.17 02:16:18.364,0.82913,0.82949,1.63,1.50
2013.01.17 02:16:18.480,0.82911,0.82949,1.73,1.50
2013.01.17 02:16:18.604,0.82912,0.82949,1.73,1.50
2013.01.17 02:16:18.699,0.82914,0.82949,1.47,1.50
2013.01.17 02:16:19.056,0.82911,0.82949,1.73,1.50
2013.01.17 02:16:19.128,0.82912,0.82949,1.73,1.50
2013.01.17 02:16:19.190,0.82913,0.82949,1.38,1.50
2013.01.17 02:16:19.530,0.82911,0.82949,1.73,1.50
2013.01.17 02:16:19.591,0.82914,0.82949,1.73,1.50
2013.01.17 02:16:19.740,0.82914,0.82949,2.36,1.50
2013.01.17 02:16:20.045,0.82911,0.82949,1.73,1.50
2013.01.17 02:16:20.120,0.82913,0.82949,1.73,1.50
2013.01.17 02:16:20.346,0.82911,0.82949,1.73,1.50
2013.01.17 02:16:20.590,0.82914,0.82949,1.73,1.50
2013.01.17 02:16:20.710,0.82914,0.82949,1.73,1.50
2013.01.17 02:16:21.020,0.82913,0.82943,1.38,1.50
2013.01.17 02:16:21.080,0.82913,0.82943,1.38,1.50
2013.01.17 02:16:21.140,0.82912,0.82943,1.73,1.50
2013.01.17 02:16:21.200,0.82912,0.82949,1.73,1.50
2013.01.17 02:16:21.721,0.82913,0.82949,1.73,1.50
2013.01.17 02:16:21.981,0.8291,0.82944,1.73,1.50
2013.01.17 02:16:22.331,0.82909,0.82944,1.73,1.73
2013.01.17 02:16:22.700,0.82912,0.82944,1.73,1.50
2013.01.17 02:16:23.079,0.82911,0.82944,1.73,1.73
2013.01.17 02:16:23.209,0.82911,0.82944,1.73,1.50
2013.01.17 02:16:23.550,0.82908,0.82938,1.73,1.50
2013.01.17 02:16:23.670,0.82908,0.82939,1.73,1.50
2013.01.17 02:16:23.850,0.82906,0.82938,1.73,1.50
2013.01.17 02:16:24.191,0.82907,0.82934,1.73,1.50
2013.01.17 02:16:24.250,0.82907,0.82933,1.50,1.73
2013.01.17 02:16:24.369,0.82907,0.82933,1.50,1.73
2013.01.17 02:16:24.430,0.82907,0.82939,1.73,1.73
2013.01.17 02:16:24.935,0.82907,0.82939,1.73,1.73
2013.01.17 02:16:25.001,0.82906,0.82938,2.48,1.73
2013.01.17 02:16:25.200,0.82906,0.82938,2.25,1.73
2013.01.17 02:16:25.430,0.82906,0.82938,2.48,1.73
2013.01.17 02:16:25.738,0.82906,0.82938,2.25,1.73
2013.01.17 02:16:25.991,0.82906,0.82938,2.48,1.73
2013.01.17 02:16:26.113,0.82906,0.82937,2.48,1.73
2013.01.17 02:16:26.241,0.82906,0.82934,1.73,1.50
2013.01.17 02:16:26.560,0.82903,0.82934,1.50,1.73
2013.01.17 02:16:26.886,0.82903,0.82934,1.50,2.34
2013.01.17 02:16:27.050,0.82903,0.82934,1.50,1.73
2013.01.17 02:16:27.110,0.82901,0.82929,1.50,1.73
2013.01.17 02:16:27.231,0.82901,0.82929,1.50,1.73
2013.01.17 02:16:27.419,0.82901,0.82929,1.50,1.73
2013.01.17 02:16:27.647,0.82901,0.82929,1.50,1.73
2013.01.17 02:16:27.963,0.82901,0.82929,1.50,1.73
2013.01.17 02:16:28.020,0.82901,0.82929,1.50,1.73
2013.01.17 02:16:28.140,0.82901,0.82929,1.50,1.73
2013.01.17 02:16:28.448,0.82901,0.82929,1.50,1.73
2013.01.17 02:16:28.637,0.82901,0.82929,1.50,1.73
2013.01.17 02:16:28.931,0.82901,0.82929,1.50,1.73
2013.01.17 02:16:29.305,0.82902,0.82933,1.50,1.73
2013.01.17 02:16:30.181,0.82902,0.82939,1.50,3.66
2013.01.17 02:16:33.717,0.82903,0.82933,1.50,1.73
2013.01.17 02:16:39.450,0.82902,0.82929,1.50,1.73
2013.01.17 02:16:39.631,0.82903,0.82931,1.50,1.73
2013.01.17 02:16:39.959,0.82902,0.82925,1.73,1.50
2013.01.17 02:16:40.021,0.82902,0.82925,1.50,1.50
2013.01.17 02:16:40.561,0.82897,0.82926,1.73,1.50
2013.01.17 02:16:41.138,0.82898,0.82923,1.50,1.50
2013.01.17 02:16:41.820,0.82897,0.82928,1.50,1.73
2013.01.17 02:16:42.000,0.82897,0.82928,1.73,1.50
2013.01.17 02:16:42.132,0.82897,0.82928,1.73,1.50
2013.01.17 02:16:42.550,0.82897,0.82928,1.73,1.50
2013.01.17 02:16:42.610,0.82904,0.82933,1.50,1.73
2013.01.17 02:16:42.730,0.82908,0.82935,1.50,3.23
2013.01.17 02:16:42.971,0.82908,0.82939,1.73,1.50
2013.01.17 02:16:43.117,0.82909,0.8294,1.73,1.50
2013.01.17 02:16:43.181,0.82914,0.82948,1.73,2.25
2013.01.17 02:16:43.444,0.82914,0.82948,1.73,2.25
2013.01.17 02:16:45.347,0.82914,0.82942,1.73,1.50
2013.01.17 02:16:45.411,0.82914,0.82939,1.73,1.50
2013.01.17 02:16:46.330,0.82911,0.82939,1.50,1.73
2013.01.17 02:16:46.449,0.82904,0.82934,2.10,1.73
2013.01.17 02:16:46.510,0.82904,0.82934,1.35,1.73
2013.01.17 02:16:46.820,0.82904,0.82934,1.13,1.73
2013.01.17 02:16:47.451,0.82904,0.82938,2.10,1.80
2013.01.17 02:16:47.512,0.82905,0.82939,1.73,1.50
2013.01.17 02:16:47.582,0.82905,0.82938,1.73,1.58
2013.01.17 02:16:47.721,0.82905,0.82938,1.50,3.08
2013.01.17 02:16:47.950,0.82905,0.82938,1.73,1.50
2013.01.17 02:16:48.111,0.82904,0.82939,1.73,1.50
2013.01.17 02:16:48.170,0.82904,0.82938,1.73,1.50
2013.01.17 02:16:48.471,0.82904,0.82939,1.50,4.58
2013.01.17 02:16:48.731,0.82902,0.82933,1.73,1.50
2013.01.17 02:16:48.881,0.82905,0.82938,1.73,3.08
2013.01.17 02:16:48.941,0.82904,0.82941,1.73,2.33
2013.01.17 02:16:49.172,0.82904,0.82939,1.73,1.50
2013.01.17 02:16:49.290,0.82904,0.82939,1.50,2.40
2013.01.17 02:16:49.650,0.82902,0.82933,2.48,1.50
2013.01.17 02:16:49.710,0.82902,0.82933,1.73,1.50
2013.01.17 02:16:50.050,0.82905,0.82938,1.73,1.50
2013.01.17 02:16:50.421,0.82905,0.82928,1.50,1.50
2013.01.17 02:16:50.788,0.82901,0.82929,1.50,1.50
2013.01.17 02:16:51.233,0.82904,0.82928,1.50,1.50
2013.01.17 02:16:51.351,0.82904,0.82928,1.50,1.50
2013.01.17 02:16:51.510,0.82904,0.82933,1.73,1.50
2013.01.17 02:16:51.890,0.82904,0.82933,1.73,1.73
2013.01.17 02:16:52.086,0.82904,0.82933,1.73,1.73
2013.01.17 02:16:52.341,0.82904,0.82933,1.50,1.73
2013.01.17 02:16:52.460,0.8291,0.82939,1.73,1.88
2013.01.17 02:16:52.627,0.8291,0.82939,2.48,1.13
2013.01.17 02:16:52.701,0.8291,0.8294,2.48,1.50
2013.01.17 02:16:53.367,0.82911,0.82939,1.73,1.50
2013.01.17 02:16:53.430,0.82911,0.82938,1.73,1.50
2013.01.17 02:16:53.588,0.8291,0.82938,1.73,1.50
2013.01.17 02:16:53.651,0.8291,0.82938,1.50,1.50
2013.01.17 02:16:53.710,0.82911,0.82938,1.50,1.50
2013.01.17 02:16:54.070,0.82906,0.8293,1.50,1.73
2013.01.17 02:16:54.579,0.82905,0.82929,1.50,1.73
2013.01.17 02:16:55.920,0.82905,0.82937,1.50,2.78
2013.01.17 02:16:56.040,0.8291,0.82938,1.50,1.73
2013.01.17 02:16:56.941,0.82911,0.82941,1.73,1.13
2013.01.17 02:16:57.239,0.8291,0.82943,1.50,2.29
2013.01.17 02:16:57.361,0.8291,0.82938,1.50,1.73
2013.01.17 02:16:57.479,0.82906,0.82938,1.35,1.50
2013.01.17 02:16:57.790,0.82904,0.82938,1.50,1.50
2013.01.17 02:16:57.849,0.82904,0.82938,1.50,1.50
2013.01.17 02:16:58.672,0.82905,0.82938,1.73,3.53
2013.01.17 02:17:02.402,0.82905,0.82933,1.50,1.50
2013.01.17 02:17:02.549,0.82902,0.82933,1.73,1.50
2013.01.17 02:17:02.842,0.82902,0.82938,1.73,2.25
2013.01.17 02:17:03.934,0.829,0.82934,1.73,1.73
2013.01.17 02:17:04.700,0.829,0.82929,1.73,1.50
2013.01.17 02:17:06.624,0.829,0.82929,1.73,1.73
2013.01.17 02:17:06.740,0.829,0.82929,1.73,1.73
2013.01.17 02:17:07.108,0.82899,0.82929,1.73,1.73
2013.01.17 02:17:07.440,0.82899,0.82924,1.73,1.50
2013.01.17 02:17:22.901,0.82896,0.82924,2.10,1.50
2013.01.17 02:17:22.960,0.82896,0.82924,1.35,1.50
2013.01.17 02:17:23.520,0.82894,0.82922,1.73,1.50
2013.01.17 02:17:23.731,0.82894,0.82924,2.48,1.73
2013.01.17 02:17:33.051,0.82894,0.82924,1.73,1.73
2013.01.17 02:17:40.441,0.82893,0.82924,1.73,1.73
2013.01.17 02:17:44.152,0.82892,0.82924,2.10,1.73
2013.01.17 02:17:47.170,0.8289,0.82918,2.11,1.50
2013.01.17 02:17:47.780,0.8289,0.82918,1.73,1.50
2013.01.17 02:17:48.240,0.82893,0.82924,2.48,1.73
2013.01.17 02:17:48.300,0.82893,0.82924,2.48,1.50
2013.01.17 02:17:48.603,0.82896,0.82927,2.29,1.50
2013.01.17 02:17:49.391,0.82896,0.82929,2.29,1.50
2013.01.17 02:17:57.699,0.82898,0.82929,1.73,1.50
2013.01.17 02:17:58.251,0.82898,0.82929,1.73,1.73
2013.01.17 02:17:58.311,0.82897,0.82929,1.35,1.73
2013.01.17 02:18:00.281,0.82895,0.82929,1.35,1.73
2013.01.17 02:18:00.677,0.82899,0.82929,1.73,1.73
2013.01.17 02:18:00.739,0.82899,0.82929,1.73,1.50
2013.01.17 02:18:08.832,0.82899,0.82929,1.73,1.50
2013.01.17 02:18:09.370,0.82898,0.82929,1.73,1.50
2013.01.17 02:18:13.131,0.82901,0.8293,1.73,1.50
2013.01.17 02:18:13.190,0.82902,0.82932,1.73,1.50
2013.01.17 02:18:13.700,0.82903,0.82933,1.73,1.50
2013.01.17 02:18:14.210,0.82902,0.82933,1.73,1.50
2013.01.17 02:18:14.340,0.82902,0.82933,1.73,1.50
2013.01.17 02:18:17.441,0.82907,0.82936,1.73,1.73
2013.01.17 02:18:17.651,0.82907,0.82936,1.73,1.50
2013.01.17 02:18:21.660,0.82906,0.82933,1.35,1.50
2013.01.17 02:18:21.791,0.82906,0.82933,1.35,1.50
2013.01.17 02:18:25.890,0.82903,0.82933,2.10,1.50
2013.01.17 02:18:25.950,0.82903,0.82933,1.35,1.50
2013.01.17 02:18:26.171,0.82902,0.82929,2.85,1.50
2013.01.17 02:18:42.630,0.82903,0.82933,1.73,1.73
2013.01.17 02:18:42.970,0.82901,0.8293,2.10,1.50
2013.01.17 02:18:58.372,0.82897,0.82929,1.73,1.50
2013.01.17 02:18:58.631,0.82896,0.82926,2.48,1.50
2013.01.17 02:18:58.750,0.82898,0.82926,1.73,1.50
2013.01.17 02:18:59.101,0.82897,0.82926,1.73,1.50
2013.01.17 02:18:59.240,0.82897,0.82928,1.73,1.50
2013.01.17 02:18:59.427,0.82897,0.82925,1.73,1.50
2013.01.17 02:19:02.910,0.82897,0.82928,1.73,1.73
2013.01.17 02:19:03.060,0.82897,0.82928,1.73,1.50
2013.01.17 02:19:04.869,0.829,0.82929,1.73,1.50
2013.01.17 02:19:04.936,0.829,0.82929,1.73,1.50
2013.01.17 02:19:07.220,0.82901,0.82934,1.73,1.50
2013.01.17 02:19:07.610,0.82903,0.82934,1.73,1.50
2013.01.17 02:19:07.820,0.82903,0.82934,2.04,1.50
2013.01.17 02:19:08.429,0.82906,0.82936,1.73,1.50
2013.01.17 02:19:10.461,0.82906,0.82936,1.73,1.50
2013.01.17 02:19:10.522,0.82902,0.82934,1.73,1.50
2013.01.17 02:19:14.864,0.82906,0.82936,1.73,1.50
2013.01.17 02:19:14.980,0.82906,0.82936,1.73,1.50
2013.01.17 02:19:18.371,0.82906,0.82939,1.73,2.25
2013.01.17 02:19:45.384,0.82907,0.82938,1.73,1.50
2013.01.17 02:19:48.601,0.82907,0.82937,1.73,1.50
2013.01.17 02:19:50.647,0.82907,0.82939,1.73,2.25
2013.01.17 02:19:54.382,0.82906,0.82937,1.73,1.50
2013.01.17 02:19:55.541,0.82906,0.82938,1.73,1.50
2013.01.17 02:19:55.660,0.82913,0.82939,1.73,1.50
2013.01.17 02:19:55.781,0.82917,0.82945,1.73,1.50
2013.01.17 02:19:55.971,0.82915,0.82943,1.73,1.50
2013.01.17 02:19:56.212,0.82911,0.82939,1.73,1.50
2013.01.17 02:19:56.335,0.82911,0.82939,1.73,1.50
2013.01.17 02:19:56.911,0.82906,0.82935,1.73,1.50
2013.01.17 02:20:00.381,0.82907,0.82939,1.73,1.50
2013.01.17 02:20:01.091,0.82906,0.82935,1.73,1.50
2013.01.17 02:20:03.841,0.82907,0.82939,1.73,1.50
2013.01.17 02:20:07.691,0.82907,0.82943,1.73,1.73
2013.01.17 02:20:11.080,0.82907,0.82939,1.73,1.50
2013.01.17 02:20:11.651,0.82906,0.82935,1.73,1.50
2013.01.17 02:20:11.710,0.82905,0.82934,1.73,1.50
2013.01.17 02:20:11.770,0.82905,0.82934,1.73,1.50
2013.01.17 02:20:17.486,0.82903,0.82938,1.73,1.73
2013.01.17 02:20:17.862,0.82902,0.82933,1.73,1.50
2013.01.17 02:20:20.824,0.82902,0.82938,1.73,3.08
2013.01.17 02:20:20.955,0.8291,0.8294,1.50,1.73
2013.01.17 02:20:21.022,0.8291,0.8294,1.73,1.50
2013.01.17 02:20:21.201,0.82908,0.82939,1.50,1.73
2013.01.17 02:20:21.322,0.82909,0.82939,1.50,1.73
2013.01.17 02:20:21.620,0.82909,0.82939,1.50,1.73
2013.01.17 02:20:21.680,0.82909,0.82939,1.50,1.73
2013.01.17 02:20:21.981,0.82908,0.82939,1.73,1.73
2013.01.17 02:20:22.100,0.82908,0.82939,1.73,1.73
2013.01.17 02:20:22.441,0.82907,0.82934,1.73,1.50
2013.01.17 02:20:23.640,0.82904,0.82938,1.73,1.73
2013.01.17 02:20:24.262,0.82908,0.82938,1.73,1.73
2013.01.17 02:20:24.321,0.82908,0.82938,1.73,1.50
2013.01.17 02:20:24.381,0.82908,0.82938,1.73,1.50
2013.01.17 02:20:48.402,0.82906,0.82941,1.73,1.73
2013.01.17 02:20:52.161,0.82906,0.82939,1.73,1.50
2013.01.17 02:20:58.564,0.82908,0.82939,1.73,1.50
2013.01.17 02:21:05.372,0.82905,0.82939,1.73,1.50
2013.01.17 02:21:07.888,0.82905,0.82936,1.73,1.50
2013.01.17 02:21:13.930,0.82905,0.82936,1.73,1.50
2013.01.17 02:21:13.990,0.82902,0.82932,1.73,1.50
2013.01.17 02:21:14.383,0.82903,0.82934,1.73,1.50
2013.01.17 02:21:19.872,0.82901,0.82932,1.73,1.50
2013.01.17 02:21:21.632,0.82901,0.82934,1.73,1.50
2013.01.17 02:21:22.906,0.82901,0.82932,3.23,1.50
2013.01.17 02:21:23.344,0.82901,0.82933,3.23,1.50
2013.01.17 02:21:23.760,0.82904,0.82935,1.73,1.50
2013.01.17 02:21:24.003,0.82904,0.82934,1.73,1.50
2013.01.17 02:21:29.504,0.82904,0.82933,1.73,1.50
2013.01.17 02:21:29.623,0.82902,0.82932,1.73,1.50
2013.01.17 02:21:29.891,0.82904,0.82934,1.73,1.50
2013.01.17 02:21:38.141,0.82901,0.82933,3.23,1.50
2013.01.17 02:21:39.201,0.82907,0.82936,1.73,1.50
2013.01.17 02:21:40.511,0.8291,0.82941,1.73,1.50
2013.01.17 02:21:54.440,0.82909,0.82939,1.73,1.50
2013.01.17 02:21:54.500,0.82909,0.82939,1.73,1.50
2013.01.17 02:22:01.841,0.82906,0.82935,1.73,1.50
2013.01.17 02:22:03.610,0.82906,0.82938,1.73,1.50
2013.01.17 02:22:09.191,0.82906,0.82935,1.73,1.50
2013.01.17 02:22:09.264,0.82905,0.82933,2.48,1.50
2013.01.17 02:22:11.601,0.82903,0.82934,3.23,1.50
2013.01.17 02:22:11.981,0.82903,0.82934,1.73,1.73
2013.01.17 02:22:19.411,0.82901,0.82929,1.73,1.50
2013.01.17 02:22:35.601,0.82901,0.82933,1.73,1.50
2013.01.17 02:22:36.132,0.82901,0.82929,1.73,1.50
2013.01.17 02:22:50.316,0.82902,0.82934,2.48,1.73
2013.01.17 02:22:50.832,0.82905,0.82935,1.73,1.50
2013.01.17 02:22:57.851,0.82902,0.82935,1.73,1.50
2013.01.17 02:22:59.423,0.82905,0.82935,1.73,1.50
2013.01.17 02:23:06.701,0.82902,0.82935,2.48,1.50
2013.01.17 02:23:13.580,0.82906,0.82937,1.73,1.50
2013.01.17 02:23:21.101,0.82907,0.82939,1.73,1.50
2013.01.17 02:23:30.391,0.82907,0.82939,1.73,1.50
2013.01.17 02:23:37.602,0.82907,0.82939,1.73,1.50
2013.01.17 02:23:41.555,0.82908,0.8294,1.73,1.50
2013.01.17 02:23:41.710,0.82908,0.82939,3.23,1.73
2013.01.17 02:23:41.951,0.82905,0.82938,2.48,1.50
2013.01.17 02:23:45.302,0.82905,0.82936,2.48,1.50
2013.01.17 02:23:46.891,0.82904,0.82939,1.73,1.73
2013.01.17 02:23:56.742,0.82904,0.82936,1.73,1.50
2013.01.17 02:23:58.111,0.82904,0.82938,1.73,1.50
2013.01.17 02:24:00.592,0.82905,0.82936,2.48,1.50
2013.01.17 02:24:01.829,0.82902,0.82936,1.73,1.50
2013.01.17 02:24:07.650,0.82906,0.82935,1.73,1.50
2013.01.17 02:24:07.771,0.82906,0.82939,1.73,1.50
2013.01.17 02:24:14.601,0.82909,0.82939,1.73,1.50
2013.01.17 02:24:33.340,0.82912,0.82943,1.73,1.50
2013.01.17 02:24:35.511,0.82911,0.82941,1.73,1.50
2013.01.17 02:24:36.072,0.82907,0.82941,1.73,1.50
2013.01.17 02:25:01.761,0.82906,0.82938,1.73,1.50
2013.01.17 02:25:02.001,0.82906,0.82938,1.73,1.50
2013.01.17 02:25:02.121,0.82906,0.82938,1.73,1.50
2013.01.17 02:25:02.301,0.82907,0.82939,1.73,1.50
2013.01.17 02:25:10.554,0.82909,0.82939,1.73,2.25
2013.01.17 02:25:12.993,0.82909,0.82939,1.73,2.25
2013.01.17 02:25:49.414,0.82906,0.82942,4.50,1.50
2013.01.17 02:25:54.141,0.82912,0.82942,1.73,1.50
2013.01.17 02:25:56.340,0.82912,0.82943,1.73,1.50
2013.01.17 02:25:57.031,0.82914,0.82944,1.73,1.73
2013.01.17 02:26:03.962,0.82917,0.82947,1.50,1.73
2013.01.17 02:26:04.291,0.82912,0.82945,1.73,1.73
2013.01.17 02:26:04.411,0.82916,0.82948,1.50,1.73
2013.01.17 02:26:04.771,0.82911,0.82946,1.73,1.73
2013.01.17 02:26:05.122,0.82914,0.82946,1.73,1.50
2013.01.17 02:26:05.181,0.82911,0.82946,1.73,1.73
2013.01.17 02:26:05.381,0.82914,0.82946,1.73,1.73
2013.01.17 02:26:05.751,0.82911,0.82944,1.73,1.73
2013.01.17 02:26:06.082,0.82916,0.82948,1.73,1.50
2013.01.17 02:26:06.141,0.82912,0.82948,1.73,1.73
2013.01.17 02:26:06.380,0.82914,0.82944,1.73,1.73
2013.01.17 02:26:07.123,0.82915,0.82945,1.73,1.50
2013.01.17 02:26:07.181,0.82915,0.82945,1.73,1.73
2013.01.17 02:26:07.361,0.82915,0.82945,1.73,1.73
2013.01.17 02:26:07.721,0.82915,0.82945,1.73,1.73
2013.01.17 02:26:07.871,0.82918,0.8295,1.50,2.48
2013.01.17 02:26:08.291,0.8292,0.82952,1.73,1.50
2013.01.17 02:26:14.241,0.82921,0.82953,1.73,1.50
2013.01.17 02:26:14.330,0.82923,0.82953,1.73,1.50
2013.01.17 02:26:20.701,0.8293,0.82959,1.73,1.50
2013.01.17 02:26:22.638,0.8293,0.8296,1.73,1.73
2013.01.17 02:26:24.582,0.82923,0.82959,1.35,1.73
2013.01.17 02:26:25.193,0.82925,0.82959,1.61,1.50
2013.01.17 02:26:25.322,0.82927,0.82958,1.73,1.50
2013.01.17 02:26:26.560,0.82922,0.82958,1.73,1.50
2013.01.17 02:26:28.431,0.82926,0.82958,1.73,1.50
2013.01.17 02:26:29.984,0.82926,0.82959,1.73,1.73
2013.01.17 02:26:30.041,0.82926,0.8296,1.73,1.50
2013.01.17 02:26:30.362,0.82921,0.8296,4.17,1.73
2013.01.17 02:26:30.710,0.82925,0.82959,1.56,1.50
2013.01.17 02:26:31.039,0.82922,0.82959,2.10,1.73
2013.01.17 02:26:31.181,0.82924,0.82959,1.38,1.50
2013.01.17 02:26:31.511,0.82922,0.82959,1.73,1.73
2013.01.17 02:26:31.822,0.82922,0.82956,1.35,1.73
2013.01.17 02:26:32.212,0.82922,0.82959,1.35,1.73
2013.01.17 02:26:32.641,0.82922,0.82959,1.35,1.73
2013.01.17 02:26:32.703,0.82927,0.82959,1.73,1.73
2013.01.17 02:26:32.762,0.82927,0.8296,1.73,1.50
2013.01.17 02:26:33.131,0.82927,0.82959,1.73,1.73
2013.01.17 02:26:37.942,0.82926,0.8296,1.73,1.73
2013.01.17 02:26:38.092,0.82926,0.8296,1.73,1.50
2013.01.17 02:26:38.223,0.82926,0.82959,1.73,1.73
2013.01.17 02:26:38.319,0.82926,0.8296,1.73,1.73
2013.01.17 02:26:38.764,0.82926,0.8296,1.73,1.73
2013.01.17 02:26:38.881,0.82926,0.8296,1.73,2.25
2013.01.17 02:26:39.031,0.82926,0.8296,1.73,2.48
2013.01.17 02:26:39.182,0.82926,0.8296,1.73,2.25
2013.01.17 02:26:39.404,0.82926,0.82959,1.73,1.73
2013.01.17 02:26:39.620,0.82926,0.82959,1.73,1.50
2013.01.17 02:26:45.589,0.82929,0.82961,1.73,2.25
2013.01.17 02:26:52.701,0.82926,0.82961,1.73,2.25
2013.01.17 02:26:54.361,0.82926,0.82961,1.73,2.25
2013.01.17 02:26:59.392,0.82929,0.82958,1.73,1.50
2013.01.17 02:27:02.139,0.82931,0.82961,1.73,1.50
2013.01.17 02:27:06.881,0.82927,0.82963,1.35,1.73
2013.01.17 02:27:07.397,0.82927,0.82959,1.35,1.50
2013.01.17 02:27:07.672,0.82927,0.82957,1.35,1.73
2013.01.17 02:27:07.968,0.8292,0.8295,2.48,1.50
2013.01.17 02:27:08.219,0.82921,0.82953,1.73,2.25
2013.01.17 02:27:15.292,0.82921,0.82953,1.73,2.25
2013.01.17 02:27:15.472,0.82919,0.82949,1.73,1.50
2013.01.17 02:27:16.413,0.82922,0.82953,1.73,1.73
2013.01.17 02:27:16.472,0.82924,0.82954,1.73,1.50
2013.01.17 02:27:16.811,0.82924,0.82954,1.73,1.50
2013.01.17 02:27:17.940,0.82927,0.82959,1.73,2.48
2013.01.17 02:27:18.871,0.82927,0.82959,1.73,2.48
2013.01.17 02:27:19.481,0.82924,0.82954,1.73,1.73
2013.01.17 02:27:21.317,0.82926,0.82954,1.73,2.25
2013.01.17 02:27:34.891,0.82921,0.8295,1.47,1.50
2013.01.17 02:27:34.952,0.82918,0.8295,3.60,1.73
2013.01.17 02:27:35.493,0.82915,0.82947,1.73,1.73
2013.01.17 02:27:37.602,0.82912,0.82947,1.73,1.73
2013.01.17 02:27:38.011,0.82912,0.82944,1.73,2.48
2013.01.17 02:27:38.072,0.8291,0.8294,1.73,1.73
2013.01.17 02:27:42.662,0.82902,0.82937,2.02,1.50
2013.01.17 02:27:42.722,0.82902,0.82937,1.73,1.73
2013.01.17 02:27:42.930,0.82902,0.82937,1.73,1.50
2013.01.17 02:27:43.471,0.82905,0.82937,1.73,1.50
2013.01.17 02:27:45.701,0.82908,0.82939,1.73,1.50
2013.01.17 02:27:46.802,0.82911,0.82941,1.73,1.50
2013.01.17 02:27:52.701,0.82911,0.82944,1.73,2.48
2013.01.17 02:27:52.991,0.82909,0.82941,1.73,1.73
2013.01.17 02:27:54.431,0.82911,0.82938,1.73,1.50
2013.01.17 02:27:54.782,0.82907,0.82941,1.73,1.50
2013.01.17 02:28:06.701,0.82911,0.82941,1.73,1.50
2013.01.17 02:28:06.821,0.82905,0.82935,1.73,1.73
2013.01.17 02:28:07.252,0.82905,0.82935,1.73,1.73
2013.01.17 02:28:34.872,0.82905,0.82935,1.73,1.73
2013.01.17 02:28:35.209,0.8291,0.82939,1.73,2.25
2013.01.17 02:28:47.203,0.82907,0.82939,1.73,1.50
2013.01.17 02:28:49.351,0.82908,0.82939,1.73,1.50
2013.01.17 02:28:49.612,0.82907,0.82939,1.73,1.50
2013.01.17 02:29:07.112,0.8291,0.8294,1.73,1.50
2013.01.17 02:29:07.311,0.82917,0.82944,1.50,1.50
2013.01.17 02:29:07.371,0.82917,0.82944,1.73,1.50
2013.01.17 02:29:07.702,0.82912,0.82944,1.73,1.50
2013.01.17 02:29:08.355,0.82912,0.82942,1.73,1.50
2013.01.17 02:29:14.132,0.82912,0.82942,1.73,1.50
2013.01.17 02:29:22.645,0.82911,0.82942,1.73,1.50
2013.01.17 02:29:22.821,0.82909,0.82939,1.73,1.73
2013.01.17 02:29:22.881,0.82906,0.82939,1.73,1.73
2013.01.17 02:29:32.191,0.82911,0.8294,1.73,1.73
2013.01.17 02:29:32.312,0.82911,0.8294,1.73,1.50
2013.01.17 02:29:32.602,0.82908,0.8294,1.73,1.73
2013.01.17 02:29:33.102,0.82907,0.8294,1.73,1.73
2013.01.17 02:29:33.472,0.82907,0.82941,1.73,1.50
2013.01.17 02:29:37.602,0.82911,0.82941,1.73,1.50
2013.01.17 02:29:37.781,0.82911,0.82945,1.73,1.50
2013.01.17 02:29:39.915,0.82914,0.82945,1.73,1.50
2013.01.17 02:29:41.610,0.82914,0.82945,1.73,1.50
2013.01.17 02:29:43.432,0.82912,0.82945,1.73,1.50
2013.01.17 02:29:48.329,0.82914,0.82945,1.73,1.50
2013.01.17 02:29:53.062,0.82911,0.82945,1.73,1.50
2013.01.17 02:30:12.845,0.82914,0.82946,1.73,1.50
2013.01.17 02:30:13.394,0.82912,0.82945,1.73,1.50
2013.01.17 02:30:13.782,0.82911,0.82943,1.73,1.73
2013.01.17 02:30:14.185,0.82911,0.82943,1.73,1.73
2013.01.17 02:30:15.871,0.82911,0.82943,1.73,1.73
2013.01.17 02:30:16.081,0.82914,0.82944,1.73,1.50
2013.01.17 02:30:16.441,0.82911,0.82943,1.73,1.73
2013.01.17 02:30:17.039,0.82911,0.82943,1.73,1.73
2013.01.17 02:30:17.511,0.8291,0.8294,1.50,1.73
2013.01.17 02:30:32.102,0.82906,0.82937,1.73,1.50
2013.01.17 02:30:32.281,0.82906,0.82937,1.50,1.73
2013.01.17 02:30:33.059,0.82903,0.82935,1.73,1.73
2013.01.17 02:30:38.104,0.82904,0.82936,1.73,1.73
2013.01.17 02:30:48.284,0.82906,0.82936,1.50,1.73
2013.01.17 02:30:48.431,0.82901,0.82937,3.60,1.73
2013.01.17 02:30:48.772,0.82907,0.82942,1.73,1.73
2013.01.17 02:30:49.133,0.82907,0.82942,1.73,1.50
2013.01.17 02:30:49.594,0.82912,0.82942,1.73,1.50
2013.01.17 02:31:03.892,0.82912,0.82943,1.73,1.50
2013.01.17 02:31:14.904,0.82912,0.82942,1.73,1.50
2013.01.17 02:31:15.663,0.82912,0.82944,1.73,1.35
2013.01.17 02:31:16.497,0.82912,0.82944,1.73,1.13
2013.01.17 02:31:16.637,0.82915,0.82944,1.73,1.13
2013.01.17 02:31:16.873,0.82911,0.82944,1.73,1.13
2013.01.17 02:31:17.862,0.82915,0.82945,1.73,1.50
2013.01.17 02:31:19.052,0.82915,0.82945,1.73,1.50
2013.01.17 02:31:20.002,0.82914,0.82946,1.73,1.88
2013.01.17 02:31:23.966,0.82914,0.82946,1.73,2.10
2013.01.17 02:31:24.578,0.82912,0.82943,1.73,1.50
2013.01.17 02:31:31.823,0.82912,0.82942,1.73,1.50
2013.01.17 02:31:37.592,0.82912,0.82944,1.73,2.10
2013.01.17 02:31:37.651,0.82916,0.82944,1.50,1.35
2013.01.17 02:31:38.211,0.82916,0.82945,1.73,1.13
2013.01.17 02:31:38.731,0.82915,0.82945,1.73,2.10
2013.01.17 02:31:38.924,0.82915,0.82945,1.73,1.88
2013.01.17 02:31:39.161,0.82915,0.82945,1.50,2.10
2013.01.17 02:31:39.682,0.82915,0.82945,1.50,1.35
2013.01.17 02:31:40.247,0.82918,0.82949,1.73,2.48
2013.01.17 02:31:43.373,0.82916,0.82948,1.73,1.73
2013.01.17 02:31:43.581,0.82916,0.82947,1.50,1.73
2013.01.17 02:31:43.801,0.82916,0.82948,1.73,1.73
2013.01.17 02:31:44.417,0.82916,0.82948,1.73,1.50
2013.01.17 02:31:49.914,0.82916,0.82949,1.73,2.10
2013.01.17 02:32:30.680,0.82911,0.82942,1.73,1.50
2013.01.17 02:32:30.801,0.82911,0.82943,1.50,2.48
2013.01.17 02:32:31.051,0.82908,0.82937,1.50,1.27
2013.01.17 02:32:31.230,0.82906,0.82937,1.50,1.27
2013.01.17 02:32:31.471,0.82906,0.82939,1.73,1.73
2013.01.17 02:32:41.700,0.82908,0.82938,1.73,1.50
2013.01.17 02:32:42.152,0.8291,0.82939,1.73,1.13
2013.01.17 02:32:45.123,0.8291,0.8294,1.73,1.50
2013.01.17 02:32:45.562,0.8291,0.8294,1.73,1.50
2013.01.17 02:33:00.472,0.8291,0.8294,1.73,1.50
2013.01.17 02:33:13.842,0.82907,0.8294,2.48,1.50
2013.01.17 02:33:14.037,0.82907,0.82938,1.73,1.73
2013.01.17 02:33:15.101,0.82907,0.82938,1.73,1.73
2013.01.17 02:33:15.282,0.8291,0.8294,1.73,1.50
2013.01.17 02:33:18.182,0.8291,0.8294,1.73,1.50
2013.01.17 02:33:19.722,0.8291,0.8294,1.73,1.50
2013.01.17 02:33:20.162,0.8291,0.8294,1.73,1.50
2013.01.17 02:33:21.152,0.8291,0.8294,1.73,1.50
2013.01.17 02:33:58.368,0.82905,0.8294,2.20,1.50
2013.01.17 02:33:58.491,0.82905,0.82939,1.73,1.73
2013.01.17 02:34:21.012,0.82901,0.82937,1.73,1.73
2013.01.17 02:34:21.414,0.82905,0.82937,1.50,1.73
2013.01.17 02:34:23.210,0.82906,0.82939,1.50,1.73
2013.01.17 02:34:23.741,0.82906,0.82939,1.73,1.73
2013.01.17 02:34:40.201,0.82908,0.82939,1.73,3.23
2013.01.17 02:34:40.633,0.82907,0.82942,2.10,1.73
2013.01.17 02:34:40.971,0.82906,0.82937,2.10,1.73
2013.01.17 02:34:41.354,0.82906,0.82937,1.73,1.73
2013.01.17 02:34:41.701,0.82901,0.82938,2.48,1.73
2013.01.17 02:34:42.701,0.82907,0.82938,1.73,1.73
2013.01.17 02:35:39.735,0.82907,0.82938,1.73,1.73
2013.01.17 02:35:39.801,0.82907,0.82938,1.73,1.50
2013.01.17 02:35:39.861,0.82911,0.82939,1.73,1.50
2013.01.17 02:35:40.485,0.82911,0.82939,1.73,1.50
2013.01.17 02:35:42.605,0.82913,0.82939,1.63,1.50
2013.01.17 02:35:42.721,0.8292,0.82947,1.73,1.50
2013.01.17 02:35:42.962,0.82913,0.82946,1.63,1.50
2013.01.17 02:35:43.082,0.82911,0.82945,3.98,1.50
2013.01.17 02:35:43.381,0.82911,0.82945,1.73,1.73
2013.01.17 02:35:43.874,0.82908,0.82938,1.73,1.50
2013.01.17 02:35:55.153,0.8291,0.82939,1.73,1.50
2013.01.17 02:35:55.392,0.82914,0.82939,1.73,1.50
2013.01.17 02:35:55.955,0.82912,0.82943,1.73,2.10
2013.01.17 02:35:58.101,0.82911,0.82943,1.73,1.73
2013.01.17 02:35:58.221,0.82912,0.82943,1.73,1.73
2013.01.17 02:36:13.491,0.82909,0.82941,1.73,1.73
2013.01.17 02:36:13.692,0.82909,0.82941,1.73,1.73
2013.01.17 02:36:16.402,0.82901,0.82933,2.48,1.50
2013.01.17 02:36:16.761,0.82918,0.8294,1.73,1.13
2013.01.17 02:36:16.942,0.82918,0.82942,1.50,1.50
2013.01.17 02:36:17.194,0.82918,0.82946,1.73,2.25
2013.01.17 02:36:20.360,0.82922,0.8295,1.50,1.73
2013.01.17 02:36:20.671,0.82922,0.82952,1.73,1.50
2013.01.17 02:36:20.791,0.82922,0.82954,1.73,1.73
2013.01.17 02:36:21.682,0.82917,0.82951,1.73,1.73
2013.01.17 02:36:21.801,0.82915,0.82951,1.73,1.73
2013.01.17 02:36:52.672,0.82917,0.8295,1.73,1.73
2013.01.17 02:36:53.230,0.82917,0.8295,1.73,1.50
2013.01.17 02:37:01.452,0.82917,0.82952,1.73,1.50
2013.01.17 02:37:02.002,0.82911,0.82944,2.38,1.50
2013.01.17 02:37:02.342,0.82911,0.82944,1.73,1.50
2013.01.17 02:37:02.402,0.82911,0.82943,1.73,1.50
2013.01.17 02:37:02.642,0.82911,0.82947,1.73,1.50
2013.01.17 02:37:02.882,0.82911,0.82943,1.73,1.50
2013.01.17 02:37:03.661,0.82911,0.82946,1.73,1.50
2013.01.17 02:37:03.729,0.82912,0.82946,1.73,1.50
2013.01.17 02:37:04.138,0.82912,0.82948,3.60,1.35
2013.01.17 02:37:04.441,0.82922,0.82958,1.73,2.48
2013.01.17 02:37:04.513,0.82922,0.82956,1.73,1.73
2013.01.17 02:37:04.631,0.82917,0.82952,1.73,1.50
2013.01.17 02:37:04.691,0.82916,0.82952,1.73,1.73
2013.01.17 02:37:04.932,0.82917,0.82949,1.73,1.73
2013.01.17 02:37:05.128,0.82917,0.82953,1.50,2.48
2013.01.17 02:37:09.622,0.8292,0.82953,1.73,1.73
2013.01.17 02:37:09.741,0.82916,0.8295,2.85,1.73
2013.01.17 02:37:10.650,0.82916,0.8295,1.50,1.73
2013.01.17 02:37:13.363,0.82919,0.8295,1.50,1.73
2013.01.17 02:37:14.352,0.82917,0.8295,1.50,1.73
2013.01.17 02:37:21.372,0.82914,0.8295,1.73,1.73
2013.01.17 02:37:21.551,0.82911,0.82944,2.10,1.73
2013.01.17 02:37:21.612,0.82911,0.82947,2.10,1.73
2013.01.17 02:37:22.042,0.82911,0.82945,2.10,1.73
2013.01.17 02:37:22.101,0.82911,0.82947,2.10,1.73
2013.01.17 02:37:22.513,0.82911,0.82945,2.10,1.73
2013.01.17 02:37:22.598,0.82911,0.82947,2.10,1.73
2013.01.17 02:37:23.192,0.82911,0.82946,2.10,1.73
2013.01.17 02:37:23.511,0.82911,0.82945,1.88,1.73
2013.01.17 02:37:23.631,0.82911,0.82946,1.88,1.73
2013.01.17 02:37:24.464,0.82914,0.82944,1.50,1.73
2013.01.17 02:37:27.662,0.82912,0.82944,1.50,1.73
2013.01.17 02:37:29.567,0.82912,0.82942,1.50,2.48
2013.01.17 02:37:56.803,0.82906,0.82941,1.73,1.73
2013.01.17 02:38:00.852,0.82911,0.82942,1.50,1.73
2013.01.17 02:38:01.091,0.82919,0.82944,1.73,1.50
2013.01.17 02:38:01.243,0.82919,0.82949,1.73,2.48
2013.01.17 02:38:02.232,0.82916,0.82949,1.50,2.48
2013.01.17 02:38:04.001,0.82907,0.82944,1.73,2.48
2013.01.17 02:38:04.602,0.82905,0.82939,1.35,1.50
2013.01.17 02:38:05.768,0.82905,0.8294,1.35,1.73
2013.01.17 02:38:06.803,0.82901,0.8294,3.38,1.73
2013.01.17 02:38:06.951,0.82907,0.82939,1.73,1.50
2013.01.17 02:38:11.203,0.82907,0.82939,1.73,1.50
2013.01.17 02:38:11.422,0.82901,0.8294,2.48,1.73
2013.01.17 02:38:11.643,0.82906,0.8294,1.73,1.73
2013.01.17 02:38:11.858,0.82901,0.8294,2.48,1.73
2013.01.17 02:38:12.200,0.82907,0.8294,1.73,1.73
2013.01.17 02:38:12.412,0.82902,0.8294,1.73,1.73
2013.01.17 02:38:18.122,0.82906,0.8294,1.73,1.73
2013.01.17 02:38:28.914,0.82909,0.8294,1.73,1.73
2013.01.17 02:38:29.132,0.82906,0.8294,1.73,1.73
2013.01.17 02:38:40.962,0.82906,0.82939,1.73,1.50
2013.01.17 02:38:41.282,0.82902,0.82939,1.35,1.50
2013.01.17 02:38:41.377,0.82906,0.82939,1.73,1.50
2013.01.17 02:38:50.788,0.82906,0.8294,1.73,1.73
2013.01.17 02:39:08.042,0.82909,0.82939,1.73,1.50
2013.01.17 02:39:08.351,0.82916,0.82947,1.73,1.88
2013.01.17 02:39:08.711,0.82907,0.82938,1.50,1.73
2013.01.17 02:39:08.831,0.82907,0.82939,2.25,1.73
2013.01.17 02:39:29.592,0.82907,0.82938,1.73,1.50
2013.01.17 02:39:30.204,0.82907,0.82938,1.73,1.50
2013.01.17 02:39:41.232,0.82908,0.82939,1.73,1.73
2013.01.17 02:39:47.843,0.8291,0.82939,1.73,1.73
2013.01.17 02:40:10.252,0.82901,0.82941,1.34,1.73
2013.01.17 02:40:12.114,0.82906,0.8294,1.73,2.48
2013.01.17 02:40:16.412,0.8291,0.8294,1.73,2.25
2013.01.17 02:40:17.779,0.82912,0.82944,1.73,1.73
2013.01.17 02:40:18.382,0.82912,0.82944,1.73,1.73
2013.01.17 02:40:18.722,0.82911,0.82944,1.73,1.73
2013.01.17 02:40:18.942,0.82911,0.82941,1.73,1.73
2013.01.17 02:40:19.953,0.82911,0.82941,1.73,1.73
2013.01.17 02:41:05.113,0.82909,0.82939,1.50,1.73
2013.01.17 02:41:05.942,0.82909,0.82939,1.73,1.73
2013.01.17 02:41:17.660,0.82909,0.82939,1.73,1.73
2013.01.17 02:41:27.884,0.82907,0.82937,1.73,1.50
2013.01.17 02:41:35.974,0.82902,0.82937,1.73,1.50
2013.01.17 02:41:36.292,0.82902,0.82933,1.73,1.50
2013.01.17 02:41:36.603,0.82902,0.82933,1.73,1.50
2013.01.17 02:41:36.662,0.82907,0.82933,1.50,1.50
2013.01.17 02:41:36.722,0.82907,0.82933,1.73,1.50
2013.01.17 02:41:37.464,0.82907,0.82933,1.73,1.50
2013.01.17 02:41:40.316,0.82908,0.82938,1.73,1.50
2013.01.17 02:41:43.152,0.82907,0.82933,1.73,1.50
2013.01.17 02:41:48.277,0.82907,0.82938,1.73,1.50
2013.01.17 02:41:48.950,0.82907,0.82938,1.73,2.25
2013.01.17 02:41:56.623,0.82907,0.82938,1.73,2.25
2013.01.17 02:42:01.803,0.82907,0.82937,1.73,1.50
2013.01.17 02:42:06.753,0.82901,0.82931,1.50,2.48
2013.01.17 02:42:07.164,0.82903,0.82931,1.73,1.50
2013.01.17 02:42:07.943,0.82902,0.82931,1.73,1.50
2013.01.17 02:42:09.923,0.82903,0.82934,1.73,1.73
2013.01.17 02:42:21.382,0.82902,0.82932,1.73,1.50
2013.01.17 02:42:21.762,0.829,0.82931,1.73,1.73
2013.01.17 02:42:22.412,0.82896,0.82931,1.73,1.73
2013.01.17 02:42:23.177,0.82897,0.82931,1.73,1.73
2013.01.17 02:42:23.837,0.829,0.82929,1.73,1.50
2013.01.17 02:42:27.358,0.82896,0.82929,1.73,1.50
2013.01.17 02:42:27.663,0.82896,0.82929,1.73,1.50
2013.01.17 02:42:27.873,0.82895,0.82927,1.73,1.73
2013.01.17 02:42:28.393,0.82892,0.82923,1.50,1.73
2013.01.17 02:42:28.553,0.82897,0.82923,1.50,1.50
2013.01.17 02:42:28.674,0.82898,0.82926,1.50,1.35
2013.01.17 02:42:34.194,0.82897,0.82924,1.73,1.50
2013.01.17 02:42:35.373,0.82899,0.82928,1.73,1.50
2013.01.17 02:42:36.254,0.82896,0.82924,1.73,1.50
2013.01.17 02:42:38.563,0.82899,0.82928,1.73,1.50
2013.01.17 02:42:39.174,0.82896,0.82923,1.50,1.50
2013.01.17 02:42:40.436,0.82896,0.82923,1.50,1.50
2013.01.17 02:43:03.863,0.82896,0.82926,1.50,2.48
2013.01.17 02:43:10.183,0.82896,0.82926,1.50,1.73
2013.01.17 02:43:20.951,0.82897,0.82928,1.50,2.48
2013.01.17 02:43:21.122,0.82898,0.82928,1.50,2.48
2013.01.17 02:43:27.107,0.82892,0.82928,1.73,2.48
2013.01.17 02:43:27.246,0.8289,0.8292,1.73,1.50
2013.01.17 02:43:27.305,0.8289,0.8292,2.48,1.50
2013.01.17 02:43:31.066,0.82889,0.82919,1.73,1.50
2013.01.17 02:43:31.184,0.82889,0.82919,1.73,1.50
2013.01.17 02:43:33.594,0.82889,0.82919,1.73,1.50
2013.01.17 02:43:33.992,0.82893,0.82923,1.50,1.73
2013.01.17 02:43:34.232,0.82891,0.82923,1.73,1.73
2013.01.17 02:43:35.413,0.82896,0.82922,1.73,1.50
2013.01.17 02:43:36.653,0.82896,0.82926,1.73,1.73
2013.01.17 02:43:39.394,0.82902,0.82929,1.50,1.73
2013.01.17 02:43:39.976,0.82899,0.82931,1.73,1.73
2013.01.17 02:43:53.047,0.82897,0.8293,1.73,1.73
2013.01.17 02:43:53.983,0.82898,0.8293,1.73,1.73
2013.01.17 02:43:55.853,0.82896,0.8293,1.73,1.73
2013.01.17 02:43:58.933,0.82898,0.82928,1.73,1.50
2013.01.17 02:44:14.262,0.82898,0.82928,1.73,1.50
2013.01.17 02:44:17.293,0.82896,0.82932,1.73,1.50
2013.01.17 02:44:22.514,0.82902,0.82932,1.73,1.50
2013.01.17 02:44:23.205,0.82896,0.82932,1.73,1.50
2013.01.17 02:44:32.633,0.82897,0.82932,1.73,1.50
2013.01.17 02:44:32.755,0.82897,0.8293,1.73,1.73
2013.01.17 02:44:41.373,0.82898,0.82928,1.73,1.50
2013.01.17 02:44:43.903,0.82895,0.82925,1.73,1.50
2013.01.17 02:44:43.963,0.82895,0.82925,1.73,1.73
2013.01.17 02:44:44.905,0.82892,0.82924,1.73,2.48
2013.01.17 02:44:45.162,0.82892,0.82923,1.73,1.50
2013.01.17 02:44:48.583,0.82892,0.82923,1.73,1.50
2013.01.17 02:44:54.295,0.82891,0.82924,1.73,2.48
2013.01.17 02:45:06.162,0.82891,0.8292,1.73,1.50
2013.01.17 02:45:53.491,0.82888,0.82924,1.59,1.50
2013.01.17 02:45:58.043,0.82888,0.82924,1.59,1.50
2013.01.17 02:46:07.524,0.82888,0.82923,1.59,1.50
2013.01.17 02:46:09.522,0.82888,0.82924,1.59,1.50
2013.01.17 02:46:13.903,0.82888,0.82924,1.59,1.50
2013.01.17 02:46:18.633,0.82888,0.82924,1.59,1.50
2013.01.17 02:46:23.092,0.82895,0.82924,1.73,1.50
2013.01.17 02:46:23.444,0.82897,0.82923,1.73,1.50
2013.01.17 02:46:23.986,0.82897,0.82927,1.73,1.50
2013.01.17 02:46:24.054,0.82897,0.82928,1.73,1.50
2013.01.17 02:46:26.664,0.82898,0.82928,1.73,1.50
2013.01.17 02:46:49.934,0.82896,0.82928,1.73,1.50
2013.01.17 02:47:12.262,0.82895,0.82925,1.73,1.50
2013.01.17 02:47:26.692,0.82895,0.82925,1.50,1.73
2013.01.17 02:47:32.752,0.82894,0.82926,1.73,1.73
2013.01.17 02:47:50.703,0.82889,0.82928,1.73,1.73
2013.01.17 02:48:13.387,0.82889,0.82926,1.73,1.73
2013.01.17 02:48:13.750,0.82889,0.82926,1.73,1.73
2013.01.17 02:48:22.400,0.82889,0.82926,1.73,1.73
2013.01.17 02:48:22.933,0.82889,0.82926,1.73,1.73
2013.01.17 02:48:23.398,0.82891,0.82921,1.73,1.50
2013.01.17 02:48:55.704,0.82892,0.82921,1.73,1.50
2013.01.17 02:48:56.471,0.82892,0.82922,1.73,1.50
2013.01.17 02:49:23.073,0.82887,0.82923,1.52,1.50
2013.01.17 02:49:23.604,0.82891,0.82923,1.73,2.25
2013.01.17 02:49:24.932,0.82891,0.82923,1.73,1.50
2013.01.17 02:49:25.703,0.82895,0.82928,1.73,1.50
2013.01.17 02:49:35.972,0.82896,0.82928,1.73,1.50
2013.01.17 02:49:57.499,0.82896,0.82928,1.73,1.50
2013.01.17 02:50:17.540,0.82896,0.82931,1.73,1.50
2013.01.17 02:50:17.663,0.82896,0.82927,1.73,1.50
2013.01.17 02:50:17.973,0.82897,0.82928,1.73,2.25
2013.01.17 02:50:26.944,0.82897,0.82928,1.73,1.50
2013.01.17 02:50:36.789,0.82896,0.82928,2.20,1.50
2013.01.17 02:50:36.973,0.82894,0.82924,1.35,1.73
2013.01.17 02:50:37.184,0.82894,0.82925,2.10,1.50
2013.01.17 02:50:43.117,0.82894,0.82926,1.73,1.50
2013.01.17 02:50:49.132,0.82892,0.82925,1.73,1.50
2013.01.17 02:50:49.253,0.82895,0.82925,1.73,1.50
2013.01.17 02:50:51.164,0.82891,0.82925,1.73,1.50
2013.01.17 02:50:51.434,0.82895,0.82925,1.73,1.50
2013.01.17 02:50:52.333,0.82892,0.82925,1.73,1.50
2013.01.17 02:50:52.905,0.82895,0.82925,1.73,1.50
2013.01.17 02:50:53.023,0.82896,0.82925,1.73,1.50
2013.01.17 02:50:54.394,0.82894,0.82925,1.20,1.50
2013.01.17 02:50:55.434,0.82896,0.82925,1.73,1.50
2013.01.17 02:50:58.124,0.82896,0.82925,1.73,1.50
2013.01.17 02:51:07.228,0.82896,0.82924,1.73,1.50
2013.01.17 02:51:18.486,0.82893,0.82924,1.65,2.25
2013.01.17 02:51:22.273,0.82893,0.82924,1.73,1.50
2013.01.17 02:51:24.226,0.82893,0.82924,1.73,1.50
2013.01.17 02:51:30.443,0.82893,0.82924,1.73,1.13
2013.01.17 02:51:49.613,0.82893,0.82924,1.73,1.50
2013.01.17 02:51:59.136,0.82892,0.82924,1.73,1.50
2013.01.17 02:51:59.405,0.82893,0.82924,1.73,1.50
2013.01.17 02:52:06.725,0.82891,0.82924,1.73,2.63
2013.01.17 02:52:06.844,0.82893,0.82924,1.73,1.50
2013.01.17 02:52:06.903,0.82893,0.82924,1.73,1.50
2013.01.17 02:52:09.194,0.8289,0.8292,1.73,1.50
2013.01.17 02:52:19.094,0.82887,0.8292,1.73,2.25
2013.01.17 02:52:19.424,0.8289,0.8292,1.73,2.25
2013.01.17 02:52:20.414,0.8289,0.8292,1.73,1.50
2013.01.17 02:52:21.625,0.8289,0.8292,1.73,1.50
2013.01.17 02:52:26.683,0.8289,0.8292,1.73,1.50
2013.01.17 02:52:28.394,0.8289,0.8292,1.73,1.50
2013.01.17 02:52:30.424,0.8289,0.82919,1.73,1.50
2013.01.17 02:52:52.597,0.8289,0.82922,1.73,1.50
2013.01.17 02:52:56.614,0.8289,0.82922,1.73,1.50
2013.01.17 02:52:58.884,0.82897,0.82924,1.50,2.10
2013.01.17 02:52:59.064,0.82902,0.8293,1.73,1.88
2013.01.17 02:53:00.098,0.82902,0.8293,1.73,1.13
2013.01.17 02:53:25.649,0.82899,0.82932,1.73,1.50
2013.01.17 02:53:32.384,0.82898,0.82929,1.73,1.50
2013.01.17 02:53:47.298,0.82898,0.82929,1.73,1.50
2013.01.17 02:54:00.607,0.82898,0.82929,1.73,1.50
2013.01.17 02:54:12.290,0.82898,0.82929,1.73,1.50
2013.01.17 02:54:14.296,0.82898,0.82929,1.73,1.50
2013.01.17 02:54:14.673,0.82896,0.82929,1.73,1.73
2013.01.17 02:54:16.994,0.82894,0.82924,1.73,1.50
2013.01.17 02:54:17.806,0.82894,0.82924,1.73,1.50
2013.01.17 02:54:18.255,0.82894,0.82926,1.73,1.73
2013.01.17 02:54:19.896,0.82894,0.82924,1.73,1.50
2013.01.17 02:54:24.332,0.82897,0.82926,1.73,1.73
2013.01.17 02:54:24.474,0.82901,0.8293,1.73,1.13
2013.01.17 02:54:24.653,0.82901,0.82932,1.73,2.25
2013.01.17 02:54:25.113,0.82896,0.82931,2.31,1.50
2013.01.17 02:54:26.693,0.82901,0.82931,1.73,1.50
2013.01.17 02:54:26.874,0.82896,0.82931,2.31,1.50
2013.01.17 02:54:28.699,0.82901,0.82931,1.73,1.50
2013.01.17 02:54:43.147,0.82901,0.82932,1.73,1.50
2013.01.17 02:54:44.514,0.82901,0.82933,1.73,2.25
2013.01.17 02:54:55.190,0.82901,0.82933,1.73,2.25
2013.01.17 02:55:06.655,0.82901,0.82932,1.73,2.25
2013.01.17 02:55:10.976,0.82901,0.82932,1.73,1.50
2013.01.17 02:55:15.573,0.82901,0.82932,1.73,1.50
2013.01.17 02:55:25.928,0.82899,0.82934,1.52,1.50
2013.01.17 02:55:30.924,0.82902,0.82929,1.73,1.50
2013.01.17 02:55:31.273,0.82897,0.82928,3.23,1.50
2013.01.17 02:55:45.994,0.82901,0.82931,1.73,1.50
2013.01.17 02:55:46.053,0.82901,0.82933,1.73,2.25
2013.01.17 02:55:46.113,0.82901,0.82933,1.73,2.25
2013.01.17 02:55:46.174,0.82899,0.82933,1.73,2.48
2013.01.17 02:55:50.694,0.82901,0.82933,1.73,1.50
2013.01.17 02:55:51.135,0.82901,0.82933,1.73,1.50
2013.01.17 02:56:01.970,0.82901,0.82933,1.73,1.50
2013.01.17 02:56:03.406,0.82898,0.8293,1.20,1.50
2013.01.17 02:56:03.465,0.82897,0.8293,1.73,1.50
2013.01.17 02:56:30.374,0.82898,0.8293,1.73,1.50
2013.01.17 02:56:50.400,0.82897,0.8293,1.73,1.50
2013.01.17 02:56:54.034,0.82901,0.82932,1.73,1.50
2013.01.17 02:56:54.223,0.82901,0.82932,1.73,1.50
2013.01.17 02:56:55.185,0.82901,0.82932,1.73,1.50
2013.01.17 02:56:56.624,0.82906,0.82936,1.73,1.73
2013.01.17 02:56:57.434,0.82899,0.8293,1.73,1.50
2013.01.17 02:56:57.554,0.82899,0.8293,1.73,1.50
2013.01.17 02:57:11.415,0.82899,0.8293,1.73,1.73
2013.01.17 02:57:20.533,0.82898,0.8293,1.73,1.73
2013.01.17 02:57:30.225,0.82897,0.8293,1.73,1.73
2013.01.17 02:57:30.285,0.82902,0.82932,1.73,1.50
2013.01.17 02:57:30.843,0.82906,0.82938,1.73,1.73
2013.01.17 02:57:30.964,0.82902,0.82934,1.73,1.73
2013.01.17 02:57:31.165,0.82902,0.82937,1.73,1.50
2013.01.17 02:57:42.384,0.82907,0.82937,1.73,1.50
2013.01.17 02:58:31.613,0.82908,0.8294,1.73,1.73
2013.01.17 02:58:32.014,0.82909,0.82939,1.73,1.50
2013.01.17 02:58:32.074,0.82909,0.82939,1.73,1.73
2013.01.17 02:58:48.803,0.8291,0.82943,1.73,1.50
2013.01.17 02:59:27.433,0.82912,0.82943,1.73,1.50
2013.01.17 02:59:27.553,0.82912,0.82943,1.73,1.50
2013.01.17 02:59:27.673,0.8291,0.82943,1.73,2.25
2013.01.17 02:59:28.881,0.82907,0.82943,1.73,2.25
2013.01.17 02:59:28.952,0.82907,0.82939,1.73,2.48
2013.01.17 02:59:29.133,0.82908,0.82939,1.73,1.73
2013.01.17 02:59:29.199,0.82908,0.82939,1.73,1.50
2013.01.17 02:59:29.504,0.82907,0.82938,1.73,1.50
2013.01.17 02:59:36.606,0.82907,0.82941,1.73,1.73
2013.01.17 02:59:36.665,0.8291,0.82941,1.50,1.73
2013.01.17 02:59:36.784,0.8291,0.82939,1.73,1.50
2013.01.17 02:59:38.194,0.82906,0.82939,1.73,1.50
2013.01.17 02:59:38.254,0.82906,0.82939,1.73,1.73
2013.01.17 02:59:38.623,0.8291,0.82939,1.50,1.73
2013.01.17 02:59:38.684,0.8291,0.82939,1.73,1.50
2013.01.17 02:59:42.405,0.82906,0.82939,1.73,2.48
2013.01.17 02:59:42.705,0.82908,0.8294,1.73,1.73
2013.01.17 02:59:42.884,0.82908,0.8294,1.73,1.50
2013.01.17 02:59:43.194,0.82906,0.82939,1.73,2.25
2013.01.17 02:59:43.255,0.82906,0.82939,1.73,2.48
2013.01.17 02:59:50.904,0.82906,0.82937,1.73,1.50
2013.01.17 02:59:51.075,0.82907,0.82938,1.73,1.50
2013.01.17 02:59:51.364,0.82907,0.82939,1.73,2.48
