2017.07.04 03:00:02.643,0.94459,0.94486,1.00,1.00
2017.07.04 03:00:03.623,0.9446,0.94484,1.00,1.00
2017.07.04 03:00:04.380,0.94459,0.94483,1.00,1.00
2017.07.04 03:00:05.784,0.94461,0.94485,1.00,1.00
2017.07.04 03:00:08.947,0.94462,0.94486,1.00,1.00
2017.07.04 03:00:11.456,0.94463,0.94488,1.00,1.00
2017.07.04 03:00:14.165,0.94464,0.94488,1.00,1.00
2017.07.04 03:00:26.427,0.94464,0.94488,1.00,1.45
2017.07.04 03:00:27.247,0.94464,0.9449,1.00,1.95
2017.07.04 03:00:30.087,0.94464,0.94489,1.00,1.45
2017.07.04 03:00:31.955,0.94463,0.94488,1.00,1.45
2017.07.04 03:00:32.258,0.94463,0.94487,1.00,1.45
2017.07.04 03:00:32.982,0.94462,0.94487,1.00,1.45
2017.07.04 03:00:34.440,0.94461,0.94486,1.00,1.45
2017.07.04 03:00:42.458,0.94461,0.94488,1.00,1.45
2017.07.04 03:00:53.256,0.94461,0.94488,1.00,1.45
2017.07.04 03:00:53.703,0.94461,0.94489,1.00,1.95
2017.07.04 03:00:55.411,0.94461,0.94488,1.00,1.45
2017.07.04 03:00:55.656,0.94461,0.94489,1.00,1.20
2017.07.04 03:00:59.766,0.94461,0.94489,1.00,1.10
2017.07.04 03:01:00.713,0.94461,0.94489,1.00,1.20
2017.07.04 03:01:01.891,0.94461,0.94489,1.00,1.10
2017.07.04 03:01:04.500,0.94463,0.94489,1.00,1.10
2017.07.04 03:01:28.304,0.94463,0.9449,1.00,1.10
2017.07.04 03:01:29.342,0.94464,0.9449,1.00,1.10
2017.07.04 03:01:34.114,0.94465,0.94491,1.00,1.10
2017.07.04 03:01:34.514,0.94466,0.94493,1.00,1.00
2017.07.04 03:01:38.591,0.94468,0.94493,1.00,1.00
2017.07.04 03:01:38.692,0.94465,0.94492,1.10,1.00
2017.07.04 03:01:39.668,0.94465,0.94491,1.00,1.00
2017.07.04 03:01:40.340,0.94464,0.9449,1.00,1.00
2017.07.04 03:01:43.845,0.94464,0.94491,1.00,1.00
2017.07.04 03:01:44.847,0.94465,0.94491,1.00,1.00
2017.07.04 03:01:59.399,0.94464,0.94491,1.00,1.00
2017.07.04 03:02:19.650,0.94465,0.94491,1.00,1.00
2017.07.04 03:02:28.979,0.94466,0.94491,1.00,1.00
2017.07.04 03:02:34.197,0.94466,0.9449,1.00,1.00
2017.07.04 03:02:35.189,0.94465,0.9449,1.00,1.00
2017.07.04 03:02:44.466,0.94465,0.94491,1.00,1.00
2017.07.04 03:02:49.209,0.94466,0.94492,1.00,1.00
2017.07.04 03:02:59.496,0.94465,0.94491,1.00,1.00
2017.07.04 03:03:04.674,0.94466,0.94493,1.00,1.00
2017.07.04 03:03:05.148,0.94464,0.94491,1.07,1.00
2017.07.04 03:03:05.300,0.94466,0.94493,1.00,1.00
2017.07.04 03:03:05.580,0.94468,0.94493,1.00,1.00
2017.07.04 03:03:14.534,0.94469,0.94494,1.00,1.00
2017.07.04 03:03:31.319,0.94466,0.9449,1.00,1.00
2017.07.04 03:03:32.385,0.94465,0.94489,1.00,1.00
2017.07.04 03:03:41.885,0.94464,0.94489,1.00,1.00
2017.07.04 03:03:42.389,0.94465,0.9449,1.00,1.00
2017.07.04 03:03:42.691,0.94473,0.94498,1.00,1.00
2017.07.04 03:03:43.437,0.94474,0.94498,1.00,1.00
2017.07.04 03:03:44.586,0.94472,0.94498,1.00,1.00
2017.07.04 03:03:48.617,0.94471,0.94498,1.00,1.00
2017.07.04 03:03:49.772,0.9447,0.94494,1.10,1.00
2017.07.04 03:03:50.272,0.94467,0.94491,1.20,1.00
2017.07.04 03:03:58.472,0.94467,0.94491,1.20,1.00
2017.07.04 03:03:59.114,0.94467,0.94492,1.20,1.00
2017.07.04 03:04:01.514,0.94469,0.94493,1.00,1.00
2017.07.04 03:04:02.121,0.94468,0.94493,1.10,1.00
2017.07.04 03:04:02.557,0.94466,0.94492,1.10,1.00
2017.07.04 03:04:02.708,0.94466,0.94492,1.20,1.00
2017.07.04 03:04:03.215,0.94467,0.94493,1.07,1.00
2017.07.04 03:04:03.899,0.94467,0.94491,1.07,1.00
2017.07.04 03:04:04.860,0.94467,0.94492,1.07,1.00
2017.07.04 03:04:05.569,0.94467,0.94492,1.10,1.00
2017.07.04 03:04:06.461,0.94467,0.94492,1.07,1.00
2017.07.04 03:04:07.260,0.94467,0.94492,1.10,1.00
2017.07.04 03:04:07.705,0.94469,0.94493,1.00,1.00
2017.07.04 03:04:14.145,0.94467,0.94493,1.10,1.00
2017.07.04 03:04:15.686,0.94467,0.94493,1.07,1.00
2017.07.04 03:04:17.665,0.94469,0.94493,1.00,1.00
2017.07.04 03:04:17.716,0.94469,0.94495,1.20,1.00
2017.07.04 03:04:18.221,0.94469,0.94495,1.10,1.00
2017.07.04 03:04:20.322,0.94472,0.94497,1.00,1.00
2017.07.04 03:04:20.700,0.94474,0.94498,1.00,1.00
2017.07.04 03:04:22.098,0.94474,0.94501,1.00,1.00
2017.07.04 03:04:22.149,0.94474,0.94499,1.00,1.00
2017.07.04 03:04:22.401,0.94472,0.94499,1.50,1.00
2017.07.04 03:04:22.452,0.94473,0.94497,1.00,1.00
2017.07.04 03:04:22.654,0.94473,0.945,1.00,1.00
2017.07.04 03:04:25.767,0.94473,0.94498,1.00,1.00
2017.07.04 03:04:26.020,0.94479,0.94506,1.00,1.00
2017.07.04 03:04:26.121,0.94482,0.94506,1.00,1.00
2017.07.04 03:04:26.721,0.94482,0.94509,1.00,1.00
2017.07.04 03:04:27.631,0.94482,0.94507,1.00,1.00
2017.07.04 03:04:28.292,0.94482,0.94506,1.00,1.00
2017.07.04 03:04:29.175,0.94482,0.94507,1.00,1.00
2017.07.04 03:04:30.175,0.94481,0.94507,1.00,1.00
2017.07.04 03:04:33.854,0.94481,0.94505,1.00,1.00
2017.07.04 03:04:34.656,0.9448,0.94504,1.00,1.00
2017.07.04 03:04:35.163,0.94478,0.94505,1.00,1.00
2017.07.04 03:04:36.585,0.9448,0.94506,1.00,1.00
2017.07.04 03:04:37.550,0.9448,0.94505,1.00,1.00
2017.07.04 03:04:38.846,0.94482,0.94506,1.00,1.00
2017.07.04 03:04:44.706,0.94482,0.94507,1.00,1.00
2017.07.04 03:04:48.204,0.94485,0.94509,1.00,1.00
2017.07.04 03:04:48.305,0.94487,0.94513,1.07,1.00
2017.07.04 03:04:48.457,0.94486,0.9451,1.10,1.00
2017.07.04 03:04:49.950,0.94484,0.94511,1.45,1.00
2017.07.04 03:04:50.051,0.94484,0.94511,1.10,1.00
2017.07.04 03:04:57.984,0.94481,0.94505,1.50,1.00
2017.07.04 03:04:58.186,0.94479,0.94504,1.00,1.00
2017.07.04 03:04:58.538,0.94476,0.94501,1.10,1.00
2017.07.04 03:04:59.021,0.94478,0.94503,1.00,1.00
2017.07.04 03:04:59.736,0.94478,0.94505,1.00,1.00
2017.07.04 03:05:01.374,0.94474,0.945,1.10,1.00
2017.07.04 03:05:01.475,0.94475,0.94502,1.10,1.00
2017.07.04 03:05:01.575,0.94479,0.94503,1.10,1.00
2017.07.04 03:05:02.118,0.94482,0.94506,1.00,1.00
2017.07.04 03:05:04.479,0.94481,0.94508,1.00,1.00
2017.07.04 03:05:04.979,0.94483,0.94507,1.00,1.00
2017.07.04 03:05:07.265,0.94483,0.94507,1.00,1.07
2017.07.04 03:05:27.222,0.94483,0.94508,1.00,1.00
2017.07.04 03:05:29.794,0.94483,0.94507,1.00,1.00
2017.07.04 03:05:44.824,0.94483,0.94508,1.00,1.00
2017.07.04 03:05:59.821,0.94481,0.94507,1.00,1.00
2017.07.04 03:06:00.327,0.94479,0.94505,1.50,1.00
2017.07.04 03:06:00.629,0.94471,0.94495,1.00,1.00
2017.07.04 03:06:00.948,0.94473,0.94497,1.00,1.00
2017.07.04 03:06:01.049,0.94474,0.94499,1.00,1.00
2017.07.04 03:06:01.100,0.94474,0.94501,1.00,1.00
2017.07.04 03:06:01.151,0.94477,0.94502,1.00,1.00
2017.07.04 03:06:01.736,0.94476,0.94501,1.00,1.00
2017.07.04 03:06:02.310,0.94475,0.945,1.00,1.00
2017.07.04 03:06:02.512,0.94472,0.94499,1.50,1.00
2017.07.04 03:06:05.098,0.94471,0.94499,1.50,1.00
2017.07.04 03:06:05.341,0.94473,0.94499,1.00,1.00
2017.07.04 03:06:06.835,0.94472,0.94498,1.00,1.00
2017.07.04 03:06:07.912,0.94472,0.94499,1.00,1.00
2017.07.04 03:06:09.073,0.94471,0.945,1.00,1.00
2017.07.04 03:06:09.722,0.94473,0.94499,1.00,1.00
2017.07.04 03:06:14.383,0.94473,0.945,1.00,1.00
2017.07.04 03:06:14.787,0.94467,0.94493,1.20,1.00
2017.07.04 03:06:17.350,0.94467,0.94493,1.20,1.00
2017.07.04 03:06:17.695,0.94469,0.94494,1.20,1.00
2017.07.04 03:06:17.747,0.94469,0.94494,1.00,1.00
2017.07.04 03:06:18.189,0.94466,0.94492,1.00,1.00
2017.07.04 03:06:19.649,0.94465,0.94492,1.00,1.00
2017.07.04 03:06:19.750,0.94468,0.94493,1.00,1.00
2017.07.04 03:06:20.450,0.94472,0.94494,1.00,1.00
2017.07.04 03:06:22.113,0.94472,0.94496,1.00,1.00
2017.07.04 03:06:26.552,0.94474,0.94498,1.00,1.10
2017.07.04 03:06:27.018,0.94477,0.94499,1.00,1.00
2017.07.04 03:06:27.170,0.94478,0.94502,1.00,1.10
2017.07.04 03:06:27.710,0.94479,0.94503,1.00,1.00
2017.07.04 03:06:29.915,0.94481,0.94502,1.00,1.00
2017.07.04 03:06:34.657,0.9448,0.94502,1.00,1.00
2017.07.04 03:06:44.443,0.9448,0.94503,1.00,1.00
2017.07.04 03:06:49.688,0.9448,0.94502,1.00,1.00
2017.07.04 03:06:50.943,0.94478,0.945,1.00,1.00
2017.07.04 03:06:58.253,0.94478,0.94502,1.00,1.00
2017.07.04 03:06:59.505,0.94479,0.94503,1.00,1.00
2017.07.04 03:07:03.846,0.94482,0.94504,1.00,1.00
2017.07.04 03:07:03.947,0.9448,0.94503,1.00,1.00
2017.07.04 03:07:03.998,0.94482,0.94504,1.00,1.00
2017.07.04 03:07:10.547,0.94481,0.94504,1.00,1.00
2017.07.04 03:07:14.503,0.94482,0.94504,1.00,1.00
2017.07.04 03:07:17.022,0.9448,0.94504,1.00,1.00
2017.07.04 03:07:23.645,0.94481,0.94502,1.00,1.00
2017.07.04 03:07:29.593,0.9448,0.94504,1.00,1.00
2017.07.04 03:07:30.536,0.94479,0.94503,1.00,1.00
2017.07.04 03:07:34.777,0.9448,0.94504,1.00,1.00
2017.07.04 03:08:01.549,0.94479,0.94502,1.00,1.00
2017.07.04 03:08:02.066,0.94477,0.94499,1.00,1.00
2017.07.04 03:08:09.890,0.94478,0.94501,1.00,1.00
2017.07.04 03:08:09.941,0.94481,0.94503,1.00,1.10
2017.07.04 03:08:10.490,0.9448,0.94502,1.00,1.00
2017.07.04 03:08:14.666,0.94478,0.94502,1.00,1.00
2017.07.04 03:08:15.820,0.9448,0.94504,1.00,1.20
2017.07.04 03:08:16.437,0.9448,0.94504,1.00,1.07
2017.07.04 03:08:16.927,0.94482,0.94504,1.00,1.07
2017.07.04 03:08:18.176,0.94482,0.94504,1.00,1.00
2017.07.04 03:08:19.868,0.94483,0.94504,1.00,1.00
2017.07.04 03:08:29.653,0.94482,0.94504,1.00,1.00
2017.07.04 03:08:31.546,0.94479,0.94503,1.00,1.00
2017.07.04 03:08:32.217,0.94482,0.94504,1.00,1.00
2017.07.04 03:08:35.399,0.94481,0.94503,1.00,1.00
2017.07.04 03:08:44.683,0.94482,0.94504,1.00,1.00
2017.07.04 03:09:02.773,0.9448,0.94504,1.00,1.00
2017.07.04 03:09:10.890,0.94479,0.94503,1.00,1.00
2017.07.04 03:09:10.991,0.94478,0.945,1.00,1.00
2017.07.04 03:09:11.892,0.94477,0.945,1.00,1.00
2017.07.04 03:09:14.743,0.94478,0.94499,1.00,1.00
2017.07.04 03:09:15.746,0.94477,0.94501,1.00,1.00
2017.07.04 03:09:17.029,0.94478,0.94504,1.10,1.00
2017.07.04 03:09:17.080,0.94485,0.94509,1.00,1.50
2017.07.04 03:09:17.383,0.94484,0.94506,1.00,1.00
2017.07.04 03:09:18.048,0.94483,0.94505,1.00,1.00
2017.07.04 03:09:18.897,0.94484,0.94505,1.00,1.00
2017.07.04 03:09:20.497,0.94483,0.94505,1.00,1.00
2017.07.04 03:09:24.133,0.94484,0.94508,1.00,1.00
2017.07.04 03:09:30.275,0.94486,0.94507,1.00,1.00
2017.07.04 03:09:38.717,0.94486,0.9451,1.00,1.00
2017.07.04 03:09:38.768,0.94488,0.94509,1.00,1.00
2017.07.04 03:09:39.729,0.94487,0.94511,1.00,1.00
2017.07.04 03:09:41.020,0.9449,0.94512,1.00,1.00
2017.07.04 03:09:41.071,0.94493,0.94516,1.00,1.57
2017.07.04 03:09:41.189,0.94495,0.94516,1.00,1.50
2017.07.04 03:09:41.979,0.94495,0.94517,1.00,1.00
2017.07.04 03:09:50.047,0.94496,0.94517,1.00,1.00
2017.07.04 03:09:51.050,0.94496,0.94518,1.00,1.00
2017.07.04 03:09:56.635,0.94498,0.9452,1.00,1.00
2017.07.04 03:09:57.176,0.94499,0.94521,1.00,1.00
2017.07.04 03:09:57.729,0.94497,0.94521,1.00,1.00
2017.07.04 03:09:58.732,0.94497,0.94519,1.00,1.00
2017.07.04 03:09:59.834,0.94498,0.9452,1.00,1.00
2017.07.04 03:10:05.579,0.94497,0.94519,1.00,1.00
2017.07.04 03:10:15.365,0.94497,0.9452,1.00,1.00
2017.07.04 03:10:20.108,0.94497,0.94519,1.00,1.00
2017.07.04 03:10:30.395,0.94497,0.94521,1.00,1.00
2017.07.04 03:10:37.032,0.94494,0.94519,1.00,1.00
2017.07.04 03:10:45.377,0.94493,0.94519,1.00,1.00
2017.07.04 03:10:54.759,0.94493,0.94519,1.20,1.00
2017.07.04 03:10:56.064,0.94497,0.94522,1.00,1.00
2017.07.04 03:10:56.442,0.94495,0.9452,1.00,1.00
2017.07.04 03:11:10.385,0.94496,0.94522,1.00,1.00
2017.07.04 03:11:11.368,0.94496,0.94521,1.00,1.00
2017.07.04 03:11:14.984,0.94497,0.94521,1.00,1.00
2017.07.04 03:11:15.984,0.94496,0.94523,1.00,1.00
2017.07.04 03:11:20.229,0.94497,0.94523,1.00,1.00
2017.07.04 03:11:20.738,0.94495,0.94522,1.10,1.00
2017.07.04 03:11:25.440,0.94494,0.94519,1.42,1.00
2017.07.04 03:11:25.490,0.94492,0.94519,1.00,1.00
2017.07.04 03:11:26.100,0.94491,0.94517,1.10,1.00
2017.07.04 03:11:26.630,0.94491,0.94517,1.07,1.00
2017.07.04 03:11:34.049,0.94491,0.94517,1.10,1.00
2017.07.04 03:11:34.567,0.94491,0.94517,1.07,1.00
2017.07.04 03:11:40.922,0.94491,0.94517,1.00,1.00
2017.07.04 03:11:48.537,0.94492,0.94518,1.00,1.00
2017.07.04 03:11:48.866,0.94494,0.94518,1.00,1.00
2017.07.04 03:11:58.996,0.94491,0.94518,1.10,1.00
2017.07.04 03:11:59.147,0.94491,0.94515,1.00,1.00
2017.07.04 03:11:59.249,0.94489,0.94515,1.00,1.00
2017.07.04 03:11:59.350,0.94486,0.94511,1.10,1.00
2017.07.04 03:11:59.665,0.94483,0.94507,1.00,1.00
2017.07.04 03:12:00.490,0.9448,0.94507,1.00,1.00
2017.07.04 03:12:05.819,0.94481,0.94505,1.00,1.00
2017.07.04 03:12:06.370,0.94479,0.94505,1.00,1.00
2017.07.04 03:12:08.691,0.94481,0.94505,1.00,1.00
2017.07.04 03:12:09.513,0.94482,0.94506,1.00,1.00
2017.07.04 03:12:10.174,0.94482,0.94507,1.00,1.00
2017.07.04 03:12:13.765,0.94481,0.94507,1.00,1.00
2017.07.04 03:12:15.604,0.94482,0.94507,1.00,1.00
2017.07.04 03:12:16.167,0.94481,0.94506,1.00,1.00
2017.07.04 03:12:16.778,0.94482,0.94507,1.00,1.00
2017.07.04 03:12:30.635,0.94483,0.94507,1.00,1.00
2017.07.04 03:12:32.654,0.94483,0.94508,1.00,1.00
2017.07.04 03:12:33.614,0.94484,0.94508,1.00,1.00
2017.07.04 03:12:35.397,0.94483,0.94508,1.00,1.00
2017.07.04 03:12:45.665,0.94483,0.94507,1.00,1.00
2017.07.04 03:12:49.880,0.94483,0.94507,1.45,1.00
2017.07.04 03:12:49.931,0.94484,0.9451,1.20,1.00
2017.07.04 03:12:50.521,0.94484,0.9451,1.45,1.00
2017.07.04 03:12:50.572,0.94485,0.94512,1.20,1.00
2017.07.04 03:12:51.131,0.94485,0.94512,1.10,1.00
2017.07.04 03:12:53.489,0.94485,0.94512,1.07,1.00
2017.07.04 03:12:53.862,0.94487,0.94511,1.07,1.00
2017.07.04 03:12:53.912,0.94488,0.94513,1.10,1.00
2017.07.04 03:12:54.065,0.94488,0.94513,1.45,1.00
2017.07.04 03:12:55.156,0.94488,0.94513,1.07,1.00
2017.07.04 03:13:00.194,0.94487,0.94511,1.20,1.00
2017.07.04 03:13:00.695,0.94488,0.94513,1.20,1.00
2017.07.04 03:13:01.330,0.94488,0.94513,1.10,1.00
2017.07.04 03:13:01.847,0.94488,0.94512,1.20,1.00
2017.07.04 03:13:08.658,0.94488,0.94512,1.10,1.00
2017.07.04 03:13:14.264,0.94488,0.94512,1.20,1.00
2017.07.04 03:13:15.224,0.94488,0.94513,1.20,1.00
2017.07.04 03:13:16.233,0.94488,0.94513,1.00,1.00
2017.07.04 03:13:19.095,0.94489,0.94513,1.00,1.00
2017.07.04 03:13:19.752,0.94489,0.94513,1.07,1.00
2017.07.04 03:13:20.416,0.94489,0.94514,1.07,1.00
2017.07.04 03:13:21.076,0.94489,0.94514,1.00,1.00
2017.07.04 03:13:24.744,0.94489,0.94515,1.00,1.00
2017.07.04 03:13:25.289,0.9449,0.94513,1.00,1.00
2017.07.04 03:13:25.340,0.94489,0.94516,1.00,1.00
2017.07.04 03:13:35.498,0.9449,0.94516,1.00,1.00
2017.07.04 03:13:41.448,0.9449,0.94514,1.00,1.00
2017.07.04 03:13:41.499,0.94488,0.94514,1.10,1.00
2017.07.04 03:13:45.284,0.94488,0.94513,1.00,1.00
2017.07.04 03:13:58.517,0.94487,0.94512,1.00,1.00
2017.07.04 03:13:59.294,0.94486,0.94511,1.10,1.00
2017.07.04 03:14:01.842,0.94488,0.94512,1.00,1.00
2017.07.04 03:14:01.893,0.94489,0.94514,1.00,1.00
2017.07.04 03:14:01.944,0.94487,0.94514,1.10,1.00
2017.07.04 03:14:01.994,0.9449,0.94514,1.00,1.00
2017.07.04 03:14:02.978,0.94489,0.94516,1.00,1.00
2017.07.04 03:14:05.194,0.94492,0.94517,1.00,1.00
2017.07.04 03:14:05.497,0.94496,0.94522,1.07,1.00
2017.07.04 03:14:06.271,0.94497,0.94524,1.10,1.00
2017.07.04 03:14:06.786,0.94497,0.94524,1.07,1.00
2017.07.04 03:14:07.334,0.94499,0.94523,1.00,1.00
2017.07.04 03:14:08.898,0.94499,0.94524,1.10,1.00
2017.07.04 03:14:10.178,0.94499,0.94525,1.00,1.00
2017.07.04 03:14:10.330,0.94496,0.94523,1.95,1.00
2017.07.04 03:14:10.841,0.94496,0.94523,1.45,1.00
2017.07.04 03:14:11.286,0.94496,0.94521,1.45,1.00
2017.07.04 03:14:12.277,0.94496,0.94521,1.45,1.00
2017.07.04 03:14:12.887,0.94497,0.94521,1.20,1.00
2017.07.04 03:14:14.632,0.94497,0.94521,1.20,1.00
2017.07.04 03:14:14.683,0.94499,0.94523,1.00,1.00
2017.07.04 03:14:18.897,0.94496,0.94523,1.95,1.00
2017.07.04 03:14:19.240,0.94496,0.94521,1.45,1.00
2017.07.04 03:14:19.914,0.94495,0.94521,1.95,1.00
2017.07.04 03:14:28.218,0.94497,0.94523,1.45,1.00
2017.07.04 03:14:28.875,0.94497,0.94523,1.45,1.00
2017.07.04 03:14:31.568,0.94497,0.94524,1.45,1.00
2017.07.04 03:14:34.446,0.94497,0.94524,1.20,1.00
2017.07.04 03:14:35.235,0.94497,0.94524,1.45,1.00
2017.07.04 03:14:36.119,0.94498,0.94522,1.20,1.00
2017.07.04 03:14:38.716,0.94498,0.94522,1.10,1.00
2017.07.04 03:14:39.490,0.94498,0.94523,1.10,1.00
2017.07.04 03:14:43.886,0.94498,0.94523,1.07,1.00
2017.07.04 03:14:49.198,0.94497,0.94523,1.45,1.00
2017.07.04 03:14:50.648,0.94497,0.94524,1.45,1.00
2017.07.04 03:14:52.503,0.94499,0.94523,1.10,1.00
2017.07.04 03:14:53.022,0.94499,0.94524,1.10,1.00
2017.07.04 03:14:55.397,0.94499,0.94524,1.20,1.00
2017.07.04 03:14:56.098,0.945,0.94525,1.10,1.00
2017.07.04 03:14:56.658,0.94501,0.94525,1.00,1.00
2017.07.04 03:14:57.965,0.945,0.94525,1.20,1.00
2017.07.04 03:14:58.638,0.94501,0.94526,1.10,1.00
2017.07.04 03:15:00.434,0.94501,0.94525,1.10,1.00
2017.07.04 03:15:06.173,0.945,0.94527,1.20,1.00
2017.07.04 03:15:09.740,0.945,0.94527,1.10,1.00
2017.07.04 03:15:13.719,0.94499,0.94525,1.07,1.00
2017.07.04 03:15:14.182,0.94498,0.94522,1.20,1.00
2017.07.04 03:15:15.218,0.94497,0.94521,1.45,1.00
2017.07.04 03:15:19.267,0.94497,0.94521,1.07,1.00
2017.07.04 03:15:19.855,0.94496,0.9452,1.20,1.00
2017.07.04 03:15:20.598,0.94496,0.94521,1.20,1.00
2017.07.04 03:15:22.723,0.94496,0.94521,1.10,1.00
2017.07.04 03:15:23.177,0.94496,0.94521,1.45,1.00
2017.07.04 03:15:23.780,0.94496,0.94521,1.45,1.00
2017.07.04 03:15:24.556,0.94496,0.94521,1.45,1.00
2017.07.04 03:15:26.495,0.94495,0.94519,1.95,1.00
2017.07.04 03:15:26.546,0.94495,0.94519,1.45,1.00
2017.07.04 03:15:27.200,0.94493,0.9452,1.95,1.00
2017.07.04 03:15:27.859,0.94495,0.94521,1.45,1.00
2017.07.04 03:15:28.916,0.94495,0.94521,1.00,1.00
2017.07.04 03:15:29.511,0.94495,0.94521,1.20,1.00
2017.07.04 03:15:30.030,0.94497,0.94522,1.07,1.00
2017.07.04 03:15:30.189,0.94498,0.94525,1.10,1.00
2017.07.04 03:15:30.240,0.94501,0.94527,1.00,1.00
2017.07.04 03:15:30.563,0.94504,0.94528,1.07,1.00
2017.07.04 03:15:31.173,0.94504,0.94528,1.10,1.00
2017.07.04 03:15:32.032,0.94509,0.94533,1.20,1.00
2017.07.04 03:15:32.264,0.94511,0.94537,1.95,1.00
2017.07.04 03:15:32.766,0.94512,0.94537,1.07,1.00
2017.07.04 03:15:34.043,0.94512,0.94537,1.00,1.00
2017.07.04 03:15:36.234,0.94512,0.94538,1.00,1.00
2017.07.04 03:15:45.561,0.94512,0.94538,1.07,1.00
2017.07.04 03:15:46.089,0.94513,0.94537,1.00,1.00
2017.07.04 03:15:49.814,0.94514,0.94539,1.00,1.00
2017.07.04 03:15:50.795,0.94513,0.94539,1.57,1.00
2017.07.04 03:15:51.351,0.94514,0.9454,1.00,1.00
2017.07.04 03:15:52.886,0.94516,0.9454,1.00,1.00
2017.07.04 03:16:01.049,0.94514,0.94541,1.00,1.00
2017.07.04 03:16:16.080,0.94515,0.94542,1.00,1.00
2017.07.04 03:16:30.078,0.94514,0.9454,1.50,1.00
2017.07.04 03:16:30.179,0.94512,0.94539,1.57,1.00
2017.07.04 03:16:31.060,0.94512,0.94537,1.00,1.00
2017.07.04 03:16:31.403,0.9451,0.94534,1.00,1.00
2017.07.04 03:16:35.853,0.94509,0.94534,1.00,1.00
2017.07.04 03:16:46.139,0.9451,0.94534,1.00,1.00
2017.07.04 03:16:48.598,0.94511,0.94535,1.00,1.00
2017.07.04 03:16:51.447,0.9451,0.94535,1.10,1.00
2017.07.04 03:17:01.323,0.94509,0.94535,1.10,1.00
2017.07.04 03:17:05.916,0.94508,0.94535,1.50,1.00
2017.07.04 03:17:06.278,0.94509,0.94531,1.00,1.00
2017.07.04 03:17:06.329,0.94507,0.94531,1.00,1.00
2017.07.04 03:17:06.430,0.94504,0.94531,1.57,1.00
2017.07.04 03:17:06.481,0.94504,0.94528,1.50,1.00
2017.07.04 03:17:07.277,0.94502,0.94527,1.50,1.00
2017.07.04 03:17:13.720,0.94501,0.94527,1.50,1.00
2017.07.04 03:17:16.199,0.94501,0.94528,1.50,1.00
2017.07.04 03:17:25.695,0.94501,0.94528,1.57,1.00
2017.07.04 03:17:26.625,0.94501,0.94528,1.57,1.00
2017.07.04 03:17:30.733,0.94501,0.94527,1.57,1.00
2017.07.04 03:17:33.589,0.94501,0.94527,1.57,1.00
2017.07.04 03:17:34.132,0.94503,0.94527,1.00,1.00
2017.07.04 03:17:35.449,0.94502,0.94527,1.00,1.00
2017.07.04 03:17:41.393,0.94501,0.94526,1.00,1.00
2017.07.04 03:17:41.494,0.945,0.94519,1.00,1.00
2017.07.04 03:17:41.545,0.94494,0.94516,1.10,1.00
2017.07.04 03:17:41.646,0.9449,0.94515,1.20,1.00
2017.07.04 03:17:41.697,0.9449,0.94515,1.10,1.00
2017.07.04 03:17:42.163,0.94489,0.94512,1.00,1.00
2017.07.04 03:17:42.497,0.94487,0.94512,1.00,1.00
2017.07.04 03:17:43.500,0.94487,0.94511,1.00,1.00
2017.07.04 03:17:44.092,0.94488,0.94513,1.00,1.00
2017.07.04 03:17:45.041,0.9449,0.94514,1.20,1.00
2017.07.04 03:17:45.092,0.94491,0.94517,1.10,1.00
2017.07.04 03:17:45.143,0.94493,0.94517,1.10,1.00
2017.07.04 03:17:45.244,0.94491,0.94516,1.57,1.00
2017.07.04 03:17:45.345,0.94491,0.94514,1.00,1.00
2017.07.04 03:17:45.980,0.9449,0.94514,1.00,1.00
2017.07.04 03:17:46.641,0.9449,0.94515,1.10,1.00
2017.07.04 03:17:47.161,0.94491,0.94515,1.00,1.00
2017.07.04 03:17:49.849,0.94492,0.94516,1.00,1.00
2017.07.04 03:17:50.603,0.94491,0.94516,1.10,1.00
2017.07.04 03:17:51.262,0.9449,0.94515,1.57,1.00
2017.07.04 03:17:51.933,0.94492,0.94518,1.00,1.00
2017.07.04 03:17:52.034,0.94496,0.94521,1.00,1.10
2017.07.04 03:17:52.536,0.94498,0.94522,1.00,1.00
2017.07.04 03:17:52.893,0.94496,0.94521,1.00,1.00
2017.07.04 03:17:52.944,0.94493,0.94518,1.10,1.00
2017.07.04 03:17:53.046,0.94491,0.94517,1.57,1.00
2017.07.04 03:17:53.571,0.94492,0.94517,1.00,1.00
2017.07.04 03:17:55.687,0.94494,0.94518,1.00,1.00
2017.07.04 03:17:55.889,0.94495,0.94522,1.50,1.00
2017.07.04 03:18:00.789,0.94495,0.94521,1.50,1.00
2017.07.04 03:18:01.290,0.94496,0.94521,1.00,1.00
2017.07.04 03:18:02.440,0.94496,0.94523,1.50,1.00
2017.07.04 03:18:02.491,0.94499,0.94524,1.00,1.00
2017.07.04 03:18:03.573,0.94499,0.94524,1.07,1.00
2017.07.04 03:18:04.732,0.94499,0.94524,1.00,1.00
2017.07.04 03:18:05.079,0.94501,0.94526,1.10,1.00
2017.07.04 03:18:05.260,0.94503,0.94529,1.00,1.00
2017.07.04 03:18:05.311,0.94506,0.94531,1.00,1.00
2017.07.04 03:18:05.866,0.94507,0.94534,1.00,1.10
2017.07.04 03:18:06.028,0.94507,0.94532,1.00,1.00
2017.07.04 03:18:06.302,0.94504,0.94531,1.00,1.00
2017.07.04 03:18:08.610,0.94503,0.9453,1.00,1.00
2017.07.04 03:18:11.745,0.94505,0.94531,1.00,1.00
2017.07.04 03:18:12.716,0.94505,0.94531,1.07,1.00
2017.07.04 03:18:13.070,0.94508,0.94532,1.00,1.00
2017.07.04 03:18:13.728,0.94507,0.94531,1.00,1.00
2017.07.04 03:18:15.818,0.94505,0.94532,1.00,1.00
2017.07.04 03:18:16.821,0.94506,0.94532,1.00,1.00
2017.07.04 03:18:20.847,0.94506,0.94532,1.07,1.00
2017.07.04 03:18:21.456,0.94506,0.94532,1.10,1.00
2017.07.04 03:18:22.117,0.94506,0.94533,1.10,1.00
2017.07.04 03:18:24.807,0.94507,0.94533,1.00,1.00
2017.07.04 03:18:25.768,0.94506,0.94531,1.00,1.00
2017.07.04 03:18:26.407,0.94506,0.9453,1.00,1.00
2017.07.04 03:18:30.849,0.94504,0.94531,1.00,1.00
2017.07.04 03:18:31.465,0.94505,0.94529,1.00,1.00
2017.07.04 03:18:33.905,0.94504,0.94528,1.00,1.00
2017.07.04 03:18:33.956,0.94501,0.94527,1.07,1.00
2017.07.04 03:18:34.411,0.94501,0.94525,1.07,1.00
2017.07.04 03:18:35.098,0.94501,0.94525,1.10,1.00
2017.07.04 03:18:35.852,0.94501,0.94525,1.07,1.00
2017.07.04 03:18:37.195,0.94501,0.94525,1.10,1.00
2017.07.04 03:18:42.953,0.94501,0.94525,1.07,1.00
2017.07.04 03:18:44.179,0.94501,0.94525,1.10,1.00
2017.07.04 03:18:53.173,0.94501,0.94525,1.07,1.00
2017.07.04 03:18:55.438,0.94501,0.94525,1.10,1.00
2017.07.04 03:18:56.064,0.94499,0.94523,1.45,1.00
2017.07.04 03:18:56.592,0.94499,0.94523,1.20,1.00
2017.07.04 03:18:57.283,0.94499,0.94523,1.00,1.00
2017.07.04 03:19:00.393,0.94499,0.94525,1.10,1.00
2017.07.04 03:19:01.268,0.94498,0.94523,1.00,1.00
2017.07.04 03:19:01.571,0.94496,0.94521,1.00,1.00
2017.07.04 03:19:01.906,0.94495,0.94519,1.00,1.00
2017.07.04 03:19:06.654,0.94494,0.94521,1.00,1.00
2017.07.04 03:19:08.705,0.94495,0.94522,1.00,1.10
2017.07.04 03:19:09.950,0.94496,0.94522,1.00,1.00
2017.07.04 03:19:17.968,0.94494,0.94521,1.10,1.00
2017.07.04 03:19:18.170,0.94491,0.94518,1.20,1.00
2017.07.04 03:19:18.566,0.94491,0.94515,1.10,1.00
2017.07.04 03:19:18.617,0.94488,0.94514,1.00,1.00
2017.07.04 03:19:19.517,0.94489,0.94515,1.00,1.10
2017.07.04 03:19:21.684,0.94488,0.94515,1.00,1.00
2017.07.04 03:19:24.289,0.9449,0.94516,1.00,1.00
2017.07.04 03:19:31.469,0.94489,0.94516,1.10,1.00
2017.07.04 03:19:35.373,0.94489,0.94516,1.20,1.00
2017.07.04 03:19:35.708,0.94489,0.94514,1.10,1.00
2017.07.04 03:19:36.030,0.94489,0.94514,1.20,1.00
2017.07.04 03:19:36.691,0.94488,0.94514,1.45,1.00
2017.07.04 03:19:46.018,0.94489,0.94514,1.10,1.00
2017.07.04 03:19:46.550,0.94489,0.94514,1.07,1.00
2017.07.04 03:19:47.489,0.94489,0.94514,1.00,1.00
2017.07.04 03:19:48.470,0.94493,0.94514,1.00,1.00
2017.07.04 03:19:50.438,0.94492,0.94514,1.00,1.00
2017.07.04 03:19:51.243,0.94491,0.94513,1.00,1.00
2017.07.04 03:20:06.779,0.94491,0.94514,1.00,1.00
2017.07.04 03:20:07.476,0.94494,0.94515,1.00,1.00
2017.07.04 03:20:16.063,0.94492,0.94516,1.00,1.00
2017.07.04 03:20:19.301,0.94494,0.94516,1.00,1.00
2017.07.04 03:20:22.098,0.94495,0.94519,1.00,1.00
2017.07.04 03:20:22.249,0.94499,0.94521,1.10,1.00
2017.07.04 03:20:23.059,0.94499,0.94523,1.20,1.00
2017.07.04 03:20:24.348,0.94501,0.94523,1.00,1.00
2017.07.04 03:20:25.221,0.94497,0.94522,1.95,1.00
2017.07.04 03:20:30.076,0.94498,0.94524,1.45,1.00
2017.07.04 03:20:30.127,0.945,0.94524,1.45,1.00
2017.07.04 03:20:30.646,0.94499,0.94524,1.45,1.00
2017.07.04 03:20:31.438,0.94499,0.94523,1.95,1.00
2017.07.04 03:20:35.691,0.94499,0.94523,1.95,1.00
2017.07.04 03:20:58.238,0.94499,0.94523,1.00,1.00
2017.07.04 03:20:58.646,0.94497,0.94521,1.95,1.00
2017.07.04 03:21:09.981,0.94497,0.94521,1.10,1.00
2017.07.04 03:21:14.603,0.94495,0.94521,1.95,1.00
2017.07.04 03:21:14.960,0.94496,0.94519,1.45,1.00
2017.07.04 03:21:15.592,0.94494,0.94518,1.95,1.00
2017.07.04 03:21:16.253,0.94495,0.94519,1.95,1.00
2017.07.04 03:21:16.341,0.94495,0.94522,1.95,1.00
2017.07.04 03:21:16.493,0.94498,0.94522,1.45,1.00
2017.07.04 03:21:17.391,0.94498,0.94521,1.45,1.00
2017.07.04 03:21:21.428,0.94498,0.94522,1.45,1.00
2017.07.04 03:21:27.997,0.94499,0.94522,1.45,1.00
2017.07.04 03:21:28.554,0.94498,0.94522,1.45,1.00
2017.07.04 03:21:29.810,0.94498,0.94522,1.45,1.00
2017.07.04 03:21:30.965,0.94498,0.94522,1.45,1.00
2017.07.04 03:21:31.962,0.94499,0.94522,1.45,1.00
2017.07.04 03:21:32.613,0.94497,0.94522,1.95,1.00
2017.07.04 03:21:33.223,0.94499,0.94522,1.20,1.00
2017.07.04 03:21:37.912,0.94498,0.94522,1.20,1.00
2017.07.04 03:21:38.963,0.94498,0.94522,1.45,1.00
2017.07.04 03:21:39.943,0.94498,0.94522,1.20,1.00
2017.07.04 03:21:41.308,0.94498,0.94522,1.45,1.00
2017.07.04 03:21:42.966,0.94497,0.94522,1.95,1.00
2017.07.04 03:21:43.958,0.94499,0.94522,1.45,1.00
2017.07.04 03:21:44.514,0.94498,0.94522,1.20,1.00
2017.07.04 03:21:45.175,0.94499,0.94522,1.20,1.00
2017.07.04 03:21:47.938,0.94498,0.94522,1.20,1.00
2017.07.04 03:21:48.968,0.94499,0.94522,1.20,1.00
2017.07.04 03:21:49.434,0.94498,0.94524,1.45,1.00
2017.07.04 03:21:49.485,0.945,0.94524,1.45,1.00
2017.07.04 03:21:49.536,0.945,0.94526,1.45,1.00
2017.07.04 03:21:49.939,0.94499,0.94526,1.95,1.00
2017.07.04 03:21:50.086,0.94499,0.94524,1.95,1.00
2017.07.04 03:21:50.187,0.94502,0.94526,1.20,1.00
2017.07.04 03:21:51.240,0.94503,0.94529,1.00,1.00
2017.07.04 03:21:53.771,0.94503,0.94529,1.95,1.00
2017.07.04 03:21:54.074,0.94509,0.94532,1.20,1.00
2017.07.04 03:21:54.237,0.9451,0.94534,1.10,1.00
2017.07.04 03:21:56.896,0.9451,0.94534,1.95,1.00
2017.07.04 03:22:00.069,0.9451,0.94533,1.20,1.00
2017.07.04 03:22:00.764,0.94508,0.94533,1.95,1.00
2017.07.04 03:22:01.322,0.94508,0.94533,1.95,1.00
2017.07.04 03:22:02.610,0.94506,0.9453,1.20,1.00
2017.07.04 03:22:02.863,0.94505,0.94529,1.10,1.00
2017.07.04 03:22:05.465,0.94505,0.94529,1.07,1.00
2017.07.04 03:22:06.047,0.94505,0.94529,1.10,1.00
2017.07.04 03:22:06.476,0.94505,0.94529,1.20,1.00
2017.07.04 03:22:07.019,0.94504,0.94528,1.45,1.00
2017.07.04 03:22:07.565,0.94504,0.94528,1.20,1.00
2017.07.04 03:22:08.460,0.94504,0.94528,1.20,1.00
2017.07.04 03:22:09.016,0.94504,0.94528,1.20,1.00
2017.07.04 03:22:09.461,0.94504,0.94528,1.45,1.00
2017.07.04 03:22:10.022,0.94504,0.94528,1.45,1.00
2017.07.04 03:22:10.682,0.94504,0.94528,1.45,1.00
2017.07.04 03:22:14.567,0.94504,0.94528,1.20,1.00
2017.07.04 03:22:15.790,0.94504,0.94528,1.45,1.00
2017.07.04 03:22:16.295,0.94505,0.94529,1.20,1.00
2017.07.04 03:22:17.811,0.94503,0.94529,1.95,1.00
2017.07.04 03:22:17.910,0.94503,0.94529,1.45,1.00
2017.07.04 03:22:18.811,0.94503,0.94529,1.95,1.00
2017.07.04 03:22:18.910,0.94503,0.94529,1.45,1.00
2017.07.04 03:22:19.568,0.94503,0.94529,1.95,1.00
2017.07.04 03:22:21.598,0.94502,0.94529,1.95,1.00
2017.07.04 03:22:22.863,0.94503,0.94529,1.45,1.00
2017.07.04 03:22:23.558,0.94503,0.94529,1.45,1.00
2017.07.04 03:22:30.199,0.94505,0.94529,1.45,1.00
2017.07.04 03:22:31.334,0.94505,0.9453,1.45,1.00
2017.07.04 03:22:34.070,0.94505,0.9453,1.45,1.00
2017.07.04 03:22:36.578,0.94505,0.94529,1.45,1.00
2017.07.04 03:22:38.742,0.94505,0.94529,1.95,1.00
2017.07.04 03:22:43.616,0.94507,0.94532,1.45,1.00
2017.07.04 03:22:44.497,0.94507,0.9453,1.45,1.00
2017.07.04 03:22:45.569,0.94509,0.9453,1.20,1.00
2017.07.04 03:22:46.866,0.94508,0.94531,1.45,1.00
2017.07.04 03:22:55.456,0.94507,0.94531,1.95,1.00
2017.07.04 03:23:01.395,0.94507,0.94533,1.45,1.00
2017.07.04 03:23:02.019,0.94508,0.94533,1.45,1.00
2017.07.04 03:23:02.830,0.94508,0.94533,1.45,1.00
2017.07.04 03:23:03.411,0.9451,0.94535,1.00,1.00
2017.07.04 03:23:03.512,0.94512,0.94536,1.00,1.00
2017.07.04 03:23:03.847,0.94514,0.94538,1.20,1.00
2017.07.04 03:23:03.898,0.94514,0.94541,1.95,1.00
2017.07.04 03:23:03.949,0.94518,0.94541,1.45,1.00
2017.07.04 03:23:05.242,0.94518,0.9454,1.45,1.00
2017.07.04 03:23:06.342,0.94521,0.9454,1.20,1.00
2017.07.04 03:23:06.558,0.94521,0.94542,1.20,1.00
2017.07.04 03:23:07.484,0.9452,0.94541,1.45,1.00
2017.07.04 03:23:13.040,0.94521,0.94541,1.45,1.00
2017.07.04 03:23:16.424,0.94521,0.94542,1.45,1.00
2017.07.04 03:23:16.967,0.94521,0.94543,1.45,1.00
2017.07.04 03:23:32.994,0.94521,0.94543,1.45,1.00
2017.07.04 03:23:34.308,0.94522,0.94543,1.20,1.00
2017.07.04 03:23:36.457,0.94521,0.94543,1.20,1.00
2017.07.04 03:23:37.102,0.9452,0.94543,1.45,1.00
2017.07.04 03:23:37.671,0.94519,0.94543,1.45,1.00
2017.07.04 03:23:37.873,0.94516,0.94542,1.00,1.00
2017.07.04 03:23:37.974,0.94515,0.9454,1.10,1.00
2017.07.04 03:23:40.624,0.94516,0.94543,1.00,1.00
2017.07.04 03:23:40.826,0.94517,0.94543,1.45,1.00
2017.07.04 03:23:40.877,0.94519,0.94545,1.10,1.00
2017.07.04 03:23:40.928,0.94519,0.94545,1.45,1.00
2017.07.04 03:23:41.674,0.94521,0.94546,1.00,1.00
2017.07.04 03:23:42.334,0.9452,0.94545,1.20,1.00
2017.07.04 03:23:45.621,0.9452,0.94545,1.20,1.00
2017.07.04 03:23:46.296,0.9452,0.94545,1.00,1.00
2017.07.04 03:23:47.007,0.94518,0.94544,1.95,1.00
2017.07.04 03:23:47.616,0.9452,0.94545,1.10,1.00
2017.07.04 03:23:48.988,0.9452,0.94545,1.20,1.00
2017.07.04 03:23:49.336,0.94519,0.94544,1.00,1.00
2017.07.04 03:23:50.393,0.94517,0.94543,1.00,1.00
2017.07.04 03:23:50.696,0.94516,0.94542,1.95,1.00
2017.07.04 03:23:51.385,0.94517,0.94543,1.20,1.00
2017.07.04 03:23:51.835,0.94519,0.94543,1.45,1.00
2017.07.04 03:23:52.350,0.94516,0.94541,1.00,1.00
2017.07.04 03:23:52.401,0.94513,0.94537,1.45,1.00
2017.07.04 03:23:52.452,0.94512,0.94537,1.00,1.00
2017.07.04 03:23:52.598,0.94508,0.94534,1.95,1.00
2017.07.04 03:23:52.649,0.94506,0.94533,1.00,1.00
2017.07.04 03:23:53.371,0.94508,0.94533,1.00,1.00
2017.07.04 03:24:01.545,0.94506,0.94534,1.00,1.50
2017.07.04 03:24:02.534,0.94506,0.94533,1.00,1.00
2017.07.04 03:24:08.750,0.94507,0.94533,1.00,1.50
2017.07.04 03:24:10.605,0.94506,0.94533,1.50,1.00
2017.07.04 03:24:15.084,0.94507,0.94533,1.00,1.00
2017.07.04 03:24:22.191,0.94507,0.94531,1.00,1.00
2017.07.04 03:24:22.750,0.94507,0.94532,1.00,1.00
2017.07.04 03:24:23.324,0.94507,0.94534,1.50,1.00
2017.07.04 03:24:23.425,0.94507,0.94533,1.00,1.07
2017.07.04 03:24:23.763,0.94507,0.9453,1.00,1.10
2017.07.04 03:24:24.148,0.94507,0.94526,1.00,1.00
2017.07.04 03:24:24.475,0.94507,0.94532,1.00,1.10
2017.07.04 03:24:24.634,0.94507,0.94532,1.00,1.95
2017.07.04 03:24:24.685,0.94507,0.94534,1.50,1.95
2017.07.04 03:24:25.415,0.94507,0.94534,1.50,1.00
2017.07.04 03:24:36.149,0.9451,0.94535,1.00,1.00
2017.07.04 03:24:36.451,0.94512,0.94538,1.00,1.00
2017.07.04 03:24:37.132,0.94512,0.9454,1.00,1.00
2017.07.04 03:24:37.233,0.94511,0.94537,1.00,1.00
2017.07.04 03:24:37.536,0.94513,0.94538,1.00,1.00
2017.07.04 03:24:38.531,0.94513,0.9454,1.00,1.10
2017.07.04 03:24:47.104,0.94513,0.94538,1.00,1.00
2017.07.04 03:24:51.759,0.94513,0.94539,1.00,1.00
2017.07.04 03:24:52.217,0.94513,0.94539,1.00,1.20
2017.07.04 03:24:52.919,0.94513,0.94538,1.00,1.10
2017.07.04 03:24:53.300,0.94511,0.94538,1.00,1.00
2017.07.04 03:25:02.133,0.94512,0.94539,1.00,1.00
2017.07.04 03:25:07.377,0.94511,0.94539,1.00,1.00
2017.07.04 03:25:17.201,0.94512,0.94539,1.00,1.00
2017.07.04 03:25:31.693,0.94513,0.94539,1.00,1.00
2017.07.04 03:25:32.360,0.94514,0.94539,1.00,1.00
2017.07.04 03:25:34.954,0.94512,0.94538,1.00,1.00
2017.07.04 03:25:35.138,0.9451,0.94537,1.00,1.00
2017.07.04 03:25:35.189,0.9451,0.94537,1.45,1.00
2017.07.04 03:25:37.566,0.9451,0.94537,1.10,1.00
2017.07.04 03:25:37.892,0.9451,0.94537,1.20,1.00
2017.07.04 03:25:38.432,0.9451,0.94537,1.10,1.00
2017.07.04 03:25:38.482,0.9451,0.94535,1.10,1.00
2017.07.04 03:25:39.036,0.9451,0.94535,1.45,1.00
2017.07.04 03:25:43.151,0.94509,0.94535,1.45,1.00
2017.07.04 03:25:43.252,0.94509,0.94535,1.57,1.00
2017.07.04 03:25:43.902,0.94509,0.94534,1.10,1.00
2017.07.04 03:25:45.919,0.94509,0.94534,1.45,1.00
2017.07.04 03:25:47.725,0.94509,0.94534,1.45,1.00
2017.07.04 03:25:48.041,0.94512,0.94538,1.10,1.00
2017.07.04 03:25:48.092,0.94514,0.94542,1.00,1.00
2017.07.04 03:25:48.143,0.94514,0.94542,1.45,1.00
2017.07.04 03:25:48.193,0.94514,0.94542,1.00,1.00
2017.07.04 03:25:48.244,0.94514,0.94542,1.20,1.00
2017.07.04 03:25:48.590,0.94513,0.9454,1.45,1.00
2017.07.04 03:25:50.056,0.94513,0.9454,1.00,1.00
2017.07.04 03:25:50.194,0.94513,0.94538,1.00,1.00
2017.07.04 03:25:50.502,0.94513,0.94534,1.00,1.00
2017.07.04 03:25:50.921,0.94513,0.94532,1.00,1.00
2017.07.04 03:25:51.022,0.94507,0.94532,1.95,1.00
2017.07.04 03:25:51.123,0.94507,0.94532,1.95,1.00
2017.07.04 03:25:56.091,0.94509,0.94536,1.07,1.00
2017.07.04 03:25:56.141,0.94512,0.94537,1.00,1.00
2017.07.04 03:25:56.484,0.94512,0.94539,1.00,1.10
2017.07.04 03:25:56.940,0.94511,0.94537,1.00,1.00
2017.07.04 03:25:57.294,0.94515,0.9454,1.00,1.00
2017.07.04 03:25:58.017,0.94516,0.94541,1.00,1.00
2017.07.04 03:25:58.067,0.94514,0.94541,1.00,1.00
2017.07.04 03:25:58.672,0.94514,0.94541,1.20,1.00
2017.07.04 03:25:59.332,0.94514,0.9454,1.20,1.00
2017.07.04 03:25:59.901,0.94512,0.94536,1.45,1.00
2017.07.04 03:26:00.379,0.94508,0.94532,1.45,1.00
2017.07.04 03:26:01.752,0.94508,0.94534,1.45,1.00
2017.07.04 03:26:02.263,0.94509,0.94535,1.45,1.00
2017.07.04 03:26:03.114,0.94509,0.94536,1.45,1.00
2017.07.04 03:26:06.134,0.94511,0.94536,1.45,1.00
2017.07.04 03:26:06.996,0.94511,0.94535,1.45,1.00
2017.07.04 03:26:11.437,0.9451,0.94535,1.45,1.00
2017.07.04 03:26:12.064,0.9451,0.94535,1.45,1.00
2017.07.04 03:26:13.565,0.9451,0.94535,1.45,1.00
2017.07.04 03:26:15.274,0.94511,0.94535,1.45,1.00
2017.07.04 03:26:16.454,0.9451,0.94535,1.45,1.00
2017.07.04 03:26:48.915,0.9451,0.94535,1.45,1.00
2017.07.04 03:26:49.472,0.94509,0.94535,1.45,1.00
2017.07.04 03:26:51.566,0.9451,0.94535,1.45,1.00
2017.07.04 03:26:52.114,0.9451,0.94533,1.45,1.00
2017.07.04 03:26:52.960,0.9451,0.94533,1.45,1.00
2017.07.04 03:26:53.701,0.94509,0.94533,1.95,1.00
2017.07.04 03:26:53.753,0.9451,0.94535,1.45,1.00
2017.07.04 03:26:53.804,0.94511,0.94535,1.45,1.00
2017.07.04 03:26:54.219,0.94512,0.94537,1.45,1.00
2017.07.04 03:26:54.787,0.94512,0.94538,1.95,1.00
2017.07.04 03:27:04.790,0.94514,0.94539,1.20,1.00
2017.07.04 03:27:04.841,0.94513,0.94537,1.45,1.00
2017.07.04 03:27:05.595,0.94513,0.94537,1.45,1.00
2017.07.04 03:27:06.994,0.94513,0.94537,1.10,1.00
2017.07.04 03:27:07.585,0.94511,0.94537,1.45,1.00
2017.07.04 03:27:08.161,0.94512,0.94537,1.45,1.00
2017.07.04 03:27:08.677,0.94512,0.94538,1.95,1.00
2017.07.04 03:27:13.352,0.94512,0.94538,1.45,1.00
2017.07.04 03:27:13.649,0.94511,0.94536,1.95,1.00
2017.07.04 03:27:25.264,0.94511,0.94537,1.45,1.00
2017.07.04 03:27:26.090,0.94512,0.94536,1.45,1.00
2017.07.04 03:27:26.751,0.94511,0.94537,1.45,1.00
2017.07.04 03:27:29.113,0.94511,0.94537,1.45,1.00
2017.07.04 03:27:29.456,0.9451,0.94537,1.95,1.00
2017.07.04 03:27:29.558,0.94512,0.94536,1.95,1.00
2017.07.04 03:27:31.495,0.94512,0.94536,1.20,1.00
2017.07.04 03:27:32.433,0.94512,0.94537,1.20,1.00
2017.07.04 03:27:33.096,0.94512,0.94537,1.95,1.00
2017.07.04 03:27:33.953,0.94512,0.94537,1.20,1.00
2017.07.04 03:27:35.047,0.94511,0.94536,1.45,1.00
2017.07.04 03:27:37.176,0.94511,0.94535,1.45,1.00
2017.07.04 03:27:54.041,0.94509,0.94534,1.95,1.00
2017.07.04 03:27:54.609,0.94509,0.94534,1.95,1.00
2017.07.04 03:27:54.841,0.94509,0.94534,1.45,1.00
2017.07.04 03:28:04.612,0.94509,0.94534,1.95,1.00
2017.07.04 03:28:05.606,0.94509,0.94534,1.45,1.00
2017.07.04 03:28:06.213,0.94509,0.94534,1.45,1.00
2017.07.04 03:28:07.090,0.94509,0.94534,1.45,1.00
2017.07.04 03:28:07.241,0.9451,0.94535,1.45,1.00
2017.07.04 03:28:07.820,0.94509,0.94535,1.45,1.00
2017.07.04 03:28:08.523,0.9451,0.94534,1.45,1.00
2017.07.04 03:28:17.522,0.9451,0.94535,1.45,1.00
2017.07.04 03:28:31.413,0.94509,0.94533,1.95,1.00
2017.07.04 03:28:35.589,0.94512,0.94536,1.95,1.00
2017.07.04 03:28:35.640,0.94509,0.94538,1.50,1.95
2017.07.04 03:28:35.741,0.94507,0.94531,1.00,1.00
2017.07.04 03:28:35.993,0.94508,0.94533,1.00,1.00
2017.07.04 03:28:36.524,0.94511,0.94535,1.00,1.00
2017.07.04 03:28:37.515,0.9451,0.94537,1.20,1.00
2017.07.04 03:28:38.016,0.94509,0.94536,1.20,1.00
2017.07.04 03:28:38.809,0.94509,0.94536,1.00,1.00
2017.07.04 03:28:39.337,0.94509,0.94536,1.20,1.00
2017.07.04 03:28:39.967,0.94509,0.94534,1.20,1.00
2017.07.04 03:28:46.042,0.94508,0.94533,1.95,1.00
2017.07.04 03:28:46.093,0.94512,0.94537,1.10,1.00
2017.07.04 03:28:47.085,0.94513,0.94537,1.00,1.00
2017.07.04 03:28:47.690,0.94511,0.94538,2.32,1.00
2017.07.04 03:28:49.892,0.94511,0.94538,2.70,1.00
2017.07.04 03:28:50.564,0.94511,0.94538,2.32,1.00
2017.07.04 03:28:51.113,0.94512,0.94539,1.10,1.00
2017.07.04 03:28:52.407,0.94513,0.9454,1.00,1.00
2017.07.04 03:28:52.558,0.94514,0.9454,1.45,1.00
2017.07.04 03:28:59.041,0.94515,0.9454,1.45,1.00
2017.07.04 03:29:01.455,0.94514,0.9454,1.45,1.00
2017.07.04 03:29:01.808,0.94513,0.9454,1.45,1.00
2017.07.04 03:29:01.859,0.94514,0.9454,1.45,1.00
2017.07.04 03:29:07.859,0.94514,0.94541,1.95,1.00
2017.07.04 03:29:09.896,0.94516,0.94541,1.45,1.00
2017.07.04 03:29:14.039,0.94516,0.94541,1.45,1.00
2017.07.04 03:29:17.142,0.94516,0.94543,1.45,1.00
2017.07.04 03:29:17.904,0.94516,0.94543,1.45,1.00
2017.07.04 03:29:18.005,0.94516,0.94543,2.70,1.00
2017.07.04 03:29:18.700,0.94516,0.94543,1.95,1.00
2017.07.04 03:29:19.411,0.94518,0.94542,1.20,1.00
2017.07.04 03:29:20.020,0.94517,0.94542,1.45,1.00
2017.07.04 03:29:24.073,0.94517,0.94542,1.45,1.00
2017.07.04 03:29:24.174,0.94517,0.94542,1.20,1.00
2017.07.04 03:29:24.509,0.94518,0.94545,1.07,1.00
2017.07.04 03:29:24.661,0.94521,0.94545,1.00,1.00
2017.07.04 03:29:24.988,0.94519,0.94543,1.10,1.00
2017.07.04 03:29:25.469,0.94519,0.94543,1.20,1.00
2017.07.04 03:29:31.578,0.94519,0.94546,1.20,1.00
2017.07.04 03:29:31.679,0.94519,0.94546,1.95,1.00
2017.07.04 03:29:32.448,0.94521,0.94545,1.20,1.00
2017.07.04 03:29:32.581,0.94521,0.94545,1.00,1.00
2017.07.04 03:29:32.697,0.94522,0.94547,1.00,1.00
2017.07.04 03:29:34.321,0.94522,0.9455,1.00,1.00
2017.07.04 03:29:34.371,0.94524,0.94551,1.00,1.10
2017.07.04 03:29:34.835,0.94524,0.94549,1.00,1.00
2017.07.04 03:29:35.498,0.94524,0.94548,1.00,1.00
2017.07.04 03:29:35.649,0.94524,0.94551,1.00,1.00
2017.07.04 03:29:35.883,0.94522,0.94547,1.00,1.00
2017.07.04 03:29:36.035,0.9452,0.94547,1.10,1.00
2017.07.04 03:29:36.186,0.94519,0.94544,1.20,1.00
2017.07.04 03:29:36.672,0.94517,0.94542,1.20,1.00
2017.07.04 03:29:37.284,0.94514,0.94541,1.95,1.00
2017.07.04 03:29:40.743,0.94514,0.94541,1.45,1.00
2017.07.04 03:29:41.278,0.94514,0.94541,1.45,1.00
2017.07.04 03:29:43.624,0.94514,0.94541,1.95,1.00
2017.07.04 03:29:44.211,0.94514,0.94541,1.20,1.00
2017.07.04 03:29:46.205,0.94515,0.94542,1.07,1.00
2017.07.04 03:29:46.979,0.94517,0.94542,1.10,1.00
2017.07.04 03:29:52.707,0.94514,0.94541,1.45,1.00
2017.07.04 03:29:53.252,0.94514,0.94541,1.45,1.00
2017.07.04 03:29:53.913,0.94514,0.9454,1.45,1.00
2017.07.04 03:29:56.751,0.94514,0.9454,1.45,1.00
2017.07.04 03:30:00.962,0.94514,0.9454,1.45,1.00
2017.07.04 03:30:02.280,0.94515,0.9454,1.45,1.00
2017.07.04 03:30:02.849,0.94515,0.9454,1.45,1.00
2017.07.04 03:30:03.503,0.94515,0.9454,1.20,1.00
2017.07.04 03:30:27.871,0.94516,0.9454,1.10,1.00
2017.07.04 03:30:28.022,0.94511,0.94536,1.20,1.00
2017.07.04 03:30:28.174,0.94508,0.94535,1.45,1.00
2017.07.04 03:30:28.985,0.94508,0.94533,1.45,1.00
2017.07.04 03:30:32.290,0.94509,0.94534,1.20,1.00
2017.07.04 03:30:40.704,0.94509,0.94534,1.07,1.00
2017.07.04 03:30:41.392,0.94509,0.94534,1.20,1.00
2017.07.04 03:30:47.721,0.94507,0.94534,1.45,1.00
2017.07.04 03:30:47.823,0.94506,0.94533,1.45,1.00
2017.07.04 03:31:01.317,0.94505,0.94532,1.45,1.00
2017.07.04 03:31:01.453,0.94503,0.9453,2.70,1.00
2017.07.04 03:31:01.504,0.94503,0.9453,1.45,1.00
2017.07.04 03:31:02.412,0.94504,0.94528,1.20,1.00
2017.07.04 03:31:05.970,0.94504,0.94528,1.10,1.00
2017.07.04 03:31:07.563,0.94504,0.94528,1.20,1.00
2017.07.04 03:31:08.096,0.94505,0.94529,1.07,1.00
2017.07.04 03:31:09.693,0.94505,0.94529,1.00,1.00
2017.07.04 03:31:09.794,0.94502,0.94529,1.10,1.00
2017.07.04 03:31:09.895,0.945,0.94528,1.00,1.00
2017.07.04 03:31:10.836,0.94501,0.94526,1.00,1.00
2017.07.04 03:31:11.786,0.94501,0.94526,1.07,1.00
2017.07.04 03:31:11.837,0.94501,0.94529,1.07,1.00
2017.07.04 03:31:12.846,0.94501,0.94529,1.45,1.00
2017.07.04 03:31:16.882,0.94501,0.94529,1.20,1.00
2017.07.04 03:31:21.315,0.94501,0.94529,1.20,1.00
2017.07.04 03:31:21.833,0.94502,0.94529,1.10,1.00
2017.07.04 03:31:22.354,0.94502,0.94528,1.00,1.00
2017.07.04 03:31:23.126,0.94501,0.94527,1.10,1.00
2017.07.04 03:31:23.645,0.94501,0.94527,1.07,1.00
2017.07.04 03:31:24.250,0.94501,0.94526,1.07,1.00
2017.07.04 03:31:30.952,0.94501,0.94526,1.45,1.00
2017.07.04 03:31:32.410,0.94501,0.94527,1.45,1.00
2017.07.04 03:31:32.911,0.94501,0.94528,1.45,1.00
2017.07.04 03:31:32.991,0.94501,0.94528,1.20,1.00
2017.07.04 03:31:34.414,0.94501,0.94528,1.20,1.00
2017.07.04 03:31:38.102,0.94501,0.94528,1.10,1.00
2017.07.04 03:31:38.676,0.94501,0.94528,1.20,1.00
2017.07.04 03:31:55.148,0.94501,0.94528,1.20,1.00
2017.07.04 03:31:58.701,0.94501,0.94528,1.00,1.00
2017.07.04 03:31:58.803,0.945,0.94527,1.45,1.00
2017.07.04 03:31:59.106,0.94501,0.94524,1.00,1.00
2017.07.04 03:32:02.810,0.94501,0.94524,1.07,1.00
2017.07.04 03:32:03.538,0.94501,0.94524,1.00,1.00
2017.07.04 03:32:04.778,0.94498,0.94523,1.00,1.00
2017.07.04 03:32:05.030,0.94496,0.94521,1.00,1.00
2017.07.04 03:32:06.285,0.94498,0.94522,1.00,1.10
2017.07.04 03:32:07.714,0.94498,0.94523,1.00,1.10
2017.07.04 03:32:17.500,0.94498,0.94521,1.00,1.00
2017.07.04 03:32:18.502,0.94499,0.94522,1.00,1.00
2017.07.04 03:33:01.330,0.94497,0.94522,1.00,1.00
2017.07.04 03:33:01.381,0.945,0.94523,1.00,1.00
2017.07.04 03:33:03.092,0.94498,0.94523,1.00,1.00
2017.07.04 03:33:06.451,0.94497,0.94523,1.00,1.00
2017.07.04 03:33:17.621,0.94498,0.94523,1.00,1.00
2017.07.04 03:33:22.864,0.94497,0.94523,1.10,1.00
2017.07.04 03:33:30.821,0.94497,0.94522,1.00,1.00
2017.07.04 03:33:32.183,0.94495,0.94521,1.00,1.00
2017.07.04 03:33:37.544,0.94496,0.94522,1.00,1.00
2017.07.04 03:33:37.595,0.94499,0.94525,1.00,1.00
2017.07.04 03:33:38.421,0.94499,0.94525,1.00,1.20
2017.07.04 03:33:38.752,0.94497,0.94522,1.00,1.10
2017.07.04 03:33:38.853,0.94495,0.94521,1.00,1.00
2017.07.04 03:33:38.954,0.94493,0.9452,1.10,1.00
2017.07.04 03:33:39.206,0.94492,0.94516,1.10,1.00
2017.07.04 03:33:40.833,0.94491,0.94515,1.10,1.00
2017.07.04 03:33:40.985,0.94485,0.94515,1.50,1.95
2017.07.04 03:33:41.035,0.94486,0.94511,1.45,1.00
2017.07.04 03:33:41.137,0.94488,0.94513,1.45,1.00
2017.07.04 03:33:41.966,0.94489,0.94515,1.20,1.00
2017.07.04 03:33:47.190,0.94492,0.94516,1.00,1.10
2017.07.04 03:33:47.291,0.9449,0.94516,1.00,1.10
2017.07.04 03:33:47.342,0.94493,0.94517,1.00,1.20
2017.07.04 03:33:47.645,0.94493,0.94517,1.00,1.95
2017.07.04 03:33:48.179,0.94493,0.94517,1.00,1.45
2017.07.04 03:33:48.704,0.94493,0.94517,1.00,1.45
2017.07.04 03:33:49.300,0.94493,0.94518,1.00,1.45
2017.07.04 03:33:53.729,0.94493,0.94518,1.00,1.45
2017.07.04 03:33:54.739,0.94493,0.94516,1.00,1.45
2017.07.04 03:33:55.319,0.94493,0.94517,1.00,1.45
2017.07.04 03:33:56.538,0.94493,0.94516,1.00,1.45
2017.07.04 03:33:57.298,0.94493,0.94517,1.00,1.45
2017.07.04 03:33:59.192,0.94493,0.94518,1.00,1.45
2017.07.04 03:34:03.706,0.94493,0.94519,1.00,1.45
2017.07.04 03:34:03.817,0.94495,0.9452,1.00,1.45
2017.07.04 03:34:04.697,0.94495,0.94519,1.00,1.45
2017.07.04 03:34:04.848,0.94493,0.94519,1.00,1.45
2017.07.04 03:34:04.899,0.94492,0.94517,1.00,1.45
2017.07.04 03:34:05.664,0.94492,0.94517,1.00,1.00
2017.07.04 03:34:05.715,0.94492,0.94517,1.00,1.95
2017.07.04 03:34:05.865,0.9449,0.94517,1.95,1.00
2017.07.04 03:34:06.543,0.94493,0.94518,1.10,1.00
2017.07.04 03:34:12.576,0.94493,0.94518,1.20,1.00
2017.07.04 03:34:12.846,0.94498,0.94522,1.00,1.00
2017.07.04 03:34:13.905,0.94497,0.94524,1.00,1.00
2017.07.04 03:34:23.321,0.94499,0.94525,1.00,1.20
2017.07.04 03:34:23.844,0.94498,0.94525,1.00,1.00
2017.07.04 03:34:25.298,0.94499,0.94526,1.00,1.10
2017.07.04 03:34:26.945,0.94498,0.94525,1.00,1.00
2017.07.04 03:34:27.340,0.94498,0.94523,1.00,1.00
2017.07.04 03:34:27.671,0.94501,0.94525,1.00,1.00
2017.07.04 03:34:27.848,0.94501,0.94527,1.00,1.10
2017.07.04 03:34:30.615,0.94501,0.94526,1.00,1.45
2017.07.04 03:34:31.024,0.94503,0.94527,1.00,1.45
2017.07.04 03:34:31.473,0.94503,0.94528,1.00,1.45
2017.07.04 03:34:31.666,0.94503,0.94528,1.10,1.00
2017.07.04 03:34:33.271,0.94503,0.94529,1.10,1.00
2017.07.04 03:34:38.550,0.94503,0.94529,1.45,1.00
2017.07.04 03:34:38.866,0.94503,0.94529,1.00,1.00
2017.07.04 03:34:38.917,0.94501,0.94528,1.00,1.00
2017.07.04 03:34:38.968,0.94501,0.94525,1.45,1.00
2017.07.04 03:34:39.020,0.94501,0.94525,1.20,1.00
2017.07.04 03:34:42.844,0.94501,0.94525,1.00,1.00
2017.07.04 03:34:48.831,0.945,0.94524,1.00,1.00
2017.07.04 03:34:55.442,0.94499,0.94526,1.10,1.00
2017.07.04 03:35:00.918,0.94502,0.94526,1.00,1.00
2017.07.04 03:35:02.691,0.945,0.94525,1.00,1.00
2017.07.04 03:35:03.381,0.94498,0.94525,1.00,1.00
2017.07.04 03:35:06.170,0.94498,0.94525,1.07,1.00
2017.07.04 03:35:06.544,0.94498,0.94525,1.45,1.00
2017.07.04 03:35:19.495,0.94499,0.94525,1.45,1.00
2017.07.04 03:35:21.667,0.94499,0.94525,1.45,1.00
2017.07.04 03:35:22.170,0.94499,0.94525,1.45,1.00
2017.07.04 03:35:22.773,0.94499,0.94525,1.45,1.00
2017.07.04 03:35:23.109,0.94499,0.94523,1.20,1.00
2017.07.04 03:35:27.866,0.94499,0.94523,1.45,1.00
2017.07.04 03:35:27.917,0.94499,0.94526,1.45,1.00
2017.07.04 03:35:27.968,0.94499,0.94526,1.07,1.00
2017.07.04 03:35:28.471,0.94499,0.94526,1.00,1.00
2017.07.04 03:35:32.892,0.94501,0.94525,1.00,1.00
2017.07.04 03:35:33.443,0.945,0.94524,1.00,1.00
2017.07.04 03:36:02.971,0.94499,0.94524,1.00,1.00
2017.07.04 03:36:03.953,0.94499,0.94525,1.00,1.00
2017.07.04 03:36:04.759,0.94497,0.94524,1.10,1.00
2017.07.04 03:36:08.196,0.94498,0.94522,1.00,1.00
2017.07.04 03:36:09.197,0.94496,0.94523,1.10,1.00
2017.07.04 03:36:11.870,0.94496,0.94523,1.20,1.00
2017.07.04 03:36:14.243,0.94496,0.94523,1.00,1.00
2017.07.04 03:36:14.853,0.94496,0.94523,1.07,1.00
2017.07.04 03:36:16.742,0.94498,0.94524,1.00,1.00
2017.07.04 03:36:33.012,0.94497,0.94524,1.10,1.00
2017.07.04 03:36:34.330,0.94498,0.94522,1.00,1.00
2017.07.04 03:36:48.543,0.94496,0.94523,1.00,1.00
2017.07.04 03:36:49.120,0.94496,0.94523,1.07,1.00
2017.07.04 03:36:49.730,0.94497,0.94524,1.10,1.00
2017.07.04 03:36:53.787,0.94498,0.94524,1.00,1.00
2017.07.04 03:37:01.544,0.94499,0.94525,1.00,1.00
2017.07.04 03:37:01.848,0.94501,0.94526,1.00,1.00
2017.07.04 03:37:09.227,0.94502,0.94527,1.00,1.00
2017.07.04 03:37:18.102,0.94503,0.94527,1.00,1.00
2017.07.04 03:37:19.370,0.94502,0.94526,1.00,1.00
2017.07.04 03:37:23.880,0.94501,0.94528,1.00,1.00
2017.07.04 03:37:27.701,0.94499,0.94524,1.00,1.00
2017.07.04 03:37:28.050,0.94492,0.94516,1.00,1.00
2017.07.04 03:37:30.217,0.94489,0.94514,1.45,1.00
2017.07.04 03:37:30.318,0.94487,0.94512,1.00,1.00
2017.07.04 03:37:33.633,0.94486,0.94512,1.10,1.00
2017.07.04 03:37:38.371,0.94482,0.94504,1.00,1.00
2017.07.04 03:37:38.522,0.94475,0.94499,1.12,1.00
2017.07.04 03:37:39.360,0.94472,0.94499,1.10,1.00
2017.07.04 03:37:39.411,0.94471,0.94497,1.07,1.00
2017.07.04 03:37:40.019,0.94473,0.94497,1.00,1.00
2017.07.04 03:37:41.000,0.94473,0.94499,1.00,1.00
2017.07.04 03:37:41.216,0.94473,0.94497,1.45,1.00
2017.07.04 03:37:41.268,0.94472,0.94496,1.20,1.00
2017.07.04 03:37:41.369,0.94469,0.94496,1.00,1.10
2017.07.04 03:37:42.247,0.94469,0.94494,1.00,1.00
2017.07.04 03:37:43.098,0.9447,0.94496,1.00,1.00
2017.07.04 03:37:43.649,0.9447,0.94496,1.20,1.00
2017.07.04 03:37:48.705,0.94472,0.94496,1.00,1.00
2017.07.04 03:37:51.102,0.94469,0.94496,1.07,1.00
2017.07.04 03:37:51.651,0.94469,0.94496,1.00,1.00
2017.07.04 03:37:51.752,0.94469,0.94496,1.20,1.00
2017.07.04 03:37:52.917,0.94467,0.94496,1.45,1.00
2017.07.04 03:37:53.212,0.94466,0.94496,1.00,1.50
2017.07.04 03:37:53.365,0.94467,0.94496,1.00,1.00
2017.07.04 03:37:53.757,0.94467,0.94496,1.00,1.10
2017.07.04 03:37:53.807,0.94467,0.94496,1.00,1.00
2017.07.04 03:37:54.349,0.94467,0.94497,1.10,1.00
2017.07.04 03:37:54.400,0.94467,0.94499,1.20,1.00
2017.07.04 03:37:54.949,0.94469,0.94499,1.00,1.50
2017.07.04 03:37:56.333,0.94469,0.94499,1.45,1.00
2017.07.04 03:37:58.121,0.94469,0.94499,1.20,1.00
2017.07.04 03:38:00.022,0.94469,0.94499,1.45,1.00
2017.07.04 03:38:00.409,0.94469,0.94499,1.10,1.00
2017.07.04 03:38:00.561,0.94469,0.94499,1.20,1.00
2017.07.04 03:38:00.904,0.9447,0.945,1.45,1.00
2017.07.04 03:38:01.422,0.94469,0.945,1.45,1.50
2017.07.04 03:38:02.453,0.94472,0.94498,1.10,1.00
2017.07.04 03:38:03.450,0.94471,0.94497,1.20,1.00
2017.07.04 03:38:04.002,0.94471,0.94498,1.20,1.00
2017.07.04 03:38:04.607,0.94472,0.94497,1.10,1.00
2017.07.04 03:38:04.811,0.94472,0.945,1.20,1.00
2017.07.04 03:38:05.372,0.94472,0.945,1.45,1.00
2017.07.04 03:38:05.920,0.94475,0.94501,1.10,1.00
2017.07.04 03:38:06.618,0.94473,0.94499,1.45,1.00
2017.07.04 03:38:08.844,0.94473,0.94498,1.20,1.00
2017.07.04 03:38:09.664,0.94473,0.94498,1.45,1.00
2017.07.04 03:38:09.715,0.94473,0.94498,1.20,1.00
2017.07.04 03:38:11.131,0.94473,0.94498,1.20,1.00
2017.07.04 03:38:14.419,0.94473,0.94498,1.20,1.00
2017.07.04 03:38:18.222,0.94472,0.945,1.45,1.00
2017.07.04 03:38:18.893,0.94474,0.945,1.07,1.00
2017.07.04 03:38:23.766,0.94474,0.94502,1.20,1.00
2017.07.04 03:38:23.967,0.94475,0.945,1.10,1.00
2017.07.04 03:38:24.195,0.94475,0.94503,1.20,1.00
2017.07.04 03:38:24.347,0.94478,0.94503,1.00,1.00
2017.07.04 03:38:28.008,0.94477,0.94505,1.45,1.00
2017.07.04 03:38:28.936,0.94478,0.94503,1.20,1.00
2017.07.04 03:38:29.954,0.94477,0.94502,1.20,1.00
2017.07.04 03:38:31.516,0.94476,0.94501,1.20,1.00
2017.07.04 03:38:33.845,0.94476,0.94501,1.00,1.00
2017.07.04 03:38:35.960,0.94476,0.94501,1.45,1.00
2017.07.04 03:38:38.602,0.94476,0.94501,1.10,1.00
2017.07.04 03:38:43.043,0.94476,0.94501,1.20,1.00
2017.07.04 03:38:43.712,0.94477,0.94502,1.20,1.00
2017.07.04 03:38:48.282,0.94476,0.94504,1.45,1.00
2017.07.04 03:38:49.285,0.94476,0.94503,1.45,1.00
2017.07.04 03:38:59.210,0.94481,0.94502,1.00,1.00
2017.07.04 03:38:59.260,0.94485,0.94508,1.00,1.50
2017.07.04 03:38:59.362,0.94485,0.9451,1.00,1.00
2017.07.04 03:39:00.098,0.94486,0.9451,1.00,1.00
2017.07.04 03:39:02.239,0.94485,0.94509,1.00,1.00
2017.07.04 03:39:03.229,0.94487,0.94509,1.00,1.00
2017.07.04 03:39:03.791,0.94486,0.94508,1.00,1.00
2017.07.04 03:39:12.821,0.94487,0.94509,1.00,1.00
2017.07.04 03:39:13.127,0.94489,0.94511,1.00,1.00
2017.07.04 03:39:18.843,0.94488,0.94511,1.00,1.00
2017.07.04 03:39:24.087,0.94489,0.94511,1.00,1.00
2017.07.04 03:39:29.350,0.94491,0.94512,1.00,1.00
2017.07.04 03:39:32.348,0.94491,0.94512,1.20,1.00
2017.07.04 03:39:33.372,0.9449,0.94514,1.45,1.00
2017.07.04 03:39:37.632,0.94489,0.94511,1.10,1.00
2017.07.04 03:39:37.955,0.94491,0.94512,1.00,1.00
2017.07.04 03:39:38.148,0.94491,0.94515,1.00,1.00
2017.07.04 03:39:39.713,0.94493,0.94515,1.00,1.00
2017.07.04 03:39:40.266,0.94494,0.94516,1.00,1.00
2017.07.04 03:39:40.927,0.94493,0.94515,1.00,1.00
2017.07.04 03:39:41.587,0.94494,0.94516,1.00,1.00
2017.07.04 03:39:44.090,0.94493,0.94515,1.00,1.00
2017.07.04 03:39:44.379,0.94494,0.94519,1.00,1.00
2017.07.04 03:39:44.744,0.94497,0.94521,1.10,1.00
2017.07.04 03:39:45.550,0.94497,0.94521,1.07,1.00
2017.07.04 03:39:46.602,0.94497,0.94521,1.10,1.00
2017.07.04 03:39:47.273,0.94496,0.9452,1.20,1.00
2017.07.04 03:39:47.863,0.94496,0.9452,1.07,1.00
2017.07.04 03:39:48.565,0.94496,0.9452,1.20,1.00
2017.07.04 03:39:49.143,0.94497,0.94521,1.07,1.00
2017.07.04 03:39:51.810,0.94497,0.94521,1.00,1.00
2017.07.04 03:39:53.660,0.94497,0.94519,1.00,1.00
2017.07.04 03:39:54.650,0.94497,0.94521,1.00,1.00
2017.07.04 03:39:58.504,0.94497,0.94521,1.20,1.00
2017.07.04 03:40:00.206,0.94499,0.9452,1.00,1.00
2017.07.04 03:40:03.943,0.94499,0.94521,1.10,1.00
2017.07.04 03:40:09.810,0.945,0.94523,1.00,1.00
2017.07.04 03:40:16.751,0.94501,0.94523,1.00,1.00
2017.07.04 03:40:22.532,0.94503,0.94525,1.00,1.00
2017.07.04 03:40:24.209,0.94504,0.94526,1.00,1.00
2017.07.04 03:40:50.221,0.94502,0.94524,1.00,1.00
2017.07.04 03:40:55.748,0.94499,0.94521,1.20,1.00
2017.07.04 03:40:56.086,0.94499,0.94521,1.45,1.00
2017.07.04 03:40:56.590,0.94499,0.94521,1.45,1.00
2017.07.04 03:40:57.349,0.945,0.94522,1.20,1.00
2017.07.04 03:40:57.961,0.945,0.94522,1.20,1.00
2017.07.04 03:40:58.063,0.945,0.94522,1.10,1.00
2017.07.04 03:40:59.332,0.94497,0.94521,1.45,1.00
2017.07.04 03:40:59.517,0.94497,0.94521,1.45,1.00
2017.07.04 03:41:01.275,0.94497,0.94521,1.45,1.00
2017.07.04 03:41:01.925,0.94498,0.94522,1.20,1.00
2017.07.04 03:41:02.328,0.94498,0.94522,1.10,1.00
2017.07.04 03:41:04.055,0.94497,0.94521,1.20,1.00
2017.07.04 03:41:04.275,0.945,0.94522,1.00,1.00
2017.07.04 03:41:55.010,0.94499,0.94521,1.00,1.00
2017.07.04 03:41:55.061,0.945,0.94524,1.00,1.00
2017.07.04 03:41:55.112,0.94504,0.94526,1.00,1.00
2017.07.04 03:41:55.492,0.94504,0.94526,1.00,1.45
2017.07.04 03:41:56.034,0.94501,0.94526,1.00,1.45
2017.07.04 03:42:00.028,0.94501,0.94526,1.00,1.00
2017.07.04 03:42:02.669,0.94501,0.94525,1.00,1.10
2017.07.04 03:42:03.220,0.94501,0.94525,1.00,1.07
2017.07.04 03:42:06.825,0.94501,0.94524,1.00,1.07
2017.07.04 03:42:06.926,0.94503,0.94526,1.00,1.45
2017.07.04 03:42:06.978,0.94503,0.94526,1.00,1.10
2017.07.04 03:42:08.918,0.94503,0.94525,1.00,1.00
2017.07.04 03:42:12.160,0.94504,0.94528,1.00,1.00
2017.07.04 03:42:12.465,0.94507,0.94529,1.00,1.00
2017.07.04 03:42:13.023,0.94507,0.94529,1.07,1.00
2017.07.04 03:42:13.891,0.94507,0.94529,1.10,1.00
2017.07.04 03:42:14.398,0.94507,0.94529,1.07,1.00
2017.07.04 03:42:15.932,0.94507,0.94529,1.00,1.00
2017.07.04 03:42:16.850,0.94506,0.94528,1.00,1.00
2017.07.04 03:42:44.057,0.94506,0.9453,1.00,1.00
2017.07.04 03:42:44.209,0.94508,0.9453,1.00,1.00
2017.07.04 03:42:48.638,0.94505,0.94528,1.00,1.00
2017.07.04 03:42:48.688,0.94504,0.94526,1.10,1.00
2017.07.04 03:42:49.667,0.94504,0.94528,1.00,1.00
2017.07.04 03:42:54.008,0.94504,0.94527,1.00,1.00
2017.07.04 03:43:01.964,0.94505,0.94529,1.00,1.00
2017.07.04 03:43:02.198,0.94505,0.94526,1.00,1.00
2017.07.04 03:43:02.624,0.94505,0.94529,1.00,1.00
2017.07.04 03:43:03.613,0.94507,0.94529,1.00,1.00
2017.07.04 03:43:04.601,0.94507,0.94531,1.00,1.00
2017.07.04 03:43:10.955,0.94509,0.94531,1.00,1.00
2017.07.04 03:43:11.057,0.94509,0.94533,1.00,1.00
2017.07.04 03:43:12.030,0.9451,0.94534,1.00,1.00
2017.07.04 03:43:12.970,0.94511,0.94535,1.00,1.00
2017.07.04 03:43:18.824,0.94512,0.94533,1.00,1.00
2017.07.04 03:43:19.353,0.94512,0.94534,1.00,1.00
2017.07.04 03:43:20.024,0.94512,0.94534,1.00,1.07
2017.07.04 03:43:21.449,0.94512,0.94534,1.00,1.10
2017.07.04 03:43:22.288,0.94515,0.94538,1.00,1.45
2017.07.04 03:43:22.416,0.94518,0.9454,1.00,1.00
2017.07.04 03:43:22.568,0.94518,0.94542,1.00,1.00
2017.07.04 03:43:22.618,0.9452,0.94544,1.00,1.10
2017.07.04 03:43:23.256,0.9452,0.94542,1.00,1.00
2017.07.04 03:43:27.924,0.94522,0.94546,1.00,1.20
2017.07.04 03:43:28.453,0.94522,0.94546,1.00,1.00
2017.07.04 03:43:30.466,0.94522,0.94546,1.00,1.20
2017.07.04 03:43:30.517,0.94524,0.94546,1.00,1.20
2017.07.04 03:43:30.730,0.94525,0.94547,1.00,1.00
2017.07.04 03:43:31.267,0.94525,0.94547,1.00,1.20
2017.07.04 03:43:31.318,0.94522,0.94546,1.00,1.07
2017.07.04 03:43:32.056,0.94522,0.94546,1.00,1.10
2017.07.04 03:43:32.523,0.94521,0.94545,1.00,1.20
2017.07.04 03:43:33.123,0.94521,0.94545,1.00,1.20
2017.07.04 03:43:33.270,0.94521,0.94545,1.00,1.00
2017.07.04 03:43:33.423,0.94524,0.94546,1.00,1.00
2017.07.04 03:43:33.966,0.94526,0.94548,1.00,1.45
2017.07.04 03:43:34.547,0.94525,0.94547,1.00,1.07
2017.07.04 03:43:35.679,0.94525,0.94547,1.00,1.00
2017.07.04 03:43:36.219,0.94525,0.94546,1.00,1.10
2017.07.04 03:43:39.116,0.94523,0.94547,1.00,1.20
2017.07.04 03:43:39.599,0.94525,0.94548,1.00,1.45
2017.07.04 03:43:40.941,0.94524,0.94546,1.00,1.10
2017.07.04 03:43:46.591,0.94526,0.94549,1.00,1.00
2017.07.04 03:43:47.572,0.94525,0.94547,1.00,1.00
2017.07.04 03:43:48.947,0.94525,0.94549,1.00,1.00
2017.07.04 03:43:54.636,0.94526,0.9455,1.00,1.00
2017.07.04 03:43:55.654,0.94527,0.9455,1.00,1.00
2017.07.04 03:43:57.636,0.94528,0.9455,1.00,1.00
2017.07.04 03:44:01.342,0.94528,0.94549,1.00,1.00
2017.07.04 03:44:01.879,0.94528,0.9455,1.00,1.00
2017.07.04 03:44:04.415,0.94529,0.94551,1.00,1.10
2017.07.04 03:44:13.732,0.94529,0.94551,1.00,1.07
2017.07.04 03:44:14.709,0.94529,0.94551,1.00,1.10
2017.07.04 03:44:19.445,0.94527,0.94551,1.00,1.10
2017.07.04 03:44:27.461,0.94529,0.94553,1.00,1.10
2017.07.04 03:44:30.159,0.94532,0.94554,1.00,1.00
2017.07.04 03:44:30.394,0.94532,0.94556,1.00,1.00
2017.07.04 03:44:30.869,0.94534,0.94556,1.00,1.00
2017.07.04 03:44:31.736,0.94535,0.94557,1.00,1.00
2017.07.04 03:44:34.525,0.94534,0.94557,1.00,1.00
2017.07.04 03:44:39.219,0.94534,0.94556,1.00,1.00
2017.07.04 03:44:39.799,0.94531,0.94555,1.00,1.00
2017.07.04 03:44:39.900,0.94533,0.94555,1.00,1.00
2017.07.04 03:44:40.203,0.94535,0.94557,1.00,1.00
2017.07.04 03:44:40.721,0.94531,0.94553,1.00,1.00
2017.07.04 03:44:40.772,0.94527,0.94551,1.10,1.00
2017.07.04 03:44:40.823,0.94526,0.94548,1.00,1.00
2017.07.04 03:44:41.138,0.94524,0.94545,1.00,1.00
2017.07.04 03:44:41.798,0.94523,0.94545,1.00,1.00
2017.07.04 03:44:43.062,0.94524,0.94547,1.00,1.07
2017.07.04 03:44:48.712,0.94524,0.94547,1.00,1.45
2017.07.04 03:44:49.274,0.94523,0.94546,1.00,1.20
2017.07.04 03:44:54.248,0.94524,0.94546,1.00,1.20
2017.07.04 03:44:56.488,0.94524,0.94546,1.00,1.10
2017.07.04 03:45:00.410,0.94529,0.94553,1.00,1.07
2017.07.04 03:45:00.461,0.94531,0.94553,1.00,1.10
2017.07.04 03:45:00.783,0.94535,0.94556,1.00,1.10
2017.07.04 03:45:00.934,0.94538,0.9456,1.00,1.00
2017.07.04 03:45:01.136,0.94541,0.94563,1.00,1.00
2017.07.04 03:45:03.140,0.94542,0.94564,1.00,1.00
2017.07.04 03:45:04.535,0.94541,0.94563,1.00,1.00
2017.07.04 03:45:05.072,0.9454,0.94562,1.00,1.00
2017.07.04 03:45:07.819,0.94538,0.94562,1.00,1.00
2017.07.04 03:45:07.870,0.9454,0.94562,1.00,1.00
2017.07.04 03:45:09.912,0.9454,0.94561,1.00,1.00
2017.07.04 03:45:10.425,0.9454,0.94562,1.00,1.00
2017.07.04 03:45:19.111,0.94541,0.94563,1.00,1.10
2017.07.04 03:45:24.809,0.9454,0.94562,1.00,1.00
2017.07.04 03:45:28.491,0.94543,0.94565,1.00,1.00
2017.07.04 03:45:28.994,0.94544,0.94566,1.00,1.00
2017.07.04 03:45:29.389,0.94542,0.94567,1.00,1.00
2017.07.04 03:45:29.497,0.94545,0.94567,1.00,1.00
2017.07.04 03:45:29.548,0.94543,0.94566,1.00,1.00
2017.07.04 03:45:30.561,0.94544,0.94568,1.00,1.00
2017.07.04 03:45:38.084,0.94547,0.94569,1.00,1.10
2017.07.04 03:45:38.236,0.9455,0.94574,1.00,1.20
2017.07.04 03:45:38.461,0.94545,0.94568,1.00,1.00
2017.07.04 03:45:38.562,0.94546,0.94573,1.00,1.20
2017.07.04 03:45:38.663,0.94545,0.94569,1.00,1.00
2017.07.04 03:45:39.349,0.94542,0.94568,1.00,1.00
2017.07.04 03:45:39.764,0.94539,0.94563,1.10,1.00
2017.07.04 03:45:39.966,0.94534,0.94561,1.00,1.00
2017.07.04 03:45:46.662,0.94536,0.94561,1.00,1.00
2017.07.04 03:45:49.645,0.94536,0.9456,1.00,1.00
2017.07.04 03:45:50.256,0.94535,0.94559,1.00,1.00
2017.07.04 03:45:54.177,0.94534,0.94559,1.10,1.00
2017.07.04 03:45:54.711,0.94533,0.94558,1.10,1.00
2017.07.04 03:45:55.250,0.94531,0.94558,1.20,1.00
2017.07.04 03:45:55.763,0.94533,0.94559,1.00,1.00
2017.07.04 03:45:56.323,0.94533,0.94558,1.00,1.00
2017.07.04 03:45:58.937,0.9453,0.94557,1.10,1.00
2017.07.04 03:45:59.139,0.94527,0.94552,1.00,1.00
2017.07.04 03:45:59.442,0.94522,0.94547,1.00,1.00
2017.07.04 03:45:59.762,0.9452,0.94545,1.00,1.00
2017.07.04 03:45:59.962,0.94518,0.94545,1.00,1.00
2017.07.04 03:46:05.909,0.94521,0.94545,1.00,1.00
2017.07.04 03:46:06.540,0.94522,0.94546,1.00,1.00
2017.07.04 03:46:08.305,0.94521,0.94545,1.00,1.00
2017.07.04 03:46:09.899,0.9452,0.94547,1.00,1.00
2017.07.04 03:46:24.428,0.9452,0.94546,1.00,1.00
2017.07.04 03:46:24.929,0.94522,0.94546,1.00,1.00
2017.07.04 03:46:35.584,0.94521,0.94545,1.00,1.00
2017.07.04 03:46:35.635,0.94517,0.94544,1.00,1.00
2017.07.04 03:46:36.152,0.94519,0.94546,1.00,1.00
2017.07.04 03:46:49.257,0.94521,0.94545,1.00,1.00
2017.07.04 03:47:03.659,0.9452,0.94547,1.00,1.00
2017.07.04 03:47:04.646,0.94521,0.94547,1.00,1.00
2017.07.04 03:47:05.150,0.9452,0.94546,1.00,1.00
2017.07.04 03:47:12.411,0.94519,0.94544,1.00,1.00
2017.07.04 03:47:12.923,0.94518,0.94543,1.00,1.00
2017.07.04 03:47:17.425,0.94518,0.94543,1.07,1.00
2017.07.04 03:47:19.567,0.94518,0.94543,1.10,1.00
2017.07.04 03:47:19.805,0.94518,0.94545,1.10,1.00
2017.07.04 03:47:20.806,0.9452,0.94544,1.00,1.00
2017.07.04 03:47:23.100,0.9452,0.94545,1.00,1.00
2017.07.04 03:47:25.078,0.9452,0.94544,1.00,1.00
2017.07.04 03:47:34.334,0.94519,0.94544,1.00,1.00
2017.07.04 03:47:35.335,0.94519,0.94543,1.00,1.00
2017.07.04 03:47:38.813,0.94521,0.94545,1.00,1.00
2017.07.04 03:47:54.608,0.9452,0.94547,1.00,1.10
2017.07.04 03:47:55.439,0.9452,0.94547,1.00,1.07
2017.07.04 03:47:56.177,0.94521,0.94545,1.00,1.00
2017.07.04 03:48:00.750,0.94524,0.94548,1.00,1.07
2017.07.04 03:48:01.312,0.94524,0.94548,1.00,1.00
2017.07.04 03:48:03.323,0.94524,0.94548,1.07,1.00
2017.07.04 03:48:03.981,0.94524,0.94548,1.10,1.00
2017.07.04 03:48:04.032,0.94523,0.9455,1.20,1.00
2017.07.04 03:48:04.895,0.94524,0.94548,1.10,1.00
2017.07.04 03:48:06.948,0.94524,0.94548,1.07,1.00
2017.07.04 03:48:07.475,0.94524,0.94548,1.00,1.00
2017.07.04 03:48:09.399,0.94524,0.94548,1.07,1.00
2017.07.04 03:48:10.044,0.94523,0.94548,1.00,1.20
2017.07.04 03:48:10.656,0.94522,0.94546,1.00,1.10
2017.07.04 03:48:19.425,0.94521,0.94548,1.00,1.10
2017.07.04 03:48:20.427,0.94522,0.94546,1.00,1.00
2017.07.04 03:48:29.941,0.94521,0.94546,1.00,1.00
2017.07.04 03:48:30.152,0.94519,0.94546,1.00,1.00
2017.07.04 03:48:30.921,0.94519,0.94544,1.00,1.00
2017.07.04 03:48:34.955,0.94519,0.94545,1.00,1.10
2017.07.04 03:48:39.007,0.94519,0.94545,1.00,1.20
2017.07.04 03:48:39.697,0.9452,0.94545,1.00,1.20
2017.07.04 03:48:40.228,0.94519,0.94544,1.00,1.10
2017.07.04 03:48:48.666,0.94517,0.94544,1.00,1.00
2017.07.04 03:48:49.172,0.94517,0.94544,1.00,1.20
2017.07.04 03:48:52.788,0.94519,0.94544,1.00,1.00
2017.07.04 03:48:55.239,0.9452,0.94545,1.00,1.10
2017.07.04 03:48:56.957,0.9452,0.94545,1.00,1.07
2017.07.04 03:48:57.567,0.9452,0.94545,1.00,1.00
2017.07.04 03:48:58.620,0.94521,0.94546,1.00,1.00
2017.07.04 03:48:58.671,0.94521,0.94548,1.10,1.00
2017.07.04 03:48:58.944,0.94521,0.94545,1.00,1.00
2017.07.04 03:49:02.178,0.94524,0.9455,1.00,1.00
2017.07.04 03:49:02.279,0.94526,0.94552,1.00,1.00
2017.07.04 03:49:02.330,0.94528,0.94555,1.00,1.10
2017.07.04 03:49:02.481,0.9453,0.94556,1.00,1.00
2017.07.04 03:49:05.096,0.94531,0.94558,1.00,1.20
2017.07.04 03:49:05.500,0.94534,0.94558,1.00,1.00
2017.07.04 03:49:08.192,0.94533,0.94558,1.00,1.00
2017.07.04 03:49:11.660,0.94535,0.94558,1.00,1.00
2017.07.04 03:49:20.045,0.94534,0.9456,1.00,1.00
2017.07.04 03:49:24.787,0.94536,0.94559,1.00,1.00
2017.07.04 03:49:34.370,0.94533,0.9456,1.10,1.00
2017.07.04 03:50:08.012,0.94535,0.9456,1.00,1.00
2017.07.04 03:50:16.329,0.94532,0.94559,1.20,1.00
2017.07.04 03:50:17.104,0.94532,0.94559,1.10,1.00
2017.07.04 03:50:18.768,0.94533,0.94557,1.00,1.00
2017.07.04 03:50:19.663,0.94532,0.94557,1.00,1.00
2017.07.04 03:50:20.665,0.94532,0.94556,1.00,1.00
2017.07.04 03:50:22.053,0.9453,0.94556,1.00,1.00
2017.07.04 03:50:22.305,0.94528,0.94553,1.10,1.00
2017.07.04 03:50:25.408,0.94528,0.94554,1.00,1.10
2017.07.04 03:50:25.926,0.94528,0.94553,1.00,1.00
2017.07.04 03:50:26.678,0.94529,0.94554,1.00,1.00
2017.07.04 03:50:28.013,0.9453,0.94555,1.00,1.00
2017.07.04 03:50:40.014,0.9453,0.94554,1.00,1.00
2017.07.04 03:50:40.955,0.94529,0.94556,1.00,1.10
2017.07.04 03:50:44.054,0.94531,0.94556,1.00,1.00
2017.07.04 03:50:46.237,0.94533,0.94557,1.00,1.00
2017.07.04 03:50:46.583,0.94533,0.9456,1.45,1.00
2017.07.04 03:50:47.150,0.94533,0.9456,1.20,1.00
2017.07.04 03:50:53.679,0.94535,0.9456,1.20,1.00
2017.07.04 03:50:55.969,0.94535,0.94562,1.20,1.00
2017.07.04 03:51:02.456,0.94535,0.94562,1.10,1.00
2017.07.04 03:51:02.649,0.94538,0.94563,1.00,1.00
2017.07.04 03:51:02.865,0.9454,0.94567,1.00,1.10
2017.07.04 03:51:05.253,0.9454,0.94565,1.00,1.00
2017.07.04 03:51:07.813,0.9454,0.94564,1.00,1.00
2017.07.04 03:51:09.996,0.9454,0.94566,1.00,1.00
2017.07.04 03:51:18.801,0.94536,0.9456,1.20,1.00
2017.07.04 03:51:18.851,0.94534,0.94558,1.00,1.00
2017.07.04 03:51:19.847,0.94534,0.94559,1.00,1.00
2017.07.04 03:51:22.059,0.94536,0.9456,1.00,1.00
2017.07.04 03:51:22.110,0.94541,0.94566,1.00,1.00
2017.07.04 03:51:22.211,0.94542,0.94568,1.00,1.00
2017.07.04 03:51:22.362,0.9454,0.94565,1.00,1.00
2017.07.04 03:51:23.074,0.9454,0.94562,1.00,1.00
2017.07.04 03:51:25.240,0.94541,0.94562,1.00,1.00
2017.07.04 03:51:26.241,0.94541,0.94563,1.00,1.00
2017.07.04 03:51:33.060,0.94541,0.94563,1.20,1.00
2017.07.04 03:51:33.411,0.94541,0.94563,1.95,1.00
2017.07.04 03:51:33.590,0.94542,0.94565,1.45,1.00
2017.07.04 03:51:33.691,0.94545,0.94567,1.00,1.00
2017.07.04 03:51:33.742,0.94546,0.9457,1.00,1.00
2017.07.04 03:51:34.408,0.94546,0.94569,1.57,1.00
2017.07.04 03:51:35.886,0.94545,0.94568,1.20,1.00
2017.07.04 03:51:37.808,0.94545,0.94568,1.10,1.00
2017.07.04 03:51:39.793,0.94546,0.94568,1.00,1.00
2017.07.04 03:51:48.212,0.94546,0.94568,1.07,1.00
2017.07.04 03:51:50.343,0.94546,0.94569,1.07,1.00
2017.07.04 03:51:52.046,0.94546,0.94569,1.95,1.00
2017.07.04 03:51:52.564,0.94546,0.94569,1.95,1.00
2017.07.04 03:51:56.317,0.94546,0.94569,1.95,1.00
2017.07.04 03:51:56.419,0.94548,0.94571,1.20,1.00
2017.07.04 03:51:59.316,0.94548,0.94571,1.20,1.00
2017.07.04 03:52:00.406,0.94548,0.94571,1.20,1.00
2017.07.04 03:52:01.147,0.94548,0.94571,1.00,1.00
2017.07.04 03:52:04.872,0.94547,0.94571,1.00,1.00
2017.07.04 03:52:05.373,0.94547,0.9457,1.00,1.00
2017.07.04 03:52:16.128,0.9455,0.94575,1.00,1.00
2017.07.04 03:52:16.330,0.94553,0.94577,1.00,1.00
2017.07.04 03:52:17.051,0.94553,0.94577,1.95,1.00
2017.07.04 03:52:17.788,0.94554,0.94576,1.10,1.00
2017.07.04 03:52:20.403,0.94554,0.94577,1.57,1.00
2017.07.04 03:52:25.147,0.94554,0.94576,1.10,1.00
2017.07.04 03:52:29.248,0.94555,0.94578,1.00,1.00
2017.07.04 03:52:29.300,0.94557,0.9458,1.00,1.00
2017.07.04 03:52:29.401,0.9456,0.94585,1.20,1.00
2017.07.04 03:52:29.452,0.9456,0.94585,1.45,1.00
2017.07.04 03:52:29.865,0.94559,0.94582,2.70,1.00
2017.07.04 03:52:30.683,0.94559,0.94582,1.45,1.00
2017.07.04 03:52:30.903,0.9456,0.94585,1.20,1.00
2017.07.04 03:52:30.958,0.9456,0.94585,1.95,1.00
2017.07.04 03:52:32.053,0.94558,0.94583,1.95,1.00
2017.07.04 03:52:32.155,0.94557,0.94581,1.95,1.00
2017.07.04 03:52:32.665,0.94555,0.9458,1.45,1.00
2017.07.04 03:52:33.045,0.94555,0.94578,1.45,1.00
2017.07.04 03:52:33.648,0.94554,0.94577,1.20,1.00
2017.07.04 03:52:34.593,0.94552,0.94576,1.45,1.00
2017.07.04 03:52:35.421,0.94552,0.94576,1.45,1.00
2017.07.04 03:52:35.691,0.94552,0.94576,1.95,1.00
2017.07.04 03:52:36.565,0.94552,0.94576,1.45,1.00
2017.07.04 03:52:38.273,0.94552,0.94575,1.45,1.00
2017.07.04 03:52:40.176,0.94552,0.94576,1.45,1.00
2017.07.04 03:52:41.177,0.94552,0.94575,1.45,1.00
2017.07.04 03:52:41.749,0.94552,0.94575,1.45,1.00
2017.07.04 03:52:44.760,0.94552,0.94575,1.45,1.00
2017.07.04 03:52:45.537,0.94554,0.94576,1.45,1.00
2017.07.04 03:52:46.156,0.94554,0.94577,1.45,1.00
2017.07.04 03:52:49.962,0.94553,0.94576,1.45,1.00
2017.07.04 03:52:50.463,0.94553,0.94575,1.45,1.00
2017.07.04 03:52:51.591,0.94553,0.94575,1.45,1.00
2017.07.04 03:52:52.571,0.94553,0.94575,1.20,1.00
2017.07.04 03:52:53.511,0.94553,0.94575,1.20,1.00
2017.07.04 03:52:57.813,0.94553,0.94575,1.20,1.00
2017.07.04 03:52:59.971,0.9455,0.94575,1.57,1.00
2017.07.04 03:53:00.072,0.94548,0.94573,2.25,1.00
2017.07.04 03:53:00.410,0.94548,0.94571,1.00,1.00
2017.07.04 03:53:02.137,0.94546,0.94569,1.57,1.00
2017.07.04 03:53:02.689,0.94546,0.94568,1.00,1.00
2017.07.04 03:53:02.740,0.94544,0.94569,1.10,1.00
2017.07.04 03:53:02.881,0.94544,0.94566,1.95,1.00
2017.07.04 03:53:03.086,0.94544,0.94566,1.00,1.00
2017.07.04 03:53:03.137,0.94542,0.94565,1.10,1.00
2017.07.04 03:53:03.763,0.94542,0.94567,1.10,1.00
2017.07.04 03:53:04.304,0.94542,0.94567,1.20,1.00
2017.07.04 03:53:04.843,0.94542,0.94567,1.45,1.00
2017.07.04 03:53:05.425,0.94542,0.94567,1.20,1.00
2017.07.04 03:53:06.959,0.94542,0.94567,1.95,1.00
2017.07.04 03:53:07.518,0.94542,0.94567,1.95,1.00
2017.07.04 03:53:07.569,0.94544,0.94569,1.45,1.00
2017.07.04 03:53:07.620,0.94544,0.94569,1.10,1.00
2017.07.04 03:53:08.363,0.94544,0.94569,1.20,1.00
2017.07.04 03:53:10.237,0.94545,0.94567,1.10,1.00
2017.07.04 03:53:17.457,0.94545,0.94567,1.20,1.00
2017.07.04 03:53:18.196,0.94545,0.94567,1.10,1.00
2017.07.04 03:53:19.020,0.94545,0.94567,1.20,1.00
2017.07.04 03:53:23.001,0.94545,0.94567,1.45,1.00
2017.07.04 03:53:23.637,0.94545,0.94567,1.20,1.00
2017.07.04 03:53:24.207,0.94545,0.94567,1.10,1.00
2017.07.04 03:53:26.073,0.94545,0.94569,1.45,1.00
2017.07.04 03:53:26.375,0.94548,0.94571,1.20,1.00
2017.07.04 03:53:26.990,0.94548,0.94571,1.45,1.00
2017.07.04 03:53:28.524,0.94548,0.94571,1.95,1.00
2017.07.04 03:53:28.673,0.94551,0.94574,1.10,1.00
2017.07.04 03:53:28.807,0.94551,0.94574,1.45,1.00
2017.07.04 03:53:28.959,0.94554,0.94576,1.10,1.00
2017.07.04 03:53:29.486,0.94552,0.94575,1.20,1.00
2017.07.04 03:53:31.625,0.94552,0.94575,1.45,1.00
2017.07.04 03:53:32.565,0.94552,0.94575,1.20,1.00
2017.07.04 03:53:33.833,0.94552,0.94575,1.10,1.00
2017.07.04 03:53:33.934,0.94552,0.94575,1.95,1.00
2017.07.04 03:53:34.558,0.94552,0.94575,1.95,1.00
2017.07.04 03:53:35.095,0.94552,0.94575,1.95,1.00
2017.07.04 03:53:35.614,0.94552,0.94574,1.95,1.00
2017.07.04 03:53:36.415,0.94552,0.94574,1.95,1.00
2017.07.04 03:53:39.068,0.94552,0.94574,1.45,1.00
2017.07.04 03:53:39.591,0.94552,0.94575,1.45,1.00
2017.07.04 03:53:40.376,0.94552,0.94575,1.95,1.00
2017.07.04 03:53:41.036,0.94554,0.94575,1.20,1.00
2017.07.04 03:53:44.124,0.94555,0.94579,1.10,1.00
2017.07.04 03:53:44.734,0.94555,0.94579,1.20,1.00
2017.07.04 03:53:46.049,0.94555,0.94579,1.00,1.00
2017.07.04 03:53:48.185,0.94556,0.94582,1.00,1.00
2017.07.04 03:53:50.628,0.94556,0.9458,1.00,1.00
2017.07.04 03:53:53.831,0.94555,0.9458,1.10,1.00
2017.07.04 03:54:00.184,0.94554,0.9458,1.20,1.00
2017.07.04 03:54:00.566,0.94554,0.9458,1.10,1.00
2017.07.04 03:54:02.423,0.94556,0.94581,1.00,1.00
2017.07.04 03:54:03.424,0.94557,0.94581,1.00,1.00
2017.07.04 03:54:05.107,0.94562,0.94586,1.00,1.07
2017.07.04 03:54:05.209,0.94567,0.94591,1.00,1.10
2017.07.04 03:54:06.238,0.94566,0.9459,1.00,1.00
2017.07.04 03:54:08.267,0.94569,0.94593,1.00,1.00
2017.07.04 03:54:08.368,0.94565,0.94592,1.50,1.00
2017.07.04 03:54:08.419,0.94565,0.94587,1.95,1.00
2017.07.04 03:54:08.520,0.94568,0.94591,1.07,1.00
2017.07.04 03:54:08.571,0.94572,0.94594,1.00,1.00
2017.07.04 03:54:09.340,0.94571,0.94594,1.00,1.00
2017.07.04 03:54:10.570,0.94571,0.94596,1.00,1.00
2017.07.04 03:54:10.671,0.94573,0.94596,1.00,1.00
2017.07.04 03:54:10.822,0.94571,0.94595,1.10,1.00
2017.07.04 03:54:11.157,0.9457,0.94593,1.07,1.00
2017.07.04 03:54:11.661,0.94568,0.94593,1.07,1.00
2017.07.04 03:54:11.813,0.94568,0.94591,1.10,1.00
2017.07.04 03:54:20.594,0.94569,0.94592,1.00,1.00
2017.07.04 03:54:20.746,0.94566,0.9459,1.00,1.00
2017.07.04 03:54:20.797,0.94564,0.94589,1.57,1.00
2017.07.04 03:54:20.936,0.94563,0.94586,1.00,1.00
2017.07.04 03:54:21.257,0.94561,0.94584,1.00,1.00
2017.07.04 03:54:25.386,0.9456,0.94583,1.00,1.00
2017.07.04 03:54:26.407,0.94562,0.94585,1.00,1.00
2017.07.04 03:54:26.710,0.94567,0.94589,1.00,1.00
2017.07.04 03:54:27.387,0.94566,0.94591,1.00,1.00
2017.07.04 03:54:29.896,0.94564,0.94589,1.10,1.00
2017.07.04 03:54:35.275,0.94563,0.94588,1.10,1.00
2017.07.04 03:54:35.814,0.94563,0.94588,1.20,1.00
2017.07.04 03:54:36.516,0.94563,0.94588,1.57,1.00
2017.07.04 03:54:38.318,0.94565,0.94588,1.00,1.00
2017.07.04 03:54:39.045,0.94566,0.9459,1.00,1.00
2017.07.04 03:54:40.416,0.94566,0.94591,1.00,1.00
2017.07.04 03:54:50.290,0.94569,0.94592,1.00,1.00
2017.07.04 03:54:50.594,0.94571,0.94594,1.07,1.00
2017.07.04 03:54:52.359,0.94569,0.94593,1.45,1.00
2017.07.04 03:54:53.733,0.94569,0.94593,1.45,1.00
2017.07.04 03:54:54.748,0.94569,0.94593,1.45,1.00
2017.07.04 03:54:54.847,0.94569,0.94593,1.20,1.00
2017.07.04 03:54:56.055,0.94569,0.94593,1.45,1.00
2017.07.04 03:55:01.198,0.94569,0.94593,1.45,1.00
2017.07.04 03:55:01.806,0.94569,0.94593,1.45,1.00
2017.07.04 03:55:02.385,0.94567,0.94592,1.45,1.00
2017.07.04 03:55:02.814,0.94564,0.94587,1.10,1.00
2017.07.04 03:55:03.945,0.94563,0.94587,1.00,1.00
2017.07.04 03:55:04.096,0.94561,0.94581,1.00,1.00
2017.07.04 03:55:04.147,0.9456,0.94583,1.10,1.00
2017.07.04 03:55:04.292,0.94559,0.9458,1.07,1.00
2017.07.04 03:55:04.343,0.94557,0.9458,1.57,1.00
2017.07.04 03:55:04.394,0.94558,0.94583,1.00,1.00
2017.07.04 03:55:05.266,0.94558,0.94584,1.00,1.10
2017.07.04 03:55:06.891,0.94558,0.94585,1.00,1.20
2017.07.04 03:55:07.416,0.94559,0.94585,1.00,1.20
2017.07.04 03:55:07.956,0.94559,0.94585,1.00,1.20
2017.07.04 03:55:11.482,0.94559,0.94586,1.00,1.45
2017.07.04 03:55:12.874,0.94556,0.94582,1.50,1.07
2017.07.04 03:55:12.975,0.94556,0.9458,1.00,1.20
2017.07.04 03:55:13.371,0.94552,0.94578,1.50,1.00
2017.07.04 03:55:14.354,0.94552,0.94576,1.10,1.00
2017.07.04 03:55:17.530,0.94553,0.94579,1.00,1.00
2017.07.04 03:55:17.682,0.94553,0.94577,1.00,1.00
2017.07.04 03:55:18.507,0.94552,0.94577,1.10,1.00
2017.07.04 03:55:19.778,0.94554,0.94578,1.00,1.00
2017.07.04 03:55:20.030,0.94551,0.94577,1.00,1.10
2017.07.04 03:55:20.081,0.94548,0.94575,2.25,1.00
2017.07.04 03:55:20.999,0.9455,0.94575,1.00,1.10
2017.07.04 03:55:23.674,0.94551,0.94575,1.00,1.00
2017.07.04 03:55:24.235,0.9455,0.94574,1.00,1.00
2017.07.04 03:55:25.160,0.94553,0.94577,1.00,1.10
2017.07.04 03:55:25.510,0.94555,0.94579,1.00,1.00
2017.07.04 03:55:25.860,0.94555,0.94582,1.00,1.10
2017.07.04 03:55:28.346,0.94553,0.94577,1.50,1.00
2017.07.04 03:55:28.498,0.94551,0.94578,1.10,1.00
2017.07.04 03:55:28.549,0.94556,0.9458,1.00,1.10
2017.07.04 03:55:30.454,0.94556,0.94583,1.00,1.00
2017.07.04 03:55:30.505,0.94558,0.94583,1.00,1.10
2017.07.04 03:55:30.852,0.94561,0.94585,1.00,1.00
2017.07.04 03:55:31.545,0.9456,0.94585,1.00,1.00
2017.07.04 03:55:33.020,0.9456,0.94585,1.00,1.07
2017.07.04 03:55:33.559,0.94559,0.94583,1.00,1.00
2017.07.04 03:55:33.610,0.94556,0.94582,1.00,1.00
2017.07.04 03:55:33.661,0.94555,0.9458,1.00,1.00
2017.07.04 03:55:34.195,0.94555,0.94581,1.00,1.00
2017.07.04 03:55:34.634,0.9456,0.94584,1.00,1.20
2017.07.04 03:55:34.887,0.94557,0.94582,1.00,1.20
2017.07.04 03:55:35.366,0.94555,0.94579,1.00,1.10
2017.07.04 03:55:35.511,0.94551,0.94578,1.50,1.45
2017.07.04 03:55:35.562,0.94551,0.94578,1.00,1.10
2017.07.04 03:55:35.612,0.94551,0.94578,1.00,1.45
2017.07.04 03:55:36.517,0.94551,0.94578,1.00,1.20
2017.07.04 03:55:36.838,0.94555,0.9458,1.00,1.10
2017.07.04 03:55:41.034,0.94555,0.94582,1.00,1.10
2017.07.04 03:55:46.533,0.94557,0.94584,1.07,1.00
2017.07.04 03:55:48.218,0.94559,0.94585,1.00,1.00
2017.07.04 03:55:49.084,0.94561,0.94586,1.00,1.00
2017.07.04 03:55:50.318,0.94561,0.94587,1.00,1.00
2017.07.04 03:55:50.858,0.94561,0.94588,1.00,1.00
2017.07.04 03:55:51.413,0.94562,0.94588,1.00,1.00
2017.07.04 03:55:56.064,0.94562,0.94587,1.00,1.00
2017.07.04 03:56:00.786,0.9456,0.94586,1.00,1.00
2017.07.04 03:56:01.268,0.94559,0.94583,1.10,1.00
2017.07.04 03:56:01.622,0.9456,0.94586,1.00,1.00
2017.07.04 03:56:01.673,0.94565,0.94589,1.00,1.20
2017.07.04 03:56:01.724,0.94565,0.94589,1.00,1.00
2017.07.04 03:56:05.349,0.94564,0.94589,1.00,1.10
2017.07.04 03:56:06.061,0.94563,0.94588,1.00,1.00
2017.07.04 03:56:20.378,0.94562,0.94588,1.00,1.00
2017.07.04 03:56:21.379,0.94563,0.94588,1.00,1.00
2017.07.04 03:56:22.045,0.94564,0.94591,1.00,1.20
2017.07.04 03:56:22.247,0.94562,0.94589,1.10,1.00
2017.07.04 03:56:22.555,0.94562,0.94589,1.20,1.00
2017.07.04 03:56:22.606,0.94565,0.94592,1.00,1.00
2017.07.04 03:56:22.859,0.94569,0.94593,1.00,1.00
2017.07.04 03:56:28.144,0.9457,0.94594,1.00,1.00
2017.07.04 03:56:28.346,0.94568,0.94595,1.50,1.00
2017.07.04 03:56:29.306,0.94569,0.94593,1.00,1.00
2017.07.04 03:56:29.613,0.94567,0.94593,1.10,1.00
2017.07.04 03:56:29.715,0.94564,0.94588,1.00,1.00
2017.07.04 03:56:31.660,0.94565,0.94591,1.00,1.45
2017.07.04 03:56:31.710,0.94565,0.94591,1.00,1.10
2017.07.04 03:56:32.533,0.94565,0.94591,1.00,1.07
2017.07.04 03:56:33.575,0.94567,0.94593,1.00,1.07
2017.07.04 03:56:34.183,0.94567,0.94591,1.00,1.00
2017.07.04 03:56:36.842,0.94565,0.94591,1.00,1.45
2017.07.04 03:56:37.221,0.94568,0.94593,1.00,1.45
2017.07.04 03:56:37.272,0.9457,0.94595,1.00,1.00
2017.07.04 03:56:37.922,0.94569,0.94593,1.00,1.00
2017.07.04 03:56:42.814,0.94566,0.94593,1.10,1.00
2017.07.04 03:56:46.562,0.94567,0.94591,1.00,1.00
2017.07.04 03:56:47.592,0.94567,0.94592,1.00,1.00
2017.07.04 03:56:48.703,0.94568,0.94592,1.00,1.00
2017.07.04 03:56:50.454,0.94567,0.94592,1.00,1.00
2017.07.04 03:56:51.121,0.94567,0.94591,1.00,1.00
2017.07.04 03:56:52.516,0.94566,0.94591,1.10,1.00
2017.07.04 03:56:53.060,0.94567,0.94591,1.00,1.00
2017.07.04 03:56:53.785,0.94568,0.94595,1.00,1.10
2017.07.04 03:56:54.772,0.9457,0.94594,1.00,1.00
2017.07.04 03:56:56.205,0.94569,0.94593,1.00,1.00
2017.07.04 03:57:00.117,0.94569,0.94596,1.00,1.10
2017.07.04 03:57:00.302,0.94572,0.94596,1.00,1.00
2017.07.04 03:57:00.403,0.94573,0.94598,1.00,1.10
2017.07.04 03:57:05.468,0.94573,0.94599,1.00,1.00
2017.07.04 03:57:05.969,0.94573,0.94597,1.00,1.00
2017.07.04 03:57:12.420,0.94575,0.94599,1.00,1.00
2017.07.04 03:57:12.471,0.94573,0.946,1.00,1.10
2017.07.04 03:57:12.623,0.94577,0.94603,1.00,1.07
2017.07.04 03:57:12.825,0.94575,0.94601,1.00,1.00
2017.07.04 03:57:13.027,0.94578,0.94602,1.00,1.00
2017.07.04 03:57:13.338,0.94578,0.94602,1.20,1.00
2017.07.04 03:57:13.389,0.94579,0.94605,1.07,1.00
2017.07.04 03:57:13.440,0.94579,0.94605,1.45,1.00
2017.07.04 03:57:13.964,0.94579,0.94605,1.20,1.00
2017.07.04 03:57:14.608,0.94579,0.94605,1.07,1.00
2017.07.04 03:57:16.192,0.94579,0.94605,1.00,1.00
2017.07.04 03:57:16.613,0.94577,0.94601,1.00,1.00
2017.07.04 03:57:19.964,0.94576,0.94601,1.00,1.10
2017.07.04 03:57:20.271,0.94574,0.94598,1.00,1.00
2017.07.04 03:57:21.097,0.94572,0.94597,1.00,1.00
2017.07.04 03:57:21.201,0.94575,0.94599,1.50,1.00
2017.07.04 03:57:21.453,0.94576,0.94601,1.00,1.00
2017.07.04 03:57:23.640,0.94572,0.94599,1.00,1.10
2017.07.04 03:57:23.690,0.9457,0.94595,1.00,1.00
2017.07.04 03:57:23.791,0.94567,0.94594,1.00,1.00
2017.07.04 03:57:24.840,0.94566,0.94591,1.00,1.00
2017.07.04 03:57:25.842,0.94566,0.9459,1.00,1.00
2017.07.04 03:57:26.577,0.94564,0.94591,1.57,1.00
2017.07.04 03:57:27.053,0.94567,0.94592,1.00,1.00
2017.07.04 03:57:34.526,0.94568,0.94595,1.00,1.00
2017.07.04 03:57:34.783,0.94571,0.94597,1.00,1.10
2017.07.04 03:57:35.093,0.94573,0.94599,1.00,1.07
2017.07.04 03:57:35.935,0.94572,0.94599,1.00,1.07
2017.07.04 03:57:36.633,0.94571,0.94597,1.00,1.10
2017.07.04 03:57:39.708,0.94573,0.94598,1.00,1.00
2017.07.04 03:57:40.442,0.94572,0.94597,1.00,1.10
2017.07.04 03:57:41.273,0.94571,0.94597,1.00,1.10
2017.07.04 03:57:41.988,0.94573,0.94599,1.00,1.07
2017.07.04 03:57:42.662,0.94573,0.94599,1.00,1.10
2017.07.04 03:57:44.702,0.94571,0.94598,1.50,1.00
2017.07.04 03:57:48.153,0.94574,0.946,1.00,1.10
2017.07.04 03:57:51.059,0.94575,0.946,1.00,1.10
2017.07.04 03:57:52.843,0.94574,0.946,1.00,1.10
2017.07.04 03:57:54.890,0.94574,0.94601,1.00,1.00
2017.07.04 03:57:56.303,0.94576,0.946,1.00,1.00
2017.07.04 03:57:56.628,0.94578,0.94603,1.00,1.00
2017.07.04 03:57:56.905,0.94583,0.9461,1.00,1.10
2017.07.04 03:57:56.956,0.94586,0.9461,1.00,1.00
2017.07.04 03:57:57.580,0.94584,0.9461,1.00,1.00
2017.07.04 03:57:58.967,0.94584,0.9461,1.00,1.07
2017.07.04 03:58:00.169,0.94584,0.9461,1.00,1.00
2017.07.04 03:58:04.627,0.94587,0.94611,1.00,1.00
2017.07.04 03:58:08.096,0.94589,0.94613,1.00,1.00
2017.07.04 03:58:08.604,0.9459,0.94616,1.00,1.00
2017.07.04 03:58:08.705,0.94592,0.94616,1.00,1.00
2017.07.04 03:58:08.857,0.94593,0.94618,1.00,1.00
2017.07.04 03:58:09.070,0.94594,0.94621,1.10,1.00
2017.07.04 03:58:09.121,0.94596,0.94622,1.00,1.00
2017.07.04 03:58:10.992,0.94594,0.9462,1.07,1.00
2017.07.04 03:58:11.310,0.94592,0.94617,1.00,1.00
2017.07.04 03:58:11.677,0.94594,0.94618,1.00,1.00
2017.07.04 03:58:15.364,0.94593,0.9462,1.00,1.10
2017.07.04 03:58:17.781,0.94595,0.9462,1.10,1.00
2017.07.04 03:58:18.103,0.94601,0.94625,1.00,1.00
2017.07.04 03:58:19.288,0.946,0.94627,1.00,1.00
2017.07.04 03:58:20.618,0.94601,0.94627,1.00,1.00
2017.07.04 03:58:21.857,0.94602,0.94627,1.00,1.00
2017.07.04 03:58:21.958,0.94603,0.9463,1.10,1.00
2017.07.04 03:58:25.863,0.94604,0.9463,1.00,1.00
2017.07.04 03:58:26.585,0.94604,0.9463,1.20,1.00
2017.07.04 03:58:27.099,0.94606,0.94631,1.00,1.00
2017.07.04 03:58:27.200,0.94607,0.94633,1.00,1.00
2017.07.04 03:58:27.250,0.94606,0.94631,1.00,1.00
2017.07.04 03:58:30.329,0.94605,0.94629,1.00,1.00
2017.07.04 03:58:35.614,0.94604,0.9463,1.00,1.00
2017.07.04 03:58:37.900,0.94603,0.94627,1.00,1.00
2017.07.04 03:58:38.197,0.94598,0.94623,1.00,1.00
2017.07.04 03:58:38.671,0.946,0.94624,1.00,1.00
2017.07.04 03:58:39.243,0.94601,0.94625,1.00,1.00
2017.07.04 03:58:39.966,0.94598,0.94622,1.00,1.00
2017.07.04 03:58:40.334,0.94597,0.94622,1.00,1.45
2017.07.04 03:58:40.980,0.94596,0.94622,1.00,1.45
2017.07.04 03:58:41.539,0.94596,0.94622,1.00,1.20
2017.07.04 03:58:42.217,0.94596,0.94622,1.00,1.20
2017.07.04 03:58:42.471,0.94597,0.94624,1.00,1.00
2017.07.04 03:58:43.208,0.94599,0.94623,1.00,1.00
2017.07.04 03:58:43.353,0.94599,0.94626,1.00,1.00
2017.07.04 03:58:43.454,0.94602,0.94626,1.00,1.00
2017.07.04 03:58:43.959,0.94604,0.94628,1.00,1.00
2017.07.04 03:58:44.581,0.94603,0.94627,1.00,1.00
2017.07.04 03:58:45.191,0.94602,0.94629,1.00,1.00
2017.07.04 03:58:48.036,0.94601,0.94628,1.00,1.00
2017.07.04 03:58:48.087,0.946,0.94625,1.00,1.00
2017.07.04 03:58:48.188,0.94598,0.94624,1.00,1.00
2017.07.04 03:58:48.365,0.94597,0.94621,1.00,1.00
2017.07.04 03:58:48.678,0.94596,0.94618,1.00,1.00
2017.07.04 03:58:49.085,0.94594,0.94618,1.57,1.00
2017.07.04 03:58:50.392,0.94594,0.94618,1.07,1.00
2017.07.04 03:58:51.057,0.94594,0.94618,1.00,1.00
2017.07.04 03:58:51.565,0.94595,0.94619,1.00,1.00
2017.07.04 03:58:51.789,0.94597,0.94619,1.00,1.00
2017.07.04 03:58:55.140,0.94597,0.94621,1.00,1.00
2017.07.04 03:58:58.512,0.94599,0.94621,1.00,1.00
2017.07.04 03:59:00.853,0.94597,0.94621,1.00,1.00
2017.07.04 03:59:05.013,0.94598,0.94623,1.00,1.00
2017.07.04 03:59:05.972,0.94598,0.94624,1.00,1.00
2017.07.04 03:59:06.974,0.94598,0.94623,1.00,1.00
2017.07.04 03:59:08.891,0.94599,0.94624,1.00,1.00
2017.07.04 03:59:08.992,0.94595,0.94622,1.00,1.00
2017.07.04 03:59:09.284,0.94598,0.94624,1.00,1.20
2017.07.04 03:59:09.604,0.94599,0.94627,1.00,1.07
2017.07.04 03:59:10.385,0.94596,0.94623,1.00,1.00
2017.07.04 03:59:11.555,0.946,0.94625,1.00,1.10
2017.07.04 03:59:13.396,0.94599,0.94624,1.00,1.00
2017.07.04 03:59:22.260,0.94599,0.94625,1.10,1.00
2017.07.04 03:59:22.463,0.94596,0.94623,1.00,1.00
2017.07.04 03:59:22.513,0.94596,0.9462,1.00,1.00
2017.07.04 03:59:22.564,0.94593,0.9462,1.00,1.00
2017.07.04 03:59:22.868,0.94595,0.94622,1.10,1.00
2017.07.04 03:59:24.241,0.94596,0.94624,1.00,1.00
2017.07.04 03:59:25.029,0.94597,0.94622,1.00,1.00
2017.07.04 03:59:26.018,0.94596,0.94621,1.00,1.00
2017.07.04 03:59:28.643,0.94597,0.94622,1.00,1.00
2017.07.04 03:59:29.144,0.94597,0.94624,1.00,1.45
2017.07.04 03:59:29.195,0.94597,0.94624,1.00,1.20
2017.07.04 03:59:29.246,0.94599,0.94624,1.00,1.20
2017.07.04 03:59:30.847,0.94599,0.94624,1.00,1.00
2017.07.04 03:59:31.314,0.94599,0.94624,1.00,1.45
2017.07.04 03:59:32.618,0.94599,0.94624,1.00,1.45
2017.07.04 03:59:33.118,0.94599,0.94627,1.00,1.45
2017.07.04 03:59:33.168,0.94601,0.94628,1.00,1.45
2017.07.04 03:59:33.421,0.94601,0.94628,1.00,1.45
2017.07.04 03:59:35.708,0.94601,0.94628,1.00,1.45
2017.07.04 03:59:37.161,0.94597,0.94624,1.00,1.00
2017.07.04 03:59:37.848,0.94597,0.94624,1.00,1.07
2017.07.04 03:59:38.224,0.94592,0.94619,1.50,1.10
2017.07.04 03:59:38.275,0.94592,0.94619,1.50,1.95
2017.07.04 03:59:38.527,0.9459,0.94615,1.00,1.00
2017.07.04 03:59:39.806,0.94585,0.94611,1.10,1.00
2017.07.04 03:59:39.907,0.94583,0.94608,1.07,1.00
2017.07.04 03:59:40.591,0.94583,0.94608,1.45,1.00
2017.07.04 03:59:41.251,0.94584,0.94609,1.20,1.00
2017.07.04 03:59:41.787,0.94585,0.9461,1.20,1.00
2017.07.04 03:59:41.838,0.94585,0.94612,1.20,1.00
2017.07.04 03:59:42.532,0.94585,0.94612,1.00,1.00
2017.07.04 03:59:43.614,0.94586,0.94613,1.00,1.20
2017.07.04 03:59:44.223,0.94587,0.94613,1.00,1.10
2017.07.04 03:59:44.338,0.94584,0.94609,1.00,1.10
2017.07.04 03:59:44.389,0.94579,0.94607,1.95,1.00
2017.07.04 03:59:44.490,0.94578,0.94606,1.00,1.10
2017.07.04 03:59:45.213,0.94578,0.94606,1.00,1.20
2017.07.04 03:59:45.444,0.94578,0.94606,1.00,1.45
2017.07.04 03:59:45.942,0.94576,0.94604,1.00,1.10
2017.07.04 03:59:46.460,0.94578,0.94603,1.00,1.00
2017.07.04 03:59:47.890,0.94576,0.94601,1.00,1.00
2017.07.04 03:59:48.193,0.94574,0.94599,1.00,1.00
2017.07.04 03:59:48.936,0.94574,0.946,1.00,1.00
2017.07.04 03:59:50.313,0.94576,0.94601,1.00,1.00
2017.07.04 03:59:50.942,0.94577,0.94602,1.00,1.00
2017.07.04 03:59:51.044,0.94577,0.94604,1.00,1.00
2017.07.04 03:59:51.304,0.94577,0.94602,1.00,1.00
2017.07.04 03:59:52.402,0.94577,0.94603,1.00,1.00
2017.07.04 03:59:53.445,0.94576,0.94601,1.10,1.00
2017.07.04 03:59:54.127,0.94576,0.946,1.00,1.00
2017.07.04 03:59:56.543,0.94575,0.94602,1.00,1.00
2017.07.04 03:59:57.632,0.94574,0.94598,1.00,1.00
2017.07.04 03:59:57.733,0.9457,0.94597,1.10,1.00
2017.07.04 03:59:58.213,0.94569,0.94595,1.00,1.00
2017.07.04 03:59:58.529,0.94572,0.94596,1.00,1.10
2017.07.04 03:59:59.081,0.94565,0.9459,1.00,1.00
2017.07.04 03:59:59.132,0.94564,0.94588,1.00,1.00
2017.07.04 03:59:59.183,0.94559,0.94585,1.00,1.00
