2017.05.05 01:00:01.001,0.94501,0.94526,1.00,1.00
2017.05.05 01:00:01.430,0.94498,0.94524,1.00,1.00
2017.05.05 01:00:01.531,0.94496,0.94524,1.00,1.00
2017.05.05 01:00:02.391,0.94496,0.94522,1.00,1.00
2017.05.05 01:00:03.524,0.94494,0.9452,1.00,1.00
2017.05.05 01:00:03.726,0.94494,0.94522,1.00,1.00
2017.05.05 01:00:04.692,0.94495,0.9452,1.00,1.00
2017.05.05 01:00:06.583,0.94492,0.9452,1.00,1.00
2017.05.05 01:00:06.735,0.94492,0.94517,1.00,1.00
2017.05.05 01:00:07.357,0.94489,0.94517,1.00,1.00
2017.05.05 01:00:10.736,0.9449,0.94517,1.00,1.00
2017.05.05 01:00:11.593,0.94494,0.94519,1.00,1.00
2017.05.05 01:00:13.781,0.94493,0.94519,1.00,1.00
2017.05.05 01:00:14.757,0.94493,0.9452,1.00,1.00
2017.05.05 01:00:16.149,0.94491,0.94518,1.00,1.00
2017.05.05 01:00:16.199,0.94489,0.94517,1.00,1.00
2017.05.05 01:00:16.297,0.94489,0.94514,1.00,1.00
2017.05.05 01:00:18.938,0.94487,0.94513,1.00,1.00
2017.05.05 01:00:19.447,0.94488,0.94513,1.00,1.00
2017.05.05 01:00:20.286,0.94488,0.94514,1.00,1.00
2017.05.05 01:00:21.288,0.94488,0.94515,1.00,1.00
2017.05.05 01:00:25.118,0.94489,0.94515,1.00,1.00
2017.05.05 01:00:26.267,0.94488,0.94514,1.00,1.00
2017.05.05 01:00:28.785,0.94487,0.94514,1.00,1.00
2017.05.05 01:00:29.197,0.94485,0.94511,1.00,1.00
2017.05.05 01:00:29.247,0.94487,0.94515,1.00,1.00
2017.05.05 01:00:29.298,0.94487,0.94512,1.00,1.00
2017.05.05 01:00:29.399,0.94484,0.9451,1.00,1.00
2017.05.05 01:00:29.450,0.94482,0.94509,1.00,1.00
2017.05.05 01:00:29.500,0.94481,0.94506,1.00,1.00
2017.05.05 01:00:30.483,0.9448,0.94506,1.00,1.00
2017.05.05 01:00:31.001,0.94479,0.94505,1.00,1.00
2017.05.05 01:00:31.051,0.94477,0.94505,1.00,1.00
2017.05.05 01:00:35.197,0.94476,0.94504,1.00,1.00
2017.05.05 01:00:40.796,0.94477,0.94502,1.00,1.00
2017.05.05 01:00:40.974,0.94474,0.94501,1.00,1.00
2017.05.05 01:00:41.883,0.94475,0.94501,1.00,1.00
2017.05.05 01:00:43.815,0.94475,0.945,1.00,1.00
2017.05.05 01:00:44.413,0.94475,0.94501,1.00,1.00
2017.05.05 01:00:47.190,0.94477,0.94504,1.00,1.00
2017.05.05 01:00:47.241,0.94476,0.94502,1.00,1.00
2017.05.05 01:00:48.195,0.94477,0.94502,1.00,1.00
2017.05.05 01:00:50.210,0.94475,0.94502,1.00,1.00
2017.05.05 01:00:50.429,0.94477,0.94502,1.00,1.00
2017.05.05 01:00:50.731,0.94477,0.94505,1.00,1.00
2017.05.05 01:00:50.782,0.9448,0.94505,1.00,1.00
2017.05.05 01:00:51.778,0.9448,0.94506,1.00,1.00
2017.05.05 01:00:53.546,0.94481,0.94506,1.00,1.00
2017.05.05 01:00:53.716,0.9448,0.94508,1.00,1.00
2017.05.05 01:00:55.933,0.94477,0.94504,1.00,1.00
2017.05.05 01:00:56.034,0.94475,0.94503,1.00,1.00
2017.05.05 01:00:59.011,0.94476,0.94504,1.00,1.00
2017.05.05 01:00:59.061,0.94478,0.94505,1.00,1.00
2017.05.05 01:00:59.238,0.94482,0.9451,1.50,1.00
2017.05.05 01:00:59.289,0.94484,0.94512,1.00,1.00
2017.05.05 01:01:00.112,0.94484,0.9451,1.00,1.00
2017.05.05 01:01:00.263,0.94485,0.94512,1.00,1.00
2017.05.05 01:01:03.443,0.94487,0.94511,1.00,1.00
2017.05.05 01:01:03.594,0.94484,0.9451,1.00,1.00
2017.05.05 01:01:03.796,0.94482,0.94507,1.00,1.00
2017.05.05 01:01:04.098,0.94479,0.94504,1.00,1.00
2017.05.05 01:01:06.550,0.9448,0.94506,1.00,1.00
2017.05.05 01:01:09.208,0.94482,0.94507,1.00,1.00
2017.05.05 01:01:10.163,0.94484,0.94509,1.00,1.00
2017.05.05 01:01:10.465,0.94488,0.94513,1.00,1.00
2017.05.05 01:01:11.391,0.94489,0.94513,1.00,1.00
2017.05.05 01:01:16.212,0.94491,0.94515,1.00,1.00
2017.05.05 01:01:16.364,0.94492,0.94517,1.00,1.00
2017.05.05 01:01:16.465,0.94493,0.94519,1.00,1.00
2017.05.05 01:01:20.454,0.94498,0.94523,1.00,1.00
2017.05.05 01:01:20.788,0.945,0.94524,1.00,1.00
2017.05.05 01:01:20.898,0.94501,0.94526,1.00,1.00
2017.05.05 01:01:24.013,0.94503,0.94527,1.00,1.00
2017.05.05 01:01:24.324,0.94508,0.94532,1.00,1.00
2017.05.05 01:01:24.570,0.94508,0.94535,1.00,1.00
2017.05.05 01:01:24.721,0.94511,0.94536,1.00,1.00
2017.05.05 01:01:24.835,0.94512,0.94538,1.00,1.00
2017.05.05 01:01:24.986,0.94514,0.94539,1.00,1.00
2017.05.05 01:01:26.202,0.94516,0.9454,1.00,1.00
2017.05.05 01:01:28.214,0.94518,0.94542,1.00,1.00
2017.05.05 01:01:28.266,0.9452,0.94546,1.00,1.00
2017.05.05 01:01:29.346,0.94521,0.94548,1.00,1.00
2017.05.05 01:01:30.544,0.94521,0.94546,1.00,1.00
2017.05.05 01:01:31.530,0.94523,0.94549,1.00,1.00
2017.05.05 01:01:33.520,0.94528,0.94553,1.00,1.00
2017.05.05 01:01:33.843,0.94526,0.9455,1.00,1.00
2017.05.05 01:01:33.894,0.94523,0.9455,1.00,1.00
2017.05.05 01:01:34.686,0.94526,0.9455,1.00,1.00
2017.05.05 01:01:34.787,0.94527,0.94552,1.00,1.00
2017.05.05 01:01:35.023,0.94525,0.94553,1.00,1.00
2017.05.05 01:01:35.124,0.94527,0.94551,1.00,1.00
2017.05.05 01:01:39.713,0.94525,0.94551,1.00,1.00
2017.05.05 01:01:39.764,0.94524,0.94548,1.00,1.00
2017.05.05 01:01:40.184,0.94522,0.94547,1.00,1.00
2017.05.05 01:01:40.817,0.9452,0.94547,1.00,1.00
2017.05.05 01:01:40.938,0.9452,0.94545,1.00,1.00
2017.05.05 01:01:41.697,0.94519,0.94544,1.00,1.00
2017.05.05 01:01:42.357,0.94519,0.94543,1.00,1.00
2017.05.05 01:01:43.139,0.94518,0.94545,1.00,1.00
2017.05.05 01:01:43.190,0.9452,0.94545,1.00,1.00
2017.05.05 01:01:43.241,0.94521,0.94547,1.00,1.00
2017.05.05 01:01:43.292,0.94523,0.94547,1.00,1.00
2017.05.05 01:01:43.393,0.94524,0.94549,1.00,1.00
2017.05.05 01:01:45.308,0.94523,0.94547,1.00,1.00
2017.05.05 01:01:45.409,0.9452,0.94546,1.00,1.00
2017.05.05 01:01:45.611,0.94519,0.94544,1.00,1.00
2017.05.05 01:01:45.712,0.94517,0.94543,1.00,1.00
2017.05.05 01:01:45.948,0.94515,0.94542,1.00,1.00
2017.05.05 01:01:46.210,0.94518,0.94543,1.00,1.00
2017.05.05 01:01:46.616,0.94517,0.94541,1.00,1.00
2017.05.05 01:01:47.738,0.94518,0.94543,1.00,1.00
2017.05.05 01:01:47.890,0.9452,0.94545,1.00,1.00
2017.05.05 01:01:47.940,0.94518,0.94545,1.50,1.00
2017.05.05 01:01:47.991,0.9452,0.94546,1.00,1.00
2017.05.05 01:01:48.948,0.9452,0.94547,1.00,1.00
2017.05.05 01:01:55.815,0.94524,0.94548,1.00,1.00
2017.05.05 01:01:56.127,0.94522,0.94547,1.00,1.00
2017.05.05 01:01:56.461,0.9452,0.94546,1.00,1.00
2017.05.05 01:01:57.437,0.94522,0.94546,1.00,1.00
2017.05.05 01:01:59.465,0.94522,0.94547,1.00,1.00
2017.05.05 01:02:00.736,0.94525,0.9455,1.00,1.00
2017.05.05 01:02:01.038,0.94527,0.94551,1.00,1.00
2017.05.05 01:02:01.307,0.94528,0.94553,1.00,1.00
2017.05.05 01:02:02.086,0.9453,0.94555,1.00,1.00
2017.05.05 01:02:02.189,0.94531,0.94557,1.00,1.00
2017.05.05 01:02:08.969,0.94531,0.94558,1.00,1.00
2017.05.05 01:02:09.020,0.94534,0.94558,1.00,1.00
2017.05.05 01:02:10.166,0.94532,0.94558,1.00,1.00
2017.05.05 01:02:11.417,0.94533,0.94559,1.00,1.00
2017.05.05 01:02:11.518,0.94535,0.94559,1.00,1.00
2017.05.05 01:02:12.479,0.94534,0.94561,1.00,1.00
2017.05.05 01:02:14.014,0.94534,0.94559,1.00,1.00
2017.05.05 01:02:14.995,0.94534,0.9456,1.00,1.00
2017.05.05 01:02:17.799,0.94534,0.94561,1.00,1.00
2017.05.05 01:02:21.706,0.94533,0.9456,1.00,1.00
2017.05.05 01:02:22.100,0.94535,0.9456,1.00,1.00
2017.05.05 01:02:22.251,0.94531,0.94557,1.00,1.00
2017.05.05 01:02:22.453,0.94533,0.94559,1.00,1.00
2017.05.05 01:02:22.819,0.94535,0.94561,1.00,1.00
2017.05.05 01:02:25.395,0.94533,0.9456,1.00,1.00
2017.05.05 01:02:26.422,0.94534,0.94558,1.00,1.00
2017.05.05 01:02:27.087,0.94535,0.94559,1.00,1.00
2017.05.05 01:02:29.024,0.94534,0.94559,1.00,1.00
2017.05.05 01:02:29.727,0.94534,0.94558,1.00,1.00
2017.05.05 01:02:30.588,0.94535,0.9456,1.00,1.00
2017.05.05 01:02:31.111,0.94536,0.94561,1.00,1.00
2017.05.05 01:02:31.682,0.94536,0.94563,1.00,1.00
2017.05.05 01:02:31.935,0.94536,0.94561,1.00,1.00
2017.05.05 01:02:35.219,0.94538,0.94562,1.00,1.00
2017.05.05 01:02:35.421,0.94538,0.94564,1.00,1.00
2017.05.05 01:02:35.717,0.9454,0.94567,1.00,1.00
2017.05.05 01:02:35.818,0.94543,0.94567,1.00,1.00
2017.05.05 01:02:37.471,0.94543,0.9457,1.00,1.00
2017.05.05 01:02:41.044,0.94544,0.94568,1.00,1.00
2017.05.05 01:02:42.038,0.94542,0.94569,1.00,1.00
2017.05.05 01:02:48.159,0.94543,0.9457,1.00,1.00
2017.05.05 01:02:48.311,0.94545,0.94569,1.00,1.00
2017.05.05 01:02:49.022,0.94544,0.94569,1.00,1.00
2017.05.05 01:02:49.616,0.94543,0.94568,1.00,1.00
2017.05.05 01:02:51.382,0.94543,0.94567,1.00,1.00
2017.05.05 01:02:56.065,0.94542,0.94567,1.00,1.00
2017.05.05 01:02:58.587,0.94543,0.94567,1.00,1.00
2017.05.05 01:02:58.739,0.94543,0.94569,1.00,1.00
2017.05.05 01:02:58.840,0.94545,0.94569,1.00,1.00
2017.05.05 01:02:59.577,0.94544,0.94568,1.00,1.00
2017.05.05 01:03:01.016,0.94542,0.94567,1.00,1.00
2017.05.05 01:03:01.117,0.9454,0.94567,1.00,1.00
2017.05.05 01:03:01.494,0.94542,0.94567,1.00,1.00
2017.05.05 01:03:02.215,0.94542,0.94566,1.00,1.00
2017.05.05 01:03:11.095,0.9454,0.94567,1.00,1.00
2017.05.05 01:03:15.036,0.94538,0.94565,1.00,1.00
2017.05.05 01:03:16.344,0.94537,0.94564,1.00,1.00
2017.05.05 01:03:16.654,0.9454,0.94565,1.00,1.00
2017.05.05 01:03:26.125,0.94541,0.94565,1.00,1.00
2017.05.05 01:03:27.127,0.9454,0.94565,1.00,1.00
2017.05.05 01:03:31.132,0.9454,0.94567,1.00,1.00
2017.05.05 01:03:31.429,0.94542,0.94566,1.00,1.00
2017.05.05 01:03:35.677,0.94544,0.94568,1.00,1.00
2017.05.05 01:03:38.109,0.94542,0.94567,1.00,1.00
2017.05.05 01:03:39.509,0.94544,0.94568,1.00,1.00
2017.05.05 01:03:41.155,0.94544,0.94569,1.00,1.00
2017.05.05 01:03:44.208,0.94544,0.94568,1.00,1.00
2017.05.05 01:03:44.498,0.94541,0.94568,1.00,1.00
2017.05.05 01:03:44.700,0.94538,0.94565,1.00,1.00
2017.05.05 01:03:49.034,0.94538,0.94562,1.00,1.00
2017.05.05 01:03:49.576,0.94539,0.94563,1.00,1.00
2017.05.05 01:03:53.541,0.94537,0.94562,1.00,1.00
2017.05.05 01:03:54.526,0.94538,0.94562,1.00,1.00
2017.05.05 01:03:54.994,0.94535,0.94561,1.00,1.00
2017.05.05 01:03:59.253,0.94535,0.9456,1.00,1.00
2017.05.05 01:04:00.547,0.94534,0.9456,1.00,1.00
2017.05.05 01:04:04.058,0.94535,0.9456,1.00,1.00
2017.05.05 01:04:10.593,0.94532,0.94558,1.00,1.00
2017.05.05 01:04:10.644,0.94528,0.94552,1.00,1.00
2017.05.05 01:04:10.960,0.94526,0.9455,1.00,1.00
2017.05.05 01:04:11.598,0.94524,0.94549,1.00,1.00
2017.05.05 01:04:16.130,0.94523,0.94549,1.00,1.00
2017.05.05 01:04:17.132,0.94523,0.94548,1.00,1.00
2017.05.05 01:04:19.546,0.94519,0.94551,1.00,1.00
2017.05.05 01:04:20.076,0.9452,0.94552,1.00,1.50
2017.05.05 01:04:20.386,0.94522,0.94552,1.00,1.50
2017.05.05 01:04:20.745,0.94523,0.9455,1.00,1.00
2017.05.05 01:04:25.622,0.94524,0.9455,1.00,1.00
2017.05.05 01:04:26.254,0.94525,0.94551,1.00,1.00
2017.05.05 01:04:26.915,0.94526,0.94551,1.00,1.00
2017.05.05 01:04:27.624,0.94525,0.94551,1.00,1.00
2017.05.05 01:04:29.301,0.94526,0.94551,1.00,1.00
2017.05.05 01:04:30.233,0.94524,0.94551,1.00,1.00
2017.05.05 01:04:33.715,0.94524,0.9455,1.00,1.00
2017.05.05 01:04:44.107,0.94528,0.94554,1.00,1.00
2017.05.05 01:04:44.634,0.94528,0.94555,1.00,1.00
2017.05.05 01:04:45.069,0.94528,0.94553,1.00,1.00
2017.05.05 01:04:45.729,0.94527,0.94553,1.00,1.00
2017.05.05 01:04:47.216,0.94527,0.94554,1.00,1.00
2017.05.05 01:04:48.663,0.94527,0.94553,1.00,1.00
2017.05.05 01:04:50.707,0.94525,0.94551,1.00,1.00
2017.05.05 01:04:51.659,0.94525,0.94552,1.00,1.00
2017.05.05 01:04:54.426,0.94527,0.94552,1.00,1.00
2017.05.05 01:04:56.805,0.94525,0.94552,1.00,1.00
2017.05.05 01:04:59.323,0.94526,0.94552,1.00,1.00
2017.05.05 01:04:59.991,0.94525,0.94551,1.00,1.00
2017.05.05 01:05:00.651,0.94526,0.94552,1.00,1.00
2017.05.05 01:05:06.395,0.94524,0.94552,1.00,1.00
2017.05.05 01:05:06.462,0.94526,0.94551,1.00,1.00
2017.05.05 01:05:07.396,0.94525,0.94551,1.00,1.00
2017.05.05 01:05:17.469,0.94523,0.94551,1.00,1.00
2017.05.05 01:05:18.038,0.94525,0.94551,1.00,1.00
2017.05.05 01:05:18.484,0.94523,0.94551,1.00,1.00
2017.05.05 01:05:26.366,0.94524,0.94551,1.00,1.00
2017.05.05 01:05:28.278,0.94524,0.94552,1.00,1.00
2017.05.05 01:05:29.239,0.94523,0.9455,1.00,1.00
2017.05.05 01:05:30.222,0.94524,0.9455,1.00,1.00
2017.05.05 01:05:36.734,0.94525,0.9455,1.00,1.00
2017.05.05 01:05:37.252,0.94526,0.94551,1.00,1.00
2017.05.05 01:05:37.835,0.94527,0.94552,1.00,1.00
2017.05.05 01:05:40.294,0.94524,0.94552,1.00,1.00
2017.05.05 01:05:41.395,0.94525,0.9455,1.00,1.00
2017.05.05 01:05:43.813,0.94522,0.94548,1.00,1.00
2017.05.05 01:05:44.378,0.94521,0.94548,1.00,1.00
2017.05.05 01:05:44.816,0.94523,0.94548,1.00,1.00
2017.05.05 01:05:49.686,0.94522,0.9455,1.00,1.00
2017.05.05 01:05:50.901,0.94519,0.94547,1.00,1.00
2017.05.05 01:05:51.234,0.9452,0.94545,1.00,1.00
2017.05.05 01:05:56.926,0.94519,0.94545,1.00,1.00
2017.05.05 01:05:58.926,0.94521,0.94546,1.00,1.00
2017.05.05 01:05:58.977,0.94523,0.94549,1.00,1.50
2017.05.05 01:05:59.906,0.94523,0.9455,1.00,1.00
2017.05.05 01:06:00.908,0.94523,0.94551,1.00,1.00
2017.05.05 01:06:09.748,0.94525,0.9455,1.00,1.00
2017.05.05 01:06:09.851,0.94518,0.94546,1.00,1.00
2017.05.05 01:06:10.103,0.94517,0.94542,1.00,1.00
2017.05.05 01:06:10.911,0.94511,0.94538,1.00,1.00
2017.05.05 01:06:10.962,0.94507,0.94535,1.00,1.00
2017.05.05 01:06:11.455,0.94507,0.94533,1.00,1.00
2017.05.05 01:06:11.904,0.94505,0.94532,1.00,1.00
2017.05.05 01:06:12.501,0.94507,0.94533,1.00,1.00
2017.05.05 01:06:12.682,0.94505,0.94532,1.00,1.00
2017.05.05 01:06:12.762,0.94507,0.94533,1.00,1.00
2017.05.05 01:06:12.813,0.94505,0.94532,1.00,1.00
2017.05.05 01:06:13.154,0.94507,0.94533,1.00,1.00
2017.05.05 01:06:13.586,0.94505,0.94532,1.00,1.00
2017.05.05 01:06:13.637,0.94507,0.94532,1.00,1.00
2017.05.05 01:06:13.688,0.94508,0.94534,1.00,1.00
2017.05.05 01:06:13.828,0.94507,0.94532,1.00,1.00
2017.05.05 01:06:14.116,0.94507,0.94535,1.00,1.00
2017.05.05 01:06:14.217,0.94506,0.94532,1.00,1.00
2017.05.05 01:06:14.826,0.94506,0.94531,1.00,1.00
2017.05.05 01:06:15.369,0.94503,0.94533,1.00,1.00
2017.05.05 01:06:15.866,0.94503,0.94535,1.00,1.00
2017.05.05 01:06:15.916,0.94503,0.94533,1.00,1.00
2017.05.05 01:06:16.646,0.94504,0.94536,1.00,1.00
2017.05.05 01:06:16.855,0.94503,0.94533,1.00,1.00
2017.05.05 01:06:18.088,0.94503,0.94535,1.00,1.00
2017.05.05 01:06:18.276,0.94505,0.94535,1.00,1.00
2017.05.05 01:06:18.327,0.94503,0.94535,1.00,1.00
2017.05.05 01:06:18.402,0.94505,0.94535,1.00,1.00
2017.05.05 01:06:18.524,0.94503,0.94535,1.00,1.00
2017.05.05 01:06:19.828,0.94505,0.94535,1.00,1.00
2017.05.05 01:06:19.878,0.94503,0.94535,1.00,1.00
2017.05.05 01:06:19.950,0.94505,0.94535,1.00,1.00
2017.05.05 01:06:20.102,0.94503,0.94535,1.00,1.00
2017.05.05 01:06:20.214,0.94505,0.94535,1.00,1.00
2017.05.05 01:06:20.937,0.94504,0.94534,1.00,1.00
2017.05.05 01:06:21.477,0.94503,0.94535,1.00,1.00
2017.05.05 01:06:22.086,0.94504,0.94534,1.00,1.00
2017.05.05 01:06:26.987,0.94503,0.94533,1.00,1.00
2017.05.05 01:06:27.369,0.94506,0.94531,1.00,1.00
2017.05.05 01:06:33.428,0.94507,0.94531,1.00,1.00
2017.05.05 01:06:40.378,0.94507,0.94534,1.00,1.00
2017.05.05 01:06:40.858,0.94509,0.94535,1.00,1.00
2017.05.05 01:06:42.016,0.9451,0.94535,1.00,1.00
2017.05.05 01:06:42.763,0.94511,0.94536,1.00,1.00
2017.05.05 01:06:49.007,0.9451,0.94534,1.00,1.00
2017.05.05 01:06:57.047,0.94511,0.94535,1.00,1.00
2017.05.05 01:07:08.458,0.94511,0.94538,1.00,1.00
2017.05.05 01:07:11.612,0.94513,0.94537,1.00,1.00
2017.05.05 01:07:12.368,0.94512,0.94537,1.00,1.00
2017.05.05 01:07:13.543,0.9451,0.94536,1.00,1.00
2017.05.05 01:07:14.897,0.94511,0.94538,1.00,1.00
2017.05.05 01:07:17.592,0.94513,0.94537,1.00,1.00
2017.05.05 01:07:17.846,0.94513,0.9454,1.00,1.00
2017.05.05 01:07:19.273,0.94516,0.94541,1.00,1.00
2017.05.05 01:07:22.264,0.94514,0.94541,1.00,1.00
2017.05.05 01:07:23.413,0.94517,0.94542,1.00,1.00
2017.05.05 01:07:25.202,0.94514,0.94541,1.00,1.00
2017.05.05 01:07:27.107,0.94514,0.9454,1.00,1.00
2017.05.05 01:07:35.514,0.9451,0.94535,1.00,1.00
2017.05.05 01:07:35.816,0.94503,0.94527,1.00,1.00
2017.05.05 01:07:42.854,0.945,0.94526,1.00,1.00
2017.05.05 01:07:44.654,0.94501,0.94526,1.00,1.00
2017.05.05 01:07:54.010,0.945,0.94525,1.00,1.00
2017.05.05 01:07:55.177,0.94499,0.94524,1.00,1.00
2017.05.05 01:07:56.666,0.94499,0.94525,1.00,1.00
2017.05.05 01:07:57.204,0.945,0.94525,1.00,1.00
2017.05.05 01:07:59.684,0.945,0.94524,1.00,1.00
2017.05.05 01:08:12.196,0.945,0.94525,1.00,1.00
2017.05.05 01:08:16.915,0.94502,0.94526,1.00,1.00
2017.05.05 01:08:16.966,0.94503,0.94528,1.00,1.00
2017.05.05 01:08:17.067,0.94502,0.94526,1.00,1.00
2017.05.05 01:08:17.960,0.94501,0.94525,1.00,1.00
2017.05.05 01:08:20.015,0.94503,0.94527,1.00,1.00
2017.05.05 01:08:21.016,0.94502,0.94529,1.00,1.00
2017.05.05 01:08:21.554,0.94503,0.9453,1.00,1.00
2017.05.05 01:08:22.260,0.94503,0.94528,1.00,1.00
2017.05.05 01:08:26.725,0.94504,0.94528,1.00,1.00
2017.05.05 01:08:27.795,0.94503,0.94528,1.00,1.00
2017.05.05 01:08:28.612,0.94501,0.9453,1.00,1.00
2017.05.05 01:08:29.837,0.945,0.94529,1.00,1.00
2017.05.05 01:08:30.535,0.94501,0.9453,1.00,1.00
2017.05.05 01:08:35.588,0.94499,0.9453,1.00,1.00
2017.05.05 01:08:40.160,0.94501,0.94528,1.00,1.00
2017.05.05 01:08:57.168,0.94501,0.94525,1.00,1.00
2017.05.05 01:08:59.804,0.945,0.94527,1.00,1.00
2017.05.05 01:09:00.804,0.94501,0.94525,1.00,1.00
2017.05.05 01:09:03.010,0.94501,0.94526,1.00,1.00
2017.05.05 01:09:03.060,0.94501,0.94528,1.00,1.00
2017.05.05 01:09:10.796,0.94502,0.94526,1.00,1.00
2017.05.05 01:09:11.814,0.945,0.94527,1.00,1.00
2017.05.05 01:09:12.848,0.945,0.94526,1.00,1.00
2017.05.05 01:09:14.567,0.94502,0.94527,1.00,1.00
2017.05.05 01:09:22.920,0.94502,0.94529,1.00,1.00
2017.05.05 01:09:23.480,0.94503,0.9453,1.00,1.35
2017.05.05 01:09:24.031,0.94502,0.94529,1.00,1.00
2017.05.05 01:09:26.434,0.94505,0.94532,1.00,1.00
2017.05.05 01:09:27.023,0.94506,0.94532,1.00,1.00
2017.05.05 01:09:27.772,0.94506,0.94531,1.00,1.00
2017.05.05 01:09:33.332,0.94507,0.94532,1.00,1.00
2017.05.05 01:09:35.412,0.94505,0.94532,1.00,1.00
2017.05.05 01:09:40.851,0.94508,0.94532,1.00,1.00
2017.05.05 01:09:42.376,0.94508,0.94533,1.00,1.50
2017.05.05 01:09:46.509,0.94507,0.94532,1.00,1.00
2017.05.05 01:09:46.738,0.94504,0.9453,1.00,1.35
2017.05.05 01:09:46.789,0.94502,0.94529,1.00,1.00
2017.05.05 01:09:48.559,0.94502,0.94528,1.00,1.00
2017.05.05 01:09:59.368,0.94501,0.94528,1.00,1.00
2017.05.05 01:09:59.673,0.945,0.94526,1.00,1.00
2017.05.05 01:10:00.671,0.94499,0.94526,1.00,1.00
2017.05.05 01:10:01.221,0.94499,0.94525,1.00,1.00
2017.05.05 01:10:08.831,0.94498,0.94524,1.00,1.00
2017.05.05 01:10:09.869,0.94497,0.94524,1.00,1.00
2017.05.05 01:10:10.210,0.94495,0.94519,1.00,1.00
2017.05.05 01:10:11.162,0.94495,0.94522,1.00,1.00
2017.05.05 01:10:12.180,0.94495,0.94519,1.00,1.00
2017.05.05 01:10:12.281,0.94496,0.94521,1.00,1.00
2017.05.05 01:10:13.235,0.94494,0.94521,1.00,1.00
2017.05.05 01:10:14.551,0.94495,0.94522,1.00,1.00
2017.05.05 01:10:15.487,0.94497,0.94521,1.00,1.00
2017.05.05 01:10:17.576,0.94494,0.94521,1.00,1.00
2017.05.05 01:10:18.199,0.94493,0.9452,1.00,1.00
2017.05.05 01:10:37.917,0.94496,0.94521,1.00,1.00
2017.05.05 01:10:37.967,0.94494,0.9452,1.00,1.00
2017.05.05 01:10:38.018,0.94496,0.94523,1.00,1.00
2017.05.05 01:10:38.169,0.94494,0.94521,1.00,1.00
2017.05.05 01:10:39.523,0.94492,0.94519,1.00,1.00
2017.05.05 01:10:42.093,0.94497,0.94521,1.00,1.00
2017.05.05 01:10:42.144,0.94496,0.94523,1.00,1.00
2017.05.05 01:10:42.245,0.945,0.94524,1.00,1.00
2017.05.05 01:10:42.646,0.945,0.94527,1.00,1.00
2017.05.05 01:10:42.771,0.94497,0.94524,1.00,1.00
2017.05.05 01:10:43.804,0.94498,0.94525,1.00,1.00
2017.05.05 01:10:45.123,0.94501,0.94525,1.00,1.00
2017.05.05 01:10:51.168,0.94501,0.94526,1.00,1.00
2017.05.05 01:10:57.027,0.94501,0.94525,1.00,1.00
2017.05.05 01:10:59.886,0.94499,0.94525,1.00,1.00
2017.05.05 01:11:00.888,0.94499,0.94526,1.00,1.00
2017.05.05 01:11:02.669,0.945,0.94525,1.00,1.00
2017.05.05 01:11:02.720,0.94502,0.94527,1.00,1.00
2017.05.05 01:11:02.921,0.94503,0.9453,1.00,1.00
2017.05.05 01:11:03.022,0.94505,0.94532,1.00,1.00
2017.05.05 01:11:03.686,0.94508,0.94532,1.00,1.00
2017.05.05 01:11:04.312,0.94508,0.94534,1.00,1.00
2017.05.05 01:11:04.915,0.94508,0.94533,1.00,1.00
2017.05.05 01:11:05.488,0.94507,0.94532,1.00,1.00
2017.05.05 01:11:05.538,0.94509,0.94533,1.00,1.00
2017.05.05 01:11:05.589,0.94507,0.94532,1.00,1.00
2017.05.05 01:11:06.239,0.94505,0.9453,1.00,1.00
2017.05.05 01:11:06.290,0.94501,0.94528,1.00,1.00
2017.05.05 01:11:06.743,0.94499,0.94525,1.00,1.00
2017.05.05 01:11:11.546,0.94499,0.94524,1.00,1.00
2017.05.05 01:11:12.178,0.94499,0.94525,1.00,1.00
2017.05.05 01:11:12.559,0.94499,0.94523,1.00,1.00
2017.05.05 01:11:13.116,0.94498,0.94523,1.00,1.00
2017.05.05 01:11:13.905,0.94498,0.94522,1.00,1.00
2017.05.05 01:11:14.340,0.94499,0.94525,1.00,1.00
2017.05.05 01:11:14.542,0.94501,0.94527,1.00,1.00
2017.05.05 01:11:15.114,0.94499,0.94524,1.00,1.00
2017.05.05 01:11:15.732,0.94498,0.94523,1.00,1.00
2017.05.05 01:11:16.428,0.94498,0.94522,1.00,1.00
2017.05.05 01:11:16.478,0.94498,0.94525,1.00,1.00
2017.05.05 01:11:16.824,0.945,0.94526,1.00,1.00
2017.05.05 01:11:17.433,0.94503,0.94527,1.00,1.00
2017.05.05 01:11:19.211,0.94501,0.94528,1.00,1.00
2017.05.05 01:11:19.262,0.94501,0.94526,1.00,1.00
2017.05.05 01:11:19.575,0.94499,0.94524,1.00,1.00
2017.05.05 01:11:20.173,0.945,0.94526,1.00,1.00
2017.05.05 01:11:23.290,0.94503,0.94527,1.00,1.00
2017.05.05 01:11:27.087,0.94503,0.94528,1.00,1.00
2017.05.05 01:11:27.587,0.94501,0.94528,1.00,1.00
2017.05.05 01:11:30.606,0.94503,0.94527,1.00,1.00
2017.05.05 01:11:34.389,0.945,0.94526,1.00,1.00
2017.05.05 01:11:34.541,0.94503,0.94529,1.00,1.00
2017.05.05 01:11:34.883,0.94506,0.9453,1.00,1.00
2017.05.05 01:11:34.934,0.94507,0.94532,1.00,1.00
2017.05.05 01:11:35.238,0.94509,0.94535,1.00,1.00
2017.05.05 01:11:40.168,0.94511,0.94535,1.00,1.00
2017.05.05 01:11:41.172,0.9451,0.94537,1.00,1.00
2017.05.05 01:11:42.169,0.94512,0.94536,1.00,1.00
2017.05.05 01:11:42.687,0.9451,0.94536,1.00,1.00
2017.05.05 01:11:43.682,0.94508,0.94534,1.00,1.00
2017.05.05 01:11:49.691,0.94507,0.94534,1.00,1.00
2017.05.05 01:11:49.993,0.945,0.94525,1.00,1.00
2017.05.05 01:11:50.764,0.94499,0.94523,1.00,1.00
2017.05.05 01:11:53.317,0.94499,0.94522,1.00,1.00
2017.05.05 01:11:53.368,0.94497,0.94522,1.00,1.50
2017.05.05 01:11:54.753,0.94495,0.94521,1.00,1.00
2017.05.05 01:11:55.392,0.94495,0.9452,1.00,1.00
2017.05.05 01:11:57.647,0.94495,0.94519,1.00,1.00
2017.05.05 01:11:58.424,0.94494,0.94518,1.00,1.00
2017.05.05 01:11:59.411,0.94493,0.94518,1.00,1.00
2017.05.05 01:12:00.666,0.94493,0.94517,1.00,1.00
2017.05.05 01:12:01.031,0.94489,0.94515,1.00,1.00
2017.05.05 01:12:01.233,0.94486,0.94511,1.00,1.00
2017.05.05 01:12:01.284,0.94481,0.94508,1.00,1.00
2017.05.05 01:12:01.335,0.9448,0.94505,1.50,1.00
2017.05.05 01:12:01.901,0.94483,0.94508,1.00,1.00
2017.05.05 01:12:02.689,0.94483,0.94509,1.00,1.00
2017.05.05 01:12:12.176,0.94484,0.94509,1.00,1.00
2017.05.05 01:12:12.996,0.94483,0.94507,1.00,1.00
2017.05.05 01:12:13.811,0.94481,0.94508,1.00,1.00
2017.05.05 01:12:13.862,0.94481,0.94506,1.00,1.00
2017.05.05 01:12:15.195,0.94482,0.94506,1.00,1.00
2017.05.05 01:12:24.250,0.94482,0.94507,1.00,1.00
2017.05.05 01:12:25.191,0.94478,0.94504,1.00,1.00
2017.05.05 01:12:25.801,0.94477,0.94503,1.00,1.00
2017.05.05 01:12:27.206,0.94478,0.94503,1.00,1.00
2017.05.05 01:12:27.707,0.94479,0.94504,1.00,1.00
2017.05.05 01:12:30.192,0.94476,0.94503,1.00,1.00
2017.05.05 01:12:30.344,0.94477,0.94501,1.00,1.00
2017.05.05 01:12:31.476,0.94476,0.94503,1.00,1.00
2017.05.05 01:12:32.477,0.94477,0.94504,1.00,1.00
2017.05.05 01:12:33.479,0.94478,0.94502,1.00,1.00
2017.05.05 01:12:36.271,0.94478,0.94503,1.00,1.00
2017.05.05 01:12:36.743,0.94476,0.94502,1.00,1.00
2017.05.05 01:12:37.734,0.94477,0.94502,1.00,1.00
2017.05.05 01:12:42.916,0.94476,0.94501,1.00,1.00
2017.05.05 01:12:43.118,0.94478,0.94502,1.00,1.00
2017.05.05 01:12:43.169,0.94475,0.94502,1.00,1.00
2017.05.05 01:12:43.424,0.94479,0.94504,1.00,1.00
2017.05.05 01:12:45.755,0.9448,0.94504,1.00,1.00
2017.05.05 01:12:54.479,0.94478,0.94505,1.00,1.00
2017.05.05 01:13:00.183,0.94481,0.94506,1.00,1.00
2017.05.05 01:13:00.490,0.94477,0.94504,1.00,1.00
2017.05.05 01:13:01.218,0.94477,0.94502,1.00,1.00
2017.05.05 01:13:01.827,0.94476,0.94502,1.00,1.00
2017.05.05 01:13:11.377,0.94476,0.94503,1.00,1.00
2017.05.05 01:13:15.315,0.94477,0.94503,1.00,1.00
2017.05.05 01:13:25.858,0.94478,0.94503,1.00,1.00
2017.05.05 01:13:25.909,0.94476,0.94502,1.00,1.00
2017.05.05 01:13:26.839,0.94477,0.94502,1.00,1.00
2017.05.05 01:13:27.049,0.94475,0.94502,1.00,1.00
2017.05.05 01:13:28.050,0.94476,0.945,1.00,1.00
2017.05.05 01:13:30.344,0.94476,0.94501,1.00,1.00
2017.05.05 01:13:31.346,0.94476,0.945,1.00,1.00
2017.05.05 01:13:42.356,0.94476,0.94501,1.00,1.00
2017.05.05 01:13:42.893,0.94473,0.945,1.00,1.00
2017.05.05 01:13:42.994,0.94473,0.94497,1.00,1.00
2017.05.05 01:13:45.875,0.94473,0.94498,1.00,1.00
2017.05.05 01:13:50.245,0.94478,0.94503,1.00,1.00
2017.05.05 01:13:57.886,0.94476,0.94503,1.00,1.00
2017.05.05 01:14:00.905,0.94477,0.94504,1.00,1.00
2017.05.05 01:14:02.431,0.94479,0.94503,1.00,1.00
2017.05.05 01:14:02.634,0.94476,0.94503,1.00,1.00
2017.05.05 01:14:02.798,0.94474,0.94499,1.50,1.00
2017.05.05 01:14:03.101,0.94473,0.94497,1.00,1.00
2017.05.05 01:14:03.889,0.94471,0.94497,1.00,1.00
2017.05.05 01:14:12.415,0.94472,0.94497,1.00,1.00
2017.05.05 01:14:15.936,0.94472,0.94498,1.00,1.00
2017.05.05 01:14:16.362,0.94474,0.94499,1.00,1.00
2017.05.05 01:14:16.700,0.94471,0.94496,1.00,1.00
2017.05.05 01:14:17.350,0.94469,0.94494,1.00,1.00
2017.05.05 01:14:21.131,0.9447,0.94497,1.00,1.00
2017.05.05 01:14:21.232,0.94472,0.94497,1.00,1.00
2017.05.05 01:14:24.408,0.94473,0.94498,1.00,1.00
2017.05.05 01:14:24.459,0.94474,0.945,1.00,1.00
2017.05.05 01:14:25.457,0.94476,0.945,1.00,1.00
2017.05.05 01:14:27.946,0.94477,0.94501,1.00,1.00
2017.05.05 01:14:28.407,0.94475,0.94502,1.00,1.00
2017.05.05 01:14:28.540,0.94472,0.94497,1.00,1.00
2017.05.05 01:14:28.842,0.9447,0.94494,1.00,1.00
2017.05.05 01:14:29.012,0.94467,0.94494,1.00,1.00
2017.05.05 01:14:29.113,0.94464,0.94491,1.00,1.00
2017.05.05 01:14:29.415,0.94462,0.94489,1.00,1.00
2017.05.05 01:14:29.989,0.94464,0.94489,1.00,1.00
2017.05.05 01:14:34.460,0.94463,0.94487,1.00,1.00
2017.05.05 01:14:34.510,0.9446,0.94486,1.00,1.00
2017.05.05 01:14:34.561,0.94465,0.9449,1.00,1.00
2017.05.05 01:14:34.612,0.94463,0.94489,1.00,1.00
2017.05.05 01:14:34.835,0.94462,0.94487,1.00,1.00
2017.05.05 01:14:34.996,0.94459,0.94486,1.00,1.00
2017.05.05 01:14:35.261,0.94463,0.94488,1.00,1.00
2017.05.05 01:14:35.312,0.94465,0.94491,1.00,1.50
2017.05.05 01:14:36.301,0.94466,0.94491,1.00,1.00
2017.05.05 01:14:36.886,0.94466,0.9449,1.00,1.00
2017.05.05 01:14:39.711,0.94463,0.9449,1.00,1.00
2017.05.05 01:14:40.302,0.94464,0.94489,1.00,1.00
2017.05.05 01:14:41.481,0.94462,0.94488,1.00,1.00
2017.05.05 01:14:42.437,0.94461,0.94488,1.00,1.00
2017.05.05 01:14:45.995,0.9446,0.94487,1.00,1.00
2017.05.05 01:14:51.458,0.94462,0.94487,1.00,1.00
2017.05.05 01:14:51.609,0.94463,0.9449,1.00,1.00
2017.05.05 01:14:52.577,0.94464,0.94488,1.00,1.00
2017.05.05 01:14:58.006,0.94462,0.94488,1.00,1.00
2017.05.05 01:14:59.080,0.94461,0.94492,1.00,1.00
2017.05.05 01:14:59.925,0.94459,0.9449,1.00,1.00
2017.05.05 01:15:00.258,0.94462,0.94491,1.00,1.00
2017.05.05 01:15:00.600,0.94464,0.94489,1.00,1.00
2017.05.05 01:15:00.714,0.9446,0.94491,1.00,1.00
2017.05.05 01:15:00.977,0.94458,0.94489,1.00,1.00
2017.05.05 01:15:01.371,0.94456,0.94486,1.00,1.00
2017.05.05 01:15:01.612,0.94454,0.94485,1.00,1.00
2017.05.05 01:15:01.902,0.94456,0.94485,1.00,1.00
2017.05.05 01:15:02.055,0.94457,0.94488,1.00,1.00
2017.05.05 01:15:02.156,0.94459,0.9449,1.00,1.00
2017.05.05 01:15:02.461,0.94461,0.9449,1.00,1.00
2017.05.05 01:15:02.932,0.94463,0.94492,1.00,1.00
2017.05.05 01:15:06.924,0.94464,0.94491,1.00,1.00
2017.05.05 01:15:07.414,0.94466,0.94493,1.00,1.00
2017.05.05 01:15:13.076,0.94466,0.94491,1.00,1.00
2017.05.05 01:15:17.675,0.9447,0.94497,1.00,1.00
2017.05.05 01:15:17.726,0.94469,0.94494,1.00,1.00
2017.05.05 01:15:18.027,0.94472,0.94497,1.00,1.00
2017.05.05 01:15:18.382,0.94476,0.94501,1.00,1.00
2017.05.05 01:15:22.090,0.94475,0.945,1.00,1.00
2017.05.05 01:15:28.071,0.94475,0.94502,1.00,1.00
2017.05.05 01:15:37.447,0.94473,0.94498,1.00,1.00
2017.05.05 01:15:37.749,0.94475,0.945,1.00,1.00
2017.05.05 01:15:37.850,0.94473,0.945,1.00,1.00
2017.05.05 01:15:38.102,0.94472,0.94497,1.00,1.00
2017.05.05 01:15:43.149,0.94471,0.94496,1.00,1.00
2017.05.05 01:15:44.268,0.94472,0.94497,1.00,1.00
2017.05.05 01:15:44.319,0.94469,0.94496,1.00,1.00
2017.05.05 01:15:45.304,0.94469,0.94495,1.00,1.00
2017.05.05 01:15:45.873,0.9447,0.94497,1.00,1.50
2017.05.05 01:15:46.843,0.94469,0.94496,1.00,1.00
2017.05.05 01:15:47.002,0.94469,0.94494,1.00,1.00
2017.05.05 01:15:47.165,0.94469,0.94496,1.00,1.00
2017.05.05 01:15:47.224,0.94471,0.94497,1.00,1.00
2017.05.05 01:15:47.527,0.94476,0.94502,1.00,1.00
2017.05.05 01:15:48.085,0.94474,0.94501,1.00,1.00
2017.05.05 01:15:49.388,0.94473,0.945,1.00,1.00
2017.05.05 01:15:50.393,0.94476,0.94504,1.00,1.00
2017.05.05 01:15:53.968,0.94475,0.945,1.00,1.00
2017.05.05 01:15:54.871,0.94472,0.945,1.00,1.00
2017.05.05 01:15:56.771,0.94477,0.94503,1.00,1.00
2017.05.05 01:15:57.396,0.94477,0.94504,1.00,1.00
2017.05.05 01:15:58.057,0.94478,0.94505,1.00,1.00
2017.05.05 01:15:58.718,0.94479,0.94506,1.00,1.00
2017.05.05 01:16:05.319,0.94478,0.94503,1.00,1.00
2017.05.05 01:16:05.732,0.9448,0.94505,1.00,1.00
2017.05.05 01:16:12.774,0.94478,0.94505,1.00,1.00
2017.05.05 01:16:13.275,0.94479,0.94506,1.00,1.00
2017.05.05 01:16:15.459,0.94477,0.94504,1.00,1.00
2017.05.05 01:16:15.762,0.94472,0.94497,1.00,1.00
2017.05.05 01:16:19.549,0.94472,0.94498,1.00,1.00
2017.05.05 01:16:20.019,0.94473,0.945,1.00,1.00
2017.05.05 01:16:20.640,0.94472,0.94499,1.00,1.00
2017.05.05 01:16:25.590,0.94471,0.94497,1.00,1.00
2017.05.05 01:16:27.689,0.94472,0.94497,1.00,1.00
2017.05.05 01:16:28.650,0.94473,0.94498,1.00,1.00
2017.05.05 01:16:29.225,0.94471,0.94496,1.00,1.00
2017.05.05 01:16:29.715,0.94473,0.94498,1.00,1.00
2017.05.05 01:16:30.167,0.9447,0.94497,1.00,1.00
2017.05.05 01:16:30.218,0.94473,0.94498,1.00,1.00
2017.05.05 01:16:30.747,0.94472,0.94497,1.00,1.00
2017.05.05 01:16:31.652,0.94473,0.94498,1.00,1.00
2017.05.05 01:16:32.198,0.94472,0.94497,1.00,1.00
2017.05.05 01:16:33.024,0.94473,0.94498,1.00,1.00
2017.05.05 01:16:33.667,0.94471,0.94498,1.00,1.00
2017.05.05 01:16:34.702,0.94473,0.94498,1.00,1.00
2017.05.05 01:16:34.753,0.94471,0.94498,1.00,1.00
2017.05.05 01:16:34.803,0.94473,0.94498,1.00,1.00
2017.05.05 01:16:35.064,0.94471,0.94498,1.00,1.00
2017.05.05 01:16:36.101,0.94472,0.94499,1.00,1.00
2017.05.05 01:16:36.153,0.94472,0.94497,1.00,1.00
2017.05.05 01:16:36.717,0.94472,0.94499,1.00,1.00
2017.05.05 01:16:36.969,0.9447,0.94497,1.00,1.00
2017.05.05 01:16:43.221,0.94472,0.94497,1.00,1.00
2017.05.05 01:16:57.749,0.94473,0.94497,1.00,1.00
2017.05.05 01:16:58.391,0.94475,0.945,1.00,1.00
2017.05.05 01:16:58.492,0.94477,0.94502,1.00,1.00
2017.05.05 01:17:03.551,0.94477,0.94504,1.00,1.00
2017.05.05 01:17:04.215,0.94478,0.94505,1.00,1.00
2017.05.05 01:17:27.809,0.94479,0.94506,1.00,1.00
2017.05.05 01:17:30.331,0.94478,0.94503,1.00,1.00
2017.05.05 01:17:30.642,0.94472,0.94497,1.00,1.00
2017.05.05 01:17:41.025,0.94468,0.94495,1.00,1.00
2017.05.05 01:17:41.127,0.94471,0.94495,1.00,1.00
2017.05.05 01:17:42.675,0.94471,0.94496,1.00,1.00
2017.05.05 01:17:43.659,0.94469,0.94496,1.00,1.00
2017.05.05 01:17:58.370,0.94471,0.94496,1.00,1.00
2017.05.05 01:18:05.952,0.94472,0.94497,1.00,1.00
2017.05.05 01:18:06.103,0.94467,0.94494,1.00,1.00
2017.05.05 01:18:06.361,0.9447,0.94497,1.00,1.60
2017.05.05 01:18:07.004,0.9447,0.94497,1.00,1.00
2017.05.05 01:18:13.400,0.94471,0.94495,1.00,1.00
2017.05.05 01:18:15.102,0.94471,0.94498,1.00,1.00
2017.05.05 01:18:21.724,0.94473,0.94498,1.00,1.00
2017.05.05 01:18:46.072,0.9447,0.94497,1.00,1.00
2017.05.05 01:18:46.123,0.9447,0.94495,1.00,1.00
2017.05.05 01:18:49.253,0.9447,0.94497,1.00,1.00
2017.05.05 01:18:49.625,0.94468,0.94493,1.00,1.00
2017.05.05 01:18:50.126,0.94467,0.94492,1.00,1.00
2017.05.05 01:18:50.237,0.94465,0.94492,1.00,1.00
2017.05.05 01:18:52.665,0.94464,0.94491,1.00,1.00
2017.05.05 01:18:57.463,0.94466,0.94491,1.00,1.00
2017.05.05 01:18:58.459,0.94467,0.94492,1.00,1.00
2017.05.05 01:18:59.506,0.94468,0.94493,1.00,1.00
2017.05.05 01:19:01.638,0.9447,0.94496,1.00,1.00
2017.05.05 01:19:02.213,0.9447,0.94497,1.00,1.00
2017.05.05 01:19:03.028,0.94471,0.94498,1.00,1.00
2017.05.05 01:19:05.183,0.94472,0.94499,1.00,1.00
2017.05.05 01:19:06.076,0.94473,0.945,1.00,1.00
2017.05.05 01:19:13.023,0.94473,0.94498,1.00,1.00
2017.05.05 01:19:13.238,0.9447,0.94497,1.00,1.00
2017.05.05 01:19:16.538,0.94472,0.94497,1.00,1.00
2017.05.05 01:19:17.213,0.94473,0.94498,1.00,1.00
2017.05.05 01:19:28.048,0.94474,0.94498,1.00,1.00
2017.05.05 01:19:29.050,0.94474,0.94499,1.00,1.00
2017.05.05 01:19:37.254,0.94475,0.94499,1.00,1.00
2017.05.05 01:19:37.305,0.94476,0.94501,1.00,1.00
2017.05.05 01:19:37.818,0.94475,0.945,1.00,1.00
2017.05.05 01:19:42.033,0.94473,0.94498,1.00,1.00
2017.05.05 01:19:42.386,0.94475,0.94501,1.00,1.00
2017.05.05 01:19:42.494,0.94477,0.94502,1.00,1.00
2017.05.05 01:19:42.888,0.9448,0.94505,1.00,1.00
2017.05.05 01:19:43.579,0.94481,0.94505,1.00,1.00
2017.05.05 01:19:46.145,0.9448,0.94505,1.00,1.00
2017.05.05 01:19:49.838,0.94481,0.94508,1.00,1.00
2017.05.05 01:19:50.813,0.94481,0.94506,1.00,1.00
2017.05.05 01:19:50.914,0.94479,0.94505,1.00,1.00
2017.05.05 01:19:58.108,0.94478,0.94505,1.00,1.00
2017.05.05 01:19:58.609,0.9448,0.94505,1.00,1.00
2017.05.05 01:20:01.127,0.9448,0.94506,1.00,1.00
2017.05.05 01:20:02.135,0.94479,0.94506,1.00,1.00
2017.05.05 01:20:06.988,0.94481,0.94505,1.00,1.00
2017.05.05 01:20:13.161,0.94479,0.94506,1.00,1.00
2017.05.05 01:20:14.153,0.94481,0.94505,1.00,1.00
2017.05.05 01:20:28.166,0.94479,0.94506,1.00,1.00
2017.05.05 01:20:29.167,0.94481,0.94505,1.00,1.00
2017.05.05 01:20:30.423,0.94482,0.94507,1.00,1.00
2017.05.05 01:20:30.494,0.94484,0.94508,1.00,1.00
2017.05.05 01:20:31.686,0.94483,0.94508,1.00,1.00
2017.05.05 01:20:33.483,0.94482,0.94506,1.00,1.00
2017.05.05 01:20:43.198,0.94482,0.94507,1.00,1.00
2017.05.05 01:20:43.809,0.94483,0.94508,1.00,1.00
2017.05.05 01:20:46.716,0.94482,0.94507,1.00,1.00
2017.05.05 01:21:01.245,0.94483,0.94507,1.00,1.00
2017.05.05 01:21:16.275,0.94482,0.94507,1.00,1.00
2017.05.05 01:21:21.294,0.94481,0.94505,1.00,1.00
2017.05.05 01:21:28.418,0.94481,0.94508,1.00,1.00
2017.05.05 01:21:31.305,0.94482,0.94506,1.00,1.00
2017.05.05 01:21:32.307,0.94482,0.94507,1.00,1.00
2017.05.05 01:21:33.413,0.94479,0.94505,1.00,1.00
2017.05.05 01:21:33.696,0.94481,0.94507,1.00,1.00
2017.05.05 01:21:40.552,0.9448,0.94504,1.00,1.00
2017.05.05 01:21:40.653,0.94477,0.94504,1.00,1.00
2017.05.05 01:21:40.704,0.94481,0.94506,1.00,1.00
2017.05.05 01:21:41.006,0.94483,0.94507,1.00,1.00
2017.05.05 01:21:41.698,0.94482,0.94507,1.00,1.00
2017.05.05 01:21:42.819,0.94481,0.94506,1.00,1.00
2017.05.05 01:21:43.816,0.94481,0.94507,1.00,1.00
2017.05.05 01:21:44.190,0.94479,0.94504,1.00,1.00
2017.05.05 01:21:44.641,0.94477,0.94502,1.00,1.00
2017.05.05 01:21:44.961,0.94474,0.94501,1.00,1.00
2017.05.05 01:21:45.062,0.94477,0.94501,1.00,1.00
2017.05.05 01:21:45.394,0.94475,0.94499,1.00,1.00
2017.05.05 01:21:45.910,0.94475,0.945,1.00,1.00
2017.05.05 01:21:46.673,0.94473,0.94501,1.00,1.00
2017.05.05 01:21:47.695,0.94473,0.945,1.00,1.00
2017.05.05 01:21:50.045,0.94472,0.945,1.00,1.00
2017.05.05 01:21:50.466,0.94474,0.94502,1.00,1.00
2017.05.05 01:21:50.804,0.94478,0.94505,1.00,1.00
2017.05.05 01:21:51.165,0.94482,0.94507,1.00,1.00
2017.05.05 01:21:51.316,0.94476,0.94503,1.00,1.00
2017.05.05 01:21:52.211,0.94475,0.94502,1.00,1.00
2017.05.05 01:21:55.196,0.94477,0.94503,1.00,1.00
2017.05.05 01:21:55.703,0.94478,0.94504,1.00,1.00
2017.05.05 01:21:55.804,0.94479,0.94506,1.00,1.00
2017.05.05 01:21:56.186,0.94481,0.94506,1.00,1.00
2017.05.05 01:21:57.111,0.94479,0.94504,1.00,1.00
2017.05.05 01:21:57.162,0.94477,0.94504,1.00,1.00
2017.05.05 01:22:02.022,0.94478,0.94505,1.00,1.00
2017.05.05 01:22:03.639,0.94479,0.94506,1.00,1.00
2017.05.05 01:22:04.697,0.94479,0.94505,1.00,1.00
2017.05.05 01:22:06.641,0.9448,0.94507,1.00,1.00
2017.05.05 01:22:06.692,0.9448,0.94505,1.00,1.00
2017.05.05 01:22:07.721,0.9448,0.94507,1.00,1.00
2017.05.05 01:22:08.242,0.94481,0.94508,1.00,1.00
2017.05.05 01:22:11.037,0.9448,0.94506,1.00,1.00
2017.05.05 01:22:11.795,0.94482,0.94507,1.00,1.00
2017.05.05 01:22:12.047,0.94484,0.94511,1.00,1.00
2017.05.05 01:22:13.905,0.94485,0.94512,1.00,1.00
2017.05.05 01:22:15.180,0.94486,0.94513,1.00,1.00
2017.05.05 01:22:21.351,0.94486,0.94514,1.00,1.00
2017.05.05 01:22:22.379,0.94488,0.94513,1.00,1.00
2017.05.05 01:22:22.531,0.94489,0.94515,1.00,1.00
2017.05.05 01:22:23.889,0.94488,0.94513,1.00,1.00
2017.05.05 01:22:24.989,0.94488,0.94515,1.00,1.00
2017.05.05 01:22:28.429,0.94489,0.94515,1.00,1.00
2017.05.05 01:22:29.358,0.94489,0.94516,1.00,1.00
2017.05.05 01:22:29.409,0.94492,0.94517,1.00,1.00
2017.05.05 01:22:29.812,0.94495,0.94522,1.00,1.00
2017.05.05 01:22:29.914,0.94498,0.94523,1.00,1.00
2017.05.05 01:22:31.925,0.94497,0.94522,1.00,1.00
2017.05.05 01:22:36.711,0.94495,0.94522,1.00,1.00
2017.05.05 01:22:39.896,0.94495,0.94521,1.00,1.00
2017.05.05 01:22:43.984,0.94495,0.94522,1.00,1.00
2017.05.05 01:22:48.810,0.94494,0.94522,1.00,1.00
2017.05.05 01:22:51.775,0.94496,0.94523,1.00,1.00
2017.05.05 01:22:52.682,0.94495,0.9452,1.00,1.00
2017.05.05 01:22:53.073,0.9449,0.94518,1.00,1.00
2017.05.05 01:22:53.989,0.94491,0.94519,1.00,1.00
2017.05.05 01:22:54.140,0.94493,0.94521,1.00,1.00
2017.05.05 01:22:55.086,0.94495,0.9452,1.00,1.00
2017.05.05 01:22:58.465,0.94496,0.94521,1.00,1.00
2017.05.05 01:23:06.537,0.94494,0.94521,1.00,1.00
2017.05.05 01:23:06.638,0.94496,0.94521,1.00,1.00
2017.05.05 01:23:08.716,0.94494,0.94521,1.00,1.00
2017.05.05 01:23:08.827,0.94496,0.94521,1.00,1.00
2017.05.05 01:23:11.057,0.94494,0.94521,1.00,1.00
2017.05.05 01:23:12.186,0.94494,0.94519,1.00,1.00
2017.05.05 01:23:12.493,0.94491,0.94516,1.00,1.00
2017.05.05 01:23:12.764,0.94494,0.94521,1.00,1.00
2017.05.05 01:23:14.040,0.94496,0.94521,1.00,1.00
2017.05.05 01:23:17.015,0.94494,0.94521,1.00,1.00
2017.05.05 01:23:28.261,0.94494,0.94519,1.00,1.00
2017.05.05 01:23:29.043,0.94494,0.94521,1.00,1.00
2017.05.05 01:23:29.927,0.94494,0.94522,1.00,1.00
2017.05.05 01:23:31.544,0.94496,0.94521,1.00,1.00
2017.05.05 01:23:32.045,0.94494,0.94521,1.00,1.00
2017.05.05 01:23:52.520,0.94496,0.94521,1.00,1.00
2017.05.05 01:23:53.439,0.94497,0.94524,1.00,1.00
2017.05.05 01:23:59.086,0.94499,0.94524,1.00,1.00
2017.05.05 01:24:01.604,0.94498,0.94524,1.00,1.00
2017.05.05 01:24:02.605,0.94497,0.94524,1.00,1.00
2017.05.05 01:24:20.965,0.94498,0.94523,1.00,1.00
2017.05.05 01:24:28.660,0.94498,0.94524,1.00,1.00
2017.05.05 01:24:29.650,0.94498,0.94525,1.00,1.00
2017.05.05 01:24:32.165,0.94498,0.94523,1.00,1.00
2017.05.05 01:24:59.206,0.94498,0.94524,1.00,1.00
2017.05.05 01:25:01.971,0.94495,0.94522,1.00,1.00
2017.05.05 01:25:02.021,0.9449,0.94517,1.00,1.00
2017.05.05 01:25:02.325,0.94483,0.94508,1.00,1.00
2017.05.05 01:25:02.671,0.94481,0.94506,1.00,1.00
2017.05.05 01:25:02.722,0.94478,0.94505,1.00,1.00
2017.05.05 01:25:02.873,0.94476,0.94503,1.35,1.00
2017.05.05 01:25:03.865,0.94475,0.94502,1.00,1.00
2017.05.05 01:25:05.255,0.94478,0.94504,1.00,1.00
2017.05.05 01:25:05.568,0.94482,0.94507,1.00,1.00
2017.05.05 01:25:07.078,0.9448,0.94506,1.00,1.00
2017.05.05 01:25:07.229,0.94478,0.94503,1.00,1.00
2017.05.05 01:25:07.633,0.94475,0.945,1.00,1.00
2017.05.05 01:25:13.736,0.94476,0.94501,1.00,1.00
2017.05.05 01:25:14.275,0.94475,0.94503,1.00,1.00
2017.05.05 01:25:15.245,0.94475,0.945,1.00,1.00
2017.05.05 01:25:15.876,0.94474,0.94499,1.00,1.00
2017.05.05 01:25:17.255,0.94472,0.945,1.00,1.00
2017.05.05 01:25:19.992,0.94473,0.94498,1.00,1.00
2017.05.05 01:25:24.521,0.94473,0.945,1.00,1.00
2017.05.05 01:25:25.187,0.94474,0.94501,1.00,1.00
2017.05.05 01:25:26.008,0.94473,0.94498,1.00,1.00
2017.05.05 01:25:32.285,0.94471,0.94499,1.00,1.00
2017.05.05 01:25:35.987,0.9447,0.94497,1.00,1.00
2017.05.05 01:25:36.331,0.94472,0.94499,1.00,1.00
2017.05.05 01:25:36.634,0.94477,0.94504,1.00,1.00
2017.05.05 01:25:37.625,0.94478,0.94503,1.00,1.00
2017.05.05 01:25:38.028,0.94481,0.94506,1.00,1.00
2017.05.05 01:25:38.627,0.9448,0.94505,1.00,1.00
2017.05.05 01:25:39.907,0.94479,0.94504,1.00,1.00
2017.05.05 01:25:40.859,0.94477,0.94505,1.00,1.00
2017.05.05 01:25:43.323,0.94477,0.94506,1.00,1.00
2017.05.05 01:25:43.800,0.94478,0.94503,1.00,1.00
2017.05.05 01:25:44.797,0.94477,0.94505,1.00,1.00
2017.05.05 01:25:46.814,0.94478,0.94505,1.00,1.00
2017.05.05 01:25:50.338,0.94478,0.94503,1.00,1.00
2017.05.05 01:26:02.393,0.94478,0.94505,1.00,1.00
2017.05.05 01:26:02.777,0.9448,0.94505,1.00,1.00
2017.05.05 01:26:03.759,0.94479,0.94507,1.00,1.00
2017.05.05 01:26:09.306,0.94484,0.9451,1.00,1.50
2017.05.05 01:26:09.623,0.94483,0.94508,1.00,1.00
2017.05.05 01:26:10.299,0.94484,0.94509,1.00,1.00
2017.05.05 01:26:14.405,0.94482,0.94509,1.00,1.00
2017.05.05 01:26:15.336,0.94483,0.9451,1.00,1.00
2017.05.05 01:26:18.418,0.94483,0.94508,1.00,1.00
2017.05.05 01:26:18.967,0.94483,0.9451,1.00,1.00
2017.05.05 01:26:20.730,0.94484,0.94511,1.00,1.00
2017.05.05 01:26:20.890,0.94486,0.94511,1.00,1.00
2017.05.05 01:26:27.150,0.94486,0.94513,1.00,1.00
2017.05.05 01:26:27.909,0.94487,0.94514,1.00,1.00
2017.05.05 01:26:28.461,0.94488,0.94515,1.00,1.00
2017.05.05 01:26:29.120,0.94489,0.94515,1.00,1.00
2017.05.05 01:26:29.643,0.94489,0.94514,1.00,1.00
2017.05.05 01:26:29.749,0.94487,0.94514,1.00,1.00
2017.05.05 01:26:30.238,0.94489,0.94514,1.00,1.00
2017.05.05 01:26:30.913,0.9449,0.94515,1.00,1.00
2017.05.05 01:26:31.437,0.94489,0.94514,1.00,1.00
2017.05.05 01:26:31.814,0.94486,0.94514,1.00,1.00
2017.05.05 01:26:32.404,0.94488,0.94513,1.00,1.00
2017.05.05 01:26:36.107,0.94487,0.94512,1.00,1.00
2017.05.05 01:26:36.930,0.94486,0.94511,1.00,1.00
2017.05.05 01:26:43.915,0.94486,0.94512,1.00,1.00
2017.05.05 01:26:44.521,0.94486,0.94511,1.00,1.00
2017.05.05 01:26:45.379,0.94486,0.94513,1.00,1.00
2017.05.05 01:26:46.955,0.94487,0.94513,1.00,1.00
2017.05.05 01:26:54.055,0.94487,0.94512,1.00,1.00
2017.05.05 01:26:55.112,0.94488,0.94513,1.00,1.00
2017.05.05 01:26:58.945,0.94486,0.94514,1.00,1.00
2017.05.05 01:26:59.947,0.94487,0.94512,1.00,1.00
2017.05.05 01:27:02.464,0.94485,0.94513,1.00,1.00
2017.05.05 01:27:07.618,0.94485,0.9451,1.00,1.00
2017.05.05 01:27:07.921,0.94469,0.94494,1.00,1.00
2017.05.05 01:27:08.022,0.94466,0.94492,1.12,1.00
2017.05.05 01:27:09.023,0.94465,0.94492,1.00,1.00
2017.05.05 01:27:12.125,0.94467,0.94494,1.00,1.00
2017.05.05 01:27:13.975,0.94467,0.94495,1.00,1.00
2017.05.05 01:27:14.976,0.94469,0.94494,1.00,1.00
2017.05.05 01:27:16.994,0.94468,0.94493,1.00,1.00
2017.05.05 01:27:29.506,0.94466,0.94493,1.00,1.00
2017.05.05 01:27:32.023,0.94467,0.94493,1.00,1.00
2017.05.05 01:27:41.537,0.94468,0.94493,1.00,1.00
2017.05.05 01:27:41.690,0.94465,0.94491,1.00,1.00
2017.05.05 01:27:42.540,0.94465,0.94492,1.00,1.00
2017.05.05 01:27:44.535,0.94465,0.9449,1.00,1.00
2017.05.05 01:27:44.862,0.94463,0.94488,1.00,1.00
2017.05.05 01:27:44.913,0.94459,0.94487,1.00,1.00
2017.05.05 01:27:45.096,0.94456,0.94481,1.00,1.00
2017.05.05 01:27:47.554,0.94455,0.94481,1.00,1.00
2017.05.05 01:27:49.384,0.94456,0.94482,1.00,1.00
2017.05.05 01:27:49.636,0.94458,0.94485,1.00,1.00
2017.05.05 01:27:49.687,0.9446,0.94485,1.00,1.00
2017.05.05 01:27:53.806,0.94461,0.94486,1.00,1.00
2017.05.05 01:27:59.064,0.94459,0.94487,1.00,1.00
2017.05.05 01:28:00.065,0.9446,0.94485,1.00,1.00
2017.05.05 01:28:00.263,0.94458,0.94485,1.00,1.00
2017.05.05 01:28:00.917,0.94457,0.94484,1.00,1.00
2017.05.05 01:28:01.018,0.94455,0.94483,1.00,1.00
2017.05.05 01:28:01.989,0.94456,0.94481,1.00,1.00
2017.05.05 01:28:06.762,0.94457,0.94482,1.00,1.00
2017.05.05 01:28:06.813,0.94458,0.94484,1.00,1.00
2017.05.05 01:28:07.782,0.94458,0.94485,1.00,1.00
2017.05.05 01:28:09.328,0.94457,0.94483,1.00,1.00
2017.05.05 01:28:10.148,0.94456,0.94483,1.00,1.00
2017.05.05 01:28:11.219,0.94458,0.94483,1.00,1.00
2017.05.05 01:28:11.421,0.94461,0.94488,1.00,1.00
2017.05.05 01:28:11.673,0.94458,0.94483,1.00,1.00
2017.05.05 01:28:11.724,0.94464,0.9449,1.00,1.00
2017.05.05 01:28:11.774,0.94467,0.9449,1.00,1.00
2017.05.05 01:28:11.875,0.94467,0.94494,1.00,1.60
2017.05.05 01:28:12.458,0.94467,0.94494,1.00,1.00
2017.05.05 01:28:13.119,0.94468,0.94495,1.00,1.00
2017.05.05 01:28:14.094,0.94468,0.94494,1.00,1.00
2017.05.05 01:28:14.596,0.94469,0.94495,1.00,1.00
2017.05.05 01:28:14.646,0.94468,0.94493,1.00,1.00
2017.05.05 01:28:14.848,0.94455,0.94482,1.00,1.00
2017.05.05 01:28:15.619,0.94454,0.94479,1.00,1.00
2017.05.05 01:28:17.233,0.94454,0.94481,1.00,1.00
2017.05.05 01:28:17.284,0.94456,0.94481,1.00,1.00
2017.05.05 01:28:17.811,0.94455,0.9448,1.00,1.00
2017.05.05 01:28:22.359,0.94457,0.94482,1.00,1.00
2017.05.05 01:28:23.107,0.94455,0.94482,1.00,1.00
2017.05.05 01:28:23.312,0.94455,0.9448,1.00,1.00
2017.05.05 01:28:24.286,0.94456,0.94481,1.00,1.00
2017.05.05 01:28:24.387,0.94454,0.94482,1.00,1.00
2017.05.05 01:28:25.251,0.94456,0.94483,1.00,1.50
2017.05.05 01:28:25.770,0.94457,0.94483,1.00,1.00
2017.05.05 01:28:29.933,0.94457,0.94484,1.00,1.00
2017.05.05 01:28:30.301,0.94455,0.94483,1.00,1.00
2017.05.05 01:28:31.061,0.94454,0.94481,1.00,1.00
2017.05.05 01:28:44.154,0.94456,0.94481,1.00,1.00
2017.05.05 01:28:59.187,0.94456,0.94482,1.00,1.00
2017.05.05 01:28:59.288,0.94456,0.94484,1.00,1.00
2017.05.05 01:28:59.846,0.94456,0.94483,1.00,1.00
2017.05.05 01:29:02.203,0.94456,0.94481,1.00,1.00
2017.05.05 01:29:28.695,0.94454,0.94481,1.00,1.00
2017.05.05 01:29:28.860,0.94458,0.94483,1.00,1.00
2017.05.05 01:29:28.910,0.94458,0.94485,1.00,1.00
2017.05.05 01:29:29.037,0.94465,0.94493,1.00,1.50
2017.05.05 01:29:29.707,0.94465,0.94493,1.00,1.00
2017.05.05 01:29:30.080,0.94465,0.9449,1.00,1.00
2017.05.05 01:29:30.248,0.94463,0.94492,1.00,1.00
2017.05.05 01:29:30.832,0.94463,0.94491,1.00,1.00
2017.05.05 01:29:33.252,0.9446,0.94494,1.00,1.00
2017.05.05 01:29:33.303,0.94458,0.94497,1.00,1.50
2017.05.05 01:29:42.929,0.94453,0.94502,2.85,1.60
2017.05.05 01:29:42.980,0.94453,0.94502,1.35,1.35
2017.05.05 01:29:43.030,0.94454,0.94502,2.47,1.00
2017.05.05 01:29:43.616,0.94458,0.94507,1.60,2.10
2017.05.05 01:29:44.124,0.94458,0.94504,1.60,1.30
2017.05.05 01:29:45.001,0.94458,0.94507,1.60,2.10
2017.05.05 01:29:45.315,0.94462,0.94513,1.72,1.97
2017.05.05 01:29:45.416,0.94463,0.94512,1.60,1.72
2017.05.05 01:29:45.819,0.94462,0.94512,1.72,1.30
2017.05.05 01:29:45.996,0.94463,0.94512,1.60,1.72
2017.05.05 01:29:46.524,0.94463,0.94512,1.60,1.72
2017.05.05 01:29:46.629,0.94461,0.94507,2.47,1.00
2017.05.05 01:29:47.313,0.9446,0.94507,1.97,1.00
2017.05.05 01:29:48.242,0.94463,0.94512,1.35,1.35
2017.05.05 01:29:48.568,0.94463,0.94512,1.60,1.00
2017.05.05 01:29:48.883,0.94473,0.9452,1.00,1.60
2017.05.05 01:29:49.293,0.94469,0.94512,1.35,1.00
2017.05.05 01:29:50.101,0.94469,0.94513,1.35,1.00
2017.05.05 01:29:50.151,0.94465,0.94513,1.35,1.00
2017.05.05 01:29:50.202,0.94464,0.94508,1.75,1.00
2017.05.05 01:29:50.605,0.94454,0.94507,1.75,1.60
2017.05.05 01:29:51.064,0.94454,0.94507,1.00,1.60
2017.05.05 01:29:51.114,0.94454,0.94503,1.00,1.60
2017.05.05 01:29:51.278,0.94454,0.94513,1.00,2.85
2017.05.05 01:29:51.329,0.94454,0.94507,1.35,1.00
2017.05.05 01:29:51.712,0.94453,0.94498,1.00,1.00
2017.05.05 01:29:52.349,0.94453,0.94498,1.37,1.00
2017.05.05 01:29:53.304,0.94457,0.94508,1.00,1.00
2017.05.05 01:29:53.486,0.94453,0.94497,1.37,1.00
2017.05.05 01:29:53.536,0.94458,0.94507,1.00,1.00
2017.05.05 01:29:53.587,0.94453,0.94502,1.87,1.00
2017.05.05 01:29:53.638,0.94457,0.94508,1.75,1.00
2017.05.05 01:29:54.210,0.94458,0.94507,1.75,1.00
2017.05.05 01:29:54.762,0.9446,0.94512,1.35,1.00
2017.05.05 01:29:54.993,0.9446,0.94507,2.10,1.00
2017.05.05 01:29:56.113,0.94461,0.94507,1.00,1.00
2017.05.05 01:29:59.514,0.94463,0.94512,1.00,1.00
2017.05.05 01:30:02.862,0.94463,0.94512,1.60,1.00
2017.05.05 01:30:03.611,0.94463,0.94512,1.00,1.00
2017.05.05 01:30:03.712,0.94458,0.94513,1.60,1.37
2017.05.05 01:30:03.763,0.94458,0.94512,1.00,2.47
2017.05.05 01:30:03.864,0.94457,0.94513,1.00,1.97
2017.05.05 01:30:04.305,0.94457,0.94508,1.00,1.60
2017.05.05 01:30:04.356,0.94457,0.94508,1.00,1.00
2017.05.05 01:30:05.568,0.94459,0.94516,1.35,1.60
2017.05.05 01:30:05.619,0.9446,0.94516,1.60,1.00
2017.05.05 01:30:05.821,0.94462,0.94518,1.00,1.00
2017.05.05 01:30:06.636,0.94461,0.94512,1.00,1.00
2017.05.05 01:30:07.166,0.94459,0.94512,1.60,1.00
2017.05.05 01:30:08.587,0.94463,0.94517,1.00,1.00
2017.05.05 01:30:09.147,0.94462,0.94518,1.00,1.50
2017.05.05 01:30:09.567,0.94459,0.94513,1.60,1.00
2017.05.05 01:30:09.937,0.94462,0.94512,1.00,1.00
2017.05.05 01:30:10.468,0.94462,0.94513,2.10,1.00
2017.05.05 01:30:12.274,0.94467,0.94518,1.00,1.00
2017.05.05 01:30:13.336,0.94468,0.94515,1.00,1.00
2017.05.05 01:30:14.850,0.94479,0.94505,1.00,1.00
2017.05.05 01:30:15.141,0.94479,0.94507,1.00,1.00
2017.05.05 01:30:16.341,0.94479,0.94505,1.00,1.00
2017.05.05 01:30:16.707,0.94481,0.94505,1.00,1.00
2017.05.05 01:30:16.758,0.94478,0.94505,1.00,1.00
2017.05.05 01:30:17.344,0.9448,0.94505,1.00,1.00
2017.05.05 01:30:18.064,0.94479,0.94506,1.00,1.00
2017.05.05 01:30:19.714,0.9448,0.94507,1.00,1.00
2017.05.05 01:30:20.150,0.94482,0.94508,1.00,1.00
2017.05.05 01:30:20.700,0.94483,0.94509,1.00,1.00
2017.05.05 01:30:21.687,0.94482,0.94507,1.00,1.00
2017.05.05 01:30:22.308,0.94482,0.94509,1.00,1.00
2017.05.05 01:30:22.358,0.94485,0.9451,1.00,1.00
2017.05.05 01:30:23.315,0.94485,0.94512,1.00,1.00
2017.05.05 01:30:23.815,0.94488,0.94512,1.00,1.00
2017.05.05 01:30:24.317,0.94487,0.94511,1.00,1.00
2017.05.05 01:30:26.336,0.94485,0.94511,1.00,1.00
2017.05.05 01:30:26.848,0.94484,0.94511,1.00,1.00
2017.05.05 01:30:27.358,0.94484,0.94509,1.00,1.00
2017.05.05 01:30:28.936,0.94485,0.9451,1.00,1.00
2017.05.05 01:30:30.997,0.94487,0.94511,1.00,1.00
2017.05.05 01:30:31.700,0.94489,0.94513,1.00,1.00
2017.05.05 01:30:31.805,0.94487,0.94513,1.00,1.00
2017.05.05 01:30:31.856,0.9449,0.94514,1.00,1.00
2017.05.05 01:30:32.640,0.94491,0.94515,1.00,1.00
2017.05.05 01:30:32.888,0.94488,0.94515,1.00,1.00
2017.05.05 01:30:33.154,0.94488,0.94513,1.00,1.00
2017.05.05 01:30:33.890,0.94487,0.94512,1.00,1.00
2017.05.05 01:30:35.119,0.94487,0.94514,1.00,1.00
2017.05.05 01:30:36.829,0.94489,0.94513,1.00,1.00
2017.05.05 01:30:44.898,0.94487,0.94514,1.00,1.00
2017.05.05 01:30:45.539,0.94487,0.94512,1.00,1.00
2017.05.05 01:30:46.124,0.94486,0.94511,1.00,1.00
2017.05.05 01:30:47.535,0.94487,0.94511,1.00,1.00
2017.05.05 01:30:47.778,0.94487,0.94514,1.00,1.00
2017.05.05 01:30:47.917,0.94487,0.94512,1.00,1.00
2017.05.05 01:30:50.403,0.94487,0.94513,1.00,1.00
2017.05.05 01:30:52.137,0.94483,0.94511,1.00,1.00
2017.05.05 01:30:52.699,0.94484,0.9451,1.00,1.00
2017.05.05 01:31:01.601,0.94485,0.9451,1.00,1.00
2017.05.05 01:31:01.652,0.94481,0.94506,1.00,1.00
2017.05.05 01:31:02.168,0.94482,0.94507,1.00,1.00
2017.05.05 01:31:02.620,0.94482,0.94509,1.00,1.00
2017.05.05 01:31:03.622,0.94482,0.94508,1.00,1.00
2017.05.05 01:31:12.927,0.94484,0.94509,1.00,1.00
2017.05.05 01:31:13.643,0.94483,0.94508,1.00,1.00
2017.05.05 01:31:14.498,0.94482,0.9451,1.00,1.00
2017.05.05 01:31:15.460,0.94483,0.9451,1.00,1.00
2017.05.05 01:31:16.915,0.94483,0.94509,1.00,1.00
2017.05.05 01:31:17.016,0.94481,0.94508,1.00,1.00
2017.05.05 01:31:22.220,0.94479,0.94506,1.00,1.00
2017.05.05 01:31:22.530,0.94476,0.94503,1.00,1.00
2017.05.05 01:31:23.213,0.94478,0.94503,1.00,1.00
2017.05.05 01:31:23.478,0.94476,0.94503,1.00,1.00
2017.05.05 01:31:23.528,0.94474,0.94501,1.50,1.00
2017.05.05 01:31:23.831,0.94471,0.94495,1.00,1.00
2017.05.05 01:31:24.691,0.9447,0.94495,1.00,1.00
2017.05.05 01:31:29.488,0.9447,0.94494,1.00,1.00
2017.05.05 01:31:30.207,0.9447,0.94495,1.00,1.00
2017.05.05 01:31:30.987,0.94471,0.94496,1.00,1.00
2017.05.05 01:31:32.963,0.94473,0.94498,1.00,1.00
2017.05.05 01:31:33.644,0.94472,0.94497,1.00,1.00
2017.05.05 01:31:34.186,0.94472,0.94496,1.00,1.00
2017.05.05 01:31:36.534,0.94473,0.94498,1.00,1.00
2017.05.05 01:31:48.037,0.94475,0.94499,1.00,1.00
2017.05.05 01:31:53.061,0.94472,0.94498,1.00,1.00
2017.05.05 01:31:58.733,0.94475,0.94499,1.00,1.00
2017.05.05 01:31:59.737,0.94474,0.94499,1.00,1.00
2017.05.05 01:32:00.862,0.94475,0.945,1.00,1.00
2017.05.05 01:32:00.929,0.94473,0.945,1.00,1.00
2017.05.05 01:32:02.566,0.94475,0.94499,1.00,1.00
2017.05.05 01:32:14.577,0.94474,0.94499,1.00,1.00
2017.05.05 01:32:18.097,0.94475,0.94499,1.00,1.00
2017.05.05 01:32:21.359,0.94471,0.94498,1.00,1.00
2017.05.05 01:32:21.637,0.94469,0.94494,1.00,1.00
2017.05.05 01:32:22.244,0.94468,0.94493,1.00,1.00
2017.05.05 01:32:26.936,0.94469,0.94493,1.00,1.00
2017.05.05 01:32:29.680,0.94469,0.94494,1.00,1.00
2017.05.05 01:32:29.731,0.94469,0.94496,1.00,1.00
2017.05.05 01:32:30.727,0.9447,0.94494,1.00,1.00
2017.05.05 01:32:32.161,0.94469,0.94494,1.00,1.00
2017.05.05 01:32:32.841,0.9447,0.94494,1.00,1.00
2017.05.05 01:32:33.539,0.9447,0.94495,1.00,1.00
2017.05.05 01:32:41.705,0.94474,0.945,1.00,1.00
2017.05.05 01:32:41.857,0.94477,0.94501,1.00,1.00
2017.05.05 01:32:42.712,0.94473,0.945,1.00,1.00
2017.05.05 01:32:44.637,0.94474,0.945,1.00,1.00
2017.05.05 01:32:45.137,0.94476,0.945,1.00,1.00
2017.05.05 01:32:47.674,0.94475,0.945,1.00,1.00
2017.05.05 01:32:48.657,0.94474,0.945,1.00,1.00
2017.05.05 01:32:49.169,0.94474,0.94499,1.00,1.00
2017.05.05 01:32:51.354,0.94473,0.94498,1.00,1.00
2017.05.05 01:32:51.405,0.94473,0.945,1.00,1.00
2017.05.05 01:32:59.666,0.94474,0.945,1.00,1.00
2017.05.05 01:33:00.169,0.94475,0.94501,1.00,1.00
2017.05.05 01:33:00.220,0.94473,0.94497,1.00,1.00
2017.05.05 01:33:00.496,0.9447,0.94496,1.00,1.00
2017.05.05 01:33:00.818,0.94468,0.94495,1.00,1.00
2017.05.05 01:33:02.686,0.94469,0.94493,1.00,1.00
2017.05.05 01:33:03.186,0.94467,0.94492,1.00,1.00
2017.05.05 01:33:06.389,0.94465,0.94492,1.00,1.00
2017.05.05 01:33:08.789,0.94467,0.94494,1.00,1.00
2017.05.05 01:33:18.231,0.94466,0.94493,1.00,1.00
2017.05.05 01:33:21.487,0.94468,0.94493,1.00,1.00
2017.05.05 01:33:24.549,0.94467,0.94495,1.00,1.00
2017.05.05 01:33:25.503,0.9447,0.94495,1.00,1.00
2017.05.05 01:33:26.311,0.9447,0.94498,1.00,1.00
2017.05.05 01:33:26.982,0.94474,0.94501,1.00,1.00
2017.05.05 01:33:27.285,0.94487,0.94513,1.00,1.50
2017.05.05 01:33:27.587,0.94493,0.94519,1.00,1.00
2017.05.05 01:33:27.789,0.94501,0.94528,1.00,1.50
2017.05.05 01:33:28.210,0.94503,0.9453,1.00,1.00
2017.05.05 01:33:28.861,0.94501,0.94529,1.00,1.00
2017.05.05 01:33:28.962,0.945,0.94527,1.00,1.00
2017.05.05 01:33:29.778,0.94499,0.94526,1.00,1.00
2017.05.05 01:33:33.246,0.94498,0.94526,1.00,1.00
2017.05.05 01:33:38.456,0.94498,0.94525,1.00,1.00
2017.05.05 01:33:38.759,0.94494,0.94521,1.00,1.00
2017.05.05 01:33:41.416,0.94493,0.94518,1.00,1.00
2017.05.05 01:33:41.517,0.94491,0.94517,1.00,1.00
2017.05.05 01:33:41.568,0.94488,0.94514,1.00,1.00
2017.05.05 01:33:42.021,0.94487,0.94511,1.00,1.00
2017.05.05 01:33:43.274,0.94484,0.94511,1.00,1.00
2017.05.05 01:33:44.324,0.94485,0.94511,1.00,1.00
2017.05.05 01:33:44.847,0.94485,0.9451,1.00,1.00
2017.05.05 01:33:45.150,0.94484,0.94508,1.00,1.00
2017.05.05 01:33:47.523,0.94484,0.94509,1.00,1.00
2017.05.05 01:33:47.888,0.94487,0.94512,1.00,1.00
2017.05.05 01:33:48.453,0.94486,0.94511,1.00,1.00
2017.05.05 01:33:58.302,0.94488,0.94512,1.00,1.00
2017.05.05 01:34:00.287,0.94486,0.94513,1.00,1.00
2017.05.05 01:34:02.843,0.94487,0.94511,1.00,1.00
2017.05.05 01:34:03.835,0.94486,0.94511,1.00,1.00
2017.05.05 01:34:07.939,0.94484,0.94511,1.00,1.00
2017.05.05 01:34:07.991,0.94483,0.94507,1.00,1.00
2017.05.05 01:34:08.736,0.94483,0.94508,1.00,1.00
2017.05.05 01:34:10.578,0.94484,0.94511,1.00,1.00
2017.05.05 01:34:33.422,0.94487,0.94512,1.00,1.00
2017.05.05 01:34:33.807,0.94489,0.94514,1.00,1.00
2017.05.05 01:34:34.538,0.94489,0.94516,1.00,1.00
2017.05.05 01:34:45.256,0.94487,0.94514,1.00,1.00
2017.05.05 01:34:47.451,0.94487,0.94512,1.00,1.00
2017.05.05 01:34:48.399,0.94486,0.94512,1.00,1.00
2017.05.05 01:34:48.707,0.94485,0.9451,1.00,1.00
2017.05.05 01:34:51.787,0.94486,0.94511,1.00,1.00
2017.05.05 01:34:51.887,0.94486,0.94513,1.00,1.00
2017.05.05 01:34:51.938,0.94488,0.94513,1.00,1.00
2017.05.05 01:34:52.727,0.94489,0.94514,1.00,1.00
2017.05.05 01:35:02.736,0.94489,0.94516,1.00,1.00
2017.05.05 01:35:03.273,0.94488,0.94515,1.00,1.00
2017.05.05 01:35:03.861,0.94491,0.94518,1.00,1.00
2017.05.05 01:35:06.512,0.94491,0.94516,1.00,1.00
2017.05.05 01:35:07.051,0.94492,0.94517,1.00,1.00
2017.05.05 01:35:07.944,0.94493,0.94518,1.00,1.00
2017.05.05 01:35:08.490,0.94494,0.94519,1.00,1.00
2017.05.05 01:35:09.396,0.94493,0.94519,1.00,1.00
2017.05.05 01:35:14.963,0.94493,0.9452,1.00,1.00
2017.05.05 01:35:17.956,0.94493,0.94518,1.00,1.00
2017.05.05 01:35:18.544,0.94494,0.94519,1.00,1.00
2017.05.05 01:35:32.985,0.94493,0.94519,1.00,1.00
2017.05.05 01:35:33.989,0.94493,0.9452,1.00,1.00
2017.05.05 01:35:37.971,0.94495,0.9452,1.00,1.00
2017.05.05 01:35:38.302,0.94497,0.94522,1.00,1.00
2017.05.05 01:35:38.663,0.945,0.94525,1.00,1.00
2017.05.05 01:35:38.871,0.94497,0.94524,1.00,1.00
2017.05.05 01:35:43.159,0.94501,0.94526,1.00,1.00
2017.05.05 01:35:43.294,0.94502,0.94528,1.00,1.00
2017.05.05 01:35:45.039,0.94502,0.94527,1.00,1.00
2017.05.05 01:35:51.195,0.94501,0.94526,1.00,1.00
2017.05.05 01:35:54.852,0.94502,0.94528,1.00,1.00
2017.05.05 01:36:00.026,0.94502,0.94527,1.00,1.00
2017.05.05 01:36:03.545,0.94503,0.9453,1.00,1.00
2017.05.05 01:36:03.646,0.94502,0.94527,1.00,1.00
2017.05.05 01:36:04.334,0.94501,0.94526,1.00,1.00
2017.05.05 01:36:13.679,0.945,0.94526,1.00,1.00
2017.05.05 01:36:14.253,0.945,0.94527,1.00,1.00
2017.05.05 01:36:15.056,0.94501,0.94528,1.00,1.00
2017.05.05 01:36:16.060,0.94502,0.94526,1.00,1.00
2017.05.05 01:36:18.576,0.94502,0.94527,1.00,1.00
2017.05.05 01:36:41.816,0.94505,0.9453,1.00,1.00
2017.05.05 01:36:42.343,0.94506,0.94531,1.00,1.00
2017.05.05 01:36:46.030,0.94503,0.9453,1.00,1.00
2017.05.05 01:36:46.679,0.94502,0.94529,1.00,1.00
2017.05.05 01:36:48.582,0.94501,0.94527,1.00,1.00
2017.05.05 01:36:58.539,0.94503,0.9453,1.00,1.00
2017.05.05 01:36:59.602,0.94505,0.94532,1.00,1.00
2017.05.05 01:37:00.647,0.94507,0.94532,1.00,1.00
2017.05.05 01:37:03.665,0.94505,0.94532,1.00,1.00
2017.05.05 01:37:08.402,0.94504,0.94531,1.00,1.00
2017.05.05 01:37:09.783,0.94506,0.94532,1.00,1.00
2017.05.05 01:37:10.087,0.94509,0.94534,1.00,1.00
2017.05.05 01:37:10.685,0.94508,0.94533,1.00,1.00
2017.05.05 01:37:11.484,0.94509,0.94534,1.00,1.00
2017.05.05 01:37:11.809,0.94509,0.94536,1.00,1.00
2017.05.05 01:37:12.088,0.94511,0.94536,1.00,1.00
2017.05.05 01:37:15.677,0.94511,0.94538,1.00,1.00
2017.05.05 01:37:25.080,0.94515,0.9454,1.00,1.00
2017.05.05 01:37:25.232,0.94525,0.94551,1.00,1.00
2017.05.05 01:37:25.283,0.94528,0.94553,1.00,1.00
2017.05.05 01:37:25.434,0.94532,0.94558,1.00,1.00
2017.05.05 01:37:25.586,0.94535,0.94562,1.00,1.00
2017.05.05 01:37:26.256,0.94534,0.94561,1.00,1.00
2017.05.05 01:37:26.357,0.94536,0.94561,1.00,1.00
2017.05.05 01:37:30.707,0.94535,0.9456,1.00,1.00
2017.05.05 01:37:30.860,0.94531,0.94558,1.00,1.00
2017.05.05 01:37:30.911,0.94529,0.94554,1.00,1.00
2017.05.05 01:37:31.037,0.94524,0.94551,1.00,1.00
2017.05.05 01:37:31.088,0.94523,0.94548,1.00,1.00
2017.05.05 01:37:31.291,0.94517,0.94543,1.00,1.00
2017.05.05 01:37:31.342,0.94514,0.94543,1.00,1.00
2017.05.05 01:37:32.031,0.94513,0.94542,1.00,1.00
2017.05.05 01:37:33.185,0.94515,0.9454,1.00,1.00
2017.05.05 01:37:33.249,0.94513,0.94542,1.00,1.00
2017.05.05 01:37:33.773,0.94514,0.94541,1.00,1.00
2017.05.05 01:37:35.985,0.94512,0.94539,1.00,1.00
2017.05.05 01:37:39.222,0.94514,0.94539,1.00,1.00
2017.05.05 01:37:45.286,0.94513,0.94538,1.00,1.00
2017.05.05 01:37:46.276,0.94514,0.94539,1.00,1.00
2017.05.05 01:37:46.885,0.94515,0.9454,1.00,1.00
2017.05.05 01:37:49.267,0.94513,0.94538,1.00,1.00
2017.05.05 01:37:50.664,0.9451,0.94537,1.00,1.00
2017.05.05 01:37:50.765,0.94508,0.94532,1.00,1.00
2017.05.05 01:37:51.650,0.94507,0.94532,1.00,1.00
2017.05.05 01:37:52.415,0.94503,0.94528,1.00,1.00
2017.05.05 01:37:52.550,0.94505,0.94532,1.00,1.00
2017.05.05 01:37:53.582,0.94505,0.94531,1.00,1.00
2017.05.05 01:37:58.239,0.94505,0.94532,1.00,1.00
2017.05.05 01:37:58.941,0.94504,0.94529,1.00,1.00
2017.05.05 01:38:00.766,0.94504,0.94531,1.00,1.00
2017.05.05 01:38:01.526,0.94505,0.94532,1.00,1.00
2017.05.05 01:38:03.785,0.94507,0.94532,1.00,1.00
2017.05.05 01:38:05.415,0.94505,0.9453,1.00,1.00
2017.05.05 01:38:05.640,0.945,0.94527,1.00,1.00
2017.05.05 01:38:05.691,0.94499,0.94524,1.00,1.00
2017.05.05 01:38:05.994,0.94497,0.94522,1.00,1.00
2017.05.05 01:38:15.455,0.94498,0.94523,1.00,1.00
2017.05.05 01:38:45.713,0.94496,0.94523,1.00,1.00
2017.05.05 01:38:45.763,0.94494,0.94519,1.00,1.00
2017.05.05 01:38:46.089,0.9449,0.94515,1.00,1.00
2017.05.05 01:38:46.421,0.94488,0.94513,1.00,1.00
2017.05.05 01:38:46.736,0.94484,0.94509,1.00,1.00
2017.05.05 01:38:46.888,0.94482,0.94508,1.00,1.00
2017.05.05 01:38:48.374,0.94482,0.94507,1.00,1.00
2017.05.05 01:39:00.861,0.94482,0.94509,1.00,1.00
2017.05.05 01:39:00.987,0.94484,0.94509,1.00,1.00
2017.05.05 01:39:01.089,0.94485,0.94512,1.00,1.00
2017.05.05 01:39:01.140,0.94488,0.94513,1.00,1.00
2017.05.05 01:39:01.644,0.94487,0.94512,1.00,1.00
2017.05.05 01:39:02.494,0.94486,0.94511,1.00,1.00
2017.05.05 01:39:03.045,0.94487,0.94512,1.00,1.00
2017.05.05 01:39:03.905,0.94486,0.94511,1.00,1.00
2017.05.05 01:39:07.717,0.94485,0.9451,1.00,1.00
2017.05.05 01:39:08.325,0.94484,0.94509,1.00,1.00
2017.05.05 01:39:10.630,0.94482,0.94509,1.00,1.00
2017.05.05 01:39:10.731,0.94482,0.94507,1.00,1.00
2017.05.05 01:39:12.021,0.94484,0.94509,1.00,1.00
2017.05.05 01:39:12.264,0.94485,0.94512,1.00,1.00
2017.05.05 01:39:13.759,0.94485,0.9451,1.00,1.00
2017.05.05 01:39:15.010,0.94484,0.94511,1.00,1.00
2017.05.05 01:39:15.368,0.94483,0.94508,1.00,1.00
2017.05.05 01:39:15.419,0.94484,0.94511,1.00,1.00
2017.05.05 01:39:16.370,0.94483,0.9451,1.00,1.00
2017.05.05 01:39:16.990,0.94485,0.94512,1.00,1.00
2017.05.05 01:39:17.350,0.94484,0.94509,1.00,1.00
2017.05.05 01:39:17.670,0.94485,0.94512,1.00,1.00
2017.05.05 01:39:17.722,0.94483,0.9451,1.00,1.00
2017.05.05 01:39:17.841,0.94484,0.94513,1.00,1.00
2017.05.05 01:39:17.953,0.94481,0.94512,1.00,1.00
2017.05.05 01:39:18.205,0.94479,0.94508,1.00,1.00
2017.05.05 01:39:18.525,0.94475,0.94504,1.00,1.00
2017.05.05 01:39:19.213,0.94476,0.94505,1.00,1.00
2017.05.05 01:39:19.774,0.94473,0.94504,1.00,1.00
2017.05.05 01:39:19.875,0.94476,0.94505,1.00,1.50
2017.05.05 01:39:20.642,0.94477,0.94506,1.00,1.00
2017.05.05 01:39:22.782,0.94479,0.94504,1.00,1.00
2017.05.05 01:39:28.614,0.94477,0.94504,1.00,1.00
2017.05.05 01:39:28.731,0.94479,0.94504,1.00,1.00
2017.05.05 01:39:30.445,0.94477,0.94504,1.00,1.00
2017.05.05 01:39:33.965,0.94477,0.94503,1.00,1.00
2017.05.05 01:39:36.510,0.94478,0.94503,1.00,1.00
2017.05.05 01:39:36.561,0.9448,0.94505,1.00,1.00
2017.05.05 01:39:36.901,0.94477,0.94502,1.00,1.00
2017.05.05 01:39:37.419,0.94476,0.94501,1.00,1.00
2017.05.05 01:39:37.735,0.94472,0.94499,1.00,1.00
2017.05.05 01:39:37.787,0.9447,0.94497,1.00,1.00
2017.05.05 01:39:38.139,0.9447,0.94495,1.00,1.00
2017.05.05 01:39:38.642,0.94469,0.94494,1.00,1.00
2017.05.05 01:39:42.434,0.94466,0.94491,1.00,1.00
2017.05.05 01:39:42.586,0.94464,0.9449,1.00,1.00
2017.05.05 01:39:42.687,0.94466,0.94491,1.00,1.00
2017.05.05 01:39:42.838,0.94463,0.9449,1.00,1.00
2017.05.05 01:39:42.889,0.94462,0.94487,1.00,1.00
2017.05.05 01:39:43.014,0.94458,0.94487,1.00,1.00
2017.05.05 01:39:43.069,0.9446,0.94485,1.00,1.00
2017.05.05 01:39:43.120,0.94458,0.94487,1.50,1.00
2017.05.05 01:39:43.281,0.9446,0.94485,1.00,1.00
2017.05.05 01:39:43.332,0.94459,0.94488,1.00,1.00
2017.05.05 01:39:43.433,0.94461,0.94492,1.00,1.00
2017.05.05 01:39:44.202,0.94462,0.94489,1.00,1.00
2017.05.05 01:39:45.475,0.94463,0.9449,1.00,1.00
2017.05.05 01:39:45.838,0.94462,0.94487,1.00,1.00
2017.05.05 01:39:46.684,0.94463,0.94488,1.00,1.00
2017.05.05 01:39:47.218,0.94464,0.94489,1.00,1.00
2017.05.05 01:39:49.037,0.94463,0.94489,1.00,1.00
2017.05.05 01:39:49.995,0.94464,0.94489,1.00,1.00
2017.05.05 01:39:51.111,0.94463,0.94488,1.00,1.00
2017.05.05 01:39:52.139,0.94464,0.94489,1.00,1.00
2017.05.05 01:39:52.592,0.94467,0.94492,1.00,1.00
2017.05.05 01:39:52.743,0.94465,0.94492,1.00,1.00
2017.05.05 01:39:53.148,0.94467,0.94492,1.00,1.00
2017.05.05 01:39:53.709,0.94466,0.94491,1.00,1.00
2017.05.05 01:39:58.737,0.94466,0.9449,1.00,1.00
2017.05.05 01:39:59.267,0.94465,0.9449,1.00,1.00
2017.05.05 01:39:59.825,0.94475,0.945,1.00,1.00
2017.05.05 01:40:00.128,0.94473,0.94498,1.00,1.00
2017.05.05 01:40:00.767,0.94472,0.94497,1.00,1.00
2017.05.05 01:40:01.005,0.9447,0.94497,1.00,1.00
2017.05.05 01:40:02.040,0.94472,0.94499,1.00,1.00
2017.05.05 01:40:02.682,0.94473,0.945,1.00,1.00
2017.05.05 01:40:02.984,0.94476,0.94503,1.00,1.00
2017.05.05 01:40:03.525,0.94476,0.94501,1.00,1.00
2017.05.05 01:40:03.995,0.94477,0.94504,1.00,1.00
2017.05.05 01:40:04.045,0.94479,0.94505,1.00,1.00
2017.05.05 01:40:04.348,0.94481,0.94506,1.00,1.00
2017.05.05 01:40:04.473,0.94482,0.94509,1.00,1.00
2017.05.05 01:40:05.005,0.94481,0.9451,1.00,1.00
2017.05.05 01:40:05.875,0.94482,0.94513,1.00,1.00
2017.05.05 01:40:06.022,0.94481,0.94511,1.00,1.00
2017.05.05 01:40:07.881,0.94483,0.94512,1.00,1.00
2017.05.05 01:40:07.987,0.94481,0.94511,1.00,1.00
2017.05.05 01:40:08.038,0.94483,0.94512,1.00,1.00
2017.05.05 01:40:09.271,0.94481,0.9451,1.00,1.00
2017.05.05 01:40:10.016,0.9448,0.94511,1.00,1.00
2017.05.05 01:40:12.094,0.94484,0.94508,1.00,1.00
2017.05.05 01:40:12.883,0.94483,0.9451,1.00,1.00
2017.05.05 01:40:13.088,0.94483,0.94508,1.00,1.00
2017.05.05 01:40:14.223,0.94481,0.94506,1.00,1.00
2017.05.05 01:40:15.017,0.9448,0.94505,1.00,1.00
2017.05.05 01:40:17.660,0.94477,0.94503,1.00,1.00
2017.05.05 01:40:17.761,0.9448,0.94505,1.00,1.00
2017.05.05 01:40:18.053,0.94479,0.94508,1.00,1.00
2017.05.05 01:40:18.154,0.94481,0.94508,1.00,1.00
2017.05.05 01:40:26.904,0.94483,0.94508,1.00,1.00
2017.05.05 01:40:27.543,0.94483,0.9451,1.00,1.00
2017.05.05 01:40:29.607,0.94481,0.94509,1.00,1.00
2017.05.05 01:40:30.584,0.94482,0.94507,1.00,1.00
2017.05.05 01:40:34.086,0.94482,0.94508,1.00,1.00
2017.05.05 01:40:35.082,0.94483,0.94509,1.00,1.00
2017.05.05 01:40:35.385,0.94482,0.94507,1.00,1.00
2017.05.05 01:40:35.436,0.94478,0.94506,1.00,1.00
2017.05.05 01:40:35.588,0.94478,0.94503,1.00,1.00
2017.05.05 01:40:35.789,0.94478,0.94506,1.00,1.00
2017.05.05 01:40:35.890,0.94476,0.94501,1.00,1.00
2017.05.05 01:40:36.896,0.94477,0.94503,1.00,1.00
2017.05.05 01:40:37.588,0.94476,0.94501,1.00,1.00
2017.05.05 01:40:37.638,0.94473,0.945,1.00,1.00
2017.05.05 01:40:38.115,0.94471,0.94496,1.00,1.00
2017.05.05 01:40:38.956,0.94472,0.94497,1.00,1.00
2017.05.05 01:40:39.107,0.94472,0.94499,1.00,1.00
2017.05.05 01:40:39.939,0.94474,0.94499,1.00,1.00
2017.05.05 01:40:40.477,0.94473,0.94498,1.00,1.00
2017.05.05 01:40:41.308,0.94471,0.94497,1.00,1.00
2017.05.05 01:40:41.919,0.9447,0.94495,1.00,1.00
2017.05.05 01:40:44.811,0.94467,0.94495,1.00,1.00
2017.05.05 01:40:45.765,0.94468,0.94495,1.00,1.00
2017.05.05 01:40:46.023,0.94467,0.94492,1.00,1.00
2017.05.05 01:40:47.116,0.94465,0.94492,1.00,1.00
2017.05.05 01:41:03.063,0.94465,0.94493,1.00,1.00
2017.05.05 01:41:04.145,0.94465,0.94492,1.00,1.00
2017.05.05 01:41:15.656,0.94466,0.94492,1.00,1.00
2017.05.05 01:41:16.157,0.94467,0.94492,1.00,1.00
2017.05.05 01:41:17.983,0.94465,0.94492,1.00,1.00
2017.05.05 01:41:18.034,0.94462,0.94489,1.00,1.00
2017.05.05 01:41:18.337,0.94465,0.9449,1.00,1.00
2017.05.05 01:41:18.966,0.94463,0.94488,1.00,1.00
2017.05.05 01:41:19.572,0.94464,0.94489,1.00,1.00
2017.05.05 01:41:23.608,0.94465,0.94492,1.00,1.00
2017.05.05 01:41:23.846,0.94467,0.94493,1.00,1.00
2017.05.05 01:41:24.617,0.94467,0.94492,1.00,1.00
2017.05.05 01:41:26.268,0.94468,0.94493,1.00,1.00
2017.05.05 01:41:26.369,0.94465,0.94492,1.00,1.00
2017.05.05 01:41:26.908,0.94465,0.94491,1.00,1.00
2017.05.05 01:41:30.685,0.94466,0.94491,1.00,1.00
2017.05.05 01:41:31.187,0.94465,0.9449,1.00,1.00
2017.05.05 01:41:34.877,0.94467,0.94494,1.00,1.00
2017.05.05 01:41:35.932,0.94467,0.94492,1.00,1.00
2017.05.05 01:41:36.504,0.94465,0.94491,1.00,1.00
2017.05.05 01:41:46.216,0.94465,0.9449,1.00,1.00
2017.05.05 01:41:58.148,0.94463,0.94489,1.00,1.00
2017.05.05 01:42:00.745,0.94464,0.94489,1.00,1.00
2017.05.05 01:42:02.267,0.94463,0.94488,1.00,1.00
2017.05.05 01:42:03.252,0.94459,0.94486,1.00,1.00
2017.05.05 01:42:03.350,0.94461,0.94486,1.00,1.00
2017.05.05 01:42:04.212,0.94459,0.94487,1.00,1.00
2017.05.05 01:42:04.762,0.94462,0.94487,1.00,1.00
2017.05.05 01:42:09.028,0.94461,0.94488,1.00,1.00
2017.05.05 01:42:09.331,0.94458,0.94485,1.00,1.00
2017.05.05 01:42:10.084,0.94459,0.94485,1.00,1.00
2017.05.05 01:42:10.211,0.94459,0.94487,1.00,1.00
2017.05.05 01:42:10.413,0.94462,0.94488,1.00,1.00
2017.05.05 01:42:11.516,0.94462,0.94489,1.00,1.00
2017.05.05 01:42:12.113,0.94462,0.94488,1.00,1.00
2017.05.05 01:42:12.673,0.94462,0.94487,1.00,1.00
2017.05.05 01:42:16.276,0.94461,0.94486,1.00,1.00
2017.05.05 01:42:26.814,0.94459,0.94486,1.00,1.00
2017.05.05 01:42:28.821,0.94456,0.94483,1.00,1.00
2017.05.05 01:42:29.140,0.9446,0.94485,1.00,1.00
2017.05.05 01:42:30.338,0.94459,0.94484,1.00,1.00
2017.05.05 01:42:31.291,0.94457,0.94484,1.00,1.00
2017.05.05 01:42:32.292,0.94458,0.94484,1.00,1.00
2017.05.05 01:42:33.824,0.94458,0.94485,1.00,1.00
2017.05.05 01:42:34.216,0.94462,0.94487,1.00,1.00
2017.05.05 01:42:34.317,0.94463,0.9449,1.00,1.00
2017.05.05 01:42:34.418,0.94465,0.94492,1.00,1.00
2017.05.05 01:42:34.811,0.94464,0.9449,1.00,1.00
2017.05.05 01:42:35.134,0.94466,0.94491,1.00,1.00
2017.05.05 01:42:35.203,0.94464,0.94491,1.00,1.00
2017.05.05 01:42:35.351,0.94466,0.94491,1.00,1.00
2017.05.05 01:42:36.659,0.94464,0.94491,1.00,1.00
2017.05.05 01:42:40.498,0.94463,0.9449,1.00,1.00
2017.05.05 01:42:41.148,0.94462,0.94489,1.00,1.00
2017.05.05 01:42:46.336,0.94464,0.94489,1.00,1.00
2017.05.05 01:42:48.854,0.94462,0.9449,1.00,1.00
2017.05.05 01:42:57.895,0.94466,0.94491,1.00,1.00
2017.05.05 01:42:57.945,0.94467,0.94494,1.00,1.00
2017.05.05 01:42:57.996,0.94469,0.94496,1.00,1.00
2017.05.05 01:43:03.832,0.9447,0.94497,1.00,1.00
2017.05.05 01:43:04.337,0.94471,0.94497,1.00,1.00
2017.05.05 01:43:05.037,0.94472,0.94497,1.00,1.00
2017.05.05 01:43:05.385,0.9447,0.94495,1.00,1.00
2017.05.05 01:43:05.486,0.94467,0.94494,1.00,1.00
2017.05.05 01:43:06.363,0.94469,0.94494,1.00,1.00
2017.05.05 01:43:06.638,0.94467,0.94494,1.00,1.00
2017.05.05 01:43:06.689,0.94469,0.94497,1.00,1.50
2017.05.05 01:43:06.911,0.94468,0.94493,1.00,1.00
2017.05.05 01:43:08.110,0.94467,0.94492,1.00,1.00
2017.05.05 01:43:08.475,0.94465,0.9449,1.00,1.00
2017.05.05 01:43:10.836,0.94466,0.94491,1.00,1.00
2017.05.05 01:43:18.961,0.94465,0.9449,1.00,1.00
2017.05.05 01:43:19.011,0.94463,0.94489,1.00,1.00
2017.05.05 01:43:19.112,0.94461,0.94487,1.00,1.00
2017.05.05 01:43:20.334,0.9446,0.94487,1.00,1.00
2017.05.05 01:43:20.982,0.94461,0.94488,1.00,1.00
2017.05.05 01:43:22.359,0.94464,0.94489,1.00,1.00
2017.05.05 01:43:23.715,0.94461,0.94488,1.00,1.00
2017.05.05 01:43:23.889,0.9446,0.94486,1.00,1.00
2017.05.05 01:43:25.025,0.94462,0.94487,1.00,1.00
2017.05.05 01:43:25.076,0.94463,0.9449,1.00,1.00
2017.05.05 01:43:25.681,0.94464,0.94491,1.00,1.00
2017.05.05 01:43:26.493,0.94464,0.94492,1.00,1.00
2017.05.05 01:43:27.488,0.94464,0.94489,1.00,1.00
2017.05.05 01:43:31.426,0.94462,0.9449,1.00,1.00
2017.05.05 01:43:33.501,0.94464,0.94489,1.00,1.00
2017.05.05 01:43:33.653,0.9446,0.94487,1.00,1.00
2017.05.05 01:43:42.546,0.94459,0.94485,1.00,1.00
2017.05.05 01:43:45.954,0.94459,0.94484,1.00,1.00
2017.05.05 01:43:48.574,0.94458,0.94483,1.00,1.00
2017.05.05 01:43:48.625,0.94456,0.94482,1.00,1.00
2017.05.05 01:43:49.565,0.94457,0.94482,1.00,1.00
2017.05.05 01:43:50.279,0.94455,0.94482,1.00,1.00
2017.05.05 01:43:50.329,0.94457,0.94483,1.00,1.00
2017.05.05 01:43:51.289,0.94458,0.94484,1.00,1.00
2017.05.05 01:43:52.675,0.94458,0.94486,1.00,1.00
2017.05.05 01:44:00.984,0.94459,0.94484,1.00,1.00
2017.05.05 01:44:03.366,0.9446,0.94486,1.00,1.00
2017.05.05 01:44:03.518,0.94464,0.94489,1.00,1.00
2017.05.05 01:44:04.537,0.94462,0.9449,1.00,1.00
2017.05.05 01:44:06.966,0.94461,0.94489,1.00,1.00
2017.05.05 01:44:07.117,0.9446,0.94486,1.00,1.00
2017.05.05 01:44:08.368,0.94458,0.94484,1.00,1.00
2017.05.05 01:44:08.712,0.94457,0.94482,1.00,1.00
2017.05.05 01:44:10.083,0.94458,0.94484,1.00,1.00
2017.05.05 01:44:15.365,0.94456,0.94482,1.00,1.00
2017.05.05 01:44:15.875,0.94457,0.94483,1.00,1.00
2017.05.05 01:44:15.925,0.94455,0.94483,1.00,1.00
2017.05.05 01:44:16.027,0.94455,0.9448,1.00,1.00
2017.05.05 01:44:16.411,0.94456,0.94482,1.00,1.00
2017.05.05 01:44:17.314,0.94455,0.9448,1.00,1.00
2017.05.05 01:44:19.894,0.94457,0.94484,1.00,1.00
2017.05.05 01:44:19.995,0.94452,0.9448,1.00,1.00
2017.05.05 01:44:20.096,0.9445,0.94477,1.00,1.00
2017.05.05 01:44:20.534,0.94448,0.94476,1.00,1.00
2017.05.05 01:44:20.713,0.94447,0.94473,1.00,1.00
2017.05.05 01:44:20.895,0.94444,0.94472,1.00,1.00
2017.05.05 01:44:20.945,0.94447,0.94475,1.00,1.00
2017.05.05 01:44:21.248,0.94453,0.94479,1.00,1.00
2017.05.05 01:44:22.094,0.94454,0.94479,1.00,1.00
2017.05.05 01:44:22.473,0.94454,0.94481,1.00,1.00
2017.05.05 01:44:22.574,0.94455,0.94483,1.00,1.00
2017.05.05 01:44:22.624,0.94457,0.94483,1.00,1.00
2017.05.05 01:44:22.961,0.94459,0.94485,1.00,1.00
2017.05.05 01:44:23.284,0.94458,0.94483,1.00,1.00
2017.05.05 01:44:24.083,0.94456,0.94484,1.00,1.00
2017.05.05 01:44:28.211,0.94452,0.94479,1.00,1.00
2017.05.05 01:44:28.518,0.94451,0.94477,1.00,1.00
2017.05.05 01:44:30.017,0.94453,0.9448,1.00,1.00
2017.05.05 01:44:30.526,0.94452,0.9448,1.00,1.00
2017.05.05 01:44:31.253,0.94453,0.94478,1.00,1.00
2017.05.05 01:44:31.820,0.94452,0.94477,1.00,1.00
2017.05.05 01:44:33.037,0.94451,0.94477,1.00,1.00
2017.05.05 01:44:34.063,0.94452,0.94477,1.00,1.00
2017.05.05 01:44:41.804,0.94451,0.94479,1.00,1.00
2017.05.05 01:44:43.317,0.94452,0.9448,1.00,1.00
2017.05.05 01:44:43.569,0.94455,0.94481,1.00,1.00
2017.05.05 01:44:44.571,0.94456,0.94481,1.00,1.00
2017.05.05 01:44:46.274,0.94454,0.94481,1.00,1.00
2017.05.05 01:44:49.701,0.94453,0.94479,1.00,1.00
2017.05.05 01:44:49.853,0.9445,0.94478,1.00,1.00
2017.05.05 01:44:50.005,0.94448,0.94476,1.00,1.00
2017.05.05 01:44:51.239,0.9445,0.94476,1.00,1.00
2017.05.05 01:44:52.621,0.94451,0.94477,1.00,1.00
2017.05.05 01:44:57.116,0.94452,0.94478,1.00,1.00
2017.05.05 01:44:57.442,0.9445,0.94476,1.00,1.00
2017.05.05 01:44:57.837,0.94447,0.94474,1.00,1.00
2017.05.05 01:44:57.888,0.94444,0.94472,1.00,1.00
2017.05.05 01:44:57.989,0.94443,0.9447,1.00,1.00
2017.05.05 01:44:58.716,0.94442,0.94469,1.00,1.00
2017.05.05 01:45:00.675,0.94443,0.94471,1.00,1.00
2017.05.05 01:45:01.302,0.94445,0.9447,1.00,1.00
2017.05.05 01:45:02.305,0.94444,0.9447,1.00,1.00
2017.05.05 01:45:03.274,0.94444,0.94469,1.00,1.00
2017.05.05 01:45:04.437,0.94447,0.94474,1.00,1.00
2017.05.05 01:45:04.538,0.9445,0.94475,1.00,1.00
2017.05.05 01:45:04.639,0.94453,0.94479,1.00,1.00
2017.05.05 01:45:04.690,0.94454,0.94482,1.00,1.50
2017.05.05 01:45:04.942,0.94458,0.94485,1.00,1.00
2017.05.05 01:45:05.279,0.94461,0.94488,1.00,1.00
2017.05.05 01:45:05.611,0.94463,0.94489,1.00,1.00
2017.05.05 01:45:06.579,0.9446,0.94486,1.00,1.00
2017.05.05 01:45:06.631,0.94458,0.94486,1.00,1.00
2017.05.05 01:45:07.541,0.94459,0.94486,1.00,1.00
2017.05.05 01:45:08.735,0.94457,0.94489,1.00,1.00
2017.05.05 01:45:08.804,0.94459,0.94486,1.00,1.00
2017.05.05 01:45:08.855,0.94458,0.9449,1.00,1.00
2017.05.05 01:45:10.983,0.94456,0.94488,1.00,1.00
2017.05.05 01:45:12.345,0.94456,0.94486,1.00,1.00
2017.05.05 01:45:12.684,0.94458,0.94487,1.00,1.00
2017.05.05 01:45:12.854,0.94461,0.94491,1.00,1.50
2017.05.05 01:45:13.013,0.94465,0.94495,1.00,1.00
2017.05.05 01:45:13.613,0.94468,0.94498,1.00,1.00
2017.05.05 01:45:14.012,0.94468,0.945,1.00,1.00
2017.05.05 01:45:16.136,0.9447,0.945,1.00,1.50
2017.05.05 01:45:16.637,0.94471,0.94501,1.00,1.00
2017.05.05 01:45:17.462,0.94473,0.94502,1.00,1.00
2017.05.05 01:45:17.982,0.94473,0.94503,1.00,1.00
2017.05.05 01:45:18.359,0.94475,0.94505,1.00,1.00
2017.05.05 01:45:18.690,0.94477,0.94506,1.00,1.00
2017.05.05 01:45:19.350,0.94476,0.94506,1.00,1.00
2017.05.05 01:45:22.235,0.94478,0.94503,1.00,1.00
2017.05.05 01:45:24.268,0.94477,0.94502,1.00,1.00
2017.05.05 01:45:24.633,0.94475,0.945,1.00,1.00
2017.05.05 01:45:26.185,0.94473,0.945,1.00,1.00
2017.05.05 01:45:27.310,0.94474,0.94502,1.00,1.50
2017.05.05 01:45:30.712,0.94477,0.94502,1.00,1.00
2017.05.05 01:45:34.185,0.94477,0.94503,1.00,1.00
2017.05.05 01:45:41.466,0.9448,0.94503,1.00,1.00
2017.05.05 01:45:41.517,0.94481,0.94507,1.00,1.00
2017.05.05 01:45:41.568,0.94485,0.9451,1.00,1.00
2017.05.05 01:45:41.820,0.9449,0.94518,1.00,1.00
2017.05.05 01:45:41.921,0.94494,0.94521,1.00,1.00
2017.05.05 01:45:42.229,0.945,0.94525,1.00,1.00
2017.05.05 01:45:42.532,0.94502,0.94527,1.00,1.50
2017.05.05 01:45:42.742,0.94502,0.94529,1.00,1.00
2017.05.05 01:45:42.793,0.94507,0.94532,1.00,1.00
2017.05.05 01:45:43.312,0.94504,0.94531,1.00,1.00
2017.05.05 01:45:44.119,0.94505,0.94532,1.00,1.00
2017.05.05 01:45:44.221,0.94508,0.94533,1.00,1.00
2017.05.05 01:45:45.281,0.94506,0.94531,1.00,1.00
2017.05.05 01:45:48.406,0.94503,0.94529,1.00,1.00
2017.05.05 01:45:49.129,0.94505,0.94532,1.00,1.00
2017.05.05 01:45:54.974,0.94504,0.94529,1.00,1.00
2017.05.05 01:45:55.176,0.94501,0.94528,1.00,1.00
2017.05.05 01:45:57.636,0.94501,0.94527,1.00,1.00
2017.05.05 01:45:58.361,0.94504,0.94529,1.00,1.00
2017.05.05 01:45:59.040,0.94505,0.9453,1.00,1.00
2017.05.05 01:45:59.861,0.94502,0.94528,1.00,1.00
2017.05.05 01:45:59.911,0.94505,0.94531,1.00,1.00
2017.05.05 01:46:00.360,0.94503,0.94528,1.00,1.00
2017.05.05 01:46:00.911,0.94501,0.94526,1.00,1.00
2017.05.05 01:46:01.351,0.945,0.94524,1.00,1.00
2017.05.05 01:46:01.550,0.94495,0.94521,1.00,1.00
2017.05.05 01:46:01.601,0.94494,0.94519,1.00,1.00
2017.05.05 01:46:01.920,0.94495,0.94522,1.00,1.00
2017.05.05 01:46:02.021,0.94498,0.94522,1.00,1.00
2017.05.05 01:46:04.245,0.94498,0.94523,1.00,1.00
2017.05.05 01:46:05.601,0.94497,0.94522,1.00,1.00
2017.05.05 01:46:12.805,0.94494,0.94522,1.00,1.00
2017.05.05 01:46:13.007,0.94492,0.94519,1.00,1.00
2017.05.05 01:46:13.158,0.94485,0.94516,1.50,1.00
2017.05.05 01:46:13.410,0.94487,0.94515,1.00,1.00
2017.05.05 01:46:14.736,0.94485,0.94515,1.00,1.00
2017.05.05 01:46:15.679,0.94483,0.94512,1.00,1.00
2017.05.05 01:46:16.284,0.94482,0.94512,1.00,1.00
2017.05.05 01:46:16.806,0.94481,0.94511,1.00,1.00
2017.05.05 01:46:17.195,0.94477,0.94505,1.00,1.00
2017.05.05 01:46:17.448,0.9447,0.945,1.00,1.00
2017.05.05 01:46:17.661,0.94468,0.94502,1.50,1.00
2017.05.05 01:46:17.716,0.9447,0.94501,1.00,1.00
2017.05.05 01:46:17.996,0.94471,0.94504,1.00,1.00
2017.05.05 01:46:18.116,0.94469,0.94502,1.00,1.00
2017.05.05 01:46:18.433,0.9447,0.94505,1.00,1.50
2017.05.05 01:46:18.827,0.94469,0.94502,1.00,1.00
2017.05.05 01:46:19.775,0.94469,0.94504,1.00,1.00
2017.05.05 01:46:19.826,0.94468,0.94501,1.50,1.00
2017.05.05 01:46:20.340,0.9447,0.94503,1.00,1.00
2017.05.05 01:46:20.794,0.94468,0.945,1.00,1.00
2017.05.05 01:46:21.412,0.94468,0.94499,1.00,1.00
2017.05.05 01:46:22.869,0.9447,0.94498,1.00,1.00
2017.05.05 01:46:22.920,0.94468,0.94499,1.00,1.00
2017.05.05 01:46:23.350,0.94475,0.94497,1.00,1.00
2017.05.05 01:46:23.401,0.94475,0.94502,1.00,1.00
2017.05.05 01:46:23.501,0.94475,0.94504,1.00,1.00
2017.05.05 01:46:25.553,0.94475,0.94505,1.00,1.00
2017.05.05 01:46:25.985,0.94478,0.94502,1.00,1.00
2017.05.05 01:46:35.889,0.94476,0.94503,1.00,1.00
2017.05.05 01:46:36.391,0.94477,0.94504,1.00,1.00
2017.05.05 01:46:36.729,0.94479,0.94506,1.00,1.00
2017.05.05 01:46:37.159,0.94482,0.94506,1.00,1.00
2017.05.05 01:46:38.702,0.94479,0.94505,1.00,1.00
2017.05.05 01:46:42.066,0.94481,0.94506,1.00,1.00
2017.05.05 01:46:43.034,0.94481,0.94505,1.00,1.00
2017.05.05 01:46:43.813,0.94478,0.94503,1.00,1.00
2017.05.05 01:46:43.863,0.94477,0.94501,1.50,1.00
2017.05.05 01:46:43.964,0.94478,0.94504,1.00,1.00
2017.05.05 01:46:44.916,0.9448,0.94504,1.00,1.00
2017.05.05 01:46:46.106,0.94481,0.94506,1.00,1.00
2017.05.05 01:46:47.112,0.94481,0.94505,1.00,1.00
2017.05.05 01:46:49.092,0.94476,0.94501,1.00,1.00
2017.05.05 01:46:56.903,0.94478,0.94505,1.00,1.00
2017.05.05 01:47:01.389,0.94479,0.94503,1.00,1.00
2017.05.05 01:47:01.847,0.94479,0.94506,1.00,1.00
2017.05.05 01:47:03.050,0.94478,0.94503,1.00,1.00
2017.05.05 01:47:03.101,0.94476,0.94502,1.00,1.00
2017.05.05 01:47:04.031,0.94477,0.94504,1.00,1.00
2017.05.05 01:47:05.600,0.9448,0.94505,1.00,1.00
2017.05.05 01:47:06.122,0.94481,0.94505,1.00,1.00
2017.05.05 01:47:08.436,0.94482,0.94507,1.00,1.00
2017.05.05 01:47:09.036,0.9448,0.94506,1.00,1.00
2017.05.05 01:47:09.372,0.94479,0.94503,1.00,1.00
2017.05.05 01:47:09.842,0.94476,0.94503,1.00,1.00
2017.05.05 01:47:09.994,0.94476,0.94501,1.00,1.00
2017.05.05 01:47:27.325,0.94476,0.945,1.00,1.00
2017.05.05 01:47:30.361,0.94478,0.94503,1.00,1.00
2017.05.05 01:47:30.412,0.94481,0.94507,1.00,1.00
2017.05.05 01:47:30.462,0.94483,0.94508,1.00,1.00
2017.05.05 01:47:31.906,0.94484,0.9451,1.00,1.00
2017.05.05 01:47:39.450,0.94486,0.94511,1.00,1.00
2017.05.05 01:47:39.702,0.94484,0.9451,1.00,1.00
2017.05.05 01:47:39.753,0.94486,0.9451,1.00,1.00
2017.05.05 01:47:40.266,0.94484,0.94509,1.50,1.00
2017.05.05 01:47:45.844,0.94484,0.94508,1.00,1.00
2017.05.05 01:47:46.845,0.94482,0.94509,1.00,1.00
2017.05.05 01:47:46.936,0.94485,0.94509,1.00,1.00
2017.05.05 01:47:49.454,0.94484,0.94509,1.00,1.00
2017.05.05 01:47:55.599,0.94486,0.9451,1.00,1.00
2017.05.05 01:47:58.415,0.94486,0.94513,1.00,1.00
2017.05.05 01:47:58.516,0.94488,0.94513,1.00,1.00
2017.05.05 01:47:58.822,0.94484,0.9451,1.00,1.00
2017.05.05 01:47:59.241,0.94484,0.94508,1.00,1.00
2017.05.05 01:47:59.682,0.94486,0.94513,1.00,1.00
2017.05.05 01:47:59.733,0.94486,0.9451,1.00,1.00
2017.05.05 01:48:01.911,0.94486,0.94513,1.00,1.00
2017.05.05 01:48:02.012,0.94489,0.94515,1.00,1.00
2017.05.05 01:48:02.583,0.94491,0.94516,1.00,1.00
2017.05.05 01:48:02.886,0.94489,0.94514,1.00,1.00
2017.05.05 01:48:04.809,0.94491,0.94515,1.00,1.00
2017.05.05 01:48:04.960,0.94491,0.94517,1.00,1.00
2017.05.05 01:48:05.606,0.94492,0.94518,1.00,1.00
2017.05.05 01:48:06.033,0.94493,0.9452,1.00,1.00
2017.05.05 01:48:08.678,0.94494,0.94521,1.00,1.00
2017.05.05 01:48:14.803,0.94492,0.94518,1.00,1.00
2017.05.05 01:48:15.283,0.94494,0.94519,1.00,1.00
2017.05.05 01:48:16.503,0.94495,0.94519,1.00,1.00
2017.05.05 01:48:19.514,0.94494,0.94521,1.00,1.00
2017.05.05 01:48:24.974,0.94491,0.94515,1.00,1.00
2017.05.05 01:48:39.326,0.94489,0.94516,1.00,1.00
2017.05.05 01:48:46.555,0.94491,0.94515,1.00,1.00
2017.05.05 01:48:48.144,0.94491,0.94517,1.00,1.00
2017.05.05 01:48:49.325,0.94492,0.94518,1.00,1.00
2017.05.05 01:48:49.376,0.94494,0.94518,1.00,1.00
2017.05.05 01:48:49.427,0.94495,0.9452,1.00,1.00
2017.05.05 01:48:50.962,0.94496,0.94521,1.00,1.00
2017.05.05 01:49:01.631,0.94495,0.94521,1.00,1.00
2017.05.05 01:49:14.584,0.94498,0.94523,1.00,1.00
2017.05.05 01:49:14.708,0.94498,0.94525,1.00,1.00
2017.05.05 01:49:16.816,0.945,0.94524,1.00,1.00
2017.05.05 01:49:17.810,0.94499,0.94524,1.00,1.00
2017.05.05 01:49:20.611,0.945,0.94527,1.00,1.00
2017.05.05 01:49:20.762,0.94503,0.94527,1.00,1.00
2017.05.05 01:49:21.065,0.94501,0.94525,1.00,1.00
2017.05.05 01:49:21.317,0.94498,0.94525,1.00,1.00
2017.05.05 01:49:22.704,0.94498,0.94523,1.00,1.00
2017.05.05 01:49:23.370,0.94499,0.94524,1.00,1.00
2017.05.05 01:49:25.136,0.94495,0.94521,1.50,1.00
2017.05.05 01:49:25.288,0.94493,0.9452,1.00,1.00
2017.05.05 01:49:25.368,0.94493,0.94517,1.00,1.00
2017.05.05 01:49:26.284,0.94493,0.94518,1.00,1.00
2017.05.05 01:49:31.689,0.94494,0.94518,1.00,1.00
2017.05.05 01:49:32.679,0.94493,0.94518,1.00,1.00
2017.05.05 01:49:35.164,0.94494,0.94518,1.00,1.00
2017.05.05 01:49:42.043,0.94495,0.9452,1.00,1.00
2017.05.05 01:49:42.953,0.94497,0.9452,1.00,1.00
2017.05.05 01:49:43.681,0.94497,0.94523,1.00,1.00
2017.05.05 01:49:43.782,0.94499,0.94524,1.00,1.00
2017.05.05 01:49:44.950,0.94501,0.94525,1.00,1.00
2017.05.05 01:49:46.674,0.94501,0.94526,1.00,1.00
2017.05.05 01:49:47.014,0.94504,0.94528,1.00,1.00
2017.05.05 01:49:47.065,0.94505,0.9453,1.00,1.00
2017.05.05 01:49:47.514,0.94507,0.94531,1.00,1.00
2017.05.05 01:49:50.214,0.94507,0.94532,1.00,1.00
2017.05.05 01:49:50.535,0.94509,0.94534,1.00,1.00
2017.05.05 01:50:02.207,0.94509,0.94535,1.00,1.00
2017.05.05 01:50:04.725,0.94509,0.94536,1.00,1.00
2017.05.05 01:50:09.244,0.94511,0.94536,1.00,1.00
2017.05.05 01:50:09.697,0.94514,0.94538,1.00,1.00
2017.05.05 01:50:10.314,0.94511,0.94537,1.00,1.00
2017.05.05 01:50:10.365,0.94509,0.94536,1.00,1.00
2017.05.05 01:50:10.416,0.94511,0.94538,1.00,1.00
2017.05.05 01:50:10.820,0.94508,0.94532,1.00,1.00
2017.05.05 01:50:11.096,0.94505,0.9453,1.00,1.00
2017.05.05 01:50:11.999,0.94506,0.9453,1.00,1.00
2017.05.05 01:50:13.047,0.94506,0.94531,1.00,1.00
2017.05.05 01:50:13.657,0.94505,0.94531,1.00,1.00
2017.05.05 01:50:17.238,0.94506,0.94533,1.00,1.00
2017.05.05 01:50:19.756,0.94507,0.94531,1.00,1.00
2017.05.05 01:50:20.768,0.94505,0.94532,1.00,1.00
2017.05.05 01:50:22.872,0.94504,0.94531,1.00,1.00
2017.05.05 01:50:22.991,0.94503,0.94529,1.00,1.00
2017.05.05 01:50:28.031,0.94504,0.94529,1.00,1.00
2017.05.05 01:50:28.132,0.94501,0.94528,1.00,1.00
2017.05.05 01:50:33.518,0.94501,0.94527,1.00,1.00
2017.05.05 01:50:34.785,0.94501,0.94526,1.00,1.00
2017.05.05 01:50:36.897,0.94502,0.94528,1.00,1.00
2017.05.05 01:50:36.948,0.94504,0.94531,1.00,1.00
2017.05.05 01:50:46.796,0.94505,0.94531,1.00,1.00
2017.05.05 01:50:47.799,0.94506,0.94531,1.00,1.00
2017.05.05 01:51:02.327,0.94506,0.9453,1.00,1.00
2017.05.05 01:51:08.610,0.945,0.94527,1.00,1.00
2017.05.05 01:51:09.316,0.94503,0.94528,1.00,1.00
2017.05.05 01:51:09.367,0.94504,0.9453,1.00,1.00
2017.05.05 01:51:09.518,0.94501,0.94527,1.00,1.00
2017.05.05 01:51:16.871,0.94502,0.94527,1.00,1.00
2017.05.05 01:51:17.358,0.94501,0.94525,1.00,1.00
2017.05.05 01:51:20.376,0.945,0.94527,1.00,1.00
2017.05.05 01:51:31.868,0.94499,0.94526,1.00,1.00
2017.05.05 01:51:32.221,0.94503,0.94528,1.00,1.00
2017.05.05 01:51:32.442,0.94505,0.94531,1.00,1.00
2017.05.05 01:51:32.594,0.94504,0.94529,1.00,1.00
2017.05.05 01:51:33.486,0.94505,0.94529,1.00,1.00
2017.05.05 01:51:34.999,0.94506,0.94531,1.00,1.00
2017.05.05 01:51:35.237,0.94504,0.94531,1.00,1.00
2017.05.05 01:51:41.246,0.94506,0.94531,1.00,1.00
2017.05.05 01:51:41.880,0.94506,0.9453,1.00,1.00
2017.05.05 01:51:43.150,0.94504,0.94531,1.00,1.00
2017.05.05 01:51:43.200,0.94502,0.94527,1.00,1.00
2017.05.05 01:51:43.514,0.94506,0.94531,1.00,1.00
2017.05.05 01:51:44.330,0.94506,0.9453,1.00,1.00
2017.05.05 01:51:47.023,0.94503,0.94529,1.00,1.00
2017.05.05 01:51:47.174,0.94505,0.94529,1.00,1.00
2017.05.05 01:51:47.275,0.94503,0.9453,1.00,1.00
2017.05.05 01:51:47.543,0.94503,0.94528,1.00,1.00
2017.05.05 01:51:48.074,0.94502,0.94526,1.00,1.00
2017.05.05 01:51:49.599,0.94503,0.94529,1.00,1.00
2017.05.05 01:51:50.928,0.94505,0.9453,1.00,1.00
2017.05.05 01:51:55.046,0.94503,0.9453,1.00,1.00
2017.05.05 01:51:55.508,0.94503,0.94528,1.00,1.00
2017.05.05 01:51:55.985,0.945,0.94527,1.00,1.00
2017.05.05 01:52:00.328,0.94505,0.94529,1.00,1.00
2017.05.05 01:52:01.114,0.94504,0.94528,1.00,1.00
2017.05.05 01:52:01.458,0.94502,0.94528,1.00,1.00
2017.05.05 01:52:01.681,0.945,0.94525,1.00,1.00
2017.05.05 01:52:02.132,0.94503,0.94527,1.00,1.00
2017.05.05 01:52:04.965,0.94501,0.94528,1.00,1.00
2017.05.05 01:52:05.466,0.94503,0.94528,1.00,1.00
2017.05.05 01:52:07.821,0.94504,0.94529,1.00,1.00
2017.05.05 01:52:08.016,0.94505,0.94532,1.00,1.00
2017.05.05 01:52:08.821,0.94506,0.94532,1.00,1.00
2017.05.05 01:52:11.679,0.94507,0.94533,1.00,1.00
2017.05.05 01:52:16.976,0.94508,0.94533,1.00,1.00
2017.05.05 01:52:17.753,0.94509,0.94533,1.00,1.00
2017.05.05 01:52:17.900,0.94508,0.94535,1.00,1.00
2017.05.05 01:52:17.951,0.94513,0.94537,1.00,1.00
2017.05.05 01:52:18.253,0.94511,0.94536,1.00,1.00
2017.05.05 01:52:20.099,0.94509,0.94536,1.00,1.00
2017.05.05 01:52:20.598,0.94511,0.94537,1.00,1.00
2017.05.05 01:52:20.986,0.94513,0.94537,1.00,1.00
2017.05.05 01:52:22.357,0.9451,0.94536,1.00,1.00
2017.05.05 01:52:22.407,0.94512,0.94537,1.00,1.00
2017.05.05 01:52:23.072,0.9451,0.94535,1.00,1.00
2017.05.05 01:52:23.280,0.94511,0.94537,1.00,1.00
2017.05.05 01:52:23.394,0.94509,0.94536,1.00,1.00
2017.05.05 01:52:23.476,0.94511,0.94537,1.00,1.00
2017.05.05 01:52:23.956,0.9451,0.94535,1.00,1.00
2017.05.05 01:52:24.711,0.94512,0.94536,1.00,1.00
2017.05.05 01:52:25.093,0.94509,0.94535,1.00,1.00
2017.05.05 01:52:25.144,0.94512,0.94536,1.00,1.00
2017.05.05 01:52:25.225,0.94509,0.94535,1.00,1.00
2017.05.05 01:52:25.276,0.94512,0.94536,1.00,1.00
2017.05.05 01:52:25.505,0.94509,0.94539,1.00,1.00
2017.05.05 01:52:26.149,0.94507,0.94537,1.00,1.00
2017.05.05 01:52:26.462,0.94505,0.94536,1.50,1.00
2017.05.05 01:52:26.513,0.94508,0.94537,1.00,1.00
2017.05.05 01:52:26.910,0.94505,0.94536,1.50,1.00
2017.05.05 01:52:28.049,0.94508,0.94537,1.00,1.00
2017.05.05 01:52:28.415,0.94506,0.94535,1.00,1.00
2017.05.05 01:52:31.659,0.94508,0.94535,1.00,1.00
2017.05.05 01:52:32.661,0.9451,0.94534,1.00,1.00
2017.05.05 01:52:33.962,0.94509,0.94533,1.00,1.00
2017.05.05 01:52:35.548,0.94509,0.94535,1.00,1.00
2017.05.05 01:52:38.254,0.94511,0.94538,1.00,1.00
2017.05.05 01:52:47.556,0.94513,0.94537,1.00,1.00
2017.05.05 01:52:48.717,0.94511,0.94538,1.00,1.00
2017.05.05 01:52:50.055,0.94513,0.94537,1.00,1.00
2017.05.05 01:52:50.806,0.94512,0.94537,1.00,1.00
2017.05.05 01:52:51.466,0.94512,0.94538,1.00,1.00
2017.05.05 01:52:54.250,0.94511,0.94538,1.00,1.00
2017.05.05 01:52:58.382,0.94513,0.94537,1.00,1.00
2017.05.05 01:53:02.081,0.94511,0.94538,1.00,1.00
2017.05.05 01:53:04.190,0.94512,0.94539,1.00,1.00
2017.05.05 01:53:17.096,0.94513,0.94537,1.00,1.00
2017.05.05 01:53:20.765,0.94513,0.9454,1.00,1.00
2017.05.05 01:53:20.866,0.94516,0.9454,1.00,1.00
2017.05.05 01:53:21.309,0.94514,0.94539,1.50,1.00
2017.05.05 01:53:21.942,0.94516,0.94541,1.50,1.00
2017.05.05 01:53:21.992,0.94517,0.94543,1.00,1.00
2017.05.05 01:53:22.679,0.94517,0.94541,1.00,1.00
2017.05.05 01:53:22.830,0.94515,0.9454,1.00,1.00
2017.05.05 01:53:24.129,0.94513,0.94539,1.00,1.00
2017.05.05 01:53:25.836,0.94513,0.94537,1.00,1.00
2017.05.05 01:53:25.886,0.94513,0.94539,1.00,1.00
2017.05.05 01:53:27.659,0.94513,0.9454,1.00,1.00
2017.05.05 01:53:29.170,0.94513,0.94538,1.00,1.00
2017.05.05 01:53:29.342,0.94511,0.94537,1.00,1.00
2017.05.05 01:53:29.400,0.9451,0.94534,1.00,1.00
2017.05.05 01:53:29.752,0.94511,0.94537,1.00,1.00
2017.05.05 01:53:30.423,0.94512,0.94537,1.00,1.00
2017.05.05 01:53:30.947,0.94511,0.94536,1.50,1.00
2017.05.05 01:53:31.574,0.94512,0.94537,1.00,1.00
2017.05.05 01:53:31.625,0.94514,0.94538,1.00,1.00
2017.05.05 01:53:31.726,0.94512,0.94537,1.00,1.00
2017.05.05 01:53:32.542,0.94517,0.94542,1.00,1.00
2017.05.05 01:53:32.593,0.94518,0.94545,1.00,1.00
2017.05.05 01:53:32.643,0.94517,0.94542,1.00,1.00
2017.05.05 01:53:33.157,0.94517,0.94543,1.50,1.00
2017.05.05 01:53:33.465,0.94519,0.94543,1.00,1.00
2017.05.05 01:53:34.138,0.94517,0.94542,1.50,1.00
2017.05.05 01:53:34.441,0.94519,0.94544,1.00,1.00
2017.05.05 01:53:35.110,0.9452,0.94545,1.00,1.00
2017.05.05 01:53:35.650,0.94519,0.94544,1.00,1.00
2017.05.05 01:53:35.982,0.94517,0.94544,1.00,1.00
2017.05.05 01:53:36.514,0.94517,0.94546,1.50,1.00
2017.05.05 01:53:37.028,0.94517,0.94545,1.00,1.00
2017.05.05 01:53:37.129,0.94517,0.94547,1.00,1.00
2017.05.05 01:53:37.793,0.94518,0.94547,1.00,1.00
2017.05.05 01:53:38.018,0.94518,0.94545,1.00,1.00
2017.05.05 01:53:38.068,0.94515,0.94545,1.00,1.00
2017.05.05 01:53:38.703,0.94518,0.94546,1.50,1.00
2017.05.05 01:53:39.162,0.94519,0.94548,1.00,1.00
2017.05.05 01:53:39.364,0.94515,0.94544,1.00,1.00
2017.05.05 01:53:39.595,0.9452,0.94549,1.00,1.35
2017.05.05 01:53:39.828,0.94518,0.94548,1.00,1.00
2017.05.05 01:53:40.030,0.9452,0.9455,1.00,1.00
2017.05.05 01:53:41.953,0.9452,0.94551,1.00,1.00
2017.05.05 01:53:42.543,0.94523,0.94547,1.00,1.00
2017.05.05 01:53:43.546,0.94522,0.94547,1.00,1.00
2017.05.05 01:53:44.881,0.9452,0.94545,1.00,1.00
2017.05.05 01:53:45.834,0.9452,0.94546,1.00,1.00
2017.05.05 01:53:47.155,0.94521,0.94546,1.00,1.00
2017.05.05 01:53:48.156,0.94521,0.94545,1.00,1.00
2017.05.05 01:53:49.202,0.94519,0.94546,1.00,1.00
2017.05.05 01:53:50.721,0.9452,0.94546,1.00,1.00
2017.05.05 01:53:55.958,0.94521,0.94548,1.00,1.00
2017.05.05 01:53:56.059,0.9452,0.94545,1.00,1.00
2017.05.05 01:53:56.211,0.94517,0.94544,1.00,1.00
2017.05.05 01:53:56.463,0.94519,0.94546,1.00,1.00
2017.05.05 01:53:57.060,0.94521,0.94546,1.00,1.00
2017.05.05 01:53:57.683,0.94522,0.94547,1.00,1.00
2017.05.05 01:54:00.511,0.94519,0.94546,1.00,1.00
2017.05.05 01:54:02.687,0.9452,0.94544,1.00,1.00
2017.05.05 01:54:05.705,0.9452,0.94545,1.00,1.00
2017.05.05 01:54:06.209,0.94513,0.94538,1.00,1.00
2017.05.05 01:54:07.191,0.94512,0.94538,1.00,1.00
2017.05.05 01:54:17.257,0.94512,0.94539,1.00,1.00
2017.05.05 01:54:17.717,0.94514,0.94538,1.00,1.00
2017.05.05 01:54:18.349,0.94515,0.94539,1.00,1.00
2017.05.05 01:54:21.691,0.94512,0.94539,1.00,1.00
2017.05.05 01:54:21.792,0.94514,0.9454,1.00,1.00
2017.05.05 01:54:22.649,0.94514,0.94541,1.00,1.00
2017.05.05 01:54:30.020,0.94513,0.94539,1.00,1.00
2017.05.05 01:54:32.746,0.94515,0.94539,1.00,1.00
2017.05.05 01:54:33.694,0.94512,0.94539,1.00,1.00
2017.05.05 01:54:35.717,0.94513,0.9454,1.00,1.00
2017.05.05 01:54:36.761,0.94514,0.9454,1.00,1.00
2017.05.05 01:54:47.776,0.94513,0.9454,1.00,1.00
2017.05.05 01:55:02.306,0.94514,0.94538,1.00,1.00
2017.05.05 01:55:03.307,0.94514,0.94539,1.00,1.00
2017.05.05 01:55:08.982,0.94516,0.9454,1.00,1.00
2017.05.05 01:55:09.032,0.94513,0.9454,1.50,1.00
2017.05.05 01:55:09.133,0.94515,0.94539,1.00,1.00
2017.05.05 01:55:10.120,0.94515,0.9454,1.00,1.00
2017.05.05 01:55:15.537,0.94514,0.94539,1.00,1.00
2017.05.05 01:55:16.097,0.94514,0.9454,1.00,1.00
2017.05.05 01:55:17.336,0.94514,0.94541,1.00,1.00
2017.05.05 01:55:17.837,0.94514,0.94539,1.00,1.00
2017.05.05 01:55:18.838,0.94513,0.94539,1.00,1.00
2017.05.05 01:55:20.856,0.94513,0.9454,1.00,1.00
2017.05.05 01:55:28.138,0.94512,0.94538,1.50,1.00
2017.05.05 01:55:28.681,0.94513,0.94538,1.00,1.00
2017.05.05 01:55:29.408,0.94514,0.94538,1.00,1.00
2017.05.05 01:55:30.543,0.94514,0.94539,1.00,1.00
2017.05.05 01:55:32.867,0.94514,0.94538,1.00,1.00
2017.05.05 01:55:42.151,0.94512,0.94537,1.50,1.00
2017.05.05 01:55:44.212,0.94512,0.94536,1.00,1.00
2017.05.05 01:55:47.395,0.94512,0.94537,1.00,1.00
2017.05.05 01:55:49.744,0.94513,0.94538,1.00,1.00
2017.05.05 01:55:50.267,0.94513,0.94539,1.00,1.00
2017.05.05 01:55:50.860,0.94513,0.9454,1.00,1.00
2017.05.05 01:55:55.168,0.94514,0.94541,1.00,1.00
2017.05.05 01:55:55.879,0.94514,0.94539,1.00,1.00
2017.05.05 01:55:56.653,0.94513,0.9454,1.00,1.00
2017.05.05 01:56:02.975,0.94512,0.94539,1.00,1.00
2017.05.05 01:56:03.645,0.94513,0.9454,1.00,1.00
2017.05.05 01:56:04.311,0.94513,0.94538,1.00,1.00
2017.05.05 01:56:04.513,0.94508,0.94533,1.00,1.00
2017.05.05 01:56:05.486,0.94503,0.94528,1.00,1.00
2017.05.05 01:56:05.537,0.94501,0.94528,1.00,1.00
2017.05.05 01:56:14.217,0.94504,0.94529,1.00,1.00
2017.05.05 01:56:17.957,0.94503,0.94529,1.00,1.00
2017.05.05 01:56:34.550,0.94504,0.9453,1.00,1.00
2017.05.05 01:56:40.217,0.94502,0.94529,1.00,1.00
2017.05.05 01:56:46.534,0.945,0.94528,1.00,1.00
2017.05.05 01:56:48.031,0.945,0.94526,1.00,1.00
2017.05.05 01:56:51.035,0.945,0.94528,1.00,1.00
2017.05.05 01:56:52.256,0.94499,0.94525,1.00,1.00
2017.05.05 01:56:53.217,0.94498,0.94527,1.00,1.00
2017.05.05 01:56:54.262,0.945,0.94526,1.00,1.00
2017.05.05 01:56:57.543,0.94499,0.94528,1.00,1.00
2017.05.05 01:56:59.540,0.94501,0.94528,1.00,1.00
2017.05.05 01:57:01.623,0.94499,0.94527,1.00,1.00
2017.05.05 01:57:03.046,0.94499,0.94528,1.00,1.00
2017.05.05 01:57:05.564,0.945,0.94528,1.00,1.00
2017.05.05 01:57:06.566,0.94499,0.94528,1.00,1.00
2017.05.05 01:57:06.885,0.94499,0.94525,1.00,1.00
2017.05.05 01:57:07.182,0.94494,0.94522,1.00,1.00
2017.05.05 01:57:11.698,0.94495,0.94524,1.00,1.00
2017.05.05 01:57:12.731,0.94498,0.94524,1.00,1.00
2017.05.05 01:57:13.117,0.945,0.94526,1.00,1.00
2017.05.05 01:57:13.639,0.94502,0.94528,1.00,1.00
2017.05.05 01:57:21.120,0.94501,0.94527,1.00,1.00
2017.05.05 01:57:21.222,0.94499,0.94528,1.50,1.00
2017.05.05 01:57:21.557,0.94501,0.94529,1.00,1.00
2017.05.05 01:57:33.106,0.945,0.94529,1.00,1.00
2017.05.05 01:57:58.202,0.945,0.94526,1.00,1.00
2017.05.05 01:58:03.212,0.94499,0.94526,1.00,1.00
2017.05.05 01:58:04.461,0.94496,0.94524,1.50,1.35
2017.05.05 01:58:04.562,0.94494,0.94523,1.00,1.00
2017.05.05 01:58:04.932,0.94498,0.94523,1.00,1.00
2017.05.05 01:58:05.080,0.94494,0.94523,1.00,1.00
2017.05.05 01:58:05.130,0.94493,0.94521,1.00,1.00
2017.05.05 01:58:05.915,0.94492,0.94521,1.50,1.00
2017.05.05 01:58:06.521,0.94493,0.9452,1.00,1.00
2017.05.05 01:58:07.626,0.94492,0.9452,1.50,1.00
2017.05.05 01:58:08.916,0.94493,0.9452,1.00,1.00
2017.05.05 01:58:09.223,0.94493,0.94516,1.00,1.00
2017.05.05 01:58:09.897,0.94493,0.94518,1.00,1.00
2017.05.05 01:58:09.998,0.94492,0.94516,1.00,1.00
2017.05.05 01:58:10.150,0.94492,0.94518,1.00,1.00
2017.05.05 01:58:14.972,0.94492,0.94521,1.50,1.35
2017.05.05 01:58:17.532,0.94492,0.94517,1.00,1.00
2017.05.05 01:58:18.141,0.94492,0.94518,1.00,1.00
2017.05.05 01:58:21.215,0.94492,0.94517,1.00,1.00
2017.05.05 01:58:23.144,0.94493,0.94517,1.00,1.00
2017.05.05 01:58:24.053,0.94493,0.94519,1.00,1.00
2017.05.05 01:58:24.744,0.94492,0.9452,1.00,1.00
2017.05.05 01:58:26.038,0.94491,0.9452,1.50,1.00
2017.05.05 01:58:26.088,0.94495,0.94521,1.00,1.00
2017.05.05 01:58:26.391,0.94498,0.94524,1.00,1.00
2017.05.05 01:58:27.108,0.94497,0.94524,1.50,1.00
2017.05.05 01:58:30.015,0.94497,0.94523,1.00,1.00
2017.05.05 01:58:33.750,0.94497,0.94525,1.00,1.00
2017.05.05 01:58:34.470,0.94497,0.94526,1.50,1.00
2017.05.05 01:58:35.444,0.94499,0.94526,1.00,1.00
2017.05.05 01:58:35.545,0.94501,0.9453,1.00,1.00
2017.05.05 01:58:35.860,0.94504,0.9453,1.00,1.00
2017.05.05 01:58:36.291,0.94508,0.9453,1.00,1.00
2017.05.05 01:58:36.516,0.94508,0.94532,1.00,1.35
2017.05.05 01:58:36.985,0.94505,0.94533,1.00,1.00
2017.05.05 01:58:37.439,0.94508,0.94533,1.00,1.00
2017.05.05 01:58:37.952,0.94508,0.94534,1.00,1.00
2017.05.05 01:58:38.212,0.94508,0.94536,1.50,1.00
2017.05.05 01:58:42.432,0.94507,0.94536,1.00,1.00
2017.05.05 01:58:42.533,0.9451,0.94536,1.00,1.00
2017.05.05 01:58:42.891,0.94507,0.94536,1.00,1.00
2017.05.05 01:58:44.510,0.94509,0.94535,1.00,1.00
2017.05.05 01:58:45.489,0.94508,0.94535,1.00,1.00
2017.05.05 01:58:58.199,0.94506,0.94533,1.00,1.00
2017.05.05 01:58:58.300,0.94507,0.94535,1.00,1.00
2017.05.05 01:58:58.351,0.9451,0.94536,1.00,1.00
2017.05.05 01:58:58.495,0.94512,0.9454,1.00,1.00
2017.05.05 01:58:59.424,0.94513,0.9454,1.00,1.00
2017.05.05 01:58:59.526,0.94511,0.94539,1.00,1.00
2017.05.05 01:58:59.727,0.9451,0.94537,1.00,1.00
2017.05.05 01:59:00.031,0.94507,0.94534,1.00,1.00
2017.05.05 01:59:01.210,0.94504,0.94531,1.00,1.00
2017.05.05 01:59:01.311,0.94502,0.9453,1.00,1.00
2017.05.05 01:59:03.285,0.94503,0.9453,1.00,1.00
2017.05.05 01:59:06.304,0.94503,0.94529,1.00,1.00
2017.05.05 01:59:11.000,0.94507,0.94532,1.00,1.00
2017.05.05 01:59:11.100,0.94502,0.94531,1.50,1.00
2017.05.05 01:59:11.442,0.94507,0.94531,1.00,1.00
2017.05.05 01:59:11.955,0.94507,0.94532,1.00,1.00
2017.05.05 01:59:17.815,0.94507,0.94533,1.00,1.00
2017.05.05 01:59:18.417,0.94507,0.94534,1.50,1.00
2017.05.05 01:59:25.975,0.94508,0.94535,1.00,1.00
2017.05.05 01:59:26.669,0.94507,0.94534,1.00,1.00
2017.05.05 01:59:32.844,0.94507,0.94535,1.00,1.00
2017.05.05 01:59:48.375,0.94507,0.94534,1.00,1.00
2017.05.05 01:59:55.093,0.94508,0.94534,1.00,1.00
2017.05.05 01:59:56.617,0.94506,0.94534,1.00,1.00
