2017.02.27 08:20:54.517,0.94433,0.94455,1.50,1.00
2017.02.27 08:20:55.677,0.94432,0.94454,1.00,1.00
2017.02.27 08:20:56.218,0.94431,0.94455,1.00,1.00
2017.02.27 08:20:56.698,0.94433,0.94455,1.00,1.00
2017.02.27 08:20:57.517,0.94434,0.94456,1.00,1.00
2017.02.27 08:21:00.592,0.94427,0.94447,1.00,1.00
2017.02.27 08:21:00.743,0.94423,0.94447,1.00,1.00
2017.02.27 08:21:00.793,0.94427,0.94447,1.00,1.00
2017.02.27 08:21:00.944,0.94423,0.94447,1.00,1.00
2017.02.27 08:21:01.116,0.94425,0.94447,1.00,1.00
2017.02.27 08:21:01.551,0.94423,0.94449,1.50,1.00
2017.02.27 08:21:04.871,0.94424,0.94448,1.00,1.00
2017.02.27 08:21:08.118,0.94423,0.94444,1.00,1.00
2017.02.27 08:21:08.218,0.9442,0.94444,1.00,1.00
2017.02.27 08:21:11.041,0.94419,0.94443,1.00,1.00
2017.02.27 08:21:11.542,0.94419,0.94442,1.00,1.00
2017.02.27 08:21:13.518,0.94419,0.94443,1.00,1.50
2017.02.27 08:21:18.217,0.94423,0.94443,1.00,1.00
2017.02.27 08:21:19.163,0.94419,0.94443,1.00,1.00
2017.02.27 08:21:20.935,0.94418,0.94442,1.00,1.00
2017.02.27 08:21:20.986,0.94415,0.94439,1.00,1.00
2017.02.27 08:21:21.237,0.9441,0.94435,1.00,1.00
2017.02.27 08:21:21.288,0.9441,0.94431,1.00,1.00
2017.02.27 08:21:21.439,0.94408,0.94431,1.50,1.00
2017.02.27 08:21:21.540,0.94409,0.94435,1.00,1.00
2017.02.27 08:21:22.012,0.94413,0.94435,1.00,1.00
2017.02.27 08:21:22.062,0.94409,0.94435,1.00,1.00
2017.02.27 08:21:22.587,0.94411,0.94434,1.00,1.00
2017.02.27 08:21:23.255,0.94412,0.94434,1.00,1.00
2017.02.27 08:21:26.063,0.94413,0.94435,1.00,1.00
2017.02.27 08:21:27.667,0.94413,0.94437,1.00,1.00
2017.02.27 08:21:28.046,0.94413,0.94435,1.00,1.00
2017.02.27 08:21:36.503,0.94413,0.94437,1.00,1.00
2017.02.27 08:21:36.553,0.94416,0.94438,1.00,1.00
2017.02.27 08:21:37.589,0.94414,0.94438,1.00,1.00
2017.02.27 08:21:40.220,0.94413,0.94437,1.00,1.00
2017.02.27 08:21:40.768,0.94413,0.94438,1.00,1.00
2017.02.27 08:21:41.402,0.94412,0.94436,1.00,1.00
2017.02.27 08:21:41.721,0.94414,0.94436,1.00,1.00
2017.02.27 08:21:42.356,0.94413,0.94436,1.00,1.00
2017.02.27 08:21:42.789,0.94414,0.94438,1.00,1.00
2017.02.27 08:21:43.432,0.94414,0.94437,1.00,1.00
2017.02.27 08:21:43.533,0.94417,0.94437,1.00,1.00
2017.02.27 08:21:43.857,0.94413,0.94437,1.50,1.00
2017.02.27 08:21:44.434,0.94413,0.94435,1.50,1.00
2017.02.27 08:21:46.086,0.94412,0.94436,1.50,1.00
2017.02.27 08:21:46.918,0.94413,0.94436,1.00,1.00
2017.02.27 08:21:49.369,0.94418,0.94436,1.00,1.00
2017.02.27 08:21:55.112,0.94411,0.94435,1.00,1.00
2017.02.27 08:21:55.213,0.94408,0.94432,1.50,1.00
2017.02.27 08:21:57.589,0.94411,0.94433,1.00,1.00
2017.02.27 08:21:57.891,0.94415,0.94437,1.00,1.00
2017.02.27 08:21:58.667,0.94415,0.94439,1.00,1.00
2017.02.27 08:21:59.618,0.94417,0.94439,1.00,1.00
2017.02.27 08:22:00.878,0.94415,0.94439,1.00,1.00
2017.02.27 08:22:01.120,0.94417,0.94439,1.00,1.00
2017.02.27 08:22:01.933,0.94415,0.94439,1.00,1.00
2017.02.27 08:22:10.098,0.94418,0.94439,1.00,1.00
2017.02.27 08:22:10.824,0.94415,0.94439,1.00,1.00
2017.02.27 08:22:12.277,0.94409,0.94433,1.00,1.00
2017.02.27 08:22:12.579,0.94408,0.94431,1.00,1.00
2017.02.27 08:22:13.707,0.94409,0.94431,1.00,1.00
2017.02.27 08:22:15.847,0.94408,0.9443,1.00,1.00
2017.02.27 08:22:16.028,0.94408,0.94432,1.00,1.00
2017.02.27 08:22:16.816,0.9441,0.94432,1.00,1.00
2017.02.27 08:22:17.217,0.94413,0.94432,1.00,1.00
2017.02.27 08:22:18.581,0.94413,0.94434,1.00,1.00
2017.02.27 08:22:18.732,0.94412,0.94436,1.00,1.00
2017.02.27 08:22:18.944,0.94414,0.94436,1.00,1.00
2017.02.27 08:22:23.764,0.94413,0.94437,1.00,1.50
2017.02.27 08:22:23.915,0.9441,0.94435,1.00,1.00
2017.02.27 08:22:24.016,0.9441,0.94432,1.00,1.00
2017.02.27 08:22:24.921,0.94413,0.94432,1.00,1.00
2017.02.27 08:22:25.829,0.94413,0.94433,1.00,1.00
2017.02.27 08:22:26.993,0.94412,0.94433,1.00,1.00
2017.02.27 08:22:27.044,0.94412,0.94435,1.00,1.00
2017.02.27 08:22:27.857,0.94411,0.94435,1.00,1.00
2017.02.27 08:22:27.963,0.94409,0.94431,1.00,1.00
2017.02.27 08:22:28.519,0.94408,0.9443,1.50,1.00
2017.02.27 08:22:29.265,0.94409,0.94431,1.00,1.00
2017.02.27 08:22:29.416,0.9441,0.94434,1.00,1.00
2017.02.27 08:22:29.718,0.94412,0.94434,1.00,1.00
2017.02.27 08:22:31.233,0.94412,0.94435,1.50,1.00
2017.02.27 08:22:31.917,0.94411,0.94434,1.00,1.00
2017.02.27 08:22:32.561,0.94409,0.94433,1.00,1.00
2017.02.27 08:22:33.217,0.94408,0.94433,1.00,1.00
2017.02.27 08:22:34.550,0.94409,0.94433,1.00,1.00
2017.02.27 08:22:38.037,0.9441,0.94434,1.00,1.00
2017.02.27 08:22:38.639,0.94412,0.94434,1.00,1.00
2017.02.27 08:22:39.144,0.94411,0.94433,1.00,1.00
2017.02.27 08:22:46.493,0.9441,0.94435,1.00,1.00
2017.02.27 08:22:55.250,0.94412,0.94436,1.00,1.00
2017.02.27 08:22:55.769,0.94413,0.94436,1.00,1.00
2017.02.27 08:23:00.093,0.94413,0.94434,1.00,1.00
2017.02.27 08:23:00.193,0.9441,0.94434,1.00,1.00
2017.02.27 08:23:00.244,0.94411,0.94436,1.00,1.00
2017.02.27 08:23:01.178,0.94413,0.94435,1.00,1.00
2017.02.27 08:23:02.404,0.94414,0.94436,1.00,1.00
2017.02.27 08:23:02.968,0.94414,0.94437,1.00,1.00
2017.02.27 08:23:03.734,0.94415,0.94438,1.00,1.00
2017.02.27 08:23:04.061,0.94417,0.9444,1.00,1.00
2017.02.27 08:23:05.007,0.94418,0.9444,1.00,1.00
2017.02.27 08:23:05.512,0.94419,0.94441,1.00,1.00
2017.02.27 08:23:06.585,0.94418,0.94443,1.00,1.00
2017.02.27 08:23:07.753,0.94421,0.94443,1.00,1.00
2017.02.27 08:23:08.724,0.94421,0.94444,1.00,1.00
2017.02.27 08:23:09.025,0.94423,0.94445,1.00,1.00
2017.02.27 08:23:09.126,0.94427,0.9445,1.00,1.50
2017.02.27 08:23:09.227,0.94424,0.94449,1.00,1.00
2017.02.27 08:23:09.327,0.94423,0.94447,1.00,1.00
2017.02.27 08:23:09.629,0.94424,0.94449,1.00,1.00
2017.02.27 08:23:09.915,0.94428,0.9445,1.00,1.00
2017.02.27 08:23:10.650,0.94426,0.9445,1.00,1.00
2017.02.27 08:23:11.232,0.94427,0.94452,1.00,1.00
2017.02.27 08:23:11.683,0.94427,0.94449,1.00,1.00
2017.02.27 08:23:13.442,0.94428,0.9445,1.00,1.00
2017.02.27 08:23:13.493,0.94428,0.94452,1.00,1.50
2017.02.27 08:23:14.441,0.94429,0.94452,1.00,1.00
2017.02.27 08:23:15.543,0.94429,0.94453,1.00,1.00
2017.02.27 08:23:16.079,0.94428,0.94452,1.00,1.00
2017.02.27 08:23:18.572,0.94428,0.94451,1.00,1.00
2017.02.27 08:23:19.640,0.94429,0.94451,1.00,1.00
2017.02.27 08:23:25.258,0.94427,0.94451,1.00,1.00
2017.02.27 08:23:26.105,0.94428,0.94451,1.00,1.00
2017.02.27 08:23:26.776,0.94427,0.94451,1.00,1.00
2017.02.27 08:23:28.201,0.9443,0.94452,1.00,1.00
2017.02.27 08:23:29.778,0.94429,0.94451,1.00,1.00
2017.02.27 08:23:31.058,0.9443,0.94452,1.00,1.00
2017.02.27 08:23:32.059,0.94429,0.94451,1.00,1.00
2017.02.27 08:23:33.260,0.94429,0.94453,1.00,1.00
2017.02.27 08:23:36.819,0.94429,0.94452,1.00,1.00
2017.02.27 08:23:37.513,0.94429,0.94453,1.00,1.00
2017.02.27 08:23:37.650,0.94424,0.94447,1.00,1.00
2017.02.27 08:23:37.801,0.94422,0.94447,1.00,1.00
2017.02.27 08:23:37.952,0.94425,0.94447,1.00,1.00
2017.02.27 08:23:38.053,0.94423,0.94447,1.00,1.00
2017.02.27 08:23:38.566,0.94424,0.94448,1.00,1.00
2017.02.27 08:23:40.988,0.94424,0.94446,1.00,1.00
2017.02.27 08:23:42.475,0.94424,0.94448,1.00,1.00
2017.02.27 08:23:44.656,0.94424,0.94446,1.00,1.00
2017.02.27 08:23:45.618,0.94423,0.94446,1.00,1.00
2017.02.27 08:23:45.819,0.94421,0.94445,1.00,1.00
2017.02.27 08:23:53.048,0.9442,0.94443,1.00,1.00
2017.02.27 08:23:53.099,0.9442,0.94445,1.00,1.00
2017.02.27 08:23:53.149,0.94423,0.94445,1.00,1.00
2017.02.27 08:23:53.872,0.94425,0.94447,1.00,1.00
2017.02.27 08:23:54.444,0.94422,0.94446,1.00,1.00
2017.02.27 08:23:56.672,0.94419,0.94441,1.00,1.00
2017.02.27 08:23:56.773,0.94417,0.94441,1.00,1.00
2017.02.27 08:23:57.283,0.94419,0.94441,1.00,1.00
2017.02.27 08:23:57.745,0.94421,0.94445,1.00,1.00
2017.02.27 08:24:01.619,0.9442,0.94444,1.00,1.00
2017.02.27 08:24:02.316,0.9442,0.94443,1.00,1.00
2017.02.27 08:24:03.480,0.9442,0.94444,1.00,1.00
2017.02.27 08:24:07.901,0.94424,0.94446,1.00,1.00
2017.02.27 08:24:08.017,0.94425,0.9445,1.00,1.00
2017.02.27 08:24:08.594,0.94428,0.9445,1.00,1.00
2017.02.27 08:24:16.166,0.94427,0.94452,1.00,1.50
2017.02.27 08:24:16.649,0.94427,0.9445,1.00,1.00
2017.02.27 08:24:17.516,0.94427,0.94449,1.00,1.00
2017.02.27 08:24:22.331,0.94427,0.9445,1.00,1.00
2017.02.27 08:24:23.015,0.94427,0.94449,1.00,1.00
2017.02.27 08:24:24.340,0.94427,0.9445,1.00,1.00
2017.02.27 08:24:25.138,0.94426,0.9445,1.00,1.00
2017.02.27 08:24:25.807,0.94426,0.94451,1.00,1.00
2017.02.27 08:24:26.109,0.9443,0.94454,1.00,1.00
2017.02.27 08:24:27.017,0.94433,0.94454,1.00,1.00
2017.02.27 08:24:27.967,0.9443,0.94454,1.00,1.00
2017.02.27 08:24:28.017,0.94427,0.94451,1.00,1.00
2017.02.27 08:24:28.412,0.94426,0.94448,1.00,1.00
2017.02.27 08:24:28.916,0.94427,0.94449,1.00,1.00
2017.02.27 08:24:29.018,0.94429,0.94453,1.00,1.00
2017.02.27 08:24:29.068,0.94428,0.9445,1.00,1.00
2017.02.27 08:24:31.178,0.94426,0.9445,1.00,1.00
2017.02.27 08:24:35.565,0.94428,0.94452,1.00,1.00
2017.02.27 08:24:35.867,0.9443,0.94452,1.00,1.00
2017.02.27 08:24:36.169,0.9443,0.94455,1.00,1.00
2017.02.27 08:24:36.717,0.94431,0.94455,1.00,1.00
2017.02.27 08:24:36.933,0.94431,0.94453,1.00,1.00
2017.02.27 08:24:38.776,0.94432,0.94454,1.00,1.00
2017.02.27 08:24:39.419,0.94435,0.94457,1.00,1.00
2017.02.27 08:24:39.469,0.94437,0.9446,1.00,1.00
2017.02.27 08:24:40.455,0.94436,0.94462,1.00,1.00
2017.02.27 08:24:41.396,0.94438,0.9446,1.00,1.00
2017.02.27 08:24:41.752,0.94436,0.9446,1.00,1.00
2017.02.27 08:24:42.289,0.94432,0.94454,1.00,1.00
2017.02.27 08:24:42.605,0.94434,0.94456,1.00,1.00
2017.02.27 08:24:43.409,0.94434,0.94457,1.00,1.00
2017.02.27 08:24:44.235,0.94434,0.9446,1.00,1.00
2017.02.27 08:24:44.286,0.94438,0.94462,1.00,1.50
2017.02.27 08:24:45.188,0.94439,0.94463,1.00,1.00
2017.02.27 08:24:45.812,0.94434,0.9446,1.00,1.00
2017.02.27 08:24:46.114,0.94433,0.94457,1.00,1.00
2017.02.27 08:24:46.165,0.94434,0.94459,1.00,1.00
2017.02.27 08:24:47.124,0.94435,0.94459,1.00,1.00
2017.02.27 08:24:48.372,0.94435,0.94461,1.00,1.00
2017.02.27 08:24:48.423,0.94437,0.94461,1.00,1.00
2017.02.27 08:24:49.325,0.94437,0.9446,1.00,1.00
2017.02.27 08:24:50.362,0.94435,0.94459,1.00,1.00
2017.02.27 08:24:51.187,0.94436,0.94458,1.00,1.00
2017.02.27 08:24:52.691,0.94437,0.94459,1.00,1.00
2017.02.27 08:24:52.742,0.94437,0.94461,1.00,1.00
2017.02.27 08:24:53.724,0.94438,0.94462,1.00,1.00
2017.02.27 08:24:55.154,0.94438,0.9446,1.00,1.00
2017.02.27 08:24:56.235,0.94437,0.94459,1.00,1.00
2017.02.27 08:24:56.540,0.94435,0.94459,1.00,1.00
2017.02.27 08:24:56.641,0.94437,0.94459,1.00,1.00
2017.02.27 08:24:56.842,0.94434,0.94458,1.00,1.00
2017.02.27 08:24:58.266,0.94433,0.94455,1.00,1.00
2017.02.27 08:24:58.734,0.94431,0.94456,1.00,1.00
2017.02.27 08:25:00.208,0.94434,0.94456,1.00,1.00
2017.02.27 08:25:00.732,0.94433,0.94455,1.00,1.00
2017.02.27 08:25:01.289,0.94434,0.94456,1.00,1.00
2017.02.27 08:25:03.335,0.94433,0.94457,1.00,1.00
2017.02.27 08:25:03.877,0.94432,0.94456,1.00,1.00
2017.02.27 08:25:04.179,0.94434,0.94458,1.00,1.00
2017.02.27 08:25:05.615,0.94438,0.94458,1.00,1.00
2017.02.27 08:25:05.861,0.94434,0.94458,1.00,1.00
2017.02.27 08:25:06.894,0.94438,0.94458,1.00,1.00
2017.02.27 08:25:06.944,0.94434,0.94458,1.00,1.00
2017.02.27 08:25:08.395,0.94438,0.94458,1.00,1.00
2017.02.27 08:25:10.464,0.94434,0.94458,1.00,1.00
2017.02.27 08:25:11.011,0.94433,0.94457,1.00,1.00
2017.02.27 08:25:11.968,0.94436,0.94458,1.00,1.00
2017.02.27 08:25:12.018,0.94435,0.94462,1.00,1.50
2017.02.27 08:25:12.069,0.94441,0.94465,1.00,2.25
2017.02.27 08:25:12.489,0.94445,0.94468,1.00,1.00
2017.02.27 08:25:13.094,0.94445,0.94467,1.00,1.00
2017.02.27 08:25:14.714,0.94443,0.94467,1.00,1.00
2017.02.27 08:25:15.678,0.94442,0.94467,1.00,1.50
2017.02.27 08:25:15.729,0.94443,0.94471,1.00,1.00
2017.02.27 08:25:15.829,0.94447,0.94471,1.00,1.00
2017.02.27 08:25:16.139,0.94453,0.94474,1.00,1.00
2017.02.27 08:25:17.641,0.94449,0.94473,1.00,1.00
2017.02.27 08:25:18.565,0.94448,0.94472,1.00,1.00
2017.02.27 08:25:18.734,0.94447,0.94468,1.00,1.00
2017.02.27 08:25:19.139,0.94443,0.94467,1.50,1.00
2017.02.27 08:25:19.340,0.94443,0.94464,1.00,1.00
2017.02.27 08:25:19.541,0.94438,0.94464,1.50,1.00
2017.02.27 08:25:19.592,0.9444,0.94464,1.00,1.00
2017.02.27 08:25:20.182,0.94439,0.94463,1.00,1.00
2017.02.27 08:25:20.970,0.94439,0.94462,1.00,1.00
2017.02.27 08:25:21.950,0.94437,0.94463,1.50,1.00
2017.02.27 08:25:22.152,0.94443,0.94462,1.00,1.00
2017.02.27 08:25:22.216,0.94437,0.94462,1.00,1.00
2017.02.27 08:25:22.418,0.94438,0.94464,1.50,1.00
2017.02.27 08:25:22.468,0.94445,0.94467,1.00,1.00
2017.02.27 08:25:22.570,0.94446,0.94471,1.00,1.50
2017.02.27 08:25:22.732,0.94444,0.94469,1.00,1.00
2017.02.27 08:25:23.084,0.94443,0.94467,1.00,1.00
2017.02.27 08:25:23.662,0.94442,0.94467,1.00,1.00
2017.02.27 08:25:23.728,0.9444,0.94467,1.00,1.00
2017.02.27 08:25:24.296,0.94448,0.94467,1.00,1.00
2017.02.27 08:25:24.347,0.9444,0.94467,1.00,1.00
2017.02.27 08:25:24.397,0.94442,0.94467,1.00,1.00
2017.02.27 08:25:24.809,0.94443,0.9447,1.00,1.00
2017.02.27 08:25:24.859,0.94446,0.94471,1.00,1.00
2017.02.27 08:25:25.383,0.94445,0.9447,1.00,1.00
2017.02.27 08:25:26.861,0.94444,0.94467,1.00,1.00
2017.02.27 08:25:26.912,0.94442,0.94468,1.00,1.00
2017.02.27 08:25:27.012,0.9444,0.94467,1.00,1.00
2017.02.27 08:25:27.063,0.94442,0.94464,1.00,1.00
2017.02.27 08:25:27.164,0.94439,0.94464,1.00,1.00
2017.02.27 08:25:27.903,0.94438,0.94463,1.50,1.00
2017.02.27 08:25:28.044,0.94438,0.94465,1.50,1.00
2017.02.27 08:25:29.911,0.94436,0.9446,1.00,1.00
2017.02.27 08:25:30.217,0.94435,0.94458,1.00,1.00
2017.02.27 08:25:30.600,0.94433,0.94456,1.00,1.00
2017.02.27 08:25:31.512,0.94434,0.94458,1.00,1.00
2017.02.27 08:25:32.336,0.94432,0.94457,1.00,1.00
2017.02.27 08:25:34.908,0.94432,0.94455,1.00,1.00
2017.02.27 08:25:35.409,0.94432,0.94457,1.00,1.00
2017.02.27 08:25:36.766,0.94434,0.94457,1.00,1.00
2017.02.27 08:25:36.816,0.94432,0.94458,1.00,1.00
2017.02.27 08:25:36.917,0.94434,0.94457,1.00,1.00
2017.02.27 08:25:37.416,0.94432,0.94456,1.50,1.00
2017.02.27 08:25:37.950,0.94433,0.94456,1.00,1.00
2017.02.27 08:25:38.925,0.94432,0.94456,1.00,1.00
2017.02.27 08:25:39.516,0.94433,0.94456,1.00,1.00
2017.02.27 08:25:39.973,0.94435,0.94457,1.00,1.00
2017.02.27 08:25:40.024,0.94435,0.94459,1.00,1.00
2017.02.27 08:25:40.355,0.94434,0.94457,1.00,1.00
2017.02.27 08:25:40.908,0.94435,0.94457,1.00,1.00
2017.02.27 08:25:41.128,0.94436,0.9446,1.00,1.00
2017.02.27 08:25:41.908,0.94436,0.94462,1.00,1.00
2017.02.27 08:25:42.431,0.94436,0.94459,1.00,1.00
2017.02.27 08:25:43.264,0.94435,0.94458,1.00,1.00
2017.02.27 08:25:44.727,0.94434,0.9446,1.00,1.00
2017.02.27 08:25:45.513,0.94433,0.94458,1.00,1.00
2017.02.27 08:25:46.827,0.94432,0.94458,1.50,1.00
2017.02.27 08:25:47.433,0.94434,0.94457,1.00,1.00
2017.02.27 08:25:54.531,0.94434,0.94456,1.00,1.00
2017.02.27 08:25:55.287,0.94437,0.94459,1.00,1.00
2017.02.27 08:25:59.619,0.94436,0.94459,1.00,1.00
2017.02.27 08:25:59.974,0.94434,0.94457,1.00,1.00
2017.02.27 08:26:00.621,0.94435,0.94457,1.00,1.00
2017.02.27 08:26:01.492,0.94434,0.94456,1.00,1.00
2017.02.27 08:26:02.316,0.94432,0.94456,1.50,1.00
2017.02.27 08:26:06.495,0.94431,0.94455,1.00,1.00
2017.02.27 08:26:08.672,0.94432,0.94456,1.00,1.00
2017.02.27 08:26:09.710,0.94433,0.94456,1.00,1.00
2017.02.27 08:26:11.167,0.94433,0.94457,1.50,1.00
2017.02.27 08:26:11.708,0.94435,0.94458,1.00,1.00
2017.02.27 08:26:12.011,0.94437,0.94459,1.00,1.00
2017.02.27 08:26:12.637,0.94435,0.9446,1.00,1.00
2017.02.27 08:26:13.186,0.94436,0.94458,1.00,1.00
2017.02.27 08:26:13.236,0.94435,0.9446,1.00,1.00
2017.02.27 08:26:16.386,0.94435,0.94459,1.00,1.00
2017.02.27 08:26:17.775,0.94436,0.94458,1.00,1.00
2017.02.27 08:26:21.731,0.94434,0.94459,1.00,1.00
2017.02.27 08:26:21.814,0.94433,0.94457,1.50,1.00
2017.02.27 08:26:27.061,0.94435,0.94457,1.00,1.00
2017.02.27 08:26:28.561,0.94436,0.94458,1.00,1.00
2017.02.27 08:26:31.916,0.94435,0.94457,1.00,1.00
2017.02.27 08:26:41.770,0.94443,0.94457,1.00,1.00
2017.02.27 08:26:42.022,0.94442,0.94459,1.00,1.00
2017.02.27 08:26:42.123,0.94442,0.94461,1.00,1.00
2017.02.27 08:26:42.236,0.94448,0.94462,1.00,1.00
2017.02.27 08:26:42.646,0.94442,0.94462,1.00,1.00
2017.02.27 08:26:42.897,0.94447,0.94462,1.00,1.00
2017.02.27 08:26:43.417,0.94448,0.94461,1.00,1.00
2017.02.27 08:26:47.903,0.94448,0.94462,1.00,1.00
2017.02.27 08:26:48.590,0.94448,0.94461,1.00,1.00
2017.02.27 08:26:49.110,0.94447,0.94461,1.00,1.00
2017.02.27 08:26:49.780,0.94447,0.94462,1.00,1.00
2017.02.27 08:26:51.760,0.94447,0.94464,1.00,1.00
2017.02.27 08:26:52.498,0.94447,0.94462,1.00,1.00
2017.02.27 08:26:52.549,0.94447,0.94465,1.00,1.00
2017.02.27 08:26:52.681,0.94445,0.94467,1.00,1.00
2017.02.27 08:26:52.896,0.94453,0.94467,1.00,1.00
2017.02.27 08:26:53.552,0.94453,0.94468,1.00,1.00
2017.02.27 08:26:53.815,0.94448,0.94468,1.00,1.00
2017.02.27 08:26:54.461,0.94453,0.94468,1.00,1.00
2017.02.27 08:26:54.562,0.94448,0.94468,1.00,1.00
2017.02.27 08:26:54.667,0.94448,0.9447,1.50,1.00
2017.02.27 08:26:55.438,0.94452,0.94469,1.00,1.00
2017.02.27 08:26:56.412,0.94453,0.9447,1.00,1.00
2017.02.27 08:26:56.462,0.94448,0.9447,1.00,1.00
2017.02.27 08:26:57.632,0.94448,0.94471,1.00,1.00
2017.02.27 08:26:58.476,0.94447,0.94471,1.00,1.00
2017.02.27 08:26:58.526,0.9445,0.94472,1.00,1.00
2017.02.27 08:26:59.092,0.94448,0.9447,1.00,1.00
2017.02.27 08:27:01.977,0.94447,0.94469,1.00,1.00
2017.02.27 08:27:02.516,0.94448,0.94469,1.00,1.00
2017.02.27 08:27:03.814,0.94447,0.94469,1.00,1.00
2017.02.27 08:27:04.432,0.94445,0.94469,1.00,1.00
2017.02.27 08:27:04.533,0.94447,0.94469,1.00,1.00
2017.02.27 08:27:05.036,0.94448,0.94468,1.00,1.00
2017.02.27 08:27:06.398,0.94448,0.94467,1.00,1.00
2017.02.27 08:27:06.930,0.94447,0.94466,1.00,1.00
2017.02.27 08:27:07.477,0.94447,0.94467,1.00,1.00
2017.02.27 08:27:09.259,0.94447,0.94466,1.00,1.00
2017.02.27 08:27:09.738,0.94444,0.94466,1.00,1.00
2017.02.27 08:27:16.357,0.94446,0.9447,1.00,1.00
2017.02.27 08:27:16.965,0.94447,0.94471,1.00,1.00
2017.02.27 08:27:17.015,0.94445,0.94469,1.00,1.00
2017.02.27 08:27:17.520,0.94445,0.94468,1.00,1.00
2017.02.27 08:27:18.157,0.94444,0.94468,1.00,1.00
2017.02.27 08:27:18.783,0.94444,0.94466,1.00,1.00
2017.02.27 08:27:20.117,0.94443,0.94465,1.50,1.00
2017.02.27 08:27:20.643,0.94444,0.94466,1.00,1.00
2017.02.27 08:27:21.869,0.94443,0.94465,1.50,1.00
2017.02.27 08:27:25.222,0.94443,0.94467,1.50,1.00
2017.02.27 08:27:26.817,0.94446,0.94468,1.00,1.00
2017.02.27 08:27:27.715,0.94448,0.94468,1.00,1.00
2017.02.27 08:27:27.931,0.94444,0.94468,1.00,1.00
2017.02.27 08:27:32.494,0.94445,0.94469,1.00,1.00
2017.02.27 08:27:35.148,0.94444,0.94468,1.00,1.00
2017.02.27 08:27:39.189,0.94445,0.94469,1.00,1.00
2017.02.27 08:27:40.184,0.94446,0.9447,1.00,1.00
2017.02.27 08:27:42.203,0.94447,0.94471,1.00,1.00
2017.02.27 08:27:43.084,0.94452,0.94471,1.00,1.00
2017.02.27 08:27:43.135,0.94447,0.94471,1.00,1.00
2017.02.27 08:27:43.286,0.94449,0.94471,1.00,1.00
2017.02.27 08:27:43.894,0.94448,0.9447,1.00,1.00
2017.02.27 08:27:44.233,0.94453,0.9447,1.00,1.00
2017.02.27 08:27:44.415,0.94448,0.9447,1.00,1.00
2017.02.27 08:27:45.114,0.94453,0.9447,1.00,1.00
2017.02.27 08:27:46.216,0.94448,0.9447,1.00,1.00
2017.02.27 08:27:47.871,0.94449,0.94471,1.00,1.00
2017.02.27 08:27:50.177,0.94448,0.9447,1.00,1.00
2017.02.27 08:27:52.059,0.94449,0.94471,1.00,1.00
2017.02.27 08:27:52.160,0.94452,0.94471,1.00,1.00
2017.02.27 08:27:52.261,0.94449,0.94471,1.00,1.00
2017.02.27 08:27:57.665,0.94453,0.94471,1.00,1.00
2017.02.27 08:27:58.114,0.94449,0.94471,1.00,1.00
2017.02.27 08:28:00.594,0.94447,0.94471,1.50,1.00
2017.02.27 08:28:01.128,0.94447,0.9447,1.00,1.00
2017.02.27 08:28:01.655,0.94448,0.9447,1.00,1.00
2017.02.27 08:28:03.110,0.94447,0.94468,1.00,1.00
2017.02.27 08:28:03.660,0.94446,0.94468,1.00,1.00
2017.02.27 08:28:04.306,0.94447,0.94468,1.00,1.00
2017.02.27 08:28:05.513,0.94446,0.94468,1.00,1.00
2017.02.27 08:28:05.733,0.94447,0.94471,1.00,1.00
2017.02.27 08:28:08.820,0.94448,0.94472,1.00,1.00
2017.02.27 08:28:08.871,0.94448,0.9447,1.50,1.00
2017.02.27 08:28:09.830,0.94448,0.94472,1.50,1.00
2017.02.27 08:28:10.349,0.9445,0.94472,1.00,1.00
2017.02.27 08:28:11.366,0.94453,0.94472,1.00,1.00
2017.02.27 08:28:11.725,0.94453,0.94474,1.00,1.00
2017.02.27 08:28:12.065,0.94449,0.94471,1.00,1.00
2017.02.27 08:28:12.560,0.94448,0.94469,1.00,1.00
2017.02.27 08:28:13.103,0.94448,0.94468,1.00,1.00
2017.02.27 08:28:14.304,0.94448,0.9447,1.00,1.00
2017.02.27 08:28:14.799,0.94448,0.94468,1.00,1.00
2017.02.27 08:28:15.143,0.94444,0.94468,1.00,1.00
2017.02.27 08:28:15.487,0.94444,0.94466,1.00,1.00
2017.02.27 08:28:16.465,0.94443,0.94466,1.00,1.00
2017.02.27 08:28:16.952,0.94442,0.94464,1.00,1.00
2017.02.27 08:28:17.053,0.94439,0.94464,1.00,1.00
2017.02.27 08:28:17.305,0.94441,0.94465,1.00,1.00
2017.02.27 08:28:17.616,0.94444,0.94466,1.00,1.00
2017.02.27 08:28:18.304,0.94442,0.94465,1.50,1.00
2017.02.27 08:28:18.638,0.94448,0.94467,1.00,1.00
2017.02.27 08:28:18.839,0.94444,0.94467,1.00,1.00
2017.02.27 08:28:19.477,0.94444,0.94469,1.00,1.00
2017.02.27 08:28:20.595,0.94444,0.94468,1.00,1.00
2017.02.27 08:28:20.746,0.94444,0.94466,1.00,1.00
2017.02.27 08:28:21.761,0.94444,0.94467,1.00,1.00
2017.02.27 08:28:26.734,0.94442,0.94467,1.00,1.00
2017.02.27 08:28:26.986,0.94443,0.94465,1.00,1.00
2017.02.27 08:28:28.504,0.94443,0.94464,1.00,1.00
2017.02.27 08:28:28.555,0.94441,0.94463,1.00,1.00
2017.02.27 08:28:29.269,0.94442,0.94464,1.00,1.00
2017.02.27 08:28:29.452,0.94444,0.94466,1.00,1.00
2017.02.27 08:28:30.086,0.94443,0.94465,1.00,1.00
2017.02.27 08:28:30.237,0.94441,0.94465,1.00,1.00
2017.02.27 08:28:30.447,0.94443,0.94466,1.00,1.00
2017.02.27 08:28:31.279,0.94443,0.94465,1.50,1.00
2017.02.27 08:28:32.837,0.94444,0.94466,1.00,1.00
2017.02.27 08:28:33.275,0.94441,0.94465,1.00,1.00
2017.02.27 08:28:33.701,0.94445,0.94469,1.00,1.00
2017.02.27 08:28:34.273,0.94443,0.94469,1.00,1.00
2017.02.27 08:28:34.658,0.94445,0.94467,1.00,1.00
2017.02.27 08:28:35.366,0.94443,0.94467,1.00,1.00
2017.02.27 08:28:36.410,0.94448,0.94467,1.00,1.00
2017.02.27 08:28:36.580,0.94443,0.94467,1.50,1.00
2017.02.27 08:28:36.711,0.94443,0.9446,1.00,1.00
2017.02.27 08:28:36.952,0.94442,0.94465,1.00,1.00
2017.02.27 08:28:37.465,0.94443,0.94465,1.00,1.00
2017.02.27 08:28:38.372,0.94443,0.94464,1.00,1.00
2017.02.27 08:28:40.215,0.9444,0.94464,1.00,1.00
2017.02.27 08:28:40.415,0.94442,0.94464,1.00,1.00
2017.02.27 08:28:40.830,0.94439,0.94463,1.00,1.00
2017.02.27 08:28:40.927,0.94443,0.94463,1.00,1.00
2017.02.27 08:28:41.194,0.94439,0.94463,1.00,1.00
2017.02.27 08:28:41.415,0.94443,0.94463,1.00,1.00
2017.02.27 08:28:41.560,0.94439,0.94463,1.00,1.00
2017.02.27 08:28:41.614,0.94443,0.94463,1.00,1.00
2017.02.27 08:28:42.115,0.94439,0.94463,1.00,1.00
2017.02.27 08:28:42.360,0.94443,0.94463,1.00,1.00
2017.02.27 08:28:42.593,0.94439,0.94463,1.00,1.00
2017.02.27 08:28:42.718,0.94443,0.94463,1.00,1.00
2017.02.27 08:28:45.714,0.94439,0.94463,1.00,1.00
2017.02.27 08:28:46.413,0.9444,0.94464,1.00,1.00
2017.02.27 08:28:47.635,0.94439,0.94463,1.00,1.00
2017.02.27 08:28:47.686,0.94443,0.94463,1.00,1.00
2017.02.27 08:28:48.362,0.94443,0.94464,1.00,1.00
2017.02.27 08:28:48.544,0.94439,0.94464,1.00,1.00
2017.02.27 08:28:49.934,0.94439,0.94463,1.00,1.00
2017.02.27 08:28:50.767,0.9444,0.94464,1.00,1.00
2017.02.27 08:28:54.705,0.94439,0.94463,1.00,1.00
2017.02.27 08:28:55.255,0.94438,0.9446,1.50,1.00
2017.02.27 08:28:55.585,0.94442,0.9446,1.00,1.00
2017.02.27 08:28:56.345,0.94443,0.9446,1.00,1.00
2017.02.27 08:28:56.593,0.94438,0.9446,1.50,1.00
2017.02.27 08:28:59.708,0.94437,0.94459,1.00,1.00
2017.02.27 08:29:00.560,0.94438,0.94459,1.00,1.00
2017.02.27 08:29:02.216,0.94438,0.9446,1.50,1.00
2017.02.27 08:29:02.738,0.94438,0.94459,1.00,1.00
2017.02.27 08:29:03.245,0.94438,0.9446,1.50,1.00
2017.02.27 08:29:05.098,0.94439,0.94461,1.00,1.00
2017.02.27 08:29:05.715,0.94438,0.9446,1.00,1.00
2017.02.27 08:29:09.956,0.94437,0.94459,1.00,1.00
2017.02.27 08:29:10.474,0.94437,0.9446,1.00,1.00
2017.02.27 08:29:11.376,0.94438,0.9446,1.00,1.00
2017.02.27 08:29:11.527,0.94439,0.94463,1.00,1.00
2017.02.27 08:29:12.136,0.94443,0.94463,1.00,1.00
2017.02.27 08:29:12.394,0.94439,0.94463,1.00,1.00
2017.02.27 08:29:12.444,0.94442,0.94463,1.00,1.00
2017.02.27 08:29:12.990,0.94443,0.94462,1.00,1.00
2017.02.27 08:29:13.079,0.9444,0.94462,1.00,1.00
2017.02.27 08:29:13.129,0.94442,0.94462,1.00,1.00
2017.02.27 08:29:13.451,0.9444,0.94462,1.00,1.00
2017.02.27 08:29:15.728,0.94442,0.94462,1.00,1.00
2017.02.27 08:29:19.414,0.9444,0.94462,1.00,1.00
2017.02.27 08:29:20.357,0.94441,0.94463,1.00,1.00
2017.02.27 08:29:20.580,0.9444,0.94465,1.00,1.00
2017.02.27 08:29:21.359,0.9444,0.94464,1.00,1.00
2017.02.27 08:29:23.779,0.94438,0.94463,1.50,1.00
2017.02.27 08:29:24.737,0.94438,0.94462,1.50,1.00
2017.02.27 08:29:26.090,0.94438,0.9446,1.50,1.00
2017.02.27 08:29:26.889,0.94442,0.9446,1.00,1.00
2017.02.27 08:29:27.259,0.94438,0.9446,1.50,1.00
2017.02.27 08:29:27.446,0.9444,0.94462,1.00,1.00
2017.02.27 08:29:31.821,0.94439,0.94461,1.00,1.00
2017.02.27 08:29:32.993,0.94443,0.94461,1.00,1.00
2017.02.27 08:29:33.463,0.94439,0.94461,1.00,1.00
2017.02.27 08:29:36.103,0.9444,0.94462,1.00,1.00
2017.02.27 08:29:37.563,0.94443,0.94462,1.00,1.00
2017.02.27 08:29:37.695,0.9444,0.94462,1.00,1.00
2017.02.27 08:29:40.145,0.94439,0.94461,1.00,1.00
2017.02.27 08:29:42.059,0.94439,0.94463,1.00,1.00
2017.02.27 08:29:42.695,0.94443,0.94463,1.00,1.00
2017.02.27 08:29:45.380,0.94443,0.94465,1.00,1.00
2017.02.27 08:29:47.306,0.94443,0.94464,1.00,1.00
2017.02.27 08:29:48.514,0.94442,0.94464,1.00,1.00
2017.02.27 08:29:49.441,0.94443,0.94464,1.00,1.00
2017.02.27 08:29:50.315,0.94442,0.94465,1.00,1.00
2017.02.27 08:29:50.967,0.94442,0.94464,1.00,1.00
2017.02.27 08:29:51.986,0.94443,0.94465,1.00,1.00
2017.02.27 08:29:52.914,0.94442,0.94465,1.00,1.00
2017.02.27 08:29:53.599,0.94442,0.94464,1.00,1.00
2017.02.27 08:29:53.700,0.94438,0.94464,1.00,1.00
2017.02.27 08:29:55.209,0.94437,0.94464,1.00,1.00
2017.02.27 08:30:01.872,0.94437,0.94465,1.00,1.00
2017.02.27 08:30:02.216,0.94435,0.94465,1.00,1.00
2017.02.27 08:30:02.300,0.94437,0.94465,1.00,1.00
2017.02.27 08:30:02.715,0.94443,0.94465,1.00,1.00
2017.02.27 08:30:02.818,0.94437,0.94465,1.00,1.00
2017.02.27 08:30:02.917,0.94442,0.94465,1.00,1.00
2017.02.27 08:30:06.117,0.94438,0.94465,1.00,1.00
2017.02.27 08:30:06.364,0.94438,0.94462,1.00,1.00
2017.02.27 08:30:07.222,0.9444,0.94462,1.00,1.00
2017.02.27 08:30:07.655,0.94443,0.94462,1.00,1.00
2017.02.27 08:30:08.627,0.94443,0.94463,1.00,1.00
2017.02.27 08:30:09.717,0.94442,0.94462,1.00,1.00
2017.02.27 08:30:10.837,0.94443,0.94462,1.00,1.00
2017.02.27 08:30:11.110,0.94443,0.94464,1.00,1.00
2017.02.27 08:30:11.634,0.94442,0.94464,1.00,1.00
2017.02.27 08:30:16.867,0.94442,0.94462,1.00,1.00
2017.02.27 08:30:17.533,0.9444,0.94462,1.00,1.00
2017.02.27 08:30:20.503,0.9444,0.94463,1.00,1.00
2017.02.27 08:30:20.829,0.94438,0.94462,1.50,1.00
2017.02.27 08:30:22.190,0.94439,0.94463,1.00,1.00
2017.02.27 08:30:23.358,0.94443,0.94463,1.00,1.00
2017.02.27 08:30:23.616,0.94439,0.94463,1.00,1.00
2017.02.27 08:30:28.116,0.94442,0.94463,1.00,1.00
2017.02.27 08:30:29.316,0.94442,0.94461,1.00,1.00
2017.02.27 08:30:29.821,0.94439,0.94461,1.00,1.00
2017.02.27 08:30:30.316,0.94443,0.94461,1.00,1.00
2017.02.27 08:30:30.527,0.94439,0.94461,1.00,1.00
2017.02.27 08:30:30.897,0.94443,0.94461,1.00,1.00
2017.02.27 08:30:32.917,0.94439,0.94461,1.00,1.00
2017.02.27 08:30:35.795,0.94443,0.94461,1.00,1.00
2017.02.27 08:30:36.397,0.94439,0.94461,1.00,1.00
2017.02.27 08:30:36.894,0.94442,0.94461,1.00,1.00
2017.02.27 08:30:37.540,0.94443,0.94461,1.00,1.00
2017.02.27 08:30:38.033,0.94439,0.94461,1.00,1.00
2017.02.27 08:30:38.535,0.94438,0.94459,1.00,1.00
2017.02.27 08:30:38.636,0.94435,0.94459,1.00,1.00
2017.02.27 08:30:39.433,0.94434,0.94456,1.00,1.00
2017.02.27 08:30:39.773,0.94438,0.94455,1.00,1.00
2017.02.27 08:30:39.929,0.94433,0.94457,1.50,1.00
2017.02.27 08:30:40.130,0.94438,0.94456,1.00,1.00
2017.02.27 08:30:41.435,0.94433,0.94457,1.50,1.00
2017.02.27 08:30:42.449,0.94435,0.94457,1.00,1.00
2017.02.27 08:30:43.319,0.94434,0.94456,1.00,1.00
2017.02.27 08:30:47.428,0.94433,0.94455,1.00,1.00
2017.02.27 08:30:48.618,0.94438,0.94455,1.00,1.00
2017.02.27 08:30:50.539,0.94438,0.94454,1.00,1.00
2017.02.27 08:30:50.694,0.94432,0.94454,1.50,1.00
2017.02.27 08:30:50.831,0.94437,0.94454,1.00,1.00
2017.02.27 08:30:51.041,0.94437,0.94456,1.00,1.00
2017.02.27 08:30:56.818,0.94434,0.94456,1.00,1.00
2017.02.27 08:31:00.485,0.94433,0.94454,1.00,1.00
2017.02.27 08:31:01.279,0.94434,0.94456,1.00,1.00
2017.02.27 08:31:01.519,0.94432,0.94455,1.00,1.00
2017.02.27 08:31:01.570,0.94432,0.94453,1.00,1.00
2017.02.27 08:31:01.721,0.94427,0.94449,1.50,1.00
2017.02.27 08:31:01.771,0.94427,0.94447,1.00,1.00
2017.02.27 08:31:02.024,0.94422,0.94446,1.50,1.00
2017.02.27 08:31:02.381,0.94422,0.94441,1.00,1.00
2017.02.27 08:31:02.481,0.94419,0.94441,1.00,1.00
2017.02.27 08:31:02.869,0.94421,0.94443,1.00,1.00
2017.02.27 08:31:03.218,0.94422,0.94446,1.50,1.00
2017.02.27 08:31:03.705,0.94423,0.94441,1.00,1.00
2017.02.27 08:31:03.755,0.94417,0.94441,1.50,1.00
2017.02.27 08:31:04.083,0.9442,0.94442,1.00,1.00
2017.02.27 08:31:04.234,0.94417,0.94442,1.00,1.00
2017.02.27 08:31:04.396,0.94422,0.94442,1.00,1.00
2017.02.27 08:31:04.841,0.94422,0.9444,1.00,1.00
2017.02.27 08:31:04.891,0.94418,0.9444,1.00,1.00
2017.02.27 08:31:04.942,0.94416,0.9444,1.00,1.00
2017.02.27 08:31:05.189,0.94418,0.9444,1.00,1.00
2017.02.27 08:31:05.491,0.9442,0.94442,1.00,1.00
2017.02.27 08:31:05.894,0.94423,0.94441,1.00,1.00
2017.02.27 08:31:06.217,0.94419,0.94441,1.00,1.00
2017.02.27 08:31:17.488,0.94418,0.94441,1.00,1.00
2017.02.27 08:31:20.890,0.94419,0.94441,1.00,1.00
2017.02.27 08:31:20.941,0.94423,0.94444,1.00,1.00
2017.02.27 08:31:21.041,0.94419,0.94441,1.00,1.00
2017.02.27 08:31:21.846,0.94418,0.94439,1.00,1.00
2017.02.27 08:31:24.332,0.94417,0.94439,1.00,1.00
2017.02.27 08:31:25.916,0.94418,0.94439,1.00,1.00
2017.02.27 08:31:29.316,0.94417,0.94439,1.00,1.00
2017.02.27 08:31:30.275,0.94418,0.9444,1.00,1.00
2017.02.27 08:31:47.547,0.94419,0.94441,1.00,1.00
2017.02.27 08:31:47.953,0.94416,0.9444,1.00,1.00
2017.02.27 08:31:48.770,0.94417,0.9444,1.00,1.00
2017.02.27 08:31:51.160,0.94417,0.94439,1.00,1.00
2017.02.27 08:31:52.208,0.94418,0.9444,1.00,1.00
2017.02.27 08:32:01.701,0.94417,0.94439,1.50,1.00
2017.02.27 08:32:17.608,0.94417,0.94438,1.00,1.00
2017.02.27 08:32:19.572,0.94418,0.94438,1.00,1.00
2017.02.27 08:32:20.719,0.94418,0.9444,1.00,1.00
2017.02.27 08:32:21.818,0.94417,0.9444,1.00,1.00
2017.02.27 08:32:23.947,0.94418,0.9444,1.00,1.00
2017.02.27 08:32:24.516,0.94417,0.94441,1.50,1.00
2017.02.27 08:32:25.362,0.94419,0.94441,1.00,1.00
2017.02.27 08:32:25.412,0.94423,0.94447,1.00,1.00
2017.02.27 08:32:25.513,0.94421,0.94443,1.00,1.00
2017.02.27 08:32:25.830,0.94423,0.94445,1.50,1.00
2017.02.27 08:32:27.015,0.94424,0.94446,1.00,1.00
2017.02.27 08:32:27.417,0.94424,0.94448,1.00,1.00
2017.02.27 08:32:27.568,0.94428,0.9445,1.00,1.00
2017.02.27 08:32:27.949,0.9443,0.94452,1.00,1.00
2017.02.27 08:32:28.251,0.94428,0.9445,1.50,1.00
2017.02.27 08:32:31.112,0.94428,0.94452,1.50,1.00
2017.02.27 08:32:31.298,0.94432,0.94452,1.00,1.00
2017.02.27 08:32:31.818,0.94433,0.94452,1.00,1.00
2017.02.27 08:32:32.617,0.94432,0.94452,1.00,1.00
2017.02.27 08:32:36.250,0.94432,0.9445,1.00,1.00
2017.02.27 08:32:37.212,0.94432,0.94455,1.00,1.00
2017.02.27 08:32:37.724,0.94433,0.94455,1.00,1.00
2017.02.27 08:32:38.148,0.94433,0.94457,1.00,1.00
2017.02.27 08:32:38.672,0.94432,0.94456,1.50,1.00
2017.02.27 08:32:39.159,0.94433,0.94454,1.00,1.00
2017.02.27 08:32:39.746,0.94433,0.94455,1.50,1.00
2017.02.27 08:32:47.329,0.94433,0.94453,1.00,1.00
2017.02.27 08:32:47.820,0.94431,0.94453,1.00,1.00
2017.02.27 08:32:48.240,0.94433,0.94453,1.00,1.00
2017.02.27 08:32:48.340,0.94428,0.94453,1.00,1.00
2017.02.27 08:32:48.391,0.94431,0.94453,1.00,1.00
2017.02.27 08:32:48.703,0.94429,0.94451,1.00,1.00
2017.02.27 08:32:49.489,0.94428,0.94451,1.00,1.00
2017.02.27 08:32:51.313,0.94427,0.94451,1.00,1.00
2017.02.27 08:32:51.662,0.94432,0.94451,1.00,1.00
2017.02.27 08:32:51.763,0.94427,0.9445,1.00,1.00
2017.02.27 08:32:52.311,0.94427,0.94449,1.00,1.00
2017.02.27 08:32:52.817,0.94426,0.94448,1.00,1.00
2017.02.27 08:32:54.977,0.94428,0.9445,1.00,1.00
2017.02.27 08:32:55.294,0.94426,0.94447,1.00,1.00
2017.02.27 08:32:56.036,0.94426,0.94448,1.00,1.00
2017.02.27 08:32:56.596,0.94424,0.94446,1.00,1.00
2017.02.27 08:32:56.647,0.94422,0.94446,1.00,1.00
2017.02.27 08:32:56.848,0.94424,0.94446,1.00,1.00
2017.02.27 08:32:57.380,0.94423,0.94445,1.00,1.00
2017.02.27 08:32:57.430,0.94421,0.94445,1.00,1.00
2017.02.27 08:32:58.427,0.94423,0.94445,1.00,1.00
2017.02.27 08:32:58.528,0.9442,0.94444,1.00,1.00
2017.02.27 08:32:58.897,0.94422,0.94445,1.00,1.00
2017.02.27 08:32:58.948,0.94419,0.94444,1.00,1.00
2017.02.27 08:32:59.515,0.94419,0.94441,1.00,1.00
2017.02.27 08:33:00.092,0.94418,0.94442,1.50,1.00
2017.02.27 08:33:00.397,0.94422,0.94445,1.00,1.00
2017.02.27 08:33:00.699,0.9442,0.94443,1.00,1.00
2017.02.27 08:33:01.236,0.9442,0.94444,1.00,1.00
2017.02.27 08:33:01.442,0.94418,0.94443,1.00,1.00
2017.02.27 08:33:02.096,0.94419,0.94444,1.00,1.00
2017.02.27 08:33:02.266,0.94422,0.94444,1.00,1.00
2017.02.27 08:33:02.864,0.94423,0.94442,1.00,1.00
2017.02.27 08:33:02.916,0.94419,0.94442,1.00,1.00
2017.02.27 08:33:03.339,0.94422,0.94445,1.00,1.00
2017.02.27 08:33:03.561,0.94419,0.94445,1.00,1.00
2017.02.27 08:33:04.146,0.94421,0.94444,1.00,1.00
2017.02.27 08:33:04.462,0.94421,0.94446,1.00,1.00
2017.02.27 08:33:04.629,0.94423,0.94445,1.00,1.00
2017.02.27 08:33:04.730,0.9442,0.94445,1.00,1.00
2017.02.27 08:33:05.723,0.94421,0.94444,1.00,1.00
2017.02.27 08:33:06.310,0.94421,0.94447,1.00,1.00
2017.02.27 08:33:07.208,0.94421,0.94446,1.00,1.00
2017.02.27 08:33:07.596,0.94423,0.94446,1.00,1.00
2017.02.27 08:33:07.961,0.94421,0.94445,1.00,1.00
2017.02.27 08:33:08.296,0.94423,0.94445,1.00,1.00
2017.02.27 08:33:09.616,0.94421,0.94445,1.00,1.00
2017.02.27 08:33:10.161,0.94422,0.94444,1.00,1.00
2017.02.27 08:33:10.996,0.94423,0.94444,1.00,1.00
2017.02.27 08:33:11.149,0.94422,0.94442,1.00,1.00
2017.02.27 08:33:11.361,0.9442,0.94442,1.00,1.00
2017.02.27 08:33:11.795,0.94423,0.94442,1.00,1.00
2017.02.27 08:33:12.061,0.9442,0.94442,1.00,1.00
2017.02.27 08:33:12.611,0.94421,0.94443,1.00,1.00
2017.02.27 08:33:12.662,0.94423,0.94445,1.00,1.00
2017.02.27 08:33:12.763,0.94423,0.94447,1.00,1.00
2017.02.27 08:33:12.914,0.94423,0.94445,1.00,1.00
2017.02.27 08:33:13.346,0.94421,0.94444,1.00,1.00
2017.02.27 08:33:13.469,0.94423,0.94446,1.50,1.00
2017.02.27 08:33:13.570,0.94419,0.94445,1.00,1.00
2017.02.27 08:33:13.620,0.94427,0.94445,1.00,1.00
2017.02.27 08:33:13.721,0.94418,0.94443,1.00,1.00
2017.02.27 08:33:13.794,0.94417,0.9444,1.00,1.00
2017.02.27 08:33:14.719,0.94418,0.94441,1.00,1.00
2017.02.27 08:33:15.419,0.94417,0.9444,1.00,1.00
2017.02.27 08:33:16.321,0.94417,0.94439,1.00,1.00
2017.02.27 08:33:16.703,0.94417,0.94441,1.50,1.00
2017.02.27 08:33:18.207,0.94418,0.94441,1.00,1.00
2017.02.27 08:33:19.183,0.94417,0.94441,1.50,1.00
2017.02.27 08:33:19.850,0.94418,0.94441,1.00,1.00
2017.02.27 08:33:20.399,0.94418,0.94442,1.50,1.00
2017.02.27 08:33:21.009,0.94419,0.94441,1.00,1.00
2017.02.27 08:33:21.395,0.9442,0.94443,1.00,1.00
2017.02.27 08:33:21.446,0.94422,0.94445,1.00,1.00
2017.02.27 08:33:22.145,0.94421,0.94445,1.00,1.00
2017.02.27 08:33:22.672,0.9442,0.94446,1.00,1.00
2017.02.27 08:33:23.039,0.94422,0.94446,1.00,1.00
2017.02.27 08:33:23.432,0.94422,0.94444,1.50,1.00
2017.02.27 08:33:23.833,0.94422,0.94442,1.00,1.00
2017.02.27 08:33:24.065,0.94418,0.94444,1.00,1.00
2017.02.27 08:33:24.216,0.94427,0.94449,1.00,1.00
2017.02.27 08:33:24.267,0.94427,0.94451,1.00,1.50
2017.02.27 08:33:24.694,0.94437,0.94451,1.00,1.00
2017.02.27 08:33:25.160,0.94433,0.94451,1.00,1.00
2017.02.27 08:33:25.773,0.94433,0.9445,1.00,1.00
2017.02.27 08:33:28.162,0.94427,0.9445,1.00,1.00
2017.02.27 08:33:28.377,0.94428,0.94448,1.00,1.00
2017.02.27 08:33:28.427,0.94424,0.94448,1.00,1.00
2017.02.27 08:33:31.078,0.94425,0.94447,1.00,1.00
2017.02.27 08:33:34.916,0.94428,0.94447,1.00,1.00
2017.02.27 08:33:35.392,0.94428,0.94449,1.00,1.00
2017.02.27 08:33:35.916,0.94433,0.94449,1.00,1.00
2017.02.27 08:33:36.067,0.94424,0.94446,1.00,1.00
2017.02.27 08:33:36.744,0.94422,0.94446,1.50,1.00
2017.02.27 08:33:37.044,0.94424,0.94448,1.00,1.00
2017.02.27 08:33:38.318,0.94433,0.94448,1.00,1.00
2017.02.27 08:33:40.385,0.94428,0.94448,1.00,1.00
2017.02.27 08:33:40.559,0.94426,0.94448,1.00,1.00
2017.02.27 08:33:40.660,0.94432,0.94448,1.00,1.00
2017.02.27 08:33:41.317,0.94433,0.94448,1.00,1.00
2017.02.27 08:33:41.851,0.94432,0.94447,1.00,1.00
2017.02.27 08:33:44.164,0.94433,0.94447,1.00,1.00
2017.02.27 08:33:45.421,0.94428,0.94447,1.00,1.00
2017.02.27 08:33:45.942,0.94427,0.94447,1.00,1.00
2017.02.27 08:33:46.547,0.94428,0.94447,1.00,1.00
2017.02.27 08:33:46.975,0.94428,0.94449,1.00,1.00
2017.02.27 08:33:47.025,0.94432,0.94449,1.00,1.00
2017.02.27 08:33:47.076,0.94432,0.94451,1.00,1.00
2017.02.27 08:33:47.317,0.9443,0.94452,1.00,1.00
2017.02.27 08:33:47.367,0.94438,0.94452,1.00,1.00
2017.02.27 08:33:47.418,0.94433,0.94452,1.00,1.00
2017.02.27 08:33:47.518,0.9443,0.94452,1.00,1.00
2017.02.27 08:33:47.669,0.94438,0.94452,1.00,1.00
2017.02.27 08:33:48.425,0.94437,0.94452,1.00,1.00
2017.02.27 08:33:48.717,0.94433,0.94452,1.00,1.00
2017.02.27 08:33:48.995,0.94437,0.94452,1.00,1.00
2017.02.27 08:33:49.046,0.94433,0.94454,1.00,1.00
2017.02.27 08:33:49.297,0.94437,0.94455,1.00,1.00
2017.02.27 08:33:49.348,0.94433,0.94455,1.00,1.00
2017.02.27 08:33:49.549,0.94437,0.94455,1.00,1.00
2017.02.27 08:33:49.855,0.94437,0.94453,1.00,1.00
2017.02.27 08:33:50.062,0.94432,0.94453,1.00,1.00
2017.02.27 08:33:50.165,0.94432,0.94455,1.00,1.00
2017.02.27 08:33:50.467,0.94437,0.94456,1.00,1.00
2017.02.27 08:33:50.632,0.94434,0.94458,1.00,1.50
2017.02.27 08:33:51.177,0.94433,0.94457,1.00,1.00
2017.02.27 08:33:51.563,0.94438,0.94457,1.00,1.00
2017.02.27 08:33:51.797,0.94433,0.94457,1.00,1.00
2017.02.27 08:33:52.803,0.94433,0.94459,1.50,1.00
2017.02.27 08:33:53.005,0.94437,0.94456,1.00,1.00
2017.02.27 08:33:53.230,0.94437,0.94458,1.00,1.00
2017.02.27 08:33:53.286,0.94434,0.94458,1.00,1.00
2017.02.27 08:33:53.938,0.94433,0.94457,1.00,1.00
2017.02.27 08:33:54.203,0.94435,0.94458,1.00,1.00
2017.02.27 08:33:54.412,0.94433,0.94458,1.00,1.00
2017.02.27 08:33:54.722,0.94432,0.94456,1.50,1.00
2017.02.27 08:33:55.024,0.94428,0.94452,1.50,1.00
2017.02.27 08:33:55.329,0.94433,0.94452,1.00,1.00
2017.02.27 08:33:55.430,0.94428,0.94452,1.50,1.00
2017.02.27 08:33:55.959,0.94428,0.94451,1.00,1.00
2017.02.27 08:33:57.462,0.94427,0.94451,1.00,1.00
2017.02.27 08:33:57.721,0.94433,0.9445,1.00,1.00
2017.02.27 08:33:57.923,0.94426,0.94451,1.00,1.00
2017.02.27 08:33:57.987,0.94429,0.94452,1.00,1.00
2017.02.27 08:33:59.028,0.94428,0.94454,1.00,1.00
2017.02.27 08:33:59.621,0.94432,0.94455,1.00,1.00
2017.02.27 08:33:59.729,0.94433,0.94458,1.00,1.00
2017.02.27 08:33:59.829,0.94432,0.94456,1.00,1.00
2017.02.27 08:34:00.103,0.94428,0.94454,1.50,1.00
2017.02.27 08:34:00.153,0.94438,0.94454,1.00,1.00
2017.02.27 08:34:00.205,0.94433,0.94454,1.00,1.00
2017.02.27 08:34:00.255,0.94433,0.94451,1.00,1.00
2017.02.27 08:34:01.542,0.94428,0.94451,1.00,1.00
2017.02.27 08:34:01.748,0.94427,0.94449,1.00,1.00
2017.02.27 08:34:01.919,0.94423,0.94449,1.00,1.00
2017.02.27 08:34:02.017,0.94432,0.94449,1.00,1.00
2017.02.27 08:34:02.717,0.94432,0.9445,1.00,1.00
2017.02.27 08:34:03.219,0.94433,0.9445,1.00,1.00
2017.02.27 08:34:03.450,0.94423,0.94448,1.00,1.00
2017.02.27 08:34:03.919,0.94425,0.94448,1.00,1.00
2017.02.27 08:34:04.785,0.94425,0.94447,1.00,1.00
2017.02.27 08:34:06.629,0.94424,0.94446,1.00,1.00
2017.02.27 08:34:08.609,0.94423,0.94445,1.50,1.00
2017.02.27 08:34:10.985,0.94424,0.94448,1.00,1.00
2017.02.27 08:34:11.714,0.94422,0.94446,1.50,1.00
2017.02.27 08:34:13.118,0.94423,0.94446,1.00,1.00
2017.02.27 08:34:15.280,0.94423,0.94447,1.50,1.00
2017.02.27 08:34:16.990,0.94422,0.94446,1.50,1.00
2017.02.27 08:34:17.670,0.94423,0.94445,1.00,1.00
2017.02.27 08:34:22.195,0.94424,0.94446,1.00,1.00
2017.02.27 08:34:23.384,0.94426,0.94448,1.00,1.00
2017.02.27 08:34:26.343,0.94424,0.94448,1.00,1.00
2017.02.27 08:34:26.444,0.94427,0.94448,1.00,1.00
2017.02.27 08:34:26.947,0.94427,0.94449,1.00,1.00
2017.02.27 08:34:27.556,0.94428,0.94447,1.00,1.00
2017.02.27 08:34:28.133,0.94427,0.94447,1.00,1.00
2017.02.27 08:34:28.264,0.94424,0.9445,1.00,1.00
2017.02.27 08:34:28.314,0.94431,0.94453,1.00,1.50
2017.02.27 08:34:28.887,0.9443,0.94453,1.00,1.00
2017.02.27 08:34:29.191,0.94432,0.94453,1.00,1.00
2017.02.27 08:34:29.799,0.94432,0.94452,1.00,1.00
2017.02.27 08:34:30.300,0.94433,0.94454,1.00,1.00
2017.02.27 08:34:31.008,0.94432,0.94454,1.50,1.00
2017.02.27 08:34:31.159,0.94434,0.94456,1.00,1.00
2017.02.27 08:34:31.258,0.94435,0.94458,1.00,1.00
2017.02.27 08:34:31.567,0.94437,0.94459,1.00,1.00
2017.02.27 08:34:31.617,0.94435,0.94459,1.00,1.00
2017.02.27 08:34:31.668,0.94438,0.94461,1.00,1.00
2017.02.27 08:34:32.199,0.94439,0.94462,1.00,1.00
2017.02.27 08:34:32.601,0.94435,0.94461,1.00,1.00
2017.02.27 08:34:32.930,0.94437,0.94458,1.00,1.00
2017.02.27 08:34:35.379,0.94437,0.94457,1.00,1.00
2017.02.27 08:34:36.128,0.94442,0.94457,1.00,1.00
2017.02.27 08:34:36.178,0.94442,0.94459,1.00,1.00
2017.02.27 08:34:36.428,0.94437,0.94457,1.00,1.00
2017.02.27 08:34:36.878,0.94437,0.94454,1.00,1.00
2017.02.27 08:34:36.928,0.94433,0.94454,1.00,1.00
2017.02.27 08:34:37.198,0.94437,0.94456,1.00,1.00
2017.02.27 08:34:37.615,0.94433,0.94456,1.00,1.00
2017.02.27 08:34:37.852,0.94434,0.94458,1.00,1.00
2017.02.27 08:34:37.952,0.94438,0.9446,1.00,1.00
2017.02.27 08:34:38.104,0.94438,0.94464,1.50,1.00
2017.02.27 08:34:38.784,0.9444,0.94465,1.00,1.00
2017.02.27 08:34:39.132,0.94442,0.94465,1.00,1.00
2017.02.27 08:34:39.754,0.94443,0.94466,1.00,1.00
2017.02.27 08:34:42.006,0.94443,0.94465,1.00,1.00
2017.02.27 08:34:42.328,0.94448,0.94467,1.00,1.00
2017.02.27 08:34:43.113,0.94448,0.94465,1.00,1.00
2017.02.27 08:34:44.461,0.94443,0.94465,1.50,1.00
2017.02.27 08:34:44.713,0.94442,0.94463,1.00,1.00
2017.02.27 08:34:45.063,0.94439,0.94463,1.00,1.00
2017.02.27 08:34:45.353,0.94439,0.94461,1.00,1.00
2017.02.27 08:34:45.866,0.94438,0.9446,1.00,1.00
2017.02.27 08:34:47.907,0.94437,0.9446,1.00,1.00
2017.02.27 08:34:48.661,0.94438,0.9446,1.00,1.00
2017.02.27 08:34:48.895,0.94436,0.9446,1.00,1.00
2017.02.27 08:34:49.414,0.94437,0.94461,1.00,1.00
2017.02.27 08:34:49.615,0.94443,0.94461,1.00,1.00
2017.02.27 08:34:50.416,0.94438,0.94461,1.00,1.00
2017.02.27 08:34:51.916,0.94443,0.94461,1.00,1.00
2017.02.27 08:34:53.357,0.94438,0.94461,1.00,1.00
2017.02.27 08:34:53.590,0.94438,0.94459,1.00,1.00
2017.02.27 08:34:53.916,0.94438,0.94457,1.00,1.00
2017.02.27 08:34:54.131,0.94435,0.94457,1.00,1.00
2017.02.27 08:34:57.561,0.94437,0.94459,1.00,1.00
2017.02.27 08:34:57.611,0.94439,0.94463,1.00,1.00
2017.02.27 08:34:57.712,0.94441,0.94463,1.00,1.00
2017.02.27 08:34:57.813,0.94438,0.94462,1.50,1.00
2017.02.27 08:34:58.416,0.94442,0.94462,1.00,1.00
2017.02.27 08:34:58.514,0.94438,0.94462,1.50,1.00
2017.02.27 08:34:58.615,0.94438,0.9446,1.50,1.00
2017.02.27 08:34:59.692,0.94448,0.9446,1.00,1.00
2017.02.27 08:35:00.403,0.94443,0.9446,1.00,1.00
2017.02.27 08:35:00.554,0.94438,0.9446,1.50,1.00
2017.02.27 08:35:02.283,0.94438,0.94461,1.50,1.00
2017.02.27 08:35:02.537,0.94442,0.94462,1.00,1.00
2017.02.27 08:35:02.792,0.94438,0.94462,1.00,1.00
2017.02.27 08:35:03.440,0.94438,0.9446,1.50,1.00
2017.02.27 08:35:03.941,0.94439,0.94461,1.00,1.00
2017.02.27 08:35:04.445,0.94438,0.94461,1.00,1.00
2017.02.27 08:35:04.961,0.94438,0.9446,1.00,1.00
2017.02.27 08:35:05.563,0.94438,0.94459,1.00,1.00
2017.02.27 08:35:06.587,0.94438,0.94457,1.00,1.00
2017.02.27 08:35:12.922,0.94438,0.94458,1.00,1.00
2017.02.27 08:35:14.610,0.94438,0.94456,1.00,1.00
2017.02.27 08:35:14.957,0.94437,0.94458,1.00,1.00
2017.02.27 08:35:16.258,0.94437,0.94459,1.50,1.00
2017.02.27 08:35:16.409,0.94443,0.94462,1.00,1.00
2017.02.27 08:35:16.460,0.9444,0.94462,1.00,1.00
2017.02.27 08:35:16.890,0.94442,0.94463,1.00,1.00
2017.02.27 08:35:17.041,0.94437,0.9446,1.00,1.00
2017.02.27 08:35:17.092,0.94439,0.94462,1.00,1.00
2017.02.27 08:35:17.533,0.94443,0.94461,1.00,1.00
2017.02.27 08:35:17.634,0.94438,0.94461,1.00,1.00
2017.02.27 08:35:17.850,0.9444,0.94462,1.00,1.00
2017.02.27 08:35:18.516,0.94442,0.94462,1.00,1.00
2017.02.27 08:35:18.863,0.9444,0.94462,1.00,1.00
2017.02.27 08:35:19.848,0.94443,0.94462,1.00,1.00
2017.02.27 08:35:20.017,0.9444,0.94462,1.00,1.00
2017.02.27 08:35:23.637,0.94439,0.94461,1.00,1.00
2017.02.27 08:35:25.717,0.94443,0.94461,1.00,1.00
2017.02.27 08:35:27.077,0.94443,0.94462,1.00,1.00
2017.02.27 08:35:27.583,0.94443,0.9446,1.00,1.00
2017.02.27 08:35:27.634,0.94438,0.9446,1.50,1.00
2017.02.27 08:35:28.312,0.94438,0.94459,1.00,1.00
2017.02.27 08:35:30.601,0.94437,0.94459,1.50,1.00
2017.02.27 08:35:31.300,0.94438,0.94459,1.00,1.00
2017.02.27 08:35:31.976,0.94438,0.9446,1.50,1.00
2017.02.27 08:35:33.062,0.94438,0.94459,1.00,1.00
2017.02.27 08:35:33.757,0.94438,0.94458,1.00,1.00
2017.02.27 08:35:34.029,0.94438,0.9446,1.00,1.00
2017.02.27 08:35:35.987,0.94438,0.94458,1.00,1.00
2017.02.27 08:35:36.544,0.94442,0.94458,1.00,1.00
2017.02.27 08:35:36.732,0.94438,0.94458,1.00,1.00
2017.02.27 08:35:37.476,0.94438,0.94457,1.00,1.00
2017.02.27 08:35:37.963,0.94435,0.94457,1.00,1.00
2017.02.27 08:35:38.187,0.94433,0.94457,1.00,1.00
2017.02.27 08:35:43.433,0.94433,0.94454,1.00,1.00
2017.02.27 08:35:44.095,0.94432,0.94454,1.00,1.00
2017.02.27 08:35:45.316,0.94433,0.94454,1.00,1.00
2017.02.27 08:35:45.775,0.94438,0.94454,1.00,1.00
2017.02.27 08:35:45.826,0.94432,0.94454,1.00,1.00
2017.02.27 08:35:45.876,0.94438,0.94454,1.00,1.00
2017.02.27 08:35:45.927,0.94433,0.94455,1.50,1.00
2017.02.27 08:35:46.028,0.94435,0.94457,1.00,1.00
2017.02.27 08:35:46.343,0.94438,0.94456,1.00,1.00
2017.02.27 08:35:46.444,0.94434,0.94456,1.00,1.00
2017.02.27 08:35:46.494,0.94438,0.94457,1.00,1.00
2017.02.27 08:35:46.545,0.94435,0.94457,1.00,1.00
2017.02.27 08:35:46.646,0.94438,0.94457,1.00,1.00
2017.02.27 08:35:51.517,0.94435,0.94457,1.00,1.00
2017.02.27 08:35:52.704,0.94435,0.94459,1.00,1.00
2017.02.27 08:35:52.755,0.94438,0.94459,1.00,1.00
2017.02.27 08:35:53.209,0.94438,0.94462,1.50,1.00
2017.02.27 08:35:53.260,0.9444,0.94462,1.00,1.00
2017.02.27 08:35:53.615,0.94442,0.94462,1.00,1.00
2017.02.27 08:35:54.222,0.94442,0.94463,1.00,1.00
2017.02.27 08:35:54.847,0.94442,0.94461,1.00,1.00
2017.02.27 08:35:55.398,0.94443,0.94461,1.00,1.00
2017.02.27 08:35:55.939,0.94443,0.94462,1.00,1.00
2017.02.27 08:35:56.579,0.94443,0.9446,1.00,1.00
2017.02.27 08:36:01.674,0.94443,0.94462,1.00,1.00
2017.02.27 08:36:01.725,0.94438,0.94462,1.50,1.00
2017.02.27 08:36:01.826,0.94443,0.94462,1.00,1.00
2017.02.27 08:36:02.670,0.94443,0.94461,1.00,1.00
2017.02.27 08:36:03.672,0.94443,0.94462,1.00,1.00
2017.02.27 08:36:04.617,0.94439,0.94462,1.00,1.00
2017.02.27 08:36:04.916,0.94443,0.94462,1.00,1.00
2017.02.27 08:36:05.390,0.94439,0.94462,1.00,1.00
2017.02.27 08:36:06.169,0.94438,0.94462,1.50,1.00
2017.02.27 08:36:06.671,0.94438,0.94461,1.00,1.00
2017.02.27 08:36:08.960,0.94438,0.9446,1.00,1.00
2017.02.27 08:36:09.085,0.94438,0.94458,1.00,1.00
2017.02.27 08:36:09.898,0.94438,0.94457,1.00,1.00
2017.02.27 08:36:16.147,0.94438,0.94456,1.00,1.00
2017.02.27 08:36:16.197,0.94438,0.94458,1.00,1.00
2017.02.27 08:36:16.298,0.94438,0.9446,1.00,1.00
2017.02.27 08:36:16.967,0.94437,0.9446,1.00,1.00
2017.02.27 08:36:18.726,0.94438,0.9446,1.00,1.00
2017.02.27 08:36:18.796,0.94442,0.9446,1.00,1.00
2017.02.27 08:36:18.847,0.94443,0.94462,1.00,1.00
2017.02.27 08:36:19.617,0.94442,0.94462,1.00,1.00
2017.02.27 08:36:19.690,0.94442,0.9446,1.00,1.00
2017.02.27 08:36:20.229,0.94438,0.94459,1.00,1.00
2017.02.27 08:36:20.928,0.94437,0.94459,1.00,1.00
2017.02.27 08:36:21.695,0.94437,0.94458,1.00,1.00
2017.02.27 08:36:22.553,0.94437,0.94459,1.50,1.00
2017.02.27 08:36:22.742,0.94437,0.94461,1.50,1.00
2017.02.27 08:36:23.561,0.94438,0.94461,1.00,1.00
2017.02.27 08:36:24.144,0.94438,0.9446,1.00,1.00
2017.02.27 08:36:27.117,0.94438,0.94459,1.00,1.00
2017.02.27 08:36:27.167,0.94442,0.94459,1.00,1.00
2017.02.27 08:36:27.421,0.94437,0.94459,1.00,1.00
2017.02.27 08:36:27.565,0.94442,0.94459,1.00,1.00
2017.02.27 08:36:27.912,0.94442,0.94457,1.00,1.00
2017.02.27 08:36:28.416,0.94438,0.94457,1.00,1.00
2017.02.27 08:36:30.673,0.94437,0.94457,1.00,1.00
2017.02.27 08:36:31.396,0.94437,0.94459,1.50,1.00
2017.02.27 08:36:31.504,0.94437,0.94461,1.50,1.00
2017.02.27 08:36:31.925,0.94437,0.94465,1.00,1.00
2017.02.27 08:36:32.505,0.94437,0.94458,1.00,1.00
2017.02.27 08:36:33.924,0.94438,0.94458,1.00,1.00
2017.02.27 08:36:37.230,0.94443,0.94458,1.00,1.00
2017.02.27 08:36:37.879,0.94443,0.94459,1.00,1.00
2017.02.27 08:36:38.042,0.94438,0.94459,1.00,1.00
2017.02.27 08:36:39.217,0.94443,0.94459,1.00,1.00
2017.02.27 08:36:39.417,0.94437,0.94459,1.00,1.00
2017.02.27 08:36:40.017,0.94443,0.94459,1.00,1.00
2017.02.27 08:36:41.738,0.94437,0.94459,1.00,1.00
2017.02.27 08:36:42.016,0.94443,0.94459,1.00,1.00
2017.02.27 08:36:44.325,0.94437,0.94459,1.00,1.00
2017.02.27 08:36:45.519,0.94442,0.94459,1.00,1.00
2017.02.27 08:36:45.741,0.94438,0.94457,1.00,1.00
2017.02.27 08:36:45.792,0.94438,0.94459,1.00,1.00
2017.02.27 08:36:45.943,0.94434,0.94458,1.00,1.00
2017.02.27 08:36:46.044,0.94437,0.94458,1.00,1.00
2017.02.27 08:36:46.594,0.94437,0.94459,1.50,1.00
2017.02.27 08:36:47.194,0.94438,0.94458,1.00,1.00
2017.02.27 08:36:47.320,0.94436,0.94458,1.00,1.00
2017.02.27 08:36:47.417,0.94438,0.94458,1.00,1.00
2017.02.27 08:36:48.176,0.94438,0.94457,1.00,1.00
2017.02.27 08:36:48.227,0.94435,0.94457,1.00,1.00
2017.02.27 08:36:48.328,0.94433,0.94457,1.00,1.00
2017.02.27 08:36:49.149,0.94434,0.94458,1.00,1.00
2017.02.27 08:36:49.663,0.94434,0.94456,1.00,1.00
2017.02.27 08:36:51.743,0.94433,0.94455,1.00,1.00
2017.02.27 08:36:53.345,0.94438,0.94455,1.00,1.00
2017.02.27 08:36:53.395,0.94438,0.94458,1.00,1.00
2017.02.27 08:36:54.177,0.94438,0.94456,1.00,1.00
2017.02.27 08:36:54.228,0.94432,0.94456,1.00,1.00
2017.02.27 08:36:54.329,0.94433,0.94454,1.00,1.00
2017.02.27 08:36:54.762,0.94429,0.94453,1.00,1.00
2017.02.27 08:36:55.469,0.94431,0.94454,1.00,1.00
2017.02.27 08:36:55.840,0.94428,0.94454,1.00,1.00
2017.02.27 08:36:56.057,0.9443,0.94455,1.00,1.00
2017.02.27 08:36:56.411,0.94432,0.94455,1.00,1.00
2017.02.27 08:36:56.462,0.9443,0.94455,1.00,1.00
2017.02.27 08:36:56.610,0.94426,0.9445,1.00,1.00
2017.02.27 08:36:56.913,0.94428,0.9445,1.00,1.00
2017.02.27 08:36:57.167,0.94428,0.94452,1.00,1.00
2017.02.27 08:36:57.335,0.94426,0.94452,1.00,1.00
2017.02.27 08:36:57.603,0.94428,0.94452,1.00,1.00
2017.02.27 08:36:57.972,0.94428,0.94454,1.00,1.00
2017.02.27 08:36:58.604,0.94428,0.94452,1.50,1.00
2017.02.27 08:37:00.234,0.94433,0.94452,1.00,1.00
2017.02.27 08:37:00.436,0.94428,0.94451,1.00,1.00
2017.02.27 08:37:00.563,0.94425,0.94451,1.00,1.00
2017.02.27 08:37:00.613,0.94427,0.94451,1.00,1.00
2017.02.27 08:37:01.147,0.94428,0.94452,1.00,1.00
2017.02.27 08:37:02.102,0.94429,0.94451,1.00,1.00
2017.02.27 08:37:03.177,0.94429,0.94452,1.00,1.00
2017.02.27 08:37:03.879,0.94429,0.94454,1.00,1.00
2017.02.27 08:37:04.042,0.94432,0.94454,1.00,1.00
2017.02.27 08:37:04.261,0.94429,0.94454,1.00,1.00
2017.02.27 08:37:04.496,0.94433,0.94454,1.00,1.00
2017.02.27 08:37:04.717,0.94429,0.94454,1.00,1.00
2017.02.27 08:37:04.837,0.94431,0.94453,1.00,1.00
2017.02.27 08:37:06.837,0.9443,0.94452,1.00,1.00
2017.02.27 08:37:07.963,0.94433,0.94452,1.00,1.00
2017.02.27 08:37:08.179,0.94433,0.94454,1.00,1.00
2017.02.27 08:37:08.357,0.94433,0.94457,1.00,1.50
2017.02.27 08:37:08.517,0.94438,0.94457,1.00,1.00
2017.02.27 08:37:08.617,0.94433,0.94457,1.50,1.00
2017.02.27 08:37:08.896,0.94438,0.94457,1.00,1.00
2017.02.27 08:37:09.216,0.94433,0.94456,1.50,1.00
2017.02.27 08:37:09.266,0.94433,0.94453,1.00,1.00
2017.02.27 08:37:09.317,0.94433,0.94455,1.00,1.00
2017.02.27 08:37:09.863,0.94433,0.94454,1.00,1.00
2017.02.27 08:37:09.964,0.9443,0.94454,1.00,1.00
2017.02.27 08:37:10.529,0.94429,0.94453,1.00,1.00
2017.02.27 08:37:11.130,0.94428,0.94453,1.00,1.00
2017.02.27 08:37:12.713,0.94429,0.94452,1.00,1.00
2017.02.27 08:37:15.295,0.94432,0.94452,1.00,1.00
2017.02.27 08:37:17.706,0.94432,0.94451,1.00,1.00
2017.02.27 08:37:19.579,0.94432,0.94452,1.00,1.00
2017.02.27 08:37:19.629,0.94427,0.94452,1.00,1.00
2017.02.27 08:37:20.169,0.94429,0.94451,1.00,1.00
2017.02.27 08:37:21.171,0.94429,0.94452,1.00,1.00
2017.02.27 08:37:21.896,0.94427,0.94452,1.50,1.00
2017.02.27 08:37:25.166,0.94429,0.94452,1.00,1.00
2017.02.27 08:37:25.628,0.94433,0.94452,1.00,1.00
2017.02.27 08:37:25.739,0.9443,0.94452,1.00,1.00
2017.02.27 08:37:26.105,0.94433,0.94452,1.00,1.00
2017.02.27 08:37:26.515,0.94431,0.94453,1.00,1.00
2017.02.27 08:37:26.667,0.94429,0.94453,1.00,1.00
2017.02.27 08:37:26.768,0.94432,0.94453,1.00,1.00
2017.02.27 08:37:27.033,0.94434,0.94459,1.00,1.50
2017.02.27 08:37:27.084,0.94438,0.94459,1.00,1.00
2017.02.27 08:37:27.409,0.94443,0.94457,1.00,1.00
2017.02.27 08:37:27.459,0.94437,0.94457,1.00,1.00
2017.02.27 08:37:27.611,0.94443,0.94457,1.00,1.00
2017.02.27 08:37:27.661,0.94443,0.9446,1.00,1.00
2017.02.27 08:37:27.762,0.94438,0.9446,1.50,1.00
2017.02.27 08:37:28.016,0.94443,0.9446,1.00,1.00
2017.02.27 08:37:28.066,0.94443,0.94462,1.00,1.00
2017.02.27 08:37:28.674,0.94443,0.94461,1.00,1.00
2017.02.27 08:37:29.809,0.94443,0.9446,1.00,1.00
2017.02.27 08:37:30.314,0.94442,0.9446,1.00,1.00
2017.02.27 08:37:31.454,0.94438,0.94459,1.00,1.00
2017.02.27 08:37:33.666,0.94438,0.9446,1.00,1.00
2017.02.27 08:37:34.294,0.94438,0.94461,1.00,1.00
2017.02.27 08:37:34.445,0.94443,0.9446,1.00,1.00
2017.02.27 08:37:34.963,0.94443,0.94459,1.00,1.00
2017.02.27 08:37:35.064,0.94438,0.9446,1.50,1.00
2017.02.27 08:37:35.165,0.94438,0.94462,1.50,1.00
2017.02.27 08:37:35.768,0.94438,0.94461,1.00,1.00
2017.02.27 08:37:36.302,0.94437,0.94461,1.50,1.00
2017.02.27 08:37:36.523,0.94442,0.94461,1.00,1.00
2017.02.27 08:37:36.827,0.94438,0.94461,1.00,1.00
2017.02.27 08:37:37.366,0.94438,0.9446,1.00,1.00
2017.02.27 08:37:37.887,0.94438,0.94461,1.00,1.00
2017.02.27 08:37:38.139,0.94439,0.94463,1.00,1.00
2017.02.27 08:37:38.357,0.94438,0.94461,1.00,1.00
2017.02.27 08:37:38.955,0.94448,0.94461,1.00,1.00
2017.02.27 08:37:39.159,0.94439,0.94461,1.00,1.00
2017.02.27 08:37:39.260,0.94443,0.94461,1.00,1.00
2017.02.27 08:37:39.832,0.94443,0.94462,1.00,1.00
2017.02.27 08:37:39.968,0.9444,0.94462,1.00,1.00
2017.02.27 08:37:40.409,0.94438,0.9446,1.50,1.00
2017.02.27 08:37:41.915,0.94437,0.94459,1.00,1.00
2017.02.27 08:37:42.778,0.94436,0.94458,1.00,1.00
2017.02.27 08:37:43.313,0.94435,0.94458,1.00,1.00
2017.02.27 08:37:43.993,0.94435,0.94459,1.00,1.00
2017.02.27 08:37:44.661,0.94435,0.94457,1.00,1.00
2017.02.27 08:37:44.969,0.94438,0.94459,1.00,1.00
2017.02.27 08:37:45.342,0.94438,0.94457,1.00,1.00
2017.02.27 08:37:46.126,0.94438,0.94459,1.00,1.00
2017.02.27 08:37:46.879,0.94439,0.94461,1.00,1.00
2017.02.27 08:37:47.130,0.94443,0.94462,1.00,1.00
2017.02.27 08:37:47.682,0.94442,0.94462,1.00,1.00
2017.02.27 08:37:48.283,0.94442,0.94461,1.00,1.00
2017.02.27 08:37:49.245,0.94443,0.94461,1.00,1.00
2017.02.27 08:37:55.504,0.94443,0.94462,1.00,1.00
2017.02.27 08:37:55.655,0.94443,0.94464,1.00,1.00
2017.02.27 08:37:55.795,0.94448,0.94464,1.00,1.00
2017.02.27 08:37:56.242,0.94443,0.94464,1.00,1.00
2017.02.27 08:37:56.518,0.94443,0.94462,1.00,1.00
2017.02.27 08:37:57.059,0.94443,0.94463,1.00,1.00
2017.02.27 08:37:57.110,0.94441,0.94463,1.00,1.00
2017.02.27 08:37:57.161,0.94443,0.94463,1.00,1.00
2017.02.27 08:37:58.431,0.94443,0.94462,1.00,1.00
2017.02.27 08:37:58.564,0.94441,0.94463,1.00,1.00
2017.02.27 08:38:01.915,0.94443,0.94463,1.00,1.00
2017.02.27 08:38:04.634,0.94443,0.94464,1.00,1.00
2017.02.27 08:38:04.953,0.94439,0.94463,1.00,1.00
2017.02.27 08:38:06.175,0.94439,0.94461,1.00,1.00
2017.02.27 08:38:07.132,0.94438,0.9446,1.00,1.00
2017.02.27 08:38:08.916,0.94437,0.9446,1.00,1.00
2017.02.27 08:38:10.986,0.94437,0.94458,1.00,1.00
2017.02.27 08:38:11.502,0.94438,0.94458,1.00,1.00
2017.02.27 08:38:11.603,0.94438,0.94461,1.50,1.00
2017.02.27 08:38:11.654,0.9444,0.94462,1.00,1.00
2017.02.27 08:38:11.704,0.9444,0.94464,1.00,1.00
2017.02.27 08:38:12.197,0.94438,0.94462,1.00,1.00
2017.02.27 08:38:12.499,0.94441,0.94463,1.00,1.00
2017.02.27 08:38:13.186,0.94439,0.94463,1.00,1.00
2017.02.27 08:38:13.278,0.94441,0.94465,1.00,1.00
2017.02.27 08:38:13.621,0.94443,0.94466,1.00,1.00
2017.02.27 08:38:14.190,0.94444,0.94466,1.00,1.00
2017.02.27 08:38:14.624,0.94448,0.94466,1.00,1.00
2017.02.27 08:38:16.016,0.94444,0.94466,1.00,1.00
2017.02.27 08:38:16.536,0.94443,0.94465,1.00,1.00
2017.02.27 08:38:17.045,0.94444,0.94466,1.00,1.00
2017.02.27 08:38:17.957,0.94445,0.94467,1.00,1.00
2017.02.27 08:38:19.036,0.94453,0.94467,1.00,1.00
2017.02.27 08:38:19.761,0.94447,0.94467,1.00,1.00
2017.02.27 08:38:19.812,0.94445,0.94467,1.00,1.00
2017.02.27 08:38:20.095,0.94448,0.94467,1.00,1.00
2017.02.27 08:38:27.033,0.94448,0.94468,1.00,1.00
2017.02.27 08:38:27.134,0.94448,0.94472,1.50,1.00
2017.02.27 08:38:27.185,0.94452,0.94472,1.00,1.00
2017.02.27 08:38:27.496,0.94452,0.9447,1.00,1.00
2017.02.27 08:38:27.917,0.94448,0.9447,1.00,1.00
2017.02.27 08:38:28.068,0.94447,0.94466,1.00,1.00
2017.02.27 08:38:28.229,0.94446,0.94469,1.00,1.00
2017.02.27 08:38:28.431,0.94448,0.94469,1.00,1.00
2017.02.27 08:38:29.185,0.94447,0.94469,1.00,1.00
2017.02.27 08:38:29.936,0.94443,0.94465,1.50,1.00
2017.02.27 08:38:30.259,0.94443,0.9446,1.00,1.00
2017.02.27 08:38:30.360,0.94437,0.94457,1.00,1.00
2017.02.27 08:38:30.460,0.94434,0.94457,1.00,1.00
2017.02.27 08:38:30.797,0.94437,0.94457,1.00,1.00
2017.02.27 08:38:31.213,0.94437,0.94459,1.00,1.00
2017.02.27 08:38:32.526,0.94437,0.94458,1.00,1.00
2017.02.27 08:38:33.181,0.94436,0.94458,1.00,1.00
2017.02.27 08:38:33.416,0.94438,0.94458,1.00,1.00
2017.02.27 08:38:36.061,0.94436,0.94458,1.00,1.00
2017.02.27 08:38:37.503,0.94437,0.94458,1.00,1.00
2017.02.27 08:38:38.061,0.94436,0.94458,1.00,1.00
2017.02.27 08:38:38.431,0.94438,0.94459,1.00,1.00
2017.02.27 08:38:39.286,0.94438,0.94457,1.00,1.00
2017.02.27 08:38:40.157,0.94438,0.94459,1.00,1.00
2017.02.27 08:38:40.404,0.94438,0.94457,1.00,1.00
2017.02.27 08:38:41.062,0.94435,0.94457,1.00,1.00
2017.02.27 08:38:41.603,0.94437,0.94457,1.00,1.00
2017.02.27 08:38:41.968,0.94437,0.94459,1.00,1.00
2017.02.27 08:38:42.019,0.94435,0.94459,1.00,1.00
2017.02.27 08:38:42.395,0.94438,0.94459,1.00,1.00
2017.02.27 08:38:44.628,0.94438,0.94458,1.00,1.00
2017.02.27 08:38:46.341,0.94438,0.94457,1.00,1.00
2017.02.27 08:38:46.924,0.94437,0.94457,1.00,1.00
2017.02.27 08:38:47.025,0.94437,0.9446,1.00,1.00
2017.02.27 08:38:48.017,0.94437,0.94459,1.00,1.00
2017.02.27 08:38:48.423,0.94443,0.9446,1.00,1.00
2017.02.27 08:38:48.956,0.94442,0.9446,1.00,1.00
2017.02.27 08:38:51.632,0.94442,0.94462,1.00,1.00
2017.02.27 08:38:52.336,0.94442,0.94463,1.00,1.00
2017.02.27 08:38:53.529,0.94443,0.94462,1.00,1.00
2017.02.27 08:38:53.630,0.94448,0.94467,1.00,1.50
2017.02.27 08:38:53.831,0.94445,0.94467,1.00,1.00
2017.02.27 08:38:53.896,0.94447,0.94467,1.00,1.00
2017.02.27 08:38:53.993,0.94447,0.94469,1.00,1.00
2017.02.27 08:38:54.295,0.94453,0.94469,1.00,1.00
2017.02.27 08:38:54.827,0.94453,0.9447,1.00,1.00
2017.02.27 08:38:55.733,0.94452,0.9447,1.00,1.00
2017.02.27 08:38:56.324,0.94448,0.94468,1.00,1.00
2017.02.27 08:38:56.857,0.94447,0.94469,1.50,1.00
2017.02.27 08:38:57.434,0.94447,0.94468,1.00,1.00
2017.02.27 08:38:57.661,0.94447,0.9447,1.00,1.00
2017.02.27 08:38:58.557,0.94448,0.9447,1.00,1.00
2017.02.27 08:39:01.318,0.94448,0.94468,1.00,1.00
2017.02.27 08:39:03.494,0.94448,0.94467,1.00,1.00
2017.02.27 08:39:03.835,0.94453,0.94468,1.00,1.00
2017.02.27 08:39:05.058,0.94452,0.94468,1.00,1.00
2017.02.27 08:39:06.152,0.94447,0.94468,1.00,1.00
2017.02.27 08:39:06.253,0.94452,0.94468,1.00,1.00
2017.02.27 08:39:07.009,0.94452,0.94469,1.00,1.00
2017.02.27 08:39:07.324,0.94452,0.94467,1.00,1.00
2017.02.27 08:39:07.823,0.94448,0.94467,1.00,1.00
2017.02.27 08:39:08.330,0.94447,0.94468,1.00,1.00
2017.02.27 08:39:08.586,0.94453,0.94468,1.00,1.00
2017.02.27 08:39:09.187,0.94453,0.94469,1.00,1.00
2017.02.27 08:39:12.225,0.94452,0.94469,1.00,1.00
2017.02.27 08:39:12.719,0.94448,0.94468,1.00,1.00
2017.02.27 08:39:13.817,0.94447,0.94468,1.00,1.00
2017.02.27 08:39:22.060,0.94447,0.94467,1.00,1.00
2017.02.27 08:39:33.617,0.94453,0.94467,1.00,1.00
2017.02.27 08:39:34.456,0.94447,0.94467,1.00,1.00
2017.02.27 08:39:36.588,0.94447,0.94468,1.00,1.00
2017.02.27 08:39:37.589,0.94447,0.94466,1.00,1.00
2017.02.27 08:39:42.276,0.94448,0.94466,1.00,1.00
2017.02.27 08:39:47.814,0.94447,0.94466,1.00,1.00
2017.02.27 08:39:52.124,0.94447,0.94467,1.00,1.00
2017.02.27 08:39:52.659,0.94447,0.94468,1.00,1.00
2017.02.27 08:39:53.466,0.94447,0.94467,1.00,1.00
2017.02.27 08:39:55.129,0.94447,0.94468,1.00,1.00
2017.02.27 08:39:55.435,0.94452,0.94468,1.00,1.00
2017.02.27 08:39:56.252,0.94448,0.94468,1.00,1.00
2017.02.27 08:39:56.792,0.94448,0.94469,1.00,1.00
2017.02.27 08:39:59.333,0.94453,0.94472,1.00,1.00
2017.02.27 08:39:59.485,0.94453,0.94475,1.50,1.00
2017.02.27 08:39:59.693,0.94458,0.94475,1.00,1.00
2017.02.27 08:40:00.094,0.94463,0.94475,1.00,1.00
2017.02.27 08:40:00.707,0.94457,0.94476,1.00,1.00
2017.02.27 08:40:00.994,0.94463,0.94476,1.00,1.00
2017.02.27 08:40:02.511,0.94457,0.94476,1.00,1.00
2017.02.27 08:40:03.318,0.94463,0.94476,1.00,1.00
2017.02.27 08:40:04.042,0.94463,0.94475,1.00,1.00
2017.02.27 08:40:04.819,0.94458,0.94475,1.00,1.00
2017.02.27 08:40:05.702,0.94458,0.94476,1.00,1.00
2017.02.27 08:40:06.831,0.94462,0.94476,1.00,1.00
2017.02.27 08:40:07.163,0.94457,0.94476,1.00,1.00
2017.02.27 08:40:07.778,0.94454,0.94476,1.00,1.00
2017.02.27 08:40:08.031,0.94458,0.94476,1.00,1.00
2017.02.27 08:40:08.562,0.94458,0.94477,1.00,1.00
2017.02.27 08:40:08.801,0.94452,0.94476,1.50,1.00
2017.02.27 08:40:08.955,0.94462,0.94476,1.00,1.00
2017.02.27 08:40:09.710,0.94463,0.94476,1.00,1.00
2017.02.27 08:40:10.027,0.94457,0.94477,1.00,1.00
2017.02.27 08:40:11.645,0.94457,0.94475,1.00,1.00
2017.02.27 08:40:13.327,0.94463,0.94475,1.00,1.00
2017.02.27 08:40:13.428,0.94463,0.94477,1.00,1.00
2017.02.27 08:40:15.768,0.94458,0.94477,1.00,1.00
2017.02.27 08:40:16.338,0.94458,0.94476,1.00,1.00
2017.02.27 08:40:17.680,0.94458,0.94477,1.00,1.00
2017.02.27 08:40:18.122,0.94463,0.94476,1.00,1.00
2017.02.27 08:40:18.223,0.94457,0.94476,1.00,1.00
2017.02.27 08:40:18.976,0.94457,0.94475,1.00,1.00
2017.02.27 08:40:19.617,0.94458,0.94475,1.00,1.00
2017.02.27 08:40:20.523,0.94458,0.94476,1.00,1.00
2017.02.27 08:40:21.070,0.94457,0.94476,1.00,1.00
2017.02.27 08:40:21.331,0.94458,0.94479,1.00,1.00
2017.02.27 08:40:21.629,0.94462,0.94479,1.00,1.00
2017.02.27 08:40:22.316,0.94462,0.9448,1.00,1.00
2017.02.27 08:40:24.061,0.94462,0.94477,1.00,1.00
2017.02.27 08:40:25.893,0.94462,0.9448,1.00,1.00
2017.02.27 08:40:26.810,0.94462,0.94479,1.00,1.00
2017.02.27 08:40:27.779,0.94462,0.94481,1.00,1.00
2017.02.27 08:40:28.781,0.94462,0.9448,1.00,1.00
2017.02.27 08:40:33.599,0.94462,0.94481,1.00,1.00
2017.02.27 08:40:36.195,0.94462,0.94482,1.00,1.00
2017.02.27 08:40:36.536,0.94462,0.9448,1.00,1.00
2017.02.27 08:40:37.475,0.94462,0.94482,1.00,1.00
2017.02.27 08:40:38.146,0.94462,0.9448,1.00,1.00
2017.02.27 08:40:39.041,0.94462,0.94478,1.00,1.00
2017.02.27 08:40:39.725,0.94463,0.94478,1.00,1.00
2017.02.27 08:40:40.255,0.94463,0.94477,1.00,1.00
2017.02.27 08:40:40.788,0.94463,0.94478,1.00,1.00
2017.02.27 08:40:42.151,0.94463,0.94477,1.00,1.00
2017.02.27 08:40:42.426,0.94463,0.94483,1.00,1.00
2017.02.27 08:40:42.477,0.94463,0.94487,1.50,1.50
2017.02.27 08:40:42.628,0.94467,0.94487,1.00,1.00
2017.02.27 08:40:42.900,0.94463,0.94487,1.50,1.00
2017.02.27 08:40:42.950,0.94468,0.94487,1.00,1.00
2017.02.27 08:40:43.062,0.94463,0.94487,1.50,1.00
2017.02.27 08:40:43.332,0.94468,0.94487,1.00,1.00
2017.02.27 08:40:44.110,0.94467,0.94488,1.00,1.00
2017.02.27 08:40:48.363,0.94468,0.94488,1.00,1.00
2017.02.27 08:40:48.966,0.94472,0.94487,1.00,1.00
2017.02.27 08:40:49.137,0.94472,0.9449,1.00,1.00
2017.02.27 08:40:50.794,0.94467,0.9449,1.00,1.00
2017.02.27 08:40:51.740,0.94467,0.94489,1.00,1.00
2017.02.27 08:40:51.897,0.94472,0.94489,1.00,1.00
2017.02.27 08:40:53.648,0.94467,0.94489,1.00,1.00
2017.02.27 08:40:53.995,0.94473,0.94489,1.00,1.00
2017.02.27 08:40:55.316,0.94472,0.94489,1.00,1.00
2017.02.27 08:40:59.229,0.94473,0.94489,1.00,1.00
2017.02.27 08:41:00.065,0.94468,0.9449,1.50,1.00
2017.02.27 08:41:01.391,0.94467,0.94489,1.00,1.00
2017.02.27 08:41:01.596,0.94473,0.94489,1.00,1.00
2017.02.27 08:41:01.862,0.94468,0.94489,1.00,1.00
2017.02.27 08:41:02.324,0.94465,0.94489,1.00,1.00
2017.02.27 08:41:02.517,0.94467,0.94489,1.00,1.00
2017.02.27 08:41:03.119,0.94465,0.94489,1.00,1.00
2017.02.27 08:41:03.397,0.94468,0.9449,1.00,1.00
2017.02.27 08:41:04.918,0.94467,0.9449,1.00,1.00
2017.02.27 08:41:05.425,0.94466,0.9449,1.00,1.00
2017.02.27 08:41:06.239,0.94467,0.9449,1.00,1.00
2017.02.27 08:41:06.769,0.94468,0.9449,1.50,1.00
2017.02.27 08:41:07.878,0.94468,0.94488,1.00,1.00
2017.02.27 08:41:08.016,0.94466,0.94488,1.00,1.00
2017.02.27 08:41:08.548,0.94468,0.94488,1.00,1.00
2017.02.27 08:41:08.716,0.94466,0.94488,1.00,1.00
2017.02.27 08:41:09.155,0.94469,0.94491,1.00,1.00
2017.02.27 08:41:09.430,0.94467,0.9449,1.50,1.00
2017.02.27 08:41:09.531,0.94468,0.94492,1.00,1.00
2017.02.27 08:41:09.848,0.9447,0.94492,1.00,1.00
2017.02.27 08:41:10.156,0.94468,0.94492,1.50,1.00
2017.02.27 08:41:10.357,0.9447,0.94492,1.00,1.00
2017.02.27 08:41:11.267,0.94477,0.94492,1.00,1.00
2017.02.27 08:41:11.322,0.9447,0.94492,1.00,1.00
2017.02.27 08:41:12.068,0.9447,0.94494,1.00,1.00
2017.02.27 08:41:13.464,0.94469,0.94491,1.00,1.00
2017.02.27 08:41:13.767,0.94473,0.94483,1.00,1.00
2017.02.27 08:41:14.268,0.94473,0.94486,1.00,1.00
2017.02.27 08:41:14.319,0.94468,0.94486,1.00,1.00
2017.02.27 08:41:14.624,0.94472,0.94486,1.00,1.00
2017.02.27 08:41:14.675,0.94472,0.94488,1.00,1.00
2017.02.27 08:41:14.725,0.94472,0.94486,1.00,1.00
2017.02.27 08:41:14.826,0.94468,0.94486,1.00,1.00
2017.02.27 08:41:15.737,0.94473,0.94488,1.00,1.00
2017.02.27 08:41:16.718,0.94467,0.94488,1.00,1.00
2017.02.27 08:41:17.600,0.94467,0.94487,1.00,1.00
2017.02.27 08:41:17.897,0.94467,0.94485,1.00,1.00
2017.02.27 08:41:20.366,0.94467,0.94487,1.00,1.00
2017.02.27 08:41:20.422,0.94463,0.94487,1.50,1.00
2017.02.27 08:41:21.009,0.94473,0.94487,1.00,1.00
2017.02.27 08:41:21.059,0.94463,0.94483,1.00,1.00
2017.02.27 08:41:21.110,0.94463,0.94481,1.00,1.00
2017.02.27 08:41:21.362,0.94461,0.94485,1.00,1.00
2017.02.27 08:41:21.413,0.94467,0.94485,1.00,1.00
2017.02.27 08:41:21.518,0.94461,0.94485,1.00,1.00
2017.02.27 08:41:21.908,0.94463,0.94485,1.00,1.00
2017.02.27 08:41:22.210,0.94468,0.94483,1.00,1.00
2017.02.27 08:41:24.739,0.94462,0.94483,1.00,1.00
2017.02.27 08:41:25.346,0.94462,0.94486,1.50,1.00
2017.02.27 08:41:27.017,0.94463,0.94486,1.00,1.00
2017.02.27 08:41:27.576,0.94467,0.94486,1.00,1.00
2017.02.27 08:41:27.900,0.94467,0.94484,1.00,1.00
2017.02.27 08:41:28.767,0.94463,0.94484,1.00,1.00
2017.02.27 08:41:29.062,0.94467,0.94484,1.00,1.00
2017.02.27 08:41:29.762,0.94462,0.94484,1.00,1.00
2017.02.27 08:41:30.014,0.94465,0.94487,1.00,1.00
2017.02.27 08:41:30.198,0.94467,0.94491,1.00,1.00
2017.02.27 08:41:30.465,0.94469,0.94493,1.00,1.00
2017.02.27 08:41:30.787,0.94473,0.94493,1.00,1.00
2017.02.27 08:41:31.007,0.94468,0.9449,1.00,1.00
2017.02.27 08:41:31.058,0.94466,0.9449,1.00,1.00
2017.02.27 08:41:31.158,0.94464,0.94488,1.00,1.00
2017.02.27 08:41:31.460,0.94467,0.94488,1.00,1.00
2017.02.27 08:41:31.511,0.94467,0.94491,1.00,1.00
2017.02.27 08:41:31.611,0.94473,0.94491,1.00,1.00
2017.02.27 08:41:32.149,0.94468,0.9449,1.00,1.00
2017.02.27 08:41:32.201,0.94465,0.9449,1.00,1.00
2017.02.27 08:41:32.363,0.94473,0.9449,1.00,1.00
2017.02.27 08:41:32.416,0.94465,0.9449,1.00,1.00
2017.02.27 08:41:32.517,0.94472,0.94489,1.00,1.00
2017.02.27 08:41:32.951,0.94466,0.94492,1.00,1.00
2017.02.27 08:41:33.154,0.94468,0.94492,1.00,1.00
2017.02.27 08:41:33.405,0.94466,0.94492,1.00,1.00
2017.02.27 08:41:34.079,0.94467,0.94492,1.00,1.00
2017.02.27 08:41:37.331,0.94469,0.94492,1.00,1.00
2017.02.27 08:41:45.595,0.94472,0.94492,1.00,1.00
2017.02.27 08:41:47.541,0.94472,0.9449,1.00,1.00
2017.02.27 08:41:48.434,0.94467,0.9449,1.00,1.00
2017.02.27 08:41:48.485,0.94467,0.94488,1.00,1.00
2017.02.27 08:41:49.066,0.94466,0.94488,1.00,1.00
2017.02.27 08:41:49.386,0.94468,0.9449,1.00,1.00
2017.02.27 08:41:49.896,0.94467,0.94489,1.50,1.00
2017.02.27 08:41:50.236,0.94467,0.94491,1.50,1.00
2017.02.27 08:41:50.717,0.94472,0.94491,1.00,1.00
2017.02.27 08:41:51.618,0.94473,0.94491,1.00,1.00
2017.02.27 08:41:51.668,0.94467,0.94491,1.50,1.00
2017.02.27 08:41:52.360,0.94469,0.94491,1.00,1.00
2017.02.27 08:41:53.618,0.94472,0.94491,1.00,1.00
2017.02.27 08:41:55.246,0.94472,0.94492,1.00,1.00
2017.02.27 08:41:55.297,0.94472,0.94496,1.50,1.00
2017.02.27 08:41:55.549,0.94477,0.94497,1.00,1.00
2017.02.27 08:41:55.818,0.94473,0.94497,1.00,1.00
2017.02.27 08:41:55.868,0.94475,0.94499,1.00,1.00
2017.02.27 08:41:56.421,0.94478,0.94499,1.00,1.00
2017.02.27 08:41:56.820,0.94483,0.94499,1.00,1.00
2017.02.27 08:41:58.324,0.94483,0.945,1.00,1.00
2017.02.27 08:41:58.375,0.94478,0.945,1.00,1.00
2017.02.27 08:41:58.556,0.94482,0.945,1.00,1.00
2017.02.27 08:41:59.166,0.94477,0.945,1.00,1.00
2017.02.27 08:41:59.517,0.94483,0.945,1.00,1.00
2017.02.27 08:42:00.681,0.94483,0.94498,1.00,1.00
2017.02.27 08:42:00.833,0.94474,0.94499,1.00,1.00
2017.02.27 08:42:01.017,0.94477,0.94499,1.00,1.00
2017.02.27 08:42:01.543,0.94478,0.945,1.00,1.00
2017.02.27 08:42:01.617,0.94475,0.945,1.00,1.00
2017.02.27 08:42:02.535,0.94478,0.94499,1.00,1.00
2017.02.27 08:42:02.716,0.94476,0.94498,1.00,1.00
2017.02.27 08:42:03.417,0.94477,0.94498,1.00,1.00
2017.02.27 08:42:03.518,0.94477,0.94501,1.00,1.00
2017.02.27 08:42:03.569,0.94477,0.94499,1.00,1.00
2017.02.27 08:42:03.619,0.94478,0.94502,1.00,1.00
2017.02.27 08:42:03.740,0.94483,0.94502,1.00,1.00
2017.02.27 08:42:04.063,0.94479,0.94503,1.00,1.00
2017.02.27 08:42:04.395,0.94483,0.94503,1.00,1.00
2017.02.27 08:42:04.446,0.94479,0.94503,1.00,1.00
2017.02.27 08:42:05.317,0.94479,0.94501,1.00,1.00
2017.02.27 08:42:07.818,0.94478,0.94501,1.00,1.00
2017.02.27 08:42:09.208,0.94479,0.94501,1.00,1.00
2017.02.27 08:42:09.766,0.94478,0.94502,1.00,1.00
2017.02.27 08:42:10.308,0.94478,0.94501,1.00,1.00
2017.02.27 08:42:10.927,0.94478,0.94502,1.50,1.00
2017.02.27 08:42:11.028,0.94476,0.94501,1.00,1.00
2017.02.27 08:42:11.684,0.94483,0.94501,1.00,1.00
2017.02.27 08:42:12.111,0.94477,0.94502,1.00,1.00
2017.02.27 08:42:12.796,0.94478,0.94502,1.00,1.00
2017.02.27 08:42:14.098,0.94477,0.945,1.00,1.00
2017.02.27 08:42:14.989,0.94477,0.94498,1.00,1.00
2017.02.27 08:42:15.962,0.94476,0.94498,1.00,1.00
2017.02.27 08:42:16.370,0.94475,0.945,1.00,1.00
2017.02.27 08:42:16.521,0.94474,0.94498,1.00,1.00
2017.02.27 08:42:16.880,0.94476,0.94498,1.00,1.00
2017.02.27 08:42:17.211,0.94474,0.94496,1.00,1.00
2017.02.27 08:42:17.312,0.94473,0.94498,1.50,1.00
2017.02.27 08:42:17.483,0.94475,0.94498,1.00,1.00
2017.02.27 08:42:18.280,0.94476,0.94498,1.00,1.00
2017.02.27 08:42:18.330,0.94474,0.945,1.00,1.00
2017.02.27 08:42:18.724,0.94476,0.94498,1.00,1.00
2017.02.27 08:42:19.308,0.94475,0.945,1.00,1.00
2017.02.27 08:42:20.048,0.94474,0.94499,1.00,1.00
2017.02.27 08:42:21.919,0.94475,0.94499,1.00,1.00
2017.02.27 08:42:22.017,0.94478,0.94499,1.00,1.00
2017.02.27 08:42:22.116,0.94475,0.94499,1.00,1.00
2017.02.27 08:42:22.922,0.94474,0.94499,1.00,1.00
2017.02.27 08:42:24.133,0.94476,0.945,1.00,1.00
2017.02.27 08:42:24.488,0.94478,0.94501,1.00,1.00
2017.02.27 08:42:24.795,0.94476,0.945,1.00,1.00
2017.02.27 08:42:25.736,0.94475,0.94497,1.00,1.00
2017.02.27 08:42:25.787,0.94473,0.94496,1.50,1.00
2017.02.27 08:42:27.154,0.94477,0.94496,1.00,1.00
2017.02.27 08:42:27.528,0.94473,0.94497,1.50,1.00
2017.02.27 08:42:28.084,0.94474,0.94498,1.00,1.00
2017.02.27 08:42:30.033,0.94475,0.94498,1.00,1.00
2017.02.27 08:42:32.395,0.94478,0.94498,1.00,1.00
2017.02.27 08:42:32.763,0.94475,0.94498,1.00,1.00
2017.02.27 08:42:32.995,0.94477,0.94498,1.00,1.00
2017.02.27 08:42:33.497,0.94478,0.94498,1.00,1.00
2017.02.27 08:42:33.715,0.94474,0.94498,1.00,1.00
2017.02.27 08:42:33.995,0.94477,0.94497,1.00,1.00
2017.02.27 08:42:34.244,0.94474,0.94497,1.00,1.00
2017.02.27 08:42:34.866,0.94474,0.94496,1.00,1.00
2017.02.27 08:42:37.450,0.94474,0.94497,1.00,1.00
2017.02.27 08:42:38.118,0.94475,0.94499,1.00,1.00
2017.02.27 08:42:40.398,0.94475,0.94497,1.00,1.00
2017.02.27 08:42:40.846,0.94478,0.94497,1.00,1.00
2017.02.27 08:42:42.689,0.94478,0.94499,1.00,1.00
2017.02.27 08:42:43.076,0.94478,0.94501,1.00,1.00
2017.02.27 08:42:43.126,0.94477,0.94498,1.00,1.00
2017.02.27 08:42:43.565,0.94482,0.94498,1.00,1.00
2017.02.27 08:42:43.691,0.94482,0.94501,1.00,1.00
2017.02.27 08:42:43.822,0.94477,0.94501,1.50,1.00
2017.02.27 08:42:44.149,0.94479,0.94502,1.00,1.00
2017.02.27 08:42:44.450,0.94481,0.94503,1.00,1.00
2017.02.27 08:42:45.392,0.94481,0.94504,1.00,1.00
2017.02.27 08:42:45.605,0.94481,0.94506,1.00,1.00
2017.02.27 08:42:45.896,0.94483,0.94506,1.00,1.00
2017.02.27 08:42:46.216,0.94481,0.94506,1.00,1.00
2017.02.27 08:42:46.584,0.94483,0.94505,1.00,1.00
2017.02.27 08:42:48.367,0.94482,0.94505,1.00,1.00
2017.02.27 08:42:49.418,0.94482,0.94506,1.00,1.00
2017.02.27 08:42:52.480,0.94482,0.94504,1.00,1.00
2017.02.27 08:42:58.771,0.94481,0.94504,1.00,1.00
2017.02.27 08:42:59.457,0.94481,0.94506,1.00,1.00
2017.02.27 08:42:59.705,0.94481,0.94504,1.00,1.00
2017.02.27 08:43:00.342,0.94481,0.94506,1.00,1.00
2017.02.27 08:43:00.493,0.94478,0.945,1.50,1.00
2017.02.27 08:43:00.544,0.94475,0.94499,1.00,1.00
2017.02.27 08:43:00.594,0.94474,0.94496,1.00,1.00
2017.02.27 08:43:01.381,0.94475,0.94498,1.00,1.00
2017.02.27 08:43:02.454,0.94476,0.945,1.00,1.00
2017.02.27 08:43:02.505,0.94478,0.945,1.00,1.00
2017.02.27 08:43:02.556,0.94479,0.94503,1.00,1.00
2017.02.27 08:43:03.528,0.94482,0.94505,1.00,1.00
2017.02.27 08:43:03.855,0.9448,0.94504,1.00,1.00
2017.02.27 08:43:04.133,0.94478,0.94503,1.50,1.00
2017.02.27 08:43:04.838,0.9448,0.94503,1.00,1.00
2017.02.27 08:43:05.520,0.94482,0.94504,1.00,1.00
2017.02.27 08:43:06.885,0.94479,0.94504,1.00,1.00
2017.02.27 08:43:07.087,0.94479,0.94501,1.00,1.00
2017.02.27 08:43:09.718,0.9448,0.94502,1.00,1.00
2017.02.27 08:43:16.136,0.94482,0.94502,1.00,1.00
2017.02.27 08:43:16.438,0.9448,0.94502,1.00,1.00
2017.02.27 08:43:17.284,0.94481,0.94503,1.00,1.00
2017.02.27 08:43:17.538,0.94481,0.94505,1.00,1.00
2017.02.27 08:43:18.928,0.9448,0.94504,1.00,1.00
2017.02.27 08:43:20.662,0.94482,0.94504,1.00,1.00
2017.02.27 08:43:21.031,0.94484,0.94506,1.00,1.00
2017.02.27 08:43:21.395,0.94482,0.94505,1.00,1.00
2017.02.27 08:43:22.384,0.94482,0.94504,1.00,1.00
2017.02.27 08:43:24.853,0.94481,0.94503,1.00,1.00
2017.02.27 08:43:25.396,0.94482,0.94504,1.00,1.00
2017.02.27 08:43:25.985,0.94483,0.94505,1.50,1.00
2017.02.27 08:43:33.475,0.94481,0.94505,1.00,1.00
2017.02.27 08:43:34.716,0.94483,0.94505,1.00,1.00
2017.02.27 08:43:34.817,0.94481,0.94505,1.00,1.00
2017.02.27 08:43:37.069,0.94483,0.94505,1.00,1.00
2017.02.27 08:43:42.517,0.94483,0.94507,1.00,1.00
2017.02.27 08:43:43.483,0.94484,0.94507,1.00,1.00
2017.02.27 08:43:45.619,0.94483,0.94506,1.00,1.00
2017.02.27 08:43:46.068,0.94483,0.94502,1.00,1.00
2017.02.27 08:43:46.370,0.94482,0.94498,1.00,1.00
2017.02.27 08:43:46.471,0.94482,0.945,1.00,1.00
2017.02.27 08:43:47.165,0.94478,0.945,1.50,1.00
2017.02.27 08:43:47.215,0.9448,0.94502,1.00,1.00
2017.02.27 08:43:47.517,0.94483,0.94502,1.00,1.00
2017.02.27 08:43:48.413,0.94482,0.945,1.00,1.00
2017.02.27 08:43:48.516,0.94478,0.945,1.50,1.00
2017.02.27 08:43:50.816,0.94483,0.945,1.00,1.00
2017.02.27 08:43:54.425,0.94478,0.945,1.00,1.00
2017.02.27 08:43:54.525,0.94478,0.94498,1.00,1.00
2017.02.27 08:43:54.626,0.94475,0.94499,1.00,1.00
2017.02.27 08:43:54.677,0.94478,0.945,1.00,1.00
2017.02.27 08:43:55.006,0.94488,0.94503,1.00,1.00
2017.02.27 08:43:55.208,0.94482,0.94506,1.50,1.00
2017.02.27 08:43:55.514,0.94483,0.94508,1.00,1.00
2017.02.27 08:43:55.565,0.94478,0.94503,2.25,1.00
2017.02.27 08:43:55.867,0.94482,0.94503,1.00,1.00
2017.02.27 08:43:56.494,0.94482,0.94505,1.00,1.00
2017.02.27 08:43:56.545,0.94482,0.94507,1.00,1.00
2017.02.27 08:43:56.595,0.94487,0.94507,1.00,1.00
2017.02.27 08:43:57.216,0.94488,0.94507,1.00,1.00
2017.02.27 08:43:57.931,0.94488,0.9451,1.00,1.00
2017.02.27 08:43:58.137,0.94485,0.9451,1.00,1.00
2017.02.27 08:43:58.396,0.94488,0.9451,1.00,1.00
2017.02.27 08:43:58.919,0.94488,0.94509,1.00,1.00
2017.02.27 08:43:59.474,0.94488,0.94508,1.00,1.00
2017.02.27 08:43:59.978,0.94487,0.94508,1.00,1.00
2017.02.27 08:44:00.525,0.94487,0.94509,1.00,1.00
2017.02.27 08:44:00.897,0.94488,0.94507,1.00,1.00
2017.02.27 08:44:00.998,0.94487,0.9451,1.00,1.00
2017.02.27 08:44:01.786,0.94487,0.94508,1.00,1.00
2017.02.27 08:44:02.411,0.94488,0.94508,1.00,1.00
2017.02.27 08:44:03.415,0.94488,0.94509,1.00,1.00
2017.02.27 08:44:04.056,0.94488,0.94511,1.00,1.00
2017.02.27 08:44:04.291,0.94492,0.94513,1.00,1.00
2017.02.27 08:44:05.959,0.94492,0.94514,1.00,1.00
2017.02.27 08:44:06.060,0.9449,0.94514,1.00,1.00
2017.02.27 08:44:06.110,0.94492,0.94513,1.00,1.00
2017.02.27 08:44:06.435,0.94497,0.94512,1.00,1.00
2017.02.27 08:44:06.536,0.94492,0.94511,1.00,1.00
2017.02.27 08:44:06.855,0.94498,0.94511,1.00,1.00
2017.02.27 08:44:07.342,0.94492,0.94511,1.00,1.00
2017.02.27 08:44:07.853,0.94497,0.94511,1.00,1.00
2017.02.27 08:44:08.310,0.94497,0.94513,1.00,1.00
2017.02.27 08:44:08.861,0.94488,0.94513,1.00,1.00
2017.02.27 08:44:09.094,0.94493,0.94513,1.00,1.00
2017.02.27 08:44:12.319,0.94489,0.94513,1.00,1.00
2017.02.27 08:44:13.116,0.94493,0.94513,1.00,1.00
2017.02.27 08:44:14.017,0.94493,0.94511,1.00,1.00
2017.02.27 08:44:14.218,0.94488,0.94511,1.00,1.00
2017.02.27 08:44:14.355,0.94493,0.94511,1.00,1.00
2017.02.27 08:44:14.660,0.94488,0.9451,1.00,1.00
2017.02.27 08:44:15.016,0.94488,0.94507,1.00,1.00
2017.02.27 08:44:15.217,0.94478,0.945,1.50,1.00
2017.02.27 08:44:15.368,0.94478,0.94498,1.00,1.00
2017.02.27 08:44:15.735,0.94474,0.94497,1.00,1.00
2017.02.27 08:44:15.836,0.94472,0.94495,1.50,1.00
2017.02.27 08:44:16.139,0.94477,0.94497,1.00,1.00
2017.02.27 08:44:16.923,0.94478,0.94498,1.00,1.00
2017.02.27 08:44:17.443,0.94478,0.94501,1.00,1.00
2017.02.27 08:44:17.543,0.94478,0.94504,1.50,1.00
2017.02.27 08:44:18.385,0.94478,0.94502,1.00,1.00
2017.02.27 08:44:18.486,0.94478,0.94504,1.50,1.00
2017.02.27 08:44:18.536,0.94478,0.94502,1.50,1.00
2017.02.27 08:44:19.047,0.94479,0.94502,1.00,1.00
2017.02.27 08:44:19.870,0.94478,0.94501,1.50,1.00
2017.02.27 08:44:20.122,0.94478,0.94504,1.00,1.00
2017.02.27 08:44:20.222,0.94478,0.94502,1.00,1.00
2017.02.27 08:44:20.384,0.94478,0.94504,1.00,1.00
2017.02.27 08:44:21.016,0.94483,0.94504,1.00,1.00
2017.02.27 08:44:21.645,0.94483,0.94503,1.00,1.00
2017.02.27 08:44:22.695,0.94483,0.94502,1.00,1.00
2017.02.27 08:44:22.846,0.94477,0.945,1.00,1.00
2017.02.27 08:44:22.896,0.94477,0.94497,1.00,1.00
2017.02.27 08:44:22.947,0.94473,0.94496,1.00,1.00
2017.02.27 08:44:23.098,0.94473,0.94494,1.00,1.00
2017.02.27 08:44:24.182,0.94473,0.94496,1.00,1.00
2017.02.27 08:44:25.620,0.94473,0.94493,1.00,1.00
2017.02.27 08:44:26.935,0.94478,0.94494,1.00,1.00
2017.02.27 08:44:27.036,0.94478,0.94496,1.00,1.00
2017.02.27 08:44:27.137,0.94474,0.94497,1.00,1.00
2017.02.27 08:44:27.237,0.94478,0.94499,1.00,1.00
2017.02.27 08:44:28.064,0.94478,0.945,1.00,1.00
2017.02.27 08:44:28.786,0.94478,0.94502,1.00,1.00
2017.02.27 08:44:28.915,0.94483,0.94502,1.00,1.00
2017.02.27 08:44:29.861,0.94477,0.94502,1.00,1.00
2017.02.27 08:44:30.417,0.94478,0.94502,1.00,1.00
2017.02.27 08:44:30.517,0.94482,0.94502,1.00,1.00
2017.02.27 08:44:31.459,0.94477,0.94502,1.00,1.00
2017.02.27 08:44:31.559,0.94478,0.94504,1.00,1.00
2017.02.27 08:44:32.183,0.94478,0.94503,1.00,1.00
2017.02.27 08:44:32.567,0.94478,0.94501,1.00,1.00
2017.02.27 08:44:33.576,0.94477,0.94502,1.00,1.00
2017.02.27 08:44:34.094,0.94476,0.94502,1.00,1.00
2017.02.27 08:44:34.650,0.94476,0.94501,1.00,1.00
2017.02.27 08:44:35.190,0.94476,0.94499,1.00,1.00
2017.02.27 08:44:37.884,0.94475,0.94499,1.00,1.00
2017.02.27 08:44:38.230,0.94473,0.94495,1.00,1.00
2017.02.27 08:44:38.330,0.94469,0.94492,1.50,1.00
2017.02.27 08:44:38.632,0.94469,0.94494,1.00,1.00
2017.02.27 08:44:38.892,0.94471,0.94495,1.00,1.00
2017.02.27 08:44:39.496,0.94473,0.94495,1.00,1.00
2017.02.27 08:44:39.546,0.94471,0.94495,1.00,1.00
2017.02.27 08:44:40.194,0.9447,0.94496,1.00,1.00
2017.02.27 08:44:41.396,0.94471,0.94497,1.00,1.00
2017.02.27 08:44:41.496,0.9447,0.94494,1.00,1.00
2017.02.27 08:44:41.811,0.94472,0.94494,1.00,1.00
2017.02.27 08:44:41.915,0.9447,0.94494,1.00,1.00
2017.02.27 08:44:42.556,0.94471,0.94495,1.00,1.00
2017.02.27 08:44:43.716,0.94472,0.94495,1.00,1.00
2017.02.27 08:44:46.327,0.94471,0.94495,1.00,1.00
2017.02.27 08:44:47.315,0.94472,0.94494,1.00,1.00
2017.02.27 08:44:49.107,0.94473,0.94495,1.00,1.00
2017.02.27 08:44:50.461,0.94473,0.94496,1.00,1.00
2017.02.27 08:44:51.011,0.94474,0.94496,1.00,1.00
2017.02.27 08:44:51.317,0.94477,0.94497,1.00,1.00
2017.02.27 08:44:51.541,0.94473,0.94497,1.00,1.00
2017.02.27 08:44:52.911,0.94472,0.94496,1.00,1.00
2017.02.27 08:44:53.756,0.94473,0.94497,1.50,1.00
2017.02.27 08:44:56.072,0.94473,0.94495,1.00,1.00
2017.02.27 08:44:56.461,0.94471,0.94495,1.00,1.00
2017.02.27 08:44:56.794,0.94473,0.94495,1.00,1.00
2017.02.27 08:45:00.083,0.94473,0.94493,1.00,1.00
2017.02.27 08:45:00.133,0.94469,0.94493,1.00,1.00
2017.02.27 08:45:00.639,0.94468,0.94492,1.50,1.00
2017.02.27 08:45:01.260,0.94469,0.94493,1.00,1.00
2017.02.27 08:45:01.951,0.9447,0.94494,1.00,1.00
2017.02.27 08:45:02.274,0.94473,0.94495,1.00,1.00
2017.02.27 08:45:02.434,0.9447,0.94496,1.00,1.00
2017.02.27 08:45:02.484,0.94473,0.94496,1.00,1.00
2017.02.27 08:45:02.590,0.94473,0.94498,1.00,1.00
2017.02.27 08:45:02.641,0.94478,0.94499,1.00,1.00
2017.02.27 08:45:02.692,0.94478,0.94501,1.00,1.50
2017.02.27 08:45:02.793,0.94474,0.945,1.00,1.00
2017.02.27 08:45:02.944,0.94478,0.945,1.00,1.00
2017.02.27 08:45:03.146,0.94474,0.945,1.00,1.00
2017.02.27 08:45:03.636,0.94476,0.945,1.00,1.00
2017.02.27 08:45:03.974,0.94478,0.94504,1.00,1.00
2017.02.27 08:45:04.025,0.94478,0.94501,1.00,1.00
2017.02.27 08:45:04.266,0.94479,0.94503,1.00,1.00
2017.02.27 08:45:05.254,0.9448,0.94504,1.00,1.00
2017.02.27 08:45:05.518,0.94482,0.94504,1.00,1.00
2017.02.27 08:45:05.865,0.94478,0.94504,1.50,1.00
2017.02.27 08:45:06.118,0.94482,0.94504,1.00,1.00
2017.02.27 08:45:06.226,0.94478,0.94504,1.50,1.00
2017.02.27 08:45:06.277,0.94483,0.94504,1.00,1.00
2017.02.27 08:45:06.377,0.94478,0.94501,1.00,1.00
2017.02.27 08:45:06.428,0.94478,0.94503,1.00,1.00
2017.02.27 08:45:06.559,0.94482,0.94503,1.00,1.00
2017.02.27 08:45:07.086,0.94483,0.94504,1.00,1.00
2017.02.27 08:45:07.208,0.94483,0.94506,1.00,1.00
2017.02.27 08:45:07.409,0.94482,0.94509,1.00,1.00
2017.02.27 08:45:07.865,0.94483,0.94505,1.00,1.00
2017.02.27 08:45:07.916,0.9448,0.94507,1.00,1.00
2017.02.27 08:45:07.974,0.94482,0.94505,1.00,1.00
2017.02.27 08:45:08.025,0.94483,0.94509,1.00,1.00
2017.02.27 08:45:08.345,0.94482,0.94505,1.50,1.00
2017.02.27 08:45:08.911,0.94483,0.94507,1.50,1.00
2017.02.27 08:45:09.936,0.94483,0.94506,1.50,1.00
2017.02.27 08:45:10.219,0.94479,0.94504,1.00,1.00
2017.02.27 08:45:11.216,0.94479,0.94505,1.00,1.00
2017.02.27 08:45:13.509,0.9448,0.94505,1.00,1.00
2017.02.27 08:45:14.089,0.94481,0.94506,1.00,1.00
2017.02.27 08:45:14.498,0.94483,0.94506,1.00,1.00
2017.02.27 08:45:16.208,0.94482,0.94505,1.50,1.00
2017.02.27 08:45:17.226,0.94482,0.94506,1.50,1.00
2017.02.27 08:45:17.965,0.94482,0.94505,1.00,1.00
2017.02.27 08:45:18.867,0.94482,0.94504,1.00,1.00
2017.02.27 08:45:19.498,0.94483,0.94504,1.00,1.00
2017.02.27 08:45:21.037,0.94482,0.94504,1.50,1.00
2017.02.27 08:45:23.172,0.94484,0.94506,1.00,1.00
2017.02.27 08:45:23.811,0.94483,0.94505,1.00,1.00
2017.02.27 08:45:25.779,0.94484,0.94506,1.00,1.00
2017.02.27 08:45:27.165,0.94482,0.94507,1.00,1.00
2017.02.27 08:45:27.452,0.94488,0.94508,1.00,1.00
2017.02.27 08:45:27.502,0.94488,0.9451,1.00,1.00
2017.02.27 08:45:29.585,0.94483,0.9451,1.00,1.00
2017.02.27 08:45:29.636,0.94484,0.94508,1.00,1.00
2017.02.27 08:45:30.235,0.94483,0.94509,1.50,1.00
2017.02.27 08:45:30.386,0.94484,0.94514,1.00,1.00
2017.02.27 08:45:30.437,0.94487,0.94514,1.00,1.00
2017.02.27 08:45:30.993,0.94493,0.94514,1.00,1.00
2017.02.27 08:45:31.533,0.94493,0.94515,1.00,1.00
2017.02.27 08:45:31.815,0.94488,0.94515,1.50,1.00
2017.02.27 08:45:32.190,0.94488,0.94517,1.00,1.00
2017.02.27 08:45:32.382,0.9449,0.94515,1.00,1.00
2017.02.27 08:45:33.128,0.94493,0.94515,1.00,1.00
2017.02.27 08:45:37.200,0.94493,0.94514,1.00,1.00
2017.02.27 08:45:37.820,0.94492,0.94514,1.00,1.00
2017.02.27 08:45:38.364,0.94489,0.94514,1.00,1.00
2017.02.27 08:45:38.595,0.94492,0.94514,1.00,1.00
2017.02.27 08:45:38.646,0.94489,0.94514,1.00,1.00
2017.02.27 08:45:39.017,0.94493,0.94515,1.00,1.00
2017.02.27 08:45:39.596,0.94492,0.94515,1.00,1.00
2017.02.27 08:45:40.941,0.94488,0.94515,1.00,1.00
2017.02.27 08:45:41.092,0.94487,0.94512,1.50,1.00
2017.02.27 08:45:41.414,0.94482,0.94507,1.00,1.00
2017.02.27 08:45:41.716,0.94483,0.94505,1.00,1.00
2017.02.27 08:45:42.015,0.94478,0.94505,1.00,1.00
2017.02.27 08:45:42.319,0.94482,0.94505,1.00,1.00
2017.02.27 08:45:43.417,0.94478,0.94505,1.00,1.00
2017.02.27 08:45:44.582,0.94478,0.94506,1.00,1.00
2017.02.27 08:45:45.676,0.94481,0.94506,1.00,1.00
2017.02.27 08:45:47.188,0.94482,0.94506,1.00,1.00
2017.02.27 08:45:47.713,0.94483,0.94506,1.00,1.00
2017.02.27 08:45:48.234,0.94482,0.94506,1.00,1.00
2017.02.27 08:45:48.485,0.94483,0.94509,1.50,1.00
2017.02.27 08:45:48.684,0.94488,0.94509,1.00,1.00
2017.02.27 08:45:48.987,0.94492,0.9451,1.00,1.00
2017.02.27 08:45:49.139,0.94482,0.9451,1.00,1.00
2017.02.27 08:45:49.240,0.94482,0.94508,1.00,1.00
2017.02.27 08:45:49.953,0.94483,0.94509,1.00,1.00
2017.02.27 08:45:50.515,0.94482,0.94509,1.50,1.00
2017.02.27 08:45:51.051,0.94488,0.9451,1.00,1.00
2017.02.27 08:45:51.815,0.94487,0.9451,1.00,1.00
2017.02.27 08:45:52.563,0.94487,0.94511,1.00,1.00
2017.02.27 08:45:52.663,0.94487,0.94513,1.00,1.00
2017.02.27 08:45:52.961,0.94493,0.94513,1.00,1.00
2017.02.27 08:45:53.162,0.94488,0.94513,1.00,1.00
2017.02.27 08:45:53.314,0.94492,0.94513,1.00,1.00
2017.02.27 08:45:53.414,0.94492,0.94515,1.00,1.00
2017.02.27 08:45:53.515,0.94493,0.94518,1.00,1.00
2017.02.27 08:45:53.771,0.94493,0.94516,1.00,1.00
2017.02.27 08:45:54.294,0.94487,0.94515,1.00,1.00
2017.02.27 08:45:54.344,0.94493,0.94515,1.00,1.00
2017.02.27 08:45:54.515,0.94487,0.94515,1.00,1.00
2017.02.27 08:45:55.715,0.94492,0.94515,1.00,1.00
2017.02.27 08:45:56.835,0.94492,0.94513,1.00,1.00
2017.02.27 08:45:57.343,0.94492,0.94515,1.00,1.00
2017.02.27 08:45:57.850,0.94493,0.94515,1.00,1.00
2017.02.27 08:45:58.494,0.94492,0.94515,1.00,1.00
2017.02.27 08:45:59.584,0.94492,0.94516,1.00,1.00
2017.02.27 08:46:00.319,0.94493,0.94516,1.00,1.00
2017.02.27 08:46:00.847,0.94492,0.94516,1.00,1.00
2017.02.27 08:46:02.131,0.94492,0.94515,1.00,1.00
2017.02.27 08:46:02.182,0.94492,0.94512,1.00,1.00
2017.02.27 08:46:03.630,0.94488,0.94512,1.00,1.50
2017.02.27 08:46:03.681,0.94488,0.94509,1.00,1.00
2017.02.27 08:46:03.983,0.94487,0.94504,1.00,1.00
2017.02.27 08:46:04.413,0.94488,0.94502,1.00,1.00
2017.02.27 08:46:06.114,0.94482,0.94502,1.00,1.00
2017.02.27 08:46:06.315,0.94488,0.94502,1.00,1.00
2017.02.27 08:46:06.814,0.94483,0.94502,1.00,1.00
2017.02.27 08:46:09.328,0.94488,0.94502,1.00,1.00
2017.02.27 08:46:11.716,0.94483,0.94502,1.00,1.00
2017.02.27 08:46:12.293,0.94483,0.94506,1.00,1.00
2017.02.27 08:46:12.740,0.94488,0.94506,1.00,1.00
2017.02.27 08:46:15.353,0.94483,0.94506,1.00,1.00
2017.02.27 08:46:15.629,0.94488,0.94506,1.00,1.00
2017.02.27 08:46:16.697,0.94483,0.94506,1.00,1.00
2017.02.27 08:46:16.748,0.94492,0.94506,1.00,1.00
2017.02.27 08:46:17.315,0.94488,0.94506,1.00,1.00
2017.02.27 08:46:23.012,0.94488,0.94503,1.00,1.00
2017.02.27 08:46:23.433,0.94478,0.945,1.00,1.00
2017.02.27 08:46:23.539,0.94487,0.945,1.00,1.00
2017.02.27 08:46:24.041,0.94482,0.94501,1.00,1.50
2017.02.27 08:46:24.294,0.94482,0.94503,1.00,1.50
2017.02.27 08:46:24.861,0.94478,0.94503,1.50,1.50
2017.02.27 08:46:26.341,0.94478,0.94502,1.00,1.00
2017.02.27 08:46:26.392,0.94483,0.94501,1.00,1.00
2017.02.27 08:46:26.580,0.94478,0.94501,1.00,1.00
2017.02.27 08:46:26.732,0.94478,0.94503,1.50,1.50
2017.02.27 08:46:27.034,0.94477,0.94501,1.00,1.00
2017.02.27 08:46:27.459,0.94488,0.94501,1.00,1.00
2017.02.27 08:46:27.612,0.94488,0.94503,1.00,1.00
2017.02.27 08:46:27.809,0.94478,0.94504,1.00,1.50
2017.02.27 08:46:28.376,0.94477,0.94504,1.50,1.50
2017.02.27 08:46:28.732,0.94478,0.94499,1.00,1.00
2017.02.27 08:46:30.615,0.94477,0.94499,1.00,1.00
2017.02.27 08:46:31.229,0.94478,0.94499,1.00,1.00
2017.02.27 08:46:36.377,0.9448,0.94499,1.00,1.00
2017.02.27 08:46:36.528,0.94482,0.94504,1.00,1.00
2017.02.27 08:46:36.830,0.94478,0.94501,1.00,1.00
2017.02.27 08:46:37.434,0.94477,0.94501,1.00,1.00
2017.02.27 08:46:38.451,0.94488,0.94501,1.00,1.00
2017.02.27 08:46:38.502,0.94482,0.94501,1.00,1.00
2017.02.27 08:46:38.742,0.94487,0.94502,1.00,1.00
2017.02.27 08:46:40.016,0.94482,0.94502,1.00,1.00
2017.02.27 08:46:40.133,0.94477,0.94502,1.50,1.00
2017.02.27 08:46:41.698,0.94478,0.94502,1.00,1.00
2017.02.27 08:46:42.115,0.94483,0.94502,1.00,1.00
2017.02.27 08:46:42.784,0.94478,0.94502,1.00,1.00
2017.02.27 08:46:42.834,0.94483,0.94503,1.00,1.00
2017.02.27 08:46:43.353,0.94483,0.94504,1.00,1.00
2017.02.27 08:46:45.615,0.94482,0.94504,1.00,1.00
2017.02.27 08:46:46.682,0.94483,0.94504,1.00,1.00
2017.02.27 08:46:47.883,0.94483,0.94502,1.00,1.00
2017.02.27 08:46:49.215,0.94478,0.94502,1.50,1.00
2017.02.27 08:46:49.347,0.94478,0.94504,1.00,1.00
2017.02.27 08:46:49.435,0.94483,0.94504,1.00,1.00
2017.02.27 08:46:49.816,0.94478,0.94504,1.00,1.00
2017.02.27 08:46:50.108,0.94478,0.94502,1.00,1.00
2017.02.27 08:46:52.266,0.94483,0.94502,1.00,1.00
2017.02.27 08:46:53.448,0.94483,0.94504,1.00,1.00
2017.02.27 08:46:55.056,0.94478,0.94504,1.00,1.00
2017.02.27 08:46:55.319,0.94482,0.94504,1.00,1.00
2017.02.27 08:46:55.865,0.94483,0.94504,1.00,1.00
2017.02.27 08:46:55.917,0.94477,0.94504,1.50,1.00
2017.02.27 08:47:00.541,0.94477,0.94499,1.00,1.00
2017.02.27 08:47:01.060,0.94474,0.94498,1.00,1.00
2017.02.27 08:47:01.161,0.94476,0.94498,1.00,1.00
2017.02.27 08:47:01.212,0.94476,0.945,1.00,1.00
2017.02.27 08:47:01.391,0.94478,0.945,1.00,1.00
2017.02.27 08:47:02.369,0.94477,0.945,1.00,1.00
2017.02.27 08:47:02.420,0.94473,0.94501,1.00,1.00
2017.02.27 08:47:02.470,0.94473,0.94497,1.00,1.00
2017.02.27 08:47:02.776,0.94467,0.94492,1.00,1.00
2017.02.27 08:47:03.290,0.94468,0.94492,1.00,1.00
2017.02.27 08:47:03.407,0.94462,0.94492,1.50,1.00
2017.02.27 08:47:03.458,0.94462,0.94489,1.50,1.00
2017.02.27 08:47:03.878,0.94462,0.94482,1.00,1.00
2017.02.27 08:47:06.561,0.94458,0.94482,1.00,1.00
2017.02.27 08:47:06.615,0.94463,0.94482,1.00,1.00
2017.02.27 08:47:07.662,0.94462,0.94482,1.00,1.00
2017.02.27 08:47:10.160,0.94463,0.94482,1.00,1.00
2017.02.27 08:47:13.700,0.94463,0.94483,1.00,1.00
2017.02.27 08:47:14.160,0.94458,0.94483,1.50,1.00
2017.02.27 08:47:14.214,0.94463,0.94483,1.00,1.00
2017.02.27 08:47:14.536,0.94456,0.94483,1.00,1.00
2017.02.27 08:47:14.615,0.94463,0.94483,1.00,1.00
2017.02.27 08:47:14.864,0.94458,0.94483,1.00,1.00
2017.02.27 08:47:15.137,0.94463,0.94484,1.00,1.00
2017.02.27 08:47:15.745,0.94462,0.94483,1.00,1.00
2017.02.27 08:47:16.314,0.94463,0.94482,1.00,1.00
2017.02.27 08:47:18.906,0.94463,0.94484,1.00,1.00
2017.02.27 08:47:20.530,0.94463,0.94482,1.00,1.00
2017.02.27 08:47:26.330,0.94463,0.94483,1.00,1.00
2017.02.27 08:47:27.509,0.94463,0.94482,1.00,1.00
2017.02.27 08:47:32.849,0.94462,0.94482,1.00,1.00
2017.02.27 08:47:33.714,0.94463,0.94482,1.00,1.00
2017.02.27 08:47:34.937,0.94463,0.94483,1.00,1.00
2017.02.27 08:47:38.280,0.94463,0.94482,1.00,1.00
2017.02.27 08:47:38.642,0.94467,0.94482,1.00,1.00
2017.02.27 08:47:38.743,0.94458,0.9448,1.00,1.00
2017.02.27 08:47:38.894,0.94457,0.94478,1.00,1.00
2017.02.27 08:47:39.859,0.94457,0.94479,1.00,1.00
2017.02.27 08:47:40.813,0.94458,0.94479,1.00,1.00
2017.02.27 08:47:41.560,0.94457,0.94479,1.00,1.00
2017.02.27 08:47:42.415,0.94458,0.94479,1.00,1.00
2017.02.27 08:47:43.337,0.94457,0.94479,1.00,1.00
2017.02.27 08:47:43.440,0.94453,0.94476,1.00,1.00
2017.02.27 08:47:43.592,0.94452,0.94473,1.00,1.00
2017.02.27 08:47:43.744,0.94449,0.94473,1.00,1.00
2017.02.27 08:47:43.862,0.94449,0.94476,1.00,1.00
2017.02.27 08:47:44.006,0.94458,0.94476,1.00,1.00
2017.02.27 08:47:48.665,0.94458,0.94477,1.00,1.50
2017.02.27 08:47:49.259,0.94457,0.94477,1.00,1.50
2017.02.27 08:47:49.988,0.94458,0.94477,1.00,1.50
2017.02.27 08:47:50.817,0.94457,0.94477,1.00,1.00
2017.02.27 08:47:51.370,0.94457,0.94476,1.00,1.00
2017.02.27 08:47:53.078,0.94457,0.94477,1.00,1.00
2017.02.27 08:47:54.014,0.94458,0.94477,1.00,1.00
2017.02.27 08:47:54.520,0.94458,0.94478,1.00,1.00
2017.02.27 08:47:55.315,0.94457,0.94478,1.00,1.00
2017.02.27 08:47:55.865,0.94457,0.94477,1.00,1.00
2017.02.27 08:47:58.255,0.94463,0.94477,1.00,1.00
2017.02.27 08:47:59.317,0.94462,0.94477,1.00,1.00
2017.02.27 08:47:59.978,0.94462,0.9448,1.00,1.50
2017.02.27 08:48:00.028,0.94457,0.9448,1.00,1.00
2017.02.27 08:48:00.129,0.94461,0.94483,1.00,1.00
2017.02.27 08:48:00.180,0.94462,0.94487,1.00,1.00
2017.02.27 08:48:00.269,0.94462,0.94489,1.00,1.00
2017.02.27 08:48:00.320,0.94467,0.94489,1.00,1.00
2017.02.27 08:48:00.622,0.94467,0.94486,1.00,1.00
2017.02.27 08:48:00.987,0.94467,0.94488,1.00,1.50
2017.02.27 08:48:04.497,0.94467,0.94487,1.00,1.00
2017.02.27 08:48:04.806,0.94468,0.94479,1.00,1.00
2017.02.27 08:48:04.856,0.94458,0.94479,1.00,1.00
2017.02.27 08:48:04.957,0.94463,0.94482,1.00,1.00
2017.02.27 08:48:05.058,0.94458,0.9448,1.00,1.00
2017.02.27 08:48:06.134,0.94457,0.9448,1.00,1.00
2017.02.27 08:48:06.648,0.94458,0.94481,1.00,1.00
2017.02.27 08:48:07.826,0.94457,0.94481,1.00,1.00
2017.02.27 08:48:08.376,0.94458,0.94481,1.00,1.00
2017.02.27 08:48:09.331,0.94458,0.94479,1.00,1.00
2017.02.27 08:48:10.116,0.94457,0.94479,1.00,1.00
2017.02.27 08:48:11.193,0.94458,0.94479,1.00,1.00
2017.02.27 08:48:11.345,0.94454,0.94479,1.00,1.00
2017.02.27 08:48:11.396,0.94453,0.94477,1.50,1.00
2017.02.27 08:48:11.715,0.94458,0.94481,1.00,1.00
2017.02.27 08:48:12.294,0.94462,0.94481,1.00,1.00
2017.02.27 08:48:13.217,0.94463,0.94481,1.00,1.00
2017.02.27 08:48:13.360,0.94458,0.94482,1.00,1.00
2017.02.27 08:48:13.411,0.94458,0.9448,1.00,1.00
2017.02.27 08:48:14.408,0.94457,0.9448,1.00,1.00
2017.02.27 08:48:14.459,0.94452,0.94477,1.00,1.00
2017.02.27 08:48:14.510,0.94452,0.94475,1.00,1.00
2017.02.27 08:48:14.611,0.94453,0.94477,1.50,1.00
2017.02.27 08:48:14.661,0.94458,0.94477,1.00,1.00
2017.02.27 08:48:14.801,0.94453,0.94477,1.50,1.00
2017.02.27 08:48:14.902,0.94453,0.9448,1.50,1.50
2017.02.27 08:48:15.003,0.94458,0.9448,1.00,1.00
2017.02.27 08:48:15.608,0.94457,0.9448,1.00,1.00
2017.02.27 08:48:16.842,0.94457,0.94481,1.00,1.00
2017.02.27 08:48:16.944,0.94454,0.94479,1.00,1.00
2017.02.27 08:48:17.095,0.94462,0.9448,1.00,1.00
2017.02.27 08:48:17.312,0.94457,0.94478,1.00,1.00
2017.02.27 08:48:17.363,0.94452,0.94478,1.00,1.00
2017.02.27 08:48:17.719,0.94458,0.94478,1.00,1.00
2017.02.27 08:48:19.150,0.94462,0.94478,1.00,1.00
2017.02.27 08:48:19.515,0.94458,0.94478,1.00,1.00
2017.02.27 08:48:20.559,0.94458,0.94477,1.00,1.00
2017.02.27 08:48:22.637,0.94458,0.94478,1.00,1.00
2017.02.27 08:48:23.138,0.94458,0.94476,1.00,1.00
2017.02.27 08:48:23.975,0.94458,0.94477,1.00,1.00
2017.02.27 08:48:24.713,0.94458,0.94478,1.00,1.00
2017.02.27 08:48:25.223,0.94458,0.94479,1.00,1.00
2017.02.27 08:48:27.016,0.94457,0.94479,1.00,1.00
2017.02.27 08:48:28.415,0.94458,0.94479,1.00,1.00
2017.02.27 08:48:30.456,0.94458,0.94481,1.00,1.00
2017.02.27 08:48:31.147,0.94457,0.94481,1.00,1.00
2017.02.27 08:48:32.168,0.94458,0.94481,1.00,1.00
2017.02.27 08:48:32.703,0.94457,0.94481,1.00,1.00
2017.02.27 08:48:32.894,0.94462,0.94481,1.00,1.00
2017.02.27 08:48:33.425,0.94457,0.9448,1.00,1.00
2017.02.27 08:48:33.583,0.94463,0.9448,1.00,1.00
2017.02.27 08:48:33.634,0.94458,0.9448,1.00,1.00
2017.02.27 08:48:34.556,0.94458,0.94481,1.00,1.00
2017.02.27 08:48:35.343,0.94457,0.94481,1.00,1.00
2017.02.27 08:48:35.444,0.94457,0.94483,1.50,1.00
2017.02.27 08:48:35.595,0.94463,0.94483,1.00,1.00
2017.02.27 08:48:36.996,0.94462,0.94481,1.00,1.00
2017.02.27 08:48:37.047,0.94458,0.94481,1.00,1.00
2017.02.27 08:48:37.147,0.94458,0.94479,1.00,1.00
2017.02.27 08:48:37.950,0.94458,0.9448,1.00,1.00
2017.02.27 08:48:41.406,0.94458,0.94481,1.00,1.00
2017.02.27 08:48:41.735,0.94463,0.94481,1.00,1.00
2017.02.27 08:48:42.114,0.94458,0.94481,1.00,1.00
2017.02.27 08:48:43.030,0.94454,0.94481,1.00,1.00
2017.02.27 08:48:43.130,0.94458,0.94481,1.00,1.00
2017.02.27 08:48:43.477,0.94458,0.94479,1.00,1.00
2017.02.27 08:48:44.186,0.94457,0.9448,1.00,1.00
2017.02.27 08:48:47.000,0.94452,0.94473,1.00,1.00
2017.02.27 08:48:47.051,0.9445,0.94474,1.50,1.00
2017.02.27 08:48:47.256,0.94458,0.94474,1.00,1.00
2017.02.27 08:48:48.010,0.94458,0.94475,1.00,1.00
2017.02.27 08:48:48.715,0.94452,0.94475,1.00,1.00
2017.02.27 08:48:50.612,0.94458,0.94476,1.00,1.00
2017.02.27 08:48:50.999,0.94452,0.94476,1.00,1.00
2017.02.27 08:48:51.049,0.94457,0.94476,1.00,1.00
2017.02.27 08:48:51.150,0.94457,0.9448,1.00,1.00
2017.02.27 08:48:51.691,0.94458,0.9448,1.00,1.00
2017.02.27 08:48:51.792,0.94453,0.9448,1.50,1.00
2017.02.27 08:48:51.893,0.94452,0.94476,1.00,1.00
2017.02.27 08:48:52.977,0.94453,0.94477,1.00,1.00
2017.02.27 08:48:53.141,0.94454,0.94479,1.00,1.00
2017.02.27 08:48:53.417,0.94458,0.94479,1.00,1.00
2017.02.27 08:48:53.720,0.94458,0.94481,1.00,1.00
2017.02.27 08:48:55.077,0.94456,0.94481,1.00,1.00
2017.02.27 08:48:55.414,0.94458,0.94481,1.00,1.00
2017.02.27 08:48:55.770,0.94456,0.94481,1.00,1.00
2017.02.27 08:48:56.271,0.94463,0.94481,1.00,1.00
2017.02.27 08:48:56.444,0.94458,0.94481,1.00,1.00
2017.02.27 08:48:57.063,0.94457,0.94481,1.00,1.00
2017.02.27 08:48:57.412,0.94457,0.94479,1.00,1.00
2017.02.27 08:48:58.033,0.94457,0.94476,1.00,1.00
2017.02.27 08:48:58.142,0.94457,0.94479,1.00,1.00
2017.02.27 08:48:58.686,0.94457,0.9448,1.00,1.50
2017.02.27 08:48:59.093,0.94462,0.9448,1.00,1.50
2017.02.27 08:48:59.733,0.94457,0.9448,1.00,1.50
2017.02.27 08:49:00.825,0.94457,0.94482,1.00,1.00
2017.02.27 08:49:00.876,0.94457,0.94478,1.00,1.00
2017.02.27 08:49:01.180,0.94457,0.94474,1.00,1.00
2017.02.27 08:49:02.035,0.94458,0.94474,1.00,1.00
2017.02.27 08:49:02.613,0.94457,0.94474,1.00,1.00
2017.02.27 08:49:02.764,0.94453,0.94474,1.00,1.00
2017.02.27 08:49:03.027,0.94453,0.94471,1.00,1.00
2017.02.27 08:49:04.165,0.94453,0.94473,1.00,1.00
2017.02.27 08:49:04.452,0.94449,0.94474,1.00,1.00
2017.02.27 08:49:04.640,0.94448,0.94472,1.00,1.00
2017.02.27 08:49:05.803,0.94453,0.94472,1.00,1.00
2017.02.27 08:49:06.569,0.94453,0.94471,1.00,1.00
2017.02.27 08:49:07.524,0.94447,0.94471,1.00,1.00
2017.02.27 08:49:07.625,0.94453,0.9447,1.00,1.00
2017.02.27 08:49:07.927,0.94445,0.9447,1.00,1.00
2017.02.27 08:49:07.977,0.94447,0.94472,1.00,1.00
2017.02.27 08:49:08.278,0.94458,0.94473,1.00,1.00
2017.02.27 08:49:08.328,0.94458,0.94477,1.00,1.00
2017.02.27 08:49:09.314,0.94452,0.94477,1.00,1.00
2017.02.27 08:49:10.572,0.94463,0.94477,1.00,1.00
2017.02.27 08:49:11.018,0.94453,0.94477,1.00,1.00
2017.02.27 08:49:15.848,0.94452,0.94475,1.00,1.00
2017.02.27 08:49:16.375,0.94453,0.94476,1.00,1.00
2017.02.27 08:49:17.198,0.94453,0.94477,1.00,1.00
2017.02.27 08:49:18.014,0.94453,0.94478,1.50,1.00
2017.02.27 08:49:18.321,0.94457,0.94478,1.00,1.00
2017.02.27 08:49:18.548,0.94453,0.94478,1.00,1.00
2017.02.27 08:49:19.041,0.94457,0.94478,1.00,1.00
2017.02.27 08:49:19.415,0.94454,0.94478,1.00,1.00
2017.02.27 08:49:20.018,0.94453,0.94478,1.50,1.00
2017.02.27 08:49:20.315,0.94458,0.94478,1.00,1.00
2017.02.27 08:49:20.914,0.94453,0.94478,1.00,1.00
2017.02.27 08:49:22.756,0.94452,0.94477,1.50,1.00
2017.02.27 08:49:22.935,0.94457,0.94477,1.00,1.00
2017.02.27 08:49:23.134,0.94457,0.9448,1.00,1.00
2017.02.27 08:49:23.234,0.94453,0.9448,1.00,1.00
2017.02.27 08:49:23.335,0.94456,0.9448,1.00,1.00
2017.02.27 08:49:23.701,0.94458,0.9448,1.00,1.00
2017.02.27 08:49:24.211,0.94458,0.94479,1.00,1.00
2017.02.27 08:49:24.362,0.94456,0.94481,1.00,1.50
2017.02.27 08:49:24.463,0.94453,0.9448,1.50,1.00
2017.02.27 08:49:25.214,0.94457,0.9448,1.00,1.00
2017.02.27 08:49:25.714,0.94453,0.9448,1.50,1.00
2017.02.27 08:49:25.815,0.94456,0.9448,1.00,1.00
2017.02.27 08:49:26.710,0.94458,0.9448,1.00,1.00
2017.02.27 08:49:26.761,0.94456,0.9448,1.00,1.00
2017.02.27 08:49:27.302,0.94457,0.94481,1.00,1.00
2017.02.27 08:49:27.574,0.94458,0.94483,1.00,1.00
2017.02.27 08:49:28.217,0.94458,0.94482,1.00,1.00
2017.02.27 08:49:28.416,0.94453,0.94481,1.50,1.00
2017.02.27 08:49:28.467,0.94453,0.9447,1.00,1.00
2017.02.27 08:49:28.617,0.94445,0.94463,1.50,1.00
2017.02.27 08:49:28.668,0.94437,0.94463,1.00,1.00
2017.02.27 08:49:28.769,0.94438,0.9446,1.00,1.00
2017.02.27 08:49:28.819,0.94433,0.9446,1.00,1.00
2017.02.27 08:49:28.970,0.94433,0.94463,1.00,1.00
2017.02.27 08:49:29.021,0.94437,0.94463,1.00,1.00
2017.02.27 08:49:29.560,0.94435,0.94463,1.00,1.00
2017.02.27 08:49:29.615,0.94438,0.94463,1.00,1.00
2017.02.27 08:49:29.916,0.94442,0.94464,1.00,1.00
2017.02.27 08:49:30.269,0.94442,0.94462,1.00,1.00
2017.02.27 08:49:31.589,0.94443,0.94462,1.00,1.00
2017.02.27 08:49:32.130,0.94442,0.94462,1.00,1.00
2017.02.27 08:49:32.658,0.94443,0.94462,1.00,1.00
2017.02.27 08:49:33.660,0.94442,0.94462,1.00,1.00
2017.02.27 08:49:34.164,0.94442,0.94461,1.00,1.00
2017.02.27 08:49:34.427,0.94437,0.94461,1.00,1.00
2017.02.27 08:49:34.583,0.94443,0.94462,1.00,1.00
2017.02.27 08:49:34.736,0.94437,0.94462,1.00,1.00
2017.02.27 08:49:34.914,0.94442,0.94462,1.00,1.00
2017.02.27 08:49:35.015,0.94437,0.94462,1.00,1.00
2017.02.27 08:49:35.116,0.94443,0.94462,1.00,1.00
2017.02.27 08:49:35.217,0.94438,0.94462,1.00,1.00
2017.02.27 08:49:35.318,0.94443,0.94462,1.00,1.00
2017.02.27 08:49:35.418,0.94437,0.94462,1.00,1.00
2017.02.27 08:49:35.519,0.94442,0.94462,1.00,1.00
2017.02.27 08:49:35.620,0.94438,0.94462,1.00,1.00
2017.02.27 08:49:35.721,0.94442,0.94462,1.00,1.00
2017.02.27 08:49:35.771,0.94442,0.94464,1.00,1.00
2017.02.27 08:49:35.922,0.94442,0.94462,1.00,1.00
2017.02.27 08:49:35.972,0.94437,0.94462,1.00,1.00
2017.02.27 08:49:36.224,0.94437,0.94459,1.00,1.00
2017.02.27 08:49:36.425,0.94433,0.94458,1.00,1.00
2017.02.27 08:49:36.954,0.94433,0.94457,1.00,1.00
2017.02.27 08:49:37.449,0.94433,0.94454,1.00,1.00
2017.02.27 08:49:38.450,0.94433,0.94455,1.00,1.00
2017.02.27 08:49:39.210,0.94438,0.94455,1.00,1.00
2017.02.27 08:49:39.330,0.94433,0.94455,1.00,1.00
2017.02.27 08:49:39.918,0.94433,0.94454,1.00,1.00
2017.02.27 08:49:40.019,0.94433,0.94452,1.00,1.00
2017.02.27 08:49:44.091,0.94433,0.94453,1.00,1.00
2017.02.27 08:49:44.142,0.94433,0.94456,1.00,1.50
2017.02.27 08:49:44.403,0.94438,0.94457,1.00,1.00
2017.02.27 08:49:45.082,0.94438,0.94455,1.00,1.00
2017.02.27 08:49:45.133,0.94433,0.94455,1.00,1.00
2017.02.27 08:49:45.441,0.94433,0.94453,1.00,1.00
2017.02.27 08:49:45.774,0.94433,0.94455,1.00,1.00
2017.02.27 08:49:46.310,0.94433,0.94456,1.00,1.00
2017.02.27 08:49:46.461,0.94433,0.94454,1.00,1.00
2017.02.27 08:49:49.607,0.94433,0.94455,1.00,1.00
2017.02.27 08:49:49.939,0.94432,0.94457,1.00,1.00
2017.02.27 08:49:50.194,0.94438,0.94457,1.00,1.00
2017.02.27 08:49:50.715,0.94433,0.94457,1.00,1.00
2017.02.27 08:49:50.944,0.94438,0.94457,1.00,1.00
2017.02.27 08:49:51.014,0.94433,0.94457,1.00,1.00
2017.02.27 08:49:51.314,0.94437,0.94457,1.00,1.00
2017.02.27 08:49:52.816,0.94437,0.94458,1.00,1.00
2017.02.27 08:49:53.014,0.94432,0.94456,1.00,1.00
2017.02.27 08:49:53.330,0.94437,0.94456,1.00,1.00
2017.02.27 08:49:53.923,0.94433,0.94456,1.00,1.00
2017.02.27 08:49:54.511,0.94432,0.94456,1.00,1.00
2017.02.27 08:49:55.413,0.94432,0.94458,1.00,1.00
2017.02.27 08:49:55.916,0.94433,0.9446,1.50,1.00
2017.02.27 08:49:55.966,0.94435,0.94462,1.00,1.50
2017.02.27 08:49:56.268,0.94439,0.94466,1.00,1.00
2017.02.27 08:49:56.583,0.94443,0.94466,1.00,1.00
2017.02.27 08:49:57.026,0.94443,0.94468,1.00,1.00
2017.02.27 08:49:57.136,0.94443,0.94466,1.00,1.00
2017.02.27 08:49:57.664,0.94443,0.94465,1.00,1.00
2017.02.27 08:49:59.522,0.94438,0.94465,1.00,1.00
2017.02.27 08:49:59.967,0.94442,0.94465,1.00,1.00
2017.02.27 08:50:00.441,0.94435,0.94458,1.00,1.00
2017.02.27 08:50:00.743,0.94428,0.94455,1.00,1.00
2017.02.27 08:50:00.992,0.94433,0.94455,1.00,1.00
2017.02.27 08:50:02.288,0.94433,0.94454,1.00,1.00
2017.02.27 08:50:03.176,0.94433,0.94456,1.00,1.00
2017.02.27 08:50:03.348,0.94438,0.94456,1.00,1.00
2017.02.27 08:50:04.115,0.94432,0.94456,1.00,1.00
2017.02.27 08:50:06.136,0.94432,0.94454,1.00,1.00
2017.02.27 08:50:06.748,0.94433,0.94454,1.00,1.00
2017.02.27 08:50:07.050,0.94428,0.9445,1.00,1.00
2017.02.27 08:50:08.349,0.94428,0.94451,1.00,1.00
2017.02.27 08:50:09.798,0.94428,0.94452,1.00,1.00
2017.02.27 08:50:10.115,0.94433,0.94453,1.00,1.00
2017.02.27 08:50:12.629,0.94433,0.94454,1.00,1.00
2017.02.27 08:50:12.931,0.94433,0.94456,1.00,1.00
2017.02.27 08:50:13.600,0.94433,0.94455,1.00,1.00
2017.02.27 08:50:13.715,0.94438,0.94455,1.00,1.00
2017.02.27 08:50:13.766,0.94438,0.94457,1.00,1.00
2017.02.27 08:50:14.346,0.94438,0.94456,1.00,1.00
2017.02.27 08:50:14.851,0.94438,0.94457,1.00,1.00
2017.02.27 08:50:14.915,0.94432,0.94457,1.00,1.00
2017.02.27 08:50:15.239,0.94428,0.94456,1.50,1.00
2017.02.27 08:50:15.290,0.94428,0.94454,1.50,1.00
2017.02.27 08:50:15.629,0.94432,0.94456,1.00,1.00
2017.02.27 08:50:16.090,0.94432,0.94454,1.00,1.00
2017.02.27 08:50:17.230,0.94432,0.94457,1.00,1.00
2017.02.27 08:50:17.331,0.94437,0.94457,1.00,1.00
2017.02.27 08:50:17.985,0.94437,0.94456,1.00,1.00
2017.02.27 08:50:18.203,0.94438,0.94458,1.00,1.00
2017.02.27 08:50:24.286,0.94438,0.94456,1.00,1.00
2017.02.27 08:50:27.731,0.94442,0.94459,1.00,1.00
2017.02.27 08:50:27.781,0.94434,0.94459,1.00,1.00
2017.02.27 08:50:27.832,0.94436,0.94461,1.00,1.00
2017.02.27 08:50:27.882,0.94437,0.94463,1.00,1.00
2017.02.27 08:50:27.983,0.94436,0.9446,1.00,1.00
2017.02.27 08:50:28.399,0.94442,0.9446,1.00,1.00
2017.02.27 08:50:29.017,0.94442,0.94458,1.00,1.00
2017.02.27 08:50:31.397,0.94443,0.94462,1.00,1.00
2017.02.27 08:50:31.497,0.9444,0.94465,1.00,1.00
2017.02.27 08:50:31.598,0.94443,0.94467,1.00,1.00
2017.02.27 08:50:31.749,0.9444,0.94467,1.00,1.00
2017.02.27 08:50:31.951,0.94443,0.94468,1.00,1.00
2017.02.27 08:50:32.253,0.9444,0.94467,1.00,1.00
2017.02.27 08:50:32.354,0.94448,0.94467,1.00,1.00
2017.02.27 08:50:32.659,0.94448,0.94469,1.00,1.00
2017.02.27 08:50:32.826,0.94443,0.94469,1.00,1.00
2017.02.27 08:50:32.927,0.94448,0.94468,1.00,1.00
2017.02.27 08:50:33.028,0.94442,0.94468,1.00,1.00
2017.02.27 08:50:33.249,0.94448,0.94468,1.00,1.00
2017.02.27 08:50:33.635,0.94448,0.94466,1.00,1.00
2017.02.27 08:50:33.735,0.94443,0.94466,1.00,1.00
2017.02.27 08:50:34.289,0.94442,0.94466,1.00,1.00
2017.02.27 08:50:34.616,0.94439,0.94466,1.00,1.00
2017.02.27 08:50:34.898,0.94443,0.94466,1.00,1.00
2017.02.27 08:50:35.407,0.94443,0.94465,1.00,1.00
2017.02.27 08:50:35.629,0.9444,0.94465,1.00,1.00
2017.02.27 08:50:35.715,0.94443,0.94465,1.00,1.00
2017.02.27 08:50:38.439,0.94443,0.94464,1.00,1.00
2017.02.27 08:50:38.667,0.94439,0.94464,1.50,1.00
2017.02.27 08:50:38.930,0.94442,0.94465,1.00,1.00
2017.02.27 08:50:39.330,0.94448,0.94465,1.00,1.00
2017.02.27 08:50:39.415,0.94443,0.94465,1.00,1.00
2017.02.27 08:50:41.636,0.94443,0.94467,1.00,1.00
2017.02.27 08:50:41.908,0.94447,0.94467,1.00,1.00
2017.02.27 08:50:43.467,0.94443,0.94467,1.00,1.00
2017.02.27 08:50:43.622,0.94448,0.94466,1.00,1.00
2017.02.27 08:50:43.933,0.94442,0.94466,1.00,1.00
2017.02.27 08:50:44.090,0.94443,0.94464,1.00,1.00
2017.02.27 08:50:44.445,0.94439,0.94464,1.50,1.00
2017.02.27 08:50:44.596,0.94442,0.94464,1.00,1.00
2017.02.27 08:50:45.117,0.94443,0.94464,1.00,1.00
2017.02.27 08:50:46.214,0.94443,0.94465,1.00,1.00
2017.02.27 08:50:46.315,0.9444,0.94465,1.00,1.00
2017.02.27 08:50:47.012,0.94442,0.94466,1.00,1.00
2017.02.27 08:50:47.664,0.94443,0.94465,1.00,1.00
2017.02.27 08:50:48.319,0.94439,0.94465,1.00,1.00
2017.02.27 08:50:48.780,0.94441,0.94465,1.00,1.00
2017.02.27 08:50:49.342,0.94441,0.94466,1.00,1.00
2017.02.27 08:50:49.735,0.94443,0.94466,1.00,1.00
2017.02.27 08:50:50.222,0.9444,0.94465,1.00,1.00
2017.02.27 08:50:51.015,0.94439,0.94465,1.00,1.00
2017.02.27 08:50:51.494,0.94443,0.94466,1.00,1.00
2017.02.27 08:50:52.619,0.94443,0.94467,1.00,1.00
2017.02.27 08:50:54.945,0.94443,0.94469,1.50,1.00
2017.02.27 08:50:55.476,0.94444,0.9447,1.00,1.00
2017.02.27 08:50:56.054,0.94443,0.9447,1.50,1.00
2017.02.27 08:50:57.654,0.94443,0.94468,1.50,1.00
2017.02.27 08:50:59.561,0.94448,0.94468,1.00,1.00
2017.02.27 08:50:59.665,0.94443,0.94468,1.50,1.00
2017.02.27 08:50:59.866,0.94447,0.94469,1.00,1.00
2017.02.27 08:51:00.543,0.94447,0.94468,1.00,1.00
2017.02.27 08:51:01.152,0.94447,0.94467,1.00,1.00
2017.02.27 08:51:01.669,0.94447,0.94468,1.00,1.00
2017.02.27 08:51:02.316,0.94448,0.94468,1.00,1.00
2017.02.27 08:51:03.114,0.94448,0.94467,1.00,1.00
2017.02.27 08:51:03.467,0.94447,0.94465,1.00,1.00
2017.02.27 08:51:03.568,0.94447,0.94467,1.00,1.00
2017.02.27 08:51:04.040,0.94442,0.94467,1.00,1.00
2017.02.27 08:51:04.091,0.94442,0.94465,1.00,1.00
2017.02.27 08:51:04.598,0.94443,0.94465,1.00,1.00
2017.02.27 08:51:05.196,0.94442,0.94465,1.00,1.00
2017.02.27 08:51:05.715,0.94443,0.94465,1.00,1.00
2017.02.27 08:51:06.115,0.94448,0.94465,1.00,1.00
2017.02.27 08:51:07.933,0.94443,0.94465,1.00,1.00
2017.02.27 08:51:08.367,0.94448,0.94466,1.00,1.00
2017.02.27 08:51:08.418,0.94443,0.94468,1.00,1.00
2017.02.27 08:51:08.468,0.94445,0.94469,1.00,1.00
2017.02.27 08:51:08.519,0.94446,0.94471,1.00,1.00
2017.02.27 08:51:08.720,0.94453,0.94471,1.00,1.00
2017.02.27 08:51:08.878,0.94453,0.94473,1.00,1.00
2017.02.27 08:51:09.832,0.94453,0.94474,1.00,1.00
2017.02.27 08:51:10.423,0.94453,0.94475,1.00,1.00
2017.02.27 08:51:11.917,0.94448,0.94475,1.50,1.00
2017.02.27 08:51:12.018,0.94453,0.94474,1.00,1.00
2017.02.27 08:51:12.616,0.94449,0.94474,1.00,1.00
2017.02.27 08:51:14.115,0.94452,0.94474,1.00,1.00
2017.02.27 08:51:15.947,0.94448,0.94467,1.00,1.00
2017.02.27 08:51:16.020,0.94448,0.94469,1.00,1.00
2017.02.27 08:51:16.121,0.94444,0.94469,1.00,1.00
2017.02.27 08:51:16.351,0.94446,0.94471,1.00,1.00
2017.02.27 08:51:16.932,0.94447,0.9447,1.00,1.00
2017.02.27 08:51:19.887,0.94447,0.94471,1.00,1.00
2017.02.27 08:51:21.620,0.94448,0.94471,1.00,1.00
2017.02.27 08:51:23.460,0.94448,0.94472,1.00,1.00
2017.02.27 08:51:23.511,0.94448,0.94474,1.00,1.00
2017.02.27 08:51:25.153,0.94448,0.94475,1.50,1.00
2017.02.27 08:51:26.434,0.94448,0.94473,1.50,1.00
2017.02.27 08:51:27.808,0.94448,0.94475,1.50,1.00
2017.02.27 08:51:28.504,0.94453,0.94475,1.00,1.00
2017.02.27 08:51:28.555,0.94448,0.94475,1.50,1.00
2017.02.27 08:51:28.657,0.94453,0.94475,1.00,1.00
2017.02.27 08:51:30.680,0.94452,0.94476,1.00,1.00
2017.02.27 08:51:31.214,0.94457,0.94476,1.00,1.00
2017.02.27 08:51:32.322,0.94458,0.94483,1.00,1.00
2017.02.27 08:51:32.422,0.94463,0.94483,1.00,1.00
2017.02.27 08:51:32.634,0.94461,0.94486,1.00,1.00
2017.02.27 08:51:32.899,0.94467,0.94486,1.00,1.00
2017.02.27 08:51:33.276,0.94467,0.94489,1.00,1.00
2017.02.27 08:51:33.824,0.94468,0.94489,1.00,1.00
2017.02.27 08:51:35.119,0.94468,0.94488,1.00,1.00
2017.02.27 08:51:35.220,0.94463,0.94488,1.00,1.00
2017.02.27 08:51:35.694,0.94467,0.94489,1.00,1.00
2017.02.27 08:51:38.915,0.94468,0.94489,1.00,1.00
2017.02.27 08:51:40.347,0.94464,0.94489,1.00,1.00
2017.02.27 08:51:40.890,0.94464,0.94488,1.00,1.00
2017.02.27 08:51:42.477,0.94468,0.94488,1.00,1.00
2017.02.27 08:51:42.814,0.94464,0.94488,1.00,1.00
2017.02.27 08:51:43.215,0.94468,0.94488,1.00,1.00
2017.02.27 08:51:43.733,0.94468,0.94489,1.00,1.00
2017.02.27 08:51:44.245,0.94462,0.94486,1.00,1.00
2017.02.27 08:51:44.296,0.94462,0.94481,1.00,1.00
2017.02.27 08:51:44.447,0.94457,0.9448,1.00,1.00
2017.02.27 08:51:44.660,0.94454,0.9448,1.00,1.00
2017.02.27 08:51:44.761,0.94458,0.9448,1.00,1.00
2017.02.27 08:51:45.200,0.94458,0.94478,1.00,1.00
2017.02.27 08:51:45.860,0.94458,0.94479,1.00,1.00
2017.02.27 08:51:46.184,0.94462,0.94479,1.00,1.00
2017.02.27 08:51:46.657,0.94457,0.94479,1.00,1.00
2017.02.27 08:51:47.897,0.94457,0.9448,1.00,1.00
2017.02.27 08:51:48.049,0.94463,0.9448,1.00,1.00
2017.02.27 08:51:49.411,0.94462,0.94483,1.00,1.00
2017.02.27 08:51:50.255,0.94463,0.94483,1.00,1.00
2017.02.27 08:51:50.915,0.94463,0.94484,1.00,1.00
2017.02.27 08:51:52.478,0.94463,0.94483,1.00,1.00
2017.02.27 08:51:53.058,0.94463,0.94484,1.00,1.00
2017.02.27 08:51:55.660,0.94462,0.94484,1.00,1.00
2017.02.27 08:51:56.227,0.94463,0.94484,1.00,1.00
2017.02.27 08:51:56.754,0.9446,0.94485,1.00,1.00
2017.02.27 08:51:56.860,0.94462,0.94485,1.00,1.00
2017.02.27 08:51:57.216,0.94467,0.94486,1.00,1.00
2017.02.27 08:51:57.717,0.94472,0.94486,1.00,1.00
2017.02.27 08:51:57.826,0.94467,0.94486,1.00,1.00
2017.02.27 08:51:58.495,0.94472,0.9449,1.00,1.00
2017.02.27 08:51:58.545,0.94463,0.9449,1.50,1.00
2017.02.27 08:51:58.596,0.94465,0.9449,1.00,1.00
2017.02.27 08:51:58.949,0.94468,0.9449,1.00,1.00
2017.02.27 08:51:59.744,0.94465,0.9449,1.00,1.00
2017.02.27 08:52:00.619,0.94463,0.94489,1.00,1.00
2017.02.27 08:52:01.343,0.94463,0.94487,1.00,1.00
2017.02.27 08:52:02.283,0.94462,0.94486,1.00,1.00
2017.02.27 08:52:04.494,0.94467,0.94486,1.00,1.00
2017.02.27 08:52:04.545,0.94463,0.94486,1.00,1.00
2017.02.27 08:52:05.320,0.94463,0.94487,1.00,1.00
2017.02.27 08:52:06.195,0.94468,0.94487,1.00,1.00
2017.02.27 08:52:06.819,0.94462,0.94487,1.50,1.00
2017.02.27 08:52:06.988,0.94462,0.94489,1.50,1.00
2017.02.27 08:52:08.493,0.94468,0.94489,1.00,1.00
2017.02.27 08:52:08.740,0.94463,0.94488,1.00,1.00
2017.02.27 08:52:09.395,0.94467,0.94488,1.00,1.00
2017.02.27 08:52:09.614,0.94463,0.94488,1.50,1.00
2017.02.27 08:52:11.094,0.94468,0.94488,1.00,1.00
2017.02.27 08:52:11.714,0.94468,0.94487,1.00,1.00
2017.02.27 08:52:12.230,0.94467,0.94486,1.00,1.00
2017.02.27 08:52:12.866,0.94468,0.94486,1.00,1.00
2017.02.27 08:52:12.916,0.94463,0.94486,1.00,1.00
2017.02.27 08:52:13.014,0.94468,0.94486,1.00,1.00
2017.02.27 08:52:14.233,0.94463,0.94486,1.00,1.00
2017.02.27 08:52:15.851,0.94462,0.94487,1.00,1.00
2017.02.27 08:52:19.861,0.94468,0.94487,1.00,1.00
2017.02.27 08:52:20.095,0.94463,0.94487,1.00,1.00
2017.02.27 08:52:23.316,0.94462,0.94487,1.00,1.00
2017.02.27 08:52:24.294,0.94463,0.94487,1.00,1.00
2017.02.27 08:52:25.414,0.94462,0.94487,1.50,1.00
2017.02.27 08:52:25.465,0.94464,0.94488,1.00,1.00
2017.02.27 08:52:29.315,0.94467,0.94488,1.00,1.00
2017.02.27 08:52:29.715,0.94464,0.94488,1.00,1.00
2017.02.27 08:52:33.077,0.94465,0.94489,1.00,1.00
2017.02.27 08:52:33.127,0.94468,0.94489,1.00,1.00
2017.02.27 08:52:34.035,0.94467,0.94489,1.00,1.00
2017.02.27 08:52:34.738,0.94465,0.94489,1.00,1.00
2017.02.27 08:52:35.017,0.94467,0.94487,1.00,1.00
2017.02.27 08:52:35.118,0.94462,0.94487,1.50,1.00
2017.02.27 08:52:35.841,0.94463,0.94487,1.00,1.00
2017.02.27 08:52:36.771,0.94462,0.94486,1.00,1.00
2017.02.27 08:52:38.915,0.94463,0.94486,1.00,1.00
2017.02.27 08:52:40.243,0.94461,0.94486,1.00,1.00
2017.02.27 08:52:42.760,0.94463,0.94486,1.00,1.00
2017.02.27 08:52:44.716,0.94468,0.94486,1.00,1.00
2017.02.27 08:52:44.817,0.94468,0.94488,1.00,1.00
2017.02.27 08:52:45.796,0.94468,0.94489,1.00,1.00
2017.02.27 08:52:46.510,0.94468,0.9449,1.00,1.00
2017.02.27 08:52:47.072,0.94468,0.94491,1.00,1.00
2017.02.27 08:52:47.999,0.94468,0.94493,1.00,1.00
2017.02.27 08:52:48.050,0.9447,0.94494,1.00,1.00
2017.02.27 08:52:48.201,0.94468,0.94493,1.00,1.00
2017.02.27 08:52:48.334,0.94473,0.94493,1.00,1.00
2017.02.27 08:52:48.535,0.94473,0.94495,1.00,1.00
2017.02.27 08:52:48.696,0.9447,0.94495,1.00,1.00
2017.02.27 08:52:49.209,0.94468,0.94495,1.00,1.00
2017.02.27 08:52:49.540,0.94473,0.94496,1.00,1.00
2017.02.27 08:52:50.043,0.94472,0.94496,1.00,1.00
2017.02.27 08:52:50.454,0.94473,0.94498,1.00,1.00
2017.02.27 08:52:51.005,0.94477,0.94496,1.00,1.00
2017.02.27 08:52:51.055,0.94477,0.94498,1.00,1.00
2017.02.27 08:52:51.156,0.94473,0.94498,1.50,1.00
2017.02.27 08:52:52.337,0.94473,0.94499,1.00,1.00
2017.02.27 08:52:52.679,0.94472,0.94497,1.50,1.00
2017.02.27 08:52:52.981,0.94471,0.94495,1.00,1.00
2017.02.27 08:52:53.286,0.94478,0.94495,1.00,1.00
2017.02.27 08:52:54.160,0.94472,0.94495,1.00,1.00
2017.02.27 08:52:54.393,0.94468,0.94495,2.25,1.00
2017.02.27 08:52:55.615,0.94473,0.94495,1.00,1.00
2017.02.27 08:52:56.416,0.94468,0.94495,2.25,1.00
2017.02.27 08:52:56.801,0.94468,0.94497,1.50,1.00
2017.02.27 08:52:56.852,0.94472,0.94498,1.00,1.00
2017.02.27 08:52:57.177,0.94472,0.94496,1.00,1.00
2017.02.27 08:52:58.011,0.94469,0.94496,1.00,1.00
2017.02.27 08:52:58.181,0.94473,0.94496,1.00,1.00
2017.02.27 08:52:58.683,0.94472,0.94497,1.50,1.00
2017.02.27 08:52:59.150,0.94473,0.94495,1.00,1.00
2017.02.27 08:52:59.945,0.94472,0.94495,1.00,1.00
2017.02.27 08:53:00.618,0.94473,0.94497,1.00,1.00
2017.02.27 08:53:00.669,0.94473,0.94499,1.50,1.50
2017.02.27 08:53:00.769,0.94477,0.94501,1.00,1.00
2017.02.27 08:53:00.820,0.94472,0.94501,1.00,1.00
2017.02.27 08:53:00.918,0.9447,0.94498,1.00,1.00
2017.02.27 08:53:01.221,0.94478,0.94498,1.00,1.00
2017.02.27 08:53:01.272,0.9447,0.94498,1.00,1.00
2017.02.27 08:53:01.372,0.94472,0.94498,1.00,1.00
2017.02.27 08:53:01.725,0.94473,0.94501,1.00,1.00
2017.02.27 08:53:01.941,0.94477,0.94501,1.00,1.00
2017.02.27 08:53:02.156,0.94473,0.94498,1.00,1.00
2017.02.27 08:53:02.362,0.9447,0.94498,1.00,1.00
2017.02.27 08:53:02.594,0.94478,0.94498,1.00,1.00
2017.02.27 08:53:03.116,0.94477,0.94498,1.00,1.00
2017.02.27 08:53:03.395,0.94473,0.94498,1.00,1.00
2017.02.27 08:53:03.695,0.94478,0.94498,1.00,1.00
2017.02.27 08:53:04.714,0.94473,0.94498,1.00,1.00
2017.02.27 08:53:05.220,0.94472,0.94497,1.00,1.00
2017.02.27 08:53:05.726,0.94473,0.94497,1.00,1.00
2017.02.27 08:53:06.354,0.9447,0.94497,1.50,1.00
2017.02.27 08:53:06.595,0.94478,0.94496,1.00,1.00
2017.02.27 08:53:07.014,0.94472,0.94496,1.00,1.00
2017.02.27 08:53:07.609,0.94473,0.94495,1.00,1.00
2017.02.27 08:53:08.515,0.9447,0.94495,1.00,1.00
2017.02.27 08:53:08.666,0.94473,0.94495,1.00,1.00
2017.02.27 08:53:09.619,0.94472,0.94495,1.00,1.00
2017.02.27 08:53:10.911,0.94472,0.94494,1.00,1.00
2017.02.27 08:53:11.121,0.94469,0.94494,1.00,1.00
2017.02.27 08:53:11.394,0.94473,0.94494,1.00,1.00
2017.02.27 08:53:11.716,0.94478,0.94494,1.00,1.00
2017.02.27 08:53:11.766,0.94473,0.94494,1.00,1.00
2017.02.27 08:53:12.418,0.94469,0.94494,1.00,1.00
2017.02.27 08:53:15.790,0.94469,0.94496,1.00,1.00
2017.02.27 08:53:15.941,0.94472,0.94498,1.00,1.00
2017.02.27 08:53:16.261,0.94472,0.94496,1.00,1.00
2017.02.27 08:53:16.976,0.94472,0.94498,1.50,1.00
2017.02.27 08:53:17.077,0.94474,0.94499,1.00,1.00
2017.02.27 08:53:17.429,0.94472,0.94499,1.00,1.00
2017.02.27 08:53:17.988,0.94473,0.94497,1.00,1.00
2017.02.27 08:53:18.330,0.94467,0.94496,1.00,1.00
2017.02.27 08:53:18.517,0.94472,0.94496,1.00,1.50
2017.02.27 08:53:19.052,0.94472,0.94495,1.00,1.50
2017.02.27 08:53:19.412,0.94472,0.94493,1.00,1.00
2017.02.27 08:53:20.056,0.94472,0.94492,1.00,1.00
2017.02.27 08:53:20.157,0.94473,0.94494,1.00,1.00
2017.02.27 08:53:20.207,0.94473,0.94492,1.00,1.00
2017.02.27 08:53:20.258,0.94473,0.94494,1.00,1.00
2017.02.27 08:53:20.359,0.94466,0.94493,1.00,1.00
2017.02.27 08:53:20.414,0.94472,0.94493,1.00,1.00
2017.02.27 08:53:20.961,0.94473,0.94492,1.00,1.00
2017.02.27 08:53:21.360,0.94464,0.94492,1.00,1.00
2017.02.27 08:53:22.052,0.94465,0.94493,1.00,1.50
2017.02.27 08:53:22.586,0.94465,0.94492,1.00,1.00
2017.02.27 08:53:23.024,0.94467,0.94491,1.00,1.00
2017.02.27 08:53:23.860,0.94473,0.94491,1.00,1.00
2017.02.27 08:53:24.382,0.94472,0.94491,1.00,1.00
2017.02.27 08:53:24.433,0.94468,0.94491,1.00,1.00
2017.02.27 08:53:24.952,0.94468,0.94492,1.50,1.00
2017.02.27 08:53:25.015,0.94473,0.94492,1.00,1.00
2017.02.27 08:53:25.116,0.94468,0.94492,1.00,1.00
2017.02.27 08:53:25.175,0.94468,0.94494,1.00,1.50
2017.02.27 08:53:25.455,0.94473,0.94494,1.00,1.00
2017.02.27 08:53:25.617,0.94468,0.94492,1.00,1.00
2017.02.27 08:53:25.825,0.94473,0.94492,1.00,1.00
2017.02.27 08:53:26.338,0.94468,0.9449,1.00,1.00
2017.02.27 08:53:26.922,0.94468,0.94489,1.00,1.00
2017.02.27 08:53:27.435,0.94467,0.94489,1.00,1.00
2017.02.27 08:53:27.953,0.94468,0.94489,1.00,1.00
2017.02.27 08:53:28.482,0.94468,0.9449,1.00,1.00
2017.02.27 08:53:30.434,0.94468,0.94491,1.00,1.00
2017.02.27 08:53:30.670,0.94468,0.94489,1.00,1.00
2017.02.27 08:53:31.183,0.94468,0.9449,1.00,1.00
2017.02.27 08:53:32.208,0.94468,0.94489,1.00,1.00
2017.02.27 08:53:33.487,0.94467,0.94489,1.00,1.00
2017.02.27 08:53:34.212,0.94468,0.94489,1.00,1.00
2017.02.27 08:53:35.156,0.94468,0.9449,1.00,1.00
2017.02.27 08:53:37.315,0.94467,0.9449,1.00,1.00
2017.02.27 08:53:37.913,0.94468,0.9449,1.00,1.00
2017.02.27 08:53:39.815,0.94467,0.9449,1.00,1.00
2017.02.27 08:53:41.015,0.94468,0.9449,1.00,1.00
2017.02.27 08:53:42.393,0.94468,0.94489,1.00,1.00
2017.02.27 08:53:47.160,0.94467,0.94489,1.00,1.00
2017.02.27 08:53:47.816,0.94468,0.94489,1.00,1.00
2017.02.27 08:53:48.227,0.94473,0.94489,1.00,1.00
2017.02.27 08:53:48.414,0.94467,0.94489,1.00,1.00
2017.02.27 08:53:48.615,0.94472,0.94489,1.00,1.00
2017.02.27 08:53:48.716,0.94467,0.94489,1.00,1.00
2017.02.27 08:53:49.729,0.94468,0.9449,1.00,1.00
2017.02.27 08:53:50.309,0.94467,0.94491,1.00,1.00
2017.02.27 08:53:50.982,0.94467,0.94492,1.00,1.00
2017.02.27 08:53:53.444,0.94468,0.94489,1.00,1.00
2017.02.27 08:53:53.495,0.94462,0.94488,1.00,1.00
2017.02.27 08:53:53.546,0.9446,0.94485,1.00,1.00
2017.02.27 08:53:53.848,0.94462,0.94484,1.00,1.00
2017.02.27 08:53:57.540,0.94459,0.94484,1.00,1.00
2017.02.27 08:53:57.893,0.94468,0.94484,1.00,1.00
2017.02.27 08:53:57.943,0.94463,0.94484,1.00,1.00
2017.02.27 08:53:57.994,0.94463,0.94482,1.00,1.00
2017.02.27 08:53:58.417,0.94458,0.94484,1.00,1.00
2017.02.27 08:53:58.804,0.94463,0.94484,1.00,1.00
2017.02.27 08:53:59.028,0.94457,0.94483,1.50,1.00
2017.02.27 08:53:59.512,0.94463,0.94483,1.00,1.00
2017.02.27 08:53:59.563,0.94457,0.94483,1.50,1.00
2017.02.27 08:54:00.425,0.94458,0.94483,1.00,1.00
2017.02.27 08:54:01.536,0.94458,0.94482,1.50,1.00
2017.02.27 08:54:01.687,0.94458,0.94485,1.50,1.00
2017.02.27 08:54:01.738,0.94459,0.94489,1.00,1.00
2017.02.27 08:54:01.839,0.94462,0.9449,1.00,1.00
2017.02.27 08:54:02.379,0.94463,0.94489,1.00,1.00
2017.02.27 08:54:03.538,0.94463,0.94487,1.00,1.00
2017.02.27 08:54:03.843,0.94463,0.94482,1.00,1.00
2017.02.27 08:54:03.944,0.94458,0.94479,1.00,1.00
2017.02.27 08:54:03.994,0.94458,0.94477,1.00,1.00
2017.02.27 08:54:04.045,0.94452,0.94477,1.00,1.00
2017.02.27 08:54:04.382,0.94457,0.94479,1.00,1.00
2017.02.27 08:54:04.912,0.94457,0.9448,1.00,1.00
2017.02.27 08:54:05.506,0.94458,0.9448,1.00,1.00
2017.02.27 08:54:05.730,0.94458,0.94485,1.00,1.00
2017.02.27 08:54:06.076,0.94463,0.94486,1.00,1.00
2017.02.27 08:54:06.597,0.94463,0.94485,1.00,1.00
2017.02.27 08:54:06.748,0.94458,0.94483,1.00,1.00
2017.02.27 08:54:07.112,0.94458,0.9448,1.00,1.00
2017.02.27 08:54:07.355,0.94453,0.94478,1.00,1.00
2017.02.27 08:54:07.959,0.94452,0.94478,1.00,1.00
2017.02.27 08:54:08.193,0.94457,0.94478,1.00,1.00
2017.02.27 08:54:08.850,0.94457,0.94476,1.00,1.00
2017.02.27 08:54:09.963,0.94452,0.94475,1.00,1.00
2017.02.27 08:54:10.254,0.94448,0.94475,1.50,1.00
2017.02.27 08:54:10.494,0.94453,0.94475,1.00,1.00
2017.02.27 08:54:10.904,0.94458,0.94477,1.00,1.00
2017.02.27 08:54:12.531,0.94458,0.94479,1.00,1.00
2017.02.27 08:54:12.632,0.94458,0.94481,1.00,1.00
2017.02.27 08:54:12.919,0.94458,0.94478,1.00,1.00
2017.02.27 08:54:13.958,0.94458,0.94476,1.00,1.00
2017.02.27 08:54:15.657,0.94457,0.94476,1.00,1.00
2017.02.27 08:54:15.992,0.94457,0.94474,1.00,1.00
2017.02.27 08:54:17.010,0.94457,0.94473,1.00,1.00
2017.02.27 08:54:18.956,0.94457,0.94472,1.00,1.00
2017.02.27 08:54:19.414,0.94457,0.94474,1.00,1.00
2017.02.27 08:54:22.062,0.94452,0.94474,1.00,1.00
2017.02.27 08:54:23.446,0.94452,0.94473,1.00,1.00
2017.02.27 08:54:24.299,0.94452,0.94477,1.00,1.00
2017.02.27 08:54:24.350,0.94453,0.94474,1.00,1.00
2017.02.27 08:54:24.400,0.94451,0.94476,1.00,1.00
2017.02.27 08:54:24.451,0.94453,0.94476,1.00,1.00
2017.02.27 08:54:24.854,0.94453,0.94478,1.00,1.00
2017.02.27 08:54:25.273,0.94448,0.94474,1.00,1.00
2017.02.27 08:54:25.324,0.94452,0.94474,1.00,1.00
2017.02.27 08:54:25.947,0.94453,0.94474,1.00,1.00
2017.02.27 08:54:26.490,0.94452,0.94474,1.00,1.00
2017.02.27 08:54:27.016,0.94453,0.94473,1.00,1.00
2017.02.27 08:54:27.537,0.94452,0.94472,1.00,1.00
2017.02.27 08:54:27.588,0.94448,0.94472,1.00,1.00
2017.02.27 08:54:27.747,0.94453,0.94472,1.00,1.00
2017.02.27 08:54:29.877,0.94453,0.94471,1.00,1.00
2017.02.27 08:54:30.290,0.94443,0.94471,1.00,1.00
2017.02.27 08:54:30.340,0.94447,0.94471,1.00,1.00
2017.02.27 08:54:30.648,0.94443,0.94471,1.00,1.00
2017.02.27 08:54:30.699,0.94447,0.94471,1.00,1.00
2017.02.27 08:54:31.397,0.94447,0.9447,1.00,1.00
2017.02.27 08:54:31.986,0.94447,0.94471,1.00,1.00
2017.02.27 08:54:32.986,0.94447,0.94469,1.00,1.00
2017.02.27 08:54:35.913,0.94442,0.94469,1.50,1.00
2017.02.27 08:54:39.054,0.94448,0.94469,1.00,1.00
2017.02.27 08:54:39.756,0.94447,0.94469,1.00,1.00
2017.02.27 08:54:40.319,0.94448,0.94469,1.00,1.00
2017.02.27 08:54:40.937,0.94447,0.94469,1.00,1.00
2017.02.27 08:54:41.489,0.94448,0.94471,1.00,1.00
2017.02.27 08:54:41.942,0.94453,0.94471,1.00,1.00
2017.02.27 08:54:42.541,0.94453,0.94472,1.00,1.00
2017.02.27 08:54:44.943,0.94448,0.94472,1.00,1.00
2017.02.27 08:54:45.293,0.94452,0.94472,1.00,1.00
2017.02.27 08:54:45.725,0.94447,0.94472,1.00,1.00
2017.02.27 08:54:46.159,0.94447,0.9447,1.00,1.00
2017.02.27 08:54:46.660,0.94448,0.94469,1.00,1.00
2017.02.27 08:54:46.961,0.94452,0.94469,1.00,1.00
2017.02.27 08:54:49.054,0.94443,0.94469,1.50,1.00
2017.02.27 08:54:49.592,0.94443,0.94468,1.00,1.00
2017.02.27 08:54:49.796,0.94443,0.9447,1.50,1.00
2017.02.27 08:54:49.978,0.94443,0.94468,1.50,1.00
2017.02.27 08:54:52.441,0.94442,0.94467,1.50,1.00
2017.02.27 08:54:52.709,0.94442,0.94469,1.50,1.00
2017.02.27 08:54:52.759,0.94448,0.94469,1.00,1.00
2017.02.27 08:54:53.683,0.94448,0.94467,1.00,1.00
2017.02.27 08:54:54.015,0.94443,0.94467,1.00,1.00
2017.02.27 08:54:59.994,0.94448,0.94467,1.00,1.00
2017.02.27 08:55:00.112,0.94443,0.94467,1.50,1.00
2017.02.27 08:55:00.965,0.94443,0.94466,1.00,1.00
2017.02.27 08:55:01.216,0.94448,0.94467,1.00,1.00
2017.02.27 08:55:04.267,0.94448,0.94466,1.00,1.00
2017.02.27 08:55:04.318,0.94439,0.94464,1.00,1.00
2017.02.27 08:55:04.368,0.94447,0.94464,1.00,1.00
2017.02.27 08:55:04.419,0.94442,0.94464,1.00,1.00
2017.02.27 08:55:05.288,0.94439,0.94464,1.00,1.00
2017.02.27 08:55:05.420,0.94443,0.94465,1.00,1.00
2017.02.27 08:55:09.450,0.94443,0.94466,1.00,1.00
2017.02.27 08:55:17.644,0.94439,0.94466,1.00,1.00
2017.02.27 08:55:20.161,0.94441,0.94465,1.00,1.00
2017.02.27 08:55:20.688,0.94442,0.94465,1.00,1.00
2017.02.27 08:55:22.179,0.9444,0.94465,1.00,1.00
2017.02.27 08:55:22.230,0.9444,0.94467,1.00,1.00
2017.02.27 08:55:22.331,0.94442,0.94466,1.00,1.00
2017.02.27 08:55:22.678,0.94443,0.94468,1.00,1.00
2017.02.27 08:55:22.944,0.94442,0.94466,1.50,1.00
2017.02.27 08:55:23.361,0.94448,0.94466,1.00,1.00
2017.02.27 08:55:23.412,0.94442,0.94466,1.50,1.00
2017.02.27 08:55:23.624,0.94443,0.94469,1.00,1.00
2017.02.27 08:55:24.156,0.94442,0.94469,1.00,1.00
2017.02.27 08:55:24.725,0.94442,0.94468,1.00,1.00
2017.02.27 08:55:24.927,0.94448,0.94468,1.00,1.00
2017.02.27 08:55:25.313,0.94442,0.94468,1.00,1.00
2017.02.27 08:55:27.216,0.94447,0.94468,1.00,1.00
2017.02.27 08:55:27.663,0.94443,0.94468,1.00,1.00
2017.02.27 08:55:27.897,0.94453,0.94468,1.00,1.00
2017.02.27 08:55:27.947,0.94448,0.94468,1.00,1.00
2017.02.27 08:55:28.319,0.94443,0.94468,1.00,1.00
2017.02.27 08:55:28.832,0.94442,0.94468,1.00,1.00
2017.02.27 08:55:29.376,0.94443,0.94468,1.00,1.50
2017.02.27 08:55:29.960,0.94443,0.94467,1.00,1.00
2017.02.27 08:55:35.398,0.94443,0.94465,1.00,1.00
2017.02.27 08:55:36.743,0.94443,0.94463,1.00,1.00
2017.02.27 08:55:38.509,0.94443,0.94465,1.00,1.50
2017.02.27 08:55:42.097,0.94443,0.94464,1.00,1.00
2017.02.27 08:55:42.609,0.94442,0.94465,1.00,1.00
2017.02.27 08:55:43.294,0.94443,0.94465,1.00,1.00
2017.02.27 08:55:43.861,0.94443,0.94463,1.00,1.00
2017.02.27 08:55:44.619,0.94438,0.94463,1.00,1.00
2017.02.27 08:55:44.898,0.94443,0.94463,1.00,1.00
2017.02.27 08:55:47.461,0.94438,0.94463,1.00,1.00
2017.02.27 08:55:47.698,0.94442,0.94463,1.00,1.00
2017.02.27 08:55:48.325,0.94443,0.94462,1.00,1.00
2017.02.27 08:55:54.888,0.94443,0.94463,1.00,1.00
2017.02.27 08:55:55.735,0.94442,0.94463,1.00,1.00
2017.02.27 08:55:55.836,0.94438,0.94463,1.00,1.00
2017.02.27 08:55:55.987,0.94433,0.94462,1.00,1.00
2017.02.27 08:55:56.069,0.94438,0.94462,1.00,1.00
2017.02.27 08:55:56.220,0.94436,0.94462,1.00,1.00
2017.02.27 08:55:56.421,0.94438,0.94462,1.50,1.00
2017.02.27 08:55:56.572,0.94439,0.94466,1.00,1.00
2017.02.27 08:55:57.194,0.94439,0.94464,1.00,1.00
2017.02.27 08:55:57.785,0.94438,0.94463,1.50,1.00
2017.02.27 08:55:59.114,0.94438,0.94462,1.50,1.00
2017.02.27 08:56:00.122,0.94437,0.94463,1.00,1.50
2017.02.27 08:56:00.721,0.94438,0.94462,1.00,1.00
2017.02.27 08:56:01.467,0.94437,0.94462,1.00,1.00
2017.02.27 08:56:01.518,0.94435,0.94462,1.00,1.00
2017.02.27 08:56:01.741,0.94438,0.94463,1.00,1.00
2017.02.27 08:56:05.457,0.94438,0.94461,1.00,1.00
2017.02.27 08:56:06.469,0.94438,0.94462,1.00,1.00
2017.02.27 08:56:07.501,0.94432,0.94457,1.00,1.00
2017.02.27 08:56:07.552,0.94431,0.94455,1.00,1.00
2017.02.27 08:56:08.090,0.9443,0.94456,1.00,1.00
2017.02.27 08:56:08.541,0.94432,0.94457,1.00,1.00
2017.02.27 08:56:08.940,0.94434,0.94458,1.00,1.00
2017.02.27 08:56:12.136,0.94435,0.94459,1.00,1.00
2017.02.27 08:56:16.068,0.94434,0.94458,1.00,1.00
2017.02.27 08:56:16.852,0.94431,0.94456,1.00,1.00
2017.02.27 08:56:17.003,0.94429,0.94456,1.00,1.00
2017.02.27 08:56:17.428,0.94427,0.94451,1.00,1.00
2017.02.27 08:56:17.478,0.94424,0.94451,1.50,1.00
2017.02.27 08:56:18.087,0.94426,0.9445,1.00,1.00
2017.02.27 08:56:20.215,0.94428,0.9445,1.00,1.00
2017.02.27 08:56:20.746,0.94428,0.94451,1.00,1.00
2017.02.27 08:56:22.417,0.94427,0.94451,1.00,1.00
2017.02.27 08:56:24.216,0.94428,0.94451,1.00,1.00
2017.02.27 08:56:24.793,0.94428,0.9445,1.00,1.00
2017.02.27 08:56:25.132,0.94423,0.94448,1.50,1.00
2017.02.27 08:56:25.846,0.94424,0.94449,1.00,1.00
2017.02.27 08:56:31.717,0.94427,0.94449,1.00,1.00
2017.02.27 08:56:31.868,0.94423,0.94449,1.00,1.00
2017.02.27 08:56:32.410,0.94422,0.94447,1.00,1.00
2017.02.27 08:56:32.932,0.94423,0.94447,1.00,1.00
2017.02.27 08:56:34.547,0.94423,0.94448,1.50,1.00
2017.02.27 08:56:37.035,0.94423,0.94446,1.00,1.00
2017.02.27 08:56:37.601,0.94423,0.94447,1.00,1.00
2017.02.27 08:56:38.628,0.94423,0.94446,1.00,1.00
2017.02.27 08:56:39.093,0.9442,0.94446,1.00,1.00
2017.02.27 08:56:39.415,0.94421,0.94448,1.00,1.00
2017.02.27 08:56:39.619,0.94423,0.94444,1.00,1.00
2017.02.27 08:56:41.209,0.9442,0.94444,1.00,1.00
2017.02.27 08:56:41.260,0.94423,0.94442,1.00,1.00
2017.02.27 08:56:41.410,0.94418,0.94442,1.00,1.00
2017.02.27 08:56:41.460,0.94423,0.94442,1.00,1.00
2017.02.27 08:56:41.767,0.94418,0.94442,1.00,1.00
2017.02.27 08:56:42.490,0.94418,0.94444,1.00,1.00
2017.02.27 08:56:42.591,0.94424,0.94447,1.00,1.00
2017.02.27 08:56:42.641,0.94424,0.94449,1.00,1.00
2017.02.27 08:56:42.692,0.94426,0.94449,1.00,1.00
2017.02.27 08:56:42.742,0.94426,0.94452,1.00,1.00
2017.02.27 08:56:42.917,0.94423,0.9445,1.50,1.00
2017.02.27 08:56:43.018,0.94423,0.94447,1.00,1.00
2017.02.27 08:56:43.119,0.94423,0.9445,1.00,1.00
2017.02.27 08:56:45.562,0.94424,0.9445,1.00,1.00
2017.02.27 08:56:45.666,0.94426,0.9445,1.00,1.00
2017.02.27 08:56:45.804,0.94425,0.94453,1.00,1.00
2017.02.27 08:56:46.037,0.94427,0.94452,1.00,1.00
2017.02.27 08:56:47.037,0.94427,0.94451,1.50,1.00
2017.02.27 08:56:47.575,0.94428,0.94451,1.00,1.00
2017.02.27 08:56:49.196,0.94427,0.94451,1.00,1.00
2017.02.27 08:56:49.347,0.94428,0.94453,1.00,1.00
2017.02.27 08:56:49.636,0.94426,0.94453,1.00,1.00
2017.02.27 08:56:50.184,0.94426,0.94452,1.00,1.00
2017.02.27 08:56:50.235,0.94428,0.94452,1.00,1.00
2017.02.27 08:56:50.745,0.94429,0.94453,1.00,1.00
2017.02.27 08:56:51.390,0.94428,0.94453,1.50,1.00
2017.02.27 08:56:52.717,0.94428,0.94455,1.00,1.00
2017.02.27 08:56:52.896,0.94432,0.94455,1.00,1.00
2017.02.27 08:56:53.015,0.94428,0.94455,1.50,1.00
2017.02.27 08:56:53.699,0.94428,0.94454,1.50,1.00
2017.02.27 08:56:55.086,0.94428,0.94445,1.00,1.00
2017.02.27 08:56:55.394,0.94423,0.9444,1.00,1.00
2017.02.27 08:56:55.445,0.94418,0.9444,1.00,1.00
2017.02.27 08:56:55.500,0.94419,0.94443,1.00,1.00
2017.02.27 08:56:55.651,0.94422,0.94443,1.00,1.00
2017.02.27 08:56:55.911,0.94419,0.94443,1.00,1.00
2017.02.27 08:56:57.302,0.94418,0.94443,1.00,1.00
2017.02.27 08:56:57.811,0.94419,0.94443,1.00,1.00
2017.02.27 08:56:57.911,0.94423,0.94443,1.00,1.00
2017.02.27 08:56:57.962,0.94423,0.94445,1.00,1.00
2017.02.27 08:56:58.472,0.94423,0.94444,1.00,1.00
2017.02.27 08:57:03.783,0.94423,0.94445,1.00,1.00
2017.02.27 08:57:04.137,0.94423,0.94447,1.00,1.00
2017.02.27 08:57:04.187,0.94419,0.94443,1.00,1.00
2017.02.27 08:57:04.339,0.94421,0.94446,1.00,1.00
2017.02.27 08:57:04.649,0.94423,0.94446,1.00,1.00
2017.02.27 08:57:04.958,0.94433,0.94446,1.00,1.00
2017.02.27 08:57:05.059,0.94433,0.94449,1.00,1.00
2017.02.27 08:57:05.267,0.94424,0.94449,1.00,1.00
2017.02.27 08:57:05.318,0.94428,0.94449,1.00,1.00
2017.02.27 08:57:05.368,0.94428,0.94451,1.00,1.00
2017.02.27 08:57:05.469,0.94424,0.94451,1.00,1.00
2017.02.27 08:57:06.020,0.94423,0.9445,1.50,1.00
2017.02.27 08:57:06.070,0.94425,0.94449,1.00,1.00
2017.02.27 08:57:06.324,0.94423,0.9445,1.00,1.00
2017.02.27 08:57:06.626,0.94433,0.9445,1.00,1.00
2017.02.27 08:57:07.128,0.94433,0.94449,1.00,1.00
2017.02.27 08:57:07.274,0.94427,0.94449,1.00,1.00
2017.02.27 08:57:07.375,0.94427,0.94451,1.00,1.00
2017.02.27 08:57:07.716,0.94432,0.94451,1.00,1.00
2017.02.27 08:57:07.942,0.94428,0.94451,1.00,1.00
2017.02.27 08:57:08.462,0.94421,0.9445,1.00,1.00
2017.02.27 08:57:09.051,0.94422,0.94451,1.50,1.00
2017.02.27 08:57:09.517,0.94428,0.94451,1.00,1.00
2017.02.27 08:57:10.021,0.94428,0.9445,1.00,1.00
2017.02.27 08:57:10.663,0.94427,0.9445,1.00,1.00
2017.02.27 08:57:11.314,0.94423,0.9445,1.50,1.00
2017.02.27 08:57:11.824,0.94423,0.94447,1.00,1.00
2017.02.27 08:57:11.937,0.94418,0.94445,1.00,1.00
2017.02.27 08:57:11.988,0.94422,0.94445,1.00,1.00
2017.02.27 08:57:12.088,0.94423,0.94448,1.00,1.50
2017.02.27 08:57:12.240,0.94419,0.94448,1.00,1.50
2017.02.27 08:57:12.340,0.94428,0.94447,1.00,1.00
2017.02.27 08:57:12.391,0.94428,0.9445,1.00,1.00
2017.02.27 08:57:12.932,0.94422,0.94449,1.00,1.50
2017.02.27 08:57:13.034,0.94428,0.94449,1.00,1.50
2017.02.27 08:57:13.309,0.94423,0.94446,1.00,1.00
2017.02.27 08:57:14.148,0.94422,0.94446,1.00,1.00
2017.02.27 08:57:14.785,0.94423,0.94446,1.00,1.00
2017.02.27 08:57:15.100,0.94418,0.94446,1.00,1.00
2017.02.27 08:57:16.101,0.94418,0.94444,1.00,1.00
2017.02.27 08:57:16.302,0.94413,0.94442,1.50,1.00
2017.02.27 08:57:16.353,0.94417,0.94442,1.00,1.00
2017.02.27 08:57:16.912,0.94418,0.94442,1.00,1.00
2017.02.27 08:57:17.661,0.94417,0.94442,1.00,1.00
2017.02.27 08:57:20.011,0.94418,0.94442,1.00,1.00
2017.02.27 08:57:20.141,0.94418,0.94444,1.50,1.00
2017.02.27 08:57:20.657,0.94418,0.94443,1.00,1.00
2017.02.27 08:57:21.445,0.94418,0.94442,1.00,1.00
2017.02.27 08:57:21.669,0.94417,0.9444,1.00,1.00
2017.02.27 08:57:22.252,0.94418,0.9444,1.00,1.00
2017.02.27 08:57:24.135,0.94418,0.94439,1.00,1.00
2017.02.27 08:57:24.665,0.94418,0.9444,1.00,1.00
2017.02.27 08:57:25.175,0.94417,0.9444,1.00,1.00
2017.02.27 08:57:25.915,0.94418,0.9444,1.00,1.00
2017.02.27 08:57:26.290,0.94412,0.94441,1.50,1.00
2017.02.27 08:57:26.353,0.94415,0.94442,1.00,1.50
2017.02.27 08:57:26.655,0.94422,0.94438,1.00,1.00
2017.02.27 08:57:27.269,0.94418,0.94438,1.00,1.00
2017.02.27 08:57:27.320,0.94413,0.9444,1.00,1.00
2017.02.27 08:57:27.421,0.94418,0.9444,1.00,1.00
2017.02.27 08:57:27.999,0.94417,0.94441,1.00,1.00
2017.02.27 08:57:30.233,0.94418,0.94443,1.00,1.00
2017.02.27 08:57:30.366,0.94423,0.94446,1.00,1.00
2017.02.27 08:57:30.467,0.94422,0.94449,1.00,1.00
2017.02.27 08:57:30.984,0.94423,0.94449,1.00,1.00
2017.02.27 08:57:31.817,0.94423,0.94447,1.00,1.00
2017.02.27 08:57:32.645,0.94428,0.94447,1.00,1.00
2017.02.27 08:57:32.839,0.94422,0.94447,1.00,1.00
2017.02.27 08:57:33.357,0.94423,0.94447,1.00,1.00
2017.02.27 08:57:34.261,0.94423,0.94446,1.00,1.00
2017.02.27 08:57:34.362,0.94428,0.94446,1.00,1.00
2017.02.27 08:57:34.412,0.94428,0.94448,1.00,1.00
2017.02.27 08:57:35.090,0.94422,0.94448,1.00,1.00
2017.02.27 08:57:35.597,0.94422,0.94447,1.50,1.00
2017.02.27 08:57:36.043,0.94427,0.94447,1.00,1.00
2017.02.27 08:57:36.599,0.94428,0.94446,1.00,1.00
2017.02.27 08:57:37.035,0.94423,0.94446,1.00,1.00
2017.02.27 08:57:38.216,0.94422,0.94446,1.50,1.00
2017.02.27 08:57:39.215,0.94423,0.94446,1.00,1.00
2017.02.27 08:57:43.015,0.94422,0.94446,1.00,1.00
2017.02.27 08:57:43.134,0.94423,0.94449,1.50,1.00
2017.02.27 08:57:43.184,0.94423,0.94447,1.50,1.00
2017.02.27 08:57:43.488,0.94428,0.94445,1.00,1.00
2017.02.27 08:57:43.999,0.94427,0.94445,1.00,1.00
2017.02.27 08:57:44.050,0.94422,0.94445,1.00,1.00
2017.02.27 08:57:44.403,0.94428,0.94446,1.00,1.00
2017.02.27 08:57:45.361,0.94428,0.94448,1.00,1.00
2017.02.27 08:57:50.000,0.94427,0.94447,1.00,1.00
2017.02.27 08:57:50.051,0.94422,0.94446,1.00,1.00
2017.02.27 08:57:50.252,0.94419,0.94446,1.00,1.00
2017.02.27 08:57:50.454,0.94422,0.94446,1.00,1.00
2017.02.27 08:57:50.727,0.94417,0.94446,1.50,1.00
2017.02.27 08:57:50.830,0.94423,0.94446,1.00,1.00
2017.02.27 08:57:50.931,0.94417,0.94446,1.50,1.00
2017.02.27 08:57:50.982,0.94419,0.94446,1.00,1.00
2017.02.27 08:57:51.328,0.94422,0.94445,1.00,1.00
2017.02.27 08:57:51.834,0.94423,0.94445,1.00,1.00
2017.02.27 08:57:52.338,0.94422,0.94446,1.00,1.00
2017.02.27 08:57:52.861,0.94417,0.94446,1.50,1.00
2017.02.27 08:57:53.395,0.94423,0.94446,1.00,1.00
2017.02.27 08:57:53.967,0.94423,0.94445,1.00,1.00
2017.02.27 08:57:54.755,0.94423,0.94444,1.00,1.00
2017.02.27 08:57:57.535,0.94423,0.94443,1.00,1.00
2017.02.27 08:58:01.176,0.94423,0.94442,1.00,1.00
2017.02.27 08:58:01.701,0.94423,0.94443,1.00,1.00
2017.02.27 08:58:02.236,0.94418,0.94436,1.00,1.00
2017.02.27 08:58:02.318,0.94413,0.94436,1.00,1.00
2017.02.27 08:58:02.740,0.94418,0.94435,1.00,1.00
2017.02.27 08:58:03.293,0.94418,0.94434,1.00,1.00
2017.02.27 08:58:03.606,0.94418,0.94432,1.00,1.00
2017.02.27 08:58:03.657,0.94413,0.94432,1.00,1.00
2017.02.27 08:58:04.123,0.94412,0.94438,1.00,1.00
2017.02.27 08:58:04.174,0.94412,0.9444,1.00,1.00
2017.02.27 08:58:04.224,0.94417,0.9444,1.00,1.00
2017.02.27 08:58:04.568,0.94422,0.9444,1.00,1.00
2017.02.27 08:58:04.861,0.94418,0.94439,1.00,1.00
2017.02.27 08:58:05.213,0.94423,0.9444,1.00,1.00
2017.02.27 08:58:05.364,0.94418,0.9444,1.00,1.00
2017.02.27 08:58:05.699,0.94423,0.9444,1.00,1.00
2017.02.27 08:58:06.579,0.94422,0.94439,1.00,1.00
2017.02.27 08:58:06.967,0.94422,0.94441,1.00,1.00
2017.02.27 08:58:07.504,0.94422,0.94439,1.00,1.00
2017.02.27 08:58:10.491,0.94423,0.94437,1.00,1.00
2017.02.27 08:58:10.541,0.94417,0.94439,1.00,1.00
2017.02.27 08:58:10.988,0.94422,0.94439,1.00,1.00
2017.02.27 08:58:13.482,0.94422,0.94442,1.00,1.00
2017.02.27 08:58:16.359,0.94423,0.9444,1.00,1.00
2017.02.27 08:58:16.862,0.94418,0.9444,1.00,1.00
2017.02.27 08:58:16.963,0.94418,0.94442,1.50,1.00
2017.02.27 08:58:17.101,0.94423,0.94442,1.00,1.00
2017.02.27 08:58:17.362,0.94418,0.94443,1.50,1.00
2017.02.27 08:58:17.616,0.94422,0.94443,1.00,1.00
2017.02.27 08:58:18.165,0.94423,0.94444,1.00,1.00
2017.02.27 08:58:18.565,0.94423,0.94442,1.00,1.00
2017.02.27 08:58:19.116,0.94422,0.94443,1.00,1.00
2017.02.27 08:58:19.647,0.94422,0.94442,1.00,1.00
2017.02.27 08:58:19.947,0.94422,0.94444,1.00,1.00
2017.02.27 08:58:21.745,0.94422,0.94442,1.00,1.00
2017.02.27 08:58:23.073,0.94423,0.94442,1.00,1.00
2017.02.27 08:58:24.963,0.94422,0.94442,1.00,1.00
2017.02.27 08:58:25.499,0.94422,0.94444,1.00,1.00
2017.02.27 08:58:27.480,0.94422,0.94443,1.00,1.00
2017.02.27 08:58:28.115,0.94423,0.94443,1.00,1.00
2017.02.27 08:58:30.152,0.94423,0.94445,1.00,1.00
2017.02.27 08:58:31.016,0.94423,0.94444,1.00,1.00
2017.02.27 08:58:31.372,0.94423,0.94442,1.00,1.00
2017.02.27 08:58:31.423,0.94423,0.94444,1.00,1.00
2017.02.27 08:58:31.624,0.94423,0.94446,1.00,1.00
2017.02.27 08:58:31.725,0.94423,0.94449,1.00,1.00
2017.02.27 08:58:31.901,0.94427,0.94449,1.00,1.00
2017.02.27 08:58:32.371,0.94427,0.94451,1.00,1.00
2017.02.27 08:58:33.729,0.94427,0.94449,1.00,1.00
2017.02.27 08:58:34.069,0.94428,0.94453,1.00,1.00
2017.02.27 08:58:34.120,0.94433,0.94452,1.00,1.00
2017.02.27 08:58:34.696,0.94432,0.94452,1.00,1.00
2017.02.27 08:58:34.821,0.94428,0.94452,1.00,1.00
2017.02.27 08:58:34.922,0.94426,0.94452,1.00,1.00
2017.02.27 08:58:35.023,0.94428,0.94452,1.00,1.00
2017.02.27 08:58:35.635,0.94428,0.94453,1.00,1.00
2017.02.27 08:58:35.946,0.94423,0.94446,1.00,1.00
2017.02.27 08:58:36.467,0.94423,0.94454,1.00,1.00
2017.02.27 08:58:36.719,0.94428,0.94453,1.00,1.00
2017.02.27 08:58:36.819,0.94423,0.94453,1.00,1.00
2017.02.27 08:58:36.923,0.94423,0.94449,1.50,1.00
2017.02.27 08:58:37.251,0.94428,0.94449,1.00,1.00
2017.02.27 08:58:37.614,0.94423,0.94449,1.00,1.00
2017.02.27 08:58:37.926,0.94428,0.94448,1.00,1.00
2017.02.27 08:58:38.027,0.94422,0.94448,1.50,1.00
2017.02.27 08:58:38.228,0.94428,0.94448,1.00,1.00
2017.02.27 08:58:39.695,0.94423,0.94448,1.50,1.00
2017.02.27 08:58:39.750,0.94428,0.94448,1.00,1.00
2017.02.27 08:58:39.984,0.94423,0.94448,1.00,1.00
2017.02.27 08:58:40.561,0.94428,0.94448,1.00,1.00
2017.02.27 08:58:41.780,0.94424,0.94448,1.00,1.00
2017.02.27 08:58:41.931,0.94425,0.94451,1.00,1.00
2017.02.27 08:58:41.981,0.94423,0.94447,1.00,1.00
2017.02.27 08:58:42.314,0.94423,0.94445,1.00,1.00
2017.02.27 08:58:42.914,0.94423,0.94446,1.00,1.00
2017.02.27 08:58:44.268,0.94423,0.94445,1.00,1.00
2017.02.27 08:58:44.999,0.94423,0.94444,1.00,1.00
2017.02.27 08:58:45.137,0.94423,0.94446,1.00,1.00
2017.02.27 08:58:45.812,0.94423,0.94445,1.00,1.00
2017.02.27 08:58:45.863,0.94423,0.9445,1.00,1.00
2017.02.27 08:58:46.005,0.94424,0.94453,1.00,1.00
2017.02.27 08:58:46.056,0.94428,0.94453,1.00,1.00
2017.02.27 08:58:46.157,0.94423,0.94451,1.00,1.00
2017.02.27 08:58:46.257,0.94425,0.94452,1.00,1.00
2017.02.27 08:58:46.591,0.94427,0.94451,1.00,1.00
2017.02.27 08:58:47.214,0.94428,0.94451,1.00,1.00
2017.02.27 08:58:48.113,0.94428,0.9445,1.00,1.00
2017.02.27 08:58:48.660,0.94424,0.9445,1.00,1.00
2017.02.27 08:58:48.763,0.94427,0.9445,1.00,1.00
2017.02.27 08:58:48.914,0.94424,0.9445,1.00,1.00
2017.02.27 08:58:49.198,0.94423,0.94447,1.50,1.00
2017.02.27 08:58:50.787,0.94423,0.94448,1.00,1.00
2017.02.27 08:58:54.398,0.94424,0.94448,1.00,1.00
2017.02.27 08:58:55.296,0.94424,0.94449,1.00,1.00
2017.02.27 08:58:56.737,0.94423,0.94449,1.00,1.00
2017.02.27 08:58:57.776,0.94422,0.94448,1.00,1.00
2017.02.27 08:58:58.823,0.94422,0.94446,1.00,1.00
2017.02.27 08:59:00.666,0.94421,0.94444,1.00,1.00
2017.02.27 08:59:00.817,0.94418,0.94444,1.50,1.00
2017.02.27 08:59:01.278,0.94423,0.94444,1.00,1.00
2017.02.27 08:59:01.757,0.94428,0.94443,1.00,1.00
2017.02.27 08:59:01.808,0.94428,0.94445,1.00,1.00
2017.02.27 08:59:01.909,0.94428,0.94447,1.00,1.00
2017.02.27 08:59:02.441,0.94427,0.94447,1.00,1.00
2017.02.27 08:59:03.041,0.94428,0.94447,1.00,1.00
2017.02.27 08:59:05.032,0.94423,0.94447,1.00,1.00
2017.02.27 08:59:05.145,0.94423,0.94445,1.00,1.00
2017.02.27 08:59:05.672,0.94423,0.94446,1.00,1.00
2017.02.27 08:59:07.321,0.94423,0.94441,1.00,1.00
2017.02.27 08:59:07.422,0.94418,0.94441,1.00,1.00
2017.02.27 08:59:08.026,0.94422,0.94441,1.00,1.00
2017.02.27 08:59:08.253,0.94418,0.94441,1.00,1.00
2017.02.27 08:59:08.393,0.94422,0.94441,1.00,1.00
2017.02.27 08:59:08.629,0.94417,0.94441,1.00,1.00
2017.02.27 08:59:08.714,0.94423,0.94441,1.00,1.00
2017.02.27 08:59:08.961,0.94417,0.94441,1.00,1.00
2017.02.27 08:59:10.017,0.94423,0.94441,1.00,1.00
2017.02.27 08:59:10.115,0.94418,0.94441,1.00,1.00
2017.02.27 08:59:10.254,0.94418,0.94439,1.00,1.00
2017.02.27 08:59:10.914,0.94417,0.94439,1.00,1.00
2017.02.27 08:59:11.217,0.94419,0.94442,1.00,1.50
2017.02.27 08:59:11.368,0.94418,0.94447,1.00,1.50
2017.02.27 08:59:11.623,0.94422,0.94448,1.00,1.00
2017.02.27 08:59:12.316,0.94422,0.94449,1.50,1.00
2017.02.27 08:59:12.794,0.94428,0.94449,1.00,1.00
2017.02.27 08:59:13.009,0.94423,0.94449,1.00,1.00
2017.02.27 08:59:13.242,0.94428,0.94449,1.00,1.00
2017.02.27 08:59:13.760,0.94427,0.94449,1.00,1.00
2017.02.27 08:59:14.341,0.94428,0.94448,1.00,1.00
2017.02.27 08:59:15.019,0.94428,0.94449,1.00,1.00
2017.02.27 08:59:15.548,0.94428,0.9445,1.00,1.00
2017.02.27 08:59:15.900,0.94442,0.94451,1.00,1.00
2017.02.27 08:59:16.110,0.94443,0.94457,1.00,1.50
2017.02.27 08:59:16.211,0.94443,0.94459,1.00,1.00
2017.02.27 08:59:16.262,0.94437,0.94459,1.00,1.00
2017.02.27 08:59:16.312,0.94437,0.94462,1.00,1.00
2017.02.27 08:59:16.464,0.94442,0.94463,1.00,1.00
2017.02.27 08:59:16.666,0.94447,0.94469,1.00,1.00
2017.02.27 08:59:16.718,0.94458,0.94468,1.00,1.00
2017.02.27 08:59:16.819,0.94457,0.94473,1.00,1.00
2017.02.27 08:59:17.020,0.94463,0.94476,1.00,1.00
2017.02.27 08:59:17.121,0.94463,0.94478,1.00,1.50
2017.02.27 08:59:17.703,0.94463,0.94477,1.00,1.00
2017.02.27 08:59:18.273,0.94463,0.94478,1.00,1.00
2017.02.27 08:59:21.382,0.94463,0.94477,1.00,1.00
2017.02.27 08:59:22.067,0.94463,0.94479,1.00,1.00
2017.02.27 08:59:22.430,0.94458,0.94478,1.00,1.00
2017.02.27 08:59:22.708,0.94463,0.94479,1.00,1.00
2017.02.27 08:59:23.373,0.94463,0.94478,1.00,1.00
2017.02.27 08:59:23.423,0.94462,0.9448,1.00,1.00
2017.02.27 08:59:23.524,0.94462,0.94478,1.00,1.00
2017.02.27 08:59:24.049,0.94463,0.94478,1.00,1.00
2017.02.27 08:59:24.150,0.94458,0.94478,1.00,1.00
2017.02.27 08:59:24.279,0.94458,0.9448,1.00,1.00
2017.02.27 08:59:24.330,0.94463,0.9448,1.00,1.00
2017.02.27 08:59:24.804,0.94468,0.94482,1.00,1.00
2017.02.27 08:59:24.855,0.94463,0.94485,1.00,1.00
2017.02.27 08:59:24.956,0.94473,0.94486,1.00,1.00
2017.02.27 08:59:25.006,0.94473,0.94488,1.00,1.00
2017.02.27 08:59:25.057,0.94473,0.94493,1.00,1.00
2017.02.27 08:59:25.158,0.94468,0.94493,1.00,1.00
2017.02.27 08:59:25.217,0.94472,0.94493,1.00,1.00
2017.02.27 08:59:25.593,0.94477,0.94489,1.00,1.00
2017.02.27 08:59:25.644,0.94473,0.94489,1.00,1.00
2017.02.27 08:59:25.772,0.94473,0.94492,1.00,1.00
2017.02.27 08:59:25.834,0.94473,0.9449,1.00,1.00
2017.02.27 08:59:25.934,0.94468,0.9449,1.00,1.00
2017.02.27 08:59:26.060,0.94472,0.9449,1.00,1.00
2017.02.27 08:59:26.215,0.94467,0.9449,1.00,1.00
2017.02.27 08:59:26.633,0.94467,0.94487,1.00,1.00
2017.02.27 08:59:27.131,0.94467,0.94489,1.00,1.00
2017.02.27 08:59:27.231,0.94467,0.94484,1.00,1.00
2017.02.27 08:59:27.337,0.94463,0.94484,1.00,1.00
2017.02.27 08:59:27.388,0.94458,0.94484,1.00,1.00
2017.02.27 08:59:27.438,0.94462,0.94484,1.00,1.00
2017.02.27 08:59:27.946,0.94463,0.94484,1.00,1.00
2017.02.27 08:59:28.584,0.94463,0.94483,1.00,1.00
2017.02.27 08:59:29.115,0.94463,0.94484,1.00,1.00
2017.02.27 08:59:29.630,0.94463,0.94481,1.00,1.00
2017.02.27 08:59:30.201,0.94462,0.9448,1.00,1.00
2017.02.27 08:59:31.431,0.94462,0.94478,1.00,1.00
2017.02.27 08:59:32.485,0.94462,0.9448,1.00,1.00
2017.02.27 08:59:33.293,0.94462,0.94479,1.00,1.00
2017.02.27 08:59:33.428,0.94458,0.94479,1.00,1.00
2017.02.27 08:59:33.529,0.94458,0.94477,1.00,1.00
2017.02.27 08:59:34.034,0.94457,0.94476,1.00,1.00
2017.02.27 08:59:34.612,0.94457,0.94479,1.00,1.00
2017.02.27 08:59:34.763,0.94458,0.94477,1.00,1.00
2017.02.27 08:59:35.281,0.94458,0.94478,1.00,1.00
2017.02.27 08:59:35.617,0.94457,0.9448,1.00,1.00
2017.02.27 08:59:35.918,0.94462,0.94481,1.00,1.00
2017.02.27 08:59:36.416,0.94458,0.94481,1.00,1.00
2017.02.27 08:59:36.567,0.94458,0.94478,1.00,1.00
2017.02.27 08:59:36.709,0.94458,0.94482,1.00,1.00
2017.02.27 08:59:37.015,0.94458,0.94484,1.00,1.00
2017.02.27 08:59:37.642,0.94458,0.94482,1.00,1.00
2017.02.27 08:59:38.015,0.94462,0.94482,1.00,1.00
2017.02.27 08:59:38.338,0.94457,0.94485,1.00,1.00
2017.02.27 08:59:38.389,0.94458,0.94487,1.00,1.50
2017.02.27 08:59:38.540,0.94463,0.94487,1.00,1.00
2017.02.27 08:59:39.078,0.94463,0.94486,1.00,1.00
2017.02.27 08:59:39.735,0.94463,0.94483,1.00,1.00
2017.02.27 08:59:40.066,0.94463,0.94485,1.00,1.00
2017.02.27 08:59:41.430,0.94462,0.94487,1.00,1.00
2017.02.27 08:59:41.523,0.94462,0.94485,1.00,1.00
2017.02.27 08:59:43.007,0.94462,0.94487,1.00,1.00
2017.02.27 08:59:43.058,0.9446,0.94487,1.00,1.00
2017.02.27 08:59:43.114,0.94462,0.94487,1.00,1.00
2017.02.27 08:59:43.913,0.94463,0.94487,1.00,1.00
2017.02.27 08:59:45.077,0.94463,0.94489,1.00,1.00
2017.02.27 08:59:46.617,0.94462,0.94489,1.00,1.00
2017.02.27 08:59:46.718,0.94459,0.94486,1.00,1.00
2017.02.27 08:59:47.054,0.94462,0.94487,1.00,1.00
2017.02.27 08:59:47.361,0.94457,0.94485,1.00,1.00
2017.02.27 08:59:47.977,0.94455,0.94485,1.00,1.00
2017.02.27 08:59:48.216,0.94462,0.94485,1.00,1.00
2017.02.27 08:59:48.607,0.94468,0.94485,1.00,1.00
2017.02.27 08:59:48.675,0.94463,0.94489,1.00,1.50
2017.02.27 08:59:48.729,0.94462,0.94487,1.00,1.00
2017.02.27 08:59:49.010,0.94462,0.94489,1.00,1.00
2017.02.27 08:59:49.381,0.94463,0.94491,1.00,1.00
2017.02.27 08:59:50.039,0.94462,0.9449,1.00,1.00
2017.02.27 08:59:51.260,0.94463,0.9449,1.00,1.00
2017.02.27 08:59:51.394,0.94468,0.94491,1.00,1.00
2017.02.27 08:59:51.765,0.94462,0.9449,1.00,1.00
2017.02.27 08:59:52.320,0.94462,0.94489,1.00,1.00
2017.02.27 08:59:53.013,0.94462,0.94491,1.00,1.00
2017.02.27 08:59:54.215,0.94463,0.94491,1.00,1.00
2017.02.27 08:59:54.316,0.94459,0.94491,1.00,1.00
2017.02.27 08:59:54.529,0.94462,0.94492,1.00,1.00
2017.02.27 08:59:55.045,0.94462,0.94491,1.00,1.00
2017.02.27 08:59:56.575,0.94463,0.94491,1.00,1.00
2017.02.27 08:59:56.676,0.94462,0.94494,1.00,1.00
2017.02.27 08:59:56.858,0.94468,0.94494,1.00,1.00
2017.02.27 08:59:57.160,0.94457,0.94488,1.00,1.50
2017.02.27 08:59:57.210,0.94457,0.94486,1.00,1.00
2017.02.27 08:59:58.067,0.94457,0.94484,1.00,1.00
2017.02.27 08:59:59.154,0.94457,0.94483,1.00,1.00
2017.02.27 08:59:59.261,0.94453,0.94483,1.50,1.00
2017.02.27 08:59:59.595,0.94457,0.94483,1.00,1.00
